P03246	P03246
Q4R180	Q4R180
Q4R180	Q9UBD5
Q4R180	Q9JK30
Q4R180	Q9UBD5-2
O54747	O54747
O54747	P28340
O54747	P52431
D3ZV31	D3ZV31
D3ZV31	Q8BKW4
D3ZV31	Q9H5U6
P0DQW1	P0DQW1
Q9EPF2-2	Q9EPF2-2
Q9EPF2-2	NP_001004768
Q9EPF2-2	NP_076473
Q9EPF2-2	P43121
Q9EPF2-2	Q9R069
Q9EPF2-2	P50895
Q9EPF2-2	Q9ESS6
Q9EPF2-2	Q8R2Y2
P62082	P62082
P62082	P62081
P62082	P62083
O60756	O60756
A0A1B0GTY4	A0A1B0GTY4
P0DP43	P0DP43
P0DP43	A0A0A6YXX9
P0DP43	Q5SY80
P0DP43	E9Q9F6
P0DP43	Q86XM0
P0DP43	B5DFM7
O15225	O15225
A0A0D9SF12	A0A0D9SF12
A0A0D9SF12	A2AGD7
A0A0D9SF12	Q4KLX9
Q9BXW3	Q9BXW3
Q5U2P6	Q5U2P6
Q5U2P6	Q6P1B3
Q5U2P6	Q8IYJ0
A0A3B3IT52	A0A3B3IT52
A0A3B3IT52	Q3UTE2
A0A3B3IT52	A2BEI6
Q66HH0	Q66HH0
Q66HH0	Q9JIW4
Q66HH0	Q9NP87-3
Q66HH0	Q9QXE2
Q66HH0	P06766
Q66HH0	P09838
Q66HH0	Q9UGP5
Q66HH0	Q5RKI3
Q66HH0	P04053
Q66HH0	Q9NP87
Q66HH0	Q8K409
Q66HH0	P06746
Q66HH0	Q9NP87-2
Q9NPZ5	Q9NPZ5
Q9NPZ5	B2GV35
Q9NPZ5	Q9P2W7
Q9NPZ5	P59270
Q9NPZ5	Q9Z137
Q9NPZ5	P58158
Q9NPZ5	Q9CW73
Q9NPZ5	O35789
Q9NPZ5	O94766
Q9NPZ5	Q8BLT8
Q8BVG8	Q8BVG8
Q8BVG8	Q8WUY8
Q2KJD0	Q2KJD0
Q2KJD0	P69897
Q2KJD0	P99024
Q2KJD0	P07437
Q2KJD0	P68368
Q2KJD0	Q5XIF6
Q2KJD0	P68366
Q2KJD0	Q6AY56
Q2KJD0	Q9JJZ2
Q2KJD0	Q9NY65
Q2KJD0	Q3ZBU7
Q2KJD0	Q9D6F9
Q2KJD0	P04350
Q2KJD0	NP_543158
Q2KJD0	P68371
Q2KJD0	Q3MHM5
Q2KJD0	Q6P9T8
Q2KJD0	P68372
Q2KJD0	P05214
Q2KJD0	Q68FR8
Q2KJD0	P0DPH7
Q2KJD0	P0DPH8
Q2KJD0	Q3ZCM7
Q2KJD0	Q6B856
Q2KJD0	Q7TMM9
Q2KJD0	Q9CWF2
Q2KJD0	Q3KRE8
Q2KJD0	Q13885
Q2KJD0	Q9BVA1
Q2KJD0	P85108
Q2KJD0	P05213
Q2KJD0	P81947
Q2KJD0	P68363
Q2KJD0	Q6P9V9
Q2KJD0	Q71U36
Q2KJD0	P68369
Q2KJD0	P68370
Q2KJD0	P23258
Q2KJD0	Q2T9S0
Q2KJD0	Q13509
Q2KJD0	Q9ERD7
Q2KJD0	Q4QRB4
Q2KJD0	NP_001102006
Q2KJD0	Q6AYZ1
Q2KJD0	P68373
Q2KJD0	Q9BQE3
Q2KJD0	P83888
Q2KJD0	P83887
Q2KJD0	Q3UX10
Q2KJD0	Q9UJT1
Q2KJD0	Q9H4B7
Q2KJD0	A6NHL2
Q2KJD0	A2AQ07
Q2KJD0	Q9R1K7
Q2KJD0	Q9H853
Q2KJD0	Q922F4
Q2KJD0	Q4QQV0
Q2KJD0	Q9BUF5
Q2KJD0	Q9D6T1
Q2KJD0	Q9UJT0
Q2KJD0	Q6PEY2
Q2KJD0	A6NNZ2
Q2KJD0	Q3ZCJ7
Q2KJD0	M0R8B6
Q2KJD0	Q9NRH3
Q2KJD0	Q8VCK3
Q2KJD0	NP_001099588
XP_001079280	XP_001079280
XP_001079280	Q15361
XP_001079280	Q62187
Q8TCI5	Q8TCI5
Q8TCI5	Q9D9W1
Q96LC9	Q96LC9
Q96LC9	Q91ZE9
Q96LC9	Q8K589
Q9Z0Z1	Q9Z0Z1
Q9Z0Z1	Q99665
Q9Z0Z1	P97378
B1AWI6	B1AWI6
B1AWI6	Q1L6U9
P24549	P24549
P24549	P47895
P24549	NP_001178707
P24549	P0C2X9
P24549	P43353-2
P24549	Q9JHW9
P24549	O35945
P24549	Q64057
P24549	Q8BH00
P24549	Q9DBF1
P24549	Q9H2A2
P24549	P49419
P24549	P00352
P24549	P11883
P24549	P47740
P24549	P30839
P24549	P30837
P24549	P51648
P24549	O75891
P24549	Q8K4D8
P24549	Q571I9
P24549	P13601
P24549	Q5I0C5
P24549	B9EKV4
P24549	P49189-3
P24549	Q9JLJ3
P24549	O75891-3
P24549	Q9JLJ2
P24549	Q8IZ83
P24549	Q9EQ20
P24549	P22102-2
P24549	P49419-2
P24549	Q02252
P24549	P22102
P24549	Q9CZS1
P24549	Q66HF8
P24549	P49189
P24549	Q8BWF0
P24549	Q8K009
P24549	P51649
P24549	Q3SY69
P24549	Q64737
P24549	Q96DP5
P24549	Q62148
P24549	Q63639
P24549	Q9D799
P24549	P47739
P24549	O94788
P24549	P43353
P24549	P51650
P24549	P30838
P24549	Q80VQ0
P24549	P48448
P24549	P51648-2
P24549	Q5XI42
P24549	P11884
P24549	Q3T1L0
P24549	P51977
P24549	Q8CHT0
P24549	Q02252-2
P24549	P30038
P24549	J3QMK6
P24549	G3V918
P24549	E9Q3E1
P24549	P51649-2
P24549	P28037
P24549	P51647
P24549	Q02253
P24549	Q8R0Y6
P24549	P47738
P24549	P05091
P24549	P30038-2
P24549	P49419-4
Q9H7B2	Q9H7B2
Q9H7B2	B0BN82
Q9H7B2	Q9JJ80
P23327	P23327
P23327	Q9QZV4
P23327	Q80W59
Q5QJE6	Q5QJE6
Q5QJE6	Q8R2M2
Q5QJE6	D3ZHM7
Q496Z0	Q496Z0
Q496Z0	Q6IA86-5
Q496Z0	Q91WG4
Q496Z0	Q6IA86
Q496Z0	Q6IA86-6
Q5GH56	Q5GH56
Q5GH56	Q6UX68
Q5GH56	Q5GH64
Q5GH56	Q5GH72
Q5GH56	Q5GH70
Q5GH56	Q5GH62
Q5GH56	Q5GH67
Q5GH56	Q5GH76
Q5GH56	Q5GH57
Q5GH56	E9Q6C8
Q5GH56	Q5GH73
Q5GH56	Q9H6D3
Q5GH56	Q5GH66
Q5GH56	Q8C0T0
Q5GH56	Q5GH59
Q8IYM0	Q8IYM0
Q8IYM0	A6NE01
Q8IYM0	D4ADP4
Q8IYM0	D3Z420
Q8IYM0	XP_001064275
Q8IYM0	Q9D9R9
P83436	P83436
P83436	Q3UM29
P83436	Q3T1G7
B2RX12	B2RX12
B2RX12	F1M3J4
B2RX12	O88269
B2RX12	O15438
B2RX12	Q9R1X5
B2RX12	P34158
B2RX12	P13569-3
B2RX12	E9Q236
B2RX12	O95255
B2RX12	O15440
B2RX12	O15439
B2RX12	Q8R4P9
B2RX12	Q8VI47
B2RX12	P26361
B2RX12	Q5T3U5
B2RX12	Q92887
B2RX12	P13569
B2RX12	D3ZX04
B2RX12	Q09428-2
B2RX12	O15440-2
B2RX12	Q6Y306
B2RX12	Q09429
B2RX12	P61222
B2RX12	P61221
B2RX12	D3ZD23
B2RX12	O60706-2
B2RX12	Q9QYM0
B2RX12	P70170
B2RX12	Q09427
B2RX12	Q9R1S7
B2RX12	Q8CG09
B2RX12	P33527-2
B2RX12	Q80WJ6
B2RX12	O15439-2
B2RX12	O60706
B2RX12	P33527-9
B2RX12	Q09428
B2RX12	Q63563
B2RX12	P33527
B2RX12	O35379
B2RX12	Q63120
B2RX12	Q96J65
B2RX12	Q96J66
B2RX12	B2RUS7
B2RX12	O88563
B2RX12	O15438-4
B2RX12	P13569-2
Q9Y5L2	Q9Y5L2
Q9Y5L2	Q9JLS0
Q3V1D3	Q3V1D3
Q3V1D3	O08739
Q3V1D3	Q01432
Q3V1D3	Q9DBT5
Q3V1D3	Q02356
Q3V1D3	Q01433
Q3V1D3	P23109
Q3V1D3	Q01432-4
Q3V1D3	Q01432-5
Q3V1D3	O09178
Q3V1D3	P10759
Q3V1D3	Q01433-2
P63139	P63139
P63139	P25208
P63139	P63140
P63139	Q01658
P63139	Q91WV0
P63139	Q5XI68
P63139	Q9NRF9
P63139	Q642A5
P63139	Q9JKP7
Q9GZZ8	Q9GZZ8
Q9DA17	Q9DA17
Q9DA17	Q96PP4
Q68CQ4	Q68CQ4
Q68CQ4	Q8BTT6
Q68CQ4	Q5M9G7
P86397	P86397
P56211-2	P56211-2
P56211-2	Q712U5
P56211-2	P56211
P56211-2	P56212
P56211-2	O43768-5
P56211-2	O43768
P56211-2	P60841
P56211-2	P60840
P56211-2	O43768-4
P56211-2	O43768-2
P56211-2	O43768-3
F1M7Z1	F1M7Z1
F1M7Z1	Q8K2D3
F1M7Z1	Q96F86
Q96JG6-3	Q96JG6-3
Q96JG6-3	F1LSG8
Q96JG6-3	Q8CI71
Q96JG6-3	Q96JG6
M5A8F1	M5A8F1
O94901-6	O94901-6
O94901-6	Q5U2W0
O94901-6	O94901-9
O94901-6	Q9UH99-2
O94901-6	Q8BJS4
O94901-6	Q9NPE6
O94901-6	Q9UH99
O94901-6	Q9DA32
O94901-6	Q8TC36
O94901-6	Q5SS91
O94901-6	Q8TAQ9
O94901-6	Q9D666
O94901-6	XP_001076724
O94901-6	O94901
O94901-6	Q9JJF2
O94901-6	O55034
O94901-6	O94901-3
Q96JY0-3	Q96JY0-3
Q96JY0-3	Q96JY0-2
Q96JY0-3	D3ZG86
Q96JY0-3	Q96JY0
Q96JY0-3	Q8BVN9
Q6P2H3-3	Q6P2H3-3
Q6P2H3-3	Q6P2H3-2
Q6P2H3-3	Q5SZL2-4
Q6P2H3-3	Q6P2H3-4
Q6P2H3-3	Q5SZL2
Q6P2H3-3	A0A1W2P884
Q6P2H3-3	A0A0G2JUV7
Q6P2H3-3	Q8BMK0
Q6P2H3-3	Q6P2H3
Q9BW66-2	Q9BW66-2
Q9BW66-2	Q9BW66
Q9BW66-2	Q9D0V8
Q9BW66-2	Q9BW66-3
P09497-2	P09497-2
P09497-2	P09496-2
P09497-2	P09497
P09497-2	P08081
P09497-2	O08585
P09497-2	P09496
P09497-2	Q6IRU5
P09497-2	P04973
P09497-2	P08082
P09497-2	P04975
P28347-2	P28347-2
P28347-2	NP_001185518
P28347-2	Q15561
P28347-2	P28347
P28347-2	P30051
P28347-2	Q62296
P28347-2	F1M665
P28347-2	B5DF69
P28347-2	Q15562-4
P28347-2	Q99594
P28347-2	NP_001091686
P28347-2	P70210
P28347-2	P48301
P28347-2	Q15562
P51816-4	P51816-4
P51816-4	Q9UHB7-2
P51816-4	P51816-2
P51816-4	P51816-3
P51816-4	A0A0G2KA99
P51816-4	P51816-5
P51816-4	O88573
P51816-4	P51825
P51816-4	P51827
P51816-4	P51826
P51816-4	D3ZSX2
P51816-4	P51826-2
P51816-4	Q9ESC8
P51816-4	O55112
P51816-4	Q9UHB7
P51816-4	XP_223161
P51816-4	P51816
P51816-4	Q3UP77
P51816-4	P51825-2
Q9BWL3-5	Q9BWL3-5
Q9BWL3-5	Q9BWL3-4
Q9BWL3-5	Q8R092
Q9BWL3-5	Q9BWL3
Q9BWL3-5	Q5XII8
P80430	P80430
Q499U4	Q499U4
Q499U4	Q60779
Q499U4	O95995
A1L131	A1L131
A1L131	Q9H467
A1L131	Q9CXX9
P61312	P61312
P61312	Q7Z4H4
P61312	Q7TNK8
Q5M868	Q5M868
Q5M868	Q69ZF3
Q5M868	Q9HCG7
Q96K49-2	Q96K49-2
Q96K49-2	D4A017
Q96K49-2	Q8BKU8
Q96K49-2	Q96K49
Q96K49-2	Q8BXN9
Q96K49-2	Q8NBN3
Q96K49-2	D4A7B6
XP_038944711	XP_038944711
XP_038944711	P82932
XP_038944711	P58064
Q91W89	Q91W89
Q91W89	Q9NTJ4-4
Q91W89	P21139
Q91W89	Q9NTJ4
P0CJ72	P0CJ72
P0CJ72	P0CJ71
P0CJ72	Q8IVG9
P0CJ72	P0CJ73
P0CJ72	P0CJ68
P0CJ72	P0CJ76
P0CJ72	P0CJ69
P0CJ72	P0CJ70
P0CJ72	P0DMP1
P0CJ72	P0CJ75
P0CJ72	S4R3P1
P0CJ72	P0CJ74
P0CJ72	S4R3Y5
P0CJ72	P0CJ77
Q69ZB8	Q69ZB8
Q69ZB8	Q9C0B9
Q69ZB8	Q498S6
Q9DCV4	Q9DCV4
Q9DCV4	Q66H15
Q9DCV4	Q96LZ7
Q9DCV4	Q4G069
Q9DCV4	Q96LZ7-2
Q9DCV4	Q96DB5
Q9DCV4	Q498D5
Q9DCV4	Q3UJU9
Q9DCV4	Q8BSE0
Q9DCV4	Q96TC7
Q9NTG7	Q9NTG7
Q9NTG7	Q8BKJ9
Q9NTG7	Q9NRC8
Q9NTG7	Q923E4
Q9NTG7	Q8N6T7
Q9NTG7	P59941
Q9NTG7	Q8IXJ6-2
Q9NTG7	Q5RJQ4
Q9NTG7	Q8K2C6
Q9NTG7	Q68FX9
Q9NTG7	Q9NXA8
Q9NTG7	B2RZ55
Q9NTG7	NP_001026819
Q9NTG7	NP_001099783
Q9NTG7	XP_003753523
Q9NTG7	Q8R104
Q9NTG7	Q8N6T7-2
Q9NTG7	XP_006228735
Q9NTG7	Q8VDQ8-2
Q9NTG7	Q8VDQ8
Q9NTG7	Q9Y6E7
Q9NTG7	Q8IXJ6
Q9NTG7	Q8R216
Q9NTG7	Q96EB6
Q9Y2X3	Q9Y2X3
Q9Y2X3	Q9QZ86
Q9Y2X3	Q6DFW4
Q9Y2X3	Q4KLK7
Q9Y2X3	Q9D6Z1
Q9Y2X3	O00567
O60869-2	O60869-2
O60869-2	P69736
O60869-2	Q9JMG1
O60869-2	O60869
Q5JVF3-2	Q5JVF3-2
Q5JVF3-2	Q5JVF3-4
Q5JVF3-2	Q8BFV2
Q5JVF3-2	Q5JVF3
Q5JVF3-2	F1MAF5
P14618-3	P14618-3
P14618-3	P11980-2
P14618-3	P53657
P14618-3	P52480
P14618-3	P11980
P14618-3	P14618
P14618-3	P12928
P14618-3	P30613-2
P14618-3	P30613
P14618-3	P14618-2
P14618-3	P52480-2
P14618-3	P12928-2
P07954-2	P07954-2
P07954-2	P14408
P07954-2	P07954
P07954-2	P97807
Q9NTJ3-2	Q9NTJ3-2
Q9NTJ3-2	Q8CG47
Q9NTJ3-2	Q9NTJ3
Q9NTJ3-2	F1MAD9
J3QNP2	J3QNP2
J3QNP2	M0R8L5
J3QNP2	P0DKX4
Q5EBL4-2	Q5EBL4-2
Q5EBL4-2	Q99LE1
Q5EBL4-2	Q969X0
Q5EBL4-2	D3ZGA5
Q5EBL4-2	Q6AYA0
Q5EBL4-2	Q9JJC6
Q5EBL4-2	D3ZUQ0
Q5EBL4-2	Q5EBL4
Q5EBL4-2	Q5ND29
Q5EBL4-2	Q96NA2
Q9H9E3-2	Q9H9E3-2
Q9H9E3-2	Q9H9E3
Q9H9E3-2	Q8R1U1
Q9H9E3-2	D3ZZM3
O43502-2	O43502-2
O43502-2	O43502
O43502-2	Q06609
O43502-2	Q924H5
O43502-2	O15315
O43502-2	Q14565
O43502-2	O35719
O43502-2	Q9CXE6
O43502-2	Q61880
O43502-2	NP_001102674
O43502-2	Q08297
O43502-2	Q9CX47
O43502-2	G3V6U0
O43502-2	O43542
O43502-2	O43543
Q9D1G0	Q9D1G0
Q9D1G0	Q2QDE7
Q9D1G0	P49184
Q9D1G0	Q9D7J6
Q9D1G0	Q92874
Q9D1G0	O89107
Q9D1G0	O55070
Q9D1G0	P24855
Q9D1G0	Q13609
Q9D1G0	P49183
Q9D1G0	P21704
XP_001067643	XP_001067643
Q8C3B8	Q8C3B8
Q8C3B8	Q96AA3
P0C5W1	P0C5W1
P0C5W1	P78559
P0C5W1	P15205
P0C5W1	F1N1S2
P0C5W1	Q8C052
P0C5W1	P78559-2
P0C5W1	P34926
P0C5W1	Q9QYR6
P0C5W1	P46821
P0C5W1	P14873
P0C5W1	Q66K74
I3L0S3	I3L0S3
Q6UWT4	Q6UWT4
Q6UWT4	Q3V2D2
P62832	P62832
P62832	P62830
P62832	P62829
Q86W67	Q86W67
Q86W67	Q5XIN5
Q86W67	Q8CDW1
Q86W67	Q497Q6
Q86W67	P0C875
Q5RJS3	Q5RJS3
Q5RJS3	D3Z8Q7
Q5RJS3	Q9Y3D0
Q5RJS3	Q9D187
Q5RJS3	Q9H5X1
Q5RJS3	Q9DCL2
Q9DAA7	Q9DAA7
Q9DAA7	Q5SVJ3
Q811A2	Q811A2
Q811A2	Q10589
Q811A2	Q8R2Q8
Q92748	Q92748
Q92748	Q62264
Q92748	Q9CQ20
Q92748	Q9NPA3
Q92748	Q6P7D5
Q92748	P04143
P0C7W6	P0C7W6
P0C7W6	Q6AXT4
P0C7W6	Q810N9
Q5VWK5	Q5VWK5
Q5VWK5	Q8K4B4
Q9Y2Z9	Q9Y2Z9
Q9Y2Z9	Q68FU7
Q9Y2Z9	Q8R1S0
Q8N8M0	Q8N8M0
Q9BXU2	Q9BXU2
Q9BXU2	Q9BXU3
Q9BXU2	A0A0J9YWL9
Q9BXU2	NP_080745
Q9BXU2	D3ZP85
Q9BXU2	D3YU32
Q9BXU2	A0A0J9YY54
Q9BYJ0	Q9BYJ0
Q5FW52-1	Q5FW52-1
Q5FW52-1	Q5VWP3-1
Q5FW52-1	Q5VWP3
Q5FW52-1	Q5FW52
Q5FW52-1	A0A096MK47
Q6P6T3	Q6P6T3
Q6P6T3	P15261
Q6P6T3	P15260
Q5FVC3	Q5FVC3
Q5FVC3	Q96C11
Q5FVC3	A2AJL3
Q5FVC3	Q96C11-3
Q32PZ7	Q32PZ7
Q32PZ7	F8VQC1
Q32PZ7	O76094
Q5XJY6	Q5XJY6
Q5XJY6	Q8NB91
Q5XJY6	D4A5I2
Q96MC2	Q96MC2
Q96MC2	Q3USS3
Q96MC2	Q5XI65
Q9CXW2	Q9CXW2
Q9CXW2	Q0D2L2
Q9CXW2	P82650
Q3KR99	Q3KR99
Q3KR99	Q923A2
Q3KR99	Q96EA4
Q9UJK0	Q9UJK0
Q9UJK0	NP_001386448
Q9UJK0	Q5HZH2
Q3LXA3	Q3LXA3
Q3LXA3	Q8VC30
Q3LXA3	Q4KLZ6
Q8BM96	Q8BM96
Q8BM96	D4AAI8
Q8BM96	Q96K78
Q9D0B6	Q9D0B6
Q9D0B6	G3V6C3
Q9D0B6	Q9BVG4
A0A663DJA2	A0A663DJA2
Q6P1X6	Q6P1X6
Q6P1X6	Q642A4
Q6P1X6	Q8VE95
Q2KHT3-2	Q2KHT3-2
Q2KHT3-2	A0A0G2KA14
Q2KHT3-2	Q2KHT3
Q2KHT3-2	Q80U30
Q2KHT3-2	Q80U30-3
D4AEP3	D4AEP3
D4AEP3	Q80XQ8
D4AEP3	Q8BGZ2
D4AEP3	D3ZHW1
D4AEP3	Q92567
D4AEP3	A1KXE4
D4AEP3	Q92567-2
D3ZVB0	D3ZVB0
D3ZVB0	Q3TAP4
D3ZVB0	Q2VPB7
Q6AXU0	Q6AXU0
Q6AXU0	D3ZWC2
Q6AXU0	Q9NP55
Q6AXU0	P97361
Q6AXU0	Q63313
Q6AXU0	Q67E05
Q6AXU0	P17213
Q6AXU0	Q9BQP9
Q6AXU0	Q9D9J8
Q6AXU0	Q61805
Q6AXU0	Q8K4I4
Q6AXU0	P18428
Q6AXU0	A0JPN3
Q6AXU0	Q61114
Q6AXU0	Q8TDL5
Q6AXU0	Q9CQX3
A3QPB9	A3QPB9
A3QPB9	Q9ES17
A3QPB9	Q9HBE4
Q642A0	Q642A0
Q642A0	Q9NUG6
Q642A0	P59048
Q5U2T1	Q5U2T1
Q5U2T1	A6NGC4
Q5U2T1	Q99JT6
Q5U2T1	Q8VC26
Q5U2T1	Q96CP7
E9Q2Z6	E9Q2Z6
E9Q2Z6	A0A1B0GVV1
Q2M238	Q2M238
Q2M238	B2GV13
Q2M238	A6NIE6
Q2M238	B2RS91
Q2M238	Q9NYV6
NP_001099941	NP_001099941
NP_001099941	B5DFH4
NP_001099941	O88428
NP_001099941	O95340
NP_001099941	O43252
NP_001099941	Q60967
NP_001099941	O95340-2
B0BN57	B0BN57
B0BN57	Q9BSJ6-2
B0BN57	Q9BSJ6
B0BN57	Q8BFY7
Q6AYC0	Q6AYC0
Q6AYC0	Q8BFT2
Q6AYC0	Q9H6D7
B1WC45	B1WC45
B1WC45	Q62481
B1WC45	Q15906
B1WC45	Q15906-2
Q9NVF7	Q9NVF7
Q9NVF7	Q8BIG4
Q99LI2	Q99LI2
Q99LI2	Q96S66
Q99LI2	Q9WU61
Q6PAL0	Q6PAL0
Q6PAL0	Q5T5X7
Q6PAL0	XP_038955077
Q5FVN1	Q5FVN1
Q5FVN1	O95210
Q5FVN1	Q8C7E7
Q99567	Q99567
Q99567	Q8CEC0
Q99567	O08658
Q5W150	Q5W150
Q6Q759	Q6Q759
Q6Q759	Q5S003
Q9D8U6	Q9D8U6
Q9D8U6	Q8IX19
Q9NX58	Q9NX58
Q9NX58	Q08288
Q9NX58	Q6AYK5
Q8TBJ4	Q8TBJ4
Q8TBJ4	Q5VZY2
Q8TBJ4	Q0VBU9
Q8TBJ4	Q61469-2
Q8TBJ4	Q8BJ52
Q8TBJ4	Q8K593
Q8TBJ4	Q32ZL2
Q8TBJ4	O14495
Q8TBJ4	Q99JY8
Q8TBJ4	Q8VCY8-2
Q8TBJ4	O08564
Q8TBJ4	O43688-2
Q8TBJ4	O14494
Q8TBJ4	Q8VCY8
Q8TBJ4	Q6W5G4
Q8TBJ4	Q96GM1
Q8TBJ4	Q7TME0
Q8TBJ4	Q8BFZ2
Q8TBJ4	Q7Z2D5
Q8TBJ4	Q7TMB0
Q8TBJ4	O14494-2
Q8TBJ4	Q61469
Q8TBJ4	Q96GM1-2
Q8TBJ4	Q7TPB0
Q8TBJ4	Q6T4P5
Q8TBJ4	Q8NEB5
Q8TBJ4	P97544
Q8TBJ4	Q7TMB7
Q8TBJ4	Q3UMZ3
Q8TBJ4	Q6WAY2
Q8TBJ4	Q9DAX2
Q8TBJ4	Q6T4P5-3
Q8TBJ4	O43688
Q8TBJ4	Q32ZL2-2
P97751	P97751
P97751	Q60748
P97751	P47866
P97751	P41586-2
P97751	Q13324
P97751	Q63118
P97751	P41586-4
P97751	P32214
P97751	P49190
P97751	P47872
P97751	Q91V95
P97751	P23811
P97751	P34998
P97751	P70555
P97751	P30083
P97751	P34998-2
P97751	Q5UAW9
P97751	P48546
P97751	Q8C206
P97751	Q60755
P97751	O35659
P97751	Q0P543
P97751	P30988
P97751	Q5FVG1
P97751	P25961
P97751	P30988-1
P97751	P41593
P97751	Q9R1W5
P97751	P35000
P97751	P70205
P97751	Q16602
P97751	P41586
P97751	P32241
P97751	P43219
P97751	O95838
P97751	P32301
P97751	Q5IXF8
P97751	P43220
P97751	Q9Z0W0
P97751	P32082
P97751	Q02643
P97751	P35353
P97751	H7BX37
P97751	Q61606
P97751	Q02644
P97751	P47871
P97751	P41588
P97751	P41587
P97751	P32241-2
P97751	P35347
P97751	Q03431
P97751	P32215
P97751	P30082
Q6ZQQ6	Q6ZQQ6
Q6ZQQ6	Q6ZQQ6-2
Q9CR27	Q9CR27
Q9CR27	Q9Y3C0
Q9CR27	D3ZKX1
Q9H0J4	Q9H0J4
Q9H0J4	E9QMW4
Q9H0J4	Q3V2A7
Q9H0J4	XP_577148
Q9H0J4	A6NNT2
Q6ZT52	Q6ZT52
Q6ZT52	A2AM80
Q6ZT52	Q8BUP8
Q6ZT52	Q8N2R8
Q6ZT52	D4A8D8
A0A8I5KY20	A0A8I5KY20
A0A8I5KY20	Q53HC0
A0A8I5KY20	Q5SUE3
A0A8I5KY20	A0A0G2K1E8
A0A8I5KY20	D3ZBX9
A0A8I5KY20	Q8VDN4
Q9NXF7	Q9NXF7
Q8WVQ1	Q8WVQ1
Q8WVQ1	Q8K4Y7
Q8WVQ1	Q8VCF1
Q96FJ2	Q96FJ2
Q96FJ2	Q9D0M5
Q96FJ2	Q78P75
Q96FJ2	Q9DCM4
Q96FJ2	O96015
Q96FJ2	P63168
Q96FJ2	P63170
Q96FJ2	P63167
Q9H5J8	Q9H5J8
Q9H5J8	Q5M948
Q9H5J8	Q9D4V4
Q9NX62	Q9NX62
Q9NX62	Q9Z1N4
Q9NX62	Q9Z0S1
Q9NX62	O95861
Q9NX62	Q80V26
Q9NX62	D4AD37
Q8N5G2-2	Q8N5G2-2
Q8N5G2-2	Q7TQE6
Q8N5G2-2	Q4V7D3
Q8N5G2-2	Q8N5G2
A0PJX8	A0PJX8
A0PJX8	Q8R115
E5FYH1	E5FYH1
E5FYH1	D3ZUC6
E5FYH1	Q8N9V7
C0J8I2	C0J8I2
Q6UX82	Q6UX82
Q6UX82	Q9D7S0
Q9BTT4	Q9BTT4
Q9BTT4	Q9CXU0
Q9BTT4	D4A7K6
O60739	O60739
O60739	Q9CXU9
O60739	B5DFN1
O60739	P41567
O60739	NP_001099307
O60739	P48024
Q9UGJ1	Q9UGJ1
Q9UGJ1	Q9D4F8
Q9UGJ1	D3ZVR0
O75771-6	O75771-6
O75771-6	O75771
O75771-6	O55230
Q6QAJ8	Q6QAJ8
Q6QAJ8	Q8BP07
Q9D9P2	Q9D9P2
Q9D9P2	D3Z8H9
Q9D9P2	Q8IW40
Q8IU53	Q8IU53
Q8TBM3	Q8TBM3
Q8TBM3	Q93050-3
Q8TBM3	Q920R6
Q8TBM3	P25286
Q8TBM3	Q93050
Q8TBM3	Q2I6B0
Q8TBM3	Q9HBG4
Q8TBM3	Q2I6B1
Q8TBM3	P15920
Q8TBM3	Q13488
Q8TBM3	Q9JHF5
Q8TBM3	Q9Y487
Q8TBM3	D4A1H0
Q8TBM3	Q9Z1G4
Q8QZR0	Q8QZR0
Q8QZR0	Q15035
Q8QZR0	Q924Z5
Q8QZR0	Q91V04
Q8QZR0	Q15629
Q8QZR0	Q8N609
Q8QZR0	Q5XI41
Q8BIX9	Q8BIX9
Q8BIX9	Q6AY47
Q8BIX9	Q9BVA6
Q9P016	Q9P016
Q9P016	Q91YJ3
Q9P016	Q6P3E0
Q3UR70	Q3UR70
Q3UR70	NP_001380910
Q3UR70	Q8WUH2
Q9DAM7	Q9DAM7
Q9DAM7	B2RZ08
Q9DAM7	Q8WUH6
Q96E14	Q96E14
Q96E14	Q3UPE3
Q96E14	D4ACT0
F6QJK4	F6QJK4
F6QJK4	P0DMQ9
Q8K2P1	Q8K2P1
Q8K2P1	D4A8G3
Q8K2P1	Q5BJW5
Q8K2P1	Q9D6I9
Q8K2P1	Q96LR2
Q8K2P1	Q8IV03
O08843	O08843
O08843	O00453
D3ZX01	D3ZX01
D3ZX01	Q3V1Z5
D3ZX01	P62703
D3ZX01	P62702
D3ZX01	P62701
D3ZX01	Q8TD47
D3ZX01	P22090
D3ZX01	NP_001074505
Q9R0I7	Q9R0I7
Q9R0I7	P49750-3
Q9R0I7	P49750
Q9R0I7	D3YWX2
Q9R0I7	XP_234416
Q9R0I7	P49750-1
P0DMB2	P0DMB2
Q8NG41	Q8NG41
Q8NG41	Q8N729
Q8NG41	Q8K4P2
Q8NG41	Q8K4P1
Q8NG41	Q3V2F0
Q8NG41	Q8K1M5
Q4W8E7	Q4W8E7
Q4W8E7	Q9UKB5
Q4W8E7	A2ALI5
Q8BHC4	Q8BHC4
Q8BHC4	Q6AY55
Q8BHC4	Q13057-2
Q8BHC4	Q8WVC6
Q8BHC4	Q9DBL7
Q8BHC4	Q13057
Q8BHC4	Q5XIA5
Q9JIE6	Q9JIE6
Q9JIE6	XP_001067649
Q9JIE6	Q969D9
Q8N4M7	Q8N4M7
XP_002728982	XP_002728982
XP_002728982	O95613
XP_002728982	P48725
XP_002728982	O95613-2
Q8N878	Q8N878
Q8N878	NP_001257983
Q8N878	Q8C0V9
Q8N878	Q96NE9
Q8N878	Q96NE9-2
Q9QXG9	Q9QXG9
Q9QXG9	Q9BSI4
Q9QXG9	Q3UMZ4
Q9QXG9	Q5XIB8
Q9CQT7	Q9CQT7
Q9CQT7	Q4KM30
Q9CQT7	Q6ICB0
Q9CQT7	Q9BSY9
Q9CQT7	Q9D291
Q9CQT7	Q5XIT6
Q9CRC6	Q9CRC6
Q9CRC6	Q96B45
Q9CRC6	D3ZLX2
P14902	P14902
P14902	F1LV46
P14902	Q8R0V5
P14902	P28776
P14902	Q6ZQW0
P14902	Q9ERD9
Q91X21	Q91X21
Q91X21	D3ZLT7
Q91X21	Q8IYS2-2
Q91X21	Q8IYS2
Q9NZ38	Q9NZ38
Q9CWG8	Q9CWG8
Q9CWG8	Q5XI79
Q9CWG8	Q7L592
P70158	P70158
P70158	Q04519
P70158	Q641Z7
P70158	P58242
P70158	Q92485
P70158	Q92484
P70158	Q5XIA6
P70158	P17405
P70158	Q4V7D9
Q9H7Y0	Q9H7Y0
Q9H7Y0	Q9H7Y0-2
Q9H7Y0	Q3USZ8
Q9H7Y0	A0A0G2K1M5
Q9H7Y0	Q8NDZ4
Q9NRZ7	Q9NRZ7
Q9NRZ7	Q3UN02
Q9NRZ7	G3V648
Q9NRZ7	Q9NRZ7-3
Q9NRZ7	Q9NRZ5
Q9NRZ7	Q9D517
Q9NRZ7	Q924S1
Q9NRZ7	Q8K4X7
Q9NRZ7	XP_038969009
Q9NRZ7	Q6UWP7
Q6NUJ2	Q6NUJ2
Q6NUJ2	Q32M26
Q96RL7-2	Q96RL7-2
Q96RL7-2	XP_343419
Q96RL7-2	Q709C8
Q96RL7-2	Q709C8-2
Q96RL7-2	NP_001094445
Q96RL7-2	Q5H8C4
Q96RL7-2	Q96RL7
Q96RL7-2	Q709C8-3
Q96RL7-2	Q96RL7-3
Q96RL7-2	Q8BX70
Q6IMH0	Q6IMH0
Q6IMH0	Q6IMG9
Q6IMH0	Q6URK8
Q8BHI4	Q8BHI4
Q8BHI4	Q8NAB2
Q8BGH2	Q8BGH2
Q8BGH2	Q6AXV4
Q8BGH2	Q9Y512
Q2LCV6	Q2LCV6
Q2LCV6	Q9NQ60
Q2LCV6	Q9D9V2
D4A553	D4A553
D4A553	Q86UT8
D4A553	Q4VA36
Q7TT00	Q7TT00
Q7TT00	Q66HC7
Q7TT00	Q3ZLR7
Q7TT00	Q8NEM7
Q7TT00	P0C7V6
Q7TT00	Q8NEM7-2
Q99M54	Q99M54
Q99M54	Q68FW2
Q99M54	Q99618
P0DI81	P0DI81
P0DI81	P0DI82
P0DI81	Q9Y5R8
P0DI81	Q69BT7
P0DI81	D3ZVF4
P0DI81	Q8R3W2
P0DI81	Q9CQP2
P0DI81	Q2KMM2
P0DI81	Q5NCF2
P0DI81	Q9Y296
P0DI81	Q9ES56
P0DI81	P0DI81-3
Q9D5R4	Q9D5R4
Q9D5R4	Q6AY22
Q9D5R4	Q5VX52
Q8C9L1	Q8C9L1
O35595	O35595
O35595	Q13635-2
O35595	Q9Y6C5
O35595	Q61115
O35595	Q13635
Q16769	Q16769
Q16769	B5DFI7
Q16769	Q9CYK2
Q16769	Q9NXS2
Q16769	Q8BH73
Q5BJL5	Q5BJL5
Q5BJL5	NP_001101538
Q5BJL5	Q7TNB8
Q5BJL5	A3KN83-2
Q5BJL5	Q9Y2G9
Q5BJL5	A3KN83
Q5BJL5	Q689Z5
P03893	P03893
P03893	P03891
P03893	P11662
Q3B7D0	Q3B7D0
Q3B7D0	P36552
Q3B7D0	P36551
XP_001068449	XP_001068449
XP_001068449	Q58A45-3
XP_001068449	Q640Q5-1
XP_001068449	Q58A45
XP_001068449	Q640Q5
P62815	P62815
P62815	P62814
P62815	D3ZZS8
P62815	P21281
P62815	P15313
P62815	Q91YH6
XP_001059441	XP_001059441
Q5FVF1	Q5FVF1
Q5FVF1	Q8BP78
Q5FVF1	Q70Z53
Q5PQM0	Q5PQM0
Q5PQM0	Q91VX9
Q5PQM0	Q9H0V1
Q9CQ66	Q9CQ66
Q9CQ66	P56387
Q9CQ66	Q9D5I4
Q9CQ66	Q8CDY7
Q9CQ66	Q5JR98
Q9CQ66	Q8N7M0
Q9CQ66	P51807
Q9CQ66	Q8WW35
Q9CQ66	P51808
Q9CQ66	Q9Z336
Q9CQ66	P63171
Q9CQ66	P63172
Q9CQ66	P11985
Q9CQ66	Q8IZS6
Q5RK17	Q5RK17
Q5RK17	Q9NR28
Q5RK17	Q9JIQ3
Q6PGF3	Q6PGF3
Q6PGF3	Q9Y2X0
Q6PGF3	G5E6J3
Q6PGF3	NP_001100238
E9Q6Z5	E9Q6Z5
E9Q6Z5	D3ZUC4
E9Q6Z5	Q9H7T9
Q9QXW0	Q9QXW0
Q9QXW0	Q8N531
P32970	P32970
P32970	P32970-2
P32970	O55237
Q13889	Q13889
Q13889	Q561R7
Q13889	Q8VD76
Q32M92	Q32M92
Q96PD4	Q96PD4
Q96PD4	Q61453
Q96PD4	Q9UHF5
Q96PD4	Q9P0M4
Q96PD4	Q8K4C5
Q96PD4	Q8K4C4
Q96PD4	Q9H293
Q96PD4	Q8VHH8
Q96PD4	Q62386
Q96PD4	D3ZLB1
Q96PD4	Q9QXT6
Q96PD4	Q7TNI7
Q96PD4	Q5BJ95
Q96PD4	Q16552
Q96PD4	Q8TAD2
Q96PD4	Q9H293-2
Q9Y471	Q9Y471
Q9Y471	Q61419
A1L162	A1L162
A1L162	Q66H03
Q6PDC8	Q6PDC8
Q6PDC8	Q8N468
P61013	P61013
P61013	P61012
P61013	P61016
P61013	P61014
P61013	P61015
P61013	P26678
XP_234352	XP_234352
XP_234352	Q9D1Q1
XP_234352	Q99547
XP_234352	B2RYS3
NP_001099376	NP_001099376
NP_001099376	Q5W0Q7
NP_001099376	Q3ULM6
Q8C6T0	Q8C6T0
Q8C6T0	D4AC26
Q8C6T0	Q8IV31
Q8BP22	Q8BP22
Q8BP22	D3ZCB9
Q8BP22	Q6ZTR7
Q8BP22	D3ZP87
Q8BP22	A1XBS5
Q8BP22	Q3V2J0
A0A1B0GTJ6	A0A1B0GTJ6
Q8N7C4	Q8N7C4
Q9CX66	Q9CX66
Q9CX66	F1M6B3
Q9CX66	Q8N5I9
O88441	O88441
O88441	Q5U1Z9
O88441	O75431
Q3KR86	Q3KR86
Q3KR86	Q8CAQ8-3
Q3KR86	Q16891-4
Q3KR86	Q16891-3
Q3KR86	Q16891-2
Q3KR86	Q8CAQ8
Q3KR86	Q16891
Q99N92	Q99N92
Q99N92	D3ZTW8
Q99N92	Q9P0M9
Q99N92	Q32PC3
Q64319	Q64319
Q64319	Q07837
Q64319	Q91WV7
Q9N0F3	Q9N0F3
Q9N0F3	Q9JJL8
Q9N0F3	Q8C483
Q9N0F3	P49591
Q9N0F3	Q9NP81-2
Q9N0F3	D3ZM09
Q9N0F3	Q6P799
Q9N0F3	P26638
Q9N0F3	Q9NP81
Q5RK30	Q5RK30
Q5RK30	P70122
Q5RK30	Q9Y3A5
H3BTG2	H3BTG2
H3BTG2	Q9CPU3
P20673	P20673
P20673	Q3SZJ0
P20673	Q91YI0
P20673	P04424
Q9DAH8	Q9DAH8
Q9H6X2-4	Q9H6X2-4
Q9H6X2-4	P58335
Q9H6X2-4	A6NF34
Q9H6X2-4	Q8BVM2
Q9H6X2-4	XP_001061161
Q9H6X2-4	Q00IM8
Q9H6X2-4	Q6DFX2
Q9H6X2-4	P58335-4
Q9H6X2-4	Q0PMD2
Q9H6X2-4	Q9CZ52
Q9H6X2-4	Q9H6X2
Q9H6X2-4	XP_001060031
Q49A88-5	Q49A88-5
Q49A88-5	Q8K2J4
Q49A88-5	Q49A88
H3BV60	H3BV60
H3BV60	D3YZZ2
H3BV60	M0R3W3
H3BV60	H3BV60-2
Q9Z158	Q9Z158
Q9Z158	Q9D0I4
Q9Z158	P56962
D0VWV4	D0VWV4
D0VWV4	Q641Z9
D0VWV4	Q99643
D0VWV4	Q9CZB0
Q6AYE3	Q6AYE3
Q6AYE3	Q8CHV6
Q6AYE3	O75478_VAR_047466
Q6AYE3	O75478
D3Z9K6	D3Z9K6
D3Z9K6	Q6UWF9
D3Z9K6	Q8BR21
Q3UNH4	Q3UNH4
Q3UNH4	D3ZH78
Q3UNH4	NP_899006
Q3UNH4	NP_001385847
Q3UNH4	Q6ZVF9
Q3UNH4	Q7Z2K8-2
Q3UNH4	XP_344572
Q3UNH4	D3Z1D7
Q3UNH4	O60269
Q3UNH4	Q7Z2K8
Q6DI86	Q6DI86
Q6DI86	D3ZFR0
Q6DI86	Q53R41
P13255	P13255
P13255	Q14749
P13255	Q3V1G0
P13255	Q8N6F8
P13255	Q9QXF8
P13255	NP_001102969
P57716	P57716
P57716	Q8CGU6
P57716	Q92542
O75312	O75312
O75312	D3ZWN1
O75312	Q62384
P23921	P23921
P23921	Q5U2Q5
P23921	P07742
Q96MW5	Q96MW5
Q96MW5	B5DF86
Q96MW5	Q9JJA2
Q96M11	Q96M11
Q96M11	XP_001056376
Q96M11	Q9CXX0
Q96PQ0	Q96PQ0
Q96PQ0	Q9JLC4
Q96PQ0	Q8WY21
Q96PQ0	Q9EPR5
Q96PQ0	NP_001100695
Q96PQ0	Q8VI51
Q96PQ0	NP_001099837
Q96PQ0	Q9UPU3
Q96PQ0	Q8WY21-2
O75436	O75436
O75436	B1WBS4
O75436	Q8C0E2
O75436	Q4G0F5
O75436	P40336
O75436	Q6AY86
Q80V94	Q80V94
Q80V94	Q9UPM8
Q80V94	D3ZX21
A0AUP1	A0AUP1
A0AUP1	D4A095
A0AUP1	Q8NEF3-2
A0AUP1	Q8NEF3
Q6ZVW7	Q6ZVW7
Q6ZVW7	Q8NAC3
Q6ZVW7	Q8K4C2
Q6ZVW7	Q8NFR9
Q6ZVW7	Q6AZ51
Q6ZVW7	Q8BH06
Q674X7	Q674X7
Q674X7	Q13136
Q674X7	Q69ZW5
Q674X7	Q86W92-3
Q674X7	F6YZ95
Q674X7	Q8C8U0
Q674X7	Q5FWS6
Q674X7	NP_001101366
Q674X7	Q86W92
Q674X7	O35711
Q674X7	D3ZZ81
Q674X7	XP_343205
Q674X7	P60469
Q674X7	Q86W92-4
Q674X7	O75145
Q674X7	O75145-2
Q674X7	O75334-2
Q674X7	Q69ZS8-2
Q674X7	Q8ND30-3
Q674X7	O75335
Q674X7	Q8BSS9
Q674X7	Q5UDQ9
Q674X7	Q674X7-3
Q674X7	O75334
Q674X7	Q8ND30
Q674X7	Q69ZS8
Q674X7	B2RXW8
Q674X7	Q13136-2
Q674X7	Q91Z79
Q674X7	Q86W92-2
Q674X7	Q91Z80
Q8N6G2	Q8N6G2
Q8N6G2	Q0VB26
Q6ZTW0	Q6ZTW0
Q6ZTW0	D4A463
Q6ZTW0	Q99MS8
Q13572	Q13572
Q13572	D3ZQM7
Q13572	Q8BYN3
Q3UVU3	Q3UVU3
Q3UVU3	Q62720
Q3UVU3	Q60738
Q3UVU3	Q9Y6M5
Q3UVU3	Q6XR72
Q9D1T5	Q9D1T5
Q9D1T5	A0JPP6
Q9D1T5	Q9BU68
Q9D1T5	Q8JZM2
Q9D1T5	Q8IV56
Q14BV6	Q14BV6
Q14BV6	G3V683
Q14BV6	A8MPS7
Q9D3J3	Q9D3J3
Q9D3J3	D3Z9I2
Q9D3J3	Q9HB09-3
Q9D3J3	Q9HB09
P17257	P17257
P17257	Q96KS9
P17257	Q6P1G6
P17257	D3ZQX1
P17257	Q9BTA0
Q13630	Q13630
Q13630	G3V762
Q13630	P23591
Q9UHQ7	Q9UHQ7
Q9UHQ7	Q9H3H9
Q9UHQ7	M0RDJ7
Q9UHQ7	Q96EI5-2
Q9UHQ7	AAA60149
Q9UHQ7	Q8R0A5
Q9UHQ7	Q6I7R5
Q9UHQ7	Q5PPP3
Q9UHQ7	Q969E4
Q9UHQ7	B2RYT6
Q9UHQ7	Q921P9
Q9UHQ7	D3ZT37
Q9UHQ7	Q9DD24
Q9UHQ7	M0RBL8
Q9UHQ7	A3KGA4
Q9UHQ7	Q9DB24
Q9UHQ7	Q8CCT4
Q9UHQ7	Q8IYN2
Q9UHQ7	Q5H9L2
Q9UHQ7	Q9CZY2
Q9UHQ7	Q15170
Q9UHQ7	Q9BRU2
Q9UHQ7	Q96EI5
Q9UHQ7	Q6IPX3
Q9D1T1	Q9D1T1
Q8NB37-4	Q8NB37-4
Q8NB37-4	Q8NB37
Q8NB37-4	D3ZVI9
Q8NB37-4	Q8BFQ8
Q8NB37-4	Q8NB37-2
Q9Y6Z5	Q9Y6Z5
P05423	P05423
P05423	Q4FZS9
P05423	Q91WD1
P62078	P62078
P62078	P62077
P62078	Q9Y5L4
P62078	P62075
P62078	P62076
P62078	Q9WVA2
P62078	O60220
P62078	Q9Y5J9
P62078	Q9WVA1
P62078	Q4FZG7
P62078	NP_001102899
P86434	P86434
P18897	P18897
Q86X60-2	Q86X60-2
Q86X60-2	H0Y354
Q86X60-2	Q6L9T8
Q86X60-2	Q86X60
Q86X60-2	Q5TYM5-2
Q86X60-2	Q5TYM5
Q86X60-2	A1KXW8
Q86X60-2	Q8BFZ8
P0DPE3	P0DPE3
D3ZTM7	D3ZTM7
D3ZTM7	Q8BGQ6
D3ZTM7	O75071
B5DFN4	B5DFN4
B5DFN4	Q99471
B5DFN4	Q9WU28
Q58GH6	Q58GH6
Q58GH6	Q13444-11
Q58GH6	P78536
Q58GH6	Q7M763
Q58GH6	Q13444-12
Q58GH6	Q63180
Q58GH6	Q8K410
Q58GH6	Q3TTE0
Q58GH6	Q9BZ11
Q58GH6	Q5BK84
Q58GH6	B2RSY5
Q58GH6	Q8CGQ2
Q58GH6	Q60718
Q58GH6	Q9Z0F8
Q58GH6	Q99965
Q58GH6	XP_001062949
Q58GH6	F1M9Z9
Q58GH6	Q9QYV0
Q58GH6	Q923W9
Q58GH6	Q9R1V6-10
Q58GH6	Q9R1V7
Q58GH6	Q7M766
Q58GH6	O75077
Q58GH6	Q61824
Q58GH6	O14672
Q58GH6	Q05910
Q58GH6	O35598
Q58GH6	Q9H013
Q58GH6	P78325
Q58GH6	Q60813
Q58GH6	O35674
Q58GH6	Q10743
Q58GH6	Q61072
Q58GH6	P70505
Q58GH6	Q9R1V6-11
Q58GH6	Q13443
Q58GH6	Q811Q3
Q58GH6	Q9R159
Q58GH6	O43506
Q58GH6	O75078
Q58GH6	Q63202
Q58GH6	O35227
Q58GH6	Q9R1V4
Q58GH6	Q9JI76
Q58GH6	Q9H2U9
Q58GH6	Q8TC27
Q58GH6	Q13444-2
Q58GH6	Q9UKJ8
Q58GH6	Q9UKF5
Q58GH6	Q13444-10
Q58GH6	Q13444-5
Q58GH6	Q9R160
Q58GH6	Q13444-8
Q58GH6	P97776
Q58GH6	Q9UKQ2
Q58GH6	Q9JLN6
Q58GH6	O15204
Q58GH6	XP_008763105
Q58GH6	Q9R0X2
Q58GH6	Q9H013-2
Q58GH6	Q8R534
Q58GH6	O43184
Q58GH6	F1LW54
Q58GH6	O88839
Q58GH6	Q9P0K1-2
Q58GH6	Q6NVV9
Q58GH6	Q13444
Q58GH6	O75077-2
Q58GH6	Q9R157
Q58GH6	Q9Y3Q7
Q58GH6	Q9R158
Q58GH6	XP_574584
Q58GH6	Q14DT8
Q58GH6	Q9Z1K9
Q58GH6	Q9R1V6
Q58GH6	Q9UKF2
Q58GH6	O75078-2
Q58GH6	Q9P0K1
Q58GH6	F8VQ03
Q58GH6	Q811Q4
Q15366-6	Q15366-6
Q15366-6	Q00341-2
Q15366-6	P61978
Q15366-6	P61980
Q15366-6	P61979
Q15366-6	XP_579010
Q15366-6	Q15366-5
Q15366-6	Q15366-2
Q15366-6	P61979-3
Q15366-6	D3ZYY6
Q15366-6	P57722
Q15366-6	P57721
Q15366-6	Q15365
Q15366-6	P60335
Q15366-6	P57723
Q15366-6	XP_575592
Q15366-6	B4DRD7
Q15366-6	Q61990
Q15366-6	Q6AYU2
Q15366-6	Q15366-3
Q15366-6	Q9Z1A6
Q15366-6	Q15366
Q15366-6	Q8VDJ3
Q15366-6	Q00341
Q15366-6	P61978-3
Q15366-6	D3ZCS3
Q15366-6	P57724
Q15366-6	F1MT25
Q15366-6	D4A4T3
Q15366-6	B1AXN3
Q15366-6	Q6AY48
Q15366-6	Q3U6X2
Q15366-6	P61978-2
Q15366-6	P61979-2
Q15366-6	Q15366-4
Q15366-6	Q61990-2
Q15366-6	Q3T0D0
Q15366-6	P57722-2
P55090	P55090
P55090	P55089
P55090	P06850
P55090	Q8CIT0
P55090	P81615
P55090	P01143
Q4KLG3	Q4KLG3
Q4KLG3	Q99LQ4
Q4KLG3	Q8N300
Q4KLG3	A2A7P9
Q6AYD1	Q6AYD1
Q6AYD1	A4D2B0
Q6AYD1	Q8BWY4
Q9Y6X3	Q9Y6X3
Q9Y6X3	Q9D2X5
Q9Y6X3	D3Z8G8
Q498C7	Q498C7
Q498C7	Q96QK8
Q498C7	Q91VT8
C3VD30	C3VD30
C3VD30	Q7TSX9
C3VD30	XP_003084671
C3VD30	A6NP61
C3VD30	Q80SU3
C3VD30	Q86SH2
Q5VSP4	Q5VSP4
Q5VSP4	Q9NPH6
Q5VSP4	Q8K1H9
Q5VSP4	Q9NY56
Q5VSP4	P20289
Q5VSP4	Q62472
Q5VSP4	Q62471
Q5VSP4	P41244
Q5VSP4	Q9NY56-4
Q5VSP4	P31025
Q5VSP4	P53715
Q4FZU5	Q4FZU5
Q4FZU5	P40222
Q4FZU5	F1M1G4
Q4FZU5	Q9NUQ3-2
Q4FZU5	B2GV14
Q4FZU5	Q9BZA5
Q4FZU5	Q8VBT1
Q4FZU5	Q8N3L3
Q4FZU5	Q6PAM1
Q4FZU5	Q8BHN1
Q4FZU5	Q9NUQ3
Q62781	Q62781
Q62781	P61110
NP_083907	NP_083907
NP_083907	Q5I0C4
NP_083907	Q6DGG1
NP_083907	Q9BUJ0
NP_083907	Q922Q6
NP_083907	Q96IU4
Q8WW27	Q8WW27
Q8WW27	Q6AXX9
Q8WW27	Q497M3
O88696	O88696
O88696	Q16740
O88696	XP_217313
O14684	O14684
O14684	Q9JHF3
O14684	P08011
O14684	Q91VS7
O14684	P10620
O14684	Q9JM51
B0BMX4	B0BMX4
B0BMX4	Q8IYF1
B0BMX4	XP_001081359
B0BMX4	A6NLF2
B0BMX4	Q8CB77
B0BMX4	Q14241
B0BMX4	A0A087WX78
B0BMX4	Q63187
B0BMX4	Q8NG57
B0BMX4	Q3SY89
NP_001099627	NP_001099627
NP_001099627	P09132
NP_001099627	Q9D7A6
A6H8Z2	A6H8Z2
A6H8Z2	Q66HD8
A6H8Z2	Q8C627
P60880-2	P60880-2
P60880-2	P60879
P60880-2	P60880
P60880-2	P60881
P60880-2	O70377
P60880-2	O09044
P60880-2	O00161
Q5SWZ9	Q5SWZ9
Q5SWZ9	Q8N2A8
NP_001092810	NP_001092810
NP_001092810	Q8BND3
NP_001092810	Q9P2L0
NP_001092810	XP_006239947
Q6UWQ5	Q6UWQ5
Q6UWQ5	P17897
Q6UWQ5	P00697
Q6UWQ5	P00711
Q6UWQ5	P00709
Q6UWQ5	P29752
Q6UWQ5	Q7Z4W2-2
Q6UWQ5	Q6UWQ5-2
Q6UWQ5	D4A0W0
Q6UWQ5	Q05820
Q6UWQ5	P08905
Q6UWQ5	D4ABW7
Q6UWQ5	Q8IXA5
Q6UWQ5	Q9D9X8
Q6UWQ5	P61626
Q6UWQ5	Q7Z4W2
Q6UWQ5	Q9CPX3
Q6UWQ5	Q96KX0
Q6UWQ5	O75951
Q6UWQ5	Q9D925
Q6UWQ5	P00714
Q6UWQ5	Q96QH8
Q6UWQ5	Q9DA11
Q6UWQ5	A2AE20
Q96MB7	Q96MB7
Q96MB7	B0BN95
Q96MB7	Q8BR93
XP_001078893	XP_001078893
Q9BRU9	Q9BRU9
Q9BRU9	Q9Y324
Q9BRU9	B1WBU0
Q9BRU9	Q9CTH6
Q9BRU9	Q1RP75
Q9BRU9	Q9CX11
O95229-2	O95229-2
O95229-2	Q9CQU5
O95229-2	O95229
O95229-2	Q8VIL3
Q8CIA5	Q8CIA5
Q8CIA5	Q969S0
Q5JQF7	Q5JQF7
Q8R4P5	Q8R4P5
Q8R4P5	Q8R4P4
Q8R4P5	Q8TDI7
Q8R4P5	Q7Z5M5
Q8R4P5	Q7TQ69
Q8R4P5	Q8TDI8
Q3U829	Q3U829
Q3U829	NP_001032297
Q3U829	O43299
Q3TZU0	Q3TZU0
Q9BXW9-3	Q9BXW9-3
Q9BXW9-3	Q9BXW9-1
Q9BXW9-3	Q9BXW9
Q9BXW9-3	Q68Y81
Q9BXW9-3	Q6IV68
Q9BXW9-3	Q80V62
Q9NTI5-2	Q9NTI5-2
Q9NTI5-2	Q9NTI5-5
Q9NTI5-2	Q6A026
Q9NTI5-2	Q9NTI5
Q9NTI5-2	Q6TRW4
Q9NTI5-2	Q4VA53
Q9NTI5-2	Q29RF7
Q9NTI5-2	A4L9P7
Q9NTI5-2	Q9NTI5-3
Q9NTI5-2	Q9NTI5-4
D4A6E8	D4A6E8
D4A6E8	Q8N6N3
D4A6E8	Q9CWU4
Q6MGC3	Q6MGC3
Q6MGC3	O15213
Q6MGC3	Q9Z0H1
Q9CXN7	Q9CXN7
Q9CXN7	Q9DCG6
Q9CXN7	P30039
Q9CXN7	Q68G31
Q02435	Q02435
Q02435	Q06002
Q02435	A2AMT1
Q02435	Q12934
Q5PQJ7	Q5PQJ7
Q5PQJ7	Q8C5W3
Q5PQJ7	Q5QJ74
Q13491	Q13491
Q13491	P60203
Q13491	P60202
Q13491	P60201
Q13491	Q13491-3
Q13491	Q13491-4
Q13491	P35803
Q13491	EDL90540
Q13491	P35803-2
Q13491	P35802
Q13491	P51674
Q13491	Q812E9
Q9JHY2	Q9JHY2
Q9JHY2	Q8TD22
Q9JHY2	Q6AYS2
Q9JHY2	Q8CFD0
Q9JHY2	Q925N0
Q9JHY2	Q99JR1
Q9JHY2	Q9H9B4
Q9JHY2	Q9BWM7
Q9JHY2	Q91V61
Q9JHY2	Q925N2
Q9JHY2	Q96NB2
Q5M9G9	Q5M9G9
Q5M9G9	Q91YM4
Q5M9G9	Q969Z0
D3YZ32	D3YZ32
D3YZ32	Q9Y3D6
D3YZ32	P84817
D3YZ32	Q9CQ92
P12978	P12978
D4AED2	D4AED2
D4AED2	Q9D9Z5
D4AED2	Q9BW61
Q8NF50-2	Q8NF50-2
Q8NF50-2	F1LSM8
Q8NF50-2	Q8VDR9
Q8NF50-2	Q8NF50
Q8NF50-2	Q96N67
Q8NF50-2	Q8R1A4
Q8NF50-2	Q9BZ29-3
Q8NF50-2	NP_001179095
Q8NF50-2	Q96N67-3
Q8NF50-2	F1LQ91
Q8NF50-2	Q96BY6-3
Q8NF50-2	Q9BZ29-4
Q8NF50-2	Q96HP0
Q8NF50-2	Q96N67-2
Q8NF50-2	F1LPG2
Q8NF50-2	Q8BZN6
Q8NF50-2	Q96BY6
Q8NF50-2	Q8BZN6-4
Q8NF50-2	D3ZY19
Q8NF50-2	Q8BIK4
Q8NF50-2	NP_001178503
Q8NF50-2	Q9BZ29
Q8NF50-2	XP_008765532
Q8NF50-2	Q8BIK4-2
Q8NF50-2	E9QMR2
Q8NF50-2	A2AF47
Q8NF50-2	E9PX48
Q8NF50-2	Q5JSL3
Q8NF50-2	Q8C147
Q8NF50-2	Q9BZ29-5
Q3UL36	Q3UL36
Q3UL36	Q5BJT0
Q3UL36	Q9NWB6-2
Q3UL36	Q9NWB6
Q80U96	Q80U96
Q80U96	Q6P5F9
Q80U96	O14980
Q92878	Q92878
Q92878	Q9JIL8
Q92878	P70388
Q92878	Q92878-2
P97321	P97321
P97321	Q80VM5
P97321	P14740
P97321	Q86TI2
P97321	Q8BVG4
P97321	P27487
P97321	Q9Z218
P97321	Q8N608-2
P97321	P42658-2
P97321	Q8N608-3
P97321	Q6Q629
P97321	XP_001061312
P97321	P46101
P97321	D3ZHQ1
P97321	Q80YA7
P97321	Q6NXK7
P97321	Q12884
P97321	Q8N608
P97321	P42658
P97321	Q6V1X1
P97321	P28843
P97321	Q86TI2-2
Q8BKS9	Q8BKS9
Q8BKS9	Q562C7
Q8BKS9	Q15397
J3KML8	J3KML8
J3KML8	I3L273
Q9CWX4	Q9CWX4
Q9CWX4	Q9UJJ7
Q9CWX4	Q8VCZ8
Q9CWX4	B1WC14
Q9CWX4	Q4QQT0
Q9CWX4	XP_006237106
Q9CWX4	D4ACD4
Q9CWX4	Q6P087
Q9CWX4	Q8IZ73
Q9CWX4	Q14AI6
Q9CWX4	Q149F1
Q9CWX4	Q96CM3
Q3V089	Q3V089
Q3V089	D3Z987
Q3V089	Q6ZP01
Q9DA44	Q9DA44
Q9DA44	Q96A04
Q9UK61-2	Q9UK61-2
Q9UK61-2	Q9UK61
Q9UK61-2	Q5DTT3
Q9UK61-2	Q9UK61-3
Q9UK61-2	XP_341553
Q9UK61-2	Q5VWN6
Q9UK61-2	Q69ZR9-2
Q9UK61-2	Q69ZR9
Q9UK61-2	XP_001055921
Q640P7	Q640P7
Q640P7	Q5FVR8
Q640P7	Q9NVR7
Q9CQS6	Q9CQS6
Q9CQS6	Q29TV8
Q9CQS6	Q86XP6
Q8CAU5	Q8CAU5
Q6UWJ1	Q6UWJ1
Q6UWJ1	Q8BH01
P02763	P02763
P02763	P02764
P02763	Q60590
P02763	P19652
P02763	P07361
P02763	Q63805
Q3UU94	Q3UU94
Q3UU94	A6NHS7
Q3UU94	D4ADQ5
Q9EST4	Q9EST4
Q9EST4	D3ZAQ4
Q9EST4	Q969U7
Q8WWR8	Q8WWR8
Q8WWR8	Q8WWR8-3
Q8WWR8	O35657
Q8WWR8	Q99519
Q8WWR8	Q99PW5
Q8WWR8	Q9UQ49
Q8WWR8	Q9JMH7
Q8WWR8	Q9Y3R4
Q8WWR8	Q9UQ49-2
Q8WWR8	Q8WWR8-2
Q8WWR8	Q9JMH3
Q8WWR8	Q64627
Q8WWR8	Q99PW3
Q8WWR8	Q8BZL1
J3QP97	J3QP97
J3QP97	Q6ZTR5
J3QP97	A0A0G2JEB6
J3QP97	Q6ZTR5-6
Q78T54	Q78T54
Q78T54	D3ZM03
Q78T54	Q3ZAQ7-2
Q78T54	Q3ZAQ7
Q96FH0	Q96FH0
Q96FH0	D3Z8D3
Q96FH0	Q9D6Y4
Q9Y2Y6	Q9Y2Y6
Q9Y2Y6	Q91X86
Q9Y2Y6	Q6AYS5
Q96SE0	Q96SE0
Q96SE0	Q5RK23
Q96SE0	Q8WU67
Q96SE0	Q91ZH7
Q96SE0	Q9QZC8
Q4V8D0	Q4V8D0
Q4V8D0	A6NCI8
Q4V8D0	XP_001073318
Q4V8D0	XP_003086955
Q4V8D0	Q3V0A6
Q4V8D0	XP_003086949
Q8BWD2	Q8BWD2
Q8BWD2	Q9UHH9
Q8BWD2	Q9ESM0
Q8BWD2	Q9R0U1
Q8BWD2	Q7TT16
Q8BWD2	Q9UHH9-4
Q8BWD2	Q8NFU5
Q8BWD2	Q99NI4
Q8BWD2	Q6PD10
Q8BWD2	Q92551
Q8BWD2	Q80V72
Q8BWD2	Q96PC2
Q969F1	Q969F1
Q969F1	Q9D8P7
Q96FA7	Q96FA7
Q5JVX7	Q5JVX7
Q5JVX7	Q9D5Q8
Q5JVX7	Q0VGK6
Q99M03	Q99M03
Q99M03	Q9D9S3
Q99M03	Q9UIY3
Q99M03	P57060
O14649	O14649
O14649	Q9HB14
O14649	D3ZLR9
O14649	O35111
O14649	Q8R1P5
O14649	O54912
O14649	Q9Z2T2
O14649	O08581
O14649	O00180
O14649	Q9Y2U2-3
O14649	O95069-3
O14649	Q6Q1P3
O14649	Q76M80
O14649	Q9HB15
O14649	O95279
O14649	P57789-4
O14649	P97438
O14649	Q96T54
O14649	G3V8V5
O14649	O95069
O14649	Q96T55
O14649	E2RAI2
O14649	Q9NYG8
O14649	O88454
O14649	Q7Z418
O14649	Q9NPC2
O14649	Q9JIS4
O14649	Q3LS21
O14649	Q9ES08
O14649	P57789
O14649	Q9ERS0
O14649	Q9JK62
O14649	Q9ERS1
O14649	Q920B6
O14649	Q9Z2T1
O14649	Q9Y2U2
O14649	Q9Y257
O14649	Q9H427
O14649	Q3TBV4
O14649	Q8R5I0
O14649	B2RVL1
O14649	Q3LS20
O14649	O95069-2
O14649	G5E845
O14649	Q6VV64
P0DPB5	P0DPB5
P0DPB5	Q9D1M1
P0DPB5	Q4G058
F1M590	F1M590
F1M590	Q3V1N5
F1M590	Q9UBI9
O70600	O70600
O70600	Q8CBB9
O70600	Q8WXG1
Q32ZG1	Q32ZG1
Q32ZG1	Q30KN3
P0C7U9	P0C7U9
XP_017453237	XP_017453237
XP_017453237	Q00LT2
XP_017453237	Q00LT1
P03423	P03423
Q3V5X8	Q3V5X8
Q3V5X8	O08600
Q3V5X8	D3ZTW9
Q3V5X8	Q8C163
Q3V5X8	Q9Y2C4
Q3V5X8	Q14249
Q9CRB3	Q9CRB3
Q9CRB3	XP_215112
Q9CRB3	P07309
Q9CRB3	P02766
Q9CRB3	P02767
P83877	P83877
P83877	D3ZSW5
P83877	P83876
P83877	Q8BUH1
P83877	Q9NX01
Q9Y2E8-2	Q9Y2E8-2
Q9Y2E8-2	P48764
Q9Y2E8-2	P26434
Q9Y2E8-2	Q3ZAS0
Q9Y2E8-2	P48763
Q9Y2E8-2	Q9UBY0
Q9Y2E8-2	Q9Z0X2
Q9Y2E8-2	Q92581-1
Q9Y2E8-2	D3ZJ86
Q9Y2E8-2	Q14940
Q9Y2E8-2	P26431
Q9Y2E8-2	Q92581-3
Q9Y2E8-2	Q8BZ00
Q9Y2E8-2	Q61165
Q9Y2E8-2	Q8IVB4
Q9Y2E8-2	P19634
Q9Y2E8-2	Q8BLV3
Q9Y2E8-2	Q96T83
Q9Y2E8-2	Q8BUE1
Q9Y2E8-2	Q8R4D1
Q9Y2E8-2	A1L3P4
Q9Y2E8-2	D4A7H1
Q9Y2E8-2	Q92581
Q9Y2E8-2	Q6AI14
Q9Y2E8-2	D3ZCI2
Q9Y2E8-2	Q9Y2E8
Q9Y2E8-2	B2RXE2
Q9Y2E8-2	G3X939
Q9Y2E8-2	Q8BLV3-2
Q9Y2E8-2	Q4L208
Q9Y2E8-2	P26432
Q9Y2E8-2	P26433
G3V670	G3V670
G3V670	Q6UB28
G3V670	Q9CPW9
G3V670	Q8BP48
G3V670	D3ZE72
G3V670	P53582
B7Z3J9	B7Z3J9
P27158	P27158
P27158	P04184
P27158	P04183
Q5I0E9	Q5I0E9
Q5I0E9	Q96FL8
Q5I0E9	Q8K0H1
Q5I0E9	Q96FL8-3
Q5I0E9	Q86VL8
A2RUQ5	A2RUQ5
Q5T7M4	Q5T7M4
Q5T7M4	Q8R2Z0
Q5T7M4	D4AB34
Q5T7M4	Q4G0M1
Q5T7M4	Q6PGN1
Q7Z4T9-1	Q7Z4T9-1
Q7Z4T9-1	Q7Z4T9
Q7Z4T9-1	Q8BRC6
Q8BX37	Q8BX37
Q8BX37	Q6ZNF0
Q9CQF3	Q9CQF3
Q9CQF3	Q4KM65
Q9CQF3	O43809
A4D1N5	A4D1N5
Q8WU49	Q8WU49
Q8TBK6-2	Q8TBK6-2
Q8TBK6-2	Q5EB97
Q8TBK6-2	Q8TBK6
Q8TBK6-2	Q9CX48
Q9CX25	Q9CX25
Q9CX25	A0A1B0GUT2
Q0VF54	Q0VF54
Q0VF54	Q64542
Q0VF54	G5E829
Q0VF54	P20020
Q0VF54	D3ZAE5
Q0VF54	Q9R0K7
Q0VF54	Q01814
Q0VF54	Q16720-2
Q0VF54	Q64568
Q0VF54	Q16720
Q0VF54	P23634-6
Q0VF54	Q6Q477
Q0VF54	Q16720-5
Q0VF54	Q64542-2
Q0VF54	P23634
Q0VF54	P11506-6
Q0VF54	Q01814-2
Q0VF54	P23634-2
Q0VF54	Q0VF55
Q0VF54	P11506
Q0VF54	P20020-1
Q0VF54	P11505
Q0VF54	E9Q828
Q7Z6E9-2	Q7Z6E9-2
Q7Z6E9-2	P97868
Q7Z6E9-2	B2RVL6
Q7Z6E9-2	D3ZQ09
Q7Z6E9-2	P97868-2
Q7Z6E9-2	G3V953
Q7Z6E9-2	Q7Z6E9
Q7Z6E9-2	Q8N2G6
Q4KKZ5	Q4KKZ5
Q8NEG7	Q8NEG7
Q8NEG7	D4A544
Q8NEG7	Q9D9V7
Q8NEG7	Q8BH65
Q8NEG7	Q8IWF6
Q8IYV9	Q8IYV9
Q8IYV9	Q9D9J7
Q8IYV9	Q6AY06
Q9H3G5	Q9H3G5
Q9H3G5	Q9D3S9
Q9H3G5	Q4QR71
Q9BZM1	Q9BZM1
Q9BZM1	Q9EPR2
Q9BZM1	NP_001382508
Q9BZM1	Q9BX93
Q9BZM1	Q99P27
Q7TNM8	Q7TNM8
Q7TNM8	Q7M747
Q7TNM8	Q9JI02
XP_001056183	XP_001056183
XP_001056183	Q8NHS2
XP_001056183	Q7TSV6
XP_001056183	P00507
XP_001056183	P05201
XP_001056183	P17174
XP_001056183	P00506
XP_001056183	P05202
XP_001056183	P13221
XP_001056183	P00505
P43247	P43247
P43247	P20585
P43247	P13705
P43247	P43246
P43247	XP_001065837
P43247	P54275
P43247	P43246-2
P13686	P13686
P13686	Q05117
P13686	P29288
Q9BQE6	Q9BQE6
Q61239	Q61239
Q61239	Q04631
Q61239	P49354
Q9D842	Q9D842
Q9D842	Q8IW19
Q9D842	F6Q5G6
Q9NVZ3	Q9NVZ3
Q9NVZ3	Q6P756
Q9NVZ3	Q9D1J1
Q9NVZ3	Q8NC96
Q9NVZ3	Q9CR95
Q9NVZ3	P69682
Q9NVZ3	Q9NVZ3-2
Q7L4P6	Q7L4P6
Q7L4P6	Q8C6D4
Q969E8	Q969E8
Q969E8	Q8C8T8
Q969E8	H7BWY8
Q969E8	G3V6B8
Q8BSN3	Q8BSN3
Q8BSN3	A5D8V7
Q8BSN3	D4ABL9
Q8N130	Q8N130
Q8N130	Q60825
Q8N130	Q06495
Q8N130	Q8K4R8
Q8N130	Q9JJ09
Q8N130	O95436-2
Q8N130	Q9DBP0
Q8N130	O95436
Q8N130	Q06496
Q8N130	Q80SU6
Q4FZF2	Q4FZF2
Q4FZF2	Q5T0L3
Q4FZF2	A6NMN3
Q4FZF2	Q66LM6
Q4FZF2	D3ZLX4
Q4FZF2	A1A519
Q4FZF2	E9PXT9
Q4FZF2	F7EWY4
Q9DBQ9	Q9DBQ9
Q9DBQ9	Q86US8
Q9DBQ9	NP_001099278
Q9DBQ9	Q5T5J6
Q9DBQ9	P61406
Q8ND07	Q8ND07
Q8ND07	Q3V079
Q9Y5A7-2	Q9Y5A7-2
Q9Y5A7-2	Q5XIT4
Q9Y5A7-2	P54729
Q9Y5A7-2	Q9Y5A7
Q2M3A8	Q2M3A8
Q8BMK5	Q8BMK5
Q8BMK5	Q52MB2
Q8BMK5	Q4V8F1
Q9BXJ7	Q9BXJ7
Q9BXJ7	Q99JB7
Q8N2X6	Q8N2X6
Q6ZS62	Q6ZS62
Q49A92-3	Q49A92-3
Q49A92-3	Q8BZJ8
Q49A92-3	Q49A92
Q8NBR9	Q8NBR9
Q9H3K2	Q9H3K2
Q9H3K2	P55062
Q9H3K2	P55061
Q9H3K2	P55061-2
Q9H3K2	Q9D2C7
Q9H3K2	Q9Y6G2
Q9H3K2	Q91VC9
Q9H3K2	Q5XIA8
Q9BQ95-2	Q9BQ95-2
Q9BQ95-2	Q5XIC2
Q9BQ95-2	Q9BQ95
Q9BQ95-2	Q9QZH6
Q8WZA8	Q8WZA8
Q6ZRN7	Q6ZRN7
P0C5K6	P0C5K6
Q6ZST2	Q6ZST2
A6NGZ8	A6NGZ8
Q4QY38	Q4QY38
Q9CQE2	Q9CQE2
Q9CQE2	A0PJW6
ENSRNOP00000018332	ENSRNOP00000018332
ENSRNOP00000018332	Q6ZPJ0
ENSRNOP00000018332	Q8IWB9
ENSRNOP00000018332	Q8IWB9-2
D4A5W0	D4A5W0
D4A5W0	Q8VDG3
D4A5W0	Q9D2E2
D4A5W0	O95453
D4A5W0	Q96GM8
D4A5W0	Q8NA58-2
D4A5W0	Q8NA58
D4A5W0	B2RXZ1
D4A5W0	D3ZJM8
Q587J7	Q587J7
Q587J7	Q9CWU0
Q78IR3	Q78IR3
Q3TLI0	Q3TLI0
Q3TLI0	F1MAQ4
Q3TLI0	P48553
B2UR41	B2UR41
Q9JIM5	Q9JIM5
Q9JIM5	Q969M3-3
Q9JIM5	Q8N8F6
Q9JIM5	Q5XID0
Q9JIM5	Q9EQQ2
Q9JIM5	Q969M3
Q6ZWX0	Q6ZWX0
Q6ZWX0	Q9Y284
Q9BQI4	Q9BQI4
Q9BQI4	Q9D6Y1
Q8C0L8	Q8C0L8
Q8C0L8	XP_038934049
Q8C0L8	Q9UP83
Q8C0L8	Q9UP83-2
P57738	P57738
P57738	Q8VEA7
P57738	Q5XIF1
Q8R3N2	Q8R3N2
Q8R3N2	Q8IWD5
A1L168	A1L168
Q9H1H1	Q9H1H1
Q9H1H1	Q9CWD0
Q9H1H1	Q8WW33
Q9H1H1	Q9DAN6
Q8CAQ2	Q8CAQ2
XP_574453	XP_574453
XP_574453	Q9NPI8
XP_574453	E9Q5Z5
Q6NZ36	Q6NZ36
Q6NZ36	Q3UN58
Q6NZ36	D4AAA5
Q9DBZ1-2	Q9DBZ1-2
Q9DBZ1-2	Q5EAJ6
Q9DBZ1-2	Q70UQ0
Q9DBZ1-2	Q9DBZ1
Q9DBZ1-2	Q70UQ0-4
A0A0U1RR37	A0A0U1RR37
Q9UBR5	Q9UBR5
Q9UBR5	Q9JK79
Q9UBR5	Q9DAR1
Q9UBR5	Q6AYN6
Q9UBR5	Q8IZ96
Q9UBR5	Q8TAZ6
Q9UBR5	Q9DAC0
Q9UBR5	Q9DAS1
Q9UBR5	A0A087WVB3
Q9UBR5	Q8IZ96-5
Q9UBR5	Q8IZ96-17
E9Q9R3	E9Q9R3
E9Q9R3	Q96LL3
Q96LM1	Q96LM1
Q99440	Q99440
Q9P2W6	Q9P2W6
Q9UPQ9-2	Q9UPQ9-2
Q9UPQ9-2	D3ZRA6
Q9UPQ9-2	Q9HCJ0-2
Q9UPQ9-2	F1LV37
Q9UPQ9-2	NP_796098
Q9UPQ9-2	Q9UPQ9
Q9UPQ9-2	Q3UHC0
Q9UPQ9-2	Q9HCJ0
Q9UPQ9-2	Q3UHK8
Q9UPQ9-2	Q8NDV7
Q9UPQ9-2	NP_001101019
Q9UPQ9-2	Q9UPQ9-1
Q4G0M0	Q4G0M0
Q4G0M0	P85969
Q4G0M0	Q9DB05
Q4G0M0	P54921
Q4G0M0	P54920
Q4G0M0	Q9H115
Q4G0M0	P28663
Q9DAL0	Q9DAL0
Q9DAL0	A6NLE4
Q9DAL0	D4A0X0
Q86UY5-3	Q86UY5-3
Q86UY5-3	Q8NEG4
Q86UY5-3	Q5T0W9
Q86UY5-3	Q80XS7
Q86UY5-3	Q8K2P2
Q86UY5-3	Q2M2I3
Q86UY5-3	Q5SWY7
Q86UY5-3	Q86UY5
Q86UY5-3	A2ARK0
Q86UY5-3	Q0VBM2
Q86UY5-3	Q9BQN1
Q86UY5-3	D3ZT45
Q86UY5-3	D3ZRK0
Q86UY5-3	D3ZN30
Q86UY5-3	Q148V8
Q86UY5-3	Q6ZRV2
Q86UY5-3	D4ABG0
Q86UY5-3	Q9H4H8-2
Q86UY5-3	Q9H4H8
Q86UY5-3	A6ND36
Q86UY5-3	Q9D7I8
Q86UY5-3	Q8NEG4-2
Q86UY5-3	D3ZF70
Q86UY5-3	Q3UKU4
Q86UY5-3	Q86UY5-2
Q6NXN4	Q6NXN4
Q6NXN4	Q6NUT2
Q6NXN4	XP_235972
Q6NXN4	Q6ZN68
Q6NXN4	Q2PZI1
Q6NXN4	A6X919
Q6NXN4	Q7Z388
Q6NXN4	A2AJQ3
Q6NXN4	P0CW70
Q6NXN4	D4AD75
Q6NXN4	Q6ZPD9
Q6NXN4	Q71B07
Q15007-2	Q15007-2
Q15007-2	XP_574313
Q15007-2	Q9ER69
Q15007-2	Q15007
Q06250	Q06250
Q96K30-2	Q96K30-2
Q96K30-2	Q96K30-3
Q96K30-2	Q2KJ10
Q96K30-2	Q96K30
Q96K30-2	Q9D1H0
Q9JJL0	Q9JJL0
Q2HJE7	Q2HJE7
Q2HJE7	Q4KLN6
Q2HJE7	Q7LG56
Q2HJE7	Q7LG56-6
Q2HJE7	D4ADQ1
Q2HJE7	P11157
Q2HJE7	Q6PEE3
Q2HJE7	P31350
Q2HJE7	P31350-2
B0K025	B0K025
B0K025	Q9NRP0
B0K025	Q78XF5
B0K025	Q9NRP0-2
B2RYU8	B2RYU8
B2RYU8	O43325
B2RYU8	Q9CQB7
B2RYU8	Q8K215
B2RYU8	Q9HD34
B2RYU8	D3ZYM7
Q5XI43	Q5XI43
Q5XI43	Q9DBV4
Q5XI43	Q9BRK3
Q5XI43	Q9BRK3-2
Q969V3-2	Q969V3-2
Q969V3-2	Q969V3
Q969V3-2	Q5XIA1
Q969V3-2	Q8VCM8
Q2HJJ1	Q2HJJ1
Q2HJJ1	Q13084
Q2HJJ1	Q9D1B9
Q2HJJ1	D3ZJY1
Q9JLJ5	Q9JLJ5
Q9JLJ5	O35949
Q9JLJ5	Q9NYP7-2
Q9JLJ5	D4ADY9
Q9JLJ5	Q920L7
Q9JLJ5	Q9BW60
Q9JLJ5	Q9GZR5
Q9JLJ5	A1L3X0
Q9JLJ5	Q9EQC4
Q9JLJ5	Q9D2Y9
Q9JLJ5	D4A612
Q9JLJ5	Q9NXB9
Q9JLJ5	Q9H5J4
Q9JLJ5	Q9JLJ4
Q9JLJ5	Q920L5
Q9JLJ5	Q920L6
Q9JLJ5	Q8BHI7
Q9JLJ5	Q9NYP7
Q9JLJ5	Q9HB03
P33622	P33622
P33622	P02656
P33622	P06759
Q9CUF7	Q9CUF7
NP_001029328	NP_001029328
NP_001029328	Q3U0M1
NP_001029328	Q96Q05
NP_001029328	Q96Q05-2
Q6P1I3	Q6P1I3
Q6P1I3	Q96MD2
O95866-5	O95866-5
O95866-5	Q6MG59
O95866-5	O95866
O95866-5	O95866-2
O95866-5	D7PDD4
O09101	O09101
O09101	Q07326
Q9CYS6	Q9CYS6
Q9CYS6	A6NCS6
Q9CYS6	D4A6R4
Q6TCG5	Q6TCG5
Q6TCG5	Q568Z3
Q6TCG5	Q96A54
Q6TCG5	Q91VH1
Q6TCG5	Q6TCG2
Q6TCG5	Q6TCG8
Q6TCG5	Q6TCH7
Q6TCG5	Q6TCH4
Q6TCG5	Q6TCH7-2
Q6TCG5	Q3YAF7
Q6TCG5	Q86WK9
Q6TCG5	Q6TCH4-2
Q6TCG5	Q86V24
Q6TCG5	Q80ZE4
Q6TCG5	Q8BQS5
Q6TCG5	Q8TEZ7
Q6TCG5	Q6ZVX9
Q6TCG5	Q80ZE5
Q6TCG5	Q6P746
Q6TCG5	Q9NXK6
Q6TCG5	Q8N4S7
Q6TCG5	Q9DCU0
Q6TCG5	Q9JJE4
Q9ULQ0	Q9ULQ0
Q9ULQ0	Q5VSL9
Q9ULQ0	D4A9V9
Q9ULQ0	Q8C9H6
Q9ULQ0	Q8C079
Q9ULQ0	G3V8E2
Q8IV42	Q8IV42
Q8IV42	Q8BP74
Q8IV42	D3ZE35
Q92990	Q92990
Q92990	Q8BZM1
Q92990	D3ZKQ3
P11279	P11279
P11279	P34810
P11279	P17046
P11279	P11438
P11279	P31996
P11279	P13473-2
P11279	Q9UQV4
P11279	P17047-3
P11279	Q4FZY1
P11279	P34810-2
P11279	Q7TST5
P11279	P13473
P11279	Q5XI99
P11279	P14562
P11279	P17047
Q6AYE6	Q6AYE6
Q6AYE6	XP_038962417
Q6AYE6	Q5FWT1
Q6AYE6	Q17RN3
Q6AYE6	E9PYD1
Q6AYE6	Q8NCA5-2
Q6AYE6	Q8NCA5
Q6AYE6	Q52LJ0-1
Q6AYE6	Q3TJZ6
Q6AYE6	Q52LJ0
Q6AYE6	Q80VD1
Q3U4G3	Q3U4G3
Q3U4G3	D4ADL7
Q3U4G3	Q8NBI6
P56706	P56706
P56706	Q5NSW6
P56706	P28047
P56706	P48614
P56706	O00744
P56706	Q93098
P56706	Q9WUD6
P56706	Q93097
P56706	Q9Y6F9
P56706	O70283
P56706	P09544
P56706	G3V7U3
P56706	P21552
P56706	P56703
P56706	P17553
P56706	P41221
P56706	P04628
P56706	O96014
P56706	Q8CFB2
P56706	P04426
P56706	P48615
P56706	Q9QYS1
P56706	P27467
P56706	D3ZRW5
P56706	P22726
P56706	Q9UBV4
P56706	P56704
P56706	O00755
P56706	P24383
P56706	Q9QXQ5
P56706	Q9H1J7
P56706	O14904
P56706	Q8R5M2
P56706	Q6NZR1
P56706	P22727
P56706	Q9QXQ7
P56706	P22725
P56706	Q64527
P56706	P70701
P56706	NP_001102693
P56706	Q9H1J5
P56706	Q9GZT5
P56706	P22724
P56706	P56705
P56706	O14905
P56706	O35468
Q5UQV1	Q5UQV1
Q3TZ89	Q3TZ89
Q3TZ89	Q9Z2Q1
Q3TZ89	O94979
Q3TZ89	O94979-8
Q3TZ89	Q9NQW1
Q3TZ89	O94979-9
Q3TZ89	O94979-2
Q3TZ89	Q3UPL0
Q1RN00	Q1RN00
Q9D534	Q9D534
Q9D534	B5DF95
Q9D534	Q5TFG8
Q9D534	Q53FD0
Q9D534	Q6AYP4
Q9D534	Q8BJH1
Q9D534	Q96GY0
Q9D534	Q8CCG1
P04156	P04156
P04156	P13852
P04156	P04925
P51810	P51810
P51810	P70259
Q4VAE3	Q4VAE3
Q4VAE3	Q6PI78
Q4VAE3	A1L1L9
Q0KK56	Q0KK56
Q0KK56	Q9ULE4
Q8N912	Q8N912
Q8N912	Q8BNX7
Q5T481	Q5T481
Q5T481	Q14966-3
Q5T481	O95758-1
Q5T481	O95758-4
Q5T481	Q9ULV3
Q5T481	Q8VEH2
Q5T481	Q9UKA9-3
Q5T481	Q00438
Q5T481	P26599-2
Q5T481	Q3UQS8
Q5T481	A8MXP9
Q5T481	O95758-2
Q5T481	Q66H20
Q5T481	Q91Z31
Q5T481	Q61464-2
Q5T481	Q9UKA9
Q5T481	Q9UKA9-4
Q5T481	F1LV60
Q5T481	Q14966-2
Q5T481	P43243-2
Q5T481	Q61464
Q5T481	P17225-2
Q5T481	P26599-1
Q5T481	Q14966
Q5T481	O95758
Q5T481	Q8BHD7
Q5T481	Q9Z118
Q5T481	Q80XZ1
Q5T481	P43244
Q5T481	E9PT37
Q5T481	Q8K310
Q5T481	P43243
Q5T481	P26599
Q5T481	Q9UKA9-2
Q5T481	P17225
Q5T481	NP_001101338
O35448	O35448
O35448	P50897
O35448	Q9UMR5
O35448	XP_983730
O35448	P45479
O35448	O70489
O35448	O88531
O35448	Q9UMR5-3
P20061	P20061
P20061	P20062
P20061	O88968
P20061	P17267
P20061	Q9R0D6
P20061	P52787
P20061	P27352
Q9D1N4	Q9D1N4
Q9D1N4	A6NDV4
Q9D1N4	A6NI61
Q9D1N4	B1AWJ5
Q9D1N4	Q9ESN3
Q9D1N4	Q9HCN3
P62487	P62487
P62487	P62488
P62487	P62489
Q9UIG4	Q9UIG4
Q91VT1	Q91VT1
Q91VT1	Q96MF7
Q91VT1	Q4V8A0
O60243	O60243
O60243	Q9QYK4
O60243	Q96MM7
O60243	Q80UW0
O60243	Q9QYK5
O60243	Q96MM7-4
O60243	Q8IZP7
Q6PI48	Q6PI48
Q6PI48	Q3KRD0
Q6PI48	Q8BIP0
P02663	P02663
P02663	Q02862
P02663	Q8CGR3
P02663	P02664
A2A288	A2A288
A2A288	NP_001101616
A2A288	O75113
A2A288	Q9C0D7
A2A288	XP_003751516
A2A288	Q9P2P1
A2A288	F1N4Q5
A2A288	Q5HYM0
A2A288	G3X9I7
A2A288	Q6A037
A2A288	Q5DTZ0
A2A288	Q8BIY3
A2A288	Q5D1E7
A2A288	Q5D1E8
A2A288	D3ZT79
A2A288	Q5DTV4
A2A288	Q80U38
A2A288	A0JPN4
A2A288	O15037
Q8BYH7	Q8BYH7
Q8BYH7	Q8BXD8
Q8BYH7	Q2NKQ1
Q8BYH7	Q8BPQ7
Q8BYH7	A1A5B6
Q8BYH7	Q3MII6
Q8BYH7	Q9HA65
Q8BYH7	Q8TBP0
Q8BYH7	Q80U12-2
Q8BYH7	Q2NKQ1-3
Q8BYH7	Q80U12
Q8BYH7	O43147
Q8BYH7	NP_001100425
Q8BYH7	B1H264
Q8BYH7	M0R716
Q8BYH7	O43147-2
Q8BYH7	D3ZAS2
Q8BYH7	Q9CXF4
Q8BYH7	Q8TC07
Q8BYH7	F7EZ89
Q8BYH7	Q8TC07-2
Q9MZ06	Q9MZ06
Q9MZ06	Q14512
Q9MZ06	O70514
Q9MZ06	Q9QY10
P40200	P40200
P40200	Q5BK49
P40200	Q3U0X8
P0DTC4	P0DTC4
P0DTC4	K9N5R3
P0DTC4	P59637
Q4V9W2	Q4V9W2
Q4V9W2	Q5RJP9
Q4V9W2	Q8N9Q2
Q6NSQ7	Q6NSQ7
Q6NSQ7	Q68FR7
Q6NSQ7	Q96GA3
Q9P2J5	Q9P2J5
Q9P2J5	Q5PPJ6
Q9P2J5	Q8BMJ2
Q14493	Q14493
Q14493	P97440
Q14493	NP_001124460
Q86TU7	Q86TU7
Q86TU7	Q91WC0
Q86TU7	G3V6U9
P97929	P97929
P97929	P51587
P97929	NP_113730
Q8K4F0	Q8K4F0
Q8K4F0	Q15762
Q8K4F0	D3ZS97
Q3TUA9	Q3TUA9
Q3TUA9	Q4V8A9
Q3TUA9	Q9H5K3
O00471	O00471
O00471	P97878
O00471	Q3TPX4
Q8CFK2	Q8CFK2
Q8CFK2	Q92994
Q8CFK2	D4A8W8
Q920D3	Q920D3
Q920D3	Q9H204
Q920D3	P68943
Q9DCT2	Q9DCT2
Q9DCT2	D3ZG43
Q9DCT2	O75489
D4A3T2	D4A3T2
D4A3T2	Q8WUU5
D4A3T2	Q920S3
D4A1D8	D4A1D8
D4A1D8	O15260
D4A1D8	Q64310
P60334	P60334
P60334	P21816
P60334	Q16878
Q8VEA4	Q8VEA4
Q8VEA4	Q5BJN5
Q8VEA4	Q8N4Q1-2
Q8VEA4	Q8N4Q1
Q62737	Q62737
Q62737	Q61462
Q62737	P13498
D3Z3K2	D3Z3K2
D3Z3K2	Q9NPC3
D3ZKH2	D3ZKH2
D3ZKH2	Q7Z3U7-5
D3ZKH2	Q80TL7
D3ZKH2	Q7Z3U7
B0K014	B0K014
B0K014	Q9DD18
B0K014	Q8TEA8
Q8IVS2-2	Q8IVS2-2
Q8IVS2-2	D3ZPF2
Q8IVS2-2	Q8IVS2
Q8IVS2-2	Q8R3F5
Q86WR7-2	Q86WR7-2
Q86WR7-2	Q8C5R2
Q86WR7-2	Q3V1L9
Q86WR7-2	Q86WR7
Q86WR7-2	M0RAK0
Q923D4	Q923D4
Q923D4	D4A5T1
Q923D4	Q9BWJ5
P06737-2	P06737-2
P06737-2	G3V6Y6
P06737-2	P11217
P06737-2	Q9ET01
P06737-2	P06737
P06737-2	P09811
P06737-2	P00489
P06737-2	P09812
P06737-2	Q9WUB3
P06737-2	Q8CI94
P06737-2	P11216
A0A5F8MPU3-2	A0A5F8MPU3-2
A0A5F8MPU3-2	A0A5F8MPU3
A0A5F8MPU3-2	F7ENY6
A0A5F8MPU3-2	Q53TS8
A0A5F8MPU3-2	Q53TS8-1
Q2M2Z5-5	Q2M2Z5-5
Q2M2Z5-5	D4A8C1
Q2M2Z5-5	Q2M2Z5_VAR_034910
Q2M2Z5-5	Q2M2Z5-2
Q2M2Z5-5	Q2M2Z5-3
Q2M2Z5-5	Q2M2Z5-4
Q2M2Z5-5	Q3UXL4
Q2M2Z5-5	Q2M2Z5
A0A0C5B5G6	A0A0C5B5G6
A0A096LP01	A0A096LP01
A0A096LP01	D4ABV0
Q7TQ82	Q7TQ82
Q7TQ82	P82664
Q7TQ82	Q80ZK0
P80433	P80433
P80433	P48772
P80433	P16221
P80433	Q64445
P80433	P10176
Q66H35	Q66H35
Q66H35	Q8CB14
Q66H35	Q8IYD9
Q6AY27	Q6AY27
Q6AY27	Q8BK26
Q6AY27	Q9Z1X8
Q6AY27	A2A7H6
Q6AY27	D4A6R1
Q6AY27	Q9H4M3-2
Q6AY27	Q80UW2
Q6AY27	Q9UK22
Q6AY27	Q9H4M3
Q6AY27	Q6DIA9
Q6AY27	G3X9C2
Q6AY27	Q6ZVX7
Q6AY27	Q923V4
Q6AY27	Q96EF6
Q6AY27	Q8NI29
Q6AY27	Q9QZM8
Q6AY27	Q9QZN4
Q6AY27	Q9NRD1
A0A140LHV9	A0A140LHV9
A0A140LHV9	A0A1B0GUW7
Q7TP52	Q7TP52
Q7TP52	Q96DG6
Q7TP52	Q8R1G2
A2JGV3	A2JGV3
A0A1B0GRQ0	A0A1B0GRQ0
A0A1B0GRQ0	A0A1B0GVT2
D4ADF2	D4ADF2
D4ADF2	Q8R2N0
D4ADF2	Q9P031
Q9NQ31-3	Q9NQ31-3
Q9NQ31-3	D3ZV70
Q9NQ31-3	Q9JJR5
Q9NQ31-3	Q9NQ31
Q9EPI1	Q9EPI1
Q9EPI1	Q86Y38
Q9EPI1	Q811B1
Q9EPI1	Q9EPL0
Q9EPI1	Q9H1B5
Q9EPI1	Q9EPI0
Q14980-4	Q14980-4
Q14980-4	F1LW91
Q14980-4	Q14980-2
Q14980-4	Q14980
Q14980-4	E9Q7G0
D4AE03	D4AE03
D4AE03	Q8NFI3
D4AE03	Q8BX80
D3Z9K2	D3Z9K2
D3Z9K2	Q6P161
D3Z9K2	Q9CPW3
P0C879	P0C879
Q9H0H9	Q9H0H9
Q14195	Q14195
Q14195	Q16555-2
Q14195	Q14194-2
Q14195	Q62952-2
Q14195	Q9EQF5
Q14195	Q14117
Q14195	O08553
Q14195	P47942
Q14195	Q3TY94
Q14195	Q90635
Q14195	Q71H74
Q14195	Q62188
Q14195	Q62952
Q14195	Q9EQF6
Q14195	Q14195-2
Q14195	Q62951
Q14195	NP_001352080
Q14195	Q9BPU6
Q14195	Q63150
Q14195	P97427
Q14195	Q62950
Q14195	Q14194
Q14195	Q9JHU0
Q14195	Q16555
Q14195	A7MBI5
Q14195	O35098
Q14195	O14531
Q14195	NP_001184222
Q9H8Q6	Q9H8Q6
Q13166	Q13166
P53990-2	P53990-2
P53990-2	Q568Z6
P53990-2	Q9CX00
P53990-2	P53990
P53990-2	P53990-5
Q8NCL8	Q8NCL8
Q8NCL8	G3X901
Q8NCL8	F1LRF5
Q8VEH6	Q8VEH6
Q8VEH6	Q4V339
Q8VEH6	Q99MB4
Q8VEH6	Q9BRT8
Q8VEH6	Q8IUF1
Q8VEH6	Q5RIA9
Q8VEH6	Q5JTY5
Q8R1E7	Q8R1E7
Q8R1E7	Q8WY98-3
Q8R1E7	Q8WY98-2
Q8R1E7	XP_038967180
Q8R1E7	Q8WY98
Q3UPL6	Q3UPL6
Q3UPL6	Q9H2W1
Q3UPL6	Q5J8X5
Q3UPL6	Q96JQ5
Q3UPL6	P20490
Q3UPL6	Q9GZW8
Q3UPL6	Q9D2W6
Q3UPL6	A0A087WRT7
Q3UPL6	Q3U5N6
Q3UPL6	Q96JA4
Q3UPL6	Q96PG2
Q3UPL6	Q99N03
Q3UPL6	Q80WF0
Q3UPL6	XP_357051
Q3UPL6	Q9BY19
Q3UPL6	Q99N10
Q3UPL6	Q8N5U1
Q3UPL6	Q5FWC3
Q3UPL6	Q99N05
Q3UPL6	Q99N09
Q3UPL6	Q01362
Q3UPL6	E9PZI3
Q3UPL6	P19437
Q3UPL6	P11836
Q3UPL6	Q96HJ5
Q3UPL6	P13386
Q3UPL6	Q920C4
Q3UPL6	Q9NXJ0
Q3UPL6	D4A4Y3
Q3UPL6	Q96PG1
Q3UPL6	Q3C1V0
Q3UPL6	Q99N07
Q3UPL6	Q99N08
Q3UPL6	Q9H3V2
Q3UPL6	Q96JA4-5
Q3UPL6	Q810P8
Q3UPL6	Q96DS6
Q8BQH4	Q8BQH4
Q8BQH4	Q6P3B2
Q8BQH4	Q6AXN0
Q8BQH4	Q8IYN6
Q8BQH4	Q8TB05
E9PV59	E9PV59
E9PV59	C9JVW0
E9PV59	P0DMQ5
O15544	O15544
Q4KL18	Q4KL18
Q4KL18	Q6K0P5
Q4KL18	Q8WVE6
Q9UNH7-2	Q9UNH7-2
Q9UNH7-2	Q86XE0
Q9UNH7-2	Q80ZJ7
Q9UNH7-2	Q9Y5X3
Q9UNH7-2	B5DEY8
Q9UNH7-2	Q6P8X1
Q9UNH7-2	Q9UNH7
Q9UNH7-2	Q9D8U8
Q9UNH7-2	B1H267
EGX28318	EGX28318
B2RZ92	B2RZ92
B2RZ92	Q6UXP7
B2RZ92	Q8QZW3
B2RZ92	Q8WW52
B2RZ92	Q642A7
B2RZ92	D3YUE4
Q9UBB4-2	Q9UBB4-2
Q9UBB4-2	Q9ER24
Q9UBB4-2	Q9UBB4
Q9UBB4-2	P28658
E7BQ72	E7BQ72
E7BQ72	O56952
E7BQ72	D9D5K2
E7BQ72	P03126
Q04760-2	Q04760-2
Q04760-2	Q9CPU0
Q04760-2	Q04760
Q04760-2	Q6P7Q4
Q6PCB5-2	Q6PCB5-2
Q6PCB5-2	Q80T69
Q6PCB5-2	Q5VWQ0
Q6PCB5-2	D3ZZH7
Q6PCB5-2	Q6PCB5
Q6PCB5-2	D3Z0K6
Q6PCB5-2	D4A1U7
Q8NI27-2	Q8NI27-2
Q8NI27-2	B1AZI6
Q8NI27-2	NP_001178685
Q8NI27-2	Q8NI27
Q9NXF1-2	Q9NXF1-2
Q9NXF1-2	Q9NXF1
Q9NXF1-2	Q3URQ0
Q9NXF1-2	D4A401
Q9UKX7-2	Q9UKX7-2
Q9UKX7-2	Q3V2K7
Q9UKX7-2	Q9UKX7
Q9UKX7-2	O08587
Q9UKX7-2	Q9JIH2
O60299-2	O60299-2
O60299-2	P60853
O60299-2	Q9Y250
O60299-2	Q3LUD3
O60299-2	Q8C7U1
O60299-2	O15049
O60299-2	Q3LUD4
O60299-2	Q91YU6
O60299-2	Q9BRK4
O60299-2	A2AHG0
O60299-2	Q8K1Q4
O60299-2	O60299
O60299-2	Q8CFC9
Q5U3Y2	Q5U3Y2
Q5U3Y2	Q92925-3
Q5U3Y2	Q92925-2
Q5U3Y2	Q6STE5
Q5U3Y2	Q6P9Z1
Q5U3Y2	Q96GM5
Q5U3Y2	Q92925
Q5U3Y2	D3ZBS9
Q5U3Y2	Q61466
Q5U3Y2	O54772
Q5U3Y2	Q99JR8
Q96F45-3	Q96F45-3
Q96F45-3	NP_001102895
Q96F45-3	G3V7W0
Q96F45-3	Q96F45
Q96F45-3	Q7TMA2
Q96F45-3	Q9H7S9
Q96F45-3	P0CL69
Q96F45-3	Q96F45-2
D3Z1T2	D3Z1T2
D3Z1T2	B2RYR4
D3Z1T2	Q5VUE5
Q3SY05	Q3SY05
B5DER4	B5DER4
B5DER4	Q9BYD6
B5DER4	Q99N96
B5DER4	A6QPQ5
C9W8M7	C9W8M7
NP_001035361	NP_001035361
NP_001035361	P33316-2
NP_001035361	P70583
NP_001035361	Q9CQ43
NP_001035361	P33316
P0CD94	P0CD94
P0CD94	Q6UW78
P0CD94	Q8K2T4
D4A9I3	D4A9I3
D4A9I3	Q9UGQ2
D4A9I3	Q8BG21
D3ZS74	D3ZS74
D3ZS74	Q96E52
D3ZS74	Q9D8H7
Q5BJT2	Q5BJT2
Q5BJT2	Q9Z2M6
Q5BJT2	O95164
Q4QR88	Q4QR88
Q4QR88	Q91WA1
Q4QR88	Q9BVW5
Q4QQT6	Q4QQT6
Q4QQT6	Q9DCA5
Q4QQT6	Q8TDN6
Q65Z14	Q65Z14
Q65Z14	P42703
Q65Z14	P42702
Q65Z14	O70458
Q65Z14	Q99650
Q65Z14	O70535
P70553	P70553
P70553	P49282
P70553	P49281
P70553	P49281-3
P70553	P49281-4
P70553	P49282-2
P70553	O54902
P70553	P49279
P70553	O54902-2
P70553	P41251
P70553	P49281-2
NP_001102046	NP_001102046
NP_001102046	Q9Y399
NP_001102046	Q924T2
A0A0U1RQF7	A0A0U1RQF7
D4AA14	D4AA14
D4AA14	Q9BRQ8
D4AA14	Q8BUE4
B1WC88	B1WC88
B1WC88	Q8TCD1
B1WC88	Q91WE4
F1LNS2	F1LNS2
F1LNS2	Q8TCE6
F1LNS2	Q9D8N2
F1LNS2	Q6NSW5
M0R3Q7	M0R3Q7
M0R3Q7	Q3KNS1
M0R3Q7	Q0EEE2
A0A247D711	A0A247D711
A0A8I5KQE6	A0A8I5KQE6
A0A8I5KQE6	P14206
A0A8I5KQE6	P38983
A0A8I5KQE6	P08865
Q9CYC5	Q9CYC5
Q9CYC5	Q4V7C0
Q9CYC5	Q9H410
Q4V884	Q4V884
Q4V884	Q8R349
Q4V884	Q13042
Q5F2F2	Q5F2F2
Q5F2F2	D3Z8B6
Q5F2F2	Q6UXT9
Q71F78	Q71F78
Q5T4H9	Q5T4H9
C9J442	C9J442
C9J442	D3Z5T8
A6X8Z9	A6X8Z9
A6X8Z9	Q96M34
Q9P021	Q9P021
Q9P021	Q792Q4
Q9P021	O70333
Q8BGT8	Q8BGT8
Q8BGT8	Q6AYN4
Q8BGT8	Q568Z9
Q8BGT8	Q92561
Q8BGT8	Q8K0S0
Q8BGT8	Q96FC7
Q8BGT8	Q96FC7-3
Q8BGT8	Q96FC7-2
D3ZPN1	D3ZPN1
D3ZPN1	Q9WUE4
D3ZPN1	Q8WTW4
Q6AY90	Q6AY90
Q6AY90	Q91WE2
Q6AY90	Q9GZU8
Q32KJ5	Q32KJ5
Q32KJ5	P15586
Q32KJ5	Q8BFR4
Q32KJ5	Q8CFG0
Q32KJ5	Q8VI60
Q32KJ5	Q8IWU5
Q32KJ5	Q3L472
Q32KJ5	Q8IWU6
Q32KJ5	Q8K007
Q4G067	Q4G067
Q4G067	Q9CY73
Q4G067	Q9H9J2
Q63764	Q63764
Q63764	P09057
Q63764	P00860
Q63764	P11926
Q63764	O35484
Q63764	O14977
Q63764	D4A693
Q63764	Q96A70
Q63764	Q8BVM4
XP_342562	XP_342562
XP_342562	Q6PDS0
XP_342562	Q96N03
XP_342562	A6NLU5
XP_342562	Q9JME9
XP_342562	Q8TAG5-2
XP_342562	Q8R0A6
XP_342562	Q8TAG5
D4A8C0	D4A8C0
D4A8C0	Q6P1E7
D4A8C0	Q96LW4
NP_001094054	NP_001094054
NP_001094054	O95427
NP_001094054	Q9R1S3
D3ZXF8	D3ZXF8
D3ZXF8	Q5RL20
D3ZXF8	Q95KE5
D3ZXF8	Q8N983-4
D3ZXF8	Q99N89
D3ZXF8	Q8N983
XP_006239481	XP_006239481
XP_006239481	Q5SNV9-2
XP_006239481	Q5SNV9
A8K830-1	A8K830-1
A8K830-1	F8VPY8
A8K830-1	A8K830
B0BNB4	B0BNB4
B0BNB4	Q2VPQ9
B0BNB4	Q9HAF1
B0BNB4	Q2VPQ9-2
B0BNB4	Q9HAF1-3
B0BNB4	Q9HAF1-2
B0BNE9	B0BNE9
B0BNE9	Q9H2K0
B0BNE9	Q9CZD5
XP_001059321	XP_001059321
XP_001059321	P84099
XP_001059321	P84098
XP_001059321	D0VWQ5
XP_001059321	P84100
P00689	P00689
P00689	P00688
P00689	P00687
P00689	Q99N59
P00689	P0DUB6
P00689	P04746
P00689	P19961
Q32Q05	Q32Q05
Q32Q05	Q5VVQ6
Q32Q05	Q8CB27
Q810K3	Q810K3
Q810K3	Q8IWX5
Q810K3	Q9JI99
Q810K3	Q9BX95
Q810K3	Q99P55
Q8BGB7	Q8BGB7
Q8BGB7	Q9UHY7
Q8BGB7	Q5PPH0
Q3TQU2	Q3TQU2
Q3TQU2	Q61142
Q3TQU2	Q9Y657
Q3TQU2	Q4V8J7
Q3TQU2	Q6NVE3
Q3TQU2	XP_228801
Q3TQU2	Q5JUX0
Q3TQU2	M0R487
Q3TQU2	XP_001475009
Q3TQU2	Q8K1L2
Q3TQU2	NP_001388046
Q3TQU2	Q56A73
Q3TQU2	J3QPJ2
Q3TQU2	XP_144574
Q3TQU2	Q9BPZ2
Q3TQU2	Q99865
Q3TQU2	Q5M8R5
Q3TQU2	P13675
Q3TQU2	J3QPZ4
Q496Z9	Q496Z9
Q496Z9	Q7Z2T5
Q496Z9	A2RSY6
Q9CR89	Q9CR89
Q9CR89	Q9Y282
Q9CR89	D3ZU83
Q9CR89	Q9CQE7
Q9CR89	Q5XIS4
Q9CR89	XP_038943054
Q9CR89	Q969X5-3
Q9CR89	Q9Y282-3
Q9CR89	Q96RQ1
Q9CR89	Q969X5
Q9CR89	Q9DC16
P35680	P35680
P35680	P23899
P35680	P27889
P35680	P20823
P35680	P22361
P35680	P15257
Q9Y5V0	Q9Y5V0
Q9Y5V0	Q9D115
Q9Y5V0	NP_001381303
Q9H488	Q9H488
Q9H488	Q6EV70
Q9H488	Q91ZW2
G3X9B1	G3X9B1
G3X9B1	D3ZL86
G3X9B1	Q9H583
O75324	O75324
O75324	P61808
O75324	P61807
P04637-2	P04637-2
P04637-2	O15350-2
P04637-2	Q9JJP2
P04637-2	O15350
P04637-2	P13481
P04637-2	P04637-4
P04637-2	Q9JJP6
P04637-2	O88898
P04637-2	O15350-10
P04637-2	Q9H3D4
P04637-2	Q9H3D4-2
P04637-2	P02340
P04637-2	Q80ZA1
P04637-2	P04637
P04637-2	P10361
P04637-2	Q95330
P04637-2	O15350-8
P48556	P48556
P48556	F1LMQ3
P48556	Q9CX56
Q8N5C7	Q8N5C7
Q8N5C7	Q6AYF5
Q8N5C7	Q9D8U7
Q8N8Y2	Q8N8Y2
Q8N8Y2	P51863
Q8N8Y2	P61421
Q8N8Y2	Q5M7T6
Q8N8Y2	Q5FVL0
Q8N8Y2	Q80SY3
Q99P21	Q99P21
Q99P21	Q8R5G2
Q99P21	Q9UIF7
Q99P21	Q9UIF7-6
Q99P21	Q9UIF7-3
Q9ULG6	Q9ULG6
Q9ULG6	Q640L3
Q9ULG6	A2VD12
Q9ULG6	Q3TVI8
Q9ULG6	Q9ULG6-3
Q9ULG6	Q96AQ6
Q9ULG6	Q9ULG6-5
Q9ULG6	D4AE99
Q9H7H0	Q9H7H0
Q9H7H0	D3Z930
Q9H7H0	Q9H7H0-3
Q9H7H0	Q3U2U7
Q9Y530	Q9Y530
Q9Y530	A0A0G2K831
Q9Y530	Q8R5F3
Q5RJZ6	Q5RJZ6
Q5RJZ6	XP_001472787
Q5RJZ6	Q9UIL1
Q5RJZ6	Q9UIL1-4
Q5RJZ6	Q78YZ6
P97689	P97689
P97689	Q15849
P97689	Q13336-2
P97689	Q8R4T9
P97689	Q62668
P97689	Q8VHL0-2
P97689	Q5QF96
P97689	Q13336
P97689	Q8VHL0
NP_001177993	NP_001177993
NP_001177993	Q8C547
NP_001177993	Q9P2D3
NP_001177993	Q86XA9
NP_001177993	Q5PRF0
NP_001177993	F1LSK5
XP_006245477	XP_006245477
XP_006245477	Q9H9Q2-3
XP_006245477	Q9H9Q2
XP_006245477	Q8BV13
XP_006245477	Q9CZ04
XP_006245477	Q9UBW8
XP_006245477	G3V8Z9
P03418	P03418
Q2HR82	Q2HR82
D4A471	D4A471
D4A471	Q8K199
D4A471	Q9NRP2
B2RYT0	B2RYT0
B2RYT0	P82921
B2RYT0	P58059
Q8N6V4	Q8N6V4
Q8N6V4	Q3KNL4
Q8N6V4	Q8N6V4-3
P40124	P40124
P40124	Q01518
P40124	Q01518-2
P40124	Q08163
P40124	Q9CYT6
P40124	P52481
P40124	P40123
P07507	P07507
P07507	P08493
P07507	P08494
P07507	P19788
P07507	P08493-2
P48449	P48449
P48449	Q8BLN5
P48449	P48450
Q92552	Q92552
Q92552	Q92552-2
Q92552	D4A3E8
Q92552	Q8BK72
Q9NVX7	Q9NVX7
Q9NVX7	A0A0G2K102
Q9NVX7	Q9NVX7-2
Q9NVX7	Q8R179
O09005	O09005
O09005	Q564G3
O09005	Q6QHC5
O09005	Q8R2F2
O09005	Q5XIF5
O09005	O15121
Q9H3E2	Q9H3E2
Q9H3E2	E9Q1K0
Q9H3E2	Q3ZT31
P55157	P55157
P55157	O08601
P55157	D4A1W8
Q9NY33	Q9NY33
Q9NY33	O55096
Q9NY33	Q99KK7
Q7Z6L1	Q7Z6L1
Q7Z6L1	Q3ZBA0
Q7Z6L1	Q80VP0
Q7Z6L1	Q7Z6L1-2
Q7Z6L1	Q7Z6L1-4
Q6ZMT9	Q6ZMT9
Q9DAS2	Q9DAS2
Q9DAS2	A6NJV1
Q924P3	Q924P3
Q924P3	B3EY82
Q924P3	Q6JVE9
Q3V0P9	Q3V0P9
XP_003748695	XP_003748695
XP_003748695	Q9R1S8
XP_003748695	Q9Y6W3
XP_003748695	G3UZ78
XP_003748695	Q499T5
XP_003748695	Q8N7X0
Q9ESW0	Q9ESW0
Q9ESW0	Q16531
Q9ESW0	Q3U1J4
P59438	P59438
P59438	O15040
P59438	Q3UH45
P59438	F1LS35
P59438	Q9UPZ3
P59438	D4A6U4
XP_001077834	XP_001077834
XP_001077834	Q04637-8
XP_001077834	NP_001100163
XP_001077834	Q6NZJ6-2
XP_001077834	Q04637-3
XP_001077834	F1MX04
XP_001077834	A0A0U1RQK7
XP_001077834	D3ZU13
XP_001077834	P78344-2
XP_001077834	Q80XI3
XP_001077834	O43432-3
XP_001077834	Q04637-9
XP_001077834	Q04637-7
XP_001077834	Q6NZJ6
XP_001077834	O43432
XP_001077834	Q04637
XP_001077834	NP_001017374
XP_001077834	Q62448
XP_001077834	Q62448-2
XP_001077834	P41110
XP_001077834	Q95L46
XP_001077834	P78344
XP_001077834	Q80XI3-4
XP_001077834	Q80XI3-2
Q6P9U8	Q6P9U8
Q6P9U8	Q91WK2
Q6P9U8	O15372
Q2TAC2	Q2TAC2
Q2TAC2	Q6PHN1
Q9UKY0	Q9UKY0
Q9UKY0	Q9QUG3
Q6ZNB7	Q6ZNB7
Q6ZNB7	Q8BS35
Q6ZNB7	A0JPQ8
P18440	P18440
P18440	P11245
P18440	P50298
P18440	P50294
P18440	P50297
P18440	P50296
P18440	Q80SX3
P18440	P50295
Q9Y312	Q9Y312
Q9Y312	B1WC03
Q9Y312	Q9D2V5
Q9NWU5	Q9NWU5
Q9NWU5	Q8BU88
Q9NWU5	P0C2C0
Q9NWM3	Q9NWM3
Q9NWM3	Q8R3V6
Q9NWM3	Q5PQP8
Q9NZ43	Q9NZ43
Q9NZ43	Q9CQ56
Q14159	Q14159
Q14159	Q8BGX7
Q99J25	Q99J25
Q99J25	D3ZK81
Q99J25	Q6IN84
Q9DBN5	Q9DBN5
Q9DBN5	Q3MIB4
Q9DBN5	Q8CGK3
Q9DBN5	Q924S5
Q9DBN5	Q86WA8
Q9DBN5	P36776
Q9P127	Q9P127
Q8CHX6	Q8CHX6
Q8CHX6	O43462
P29416	P29416
P29416	Q6AXR4
P29416	P20060
P29416	P07686
P29416	Q641X3
P29416	P06865
Q8JZU6	Q8JZU6
Q8JZU6	Q4KLK8
Q8JZU6	Q5TGL8
Q8N635	Q8N635
Q8N635	B0BMX9
Q8N635	Q9D513
Q9P086	Q9P086
Q9P086	Q9D8C6
Q9P086	A0A0G2K2A7
Q6PDY0	Q6PDY0
Q6PDY0	A6NKD9
Q6PDY0	D3ZMD4
Q6PDY0	E9Q6B2
Q6PDY0	Q5SP85
Q6PDY0	Q96PX6
Q6PDY0	Q15834
Q3SXR2	Q3SXR2
Q3ULG3	Q3ULG3
Q3ULG3	Q8NEQ6
P11597	P11597
Q9CZF2	Q9CZF2
Q3TIR1	Q3TIR1
Q3TIR1	A5PLN9-5
Q3TIR1	Q5M887
Q3TIR1	A5PLN9
Q3LHN1	Q3LHN1
Q96HZ7	Q96HZ7
Q9WUQ7	Q9WUQ7
Q9WUQ7	O95424
Q6RVD6	Q6RVD6
P02651	P02651
P02651	P06728
P02651	P06727
Q5VZ03	Q5VZ03
Q5VZ03	P97346
Q5VZ03	Q9D531
Q5VZ03	XP_001054275
Q5VZ03	D4A0M2
Q5VZ03	Q6DKJ4
Q5VZ03	Q96CM4
Q5VZ03	Q8VC33
Q6ZR54	Q6ZR54
Q7Z5S9	Q7Z5S9
Q7Z5S9	Q8VEH0
NP_001101717	NP_001101717
NP_001101717	Q91V09
NP_001101717	Q9H1Z4
Q7Z591	Q7Z591
Q7Z591	Q80VW7
Q7Z591	D3ZLV5
Q7Z591	Q5T1N1
P07607	P07607
P07607	P45352
P07607	P04818
O95159	O95159
O95159	M0RCA3
O95159	Q9DB43
Q8BWU1	Q8BWU1
Q8BWU1	Q5BIV7
Q8BWU1	Q5BIV9
O95707	O95707
O95707	Q9CR08
O95707	Q5M882
Q99LQ1	Q99LQ1
Q99LQ1	F1LRS1
Q99LQ1	Q9NS73-5
Q99LQ1	Q9NS73
Q9CXT8	Q9CXT8
Q9CXT8	Q68FY0
Q9CXT8	P20069
Q9CXT8	Q9CZ13
Q9CXT8	P31930
Q9CXT8	P31800
Q9CXT8	Q10713
Q9CXT8	Q03346
Q9CXT8	Q9DC61
Q9CXT8	O75439
O94923	O94923
O94923	Q9EPS3
O94923	D3ZIK0
Q60928	Q60928
Q60928	Q99MZ4
Q60928	P36269-3
Q60928	Q6IE08
Q60928	A6NGU5
Q60928	Q9UJ14-5
Q60928	B5MD39
Q60928	Q9UJ14
Q60928	Q6P531
Q60928	P36268
Q60928	Q9QWE9
Q60928	P07314
Q60928	Q9BX51
Q60928	Q14390
Q60928	Q99JP7
Q60928	Q6PDE7
Q60928	P19440
Q60928	Q9Z2A9
Q60928	P36269
Q60928	P36268-3
Q923D2	Q923D2
Q923D2	B5DF65
Q923D2	P30043
Q8TB03	Q8TB03
Q8TB03	B1WBZ6
Q8TB03	Q8C5K5
Q9CPR1	Q9CPR1
Q9CPR1	Q569B7
Q9CPR1	Q6NW29
Q91WR6	Q91WR6
Q91WR6	Q9NU53
D4A857	D4A857
D4A857	Q91YE6
D4A857	Q96P70
Q9BUE6	Q9BUE6
Q9BUE6	Q80W96
Q9BUE6	Q9BUE6-2
Q9BUE6	Q9D924
Q5M7A7	Q5M7A7
Q5M7A7	Q9CW19
Q5M7A7	Q96F85
Q5M7A7	Q5M8N0
Q13794	Q13794
Q13794	Q9JM54
Q13794	Q5U777
Q8K339	Q8K339
Q8K339	D3ZRI6
Q8K339	O60870
Q9CXU1	Q9CXU1
Q9CXU1	D4A7J4
Q9CXU1	Q9Y3C7
Q96DC7	Q96DC7
Q96DC7	Q96DC7-2
Q96DC7	G3V979
Q96DC7	Q8BQX5
D3ZAQ5	D3ZAQ5
D3ZAQ5	Q9D4A5
D3ZAQ5	Q6ZW13
Q9H706-2	Q9H706-2
Q9H706-2	Q9H706-3
Q9H706-2	Q9H706
Q9H706-2	Q75VX8
Q9H706-2	M0RB26
Q9H706-2	Q6PAJ3
Q9H706-2	Q3UFT3
A1A5P3	A1A5P3
A1A5P3	Q96B01
A1A5P3	Q8C551
Q96HJ3-2	Q96HJ3-2
Q96HJ3-2	Q96HJ3
Q96HJ3-2	Q3UI66
Q13155-2	Q13155-2
Q13155-2	Q32PX2
Q13155-2	Q13155
Q13155-2	Q8R010
Q80ZA7	Q80ZA7
Q80ZA7	Q8N0W7
P50395-2	P50395-2
P50395-2	P21856
P50395-2	P31150
P50395-2	P50396
P50395-2	P50398
P50395-2	Q61598
P50395-2	P50399
P50395-2	P50395
Q86X10-2	Q86X10-2
Q86X10-2	Q8BQZ4
Q86X10-2	Q86X10
Q86X10-2	A2ACC6
Q86X10-2	P86410
B2RZD5	B2RZD5
B2RZD5	Q9D7S7
B2RZD5	P67984
B2RZD5	XP_001473369
B2RZD5	P35268
B2RZD5	Q6P5R6
B2RZD5	P47198
A6H8Y1-2	A6H8Y1-2
A6H8Y1-2	Q571C7
A6H8Y1-2	A6H8Y1
A6H8Y1-2	AAI66983
A6H8Y1-2	NP_001099873
Q9BQ52-2	Q9BQ52-2
Q9BQ52-2	Q8CGS5
Q9BQ52-2	Q80Y81
Q9BQ52-2	Q9BQ52
Q9BQ52-2	Q9H777
Q9BQ52-2	Q9BQ52-4
Q9BQ52-2	Q8VEB6
Q9BPZ7-2	Q9BPZ7-2
Q9BPZ7-2	Q9BPZ7
Q9BPZ7-2	Q8BKH7
Q9BPZ7-2	Q6AYF1
Q9ES53	Q9ES53
Q9ES53	P70362
Q9ES53	Q92890-1
Q9ES53	Q92890
P46953	P46953
P46953	Q78JT3
P46953	P46952
Q4QR70	Q4QR70
Q4QR70	Q4V7C9
Q4QR70	Q9D0F4
Q4QR70	Q8N5F7
Q4QR70	Q5SZT7
Q4QR70	Q5M9Q1
B2RYG1	B2RYG1
B2RYG1	Q9CR80
B2RYG1	Q9Y421
Q99N75	Q99N75
Q99N75	Q76I99
Q99N75	Q3SXH3
Q8R3L0	Q8R3L0
Q8R3L0	Q6P719
Q8R3L0	Q8N4V1
Q8R3L0	Q8K273
Q8R3L0	B5DF51
Q8R3L0	Q8N4V1-2
D3ZBT2	D3ZBT2
D3ZBT2	P58686
D3ZBT2	Q9BUW7
Q3UUQ0	Q3UUQ0
B1WBU7	B1WBU7
B1WBU7	Q9CXL1
B1WBU7	O95807
B1WBU7	P56557
B1WBU7	Q9D1X9
Q9QZ76	Q9QZ76
Q9QZ76	P02144
Q9QZ76	P04247
Q6P6Q6	Q6P6Q6
Q6P6Q6	Q8R3J4
Q6P6Q6	Q96E29
P20788	P20788
P20788	Q9CR68
P20788	P0C7P4
P20788	P13272
P20788	P47985
P10118	P10118
P10118	P04553
P10118	P02319
Q5BK63	Q5BK63
Q5BK63	Q16795
Q5BK63	Q9DC69
Q5BK32	Q5BK32
Q5BK32	Q3TDN2
Q5BK32	Q96CS3
Q6PEC1	Q6PEC1
Q6PEC1	O75347
Q6PEC1	P48428
Q5EBA1	Q5EBA1
Q5EBA1	Q8IYB8
Q5EBA1	Q80YD1
O88813	O88813
O88813	P33121-2
O88813	P33124
O88813	Q9ULC5-3
O88813	P33121
O88813	P18163
O88813	Q9QUJ7
O88813	Q9UKU0-2
O88813	Q9UKU0
O88813	P33121-3
O88813	Q9UKU0-1
O88813	Q8JZR0
O88813	P41216
O88813	Q9UKU0-8
O88813	Q9ULC5
O88813	Q9CZW4
O88813	Q63151
O88813	O95573
O88813	Q91WC3
O88813	O60488
O88813	O35547
Q99PD4	Q99PD4
Q99PD4	Q9R0Q6
Q99PD4	Q92747
Q99PD4	O88656
Q99PD4	Q58CQ2
Q99PD4	Q9WV32
Q99PD4	O15143
D4AE79	D4AE79
D4AE79	Q921W0
D4AE79	Q7LBR1
D4AE79	Q99LU0
D4AE79	G3V6A6
D4AE79	Q9CQD4
D4AE79	Q9HD42
D4AE79	NP_001103003
A8R0U8	A8R0U8
Q5BJX1	Q5BJX1
Q5BJX1	Q8IXM3
Q5BJX1	Q9CQN7
Q6E0U4-2	Q6E0U4-2
Q6E0U4-2	Q6E0U4
Q6E0U4-2	Q6P253
Q86X51	Q86X51
Q0P641	Q0P641
Q0P641	Q8C3M9
Q9BVC4-4	Q9BVC4-4
Q9BVC4-4	Q9BVC4
Q9BVC4-4	Q9Z2K5
Q9BVC4-4	Q9DCJ1
Q52LC2	Q52LC2
Q52LC2	O54715
Q52LC2	Q9R1Q9
Q52LC2	Q15904
D3Z2X2	D3Z2X2
D3Z2X2	Q96M86
A8MYZ0	A8MYZ0
A8MYZ0	Q3UQI9
A8MYZ0	Q4G0A6
A8MYZ0	D3ZJJ0
P61364	P61364
P61364	P61365
P61364	P61366
Q9BPX6	Q9BPX6
Q9BPX6	Q8VCX5
Q9BPX6	Q9BPX6-3
Q9BPX6	Q6P6Q9
Q8BRE0	Q8BRE0
Q8BRE0	P0DJH9
Q8BRE0	B2RV38
Q8BRE0	D3ZFH4
Q8BRE0	Q7Z3Z2
Q9BTF0	Q9BTF0
Q9BTF0	Q9CZB3
Q5T8R8	Q5T8R8
Q96QF7	Q96QF7
Q86UN6	Q86UN6
Q86UN6	O35817
Q86UN6	Q3V0I7
Q6TYB5	Q6TYB5
Q6TYB5	P97577
Q6TYB5	Q9UHY8-2
Q6TYB5	P97578
Q6TYB5	Q99689
Q6TYB5	Q8K0X8
Q6TYB5	Q9UHY8
Q96EX3	Q96EX3
Q96EX3	A0A0G2QC64
Q96EX3	Q5U4F6
D3ZU00	D3ZU00
D3ZU00	P48437
D3ZU00	Q92786
D3ZU00	Q8BII1
D3ZU00	Q3B8N5
D3Z5T1	D3Z5T1
D3Z5T1	A2IDD5
D3ZZZ0	D3ZZZ0
D3ZZZ0	Q8WYP5
D3ZZZ0	Q8CJF7
D3ZZZ0	Q8WYP5-2
C9J202	C9J202
C9J202	Q9BT22
C9J202	Q921Q3
C9J202	NP_001101734
P10637	P10637
P10637	P27546
P10637	P27546-4
P10637	P27816-2
P10637	P27816
P10637	E7EVA0
P10637	A0A0G2JFH2
P10637	P27816-6
P10637	P10636-7
P10637	P29172
P10637	Q28869
P10637	P27816-4
P10637	P36225
P10637	P15146-2
P10637	P11137-4
P10637	B4DM10
P10637	P10636
P10637	P27546-3
P10637	P11137-2
P10637	P27816-5
P10637	P10636-3
P10637	P11137
P10637	P10636-6
P10637	P19332
P10637	Q3TLQ0
P10637	P15146-3
P10637	P11137-3
P10637	P20357
P10637	P10637-2
P10637	P15146
P10637	P27816-3
P10637	P10636-8
P10637	B1AQW2
P10637	P15146-4
P10637	Q3URJ7
P10637	P10636-5
P10637	ACK86564
P10637	P10636-2
P10637	P10636-4
P10637	Q5M7W5
P35639	P35639
P35639	Q62857
P35639	P35638
Q28708	Q28708
Q28708	Q62736
Q28708	Q05682-3
Q28708	Q8VCQ8
Q28708	Q05682-4
Q28708	A2A6J4
Q28708	Q99N97
Q28708	P19973
Q28708	P33241
Q28708	Q4QQV6
Q28708	Q05682-5
Q28708	Q05682-6
Q28708	Q05682-2
Q28708	E9QA15
Q28708	NP_776683
Q28708	P33241-2
Q28708	P33241-3
Q28708	P12957
Q28708	Q05682
D4A2K1	D4A2K1
D4A2K1	Q86XE5
D4A2K1	Q9DCU9
P32881	P32881
P32881	P01568
P32881	P05014
P32881	P01569
P32881	P05013
P32881	P01574
P32881	Q80SU4
P32881	XP_578472
P32881	Q86WN2
P32881	B1AYH7
P32881	Q80ZF2
P32881	P01570
P32881	P05015
P32881	Q810G5
P32881	P01567
P32881	P01575
P32881	Q9P0W0
P32881	P70499
P32881	Q7TSL0
P32881	P05000
P32881	P01562
P32881	P01572
P32881	Q61716
P32881	P01566
P32881	P01563
P32881	P01571
Q99LE2	Q99LE2
Q99LE2	Q96CH1
Q8R296	Q8R296
Q8R296	Q9EQ47
Q8R296	Q9EPS6
Q8R296	Q8R2C5
Q8R296	Q7Z5H5
Q8R296	Q5J3H1
Q8R296	Q8R2A2
Q8R296	E9Q4H3
Q8R296	Q5J3M7
Q8R296	Q32M29
Q8R296	Q8K4H8
Q8R296	G3UY92
Q8R296	Q8R261
Q8R296	Q8R287
Q8R296	K7N778
Q8R296	Q8R275
Q8R296	Q5J3K8
Q8R296	Q5J3K7
Q8R296	NP_001161014
Q8R296	G3UW71
Q8R296	Q9GZP7
Q8R296	K9J7G0
Q8R296	Q8R2A1
Q8R296	Q8R293
Q8R296	Q8R2E3
Q8R296	L7N293
Q8R296	NP_001008932
Q8R296	Q5J3N1
Q8R296	Q8R2E4
Q8R296	Q8K3N5
Q8R296	Q8R290
Q8R296	Q9EQ46
Q8R296	L7N275
Q8R296	Q9EQ44
Q8R296	Q8R2D5
Q8R296	Q8R270
Q8R296	NP_001008909
Q8R296	L7N2B4
Q8R296	Q14C06
Q8R296	Q8VIC0
Q8R296	Q5J3M9
Q8R296	Q9BXE9
Q8R296	Q8R271
Q8R296	Q8K3N7
Q8R296	F8VQ63
Q8R296	Q8R257
Q8R296	Q9EP93
Q8R296	Q8R272
Q8R296	Q5J3I6
Q8R296	K7N608
Q8R296	Q5J3L2
Q8R296	Q9EQ36
Q8R296	Q8R2C6
Q8R296	NP_001008902
Q8R296	Q5J3H6
Q8R296	Q8R2E2
Q8R296	E9Q235
Q8R296	Q8R2B8
Q8R296	Q5J3J5
Q8R296	Q9WUF1
Q8R296	Q5J3G0
Q8R296	Q8R281
Q8R296	Q8VBS7
Q8R296	Q5J3M8
Q8R296	K9J7H2
Q8R296	Q8NFZ6
Q8R296	W4VSP8
Q8R296	Q8R256
Q8R296	Q5SVD6
Q8R296	L7N273
Q8R296	Q8R255
Q8R296	Q8TDU5
Q8R296	Q8R263
Q8R296	Q8R2C2
Q8R296	Q8R2A6
Q8R296	G3UW31
Q8R296	G3UWG3
Q8R296	Q5J3H8
Q8R296	Q8R2D2
Q8R296	Q8R286
Q8R296	Q5J3J3
Q8R296	Q5J3M4
Q8R296	Q8R292
Q8R296	Q5J3K9
Q8R296	Q8R258
Q8R296	Q8K3N2
Q8R296	Q5J3F6
Q8R296	Q62850
Q8R296	Q7Z5H4
Q8R296	Q8R2A3
Q8R296	Q9EP51
Q8R296	Q8R279
Q8R296	G3UWI8
Q8R296	D3YTY2
Q8K0M7	Q8K0M7
Q8K0M7	Q5JTZ5
O70518	O70518
O70518	O70619
O70518	O70616
Q8NCQ2	Q8NCQ2
Q9DC60	Q9DC60
Q9DC60	Q9Y5Z9
Q9DC60	D3ZG27
XP_001065203	XP_001065203
D3ZVR4	D3ZVR4
D3ZVR4	Q9D011
D3ZVR4	Q8TAP9
O35347	O35347
O35347	Q9BY27
O35347	Q14129
A0A1B0GUA6	A0A1B0GUA6
B1AXP6	B1AXP6
B1AXP6	D3ZZY4
B1AXP6	Q8N4H5
XP_001475799	XP_001475799
XP_001475799	P62841
XP_001475799	P62843
XP_001475799	P62845
Q719N3	Q719N3
Q719N3	Q8IY49
Q719N3	Q9CQY7
Q719N3	Q15546
Q719N3	Q8R189
NP_001380837	NP_001380837
NP_001380837	Q9BSJ5
NP_001380837	Q6PIX9
Q9BYI3-3	Q9BYI3-3
Q9BYI3-3	D4AE31
Q9BYI3-3	Q8C729
Q9BYI3-3	Q6P9N1
Q9BYI3-3	Q8IXS8
Q9BYI3-3	Q9BYI3
Q9BYI3-3	Q4V7D4
D4A4L5	D4A4L5
D4A4L5	Q86U28
D4A4L5	Q9DCB8
P60866	P60866
P60866	P60867
P60866	P60868
P60866	P60866-2
P35385	P35385
P35385	NP_113795
P35385	Q9UBY9
P35385	Q9UBY9-2
P62876	P62876
P62876	NP_001137383
P62876	P62875
P02783	P02783
P02783	P18419
P22613	P22613
P22613	P09430
P22613	P02317
P22613	P10856
Q08AI8	Q08AI8
Q08AI8	B1WC80
Q08AI8	Q8CEZ4
E9PCW1	E9PCW1
E9PCW1	Q62931
E9PCW1	O88630
E9PCW1	O95249
D4A2N1	D4A2N1
D4A2N1	O95260
D4A2N1	O95260-2
D4A2N1	Q9Z2A5
Q6ZTR6	Q6ZTR6
Q8WXD2	Q8WXD2
Q8WXD2	P47868
Q8WXD2	P47867
Q8CB59	Q8CB59
Q8CB59	Q8QZV6
Q8CB59	Q3B820
Q8CB59	Q3SY00
Q8CB59	Q96MY7
Q8CB59	Q66MI6
Q8CB59	Q3B820-3
Q8CB59	Q6AY14
Q8CB59	XP_003085425
Q497H4	Q497H4
Q497H4	D4A543
Q497H4	P35710
Q497H4	P35711
Q497H4	Q05066
Q497H4	Q04887
Q497H4	Q06831
Q497H4	P48436
Q497H4	Q924A2
Q497H4	D4A8S0
Q497H4	NP_001258134
Q497H4	Q06945
Q497H4	P41225
Q497H4	Q8CGW4
Q497H4	Q8R316
Q497H4	P53784
Q497H4	O94993
Q497H4	O60381
Q497H4	Q9UN79
Q497H4	Q04891
Q497H4	O15370
Q497H4	P36394
Q497H4	Q04890
Q497H4	Q04888
Q497H4	A1L1L0
Q497H4	P56693
Q497H4	P48434
Q497H4	P40645
Q497H4	Q8VBW5
Q497H4	P35712
Q497H4	Q8WY36
Q497H4	P57073
Q497H4	F1LYL9
Q497H4	Q04886
Q497H4	P53783
Q497H4	O00570
Q497H4	O55170
Q497H4	F1M8W4
Q497H4	P48431
Q497H4	Q8WY36-2
Q497H4	G3V923
Q497H4	P35713
Q497H4	P43267
Q497H4	Q05738
Q497H4	NP_001100960
Q497H4	Q9Y651
Q497H4	Q811W0
Q497H4	O60248
Q497H4	O95416
Q497H4	Q04892
Q497H4	Q62661
Q497H4	P48432
Q497H4	A0A0G2JTZ2
Q497H4	P43680
Q497H4	Q7M6Y2
Q497H4	P0C1G9
Q497H4	Q9H6I2
Q497H4	Q924A2-2
Q497H4	P40646
Q497H4	P35716
Q497H4	Q61473
Q497H4	Q96RK0
Q497H4	Q9BT81
P21549	P21549
P21549	O35423
P21549	P09139
Q4G0Z9	Q4G0Z9
Q4G0Z9	Q5XI14
Q4G0Z9	E9Q956
Q8C8W6	Q8C8W6
D3Z4I0	D3Z4I0
D3Z4I0	A0A8I5ZR91
D3Z4I0	Q5H8A4
D3Z4I0	Q8TEQ8
D3Z4I0	Q9JJI6
D3Z4I0	M0RDM7
XP_234477	XP_234477
XP_234477	Q0KK59
XP_234477	E5CYJ9
XP_234477	Q9P2D8
XP_234477	Q9P2D8-3
Q9Y478	Q9Y478
Q9Y478	P80386
Q9Y478	Q9R078
Q9Y478	Q9QZH4
Q9Y478	Q6PAM0
Q9Y478	O43741
Q8BQR4	Q8BQR4
Q8BQR4	Q66JY2-4
Q8BQR4	Q53TQ3
Q8BQR4	Q66JY2
Q8BQR4	Q6AY70
Q8BQR4	Q9H9L4
Q8BQR4	Q9H9L4-4
Q149F5	Q149F5
Q149F5	Q6P5X7
Q80XX9	Q80XX9
Q80XX9	Q9NP84
Q80XX9	Q9CR75
O43555	O43555
Q8N8E1	Q8N8E1
Q5VJ70	Q5VJ70
Q5VJ70	Q7TSN7
Q5VJ70	Q9NSI5
P04035-2	P04035-2
P04035-2	P51639
P04035-2	P04035-3
P04035-2	Q01237
P04035-2	P09610
P04035-2	P04035
P04035-2	Q1W675
A8MY62	A8MY62
A8MY62	XP_001069564
A8MY62	S4R213
Q8NBD8	Q8NBD8
Q8NBD8	Q8BFQ2
Q8NBD8	B2RXF0
Q8NBD8	B9EJI9
Q9D3Y4	Q9D3Y4
A6NCI5	A6NCI5
C9JUS6	C9JUS6
A2RU37	A2RU37
Q8CAQ5	Q8CAQ5
Q8CAQ5	P26350
Q8CAQ5	P06454-2
Q8CAQ5	P06302
Q8CAQ5	Q15254
Q8CAQ5	P01252
Q8CAQ5	P06454
Q9NPU4	Q9NPU4
Q4KMG9	Q4KMG9
Q4KMG9	B7ZN39
Q4KMG9	Q0VBF2
Q4KMG9	Q8NDY8
Q4KMG9	Q9D702
O43676	O43676
O43676	D4A4P3
O43676	Q9CQZ6
Q9H1C4	Q9H1C4
Q9H1C4	D3ZDJ4
Q9H1C4	Q8VCW4
Q13573	Q13573
Q13573	NP_001102749
Q13573	Q9CSN1
O75909-1	O75909-1
O75909-1	P51946
O75909-1	Q9R1Q2
O75909-1	Q5I0H5
O75909-1	Q61458
O75909-1	NP_001192910
O75909-1	O60583-2
O75909-1	Q9UK58
O75909-1	O75909
O75909-1	A1L1L5
O75909-1	Q9R1A0
O75909-1	O88874
O75909-1	D3ZC98
O75909-1	O60563
O75909-1	Q9JJA7
O75909-1	Q4QQW5
O75909-1	Q96S94
O75909-1	Q8N1B3
O75909-1	Q8QZR8
O75909-1	Q7TQK0-2
O75909-1	O60563-2
O75909-1	P39947
O75909-1	P24863
O75909-1	Q62447
O75909-1	Q7TQK0
O75909-1	O60583
O75909-1	Q9QWV9
O75909-1	O75909-4
O75909-1	Q52KE7
Q9Z261	Q9Z261
Q9Z261	P54849
Q9Z261	P54848
Q9Z261	Q9Z1L1
Q9Z261	Q9Z0S5
Q9Z261	Q9Z0S6
Q9Z261	P56857
Q9Z261	P56746
Q9Z261	P78369
Q9Z261	P56856
Q9Z261	Q01453
Q9Z261	P16646
Q9Z261	Q9Z262
Q9Z261	O35054
Q9Z261	Q99P82
Q9Z261	Q9QYW5
Q9Z261	Q9Z0G9
Q9Z261	B4F7F0
Q9Z261	P54852
Q9Z261	O54942
Q9Z261	Q9JKD6
Q9Z261	Q9Z260
Q9Z261	O35912
Q9Z261	O00501
Q9Z261	P56750
Q9Z261	Q9Z0S4
Q9Z261	O14493
Q9Z261	Q499Q7
Q9Z261	Q8BXA6
Q9Z261	Q9ET38
Q9Z261	O95471
Q9Z261	P56748
Q9Z261	Q63400
Q9Z261	O15551
Q9Z261	Q8N7P3
Q9Z261	C9JDP6
Q9Z261	Q9D7U6
Q9Z261	P56880
Q9Z261	Q9D7D7
Q9Z261	A6NM45
Q9Z261	O88552
Q9Z261	Q5QT56
Q9Z261	Q96B33
Q9Z261	Q9Z0S3
Q9Z261	Q5BJQ1
Q9Z261	Q66HH2
Q9Z261	P25094
Q9Z261	P57739
Q9Z261	P56747
Q9Z261	Q8N6F1
Q9Z261	O95500
Q9Z261	P56856-2
Q9Z261	Q9Z0S7
Q9Z261	Q5ZMG2
Q9Z261	O95484
Q9Z261	P56745
Q9Z261	O88662
Q9Z261	O88551
Q9Z261	P54851
Q9Z261	O95832
Q9Z261	Q60771
Q9Z261	Q5XIT8
Q9Z261	O75508
Q9Z261	D3ZQJ0
Q9Z261	P47801
Q9Z261	Q5I0E5
Q7Z2X4-3	Q7Z2X4-3
Q7Z2X4-3	Q7Z2X4
Q7Z2X4-3	Q7TPA0
Q7Z2X4-3	Q3UBG2
Q7Z2X4-3	Q7Z2X4-4
Q8K1T6	Q8K1T6
Q7Z4B0	Q7Z4B0
Q5H9L4-3	Q5H9L4-3
Q5H9L4-3	Q3V063
Q5H9L4-3	Q15545
Q5H9L4-3	F1LV83
Q5H9L4-3	B0BN78
Q5H9L4-3	Q5H9L4
Q5H9L4-3	NP_001129349
Q5H9L4-3	Q9R1C0
Q5H9L4-3	Q9D3R9
Q7TQ79	Q7TQ79
Q7TQ79	P86050
Q7TQ79	Q5T4T1
Q7TQ79	Q8WVE7
Q7TQ79	Q9D342
P0C0A9	P0C0A9
P0C0A9	Q3UZP4
P0C0A9	Q8NHG7
Q9JJK4	Q9JJK4
Q9JJK4	Q9QXY9
Q9JJK4	P56589
Q3TS39	Q3TS39
Q3TS39	A0A1B0GW64
Q3TCV3-2	Q3TCV3-2
Q3TCV3-2	A4D1B5
Q3TCV3-2	Q3TCV3
D3ZIP0	D3ZIP0
D3ZIP0	Q6EAL8
D3ZIP0	Q6EBC2
P0C7T7	P0C7T7
Q8TAV5	Q8TAV5
Q99MB3	Q99MB3
Q99MB3	Q9BX74
Q99MB3	Q8BJ83
Q99MB3	Q9BRN9
Q99MB3	Q8R0I4
Q99MB3	Q9BX73
Q99MB3	Q9BRN9-2
Q99MB3	Q566R2
Q96M66	Q96M66
P59022	P59022
Q30KP0	Q30KP0
Q30KP0	Q9H1M3
B7ZC24	B7ZC24
B7ZC24	Q91W39
B7ZC24	D3ZEI6
B7ZC24	Q9HCD5
P59103	P59103
Q6UWT2	Q6UWT2
Q6UWT2	Q8K1D8
Q8WY50	Q8WY50
Q8N6K4	Q8N6K4
Q9JI83	Q9JI83
Q9JI83	G5E8D7
Q9JI83	Q86WS3
Q9JI83	Q4FZG8
Q9JI83	Q925U0
Q9JI83	Q4V7E2
Q9JI83	Q9HBJ0
Q9JI83	A0A2R8YFL7
Q9JI83	A0A2R8Y4Y8
Q9JI83	A8MZH6
Q9JI83	A0A2R8YFM6
A6NKX1	A6NKX1
A6NKX1	Q8IWN6
Q4KMX7	Q4KMX7
Q4KMX7	P0CH98
Q629K1	Q629K1
Q629K1	Q5EB66
Q629K1	B2B9E1
Q8TB33	Q8TB33
Q8CIV0	Q8CIV0
Q8CIV0	Q7TPE5
Q8CIV0	Q96CW6
H0YFA7	H0YFA7
H0YFA7	Q9Y223-2
H0YFA7	Q3UW64
H0YFA7	Q9Y223
H0YFA7	O35826
H0YFA7	Q91WG8
Q5RK14	Q5RK14
Q5RK14	D2DFA9
Q5RK14	Q1JPD9
Q5RK14	Q3KRC4
Q5RK14	Q8BHL4
Q5RK14	I7HPW4
Q5RK14	Q8K3J9
Q5RK14	Q9NQ84
Q5RK14	Q8NFJ5
Q5RK14	Q923Z0
Q5RK14	Q9NZH0
Q5RK14	Q9NQ84-2
Q5RK14	Q9NZH0-2
Q5RK14	D4A3F5
Q5RK14	Q9NZD1
Q5RK14	Q9JIL6
P51577	P51577
P51577	Q99571
P51577	P51578
P51577	P51575
P51577	Q93086
P51577	Q3UYI1
P51577	P49653
P51577	P51576
P51577	Q8K3P1
P51577	Q9UBL9
P51577	P47824
P51577	P49654
P51577	P51579
P51577	Q3UR32
P51577	P56373
P51577	Q9JJX6
P51577	Q64663
P51577	Q99571-2
P51577	Q9Z1M0
P51577	Q99572
P51577	O54803
P51577	O15547
F1LP56	F1LP56
F1LP56	Q80VP2
F1LP56	Q9P0W8
Q9UF11-2	Q9UF11-2
Q9UF11-2	Q96CS7
Q9UF11-2	Q9QYE9
Q9UF11-2	Q96CS7-2
Q9UF11-2	Q9WU68
Q9UF11-2	Q9UF11
Q9UF11-2	Q96CS7-6
Q9UF11-2	Q9QZC7
Q9UF11-2	D4A263
Q9D1L9	Q9D1L9
Q9D1L9	D3ZF11
Q9D1L9	O43504
Q9D1L9	G3UW70
Q6R5H6	Q6R5H6
Q96SW2-2	Q96SW2-2
Q96SW2-2	Q56AP7
Q96SW2-2	P0CF65
Q96SW2-2	Q96SW2
Q96SW2-2	Q8C7D2
Q96SW2-2	Q8C7D2-3
Q6PDI5	Q6PDI5
Q6PDI5	Q5VYK3
P31939	P31939
P31939	O35567
P31939	Q9CWJ9
Q6ZPU9	Q6ZPU9
Q6ZPU9	Q4G074
Q6ZPU9	Q96EK5
Q9BRT2	Q9BRT2
Q9BRT2	B5DFN3
Q9BRT2	Q9CQY6
Q92616	Q92616
Q92616	NP_001162135
Q92616	E9PVA8
Q15428	Q15428
Q15428	Q6AXT8
Q15428	Q62203
Q15041	Q15041
Q15041	Q9JKW0
Q15041	Q7TMZ5
Q8TEL6	Q8TEL6
Q8TEL6	B2RYF4
Q8TEL6	Q9JLV2
Q96MR7	Q96MR7
Q9Y3A2	Q9Y3A2
Q9Y3A2	Q8R5K5
Q9Y3A2	Q9CZJ1
P29699	P29699
P29699	P12763
P29699	P24090
P29699	P02765
Q9P2B7	Q9P2B7
Q9P2B7	Q66H34
Q9P2B7	Q6ZPR1
Q3TGW2	Q3TGW2
Q3TGW2	Q5XI74
Q3TGW2	Q7L9B9
Q9JK38	Q9JK38
Q9JK38	B1H249
Q9JK38	Q96EK6
Q8TBK2	Q8TBK2
Q8TBK2	D3ZSK5
Q8TBK2	Q9CWY3
Q6UXV1	Q6UXV1
Q6UXV1	Q5VZ72
Q6UXV1	Q9DA16
Q6UXV1	Q9DA16-2
Q6UXV1	A6PWV3
Q6UXV1	A6PWV3-2
Q2TAA8	Q2TAA8
Q2TAA8	Q99P25
E9PQX1	E9PQX1
E9PQX1	D3Z338
P15018	P15018
P15018	P17777
P15018	P09056
O43920	O43920
O43920	B5DEL8
O43920	Q99LY9
Q9DCT5	Q9DCT5
Q9DCT5	Q9UKY4
Q9DCT5	Q8BGQ4
Q9DCT5	D4A4H5
Q9DCT5	Q9HCN8
Q9DCT5	Q99PR0
Q9DCT5	Q9ESP1
Q9DCT5	Q8R2R1
Q9DCT5	Q9Y6A1
Q9DCT5	Q99470
Q9DCT5	D4A9Y0
Q9DCT5	Q14U74
Q8BVB5	Q8BVB5
Q8BVB5	Q30KP8
Q8VE85	Q8VE85
Q8VE85	Q6P9U4
Q8VE85	Q9CYY7
Q8VE85	Q9Y3B1
Q8VE85	Q96N28
NP_766424	NP_766424
NP_766424	Q5HYC2
A0PK00	A0PK00
A0PK00	Q9BXJ8
A0PK00	Q8C1E7
A0PK00	Q5HZE2
A0PK00	Q3TA38
Q80ZS5	Q80ZS5
Q80ZS5	H7C241
Q61002	Q61002
B1WC12	B1WC12
B1WC12	Q921Y4
B1WC12	Q6N075
B1WC12	Q6N075-2
B5DFJ4	B5DFJ4
B5DFJ4	Q9P253
B5DFJ4	Q8R307
Q641Z5	Q641Z5
Q641Z5	Q9CQG1
Q641Z5	B3STU3
Q641Z5	Q8WUX2
Q641Z5	Q9BUX1
Q641Z5	Q8R3J5
Q5IRJ7	Q5IRJ7
Q5IRJ7	Q8NHR9
Q5IRJ7	Q9D6I3
Q8N5S0	Q8N5S0
Q5U2S3	Q5U2S3
Q5U2S3	Q96AP4
Q5U2S3	Q3T9Z9
Q5M862	Q5M862
Q5M862	Q9H6E4
Q5M862	Q8C7V8
D3ZN43	D3ZN43
D3ZN43	Q330K2
D3ZN43	A2AIL4
Q30KJ2	Q30KJ2
Q30KJ2	Q6TU36
NP_001100825	NP_001100825
NP_001100825	P49754
NP_001100825	Q5KU39
NP_001100825	P49754-2
NP_001012088	NP_001012088
NP_001012088	Q91XC9
NP_001012088	Q9Y5Y5
NP_001012088	Q9Y5Y5-2
D3ZWS2	D3ZWS2
D3ZWS2	Q8WUR0
D3ZWS2	Q9NSK7
D4ACM1	D4ACM1
D4ACM1	Q9CZX0
D4ACM1	Q9H9T3
D4ACM1	Q9CZX0-2
A0A024R1R8	A0A024R1R8
A0A024R1R8	Q8K003
A0A024R1R8	Q9Y2S6
A0A024R1R8	NP_001119520
B1WBY1	B1WBY1
B1WBY1	Q9WTX6
B1WBY1	Q13616
B1WBY1	B2RYJ3
B1WBY1	Q13617-2
B1WBY1	D3ZK73
B1WBY1	Q13620
B1WBY1	Q9JJ31
B1WBY1	Q13618
B1WBY1	Q3TCH7
B1WBY1	Q9D5V5
B1WBY1	Q93034
B1WBY1	B5DF89
B1WBY1	Q9JLV5
B1WBY1	Q9D4H8
B1WBY1	Q13617
B1WBY1	D4A0H4
B1WBY1	Q13619
B1WBY1	A2A432
B1WBY1	Q13620-1
D4AEE9	D4AEE9
D4AEE9	P60002
D4AEE9	P60003
Q3TC33	Q3TC33
Q3TC33	Q96BQ5
Q3TC33	Q6PEB9
Q99MU1	Q99MU1
Q99MU1	Q791F6
Q99MU1	Q86W33
Q9JJ79	Q9JJ79
Q9JJ79	Q8NCM8-2
Q9JJ79	Q8NCM8
Q9JJ79	Q45VK7
Q9BVC5	Q9BVC5
Q9BVC5	Q922M7
Q9BVC5	Q5RJT0
A0A1B0GU29	A0A1B0GU29
XP_235391	XP_235391
XP_235391	Q9D4G5
XP_235391	Q99575
D4AAU6	D4AAU6
D4AAU6	Q78PG9
D4AAU6	Q86WR0
Q9R0A8	Q9R0A8
Q9R0A8	Q96CS2
Q9R0A8	Q8BHX1
Q5XHY6	Q5XHY6
Q5XHY6	Q2TB18
Q5XHY6	Q8BIR2
Q96C01	Q96C01
Q96C01	Q9CR98
Q96C01	B0BN94
XP_578381	XP_578381
P56277	P56277
P56277	Q61908
NP_001099282	NP_001099282
NP_001099282	O75387-2
NP_001099282	Q8NBI5-2
NP_001099282	B1WBX5
NP_001099282	Q8N370-2
NP_001099282	Q8N370-3
NP_001099282	Q8CGA3
NP_001099282	Q8N370
NP_001099282	Q8BSM7
NP_001099282	O75387
NP_001099282	Q8NBI5
NP_001099282	NP_001101213
NP_001099282	A2AVZ9
Q63619	Q63619
Q63619	P97478
Q63619	Q99807
Q7Z2V1	Q7Z2V1
Q9HCK1	Q9HCK1
Q9HCK1	Q5SS00
Q9HCK1	XP_576579
Q2YD98	Q2YD98
Q2YD98	D3ZND0
Q2YD98	Q9D479
Q9QZD5	Q9QZD5
Q9QZD5	P26374
Q9QZD5	NP_001102994
Q9QZD5	Q9QXG2
Q9QZD5	P24386
Q9QZD5	P37727
P10092	P10092
P10092	P12968
P10092	P10997
P10092	P01258
P10092	P70160
P10092	P01257
P10092	Q99MP3
P10092	P10093
P10092	P01256
P10092	P06881
P10092	Q99JA0
P10092	P12969
A8MWV9	A8MWV9
Q80W37	Q80W37
Q80W37	O95149
Q80W37	Q68FP5
Q5T160	Q5T160
Q5T160	P54136-2
Q5T160	B0BNA3
Q5T160	P40329
Q5T160	Q9D0I9
Q5T160	Q3U186
Q5T160	P54136
Q8C7H1	Q8C7H1
Q8C7H1	D3ZNY3
Q8C7H1	Q8IVH4
NP_001387874	NP_001387874
NP_001387874	Q6P8M1
NP_001387874	Q6P1N9
P03466	P03466
P03466	B4URE0
Q96HJ9-2	Q96HJ9-2
Q96HJ9-2	XP_001072303
Q96HJ9-2	Q7TNC4
Q96HJ9-2	Q9Y383
Q96HJ9-2	B2RYP6
Q96HJ9-2	Q9NQ29-3
Q96HJ9-2	Q4G012
Q96HJ9-2	Q9NQ29
Q96HJ9-2	Q96HJ9
Q96HJ9-2	G3V9R0
Q96HJ9-2	Q9CYI4
Q96HJ9-2	Q9CR13
Q96HJ9-2	Q5SUF2
Q96HJ9-2	O95232
Q96HJ9-2	D3ZFB2
Q96HJ9-2	F1MYQ8
Q96HJ9-2	Q9Y383-2
A0A2U3TZJ4	A0A2U3TZJ4
A0A0G2JZF6	A0A0G2JZF6
A0A0G2JZF6	Q59J78
A0A0G2JZF6	Q8N183
Q8N9N5-2	Q8N9N5-2
Q8N9N5-2	Q8N9N5
Q8N9N5-2	B1H235
Q8N9N5-2	Q8VBU8
D3ZR17	D3ZR17
D3ZR17	Q8K194
D3ZR17	Q8WVK2
M0RDC9	M0RDC9
M0RDC9	Q9Y3B2
M0RDC9	Q9DAA6
B2RZB8	B2RZB8
B2RZB8	Q5JS54
B2RZB8	Q5JS54-2
B2RZB8	P0C7N9
Q5EBJ4	Q5EBJ4
Q5EBJ4	Q5RJL0
Q5EBJ4	Q8TAM6
P58468	P58468
P58468	Q5XII4
P58468	Q9NSI2
Q9CWU6	Q9CWU6
Q9CWU6	Q32Q54
Q9CWU6	Q9NVA1
D3ZMK9	D3ZMK9
D3ZMK9	Q69Z38
D3ZMK9	D4A563
D3ZMK9	Q9H792
D3ZMK9	Q86YV5
D3ZMK9	Q571I4
F1M298	F1M298
F1M298	Q8NFZ0-2
F1M298	Q8K2I9
F1M298	Q8NFZ0
P11101	P11101
P11101	Q05952
P11101	P11378
Q99K74	Q99K74
Q99K74	O75448
Q99K74	Q4V8B3
P39023	P39023
P39023	P27659_VAR_S265T
P39023	P27659
P39023	P21531
P39023	Q92901
P39023	D4A9G1
P39023	E9PWZ3
Q4FK66	Q4FK66
Q4FK66	Q8NAV1
Q4FK66	D3ZGL5
Q91W18	Q91W18
Q91W18	Q01804-5
Q91W18	Q9D4G9
Q91W18	Q5VV17
Q91W18	Q16637-3
Q91W18	Q9H9A7
Q91W18	F1M7Q7
Q91W18	O35876
Q91W18	Q9NP73
Q91W18	Q01804-3
Q91W18	Q9NP73-2
Q91W18	O75940
Q91W18	Q9H7E2-2
Q91W18	Q5I0K7
Q91W18	Q01804
Q91W18	P97801
Q91W18	Q3U2S4
Q91W18	Q2YDU3
Q91W18	Q16637
Q91W18	Q96G74
Q91W18	Q66HC1
Q91W18	Q9H7E2-3
Q91W18	B1AZ99
Q91W18	Q9CUB6
Q91W18	D3ZHX4
Q91W18	D4A7M3
Q91W18	Q9H7E2
Q91W18	Q5T2D3
Q91W18	B2RRE7
Q91W18	Q9D8C3
Q91W18	Q4QQU6
Q91W18	Q8BGT7
Q91W18	O18870
O75691	O75691
O75691	F1LXT3
O75691	Q5XG71
Q9NV56	Q9NV56
Q9NV56	Q14AR7
Q9NV56	Q9DAT2
Q9NV56	G3V751
P14211	P14211
P14211	Q3TQS0
P14211	Q9D9Q6
P14211	Q96L12
P14211	P24643
P14211	P52194
P14211	O14967
P14211	P18418
P14211	P35565
P14211	P35564
P14211	D3ZFS2
P14211	P27824
P14211	P27797
P14211	P27824-2
Q9BWT1	Q9BWT1
Q9BWT1	Q9BWT1-2
Q9BWT1	Q96GN5
Q9BWT1	Q922M5
Q9BWT1	Q4G059
Q9BWT1	Q96GN5-2
Q9BWT1	Q96GN5-5
Q9BWT1	Q4KM91
Q9BWT1	Q9D0M2
Q8TBE9	Q8TBE9
Q8TBE9	Q5M969
Q8TBE9	Q9CPT3
P48147	P48147
P48147	O70196
P48147	Q9QUR6
Q9Z1A1	Q9Z1A1
Q9Z1A1	Q6AYR1
Q9Z1A1	Q92734
P99029	P99029
P99029	P30044
P99029	Q9R063
O96000	O96000
O96000	D4A0T0
O96000	Q9DCS9
O95394	O95394
O95394	D3ZFX4
O95394	Q9CYR6
O95394	O95394-4
O75251	O75251
O75251	Q5RJN0
O75251	Q9DC70
P15153	P15153
P15153	Q9DAK3
P15153	P84095
P15153	P84096
P15153	Q32PX6
P15153	O94844
P15153	P61587
P15153	Q6SA80
P15153	P61588
P15153	P63001
P15153	Q6RUV5
P15153	P63000
P15153	Q62159
P15153	P08134
P15153	NP_001099931
P15153	Q15669
P15153	Q9D3G9
P15153	P60953
P15153	Q8CFN2
P15153	P60766
P15153	Q5BJZ5
P15153	Q9BYZ6
P15153	Q91V93
P15153	Q5BJV7
P15153	P62746
P15153	P62745
P15153	P62747
P15153	G1SYB4
P15153	Q9H4E5
P15153	P63000-2
P15153	Q9ER71
P15153	P60953-1
P15153	P60766-1
P15153	P60764
P15153	P60763
P15153	XP_001081814
P15153	Q9HBH0
P15153	Q8BYP3
P15153	Q7L0Q8
P15153	D4ADM8
P15153	O00212
P15153	Q9EQT3
P15153	P97348
P15153	Q92730
P15153	Q8VDU1
P15153	Q96L33
P15153	Q9Z1Y0
P15153	P52198
P15153	Q9JJL4
P15153	Q8R527
P15153	P17081
P15153	Q9QYM5
P15153	Q05144
P15153	Q5U1Y2
P15153	Q8BLR7
P15153	P61589
P15153	Q9QUI0
P15153	P61586
Q5BKX6	Q5BKX6
Q5BKX6	Q8BIV7
Q5BKX6	Q9Y2W3
Q5BKX6	Q8K4S3
Q5BKX6	Q0P5V9
Q5BKX6	P58355
Q5BKX6	Q5BKX6-2
Q5BKX6	Q9UMX9
Q5BKX6	Q8K0H7
Q5BKX6	Q5BKX6-3
Q5BKX6	Q96JT2
Q8C561	Q8C561
Q8C561	D3ZUP8
Q8C561	Q68DH5
Q8K015	Q8K015
Q8K015	Q9BU64
Q8K015	XP_008762767
Q9D4I2	Q9D4I2
Q9D4I2	Q5TIA1
E0CZ55	E0CZ55
E0CZ55	P18826
E0CZ55	P18688
E0CZ55	P46020
E0CZ55	P46020-2
E0CZ55	Q64649
E0CZ55	P46020-3
E0CZ55	Q8CBA7
E0CZ55	P46019
E0CZ55	NP_001382568
E0CZ55	Q5RKH5
E0CZ55	Q93100-2
E0CZ55	Q8BWJ3
E0CZ55	Q7TSH2
E0CZ55	Q93100-3
E0CZ55	Q93100
E0CZ55	P12798
Q8C738	Q8C738
Q78XM1	Q78XM1
Q8BS30	Q8BS30
Q8BS30	F2Z472
Q8BS30	Q6P6X2
Q8BS30	Q02383
Q8BS30	Q8BZH8
Q8BS30	P04279
Q6RSH7	Q6RSH7
Q6RSH7	P40337-2
Q6RSH7	P40337-3
Q6RSH7	P40338
Q6RSH7	P40337
Q6RSH7	Q64259
Q8NC38	Q8NC38
B1AMM8	B1AMM8
Q5T7R7	Q5T7R7
Q5T7R7	Q9CPZ3
Q8WXS4	Q8WXS4
Q8WXS4	Q8VHW1
Q8WXS4	Q9JJV3
Q5TBC7	Q5TBC7
Q5TBC7	Q08ED0
Q495D7	Q495D7
P86048	P86048
P86048	P27635
P86048	Q6ZWV3
P86048	Q6PDV7
P86048	XP_894815
P86048	Q96L21
P86048	EDL11387
Q9D1F9	Q9D1F9
Q9D1F9	O43826
Q9D1F9	Q6IRK4
Q9D1F9	O43826-2
C9J3V5	C9J3V5
C9J3V5	Q9D9U4
Q9NW15-5	Q9NW15-5
Q9NW15-5	Q8BH79
Q9NW15-5	Q9NW15
Q9NW15-5	D3ZF54
Q8N9T2	Q8N9T2
Q96KF2	Q96KF2
Q9D0P0	Q9D0P0
Q9D0P0	Q9JJ46
Q9D0P0	Q9BY08
Q9D0P0	Q15125
Q9D0P0	P70245
Q8N3U1	Q8N3U1
Q05BU3	Q05BU3
Q9EP52	Q9EP52
Q9EP52	D4A9T2
Q9EP52	Q9GZX9
A6NC86	A6NC86
A6NC86	A6NC86-2
A6NC86	Q9CQD7
Q8N6C7	Q8N6C7
Q8K1Q0	Q8K1Q0
Q8K1Q0	O70310
Q8K1Q0	P30419
Q8K1Q0	O60551
Q8K1Q0	O70311
Q8K1Q0	Q700Q7
Q5XIF0	Q5XIF0
Q5XIF0	E9Q137
Q5XIF0	Q9Y6I9
P21695	P21695
P21695	Q3ULJ0
P21695	Q8N335
P21695	O35077
P21695	D3ZAP9
P21695	P13707
P21695	XP_001060681
P83369	P83369
P83369	B0BNI4
P83369	Q8BUV6
Q8K5B1	Q8K5B1
Q8K5B1	Q8NI17
Q68FE9	Q68FE9
Q68FE9	D3ZKB9
Q68FE9	Q8CGV9
Q68FE9	Q63HK5
Q68FE9	Q6ZSZ6
Q68FE9	Q5DTH5
Q68FE9	Q9NRE2
O14802	O14802
O14802	D4A5A6
O14802	P08775
O14802	P24928_VAR_A1835T
O14802	P24928
O14802	E9PTB6
O14802	B2RXC6
Q8R0N6	Q8R0N6
Q8R0N6	Q4QQW3
Q8R0N6	Q8IWW8
P48047	P48047
P48047	Q2EN81
P48047	Q06647
P48047	Q9DB20
P48047	P13621
Q53S33	Q53S33
Q53S33	Q8CEI1
Q53S33	D3ZT98
Q9D3P9	Q9D3P9
Q9D3P9	P20068
Q9D3P9	P30990
Q9CQG2	Q9CQG2
Q9CQG2	Q86W50
Q9H0E2	Q9H0E2
Q9H0E2	Q9QZ06
Q9H0E2	A2RUW1
Q8K1K1	Q8K1K1
Q8K1K1	F1LWL5
Q8K1K1	P57678
Q9HAV4	Q9HAV4
Q9HAV4	Q924C1
Q9HAV4	D3ZQE8
A0A1W2PPE3	A0A1W2PPE3
Q9DCD0	Q9DCD0
Q9DCD0	P52209
Q9DCD0	P85968
Q9BS16	Q9BS16
Q9BS16	D4A9X9
Q9BS16	Q9ESN5
Q80ZW2	Q80ZW2
Q80ZW2	Q5XIE1
Q80ZW2	Q8WUY1
Q8NA77	Q8NA77
Q8NA77	Q5XHY3
Q8NA77	Q9D5S1
Q8NA77	D3ZXL6
Q8NA77	Q99MV2
Q9ER34	Q9ER34
Q9ER34	Q99798
Q9ER34	Q99KI0
Q9ER34	P20004
Q9ER34	P16276
Q9BYC2	Q9BYC2
Q9BYC2	P55809
Q9BYC2	B2GV06
Q9BYC2	Q9JJN4
Q9BYC2	Q5XIJ9
Q9BYC2	Q9D0K2
Q96B42	Q96B42
Q96B42	Q6DGF8
Q96B42	Q3TUD9
Q9H7B7	Q9H7B7
XP_001073200	XP_001073200
Q68D91-2	Q68D91-2
Q68D91-2	D4A249
Q68D91-2	Q8BL86
Q68D91-2	Q68D91
Q9WV50	Q9WV50
Q9WV50	Q9Y221
Q9WV50	Q9CXK8
A0A024R5B6	A0A024R5B6
A0A024R5B6	Q9Y256
A0A024R5B6	P57791
A0A024R5B6	B0BMW8
XP_003085168	XP_003085168
D3ZFP6	D3ZFP6
D3ZFP6	Q7Z2Z1-2
D3ZFP6	Q7Z2Z1
D3ZFP6	Q8BQ33
Q91ZQ0	Q91ZQ0
Q91ZQ0	Q99KU0
Q91ZQ0	Q96GC9
P51583	P51583
P51583	P22234-2
P51583	Q9DCL9
P51583	P22234
A0A0G2K369	A0A0G2K369
A0A0G2K369	Q5SZJ8
A0A0G2K369	Q6PFX2
Q32WR5	Q32WR5
Q32WR5	Q6QNY1
Q32WR5	Q9CWG9
J3KSC0	J3KSC0
P56537-2	P56537-2
P56537-2	P56537
P56537-2	Q3KRD8
P56537-2	O55135
P62913-2	P62913-2
P62913-2	P62914
P62913-2	Q9CXW4
P62913-2	P62913
Q9NVU0-2	Q9NVU0-2
Q9NVU0-2	D3ZP45
Q9NVU0-2	Q9CZT4
Q9NVU0-2	Q9NVU0
P04179-2	P04179-2
P04179-2	P07895
P04179-2	P09671
P04179-2	P04179
P04644	P04644
P04644	XP_001055345
P04644	XP_356811
P04644	P63276
P04644	P08708
Q64270	Q64270
Q64270	Q99LC8
Q64270	Q14232
Q64270	Q9BV20
Q64270	Q9CQT1
Q64270	Q63186
Q64270	Q62818
Q64270	P49770
Q64270	Q28690
Q64270	Q99LD9
Q64270	Q61749-2
Q64270	Q9UI10
Q64270	Q9UI10-2
Q64270	Q61749
Q64270	Q5HZE4
Q5U4N7	Q5U4N7
Q86VR2	Q86VR2
Q86VR2	B2GV94
Q86VR2	Q8NC44
Q86VR2	Q3MHU5
Q86VR2	Q9H6L5
Q86VR2	Q9CQV4
Q86VR2	Q6NS82
Q86VR2	Q8VE91
Q86VR2	Q5FVM3
Q5T5N4	Q5T5N4
Q5T5N4	Q9DAH6
Q9UHI7	Q9UHI7
Q9UHI7	Q9EPR4
Q9UHI7	Q9UHI7-2
Q9UHI7	Q9UGH3
Q9UHI7	Q6PIS1
Q9UHI7	Q60850
Q9UHI7	Q9WTW8
Q9UHI7	Q9WTW7
Q9UHI7	Q9Z2J0
Q9UHL4	Q9UHL4
Q9UHL4	D4AA31
Q9UHL4	Q9QXE5
Q9UHL4	Q9NQE7
Q9UHL4	P42785
Q9UHL4	Q7TMR0
Q9UHL4	Q9ET22
Q9UHL4	Q9EPB1
Q9BQ70	Q9BQ70
Q9BQ70	NP_001387879
Q9BQ70	Q8R3L2
Q9CQG0	Q9CQG0
Q9CQG0	Q8WW62
Q86YV9	Q86YV9
Q86YV9	Q7M733
Q86YV9	Q8BLY7
Q5NCR9	Q5NCR9
Q5NCR9	Q4FZU3
Q5NCR9	Q9H0G5
Q96M43	Q96M43
Q96M43	Q96SN8
Q96M43	P0DPF2
Q96M43	B4DH59
Q96M43	P0DPF3
Q96M43	Q8N660
Q96M43	Q5TI25
Q96M43	Q5VU43-13
Q96M43	Q9WUJ3
Q96M43	Q80YT7-2
Q96M43	Q5VWK0
Q96M43	Q3BBV0
Q96M43	NP_001034465
Q96M43	Q5TAG4
Q96M43	Q5VU43-8
Q96M43	Q96SN8-2
Q96M43	XP_575844
Q96M43	Q5VU43-4
Q96M43	Q5VU43-2
Q96M43	Q6P3W6
Q96M43	Q8K389
Q96M43	Q80YT7
Q96M43	Q3BBV2
Q96M43	Q9H094
Q96M43	Q86T75
Q96M43	Q5VU43
Q96M43	Q86XG9
Q96M43	P0C2Y1
Q96M43	A0A087WUL8
Q8BMB0	Q8BMB0
Q8BMB0	XP_006229864
Q8BMB0	Q7Z589-7
Q8BMB0	Q7Z589
P37287	P37287
P37287	Q64323
P01580	P01580
P01580	P01581
P01580	P01579
Q5SPX1	Q5SPX1
Q5SPX1	Q569K6
Q96EL2	Q96EL2
Q96EL2	Q9CQV5
Q96EL2	A9UMV2
Q9CPP6	Q9CPP6
Q9CPP6	Q63362
Q9CPP6	Q16718
Q8BYZ7	Q8BYZ7
Q8BYZ7	Q96JJ3
Q8BYZ7	Q499U2
Q8BYZ7	Q8BPU7
Q8BYZ7	D3ZY46
Q8BYZ7	Q92556
Q8BYZ7	G3V982
Q8BYZ7	Q96BJ8
Q8BYZ7	Q96BJ8-3
Q8BYZ7	Q8BHL5
Q9D600	Q9D600
Q9D600	Q9Y248
Q9D600	D3ZSY6
Q9HBM0	Q9HBM0
Q9HBM0	Q3ZK22
Q9HBM0	Q5XI52
Q9Z185	Q9Z185
Q9Z185	P20717
Q9Z185	O88807
Q9Z185	Q08642
Q9Z185	Q9Y2J8
Q9Z185	Q9Z183
Q9Z185	Q9Z184
Q9Z185	O88806
Q9Z185	P70708
Q9Z185	Q9ULW8
Q9Z185	Q9UM07
Q9Z185	Q9ULC6
Q9Z185	Q8K3V4
Q9Z185	Q6TGC4
Q13423	Q13423
Q13423	Q5BJZ3
Q13423	Q61941
Q9UNM6	Q9UNM6
Q9UNM6	Q9UNM6-2
Q9UNM6	B0BN93
Q9UNM6	Q9WVJ2
Q6P8I6	Q6P8I6
Q6P8I6	M0RE03
Q6P8I6	Q9Y6N1
P00367	P00367
P00367	P10860
P00367	P26443
P00367	P49448
Q8IUF8	Q8IUF8
Q8IUF8	Q8CFC1
Q8IUF8	D3ZU57
Q8IUF8	Q9H6W3
Q8IUF8	Q9JJF3
Q8IUF8	Q8CD15
Q8CDM4	Q8CDM4
Q8CDM4	F1M0U1
Q8CDM4	Q6ZRK6
A8MW99	A8MW99
A8MW99	Q8BRM6
A8MW99	D3ZCK1
A2ANF5	A2ANF5
A2ANF5	Q8NDB6
D3ZBL3	D3ZBL3
D3ZBL3	Q8NEJ9
D3ZBL3	Q9DB96
Q8TEV9-2	Q8TEV9-2
Q8TEV9-2	Q8TEV9
Q8TEV9-2	D3ZJR6
Q8TEV9-2	Q3UMB5
G3V6I3	G3V6I3
G3V6I3	Q9NXE8
G3V6I3	Q9DBF7
Q5FBB7-4	Q5FBB7-4
Q5FBB7-4	Q9CXH7
Q5FBB7-4	Q5FBB7
Q5FBB7-4	XP_008765009
Q9H9C1-2	Q9H9C1-2
Q9H9C1-2	Q8BGQ1
Q9H9C1-2	Q9H9C1
Q9H9C1-2	Q5PQN6
Q6NT76-2	Q6NT76-2
Q6NT76-2	Q8BJA3
Q6NT76-2	Q6NT76
Q6NT76-2	XP_224289
Q6NT76-2	Q6NT76-5
Q76NI1-4	Q76NI1-4
Q76NI1-4	Q76NI1
Q76NI1-4	Q0KK55
Q76NI1-4	XP_002725773
Q8WXG6-6	Q8WXG6-6
Q8WXG6-6	Q80U28-10
Q8WXG6-6	Q80U28
Q8WXG6-6	Q8WXG6-2
Q8WXG6-6	O08873
Q8WXG6-6	Q8WXG6-4
Q8WXG6-6	Q8WXG6
Q8WXG6-6	Q80U28-4
Q8WXG6-6	Q8WXG6-3
A0A1B0GVQ0-2	A0A1B0GVQ0-2
A0A1B0GVQ0-2	A0A1B0GVQ0
A0A1B0GVQ0-2	A0A1B0GSZ0
P0DOY5	P0DOY5
O08546	O08546
A0A1B0GUV7	A0A1B0GUV7
P10896	P10896
A2RTL5	A2RTL5
A2RTL5	Q5PQR4
A2RTL5	S4R2L4
A2RTL5	Q7L4I2
A2RTL5	Q7L4I2-2
Q16612	Q16612
Q16612	Q16612-2
Q16612	Q07475
Q16612	Q80Z34
Q0P5W1	Q0P5W1
Q0P5W1	Q8N3P4
Q0P5W1	XP_006248641
A4D263	A4D263
A4D263	Q5NC83
Q7Z3B4	Q7Z3B4
Q7Z3B4	P70582
Q7Z3B4	Q8BTS4
Q8R4V1	Q8R4V1
Q8R4V1	Q8NET5
D2J0Y4	D2J0Y4
D2J0Y4	Q8K4E0
D2J0Y4	Q8TCU4-2
D2J0Y4	Q8TCU4
D2J0Y4	B3DMA4
D2J0Y4	F1LVG9
D2J0Y4	Q96M02
Q99K99	Q99K99
Q99K99	Q8IY42
Q62170	Q62170
Q62170	Q14242-2
Q62170	Q14242
Q8BVN4	Q8BVN4
Q8BVN4	Q4G078
Q8BVN4	Q7Z6M4
Q9DBD5	Q9DBD5
Q9DBD5	Q56B11
Q9DBD5	Q8IZL8
P08538	P08538
P48552	P48552
P48552	NP_001094030
P48552	Q8CBD1
P43431	P43431
P43431	Q9R103
P43431	P29459
P46978	P46978
P46978	B4F7C9
P46978	Q8TCJ2
P46978	AAI66740
P46978	Q3TDQ1
P46978	P46977
Q9NRD5	Q9NRD5
Q9NRD5	Q9EP80
Q9NRD5	Q62083
Q99LM2	Q99LM2
Q99LM2	Q96JB5-4
Q99LM2	Q96JB5
Q99LM2	Q9JLH7
Q5XJY5	Q5XJY5
Q5XJY5	P48444
Q5XJY5	Q66H80
Q16610	Q16610
Q16610	Q61508
Q16610	Q16610-4
Q16610	Q62894
D3ZF13	D3ZF13
D3ZF13	Q9CR21
D3ZF13	O14561
Q63564	Q63564
Q63564	BAC65642
Q63564	Q496J9
Q63564	Q69ZS6
Q63564	Q9Z2I6
Q63564	Q8BG39
Q63564	Q7L1I2
Q63564	Q02563
Q63564	Q9JIS5
Q63564	Q7L0J3
Q921V5	Q921V5
Q921V5	Q09326
Q921V5	Q10469
D4A0W1	D4A0W1
D4A0W1	Q9CZX9
D4A0W1	Q5J8M3
P23764	P23764
P23764	Q99LJ6
P23764	D3ZQI1
P23764	D3ZPW7
P23764	P30710
P23764	O75715
P23764	Q64625
P23764	P21765
P23764	O70325-3
P23764	P36969
P23764	P11352
P23764	P07203
P23764	P18283
P23764	P83645
P23764	Q9JHC0
P23764	Q8TED1
P23764	Q9D7B7
P23764	P36970-3
P23764	Q91WR8
P23764	P59796
P23764	P04041
P23764	P22352
P23764	P46412
P23764	Q96SL4
P23764	O70325
P23764	P36970
Q6UXR6	Q6UXR6
D3YYI7	D3YYI7
D3YYI7	Q8TC41
XP_001077474	XP_001077474
XP_001077474	Q8NBT2
XP_001077474	Q9D083
Q7TP54	Q7TP54
Q7TP54	P02794
Q7TP54	P19132
Q7TP54	P0C7X4
Q7TP54	Q9BXU8
Q7TP54	Q6ZS17-3
Q7TP54	Q6ZS17-2
Q7TP54	A0A0G2K1G6
Q7TP54	Q8N4E7
Q7TP54	Q6ZS17
Q7TP54	Q9D5H4
Q7TP54	P02792
Q7TP54	P29391
Q7TP54	P02793
Q7TP54	Q6ZS17-4
Q7TP54	Q99MX2
Q7TP54	D3ZX40
Q7TP54	Q96MK2
Q7TP54	A1L3T7
Q7TP54	Q80U16
Q7TP54	Q68FE6
Q7TP54	Q9Y4F9
Q7TP54	P09528
Q7TP54	Q4FZU8
Q7TP54	Q9Y4F9-2
Q9P2X8	Q9P2X8
Q5U3Y0	Q5U3Y0
Q5U3Y0	Q6PID8
Q5U3Y0	Q6PAR0
Q8N319	Q8N319
F6PYN5	F6PYN5
Q15431	Q15431
Q15431	Q62209
Q15431	Q03410
P27682	P27682
P27682	P05408-2
P27682	P12961
P27682	P05408
P36576	P36576
P36576	Q9EQP6
P36576	P32120-2
P36576	P49407-2
P36576	Q91YI4-2
P36576	P36575
P36576	P17870
P36576	P32120
P36576	P20443
P36576	P32121-4
P36576	Q91YI4
P36576	P10523
P36576	P29067
P36576	P32121
P36576	P49407
P36576	Q8BWG8
P36576	P29066
P36576	P15887
P36576	P08168
P36576	P32121-3
Q6MG22	Q6MG22
Q6MG22	E9PEI6
Q6MG22	Q3TNW5
Q6MG22	Q3MIW9
Q9WTL0	Q9WTL0
Q9WTL0	Q9EPV9
Q9WTL0	Q32ZI3
Q9WTL0	O15263
Q9WTL0	P81534
Q9WTL0	Q32ZI4
Q9WTL0	P60022
Q9WTL0	P56386
Q9WTL0	O89117
Q9WTL0	Q8R2I6
Q9WTL0	Q32ZI2
Q9WTL0	Q70KL3
Q9WTL0	Q32ZF7
Q9WTL0	Q7TNV7
Q9WTL0	Q8R2I8
Q9WTL0	Q32ZI1
Q9WTL0	Q32ZF8
Q9WTL0	Q8R2I7
Q9WTL0	Q32ZI0
Q9WTL0	Q32ZH7
Q9WTL0	P82019
Q9WTL0	O88514
Q6AXS8	Q6AXS8
Q6AXS8	Q66JT5
Q6AXS8	Q68CL5
NP_001041375	NP_001041375
NP_001041375	Q8BH31
NP_001041375	Q8NHS3
D4A5S9	D4A5S9
D4A5S9	Q8K2Z2
D4A5S9	Q86UA1
C0HLZ6	C0HLZ6
Q9GZT8-3	Q9GZT8-3
Q9GZT8-3	Q9EQ80
Q9GZT8-3	Q9GZT8
Q9GZT8-3	Q4V7D6
P04543	P04543
D4A7R3	D4A7R3
D4A7R3	Q92621
D4A7R3	Q6ZQG1
D4ABV1	D4ABV1
D4ABV1	Q3UJK4
D4ABV1	Q9BX10
D4ABV1	D2XV59
D4ABV1	O08582
D4ABV1	O00178
NP_001129312	NP_001129312
NP_001129312	Q3U6U5
NP_001129312	O43824
Q8BRX9	Q8BRX9
Q8BRX9	Q5T0T0-2
Q8BRX9	Q80TE3
Q8BRX9	Q8TCQ1-2
Q8BRX9	Q5XIV2
Q8BRX9	Q6NZQ8
Q8BRX9	Q9P2E8
Q8BRX9	A6P320
Q8BRX9	Q8TCQ1
Q8BRX9	A6NNE9
Q8BRX9	Q5XIE5
Q8BRX9	Q86YJ5
Q8BRX9	B0BNF6
Q8BRX9	Q9NX47
Q8BRX9	Q3KNM2
Q8BRX9	Q5XI50
Q8BRX9	Q3TZ87
Q8BRX9	Q8NA82
Q8BRX9	Q6ZQ89
Q8BRX9	O60337
Q8BRX9	Q86UD3
Q8BRX9	Q9WV66
Q8BRX9	Q6NZQ8-2
Q8BRX9	Q9H992
Q8BRX9	F1M1F1
Q8BRX9	D3ZG81
Q8BRX9	Q9DBD2
Q8BRX9	Q8CBH7
Q8BRX9	Q5T0T0
Q8BRX9	Q9P0N8
Q8BRX9	Q99M02
Q8BRX9	Q5I0I2
Q8BRX9	Q497L7
Q3UHH8	Q3UHH8
Q3UHH8	D4A275
Q3UHH8	Q6GX83
Q3UHH8	A0PJZ3
Q3UHH8	Q810K9
Q3UHH8	Q4G148
Q86YW9	Q86YW9
Q86YW9	D3ZDE6
Q86YW9	A2AGH6
Q86YW9	Q93074-2
Q86YW9	Q93074
Q86YW9	Q8BQM9
O75386	O75386
O75386	Q9JIL5
O75386	O75386-2
O75386	O88413
O75386	NP_001102607
O75386	P50586
O75386	P50607
O75386	Q5XFX6
O75386	Q9Z273
O75386	O00294
O75386	NP_001387850
O75386	O88808
O75386	P50607-2
O75386	P46686
O75386	O00295
O75386	Q9NRJ4
Q9UI26	Q9UI26
Q9UI26	Q8K2V6
Q9UI26	Q9UI26-2
Q9UI26	XP_038959425
Q8BMG7	Q8BMG7
Q8BMG7	Q9H2M9
Q8BMG7	Q5U1Z0
O55189	O55189
O55189	Q9NP70
O55189	Q62840
Q8BQM4	Q8BQM4
Q8BQM4	Q7Z4Q2
Q8BQM4	D3ZV81
Q6AI08	Q6AI08
Q6AI08	Q6P1G0
Q6AI08	A1EC95
Q99J19	Q99J19
Q99J19	P58511
Q9UKJ1-3	Q9UKJ1-3
Q9UKJ1-3	Q9UKJ1
Q9UKJ1-3	Q9UKJ0
Q9UKJ1-3	Q2YFS3
Q9UKJ1-3	Q2YFS2
Q9UKJ1-3	Q2YFS1
Q9UKJ1-3	M0R9M2
Q9UKJ1-3	XP_001061953
Q9UKJ1-3	A0A8I6A5E5
O00198	O00198
O00198	P62817
O00198	P62816
Q6ZS72	Q6ZS72
Q5T200-2	Q5T200-2
Q5T200-2	Q5T200
Q5T200-2	B9EHN9
Q5T200-2	NP_001163942
Q5T200-2	F1N0H5
Q5T200-2	E9Q784
Q8N8Z3	Q8N8Z3
Q9D6H2	Q9D6H2
Q9D6H2	B1WC57
Q9D6H2	Q9Y547
Q8NE22	Q8NE22
Q8NBB2	Q8NBB2
Q49AJ0-3	Q49AJ0-3
Q49AJ0-3	Q49AJ0
Q49AJ0-3	F1LZ91
Q49AJ0-3	D3ZVB3
Q49AJ0-3	Q6NS59
Q49AJ0-3	Q9P2D6-3
Q49AJ0-3	Q9DAI6
Q49AJ0-3	Q9P2D6
Q9BXB7	Q9BXB7
Q9BXB7	Q8C636
Q9D8X0	Q9D8X0
Q9D8X0	Q9NQG1
Q9CWQ3	Q9CWQ3
Q9CWQ3	Q9Y6H3
Q9CWQ3	M0R4I7
Q19T08	Q19T08
Q19T08	Q3TZW0
Q5HZJ2	Q5HZJ2
Q5HZJ2	Q3U1F1
Q5HZJ2	O15265-2
Q5HZJ2	Q5T6C5
Q5HZJ2	Q8R4I1
Q5HZJ2	O15265
Q5HZJ2	Q9ULK2
Q5HZJ2	Q9CZ05
Q5HZJ2	Q4QQU0
Q96NT0	Q96NT0
Q96NT0	B2GV96
Q96NT0	Q8VE99
Q68DL7	Q68DL7
A6NFE3	A6NFE3
A6NFE3	Q9D581
A6NFE3	D4AA55
Q9H8V8	Q9H8V8
A6NC51	A6NC51
A6NC51	Q6UX65
A6NC51	B5DFH9
A6NC51	B9EJG8
A6NC51	Q8R218
A6NC51	Q8C8S3
A6NC51	Q8N682
A6NC51	Q9DC58
A6NC51	Q86TG1
A6NC51	Q91WN2
A6NC51	Q9QZE9
A6NC51	Q5BK09
A6NC51	Q9CR48
A6NC51	Q86TG1-2
Q9H478	Q9H478
Q80X08	Q80X08
Q80X08	Q6JBY9
Q80X08	Q9Y4E1-2
Q80X08	Q641Q2-2
Q80X08	Q3UZA1
Q80X08	Q3ZBT0
Q80X08	Q641Q2_A342T
Q80X08	Q641Q2
Q80X08	Q9Y4E1
Q80X08	Q6PGL7
Q80X08	F1M4V3
F1M8M1	F1M8M1
F1M8M1	Q8BHE4
F1M8M1	Q6UXF1
Q6TAW2	Q6TAW2
Q6TAW2	Q8N6R1
Q6TAW2	Q9R2C1
Q6TAW2	Q9Z1W5
Q6TAW2	Q9Y6X1
Q701N4	Q701N4
Q701N4	Q6L8G4
Q701N4	Q6L8G8
Q701N4	P26371
Q701N4	Q6L8H2
Q701N4	Q6L8G5
Q701N4	O75690
Q701N4	Q64507
Q701N4	Q6L8G9
Q701N4	Q6L8H1
Q701N4	Q9D5Z7
Q701N4	Q6L8H4
Q701N4	Q701N2
Q8C4K5	Q8C4K5
Q9D2I7	Q9D2I7
XP_988512	XP_988512
BAC39778	BAC39778
Q9P246-3	Q9P246-3
Q9P246-3	Q13586
Q9P246-3	Q58CP9
Q9P246-3	Q9P246-2
Q9P246-3	P84903
Q9P246-3	P70302
Q9P246-3	P83093
Q9P246-3	Q9P246
Q9P246-3	E1BET0
Q9P246-3	XP_223454
A8WCF8	A8WCF8
A8WCF8	Q9DBS2
A8WCF8	Q5T0D9
A8WCF8	Q6ZUI0
A8WCF8	Q8CB49
P17560	P17560
P17560	P82343
P17560	P51606
P17560	P51607
Q9NY35-3	Q9NY35-3
Q9NY35-3	Q9CQX5
Q9NY35-3	G3V674
Q9NY35-3	Q9NY35
Q00796	Q00796
Q00796	P27867
Q00796	Q64442
Q9P287	Q9P287
Q9P287	Q9P287-2
Q9P287	Q9CWI3
Q9P287	D3ZB65
Q9BYV1	Q9BYV1
Q9BYV1	P29758
Q9BYV1	P04181
Q9BYV1	Q3UEG6
Q9BYV1	P04182
Q9BYV1	Q8BWU8
Q9BYV1	Q8TBG4
Q9BYV1	Q8R1K4
Q9BYV1	Q64565
Q9BYV1	Q8IUZ5
Q9BYV1	H7BWY3
P49442	P49442
P49442	Q5RJK6
P49442	P49441
P49442	P21327
Q9UBR1	Q9UBR1
Q9UBR1	Q03248
Q9UBR1	Q8VC97
Q9Z351-3	Q9Z351-3
Q9Z351-3	Q9Z351-12
Q9Z351-3	O43526-4
Q9Z351-3	O43526-3
Q9Z351-3	O88944-2
Q9Z351-3	G3UYG5
Q9Z351-3	P51787
Q9Z351-3	Q9Z0N7
Q9Z351-3	O43525
Q9Z351-3	Q9NR82-6
Q9Z351-3	Q8K3F6
Q9Z351-3	O88944
Q9Z351-3	Q9NR82
Q9Z351-3	P97414
Q9Z351-3	P56696
Q9Z351-3	Q9JK97
Q9Z351-3	XP_001071249
Q9Z351-3	Q14B66
Q9Z351-3	O88943
Q9Z351-3	Q9JK96
Q9Z351-3	Q9JK45
Q9Z351-3	Q9NR82-3
Q9Z351-3	Q9Z351
Q9Z351-3	O43526
P53602	P53602
P53602	Q99JF5
P53602	Q62967
P70326	P70326
P70326	A2AWL7
P70326	ENSRNOP00000004698
P70326	D3ZP58
P70326	Q9JKD8
P70326	Q16650
P70326	Q9UL17
P70326	Q8IWI9
P70326	Q96SF7
P70326	O60806
P70326	Q99ME7
P70326	Q64336
P70326	O15178
P70326	Q99593
P70326	Q8K402
P70326	Q9ES03
P70326	P20293
P70326	Q9Y458
P70326	D3ZJK7
P70326	Q5I2P1
P70326	P70323
P70326	O43435
P70326	Q13207
P70326	Q9EPZ6
P70326	O95935
P70326	O70306
P70326	Q7TST9
P70326	H3BU53
P70326	Q8IWI9-3
P70326	P70325
P70326	O95947
P70326	P57082
P70326	P70327
P70326	O95936-3
P70326	D3ZMK6
P70326	P70324
P70326	Q9UMR3
P70326	O54839
P70326	O15119
P70326	O95936
P70326	Q60707
P70326	Q810F8
P70326	O43435-3
P70326	NP_001100504
P70326	O75333
P70326	XP_001055083
P83111	P83111
P83111	Q9EP89
P83111	D3ZFJ6
A0A0G2JWQ0	A0A0G2JWQ0
A0A0G2JWQ0	Q9DBA9
A0A0G2JWQ0	P32780
D4A157	D4A157
D4A157	O95059
D4A157	Q9CQH8
NP_001102691	NP_001102691
NP_001102691	Q1RMZ1
NP_001102691	Q8BXK4
A0A1D9BZF0	A0A1D9BZF0
NP_001229284	NP_001229284
NP_001229284	Q15554
NP_001229284	O35144
NP_001229284	D3ZJF7
P89654	P89654
D3ZFX1	D3ZFX1
D3ZFX1	Q6PHN7
D3ZFX1	Q5U3C3
D3ZTH4	D3ZTH4
D3ZTH4	Q99LF1
D3ZTH4	B1AXD8
D3ZTH4	Q25C79
D3ZTH4	Q53H80
D3ZTH4	Q9H9L7
B0BNJ0	B0BNJ0
B0BNJ0	O75182-2
B0BNJ0	O75182
B0BNJ0	NP_001102231
B0BNJ0	Q60520
B0BNJ0	Q96ST3
B0BNJ0	Q62141
D3ZZT6	D3ZZT6
D3ZZT6	Q7Z6J9
D3ZZT6	Q8C2A2
Q91X58	Q91X58
Q91X58	Q8WV99
Q91X58	Q8N6M9
Q91X58	Q9JII7
Q91X58	Q4KLG9
Q91X58	Q8BFR6
Q91X58	Q8TCF1
Q91X58	D3ZQI4
Q91X58	Q5U2P3
Q9CPY6	Q9CPY6
Q9CPY6	Q8IVV7
O35130	O35130
O35130	Q92979
O35130	D3ZDS4
P15247	P15247
P15247	P15248
Q3UAI4	Q3UAI4
Q3UAI4	D3ZMS1
Q3UAI4	Q13435
P07221	P07221
P07221	O09165
P07221	P12637
P07221	P31415
P07221	O09161
P07221	O14958
P07221	P51868
P07221	P19633
Q0KL01	Q0KL01
Q0KL01	Q99KJ0
Q0KL01	Q9UNZ2-5
Q0KL01	Q5T124-2
Q0KL01	Q9CZ44-3
Q0KL01	P0C627
Q0KL01	Q14CS0
Q0KL01	Q9UNZ2
Q0KL01	Q8R512
Q0KL01	Q8CCM4
Q0KL01	Q9CZ44
Q0KL01	O35987
Q0KL01	Q9D572
Q0KL01	Q5T124
Q0KL01	P68543
Q9BY42	Q9BY42
Q9BY42	Q3T1J8
Q9BY42	Q99K95
Q6TDU7	Q6TDU7
Q6TDU7	Q6TDU8
Q6TDU7	B1H288
P54257	P54257
P54257	Q9UPV9
P54257	Q6PD31
P54257	Q8R2H7
P54257	O35668
P54257	Q6P9N8
P54257	O60296
P54257	Q9UPV9-2
P54257	XP_236715
P54257	P54256
Q9HBL7	Q9HBL7
Q9HBL7	D4ACN8
Q9HBL7	Q9D3P8
Q7TSH4	Q7TSH4
Q7TSH4	O43303
Q8IYF3	Q8IYF3
Q8IYF3	Q14AT2
Q7TQC5	Q7TQC5
Q7TQC5	Q6AXV0
Q7TQC5	NP_001263362
Q7TQC5	Q8K4H4
Q7TQC5	Q9NQE9
Q7TQC5	Q9CPS6
Q7TQC5	Q7Z2E3
Q7TQC5	Q9JLV6
Q7TQC5	Q96T60
Q7TQC5	P49773
Q7TQC5	D4AB01
Q7TQC5	P62959
Q7TQC5	P70349
Q7TQC5	Q9BX68
Q7TQC5	Q9D0S9
Q7TQC5	Q8K3P7
Q3UUY6	Q3UUY6
Q3UUY6	O43490-5
Q3UUY6	Q8N271
Q3UUY6	O54990
Q3UUY6	O43490-2
Q3UUY6	O43490
Q3UUY6	Q8N271-2
Q3UUY6	A0A0G2JWD0
Q3UUY6	Q8CJ52
Q96QE5	Q96QE5
Q96QE5	Q5SSK3
Q96QE5	Q4KM51
Q6A025	Q6A025
Q6A025	Q5T8A7
Q3V0B4	Q3V0B4
Q3V0B4	Q6ZU64
Q9Y625	Q9Y625
Q9Y625	Q9QZF2
Q9Y625	Q8N158
Q9Y625	P35052
Q9Y625	Q8BKV1
Q9Y625	A0A096MJY1
Q9Y625	Q9R087
Q9Y625	P51653
Q9Y625	Q642B0
Q9Y625	P51655
Q9Y625	P35053
Q9Y625	O75487
Q9UMX3	Q9UMX3
Q9UMX3	Q792S6
Q9UMX3	O35425
P21583	P21583
P21583	P21581
P21583	P20826
Q6AYJ5	Q6AYJ5
Q6AYJ5	Q8R3P7
Q6AYJ5	Q96AJ1
Q9JJD0	Q9JJD0
Q9JJD0	Q96EK4
Q9JJD0	NP_001100892
Q2Q5T5	Q2Q5T5
Q2Q5T5	A0A1B0GTQ4
Q3T1L5	Q3T1L5
Q3T1L5	Q9BVK2
Q3T1L5	Q6P8H8
Q3T1L5	Q9Y672
Q3T1L5	Q3TAE8
Q3T1L5	Q497D1
P14173	P14173
P14173	P20711
P14173	O88533
P14173	P23738
P14173	P19113
P14173	P16453
Q4VBD2	Q4VBD2
Q4VBD2	XP_038948711
Q4VBD2	Q6NXT6
O88324	O88324
O88324	Q01151
Q9H2G9	Q9H2G9
Q9H2G9	Q6AYB8
Q9H2G9	Q8R2X8
Q8CBR1	Q8CBR1
Q8CBR1	Q86X29-2
Q8CBR1	Q99KG5
Q8CBR1	Q86X29-3
Q8CBR1	Q86SU0
Q8CBR1	Q9WU74
Q8CBR1	E9PSR6
Q8CBR1	Q86X29
Q8CBR1	Q71H61
Q8CBR1	B5TVM2
Q8CBR1	Q99KG5-2
Q8CBR1	D3ZGJ1
Q71RH2	Q71RH2
Q71RH2	Q8TBR7
Q71RH2	Q5ND56
Q71RH2	Q9UBY8
Q71RH2	Q9QUK3
Q71RH2	Q7TNV1
Q71RH2	Q6AYM9
Q71RH2	D3ZKW7
Q8IZU3	Q8IZU3
Q8IZU3	Q60595
Q8IZU3	NP_001119789
Q8IZU3	A2BH01
Q8IZU3	D4A7L7
Q8IZU3	Q8IZT9
Q8IZU3	A2BI40
Q8IZU3	Q9JJR2
Q8IZU3	P70281
Q8IZU3	Q8IZU1
Q8IZU3	P05531
Q8IZU3	Q63520
Q8IZU3	Q8IZU0
Q8IZU3	A2BI50
Q8IZU3	Q9DAC5
A6NFE2	A6NFE2
A6NFE2	Q9DA21
A6NFE2	D3ZFT3
Q8CAI1	Q8CAI1
Q8CAI1	Q17RM4
A6NGE7	A6NGE7
A6NGE7	Q283N4
Q6PKN7	Q6PKN7
Q6PKN7	Q0VD86
A6NGQ2	A6NGQ2
A6NGQ2	A6NC42
A6NGQ2	Q9CQS7
A6NGQ2	Q9CWE6
A6NGQ2	D3ZVV1
A6NGQ2	Q587J8
A6NGQ2	Q9CWU5
A2AKQ0	A2AKQ0
A2AKQ0	NP_001100992
A2AKQ0	Q9NTN3
A2AKQ0	Q762D5
A2AKQ0	Q76EJ3
A2AKQ0	Q8BGF8
A2AKQ0	Q5M8T2
Q9HAU6	Q9HAU6
Q9HAU6	P13693
Q9HAU6	Q56UQ5
Q9HAU6	P63029
Q9HAU6	P63028
Q8IWA5-3	Q8IWA5-3
Q8IWA5-3	Q8BY89
Q8IWA5-3	Q8NCS7
Q8IWA5-3	Q5RJI2
Q8IWA5-3	Q8BY89-2
Q8IWA5-3	Q91VA1
Q8IWA5-3	Q6MG71
Q8IWA5-3	Q8IWA5
Q8IWA5-3	Q53GD3
Q8IWA5-3	B4F795
Q8IWA5-3	Q8IWA5-2
Q8VDS8-2	Q8VDS8-2
Q8VDS8-2	Q8VDS8
Q8VDS8-2	Q9P2W9
Q8VDS8-2	Q68FW4
Q5PT53	Q5PT53
Q5PT53	Q0GE19
Q5PT53	Q5PT50
Q5PT53	Q0GE19-1
Q91Z49-2	Q91Z49-2
Q91Z49-2	Q91Z49
Q91Z49-2	Q96QD9
Q91Z49-2	Q7TQ84
Q01721	Q01721
Q01721	P54826
Q5FVH7	Q5FVH7
Q5FVH7	Q64327
Q5FVH7	Q16626
Q8BYW9	Q8BYW9
Q8BYW9	Q5NDL2
Q8BYW9	Q5NDL0
Q8BYW9	Q8BW41
Q8BYW9	Q5NDF0
Q8BYW9	Q8NAT1
Q9JLC3	Q9JLC3
Q9JLC3	Q52KJ8
Q9JLC3	Q8BU85
Q9JLC3	Q8IXL7
Q9JLC3	Q78J03
Q9JLC3	Q4FZX5
Q9JLC3	Q9NZV6
Q9JLC3	Q8IXL7-2
Q9JLC3	Q9Y3D2
Q9JLC3	D4A650
Q9D826	Q9D826
Q9D826	Q3TQB2
Q9D826	Q96CU9
Q9D826	Q5I0K1
Q9D826	Q9P0Z9
B5DF21	B5DF21
B5DF21	Q5PRF9
B5DF21	NP_001100968
B5DF21	Q8CBY1
B5DF21	Q9UPU9
B5DF21	Q80XS6
B5DF21	Q8VIG0
B5DF21	M0R4K3
B5DF21	Q8WYQ9
B5DF21	Q9UPU9-2
Q8K572	Q8K572
Q8K572	D3ZNA8
Q8K572	O60921
Q8K572	Q8BQY8
Q8K572	Q8NHY5
Q7L590-2	Q7L590-2
Q7L590-2	Q0VBD2
Q7L590-2	Q7L590
Q9Z0L6	Q9Z0L6
Q9Z0L6	P04089
Q9Z0L6	P01270
A1L314	A1L314
A1L314	Q9WV57
A1L314	Q2M385
Q6PEY1	Q6PEY1
Q6PEY1	Q9D0N8
Q6PEY1	A6NKF7
Q6PEY1	Q3TYP4
Q6PEY1	D4AAB3
Q8N7S6	Q8N7S6
Q5BKU9	Q5BKU9
Q5BKU9	Q9CR10
O95177	O95177
Q9D9P8	Q9D9P8
Q9D9P8	Q96L11
Q8N7H1	Q8N7H1
Q8CE13	Q8CE13
Q8CE13	Q96LX7
P49768-3	P49768-3
P49768-3	P49810
P49768-3	P97887
P49768-3	Q61144
P49768-3	P49768-2
P49768-3	P49769
P49768-3	O88777
P49768-3	P49768
Q9D8K3	Q9D8K3
Q9D8K3	Q9BUN8-2
Q9D8K3	Q96Q80
Q9D8K3	Q9GZP9
Q9D8K3	Q9BUN8
Q9D8K3	Q99J56
Q9D8K3	Q5RKH9
Q9D8K3	A0A0G2JTX9
Q9D8K3	Q8BNI4
P43351	P43351
P43351	P43352
Q6PIJ4	Q6PIJ4
Q6PIJ4	D4A421
Q6PIJ4	Q6P4R8
Q6PIJ4	Q6P4R8-2
P0DJ07	P0DJ07
P0DJ07	D3ZHD3
P0DJ07	P0DJE0
Q8TEK3	Q8TEK3
Q8TEK3	Q8TEK3-1
Q8TEK3	Q571B8
Q8TEK3	D3ZCP0
Q9JI13	Q9JI13
Q9JI13	Q9NQZ2
Q9JI13	Q6AXX4
Q7Z699	Q7Z699
Q7Z699	P50552
Q7Z699	Q8N8S7
Q7Z699	O43609
Q7Z699	O08719
Q7Z699	Q5HZA2
Q7Z699	Q99JP6-2
Q7Z699	Q9Z2Y3
Q7Z699	Q8N8S7-2
Q7Z699	O43597
Q7Z699	Q86YM7-3
Q7Z699	Q9WTP2
Q7Z699	Q86YM7-2
Q7Z699	Q9Z2X5
Q7Z699	Q9NSC5-2
Q7Z699	Q5XHX3
Q7Z699	Q924S7
Q7Z699	Q7Z698
Q7Z699	Q3UUD2
Q7Z699	O43610
Q7Z699	Q3C2P9
Q7Z699	Q924S8
Q7Z699	Q99JP6
Q7Z699	Q9NSC5
Q7Z699	Q6P6N5
Q7Z699	Q3C2P8
Q7Z699	Q2MJR0
Q7Z699	P70429
Q7Z699	B5DEX4
Q7Z699	Q9UI08
Q7Z699	Q9QXV8
Q7Z699	O88801
Q7Z699	Q9NSB8
Q7Z699	Q7Z698-2
Q7Z699	Q9QWW1
Q7Z699	Q03173-3
Q7Z699	Q9Z214
Q7Z699	Q03173
Q7Z699	EDM01315
Q7Z699	D3ZJA3
Q7Z699	Q03173-4
Q7Z699	Q9NSB8-2
Q7Z699	Q9UI08-2
Q7Z699	Q9C004
Q7Z699	Q9NSC5-5
Q7Z699	Q8N8S7-3
Q7Z699	P70460
Q7Z699	Q9QXV9
Q7Z699	Q86YM7
Q9D7B4	Q9D7B4
Q811U4	Q811U4
Q811U4	Q80U63
Q811U4	Q8IWA4
Q811U4	Q8R500
Q811U4	Q8R4Z9
Q811U4	O95140
Q8BG75	Q8BG75
Q8BG75	Q66K66
Q5H9I0	Q5H9I0
Q5H9I0	Q14186
Q5H9I0	Q64163
Q5H9I0	Q08639
Q5H9I0	A0A0G2JXN0
Q5H9I0	Q14188
Q5H9I0	Q17QZ4
Q6XQN6	Q6XQN6
Q6XQN6	Q6XQN1
Q6XQN6	Q8CC86
Q9Y426	Q9Y426
Q9Y426	Q6P691
Q9Y426	E9Q3C1
Q9Y426	O14523-2
Q9Y426	O14523
Q9Y426	Q80X80
Q9Y426	Q5U2P5
Q9D4V3	Q9D4V3
Q9D4V3	D3YUZ0
Q9D4V3	Q8IWF9
Q9BVX2	Q9BVX2
Q9BVX2	Q9NUM4
Q9BVX2	Q96A25
Q9BVX2	Q80X71
Q9BVX2	Q6AYA5
Q9BVX2	Q80VP8
Q9BVX2	Q5BK83
Q9BVX2	Q5RJK0
Q9BVX2	Q8VC04
Q86SI9	Q86SI9
Q86SI9	Q86SI9-2
Q5SY85	Q5SY85
Q0VDD5	Q0VDD5
Q8N7Q2	Q8N7Q2
Q7TLC7	Q7TLC7
Q7TLC7	P0DTD3
Q9Y6W8	Q9Y6W8
Q9Y6W8	Q9WVS0
Q9Y6W8	Q9R1T7
Q6ZQT0	Q6ZQT0
Q6UX01	Q6UX01
Q6UX01	Q8WVP7-3
Q6UX01	Q8WVP7
Q6UX01	Q9JIT0
Q6UX01	Q9D1E5
Q3LHN0	Q3LHN0
Q91W27	Q91W27
Q91W27	P0C172
Q91W27	Q96A98
Q6ZVE7	Q6ZVE7
Q6ZVE7	Q9CR60
Q6ZVE7	B0BNB0
Q6ZVE7	Q9Y3E0
Q6ZVE7	Q9DCQ3
A6XGL0	A6XGL0
A6XGL0	B0BNM1
A6XGL0	Q9P0J0-2
A6XGL0	Q8NCW5-2
A6XGL0	Q8K4Z3
A6XGL0	F6W8I0
A6XGL0	D3ZE15
A6XGL0	Q8NCW5
A6XGL0	Q9ERS2
A6XGL0	Q9P0J0
Q69YL0	Q69YL0
Q5M7A4	Q5M7A4
Q5M7A4	Q8VE47
Q5M7A4	Q9GZZ9
P49326-3	P49326-3
P49326-3	M0R553
P49326-3	J3QMN6
P49326-3	P49326
P49326-3	P97872
P49326-3	P50285
P49326-3	P36365
P49326-3	Q8K4B7
P49326-3	Q01740
P49326-3	Q8K2I3
P49326-3	Q8K4C0
P49326-3	D4A6T0
P49326-3	Q14DT3
P49326-3	D3ZD07
P49326-3	Q8VHG0
P49326-3	P31512
P49326-3	B2RWH8
P49326-3	P31513
P49326-3	P97501
P49326-3	O60774
P49326-3	Q99518
P49326-3	Q9EQ76
P49326-3	Q6IRI9
Q8NFG4-2	Q8NFG4-2
Q8NFG4-2	Q8NFG4
Q8NFG4-2	Q8QZS3
Q8NFG4-2	Q76JQ2
O95671-2	O95671-2
O95671-2	XP_006249063
O95671-2	O95671
O95671-2	D3KU66
O95671-2	Q9D927
O95671-2	P46597
O95671-2	B3GSH5
Q810Z1	Q810Z1
Q810Z1	B3EY85
Q810Z1	Q6JVE6
Q810Z1	A2AJB7
Q810Z1	P06911
Q810Z1	Q6JVE6-2
Q9UF56	Q9UF56
Q9UF56	D3ZVD0
Q9UF56	Q9QZN1
Q9UF56	D3ZL45
Q9UF56	Q8C8L2
Q15274	Q15274
Q15274	Q91X91
Q15274	Q5I0M2
Q86VS3	Q86VS3
Q86VS3	Q9D2K4
Q9CR33	Q9CR33
Q9CR33	Q9H8J5
A4Q9E4	A4Q9E4
A4Q9E4	Q8NG68
A4Q9E4	A4Q9F1
A4Q9E4	Q80UG8
A4Q9E4	Q5XI57
A4Q9E4	D4A331
A4Q9E4	A6NNM8
A4Q9E4	Q8NHH1
A4Q9E4	Q91V51
A4Q9E4	A4Q9F6
A4Q9E4	O95922
A4Q9E4	A4Q9E8
A4Q9E4	A2APC3
A4Q9E4	A4Q9E5
A4Q9E4	Q5PPI9
A4Q9E4	Q3SXZ7
A4Q9E4	J3KQB2
A4Q9E4	Q8N841
A4Q9E4	P59998
A4Q9E4	P59999
A4Q9E4	B2RZ72
A4Q9E4	A4Q9F4
A4Q9E4	P59998-3
A4Q9E4	Q9Y4R7
A4Q9E4	Q9BWV7
A4Q9E4	Q3UDE2
A4Q9E4	Q8NHH1-2
A4Q9E4	NP_001129394
A4Q9E4	Q14166
A4Q9E4	Q6ZVT0
A4Q9E4	Q641W7
A4Q9E4	A0A0A6YYG9
A4Q9E4	A4Q9F0
A4Q9E4	Q14679
A4Q9E4	A4Q9F3
A4Q9E4	Q6ZT98
A4Q9E4	XP_001077354
A4Q9E4	Q8CHB8
A4Q9E4	Q9Y4R7-2
A4Q9E4	Q6EMB2
A4Q9E4	Q9QXJ0
A4Q9E4	P38585
A4Q9E4	A6PVC2
Q92530	Q92530
Q92530	Q5XIU5
Q92530	Q8BHL8
Q92543	Q92543
Q92543	Q6P4T1
Q9CTG6	Q9CTG6
Q9CTG6	Q9NQ11
Q9CTG6	F1M9L4
Q9CTG6	Q9H7F0
Q9CTG6	Q5XF90
Q9CTG6	Q4VNC1
Q9CTG6	Q4VNC0
Q9CTG6	Q5XF89
Q9CTG6	Q3TYU2
Q3URY6	Q3URY6
Q3URY6	Q8NEN0
Q8N412	Q8N412
Q8N412	A1A5R9
Q8N412	Q8C8J0
Q9CRZ8	Q9CRZ8
Q9CRZ8	P16257
Q9CRZ8	Q5TGU0
Q9CRZ8	P30536
Q9CRZ8	P50637
Q6P656	Q6P656
Q6P656	Q6P8Y0
Q68D86	Q68D86
Q68D86	D3ZSR7
Q68D86	Q3TMW1
Q68D86	Q96A19
NP_001382630	NP_001382630
NP_001382630	Q9BZQ4
NP_001382630	Q96T66
NP_001382630	Q99JR6
NP_001382630	A0JPJ0
NP_001382630	Q9EPA7
NP_001382630	Q0HA29
NP_001382630	Q8BNJ3
NP_001382630	Q9HAN9
O35980	O35980
O35980	P78549
Q68CR1	Q68CR1
Q68CR1	Q80TS8
Q9CZP7	Q9CZP7
Q9CZP7	Q5XIC3
Q9CZP7	Q16543
Q9CZP7	Q63692
Q9CZP7	Q61081
Q9CZP7	Q7L3B6
A2BGJ5	A2BGJ5
A2BGJ5	Q9H0C1
Q9NW08-2	Q9NW08-2
Q9NW08-2	P30876
Q9NW08-2	G3V8Y5
Q9NW08-2	Q8CFI7
Q9NW08-2	D3ZV30
Q9NW08-2	P59470
Q9NW08-2	Q9NW08
Q9NW08-2	O54888
Q9NW08-2	Q9H9Y6-3
Q9NW08-2	Q9H9Y6
Q9NW08-2	P70700
P42224-2	P42224-2
P42224-2	P40763
P42224-2	P42227
P42224-2	P52631
P42224-2	Q9QXK0
P42224-2	P42230
P42224-2	P42225
P42224-2	P42224
P42224-2	P42229
P42224-2	P51692
P42224-2	Q9QXJ2
P42224-2	NP_001037715
P42224-2	Q62771
P42224-2	P42226-2
P42224-2	Q24151
P42224-2	P52632
P42224-2	Q9WVL2
P42224-2	P42232
P42224-2	P52630
P42224-2	P52633
P42224-2	P40763-3
P42224-2	P42227-2
P42224-2	P42226
P42224-2	Q66HB2
P42224-2	P42231
P42224-2	P42227-3
P42224-2	P40763-2
P42224-2	B2C3G8
P42224-2	P42228
P42224-2	Q5XI26
P42224-2	Q14765
P42224-2	P61635
F1LW62	F1LW62
F1LW62	Q9C0B2
F1LW62	Q3UY96
Q96ST8-3	Q96ST8-3
Q96ST8-3	B1WBZ3
Q96ST8-3	Q96ST8
Q96ST8-3	Q9CZX2
M0R885	M0R885
M0R885	Q8C735
M0R885	Q5TKA1-2
M0R885	Q5TKA1
M0R885	Q8IWQ1
M0R4S7	M0R4S7
M0R4S7	D3YV10
M0R4S7	Q8IYE1
Q16401-2	Q16401-2
Q16401-2	G3V8G2
Q16401-2	Q8BJY1
Q16401-2	Q16401
Q76HM9	Q76HM9
Q76HM9	Q05A56
Q76HM9	Q8VEI3
Q76HM9	Q2M3T9
Q76HM9	Q5BK36
Q76HM9	O35632
Q76HM9	Q9Z2Q3
Q76HM9	P38567
Q76HM9	O43820
Q76HM9	Q812F3
Q76HM9	Q62803
Q76HM9	P48794
Q76HM9	Q12794
Q76HM9	Q91ZJ9
Q76HM9	Q76HN1
Q76HM9	Q12891
Q3U0Y2	Q3U0Y2
Q3U0Y2	Q8NCS4
Q3U0Y2	D3ZYP5
Q15345-3	Q15345-3
Q15345-3	Q5M9H1
Q15345-3	Q8K1C9
Q15345-3	Q15345
A5YKK6-4	A5YKK6-4
A5YKK6-4	A5YKK6-2
A5YKK6-4	A5YKK6-3
A5YKK6-4	G3V7M0
A5YKK6-4	Q6ZQ08
A5YKK6-4	A5YKK6
Q6NZY4-2	Q6NZY4-2
Q6NZY4-2	Q9CYA6
Q6NZY4-2	Q6NZY4
Q6NZY4-2	D3ZUL8
D3ZRX3	D3ZRX3
D3ZRX3	Q8C159
D3ZRX3	Q5TAA0
Q9H0P0-1	Q9H0P0-1
Q9H0P0-1	Q6AYP7
Q9H0P0-1	Q9H0P0
Q9H0P0-1	Q9D020
Q9H0P0-1	NP_001385770
Q9H0P0-1	Q969T7
Q9H0P0-1	Q3UFY7
Q9UBH6-2	Q9UBH6-2
Q9UBH6-2	G3V602
Q9UBH6-2	Q9Z0U0
Q9UBH6-2	Q9UBH6
Q16514-2	Q16514-2
Q16514-2	Q16514
Q16514-2	Q8VE65
Q16514-2	B0BMY3
Q16222-2	Q16222-2
Q16222-2	Q16222
Q16222-2	Q91YN5
Q16222-2	Q3TW96
Q16222-2	Q3KQV9
Q16222-2	B5DEH4
Q16222-2	D3ZF39
Q9NUQ6-2	Q9NUQ6-2
Q9NUQ6-2	Q9NUQ6-3
Q9NUQ6-2	Q8K1N4
Q9NUQ6-2	Q86XZ4
Q9NUQ6-2	NP_001382040
Q9NUQ6-2	Q9NUQ6
Q9NUQ6-2	Q5U2T3
Q9NUQ6-2	Q91WJ7
L0AJX6	L0AJX6
P0DI80	P0DI80
P0DMR3	P0DMR3
Q5RJQ7	Q5RJQ7
Q5RJQ7	Q8C6I2
Q5RJQ7	Q9NX18
P28661-7	P28661-7
P28661-7	O43236-8
D3ZLH8	D3ZLH8
D3ZLH8	A2AQ19
D3ZLH8	Q92541
Q8TBF2-2	Q8TBF2-2
Q8TBF2-2	Q9DB60
Q8TBF2-2	Q8TBF2
Q8TBF2-2	Q8TBF2-7
Q8TBF2-2	Q8TBF2-5
Q8TBF2-2	Q9BRX8
Q8TBF2-2	Q9CYH2
Q8TBF2-2	D3ZVR7
Q8TBF2-2	Q8TBF2-3
Q8TBF2-2	Q6AXX6
Q9BW04-2	Q9BW04-2
Q9BW04-2	Q499V8
Q9BW04-2	Q8BI29
Q9BW04-2	Q9BW04
Q925F0	Q925F0
Q925F0	Q9DC77
Q925F0	Q9UHP9
G3V211	G3V211
Q63159	Q63159
Q63159	Q8BMS4
Q63159	Q9NZJ6
B4DZS4	B4DZS4
B4DZS4	Q01755
B4DZS4	Q8WWU5
B4DZS4	Q5XI00
B4DZS4	Q9DAK1
B4DZS4	Q568Z0
B4DZS4	NP_038715
B4DZS4	NP_001102672
B4DZS4	Q8K1H7
B4DZS4	Q8N4U5
B4DZS4	Q8BTG3
B4DZS4	Q9NUJ3
B4DZS4	Q5H9J9
Q78S06	Q78S06
Q78S06	D3ZY25
Q78S06	Q8N2H4
D3ZVM5	D3ZVM5
D3ZVM5	Q9CZJ2
D3ZVM5	Q96MM6
D3ZVM5	D3ZC55
D3ZVM5	Q8K0U4
D3ZVM5	O43301
Q9D6B9	Q9D6B9
Q9D6B9	Q6UXD1
Q9NRA8-2	Q9NRA8-2
Q9NRA8-2	Q9NRA8
Q9NRA8-2	Q9EST3
Q9NRA8-2	Q9NRA8-3
Q9NRA8-2	D4ACF1
A0JN30	A0JN30
A0JN30	Q9QXT0
A0JN30	Q9Y2B0
A0JN30	Q9Y2B0-2
A0JN30	Q4VAB4
A0JN30	Q3B7I2
Q6P387-2	Q6P387-2
Q6P387-2	Q8BHB7
Q6P387-2	Q6P387
P0C606	P0C606
P0C606	Q9DA08
P0C606	Q96ES7
Q5BK62	Q5BK62
Q5BK62	Q567V2
Q5BK62	P39210
Q5BK62	Q99MS3
Q5BK62	Q2QL34
Q5BK62	Q9NR77
Q5BK62	P42925
Q5BK62	P19258
Q5BK62	XP_008769309
Q5BK62	Q07066
Q5BK62	Q8VIK2
Q14108-2	Q14108-2
Q14108-2	P27615
Q14108-2	Q8WTV0-5
Q14108-2	Q8WTV0
Q14108-2	Q61009
Q14108-2	Q8WTV0-2
Q14108-2	P16671
Q14108-2	Q08857
Q14108-2	P97943
Q14108-2	Q07969
Q14108-2	O35114
Q14108-2	Q14108
P0DI83	P0DI83
P28290-2	P28290-2
P28290-2	P28290
P28290-2	Q922B9
P28290-2	Q3U132
P28290-2	A2RU30
P28290-2	Q6ZRS4
P28290-2	NP_001101208
P28290-2	Q14B48
P28290-2	D3ZPH2
Q7Z7F0-2	Q7Z7F0-2
Q7Z7F0-2	Q3TCX3
Q7Z7F0-2	Q7Z7F0
Q7Z7F0-2	NP_001386167
D4AC84	D4AC84
D4AC84	Q8CH19
D4AC84	A0A1B0GTH6
Q96SY0-3	Q96SY0-3
Q96SY0-3	Q66H58
Q96SY0-3	Q96SY0
Q96SY0-3	Q8R3P6
Q6ZNX1	Q6ZNX1
Q6ZNX1	Q9CZV2
P0DO92	P0DO92
P0DO92	P0DO93
Q8TF76-2	Q8TF76-2
Q8TF76-2	Q9Z0R0
Q8TF76-2	Q8TF76
Q8TF76-2	M0RBT0
Q8SPJ1	Q8SPJ1
Q8SPJ1	Q02257
Q8SPJ1	Q6P0K8
Q8SPJ1	P14923
Q8SPJ1	Q9WU82
Q8SPJ1	Q02248
Q8SPJ1	XP_008258482
Q8SPJ1	P35222
Q5T319	Q5T319
Q5T319	Q5T1J6
D3ZII1	D3ZII1
D3ZII1	Q52LD8
D3ZII1	Q8CHX7
D3ZII1	Q6A0D4
D3ZII1	Q14699
D3ZII1	G3V7I2
XP_006252148	XP_006252148
XP_006252148	Q9UKK3
XP_006252148	E9PYK3
P70552	P70552
P70552	P99025
P70552	P30047
Q6NXT4-4	Q6NXT4-4
Q6NXT4-4	B2RZA8
Q6NXT4-4	Q6NXT4-2
Q6NXT4-4	Q6NXT4-3
Q6NXT4-4	Q6NXT4
Q6NXT4-4	Q8BJM5
Q8NBF2-2	Q8NBF2-2
Q8NBF2-2	D3ZLM5
Q8NBF2-2	Q8BZW8
Q8NBF2-2	Q8NBF2
D4A8N0	D4A8N0
D4A8N0	Q6SJ93
D4A8N0	Q6SJ93-2
D4A8N0	Q9D2L9
D4A8N0	Q96PZ2
D3ZBS6	D3ZBS6
D3ZBS6	Q80TL4
D3ZBS6	Q9UPV7
D4A4P5	D4A4P5
D4A4P5	Q5SPV6
D4A4P5	Q8N5S3
Q9D0U9	Q9D0U9
Q9D0U9	D3ZTJ1
Q9D0U9	Q9H2C2
D4A7D6	D4A7D6
D4A7D6	O00512
D4A7D6	Q9D219
D4A7D6	Q86UU0-2
D4A7D6	Q67FY2
D4A7D6	D4A0D9
D4A7D6	Q86UU0
O43261	O43261
Q96IZ7-2	Q96IZ7-2
Q96IZ7-2	Q5PPJ2
Q96IZ7-2	Q96IZ7
Q96IZ7-2	Q9DBU6
Q96IZ7-2	Q3TGY1
W5XKT8-3	W5XKT8-3
W5XKT8-3	B6ETS2
W5XKT8-3	W5XKT8
W5XKT8-3	W5XKT8-2
W5XKT8-3	E9Q8Q8
Q9R0C9	Q9R0C9
Q9R0C9	Q99720
Q9R0C9	O55242
O15498-2	O15498-2
O15498-2	O15498
O15498-2	Q5EGY4
O15498-2	Q9CQW1
Q53E76	Q53E76
Q53E76	Q4AE62
Q53E76	Q8BW56
Q9P055-3	Q9P055-3
Q9P055-3	Q9P055
Q9P055-3	Q9P055-5
Q9P055-3	D3ZZT8
Q9P055-3	Q8BI36
P0C841	P0C841
Q99M66	Q99M66
Q99M66	Q9Z0F3
Q99M66	Q9HD36
Q91XN4	Q91XN4
Q91XN4	Q9D0L6
Q91XN4	Q13145
P0C0A2	P0C0A2
P0C0A2	Q86VN1
P0C0A2	Q91XD6
D3ZJX5	D3ZJX5
D3ZJX5	Q9D880
D3ZJX5	Q3ZCQ8
D3ZJX5	Q3ZCQ8-2
Q9UM22-3	Q9UM22-3
Q9UM22-3	Q9UM22
Q9UM22-3	Q99M71
Q9UM22-3	Q5XII0
P51993-2	P51993-2
P51993-2	Q62994
P51993-2	Q6P4F1-2
P51993-2	Q5F2L1
P51993-2	Q11127
P51993-2	P22083
P51993-2	O88819
P51993-2	Q9Y231
P51993-2	Q99JB3
P51993-2	Q68FV3
P51993-2	Q6P4F1
P51993-2	Q5F2L2
P51993-2	Q712G6
P51993-2	Q11130
P51993-2	Q11131
P51993-2	P21217
P51993-2	Q11128
P51993-2	P51993
P51993-2	Q495W5
P51993-2	Q8BHC9
Q9BVS5	Q9BVS5
Q8WWC4	Q8WWC4
Q8WWC4	Q6AY04
Q8WWC4	Q8BHE8
Q6ZQB6	Q6ZQB6
Q6ZQB6	Q6PFW1-2
Q6ZQB6	A2ARP1
Q6ZQB6	E9Q9J4
Q6ZQB6	O43314
Q6ZQB6	P0C644
Q6ZQB6	Q6PFW1
Q6ZQB6	XP_038940800
Q6UW63	Q6UW63
Q6UW63	Q8NBL1
Q6UW63	Q8BYB9
Q6UW63	B5DFA5
Q6UW63	Q566E5
Q6UW63	Q9JHP7
Q6UW63	G5E897
Q6UW63	Q7Z4H8
Q6UW63	G3V9D0
Q7RTS6	Q7RTS6
Q7RTS6	Q7M734
Q7RTS6	Q7RTM1
Q7RTS6	Q80VM9
Q7RTS6	Q80SX5
Q7RTS6	Q7RTS5
Q7RTS6	Q80UF9
Q5DU05	Q5DU05
Q5DU05	Q9UPV0-2
Q5DU05	XP_001064241
Q5DU05	Q9UPV0
Q6I9Y2	Q6I9Y2
Q6I9Y2	Q7TMY4
Q6I9Y2	F1LXS6
Q9D8E6	Q9D8E6
Q9D8E6	Q58DW0
Q9D8E6	Q28346
Q9D8E6	P36578
Q9D8E6	P50878
Q8BH69	Q8BH69
Q8BH69	D3ZFY0
Q8BH69	P49903
Q8BH69	Q99611
Q8BH69	P97364
O75822	O75822
O75822	A0JPM9
O75822	Q3UGC7
O75822	Q66JS6
Q6YBV4	Q6YBV4
Q6YBV4	Q9NZW4
Q6YBV4	Q62598
Q6YBV4	P97399
Q684P5	Q684P5
Q684P5	P49816
Q684P5	Q61037
Q684P5	Q5JCS6
Q684P5	P49815
Q684P5	Q6GYQ0-6
Q684P5	XP_233609
Q684P5	P47736-2
Q684P5	Q6I7S1
Q684P5	Q6GYQ0-2
Q684P5	Q6GYQ0
Q684P5	P47736-4
Q684P5	Q3V0G7-2
Q684P5	B7ZNA3
Q684P5	O60292
Q684P5	A2ALS4-4
Q684P5	O43166-2
Q684P5	Q3V0G7
Q684P5	P49815-2
Q684P5	Q5VVW2
Q684P5	A2ALS5-3
Q684P5	A2ALS5-2
Q684P5	D3ZGQ7
Q684P5	XP_001079197
Q684P5	Q6GYP7
Q684P5	Q2PPJ7-3
Q684P5	Q684P5-2
Q684P5	Q5SVL6
Q684P5	A2AUQ6
Q684P5	Q6GYQ0-3
Q684P5	Q80TE4
Q684P5	P46062
Q684P5	Q684P5-3
Q684P5	Q9P2F8
Q684P5	Q96FS4
Q684P5	P49816-2
Q684P5	Q61037-6
Q684P5	D3ZPI4
Q684P5	Q8C0T5
Q684P5	O43166
Q684P5	A3KGS3
Q684P5	P49815-3
Q684P5	Q2PPJ7-2
Q684P5	P49815-4
Q684P5	XP_001055483
Q684P5	Q2PPJ7
Q684P5	ENSMUSP00000064328
Q684P5	G3X9J0
Q684P5	P47736-3
Q684P5	NP_001003719
Q684P5	Q5BJW2
Q684P5	A2ALS5
Q684P5	O35412
Q684P5	P47736
A2AIV2	A2AIV2
A2AIV2	NP_001101385
A2AIV2	Q69YN4
Q9CWH5	Q9CWH5
Q9CWH5	Q7Z4G4
Q9CWH5	Q7TNK6
Q6P3W7	Q6P3W7
Q6P3W7	NP_001178709
Q6P3W7	Q8CFE4
P17752	P17752
P17752	Q8CGU9
P17752	P17289
P17752	P04177
P17752	P24529
P17752	P07101-4
P17752	Q8CGV2
P17752	P07101
P17752	P04176
P17752	P16331
P17752	P07101-2
P17752	P00439
P17752	P17290
P17752	P09810
P17752	P17532
P17752	Q8IWU9
P17752	Q8IWU9-2
P17752	P07101-3
Q96FQ7	Q96FQ7
Q9CQQ0	Q9CQQ0
Q9CQQ0	Q96KF7
P48551-2	P48551-2
P48551-2	P48551
P48551-2	O35664
P48551-2	XP_001073550
Q8BH51	Q8BH51
Q8BH51	Q5XFV8
Q8BH51	Q96I36
P42203	P42203
P42203	P35225
P42203	P20109
Q8N7N6	Q8N7N6
Q8N7N6	O43734
Q6P0A1	Q6P0A1
Q6UWI4	Q6UWI4
Q6UWI4	XP_002727746
Q6UWI4	Q8C3Q5
Q6UWI4	Q9CZN4
Q6UWI4	J3QNX5
Q6UWI4	XP_001077526
Q6UWI4	Q6UWV7
Q6UWI4	B8ZZ34
Q6UWI4	A2A9G7
Q6UWI4	Q5XIH2
Q6UWI4	Q3UH99
Q6UWI4	B4DS77
Q6UWI4	B8ZZ34-3
Q6UWI4	A0PJX4
Q6UWI4	Q3UPR0
Q6UWI4	Q8QZV2
Q6UWI4	Q8C3Q5-2
Q6UWI4	Q6ZSJ9
Q6UWI4	NP_001178851
Q6UWI4	ENSMUSP00000023138
Q6UWI4	A6NL88
Q6UWI4	Q9D1Y9
Q6UWI4	D3ZPJ0
Q6UWI4	A6NKW6
Q6UWI4	Q96DD7
Q6UWI4	Q6ZSJ9-2
Q6UWI4	Q8CA71
Q6UWI4	Q9D7I0
Q6UWI4	Q8N114
Q61301-3	Q61301-3
Q61301-3	D4A739
Q61301-3	P35221-2
Q61301-3	Q9UI47
Q61301-3	F1M4I1
Q61301-3	XP_001004454
Q61301-3	P26232-5
Q61301-3	Q65CL1
Q61301-3	XP_001924374
Q61301-3	Q5U302
Q61301-3	O88327
Q61301-3	XP_001070677
Q61301-3	P35221
Q61301-3	NP_001030443
Q61301-3	Q9UBT7
Q61301-3	P26232
Q61301-3	Q61301
Q61301-3	P26231
Q6AXZ3	Q6AXZ3
Q6AXZ3	Q9JK24
Q6AXZ3	Q969Q6
Q02769	Q02769
Q02769	P53798
Q02769	P37268
D3ZZP4	D3ZZP4
D3ZZP4	Q810F0
D3ZZP4	Q86XR5
Q5PQM8	Q5PQM8
Q5PQM8	Q69ZK7
Q5PQM8	Q32MH5
Q5PQM8	Q7L5A3
Q5PQM8	Q8BR27
Q5PQM8	NP_001100308
P0DSO2	P0DSO2
P0DSO2	A0A087WQP5
P0DSO2	A0A286YEX9
P0DSO2	A0A286YF60
P0DSO2	A0A286YFB4
P0DSO2	A0A286YEY9
P0DSO2	A0A286YF01
P0DSO2	A0A286YF77
P0DSO2	A0A286YEV6
P0DSO2	A0A286YF46
P0DSO2	A0A286YFG1
Q8CF02	Q8CF02
Q8CF02	A0A0G2K0T8
Q8CF02	B3EWG3
Q8CF02	B3EWG5
Q8CF02	B3EWG6
O88177	O88177
O88177	O00623
O88177	Q8VC48
O70597	O70597
O70597	Q9Z210
O70597	O96011
O70597	O75192
O70597	Q4KM24
O70597	Q9Z211
G3V325	G3V325
G3V325	P56134-2
G3V325	D3ZAF6
G3V325	P56135
G3V325	A2VD13
G3V325	O75127
G3V325	Q8C2E4
G3V325	P56134-4
G3V325	P56134
A6NJY1	A6NJY1
A6NJY1	Q8C0X2
A6NJY1	Q4ZJI4
A6NJY1	Q5BKR2
A6NJY1	Q86UD5
Q96IV0-5	Q96IV0-5
Q96IV0-5	Q9JI78
Q96IV0-5	Q5XI55
Q96IV0-5	Q96IV0
Q86UP2-2	Q86UP2-2
Q86UP2-2	F1M5X1
Q86UP2-2	Q99PL5
Q86UP2-2	Q9P2E9
Q86UP2-2	Q61595-5
Q86UP2-2	D4A4Z9
Q86UP2-2	Q9P2E9-3
Q86UP2-2	Q86UP2-3
Q86UP2-2	Q61595
Q86UP2-2	Q86UP2-4
Q86UP2-2	Q86UP2
D3Z9I4	D3Z9I4
D3Z9I4	Q9CY94
D3Z9I4	Q9BRX5
D3Z9I4	Q9BRX5-3
B0BN27	B0BN27
B0BN27	Q6P4I2
B0BN27	Q9CWR1
B2RZ56	B2RZ56
B2RZ56	Q6P2C8
B2RZ56	Q9DB40
A0A0A0MT94	A0A0A0MT94
Q6NUR6	Q6NUR6
Q6NUR6	P58283
Q6NUR6	Q9NWF9
Q6NUR6	Q9NWF9-1
Q6NUR6	D3ZU60
P59632	P59632
P59632	P0DTC3
NP_001273867	NP_001273867
NP_001273867	O70338
NP_001273867	O60930
NP_001273867	Q5BK46
F1LST7	F1LST7
F1LST7	Q8N715
F1LST7	Q3V118
Q6AYP3	Q6AYP3
Q6AYP3	Q8NA56-2
Q6AYP3	Q80VM3
Q6AYP3	Q8NA56
Q8NHP1-2	Q8NHP1-2
Q8NHP1-2	Q8CG45
Q8NHP1-2	Q8CG76
Q8NHP1-2	Q8NHP1
Q8NHP1-2	O95154
Q8NHP1-2	P38918
Q8NHP1-2	O43488
Q8NG50-3	Q8NG50-3
Q8NG50-3	Q8NG50
Q8NG50-3	Q9CQK3
P53367-2	P53367-2
P53367-2	Q6AY65
P53367-2	Q8K221
P53367-2	P53365
P53367-2	P53367
P53367-2	Q9JHU5
P53367-2	G5E8V9
P35573-2	P35573-2
P35573-2	D4AEH9
P35573-2	F8VPN4
P35573-2	P35573
P24050	P24050
P24050	P46782
P24050	P97461
Q3MQ06	Q3MQ06
Q3MQ06	Q99J83
Q3MQ06	Q9H1Y0
Q9HD23-2	Q9HD23-2
Q9HD23-2	Q9HD23
Q9HD23-2	NP_001013407
Q9HD23-2	Q9ET09
NP_001178672	NP_001178672
NP_001178672	Q60710
NP_001178672	Q9Y3Z3
Q80U58-2	Q80U58-2
Q80U58-2	Q80U58
Q80U58-2	Q8TB72
Q80U58-2	Q14671-4
Q80U58-2	Q8TB72-2
Q80U58-2	D3ZQL8
Q80U58-2	Q14671-3
Q80U58-2	Q80U78
Q80U58-2	D3Z8L5
Q80U58-2	Q8TB72-4
Q80U58-2	Q8TB72-3
Q80U58-2	Q14671-2
Q80U58-2	Q14671
Q99PE6	Q99PE6
Q99PE6	Q9BZL3
Q99PE6	Q99PE5
Q99704-3	Q99704-3
Q99704-3	O43559
Q99704-3	Q9P104
Q99704-3	Q2MHE5
Q99704-3	F1M038
Q99704-3	Q6PKX4
Q99704-3	Q4QQV2
Q99704-3	Q91WJ0
Q99704-3	Q99KE3
Q99704-3	Q7L591
Q99704-3	Q8C180
Q99704-3	Q9QZK7
Q99704-3	Q8WU20
Q99704-3	B2RYG7
Q99704-3	Q91ZM9
Q99704-3	O70469
Q99704-3	O60496
Q99704-3	P97465
Q99704-3	Q99704
Q99704-3	Q7L591-2
Q99704-3	D4A244
Q99704-3	B0BNA8
Q99704-3	Q8TEW6
Q99704-3	Q52RG8
Q53F19-2	Q53F19-2
Q53F19-2	Q53F19
Q53F19-2	Q8BZR9
Q53F19-2	D3ZXL5
P16788	P16788
Q8NFQ6	Q8NFQ6
Q8NFQ6	Q8C186
A2AFK4	A2AFK4
A2AFK4	A4D1E9
A2AFK4	Q9NTK5-3
A2AFK4	Q99ME9
A2AFK4	Q16656-4
A2AFK4	Q9BZE4
A2AFK4	Q5I0F0
A2AFK4	Q9Y295
A2AFK4	P32233
A2AFK4	NP_001094178
A2AFK4	Q9CZ30
A2AFK4	Q9NTK5
A2AFK4	D4A3U1
A2AFK4	P55039
A2AFK4	Q16656
A2AFK4	Q9WU00
A2AFK4	Q5XIH5
A2AFK4	Q9H4K7
A2AFK4	Q8K013
A2AFK4	A0JPJ7
A2AFK4	Q99P77
A2AFK4	NP_001385772
A2AFK4	Q9QXB9
Q8BS90	Q8BS90
Q8BS90	Q5M864
Q8BS90	Q6PGQ7
Q64374	Q64374
Q64374	Q15493
Q64374	Q03336
Q7LGA3	Q7LGA3
Q7LGA3	Q9Y2C2
Q7LGA3	Q8R3H7
Q7LGA3	G3V7N0
Q7LGA3	Q8BUB6
Q8WV15	Q8WV15
Q8WV15	Q5JRV8
Q8WV15	Q5FW56
Q8WV15	Q7TMP6
Q8WV15	Q8BHW5
P18074	P18074
P18074	D3ZEG9
P18074	O08811
Q13951	Q13951
Q13951	Q13951-2
Q13951	Q08024-2
Q13951	Q66HA7
Q13951	Q08024
Q9Y215	Q9Y215
Q9Y215	O35167
Q9Y215	O35348
Q6PD74	Q6PD74
Q6PD74	Q9R0Z7
Q6PD74	Q8R2R3
Q9EQR5	Q9EQR5
Q9EQR5	Q9H400
Q925N4	Q925N4
Q925N4	Q91Y55
Q925N4	Q9Y5I7
Q9CQX8	Q9CQX8
Q9CQX8	M0R776
Q9CQX8	P82909
Q9CPT4	Q9CPT4
Q9CPT4	M0R3V4
Q9CPT4	Q969H8
Q9Z0S9	Q9Z0S9
Q9Z0S9	O35394
Q9Z0S9	Q9UI14
Q8IYE0	Q8IYE0
Q8IYE0	Q66H60
Q5D001	Q5D001
Q5D001	Q8VDL4
Q5D001	Q9BRR6
A0A1B0GUU1	A0A1B0GUU1
Q9D9V4	Q9D9V4
Q9D9V4	Q9H1X1
Q96F25	Q96F25
Q96F25	Q6AY85
Q96F25	Q9D081
Q8TES7	Q8TES7
Q8TES7	Q8TES7-6
Q8TES7	A2A870
Q8TES7	XP_038943387
D3YWK9	D3YWK9
D3YWK9	A0A590UK83
EDM05661	EDM05661
EDM05661	A0A571BF63
EDM05661	Q8N957
Q9JMG3	Q9JMG3
Q9JMG3	Q53AQ4
Q9JMG3	Q9BVT8
Q9JMG3	Q4FZV7
Q9JMG3	Q3V209
Q9JMG3	Q71RG4
F2Z3F1	F2Z3F1
Q5VTY9	Q5VTY9
Q5VTY9	Q5VTY9-3
Q5VTY9	Q8BMT9
Q8K2D0	Q8K2D0
Q8K2D0	Q6PEV8
Q9JMA2	Q9JMA2
Q9JMA2	Q4QR99
Q9JMA2	Q9BXR0
A0A0J9YXG5	A0A0J9YXG5
Q9CTA4	Q9CTA4
O70591	O70591
O70591	B0BN18
O70591	Q9UHV9
Q3V0L1	Q3V0L1
Q9NPB0	Q9NPB0
Q9NPB0	Q8K190
B2RPU2	B2RPU2
B2RPU2	B1WBU8
B2RPU2	A6NEE1
Q3UG79	Q3UG79
Q9Y241	Q9Y241
Q9Y241	B2GV65
Q9Y241	Q9P298
Q9Y241	Q99JY6
Q9Y241	Q9Y241-2
Q9Y241	Q9BW72
Q9Y241	Q8VH49
Q9Y241	Q9CQJ1
Q9Y241	A8MV81
Q9Y241	Q4VC39
Q9Y241	Q76I25
Q9Y241	Q9JLR9
Q497K5	Q497K5
Q497K5	A6NEK1
Q0VG49	Q0VG49
Q0VG49	A6NNL5
Q8WV92	Q8WV92
Q8WV92	Q5I0J5
Q8WV92	Q8VDV8
O88693	O88693
O88693	Q9R0E0
O88693	Q16739
Q8BP97	Q8BP97
Q8BP97	Q642B3
Q8BP97	Q9Y3P4
Q8N5G0	Q8N5G0
Q8N5G0	D3Z7Q2
Q8N5G0	Q8N5G0-2
Q8N5G0	C0HLM6
P06956	P06956
Q75WM6	Q75WM6
Q75WM6	Q8CJI4
Q75WM6	Q5RKG3
Q9D8Q6	Q9D8Q6
Q9D8Q6	Q8IXP5
A6H630	A6H630
A6H630	Q6AYT5
A6H630	Q9H993
B5DF53	B5DF53
B5DF53	Q8VE08
B5DF53	Q7Z6M2
O43852-15	O43852-15
O43852-15	O43852-4
O43852-15	Q91ZS3
O43852-15	Q14257
O43852-15	O35887
O43852-15	Q14257-2
O43852-15	D3ZUB0
O43852-15	O43852
O43852-15	Q62703
O43852-15	Q8BP92
O43852-15	Q9BRK5
O43852-15	Q9BRK5-6
O43852-15	Q05186
O43852-15	Q15293
O43852-15	Q61112
O43852-15	O35783
O43852-15	O43852-2
O43852-15	O43852-3
O43852-15	Q3TE95
O43852-15	I6L9G5
O43852-15	Q8BH97
O43852-15	Q96D15
P23526-2	P23526-2
P23526-2	Q96HN2-2
P23526-2	B5DFN2
P23526-2	P50247
P23526-2	P23526
P23526-2	D3ZWL6
P23526-2	Q68FL4
P23526-2	Q96HN2
P23526-2	P10760
P23526-2	O43865
P23526-2	Q80SW1
Q8N684-2	Q8N684-2
Q8N684-2	Q6NVF9
Q8N684-2	D3ZPL1
Q8N684-2	Q16630
Q8N684-2	Q8N684-3
Q8N684-2	Q8BTV2
Q8N684-2	Q16630-2
Q8N684-2	Q5XI29
Q8N684-2	Q8N684
O43679-2	O43679-2
O43679-2	O55203
O43679-2	O43679
O43679-2	P70662
O43679-2	Q86U70
O43679-2	D3ZT89
O43679-2	Q86U70-2
Q3MHR7	Q3MHR7
Q3MHR7	P85970
Q3MHR7	O15144
Q3MHR7	Q9CVB6
Q9BXW7-2	Q9BXW7-2
Q9BXW7-2	D3ZQB6
Q9BXW7-2	Q9BXW7
Q9BXW7-2	Q91WM2
Q8TBA6-2	Q8TBA6-2
Q8TBA6-2	Q8TBA6
Q8TBA6-2	Q3ZU82
Q8TBA6-2	Q9QYE6
Q9Z2P6	Q9Z2P6
Q9Z2P6	Q9ERB0
Q9Z2P6	O95721
P14868-2	P14868-2
P14868-2	P15178
P14868-2	Q922B2
P14868-2	P14868
P24666-2	P24666-2
P24666-2	Q9D358
P24666-2	Q9D358-2
P24666-2	Q3SZ94
P24666-2	P41498
P24666-2	P24666
P01582	P01582
P01582	P16598
P01582	P01583
P09011	P09011
P09011	P06624
P09011	O54794
P09011	P51180
P09011	P30301
P09011	P29975
P09011	P47864
P09011	P47863
P09011	P55088
P09011	P55087
P09011	P29972
P09011	Q96PS8
P09011	P34080
P09011	P56403
P09011	NP_001304658
P09011	P55064
P09011	P56402
P09011	Q92482
P09011	P56627
P09011	Q8R2N1
P09011	Q13520
P09011	A0A5F9ZHR4
P09011	Q9JJJ3
P09011	O43315
P09011	O94778
P09011	Q9WTY4
P09011	P56404
P09011	P56405
P09011	Q9WTY0
P09011	Q8C4A0
P09011	A0A075B734
P09011	P41181
P09011	A6NL99
P09011	P47862
P09011	P55087-2
P09011	Q02013
P09011	O14520
Q96DF8	Q96DF8
Q96DF8	Q5EB95
Q96DF8	O70279
P21796	P21796
P21796	Q9MZ16
P21796	Q9MZ15
P21796	Q9Z2L0
P21796	Q29380
P21796	Q60932
P21796	Q9R1Z0
P21796	Q60931
P21796	P45880
P21796	Q9Y277
P21796	P45880-1
P21796	P45880-2
P21796	Q9Y277-2
P21796	Q60930
P21796	P81155
P21796	Q5EBQ0
Q60584	Q60584
Q60584	B2RZ17
Q60584	Q9UKT8
D4A4B3	D4A4B3
D4A4B3	Q80WY3
D4A4B3	Q8WY41
D4A4B3	D4A138
D4A4B3	P60323
D4A4B3	P60324
D4A4B3	D4A1F8
D4A4B3	P60321
D4A4B3	P60322
Q505I4	Q505I4
Q505I4	Q8WUR7
Q505I4	Q9CRC3
Q13772	Q13772
Q13772	Q13772-4
Q13772	Q13772-3
Q13772	Q3UI10
Q9CZV5	Q9CZV5
Q9CZV5	B5DF66
Q9CZV5	O94864
D4AAT7	D4AAT7
D4AAT7	Q8IW45-2
D4AAT7	Q9CZ42
D4AAT7	Q8IW45
Q920L2	Q920L2
Q920L2	P31040
Q920L2	Q0QF01
Q920L2	Q8K2B3
Q9NWW9	Q9NWW9
Q9NWW9	P53817
Q9NWW9	O95237
Q9NWW9	Q96KN8-3
Q9NWW9	Q9JI61
Q9NWW9	Q9HDD0
Q9NWW9	Q9QZU4
Q9NWW9	D2KX21
Q9NWW9	Q8R3U1
Q9NWW9	Q9D650
Q9NWW9	P53816
Q9NWW9	Q96KN4
Q9NWW9	D3YXJ5
Q9NWW9	Q96KN1
Q9NWW9	Q9UL19
Q9NWW9	D3ZV96
Q9NWW9	Q4KLN5
Q9NWW9	Q9JI60
Q9NWW9	Q96KN8
Q9NWW9	Q9CPX5-4
Q9NWW9	Q96KN4-2
Q9NWW9	Q9CPX5
Q9NWW9	Q96KN8-2
Q5XI44	Q5XI44
Q5XI44	Q924T3
Q5XI44	Q13426
P56389	P56389
P56389	D4AC20
P56389	P32320
Q5HZX7	Q5HZX7
Q5HZX7	Q9H6V9
Q5HZX7	Q8BVA5
Q5HZX7	Q9H6V9-2
Q9DB25	Q9DB25
Q9DB25	Q4QQS6
Q9DB25	Q9Y673
Q96DR4	Q96DR4
Q96DR4	D3ZN38
Q96DR4	P59096
Q96DR4	P59095
Q96DR4	Q9NSY2
Q96DR4	Q9EPQ7
Q96DR4	Q99JV5
Q96DR4	NP_001099629
Q5JPI3	Q5JPI3
Q5JPI3	Q66H33
Q5JPI3	Q3TTL0
Q8C3S2	Q8C3S2
Q8C3S2	Q9C0B7
Q8C3S2	XP_226428
Q93009-3	Q93009-3
Q93009-3	NP_001101012
Q93009-3	D3ZL95
Q93009-3	Q96K76-2
Q93009-3	Q8BWR4
Q93009-3	Q96K76-4
Q93009-3	Q9NVE5
Q93009-3	Q96K76
Q93009-3	Q4VSI4
Q93009-3	Q6A4J8
Q93009-3	Q93009
Q93009-3	Q8BY87
Q93009-3	Q9NVE5-3
Q6AZ83	Q6AZ83
Q6AZ83	P43428
Q6AZ83	Q6NSQ9
Q6AZ83	Q9BUM1
Q6AZ83	Q9Z186
Q6AZ83	Q9NQR9
Q6AZ83	P35575
Q6AZ83	P35576
Q5H8A2	Q5H8A2
Q5H8A2	Q5H8A3
Q5H8A2	Q5H8A1
Q5H8A2	P48645
Q5H8A2	Q9QXK8
Q5H8A2	P12760
Q3MHT3	Q3MHT3
Q3MHT3	Q8BXX9
Q3MHT3	Q5JUK2
Q3MHT3	Q6IUP1
Q3MHT3	Q9D489
Q3MHT3	Q9NX45
Q3MHT3	NP_001185839
Q3MHT3	Q5JUK2-2
Q3MHT3	A6NNP5
P03889	P03889
P03889	P03886
P03889	P03888
X6R8D5	X6R8D5
Q68FU0	Q68FU0
Q68FU0	Q8WUU8
Q68FU0	Q9DCX7
Q4V8D7	Q4V8D7
Q4V8D7	A4D161
Q4V8D7	Q8C790
Q4V8P4	Q4V8P4
Q4V8P4	Q7TPM5
Q4V8P4	Q96E40
A0A087WT10	A0A087WT10
A0A087WT10	Q8N2Z9
A0A087WT10	Q62949
A0A087WT10	O00230
A0A087WT10	Q9D084
A0A087WT10	P56469
E9PQ53	E9PQ53
E9PQ53	Q5PQZ9
E9PQ53	O95298
E9PQ53	Q9CQ54
Q7TPJ4	Q7TPJ4
Q7TPJ4	Q8C0I1
Q7TPJ4	O00116
Q7TPJ4	Q9EQR2
Q7TPJ4	BAC29917
Q7TPJ4	Q86WU2
Q7TPJ4	Q7TNG8
Q7TPJ4	Q8N465
Q7TPJ4	Q8CIM3
Q7TPJ4	P84850
P85411	P85411
P85411	Q3V2T4
P85411	P60985
P0DN35	P0DN35
P0DN35	P0DN34
P0DN35	O75438-2
P0DN35	O75438
Q0ZFS4	Q0ZFS4
Q0ZFS4	Q9D2R8
Q0ZFS4	Q9Y291
P60670	P60670
P60670	Q9ES54
P60670	Q8TAT6-2
P60670	Q8TAT6
Q9D8S4	Q9D8S4
Q9D8S4	Q5U1X1
Q9D8S4	Q9Y3B8
P28352	P28352
P28352	P27695
P28352	P43138
Q5SWD9	Q5SWD9
Q5SWD9	D3ZEM8
Q5SWD9	Q2NL82
Q5XIK0	Q5XIK0
Q5XIK0	Q9NUD7
Q5M7T0	Q5M7T0
Q5M7T0	Q92685
Q5M7T0	Q8K2A8
Q8N9Y4	Q8N9Y4
Q8N9Y4	A6NEQ2
Q8N9Y4	Q80VF6
Q8CFJ9	Q8CFJ9
Q8CFJ9	G3V8L0
Q8CFJ9	Q96S15
F1LYZ8	F1LYZ8
F1LYZ8	Q3TDD9
F1LYZ8	Q6ZMI0
XP_002727050	XP_002727050
XP_002727050	Q8WXI7
XP_577218	XP_577218
XP_577218	P13838
XP_577218	P15702
XP_577218	P16150
P21961	P21961
P21961	P15088
P21961	Q8IVL8
P21961	P15089
P21961	Q8N4T0-3
P21961	Q8WXQ8-3
P21961	Q96IY4-2
P21961	B2RS76
P21961	P19223
P21961	Q9JHH6
P21961	Q9UI42
P21961	Q96IY4
P21961	Q6P8K8
P21961	Q5U901
P21961	Q8N4T0
P21961	Q8R4H4
P21961	P48052
P21961	Q9EQV9
P21961	Q8WXQ8
P21961	Q504N0
P21961	P15086
P21961	D3ZHS5
P21961	P00731
P21961	P15085
P21961	P19222
P21961	Q7TPZ8
Q9BSF4	Q9BSF4
Q9BSF4	D3ZEG8
Q9BSF4	Q8BGX2
Q3U308	Q3U308
Q3U308	Q3B7U4
Q3U308	Q2VPK5
Q5T8P6-3	Q5T8P6-3
Q5T8P6-3	Q5T8P6-2
Q5T8P6-3	F1M1R4
Q5T8P6-3	Q6NZN0
Q5T8P6-3	Q5T8P6
Q5T8P6-3	D3ZRG7
Q5T8P6-3	Q9P2N5
Q5T8P6-3	E1BCT9
Q5T8P6-3	Q5SFM8
Q3UJV1	Q3UJV1
Q3UJV1	A0JPP8
Q3UJV1	Q9Y6R9
Q9BZS9	Q9BZS9
Q8BPE4	Q8BPE4
Q8BPE4	Q4KM93
Q8BPE4	Q53S58
Q8WWM1	Q8WWM1
Q8WWM1	Q4V326
Q8WWM1	P0CL81
Q8WWM1	P0CL80
Q8WWM1	O76087
Q8WWM1	A1L429
Q8WWM1	P0CL82
Q8WWM1	Q9HD64
Q8WWM1	A6NDE8
Q8WWM1	A6NER3
Q8WWM1	A6NGK3
Q8WWM1	Q9UEU5
Q8WWM1	Q5JUK9
Q8WWM1	Q96GT9
Q8WWM1	P0DSO3
Q8WWM1	Q4V321
Q8WWM1	O75459
Q8WWM1	Q96GU1
Q8WWM1	Q7Z2X7
Q8WWM1	Q5JRK9
Q8WWM1	Q8WTP9
Q8WWM1	O60829
Q8WWM1	Q13066
Q8WWM1	Q6NT46
Q8WWM1	Q13069
Q8WWM1	Q13070
Q8WWM1	P0DTW1
P15515	P15515
P15515	P15516
P15515	P02808
Q3U1J1-2	Q3U1J1-2
Q3U1J1-2	Q9JMG6
Q3U1J1-2	Q3U1J1
Q3U1J1-2	P0C1Z6
Q8BGS0-2	Q8BGS0-2
Q8BGS0-2	Q8BGS0
Q8BGS0-2	Q9BXY0
Q8BGS0-2	Q5EB56
XP_001053507	XP_001053507
XP_001053507	Q8WUM0
XP_001053507	Q8R0G9
Q6P689	Q6P689
Q6P689	Q5T9L3
Q6P689	Q5T9L3-2
Q6P689	Q6DID7
Q8C6V3	Q8C6V3
Q8C6V3	A6NML5
Q8R1B5	Q8R1B5
Q8R1B5	D4ABY0
Q8R1B5	Q80WM3
Q8R1B5	Q7Z7G2
Q8R1B5	Q8WVH0
Q9JJ94	Q9JJ94
Q9JJ94	B2RZ20
Q9JJ94	O43805
Q9D8I1	Q9D8I1
Q9D8I1	Q561R0
Q9D8I1	Q8WU39
A6NJI1	A6NJI1
A6NJI1	Q8VC23
Q9UNQ2	Q9UNQ2
Q9UNQ2	Q811P6
Q9UNQ2	Q8WVM0
Q9UNQ2	Q8JZM0
Q9UNQ2	Q9D0D4
Q9UNQ2	B0BN90
P28494	P28494
P28494	O00754
P28494	B5DEJ3
P28494	P27046
P28494	O09159
P28494	Q9Y2E5
P28494	O54782
P28494	NP_001100997
P28494	Q8BRK9
P28494	P49641-1
P28494	P49641
P28494	Q6P762
P28494	O00754-2
P28494	Q16706
XP_001061775	XP_001061775
XP_001061775	O70481
XP_001061775	Q8IWV7
XP_001061775	XP_001080919
XP_001061775	Q6WKZ8
XP_001061775	Q8IWV8
Q8CHI9	Q8CHI9
Q8CHI9	Q7LFX5
Q8CHI9	Q91XQ5
D3ZRN2	D3ZRN2
D3ZRN2	Q15648
D3ZRN2	Q925J9
P97690	P97690
P97690	Q9CW03
P97690	Q9UQE7
Q8WU58	Q8WU58
Q8WU58	Q6PGH4
Q8WU58	Q5U5X8
Q8WU58	Q6P539
Q9HD47-3	Q9HD47-3
Q9HD47-3	D3ZMP9
Q9HD47-3	Q9JIB0
Q9HD47-3	Q9HD47
Q62885	Q62885
Q62885	Q8C4B4
Q62885	A6NIH7
Q62885	Q9Z2R6
Q62885	Q13432
Q62885	A0A0G2K351
Q8CFV9	Q8CFV9
Q8CFV9	Q969G6
Q8CFV9	Q6AYA7
Q8K0C5	Q8K0C5
Q8K0C5	O60844
Q8K0C5	Q96DA0
Q8K0C5	Q8CJD3
Q8K0C5	P15501
A6ND91	A6ND91
A6ND91	Q9DCQ2
A6ND91	Q5I0J9
Q925Q5	Q925Q5
Q925Q5	Q925Q4
Q925Q5	Q96T91
P0C880	P0C880
D4A362	D4A362
D4A362	P61460-2
D4A362	P61460
D4A362	O75140-1
D4A362	O75140
D3ZUT9	D3ZUT9
D3ZUT9	Q7TPD0
D3ZUT9	Q68E01-2
D3ZUT9	Q68E01
F1M365	F1M365
F1M365	Q8K114
F1M365	Q9NV88
XP_003085928	XP_003085928
Q9UGV2-3	Q9UGV2-3
Q9UGV2-3	Q8BTG7
Q9UGV2-3	Q8BTG7-2
Q9UGV2-3	Q92597-2
Q9UGV2-3	Q9ULP0
Q9UGV2-3	Q92597-3
Q9UGV2-3	Q8VBU2
Q9UGV2-3	Q9QYG0
Q9UGV2-3	Q9UN36-2
Q9UGV2-3	Q9UN36
Q9UGV2-3	Q9ULP0-6
Q9UGV2-3	Q9ULP0-2
Q9UGV2-3	Q9UGV2
Q9UGV2-3	Q9Z2L9
Q9UGV2-3	Q3SYX0
Q9UGV2-3	Q9UGV2-2
Q9UGV2-3	Q92597
Q9UGV2-3	Q62433
Q9UGV2-3	Q6JE36
Q9UGV2-3	Q6AYR2
Q9UGV2-3	Q9QYF9
Q8BRT5	Q8BRT5
C9WPN6	C9WPN6
C9WPN6	Q9Z0N1
C9WPN6	P81795
C9WPN6	P41091
C9WPN6	Q2VIR3
C9WPN6	Q9Z0N2
Q96MT8-4	Q96MT8-4
Q96MT8-4	Q96MT8-3
Q96MT8-4	Q05D60
Q96MT8-4	Q96MT8
Q96MT8-4	Q5U3Z6
Q96MT8-4	Q7M6Y5
Q96MT8-4	Q4KLY0
Q96MT8-4	Q3UPP8
Q96MT8-4	Q3UPP8-3
Q96MT8-4	Q96MT8-2
B5DF40	B5DF40
B5DF40	Q6GQT5
B5DF40	Q8N4L1
B5DF40	Q68FE7
B5DF40	Q8IW70
D4AB60	D4AB60
D4AB60	Q8BJS8
D4AB60	Q96DY7
Q6MG51	Q6MG51
Q6MG51	Q9Z1R4
Q6MG51	O95873
P48760-4	P48760-4
P48760-4	P48760
P48760-4	Q05932
P48760-4	NP_001139597
Q8ISF8	Q8ISF8
Q8ISF8	P42212
Q8ISF8	Q9U6Y8
Q8ISF8	D1MPT3
Q8ISF8	Q6YGZ0
Q8ISF8	Q66ND8
Q8ISF8	X5DSL3
Q12824-2	Q12824-2
Q12824-2	Q4KLI0
Q12824-2	Q12824
Q12824-2	Q9Z0H3
Q9BV86-2	Q9BV86-2
Q9BV86-2	Q9BV86
Q9BV86-2	Q8R2U4
Q9BV86-2	Q5VVY1
Q9BV86-2	Q5BJX0
Q9BV86-2	D3ZVR1
Q9BV86-2	B2RXM4
Q8N9M1-2	Q8N9M1-2
Q8N9M1-2	A0JPQ7
Q8N9M1-2	Q8R3Y5
Q8N9M1-2	Q8N9M1
Q8TF74-2	Q8TF74-2
Q8TF74-2	Q6IN36
Q8TF74-2	O43516-3
Q8TF74-2	O43516
Q8TF74-2	O43516-2
Q8TF74-2	Q8TF74
Q8TF74-2	P0C7L0
Q8TF74-2	A6NGB9
Q8TF74-2	D3ZUD3
Q8TF74-2	Q9Z0G8
Q8TF74-2	Q6PEV3
Q8TF74-2	Q8K1I7
Q9UBU3-3	Q9UBU3-3
Q9UBU3-3	Q9UBU3
Q9UBU3-3	Q9EQX0
Q9UBU3-3	Q6BEG7
Q9UBU3-3	Q9QYH7
D3ZSG1	D3ZSG1
D3ZSG1	Q9BWG6
D3ZSG1	Q8K136
AEB21218.1	AEB21218.1
Q27954	Q27954
Q27954	G3V6T1
Q27954	Q8CIE6
Q27954	P53621
Q27954	P53621-2
P05549-5	P05549-5
P05549-5	Q61312
P05549-5	P05549
P05549-5	Q91ZK0
P05549-5	Q7Z6R9
P05549-5	Q92481-2
P05549-5	P58197
P05549-5	P34056
P05549-5	Q4V8P9
P05549-5	Q6VUC0
P05549-5	Q6VUP9
P05549-5	D3ZJ69
P05549-5	Q92481
P05549-5	Q61313
P05549-5	Q92754
B8ZZB7	B8ZZB7
B8ZZB7	Q8N8I0
B8ZZB7	Q0VE29
B8ZZB7	Q9BYL1
B8ZZB7	Q7TST3
P13804-2	P13804-2
P13804-2	Q99LC5
P13804-2	P13804
P13804-2	P13803
Q05764-2	Q05764-2
Q05764-2	Q9UEY8
Q05764-2	Q9QYC0-2
Q05764-2	E9Q1K3
Q05764-2	Q9QYB8
Q05764-2	P35612
Q05764-2	P35611
Q05764-2	Q05764
Q05764-2	Q62847
Q05764-2	Q9QYB5-2
Q05764-2	P35611-3
Q05764-2	P35611-4
Q05764-2	Q9QYB8-2
Q05764-2	Q9UEY8-2
Q05764-2	Q9QYC0
Q05764-2	NP_001192928
Q05764-2	Q9QYB5
Q05764-2	P35611-2
Q05764-2	P35611-6
Q05764-2	Q63028
Q05764-2	P35612-2
P08240-2	P08240-2
P08240-2	Q9DBG7
P08240-2	P08240
P08240-2	Q3KRC3
Q6EIY6	Q6EIY6
Q9BQ75-2	Q9BQ75-2
Q9BQ75-2	Q9CZT6
Q9BQ75-2	Q9BQ75
Q9BQ75-2	Q5FVR6
Q15750-2	Q15750-2
Q15750-2	NP_001103446
Q15750-2	Q15750
Q15750-2	Q8CF89
Q8IYI0	Q8IYI0
Q8IYI0	Q9D112
Q8C754	Q8C754
Q8C754	Q8N1B4
Q8C754	O55166
Q02809	Q02809
Q02809	XP_001070927
Q02809	Q9R0B9
Q02809	O60568
Q02809	Q9R0E1
Q02809	O00469-2
Q02809	O00469
Q02809	Q811A3
Q02809	Q8IYK4
Q02809	Q6NVG7
Q02809	Q8K297
Q02809	Q5U367
Q02809	Q8NBJ5
Q02809	Q5T4B2
Q02809	Q9CQ04
Q02809	Q6N063
Q02809	A3KGW5
Q02809	B1H282
Q02809	Q63321
Q02809	Q02809-2
Q02809	Q9R0E2
Q02809	Q5U309
Q86V85	Q86V85
Q86V85	Q8BPS4
Q9ULD6	Q9ULD6
Q9ULD6	Q059U7
Q9ULD6	D4ACE5
Q5SYL3	Q5SYL3
Q5SYL3	XP_038943562
Q5SYL3	Q14667
Q9HCJ1	Q9HCJ1
Q9HCJ1	Q9JHZ2
Q9HCJ1	P58366
Q9WU56	Q9WU56
Q9WU56	Q9Y606
Q9WU56	Q4KM92
Q92544	Q92544
Q92544	Q9DBU0
Q92544	O15321
Q92544	P58021
Q92544	Q99805
Q92544	Q66HF2
Q92544	Q9HD45
Q92544	A2AFI6
Q92544	Q4KLL4
Q92544	Q8BH24
Q92544	D3ZUD8
Q92544	Q9ET30
Q92544	Q66HG5
Q9BUP3	Q9BUP3
Q9BUP3	B0BNF8
Q9BUP3	Q9Z2G9
Q9BUP3	Q9BUP3-3
Q8BMA6	Q8BMA6
Q8BMA6	B2RYI2
Q8BMA6	Q9UHB9
Q6DIA7	Q6DIA7
Q6DIA7	Q0VDD7
Q9BSQ5	Q9BSQ5
Q9BSQ5	Q9BSQ5-2
Q9BSQ5	E1BN45
Q9BSQ5	Q9NUG4
Q9BSQ5	Q8VCC6
Q9BSQ5	Q8K2Y9
Q9BSQ5	B1H273
Q8N0T1-2	Q8N0T1-2
Q8N0T1-2	Q0VG62
Q8N0T1-2	D3ZXR6
Q8N0T1-2	Q8N0T1
P52760	P52760
P52760	P52759
P52760	P52758
Q70YC5	Q70YC5
Q70YC5	Q8BG89
Q70YC5	Q6NS60
Q70YC5	Q8TF61
Q70YC5	Q5PQS2
Q70YC5	NP_001101341
Q12765	Q12765
Q12765	A0A0G2K189
Q12765	Q6AYR8
Q12765	Q0VDG4
Q12765	Q3TMH2
Q12765	Q12765-2
Q12765	Q8VCA8
Q12765	Q96FV2
Q12765	Q6AY84
Q12765	Q9CZC8
Q70FJ1	Q70FJ1
Q70FJ1	Q30A01
Q70FJ1	Q99996
Q70FJ1	Q99996-6
Q70FJ1	Q99996-3
Q70FJ1	Q9JHE0
Q64345	Q64345
Q64345	Q64282
Q64345	Q9JJT1
Q64345	Q3U687
Q64345	Q3UAB1
Q64345	E9PXF7
Q64345	P09914
Q64345	Q13325
Q64345	Q4V8H9
Q64345	Q5T764
Q64345	Q64112
Q64345	P09913
Q64345	O14879
Q7TMM8	Q7TMM8
Q7TMM8	Q8N5Y8-3
Q7TMM8	Q5U2Q4
Q7TMM8	Q8N5Y8
Q96MT4	Q96MT4
BAE29075	BAE29075
BAE29075	Q8K0G5
BAE29075	F1MEI8
BAE29075	Q8WUA4
BAE29075	Q5PQP7
BAE29075	Q8BL74
BAE29075	Q53HC9
BAE29075	Q8WUA4-2
BAE29075	Q5PPK9
Q9Y278	Q9Y278
Q9Y278	Q5GFD5
Q9Y278	D3ZD62
Q9Y278	O95803
Q9Y278	Q9EQH7
Q9Y278	P52849
Q9Y278	Q9H3R1
Q9Y278	Q8IZT8
Q9Y278	D3ZTA9
Q9Y278	P52850
Q9Y278	Q8BSL4
Q9Y278	Q9QZS6
Q9Y278	D3YVV6
Q9Y278	Q9Y662
Q9Y278	Q9EQW8
Q9Y278	Q8BKN6
Q9Y278	Q9ESG5
Q9Y278	P52848
Q9Y278	Q02353
Q9Y278	Q3UHN9
Q9Y278	Q9Y661
Q9Y278	Q9Y663
Q9Y278	O14792
Q9Y278	Q673U1
Q9Y278	Q80W66
Q9Y278	O35310
Q9Y278	Q96QI5
Q8R3R5	Q8R3R5
Q8R3R5	A2AF53
Q8R3R5	Q8NFB2
Q8R3R5	Q9H7F4
P05506	P05506
P05506	P03897
P05506	P03899
Q63053	Q63053
Q63053	Q7LC44
Q63053	Q9WV31
B0K020	B0K020
B0K020	Q8N5K1
B0K020	Q9CQB5
B0K020	D3ZV37
B0K020	Q91WS0
B0K020	B1AR13
B0K020	Q9NZ45
B0K020	P0C7P0
B0K020	D4AAE9
NP_001102564	NP_001102564
NP_001102564	Q5SVT3
NP_001102564	Q9NY74
XP_038954729	XP_038954729
XP_038954729	Q3UGY8
XP_038954729	Q5TH69
Q75PQ8	Q75PQ8
Q75PQ8	Q13416
Q75PQ8	Q60862
Q9JMB5	Q9JMB5
Q9JMB5	Q9JKV1
Q9JMB5	Q16186
Q5FVL4	Q5FVL4
Q5FVL4	Q494R4
Q5FVL4	P0C7Q1
P0C6T3	P0C6T3
P0C6T3	Q3V0I2
P0C6T3	Q8TB68
Q499M7	Q499M7
Q499M7	Q5T3J3
Q499M7	Q8CDD9
Q5RJP7	Q5RJP7
Q5RJP7	Q15198
Q5RJP7	Q6PE55
Q5BK43	Q5BK43
Q5BK43	Q96J88-3
Q5BK43	Q96J88
Q5BK43	Q8VDI1
A2VDJ0-6	A2VDJ0-6
A2VDJ0-6	Q3U3D7
A2VDJ0-6	A2VDJ0
A2VDJ0-6	A2VDJ0-5
A2VDJ0-6	A2VDJ0-3
Q498R7	Q498R7
Q498R7	Q8BHG2
Q498R7	Q9NWV4
Q9Y6Q2-2	Q9Y6Q2-2
Q9Y6Q2-2	Q8WXE9-3
Q9Y6Q2-2	Q8BZ60
Q9Y6Q2-2	Q8WXE9
Q9Y6Q2-2	O08949
Q9Y6Q2-2	Q9Y6Q2
Q9Y6Q2-2	Q3MIM1
Q9Y6Q2-2	Q99PM3
Q9Y6Q2-2	P52655
Q9Y6Q2-2	F1MAC6
Q9Y6Q2-2	Q9UNN4
Q9Y6Q2-2	Q8R4I4
Q9Y6Q2-2	Q8CDJ8
Q9Y6Q2-2	D4AB66
D3ZVK3	D3ZVK3
D3ZVK3	Q8CE96
D3ZVK3	Q9UJA5
XP_038959830	XP_038959830
XP_038959830	P47911
XP_038959830	Q02878
XP_038959830	P21533
D3YWX3	D3YWX3
NP_001291294	NP_001291294
NP_001291294	P20664
NP_001291294	P49642
XP_002729874	XP_002729874
XP_002729874	P0DW89
XP_002729874	P0DTL6
XP_002729874	P0DW87
Q5M9N0-3	Q5M9N0-3
Q5M9N0-3	D3ZHH5
Q5M9N0-3	Q5M9N0
Q5M9N0-3	Q8CDI6
A0A1B0GVD1	A0A1B0GVD1
A0A1B0GVD1	A0A1B0GTK4
Q9BQD1	Q9BQD1
Q9BQD1	P20382
Q9BQD1	P56942
Q9BQD1	P14200
Q9BQD1	Q16048
Q5BK21	Q5BK21
Q5BK21	O76062
Q5BK21	Q71KT5
Q5BK21	Q3U9G9
Q5BK21	O08984
Q5BK21	Q14739
Q5BK21	G1N806
Q5BK21	Q9Z2Z8
Q5BK21	O88455
Q5BK21	Q9UBM7
Q8WXS3-1	Q8WXS3-1
Q8WXS3-1	Q8WXS3
Q8WXS3-1	Q920K5
Q8WXS3-1	Q8VHV1
Q8WXS3-1	Q8WXS3-3
NP_001020311	NP_001020311
NP_001020311	Q14997
NP_001020311	Q5SSW2
D3ZYC4	D3ZYC4
D3ZYC4	Q3U4G0
D3ZYC4	Q9Y2V0
Q6MGC4	Q6MGC4
Q6MGC4	Q03958
Q6MGC4	O15212
B5DEI0	B5DEI0
B5DEI0	Q9UHG3
B5DEI0	Q8C7K6
B5DEI0	Q8NBM8
B5DEI0	Q99ML5
B5DEI0	Q9CQF9
D4A2I4	D4A2I4
D4A2I4	Q8N138
D4A2I4	Q53FV1
D4A2I4	Q9CQZ0
D4A2I4	Q921I0
D4A2I4	Q6QI25
D4A2I4	Q9CPZ6
D4A2I4	Q9P0S3
D3ZGI8	D3ZGI8
D3ZGI8	Q5RJT2
D3ZGI8	Q9UET6-2
D3ZGI8	Q9DBE9
D3ZGI8	Q8IY81
D3ZGI8	XP_343772
D3ZGI8	Q9UI43
D3ZGI8	Q9CPY0
D3ZGI8	Q8CBC7
D3ZGI8	Q9UET6
D4A6X7	D4A6X7
D4A6X7	Q9HAB8
D4A6X7	Q8VDG5
B2RYS9	B2RYS9
B2RYS9	Q9DCG9
B2RYS9	Q9UI30
D3ZB92	D3ZB92
D3ZB92	Q9NQ92
D3ZB92	Q9CQ13
B1WBP0	B1WBP0
B1WBP0	O15442
B1WBP0	Q91ZG2
B1WBP0	O15442-2
B1WBP0	Q9CZJ0
B1WBP0	Q15777
Q4V899	Q4V899
Q4V899	P52875
Q4V899	Q9HC07
Q499P8	Q499P8
Q499P8	Q91W34
Q499P8	Q96GQ5
P59798	P59798
P59798	Q9Y6D0
P59798	Q9JLJ1
Q6IN02	Q6IN02
Q6IN02	Q8BFW3
Q6IN02	Q5SWA1
Q6IN02	O75807
Q6IN02	P17564
Q99PV3	Q99PV3
Q99PV3	Q9UL63
Q99PV3	O89050
Q8VI59	Q8VI59
Q8VI59	Q9H6A9-2
Q8VI59	D3ZSQ1
Q8VI59	E9PSU6
Q8VI59	Q63HM2
Q8VI59	Q96RV3-2
Q8VI59	Q3UVY5
Q8VI59	Q96RV3-3
Q8VI59	Q96RV3-4
Q8VI59	Q9QYC1
Q8VI59	Q96RV3
Q8VI59	A6NKB5
Q8VI59	Q5DU28
Q8VI59	Q9H6A9
Q8WTW3	Q8WTW3
Q8WTW3	F1LND1
Q8WTW3	Q9Z160
P26373	P26373
P26373	P41123
P26373	P47963
Q9NQX5	Q9NQX5
Q9NQX5	Q6AY81
Q9NQX5	Q64322
Q9JLT5	Q9JLT5
Q9JLT5	P56695
Q9JLT5	O76024
A5YM72	A5YM72
A5YM72	Q6ZPS2-2
A5YM72	A5YM72-3
A5YM72	Q6ZPS2
Q9NZM5	Q9NZM5
Q9NZM5	Q6QLN3
Q9NZM5	Q8BK35
Q812E0	Q812E0
Q812E0	Q7Z5Q1
Q812E0	Q8NE35-2
Q812E0	A4PES2
Q812E0	Q7TN99
Q812E0	Q8NE35
Q812E0	Q9BZB8
Q812E0	E9Q5X2
Q812E0	E7EPM3
Q812E0	XP_038948735
Q812E0	Q7Z5Q1-9
Q812E0	Q7TN98
Q812E0	Q17RY0
Q812E0	D3ZKL3
Q812E0	P70166
Q812E0	XP_001080170
Q812E0	P0C279
P46779	P46779
P46779	P17702
P46779	P46779-3
P46779	P41105
P46779	P46779-2
Q9H9S4	Q9H9S4
Q9H9S4	Q06138
Q9H9S4	Q9Y376
Q9H9S4	A0A0G2JZH0
Q9H9S4	Q5XIJ7
Q9H9S4	Q9DB16
Q4VAG0	Q4VAG0
Q4VAG0	Q6PL45
Q5VZI3	Q5VZI3
Q5VZI3	Q8R239
Q5VZI3	D3ZSU8
Q5VZI3	Q5VZI3-3
P35980	P35980
P35980	P12001
P35980	Q07020
P35980	D0VWQ3
Q6UXB2	Q6UXB2
Q6UXB2	Q5UW37
Q5JU67	Q5JU67
Q5JU67	Q0VFX2
Q5JU67	Q4V7B0
Q9UKY7-2	Q9UKY7-2
Q9UKY7-2	Q5XIM5
Q9UKY7-2	Q9UKY7
Q9UKY7-2	Q4VAA2
Q6ZUL3	Q6ZUL3
Q8VBT2	Q8VBT2
Q8VBT2	P32232
Q8VBT2	P35520
Q8VBT2	NP_001340938
Q8VBT2	Q91WT9
Q8VBT2	Q9QZX7
Q8VBT2	Q9GZT4
Q8VBT2	P09367
Q8VBT2	Q96GA7
Q8VBT2	Q8R238
Q8VBT2	Q76EQ0
Q8VBT2	P35520-2
Q8VBT2	NP_001101806
Q8VBT2	P20132
Q8R3W7	Q8R3W7
Q8R3W7	D3ZIA7
Q8R3W7	O88312
Q8R3W7	O95881
Q8R3W7	Q498E0
Q8R3W7	Q9CQU0
Q8R3W7	O95994
Q8R3W7	D3ZIF1
Q8R3W7	Q8TD06
Q8IYB0	Q8IYB0
Q8K259	Q8K259
Q8K259	Q66H30
Q8K259	Q9NXP7
Q8BPA8	Q8BPA8
Q8BPA8	Q6AYM4
Q8BPA8	Q9BVM2
Q9D5R3	Q9D5R3
Q9D5R3	Q66H89
Q9D5R3	Q9Y592
F1M801	F1M801
F1M801	Q9H1A4
F1M801	P53995
Q8N2U9	Q8N2U9
Q8N2U9	Q80XM9
Q8N2U9	Q5M880
Q8CDD8	Q8CDD8
Q8CDD8	Q7Z5Y7
Q8CDD8	Q80X66
Q8CDD8	NP_001386330
Q8CDD8	Q9BSF8
Q8BYG0	Q8BYG0
Q8BYG0	A2A3L6
Q8C9C6	Q8C9C6
Q810M6	Q810M6
Q810M6	Q6ZQX7
Q810M6	D3ZRL2
Q6NZQ0	Q6NZQ0
Q6NZQ0	A1A4V9
Q6NZQ0	A1A4V9-2
Q6NZQ0	Q6P047
Q6NZQ0	Q80ZQ3
Q6NZQ0	B0BMZ6
Q8C4H2	Q8C4H2
Q8C4H2	Q8N6K7
Q9CRA4	Q9CRA4
Q9CRA4	O95992
Q9CRA4	Q4QQV7
Q9CRA4	Q9EQS5
Q9CRA4	O75845
Q9CRA4	O88822
Q9CRA4	Q9Z0F5
Q9CRA4	Q96IV6
Q9CRA4	O35532
Q9CRA4	Q15800
Q7TQI0	Q7TQI0
Q7TQI0	Q5M962
Q7TQI0	Q9BSN7
Q8K358	Q8K358
Q8K358	Q9H490
Q8K358	Q8CHJ1
Q9QXV0	Q9QXV0
Q9QXV0	Q9QXU9
Q9QXV0	Q9UHG2
Q9UNN5-2	Q9UNN5-2
Q9UNN5-2	O00124
Q9UNN5-2	Q9QZ49
Q9UNN5-2	Q9UNN5
Q9UNN5-2	P54731
Q9UNN5-2	NP_001099556
Q9UNN5-2	EDM11425
Q9UNN5-2	O94888
Q9UNN5-2	G5E8R8
Q9UNN5-2	Q924K2
Q9UNN5-2	Q6P5G6
Q3ZAV0	Q3ZAV0
Q3ZAV0	Q8C4J0
Q3ZAV0	Q8IWA6
Q0P651	Q0P651
Q0P651	Q4V7A8
Q0P651	Q8C1A9
D3Z070	D3Z070
D3Z070	C9J6K1
Q9NUX5	Q9NUX5
Q9NUX5	H7BX60
Q9NUX5	M0R4T5
Q9NUX5	A0A0G2JX31
Q9NUX5	Q91WC1
Q86VV8	Q86VV8
Q86VV8	Q8R4Y8
Q86VV8	NP_001163907
Q96MH7	Q96MH7
Q96MH7	Q3UJC8
O76075	O76075
O76075	Q99N34
O76075	O54788
Q9JKC7	Q9JKC7
Q9JKC7	O00189
Q9JKC7	Q2PWT8
Q8BTP0	Q8BTP0
Q8BTP0	Q86VD9
Q8NI28	Q8NI28
Q8N5R6-4	Q8N5R6-4
Q8N5R6-4	Q5XIR4
Q8N5R6-4	Q8N5R6
Q8N5R6-4	Q3ULW6
Q5XKR9	Q5XKR9
Q5XKR9	Q969W3-2
Q5XKR9	Q969W3
Q5XKR9	A2A6P4
Q5XKR9	Q3KR65
Q96M42	Q96M42
Q6ZSN1	Q6ZSN1
A8MTW9	A8MTW9
Q8BQT2	Q8BQT2
Q8BQT2	Q0P6D2
Q9CWV7	Q9CWV7
Q9CWV7	Q9BR11
Q6ZTC4	Q6ZTC4
P59051	P59051
NP_001100380	NP_001100380
NP_001100380	Q5XIP6
NP_001100380	P39748
NP_001100380	Q17RS7
NP_001100380	P35689
NP_001100380	P35689_VAR_P1121S
NP_001100380	P28715
NP_001100380	R4GMW8
NP_001100380	Q9UQ84
NP_001100380	Q8C5X6
NP_001100380	P39749
NP_001100380	Q8BMI4
NP_001100380	D3ZVS5
NP_001100380	Q9QZ11
NP_001100380	Q86UB2
NP_001100380	Q8CBX9
H3BKT1	H3BKT1
H3BKT1	I3L1E1
D3ZQI6	D3ZQI6
D3ZQI6	Q9C0E2
D3ZQI6	Q9ESJ0
Q9D4Q3	Q9D4Q3
P53026	P53026
P53026	P62906
P53026	P62907
Q9NUZ1-3	Q9NUZ1-3
Q9NUZ1-3	O15254-2
Q9NUZ1-3	Q9NUZ1
Q9NUZ1-3	Q15067-2
Q9NUZ1-3	Q9DBS4
Q9NUZ1-3	Q9NUZ1-4
Q9NUZ1-3	P07872
Q9NUZ1-3	Q9R0H0
Q9NUZ1-3	Q8BW35
Q9NUZ1-3	Q15067
Q9NUZ1-3	Q63448
Q9NUZ1-3	Q9EPL9
Q9NUZ1-3	O15254
Q9NUZ1-3	P97562
Q9NUZ1-3	Q9QXD1
Q9NUZ1-3	Q99424
O15514	O15514
O15514	D4A259
O15514	Q9D7M8
Q5PPJ8	Q5PPJ8
Q5PPJ8	Q8C5L3
Q5PPJ8	Q9NZN8
Q5PPJ8	Q8K0V4
Q5PPJ8	O75175
Q5PPJ8	Q9NZN8-4
Q5PPJ8	D3ZUV9
Q8C176	Q8C176
Q8C176	Q6P1X5
Q8C176	F1LNY6
Q6P2Q9	Q6P2Q9
Q6P2Q9	G3V6H2
Q6P2Q9	Q99PV0
Q64727	Q64727
Q64727	P18206-2
Q64727	P85972
Q64727	P12003
Q64727	P18206
Q64727	J9P4F3
Q64727	F1N789
Q6U949	Q6U949
B1AL88	B1AL88
B1AL88	Q8CCS2
B1AL88	O75949
B1AL88	A2BDP1
Q9BZR8-3	Q9BZR8-3
Q9BZR8-3	Q9BZR8
Q9BZR8-3	Q9CPT0
Q9BZR8-3	Q6AYK4
Q8IXS2	Q8IXS2
Q8IXS2	Q8VHI7
Q8IXS2	Q5XIJ8
Q4KMM7	Q4KMM7
A2AF73	A2AF73
A2AF73	XP_038962371
A2AF73	Q5CZC0
A2AF73	A2ARZ3
Q6GQU0	Q6GQU0
Q6GQU0	A6NLC5
Q3TQ03	Q3TQ03
Q3TQ03	Q8N365
A8MZ26	A8MZ26
A8MZ26	Q9DAM2
Q96EY4	Q96EY4
Q96EY4	Q9CR02
Q96EY4	D4AAG0
Q3UTD9	Q3UTD9
Q3UTD9	Q7Z3B0
Q8K158	Q8K158
Q8K158	Q9BV87
Q8K158	Q6P7B2
Q4V7A4	Q4V7A4
Q4V7A4	A1EGX6
Q4V7A4	Q5H9T9
Q6AY45	Q6AY45
Q6AY45	Q8TC90
Q6AY45	Q9CQL2
Q8BW45	Q8BW45
Q8BW45	H0YL09
Q8BW45	A1L167
Q8BW45	Q8K2Z8
Q8BW45	A0PJN4
Q8BW45	Q7TSS2
Q8BW45	B2GV55
Q8BW45	Q7Z7E8
Q8BW45	XP_038938304
Q8BW45	Q8WVN8
Q8BW45	D4ADP2
Q8BWC8	Q8BWC8
Q9Y4M8	Q9Y4M8
Q5T3Y7	Q5T3Y7
Q5W0N0	Q5W0N0
Q8N8V8	Q8N8V8
Q5TAB7	Q5TAB7
Q5TAB7	Q924S9
Q5TAB7	Q2WG77
Q5TAB7	Q0D2K3
Q5TAB7	XP_001058466
Q5TAB7	P57055
Q4W5P6	Q4W5P6
Q9NZY2	Q9NZY2
Q9R037	Q9R037
Q9R037	Q6NVE8
Q9R037	Q5JSH3
Q68FN9	Q68FN9
Q68FN9	Q14CZ7
Q68FN9	Q8BSN9
I3L3R5	I3L3R5
O60566-2	O60566-2
O60566-2	Q9Z1S0
O60566-2	F1LMI1
O60566-2	O60566
O60566-2	O60566-3
F1LVZ8	F1LVZ8
F1LVZ8	Q8BQU7
F1LVZ8	Q96NL1
F1LVZ8	Q9NUR3
F1LVZ8	Q8BRL3
O43521-3	O43521-3
O43521-3	O43521
O43521-3	O88498
O43521-3	O54918
O43521-3	O43521-2
Q4QR78	Q4QR78
Q4QR78	Q0P5X5
Q4QR78	A8MT70-2
Q4QR78	A8MT70
A6NF83	A6NF83
A6NF83	Q497P3
A6NF83	O54842
A6NF83	D3ZTS1
A6NF83	O60356
A6NF83	Q9WTK0
Q6AXM9	Q6AXM9
Q6AXM9	Q8N999
Q6AXM9	Q8BHN7
Q8C5P7-2	Q8C5P7-2
Q8C5P7-2	Q86YL5
Q8C5P7-2	Q8C5P7
Q8C5P7-2	Q498E2
Q8C5P7-2	Q86YL5-2
Q9NQW7-2	Q9NQW7-2
Q9NQW7-2	Q6P1B1
Q9NQW7-2	B1AVD1
Q9NQW7-2	Q9NQW7
Q9NQW7-2	O43895
Q9NQW7-2	O54975
Q9NQW7-2	Q9NQW7-3
Q9NQW7-2	Q99MA2
D4A5Q9	D4A5Q9
D4A5Q9	Q91W43
D4A5Q9	P23378
D3ZNK1	D3ZNK1
D3ZNK1	NP_001155296
D3ZNK1	Q13505
D3ZNK1	D3YTP3
D3ZNK1	Q5HYI7
D3ZNK1	P47802
D3ZNK1	Q4KLN2
Q9Y617-2	Q9Y617-2
Q9Y617-2	Q68FU2
Q9Y617-2	Q9Y617
Q9Y617-2	Q99K85
O60524-3	O60524-3
O60524-3	NP_001164057
O60524-3	Q8CCP0
O60524-3	O60524
Q96NR7	Q96NR7
A0A087WXM9	A0A087WXM9
A0A087WXM9	Q5F2C3
D4ABU0	D4ABU0
D4ABU0	Q8VCD5
D4ABU0	Q9NVC6
P55060-3	P55060-3
P55060-3	D3ZPR0
P55060-3	P55060
P55060-3	Q9ERK4
P53611	P53611
P53611	P53612
P53611	Q02293
P53611	P53609
P53611	Q8BUY9
P53611	Q08603
P53611	P53610
P53611	Q8K2I1
P53611	P49356
Q8WTQ4	Q8WTQ4
Q8WTQ4	Q8BHX0
Q8WTQ4	D3ZYH9
A0AUZ9	A0AUZ9
A0AUZ9	Q5DTI6
A0AUZ9	Q7Z3B3
A0AUZ9	Q80TG1-2
A0AUZ9	A0A8I6AJF7
A0AUZ9	Q80TG1
A0AUZ9	Q7Z3B3-2
A0AUZ9	XP_038940535
O94986-1	O94986-1
O94986-1	XP_008760444
O94986-1	O94986
O94986-1	A2AUM9
P16455	P16455
P16455	P26187
P16455	P24528
O70337	O70337
O70337	Q925D2
O70337	Q13323
Q9CZM2	Q9CZM2
Q9CZM2	P61314
Q9CZM2	E2QXF3
Q9CZM2	P61313
NP_001102066	NP_001102066
NP_001102066	Q9DBR1
NP_001102066	Q9H0D6
NP_001102066	P97789
NP_001102066	Q8IZH2
NP_001102066	Q9H0D6-2
NP_001102066	D4ABN8
NP_001102066	F1MKX7
NP_001102066	Q8IZH2-2
Q2NL68	Q2NL68
Q2NL68	B2GV25
Q2NL68	Q7TSA6
Q12912-2	Q12912-2
Q12912-2	Q9WUX5
Q12912-2	Q9Y6F6
Q12912-2	Q60664
Q12912-2	Q12912
Q12912-2	Q9Y6F6-7
Q12912-2	D3ZDF3
Q12912-2	Q3U560
A0A0J9YWX3	A0A0J9YWX3
P01325	P01325
P01325	Q8WXF3
P01325	P01344-3
P01325	E9QLW5
P01325	Q8CHK2
P01325	P01344
P01325	P01346
P01325	P01322
P01325	P01323
P01325	O09107
P01325	Q8BFS3
P01325	Q9WUK0
P01325	P09535
P01325	P05017
P01325	P51460
P01325	F8WCM5
P01325	Q9Y5Q6
P01325	P05019
P01325	Q9WUG6
P01325	P05019-2
P01325	P08025
P01325	P01308
P01325	P05017-2
P01325	P01326
Q9R283	Q9R283
Q9R283	Q9R244
Q9R283	Q9Y210-2
Q9R283	O35119
Q9R283	Q9UBN4-5
Q9R283	Q9JMI9
Q9R283	Q60596
Q9R283	Q61056
Q9R283	P48995
Q9R283	Q9QZC1
Q9R283	Q13507-3
Q9R283	Q9HCX4
Q9R283	Q9WVC5
Q9R283	Q99N77
Q9R283	Q99N78
Q9R283	Q61143
Q9R283	Q9ESZ0
Q9R283	Q9Y210
Q9R283	Q9UL62
Q9R283	Q13507
Q9R283	Q9QUQ5
Q9R283	Q9UBN4
Q9R283	Q9QX29
Q9R283	Q9QX01
Q9R283	Q6ZNB5
Q9R283	P18887
Q4QQT2	Q4QQT2
Q4QQT2	Q91YN1
Q4QQT2	Q9NWS6
Q4QQT2	Q8C569
Q4QQT2	Q9BPY3
Q5PQQ5	Q5PQQ5
Q5PQQ5	Q2VYF4
Q5PQQ5	Q9Z2I0
Q5PQQ5	Q7TNU7
Q5PQQ5	O95202
Q5PQQ5	Q5XIN6
A0A075B6Y3	A0A075B6Y3
XP_006254044	XP_006254044
XP_006254044	P62806
XP_006254044	Q6DRA9
XP_006254044	P62804
XP_006254044	P62806
XP_006254044	NP_001139343
XP_006254044	P62805
XP_006254044	P62802
XP_006254044	P84229
XP_006254044	P84228
XP_006254044	Q71DI3
XP_006254044	P68433
XP_006254044	P68431
XP_006254044	Q6LED0
XP_006254044	P68433
XP_006254044	P0DPK5
XP_006254044	P84244
XP_006254044	P84243
XP_006254044	Q5E9F8
XP_006254044	Q71LE2
XP_006254044	P84244
XP_006254044	P84245
XP_006254044	Q16695
XP_006254044	Q5TEC6
XP_006254044	Q6NXT2
XP_006254044	P02301
XP_006254044	P0DPK2
XP_006254044	NP_001103112
XP_006254044	P49450
XP_006254044	B2RZ23
XP_006254044	O35216
XP_006254044	Q99525
A0A075B706	A0A075B706
NP_001101487	NP_001101487
NP_001101487	Q5EBM0
NP_001101487	Q3U5Q7
XP_038954215	XP_038954215
XP_038954215	Q13395
P03421	P03421
D3ZSL2	D3ZSL2
D3ZSL2	Q4KML4
D3ZSL2	Q9P1F3
Q9CQ48	Q9CQ48
Q9CQ48	Q8WVJ2
Q9CQ48	Q5M823
Q2TA50	Q2TA50
Q2TA50	D3ZWI9
Q2TA50	Q16655
Q6NXP0	Q6NXP0
Q6NXP0	V9GXH0
Q6NXP0	F1M1Q8
Q6RUG6	Q6RUG6
Q6RUG6	Q13415
Q6RUG6	Q9Z1N2
Q6RUG6	Q9Z1N2_VAR_N230S
Q6RUG6	Q80Z32
Q6RUG6	D3ZRK7
Q6RUG6	O89033
Q6RUG6	Q99741
Q5M826	Q5M826
Q5M826	Q9NV12
Q5M826	Q8BGY5
P81278	P81278
P81278	P81277
P81278	G3UWC3
D3ZFW6	D3ZFW6
D3ZFW6	Q66K64
D3ZFW6	Q6PFH3
Q96PY0	Q96PY0
A0A1W2Q6F6	A0A1W2Q6F6
A0A1W2Q6F6	Q9CZ92
A0A1W2Q6F6	Q6IPU0
A0A0G2JUM8	A0A0G2JUM8
A0A0G2JUM8	Q8BGD8
A0A0G2JUM8	Q5JTJ3
A0A0G2JUM8	Q5JTJ3-2
D3ZMW3	D3ZMW3
D3ZMW3	Q2YDW2
D3ZMW3	Q9BUK6
D3ZER8	D3ZER8
D3ZER8	Q9DB98
D3ZER8	Q96BZ8
E9Q3L6	E9Q3L6
E9Q3L6	A0A0G2K1J3
E9Q3L6	Q53FE4
E9Q3L6	Q96M53
E9Q3L6	Q7TSD4
Q63961	Q63961
Q63961	P17813
Q92902	Q92902
Q92902	O08983
P08226	P08226
P08226	P02649
P08226	P02650
Q8C3W1	Q8C3W1
Q8C3W1	D3ZY47
Q8C3W1	Q9H425
Q571F5-4	Q571F5-4
Q571F5-4	Q571F5
Q571F5-4	Q6PJ21
Q62241	Q62241
Q62241	P09234
Q62241	D3ZCL3
Q8BSY0	Q8BSY0
Q8BSY0	D3ZWE1
Q8BSY0	Q80VP9
Q8BSY0	Q9QX75
Q8BSY0	Q8CH79
Q8BSY0	Q12797
Q8BSY0	XP_006237917
Q8BSY0	Q12797-7
Q8BSY0	Q28820
Q8BSY0	E9Q9K5
Q8BSY0	Q9N1E7
Q8BSY0	Q5HZW3
Q8BSY0	Q2TA57
Q8BSY0	Q12797-3
Q8BSY0	Q5U4P2
Q8BSY0	Q6ICH7
Q8BSY0	Q13061
P55058	P55058
P55058	P55065
Q68FG0	Q68FG0
Q68FG0	Q9NQZ6
P35456	P35456
P35456	Q03405
P35456	P49616
P97382	P97382
P97382	Q14722-2
P97382	P63143
P97382	P63144
P97382	Q13303
P97382	O43448
P97382	Q63494
P97382	Q13303-3
P97382	Q14722
P97382	Q13303-2
P97382	Q14722-3
P97382	P62483
P97382	P62482
Q9H9H4	Q9H9H4
Q9H9H4	Q86XT2
Q9H9H4	Q8CHS8
Q9H9H4	Q8R0J7
Q9H9H4	Q8NEZ2
Q9H9H4	B2GV76
Q9H9H4	Q810I0
Q9H9H4	A5D8V6
Q9H9H4	Q8R105
Q9H9H4	Q4V794
Q9H9H4	NP_001099398
Q9H9H4	B5DFF4
Q9WVM4	Q9WVM4
Q9WVM4	Q9EQK7
Q9WVM4	O60725
Q5TEZ4	Q5TEZ4
Q8IZY5	Q8IZY5
Q70Q42	Q70Q42
Q70Q42	Q99P85
Q70Q42	Q99P87
Q70Q42	Q9HD89
Q70Q42	Q6DV77
Q70Q42	Q99P86
Q70Q42	G3V686
Q70Q42	Q9BQ08
Q70Q42	Q8K426
Q70Q42	Q9EP95
Q19AV6	Q19AV6
Q19AV6	Q9CWQ2
Q8N9P0	Q8N9P0
Q8N0U2	Q8N0U2
Q8K174	Q8K174
Q8K174	Q9H2L4
A0PG75	A0PG75
A0PG75	Q9JIZ9
A0PG75	Q9NRY6
A0PG75	P58196
A0PG75	J3QM92
A0PG75	Q9NRQ2
A0PG75	Q6QBQ3
A0PG75	Q9JJ00
A0PG75	O15162
A0PG75	Q6QBQ4
A0PG75	Q9DCW2
A0PG75	P58195
A0PG75	Q6AYD7
A0PG75	Q9NRY7
Q9BZK8	Q9BZK8
Q8N1I8	Q8N1I8
Q86UQ5_VAR_AAP13553	Q86UQ5_VAR_AAP13553
Q86UQ5_VAR_AAP13553	Q86UQ5
E9PT83	E9PT83
E9PT83	Q155P7
E9PT83	P49454
M0R3L0	M0R3L0
M0R3L0	Q8BFU3-2
M0R3L0	Q8BFU3
M0R3L0	Q8ND24
M0R3L0	Q8ND24-2
Q9D9Q8	Q9D9Q8
Q9D549	Q9D549
Q01831-2	Q01831-2
Q01831-2	D4A3D8
Q01831-2	P51612
Q01831-2	Q01831
P14735-2	P14735-2
P14735-2	O43847
P14735-2	O43847-2
P14735-2	Q9JHR7
P14735-2	P14735
P14735-2	Q8BHG1
P14735-2	P35559
P14735-2	P47245
Q7Z422-2	Q7Z422-2
Q7Z422-2	Q6NXN1
Q7Z422-2	Q5XIA2
Q7Z422-2	Q7Z422
Q7Z422-2	Q7Z422-4
Q96HR8-2	Q96HR8-2
Q96HR8-2	Q3UMQ8
Q96HR8-2	Q96HR8
Q96HR8-2	Q52KK4
Q9NVI1-1	Q9NVI1-1
Q9NVI1-1	Q8K368
Q9NVI1-1	D3Z840
Q9NVI1-1	Q9NVI1
Q9NV79-3	Q9NV79-3
Q9NV79-3	Q96MG8
Q9NV79-3	Q8BHD8
Q9NV79-3	D3ZY20
Q9NV79-3	Q9NV79-2
Q9NV79-3	Q9NV79
Q9NV79-3	P59913
Q9NV79-3	D4A629
A0A0U1RRA0	A0A0U1RRA0
Q9HBX3	Q9HBX3
Q5QFB9	Q5QFB9
D3ZLY0	D3ZLY0
D3ZLY0	Q9BQD7
D3ZLY0	Q501J2
D3ZLY0	Q6P4H8
D3ZLY0	Q9D1Z3
Q96PG8	Q96PG8
P19473	P19473
P0C7Q6	P0C7Q6
P0C7Q6	P0C7Q5
P0C7Q6	Q96KT7
P0C7Q6	Q5F297
P0C7Q6	Q8TBE7
P0C7Q6	D3YVE8
P0C7Q6	B0K004
P0C7Q6	B2RQF0
P0C7Q6	Q5M7A3
P0C7Q6	Q8N808
O95445	O95445
O95445	Q9Z1R3
O95445	P14630
Q8N812	Q8N812
Q9CRW3	Q9CRW3
Q9CRW3	M0R9J6
Q9CRW3	Q3KRA6
P60006	P60006
P60006	D3ZQX4
P60006	P60007
Q7TFA0	Q7TFA0
Q8TCT7-4	Q8TCT7-4
Q8TCT7-4	Q8TCT7
Q8TCT7-4	Q9D8V0-4
Q8TCT7-4	Q8IUH8
Q8TCT7-4	A2A6C4
Q8TCT7-4	Q3TD49
Q8TCT7-4	Q9CUS9
Q8TCT7-4	Q8TCT6
Q8TCT7-4	Q8TCT8
Q8TCT7-4	Q9JJF9
Q8TCT7-4	D3ZY49
Q8TCT7-4	Q8TCT9-2
Q8TCT7-4	A0A0G2JYA3
Q8TCT7-4	Q9D8V0
Q8TCT7-4	Q8TCT9
Q8TCT7-4	Q5PQL3
Q8TCT7-4	D3ZP98
P04038	P04038
P04038	P11951
P04038	P09669
P04038	P11950
P04038	Q9CPQ1
Q9Y6J3	Q9Y6J3
Q9H4G8	Q9H4G8
Q9H4G8	Q96FX2
Q9H4G8	Q8K0W9
Q497J1	Q497J1
Q497J1	Q8N661
Q497J1	Q9D8N3
Q497J1	Q8N2M4
Q497J1	B0BNF0
Q80XD8	Q80XD8
Q80XD8	Q9ES75
Q80XD8	Q96NZ9
Q17RA5	Q17RA5
Q86TA4	Q86TA4
Q6ZS52	Q6ZS52
D3ZSV7	D3ZSV7
D3ZSV7	Q9BV44
D3ZSV7	P97770
D4A230	D4A230
D4A230	Q9DBW3
D4A230	Q8N6N6
Q96A22	Q96A22
Q96A22	Q9D8L0
Q96A22	D4A446
Q9NWQ9	Q9NWQ9
Q9NWQ9	Q9JJ93
P84090	P84090
P84090	P84089
P84090	B2RYQ5
P84090	NP_001127983
Q9CQJ8	Q9CQJ8
Q9CQJ8	B2RYW3
Q9CQJ8	Q9Y6M9
Q9NRJ2	Q9NRJ2
XP_215736	XP_215736
XP_215736	Q5UIP0-2
XP_215736	Q6PR54
XP_215736	Q5UIP0
P33568	P33568
P33568	P06400
P33568	P13405
P31395	P31395
P31395	P55821
P31395	Q93045
P31395	P21818
P31395	P63042
P31395	Q9H169
P31395	P63043
P31395	Q9H169-2
P31395	Q9NZ72
P31395	Q3T0C7
P31395	P16949
P31395	P13668
P31395	P63043-3
P31395	Q93045-2
P31395	P54227
P31395	P16949-2
P31395	Q9JHU6
P31395	O70166
O88393	O88393
O88393	Q03167
O88393	P26342
Q60571	Q60571
Q60571	P24388
Q60571	P24387
Q8R2K3	Q8R2K3
Q8R2K3	Q04837
Q8R2K3	P28042
Q8R2K3	Q9CYR0
Q15119	Q15119
Q15119	Q15118
Q15119	Q15120-2
Q15119	Q00972
Q15119	B5DFI9
Q15119	O55028
Q15119	Q15120
Q15119	O14874
Q15119	O54937
Q15119	Q922H2
Q15119	Q16654
Q15119	Q9JK42
Q15119	Q64536
Q15119	XP_003124519
Q15119	O70571
Q15119	Q63065
Q15119	Q8BFP9
Q8C1R9	Q8C1R9
Q8C1R9	Q9DA62
Q8C1R9	Q9DAI5
Q8C1R9	Q497P9
Q99L45	Q99L45
Q99L45	P20042
Q99L45	P41035
Q99L45	Q6P685
Q9CU62	Q9CU62
Q9CU62	Q9Z1M9
Q9CU62	Q14683
Q9CU62	Q920F6
Q9CU62	NP_001123970
Q9CU62	Q8NDV3
O88545	O88545
O88545	Q7L5N1
O88545	D3ZI16
P14174	P14174
P14174	O35215
P14174	A6NHG4
P14174	P80254
P14174	P30046
P14174	P30904
P14174	P34884
Q5XPT3	Q5XPT3
Q5XPT3	Q9Z1M7
Q5XPT3	Q6P7A1
Q5XPT3	Q8N3Y3
Q5XPT3	O95461
Q5XPT3	ENSRNOP00000018434
Q8BRV5	Q8BRV5
Q8BRV5	D3ZF26
Q8BRV5	E1BP50
Q8BRV5	XP_001080521
Q8BRV5	E1BC55
Q8BRV5	P58871
Q8BRV5	Q9C0C2
Q8BRV5	Q9BY89
Q497V6	Q497V6
Q497V6	Q8TBE0-3
Q497V6	XP_001080776
Q497V6	Q8TBE0
O35298	O35298
O35298	P28039
Q6RFH5	Q6RFH5
Q6RFH5	Q8VCG3
Q6RFH5	B0BNB5
Q6RFH5	Q8NFH3
Q6RFH5	P59235
Q6RFH5	B0BNI2
Q9Y5Y0	Q9Y5Y0
Q9Y5Y0	P60815
Q9Y5Y0	Q66H95
Q9Y5Y0	Q9UPI3
Q9Y5Y0	Q91X85
Q9Y5Y0	B2RXV4
Q9Y5Y0	XP_038947431
Q9Y5Y0	Q96SL1
Q9Y5Y0	Q8BFQ6
Q9Y5Y0	Q6UXD7
Q9Y5Y0	Q8CE47
Q4G0P3-8	Q4G0P3-8
Q4G0P3-8	XP_226468
Q4G0P3-8	Q80W93
Q4G0P3-8	Q4G0P3
P16675	P16675
P16675	NP_001011959
P16675	P10619
Q3ULM0	Q3ULM0
Q3ULM0	Q9BWC9
Q3U595	Q3U595
Q3U595	Q6P5X5
C9JC47	C9JC47
C9JC47	P0CG43
C9JC47	P0CG42
Q9D2E9	Q9D2E9
Q9D2E9	Q8WZ59
P17256	P17256
P17256	Q9R008
P17256	Q03426
Q9DCC3	Q9DCC3
Q9DCC3	Q8WV48
Q6ZSM3	Q6ZSM3
Q6ZSM3	Q8TF71
Q6ZSM3	O15375
Q6ZSM3	Q7RTY1
Q6ZSM3	Q63344
Q6ZSM3	Q7TM99
Q6ZSM3	NP_001099267
Q6ZSM3	P53987
Q6ZSM3	O60669
Q6ZSM3	P53986
Q6ZSM3	M0RCI4
Q6ZSM3	P53985
Q6ZSM3	O70451
Q6ZSM3	Q7RTX9
Q6ZSM3	B4E106
Q6ZSM3	O35910
Q6ZSM3	Q8K1C7
Q6ZSM3	Q91Y77
Q6ZSM3	O15403
Q6ZSM3	G5E8K6
Q6ZSM3	Q66HE2
Q6ZSM3	Q8CE94
Q6ZSM3	Q7RTY0
Q6ZSM3	P57787
Q6ZSM3	Q8R0M8
Q6ZSM3	D4A734
Q6ZSM3	O15427
Q6ZSM3	O15374
Q6ZSM3	P36021
Q6ZSM3	O70324
Q6ZSM3	Q8BGC3
Q6ZSM3	O70461
Q6ZSM3	B1AT66
Q6ZSM3	Q8K1P8
Q6ZSM3	Q5NC32
Q6ZSM3	Q3U9N9
Q6ZSM3	O15374-4
Q6ZSM3	Q8NCK7
Q6ZSM3	O95907
Q6ZSM3	O35308
Q6ZSM3	Q5U2P9
P0C2B9	P0C2B9
P0C2B9	Q9Y6G3
P0C2B9	Q9CPV3
P17982	P17982
P17982	Q9CRA0
P17982	Q93070
P17982	F1MA10
P17982	O35975
P17982	P20974
P17982	Q13508
P17982	Q5XHY4
P17982	Q8R2G4
P17982	P70352
P17982	Q96L15
P17982	Q60935
P17982	P52961
P17982	P17981
P0DPQ3	P0DPQ3
P0DPQ3	P86480
P0DPQ3	P86481
P0DPQ3	P86478
P0DPQ3	P86479
P0DPQ3	P86496
A0A0G2K6J6	A0A0G2K6J6
A0A0G2K6J6	O95373
A0A0G2K6J6	D4AE96
A0A0G2K6J6	Q9EPL8
A0A0G2K6J6	Q7TMY7
A0A0G2K6J6	O15397
A0A1W2PP97	A0A1W2PP97
Q4KM59	Q4KM59
Q4KM59	Q9QZB9
Q4KM59	Q9BTE1
A0A355UCT5	A0A355UCT5
D3ZT01	D3ZT01
D3ZT01	Q14746
D3ZT01	Q921L5
Q14695	Q14695
Q63544	Q63544
Q63544	O76070
Q63544	Q16143
Q63544	Q9Z0F7
Q63544	P37840
Q63544	Q63754
Q63544	Q91ZZ3
Q63544	O55042
Q63544	P37377
Q9JM14	Q9JM14
Q9JM14	Q9NPB1
Q9JM14	Q8VCE6
Q9JM14	Q8TCD5
Q9JM14	NP_001258118
Q3U2I3-3	Q3U2I3-3
Q3U2I3-3	Q505K2
Q3U2I3-3	Q05DH4
Q3U2I3-3	Q8N612-2
Q3U2I3-3	Q66H54
Q3U2I3-3	Q3U2I3
Q3U2I3-3	Q8N612
A0A2R8YCJ5	A0A2R8YCJ5
Q8VIL2	Q8VIL2
Q8VIL2	P0C7N0
Q8VIL2	Q9Y3V2
P20366-3	P20366-3
P20366-3	P41539
P20366-3	P20366
P20366-3	P06767
P29418	P29418
P29418	P56381
P29418	Q5VTU8
P29418	P05632
P29418	P56382
E9Q2T4	E9Q2T4
E9Q2T4	Q15053
Q8HYY9	Q8HYY9
Q8HYY9	P02820
Q8HYY9	P02818
Q8HYY9	P04640
D3ZM19	D3ZM19
D3ZM19	Q8VD58
D3ZM19	P34910
D3ZM19	P34910-2
Q6MG60	Q6MG60
Q6MG60	O94760
Q6MG60	O08557
Q6MG60	Q9CWS0
Q6MG60	Q99LD8
Q6MG60	O95865
Q6P9X9	Q6P9X9
Q6P9X9	Q923D3
Q6P9X9	Q6UWI2
Q9ER81	Q9ER81
Q9ER81	M0R5U6
Q9ER81	Q9H496
B5DEJ5	B5DEJ5
B5DEJ5	Q9JHW4
B5DEJ5	P57772
D4A4E5	D4A4E5
D4A4E5	Q8C0C4
D4A4E5	D3ZTW6
D4A4E5	Q3UHI0
D4A4E5	Q9H7U1
D4A4E5	Q3UHI0-2
D4A4E5	Q9C0I3
D4A4E5	Q9H7U1-3
P00778	P00778
Q5I0K8	Q5I0K8
Q5I0K8	Q9Y2R9
Q5I0K8	Q80X85
Q6UW49	Q6UW49
Q6UW49	Q9D5A0
Q6UW49	A0JPP4
O00515	O00515
O00515	P57016
O00515	G3V779
Q96JE9	Q96JE9
Q96JE9	Q7TSJ2-3
Q96JE9	D3ZT16
Q96JE9	Q63560
Q96JE9	Q7TSJ2
Q96JE9	Q9H9H5
Q96JE9	Q14BB9
P20645	P20645
P20645	Q6AY20
P20645	P11456
P20645	P24668
P0DPD9	P0DPD9
P0DPD9	XP_006250214
P0DPD9	P42893
P0DPD9	Q4PZA2-2
P0DPD9	P0DPE0
P0DPD9	Q9JHL3
P0DPD9	B2RQR8
P0DPD9	P23276
P0DPD9	Q9EQF2
P0DPD9	Q61391
P0DPD9	P08473
P0DPD9	Q91YR5
P0DPD9	Q9JMI0
P0DPD9	Q8N6R0
P0DPD9	O95672
P0DPD9	P70669
P0DPD9	O35812
P0DPD9	P78562
P0DPD9	P0DPD6
P0DPD9	F1M761
P0DPD9	P0C1T0
P0DPD9	Q4PZA2
P0DPD9	P42892
P0DPD9	P0DPD8
P0DPD9	P42892-3
P0DPD9	P07861
P0DPD9	D4ADU7
P0DPD9	Q9JLI3
P0DPD9	ENSRNOP00000002335
P0DPD9	Q495T6
P0DPD9	P0DPD9-2
P0DPD9	P0DPD7
Q9NY12-2	Q9NY12-2
Q9NY12-2	Q9CY66
Q9NY12-2	Q9NY12
Q9NY12-2	Q6AYA1
Q7L1Q6-2	Q7L1Q6-2
Q7L1Q6-2	Q7L1Q6
Q7L1Q6-2	Q6P7P5
Q7L1Q6-2	Q9CQC6
Q7L1Q6-2	Q9Y6E2
Q7L1Q6-2	Q9WTT7
Q7L1Q6-2	Q91VK1
Q7L1Q6-2	Q7L1Q6-3
Q7L1Q6-2	Q7L1Q6-4
Q7L1Q6-2	P47823
Q7L1Q6-2	Q64350
Q7L1Q6-2	Q8CHW4
Q7L1Q6-2	Q13144
O60671-2	O60671-2
O60671-2	D3ZC52
O60671-2	Q9QWZ1
O60671-2	O60671
Q9BSD3-2	Q9BSD3-2
Q9BSD3-2	Q9BSD3
Q9BSD3-2	Q6AY26
Q8TF40-2	Q8TF40-2
Q8TF40-2	Q80TD3
Q8TF40-2	NP_001258096
Q8TF40-2	Q8TF40-3
Q8TF40-2	D3YUC5
Q8TF40-2	Q8TF40
Q8TF40-2	Q9P278
Q8TF40-2	Q68FD7
Q9NRC1-4	Q9NRC1-4
Q9NRC1-4	Q8TDW4
Q9NRC1-4	Q9NRC1
Q9NRC1-4	Q2IBD0
Q9NRC1-4	Q99M96
Q9NRC1-4	Q9NRC1-2
Q9NRC1-4	Q68FW3
Q9NRC1-4	Q8K4P7
Q96AE7-2	Q96AE7-2
Q96AE7-2	B5DEL3
Q96AE7-2	Q96AE7
Q96AE7-2	E9PVB5
Q6GVH5	Q6GVH5
Q6GVH5	Q5SV77
Q6GVH5	Q9H3C7
Q8CJH6	Q8CJH6
Q8CJH6	Q8BGD7
Q8CJH6	Q8IUM7
XP_225253	XP_225253
XP_225253	Q91ZN5
XP_225253	Q922Q5
XP_225253	Q9H1N7
XP_225253	P78383-2
XP_225253	Q8TB61
XP_225253	Q99K43
XP_225253	O43663
XP_225253	O43663-3
XP_225253	P78383
XP_225253	Q497A2
XP_225253	A0A8I6APJ5
XP_225253	Q6V7K3
XP_225253	P97858
XP_225253	O43663-2
Q9NPJ1	Q9NPJ1
Q9NPJ1	Q9JI70
Q9D7H4	Q9D7H4
Q9D7H4	B0BND1
Q9D7H4	Q5T686
Q9D7H4	Q9NR00
Q9D7H4	Q9D915
Q9D7H4	Q8VDA6
O14598	O14598
O14598	Q9H322
O14598	Q9H320
O14598	Q9NNX9
O14598	Q9H321
Q96JC1-2	Q96JC1-2
Q96JC1-2	E9PT04
Q96JC1-2	Q96JC1
Q96JC1-2	Q8R5L3
Q0P521	Q0P521
Q9D720	Q9D720
Q9D720	Q499U6
Q9D720	GN:Nsmce1|NSMCE1_iso4|mouse|A0A6P5Q324
Q9D720	Q8WV22
XP_001060088	XP_001060088
XP_001060088	XP_001068811
XP_001060088	P0DO97
Q9ET35	Q9ET35
Q9ET35	O14836
Q80VU4	Q80VU4
Q80VU4	P25427
Q80VU4	P20783
Q80VU4	P23363
Q80VU4	P23560
Q80VU4	P20181
Q80VU4	P18280
Q80VU4	P23560-2
Q80VU4	P34130
Q80VU4	P34131
Q80VU4	P21237
Q80VU4	P20783-2
Q80VU4	P01138
Q80VU4	P01139
XP_001057816	XP_001057816
XP_001057816	Q6AXF8
XP_001057816	Q12766
P22749	P22749
P40240	P40240
P40240	Q96SJ8
P40240	Q80WR1
P40240	Q96FV3
P40240	Q9QZA6
P40240	Q5PPM7
P40240	P24485
P40240	P08962
P40240	Q03395
P40240	P41731
P40240	Q96FV3-4
P40240	O95858
P40240	O75954
P40240	O60635
P40240	Q8BJU2
P40240	Q99J59
P40240	Q6AYR9
P40240	O14817
P40240	O55158
P40240	O95859
P40240	Q9DCK3
P40240	Q9JJW1
P40240	Q568Y5
P40240	Q8BKT6
P40240	Q569A2
P40240	O60637-2
P40240	P17438
P40240	XP_017201622
P40240	Q8R3S2
P40240	Q4V8E0
P40240	O60637
P40240	Q86UF1
P40240	Q8R3G9
P40240	Q3TAQ3
P40240	P28648
P40240	P19075
P40240	Q9H1Z9
P40240	F7BWT7
P40240	P31053
P40240	P0C672
P40240	P41732
P40240	P21926
P40240	P19397
P40240	P60033
P40240	Q9UKR8
P40240	D4A0Z1
P40240	Q8QZY6
P40240	Q62283
P40240	Q61451
P40240	A1L157
P40240	O70352
P40240	P35762
P40240	Q8NG11
P40240	Q9D1D1
P40240	P48509
P40240	O60636
P40240	O35566
P40240	Q922J6
P40240	P40237
P40240	Q62745
P40240	P27701
P40240	P32958
P40240	P62079
P40240	P62080
P40240	Q68VK5
P40240	NP_001102285
P40240	P15499
P40240	P40241
P40240	P23942
P40240	Q5RJZ3
P40240	O43657
P40240	Q9QY33
P40240	Q66H06
P40240	P11049
P40240	Q61470
Q8N1L1	Q8N1L1
A2AFE9	A2AFE9
A2AFE9	B1ATL7
Q6ZRP5	Q6ZRP5
Q86WB7	Q86WB7
Q86WB7	Q710D3
P07379	P07379
P07379	Q16822
P07379	NP_001101847
P07379	Q9Z2V4
P07379	P35558
P07379	Q8BH04
ENSRNOP00000037116	ENSRNOP00000037116
ENSRNOP00000037116	Q922U1
ENSRNOP00000037116	O43395
D3ZH76	D3ZH76
D3ZH76	Q149B8
D3ZH76	Q5SV97
Q99081-4	Q99081-4
Q99081-4	Q99081
Q99081-4	P15806
Q99081-4	Q61286
Q99081-4	P21677-2
Q99081-4	P15923
Q99081-4	P15884
Q99081-4	P15884-2
Q99081-4	Q62655
Q99081-4	Q60722
Q99081-4	P15884-10
Q99081-4	Q99081-2
Q99081-4	P15884-11
Q99081-4	Q60722-3
Q99081-4	P21677
Q99081-4	P15806-2
Q99081-4	P15923-2
Q99081-4	P51514
Q99081-4	Q99081-3
Q99081-4	Q61286-2
Q6AXQ1	Q6AXQ1
Q6AXQ1	Q9NQT6
Q6AXQ1	Q9QXW4
Q9CQ61	Q9CQ61
Q9CQ61	O55227
Q9CQ61	Q53HI1
E9PXX9	E9PXX9
E9PXX9	Q62773
E9PXX9	Q62674
E9PXX9	O00337
E9PXX9	A2AWR5
E9PXX9	Q8VIH3
E9PXX9	Q9ERH8
E9PXX9	O43868
E9PXX9	Q9HAS3
E9PXX9	O88627
Q8IZS5-3	Q8IZS5-3
Q8IZS5-3	Q8IZS5-2
Q8IZS5-3	C3S7Q5
Q8IZS5-3	Q8IZS5
Q62147	Q62147
Q62147	Q14714
P49257	P49257
P49257	B0BNG3
P49257	Q9H0V9
P49257	P49256
P49257	P59481
P49257	EDL99276
P49257	Q9D0F3
P49257	Q62902
P49257	Q5FB95
P49257	Q9HAT1
P49257	Q9DBH5
P49257	Q8VCD3
P49257	Q12907
P49257	Q9H0V9-2
Q8BSU2	Q8BSU2
Q8BSU2	Q9H2A7
Q8BSU2	Q6AXU5
Q921N7	Q921N7
Q921N7	Q9BUB7
Q6ZTK2	Q6ZTK2
Q86X59	Q86X59
A0A504	A0A504
A0A504	P0DL12
O60507	O60507
O60507	Q5RJS8
O60507	O70281
O60507	Q3KR92
O60507	O60704
O60507	O88856
O75874	O75874
O75874	P54071
O75874	P48735
O75874	P41562
O75874	O88844
O75874	P56574
Q6NXY1	Q6NXY1
Q6NXY1	D3ZTA2
Q6NXY1	Q96DN5
Q8K3K7	Q8K3K7
Q8K3K7	O35083
Q8K3K7	NP_001101291
Q8K3K7	O15120
Q8K3K7	Q6MG85
Q8K3K7	Q99943
P54822	P54822
P54822	P30566
P54822	D3ZW08
Q9Y224	Q9Y224
Q9Y224	F7EMB2
Q9Y224	Q9CQE8
Q6P3X3	Q6P3X3
Q6P3X3	D3ZTG2
Q6P3X3	Q8CD92
Q9BRQ3	Q9BRQ3
Q9BRQ3	Q9DD16
Q9BRQ3	Q6P9U1
Q96MT7-1	Q96MT7-1
Q96MT7-1	E9Q5M6
Q96MT7-1	Q96MT7
O00217	O00217
O00217	NP_001099792
O00217	Q8K3J1
A4QN01	A4QN01
Q9H2M3	Q9H2M3
Q9H2M3	O09171
Q9H2M3	Q68FT5
Q9H2M3	Q91WS4
Q9H2M3	O35490
Q9H2M3	Q93088
Q7L1V2	Q7L1V2
Q7L1V2	Q6PDG8
Q7L1V2	Q86VX9
Q7L1V2	Q8BMQ8
Q7L1V2	NP_001386042
Q7L1V2	B1WC06
Q9NQP4	Q9NQP4
Q9NQP4	Q3UWL8
Q9NQP4	M0R5N4
O94906-2	O94906-2
O94906-2	O94906
O94906-2	A1A5S1
O94906-2	Q91YR7
Q66HB0	Q66HB0
Q66HB0	Q8BUI3
Q66HB0	Q9UFC0
Q9BZZ5-1	Q9BZZ5-1
Q9BZZ5-1	O35841
Q9BZZ5-1	B1WC49
Q9BZZ5-1	Q9BZZ5
Q9BZZ5-1	Q9BZZ5-2
A0A0A0MT89	A0A0A0MT89
AFR53956.1	AFR53956.1
P22600	P22600
P22600	P22830-2
P22600	D3ZBM3
P22600	P22315
P22600	P22830
D3YWP0	D3YWP0
D3YWP0	Q9H867
D3YWP0	Q96AZ1
D3YWP0	Q8C436
D3YWP0	Q8IXQ9
D3YWP0	Q80ZM3
D3YWP0	Q8CDZ2
D3YWP0	D3Z8P8
D3YWP0	Q3UZW7
D3YWP0	Q96G04
D3YWP0	Q9NVL1-3
D3YWP0	P0C5J1
D3YWP0	Q6P7Q0
D3YWP0	XP_038969149
D3YWP0	Q8BLU2
D3YWP0	Q5VZV1
D3YWP0	A2AA28
D3YWP0	O95568
D3YWP0	Q5RJL2
D3YWP0	D3Z9R2
D3YWP0	Q9BUU2
D3YWP0	Q86XA0
D3YWP0	Q8R1C6
D3YWP0	Q8WXB1
D3YWP0	Q9NVL1
D3YWP0	Q8N7N1
D3YWP0	Q9CQL0
D3YWP0	Q9CZ09
D3YWP0	Q4KM84
D3YWP0	Q9H867-1
B2RYI4	B2RYI4
B2RYI4	Q3UIK4
B2RYI4	Q86U44
B2RYI4	Q9HCE5
B2RYI4	Q4V8G6
B2RYI4	Q8C3P7
K9N4V7	K9N4V7
K9N4V7	P0DTC9
K9N4V7	P59595
A0A088MLT8	A0A088MLT8
A0A088MLT8	NP_001094136
A0A088MLT8	B3KU38
A0A088MLT8	P0DPB4
A0A088MLT8	P0DPB3
A0A088MLT8	Q8BPW0
A0A088MLT8	Q1A5X6
A0A088MLT8	P0DPB3-4
Q9QZK8	Q9QZK8
Q9QZK8	Q9QZK9
Q9QZK8	P56542
Q9QZK8	Q9QY48
Q9QZK8	Q8WZ79
Q9QZK8	O00115
O08543-2	O08543-2
O08543-2	P97553
O08543-2	G3V7D4-1
O08543-2	P52797
O08543-2	O08545
O08543-2	P98172
O08543-2	O73612
O08543-2	P52798
O08543-2	P52795
O08543-2	P20827
O08543-2	B2B9A9
O08543-2	O08542
O08543-2	P52793
O08543-2	P52800
O08543-2	P52799
O08543-2	P52796
O08543-2	P52803
O08543-2	P52798-3
O08543-2	P97605
O08543-2	O08543
O08543-2	O43921
O08543-2	Q15768
O08543-2	O35393
O08543-2	P52801
Q8N0W3	Q8N0W3
Q8N0W3	Q8N0W3-2
Q8N0W3	NP_001382075
Q8N0W3	Q7TMC8
Q9R0X0	Q9R0X0
Q9R0X0	Q9H944
Q9R0X0	Q5XIE9
P16290	P16290
P16290	A0A0G2K8S8
P16290	P15327
P16290	Q8BZA9
P16290	P07738
P16290	Q8N0Y7
P16290	Q9NQ88
P16290	Q9DBJ1
P16290	P25113
P16290	P18669
P16290	O70250
P16290	P15259
P16290	Q6P6G4
Q02094	Q02094
Q02094	Q9UBD6
Q02094	Q9QXP0
Q02094	Q9H310
Q02094	O88298
Q02094	P18577
Q02094	NP_035400
Q02094	Q8BUX5
Q02094	P18577-12
Q02094	Q7TNN9
Q02094	Q68FT6
Q02094	Q7TNK7
Q02094	Q9QUT0
Q02094	Q02161
Q9D1I2	Q9D1I2
Q9D1I2	D3ZPP9
Q9D1I2	Q96LW7-2
Q9D1I2	Q96LW7
Q9QY66	Q9QY66
Q9QY66	B5DEI7
Q9QY66	Q9UHR6
Q96GV9	Q96GV9
Q96GV9	D3ZPS9
Q96GV9	Q8VEB3
Q9NS69	Q9NS69
Q9NS69	Q75Q41
Q9NS69	Q9CPQ3
P13521	P13521
P13521	P10362
P13521	Q03517
P56556	P56556
P56556	D4A3V2
P56556	Q02366
P56556	Q9CQZ5
Q9UH62	Q9UH62
Q9UH62	Q3UZB0
Q9UH62	Q6P1M9
Q9UH62	Q8N2F6-2
Q9UH62	Q9CX83
Q9UH62	Q71HP2
Q9UH62	Q8BUY8
Q9UH62	Q6PB60
Q9UH62	Q9P291
Q9UH62	Q6PI77
Q9UH62	Q5U4C1
Q9UH62	Q5JY77
Q9UH62	Q642B5
Q9UH62	Q5XID7
Q9UH62	Q8BHS6
Q9UH62	Q920R4
Q9UH62	Q5H9R4
Q9UH62	B1WBW4
Q9UH62	E9PWM3
Q9UH62	Q5U310
Q9UH62	Q7L4S7
Q9UH62	XP_228821
Q9UH62	Q6A058
Q9UH62	Q8K3A6
Q9UH62	Q7L311
Q9UH62	Q66HF0
Q9UH62	Q96D09
Q9UH62	Q9D0L7
Q9UH62	Q8N2F6
Q9D3L0	Q9D3L0
Q9D3L0	Q5FVQ7
Q9D3L0	Q8TBP5
Q9D2Q2	Q9D2Q2
Q9D2Q2	Q8IYL2
P68402-4	P68402-4
P68402-4	Q15102
P68402-4	P68402
P68402-4	O35264
P68402-4	Q61206
P68402-4	Q29460
P68402-4	O35263
P68402-4	Q61205
O75608	O75608
O75608	P70470
O75608	P97823
O75608	O95372
O75608	Q9WTL7
O75608	Q9QYL8
O75608	Q5VWZ2
O75608	Q3UFF7
Q8NFD4	Q8NFD4
Q6PJP7	Q6PJP7
Q5VSG8-2	Q5VSG8-2
Q5VSG8-2	Q6P1J0
Q5VSG8-2	Q5SRI9
Q5VSG8-2	Q6NXH2
Q5VSG8-2	Q5VSG8
Q5VSG8-2	Q5GF25
A8MUP6	A8MUP6
A8MUP6	Q2KHT4
A8MUP6	D3Z7H4
A8MUP6	D3ZK93
A8MUP6	Q6UXU4
A8MUP6	Q6AYL2
A8MUP6	Q8R1W2
Q66JV7	Q66JV7
Q66JV7	Q8NAV2
Q96F87	Q96F87
Q96F87	Q8BRT1
Q96F87	O75122
Q96F87	E1BGU2
Q96F87	F1LNQ9
Q96F87	Q8BRT1-5
Q96F87	A5D6Q8
Q96F87	Q7Z460
Q96F87	O75122-3
Q96F87	F1LNR1
Q96F87	Q7Z460-4
Q96F87	B7ZLX3
Q96F87	Q7Z460-3
Q96F87	Q99JD4
Q96F87	Q80TV8
Q96F87	Q7Z460-2
Q8C156	Q8C156
Q8C156	Q15003
Q96B49	Q96B49
Q96B49	D3ZJS3
Q96B49	Q9CQN3
Q15051	Q15051
Q15051	XP_008766952
Q15051	Q8BP00
Q96T76	Q96T76
Q96T76	Q96T76-8
Q96T76	M0R6T4
Q96T76	Q9D071
B1AZA5	B1AZA5
B1AZA5	Q9H330
B1AZA5	D3ZXD8
Q91X44	Q91X44
Q91X44	Q07071
Q91X44	Q14397
Q6PD26	Q6PD26
Q6PD26	Q96S52
Q6PD26	Q5XI31
Q8WWF1	Q8WWF1
Q8WWF1	Q8R2K8
Q18PE1	Q18PE1
Q18PE1	Q18PE0
O70394	O70394
O70394	Q6UWB1
Q9Y2G5	Q9Y2G5
Q9Y2G5	D3ZUN5
Q9Y2G5	Q8VHI3
Q0VDE8	Q0VDE8
Q0VDE8	Q8R400
Q99MW8	Q99MW8
Q86WQ0	Q86WQ0
Q86WQ0	Q86WQ0-2
Q86WQ0	Q4KM83
Q86WQ0	Q3TV70
Q91WK5	Q91WK5
Q91WK5	P23434
Q91WK5	Q5I0P2
Q06210-2	Q06210-2
Q06210-2	P47856
Q06210-2	O94808
Q06210-2	P82808
Q06210-2	P47856-2
Q06210-2	Q9Z2Z9
Q06210-2	Q06210
Q06210-2	Q4KMC4
Q8R0C0	Q8R0C0
Q8R0C0	B4F7D3
Q8R0C0	Q6NXY9
Q8R0C0	O15318
Q8R0C0	D4A1K1
Q8R0C0	Q9BT43
Q9H5F2	Q9H5F2
Q9H5F2	Q9D131
Q5TBK1-2	Q5TBK1-2
Q5TBK1-2	P16330
Q5TBK1-2	P09543
Q5TBK1-2	Q8JZS6
Q5TBK1-2	Q92802-3
Q5TBK1-2	P09543-2
Q5TBK1-2	P13233
Q5TBK1-2	Q66H65
Q5TBK1-2	XP_223405
Q5TBK1-2	Q92802
Q5TBK1-2	Q5TBK1
Q5TBK1-2	Q3V2Q8
Q5TBK1-2	Q86UW6
Q5TBK1-2	B5DEG3
Q5TBK1-2	Q69ZK1
Q8NEP7-3	Q8NEP7-3
Q8NEP7-3	Q8NEP7-2
Q8NEP7-3	Q3USL1
Q8NEP7-3	Q8NEP7
P20396	P20396
P20396	P01150
P20396	Q62361
Q9WV54	Q9WV54
Q9WV54	Q02083
Q9WV54	Q6P7S1
Q9WV54	Q9D7V9
Q9WV54	Q9H715
Q9WV54	Q5KTC7
Q9WV54	Q13510
Q9WV54	Q13510-2
Q5TH74-3	Q5TH74-3
Q5TH74-3	Q9D2F5
Q5TH74-3	Q5TH74
Q5TH74-3	Q4KLY8
Q91YL7	Q91YL7
Q91YL7	Q9H720
Q6X632	Q6X632
Q6X632	O95800
Q9D711	Q9D711
Q9D711	Q5M827
Q9D711	O00625
Q8NAP1	Q8NAP1
Q8NAP1	G3V665
Q8NAP1	Q8CAB8
Q8NAP1	Q5BJZ0
Q8NAP1	Q8WTX7
Q8NAP1	Q9CWQ8
Q8NAP1	A6NHX0
Q8C5Y2	Q8C5Y2
Q8C5Y2	A0A0U1RRN3
Q66H90	Q66H90
Q66H90	Q8K2G4
Q66H90	Q8IWZ6
F1LTX8	F1LTX8
F1LTX8	Q92604
F1LTX8	Q91YX5
P56390	P56390
P56390	B1WC51
P56390	B2RZ99
P56390	P61025
P56390	P61024
P56390	P33552
D3DRX8	D3DRX8
D3DRX8	Q13901
D3DRX8	O35473
D3DRX8	B5DEI6
Q61168	Q61168
Q61168	Q13571
Q96IY1	Q96IY1
Q96IY1	F1M3N2
Q96IY1	Q8K305
Q9JJV5	Q9JJV5
Q9JJV5	Q8VHX0
Q9JJV5	Q9Y698
Q9JJV5	Q8WXS5
Q9JJV5	P62957
Q9JJV5	P62956
Q9JJV5	P62955
Q9JJV5	A6NFC5
Q9JJV5	O60359
Q9JJV5	Q9UBN1
Q9JJV5	Q8VHW2
Q9JJV5	Q8VHW4
Q9JJV5	Q8VHW8
Q9JJV5	Q9UF02
Q9JJV5	Q8VHW5
Q9JJV5	Q8VHW9
Q9JJV5	Q9JJV4
Q9JJV5	B1AQL3
Q9JJV5	B3SHH9
Q9JJV5	Q9D563
Q9JJV5	Q71RJ2
Q9JJV5	O88602
P30050	P30050
P30050	P35979
P30050	P23358
Q9CQ00	Q9CQ00
Q9CQ00	Q96GE9
Q9CQS4	Q9CQS4
Q9CQS4	Q5EB62
Q9CQS4	Q96AG3
YP_068414	YP_068414
P24001-4	P24001-4
P24001-4	P24001-2
P24001-4	P24001
P24001-4	P24001-5
Q5T655	Q5T655
Q5T655	A0A096MJJ4
Q5T655	B2RW38
Q920B9	Q920B9
Q920B9	NP_001100731
Q920B9	Q9Y5B9
Q9H063	Q9H063
Q9H063	Q5XIH0
Q9H063	Q9D0U6
Q9UGM5	Q9UGM5
Q9UGM5	Q9ESB3
Q9UGM5	P04196
Q9UGM5	Q9QXC1
Q9UGM5	Q9QX79
Q9UGM5	Q99PS8
Q80UK7	Q80UK7
Q80UK7	XP_006233289
Q80UK7	Q6UVJ0
Q14019	Q14019
Q14019	B0BNA5
Q14019	Q9CQI6
P17439	P17439
P17439	B2RYC9
P17439	P04062
Q09327	Q09327
Q09327	Q02527
Q09327	Q10470
Q9Y2S2	Q9Y2S2
Q9Y2S2	Q811X6
Q9Y2S2	Q99KP3
Q7Z7L7	Q7Z7L7
Q7Z7L7	XP_017447327
Q7Z7L7	Q80ZJ6
Q9Y2M0	Q9Y2M0
Q9Y2M0	D3ZVU2
Q9Y2M0	Q69ZT1
Q6ZUS5	Q6ZUS5
Q6ZUS5	Q3V040
Q6ZUS5	A0A0G2JVG5
Q6ZUS5	E9Q8Z1
Q6ZUS5	Q6ZUS5-2
Q6ZUS5	Q9D496
Q9D6D4	Q9D6D4
Q9D6D4	Q8NEA5
Q14BA6	Q14BA6
Q14BA6	Q5VYS4
Q15573	Q15573
Q15573	P97357
Q15573	Q3B7U2
Q8BUZ1	Q8BUZ1
Q8BUZ1	Q8K4K7
Q8BUZ1	Q8N0Z2
Q09PK2	Q09PK2
Q09PK2	Q53RT3
Q9D4Q1	Q9D4Q1
Q9D4Q1	Q6AXN9
Q9D4Q1	Q8N443
Q9D4Q1	Q9D0B8
Q9D4Q1	Q6AYL4
Q9D4Q1	Q9H4K1
P23919	P23919
P23919	P97930
P23919	D3ZUJ5
Q61672	Q61672
Q61672	Q9JIM1-2
Q61672	Q80WK7
Q61672	Q99P65
Q61672	Q9BZD2
Q61672	O54698
Q61672	Q99808
Q61672	O54699
Q61672	Q9JIM1
Q61672	Q14542
Q61672	Q99808-2
Q8VDM4	Q8VDM4
Q8VDM4	Q4FZT9
Q8VDM4	Q13200
Q9NVV0	Q9NVV0
Q9NVV0	A6ZIQ8
Q9NVV0	Q68FV1
Q9NVV0	Q9H6F2
Q9NVV0	Q3TMP8
Q9NVV0	Q9DAV9
A8K554	A8K554
Q9CQS9	Q9CQS9
Q9CQS9	XP_038962456
Q9CQS9	Q9NVX0
Q8NCL9	Q8NCL9
Q8NCL9	Q3U128
Q8NCL9	Q8J025
Q8NCL9	F1M5Q7
XP_001478840	XP_001478840
XP_001478840	F6R3T1
XP_001478840	A0A1B0GWI6
XP_001478840	Q9D454
XP_001478840	A8MYA2
XP_001478840	Q3KR64
Q9WUD8	Q9WUD8
Q9WUD8	Q9NVQ4
Q9WUD8	Q9NVQ4-2
Q9WUD8	Q8R5H8
Q9WUD8	D3Z3C1
Q8N3R3	Q8N3R3
Q8N3R3	P0DKR2
Q8N3R3	Q66JZ4
Q8BGF3	Q8BGF3
Q8BGF3	B1WC85
Q8BGF3	Q96MX6
P56388-2	P56388-2
P56388-2	P49192
P56388-2	P49192-2
P56388-2	Q16568
P56388-2	P56388
D3ZHA1	D3ZHA1
D3ZHA1	Q8BWP8
D3ZHA1	O43505
Q3U286	Q3U286
Q8NBM4	Q8NBM4
Q8NBM4	Q8NBM4-5
Q8NBM4	Q8NBM4-2
Q8NBM4	F1LQF5
Q8NBM4	Q8R1K1
D3Z9Z5	D3Z9Z5
D3Z9Z5	Q8BHR2
D3Z9Z5	D4A7R7
D3Z9Z5	Q16206
D3Z9Z5	Q8TC92
D3Z9Z5	Q8R0Z2
Q9D806	Q9D806
Q9D806	Q5M7U7
Q9D806	A8MXK1
Q9CQP3	Q9CQP3
Q9CQP3	B0BMY5
Q9CQP3	Q9BSY4
Q8NA97	Q8NA97
Q7Z2R9	Q7Z2R9
Q8CI82	Q8CI82
Q8CI82	XP_002729610
Q8CI82	Q86V15-2
Q8CI82	Q86V15
Q8CI82	Q9CWL2
P84157-2	P84157-2
P84157-2	P84157-3
P84157-2	Q9CZH7
P84157-2	P84157
P84157-2	M0RA39
Q96EF9	Q96EF9
Q96EF9	Q5BK24
Q96EF9	Q96K31
Q96EF9	Q9D2X8
O88188	O88188
O88188	O95711
Q9HBM1	Q9HBM1
Q9HBM1	Q3UA16
Q9HBM1	Q5M856
Q8BHH9	Q8BHH9
Q8BHH9	NP_001119752
Q8BHH9	Q6ZVK1
Q3U0V2	Q3U0V2
Q3U0V2	D3ZZC5
Q3U0V2	Q15628
P19388	P19388
P19388	B0BNE2
P19388	Q80UW8
Q8IZE3-2	Q8IZE3-2
Q8IZE3-2	D3ZK09
Q8IZE3-2	Q9DBQ7
Q8IZE3-2	Q8IZE3
P0C0L6	P0C0L6
P0C0L6	P48974
P0C0L6	P30560
P0C0L6	P70536
P0C0L6	P47901
P0C0L6	P30559
P0C0L6	P97926
P0C0L6	Q00788
P0C0L6	O88721
P0C0L6	Q8BZP8
P0C0L6	Q6W5P4
P0C0L6	Q62463
P0C0L6	Q9WU02
P0C0L6	P37288
P0C0L6	P30518
Q9BZP3	Q9BZP3
NP_001101218	NP_001101218
NP_001101218	Q8BLX4
NP_001101218	Q96A29
Q9D2C6	Q9D2C6
Q9D2C6	Q9Y535
P41159	P41159
P41159	P41160
P41159	P50596
D3YVJ1	D3YVJ1
D3YVJ1	D3ZHR1
D3YVJ1	Q8N5U0
Q6A066	Q6A066
Q6A066	Q5THJ4-2
Q6A066	NP_001101476
Q6A066	Q5THJ4
Q6A066	B1ART1
P27449	P27449
P27449	P63081
P27449	P63082
P27449	Q99437
P27449	Q91V37
Q96B96	Q96B96
Q96B96	Q922Z1
Q96B96	Q96B96-2
Q96B96	Q6UK00
Q9QVY8	Q9QVY8
Q9QVY8	Q9Y5P3
Q9QVY8	A7XYI6
Q9QVY8	Q0P5V2
Q9QVY8	A7XYQ1
D3ZDX9	D3ZDX9
D3ZDX9	A6NCL1
D3ZDX9	Q3URY2
D3ZDX9	D3ZWJ0
D3ZDX9	O88513
D3ZDX9	O75496
D3ZDX9	D6RGH6
D3ZDX9	Q3UZ45
Q7Z4H7-3	Q7Z4H7-3
Q7Z4H7-3	D3ZET0
Q7Z4H7-3	Q6NV99
Q7Z4H7-3	Q7Z4H7
Q5VT52-5	Q5VT52-5
Q5VT52-5	Q5VT52-2
Q5VT52-5	Q96P16
Q5VT52-5	Q8VDS4
Q5VT52-5	D4AAU4
Q5VT52-5	E1BK49
Q5VT52-5	Q5VT52-3
Q5VT52-5	Q6NXI6-2
Q5VT52-5	NP_001092197
Q5VT52-5	Q9CSU0
Q5VT52-5	Q9NQG5
Q5VT52-5	Q5VT52
Q5VT52-5	EDL85685
Q5VT52-5	Q6NXI6
Q96SB8-2	Q96SB8-2
Q96SB8-2	Q8IY18
Q96SB8-2	NP_001101484
Q96SB8-2	Q8CG46
Q96SB8-2	Q924W5
Q96SB8-2	Q96SB8
Q96SB8-2	D4A9F0
Q99623-2	Q99623-2
Q99623-2	O35129
Q99623-2	Q5XIH7
Q99623-2	Q99623
Q99623-2	XP_001058740
Q99623-2	XP_003131608
Q99623-2	Q3V2K0
Q99623-2	D3ZFH6
Q99623-2	P67779
Q99623-2	P67778
Q99623-2	P35232
Q8WWY3-3	Q8WWY3-3
Q8WWY3-3	D3ZI68
Q8WWY3-3	Q8WWY3-2
Q8WWY3-3	Q8CCF0
Q8WWY3-3	Q8WWY3
P03409	P03409
P05505	P05505
P05505	P00414
P05505	P00415
P05505	P00416
A6NHR9-2	A6NHR9-2
A6NHR9-2	XP_001056555
A6NHR9-2	Q6P5D8
A6NHR9-2	A6NHR9
Q5SW79-3	Q5SW79-3
Q5SW79-3	E9Q585
Q5SW79-3	B1AJZ9
Q5SW79-3	Q9BWU0
Q5SW79-3	Q80U49
Q5SW79-3	Q9Y4F5
Q5SW79-3	NP_001030454
Q5SW79-3	A6PWD2
Q5SW79-3	Q96L14
Q5SW79-3	Q12972
Q5SW79-3	Q8BIZ6
Q5SW79-3	Q8TAD8
Q5SW79-3	XP_006239391
Q5SW79-3	ENSRNOP00000006525
Q5SW79-3	Q5M9G6
Q5SW79-3	XP_576105
Q5SW79-3	Q5SW79
Q5SW79-3	Q9Y4F5-2
Q5SW79-3	XP_038947106
Q5SW79-3	Q9Y4F5-3
Q5SW79-3	B1AJZ9-3
Q5SW79-3	Q6A065
Q5SW79-3	B1WC70
Q5SW79-3	Q8R3G1
Q5SW79-3	Q28147
Q5SW79-3	Q5SW79-2
P83714	P83714
P83714	Q6R2R3
P83714	Q9UBD9
P83714	Q9QZM3
P83714	Q16619
P83714	Q60753
P83714	Q63086
Q96EC8-2	Q96EC8-2
Q96EC8-2	Q8BR70
Q96EC8-2	Q96EC8
Q96EC8-2	Q4QQU5
Q6RW13-2	Q6RW13-2
Q6RW13-2	Q9WVK0
Q6RW13-2	Q6RW13
Q6RW13-2	Q642A2
Q5SPW0-2	Q5SPW0-2
Q5SPW0-2	Q9P1Q0-4
Q5SPW0-2	Q9JMK8
Q5SPW0-2	Q5SPW0
Q5SPW0-2	Q9P1Q0
P0DN83	P0DN83
P0DN83	P0DN84
F1MGM5	F1MGM5
F1MGM5	D3ZUL5
F1MGM5	Q8R411
F1MGM5	Q8N699
P0DP99	P0DP99
P0DP99	A0A5F8MPG2
P0DP99	E0CX11
D3ZVN5	D3ZVN5
D3ZVN5	Q5TEA3
D3ZVN5	Q7TT23
D4A6N9	D4A6N9
D4A6N9	Q9NVM9
D4A6N9	Q8QZV7
G3V6Y7	G3V6Y7
G3V6Y7	Q8VDY9
G3V6Y7	Q9H8G2
F1LRM0	F1LRM0
F1LRM0	Q69ZJ3
F1LRM0	Q9BY12
D4A190	D4A190
D4A190	Q9UBQ5
D4A190	Q9DBZ5
K7EJ46	K7EJ46
Q08378-2	Q08378-2
Q08378-2	P55937
Q08378-2	Q08378
Q08378-2	D3ZLD5
Q9EP53-2	Q9EP53-2
Q9EP53-2	Q9EP53
Q9EP53-2	Q92574
Q9EP53-2	Q9Z136
B5DF28	B5DF28
B5DF28	Q9NQG7-3
B5DF28	Q9NQG7-4
B5DF28	Q99KG7
B5DF28	Q9NQG7
Q6P6C2-3	Q6P6C2-3
Q6P6C2-3	Q6P6C2-1
Q6P6C2-3	Q3TSG4
Q6P6C2-3	D3ZKD3
Q6P6C2-3	Q6P6C2
Q6P6C2-3	Q6P6C2-2
D4A6T8	D4A6T8
D4A6T8	Q52LA3
D4A6T8	Q8CD94
Q14689-2	Q14689-2
Q14689-2	Q66L71
Q14689-2	Q8BWT5
Q14689-2	Q14689
Q14689-2	A0A0G2KB74
Q14689-2	A0A0G2JY22
Q14689-2	Q9Y2E4
Q14689-2	B2RQ71
Q14689-2	Q9P265
Q14689-2	D3ZZB0
Q14689-2	Q3UH60
P20936-2	P20936-2
P20936-2	P09851
P20936-2	E9PYG6
P20936-2	P20936
P20936-2	P50904
Q15276-2	Q15276-2
Q15276-2	O35550
Q15276-2	O35551
Q15276-2	Q15276
Q9NPJ3-2	Q9NPJ3-2
Q9NPJ3-2	Q9NPJ3
Q9NPJ3-2	Q9CQR4
Q9NPJ3-2	D3ZA93
Q13111-2	Q13111-2
Q13111-2	M0R3S3
Q13111-2	Q9QWF0
Q13111-2	Q13111_VAR_A950S
Q13111-2	Q13111
P0C092	P0C092
Q6ZU80-1	Q6ZU80-1
Q6ZU80-1	Q8BI22
Q6ZU80-1	Q6ZU80
Q6ZU80-1	XP_001064024
P62249	P62249
P62249	P14131
P62249	P62250
P62249	Q58DQ5
P62249	Q9D7N3
P62249	P82933
P62249	B0BN68
Q60819	Q60819
Q60819	Q13261
Q96MT0	Q96MT0
Q6DHV7	Q6DHV7
Q6DHV7	Q80SY6
P23813	P23813
P23813	P31277_VAR_Q203S
P23813	P17482
P23813	P20615
P23813	B5DFK3
P23813	XP_235698
P23813	Q9NYD6
P23813	P28359
P23813	P31277
P23813	P28358
P23813	P31257
P23813	P23812
P23813	P35452
P23813	P31269
P23813	P70321
P23813	Q92826
P23813	P09631
P23813	O43248
P23813	P31274
P23813	D4A0V9
P23813	P09633
P23813	P31271
P23813	P31275
P23813	D3ZHM5
P23813	Q62424
P23813	Q8K5B8
P23813	P28357
P23813	P28356
P23813	P31276
P23813	P50207
P23813	P31313
P23813	P31311
P23813	P35453
P23813	P31270
P23813	P31310
P23813	P70217
P23813	P31260
Q5T197	Q5T197
Q5T197	Q059Y8
Q3UX62	Q3UX62
Q3UX62	B1H228
Q3UX62	Q96M63
Q811I0	Q811I0
Q811I0	Q5TC12
Q811I0	D3ZY50
Q8NI37	Q8NI37
Q8NI37	D4A520
Q8NI37	Q6NVE9
Q8NFZ5	Q8NFZ5
Q8NFZ5	Q99JG7
Q3KQJ0	Q3KQJ0
Q3KQJ0	Q5SWH9
Q5T0Z8	Q5T0Z8
Q5T0Z8	D3ZVE5
Q5T0Z8	Q91Z58
P0DTC6	P0DTC6
P0DTC6	P59634
Q6IQ20	Q6IQ20
Q6IQ20	Q769K2
Q6IQ20	Q8BH82
Q6P179	Q6P179
Q6P179	Q10836
Q6P179	Q8K093
Q6P179	Q11011
Q6P179	XP_001054995
Q6P179	Q9UKU6
Q6P179	Q9JJ22
Q6P179	Q9EQH2
Q6P179	P55786
Q6P179	Q9NZ08
Q6P179	Q9NZ08-2
Q6P179	P09960
Q6P179	O09175
Q6P179	P97629
Q6P179	Q8C129
Q6P179	Q8BXQ6
Q6P179	Q8N6M6
Q6P179	P15144
Q6P179	P97449
Q6P179	G5E872
Q6P179	P09960-4
Q6P179	Q9HAU8
Q6P179	Q8VCT3
Q6P179	Q9H4A4
Q6P179	Q2KHK3
Q6P179	Q6Q4G3
Q6P179	F1M9V7
Q6P179	P30349
Q6P179	NP_001258106
Q6P179	Q9UIQ6
Q6P179	P15684
Q6P179	A6NEC2
Q6P179	P69527
Q6P179	P50123
Q6P179	P16406
Q6P179	P24527
Q6P179	Q07075
Q6P179	P09960-2
Q9WUE6	Q9WUE6
Q9WUE6	P97353
Q9WUE6	O09160
Q9WUE6	P19526
Q9WUE6	Q10981
Q9WUE6	Q9JL27
Q9WUE6	Q10980
Q9WUE6	Q10984
Q92759	Q92759
Q92759	Q6MG20
Q92759	O70422
O88803	O88803
O88803	O14960
Q8TBE3	Q8TBE3
Q8TBE3	Q8BJN4
Q8K3I6	Q8K3I6
Q8K3I6	Q8NEV9
Q9D9H8	Q9D9H8
Q9D9H8	Q8N8R5
Q8C520	Q8C520
P56378	P56378
P56378	P56379
P56378	D3Z9R8
P56378	P56378-2
Q3LI61	Q3LI61
Q3LI61	Q3LI68
Q3LI61	Q3LI72
Q3LI61	Q3LI66
Q3LI61	Q3LI64
Q3LI61	Q7Z4W3
Q3LI61	Q3LI73
Q3LI61	Q3LI67
Q3LI61	Q99NG9
Q3LI61	Q8IUB9
Q3LI61	Q925H2
Q3LI61	Q3LI70
Q3LI61	Q3SYF9
Q3LI61	Q3LI54
Q3LI61	Q3LI63
Q3LI61	Q3MIV0
Q3LI61	Q3LI60
Q3LI61	Q3LHN2
Q6UJB9	Q6UJB9
Q6UJB9	Q6UE05
Q498U0	Q498U0
Q498U0	Q99M08
Q498U0	Q8WVX3
Q498U0	Q8WVX3-2
B1WBX7	B1WBX7
B1WBX7	O14579-2
B1WBX7	O14579
B1WBX7	O89079
B1WBX7	Q28104
Q3V3Q7	Q3V3Q7
Q3V3Q7	Q6VY07
Q3V3Q7	Q8K212
Q3V3Q7	O88588
Q3V3Q7	D3ZJG4
Q3V3Q7	Q86VP3-2
Q3V3Q7	Q6VY07-2
Q3V3Q7	Q86VP3-3
Q3V3Q7	Q86VP3
Q6P988	Q6P988
Q6P988	Q8R116
Q7Z7J9	Q7Z7J9
Q7Z7J9	Q9JI15
Q7Z7J9	Q6QWF9
Q7Z7J9	Q96S95
Q7Z7J9	Q9Z2N6
Q7Z7J9	Q78WH7
Q9UDX5	Q9UDX5
Q9UDX5	Q5XIG9
Q9UDX5	Q9CRB8
Q9R0M8	Q9R0M8
Q9R0M8	NP_001121114
Q9R0M8	P78381
Q9R0M8	Q96G79
Q9R0M8	Q9D321
Q9R0M8	P78381-3
Q9R0M8	P78381-4
Q9R0M8	Q91ZR7
Q9R0M8	P78382
Q9R0M8	Q61420
Q9R0M8	Q6AXR5
Q9R0M8	A0A0G2JZH4
Q9R0M8	P78381-2
Q9R0M8	Q8VE96
Q9R0M8	Q8N357
Q9R0M8	Q8R1T4
Q9R0M8	Q9Y2D2
Q9R0M8	Q9Y2D2-2
Q9R0M8	Q5RKH7
Q9D8A4	Q9D8A4
Q9D8A4	Q9P0L0
Q9D8A4	D4A092
Q9D8A4	O95292
Q9D8A4	Q9QY76
Q9D8A4	Q9Z269
Q9D8A4	Q9P0L0-2
Q9D8A4	Q9WV55
Q9D8A4	Q9Z270
EDL92914	EDL92914
EDL92914	Q96NH3
EDL92914	Q96NH3-4
EDL92914	Q3URV1
Q3UCV8	Q3UCV8
Q3UCV8	Q9NUU6
Q3UCV8	Q3TVP5
Q3UCV8	Q96BN8
Q3UCV8	B0BMY6
Q3UCV8	Q3B7D8
Q91W33	Q91W33
Q3TTJ4	Q3TTJ4
Q3TTJ4	Q96LL4
Q5JSQ8	Q5JSQ8
Q5JSQ8	Q4VXA5
P03870	P03870
Q6AYQ4	Q6AYQ4
Q6AYQ4	Q3UBX0
Q6AYQ4	Q9BVC6
Q566R3	Q566R3
Q566R3	Q3TFK5
Q566R3	Q5T3I0
Q566R3	Q5T3I0-3
P0DMU3	P0DMU3
Q5XIC4	Q5XIC4
Q5XIC4	Q9CQC8
Q5XIC4	Q9NZD8
Q8CDS7	Q8CDS7
Q8CDS7	B9A014
A2A7R1	A2A7R1
A2A7R1	Q494T4
A2A7R1	Q497B3
A2A7R1	Q969K7
A2A7R1	Q8K177
A2A7R1	Q53RY4
A2A7R1	Q9D7S1
A6NEY8	A6NEY8
A6NEY8	B2RZA5
A6NEY8	Q9D820
Q9Y2V2	Q9Y2V2
Q9Y2V2	Q63430
Q9Y2V2	Q2NKU4
Q9Y2V2	Q9WU49
Q9Y2V2	Q91YQ3
Q9Y2V2	Q9Y534
Q9Y2V2	Q9CR86
Q62186	Q62186
Q62186	P51571
Q62186	Q07984
Q8K1X1	Q8K1X1
Q8K1X1	D3Z9L5
Q8K1X1	Q9BZH6
D3YWE6	D3YWE6
D3YWE6	Q10571
D3ZRU9	D3ZRU9
D3ZRU9	Q9UBZ9
D3ZRU9	Q920Q2
P62278	P62278
P62278	P62277
P62278	P62301
Q9CSB3	Q9CSB3
Q9CSB3	A8K0R7-5
Q9CSB3	A8K0R7
O43290	O43290
O43290	Q5XIW8
O43290	Q9Z315
P60568	P60568
P60568	P17108
P60568	P04351
O00483	O00483
O00483	Q5RK28
O00483	Q9C002
O00483	Q810Q5
O00483	Q9NRX3
O00483	Q4FZG9
O00483	Q62425
O00483	B2RZD6
O54922	O54922
O54922	Q9UPT5
O54922	Q9UPT5-1
O54922	O35250
B8ZXI1	B8ZXI1
B8ZXI1	Q9H974
B8ZXI1	Q9H974-4
B8ZXI1	NP_001292082
P21769	P21769
P21769	Q14990
P21769	Q61999
A2A368	A2A368
A2A368	Q96JG8-4
A2A368	Q9CPR8
A2A368	P43360
A2A368	Q9D4D2
A2A368	Q96MG7
A2A368	P43366
A2A368	Q3B7U1
A2A368	Q60763
A2A368	Q8TD91
A2A368	Q96M61
A2A368	O15481
A2A368	Q9BZ81
A2A368	XP_001063597
A2A368	Q8N7X4
A2A368	P43361
A2A368	Q5XIK4
A2A368	XP_228595
A2A368	Q8TD90
A2A368	A6NCF6
A2A368	Q9HAY2
A2A368	A2AMW4
A2A368	P43355
A2A368	Q9UJ55
A2A368	Q9QZ04
A2A368	Q9CWV4
A2A368	O89006
A2A368	Q96LZ2
A2A368	P43359
A2A368	O15480
A2A368	P43365
A2A368	Q4V8D3
A2A368	Q9ES73
A2A368	Q9D9G4
A2A368	D3ZW04
A2A368	Q9Y5V3-2
A2A368	Q6DIC6
A2A368	Q9QYH6
A2A368	F2Z493
A2A368	D4A6M8
A2A368	Q5PPP4
A2A368	O15479
A2A368	Q52KG3
A2A368	Q8BQR7
A2A368	Q9UBF1
A2A368	Q9Y5V3
A2A368	Q6AY37
A2A368	P43362
A2A368	D3ZHL4
A2A368	P43356
A2A368	A7MBH1
A2A368	A8MXT2
A2A368	Q4KM72
A2A368	Q9HCI5
A2A368	P25233
A2A368	O60732
A2A368	G3UW88
A2A368	XP_001063967
A2A368	Q4QR72
A2A368	Q9ER67
A2A368	Q99608
A2A368	Q3UNA3
A2A368	Q9UNF1
A2A368	Q9H213
A2A368	Q4V8H6
A2A368	Q9UNF1-2
A2A368	Q6PCZ4
A2A368	Q9NWG9
A2A368	A1A5P9
A2A368	Q6T340
A2A368	A2A9R3
A2A368	P43364
A2A368	O89012
A2A368	D4A727
A2A368	Q12816
A2A368	A0A0J9YX57
A2A368	Q96JG8
A2A368	P43363
A2A368	P43358
A2A368	Q99PA7
A2A368	Q9R2A2
A2A368	D4A972
A2A368	P43357
Q3V0C3	Q3V0C3
Q3V0C3	D3ZMR4
Q3V0C3	Q5VZR2
Q3V0C3	A1L443
Q3V0C3	Q5VT03
Q3V0C3	Q8BHP2
Q3V0C3	Q86Y26
Q3V0C3	A6NNL0
Q3V0C3	B1AL46
Q3V0C3	Q8IVF1
Q9DCB4-4	Q9DCB4-4
Q9DCB4-4	G3V9G7
Q9DCB4-4	F1LNT3
Q9DCB4-4	Q15032
Q9DCB4-4	Q9UBL0
Q9DCB4-4	D3ZQR3
Q9DCB4-4	Q9DCB4
Q9DCB4-4	Q15032-3
Q9DCB4-4	Q7M2N1
Q9DCB4-4	Q15032-2
Q9DCB4-4	A0JNC2
Q9DCB4-4	E9Q9Q2
Q9DCB4-4	Q80TM6
Q9DCB4-4	Q9Y2K5
Q9DCB4-4	Q9UBL0-2
Q9DCB4-4	B5MCU0
Q925N1	Q925N1
Q925N1	Q6P4A7
P62950	P62950
P62950	P62952
P62950	P62951
Q5Q0T9	Q5Q0T9
Q5Q0T9	Q9UJH8
Q5Q0T9	Q8C1Q4
Q5Q0T9	Q641Q3
Q5Q0T9	Q8VE43
Q5Q0T9	Q5RJL6
P08635	P08635
P08635	Q9NV23
P08635	Q8R197
Q5XI96	Q5XI96
Q5XI96	Q80ZV0
Q5XI96	Q5TBB1
D3ZUZ4	D3ZUZ4
D3ZUZ4	Q8VCS3
D3ZUZ4	O75063
D3ZUZ4	B1WBN7
D3ZUZ4	Q96MK3
D3ZUZ4	Q8CID3
D3ZUZ4	Q8IXL6
D3ZUZ4	Q5MJS3
D3ZUZ4	I7LRF5
Q6UWP8-2	Q6UWP8-2
Q6UWP8-2	Q8CIT9
Q6UWP8-2	Q6UWP8
P05089	P05089
P05089	P78540
P05089	Q61176
P05089	O08691
P05089	P07824
P05089	O08701
Q86WZ0	Q86WZ0
Q86WZ0	XP_006516515
Q86WZ0	XP_576072
Q9D5B4	Q9D5B4
Q9H6J7-4	Q9H6J7-4
Q9H6J7-4	Q5M9F0
Q9H6J7-4	Q8BHR8
Q9H6J7-4	Q9H6J7
P32119-2	P32119-2
P32119-2	P35704
P32119-2	Q8BG37
P32119-2	P35700
P32119-2	O08709
P32119-2	Q61171
P32119-2	P35705
P32119-2	P32119
P32119-2	Q9Z0V5
P32119-2	Q9Z0V6
P32119-2	P20108
P32119-2	Q63716
P32119-2	O08807
P32119-2	Q06830
P32119-2	Q13162
P32119-2	P30048
P32119-2	O35244
P32119-2	P30041
O95139-2	O95139-2
O95139-2	D3ZZ21
O95139-2	O95139
O95139-2	Q3UIU2
D3Z3D0	D3Z3D0
D3Z3D0	Q80YV2-2
D3Z3D0	B2RYM6
D3Z3D0	Q80YV2
D3Z3D0	Q86WB0
D3Z3D0	A5D9C3
Q6IRJ7	Q6IRJ7
Q6IRJ7	P09525
Q6IRJ7	P14668
Q6IRJ7	Q07076
Q6IRJ7	P07355
Q6IRJ7	P97384
Q6IRJ7	Q5XI77
Q6IRJ7	A0A0S2Z377
Q6IRJ7	P20073
Q6IRJ7	NP_001102580
Q6IRJ7	P14824
Q6IRJ7	P08758
Q6IRJ7	A6NMY6
Q6IRJ7	P48036
Q6IRJ7	AAB24205
Q6IRJ7	AAB24204
Q6IRJ7	F8WIT2
Q6IRJ7	P48037
Q6IRJ7	O35639
Q6IRJ7	P12429
Q6IRJ7	P27216
Q6IRJ7	O35640
Q6IRJ7	P10107
Q6IRJ7	P55260
Q6IRJ7	P04083
Q6IRJ7	Q6TEQ7
Q6IRJ7	P04272
Q6IRJ7	Q99JG3
Q6IRJ7	P14669
Q6IRJ7	Q4FZU6
Q6IRJ7	O76027
Q6IRJ7	P07356
Q6IRJ7	P07150
Q6IRJ7	P50995
Q6IRJ7	P81287
Q6IRJ7	P97429
Q6IRJ7	P13928
Q6IRJ7	Q5VT79
Q6IRJ7	D3ZHD1
Q6IRJ7	Q9QZ10
Q6IRJ7	Q9UJ72
Q6IRJ7	P20073-2
Q6IRJ7	Q9JHQ0
Q6IRJ7	Q07936
Q6IRJ7	P07355-2
Q6IRJ7	P46193
Q6IRJ7	P27216-2
Q6IRJ7	P08133
NP_001095031	NP_001095031
NP_001095031	D4A8R0
NP_001095031	E2RKA8
NP_001095031	P62912
NP_001095031	P62910
NP_001095031	P62911
Q6P730	Q6P730
Q6P730	Q8C2K5
Q6P730	D3ZWW3
Q6P730	P21359-5
Q6P730	Q9QUH6-3
Q6P730	Q9QUH6
Q6P730	Q96PV0
Q6P730	P97526
Q6P730	Q9QUH6-5
Q6P730	D4AAY3
Q6P730	Q04690
Q6P730	Q96PV0-4
Q6P730	P21359-2
Q6P730	P21359
Q6P730	E9PW37
Q6P730	Q9UJF2-2
Q6P730	Q9UJF2
Q6P730	Q3UHC7
Q6P730	Q5VWQ8-2
Q6P730	Q96PV0-2
Q6P730	Q86YV0
Q6P730	F6SEU4
Q6P730	Q5VWQ8
Q6P730	Q5VWQ8-5
H7C350	H7C350
Q3V384	Q3V384
Q3V384	Q32PX9
Q3V384	Q8WV93
P10817	P10817
P10817	P43023
P10817	P12074
P10817	P43024
P10817	P07471
P10817	P10818
P10817	Q02221
Q9Y6X2	Q9Y6X2
Q9Y6X2	O75925
Q9Y6X2	Q8N2W9
Q9Y6X2	O70260
Q9Y6X2	Q9JM05
Q9Y6X2	Q6AZ28
Q9Y6X2	O75925-2
Q9Y6X2	D4AE97
Q9Y6X2	Q6P1E1
Q9Y6X2	Q8CIE2
Q9Y6X2	Q9ULJ6
Q9Y6X2	Q8NF64
Q9Y6X2	Q8C5D8
Q9Y6X2	O75928-2
Q9Y6X2	O54714
Q9Y6X2	O75928
Q9Y6X2	G3V9C9
Q9Y6X2	O88907
Q9Y6X2	A9UK05
Q9Y6X2	B5DFF9
EDL99861	EDL99861
EDL99861	P51410
EDL99861	P32969
EDL99861	P17077
Q9JLT2	Q9JLT2
Q9JLT2	O43280
Q9UHQ1	Q9UHQ1
Q9UHQ1	Q2YDU6
Q9UHQ1	Q9CYQ7
Q9UHQ1	Q7TMW6
Q9UHQ1	Q5BK18
Q9UHQ1	Q9H6Q4
Q9UHQ1	Q9UHQ1-2
A6NCN8	A6NCN8
A6NCN8	Q3TTI8
Q96HY7	Q96HY7
Q96HY7	E9Q7L0
Q96HY7	Q60597-3
Q96HY7	Q02218-2
Q96HY7	Q5XI78
Q96HY7	Q9ULD0
Q96HY7	Q60597
Q96HY7	A2ATU0
Q96HY7	Q02218
Q96HY7	D3ZQD3
Q96HY7	Q4KLP0
Q8NCX0-2	Q8NCX0-2
Q8NCX0-2	Q8CDI7
Q8NCX0-2	Q8NCX0
Q8NCX0-2	F1M7H6
Q8BG34	Q8BG34
Q8BG34	Q96LJ8
Q8BG34	Q68FW1
Q8N6F7	Q8N6F7
Q8N6F7	D3ZLK1
Q8N6F7	Q6RFH4
Q8N6F7	Q8N6F7-2
Q8N6F7	Q5JQS6
Q8N5T2	Q8N5T2
Q8N5T2	Q8VDV7
P53618	P53618
P53618	Q9JIF7
P53618	P23514
P97370	P97370
P97370	Q9UN42
P97370	Q99ME6
P97370	P54709
P97370	P14231
P97370	P18434
P97370	P14415
P97370	Q9R193
P97370	P05026
P97370	P14094
P97370	P51164
P97370	P50992
P97370	P13638
P97370	P07340
P97370	P18598
P97370	P05027
P97370	Q63377
Q9NPF5	Q9NPF5
Q9NPF5	Q9JI44
Q9NPF5	Q568Y6
O54917	O54917
O54917	E1BUH4
O54917	Q58FA4
O54917	Q01094
O54917	D4A4D7
O54917	ENSRNOP00000024748
O54917	O09139
O54917	A0AVK6
O54917	Q61501
O54917	Q6S7F2-2
O54917	O35261
O54917	P56931
O54917	D4A9V4
O54917	Q16254
O54917	Q14209
O54917	Q8R0K9
O54917	O00716
O54917	Q15329
O54917	Q96AV8
O54917	F1LRB5
O54917	O75461
O54917	Q6S7F2
O54917	F1LMN3
O54917	Q61502
Q4V8E1	Q4V8E1
Q4V8E1	Q8VHR5
Q4V8E1	Q8WXI9
Q4V8E1	G3V8R7
Q4V8E1	Q8CHY6
Q4V8E1	Q86YP4
Q4V8E1	Q86YP4-2
Q4V8E1	Q86YP4-3
Q641X8	Q641X8
Q641X8	P60229
Q641X8	P60228
P01350	P01350
P01350	P04563
P01350	P48757
P61960	P61960
P61960	P61961
P61960	Q5BJP3
Q96D96-4	Q96D96-4
Q96D96-4	Q96D96
Q96D96-4	Q3U2S8
Q5FVQ0	Q5FVQ0
Q5FVQ0	Q78IQ7
Q5FVQ0	Q96H72
Q5FVQ0	Q5FWH7
Q5FVQ0	Q8BZH0
Q5FVQ0	Q504Y0
Q5FVQ0	NP_001099594
Q5FVQ0	Q91W10
Q5FVQ0	Q9NP94
Q5FVQ0	Q6MGB4
Q5FVQ0	Q15043
Q5FVQ0	Q8N1S5
Q5FVQ0	G3X943
Q5FVQ0	Q8BWY7
Q5FVQ0	Q15043-3
Q5FVQ0	Q3KR82
Q5FVQ0	Q8C145
Q5FVQ0	Q4V887
Q5FVQ0	Q9BRY0-2
Q5FVQ0	Q8BFU1
Q5FVQ0	Q75N73
Q5FVQ0	Q9NUM3
Q5FVQ0	Q8N1S5-2
Q5FVQ0	Q2M1K6
Q5FVQ0	Q504Y0-3
Q5FVQ0	Q31125
Q5FVQ0	Q9D856
Q5FVQ0	Q6P5W5-2
Q5FVQ0	Q92504
Q5FVQ0	Q6ZMH5
Q5FVQ0	Q78IQ7-2
Q5FVQ0	Q9C0K1
Q5FVQ0	A0JPN2
Q5FVQ0	Q99K24
Q5FVQ0	Q13433-2
Q5FVQ0	Q9BRY0
Q5FVQ0	D4A517
Q5FVQ0	Q6P6S2
Q5FVQ0	Q13433
Q5FVQ0	Q5U1X7
Q5FVQ0	Q6P5F6
Q5FVQ0	Q9ULF5
Q5FVQ0	Q9NY26
Q5FVQ0	NP_001100745
Q5FVQ0	Q9QZ03
Q5FVQ0	Q6P5W5
Q5FVQ0	B5DEF5
A0A1B0GSN8	A0A1B0GSN8
A0A1B0GSN8	A0A1B0GWG4
A0A1B0GSN8	A2A2V5
A0A1B0GSN8	D3ZR22
A0A1B0GSN8	Q8CD78
P67812-4	P67812-4
P67812-4	P67812
P67812-4	Q9R0P6
P67812-4	P67812-3
P67812-4	Q9D8V7
P67812-4	Q9WTR7
P67812-4	Q9BY50
P67812-4	P0C7V7
P67812-4	P42667
D3ZHC4	D3ZHC4
D3ZHC4	Q9Y5Z4
D3ZHC4	Q9WU63
Q96GX9-3	Q96GX9-3
Q96GX9-3	Q9WVQ5
Q96GX9-3	Q96GX9
Q96GX9-3	NP_001099962
Q68FS8	Q68FS8
Q68FS8	O00442
Q68FS8	Q9D7H3
Q68FS8	O00442-2
D4A531	D4A531
D4A531	P36954
D4A531	P60898
D3ZX06	D3ZX06
D3ZX06	Q8N2G8
D3ZX06	Q99J23
Q6AY43	Q6AY43
Q6AY43	Q8TCX1
Q6AY43	Q8K0T2
P53809	P53809
P53809	Q9UKL6
P53809	P53808
P53809	Q9NQZ5
P53809	Q8R1R3
P53809	A0A8I6ATX5
A0A1B0GUS0	A0A1B0GUS0
D3ZYB6	D3ZYB6
D3ZYB6	E1BCZ0
D3ZYB6	O00411
D3ZYB6	Q8BKF1
G3V9E2	G3V9E2
G3V9E2	Q8K2U2
G3V9E2	Q3KRA9
M0RCP6	M0RCP6
M0RCP6	Q9DAD6
M0RCP6	P60673
M0RCP6	P35080-2
M0RCP6	P02584
M0RCP6	Q9JJV2
M0RCP6	P35080
M0RCP6	P62963
M0RCP6	P62962
M0RCP6	Q9EPC6
M0RCP6	P07737
Q5XIB3	Q5XIB3
Q5XIB3	P54923
Q5XIB3	Q02589
Q5XIB3	P54922
Q5XIB3	Q8NDY3
Q5XIB3	Q8BGK2
Q4KM46	Q4KM46
Q4KM46	Q6ZMJ4
Q4KM46	Q8R1R4
Q96NR2	Q96NR2
G8EFI3	G8EFI3
O95544-3	O95544-3
O95544-3	P58058
O95544-3	O95544
O95544-3	XP_006239575
O95544-3	O95544-2
Q8WWI1	Q8WWI1
Q8WWI1	D3YU22
Q8WWI1	Q05CI7
Q8WWI1	P51911
Q8WWI1	Q9EQG3
Q8WWI1	Q8WWI1-4
Q8WWI1	Q3UH68
Q8WWI1	G5E8W8
Q8WWI1	Q9UPQ0-6
Q8WWI1	P31232
Q8WWI1	Q99439-2
Q8WWI1	Q9R1Q8
Q8WWI1	P37805
Q8WWI1	Q9UPQ0-3
Q8WWI1	F1M392
Q8WWI1	D3ZRX9
Q8WWI1	Q01995
Q8WWI1	Q8WWI1-2
Q8WWI1	O95171-2
Q8WWI1	Q9UPQ0-10
Q8WWI1	Q08093
Q8WWI1	Q99439
Q8WWI1	O15231-6
Q8WWI1	P37802
Q8WWI1	O15231
Q8WWI1	P37397
Q8WWI1	Q6JBI7
Q8WWI1	Q15417
Q8WWI1	A0T1J8
Q8WWI1	D3YU59
Q8WWI1	B7ZN52
Q8WWI1	O95171
Q8WWI1	Q9DAW9
Q8WWI1	P37802-2
Q8WWI1	Q9UPQ0-4
Q8WWI1	O15231-9
Q8WWI1	Q62394
Q8WWI1	Q9UPQ0
Q8WWI1	O15231-2
Q8WWI1	Q6J0M8
Q8WWI1	P37804
Q8WWI1	Q8WWI1-3
Q8WWI1	Q08091
Q8WWI1	G3V921
Q8WWI1	Q9UI15
Q8WWI1	P26932
Q8WWI1	Q5XFX0
Q8WWI1	O15231-5
Q8WWI1	Q08092
Q8WWI1	Q9WVA4
Q8WWI1	A0A0G2JUQ6
Q8WWI1	Q08290
Q8WWI1	O15231-3
Q8WWI1	Q6JBI6
P99028	P99028
P99028	XP_005665516
P99028	P00126
P99028	Q5M9I5
P99028	P07919
P99028	A0A096LP55
Q9H6S1	Q9H6S1
Q9H6S1	Q6DG50
Q9H6S1	Q4KMA0
Q9H6S1	Q9QYP6
Q9H6S1	A2A9T0
Q9H6S1	A7MCY6
Q8CFE2	Q8CFE2
Q8CFE2	XP_214341
Q8CFE2	Q9NWY4
Q8CFE2	A8MVJ9
Q4QR74	Q4QR74
Q4QR74	Q9BR10
Q4QR74	Q9DA57
Q9CR20	Q9CR20
Q9CR20	P85007
Q9CR20	Q9Y5U9
Q96BY2	Q96BY2
Q96BY2	Q8ND90
Q96BY2	Q8C1C8
Q96BY2	Q9ULN7-1
Q96BY2	A0A0J9YX94
Q96BY2	P0CG32
Q96BY2	Q8VD24
Q96BY2	D4AEL1
Q96BY2	Q8VHZ4
Q96BY2	D3ZQN3
Q96BY2	P0CW24
Q96BY2	A0A0J9YXQ4
Q96BY2	Q9ERH6
Q96BY2	D3ZA53
Q96BY2	Q80VM8
Q96BY2	Q86V59
Q96BY2	A0A1B0GUJ8
Q96BY2	Q96PV4
Q96BY2	Q5DTT8
Q96BY2	P62521
Q96BY2	Q5HZA3
Q96BY2	Q9ULN7
Q96BY2	Q9H0W5
Q96BY2	Q9UL41
Q96BY2	G3X9N3
Q96BY2	D3YZV8
Q96BY2	Q8JZW8
Q96BY2	Q9UL42
Q96BY2	Q9CZA5
Q96BY2	Q8BHK0
Q96BY2	Q6PEW1
A0A0G2JYP9	A0A0G2JYP9
A0A0G2JYP9	F6TQD1
A0A0G2JYP9	D3Z423
A0A0G2JYP9	A8MTL3
A0A0G2JYP9	Q495C1
A0A0G2JYP9	Q495C1-4
A0A0G2JYP9	Q495C1-2
A0A0G2JYP9	Q495C1-3
A0A0G2JYP9	Q495C1-5
A0A0G2JYP9	Q495C1-6
Q8K459	Q8K459
Q8K459	Q8NFP0
P0C7T5	P0C7T5
P0C7T5	P54254
P0C7T5	P54253
P0C7T5	Q63540
P0C7T5	P0C7T6
P0C7T5	E1BDF7
P0C7T5	D3ZBC4
Q8IVK1-2	Q8IVK1-2
Q8IVK1-2	Q8IVK1
Q6ZW05	Q6ZW05
Q6ZW05	Q96NR3
Q6ZW05	B9EKX1
Q6ZW05	D3ZX73
Q6ZW05	Q14B62
Q7L5Y1-7	Q7L5Y1-7
Q7L5Y1-7	Q7L5Y1
Q7L5Y1-7	Q7L5Y1-5
B2RYN3	B2RYN3
B2RYN3	O43324
B2RYN3	Q9D1M4
D3ZKI9	D3ZKI9
D3ZKI9	Q8BMC4
D3ZKI9	Q86U38
B0BN98	B0BN98
B0BN98	Q9BRT6
B0BN98	Q9D945
Q5XIH3	Q5XIH3
Q5XIH3	Q91YT0
Q5XIH3	P49821
Q5XFV6	Q5XFV6
Q5XFV6	Q9BQ48
Q5XFV6	Q99N91
Q5XFV6	A8NN94
P08523	P08523
P08523	P47874
P08523	Q64288
Q9Z2K0	Q9Z2K0
Q9Z2K0	O75618
Q9Z2K0	Q9Z1L3
Q9Z2K0	Q8WXF8
Q9Z2K0	Q8QZV0
O09014	O09014
O09014	Q924V4
O09014	Q8BPX9
O09014	Q8IY34
O09014	Q91W98
O09014	Q8N697
P06828	P06828
NP_001385635	NP_001385635
NP_001385635	Q8N9T8
NP_001385635	Q8VDQ9
Q8IYK2	Q8IYK2
Q8IYK2	Q4V7B5
Q8IYK2	Q9D4K7
Q9BWT6	Q9BWT6
Q9BWT6	NP_001385592
Q9BWT6	Q8K396
Q7L5D6	Q7L5D6
Q7L5D6	Q9D1H7
Q7L5D6	F1LXF5
Q3UHQ6	Q3UHQ6
Q3UHQ6	XP_017451595
Q3UHQ6	NP_001178589
Q3UHQ6	Q9Y3R5
Q3UHQ6	Q8BL99
Q3UHQ6	Q5JWR5
Q7TN73	Q7TN73
Q7TN73	Q96PB1
Q80VH0	Q80VH0
Q80VH0	M0RAD7
Q80VH0	Q8NDB2
Q9QX72	Q9QX72
Q9QX72	Q93073-2
Q9QX72	Q6A098
Q9QX72	Q93073
Q9QX72	D4A7V0
Q9QX72	Q3TGQ4
Q9QX72	Q96T21
J3QQ27	J3QQ27
J3QQ27	Q8NCU4
Q96A65	Q96A65
Q96A65	O35382
Q96A65	Q62824
Q80ZG6	Q80ZG6
Q80ZG6	Q99ML1
Q80ZG6	Q9BXH1
Q9CWB5	Q9CWB5
Q9CWB5	Q76IC5
Q9CWB5	Q9ESW8
Q9CWB5	Q9NXJ5
Q9CWB5	A6NFU8
Q0VFX4	Q0VFX4
M0R462	M0R462
M0R462	A2AM29
M0R462	P42568
M0R462	NP_001102527
M0R462	Q9EPX7
M0R462	Q3TUF7
M0R462	Q03111
M0R462	Q9CR11
M0R462	B2RYE9
M0R462	O88760
M0R462	O95619
M0R462	Q9ULM3
D3ZUP5	D3ZUP5
D3ZUP5	Q91VR8
D3ZUP5	Q8WUW1
D3ZUP5	Q8WUW1-2
XP_001080079	XP_001080079
XP_001080079	Q641X2
XP_001080079	Q5XJE5
XP_001080079	Q8WVC0
Q3UKZ7	Q3UKZ7
Q3UKZ7	Q5FVK8
Q3UKZ7	P0DKL9
Q3UKZ7	Q8BIX3
Q3UKZ7	Q8N8R7
Q6IC83	Q6IC83
Q9Y375	Q9Y375
Q9Y375	Q9CWX2
Q9Y375	F1LWG4
Q5VTH2	Q5VTH2
Q5VTH2	Q6P8X9
Q562C3	Q562C3
Q562C3	O15269
Q562C3	O15270
Q562C3	O75600
Q562C3	O35704
Q562C3	P22557
Q562C3	P08680
Q562C3	D4A9V0
Q562C3	P13196
Q562C3	O88986
Q562C3	O15269-2
Q562C3	P22557-4
Q562C3	Q9NUV7
Q562C3	Q63147
Q562C3	Q8BG54
Q562C3	Q3B7D2
Q562C3	Q8VC19
Q562C3	P13195
Q562C3	P97363
Q562C3	D4A2H2
Q562C3	O75600-2
Q9GZN7	Q9GZN7
Q9GZN7	Q4V7D2
Q9GZN7	Q3TDK6
Q3UP23	Q3UP23
Q3UP23	D4ADJ8
Q3UP23	Q6ZUK4
Q9D8W7	Q9D8W7
Q9D8W7	Q5XIG4
Q9D8W7	Q9NX40
Q9D8W7	Q56VL3
Q9D8W7	NP_001258110
Q9D8W7	Q9CRD0
Q91VX5	Q91VX5
Q91VX5	Q61200
Q91VX5	Q63366
Q91VX5	P58417
Q91VX5	Q9Z2N5
Q91VX5	O95157
Q91VX5	O95156
Q91VX5	Q61199
Q91VX5	Q9Z2N4
Q91VX5	O95158
ENSRNOP00000008959	ENSRNOP00000008959
ENSRNOP00000008959	Q9Y5K1
ENSRNOP00000008959	Q9WTK8
Q53QW1	Q53QW1
Q53QW1	Q5U2Y8
Q53QW1	Q9DA60
A0A494C1I1	A0A494C1I1
A0A494C1I1	Q6NSQ3
A0A494C1I1	Q2TBJ8
Q8BS39	Q8BS39
Q8BS39	Q561K4
Q8BS39	Q9BV29-2
Q8BS39	Q9BV29
Q9WTJ6	Q9WTJ6
Q9WTJ6	Q5XHX9
Q9WTJ6	Q6MZP7-3
Q9WTJ6	Q9Y4I5
Q9WTJ6	Q641Z1
Q9WTJ6	Q571G4
Q9WTJ6	Q6MZP7
Q9CZM9	Q9CZM9
Q9CZM9	Q9JIN6
Q9CZM9	P97678
Q9CZM9	Q9NPA1-3
Q9CZM9	Q9ESK8
Q9CZM9	Q811Q0
Q9CZM9	Q16558
Q9CZM9	A7VL23
Q9CZM9	Q8CAE3
Q9CZM9	Q9Y691
Q9CZM9	Q86W47
Q9CZM9	Q9NPA1
Q8BHH8	Q8BHH8
Q8BHH8	Q6AYR5
Q8BHH8	Q8NCR9
Q8CC84	Q8CC84
Q8CC84	Q5XG99
Q8CC84	Q5M836
Q8CC84	Q7Z3D4
Q8CC84	Q99LE3
P58749	P58749
P58749	Q8R1J1
P58749	NP_853518
P58749	Q9BZW5
P58749	B0BNG2
P58749	Q9BZW4
Q5FVE4	Q5FVE4
Q5FVE4	Q99PU5
Q5FVE4	Q924N5
Q5FVE4	Q96GR2
Q5FVE4	A1L1K7
Q5FVE4	Q2XU92
Q5FVE4	M0RDY4
Q5FVE4	Q08EE8
Q5JQC4	Q5JQC4
Q5JQC4	P0C2W7
Q5JQC4	A0A0U1RQG5
Q9D289	Q9D289
Q9D289	D4A3S0
Q9D289	D3ZES2
Q9D289	O75865-2
Q9D289	Q86SZ2
Q9D289	Q78XR0
Q9D289	O75865
P12032	P12032
P12032	Q99727
P12032	Q9JHB3
P12032	P81556
P12032	P01033
P12032	P48032
P12032	P39876
P12032	P30120
P12032	P16035
P12032	P25785
P12032	P30121
P12032	P35625
P85107	P85107
P85107	Q923W1
P85107	Q96RS0
Q6P9S1	Q6P9S1
Q6P9S1	O43313
Q8K0Z7	Q8K0Z7
Q8K0Z7	Q9BSH4
Q8K0Z7	B2RYT9
Q8BZ64	Q8BZ64
Q8BZ64	Q6NUS6
Q8BZ64	Q2MV58-6
Q8BZ64	Q2MV58
Q8BZ64	Q2MV58-2
Q8BZ64	Q8R2Q6
P49452	P49452
P49452	Q03188
P49452	Q66LH7
Q5U5X0	Q5U5X0
Q5U5X0	B4F7A1
Q5U5X0	Q9DA03
Q96IK0	Q96IK0
Q96IK0	Q91VP7
Q96IK0	G3V8U1
Q8K0B2	Q8K0B2
Q8K0B2	Q6AZ61
Q8K0B2	Q9NUN5
Q9Y2Z2-2	Q9Y2Z2-2
Q9Y2Z2-2	Q9Y2Z2-6
Q9Y2Z2-2	Q923Z3
Q9Y2Z2-2	Q9Y2Z2
Q9Y2Z2-2	NP_001100311
A6PVY3	A6PVY3
A6PVY3	XP_002729670
A6PVY3	Q8N128
A6PVY3	Q8BR63
A6PVY3	Q8N128-2
Q91ZY6	Q91ZY6
Q91ZY6	O35047
Q91ZY6	Q9P2W1
Q14CX5	Q14CX5
Q14CX5	Q6PDE8
Q9NRG7-3	Q9NRG7-3
Q9NRG7-3	D3ZYY0
Q9NRG7-3	Q5M8N4
Q9NRG7-3	Q9NRG7
A6NL82	A6NL82
A6NL82	Q6ZVS7
A6NL82	Q5NC57
P0C6T1	P0C6T1
P0C6T1	P0CG13
P0C6T1	P0CG15
Q499Z3	Q499Z3
Q499Z3	Q8BHW9
Q499Z3	Q6AXX1
Q8C4X0	Q8C4X0
Q9NPA8	Q9NPA8
Q9NPA8	Q9JIX0
Q9NPA8	D3ZWF5
Q8NEE0	Q8NEE0
A2RU49-2	A2RU49-2
A2RU49-2	Q5U5V2
A2RU49-2	A2RU49
A2RU49-2	D3ZUX1
Q3UR78	Q3UR78
Q3UR78	Q5BLP8
Q96LS8	Q96LS8
Q8NAQ8	Q8NAQ8
Q8CC70	Q8CC70
Q8CC70	Q68FQ4
Q8CC70	Q9BRQ4
Q86SY8	Q86SY8
O75534-2	O75534-2
O75534-2	O75534
O75534-2	Q91W50
O75534-2	O75534-4
O75534-2	O75534-3
O75534-2	P18395
Q5JTB6	Q5JTB6
Q5JTB6	Q8K262
Q96M85	Q96M85
A1E960	A1E960
A1E960	Q3HS83
A1E960	A1E959
Q9UBC7	Q9UBC7
Q9UBC7	P47212
Q9UBC7	Q9QXQ6
Q9UBC7	P10683
Q9UBC7	Q810H5
Q9UBC7	P22466
O75352	O75352
O75352	G3V6N5
O75352	Q8N755
O75352	Q8C6U2
O75352	Q9R0Q9
Q4KL25	Q4KL25
Q4KL25	Q5PPI7
Q4KL25	Q8TAF8
Q4KL25	Q7Z7J7
Q4KL25	Q7TSY2
Q4KL25	Q5U4E0
Q4KL25	Q9CTN8
Q4KL25	Q86UP9
Q6UXR8	Q6UXR8
Q3V140-2	Q3V140-2
Q3V140-2	Q8NEB7
Q3V140-2	Q3V140
Q3V140-2	Q6AY33
Q505J8	Q505J8
Q505J8	Q8C0C7
Q505J8	Q9Y285
Q5BKZ1-3	Q5BKZ1-3
Q5BKZ1-3	XP_038948561
Q5BKZ1-3	Q63014
Q5BKZ1-3	Q9ULX6-2
Q5BKZ1-3	O88291
Q5BKZ1-3	Q5BKZ1
Q5BKZ1-3	Q9DBR0
Q5BKZ1-3	Q5U306
Q5BKZ1-3	O43823
Q5BKZ1-3	Q9R0L7
Q5BKZ1-3	Q9ULX6
Q91WF0	Q91WF0
Q91WF0	Q4KLG6
Q91WF0	Q16635
Q91WF0	Q16635-1
D4A768	D4A768
D4A768	Q96FZ5
D4A768	Q9ESD6
D4A2Q7	D4A2Q7
D4A2Q7	Q9CQ02
D4A2Q7	Q9H0A8
G3V920	G3V920
G3V920	Q15061
G3V920	Q6ZQL4
O75381-2	O75381-2
O75381-2	Q642G4
O75381-2	Q9R0A0
O75381-2	O75381
Q02952-3	Q02952-3
Q02952-3	Q9WTQ5
Q02952-3	Q02952
Q02952-3	Q5QD51
Q02952-3	Q02952-2
Q9BZ23-2	Q9BZ23-2
Q9BZ23-2	F1LT70
Q9BZ23-2	Q80YV4-2
Q9BZ23-2	Q8TE04-3
Q9BZ23-2	Q9NVE7
Q9BZ23-2	Q9H999
Q9BZ23-2	Q8R2W9
Q9BZ23-2	D3ZUQ7
Q9BZ23-2	Q80YV4
Q9BZ23-2	Q9BZ23-3
Q9BZ23-2	Q7M753
Q9BZ23-2	Q9BZ23-4
Q9BZ23-2	Q9BZ23
Q9BZ23-2	Q923S8
Q9BZ23-2	XP_006231338
Q9BZ23-2	Q8TE04
Q9BZ23-2	Q8K4K6
Q96GZ6-6	Q96GZ6-6
Q96GZ6-6	Q3SWT5
Q96GZ6-6	D3ZM22
Q96GZ6-6	Q921R8
Q96GZ6-6	Q96GZ6
Q96GZ6-6	Q96GZ6-9
Q96GZ6-6	Q8BYR8
Q96GZ6-6	Q96GZ6-7
Q96GZ6-6	Q96JW4
Q96GZ6-6	Q96GZ6-5
Q96GZ6-6	Q8IVJ1
Q96GZ6-6	Q8BJA2
Q9WUF4	Q9WUF4
Q9WUF4	P70280
Q9WUF4	O70480
Q9WUF4	O70404
Q9WUF4	P63027
Q9WUF4	P63024
Q9WUF4	P63025
Q9WUF4	NP_001102326
Q9WUF4	O75379-2
Q9WUF4	Q9JHW5
Q9WUF4	Q9BV40
Q9WUF4	Q63666
Q9WUF4	O95183
Q9WUF4	Q62442-2
Q9WUF4	O75379
Q9WUF4	Q15836
Q9WUF4	Q62442
Q9WUF4	P51809
Q9WUF4	P23763
Q9WUF4	Q9Z2J5
Q9WUF4	P63044
Q9WUF4	P63045
Q9WUF4	Q9Z2P8
Q8CHQ6	Q8CHQ6
Q8CHQ6	Q96AQ2
A6NC05-2	A6NC05-2
A6NC05-2	A6NC05
A6NC05-2	Q9CWB7
Q13487	Q13487
Q13487	Q68FX5
Q13487	Q91XA5
P13073	P13073
P13073	P19783
P13073	Q91Y94
P13073	Q9TTT8
P13073	P10888
P13073	P00423
P13073	Q96KJ9
P13073	Q91W29
A2AMZ4	A2AMZ4
A2AMZ4	A1L188
Q3UW31	Q3UW31
Q3UW31	Q6UY27
F1M8K0	F1M8K0
F1M8K0	Q14118
F1M8K0	Q62165
XP_229579	XP_229579
XP_229579	Q5DTW7-3
XP_229579	Q9HCM1
XP_229579	Q5DTW7
Q8VIB2	Q8VIB2
Q8VIB2	O35613
Q8VIB2	Q9UER7
Q80WJ7	Q80WJ7
Q80WJ7	Q86UE4
Q80WJ7	Q9Z1W6
Q9Y5N6	Q9Y5N6
Q9Y5N6	Q9WUJ8
Q9Y5N6	Q3T1K3
Q8K0F1	Q8K0F1
Q8K0F1	EDM11031
Q8K0F1	Q9NUY8
A0A1W2P7I0	A0A1W2P7I0
A0A1W2P7I0	A0A1W2PQU2
Q62018	Q62018
Q62018	Q6PD62
Q62018	G3V897
Q93075	Q93075
Q93075	Q571H2
Q93075	NP_001102722
P80385	P80385
P80385	Q9UGJ0
P80385	Q8BGM7
P80385	Q91WG5
P80385	Q9UGI9
P80385	Q4QRB9
P80385	O54950
P80385	P54619-3
P80385	P54619
Q91ZD4	Q91ZD4
Q91ZD4	P84889
Q91ZD4	Q9ULK5
Q91ZD4	Q8TAA9-2
Q91ZD4	Q80Z96
Q91ZD4	Q8TAA9
Q91ZD4	D3ZKC8
Q8R0L9	Q8R0L9
Q8R0L9	Q4V8F5
Q8R0L9	O75528
Q8R2L5	Q8R2L5
Q8R2L5	F6Q5K7
Q8R2L5	Q9NVS2
Q8R2L5	Q99N85
Q8R2L5	Q6PDU2
Q8R2L5	D4A4V1
Q8R2L5	P82918
Q8R2L5	Q9Y3D5
Q8R2L5	Q9Y676
Q8R2L5	Q99N84
Q8R2L5	Q9NVS2-2
Q924L1	Q924L1
Q924L1	G3V996
Q924L1	Q6P1Q0-7
Q924L1	Q6P1Q0
P52815	P52815
P52815	D3ZXF9
P52815	Q7YR75
P52815	Q9DB15
P58512	P58512
Q6DCA0	Q6DCA0
Q6DCA0	G3V9S2
Q6DCA0	Q8JZZ6
Q6DCA0	Q9Y4X0
Q6DCA0	Q9JHT5
Q6DCA0	D3ZBY1
O54924	O54924
O54924	Q6PGF7
O54924	Q8IYI6
Q9DCF1	Q9DCF1
Q9DCF1	Q86YD3
O35127	O35127
O35127	D3ZMS0
O35127	Q99622
Q99KW9	Q99KW9
Q99KW9	Q8R4E1
Q99KW9	Q8TB96
O60287	O60287
O60287	D4A7S4
O60287	Q571H0
Q6PB30	Q6PB30
Q6PB30	Q9Y5P2
Q8CHR9	Q8CHR9
Q8CHR9	Q8WWB5
O35972	O35972
O35972	Q16540
O35972	Q63750
P97612	P97612
P97612	Q6GMR7
P97612	O08914
P97612	O00519
Q8BJG4	Q8BJG4
Q8BJG4	B5DEX8
Q8BJG4	Q7L9L4-2
Q8BJG4	Q921Y0
Q8BJG4	Q9H8S9
Q8BJG4	Q3T1J9
Q8BJG4	Q8BPB0
Q8BJG4	D4A1V7
Q8BJG4	Q7L9L4
Q8BJG4	Q70IA6
Q8BJG4	Q8VI63
Q8BJG4	NP_001102629
Q8BJG4	Q70IA6-3
Q8BJG4	Q96BX8
Q8BJG4	Q8BSU7
Q8BJG4	Q86TA1
Q8BJG4	Q8VE04
Q8BJG4	Q70IA8
Q8NHX4	Q8NHX4
Q8NHX4	Q9D9T6
Q9D9T0	Q9D9T0
Q9D9T0	Q96IM9
Q9D9T0	Q8WWB3
Q9D2F0	Q9D2F0
Q9D2F0	A6NLX4
P18665	P18665
P18665	Q3ZBX6
P18665	Q99N95
P18665	P09001
Q9QZV9	Q9QZV9
Q9QZV9	B2RZ65
Q9QZV9	Q3UNA4
Q9QZV9	Q9UKK6
Q9QZV9	Q9NPJ8-3
Q9QZV9	B2GV77
Q9QZV9	Q9NPJ8
Q3TAS6	Q3TAS6
Q3TAS6	Q6AYH6
Q3TAS6	Q5UCC4
Q7TS73	Q7TS73
Q7TS73	Q5SVD0
Q7TS73	Q8N5W9
Q7TS73	Q6AXS9
Q7TS73	Q6ZTI6
Q9DCA2	Q9DCA2
Q9DCA2	NP_001102618
Q9DCA2	P82912-2
Q9DCA2	P82911
Q9DCA2	P82912
Q63342	Q63342
Q63342	Q8NCN5
Q63342	Q64380
Q63342	Q9UI17
Q63342	Q9DBT9
Q63342	D3ZXA6
Q63342	Q99LB7
Q63342	Q9UL12
Q63342	Q7TSQ8
A6NC97	A6NC97
A6NC97	Q8WUF8
A6NC97	Q3TNH5
A6NC97	D3ZYE5
D4A7T8	D4A7T8
D4A7T8	Q96LP2
D4A7T8	Q8TBF8
D4A7T8	Q3UXZ6
D4A7T8	XP_138722
Q8CFL8	Q8CFL8
Q8CFL8	Q96MP5
P00889	P00889
P00889	Q9CZU6
P00889	O75390
P00889	Q8VHF5
P00889	Q80X68
Q8BQN5	Q8BQN5
Q8BQN5	Q5VT40
Q8BQN5	Q5JUQ0
Q8BQN5	Q8C552
Q8C3L1	Q8C3L1
Q8C3L1	Q9Y2M2
Q8C3L1	Q9Y2M2-1
Q8N8I6	Q8N8I6
Q7TNS8	Q7TNS8
Q7TNS8	Q80YR3
Q7TNS8	Q1XH10
Q7TNS8	XP_001058786
Q7TNS8	A6NHQ4
Q7TNS8	M0RD31
Q9D771	Q9D771
Q9D771	Q66H28
Q9D771	Q9H813
Q8IWB1	Q8IWB1
Q8IWB1	A2ASA8
Q8IWB1	Q6GPH6-2
Q8IWB1	XP_574685
Q8IWB1	Q66H52
Q8IWB1	Q6GPH6
Q8IWB1	Q3TNL8
Q3HNM7	Q3HNM7
Q3HNM7	Q1MX18
Q5RJS6	Q5RJS6
Q5RJS6	Q8VEL0
Q5RJS6	O75425
Q5RJS6	Q8BGG6
Q5RJS6	Q9UJG1
P49194	P49194
P49194	P10745
A2A6H3	A2A6H3
A2A6H3	Q5MNV8
Q5M8M2	Q5M8M2
Q5M8M2	Q810P2
Q5M8M2	Q8N7X2-4
Q5M8M2	A8MYP8
Q5M8M2	Q96PU9
Q5M8M2	Q8N7X2
Q5M8M2	A2RSX4
Q5M8M2	Q3TZ65
Q5M8M2	Q96PU9-2
Q5M8M2	Q3SX64
Q5M8M2	Q920N1
Q5M8M2	XP_002729890
Q5M8M2	Q8IXM7
O14599	O14599
Q86V40	Q86V40
Q86V40	A6NFA1
Q86V40	B1ATG9
Q8N4F0	Q8N4F0
Q8N4F0	Q8C1E1
Q6NZG4	Q6NZG4
Q6NZG4	Q8IXT1
Q3TVW5	Q3TVW5
Q3TVW5	Q9BT92
Q8BMD6	Q8BMD6
Q8BMD6	Q9NX78
Q9BZK3	Q9BZK3
Q9BZK3	B2RYX0
Q9BZK3	Q60817
Q9BZK3	Q13765
Q9BZK3	Q5SWP3
Q9BZK3	P70670
Q9BZK3	M0R9L0
Q9BZK3	Q9H009
Q9BZK3	E9PAV3-2
Q9BZK3	E9PAV3
Q9BZK3	O15069
Q9CQE3	Q9CQE3
Q9CQE3	Q9Y2R5
Q9CQE3	D3ZTR1
F6WYW0	F6WYW0
Q6P926-2	Q6P926-2
Q6P926-2	Q86W54
Q6P926-2	Q6P926
Q6P926-2	Q4PJT6
Q91W63	Q91W63
Q91W63	Q9NPI5
Q91W63	Q6AY91
Q91W63	Q9D7C9
Q91W63	Q9NWW6
Q3UN70	Q3UN70
Q3UN70	D4A352
Q3UN70	Q3UR85
Q3UN70	Q9Y2G1
Q3UN70	Q96LU7
P59020	P59020
Q5QNV8	Q5QNV8
Q5QNV8	A2RTY3
Q9D3W1	Q9D3W1
Q9D3W1	Q9UHP6
P0C7T4	P0C7T4
Q498D2	Q498D2
Q498D2	Q9Y262-2
Q498D2	Q9Y262
Q498D2	Q8QZY1
E9PQ01	E9PQ01
E9PQ01	G3X9Z4
E9PQ01	O94913
E9PQ01	D3ZY40
Q3LI58	Q3LI58
Q3LI58	Q925H4
Q3LI58	Q3LI59
Q3LI58	O08884
Q3LI58	A0A3B3IRQ3
Q3LI58	A0A3B3IRS2
B4F779	B4F779
B4F779	Q8NEU8
B4F779	Q8K3G9
B4F779	ENSRNOP00000018413
B4F779	A5PKI0
B4F779	Q9UKG1
B4F779	Q8K3H0
B4F779	Q8NEU8-3
Q3V2H2	Q3V2H2
XP_001475551	XP_001475551
C9J7I0	C9J7I0
C9J7I0	E0CX23
Q80UY1	Q80UY1
Q80UY1	Q5BJZ6
Q80UY1	Q8N4J0
Q5HZB0	Q5HZB0
Q5HZB0	Q8N131
Q5HZB0	Q91Z22
Q62740	Q62740
Q62740	Q8K1I3
Q62740	Q13103
H3BNL1	H3BNL1
O35760	O35760
O35760	Q9BXS1
O35760	Q13907
O35760	P58044
O35760	Q13907-2
Q76GL9	Q76GL9
Q76GL9	P51906
Q76GL9	O35874
Q76GL9	P43005
Q76GL9	P43007
Q76GL9	Q3UFR4
Q76GL9	P24942
Q76GL9	P56564
Q76GL9	P43003
Q76GL9	O35921
Q76GL9	O35544
Q76GL9	P48664
Q76GL9	P31596
Q76GL9	P43004-3
Q76GL9	P43006-2
Q76GL9	Q8K5B5
Q76GL9	P43006
Q76GL9	P43004
Q76GL9	P51912
Q76GL9	Q8JZR4
Q76GL9	D3ZJ25
Q76GL9	Q15758-2
Q76GL9	Q15758
Q76GL9	O00341
Q76GL9	P51907
D3ZZM9	D3ZZM9
D3ZZM9	Q8QZT2
D3ZZM9	Q6IQ19
Q5EB63	Q5EB63
Q5EB63	Q5HYL7
Q5EB63	V9GX04
G3V931	G3V931
G3V931	Q0VEJ0
G3V931	Q8TAP6
Q921D4	Q921D4
Q921D4	O75586
Q921D4	B0BNE1
Q921D4	O75586-2
XP_341926	XP_341926
XP_341926	O60303
XP_341926	Q8C753
P59325	P59325
P59325	Q07205
P59325	P55010
Q14157-1	Q14157-1
Q14157-1	Q14157
Q14157-1	NP_001101398
Q14157-1	Q14157-5
Q14157-1	Q80X50
Q14157-1	Q80X50-3
Q14157-1	Q91VX2
Q14157-1	Q5T6F2
Q14157-1	E9PTR4
Q14157-1	Q80X50-2
P52788	P52788
P52788	Q3MIE9
P52788	P97355
Q61599	Q61599
Q61599	Q5M860
Q61599	P52566
Q61599	Q99819
Q61599	Q62160
Q61599	Q99PT1
Q61599	Q5XI73
Q61599	P52565
Q8C6L5	Q8C6L5
Q8C6L5	A0A0G2JVC4
Q8C6L5	Q8N884
Q80SY5	Q80SY5
Q80SY5	Q6AXY7
Q80SY5	Q5VTL8
D3ZA68	D3ZA68
D3ZA68	Q8CIW5
D3ZA68	Q96RR1
NP_001375432	NP_001375432
NP_001375432	Q13569
NP_001375432	P56581
D3ZS58	D3ZS58
D3ZS58	Q9CQ75
D3ZS58	O43678
B0BNB1	B0BNB1
B0BNB1	Q8N668
B0BNB1	Q8K4M5
D3ZCH6	D3ZCH6
D3ZCH6	C0HKG5
D3ZCH6	O00584
D4AC99	D4AC99
D4AC99	Q96S08
D4AC99	Q8WVB6-2
D4AC99	Q8BIW9
D4AC99	Q8WVB6
D3ZJZ0	D3ZJZ0
D3ZJZ0	Q91XE8
D3ZJZ0	Q6UW68
A0A1B0GVX0	A0A1B0GVX0
A0A1B0GVX0	Q99732
A0A1B0GVX0	Q9JLJ0
A0A1B0GVX0	Q5U2U6
A0A1B0GVX0	Q9DB75
A0A1B0GVX0	Q9H305
A0A1B0GVX0	Q99732-3
A0A1B0GVX0	P0C0T0
A8MSY1	A8MSY1
A8MSY1	Q8IVN3
A8MSY1	Q99JI1
A8MSY1	Q80XX4
A8MSY1	Q3UF25
A8MSY1	Q7TSW6
A8MSY1	Q86TL2
Q9WTV1	Q9WTV1
Q9WTV1	Q6RY07
Q9WTV1	O35744
Q9WTV1	F6M9X2
Q9WTV1	Q91Z98
Q9WTV1	Q9BZP6
Q9WTV1	Q91XA9
Q9WTV1	Q62010
Q9WTV1	Q61362
Q9WTV1	Q12889
Q9WTV1	P36222
Q9WTV1	Q13231
Q9WTV1	Q9D7Q1
Q9WTV1	Q9D7Q1-2
Q9WTV1	Q80W26
Q9WTV1	Q15782
Q5EB73	Q5EB73
Q5EB73	Q91YV9
Q5EB73	Q9BRR3
Q5M7V7	Q5M7V7
Q5M7V7	Q9NYY8
Q5M7V7	Q922E6
P58200	P58200
P58200	Q9UEU0
P58200	Q9UEU0-2
P58200	O88384
P58200	Q96AJ9
P58200	O89116
P58200	Q9JI51
Q5XIL5	Q5XIL5
Q5XIL5	Q8VC60
Q5XIL5	D3ZHQ5
Q5XIL5	Q5JCS8
Q5XIL5	Q8IW92
Q5XIL5	D3ZUM4
Q5XIL5	Q8NCI6
Q5XIL5	A2RSQ1
Q5XIL5	B1WBS6
Q5XIL5	Q6UWU2
Q5XIL5	Q3UPY5
Q5XIL5	P23780
Q5XIL5	P16278
Q400C7	Q400C7
Q400C7	Q400C9
Q400C7	Q400C8
Q400C7	Q86W34
Q400C7	Q8BVF9
Q400C7	Q400G9
XP_006242225	XP_006242225
XP_006242225	Q6NVV7
XP_006242225	Q8R3A2
NP_001385537	NP_001385537
NP_001385537	Q8BU30
NP_001385537	P41252
NP_001385537	F1LS86
NP_001385537	Q8BIJ6
NP_001385537	Q9NSE4
XP_006238098	XP_006238098
XP_006238098	Q5IRJ6
XP_006238098	Q6PML9
XP_006238098	D3ZWW5
XP_006238098	P23025
XP_006238098	Q64267
NP_001385629	NP_001385629
NP_001385629	P61759
NP_001385629	P61758
O75955	O75955
O75955	Q60634
O75955	Q9Z2S9
O75955	Q14254
O75955	Q9Z1E1
O75955	O08917
Q8CDT4	Q8CDT4
Q8CDT4	A5PLK6
Q9HAB3	Q9HAB3
Q9HAB3	Q9D6X5
Q9HAB3	Q9NWF4
Q9HAB3	Q4FZU9
Q9HAB3	B5MEV3
Q9HAB3	Q9D8F3
Q9HAB3	Q9NQ40
D3DTV9	D3DTV9
Q9Z1M8	Q9Z1M8
Q9Z1M8	Q66HG8
Q9Z1M8	Q13123
Q6NSJ0	Q6NSJ0
Q6NSJ0	Q69ZQ1
Q6NSJ0	D4AE63
P49720	P49720
P49720	P40112
P49720	Q9R1P1
Q9H3H1	Q9H3H1
Q9H3H1	Q80UN9
Q9H3H1	XP_006238866
Q92797	Q92797
Q92797	Q92797-2
Q92797	Q80X82
Q92797	Q3U2B5
Q92797	Q561R4
Q7Z6A9	Q7Z6A9
Q7Z6A9	Q6PNM1
Q7Z6A9	Q7TSA3
O35685	O35685
O35685	Q8R1N4
O35685	Q8IVD9
O35685	Q63525
O35685	Q32PY7
O35685	Q9Y266
Q91WD4	Q91WD4
Q91WD4	Q5M888
Q91WD4	Q9BPX7-2
Q91WD4	Q9BPX7
Q7Z5V6	Q7Z5V6
Q7Z5V6	Q66HR9
Q7Z5V6	Q148A4
Q61753	Q61753
Q61753	Q9EQH5
Q61753	P56546
Q61753	P56545
Q61753	Q9EQH5-2
Q61753	Q9UBQ7
Q61753	O08651
Q61753	O88712
Q61753	Q13363
Q61753	Q91Z53
Q61753	Q13363-2
Q61753	P56545-2
Q61753	P56546-2
Q61753	Q9Z2F5
Q61753	O43175
Q61753	B0BN46
F1MHI7	F1MHI7
F1MHI7	Q969M2
F1MHI7	Q02739
F1MHI7	O95377
F1MHI7	Q8BQU6
F1MHI7	P25305
F1MHI7	Q8BSD4
F1MHI7	Q8N144
F1MHI7	Q5T442
F1MHI7	Q91YD1
F1MHI7	Q9WUS4
F1MHI7	P28232
F1MHI7	Q01231
F1MHI7	Q6S5G4
F1MHI7	P36382
F1MHI7	P28235
F1MHI7	P28234
F1MHI7	P29033
F1MHI7	Q6PEY0
F1MHI7	P28230
F1MHI7	P08033
F1MHI7	E9PTP3
F1MHI7	P28231
F1MHI7	Q64448
F1MHI7	P08034
F1MHI7	Q96KN9
F1MHI7	Q9Y6H8
F1MHI7	Q80XF7
F1MHI7	P29414
F1MHI7	P08050
F1MHI7	Q6TYA7
F1MHI7	P23242
F1MHI7	P17302
F1MHI7	P36381
F1MHI7	P57773
F1MHI7	P70689
F1MHI7	Q29101
F1MHI7	P28236
F1MHI7	O95452
F1MHI7	P36380
F1MHI7	O75712
F1MHI7	P48165
F1MHI7	P21994
F1MHI7	Q00977
F1MHI7	Q9NTQ9
F1MHI7	Q02738
F1MHI7	Q80Z94
F1MHI7	P36383
F1MHI7	P18246
F1MHI7	Q8K4Q9
F1MHI7	P35212
F1MHI7	F1LPT0
F1MHI7	A4GG66
F1MHI7	P28229
F1MHI7	Q03190
F1MHI7	P28233
F1MHI7	O54851
F1MHI7	O70610
F1MHI7	P41987
F1MHI7	Q921C1
F1MHI7	Q9UKL4
F1MHI7	Q8NFK1
Q5BKX5	Q5BKX5
Q5BKX5	NP_001333237
Q5BKX5	J3QPC3
P23490	P23490
P23490	P18165
Q8N1E2	Q8N1E2
Q8N1E2	Q86SG7
Q8N1E2	Q3V1I0
Q8N1E2	Q9D7Q0
A8MTZ7	A8MTZ7
A8MTZ7	Q80W69
Q8TF17	Q8TF17
Q8TF17	Q8TF17-3
Q8TF17	Q3TD36
Q8TF17	Q8TE82
Q8TF17	NP_001100696
Q8TF17	Q80VA5
P01210	P01210
P01210	P04094
P01210	Q62923
P01210	P06300
P01210	Q13519
P01210	Q64387
P01210	O35417
P01210	P01213
P01210	P01211
P01210	P22005
Q6AY69	Q6AY69
Q6AY69	Q9D8Z6
Q6AY69	Q9BSB4
Q99NH3	Q99NH3
Q99NH3	Q8VDV3
Q99NH3	Q68EF0
Q99NH3	Q96QF0
Q99NH3	Q8TBN0
Q99NH3	Q62739
Q3TB91	Q3TB91
P03925	P03925
P03925	P03926
P03925	P03923
XP_345307	XP_345307
XP_345307	O60931
XP_345307	P57757
XP_345307	D3ZG79
XP_345307	O60931-2
NP_001100292	NP_001100292
NP_001100292	Q8BGK5
NP_001100292	Q5T1Q4
NP_001100292	Q7TML3
NP_001100292	Q8IXU6
Q0D2L6	Q0D2L6
Q0D2L6	Q99K70
Q0D2L6	Q9NQL2
Q0D2L6	Q7TT45
Q0D2L6	B2RZ38
Q0D2L6	Q9HB90
Q8BMN4	Q8BMN4
Q8BMN4	A0A286YEC0
Q8BMN4	A0A0G2JX27
Q8BMN4	Q96KR4
Q8BMN4	A0A1B0GTW7
Q8BMN4	Q96KR4-3
Q9CRC0	Q9CRC0
Q9CRC0	Q6TEK4
Q9CRC0	Q8N0U8
Q9CRC0	Q6TEK3
Q9CRC0	Q6TEK5
Q9CRC0	Q9BQB6
Q8R1P4	Q8R1P4
Q8R1P4	Q9H0Y0
Q9CQX0	Q9CQX0
Q9CQX0	XP_001079107
Q9CQX0	Q7TQI3
Q9CQX0	Q96FW1
Q9CQX0	B2RYG6
Q9CQX0	D3ZAR8
Q9CQX0	Q96FW1-2
Q9CQX0	Q96DC9
O35654	O35654
O35654	Q6AXY4
O35654	P49005
Q6QI29	Q6QI29
Q9R0R4	Q9R0R4
Q9R0R4	Q9ULZ1
Q9R0R4	Q9R0R3
Q8NDZ2-3	Q8NDZ2-3
Q8NDZ2-3	E9Q6E9
Q8NDZ2-3	F1LWT0
Q8NDZ2-3	Q8NDZ2
Q9D311	Q9D311
Q9D311	Q1HG43
Q9D311	Q8VE49
Q9D311	Q1HG43-2
Q9D311	Q1HG44
A6NGS2	A6NGS2
A6NGS2	P0C7N2
A6NGS2	Q3UNU4
P13086	P13086
P13086	Q9WUM5
P13086	P53597
P13086	O19069
Q8R207	Q8R207
Q8R207	Q4G019
Q8R207	Q8NFR3
Q8R207	Q925E8
Q8R207	Q969W0
Q8N816	Q8N816
Q96S07	Q96S07
F1MA98	F1MA98
F1MA98	P12270
F1MA98	F6ZDS4
D4AED1	D4AED1
D4AED1	Q9BUA3
D4AED1	Q05AH6
D4AED1	E1BD11
D4AED1	C9JLR9
D4AED1	Q4VA45
P0DMC4	P0DMC4
P0DMC4	P0DMC3
P0DMC4	P0DP76
M0RCF9	M0RCF9
M0RCF9	Q80U70
M0RCF9	Q15022
Q9DA30	Q9DA30
D4A5G2	D4A5G2
D4A5G2	P78316
D4A5G2	Q8R3N1
D4A5G2	P78316-2
F7F379	F7F379
F7F379	Q9D7A8
F7F379	Q9NVT9
D4ADR7	D4ADR7
D4ADR7	Q9D1E4
D4ADR7	A8MQ03
Q8CAZ0	Q8CAZ0
D4ACQ1	D4ACQ1
D4ACQ1	P0C7T8
D4ACQ1	Q3UNB8
NP_001101433	NP_001101433
NP_001101433	Q8C7B8
NP_001101433	Q9H7M6
NP_001101433	E1BCX3
NP_001101433	NP_001258204
NP_001101433	Q80TB7
NP_001101433	A7E2V4-4
NP_001101433	A7E2V4
NP_001101433	Q3UHH1
NP_001101433	Q80TC6
NP_001101433	Q9P217
NP_001101433	Q9HCJ5
NP_001101433	A7E2V4-2
Q14CH1	Q14CH1
Q14CH1	Q96EN8
B9EKI3	B9EKI3
B9EKI3	P82094
B9EKI3	P82094-2
B9EKI3	G3V9T2
P70371	P70371
P70371	P54274
P70371	Q5EB98
Q5U462	Q5U462
Q5U462	Q9H5V8
Q5U462	D3ZVA1
Q9NWS0	Q9NWS0
Q9NWS0	Q9NWS0-2
Q9NWS0	Q4V7F5
Q9NWS0	Q9CQJ2
Q9JM80	Q9JM80
Q9JM80	Q3U1F9
Q9JM80	Q9NWQ8
O00168	O00168
O00168	Q9Z239
O00168	Q9D164
O00168	Q9H0Q3
O00168	P54710-2
O00168	P59647
O00168	Q91XV6
O00168	Q63113
O00168	Q04679
O00168	P59646
O00168	Q04646-2
O00168	Q61835
O00168	P59645
O00168	P58550
O00168	O08589
O00168	Q9D2W0
O00168	Q6P8R9
O00168	P97808
O00168	Q14802-2
O00168	Q96DB9
O00168	Q14802-4
O00168	Q14802-5
O00168	P56513
O00168	P59649
O00168	P54710
O00168	P59648
O00168	P58549
O00168	Q04646
O00168	A0A087WZ82
O00168	Q14802
O00168	Q14802-3
Q96MH2	Q96MH2
Q96MH2	Q5M9G1
Q96MH2	O94992
Q96MH2	Q8R409
Q96MH2	B2RZ69
Q96MH2	Q3TVI4
Q9CXZ1	Q9CXZ1
Q9CXZ1	O43181
Q9CXZ1	Q5XIF3
Q9CXZ1	Q02375
Q8K1R3	Q8K1R3
Q8K1R3	Q8TCS8
Q8K1R3	G3V6G7
Q9UHA7	Q9UHA7
Q9UHA7	Q9QYY1
Q9UHA7	Q8WWZ1
Q9UHA7	Q9NZH6-2
Q9UHA7	Q9NZH7
Q9UHA7	P25086
Q9UHA7	P10749
Q9UHA7	P01584
Q9UHA7	B0BMY4
Q9UHA7	Q9NZH6
Q9UHA7	P18510
Q9UHA7	Q9D6Z6
Q9UHA7	P25085
Q9UHA7	Q9NZH7-2
Q9UHA7	Q3U0P4
Q9UHA7	Q63264
Q9UHA7	Q9NZH8
Q9UHA7	D4A6F3
Q9UHA7	Q9JLA2
Q9UHA7	P18510-3
Q9UHA7	D4A9I5
Q9UHA7	Q8R459
Q9UHA7	Q9UBH0
Q8CC21	Q8CC21
Q8CC21	Q6DKK2
Q8CC21	D4A6D7
Q9CQ28	Q9CQ28
Q9CQ28	Q7L8W6
Q9CQ28	Q5M9F5
Q14008	Q14008
Q14008	Q14008-3
Q14008	XP_006234666
Q14008	A2AGT5
Q6AYB6	Q6AYB6
Q6AYB6	Q9D5V6
Q6AYB6	Q96A49
Q499E5	Q499E5
Q499E5	Q6ZVD7
Q499E5	D4A001
Q499E5	Q9P2F5
Q499E5	B2RQL2
Q9EQK5	Q9EQK5
Q9EQK5	Q14764
Q9EQK5	Q62667
D3ZDP2	D3ZDP2
D3ZDP2	Q8R035
D3ZDP2	Q14197
Q8CDT5	Q8CDT5
Q8CDT5	D3ZMG5
Q8CDT5	A0A1B0GTD5
Q6ZT12	Q6ZT12
Q6ZT12	F6QC57
Q6ZT12	Q6ZT12-4
Q6ZT12	NP_001128022
Q6ZT12	Q5U430
Q80ZU4	Q80ZU4
Q80ZU4	Q96E16
Q9Y5K3-3	Q9Y5K3-3
Q9Y5K3-3	O88637
Q9Y5K3-3	P19836
Q9Y5K3-3	P49586
Q9Y5K3-3	P49585
Q9Y5K3-3	Q811Q9
Q9Y5K3-3	Q9QZC4
Q9Y5K3-3	Q922E4
Q9Y5K3-3	Q9Y5K3
Q9Y5K3-3	Q99447
Q9Y5K3-3	Q99447-3
Q6ZPA9	Q6ZPA9
P62945	P62945
P62945	P62948
P49772	P49772
P49772	P49771
O00258	O00258
O00258	Q6P6S5
O00258	Q8K0D7
Q71RI2	Q71RI2
Q71RI2	E1BKE9
Q71RI2	Q9GZR1
Q71RI2	Q8BUH8
Q71RI2	XP_008767002
Q71RI2	Q9BQF6-5
Q71RI2	Q9HC62
Q71RI2	F1LU78
Q71RI2	Q9CQN9
Q71RI2	Q9EQE1
Q71RI2	Q6P7W0
Q71RI2	Q9BQF6
Q71RI2	D3ZF42
Q71RI2	Q3MID8
Q71RI2	Q91ZX6
Q71RI2	XP_038936286
Q71RI2	Q9EP97
Q71RI2	Q9H4L4
Q71RI2	Q6NXL6
Q71RI2	Q96HI0
Q71RI2	P59110
Q71RI2	Q9P0U3
Q8R088	Q8R088
Q8R088	Q66H74
Q8R088	Q569C9
Q8R088	Q9CRA5
Q8R088	Q9ERE4
Q8R088	Q9H4A5
Q8R088	Q9H4A6
P02815	P02815
Q9ES25	Q9ES25
Q3UQU9	Q3UQU9
EDL31996	EDL31996
EDL31996	XP_001071419
EDL31996	P47915
EDL31996	P47914
EDL31996	P25886
EDL31996	XP_001476205
A6NH13	A6NH13
Q6MZM9	Q6MZM9
Q6MZM9	E9Q591
Q9H0P7	Q9H0P7
Q8N8G6	Q8N8G6
Q499T7	Q499T7
Q499T7	Q9Y6A4
Q499T7	Q8BTU1
Q5RJN4	Q5RJN4
Q5RJN4	Q9NUL5
Q5RJN4	Q8CAK3
O35152	O35152
O35152	O35623
O35152	O15155
O35152	Q62896
O35152	O35153
O35152	Q9NYM9
Q60GF7	Q60GF7
Q60GF7	Q8TBF5
Q60GF7	Q99LV7
Q60GF7	Q8TBF5-2
A0A0G2K6N3	A0A0G2K6N3
A0A0G2K6N3	P0C8B4
A0A0G2K6N3	Q9BXV9
A0A0G2K6N3	D3Z9A4
A0A1B0GVM5	A0A1B0GVM5
A0A1B0GVM5	Q80SW5
A0A1B0GVM5	P0DPP9
A0A1B0GVM5	Q3ZM63
A0A482D308	A0A482D308
O94915-2	O94915-2
O94915-2	XP_002725006
O94915-2	F8VQ05
O94915-2	C0IXW5
O94915-2	O94915
O94915-2	Q5TBA9
O94915-2	E9Q8I9
B5DFN0	B5DFN0
B5DFN0	Q3U898
B5DFN0	Q8WXC6-1
B5DFN0	Q8WXC6
D4A131	D4A131
D4A131	Q9BYD3
D4A131	Q9DCU6
M0RAS3	M0RAS3
M0RAS3	Q8R0K4
M0RAS3	Q6PK04
D3ZGM5	D3ZGM5
D3ZGM5	Q9D162
D3ZGM5	Q9P0B6
Q9JHU4	Q9JHU4
Q9JHU4	NP_062099
Q9JHU4	Q14204
P01193	P01193
P01193	P01189
P01193	P01194
Q15847	Q15847
P04216	P04216
P04216	P01831
P04216	P01830
Q8C1M2	Q8C1M2
Q8C1M2	Q96B54
Q8C1M2	D4A7Q6
Q9UNX3	Q9UNX3
Q9UNX3	P61254
Q9UNX3	P61255
Q9UNX3	P12749
P08920	P08920
P08920	P08921
P08920	P06729
Q8K157	Q8K157
Q8K157	Q66HG4
Q8K157	Q96C23
Q9D5K4	Q9D5K4
Q9D5K4	D3ZSX9
Q9D5K4	Q96BU1
Q5RL79	Q5RL79
Q5RL79	Q8N6L1
Q5RL79	Q8N6L1-2
Q5RL79	B2RZC9
Q12768	Q12768
Q12768	Q8C2E7
Q12768	F1M1B3
Q9CQF8	Q9CQF8
Q9CQF8	B2RZD0
Q9CQF8	Q9BQC6
P56213	P56213
P56213	Q63042
P56213	P55789
Q96DN6	Q96DN6
Q96DN6	B1AYB6
Q96DN6	Q3TY92
Q96DN6	Q9P267
Q8WVX9	Q8WVX9
Q8WVX9	Q922J9
Q8WVX9	Q66H50
Q8WVX9	Q7TNT2
Q8WVX9	Q96K12
Q0VGL1	Q0VGL1
Q0VGL1	Q8CF66
Q0VGL1	D4AD29
Q91WB2	Q91WB2
Q91WB2	Q5FVJ3
Q91WB2	Q66H88
Q91WB2	Q9D4F2
Q91WB2	Q8IY26
Q91WB2	Q8NBV4
A4QMS7	A4QMS7
A4QMS7	M0R5R5
A4QMS7	Q9DAR0
P48788	P48788
P48788	P13412
P48788	Q9WUZ5
P48788	P27768
P48788	P19237
P48788	P13413
P48788	Q8MKD5
P48788	P02643
P48788	P23693
P48788	P48787
P48788	P19429
P48788	P02646
P48788	P08057
Q6PH81-2	Q6PH81-2
Q6PH81-2	B2RZC8
Q6PH81-2	Q9CR55
Q6PH81-2	Q6PH81
O03042	O03042
Q9NQA3	Q9NQA3
Q9NQA3	Q8VDD8
Q9NQA3	Q6VEQ5
Q9NQA3	A8K0Z3
Q9NQA3	A8MWX3
Q9NQA3	B2RYF7
Q7Z412-2	Q7Z412-2
Q7Z412-2	Q7Z412
Q7Z412-2	Q8BGI5
Q498T4	Q498T4
Q498T4	Q5T653
Q498T4	Q9D773
Q498T4	Q2TA12
A0A1B0GTI8	A0A1B0GTI8
A1A5P5	A1A5P5
A1A5P5	Q9D2I5
A1A5P5	Q7Z3E5
Q68FR5	Q68FR5
Q68FR5	Q8BRG8
Q68FR5	Q96SK2
A0A2R8VHR8	A0A2R8VHR8
A0A2R8VHR8	P0DPQ6
Q5M7T3	Q5M7T3
Q5M7T3	B1WC78
Q5M7T3	Q5PSV4
Q5M7T3	Q3U1T3
Q5M7T3	Q9HCU9
Q5M7T3	Q99N20
Q6AY80	Q6AY80
Q6AY80	P15559-2
Q6AY80	Q64669
Q6AY80	P05982
Q6AY80	P15559-3
Q6AY80	P15559
Q6AY80	Q9JI75
Q6AY80	P16083
Q68FS1	Q68FS1
Q68FS1	P53384
Q68FS1	Q9R060
Q68FS1	D3ZFQ3
Q68FS1	Q5I0L4
Q68FS1	Q8TB37
Q68FS1	Q9Y5Y2
Q68FS1	Q9R061
Q68FS1	Q9CWD8
Q765A7	Q765A7
Q765A7	Q3UUQ7
Q765A7	Q75T13
Q68FP2	Q68FP2
Q68FP2	P52430
Q68FP2	Q6AXM8
Q68FP2	P55159
Q68FP2	P27169
Q68FP2	Q15165
Q68FP2	Q62086
Q68FP2	Q62087
Q68FP2	Q15166
Q68FP2	Q15165-1
D3Z8K2	D3Z8K2
D3Z8K2	Q9UFE4
D3Z8K2	Q9D5Y1
A0A1B0GUV1	A0A1B0GUV1
Q9H0A3	Q9H0A3
P50579-2	P50579-2
P50579-2	Q3UI33
P50579-2	P38062
P50579-2	O08663
P50579-2	P50579
Q80ZI2	Q80ZI2
Q80ZI2	Q14D33
Q80ZI2	Q9BQQ7
Q80ZI2	Q5QGU6
Q80ZI2	Q9ER80
Q80ZI2	Q96DX8
Q80ZI2	P59025
Q80ZI2	Q8C8C1
Q80ZI2	D4A238
Q80ZI2	Q5QGT7
Q6P0X2	Q6P0X2
Q6P0X2	D4AAR5
Q6P0X2	Q8NB15-1
Q6P0X2	Q6P0X2-2
Q6P0X2	Q8NB15
Q96TA1-2	Q96TA1-2
Q96TA1-2	Q8R1F1
Q96TA1-2	B4F7E8
Q96TA1-2	Q96TA1
Q96TA1-2	Q9ESN0
Q96TA1-2	Q3UW53
Q96TA1-2	Q9BZQ8
Q9H1I8-3	Q9H1I8-3
Q9H1I8-3	NP_001102561
Q9H1I8-3	Q91WR3
Q9H1I8-3	Q9H1I8
P58340-2	P58340-2
P58340-2	Q15773
P58340-2	D3ZCQ9
P58340-2	P58340-3
P58340-2	Q9QWV4
P58340-2	P58340
P58340-2	D3ZPN3
P58340-2	Q99KX1
Q9WV78	Q9WV78
Q9WV78	Q91VC4
Q9WV78	Q9BX97
P18576	P18576
P18576	P23708
P18576	P23511
XP_006544525	XP_006544525
Q5I0E6	Q5I0E6
Q5I0E6	Q8VC34
Q5I0E6	Q8IXW5
Q6NY15	Q6NY15
Q6NY15	Q66GS9
Q6NY15	Q9Z220
Q6NY15	Q9BZW7
Q6NY15	D3ZI35
Q6NY15	Q6P5D4
O95479	O95479
O95479	Q8CFX1
O95479	Q9CQ60
O95479	D4A7D7
O95479	P85971
O95479	P11413-3
O95479	P97324
O95479	O95479-2
O95479	Q00612
O95479	P11413-2
O95479	P11413
O95479	O95336
O95479	P05370
Q32NY8	Q32NY8
Q32NY8	Q9UL49
P62857	P62857
P62857	P62858
P62857	P62859
P09132-3	P09132-3
Q9QYV8	Q9QYV8
Q9QYV8	P54098
Q9QYV8	P54099
XP_001061885	XP_001061885
XP_001061885	P34058
XP_001061885	P08238
XP_001061885	P11499
XP_001061885	Q58FF7
XP_001061885	Q5XHZ0
XP_001061885	Q12931
XP_001061885	Q58FG0
XP_001061885	Q58FF8
XP_001061885	Q14568
XP_001061885	Q58FF6
XP_001061885	Q58FG1
XP_001061885	P46633
XP_001061885	P07901
XP_001061885	Q91XW0
XP_001061885	P41148
XP_001061885	P07900
XP_001061885	P14625
XP_001061885	P08113
XP_001061885	Q9CQN1
XP_001061885	Q58FF4
XP_001061885	Q66HD0
XP_001061885	P07900-2
XP_001061885	Q58FF3
A6NK06	A6NK06
A6NK06	D3ZWM1
A6NK06	P54987
F7F1L0	F7F1L0
F7F1L0	Q6NXE6
F7F1L0	Q8BNU0
XP_001056157	XP_001056157
XP_001056157	Q3UZ18
XP_001056157	Q659A1
Q13576-2	Q13576-2
Q13576-2	F1LW74
Q13576-2	P46940
Q13576-2	D3ZCS4
Q13576-2	XP_341878
Q13576-2	Q3UQP1
Q13576-2	Q9JKF1
Q13576-2	Q3UQ44
Q13576-2	Q13576
Q13576-2	Q86VI3
Q8N726-2	Q8N726-2
Q8N726-2	Q8QZZ9
Q8N726-2	Q8N726
Q8N726-2	Q64364
Q99460-2	Q99460-2
Q99460-2	Q99460
Q99460-2	O88761
Q99460-2	Q3TXS7
Q8WWZ3-2	Q8WWZ3-2
Q8WWZ3-2	Q8WWZ3
Q8WWZ3-2	Q8VHX2
D3Z690-2	D3Z690-2
D3Z690-2	Q1ZYL8
D3Z690-2	D3Z690
A0A1B0GUI7	A0A1B0GUI7
Q4V7B4	Q4V7B4
Q4V7B4	Q9NZ20
Q4V7B4	Q8BZT7
Q4V7B4	Q8NCQ7
Q4V7B4	B0QZF7
Q4V7B4	Q8NCQ7-2
Q4V7B4	D3ZGN6
D3ZK16	D3ZK16
D3ZK16	E9Q286
D3ZK16	Q9Y2F5
XP_002728041	XP_002728041
XP_002728041	A9Q751
XP_002728041	Q4G0U5
D4A1J8	D4A1J8
D4A1J8	Q14244-3
D4A1J8	A2AEY4
D4A1J8	O88735-2
D4A1J8	Q3KQU3-4
D4A1J8	Q14244-4
D4A1J8	Q96T17-5
D4A1J8	Q8C0A6
D4A1J8	XP_010802112
D4A1J8	A2AG50-2
D4A1J8	Q3KQU3
D4A1J8	A2AG50-3
D4A1J8	Q3KQU3-2
D4A1J8	Q8IWC1
D4A1J8	Q8IWC1-3
D4A1J8	Q8IWC1-4
D4A1J8	NP_001099740
D4A1J8	Q96T17
D4A1J8	A2AJI0
D4A1J8	A2AG50
D4A1J8	Q14244-5
D4A1J8	Q96T17-2
D4A1J8	O88735
D4A1J8	Q14244
D4A1J8	NP_001102908
Q6MG62	Q6MG62
Q6MG62	Q9QUM7
Q6MG62	O43196
Q8NCU8	Q8NCU8
Q8NCU8	Q8NCU8-1
Q156A1	Q156A1
Q561R2	Q561R2
Q561R2	Q6PAT0
Q561R2	Q96EY9
P62899-3	P62899-3
P62899-3	P62899
P62899-3	P62900
P62899-3	P62902
P62899-3	P62899-2
Q6NSV7-5	Q6NSV7-5
Q6NSV7-5	Q96BN6
Q6NSV7-5	Q6NSV7
Q6NSV7-5	Q5PQL8
Q6NSV7-5	F1LUX5
Q6NSV7-5	A5PLN7
Q6NSV7-5	Q8CFV2
Q6NSV7-5	Q96BN6-2
Q9C0H9-2	Q9C0H9-2
Q9C0H9-2	A2AQ25
Q9C0H9-2	Q9QWI6
Q9C0H9-2	BAC41473
Q9C0H9-2	Q9QXY2
Q9C0H9-2	XP_001069190
Q9C0H9-2	Q5T5P2
Q9C0H9-2	A2AQ25-2
Q9C0H9-2	B1AQX9
Q9C0H9-2	Q9C0H9
Q9C0H9-2	B1AQX7
Q9C0H9-2	Q5T5P2-3
Q7Z434-4	Q7Z434-4
Q7Z434-4	F1MU42
Q7Z434-4	Q66HG9
Q7Z434-4	Q8VCF0
Q7Z434-4	Q7Z434
Q9BZ98	Q9BZ98
O95411	O95411
Q6PAC4	Q6PAC4
Q6PAC4	A6NGG8
Q9P1Z3	Q9P1Z3
Q9P1Z3	O88705
Q9P1Z3	Q9JKB0
Q9P1Z3	O60741
Q9P1Z3	O70507
Q9P1Z3	Q9JKA8
Q9P1Z3	O88704
Q9P1Z3	Q9Y3Q4
Q9P1Z3	Q9JKA9
Q9P1Z3	Q9JKA7
Q9P1Z3	O88703
Q9P1Z3	Q9UL51
B2GUZ8	B2GUZ8
B2GUZ8	Q7Z769
B2GUZ8	Q6PGC7
Q66JR8	Q66JR8
Q66JR8	P63241-2
Q66JR8	P04550
Q66JR8	P63242
Q66JR8	Q3T1J1
Q66JR8	P63241
Q66JR8	P20962
Q66JR8	Q9D0J8
Q66JR8	Q8BGY2
Q66JR8	Q9GZV4
Q66JR8	Q6IS14
NP_001101856	NP_001101856
NP_001101856	Q9EPK7
NP_001101856	Q9UIA9
NP_001101856	D3ZYN8
NP_001101856	Q99NF8
NP_001101856	Q9H2T7
Q8R034	Q8R034
Q8R034	Q9BS18
P19536	P19536
P19536	P00428
P19536	G1TCZ0
P19536	P12075
P19536	P10606
P19536	Q5S3G4
XP_001066079	XP_001066079
XP_001066079	Q2TB45
XP_001066079	Q3UWX6
XP_001066079	Q8TDM6-4
XP_001066079	NP_001358932
XP_001066079	Q8TDM6
XP_001066079	E9Q9R9
XP_001066079	Q8VCB6
XP_001066079	XP_576885
XP_001066079	Q9D9F7
XP_001066079	XP_001057991
XP_001066079	Q8TDM6-2
XP_001066079	F1MSI9
XP_001066079	XP_001069621
Q8BMB4	Q8BMB4
Q8BMB4	A4D0V7
Q04906	Q04906
Q04906	P17125
Q04906	Q9Z0J6
Q04906	P61812-2
Q04906	O95390
Q04906	P18331
Q04906	P43026
Q04906	O00292
Q04906	P43027
Q04906	P57785
Q04906	O60383
Q04906	O08717
Q04906	Q07105
Q04906	P18075
Q04906	P58166
Q04906	P17491
Q04906	P22004
Q04906	P23359
Q04906	P03971
Q04906	O88959
Q04906	Q8BHE5
Q04906	Q06826
Q04906	P27106
Q04906	P09529
Q04906	Q6KF10
Q04906	P55108
Q04906	Q04999
Q04906	P43028
Q04906	P17246
Q04906	Q9R229
Q04906	Q07257
Q04906	Q9Z217
Q04906	Q9Z1W4
Q04906	O95393
Q04906	O14793
Q04906	Q9NR23
Q04906	Q07258
Q04906	O08689
Q04906	Q07104
Q04906	P55107
Q04906	P49002
Q04906	Q7Z4P5
Q04906	P20722
Q04906	P34820
Q04906	P43029
Q04906	Q96S42
Q04906	P55105
Q04906	Q9WUK5
Q04906	P01137
Q04906	P27539
Q04906	P43021
Q04906	P49000
Q04906	P04202
Q04906	Q9QYW4
Q04906	P08476
Q04906	D4A670
Q04906	Q04998
Q04906	Q5UCE3
Q04906	Q9MZE2
Q04906	Q9WUW1
Q04906	Q9WV56
Q04906	P97737
Q04906	Q9Z0L4
Q04906	Q9UK05
Q04906	O35312
Q04906	O95972
Q04906	O75610
Q04906	Q4AEG6
Q04906	Q9Z0J7
Q04906	Q64280
Q04906	P10600
Q04906	P12645
Q04906	P27090
Q04906	Q99988
Q04906	P05111
Q04906	Q6HA10
Q04906	P55104
Q04906	P12644
Q04906	P49001
Q04906	Q04997
Q04906	P22003
Q04906	Q7Z5Y6
Q04906	P20863
Q04906	P17490
Q04906	P55103
Q04906	P61812
Q04906	P21275
Q04906	P12643
Q04906	P49003
Q04906	P34821
Q04906	P21274
Q04906	D3ZTI5
Q86UW7-2	Q86UW7-2
Q86UW7-2	Q8BYR5-2
Q86UW7-2	Q9ULU8-2
Q86UW7-2	Q9ULU8
Q86UW7-2	Q62717
Q86UW7-2	Q8BYR5
Q86UW7-2	Q80TJ1
Q86UW7-2	Q86UW7
Q86UW7-2	Q9ULU8-4
Q86UW7-2	XP_001060172
Q86V20	Q86V20
Q86V20	Q3UEN2
Q86V20	Q86V20-2
O43482	O43482
O43482	NP_001333352
O43482	A2AQ14
Q3V036	Q3V036
Q3V036	Q2M243
P70699	P70699
P70699	F8VQM5
P70699	Q2M2H8
P70699	D3ZAN3
P70699	Q09030
P70699	P10253
P70699	P04155
P70699	A2AQJ8
P70699	Q07654
P70699	Q08423
P70699	P01359
P70699	P23739
P70699	Q62395
P70699	Q03191
P70699	Q63467
P70699	P14410
P70699	D4A7G5
P70699	Q8BHN3
P70699	Q14697
P70699	B5THE2
P70699	Q8TET4
P70699	O43451
P70699	Q8BVW0
P70699	Q14697-2
P70699	Q6P7A9
P70699	Q03403
P70699	Q8BHN3-2
P70699	Q03404
S4R2K0	S4R2K0
S4R2K0	Q9HBH1
S4R2K0	NP_001388000
Q9JIY0	Q9JIY0
Q9JIY0	Q8K124
Q9JIY0	Q5BJM5
Q9JIY0	Q53GL0
Q9JIY0	D3Z9K4
Q9JIY0	Q8TD55
NP_001132937	NP_001132937
NP_001132937	Q9BXS4
NP_001132937	Q9QY73
NP_001132937	Q5HZE8
NP_001132937	Q9UK28
NP_001132937	Q7TNI2
O95456-2	O95456-2
O95456-2	D4AAH6
O95456-2	Q9JK23
O95456-2	O95456
Q5VT28	Q5VT28
Q8BM93	Q8BM93
O95561	O95561
Q924C9	Q924C9
Q924C9	O70531
Q924C9	P40879
Q924C9	P58743
Q924C9	Q8TE54-2
Q924C9	Q99NH7
Q924C9	D3Z8P6
Q924C9	P58743-2
Q924C9	NP_001385736
Q924C9	Q7LBE3
Q924C9	P58735
Q924C9	Q8BU91
Q924C9	Q9H2B4
Q924C9	Q8NG04
Q924C9	Q9R155
Q924C9	O43511
Q924C9	Q8R2Z3
Q924C9	Q5EBI0
Q924C9	Q8TE54
Q924C9	D3Z9I5
Q924C9	F7F9X9
Q924C9	Q9R154
Q924C9	Q96RN1
Q924C9	Q86WA9
Q924C9	P45380
Q924C9	Q8R0C3
Q924C9	Q80ZD3
Q924C9	Q62273
Q924C9	Q9BXS9
Q924C9	Q7LBE3-2
Q924C9	P50443
Q924C9	Q9BXS9-3
Q924C9	Q9EPH0
Q924C9	Q8CIW6
Q68FS6	Q68FS6
Q68FS6	Q8WU10
Q68FS6	Q3TMV7
P24310	P24310
P24310	P48771
P24310	O60397
P24310	D3ZYX8
P24310	P14406
P24310	P56392
P24310	P07470
P24310	Q61387
P24310	O14548
P24310	P35171
B3KS81	B3KS81
Q9D9I4	Q9D9I4
Q9D9I4	Q96BZ9
Q9D9I4	Q96BZ9-3
Q8CAF4-3	Q8CAF4-3
Q8CAF4-3	Q5HYW2
Q8CAF4-3	Q5HYW2-2
Q8CAF4-3	A2A7S8-2
Q8CAF4-3	NP_001178662
Q8CAF4-3	Q6T4R5
Q8CAF4-3	Q9P206-2
Q8CAF4-3	Q5SYE7-2
Q8CAF4-3	A2A7S8
Q8CAF4-3	Q9P206
Q8CAF4-3	B1AXH1
Q8CAF4-3	B2RXX7
Q8CAF4-3	D4A4H2
Q8CAF4-3	Q8CAF4
Q8CAF4-3	XP_006222895
Q8CAF4-3	D3ZQK5
Q8CAF4-3	Q5SYE7
Q9BWD3	Q9BWD3
Q9BWD3	Q7TN75
Q9BWD3	Q7TN75-2
Q9BWD3	Q3URY0
Q9BWD3	XP_038964526
Q9BWD3	Q6ZR62
Q9BWD3	Q5HYW3
Q9BWD3	Q505G4
Q9BWD3	Q5DTT4
Q9BWD3	Q9D1F0
Q9BWD3	Q32KG4
Q9BWD3	Q17RB0
Q9BWD3	A6ZKI3
Q9BWD3	Q9D6I0
Q9BWD3	Q7M732
Q9BWD3	Q8NET4
Q9BWD3	Q6ICC9
Q9BWD3	Q6P1Y1
Q9BWD3	XP_243381
Q9BWD3	A6NKG5
Q9BWD3	Q86TG7
Q9BWD3	Q7L3V2
Q9BWD3	O95751
Q9BWD3	D3ZH95
Q9BWD3	Q8N8U3
Q9BWD3	Q7TPY9
Q9BWD3	D4A5N6
Q9BWD3	Q86TG7-2
Q8NCC5-3	Q8NCC5-3
Q8NCC5-3	Q8TED4
Q8NCC5-3	D3ZS16
Q8NCC5-3	P57057
Q8NCC5-3	Q8R070
Q8NCC5-3	Q8TED4-2
Q8NCC5-3	Q8NCC5
Q8NCC5-3	Q3TIT8
Q8NCC5-3	Q9WU81
Q8N0V1	Q8N0V1
Q8N8P6	Q8N8P6
A6NC62	A6NC62
Q9GZY1	Q9GZY1
O14603	O14603
Q3TYV2	Q3TYV2
Q3TYV2	C9JL84
D3ZNH2	D3ZNH2
D3ZNH2	A6H702
D3ZNH2	Q5SSI6
D3ZNH2	Q9Y5J1
Q9D6W7	Q9D6W7
Q9D6W7	Q9QX82
Q9D6W7	Q6UWJ8
Q9D6W7	Q04900
Q9D6W7	Q9R0L9
Q64356	Q64356
Q64356	P04812
Q64356	P30933
Q8K0R8	Q8K0R8
XP_003084681	XP_003084681
O60256-4	O60256-4
O60256-4	Q14558-2
O60256-4	Q8C5R8
O60256-4	P21108
O60256-4	P11908
O60256-4	G3UXL2
O60256-4	NP_001009694
O60256-4	P60892
O60256-4	P60891
O60256-4	Q9D7G0
O60256-4	P11908-2
O60256-4	O60256-2
O60256-4	O60256-3
O60256-4	Q8R574
O60256-4	O08618
O60256-4	O60256
O60256-4	Q63468
O60256-4	P09330
O60256-4	Q9CS42
O60256-4	Q14558
O60256-4	Q9D0M1
Q9UBP6-2	Q9UBP6-2
Q9UBP6-2	M0R637
Q9UBP6-2	Q9Z120
Q9UBP6-2	Q9UBP6
Q6IBW4-5	Q6IBW4-5
Q6IBW4-5	Q6IBW4
Q6IBW4-5	Q3SZL8
Q6IBW4-5	Q8BSP2
Q6IBW4-5	Q4V8I2
Q6IBW4-5	Q6IBW4-2
Q6IBW4-5	Q6IBW4-4
B2CXA1	B2CXA1
Q9DAE7	Q9DAE7
Q9DAE7	A0A1B0GVM6
A1A4I1	A1A4I1
A1A4I1	Q08357
A1A4I1	AAB31458
A1A4I1	Q63488
A1A4I1	Q61609
A1A4I1	Q8WUM9
A1A4I1	Q9JJP0
A1A4I1	Q80UP8
A6NEH8	A6NEH8
P25114	P25114
P25114	Q6DTY7
P25114	Q16877
P25114	P70265
P25114	Q6GTL7
P25114	P07953
P25114	P16118
P25114	Q16875-4
P25114	P70266
P25114	P26285
P25114	O35552
P25114	Q9ESY2
P25114	Q16875
P25114	O60825-2
P25114	Q9JJH5
P25114	O60825
Q5RK00	Q5RK00
Q5RK00	Q9EQI8
Q5RK00	Q9H2W6
P01355	P01355
P01355	P06307
P01355	P09240
P27694	P27694
P27694	Q8VEE4
P27694	Q7TP21
Q80UG1	Q80UG1
Q80UG1	Q8N9I5
Q96GS4	Q96GS4
Q96GS4	Q9D6W8
Q96GS4	Q66H43
P54886	P54886
P54886	D3ZIE9
P54886	Q9Z110
Q9D8M4	Q9D8M4
Q9D8M4	NP_001386263
Q9D8M4	P05426
Q9D8M4	O95036
Q9D8M4	P14148
Q9D8M4	Q6DKI1
Q9D8M4	P18124
Q8N5M9	Q8N5M9
Q8N5M9	Q4KM64
Q8N5M9	Q5XKN4
Q64286	Q64286
Q6PDY2	Q6PDY2
Q6PDY2	Q96SZ5
Q9NWZ5	Q9NWZ5
Q9NWZ5	D3ZYQ8
Q9NWZ5	Q96BW1
Q9NWZ5	Q9BZX2
Q9NWZ5	B5DF24
Q9NWZ5	Q9HA47
Q9NWZ5	P52623
Q9NWZ5	Q91YL3
Q9NWZ5	D4ABC7
Q9NWZ5	B1AVZ0
Q9NWZ5	Q9HA47-3
Q9NWZ5	Q9HA47-4
Q9NWZ5	Q9QYG8
Q9NWZ5	Q99PM9
Q6P582	Q6P582
Q6P582	D4AA02
Q6P582	Q6NZ67
Q6P582	Q9CQ25
Q99633	Q99633
Q99633	Q8BM39
Q99633	Q9JKB8
Q8TCG1	Q8TCG1
Q8TCG1	Q8BWY9
Q8TCG1	D3ZF50
Q6P9F0	Q6P9F0
Q6P9F0	E9PVD1
Q3U466	Q3U466
Q3U466	Q9NWW5-2
Q3U466	Q9NWW5
Q8IYQ7	Q8IYQ7
Q8IYQ7	Q5BK42
Q8IYQ7	Q8BH55
Q8IWG1	Q8IWG1
Q8IWG1	NP_001128208
Q8IWG1	B2RY71
A2RTF1	A2RTF1
A2RTF1	Q9H7T0
Q8WU43	Q8WU43
Q5SWW7	Q5SWW7
A6NGG3	A6NGG3
Q96MF4	Q96MF4
Q8C5S3	Q8C5S3
Q8C5S3	Q8N5N4
Q8WVI0	Q8WVI0
Q8WVI0	Q8C1Q6
Q8WVI0	XP_341398
Q96GX2	Q96GX2
Q96GX2	Q14CW9-2
Q96GX2	Q3UD01
Q96GX2	D3ZFQ1
Q96GX2	D4A5H7
Q96GX2	A2AWT3
Q96GX2	Q14CW9
Q80H93	Q80H93
Q8NAJ2	Q8NAJ2
P00157	P00157
P00157	P00156
P00157	P00158
P00157	P00159
Q6UXQ8	Q6UXQ8
P59942	P59942
Q5SXG7	Q5SXG7
Q5SXG7	Q7Z5L0
C9JFL3	C9JFL3
C9JFL3	Q8K0G7
D6MZJ6	D6MZJ6
D6MZJ6	Q9NY59
D6MZJ6	Q9JJY3
D6MZJ6	D3ZL06
D6MZJ6	O35049
Q68FV2	Q68FV2
Q68FV2	Q8N6S5
Q68FV2	Q8BH07
Q6GV28	Q6GV28
Q6GV28	Q6GV27
Q6GV28	Q9D9S2
P0C5K7	P0C5K7
Q9CQA1	Q9CQA1
Q9CQA1	B0BNE3
Q9CQA1	Q8IUR0
Q6UXA7	Q6UXA7
Q6UXA7	Q8BM15
P56851	P56851
P56851	Q14507
P56851	Q8K0E4
Q9CPR5	Q9CPR5
Q9CPR5	A0A0G2K9B4
Q9CPR5	Q0VC21
Q9CPR5	Q9P015
XP_001073552	XP_001073552
Q9Y2R0	Q9Y2R0
Q9Y2R0	D3Z9I1
Q9Y2R0	Q9D2R6
Q80X86	Q80X86
Q80X86	B0BNC7
Q80X86	Q5T9G4
Q8CH62	Q8CH62
Q8CH62	Q8WV07
Q9Y4X3	Q9Y4X3
Q9Y4X3	Q9NRJ3
Q9Y4X3	Q9Z1X0
Q9Y4X3	Q9JIL2
Q9DD06	Q9DD06
Q9DD06	Q99969
Q9DB76	Q9DB76
Q9DB76	Q5U1W7
Q9DB76	Q9Y3B6
Q9DB76	O70378
Q9DB76	Q5FVL2
Q9DB76	O43402
Q0VG73	Q0VG73
Q76MT4	Q76MT4
Q76MT4	Q3V1V3
Q76MT4	Q9H501
H3BMG3	H3BMG3
Q8C3H7	Q8C3H7
P22629	P22629
P0CG08	P0CG08
P0CG08	B7ZAQ6
P0CG08	Q8BS95
P0CG08	F1LTD0
Q6NSI4-4	Q6NSI4-4
Q6NSI4-4	Q6NSI4
Q6NSI4-4	Q8C779
Q6NSI4-4	B2GV47
Q3T1K9	Q3T1K9
Q3T1K9	Q9CQM0
Q3T1K9	Q9BSH3
D4A6Y1	D4A6Y1
D4A6Y1	Q8BMA5
D4A6Y1	Q14207
Q8BPA5	Q8BPA5
Q71RC9	Q71RC9
Q71RC9	Q8BT42
Q5XI03	Q5XI03
Q5XI03	Q96GE4
Q5XI03	Q8BVV7
P60467	P60467
P60467	P60468
P60467	B2RZD1
P60467	Q9CQS8
Q9Y2V7	Q9Y2V7
Q9Y2V7	Q68FP9
Q9Y2V7	Q8R3I3
Q9BSE5	Q9BSE5
Q9BSE5	Q0D2L3
Q9BSE5	A2AS89
Q9JJB9	Q9JJB9
Q9JJB9	Q68FS7
Q9JJB9	Q8IXX5
Q9JJB9	Q1AE95
Q3TQF0	Q3TQF0
Q3TQF0	B2RYN2
Q3TQF0	Q5XUX0
Q8VCN5	Q8VCN5
Q8VCN5	P18757
Q8VCN5	P32929
Q96DY2	Q96DY2
Q96DY2	Q9D3V1
Q96DY2	Q5XIR6
P70274	P70274
P70274	P49908
P70274	P25236
Q8CB19	Q8CB19
Q8CB19	Q8N3S3
Q8CB19	F1M8G0
Q8CB19	Q9QZ09
Q8CB19	Q9UMS5
O75031	O75031
O75031	XP_574729
O75031	Q9D4G2
Q9BXC9	Q9BXC9
Q9BXC9	Q99MH9
Q9BXC9	Q9CWF6
Q96M20	Q96M20
Q96M20	Q96M20_VAR_P375S
Q96M20	Q9D5U8
Q96HA9	Q96HA9
Q96HA9	Q6P6M5
Q9H1C7	Q9H1C7
Q9H1C7	Q8K353
Q8R138	Q8R138
Q8R138	Q4V9L6
Q8R138	B2RYL3
Q63068	Q63068
Q63068	Q9H814
Q63068	Q9JJT9
Q8R2K4	Q8R2K4
Q8R2K4	Q9Y6J9
Q8R2K4	B5DF37
Q969T9	Q969T9
Q969T9	Q6ICG8
Q969T9	Q9D529
Q969T9	Q8R478
Q969T9	P97765
Q5BJN1	Q5BJN1
Q5BJN1	Q9JMD3
Q5BJN1	Q9Y365
A0A0U1RQ45	A0A0U1RQ45
A0A0U1RQ45	A0A0U1RQS6
Q32M21-2	Q32M21-2
Q32M21-2	Q9BYG8
Q32M21-2	Q8TAX9-1
Q32M21-2	Q99NB5
Q32M21-2	D3ZK05
Q32M21-2	Q9D8T2
Q32M21-2	P57764
Q32M21-2	Q32M21
Q32M21-2	Q3TR54
Q32M21-2	Q8CB12
Q32M21-2	Q96QA5
Q32M21-2	XP_984438
Q32M21-2	Q2KHK6
Q32M21-2	Q0ZLH3
Q32M21-2	Q9EST1
Q32M21-2	P85967
Q32M21-2	Q0ZLH2
Q32M21-2	Q8TAX9
Q32M21-2	D3ZA32
Q32M21-2	Q5Y4Y6
Q32M21-2	Q9Z2D3
Q32M21-2	F1MAG0
Q32M21-2	O60443
B1B213	B1B213
B1B213	Q3TDZ7
B1B213	B1B212
P0DP42	P0DP42
E1BP16	E1BP16
E1BP16	A9Z1X7
E1BP16	A2A8V9
E1BP16	Q52KI8
E1BP16	Q8IYB3
E1BP16	Q52KI8_VAR_S768T
E1BP16	Q8IYB3-2
E1BP16	B2RYB3
Q62809	Q62809
Q62809	P97466
Q62809	Q13253
A0A0U1RRL7	A0A0U1RRL7
D4A7U2	D4A7U2
D4A7U2	Q8N187
D4A7U2	Q8VHI4
O35458	O35458
O35458	O35633
O35458	Q9H598
Q9Y2A0	Q9Y2A0
Q9EQY6	Q9EQY6
Q9EQY6	Q9H3S5
Q9EQY6	Q8C2R7
XP_038943200	XP_038943200
XP_038943200	A0A0U1RR11
XP_038943200	P0DPI3
XP_038943200	Q9CXS4
XP_038943200	Q7Z7K6
XP_038943200	A0A0U1RRI6
XP_038943200	Q7Z7K6-3
Q80YV3	Q80YV3
Q80YV3	Q9Y4A5-2
Q80YV3	D3ZGS2
Q80YV3	Q9Y4A5
Q80YV3	E9QLK7
XP_006247917	XP_006247917
XP_006247917	Q8BHF7
XP_006247917	Q32NB8
A0A455ZAR2	A0A455ZAR2
F1LR76	F1LR76
F1LR76	Q8WVB3
F1LR76	Q3U4H6
F1LR76	Q8WVB3-2
P97760	P97760
P97760	Q5EB90
P97760	Q5RJK9
P97760	P52432
P97760	O15160
P97760	P19387
Q6UX40	Q6UX40
Q6UX40	Q9CPV0
Q6UX40	D3ZFW5
Q9CQM2	Q9CQM2
Q9CQM2	Q5U305
Q9CQM2	P33947
Q9CQM2	Q569A6
Q9CQM2	Q99JH8
Q9CQM2	P24390
Q9CQM2	O43731
Q9CQM2	Q8R1L4
Q9CQM2	B1WC77
P14115	P14115
P14115	P18445
P14115	P46776
P14115	XP_001073402
P14115	D3ZI60
Q9DB91	Q9DB91
Q9DB91	Q9NX70
Q9DB91	D4A108
Q8BLC3	Q8BLC3
Q8BLC3	Q8N2G4
Q8BLC3	Q66H42
Q8BLC3	Q8N2G4-2
Q703I1	Q703I1
Q703I1	Q9D722
Q703I1	Q9NX31
O70302	O70302
O70302	O60543
O70302	P56198
O70302	O54786
O70302	O00273
O70302	Q5XI33
O70302	O54786-2
O70302	O00273-2
O70302	O70303
O70302	Q9UHD4
O70302	Q498U6
O70302	Q96AQ7
Q505D7	Q505D7
Q505D7	Q9H6K4
Q505D7	Q9H6K4-2
P07321	P07321
P07321	P29676
P07321	P01588
Q8NHQ1	Q8NHQ1
Q8NHQ1	Q6IQY5
Q8NHQ1	Q5PQQ9
Q96GX8	Q96GX8
Q96GX8	Q8K1L6
Q63472	Q63472
Q63472	Q9EPI9
Q63472	Q9R1T9
Q63472	Q9WVJ0
Q63472	O54853
Q63472	Q9ULD8
Q63472	Q32ME0
Q63472	O54852
Q63472	Q9NS40
Q63472	O35219
Q63472	Q96L42
Q63472	P59111
Q63472	Q9H252
Q63472	Q12809-2
Q63472	Q920E3
Q63472	A2A5F7
Q63472	Q9UQ05
Q63472	Q8NCM2
Q63472	Q9QWS8
Q63472	O08962
Q63472	Q12809
Q63472	Q12809_VAR_014388
Q63472	Q60603
Q63472	O95259
Q63472	O89047
Q63472	Q9ER47
Q9H668	Q9H668
Q9H668	Q6AYD2
Q9H668	Q8K2X3
Q9CWQ0	Q9CWQ0
Q9CWQ0	Q9H2P9-5
Q9CWQ0	Q569A7
Q9CWQ0	Q9H2P9
Q8VE88	Q8VE88
Q8VE88	XP_220442
Q8VE88	D4A777
Q8VE88	E1BFB9
Q8VE88	Q8IWE2
Q8VE88	Q9D281
Q8VE88	Q9NRY5
Q9NRX2	Q9NRX2
Q9NRX2	Q9D8P4
Q9NRX2	Q6PDW6
Q9CQ45	Q9CQ45
Q9CQ45	O15173-2
Q9CQ45	O55022
Q9CQ45	Q6AY62
Q9CQ45	P70580
Q9CQ45	Q8WUJ1
Q9CQ45	Q80UU9
Q9CQ45	Q5XIU9
Q9CQ45	O15173
Q9CQ45	Q5SSH8
Q9CQ45	Q6IUR5
Q9CQ45	Q9UMX5
Q9CQ45	Q95250
Q9CQ45	O00264
Q9Y3E5	Q9Y3E5
Q9Y3E5	Q5XI86
Q9Y3E5	Q8R2Y8
J3QNH8	J3QNH8
J3QNH8	A1L170
J3QNH8	A1L170-2
J3QNH8	D4A2R8
Q9ER30	Q9ER30
Q9ER30	NP_001101665
Q9ER30	A2AUC9
Q9ER30	O60662
Q9ER30	Q9D783
Q9ER30	Q2TBA0
Q9ER99	Q9ER99
Q9ER99	Q92681
Q9ER99	Q29106
O54697	O54697
O54697	Q04609
O54697	Q7M758
O54697	Q9UQQ1
O54697	Q9HBA9
O54697	B2GUY2
O54697	Q6IRK9
O54697	Q9UQQ1-4
O54697	Q9Y646
O54697	Q9WVJ3
O54697	Q99376
O54697	Q9JKX3
O54697	P02786
O54697	Q9Y3Q0
O54697	Q9CZR2
O54697	Q9UP52
O54697	O35409
O54697	P70627
O54697	Q62351
Q8N123	Q8N123
Q8N123	Q3V0P1
Q641X9	Q641X9
Q641X9	Q9BYD2
Q641X9	Q2TBK2
Q641X9	Q99N94
B2RBV5	B2RBV5
B2RBV5	Q9Y605
B2RBV5	Q5M820
B2RBV5	Q9CQL7
B2RBV5	Q96HT8
B2RBV5	XP_619467
P10168	P10168
P10168	P56478
P10168	P13232
Q9QYK3	Q9QYK3
Q9QYK3	Q96F24
Q9QYK3	Q8VCQ3
Q8IY50	Q8IY50
Q8IY50	Q8IY50-2
Q8IY50	Q1LZI2
Q8IY50	A4IF30
Q8IY50	Q8BZK4
P10242-11	P10242-11
P10242-11	Q5SXM2
P10242-11	Q6A068
P10242-11	Q8CE22
P10242-11	Q9Y222
P10242-11	P10243-2
P10242-11	F1M9K6
P10242-11	O08837
P10242-11	D3ZF01
P10242-11	Q66HG1
P10242-11	D3ZLC6
P10242-11	P48972
P10242-11	P10244
P10242-11	P06876
P10242-11	P51960
P10242-11	P10242
P10242-11	Q99459
P10242-11	P10243
P10242-11	P10242-4
P10242-11	P01103
P10242-11	Q8BP86
P10242-11	D4A3C9
P04578	P04578
Q96MW1-2	Q96MW1-2
Q96MW1-2	Q5BK07
Q96MW1-2	Q9CR29
Q96MW1-2	Q96MW1
Q3UTM7	Q3UTM7
Q9P0R6	Q9P0R6
Q9P0R6	Q5PPI3
Q9P0R6	Q8BGR8
XP_001480095	XP_001480095
Q8IX90-3	Q8IX90-3
Q8IX90-3	B2GUZ2
Q8IX90-3	Q8C263
Q8IX90-3	Q8IX90
Q9Z224	Q9Z224
Q9Z224	O96033
Q3V2N7	Q3V2N7
Q3V2N7	Q8R043
Q3V2N7	Q9UK00
Q3V2N7	Q8BGK9
Q3V2N7	Q86T20
Q86SH4	Q86SH4
Q9UIG5	Q9UIG5
Q5T871	Q5T871
Q5T871	Q9DAE3
Q5VT33	Q5VT33
B2RVY9	B2RVY9
B2RVY9	Q6ZP80
Q6ZMV7	Q6ZMV7
Q6ZMV7	NP_001160131
Q6ZMV7	F1M8S9
Q6ZMV7	J3KP02
Q13683-7	Q13683-7
Q13683-7	Q00651
Q13683-7	P13612
Q13683-7	A0A0G2K1E2
Q13683-7	B8JK39
Q13683-7	P06756
Q13683-7	Q13797
Q13683-7	Q8R2H5
Q13683-7	O70362
Q13683-7	B5DEG1
Q13683-7	Q9QUM0
Q13683-7	P80108
Q13683-7	P80109
Q13683-7	A2ARA8
Q13683-7	Q61739-2
Q13683-7	P53708
Q13683-7	P23229
Q13683-7	P23229-2
Q13683-7	Q13683
Q13683-7	NP_001101207
Q13683-7	Q62470
Q13683-7	P26006
Q13683-7	P23229-6
Q13683-7	P11688
Q13683-7	Q924W2
Q13683-7	P08648
Q13683-7	Q61739
Q13683-7	F1LZX9
Q13683-7	P26006-1
Q13683-7	Q6EIY7
Q13683-7	P08514
Q13683-7	Q13683-3
Q13683-7	Q63258
Q13683-7	Q61738
Q13683-7	P43406
Q13683-7	P06756-2
Q13683-7	NP_001101762
Q8WWA1-2	Q8WWA1-2
Q8WWA1-2	XP_001059205
Q8WWA1-2	Q8WWA1
Q8WWA1-2	Q4FJU9
D3ZVN1	D3ZVN1
D3ZVN1	A2RUU4
D3ZVN1	P04118
D3ZVN1	Q9CQC2
D3ZVN1	Q6UWE3
D3ZVN1	A6NCL2
D3ZVN1	Q3UW21
D3ZVN1	Q3URS3
D3ZVN1	P17084
D3ZVN1	P02703
Q3T1H8	Q3T1H8
Q3T1H8	Q9D709
Q3T1H8	Q9BSE2
A0A5F9ZH02	A0A5F9ZH02
Q9Z0K6	Q9Z0K6
Q9Z0K6	O75711
Q9Z0K6	O88745
Q4V8B8	Q4V8B8
Q4V8B8	Q53H54
Q4V8B8	Q8BG71
A0A024R4G0	A0A024R4G0
Q9WVS2	Q9WVS2
Q9WVS2	Q9NPF4
Q9WVS2	Q8BWU5
Q6ZR08-3	Q6ZR08-3
Q6ZR08-3	XP_003688820
Q6ZR08-3	Q6ZR08-4
Q6ZR08-3	Q6ZR08
Q6ZR08-3	Q0VDD8
Q6ZR08-3	Q2KML4
Q6ZR08-3	Q0VDD8-3
Q6ZR08-3	E9PU24
Q6ZR08-3	B1AR51
Q6ZR08-3	XP_008759046
Q6ZR08-3	XP_213354
Q6ZR08-3	Q8VHE6
Q6ZR08-3	Q8TE73
Q6ZR08-3	Q8WXX0
Q6ZR08-3	E9Q0T8
Q6ZR08-3	XP_003085641
Q6ZR08-3	XP_342710
Q6ZR08-3	P0C6F1
Q6ZR08-3	Q3V0Q1
Q6ZR08-3	E9Q8T7
Q6ZR08-3	E9Q0B6
Q6ZR08-3	F1LRU2
Q6ZR08-3	D3YYQ8
Q6ZR08-3	Q63164
Q6ZR08-3	Q9P2D7
Q6ZR08-3	Q8BW94
Q6ZR08-3	Q96JB1
Q6ZR08-3	Q9P225
Q6ZR08-3	Q9P225-2
Q6ZR08-3	Q91XQ0
Q6ZR08-3	Q0VDD8-4
Q6ZR08-3	M0RAB9
Q6ZR08-3	XP_001065872
Q6ZR08-3	XP_001078937
Q6ZR08-3	Q923J6
Q6ZR08-3	Q9QZH1
Q6ZR08-3	Q9NYC9
Q6ZR08-3	Q9UFH2
Q6ZR08-3	Q63170
Q6ZR08-3	Q96DT5
Q6ZR08-3	Q69Z23
Q6ZR08-3	XP_001079121
Q6ZR08-3	F1MAM6
Q6ZR08-3	Q8IVF4
Q6ZR08-3	Q9C0G6
Q6ZR08-3	L7N1Y0
Q6ZR08-3	Q8TD57
Q6ZR08-3	NP_001297264
D4AA11	D4AA11
D4AA11	Q13503
D4AA11	Q9CQ39
Q2MCP5	Q2MCP5
Q2MCP5	Q9CR39
Q2MCP5	B2RYM2
Q2MCP5	Q5I0C9
Q2MCP5	Q9Y4P8-5
Q2MCP5	Q9Y484-3
Q2MCP5	Q5MNZ6
Q2MCP5	Q8R2N2
Q2MCP5	Q9Y484-2
Q2MCP5	Q969X6
Q2MCP5	Q6AY57
Q2MCP5	Q80W47
Q2MCP5	Q5MNZ9
Q2MCP5	Q9Y484
Q2MCP5	Q8R3E3
Q2MCP5	Q91VM3
Q2MCP5	Q9Y4P8
Q2MCP5	Q5U2Y0
G3V965	G3V965
G3V965	Q9D1E8
G3V965	Q9NUQ2
P0DJF2	P0DJF2
P0DJF2	Q6UWS5
Q9CWH4	Q9CWH4
Q9CWH4	Q7Z4M0
Q6DG52	Q6DG52
Q6DG52	B5DER2
Q6DG52	Q8WUH1-1
Q6DG52	Q8WUH1
P0C8K7	P0C8K7
P0C8K7	F1M654
P0C8K7	B2RUZ4
Q8BT51	Q8BT51
Q8BT51	B0K013
Q8BT51	Q9NYJ1-2
Q8BT51	Q9NYJ1
P0DJI6	P0DJI6
Q96IT6	Q96IT6
P56555	P56555
P49901	P49901
Q8N1Y9	Q8N1Y9
Q9BR46	Q9BR46
Q6AWC8	Q6AWC8
Q9DCI9	Q9DCI9
Q9DCI9	D4AEG6
Q9DCI9	Q9BYC8
A6NJ69	A6NJ69
A6NFY7	A6NFY7
A6NFY7	B0K036
A6NFY7	Q3U276
Q8N9X5	Q8N9X5
Q9WV96	Q9WV96
Q9WV96	Q9R1B1
Q9WV96	P62072
Q9WV96	P62074
Q9WV96	P62073
Q9WV96	Q9Y5J7
Q9WV96	Q9WV98
Q9WV96	Q9WV97
Q9WV96	Q9Y5J6
O88618	O88618
O88618	O95954
O88618	Q91XD4
O88618	O95954-2
NP_001100101	NP_001100101
NP_001100101	Q06330
NP_001100101	P31266
NP_001100101	Q9UBG7
NP_001100101	O08674
NP_001100101	Q06330-7
D0EPY3	D0EPY3
Q8JZL3	Q8JZL3
Q8JZL3	Q8CGV7
Q8JZL3	Q9BU02
Q9ESK9	Q9ESK9
Q9ESK9	Q8TDY2-2
Q9ESK9	D3ZHK4
Q9ESK9	Q8TDY2
O88522	O88522
O88522	Q6TMG5
O88522	Q9Y6K9-2
O88522	Q8K3K8
O88522	Q96CV9
O88522	Q96CV9-2
O88522	Q8R5M4
O88522	Q9Y6K9
Q9CQS5	Q9CQS5
Q9CQS5	Q9BVS4
Q9CQS5	Q5I0I1
P17181	P17181
P17181	P33896
Q9Z0F6	Q9Z0F6
Q9Z0F6	Q99638
Q9Z0F6	Q6WBX7
Q9Z0F6	Q6WBX8
Q9Z0F6	Q499V3
Q9Z0F6	D3ZXM2
P60192	P60192
P60192	Q9Z266
P60192	O95295
P97813	P97813
P97813	Q9Z280-2
P97813	P70496-2
P97813	O14939
P97813	P70498
P97813	Q13393-2
P97813	Q9Z280
P97813	P70496
P97813	Q13393
O55201	O55201
O55201	O00267-2
O55201	O00267
O55201	NP_001100967
P97480	P97480
P97480	Q9Z191
P97480	NP_001402793
P97480	O95677
P97480	O95677-2
P97480	Q99502
P97480	P97767
P97480	Q99504
P97480	O00167
P97480	O08575
P97480	D3ZVI5
A0A0G2K6D5	A0A0G2K6D5
A0A0G2K6D5	Q5JRX3
A0A0G2K6D5	Q8K411
A0A0G2K6D5	Q5JRX3-2
Q9Y253	Q9Y253
Q9Y253	B2RYH3
Q9Y253	Q9QUG2
Q9Y253	Q6R3M4
Q9Y253	Q9UNA4
Q9Y253	Q9JJN0
Q9Y253	Q9UBT6
Q9H9P8	Q9H9P8
Q9H9P8	D3ZVS2
Q9H9P8	Q91YP0
Q5H943	Q5H943
Q9CR25	Q9CR25
Q9CR25	Q568Y2
Q9CR25	Q9BQC3
Q9C0C6	Q9C0C6
Q9C0C6	D4A489
Q9C0C6	Q8R0W1
Q8N6K0	Q8N6K0
Q8N6K0	Q6AXY3
Q8N6K0	Q9DA77
D4A133	D4A133
D4A133	P50516
D4A133	P38606
M0RAB5	M0RAB5
M0RAB5	C9J069
M0RAB5	A2AJA9
Q91ZJ0	Q91ZJ0
Q91ZJ0	Q4KM32
Q91ZJ0	Q96NY9
Q3U6N9	Q3U6N9
Q3U6N9	D3ZDG0
Q3U6N9	Q9H7E9-2
Q3U6N9	Q9H7E9
Q9NQZ7	Q9NQZ7
Q9NQZ7	Q3TCT4
Q9NQZ7	Q9DBT4
Q9NQZ7	Q9Y227
Q6A000	Q6A000
Q6A000	D3ZNS7
Q6A000	Q2KHM9
Q15822	Q15822
Q15822	P23979
Q15822	P02716
Q15822	Q70Z44-4
Q15822	P36544
Q15822	A5X5Y0
Q15822	P30532
Q15822	P22770
Q15822	Q70Z44-2
Q15822	P49582
Q15822	Q05941
Q15822	P02714
Q15822	P02718
Q15822	P12389
Q15822	P20420
Q15822	P25110
Q15822	Q9JLB5
Q15822	P46098
Q15822	P02708
Q15822	P04756
Q15822	Q05901
Q15822	P25109
Q15822	P04757
Q15822	Q07001
Q15822	G3X8Z7
Q15822	Q8BMN3
Q15822	Q8R4G9
Q15822	Q9UGM1
Q15822	P30926
Q15822	P12392
Q15822	A5X5Y0-3
Q15822	P32297
Q15822	Q8R493
Q15822	Q2MKA5-2
Q15822	Q2MKA5
Q15822	Q9GZZ6
Q15822	P12391
Q15822	B2RX82
Q15822	P43143
Q15822	Q9R0W9
Q15822	Q15825
Q15822	Q494W8
Q15822	P18916
Q15822	Q91X60
Q15822	Q70Z44
Q15822	P04760
Q15822	P17787
Q15822	P09483
Q15822	P07510
Q15822	Q9ERK7
Q15822	Q04844
Q15822	Q9JJ16
Q15822	O70174
Q15822	P20782
Q15822	P12390
Q15822	P09660
Q15822	P43681
Q15822	O70212
Q15822	Q9JHJ5
Q15822	P09690
Q15822	NP_075219
Q15822	XP_002684939
Q15822	Q8WXA8
Q15822	P35563
Q15822	O95264
Q15822	P11230
Q15822	P25108
Q15822	NP_001179437
Q6P5S2	Q6P5S2
Q6P5S2	Q8C6C9
Q5VIR6-1	Q5VIR6-1
Q5VIR6-1	Q5VIR6
Q5VIR6-1	NP_001099283
Q5VIR6-1	Q8CCB4
NP_001101883	NP_001101883
NP_001101883	Q91WE6
NP_001101883	Q5VV42
NP_001129180	NP_001129180
NP_001129180	E9Q7L1
NP_001129180	Q14146
A0A1B0GU33	A0A1B0GU33
Q642A9	Q642A9
Q642A9	Q920Q4
Q642A9	Q9H269
B2RZB6	B2RZB6
B2RZB6	O95777
B2RZB6	Q6ZWM4
B2RZB6	P62322
B2RZB6	Q9Y4Y9
B2RZB6	D3ZBJ0
B2RZB6	B5DES0
B2RZB6	P62316
B2RZB6	P62317
B2RZB6	P62312
B2RZB6	P62313
B2RZB6	D3ZG07
B2RZB6	D4AAT4
B2RZB6	P62306
B2RZB6	P62307
B2RZB6	B2RZB7
B2RZB6	P62315
B2RZB6	P62314
B2RZB6	P62308
B2RZB6	B5DEP7
B2RZB6	P62309
B2RZB6	P62310
B2RZB6	P62311
B2RZB6	D4A7U6
B2RZB6	O35900
B2RZB6	Q9Y333
B2RZB6	B3KVR1
B2RZB6	P63164
B2RZB6	P63163
B2RZB6	P63162
B2RZB6	P62304
B2RZB6	P62305
B2RZB6	NP_001258166
B2RZB6	P62318
B2RZB6	M0R907
B2RZB6	P62320
B2RZB6	A8MWD9
B2RZB6	Q9UK45
B2RZB6	O15116
B2RZB6	P27048
B2RZB6	P14678-2
B2RZB6	D4A2C6
B2RZB6	P14678
B2RZB6	Q6MG66
B2RZB6	Q8QZX5
B2RZB6	Q969L4
B2RZB6	Q8VC85
B2RZB6	P14678-3
B2RZB6	Q9CQQ8
B2RZB6	D4A2D8
B2RZB6	D3ZWB1
B2RZB6	Q9Y4Z0
B2RZB6	Q9QXA5
B2RZB6	P17136
B2RZ57	B2RZ57
B2RZ57	Q9H0U6
B2RZ57	Q9CQL5
B2RZ57	Q3ZBR7
D3ZML4	D3ZML4
D3ZML4	Q9H4I3
D3ZML4	Q99JY4
A0A1B0GTI1	A0A1B0GTI1
O15172	O15172
O15172	Q99LS3
O15172	P78330
O15172	Q5M819
Q5XIR8	Q5XIR8
Q5XIR8	Q8NHS4
Q5XIR8	Q5M6W3
Q5XIR8	P53675
Q5XIR8	F6Z1R4
Q5XIR8	P11442
Q5XIR8	Q68FD5
Q5XIR8	Q00610
Q5XIR8	Q00610-2
P52504	P52504
P52504	P52503
P52504	O75380
B0BNL4	B0BNL4
B0BNL4	Q9D8M3
B0BNL4	Q6P1K1
Q5M840	Q5M840
Q5M840	P27469
Q5M840	Q61585
Q5M886	Q5M886
Q5M886	Q3LIE5
Q5M886	Q99KS6
Q6AXS4	Q6AXS4
Q6AXS4	O75787
Q6AXS4	Q9CYN9
Q7TSN4	Q7TSN4
Q7TSN4	Q7Z7B1
Q7TSN4	Q8C398
Q5BMD4	Q5BMD4
Q5BMD4	Q8K2F3
Q5BMD4	Q9NTK1
Q99JA8	Q99JA8
Q99JA8	Q9NPG2
Q99JA8	Q9ER97
B0BN48	B0BN48
B0BN48	O35207
B0BN48	O14519
B0BN48	O75956
B0BN48	Q9CPY4
A2A8T7	A2A8T7
A2A8T7	Q6PEX7
Q5F267	Q5F267
Q5F267	Q8NBR0
Q5F267	B0BN44
P34896-2	P34896-2
P34896-2	P34897
P34896-2	Q5U3Z7
P34896-2	P50431
P34896-2	P34896
P34896-2	Q6TXG7
P34896-2	Q9CZN7
P34896-2	P34897-2
P34896-2	P34897-3
Q80VT5	Q80VT5
Q8R395	Q8R395
Q8R395	Q9ERR2
Q8R395	Q9GZQ3
O55013	O55013
O55013	Q5U1Z2
O55013	Q5T215
O55013	O43617
O55013	Q4KL14
P56393	P56393
P56393	P13183
P56393	Q8TF08
P56393	P80431
P56393	P24311
Q24JP3	Q24JP3
Q24JP3	Q8IX21
Q24JP3	B1H226
Q24JP3	Q8IXR5
Q24JP3	D3ZF72
Q24JP3	Q6P9P0
Q24JP3	Q8IX21-2
D4A8N2	D4A8N2
D4A8N2	P00257
D4A8N2	P46656
D4A8N2	P10109
D4A8N2	P24483
D4A8N2	Q9CPW2
D4A8N2	Q6P4F2
Q7TPD2	Q7TPD2
Q7TPD2	Q8N0U4
Q9Z324	Q9Z324
Q9Z324	Q9Z325
Q9Z324	O94777
Q5UBV8	Q5UBV8
Q5UBV8	O14788
Q5UBV8	O35235
Q5UBV8	O43557
Q5UBV8	P01375
Q5UBV8	Q9QYH9
Q5UBV8	Q06332
Q5UBV8	P06804
Q5UBV8	Q8K3G0
Q5UBV8	P09225
Q5UBV8	P50591
Q5UBV8	P41274
Q5UBV8	P50592
Q5UBV8	P41273
Q5UBV8	P16599
Q5UBV8	Q06643
Q5UBV8	P29965
Q5UBV8	P41155
Q5UBV8	P41047
Q5UBV8	Q8K3Y7
Q5UBV8	P36940
Q5UBV8	P27548
Q5UBV8	O95150
Q5UBV8	Q6UY13
Q5UBV8	P48023
Q5UBV8	Q9ESE2
Q5UBV8	P01374
Q5UBV8	Q9Z2V2
Q9JHH2	Q9JHH2
Q9JHH2	Q96QS1
C9J3I9	C9J3I9
Q9NVD7-2	Q9NVD7-2
Q9NVD7-2	Q9HBI1
Q9NVD7-2	Q9ERD8
Q9NVD7-2	Q9HBI0
Q9NVD7-2	Q9HBI1-2
Q9NVD7-2	Q9EPC1
Q9NVD7-2	Q9HB97
Q9NVD7-2	D3ZKG5
Q9NVD7-2	Q9NVD7
Q9NVD7-2	Q9ES46
Q5PQR5	Q5PQR5
Q5PQR5	Q8VHZ7
Q5PQR5	Q5RJS9
Q5PQR5	Q96G21
Q5PQR5	Q9H9Y2
Q5PQR5	Q7TND5
Q6AY52	Q6AY52
Q6AY52	Q8IZ16
B5DFJ7	B5DFJ7
B5DFJ7	F1LQ83
B5DFJ7	Q9NQ34
B5DFJ7	Q9JJR8
B5DFJ7	Q9P0T7
B5DFJ7	Q9CR23
F1LX91	F1LX91
F1LX91	Q8NE09
F1LX91	G3UYX5
Q6ZPB5	Q6ZPB5
D4A261	D4A261
D4A261	Q5SUQ9-2
D4A261	Q5SUQ9
D4A261	Q2NKJ3
Q641Y2	Q641Y2
Q641Y2	Q91WD5
Q641Y2	O75306
Q5TDH0-2	Q5TDH0-2
Q5TDH0-2	Q4V8J5
Q5TDH0-2	Q5TDH0-3
Q5TDH0-2	A2ADY9
Q5TDH0-2	Q8WTU0
Q5TDH0-2	Q9DAF3
Q5TDH0-2	A0JPP7
Q5TDH0-2	Q5TDH0
Q4FZB7-2	Q4FZB7-2
Q4FZB7-2	P0C2N6
Q4FZB7-2	Q3U8K7
Q4FZB7-2	Q4FZB7
Q4FZB7-2	Q86Y97
Q4FZB7-2	Q6Q783
Q4FZB7-2	P0C2N5
P49842	P49842
P49842	A0A8I5ZJ96
P49842	Q9JHN8
P49842	P49842-1
Q9DA80	Q9DA80
Q9DA80	F1LRY1
Q9DA80	Q3UFY4
Q9DA80	Q86UC2
G3X9D6	G3X9D6
G3X9D6	Q5M889
G3X9D6	Q13790
G3X9D6	Q91V80
G3X9D6	Q5M890
Q9Z221	Q9Z221
Q9Z221	Q8TBY8
Q9Z221	Q9WVQ0
Q9Z221	Q8TBY8-1
Q9D273	Q9D273
Q9D273	Q96EY8
Q9D273	M0R959
Q9BU61	Q9BU61
Q9BU61	O08776
Q9BU61	Q9JKL4
Q9CYH5	Q9CYH5
Q9CYH5	Q3B7J2
Q9CYH5	B1WBV3
Q9CYH5	Q3UHD2
Q9CYH5	Q9NXC2
Q9CYH5	D3ZR63
A0A6I8MX38	A0A6I8MX38
A0A6I8MX38	A0A6I8PU40
A0A6I8MX38	A0A8I6B1W2
Q8CDI3	Q8CDI3
Q8CDI3	XP_002729648
Q8CDI3	XP_003085546
Q8CDI3	XP_003085554
Q8CDI3	Q68DN1
Q9BV57	Q9BV57
Q9BV57	Q99JT9
Q9BV57	Q562C9
Q86YL7	Q86YL7
Q86YL7	Q86YL7-3
Q86YL7	Q64294
Q86YL7	Q62011
Q8R370	Q8R370
Q8R370	Q3T1I3
Q8R370	Q8N6Y0
Q9D8U0	Q9D8U0
Q9D8U0	Q0ZFS6
Q9D8U0	O00458
Q9D8U0	P19182
Q9D8U0	Q12894
Q9D8U0	P20695
Q8C6Z1	Q8C6Z1
Q8C6Z1	Q8N387
Q9H270	Q9H270
Q9H270	NP_001101608
Q9H270	Q91W86
Q9JJQ0	Q9JJQ0
Q9JJQ0	Q92521
O14618	O14618
O14618	Q9JK72
O14618	O00244
O14618	O08997
O14618	P08228
O14618	P00441
O14618	Q9WUC4
O14618	P07632
O14618	P08294
O14618	Q9WU84
O14618	O09164
O14618	Q08420
Q9NZE8	Q9NZE8
Q9NZE8	Q9CQL6
Q9NZE8	D3ZE10
Q9NRV9	Q9NRV9
Q9NRV9	Q9R257
Q9NRV9	B4F7C7
Q5T9S5	Q5T9S5
Q5T9S5	Q640L5
Q99LB0	Q99LB0
Q99LB0	Q497A7
Q99LB0	Q9H147
Q9D1P4	Q9D1P4
Q9D1P4	D4A4T9
Q9D1P4	Q9R000
Q9D1P4	Q9UKP3
Q9D1P4	Q9UHD1
Q96DM3	Q96DM3
Q96DM3	Q5PPI8
Q96DM3	Q8VC42
P58004	P58004
P58004	Q9CYP7
P58004	P58005
P58004	P58006
P58004	Q9Y6P5
P58004	Q9Y6P5-2
P58004	B2GUV6
P58004	P58043
Q8VE18	Q8VE18
Q8VE18	D3ZQ80
Q8VE18	Q8ND04
Q8VE18	Q8ND04-2
P02795	P02795
P02795	A1L3X4
P02795	P13640-2
P02795	P0DM35
P02795	P04355
P02795	P13640
P02795	P37361
P02795	Q93083
P02795	P04733
P02795	P28184
P02795	P25713
P02795	P80294
P02795	Q8N339
P02795	P02802
P02795	P02798
P02795	P04731
P02795	P04732
P02795	P47944
P02795	P02803
P02795	P47945
P02795	P07438
P02795	P80297
Q9NZL9	Q9NZL9
Q9NZL9	Q5U2R0
Q9NZL9	Q99LB6
Q3UDR8	Q3UDR8
Q3UDR8	Q6TUD4
Q3UDR8	Q9GZM5
Q9BVV2	Q9BVV2
Q9BVV2	Q80WB0
Q9H0A9	Q9H0A9
Q9H0A9	Q76KD6
Q9H0A9	B0BMZ4
Q9H0A9	Q68FV7
Q9H0A9	Q148B6
Q9H0A9	Q9D9W0
Q91YP1	Q91YP1
Q91YP1	D4ABH7
Q91YP1	Q7Z5W3
Q1HCM0	Q1HCM0
Q1HCM0	Q8TAT2
Q6F5E7	Q6F5E7
O60828-3	O60828-3
O60828-3	Q6PCT5
O60828-3	Q91VJ5
O60828-3	O60828
Q8CF36	Q8CF36
Q8CF36	D4A5X2
Q8CF36	H3BQW9
Q8CF36	B2KGE5
Q8CF36	B0BND4
Q8CF36	Q4G0N7
Q8C5V0	Q8C5V0
Q8C5V0	Q66H17
Q8C5V0	Q96LK8
Q75VT8	Q75VT8
Q75VT8	A8MVS5
O55229	O55229
O55229	D3ZRW8
O55229	Q9HBU6
O55229	Q9D4V0
O55229	Q5J2U5
O55229	Q01134
O55229	O54804
O55229	D3ZXB8
O55229	P35790
O55229	Q9NVF9
O55229	Q9Y259
O55229	A7MCT6
O55229	O54783
Q9BRJ2	Q9BRJ2
Q9BRJ2	D4A104
Q9BRJ2	Q3T142
Q9BRJ2	Q9D0Q7
Q3U5F7	Q3U5F7
Q6RI63-2	Q6RI63-2
Q6RI63-2	Q6RI63
Q6RI63-2	Q96EK7
Q6RI63-2	D4AE88
Q8N6L7	Q8N6L7
Q8N6L7	Q6AXS2
Q8N6L7	Q8C353
Q8C624	Q8C624
Q8C624	D3Z8L2
Q8C624	Q96N06
Q8C624	Q96N06-2
Q8K1T1	Q8K1T1
Q8K1T1	Q8N386
Q8VD26	Q8VD26
Q8VD26	Q96AN5
Q86V87	Q86V87
Q86V87	D4A3I5
Q86V87	NP_001163945
Q86V87	Q8CDM8
Q86V87	Q5W0V3
Q86V87	Q80YR2
P80217	P80217
P80217	Q498S7
P80217	P80217-2
P80217	Q5M849
P80217	O35309
P80217	Q13287
P80217	Q9D8C4
Q3UX61	Q3UX61
Q3UX61	Q9BSU3
Q3UX61	P41227-2
Q3UX61	Q4V8K3
Q3UX61	Q9QY36
Q3UX61	P41227
Q3UX61	D3ZUQ2
Q497K6	Q497K6
Q8WTP8	Q8WTP8
Q8WTP8	Q8BGF7
Q8WTP8	Q504Q3
Q8WTP8	Q5RJP5
Q8WTP8	Q8N1G1
Q8WTP8	Q7TT28-2
Q8WTP8	B2GUW6
Q8WTP8	B1WBN4
Q8WTP8	Q9CZI9
Q8WTP8	Q8IX06
Q8WTP8	D3ZCX6
Q8WTP8	Q7TT28
Q8WTP8	Q96AZ6
Q8WTP8	Q9JL16
Q8WTP8	Q9GZR2
Q8WTP8	Q6PAQ4
Q8WTP8	A1A5R7
Q8WTP8	Q96IC2
Q8WTP8	Q9JL16-2
Q8WTP8	Q3U1G5
Q8WTP8	Q9H9L3
Q8WTP8	Q6IE70
Q8WTP8	Q6AXU3
EDL35794	EDL35794
Q9BSR8	Q9BSR8
Q9BSR8	Q5M7T4
Q9BSR8	Q8C407
Q3TQP0	Q3TQP0
Q3TQP0	Q9CQY2
Q3TQP0	A0A3B3IU46
Q3TQP0	Q9BTL3
Q3TQP0	D4AD33
Q6ZNM6	Q6ZNM6
Q6ZNM6	Q9D9I1
NP_001099261	NP_001099261
NP_001099261	Q5SUR0
NP_001099261	O15067
Q5XI53	Q5XI53
Q5XI53	Q8R0X2
Q5XI53	Q86Y37
G3V943	G3V943
G3V943	B9EJR8
G3V943	Q86Y56_VAR_060464
G3V943	Q86Y56
P03129	P03129
P03129	Q8V9K9
Q5M844	Q5M844
Q5M844	Q8N205
Q5M844	Q8CII8
Q7Z403-2	Q7Z403-2
Q7Z403-2	Q7TN60
Q7Z403-2	Q7TN58
Q7Z403-2	Q32NZ6
Q7Z403-2	Q8C428
Q7Z403-2	Q7Z402
Q7Z403-2	Q6UXY8-3
Q7Z403-2	Q6UXY8-2
Q7Z403-2	Q6UXY8
Q7Z403-2	Q7Z404
Q7Z403-2	Q7TQ65
Q7Z403-2	Q7Z404-1
Q7Z403-2	Q8IU68
Q7Z403-2	Q496Z4
Q7Z403-2	B1H258
Q7Z403-2	Q7Z403
Q7Z403-2	Q5M7W4
D3ZD72	D3ZD72
D3ZD72	E9PWG6
D3ZD72	Q9BPX3
P03230	P03230
Q9H972-2	Q9H972-2
Q9H972-2	D4AB71
Q9H972-2	Q8K2W9
Q9H972-2	Q9H972
P93830	P93830
Q4LEZ3	Q4LEZ3
Q4LEZ3	Q811W1
Q4LEZ3	Q91ZF7
A2RUB1	A2RUB1
A2RUB1	A2AG06
Q96MG2	Q96MG2
Q96MG2	Q3MI48
Q96MG2	D4A2V6
P0DTD2	P0DTD2
P0DTD2	P59636
A2RUT3	A2RUT3
A2RUT3	Q9DA04
Q8CIB9	Q8CIB9
Q8CIB9	Q5FWF5
Q8CIB9	Q56NI9
Q8CIB9	Q69Z69
Q8CIB9	D4ABF1
Q3T9M1	Q3T9M1
Q3T9M1	A6NFX1
Q3T9M1	Q8NA29
Q3T9M1	Q9DA75
Q3TL73	Q3TL73
Q3TL73	B1B0V2
A0PJK1	A0PJK1
A0PJK1	Q3V0B7
A0PJK1	Q9ET37
A0PJK1	Q9NY91
A0PJK1	P31639
A0PJK1	Q5SWY8
A0PJK1	Q923I7
A0PJK1	Q8C3K6
A0PJK1	Q80WA5
A0PJK1	P13866
A0PJK1	A0PJK1-4
A0PJK1	P53790
A0PJK1	Q9JKZ2
A0PJK1	P53794
A0PJK1	Q8VDT1
A0PJK1	Q2M3M2
A0PJK1	Q2M3M2-2
A0PJK1	F1LQV2
A0PJK1	Q9Z1F2
A0PJK1	Q91ZP4
A0PJK1	P53792
A0PJK1	Q8WWX8
A0PJK1	D3ZIS0
A0PJK1	Q8K0E3
O43716	O43716
O43716	Q8CBY0
O43716	D3ZY68
Q6DGF6	Q6DGF6
Q6DGF6	Q7Z4H9
Q6DGF6	Q3ZN08
Q6DGF6	B1ANY3
P40925-2	P40925-2
P40925-2	Q5I0G3
P40925-2	Q5F204
P40925-2	P11708
P40925-2	P14152
P40925-2	O88989
P40925-2	P40925
P40925-2	P40925-3
Q6YHU6-2	Q6YHU6-2
Q6YHU6-2	D3ZVT2
Q6YHU6-2	Q6YHU6
Q6YHU6-2	A8C756
Q9NW68-9	Q9NW68-9
Q9NW68-9	Q9NW68-2
Q9NW68-9	Q9NW68-3
Q9NW68-9	Q9NW68-4
Q9NW68-9	Q9NW68-7
Q9NW68-9	Q9NW68-8
Q9NW68-9	Q80Y55
Q9NW68-9	Q9NW68
Q9NW68-9	D4A3M7
O60673-2	O60673-2
O60673-2	D3ZGX1
O60673-2	D4A5R3
O60673-2	Q6PAL7
O60673-2	Q61493
O60673-2	O60673
O60673-2	Q5TGY3
O60673-2	Q5DTT1
O60673-2	Q5QGS0
Q86XR2-3	Q86XR2-3
Q86XR2-3	Q86XR2
Q9HCE0-2	Q9HCE0-2
Q9HCE0-2	Q9HCE0
Q9HCE0-2	XP_001056478
Q9HCE0-2	Q80TA9
NP_001096576	NP_001096576
NP_001096576	Q96S55-2
NP_001096576	Q91XU0
NP_001096576	Q96S55
NP_001096576	Q8CG07
Q9UH17-2	Q9UH17-2
Q9UH17-2	P51908
Q9UH17-2	P31941
Q9UH17-2	P41238
Q9UH17-2	Q9UH17
Q9UH17-2	B4F789
Q9UH17-2	Q99J72
Q9UH17-2	P60705
Q9UH17-2	Q99J72-3
Q9UH17-2	Q9UH17-3
Q9UH17-2	Q8IUX4-2
Q9UH17-2	Q8IUX4-3
Q9UH17-2	Q96AK3
Q9UH17-2	Q9HC16-3
Q9UH17-2	Q9NRW3
Q9UH17-2	Q6NTF7-2
Q9UH17-2	Q6NTF7-3
Q9UH17-2	Q9GZX7
Q9UH17-2	Q9Y235
Q9UH17-2	Q6NTF7-4
Q9UH17-2	Q9WV35
Q9UH17-2	P31941-2
Q9UH17-2	Q99J72-4
Q9UH17-2	Q9WVE0
Q9UH17-2	Q8IUX4
Q9UH17-2	Q9HC16
Q9UH17-2	Q6NTF7
Q9UH17-2	P38483
Q9UH17-2	Q99J72-2
Q9UH17-2	Q70AG6
Q1RMI8	Q1RMI8
Q1RMI8	Q9JIG7
Q1RMI8	O60826
Q1RMI8	P86182
BX248123	BX248123
Q9BZW8-2	Q9BZW8-2
Q9BZW8-2	Q9BZW8
Q9BZW8-2	P10252
Q9BZW8-2	Q9JLM2
Q9BZW8-2	P09326
Q9BZW8-2	P18181
Q9BZW8-2	Q07763
Q53QV2	Q53QV2
Q53QV2	G3UW55
Q53QV2	F1M635
Q53QV2	Q9CX60
Q53QV2	A0A0U1RRK4
Q99P69	Q99P69
Q99P69	Q9BZD4
Q99P69	Q6AYL9
Q9QXZ6	Q9QXZ6
Q9QXZ6	Q86UG4
Q9QXZ6	Q9JJL3
Q9QXZ6	Q8C0X7
Q9QXZ6	Q9EP96
Q9QXZ6	Q9NPD5
Q9QXZ6	Q9NYB5-3
Q9QXZ6	Q99N01
Q9QXZ6	Q96BD0-2
Q9QXZ6	Q91YY5
Q9QXZ6	L7N251
Q9QXZ6	O35913
Q9QXZ6	P46720
Q9QXZ6	O88397
Q9QXZ6	O94956
Q9QXZ6	Q99J94
Q9QXZ6	Q9H2Y9-2
Q9QXZ6	XP_914124
Q9QXZ6	Q8BGD4
Q9QXZ6	Q6ZQN7
Q9QXZ6	P46721-2
Q9QXZ6	Q9UIG8-2
Q9QXZ6	Q71MB6
Q9QXZ6	Q9QYE2
Q9QXZ6	Q8BXB6
Q9QXZ6	P46721
Q9QXZ6	L7N264
Q9QXZ6	Q9Y6L6
Q9QXZ6	P70502
Q9QXZ6	Q8R3L5-2
Q9QXZ6	Q9JHI3
Q9QXZ6	Q96BD0-4
Q9QXZ6	Q99N02
Q9QXZ6	Q92959
Q9QXZ6	Q9EPT5
Q9QXZ6	Q9H2Y9
Q9QXZ6	Q8R3L5
Q9QXZ6	E9PVD9
Q9QXZ6	Q9UIG8
Q9QXZ6	G3V0H7
Q9QXZ6	Q00910
Q9QXZ6	Q8K078
Q9QXZ6	Q9ERB5
Q9QXZ6	Q96BD0
Q9QXZ6	Q9EPZ7
Q9QXZ6	Q5JAR4
Q9QXZ6	Q9NYB5
Q9QXZ6	Q86UG4-2
Q9QXZ6	Q9QZX8
Q9QXZ6	F5H094
Q80TY5	Q80TY5
Q80TY5	Q7Z7G8
Q80TY5	NP_001128358
Q80TY5	Q7Z7G8-2
Q99LJ1	Q99LJ1
Q99LJ1	P04066
Q99LJ1	Q99KR8
Q99LJ1	Q9BTY2
Q99LJ1	Q6AYS4
Q99LJ1	P17164
O95551	O95551
O95551	O95551-2
O95551	Q9JJX7
O95551	Q3T1H5
Q9NX46	Q9NX46
Q9NX46	Q8CG72
Q9NX46	B0K017
Q7L8S5	Q7L8S5
Q7L8S5	Q8N6M0
Q7L8S5	Q8K2H2
Q7L8S5	Q6IE21
Q7L8S5	NP_001100109
Q8VC74	Q8VC74
Q8VC74	Q8N8Q8
Q9H0I3	Q9H0I3
Q9H0I3	Q8C5T8
Q9H0I3	Q9CR92
Q9H0I3	Q2M329
Q9H0I3	D3Z9F2
Q62036	Q62036
Q62036	D4AEL8
Q62036	Q9UPN4
Q62036	Q9UPN4-2
Q91V83	Q91V83
Q91V83	O43156
Q91V83	D3Z854
P35557	P35557
P35557	P17710
P35557	Q3TRM8
P35557	P19367-3
P35557	P52790
P35557	P19367
P35557	P17712
P35557	P27926
P35557	P52792
P35557	Q91W97
P35557	Q2TB90
P35557	P19367-2
P35557	M0R3X7
P35557	P52789
P35557	G3UVV4
P35557	P35557-2
P35557	P05708
P35557	O08528
P35557	P27881
Q9CWM2	Q9CWM2
Q9CWM2	Q9BXL8
P62890	P62890
P62890	P62888
P62890	P62889
D3ZKM9	D3ZKM9
D3ZKM9	Q80WQ8
D3ZKM9	Q6P0N0
P15785	P15785
P15785	P11685
P15785	P21841
P15785	P11686
Q7M6Y3-2	Q7M6Y3-2
Q7M6Y3-2	O55012
Q7M6Y3-2	Q7M6Y3
Q7M6Y3-2	Q13492
Q7M6Y3-2	Q61548
Q7M6Y3-2	O60641
Q7M6Y3-2	Q05140
Q7M6Y3-2	A7MB23
Q7M6Y3-2	Q05140-2
P83883	P83883
P83883	Q3SZ59
P83883	D0VWQ4
P83883	Q969Q0
P83883	P83882
P83883	P83881
P83883	XP_355309
P83883	H7BZ11
Q80ZT1	Q80ZT1
Q80ZT1	D3ZSX0
Q5M947	Q5M947
Q5M947	Q9CYX7
Q5M947	Q9Y3B9
D3ZS69	D3ZS69
D3ZS69	Q4AC94
D3ZS69	Q52KB6
P04386	P04386
Q8WW24	Q8WW24
Q8WW24	Q149S1
Q8WW24	Q99JD2
Q8WW24	Q4V8G8
Q8WW24	Q6AXV2
Q8WW24	G5E8A8-2
Q8WW24	Q8WZ33
Q8WW24	Q922G7
Q8WW24	Q6X6Z7
Q8WW24	Q6AYM2
Q8WW24	Q9UIF3
Q8WW24	Q9BXF9
Q8WW24	Q96M29
Q8WW24	NP_001277930
Q8WW24	Q9DAJ2
Q8WW24	Q6AYH7
Q8WW24	Q969V4
Q86V21-3	Q86V21-3
Q86V21-3	Q86V21
Q86V21-3	Q9D2R0
Q86V21-3	Q9JMI1
Q66HC4	Q66HC4
Q66HC4	Q8TCD6
Q66HC4	Q9D9M5
Q66HC4	XP_006247246
Q66HC4	Q8TCT1
Q66HC4	Q8R2H9
D4AEB4	D4AEB4
D4AEB4	Q9H0A0
D4AEB4	Q8K224
Q5VTE0	Q5VTE0
Q5VTE0	Q6AYD5
Q5VTE0	Q8N442
Q5VTE0	Q8C0D5
Q5VTE0	Q07803
Q5VTE0	Q7Z2Z2
Q5VTE0	P10126
Q5VTE0	P68105
Q5VTE0	P62630
Q5VTE0	P68104
Q5VTE0	P58252
Q5VTE0	Q3SYU2
Q5VTE0	P05197
Q5VTE0	P13639
Q5VTE0	P62631
Q5VTE0	P62632
Q5VTE0	Q05639
Q5VTE0	Q969S9
Q5VTE0	B2GUV7
Q5VTE0	Q9Y450-4
Q5VTE0	P49411
Q5VTE0	Q8K0D5
Q5VTE0	Q8R2Q4
Q5VTE0	Q05D44
Q5VTE0	D3ZHF8
Q5VTE0	O60841
Q5VTE0	Q68FQ5
Q5VTE0	Q69ZS7
Q5VTE0	P15170
Q5VTE0	L7N209
Q5VTE0	Q9Y450
Q5VTE0	P15170-2
Q5VTE0	P49410
Q5VTE0	Q8C3X4
Q5VTE0	Q8BFR5
Q5VTE0	P85834
Q5VTE0	Q6AXM7
Q5VTE0	P55823
Q5VTE0	Q8R050
Q5VTE0	Q9Y450-2
Q5VTE0	D3ZXJ5
Q5VTE0	P15170-3
Q5VTE0	Q5BJP6
Q5VTE0	Q5EB83
Q5VTE0	Q91YJ5
Q5VTE0	Q149F3
Q5VTE0	P46199
Q5VTE0	Q8IYD1
Q5VTE0	O08810
Q5VTE0	Q96RP9-2
Q5VTE0	Q96RP9
Q5VTE0	Q15029
Q5VTE0	A0A096MJE3
A0A1B0GUA5	A0A1B0GUA5
D3ZBN4	D3ZBN4
D3ZBN4	Q9ERY9
D3ZBN4	Q9UKR5
D4ABX9	D4ABX9
D4ABX9	Q9BV81
D4ABX9	Q9CQW0
O60927	O60927
O60927	Q8K1L5
O60927	Q6MFY6
Q99LD4	Q99LD4
Q99LD4	P97834
Q99LD4	NP_001257868
Q99LD4	Q13098-6
Q99LD4	Q13098-7
Q99LD4	Q13098
Q99LD4	Q13098-5
Q99LD4	G3UXW9
Q9H211	Q9H211
Q9H211	Q8R4E9
Q96EV2	Q96EV2
Q96EV2	Q9CXK9
Q96EV2	D3ZTA8
Q8N201	Q8N201
Q8N201	Q6P4S8
Q8N201	F1M8D7
Q8K4Q0	Q8K4Q0
Q8K4Q0	NP_001127971
Q8K4Q0	Q8N122
Q9D9S1	Q9D9S1
Q9D9S1	Q9BZE7
Q9Y519	Q9Y519
Q9Y519	Q6ZMB5
Q9Y519	Q3UFJ6
Q9Y519	Q8BG09
Q9Y519	Q3TPR7-2
Q9Y519	Q9NVA4
Q9Y519	Q3TPR7
Q9Y519	Q499S3
Q9Y519	Q810F5
Q9Y519	Q4QQS1
Q15049	Q15049
Q15049	Q8VHK5
Q15049	D4ABB2
Q64697	Q64697
Q64697	Q14761
Q9DB72	Q9DB72
Q9DB72	A6NE02
Q9NRM2	Q9NRM2
Q9NRM2	M0RDU3
Q9NRM2	E9Q6D6
P11348	P11348
P11348	P09417
P11348	Q8BVI4
Q5U2Q3	Q5U2Q3
Q5U2Q3	Q9H0W9
Q5U2Q3	Q91V76
Q499T2	Q499T2
Q499T2	P13284
Q499T2	Q9ESY9
O75934	O75934
O75934	B5DFM8
O75934	Q9D287
XP_001061532	XP_001061532
XP_001061532	Q9CR47
XP_001061532	O95478
XP_001061532	Q9QYU7
P53678	P53678
P53678	Q9JKC8
P53678	P53676
P53678	Q9Y2T2
P53678	P53677
P53678	Q8R2R9
P01587	P01587
P01587	P04141
P01587	P48750
Q498D7	Q498D7
Q498D7	Q4ZIN3
Q498D7	Q8CIV2
Q9QZZ6	Q9QZZ6
Q9QZZ6	Q07507
Q6P1Q9	Q6P1Q9
Q6P1Q9	Q6AXU8
Q6P1Q9	Q96IZ6
Q6P1Q9	XP_008760176
Q6P1Q9	Q8BMK1
Q6P1Q9	A2AUU0
Q6P1Q9	Q9H825
Q6P1Q9	D3ZQ63
Q6P1Q9	Q8TCB7
Q6P1Q9	Q8BVH9
Q920F5	Q920F5
Q920F5	O95822
Q920F5	Q99J39
Q8BZI6	Q8BZI6
Q8BZI6	Q96NT3
Q8BZI6	Q96NT3-3
Q6AY05	Q6AY05
Q6AY05	Q9BSA9
Q6AY05	Q9CXY1
P21589	P21589
P21589	P21588
P21589	Q61503
O88708	O88708
O88708	Q6P9Z8
O88708	O43929
Q8BUR9	Q8BUR9
Q8BUR9	A0A8I5ZZ71
Q8BUR9	Q08AG7
Q9H871	Q9H871
Q9H871	D3ZWU9
Q9H871	Q80YQ8
Q9H871	Q96G75
Q9H871	Q566Q9
Q9H871	Q91YQ7
Q3TFQ1	Q3TFQ1
Q3TFQ1	Q5M7T2
Q3TFQ1	Q5W111
Q96LM5	Q96LM5
A8MZ97	A8MZ97
A8MZ97	Q810S2
Q8WZB0	Q8WZB0
P17950	P17950
P17950	Q5VY09
P17950	O89113
P17950	Q6P7D3
P17950	Q9BTL4
P17950	Q5T953
P17950	Q99J55
P17950	Q5PQP0
Q6UXH0	Q6UXH0
Q6UXH0	Q8R1L8
A8MV24	A8MV24
A8MV24	Q9DAQ5
P37199	P37199
P37199	F1MNT1
P37199	Q99P88
P37199	O75694
Q5VZ19-2	Q5VZ19-2
Q5VZ19-2	Q5VZ19
O95684-2	O95684-2
O95684-2	Q66JX5
O95684-2	O95684
O95684-2	Q4V7C1
Q9CWV0	Q9CWV0
Q9CWV0	D3ZZ37
Q9CWV0	Q96EH3
Q8R2U2	Q8R2U2
Q8R2U2	Q6NW34
Q8R2U2	Q5I0D2
Q9H2U6	Q9H2U6
Q96M19	Q96M19
C9J302	C9J302
C9J302	Q9DAF8
Q08AU9	Q08AU9
Q08AU9	Q2M2W7
Q08AU9	NP_001102520
Q9GZL8	Q9GZL8
Q3UJZ3	Q3UJZ3
Q3UJZ3	Q9H6L4
Q8WW18	Q8WW18
Q8WW18	Q8C1R3
Q8N4L8	Q8N4L8
Q6XLA1	Q6XLA1
Q920H1	Q920H1
Q920H1	Q96PL1
Q920H1	Q920D7
Q920H1	Q96QR1
Q8R235	Q8R235
Q8R235	Q969S6
A6NGU7	A6NGU7
P24025-3	P24025-3
P24025-3	P24025
P24025-3	P24025-2
Q14236	Q14236
P13676	P13676
P13676	Q8R146
P13676	P13798
Q8C3D7	Q8C3D7
Q6UYE1-2	Q6UYE1-2
Q6UYE1-2	Q6UYE1
Q6UYE1-2	Q8CHZ8
Q1AHR6	Q1AHR6
Q3UWK9	Q3UWK9
Q8TAL6	Q8TAL6
Q8TAL6	Q9CQS3
Q8TAL6	Q5U2T4
Q9UJA2	Q9UJA2
Q9UJA2	Q80ZM8
Q9UJA2	Q5U2V5
Q9CWP8	Q9CWP8
Q9CWP8	Q9HCU8
P62847	P62847
P62847	P62849
P62847	P62850
P62847	P62847-4
Q8WVK7-2	Q8WVK7-2
Q6DHV5	Q6DHV5
Q6DHV5	Q9P2K1-2
Q6DHV5	Q9P2K1
Q6DHV5	Q8CFW7
Q86YT5	Q86YT5
Q86YT5	Q9Z0Z5
Q86YT5	Q9UKG4
Q86YT5	Q8BZ82
Q86YT5	Q67BT3
Q86YT5	Q9ES88
Q86YT5	Q8CJ44
Q86YT5	Q13183
Q86YT5	Q91Y63
Q86YT5	Q8WWT9
Q86YT5	P70545
Q86YT5	Q9JHI4
Q86YT5	Q13183-3
Q86YT5	Q9BZW2
Q86YT5	Q07782
Q925T8	Q925T8
Q925T8	Q920P3
Q925T8	Q6DFY8
Q925T8	Q8K1M8
Q925T8	Q9C0B6
Q925T8	Q76B58
Q925T8	Q499E0
Q925T8	Q8K1M7
Q925T8	O60477
Q9NRR1	Q9NRR1
Q9NRR1	Q0VG51
XP_001066277	XP_001066277
XP_001066277	E9Q025
XP_001066277	O88871
XP_001066277	XP_001075922
XP_001066277	P35400
XP_001066277	L7N2B2
XP_001066277	E9Q759
XP_001066277	Q14416
XP_001066277	NP_001092969
XP_001066277	G3UWZ4
XP_001066277	G3UW56
XP_001066277	F8VQD3
XP_001066277	P31424-2
XP_001066277	K7N6T2
XP_001066277	E9Q067
XP_001066277	P31424
XP_001066277	L7N2B3
XP_001066277	P41594
XP_001066277	Q80Z09
XP_001066277	D3Z7M3
XP_001066277	P31421
XP_001066277	P47743
XP_001066277	E9Q107
XP_001066277	Q68EF4
XP_001066277	O00222
XP_001066277	E9Q6I0
XP_001066277	E9Q4U5
XP_001066277	NP_001092968
XP_001066277	P23385
XP_001066277	Q9QYS2
XP_001066277	O70410
XP_001066277	NP_001092964
XP_001066277	E9PW61
XP_001066277	P97772
XP_001066277	Q68ED2
XP_001066277	Q8NFN8
XP_001066277	L7N2A4
XP_001066277	Q6PCP7
XP_001066277	E9Q1L0
XP_001066277	L7N2A0
XP_001066277	E9Q7U8
XP_001066277	P70579
XP_001066277	O15303
XP_001066277	Q7RTX0
XP_001066277	Q7RTX1-2
XP_001066277	P41180-2
XP_001066277	Q13255
XP_001066277	P35349
XP_001066277	Q925D8
XP_001066277	E9PY92
XP_001066277	K7N6V2
XP_001066277	F1LPZ0
XP_001066277	Q14BI2
XP_001066277	Q70VB1
XP_001066277	Q5T6X5
XP_001066277	M0R4Y3
XP_001066277	NP_001092949
XP_001066277	Q923K1
XP_001066277	Q9Z0R8
XP_001066277	G5E8G4
XP_001066277	Q3UVX5
XP_001066277	Q80T41
XP_001066277	Q99PG6
XP_001066277	G3UWA2
XP_001066277	E9PX34
XP_001066277	K7N649
XP_001066277	XP_003086919
XP_001066277	E9PW21
XP_001066277	NP_001092957
XP_001066277	Q7RTX1
XP_001066277	L7N215
XP_001066277	Q9Z0R7
XP_001066277	L7N1W8
XP_001066277	Q14831
XP_001066277	Q5NCH9
XP_001066277	XP_917917
XP_001066277	L7N1Z9
XP_001066277	Q9Z0U4
XP_001066277	P48442
XP_001066277	Q8K4Z6
XP_001066277	NP_001092972
XP_001066277	Q8TE23
XP_001066277	E9PZX4
XP_001066277	E9PZS9
XP_001066277	K7N6Z2
XP_001066277	Q9QY96
XP_001066277	P41180
XP_001066277	E9Q277
XP_001066277	Q925I4
XP_001066277	L7N279
XP_001066277	Q9UBS5-3
XP_001066277	NP_001092955
XP_001066277	E9PWW0
XP_001066277	Q14831-2
XP_001066277	L7N472
XP_001066277	G5E8Z7
XP_001066277	Q8K451
XP_001066277	K7N5U4
XP_001066277	E9Q3F5
XP_001066277	E9PYS0
XP_001066277	Q14833
XP_001066277	XP_577673
XP_001066277	Q80Z08
XP_001066277	O00222-3
XP_001066277	NP_001092934
XP_001066277	P31423
XP_001066277	XP_578646
XP_001066277	O00222-2
XP_001066277	W4VSP2
XP_001066277	L7N269
XP_001066277	NP_001092984
XP_001066277	L7N2A1
XP_001066277	Q9WV18
XP_001066277	E9Q280
XP_001066277	L7N2B1
XP_001066277	NP_001092930
XP_001066277	L7N2B7
XP_001066277	Q14832
XP_001066277	O75899
XP_001066277	G3X931
XP_001066277	P31422
XP_001066277	XP_222037
XP_001066277	NP_001092950
XP_001066277	E9Q4X4
XP_001066277	Q9UBS5
XP_001066277	NP_001092979
XP_001066277	XP_001059364
XP_001066277	D3Z4N8
XP_001066277	NP_775439
XP_001066277	K7N6Z8
XP_001071820	XP_001071820
XP_001071820	B9EJV3
XP_001071820	P63038
XP_001071820	P63039
XP_001071820	Q4ZG55
XP_001071820	Q3UHK3
XP_001071820	Q9C091
XP_001071820	P10809
XP_001069289	XP_001069289
XP_001069289	Q0VAY3
XP_001069289	Q17R55
XP_235047	XP_235047
XP_235047	Q8C6S9
XP_235047	Q96N23
NP_001101891	NP_001101891
NP_001101891	A2AT37
NP_001101891	Q9HAU5
Q4FZR1	Q4FZR1
Q4FZR1	Q86VS8
Q4FZR1	Q8BIL5
Q4FZR1	Q9UJC3
Q4FZR1	D3ZB48
Q4FZR1	Q7TMK6
Q4FZR1	Q96ED9
Q4FZR1	Q96ED9-2
Q4FZR1	NP_001129570
Q4FZR1	Q8BUK6
Q63HM1	Q63HM1
Q63HM1	Q63HM1-2
Q63HM1	Q8K4H1
Q63HM1	M0RC77
Q862I1	Q862I1
Q862I1	P83731
Q862I1	P83732
Q862I1	Q8BP67
Q862I1	Q99L28
Q862I1	Q9UHA3
Q862I1	Q6P6G7
P54252-5	P54252-5
P54252-5	P54252-1
P54252-5	Q9CVD2
P54252-5	P54252
P54252-5	O35815
P54252-5	Q9H3M9
B2RZ39	B2RZ39
B2RZ39	Q9P0J6
B2RZ39	Q99N90
Q10567-4	Q10567-4
Q10567-4	Q9JME5
Q10567-4	Q9Z1T1
Q10567-4	D4AD35
Q10567-4	Q9DBG3
Q10567-4	P63010
Q10567-4	P62944
Q10567-4	Q9WV76
Q10567-4	Q10567-3
Q10567-4	Q13367
Q10567-4	O00203
Q10567-4	D4AE00
Q10567-4	O35643
Q10567-4	ENSRNOP00000014278
Q10567-4	Q9Y6B7
Q10567-4	P52303
Q10567-4	Q10567
Q10567-4	Q13367-4
Q10567-4	Q10567-2
Q10567-4	P63010-2
Q4V7E0	Q4V7E0
Q4V7E0	Q9BU70
Q4V7E0	Q562D6
Q4V7E0	Q562D6-2
P0C7P2	P0C7P2
Q63953	Q63953
Q63953	P38484
D3ZEJ9	D3ZEJ9
D3ZEJ9	Q9CYI0
D3ZEJ9	Q9HAS0
A6NGY3	A6NGY3
A6NGY3	Q9CR34
Q9H0E3-2	Q9H0E3-2
Q9H0E3-2	Q8BIH0
Q9H0E3-2	Q9H0E3-3
Q9H0E3-2	Q9H0E3
Q9H0E3-2	ENSRNOP00000022761
Q9Y2D5-4	Q9Y2D5-4
Q9Y2D5-4	Q9D279
Q9Y2D5-4	Q8IVT2
Q9Y2D5-4	Q4KM62
Q9Y2D5-4	Q9JHU2
Q9Y2D5-4	D4A1J3
Q9Y2D5-4	Q5U301
Q9Y2D5-4	Q8BR92
Q9Y2D5-4	Q9NP74
Q9Y2D5-4	A0A087WQ89
Q9Y2D5-4	Q8IXS6
Q9Y2D5-4	O54931
Q9Y2D5-4	Q920Q0
Q9Y2D5-4	D3ZHV9
Q9Y2D5-4	Q9Z0P4
Q9Y2D5-4	O75781
Q9Y2D5-4	Q9Y2D5
Q9Y2D5-4	O54931-3
Q9Y2D5-4	F1N1T3
Q9Y2D5-4	O54931-2
Q9Y2D5-4	Q9Y2D5-6
Q9Y2D5-4	A2TJV2
Q9Y2D5-4	D4A1K4
Q9Y2D5-4	Q8IXS6-2
Q9Y2D5-4	A6NDB9
Q9Y2D5-4	Q96FF7
Q9Y2D5-4	Q3UVT7
Q9Y2D5-4	A2API8
Q9Y2D5-4	A0A096MIZ1
Q9CZS3	Q9CZS3
Q9CZS3	B0BN31
Q9CZS3	Q96NB1
Q9D752	Q9D752
Q9D752	D3Z8D9
Q9D752	Q9UI95
E9Q9A6	E9Q9A6
E9Q9A6	Q6UXL0
P58418-1	P58418-1
P58418-1	B2RVW2
P58418-1	Q8K445
P58418-1	Q8CJ58
P58418-1	Q8K445-2
P58418-1	P58418
P58418-1	A0PK11
Q924Y8	Q924Y8
Q924Y8	Q3UVY1
Q924Y8	Q86SP6
P07750	P07750
P07750	P20096
P07750	P05112
G3UW60	G3UW60
G3UW60	O60279
G3UW60	D3ZSC1
Q9UFV3	Q9UFV3
Q8R448	Q8R448
Q8R448	Q8K560
Q8R448	Q8NHW6
Q9H081	Q9H081
Q9H081	Q9CY25
Q9H081	Q7TQ72
Q9DA59	Q9DA59
Q9DA59	Q9NUB4
Q3TXT3	Q3TXT3
Q3TXT3	D3Z914
Q3TXT3	Q9NRY2
Q9CQ44	Q9CQ44
Q9CQ44	Q5U3Y9
Q9CQ44	A2RU14
Q8IWL8	Q8IWL8
Q8CE23	Q8CE23
Q8CE23	P83860
Q8CE23	P83859
Q3UQH6	Q3UQH6
E9QNZ9	E9QNZ9
E9QNZ9	P41247
E9QNZ9	Q96AD5-2
E9QNZ9	XP_343303
E9QNZ9	Q9NST1
E9QNZ9	P0C548
E9QNZ9	Q91WW7
E9QNZ9	Q8BJ56
E9QNZ9	Q96AD5
E9QNZ9	Q32LZ8
E9QNZ9	Q8N8W4
E9QNZ9	Q3V1D5
E9QNZ9	Q7Z6Z6
E9QNZ9	D4A227
Q12789-3	Q12789-3
Q12789-3	Q12789
Q12789-3	Q8K284
Q12789-3	Q63505
Q9UBM1	Q9UBM1
Q9UBM1	Q9UBM1-2
Q9UBM1	Q61907
Q9UBM1	Q08388
Q9JMD7	Q9JMD7
Q9JMD7	Q8BGY9
Q9JMD7	Q9GZV3
P14769	P14769
P14769	Q3L7M0
P14769	P23336
P14769	Q3V1N9
P14769	Q8N5D6
P14769	Q8CFC4
P14769	Q8VI38
P14769	P16442
P14769	P38649
P14769	Q4G0N0
P14769	Q14BP7
P14769	A0A4Z3
P14769	D3ZNQ3
P14769	Q7Z4J2
P14769	A2AUQ7
P14769	Q2NKH9
P14769	Q9ET32
P14769	G3V9Q9
P14769	U3KPV4
P62916	P62916
P62916	P62915
P62916	Q00403
Q15004-2	Q15004-2
Q15004-2	Q6RIA2
Q15004-2	Q9CQX4
Q15004-2	Q15004
O88791	O88791
O88791	P17096-2
O88791	Q3TE85
O88791	P17095-1
O88791	P17096
O88791	P17096-3
O88791	P52927
O88791	P52926
O88791	P17095
O88791	Q8K585
O88791	P52926-2
Q15572-2	Q15572-2
Q15572-2	Q6P773
Q15572-2	Q15572
Q15572-2	Q6PDZ2
Q9UMX1-2	Q9UMX1-2
Q9UMX1-2	Q9Z0P7
Q9UMX1-2	Q4V8C6
Q9UMX1-2	Q9UMX1-3
Q9UMX1-2	Q9UMX1
A0JPP5	A0JPP5
A0JPP5	Q8TBZ9
A0JPP5	Q9D5W8
Q6X4W1-3	Q6X4W1-3
Q6X4W1-3	Q6X4W1
Q6X4W1-3	Q99NF2
Q6X4W1-3	Q9EPI6
Q53EL6-2	Q53EL6-2
Q53EL6-2	A4IFD1
Q53EL6-2	Q9JID1
Q53EL6-2	Q61823
Q53EL6-2	Q53EL6
Q28588	Q28588
Q28588	P07490
Q28588	P01148
Q28588	P13562
Q5SQ64-2	Q5SQ64-2
Q5SQ64-2	Q6MG56
Q5SQ64-2	O95868
Q5SQ64-2	B2RXM6
Q5SQ64-2	Q9Z1Q3
Q5SQ64-2	Q6MG58
Q5SQ64-2	Q5SQ64
O15360-3	O15360-3
O15360-3	Q9JL70
O15360-3	XP_008770855
O15360-3	O15360
A0A1B0GST9	A0A1B0GST9
A0A1B0GST9	A0A1B0GTU2
A0A1B0GST9	P60606
A0A1B0GST9	Q8K129
A0A1B0GST9	Q3URE8
A0A1B0GST9	Q8BXZ0
A0A1B0GST9	P41237
A0A1B0GST9	Q4LDR2
A0A1B0GST9	P0C2S0
A0A1B0GST9	A0A1B0GV90
A0A1B0GST9	A0A1B0GQX3
G3V6R7	G3V6R7
G3V6R7	Q9D404
G3V6R7	Q9NWU1
Q8BH15-2	Q8BH15-2
Q8BH15-2	Q5XIA4
Q8BH15-2	Q9H9A5-6
Q8BH15-2	Q8BH15
Q8BH15-2	Q9H9A5
A0A0G2K3Y0	A0A0G2K3Y0
A0A0G2K3Y0	Q6AXX3
A0A0G2K3Y0	Q9H6B1
A0A0G2K3Y0	Q66K41
A0A0G2K3Y0	A2A5E6
A0A0G2K3Y0	B2RYC6
A0A0G2K3Y0	Q8VD12
A0A0G2K3Y0	Q96PM9
A0A0G2K3Y0	Q8BXJ8
A0A0G2K3Y0	NP_001101206
A0A0G2K3Y0	Q569K4
Q642G2	Q642G2
Q642G2	Q9CQN4
Q642G2	Q6X4U4
Q642G2	Q99P67
Q642G2	Q99P68
Q642G2	Q6X4U4-2
Q642G2	Q9BQB4
Q8K010	Q8K010
Q8K010	P97608
Q8K010	O14841
Q8K1G2	Q8K1G2
Q8K1G2	Q86UK5
Q6UWU4	Q6UWU4
Q6UWU4	Q6P6G2
Q6UWU4	Q6UWU4-2
Q6UWU4	Q99KU6
Q9BUN1	Q9BUN1
Q9BUN1	Q569E4
Q9BUN1	Q5XI62
Q3U2V3	Q3U2V3
Q3U2V3	Q641Y7
Q3U2V3	Q6ZVK8
Q8BHE1	Q8BHE1
Q8BHE1	Q9NWZ8
Q8BHE1	Q6AY77
Q86Y28	Q86Y28
Q86Y28	Q86Y29
Q86Y28	Q13072
Q86Y28	Q86Y27
Q86Y28	Q86Y30
Q9NSG2	Q9NSG2
Q9NSG2	Q3TQQ9
Q8BT88	Q8BT88
Q8BT88	A8MZG2
Q8BQP9	Q8BQP9
Q8BQP9	Q6MZT1
Q8BQP9	Q5FVH8
P70675	P70675
P70675	P70537
Q86UW2	Q86UW2
Q86UW2	Q80WK2
Q9NQT5-2	Q9NQT5-2
Q9NQT5-2	NP_001101406
Q9NQT5-2	Q9NQT5
Q9NQT5-2	Q7TQK4
Q6ZRT9	Q6ZRT9
Q9NX53	Q9NX53
Q9D361	Q9D361
Q9D361	Q6IEG0
P84550-3	P84550-3
P84550-3	P84551
P84550-3	Q206L1
P84550-3	Q2VWA4
P84550-3	A7M7C7
P84550-3	D3ZWL1
P84550-3	XP_038949891
P84550-3	XP_017449382
P84550-3	Q925Q8
P84550-3	Q96NX9
P84550-3	Q8BX46
P84550-3	P84550
P84550-3	Q9UI36-4
P84550-3	Q9UI36-2
P84550-3	P12757-5
P84550-3	Q9UI36-3
P84550-3	Q9QYB2
P84550-3	Q9UI36
P84550-3	Q60698
P84550-3	P12755
P84550-3	P12757
P84550-3	Q60665
Q60601	Q60601
Q8N112	Q8N112
Q499W2	Q499W2
Q499W2	Q9BRT9
Q499W2	Q99LZ3
D3ZTC6	D3ZTC6
D3ZTC6	B0BN58
D3ZTC6	Q9BZE2
D3ZTC6	Q9JI38
D3ZTC6	A2ADA5
D3ZTC6	Q8N0Z8
O70249	O70249
O70249	O08760
O70249	O15527
Q5U2V4	Q5U2V4
Q5U2V4	Q6P4A8
Q5U2V4	Q8VCI0
Q5U2V4	Q3TCN2
Q5U2V4	Q8NHP8
Q5U2V4	Q4QQW8
P61803	P61803
P61803	P61804
P61803	P61805
Q3T8J9-3	Q3T8J9-3
Q3T8J9-3	Q3T8J9
Q3T8J9-3	D4A7V6
Q3T8J9-3	Q9WUF3
Q3T8J9-3	Q9H869-2
Q3T8J9-3	Q3T8J9-2
Q3T8J9-3	Q535K8
Q3T8J9-3	Q9UKL3
Q3T8J9-3	Q9DB00
Q3T8J9-3	Q9H869
P48500	P48500
P48500	P60174-3
P48500	P17751
P48500	P60174
Q8BFY0	Q8BFY0
Q8BFY0	P0C851
Q86UU5	Q86UU5
Q86UU5	Q66HC8
Q86UU5	Q80WJ1
E9Q9W4	E9Q9W4
E9Q9W4	Q5K4L6
E9Q9W4	O88561
E9Q9W4	Q91VE0
E9Q9W4	Q14C57
E9Q9W4	Q4LDG0
E9Q9W4	Q9Y2P5
E9Q9W4	P97849
E9Q9W4	O35488
E9Q9W4	O14975
E9Q9W4	NP_001099909
E9Q9W4	Q9Y2P4
E9Q9W4	G3V7V3
E9Q9W4	Q6PCB7
E9Q9W4	Q6P1M0
E9Q9W4	Q9ES38
E9Q9W4	P97524
E9Q9W4	Q60714
Q5GAM7	Q5GAM7
Q5GAM7	Q5GAL7
Q5GAM7	Q5GAN3
Q8WXQ3	Q8WXQ3
Q8N5N7	Q8N5N7
Q8N5N7	Q8VDT9
Q8N5N7	D3ZYL4
Q8R000	Q8R000
Q8R000	Q86UW1
B2RV46	B2RV46
B2RV46	Q6AYJ3
B2RV46	Q8N4H0
B2RV46	Q99MU5
B2RV46	Q3U6K5
B2RV46	Q9NWH7
D3ZIT4	D3ZIT4
D3ZIT4	Q9WVM3
D3ZIT4	Q9UJX3
Q3USH1	Q3USH1
Q3USH1	A6NMK8
Q3USH1	Q6GQV1
Q3USH1	Q6ZSG2
Q7TSG0	Q7TSG0
Q96HP8	Q96HP8
Q96HP8	Q9R1Q6
Q96HP8	Q3YBM2
Q96HP8	Q925D4
Q96HP8	Q9DCS1
Q96HP8	Q4G068
Q9WV95	Q9WV95
Q9WV95	Q5PQT7
Q9WV95	Q53GA4
Q9WV95	Q8WV24
Q9WV95	O08969
Q9WV95	Q9Y5J5
Q9WV95	Q62392
Q9WV95	Q9QZA1
Q3MIP1	Q3MIP1
Q3MIP1	B2RYE2
Q3MIP1	Q3UV16
P00564	P00564
P00564	P07310
P00564	NP_001038016
P00564	P05122
P00564	P07335
P00564	Q04447
P00564	P12277
P00564	P30275
P00564	P06732
P00564	P12532-2
P00564	P12532
P00564	P00565
P00564	P17540
P00564	P09605
P00564	Q6P8J7
P00564	P25809
O75648-3	O75648-3
O75648-3	O75648
O75648-3	Q9DAT5
O75648-3	B1WC37
Q6ZUU3	Q6ZUU3
Q80XA0	Q80XA0
Q80XA0	Q9BTD3
Q9DAR6	Q9DAR6
Q9DAR6	B1AXS0
Q9DAR6	Q80ZR9
Q9DAR6	Q8CH20
Q9DAR6	Q8CH20-2
Q9DAR6	D3ZPZ8
Q9DAR6	J3QPF7
Q9JJB1	Q9JJB1
Q9JJB1	P0C7N4
Q9JJB1	A6NGB0
Q8C7W7	Q8C7W7
Q8C7W7	Q96SD1
Q8C7W7	Q4KLY6
Q8C7W7	Q9JIC3
Q8C7W7	Q6PJP8
Q8C7W7	Q9H816
Q8C7W7	Q8K4J0-2
Q8C7W7	Q5XIX3
Q8C7W7	Q8K4J0
Q8C7W7	D3Z924
Q8VIJ5	Q8VIJ5
Q8VIJ5	O60502
Q8VIJ5	Q9EQQ9
D3ZVA9	D3ZVA9
D3ZVA9	Q80W94
D3ZVA9	Q3SYC2
D3ZVA9	Q6ZPD8
D3ZVA9	A2ADU8
D3ZVA9	Q96PD6
D3ZVA9	Q91ZV4
D3ZVA9	Q96PD7
D3ZVA9	Q9DCV3
D3ZVA9	Q6E1M8
D3ZVA9	Q58HT5
D3ZVA9	Q86VF5
D3ZVA9	A2ADU9
D3ZVA9	Q5FVP8
D3ZVA9	Q6E213
Q99MX0	Q99MX0
Q99MX0	P35738
Q99MX0	Q9D4D4
Q99MX0	Q9H0I9
Q99MX0	Q6P3A8
Q99MX0	P11177
Q99MX0	Q9D051
Q99MX0	P40142
Q99MX0	P51854
Q99MX0	P29401
Q99MX0	P50137
Q99MX0	P49432
Q99MX0	P11177-2
Q99MX0	NP_001103004
Q99MX0	P29401-2
Q99MX0	P21953
B2RZ86	B2RZ86
B2RZ86	Q9DA73
B2RZ86	Q8N998
Q8N0Z3	Q8N0Z3
Q8N0Z3	Q5RKG1
Q8N0Z3	Q8C804
Q6PIJ6	Q6PIJ6
Q6PIJ6	D3ZIK8
Q6PIJ6	Q8BMI0
P30520	P30520
P30520	Q8N142-2
P30520	P46664
P30520	D4AEP0
P30520	P28650
P30520	M0R629
P30520	Q8N142
P27707	P27707
P27707	D3ZGQ2
P27707	Q16854
P27707	P48769
P27707	Q9QX60
P27707	O00142-6
P27707	P43346
P27707	A0A0G2K478
P27707	O00142
P27707	Q9R088
Q8CDI2	Q8CDI2
Q8CDI2	Q4G163
Q8CDI2	Q3ZAU6
Q8CDI2	Q66H04
Q8CDI2	Q9UBS8
Q8CDI2	Q7TSG3
Q8CDI2	Q9JI90
Q8CDI2	Q9UKT4
Q8CDI2	B0BNA4
Q6GQT9	Q6GQT9
Q6GQT9	Q5JPE7
Q6GQT9	XP_006229170
Q6GQT9	Q15155
Q6GQT9	P69849
P11103	P11103
P11103	P49916-2
P11103	Q3ULW8
P11103	Q5U2M4
P11103	Q9UGN5-2
P11103	P37913
P11103	P18858
P11103	G3V749
P11103	Q5U2U3
P11103	Q2T9Y5
P11103	Q9JHY8
P11103	P97386
P11103	P49916
P11103	Q9Y6F1
P11103	P09874
P11103	Q9UGN5
P11103	Q3TF18
P11103	O88554
P11103	Q3U4X8
P11103	P27008
Q8K1N1	Q8K1N1
Q8K1N1	Q9NP80
Q8K1N1	D3ZRC4
O14734	O14734
O14734	P58137
O14734	Q8VHK0
Q99MY0	Q99MY0
Q99MY0	Q6AXY9
Q99MY0	Q9BXG8
Q5SSG8	Q5SSG8
Q5SSG8	ADJ96648
Q5SSG8	E2RYF6
Q8BK30	Q8BK30
Q8BK30	Q3U422
Q8BK30	P56181-2
Q8BK30	O54755
Q8BK30	Q6PCU8
Q8BK30	P56181
Q52LR7	Q52LR7
Q52LR7	Q8C9X6
Q52LR7	Q9H2F5
Q52LR7	XP_003751752
Q52LR7	Q8C0I4
Q52LR7	D4ADG5
Q9EQM6	Q9EQM6
Q9EQM6	D4A2G4
Q9EQM6	Q8WYQ5
Q15008	Q15008
Q15008	Q15008-4
Q15008	Q6PCT9
Q15008	Q99JI4
Q9BVC3	Q9BVC3
Q9BVC3	NP_001292165
Q9BVC3	Q14AI0
P43307	P43307
P43307	Q4V7D1
P43307	Q9CY50
P43307	Q52PE3
P0C2L3	P0C2L3
P0C2L3	Q96GL9
P0C2L3	Q8CAA5
P0C2L3	Q8BUM6
Q9BT78	Q9BT78
Q9BT78	O88544
Q9BT78	Q68FS2
Q6QGW5	Q6QGW5
Q6QGW5	Q80VJ2
Q6QGW5	Q9HD15
Q2M3C6	Q2M3C6
Q2M3C6	Q8BZB3
Q8CGT6	Q8CGT6
Q8CGT6	Q9JMB7
Q8CGT6	Q96J94
Q8CGT6	Q4G033
Q8CGT6	Q7Z3Z3
Q8CGT6	Q7Z3Z4
Q8CGT6	Q8TC59
Q8CGT6	Q8CDG1
Q3TEI4	Q3TEI4
Q3TEI4	NP_001020182
Q3TEI4	Q6ZRI6-2
Q3TEI4	Q6ZRI6
Q3TEI4	Q6ZRI6-3
Q9D1G3	Q9D1G3
Q9D1G3	D4A9P9
Q9D1G3	Q9HCP6
Q9QZ88	Q9QZ88
Q9QZ88	B2RZ78
Q9QZ88	Q9UBQ0-2
Q9QZ88	Q9UBQ0
P63208	P63208
P63208	Q9WTX5
P63208	Q6PEC4
P03958	P03958
P03958	Q920P6
P03958	P00813
Q7TPB1	Q7TPB1
Q7TPB1	P11983
Q7TPB1	Q96SF2
Q7TPB1	Q68FQ0
Q7TPB1	Q2T9X2
Q7TPB1	Q99832-4
Q7TPB1	Q2NKZ1
Q7TPB1	P80314
Q7TPB1	P78371
Q7TPB1	Q3ZCI9
Q7TPB1	Q99832-3
Q7TPB1	Q3MHL7
Q7TPB1	P80318
Q7TPB1	Q3B7U6
Q7TPB1	P80316
Q7TPB1	P49368
Q7TPB1	P50991-2
Q7TPB1	P48643
Q7TPB1	P80315
Q7TPB1	D4AC23
Q7TPB1	A6NM43
Q7TPB1	P50991
Q7TPB1	P40227
Q7TPB1	Q6P502
Q7TPB1	P28480
Q7TPB1	P11983-2
Q7TPB1	Q99832-2
Q7TPB1	P80313
Q7TPB1	Q99832
Q7TPB1	Q61390
Q7TPB1	D4ACB8
Q7TPB1	Q92526
Q7TPB1	Q5XIM9
Q7TPB1	Q9DBI2
Q7TPB1	Q3ZBH0
Q7TPB1	P50990-2
Q7TPB1	Q8TAM1
Q7TPB1	Q32L40
Q7TPB1	P42932
Q7TPB1	P40227-2
Q7TPB1	P50990
Q7TPB1	P17987
Q7TPB1	P80317
Q7TPB1	Q3MHS9
Q8NA66	Q8NA66
Q3B7T7	Q3B7T7
Q3B7T7	Q8BZQ7
Q3B7T7	Q9UJX6
Q3B7T7	Q9UJX6-2
O14957	O14957
O14957	P07552
O14957	Q9CPX8
O14957	A9UMV7
Q96S06	Q96S06
Q96S06	Q8C3X8
Q96S06	Q9BU23
Q96S06	Q3U3R4
Q96S06	XP_001060521
Q96S06	A1L1J9
P10867	P10867
P10867	P58710
Q9NRA2	Q9NRA2
Q9NRA2	Q14916
Q9NRA2	Q61983
Q9NRA2	Q8NDX2
Q9NRA2	Q5SZA1
Q9NRA2	O00476-2
Q9NRA2	O00624
Q9NRA2	Q9P2U8
Q9NRA2	Q8BN82
Q9NRA2	Q62795
Q9NRA2	Q9Y2C5
Q9NRA2	Q5NCM1
Q9NRA2	Q8VCL5
Q9NRA2	Q9BYT1
Q9NRA2	O00476
Q9NRA2	Q3TXX4
Q9NRA2	G5E894
Q9NRA2	Q8BFU8
Q9NRA2	Q5Q0U0
Q9NRA2	Q7TSF2
Q9NRA2	Q9JI12
Q9NRA2	Q8BLE7
Q9NRA2	Q9P2U7
Q9NRA2	Q62634
Q9NRA2	P0DX21
Q86YH6	Q86YH6
Q86YH6	Q33DR3
Q86YH6	Q5U2R1
Q9BXS5	Q9BXS5
Q9BXS5	P35585
Q9BXS5	Q32Q06
Q9BXS5	Q9Y6Q5
Q9BXS5	Q9WVP1
Q9BXS5	B2RZA4
Q9BXS5	Q96CW1
Q9BXS5	P84092
Q9BXS5	P84091
Q9BXS5	Q3TWV4
Q9BXS5	Q96CW1-2
Q9BXS5	Q9Y6Q5-2
Q9BXS5	Q9WVP1-2
Q9BXS5	D3ZRP6
Q9BXS5	Q9BXS5-2
Q9D882	Q9D882
Q9D882	B0BMZ1
Q9D882	Q8N8J7
Q9D882	D4A9Y2
Q9D882	Q9CZL2
Q9D882	Q96D05
Q9D882	Q96D05-2
Q9D142	Q9D142
Q9D142	D4A1D4
Q9D142	O95848
Q9ER35	Q9ER35
Q9ER35	Q9HA64
Q9ER35	Q8K274
Q9ER35	B2RYN1
Q9ER35	Q9H479
YP_009725312	YP_009725312
Q8K2M3	Q8K2M3
Q8K2M3	NP_001292083
Q8K2M3	Q9UH36
B7Z368	B7Z368
Q8C9R0	Q8C9R0
O43736-2	O43736-2
O43736-2	O89051
O43736-2	Q9Y287
O43736-2	Q5PQL7
O43736-2	Q91VK4
O43736-2	Q9NQX7
O43736-2	Q5XIE8
O43736-2	Q4KLJ2
O43736-2	Q61500
O43736-2	O43736
G3V6H1	G3V6H1
G3V6H1	P54803
G3V6H1	P54818
D3Z9K8	D3Z9K8
D3Z9K8	G3XA30
D3Z9K8	Q9NXX6
D3Z9K8	Q4V8G2
D3Z9K8	Q8N140
D3Z9K8	Q3V124
Q6V7V2	Q6V7V2
Q6V7V2	Q9BST9
Q6V7V2	Q14B46
Q6V7V2	Q9BST9-2
Q6V7V2	Q8IZC4
Q6V7V2	Q8C6B2
A0A1B0GW54	A0A1B0GW54
Q6AYB3	Q6AYB3
Q6AYB3	Q9ULR0
Q6AYB3	Q69ZQ2
Q6AYB3	Q9ULR0-1
Q5JTV8-2	Q5JTV8-2
Q5JTV8-2	Q921T2
Q5JTV8-2	Q5JTV8
Q5JTV8-2	Q5PQX1
Q5JTV8-2	Q6P752
Q5JTV8-2	Q5JTV8-3
Q5JTV8-2	Q8BYU6
Q5JTV8-2	Q8NFQ8
Q92614-2	Q92614-2
Q92614-2	Q9JMH9
Q92614-2	Q92614-4
Q92614-2	Q9JMH9-4
Q92614-2	Q92614-3
Q92614-2	Q9JMH9-6
Q92614-2	XP_239684
Q92614-2	NP_001165608
Q92614-2	F6ZGN3
Q92614-2	E9PV66
Q92614-2	Q92614
Q92614-2	Q8IUG5
O00764-2	O00764-2
O00764-2	Q8K183
O00764-2	O00764
O00764-2	O35331
Q9UMY1-2	Q9UMY1-2
Q9UMY1-2	D3ZAQ6
Q9UMY1-2	Q9UMY1
Q9UMY1-2	Q9D7Z3
Q9HD20-2	Q9HD20-2
Q9HD20-2	G3V7I3
Q9HD20-2	Q9EPE9
Q9HD20-2	Q9HD20
Q8N766-2	Q8N766-2
Q8N766-2	Q8N766
Q8N766-2	Q8C7X2
Q8N766-2	D4A994
M0R8L2	M0R8L2
M0R8L2	Q9BT56
M0R8L2	D3Z752
Q6AXU1	Q6AXU1
Q6AXU1	Q32M84
Q6AXU1	E9Q173
O00541-2	O00541-2
O00541-2	Q9EQ61
O00541-2	O00541
O00541-2	Q3B8N8
P48380-3	P48380-3
P48380-3	Q8C7R7
P48380-3	Q33E94
P48380-3	P48382
P48380-3	P48381
P48380-3	D3ZQ82
P48380-3	P48380
P48380-3	Q33E94-4
P48380-3	F8VPJ6
P48380-3	P48378
P48380-3	P48379
P48380-3	B2GV50
P48380-3	NP_001382523
P48380-3	D3YU81
P48380-3	D3ZHD7
P48380-3	Q9JL61
P48380-3	P48380-2
P48380-3	E1BFW7
P48380-3	Q33E94-3
P48380-3	P48377
P48380-3	E9PT49
P48380-3	P22670
P48380-3	Q2KHR2
P48380-3	Q7TNK1
P48380-3	XP_576547
P48380-3	Q6ZV50
P48380-3	Q8HWS3
Q5U220	Q5U220
Q5U220	Q8TBM7
Q5U220	P0DN89
O00165-4	O00165-4
O00165-4	O00165
O00165-4	Q7TSE9
O00165-4	O35387
O00165-4	O00165-2
O00165-4	O00165-3
O00165-4	O00165-5
O00165-4	O00165-6
P09471-2	P09471-2
P09471-2	P30677
P09471-2	Q6R0H6
P09471-2	P50148
P09471-2	P21279
P09471-2	P82471
P09471-2	P38405-2
P09471-2	Q9JID2
P09471-2	Q6R0H7
P09471-2	Q6R0H7-4
P09471-2	P63092
P09471-2	P04896
P09471-2	P63095
P09471-2	P63094
P09471-2	Q14344
P09471-2	P63092-2
P09471-2	Q66L47
P09471-2	P59215-2
P09471-2	P63092-4
P09471-2	Q5JWF2
P09471-2	P63092-3
P09471-2	P19086
P09471-2	A8MTJ3
P09471-2	P21278
P09471-2	NP_001178765
P09471-2	P29992
P09471-2	P84996
P09471-2	P20612
P09471-2	P04695
P09471-2	P19627
P09471-2	O70443
P09471-2	Q3V3I2
P09471-2	P11488
P09471-2	P0C7Q4
P09471-2	P27601
P09471-2	Q9Z213
P09471-2	Q63803
P09471-2	Q9DC51
P09471-2	P08753
P09471-2	P19087
P09471-2	Q5JWF2-2
P09471-2	P18872-2
P09471-2	P50149
P09471-2	Q6Q7Y5
P09471-2	P08752
P09471-2	P04897
P09471-2	O95837
P09471-2	P30679
P09471-2	P04899
P09471-2	O88302
P09471-2	P30678
P09471-2	P38405
P09471-2	Q8CGK7
P09471-2	P63096
P09471-2	P10824
P09471-2	B2RSH2
P09471-2	P29348
P09471-2	Q5EAP4
P09471-2	P18872
P09471-2	P59215
P09471-2	P09471
P09471-2	P27600
P09471-2	Q63210
P09471-2	P08754
P09471-2	Q03113
Q9UHJ9-4	Q9UHJ9-4
Q9UHJ9-4	Q9UHJ9
Q9UHJ9-4	Q3TQR0
Q9UHJ9-4	Q9UHJ9-2
Q9UHJ9-4	Q2ABP3
Q9UHJ9-4	Q9UHJ9-5
P05507	P05507
P05507	P03901
P05507	P03903
Q6ZUT6-2	Q6ZUT6-2
Q6ZUT6-2	Q8VC31
Q6ZUT6-2	D3ZKN0
Q6ZUT6-2	XP_038956746
Q6ZUT6-2	Q9Y3X0
Q6ZUT6-2	Q6ZUT6
Q6ZUT6-2	A3KGF9
D4ACV0	D4ACV0
D4ACV0	Q8C4Y3
D4ACV0	Q8WX92
D4ACV0	G5E5S2
D4ACV0	Q8C4Y3-3
D4ACV0	Q8WX92-2
Q96RL1-3	Q96RL1-3
Q96RL1-3	Q5PQK4
Q96RL1-3	Q5U5Q9
Q96RL1-3	Q96RL1
D3ZIJ5	D3ZIJ5
D3ZIJ5	Q9P2X0
D3ZIJ5	Q9P2X0-2
D3ZIJ5	Q9D1Q4
Q9BVL2-2	Q9BVL2-2
Q9BVL2-2	P70581
Q9BVL2-2	Q8R332
Q9BVL2-2	Q9BVL2-3
Q9BVL2-2	Q9BVL2
Q3SWS9	Q3SWS9
Q3SWS9	Q8BVL9
Q3SWS9	D3YXK0
Q3SWS9	Q96AA8-3
Q3SWS9	Q96N16
Q3SWS9	Q5DTN8
Q3SWS9	D3ZXX4
Q3SWS9	Q5VZ66
Q3SWS9	Q96N16-2
Q3SWS9	Q96AA8
D4A4K3	D4A4K3
D4A4K3	Q6ZNE5
D4A4K3	Q8CDJ3
D3ZIN8	D3ZIN8
D3ZIN8	Q02242
D3ZIN8	Q15116
A0A1B0GVZ9	A0A1B0GVZ9
A0A1B0GVZ9	NP_001128099
A0A1B0GVZ9	Q9D4Y8
A0A1B0GUQ0	A0A1B0GUQ0
A0A1B0GUQ0	A0A1B0GV22
A0A1B0GUQ0	A0A1B0GTK5
A0A1B0GUQ0	P0DP71
A0A182DWE3	A0A182DWE3
A0A182DWE3	U2UMQ6
A0A182DWE3	A0Q7Q2
Q3ZBM6	Q3ZBM6
Q3ZBM6	Q4V893
Q3ZBM6	Q69ZC8
Q3ZBM6	Q8IXQ4
Q9DAQ9	Q9DAQ9
Q9DAQ9	Q920Q3
Q9DAQ9	Q7Z5L4
Q9H307	Q9H307
Q9H307	D3ZAY8
Q9H307	Q3SYT5
Q9H307	O35691
Q76KJ5	Q76KJ5
Q76KJ5	Q0VD10
Q76KJ5	NP_001102886
Q76KJ5	O15446
Q76KJ5	O15446-2
Q9H790	Q9H790
Q9H790	Q9CXP9
Q16526	Q16526
Q16526	Q923I8
Q16526	Q9R194
Q16526	Q49AN0
Q16526	Q32Q86
Q16526	P97784
Q8BW10	Q8BW10
Q8BW10	Q6VEU1
Q8BW10	Q9ULX3
Q9NVR2	Q9NVR2
Q9NVR2	NP_001127888
Q9NVR2	Q8K2A7
Q9NW61	Q9NW61
Q9NW61	Q9D240
P55808	P55808
O15091	O15091
O15091	Q8JZY4
O15091	B5DF07
Q9GZN8	Q9GZN8
Q9GZN8	Q9D1K7
Q9GZN8	Q9GZN8-2
Q9GZN8	Q4KM45
Q9UG01	Q9UG01
Q9UG01	Q6VH22
Q9UG01	Q9JKU3
P21283	P21283
P21283	Q6AYE4
P21283	Q5FVI6
P21283	Q9Z1G3
P21283	Q99L60
P21283	Q8NEY4
Q1HCL7	Q1HCL7
Q1HCL7	Q4G0N4
Q1HCL7	Q8C5H8
Q969Z3	Q969Z3
Q969Z3	Q5VT66
Q969Z3	Q9CW42
Q969Z3	Q922Q1
Q969Z3	O88994
Q969Z3	Q5VT66-2
Q8TD35	Q8TD35
Q8TD35	Q8BIG2
P50053-2	P50053-2
P50053-2	P50053
P50053-2	P97328
P50053-2	Q02974
Q09199	Q09199
Q09199	Q09200
Q09199	Q00973
Q09199	Q8NHY0
Q09199	Q10468
Q9DAU1	Q9DAU1
Q9DAU1	B1WC84
Q9DAU1	NP_001128182
Q9DAU1	Q8BQ47
Q9DAU1	Q8N129
Q9DAU1	Q9BT09-2
Q9DAU1	Q9BT09
Q86WP2	Q86WP2
Q86WP2	Q9HC44
Q86WP2	Q6NZP2
Q86WP2	Q3KR53
Q86WP2	Q6NXH3
Q86WP2	Q86WP2-2
Q86WP2	H9BFG8
Q7RTV5	Q7RTV5
Q7RTV5	Q9D1A0
Q8CEB4	Q8CEB4
Q8CEB4	Q80YR6
Q8CEB4	Q99708
Q8CEB4	Q99708-3
Q8CEB4	B1WC58
Q8CEB4	Q8NC74
A2ADZ8	A2ADZ8
A2ADZ8	Q4KMZ1
P19447	P19447
P19447	A0MQ57
P19447	Q4G005
P19447	P49135
O95630	O95630
O95630	Q96FJ0-2
O95630	Q8R424
O95630	Q9CQ26
O95630	Q76N33
O95630	Q96FJ0
O95630	B0BMZ5
Q9NYP8	Q9NYP8
Q9NYP8	Q9D4G1
Q9NQF3	Q9NQF3
Q9NQF3	Q9H4I8
Q9NQF3	Q9EPB5
Q74YY8	Q74YY8
Q8IWT0	Q8IWT0
Q8IWT0	M0R5Y9
Q8IWT0	Q505B7
XP_218462	XP_218462
XP_218462	Q6ZRH7
XP_218462	C6KI89
XP_218462	E9Q355
Q9CZ83	Q9CZ83
Q9CZ83	D3ZF99
Q9CZ83	Q7Z7F7-2
Q9CZ83	Q7Z7F7
P0CG12	P0CG12
P0CG12	B2RYL1
P0CG12	P0CG14
Q3U4N7	Q3U4N7
Q3U4N7	D4A4X3
Q3U4N7	Q9H665
Q8WW43-2	Q8WW43-2
Q8WW43-2	Q8WW43
Q8WW43-2	Q8C7N7
Q8WW43-2	Q9DCZ9
Q8WW43-2	Q96BI3-2
Q8WW43-2	Q96BI3
Q8WW43-2	A0A0G2K6H8
Q8WW43-2	Q8BVF7
Q9ESQ8	Q9ESQ8
Q9ESQ8	Q9ESQ9
Q9ESQ8	Q9HCQ7
Q91VN2	Q91VN2
Q91VN2	Q6IPW1
O54962	O54962
O54962	Q9H503-2
O54962	D4A728
O54962	O75531
O54962	Q9H503
O54962	Q8BVR0
O54962	Q9R1T1
Q8NB25	Q8NB25
Q8NB25	E9PW83
Q6PW52	Q6PW52
Q6PW52	P08220
Q6PW52	P47870
Q6PW52	P63137
Q6PW52	P47870-1
Q6PW52	P63137-2
Q6PW52	P63138
Q6PW52	P25123
Q6PW52	P50571
Q6PW52	P15431
Q6PW52	P47742
Q6PW52	P18505
Q6PW52	P23576
Q6PW52	M9PBZ1
Q6PW52	P28476
Q6PW52	Q8QZW7
Q6PW52	Q61603
Q6PW52	P30191
Q6PW52	P56476
Q6PW52	P26049
Q6PW52	O14764
Q6PW52	P34903
Q6PW52	P63080
Q6PW52	NP_058761
Q6PW52	P23416
Q6PW52	P24524
Q6PW52	P23574
Q6PW52	Q7TNC8
Q6PW52	P50573
Q6PW52	D4A4R5
Q6PW52	P19969
Q6PW52	P28472-2
Q6PW52	P62812
Q6PW52	P62813
Q6PW52	P27681
Q6PW52	P28473
Q6PW52	P14867
Q6PW52	O88966
Q6PW52	P16305
Q6PW52	P18507
Q6PW52	O09028
Q6PW52	B2RXA8
Q6PW52	Q9JLF1
Q6PW52	P31644
Q6PW52	A8MPY1
Q6PW52	Q9UN88
Q6PW52	Q8BHJ7
Q6PW52	P22771
Q6PW52	P20236
Q6PW52	O00591
Q6PW52	P24046
Q6PW52	P47869
Q6PW52	P48168
Q6PW52	P20781
Q6PW52	P56475
Q6PW52	P26048
Q6PW52	P48167
Q6PW52	P48169
Q6PW52	P18508
Q6PW52	P23415
Q6PW52	Q9D6F4
Q6PW52	P47869-2
Q6PW52	Q9ES14
Q6PW52	P22723-2
Q6PW52	Q64018
Q6PW52	P07727
Q6PW52	Q8N1C3
Q6PW52	P18507-3
Q6PW52	P28471
Q6PW52	P22723
Q6PW52	Q99928
Q6PW52	Q9R0Y8
Q6PW52	P50572
Q6PW52	Q91XP5
Q6PW52	Q16445
Q6PW52	O75311
Q6PW52	P78334
Q6PW52	P18506
Q6PW52	P22933
Q6PW52	P28472
O88816	O88816
O88816	Q29495
O88816	Q64666
O88816	Q16613-2
O88816	Q16613_VAR_A129T
O88816	Q16613
Q99PP2-2	Q99PP2-2
Q99PP2-2	ENSRNOP00000025335
Q99PP2-2	Q5VUA4
Q99PP2-2	Q99PP2
Q92629	Q92629
Q92629	Q8BX51
Q92629	Q96LD1
Q92629	P82347
Q92629	Q92629-2
Q92629	Q13326
Q92629	P82348
Q5U2U7	Q5U2U7
Q5U2U7	O43148-2
Q5U2U7	O43148
Q5U2U7	Q9D0L8
P0AEX9	P0AEX9
P24807	P24807
P24807	Q07490
P24807	P25063
P08237-2	P08237-2
P08237-2	P08237
P08237-2	P12382
P08237-2	P30835
P08237-2	P47859
P08237-2	P47858
P08237-2	Q9WUA3
P08237-2	P47857
P08237-2	P17858-2
P08237-2	Q01813
P08237-2	P47860
P08237-2	P08237-3
P08237-2	P00511
P08237-2	P17858
P08237-2	Q01813-2
P08237-2	A1A4J1
Q13330-3	Q13330-3
Q13330-3	Q8N108-12
Q13330-3	Q62901
Q13330-3	Q62599
Q13330-3	Q80TZ9
Q13330-3	Q9P2R6
Q13330-3	Q8K4B0
Q13330-3	Q3U3N0
Q13330-3	Q8N344
Q13330-3	Q3UHF3
Q13330-3	D3ZE77
Q13330-3	Q7Z3K6
Q13330-3	P54258
Q13330-3	B2GV01
Q13330-3	Q924K8-2
Q13330-3	O94776
Q13330-3	Q13330
Q13330-3	B4F7F2
Q13330-3	Q9R190
Q13330-3	Q9BTC8-2
Q13330-3	Q924K8
Q13330-3	Q5UAK0
Q13330-3	Q9BTC8
Q13330-3	Q8N108
Q13330-3	XP_002726719
Q13330-3	O35126
Q13330-3	P54259
Q9XRX5	Q9XRX5
Q9CQP0	Q9CQP0
Q9CQP0	D4ABL7
Q9CQP0	O75394
Q9Y6G1	Q9Y6G1
Q9Y6G1	Q9P0S9
Q9Y6G1	Q924P2
Q9Y6G1	Q6UXP3
Q9Y6G1	A8MWL7
Q9Y6G1	Q9NUH8
Q9Y6G1	P56983
Q9Y6G1	Q9CQN6
Q8N9X3	Q8N9X3
Q9WVR8	Q9WVR8
Q9WVR8	O00255
Q9WVR8	O00255-2
Q9WVR8	O88559
Q9DA39	Q9DA39
Q9DA39	Q8BJZ3
Q9DA39	Q969X1
Q9DA39	Q6P6R0
Q9DA39	Q7Z429
Q9DA39	Q9ESF4
Q9DA39	Q8K097
Q9DA39	Q9BWQ8
Q9DA39	Q8K097-2
Q9DA39	Q6AYE0
Q9DA39	Q9HC24
Q9DA39	O88407
Q6UXP9	Q6UXP9
Q96PS6	Q96PS6
P0DJF3	P0DJF3
P0DJF3	Q3KNT9
Q8NBJ7	Q8NBJ7
Q8NBJ7	Q8NBK3-3
Q8NBJ7	Q8NBK3
Q8NBJ7	Q8R0F3
Q8NBJ7	Q8NBJ7-3
Q8NBJ7	D3ZTR4
Q8NBJ7	D4A7I8
Q8NBJ7	Q8BPG6
Q9QYN5	Q9QYN5
Q9QYN5	Q9Z0H7
Q9QYN5	O95999
Q62991	Q62991
Q62991	Q8BRF7
Q62991	Q8WVM8
P21213	P21213
P21213	P35492
P21213	P42357
D4A4L2	D4A4L2
D4A4L2	Q9DBT3
D4A4L2	Q96F63
D4A3Q2	D4A3Q2
D4A3Q2	Q8WVM7
D4A3Q2	Q99M76
D4A3Q2	O35638
D4A3Q2	D3ZXT2
D4A3Q2	Q8N3U4
D4A3Q2	Q9D3E6
D4A3Q2	P0CL84
D4A3Q2	P0CL85
D4A3Q2	P0CL83
D4A3Q2	O70576
D4A3Q2	Q9UJ98
D4A3Q2	Q8TBR4
D4A3Q2	Q8N3U4-2
P15265	P15265
P15265	Q64298
Q62184	Q62184
Q62184	D4A194
Q62184	Q62183
Q62184	D3ZUW1
Q62184	Q8C641
Q62184	Q8BL95
Q62184	P57076
Q62184	Q569L8
Q62184	Q8TDR4
Q62184	A0A669KAY3
Q62184	Q9HC77
Q62184	Q5U3Z0
Q62184	O35703
O15145	O15145
O15145	Q3T035
O15145	B2GV73
O15145	Q9JM76
O15371	O15371
O15371	Q6AYK8
O15371	O70194
P13010	P13010
P13010	Q6P7P8
P13010	P27641
Q99880	Q99880
Q99880	A0A2R8Y619
Q99880	Q16778
Q99880	P62807
Q99880	P23527
Q99880	HSBO22
Q99880	P06899
Q99880	Q6ZWY9
Q99880	Q5QNW6-2
Q99880	P0DW85
Q99880	P33778
Q99880	Q64478
Q99880	Q9DAB5
Q99880	Q00715
Q99880	Q64475
Q99880	Q8N257
Q99880	Q8CGP0
Q99880	M0RBQ5
Q99880	P10854
Q99880	P58876
Q99880	Q99877
Q99880	XP_001061909
Q99880	P02283
Q99880	Q96A08
Q99880	Q64524
Q99880	Q9Z2Q9
Q99880	Q9D9Z7
Q99880	Q8CGP2
Q99880	P70696
Q99880	Q99879
Q99880	Q93079
Q99880	Q9D2U9
Q99880	D3ZNZ9
Q99880	Q64525
Q99880	Q5QNW6
Q99880	Q6DN03
Q99880	Q6DRA6
Q99880	P0C1H6
Q99880	Q7Z2G1
Q99880	G3V9C7
Q99880	O60814
Q99880	Q8C622
Q99880	P57053
Q99880	Q8CGP1
Q99880	P10853
Q99880	D3ZWM5
Q99880	Q00729
Q8R0J8	Q8R0J8
Q8R0J8	Q5T6J7
Q8R0J8	Q32PY9
Q8R0J8	Q5T6J7-2
P01160	P01160
P01160	P01161
P01160	P05125
Q9EP72	Q9EP72
Q9EP72	D3ZQL1
Q9EP72	Q9NPA0
Q8BGW1	Q8BGW1
Q8BGW1	Q9C0B1
Q8BGW1	Q2A121
O43592	O43592
O43592	NP_001387976
O43592	Q9CRT8
Q91YN0	Q91YN0
Q91YN0	D4A770
Q91YN0	Q9NQ89
Q3UKG2	Q3UKG2
Q3UKG2	E7EW31
Q3UKG2	XP_575047
Q3UKG2	D6RIA3
Q3UKG2	M0RD54
Q3UKG2	E0CYV9
Q3UKG2	D3Z1D3
Q3UKG2	F1M6Z4
Q3UKG2	Q711Q0
O94817	O94817
O94817	Q9CQY1
O94817	Q2TBJ5
Q8CIL4	Q8CIL4
Q8CIL4	Q8NDD1
Q8CIL4	Q3KRF3
Q5VW32	Q5VW32
Q5VW32	Q4V8K5
Q5VW32	Q8K2Q7
Q9EPM5	Q9EPM5
Q9EPM5	Q9H7C4
Q9EPM5	D3ZM91
Q9CPR7	Q9CPR7
Q9CPR7	Q9BRV8
Q9CPR7	Q9NVK5
Q9CPR7	Q5FWT9
Q9CPR7	Q9BRV8-2
Q9CPR7	Q9CRA9
Q9CPR7	Q6TA25
Q9UPR3	Q9UPR3
Q9UPR3	Q6ZPY2
Q9UPR3	E9PU03
Q9H773	Q9H773
Q9H773	Q91VC0
Q9H773	Q9QY93
O60675	O60675
O60675	Q8CF90
O60675	Q8NHW3
O60675	P54843
O60675	P54846
O60675	O75444
O60675	P54845
O60675	P54844
O60675	Q61827
O60675	Q6IRI7
O60675	P54842
O60675	Q76MX4
O60675	O54791
O60675	D3ZNT6
O60675	O15525
O60675	O54790
O60675	Q9ULX9
O60675	P54841
O60675	Q9Y5Q3
O60675	XP_006242091
O60675	O57342
Q9D956	Q9D956
Q9D956	Q96A59
Q9D956	Q96A59-2
Q9D956	Q9D956-2
Q9D956	D4A1D5
O88942	O88942
O88942	Q12968
O88942	Q8K120
O88942	Q14934
O88942	O94916-5
O88942	O94916-2
O88942	P97305-3
O88942	Q14934-2
O88942	Q14934-11
O88942	XP_417509
O88942	Q9WV30
O88942	Q14934-10
O88942	Q13469-2
O88942	D4A0I8
O88942	Q9WV30-2
O88942	P97305
O88942	O95644
O88942	O94916-4
O88942	B5B2P6
O88942	Q12968-2
O88942	NP_001231862
O88942	D3Z9H7
O88942	Q13469-3
O88942	D3ZGB1
O88942	Q6P7T9
O88942	Q60591
O88942	Q13469
O88942	O94916
O88942	D3ZU59
A0A1W2PR82	A0A1W2PR82
A0A1W2PR82	A0A286YDK6
Q969H6	Q969H6
Q969H6	Q9DB28
Q969H6	NP_001099222
Q969V6	Q969V6
Q969V6	Q8VIM5
Q969V6	Q6ZN01
Q969V6	XP_038942935
Q969V6	Q0ZCJ7
Q969V6	Q8R5I7
Q969V6	F1LV40
Q969V6	Q9ULH7-4
Q969V6	Q8IZQ8
Q969V6	Q9ULH7
Q969V6	E1BDD9
Q969V6	Q9ULH7-5
Q969V6	Q8IZQ8-3
Q969V6	Q8K4J6
Q969V6	P59759
Q5M951	Q5M951
Q5M951	Q80WR5
Q5M951	Q8IYL3
Q9NWT8	Q9NWT8
Q9NWT8	Q9DCJ7
Q9NWT8	Q6AY68
Q3U269	Q3U269
Q3U269	Q5T7W7
Q3U269	XP_006238148
O96002	O96002
Q8N7L0	Q8N7L0
Q8N7L0	Q9DB54
Q8N7L0	Q8CC14
Q8N7L0	D4A1P0
Q8N7L0	Q5U1Y9
Q8N7L0	Q8WUB2
Q8NEK8	Q8NEK8
Q8NEK8	Q96A09
Q8NEK8	Q5VWP2
Q8NEK8	Q8C152
Q8NEK8	Q5XIV0
Q8NEK8	B0BNK8
Q8NEK8	Q96IP4
Q8NEK8	D3Z5S8
Q8NEK8	Q96IP4-2
Q8NEK8	D3ZH34
Q8NEK8	D4A3M4
Q8NEK8	B1ATX6
Q13156	Q13156
Q13156	P15927-3
Q13156	P15927
Q13156	Q62193
Q13156	Q63528
Q8NDY4	Q8NDY4
EDL91281	EDL91281
EDL91281	Q9ULG3
Q8CBB2	Q8CBB2
Q8CBB2	D3ZKX5
Q8CBB2	A6NIM6
Q8BVN3	Q8BVN3
Q8BVN3	Q7RTX7
Q6AYM0	Q6AYM0
Q6AYM0	Q8N865
Q6AYM0	Q9D5Y0
Q8R570	Q8R570
Q8R570	Q6P6S0
Q8R570	Q5SQN1
D3ZLQ6	D3ZLQ6
D3ZLQ6	Q80V86
D3ZLQ6	Q75QN2
Q16533	Q16533
Q16533	Q8K0S9
P61599	P61599
P61599	P61600
P61599	XP_006235217
A8MU93	A8MU93
A8MU93	Q8BGJ3
Q6NUJ1	Q6NUJ1
Q6NUJ1	P07602-3
Q6NUJ1	Q8C1C1
Q6NUJ1	P10960
Q6NUJ1	P07602
Q6NUJ1	Q61207
Q6NUJ1	P07602-2
Q9H3P2	Q9H3P2
Q9H3P2	Q5U2N1
Q9H3P2	Q8BG30
Q66HC3	Q66HC3
Q66HC3	Q6DFW0
Q66HC3	Q96LT7
P39689	P39689
P39689	P46414
P39689	P38936
P39689	Q64315
P39689	Q683K8
P39689	P49919
P39689	P49918
P39689	O08769
P39689	P46527
P39689	P49919-2
A8IHN8	A8IHN8
A8IHN8	Q7Z7L8
A8IHN8	Q3UPL5
A0A1B0GVZ2	A0A1B0GVZ2
A0A1B0GVZ2	J3QNP9
A0A1B0GVZ2	A0A1B0GVK7
A0A1B0GVZ2	A0A1B0GVR7
Q9HB71	Q9HB71
Q9HB71	Q9CXW3
Q9HB71	Q6AYK6
Q6PIZ9	Q6PIZ9
Q6PIZ9	Q2TA64
Q6PIZ9	Q3UU67
Q8N7Y1	Q8N7Y1
Q8N7E2	Q8N7E2
Q8N7E2	Q9JIY2
Q8N7E2	D3ZS02
Q8N7E2	Q75N03
Q8NBF6	Q8NBF6
Q8NBF6	Q80U56
Q8NBF6	D3ZVU6
A1A4G5	A1A4G5
Q9Y3T6	Q9Y3T6
Q9Y3T6	Q7Z5L2-2
Q9Y3T6	Q8BSI6
Q9Y3T6	NP_001386437
Q9Y3T6	Q7Z5L2
Q9Y3T6	Q8BJM3
Q8VE38	Q8VE38
Q8VE38	Q96HP4
Q8VE38	D4A0Y4
P0DTD8	P0DTD8
P0DTD8	Q7TFA1
Q5I0K5	Q5I0K5
Q5I0K5	Q6PE15
Q5I0K5	Q9NUJ1
P61354	P61354
P61354	P61353
P61354	P61358
Q64389	Q64389
Q64389	Q63064
NP_001020829	NP_001020829
NP_001020829	Q497Q3
NP_001020829	XP_001065531
NP_001020829	F6ST92
NP_001020829	Q8IYT3
NP_001020829	Q9R0U9
NP_001116202	NP_001116202
NP_001116202	NP_001100593
NP_001116202	Q80WC3
NP_001116202	Q9P281
NP_001116202	O15417
NP_001116202	Q3UHR0
NP_001116202	O15417-2
M0R8V7	M0R8V7
M0R8V7	Q68FG3
M0R8V7	Q68D10
Q9Y2H0-3	Q9Y2H0-3
Q9Y2H0-3	Q15398
Q9Y2H0-3	P97839
Q9Y2H0-3	B1WC75
Q9Y2H0-3	Q6PFD5
Q9Y2H0-3	Q8K4R9
Q9Y2H0-3	O95886
Q9Y2H0-3	P97838
Q9Y2H0-3	P97837
Q9Y2H0-3	P97836
Q9Y2H0-3	B1AZP2
Q9Y2H0-3	Q9D415
Q9Y2H0-3	Q9Y2H0-1
Q9Y2H0-3	Q9Y2H0
Q9Y2H0-3	O14490
Q9Y2H0-3	Q15398-3
Q9Y2H0-3	B1AZP2-2
Q9Y2H0-3	Q8BJ42
Q9Y2H0-3	Q9P1A6
Q9Y2H0-3	Q9D415-2
Q9Y2H0-3	Q9D415-4
Q9Y2H0-3	O14490-2
Q9Y2H0-3	Q15398-1
Q5SUD9	Q5SUD9
Q5SUD9	Q6ZW61
Q9D992-2	Q9D992-2
Q9D992-2	Q6AYM7
Q9D992-2	Q9D992
Q9D992-2	Q3KP22-4
Q9D992-2	Q3KP22-3
Q9D992-2	Q3KP22
P61971	P61971
P61971	P61970
P61971	P61972
Q6KCD5-2	Q6KCD5-2
Q6KCD5-2	A0A8I6AXR8
Q6KCD5-2	Q6KC79-2
Q6KCD5-2	Q6KC79
Q6KCD5-2	Q6KCD5
Q149I8	Q149I8
Q149I8	Q6AYM6
Q149I8	A0A1B0GVH7
Q5BKY6	Q5BKY6
A0A0J9YWP8	A0A0J9YWP8
Q6Q0N1	Q6Q0N1
Q6Q0N1	Q96KN2
Q6Q0N1	Q9D1A2
Q6Q0N1	Q6GTS8
Q6Q0N1	Q96KP4
Q6Q0N1	Q8C165
Q6Q0N1	Q8BUG2
Q6Q0N1	Q66HG3
Q63409	Q63409
Q63409	B1AVZ5
Q63409	A2BI02
Q63409	B1AZM2
P48997	P48997
P48997	P48998
P48997	P07476
Q8N3F0	Q8N3F0
Q8N3F0	Q5XI20
Q8N3F0	Q8CGA4
XP_001064920	XP_001064920
XP_001064920	D6REC4
Q5K131	Q5K131
Q8C3S9	Q8C3S9
Q8VHC3	Q8VHC3
Q8VHC3	NP_001108485
Q8VHC3	Q8WWX9
Q8BQS0	Q8BQS0
Q9NZG7	Q9NZG7
Q9NZG7	Q9JL89
Q9NZG7	P70617
Q9NZG7	O70131
Q9NZG7	Q92982
Q9NZG7	Q9JHE8
Q8IWY9-1	Q8IWY9-1
Q8IWY9-1	XP_008760426
Q8IWY9-1	Q8IWY9
Q8IWY9-1	Q8CC12
B1AYM9	B1AYM9
B1AYM9	Q6P1W5
Q5SY13	Q5SY13
Q8N6U2	Q8N6U2
Q8N1V8	Q8N1V8
Q6UXQ4	Q6UXQ4
Q9H1M0	Q9H1M0
Q9H1M0	P17955
Q9H1M0	A2AG10
Q9H1M0	Q63850
Q9H1M0	P37198
P0C854	P0C854
D3Z286	D3Z286
D3Z286	NP_001385955
D3Z286	Q6ZT21
Q9NWM0-3	Q9NWM0-3
Q9NWM0-3	Q64FW2
Q9NWM0-3	Q64133
Q9NWM0-3	Q8CIG3
Q9NWM0-3	P19643
Q9NWM0-3	F1LUP3
Q9NWM0-3	Q8NB78
Q9NWM0-3	Q9CUM6
Q9NWM0-3	Q96RQ9-2
Q9NWM0-3	Q96RQ9
Q9NWM0-3	Q8BW75
Q9NWM0-3	Q9NWM0
Q9NWM0-3	O60341-2
Q9NWM0-3	P27338
Q9NWM0-3	Q8VEN4
Q9NWM0-3	Q99K82
Q9NWM0-3	Q8C0L6
Q9NWM0-3	Q6QHF9
Q9NWM0-3	B1WBU6
Q9NWM0-3	D3Z8W0
Q9NWM0-3	O09046
Q9NWM0-3	B5DEI2
Q9NWM0-3	B3STT9
Q9NWM0-3	Q9NWM0-4
Q9NWM0-3	Q99K82-2
Q9NWM0-3	Q6ZQ88
Q9NWM0-3	Q8VHE9
Q9NWM0-3	O60341
Q9NWM0-3	P21396
Q9NWM0-3	A3KG93
Q9NWM0-3	D3ZP89
Q9NWM0-3	Q6NUM9
Q9NWM0-3	P21397
A2ARJ3	A2ARJ3
A2ARJ3	Q5W0B7
P86045	P86045
P86045	Q6UWW9
Q86YG4	Q86YG4
Q86YG4	Q9H857-2
Q86YG4	NP_001128359
Q86YG4	P49902
Q86YG4	B1WC66
Q86YG4	Q86UY8
Q86YG4	Q3UHB1
Q86YG4	Q3V1L4
Q86YG4	Q6Q0N3
Q86YG4	Q8C5P5
Q86YG4	Q5TFE4
Q86YG4	D3ZMY7
Q86YG4	Q91X76
Q86YG4	Q9H857
Q9H1F0	Q9H1F0
Q9H1F0	Q6IE41
Q9H1F0	Q8NEX6
Q9H1F0	A2A5H7
Q9H1F0	Q8IUB5
Q9H1F0	Q8NEX5
Q9H1F0	Q3UW41
Q9H1F0	Q8IUB3-2
Q9H1F0	Q8IUB3
Q9H1F0	Q5DQQ6
Q9H1F0	M0R9E6
Q6ZRU5	Q6ZRU5
Q9P2X7	Q9P2X7
Q5YKI7	Q5YKI7
Q5YKI7	Q6K1E7
Q5YKI7	Q5J2D6
Q6ZS92	Q6ZS92
ENSRNOP00000003941	ENSRNOP00000003941
ENSRNOP00000003941	Q9NXH9
ENSRNOP00000003941	Q9NXH9-2
ENSRNOP00000003941	Q3TX08
Q5XIB5	Q5XIB5
Q5XIB5	Q9JJ89
Q5XIB5	Q9H6F5
A2ACJ2	A2ACJ2
A2ACJ2	Q0VG06
A2ACJ2	A0A8I5ZNL4
Q9DAG5	Q9DAG5
Q9DAG5	Q8N801
Q5T8I9	Q5T8I9
Q5T8I9	Q8CAE2
Q5T8I9	Q32PY6
Q24JQ0	Q24JQ0
Q24JQ0	Q3UME2
Q9H5Z6	Q9H5Z6
Q9H5Z6	D3Z5V4
Q9H5Z6	Q8BLQ0
Q9H5Z6	D4ACJ9
Q9H5Z6	Q86V42
P0DTC8	P0DTC8
Q5GAM9	Q5GAM9
Q5GAM9	Q8TAA1
P30307-3	P30307-3
P30307-3	P30304-2
P30307-3	P48965
P30307-3	P30309
P30307-3	P48967
P30307-3	P30306
P30307-3	P30305
P30307-3	P30305-2
P30307-3	P48964
P30307-3	P30305-3
P30307-3	P30307
P30307-3	P30304
P30307-3	P48966
Q6DI92	Q6DI92
Q6DI92	Q86XI8
Q6DI92	Q86XI8-2
Q5FVI4	Q5FVI4
Q5FVI4	Q8N111
Q5FVI4	Q9JKC6
Q8C167	Q8C167
Q8C167	Q4J6C6
Q8C167	Q5HZA6
Q9WUV0	Q9WUV0
Q9WUV0	Q5M7U2
Q9WUV0	O43913
Q9QZM2	Q9QZM2
Q9QZM2	D3ZYP7
Q9QZM2	Q9UHN1
Q6UWN5	Q6UWN5
Q6UWN5	Q9D7Z7
Q6UWN5	Q91YK8
Q6UWN5	O95274
Q6UWN5	O55162
Q7TMX5	Q7TMX5
Q7TMX5	Q6PI26
Q7TMX5	B4F784
P0CW27	P0CW27
P0CW27	S4R181
P0CW27	M0R4R5
Q3UZY0	Q3UZY0
Q3UZY0	A8K8P3
P45561	P45561
P45561	Q99217
P45561	P63278
P45561	P63277
P45561	Q99218
P45561	P63277-1
Q8TEF2	Q8TEF2
Q6AY88	Q6AY88
Q6AY88	A2A9F4
Q6AY88	Q8NAX2
Q91WW1	Q91WW1
Q91WW1	Q96RP3
Q91WW1	Q924A4
Q91WW1	Q969E3
Q3MHC2	Q3MHC2
Q3MHC2	Q9CWS4
Q3MHC2	Q499P4
Q3MHC2	Q5TA45
Q3MHC2	Q5TA45-5
Q3MHC2	Q9QXK7
Q3MHC2	Q9UKF6
Q6NX65	Q6NX65
Q6NX65	Q8VE70
Q6NX65	Q9BUL8
Q5RJQ0	Q5RJQ0
Q5RJQ0	Q9Y4C5
Q5RJQ0	Q80WV3
Q5RJQ0	Q0VBN2
Q5RJQ0	O43916
Q5RJQ0	Q6XQG8
Q5RJQ0	NP_001102403
Q5RJQ0	Q9GZS9
Q5RJQ0	Q9QZL2
Q5RJQ0	Q9QUP4
Q5RJQ0	Q7LGC8
Q5RJQ0	Q9GZX3
Q5RJQ0	Q8IZU8
Q5RJQ0	Q9R1I1
Q5RJQ0	Q8NCG5
Q5RJQ0	Q8BLI4
Q5RJQ0	Q9EP78
Q5RJQ0	Q9UL01
Q5RJQ0	O88199
Q5RJQ0	Q9EQC0
Q5RJQ0	Q9GZS9-2
Q5RJQ0	Q9NS84
O76042	O76042
P48507-2	P48507-2
P48507-2	O09172
P48507-2	P48507
P48507-2	P48508
Q96S19-6	Q96S19-6
Q96S19-6	Q9DCS2
Q96S19-6	Q96S19
Q96S19-6	Q497C3
Q96S19-6	Q96S19-4
A0A1B0GVH6	A0A1B0GVH6
Q9Y3D8-2	Q9Y3D8-2
Q9Y3D8-2	Q9Y3D8
Q9Y3D8-2	Q8VCP8
Q9Y3D8-2	Q5EB68
Q63751	Q63751
Q63751	A2AJD1
Q63751	Q80XI7
D4A7C9	D4A7C9
D4A7C9	Q0VD83
D4A7C9	Q8VBT6
Q80WQ2	Q80WQ2
Q80WQ2	Q80W92
Q80WQ2	Q08AM6
Q9C086	Q9C086
Q9C086	Q0D2L4
Q9C086	Q99PT3
Q3TY65	Q3TY65
Q3TY65	Q6RUG5
Q3TY65	P97411
Q3TY65	Q05084
Q3TY65	Q8NDH6
Q3TY65	Q05084-2
Q3TY65	Q63054
Q8NCR0	Q8NCR0
Q8NCR0	Q8BG28
Q8NCR0	D3Z9C4
P59773	P59773
P59773	D3ZJ47
P59773	Q9UPX6
P59773	Q8K3V7
P59773	Q8C4X7
Q9NYQ3	Q9NYQ3
Q9NYQ3	B0BNF9
Q9NYQ3	Q9NYQ3-2
Q9NYQ3	Q07523
Q9NYQ3	Q9WU19
Q9NYQ3	Q9UJM8
Q9NYQ3	Q9NYQ2
Q8CF25	Q8CF25
Q8CF25	A6NJJ6
Q6ZN92	Q6ZN92
Q96FC9-2	Q96FC9-2
Q96FC9-2	A0A0G2K8J3
Q96FC9-2	A8MPP1
Q96FC9-2	Q96FC9
Q96FC9-2	Q6AXC6
Q96FC9-2	Q92771
O55128	O55128
O55128	O00422-2
O55128	O00422
O55128	G3V7F6
Q5SV17	Q5SV17
Q5SV17	B2RWJ3
G3X9R0	G3X9R0
G3X9R0	P35663
G3X9R0	F1M1X1
G3X9R0	Q14093
G3X9R0	F1M4Q1
G3X9R0	B1AWN8
A8K010	A8K010
Q5TG53	Q5TG53
Q8K248	Q8K248
Q8K248	Q5XIH9
Q8K248	Q96IR7
Q80W22	Q80W22
Q80W22	Q86YJ6
Q80W22	Q5M7T9
O43687-2	O43687-2
O43687-2	Q6JP77
O43687-2	Q9P0M2
O43687-2	O55074
O43687-2	P0CW23
O43687-2	G3UWD5
O43687-2	Q7TN79
O43687-2	O43687
P07992	P07992
P07992	P07992-3
P07992	D3ZAQ9
P07992	P07903
Q9D7J4	Q9D7J4
Q9D7J4	Q5RI15
Q9D7J4	D3ZYU4
Q9D7J4	Q5RI15-2
Q6MZN7	Q6MZN7
Q96G27	Q96G27
Q96G27	P0C1G7
Q96G27	Q9NX94
Q96G27	Q9NX94-2
Q96G27	P97764
Q96G27	Q8BGW2
Q9NWB7	Q9NWB7
Q9NWB7	D4A1V1
Q9NWB7	Q8BXG3
P02654	P02654
P02654	P34928
P02654	P19939
Q5XII2	Q5XII2
Q5XII2	Q921N8
Q5XII2	Q13227
Q7TSB7	Q7TSB7
Q7TSB7	Q6Y4S4
Q7TSB7	Q15726
Q9Z0E1	Q9Z0E1
Q9Z0E1	Q8TC57
Q69YW2	Q69YW2
Q69YW2	Q0VBF8
Q9Y2B1	Q9Y2B1
Q9Y2B1	Q8VDX6
Q9DAZ5	Q9DAZ5
Q9DAZ5	D4AAG2
Q9DAZ5	Q9BVV8
Q673H1	Q673H1
Q673H1	Q2TAM9
Q8BGN2	Q8BGN2
Q8BGN2	Q8N1A6
Q6PGN9-3	Q6PGN9-3
Q6PGN9-3	Q9D0P7
Q6PGN9-3	Q6PGN9
Q6PGN9-3	Q3KR66
Q6PGN9-3	Q6PGN9-2
Q8C9N2	Q8C9N2
B2RWG1	B2RWG1
B2RWG1	B2GV45
B2RWG1	Q6ZQR2
Q9UHR5-2	Q9UHR5-2
Q9UHR5-2	Q02614
Q9UHR5-2	B5DFL5
Q9UHR5-2	Q9UHR5
D4A904	D4A904
D4A904	Q8R4H7
D4A904	Q8N159
H9CWD5	H9CWD5
H9CWD5	Q8NFU4
Q63ZY7	Q63ZY7
Q63ZY7	Q9WTZ0
Q63ZY7	Q9UBK9
Q63ZY7	Q9UBK9-2
Q9Z244	Q9Z244
Q9Z244	P20839-7
Q9Z244	P20839-6
Q9Z244	P12268
Q9Z244	Q9DCZ1
Q9Z244	P36959
Q9Z244	Q9P2T1-2
Q9Z244	A0A0G2JX25
Q9Z244	Q99L27
Q9Z244	Q9P2T1
Q9Z244	P20839-3
Q9Z244	P24547
Q9Z244	E9PU28
Q9Z244	P50096
Q9Z244	D3ZLZ7
Q9Z244	P20839
D3ZWN6	D3ZWN6
D3ZWN6	Q8TC29
D3ZWN6	Q6SP97
Q9R0C0	Q9R0C0
Q9R0C0	Q4V8A6
Q9R0C0	Q9UL45
A6NDX5	A6NDX5
A6NDX5	Q9QZB1
A6NDX5	P00514
A6NDX5	P00540
A6NDX5	Q8BU31
A6NDX5	Q9Y3L5
A6NDX5	D3ZK56
A6NDX5	P62861
A6NDX5	Q685J3
A6NDX5	Q15751
A6NDX5	Q9DD03
A6NDX5	P27544
A6NDX5	Q28024
A6NDX5	Q8CES0
A6NDX5	M0R671
A6NDX5	B5DEH0
A6NDX5	XP_576354
A6NDX5	F1LT49
A6NDX5	Q6PGF5
A6NDX5	NP_001101729
A6NDX5	P46976-3
A6NDX5	D4A929
A6NDX5	D3ZH66
A6NDX5	B2RYN6
A6NDX5	O43747
A6NDX5	P22892
A6NDX5	XP_224241
A6NDX5	P28740
A6NDX5	Q922Y0
A6NDX5	P41240
A6NDX5	Q9Z188
A6NDX5	D3ZGS3
A6NDX5	XP_001057170
A6NDX5	O94921
A6NDX5	O55222
A6NDX5	Q99J82
A6NDX5	Q13418
A6NDX5	P08069
A6NDX5	Q96L34
A6NDX5	P31938
A6NDX5	Q9NYL2
A6NDX5	Q01973
A6NDX5	P63331
A6NDX5	P67775
A6NDX5	P63330
A6NDX5	P67774
A6NDX5	P67776
A6NDX5	P18652
A6NDX5	P32300
A6NDX5	Q9Y2T1
A6NDX5	P97717
A6NDX5	P48356
A6NDX5	Q6IE82
A6NDX5	O54828
A6NDX5	O00151
A6NDX5	Q62871
A6NDX5	P00390
A6NDX5	Q8IWW6
A6NDX5	Q15057
A6NDX5	O60245
A6NDX5	P29341
A6NDX5	P11940
A6NDX5	Q9EPH8
A6NDX5	Q15052
A6NDX5	Q8TDJ6
A6NDX5	Q7TSG2
A6NDX5	P11404
A6NDX5	P20918
A6NDX5	Q5VZ89
A6NDX5	Q80XC3
A6NDX5	Q8WXE0
A6NDX5	O35260
A6NDX5	O14795
A6NDX5	Q7TPS5
A6NDX5	Q09019
A6NDX5	Q91YU8
A6NDX5	Q9Y618
A6NDX5	Q93008
A6NDX5	E9Q414
A6NDX5	Q99MR0
A6NDX5	P86173
A6NDX5	O94805
A6NDX5	P09661
A6NDX5	Q61147
A6NDX5	Q92904
A6NDX5	O15541
A6NDX5	Q5S006
A6NDX5	Q9Y679
A6NDX5	A2ARV4
A6NDX5	Q5SSJ5
A6NDX5	A2A4U6
A6NDX5	P62253
A6NDX5	P62255
A6NDX5	P62254
A6NDX5	P29466
A6NDX5	O75197
A6NDX5	Q9CWW7
A6NDX5	O14786
A6NDX5	Q9CZX5
A6NDX5	O70479
A6NDX5	O15056
A6NDX5	Q99PL6
A6NDX5	P26151
A6NDX5	Q61490
A6NDX5	Q8BIZ1
A6NDX5	Q5T2T1
A6NDX5	P08861
A6NDX5	O14933
A6NDX5	Q6IE81
A6NDX5	Q8IZW8
A6NDX5	Q6S5L8
A6NDX5	Q12948
A6NDX5	Q6AYK9
A6NDX5	Q9NX36
A6NDX5	P51489
A6NDX5	Q3UYI5
A6NDX5	Q8K4G1
A6NDX5	Q8CD91
A6NDX5	Q5T1R4
A6NDX5	Q5DTW2
A6NDX5	Q15238
A6NDX5	Q63092
A6NDX5	P08887
A6NDX5	Q8BX02
A6NDX5	Q7TT36
A6NDX5	Q13332
A6NDX5	O88758
A6NDX5	Q9JJI7
A6NDX5	Q9P273
A6NDX5	Q8BU04
A6NDX5	P22223
A6NDX5	Q920C1-2
A6NDX5	Q9Y5F7
A6NDX5	Q8VHE0
A6NDX5	Q3UMC0
A6NDX5	O75366
A6NDX5	P21580
A6NDX5	Q8IUH4
A6NDX5	F8VQB6
A6NDX5	Q8BSD5
A6NDX5	Q9ET39
A6NDX5	Q9D168
A6NDX5	P04186
A6NDX5	Q8R2P1
A6NDX5	P32246
A6NDX5	O60733
A6NDX5	Q96M93
A6NDX5	Q6NYC1
A6NDX5	Q68BL7-3
A6NDX5	P48742
A6NDX5	P63006
A6NDX5	P63007
A6NDX5	Q53GG5-2
A6NDX5	Q6PJI9
A6NDX5	Q8N3J5
A6NDX5	Q6AYC4
A6NDX5	Q99733
A6NDX5	P20472
A6NDX5	Q91X88
A6NDX5	P27930
A6NDX5	A4D1P6
A6NDX5	Q9BWE0
A6NDX5	Q9WVL5
A6NDX5	Q92729
A6NDX5	Q62028
A6NDX5	Q4L180
A6NDX5	Q9BZM3
A6NDX5	Q8N4P6
A6NDX5	Q4U4S6
A6NDX5	Q8N8L2
A6NDX5	Q3V1G4
A6NDX5	Q7TN31
A6NDX5	P52824
A6NDX5	Q8BXJ4
A6NDX5	Q3TLP5
A6NDX5	O70355
A6NDX5	Q8R1B0
A6NDX5	Q9HBT6
A6NDX5	Q2WEN9
A6NDX5	Q9NS39
A6NDX5	Q8VE42
A6NDX5	Q9C099
A6NDX5	A4D2P6
A6NDX5	Q9JHB4
A6NDX5	Q71FD7
A6NDX5	Q5VW00
A6NDX5	Q8IVF5-2
A6NDX5	P52746
A6NDX5	Q9QVN7
A6NDX5	Q8BR37
A6NDX5	Q8VEV5
A6NDX5	O75449
A6NDX5	Q9D5P4
A6NDX5	Q9HBX8
A6NDX5	Q60890
A6NDX5	P70663
A6NDX5	O15031
A6NDX5	Q9UJN7
A6NDX5	Q80WM4
A6NDX5	Q6X9E4
A6NDX5	Q8K285
A6NDX5	Q5JT25
A6NDX5	Q91ZM8
A6NDX5	Q86V35
A6NDX5	Q66H96
A6NDX5	Q5BK71
A6NDX5	P46718
A6NDX5	P70178
A6NDX5	Q9Z2B2
A6NDX5	Q9UGU5
A6NDX5	P70196
A6NDX5	Q9JKS5
A6NDX5	O75529
A6NDX5	P49639
A6NDX5	P78346
A6NDX5	Q9D2Z8
A6NDX5	Q8VCD7
A6NDX5	P61077
A6NDX5	P61079
A6NDX5	P61078
A6NDX5	Q8K3I4
A6NDX5	P25101
A6NDX5	Q8K3X6
A6NDX5	Q9UBC3
A6NDX5	O43255
A6NDX5	O94892
A6NDX5	O00748
A6NDX5	Q8K424
A6NDX5	Q9HBW0
A6NDX5	O15066
A6NDX5	P02692
A6NDX5	Q9QZM4
A6NDX5	Q61602
A6NDX5	P98153
A6NDX5	O75190
A6NDX5	Q9ULX7
A6NDX5	Q03989
A6NDX5	A1KXC4
A6NDX5	Q9JJW5
A6NDX5	Q60I27
A6NDX5	Q8WUJ3
A6NDX5	O43613
A6NDX5	Q8K3E5
A6NDX5	P43275
A6NDX5	Q9Y2K7
A6NDX5	Q5VV67
A6NDX5	D3ZQV8
A6NDX5	A8MWY0
A6NDX5	Q8NI51
A6NDX5	Q8BJM7
A6NDX5	Q96CN4
A6NDX5	Q80TM9
A6NDX5	Q9BY15
A6NDX5	P26012
A6NDX5	Q9P2K3
A6NDX5	Q6VNB8
A6NDX5	Q8NAN2
A6NDX5	Q99PF4
A6NDX5	Q499N3
A6NDX5	Q9BV38
A6NDX5	Q9UGC6
A6NDX5	P21761
A6NDX5	Q9Y2U9
A6NDX5	P56395
A6NDX5	Q80VL1
A6NDX5	Q9H6T3
A6NDX5	P13945
A6NDX5	Q9QY06
A6NDX5	O88923
A6NDX5	Q92692-2
A6NDX5	Q12933
A6NDX5	Q99104
A6NDX5	P15880
A6NDX5	Q9H2L7
A6NDX5	Q13045
A6NDX5	Q8BGG7
A6NDX5	O88884
A6NDX5	Q92667
A6NDX5	Q04692
A6NDX5	Q6DFZ1
A6NDX5	P46379
A6NDX5	Q9EPJ9
A6NDX5	Q3USH5
A6NDX5	Q8IX15
A6NDX5	Q8BM75
A6NDX5	O88809
A6NDX5	Q01469
A6NDX5	P81066
A6NDX5	P15823
A6NDX5	Q8N9B4
A6NDX5	P22888
A6NDX5	Q62093
A6NDX5	Q01130
A6NDX5	Q6PDU1
A6NDX5	Q922J3
A6NDX5	Q8CFX3
A6NDX5	Q6ZRR7
A6NDX5	Q08EC4
A6NDX5	Q8BYC6
A6NDX5	Q3UND0
A6NDX5	O35186
A6NDX5	P31689
A6NDX5	P63036
A6NDX5	P63037
A6NDX5	Q64127
A6NDX5	Q8VE97
A6NDX5	Q61792
A6NDX5	Q7TPS0
A6NDX5	Q8TDX7
A6NDX5	P08101
A6NDX5	Q99J08
A6NDX5	O08648
A6NDX5	Q6P4S6
A6NDX5	P42684
A6NDX5	O08678
A6NDX5	Q9UQM7
A6NDX5	P11275
A6NDX5	P11798
A6NDX5	Q58A65
A6NDX5	P26043
A6NDX5	Q60750
A6NDX5	Q63788
A6NDX5	P18433-2
A6NDX5	P29353
A6NDX5	Q9JIH7
A6NDX5	P15151
A6NDX5	P13379
A6NDX5	O00159
A6NDX5	P21333
A6NDX5	Q9QUM4
A6NDX5	O00562
A6NDX5	Q9Z1B7
A6NDX5	O15111
A6NDX5	O70400
A6NDX5	Q91820
A6NDX5	Q9Y3F4
A6NDX5	P12830
A6NDX5	Q9Z0U1
A6NDX5	O15524
A6NDX5	E9Q616
A6NDX5	P52332
A6NDX5	Q15149
A6NDX5	O43772
A6NDX5	Q9DCN2
A6NDX5	Q99M80
A6NDX5	Q92888
A6NDX5	Q13467
A6NDX5	Q92673
A6NDX5	P50502
A6NDX5	Q8BRH4
A6NDX5	O94851
A6NDX5	O88512
A6NDX5	Q9Y5S1
A6NDX5	P70426
A6NDX5	Q00056
A6NDX5	Q9JI46
A6NDX5	Q9Y623
A6NDX5	Q8R084
A6NDX5	Q8N1E6
A6NDX5	B1AK53
A6NDX5	Q2EMV9
A6NDX5	Q99KW3
A6NDX5	Q9H079
A6NDX5	Q9UHC6
A6NDX5	Q80TN4
A6NDX5	Q5TYW2
A6NDX5	O95450
A6NDX5	Q9Y6U3
A6NDX5	Q769J6
A6NDX5	Q80W85
A6NDX5	Q61555
A6NDX5	Q9D2H8
A6NDX5	Q8BFR2
A6NDX5	P58929
A6NDX5	F1MAK3
A6NDX5	Q9D7I5
A6NDX5	Q8N239
A6NDX5	Q14576
A6NDX5	Q96MI6
A6NDX5	P59190
A6NDX5	NP_001099250
A6NDX5	Q64122
A6NDX5	Q67ER2
A6NDX5	Q9BYU1
A6NDX5	Q96II8
A6NDX5	Q8WWF8
A6NDX5	Q6IFG1
A6NDX5	Q9P202
A6NDX5	Q14CB8
A6NDX5	Q4L1J4
A6NDX5	Q8CII9
A6NDX5	XP_001081444
A6NDX5	Q05AC5
A6NDX5	E9QA62
A6NDX5	Q6DGF9
A6NDX5	NP_001102977
A6NDX5	XP_573729
A6NDX5	Q6PIU2
A6NDX5	Q8BV42
A6NDX5	Q9JJE7
A6NDX5	Q66K14-2
A6NDX5	Q15760
A6NDX5	Q9JK15
A6NDX5	Q562B4
A6NDX5	D4A7X9
A6NDX5	Q9NNX6
A6NDX5	Q7Z7M9
A6NDX5	Q8TDY8
A6NDX5	P23759-1
A6NDX5	P60660-2
A6NDX5	Q64119
A6NDX5	Q60605-2
A6NDX5	P10144
A6NDX5	P09632
A6NDX5	Q6PGA3
A6NDX5	P59178
A6NDX5	Q922I5
A6NDX5	Q8BM81
A6NDX5	Q8C0P7
A6NDX5	Q60843
A6NDX5	Q93096
A6NDX5	Q63739
A6NDX5	Q78EG7
A6NDX5	Q9UBX7
A6NDX5	A6NDI0
A6NDX5	P01920_VAR_Y62S
A6NDX5	Q9NS15
A6NDX5	Q6IF00
A6NDX5	Q91636
A6NDX5	Q96SK3
A6NDX5	Q70CQ3
A6NDX5	Q3URU2
A6NDX5	Q96S99
A6NDX5	M0QWN7
A6NDX5	Q6P3W2
A6NDX5	O15118
A6NDX5	Q86W25
A6NDX5	O76000
A6NDX5	Q9JLL3
A6NDX5	Q05306
A6NDX5	Q5JU00
A6NDX5	Q9H6R6
A6NDX5	E9PVD3
A6NDX5	Q9BTV6
A6NDX5	Q91XD8
A6NDX5	Q8K458
A6NDX5	Q9ERR8
A6NDX5	Q8TAF7
A6NDX5	Q3TFD2
A6NDX5	Q86VW2
A6NDX5	P0DTD1
A6NDX5	P10911-3
A6NDX5	Q86U06-2
A6NDX5	Q80ZD9
A6NDX5	Q5TD97
A6NDX5	Q2WGJ6
A6NDX5	P09486
A6NDX5	Q9UM47
A6NDX5	Q68D85
A6NDX5	Q80UQ2-2
A6NDX5	Q95216
A6NDX5	O43464-2
A6NDX5	Q96SR6
A6NDX5	XP_001075949
A6NDX5	P51178
A6NDX5	Q8BW93
A6NDX5	Q99677
A6NDX5	Q9JM52-3
A6NDX5	Q7Z6P3
A6NDX5	Q6V4S5
A6NDX5	Q499D0
A6NDX5	Q86SE5
A6NDX5	O76041-2
A6NDX5	Q91XL1
A6NDX5	Q8BH83
A6NDX5	Q7TRT9
A6NDX5	Q91W20
A6NDX5	Q9NY43
A6NDX5	Q96MT1
A6NDX5	Q6MFW6
A6NDX5	Q9ERP3
A6NDX5	Q9UQ88-8
A6NDX5	Q60754
A6NDX5	P10755
A6NDX5	Q00288
A6NDX5	O88713
A6NDX5	Q3UVF6
A6NDX5	Q9Z2F2
A6NDX5	Q86VF7-3
A6NDX5	G5E8F4
A6NDX5	P21180
A6NDX5	P23280
A6NDX5	Q8CHE5
A6NDX5	P08637
A6NDX5	Q8TAU0
A6NDX5	Q8CG29
A6NDX5	Q32P51
A6NDX5	P08042
A6NDX5	A6NH57
A6NDX5	P0CG23
A6NDX5	Q86UT6-2
A6NDX5	Q9BQ87
A6NDX5	P11464
A6NDX5	Q9JIM3-2
A6NDX5	Q8N720-3
A6NDX5	Q3UUU0
A6NDX5	O70373
A6NDX5	Q3TU90
A6NDX5	Q63088
A6NDX5	Q8VHS6
A6NDX5	Q9Z1T6-3
A6NDX5	Q8K214-2
A6NDX5	NP_828863
A6NDX5	P35462-3
A6NDX5	Q9BY31
A6NDX5	Q6ZS81
A6NDX5	Q8VGL0
A6NDX5	P59926
A6NDX5	Q9R1K8
A6NDX5	Q9R080
A6NDX5	Q62888
A6NDX5	D3ZKQ0
A6NDX5	D3ZIL3
A6NDX5	P50343
A6NDX5	D3ZVM9
A6NDX5	NP_001388596
A6NDX5	D3ZP13
A6NDX5	NP_001162613
A6NDX5	F1M9K2
A6NDX5	D3ZSX6
A6NDX5	NP_001102660
A6NDX5	O88900
A6NDX5	A8C4G9
A6NDX5	Q9Z173
A6NDX5	Q62658
A6NDX5	Q6P720
A6NDX5	Q9Z2I2
A6NDX5	Q6IFN5
A6NDX5	Q0VAX9
A6NDX5	P09093
A6NDX5	Q02853
A6NDX5	Q5U4F7
A6NDX5	XP_002725705
A6NDX5	Q9NZJ9
A6NDX5	Q920S2
A6NDX5	P27645
A6NDX5	P0C7T3
A6NDX5	P28470
A6NDX5	Q8NBI2
A6NDX5	Q8K299
A6NDX5	Q8K5A9
A6NDX5	B1WC09
A6NDX5	B1AS42
A6NDX5	Q50L43
A6NDX5	P12544
A6NDX5	M0RBN5
A6NDX5	D3ZBM2
A6NDX5	Q62673
A6NDX5	Q5HYJ3-2
A6NDX5	Q9QVC8
A6NDX5	XP_001054913
A6NDX5	Q86TI4
A6NDX5	Q86XN8-3
A6NDX5	NP_001102282
A6NDX5	NP_001101457
A6NDX5	Q9Y5H4
A6NDX5	ENSRNOP00000020933
A6NDX5	ENSRNOP00000024955
A6NDX5	Q9JKR5
A6NDX5	Q5XIT0
A6NDX5	Q91Y15
A6NDX5	Q08495-2
A6NDX5	P18421
A6NDX5	P80067
A6NDX5	Q3U4L8
A6NDX5	Q9D9L5
A6NDX5	Q9UPS8-2
A6NDX5	O88599
A6NDX5	P46736-2
A6NDX5	Q810S1
A6NDX5	Q9JJL9
A6NDX5	Q9DAG6
A6NDX5	Q9QYC6
A6NDX5	P08483
A6NDX5	P34980
A6NDX5	P35407
A6NDX5	Q8NH67
A6NDX5	Q8VGU4
A6NDX5	P04908
A6NDX5	P20671
A6NDX5	C0HKE1
A6NDX5	Q7L7L0
A6NDX5	Q8BFU2
A6NDX5	Q4FZT6
A6NDX5	Q8CGP5
A6NDX5	Q8CGP7
A6NDX5	P0C170
A6NDX5	P83858
A6NDX5	Q5U2N2
A6NDX5	O75679
A6NDX5	B5DF02
A6NDX5	Q921E6
A6NDX5	O75530
A6NDX5	Q8K1Q3
A6NDX5	Q96K21-3
A6NDX5	Q8VGP8
A6NDX5	Q96R84
A6NDX5	P49799
A6NDX5	Q9ULW2
A6NDX5	Q99MT6
A6NDX5	Q9HB89
A6NDX5	Q8NGV7
A6NDX5	P09655
A6NDX5	O35375-5
A6NDX5	Q13258
A6NDX5	P01601
A6NDX5	Q8NG99
A6NDX5	Q9NQ94-4
A6NDX5	Q8BHK4
A6NDX5	O54707
A6NDX5	P13765
A6NDX5	Q3TJB1
A6NDX5	Q8BI69
A6NDX5	Q9NQS3-3
A6NDX5	Q13822-2
A6NDX5	Q14774
A6NDX5	Q7TRT8
A6NDX5	P0DTE5
A6NDX5	E9Q4Y4
A6NDX5	Q8BNX1
A6NDX5	P20774
A6NDX5	Q2THW7
A6NDX5	Q31141
A6NDX5	Q3TZI6
A6NDX5	Q9Y2I8-2
A6NDX5	P08399
A6NDX5	Q7Z3H0
A6NDX5	Q91XY9
A6NDX5	Q9Y5W7-2
A6NDX5	Q86VF2-3
A6NDX5	A6NIU2
A6NDX5	Q8TEW8-5
A6NDX5	Q9Y5B0-4
A6NDX5	P26022
A6NDX5	Q9BY71
A6NDX5	Q2VPA4
A6NDX5	Q9D259
A6NDX5	O60575
A6NDX5	NP_001101645
A6NDX5	D3ZJ92
A6NDX5	Q3MID3
A6NDX5	Q6P6S1
A6NDX5	D4ACD2
A6NDX5	NP_001099552
A6NDX5	D3ZK47
A6NDX5	D4A501
A6NDX5	Q4V896
A6NDX5	Q56A18
A6NDX5	Q85ZW5
A6NDX5	Q9Y620-2
A6NDX5	Q15303-4
A6NDX5	Q5XX13
A6NDX5	Q0VAX3
A6NDX5	Q6ZPE2-2
A6NDX5	Q12923-2
A6NDX5	XP_001476618
A6NDX5	Q8VGY6
A6NDX5	Q80XU5
A6NDX5	Q96PN7-4
A6NDX5	G3V6G8
A6NDX5	B1WBW7
A6NDX5	P11362-14
A6NDX5	P27361-2
A6NDX5	Q6QR59
A6NDX5	F1LTB8
A6NDX5	Q66HC9
A6NDX5	Q8CIN9
A6NDX5	Q6P6V6
A6NDX5	Q5DTM2
A6NDX5	Q16322
A6NDX5	Q641Y8
A6NDX5	P08503
A6NDX5	Q7Z3S9
A6NDX5	P12711
A6NDX5	B2RYM5
A6NDX5	Q6P5P3
A6NDX5	Q4FZT8
A6NDX5	B5DFK2
A6NDX5	A7TZF3
A6NDX5	Q6AYT0
A6NDX5	Q63ZY3-2
A6NDX5	Q99388
A6NDX5	Q5T4S7-2
A6NDX5	B2RYD0
A6NDX5	P60604
A6NDX5	P60605
A6NDX5	Q63769
A6NDX5	Q9H9P5
A6NDX5	Q07955-2
A6NDX5	Q9HC98-4
A6NDX5	B2RU33
A6NDX5	Q4L0E8
A6NDX5	Q13017-2
A6NDX5	Q96J02-2
A6NDX5	P51886
A6NDX5	D3ZFK6
A6NDX5	O15068-3
A6NDX5	B0BN49
A6NDX5	Q08345-2
A6NDX5	Q8NI35-2
A6NDX5	Q8NEZ4-3
A6NDX5	Q8CEK3
A6NDX5	Q92800-3
A6NDX5	Q9UMN6-2
A6NDX5	Q8TD26-2
A6NDX5	Q4AE70
A6NDX5	D4A3X6
A6NDX5	M0RBD9
A6NDX5	F2Z398
A6NDX5	L7N1Y8
A6NDX5	D3ZAS4
A6NDX5	D4A7N0
A6NDX5	A6QL64
A6NDX5	P16070-10
A6NDX5	P78324-4
A6NDX5	Q16512-2
A6NDX5	P49759-3
A6NDX5	Q53GS9-2
A6NDX5	P55259-3
A6NDX5	Q63829
A6NDX5	Q8IWF7
A6NDX5	Q71UI9-3
A6NDX5	P55201-2
A6NDX5	Q13118-2
A6NDX5	D3ZSJ7
A6NDX5	Q5RKG2
A6NDX5	O15021-1
A6NDX5	D4A9D6
A6NDX5	Q9HBE1-2
A6NDX5	O75962-4
A6NDX5	Q9UN19-2
A6NDX5	Q6AXZ5
A6NDX5	Q61476
A6NDX5	F1LVL5
A6NDX5	Q5RKG8
A6NDX5	Q8TEQ0-2
A6NDX5	Q5M775-3
A6NDX5	Q8IWQ3-5
A6NDX5	O94921-3
A6NDX5	Q92879-2
A6NDX5	A7TZF0
A6NDX5	Q7L4E1-2
A6NDX5	Q9UHX1-5
A6NDX5	P01904
A6NDX5	P01599
A6NDX5	Q9UHB4-3
A6NDX5	Q8IZJ1-2
A6NDX5	A0A0B4J1V1
A6NDX5	Q9Y2I7-2
A6NDX5	A2AJX4
A6NDX5	A9UJZ9
A6NDX5	Q8BTE6
A6NDX5	Q6XZF7-2
A6NDX5	O60733-2
A6NDX5	Q96L92-4
A6NDX5	Q862H7
A6NDX5	NP_001280025
A6NDX5	Q5T6R2-2
A6NDX5	Q924S2
A6NDX5	B2KG20
A6NDX5	F1MD88
A6NDX5	A0A075B6H9
A6NDX5	O70156
A6NDX5	O60449-2
A6NDX5	Q16653-13
A6NDX5	A0A5B0
A6NDX5	Q7Z406-6
A6NDX5	O75923-8
A6NDX5	Q8IX30-2
A6NDX5	D3ZBM4
A6NDX5	P15950
A6NDX5	Q0V8T4
A6NDX5	F1LNI5
A6NDX5	O95819-4
A6NDX5	Q4KLM5
A6NDX5	B6CZ61
A6NDX5	Q9EQV8
A6NDX5	Q6DGF5
A6NDX5	Q5FVR4
A6NDX5	Q63415
A6NDX5	Q9UNY4-2
A6NDX5	O70540
A6NDX5	Q96MT1-5
A6NDX5	P55735-3
A6NDX5	Q8TDQ1-6
A6NDX5	Q8IXI2-7
A6NDX5	D3ZQB7
A6NDX5	Q5U2X9
A6NDX5	A0A0G2K5I7
A6NDX5	XP_038946056
A6NDX5	P80748
A6NDX5	NP_001382526
A6NDX5	A0A1W2PQL4
A6NDX5	D4A6L1
A6NDX5	F1LR02
A6NDX5	D4A1H7
A6NDX5	A0A0B4J200
A6NDX5	A0A0B4J266
A6NDX5	P63145
A6NDX5	A0A0B4J1U6
A6NDX5	Q569C2
A6NDX5	Q62929
A6NDX5	P20720
A6NDX5	O08961
A6NDX5	XP_006241972
A6NDX5	D3ZRH6
A6NDX5	NP_001386382
A6NDX5	O43447
A6NDX5	Q9D868-2
A6NDX5	A0JD36
A6NDX5	A0A8I5Y222
A6NDX5	P48454-2
A6NDX5	Q7KYR7-1
A6NDX5	Q8NF67
A6NDX5	A0A3B3IT33
A6NDX5	Q8TAV0-3
A6NDX5	A0A804HLA8
A6NDX5	P43487-2
A6NDX5	Q6PIU2-2
A6NDX5	A4D1S5-2
A6NDX5	B0BNB8
A6NDX5	B0BMX3
A6NDX5	Q9DAK8
A6NDX5	P62716
A6NDX5	P62715
A6NDX5	P62714
A6NDX5	Q0R4E4
A6NDX5	E9PZQ0
A6NDX5	Q5T4S7
A6NDX5	NP_001164067
A6NDX5	Q924K1
A6NDX5	F1M5H6
A6NDX5	A3KGB4
A6NDX5	D3ZEN0
A6NDX5	NP_001102189
A6NDX5	Q5ZMW5
A6NDX5	B2RQE8
A6NDX5	Q8QZW8
A6NDX5	O43379
A6NDX5	Q9UMZ3
A6NDX5	Q3UTJ2-2
A6NDX5	E9Q264
A6NDX5	D3ZHZ3
A6NDX5	Q9BXJ4-3
A6NDX5	A6NJW4
A6NDX5	O43781
A6NDX5	Q9Y463
A6NDX5	Q3C1V8
A6NDX5	D3ZHA0
A6NDX5	Q80W14-3
A6NDX5	Q8K0D0
A6NDX5	P24062
A6NDX5	O75179
A6NDX5	Q9Z265
A6NDX5	Q02750
A6NDX5	P29678
A6NDX5	Q01986
A6NDX5	P00518
A6NDX5	Q61006
A6NDX5	P38656
A6NDX5	Q9BXB4
A6NDX5	Q63531
A6NDX5	P41143
A6NDX5	P18666
A6NDX5	O14950
A6NDX5	Q3THE2
A6NDX5	P05771
A6NDX5	P32240
A6NDX5	Q08943
A6NDX5	O70343
A6NDX5	P84077
A6NDX5	P84078
A6NDX5	P84079
A6NDX5	O43426
A6NDX5	Q99418
A6NDX5	P47876
A6NDX5	Q3UIL6
A6NDX5	P97822
A6NDX5	O70318
A6NDX5	Q9Z340
A6NDX5	Q9BSJ8
A6NDX5	Q9JHL4
A6NDX5	P09066
A6NDX5	P11171-4
A6NDX5	P01832
A6NDX5	Q53RE8
A6NDX5	Q08495
A6NDX5	Q8CGB3
A6NDX5	Q96RE7
A6NDX5	Q86YS7
A6NDX5	Q6J1Y9
A6NDX5	Q9NQ55
A6NDX5	Q9CWZ3
A6NDX5	Q9Y5S9
A6NDX5	Q27W01
A6NDX5	Q7Z2W4
A6NDX5	Q3B7U9
A6NDX5	O35823
A6NDX5	Q6VYH9
A6NDX5	P00450
A6NDX5	O94925
A6NDX5	Q9JL04
A6NDX5	O08992
A6NDX5	Q8BM65
A6NDX5	P58854
A6NDX5	Q9HCZ1
A6NDX5	Q9D2H5
A6NDX5	Q9ESK3
A6NDX5	P70207
A6NDX5	Q02384
A6NDX5	Q91WF7
A6NDX5	Q9P0U4
A6NDX5	Q96BK5
A6NDX5	Q07797
A6NDX5	Q9BZV1
A6NDX5	P98063
A6NDX5	Q8TDF5
A6NDX5	P12314
A6NDX5	Q13740
A6NDX5	Q7Z6G8
A6NDX5	P13611
A6NDX5	Q6ZPI0
A6NDX5	Q96JA1
A6NDX5	Q8NH74
A6NDX5	Q99P51
A6NDX5	Q9HB21
A6NDX5	Q9WTK2
A6NDX5	Q9H3U7
A6NDX5	Q68DK2
A6NDX5	Q63ZY3
A6NDX5	O35173
A6NDX5	P56677
A6NDX5	Q8IVL1
A6NDX5	Q8N806
A6NDX5	Q923P0
A6NDX5	Q8CIV8
A6NDX5	Q9UGP8
A6NDX5	Q92930
A6NDX5	O88410
A6NDX5	A2A2Y4
A6NDX5	P56485
A6NDX5	Q5VZ18
A6NDX5	Q96DU3
A6NDX5	P59509
A6NDX5	O14512
A6NDX5	Q9D2H2
A6NDX5	Q811P0
A6NDX5	Q8VHK8
A6NDX5	Q8BPY9
A6NDX5	Q5XI58
A6NDX5	P40121
A6NDX5	Q05769
A6NDX5	A0JNU3
A6NDX5	Q9D2G9
A6NDX5	Q9HCM2
A6NDX5	Q5T2Q4
A6NDX5	Q3U0J8
A6NDX5	Q91XY2
A6NDX5	Q6P3Y9
A6NDX5	Q13018
A6NDX5	Q9UKY3
A6NDX5	Q64317
A6NDX5	Q96MN5
A6NDX5	P98169
A6NDX5	Q91YD4
A6NDX5	Q2TB54
A6NDX5	Q6ZNG0
A6NDX5	Q8TF39
A6NDX5	Q68BL8
A6NDX5	Q8N302
A6NDX5	Q7Z4V0
A6NDX5	Q86YB7
A6NDX5	Q6UXZ0
A6NDX5	Q9UIR0
A6NDX5	Q6ZMT1
A6NDX5	O88412
A6NDX5	Q9QYJ0
A6NDX5	O60884
A6NDX5	O35824
A6NDX5	Q09163
A6NDX5	Q5VZP5
A6NDX5	Q8N264
A6NDX5	Q7TPM6
A6NDX5	O43295
A6NDX5	Q5SUS0
A6NDX5	Q8C2K1
A6NDX5	Q8BTW4
A6NDX5	P22079
A6NDX5	Q03311
A6NDX5	Q8WUP2
A6NDX5	Q8K370
A6NDX5	O43933
A6NDX5	O14798
A6NDX5	O60282
A6NDX5	Q15560
A6NDX5	Q6VVB1
A6NDX5	Q7TQV3
A6NDX5	Q8BRG6
A6NDX5	Q6TFL4
A6NDX5	Q56A24
A6NDX5	Q5HZI2
A6NDX5	Q8NCV1
A6NDX5	P58173
A6NDX5	Q64299
A6NDX5	Q14515
A6NDX5	P24821
A6NDX5	Q9Z100
A6NDX5	Q8N693
A6NDX5	Q86UW8
A6NDX5	Q63ZV0
A6NDX5	O14526
A6NDX5	Q15973
A6NDX5	Q6P3A9
A6NDX5	Q16342
A6NDX5	Q8N196
A6NDX5	P00755
A6NDX5	O95258
A6NDX5	Q9Y4K3
A6NDX5	Q99MB2
A6NDX5	Q9H0E9-2
A6NDX5	Q5JVS0
A6NDX5	Q86UP3
A6NDX5	Q4KMA2
A6NDX5	Q8VEL9
A6NDX5	Q8NFW9
A6NDX5	Q7TSC3
A6NDX5	Q8N8V4
A6NDX5	Q9NX65
A6NDX5	Q80TQ2
A6NDX5	Q9BTT6
A6NDX5	Q91ZA6
A6NDX5	P33175
A6NDX5	Q60793
A6NDX5	XP_111398
A6NDX5	Q7TQC7
A6NDX5	P07148
A6NDX5	Q3TIX9
A6NDX5	O00220
A6NDX5	P10071
A6NDX5	Q8IWJ2
A6NDX5	Q6RI45
A6NDX5	O60667
A6NDX5	Q8K296
A6NDX5	Q9H3T2
A6NDX5	Q69ZU8
A6NDX5	Q9UPT9
A6NDX5	Q9ULE0
A6NDX5	P0DPF5
A6NDX5	O35787
A6NDX5	Q8BMD7
A6NDX5	Q9NV66
A6NDX5	Q91Z83
A6NDX5	P02563
A6NDX5	Q5XKL5
A6NDX5	Q99N43
A6NDX5	Q9H251
A6NDX5	Q4VBE8
A6NDX5	Q3U507
A6NDX5	P34981
A6NDX5	Q791V5
A6NDX5	Q80ZX8
A6NDX5	Q14592
A6NDX5	P00167
A6NDX5	Q9Y2W6
A6NDX5	Q9R187
A6NDX5	Q61169
A6NDX5	Q8JZZ7
A6NDX5	Q9Y4I1
A6NDX5	P52947
A6NDX5	P30968
A6NDX5	Q8IY67
A6NDX5	Q2QI47
A6NDX5	Q8TF42
A6NDX5	P97714
A6NDX5	Q8C5Q4
A6NDX5	Q9WTP0
A6NDX5	Q9H4L7
A6NDX5	P16520
A6NDX5	P48302
A6NDX5	F1LP64
A6NDX5	Q922K7
A6NDX5	Q8N6T3
A6NDX5	Q9D8M7
A6NDX5	Q12872
A6NDX5	O35615
A6NDX5	Q14865
A6NDX5	Q9WTI7
A6NDX5	Q9BZI1
A6NDX5	Q99PG4
A6NDX5	P35368
A6NDX5	Q9EPW0
A6NDX5	Q6ZQ12
A6NDX5	Q8CGB6
A6NDX5	P30622
A6NDX5	Q08174
A6NDX5	P04629-2
A6NDX5	Q9NQ75
A6NDX5	Q9H2K8
A6NDX5	Q8BKX6
A6NDX5	Q9QXS1
A6NDX5	P55097
A6NDX5	Q9QY23
A6NDX5	P04256
A6NDX5	P49312
A6NDX5	P09651-2
A6NDX5	O15164
A6NDX5	Q3UA06
A6NDX5	Q14847
A6NDX5	O08586
A6NDX5	P60484
A6NDX5	O54857
A6NDX5	P24788
A6NDX5	O54785
A6NDX5	P31994
A6NDX5	P16234
A6NDX5	Q9Y6R4
A6NDX5	P51954
A6NDX5	Q8VHJ5
A6NDX5	P16284
A6NDX5	P06493
A6NDX5	Q9NRM7
A6NDX5	P35241
A6NDX5	P29319
A6NDX5	O75815
A6NDX5	P35236
A6NDX5	P21802
A6NDX5	O75369
A6NDX5	P29788
A6NDX5	Q8CFH6
A6NDX5	P56945
A6NDX5	O96017
A6NDX5	Q9QXS6
A6NDX5	P53779-2
A6NDX5	P97874
A6NDX5	P35329
A6NDX5	P10687
A6NDX5	Q8CBW3
A6NDX5	Q969G3
A6NDX5	O35716
A6NDX5	Q3UKC1
A6NDX5	Q6IBS0
A6NDX5	Q3UMW7
A6NDX5	Q01853
A6NDX5	P55072
A6NDX5	P46462
A6NDX5	P07228
A6NDX5	Q8N9I9
A6NDX5	Q8C4U3
A6NDX5	Q9UBU8
A6NDX5	O75367-1
A6NDX5	Q8NG27
A6NDX5	Q8BYM5
A6NDX5	XP_038938195
A6NDX5	Q925I7
A6NDX5	A2AQ92
A6NDX5	Q9P232
A6NDX5	Q8VIG1
A6NDX5	Q5TC82
A6NDX5	Q91XY8
A6NDX5	O75795
A6NDX5	Q8BID8
A6NDX5	Q9ET47
A6NDX5	Q8C190
A6NDX5	Q9QZZ4
A6NDX5	Q9Z0T6
A6NDX5	Q5F3W0
A6NDX5	Q62600
A6NDX5	Q9CWJ3
A6NDX5	Q99942
A6NDX5	Q5VUR7
A6NDX5	Q8C9W3
A6NDX5	Q8N6T0-4
A6NDX5	Q9HAW9
A6NDX5	Q86SE8
A6NDX5	O00602
A6NDX5	XP_006246570
A6NDX5	P52744
A6NDX5	Q05962
A6NDX5	A8MUK1
A6NDX5	P62068
A6NDX5	P62069
A6NDX5	F1M625
A6NDX5	Q9Y639
A6NDX5	Q5JSP0
A6NDX5	Q9HC38
A6NDX5	Q8BIZ1-2
A6NDX5	Q6P3S6
A6NDX5	Q99NE9
A6NDX5	P57771
A6NDX5	P0DP91
A6NDX5	O15205
A6NDX5	Q80VW5
A6NDX5	Q8IUW5
A6NDX5	Q86UV6
A6NDX5	P98083-2
A6NDX5	O35942
A6NDX5	B1WC16
A6NDX5	D3ZES1
A6NDX5	D4ACX8
A6NDX5	XP_577560
A6NDX5	Q96DH6
A6NDX5	Q9GZT3
A6NDX5	XP_573730
A6NDX5	P35125
A6NDX5	O55144
A6NDX5	O43711
A6NDX5	Q8BLF1
A6NDX5	EDL88287
A6NDX5	Q61121
A6NDX5	Q9Y6R7
A6NDX5	P97821
A6NDX5	P48059-3
A6NDX5	Q9D565
A6NDX5	Q96BH3
A6NDX5	P78337
A6NDX5	Q9HB20
A6NDX5	Q9CX97
A6NDX5	Q0VDT2
A6NDX5	H0Y4F5
A6NDX5	Q8N3V7-2
A6NDX5	P04187
A6NDX5	Q7Z4I7
A6NDX5	P80188
A6NDX5	Q96I59
A6NDX5	Q59F58
A6NDX5	Q9QYN3
A6NDX5	Q9H6Y5
A6NDX5	Q8N141
A6NDX5	Q14773
A6NDX5	Q61810
A6NDX5	Q8NGX2
A6NDX5	Q96DH6-2
A6NDX5	Q3UN04
A6NDX5	Q3TB82
A6NDX5	Q91ZF0
A6NDX5	Q9UKP6
A6NDX5	Q76KX8
A6NDX5	Q8NH16
A6NDX5	Q8N2Q7-2
A6NDX5	Q12952
A6NDX5	Q5TEA6
A6NDX5	A6H639
A6NDX5	Q9CPV7
A6NDX5	Q15363
A6NDX5	Q9CYU6
A6NDX5	Q13114
A6NDX5	Q5JPB2
A6NDX5	Q8IVA1
A6NDX5	Q3ULA2-2
A6NDX5	Q9CWR0
A6NDX5	A6NCW7
A6NDX5	P0DTC1
A6NDX5	P19544-2
A6NDX5	O00213-2
A6NDX5	Q9WTX7
A6NDX5	Q8BSF5
A6NDX5	P07214
A6NDX5	Q61982
A6NDX5	P97797-2
A6NDX5	NP_001094455
A6NDX5	Q9H4T2
A6NDX5	B2RXC5
A6NDX5	Q8R3B1
A6NDX5	Q7TRD8
A6NDX5	Q7TSI1
A6NDX5	O54718
A6NDX5	Q9P296
A6NDX5	XP_578230
A6NDX5	F1M8M0
A6NDX5	Q8BG95
A6NDX5	E9PUD6
A6NDX5	Q8BTF8
A6NDX5	O75923-11
A6NDX5	P02750
A6NDX5	Q91V98
A6NDX5	P50222
A6NDX5	Q9D2J4
A6NDX5	Q2I0M4
A6NDX5	Q6PDH4
A6NDX5	Q923S9
A6NDX5	Q15771
A6NDX5	A0A0G2JTT4
A6NDX5	Q5SWK7
A6NDX5	Q7Z401-2
A6NDX5	P04275
A6NDX5	Q8NEY1-5
A6NDX5	Q6ZMW2
A6NDX5	A1Y2K0
A6NDX5	Q13356-2
A6NDX5	Q9NZP8
A6NDX5	Q8N2R0
A6NDX5	P04211
A6NDX5	Q15399
A6NDX5	Q9NTU7
A6NDX5	A6H690
A6NDX5	Q5XFR0
A6NDX5	O14772
A6NDX5	P31955
A6NDX5	Q7TRQ4
A6NDX5	Q6IS24
A6NDX5	P18761
A6NDX5	NP_001156570
A6NDX5	Q9BR84
A6NDX5	A0A0B4J1G0
A6NDX5	Q80U72-3
A6NDX5	A7XV04
A6NDX5	Q9ULJ8-5
A6NDX5	A6NFN3
A6NDX5	Q8NC26
A6NDX5	Q3SY52
A6NDX5	Q8NEM1
A6NDX5	P49744
A6NDX5	A8MW92-4
A6NDX5	Q9QZQ1-2
A6NDX5	Q14AX6-3
A6NDX5	Q8CFE8
A6NDX5	Q8WXK1
A6NDX5	Q8IWZ4
A6NDX5	XP_849482
A6NDX5	Q4KM57
A6NDX5	Q86VF2-5
A6NDX5	BAB28510
A6NDX5	Q9CXP4
A6NDX5	Q8VGK5
A6NDX5	Q9ESQ7
A6NDX5	A0JN29
A6NDX5	XP_001068575
A6NDX5	Q8BLF2
A6NDX5	Q63418
A6NDX5	D4AEG3
A6NDX5	Q6AYT1
A6NDX5	Q3UTJ2
A6NDX5	D4A6Y2
A6NDX5	D3ZQD6
A6NDX5	Q6ZMM2
A6NDX5	Q8CHL0
A6NDX5	F1LWB1
A6NDX5	A0A0G2JV04
A6NDX5	XP_001064247
A6NDX5	NP_001124049
A6NDX5	P19804
A6NDX5	Q02874-1
A6NDX5	Q6P7D7
A6NDX5	Q6AYG3
A6NDX5	P68106
A6NDX5	P97534
A6NDX5	Q8BRU4
A6NDX5	Q3UZI7
A6NDX5	Q8CIK8
A6NDX5	B2RYE5
A6NDX5	NP_001128036
A6NDX5	Q3V096-3
A6NDX5	P08508
A6NDX5	P16546-2
A6NDX5	Q8VGV1
A6NDX5	E0CZ58
A6NDX5	Q96B02
A6NDX5	Q8VDW4
A6NDX5	B5DEI4
A6NDX5	Q6P1H1
A6NDX5	Q9Y2D0
A6NDX5	Q9UKQ9
A6NDX5	Q8CGR6
A6NDX5	Q8WVZ1
A6NDX5	Q62806
A6NDX5	P11032
A6NDX5	Q9NRS4
A6NDX5	XP_343061
A6NDX5	P0C6X7
A6NDX5	Q9H606
A6NDX5	D3ZRM5
A6NDX5	G3V8G1
A6NDX5	Q9JLK7
A6NDX5	P48060
A6NDX5	Q91XZ0
A6NDX5	D4A3V3
A6NDX5	E9PTT0
A6NDX5	Q91Y00
A6NDX5	Q9QYK2
A6NDX5	D3ZJ81
A6NDX5	Q8VGS0
A6NDX5	Q86UD4
A6NDX5	Q9GZZ1-2
A6NDX5	Q5VTL7
A6NDX5	E9Q7P5
A6NDX5	Q5QD16
A6NDX5	P47883
A6NDX5	Q8NH21
A6NDX5	P30085-2
A6NDX5	O08565
A6NDX5	P43114
A6NDX5	A2AU83
A6NDX5	Q6ZWI9
A6NDX5	Q8BG47
A6NDX5	Q9Z327-2
A6NDX5	P35364
A6NDX5	Q9ULW5
A6NDX5	Q8NGI8
A6NDX5	Q8BKG4
A6NDX5	Q9H1Y3
A6NDX5	Q8NH18
A6NDX5	Q8NH95
A6NDX5	P00995
A6NDX5	P70263
A6NDX5	Q8NH00
A6NDX5	Q0P5N6
A6NDX5	Q5VIY5
A6NDX5	O35424
A6NDX5	Q8NHV9
A6NDX5	O14669
A6NDX5	Q6EKJ0
A6NDX5	A5D8T8
A6NDX5	Q8BNV8
A6NDX5	D3ZZZ2
A6NDX5	Q8BGX3
A6NDX5	Q7Z4C7
A6NDX5	A2AP18-2
A6NDX5	Q7M6X9
A6NDX5	Q62000
A6NDX5	Q91YK0-2
A6NDX5	Q5IR70-2
A6NDX5	Q9CR04
A6NDX5	A4V8B4
A6NDX5	ABR15760
A6NDX5	Q9D5E4
A6NDX5	P51610-4
A6NDX5	E9PV98
A6NDX5	Q3U531
A6NDX5	Q6PEW0
A6NDX5	P09065
A6NDX5	Q6ZMN8
A6NDX5	Q8BXP5-2
A6NDX5	Q8TBZ3-2
A6NDX5	P05556-3
A6NDX5	Q8N9B4-2
A6NDX5	Q8IXK0-3
A6NDX5	P15379-2
A6NDX5	A1JVI8
A6NDX5	Q9HB21-2
A6NDX5	P16144-3
A6NDX5	D3ZUH9
A6NDX5	P48740-2
A6NDX5	Q59GZ0
A6NDX5	Q6UWN8
A6NDX5	P48759
A6NDX5	Q8TCV5
A6NDX5	Q96EW2
A6NDX5	P59034
A6NDX5	Q96CD0
A6NDX5	O35679
A6NDX5	Q17RH7
A6NDX5	NP_001094186
A6NDX5	P29411
A6NDX5	Q13813-2
A6NDX5	Q5U2Z5
A6NDX5	Q6AYG1
A6NDX5	G5E8I7
A6NDX5	F1LX30
A6NDX5	P07108-5
A6NDX5	E9PZ12
A6NDX5	Q13642
A6NDX5	Q7TST0
A6NDX5	Q8C1B9
A6NDX5	Q8VFC3
A6NDX5	O75564-2
A6NDX5	Q14BP6
A6NDX5	E9Q2B9
A6NDX5	Q6AYN8
A6NDX5	A6H6E2
A6NDX5	Q61400
A6NDX5	Q5U316
A6NDX5	Q15286
A6NDX5	Q6PHN9
A6NDX5	A6NLJ0
A6NDX5	P52739-2
A6NDX5	D3ZU27
A6NDX5	Q9NZM3-2
A6NDX5	Q8N3R9-2
A6NDX5	Q5I0D1
A6NDX5	Q16385
A6NDX5	Q05469-2
A6NDX5	Q8IYA2
A6NDX5	P0C5H6
A6NDX5	Q9ET58
A6NDX5	Q9WTT2
A6NDX5	O35142
A6NDX5	P50236
A6NDX5	Q9UK12-2
A6NDX5	D3ZUP4
A6NDX5	Q86UW9-2
A6NDX5	Q9H6N6
A6NDX5	Q920G2
A6NDX5	D3ZSC8
A6NDX5	D3Z8I9
A6NDX5	D4A3N0
A6NDX5	D4A3S7
A6NDX5	Q8IVT5-2
A6NDX5	Q96GD4-2
A6NDX5	Q147X3-2
A6NDX5	Q86XW9
A6NDX5	Q9BYE2-2
A6NDX5	P0CJ79
A6NDX5	D4A8G9
A6NDX5	Q3KR56
A6NDX5	Q9H4L7-2
A6NDX5	Q08345-5
A6NDX5	D4A5C0
A6NDX5	Q3SXG2
A6NDX5	NP_001100494
A6NDX5	Q92804-2
A6NDX5	D4A0X3
A6NDX5	P13084-2
A6NDX5	Q5QP82-2
A6NDX5	Q8WWY7
A6NDX5	Q9WU06
A6NDX5	M0R8P3
A6NDX5	P0DM40
A6NDX5	C9JLJ4
A6NDX5	Q6ZNB6-2
A6NDX5	Q14847-2
A6NDX5	Q9H5P4-2
A6NDX5	Q5FWY5
A6NDX5	M0R3Z0
A6NDX5	O60229-4
A6NDX5	Q4KLM7
A6NDX5	D3ZPR3
A6NDX5	B0BNM2
A6NDX5	Q8VGI6
A6NDX5	Q6MFX5
A6NDX5	O15530-2
A6NDX5	Q96G46-2
A6NDX5	A0AV96-2
A6NDX5	O95704-2
A6NDX5	Q8VF62
A6NDX5	O15021-2
A6NDX5	Q4VAC9-2
A6NDX5	Q96PE3-4
A6NDX5	P40121-2
A6NDX5	B7ZAP0
A6NDX5	Q96L34-2
A6NDX5	Q9C0G0-2
A6NDX5	O94854-4
A6NDX5	P12400
A6NDX5	D3ZKW6
A6NDX5	Q96JP2
A6NDX5	O75330-2
A6NDX5	Q9NVH1-3
A6NDX5	Q8IWQ3-6
A6NDX5	Q9BXF3-3
A6NDX5	Q96J87-2
A6NDX5	O14647-2
A6NDX5	Q86TC9-2
A6NDX5	P42684-10
A6NDX5	Q9JL26-2
A6NDX5	Q03112-4
A6NDX5	P14439
A6NDX5	D4ABT4
A6NDX5	Q6ZN44-3
A6NDX5	A0A0B4J1V0
A6NDX5	Q8NFH8-3
A6NDX5	P15976-2
A6NDX5	P21802-18
A6NDX5	A1EC93
A6NDX5	P0DOX2
A6NDX5	P54756-2
A6NDX5	Q155Q3-2
A6NDX5	O75970-3
A6NDX5	O60733-3
A6NDX5	E1BE68
A6NDX5	A7MB01
A6NDX5	E1BLP6
A6NDX5	P23097
A6NDX5	Q3T0M7
A6NDX5	Q5DT39
A6NDX5	F1ML32
A6NDX5	Q14766-3
A6NDX5	F1MN42
A6NDX5	O95490-5
A6NDX5	Q9P121-4
A6NDX5	Q9BZF3-5
A6NDX5	Q9CY18
A6NDX5	Q9UJY5-6
A6NDX5	Q9ULV0-2
A6NDX5	P13497-6
A6NDX5	P11234-2
A6NDX5	Q9P0J1-2
A6NDX5	Q5BK10
A6NDX5	D3Z8R4
A6NDX5	Q9R010
A6NDX5	P56700
A6NDX5	A0A075B700
A6NDX5	Q6IE62
A6NDX5	D3ZXS4
A6NDX5	B1WC39
A6NDX5	Q63799
A6NDX5	Q6P7C4
A6NDX5	Q5QJC9
A6NDX5	Q5PPF5
A6NDX5	Q4KM95
A6NDX5	Q68FP8
A6NDX5	Q58F21-2
A6NDX5	P0DMM9-3
A6NDX5	O43508-2
A6NDX5	Q9UHP7-3
A6NDX5	Q8IXI2-2
A6NDX5	Q14449-2
A6NDX5	NP_001128487
A6NDX5	P78310-6
A6NDX5	Q86TD4-1
A6NDX5	NP_671480
A6NDX5	A0A0B4J1U7
A6NDX5	O95243-2
A6NDX5	Q9HBG6-10
A6NDX5	D4A9Z2
A6NDX5	L7N1X6
A6NDX5	Q06606
A6NDX5	D3ZF92
A6NDX5	D4A9L9
A6NDX5	Q60653
A6NDX5	A0A0B4J277
A6NDX5	D4AAE4
A6NDX5	Q9WUQ1
A6NDX5	P36374
A6NDX5	Q8WTZ4
A6NDX5	Q4QR82
A6NDX5	Q9JIM4
A6NDX5	Q5HZW5
A6NDX5	Q5XIK1
A6NDX5	A0A0K0K1A3
A6NDX5	G3V802
A6NDX5	Q8VDA1
A6NDX5	P85171
A6NDX5	Q08406
A6NDX5	Q5QD15
A6NDX5	Q99PD2
A6NDX5	P97527
A6NDX5	Q5XHY1
A6NDX5	XP_038954072
A6NDX5	NP_001385719
A6NDX5	Q32PZ0
A6NDX5	A0A0G2JVM3
A6NDX5	A0A075B767
A6NDX5	NP_001386324
A6NDX5	XP_038938515
A6NDX5	XP_038956179
A6NDX5	Q15907-2
A6NDX5	P49186-2
A6NDX5	Q8TDW7-1
A6NDX5	Q9UHB4-2
A6NDX5	Q96AX2-3
A6NDX5	Q8C0Y1
A6NDX5	P80206
A6NDX5	F2Z3S7
A6NDX5	P32243
A6NDX5	Q9BWP8
A6NDX5	Q91VY6
A6NDX5	P50150
A6NDX5	P55769
A6NDX5	P55770
A6NDX5	Q9D0T1
A6NDX5	Q9WTP9
A6NDX5	Q7M0E3
A6NDX5	Q922R0
A6NDX5	Q5VXD3
A6NDX5	G1T8E2
A6NDX5	Q8BWL5
A6NDX5	A1X283
A6NDX5	A2AEV7
A6NDX5	Q08AN1
A6NDX5	Q8BGT9
A6NDX5	B5DFL0
A6NDX5	NP_001101452
A6NDX5	Q13115-2
A6NDX5	B2RRF6
A6NDX5	Q3USB7
A6NDX5	D4AEB3
A6NDX5	XP_001059215
A6NDX5	NP_001178565
A6NDX5	Q12830-2
A6NDX5	Q5U4C9
A6NDX5	Q60806
A6NDX5	P54265
A6NDX5	B5DEG7
A6NDX5	P31749
A6NDX5	XP_243912
A6NDX5	Q00537
A6NDX5	Q99NH0
A6NDX5	Q9HC98
A6NDX5	Q07014
A6NDX5	Q8CBF3
A6NDX5	Q16816
A6NDX5	O15146
A6NDX5	Q03348
A6NDX5	P32067
A6NDX5	P18653
A6NDX5	P21579
A6NDX5	Q00987
A6NDX5	Q6MG13
A6NDX5	P35408
A6NDX5	Q9UBK2
A6NDX5	O14727
A6NDX5	P19338
A6NDX5	P56558
A6NDX5	Q8N3V7
A6NDX5	P07359
A6NDX5	P08833
A6NDX5	Q9JMC8
A6NDX5	Q9BTT0
A6NDX5	Q99NE5
A6NDX5	O43491
A6NDX5	NP_828862
A6NDX5	Q921G8
A6NDX5	Q62418
A6NDX5	P19622
A6NDX5	Q5VTR2
A6NDX5	Q8BIJ7
A6NDX5	P15529-4
A6NDX5	Q00PI9
A6NDX5	Q8VDZ4
A6NDX5	Q6EDY6
A6NDX5	Q9Y4H2
A6NDX5	Q6DID3
A6NDX5	Q9NZM1
A6NDX5	Q7Z3K3
A6NDX5	Q9QZ67
A6NDX5	Q8IXK0
A6NDX5	Q5SVR0
A6NDX5	Q9H560
A6NDX5	P62484
A6NDX5	P63147
A6NDX5	P63146
A6NDX5	P63149
A6NDX5	Q96JZ2
A6NDX5	Q9WTR0
A6NDX5	O88778
A6NDX5	Q9EQG9
A6NDX5	Q9P242
A6NDX5	Q96CW5
A6NDX5	P59024
A6NDX5	Q8IWZ5
A6NDX5	Q9Z1S3
A6NDX5	Q07890
A6NDX5	Q6AY02
A6NDX5	Q7Z7G1
A6NDX5	O95221
A6NDX5	Q12986
A6NDX5	Q8WV44
A6NDX5	P13497
A6NDX5	Q6PE01
A6NDX5	P21844
A6NDX5	Q9UM11
A6NDX5	Q8VF31
A6NDX5	Q86WH2
A6NDX5	P70392
A6NDX5	Q8BUL6
A6NDX5	Q9Y232
A6NDX5	Q9JLB9
A6NDX5	Q9ESK4
A6NDX5	P40616
A6NDX5	P19137
A6NDX5	Q9WVC7
A6NDX5	Q96KK3
A6NDX5	Q9Y5Y6
A6NDX5	Q9JI18
A6NDX5	Q62465
A6NDX5	Q9P218
A6NDX5	Q80WQ6
A6NDX5	P11055
A6NDX5	P49682
A6NDX5	Q8C6P8
A6NDX5	P25106
A6NDX5	O14966
A6NDX5	Q8BNY6
A6NDX5	P62168
A6NDX5	P62166
A6NDX5	Q9D787
A6NDX5	Q8IZT6
A6NDX5	Q6VMN6
A6NDX5	P00751
A6NDX5	Q96M32
A6NDX5	Q8CDA1
A6NDX5	Q8BMF8
A6NDX5	O60235
A6NDX5	Q6PIW4
A6NDX5	P59267
A6NDX5	Q3UQV5
A6NDX5	Q7TQ39
A6NDX5	Q8VIH1
A6NDX5	O14842
A6NDX5	P35354
A6NDX5	Q4V8K4
A6NDX5	Q9BZJ4
A6NDX5	Q86U10
A6NDX5	Q6UWX4
A6NDX5	A7E2Y1
A6NDX5	Q5SWZ5
A6NDX5	Q86VD1
A6NDX5	Q9Y5F0
A6NDX5	Q9Y5G7
A6NDX5	P56177
A6NDX5	Q5KU26
A6NDX5	P98168
A6NDX5	Q9Y462
A6NDX5	Q8WWV6
A6NDX5	Q5T7W0
A6NDX5	P15621
A6NDX5	Q6ZTN6-1
A6NDX5	P59268
A6NDX5	Q794H2
A6NDX5	Q80UF7
A6NDX5	P13682
A6NDX5	O70534
A6NDX5	P80370
A6NDX5	O60494
A6NDX5	A6H6A4
A6NDX5	Q8BFZ3
A6NDX5	Q5XX13-2
A6NDX5	Q8R0L1
A6NDX5	Q91WA3
A6NDX5	Q61001
A6NDX5	P07288
A6NDX5	P06276
A6NDX5	O08934
A6NDX5	P97805
A6NDX5	O95067
A6NDX5	Q6JQN1
A6NDX5	Q8K0L9
A6NDX5	Q96NU1
A6NDX5	Q9BZD7
A6NDX5	Q7TR59
A6NDX5	Q8VF13
A6NDX5	P48745
A6NDX5	Q8VBX4
A6NDX5	Q9Z2D1
A6NDX5	Q96SM3
A6NDX5	Q01101
A6NDX5	Q6UWY5
A6NDX5	A2ANX3
A6NDX5	Q14584
A6NDX5	Q99K10
A6NDX5	Q969Q4
A6NDX5	Q7TSK3
A6NDX5	O43791
A6NDX5	Q6ZWS8
A6NDX5	P20151
A6NDX5	Q6NZL8
A6NDX5	Q8BYI9
A6NDX5	P12960
A6NDX5	Q12860
A6NDX5	Q12926
A6NDX5	Q9JK83
A6NDX5	P54728
A6NDX5	P27482
A6NDX5	Q8IYK8
A6NDX5	A4D256
A6NDX5	Q96D21
A6NDX5	Q91XX6
A6NDX5	Q9UN71
A6NDX5	Q9NQC7
A6NDX5	P51945
A6NDX5	Q96QE4
A6NDX5	Q8WXH5
A6NDX5	Q5T7B8
A6NDX5	Q12840
A6NDX5	Q3UIW5
A6NDX5	O43474
A6NDX5	O88665
A6NDX5	Q9H609
A6NDX5	Q3TIW9
A6NDX5	Q02297-6
A6NDX5	O95153
A6NDX5	Q9D7J9
A6NDX5	Q9QX96
A6NDX5	P14416
A6NDX5	Q3UYC0
A6NDX5	P41220
A6NDX5	Q8IX29
A6NDX5	Q7M6Z4
A6NDX5	O35071
A6NDX5	Q6NVF0
A6NDX5	P12883
A6NDX5	Q7TS63
A6NDX5	Q96MU8
A6NDX5	P78509
A6NDX5	Q8IUQ4
A6NDX5	Q920M9
A6NDX5	P61092
A6NDX5	Q9H6R0
A6NDX5	Q9BXC1
A6NDX5	P0C090
A6NDX5	Q9Y6C9
A6NDX5	Q9Y343
A6NDX5	Q07617
A6NDX5	Q96Q07
A6NDX5	Q96PN8
A6NDX5	P15529-12
A6NDX5	Q92908
A6NDX5	P70211
A6NDX5	Q9WU40
A6NDX5	Q6P686
A6NDX5	P52946
A6NDX5	Q9JJ26
A6NDX5	Q921C3
A6NDX5	F2Z3U3
A6NDX5	Q6P2D8
A6NDX5	P25100
A6NDX5	O08788
A6NDX5	Q12849
A6NDX5	Q9Z2H5
A6NDX5	Q9Y2J0
A6NDX5	P27124
A6NDX5	Q14669
A6NDX5	P46087
A6NDX5	Q9WVG9
A6NDX5	Q8WUB8
A6NDX5	Q9R100
A6NDX5	Q8C863
A6NDX5	Q3U3C9
A6NDX5	Q7TSH6
A6NDX5	Q921Q7
A6NDX5	Q9NS28
A6NDX5	Q96PE3
A6NDX5	A2ALK8
A6NDX5	Q63622
A6NDX5	Q07812
A6NDX5	A2AWP8
A6NDX5	P04157
A6NDX5	Q9JLQ0
A6NDX5	Q9C0K7
A6NDX5	Q8BZ05
A6NDX5	P43235
A6NDX5	Q9Y446
A6NDX5	Q15645
A6NDX5	G3V9R8
A6NDX5	P21127
A6NDX5	P53671
A6NDX5	Q9DDT2
A6NDX5	Q8CEE6
A6NDX5	Q96PY6
A6NDX5	P70313
A6NDX5	O08773
A6NDX5	Q9QUK0
A6NDX5	Q8CEQ0
A6NDX5	P70268
A6NDX5	Q80XI6
A6NDX5	Q64355
A6NDX5	Q7SIG6
A6NDX5	Q15746
A6NDX5	P29350
A6NDX5	P67999
A6NDX5	Q9EQU5
A6NDX5	O43524
A6NDX5	P29274
A6NDX5	Q99MQ3
A6NDX5	Q96Q15
A6NDX5	Q8TDC3-2
A6NDX5	Q08380
A6NDX5	Q14449
A6NDX5	Q86UU1
A6NDX5	O43829
A6NDX5	Q8CGQ6
A6NDX5	Q08376
A6NDX5	Q61830
A6NDX5	Q9JHD1
A6NDX5	P18468
A6NDX5	O00338
A6NDX5	Q99973
A6NDX5	O88974
A6NDX5	Q15233
A6NDX5	B7ZNG0
A6NDX5	XP_038949896
A6NDX5	XP_233574
A6NDX5	Q5XPI4
A6NDX5	Q86SF2
A6NDX5	Q5DTM8
A6NDX5	P48960
A6NDX5	Q9R0N4
A6NDX5	Q8TDZ2
A6NDX5	Q8VEK6
A6NDX5	Q0GNC1
A6NDX5	Q9H714
A6NDX5	Q80TN7
A6NDX5	P11678
A6NDX5	Q3UHD9
A6NDX5	ABN41562
A6NDX5	Q5SQ80
A6NDX5	Q8TAU3
A6NDX5	Q2TB10
A6NDX5	Q8IYM2
A6NDX5	Q80W27
A6NDX5	O70497
A6NDX5	Q8IVH2
A6NDX5	B4F7F3
A6NDX5	P17017
A6NDX5	Q63357
A6NDX5	Q15696
A6NDX5	Q8IZJ4
A6NDX5	Q9WV63
A6NDX5	ENSRNOP00000041941
A6NDX5	P97300
A6NDX5	XP_235326
A6NDX5	XP_225997
A6NDX5	D3ZC16
A6NDX5	Q9CPV4
A6NDX5	Q3UIX3
A6NDX5	Q6PDJ6
A6NDX5	Q91XX4
A6NDX5	P63072
A6NDX5	Q810W9
A6NDX5	G3V661
A6NDX5	Q8BRH3
A6NDX5	O75339
A6NDX5	XP_236312
A6NDX5	Q6P068
A6NDX5	NP_001101404
A6NDX5	Q6NXL1
A6NDX5	XP_995941
A6NDX5	Q920Q6
A6NDX5	XP_573731
A6NDX5	P01848
A6NDX5	P31314
A6NDX5	D3ZGL9
A6NDX5	Q8NDV2
A6NDX5	O60911
A6NDX5	E9QP62
A6NDX5	Q3UKY7
A6NDX5	Q9HBW9
A6NDX5	P55291
A6NDX5	P70314
A6NDX5	Q9ERS4
A6NDX5	Q8N9V3
A6NDX5	Q8N0Y2
A6NDX5	P49863
A6NDX5	P11532-5
A6NDX5	Q8IZN3
A6NDX5	Q91XD2
A6NDX5	P40764
A6NDX5	P11672
A6NDX5	Q8BGV0
A6NDX5	Q14147
A6NDX5	O88888
A6NDX5	Q9H2R5
A6NDX5	Q6AYQ0
A6NDX5	Q6PA06
A6NDX5	A6NMZ7
A6NDX5	Q05BQ5
A6NDX5	Q8NG95
A6NDX5	P19957
A6NDX5	Q9UK23
A6NDX5	Q9H1K4
A6NDX5	Q68FU1
A6NDX5	Q9NXC5
A6NDX5	Q8VIH9
A6NDX5	A6NCS4
A6NDX5	Q4QQP3
A6NDX5	Q8BGF6
A6NDX5	Q96R27
A6NDX5	Q8N3T1
A6NDX5	Q64731
A6NDX5	Q9R0Q3
A6NDX5	Q60803
A6NDX5	A2ADM8
A6NDX5	Q9CQJ4
A6NDX5	Q99496
A6NDX5	P12660
A6NDX5	Q86YW0
A6NDX5	O75414
A6NDX5	P52737
A6NDX5	Q9H082
A6NDX5	O15209
A6NDX5	Q9Y2V3
A6NDX5	Q6SZW1
A6NDX5	P98173
A6NDX5	Q5SZI1
A6NDX5	Q91WB7
A6NDX5	Q8BND5-3
A6NDX5	D4A3P2
A6NDX5	Q8N895
A6NDX5	Q9P2J2
A6NDX5	B4E229
A6NDX5	Q6PGD2
A6NDX5	Q9H0A6
A6NDX5	P97295
A6NDX5	P83741-3
A6NDX5	Q7TPD3
A6NDX5	P27790
A6NDX5	Q3TZW5
A6NDX5	Q8WYL5-4
A6NDX5	Q8NGL6
A6NDX5	AAC04511
A6NDX5	O43251
A6NDX5	Q80VG1
A6NDX5	Q86XK7
A6NDX5	P0C7M9
A6NDX5	Q86VV4
A6NDX5	P0C242
A6NDX5	Q9BPY8
A6NDX5	Q53H64
A6NDX5	Q8CIZ8
A6NDX5	Q8NGE5
A6NDX5	Q5T0N5-4
A6NDX5	Q14999-2
A6NDX5	Q3UZ09
A6NDX5	Q3U962
A6NDX5	Q7TRP6
A6NDX5	Q9EPQ1
A6NDX5	P10628
A6NDX5	Q69Z26
A6NDX5	Q8VEV0
A6NDX5	A6NDY0
A6NDX5	Q96PX9
A6NDX5	Q49AM3
A6NDX5	P59510
A6NDX5	P23760-8
A6NDX5	Q7TT15
A6NDX5	Q2MKA7
A6NDX5	P51582
A6NDX5	P56916
A6NDX5	A7XV07
A6NDX5	A8MUV8
A6NDX5	Q9D394-3
A6NDX5	Q9Y536
A6NDX5	Q80YP6
A6NDX5	Q5JQF8
A6NDX5	Q3V2R3
A6NDX5	Q96DN2
A6NDX5	Q8N2K1-3
A6NDX5	A6NLU0
A6NDX5	NP_828860
A6NDX5	Q71M36-2
A6NDX5	O70585-2
A6NDX5	P58390
A6NDX5	Q6ZQ68
A6NDX5	B2KF05
A6NDX5	Q9BWV1
A6NDX5	Q3U4Z9
A6NDX5	Q80YY7
A6NDX5	Q6AYD8
A6NDX5	NP_001000969
A6NDX5	Q561Q9
A6NDX5	Q6P3V7
A6NDX5	P16036
A6NDX5	XP_001064217
A6NDX5	Q9JM01
A6NDX5	Q91Y07
A6NDX5	Q8K154
A6NDX5	NP_001000960
A6NDX5	D3ZAI5
A6NDX5	D4A3K7
A6NDX5	Q8K3G1
A6NDX5	F7EY92
A6NDX5	D4A3D9
A6NDX5	D3ZJS6
A6NDX5	O08835
A6NDX5	Q5XIF4
A6NDX5	Q00939
A6NDX5	Q9ER56
A6NDX5	Q6UXN8
A6NDX5	XP_341691
A6NDX5	Q68BL7
A6NDX5	F1M6K4
A6NDX5	P28575
A6NDX5	D4A7H3
A6NDX5	Q96MV8
A6NDX5	Q9QZA0
A6NDX5	Q32M27
A6NDX5	O75888
A6NDX5	Q810M5
A6NDX5	Q8CJC5
A6NDX5	Q8VCA5
A6NDX5	A1L4H1
A6NDX5	Q71RR7
A6NDX5	F1M4K0
A6NDX5	E9PSJ3
A6NDX5	Q5RKI5
A6NDX5	Q9QYJ2
A6NDX5	Q9HD26-2
A6NDX5	XP_001068965
A6NDX5	Q3V188-2
A6NDX5	D3ZZW1
A6NDX5	Q5FVP7
A6NDX5	Q9CWG1
A6NDX5	Q8N3J9
A6NDX5	P14210-3
A6NDX5	I6LBW6
A6NDX5	Q3UES3
A6NDX5	Q8NGX3
A6NDX5	P98198-4
A6NDX5	D4ACD9
A6NDX5	A6NKF2
A6NDX5	D4A0J7
A6NDX5	Q8NH51
A6NDX5	Q8TC94
A6NDX5	A2AED3
A6NDX5	P30951
A6NDX5	P22086
A6NDX5	Q5QD24
A6NDX5	O15529
A6NDX5	O35811
A6NDX5	Q63645
A6NDX5	Q9Y225
A6NDX5	Q6ZSG1
A6NDX5	Q62959
A6NDX5	Q9R182
A6NDX5	P51156
A6NDX5	Q7TQR9
A6NDX5	Q8NH49
A6NDX5	P25021
A6NDX5	O14804
A6NDX5	Q9WUK7
A6NDX5	Q8VGR8
A6NDX5	Q8NHC4
A6NDX5	Q8NHB1
A6NDX5	P09036
A6NDX5	Q8CGY7
A6NDX5	Q8NGZ5
A6NDX5	P0C7N8
A6NDX5	Q8IVW1
A6NDX5	Q86WA6-2
A6NDX5	P13727
A6NDX5	Q5JTN6
A6NDX5	Q9BXT4-3
A6NDX5	P04440
A6NDX5	Q9UK12
A6NDX5	P55196-2
A6NDX5	A6NFQ7
A6NDX5	Q8R182
A6NDX5	Q99733-2
A6NDX5	Q62639
A6NDX5	Q921J2
A6NDX5	P22789
A6NDX5	Q7TSQ1
A6NDX5	Q06828
A6NDX5	Q86YC3
A6NDX5	Q60953-2
A6NDX5	Q7Z4K8-5
A6NDX5	O54916-3
A6NDX5	Q9R007
A6NDX5	P82980
A6NDX5	Q6ZVZ8
A6NDX5	Q7M756
A6NDX5	M0R6Q1
A6NDX5	P35858
A6NDX5	P60827
A6NDX5	Q6ZTU2
A6NDX5	Q8BYH0
A6NDX5	P01834
A6NDX5	O00339-2
A6NDX5	P17480-2
A6NDX5	P56180-3
A6NDX5	P30260-2
A6NDX5	XP_991308
A6NDX5	Q4KXB6
A6NDX5	Q8BK58
A6NDX5	Q8CIG9
A6NDX5	Q8BGP6
A6NDX5	Q8IXL9
A6NDX5	NP_001099605
A6NDX5	NP_001102155
A6NDX5	Q8R2E7
A6NDX5	Q562C2
A6NDX5	D3ZWU1
A6NDX5	Q8BX39
A6NDX5	Q14AK4
A6NDX5	Q8BFR1
A6NDX5	Q9C000-4
A6NDX5	A2A863-3
A6NDX5	D4A3B8
A6NDX5	P00921
A6NDX5	NP_001019902
A6NDX5	Q9C0I9-3
A6NDX5	XP_003086594
A6NDX5	Q9UMD9-2
A6NDX5	Q5TCZ1-2
A6NDX5	Q6UAG7
A6NDX5	Q6XJV4
A6NDX5	Q8K4K1
A6NDX5	D3ZR12
A6NDX5	E9PUG3
A6NDX5	I6LBX6
A6NDX5	Q14511-3
A6NDX5	Q9BYP7-2
A6NDX5	Q13563-4
A6NDX5	Q96J84-2
A6NDX5	O95297-2
A6NDX5	Q7M6X2
A6NDX5	D3ZTY1
A6NDX5	Q6NUI1
A6NDX5	P05979
A6NDX5	Q64346
A6NDX5	Q5PQM4
A6NDX5	Q9ULW0-2
A6NDX5	O08730
A6NDX5	P02706
A6NDX5	Q5FVQ8
A6NDX5	M0R6S7
A6NDX5	O60343-3
A6NDX5	Q5XII9
A6NDX5	Q5PQJ5
A6NDX5	B1WBT9
A6NDX5	D3ZHV2
A6NDX5	D4ACL8
A6NDX5	Q9HAZ2-4
A6NDX5	Q9P1W8-4
A6NDX5	Q8IVT5-4
A6NDX5	O15075-2
A6NDX5	P51957-2
A6NDX5	A0A1L1SUL6
A6NDX5	P28740-2
A6NDX5	Q80TY0-3
A6NDX5	Q9UHP7
A6NDX5	O14522
A6NDX5	Q66HD5
A6NDX5	D4A7A9
A6NDX5	O35462
A6NDX5	Q63116
A6NDX5	P0CG35
A6NDX5	P0CG34
A6NDX5	P0DX04
A6NDX5	O43390-4
A6NDX5	Q3KP66-3
A6NDX5	P07722-2
A6NDX5	O75449-2
A6NDX5	P41034
A6NDX5	P45983-3
A6NDX5	A6NE52
A6NDX5	C9J2P7
A6NDX5	P43699-3
A6NDX5	O14924-4
A6NDX5	Q7Z5J4-3
A6NDX5	Q14847-3
A6NDX5	P12785
A6NDX5	Q05397-5
A6NDX5	M0R557
A6NDX5	O60229-5
A6NDX5	O15164-2
A6NDX5	F1M0T5
A6NDX5	A8MZ36
A6NDX5	A0A0J9YVE4
A6NDX5	D3ZST0
A6NDX5	Q8VGJ7
A6NDX5	Q8WUM4-2
A6NDX5	Q9UHP3-1
A6NDX5	A4QPB2
A6NDX5	Q68CP9-3
A6NDX5	D4ABZ4
A6NDX5	Q8NFH8-2
A6NDX5	Q8IZP1
A6NDX5	P0C7X1
A6NDX5	Q6IPX1
A6NDX5	A0A087X179
A6NDX5	A0A087WXS9
A6NDX5	A0A087WVF3
A6NDX5	B9A6J9
A6NDX5	Q9NRL2-2
A6NDX5	Q9NZI2-4
A6NDX5	Q9UPX8
A6NDX5	Q13740-2
A6NDX5	NP_001000966
A6NDX5	F1LVM0
A6NDX5	D3Z5J3
A6NDX5	O43491-2
A6NDX5	Q86SQ4-3
A6NDX5	F1LNL2
A6NDX5	Q9NRG9-2
A6NDX5	Q0V8T8
A6NDX5	Q13535-2
A6NDX5	Q5RJQ2
A6NDX5	Q9WTP0-2
A6NDX5	P26010-2
A6NDX5	Q8NAN2-2
A6NDX5	Q8WXH0-2
A6NDX5	A8MQ27-2
A6NDX5	Q16881-2
A6NDX5	O14647-3
A6NDX5	P46736-3
A6NDX5	Q14790-4
A6NDX5	Q92630-2
A6NDX5	Q9GZP4-2
A6NDX5	Q6AWC2-4
A6NDX5	Q92622-2
A6NDX5	Q03112-6
A6NDX5	P56500
A6NDX5	P04224
A6NDX5	O14576-2
A6NDX5	P46379-2
A6NDX5	Q6ZN44-2
A6NDX5	A0A0B4J1V2
A6NDX5	Q9HCH5-4
A6NDX5	P62633-5
A6NDX5	Q02487-2
A6NDX5	P0DOX4
A6NDX5	Q9Y577-2
A6NDX5	O75970-5
A6NDX5	O60733-4
A6NDX5	E1BF59
A6NDX5	A5D9H4
A6NDX5	E1BBG2
A6NDX5	F1MP14
A6NDX5	Q5M8Q2
A6NDX5	P35749-3
A6NDX5	Q9P218-3
A6NDX5	D4A3T4
A6NDX5	Q70E73-6
A6NDX5	Q9H078-2
A6NDX5	Q8IWQ3-3
A6NDX5	Q15813-2
A6NDX5	Q5XIT3
A6NDX5	Q6IE40
A6NDX5	P31325
A6NDX5	Q1XID0
A6NDX5	O70631
A6NDX5	P0DTU3
A6NDX5	D3ZEF4
A6NDX5	Q5M877
A6NDX5	Q80WY6
A6NDX5	O14733-3
A6NDX5	Q16774-2
A6NDX5	Q9UGM3-6
A6NDX5	Q14CZ8-2
A6NDX5	P01705
A6NDX5	P42331-4
A6NDX5	O15540-2
A6NDX5	A2AF31
A6NDX5	D3ZPF0
A6NDX5	D3ZAS8
A6NDX5	Q9Y4D1-2
A6NDX5	XP_006246296
A6NDX5	A0A075B6I9
A6NDX5	NP_001382903
A6NDX5	Q5PPJ1
A6NDX5	Q9QX78
A6NDX5	O43318-2
A6NDX5	Q99NI1
A6NDX5	Q5XIK3
A6NDX5	Q60652
A6NDX5	A0A0B4J271
A6NDX5	F1LMK2
A6NDX5	O54880
A6NDX5	O88759
A6NDX5	Q504L7
A6NDX5	Q924Z9
A6NDX5	Q5BJ92
A6NDX5	P84039
A6NDX5	A0A0B4J272
A6NDX5	Q68H95
A6NDX5	P60756
A6NDX5	Q923Y7
A6NDX5	Q924S4
A6NDX5	P01174
A6NDX5	Q5PQM9
A6NDX5	NP_001358888
A6NDX5	Q3B8N9
A6NDX5	A0A0K2S4Q6
A6NDX5	A0A8I6A0B6
A6NDX5	A0JD37
A6NDX5	NP_001386663
A6NDX5	XP_017449341
A6NDX5	Q09028-2
A6NDX5	F6ULY1
A6NDX5	O94875-7
A6NDX5	Q9WVR3-2
A6NDX5	A0A2R8Y4L2
A6NDX5	Q5R372-3
A6NDX5	B1WBZ9
A6NDX5	D3ZUU8
A6NDX5	F1M2S2
A6NDX5	B5DFJ2
A6NDX5	F1LWZ7
A6NDX5	Q9NPY3
A6NDX5	P30337
A6NDX5	Q5NBU8
A6NDX5	P25801
A6NDX5	P25791
A6NDX5	Q3KRD2
A6NDX5	Q9EPW4
A6NDX5	Q91ZX7
A6NDX5	F1LP26
A6NDX5	E9Q9M8
A6NDX5	M0R3Y7
A6NDX5	NP_001178636
A6NDX5	XP_236194
A6NDX5	G3X9K3
A6NDX5	Q9ES30
A6NDX5	D3ZCW6
A6NDX5	F1M5R1
A6NDX5	XP_343054
A6NDX5	Q9Y468-4
A6NDX5	Q9NTW7-5
A6NDX5	Q92630
A6NDX5	B5DF74
A6NDX5	O54784
A6NDX5	Q9R117
A6NDX5	XP_234487
A6NDX5	Q63686
A6NDX5	O14920
A6NDX5	Q9R0A5
A6NDX5	XP_231361
A6NDX5	NP_001102797
A6NDX5	P25911
A6NDX5	P54757
A6NDX5	E9PZP8
A6NDX5	Q62190
A6NDX5	P18052
A6NDX5	P05455
A6NDX5	Q8CE90
A6NDX5	P60904
A6NDX5	P60905
A6NDX5	Q9H3Z4
A6NDX5	P51667
A6NDX5	Q8CGU4
A6NDX5	Q15027
A6NDX5	G3X8X0
A6NDX5	P15116
A6NDX5	Q6IMY8
A6NDX5	P97310
A6NDX5	P97855
A6NDX5	Q9ULV4
A6NDX5	P49710
A6NDX5	Q86UR5
A6NDX5	Q13009
A6NDX5	Q9BUR4
A6NDX5	Q9UJU6
A6NDX5	Q8VE37
A6NDX5	P98161
A6NDX5	O88174
A6NDX5	Q9EQG6
A6NDX5	Q1KMD3
A6NDX5	Q9C0B5
A6NDX5	Q8VHK1
A6NDX5	A7BFV9
A6NDX5	Q9UPN6
A6NDX5	Q6PCS8
A6NDX5	A2A5R2
A6NDX5	O95425
A6NDX5	O15297
A6NDX5	Q58WW2
A6NDX5	Q66K14
A6NDX5	Q9NYB9
A6NDX5	P34960
A6NDX5	Q14247-3
A6NDX5	Q7Z333
A6NDX5	Q9Y5P4
A6NDX5	Q9QXL2
A6NDX5	P84085
A6NDX5	P84083
A6NDX5	P84084
A6NDX5	P70604
A6NDX5	Q148U4
A6NDX5	Q9Z319
A6NDX5	Q8CHE4
A6NDX5	P61164
A6NDX5	P85515
A6NDX5	P61163
A6NDX5	Q6DFV6
A6NDX5	Q8VG93
A6NDX5	Q61245
A6NDX5	Q91ZI0
A6NDX5	Q923Q2
A6NDX5	Q9ER74
A6NDX5	Q8JZX4
A6NDX5	Q9Z0H4
A6NDX5	O95319
A6NDX5	Q792H5
A6NDX5	Q9QXT5
A6NDX5	Q8JZQ2
A6NDX5	P07108
A6NDX5	Q96DI7
A6NDX5	Q9ET77
A6NDX5	Q12923
A6NDX5	Q810J8
A6NDX5	Q8VFZ5
A6NDX5	Q8NGU2
A6NDX5	P25391
A6NDX5	Q9HCF6
A6NDX5	P61964
A6NDX5	Q498M4
A6NDX5	P61965
A6NDX5	Q9H8X9
A6NDX5	Q96AC6
A6NDX5	Q9H160
A6NDX5	P29533
A6NDX5	Q6FI13
A6NDX5	P0CC09
A6NDX5	Q6GSS7
A6NDX5	Q3UPQ5
A6NDX5	Q9BQ13
A6NDX5	Q96T68
A6NDX5	Q99536
A6NDX5	O08736
A6NDX5	P61026
A6NDX5	P61027
A6NDX5	Q8VBX6
A6NDX5	Q5SRY7
A6NDX5	Q9UKB1
A6NDX5	XP_006246156
A6NDX5	O08863
A6NDX5	Q8VFW8
A6NDX5	Q9NU63
A6NDX5	Q07092
A6NDX5	Q7TQQ3
A6NDX5	Q9D2Q8
A6NDX5	O75052
A6NDX5	Q921X9
A6NDX5	Q9UNW8
A6NDX5	P33434
A6NDX5	Q9Y2H2
A6NDX5	Q6ZMI3
A6NDX5	Q8NH54
A6NDX5	Q99JB0
A6NDX5	Q6ZQF7
A6NDX5	Q9UIJ5
A6NDX5	Q9H019
A6NDX5	Q8NFY9
A6NDX5	O60393
A6NDX5	Q9NS23-2
A6NDX5	Q61967
A6NDX5	Q5HY98
A6NDX5	P10810
A6NDX5	Q8NH43
A6NDX5	O55225
A6NDX5	Q9H257
A6NDX5	Q9EQH4
A6NDX5	Q08ER8
A6NDX5	Q9NYT6
A6NDX5	Q8C966
A6NDX5	Q8R1S9
A6NDX5	Q9Y397
A6NDX5	Q99457
A6NDX5	Q8IUC6
A6NDX5	Q9R1W3
A6NDX5	Q8WVL7
A6NDX5	Q02388
A6NDX5	Q80VK6
A6NDX5	A2CJ06
A6NDX5	Q9D176
A6NDX5	Q9UGK3
A6NDX5	Q96DB2
A6NDX5	Q8N9N2
A6NDX5	Q99MZ6
A6NDX5	Q8CFD4
A6NDX5	Q9HC78
A6NDX5	Q6S8J7
A6NDX5	Q8IW35
A6NDX5	P53420
A6NDX5	O09032
A6NDX5	Q61329
A6NDX5	Q8NG75
A6NDX5	Q9UJ71
A6NDX5	Q8TDS5
A6NDX5	Q791T5
A6NDX5	Q8N4F7
A6NDX5	Q5HYK7
A6NDX5	Q8TF62
A6NDX5	Q14002
A6NDX5	Q8C0Q9
A6NDX5	O95206
A6NDX5	Q9WVB4
A6NDX5	Q3U0W6
A6NDX5	Q8BSL0
A6NDX5	Q9ULS6
A6NDX5	Q64521
A6NDX5	Q8IWY4
A6NDX5	P49813
A6NDX5	P53804
A6NDX5	Q3UGF1
A6NDX5	Q9BYG5
A6NDX5	P54727
A6NDX5	P28651
A6NDX5	Q80X19
A6NDX5	Q0D2K2
A6NDX5	Q9BVG3
A6NDX5	Q80V85
A6NDX5	Q6PFX9
A6NDX5	Q8TEQ0
A6NDX5	P97610
A6NDX5	Q9QYE5
A6NDX5	Q6PNC0
A6NDX5	Q8VGE6
A6NDX5	O35231
A6NDX5	Q8N5U6
A6NDX5	Q60695
A6NDX5	Q5DU25
A6NDX5	Q8BU11
A6NDX5	Q80WG5
A6NDX5	Q8IWT6
A6NDX5	Q6UWV6
A6NDX5	Q9R044
A6NDX5	Q8CHG3
A6NDX5	Q7TNF8
A6NDX5	Q9ER75
A6NDX5	Q8BHM9
A6NDX5	P61208
A6NDX5	P56559
A6NDX5	NP_001292983
A6NDX5	Q9Y467
A6NDX5	P58307
A6NDX5	Q5I043
A6NDX5	Q9ULR3
A6NDX5	Q9Y4F1
A6NDX5	Q8IWY8
A6NDX5	Q86VH2
A6NDX5	O43896
A6NDX5	Q9BWW7
A6NDX5	Q9P2J3
A6NDX5	Q3UUF8
A6NDX5	Q02086
A6NDX5	Q9P243
A6NDX5	G3XA57
A6NDX5	Q8NEE6
A6NDX5	Q5XIS1
A6NDX5	Q14031
A6NDX5	Q13634
A6NDX5	Q8C0D9
A6NDX5	Q9HBD1
A6NDX5	Q9UI46
A6NDX5	Q99PQ2
A6NDX5	Q9Y2X9
A6NDX5	Q9Z0Z3
A6NDX5	Q5BJU3
A6NDX5	P43146
A6NDX5	Q62422
A6NDX5	Q9JLT0
A6NDX5	O15553
A6NDX5	Q70E73
A6NDX5	P32114
A6NDX5	Q9H788
A6NDX5	Q14203
A6NDX5	Q15382
A6NDX5	Q9D0N7
A6NDX5	Q6P9Q6
A6NDX5	P30416
A6NDX5	Q8N5Y2
A6NDX5	O95104
A6NDX5	P50220
A6NDX5	P23441
A6NDX5	P10522
A6NDX5	Q3UBH9
A6NDX5	P26045
A6NDX5	Q9JK25
A6NDX5	Q60974
A6NDX5	Q62812
A6NDX5	Q9HCE6
A6NDX5	P06800
A6NDX5	Q8CGF4
A6NDX5	Q9Y5K6
A6NDX5	Q7RTN6
A6NDX5	P09527
A6NDX5	P51150
A6NDX5	P51149
A6NDX5	P09651
A6NDX5	Q7Z5J4
A6NDX5	Q9JHX4
A6NDX5	P14753
A6NDX5	Q9Z204
A6NDX5	Q3MJK5
A6NDX5	Q8N568
A6NDX5	Q9EPK8
A6NDX5	Q9EQ32
A6NDX5	Q61084
A6NDX5	Q8QZX0
A6NDX5	Q9Z335
A6NDX5	Q8BZN4
A6NDX5	Q62726
A6NDX5	P29474
A6NDX5	P97492
A6NDX5	P97793
A6NDX5	Q92772
A6NDX5	Q00532
A6NDX5	Q16512
A6NDX5	Q13188
A6NDX5	P45984
A6NDX5	P97318
A6NDX5	Q8R3B7
A6NDX5	P09055
A6NDX5	O54916
A6NDX5	O88879
A6NDX5	O35914
A6NDX5	P28693
A6NDX5	P33766
A6NDX5	P46735
A6NDX5	Q6W2J9
A6NDX5	Q9NYF8
A6NDX5	Q9UPZ9
A6NDX5	Q9D2G5
A6NDX5	O00548
A6NDX5	P15918
A6NDX5	O00339
A6NDX5	P43034
A6NDX5	P63005
A6NDX5	P63004
A6NDX5	Q01081
A6NDX5	O89103
A6NDX5	Q5SSH7
A6NDX5	XP_221311
A6NDX5	O35892
A6NDX5	Q9NSC2
A6NDX5	O00233
A6NDX5	Q9ET54
A6NDX5	Q641K5
A6NDX5	P49290
A6NDX5	Q6ZPR6
A6NDX5	Q8K0T7
A6NDX5	Q4ZHG4
A6NDX5	P07711
A6NDX5	P32211
A6NDX5	Q9UL25
A6NDX5	Q96SQ5
A6NDX5	Q9DBY0
A6NDX5	Q06547
A6NDX5	O08967
A6NDX5	XP_216713
A6NDX5	P49910
A6NDX5	Q62377
A6NDX5	F1LNH3
A6NDX5	O88842
A6NDX5	P70605
A6NDX5	Q921A3
A6NDX5	Q9NYZ1
A6NDX5	Q52KJ9
A6NDX5	Q1LZ53
A6NDX5	Q14781
A6NDX5	Q8NFA2-3
A6NDX5	NP_001100942
A6NDX5	XP_213687
A6NDX5	O35367
A6NDX5	XP_573735
A6NDX5	P01849
A6NDX5	P43345
A6NDX5	Q8BZA7
A6NDX5	Q9QXI3
A6NDX5	P06797
A6NDX5	Q03001-12
A6NDX5	Q923X1
A6NDX5	P33146
A6NDX5	Q58EX7
A6NDX5	Q9D0I6
A6NDX5	Q8BJ97
A6NDX5	O35205
A6NDX5	D4A0I5
A6NDX5	Q8N448
A6NDX5	Q96D42
A6NDX5	Q5QNS5
A6NDX5	H0Y337
A6NDX5	B2RR83
A6NDX5	A6NFI3
A6NDX5	A2APV2
A6NDX5	A2AAY5
A6NDX5	Q8C6K9
A6NDX5	Q8NDG6
A6NDX5	A6NHN0
A6NDX5	D3Z8B9
A6NDX5	Q9DB41
A6NDX5	Q9JIY7
A6NDX5	P12804
A6NDX5	Q86W24
A6NDX5	P43688
A6NDX5	Q8IZ81
A6NDX5	Q9H1B4
A6NDX5	Q8NGZ9
A6NDX5	Q9Y5I4
A6NDX5	Q6PKG0-3
A6NDX5	Q9D2N8
A6NDX5	Q8IX30
A6NDX5	Q8NBT0
A6NDX5	Q9H1P3
A6NDX5	O75762
A6NDX5	O14921
A6NDX5	Q8K4D7
A6NDX5	O88425
A6NDX5	Q8NDQ6
A6NDX5	Q9Z0G7
A6NDX5	Q96J01
A6NDX5	O35602
A6NDX5	Q6PDS3
A6NDX5	Q99619
A6NDX5	Q9D8T0
A6NDX5	Q9H3T3
A6NDX5	Q61527
A6NDX5	Q96L46
A6NDX5	Q8BXJ2-2
A6NDX5	C0HL12
A6NDX5	Q8NGJ2
A6NDX5	A2AJA7
A6NDX5	Q6NS86
A6NDX5	Q05BQ1
A6NDX5	Q8BI57
A6NDX5	P41778-2
A6NDX5	B1WC30
A6NDX5	P40424-2
A6NDX5	Q9JIT1
A6NDX5	P49146
A6NDX5	Q8BVA4
A6NDX5	Q9H4A3-5
A6NDX5	Q8K4Z2
A6NDX5	Q8K3V5
A6NDX5	Q6ZQA0
A6NDX5	Q2YDW7
A6NDX5	Q9R0Y5
A6NDX5	Q58EX2-4
A6NDX5	Q8BP71
A6NDX5	P29762
A6NDX5	P62965
A6NDX5	P62966
A6NDX5	Q1A3B0
A6NDX5	P0C7M8
A6NDX5	Q692V3
A6NDX5	Q9BQS2-3
A6NDX5	A6NJL1
A6NDX5	Q8NEY8-2
A6NDX5	Q9UHV5
A6NDX5	Q12986-3
A6NDX5	P21452
A6NDX5	P11161
A6NDX5	Q8BZM0-2
A6NDX5	Q96PR1
A6NDX5	Q8K2C8
A6NDX5	Q3KNS6
A6NDX5	P09016
A6NDX5	Q9ERT1
A6NDX5	Q8C0N0
A6NDX5	Q6AZW8
A6NDX5	Q9Z132
A6NDX5	Q14CE3
A6NDX5	Q9JJS7
A6NDX5	O15499
A6NDX5	O75190-2
A6NDX5	O95388
A6NDX5	Q4V348
A6NDX5	Q9CY58-2
A6NDX5	Q6AXS5-2
A6NDX5	Q5MCW4
A6NDX5	Q03936
A6NDX5	Q8N7M2
A6NDX5	Q86Z23
A6NDX5	A6NHT5
A6NDX5	Q8TE49-2
A6NDX5	Q96MU7-2
A6NDX5	Q9H4P4
A6NDX5	Q8BH75
A6NDX5	Q9BXT8
A6NDX5	NP_828861
A6NDX5	P28659-4
A6NDX5	E9Q6T9
A6NDX5	E9Q1U2
A6NDX5	Q6AZB0
A6NDX5	Q8VGU5
A6NDX5	Q6P1G2-2
A6NDX5	P49758
A6NDX5	Q64707
A6NDX5	NP_001099432
A6NDX5	G3V9T6
A6NDX5	Q05961
A6NDX5	P35332
A6NDX5	D3ZSY0
A6NDX5	Q8BU27
A6NDX5	Q5BK33
A6NDX5	Q8TCW9
A6NDX5	P60712
A6NDX5	P60710
A6NDX5	P60711
A6NDX5	P60709
A6NDX5	O08617
A6NDX5	NP_001178605
A6NDX5	Q99N50-4
A6NDX5	Q80UE5
A6NDX5	XP_001061664
A6NDX5	F1LM60
A6NDX5	F1M6J9
A6NDX5	Q9Z0J8
A6NDX5	XP_001075343
A6NDX5	XP_001058223
A6NDX5	XP_001075066
A6NDX5	XP_001077099
A6NDX5	P54900
A6NDX5	Q7TQP6
A6NDX5	P14604
A6NDX5	O70579
A6NDX5	A6NNY8
A6NDX5	Q7TQ20
A6NDX5	Q402U7
A6NDX5	Q9Y2X8
A6NDX5	Q6ZS32
A6NDX5	Q9BQR3
A6NDX5	E9Q796
A6NDX5	Q8VGC2
A6NDX5	Q7L5L3
A6NDX5	Q8BGJ0
A6NDX5	P08246
A6NDX5	Q9Y680
A6NDX5	Q9D777
A6NDX5	Q8N966
A6NDX5	Q8BV57
A6NDX5	D4AEE2
A6NDX5	P04278
A6NDX5	NP_001100860
A6NDX5	XP_001066364
A6NDX5	P19883
A6NDX5	Q4VA44
A6NDX5	XP_001060345
A6NDX5	E9PGG2
A6NDX5	A6QLB8
A6NDX5	Q9Y2X7-3
A6NDX5	Q12946
A6NDX5	P08174-2
A6NDX5	A6PWV5
A6NDX5	P49446-2
A6NDX5	ENSRNOP00000051839
A6NDX5	Q9NZI2
A6NDX5	Q9JJ57
A6NDX5	Q8R426
A6NDX5	Q8BGV7
A6NDX5	P05451
A6NDX5	Q07820-2
A6NDX5	Q498S8
A6NDX5	Q62758
A6NDX5	Q695P6
A6NDX5	Q920E0
A6NDX5	Q8WZA6
A6NDX5	Q91ZY1
A6NDX5	Q8BGI1
A6NDX5	Q96K19
A6NDX5	D3ZLB9
A6NDX5	A6NFC9
A6NDX5	Q8NH06
A6NDX5	P47884
A6NDX5	P97292
A6NDX5	Q5QD14
A6NDX5	Q8NG98
A6NDX5	O00270
A6NDX5	Q49SQ1
A6NDX5	Q8NGE2
A6NDX5	Q8NH56
A6NDX5	P09656
A6NDX5	Q9EQA9
A6NDX5	Q8NGT1
A6NDX5	O43749
A6NDX5	Q96HD1-2
A6NDX5	Q61878
A6NDX5	Q9D994
A6NDX5	Q5VT25-3
A6NDX5	Q8WXC3
A6NDX5	P52742
A6NDX5	Q7Z5D8
A6NDX5	P29350-4
A6NDX5	Q96N95
A6NDX5	A1A5P4
A6NDX5	Q8WXK4
A6NDX5	B2RVI8
A6NDX5	D3ZJB8
A6NDX5	Q9BPY8-2
A6NDX5	P50608
A6NDX5	P55083
A6NDX5	Q8BMT4
A6NDX5	Q5JWF8
A6NDX5	P01740
A6NDX5	Q3UHK6-2
A6NDX5	Q9NY25
A6NDX5	Q6MGC5
A6NDX5	NP_733789
A6NDX5	F1LV79
A6NDX5	NP_001101980
A6NDX5	D3Z5L9
A6NDX5	O14569
A6NDX5	P62737
A6NDX5	P62736
A6NDX5	P62738
A6NDX5	B2RSG7
A6NDX5	Q8N6N7
A6NDX5	P70389
A6NDX5	Q8BIB6
A6NDX5	B9A064
A6NDX5	Q9BWE0-4
A6NDX5	Q9H1H9-2
A6NDX5	Q8K135
A6NDX5	Q15013-3
A6NDX5	Q9BV36-3
A6NDX5	D3Z4C0
A6NDX5	Q5JS37
A6NDX5	Q99PD6
A6NDX5	Q08EN7
A6NDX5	D3ZRG8
A6NDX5	A2A259
A6NDX5	Q96I27-2
A6NDX5	NP_001129568
A6NDX5	XP_001474701
A6NDX5	F7FDE0
A6NDX5	P23468-2
A6NDX5	Q01078
A6NDX5	D3ZVH5
A6NDX5	F1LNI8
A6NDX5	P97766
A6NDX5	D4A060
A6NDX5	Q495N2
A6NDX5	Q8R5H1-2
A6NDX5	I6LBX8
A6NDX5	Q86VK4-3
A6NDX5	D3ZE96
A6NDX5	Q96D71-3
A6NDX5	Q5T5U3-3
A6NDX5	D3ZGS5
A6NDX5	Q92569-2
A6NDX5	F8VTS6
A6NDX5	D4A474
A6NDX5	Q62711
A6NDX5	Q6TXF5
A6NDX5	O75530-2
A6NDX5	A0A2U3TZ82
A6NDX5	O54946-2
A6NDX5	D4ACB6
A6NDX5	Q6QEF8-3
A6NDX5	Q06481-5
A6NDX5	D3ZER4
A6NDX5	XP_006241493
A6NDX5	B9EHJ3
A6NDX5	Q9UQ72
A6NDX5	Q6VAB6-2
A6NDX5	D4A5Q1
A6NDX5	Q96H55-3
A6NDX5	Q9JLG8-2
A6NDX5	Q13459-2
A6NDX5	A0FKI7
A6NDX5	P02634
A6NDX5	B5DFC9
A6NDX5	Q62807
A6NDX5	Q99543-2
A6NDX5	Q6AXQ4
A6NDX5	O75376-2
A6NDX5	Q9JJ54-2
A6NDX5	O75970-2
A6NDX5	P06866
A6NDX5	A6NE52-2
A6NDX5	D6RBQ6
A6NDX5	D6R9N7
A6NDX5	C9JVI0
A6NDX5	D6RCP7
A6NDX5	D6RJB6
A6NDX5	D6RA61
A6NDX5	Q0WX57
A6NDX5	Q86U42-2
A6NDX5	Q09028-3
A6NDX5	Q64176
A6NDX5	D3YZR2
A6NDX5	B2RYI0
A6NDX5	P20793
A6NDX5	F1LM64
A6NDX5	O60229-6
A6NDX5	O09035
A6NDX5	B1WBY5
A6NDX5	Q8VGD2
A6NDX5	K7N662
A6NDX5	Q14AK5
A6NDX5	Q05695-2
A6NDX5	P57077
A6NDX5	Q00013-2
A6NDX5	D3ZA02
A6NDX5	B0BNA1
A6NDX5	Q8IVF2-3
A6NDX5	Q02750-2
A6NDX5	Q13247-3
A6NDX5	Q8N6T3-2
A6NDX5	Q7TR57
A6NDX5	D3ZJ84
A6NDX5	Q9Y3E7-2
A6NDX5	Q08426-2
A6NDX5	Q5FVN8
A6NDX5	Q6P9X4
A6NDX5	O70274
A6NDX5	Q12974
A6NDX5	Q96K19-3
A6NDX5	D4ACF5
A6NDX5	Q9Y2L9-2
A6NDX5	O75494-2
A6NDX5	Q0V8T5
A6NDX5	Q01484-7
A6NDX5	Q15633-2
A6NDX5	O43795-2
A6NDX5	Q8IV61-2
A6NDX5	P15882-3
A6NDX5	E9Q3Y4
A6NDX5	Q6IQ23-2
A6NDX5	Q7Z2W4-2
A6NDX5	Q9H6T3-2
A6NDX5	Q92932-2
A6NDX5	Q8CE90-2
A6NDX5	Q63734
A6NDX5	P0CF51
A6NDX5	P55211-3
A6NDX5	A0A0C4DH39
A6NDX5	Q6V1P9-5
A6NDX5	O00470-2
A6NDX5	P08631-4
A6NDX5	P55292-2
A6NDX5	Q7L7V1-2
A6NDX5	A0A0J9YVY3
A6NDX5	Q8TBC3-2
A6NDX5	Q9UBC2-4
A6NDX5	F1MFL0
A6NDX5	F1N2D3
A6NDX5	Q17QH2
A6NDX5	E1BQ11
A6NDX5	Q3ZBW7
A6NDX5	F1MKY0
A6NDX5	F1MF26
A6NDX5	Q96CN4-2
A6NDX5	P11309-2
A6NDX5	A0A1B0GX78
A6NDX5	P35813-3
A6NDX5	Q8WZ42-12
A6NDX5	Q5T4D3-3
A6NDX5	Q8IZP2
A6NDX5	Q5R372-5
A6NDX5	P51157-2
A6NDX5	Q9BQ24-2
A6NDX5	Q4KM79
A6NDX5	P69526
A6NDX5	Q64550
A6NDX5	F6Z9B9
A6NDX5	Q9WTS8
A6NDX5	P0DTU4
A6NDX5	P29293
A6NDX5	P50575
A6NDX5	P70396
A6NDX5	Q68FQ2
A6NDX5	O70280
A6NDX5	Q63713
A6NDX5	A2RRU3
A6NDX5	Q9JLG9
A6NDX5	Q9GZU7-3
A6NDX5	Q9NR16-4
A6NDX5	Q04727-3
A6NDX5	Q9HCC8-3
A6NDX5	P01715
A6NDX5	Q9H1X3-3
A6NDX5	Q96JY6-5
A6NDX5	Q8TE68-3
A6NDX5	O15533-3
A6NDX5	Q14AA6
A6NDX5	P97563
A6NDX5	D3ZY89
A6NDX5	G3V658
A6NDX5	D3ZNX0
A6NDX5	P01703
A6NDX5	Q6QI56
A6NDX5	M0R9X4
A6NDX5	Q6AYB7
A6NDX5	P20937
A6NDX5	Q5DW34-2
A6NDX5	A0A075B6T8
A6NDX5	Q62774
A6NDX5	P28826
A6NDX5	P09650
A6NDX5	Q80WD0
A6NDX5	Q5PQN2
A6NDX5	Q4KSH7
A6NDX5	D3ZE85
A6NDX5	D4ACU0
A6NDX5	P27471
A6NDX5	O08764
A6NDX5	A6H6T1
A6NDX5	A0A0B4J279
A6NDX5	Q5MYT7
A6NDX5	O88671
A6NDX5	NP_001100647
A6NDX5	D3ZEJ6
A6NDX5	F1M632
A6NDX5	A0A0K2S4Q6-2
A6NDX5	P01876-1
A6NDX5	Q8WWV6-3
A6NDX5	O88456
A6NDX5	G3X9D2
A6NDX5	P56400
A6NDX5	F1M7N7
A6NDX5	F1M0N1
A6NDX5	P06798
A6NDX5	Q62446
A6NDX5	P00517
A6NDX5	P85051
A6NDX5	P57730
A6NDX5	Q5U5Q3
A6NDX5	P31949
A6NDX5	P55053
A6NDX5	P63215
A6NDX5	G3V8K2
A6NDX5	P63216
A6NDX5	Q8C8B0
A6NDX5	XP_222971
A6NDX5	ENSRNOP00000009173
A6NDX5	D3ZZQ1
A6NDX5	Q9NPI1
A6NDX5	F1LR18
A6NDX5	XP_236272
A6NDX5	Q562R1
A6NDX5	Q6ZVC0
A6NDX5	Q6XPR3
A6NDX5	Q9UL54
A6NDX5	BAA22995
A6NDX5	O43293
A6NDX5	A0A0G2JTR4
A6NDX5	Q9UBE8
A6NDX5	D3ZSZ3
A6NDX5	O54949
A6NDX5	Q00536
A6NDX5	O88351
A6NDX5	P51956
A6NDX5	E9PZM7
A6NDX5	Q9Z1E3
A6NDX5	Q60629
A6NDX5	P54756
A6NDX5	O75385
A6NDX5	Q04929
A6NDX5	Q64695
A6NDX5	Q8CI95
A6NDX5	O14733
A6NDX5	P56450
A6NDX5	P10916
A6NDX5	Q9Z272
A6NDX5	O60231
A6NDX5	O88322
A6NDX5	P19022
A6NDX5	Q8VEK3
A6NDX5	P49736
A6NDX5	O15294
A6NDX5	Q8CGY8
A6NDX5	Q13283
A6NDX5	Q64605
A6NDX5	P14317
A6NDX5	P16144-2
A6NDX5	Q99NH2
A6NDX5	Q08509
A6NDX5	O88939
A6NDX5	Q3KR72
A6NDX5	P18754
A6NDX5	P22909
A6NDX5	D3ZD03
A6NDX5	Q8K4F6
A6NDX5	P15529
A6NDX5	Q8C7E9
A6NDX5	Q9ULH0
A6NDX5	Q8BVD7
A6NDX5	P42567
A6NDX5	P22413
A6NDX5	Q9Y388
A6NDX5	Q9UIF9
A6NDX5	Q9NUA8
A6NDX5	Q9Y6D5
A6NDX5	Q8K3Y6
A6NDX5	Q8C7Q4
A6NDX5	Q6PKG0
A6NDX5	Q8C0E9
A6NDX5	P39900
A6NDX5	Q920B0
A6NDX5	Q99JH7
A6NDX5	Q7Z4S6
A6NDX5	P61751
A6NDX5	P61750
A6NDX5	Q9H2S1
A6NDX5	Q9ULL1
A6NDX5	Q9Y3M8
A6NDX5	P49757
A6NDX5	O60346
A6NDX5	Q9CQR2
A6NDX5	Q3UKF7
A6NDX5	Q15617
A6NDX5	P12107
A6NDX5	P22897
A6NDX5	P53996
A6NDX5	P62633-4
A6NDX5	Q9UHF1
A6NDX5	Q9Y4W6
A6NDX5	P55288
A6NDX5	Q8BXR9
A6NDX5	Q62288
A6NDX5	Q8CI61
A6NDX5	Q9Y3E1
A6NDX5	Q61554
A6NDX5	Q3V038
A6NDX5	Q8NGZ4
A6NDX5	Q9GZK3
A6NDX5	Q71KU9
A6NDX5	O70468
A6NDX5	Q8BMS9
A6NDX5	Q9H3S7
A6NDX5	Q8R5H1
A6NDX5	Q62240
A6NDX5	P19320
A6NDX5	Q9JJZ6
A6NDX5	Q6RT24
A6NDX5	P61161
A6NDX5	P61160
A6NDX5	Q5M7U6
A6NDX5	O95789
A6NDX5	Q9HCG1
A6NDX5	Q676U5
A6NDX5	Q8N4N8
A6NDX5	Q5Y4N8
A6NDX5	Q6UXS9
A6NDX5	Q62768
A6NDX5	O95239
A6NDX5	Q15147
A6NDX5	Q13489
A6NDX5	Q8NGF7
A6NDX5	Q9Z1N3
A6NDX5	P52840
A6NDX5	Q96HU8
A6NDX5	Q03468
A6NDX5	Q8NGQ5
A6NDX5	Q9HCY8
A6NDX5	Q14554
A6NDX5	Q812E4
A6NDX5	Q80T23
A6NDX5	Q67EQ1
A6NDX5	P08253
A6NDX5	Q63425
A6NDX5	Q9BQ04
A6NDX5	Q9ULD4
A6NDX5	Q9NXL2
A6NDX5	Q8VG19
A6NDX5	O75840
A6NDX5	Q16774
A6NDX5	Q9D5S7
A6NDX5	Q9Z329
A6NDX5	Q8NGF0
A6NDX5	Q86YH2
A6NDX5	A2A9H6
A6NDX5	A2RUR9
A6NDX5	Q9NVX2
A6NDX5	Q8BFQ4
A6NDX5	M0R565
A6NDX5	Q6UXN9
A6NDX5	O88690
A6NDX5	Q4V8A8
A6NDX5	Q6NSJ2
A6NDX5	Q99MB7
A6NDX5	Q8WVD5
A6NDX5	Q6IV57
A6NDX5	P08571
A6NDX5	Q9H9D4
A6NDX5	Q6Y5D8
A6NDX5	O94759
A6NDX5	Q3MIS6
A6NDX5	Q6ZSB9
A6NDX5	Q925P2
A6NDX5	Q96EK2
A6NDX5	Q969I6
A6NDX5	Q9H2S9
A6NDX5	Q9UIM3
A6NDX5	Q9D2Z1
A6NDX5	Q96KC2
A6NDX5	Q9D4P0
A6NDX5	Q7TRW8
A6NDX5	O00237
A6NDX5	P49749
A6NDX5	Q6GQX6
A6NDX5	Q7RTR2
A6NDX5	Q9Z1P7
A6NDX5	Q96L08
A6NDX5	Q3TYX4
A6NDX5	Q9QXV3
A6NDX5	Q9Y5X2
A6NDX5	Q60759
A6NDX5	Q6AYH9
A6NDX5	Q8BY35
A6NDX5	Q6RKD8
A6NDX5	Q13751
A6NDX5	O88338
A6NDX5	Q07231
A6NDX5	A4PIV8
A6NDX5	Q92565
A6NDX5	Q9NZJ7
A6NDX5	Q8N184
A6NDX5	Q6VY05
A6NDX5	Q9Y585
A6NDX5	Q9C0I4
A6NDX5	Q99788
A6NDX5	Q02650
A6NDX5	Q15776
A6NDX5	Q63959
A6NDX5	P43304
A6NDX5	P29590-2
A6NDX5	Q99453
A6NDX5	O35690
A6NDX5	Q3UHD1
A6NDX5	Q96N46
A6NDX5	Q8NEZ3
A6NDX5	Q5DU00
A6NDX5	Q05895
A6NDX5	Q05707
A6NDX5	Q8VFG3
A6NDX5	Q8VCQ6
A6NDX5	Q571L0
A6NDX5	Q8IZC6
A6NDX5	Q920N7
A6NDX5	E9Q166
A6NDX5	Q68FE8
A6NDX5	Q8NGD5
A6NDX5	P09237
A6NDX5	Q6ZN16
A6NDX5	Q9NZL6
A6NDX5	Q5JU85
A6NDX5	O94842
A6NDX5	Q96PY5
A6NDX5	Q9QZS7
A6NDX5	P35351
A6NDX5	Q92838
A6NDX5	P78412
A6NDX5	Q6ZWK6
A6NDX5	P19327
A6NDX5	Q9NQT8
A6NDX5	Q7TQP4
A6NDX5	A5PLL1
A6NDX5	Q01968
A6NDX5	Q9NUE0
A6NDX5	Q9H1H9
A6NDX5	Q99N50
A6NDX5	Q7L804
A6NDX5	Q8K330
A6NDX5	Q4QQM5
A6NDX5	Q9D0K1
A6NDX5	Q8C0E3
A6NDX5	Q76N32
A6NDX5	Q6F3F9
A6NDX5	O89035
A6NDX5	Q9QYM9
A6NDX5	Q8C0R0
A6NDX5	Q96F44
A6NDX5	Q8BHS3
A6NDX5	Q9NW64
A6NDX5	Q4V7D7
A6NDX5	Q8K070
A6NDX5	Q9UHP3
A6NDX5	Q92882
A6NDX5	Q61879
A6NDX5	Q8BHK6
A6NDX5	Q02962
A6NDX5	Q99NA9
A6NDX5	Q64205
A6NDX5	P98175
A6NDX5	Q02790
A6NDX5	E9Q6R7
A6NDX5	O00391
A6NDX5	Q8K4P0
A6NDX5	Q9BYK8
A6NDX5	P43699
A6NDX5	Q91VH2
A6NDX5	P27573
A6NDX5	P15924
A6NDX5	Q8IWR0
A6NDX5	Q8WX93
A6NDX5	Q9R1C7
A6NDX5	O75376
A6NDX5	P32942
A6NDX5	P17509
A6NDX5	P53992
A6NDX5	P70333
A6NDX5	P55795
A6NDX5	Q6AY09
A6NDX5	P28698
A6NDX5	Q8VI36-2
A6NDX5	P42771
A6NDX5	Q9JHG7
A6NDX5	Q02956
A6NDX5	Q8BWQ5
A6NDX5	Q9HBA0
A6NDX5	Q6ZUJ8
A6NDX5	Q99759
A6NDX5	Q8NG66
A6NDX5	Q9JKV2
A6NDX5	O43566
A6NDX5	P27704
A6NDX5	O88850
A6NDX5	Q8IW41
A6NDX5	Q9NRP7
A6NDX5	Q6V9V9
A6NDX5	Q9Z2W1
A6NDX5	Q62388
A6NDX5	Q9Z0J4
A6NDX5	P54753
A6NDX5	Q01844
A6NDX5	P46097
A6NDX5	Q9ES28
A6NDX5	P34152
A6NDX5	P31725
A6NDX5	P56270
A6NDX5	Q9QZR5
A6NDX5	A2A8L5
A6NDX5	Q60977
A6NDX5	Q9NP99
A6NDX5	Q13409
A6NDX5	A2ABF8
A6NDX5	Q9GZT9
A6NDX5	Q96RI0
A6NDX5	Q9GZP0
A6NDX5	Q99JX7
A6NDX5	Q9Z282
A6NDX5	P23142
A6NDX5	O95248
A6NDX5	NP_001100217
A6NDX5	D3ZKU4
A6NDX5	O94813
A6NDX5	Q9CR00
A6NDX5	Q2M2N2
A6NDX5	Q80UL9
A6NDX5	Q3UEP4
A6NDX5	Q8C8R3
A6NDX5	B1AY13
A6NDX5	P35282
A6NDX5	Q9UJL9
A6NDX5	Q8NG94
A6NDX5	Q7RTT6
A6NDX5	Q7Z6J6
A6NDX5	Q00420
A6NDX5	NP_001100112
A6NDX5	O43167
A6NDX5	Q14588
A6NDX5	P59047
A6NDX5	P31151
A6NDX5	Q9WTY9
A6NDX5	P97546
A6NDX5	Q99501
A6NDX5	Q15735
A6NDX5	NP_083333
A6NDX5	A5HK05
A6NDX5	Q9HC73
A6NDX5	Q96FK6
A6NDX5	Q9D8T4
A6NDX5	P30658
A6NDX5	Q3UQL6
A6NDX5	Q8CJ91
A6NDX5	D3ZXD9
A6NDX5	P57748
A6NDX5	D3ZY60
A6NDX5	XP_573738
A6NDX5	P04435
A6NDX5	Q9HC97
A6NDX5	P25774
A6NDX5	Q4G063
A6NDX5	Q9BUY7
A6NDX5	Q9HCM4-2
A6NDX5	Q13216
A6NDX5	Q8IXH8
A6NDX5	Q9H6K1
A6NDX5	Q9Y283
A6NDX5	Q6KAT2
A6NDX5	P51512-2
A6NDX5	Q9UK33
A6NDX5	P09012
A6NDX5	Q9NZN5-2
A6NDX5	Q96S86
A6NDX5	Q4QQT7
A6NDX5	Q91XL2
A6NDX5	O60449
A6NDX5	Q9QUH0
A6NDX5	Q14669-3
A6NDX5	O00499-10
A6NDX5	P41968
A6NDX5	Q9BW62
A6NDX5	Q9VNG9
A6NDX5	P25799
A6NDX5	Q9H0E9
A6NDX5	Q6GPI1
A6NDX5	Q6GPI1_VAR_A250T
A6NDX5	Q9C005
A6NDX5	Q4ZJM7
A6NDX5	P16157-11
A6NDX5	O60290
A6NDX5	Q96BS2
A6NDX5	Q14314
A6NDX5	O96018
A6NDX5	Q5JTD7
A6NDX5	Q6B966
A6NDX5	Q8NGX1
A6NDX5	Q8R1Z4
A6NDX5	Q91Y09
A6NDX5	P23760-3
A6NDX5	P20849
A6NDX5	Q66PY1
A6NDX5	Q9H2C8
A6NDX5	A8MQ14
A6NDX5	Q8JZX3
A6NDX5	Q8BX94
A6NDX5	Q8BLA8
A6NDX5	Q8K443
A6NDX5	Q9Y548
A6NDX5	Q91XF4
A6NDX5	Q9UIS9-4
A6NDX5	Q8VE80
A6NDX5	O88838
A6NDX5	O54951
A6NDX5	Q9D7J7
A6NDX5	AAA58698
A6NDX5	Q9HAH1
A6NDX5	P16870
A6NDX5	Q96I51-3
A6NDX5	Q9QYE3-13
A6NDX5	O70293-2
A6NDX5	Q8C9V1
A6NDX5	B2RC85
A6NDX5	Q3V0M2
A6NDX5	Q8NAU1
A6NDX5	E9Q8L9
A6NDX5	P14404
A6NDX5	G5E8B9
A6NDX5	Q8C0J6
A6NDX5	Q8IZP0-3
A6NDX5	Q8BHE3
A6NDX5	Q7TQW2
A6NDX5	Q8IU89
A6NDX5	P10646-2
A6NDX5	Q13555-9
A6NDX5	B2RTN3
A6NDX5	O95944
A6NDX5	Q68EF8
A6NDX5	Q6ZWJ8
A6NDX5	Q15080-2
A6NDX5	P30549
A6NDX5	P08152
A6NDX5	Q14B80
A6NDX5	Q8WUE5
A6NDX5	P04439-2
A6NDX5	Q86UL3
A6NDX5	P58062
A6NDX5	Q9DCN7
A6NDX5	Q4ZGD9
A6NDX5	Q8NGY5
A6NDX5	Q52L69
A6NDX5	O70165
A6NDX5	Q8N9C0-2
A6NDX5	P28221
A6NDX5	Q3V1M1
A6NDX5	Q9UJU3
A6NDX5	Q8CDE2
A6NDX5	Q9H469
A6NDX5	P56730
A6NDX5	O54775
A6NDX5	Q80Z38-2
A6NDX5	Q80W31
A6NDX5	Q8IYX0
A6NDX5	Q0D2J5
A6NDX5	Q4ZJM9
A6NDX5	Q3ZCX4-3
A6NDX5	O43251-6
A6NDX5	Q60575-3
A6NDX5	Q99MV7
A6NDX5	Q8HWB2
A6NDX5	Q09028
A6NDX5	Q60972
A6NDX5	B5DFB2
A6NDX5	Q6AYF3
A6NDX5	A8MYZ6
A6NDX5	Q4TU85
A6NDX5	A0A075B6Y9
A6NDX5	Q9D939
A6NDX5	Q14BL3
A6NDX5	D4ABS9
A6NDX5	NP_001178747
A6NDX5	P58269-2
A6NDX5	Q92784-2
A6NDX5	B0BNA7
A6NDX5	Q13347
A6NDX5	Q9QZD9
A6NDX5	Q8R416
A6NDX5	Q8C2S0
A6NDX5	NP_001101962
A6NDX5	Q922B6
A6NDX5	D3ZQI2
A6NDX5	XP_001059988
A6NDX5	D4A3U0
A6NDX5	XP_001081536
A6NDX5	D3ZR69
A6NDX5	D3ZHE1
A6NDX5	D3ZZL9
A6NDX5	Q8CEG8
A6NDX5	P63120
A6NDX5	Q14B01
A6NDX5	Q8BHP7
A6NDX5	Q8BJR6
A6NDX5	P10751
A6NDX5	Q9WVF9
A6NDX5	D3ZZ74
A6NDX5	O54998
A6NDX5	Q99895
A6NDX5	Q16651
A6NDX5	A0PK84
A6NDX5	Q6UX98
A6NDX5	Q96MA6
A6NDX5	P17023
A6NDX5	XP_001073177
A6NDX5	Q8NH70
A6NDX5	P97700
A6NDX5	XP_001074342
A6NDX5	XP_001080481
A6NDX5	NP_001101329
A6NDX5	Q8NH05
A6NDX5	D3ZKU3
A6NDX5	P29371
A6NDX5	B2RYB8
A6NDX5	O75409
A6NDX5	Q96PU5-5
A6NDX5	D4A1R0
A6NDX5	Q61080
A6NDX5	F1LWM1
A6NDX5	Q9R085
A6NDX5	Q9P0K9
A6NDX5	XP_001054223
A6NDX5	Q8NGQ1
A6NDX5	Q8WZ19
A6NDX5	Q7TQ24
A6NDX5	P43137
A6NDX5	Q9JKM5
A6NDX5	P19328
A6NDX5	Q62805
A6NDX5	Q63384
A6NDX5	Q8NHA8
A6NDX5	Q499R6
A6NDX5	Q6J4K2
A6NDX5	Q6R6I6
A6NDX5	Q8VEA8
A6NDX5	Q7L0R7
A6NDX5	Q8CBG9
A6NDX5	Q8K3T4
A6NDX5	D3ZB14
A6NDX5	Q8NGC1
A6NDX5	Q8NGM1
A6NDX5	P58170
A6NDX5	A6NND4
A6NDX5	P46663
A6NDX5	P58181
A6NDX5	F8VQN3
A6NDX5	Q8NGI7
A6NDX5	Q8NH72
A6NDX5	Q8NG80
A6NDX5	O15428
A6NDX5	A6NMU1
A6NDX5	A2AM35
A6NDX5	Q80ZU0
A6NDX5	Q63189
A6NDX5	Q8N143
A6NDX5	Q96JP9
A6NDX5	Q7TP73
A6NDX5	O60548
A6NDX5	P0CF97
A6NDX5	Q9D738
A6NDX5	P15709
A6NDX5	P42580
A6NDX5	Q7Z5L7
A6NDX5	Q6QRN9
A6NDX5	Q8TDN1
A6NDX5	Q9D1H9
A6NDX5	Q5SR53
A6NDX5	Q9H0B3-4
A6NDX5	XP_002726253
A6NDX5	Q9D9N8
A6NDX5	Q8TAK5
A6NDX5	D3ZTV3
A6NDX5	Q3UTQ6
A6NDX5	Q3TZR4
A6NDX5	Q9WUE3
A6NDX5	Q80UK0
A6NDX5	AAI69110
A6NDX5	Q569C3
A6NDX5	Q9D258
A6NDX5	Q0QWG9-2
A6NDX5	Q8VI95
A6NDX5	E9Q1L8
A6NDX5	Q9NZM1-3
A6NDX5	Q9QYI5
A6NDX5	Q5U2Z4
A6NDX5	Q02297-9
A6NDX5	Q4VC12
A6NDX5	Q3U048
A6NDX5	F6S4K9
A6NDX5	P0CE72
A6NDX5	Q8CCH2
A6NDX5	ENSRNOP00000042091
A6NDX5	Q499N6
A6NDX5	D4A8L4
A6NDX5	Q3KRC5
A6NDX5	Q68FT7
A6NDX5	Q0V8T7
A6NDX5	Q8R1Q3
A6NDX5	D3ZZR6
A6NDX5	NP_001100133
A6NDX5	Q9H9P5-5
A6NDX5	A0A087WR82
A6NDX5	NP_001264106
A6NDX5	XP_578019
A6NDX5	Q920R0-2
A6NDX5	Q922J2
A6NDX5	P15509-6
A6NDX5	Q9ESN1
A6NDX5	P04937
A6NDX5	Q66L36
A6NDX5	Q7TRF5
A6NDX5	Q7LDG7
A6NDX5	Q7TR18
A6NDX5	D4A6C4
A6NDX5	Q96D71-2
A6NDX5	Q8N5A5-2
A6NDX5	D3ZYN9
A6NDX5	D3ZY64
A6NDX5	D3Z5H5
A6NDX5	P27986-2
A6NDX5	P57103-2
A6NDX5	P46937-3
A6NDX5	O55178
A6NDX5	D3ZCQ7
A6NDX5	Q5U1Z7
A6NDX5	F1LXK8
A6NDX5	P21809
A6NDX5	NP_001103735
A6NDX5	NP_001012105
A6NDX5	Q9WUH4
A6NDX5	A2VCW5
A6NDX5	Q3SWT0
A6NDX5	Q99JC6
A6NDX5	F8WJF7
A6NDX5	Q00872-5
A6NDX5	D4A9K0
A6NDX5	Q3KR57
A6NDX5	P97677
A6NDX5	Q5PQK8
A6NDX5	Q92974-3
A6NDX5	D4A135
A6NDX5	D3ZZK0
A6NDX5	Q08122-2
A6NDX5	Q16557
A6NDX5	Q14161-10
A6NDX5	P19878-3
A6NDX5	P51608-2
A6NDX5	Q4VAC9-3
A6NDX5	Q86V48-3
A6NDX5	Q68A65
A6NDX5	O43781-2
A6NDX5	Q92609-2
A6NDX5	B2RYN7
A6NDX5	Q9BXB5-2
A6NDX5	Q9HAU0-2
A6NDX5	D3ZXK7
A6NDX5	Q9P0L2-3
A6NDX5	Q8N4Y2-3
A6NDX5	Q9NQ55-2
A6NDX5	K9J7B2
A6NDX5	Q3MIE0
A6NDX5	P0C7H9
A6NDX5	Q7L7X3-3
A6NDX5	P49137-2
A6NDX5	Q63108
A6NDX5	B7ZWM4
A6NDX5	D4ADY0
A6NDX5	F1LND0
A6NDX5	P56702
A6NDX5	Q8VGW9
A6NDX5	NP_001000810
A6NDX5	Q7TR49
A6NDX5	XP_001074371
A6NDX5	NP_001000830
A6NDX5	Q63622-7
A6NDX5	P30530-2
A6NDX5	P58500
A6NDX5	Q9UJV3-2
A6NDX5	Q02447-5
A6NDX5	P41984
A6NDX5	Q66H67
A6NDX5	D4A213
A6NDX5	P61579
A6NDX5	Q69383
A6NDX5	P61573
A6NDX5	A0A1W2PPD8
A6NDX5	Q9Z1D7
A6NDX5	Q8IVF2-2
A6NDX5	Q13247-2
A6NDX5	P14314-2
A6NDX5	D4A8G6
A6NDX5	Q05519-2
A6NDX5	NP_001258254
A6NDX5	Q6UXH1-5
A6NDX5	O43747-2
A6NDX5	P70619
A6NDX5	O95294-2
A6NDX5	Q5SWT3
A6NDX5	Q9Y2L9-3
A6NDX5	Q9BX66-11
A6NDX5	Q9NR48-2
A6NDX5	Q8N1W1-5
A6NDX5	P57768-2
A6NDX5	Q3L8U1-2
A6NDX5	P60981-2
A6NDX5	Q5M824
A6NDX5	Q8TCZ2-2
A6NDX5	Q9NQ66-2
A6NDX5	Q5W0Z9-3
A6NDX5	Q8VGD6
A6NDX5	P01895
A6NDX5	Q9H6T3-3
A6NDX5	Q92932-3
A6NDX5	P08154
A6NDX5	P04230
A6NDX5	O96017-9
A6NDX5	P55211-2
A6NDX5	A0A0A0MS14
A6NDX5	Q70E73-3
A6NDX5	P0DN78
A6NDX5	P04001
A6NDX5	P0DN77
A6NDX5	P08631-2
A6NDX5	P49366-2
A6NDX5	P0DP02
A6NDX5	O95104-2
A6NDX5	Q8TE67-3
A6NDX5	E1BHH5
A6NDX5	F1MWG7
A6NDX5	A6QQU8
A6NDX5	XP_003583066
A6NDX5	Q1RMT6
A6NDX5	Q9C0C7-5
A6NDX5	E1BI11
A6NDX5	A0A0C4DH38
A6NDX5	O60447-2
A6NDX5	Q76HL1
A6NDX5	P06803-2
A6NDX5	O14492-2
A6NDX5	O94967-4
A6NDX5	Q9BZL6-3
A6NDX5	Q7RTT4
A6NDX5	A0A0G2K6T6
A6NDX5	Q9ULC8-3
A6NDX5	Q9P283-4
A6NDX5	Q80VL0
A6NDX5	P43165
A6NDX5	Q6MG97
A6NDX5	Q80WD1
A6NDX5	Q7TT47
A6NDX5	P12020
A6NDX5	Q6DFV5-3
A6NDX5	P50115
A6NDX5	P18865
A6NDX5	O08625
A6NDX5	Q67EQ0
A6NDX5	Q5BK60
A6NDX5	P07882
A6NDX5	P27986-4
A6NDX5	Q96KB5-2
A6NDX5	A0A075B6K4
A6NDX5	O00322-2
A6NDX5	Q8TDW5-2
A6NDX5	Q96DU3-2
A6NDX5	Q66H11
A6NDX5	Q5FVK9
A6NDX5	Q5BK11
A6NDX5	Q9H8V3-3
A6NDX5	D4A1S2
A6NDX5	Q7TQ48-1
A6NDX5	P01699
A6NDX5	Q9JIP0
A6NDX5	E9PU00
A6NDX5	Q66H09
A6NDX5	D3ZRH5
A6NDX5	A0A1B0GX68
A6NDX5	Q568Z7
A6NDX5	O35158
A6NDX5	Q5PR00
A6NDX5	Q8R2H1
A6NDX5	Q641X1
A6NDX5	A1L1K1
A6NDX5	P01819
A6NDX5	Q9JL55
A6NDX5	Q6AXZ6
A6NDX5	A0A087WSZ9
A6NDX5	Q6P9Z6
A6NDX5	XP_017454945
A6NDX5	NP_001100725
A6NDX5	A0A0K0K1C4
A6NDX5	NP_001380625
A6NDX5	D3ZMR7
A6NDX5	P01857-1
A6NDX5	Q9BX66-5
A6NDX5	A0A1W2PPK0
A6NDX5	Q6AY35
A6NDX5	Q86SE5-3
A6NDX5	B5DEG8
A6NDX5	Q9CV76
A6NDX5	O88277
A6NDX5	P56479
A6NDX5	Q4JIM5
A6NDX5	O35459
A6NDX5	P08F94
A6NDX5	P29034
A6NDX5	Q9JKX8
A6NDX5	A0A0G2JWA8
A6NDX5	Q9JLM9
A6NDX5	Q9CQM1
A6NDX5	P61968
A6NDX5	P61969
A6NDX5	Q5PPG8
A6NDX5	P17658
A6NDX5	Q9WUL5
A6NDX5	A2VCN4
A6NDX5	Q8CID0
A6NDX5	XP_342370
A6NDX5	E9Q394
A6NDX5	Q6A039
A6NDX5	XP_221384
A6NDX5	NP_001381675
A6NDX5	Q9WV69
A6NDX5	Q9EQJ9-2
A6NDX5	XP_215985
A6NDX5	D3ZTF6
A6NDX5	Q9UIK4
A6NDX5	P27671
A6NDX5	Q9NQU5
A6NDX5	Q9ERC5
A6NDX5	P51955
A6NDX5	Q62073
A6NDX5	Q0KL02
A6NDX5	P05771-2
A6NDX5	O54863
A6NDX5	Q925K9
A6NDX5	D3ZEK4
A6NDX5	Q0JRZ9-2
A6NDX5	P18433
A6NDX5	Q9P2K8
A6NDX5	Q9Z1X4
A6NDX5	Q9WTL4
A6NDX5	P97369
A6NDX5	O75864
A6NDX5	Q03717
A6NDX5	Q00839
A6NDX5	P52479
A6NDX5	Q61545
A6NDX5	Q04726
A6NDX5	Q9Z238
A6NDX5	P35546-2
A6NDX5	Q15300
A6NDX5	Q6PDM2
A6NDX5	Q0VCY7
A6NDX5	NP_001103022
A6NDX5	Q07955
A6NDX5	Q14644
A6NDX5	Q12929
A6NDX5	O95365
A6NDX5	O14639
A6NDX5	Q01338
A6NDX5	Q96P11
A6NDX5	Q9H0L4
A6NDX5	Q6TXD4
A6NDX5	Q8R361
A6NDX5	Q80TY0
A6NDX5	P42566
A6NDX5	Q14676
A6NDX5	O15047
A6NDX5	Q3UPF5
A6NDX5	Q62688
A6NDX5	Q9BWF3
A6NDX5	O54701
A6NDX5	P34913
A6NDX5	Q02487
A6NDX5	Q8CFE6
A6NDX5	O54826
A6NDX5	Q9Y2L6
A6NDX5	Q9BQT9
A6NDX5	P18406
A6NDX5	P18085
A6NDX5	P07858
A6NDX5	Q6XYQ8
A6NDX5	P59808
A6NDX5	O08919
A6NDX5	P35606
A6NDX5	Q9Z0W5
A6NDX5	Q8CFS6
A6NDX5	P13635
A6NDX5	Q78IS1
A6NDX5	Q99PW8
A6NDX5	Q62151
A6NDX5	Q9Y2H8
A6NDX5	Q8VDV0
A6NDX5	Q9QXV1
A6NDX5	Q8NC67
A6NDX5	Q9BZF3
A6NDX5	O70200
A6NDX5	Q08629
A6NDX5	O95429
A6NDX5	P70193
A6NDX5	Q571K4
A6NDX5	Q99PG0
A6NDX5	P22760
A6NDX5	Q92623
A6NDX5	O60241
A6NDX5	Q08830
A6NDX5	Q5JR12
A6NDX5	P50749
A6NDX5	Q8BGS5
A6NDX5	Q9EQD0
A6NDX5	Q9Y4E8
A6NDX5	Q8NGS6
A6NDX5	P20334
A6NDX5	Q9Y2Y9
A6NDX5	Q8N7K0
A6NDX5	Q9Z2X9
A6NDX5	Q9QUS6
A6NDX5	Q02224
A6NDX5	P54726
A6NDX5	Q96K75
A6NDX5	Q8R3H9
A6NDX5	Q61549
A6NDX5	Q9D4J3
A6NDX5	Q8VGG6
A6NDX5	Q8R4E4
A6NDX5	P37040
A6NDX5	P70584
A6NDX5	P50225
A6NDX5	Q811B3
A6NDX5	Q8N6Y2
A6NDX5	O09039
A6NDX5	Q9JIW9
A6NDX5	Q7Z569
A6NDX5	Q62315
A6NDX5	P81274
A6NDX5	Q8TDW5
A6NDX5	Q9R0Q8
A6NDX5	Q9BXM0
A6NDX5	Q9ESM3
A6NDX5	Q13351
A6NDX5	Q5PQQ6
A6NDX5	Q9QXX4
A6NDX5	Q8WZ75
A6NDX5	Q12967
A6NDX5	Q14571
A6NDX5	Q8BZ10
A6NDX5	B1ARD8
A6NDX5	Q7TMN8
A6NDX5	Q9H336
A6NDX5	P70691
A6NDX5	Q9UN73
A6NDX5	Q5HY92
A6NDX5	Q13106
A6NDX5	Q9Y5E1
A6NDX5	Q6IEY1
A6NDX5	O95013
A6NDX5	Q99LH4
A6NDX5	Q9EQT6
A6NDX5	A1A4S6
A6NDX5	O08999
A6NDX5	Q8WXB4
A6NDX5	Q8BI21
A6NDX5	Q3KPI0
A6NDX5	Q68DI1
A6NDX5	O75110
A6NDX5	E9PZ19
A6NDX5	P07942
A6NDX5	Q6UY09
A6NDX5	P47888
A6NDX5	Q03828
A6NDX5	Q68DC2
A6NDX5	Q8VE28
A6NDX5	Q8R5M8
A6NDX5	Q9UK53
A6NDX5	Q5JTW2
A6NDX5	Q9R118
A6NDX5	Q96DT7
A6NDX5	Q92947
A6NDX5	P28738
A6NDX5	Q9D2H9
A6NDX5	P26378
A6NDX5	Q61701
A6NDX5	Q7Z6J4
A6NDX5	Q61087
A6NDX5	Q9NZU1
A6NDX5	O75309
A6NDX5	Q9Y5A6
A6NDX5	A0A0G2K8N1
A6NDX5	Q8VC82
A6NDX5	Q9R0N3
A6NDX5	Q9NZN9
A6NDX5	Q8IYX4
A6NDX5	Q9WUK6
A6NDX5	Q99592
A6NDX5	Q9JKY3
A6NDX5	Q02548
A6NDX5	P98200
A6NDX5	Q14003
A6NDX5	Q9ULV1
A6NDX5	O14514
A6NDX5	Q9CYL5
A6NDX5	Q9UHG0
A6NDX5	P49746
A6NDX5	Q5TZ20
A6NDX5	Q86VZ5
A6NDX5	P57086
A6NDX5	Q9BYH1
A6NDX5	Q80U04
A6NDX5	Q9ULI0
A6NDX5	O43345
A6NDX5	Q99MK9
A6NDX5	P28332
A6NDX5	Q6N043
A6NDX5	Q8TAW3
A6NDX5	Q91XA8
A6NDX5	P25318
A6NDX5	O75074
A6NDX5	Q3U1Z5
A6NDX5	Q8IZD2
A6NDX5	Q7Z7G0
A6NDX5	P97303-2
A6NDX5	Q99MS7
A6NDX5	O60500
A6NDX5	Q05909
A6NDX5	Q9EQJ9
A6NDX5	Q9UNT1
A6NDX5	Q9QY83
A6NDX5	Q0V8T3
A6NDX5	Q8BGB2
A6NDX5	Q64264
A6NDX5	Q8TDU9
A6NDX5	A2AFS3
A6NDX5	Q6AZY7
A6NDX5	Q3T906
A6NDX5	Q9C0A6
A6NDX5	Q9HCH5
A6NDX5	Q7M760
A6NDX5	Q76IC6
A6NDX5	Q02566
A6NDX5	Q8TE77
A6NDX5	Q8IUL8
A6NDX5	Q96LD4
A6NDX5	Q86SQ4
A6NDX5	Q9QZD8
A6NDX5	Q9QZH3
A6NDX5	Q86T82
A6NDX5	Q61412
A6NDX5	Q8K2H6
A6NDX5	Q9UM13
A6NDX5	B5DEP3
A6NDX5	G5E8Q8
A6NDX5	Q8N9W6
A6NDX5	Q8IZD0
A6NDX5	P47226
A6NDX5	P61089
A6NDX5	P61088
A6NDX5	Q9EQX9
A6NDX5	P35580
A6NDX5	Q5XI21
A6NDX5	F8VPX2
A6NDX5	Q9NQ25
A6NDX5	Q3U381
A6NDX5	Q9BYE7
A6NDX5	Q04724
A6NDX5	O60479
A6NDX5	Q9CW46
A6NDX5	O75475
A6NDX5	Q9C0J8
A6NDX5	Q8WZ64
A6NDX5	Q8C9B9
A6NDX5	O00499
A6NDX5	Q91VY5
A6NDX5	Q922S8
A6NDX5	Q9Y5X1
A6NDX5	Q05982
A6NDX5	P54276
A6NDX5	Q8VHK7
A6NDX5	Q9CXG9
A6NDX5	Q92769
A6NDX5	O75717
A6NDX5	O75400
A6NDX5	Q99KG3
A6NDX5	P70174
A6NDX5	Q96C45
A6NDX5	Q8K298
A6NDX5	Q60992
A6NDX5	P25440
A6NDX5	Q96L96
A6NDX5	Q05513
A6NDX5	Q05921
A6NDX5	Q9C098
A6NDX5	P29754
A6NDX5	P41183
A6NDX5	Q61083
A6NDX5	Q91ZR4
A6NDX5	Q80Y86
A6NDX5	P42680
A6NDX5	Q9ERH7
A6NDX5	Q07832
A6NDX5	P53779
A6NDX5	O00506
A6NDX5	P16104
A6NDX5	O08605
A6NDX5	Q9H0C8
A6NDX5	P51683
A6NDX5	P25963
A6NDX5	P39429
A6NDX5	Q92547
A6NDX5	Q14790
A6NDX5	Q9JKE2
A6NDX5	Q86Z02
A6NDX5	Q5E9E2
A6NDX5	P51681
A6NDX5	P60981
A6NDX5	P60982
A6NDX5	P70297
A6NDX5	Q86YN6
A6NDX5	O43182
A6NDX5	P40424
A6NDX5	P41778
A6NDX5	NP_001128334
A6NDX5	Q8WXS8
A6NDX5	Q9QZQ8-1
A6NDX5	O75112
A6NDX5	P22272
A6NDX5	Q8CIS0
A6NDX5	Q15063
A6NDX5	B9EKR1
A6NDX5	E9Q238
A6NDX5	NP_001005762
A6NDX5	Q92905
A6NDX5	O35864
A6NDX5	Q4KM69
A6NDX5	Q9BZ71
A6NDX5	Q9CYW4
A6NDX5	P16662
A6NDX5	Q3UM83
A6NDX5	E9Q309
A6NDX5	A0FGR8-2
A6NDX5	Q8CEL2
A6NDX5	Q3UH66
A6NDX5	Q6NUI6
A6NDX5	Q9NVH1
A6NDX5	Q6P5H6
A6NDX5	Q8NCW6
A6NDX5	P85299
A6NDX5	Q6ZWR6
A6NDX5	Q80X44
A6NDX5	P97573
A6NDX5	Q8NCQ5
A6NDX5	Q9R1M5
A6NDX5	Q6SPF0
A6NDX5	Q63538
A6NDX5	Q8BK48
A6NDX5	Q8JZP9
A6NDX5	P59644
A6NDX5	A2AB59
A6NDX5	O00358
A6NDX5	Q62921
A6NDX5	Q9BZE9
A6NDX5	Q9D0R9
A6NDX5	Q66K08
A6NDX5	Q8WXI3
A6NDX5	O60882
A6NDX5	P13538
A6NDX5	XP_576837
A6NDX5	P01735
A6NDX5	Q8R2V5
A6NDX5	Q9UBP9
A6NDX5	Q9ES90
A6NDX5	O70370
A6NDX5	Q9D0E5
A6NDX5	Q15149-6
A6NDX5	Q9UM54-5
A6NDX5	Q8CFD5
A6NDX5	P59862
A6NDX5	Q3TT38
A6NDX5	O89019
A6NDX5	Q9HB19
A6NDX5	Q7Z736
A6NDX5	Q9DB38
A6NDX5	Q62189
A6NDX5	Q80WM5
A6NDX5	Q9UKB3
A6NDX5	Q60767
A6NDX5	Q9Y4K0
A6NDX5	Q9ESH6
A6NDX5	Q12830-4
A6NDX5	Q9NQV5
A6NDX5	Q14145
A6NDX5	P04633
A6NDX5	P33033
A6NDX5	Q8K0T4
A6NDX5	NP_001177927
A6NDX5	Q99LT0
A6NDX5	P07313
A6NDX5	Q9UKZ9
A6NDX5	P61215
A6NDX5	Q9NS85
A6NDX5	Q9JKL5
A6NDX5	Q9DAL4
A6NDX5	B2RWC4
A6NDX5	Q9UQM7-2
A6NDX5	A6NH00
A6NDX5	P35442
A6NDX5	Q9UD57
A6NDX5	Q05722
A6NDX5	Q9H649
A6NDX5	M0RCA0
A6NDX5	Q96H35
A6NDX5	A8TX70
A6NDX5	Q9Y6X5
A6NDX5	Q96LW9
A6NDX5	Q8WW38
A6NDX5	O60687
A6NDX5	Q91VU1
A6NDX5	Q96A37
A6NDX5	P26447
A6NDX5	Q3KNV8
A6NDX5	XP_227852
A6NDX5	Q15907
A6NDX5	P46638
A6NDX5	O35509
A6NDX5	Q8IWL2
A6NDX5	P55345
A6NDX5	Q00493
A6NDX5	A2AKN5
A6NDX5	O70255
A6NDX5	Q9C0C4
A6NDX5	Q9UQ26-8
A6NDX5	Q8IV04
A6NDX5	Q8CI52
A6NDX5	Q3V0F0
A6NDX5	Q5TG30
A6NDX5	Q1X8D7
A6NDX5	Q768S4
A6NDX5	Q7TRZ7
A6NDX5	Q6PB44
A6NDX5	O15535
A6NDX5	Q588F4
A6NDX5	Q86WG3
A6NDX5	B2RQC2
A6NDX5	Q99569-2
A6NDX5	Q9NP90
A6NDX5	P09026
A6NDX5	Q9UBN6
A6NDX5	Q8CIN6
A6NDX5	P08123
A6NDX5	B1AUS7
A6NDX5	Q5M7Z0
A6NDX5	Q62056
A6NDX5	Q8CIM5
A6NDX5	Q02962-2
A6NDX5	Q9UHM6-2
A6NDX5	Q6PAC3
A6NDX5	Q61224
A6NDX5	A4D1F6
A6NDX5	Q9UGT4
A6NDX5	Q5H8B9
A6NDX5	Q91W61
A6NDX5	O08762
A6NDX5	O15391
A6NDX5	Q62417-4
A6NDX5	Q58A65-2
A6NDX5	Q8TD23
A6NDX5	E9Q8V6
A6NDX5	Q96RT1-8
A6NDX5	Q969W1-3
A6NDX5	Q8CI51-3
A6NDX5	P23589
A6NDX5	Q6ZMN7-2
A6NDX5	Q6ZWJ1-2
A6NDX5	P61087
A6NDX5	P61086
A6NDX5	D3ZXS8
A6NDX5	Q9JI81
A6NDX5	Q9Y2Y8
A6NDX5	Q9WTQ0
A6NDX5	Q8BW11
A6NDX5	Q62813
A6NDX5	A5PJJ9
A6NDX5	Q3ULP7
A6NDX5	Q8CH84
A6NDX5	NP_001164648
A6NDX5	Q4V7A6
A6NDX5	Q9JKL1
A6NDX5	P68135
A6NDX5	P68136
A6NDX5	P68134
A6NDX5	P68133
A6NDX5	M0R7D0
A6NDX5	CAM22463
A6NDX5	Q99680
A6NDX5	D3ZTS7
A6NDX5	XP_001079020
A6NDX5	O89040
A6NDX5	Q32PZ3
A6NDX5	Q6AYP2
A6NDX5	P35286
A6NDX5	O14578-4
A6NDX5	A6NJ78
A6NDX5	NP_001101841
A6NDX5	Q8N9L1
A6NDX5	P63127
A6NDX5	NP_001178552
A6NDX5	P70711
A6NDX5	Q6ZWY6
A6NDX5	Q96EQ9
A6NDX5	Q15195
A6NDX5	Q7TRH9
A6NDX5	Q3SYP2
A6NDX5	Q9ESD1
A6NDX5	Q7Z410
A6NDX5	Q6IR37
A6NDX5	Q9HAT0
A6NDX5	Q8VG73
A6NDX5	Q5XIN4
A6NDX5	P34984
A6NDX5	Q6P747
A6NDX5	Q6AYU4
A6NDX5	Q8NGC3
A6NDX5	P47937
A6NDX5	NP_001101066
A6NDX5	P15813
A6NDX5	O54798
A6NDX5	D3ZDM6
A6NDX5	F8VQ39
A6NDX5	D3ZM61
A6NDX5	XP_038943342
A6NDX5	NP_001100609
A6NDX5	Q5I2Z0
A6NDX5	Q8N4Y2
A6NDX5	D4ADF6
A6NDX5	E9PXR8
A6NDX5	Q9UJP4
A6NDX5	A6NGE4
A6NDX5	Q9UH77
A6NDX5	Q8NGP9
A6NDX5	Q99766
A6NDX5	Q9H344
A6NDX5	P97615
A6NDX5	Q9R261
A6NDX5	Q62928
A6NDX5	P97520
A6NDX5	Q5JRS4
A6NDX5	Q9JJW6
A6NDX5	Q925Q3
A6NDX5	Q9QZH0
A6NDX5	Q924U1
A6NDX5	D4A7A8
A6NDX5	Q3UHJ8
A6NDX5	Q9Y6U7
A6NDX5	Q8NGS3
A6NDX5	Q80Z39
A6NDX5	O14763
A6NDX5	Q7TRM0
A6NDX5	Q7TR09
A6NDX5	Q8NGB8
A6NDX5	Q8VGW7
A6NDX5	Q61125
A6NDX5	Q8NGS1
A6NDX5	Q9NQN1
A6NDX5	Q8VF55
A6NDX5	Q9BZM4
A6NDX5	Q8NGP0
A6NDX5	Q8NGL1
A6NDX5	P15509
A6NDX5	Q9BS26
A6NDX5	Q8NG92
A6NDX5	P51157
A6NDX5	Q9NYM4
A6NDX5	NP_001100127
A6NDX5	P10629
A6NDX5	P09630
A6NDX5	P51646
A6NDX5	Q9Y689
A6NDX5	O00634
A6NDX5	O88282
A6NDX5	Q8NEK5
A6NDX5	Q8VHP6
A6NDX5	Q5XIG1
A6NDX5	Q7Z6K4
A6NDX5	Q91ZA8
A6NDX5	D3Z9S9
A6NDX5	Q9NQZ8
A6NDX5	P11277-2
A6NDX5	P22392-2
A6NDX5	XP_001076847
A6NDX5	D3ZP82
A6NDX5	Q0VF51
A6NDX5	D4A9E3
A6NDX5	Q7TQ62
A6NDX5	Q80XM3
A6NDX5	Q80U62-2
A6NDX5	Q8N371
A6NDX5	Q3UMU9-2
A6NDX5	Q80V70
A6NDX5	Q9BSG0
A6NDX5	P50232
A6NDX5	P81069
A6NDX5	Q8R4V0
A6NDX5	D4A6D8
A6NDX5	Q9JHZ9
A6NDX5	G5E8K2
A6NDX5	Q8VHT7
A6NDX5	Q8VHA6
A6NDX5	Q96HQ2
A6NDX5	Q3TKZ2
A6NDX5	Q3KR59
A6NDX5	Q9NSI6-2
A6NDX5	NP_001307551
A6NDX5	Q9QXS1-6
A6NDX5	Q9BV35-2
A6NDX5	Q13445
A6NDX5	Q9D5Z5
A6NDX5	Q571K0
A6NDX5	Q8NI38
A6NDX5	O14498
A6NDX5	E9PVG8
A6NDX5	Q4KLY1
A6NDX5	D4A417
A6NDX5	XP_003751625
A6NDX5	Q9D2G5-5
A6NDX5	D3ZDG9
A6NDX5	D3ZM26
A6NDX5	P13366
A6NDX5	A0A0A0MQ87
A6NDX5	D3ZBX7
A6NDX5	G3X941
A6NDX5	Q9D0Z8
A6NDX5	Q8VF80
A6NDX5	Q3MI24
A6NDX5	B8JKU3
A6NDX5	F1LRZ9
A6NDX5	P56975-3
A6NDX5	Q5PQT0
A6NDX5	Q96D71-4
A6NDX5	Q8N5A5-3
A6NDX5	O14776-2
A6NDX5	Q8TEW0-11
A6NDX5	Q96P48-3
A6NDX5	Q8CJC7
A6NDX5	Q5U206
A6NDX5	Q3MJ40-2
A6NDX5	XP_017445336
A6NDX5	D3ZKG0
A6NDX5	P21793
A6NDX5	Q0ZCA7
A6NDX5	Q9NQ86-3
A6NDX5	Q5I0E2
A6NDX5	D3ZA38
A6NDX5	P20059
A6NDX5	A2AKE7
A6NDX5	Q6P7A2
A6NDX5	D3ZYJ5
A6NDX5	Q5U2Y1-2
A6NDX5	Q9EPA0
A6NDX5	D3ZD18
A6NDX5	C9J798
A6NDX5	A6NI03
A6NDX5	P30277
A6NDX5	M0RBY8
A6NDX5	D4A7U8
A6NDX5	B1WC72
A6NDX5	P51878-3
A6NDX5	Q6ZTU2-2
A6NDX5	D3ZAF9
A6NDX5	Q9Z143
A6NDX5	D4A4S7
A6NDX5	Q92576-2
A6NDX5	Q6ZRS2-2
A6NDX5	P0DKX0
A6NDX5	G3V6R9
A6NDX5	Q8NDX5-2
A6NDX5	A1BN54
A6NDX5	Q6N043-2
A6NDX5	NP_569091
A6NDX5	Q64633
A6NDX5	Q80Z70
A6NDX5	Q3KR16-2
A6NDX5	Q6UXM1-2
A6NDX5	P38659
A6NDX5	O35714
A6NDX5	D3Z8I4
A6NDX5	D4A9L1
A6NDX5	Q86XN8-2
A6NDX5	M0RC65
A6NDX5	P45591
A6NDX5	Q9Y281
A6NDX5	Q924H8
A6NDX5	D3ZJU0
A6NDX5	Q8VFZ9
A6NDX5	NP_001000665
A6NDX5	L7N475
A6NDX5	Q8VG50
A6NDX5	Q9QY17-4
A6NDX5	O60716-2
A6NDX5	A6NE82
A6NDX5	Q8WUI4-5
A6NDX5	D3Z9K7
A6NDX5	M0RCM9
A6NDX5	E9PVU0
A6NDX5	F1MAN8
A6NDX5	Q96EY1-2
A6NDX5	Q5U328
A6NDX5	Q9NPI1-2
A6NDX5	D3ZHD6
A6NDX5	Q04726-2
A6NDX5	Q9UBC1-2
A6NDX5	Q9H8E8-2
A6NDX5	Q6PIW4-2
A6NDX5	A0JPN0
A6NDX5	P97521
A6NDX5	Q9NR46-2
A6NDX5	Q9Y4I1-2
A6NDX5	D3ZHL1
A6NDX5	Q15599-2
A6NDX5	Q7Z3K3-5
A6NDX5	P55265-4
A6NDX5	Q13884-2
A6NDX5	Q12979-2
A6NDX5	O75886-2
A6NDX5	P51965-2
A6NDX5	Q9NYG2-2
A6NDX5	Q5EBH1-2
A6NDX5	Q8NEY8-3
A6NDX5	Q92932-4
A6NDX5	P18469
A6NDX5	Q9HC73-3
A6NDX5	O15226-2
A6NDX5	P55211-4
A6NDX5	Q9H9J4-2
A6NDX5	A0A0C4DH33
A6NDX5	P0DN80
A6NDX5	P78314-4
A6NDX5	P08631-3
A6NDX5	P0DP06
A6NDX5	O95104-3
A6NDX5	P54756-3
A6NDX5	Q96MV8-2
A6NDX5	Q01970-2
A6NDX5	E1BN63
A6NDX5	NP_001192417
A6NDX5	G3N266
A6NDX5	E1BNS3
A6NDX5	Q9HB75-6
A6NDX5	Q9D620
A6NDX5	A0A075B6N1
A6NDX5	P00387-3
A6NDX5	A0A5B9
A6NDX5	Q14790-5
A6NDX5	Q9NZ09-4
A6NDX5	Q9BQS7-3
A6NDX5	Q8N1W1-6
A6NDX5	Q13404-1
A6NDX5	Q6AY28
A6NDX5	Q7TPB4
A6NDX5	Q5XI54
A6NDX5	Q5BJS9
A6NDX5	Q5FVJ4
A6NDX5	A0A1W2PRP0
A6NDX5	Q6AY75
A6NDX5	P70549
A6NDX5	P0C5J5
A6NDX5	Q566C5
A6NDX5	Q4V885
A6NDX5	P63219
A6NDX5	P63218
A6NDX5	Q80SZ7
A6NDX5	P0C1Q3
A6NDX5	Q9Z0M4
A6NDX5	P31720
A6NDX5	Q5XHZ6
A6NDX5	P04070-2
A6NDX5	Q8TBZ3-7
A6NDX5	G3V671
A6NDX5	P01717
A6NDX5	P54108-3
A6NDX5	Q9UQL6-3
A6NDX5	Q6PHR2-4
A6NDX5	A0A0C4DH67
A6NDX5	P24530-3
A6NDX5	Q6P780
A6NDX5	NP_001258241
A6NDX5	A0A1B0GUS4
A6NDX5	XP_006241160
A6NDX5	P01714
A6NDX5	D3ZUC2
A6NDX5	A0A0G2JTL6
A6NDX5	P01737
A6NDX5	M0R809
A6NDX5	P50153
A6NDX5	D4AEK3
A6NDX5	D3ZW47
A6NDX5	Q6AY53
A6NDX5	D3ZVU9
A6NDX5	P27590
A6NDX5	P32038
A6NDX5	Q3MHU3
A6NDX5	Q62918
A6NDX5	D4A523
A6NDX5	P17945
A6NDX5	Q63524
A6NDX5	D3ZSY4
A6NDX5	Q6QA27
A6NDX5	P0C0T2
A6NDX5	Q9QXL7
A6NDX5	A0A075B6T7
A6NDX5	P41413
A6NDX5	XP_017453586
A6NDX5	NP_001382489
A6NDX5	D3ZB36
A6NDX5	A0A0G2K0D9
A6NDX5	M0RDW3
A6NDX5	XP_038962299
A6NDX5	Q96CW5-3
A6NDX5	A0A8I5ZJ62
A6NDX5	P01859-1
A6NDX5	P84103-2
A6NDX5	B2RYI1
A6NDX5	Q8TEU7-4
A6NDX5	D4ADI9
A6NDX5	Q2TGJ5
A6NDX5	Q8BQQ1
A6NDX5	A6H9V4
A6NDX5	Q61590
A6NDX5	P25686
A6NDX5	Q8BFV3
A6NDX5	P17742
A6NDX5	A6ND48
A6NDX5	E9PZ36
A6NDX5	P11441
A6NDX5	Q03164
A6NDX5	Q3UFS4
A6NDX5	Q8CG80
A6NDX5	A2AHJ4
A6NDX5	XP_347259
A6NDX5	XP_220446
A6NDX5	Q8BHY8
A6NDX5	A6NK02
A6NDX5	D4A321
A6NDX5	Q4FZD7
A6NDX5	D3ZWD6
A6NDX5	O14936
A6NDX5	O70589
A6NDX5	Q09137
A6NDX5	O35493
A6NDX5	Q6A082
A6NDX5	XP_220918
A6NDX5	Q8C015
A6NDX5	D3ZEF7
A6NDX5	Q91VJ4
A6NDX5	Q76JU9
A6NDX5	O75962
A6NDX5	Q2PYT3
A6NDX5	Q96PF2
A6NDX5	Q9BXA6
A6NDX5	P35917
A6NDX5	Q12906
A6NDX5	P14616
A6NDX5	P16054
A6NDX5	P09216
A6NDX5	P08581
A6NDX5	Q9HC84
A6NDX5	P31942
A6NDX5	D3Z3N4
A6NDX5	NP_001102002
A6NDX5	Q60902
A6NDX5	O96020
A6NDX5	B2RU80
A6NDX5	Q99LI8
A6NDX5	Q99LC2
A6NDX5	Q05048
A6NDX5	Q5BJQ6
A6NDX5	Q60610
A6NDX5	O75821
A6NDX5	P59672
A6NDX5	P21817
A6NDX5	P31943
A6NDX5	O35737
A6NDX5	Q6PDG5
A6NDX5	Q92529-2
A6NDX5	Q6XZF7
A6NDX5	Q7Z340
A6NDX5	Q96RU3
A6NDX5	Q15111
A6NDX5	Q9ULU4
A6NDX5	Q4V8H8
A6NDX5	Q8BUN9
A6NDX5	Q96QD8
A6NDX5	P55197
A6NDX5	Q9Z2X8
A6NDX5	O00750
A6NDX5	Q8K352
A6NDX5	Q9BQI5
A6NDX5	P61206
A6NDX5	P61205
A6NDX5	P61204
A6NDX5	O88493
A6NDX5	Q66JT0
A6NDX5	Q9Y6R0
A6NDX5	Q9Z2X2
A6NDX5	Q61644
A6NDX5	Q8TDN2
A6NDX5	Q9Y3Q3
A6NDX5	P60762
A6NDX5	P00515
A6NDX5	Q8R4Y4
A6NDX5	Q15109
A6NDX5	P58545
A6NDX5	Q86WJ1
A6NDX5	O95965
A6NDX5	P58802
A6NDX5	Q7Z401
A6NDX5	Q9JHS4
A6NDX5	Q07243
A6NDX5	Q60846
A6NDX5	Q14896
A6NDX5	Q8WUA2
A6NDX5	P61106
A6NDX5	Q91V41
A6NDX5	P61107
A6NDX5	O14638
A6NDX5	Q96LA5
A6NDX5	Q14999
A6NDX5	Q6ZMY3
A6NDX5	Q9WU03
A6NDX5	Q07011
A6NDX5	Q8BII3
A6NDX5	Q810B7
A6NDX5	P23798
A6NDX5	P54725
A6NDX5	P26367
A6NDX5	P63015
A6NDX5	P63016
A6NDX5	Q96H79
A6NDX5	Q96DZ5
A6NDX5	O95801
A6NDX5	Q5Y5T1
A6NDX5	Q14246
A6NDX5	Q8BX09
A6NDX5	Q15291
A6NDX5	D3ZC01
A6NDX5	Q8NGA0
A6NDX5	Q8TDC0
A6NDX5	Q07133
A6NDX5	P16435
A6NDX5	Q9DBL1
A6NDX5	P58397
A6NDX5	O60759
A6NDX5	Q3UV71
A6NDX5	Q9UQQ2
A6NDX5	P11234
A6NDX5	Q9BRG2
A6NDX5	Q6ZQF0
A6NDX5	Q92833
A6NDX5	Q9D2V7
A6NDX5	Q9ULY5
A6NDX5	Q9QZW0
A6NDX5	Q6J9G1
A6NDX5	Q91ZU1
A6NDX5	Q8CHN9
A6NDX5	Q8BFT6
A6NDX5	Q80W32
A6NDX5	Q9UJS0
A6NDX5	Q8K418
A6NDX5	P97433
A6NDX5	Q8TAQ5
A6NDX5	Q5H9F3
A6NDX5	Q8CGD2
A6NDX5	P35503
A6NDX5	Q9DAU9
A6NDX5	Q99KF0
A6NDX5	Q9UJ78
A6NDX5	Q499Z4
A6NDX5	Q7L8C5
A6NDX5	Q15109-2
A6NDX5	Q9NV72
A6NDX5	Q9H0F5
A6NDX5	Q9BZ74
A6NDX5	Q9JLB4
A6NDX5	Q9UPX0
A6NDX5	Q9R161
A6NDX5	Q60773
A6NDX5	Q8VFX7
A6NDX5	Q99MH6
A6NDX5	Q9BY67
A6NDX5	A2AKB4
A6NDX5	Q60660
A6NDX5	Q9D416
A6NDX5	Q6ZMC9
A6NDX5	Q92743
A6NDX5	O60721
A6NDX5	Q8NEP3
A6NDX5	P63239
A6NDX5	Q3UVD5
A6NDX5	O35739
A6NDX5	Q8R0W5
A6NDX5	Q8N2Q7
A6NDX5	Q12788
A6NDX5	Q8VF87
A6NDX5	O75783
A6NDX5	Q8BM88
A6NDX5	Q8CIM1
A6NDX5	Q811F1
A6NDX5	O95967
A6NDX5	Q99PN3
A6NDX5	Q9NTI2-1
A6NDX5	Q9Z1N6
A6NDX5	Q9EPB7
A6NDX5	Q14160-2
A6NDX5	Q68G58
A6NDX5	Q5FWK3
A6NDX5	Q9H4G4
A6NDX5	Q7Z570
A6NDX5	Q9WU86
A6NDX5	Q9JJN2
A6NDX5	Q62030
A6NDX5	P24043
A6NDX5	O43164
A6NDX5	Q3ULF4
A6NDX5	Q9BQ90
A6NDX5	O14628
A6NDX5	Q9NS23
A6NDX5	Q8IYD2
A6NDX5	Q15034
A6NDX5	P25067
A6NDX5	Q9Y4H4
A6NDX5	O94985
A6NDX5	Q96Q89
A6NDX5	Q9UPW0
A6NDX5	Q8VIM0
A6NDX5	Q9BYV9
A6NDX5	Q8N3D4
A6NDX5	P23470
A6NDX5	Q5TCQ9
A6NDX5	Q9UBK7
A6NDX5	Q9Y614
A6NDX5	Q63HQ2
A6NDX5	Q6PJG2
A6NDX5	Q9UL36
A6NDX5	Q9ULT0
A6NDX5	Q9Y6F7
A6NDX5	P08908
A6NDX5	Q8TDX9
A6NDX5	Q8R5K2
A6NDX5	Q53FA7
A6NDX5	Q4QR73
A6NDX5	Q6UXG2
A6NDX5	O75596
A6NDX5	Q9UGI0
A6NDX5	P13533
A6NDX5	Q80ZK9
A6NDX5	O14647
A6NDX5	Q3TWF6
A6NDX5	P61963
A6NDX5	P61962
A6NDX5	B2RZ68
A6NDX5	Q9CXE0
A6NDX5	Q7TQG0
A6NDX5	Q9UNP9
A6NDX5	P58304
A6NDX5	Q8IZF2
A6NDX5	Q8C080
A6NDX5	Q9DBU5
A6NDX5	Q96PE6
A6NDX5	O76054
A6NDX5	Q9UGI8
A6NDX5	P41146
A6NDX5	O88746
A6NDX5	Q5NCJ1
A6NDX5	E9Q3T6
A6NDX5	Q5XUX1
A6NDX5	Q8BND5
A6NDX5	Q9BU19-2
A6NDX5	O88855
A6NDX5	Q9JLB2
A6NDX5	P47709
A6NDX5	P29590-3
A6NDX5	Q9H4G0
A6NDX5	Q9H4I2
A6NDX5	P97685
A6NDX5	Q80TJ7
A6NDX5	F8VPZ3
A6NDX5	Q9QY02
A6NDX5	O94953
A6NDX5	P15532
A6NDX5	P52701
A6NDX5	P51858
A6NDX5	O60343
A6NDX5	P07483
A6NDX5	Q60575
A6NDX5	Q13822
A6NDX5	P98175-2
A6NDX5	P14784
A6NDX5	P35367
A6NDX5	Q61818
A6NDX5	Q9NQW6
A6NDX5	P52735
A6NDX5	Q64632
A6NDX5	Q9D8S3
A6NDX5	Q96QP1
A6NDX5	P19438
A6NDX5	P07333
A6NDX5	Q05823
A6NDX5	Q9Y2U5
A6NDX5	Q86SG6
A6NDX5	Q8BQN6
A6NDX5	Q8TD08
A6NDX5	Q61616
A6NDX5	P97756
A6NDX5	Q03963
A6NDX5	Q16644
A6NDX5	Q99KH8
A6NDX5	P27661
A6NDX5	Q04759
A6NDX5	Q96QT4
A6NDX5	Q96QT6
A6NDX5	P15941
A6NDX5	P20917
A6NDX5	O55193
A6NDX5	Q60778
A6NDX5	Q9JJ50
A6NDX5	Q08211
A6NDX5	Q07303
A6NDX5	O35274
A6NDX5	Q9R0P5
A6NDX5	A0A0C4DH43
A6NDX5	P98164
A6NDX5	Q8NEZ4
A6NDX5	O00160
A6NDX5	Q9ET78
A6NDX5	P55042
A6NDX5	Q9UBF8-2
A6NDX5	Q9UJY4
A6NDX5	Q8N428
A6NDX5	Q5MPA9
A6NDX5	Q8CFC2
A6NDX5	Q13424
A6NDX5	Q04725
A6NDX5	Q8N157
A6NDX5	Q8CH02
A6NDX5	Q9CUN6
A6NDX5	Q5DU14
A6NDX5	O75628
A6NDX5	A4D1S0
A6NDX5	Q80TS3
A6NDX5	Q2PFD7
A6NDX5	P70343
A6NDX5	Q5U458
A6NDX5	Q6P1R4
A6NDX5	Q12830
A6NDX5	E9Q6A7
A6NDX5	Q9UKP5
A6NDX5	Q9Y6J8
A6NDX5	Q921L8
A6NDX5	Q6TA13
A6NDX5	Q9UBY5
A6NDX5	P0C0K7
A6NDX5	Q63364
A6NDX5	G3V7J5
A6NDX5	Q9JMC1
A6NDX5	Q9C0D5
A6NDX5	Q8R2I0
A6NDX5	O60427
A6NDX5	Q8VBT9
A6NDX5	O08878
A6NDX5	O54814
A6NDX5	Q9JHM2
A6NDX5	P97500
A6NDX5	Q7TMZ9
A6NDX5	O95081
A6NDX5	Q91ZT7
A6NDX5	F1LVG1
A6NDX5	Q3UHX8
A6NDX5	D3ZCL0
A6NDX5	XP_233830
A6NDX5	P25800
A6NDX5	D3ZCF7
A6NDX5	XP_001065801
A6NDX5	D3Z9Z0
A6NDX5	Q5U5Z8
A6NDX5	Q6UWW8
A6NDX5	Q6UXH1
A6NDX5	XP_001481379
A6NDX5	Q8N441
A6NDX5	Q9P1V8
A6NDX5	Q9DC23
A6NDX5	O43638
A6NDX5	O14944
A6NDX5	Q9ERS5
A6NDX5	Q8VCE9
A6NDX5	Q5SVZ6
A6NDX5	P0DJJ3
A6NDX5	Q6PAK3
A6NDX5	Q9R022
A6NDX5	P58022
A6NDX5	P10575
A6NDX5	Q13480-2
A6NDX5	O60343-2
A6NDX5	Q9UK10
A6NDX5	P18583-5
A6NDX5	P33032
A6NDX5	Q8N2N9
A6NDX5	Q8K2J7
A6NDX5	Q8R4W6
A6NDX5	P23508
A6NDX5	Q9UHE5
A6NDX5	Q9GZM7
A6NDX5	Q3U3W5
A6NDX5	Q5VUY0
A6NDX5	Q9H340
A6NDX5	Q9JJH7
A6NDX5	Q03350
A6NDX5	Q9NRD0
A6NDX5	Q8CCT7
A6NDX5	Q96CK0
A6NDX5	Q6W3E5
A6NDX5	Q9CR83
A6NDX5	YP_009725309
A6NDX5	Q96I27
A6NDX5	Q3UFQ8
A6NDX5	Q9BZZ2
A6NDX5	O43567
A6NDX5	A6NFQ2
A6NDX5	Q8CCH7
A6NDX5	Q8R054
A6NDX5	Q15582
A6NDX5	Q9HBX9
A6NDX5	Q6UXK2
A6NDX5	P07091
A6NDX5	O95780
A6NDX5	Q8BTQ0
A6NDX5	O00628
A6NDX5	Q8WTR2
A6NDX5	Q6ZS10
A6NDX5	Q9QXL2-2
A6NDX5	XP_001069432
A6NDX5	P36639
A6NDX5	Q9R144
A6NDX5	P50151
A6NDX5	O60487
A6NDX5	Q64151
A6NDX5	Q5XJV7-2
A6NDX5	P58462
A6NDX5	Q9Z0Z4
A6NDX5	Q05793
A6NDX5	Q9UNE2
A6NDX5	Q64449
A6NDX5	Q7TRY4
A6NDX5	Q3UQU0
A6NDX5	Q8BSX1
A6NDX5	Q8TDS4
A6NDX5	Q5T7B8-2
A6NDX5	Q96RI9
A6NDX5	Q01149
A6NDX5	Q8TD46-2
A6NDX5	XP_355019
A6NDX5	Q9JJF0
A6NDX5	Q13029-2
A6NDX5	Q92782
A6NDX5	Q9NQS5
A6NDX5	Q5QGZ9-4
A6NDX5	O08716
A6NDX5	Q96AY3
A6NDX5	Q5S248
A6NDX5	P59511
A6NDX5	Q8WW36
A6NDX5	V9GXG1
A6NDX5	O75015
A6NDX5	O95407
A6NDX5	Q9QZM9
A6NDX5	Q9DBX3
A6NDX5	Q0VAA2
A6NDX5	O43304
A6NDX5	Q8R183
A6NDX5	Q8NGL4
A6NDX5	E9Q440
A6NDX5	Q62261-2
A6NDX5	Q8NGL2
A6NDX5	E9Q7E2
A6NDX5	Q494X3
A6NDX5	Q8IVF6
A6NDX5	O75494-4
A6NDX5	O75437-2
A6NDX5	P35218
A6NDX5	Q9BZS1
A6NDX5	P51786
A6NDX5	O00370
A6NDX5	P46002
A6NDX5	P06342
A6NDX5	Q9Z2G1
A6NDX5	Q7TR87
A6NDX5	P46934
A6NDX5	P0DSE2
A6NDX5	Q8IYP2
A6NDX5	P05943
A6NDX5	P62762
A6NDX5	P62760
A6NDX5	P62761
A6NDX5	O75372
A6NDX5	D3Z992
A6NDX5	Q8VI21
A6NDX5	A2ASS6-3
A6NDX5	NP_001094139
A6NDX5	Q62611
A6NDX5	Q499S5
A6NDX5	O08839
A6NDX5	O08539
A6NDX5	D3ZAB5
A6NDX5	NP_001100536
A6NDX5	B5DFE0
A6NDX5	D3ZGE2
A6NDX5	P15943
A6NDX5	Q63327
A6NDX5	Q8N4C8-3
A6NDX5	Q9DCL4
A6NDX5	D4AB33
A6NDX5	Q61467
A6NDX5	P63121
A6NDX5	Q6ZWY8
A6NDX5	P63313
A6NDX5	P63312
A6NDX5	NP_001100496
A6NDX5	Q9DC07
A6NDX5	F8VQE2
A6NDX5	Q9ESG2
A6NDX5	Q7TQZ0
A6NDX5	D3ZSY3
A6NDX5	O43414
A6NDX5	D4ADZ6
A6NDX5	Q99697-3
A6NDX5	Q96AX2
A6NDX5	P15800
A6NDX5	Q19AB2
A6NDX5	P11609
A6NDX5	M0R8C5
A6NDX5	Q8C460
A6NDX5	NP_001376139
A6NDX5	ENSRNOP00000059589
A6NDX5	NP_001101695
A6NDX5	Q8NGC4
A6NDX5	G3V881
A6NDX5	Q3U410
A6NDX5	Q64522
A6NDX5	Q8IUE6
A6NDX5	F6XLF1
A6NDX5	XP_577117
A6NDX5	Q14790-9
A6NDX5	A6NIK2
A6NDX5	P01889
A6NDX5	P01889_VAR_H137Y
A6NDX5	P01889_VAR_C349S
A6NDX5	P43253
A6NDX5	O08726
A6NDX5	Q08463
A6NDX5	Q8NH07
A6NDX5	NP_001129187
A6NDX5	P0C617
A6NDX5	Q4V898
A6NDX5	Q4G072
A6NDX5	Q9D3S3
A6NDX5	Q4V7B8
A6NDX5	Q5SPX3
A6NDX5	Q60879
A6NDX5	Q9Y5C1
A6NDX5	Q15848
A6NDX5	Q96CW9
A6NDX5	Q8NGX5
A6NDX5	Q9H342
A6NDX5	Q8NH55
A6NDX5	Q8NGS2
A6NDX5	Q9QZ19
A6NDX5	O14626
A6NDX5	Q96R09
A6NDX5	P62990
A6NDX5	P62988
A6NDX5	P62991
A6NDX5	P62989
A6NDX5	O76001
A6NDX5	Q00941
A6NDX5	Q9D1Q6
A6NDX5	Q8NGB9
A6NDX5	P30731
A6NDX5	Q8WWF5
A6NDX5	Q06732
A6NDX5	Q8NGH6
A6NDX5	O95057
A6NDX5	Q96PR1-3
A6NDX5	O75841
A6NDX5	XP_341645
A6NDX5	Q8IUE0
A6NDX5	Q9HCH5-7
A6NDX5	Q9YNA8
A6NDX5	P22694-2
A6NDX5	D4ACN6
A6NDX5	O54927
A6NDX5	Q45HK4
A6NDX5	A8MZ59
A6NDX5	O00322
A6NDX5	XP_001927475
A6NDX5	E9PYK8
A6NDX5	Q9BPY8-4
A6NDX5	P15863
A6NDX5	Q9CXT6
A6NDX5	O00141-3
A6NDX5	Q4V7B3
A6NDX5	E9Q8Q6
A6NDX5	P0C595
A6NDX5	D3ZJV2
A6NDX5	Q9Y618-4
A6NDX5	Q925T6-2
A6NDX5	P08195-4
A6NDX5	Q8BJE2
A6NDX5	Q9D211
A6NDX5	Q9Z2H6
A6NDX5	Q3UVL3
A6NDX5	O60885-2
A6NDX5	Q9QY06-3
A6NDX5	Q8TC17
A6NDX5	Q5T700
A6NDX5	E9Q983
A6NDX5	Q8N4W6
A6NDX5	Q8N413
A6NDX5	Q2TB02
A6NDX5	Q6GU68
A6NDX5	F1LXQ8
A6NDX5	Q80VX4
A6NDX5	Q63623
A6NDX5	Q5FVT6
A6NDX5	Q5XI28
A6NDX5	B1ARD6
A6NDX5	Q9D2G5-6
A6NDX5	Q6MGC9
A6NDX5	D3ZW15
A6NDX5	P62993-2
A6NDX5	Q9D2U0
A6NDX5	M0R7B4
A6NDX5	Q4QQU3
A6NDX5	Q7Z614-4
A6NDX5	Q8VGH3
A6NDX5	Q99PP6
A6NDX5	Q9D9M0
A6NDX5	Q60736
A6NDX5	A2AR50-3
A6NDX5	Q8VHX1
A6NDX5	D3ZC38
A6NDX5	P24051
A6NDX5	Q71UM5
A6NDX5	Q6ZWY3
A6NDX5	Q7Z4V0-2
A6NDX5	D3ZSC2
A6NDX5	Q13563-3
A6NDX5	Q494U1-2
A6NDX5	Q8TER5-3
A6NDX5	D3ZQ68
A6NDX5	Q5PPN4
A6NDX5	P02680
A6NDX5	Q9NP86
A6NDX5	XP_001081191
A6NDX5	D4A538
A6NDX5	NP_001164039
A6NDX5	P26882
A6NDX5	Q1ERP8-2
A6NDX5	O08539-2
A6NDX5	D3ZQM2
A6NDX5	Q3TJD7-2
A6NDX5	D3ZQN7
A6NDX5	Q5I0J8
A6NDX5	O88553
A6NDX5	A1L1K8
A6NDX5	P61480
A6NDX5	Q9JKB5
A6NDX5	F1M3G9
A6NDX5	Q96P48-5
A6NDX5	D3ZCE5
A6NDX5	A2AQB2
A6NDX5	D3ZLP2
A6NDX5	Q05086-3
A6NDX5	O15344-2
A6NDX5	D3ZD82
A6NDX5	Q566C8
A6NDX5	Q6Q0N0
A6NDX5	D4A7T9
A6NDX5	Q15424-3
A6NDX5	Q5H9F3-1
A6NDX5	P37109
A6NDX5	P60484-2
A6NDX5	Q641W9
A6NDX5	Q13033-2
A6NDX5	Q5EBL8-2
A6NDX5	Q02447-2
A6NDX5	E9PXN7
A6NDX5	P12007
A6NDX5	P29995
A6NDX5	P24368
A6NDX5	O75400-3
A6NDX5	Q8NHU6-2
A6NDX5	F1M287
A6NDX5	NP_001019520
A6NDX5	F1MAJ8
A6NDX5	D3ZH45
A6NDX5	F1M5N7
A6NDX5	F6PUS4
A6NDX5	L7N457
A6NDX5	D3ZIL9
A6NDX5	Q8VEU1
A6NDX5	G3UX33
A6NDX5	A2AV41
A6NDX5	Q6MFX4
A6NDX5	D4A012
A6NDX5	Q92834-2
A6NDX5	Q8WUI4-7
A6NDX5	A0A0G2K094
A6NDX5	D4AEI5
A6NDX5	Q12792-3
A6NDX5	Q9UBC1-3
A6NDX5	Q9HCM2-2
A6NDX5	Q15059-2
A6NDX5	Q9NV06-2
A6NDX5	NP_001094221
A6NDX5	Q9UKT9-5
A6NDX5	Q9Y6K1-2
A6NDX5	Q9UKE5-2
A6NDX5	D3YUG0
A6NDX5	J3S6Y1
A6NDX5	Q7Z4S6-2
A6NDX5	Q9UPZ9-2
A6NDX5	Q9Y286-2
A6NDX5	Q13263-2
A6NDX5	Q96RU2-2
A6NDX5	Q04323-2
A6NDX5	Q08554-2
A6NDX5	Q9H334-7
A6NDX5	P01915
A6NDX5	A0A0C4DH31
A6NDX5	Q9P203-5
A6NDX5	Q9Y3M8-4
A6NDX5	Q14318-2
A6NDX5	Q9Y4J8-10
A6NDX5	P0DP08
A6NDX5	A6H7I1
A6NDX5	E1BMD6
A6NDX5	F6REL8
A6NDX5	F1MQ37
A6NDX5	NP_001193063
A6NDX5	F1MCA8
A6NDX5	P0CF74
A6NDX5	D3ZZY5
A6NDX5	XP_038959760
A6NDX5	Q6UY14-3
A6NDX5	A0A0A6YYD4
A6NDX5	Q13625-3
A6NDX5	Q9Y446-2
A6NDX5	Q58G82
A6NDX5	Q9HAU0-4
A6NDX5	Q6ZSZ5-5
A6NDX5	Q8K3U6
A6NDX5	Q4V8B1
A6NDX5	Q5U2Z0
A6NDX5	Q13574
A6NDX5	Q5FVP5
A6NDX5	Q6P6G5
A6NDX5	Q60575-2
A6NDX5	Q9EQL9
A6NDX5	Q8TF66-2
A6NDX5	Q92633-2
A6NDX5	G3HZ55
A6NDX5	O75900-2
A6NDX5	P01718
A6NDX5	Q9BXX2-2
A6NDX5	Q9NZI2-5
A6NDX5	A0A075B6J6
A6NDX5	XP_038959452
A6NDX5	B0BN99
A6NDX5	D3ZNH9
A6NDX5	E9PL57
A6NDX5	P01721
A6NDX5	F1LZW6
A6NDX5	B1WC56
A6NDX5	D3ZBZ9
A6NDX5	P04437
A6NDX5	D3ZDR5
A6NDX5	A0A0A6YYG8
A6NDX5	D3ZV88
A6NDX5	XP_038969264
A6NDX5	A0A0B4J280
A6NDX5	D4A1J6
A6NDX5	Q91XJ0
A6NDX5	P85118
A6NDX5	D3ZLH5
A6NDX5	O55148
A6NDX5	Q02445
A6NDX5	P55272
A6NDX5	A0A096MJZ0
A6NDX5	Q2TGJ1
A6NDX5	P62684
A6NDX5	Q9ES87
A6NDX5	Q9ESP7
A6NDX5	Q9EPU7
A6NDX5	P28492
A6NDX5	A0A0B4J249
A6NDX5	A0A075B6I6
A6NDX5	Q63191
A6NDX5	Q9JLT7
A6NDX5	Q63247
A6NDX5	NP_001100588
A6NDX5	NP_001100702
A6NDX5	Q9H2Y7-2
A6NDX5	NP_001102850
A6NDX5	P18583-6
A6NDX5	Q8VFR8
A6NDX5	P01860-1
A6NDX5	Q96CA5-2
A6NDX5	D3YUB6
A6NDX5	O95294-3
A6NDX5	Q6AXP5
A6NDX5	D3Z8A4
A6NDX5	D3ZKE0
A6NDX5	P48146
A6NDX5	Q9R1K9
A6NDX5	Q86XX4
A6NDX5	Q66H76
A6NDX5	Q80ZM5
A6NDX5	XP_343470
A6NDX5	O14686
A6NDX5	Q8N954
A6NDX5	D3ZUD0
A6NDX5	Q8VGE3
A6NDX5	Q6PGF2
A6NDX5	Q3UQ17
A6NDX5	Q05CL8
A6NDX5	D3YXK2
A6NDX5	Q6ZQ58
A6NDX5	E9Q4K7
A6NDX5	P05480
A6NDX5	A8MU46
A6NDX5	Q147X3
A6NDX5	D3Z8E2
A6NDX5	Q9NPG4
A6NDX5	NP_001101106
A6NDX5	D3ZMB0
A6NDX5	XP_138671
A6NDX5	NP_001131117
A6NDX5	Q6ZUM4
A6NDX5	P54646
A6NDX5	B6RK61
A6NDX5	NP_001101521
A6NDX5	F1LW22
A6NDX5	Q15208
A6NDX5	F1LYQ8
A6NDX5	P97428
A6NDX5	P00520-4
A6NDX5	Q9UQL6
A6NDX5	P35916
A6NDX5	Q62413
A6NDX5	O54890
A6NDX5	Q61210
A6NDX5	P04274
A6NDX5	Q9UBC2-2
A6NDX5	Q8BJI2
A6NDX5	Q16760
A6NDX5	Q6GQQ9
A6NDX5	P29994
A6NDX5	P23467
A6NDX5	O09061
A6NDX5	O14964
A6NDX5	Q6PHQ9
A6NDX5	Q9GZZ1
A6NDX5	Q61120
A6NDX5	Q13409-3
A6NDX5	O88783
A6NDX5	P17679
A6NDX5	E9PV24
A6NDX5	Q6ZN19
A6NDX5	O35465
A6NDX5	Q9C0H5
A6NDX5	Q6ZPV6
A6NDX5	P29275
A6NDX5	A2ALU4
A6NDX5	A2AKX3
A6NDX5	O75995
A6NDX5	O88737
A6NDX5	Q8R502
A6NDX5	Q68EA5
A6NDX5	Q52KR3
A6NDX5	Q99M87
A6NDX5	O75832
A6NDX5	Q9CZP5
A6NDX5	Q9BY11
A6NDX5	Q60720
A6NDX5	Q03358
A6NDX5	Q5K5D4
A6NDX5	Q9HC96
A6NDX5	P12368
A6NDX5	Q9NY15
A6NDX5	Q9QZE2
A6NDX5	Q9Y2F9
A6NDX5	F1LPD3
A6NDX5	Q9Y5W7
A6NDX5	Q9BXI6
A6NDX5	Q9P121
A6NDX5	Q8CFE3
A6NDX5	O76031
A6NDX5	O35385
A6NDX5	Q14872
A6NDX5	P28908
A6NDX5	Q9NRR6
A6NDX5	P54277
A6NDX5	Q8VCE1
A6NDX5	Q8IVY1
A6NDX5	Q91VS8
A6NDX5	Q9CR50
A6NDX5	O43291
A6NDX5	O08672
A6NDX5	O94991
A6NDX5	Q12756
A6NDX5	Q8VDP3
A6NDX5	Q28641
A6NDX5	Q9WVM6
A6NDX5	Q99MX1
A6NDX5	Q5W0Z9
A6NDX5	P58069
A6NDX5	O54732
A6NDX5	Q9WTR1
A6NDX5	P22492
A6NDX5	P0C869
A6NDX5	P59384
A6NDX5	Q2TBA3
A6NDX5	P45954
A6NDX5	Q9NYI0
A6NDX5	P56180
A6NDX5	Q8IUR5
A6NDX5	Q9Y6N9-5
A6NDX5	P57737
A6NDX5	Q8K2X1
A6NDX5	Q8NB49
A6NDX5	Q9NWX5
A6NDX5	Q8NFD5
A6NDX5	Q9H9V9
A6NDX5	Q9H095
A6NDX5	Q6MZM0
A6NDX5	Q8BGT1
A6NDX5	Q562A1
A6NDX5	Q8BK03
A6NDX5	Q9JIR1
A6NDX5	Q80Y50
A6NDX5	P32247
A6NDX5	Q6WRH9
A6NDX5	Q9Y546
A6NDX5	Q9BXL6
A6NDX5	Q91XD7
A6NDX5	P02469
A6NDX5	O60422
A6NDX5	Q8C092
A6NDX5	Q96N58
A6NDX5	Q80V63
A6NDX5	Q14767
A6NDX5	Q7Z2W7
A6NDX5	A4D0S4
A6NDX5	Q14590
A6NDX5	P55273
A6NDX5	Q9Z2J6
A6NDX5	P47893
A6NDX5	Q969G9
A6NDX5	Q10739
A6NDX5	Q5SYB0
A6NDX5	Q5VV52-2
A6NDX5	Q5H913
A6NDX5	A1L020
A6NDX5	D3ZPX4
A6NDX5	Q8TE12
A6NDX5	Q69ZZ9
A6NDX5	P23193-2
A6NDX5	Q9NYF5
A6NDX5	Q8VED8
A6NDX5	Q925H1
A6NDX5	Q86XK2
A6NDX5	Q13886
A6NDX5	Q8C0Q3
A6NDX5	Q8CGY6
A6NDX5	Q9ER73
A6NDX5	Q96R28
A6NDX5	P43234
A6NDX5	Q96CN5
A6NDX5	A2AJX0
A6NDX5	Q5SVQ8
A6NDX5	Q6V595
A6NDX5	Q9JHI0
A6NDX5	Q12899
A6NDX5	Q9R016
A6NDX5	Q80U19
A6NDX5	Q5NCC9
A6NDX5	Q96FE5
A6NDX5	Q6FHJ7
A6NDX5	O70421
A6NDX5	Q9GZN0
A6NDX5	P29074
A6NDX5	Q8VC88
A6NDX5	Q05AA6
A6NDX5	Q9UBZ4
A6NDX5	Q6NZL1
A6NDX5	E9PXF8
A6NDX5	Q8NGC9
A6NDX5	O70263
A6NDX5	Q60675
A6NDX5	P29122
A6NDX5	Q9P2H5
A6NDX5	Q5T447
A6NDX5	Q96MW7
A6NDX5	Q6S8J3
A6NDX5	Q99828
A6NDX5	Q8BNJ2
A6NDX5	O70340
A6NDX5	Q6ZMN7
A6NDX5	Q9EPL2
A6NDX5	Q9JMB8
A6NDX5	Q8R373
A6NDX5	Q9UIW0
A6NDX5	P27448-3
A6NDX5	Q8CGF1
A6NDX5	Q9NR16
A6NDX5	Q71FD5
A6NDX5	Q9QZR8
A6NDX5	Q96MX3
A6NDX5	A4D1E1
A6NDX5	P11171-2
A6NDX5	Q62009
A6NDX5	Q9H0X9
A6NDX5	Q9JMC3
A6NDX5	Q6ZNJ1
A6NDX5	Q925I1
A6NDX5	Q3UTQ7
A6NDX5	Q80XJ2
A6NDX5	Q7TSU7
A6NDX5	Q8IXT5
A6NDX5	Q9NQX1
A6NDX5	O15062
A6NDX5	Q8C726
A6NDX5	P57768
A6NDX5	Q9Y252
A6NDX5	Q9Y5I2
A6NDX5	Q9DCT8
A6NDX5	P36201
A6NDX5	P45973
A6NDX5	Q9NQX6
A6NDX5	Q14494
A6NDX5	Q63347
A6NDX5	P46471
A6NDX5	P35998
A6NDX5	Q9Y2Q0
A6NDX5	P11531
A6NDX5	Q9QYF3
A6NDX5	Q8IV48
A6NDX5	Q8TEU7
A6NDX5	Q01965
A6NDX5	O75038
A6NDX5	Q8CH77
A6NDX5	Q15722
A6NDX5	Q5ND28
A6NDX5	P47708
A6NDX5	Q5SX40
A6NDX5	Q6B4M5
A6NDX5	Q13164
A6NDX5	Q810U3
A6NDX5	P46939
A6NDX5	P43140
A6NDX5	Q9UPP1
A6NDX5	Q8NFA0
A6NDX5	Q15424
A6NDX5	O60437
A6NDX5	O60437_VAR_R819S
A6NDX5	P05413
A6NDX5	O60333
A6NDX5	Q91ZS8
A6NDX5	Q9UBF6
A6NDX5	Q2EJA0
A6NDX5	A2A863-2
A6NDX5	P34975
A6NDX5	Q8WP15
A6NDX5	Q62219
A6NDX5	Q63787
A6NDX5	P97343
A6NDX5	Q8TAS1
A6NDX5	Q63285
A6NDX5	Q7TNL3
A6NDX5	Q7TNL4
A6NDX5	Q63470
A6NDX5	Q61214
A6NDX5	Q13627
A6NDX5	Q923J1
A6NDX5	Q9BXM7
A6NDX5	P35626
A6NDX5	A0A1W2PPF3
A6NDX5	Q01320
A6NDX5	O35492
A6NDX5	Q99KY4
A6NDX5	Q8N5S9
A6NDX5	Q9JLN9
A6NDX5	P19525
A6NDX5	O54992
A6NDX5	Q9Y6E0
A6NDX5	P12318
A6NDX5	P21453
A6NDX5	Q5VWG9
A6NDX5	Q13322
A6NDX5	Q80TN5
A6NDX5	O15492
A6NDX5	P05556
A6NDX5	P42167
A6NDX5	Q7TSJ6
A6NDX5	P35370
A6NDX5	P35377
A6NDX5	Q61762
A6NDX5	P35227
A6NDX5	P07911
A6NDX5	O88667
A6NDX5	P37217
A6NDX5	Q9JIL4
A6NDX5	P98155
A6NDX5	Q8BVE8
A6NDX5	Q9R1A8
A6NDX5	Q9Z0T9
A6NDX5	P04785
A6NDX5	P58660
A6NDX5	Q13615
A6NDX5	Q8WXH2
A6NDX5	O35929
A6NDX5	Q9CR16
A6NDX5	Q9R164
A6NDX5	Q13642-1
A6NDX5	D4A9C3
A6NDX5	Q52KG5
A6NDX5	P62330
A6NDX5	P62331
A6NDX5	P62332
A6NDX5	P59910
A6NDX5	Q8C2P3
A6NDX5	Q5JNZ3
A6NDX5	P32736
A6NDX5	P62836
A6NDX5	P62835
A6NDX5	P62834
A6NDX5	Q8IUC8
A6NDX5	Q9ERC1
A6NDX5	G3UW82
A6NDX5	Q8NDW4
A6NDX5	P29536
A6NDX5	Q9EQ31
A6NDX5	P54758
A6NDX5	Q5PQT2
A6NDX5	P49755
A6NDX5	P61371
A6NDX5	P61372
A6NDX5	P61374
A6NDX5	Q16288
A6NDX5	Q9BU19
A6NDX5	Q9Y576
A6NDX5	Q9JKU6
A6NDX5	Q9WV02
A6NDX5	Q920L1
A6NDX5	P57775
A6NDX5	Q9NZD2
A6NDX5	P07151
A6NDX5	Q0PKT3
A6NDX5	P70475
A6NDX5	Q4LDG9
A6NDX5	Q92843
A6NDX5	P61769
A6NDX5	Q9H765
A6NDX5	A1L453
A6NDX5	Q8BM47
A6NDX5	NP_001000625
A6NDX5	Q8IVE3
A6NDX5	Q924W9
A6NDX5	Q9Y561
A6NDX5	Q16384
A6NDX5	Q8CDK2
A6NDX5	XP_001067114
A6NDX5	O15182
A6NDX5	Q9CYA0
A6NDX5	Q91V87
A6NDX5	Q6ZNG2
A6NDX5	Q96CB5
A6NDX5	A6QL63
A6NDX5	Q8N7S2
A6NDX5	P02746
A6NDX5	Q61574
A6NDX5	Q61521
A6NDX5	Q9Y2K2-8
A6NDX5	Q7RTV3
A6NDX5	P04233
A6NDX5	P25024
A6NDX5	P09238
A6NDX5	Q8N0V4
A6NDX5	P35754
A6NDX5	Q86TH1
A6NDX5	Q8NB80
A6NDX5	P18583-3
A6NDX5	Q9P0J7
A6NDX5	Q9NPC8
A6NDX5	Q5T5D7
A6NDX5	B0BNL7
A6NDX5	Q969Z4
A6NDX5	Q9BXF3
A6NDX5	P15083
A6NDX5	O94966-3
A6NDX5	Q99JR5
A6NDX5	Q6P2P2
A6NDX5	Q9ESN6
A6NDX5	D3ZQG6
A6NDX5	Q9C040
A6NDX5	A2A7Z8
A6NDX5	Q80ZX2
A6NDX5	Q6ZT89-3
A6NDX5	Q99J78
A6NDX5	O95897
A6NDX5	Q8NH61
A6NDX5	Q9QZN3
A6NDX5	Q6YND2
A6NDX5	Q3TT99
A6NDX5	P60852
A6NDX5	Q9BQ69
A6NDX5	A6NFH5
A6NDX5	Q62230
A6NDX5	Q4W5G0
A6NDX5	Q921K8
A6NDX5	P0DPA2
A6NDX5	Q9C030
A6NDX5	P82198
A6NDX5	Q6R6I7
A6NDX5	Q5RKR3
A6NDX5	O94759-3
A6NDX5	Q5JS13
A6NDX5	P97865
A6NDX5	Q8K4T5
A6NDX5	O09047
A6NDX5	B5TQV7
A6NDX5	P53368
A6NDX5	Q9CXP8
A6NDX5	Q3KRE3
A6NDX5	Q7M729
A6NDX5	P61169
A6NDX5	P61168
A6NDX5	Q9UNY5
A6NDX5	Q924M5-2
A6NDX5	Q8BLX7
A6NDX5	O54967-2
A6NDX5	O15484
A6NDX5	Q8K3W2
A6NDX5	Q14050
A6NDX5	Q91V08
A6NDX5	Q80TL0
A6NDX5	Q5VXD3-3
A6NDX5	Q69Z45
A6NDX5	Q8VFL3
A6NDX5	Q9D6J1
A6NDX5	A0AV96
A6NDX5	Q9NZU7
A6NDX5	Q5QD04
A6NDX5	A6NM62
A6NDX5	P49757-3
A6NDX5	Q96NT1
A6NDX5	Q99NI3
A6NDX5	Q9QX66
A6NDX5	Q69ZG1
A6NDX5	P02671-2
A6NDX5	O75952-2
A6NDX5	Q0Z7S8
A6NDX5	Q61576
A6NDX5	Q8R326
A6NDX5	Q9D548
A6NDX5	F6XZJ7
A6NDX5	P51522
A6NDX5	B2RXM5
A6NDX5	P97334
A6NDX5	Q7TR25
A6NDX5	A2A2Z9
A6NDX5	Q99N50-3
A6NDX5	A2AVC4
A6NDX5	B2RY50
A6NDX5	P35443
A6NDX5	Q76LD0
A6NDX5	P32883-2
A6NDX5	Q9HCK8-2
A6NDX5	AAA21415
A6NDX5	Q6PCM4
A6NDX5	P51159
A6NDX5	Q9QZ28
A6NDX5	P14432
A6NDX5	Q4TU83
A6NDX5	Q92900-2
A6NDX5	Q5XLA6
A6NDX5	Q3TM80
A6NDX5	Q6GQU6
A6NDX5	Q5TCS8-5
A6NDX5	Q64028
A6NDX5	Q99K28-2
A6NDX5	Q8NGP6
A6NDX5	E9Q3A7
A6NDX5	Q3MIF1
A6NDX5	Q149T8
A6NDX5	Q5FWU5
A6NDX5	D3ZXY2
A6NDX5	A0A0G2JUG7
A6NDX5	P19020
A6NDX5	NP_035782
A6NDX5	A6Y7S3
A6NDX5	B2GUW3
A6NDX5	NP_001258065
A6NDX5	P23512
A6NDX5	P81718
A6NDX5	A0A0G2K309
A6NDX5	NP_001099310
A6NDX5	P35278
A6NDX5	P51148
A6NDX5	Q8IYB9
A6NDX5	A2A3K4-2
A6NDX5	P63122
A6NDX5	O76076
A6NDX5	XP_126432
A6NDX5	Q7TR28
A6NDX5	Q9H920
A6NDX5	P17538
A6NDX5	AAB95333
A6NDX5	Q3UP87
A6NDX5	Q13641
A6NDX5	P26885
A6NDX5	Q86WS5
A6NDX5	P10321_VAR_A8T
A6NDX5	P10321_VAR_T162K
A6NDX5	P10321
A6NDX5	P10321_VAR_C350S
A6NDX5	P69525
A6NDX5	Q9Y5K2
A6NDX5	Q6J757
A6NDX5	K9J7E2
A6NDX5	Q8NGQ3
A6NDX5	Q6DFU8
A6NDX5	P26051
A6NDX5	Q640N4
A6NDX5	Q5RKI0
A6NDX5	Q5JPF3
A6NDX5	Q9JKM7
A6NDX5	XP_001064293
A6NDX5	O88311
A6NDX5	Q6R5P0
A6NDX5	Q59IW8
A6NDX5	Q60668-3
A6NDX5	Q3UUV5
A6NDX5	Q8NGK0
A6NDX5	Q9NQ36
A6NDX5	P70567
A6NDX5	Q8NGS8
A6NDX5	Q8NGB6
A6NDX5	Q99467
A6NDX5	Q00013-3
A6NDX5	Q3UV10
A6NDX5	Q99959-2
A6NDX5	A4QPH2
A6NDX5	P34978
A6NDX5	P31392
A6NDX5	XP_001070493
A6NDX5	O35599
A6NDX5	Q8NGY7
A6NDX5	Q924T8
A6NDX5	Q8N8N0
A6NDX5	Q9ULX5
A6NDX5	P16157-21
A6NDX5	Q60994
A6NDX5	Q9BW83
A6NDX5	Q8NGE9
A6NDX5	Q9Y2K2-6
A6NDX5	Q8NGR3
A6NDX5	Q15620
A6NDX5	O00574
A6NDX5	Q8BG55
A6NDX5	Q8NH10
A6NDX5	Q8VFC2
A6NDX5	Q5VLR5
A6NDX5	Q8VET0
A6NDX5	P51158
A6NDX5	Q99KL7
A6NDX5	P59922
A6NDX5	Q96BQ3
A6NDX5	NP_828873
A6NDX5	Q8NGZ2
A6NDX5	O75604-4
A6NDX5	E9Q9M9
A6NDX5	Q9Z2C6
A6NDX5	A6NDR6
A6NDX5	F8VQD1
A6NDX5	Q07912-3
A6NDX5	Q8VG23
A6NDX5	ENSMUSP00000116789
A6NDX5	Q9Y6I7
A6NDX5	D3ZF46
A6NDX5	Q9D132
A6NDX5	Q6ZSA7
A6NDX5	P09084
A6NDX5	Q8N967
A6NDX5	Q497B8
A6NDX5	Q86U06-4
A6NDX5	Q9QY23-2
A6NDX5	Q499S9
A6NDX5	E0CZ26
A6NDX5	B8JKV0
A6NDX5	Q9D424-2
A6NDX5	D3ZXT1
A6NDX5	Q9HCJ2
A6NDX5	Q8C031
A6NDX5	Q9D6V1
A6NDX5	Q497W1
A6NDX5	A6NGH8
A6NDX5	Q92478
A6NDX5	Q8WXI8
A6NDX5	O60885-3
A6NDX5	Q53GG5-3
A6NDX5	Q5TFQ8
A6NDX5	Q8BGS2
A6NDX5	G5E867
A6NDX5	Q8IUA0
A6NDX5	Q6ZRG5
A6NDX5	A6NGN9
A6NDX5	D3YYZ1
A6NDX5	Q86UN2
A6NDX5	Q8CHS2
A6NDX5	Q8CFJ7
A6NDX5	NP_001103055
A6NDX5	D4A631
A6NDX5	XP_038943067
A6NDX5	Q9QZC5
A6NDX5	Q63624
A6NDX5	D3ZFJ3
A6NDX5	P14141
A6NDX5	D3Z951
A6NDX5	Q9H4M7-2
A6NDX5	Q6XAS3
A6NDX5	D3ZL30
A6NDX5	Q78Y72
A6NDX5	Q3TQ67
A6NDX5	D4A6P1
A6NDX5	Q60974-2
A6NDX5	O55226
A6NDX5	Q9QYZ3
A6NDX5	D3ZXM0
A6NDX5	Q9BZF3-4
A6NDX5	Q5VTH9-2
A6NDX5	Q13563-2
A6NDX5	A7KAX9-2
A6NDX5	D4A514
A6NDX5	Q07120
A6NDX5	Q9JI92
A6NDX5	Q9JLK3
A6NDX5	Q2IBD4
A6NDX5	Q9JMD2
A6NDX5	Q3UB58
A6NDX5	Q5JT25-2
A6NDX5	S5FZ81
A6NDX5	P29117
A6NDX5	A2ASX1
A6NDX5	O94983-6
A6NDX5	Q8BVM9
A6NDX5	D3ZIA9
A6NDX5	Q6PDS3-3
A6NDX5	P35426
A6NDX5	P49761-1
A6NDX5	Q304F3
A6NDX5	P02586
A6NDX5	P02585
A6NDX5	P20801
A6NDX5	D4A411
A6NDX5	B2GUZ1
A6NDX5	A6NEQ0
A6NDX5	P0C7P1
A6NDX5	Q8WU68
A6NDX5	Q8N1I0-2
A6NDX5	Q8NAA4-2
A6NDX5	D3ZWM3
A6NDX5	B1WC34
A6NDX5	O75592-2
A6NDX5	Q9NZJ7-2
A6NDX5	O46427
A6NDX5	Q63941
A6NDX5	Q86SQ4-2
A6NDX5	Q9UIF9-2
A6NDX5	Q15109-9
A6NDX5	G3V6K4
A6NDX5	Q6ZQ29-2
A6NDX5	P01001
A6NDX5	Q8WXE0-2
A6NDX5	B1WBU4
A6NDX5	Q14114-2
A6NDX5	Q8VCN3
A6NDX5	Q925B5
A6NDX5	Q5XIM4
A6NDX5	Q8NBS9-2
A6NDX5	Q8IVH8-2
A6NDX5	Q7Z4S6-5
A6NDX5	P27361-3
A6NDX5	Q5XIG0
A6NDX5	Q9Y5U5
A6NDX5	Q6TXG4
A6NDX5	D3ZJY0
A6NDX5	D3Z899
A6NDX5	Q3T921
A6NDX5	D3ZJG5
A6NDX5	D4A4L0
A6NDX5	D3ZC64
A6NDX5	NP_001001051
A6NDX5	Q6UAH1
A6NDX5	Q7TQX9
A6NDX5	Q63327-5
A6NDX5	Q9NYF8-2
A6NDX5	A6NJ08
A6NDX5	A6NDZ8
A6NDX5	O15379-2
A6NDX5	Q149N8-2
A6NDX5	D3ZPA4
A6NDX5	D4A307
A6NDX5	O75521-2
A6NDX5	Q9ES72
A6NDX5	P52298-2
A6NDX5	Q8IVL0-2
A6NDX5	P15924-2
A6NDX5	O15085-2
A6NDX5	O75150-3
A6NDX5	D3ZZE0
A6NDX5	Q96T88-2
A6NDX5	Q8TE77-4
A6NDX5	O94967-2
A6NDX5	F1LTU1
A6NDX5	Q9ULJ7-2
A6NDX5	B2RTY4-2
A6NDX5	Q9P0K7-2
A6NDX5	F1LUF8
A6NDX5	Q9BX66-4
A6NDX5	Q16643-2
A6NDX5	Q969K3-2
A6NDX5	Q05086-2
A6NDX5	Q9NWB1-2
A6NDX5	Q9BYB0-3
A6NDX5	Q9Y261-2
A6NDX5	Q96RU2-3
A6NDX5	Q9NQW6-2
A6NDX5	Q4G1C9
A6NDX5	Q96P47-3
A6NDX5	Q9Y2K7-5
A6NDX5	P62166-2
A6NDX5	Q9BZG1-2
A6NDX5	A1Z198
A6NDX5	P20040
A6NDX5	Q8IY67-2
A6NDX5	A0A0C4DH29
A6NDX5	A0A096LPI5
A6NDX5	Q9P203-3
A6NDX5	Q9BYM8-3
A6NDX5	Q14318-3
A6NDX5	Q9Y4J8-2
A6NDX5	Q6V0I7-3
A6NDX5	Q8TAV0-2
A6NDX5	Q96PR1-4
A6NDX5	Q0III3
A6NDX5	E1BNV7
A6NDX5	F1MMU4
A6NDX5	Q58DL5
A6NDX5	P01709
A6NDX5	P15529-3
A6NDX5	Q7Z5H3-2
A6NDX5	A0A075B6N2
A6NDX5	Q14203-4
A6NDX5	Q9BWP8-10
A6NDX5	P20023-3
A6NDX5	O14936-4
A6NDX5	Q13905-3
A6NDX5	D3ZD31
A6NDX5	Q9BV97-1
A6NDX5	Q9H1H9-3
A6NDX5	O88779
A6NDX5	Q3B7L1
A6NDX5	Q5U2P0
A6NDX5	Q86YD1-2
A6NDX5	B2GUY1
A6NDX5	Q6TMA8
A6NDX5	P61227
A6NDX5	P61226
A6NDX5	P61225
A6NDX5	Q5FVM7
A6NDX5	A0JD32
A6NDX5	Q7L513-10
A6NDX5	A0A075B6I0
A6NDX5	Q7Z408-4
A6NDX5	A0A075B6I1
A6NDX5	Q92503-2
A6NDX5	XP_038956768
A6NDX5	D4A932
A6NDX5	B4F792
A6NDX5	D4A2Y9
A6NDX5	A0A0A6YYL3
A6NDX5	H3BUK9
A6NDX5	P0C6B8
A6NDX5	D3ZVP6
A6NDX5	B1WC67
A6NDX5	D4A579
A6NDX5	A0A087WV53
A6NDX5	B0BN89
A6NDX5	Q3MHS1
A6NDX5	F1LMI3
A6NDX5	D3ZP93
A6NDX5	A0A075B6X5
A6NDX5	B2RYE7
A6NDX5	Q5XIU8
A6NDX5	A0A0G2JXI5
A6NDX5	D3ZUE1
A6NDX5	Q63148
A6NDX5	O70215
A6NDX5	Q4FZU4
A6NDX5	D4A1J9
A6NDX5	P27435
A6NDX5	Q5U4E8
A6NDX5	P00756
A6NDX5	P82458
A6NDX5	Q8CFD9
A6NDX5	Q3SWU0
A6NDX5	F1MAR6
A6NDX5	P31722
A6NDX5	A0A0B4J263
A6NDX5	A0A075B6H8
A6NDX5	Q6QLM7
A6NDX5	P42854
A6NDX5	XP_038943588
A6NDX5	A0A5B7
A6NDX5	Q499S6
A6NDX5	NP_001383470
A6NDX5	D3ZJT1
A6NDX5	Q80YD6
A6NDX5	Q9ULU4-9
A6NDX5	P01871-1
A6NDX5	A0A3B3IU63
A6NDX5	Q99592-2
A6NDX5	Q7KZI7-16
A6NDX5	Q96P11-4
A6NDX5	Q9H2L5-2
A6NDX5	B1WC52
A6NDX5	D3ZI66
A6NDX5	E9PU29
A6NDX5	Q9CQ37
A6NDX5	Q9H4R4
A6NDX5	Q80T14
A6NDX5	Q9H0R4
A6NDX5	P04117
A6NDX5	Q92522
A6NDX5	Q9H209
A6NDX5	Q9NYQ8
A6NDX5	P00329
A6NDX5	O60880
A6NDX5	NP_001099350
A6NDX5	F1M3L7
A6NDX5	Q14964
A6NDX5	Q9P1Q5
A6NDX5	XP_214078
A6NDX5	XP_233485
A6NDX5	NP_001163798
A6NDX5	Q3UVC0
A6NDX5	Q86XP1
A6NDX5	XP_226183
A6NDX5	D3ZIC4
A6NDX5	D3ZCG2
A6NDX5	B2RXX5
A6NDX5	D4AD55
A6NDX5	Q3TA59
A6NDX5	Q502X0
A6NDX5	D3ZAZ5
A6NDX5	Q00342
A6NDX5	O55173
A6NDX5	Q61136
A6NDX5	Q9NPB9
A6NDX5	P50750
A6NDX5	Q03147
A6NDX5	Q6ZQM8
A6NDX5	Q6P9R2
A6NDX5	F8VPU2
A6NDX5	NP_001025080
A6NDX5	P70218
A6NDX5	P49717
A6NDX5	Q13972
A6NDX5	Q03351
A6NDX5	P02699
A6NDX5	P15311
A6NDX5	Q9JIA3
A6NDX5	Q99426
A6NDX5	P18762
A6NDX5	Q9UJW8
A6NDX5	O08738
A6NDX5	Q60625
A6NDX5	P20618
A6NDX5	O97600
A6NDX5	Q13310
A6NDX5	Q8VDM6
A6NDX5	Q8TAQ2
A6NDX5	P07722
A6NDX5	Q92529
A6NDX5	A2A690
A6NDX5	P12259
A6NDX5	Q63002
A6NDX5	P21128
A6NDX5	O70143
A6NDX5	P02671
A6NDX5	Q8CH09
A6NDX5	Q14318
A6NDX5	Q9Z277
A6NDX5	Q9BYX2
A6NDX5	O14979
A6NDX5	Q9ULJ3
A6NDX5	Q86U86
A6NDX5	Q69ZX8
A6NDX5	Q9D5L7
A6NDX5	Q8BMP6
A6NDX5	Q13796
A6NDX5	Q92900
A6NDX5	Q61210-5
A6NDX5	Q8TDW0
A6NDX5	Q8BSL7
A6NDX5	P84082
A6NDX5	Q05481
A6NDX5	E9PZ87
A6NDX5	P49447
A6NDX5	Q9P227
A6NDX5	O88278
A6NDX5	Q9NQ38
A6NDX5	P12367
A6NDX5	Q9ES34
A6NDX5	Q8R3V5
A6NDX5	Q9NQR1
A6NDX5	Q9BQI0
A6NDX5	Q64726
A6NDX5	O14830
A6NDX5	Q01534
A6NDX5	Q9H1C0
A6NDX5	Q8BGN6
A6NDX5	Q80ZF8
A6NDX5	O94887
A6NDX5	Q96PM5
A6NDX5	Q99698
A6NDX5	Q8BFQ9
A6NDX5	Q5SXY1
A6NDX5	Q8N146
A6NDX5	Q60847
A6NDX5	Q6R2P8
A6NDX5	O08746
A6NDX5	Q8NEM0
A6NDX5	Q9QZU9
A6NDX5	Q96CN9
A6NDX5	Q9Y6L7
A6NDX5	Q8NFP4
A6NDX5	Q9BXU7
A6NDX5	Q61425
A6NDX5	Q91XX1
A6NDX5	F1MA46
A6NDX5	Q9WU66
A6NDX5	Q5THR3
A6NDX5	Q8TE58
A6NDX5	Q9UDY8
A6NDX5	P0DMM9
A6NDX5	P0DMN0
A6NDX5	Q5T2S8
A6NDX5	Q9QXN0
A6NDX5	Q80TI0
A6NDX5	Q99L47
A6NDX5	P26992
A6NDX5	O54879
A6NDX5	P47806
A6NDX5	Q8R5A3
A6NDX5	Q6P7B3
A6NDX5	Q9NZU0
A6NDX5	P09017
A6NDX5	Q8C4V4
A6NDX5	Q7L4E1
A6NDX5	Q80U40
A6NDX5	O94983
A6NDX5	Q8BID6
A6NDX5	Q6WRI0
A6NDX5	P30728
A6NDX5	Q9JI71
A6NDX5	Q80ZJ8
A6NDX5	Q9D4H7
A6NDX5	Q8WZA1
A6NDX5	Q96HD1
A6NDX5	Q61789
A6NDX5	A4UGR9
A6NDX5	Q15542
A6NDX5	O00468
A6NDX5	Q8WV37
A6NDX5	Q9UKN5
A6NDX5	Q8R2R5
A6NDX5	Q05860-5
A6NDX5	Q8BXK8
A6NDX5	Q7TQI8
A6NDX5	Q6NUM6
A6NDX5	Q9D304
A6NDX5	Q9Y5Y4
A6NDX5	P40749
A6NDX5	Q8BMD8
A6NDX5	P53690
A6NDX5	P10321-2
A6NDX5	Q924H9
A6NDX5	Q5U2Z7
A6NDX5	Q3TDE8
A6NDX5	P32314
A6NDX5	Q9WTV7
A6NDX5	Q9H939-2
A6NDX5	Q59EK9
A6NDX5	Q6P444
A6NDX5	Q9UHF7
A6NDX5	O60281
A6NDX5	Q9C035
A6NDX5	Q8IWX7
A6NDX5	Q96EB1
A6NDX5	Q8BIQ8
A6NDX5	Q91YE2
A6NDX5	Q96NJ5
A6NDX5	Q9Y4G8
A6NDX5	Q8WZ60
A6NDX5	Q99542
A6NDX5	Q8C0R9
A6NDX5	Q86T65
A6NDX5	Q8NG06
A6NDX5	Q9CZT8
A6NDX5	Q9UP38
A6NDX5	Q8VCU0
A6NDX5	P28676
A6NDX5	Q13474
A6NDX5	P09022
A6NDX5	Q8IY37
A6NDX5	Q8R4K8
A6NDX5	Q8NC69
A6NDX5	Q8BNL5
A6NDX5	Q8BGS3
A6NDX5	P0C1T1
A6NDX5	Q9UBX1
A6NDX5	Q8TBB1
A6NDX5	Q9EPW2
A6NDX5	Q9R186
A6NDX5	O43347
A6NDX5	Q8WXF0
A6NDX5	Q460N3
A6NDX5	Q2TJI9
A6NDX5	Q8VHI5
A6NDX5	P47972
A6NDX5	Q6R2W3
A6NDX5	Q9UQ52
A6NDX5	F1LTB9
A6NDX5	Q9H6B4
A6NDX5	P20789
A6NDX5	Q52LW3
A6NDX5	Q8WYH8
A6NDX5	Q4VBE4
A6NDX5	Q8NHG8
A6NDX5	Q02539
A6NDX5	Q6PFY1
A6NDX5	P54103
A6NDX5	Q96KQ4
A6NDX5	Q8N6S4
A6NDX5	P56501
A6NDX5	Q9H0M5
A6NDX5	Q8WW22
A6NDX5	Q8BYI6
A6NDX5	Q9NQV6
A6NDX5	Q8NI35
A6NDX5	Q86XR7
A6NDX5	Q8IYW5
A6NDX5	Q6UWL6
A6NDX5	Q80VY9
A6NDX5	P52943
A6NDX5	Q8R0H9
A6NDX5	Q9ESJ4
A6NDX5	P30935
A6NDX5	O95267
A6NDX5	Q9Y336
A6NDX5	Q6PFR5
A6NDX5	P07174
A6NDX5	Q8BX17
A6NDX5	Q9HBG7
A6NDX5	Q95MG6
A6NDX5	P33151
A6NDX5	Q9UK17
A6NDX5	P12882
A6NDX5	Q9Z101
A6NDX5	O94856
A6NDX5	Q64511
A6NDX5	P97718
A6NDX5	Q5SPL2
A6NDX5	Q96RT7
A6NDX5	Q03172
A6NDX5	P42694
A6NDX5	Q8BYJ6
A6NDX5	Q9R1E6
A6NDX5	P11171
A6NDX5	P78563
A6NDX5	Q8VDD5
A6NDX5	B2RRD7
A6NDX5	P08733
A6NDX5	P16086
A6NDX5	P21554
A6NDX5	O35516
A6NDX5	P97393
A6NDX5	P46937
A6NDX5	P16144
A6NDX5	P41145
A6NDX5	Q8WTQ7
A6NDX5	O43294
A6NDX5	P26450
A6NDX5	Q8N2I9
A6NDX5	Q12792
A6NDX5	P11388
A6NDX5	P49761
A6NDX5	O14976
A6NDX5	P28482
A6NDX5	P46196
A6NDX5	Q61457
A6NDX5	Q9Z0G2
A6NDX5	Q9Z200
A6NDX5	Q9UNE7
A6NDX5	P35240
A6NDX5	P70501
A6NDX5	P41182
A6NDX5	Q9NZQ3
A6NDX5	P11345
A6NDX5	P06240
A6NDX5	P05696
A6NDX5	P17252
A6NDX5	Q60613
A6NDX5	Q96A00
A6NDX5	Q8IVT5
A6NDX5	P11881
A6NDX5	P28023
A6NDX5	O75952
A6NDX5	P35343
A6NDX5	O43602
A6NDX5	P35582
A6NDX5	Q9Y624
A6NDX5	Q9BYJ4
A6NDX5	O75351
A6NDX5	Q8NFF2
A6NDX5	P14719
A6NDX5	Q9EPB4
A6NDX5	Q9CU65
A6NDX5	O35763
A6NDX5	P46935
A6NDX5	Q15386
A6NDX5	Q9ESG6
A6NDX5	Q8IUC4
A6NDX5	Q8C6N3
A6NDX5	Q8IVW4
A6NDX5	Q86WZ6
A6NDX5	Q9Y5E3
A6NDX5	Q7TNC6
A6NDX5	P70408
A6NDX5	P02748
A6NDX5	A2ARI4
A6NDX5	Q8WU66
A6NDX5	Q8N1Q1
A6NDX5	Q80Y75
A6NDX5	Q8BGN3
A6NDX5	Q9BRX9
A6NDX5	Q9QUL6
A6NDX5	Q03001
A6NDX5	Q9Y2Q1
A6NDX5	Q9H228
A6NDX5	Q9Y619
A6NDX5	Q4KM33
A6NDX5	Q9EQ25
A6NDX5	Q9D1D4
A6NDX5	Q8IYB7
A6NDX5	Q9WV74
A6NDX5	Q9JMJ2
A6NDX5	P07725
A6NDX5	Q63250
A6NDX5	Q05A62
A6NDX5	P70345
A6NDX5	P01887
A6NDX5	P30953
A6NDX5	Q4KLL0
A6NDX5	Q91ZT9
A6NDX5	Q91XX7
A6NDX5	Q8BUJ9
A6NDX5	XP_487135
A6NDX5	A0A087WQ53
A6NDX5	P26644
A6NDX5	Q5VUY2
A6NDX5	P02749
A6NDX5	O35648
A6NDX5	P28659
A6NDX5	Q92879
A6NDX5	Q6GQW0
A6NDX5	Q6P6S3
A6NDX5	P14106
A6NDX5	P78414
A6NDX5	Q9NRS6
A6NDX5	Q9H5I1
A6NDX5	Q9UN30
A6NDX5	Q96IZ5
A6NDX5	P04441
A6NDX5	P16415
A6NDX5	Q810W6
A6NDX5	O55123
A6NDX5	Q8K4Z0
A6NDX5	Q9ULE6
A6NDX5	D3Z1A5
A6NDX5	E9PGQ4
A6NDX5	P0CB47
A6NDX5	Q62232
A6NDX5	E9Q2Z1
A6NDX5	Q6ZN79
A6NDX5	Q9BVN2
A6NDX5	A2AQH4
A6NDX5	Q8BX43
A6NDX5	Q3TQG9
A6NDX5	Q9UI38
A6NDX5	Q6ZN54
A6NDX5	Q6DFV8
A6NDX5	Q8BM13
A6NDX5	Q8NHC6
A6NDX5	Q8WTR4
A6NDX5	P55085
A6NDX5	Q5D862
A6NDX5	YP_009725310
A6NDX5	Q62005
A6NDX5	Q922B1
A6NDX5	Q9DAK4
A6NDX5	Q96A99
A6NDX5	Q0VBL1
A6NDX5	Q9D6A1
A6NDX5	Q8N2I2
A6NDX5	Q6P3A4
A6NDX5	Q8BGE7
A6NDX5	Q6ZN57
A6NDX5	A2AR50
A6NDX5	Q80YE4-2
A6NDX5	Q16581
A6NDX5	Q8IWT1
A6NDX5	Q8N5S1
A6NDX5	A2AN08-5
A6NDX5	I1YAP6
A6NDX5	O35400
A6NDX5	Q6UXZ3
A6NDX5	Q9QZQ5
A6NDX5	Q3UX43
A6NDX5	Q86SG2
A6NDX5	Q5BKY1
A6NDX5	P70368
A6NDX5	Q8R4L0
A6NDX5	Q9HCU0
A6NDX5	Q8WY54
A6NDX5	Q9UPX8-1
A6NDX5	P30873
A6NDX5	Q8NCN2
A6NDX5	Q9HA82
A6NDX5	Q8NGK6
A6NDX5	P16422
A6NDX5	Q91WT8
A6NDX5	Q6ZNA1
A6NDX5	P06703
A6NDX5	Q8VEC3
A6NDX5	Q9HAR2-2
A6NDX5	Q2NLE7
A6NDX5	Q9NX57
A6NDX5	Q99676
A6NDX5	Q64GA5
A6NDX5	P10966-3
A6NDX5	Q9NWB1-5
A6NDX5	E9QQ96
A6NDX5	Q3UTY6
A6NDX5	A2AJ77
A6NDX5	Q0VAW7
A6NDX5	Q86XN8
A6NDX5	Q99ML2-2
A6NDX5	Q9Z1T2
A6NDX5	Q8K0W3
A6NDX5	Q61091
A6NDX5	Q64012-2
A6NDX5	E9Q1F5
A6NDX5	Q9ERI2
A6NDX5	P02689
A6NDX5	D3Z2R5
A6NDX5	P0C6S8
A6NDX5	NP_828864
A6NDX5	Q6NVG1
A6NDX5	Q9H361
A6NDX5	Q9D3P1
A6NDX5	Q8VG97
A6NDX5	A0A0A0MT78
A6NDX5	NP_828871
A6NDX5	P11680
A6NDX5	Q0Z843
A6NDX5	Q5FVQ9
A6NDX5	D3Z8F9
A6NDX5	Q6MG87
A6NDX5	O35984
A6NDX5	NP_001102478
A6NDX5	NP_001258309
A6NDX5	M0R7C9
A6NDX5	Q5DU02
A6NDX5	D3ZTX7
A6NDX5	P29410
A6NDX5	M0R4R2
A6NDX5	D4A6A8
A6NDX5	NP_001100754
A6NDX5	P0C643
A6NDX5	Q9D9R0
A6NDX5	Q61895
A6NDX5	P07327
A6NDX5	P63119
A6NDX5	Q9WVE9
A6NDX5	Q3V085
A6NDX5	Q5SZ99
A6NDX5	Q9CR35
A6NDX5	Q02325
A6NDX5	Q96MI9
A6NDX5	NP_001128011
A6NDX5	Q9Z0L0
A6NDX5	XP_001074678
A6NDX5	P45878
A6NDX5	Q3V0Q7
A6NDX5	Q5T4S7-3
A6NDX5	Q9Z0M1
A6NDX5	Q8R4U8
A6NDX5	Q66HB6
A6NDX5	NP_001032274
A6NDX5	Q86Y39
A6NDX5	P01743
A6NDX5	A4D1T9
A6NDX5	Q9JJS0
A6NDX5	Q9GZQ4
A6NDX5	XP_001074000
A6NDX5	Q6IEV9
A6NDX5	C9JJ37-2
A6NDX5	Q6ZNQ3
A6NDX5	Q62192
A6NDX5	Q16676
A6NDX5	Q64523
A6NDX5	Q16777
A6NDX5	P97303
A6NDX5	Q9Y6B6
A6NDX5	Q62417-5
A6NDX5	Q969H0-2
A6NDX5	Q8NGF9
A6NDX5	Q8VEV6
A6NDX5	O35786
A6NDX5	O35476
A6NDX5	P21918
A6NDX5	P0C646
A6NDX5	NP_001101422
A6NDX5	A4D2F6
A6NDX5	O70418
A6NDX5	Q8N9N2-2
A6NDX5	A2A799
A6NDX5	NP_653345
A6NDX5	Q9D0P8
A6NDX5	Q8NHA4
A6NDX5	Q8WZ92
A6NDX5	Q8NGA6
A6NDX5	Q9EQ16
A6NDX5	Q8NGI3
A6NDX5	P0DMU2
A6NDX5	Q8NH64
A6NDX5	Q8NHC5
A6NDX5	Q8N4Z0
A6NDX5	O76002
A6NDX5	Q8TCB6
A6NDX5	Q3UGV3
A6NDX5	Q5VY80
A6NDX5	Q8N7C0
A6NDX5	F6QBN8
A6NDX5	O60384
A6NDX5	Q9UC07
A6NDX5	P04213
A6NDX5	P26717
A6NDX5	Q5PQK3
A6NDX5	Q3SYB3
A6NDX5	A6NH52
A6NDX5	Q9DAD9
A6NDX5	Q2MHN3
A6NDX5	XP_343496
A6NDX5	Q61213
A6NDX5	Q6ZN19-3
A6NDX5	P49802-2
A6NDX5	Q96L92-3
A6NDX5	Q17RH5
A6NDX5	Q642B4
A6NDX5	O14578-3
A6NDX5	Q8IY45
A6NDX5	Q9JL95
A6NDX5	D4ADY4
A6NDX5	Q3U4B9
A6NDX5	Q925T6-3
A6NDX5	A8MXV6
A6NDX5	Q3TX51
A6NDX5	Q8N831
A6NDX5	P35233
A6NDX5	Q9R0T4
A6NDX5	Q09013-15
A6NDX5	P54792
A6NDX5	D4A9P7
A6NDX5	A2A653
A6NDX5	Q96Q89-4
A6NDX5	Q4KUS1
A6NDX5	Q8HW98
A6NDX5	Q56P42
A6NDX5	Q504Y3
A6NDX5	Q8K0S5
A6NDX5	NP_001101811
A6NDX5	F1LWB9
A6NDX5	E9Q8L0
A6NDX5	Q8VGP4
A6NDX5	Q4V8F4
A6NDX5	NP_001100232
A6NDX5	P78563-5
A6NDX5	P15945
A6NDX5	Q63880
A6NDX5	XP_003086984
A6NDX5	Q86XX4-2
A6NDX5	Q496V9
A6NDX5	O35403
A6NDX5	XP_003086638
A6NDX5	D4AD89
A6NDX5	O70210
A6NDX5	Q00495
A6NDX5	O75400-2
A6NDX5	P22607-3
A6NDX5	Q8N2S1-2
A6NDX5	XP_003751070
A6NDX5	Q71RC2-2
A6NDX5	Q3SXY8-2
A6NDX5	P11274-2
A6NDX5	Q6AXN8
A6NDX5	G3V9A7
A6NDX5	Q5XIK7
A6NDX5	Q5EG05
A6NDX5	D3ZH46
A6NDX5	F1LVX1
A6NDX5	Q69ZA1-2
A6NDX5	Q5VT25-2
A6NDX5	P48284
A6NDX5	Q6P6V7
A6NDX5	XP_017443045
A6NDX5	Q9WVB0
A6NDX5	P29590-10
A6NDX5	Q9WV48-3
A6NDX5	Q63355
A6NDX5	Q99MK2
A6NDX5	Q92993
A6NDX5	Q8CHK4
A6NDX5	G3V8I2
A6NDX5	Q15415
A6NDX5	Q9WTW1
A6NDX5	D3ZMS5
A6NDX5	Q92859-2
A6NDX5	Q3UVZ1
A6NDX5	O43379-2
A6NDX5	Q9JLH8
A6NDX5	Q9NZJ7-3
A6NDX5	P08419
A6NDX5	Q80Z30
A6NDX5	Q02759
A6NDX5	E9PT87
A6NDX5	Q86Z02-2
A6NDX5	P58751
A6NDX5	Q9C0B5-2
A6NDX5	P35348-2
A6NDX5	A8QIC3
A6NDX5	O35141
A6NDX5	Q641Y6
A6NDX5	Q8BX22-2
A6NDX5	Q5I0H3
A6NDX5	P63165
A6NDX5	P63166
A6NDX5	Q9H2U1-2
A6NDX5	Q6H321
A6NDX5	NP_001094228
A6NDX5	Q8TEW0-10
A6NDX5	Q15131-4
A6NDX5	Q6UXG3-2
A6NDX5	L7N267
A6NDX5	O55159
A6NDX5	Q9WTV0
A6NDX5	P68036-2
A6NDX5	Q96B23-2
A6NDX5	Q9P289-2
A6NDX5	Q505J6
A6NDX5	D3ZS76
A6NDX5	Q6AYK1
A6NDX5	Q99M28
A6NDX5	Q15287
A6NDX5	Q7Z736-2
A6NDX5	Q15910-2
A6NDX5	Q8VG33
A6NDX5	Q7TS10
A6NDX5	Q8VFI4
A6NDX5	Q8VFZ4
A6NDX5	XP_575198
A6NDX5	Q0H8B9
A6NDX5	Q86U86-2
A6NDX5	Q6AYC6
A6NDX5	Q3ZCU0-2
A6NDX5	O14979-2
A6NDX5	Q9Z130
A6NDX5	Q8IVL0-3
A6NDX5	P17655-2
A6NDX5	O76039-1
A6NDX5	Q99615-2
A6NDX5	Q16836-2
A6NDX5	O00499-11
A6NDX5	Q5BK30
A6NDX5	Q13555-10
A6NDX5	Q923T9-3
A6NDX5	O95487-3
A6NDX5	Q13596-2
A6NDX5	Q99961-2
A6NDX5	P08195-2
A6NDX5	Q92888-3
A6NDX5	Q8BTF8-2
A6NDX5	Q9BZG1-4
A6NDX5	Q5VZK9-2
A6NDX5	B2ZEZ3
A6NDX5	P04223
A6NDX5	P39880-9
A6NDX5	O75494-5
A6NDX5	P0DN82
A6NDX5	P30281-2
A6NDX5	Q9NZJ9-3
A6NDX5	Q9BYM8-4
A6NDX5	O94988-1
A6NDX5	Q9Y4J8-3
A6NDX5	A2NJV5
A6NDX5	Q96T51-2
A6NDX5	Q8WUP2-2
A6NDX5	Q9HCK4-3
A6NDX5	Q9Y6I7-2
A6NDX5	A5PJL4
A6NDX5	P18654
A6NDX5	NP_001178933
A6NDX5	F1N032
A6NDX5	F1MIX6
A6NDX5	E1BIS8
A6NDX5	F1N3U7
A6NDX5	F1MXS1
A6NDX5	P15531-2
A6NDX5	P62070-4
A6NDX5	P78362-2
A6NDX5	Q9H4A3-7
A6NDX5	Q96P47-4
A6NDX5	Q9Y5H7-3
A6NDX5	Q96L91-5
A6NDX5	Q9NQ38-3
A6NDX5	Q96AX9-3
A6NDX5	Q6ZTN6
A6NDX5	P00770
A6NDX5	D3ZQE1
A6NDX5	O35920
A6NDX5	G3V9M2
A6NDX5	D3ZW91
A6NDX5	Q64638
A6NDX5	B0BNI5
A6NDX5	A1L1L7
A6NDX5	Q5XHY7
A6NDX5	P47940
A6NDX5	Q01177
A6NDX5	D3ZPG5
A6NDX5	P54777
A6NDX5	Q5HZF2
A6NDX5	P11530
A6NDX5	P18863
A6NDX5	O08781
A6NDX5	A0A0B4J276
A6NDX5	Q8N6U8-6
A6NDX5	Q5F1R6-2
A6NDX5	P41217-3
A6NDX5	O43556-4
A6NDX5	A0A0B4J1Y8
A6NDX5	Q8WXA3-1
A6NDX5	Q9ULT0-4
A6NDX5	A0A075B6I4
A6NDX5	P05164-3
A6NDX5	M0R740
A6NDX5	Q66H87
A6NDX5	D4A435
A6NDX5	Q642A8
A6NDX5	A0A599
A6NDX5	A0A0C4DH41
A6NDX5	P01704
A6NDX5	D4A9B2
A6NDX5	Q5T1J5
A6NDX5	Q66H41
A6NDX5	NP_446148
A6NDX5	P19021-3
A6NDX5	B2RYJ5
A6NDX5	XP_038960976
A6NDX5	A0A576
A6NDX5	Q6MG34
A6NDX5	D4A3W4
A6NDX5	O70513
A6NDX5	P00758
A6NDX5	Q6IUU3
A6NDX5	B0K035
A6NDX5	P97696
A6NDX5	O43739
A6NDX5	Q63251
A6NDX5	Q6XPU4
A6NDX5	Q69FH1
A6NDX5	D4A029
A6NDX5	A0A075B6V5
A6NDX5	Q5RKG6
A6NDX5	A0A0A0MS00
A6NDX5	D3ZJ96
A6NDX5	Q8R2H4
A6NDX5	Q53G59
A6NDX5	Q8BZM0
A6NDX5	Q925B4
A6NDX5	A0A5B6
A6NDX5	B2RYC4
A6NDX5	Q6NSI1
A6NDX5	NP_001102874
A6NDX5	D3ZN16
A6NDX5	Q9BY67-3
A6NDX5	Q8C7B6
A6NDX5	A0A494C1R9
A6NDX5	Q9ULU4-19
A6NDX5	Q9UDY8-2
A6NDX5	Q6IE81-3
A6NDX5	D3ZE91
A6NDX5	O88854
A6NDX5	P0C028
A6NDX5	D3ZYH3
A6NDX5	P0C027
A6NDX5	P97468
A6NDX5	P98160
A6NDX5	XP_008773743
A6NDX5	Q5F226
A6NDX5	Q9R059
A6NDX5	Q8BJU0
A6NDX5	NP_001178634
A6NDX5	B9EJ86
A6NDX5	Q7TSI0
A6NDX5	Q86Y91
A6NDX5	Q8WXG9
A6NDX5	Q9NXV2
A6NDX5	Q61526
A6NDX5	NP_001258127
A6NDX5	Q3V016
A6NDX5	Q9JHY7
A6NDX5	Q9Y6V0-6
A6NDX5	Q6AY40
A6NDX5	XP_347040
A6NDX5	A0AVI2
A6NDX5	P14056
A6NDX5	P36888
A6NDX5	Q9Z2A0
A6NDX5	Q13523
A6NDX5	D4AC12
A6NDX5	P49336
A6NDX5	P50613
A6NDX5	NP_001100726
A6NDX5	O95747
A6NDX5	D3ZAF5
A6NDX5	Q92918
A6NDX5	P33991
A6NDX5	Q9UKV0
A6NDX5	Q92793
A6NDX5	O08680
A6NDX5	O14829
A6NDX5	P32927
A6NDX5	Q9QZ05
A6NDX5	Q6VNS1
A6NDX5	P54829
A6NDX5	P15409
A6NDX5	Q9ESS0
A6NDX5	Q5NCI0
A6NDX5	Q61411
A6NDX5	P01112
A6NDX5	P20171
A6NDX5	O88342
A6NDX5	P32507
A6NDX5	Q69ZX6
A6NDX5	Q9ERA6
A6NDX5	P07550
A6NDX5	Q9EPQ8
A6NDX5	P55212
A6NDX5	P62191
A6NDX5	P62192
A6NDX5	P62193
A6NDX5	Q9UMF0
A6NDX5	Q62376
A6NDX5	Q6IQ23
A6NDX5	Q7Z6I6
A6NDX5	Q8CGN4
A6NDX5	Q13422
A6NDX5	P97379
A6NDX5	Q5SSZ5
A6NDX5	Q6NWY9
A6NDX5	Q5VZK9
A6NDX5	Q9Y5B0
A6NDX5	Q9UKX3
A6NDX5	P52483
A6NDX5	Q969T4
A6NDX5	NP_001041322
A6NDX5	Q06335
A6NDX5	P21731-2
A6NDX5	Q8IX01
A6NDX5	Q9UIG0
A6NDX5	Q7TSH3
A6NDX5	P20916
A6NDX5	P70121
A6NDX5	Q63406
A6NDX5	O94929
A6NDX5	Q96BD6
A6NDX5	Q5T089
A6NDX5	Q9HAU0
A6NDX5	Q15223
A6NDX5	Q9D0E1
A6NDX5	Q9BXP8
A6NDX5	Q5SVQ0
A6NDX5	P62195
A6NDX5	P62196
A6NDX5	P62198
A6NDX5	Q9QXL8
A6NDX5	Q96I25
A6NDX5	Q01484
A6NDX5	Q9ERK9
A6NDX5	P13861
A6NDX5	Q7Z3V4
A6NDX5	Q9NR46
A6NDX5	P25311
A6NDX5	Q9UJW3
A6NDX5	Q08879
A6NDX5	Q99549
A6NDX5	Q61193
A6NDX5	Q9BZD6
A6NDX5	Q8CAS9
A6NDX5	Q62136
A6NDX5	Q8N4A0
A6NDX5	Q5M775
A6NDX5	Q8VED2
A6NDX5	Q9BR01
A6NDX5	Q3UGZ4
A6NDX5	P40425
A6NDX5	Q64455
A6NDX5	P10287
A6NDX5	Q16836
A6NDX5	Q9UN70
A6NDX5	P51511
A6NDX5	Q6UB98
A6NDX5	P30084
A6NDX5	Q86TP1
A6NDX5	Q9P0K8
A6NDX5	P50226
A6NDX5	Q6NVY1
A6NDX5	Q8TF72
A6NDX5	Q9CXY6
A6NDX5	Q12905
A6NDX5	O08795
A6NDX5	O35375
A6NDX5	Q3KR37
A6NDX5	P00325
A6NDX5	Q9ESD7
A6NDX5	O15347
A6NDX5	P08151
A6NDX5	Q8K203
A6NDX5	Q8BKC8
A6NDX5	Q9UKT7
A6NDX5	Q80W87
A6NDX5	O15034
A6NDX5	Q0VFY0
A6NDX5	P35462
A6NDX5	Q9NR61
A6NDX5	Q3V1D8
A6NDX5	Q99JG2
A6NDX5	A6NFN9
A6NDX5	Q03112
A6NDX5	Q5XIR9
A6NDX5	Q309B1
A6NDX5	Q16787
A6NDX5	Q86W28
A6NDX5	Q91WK7
A6NDX5	P57052
A6NDX5	Q91Y19
A6NDX5	Q60987
A6NDX5	Q8IVP9
A6NDX5	Q9BV99
A6NDX5	Q5RJI4
A6NDX5	Q9UPQ3
A6NDX5	O08523
A6NDX5	Q9UKR0
A6NDX5	Q8C208
A6NDX5	Q8TEB7
A6NDX5	Q9H2B2
A6NDX5	Q6NUK1
A6NDX5	Q8C8Y5
A6NDX5	Q9H2G4
A6NDX5	Q8TE96
A6NDX5	Q8NHH9
A6NDX5	Q8C4V1
A6NDX5	Q86VQ6
A6NDX5	Q4VBD9
A6NDX5	Q8N859
A6NDX5	Q62178
A6NDX5	P26262
A6NDX5	Q9NVW2
A6NDX5	O75952-3
A6NDX5	Q3TFZ4
A6NDX5	P82987
A6NDX5	Q6P9S7
A6NDX5	Q96JL9
A6NDX5	Q7TMJ8
A6NDX5	Q6IQ21
A6NDX5	Q96KS0
A6NDX5	Q9Y3D7
A6NDX5	Q6QLQ4
A6NDX5	Q15014
A6NDX5	Q9QYI5-1
A6NDX5	P20337
A6NDX5	Q810B6
A6NDX5	Q99853
A6NDX5	Q64732
A6NDX5	Q12906-4
A6NDX5	Q61361
A6NDX5	Q13219
A6NDX5	Q6PDX6
A6NDX5	P17029
A6NDX5	P14652
A6NDX5	Q8C854
A6NDX5	Q61614
A6NDX5	Q9UIH9
A6NDX5	Q9WUQ2
A6NDX5	Q9H1D0
A6NDX5	Q04592
A6NDX5	P51959
A6NDX5	Q08174-2
A6NDX5	Q6UXI7
A6NDX5	Q8CFQ3
A6NDX5	Q2M3W8
A6NDX5	P55265-5
A6NDX5	O88319
A6NDX5	Q9ESF1
A6NDX5	Q7Z553
A6NDX5	P43117
A6NDX5	Q9WUH7
A6NDX5	O75346
A6NDX5	Q8BNA6
A6NDX5	O09130
A6NDX5	Q86WN1
A6NDX5	Q9Y4B4
A6NDX5	Q96NI8
A6NDX5	P55916
A6NDX5	Q9H078
A6NDX5	Q9H8W4
A6NDX5	Q5EB82
A6NDX5	Q7L5N7
A6NDX5	Q63ZW7
A6NDX5	Q13239
A6NDX5	Q9WUA2
A6NDX5	Q9NW82
A6NDX5	Q9DBR2
A6NDX5	Q69Z89
A6NDX5	Q80YR9
A6NDX5	Q9JJA9
A6NDX5	Q80TF3
A6NDX5	Q9JKS4
A6NDX5	Q8BUR4
A6NDX5	Q9UJY5
A6NDX5	Q8IV61
A6NDX5	Q8BTW9
A6NDX5	P32745
A6NDX5	Q6GPH4
A6NDX5	Q9Z0W1
A6NDX5	Q13112
A6NDX5	Q9JLM8-2
A6NDX5	Q6IR34
A6NDX5	Q96P88
A6NDX5	Q86YR5
A6NDX5	P11087
A6NDX5	Q12802
A6NDX5	Q02880
A6NDX5	A6H619
A6NDX5	Q96P47
A6NDX5	O14497
A6NDX5	P41229
A6NDX5	Q09666
A6NDX5	P26011
A6NDX5	Q00566
A6NDX5	P47973
A6NDX5	P78310
A6NDX5	P29375
A6NDX5	Q8BTK5
A6NDX5	P35579
A6NDX5	O75563
A6NDX5	P21731
A6NDX5	Q04721
A6NDX5	P41245
A6NDX5	O54874
A6NDX5	Q91ZB0
A6NDX5	Q96KB5
A6NDX5	Q99MW1
A6NDX5	Q924X7
A6NDX5	Q69ZA1
A6NDX5	Q14004
A6NDX5	P29473
A6NDX5	Q96QS6
A6NDX5	P22518
A6NDX5	Q04899
A6NDX5	P26955
A6NDX5	Q3UTQ8
A6NDX5	Q62074
A6NDX5	O14492
A6NDX5	P20444
A6NDX5	Q9H426-2
A6NDX5	G3V9H8
A6NDX5	P79621
A6NDX5	Q9DBC7
A6NDX5	O54967
A6NDX5	O35954
A6NDX5	Q64617
A6NDX5	P0C0S8
A6NDX5	P0C8E4
A6NDX5	Q923A8
A6NDX5	Q9WVQ1
A6NDX5	F1M9C3
A6NDX5	Q9Y286
A6NDX5	P97710
A6NDX5	Q5BMA6
A6NDX5	O88792
A6NDX5	Q9NV35
A6NDX5	O75970
A6NDX5	Q60841
A6NDX5	P62820
A6NDX5	Q6NYB7
A6NDX5	P62821
A6NDX5	P17678
A6NDX5	Q9WTR5
A6NDX5	D3YZU1
A6NDX5	Q14114
A6NDX5	P41222
A6NDX5	Q62415
A6NDX5	Q9P2G1
A6NDX5	O35324
A6NDX5	Q9C0G0
A6NDX5	EDL88794
A6NDX5	Q91WU0
A6NDX5	E9PZM4
A6NDX5	Q3UNZ8
A6NDX5	Q8R3L8
A6NDX5	P06683
A6NDX5	E9Q735
A6NDX5	Q3TYD6
A6NDX5	P36404
A6NDX5	P52429
A6NDX5	O76003
A6NDX5	Q9DAJ4
A6NDX5	Q8TE56
A6NDX5	Q495B1
A6NDX5	Q5QJ38
A6NDX5	YP_009725297
A6NDX5	P40748
A6NDX5	Q91X56
A6NDX5	Q9UBR2
A6NDX5	Q8IUK8
A6NDX5	D3Z937
A6NDX5	Q920J3
A6NDX5	Q9BYB4
A6NDX5	Q6P8Y1
A6NDX5	O15533
A6NDX5	XP_576336
A6NDX5	D3ZS29
A6NDX5	D4A3X3
A6NDX5	NP_001000617
A6NDX5	XP_216650
A6NDX5	Q01339
A6NDX5	P36980
A6NDX5	EDL79642
A6NDX5	Q9H8M2
A6NDX5	Q9Z2B7
A6NDX5	Q9NPF8
A6NDX5	P81068
A6NDX5	Q91WE1
A6NDX5	Q9EQQ0
A6NDX5	Q8JZV4
A6NDX5	P10247
A6NDX5	P30939
A6NDX5	O95476
A6NDX5	Q3TP92
A6NDX5	Q3B7T6
A6NDX5	Q9NQY0
A6NDX5	Q8N119
A6NDX5	Q8N135
A6NDX5	P70261
A6NDX5	Q9NPH5
A6NDX5	NP_001102014
A6NDX5	Q6TDP4
A6NDX5	Q5VZ89-7
A6NDX5	Q8N4B4
A6NDX5	M0R3T8
A6NDX5	P0CH99
A6NDX5	P98095
A6NDX5	Q8VCT4
A6NDX5	Q8IUQ0
A6NDX5	O15537
A6NDX5	P49711
A6NDX5	P13688-8
A6NDX5	Q8IZU2
A6NDX5	Q96SK3-2
A6NDX5	Q9Y493-2
A6NDX5	Q8BLH5
A6NDX5	Q8NFZ8
A6NDX5	Q9BSM1
A6NDX5	Q8N2E2
A6NDX5	O08755
A6NDX5	Q8NGG2
A6NDX5	Q8NGR4
A6NDX5	Q640M6
A6NDX5	P55086
A6NDX5	YP_009725311
A6NDX5	P49638
A6NDX5	Q6RUU0
A6NDX5	Q8WUT9
A6NDX5	A2A3V2
A6NDX5	P14151
A6NDX5	Q92496
A6NDX5	Q6P2S7
A6NDX5	Q9Y653
A6NDX5	Q9C0D6
A6NDX5	Q8N9K5
A6NDX5	P22792
A6NDX5	P08043
A6NDX5	O75800
A6NDX5	A2RTS7
A6NDX5	O55197
A6NDX5	Q80TH2-2
A6NDX5	P30999-3
A6NDX5	P23443-2
A6NDX5	Q5VYJ5
A6NDX5	Q02386
A6NDX5	Q8BVN7
A6NDX5	Q5VV63
A6NDX5	O00204
A6NDX5	Q8BUL6-2
A6NDX5	Q5XKE0
A6NDX5	A2ART2
A6NDX5	Q66GT5
A6NDX5	Q812A3
A6NDX5	O15296-3
A6NDX5	Q8K243
A6NDX5	Q8CB96
A6NDX5	Q9H6Q3
A6NDX5	Q3TQ64
A6NDX5	P30872
A6NDX5	O15151-5
A6NDX5	P82350
A6NDX5	Q99JW5
A6NDX5	Q8IW36
A6NDX5	P14069
A6NDX5	Q4UJ75
A6NDX5	Q9BSK4
A6NDX5	Q5T601
A6NDX5	Q2NKW1
A6NDX5	Q9UL68-2
A6NDX5	Q15485
A6NDX5	Q13557-8
A6NDX5	P35295
A6NDX5	P17027
A6NDX5	Q7TSH9
A6NDX5	P01631
A6NDX5	XP_001476050
A6NDX5	O96028-5
A6NDX5	Q9H4G0-2
A6NDX5	Q96A83-2
A6NDX5	Q91XZ9
A6NDX5	Q6ZMP0
A6NDX5	P14222
A6NDX5	Q8N5M4
A6NDX5	P51888
A6NDX5	Q8R2M0
A6NDX5	A2ARU5
A6NDX5	Q96C55
A6NDX5	Q91V57
A6NDX5	E9Q6Y8
A6NDX5	Q6HA08
A6NDX5	Q91Y20
A6NDX5	Q3UE17
A6NDX5	Q91Y18
A6NDX5	B5DF32
A6NDX5	S4R2P9
A6NDX5	Q8VFT2
A6NDX5	A4UGR9-4
A6NDX5	Q9P0L1
A6NDX5	O60716-4
A6NDX5	O95475
A6NDX5	Q5VTD9
A6NDX5	Q99JB6
A6NDX5	Q96P69
A6NDX5	Q8NEG5
A6NDX5	P98088
A6NDX5	P24526
A6NDX5	Q8NEE6-3
A6NDX5	Q6PFE3
A6NDX5	Q9NZV5
A6NDX5	Q7TRA7
A6NDX5	NP_828865
A6NDX5	Q8VD37-2
A6NDX5	Q9EPN1-4
A6NDX5	Q8VGT3
A6NDX5	B2RXF5
A6NDX5	NP_001101306
A6NDX5	P51531-2
A6NDX5	P27918
A6NDX5	Q5FVM4
A6NDX5	Q6P6V1
A6NDX5	NP_001258164
A6NDX5	Q9ERV7
A6NDX5	NP_001103381
A6NDX5	XP_001065204
A6NDX5	XP_001067802
A6NDX5	Q9Y2G4-1
A6NDX5	D3ZT52
A6NDX5	D0RB01
A6NDX5	Q5XFX7
A6NDX5	Q1WIM2
A6NDX5	XP_001073579
A6NDX5	Q8CBC9
A6NDX5	Q80TD1
A6NDX5	P0DMS9-2
A6NDX5	P10265
A6NDX5	Q9CUQ9
A6NDX5	P16374
A6NDX5	NP_001101010
A6NDX5	Q8R1Z9
A6NDX5	P07338
A6NDX5	Q9NZC3
A6NDX5	Q3URY5
A6NDX5	P07202
A6NDX5	Q9H239
A6NDX5	Q8IVQ6
A6NDX5	Q96GR4
A6NDX5	O70238
A6NDX5	Q5U4E5
A6NDX5	Q9Y6R6
A6NDX5	Q8N6D2
A6NDX5	E9PXJ4
A6NDX5	Q9JKC1
A6NDX5	XP_001054370
A6NDX5	Q6IEU7
A6NDX5	D4A585
A6NDX5	P42581
A6NDX5	Q4V889
A6NDX5	P21126
A6NDX5	Q9D8B4
A6NDX5	ENSRNOP00000012758
A6NDX5	Q9DAA4
A6NDX5	P78367
A6NDX5	Q8BZ39
A6NDX5	O89039
A6NDX5	Q8NGP8
A6NDX5	Q9Y5H7
A6NDX5	Q9D9Q0
A6NDX5	Q61345
A6NDX5	P79483
A6NDX5	Q6AXQ7
A6NDX5	Q8CAP3
A6NDX5	Q9CQC9
A6NDX5	Q96CA5
A6NDX5	Q7Z614-3
A6NDX5	P82279
A6NDX5	Q9CRA7
A6NDX5	Q7Z5H3-5
A6NDX5	O08740
A6NDX5	Q9ESQ4
A6NDX5	O08858
A6NDX5	Q1EHB3
A6NDX5	B1H246
A6NDX5	D3ZR10
A6NDX5	Q8R415
A6NDX5	Q6Y1R5
A6NDX5	P78380
A6NDX5	P78410
A6NDX5	A6NIZ1
A6NDX5	Q8NH01
A6NDX5	Q96TA0
A6NDX5	Q8NGB2
A6NDX5	A6NET4
A6NDX5	Q8NH73
A6NDX5	Q7TRU7
A6NDX5	A0A0G2JFH3
A6NDX5	Q7TS02
A6NDX5	Q9H0N0
A6NDX5	ENSRNOP00000041700
A6NDX5	Q8NGJ5
A6NDX5	Q8VGZ7
A6NDX5	Q5JUW0
A6NDX5	P35070
A6NDX5	Q5M8M9
A6NDX5	A0JPI9
A6NDX5	NP_001178830
A6NDX5	P0CI00
A6NDX5	Q03924
A6NDX5	Q07444
A6NDX5	D3Z194
A6NDX5	D3ZWI0
A6NDX5	A2A447
A6NDX5	O60481
A6NDX5	Q6NVH0
A6NDX5	NP_001090941
A6NDX5	NP_001092273
A6NDX5	Q3U133
A6NDX5	XP_228753
A6NDX5	Q3UTB2
A6NDX5	O00499-7
A6NDX5	A1IGU3
A6NDX5	XP_001059217
A6NDX5	O14646-2
A6NDX5	Q8WYQ3
A6NDX5	A2CI98
A6NDX5	Q6UVW9
A6NDX5	O75838
A6NDX5	Q91Y12
A6NDX5	A6H8H2-2
A6NDX5	P34985
A6NDX5	Q96EX2
A6NDX5	A6NCM1
A6NDX5	Q8CCP6
A6NDX5	P24821-6
A6NDX5	Q66H84
A6NDX5	P05538
A6NDX5	Q9R166
A6NDX5	Q60651
A6NDX5	Q6UWW0
A6NDX5	P35247
A6NDX5	Q9QZ48
A6NDX5	D4A8G1
A6NDX5	D4A4V3
A6NDX5	Q6AYD6
A6NDX5	D4A5J1
A6NDX5	Q4KLL7
A6NDX5	P46467
A6NDX5	Q9ESV1
A6NDX5	Q8VGB8
A6NDX5	D3ZYB3
A6NDX5	P14272
A6NDX5	P56945-7
A6NDX5	A2BI93
A6NDX5	Q8BZL8
A6NDX5	Q8TAP4
A6NDX5	Q8VCU1
A6NDX5	O88537
A6NDX5	Q8VFH9
A6NDX5	F1MA42
A6NDX5	Q80XD9
A6NDX5	D3ZY17
A6NDX5	P09455-3
A6NDX5	Q8NDQ6-2
A6NDX5	Q9R1M3
A6NDX5	Q15424-2
A6NDX5	P10398-2
A6NDX5	Q5EG05-2
A6NDX5	D3ZHQ8
A6NDX5	Q9Z0H4-9
A6NDX5	P24054
A6NDX5	Q96DY5
A6NDX5	Q6AYC5
A6NDX5	Q5EB81
A6NDX5	Q7TRF3
A6NDX5	B0BNJ1
A6NDX5	Q08117-2
A6NDX5	Q6NXG1-4
A6NDX5	D3ZP34
A6NDX5	Q8BML1-6
A6NDX5	Q8VCN6
A6NDX5	Q499V6
A6NDX5	Q2KJ09
A6NDX5	P16070-12
A6NDX5	P0C5E3
A6NDX5	Q3V3V9
A6NDX5	Q7TS05
A6NDX5	Q8IUD6-3
A6NDX5	Q7TP17
A6NDX5	Q8BGJ9
A6NDX5	P23141-2
A6NDX5	Q9C0C7-2
A6NDX5	F1M5G7
A6NDX5	P35749-2
A6NDX5	Q69AB2
A6NDX5	Q15435-3
A6NDX5	D3ZSG3
A6NDX5	P00772
A6NDX5	Q9ES21
A6NDX5	Q6AYG7
A6NDX5	P50851-2
A6NDX5	P42701-3
A6NDX5	Q9JM47
A6NDX5	Q9H2U1-3
A6NDX5	Q9H2D6-2
A6NDX5	P55265-2
A6NDX5	O95793-2
A6NDX5	Q8N2S1-3
A6NDX5	Q99784-2
A6NDX5	Q8IZP0-2
A6NDX5	Q8VFX3
A6NDX5	Q6PST4
A6NDX5	Q07116
A6NDX5	B1WBV4
A6NDX5	Q91WB4
A6NDX5	Q5VJS5
A6NDX5	P15941-2
A6NDX5	P35815
A6NDX5	Q00653-4
A6NDX5	F1LZB7
A6NDX5	D4A4K6
A6NDX5	D3ZV34
A6NDX5	D3Z966
A6NDX5	O60936-1
A6NDX5	Q8VFN8
A6NDX5	Q91UZ8
A6NDX5	Q925Q9-2
A6NDX5	O15357-2
A6NDX5	Q9UKE5-3
A6NDX5	O94875-9
A6NDX5	M0R7U6
A6NDX5	D3ZRB5
A6NDX5	A0A096LNW5
A6NDX5	D4ABD3
A6NDX5	A6NJZ7
A6NDX5	Q2TSE3
A6NDX5	Q92888-4
A6NDX5	P50479-2
A6NDX5	Q6QI90
A6NDX5	XP_576558
A6NDX5	P06396-2
A6NDX5	P17948-2
A6NDX5	D4A7V9
A6NDX5	O96028-2
A6NDX5	D3Z7A5
A6NDX5	Q9ULH0-2
A6NDX5	O00391-2
A6NDX5	D4A9M4
A6NDX5	O95049-4
A6NDX5	Q9HBY8
A6NDX5	Q17R98-2
A6NDX5	Q13045-2
A6NDX5	P56270-2
A6NDX5	Q86SE5-2
A6NDX5	Q5VZK9-3
A6NDX5	A7TZE6
A6NDX5	P03991
A6NDX5	P39880-3
A6NDX5	Q9ULJ8-3
A6NDX5	O14901-2
A6NDX5	Q0Q236
A6NDX5	P06396-3
A6NDX5	P30281-3
A6NDX5	Q6ZN18-2
A6NDX5	O94988-3
A6NDX5	Q9Y4J8-4
A6NDX5	Q9Y4F1-2
A6NDX5	Q13642-5
A6NDX5	Q6MGB2
A6NDX5	P02751-10
A6NDX5	Q9BZF3-2
A6NDX5	Q76IQ7
A6NDX5	G3X6E6
A6NDX5	G5E5V6
A6NDX5	E1BNE5
A6NDX5	A0A2R8Y7D0
A6NDX5	E1B8K6
A6NDX5	E1BGB0
A6NDX5	E1BLD1
A6NDX5	Q5EA36
A6NDX5	F1N616
A6NDX5	P29590-12
A6NDX5	H0VGS0
A6NDX5	Q14393-1
A6NDX5	Q9NUL3-7
A6NDX5	P27448-7
A6NDX5	O76081-6
A6NDX5	Q13835-2
A6NDX5	A4UGR9-8
A6NDX5	Q13308-6
A6NDX5	Q8TDJ6-3
A6NDX5	Q6W3B0
A6NDX5	P17977
A6NDX5	Q700K0
A6NDX5	P98166
A6NDX5	Q5XI70
A6NDX5	Q99952-2
A6NDX5	P35572
A6NDX5	G3V7W1
A6NDX5	A0A0B4J273
A6NDX5	Q4G0J3-3
A6NDX5	Q9H4F8-2
A6NDX5	Q86XK7-2
A6NDX5	P61073-2
A6NDX5	Q9UKR0-3
A6NDX5	B3KTI7
A6NDX5	Q9H1R2-3
A6NDX5	O75689-2
A6NDX5	A0A0B4J1U3
A6NDX5	Q86UV5-8
A6NDX5	Q9H892-2
A6NDX5	Q5I0Q2
A6NDX5	F1LT13
A6NDX5	A0A096MJ37
A6NDX5	A0A597
A6NDX5	P35763
A6NDX5	Q6P575
A6NDX5	G3V7I7
A6NDX5	F1MAP1
A6NDX5	O43566-5
A6NDX5	XP_038962022
A6NDX5	A0A0A6YYK1
A6NDX5	Q861Q3
A6NDX5	D3ZW40
A6NDX5	Q4QQU7
A6NDX5	Q6IE14
A6NDX5	D3ZWK4
A6NDX5	Q9JHX0
A6NDX5	A0A577
A6NDX5	A0A0C4DH35
A6NDX5	Q80WL1
A6NDX5	Q9ES66
A6NDX5	XP_006253021
A6NDX5	B2RPK0
A6NDX5	NP_001102815
A6NDX5	A0A8I5ZR20
A6NDX5	Q92854-2
A6NDX5	Q8N5S9-2
A6NDX5	D3ZS59
A6NDX5	O95490-6
A6NDX5	Q6ZN55-2
A6NDX5	P16591-3
A6NDX5	P49790-3
A6NDX5	Q9UPN6-2
A6NDX5	D4AAF1
A6NDX5	D3ZYT9
A6NDX5	F1LUD9
A6NDX5	D3ZZA9
A6NDX5	B5DFF2
A6NDX5	B1WC24
A6NDX5	P24369
A6NDX5	P20065
A6NDX5	P51952
A6NDX5	Q9NP60
A6NDX5	Q3UFB7
A6NDX5	Q9NPB8
A6NDX5	Q6ZWQ0
A6NDX5	O70201
A6NDX5	P03986
A6NDX5	F1LYY7
A6NDX5	Q90891
A6NDX5	Q15149-4
A6NDX5	Q9D6P8
A6NDX5	D3ZDV9
A6NDX5	Q01822
A6NDX5	Q99JY9
A6NDX5	Q4V7C7
A6NDX5	P61158
A6NDX5	P61157
A6NDX5	XP_001068152
A6NDX5	NP_001101076
A6NDX5	F1LNF0
A6NDX5	P04627
A6NDX5	P16092
A6NDX5	D4A8D5
A6NDX5	P05532
A6NDX5	B1WBT1
A6NDX5	D4ACZ2
A6NDX5	Q8CIP4
A6NDX5	Q69ZR2
A6NDX5	Q9UJQ4-2
A6NDX5	P41597
A6NDX5	Q9Z2V6
A6NDX5	P29320
A6NDX5	Q9CQR6
A6NDX5	Q64620
A6NDX5	Q91ZT1
A6NDX5	Q6ZMQ8
A6NDX5	P08100
A6NDX5	Q9Y6W6
A6NDX5	Q6NUJ5
A6NDX5	Q8TCY9
A6NDX5	P23468
A6NDX5	Q92692
A6NDX5	Q9Y6X9
A6NDX5	Q9UBB9
A6NDX5	P49445
A6NDX5	Q62101
A6NDX5	Q3UEB3
A6NDX5	Q9WV25
A6NDX5	P08579
A6NDX5	P55196-3
A6NDX5	Q5Y5T5
A6NDX5	P08621
A6NDX5	Q80W68
A6NDX5	Q3U7R1
A6NDX5	Q80XQ2
A6NDX5	Q6AY21
A6NDX5	Q68CZ2
A6NDX5	Q8NCN4
A6NDX5	Q8IVF2
A6NDX5	Q06481
A6NDX5	P35637
A6NDX5	Q96JP5
A6NDX5	Q6PGC1
A6NDX5	Q4V8C7
A6NDX5	Q91YE5
A6NDX5	Q92618
A6NDX5	Q96T23
A6NDX5	Q14527
A6NDX5	Q925T6
A6NDX5	Q9Z2X1
A6NDX5	Q794E4
A6NDX5	Q8C110
A6NDX5	Q64096
A6NDX5	P97350
A6NDX5	Q3UPH7
A6NDX5	Q9CQ73
A6NDX5	Q8VD37
A6NDX5	Q8R4B8
A6NDX5	Q9BXL7
A6NDX5	Q8VFK6
A6NDX5	O88685
A6NDX5	Q3KRD5
A6NDX5	Q8IWZ8
A6NDX5	Q9Y573
A6NDX5	Q6PAL8
A6NDX5	Q2M1Z3
A6NDX5	Q61043
A6NDX5	Q8C033
A6NDX5	Q4G038
A6NDX5	Q9UIF8
A6NDX5	Q80UZ0
A6NDX5	O75177
A6NDX5	Q8BP47
A6NDX5	Q6ZPE2
A6NDX5	O15211
A6NDX5	Q9HCU4
A6NDX5	O14827
A6NDX5	Q8VG42
A6NDX5	O95405
A6NDX5	Q01638
A6NDX5	Q9BR61
A6NDX5	Q9Y2K3
A6NDX5	Q16825
A6NDX5	P35555
A6NDX5	Q92784
A6NDX5	P58269
A6NDX5	Q9NUP1
A6NDX5	O15020
A6NDX5	Q922H1
A6NDX5	Q12913
A6NDX5	Q08043
A6NDX5	Q7M4L6
A6NDX5	P84103
A6NDX5	P84104
A6NDX5	Q0ZFS8
A6NDX5	Q9H7D0
A6NDX5	Q14324
A6NDX5	Q9Z2J4
A6NDX5	Q9Y4G2
A6NDX5	Q9DBR4
A6NDX5	P21956
A6NDX5	P14314
A6NDX5	P62492
A6NDX5	P62491
A6NDX5	P62494
A6NDX5	Q15072
A6NDX5	Q8VDU0
A6NDX5	O75923
A6NDX5	P10922
A6NDX5	Q62420
A6NDX5	O35179
A6NDX5	Q4KLH4
A6NDX5	Q9D2F8
A6NDX5	Q8TAT5
A6NDX5	Q9UBF8
A6NDX5	P36373
A6NDX5	Q03386
A6NDX5	G3X8Y1
A6NDX5	Q8N309
A6NDX5	Q0VEE6
A6NDX5	Q86VW0
A6NDX5	O60883
A6NDX5	Q9C0E4
A6NDX5	A6H8M9
A6NDX5	Q9BSL1
A6NDX5	B9EJ80
A6NDX5	Q6NXT1
A6NDX5	Q8NH50
A6NDX5	Q9Y5I1
A6NDX5	P55316
A6NDX5	Q6P280
A6NDX5	E9PAI8
A6NDX5	Q504Y2
A6NDX5	O75443
A6NDX5	P50636
A6NDX5	Q8K4P8
A6NDX5	Q9Z172
A6NDX5	Q07424
A6NDX5	P21836
A6NDX5	Q7TQI7
A6NDX5	Q7Z3H4
A6NDX5	Q9JKY0
A6NDX5	Q5PQL2
A6NDX5	Q92600
A6NDX5	Q8NFH8
A6NDX5	Q9BV47
A6NDX5	Q3TY86
A6NDX5	Q9D6K7
A6NDX5	Q9UM63
A6NDX5	Q9D710
A6NDX5	Q91XC0
A6NDX5	Q9H116
A6NDX5	Q6ZSS3
A6NDX5	Q9H3S1
A6NDX5	P03952
A6NDX5	P62046
A6NDX5	P17097
A6NDX5	P07306
A6NDX5	P58180
A6NDX5	Q86SR1
A6NDX5	Q8JZM8
A6NDX5	Q96FE7
A6NDX5	P27545
A6NDX5	O35608
A6NDX5	Q9BXN2
A6NDX5	Q9WUH5
A6NDX5	Q9EP73
A6NDX5	Q96GW7
A6NDX5	Q9WV92-7
A6NDX5	Q6T5E7
A6NDX5	Q5VTB9
A6NDX5	Q13574-1
A6NDX5	Q91V17
A6NDX5	Q8ND25
A6NDX5	D3ZIQ9
A6NDX5	Q9P2K5
A6NDX5	Q8CDU6
A6NDX5	Q80U57
A6NDX5	Q9QYL7
A6NDX5	Q9HCU5
A6NDX5	Q6DIB5
A6NDX5	Q9H2W2
A6NDX5	P59923
A6NDX5	Q92824
A6NDX5	Q9JI91
A6NDX5	Q9Z321
A6NDX5	O60306
A6NDX5	Q14929
A6NDX5	O55165
A6NDX5	Q9R049
A6NDX5	P30989
A6NDX5	Q9HC10
A6NDX5	Q03157
A6NDX5	O14796
A6NDX5	Q9NTN9
A6NDX5	Q01538
A6NDX5	Q8TDW7
A6NDX5	Q8NCF5
A6NDX5	Q61191
A6NDX5	A2AFR3
A6NDX5	Q05D32
A6NDX5	Q96HA7
A6NDX5	Q99NG0
A6NDX5	Q8N1V2
A6NDX5	P34971
A6NDX5	Q8TEY7
A6NDX5	Q9C019
A6NDX5	Q8R555
A6NDX5	Q8CFG8
A6NDX5	Q9WTP7
A6NDX5	Q14678
A6NDX5	Q99P84
A6NDX5	Q80XL6
A6NDX5	Q66JW3
A6NDX5	Q9NSD9
A6NDX5	A2AH22
A6NDX5	Q8NE31
A6NDX5	Q96JH8
A6NDX5	Q9H845
A6NDX5	Q7Z6J2
A6NDX5	Q9P2M4
A6NDX5	P01817
A6NDX5	Q63155
A6NDX5	Q61985
A6NDX5	O35867
A6NDX5	Q5BJP4
A6NDX5	Q14498-2
A6NDX5	Q8BSM5
A6NDX5	Q9HCM4
A6NDX5	P97952
A6NDX5	P08138
A6NDX5	Q9CQ49
A6NDX5	B1WC40
A6NDX5	Q6IMN6
A6NDX5	O95297-3
A6NDX5	Q8R4H2
A6NDX5	P02452
A6NDX5	Q5SW75
A6NDX5	P20309
A6NDX5	Q62445
A6NDX5	Q9P1Y6
A6NDX5	Q63081
A6NDX5	P22561
A6NDX5	Q3B7Z2
A6NDX5	Q9Z2D6
A6NDX5	P22893
A6NDX5	P29374
A6NDX5	P55201
A6NDX5	Q9WV92
A6NDX5	P48736
A6NDX5	Q63994
A6NDX5	P15379
A6NDX5	O08623
A6NDX5	Q9R237
A6NDX5	P14780
A6NDX5	P18359
A6NDX5	Q32MK0
A6NDX5	Q8BWD8
A6NDX5	Q8JH94
A6NDX5	Q7YSG7
A6NDX5	Q91YR1
A6NDX5	Q5XIS9
A6NDX5	O35832
A6NDX5	Q07002
A6NDX5	Q69Z98
A6NDX5	Q13555
A6NDX5	O08530
A6NDX5	O76039
A6NDX5	P41743
A6NDX5	P33534
A6NDX5	Q02399
A6NDX5	Q03114
A6NDX5	P49615
A6NDX5	Q00535
A6NDX5	Q9Z2B9
A6NDX5	P35546
A6NDX5	O00141
A6NDX5	A2CG49
A6NDX5	P30530
A6NDX5	P15304
A6NDX5	P59241
A6NDX5	P78324
A6NDX5	P25095
A6NDX5	NP_999337
A6NDX5	Q13309
A6NDX5	Q62120
A6NDX5	O60716
A6NDX5	Q09470
A6NDX5	Q14435
A6NDX5	Q13459
A6NDX5	Q8K558
A6NDX5	O75051
A6NDX5	Q80T21
A6NDX5	Q3TLR7
A6NDX5	P05156
A6NDX5	G5E870
A6NDX5	P09629
A6NDX5	Q01167
A6NDX5	Q924X6
A6NDX5	O09114
A6NDX5	Q5U651
A6NDX5	O54864
A6NDX5	P61957
A6NDX5	P61959
A6NDX5	P61956
A6NDX5	Q8TF20
A6NDX5	Q9BQ67
A6NDX5	Q8VGY4
A6NDX5	O35161
A6NDX5	A2AP18
A6NDX5	Q9D0J4
A6NDX5	Q6UXH8
A6NDX5	P08173
A6NDX5	Q9R1C6
A6NDX5	Q9CQM9
A6NDX5	O00463
A6NDX5	Q8NAG6
A6NDX5	Q8VHV7
A6NDX5	Q96FL9
A6NDX5	Q96PQ6
A6NDX5	Q9JKS6
A6NDX5	Q9WUU7
A6NDX5	Q9Z2P5
A6NDX5	Q2KN99
A6NDX5	Q9ULD5
A6NDX5	Q9UP65
A6NDX5	Q6ZRS2
A6NDX5	Q8BGU2
A6NDX5	Q5BKC6
A6NDX5	Q8BMP4
A6NDX5	O95633
A6NDX5	Q9H156
A6NDX5	Q9R233
A6NDX5	Q63269
A6NDX5	Q8BWA5
A6NDX5	NP_001011779
A6NDX5	Q9H9S0
A6NDX5	P05161
A6NDX5	Q8VEZ3
A6NDX5	P61214
A6NDX5	P40617
A6NDX5	P61213
A6NDX5	Q6UW56
A6NDX5	P23759
A6NDX5	O43307
A6NDX5	Q99653
A6NDX5	Q9NS18
A6NDX5	XP_001080881
A6NDX5	EDM08856
A6NDX5	Q5W0U4
A6NDX5	O95620
A6NDX5	Q92800
A6NDX5	Q02765
A6NDX5	Q5ZPR3
A6NDX5	Q9UMS4
A6NDX5	Q99KP6
A6NDX5	Q9JMJ4
A6NDX5	Q5T8D3-3
A6NDX5	Q86TM6
A6NDX5	Q8R2U0
A6NDX5	Q7RTP6
A6NDX5	Q02284
A6NDX5	Q9JI08
A6NDX5	Q9UBB5
A6NDX5	Q8K3F2
A6NDX5	Q8K1S1
A6NDX5	Q7L622
A6NDX5	Q9JHI8
A6NDX5	G3UXC7
A6NDX5	G3V8N1
A6NDX5	Q8BMU0
A6NDX5	Q8TAE7
A6NDX5	Q5NBU5
A6NDX5	Q9D7H2
A6NDX5	Q8BJ48
A6NDX5	F1LWZ8
A6NDX5	Q96PV7
A6NDX5	A8MUZ8
A6NDX5	P37889
A6NDX5	Q63870
A6NDX5	Q9D4C9
A6NDX5	Q9Z1L4
A6NDX5	G3UVU7
A6NDX5	Q9UJU5
A6NDX5	Q29980
A6NDX5	Q6ZS11
A6NDX5	Q8R023
A6NDX5	Q8VES2
A6NDX5	Q3U827
A6NDX5	Q8NGL3
A6NDX5	Q9BQT8
A6NDX5	Q15700-4
A6NDX5	Q6P9G9
A6NDX5	Q8BWP5
A6NDX5	Q8N9Z0
A6NDX5	P18337
A6NDX5	Q8K209
A6NDX5	Q96G91
A6NDX5	Q9NX52
A6NDX5	Q9DBB9
A6NDX5	Q99ML0
A6NDX5	Q96R67
A6NDX5	P35279
A6NDX5	P20340
A6NDX5	Q8IWL1
A6NDX5	Q8NDA2
A6NDX5	P54313
A6NDX5	P62880
A6NDX5	P62879
A6NDX5	D3ZQW5
A6NDX5	Q9H3S3
A6NDX5	Q9D4H9
A6NDX5	Q6A051
A6NDX5	D4AE76
A6NDX5	Q812B4
A6NDX5	Q8WUK0
A6NDX5	B1AQJ2
A6NDX5	Q8N6D5
A6NDX5	Q6AZZ1
A6NDX5	Q9H2L5
A6NDX5	Q99LW0
A6NDX5	Q16586
A6NDX5	Q9BYV2
A6NDX5	Q8N446
A6NDX5	Q86YI8
A6NDX5	Q8NH63
A6NDX5	Q9ULU4-6
A6NDX5	G5E8C8
A6NDX5	Q7TRW1
A6NDX5	Q66X24
A6NDX5	Q12923-3
A6NDX5	Q9Y5E9
A6NDX5	P10820
A6NDX5	Q810A3
A6NDX5	Q9JK53
A6NDX5	A2ALW2
A6NDX5	Q8BMC3
A6NDX5	Q9D0B1
A6NDX5	B2RD01
A6NDX5	P17021
A6NDX5	P05977
A6NDX5	Q6HA09
A6NDX5	Q61482
A6NDX5	Q8CHG1
A6NDX5	Q96N46-3
A6NDX5	O60462-5
A6NDX5	Q03923
A6NDX5	O70237
A6NDX5	Q8IVI9-4
A6NDX5	Q9WVB3
A6NDX5	Q8BW96-2
A6NDX5	P11464-4
A6NDX5	P22437
A6NDX5	Q6P9F5-2
A6NDX5	NP_001178684
A6NDX5	NP_828866
A6NDX5	Q8VD37-3
A6NDX5	Q14BX6
A6NDX5	A2AL36
A6NDX5	P07477
A6NDX5	Q5U2X5
A6NDX5	P24347
A6NDX5	Q66HE5
A6NDX5	NP_001097785
A6NDX5	XP_001066426
A6NDX5	B0V2P5
A6NDX5	P62828
A6NDX5	P62826
A6NDX5	P62827
A6NDX5	Q9CXF7
A6NDX5	Q7RTY8
A6NDX5	Q63207
A6NDX5	Q4KM73
A6NDX5	NP_001101055
A6NDX5	Q6TUE6
A6NDX5	Q8BRG9
A6NDX5	P63129
A6NDX5	Q3U3I9
A6NDX5	P68032
A6NDX5	P68033
A6NDX5	P68035
A6NDX5	Q8VCH2
A6NDX5	Q9CWD3
A6NDX5	Q9JL56
A6NDX5	BAA95099
A6NDX5	NP_001101635
A6NDX5	Q8C4P0
A6NDX5	Q61033
A6NDX5	P35419
A6NDX5	Q99LY2
A6NDX5	Q8CGV5
A6NDX5	Q8VC90
A6NDX5	P50876
A6NDX5	Q1RP74
A6NDX5	P58405
A6NDX5	Q8C432
A6NDX5	A0A1W2PPG7
A6NDX5	A6NMT0
A6NDX5	Q01621
A6NDX5	B9EKF4
A6NDX5	P20786
A6NDX5	D4A539
A6NDX5	Q86YA3
A6NDX5	Q9R1R4
A6NDX5	Q8NGT0
A6NDX5	Q96HL8
A6NDX5	Q5U214
A6NDX5	Q7Z3T1
A6NDX5	F1M324
A6NDX5	P0CB38
A6NDX5	Q8IX05
A6NDX5	Q8TEU8
A6NDX5	O95948
A6NDX5	Q8N162
A6NDX5	Q9Y5E7
A6NDX5	O95371
A6NDX5	P17014-4
A6NDX5	Q00444
A6NDX5	P13591-3
A6NDX5	Q5HZY2
A6NDX5	O76050
A6NDX5	Q14203-2
A6NDX5	O43745
A6NDX5	XP_001061797
A6NDX5	O95696-2
A6NDX5	Q7L0X0
A6NDX5	Q8CJ11
A6NDX5	Q8R456
A6NDX5	P30938
A6NDX5	P01850
A6NDX5	Q6PAM4
A6NDX5	O35881
A6NDX5	Q4KLH9
A6NDX5	Q8TC84
A6NDX5	NP_001159816
A6NDX5	Q9BPW5
A6NDX5	Q96RD2
A6NDX5	Q9H339
A6NDX5	Q8NDN9
A6NDX5	Q8NGF3
A6NDX5	Q8NG83
A6NDX5	Q9UGF5
A6NDX5	Q6EEV6
A6NDX5	Q99678
A6NDX5	Q9GZM6
A6NDX5	Q61090
A6NDX5	Q8NGD4
A6NDX5	Q15761
A6NDX5	Q6PDN1
A6NDX5	A0A1W2PQ72
A6NDX5	Q05928
A6NDX5	Q3I5G5
A6NDX5	NP_001159826
A6NDX5	P0CG00
A6NDX5	Q9H2Z4
A6NDX5	A2AUR7
A6NDX5	Q8TBJ5
A6NDX5	NP_604454
A6NDX5	O43908
A6NDX5	Q574D7
A6NDX5	B5DF45
A6NDX5	H7C0J3
A6NDX5	D4A917
A6NDX5	P18708
A6NDX5	Q14213
A6NDX5	O75147-2
A6NDX5	Q7TNL9
A6NDX5	Q9Z309
A6NDX5	Q5T4I8
A6NDX5	Q767I4
A6NDX5	Q5QD08
A6NDX5	Q8CJ26
A6NDX5	Q3UF64
A6NDX5	P35233-2
A6NDX5	O14511-5
A6NDX5	Q7TNU5
A6NDX5	P08319-2
A6NDX5	Q7M6Z3
A6NDX5	Q96KK5
A6NDX5	Q99878
A6NDX5	Q9WTQ2
A6NDX5	Q3TPQ7
A6NDX5	Q60654
A6NDX5	Q9H106
A6NDX5	D3ZHI6
A6NDX5	F8VPJ8
A6NDX5	F7F1N8
A6NDX5	P63322
A6NDX5	P11233
A6NDX5	P63321
A6NDX5	Q0ZUP0
A6NDX5	Q96E66-6
A6NDX5	Q9C0J8-2
A6NDX5	Q8VGN0
A6NDX5	Q7TRW3
A6NDX5	Q96QB1-6
A6NDX5	Q9D676
A6NDX5	G3V7K9
A6NDX5	P02600-2
A6NDX5	D3ZC81
A6NDX5	Q13239-5
A6NDX5	Q15233-2
A6NDX5	P35248
A6NDX5	Q5XIL8
A6NDX5	D3ZXQ0
A6NDX5	Q6KC51
A6NDX5	O35964
A6NDX5	Q810D1
A6NDX5	Q8IYB5-2
A6NDX5	P0CW18
A6NDX5	A6NIX2
A6NDX5	NP_001000983
A6NDX5	Q5BK28
A6NDX5	Q8WXA3-4
A6NDX5	D4AA06
A6NDX5	Q8WW22-2
A6NDX5	Q8CGN4-4
A6NDX5	D3ZTX5
A6NDX5	Q68FX4
A6NDX5	Q2WEA5
A6NDX5	Q4TU93
A6NDX5	P20417
A6NDX5	Q9HBG6-7
A6NDX5	P23141-3
A6NDX5	P63013-2
A6NDX5	Q9P2R3-2
A6NDX5	Q15435-2
A6NDX5	Q8K4G6
A6NDX5	P97675
A6NDX5	Q6ZMZ0-2
A6NDX5	Q5M9G4
A6NDX5	Q9NZM1-2
A6NDX5	O43390-2
A6NDX5	P02698
A6NDX5	O95793-3
A6NDX5	Q96NN9-2
A6NDX5	Q76LX8-3
A6NDX5	Q9BZA7-6
A6NDX5	Q8JZZ5
A6NDX5	Q8VGX5
A6NDX5	Q4KM31
A6NDX5	D4ABR1
A6NDX5	Q66HG6
A6NDX5	Q8NEY8-5
A6NDX5	O75369-8
A6NDX5	Q6AY16
A6NDX5	D4A4T0
A6NDX5	D3ZKG7
A6NDX5	Q62059-2
A6NDX5	D4ABZ3
A6NDX5	D3ZBT4
A6NDX5	F1LS93
A6NDX5	Q8VFN4
A6NDX5	Q60880
A6NDX5	D3Z9I3
A6NDX5	D3ZEF1
A6NDX5	M3ZCP6
A6NDX5	P38159-2
A6NDX5	Q9HCD6-2
A6NDX5	Q4W5Z4
A6NDX5	F1M771
A6NDX5	Q6H8Q1-3
A6NDX5	Q6ZQY2
A6NDX5	D4A346
A6NDX5	D3ZW62
A6NDX5	Q58A65-3
A6NDX5	A6NKD2
A6NDX5	P11940-2
A6NDX5	P51159-2
A6NDX5	Q4G0J3-2
A6NDX5	D3ZC34
A6NDX5	Q9H3Z4-2
A6NDX5	P55201-4
A6NDX5	Q8NAT2-1
A6NDX5	E9Q1T6
A6NDX5	Q13905-2
A6NDX5	D3Z8C5
A6NDX5	P54819-2
A6NDX5	Q96L73-3
A6NDX5	Q9HBY8-3
A6NDX5	Q14247-2
A6NDX5	Q9H8V3-2
A6NDX5	Q9UQL6-2
A6NDX5	O14974-4
A6NDX5	Q80TY0-4
A6NDX5	Q5VZK9-4
A6NDX5	P14429
A6NDX5	Q96JN8-2
A6NDX5	P30622-1
A6NDX5	M0RAM1
A6NDX5	Q9DAH2
A6NDX5	P30281-4
A6NDX5	Q6ZN18-3
A6NDX5	O94988-6
A6NDX5	Q5XUX1-2
A6NDX5	Q9H334-2
A6NDX5	P13942-9
A6NDX5	Q14315-2
A6NDX5	O43439-2
A6NDX5	B3DM89
A6NDX5	A5D7A0
A6NDX5	F1MH24
A6NDX5	E1BNY9
A6NDX5	Q5BIR3
A6NDX5	F1MY44
A6NDX5	Q9BQ16-1
A6NDX5	Q01844-5
A6NDX5	Q3Y597
A6NDX5	P29350-3
A6NDX5	P0C0K5
A6NDX5	A6QL64-4
A6NDX5	Q6AYT2
A6NDX5	Q7TSY4
A6NDX5	Q8CH34
A6NDX5	Q3KR54
A6NDX5	P18866
A6NDX5	P56499
A6NDX5	Q5I0E8
A6NDX5	P36198
A6NDX5	O08727
A6NDX5	O70420
A6NDX5	Q4V8C9
A6NDX5	D3ZTD8
A6NDX5	Q8VEY3
A6NDX5	Q02955
A6NDX5	Q9QYH1
A6NDX5	Q9H3U7-2
A6NDX5	Q96EB1-2
A6NDX5	Q9BRR9-2
A6NDX5	P56559-2
A6NDX5	O00421-2
A6NDX5	A0A0A0MRZ9
A6NDX5	O75144-2
A6NDX5	A0A075B6J1
A6NDX5	Q499Q1
A6NDX5	P54578-2
A6NDX5	A0A0G2JVD9
A6NDX5	A0A0C4DH59
A6NDX5	F7F3I7
A6NDX5	F1LZ52
A6NDX5	A0A075B6R2
A6NDX5	D4A8N7
A6NDX5	Q71SY5-4
A6NDX5	A0A1W2PQS6
A6NDX5	Q9JJ03
A6NDX5	Q8VHD8
A6NDX5	A0A0B4J240
A6NDX5	Q861Q1
A6NDX5	D4ACX5
A6NDX5	O08954
A6NDX5	O88422
A6NDX5	Q5BK65
A6NDX5	M0R5D6
A6NDX5	Q66H68
A6NDX5	O08656
A6NDX5	Q7TNJ7
A6NDX5	Q5PQS4
A6NDX5	Q3B725
A6NDX5	P0C6P7
A6NDX5	Q9UK73
A6NDX5	Q9Z2G0
A6NDX5	D3ZTX0
A6NDX5	Q715S9
A6NDX5	D3ZVP7
A6NDX5	A0JPQ9
A6NDX5	Q62632
A6NDX5	A0A087WT03
A6NDX5	A0A096LP39
A6NDX5	Q9QX27
A6NDX5	O88766
A6NDX5	XP_038956408
A6NDX5	NP_001075878
A6NDX5	XP_237855
A6NDX5	D4A1U5
A6NDX5	XP_006236891
A6NDX5	Q9QZQ8
A6NDX5	E9QPR7
A6NDX5	P51878-5
A6NDX5	Q9BX59-7
A6NDX5	Q8TF20-2
A6NDX5	P00973-3
A6NDX5	Q9BQI5-3
A6NDX5	D3ZZV5
A6NDX5	K7N6K2
A6NDX5	Q3KR95
A6NDX5	Q5XI80
A6NDX5	Q924I3
A6NDX5	AAK27843
A6NDX5	Q91YQ1
A6NDX5	Q5R212
A6NDX5	P63073
A6NDX5	P63074
A6NDX5	P25942
A6NDX5	A2ASS6
A6NDX5	Q9D8Z1
A6NDX5	Q9BXJ2
A6NDX5	Q8CCJ9
A6NDX5	Q8UWG6
A6NDX5	Q8C170
A6NDX5	Q3TYA6
A6NDX5	D4A3V5
A6NDX5	NP_001100045
A6NDX5	F1LXJ9
A6NDX5	NP_001101659
A6NDX5	Q80XP9
A6NDX5	O94830
A6NDX5	O88550
A6NDX5	D3ZUE4
A6NDX5	D3ZUY8
A6NDX5	NP_001100828
A6NDX5	XP_002728775
A6NDX5	Q63484
A6NDX5	D3ZWS0
A6NDX5	P53668
A6NDX5	Q60823
A6NDX5	Q9ERE3
A6NDX5	K7NAQ4
A6NDX5	Q9Z0H0
A6NDX5	Q6ZWJ1
A6NDX5	O60285
A6NDX5	P21709
A6NDX5	O00743
A6NDX5	Q64716
A6NDX5	Q13308
A6NDX5	Q7TNL7
A6NDX5	Q6TLK4
A6NDX5	G3X922
A6NDX5	Q14112
A6NDX5	Q8CFC7
A6NDX5	Q63767
A6NDX5	Q15139
A6NDX5	Q08122
A6NDX5	Q9ULC8
A6NDX5	Q9H329-2
A6NDX5	Q96KN7
A6NDX5	Q60875
A6NDX5	Q9Y2I7
A6NDX5	Q92609
A6NDX5	Q8BHK9
A6NDX5	Q01954
A6NDX5	Q99JZ7
A6NDX5	Q8WZ73
A6NDX5	O35245
A6NDX5	Q96L91
A6NDX5	Q62234
A6NDX5	P04004
A6NDX5	Q8K327
A6NDX5	P06802
A6NDX5	Q8R0S2
A6NDX5	O75569
A6NDX5	Q69ZN7
A6NDX5	Q6PIX5
A6NDX5	Q8BZH4
A6NDX5	Q9Y3R0
A6NDX5	Q9H5Y7
A6NDX5	P61073
A6NDX5	O15068
A6NDX5	Q9BXJ3
A6NDX5	Q3V1N1
A6NDX5	Q9NZQ3-3
A6NDX5	Q99959
A6NDX5	Q99873
A6NDX5	Q9JIF0
A6NDX5	Q96P20
A6NDX5	Q8NGP4
A6NDX5	O08675
A6NDX5	Q9CYG7
A6NDX5	Q9NZT1
A6NDX5	P02463
A6NDX5	P15385
A6NDX5	Q8K1H1
A6NDX5	Q8VDM1
A6NDX5	O15013
A6NDX5	Q6P5E6
A6NDX5	Q9BRR9
A6NDX5	Q6ZNL6
A6NDX5	P55066
A6NDX5	O43776
A6NDX5	O15084
A6NDX5	P19070
A6NDX5	P20023
A6NDX5	Q8WZ94
A6NDX5	Q13948
A6NDX5	O08665
A6NDX5	Q8IWK6
A6NDX5	Q9Y6X6
A6NDX5	Q6P1C6
A6NDX5	Q52M93
A6NDX5	Q7TT79
A6NDX5	P0C0S6
A6NDX5	P0C0S7
A6NDX5	P0C0S5
A6NDX5	Q5ZMD6
A6NDX5	Q13023
A6NDX5	Q3UMT1
A6NDX5	O60678
A6NDX5	Q96C24
A6NDX5	P98198
A6NDX5	O19442
A6NDX5	Q9UL68
A6NDX5	P51523
A6NDX5	P51153
A6NDX5	Q7TPW1
A6NDX5	Q921F2
A6NDX5	Q8QZS1
A6NDX5	Q6IQ16
A6NDX5	Q08431
A6NDX5	Q3UQN2
A6NDX5	Q9BR39
A6NDX5	Q96IG2
A6NDX5	Q9CZV8
A6NDX5	P07305
A6NDX5	P28300
A6NDX5	Q99962
A6NDX5	Q8IZJ1
A6NDX5	Q8WXF1
A6NDX5	Q14DN9
A6NDX5	Q9H1K0
A6NDX5	Q9BYV6
A6NDX5	Q5FWF4
A6NDX5	Q9HCJ3
A6NDX5	Q0D2K5
A6NDX5	Q9UF12
A6NDX5	Q78JW9
A6NDX5	Q86XW9-2
A6NDX5	Q9Z1Z9
A6NDX5	Q496Y0
A6NDX5	Q8NEN9
A6NDX5	Q9CQ84
A6NDX5	Q9P283
A6NDX5	Q9D7L8
A6NDX5	P20718
A6NDX5	Q91XX2
A6NDX5	Q9Y4L5
A6NDX5	Q6ECI4
A6NDX5	P17612-2
A6NDX5	Q96NI6
A6NDX5	Q8BSV3
A6NDX5	Q17RG1
A6NDX5	Q8N680
A6NDX5	Q9NV58
A6NDX5	Q76N89
A6NDX5	Q62191
A6NDX5	P55854
A6NDX5	O14627
A6NDX5	Q8BX22
A6NDX5	Q9D700
A6NDX5	Q63111
A6NDX5	Q96NN9
A6NDX5	Q6PID6
A6NDX5	Q9Y320
A6NDX5	Q96IF1
A6NDX5	Q9GZZ0
A6NDX5	Q8NB42
A6NDX5	Q9Y2L9
A6NDX5	O43581
A6NDX5	P29120
A6NDX5	P52740
A6NDX5	B2RXS4
A6NDX5	Q99102
A6NDX5	Q9WV08
A6NDX5	Q5VWW1
A6NDX5	Q9ESN4
A6NDX5	Q6PGB8
A6NDX5	O15123
A6NDX5	Q91X79
A6NDX5	E9Q1A5
A6NDX5	Q9UDY6
A6NDX5	Q99JA4
A6NDX5	O08850
A6NDX5	Q61088
A6NDX5	Q9CSP9
A6NDX5	Q8BZ20
A6NDX5	Q5ND34
A6NDX5	P97432
A6NDX5	Q8BZQ2
A6NDX5	Q5U5R9
A6NDX5	Q9UJD0
A6NDX5	Q9ULW3
A6NDX5	Q8K2R5
A6NDX5	Q9ULB4
A6NDX5	Q96KG7
A6NDX5	Q9JLF7
A6NDX5	Q3UM89
A6NDX5	P35609
A6NDX5	Q6NXG1
A6NDX5	Q9DCN1
A6NDX5	Q9R045
A6NDX5	Q12901
A6NDX5	Q68DU8
A6NDX5	O35066
A6NDX5	O88834
A6NDX5	P60755
A6NDX5	Q9R0X5
A6NDX5	P18572
A6NDX5	O60353
A6NDX5	Q14CM0
A6NDX5	A2AE21
A6NDX5	Q0V8T9
A6NDX5	Q63HK3
A6NDX5	O35709
A6NDX5	Q2V9T0
A6NDX5	Q9H7P9
A6NDX5	P43142
A6NDX5	Q80Y98
A6NDX5	Q9D6K5
A6NDX5	P09871
A6NDX5	Q9UIJ7
A6NDX5	Q16881-3
A6NDX5	Q709F0
A6NDX5	Q96EP5
A6NDX5	O94900
A6NDX5	Q5Y5T2
A6NDX5	Q9C0C7
A6NDX5	Q8JZN5
A6NDX5	Q95N27
A6NDX5	Q8R5F8
A6NDX5	A2A8Z1
A6NDX5	Q59EY7
A6NDX5	Q7TN74
A6NDX5	Q5HYI8
A6NDX5	Q8WWW8
A6NDX5	Q70EK9
A6NDX5	Q07699
A6NDX5	Q9NZN5
A6NDX5	Q8TEW8
A6NDX5	P42337
A6NDX5	A0A0G2K344
A6NDX5	Q8WXI2
A6NDX5	O70445
A6NDX5	Q92538
A6NDX5	Q02446
A6NDX5	Q922R8
A6NDX5	P19544
A6NDX5	P97814
A6NDX5	P20273
A6NDX5	P22059
A6NDX5	Q80ZE3
A6NDX5	O08529
A6NDX5	P51608
A6NDX5	P26651
A6NDX5	Q921U8
A6NDX5	Q9Y2J2
A6NDX5	Q9Z1L0
A6NDX5	P16070
A6NDX5	Q13501
A6NDX5	Q9WVI9
A6NDX5	P43252
A6NDX5	Q9UPN9
A6NDX5	Q9ESU6
A6NDX5	Q08369
A6NDX5	Q6ZWZ2
A6NDX5	Q712K3
A6NDX5	NP_001121045
A6NDX5	Q08170
A6NDX5	P63085
A6NDX5	P63086
A6NDX5	Q6PGN3
A6NDX5	P10686
A6NDX5	Q9BXU1
A6NDX5	Q9BWU1
A6NDX5	Q07954
A6NDX5	Q8CJH2
A6NDX5	Q6Y5E2
A6NDX5	Q8BGD9
A6NDX5	P46892
A6NDX5	Q8IWQ3
A6NDX5	O08796
A6NDX5	Q9JI10
A6NDX5	Q9JHK1
A6NDX5	Q91YA2
A6NDX5	P08913
A6NDX5	P26618
A6NDX5	P07949
A6NDX5	P48025
A6NDX5	Q9QVP9
A6NDX5	Q16513
A6NDX5	Q13291
A6NDX5	Q9Z1M4
A6NDX5	Q96RR4
A6NDX5	P30556
A6NDX5	Q9R019
A6NDX5	Q5EG47
A6NDX5	P78406
A6NDX5	Q62137
A6NDX5	Q9UQF2
A6NDX5	O43818
A6NDX5	P40692
A6NDX5	Q8BSQ9
A6NDX5	G3V8S2
A6NDX5	Q99715
A6NDX5	O15519
A6NDX5	P16546
A6NDX5	Q810D6
A6NDX5	Q3TD16
A6NDX5	D3ZYS7
A6NDX5	P02565
A6NDX5	Q3MI99
A6NDX5	Q9NPF0
A6NDX5	Q6UWR7
A6NDX5	Q9DBY5
A6NDX5	Q01955
A6NDX5	Q6DHY5
A6NDX5	A6NDS4
A6NDX5	Q62889
A6NDX5	Q8BVG5
A6NDX5	Q5FVC2
A6NDX5	Q53GT1
A6NDX5	Q8WUU4
A6NDX5	Q9H306
A6NDX5	Q8K482
A6NDX5	Q9Z1Y3
A6NDX5	O94875-2
A6NDX5	Q5PQN5
A6NDX5	Q80VJ4
A6NDX5	P56975
A6NDX5	Q5M9G3
A6NDX5	Q58EX2
A6NDX5	Q80TF6
A6NDX5	XP_038955799
A6NDX5	P98087
A6NDX5	Q8C8R3-3
A6NDX5	Q9Y5F8
A6NDX5	Q9EQC7
A6NDX5	P07949-2
A6NDX5	Q810C0
A6NDX5	Q5I0M0
A6NDX5	Q5RJR2
A6NDX5	Q8CFE5
A6NDX5	Q9D8T7
A6NDX5	XP_577604
A6NDX5	B5DFJ1
A6NDX5	D3ZVD7
A6NDX5	D3ZBY3
A6NDX5	NP_001000101
A6NDX5	Q96PJ5
A6NDX5	D3ZPG2
A6NDX5	Q8NC06
A6NDX5	Q3UTH8
A6NDX5	P61022
A6NDX5	P61023
A6NDX5	NP_001395856
A6NDX5	Q923X4
A6NDX5	Q6P3Y5
A6NDX5	Q80YW5
A6NDX5	P43166
A6NDX5	Q32M08
A6NDX5	P16259
A6NDX5	P70351
A6NDX5	Q9EQS9
A6NDX5	Q9DBY1
A6NDX5	Q96EE3-1
A6NDX5	Q7KZI7-14
A6NDX5	Q9BWQ6
A6NDX5	Q13490
A6NDX5	Q9Z2E1
A6NDX5	O75900
A6NDX5	O75473
A6NDX5	A6NDA9
A6NDX5	Q924V1
A6NDX5	D4ADD4
A6NDX5	Q9BPY8-3
A6NDX5	P41149
A6NDX5	P59053
A6NDX5	Q3U2K0
A6NDX5	Q91YL2
A6NDX5	G3V6X1
A6NDX5	Q3V080
A6NDX5	O43707
A6NDX5	Q9UJU6-2
A6NDX5	Q6NZB1
A6NDX5	Q14BI7
A6NDX5	P18825
A6NDX5	Q8HWE5
A6NDX5	Q80UW3
A6NDX5	Q6DLV9
A6NDX5	Q9HC29
A6NDX5	E9Q8X5
A6NDX5	Q8NGG8
A6NDX5	Q86T96
A6NDX5	Q13606
A6NDX5	Q8BZ09
A6NDX5	Q2VIS4
A6NDX5	Q8CB76
A6NDX5	Q9ULL4
A6NDX5	Q17RP2
A6NDX5	Q8ND23
A6NDX5	Q8NGR9
A6NDX5	Q9NYL4
A6NDX5	Q86T13
A6NDX5	Q5TEC3
A6NDX5	O95490-2
A6NDX5	Q9H6Y7
A6NDX5	Q3ULZ2
A6NDX5	Q8NG84
A6NDX5	A2AGA4
A6NDX5	Q9BYE2
A6NDX5	Q9BRP4
A6NDX5	A2AUA4
A6NDX5	Q8N431
A6NDX5	P35242
A6NDX5	Q149M9
A6NDX5	P54311
A6NDX5	P62874
A6NDX5	P62873
A6NDX5	Q9ER04
A6NDX5	Q6PHZ2-5
A6NDX5	Q8K4T3
A6NDX5	Q6ZPK7
A6NDX5	A2A8R0
A6NDX5	Q8VFA9
A6NDX5	Q8N954-2
A6NDX5	Q3TV65
A6NDX5	Q9NXR5
A6NDX5	Q9JM99
A6NDX5	Q09FC8
A6NDX5	Q15486
A6NDX5	Q6ZWH5
A6NDX5	Q13304
A6NDX5	Q8K2W6
A6NDX5	Q14119
A6NDX5	P24278
A6NDX5	D3Z3B8
A6NDX5	Q96DA2
A6NDX5	Q8BHC1
A6NDX5	Q0VBD0
A6NDX5	Q3KNE1
A6NDX5	O70220
A6NDX5	Q8N9N7
A6NDX5	P86449
A6NDX5	Q9DAP3
A6NDX5	Q0VDN8
A6NDX5	Q92563
A6NDX5	Q13275
A6NDX5	E9PYP2
A6NDX5	A2ANX9
A6NDX5	G3X952
A6NDX5	Q3URR7
A6NDX5	Q3U2E2
A6NDX5	P80511
A6NDX5	I0B5S6
A6NDX5	Q3UTF9
A6NDX5	Q5I0X7
A6NDX5	P0CG38
A6NDX5	P47881
A6NDX5	Q15063-5
A6NDX5	Q9DAN1
A6NDX5	Q9Y5E5
A6NDX5	A8MXY4
A6NDX5	P47887
A6NDX5	Q9H808
A6NDX5	Q1EG90
A6NDX5	Q05DE1
A6NDX5	P23219
A6NDX5	Q69AB2-2
A6NDX5	J3QP53
A6NDX5	NP_828867
A6NDX5	Q8VD37-4
A6NDX5	P13762
A6NDX5	Q7TR45
A6NDX5	P10608
A6NDX5	Q8C5W4
A6NDX5	P00762
A6NDX5	Q9Z0I5
A6NDX5	Q4V8B4
A6NDX5	Q61559
A6NDX5	Q6P6R2
A6NDX5	Q9HB75
A6NDX5	D3ZQN8
A6NDX5	XP_001058513
A6NDX5	XP_001067699
A6NDX5	D4ACG6
A6NDX5	Q09XV5-2
A6NDX5	P23141
A6NDX5	Q6AY61
A6NDX5	Q6XDA0
A6NDX5	XP_001063728
A6NDX5	I6LBX0
A6NDX5	F1M885
A6NDX5	Q5XIN1
A6NDX5	P97846
A6NDX5	O60656
A6NDX5	Q13627-2
A6NDX5	P32182
A6NDX5	P63131
A6NDX5	Q9YGC1
A6NDX5	P62425
A6NDX5	P62424
A6NDX5	Q9EPL6
A6NDX5	NP_001032289
A6NDX5	Q8N9F0
A6NDX5	Q8IXY8
A6NDX5	Q07002-3
A6NDX5	Q925F3
A6NDX5	Q9D844
A6NDX5	P14384
A6NDX5	Q9ES67
A6NDX5	Q9WTL3
A6NDX5	O75112-2
A6NDX5	Q9Y5W9
A6NDX5	P52950
A6NDX5	Q5XIK8
A6NDX5	Q8BG15
A6NDX5	A2RUH7
A6NDX5	O08815
A6NDX5	Q5VYY1
A6NDX5	D3ZDX5
A6NDX5	XP_001067706
A6NDX5	O95096
A6NDX5	Q5XIR5
A6NDX5	Q9Y5X0
A6NDX5	F1M9D0
A6NDX5	ENSRNOP00000034336
A6NDX5	G5E8X2
A6NDX5	Q9DCG2
A6NDX5	Q7TQN3
A6NDX5	B1WCA0
A6NDX5	Q6NT32-2
A6NDX5	Q6XBJ3
A6NDX5	P11465
A6NDX5	NP_001101802
A6NDX5	Q8NGD0
A6NDX5	P23275
A6NDX5	Q9ULM2
A6NDX5	P32043
A6NDX5	B5MCN3
A6NDX5	Q9GZM3
A6NDX5	Q05C34
A6NDX5	Q923S6
A6NDX5	Q9D869
A6NDX5	O00635
A6NDX5	Q9DBY4
A6NDX5	P43405-2
A6NDX5	Q6GUG4
A6NDX5	P18292
A6NDX5	Q3MIC8
A6NDX5	Q9QYN8
A6NDX5	P28565
A6NDX5	Q9DAM9
A6NDX5	Q9NQ69
A6NDX5	Q7TQQ9
A6NDX5	Q922H7
A6NDX5	Q8VGW5
A6NDX5	Q6IF42
A6NDX5	Q6NXM2
A6NDX5	E9Q550
A6NDX5	A6NDH6
A6NDX5	Q14AJ9
A6NDX5	P35545
A6NDX5	Q8BYC4
A6NDX5	Q8VH09
A6NDX5	O75084
A6NDX5	Q7TRM6
A6NDX5	XP_001054780
A6NDX5	O70342
A6NDX5	Q9QWY4
A6NDX5	Q7Z2F6
A6NDX5	F1LR72
A6NDX5	A6NK75
A6NDX5	Q9EQM3
A6NDX5	P55266
A6NDX5	O75636
A6NDX5	NP_001099758
A6NDX5	Q5XIP0
A6NDX5	Q9ESP5
A6NDX5	D3YZU5
A6NDX5	Q810U4-3
A6NDX5	XP_001054768
A6NDX5	Q9UKC9
A6NDX5	Q8VGP1
A6NDX5	XP_008765225
A6NDX5	Q9R1E6-2
A6NDX5	Q5DX21-2
A6NDX5	O54952
A6NDX5	D3ZPD6
A6NDX5	O35228
A6NDX5	P0C7M6
A6NDX5	B2RXH8
A6NDX5	Q96NS5
A6NDX5	P01876
A6NDX5	P61077-3
A6NDX5	P05556-5
A6NDX5	Q63158
A6NDX5	Q50LG9
A6NDX5	Q06180-2
A6NDX5	P27811
A6NDX5	Q9NR90
A6NDX5	Q9P1W8
A6NDX5	Q60682
A6NDX5	Q8WXG8
A6NDX5	Q6PIV7
A6NDX5	Q8WUA8
A6NDX5	Q9D701
A6NDX5	P61567
A6NDX5	Q96NS8
A6NDX5	Q95460
A6NDX5	Q91ZN1
A6NDX5	D4A6C5
A6NDX5	F1M3L2
A6NDX5	Q80SZ6
A6NDX5	P36860
A6NDX5	Q62765
A6NDX5	P0DH78
A6NDX5	XP_006221388
A6NDX5	D4A8W2
A6NDX5	Q6UX73-2
A6NDX5	D4A015
A6NDX5	P04439_VAR_D140Y
A6NDX5	Q8IZT6-2
A6NDX5	P29534
A6NDX5	Q925S8
A6NDX5	Q6AYD4
A6NDX5	B7ZKU9
A6NDX5	E9PV38
A6NDX5	Q5U2W5
A6NDX5	Q3MIF2
A6NDX5	Q5XI06
A6NDX5	P22105-1
A6NDX5	Q5I0D6
A6NDX5	Q6DN12-4
A6NDX5	F2YMG0
A6NDX5	Q9UMS6
A6NDX5	Q13813-3
A6NDX5	P15533
A6NDX5	D4ADD3
A6NDX5	Q63HR2-4
A6NDX5	A2CG29
A6NDX5	P51676
A6NDX5	Q76IJ9
A6NDX5	Q60900
A6NDX5	Q63625
A6NDX5	Q32Q55
A6NDX5	Q99KE8
A6NDX5	P34152-9
A6NDX5	Q6PDD0
A6NDX5	P02679-2
A6NDX5	Q4VSW4
A6NDX5	P02462-2
A6NDX5	O75815-3
A6NDX5	O14974-2
A6NDX5	Q8CIY2
A6NDX5	Q6XKD3
A6NDX5	P15529-16
A6NDX5	F1M659
A6NDX5	O43390-3
A6NDX5	F1M9Q1
A6NDX5	Q9C0I9-4
A6NDX5	P23497-2
A6NDX5	D3YU02
A6NDX5	P02693
A6NDX5	P00786
A6NDX5	Q9UHC1-2
A6NDX5	Q00537-2
A6NDX5	Q9HBH9-2
A6NDX5	G3V6L1
A6NDX5	NP_001258325
A6NDX5	Q5BK74
A6NDX5	Q64612
A6NDX5	D3ZZN9
A6NDX5	NP_001000475
A6NDX5	M0R432
A6NDX5	D3ZR02
A6NDX5	Q0VB29
A6NDX5	Q91Y01
A6NDX5	D3ZIH5
A6NDX5	Q86U86-8
A6NDX5	F1MAB8
A6NDX5	Q8WX93-3
A6NDX5	O43251-5
A6NDX5	P61077-2
A6NDX5	O15169-2
A6NDX5	Q9UBC3-6
A6NDX5	Q4KLN7
A6NDX5	P00533-2
A6NDX5	Q03112-3
A6NDX5	Q8N5I3-2
A6NDX5	Q9P1U1-2
A6NDX5	Q6P5G3
A6NDX5	P21674
A6NDX5	Q6UN82
A6NDX5	Q9JK66
A6NDX5	D4A0G9
A6NDX5	P06681-2
A6NDX5	Q12955-7
A6NDX5	Q709F0-3
A6NDX5	Q8IWW6-2
A6NDX5	Q86UU1-2
A6NDX5	Q6ZNA4-2
A6NDX5	Q13043-2
A6NDX5	O00141-2
A6NDX5	Q8WUI4-3
A6NDX5	Q96RU3-2
A6NDX5	Q8IVH8-3
A6NDX5	P43686-2
A6NDX5	O75112-4
A6NDX5	Q8R007-2
A6NDX5	P14430
A6NDX5	P16284-2
A6NDX5	P29320-2
A6NDX5	P55196-5
A6NDX5	O94988-5
A6NDX5	Q96PV7-2
A6NDX5	O60716-12
A6NDX5	Q8WWW8-2
A6NDX5	Q9UKV0-3
A6NDX5	Q8TEW0-6
A6NDX5	O43439-3
A6NDX5	Q96NM4-4
A6NDX5	E1BND0
A6NDX5	Q8HYY4
A6NDX5	E1BDB1
A6NDX5	NP_001193641
A6NDX5	Q9Y4J8-15
A6NDX5	Q9H334-4
A6NDX5	Q9C040-2
A6NDX5	Q9NYQ7-2
A6NDX5	P0DPK3
A6NDX5	Q8WXH0-5
A6NDX5	Q9UJ41-3
A6NDX5	Q9HCF6-11
A6NDX5	Q6AXX0
A6NDX5	Q5MYW4
A6NDX5	A0A0A6YYG3
A6NDX5	A0A0A6YYC5
A6NDX5	Q6Y1S1
A6NDX5	Q9R0W1
A6NDX5	Q64520-2
A6NDX5	Q99PP7-2
A6NDX5	Q99MB5
A6NDX5	O88436
A6NDX5	Q9NQ55-3
A6NDX5	O43278-2
A6NDX5	Q9BUV8-5
A6NDX5	Q86XK2-5
A6NDX5	A0A087WSX0
A6NDX5	Q6UXD5-5
A6NDX5	P16070-8
A6NDX5	P35858-2
A6NDX5	D3YUU6
A6NDX5	F1M419
A6NDX5	B5DEX9
A6NDX5	G3V6N2
A6NDX5	Q86UP8-4
A6NDX5	B5DEP2
A6NDX5	Q5K2P9
A6NDX5	NP_001381950
A6NDX5	A4KWA5
A6NDX5	A0A0G2JW15
A6NDX5	S4R325
A6NDX5	E2CWF0
A6NDX5	D4AEC7
A6NDX5	A0A0B4J275
A6NDX5	Q95II0
A6NDX5	P14650
A6NDX5	P10758
A6NDX5	P0DL28
A6NDX5	Q4V8I3
A6NDX5	Q2VWP9
A6NDX5	Q62782
A6NDX5	NP_001258119
A6NDX5	Q32PY5
A6NDX5	NP_001094360
A6NDX5	A0A2Z5DI15
A6NDX5	Q9D9D8
A6NDX5	O75923-13
A6NDX5	A0A0G2JS06
A6NDX5	P16157-3
A6NDX5	Q96SU4-6
A6NDX5	O60902-3
A6NDX5	M0R6D8
A6NDX5	B1WC31
A6NDX5	O00470
A6NDX5	Q60954
A6NDX5	D4A648
A6NDX5	Q8JZU2
A6NDX5	Q0ZUP1
A6NDX5	P19123
A6NDX5	P63316
A6NDX5	Q4PP99
A6NDX5	P29322-2
A6NDX5	Q05816
A6NDX5	Q9QYX7
A6NDX5	Q9WTX2
A6NDX5	XP_038957293
A6NDX5	P42677
A6NDX5	Q6ZWU9
A6NDX5	Q71TY3
A6NDX5	P10284
A6NDX5	F1LXQ7
A6NDX5	Q8BW22
A6NDX5	NP_001100084
A6NDX5	XP_235526
A6NDX5	NP_001100820
A6NDX5	D4ADD1
A6NDX5	B9EJW5
A6NDX5	F1MAD2
A6NDX5	Q6P1D5
A6NDX5	D3ZYP9
A6NDX5	XP_237386
A6NDX5	B1ASB6
A6NDX5	Q9WUA6
A6NDX5	Q9Y243
A6NDX5	P53667
A6NDX5	O55098
A6NDX5	P53351
A6NDX5	A0FK58
A6NDX5	Q04859
A6NDX5	Q96BR1
A6NDX5	O00311
A6NDX5	E9Q0N2
A6NDX5	Q9R011
A6NDX5	Q9WVH3
A6NDX5	O35655
A6NDX5	P53041
A6NDX5	P27870
A6NDX5	Q13094
A6NDX5	P57097
A6NDX5	Q91Z46
A6NDX5	P47941
A6NDX5	Q62270
A6NDX5	P25206
A6NDX5	Q3UGE6
A6NDX5	Q78PY7
A6NDX5	Q13033
A6NDX5	O75165
A6NDX5	Q7TNI8
A6NDX5	P31948
A6NDX5	Q61510
A6NDX5	Q9WTU6
A6NDX5	Q9BZF1
A6NDX5	Q8N2M8
A6NDX5	P84586
A6NDX5	Q9QXD8
A6NDX5	Q8C0F9
A6NDX5	Q9Z0V2
A6NDX5	Q9NZV8
A6NDX5	Q63881
A6NDX5	Q92974
A6NDX5	O97902
A6NDX5	Q2NKX8
A6NDX5	P15307
A6NDX5	Q9UJM3
A6NDX5	Q8K1S2
A6NDX5	Q13563
A6NDX5	Q62511
A6NDX5	Q07113
A6NDX5	Q96JM3
A6NDX5	Q8CH25
A6NDX5	Q6DN90
A6NDX5	P46460
A6NDX5	Q3U1Y4
A6NDX5	P35822
A6NDX5	Q96CC6
A6NDX5	Q8IY17
A6NDX5	P97879
A6NDX5	Q9Y4C4
A6NDX5	Q04573
A6NDX5	Q92688
A6NDX5	D3Z7P3
A6NDX5	P13264
A6NDX5	Q8VCB2
A6NDX5	P21555
A6NDX5	Q8NGK4
A6NDX5	O00254
A6NDX5	Q80YA3
A6NDX5	Q15785
A6NDX5	P02462
A6NDX5	Q99JY1
A6NDX5	Q5ECL0
A6NDX5	Q62417
A6NDX5	A2AG58
A6NDX5	Q9BYN7
A6NDX5	Q8NHU6
A6NDX5	Q8R5C5
A6NDX5	B2RYJ7
A6NDX5	Q91Z69
A6NDX5	P51530
A6NDX5	Q6R653
A6NDX5	Q9UNY4
A6NDX5	O14594
A6NDX5	Q8BMA3
A6NDX5	O43699
A6NDX5	O60942
A6NDX5	P13598
A6NDX5	Q01082-3
A6NDX5	Q14563
A6NDX5	Q9ULT8
A6NDX5	O70433
A6NDX5	O35115
A6NDX5	P16294
A6NDX5	Q6UXM1
A6NDX5	Q5DTT2
A6NDX5	Q5F4S9
A6NDX5	Q61282
A6NDX5	O35902
A6NDX5	Q9BZL4
A6NDX5	Q9Y4D7
A6NDX5	P11276
A6NDX5	Q99N64
A6NDX5	P02751
A6NDX5	Q9BUG6
A6NDX5	Q8BIZ0
A6NDX5	Q0ZGT2
A6NDX5	P55194
A6NDX5	Q920G3
A6NDX5	Q8WYP3
A6NDX5	Q80Y84
A6NDX5	P43322
A6NDX5	Q9Y3E2
A6NDX5	Q0JRZ9
A6NDX5	P10586
A6NDX5	Q61038
A6NDX5	Q8IWZ3-6
A6NDX5	Q9D4J7
A6NDX5	Q8R2S9
A6NDX5	Q6DIC8
A6NDX5	P60669
A6NDX5	Q7Z5R6
A6NDX5	Q8IWS0
A6NDX5	Q91ZU6-5
A6NDX5	Q3USZ2
A6NDX5	A2ABU4
A6NDX5	Q922G0
A6NDX5	Q8BJL0
A6NDX5	Q7Z6G8-7
A6NDX5	O14562
A6NDX5	Q12950
A6NDX5	Q9NR12
A6NDX5	Q9BQS2
A6NDX5	Q9Z268
A6NDX5	Q6Q0C1
A6NDX5	Q9Y5G1
A6NDX5	Q7TSV0
A6NDX5	Q32M78
A6NDX5	Q15973-4
A6NDX5	Q8BXA0
A6NDX5	Q80T03
A6NDX5	Q8N7W2
A6NDX5	Q4VC17
A6NDX5	Q8N3K9
A6NDX5	Q8IWE5
A6NDX5	O60309
A6NDX5	P19474
A6NDX5	Q14004-2
A6NDX5	O89094
A6NDX5	Q3TKY6
A6NDX5	Q9UJQ4
A6NDX5	Q99KR6
A6NDX5	Q8CG73
A6NDX5	Q3UZ01
A6NDX5	Q62233
A6NDX5	Q8BHD0
A6NDX5	Q7TSL3
A6NDX5	P17427
A6NDX5	P18484
A6NDX5	Q15911
A6NDX5	P52736
A6NDX5	P35414
A6NDX5	Q8BKP2
A6NDX5	Q8R5A0
A6NDX5	P28370
A6NDX5	P20489
A6NDX5	Q8CBE3
A6NDX5	P00326
A6NDX5	Q9QWG7
A6NDX5	Q7TNU6
A6NDX5	Q9D1T0
A6NDX5	Q9UNI1
A6NDX5	Q8TF68
A6NDX5	Q32MD9
A6NDX5	Q9NSN8
A6NDX5	Q05860
A6NDX5	Q5FVJ1
A6NDX5	Q6UWL2
A6NDX5	Q92917
A6NDX5	Q5T7N3
A6NDX5	Q562E7
A6NDX5	Q925E1
A6NDX5	P58873
A6NDX5	Q9H0B8
A6NDX5	P35219
A6NDX5	Q810B8
A6NDX5	Q96K58
A6NDX5	O89091
A6NDX5	P23435
A6NDX5	Q810T2
A6NDX5	Q9BXU9
A6NDX5	Q6PJQ5
A6NDX5	O96019
A6NDX5	Q9P0M6
A6NDX5	Q9H5P4
A6NDX5	Q9BQG2
A6NDX5	Q61062
A6NDX5	Q92997
A6NDX5	NP_001100551
A6NDX5	Q9UKU9
A6NDX5	Q3TES0
A6NDX5	O14782
A6NDX5	Q96KC8
A6NDX5	Q96JQ2
A6NDX5	Q96IW2
A6NDX5	Q8BWR8
A6NDX5	O88520
A6NDX5	Q8TER0
A6NDX5	Q9UGM3
A6NDX5	Q8WYK1
A6NDX5	O14682
A6NDX5	Q8TBC3
A6NDX5	O15218
A6NDX5	Q80Z71
A6NDX5	P57105
A6NDX5	Q96P09
A6NDX5	P67999-2
A6NDX5	Q8K4S1
A6NDX5	Q9NRC6
A6NDX5	Q715T0
A6NDX5	Q96NY8
A6NDX5	Q96P50
A6NDX5	Q8BH95
A6NDX5	Q8TE68
A6NDX5	Q96SU4
A6NDX5	Q8N823
A6NDX5	Q3UWJ2
A6NDX5	Q80TF4
A6NDX5	A2A6Q5
A6NDX5	P70227
A6NDX5	Q9ULJ8
A6NDX5	Q14498
A6NDX5	Q8VH51
A6NDX5	Q91VI7
A6NDX5	Q12834
A6NDX5	Q99626
A6NDX5	Q02357
A6NDX5	Q8BIE6
A6NDX5	P51556
A6NDX5	Q99728
A6NDX5	O94880
A6NDX5	O88453
A6NDX5	O70493
A6NDX5	Q6PAR5
A6NDX5	Q9R020
A6NDX5	O35986
A6NDX5	P97797
A6NDX5	Q8BN78
A6NDX5	O43586
A6NDX5	P23685
A6NDX5	Q9R269
A6NDX5	Q63767-2
A6NDX5	P17655
A6NDX5	Q3TKT4
A6NDX5	P27512
A6NDX5	P19426
A6NDX5	Q3U0X6
A6NDX5	P18583
A6NDX5	P53814
A6NDX5	Q9HBL0-1
A6NDX5	Q8BTI9
A6NDX5	P43119
A6NDX5	O60885
A6NDX5	P43694
A6NDX5	Q86UE3
A6NDX5	O94819
A6NDX5	P49792
A6NDX5	P06702
A6NDX5	Q09472
A6NDX5	P47713
A6NDX5	P41499
A6NDX5	O60506
A6NDX5	Q7TMK9
A6NDX5	Q3V129
A6NDX5	P23588
A6NDX5	P15791
A6NDX5	P78347
A6NDX5	P54762
A6NDX5	P63318
A6NDX5	P63319
A6NDX5	P46152
A6NDX5	Q62406
A6NDX5	Q9Z2B5
A6NDX5	P28867
A6NDX5	Q99N57
A6NDX5	Q14289
A6NDX5	P62993
A6NDX5	Q60631
A6NDX5	P62994
A6NDX5	Q8VBY2
A6NDX5	Q91VC7
A6NDX5	O35346
A6NDX5	Q28619
A6NDX5	P50393
A6NDX5	O55043
A6NDX5	Q8BG48
A6NDX5	P24530
A6NDX5	P35243
A6NDX5	P51512
A6NDX5	Q80Z37
A6NDX5	P17980
A6NDX5	O95487
A6NDX5	Q9JJZ4
A6NDX5	P41230
A6NDX5	P98077
A6NDX5	Q641Z4
A6NDX5	Q99J95
A6NDX5	P25119
A6NDX5	Q60997
A6NDX5	NP_001178739
A6NDX5	Q8BJL9
A6NDX5	Q8BPN8
A6NDX5	Q1HKZ5
A6NDX5	Q9NT68
A6NDX5	P28330
A6NDX5	Q9JLS3
A6NDX5	Q96KE9
A6NDX5	Q9QZS0
A6NDX5	P35556
A6NDX5	Q8K3R3
A6NDX5	F1LY78
A6NDX5	Q80V91
A6NDX5	Q99JN2
A6NDX5	Q8NA42
A6NDX5	Q9BXX0
A6NDX5	P59824
A6NDX5	Q8NGG7
A6NDX5	Q5I0D5
A6NDX5	O35181
A6NDX5	XP_001065343
A6NDX5	Q28021
A6NDX5	NP_001388790
A6NDX5	P34969
A6NDX5	Q8C8R3-7
A6NDX5	Q3U214
A6NDX5	Q9NXK8
A6NDX5	Q5PQQ0
A6NDX5	Q99PW7
A6NDX5	Q6ZN96
A6NDX5	P16562
A6NDX5	Q8CEC5
A6NDX5	Q8CF07
A6NDX5	Q9NYS0
A6NDX5	O60938
A6NDX5	Q7TQY4
A6NDX5	Q9R0K4
A6NDX5	Q6GMX3
A6NDX5	D4A2V7
A6NDX5	D3ZKK5
A6NDX5	Q3SXY8
A6NDX5	Q9UI32
A6NDX5	O43186
A6NDX5	XP_038956455
A6NDX5	Q96BF6
A6NDX5	Q9ERQ8
A6NDX5	Q9UBB5-3
A6NDX5	Q8NFW5
A6NDX5	Q9UII6
A6NDX5	Q5DWV0
A6NDX5	Q5XIN2
A6NDX5	O75607
A6NDX5	Q9Y5H1
A6NDX5	O43278
A6NDX5	Q969S8
A6NDX5	B2DD29
A6NDX5	Q62210
A6NDX5	O88676
A6NDX5	Q9Z1P4
A6NDX5	Q9Z1Z1
A6NDX5	Q6PFC5
A6NDX5	Q5XI95
A6NDX5	Q96E39
A6NDX5	P10070
A6NDX5	Q3SY17
A6NDX5	D4A2C4
A6NDX5	Q9UN81
A6NDX5	E9Q5K9
A6NDX5	Q61060
A6NDX5	Q96LA8
A6NDX5	Q01337
A6NDX5	Q7RTR0
A6NDX5	Q1WIM1
A6NDX5	Q8R464
A6NDX5	Q62838
A6NDX5	E9Q4N7
A6NDX5	Q9HBY0
A6NDX5	Q8K3Z0
A6NDX5	Q60886
A6NDX5	Q91W90
A6NDX5	Q9UGF6
A6NDX5	Q96BV0
A6NDX5	Q91VA6
A6NDX5	Q8VGJ8
A6NDX5	Q9D1M7
A6NDX5	Q8N336
A6NDX5	Q8VCP9
A6NDX5	Q6ZN28
A6NDX5	Q569E7
A6NDX5	Q9Y239
A6NDX5	C9JN71
A6NDX5	Q8TDD2
A6NDX5	Q5NCD7
A6NDX5	Q5U405
A6NDX5	Q7Z7K2
A6NDX5	A2A6A1
A6NDX5	P50481-2
A6NDX5	Q9D300
A6NDX5	Q8CJB9
A6NDX5	Q86VQ3
A6NDX5	Q8K0L0
A6NDX5	O08686
A6NDX5	Q8VFZ3
A6NDX5	Q04743
A6NDX5	Q8N594
A6NDX5	NP_001239271
A6NDX5	Q8C0X8
A6NDX5	O00590
A6NDX5	Q5SZQ8
A6NDX5	P14543
A6NDX5	Q3UGM2
A6NDX5	Q4QR81
A6NDX5	Q5SXC4
A6NDX5	G3UW50
A6NDX5	Q684R7
A6NDX5	Q7TRZ9
A6NDX5	Q68D06
A6NDX5	Q80XR7
A6NDX5	Q8CJ78
A6NDX5	Q9C009
A6NDX5	Q9NR12-6
A6NDX5	Q00325-2
A6NDX5	Q6NZJ3
A6NDX5	G5E869
A6NDX5	Q9ER58
A6NDX5	O88632
A6NDX5	Q80VQ1
A6NDX5	O14610
A6NDX5	Q7Z572
A6NDX5	Q8NGV6
A6NDX5	P02741
A6NDX5	Q3V0C5
A6NDX5	Q9DAC7
A6NDX5	P06681
A6NDX5	Q9NR64
A6NDX5	Q8VFX8
A6NDX5	P62149
A6NDX5	Q6YNX6
A6NDX5	P0DP29
A6NDX5	P0DP26
A6NDX5	P0DP23
A6NDX5	P62157
A6NDX5	Q5XI02
A6NDX5	Q91XZ5
A6NDX5	Q9UK11
A6NDX5	Q7TRX4
A6NDX5	P57729
A6NDX5	P20151-2
A6NDX5	Q8TF66
A6NDX5	A3FIN4
A6NDX5	NP_828868
A6NDX5	Q9JIA1
A6NDX5	Q6P089
A6NDX5	Q1W5W7
A6NDX5	Q12918
A6NDX5	D4A8J3
A6NDX5	Q9Z1R9
A6NDX5	Q5MPW7
A6NDX5	Q9BVJ7
A6NDX5	XP_001079282
A6NDX5	P42684-4
A6NDX5	Q3TYH2
A6NDX5	P35289
A6NDX5	G3V893
A6NDX5	D3ZVG6
A6NDX5	Q9Z311
A6NDX5	P0C7U3
A6NDX5	P35504
A6NDX5	Q92974-2
A6NDX5	P63125
A6NDX5	P70403
A6NDX5	D3ZQZ1
A6NDX5	Q3UGX3
A6NDX5	Q13087
A6NDX5	Q7RTY5
A6NDX5	Q9D6D8
A6NDX5	Q15418-2
A6NDX5	Q9NNZ3
A6NDX5	Q80V42
A6NDX5	Q5RKH0
A6NDX5	D3YYT1
A6NDX5	Q91WL6
A6NDX5	Q96JM2-2
A6NDX5	Q62919
A6NDX5	F1MA87
A6NDX5	Q810N6
A6NDX5	Q9WUW3
A6NDX5	Q7TP99
A6NDX5	Q9D3J5
A6NDX5	P04003
A6NDX5	Q14549
A6NDX5	Q8VFK7
A6NDX5	P42586
A6NDX5	Q8VFK2
A6NDX5	O95389
A6NDX5	D3ZMH5
A6NDX5	D3ZGA4
A6NDX5	Q9BY76
A6NDX5	Q08AF3
A6NDX5	Q96NU0
A6NDX5	Q925G0
A6NDX5	Q9BZE3
A6NDX5	Q9ES28-2
A6NDX5	A5PLL7
A6NDX5	Q6B345
A6NDX5	Q8WVZ7
A6NDX5	P40197
A6NDX5	Q8K5E0
A6NDX5	P70596
A6NDX5	Q3T1K7
A6NDX5	Q9Z1I6
A6NDX5	Q66JY6
A6NDX5	Q3UST5
A6NDX5	Q924U0
A6NDX5	Q8BG51-2
A6NDX5	Q8VGC8
A6NDX5	Q6IMA7
A6NDX5	Q8NGS0
A6NDX5	Q96R48
A6NDX5	NP_001101850
A6NDX5	Q8NHC7
A6NDX5	A6NKK0
A6NDX5	P53671-2
A6NDX5	P47890
A6NDX5	Q05474
A6NDX5	Q8NGR6
A6NDX5	Q8VEW2
A6NDX5	Q8NGU4
A6NDX5	B2RN74
A6NDX5	Q969F8
A6NDX5	NP_001102304
A6NDX5	Q6UW88
A6NDX5	Q9R225
A6NDX5	Q811D0-2
A6NDX5	Q9H963
A6NDX5	Q30201
A6NDX5	B4DX44
A6NDX5	O35392
A6NDX5	Q7TQY7
A6NDX5	Q3KRC6
A6NDX5	Q05BH3
A6NDX5	P33436
A6NDX5	D3ZUU5
A6NDX5	Q6ZS27
A6NDX5	Q3USJ8-2
A6NDX5	XP_003131953
A6NDX5	Q8BH16
A6NDX5	P19021-5
A6NDX5	Q4G1C9-2
A6NDX5	Q9Z1P5
A6NDX5	Q3KR55
A6NDX5	Q9D883
A6NDX5	ENSMUSP00000069854
A6NDX5	Q4KM97
A6NDX5	Q9H069
A6NDX5	O88569-3
A6NDX5	Q5T2N8
A6NDX5	E9Q9B4
A6NDX5	Q8VHS5
A6NDX5	E5RIL1
A6NDX5	B0FP48
A6NDX5	Q86SG5
A6NDX5	O75923-10
A6NDX5	Q8BHA1
A6NDX5	A9UF02
A6NDX5	Q6UWL6-2
A6NDX5	Q86SG3
A6NDX5	Q6B8I1
A6NDX5	P52272-2
A6NDX5	P27814
A6NDX5	B9EJL3
A6NDX5	Q9UKI3
A6NDX5	A2ADF7
A6NDX5	Q8CBR6
A6NDX5	P61568
A6NDX5	Q5SY68
A6NDX5	Q8HWB0
A6NDX5	B2RYT7
A6NDX5	Q4KLI1
A6NDX5	Q810T5
A6NDX5	G3X992
A6NDX5	Q9HB31
A6NDX5	Q99MW6
A6NDX5	F1PEE8
A6NDX5	NP_001229556
A6NDX5	Q4KM52
A6NDX5	Q3KRB8
A6NDX5	A2ATJ7
A6NDX5	XP_003084948
A6NDX5	D4A3W6
A6NDX5	Q3UIW8
A6NDX5	Q3MI64
A6NDX5	Q8BZS9-2
A6NDX5	Q7TRY0
A6NDX5	Q5FVG2-2
A6NDX5	Q9QXT3
A6NDX5	P46934-2
A6NDX5	Q9P2K5-2
A6NDX5	B0BN52
A6NDX5	Q86UP3-2
A6NDX5	Q8K4T4
A6NDX5	P0CG21
A6NDX5	Q5U308
A6NDX5	Q68EM7-2
A6NDX5	A7XUY5
A6NDX5	Q8TCY9-2
A6NDX5	O08770
A6NDX5	M0R9X3
A6NDX5	Q8IZF5-2
A6NDX5	A2CG22
A6NDX5	D3ZSN0
A6NDX5	Q5RKK8
A6NDX5	Q5PPG4
A6NDX5	D3ZEA8
A6NDX5	G3V9W0
A6NDX5	A0A0B4J1L0
A6NDX5	XP_002726574
A6NDX5	Q86TI0-2
A6NDX5	Q96A57-2
A6NDX5	O75815-2
A6NDX5	P08430
A6NDX5	Q07440
A6NDX5	Q5BK61
A6NDX5	NP_001100331
A6NDX5	Q5PQS0
A6NDX5	P10586-2
A6NDX5	P27115
A6NDX5	B4F7A5
A6NDX5	Q9P1Y6-2
A6NDX5	Q9UIB8-5
A6NDX5	Q8NF91-4
A6NDX5	P05964
A6NDX5	B5DEY0
A6NDX5	Q99NA7
A6NDX5	Q14203-3
A6NDX5	Q14C86-3
A6NDX5	Q06187-2
A6NDX5	Q5FVI3
A6NDX5	P18754-2
A6NDX5	D4A8H1
A6NDX5	Q499S0
A6NDX5	Q8VF41
A6NDX5	Q8VG65
A6NDX5	D3ZG09
A6NDX5	D4A9E8
A6NDX5	O15084-1
A6NDX5	Q8BUQ3
A6NDX5	P33981-2
A6NDX5	B0BNK4
A6NDX5	B2RUS0
A6NDX5	B2RYN8
A6NDX5	Q14669-2
A6NDX5	F1M332
A6NDX5	Q91W19
A6NDX5	Q9NXN4-2
A6NDX5	Q8WYB5-2
A6NDX5	O00562-2
A6NDX5	P47931
A6NDX5	G3XA59
A6NDX5	Q96N22_VAR_L295S
A6NDX5	Q96N22
A6NDX5	D4A2J9
A6NDX5	O95466-2
A6NDX5	Q96H55-4
A6NDX5	O75976-2
A6NDX5	Q9UKF7-2
A6NDX5	Q96GP6-2
A6NDX5	O60506-2
A6NDX5	Q28735
A6NDX5	Q93038-11
A6NDX5	P0DJD3-2
A6NDX5	Q96NY8-2
A6NDX5	Q64329
A6NDX5	Q9QZN0
A6NDX5	Q9H7P9-3
A6NDX5	P04626-5
A6NDX5	P01909
A6NDX5	Q9CQ76
A6NDX5	Q96PV7-3
A6NDX5	Q9UQB3-2
A6NDX5	Q8WWW8-3
A6NDX5	O43439-4
A6NDX5	A0JNI5
A6NDX5	NP_001193239
A6NDX5	A4IFA0
A6NDX5	A8E658
A6NDX5	Q9Y575-3
A6NDX5	O94856-8
A6NDX5	P29323-3
A6NDX5	O15393-2
A6NDX5	Q13188-2
A6NDX5	Q7RTR2-2
A6NDX5	Q9UDY2-7
A6NDX5	P29400-2
A6NDX5	Q499U1
A6NDX5	Q4V8I1
A6NDX5	P19024
A6NDX5	B7SBD2
A6NDX5	A0A0K0K1A5
A6NDX5	Q5I0E7
A6NDX5	Q6AYF4
A6NDX5	Q501W4
A6NDX5	Q812D3
A6NDX5	Q9D6L8
A6NDX5	Q9EQX6
A6NDX5	P97525
A6NDX5	B0V2N1-3
A6NDX5	Q3UJD6-2
A6NDX5	Q9BQT9-2
A6NDX5	Q7TSX5
A6NDX5	Q9QYV1
A6NDX5	P13224-2
A6NDX5	Q9H2E6-2
A6NDX5	Q96GR4-3
A6NDX5	A0A0C4DH69
A6NDX5	P01764
A6NDX5	A0A0G2K5L2
A6NDX5	D3ZSW4
A6NDX5	G3V6X2
A6NDX5	P78380-3
A6NDX5	G3V6Z2
A6NDX5	A0FGR8-6
A6NDX5	Q9BY41-5
A6NDX5	Q96AX9-4
A6NDX5	Q96H55-2
A6NDX5	F1LUQ0
A6NDX5	B5DFB7
A6NDX5	Q6AYL0
A6NDX5	Q925N7
A6NDX5	F1LN08
A6NDX5	D3Z7P3-2
A6NDX5	A0A0G2JX16
A6NDX5	Q3UA37
A6NDX5	A0A539
A6NDX5	D3ZQF4
A6NDX5	O35750
A6NDX5	D3ZBM7
A6NDX5	Q5PPL1
A6NDX5	B5DF94
A6NDX5	Q6MG64
A6NDX5	P49806
A6NDX5	A6NJW9
A6NDX5	P35446
A6NDX5	Q6L711
A6NDX5	Q9QZE3
A6NDX5	Q80ZD5
A6NDX5	O54947
A6NDX5	NP_001101735
A6NDX5	XP_038947257
A6NDX5	A0A075B6N4
A6NDX5	F1M7B8
A6NDX5	G3V9Q4
A6NDX5	M0R9B5
A6NDX5	Q2TGI6
A6NDX5	XP_017449287
A6NDX5	XP_008762033
A6NDX5	D3ZAQ8
A6NDX5	Q86VB7-2
A6NDX5	O08623-2
A6NDX5	NP_001388157
A6NDX5	Q13555-4
A6NDX5	Q923T9
A6NDX5	Q3T1J4
A6NDX5	D4AEK4
A6NDX5	A0A0G2JTM9
A6NDX5	B2RZ98
A6NDX5	D4ADD7
A6NDX5	B1WC42
A6NDX5	D4A511
A6NDX5	Q9CQT2
A6NDX5	P28028-1
A6NDX5	Q9D708
A6NDX5	Q9UBI6
A6NDX5	Q64520
A6NDX5	Q8BRK8
A6NDX5	Q61885
A6NDX5	Q04735
A6NDX5	M0R9Q1
A6NDX5	Q8C2Q3
A6NDX5	P20930
A6NDX5	P51859
A6NDX5	Q9UPS6
A6NDX5	XP_575792
A6NDX5	D3ZQ51
A6NDX5	Q2TL32
A6NDX5	NP_001094438
A6NDX5	Q6ZQK5
A6NDX5	XP_001078528
A6NDX5	Q8N427
A6NDX5	D3Z120
A6NDX5	Q0KL02-4
A6NDX5	XP_341119
A6NDX5	NP_001101692
A6NDX5	B1AY10
A6NDX5	D4A702
A6NDX5	P07948
A6NDX5	E9QAN8
A6NDX5	O08775
A6NDX5	O94804
A6NDX5	Q9NYY3
A6NDX5	P05622
A6NDX5	O96013
A6NDX5	P20794
A6NDX5	C0JPT7
A6NDX5	Q3U1V8
A6NDX5	Q86X40
A6NDX5	Q9H4B4
A6NDX5	P98177
A6NDX5	Q05695
A6NDX5	P36993
A6NDX5	O09112
A6NDX5	P15498
A6NDX5	Q9D1X0
A6NDX5	Q60805
A6NDX5	Q9DBB1
A6NDX5	A0A0B4J1V8
A6NDX5	Q63768
A6NDX5	Q64010
A6NDX5	P46108
A6NDX5	Q9H3Y6
A6NDX5	P25205
A6NDX5	Q9UGR2
A6NDX5	P15387
A6NDX5	Q7KZF4
A6NDX5	P14635
A6NDX5	Q99MB1
A6NDX5	Q9CX86
A6NDX5	Q14258
A6NDX5	Q9QXT1
A6NDX5	Q03142
A6NDX5	P35969
A6NDX5	Q91VM5
A6NDX5	Q16643
A6NDX5	Q9UGP4
A6NDX5	Q8N3Z0
A6NDX5	Q9Z1T6-1
A6NDX5	Q8R4S0
A6NDX5	Q04864
A6NDX5	O43150
A6NDX5	Q6UXZ4
A6NDX5	O43281
A6NDX5	Q8BVY0
A6NDX5	P46459
A6NDX5	O75064
A6NDX5	Q15262
A6NDX5	Q6NUF4
A6NDX5	Q9JI57
A6NDX5	Q9H9J4
A6NDX5	Q80VL3
A6NDX5	Q62108
A6NDX5	P25929
A6NDX5	O75164
A6NDX5	O88532
A6NDX5	Q71SY5
A6NDX5	Q9D7R2
A6NDX5	P22459
A6NDX5	Q8VIG3
A6NDX5	O76041
A6NDX5	P08121
A6NDX5	Q9Y5Q5
A6NDX5	P09024
A6NDX5	Q9BZK7
A6NDX5	Q80U62
A6NDX5	P58753
A6NDX5	Q91ZZ5
A6NDX5	P51881
A6NDX5	Q09073
A6NDX5	A2AJT9
A6NDX5	Q8NBP0
A6NDX5	P29268
A6NDX5	P25685
A6NDX5	Q9Y371
A6NDX5	Q9H8E8
A6NDX5	Q8IV45
A6NDX5	Q9QUG9
A6NDX5	Q6P9H4
A6NDX5	O43189
A6NDX5	P48059
A6NDX5	Q99JW4
A6NDX5	Q8BH59
A6NDX5	Q5U464
A6NDX5	Q8R086
A6NDX5	Q9CXG3
A6NDX5	Q9P0L9
A6NDX5	Q14192
A6NDX5	P51151
A6NDX5	P00740
A6NDX5	Q63087
A6NDX5	A5PKW4
A6NDX5	P01116
A6NDX5	Q14168
A6NDX5	P16112
A6NDX5	P32926
A6NDX5	Q9BXB5
A6NDX5	Q6ZS30
A6NDX5	Q9UKX2
A6NDX5	Q8N6Y1
A6NDX5	Q62066
A6NDX5	Q6P1E8
A6NDX5	Q9Y3L3
A6NDX5	O15389
A6NDX5	Q9QWT9
A6NDX5	Q6DR98
A6NDX5	Q8IYL9
A6NDX5	O43193
A6NDX5	Q9H981
A6NDX5	P30545
A6NDX5	Q3TEL6
A6NDX5	Q9H4M7
A6NDX5	Q6QX36
A6NDX5	Q9CTN4
A6NDX5	E9PUR0
A6NDX5	Q8VEM8
A6NDX5	O19441
A6NDX5	P70606
A6NDX5	Q7TR78
A6NDX5	Q96CQ1
A6NDX5	O15530-4
A6NDX5	Q5DX21
A6NDX5	Q9NZC9
A6NDX5	Q8TAV0
A6NDX5	Q3UWZ0
A6NDX5	O60729
A6NDX5	Q9Y468-1
A6NDX5	Q91VE5
A6NDX5	Q14585
A6NDX5	Q9JM13
A6NDX5	Q6W4X9
A6NDX5	Q8TE60
A6NDX5	Q8NHU2
A6NDX5	P31944
A6NDX5	O70354
A6NDX5	Q80TA6
A6NDX5	Q6UX04
A6NDX5	Q969K3
A6NDX5	Q68CZ1
A6NDX5	O70244
A6NDX5	Q96LT9
A6NDX5	Q9H4E7
A6NDX5	Q1W617
A6NDX5	O95343
A6NDX5	Q9Z2D8
A6NDX5	Q80TB8
A6NDX5	Q923T7
A6NDX5	Q7TPD1
A6NDX5	O94973
A6NDX5	P31695
A6NDX5	P17927
A6NDX5	P42331
A6NDX5	O75820
A6NDX5	Q9NRG4
A6NDX5	Q6DD96
A6NDX5	P12319
A6NDX5	P01742
A6NDX5	A0A0B4J2H0
A6NDX5	Q9JJA4
A6NDX5	Q99P58
A6NDX5	Q9R0Q4
A6NDX5	Q6QI89
A6NDX5	Q61098
A6NDX5	P15622
A6NDX5	Q86UR1
A6NDX5	A2AKY4
A6NDX5	Q4KMG0
A6NDX5	Q8K377
A6NDX5	O54991
A6NDX5	O15394
A6NDX5	Q3UZY6
A6NDX5	Q8CJH7
A6NDX5	Q9H0J9
A6NDX5	O75173
A6NDX5	P58872
A6NDX5	O08643
A6NDX5	Q8IW52
A6NDX5	Q6MZZ7
A6NDX5	Q13118
A6NDX5	P35288
A6NDX5	Q8WWL7
A6NDX5	Q06348
A6NDX5	Q63886
A6NDX5	Q9P1Z0
A6NDX5	Q61321
A6NDX5	Q70EL4
A6NDX5	P51878
A6NDX5	Q9UPP2
A6NDX5	Q8BH48
A6NDX5	Q8CHG5
A6NDX5	Q9UQ13
A6NDX5	Q5ZQU0
A6NDX5	Q6NZL6
A6NDX5	Q8CE64
A6NDX5	O35652
A6NDX5	Q92502
A6NDX5	Q6P7W2
A6NDX5	P11766
A6NDX5	NP_001094364
A6NDX5	Q99490-2
A6NDX5	Q9UQP3
A6NDX5	Q96Q27
A6NDX5	Q5Y5T3
A6NDX5	Q9D3X9
A6NDX5	Q96T49
A6NDX5	Q8BY46
A6NDX5	Q8CGF6
A6NDX5	Q9BZ95
A6NDX5	Q9Z123
A6NDX5	Q5XI48
A6NDX5	Q8R007
A6NDX5	P30260
A6NDX5	P23944
A6NDX5	P34022
A6NDX5	D4A2G9
A6NDX5	P13489
A6NDX5	Q05A80
A6NDX5	Q5T4D3
A6NDX5	Q9UQB9-2
A6NDX5	Q9JIS1
A6NDX5	P16157
A6NDX5	Q7TQ95
A6NDX5	Q91Z67
A6NDX5	O88673
A6NDX5	Q80YR5
A6NDX5	Q9UMY4
A6NDX5	Q9D4W6
A6NDX5	O95218
A6NDX5	Q9ESI7
A6NDX5	Q86T24
A6NDX5	A6NI28
A6NDX5	P70414
A6NDX5	P09456
A6NDX5	P51532
A6NDX5	P08290
A6NDX5	Q6DIC0
A6NDX5	P18615
A6NDX5	O70593
A6NDX5	Q9QXJ1
A6NDX5	O75362
A6NDX5	P14925
A6NDX5	Q91XZ7
A6NDX5	Q8K4S7
A6NDX5	P55213
A6NDX5	Q8K2F0
A6NDX5	Q9Y615
A6NDX5	Q2M218
A6NDX5	P30875
A6NDX5	P31750
A6NDX5	P47196
A6NDX5	Q9H2X6
A6NDX5	Q13115
A6NDX5	P27986
A6NDX5	Q6XUX1
A6NDX5	Q63648
A6NDX5	P47712
A6NDX5	P35235
A6NDX5	Q6R891
A6NDX5	Q15772
A6NDX5	P25023
A6NDX5	Q6PHZ2
A6NDX5	Q13557
A6NDX5	Q96SB4
A6NDX5	Q9JHX9
A6NDX5	P05129
A6NDX5	P23298
A6NDX5	P51617
A6NDX5	Q92954
A6NDX5	Q9JI11
A6NDX5	P53350
A6NDX5	P04049
A6NDX5	P31751
A6NDX5	O08874
A6NDX5	Q01974
A6NDX5	O95071
A6NDX5	Q8K2H4
A6NDX5	P08592-2
A6NDX5	Q91ZW3
A6NDX5	Q03267
A6NDX5	P15531
A6NDX5	P49683
A6NDX5	Q8K4G5
A6NDX5	Q9Z0Z7
A6NDX5	P34057
A6NDX5	Q13356
A6NDX5	P35548
A6NDX5	Q76I76
A6NDX5	Q60898
A6NDX5	Q9UIS9
A6NDX5	Q01314
A6NDX5	Q8IYJ3
A6NDX5	Q9D3A8
A6NDX5	Q63802
A6NDX5	Q80UW5
A6NDX5	O88509
A6NDX5	P07107
A6NDX5	Q62915
A6NDX5	Q86UZ6
A6NDX5	Q9UQ90
A6NDX5	Q61475
A6NDX5	Q562A2
A6NDX5	P17717
A6NDX5	Q8VGQ2
A6NDX5	Q10472
A6NDX5	Q3UU96
A6NDX5	P51174
A6NDX5	Q86YJ7
A6NDX5	Q8TCP9
A6NDX5	Q6ZQ29
A6NDX5	Q8K2J9
A6NDX5	Q9WVD5
A6NDX5	Q62636
A6NDX5	Q99JI6
A6NDX5	P61223
A6NDX5	P61224
A6NDX5	Q9BRC7
A6NDX5	D3ZML2
A6NDX5	Q6P050
A6NDX5	A0PJY2
A6NDX5	Q8N8Z8
A6NDX5	Q9H208
A6NDX5	Q9QX74
A6NDX5	Q5T4F4
A6NDX5	O94812
A6NDX5	Q05546
A6NDX5	A2AB59-2
A6NDX5	NP_001258145
A6NDX5	P32304
A6NDX5	Q0QWG9
A6NDX5	P60893
A6NDX5	P60894
A6NDX5	P60895
A6NDX5	Q91XX3
A6NDX5	P49804
A6NDX5	Q8BXT1
A6NDX5	Q9EPX5
A6NDX5	Q01085-2
A6NDX5	P70318
A6NDX5	P16563
A6NDX5	Q6GQS1
A6NDX5	D3ZZX2
A6NDX5	D3ZLT6
A6NDX5	D3ZKF9
A6NDX5	D4A7A7
A6NDX5	D3ZN86
A6NDX5	Q6WN34
A6NDX5	XP_573722
A6NDX5	Q640N2
A6NDX5	Q571F8
A6NDX5	O54751
A6NDX5	Q9DCM7
A6NDX5	B0LPN4
A6NDX5	Q8TD86
A6NDX5	Q5M810
A6NDX5	Q91ZK4
A6NDX5	Q6B8I0
A6NDX5	Q99ME2
A6NDX5	Q5VYV0
A6NDX5	Q9CPP0
A6NDX5	Q9Y5G9
A6NDX5	Q6EMK4
A6NDX5	O94875-4
A6NDX5	Q9R097
A6NDX5	O75144
A6NDX5	Q9H8L6
A6NDX5	Q3SXY7
A6NDX5	Q9Z248
A6NDX5	P52735-3
A6NDX5	Q8C886
A6NDX5	Q7L2E3-2
A6NDX5	Q6DN14
A6NDX5	Q5VUJ9
A6NDX5	Q9C0F3
A6NDX5	Q8N0Z9
A6NDX5	O00533-2
A6NDX5	P40199
A6NDX5	Q6KAP6
A6NDX5	Q96GD3
A6NDX5	Q6IEE8
A6NDX5	A6NMB9
A6NDX5	B9EKK1
A6NDX5	Q8BZT2
A6NDX5	Q66X22
A6NDX5	Q672J9
A6NDX5	Q86UT6
A6NDX5	A6NL26
A6NDX5	Q8NBS9
A6NDX5	Q8NH69
A6NDX5	Q8BI73
A6NDX5	Q9QY40
A6NDX5	Q9Y2S7
A6NDX5	P22894
A6NDX5	P00750
A6NDX5	Q6DN72
A6NDX5	Q3V1U8
A6NDX5	Q12906-5
A6NDX5	Q7L985
A6NDX5	Q8TDG2
A6NDX5	Q91WM0
A6NDX5	Q8VI67
A6NDX5	Q9UHC9
A6NDX5	Q9D654
A6NDX5	Q9H628
A6NDX5	Q12955-5
A6NDX5	Q8JZL0
A6NDX5	Q86VH4
A6NDX5	Q9ES28-3
A6NDX5	A6H603
A6NDX5	XP_001079904
A6NDX5	Q6P902
A6NDX5	Q5SW46
A6NDX5	Q96PX8
A6NDX5	Q61790
A6NDX5	Q8CI19
A6NDX5	D4A4N0
A6NDX5	Q9H7B4
A6NDX5	XP_137868
A6NDX5	Q5FVN9
A6NDX5	P63245
A6NDX5	P68040
A6NDX5	P63244
A6NDX5	Q8K0B3
A6NDX5	Q6PDC0
A6NDX5	B1AXV0
A6NDX5	Q64435
A6NDX5	P05126-2
A6NDX5	P68403-2
A6NDX5	P68404-2
A6NDX5	AAC31894
A6NDX5	O08707
A6NDX5	P10493
A6NDX5	A8K8V0
A6NDX5	Q9BVQ7
A6NDX5	Q6ZMY9
A6NDX5	A8MV57
A6NDX5	Q5H8C1
A6NDX5	Q3UYK3
A6NDX5	Q70CQ1
A6NDX5	Q3U487
A6NDX5	Q6ZNA5
A6NDX5	Q9NYV4-2
A6NDX5	O35125
A6NDX5	Q2KHN1
A6NDX5	Q8NF86
A6NDX5	Q61017
A6NDX5	Q8BHW6
A6NDX5	Q8VEX6
A6NDX5	P14847
A6NDX5	Q3U3V8
A6NDX5	Q9JI74
A6NDX5	Q6MFX7
A6NDX5	P0CG39
A6NDX5	A6NJI9
A6NDX5	Q96HC4-2
A6NDX5	Q9UN75
A6NDX5	Q8QZZ8
A6NDX5	BAC98069
A6NDX5	Q80X72
A6NDX5	P03979
A6NDX5	Q80ZX9
A6NDX5	O95970
A6NDX5	Q8QZR3
A6NDX5	Q8VG66
A6NDX5	XP_001472488
A6NDX5	A2AQP0
A6NDX5	Q6P6W3
A6NDX5	O15379
A6NDX5	O88895
A6NDX5	P16636
A6NDX5	D3YXF5
A6NDX5	Q63198
A6NDX5	Q7TSU1
A6NDX5	NP_001001075
A6NDX5	XP_001077245
A6NDX5	Q9UL26
A6NDX5	P0C865
A6NDX5	F2Z461
A6NDX5	NP_001000642
A6NDX5	XP_001081590
A6NDX5	Q9QWG5
A6NDX5	D3ZUT0
A6NDX5	NP_001129365
A6NDX5	D4A5E7
A6NDX5	NP_001100531
A6NDX5	P43278
A6NDX5	Q9QW07
A6NDX5	Q8R0N9
A6NDX5	P49366-3
A6NDX5	Q6H9L7-2
A6NDX5	P25791-3
A6NDX5	Q8NHM4
A6NDX5	O55018
A6NDX5	Q7TR77
A6NDX5	Q7TRH8
A6NDX5	Q68J44
A6NDX5	D3Z6P0
A6NDX5	Q14B25
A6NDX5	Q6PFY2
A6NDX5	Q32M07
A6NDX5	Q4G027
A6NDX5	Q8NGF8
A6NDX5	O35770
A6NDX5	Q8VGY7
A6NDX5	Q80ST5
A6NDX5	Q63358
A6NDX5	G3V8S8
A6NDX5	Q96Q77
A6NDX5	B2RUY7
A6NDX5	Q9JIL3
A6NDX5	Q5PQK2
A6NDX5	P56959
A6NDX5	Q8NGF4
A6NDX5	XP_422768
A6NDX5	Q52KG4
A6NDX5	E9PYI1
A6NDX5	Q9P2G3
A6NDX5	Q13643
A6NDX5	Q9Z1P8
A6NDX5	Q9UHF7-2
A6NDX5	Q8CBA2
A6NDX5	Q3SWU3
A6NDX5	Q9NYZ4
A6NDX5	O60610-2
A6NDX5	A6NMX2
A6NDX5	Q99N11-2
A6NDX5	O70141
A6NDX5	Q99LQ7
A6NDX5	P50543
A6NDX5	Q14B02
A6NDX5	O08742
A6NDX5	XP_001072202
A6NDX5	P48304
A6NDX5	Q9NPI7
A6NDX5	O15353
A6NDX5	Q3UJF0
A6NDX5	P97583
A6NDX5	P32244
A6NDX5	XP_001077374
A6NDX5	P05556-2
A6NDX5	D3ZFA0
A6NDX5	Q8TAI7
A6NDX5	Q8VGK1
A6NDX5	Q8NGV0
A6NDX5	Q8NGH5
A6NDX5	B2RVZ1
A6NDX5	O60403
A6NDX5	A2AV13
A6NDX5	Q96R47
A6NDX5	Q8VGV7
A6NDX5	P14416-2
A6NDX5	Q8CGP6
A6NDX5	Q8NGI9
A6NDX5	D4AEN2
A6NDX5	Q8R0T6
A6NDX5	Q91V45
A6NDX5	Q924X1
A6NDX5	Q9QWY1
A6NDX5	P0DMR5
A6NDX5	Q9BV97
A6NDX5	P70387
A6NDX5	B4DXR9
A6NDX5	P70232-2
A6NDX5	P70628
A6NDX5	Q8TBZ8
A6NDX5	Q80Y83-11
A6NDX5	XP_003133393
A6NDX5	XP_001076743
A6NDX5	Q8VGV8
A6NDX5	Q811C0
A6NDX5	P53565
A6NDX5	B4F7C5
A6NDX5	Q80XG9
A6NDX5	A0A8I5ZXP5
A6NDX5	XP_038945835
A6NDX5	ENSRNOP00000071348
A6NDX5	Q9DBG9
A6NDX5	A0A0J9YU71
A6NDX5	Q9DAV5
A6NDX5	Q9BXJ0
A6NDX5	P21675-3
A6NDX5	Q96P48-1
A6NDX5	A9YD18
A6NDX5	A6H584
A6NDX5	Q3UXB0
A6NDX5	P0CJ85
A6NDX5	P0CJ86
A6NDX5	P0CJ88
A6NDX5	P0CJ89
A6NDX5	P0CJ90
A6NDX5	Q9UBX2
A6NDX5	Q8BM65-2
A6NDX5	Q6ZUX8
A6NDX5	Q5VW38-2
A6NDX5	Q61243
A6NDX5	Q96LA6
A6NDX5	Q9NX77
A6NDX5	Q6IE38
A6NDX5	Q9P0V8
A6NDX5	G3V7Q4
A6NDX5	Q53UA7
A6NDX5	Q99MS0
A6NDX5	Q5TLG7
A6NDX5	Q5U2Y6
A6NDX5	G3V6L9
A6NDX5	Q9UN67
A6NDX5	D3Z8R9
A6NDX5	Q3ZB60
A6NDX5	Q9ERZ8
A6NDX5	P21127-9
A6NDX5	Q7TRY2
A6NDX5	G5E8G2
A6NDX5	P30622-2
A6NDX5	Q8VGW6
A6NDX5	E9PW05
A6NDX5	A2A7V7
A6NDX5	Q9Z0H4-6
A6NDX5	E9PW76
A6NDX5	P37136
A6NDX5	Q9P2K5-3
A6NDX5	Q13422-7
A6NDX5	Q8IVW6-3
A6NDX5	P15209-2
A6NDX5	Q9UMR7
A6NDX5	G3UVT9
A6NDX5	Q3U492
A6NDX5	Q8NEM0-3
A6NDX5	Q3UP44
A6NDX5	P22934
A6NDX5	Q68FR2
A6NDX5	G5E833
A6NDX5	O75190-3
A6NDX5	O14727-6
A6NDX5	D3ZWP6
A6NDX5	F1LNJ1
A6NDX5	Q3U3V1
A6NDX5	A3KG57
A6NDX5	Q2VPR5
A6NDX5	Q71UF4
A6NDX5	Q16576
A6NDX5	Q60973
A6NDX5	Q3KRF1
A6NDX5	NP_446449
A6NDX5	D3ZNU4
A6NDX5	XP_003753305
A6NDX5	P09875
A6NDX5	Q8NDI1-2
A6NDX5	O14640-2
A6NDX5	D3ZI42
A6NDX5	Q7KZI7-11
A6NDX5	D3Z6V7
A6NDX5	D3ZV71
A6NDX5	Q9UDY2-3
A6NDX5	P11881-2
A6NDX5	Q9CQ70
A6NDX5	Q5FVG2
A6NDX5	Q5XIX0
A6NDX5	Q86VB7-3
A6NDX5	P31942-3
A6NDX5	P61602
A6NDX5	Q91X97
A6NDX5	P61601
A6NDX5	Q5PQN0
A6NDX5	O14908-2
A6NDX5	XP_038945886
A6NDX5	Q14687-2
A6NDX5	Q9H1R2-2
A6NDX5	P52925
A6NDX5	Q6J2U6
A6NDX5	Q9BXF3-2
A6NDX5	P17040-4
A6NDX5	Q9BQI5-4
A6NDX5	NP_536330
A6NDX5	P12788
A6NDX5	Q9JIR0
A6NDX5	D4A6T1
A6NDX5	NP_001257967
A6NDX5	D3ZTF2
A6NDX5	D3ZCF9
A6NDX5	Q8VG64
A6NDX5	Q7TRC3
A6NDX5	O94875-5
A6NDX5	Q9BZX4
A6NDX5	Q63HR2-2
A6NDX5	O43353-2
A6NDX5	D3ZY61
A6NDX5	A1L1J7
A6NDX5	Q92843-2
A6NDX5	D3Z822
A6NDX5	Q9JLB9-3
A6NDX5	Q8TEW8-2
A6NDX5	Q8NE86-2
A6NDX5	Q14669-4
A6NDX5	P0CW20
A6NDX5	P0CW19
A6NDX5	O43150-2
A6NDX5	Q8IZU9-2
A6NDX5	O95251-4
A6NDX5	XP_032746578
A6NDX5	Q8IZQ1-2
A6NDX5	Q9WUF2
A6NDX5	Q96EP1-5
A6NDX5	P46087-2
A6NDX5	Q16513-2
A6NDX5	Q9HB58-2
A6NDX5	Q9C026-4
A6NDX5	Q9BYE7-3
A6NDX5	Q96JM7-2
A6NDX5	Q14C86-5
A6NDX5	Q8IX03-2
A6NDX5	Q12906-7
A6NDX5	Q80Y50-3
A6NDX5	P0DJD3-3
A6NDX5	P25031
A6NDX5	Q9H7P9-2
A6NDX5	Q92800-4
A6NDX5	O95398-3
A6NDX5	A2AJT9-2
A6NDX5	Q9P2M4-2
A6NDX5	Q2HJE1
A6NDX5	E1B8T3
A6NDX5	F1MAA7
A6NDX5	F1MK73
A6NDX5	E1BDW9
A6NDX5	E1BC59
A6NDX5	Q6H8Q1-9
A6NDX5	Q14982-4
A6NDX5	Q92823-5
A6NDX5	Q6ZV29-5
A6NDX5	Q9NZM3-4
A6NDX5	Q9BQS8-4
A6NDX5	P06730-2
A6NDX5	P98171-2
A6NDX5	Q86VR7-2
A6NDX5	P51532-4
A6NDX5	Q13948-2
A6NDX5	Q9P2K3-3
A6NDX5	P0DPF4
A6NDX5	Q641Y1
A6NDX5	Q5PPH4
A6NDX5	P0DPF6
A6NDX5	Q8R4T2
A6NDX5	Q06986
A6NDX5	Q5M8C6
A6NDX5	Q672K1
A6NDX5	Q4KLN0
A6NDX5	D4A8X0
A6NDX5	Q5BK85
A6NDX5	Q3V009
A6NDX5	Q68DA7-5
A6NDX5	Q92851-4
A6NDX5	O60462-3
A6NDX5	A0A075B6K2
A6NDX5	A0A075B6S5
A6NDX5	P98095-2
A6NDX5	Q9UP65-3
A6NDX5	C9DQJ9
A6NDX5	A0A0G2JXN8
A6NDX5	Q9BY41-6
A6NDX5	Q96AX9-10
A6NDX5	Q9Y4I1-3
A6NDX5	A4KWA6
A6NDX5	XP_038953361
A6NDX5	S4R3Q2
A6NDX5	Q8R490
A6NDX5	D3ZYC1
A6NDX5	Q8BZX4-2
A6NDX5	A0A0B4J235
A6NDX5	B2RZ82
A6NDX5	Q5XIA9
A6NDX5	P56536
A6NDX5	Q7M767
A6NDX5	Q15819
A6NDX5	P08460
A6NDX5	Q5U2S6
A6NDX5	P16261
A6NDX5	XP_038936077
A6NDX5	P05541
A6NDX5	A0A0J9YXY3
A6NDX5	P0DPF7
A6NDX5	Q9JJS8
A6NDX5	Q6E0V2
A6NDX5	Q6V0K7
A6NDX5	Q63199
A6NDX5	P36407
A6NDX5	Q5QD06
A6NDX5	Q03070
A6NDX5	Q8CIX1
A6NDX5	NP_001102030
A6NDX5	Q63ZY8
A6NDX5	XP_006254272
A6NDX5	NP_001128028
A6NDX5	Q8IW35-2
A6NDX5	O08623-3
A6NDX5	Q12805-5
A6NDX5	Q62007
A6NDX5	Q63003
A6NDX5	Q14790-2
A6NDX5	Q9Y336-2
A6NDX5	A3KNA0
A6NDX5	D3ZY01
A6NDX5	F1M7L9
A6NDX5	Q9H9P2
A6NDX5	Q9EQY0
A6NDX5	Q9UMQ3
A6NDX5	P61082
A6NDX5	P61081
A6NDX5	NP_001101941
A6NDX5	O70492
A6NDX5	Q96DC8
A6NDX5	Q99MG9
A6NDX5	Q6PIL6
A6NDX5	Q6PHZ8
A6NDX5	Q8NH04
A6NDX5	O15539
A6NDX5	Q9BT88
A6NDX5	XP_001075834
A6NDX5	NP_001100446
A6NDX5	Q9NRW4
A6NDX5	D3ZT14
A6NDX5	O75897
A6NDX5	NP_001101122
A6NDX5	NP_001100831
A6NDX5	D3ZKI5
A6NDX5	M0R5Q3
A6NDX5	L0N7N1
A6NDX5	F1M7L9-2
A6NDX5	D3ZQ65
A6NDX5	NP_001007151
A6NDX5	Q5EBN2
A6NDX5	D3ZD05
A6NDX5	Q9WTK7
A6NDX5	G3UYQ4
A6NDX5	P35968
A6NDX5	O54781
A6NDX5	P12965
A6NDX5	P35991
A6NDX5	Q62829
A6NDX5	O08875
A6NDX5	Q1EG27
A6NDX5	Q64261
A6NDX5	P80192
A6NDX5	Q95YJ1
A6NDX5	Q8BI55
A6NDX5	Q99N13
A6NDX5	P11627
A6NDX5	O75688
A6NDX5	Q13202
A6NDX5	Q5XJV6
A6NDX5	O60936
A6NDX5	Q12866
A6NDX5	O54838
A6NDX5	P48754
A6NDX5	Q62662
A6NDX5	Q64487
A6NDX5	Q6A085
A6NDX5	P33076
A6NDX5	O15455
A6NDX5	Q13151
A6NDX5	Q61140
A6NDX5	P22455
A6NDX5	P38159
A6NDX5	Q9R0G8
A6NDX5	P70602
A6NDX5	Q2I0M5
A6NDX5	Q00238
A6NDX5	Q92796
A6NDX5	P59222
A6NDX5	P53812
A6NDX5	E9Q9B7
A6NDX5	Q76I79
A6NDX5	Q5EBL8
A6NDX5	Q91ZR2
A6NDX5	P15508
A6NDX5	G5E8K5
A6NDX5	O76021
A6NDX5	O35413
A6NDX5	Q7TQG1
A6NDX5	O60504-2
A6NDX5	A2APB8
A6NDX5	Q9UHL9
A6NDX5	Q9H8V3
A6NDX5	O43900
A6NDX5	P55292
A6NDX5	Q3ULA2
A6NDX5	Q96KR1
A6NDX5	P23772
A6NDX5	P59764
A6NDX5	O88572
A6NDX5	Q969W9
A6NDX5	Q9EPN1
A6NDX5	Q63HN8-5
A6NDX5	P07204
A6NDX5	Q8WYR4
A6NDX5	P02461
A6NDX5	P19221
A6NDX5	O60907
A6NDX5	Q8VI56
A6NDX5	Q9JM83
A6NDX5	Q99836
A6NDX5	Q8WXD0
A6NDX5	P05141
A6NDX5	Q62443
A6NDX5	P47971
A6NDX5	Q8BH34
A6NDX5	Q14692
A6NDX5	Q498T3
A6NDX5	Q07409
A6NDX5	Q9QXY1
A6NDX5	Q96PQ1
A6NDX5	Q68SN8
A6NDX5	Q9Y6K5
A6NDX5	Q7LDG7-2
A6NDX5	P33993
A6NDX5	O60224
A6NDX5	O75746
A6NDX5	P23949
A6NDX5	Q8TDY4
A6NDX5	P51687
A6NDX5	P70248
A6NDX5	P56484
A6NDX5	P04632
A6NDX5	Q14315
A6NDX5	Q5VUJ6
A6NDX5	Q62053
A6NDX5	Q15699
A6NDX5	P32883
A6NDX5	P08644
A6NDX5	O08584
A6NDX5	O35474
A6NDX5	Q9ERU3
A6NDX5	Q9CT10
A6NDX5	Q9BXR5
A6NDX5	O88398
A6NDX5	O14813
A6NDX5	Q9DBH0
A6NDX5	Q91VR5
A6NDX5	Q9BW19
A6NDX5	Q02297
A6NDX5	Q9CZW6
A6NDX5	Q9ES64
A6NDX5	P49650
A6NDX5	P08572
A6NDX5	Q96PX1
A6NDX5	O19443
A6NDX5	O94955
A6NDX5	Q3U497
A6NDX5	Q92952
A6NDX5	Q5VTT5
A6NDX5	Q8TBY0
A6NDX5	Q8CF98
A6NDX5	O00420
A6NDX5	P59900
A6NDX5	Q80WM9
A6NDX5	Q96S16
A6NDX5	Q99LM3
A6NDX5	Q7Z5P9
A6NDX5	Q96ET8
A6NDX5	O14595
A6NDX5	Q15916
A6NDX5	Q9Y5E4
A6NDX5	Q9UJ41
A6NDX5	Q80U95
A6NDX5	Q69Z66
A6NDX5	Q9ERE9
A6NDX5	Q6NUN9
A6NDX5	Q9BY79
A6NDX5	P26718
A6NDX5	Q9R0G6
A6NDX5	O75493
A6NDX5	Q9C0I1
A6NDX5	Q8K1C0
A6NDX5	Q80XA6
A6NDX5	Q9UK13
A6NDX5	Q641P0
A6NDX5	Q5DU56
A6NDX5	Q9ULL8
A6NDX5	O70477
A6NDX5	O88207
A6NDX5	O95983
A6NDX5	Q9HCJ6
A6NDX5	Q3UQ28
A6NDX5	Q99466
A6NDX5	P17031
A6NDX5	Q91XW8
A6NDX5	Q9Y5G6
A6NDX5	P55050
A6NDX5	P23083
A6NDX5	Q9GZL7
A6NDX5	O00194
A6NDX5	Q13478
A6NDX5	Q3U2P1
A6NDX5	Q86UE6
A6NDX5	Q60673
A6NDX5	P78357
A6NDX5	Q9NS98
A6NDX5	P97458
A6NDX5	P51162
A6NDX5	O35085
A6NDX5	Q14596
A6NDX5	Q8CIQ7
A6NDX5	Q8IZD9
A6NDX5	P51124
A6NDX5	Q925E0
A6NDX5	Q9CQ33
A6NDX5	Q8VC70
A6NDX5	Q9ULC3
A6NDX5	Q8R2V3
A6NDX5	Q99811
A6NDX5	Q7Z739
A6NDX5	P85298
A6NDX5	P22309
A6NDX5	Q9UIU6
A6NDX5	Q8CCE9
A6NDX5	Q8BG51
A6NDX5	Q9NZ09
A6NDX5	O15033
A6NDX5	Q8BLY1
A6NDX5	P20333
A6NDX5	Q6ZW76
A6NDX5	Q8BVT6
A6NDX5	O70258
A6NDX5	Q70E20
A6NDX5	Q9BQS7
A6NDX5	Q8N554
A6NDX5	Q68G74
A6NDX5	Q8R4U0
A6NDX5	YP_009725301
A6NDX5	Q15327
A6NDX5	Q9QYE0
A6NDX5	O55176
A6NDX5	Q9CY62
A6NDX5	Q6ZN18
A6NDX5	Q8IYP9
A6NDX5	Q9R0G7
A6NDX5	O75121
A6NDX5	Q80TG9
A6NDX5	Q6ZN55
A6NDX5	O94967
A6NDX5	P02745
A6NDX5	Q99LI5
A6NDX5	Q9D424
A6NDX5	P58544
A6NDX5	Q5RKI2
A6NDX5	Q80VA0
A6NDX5	Q9DAM5
A6NDX5	P29594
A6NDX5	Q5SUA5
A6NDX5	Q8K1S5
A6NDX5	P43487
A6NDX5	P52912
A6NDX5	Q6NZQ4
A6NDX5	Q14807
A6NDX5	Q9EQZ7
A6NDX5	Q62897
A6NDX5	Q9C0E8
A6NDX5	O75044
A6NDX5	A2RUF3
A6NDX5	P23743
A6NDX5	Q9QYY8
A6NDX5	Q9D4H9-1
A6NDX5	Q14151
A6NDX5	Q9ES00
A6NDX5	P78347-2
A6NDX5	P32418
A6NDX5	P97467
A6NDX5	O54968
A6NDX5	O88658
A6NDX5	P07307
A6NDX5	P51531
A6NDX5	Q9QX47
A6NDX5	O43765
A6NDX5	O00213
A6NDX5	O75153
A6NDX5	P35952
A6NDX5	Q9Y5E6
A6NDX5	P21730
A6NDX5	Q3TTA7
A6NDX5	Q15059
A6NDX5	Q5DT37
A6NDX5	P30874
A6NDX5	P10721
A6NDX5	O70293
A6NDX5	Q16690
A6NDX5	P35570
A6NDX5	Q9NSY0
A6NDX5	P46662
A6NDX5	XP_006230684
A6NDX5	O70162
A6NDX5	Q06124
A6NDX5	Q96SB3
A6NDX5	Q96RU7
A6NDX5	P32299
A6NDX5	Q9ES70
A6NDX5	P22607
A6NDX5	Q9QX70
A6NDX5	P24723
A6NDX5	P08413
A6NDX5	P28652
A6NDX5	Q8CFA1
A6NDX5	P52732
A6NDX5	O14578
A6NDX5	P51812
A6NDX5	P30285
A6NDX5	P10398
A6NDX5	Q8BWW9
A6NDX5	P18089
A6NDX5	P18265
A6NDX5	Q6XUX3
A6NDX5	Q92835
A6NDX5	Q9WUD9
A6NDX5	P25189
A6NDX5	Q9GZV7
A6NDX5	Q8VHQ2
A6NDX5	P35383
A6NDX5	O08749
A6NDX5	P62334
A6NDX5	P62333
A6NDX5	Q9JJ40
A6NDX5	Q9GZU7
A6NDX5	K4DI87
A6NDX5	P25122
A6NDX5	E9PVV3
A6NDX5	Q9JIY5
A6NDX5	Q6P2M8
A6NDX5	Q4FZS1
A6NDX5	Q9WVG6
A6NDX5	Q8CDU4
A6NDX5	Q91XW2
A6NDX5	Q640N3
A6NDX5	Q9NYQ7
A6NDX5	Q7TS39
A6NDX5	Q13470-2
A6NDX5	O08912
A6NDX5	Q86SX6
A6NDX5	P16219
A6NDX5	Q5F259
A6NDX5	Q8N126
A6NDX5	Q13049
A6NDX5	Q7Z7L9
A6NDX5	Q9BSG1
A6NDX5	Q9H6B9
A6NDX5	Q86WR6
A6NDX5	Q9JMB3
A6NDX5	Q924W6
A6NDX5	D4AAD6
A6NDX5	Q8R4I7
A6NDX5	P70611
A6NDX5	Q0VDQ9
A6NDX5	Q86UQ0
A6NDX5	Q9NPP4
A6NDX5	Q9Y4A9
A6NDX5	Q76MJ5
A6NDX5	Q3TXX3
A6NDX5	P70338
A6NDX5	P31977
A6NDX5	P26040
A6NDX5	Q3V132
A6NDX5	P0CAX5
A6NDX5	P35346
A6NDX5	Q6P7F1
A6NDX5	P32305
A6NDX5	Q9UHJ3-2
A6NDX5	Q62728
A6NDX5	P07478
A6NDX5	P52500
A6NDX5	Q9Y5R2
A6NDX5	XP_224403
A6NDX5	Q62181
A6NDX5	Q3UU21
A6NDX5	Q9C056
A6NDX5	Q9H511
A6NDX5	Q8VET3
A6NDX5	Q8VFE9
A6NDX5	D4A510
A6NDX5	XP_001077138
A6NDX5	Q9HAZ2
A6NDX5	P63267
A6NDX5	P63268
A6NDX5	P63269
A6NDX5	A0A087WUV0
A6NDX5	Q92520
A6NDX5	EDM09575
A6NDX5	Q5F201
A6NDX5	Q7Z6W7
A6NDX5	Q8NEJ0
A6NDX5	Q5XFW6
A6NDX5	Q64733
A6NDX5	Q96CB9
A6NDX5	O94810
A6NDX5	Q9CZT5
A6NDX5	Q13636
A6NDX5	Q8NC51-3
A6NDX5	O14907
A6NDX5	Q96HU1
A6NDX5	Q9JHJ8
A6NDX5	P20719
A6NDX5	Q5RJY2
A6NDX5	Q86VZ4
A6NDX5	D3ZED3
A6NDX5	P61793
A6NDX5	P61794
A6NDX5	YP_009725299
A6NDX5	NP_001100285
A6NDX5	Q86YS7-2
A6NDX5	Q9NS61
A6NDX5	Q9CQ46
A6NDX5	Q8BPP0
A6NDX5	D3YX43
A6NDX5	Q9C0E4-2
A6NDX5	Q6UX06
A6NDX5	Q5VST9-3
A6NDX5	Q3URZ6
A6NDX5	Q8K214
A6NDX5	P30936
A6NDX5	Q9BX82
A6NDX5	P21845
A6NDX5	Q8TEC5
A6NDX5	Q96D59
A6NDX5	Q96MR9
A6NDX5	Q66HB8
A6NDX5	Q6IMI4
A6NDX5	Q8VFX2
A6NDX5	Q8R0Z6
A6NDX5	A6NDL8
A6NDX5	Q9NPR9
A6NDX5	A6NM28
A6NDX5	Q96IS3
A6NDX5	YP_009725305
A6NDX5	Q3YBR2-2
A6NDX5	O70138
A6NDX5	Q9NSE2-3
A6NDX5	P11214
A6NDX5	A1YIY0
A6NDX5	P52951
A6NDX5	Q3URE9
A6NDX5	O14508
A6NDX5	Q9D9J3
A6NDX5	Q8BHB0
A6NDX5	O00110
A6NDX5	Q86SE9
A6NDX5	Q6T3U4
A6NDX5	Q8IVC4
A6NDX5	B2RVE2
A6NDX5	P29353-3
A6NDX5	Q3UP75
A6NDX5	B2GV82
A6NDX5	Q3KQZ1
A6NDX5	O75973
A6NDX5	O15335
A6NDX5	Q3U2C5
A6NDX5	XP_001053103
A6NDX5	P18627
A6NDX5	Q9ER64
A6NDX5	Q9NRA1
A6NDX5	Q9CWR2
A6NDX5	D3YY23
A6NDX5	Q68CR7
A6NDX5	Q05030
A6NDX5	Q8BLB8
A6NDX5	Q9P2J8
A6NDX5	Q96NL0
A6NDX5	P19224
A6NDX5	Q920H4
A6NDX5	Q8R1M8
A6NDX5	Q9UPM6
A6NDX5	P0C7X3
A6NDX5	O43866
A6NDX5	V9GX34
A6NDX5	Q6P9L4
A6NDX5	Q9UBS3
A6NDX5	Q8BNE1
A6NDX5	Q8K385
A6NDX5	E9Q5R7
A6NDX5	Q8VFZ8
A6NDX5	Q9D241
A6NDX5	Q5JPF3-3
A6NDX5	Q53EV4
A6NDX5	Q9CQ29
A6NDX5	Q5DID3
A6NDX5	Q80WM7
A6NDX5	Q8NGN1
A6NDX5	Q8IYR6
A6NDX5	Q8IU80
A6NDX5	Q69ZI1-2
A6NDX5	Q5VVH2
A6NDX5	Q9Y5I0
A6NDX5	O00468-6
A6NDX5	P23497-7
A6NDX5	Q96KQ7
A6NDX5	P0DPB6
A6NDX5	Q6KCM7
A6NDX5	O60304
A6NDX5	BAC32772
A6NDX5	Q66K79
A6NDX5	Q99N23
A6NDX5	P17025
A6NDX5	A0A0J9YUZ3
A6NDX5	Q8N1T3-3
A6NDX5	O75373
A6NDX5	V9GXT3
A6NDX5	Q4KN81
A6NDX5	Q76LT8
A6NDX5	Q4FZR7
A6NDX5	Q6IE19
A6NDX5	Q8K4G5-2
A6NDX5	P35285
A6NDX5	XP_001063210
A6NDX5	NP_001000074
A6NDX5	Q68FP1
A6NDX5	XP_001054187
A6NDX5	XP_001079068
A6NDX5	D4A0F3
A6NDX5	Q63475
A6NDX5	P63123
A6NDX5	Q8NFD5-3
A6NDX5	Q9HBX8-1
A6NDX5	XP_003085306
A6NDX5	Q9P1C3
A6NDX5	O95251-2
A6NDX5	Q9QUK4
A6NDX5	XP_341715
A6NDX5	D4ACZ8
A6NDX5	Q3TNQ6
A6NDX5	Q7TRD9
A6NDX5	Q8BK84
A6NDX5	A6NAV5
A6NDX5	Q9GZN4
A6NDX5	Q4G0W2
A6NDX5	Q6ZT89
A6NDX5	Q3UFN1
A6NDX5	B5DEF8
A6NDX5	Q5M9F1
A6NDX5	W8DXL4
A6NDX5	A0A075B6K5
A6NDX5	Q8VEX0
A6NDX5	Q45NC2
A6NDX5	Q63117
A6NDX5	Q2TGK3
A6NDX5	ENSRNOP00000038008
A6NDX5	P29315
A6NDX5	O60573
A6NDX5	Q505H4
A6NDX5	A1A5S2
A6NDX5	D3ZLN6
A6NDX5	Q69ZK5
A6NDX5	ENSRNOP00000009416
A6NDX5	Q7Z5L3
A6NDX5	Q5FX52
A6NDX5	XP_220775
A6NDX5	Q15475
A6NDX5	Q62231
A6NDX5	G3V970
A6NDX5	D4A2Z8
A6NDX5	Q8NGM8
A6NDX5	B2RYJ8
A6NDX5	Q3UTA9
A6NDX5	Q3UWJ5
A6NDX5	P28867-2
A6NDX5	Q6AY01
A6NDX5	P14653
A6NDX5	Q08731
A6NDX5	Q8WW59
A6NDX5	D3ZIN4
A6NDX5	Q61575
A6NDX5	Q9Y2T6
A6NDX5	Q9ESP4
A6NDX5	P21451
A6NDX5	Q1AAU6
A6NDX5	Q8CHJ4
A6NDX5	Q8BG19
A6NDX5	D3ZFK8
A6NDX5	NP_523941
A6NDX5	O09027
A6NDX5	P46090
A6NDX5	Q8NGL9
A6NDX5	P16157-17
A6NDX5	Q9D8T3
A6NDX5	Q8NGZ3
A6NDX5	Q8NGN5
A6NDX5	Q96R08
A6NDX5	Q8NGS9
A6NDX5	Q14626
A6NDX5	Q9NS75
A6NDX5	Q9Y5P0
A6NDX5	O55040
A6NDX5	E9Q9D5
A6NDX5	Q8NGJ6
A6NDX5	Q91VL6
A6NDX5	Q8VHQ4
A6NDX5	Q96S21
A6NDX5	Q9R0M1
A6NDX5	Q8NGE3
A6NDX5	NP_001100487
A6NDX5	Q61382
A6NDX5	XP_223280
A6NDX5	Q8BR13
A6NDX5	Q9CQW3
A6NDX5	EDL23927
A6NDX5	A6NN14
A6NDX5	P05977-2
A6NDX5	Q9BUA6
A6NDX5	Q5EBM4
A6NDX5	P0C2W1
A6NDX5	A2AWL9
A6NDX5	Q8BG26-3
A6NDX5	XP_038936293
A6NDX5	Q643R3
A6NDX5	NP_001001270
A6NDX5	Q9BTC0-3
A6NDX5	Q8CAC8
A6NDX5	Q9NZS2
A6NDX5	D4ACC4
A6NDX5	F6TDL0
A6NDX5	XP_002729379
A6NDX5	Q0P688
A6NDX5	Q3V061
A6NDX5	Q4KL31
A6NDX5	P0CG36
A6NDX5	B2RNN3
A6NDX5	Q13588
A6NDX5	Q9H8S5
A6NDX5	Q53S08
A6NDX5	P35580-2
A6NDX5	Q16576-2
A6NDX5	A2AWF2
A6NDX5	Q8IUQ4-2
A6NDX5	Q8BM65-4
A6NDX5	P01814
A6NDX5	Q8R4Y0
A6NDX5	A8MYZ5
A6NDX5	P61570
A6NDX5	B9EJP9
A6NDX5	Q8N7X8
A6NDX5	Q9D3G2
A6NDX5	P0C0R5
A6NDX5	Q68FU8
A6NDX5	Q6IE50
A6NDX5	Q9R189
A6NDX5	G3V681
A6NDX5	Q5XI38
A6NDX5	Q61233
A6NDX5	NP_001037699
A6NDX5	P97819-2
A6NDX5	Q5U313
A6NDX5	Q6AXW2
A6NDX5	Q9H195
A6NDX5	Q86TZ1
A6NDX5	Q6AZY7-2
A6NDX5	P23467-3
A6NDX5	A1Z198-2
A6NDX5	NP_001100359
A6NDX5	Q8VF02
A6NDX5	D3ZYT8
A6NDX5	Q8C7J6
A6NDX5	E9Q0W1
A6NDX5	P29353-6
A6NDX5	Q6P8K5
A6NDX5	Q9Y467-3
A6NDX5	Q12872-2
A6NDX5	O43379-4
A6NDX5	Q6W2J9-2
A6NDX5	Q6TUD1
A6NDX5	C9JJ37
A6NDX5	Q6P792
A6NDX5	Q6PB90
A6NDX5	Q80TM9-6
A6NDX5	P21803-2
A6NDX5	Q3SWU4
A6NDX5	Q8JZR2
A6NDX5	P46108-2
A6NDX5	P02633
A6NDX5	Q717B2
A6NDX5	Q6IE32
A6NDX5	P49458-2
A6NDX5	F1LRV9
A6NDX5	D3ZH28
A6NDX5	Q920M2
A6NDX5	Q86Y39-2
A6NDX5	XP_342346
A6NDX5	B0BND0
A6NDX5	D3ZDH4
A6NDX5	F1LPI5
A6NDX5	D3ZU96
A6NDX5	D3ZTC5
A6NDX5	A8MVZ5
A6NDX5	XP_619973
A6NDX5	Q62789
A6NDX5	Q86Y91-6
A6NDX5	P52701-2
A6NDX5	Q05655-2
A6NDX5	D4ABC5
A6NDX5	Q9BXM0-3
A6NDX5	Q0V8T6
A6NDX5	Q6REY9
A6NDX5	Q8R553
A6NDX5	Q920D5
A6NDX5	Q6ZUT9
A6NDX5	P42684-6
A6NDX5	Q5XIM0
A6NDX5	Q07009
A6NDX5	D3ZQ57
A6NDX5	Q6PCT2-2
A6NDX5	Q15811-3
A6NDX5	Q6IA17-2
A6NDX5	O94966-7
A6NDX5	Q99P74
A6NDX5	Q6ZMR5-1
A6NDX5	Q99590-2
A6NDX5	Q68LP1
A6NDX5	D4A7X7
A6NDX5	Q7TRG8
A6NDX5	Q60884
A6NDX5	NP_001102530
A6NDX5	D3ZFB7
A6NDX5	D4A431
A6NDX5	Q9H2D6-5
A6NDX5	Q8IYJ3-2
A6NDX5	D3ZLG1
A6NDX5	D3ZIM5
A6NDX5	Q15464-2
A6NDX5	D3ZEI4
A6NDX5	Q9H4G0-4
A6NDX5	Q93062-3
A6NDX5	Q8NG66-4
A6NDX5	Q8NE86-3
A6NDX5	Q9NYV4-3
A6NDX5	P26045-2
A6NDX5	Q9NR80-4
A6NDX5	Q8TEU7-2
A6NDX5	Q8K557
A6NDX5	Q86WJ1-2
A6NDX5	Q00911
A6NDX5	Q9UNL4-3
A6NDX5	P38159-3
A6NDX5	Q6KCM7-4
A6NDX5	Q9HAU0-3
A6NDX5	P16157-4
A6NDX5	P54198-2
A6NDX5	Q71UI9-2
A6NDX5	Q8IWJ2-3
A6NDX5	P01732-2
A6NDX5	P78347-4
A6NDX5	Q3US41
A6NDX5	Q8C078-2
A6NDX5	Q9UNP9-3
A6NDX5	P70397-2
A6NDX5	A2A473
A6NDX5	P02751-7
A6NDX5	Q969H0-4
A6NDX5	Q0GKD5
A6NDX5	Q9BTT0-2
A6NDX5	Q8N2R0-3
A6NDX5	Q5CD77
A6NDX5	A6H7G2
A6NDX5	Q0V898
A6NDX5	P21675-5
A6NDX5	Q2TA45
A6NDX5	F1MQU4
A6NDX5	P21675-4
A6NDX5	Q0VCZ5
A6NDX5	P78352-2
A6NDX5	O94856-9
A6NDX5	Q14168-4
A6NDX5	O43149-3
A6NDX5	Q9UMY4-1
A6NDX5	P56163
A6NDX5	Q5XIN7
A6NDX5	Q96RR4-4
A6NDX5	O88780
A6NDX5	Q78ZR5
A6NDX5	Q8R1H0
A6NDX5	Q99PJ7
A6NDX5	Q5U201
A6NDX5	D3Z8L7
A6NDX5	Q9NUL3-3
A6NDX5	Q66H63
A6NDX5	B3EY83
A6NDX5	A0A0K0K1D8
A6NDX5	P21744
A6NDX5	A0A0J9YX75
A6NDX5	Q921U8-2
A6NDX5	Q61029-2
A6NDX5	Q8R516-2
A6NDX5	Q6AXU4
A6NDX5	D3ZDK7
A6NDX5	D3ZKV9
A6NDX5	P98155-2
A6NDX5	P25189-2
A6NDX5	Q9UNT1-2
A6NDX5	A0A075B6K0
A6NDX5	O60423-1
A6NDX5	D3ZFC5
A6NDX5	Q5SVS4-2
A6NDX5	Q3B7V5
A6NDX5	Q9Y2G2-3
A6NDX5	Q8VHD7
A6NDX5	O14974-3
A6NDX5	P29728-2
A6NDX5	M0RE14
A6NDX5	A4KWA8
A6NDX5	XP_017453297
A6NDX5	R4GMX3
A6NDX5	G3V6M8
A6NDX5	NP_001163897
A6NDX5	A0A075B6U4
A6NDX5	D3ZY75
A6NDX5	Q5HZE0
A6NDX5	Q63796
A6NDX5	D4AD02
A6NDX5	P98106
A6NDX5	Q9WUC8
A6NDX5	P35859
A6NDX5	Q566D0
A6NDX5	Q56A20
A6NDX5	Q923Y3
A6NDX5	Q64610
A6NDX5	Q04827
A6NDX5	A0A075B6N3
A6NDX5	D3ZAB6
A6NDX5	A0A0G2K946
A6NDX5	M0R7V5
A6NDX5	NP_001292205
A6NDX5	XP_017455832
A6NDX5	XP_008759454
A6NDX5	Q9Y3E7-3
A6NDX5	NP_001163799
A6NDX5	XP_017446628
A6NDX5	Q9NZN4-2
A6NDX5	G3X9R7
A6NDX5	Q96L93-2
A6NDX5	Q96RG2-2
A6NDX5	Q9UI40-2
A6NDX5	Q5FVH1
A6NDX5	Q9Y2Y1
A6NDX5	Q9CQZ7
A6NDX5	D3ZP15
A6NDX5	Q8BHH2
A6NDX5	A0A096MJT2
A6NDX5	Q14517
A6NDX5	P52298
A6NDX5	Q9D4J1
A6NDX5	P04271
A6NDX5	Q63584
A6NDX5	O08852
A6NDX5	P15090
A6NDX5	P58466
A6NDX5	P63220
A6NDX5	O75592
A6NDX5	Q8BLS7
A6NDX5	P12970
A6NDX5	XP_220916
A6NDX5	NP_001163930
A6NDX5	NP_001101565
A6NDX5	B1WBZ1
A6NDX5	B2RQG2
A6NDX5	EDL78247
A6NDX5	XP_221191
A6NDX5	NP_001102218
A6NDX5	Q8NA23-2
A6NDX5	D3ZYS4
A6NDX5	Q9ERZ6
A6NDX5	Q9UKJ3
A6NDX5	A2A884
A6NDX5	XP_342487
A6NDX5	D4A6X1
A6NDX5	Q61410
A6NDX5	Q7TQN4
A6NDX5	P49427
A6NDX5	O70551
A6NDX5	P00536
A6NDX5	P35348
A6NDX5	Q61036
A6NDX5	O35491
A6NDX5	Q3UHJ0
A6NDX5	Q00534
A6NDX5	Q4KM47
A6NDX5	D3ZV33
A6NDX5	Q9ESG9
A6NDX5	Q9NR20
A6NDX5	P32004
A6NDX5	Q96Q04
A6NDX5	O09127
A6NDX5	Q00993
A6NDX5	Q05923
A6NDX5	P38398
A6NDX5	Q922K9
A6NDX5	Q9UEG4
A6NDX5	P29317
A6NDX5	P16573
A6NDX5	Q9CX34
A6NDX5	P59708
A6NDX5	NP_001258151
A6NDX5	Q9Y3B4
A6NDX5	P32245
A6NDX5	Q8WV28
A6NDX5	Q6PDQ2
A6NDX5	Q8BUM3
A6NDX5	O35326
A6NDX5	Q09167
A6NDX5	P04439
A6NDX5	P04439_VAR_T345S
A6NDX5	P04439_VAR_N151K
A6NDX5	P04439_VAR_R68K
A6NDX5	P04439_VAR_E277K
A6NDX5	Q61152
A6NDX5	Q14451
A6NDX5	O14543
A6NDX5	P56671
A6NDX5	A8QJL8
A6NDX5	Q80UP5
A6NDX5	Q96GP6
A6NDX5	Q9R0I6
A6NDX5	P53811
A6NDX5	Q6P1G2
A6NDX5	Q62696
A6NDX5	Q01082
A6NDX5	Q8WVD3
A6NDX5	Q96RF0
A6NDX5	P11277
A6NDX5	Q6ZPY5
A6NDX5	Q9CS72
A6NDX5	O94875
A6NDX5	Q9Y2H5
A6NDX5	Q96PU5
A6NDX5	Q9ULW0
A6NDX5	Q9UBW7
A6NDX5	P62937
A6NDX5	Q9Z2V5
A6NDX5	O54834
A6NDX5	Q9Y297
A6NDX5	Q08426
A6NDX5	P09429
A6NDX5	P10103
A6NDX5	Q8NDX1
A6NDX5	Q9UPQ4
A6NDX5	Q8NFP9
A6NDX5	Q9WV71
A6NDX5	Q8CIB6
A6NDX5	Q9DBS9
A6NDX5	P00734
A6NDX5	P43088
A6NDX5	O75096
A6NDX5	P42025
A6NDX5	Q99614
A6NDX5	Q15818
A6NDX5	O95025
A6NDX5	Q13829
A6NDX5	Q9NXR8
A6NDX5	Q810B9
A6NDX5	O95049
A6NDX5	Q92851
A6NDX5	Q96P31
A6NDX5	Q3U0D9
A6NDX5	Q86UV5
A6NDX5	Q14139
A6NDX5	P47974
A6NDX5	Q8IXQ6
A6NDX5	Q91YE7
A6NDX5	Q62179
A6NDX5	P51685
A6NDX5	Q5SSG4
A6NDX5	Q2M3V2
A6NDX5	P43116
A6NDX5	Q99612
A6NDX5	O43854
A6NDX5	Q6FIF0
A6NDX5	P17026
A6NDX5	P00451
A6NDX5	Q6UB99
A6NDX5	Q2Q0I9
A6NDX5	Q9UPS8
A6NDX5	Q8VFV2
A6NDX5	Q8BIW1
A6NDX5	B2RTY4
A6NDX5	Q8WZA2
A6NDX5	Q08257
A6NDX5	P39654
A6NDX5	Q9NTX7
A6NDX5	Q9JLZ3
A6NDX5	Q53QZ3
A6NDX5	P09622
A6NDX5	Q96S59
A6NDX5	Q8R2G6
A6NDX5	Q99PE2
A6NDX5	Q8NCW0
A6NDX5	Q8K415
A6NDX5	D3ZNF9
A6NDX5	Q3B8P2
A6NDX5	Q68FM7
A6NDX5	P10639
A6NDX5	O15232
A6NDX5	O75095
A6NDX5	Q6ZUT9-2
A6NDX5	O60941-2
A6NDX5	Q9H9P5-6
A6NDX5	Q9NT22
A6NDX5	O15021-4
A6NDX5	Q8BVW3
A6NDX5	Q8CHP8
A6NDX5	Q8N4T4
A6NDX5	O43808
A6NDX5	P31997
A6NDX5	Q8BL80
A6NDX5	Q91Y10
A6NDX5	Q7TN88
A6NDX5	Q9HDB9
A6NDX5	Q9WTV6
A6NDX5	Q13387
A6NDX5	Q8TF45
A6NDX5	Q60980
A6NDX5	P97318-3
A6NDX5	P49747
A6NDX5	Q7TPQ3
A6NDX5	Q5VTE6
A6NDX5	Q9P1U1
A6NDX5	Q8IY47
A6NDX5	Q5VV52
A6NDX5	Q8K4D3
A6NDX5	Q9UDV7
A6NDX5	P55347
A6NDX5	P20908
A6NDX5	Q8BN58
A6NDX5	Q9H2X3
A6NDX5	A1L1L3
A6NDX5	Q8VG05
A6NDX5	Q8VCM7
A6NDX5	O75344
A6NDX5	Q99MT7
A6NDX5	P12104
A6NDX5	Q6P4U0
A6NDX5	Q9WVJ9
A6NDX5	Q571J5
A6NDX5	Q9Z2B1
A6NDX5	Q8K3J5
A6NDX5	O95486
A6NDX5	Q6PHS6
A6NDX5	Q8CGU1
A6NDX5	O55106
A6NDX5	Q16849
A6NDX5	Q8CFF0
A6NDX5	A0A0G2JTL9
A6NDX5	O35136
A6NDX5	Q8WV16
A6NDX5	O43464
A6NDX5	O75360
A6NDX5	P51161
A6NDX5	Q8BKK5
A6NDX5	Q91ZT5
A6NDX5	Q96QS3
A6NDX5	Q0VGT2
A6NDX5	Q9NY99
A6NDX5	Q15434
A6NDX5	P55198
A6NDX5	Q91XY5
A6NDX5	Q9Y5H0
A6NDX5	Q8CCK0
A6NDX5	B1WC28
A6NDX5	Q9BWS9
A6NDX5	Q9Z0F4
A6NDX5	Q8VEF1
A6NDX5	Q9BUP0
A6NDX5	Q61330
A6NDX5	Q66K89
A6NDX5	Q8BUV8
A6NDX5	Q61712
A6NDX5	Q9H4F8
A6NDX5	Q9D8B7
A6NDX5	Q6AHZ1
A6NDX5	Q3U0S6
A6NDX5	O70167
A6NDX5	O43556
A6NDX5	P30204
A6NDX5	P42081
A6NDX5	Q9DAZ9
A6NDX5	Q6DJT9
A6NDX5	Q9EQW7
A6NDX5	Q9P0P0
A6NDX5	O60315
A6NDX5	Q6NXL5
A6NDX5	Q9D9M2
A6NDX5	Q921J4
A6NDX5	Q8R0F9
A6NDX5	Q9ULH4
A6NDX5	Q9NRD9
A6NDX5	Q9BYX7
A6NDX5	Q9R098
A6NDX5	Q99J79
A6NDX5	Q91YR9
A6NDX5	P42575
A6NDX5	Q13352
A6NDX5	B0I1T2
A6NDX5	Q99K90
A6NDX5	P13020
A6NDX5	Q6ZW49
A6NDX5	A7KAX9
A6NDX5	Q9UQ26
A6NDX5	Q8NEY1
A6NDX5	P55284
A6NDX5	Q9Z0V1
A6NDX5	Q7TN29
A6NDX5	Q8VIK5
A6NDX5	Q9UBP0
A6NDX5	Q15811
A6NDX5	Q96T58
A6NDX5	P59328
A6NDX5	Q62468
A6NDX5	O14981
A6NDX5	O95155
A6NDX5	Q18PI6
A6NDX5	O35433
A6NDX5	P35378
A6NDX5	P19021
A6NDX5	Q60795
A6NDX5	P25490
A6NDX5	Q9D832
A6NDX5	Q9WVA3
A6NDX5	O43684-2
A6NDX5	Q4FZS2
A6NDX5	P35951
A6NDX5	Q8CIR4
A6NDX5	Q9D1E6
A6NDX5	Q13813
A6NDX5	Q13191
A6NDX5	Q7JJ13
A6NDX5	Q99N27
A6NDX5	Q5DT36
A6NDX5	P47936
A6NDX5	P53355
A6NDX5	P43250
A6NDX5	Q16828
A6NDX5	P35569
A6NDX5	Q99J45
A6NDX5	P26819
A6NDX5	P51682
A6NDX5	Q8K4K3
A6NDX5	Q15418
A6NDX5	P30411
A6NDX5	Q96J92
A6NDX5	P09215
A6NDX5	O43187
A6NDX5	P46109
A6NDX5	Q80UE6
A6NDX5	P33981
A6NDX5	P24941
A6NDX5	Q13526
A6NDX5	Q63433
A6NDX5	O95819
A6NDX5	P53670
A6NDX5	P55285
A6NDX5	Q96GD4
A6NDX5	P49962
A6NDX5	P97435
A6NDX5	Q8VHH5
A6NDX5	Q92932
A6NDX5	Q63699
A6NDX5	Q8NFA2
A6NDX5	Q8BGX0
A6NDX5	Q9EPL5
A6NDX5	P98199
A6NDX5	Q8BFS8
A6NDX5	P10894
A6NDX5	Q80Y14
A6NDX5	Q8IXI1
A6NDX5	Q07417
A6NDX5	P49662
A6NDX5	Q99N28
A6NDX5	Q1WIM3
A6NDX5	Q8CH72
A6NDX5	Q07230
A6NDX5	Q8BIQ3
A6NDX5	P26951
A6NDX5	Q3V1F8
A6NDX5	Q9D979
A6NDX5	Q8WXH4
A6NDX5	P98196
A6NDX5	Q8C7M3
A6NDX5	NP_001101153
A6NDX5	Q14183
A6NDX5	NP_001008301
A6NDX5	Q8IUE1
A6NDX5	Q86XU0
A6NDX5	Q9H4D5
A6NDX5	P30954
A6NDX5	Q9Z2E3
A6NDX5	Q9P2E3
A6NDX5	Q8C008
A6NDX5	Q99684
A6NDX5	Q99J31
A6NDX5	Q62520
A6NDX5	Q96JB8
A6NDX5	P17426
A6NDX5	Q6PFX7
A6NDX5	P07146
A6NDX5	Q5BJU0
A6NDX5	P62071
A6NDX5	P62070
A6NDX5	A5PKL2
A6NDX5	Q13461
A6NDX5	Q53H47
A6NDX5	Q9R0S2
A6NDX5	Q80W71
A6NDX5	NP_001101193
A6NDX5	A2A935
A6NDX5	Q99983
A6NDX5	Q91VU0
A6NDX5	Q9JLT8
A6NDX5	Q8WVV5
A6NDX5	Q8BUM9
A6NDX5	Q9QYI8
A6NDX5	Q8VE01
A6NDX5	Q12947
A6NDX5	Q9Z0L5
A6NDX5	Q9CZ57
A6NDX5	Q9Z2H1
A6NDX5	Q921E2
A6NDX5	Q9BX66-10
A6NDX5	Q00059
A6NDX5	Q6P3E7
A6NDX5	Q8VCZ6
A6NDX5	Q8CJ19
A6NDX5	P09021
A6NDX5	Q4VX76
A6NDX5	Q8CB67
A6NDX5	XP_003688945
A6NDX5	Q92633
A6NDX5	Q99NE5-7
A6NDX5	Q96IZ5-3
A6NDX5	Q14773-3
A6NDX5	O15405
A6NDX5	Q3UZZ4
A6NDX5	P36941
A6NDX5	Q3UP24
A6NDX5	Q6P9F5
A6NDX5	Q8BJ21
A6NDX5	F7CKP4
A6NDX5	Q8QZS5
A6NDX5	Q3URI6
A6NDX5	Q9H0M0
A6NDX5	Q86SQ3
A6NDX5	Q9QY61
A6NDX5	P32242
A6NDX5	Q8NI99
A6NDX5	A6NCV1
A6NDX5	Q91WD0
A6NDX5	Q62396
A6NDX5	Q96H78
A6NDX5	Q9HBT8
A6NDX5	Q9Y575
A6NDX5	P48031
A6NDX5	O15195
A6NDX5	Q8IZM9
A6NDX5	P52954
A6NDX5	O35717
A6NDX5	Q9UKP4
A6NDX5	Q9C0D4
A6NDX5	Q3UK78
A6NDX5	Q8NGV5
A6NDX5	Q8BX07
A6NDX5	NP_001100418
A6NDX5	Q8VEJ4
A6NDX5	Q8CFI0-3
A6NDX5	Q5VZY9
A6NDX5	O88992
A6NDX5	O00155
A6NDX5	Q8NC42
A6NDX5	A1A5P1
A6NDX5	E9PV86
A6NDX5	Q61158
A6NDX5	Q08AT1
A6NDX5	B1AY40
A6NDX5	Q7KZI7-13
A6NDX5	Q5NCC3
A6NDX5	P25105
A6NDX5	P21995
A6NDX5	P0C6C1
A6NDX5	A2AQA1
A6NDX5	Q14CG6
A6NDX5	Q0VEF4
A6NDX5	M0R8P6
A6NDX5	Q15746-2
A6NDX5	P33763
A6NDX5	A5A3E0
A6NDX5	O95755
A6NDX5	Q9R1R0
A6NDX5	O75593
A6NDX5	Q9NZR4
A6NDX5	Q9QWK4
A6NDX5	Q8BME9
A6NDX5	Q9QYI6
A6NDX5	Q9Y4C2
A6NDX5	Q9D1G5
A6NDX5	Q8CEQ9
A6NDX5	Q9NXI6
A6NDX5	Q7Z407-3
A6NDX5	Q61016
A6NDX5	A2AJK6
A6NDX5	Q02978-2
A6NDX5	P83105
A6NDX5	Q5DID0
A6NDX5	Q6UY18
A6NDX5	Q9NSD4
A6NDX5	Q5XPI3
A6NDX5	Q6PFE7
A6NDX5	Q9DBI0
A6NDX5	Q5SSG5
A6NDX5	Q96S79
A6NDX5	Q9UII5
A6NDX5	Q75MW2
A6NDX5	P0CB48
A6NDX5	Q15063-4
A6NDX5	P97304
A6NDX5	Q8NF91-3
A6NDX5	Q9H461
A6NDX5	Q14088
A6NDX5	Q9UKT6
A6NDX5	Q8R4V4
A6NDX5	P10925
A6NDX5	Q6P560
A6NDX5	P59383
A6NDX5	P20662
A6NDX5	Q2WF71
A6NDX5	P23953
A6NDX5	E9Q532
A6NDX5	O54965
A6NDX5	Q7Z3J3
A6NDX5	Q8C0L3
A6NDX5	XP_001080410
A6NDX5	B0BN19
A6NDX5	Q9QXS1-3
A6NDX5	XP_217680
A6NDX5	XP_577770
A6NDX5	XP_001062856
A6NDX5	Q5YB86
A6NDX5	Q4QQS0
A6NDX5	XP_006222868
A6NDX5	O08662
A6NDX5	Q02880-2
A6NDX5	P41516
A6NDX5	Q9JL99
A6NDX5	P63281
A6NDX5	P63280
A6NDX5	P63279
A6NDX5	Q15642-3
A6NDX5	Q60806-2
A6NDX5	Q9NPA2
A6NDX5	Q7TR76
A6NDX5	P31387
A6NDX5	Q9Y337
A6NDX5	F1LNP8
A6NDX5	Q9ER10
A6NDX5	B5DF11
A6NDX5	O88878
A6NDX5	Q8BTR5
A6NDX5	Q8BW66
A6NDX5	Q5XIC0
A6NDX5	P07896
A6NDX5	Q969G2
A6NDX5	Q9NXU5
A6NDX5	Q3T1K6
A6NDX5	NP_001264094
A6NDX5	Q499R0
A6NDX5	XP_001080166
A6NDX5	Q5PQN1
A6NDX5	Q0VGK4
A6NDX5	Q8NGK5
A6NDX5	XP_001080260
A6NDX5	NP_001178873
A6NDX5	P17035
A6NDX5	Q8CFR0
A6NDX5	A1L112
A6NDX5	Q9CR58
A6NDX5	F1M4N6
A6NDX5	XP_001077277
A6NDX5	P01854
A6NDX5	P49841-2
A6NDX5	Q9BZR9
A6NDX5	Q5Y7H0
A6NDX5	P17919
A6NDX5	Q91WK1
A6NDX5	D3ZY07
A6NDX5	A0PJX0
A6NDX5	Q9BWX1
A6NDX5	P30729
A6NDX5	Q8BLD9
A6NDX5	D4ADG4
A6NDX5	XP_003086357
A6NDX5	Q9QYP2
A6NDX5	Q64121
A6NDX5	Q3SXJ3
A6NDX5	B2RZ59
A6NDX5	Q7TNZ5
A6NDX5	NP_726730
A6NDX5	Q8NGH8
A6NDX5	A6NF89
A6NDX5	Q8NG76
A6NDX5	Q64385
A6NDX5	Q920A1
A6NDX5	Q9Y2G2
A6NDX5	Q5XIQ1
A6NDX5	Q8VH13
A6NDX5	NP_001101533
A6NDX5	Q7Z444
A6NDX5	P11610
A6NDX5	Q8VGJ1
A6NDX5	Q9QWX8
A6NDX5	P62992
A6NDX5	P62983
A6NDX5	P62979
A6NDX5	P62982
A6NDX5	P16473-2
A6NDX5	O14931
A6NDX5	A2CE44
A6NDX5	Q62082
A6NDX5	NP_001101120
A6NDX5	Q96N20
A6NDX5	Q8K3B1
A6NDX5	Q9CYG7-2
A6NDX5	Q5TCQ9-3
A6NDX5	Q8VES9
A6NDX5	Q80U62-4
A6NDX5	P07585-3
A6NDX5	NP_001074839
A6NDX5	Q920L0
A6NDX5	A1A5Q0
A6NDX5	F1M495
A6NDX5	NP_001102956
A6NDX5	D3ZMS7
A6NDX5	ENSRNOP00000030895
A6NDX5	Q9CX99
A6NDX5	Q8C8Y2
A6NDX5	Q7TRU0
A6NDX5	B4DRA0
A6NDX5	Q3U1H7
A6NDX5	Q4KL68
A6NDX5	P0CJ87
A6NDX5	Q7Z4V5-2
A6NDX5	Q8BM65-5
A6NDX5	O43692
A6NDX5	P97503
A6NDX5	G3UWF2
A6NDX5	O95727
A6NDX5	P61565
A6NDX5	Q99435
A6NDX5	D4A978
A6NDX5	Q96A84-3
A6NDX5	Q9BY66-3
A6NDX5	Q8IVF5
A6NDX5	D4A3G2
A6NDX5	Q6MG88
A6NDX5	P56945-8
A6NDX5	J3QML9
A6NDX5	Q9Y468
A6NDX5	Q9Y2I2
A6NDX5	I7HJS4
A6NDX5	P26367-2
A6NDX5	Q9WUH2
A6NDX5	Q3SXI0
A6NDX5	Q3SXT9
A6NDX5	Q9EQQ7
A6NDX5	P29353-7
A6NDX5	O08561
A6NDX5	Q60649
A6NDX5	D3ZVB7
A6NDX5	Q9HBG6-4
A6NDX5	Q6RI45-2
A6NDX5	A8MX76
A6NDX5	XP_001055753
A6NDX5	E9Q7Q7
A6NDX5	Q7TQS3
A6NDX5	B2RUK1
A6NDX5	C3VPR6
A6NDX5	Q63035
A6NDX5	Q9QZH2
A6NDX5	Q29RW1
A6NDX5	F1M4M5
A6NDX5	P02632
A6NDX5	Q717B4
A6NDX5	Q6IE51
A6NDX5	L7N1X5
A6NDX5	P0DJJ0
A6NDX5	P00173
A6NDX5	O43251-10
A6NDX5	Q15109-8
A6NDX5	M0R952
A6NDX5	Q03001-13
A6NDX5	F1LRH4
A6NDX5	D4ACT7
A6NDX5	Q9JK39
A6NDX5	P08542
A6NDX5	P40692-2
A6NDX5	Q96CP6-2
A6NDX5	Q14839-2
A6NDX5	P55083-2
A6NDX5	Q3ZAU5
A6NDX5	Q5T1M5-2
A6NDX5	Q3V1M4
A6NDX5	P18211
A6NDX5	P13286
A6NDX5	P13941
A6NDX5	Q5M9H0
A6NDX5	Q9ESQ5
A6NDX5	O70153
A6NDX5	P20058
A6NDX5	Q9BXM0-2
A6NDX5	XP_003945535
A6NDX5	Q6DUH4
A6NDX5	P0C7J6
A6NDX5	D3ZW33
A6NDX5	P97679
A6NDX5	M0RAR7
A6NDX5	XP_621234
A6NDX5	Q8R4C0
A6NDX5	P23246-2
A6NDX5	Q6NUK1-2
A6NDX5	Q9NR12-3
A6NDX5	B0BN30
A6NDX5	Q9WVR1
A6NDX5	Q07008
A6NDX5	D4A8Q3
A6NDX5	J3KMV2
A6NDX5	XP_573559
A6NDX5	Q8VG46
A6NDX5	Q8VFU0
A6NDX5	D3ZUJ7
A6NDX5	Q13555-6
A6NDX5	P20192
A6NDX5	Q8NB59-7
A6NDX5	Q7Z406-2
A6NDX5	D3W0D1
A6NDX5	O94875-11
A6NDX5	Q12959-5
A6NDX5	Q9QZW0-2
A6NDX5	Q96LA6-3
A6NDX5	Q9Y5G4-2
A6NDX5	Q8N4C8-2
A6NDX5	Q9UDX3-2
A6NDX5	Q5U2S0
A6NDX5	Q9H3T2-2
A6NDX5	Q13029-4
A6NDX5	O95782-2
A6NDX5	P21752
A6NDX5	O95239-2
A6NDX5	Q13501-2
A6NDX5	Q15047-3
A6NDX5	Q9NR12-2
A6NDX5	E9QAU8
A6NDX5	Q659C4-2
A6NDX5	P51617-4
A6NDX5	Q3US41-2
A6NDX5	O94851-2
A6NDX5	Q9ES52-3
A6NDX5	O09049
A6NDX5	P11362-2
A6NDX5	Q0GKD5-2
A6NDX5	Q9BTT0-3
A6NDX5	Q8NHM5-2
A6NDX5	Q6N090
A6NDX5	Q8NEL9-2
A6NDX5	P35236-2
A6NDX5	F1MHX7
A6NDX5	NP_001192757
A6NDX5	F1MCK2
A6NDX5	Q15700-2
A6NDX5	Q9BSJ2-4
A6NDX5	Q9NRL3-3
A6NDX5	P52594-4
A6NDX5	Q9NZM1-6
A6NDX5	P11532-6
A6NDX5	Q5VT25-6
A6NDX5	Q9UMY4-3
A6NDX5	Q96RR4-5
A6NDX5	Q5XIQ2
A6NDX5	P63182
A6NDX5	Q9R171
A6NDX5	O60506-3
A6NDX5	Q7TMK9-2
A6NDX5	Q9NQV6-6
A6NDX5	A0A0B4J268
A6NDX5	P49952
A6NDX5	Q66HA4
A6NDX5	A0A0K0K1E9
A6NDX5	P55091
A6NDX5	Q62418-2
A6NDX5	Q2TGI8
A6NDX5	P59672-2
A6NDX5	Q9R0C5
A6NDX5	D4ABP9
A6NDX5	P55314
A6NDX5	D4A615
A6NDX5	P16975
A6NDX5	P28332-2
A6NDX5	P42771-4
A6NDX5	Q8IWL2-2
A6NDX5	O14829-3
A6NDX5	P01593
A6NDX5	P01594
A6NDX5	Q9HC97-2
A6NDX5	B5DEL5
A6NDX5	Q6ZPT1
A6NDX5	M0R7Q8
A6NDX5	A1L132
A6NDX5	B2GV53
A6NDX5	Q9Y2G2-4
A6NDX5	D3ZWT9
A6NDX5	Q9Y618-5
A6NDX5	D3Z9M5
A6NDX5	Q9JIY6
A6NDX5	Q8R550-2
A6NDX5	A0A0B4J274
A6NDX5	Q9JKE1
A6NDX5	F1MAQ6
A6NDX5	P47816
A6NDX5	P70526
A6NDX5	P05539
A6NDX5	A1Z1Q3-1
A6NDX5	Q63410
A6NDX5	Q925T0
A6NDX5	Q5U349
A6NDX5	P39950
A6NDX5	P59035
A6NDX5	P50609
A6NDX5	O88387
A6NDX5	Q9WTY8
A6NDX5	A2RUV9
A6NDX5	Q5QD05
A6NDX5	A6YP92
A6NDX5	P43303
A6NDX5	Q9QZH7
A6NDX5	XP_006230372
A6NDX5	Q01085
A6NDX5	NP_001376165
A6NDX5	Q99828-2
A6NDX5	P24821-4
A6NDX5	F1M1T7
A6NDX5	O60333-4
A6NDX5	Q9Y5F6-2
A6NDX5	O95258-3
A6NDX5	D4ACN9
A6NDX5	B0BNM3
A6NDX5	Q5FAQ9
A6NDX5	P61294
A6NDX5	Q9NRW1
A6NDX5	A0A0G2JT78
A6NDX5	D3ZG83
A6NDX5	Q91V36
A6NDX5	Q9WU10
A6NDX5	Q7TQR2
A6NDX5	Q6J9G0
A6NDX5	Q7Z6Z7
A6NDX5	A2AS55
A6NDX5	Q9Y6H1
A6NDX5	P32848
A6NDX5	Q9D2M8
A6NDX5	E9Q4F7
A6NDX5	Q63945
A6NDX5	Q52KR2
A6NDX5	NP_001099227
A6NDX5	F1M8X9
A6NDX5	F1LVA9
A6NDX5	P42128
A6NDX5	G3V9S3
A6NDX5	Q13237
A6NDX5	NP_001102025
A6NDX5	O75914
A6NDX5	P49760
A6NDX5	Q00526
A6NDX5	Q3UMM4
A6NDX5	Q61532
A6NDX5	Q9ESL4
A6NDX5	D3ZP96
A6NDX5	Q8BZ25
A6NDX5	Q924C3
A6NDX5	P28563
A6NDX5	O15392
A6NDX5	P42685
A6NDX5	P98082
A6NDX5	Q61666
A6NDX5	P13688
A6NDX5	Q9Y2Z0
A6NDX5	Q9ES52
A6NDX5	Q14839
A6NDX5	Q02111
A6NDX5	Q9C026-5
A6NDX5	Q99952
A6NDX5	P50545
A6NDX5	P63141
A6NDX5	P63142
A6NDX5	Q9EPQ2
A6NDX5	P49446
A6NDX5	Q8IZ07
A6NDX5	Q9BS34
A6NDX5	Q60989
A6NDX5	P47878
A6NDX5	P48739
A6NDX5	Q8NHM5
A6NDX5	Q6XD99
A6NDX5	Q8R0T2
A6NDX5	O54819
A6NDX5	Q8CG16
A6NDX5	Q9HCD6
A6NDX5	P09103
A6NDX5	Q921I2
A6NDX5	Q9P2D1
A6NDX5	Q7Z7B0
A6NDX5	P59281
A6NDX5	Q8CIA7
A6NDX5	Q80VN4
A6NDX5	Q92736
A6NDX5	Q80XL1
A6NDX5	Q8K4L3
A6NDX5	Q5H9F3-4
A6NDX5	P63011
A6NDX5	P63012
A6NDX5	Q9UBN7
A6NDX5	O88786
A6NDX5	P26583
A6NDX5	Q6NUS8
A6NDX5	Q3UHF7
A6NDX5	Q86W26
A6NDX5	Q9Y574
A6NDX5	Q96A57
A6NDX5	Q62746
A6NDX5	P12242
A6NDX5	P70290
A6NDX5	Q96LR5
A6NDX5	Q91W82
A6NDX5	Q02413
A6NDX5	Q6ZQ33
A6NDX5	O70137
A6NDX5	Q8C0K5
A6NDX5	O94933
A6NDX5	Q92832
A6NDX5	Q8IYU2
A6NDX5	Q9Z0E3
A6NDX5	O88307
A6NDX5	Q8K119
A6NDX5	Q7Z6M3
A6NDX5	P52756
A6NDX5	P49911
A6NDX5	Q2TAL8
A6NDX5	Q8NF91
A6NDX5	P36508
A6NDX5	Q9NP66
A6NDX5	Q03001-8
A6NDX5	Q9P2D0
A6NDX5	O88990
A6NDX5	Q6PAV2
A6NDX5	Q16363
A6NDX5	O95905
A6NDX5	B0V2N1
A6NDX5	Q3TMX7
A6NDX5	Q8VHJ7
A6NDX5	P13667
A6NDX5	P70206
A6NDX5	O46606
A6NDX5	Q99KV1
A6NDX5	Q6TUG0
A6NDX5	Q13825
A6NDX5	P48962
A6NDX5	Q99PU8
A6NDX5	Q9R1A3
A6NDX5	Q9P241
A6NDX5	Q3UMR0
A6NDX5	P08122
A6NDX5	Q76M96
A6NDX5	Q9H9E1
A6NDX5	Q7TMD7
A6NDX5	Q8BHK3
A6NDX5	O43396
A6NDX5	Q7L513-9
A6NDX5	Q12770
A6NDX5	Q9HCQ5
A6NDX5	Q0VAM2
A6NDX5	Q9Y6Z7
A6NDX5	Q13368
A6NDX5	Q9UPR6
A6NDX5	Q14142
A6NDX5	Q5XG92
A6NDX5	Q9DBZ9
A6NDX5	Q96PL5
A6NDX5	P14209
A6NDX5	Q7Z5H3
A6NDX5	Q9QY53
A6NDX5	P58406
A6NDX5	Q3THW5
A6NDX5	Q71UI9
A6NDX5	Q9P2N4
A6NDX5	Q9UMW8
A6NDX5	Q923L3
A6NDX5	E9Q9D8
A6NDX5	Q6UXC1
A6NDX5	Q9R1K6
A6NDX5	P57682
A6NDX5	Q9Y5H3
A6NDX5	P97318-2
A6NDX5	Q8CI96
A6NDX5	Q149N8
A6NDX5	Q5TGI4
A6NDX5	Q9WVI0
A6NDX5	Q9NZN3
A6NDX5	Q08752
A6NDX5	Q6NWV3
A6NDX5	Q8TAC1
A6NDX5	Q8VEG6
A6NDX5	Q7Z2H8
A6NDX5	Q91Y08
A6NDX5	Q9NRZ9
A6NDX5	Q9QZR9
A6NDX5	Q9P2N2
A6NDX5	Q8BLQ9
A6NDX5	Q8C010
A6NDX5	O55082
A6NDX5	Q8R5C8
A6NDX5	A2ARS0
A6NDX5	O14917
A6NDX5	Q8BLD6
A6NDX5	P02679
A6NDX5	Q9JKK7
A6NDX5	Q9BY21
A6NDX5	Q9H987
A6NDX5	Q86Y25
A6NDX5	O95256
A6NDX5	P52739
A6NDX5	Q9Y5W8
A6NDX5	Q62875
A6NDX5	Q9P1Z2
A6NDX5	P35283
A6NDX5	P35284
A6NDX5	O43815
A6NDX5	Q9WU22
A6NDX5	Q9NR21
A6NDX5	Q02788
A6NDX5	Q5MYU0
A6NDX5	Q80UP3
A6NDX5	Q96CS4
A6NDX5	Q96M96
A6NDX5	O88995
A6NDX5	P10070-1
A6NDX5	Q9DC48
A6NDX5	Q923B3
A6NDX5	O88978
A6NDX5	P28828
A6NDX5	Q8NCE2
A6NDX5	Q9WV52
A6NDX5	Q4G050
A6NDX5	Q96CP6
A6NDX5	Q8R3C6
A6NDX5	Q6PE65
A6NDX5	Q5VW38
A6NDX5	Q8BVS5
A6NDX5	P35613
A6NDX5	Q9BQA1
A6NDX5	P10852
A6NDX5	O75747
A6NDX5	Q969T3
A6NDX5	Q96P66
A6NDX5	Q99543
A6NDX5	Q96K21
A6NDX5	Q8BU03
A6NDX5	Q6P6T1
A6NDX5	Q9QVP4
A6NDX5	Q8NH42
A6NDX5	Q8CGM2
A6NDX5	Q9R0T7
A6NDX5	Q96PB7
A6NDX5	Q5XG73
A6NDX5	Q9BU40
A6NDX5	O54941
A6NDX5	O75317
A6NDX5	Q16763
A6NDX5	Q9UDX3
A6NDX5	P29353-2
A6NDX5	Q9UIK5
A6NDX5	P22460
A6NDX5	P52952
A6NDX5	Q9Y4D1
A6NDX5	Q92466
A6NDX5	Q9NYJ8
A6NDX5	P36202
A6NDX5	Q8R3P8
A6NDX5	O35618
A6NDX5	Q9HAW7
A6NDX5	Q8WU79
A6NDX5	Q5VY43
A6NDX5	P42336
A6NDX5	P32871
A6NDX5	O55147
A6NDX5	P30558
A6NDX5	Q0VBL3
A6NDX5	P09327
A6NDX5	P97302
A6NDX5	O08915
A6NDX5	P19096
A6NDX5	Q8BL97
A6NDX5	Q704Y3
A6NDX5	P23945
A6NDX5	Q9WVK4
A6NDX5	Q641Z6
A6NDX5	Q00169
A6NDX5	O35904
A6NDX5	Q9UDY4
A6NDX5	O43684
A6NDX5	Q9WU72
A6NDX5	P01130
A6NDX5	Q9BX84
A6NDX5	Q14586
A6NDX5	P54310
A6NDX5	Q92063
A6NDX5	Q9Y2H9
A6NDX5	P39447
A6NDX5	P40201
A6NDX5	Q9WV80
A6NDX5	P34972
A6NDX5	Q99490
A6NDX5	P43249
A6NDX5	Q16829
A6NDX5	P43404
A6NDX5	Q9UHY1
A6NDX5	Q3SWT7
A6NDX5	Q3UHL1
A6NDX5	Q3UYH7
A6NDX5	Q62407
A6NDX5	Q5RKG9
A6NDX5	Q92519
A6NDX5	P13234
A6NDX5	Q9WVS6
A6NDX5	Q8BJ73
A6NDX5	Q61241
A6NDX5	P00523
A6NDX5	P12023
A6NDX5	P55144
A6NDX5	Q86UE8
A6NDX5	P46096
A6NDX5	P55196
A6NDX5	Q9Z2R9
A6NDX5	Q14721
A6NDX5	P53669
A6NDX5	Q99MU3
A6NDX5	P25445
A6NDX5	P70288
A6NDX5	O70126
A6NDX5	O15085
A6NDX5	Q96CB8
A6NDX5	Q64337
A6NDX5	Q15583
A6NDX5	P15306
A6NDX5	Q8VIA0
A6NDX5	Q64512
A6NDX5	Q8VHB5
A6NDX5	Q53GS9
A6NDX5	Q99J09
A6NDX5	Q7TQS4
A6NDX5	XP_991011
A6NDX5	Q96ND8
A6NDX5	Q96L50
A6NDX5	Q8N4Q0
A6NDX5	Q8JZN7
A6NDX5	Q68DA7
A6NDX5	Q9Y6Q1
A6NDX5	P26952
A6NDX5	Q9UJ96
A6NDX5	P35226
A6NDX5	Q80TE2
A6NDX5	Q9CQ31
A6NDX5	P98197
A6NDX5	Q09325
A6NDX5	Q53EQ6
A6NDX5	Q5SXM1
A6NDX5	Q86XN6
A6NDX5	Q9GZK7
A6NDX5	Q96AP7
A6NDX5	Q9NVP4-2
A6NDX5	Q9D1L0
A6NDX5	O95409
A6NDX5	Q4V8J4
A6NDX5	Q9HAV5
A6NDX5	P00763
A6NDX5	E9PTK7
A6NDX5	P50219
A6NDX5	Q9EQ15
A6NDX5	Q8WTS6
A6NDX5	Q80UJ9
A6NDX5	Q99PW6
A6NDX5	D3ZTT0
A6NDX5	Q8VEZ8
A6NDX5	O94855
A6NDX5	XP_001067487
A6NDX5	O35103
A6NDX5	B2RYF1
A6NDX5	Q5BK58
A6NDX5	EDM04798
A6NDX5	Q8IXB1
A6NDX5	O15409
A6NDX5	Q9QZT0
A6NDX5	Q8IZP6
A6NDX5	Q13637
A6NDX5	Q86YS6
A6NDX5	Q8CGC6
A6NDX5	Q3LR78
A6NDX5	Q15149-2
A6NDX5	P40630
A6NDX5	Q9H0F6
A6NDX5	Q8VE98
A6NDX5	D3ZGN7
A6NDX5	NP_001121032
A6NDX5	Q9BYS8
A6NDX5	Q64573
A6NDX5	Q86V88
A6NDX5	Q5T7N2
A6NDX5	Q9ERM2
A6NDX5	Q80W03
A6NDX5	Q86YD1
A6NDX5	P63211
A6NDX5	Q9BYE9
A6NDX5	P50284
A6NDX5	Q6YBV0
A6NDX5	Q3UWA4
A6NDX5	Q8VG81
A6NDX5	Q008S8
A6NDX5	Q8N103
A6NDX5	Q69YU3
A6NDX5	P78413
A6NDX5	P80205
A6NDX5	Q8NGX8
A6NDX5	A2AX52
A6NDX5	Q9BXN1
A6NDX5	P78539
A6NDX5	P57727
A6NDX5	Q8BGF9
A6NDX5	Q8C0E6
A6NDX5	Q9WV72
A6NDX5	Q9NR96
A6NDX5	Q9NW81
A6NDX5	Q8NA19
A6NDX5	Q86Z02-4
A6NDX5	P52955
A6NDX5	P11260
A6NDX5	B2RRE4
A6NDX5	Q8VFN0
A6NDX5	Q9BZA8
A6NDX5	Q8N7U7
A6NDX5	Q3SY56
A6NDX5	D3ZEN8
A6NDX5	P0C5I1
A6NDX5	Q9Y272
A6NDX5	B2RZ71
A6NDX5	Q9D8Y8
A6NDX5	D4A6B3
A6NDX5	Q3UXJ7
A6NDX5	Q9NYN1
A6NDX5	O60225
A6NDX5	Q562E2
A6NDX5	Q99500
A6NDX5	Q96IT1
A6NDX5	O70133-2
A6NDX5	Q7TNY6
A6NDX5	Q80X94
A6NDX5	Q8VEL2
A6NDX5	Q62035
A6NDX5	Q6PCB8
A6NDX5	P00746
A6NDX5	Q8BFU7
A6NDX5	Q9NYL2-3
A6NDX5	Q9EP66
A6NDX5	Q86XS8
A6NDX5	Q3U060
A6NDX5	Q8C5L6
A6NDX5	A2AJT9-3
A6NDX5	Q9Z1A9
A6NDX5	O60330
A6NDX5	P63084
A6NDX5	P63083
A6NDX5	Q8CAM5
A6NDX5	Q495X7
A6NDX5	P52952-2
A6NDX5	O88621
A6NDX5	Q96MD7
A6NDX5	A2BG91
A6NDX5	Q5EBL2
A6NDX5	Q8C7D3
A6NDX5	Q5SW19
A6NDX5	Q71SY5-3
A6NDX5	O60262
A6NDX5	Q8BI58
A6NDX5	A2RT60
A6NDX5	E9Q555
A6NDX5	Q9HBW1
A6NDX5	G3X904
A6NDX5	Q91ZU6-8
A6NDX5	Q9Z247
A6NDX5	Q7L3S4
A6NDX5	Q99645
A6NDX5	Q06520
A6NDX5	Q0P523
A6NDX5	D3ZA50
A6NDX5	A2AAX3
A6NDX5	Q96M94
A6NDX5	Q9H7R0
A6NDX5	P24592
A6NDX5	P14842
A6NDX5	Q66X01
A6NDX5	A6NGD5
A6NDX5	Q6P073
A6NDX5	NP_001178650
A6NDX5	Q3U213
A6NDX5	P97950
A6NDX5	Q8BFZ4
A6NDX5	A2A654
A6NDX5	Q9D9X6
A6NDX5	P01903
A6NDX5	Q9QX74-7
A6NDX5	P55851
A6NDX5	P51815
A6NDX5	O88853
A6NDX5	Q8WUT4
A6NDX5	O54828-2
A6NDX5	Q31204
A6NDX5	Q6J756
A6NDX5	Q8C8R3-2
A6NDX5	Q8N7X1
A6NDX5	Q3TEL6-2
A6NDX5	P0DJD1
A6NDX5	J3QK54
A6NDX5	Q5SZZ5
A6NDX5	P62839
A6NDX5	P62838
A6NDX5	P62837
A6NDX5	Q7TMA5
A6NDX5	Q3UP03
A6NDX5	Q6NT99
A6NDX5	NP_001178728
A6NDX5	XP_001072073
A6NDX5	XP_344643
A6NDX5	D3ZZH6
A6NDX5	D3ZPN0
A6NDX5	NP_001100619
A6NDX5	Q5FVG7
A6NDX5	P17659
A6NDX5	NP_062215
A6NDX5	Q9Z2H2
A6NDX5	D3ZA69
A6NDX5	XP_001066203
A6NDX5	Q5FVM6
A6NDX5	Q9JLZ1
A6NDX5	Q9WTW1-3
A6NDX5	D3ZHT5
A6NDX5	Q92993-2
A6NDX5	Q8CHK4-2
A6NDX5	A0A8I6AI80
A6NDX5	G5E8K5-6
A6NDX5	D3ZVD1
A6NDX5	Q6U1J6
A6NDX5	Q9DAM1
A6NDX5	Q61754
A6NDX5	Q3U435
A6NDX5	Q8VF00
A6NDX5	P35365
A6NDX5	Q9D140
A6NDX5	Q6XCE7
A6NDX5	Q6MGC7
A6NDX5	P19105
A6NDX5	Q5MAI5
A6NDX5	D3ZA65
A6NDX5	Q2LAP6
A6NDX5	Q8N972
A6NDX5	P53776
A6NDX5	D3ZAQ1
A6NDX5	Q8BGR6
A6NDX5	D4A0W4
A6NDX5	P97531
A6NDX5	Q99MM4
A6NDX5	Q4V8I7
A6NDX5	O88768
A6NDX5	Q6DWJ6
A6NDX5	E9Q546
A6NDX5	Q9GZN1
A6NDX5	Q7TRX2
A6NDX5	ENSRNOP00000015625
A6NDX5	A2ASU6
A6NDX5	K7N6B3
A6NDX5	Q8N4C6-7
A6NDX5	Q5M7V4
A6NDX5	Q5SVS4
A6NDX5	Q9BVK6
A6NDX5	Q8N782
A6NDX5	D4A3T3
A6NDX5	P83916
A6NDX5	P83917
A6NDX5	Q1W4C9
A6NDX5	O88902
A6NDX5	P28067
A6NDX5	Q9D9N5
A6NDX5	Q9DAG9
A6NDX5	P70612
A6NDX5	P30553
A6NDX5	P25115
A6NDX5	XP_017446779
A6NDX5	NP_001162145
A6NDX5	XP_001079069
A6NDX5	Q9JJI5
A6NDX5	P35345
A6NDX5	NP_001178844
A6NDX5	Q96R54
A6NDX5	Q7TS01
A6NDX5	A6NIJ9
A6NDX5	Q9GZK6
A6NDX5	Q9NS67
A6NDX5	Q8WWG1
A6NDX5	Q8NGJ7
A6NDX5	P43489
A6NDX5	Q8NGD3
A6NDX5	Q8NGX9
A6NDX5	Q8BIC7
A6NDX5	Q7TN89
A6NDX5	Q8NGD2
A6NDX5	AAI61978
A6NDX5	Q92637
A6NDX5	Q8NHC8
A6NDX5	P63048
A6NDX5	P62987
A6NDX5	P62984
A6NDX5	NP_113875
A6NDX5	XP_234140
A6NDX5	Q8BMB3
A6NDX5	Q3UV08
A6NDX5	P06340
A6NDX5	Q9H7X3
A6NDX5	F1LW07
A6NDX5	A6NIR3
A6NDX5	XP_001067693
A6NDX5	D4AEF3
A6NDX5	Q9DBB5
A6NDX5	Q86UD7
A6NDX5	E9Q6J4
A6NDX5	Q9Z250
A6NDX5	XP_001076492
A6NDX5	XP_002726853
A6NDX5	D3ZNV5
A6NDX5	P53814-6
A6NDX5	O43423
A6NDX5	Q9QZZ4-2
A6NDX5	Q9ESD7-2
A6NDX5	Q7Z2W4-3
A6NDX5	D3Z5K8
A6NDX5	Q13938
A6NDX5	Q13332-2
A6NDX5	Q9JLB0-2
A6NDX5	Q7Z4L9
A6NDX5	Q6PIU1
A6NDX5	Q8BS03
A6NDX5	Q14508
A6NDX5	A4PES0
A6NDX5	Q8ND94
A6NDX5	Q149L7
A6NDX5	O71037
A6NDX5	Q71RS6
A6NDX5	A6NFF2
A6NDX5	Q61220
A6NDX5	Q67ER1
A6NDX5	D4A0B4
A6NDX5	D3ZZB2
A6NDX5	NP_001101986
A6NDX5	Q61103
A6NDX5	Q92785
A6NDX5	G3XA50
A6NDX5	D3ZAS7
A6NDX5	A2AWP0
A6NDX5	Q8C4P0-2
A6NDX5	B1WC60
A6NDX5	Q86UR5-6
A6NDX5	Q8IY17-2
A6NDX5	Q80W90
A6NDX5	Q9NQ69-2
A6NDX5	XP_003086163
A6NDX5	Q7TRG4
A6NDX5	Q8BI11
A6NDX5	D3ZS96
A6NDX5	Q9C0K0-2
A6NDX5	P35579-2
A6NDX5	Q9P2M7-2
A6NDX5	Q4KLM0
A6NDX5	D3Z9E8
A6NDX5	A0A0B4J1M2
A6NDX5	Q9JM15
A6NDX5	Q4V8I4
A6NDX5	E9QP49
A6NDX5	Q5BK82
A6NDX5	A0A0B4J1U4
A6NDX5	Q9UGK3-2
A6NDX5	M0RC41
A6NDX5	O43426-4
A6NDX5	Q08ED5
A6NDX5	P0CC03
A6NDX5	Q66HP1
A6NDX5	D3ZCR5
A6NDX5	Q99759-2
A6NDX5	Q5BJB3
A6NDX5	Q9JIZ0
A6NDX5	Q9H2G2-2
A6NDX5	P12111-4
A6NDX5	P43304-2
A6NDX5	Q14C86-2
A6NDX5	Q03164-2
A6NDX5	Q99PJ1-10
A6NDX5	Q9JLY8
A6NDX5	O35531
A6NDX5	P17741
A6NDX5	Q8WX93-6
A6NDX5	Q7M754
A6NDX5	Q587K4
A6NDX5	Q99NH5
A6NDX5	G3V8T1
A6NDX5	P05942
A6NDX5	Q6AYG5
A6NDX5	D3ZGK0
A6NDX5	O88488
A6NDX5	Q9Y2I9-2
A6NDX5	Q6UX15-3
A6NDX5	NP_001000072
A6NDX5	Q15831-2
A6NDX5	Q63627
A6NDX5	Q14444-2
A6NDX5	M0R6I7
A6NDX5	D3ZD71
A6NDX5	A6JUQ6
A6NDX5	Q7TR39
A6NDX5	D3ZBF3
A6NDX5	D3ZC42
A6NDX5	Q8IU85-2
A6NDX5	A6NFU0
A6NDX5	D3ZXG2
A6NDX5	Q9Z1D6
A6NDX5	P55082-2
A6NDX5	Q13322-2
A6NDX5	F1LXP8
A6NDX5	B5DFG6
A6NDX5	Q9D6N1
A6NDX5	Q63690
A6NDX5	Q9P0K7-4
A6NDX5	Q8WYL5-2
A6NDX5	Q9H251-5
A6NDX5	Q96PY6-2
A6NDX5	D4A9U2
A6NDX5	B0BNI6
A6NDX5	Q96P47-2
A6NDX5	D4A720
A6NDX5	Q8BL97-2
A6NDX5	Q68G75-6
A6NDX5	Q9UKI8-4
A6NDX5	Q96S53-2
A6NDX5	Q8TER5-4
A6NDX5	Q7Z5J4-2
A6NDX5	Q86TC9-3
A6NDX5	E9PTK9
A6NDX5	B2GV81
A6NDX5	Q6GQQ9-2
A6NDX5	Q13555-5
A6NDX5	P11730
A6NDX5	B2RYD2
A6NDX5	Q8N392-2
A6NDX5	Q16787-1
A6NDX5	Q63994-2
A6NDX5	P21802-3
A6NDX5	F6YCR7
A6NDX5	Q9UDT6-2
A6NDX5	Q2KJY2-2
A6NDX5	Q96HH9-2
A6NDX5	Q9UIS9-2
A6NDX5	Q9NSY1-2
A6NDX5	P00787
A6NDX5	Q9GLM4
A6NDX5	F1MEK3
A6NDX5	Q64GA5-2
A6NDX5	F1MYS2
A6NDX5	F1N662
A6NDX5	XP_010811742
A6NDX5	Q9HB75-2
A6NDX5	Q9UGL1-2
A6NDX5	Q9QX05
A6NDX5	Q9HBL0-2
A6NDX5	Q9UHP3-3
A6NDX5	O95294-4
A6NDX5	Q9NR96-4
A6NDX5	Q96RR4-6
A6NDX5	Q8R560
A6NDX5	Q5BK81
A6NDX5	P48199
A6NDX5	M0R7T9
A6NDX5	B2GV46
A6NDX5	O23236
A6NDX5	A0A0B4J265
A6NDX5	E0CYR6
A6NDX5	Q6J1I7
A6NDX5	Q3U9F6
A6NDX5	Q5U2T6
A6NDX5	Q5NSW5
A6NDX5	A0A0C4DH72
A6NDX5	Q8N9I9-2
A6NDX5	P52743
A6NDX5	XP_006232237
A6NDX5	A0A0G2JZ40
A6NDX5	Q6Q0C0-2
A6NDX5	D3ZPX0
A6NDX5	Q9UKT9-4
A6NDX5	D3ZG52
A6NDX5	NP_001107864
A6NDX5	D4A4Q2
A6NDX5	Q5XIE4
A6NDX5	G3V7M2
A6NDX5	D4A327
A6NDX5	D4A4U3
A6NDX5	Q8N7R0
A6NDX5	A0A0B4J262
A6NDX5	D3ZJA7
A6NDX5	B5DEY5
A6NDX5	Q9ET50
A6NDX5	Q9DCB3
A6NDX5	Q5XIG2
A6NDX5	Q92620-2
A6NDX5	Q5DWV1
A6NDX5	Q8R5M3
A6NDX5	Q9ESY6
A6NDX5	Q923Y0
A6NDX5	A0A0C4DH30
A6NDX5	O35827
A6NDX5	Q9ESM2
A6NDX5	XP_038964944
A6NDX5	XP_006233974
A6NDX5	NP_001102766
A6NDX5	XP_038944887
A6NDX5	Q6MG28
A6NDX5	A0A8I5ZYN4
A6NDX5	P01870
A6NDX5	D3Z3I0
A6NDX5	P24821-5
A6NDX5	P13611-2
A6NDX5	Q3UWQ3
A6NDX5	Q7Z4S6-4
A6NDX5	D4A9Z3
A6NDX5	D4A2N2
A6NDX5	D4A2F0
A6NDX5	D3ZHJ3
A6NDX5	G3V783
A6NDX5	P04114
A6NDX5	XP_038955099
A6NDX5	J3QN14
A6NDX5	Q9UPN3
A6NDX5	Q9D9K8
A6NDX5	Q99584
A6NDX5	O08899
A6NDX5	P18065
A6NDX5	Q8NH37
A6NDX5	Q9QXZ0
A6NDX5	F1LW16
A6NDX5	Q6PGC9
A6NDX5	A2AJ76
A6NDX5	Q9QZQ1
A6NDX5	P35831
A6NDX5	XP_218313
A6NDX5	A6NJT0
A6NDX5	D3ZA78
A6NDX5	B2GUW9
A6NDX5	D3ZLN2
A6NDX5	P83741
A6NDX5	NP_001102268
A6NDX5	D3ZAL7
A6NDX5	O88506
A6NDX5	D3ZZQ0
A6NDX5	Q15131
A6NDX5	Q2TBC4
A6NDX5	Q16659
A6NDX5	Q7TT50
A6NDX5	Q8NFD2
A6NDX5	Q80YE4
A6NDX5	Q8VI36
A6NDX5	Q13882
A6NDX5	P54198
A6NDX5	Q60636
A6NDX5	P10833
A6NDX5	Q9Z1P2
A6NDX5	P12369
A6NDX5	O88917
A6NDX5	P23469
A6NDX5	Q9QYI3
A6NDX5	O35397
A6NDX5	P17936
A6NDX5	P16390
A6NDX5	Q62261
A6NDX5	Q9H5H4
A6NDX5	P00736
A6NDX5	Q8BHL3
A6NDX5	P07237
A6NDX5	Q01102
A6NDX5	Q8TBB5
A6NDX5	Q8BH64
A6NDX5	Q9ULV8
A6NDX5	Q6ZT07
A6NDX5	Q6PCN7
A6NDX5	P20336
A6NDX5	Q14627
A6NDX5	Q8TDM0
A6NDX5	Q69ZL1
A6NDX5	P31629
A6NDX5	Q61041
A6NDX5	Q10471
A6NDX5	Q9R0N8
A6NDX5	P25874
A6NDX5	Q00013
A6NDX5	Q6IQX8
A6NDX5	Q4VGL6
A6NDX5	O95076
A6NDX5	P16260
A6NDX5	Q9NUL3
A6NDX5	O95989
A6NDX5	Q8BH57
A6NDX5	NP_001129367
A6NDX5	Q8WWH4
A6NDX5	O75330
A6NDX5	Q5EBP8
A6NDX5	Q6P4F7
A6NDX5	Q86YR7
A6NDX5	Q6URW6
A6NDX5	Q53LP3
A6NDX5	Q91X17
A6NDX5	P31391
A6NDX5	O35381
A6NDX5	Q6S5J6
A6NDX5	Q8VD63
A6NDX5	E9PWH2
A6NDX5	Q9WV34
A6NDX5	Q6PDH0
A6NDX5	Q6DGF4
A6NDX5	Q9DCH6
A6NDX5	Q6PJF5
A6NDX5	Q9BZV3
A6NDX5	Q9ER42
A6NDX5	Q5GLZ8
A6NDX5	Q8N474
A6NDX5	Q9R1K2
A6NDX5	Q6ZRP7
A6NDX5	Q2TV84
A6NDX5	Q8NEL9
A6NDX5	Q8K2J0
A6NDX5	Q9UBS4
A6NDX5	P23284
A6NDX5	O60336
A6NDX5	Q811M1
A6NDX5	P12235
A6NDX5	Q7L2E3
A6NDX5	P00973
A6NDX5	Q8K2H1
A6NDX5	P47900
A6NDX5	Q99075
A6NDX5	Q9H0H3
A6NDX5	Q8CJ27
A6NDX5	Q80WC7
A6NDX5	Q86SJ6
A6NDX5	Q495M3
A6NDX5	Q62172
A6NDX5	Q53EP0
A6NDX5	E9Q349
A6NDX5	P14373
A6NDX5	A0A0U1RR07
A6NDX5	Q6UX73
A6NDX5	Q8CE50
A6NDX5	Q4KL35
A6NDX5	Q6ZW31
A6NDX5	Q9D2N4
A6NDX5	O15259
A6NDX5	Q9Y5N1
A6NDX5	Q7Z442
A6NDX5	O35460
A6NDX5	Q8N3C7
A6NDX5	Q80TQ5
A6NDX5	Q96I76
A6NDX5	Q8N283
A6NDX5	B9EJA2
A6NDX5	Q9UPC5
A6NDX5	Q9HC56
A6NDX5	Q9ERZ3
A6NDX5	Q96BQ1
A6NDX5	Q8BIV1
A6NDX5	Q8NH76
A6NDX5	Q9HBG6
A6NDX5	A6H6A9
A6NDX5	Q5RJ54
A6NDX5	Q96LI5
A6NDX5	O75631
A6NDX5	Q9Y5F3
A6NDX5	P40426
A6NDX5	O35317
A6NDX5	Q60848
A6NDX5	Q9CZ62
A6NDX5	Q8CI75
A6NDX5	Q8N3J6
A6NDX5	Q6ZR52
A6NDX5	Q9BZJ8
A6NDX5	Q15326
A6NDX5	Q3UKC7
A6NDX5	Q80Y83
A6NDX5	Q3KP44
A6NDX5	O43704
A6NDX5	P13297
A6NDX5	Q9NZR1
A6NDX5	Q9R0B6
A6NDX5	O95198
A6NDX5	Q3TB92
A6NDX5	Q7TQ08
A6NDX5	A2AKB9
A6NDX5	Q6IQ22
A6NDX5	O88196
A6NDX5	Q8NDC4
A6NDX5	Q60899
A6NDX5	P12110
A6NDX5	E9Q9A9
A6NDX5	Q17RB8
A6NDX5	O70566
A6NDX5	Q9UBC1
A6NDX5	Q9DAI4
A6NDX5	O60508
A6NDX5	Q96GC6
A6NDX5	Q86X45
A6NDX5	Q9NYT0
A6NDX5	Q6NWW5
A6NDX5	Q9NWQ4
A6NDX5	Q91W59
A6NDX5	Q4KWH8
A6NDX5	Q9JL26
A6NDX5	Q659C4
A6NDX5	P49798
A6NDX5	P98154
A6NDX5	P08195
A6NDX5	Q63135
A6NDX5	Q8BYH8
A6NDX5	Q5VTM2
A6NDX5	O55156
A6NDX5	Q96NJ3
A6NDX5	E9Q1M1
A6NDX5	Q15269
A6NDX5	Q01449
A6NDX5	Q9H210
A6NDX5	Q8IWN7
A6NDX5	E9Q8D0
A6NDX5	Q8VIK3
A6NDX5	Q5T8D3
A6NDX5	Q9BXB1
A6NDX5	Q80YF9
A6NDX5	Q8C7U7
A6NDX5	O95759
A6NDX5	Q80X98
A6NDX5	P13224
A6NDX5	P00387
A6NDX5	P70271
A6NDX5	E9Q4P1
A6NDX5	Q3V300
A6NDX5	Q9QXL1
A6NDX5	Q6VN19
A6NDX5	O09100
A6NDX5	Q8C6M1
A6NDX5	Q06518
A6NDX5	Q9WV89
A6NDX5	P25116
A6NDX5	Q96T37
A6NDX5	O14867
A6NDX5	O00170
A6NDX5	P49327
A6NDX5	Q16629
A6NDX5	Q8R1C0
A6NDX5	Q9H4M9
A6NDX5	Q16236
A6NDX5	O00329
A6NDX5	Q99K28
A6NDX5	O70374
A6NDX5	Q06180
A6NDX5	P17012
A6NDX5	F1N2U3
A6NDX5	Q05469
A6NDX5	Q9ULI4
A6NDX5	P83510
A6NDX5	Q60592
A6NDX5	Q07157
A6NDX5	Q13596
A6NDX5	Q9H422
A6NDX5	Q99956
A6NDX5	P43403
A6NDX5	Q7M6U3
A6NDX5	Q8NCB2
A6NDX5	Q8WU08
A6NDX5	Q8K4K2
A6NDX5	Q8K4K4
A6NDX5	P08414
A6NDX5	P54764
A6NDX5	P31809
A6NDX5	O89090
A6NDX5	P48357
A6NDX5	Q9BXA7
A6NDX5	P05480-1
A6NDX5	Q64373
A6NDX5	P53563
A6NDX5	O08911
A6NDX5	Q9QUN3
A6NDX5	Q06418
A6NDX5	O35280
A6NDX5	P54754
A6NDX5	Q61164
A6NDX5	Q14155
A6NDX5	Q9BY78
A6NDX5	Q29502
A6NDX5	P24721
A6NDX5	O75886
A6NDX5	Q6PAJ1
A6NDX5	Q8IXK2
A6NDX5	P39688
A6NDX5	Q62844
A6NDX5	P06241
A6NDX5	O35732
A6NDX5	Q9UKL0
A6NDX5	Q99JF8
A6NDX5	P43686
A6NDX5	Q8C0M8
A6NDX5	Q9NYG2
A6NDX5	Q61423
A6NDX5	Q5VT06
A6NDX5	Q80U35
A6NDX5	P51693
A6NDX5	O08849
A6NDX5	Q96PH1
A6NDX5	P09760
A6NDX5	Q3UHC2
A6NDX5	A2CG63
A6NDX5	Q8BKR5
A6NDX5	D3YY91
A6NDX5	P42126
A6NDX5	A3KGF7
A6NDX5	Q8BGC4
A6NDX5	Q3SY77
A6NDX5	Q9NVJ2
A6NDX5	Q9CQW2
A6NDX5	Q66HA6
A6NDX5	O35646
A6NDX5	P19835
A6NDX5	F7A6P6
A6NDX5	P25916
A6NDX5	P54855
A6NDX5	Q8WXK3
A6NDX5	B2GV87
A6NDX5	B0BN85
A6NDX5	Q6X936
A6NDX5	Q66H62
A6NDX5	P26572
A6NDX5	Q9JLS3-2
A6NDX5	Q6NT04
A6NDX5	P20749
A6NDX5	Q15935
A6NDX5	P58182
A6NDX5	Q925F2
A6NDX5	Q9H0C2
A6NDX5	Q3MIE4
A6NDX5	Q5U2Y3
A6NDX5	Q8BX35
A6NDX5	P46092
A6NDX5	Q9UKA1
A6NDX5	Q9QZW9
A6NDX5	Q920R3
A6NDX5	Q8K4F2
A6NDX5	D3ZGM3
A6NDX5	Q9P2V4
A6NDX5	Q96JJ7
A6NDX5	Q5FVC4
A6NDX5	D4A962
A6NDX5	Q91X45
A6NDX5	XP_575617
A6NDX5	XP_231381
A6NDX5	XP_001067598
A6NDX5	Q9Z1S7
A6NDX5	NP_001102581
A6NDX5	Q6AY13
A6NDX5	P50280
A6NDX5	P58463
A6NDX5	P47752
A6NDX5	P51814
A6NDX5	Q6PK81
A6NDX5	Q9CZE3
A6NDX5	YP_009725298
A6NDX5	Q91WA6
A6NDX5	Q9BUL5
A6NDX5	O95243
A6NDX5	Q9P2G9
A6NDX5	Q8JZS0
A6NDX5	O14910
A6NDX5	Q4LE39-2
A6NDX5	Q8N720-2
A6NDX5	Q5QSK2
A6NDX5	Q7Z614
A6NDX5	Q9D967
A6NDX5	Q587J6
A6NDX5	Q86VZ2
A6NDX5	Q91VU8
A6NDX5	Q5U2W6
A6NDX5	Q61012
A6NDX5	E9Q7P9
A6NDX5	D3ZCC5
A6NDX5	Q8CH36
A6NDX5	Q969H0
A6NDX5	A2AVJ5
A6NDX5	Q8NGL0
A6NDX5	Q6QNU9
A6NDX5	B2RWW0
A6NDX5	B2RW11
A6NDX5	Q9UBC2
A6NDX5	Q9H3Y0
A6NDX5	A2A8L1
A6NDX5	Q96RD0
A6NDX5	Q96RA2
A6NDX5	Q99MQ4
A6NDX5	Q9R0M3
A6NDX5	Q8K1T0
A6NDX5	Q5VWI1
A6NDX5	Q9EQU3
A6NDX5	Q9D7K5
A6NDX5	Q96KQ7-2
A6NDX5	Q91YD6
A6NDX5	Q96P53
A6NDX5	Q5U211
A6NDX5	O60493
A6NDX5	Q9UBG0
A6NDX5	NP_001074854
A6NDX5	XP_001058446
A6NDX5	Q5NUI3
A6NDX5	F1M649
A6NDX5	Q9ESX2
A6NDX5	P49300
A6NDX5	Q8NH09
A6NDX5	Q810C1
A6NDX5	Q8BMC0
A6NDX5	Q99LW6
A6NDX5	G3UVW3
A6NDX5	Q9Z0U9
A6NDX5	Q5SXI5
A6NDX5	E9Q5M4
A6NDX5	O08688
A6NDX5	P03953
A6NDX5	Q5H9K5
A6NDX5	O00398
A6NDX5	Q8C131
A6NDX5	Q13746
A6NDX5	NP_001102151
A6NDX5	Q9BT40
A6NDX5	Q9HD26-3
A6NDX5	Q9BYJ1
A6NDX5	Q91XY7
A6NDX5	Q9NRR2
A6NDX5	Q8VI40
A6NDX5	Q9H633
A6NDX5	Q96P68
A6NDX5	Q6P1L6
A6NDX5	G3V7Y6
A6NDX5	Q9Z0J4-5
A6NDX5	Q6ZQN5
A6NDX5	B1ARH2
A6NDX5	Q6PGE4
A6NDX5	Q7M6X3
A6NDX5	XP_001002128
A6NDX5	Q6ZPG2
A6NDX5	P20340-2
A6NDX5	NP_445818
A6NDX5	Q792Z0
A6NDX5	Q149C3
A6NDX5	Q2WGN9
A6NDX5	Q99PH1
A6NDX5	Q45R42
A6NDX5	G3UXB3
A6NDX5	Q8BJ90
A6NDX5	P70186
A6NDX5	P52843
A6NDX5	Q8NGJ1
A6NDX5	Q8IZ26
A6NDX5	Q9BY64
A6NDX5	Q14155-1
A6NDX5	Q16609
A6NDX5	P47880
A6NDX5	P0C7X5
A6NDX5	B7ZW38
A6NDX5	P0DMR1
A6NDX5	Q96JX3
A6NDX5	Q13398
A6NDX5	O60404
A6NDX5	P28028
A6NDX5	P01911
A6NDX5	P01911_VAR_A100K
A6NDX5	Q9BRP0
A6NDX5	P55210-2
A6NDX5	P70406
A6NDX5	Q9JL25
A6NDX5	Q15937
A6NDX5	O60755
A6NDX5	Q7TRF4
A6NDX5	Q91VA3
A6NDX5	F8WH35
A6NDX5	Q9C0H5-2
A6NDX5	Q8K375
A6NDX5	Q3ULJ8
A6NDX5	E9PYQ0
A6NDX5	D3Z5G7
A6NDX5	E9Q7F2
A6NDX5	O14715
A6NDX5	E9QAF4
A6NDX5	Q920A9
A6NDX5	Q2VUH7
A6NDX5	D3ZPP2
A6NDX5	Q96BM9
A6NDX5	Q8VEH3
A6NDX5	A1A5P7
A6NDX5	NP_001102042
A6NDX5	NP_001101107
A6NDX5	F1M4Q8
A6NDX5	NP_001100659
A6NDX5	Q501R9
A6NDX5	P63329
A6NDX5	Q08209
A6NDX5	P63328
A6NDX5	NP_001011980
A6NDX5	Q9ULJ8-2
A6NDX5	Q9QXZ0-4
A6NDX5	Q00728
A6NDX5	Q62630
A6NDX5	Q6ZMR5
A6NDX5	AAF26200
A6NDX5	D3ZNL0
A6NDX5	A2BDX4
A6NDX5	Q3TZA2
A6NDX5	O43240
A6NDX5	P20070
A6NDX5	Q9EQY5
A6NDX5	Q05A45
A6NDX5	F1M7E5
A6NDX5	E9Q9W7
A6NDX5	D3ZMS2
A6NDX5	Q8R4G8
A6NDX5	Q719H9
A6NDX5	Q5M956
A6NDX5	Q80UC8
A6NDX5	XP_001066614
A6NDX5	Q5TZF3
A6NDX5	Q9D864
A6NDX5	B2RYQ1
A6NDX5	A2A5V3
A6NDX5	Q6BAA4
A6NDX5	ENSRNOP00000019920
A6NDX5	Q8C0N1
A6NDX5	NP_001000298
A6NDX5	Q5U4A6
A6NDX5	Q9NYK1
A6NDX5	Q14139-2
A6NDX5	Q63789
A6NDX5	Q62930
A6NDX5	Q99KF1
A6NDX5	O89049
A6NDX5	NP_446139
A6NDX5	Q9Y232-2
A6NDX5	P28078
A6NDX5	Q9H9V4
A6NDX5	Q8WXH6
A6NDX5	Q8NBV8
A6NDX5	Q76EI6
A6NDX5	P30543
A6NDX5	P47875
A6NDX5	D3ZKF8
A6NDX5	XP_227432
A6NDX5	Q2HXU8
A6NDX5	Q6IYF9
A6NDX5	P49286
A6NDX5	Q8NGC2
A6NDX5	Q9BZJ6
A6NDX5	Q9NZP2
A6NDX5	O54897
A6NDX5	Q9WTX4
A6NDX5	Q8NH87
A6NDX5	P47741
A6NDX5	Q8VET4
A6NDX5	Q2EJA0-3
A6NDX5	F1M3G7
A6NDX5	E9Q8M3
A6NDX5	Q9Y2B5-2
A6NDX5	Q8VF37
A6NDX5	Q9QWY5
A6NDX5	O88912
A6NDX5	A2AMD0
A6NDX5	Q9QWV1
A6NDX5	A0A494C103
A6NDX5	P46684
A6NDX5	Q15915
A6NDX5	Q7Z5U6
A6NDX5	Q8BG13
A6NDX5	P20929-3
A6NDX5	Q62150
A6NDX5	Q923V7
A6NDX5	G3X928
A6NDX5	O14753
A6NDX5	Q9WTJ2
A6NDX5	XP_003133878
A6NDX5	D4AA74
A6NDX5	Q8N5X7
A6NDX5	P0C6A0
A6NDX5	O75147-1
A6NDX5	P01132
A6NDX5	G3V9Z5
A6NDX5	P0CG53
A6NDX5	ENSRNOP00000011067
A6NDX5	D3ZBQ5
A6NDX5	Q8CBW3-4
A6NDX5	Q9HB58-4
A6NDX5	Q3KNT7
A6NDX5	D4A3W2
A6NDX5	P01733
A6NDX5	Q9DAU7
A6NDX5	P12018
A6NDX5	Q3TYX2
A6NDX5	Q9UKH3
A6NDX5	Q8C261
A6NDX5	Q8TBP6
A6NDX5	NP_001100575
A6NDX5	D3ZBP4
A6NDX5	Q4QR85
A6NDX5	NP_001128343
A6NDX5	Q6ZNA5-2
A6NDX5	D3ZT13
A6NDX5	Q9ET61
A6NDX5	Q8IZP0-11
A6NDX5	Q9Y5I3
A6NDX5	Q9Z1K2
A6NDX5	Q9UF33-2
A6NDX5	Q8NBT0-2
A6NDX5	P11369
A6NDX5	Q2M2Q4
A6NDX5	Q7TRH1
A6NDX5	P12318-2
A6NDX5	D4ABP2
A6NDX5	E9PUS2
A6NDX5	Q9WUW8
A6NDX5	Q5BK47
A6NDX5	P05067-10
A6NDX5	Q63246
A6NDX5	P09055-2
A6NDX5	Q91ZD1
A6NDX5	Q9NQ75-3
A6NDX5	Q68FQ7
A6NDX5	Q5XIB2
A6NDX5	Q3MJ40
A6NDX5	D4AB75
A6NDX5	D3ZZ68
A6NDX5	P15651
A6NDX5	F1LM81
A6NDX5	D3ZZK6
A6NDX5	D3Z895
A6NDX5	B4F798
A6NDX5	Q9QXT4
A6NDX5	P28370-2
A6NDX5	Q49A26-2
A6NDX5	O43251-3
A6NDX5	P19878-2
A6NDX5	Q4KL65
A6NDX5	O95049-3
A6NDX5	Q58EX2-3
A6NDX5	P0DMS9
A6NDX5	Q29YR5
A6NDX5	P84060
A6NDX5	Q5XI36
A6NDX5	P22027
A6NDX5	Q8N4C8-4
A6NDX5	P87889
A6NDX5	Q8SPS7
A6NDX5	Q9Y4D7-2
A6NDX5	XP_003085312
A6NDX5	Q7Z5L7-3
A6NDX5	P22063
A6NDX5	M0RBV7
A6NDX5	F1LTE6
A6NDX5	P30152
A6NDX5	Q12955-4
A6NDX5	D3Z9V2
A6NDX5	NP_001178484
A6NDX5	Q66HR5
A6NDX5	Q13671-2
A6NDX5	Q8VGM8
A6NDX5	B1ARL3
A6NDX5	D3ZIV8
A6NDX5	Q9D3R5
A6NDX5	O08641
A6NDX5	P00973-2
A6NDX5	Q8VGX2
A6NDX5	Q8R1X6-2
A6NDX5	Q9HC10-3
A6NDX5	O15156-2
A6NDX5	D3ZGX8
A6NDX5	O00159-2
A6NDX5	Q8TDF6-2
A6NDX5	Q6WKZ4-2
A6NDX5	Q6ZSZ5-2
A6NDX5	O15042-2
A6NDX5	Q5VZL5-2
A6NDX5	Q9UM54-1
A6NDX5	P23497-4
A6NDX5	Q9NS68-2
A6NDX5	O14966-2
A6NDX5	P68181-4
A6NDX5	Q00722-2
A6NDX5	Q7Z6I6-2
A6NDX5	Q9BVR0
A6NDX5	Q92636-2
A6NDX5	Q9ES52-6
A6NDX5	Q64637
A6NDX5	C0HKC8
A6NDX5	C0HKC9
A6NDX5	F1M524
A6NDX5	Q12756-3
A6NDX5	Q12756-2
A6NDX5	P23771-2
A6NDX5	Q9EQ09
A6NDX5	Q00872-7
A6NDX5	Q9UBC3-8
A6NDX5	Q9H0C5-2
A6NDX5	F1LVV3
A6NDX5	Q14687-3
A6NDX5	E1B7Q7
A6NDX5	E1BDU8
A6NDX5	Q08DI3
A6NDX5	P0DP72
A6NDX5	E1B7W1
A6NDX5	F1N169
A6NDX5	O94966-5
A6NDX5	Q96BD5-3
A6NDX5	A0A075B6R0
A6NDX5	O94985-2
A6NDX5	Q92736-2
A6NDX5	Q9NSI8-3
A6NDX5	Q9BVG8-6
A6NDX5	P12110-2
A6NDX5	Q6ZVC0-2
A6NDX5	P52747-3
A6NDX5	Q5U2W7
A6NDX5	Q06175
A6NDX5	A1A5Q5
A6NDX5	B1WBS3
A6NDX5	Q7TSA0
A6NDX5	Q5MYT9
A6NDX5	O60271-4
A6NDX5	D3ZVM4
A6NDX5	O88764
A6NDX5	Q6IE06
A6NDX5	Q68FV8
A6NDX5	Q9HAC8
A6NDX5	Q91W59-3
A6NDX5	Q6AYL8
A6NDX5	Q80ZF0
A6NDX5	D3ZUM2
A6NDX5	P51161-2
A6NDX5	P46087-4
A6NDX5	Q9UNE0-2
A6NDX5	Q9UIK4-2
A6NDX5	Q96GD4-5
A6NDX5	A0A087WYV9
A6NDX5	P01611
A6NDX5	Q9HB58-6
A6NDX5	Q80WM6
A6NDX5	Q9NXR8-2
A6NDX5	D3ZGI1
A6NDX5	D4ACF2
A6NDX5	A0A0B4J248
A6NDX5	P36376
A6NDX5	NP_001278312
A6NDX5	Q3UEB3-2
A6NDX5	XP_038964578
A6NDX5	Q6NSW7
A6NDX5	A0A075B6T6
A6NDX5	Q9ESY8
A6NDX5	P51146
A6NDX5	Q91ZR1
A6NDX5	O35778
A6NDX5	G3V9R3
A6NDX5	Q6T3U3
A6NDX5	Q5XIK2
A6NDX5	NP_001308530
A6NDX5	P15087
A6NDX5	G1SUL1
A6NDX5	Q66H86
A6NDX5	Q6IMA3
A6NDX5	Q64623
A6NDX5	P29590-5
A6NDX5	Q91ZV2
A6NDX5	Q5FVR3
A6NDX5	Q8VHT8
A6NDX5	Q9QYZ9
A6NDX5	A0A075B6R9
A6NDX5	Q7TP98
A6NDX5	Q63341
A6NDX5	A0A8I6AHW7
A6NDX5	A0A0U1RQI7
A6NDX5	D3Z9H2
A6NDX5	NP_001380649
A6NDX5	XP_038940449
A6NDX5	XP_017455327
A6NDX5	P52482
A6NDX5	XP_038953303
A6NDX5	P62633-6
A6NDX5	P13611-5
A6NDX5	Q06985
A6NDX5	O00139-4
A6NDX5	Q8TAQ2-3
A6NDX5	Q566R6
A6NDX5	B1WBU3
A6NDX5	Q6PI62
A6NDX5	Q9JJH2
A6NDX5	Q9QZS2
A6NDX5	O88890
A6NDX5	P12710
A6NDX5	Q9Y6V0
A6NDX5	Q6S5C2
A6NDX5	P97352
A6NDX5	Q9QUR7
A6NDX5	XP_222205
A6NDX5	B9EHT4
A6NDX5	Q3UMK4
A6NDX5	Q6IS41
A6NDX5	Q68FF6
A6NDX5	Q08J23
A6NDX5	A6H8H2
A6NDX5	D3ZMJ7
A6NDX5	D3ZLH1
A6NDX5	A6NGJ6
A6NDX5	XP_342522
A6NDX5	E9Q9Q6
A6NDX5	XP_143371
A6NDX5	Q9H4A3
A6NDX5	D4AD31
A6NDX5	D3ZBQ1
A6NDX5	Q13976-2
A6NDX5	P0C605-2
A6NDX5	P00516
A6NDX5	P0C605
A6NDX5	Q13976
A6NDX5	Q9Z1W9
A6NDX5	P70336
A6NDX5	Q8CIN4
A6NDX5	Q64303
A6NDX5	Q9JHU3
A6NDX5	NP_001258431
A6NDX5	Q9Y5S2
A6NDX5	Q9NS91
A6NDX5	Q62371
A6NDX5	Q8WUI4
A6NDX5	Q63132
A6NDX5	O88797
A6NDX5	O14545
A6NDX5	Q9H3P7
A6NDX5	O75626
A6NDX5	Q5U4C3
A6NDX5	P55041
A6NDX5	Q15056
A6NDX5	P10301
A6NDX5	Q9R0T8
A6NDX5	Q7TPR4
A6NDX5	O89086
A6NDX5	Q8BKL7
A6NDX5	P31324
A6NDX5	Q80TR1
A6NDX5	P30281
A6NDX5	Q92738
A6NDX5	Q99615
A6NDX5	Q92830
A6NDX5	Q7TPH6
A6NDX5	Q4KMP7
A6NDX5	Q9H0B3
A6NDX5	Q8BGU5
A6NDX5	F1MA89
A6NDX5	P16109
A6NDX5	Q9NZN4
A6NDX5	Q69Z61
A6NDX5	O75494
A6NDX5	Q9R0U0
A6NDX5	Q5VZL5
A6NDX5	Q07563
A6NDX5	Q3TXU5
A6NDX5	Q6ZV73
A6NDX5	Q8C8N3
A6NDX5	Q8TER5
A6NDX5	Q9QZC2
A6NDX5	Q91ZV3
A6NDX5	Q0VAV2
A6NDX5	Q5T7P8
A6NDX5	P22366
A6NDX5	Q9P2Y4
A6NDX5	Q9Z2C5
A6NDX5	Q8IY85
A6NDX5	Q62084
A6NDX5	Q8K3F3
A6NDX5	Q80XU8
A6NDX5	Q9BZ76
A6NDX5	P55286
A6NDX5	Q8TAF3
A6NDX5	Q7TMV1
A6NDX5	O00478
A6NDX5	Q14982
A6NDX5	P84075
A6NDX5	P84074
A6NDX5	P84076
A6NDX5	Q7Z406
A6NDX5	Q8R1X6
A6NDX5	P39687
A6NDX5	O00522
A6NDX5	Q9ERZ4
A6NDX5	Q9UJ04
A6NDX5	Q9BX69
A6NDX5	Q9HBU1
A6NDX5	Q9ULT6
A6NDX5	P02549
A6NDX5	O14522-1
A6NDX5	Q9WTS5
A6NDX5	Q8BHD4
A6NDX5	Q7Z4N2
A6NDX5	Q9BQ51
A6NDX5	Q91WL0
A6NDX5	Q08331
A6NDX5	P47728
A6NDX5	Q8N3E9
A6NDX5	Q9BXX3
A6NDX5	Q86VF7
A6NDX5	Q8N392
A6NDX5	Q9ULZ3
A6NDX5	Q00780
A6NDX5	Q8NEY8
A6NDX5	P55265
A6NDX5	P11247
A6NDX5	P97798
A6NDX5	Q8TD26
A6NDX5	O08628
A6NDX5	Q3V1H3
A6NDX5	Q9NTG1
A6NDX5	Q8R1M8_VAR_I151T
A6NDX5	P16610
A6NDX5	Q6P9U3
A6NDX5	Q64LD2
A6NDX5	Q9Z1K5
A6NDX5	D3ZXL1
A6NDX5	A2RT91
A6NDX5	Q9H6T0
A6NDX5	P56974
A6NDX5	Q9ERS7
A6NDX5	Q5VWJ9
A6NDX5	Q07456
A6NDX5	Q9Y4J8
A6NDX5	Q70Z35
A6NDX5	O95294
A6NDX5	O08538
A6NDX5	P41209
A6NDX5	G3V832
A6NDX5	P22303
A6NDX5	O88536
A6NDX5	Q6UY01
A6NDX5	Q8WZ74
A6NDX5	P10078
A6NDX5	P12657
A6NDX5	P08482
A6NDX5	Q3UP38
A6NDX5	Q5ISE2
A6NDX5	Q8WX94
A6NDX5	Q5R372
A6NDX5	Q16670
A6NDX5	O08747
A6NDX5	Q91XY3
A6NDX5	P70390
A6NDX5	Q96JB3
A6NDX5	Q9QWK5
A6NDX5	Q640R3
A6NDX5	Q60969
A6NDX5	B2KFW1
A6NDX5	Q155Q3
A6NDX5	Q3UT76
A6NDX5	P28360
A6NDX5	Q9Z2H7
A6NDX5	Q9Y6N6
A6NDX5	Q9Y2I8
A6NDX5	Q61137
A6NDX5	Q5QP82
A6NDX5	Q69ZK9
A6NDX5	Q8VHR0
A6NDX5	A1YPR0
A6NDX5	O43603
A6NDX5	P29728
A6NDX5	P51860
A6NDX5	O43298
A6NDX5	Q4FZY0
A6NDX5	Q6PKC3
A6NDX5	Q6NVD0
A6NDX5	Q8R124
A6NDX5	Q38HM4
A6NDX5	Q9BXR6
A6NDX5	Q9D394-2
A6NDX5	O35831
A6NDX5	O60237
A6NDX5	P29558
A6NDX5	O95466
A6NDX5	Q8NB46
A6NDX5	Q3US17
A6NDX5	Q30D77
A6NDX5	Q9H8G1
A6NDX5	Q9CZK6
A6NDX5	Q64735
A6NDX5	P35374
A6NDX5	Q61235
A6NDX5	Q9Z0H8
A6NDX5	P47939
A6NDX5	Q9Y6F8
A6NDX5	Q8K031
A6NDX5	Q9CR42
A6NDX5	Q8TF27
A6NDX5	P24610
A6NDX5	Q3UHE1
A6NDX5	P21127-12
A6NDX5	Q5F1R6
A6NDX5	Q04857
A6NDX5	Q8IZA3
A6NDX5	Q8N5D0
A6NDX5	Q9C0I9
A6NDX5	Q9C000
A6NDX5	Q9JLY0
A6NDX5	Q8BHB4
A6NDX5	Q92620
A6NDX5	P52945
A6NDX5	Q5T2W1
A6NDX5	Q9QYE3
A6NDX5	P50479
A6NDX5	O35286
A6NDX5	O43143
A6NDX5	D3ZD97
A6NDX5	Q8IWB7
A6NDX5	O35927
A6NDX5	Q9WUM3
A6NDX5	O75037
A6NDX5	P51177
A6NDX5	Q6VN20
A6NDX5	Q8BYG9
A6NDX5	P23769
A6NDX5	Q9Y2K6
A6NDX5	Q5T0N5
A6NDX5	A2BH40
A6NDX5	Q923U0
A6NDX5	Q12864
A6NDX5	Q62523
A6NDX5	Q9Z1B3
A6NDX5	Q03721
A6NDX5	Q04589
A6NDX5	O43439
A6NDX5	P17706
A6NDX5	P49791
A6NDX5	P17010
A6NDX5	Q00899
A6NDX5	Q96S38
A6NDX5	Q9D780
A6NDX5	Q6NV83
A6NDX5	Q9UKE5
A6NDX5	O70133
A6NDX5	P45984-2
A6NDX5	Q9Z1Y4
A6NDX5	Q99N69
A6NDX5	P97711
A6NDX5	Q15653
A6NDX5	P00533
A6NDX5	P23458
A6NDX5	Q9BYT3
A6NDX5	Q63553
A6NDX5	Q9JJX8
A6NDX5	Q96RU8
A6NDX5	Q3UDK1
A6NDX5	Q16566
A6NDX5	O75553
A6NDX5	F1M2K4
A6NDX5	Q8BH60
A6NDX5	P08046
A6NDX5	O75116
A6NDX5	P12931
A6NDX5	P06239
A6NDX5	P53778
A6NDX5	Q07352
A6NDX5	Q9BYW2
A6NDX5	Q9P289
A6NDX5	P21803
A6NDX5	P09759
A6NDX5	P23727
A6NDX5	Q8WZ42
A6NDX5	O89110
A6NDX5	Q4V7G1
A6NDX5	Q9BWT7
A6NDX5	Q99K48
A6NDX5	O75319
A6NDX5	Q9P2A4
A6NDX5	Q9NQS3
A6NDX5	P46783
A6NDX5	Q9CQE0
A6NDX5	Q9JMD1
A6NDX5	P30969
A6NDX5	Q80Y56
A6NDX5	Q9BUB5-2
A6NDX5	Q9JL06
A6NDX5	D3ZLR1
A6NDX5	Q8NET8
A6NDX5	Q5YD48
A6NDX5	Q92834
A6NDX5	Q923K9
A6NDX5	Q69384
A6NDX5	O60879
A6NDX5	Q811L6
A6NDX5	Q70KY4
A6NDX5	P42125
A6NDX5	Q6UWM9
A6NDX5	Q8JZZ0
A6NDX5	Q9P2J9
A6NDX5	Q8VBX0
A6NDX5	Q96JJ6
A6NDX5	NP_001011979
A6NDX5	Q99JE4
A6NDX5	P27808
A6NDX5	Q6PL24
A6NDX5	Q9Z2F6
A6NDX5	O75290
A6NDX5	Q8NGR5
A6NDX5	Q50H33
A6NDX5	Q9NY72
A6NDX5	Q2THW6
A6NDX5	Q68DA7-3
A6NDX5	Q96MT1-2
A6NDX5	Q9JL21
A6NDX5	Q9BWX5
A6NDX5	A6NHC0
A6NDX5	Q8K099
A6NDX5	Q8BXZ1
A6NDX5	Q0VAK6
A6NDX5	Q99985
A6NDX5	XP_001068759
A6NDX5	O88201
A6NDX5	Q9UMQ6
A6NDX5	O95136
A6NDX5	A0A0G2K9M5
A6NDX5	Q498R3
A6NDX5	NP_001136202
A6NDX5	Q9BW91
A6NDX5	Q96HQ0
A6NDX5	P28327
A6NDX5	Q9Y3P9
A6NDX5	O15156
A6NDX5	Q07157-2
A6NDX5	Q8BSN5
A6NDX5	Q9Z2D7
A6NDX5	P59280
A6NDX5	O95428
A6NDX5	Q9HB63
A6NDX5	Q6P8W7
A6NDX5	Q96MD7-1
A6NDX5	B0BNK9
A6NDX5	Q9NQW5-2
A6NDX5	Q96JM7
A6NDX5	Q15270
A6NDX5	Q71M36
A6NDX5	Q00532-2
A6NDX5	E9Q6H8
A6NDX5	Q3LAC4
A6NDX5	Q8BHN0
A6NDX5	O35604
A6NDX5	A2A5I3
A6NDX5	D3ZD32
A6NDX5	Q8NH19
A6NDX5	Q8C0P5
A6NDX5	Q99NH8
A6NDX5	Q8N0Y5
A6NDX5	Q3B807
A6NDX5	P52741
A6NDX5	Q9H0X6
A6NDX5	Q9H158-2
A6NDX5	Q8N309-3
A6NDX5	P78314-3
A6NDX5	A8K855
A6NDX5	Q8BUB4
A6NDX5	Q96P44
A6NDX5	Q68SA9
A6NDX5	Q68DV7
A6NDX5	Q9JHK4
A6NDX5	Q9P2N7
A6NDX5	XP_001473574
A6NDX5	Q4V8A2
A6NDX5	Q8TF46
A6NDX5	P43657
A6NDX5	Q05CB3
A6NDX5	Q9JM61
A6NDX5	Q9UJS0-2
A6NDX5	A8VU90
A6NDX5	Q0VGT4
A6NDX5	D3YXK1
A6NDX5	B0BNM9
A6NDX5	Q9JL62
A6NDX5	Q6P238
A6NDX5	Q8BI17
A6NDX5	Q9BXC0
A6NDX5	B7ZCC9
A6NDX5	Q8BXQ3
A6NDX5	Q92954-5
A6NDX5	Q9WV07
A6NDX5	A2A7Q9
A6NDX5	Q6P093
A6NDX5	Q9QUL7
A6NDX5	Q8R040
A6NDX5	Q6IYF8
A6NDX5	P30511
A6NDX5	A4D1S5
A6NDX5	Q7M6X4
A6NDX5	Q8VGA0
A6NDX5	P29755
A6NDX5	Q9UL15
A6NDX5	Q16600
A6NDX5	Q9CZJ9
A6NDX5	Q4KL66
A6NDX5	B1ASB3
A6NDX5	Q9UPU7-2
A6NDX5	Q99687
A6NDX5	A8MTQ0
A6NDX5	P97347
A6NDX5	XP_910812
A6NDX5	Q96A58
A6NDX5	Q9BZ19
A6NDX5	Q0VDY1
A6NDX5	Q9H2K2
A6NDX5	Q96HF1
A6NDX5	F1MAG7
A6NDX5	Q92834-6
A6NDX5	Q8VBW9
A6NDX5	Q8VHQ7
A6NDX5	Q27J81-2
A6NDX5	Q8CIV7
A6NDX5	Q08116
A6NDX5	P01823
A6NDX5	Q8VGL5
A6NDX5	P14651_VAR_047729
A6NDX5	P14651
A6NDX5	Q8IYG6
A6NDX5	Q6YIY0
A6NDX5	Q9JJ69
A6NDX5	Q9JM59
A6NDX5	E9Q4F2
A6NDX5	Q8BG26
A6NDX5	Q13029-3
A6NDX5	Q6IMA8
A6NDX5	XP_001067791
A6NDX5	Q8K1G9
A6NDX5	Q3V3G7-2
A6NDX5	AAI67087
A6NDX5	P68037
A6NDX5	P68036
A6NDX5	XP_001079629
A6NDX5	D3ZKH4
A6NDX5	Q99J86
A6NDX5	Q5NUL3
A6NDX5	D3ZG44
A6NDX5	Q9UNH5-2
A6NDX5	Q13243-2
A6NDX5	P06241-2
A6NDX5	Q8BI38
A6NDX5	Q5TCX8-2
A6NDX5	Q6R6M4
A6NDX5	Q02357-2
A6NDX5	D4A2B7
A6NDX5	P02263
A6NDX5	XP_001080565
A6NDX5	D3ZBL7
A6NDX5	Q80XR8
A6NDX5	Q7TR42
A6NDX5	Q9UIX4
A6NDX5	Q96EQ8
A6NDX5	Q9P0G3
A6NDX5	XP_006230474
A6NDX5	XP_006230815
A6NDX5	P0C263
A6NDX5	Q99M20
A6NDX5	Q6P6R7
A6NDX5	P51965-3
A6NDX5	Q95168
A6NDX5	XP_006246130
A6NDX5	Q9ES45
A6NDX5	O70467
A6NDX5	Q63618
A6NDX5	Q8R550-3
A6NDX5	Q6XYB7
A6NDX5	ENSMUSP00000101672
A6NDX5	XP_001075929
A6NDX5	Q5DRQ8
A6NDX5	F1LT09
A6NDX5	Q64339
A6NDX5	Q7TR89
A6NDX5	Q03385
A6NDX5	P58681
A6NDX5	Q6UXD5-3
A6NDX5	Q6ZST4
A6NDX5	Q9R1J4
A6NDX5	P06748-3
A6NDX5	D3ZN46
A6NDX5	P26842
A6NDX5	P0DN81
A6NDX5	Q9QZ15
A6NDX5	Q8BP31
A6NDX5	Q9R0N6
A6NDX5	P49684
A6NDX5	P48303
A6NDX5	Q5U2M8
A6NDX5	B2GV05
A6NDX5	A0A096MKA8
A6NDX5	ENSRNOP00000017193
A6NDX5	XP_344822
A6NDX5	Q149M0
A6NDX5	P35411
A6NDX5	Q8CIQ6
A6NDX5	Q7TQQ0
A6NDX5	Q9EQQ3
A6NDX5	A6NM76
A6NDX5	O76100
A6NDX5	Q7TR95
A6NDX5	P01906
A6NDX5	NP_001099234
A6NDX5	P48145
A6NDX5	Q8NGL7
A6NDX5	O43812
A6NDX5	Q8TAQ2-2
A6NDX5	Q9DB94
A6NDX5	Q8CIE4
A6NDX5	Q4ACU6-2
A6NDX5	Q6PDB4
A6NDX5	Q7TRR4
A6NDX5	Q9QZA2
A6NDX5	Q1WG82
A6NDX5	I6L9E4
A6NDX5	ENSMUSP00000076332
A6NDX5	Q8C1R0
A6NDX5	P07522
A6NDX5	Q9BYJ9-2
A6NDX5	Q9UN74
A6NDX5	NP_001103068
A6NDX5	Q63429
A6NDX5	O95626
A6NDX5	Q52M58
A6NDX5	P15304-2
A6NDX5	Q9Z1T6
A6NDX5	F8WGN6
A6NDX5	Q13425-2
A6NDX5	NP_001101664
A6NDX5	Q9D504
A6NDX5	Q14BI1
A6NDX5	Q9NTX5-5
A6NDX5	Q61772-5
A6NDX5	Q80YA8
A6NDX5	P61566
A6NDX5	P13372
A6NDX5	P49223
A6NDX5	Q902F9
A6NDX5	P50404
A6NDX5	P48307
A6NDX5	M0R6B9
A6NDX5	D4AE59
A6NDX5	Q3UCG9
A6NDX5	NP_001128331
A6NDX5	Q9EST6
A6NDX5	Q8VFV0
A6NDX5	G3V9R7
A6NDX5	Q15147-5
A6NDX5	Q8K3S8
A6NDX5	P57771-2
A6NDX5	Q1H9T6
A6NDX5	Q91Y21
A6NDX5	D3ZWB4
A6NDX5	D4ADG3
A6NDX5	Q92847-2
A6NDX5	Q9CXD9
A6NDX5	Q8VFQ7
A6NDX5	Q71MR7
A6NDX5	Q8CE90-6
A6NDX5	F1LR42
A6NDX5	D3ZDA2
A6NDX5	P52844
A6NDX5	D4A0G0
A6NDX5	P15498-2
A6NDX5	Q07812-2
A6NDX5	Q8IZP0-12
A6NDX5	D3ZIJ7
A6NDX5	Q6AY34
A6NDX5	Q8N2R0-2
A6NDX5	Q1JRP2
A6NDX5	Q8R455
A6NDX5	P17988
A6NDX5	Q5XII5
A6NDX5	F1LXS5
A6NDX5	Q99603
A6NDX5	Q19A41
A6NDX5	Q14103-2
A6NDX5	Q9Y4E8-4
A6NDX5	B5DFA0
A6NDX5	D4A5T6
A6NDX5	Q99JD3
A6NDX5	E9Q623
A6NDX5	F1LQ70
A6NDX5	D3ZD22
A6NDX5	Q5DU57
A6NDX5	Q09666-2
A6NDX5	Q86V48-2
A6NDX5	Q13557-10
A6NDX5	G3V6S6
A6NDX5	P19878-4
A6NDX5	Q80XD1
A6NDX5	L7N210
A6NDX5	Q01129
A6NDX5	Q4KLL5
A6NDX5	O54861
A6NDX5	P70566
A6NDX5	D3ZUU2
A6NDX5	M0R766
A6NDX5	F1LRQ6
A6NDX5	B5DFI8
A6NDX5	Q4KWH8-2
A6NDX5	Q6AY15
A6NDX5	D3ZA89
A6NDX5	XP_001476692
A6NDX5	F1M4A4
A6NDX5	Q5FWT8
A6NDX5	Q5XII3
A6NDX5	Q5RK03
A6NDX5	P56179
A6NDX5	P70397
A6NDX5	Q78EJ9
A6NDX5	P35236-3
A6NDX5	Q4FZZ1
A6NDX5	L7MU59
A6NDX5	O70173
A6NDX5	E9PZA8
A6NDX5	NP_579829
A6NDX5	P16303
A6NDX5	Q9BUJ2-2
A6NDX5	F1M0R2
A6NDX5	Q6ZV73-2
A6NDX5	NP_001000627
A6NDX5	Q7TRH5
A6NDX5	D3ZVI8
A6NDX5	Q6AXV7
A6NDX5	D4AA54
A6NDX5	Q96P64
A6NDX5	P08541
A6NDX5	Q6P9Y7
A6NDX5	Q9WUH8
A6NDX5	P15941-10
A6NDX5	P17036-2
A6NDX5	Q8NEM1-2
A6NDX5	Q8ND76-3
A6NDX5	Q9BZL4-3
A6NDX5	D3ZT66
A6NDX5	Q9P0K8-2
A6NDX5	A0A0G2JV24
A6NDX5	D4A1H8
A6NDX5	P00387-2
A6NDX5	Q8IVL1-10
A6NDX5	Q9P202-3
A6NDX5	Q96JM2-3
A6NDX5	P19838-2
A6NDX5	B4DDE1
A6NDX5	Q63481
A6NDX5	P55849-2
A6NDX5	Q00722-3
A6NDX5	Q7Z6I6-3
A6NDX5	Q96JZ2-2
A6NDX5	A0A0G2K4H2
A6NDX5	Q2LKV5
A6NDX5	Q6UWE0-2
A6NDX5	P29375-2
A6NDX5	Q16653-6
A6NDX5	Q9UQ26-1
A6NDX5	P35580-5
A6NDX5	Q1LZ51
A6NDX5	Q92851-2
A6NDX5	F1MUH4
A6NDX5	A0A140LHF2
A6NDX5	Q810J1
A6NDX5	P04223-2
A6NDX5	F1MBN2
A6NDX5	E1BKX7
A6NDX5	O95319-3
A6NDX5	P32418-3
A6NDX5	A0A140LI88
A6NDX5	Q8IXQ6-2
A6NDX5	P46939-2
A6NDX5	O95155-4
A6NDX5	Q75LS8
A6NDX5	Q6ZVM7-3
A6NDX5	O14628-5
A6NDX5	O88426
A6NDX5	Q8R4G0-4
A6NDX5	Q4V8G0
A6NDX5	P97592
A6NDX5	Q9BXU9-1
A6NDX5	Q4QQV1
A6NDX5	A0A087X0M5
A6NDX5	A0A087WT02
A6NDX5	Q15326-4
A6NDX5	P10716
A6NDX5	Q96PE3-3
A6NDX5	D3ZZ80
A6NDX5	Q63340
A6NDX5	Q8K3R0
A6NDX5	P60889
A6NDX5	P0DTE1
A6NDX5	Q8VD52
A6NDX5	Q6P7B7
A6NDX5	D3ZGQ5
A6NDX5	P29475-5
A6NDX5	O60245-2
A6NDX5	O60711-2
A6NDX5	O43251-8
A6NDX5	Q6UWL2-2
A6NDX5	A0A0A6YYB9
A6NDX5	Q8N0W4-2
A6NDX5	A0A0B4J2D9
A6NDX5	P0DP09
A6NDX5	Q6ZN08
A6NDX5	D3ZLD6
A6NDX5	B2RYL7
A6NDX5	P05106-2
A6NDX5	Q8K4G1-2
A6NDX5	F7F172
A6NDX5	Q3KR94
A6NDX5	Q6MG33
A6NDX5	Q91ZU6-3
A6NDX5	A6NI72
A6NDX5	A0A0A6YYK7
A6NDX5	P51400
A6NDX5	Q64204
A6NDX5	Q05095
A6NDX5	P18291
A6NDX5	P97528
A6NDX5	P49805
A6NDX5	Q642B9
A6NDX5	Q9H4A3-4
A6NDX5	B4F785
A6NDX5	Q5XIF9
A6NDX5	O88484
A6NDX5	P50282
A6NDX5	P83748
A6NDX5	A0A075B6S9
A6NDX5	P0DSN7
A6NDX5	Q4JM44
A6NDX5	Q3SWT6
A6NDX5	D3Z8P1
A6NDX5	Q9WTZ1
A6NDX5	P46937-5
A6NDX5	XP_038967247
A6NDX5	XP_038950906
A6NDX5	Q505D1
A6NDX5	NP_001162604
A6NDX5	NP_001165598
A6NDX5	P62257
A6NDX5	P62256
A6NDX5	Q712G8
A6NDX5	Q9HBL0
A6NDX5	Q92600-2
A6NDX5	P30511-3
A6NDX5	Q6MFZ6
A6NDX5	D3ZAN8
A6NDX5	D3ZA55
A6NDX5	P30681
A6NDX5	Q9BTM1
A6NDX5	P58546
A6NDX5	P62774
A6NDX5	P62775
A6NDX5	E9Q401
A6NDX5	Q9Y3B3
A6NDX5	P63213
A6NDX5	P59768
A6NDX5	Q5HYJ3
A6NDX5	Q6T311
A6NDX5	Q8VF68
A6NDX5	XP_001062280
A6NDX5	Q8VI93
A6NDX5	Q149R9
A6NDX5	A8K4G0
A6NDX5	B2RZ33
A6NDX5	Q99M51
A6NDX5	B2RUR8
A6NDX5	B2RZB3
A6NDX5	F1LMA0
A6NDX5	Q5CZ79
A6NDX5	O60683
A6NDX5	Q0PMG2
A6NDX5	Q9ESN9-3
A6NDX5	A0A0J9YX35
A6NDX5	XP_001073596
A6NDX5	XP_243622
A6NDX5	Q64595
A6NDX5	G3V7R4
A6NDX5	O15530
A6NDX5	Q9UEW8
A6NDX5	Q1HFZ0
A6NDX5	Q13177
A6NDX5	Q8IZL9
A6NDX5	ENSRNOP00000003014
A6NDX5	Q63844
A6NDX5	P21708
A6NDX5	Q13554
A6NDX5	NP_001102287
A6NDX5	Q15303
A6NDX5	Q01105
A6NDX5	Q8R3N6
A6NDX5	Q16832
A6NDX5	Q02156
A6NDX5	Q90623
A6NDX5	P98078
A6NDX5	P35821
A6NDX5	Q61624
A6NDX5	P42574
A6NDX5	Q9H7N4
A6NDX5	P55040
A6NDX5	G3V645
A6NDX5	Q14103-3
A6NDX5	P49186
A6NDX5	Q9WTU6-4
A6NDX5	Q96D71
A6NDX5	P12814
A6NDX5	P98179
A6NDX5	O75467
A6NDX5	Q64143
A6NDX5	Q96PK6
A6NDX5	O94910
A6NDX5	Q8N8K9
A6NDX5	Q9GJP9
A6NDX5	O43639
A6NDX5	Q8ND76
A6NDX5	Q9WUD1
A6NDX5	Q80YW0
A6NDX5	Q96N64
A6NDX5	Q3UMU9-3
A6NDX5	Q3UJD6
A6NDX5	Q8BG05
A6NDX5	Q6URK4
A6NDX5	Q9UMD9
A6NDX5	P49366
A6NDX5	Q5TCS8
A6NDX5	Q2TAL6
A6NDX5	F2Z4A3
A6NDX5	Q8WWQ0
A6NDX5	O60486
A6NDX5	Q96PD2
A6NDX5	Q9D411
A6NDX5	O08721
A6NDX5	Q13496
A6NDX5	Q92622
A6NDX5	Q96C90
A6NDX5	Q9JKA5
A6NDX5	Q9QYJ3
A6NDX5	Q6PJG9
A6NDX5	Q8R1G6
A6NDX5	Q15058
A6NDX5	Q9JK48
A6NDX5	Q8VD46
A6NDX5	Q05516
A6NDX5	Q8N488
A6NDX5	Q8CCI5
A6NDX5	Q8WU17
A6NDX5	O75843
A6NDX5	Q149T7
A6NDX5	Q8N0X7
A6NDX5	Q9JLI8
A6NDX5	P08172
A6NDX5	Q5SSL4
A6NDX5	E9Q7X6
A6NDX5	P15530
A6NDX5	Q06194
A6NDX5	P97927
A6NDX5	Q99697
A6NDX5	Q9Y6X0
A6NDX5	Q96DU9
A6NDX5	O43795
A6NDX5	Q63744
A6NDX5	Q8VIE5
A6NDX5	Q9H694
A6NDX5	Q8TE67
A6NDX5	Q9D684
A6NDX5	P22676
A6NDX5	P27658
A6NDX5	Q96NW4
A6NDX5	Q92859
A6NDX5	Q9ET26
A6NDX5	Q61398
A6NDX5	Q6NWW9
A6NDX5	Q6GQT6
A6NDX5	Q8R431
A6NDX5	Q9UBI1
A6NDX5	P61375
A6NDX5	P61376
A6NDX5	Q9Y4X5
A6NDX5	Q7Z5J8
A6NDX5	Q8K4F8
A6NDX5	O14511
A6NDX5	Q8N427_VAR_061898
A6NDX5	P02760
A6NDX5	Q9EPW9
A6NDX5	Q3V0L5
A6NDX5	Q9BZE0
A6NDX5	Q8BQC3
A6NDX5	Q8R4C2
A6NDX5	Q86XD8
A6NDX5	Q62137-2
A6NDX5	Q12798
A6NDX5	Q6V1P9
A6NDX5	P25090
A6NDX5	P97587
A6NDX5	O95201
A6NDX5	Q8NHY6
A6NDX5	P11229
A6NDX5	E9Q4J9
A6NDX5	Q4FZC9
A6NDX5	Q9BSW2
A6NDX5	O95185
A6NDX5	Q9Y5G8
A6NDX5	O60902
A6NDX5	P43120
A6NDX5	Q13075
A6NDX5	Q6P6L0
A6NDX5	Q8VGS1
A6NDX5	Q8BRJ3
A6NDX5	Q14CZ8
A6NDX5	Q8WUJ0
A6NDX5	Q13077
A6NDX5	B7ZCI2
A6NDX5	Q91V88
A6NDX5	P35584
A6NDX5	P30548
A6NDX5	Q8TF65
A6NDX5	P54319
A6NDX5	O14525
A6NDX5	Q9D485
A6NDX5	Q8NFZ4
A6NDX5	Q9HCL0
A6NDX5	Q99N48
A6NDX5	A7E3N7
A6NDX5	Q9ULW6
A6NDX5	Q8K596
A6NDX5	Q3V0K9
A6NDX5	Q9QY39
A6NDX5	Q68FG1
A6NDX5	Q9BXT6
A6NDX5	Q9BS31
A6NDX5	Q5SZK8
A6NDX5	Q8N4N3
A6NDX5	Q969Q1
A6NDX5	P28827
A6NDX5	Q6PDK8
A6NDX5	Q7TSP2
A6NDX5	Q9Y485
A6NDX5	Q8BZ89
A6NDX5	Q16790
A6NDX5	Q7TRI0
A6NDX5	Q92968
A6NDX5	Q17RW2
A6NDX5	P30205
A6NDX5	P50052
A6NDX5	Q8VDC1
A6NDX5	O60423
A6NDX5	Q9UDT6
A6NDX5	Q5W5W9
A6NDX5	Q9NQ94
A6NDX5	Q6ZPF4
A6NDX5	O15018
A6NDX5	Q9DBC3
A6NDX5	Q9DC04
A6NDX5	Q9EP82
A6NDX5	Q6ZN30
A6NDX5	P23760
A6NDX5	Q00915
A6NDX5	Q8IZF6
A6NDX5	P12109
A6NDX5	Q3UGR5
A6NDX5	Q5XIP7
A6NDX5	O08583
A6NDX5	P18864
A6NDX5	Q8NE28
A6NDX5	Q9UNX4
A6NDX5	Q3UIR3
A6NDX5	P31388
A6NDX5	Q9EPK5
A6NDX5	Q99ME3
A6NDX5	Q9UQB3
A6NDX5	Q9BR76
A6NDX5	Q8VBV8
A6NDX5	Q6PGG2
A6NDX5	Q5JZY3
A6NDX5	P98203
A6NDX5	Q9P2B4
A6NDX5	P28068
A6NDX5	Q15599
A6NDX5	O75674
A6NDX5	Q15942
A6NDX5	Q8WYB5
A6NDX5	Q9CWK8
A6NDX5	O94898
A6NDX5	Q8NER1
A6NDX5	P00520
A6NDX5	Q80WR0
A6NDX5	Q8R2S1
A6NDX5	Q96A28
A6NDX5	P50402
A6NDX5	O15042
A6NDX5	P97820
A6NDX5	Q15654
A6NDX5	P81128
A6NDX5	P11362
A6NDX5	O43318
A6NDX5	Q8VDU5
A6NDX5	P18760
A6NDX5	P45592
A6NDX5	Q9NY57
A6NDX5	Q60760
A6NDX5	Q9Z1D1
A6NDX5	Q5RK09
A6NDX5	Q62881
A6NDX5	Q8BX57
A6NDX5	P49682-2
A6NDX5	O94768
A6NDX5	Q64725
A6NDX5	P47809
A6NDX5	Q4KSH6
A6NDX5	Q15831
A6NDX5	O75676
A6NDX5	P22682
A6NDX5	Q8VHF0
A6NDX5	Q61851
A6NDX5	P47197
A6NDX5	F1LRS8
A6NDX5	F1M7Y5
A6NDX5	Q9UIB8
A6NDX5	Q86YT6
A6NDX5	P13863
A6NDX5	Q92765
A6NDX5	Q3UIZ8
A6NDX5	Q15311
A6NDX5	Q13148
A6NDX5	P61018
A6NDX5	Q16527
A6NDX5	Q9JII5
A6NDX5	XP_038962031
A6NDX5	Q3U319
A6NDX5	XP_001063221
A6NDX5	Q61089
A6NDX5	P70407
A6NDX5	P51610
A6NDX5	Q8IXI2
A6NDX5	Q96AX9
A6NDX5	O75129
A6NDX5	P01920
A6NDX5	Q9BTC0
A6NDX5	Q924I2
A6NDX5	Q8BWQ1
A6NDX5	Q64285
A6NDX5	P22935
A6NDX5	Q149L6
A6NDX5	Q5DTY5
A6NDX5	O95503
A6NDX5	Q80WT0
A6NDX5	Q587K3
A6NDX5	ENSRNOP00000006709
A6NDX5	AAH78844
A6NDX5	Q9Z1T4
A6NDX5	Q80YA9
A6NDX5	Q04741
A6NDX5	Q8N8C0
A6NDX5	Q8NGR2
A6NDX5	Q96RB7
A6NDX5	Q80TT2
A6NDX5	Q6ZWB6
A6NDX5	O09126
A6NDX5	Q156J1
A6NDX5	A0A096MJU1
A6NDX5	P23469-2
A6NDX5	Q86UQ0-3
A6NDX5	Q96JG9
A6NDX5	P0C1X8
A6NDX5	P30550
A6NDX5	P97489
A6NDX5	Q4V8K0
A6NDX5	Q6MGB6
A6NDX5	Q9JMH2
A6NDX5	P51677
A6NDX5	F7DLY1
A6NDX5	NP_001101879
A6NDX5	Q8C120
A6NDX5	D3ZLT4
A6NDX5	Q8VFT5
A6NDX5	A2AGX3
A6NDX5	XP_228347
A6NDX5	F1LW58
A6NDX5	XP_001068904
A6NDX5	P08556
A6NDX5	O35568
A6NDX5	Q75NI5
A6NDX5	Q9H5Z1
A6NDX5	P20807
A6NDX5	P52592
A6NDX5	Q8BVU5
A6NDX5	Q96NL3
A6NDX5	Q9Y275
A6NDX5	A2AWA9
A6NDX5	Q64321
A6NDX5	Q8IVU3
A6NDX5	Q9NXL9
A6NDX5	Q96JB6
A6NDX5	Q9JI33
A6NDX5	YP_009725303
A6NDX5	Q9CQ90
A6NDX5	Q9NWM8
A6NDX5	Q8BLB7
A6NDX5	M0QZC1
A6NDX5	Q5TC63
A6NDX5	P10111
A6NDX5	Q8K4Q8
A6NDX5	Q9P2Q2
A6NDX5	NP_001116449
A6NDX5	Q5VUJ5
A6NDX5	Q9NYR9
A6NDX5	O14511-2
A6NDX5	Q8NH81
A6NDX5	Q92828
A6NDX5	Q9NZC2
A6NDX5	Q8NGE7
A6NDX5	Q12959-9
A6NDX5	Q2VWP7
A6NDX5	A8MTB9
A6NDX5	YP_009725304
A6NDX5	P60008
A6NDX5	Q9UBV8
A6NDX5	Q8NEP9
A6NDX5	O00499-2
A6NDX5	P31942-2
A6NDX5	P59817
A6NDX5	Q8VDY4
A6NDX5	P08218
A6NDX5	Q5NCP0
A6NDX5	Q92696
A6NDX5	Q16587
A6NDX5	B4DZD9
A6NDX5	XP_575134
A6NDX5	NP_001101935
A6NDX5	Q96JF6
A6NDX5	Q8C0S1
A6NDX5	Q969V5
A6NDX5	XP_001061392
A6NDX5	Q8C827
A6NDX5	O35678
A6NDX5	P01899
A6NDX5	Q05A36
A6NDX5	Q62623
A6NDX5	P97816
A6NDX5	Q9UDV6
A6NDX5	Q8BH49
A6NDX5	A6NKC9
A6NDX5	Q7L099-2
A6NDX5	P13596
A6NDX5	XP_229201
A6NDX5	Q9HBL6
A6NDX5	Q1ERP8
A6NDX5	B2RWD2
A6NDX5	Q13046
A6NDX5	Q6P2M8-5
A6NDX5	A7VMS3
A6NDX5	P35294
A6NDX5	Q91WQ9
A6NDX5	Q96P65
A6NDX5	Q9WVC1
A6NDX5	O70201-2
A6NDX5	Q8NGS7
A6NDX5	Q61117
A6NDX5	P24399
A6NDX5	Q14587
A6NDX5	Q9H819
A6NDX5	Q9Z2G6
A6NDX5	Q03591
A6NDX5	F7A4A7
A6NDX5	Q8NGG0
A6NDX5	P97368
A6NDX5	Q5TIS6
A6NDX5	Q9D4H2
A6NDX5	E9Q6X9
A6NDX5	J3KML0
A6NDX5	Q8R367
A6NDX5	Q8NI36
A6NDX5	Q91X70
A6NDX5	B2RXR6
A6NDX5	Q969N4
A6NDX5	Q96JC4
A6NDX5	P06349
A6NDX5	P97299
A6NDX5	Q63548
A6NDX5	Q6PIU9
A6NDX5	Q9WV69-2
A6NDX5	NP_001381676
A6NDX5	Q9Y6N9
A6NDX5	O75526
A6NDX5	Q9BX67
A6NDX5	A2A9Z1
A6NDX5	Q8WVF5
A6NDX5	Q6P6L4
A6NDX5	O43491-4
A6NDX5	Q9QY42
A6NDX5	O88846
A6NDX5	Q7TPD6
A6NDX5	Q6DGG0
A6NDX5	Q8N8L6
A6NDX5	D4AEG5
A6NDX5	Q6A1A2
A6NDX5	D4AC16
A6NDX5	XP_001057249
A6NDX5	P63003
A6NDX5	Q08117
A6NDX5	P63002
A6NDX5	P0CF24
A6NDX5	NP_001101522
A6NDX5	D4A7Q2
A6NDX5	B0BNL2
A6NDX5	A1A5Q1
A6NDX5	Q6AYF7
A6NDX5	Q9JHE5
A6NDX5	P07948-2
A6NDX5	Q7TMA4
A6NDX5	Q6AXQ5
A6NDX5	P63124
A6NDX5	D3ZZK5
A6NDX5	O43665-2
A6NDX5	XP_224971
A6NDX5	A6NCW0
A6NDX5	B2DCZ9
A6NDX5	NP_001028428
A6NDX5	P22310
A6NDX5	Q5U303
A6NDX5	XP_001071431
A6NDX5	Q8K4M9
A6NDX5	D3ZA29
A6NDX5	D4AD53
A6NDX5	Q8CGR5
A6NDX5	A8K979
A6NDX5	Q8NAA4
A6NDX5	Q86T26
A6NDX5	P0C5K1
A6NDX5	XP_006243160
A6NDX5	XP_001080366
A6NDX5	O54921
A6NDX5	Q8NEA6-2
A6NDX5	E9Q6E5
A6NDX5	Q9EQS9-3
A6NDX5	Q7TR51
A6NDX5	Q6ZN11
A6NDX5	XP_223536
A6NDX5	D3ZVR6
A6NDX5	Q6IF99
A6NDX5	Q5EB92
A6NDX5	Q6AYC8
A6NDX5	P50237
A6NDX5	Q96A61
A6NDX5	Q9WUN8
A6NDX5	Q9Y5G0
A6NDX5	NP_001013599
A6NDX5	O08734
A6NDX5	Q7Z7D3
A6NDX5	F1M155
A6NDX5	Q91WD8
A6NDX5	D3ZNG2
A6NDX5	P25099
A6NDX5	Q2PS20
A6NDX5	Q5T6S3
A6NDX5	XP_001055951
A6NDX5	Q9BUV8
A6NDX5	P41272
A6NDX5	A2AI76
A6NDX5	Q9H1U9
A6NDX5	Q96J42
A6NDX5	P45984-3
A6NDX5	Q99JT5
A6NDX5	O88626
A6NDX5	Q3V1P9
A6NDX5	Q9JII9
A6NDX5	P47804
A6NDX5	P55771
A6NDX5	XP_577708
A6NDX5	Q923Y9
A6NDX5	P26824
A6NDX5	P49287
A6NDX5	O95918
A6NDX5	Q8NH80
A6NDX5	Q8NGK1
A6NDX5	P0C645
A6NDX5	P0C7N1
A6NDX5	P0C628
A6NDX5	P46089
A6NDX5	P49681
A6NDX5	O95843
A6NDX5	Q80T62
A6NDX5	Q969V1
A6NDX5	Q96PT3
A6NDX5	Q86W11
A6NDX5	E9Q3H4
A6NDX5	P0C870
A6NDX5	Q6ZNH5
A6NDX5	Q5JXB2
A6NDX5	P31267
A6NDX5	Q3UIA2-2
A6NDX5	Q8VFH3
A6NDX5	Q2M2D7
A6NDX5	Q8VHJ7-2
A6NDX5	Q3UZZ6
A6NDX5	O88689
A6NDX5	Q63009
A6NDX5	Q99873-4
A6NDX5	P0CG51
A6NDX5	P0CG49
A6NDX5	P0CH28
A6NDX5	Q2NKI2
A6NDX5	O75871
A6NDX5	Q8WTT0
A6NDX5	O75916
A6NDX5	Q9BZE9-2
A6NDX5	Q96A00-2
A6NDX5	Q6S5H5-4
A6NDX5	Q6RFH8
A6NDX5	O00481
A6NDX5	O75601
A6NDX5	B8JJZ9
A6NDX5	Q8IUH3-2
A6NDX5	A1L1A6
A6NDX5	Q902F8
A6NDX5	Q9BU20
A6NDX5	O35536
A6NDX5	D3ZEA0
A6NDX5	ENSRNOP00000023925
A6NDX5	F1M386
A6NDX5	Q6ZP82-2
A6NDX5	Q8N8Q1-4
A6NDX5	Q811H0
A6NDX5	Q8BXB3
A6NDX5	Q5U467
A6NDX5	D3ZEM6
A6NDX5	D4A827
A6NDX5	O75914-3
A6NDX5	O75369-2
A6NDX5	Q7TQV2
A6NDX5	Q8WZ42-3
A6NDX5	Q91ZF4
A6NDX5	P28840
A6NDX5	Q13239-4
A6NDX5	B1WCA1
A6NDX5	Q9R1K5
A6NDX5	Q96JP5-2
A6NDX5	A6NFN9-2
A6NDX5	D9I2F9
A6NDX5	D4A433
A6NDX5	C0KUC5
A6NDX5	Q8VGJ6
A6NDX5	Q9Z117
A6NDX5	P02454
A6NDX5	Q8R4U9
A6NDX5	P12847
A6NDX5	D4A3X0
A6NDX5	O35806
A6NDX5	Q3UIL6-2
A6NDX5	Q792Z1
A6NDX5	Q9UBU8-2
A6NDX5	Q6AYU1
A6NDX5	Q16653-7
A6NDX5	D4A0G4
A6NDX5	P41682
A6NDX5	D3ZGM7
A6NDX5	E9Q4M2
A6NDX5	Q9WUS0
A6NDX5	D3ZKC3
A6NDX5	Q6ZRI0-2
A6NDX5	P30427-2
A6NDX5	F7EVP3
A6NDX5	Q61670
A6NDX5	Q5XI98
A6NDX5	P55008-3
A6NDX5	Q8IX05-2
A6NDX5	Q96B97-2
A6NDX5	Q9UBU9-2
A6NDX5	NP_001001083
A6NDX5	Q15642-2
A6NDX5	D3Z837
A6NDX5	G3V8M0
A6NDX5	A0A0G2JZA1
A6NDX5	Q00872-2
A6NDX5	B1WC89
A6NDX5	Q15375-4
A6NDX5	D3ZQ55
A6NDX5	Q14C20
A6NDX5	Q8NFP4-2
A6NDX5	Q8VEZ4
A6NDX5	D4A4I9
A6NDX5	Q96QU1-6
A6NDX5	Q96T37-2
A6NDX5	P08621-2
A6NDX5	F1M820
A6NDX5	Q6URK4-2
A6NDX5	Q91Y02
A6NDX5	Q8VG21
A6NDX5	D3ZWI5
A6NDX5	Q8VHF9
A6NDX5	P06399
A6NDX5	O60353-2
A6NDX5	Q9Y2K7-2
A6NDX5	Q14914-2
A6NDX5	P19488
A6NDX5	F1M4J1
A6NDX5	P10754
A6NDX5	P43527
A6NDX5	F1LY19
A6NDX5	Q9EPU0
A6NDX5	Q9BXI9-1
A6NDX5	Q9NQ86-2
A6NDX5	O43439-5
A6NDX5	Q3U3M9
A6NDX5	Q9JKS4-3
A6NDX5	Q5DID0-2
A6NDX5	Q9UKV0-6
A6NDX5	D3ZVD5
A6NDX5	P39880-2
A6NDX5	Q9Y618-2
A6NDX5	P51532-2
A6NDX5	Q9H4L5-8
A6NDX5	Q6ZS30-1
A6NDX5	Q9ULJ3-2
A6NDX5	Q14676-2
A6NDX5	P61086-3
A6NDX5	Q9Y2L1-2
A6NDX5	D4AE24
A6NDX5	Q08J23-2
A6NDX5	Q6L8Q7-2
A6NDX5	P63128
A6NDX5	Q9UKT9-15
A6NDX5	Q9BT76-3
A6NDX5	A0A0C4DH25
A6NDX5	P57078-2
A6NDX5	Q7Z6M3-2
A6NDX5	P08174-7
A6NDX5	A1L390-3
A6NDX5	P23640
A6NDX5	A0M8Q6
A6NDX5	Q2LKW6
A6NDX5	Q6UWE0-3
A6NDX5	Q92833-2
A6NDX5	Q9H6Y5-3
A6NDX5	Q8WYB5-3
A6NDX5	P23468-7
A6NDX5	NP_001193743
A6NDX5	NP_001192954
A6NDX5	A7MB24
A6NDX5	Q9NYB9-2
A6NDX5	A4IF79
A6NDX5	Q1LZC5
A6NDX5	E1BE25
A6NDX5	E1BI26
A6NDX5	D3JUI8
A6NDX5	Q9Y639-5
A6NDX5	Q9BQI0-2
A6NDX5	Q9UL15-2
A6NDX5	P11388-4
A6NDX5	P04432
A6NDX5	P01597
A6NDX5	Q15746-6
A6NDX5	Q3KR37-4
A6NDX5	Q9BX66-12
A6NDX5	O14628-6
A6NDX5	Q99M75
A6NDX5	A6NLI5
A6NDX5	Q6IE49
A6NDX5	XP_232237
A6NDX5	D3ZUK3
A6NDX5	Q6IMG5
A6NDX5	Q5T8D3-2
A6NDX5	A0A0B4J2E0
A6NDX5	Q8IUH3-3
A6NDX5	A0A0B4J244
A6NDX5	Q99P75
A6NDX5	Q9R0M6
A6NDX5	Q15326-5
A6NDX5	G3V801
A6NDX5	P97682
A6NDX5	P22057
A6NDX5	Q9Z2A6
A6NDX5	Q6AXT1
A6NDX5	Q5RJR4
A6NDX5	Q64335
A6NDX5	D3ZRA8
A6NDX5	P47239
A6NDX5	Q9NW81-4
A6NDX5	P0C869-6
A6NDX5	P01852
A6NDX5	P25021-2
A6NDX5	V9GXZ4
A6NDX5	P25205-2
A6NDX5	A0A075B6S4
A6NDX5	A0A0C4DH55
A6NDX5	Q14011-2
A6NDX5	NP_001099964
A6NDX5	Q92783-2
A6NDX5	F1M7P8
A6NDX5	Q8NCJ5
A6NDX5	E9Q9B3
A6NDX5	Q63244
A6NDX5	F1M1R7
A6NDX5	Q642B1
A6NDX5	O19445
A6NDX5	A8MVU1
A6NDX5	A0A0B4J238
A6NDX5	NP_001104527
A6NDX5	Q6TA48
A6NDX5	Q64202
A6NDX5	P00773
A6NDX5	O35112
A6NDX5	P12371
A6NDX5	P08661
A6NDX5	Q6UE39
A6NDX5	Q8CF93
A6NDX5	O70240
A6NDX5	O95425-4
A6NDX5	Q9NQ39
A6NDX5	A0A1B0GX95
A6NDX5	P48768
A6NDX5	Q8R5I4
A6NDX5	Q6GQP4
A6NDX5	A0A075B6H7
A6NDX5	Q923X9
A6NDX5	P07152
A6NDX5	P46937-6
A6NDX5	NP_001258381
A6NDX5	D3ZIC9
A6NDX5	NP_001359006
A6NDX5	XP_038959383
A6NDX5	O94854
A6NDX5	A0A8V8TMC4
A6NDX5	O75330-3
A6NDX5	D3ZHW0
A6NDX5	X6R8R1
A6NDX5	F7FAP6
A6NDX5	Q60605
A6NDX5	P60660
A6NDX5	O54946
A6NDX5	P34927
A6NDX5	Q7Z5A4
A6NDX5	Q9CQI7
A6NDX5	B5DEQ4
A6NDX5	Q99MC0
A6NDX5	E9Q1W3
A6NDX5	Q12955
A6NDX5	Q8N7F7
A6NDX5	Q8VDF3
A6NDX5	P51480
A6NDX5	Q9D061
A6NDX5	ENSRNOP00000056369
A6NDX5	Q92956-2
A6NDX5	P01111-2
A6NDX5	B2GV02
A6NDX5	EDM07364
A6NDX5	A6NEL2
A6NDX5	P56179-2
A6NDX5	Q6PIF6
A6NDX5	D4A182
A6NDX5	Q9NPD8
A6NDX5	E9QAM5
A6NDX5	D4ACN3
A6NDX5	P45983
A6NDX5	Q9QZS5
A6NDX5	Q13153
A6NDX5	Q7TT49
A6NDX5	D4AD76
A6NDX5	P27361
A6NDX5	P26817
A6NDX5	Q6JHU9
A6NDX5	Q61097
A6NDX5	Q63474
A6NDX5	P48455
A6NDX5	P54761
A6NDX5	Q9TV77
A6NDX5	Q91VE6
A6NDX5	P18031
A6NDX5	Q9UQR1
A6NDX5	F1M707
A6NDX5	Q8WWZ8
A6NDX5	Q6NS52
A6NDX5	Q61194
A6NDX5	Q8VI94
A6NDX5	Q9JJ54
A6NDX5	Q9UHX1
A6NDX5	Q9JLV1
A6NDX5	O75083
A6NDX5	Q62419
A6NDX5	Q9JLB0
A6NDX5	O75791
A6NDX5	Q7TQ48
A6NDX5	O88487
A6NDX5	Q811D0
A6NDX5	B1AR69
A6NDX5	Q13127
A6NDX5	Q9UIA0
A6NDX5	Q3TRM4
A6NDX5	Q9Z330
A6NDX5	O43719
A6NDX5	O94966
A6NDX5	Q6SJQ0
A6NDX5	Q9HD43
A6NDX5	P51991
A6NDX5	Q8BLR5
A6NDX5	Q6SA08
A6NDX5	Q6ZN44
A6NDX5	E9Q3L2
A6NDX5	Q66H48
A6NDX5	Q9Z0M6
A6NDX5	Q99795
A6NDX5	P22105
A6NDX5	Q96JY6
A6NDX5	Q9DA37
A6NDX5	Q61129
A6NDX5	Q96SE7
A6NDX5	Q8IYN0
A6NDX5	Q8N5C8
A6NDX5	Q924H0
A6NDX5	Q03401
A6NDX5	Q15020
A6NDX5	Q9WTS4
A6NDX5	Q12979
A6NDX5	Q9GZS0
A6NDX5	Q9ULI3
A6NDX5	Q8N2S1
A6NDX5	Q9JMA1
A6NDX5	Q9UPW8
A6NDX5	Q8NB90
A6NDX5	P55850
A6NDX5	P54278
A6NDX5	Q9R1B9
A6NDX5	Q9QWN8
A6NDX5	Q9R0Z9
A6NDX5	Q91YE8
A6NDX5	Q8VHF2
A6NDX5	Q9WUR9
A6NDX5	Q92499
A6NDX5	Q02591
A6NDX5	O70157
A6NDX5	Q8NFW1
A6NDX5	Q63598
A6NDX5	Q2KN98
A6NDX5	Q9Y508
A6NDX5	Q15113
A6NDX5	P51974
A6NDX5	Q99685
A6NDX5	P43277
A6NDX5	Q460N5
A6NDX5	Q9H2C1
A6NDX5	Q8BZ94
A6NDX5	P51944
A6NDX5	P57075
A6NDX5	Q9UKN1
A6NDX5	Q9HB29
A6NDX5	Q9D7A0
A6NDX5	Q9Y2C9
A6NDX5	Q60519
A6NDX5	Q9UJJ9
A6NDX5	Q8K083
A6NDX5	Q8IVU1
A6NDX5	Q8BZ52
A6NDX5	O35419
A6NDX5	Q7Z7C8
A6NDX5	Q8BMJ8
A6NDX5	Q07079
A6NDX5	Q3TAA7
A6NDX5	O35242
A6NDX5	P70232
A6NDX5	Q5STE3
A6NDX5	Q8BMJ7
A6NDX5	Q8WTX9
A6NDX5	Q8IZF7
A6NDX5	Q6ZMZ3
A6NDX5	D3YXJ0
A6NDX5	O88508
A6NDX5	Q8CG85
A6NDX5	Q6IRU7
A6NDX5	Q99KD5
A6NDX5	Q9JHJ7
A6NDX5	B1AWL2
A6NDX5	Q9JLZ6
A6NDX5	Q03014
A6NDX5	Q8NH85
A6NDX5	Q8NC24
A6NDX5	Q5BL07
A6NDX5	Q91Y04
A6NDX5	Q6UXI9
A6NDX5	Q8BTM9
A6NDX5	Q810U4
A6NDX5	Q8C689
A6NDX5	P25103
A6NDX5	O35710
A6NDX5	Q7Z7M0
A6NDX5	Q9H3M0
A6NDX5	P27612
A6NDX5	Q9R0M4
A6NDX5	Q9R216
A6NDX5	Q8K4C8
A6NDX5	O43570
A6NDX5	Q99KZ6
A6NDX5	Q5JST6
A6NDX5	Q8C351
A6NDX5	P26954
A6NDX5	Q8CJ00
A6NDX5	Q9UPR5
A6NDX5	Q14651
A6NDX5	Q76G19
A6NDX5	Q9UHC1
A6NDX5	P40694
A6NDX5	Q6PF04
A6NDX5	Q6U7Q0
A6NDX5	O75382
A6NDX5	Q92963
A6NDX5	Q9H159
A6NDX5	Q8IV01
A6NDX5	Q9Y2E6
A6NDX5	Q6P9L6
A6NDX5	Q7RTY7
A6NDX5	Q8TD84
A6NDX5	Q8VCM2
A6NDX5	Q9QXX0
A6NDX5	Q07968
A6NDX5	Q96HB5
A6NDX5	Q6ZXV5
A6NDX5	P39038
A6NDX5	Q5BJY0
A6NDX5	Q9BQS8
A6NDX5	Q8BVK9
A6NDX5	Q13129
A6NDX5	Q8IVF7
A6NDX5	Q924Z4
A6NDX5	Q8N1G2
A6NDX5	P49796
A6NDX5	P57081
A6NDX5	Q8C3U9
A6NDX5	Q9JMC2
A6NDX5	P09455
A6NDX5	O14559
A6NDX5	Q96NZ8
A6NDX5	Q8BYZ1
A6NDX5	P97499
A6NDX5	Q80YS5
A6NDX5	Q8BGR9
A6NDX5	Q5FWT7
A6NDX5	P42582
A6NDX5	Q8TCU6
A6NDX5	Q9R1C8
A6NDX5	Q80ZX0
A6NDX5	Q9Z2E2
A6NDX5	P16401
A6NDX5	Q9GZV5
A6NDX5	Q9Y6H5
A6NDX5	Q8BMI3
A6NDX5	Q7TQF7
A6NDX5	Q9UMX6
A6NDX5	Q9P107
A6NDX5	P47774
A6NDX5	O00192
A6NDX5	Q2PZL6
A6NDX5	O08759
A6NDX5	Q80U87
A6NDX5	Q61188
A6NDX5	B5DFE2
A6NDX5	O60749
A6NDX5	O35889
A6NDX5	Q16621
A6NDX5	P49790
A6NDX5	Q9Y6S9
A6NDX5	Q91Y44
A6NDX5	Q07497
A6NDX5	Q6P0Q8
A6NDX5	Q8NC51
A6NDX5	Q9NRY4
A6NDX5	Q9BY84
A6NDX5	Q9NRH2
A6NDX5	P23528
A6NDX5	P10668
A6NDX5	Q8QZV4
A6NDX5	Q9EQH1
A6NDX5	O15264
A6NDX5	Q8BM85
A6NDX5	Q7Z7A4
A6NDX5	Q9DAS9
A6NDX5	Q8CFI0
A6NDX5	P16056
A6NDX5	Q91ZN7
A6NDX5	Q60787
A6NDX5	Q13043
A6NDX5	P43405
A6NDX5	P45985
A6NDX5	P23443
A6NDX5	Q9WUT3
A6NDX5	P11440
A6NDX5	P05625
A6NDX5	Q8WXH0
A6NDX5	Q03141
A6NDX5	Q9HAZ1
A6NDX5	Q09013
A6NDX5	P08575
A6NDX5	P36873
A6NDX5	P63088
A6NDX5	P63087
A6NDX5	O35177
A6NDX5	Q96LC7
A6NDX5	Q9NZM3
A6NDX5	Q9QY84
A6NDX5	P63325
A6NDX5	P63326
A6NDX5	Q9JLM4
A6NDX5	Q80XB4
A6NDX5	Q14914
A6NDX5	P49134
A6NDX5	P23198
A6NDX5	Q13185
A6NDX5	Q5RJK5
A6NDX5	P25962
A6NDX5	Q69ZK0
A6NDX5	P31786
A6NDX5	Q8K1S4
A6NDX5	Q8BHN5
A6NDX5	Q91WD2
A6NDX5	Q9D2H6
A6NDX5	Q80T79
A6NDX5	Q02505
A6NDX5	Q9Y5H2
A6NDX5	Q8NB66
A6NDX5	Q9H936
A6NDX5	Q8N0S6
A6NDX5	P39060
A6NDX5	Q96EP1
A6NDX5	Q6UXH9
A6NDX5	P55289
A6NDX5	Q9EQ78
A6NDX5	D3ZLI9
A6NDX5	XP_003754801
A6NDX5	Q5PPJ9
A6NDX5	Q04742
A6NDX5	Q8NGA1
A6NDX5	Q8NGP3
A6NDX5	O95864
A6NDX5	Q9Z2D6-2
A6NDX5	Q92854
A6NDX5	Q3LRT3
A6NDX5	Q3UHJ6
A6NDX5	P06870
A6NDX5	Q56UN5
A6NDX5	Q63190
A6NDX5	Q13613
A6NDX5	P21729
A6NDX5	Q5U2V0
A6NDX5	Q3URN6
A6NDX5	Q6TUD9
A6NDX5	Q8VHL1
A6NDX5	P51678
A6NDX5	Q8VEA6
A6NDX5	Q8NGN0
A6NDX5	Q9H9P2-4
A6NDX5	Q8TEJ3
A6NDX5	XP_001069111
A6NDX5	XP_344314
A6NDX5	XP_573721
A6NDX5	Q04970
A6NDX5	P01111
A6NDX5	Q8C102
A6NDX5	P13671
A6NDX5	Q9H1R2
A6NDX5	Q8IX18
A6NDX5	Q9H3F6
A6NDX5	O75147
A6NDX5	Q9NW13
A6NDX5	O60716-3
A6NDX5	Q9H9A6
A6NDX5	Q2KHI9
A6NDX5	Q924C6
A6NDX5	Q6PF18
A6NDX5	Q8VDB8
A6NDX5	Q8N7A1
A6NDX5	Q9NYL2-2
A6NDX5	Q68FU5
A6NDX5	Q5XID8
A6NDX5	P51885
A6NDX5	Q9BWP8-9
A6NDX5	P11047
A6NDX5	Q9D7D1
A6NDX5	Q9D3N8
A6NDX5	Q13555-2
A6NDX5	Q5I1X5
A6NDX5	Q5T6F0
A6NDX5	P13942
A6NDX5	Q04323
A6NDX5	F1M8S4
A6NDX5	Q8BIK6
A6NDX5	Q6GMV2
A6NDX5	Q96RR4-3
A6NDX5	Q8NGX6
A6NDX5	Q80VC6
A6NDX5	Q9QZI7
A6NDX5	Q9BZF2
A6NDX5	Q7L945
A6NDX5	Q2EY15
A6NDX5	P05109
A6NDX5	Q9D871
A6NDX5	YP_009725306
A6NDX5	Q8WWN9
A6NDX5	Q9NR11
A6NDX5	Q8BFY6
A6NDX5	B2RXH4
A6NDX5	Q96IQ7
A6NDX5	Q96DD0
A6NDX5	Q812A5
A6NDX5	Q96G42
A6NDX5	B2GUY9
A6NDX5	P47898
A6NDX5	Q9BQ16
A6NDX5	Q9JKF6_VAR_G428S
A6NDX5	Q9JKF6
A6NDX5	Q8VCM5
A6NDX5	Q9QXP7
A6NDX5	B1ASA5
A6NDX5	D4A633
A6NDX5	Q9UL40
A6NDX5	P23463
A6NDX5	P16373
A6NDX5	Q62871-3
A6NDX5	Q9DC22
A6NDX5	Q6PZE0
A6NDX5	Q8NCV1-2
A6NDX5	XP_017175331
A6NDX5	P29377
A6NDX5	Q8N4B1
A6NDX5	Q8K4A2
A6NDX5	A6PWY4
A6NDX5	Q9NVP4
A6NDX5	XP_001080186
A6NDX5	P43429
A6NDX5	Q9BV36-2
A6NDX5	Q6UXG3
A6NDX5	A4QPC6
A6NDX5	B4DU55
A6NDX5	A6NJZ3
A6NDX5	Q9P1W8-3
A6NDX5	P0DJD0
A6NDX5	Q96GE6
A6NDX5	Q96QZ7-3
A6NDX5	P09541
A6NDX5	Q8CI32
A6NDX5	P10076
A6NDX5	Q8VCK6
A6NDX5	Q9UBV2
A6NDX5	Q3ZCN5
A6NDX5	Q7TR80
A6NDX5	Q63ZW6
A6NDX5	Q5HYK9
A6NDX5	Q2TL60
A6NDX5	A2AMD2
A6NDX5	Q12841
A6NDX5	Q8R2U7
A6NDX5	P42701
A6NDX5	F1LZH9
A6NDX5	Q5QD07
A6NDX5	Q96IR2
A6NDX5	Q6MZQ0
A6NDX5	P06328
A6NDX5	Q8VGS7
A6NDX5	Q9DAE2
A6NDX5	P15941-6
A6NDX5	Q9D7X1
A6NDX5	Q0MW30
A6NDX5	Q9UKI8-2
A6NDX5	Q9Y330
A6NDX5	D3YUX5
A6NDX5	O15354
A6NDX5	O70218
A6NDX5	Q8IV13
A6NDX5	P59722
A6NDX5	Q5T1H1
A6NDX5	Q9D4M0
A6NDX5	O70277
A6NDX5	O78088
A6NDX5	Q4VFZ4
A6NDX5	D3ZXN0
A6NDX5	P39069
A6NDX5	Q99JU7
A6NDX5	A2AQW0
A6NDX5	Q9CQ52
A6NDX5	D3ZXA5
A6NDX5	Q99N11
A6NDX5	NP_001100539
A6NDX5	M0RDI5
A6NDX5	D4AB50
A6NDX5	XP_001056371
A6NDX5	NP_001178945
A6NDX5	E9PU01
A6NDX5	XP_001074062
A6NDX5	Q5HZB6
A6NDX5	P29323-2
A6NDX5	Q02526
A6NDX5	Q86XP1-2
A6NDX5	XP_897723
A6NDX5	Q66HE8
A6NDX5	O75310
A6NDX5	P35030
A6NDX5	Q9UHF3
A6NDX5	Q6YCH1
A6NDX5	Q6XL48
A6NDX5	Q8CF96
A6NDX5	Q8VFF8
A6NDX5	Q6KAU8
A6NDX5	P0C264
A6NDX5	B1H284
A6NDX5	F1M7U0
A6NDX5	Q8IVV2
A6NDX5	E9PZW8
A6NDX5	E7ERA6
A6NDX5	F1LQ09
A6NDX5	E9Q848
A6NDX5	Q86Y33
A6NDX5	B3DMA2
A6NDX5	XP_001063674
A6NDX5	D3ZKW5
A6NDX5	Q8QZR7
A6NDX5	Q8N165
A6NDX5	B3V097
A6NDX5	Q1L5Z9
A6NDX5	O95502
A6NDX5	Q91XX5
A6NDX5	Q16611
A6NDX5	Q7TSP5
A6NDX5	O88848
A6NDX5	A6NL08
A6NDX5	Q5RK33
A6NDX5	Q5HYK7-2
A6NDX5	Q9CQT9
A6NDX5	O14709-2
A6NDX5	Q9EQ00
A6NDX5	Q5HZI9
A6NDX5	Q5HZY0
A6NDX5	Q6P6J9
A6NDX5	P25445-6
A6NDX5	P58317
A6NDX5	Q924T9
A6NDX5	Q9Z2B3
A6NDX5	XP_001074649
A6NDX5	F1M9I4
A6NDX5	P49651
A6NDX5	P16177
A6NDX5	Q05C16
A6NDX5	P49218
A6NDX5	Q0VEL5
A6NDX5	Q8INB9
A6NDX5	Q8NGY2
A6NDX5	Q8VH17
A6NDX5	Q8NGG5
A6NDX5	P01607
A6NDX5	Q8NGD1
A6NDX5	Q5JQS5
A6NDX5	P11226
A6NDX5	P35413
A6NDX5	O75475-2
A6NDX5	Q8NGY0
A6NDX5	Q9BZM6
A6NDX5	Q8N628
A6NDX5	Q8BZL4
A6NDX5	Q8NGC5
A6NDX5	P62881
A6NDX5	O14775
A6NDX5	Q6VB84
A6NDX5	Q5VX71
A6NDX5	A2AD93
A6NDX5	P0C872
A6NDX5	A0JP26
A6NDX5	O75494-3
A6NDX5	Q3UA07
A6NDX5	Q8TC21
A6NDX5	Q3TYC0
A6NDX5	Q15147-4
A6NDX5	P09092
A6NDX5	Q96KN3
A6NDX5	NP_001001356
A6NDX5	Q5M821
A6NDX5	G3XA08
A6NDX5	Q767I8
A6NDX5	NP_001100847
A6NDX5	B2RUG6
A6NDX5	Q5SQQ9
A6NDX5	Q496F6
A6NDX5	Q67DU8
A6NDX5	Q9BUL5-2
A6NDX5	A6NI47
A6NDX5	Q62656
A6NDX5	O14727-4
A6NDX5	P00761
A6NDX5	Q8VC29
A6NDX5	P21333-2
A6NDX5	P01701
A6NDX5	Q5VT99
A6NDX5	D4PHA7
A6NDX5	A2A825
A6NDX5	Q9BZR6
A6NDX5	Q96R05
A6NDX5	Q9H756
A6NDX5	D4AC13
A6NDX5	P15650
A6NDX5	NP_001102996
A6NDX5	Q5U2Z2
A6NDX5	Q9Y5H9
A6NDX5	D3ZED9
A6NDX5	P20273-2
A6NDX5	P97571
A6NDX5	Q08ET2
A6NDX5	Q9R072
A6NDX5	E9PXM9
A6NDX5	Q9NRJ7
A6NDX5	D4A7Y7
A6NDX5	Q9H6Z4-2
A6NDX5	Q9Y3R0-2
A6NDX5	Q5M852
A6NDX5	XP_003084966
A6NDX5	Q8C886-2
A6NDX5	Q9D3U4
A6NDX5	D4A5C9
A6NDX5	D4A7K4
A6NDX5	Q13239-3
A6NDX5	G3X963
A6NDX5	Q8TDM0-3
A6NDX5	Q3TA68
A6NDX5	NP_001100938
A6NDX5	B2RYM0
A6NDX5	Q3B7K9
A6NDX5	Q4V8C4
A6NDX5	Q99NF7
A6NDX5	A0A0C4DH27
A6NDX5	Q96EK2-4
A6NDX5	Q8C0T1
A6NDX5	Q9NR11-2
A6NDX5	Q8C1T8
A6NDX5	Q96LC7-2
A6NDX5	Q5U312
A6NDX5	A0JPN1
A6NDX5	P02751-5
A6NDX5	Q9EPQ0
A6NDX5	Q8NB49-2
A6NDX5	P62633-3
A6NDX5	D4A2H6
A6NDX5	S4R1P5
A6NDX5	P08581-2
A6NDX5	O75962-2
A6NDX5	B1H234
A6NDX5	Q3ZAU7
A6NDX5	Q6XFR6
A6NDX5	F1LR98
A6NDX5	Q27974
A6NDX5	D3ZAZ1
A6NDX5	D4A6X3
A6NDX5	XP_038957198
A6NDX5	Q16620-4
A6NDX5	D3ZEY0
A6NDX5	P25304
A6NDX5	P31483-2
A6NDX5	Q15084-5
A6NDX5	Q5EB77
A6NDX5	D3ZQB2
A6NDX5	Q96T37-3
A6NDX5	Q13148-4
A6NDX5	Q9BTD8-2
A6NDX5	D3ZXZ1
A6NDX5	Q16629-2
A6NDX5	Q9NQV6-1
A6NDX5	D4ABB3
A6NDX5	D4AB35
A6NDX5	XP_001487851
A6NDX5	P03957
A6NDX5	P43250-2
A6NDX5	Q7LDI9
A6NDX5	O95819-2
A6NDX5	Q15286-2
A6NDX5	Q9BZ95-3
A6NDX5	D4A106
A6NDX5	Q3TKR3
A6NDX5	Q06481-3
A6NDX5	O94875-8
A6NDX5	Q6RHR9-2
A6NDX5	P21860-2
A6NDX5	Q86WJ1-4
A6NDX5	Q6ZNJ1-2
A6NDX5	Q9BWF3-2
A6NDX5	Q6ZW49-1
A6NDX5	O96017-11
A6NDX5	Q9UNF0-2
A6NDX5	Q96IQ9-2
A6NDX5	Q13243-3
A6NDX5	Q15084-2
A6NDX5	Q9UNH5-3
A6NDX5	O60784-2
A6NDX5	A0A0C4DH73
A6NDX5	Q6ZMZ0-4
A6NDX5	Q7Z6M3-3
A6NDX5	P14434
A6NDX5	P17948-8
A6NDX5	Q8IVE3-3
A6NDX5	B2RYB0
A6NDX5	XP_008761152
A6NDX5	O95382-3
A6NDX5	Q92833-3
A6NDX5	Q5SQQ9-2
A6NDX5	A0A0C4DH62
A6NDX5	Q8N6T0
A6NDX5	Q96PY6-3
A6NDX5	Q3KNS6-3
A6NDX5	P41597-2
A6NDX5	NP_001095523
A6NDX5	F1N395
A6NDX5	F1MFQ9
A6NDX5	Q6AWC2-6
A6NDX5	P01867
A6NDX5	P03987
A6NDX5	G3MZE2
A6NDX5	G2XKQ0
A6NDX5	Q96AX2-2
A6NDX5	A0A0C4DH34
A6NDX5	Q9HAU0-6
A6NDX5	Q9UJA3-4
A6NDX5	Q06730-2
A6NDX5	P49301
A6NDX5	B2GUX4
A6NDX5	Q2LAM0
A6NDX5	B1WBU5
A6NDX5	Q9NTW7-4
A6NDX5	P05714
A6NDX5	P56371
A6NDX5	A0A1W2PR48
A6NDX5	F7FKH2
A6NDX5	Q5PQP1
A6NDX5	Q5M870
A6NDX5	P57756
A6NDX5	P19218
A6NDX5	Q61592
A6NDX5	Q66H10
A6NDX5	P20850
A6NDX5	Q8N4B1-4
A6NDX5	Q6UW56-3
A6NDX5	Q13875-4
A6NDX5	Q9UL40-2
A6NDX5	Q02297-2
A6NDX5	A0A140T963
A6NDX5	Q9BV35-3
A6NDX5	A0A0B4J1Z2
A6NDX5	A0A0C4DH24
A6NDX5	NP_001300931
A6NDX5	F1LVZ9
A6NDX5	A0A0A0MS06
A6NDX5	Q5U2V1
A6NDX5	Q5PQM6
A6NDX5	Q02241-3
A6NDX5	F1LYX9
A6NDX5	F1LZF0
A6NDX5	Q8JZP3
A6NDX5	Q498S5
A6NDX5	D3ZJW5
A6NDX5	D3ZGM8
A6NDX5	D3ZUJ9
A6NDX5	D4A926
A6NDX5	D3ZSD3
A6NDX5	Q8IZM8
A6NDX5	Q68D20
A6NDX5	XP_017450030
A6NDX5	A0A0B4J241
A6NDX5	P0DPK4
A6NDX5	Q810F4
A6NDX5	P55067
A6NDX5	Q6BEA2
A6NDX5	Q05511
A6NDX5	P01732-3
A6NDX5	P02631
A6NDX5	A0A0A6YYG2
A6NDX5	Q6IML7
A6NDX5	Q8VHJ4
A6NDX5	Q498D9
A6NDX5	Q6WWW3
A6NDX5	F1LW30
A6NDX5	A0A0C4DH26
A6NDX5	O88582
A6NDX5	D4AD66
A6NDX5	P46937-7
A6NDX5	A0A0G2K2F8
A6NDX5	NP_001178789
A6NDX5	XP_006253462
A6NDX5	NP_001382020
A6NDX5	XP_017446745
A6NDX5	A0A0G2K7Z1
A6NDX5	XP_006250585
A6NDX5	XP_006247529
A6NDX5	O60879-2
A6NDX5	Q8BML1-1
A6NDX5	M0R5J1
A6NDX5	Q15424-4
A6NDX5	E9Q8G5
A6NDX5	Q9C0E8-4
A6NDX5	P48739-3
A6NDX5	D3ZT90
A6NDX5	D4AA91
A6NDX5	P0DV77
A6NDX5	Q3UW55
A6NDX5	D3ZTA4
A6NDX5	B0BMY7
A6NDX5	Q9Z0P5
A6NDX5	Q9P2P6
A6NDX5	O35450
A6NDX5	Q8VHN7
A6NDX5	Q96A32
A6NDX5	Q9JHL1
A6NDX5	A9UF07
A6NDX5	Q9WVJ4
A6NDX5	Q9H165
A6NDX5	P97287
A6NDX5	P26794
A6NDX5	P12849
A6NDX5	P81377
A6NDX5	Q80YP0
A6NDX5	NP_001099785
A6NDX5	P62329
A6NDX5	P62328
A6NDX5	Q16385-2
A6NDX5	Q8BNW9
A6NDX5	Q9H1X3
A6NDX5	D3ZWS6
A6NDX5	NP_001164029
A6NDX5	D3ZJP6
A6NDX5	Q8C854-3
A6NDX5	D4A3U5
A6NDX5	NP_001101201
A6NDX5	Q8K3H5
A6NDX5	F1M0N7
A6NDX5	O88904
A6NDX5	P22612
A6NDX5	XP_342847
A6NDX5	Q63272
A6NDX5	Q9HBY8-1
A6NDX5	Q8BSK8
A6NDX5	Q9QY01
A6NDX5	F1M1X9
A6NDX5	Q62956
A6NDX5	Q9BYP7
A6NDX5	Q99MK8
A6NDX5	P45481
A6NDX5	Q96BD5
A6NDX5	P18146
A6NDX5	Q8VDG6
A6NDX5	Q03146
A6NDX5	P48453
A6NDX5	Q15375
A6NDX5	P54760
A6NDX5	Q10728
A6NDX5	Q9BYG3
A6NDX5	Q4QQW4
A6NDX5	O09106
A6NDX5	Q13547
A6NDX5	P08103
A6NDX5	Q09014
A6NDX5	Q9Y6T7
A6NDX5	Q15646
A6NDX5	Q60668
A6NDX5	Q9WVM1
A6NDX5	O95817
A6NDX5	Q9NZW5
A6NDX5	P49443
A6NDX5	Q80U44
A6NDX5	Q9QWY8
A6NDX5	Q86TD4
A6NDX5	O88450
A6NDX5	Q5M7V8
A6NDX5	P20338
A6NDX5	Q12959
A6NDX5	Q8WYL5
A6NDX5	Q61029
A6NDX5	Q61687
A6NDX5	Q7TMY8
A6NDX5	P13864
A6NDX5	Q3U3T8
A6NDX5	Q9UGN4
A6NDX5	Q92783
A6NDX5	O54910
A6NDX5	Q8VC56
A6NDX5	Q494U1
A6NDX5	P50391
A6NDX5	P0DQD5
A6NDX5	Q5S007
A6NDX5	Q9QZS3
A6NDX5	Q80TE7
A6NDX5	P70587
A6NDX5	Q8BLY3
A6NDX5	Q99729
A6NDX5	P30415
A6NDX5	P42356
A6NDX5	P53564
A6NDX5	Q8BY02
A6NDX5	Q6WCQ1
A6NDX5	Q53GG5
A6NDX5	P15388
A6NDX5	P48547
A6NDX5	Q96LT4
A6NDX5	P06909
A6NDX5	P55290
A6NDX5	Q96RD9
A6NDX5	P40259
A6NDX5	O60469
A6NDX5	Q8BW70
A6NDX5	Q9Y5X5
A6NDX5	O55236
A6NDX5	NP_001101393
A6NDX5	P54108
A6NDX5	P70284
A6NDX5	Q6RHR9
A6NDX5	O09118
A6NDX5	O95631
A6NDX5	P10911
A6NDX5	Q9UHJ3
A6NDX5	P54578
A6NDX5	Q3UMR5
A6NDX5	Q96JQ0
A6NDX5	D4A678
A6NDX5	Q3UHK6
A6NDX5	P13542
A6NDX5	Q922P9
A6NDX5	Q96QB1
A6NDX5	Q9UMS6-2
A6NDX5	Q9NQX4
A6NDX5	Q9HBB8
A6NDX5	P27144
A6NDX5	Q69ZI1
A6NDX5	Q6KAQ7
A6NDX5	O08900
A6NDX5	Q99K51
A6NDX5	Q5D006
A6NDX5	O88507
A6NDX5	P97326
A6NDX5	Q69YQ0
A6NDX5	Q91Y57
A6NDX5	Q06710
A6NDX5	Q8BMS1
A6NDX5	P40939
A6NDX5	P16402
A6NDX5	Q86X55
A6NDX5	Q9Y2J2-2
A6NDX5	Q9H898
A6NDX5	Q92831
A6NDX5	P41002
A6NDX5	Q8CI12
A6NDX5	P54277-4
A6NDX5	Q9H707
A6NDX5	A2AVA0
A6NDX5	Q5SW96
A6NDX5	Q9UL52
A6NDX5	P0C7P3
A6NDX5	Q91XL9
A6NDX5	O15090
A6NDX5	P30557
A6NDX5	A1L4K1
A6NDX5	Q8IXZ3
A6NDX5	P24593
A6NDX5	Q8N1F8
A6NDX5	O00533
A6NDX5	Q920M7
A6NDX5	Q6MZW2
A6NDX5	Q99675
A6NDX5	Q9NP64
A6NDX5	B1AVY7
A6NDX5	Q96L93
A6NDX5	Q920Q8
A6NDX5	Q8N5Z5
A6NDX5	Q7Z304
A6NDX5	Q9DB73
A6NDX5	Q8CEW7
A6NDX5	Q9H3U1
A6NDX5	Q9Y6M0
A6NDX5	Q8NB59
A6NDX5	A1A546
A6NDX5	P70208
A6NDX5	Q9Y5E2
A6NDX5	Q69ZU6
A6NDX5	Q4JDL3
A6NDX5	Q8TDF6
A6NDX5	Q92823
A6NDX5	Q8C4J7
A6NDX5	P17036
A6NDX5	Q9UK39
A6NDX5	A7YQ68
A6NDX5	Q3UV70
A6NDX5	O88483
A6NDX5	Q9Y263
A6NDX5	O00592
A6NDX5	O00144
A6NDX5	Q9NQ86
A6NDX5	Q9UID6
A6NDX5	Q9ERF3
A6NDX5	Q4V7A0
A6NDX5	Q80T91
A6NDX5	Q6UX15
A6NDX5	Q4V8J3
A6NDX5	Q9UNK9
A6NDX5	Q8K182
A6NDX5	Q8BVS1
A6NDX5	P38935
A6NDX5	Q86YE8
A6NDX5	K7EJ45
A6NDX5	Q9R1R2
A6NDX5	Q91VL9
A6NDX5	Q8N653
A6NDX5	B2RUJ5
A6NDX5	Q8BH50
A6NDX5	P18564
A6NDX5	Q793F9
A6NDX5	Q8VEJ9
A6NDX5	Q9UN37
A6NDX5	Q922Q9
A6NDX5	Q9NS87
A6NDX5	Q9NR99
A6NDX5	Q8K337
A6NDX5	P78504
A6NDX5	P05160
A6NDX5	P56481
A6NDX5	P55283
A6NDX5	Q91VW9
A6NDX5	Q92953
A6NDX5	Q8NHY2
A6NDX5	P23188
A6NDX5	Q6UQ17
A6NDX5	Q9HB58
A6NDX5	Q0P5X1
A6NDX5	Q6WKZ7
A6NDX5	Q96G23
A6NDX5	Q6P069
A6NDX5	Q6ZPS6
A6NDX5	Q9P212
A6NDX5	Q5TC79
A6NDX5	Q96T92
A6NDX5	Q00888
A6NDX5	Q2M5E4
A6NDX5	Q9DCX1
A6NDX5	Q3V0P3
A6NDX5	Q9NZU5
A6NDX5	Q8K1K9
A6NDX5	Q8WUD1
A6NDX5	Q924M5
A6NDX5	Q5NCH7
A6NDX5	Q8C0C0
A6NDX5	P50406
A6NDX5	Q9ESN2
A6NDX5	P31483
A6NDX5	P25962-2
A6NDX5	Q9NZ52
A6NDX5	Q8CGI1
A6NDX5	P49418
A6NDX5	O89032
A6NDX5	P32248
A6NDX5	O15151
A6NDX5	Q6V0I7
A6NDX5	Q05086
A6NDX5	P40818
A6NDX5	O95863
A6NDX5	Q96J02
A6NDX5	P08487
A6NDX5	P20395
A6NDX5	Q9R1U5
A6NDX5	Q15464
A6NDX5	Q9ERG0
A6NDX5	Q6ZQ82
A6NDX5	B2RY56
A6NDX5	A0A087WWA1
A6NDX5	Q5SYL1
A6NDX5	Q8BYR2
A6NDX5	Q58F21
A6NDX5	O60307
A6NDX5	O96028
A6NDX5	F1LM93
A6NDX5	P35568
A6NDX5	P35739
A6NDX5	P49593
A6NDX5	Q9H0K1
A6NDX5	Q86UX6
A6NDX5	Q9Z1S8
A6NDX5	Q9Y3S1
A6NDX5	P42346
A6NDX5	O95382
A6NDX5	Q8TEA7
A6NDX5	O00444
A6NDX5	Q13315
A6NDX5	Q15349
A6NDX5	P09619
A6NDX5	Q9D7X3
A6NDX5	Q96FV9
A6NDX5	P27448
A6NDX5	Q08050
A6NDX5	O35718
A6NDX5	Q9JMH6
A6NDX5	Q63562
A6NDX5	Q7Z2Y5
A6NDX5	Q60737
A6NDX5	P19139
A6NDX5	P28223
A6NDX5	P08592
A6NDX5	P49023-3
A6NDX5	Q3TEW6
A6NDX5	P01131
A6NDX5	P05164
A6NDX5	Q9HC21
A6NDX5	P20138
A6NDX5	Q80TP3
A6NDX5	P08588
A6NDX5	Q8K2W3
A6NDX5	Q9H6K5
A6NDX5	Q8VE73
A6NDX5	O60941
A6NDX5	Q16820
A6NDX5	Q86VH5
A6NDX5	A3KFM7
A6NDX5	Q8VHX6
A6NDX5	O43169
A6NDX5	Q9D6M3
A6NDX5	Q3U3S3
A6NDX5	P39061
A6NDX5	Q810L3
A6NDX5	Q8BU25
A6NDX5	Q5RJH3
A6NDX5	Q8NBF1
A6NDX5	Q6IF63
A6NDX5	Q8WWX0
A6NDX5	P62749
A6NDX5	P62748
A6NDX5	D3ZAA9
A6NDX5	B2RYA8
A6NDX5	Q62718
A6NDX5	Q99PJ0
A6NDX5	P51504
A6NDX5	Q8N349
A6NDX5	Q6IFH4
A6NDX5	Q9Z0R9
A6NDX5	A6H8H5
A6NDX5	F1LPJ1
A6NDX5	Q6UY14
A6NDX5	E9Q3S4
A6NDX5	Q13702
A6NDX5	Q9Z2C4
A6NDX5	Q5U215
A6NDX5	Q8IXQ8
A6NDX5	Q3TMZ8
A6NDX5	Q7Z419
A6NDX5	Q14451-3
A6NDX5	P01732
A6NDX5	Q14TE9
A6NDX5	G3V6P8
A6NDX5	NP_001000094
A6NDX5	Q8N0Y3
A6NDX5	A0A096LPK9
A6NDX5	Q8C115
A6NDX5	Q7TPZ5
A6NDX5	NP_001100343
A6NDX5	XP_001069336
A6NDX5	XP_001066775
A6NDX5	Q6P9A2
A6NDX5	Q4QQT3
A6NDX5	Q9Y240
A6NDX5	Q86UP6
A6NDX5	XP_001055294
A6NDX5	D4A5F1
A6NDX5	Q12805
A6NDX5	Q68EJ0
A6NDX5	Q922M3
A6NDX5	Q07141
A6NDX5	Q06587
A6NDX5	YP_009725300
A6NDX5	Q8WW32
A6NDX5	Q9C0A0
A6NDX5	Q9CRC8
A6NDX5	Q6DN12
A6NDX5	Q8C5T4
A6NDX5	Q8IZU9
A6NDX5	A6NCL7
A6NDX5	Q14392
A6NDX5	Q9ESL4-2
A6NDX5	A8MYJ7
A6NDX5	XP_001057233
A6NDX5	P51884
A6NDX5	Q3US16
A6NDX5	Q9P1P5
A6NDX5	Q5GFL6
A6NDX5	Q9NU02
A6NDX5	Q8CIZ9
A6NDX5	Q8BGZ3
A6NDX5	Q6PD24
A6NDX5	Q9NPG1
A6NDX5	Q99K41
A6NDX5	Q9DAT7
A6NDX5	A5GFW1
A6NDX5	Q9NRN5
A6NDX5	J3QPC5
A6NDX5	P50750-2
A6NDX5	Q7Z3B1
A6NDX5	D3Z3E0
A6NDX5	Q9NX07
A6NDX5	E9Q2M4
A6NDX5	P27005
A6NDX5	Q6UX41
A6NDX5	Q5DU31
A6NDX5	Q13639
A6NDX5	P98182
A6NDX5	Q9BZA7
A6NDX5	P0C7I0
A6NDX5	O60333-3
A6NDX5	Q8TD17
A6NDX5	P0DN26
A6NDX5	A0A075B759
A6NDX5	Q6UW01
A6NDX5	Q9Z109
A6NDX5	Q8BGI7
A6NDX5	Q6UDR6
A6NDX5	Q5FVG6
A6NDX5	Q8IUN9
A6NDX5	Q96KK4
A6NDX5	P46934-3
A6NDX5	P30966
A6NDX5	Q8BKV0
A6NDX5	P0C673
A6NDX5	Q96RJ0
A6NDX5	Q9BXJ1
A6NDX5	P98083-3
A6NDX5	Q8NC06-2
A6NDX5	Q3TAX1
A6NDX5	Q9R0B7
A6NDX5	P13378
A6NDX5	Q9EPX2
A6NDX5	P36536
A6NDX5	Q5TAT6-8
A6NDX5	E9Q0B9
A6NDX5	Q8VCC8
A6NDX5	Q9Y5F6
A6NDX5	Q9H967
A6NDX5	Q5H9E4
A6NDX5	Q504M8
A6NDX5	P22674
A6NDX5	Q8NDX5-4
A6NDX5	Q92766-5
A6NDX5	Q07812-5
A6NDX5	Q8BI99
A6NDX5	Q86W42
A6NDX5	Q8VGI8
A6NDX5	A6NER0
A6NDX5	A0A087X1G2
A6NDX5	XP_357140
A6NDX5	P83861
A6NDX5	Q9ET39-2
A6NDX5	P12829
A6NDX5	Q8BGA3
A6NDX5	D4A7P2
A6NDX5	Q6ZPK0
A6NDX5	A6NCQ9
A6NDX5	Q14160-3
A6NDX5	O75340
A6NDX5	Q3UUJ4
A6NDX5	P0C7X2
A6NDX5	Q8BV79
A6NDX5	Q62356
A6NDX5	Q3UHI4
A6NDX5	Q60837
A6NDX5	Q3UH93
A6NDX5	Q8N6G6
A6NDX5	Q07646
A6NDX5	Q96A44
A6NDX5	Q9EPU8
A6NDX5	Q9NP31-4
A6NDX5	O60683-2
A6NDX5	Q9BZE9-4
A6NDX5	Q99873-2
A6NDX5	Q6UX41-6
A6NDX5	Q02224-3
A6NDX5	Q6UX41-2
A6NDX5	Q9QYI7
A6NDX5	Q9BU40-4
A6NDX5	Q9NP08
A6NDX5	E9Q043
A6NDX5	Q9D4E6
A6NDX5	Q5SRT8
A6NDX5	Q91YE3
A6NDX5	Q8VFU2
A6NDX5	A9UMV8
A6NDX5	Q8R1M2
A6NDX5	Q8VGW8
A6NDX5	Q8R515
A6NDX5	D3ZJD8
A6NDX5	Q7Z465
A6NDX5	Q8NEM8
A6NDX5	D3ZFG3
A6NDX5	Q8C8Q7
A6NDX5	D4A0C2
A6NDX5	XP_001066882
A6NDX5	NP_001101948
A6NDX5	XP_342643
A6NDX5	P0CE43
A6NDX5	NP_001381828
A6NDX5	Q32PW9
A6NDX5	Q7M6Z5
A6NDX5	Q8N8Y5
A6NDX5	XP_983688
A6NDX5	Q7RTZ2
A6NDX5	P08426
A6NDX5	Q93038
A6NDX5	XP_235093
A6NDX5	Q8CG14
A6NDX5	D4A170
A6NDX5	P05765
A6NDX5	D3ZMD0
A6NDX5	P24158
A6NDX5	Q8TE57
A6NDX5	Q7TPL3
A6NDX5	P0C5K0
A6NDX5	P04839
A6NDX5	F1M7K3
A6NDX5	B2RYI5
A6NDX5	Q8NH41
A6NDX5	XP_017450011
A6NDX5	Q3USU9
A6NDX5	Q8NH92
A6NDX5	D3ZSL5
A6NDX5	Q0VAQ4
A6NDX5	Q6XYB7-2
A6NDX5	NP_001100262
A6NDX5	Q8K551
A6NDX5	O43508
A6NDX5	O08560
A6NDX5	D3ZHY9
A6NDX5	P82976
A6NDX5	B2RT44
A6NDX5	Q99J85
A6NDX5	NP_001000699
A6NDX5	Q96AH8
A6NDX5	Q96LW1
A6NDX5	P43088-2
A6NDX5	Q96QV6
A6NDX5	Q3SXZ3
A6NDX5	Q96C74
A6NDX5	O43623
A6NDX5	P23297
A6NDX5	Q9JJH3
A6NDX5	Q6R5N8
A6NDX5	Q505J9
A6NDX5	Q8NBU5
A6NDX5	Q9D5T0
A6NDX5	O88416
A6NDX5	Q8VFN6
A6NDX5	Q6MG75
A6NDX5	Q2L4T2
A6NDX5	P47242
A6NDX5	Q14DK5
A6NDX5	ENSRNOP00000028229
A6NDX5	CAM46084
A6NDX5	Q63371
A6NDX5	P28646
A6NDX5	A6H694
A6NDX5	O88628
A6NDX5	A6NMZ5
A6NDX5	Q8NGE0
A6NDX5	E9Q4G0
A6NDX5	Q8NH40
A6NDX5	Q8NGF1
A6NDX5	Q8NH03
A6NDX5	P0C7T2
A6NDX5	Q7TS30
A6NDX5	P41317
A6NDX5	F8VQB1
A6NDX5	Q8HWA3
A6NDX5	Q2YDU7
A6NDX5	O14718
A6NDX5	ENSRNOP00000054348
A6NDX5	Q9CPV9
A6NDX5	Q8NGA2
A6NDX5	P62882
A6NDX5	A8K0S8
A6NDX5	Q5R372-9
A6NDX5	Q8BH32
A6NDX5	O14593-2
A6NDX5	P22891
A6NDX5	Q86VK4
A6NDX5	P01857
A6NDX5	Q8BG99
A6NDX5	D3ZEF0
A6NDX5	Q6QI38
A6NDX5	Q99P99
A6NDX5	P01173
A6NDX5	Q63621
A6NDX5	B1AHC3
A6NDX5	Q05BE2
A6NDX5	O43665
A6NDX5	Q8BJ45
A6NDX5	Q8N8U9
A6NDX5	Q8K249
A6NDX5	Q6EIG7
A6NDX5	Q3UUE9
A6NDX5	P15119
A6NDX5	E0CY16
A6NDX5	Q8NDN9-2
A6NDX5	Q8IXI2-3
A6NDX5	G3X9T2
A6NDX5	P06241-3
A6NDX5	A2VDH3
A6NDX5	Q7Z4S9
A6NDX5	A6NIN4
A6NDX5	Q99PI8
A6NDX5	Q9EPC5
A6NDX5	Q8BZT5
A6NDX5	ENSRNOP00000028539
A6NDX5	Q5U2S5
A6NDX5	Q9CRB0
A6NDX5	Q9WVK7
A6NDX5	Q91Y17
A6NDX5	Q92879-4
A6NDX5	Q7M757
A6NDX5	G3V6X3
A6NDX5	Q6AYE2
A6NDX5	O35723
A6NDX5	XP_003084855
A6NDX5	Q91VD8
A6NDX5	Q5S3S9
A6NDX5	D3ZNS8
A6NDX5	Q9UQ88-2
A6NDX5	B2GV98
A6NDX5	P21843
A6NDX5	Q9DAI7
A6NDX5	D4A081
A6NDX5	Q7L513
A6NDX5	O94929-3
A6NDX5	Q8WXI2-2
A6NDX5	XP_003754102
A6NDX5	D4A552
A6NDX5	XP_003749328
A6NDX5	Q3UU58
A6NDX5	E9PZ11
A6NDX5	NP_001102489
A6NDX5	P49797
A6NDX5	P51882
A6NDX5	Q5XI51
A6NDX5	Q496Z2
A6NDX5	Q812B6
A6NDX5	B0BNN3
A6NDX5	A4L691
A6NDX5	Q3B7T9
A6NDX5	G3V8Z6
A6NDX5	Q9BX66-6
A6NDX5	Q6AY36
A6NDX5	D3ZDN1
A6NDX5	Q8TC20-3
A6NDX5	P29590-8
A6NDX5	Q4KMA1
A6NDX5	Q0VAW6
A6NDX5	Q5M7T1
A6NDX5	Q13131-2
A6NDX5	Q4QR76
A6NDX5	Q5XIE0
A6NDX5	P55280
A6NDX5	F1MAH6
A6NDX5	D3ZAN2
A6NDX5	Q4KMB9
A6NDX5	D3ZXL9
A6NDX5	Q9Y463-2
A6NDX5	Q9Z254
A6NDX5	P24594
A6NDX5	B1WC18
A6NDX5	D3ZU86
A6NDX5	A0PJZ0
A6NDX5	Q9CY58-3
A6NDX5	P31483-3
A6NDX5	Q2M3G4-2
A6NDX5	Q9Z0J5
A6NDX5	Q8VFQ6
A6NDX5	P25440-2
A6NDX5	P62995-3
A6NDX5	Q9BTD8-3
A6NDX5	P70289
A6NDX5	Q6PCT2-3
A6NDX5	P62195-2
A6NDX5	E9Q4D1
A6NDX5	D3ZPV6
A6NDX5	D3ZNI0
A6NDX5	F1M095
A6NDX5	Q8TE68-2
A6NDX5	Q8IZF2-3
A6NDX5	P17132
A6NDX5	Q8R4G0
A6NDX5	D3ZCI3
A6NDX5	M0RDK4
A6NDX5	O14686-3
A6NDX5	Q9BZF3-3
A6NDX5	A2ASV2
A6NDX5	Q9H422-2
A6NDX5	Q9JK39-2
A6NDX5	O54907
A6NDX5	Q4U2R1-2
A6NDX5	Q96NM4-2
A6NDX5	Q8IZM9-2
A6NDX5	Q02086-2
A6NDX5	Q14576-2
A6NDX5	P15812-2
A6NDX5	F1M0Z1
A6NDX5	A8MT19
A6NDX5	Q92995-2
A6NDX5	Q5M775-4
A6NDX5	Q9BZF1-2
A6NDX5	Q9NYJ8-2
A6NDX5	Q9Y320-2
A6NDX5	O60784-3
A6NDX5	Q6ZMZ0-3
A6NDX5	Q9Y6X9-2
A6NDX5	P04228
A6NDX5	Q8IVE3-2
A6NDX5	Q63722
A6NDX5	P31749-2
A6NDX5	P38398-7
A6NDX5	O95382-2
A6NDX5	Q13422-2
A6NDX5	Q9JM00
A6NDX5	P0DP01
A6NDX5	P0DOX6
A6NDX5	Q9HBG7-4
A6NDX5	E1BH39
A6NDX5	A5PKM1
A6NDX5	Q15811-5
A6NDX5	Q7TSF0
A6NDX5	P01867-2
A6NDX5	P03987-2
A6NDX5	Q5BIM4
A6NDX5	E1BCK4
A6NDX5	Q3SZN8
A6NDX5	P49758-3
A6NDX5	P61018-2
A6NDX5	Q86SQ0-3
A6NDX5	A0A0A0MRZ7
A6NDX5	P53355-3
A6NDX5	Q9UM54-2
A6NDX5	Q96GD3-2
A6NDX5	Q6RFZ7
A6NDX5	Q8R4G0-5
A6NDX5	D3ZVK1
A6NDX5	G3V8H4
A6NDX5	Q66HE7
A6NDX5	Q6AZ60
A6NDX5	Q9H9P5-1
A6NDX5	O88272
A6NDX5	Q6IE46
A6NDX5	Q9BZS1-2
A6NDX5	O14628-7
A6NDX5	P63156
A6NDX5	P63157
A6NDX5	B5DFG1
A6NDX5	P55281
A6NDX5	Q09426
A6NDX5	D4ABM4
A6NDX5	Q86YS7-4
A6NDX5	Q99549-2
A6NDX5	Q9Y3C4-3
A6NDX5	I3L0A0
A6NDX5	O75953-5
A6NDX5	P49238-2
A6NDX5	Q6KCM7-5
A6NDX5	A0A087WSZ0
A6NDX5	A0A0A0MT36
A6NDX5	O00463-2
A6NDX5	P20929-2
A6NDX5	D4A3X7
A6NDX5	A0A075B6L6
A6NDX5	D3ZQ25
A6NDX5	D4A3T6
A6NDX5	D4A264
A6NDX5	D3ZBK4
A6NDX5	P0DPD5
A6NDX5	D3ZMS3
A6NDX5	B0BNB9
A6NDX5	F1LNF3
A6NDX5	NP_001093949
A6NDX5	G3V7K5
A6NDX5	A0A0B4J237
A6NDX5	Q1HL14
A6NDX5	P32183
A6NDX5	Q9WVH8
A6NDX5	P26896
A6NDX5	P55196-1
A6NDX5	D4A2K4
A6NDX5	Q6MG81
A6NDX5	Q9EPZ8
A6NDX5	Q66HB5
A6NDX5	A0A0K0K1C0
A6NDX5	Q9QZP2
A6NDX5	Q9JLZ9
A6NDX5	Q6AYL5
A6NDX5	Q15427
A6NDX5	Q8QZY9
A6NDX5	Q9D5U0
A6NDX5	A0A075B6I3
A6NDX5	Q3B7D5
A6NDX5	Q2KMM4
A6NDX5	P46937-8
A6NDX5	XP_006230979
A6NDX5	NP_001382511
A6NDX5	XP_003751846
A6NDX5	NP_001101151
A6NDX5	Q5SGD2
A6NDX5	D3ZFN9
A6NDX5	XP_008766109
A6NDX5	NP_001129186
A6NDX5	Q6JQN1-5
A6NDX5	Q8TEA7-2
A6NDX5	Q14766-4
A6NDX5	D3ZGC2
A6NDX5	D3ZZC1
A6NDX5	P11532-14
A6NDX5	F1LVU2
A6NDX5	F1M6C4
A6NDX5	Q9JKU8
A6NDX5	Q9CQV1
A6NDX5	Q9NPC6
A6NDX5	Q8VEE1
A6NDX5	Q9NX38
A6NDX5	Q3ULB5
A6NDX5	Q8BJQ4
A6NDX5	P55146
A6NDX5	Q5VST9
A6NDX5	Q9NZR2
A6NDX5	D3ZZZ9
A6NDX5	Q6NZQ6
A6NDX5	F1LR10
A6NDX5	Q3UXZ9
A6NDX5	D3Z6Q9
A6NDX5	D3ZYR1
A6NDX5	NP_001258032
A6NDX5	O35430
A6NDX5	Q3UWM4
A6NDX5	Q9H3U1-2
A6NDX5	Q62009-3
A6NDX5	Q63185
A6NDX5	Q8NEV4
A6NDX5	P05131
A6NDX5	Q8IUH5
A6NDX5	P52333
A6NDX5	Q62868
A6NDX5	D4A8X8
A6NDX5	P47811
A6NDX5	P70618
A6NDX5	Q8IYT8
A6NDX5	A2AAJ9
A6NDX5	XP_573199
A6NDX5	Q9Z139
A6NDX5	Q9D7V1
A6NDX5	P25098
A6NDX5	Q01887
A6NDX5	Q3TZZ7
A6NDX5	Q80UV9
A6NDX5	Q5TCX8
A6NDX5	Q08345
A6NDX5	P16298
A6NDX5	Q9CX84
A6NDX5	Q63604
A6NDX5	Q9ESN9
A6NDX5	O08644
A6NDX5	Q9DBR7
A6NDX5	P41208
A6NDX5	P08631
A6NDX5	Q14103
A6NDX5	Q9H0H5
A6NDX5	Q9UN19
A6NDX5	Q9ERU9
A6NDX5	Q8VHM5
A6NDX5	Q566E4
A6NDX5	P98170
A6NDX5	Q91VN1
A6NDX5	Q96J84
A6NDX5	Q7Z3T8
A6NDX5	Q9ULH1
A6NDX5	Q9Z1T5
A6NDX5	Q569Z6
A6NDX5	Q8CDM1
A6NDX5	P46100
A6NDX5	Q80Z38
A6NDX5	P26358
A6NDX5	A2A791
A6NDX5	P25446
A6NDX5	Q60614
A6NDX5	Q60780
A6NDX5	Q8K394
A6NDX5	O00221
A6NDX5	O76064
A6NDX5	P60824
A6NDX5	P60825
A6NDX5	P50851
A6NDX5	O55111
A6NDX5	Q8VHK2
A6NDX5	Q8CCN1
A6NDX5	Q8R5G7
A6NDX5	Q96NW7
A6NDX5	Q9DAP0
A6NDX5	Q9BTN0
A6NDX5	Q9H4L5
A6NDX5	P39880
A6NDX5	Q924C5
A6NDX5	Q99523
A6NDX5	O15226
A6NDX5	Q9JLL0
A6NDX5	Q02817
A6NDX5	Q99801
A6NDX5	P70169
A6NDX5	P23946
A6NDX5	O54940
A6NDX5	Q96SL8
A6NDX5	Q86VZ1
A6NDX5	Q8CGM1
A6NDX5	Q8NB14
A6NDX5	Q6IV72
A6NDX5	P07199
A6NDX5	P52757
A6NDX5	Q9D236
A6NDX5	Q9Y5F9
A6NDX5	Q8BMG8
A6NDX5	Q9DC33
A6NDX5	O35350
A6NDX5	Q6NZC7
A6NDX5	P98156
A6NDX5	P97412
A6NDX5	Q8NE86
A6NDX5	P08032
A6NDX5	Q9JJ43
A6NDX5	Q9Z180
A6NDX5	P13535
A6NDX5	P08003
A6NDX5	Q49A26
A6NDX5	Q9ES57
A6NDX5	Q99MQ1
A6NDX5	Q8R173
A6NDX5	Q7TPM9
A6NDX5	B2RRL2
A6NDX5	Q7Z6J0
A6NDX5	Q8IYH5
A6NDX5	Q9UKT9
A6NDX5	Q9UKN7
A6NDX5	Q99K46
A6NDX5	Q9Y4D8
A6NDX5	Q9UBU9
A6NDX5	Q8CJ12
A6NDX5	Q32Q07
A6NDX5	Q9NQC1
A6NDX5	O88202
A6NDX5	Q03001-3
A6NDX5	Q568Y3
A6NDX5	Q91YT2
A6NDX5	Q96M69
A6NDX5	Q8CC35-2
A6NDX5	Q8CEC6
A6NDX5	Q6ZNG9
A6NDX5	Q9NV06
A6NDX5	Q9BXW6
A6NDX5	Q7TQ40
A6NDX5	P43115
A6NDX5	Q9EPY0
A6NDX5	Q71LX6
A6NDX5	P70425
A6NDX5	Q9D733
A6NDX5	Q80VM7
A6NDX5	P13634
A6NDX5	Q96H40
A6NDX5	Q9HCK0
A6NDX5	Q9Y6Y0
A6NDX5	Q86Y34
A6NDX5	Q792I0
A6NDX5	O88952
A6NDX5	Q9NUP9
A6NDX5	Q9UHQ9
A6NDX5	Q5VU57
A6NDX5	Q49AG3
A6NDX5	Q7TMI3
A6NDX5	Q9QWU6
A6NDX5	Q9WV06
A6NDX5	Q2M1V0
A6NDX5	Q3SXB8
A6NDX5	P51805
A6NDX5	Q5IJ48
A6NDX5	Q9UPZ6
A6NDX5	Q5HZI5
A6NDX5	Q80TY4
A6NDX5	Q8C7V3
A6NDX5	Q80YX1
A6NDX5	Q9Y271
A6NDX5	Q7Z3G6
A6NDX5	Q9P0J1
A6NDX5	Q8BGY4
A6NDX5	D3ZH92
A6NDX5	Q63810
A6NDX5	P63098
A6NDX5	P63100
A6NDX5	Q9Y279
A6NDX5	Q9GZS3
A6NDX5	Q9R0S3
A6NDX5	A6BM72
A6NDX5	Q60604
A6NDX5	Q61923
A6NDX5	Q8VCZ7
A6NDX5	A2A891
A6NDX5	Q8VC57
A6NDX5	P07357
A6NDX5	O75689
A6NDX5	O75689_VAR_G241S
A6NDX5	P17032
A6NDX5	Q9CZY3
A6NDX5	NP_001103815
A6NDX5	Q9Y2K1
A6NDX5	Q02410
A6NDX5	Q96B23
A6NDX5	Q5F293
A6NDX5	Q9Y219
A6NDX5	Q8C084
A6NDX5	P32019
A6NDX5	Q9BVG8
A6NDX5	Q5XI01
A6NDX5	P32239
A6NDX5	Q9BRR0
A6NDX5	P09958
A6NDX5	Q505F5
A6NDX5	Q6P1I6
A6NDX5	Q9NW07
A6NDX5	Q96JM4
A6NDX5	Q8IVI9
A6NDX5	P30626
A6NDX5	B2RR24
A6NDX5	Q925G2
A6NDX5	Q00325
A6NDX5	Q9HCI6
A6NDX5	Q9CUL5
A6NDX5	Q497H0
A6NDX5	Q5U2M7
A6NDX5	Q86YT9
A6NDX5	Q0VGY8
A6NDX5	Q5BKP2
A6NDX5	Q8C172
A6NDX5	Q810A1
A6NDX5	Q15013
A6NDX5	P59041
A6NDX5	Q86VP1
A6NDX5	Q9BQA5
A6NDX5	Q9UBX3
A6NDX5	P58365
A6NDX5	Q8N9F8
A6NDX5	Q9Y6X8
A6NDX5	A2A4P0
A6NDX5	Q9HCM9
A6NDX5	O88186
A6NDX5	Q8R368
A6NDX5	P78312
A6NDX5	Q96CX2
A6NDX5	Q640N1
A6NDX5	Q9Z206
A6NDX5	Q99LJ0
A6NDX5	O08838
A6NDX5	Q8N9I0
A6NDX5	E9Q5G3
A6NDX5	Q8BK67
A6NDX5	F1LVV4
A6NDX5	P13595
A6NDX5	Q9UPW5
A6NDX5	Q15910
A6NDX5	Q9NQ66
A6NDX5	Q60670
A6NDX5	Q9Z1Z2
A6NDX5	Q5XIG8
A6NDX5	Q13449
A6NDX5	Q9UNA1
A6NDX5	P49756
A6NDX5	E1BHM5
A6NDX5	B1AUF7
A6NDX5	Q96LW2
A6NDX5	Q9QZM5
A6NDX5	O08908
A6NDX5	Q99JP0
A6NDX5	Q99JP0_VAR_P874R
A6NDX5	P35739-2
A6NDX5	Q04736
A6NDX5	O14965
A6NDX5	P09217
A6NDX5	P04629
A6NDX5	Q62077
A6NDX5	Q3U3Q1
A6NDX5	Q63638
A6NDX5	Q9UQC2
A6NDX5	Q8C2B3
A6NDX5	Q8VD65
A6NDX5	Q99683
A6NDX5	O43283
A6NDX5	P57058
A6NDX5	Q8C006
A6NDX5	P78362
A6NDX5	P11801
A6NDX5	Q91XS8
A6NDX5	Q03145
A6NDX5	Q2KMK7
A6NDX5	P34152-2
A6NDX5	Q9NZJ5
A6NDX5	Q01279
A6NDX5	Q9JM52
A6NDX5	O00418
A6NDX5	Q9UKI8
A6NDX5	P13597
A6NDX5	Q9JLM8
A6NDX5	Q9JHD2
A6NDX5	Q61161
A6NDX5	Q05512
A6NDX5	Q63746
A6NDX5	Q9R012
A6NDX5	O60711
A6NDX5	P33674
A6NDX5	Q9Y5A9
A6NDX5	Q91YT7
A6NDX5	Q9Y5B8
A6NDX5	Q8WWN8
A6NDX5	P05067-8
A6NDX5	Q8K3K1
A6NDX5	Q06186
A6NDX5	Q5NC05
A6NDX5	O08832
A6NDX5	P70677
A6NDX5	Q8CCS6
A6NDX5	G3V7Z8
A6NDX5	Q5XI07
A6NDX5	O14776
A6NDX5	Q04982
A6NDX5	XP_001081555
A6NDX5	Q9WTJ4
A6NDX5	Q792H5-3
A6NDX5	B2RYR0
A6NDX5	Q8C850
A6NDX5	P13541
A6NDX5	Q8IZ40
A6NDX5	Q8CHQ9
A6NDX5	Q86TB3
A6NDX5	O70585
A6NDX5	Q61847
A6NDX5	Q8BZ81
A6NDX5	D3ZAL8
A6NDX5	Q9CQX2
A6NDX5	Q9BUF7
A6NDX5	Q9NSV4
A6NDX5	Q5QGZ9
A6NDX5	Q9Y3N9
A6NDX5	Q8K1M4
A6NDX5	Q8VF03
A6NDX5	Q9D1A4
A6NDX5	Q9Y620
A6NDX5	D3ZDP7
A6NDX5	Q9Y4D8-5
A6NDX5	NP_001102049
A6NDX5	P51508
A6NDX5	Q8NG85
A6NDX5	Q8NGW1
A6NDX5	Q6ICB4
A6NDX5	Q9D2P8
A6NDX5	Q5U2U2
A6NDX5	Q3UGX2
A6NDX5	Q80W81
A6NDX5	XP_234923
A6NDX5	Q8CFT2
A6NDX5	Q6JEL2
A6NDX5	A1IGU5
A6NDX5	Q8BIQ2
A6NDX5	P12672
A6NDX5	Q4KM96
A6NDX5	Q9GZQ6
A6NDX5	Q86XT4
A6NDX5	Q9H324
A6NDX5	P01731
A6NDX5	B1ANS9
A6NDX5	XP_222716
A6NDX5	O95872
A6NDX5	Q8N888
A6NDX5	Q6PGD0
A6NDX5	XP_237984
A6NDX5	D3ZL01
A6NDX5	Q9JK59
A6NDX5	Q9BV35
A6NDX5	XP_223906
A6NDX5	XP_575873
A6NDX5	XP_001079014
A6NDX5	Q8K1B9
A6NDX5	Q5XIK9
A6NDX5	O88200
A6NDX5	P70412
A6NDX5	Q8R4V2
A6NDX5	Q6AXQ2
A6NDX5	Q8CDY9
A6NDX5	Q8BPB5
A6NDX5	Q9Y597
A6NDX5	O60271-2
A6NDX5	O35730
A6NDX5	Q9Y5S8
A6NDX5	YP_009725302
A6NDX5	P14210
A6NDX5	Q6P8W9
A6NDX5	Q99P47
A6NDX5	Q9P2H3
A6NDX5	Q96AG4
A6NDX5	Q5RJH2
A6NDX5	O14807
A6NDX5	Q9D2Y5
A6NDX5	Q3U0L2
A6NDX5	Q6P9F7
A6NDX5	Q80YG3
A6NDX5	Q53TX8
A6NDX5	P97457
A6NDX5	P04466
A6NDX5	D3ZC99
A6NDX5	C9JTQ0
A6NDX5	P70597
A6NDX5	P01889_VAR_K202T
A6NDX5	Q5QD17
A6NDX5	Q2EG98
A6NDX5	P08709
A6NDX5	Q70UZ7
A6NDX5	Q9D2J7
A6NDX5	Q969W1
A6NDX5	Q9Y4C8
A6NDX5	O95297
A6NDX5	Q61086
A6NDX5	P23515
A6NDX5	Q8BK62
A6NDX5	Q8WN94
A6NDX5	Q80V23
A6NDX5	Q80Z24
A6NDX5	Q14DL3
A6NDX5	Q60585
A6NDX5	A0A1B0GVZ6
A6NDX5	Q96EF0
A6NDX5	P97288
A6NDX5	Q5JYT7
A6NDX5	Q96MF2
A6NDX5	Q5JXA9
A6NDX5	O95006
A6NDX5	Q9H0M4
A6NDX5	E9Q569
A6NDX5	Q8IXQ8-2
A6NDX5	Q9JHG0
A6NDX5	Q8TF64
A6NDX5	O95819-3
A6NDX5	Q9D263
A6NDX5	Q6ZPQ6-2
A6NDX5	Q8VFE2
A6NDX5	E9Q612
A6NDX5	A6NGY5
A6NDX5	Q9UGF7
A6NDX5	Q5U2P2
A6NDX5	Q923Y8
A6NDX5	M0R7U1
A6NDX5	Q04683
A6NDX5	Q7TMQ7
A6NDX5	XP_001061308
A6NDX5	Q5BJS0
A6NDX5	E9PYY5
A6NDX5	P51680
A6NDX5	O95398
A6NDX5	Q9D8I2
A6NDX5	E9PZF7
A6NDX5	Q6UXS0
A6NDX5	Q9D8U3
A6NDX5	O88516
A6NDX5	Q7TR63
A6NDX5	Q9P255
A6NDX5	P16112-3
A6NDX5	Q5U4D9
A6NDX5	Q96I82
A6NDX5	XP_001061329
A6NDX5	XP_001055972
A6NDX5	Q02152
A6NDX5	O43300
A6NDX5	Q8BJ95
A6NDX5	NP_001153788
A6NDX5	Q8CEF8
A6NDX5	Q6H9L7
A6NDX5	P07225
A6NDX5	Q9Y5F7-2
A6NDX5	Q8BUZ3
A6NDX5	P12815
A6NDX5	E9Q5M9
A6NDX5	Q05996
A6NDX5	O75326
A6NDX5	L7N1X4
A6NDX5	Q9UHB6-4
A6NDX5	Q6S5H5
A6NDX5	Q8R5B6
A6NDX5	Q86VF2
A6NDX5	P57103
A6NDX5	NP_001163933
A6NDX5	Q9NZM6-5
A6NDX5	Q86UP8
A6NDX5	Q9D4I4
A6NDX5	Q63100
A6NDX5	Q9UKV0-5
A6NDX5	O95977
A6NDX5	Q8NHS0
A6NDX5	Q8VF93
A6NDX5	Q9CQM6
A6NDX5	Q7TRF9
A6NDX5	B1B1A0
A6NDX5	P34152-4
A6NDX5	Q9JK84
A6NDX5	NP_828869
A6NDX5	E9PV14
A6NDX5	P08911
A6NDX5	Q99PM1
A6NDX5	Q9P126
A6NDX5	Q8CDP0
A6NDX5	Q8C267
A6NDX5	Q80YC5
A6NDX5	P26927
A6NDX5	Q9WUW9
A6NDX5	D4A7Q7
A6NDX5	D3ZH40
A6NDX5	D4A1J1
A6NDX5	Q02975
A6NDX5	F1M6I9
A6NDX5	D4A5N1
A6NDX5	XP_001054954
A6NDX5	XP_001064125
A6NDX5	Q9Z1X1
A6NDX5	Q00900
A6NDX5	P52847
A6NDX5	Q6AYP5
A6NDX5	Q8WWW0-2
A6NDX5	D3ZFD8
A6NDX5	Q6XPS3
A6NDX5	Q8VD70
A6NDX5	Q8BRH0
A6NDX5	Q66JV4
A6NDX5	Q3UQ41
A6NDX5	Q8VF86
A6NDX5	Q61096
A6NDX5	Q8WY64
A6NDX5	P05981
A6NDX5	Q2L4Q9
A6NDX5	Q9NQX0
A6NDX5	Q61093
A6NDX5	NP_001100392
A6NDX5	P63255
A6NDX5	P63254
A6NDX5	Q8VHN7-2
A6NDX5	B9EHG2
A6NDX5	NP_001258157
A6NDX5	XP_001076577
A6NDX5	Q99KC7
A6NDX5	Q9Y5U5-2
A6NDX5	D4A828
A6NDX5	NP_001102741
A6NDX5	Q3B883
A6NDX5	O88984
A6NDX5	P0CJ78
A6NDX5	Q6ZPK0-2
A6NDX5	O75564
A6NDX5	Q8NF99-2
A6NDX5	P01837
A6NDX5	Q8K1P7
A6NDX5	Q2TVU3
A6NDX5	O95931
A6NDX5	Q96GX5-2
A6NDX5	Q9QXT9
A6NDX5	Q969T3-3
A6NDX5	Q8CGP4
A6NDX5	P97469
A6NDX5	Q8NGJ8
A6NDX5	P56565
A6NDX5	Q12829
A6NDX5	Q9BXY5-2
A6NDX5	P10980
A6NDX5	P26255
A6NDX5	Q2AC31
A6NDX5	Q80UC6
A6NDX5	P01900
A6NDX5	Q92956
A6NDX5	D4A9N1
A6NDX5	D3ZDS8
A6NDX5	P30937
A6NDX5	Q8VFB0
A6NDX5	Q8NG81
A6NDX5	P0C7N5
A6NDX5	E9Q0Z1
A6NDX5	Q8NHB7
A6NDX5	AAA38372
A6NDX5	Q8VGZ2
A6NDX5	Q8NH93
A6NDX5	Q8WZ84
A6NDX5	Q8NGC8
A6NDX5	Q9BZM5
A6NDX5	P06734
A6NDX5	Q8TDV5
A6NDX5	F1M754
A6NDX5	O35214
A6NDX5	P0C5J4
A6NDX5	Q8NGZ6
A6NDX5	P13385
A6NDX5	P61952
A6NDX5	P61953
A6NDX5	P61954
A6NDX5	A2A7V0
A6NDX5	XP_577705
A6NDX5	Q8BKX7
A6NDX5	Q8WXA9-2
A6NDX5	O60941-3
A6NDX5	P01859
A6NDX5	Q9QYV3
A6NDX5	E9PY62
A6NDX5	Q8JZX6
A6NDX5	Q3UWW4
A6NDX5	P86448
A6NDX5	Q29983
A6NDX5	NP_001100482
A6NDX5	Q9D394-4
A6NDX5	Q14C86-6
A6NDX5	Q8BML1-2
A6NDX5	Q8BIF2
A6NDX5	P0CG37
A6NDX5	O94855-2
A6NDX5	P03973
A6NDX5	Q5NE16
A6NDX5	Q9JKF4
A6NDX5	Q05GC8
A6NDX5	Q02357-7
A6NDX5	Q9UM11-2
A6NDX5	Q6WCQ1-3
A6NDX5	Q9NXT0
A6NDX5	P32600
A6NDX5	P01642
A6NDX5	P01877
A6NDX5	Q86YD5
A6NDX5	Q9HBF5
A6NDX5	Q9D413
A6NDX5	P58499
A6NDX5	Q8WX77
A6NDX5	Q86SQ6
A6NDX5	Q06C60
A6NDX5	O70248
A6NDX5	G3V7Q0
A6NDX5	B1WBR8
A6NDX5	Q9Y5H8
A6NDX5	Q14185_VAR_A1857T
A6NDX5	Q14185
A6NDX5	B5DFH7
A6NDX5	P11928
A6NDX5	Q5FVC5
A6NDX5	D3ZAC5
A6NDX5	XP_001055650
A6NDX5	D3ZGD0
A6NDX5	Q02525
A6NDX5	Q9CWF0
A6NDX5	P59924
A6NDX5	D4AAU8
A6NDX5	P50339
A6NDX5	F7A4H5
A6NDX5	D4A016
A6NDX5	O94929-4
A6NDX5	Q8WXI2-4
A6NDX5	D3ZFD2
A6NDX5	D4AAE2
A6NDX5	D3ZFG7
A6NDX5	B5DFI5
A6NDX5	Q62158
A6NDX5	Q62521
A6NDX5	Q8VG12
A6NDX5	Q63149
A6NDX5	Q5XHX6
A6NDX5	A0JPQ4
A6NDX5	A0A0C4DH28
A6NDX5	Q9JL96
A6NDX5	Q9ULU4-14
A6NDX5	O08759-2
A6NDX5	D4AAI2
A6NDX5	Q8NC06-3
A6NDX5	Q64240
A6NDX5	D3ZBN0
A6NDX5	A2RRU4
A6NDX5	Q45V74
A6NDX5	F7FL00
A6NDX5	G3V9U1
A6NDX5	J3QMY9
A6NDX5	A8K367
A6NDX5	O00748-4
A6NDX5	Q13409-2
A6NDX5	Q9BTC0-1
A6NDX5	O15530-5
A6NDX5	Q8TEP8
A6NDX5	Q13554-2
A6NDX5	Q91WH2
A6NDX5	Q8IY57-3
A6NDX5	Q13191-2
A6NDX5	O94887-2
A6NDX5	Q9QYU3
A6NDX5	Q3KRE0
A6NDX5	D3ZBE5
A6NDX5	Q9ES74
A6NDX5	P35737
A6NDX5	Q9UIS9-5
A6NDX5	D4A974
A6NDX5	Q8IWZ3-4
A6NDX5	D3ZS72
A6NDX5	Q13822-3
A6NDX5	Q63493
A6NDX5	Q8CIZ5
A6NDX5	G3V6K9
A6NDX5	Q15375-5
A6NDX5	P14480
A6NDX5	Q9JJ25
A6NDX5	Q5JVS0-2
A6NDX5	D3ZB54
A6NDX5	E9Q7T7
A6NDX5	O60716-22
A6NDX5	P35231
A6NDX5	Q9BTD8-4
A6NDX5	F1LQZ3
A6NDX5	Q92908-2
A6NDX5	O14964-2
A6NDX5	O00233-2
A6NDX5	Q8VF94
A6NDX5	Q7TRH4
A6NDX5	Q63483
A6NDX5	Q9HBG6-8
A6NDX5	Q8N7C3-2
A6NDX5	Q9ULU4-10
A6NDX5	P17209
A6NDX5	NP_001099935
A6NDX5	Q8R4S8
A6NDX5	Q63945-2
A6NDX5	P32418-2
A6NDX5	D3ZVQ4
A6NDX5	D3ZTP7
A6NDX5	Q3U926
A6NDX5	Q6SJQ5
A6NDX5	Q9Y5S8-3
A6NDX5	P42081-4
A6NDX5	Q9NNX6-7
A6NDX5	Q8IWQ3-2
A6NDX5	Q15772-1
A6NDX5	Q68EM7-5
A6NDX5	B2RTY4-4
A6NDX5	Q96QZ7-2
A6NDX5	Q86UE8-2
A6NDX5	F1LPP2
A6NDX5	Q9NPB6-2
A6NDX5	P67775-2
A6NDX5	Q5M775-2
A6NDX5	Q5TC82-2
A6NDX5	Q8VFV4
A6NDX5	Q8R066
A6NDX5	Q15056-2
A6NDX5	Q96DT7-2
A6NDX5	O60784-4
A6NDX5	P01910
A6NDX5	P01780
A6NDX5	P46100-6
A6NDX5	Q05209-2
A6NDX5	B5DFE7
A6NDX5	Q6AYI5
A6NDX5	Q13422-3
A6NDX5	Q9UIS9-11
A6NDX5	A0A0C4DH32
A6NDX5	P0DOX5
A6NDX5	Q8NHY2-2
A6NDX5	Q9HC10-2
A6NDX5	NP_001192920
A6NDX5	Q08DQ6
A6NDX5	C6K2K4
A6NDX5	Q8BNJ6
A6NDX5	Q7TSF0-2
A6NDX5	P01872
A6NDX5	NP_001269515
A6NDX5	F1MD97
A6NDX5	Q8IWW6-4
A6NDX5	P35241-5
A6NDX5	Q9ULH1-2
A6NDX5	A0A075B6K6
A6NDX5	Q9ULV4-3
A6NDX5	Q9UJ78-3
A6NDX5	Q8K1P9
A6NDX5	A0JPK3
A6NDX5	Q569C4
A6NDX5	Q8R4G0-9
A6NDX5	Q6AXW4
A6NDX5	D3ZVP0
A6NDX5	Q9NNX6-6
A6NDX5	D4A2Z2
A6NDX5	Q9BZS1-3
A6NDX5	Q4V8J2
A6NDX5	O14628-4
A6NDX5	Q5XIU1
A6NDX5	Q66HB3
A6NDX5	Q8TD46-4
A6NDX5	Q8TD46
A6NDX5	P02751-1
A6NDX5	P58499-2
A6NDX5	O75445-3
A6NDX5	P32927-2
A6NDX5	H0Y9G9
A6NDX5	P55854-2
A6NDX5	A8MVW5-3
A6NDX5	A0A494C0M2
A6NDX5	A0A0C4DH68
A6NDX5	O60237-6
A6NDX5	D3ZQP6
A6NDX5	A0A075B6L2
A6NDX5	D3ZKG3
A6NDX5	B1WC29
A6NDX5	P0CH38
A6NDX5	D3ZG92
A6NDX5	Q5EBA7
A6NDX5	Q2TGI9
A6NDX5	Q9D270
A6NDX5	P97779
A6NDX5	D3ZFY2
A6NDX5	A0A0A6YYJ7
A6NDX5	NP_001101763
A6NDX5	NP_001155281
A6NDX5	O19477
A6NDX5	F8WLE0
A6NDX5	Q5DWV2
A6NDX5	A2TGX5
A6NDX5	A0A0K0K1G8
A6NDX5	P97554
A6NDX5	A6JFQ6
A6NDX5	Q9Z2K3
A6NDX5	Q4V8A1
A6NDX5	A0A075B6J2
A6NDX5	Q5XI05
A6NDX5	Q63184
A6NDX5	Q810Y4
A6NDX5	P46937-9
A6NDX5	NP_001389105
A6NDX5	NP_001382535
A6NDX5	NP_001164034
A6NDX5	NP_001380677
A6NDX5	XP_006232363
A6NDX5	D4A849
A6NDX5	XP_006244660
A6NDX5	Q13409-5
A6NDX5	O94880-1
A6NDX5	O00468-3
A6NDX5	NP_001258225
A6NDX5	Q9D9M4
A6NDX5	P35609-2
A6NDX5	O60260-5
A6NDX5	Q5TCQ9-1
A6NDX5	Q68DD2-3
A6NDX5	D4AEG2
A6NDX5	D3ZPP6
A6NDX5	Q8CFQ0
A6NDX5	A4GW50
A6NDX5	Q7TSE6
A6NDX5	Q9Z1Z6
A6NDX5	Q6PGB6
A6NDX5	P14598
A6NDX5	P97493
A6NDX5	Q80ZQ9
A6NDX5	O08556
A6NDX5	Q15413
A6NDX5	P81062
A6NDX5	O35160
A6NDX5	G0YZM8
A6NDX5	E9Q0S6
A6NDX5	NP_001098083
A6NDX5	O88569
A6NDX5	P22626
A6NDX5	XP_229225
A6NDX5	I6LBX3
A6NDX5	Q6ZMT4
A6NDX5	F1LZ05
A6NDX5	D4AEF4
A6NDX5	XP_017452259
A6NDX5	Q6PGN3-3
A6NDX5	A0A1B0GVH4
A6NDX5	D3Z8K5
A6NDX5	Q8VEB1
A6NDX5	Q62833
A6NDX5	P47810
A6NDX5	XP_218963
A6NDX5	P68181
A6NDX5	P68182
A6NDX5	Q62689
A6NDX5	P54645
A6NDX5	Q13131
A6NDX5	D3Z7Z5
A6NDX5	P54819
A6NDX5	Q16539
A6NDX5	P70335
A6NDX5	O08679
A6NDX5	Q05512-3
A6NDX5	D3ZV15
A6NDX5	Q15835
A6NDX5	Q810B3
A6NDX5	A0FGR8
A6NDX5	Q90933
A6NDX5	Q8R4K2
A6NDX5	P42679
A6NDX5	P49795
A6NDX5	P15209
A6NDX5	Q02241-2
A6NDX5	Q9UPT6
A6NDX5	O15197
A6NDX5	P11835
A6NDX5	Q15080
A6NDX5	Q80U72
A6NDX5	P06127
A6NDX5	Q02858
A6NDX5	P25977
A6NDX5	Q62910-5
A6NDX5	Q62910
A6NDX5	Q06649
A6NDX5	Q9NP61
A6NDX5	O43390
A6NDX5	P28647
A6NDX5	Q6A028
A6NDX5	P70451-4
A6NDX5	P17028
A6NDX5	P27773
A6NDX5	Q5XXR3
A6NDX5	O75398
A6NDX5	O88382
A6NDX5	Q9Y2W1
A6NDX5	Q6PL18
A6NDX5	O70570
A6NDX5	Q8CHP6
A6NDX5	Q4VAA7
A6NDX5	Q9BZF9
A6NDX5	Q60953
A6NDX5	Q6PDK2
A6NDX5	Q9WTP6
A6NDX5	Q7Z4V5
A6NDX5	Q8R0F5
A6NDX5	O00409
A6NDX5	O60861
A6NDX5	Q9JJ66
A6NDX5	Q13835
A6NDX5	P63158
A6NDX5	P63159
A6NDX5	Q6ZQV5
A6NDX5	Q14011
A6NDX5	Q6P9K8
A6NDX5	Q5TKR9
A6NDX5	P53814-5
A6NDX5	Q96FV0
A6NDX5	Q99020
A6NDX5	Q922Y2
A6NDX5	Q9NZV1
A6NDX5	Q15928
A6NDX5	P17014
A6NDX5	Q8BIS1
A6NDX5	Q9HCK4
A6NDX5	Q9GZY0
A6NDX5	Q12982
A6NDX5	P97315
A6NDX5	P21291
A6NDX5	Q921G6
A6NDX5	Q7Z3V5
A6NDX5	Q9ERC8
A6NDX5	Q8VHZ8
A6NDX5	Q9R0M0
A6NDX5	Q8TEP8-1
A6NDX5	P02638
A6NDX5	Q61881
A6NDX5	O60242
A6NDX5	Q8BIQ5
A6NDX5	P83110
A6NDX5	Q3MIN7
A6NDX5	Q99666
A6NDX5	Q9H2D1
A6NDX5	Q9HDC5
A6NDX5	Q9Y5F2
A6NDX5	Q4V9Z5
A6NDX5	Q3U821
A6NDX5	Q9NWB1
A6NDX5	Q6IA17
A6NDX5	Q14574
A6NDX5	P17020
A6NDX5	Q96MN2
A6NDX5	Q9NXD2
A6NDX5	Q9Y4A0
A6NDX5	Q8K1S7
A6NDX5	Q6NS57
A6NDX5	Q8K0Q5
A6NDX5	Q9NR48
A6NDX5	P51784
A6NDX5	Q3UIA2
A6NDX5	P15919
A6NDX5	O70145
A6NDX5	Q498D1
A6NDX5	P26368
A6NDX5	Q6UXK5
A6NDX5	Q6NZP1
A6NDX5	Q96GF1
A6NDX5	O89029
A6NDX5	Q96BP3
A6NDX5	Q6TDP3
A6NDX5	Q8K430
A6NDX5	P97379-2
A6NDX5	Q61085
A6NDX5	P70355
A6NDX5	Q96T25
A6NDX5	A2AIV8
A6NDX5	O54972
A6NDX5	Q99578
A6NDX5	Q9H158
A6NDX5	P55259
A6NDX5	P35789
A6NDX5	Q8TF21
A6NDX5	P00915
A6NDX5	A2AWR3
A6NDX5	O15050
A6NDX5	Q96PZ7
A6NDX5	Q6KCM7-3
A6NDX5	Q9Y6K1
A6NDX5	Q9CZ96
A6NDX5	Q9NQV7
A6NDX5	Q99MD6
A6NDX5	Q96PU4
A6NDX5	O95222
A6NDX5	Q6P6B7
A6NDX5	Q56A06
A6NDX5	Q8R1C9
A6NDX5	Q86TV6
A6NDX5	Q8K2H3
A6NDX5	P06731
A6NDX5	O60284
A6NDX5	Q8TED0
A6NDX5	O15327
A6NDX5	O43861
A6NDX5	Q13614
A6NDX5	Q8BGR2
A6NDX5	Q5SQ27
A6NDX5	Q8CHG7
A6NDX5	Q53HC5
A6NDX5	Q9CQ07
A6NDX5	Q9C0A1-2
A6NDX5	Q9UBG3
A6NDX5	Q8BYW1
A6NDX5	Q9ULZ9
A6NDX5	Q63637
A6NDX5	A8Y5H7
A6NDX5	Q3UGP9
A6NDX5	Q7TN37
A6NDX5	Q80TZ3
A6NDX5	Q9QZD4
A6NDX5	Q8VD33
A6NDX5	Q80W98
A6NDX5	Q9Y6Y1
A6NDX5	Q02246
A6NDX5	Q9GZX5
A6NDX5	Q5DW34
A6NDX5	Q13404
A6NDX5	P16015
A6NDX5	Q5EBH1
A6NDX5	Q99KJ5
A6NDX5	Q3TXZ1
A6NDX5	Q96L94
A6NDX5	O95985
A6NDX5	Q4G0J3
A6NDX5	P49620
A6NDX5	Q3UCQ1
A6NDX5	P01897
A6NDX5	Q8N1G4
A6NDX5	Q9WTM3
A6NDX5	Q9BQI7
A6NDX5	Q8VCM3
A6NDX5	O94880-2
A6NDX5	Q7TSK2
A6NDX5	Q61234
A6NDX5	XP_001480453
A6NDX5	Q8VDF2
A6NDX5	Q53TN4
A6NDX5	Q14BI5
A6NDX5	Q86XH1
A6NDX5	Q9H8U3
A6NDX5	Q96LX8
A6NDX5	Q9NVI7
A6NDX5	Q8N2Y8
A6NDX5	Q5XJV7
A6NDX5	O00507
A6NDX5	P17038
A6NDX5	Q6ZMG9
A6NDX5	Q96LL9
A6NDX5	Q8CGA2
A6NDX5	Q8TAB3
A6NDX5	Q8BW49
A6NDX5	Q9JHJ0
A6NDX5	Q14562
A6NDX5	Q8C898
A6NDX5	Q14573
A6NDX5	P09803
A6NDX5	Q8C5L7
A6NDX5	Q8WXU2
A6NDX5	Q99LL5
A6NDX5	Q9R0C8
A6NDX5	Q8IUX7
A6NDX5	Q7Z628
A6NDX5	P98084
A6NDX5	Q8N9V6
A6NDX5	Q9NRL3
A6NDX5	Q62947
A6NDX5	Q922Y1
A6NDX5	Q02241
A6NDX5	Q14202
A6NDX5	Q9P258
A6NDX5	P30551
A6NDX5	Q6DFV5
A6NDX5	P13591
A6NDX5	Q8BRB7
A6NDX5	Q9R1Z8
A6NDX5	P48999
A6NDX5	P57059
A6NDX5	Q6VAB6
A6NDX5	P10711
A6NDX5	Q68FH0
A6NDX5	O00459
A6NDX5	Q8IVH8
A6NDX5	P49023
A6NDX5	Q8BTM8
A6NDX5	Q8IZX4
A6NDX5	O88738
A6NDX5	Q9BSK1
A6NDX5	P07947
A6NDX5	Q9QYK9
A6NDX5	O70150
A6NDX5	P48454
A6NDX5	P19174
A6NDX5	Q8BGW6
A6NDX5	P24604
A6NDX5	P09405
A6NDX5	Q99570
A6NDX5	Q60700
A6NDX5	Q13233
A6NDX5	P26038
A6NDX5	P97523
A6NDX5	Q9UPE1
A6NDX5	Q9UEE5
A6NDX5	P29322
A6NDX5	Q05397
A6NDX5	Q9UM73
A6NDX5	P70531
A6NDX5	Q8N4C8
A6NDX5	Q80YE7
A6NDX5	Q9QXK2
A6NDX5	Q924U5
A6NDX5	Q9JIR4
A6NDX5	Q80Y82
A6NDX5	Q01201
A6NDX5	Q60680
A6NDX5	O55047
A6NDX5	P28818
A6NDX5	Q8R4V5
A6NDX5	Q62132-2
A6NDX5	P97434
A6NDX5	P14778
A6NDX5	Q9NQ79
A6NDX5	Q9Z1B8
A6NDX5	Q99MP8
A6NDX5	P49660
A6NDX5	Q16881
A6NDX5	Q86V81
A6NDX5	Q15256
A6NDX5	Q9H2U1
A6NDX5	P42082
A6NDX5	P0C6S7
A6NDX5	XP_236979
A6NDX5	XP_236536
A6NDX5	O95271
A6NDX5	Q9BUV0
A6NDX5	Q7L7V1
A6NDX5	O00187
A6NDX5	Q8QZT4
A6NDX5	Q7Z408
A6NDX5	Q9Z207
A6NDX5	Q504P2
A6NDX5	Q7TQT8
A6NDX5	Q8N0X2
A6NDX5	Q8NGN2
A6NDX5	Q86W74
A6NDX5	P97680
A6NDX5	Q53GI3
A6NDX5	D3ZN99
A6NDX5	D4ACT4
A6NDX5	Q8BTI7
A6NDX5	Q6ZNB6
A6NDX5	XP_002726568
A6NDX5	Q9UII4
A6NDX5	Q0VGE8
A6NDX5	A3KFT3
A6NDX5	Q8NH79
A6NDX5	Q14B98
A6NDX5	Q13875
A6NDX5	Q3UDP0
A6NDX5	D4ACA6
A6NDX5	P97447-2
A6NDX5	P60191
A6NDX5	Q9H426
A6NDX5	Q9D5V2
A6NDX5	Q6JEL3
A6NDX5	A1IGU4
A6NDX5	Q9H2J1
A6NDX5	Q9QY14
A6NDX5	Q9NSA2
A6NDX5	Q7TPL1
A6NDX5	Q9EP86
A6NDX5	Q86UV7
A6NDX5	Q810I2
A6NDX5	P58459
A6NDX5	Q17R89
A6NDX5	Q61858
A6NDX5	Q8NH60
A6NDX5	NP_001100501
A6NDX5	XP_573736
A6NDX5	XP_001059015
A6NDX5	XP_001071080
A6NDX5	Q8NC01
A6NDX5	M0R5R8
A6NDX5	Q8NDZ0
A6NDX5	NP_001102068
A6NDX5	Q5JVL4
A6NDX5	Q5JPI9
A6NDX5	Q8BFX3
A6NDX5	Q924T7
A6NDX5	Q08048
A6NDX5	Q922Q8
A6NDX5	Q14203-6
A6NDX5	Q8VCH9
A6NDX5	Q96PB8
A6NDX5	Q5DU41-2
A6NDX5	Q9Y2M5
A6NDX5	D3Z8N4
A6NDX5	Q13017
A6NDX5	Q6AYD0
A6NDX5	B0BNC9
A6NDX5	D3ZKY6
A6NDX5	P34995
A6NDX5	P02468
A6NDX5	Q7Z443
A6NDX5	Q06547-3
A6NDX5	P70375
A6NDX5	Q9ESG8
A6NDX5	XP_342873
A6NDX5	A1Z1Q3
A6NDX5	Q9R0Z9-2
A6NDX5	Q63912
A6NDX5	O00746
A6NDX5	P17041
A6NDX5	A6PVS8
A6NDX5	P10966-4
A6NDX5	Q9Y2G7
A6NDX5	Q8N1W2
A6NDX5	Q5K4E3
A6NDX5	O95084
A6NDX5	Q3URF8
A6NDX5	Q4G0X4
A6NDX5	P55735
A6NDX5	Q8BWG4
A6NDX5	Q9NVM4
A6NDX5	Q8BZ71
A6NDX5	Q86VP1-2
A6NDX5	Q96EG3
A6NDX5	Q7TRV8
A6NDX5	Q6IR42
A6NDX5	Q9NSJ1
A6NDX5	Q149N8-4
A6NDX5	Q96MN9
A6NDX5	Q8R5M0
A6NDX5	Q9CWZ3-2
A6NDX5	Q9Y5S9-2
A6NDX5	P03355
A6NDX5	Q70EL3
A6NDX5	Q62797
A6NDX5	Q7TRS5
A6NDX5	Q8VG96
A6NDX5	P26358-2
A6NDX5	D4A174
A6NDX5	Q9Y6K8
A6NDX5	Q8C310
A6NDX5	P32302
A6NDX5	Q8C796
A6NDX5	P24452
A6NDX5	Q8N5H7-2
A6NDX5	Q71QF9
A6NDX5	Q5VTH9
A6NDX5	P51679
A6NDX5	G5E8P1-2
A6NDX5	Q9BPV8
A6NDX5	P21128-2
A6NDX5	Q96DN0
A6NDX5	Q9NYJ7
A6NDX5	P01801
A6NDX5	P35292
A6NDX5	P0DTE4
A6NDX5	Q9BUD6
A6NDX5	Q8BJ66
A6NDX5	Q60688
A6NDX5	Q8CID2
A6NDX5	Q96BR6
A6NDX5	Q61730-2
A6NDX5	P41595
A6NDX5	Q99KG3-2
A6NDX5	A4FU49
A6NDX5	Q08761
A6NDX5	Q9NZV5-2
A6NDX5	P21506
A6NDX5	P20239
A6NDX5	Q9QUR8
A6NDX5	G5E893
A6NDX5	G3X8S5
A6NDX5	Q3KNY0
A6NDX5	A6NJ46
A6NDX5	A6NNF4
A6NDX5	E9Q4R5
A6NDX5	Q15149-9
A6NDX5	A8MWE9
A6NDX5	Q3UTJ2-5
A6NDX5	Q9BX66-8
A6NDX5	Q13554-6
A6NDX5	Q9Z0L1
A6NDX5	Q9CQG3
A6NDX5	Q7TSV3
A6NDX5	Q96E35
A6NDX5	B1AWN4
A6NDX5	Q9UDY2-2
A6NDX5	E9QAH2
A6NDX5	P14426
A6NDX5	E9Q8I7
A6NDX5	Q9BYG4
A6NDX5	Q80YF6
A6NDX5	Q3UG20
A6NDX5	Q9JLN5
A6NDX5	P30940
A6NDX5	P10643
A6NDX5	P56719
A6NDX5	Q6AXT5
A6NDX5	Q96L93-5
A6NDX5	NP_001014028
A6NDX5	P26928
A6NDX5	D4A7T3
A6NDX5	NP_001100012
A6NDX5	D3ZGB8
A6NDX5	NP_001100256
A6NDX5	Q64LC9
A6NDX5	Q8VE92
A6NDX5	Q641Z2
A6NDX5	Q71F54
A6NDX5	Q8IWQ3-4
A6NDX5	Q6PFY9
A6NDX5	P08217
A6NDX5	P80025
A6NDX5	P63087-2
A6NDX5	P36873-2
A6NDX5	XP_001061954
A6NDX5	P10536
A6NDX5	O60259
A6NDX5	NP_001076191
A6NDX5	Q3B853
A6NDX5	O15194
A6NDX5	Q8BM54
A6NDX5	O35453
A6NDX5	Q571E5
A6NDX5	Q8N819
A6NDX5	Q8N8N7
A6NDX5	Q3UZD5
A6NDX5	Q9BRP1
A6NDX5	XP_001064577
A6NDX5	Q9D4E1
A6NDX5	Q62909
A6NDX5	Q5BJT1
A6NDX5	NP_001101625
A6NDX5	B1H239
A6NDX5	Q17RD7
A6NDX5	A0A0G2K7U7
A6NDX5	Q5R1I8
A6NDX5	D3Z9L4
A6NDX5	Q4KLK1
A6NDX5	Q3UIX4
A6NDX5	P35355
A6NDX5	B2RYP8
A6NDX5	F7ENH8
A6NDX5	Q60976
A6NDX5	Q921B4
A6NDX5	Q9Y577
A6NDX5	B4DGC5
A6NDX5	Q5NCY3
A6NDX5	Q5TGJ6
A6NDX5	Q62784
A6NDX5	Q91ZT8
A6NDX5	Q8VDS3
A6NDX5	Q96PL2
A6NDX5	Q5JTW2-2
A6NDX5	Q6ZT77
A6NDX5	P63165-2
A6NDX5	Q13685
A6NDX5	Q8BG98
A6NDX5	Q8VI97
A6NDX5	P14435
A6NDX5	Q99PJ2
A6NDX5	Q8IUD6
A6NDX5	P20155
A6NDX5	O00560-2
A6NDX5	Q8VHP8
A6NDX5	D3ZRP1
A6NDX5	Q7TQN8
A6NDX5	Q5QD25
A6NDX5	Q8K3V3
A6NDX5	Q61212
A6NDX5	XP_229754
A6NDX5	XP_001079321
A6NDX5	P46094
A6NDX5	P57735
A6NDX5	P29276
A6NDX5	Q7Z7M1
A6NDX5	Q9P1P4
A6NDX5	A6NM03
A6NDX5	Q15622
A6NDX5	Q8NH59
A6NDX5	A6NMS3
A6NDX5	CAA46130
A6NDX5	P0C623
A6NDX5	Q8NGH7
A6NDX5	Q99463
A6NDX5	P20693
A6NDX5	Q7TQP3
A6NDX5	XP_001067726
A6NDX5	P46091
A6NDX5	XP_001077843
A6NDX5	Q9Y2T5
A6NDX5	Q8VFP2
A6NDX5	P51865
A6NDX5	Q9NTW7
A6NDX5	P23508-2
A6NDX5	Q96N38
A6NDX5	O43763
A6NDX5	O35698
A6NDX5	Q12906-2
A6NDX5	P31268
A6NDX5	Q8NAP8
A6NDX5	Q13310-2
A6NDX5	Q9NQ30
A6NDX5	Q14681
A6NDX5	P30276
A6NDX5	D3Z1M4
A6NDX5	Q62234-2
A6NDX5	P01806
A6NDX5	P06320
A6NDX5	A6NCK2
A6NDX5	Q8CAS9-2
A6NDX5	D3ZH31
A6NDX5	Q9QZZ4-3
A6NDX5	P97430
A6NDX5	Q53EL9-3
A6NDX5	P0DN37
A6NDX5	Q075Z2
A6NDX5	Q8WWF6
A6NDX5	P11034
A6NDX5	D3Z519
A6NDX5	P52287
A6NDX5	Q8AYC9
A6NDX5	O00241
A6NDX5	Q9HCE7
A6NDX5	Q7TP47
A6NDX5	P01860
A6NDX5	Q6UWV2
A6NDX5	P0CE71
A6NDX5	A2AR95
A6NDX5	Q8N7C3
A6NDX5	P01880
A6NDX5	Q9D309
A6NDX5	Q80W15
A6NDX5	Q8IVN8
A6NDX5	Q5U2N3
A6NDX5	D3ZMA2
A6NDX5	Q91Y16
A6NDX5	Q68FH0-2
A6NDX5	F1M3R5
A6NDX5	Q641X6
A6NDX5	P78312-2
A6NDX5	Q96HC4_VAR_046663
A6NDX5	Q96HC4
A6NDX5	Q5MYW9
A6NDX5	NP_001100917
A6NDX5	Q8BH89
A6NDX5	D3ZB71
A6NDX5	F1M6U5
A6NDX5	G3V9K7
A6NDX5	O35164
A6NDX5	Q62336
A6NDX5	Q3KPC7
A6NDX5	Q8VFK4
A6NDX5	Q8VG86
A6NDX5	D4ABC6
A6NDX5	G3X9G7
A6NDX5	O14639-2
A6NDX5	Q8WXI2-5
A6NDX5	F1LXA9
A6NDX5	P98175-3
A6NDX5	F1LP78
A6NDX5	NP_001159443
A6NDX5	Q8IXK0-2
A6NDX5	P02625
A6NDX5	Q63203
A6NDX5	Q920H8
A6NDX5	Q8CGN4-2
A6NDX5	P16333-2
A6NDX5	D3ZL57
A6NDX5	P45953
A6NDX5	F1LRA7
A6NDX5	Q5RJM0
A6NDX5	Q92688-2
A6NDX5	Q92793-2
A6NDX5	Q4JDL3-11
A6NDX5	D3ZE62
A6NDX5	B1WC22
A6NDX5	Q7Z6Z7-2
A6NDX5	Q9NTX5-2
A6NDX5	Q96PY5-3
A6NDX5	Q15063-2
A6NDX5	O94925-3
A6NDX5	M0RC44
A6NDX5	Q9UKJ3-2
A6NDX5	O08722
A6NDX5	P59895
A6NDX5	O54800
A6NDX5	Q9D2R4
A6NDX5	Q4V8I0
A6NDX5	Q9NUL3-2
A6NDX5	P70704-2
A6NDX5	XP_003084810
A6NDX5	AAC50053
A6NDX5	Q9BVI0-2
A6NDX5	Q9EPG6
A6NDX5	Q3MIN7-2
A6NDX5	F1LVK3
A6NDX5	P39948
A6NDX5	D3ZKP4
A6NDX5	O60936-3
A6NDX5	Q8IWZ8-2
A6NDX5	Q8WXF1-2
A6NDX5	NP_666862
A6NDX5	K7N5T5
A6NDX5	O60291-3
A6NDX5	Q9P0U4-2
A6NDX5	D4A8M3
A6NDX5	Q9UBN7-2
A6NDX5	Q9C0D5-2
A6NDX5	Q86VZ6-2
A6NDX5	Q8R4F1
A6NDX5	Q6P5C7
A6NDX5	Q8WYP3-2
A6NDX5	O94983-3
A6NDX5	F1M1D2
A6NDX5	D3ZX13
A6NDX5	Q8VG44
A6NDX5	Q8VGN8
A6NDX5	Q8VG07
A6NDX5	Q460M5
A6NDX5	Q6PDB7
A6NDX5	P08001
A6NDX5	P47877
A6NDX5	Q9QXJ4
A6NDX5	P35372-5
A6NDX5	Q498D8
A6NDX5	P62877
A6NDX5	P62878
A6NDX5	O00762-3
A6NDX5	Q9Y6N7-2
A6NDX5	Q9BRL6-2
A6NDX5	Q9HBE1-3
A6NDX5	Q5M775-5
A6NDX5	Q9BYK8-2
A6NDX5	Q9UIG0-2
A6NDX5	Q8VBV9
A6NDX5	Q8K479
A6NDX5	P48739-2
A6NDX5	Q9UPW0-2
A6NDX5	A0A075B6S6
A6NDX5	Q60881
A6NDX5	P14436
A6NDX5	P01762
A6NDX5	Q9Y6R4-2
A6NDX5	Q05209-3
A6NDX5	Q9UIS9-10
A6NDX5	Q2LKV2
A6NDX5	Q9NXL9-3
A6NDX5	P21127-2
A6NDX5	Q9UJW3-2
A6NDX5	P0DOX8
A6NDX5	Q93062-2
A6NDX5	Q16827-2
A6NDX5	F1MS53
A6NDX5	P35613-2
A6NDX5	Q8C088
A6NDX5	P01872-2
A6NDX5	Q5BIP4
A6NDX5	A4FUZ2
A6NDX5	O75112-7
A6NDX5	Q8IXK0-5
A6NDX5	Q91XZ4_VAR_E203K
A6NDX5	Q91XZ4
A6NDX5	P04233-2
A6NDX5	Q9HCH5-8
A6NDX5	Q8TDZ2-4
A6NDX5	P51532-3
A6NDX5	Q1M168
A6NDX5	Q66H07
A6NDX5	P03994
A6NDX5	P06802-2
A6NDX5	Q5BK54
A6NDX5	Q53B90
A6NDX5	Q8CG50
A6NDX5	Q80Z36
A6NDX5	Q6AYI2
A6NDX5	Q8VEM9
A6NDX5	Q5U2N4
A6NDX5	Q9BZS1-4
A6NDX5	Q08602
A6NDX5	Q8N8K9-2
A6NDX5	Q9QXS4
A6NDX5	P0DTW3
A6NDX5	O60361
A6NDX5	Q9R1E9
A6NDX5	Q8N568-3
A6NDX5	Q9H7Z6-2
A6NDX5	Q8NBI2-2
A6NDX5	Q96FG2-6
A6NDX5	P06310
A6NDX5	O75094-4
A6NDX5	P04049-2
A6NDX5	A4KWA1
A6NDX5	D4A518
A6NDX5	A0A0A0MS04
A6NDX5	NP_058965
A6NDX5	Q8VFT4
A6NDX5	Q9WU03-2
A6NDX5	P52949
A6NDX5	F1M1Y4
A6NDX5	F1LP29
A6NDX5	A0A0G2K8F7
A6NDX5	Q9Z255
A6NDX5	P49459
A6NDX5	B4F765
A6NDX5	P0C6P0
A6NDX5	A0A087WT01
A6NDX5	P0C6U8
A6NDX5	D3ZCK2
A6NDX5	Q9CR56
A6NDX5	Q64563
A6NDX5	Q80W89
A6NDX5	Q5I0L6
A6NDX5	Q6QD51
A6NDX5	Q5PQR8
A6NDX5	P49864
A6NDX5	P97691
A6NDX5	Q8R2H2
A6NDX5	Q9JKF8
A6NDX5	O35626
A6NDX5	Q6MG84
A6NDX5	Q9WTQ6
A6NDX5	A0A5A6
A6NDX5	Q810I1
A6NDX5	Q7TNJ4
A6NDX5	P01865
A6NDX5	A0A0B4J1V7
A6NDX5	Q60856
A6NDX5	P49800
A6NDX5	P06882
A6NDX5	NP_001258080
A6NDX5	XP_038967216
A6NDX5	D3ZUV2
A6NDX5	Q80SY4
A6NDX5	Q64337-2
A6NDX5	NP_001164031
A6NDX5	D4A8L7
A6NDX5	O75173-2
A6NDX5	Q9NPH3-5
A6NDX5	O14733-2
A6NDX5	D3ZF58
A6NDX5	A0A0G2K995
A6NDX5	B0BN35
A6NDX5	Q6S9Z5
A6NDX5	Q9BRL6
A6NDX5	Q91UZ4
A6NDX5	Q61686
A6NDX5	B2RYU7
A6NDX5	Q6PAQ9
A6NDX5	Q9D8S9
A6NDX5	Q5U680
A6NDX5	Q99961
A6NDX5	P28654
A6NDX5	Q9NP31
A6NDX5	P53994
A6NDX5	P05712
A6NDX5	Q9UNG0
A6NDX5	Q8K088
A6NDX5	P30280
A6NDX5	Q5XFW9
A6NDX5	P35290
A6NDX5	NP_001015023
A6NDX5	XP_001080693
A6NDX5	O88689-2
A6NDX5	P30999
A6NDX5	A2AN08
A6NDX5	Q6PD21
A6NDX5	ENSRNOP00000028595
A6NDX5	A2AUY4
A6NDX5	NP_446213
A6NDX5	Q6MGA9
A6NDX5	Q91X43
A6NDX5	Q96CT2
A6NDX5	P10073
A6NDX5	Q9BYB0
A6NDX5	XP_218965
A6NDX5	P34947
A6NDX5	P30291
A6NDX5	P21675
A6NDX5	P00519-2
A6NDX5	P22694
A6NDX5	Q8C050
A6NDX5	A6NDG6
A6NDX5	Q8K045
A6NDX5	Q80YT9
A6NDX5	Q63644
A6NDX5	Q13464
A6NDX5	Q9QY78
A6NDX5	Q1HL35
A6NDX5	Q9QZL0
A6NDX5	Q78DX7
A6NDX5	Q8BGI4
A6NDX5	O08550
A6NDX5	Q9NWZ3
A6NDX5	Q3UM45
A6NDX5	Q8BKG3
A6NDX5	Q9WVR7
A6NDX5	Q9QYY0
A6NDX5	Q16620
A6NDX5	P29376
A6NDX5	P05107
A6NDX5	P11911
A6NDX5	Q14160
A6NDX5	P16277
A6NDX5	Q02763
A6NDX5	P25976
A6NDX5	Q8VIJ6
A6NDX5	Q4KM71
A6NDX5	P13383
A6NDX5	Q8BFW7
A6NDX5	Q62910-4
A6NDX5	Q8CHC4
A6NDX5	P08909
A6NDX5	Q9QXK9
A6NDX5	Q61618
A6NDX5	Q9UH65
A6NDX5	Q60865
A6NDX5	P13796
A6NDX5	P30101
A6NDX5	P35813
A6NDX5	Q86UL8
A6NDX5	Q8N7R7
A6NDX5	P01833
A6NDX5	P05432
A6NDX5	Q8R4X3
A6NDX5	Q8NDX5
A6NDX5	Q8WV41
A6NDX5	P29590
A6NDX5	Q9BRH9
A6NDX5	P0C871
A6NDX5	Q4KLH5
A6NDX5	P78352
A6NDX5	P31016
A6NDX5	Q7Z478
A6NDX5	Q8CHQ0
A6NDX5	Q8NEV8
A6NDX5	Q92794
A6NDX5	O88634
A6NDX5	P22227
A6NDX5	Q9UPR0
A6NDX5	Q8BZ21
A6NDX5	Q9R0N9
A6NDX5	Q925C0
A6NDX5	O95782
A6NDX5	Q96EY1
A6NDX5	Q9Y385
A6NDX5	Q8IWR1
A6NDX5	Q3UHD6
A6NDX5	Q8K4V4
A6NDX5	P28334
A6NDX5	P10605
A6NDX5	Q9UBL3
A6NDX5	Q6S545
A6NDX5	P17030
A6NDX5	P08603
A6NDX5	Q9GZW5
A6NDX5	O15540
A6NDX5	P33435
A6NDX5	P50238
A6NDX5	O75427
A6NDX5	Q8VHL8
A6NDX5	P37235
A6NDX5	P04631
A6NDX5	Q3TBD2
A6NDX5	Q00918
A6NDX5	P29352
A6NDX5	P33240
A6NDX5	Q9P2K6
A6NDX5	Q9Y5E8
A6NDX5	Q96KV6
A6NDX5	Q8NHY3
A6NDX5	Q9ET80
A6NDX5	Q9Y5F1
A6NDX5	Q6UXD5
A6NDX5	Q8IWA0
A6NDX5	Q8R3P2
A6NDX5	Q91V27
A6NDX5	O43822
A6NDX5	P33173
A6NDX5	Q9ES18
A6NDX5	Q920C1
A6NDX5	Q5R3F8
A6NDX5	O35239
A6NDX5	Q8CB87
A6NDX5	O14924
A6NDX5	P16050
A6NDX5	Q5U2X0
A6NDX5	Q5KSL6
A6NDX5	G5E8P1
A6NDX5	P13797
A6NDX5	Q68EM7
A6NDX5	Q63ZY6
A6NDX5	P19878
A6NDX5	Q8VCH8
A6NDX5	Q8K2Y0
A6NDX5	Q6P5D3
A6NDX5	Q9H334
A6NDX5	Q9EPX4
A6NDX5	P97686
A6NDX5	P23497
A6NDX5	Q4V8D9
A6NDX5	P49458
A6NDX5	Q9NYQ6
A6NDX5	A2AV25
A6NDX5	Q64676
A6NDX5	Q9Z2C9
A6NDX5	O95460
A6NDX5	Q9UPG8
A6NDX5	Q9UN86-2
A6NDX5	Q8TCX5
A6NDX5	Q6ZNG1
A6NDX5	Q91WM6
A6NDX5	A6H5X4
A6NDX5	Q5DU09
A6NDX5	Q6ZVD8
A6NDX5	Q8NH48
A6NDX5	O60412
A6NDX5	Q0GGX2
A6NDX5	O75081
A6NDX5	P56716
A6NDX5	P17019
A6NDX5	Q5IR70
A6NDX5	Q6AW46
A6NDX5	Q7Z3F1
A6NDX5	O95199
A6NDX5	Q8NFF2-3
A6NDX5	E9PUP1
A6NDX5	A2ASZ8
A6NDX5	Q8K3P6
A6NDX5	P83503
A6NDX5	Q8N6M8
A6NDX5	Q8TBF4
A6NDX5	Q9NQW5
A6NDX5	Q923M0
A6NDX5	Q6PHP6
A6NDX5	Q8N394
A6NDX5	O95704
A6NDX5	Q5DTG8
A6NDX5	P20851
A6NDX5	Q9CWU9
A6NDX5	E9PWB6
A6NDX5	Q9H0E7
A6NDX5	Q91WM1
A6NDX5	P55318
A6NDX5	Q96QV1
A6NDX5	Q99LC9
A6NDX5	Q7L1W4
A6NDX5	Q9UDX4
A6NDX5	Q8N456
A6NDX5	P62942
A6NDX5	Q62849
A6NDX5	Q9UL58
A6NDX5	Q9R013
A6NDX5	P10077
A6NDX5	Q92503
A6NDX5	Q96CX6
A6NDX5	Q8TD43
A6NDX5	O75061
A6NDX5	Q92889
A6NDX5	Q80WG7
A6NDX5	Q96EQ0
A6NDX5	P70298
A6NDX5	Q62513
A6NDX5	Q99MV5
A6NDX5	Q86WG5
A6NDX5	Q9D8Y0
A6NDX5	Q9H9B1
A6NDX5	Q9CR62
A6NDX5	P07451
A6NDX5	Q8WWW0
A6NDX5	Q8C0L0
A6NDX5	Q9Y242
A6NDX5	Q96PH1-4
A6NDX5	Q62176
A6NDX5	Q86XF7
A6NDX5	Q8K387
A6NDX5	D3ZX64
A6NDX5	Q4KWH5
A6NDX5	Q96N96-6
A6NDX5	Q8NAT2
A6NDX5	Q91WG7
A6NDX5	P68500
A6NDX5	Q3TN34
A6NDX5	P97857
A6NDX5	P98174
A6NDX5	Q8BX90
A6NDX5	Q5T0B9
A6NDX5	Q9BQ24
A6NDX5	Q53EL9
A6NDX5	P05131-2
A6NDX5	P28474
A6NDX5	Q3U224
A6NDX5	Q96T88
A6NDX5	Q56A07
A6NDX5	P54296
A6NDX5	E9Q6S0
A6NDX5	Q91WD9
A6NDX5	Q91XI1
A6NDX5	Q75Q39
A6NDX5	Q8WVY7
A6NDX5	Q80YS9
A6NDX5	Q9WVT0
A6NDX5	Q9H892
A6NDX5	Q5PQR0
A6NDX5	Q9NYL9
A6NDX5	O76080
A6NDX5	Q13342
A6NDX5	Q05519
A6NDX5	P08207
A6NDX5	P42696
A6NDX5	P49803
A6NDX5	P23950
A6NDX5	P17431
A6NDX5	Q60838
A6NDX5	P29477
A6NDX5	Q13610
A6NDX5	Q9UKW4
A6NDX5	P58404
A6NDX5	Q13427
A6NDX5	Q64318
A6NDX5	O08786
A6NDX5	Q9D4H1
A6NDX5	Q96FQ6
A6NDX5	O60504
A6NDX5	P09917
A6NDX5	Q8NE63
A6NDX5	P00749
A6NDX5	Q5GIG6
A6NDX5	Q96P48
A6NDX5	E9QAE3
A6NDX5	P23193
A6NDX5	Q99569
A6NDX5	Q5SRX1
A6NDX5	Q12851
A6NDX5	Q0IIM8
A6NDX5	Q9JID9
A6NDX5	Q9NR09
A6NDX5	Q9QZS8
A6NDX5	Q62799
A6NDX5	Q91VB2
A6NDX5	P60510
A6NDX5	P97470
A6NDX5	P41232
A6NDX5	Q99JE6
A6NDX5	P97504
A6NDX5	P49187
A6NDX5	Q13535
A6NDX5	Q12852
A6NDX5	Q8BZ03
A6NDX5	P58750
A6NDX5	O70444
A6NDX5	P19838
A6NDX5	Q498D6
A6NDX5	Q64434
A6NDX5	Q9Z1J2
A6NDX5	O88697
A6NDX5	P29351
A6NDX5	P49025
A6NDX5	Q9WVC6
A6NDX5	E9PTG8
A6NDX5	Q60751
A6NDX5	P11802
A6NDX5	P55211
A6NDX5	Q8VCT9
A6NDX5	Q9BY41
A6NDX5	Q91YM2
A6NDX5	Q61003
A6NDX5	P35918
A6NDX5	Q96T51
A6NDX5	P35761
A6NDX5	Q9Y2X7
A6NDX5	Q08945
A6NDX5	P06907
A6NDX5	P21707
A6NDX5	P06213-2
A6NDX5	Q6WKZ4
A6NDX5	NP_001100839
A6NDX5	O55103
A6NDX5	O55029
A6NDX5	P18841
A6NDX5	Q14766
A6NDX5	Q9BX66
A6NDX5	O89026
A6NDX5	Q9NSI6
A6NDX5	Q4KUS2
A6NDX5	Q13884
A6NDX5	Q9Y6N8
A6NDX5	Q9UBF9
A6NDX5	D3ZN95
A6NDX5	NP_001164005
A6NDX5	Q3V3A1
A6NDX5	Q9Y2G4
A6NDX5	Q4LDE5
A6NDX5	Q3UC65
A6NDX5	Q8BZS9
A6NDX5	P33681
A6NDX5	Q91WP0
A6NDX5	P07358
A6NDX5	Q2VIQ3
A6NDX5	P49238
A6NDX5	Q14005
A6NDX5	Q9P2E7
A6NDX5	Q8K450
A6NDX5	Q9UNA0
A6NDX5	Q8VGB3
A6NDX5	Q8BTZ5
A6NDX5	Q76K24
A6NDX5	Q5T9A4
A6NDX5	O60229
A6NDX5	A5I9F0
A6NDX5	D3ZZK3
A6NDX5	Q03137
A6NDX5	Q3SXM0
A6NDX5	P20036
A6NDX5	P53767
A6NDX5	Q15695
A6NDX5	Q8IXE1
A6NDX5	Q8NGM9
A6NDX5	Q63369
A6NDX5	Q7TNM2
A6NDX5	A0A0G2JXN2
A6NDX5	A2ALK6
A6NDX5	Q9H2D6
A6NDX5	Q9Y2I9
A6NDX5	Q9D394
A6NDX5	Q9BX66-3
A6NDX5	Q03719
A6NDX5	Q4JFV9
A6NDX5	Q9NPG8
A6NDX5	Q5SSM3
A6NDX5	D4ACB1
A6NDX5	Q9Z0I6
A6NDX5	F1M9Y9
A6NDX5	Q9WVB0-2
A6NDX5	Q9H161
A6NDX5	Q9ESC1
A6NDX5	Q8BWY2
A6NDX5	Q96PE1
A6NDX5	Q6BCY4
A6NDX5	D4AA13
A6NDX5	P31721
A6NDX5	Q9D9T8
A6NDX5	Q9D853
A6NDX5	Q15619
A6NDX5	B0LT89
A6NDX5	Q6UWE0
A6NDX5	Q693B1
A6NDX5	Q6P5Q4
A6NDX5	P11030
A6NDX5	Q8IUZ0
A6NDX5	Q8BLK3
A6NDX5	Q8VCK5
A6NDX5	P98175-5
A6NDX5	Q5VVX9
A6NDX5	Q60895
A6NDX5	Q8N8B7
A6NDX5	P29460
A6NDX5	Q8C0W0
A6NDX5	Q9UL59
A6NDX5	F1LZW2
A6NDX5	Q811P8
A6NDX5	Q9WV84
A6NDX5	Q8BZZ3
A6NDX5	Q7KZI7-4
A6NDX5	P47879
A6NDX5	Q8NGY1
A6NDX5	NP_604462
A6NDX5	Q1WWJ5
A6NDX5	Q3U288
A6NDX5	Q5K2P8
A6NDX5	Q9D6X6
A6NDX5	Q8NGG6
A6NDX5	O15016
A6NDX5	Q9Y334
A6NDX5	Q9D1M0
A6NDX5	Q5XFW8
A6NDX5	Q2WGJ9
A6NDX5	Q9H4Q3
A6NDX5	Q922X9
A6NDX5	P58215
A6NDX5	Q9H4S2
A6NDX5	YP_009725308
A6NDX5	NP_828870
A6NDX5	B4E030
A6NDX5	Q5HZG9
A6NDX5	Q3KP31
A6NDX5	A6NCF5
A6NDX5	Q8C0M0-3
A6NDX5	G3UYU0
A6NDX5	Q6P8X6
A6NDX5	Q6P3X8
A6NDX5	Q7Z713
A6NDX5	D4ABB8
A6NDX5	Q9UPU5
A6NDX5	Q8WX94-2
A6NDX5	Q9DCP2
A6NDX5	Q8BFW4
A6NDX5	Q3V188
A6NDX5	B2RPY5
A6NDX5	Q92796-2
A6NDX5	A2BEF2
A6NDX5	Q8BS54
A6NDX5	Q8R1X0
A6NDX5	Q7Z7G0-4
A6NDX5	Q9H0T7
A6NDX5	D4A076
A6NDX5	Q8NGT2
A6NDX5	P08912
A6NDX5	Q9D868
A6NDX5	Q8BMS2
A6NDX5	P55249
A6NDX5	P49888
A6NDX5	P0DME0
A6NDX5	Q01844-4
A6NDX5	Q9NZL6-2
A6NDX5	Q8TDC3
A6NDX5	Q5RJI5
A6NDX5	K9N7C7
A6NDX5	Q8WTR8
A6NDX5	Q6ZNE9
A6NDX5	Q96H55
A6NDX5	Q7TRK1
A6NDX5	P21810
A6NDX5	F5GYI3
A6NDX5	Q96RL6
A6NDX5	O15519-2
A6NDX5	Q8N228
A6NDX5	P29590-11
A6NDX5	Q9UL54-2
A6NDX5	Q8C6Y6
A6NDX5	Q7TPS5-2
A6NDX5	Q86WI3
A6NDX5	Q3ZCU0
A6NDX5	O94823
A6NDX5	A6NK59
A6NDX5	Q9BXS0-2
A6NDX5	Q9D0S4
A6NDX5	A2ATD1
A6NDX5	Q9Y574-2
A6NDX5	Q6NSQ5
A6NDX5	D4ACI1
A6NDX5	Q8VFI3
A6NDX5	Q9BT76
A6NDX5	Q8BYN5
A6NDX5	P35281
A6NDX5	Q07266
A6NDX5	Q6PGB6-4
A6NDX5	M0R9D1
A6NDX5	P70521
A6NDX5	NP_001101553
A6NDX5	NP_001099525
A6NDX5	F1LZ38
A6NDX5	Q64604
A6NDX5	NP_001248333
A6NDX5	NP_001100705
A6NDX5	XP_006249547
A6NDX5	Q63678
A6NDX5	B2RZ14
A6NDX5	P29598
A6NDX5	Q924Y4
A6NDX5	Q9H4L5-2
A6NDX5	F1M567
A6NDX5	P05208
A6NDX5	F7ACR9
A6NDX5	Q9ET55
A6NDX5	A2IBE0
A6NDX5	O95716
A6NDX5	Q61955
A6NDX5	P30680
A6NDX5	P58465
A6NDX5	Q7RTY9
A6NDX5	Q8BGL1
A6NDX5	Q8VDQ1
A6NDX5	Q8C5N5
A6NDX5	Q8R511
A6NDX5	Q8VEX3
A6NDX5	Q568X9
A6NDX5	Q99N37
A6NDX5	Q8VFF6
A6NDX5	B2RYG5
A6NDX5	Q7TN83
A6NDX5	P78426
A6NDX5	Q925F4
A6NDX5	Q4V8E9
A6NDX5	Q08708
A6NDX5	ENSRNOP00000047109
A6NDX5	O77979
A6NDX5	Q3TYL0
A6NDX5	Q7TPM3
A6NDX5	Q9H930
A6NDX5	Q6P9G0
A6NDX5	B5DEN8
A6NDX5	Q6PCB0
A6NDX5	Q5XIR0
A6NDX5	Q96DX5
A6NDX5	O08524
A6NDX5	Q9UF47
A6NDX5	O88775
A6NDX5	Q3TJ22
A6NDX5	G3V7V2
A6NDX5	P12399
A6NDX5	O60858
A6NDX5	Q9CWS1
A6NDX5	Q5M929
A6NDX5	Q8BMY7
A6NDX5	Q9H3K6
A6NDX5	Q9NRW4-2
A6NDX5	P56718
A6NDX5	P0C0W8
A6NDX5	Q91ZE5
A6NDX5	Q812D1
A6NDX5	P45888
A6NDX5	XP_001059252
A6NDX5	Q9WTL2
A6NDX5	Q5QD23
A6NDX5	Q9UHX3
A6NDX5	Q8NGK9
A6NDX5	Q13607
A6NDX5	Q9H346
A6NDX5	K7N6B1
A6NDX5	Q8NGP2
A6NDX5	Q8NGW6
A6NDX5	P06315
A6NDX5	Q7TRN7
A6NDX5	Q8NHA6
A6NDX5	Q6H3X3
A6NDX5	Q8K087
A6NDX5	P0C629
A6NDX5	XP_001056317
A6NDX5	Q7L2R6
A6NDX5	A6NHJ4
A6NDX5	P06126
A6NDX5	Q6AW86
A6NDX5	Q61663
A6NDX5	Q3MJ62
A6NDX5	Q6BEB4
A6NDX5	O01382
A6NDX5	Q8CII0
A6NDX5	Q9QYY7
A6NDX5	Q8BHK2
A6NDX5	Q9JK00
A6NDX5	Q9BSW2
A6NDX5	Q9Y3A6
A6NDX5	Q4VBE7
A6NDX5	Q80Z64
A6NDX5	E9QJW1
A6NDX5	P42771-3
A6NDX5	D3YVI9
A6NDX5	Q09TK7
A6NDX5	AAF26669
A6NDX5	Q9WTI7-3
A6NDX5	Q7L099-3
A6NDX5	Q7KZI7-10
A6NDX5	Q3UHQ9
A6NDX5	Q5SV64
A6NDX5	Q9NPB3
A6NDX5	F5H284
A6NDX5	Q6UXG8
A6NDX5	O95819-5
A6NDX5	Q3UW26
A6NDX5	P21812
A6NDX5	Q96RF0-2
A6NDX5	Q6F5F2
A6NDX5	D4A488
A6NDX5	P01861
A6NDX5	Q3V3F6
A6NDX5	P51879
A6NDX5	P57790
A6NDX5	E9PW10
A6NDX5	Q9H489
A6NDX5	Q3UPR9
A6NDX5	Q3UMU9
A6NDX5	D3ZA46
A6NDX5	NP_001099454
A6NDX5	Q9Y5H5
A6NDX5	D4A303
A6NDX5	P80347
A6NDX5	O60504_VAR_055019
A6NDX5	XP_001487846
A6NDX5	Q8C2W3
A6NDX5	D4A2F2
A6NDX5	Q8R0S6
A6NDX5	E9PTE5
A6NDX5	A6JX65
A6NDX5	Q7TR17
A6NDX5	D3ZGE0
A6NDX5	Q7TQ86
A6NDX5	F1LM99
A6NDX5	B0BN00
A6NDX5	P43430
A6NDX5	D4AAK5
A6NDX5	Q14AZ4
A6NDX5	P54100
A6NDX5	Q6ZQ98
A6NDX5	D3Z8I0
A6NDX5	Q91Y11
A6NDX5	Q2M2I8-2
A6NDX5	G3V8T7
A6NDX5	Q8IZF7-2
A6NDX5	Q9JJ43-3
A6NDX5	O43251-9
A6NDX5	P98158
A6NDX5	P55009
A6NDX5	Q8CGN4-3
A6NDX5	Q92502-2
A6NDX5	Q5SV80
A6NDX5	F1LXV3
A6NDX5	Q99JT2
A6NDX5	D3ZSH7
A6NDX5	B2RUJ8
A6NDX5	G3UWZ0
A6NDX5	Q4G055
A6NDX5	Q4V9H5
A6NDX5	P22626-2
A6NDX5	B1WC91
A6NDX5	D3ZWP4
A6NDX5	O14924-2
A6NDX5	P07305-2
A6NDX5	Q6DN90-2
A6NDX5	NP_001178548
A6NDX5	Q7TRW7
A6NDX5	P21860-4
A6NDX5	Q9WVB9
A6NDX5	Q499M4
A6NDX5	Q15109-4
A6NDX5	D4A8V0
A6NDX5	M0R7K8
A6NDX5	P16070_VAR_030326
A6NDX5	P55068
A6NDX5	A9Z1Z3
A6NDX5	P53813
A6NDX5	D4ACL6
A6NDX5	Q8BYJ6-2
A6NDX5	Q9Y616-2
A6NDX5	Q9NPR2
A6NDX5	J3KNP4
A6NDX5	D3ZN10
A6NDX5	P49798-3
A6NDX5	Q5XHZ9
A6NDX5	P18583-10
A6NDX5	Q8IX01-3
A6NDX5	Q06481-2
A6NDX5	Q96N64-2
A6NDX5	NP_001177301
A6NDX5	Q7TRN3
A6NDX5	Q7TRX7
A6NDX5	Q9BWS9-2
A6NDX5	Q14031-2
A6NDX5	Q4L180-2
A6NDX5	D4A9F4
A6NDX5	Q676U5-2
A6NDX5	Q8BZW4
A6NDX5	Q13546-2
A6NDX5	O88279
A6NDX5	Q9UPN9-2
A6NDX5	D4AAR2
A6NDX5	G3V8X0
A6NDX5	NP_001000229
A6NDX5	D3ZFP4
A6NDX5	Q9GL10
A6NDX5	Q4LDF6
A6NDX5	Q9H8M2-6
A6NDX5	Q96JY6-3
A6NDX5	XP_002729860
A6NDX5	Q4KMP7-2
A6NDX5	Q15287-2
A6NDX5	Q99M28-2
A6NDX5	Q5T0N5-2
A6NDX5	P97738
A6NDX5	Q8N5Y2-2
A6NDX5	P01130-2
A6NDX5	Q92738-2
A6NDX5	Q9Y6I4-2
A6NDX5	Q16787-3
A6NDX5	Q9UIF8-2
A6NDX5	O60493-2
A6NDX5	Q5FVH0
A6NDX5	P01782
A6NDX5	A0A0G2K6K2
A6NDX5	P14437
A6NDX5	P01766
A6NDX5	P78310-4
A6NDX5	A0A0C4DH42
A6NDX5	Q8NHH9-2
A6NDX5	C0H5Y5
A6NDX5	Q2LKV2-2
A6NDX5	Q9NXL9-2
A6NDX5	P57737-3
A6NDX5	Q14574-2
A6NDX5	Q1LZ50
A6NDX5	P0DP07
A6NDX5	Q93062-4
A6NDX5	D3ZNY8
A6NDX5	P54725-3
A6NDX5	O95944-3
A6NDX5	Q96RT7-2
A6NDX5	F1N0L2
A6NDX5	E1BPM7
A6NDX5	P21675-9
A6NDX5	Q8C088-2
A6NDX5	F1MI60
A6NDX5	NP_001193510
A6NDX5	Q08050-3
A6NDX5	Q8NDX5-7
A6NDX5	P01624
A6NDX5	Q9HCH5-13
A6NDX5	Q14790-6
A6NDX5	Q9BY67-5
A6NDX5	P49748-3
A6NDX5	O35276
A6NDX5	Q9H2X3-5
A6NDX5	D4AA47
A6NDX5	B7SUM8
A6NDX5	Q5FVR0
A6NDX5	P0CC10
A6NDX5	A0A0B4J2F2
A6NDX5	A0A0A6YYI9
A6NDX5	Q03238
A6NDX5	D4ABL6
A6NDX5	P06768
A6NDX5	Q4V892
A6NDX5	P08689
A6NDX5	Q4V7F2
A6NDX5	D4A4Y9
A6NDX5	O35764
A6NDX5	Q2VWQ2
A6NDX5	P18615-3
A6NDX5	P55210-3
A6NDX5	P15509-7
A6NDX5	P78346-2
A6NDX5	Q9UPX0-2
A6NDX5	Q9UBX7-3
A6NDX5	O43581-3
A6NDX5	A0A075B6S2
A6NDX5	O75340-2
A6NDX5	Q15349-2
A6NDX5	Q8WUY3-3
A6NDX5	Q5NKN4
A6NDX5	A0A0A0MS03
A6NDX5	NP_001101789
A6NDX5	Q9D4V7
A6NDX5	D4A089
A6NDX5	Q9WU03-3
A6NDX5	F1M5F3
A6NDX5	O60573-2
A6NDX5	D3ZQI0
A6NDX5	P52435
A6NDX5	B2GUY8
A6NDX5	O95397
A6NDX5	D3Z9D2
A6NDX5	A0A075B6W5
A6NDX5	Q63630
A6NDX5	Q6GX84
A6NDX5	P35444
A6NDX5	P31246
A6NDX5	P23680
A6NDX5	Q6AXW1
A6NDX5	Q5M807
A6NDX5	O35445
A6NDX5	B5DEL1
A6NDX5	A0A1B0GX31
A6NDX5	Q5XI59
A6NDX5	A0A0G2JVB1
A6NDX5	A0A0C4DH36
A6NDX5	Q5BKD0
A6NDX5	O54766
A6NDX5	Q9R172
A6NDX5	P97616
A6NDX5	Q63661
A6NDX5	NP_001102141
A6NDX5	NP_001100879
A6NDX5	O54833
A6NDX5	Q30154
A6NDX5	NP_001380913
A6NDX5	O75923-3
A6NDX5	Q9UNL4
A6NDX5	Q8C0D7
A6NDX5	Q9H6Z9
A6NDX5	Q00954
A6NDX5	Q08624
A6NDX5	P10599
A6NDX5	O95714
A6NDX5	P49841
A6NDX5	P06730
A6NDX5	Q969F2
A6NDX5	Q7TMF2
A6NDX5	P70372
A6NDX5	B5DF91
A6NDX5	G3V928
A6NDX5	Q6DFY2
A6NDX5	P0DMS8
A6NDX5	F1LMY4
A6NDX5	F1M0F6
A6NDX5	NP_001178533
A6NDX5	A2ALW5
A6NDX5	Q6ZQJ5
A6NDX5	A6NC57
A6NDX5	A6NC57_VAR_A613T
A6NDX5	Q9JIX5
A6NDX5	Q6NY19
A6NDX5	NP_001101798
A6NDX5	A6NHA9
A6NDX5	P70507
A6NDX5	E9Q226
A6NDX5	Q01714
A6NDX5	XP_231161
A6NDX5	XP_239239
A6NDX5	Q6P5Z2
A6NDX5	XP_577204
A6NDX5	D3Z4T1
A6NDX5	Q63651
A6NDX5	Q9WVL4
A6NDX5	A8MTJ6
A6NDX5	Q9Y572
A6NDX5	P08922
A6NDX5	O94988
A6NDX5	Q9UMN6
A6NDX5	Q8K4B2
A6NDX5	Q15435
A6NDX5	Q8CGA0
A6NDX5	Q13480
A6NDX5	Q06806
A6NDX5	P51943
A6NDX5	Q99ML2
A6NDX5	P22681
A6NDX5	P11912
A6NDX5	Q9UQR0
A6NDX5	P51451
A6NDX5	P17480
A6NDX5	P23246
A6NDX5	P06494
A6NDX5	P16333
A6NDX5	Q93052
A6NDX5	P34968
A6NDX5	Q9QXT8
A6NDX5	Q68HB6
A6NDX5	E9Q2S0
A6NDX5	Q14444
A6NDX5	P70175
A6NDX5	Q62936
A6NDX5	Q9QYW1
A6NDX5	P30203
A6NDX5	Q9NTZ6
A6NDX5	O00487
A6NDX5	O35593
A6NDX5	Q4V8E2
A6NDX5	Q6PHZ5
A6NDX5	Q8NDT2
A6NDX5	P29590-4
A6NDX5	Q5HZG4
A6NDX5	Q8K2K6
A6NDX5	Q86YW5
A6NDX5	Q64008
A6NDX5	Q9CWH1
A6NDX5	Q6NXJ0
A6NDX5	F1MAL5
A6NDX5	Q9UKT5
A6NDX5	Q9DBM2
A6NDX5	Q9Y217
A6NDX5	P23683
A6NDX5	Q96MM3
A6NDX5	Q9ESE1
A6NDX5	Q9R062
A6NDX5	Q8VE11
A6NDX5	Q86SS6
A6NDX5	P36406
A6NDX5	Q99N80
A6NDX5	Q96L92
A6NDX5	P45952
A6NDX5	Q9H2H8
A6NDX5	P45452
A6NDX5	O14709
A6NDX5	P98171
A6NDX5	Q91W36
A6NDX5	Q9QY17
A6NDX5	Q92619
A6NDX5	Q8CG19
A6NDX5	O88470
A6NDX5	Q9Y2R2
A6NDX5	Q8CGF7
A6NDX5	Q9BY66
A6NDX5	Q9Y3C5
A6NDX5	Q9QYK7
A6NDX5	P0DTE4-1
A6NDX5	Q86UW9
A6NDX5	Q9BV36
A6NDX5	O43155
A6NDX5	A2AGL3
A6NDX5	P70569
A6NDX5	P70419
A6NDX5	Q9Y493
A6NDX5	P61006
A6NDX5	P20339
A6NDX5	Q91WM3
A6NDX5	P43378
A6NDX5	Q6DVA0
A6NDX5	Q9HAR2
A6NDX5	Q6DFV3
A6NDX5	O70230
A6NDX5	Q5XIU2
A6NDX5	Q8BI72
A6NDX5	Q8IZP9
A6NDX5	Q86YR6
A6NDX5	Q13472
A6NDX5	Q8TE59
A6NDX5	O95696
A6NDX5	Q99MY8
A6NDX5	Q6P1D7
A6NDX5	P61020
A6NDX5	P61021
A6NDX5	Q92575
A6NDX5	Q7TPV2
A6NDX5	Q5W0B1
A6NDX5	Q6P158
A6NDX5	Q66H94
A6NDX5	Q9H244
A6NDX5	Q9WV87
A6NDX5	O60812
A6NDX5	Q8IZ02
A6NDX5	Q9JKQ4
A6NDX5	Q8N539
A6NDX5	Q3TY93
A6NDX5	Q16880
A6NDX5	Q9Y216
A6NDX5	Q8NF99
A6NDX5	Q9H8M9
A6NDX5	Q9Y2D9
A6NDX5	Q8BI67
A6NDX5	Q8VH00
A6NDX5	Q8VH08
A6NDX5	Q9H0D2
A6NDX5	Q6NX45
A6NDX5	Q9BYH8
A6NDX5	Q8R4D5
A6NDX5	Q8C4G9
A6NDX5	Q9JL60
A6NDX5	Q8TC20
A6NDX5	Q6NT32
A6NDX5	Q8BIY1
A6NDX5	Q8BL03
A6NDX5	Q9NZQ9
A6NDX5	Q5VT97
A6NDX5	Q80TI1
A6NDX5	Q6ZNA4
A6NDX5	Q9GZU5
A6NDX5	P00568
A6NDX5	Q96I34
A6NDX5	O75325
A6NDX5	Q6GQU2
A6NDX5	Q8N720
A6NDX5	O08576
A6NDX5	Q8BU00
A6NDX5	Q8NFH4
A6NDX5	Q96NM4
A6NDX5	Q96SI9
A6NDX5	Q7TN16
A6NDX5	Q13608
A6NDX5	Q13011
A6NDX5	Q8C0L9
A6NDX5	Q3UH53
A6NDX5	Q61139
A6NDX5	Q9Y473
A6NDX5	Q9UJW7
A6NDX5	Q8R079
A6NDX5	Q6P3V2
A6NDX5	Q7TS68
A6NDX5	P78364
A6NDX5	O08710
A6NDX5	Q8BM92
A6NDX5	Q8BZX4
A6NDX5	O14529
A6NDX5	Q3ZCT1
A6NDX5	O35206
A6NDX5	Q02978
A6NDX5	Q3UW68
A6NDX5	Q63HN8
A6NDX5	Q9H1E5
A6NDX5	P48740
A6NDX5	G3UVV3
A6NDX5	Q6GQT0
A6NDX5	Q9H0Z9
A6NDX5	P35583
A6NDX5	Q8N136
A6NDX5	A0A8I6AVA8
A6NDX5	Q5SX79
A6NDX5	Q2M3G4
A6NDX5	P49619
A6NDX5	O94779
A6NDX5	Q8IY33
A6NDX5	Q9UHI8
A6NDX5	Q80UQ2
A6NDX5	Q6KAU7
A6NDX5	P42166
A6NDX5	P97443
A6NDX5	Q8BMQ3
A6NDX5	O60939
A6NDX5	O76038
A6NDX5	P97473
A6NDX5	Q8NGG3
A6NDX5	Q9Y2I1
A6NDX5	O70624
A6NDX5	Q96G46
A6NDX5	P70194
A6NDX5	Q6P6L5
A6NDX5	Q9CZW5
A6NDX5	Q8TDI0
A6NDX5	Q6PB97
A6NDX5	Q64012
A6NDX5	Q8BML1
A6NDX5	P70704
A6NDX5	Q925Q9
A6NDX5	P60903
A6NDX5	O55005
A6NDX5	Q64326
A6NDX5	Q8CGZ0
A6NDX5	Q9Z2I4
A6NDX5	Q01776
A6NDX5	O54829
A6NDX5	O14641
A6NDX5	P35228
A6NDX5	Q62217
A6NDX5	P50481
A6NDX5	Q6NVE5
A6NDX5	Q9HAW8
A6NDX5	P45974
A6NDX5	P37275
A6NDX5	Q5T1M5
A6NDX5	P48961
A6NDX5	P17706-2
A6NDX5	P32238
A6NDX5	Q99PP9
A6NDX5	Q96KP1
A6NDX5	Q14687
A6NDX5	Q9WTK5
A6NDX5	Q96Q40
A6NDX5	Q7TT52
A6NDX5	P25025
A6NDX5	Q59H18
A6NDX5	Q5XIQ4
A6NDX5	P15865
A6NDX5	Q9WVR3
A6NDX5	Q6ZVM7
A6NDX5	Q8BUH7
A6NDX5	Q80X90
A6NDX5	Q9D9B4
A6NDX5	P46938
A6NDX5	O88811
A6NDX5	O43930
A6NDX5	Q96NX5
A6NDX5	Q60676
A6NDX5	P53042
A6NDX5	P41231
A6NDX5	P51432
A6NDX5	P51813
A6NDX5	Q8BPM2
A6NDX5	O35099
A6NDX5	Q99LG0
A6NDX5	O88866
A6NDX5	Q9BZL6
A6NDX5	Q9DB30
A6NDX5	P97496
A6NDX5	Q02496
A6NDX5	P51957
A6NDX5	Q05655
A6NDX5	Q9UBS0
A6NDX5	P11799
A6NDX5	P54763
A6NDX5	Q9WVS4
A6NDX5	P05067
A6NDX5	P97377
A6NDX5	Q13163
A6NDX5	Q96S53
A6NDX5	Q92569
A6NDX5	Q13671
A6NDX5	O75916-3
A6NDX5	Q9WUI1
A6NDX5	O54748
A6NDX5	P48193
A6NDX5	O70405
A6NDX5	Q04931
A6NDX5	Q9C026
A6NDX5	P28222
A6NDX5	P12023-2
A6NDX5	Q63570
A6NDX5	P54775
A6NDX5	P56915
A6NDX5	P69566
A6NDX5	Q6PB93
A6NDX5	Q63495
A6NDX5	Q9NPB6
A6NDX5	P50114
A6NDX5	ENSRNOP00000061092
A6NDX5	D4A9P0
A6NDX5	M0R3Y0
A6NDX5	Q13425
A6NDX5	S4R1M9
A6NDX5	Q00609
A6NDX5	Q7TSY6
A6NDX5	Q9BZC1
A6NDX5	Q8BH35
A6NDX5	Q9Z0D9
A6NDX5	Q9R001
A6NDX5	Q8N8U2
A6NDX5	A2RUC4
A6NDX5	Q9NR81
A6NDX5	P97924
A6NDX5	D3ZZ44
A6NDX5	F1M1G5
A6NDX5	Q5DTY9
A6NDX5	Q9NWT6
A6NDX5	Q8IV35
A6NDX5	P13747
A6NDX5	P00738
A6NDX5	Q8NBB4
A6NDX5	Q9H255
A6NDX5	Q8NGG4
A6NDX5	Q7Z4K8
A6NDX5	Q9HAD4
A6NDX5	ENSMUSP00000122675
A6NDX5	Q9HAP6
A6NDX5	Q6QI71
A6NDX5	Q8N4G2
A6NDX5	Q9D6H5
A6NDX5	Q8N7B9
A6NDX5	Q86VD7
A6NDX5	NP_001102632
A6NDX5	XP_219319
A6NDX5	XP_001053279
A6NDX5	Q8NGQ6
A6NDX5	D3ZZ24
A6NDX5	Q93062
A6NDX5	Q9UP79
A6NDX5	O35137
A6NDX5	O43903
A6NDX5	Q9ULM6
A6NDX5	O43374
A6NDX5	P53634
A6NDX5	Q05096
A6NDX5	Q3KNK3
A6NDX5	P78396
A6NDX5	D3ZYC9
A6NDX5	O15344
A6NDX5	Q9Y6Q6
A6NDX5	Q69ZB3
A6NDX5	Q9BYJ9
A6NDX5	Q96EP0
A6NDX5	Q8BGZ1
A6NDX5	Q9UM19
A6NDX5	Q80ZI6
A6NDX5	Q80U62-3
A6NDX5	Q8K485
A6NDX5	Q3UHZ5
A6NDX5	Q08397
A6NDX5	P05976
A6NDX5	Q91YK0
A6NDX5	Q9NXS3
A6NDX5	Q9NTI2
A6NDX5	Q8VCC2
A6NDX5	Q9Y5G4
A6NDX5	P43432
A6NDX5	Q2QGD7
A6NDX5	Q5T890
A6NDX5	Q9Y3M9
A6NDX5	E9PWW9
A6NDX5	Q3UYG8
A6NDX5	B2RRA8
A6NDX5	E9PUA3
A6NDX5	NP_001019928
A6NDX5	P27448-6
A6NDX5	P22692
A6NDX5	Q8NGC7
A6NDX5	Q9Y2P7
A6NDX5	Q8TB69
A6NDX5	Q8TCW7
A6NDX5	Q86XS5
A6NDX5	Q8TBZ5
A6NDX5	Q7TRE6
A6NDX5	Q9JHA8
A6NDX5	E9PZZ1
A6NDX5	Q9Z175
A6NDX5	P31315
A6NDX5	Q8N883
A6NDX5	Q9UJW2
A6NDX5	Q9UBX5
A6NDX5	Q497V9
A6NDX5	Q7Z7H8
A6NDX5	Q7Z3I7
A6NDX5	Q5SQS7
A6NDX5	Q8NCU7
A6NDX5	O55047-2
A6NDX5	P20917-2
A6NDX5	D3Z9G0
A6NDX5	XP_227403
A6NDX5	Q6JVE5
A6NDX5	Q569N2
A6NDX5	P98195
A6NDX5	O43861-2
A6NDX5	Q8BH70
A6NDX5	Q8C142
A6NDX5	XP_001076610
A6NDX5	A8MYV0
A6NDX5	Q9UIL8
A6NDX5	E9Q1Q1
A6NDX5	Q99624
A6NDX5	Q3V3G7
A6NDX5	Q6U7R4
A6NDX5	Q66T02
A6NDX5	P32443
A6NDX5	P39020
A6NDX5	Q6IMI6
A6NDX5	Q8N6U8
A6NDX5	P43687
A6NDX5	Q9P2K3-2
A6NDX5	Q9QZ18
A6NDX5	O75676-2
A6NDX5	Q96L03
A6NDX5	Q8NGC6
A6NDX5	Q7Z3E1
A6NDX5	Q14643-3
A6NDX5	P31249
A6NDX5	E7BSV0
A6NDX5	Q00690
A6NDX5	O54901
A6NDX5	Q80US4
A6NDX5	P49891
A6NDX5	Q99MS7-2
A6NDX5	Q5UKY4
A6NDX5	O15552
A6NDX5	O54743
A6NDX5	Q9BX59
A6NDX5	K9N638
A6NDX5	Q3UQ22
A6NDX5	Q2M3X9
A6NDX5	P28653
A6NDX5	P47853
A6NDX5	G3UW59
A6NDX5	A2VCK2
A6NDX5	Q8NGT9
A6NDX5	Q8N4W9
A6NDX5	Q80TU0
A6NDX5	Q6ZN06
A6NDX5	Q8N2K1
A6NDX5	A2ASQ1
A6NDX5	P23468-5
A6NDX5	A0A096LNH2
A6NDX5	Q9H6S0
A6NDX5	Q9NRE1
A6NDX5	Q8BLI0
A6NDX5	Q5DU31-2
A6NDX5	P46093
A6NDX5	Q91ZF2
A6NDX5	Q99P50
A6NDX5	O08725
A6NDX5	P30626-2
A6NDX5	Q9BR09
A6NDX5	Q86T29
A6NDX5	B1AKI9
A6NDX5	P98198-3
A6NDX5	P25815
A6NDX5	P62823
A6NDX5	P62824
A6NDX5	P06339
A6NDX5	P47861
A6NDX5	Q62770
A6NDX5	P55850-2
A6NDX5	P13591-1
A6NDX5	M0RDG9
A6NDX5	D3ZUR6
A6NDX5	XP_001081723
A6NDX5	D3ZZT9
A6NDX5	XP_001065149
A6NDX5	D4ACD3
A6NDX5	D3ZRF0
A6NDX5	D3ZTJ7
A6NDX5	XP_001064937
A6NDX5	D3ZMS4
A6NDX5	Q9ERQ6
A6NDX5	Q63569
A6NDX5	Q14289-2
A6NDX5	P00774
A6NDX5	P15947
A6NDX5	Q4KM38
A6NDX5	P35276
A6NDX5	Q7TQT4
A6NDX5	P09668
A6NDX5	P0C025
A6NDX5	P33533
A6NDX5	P97603
A6NDX5	D3ZL48
A6NDX5	A0FGR9
A6NDX5	Q6UL01
A6NDX5	Q86WC6
A6NDX5	Q99MA9
A6NDX5	O35762
A6NDX5	XP_236596
A6NDX5	P63047
A6NDX5	P63046
A6NDX5	Q4KLZ3
A6NDX5	Q9JII5-2
A6NDX5	Q9HAE3
A6NDX5	D3ZVC4
A6NDX5	P26453
A6NDX5	Q7TSN2
A6NDX5	P28564
A6NDX5	P18519
A6NDX5	Q9WV59
A6NDX5	Q99909
A6NDX5	Q9HCF6-3
A6NDX5	D3ZKF3
A6NDX5	Q8R2Z5
A6NDX5	Q6YGU2
A6NDX5	P12843
A6NDX5	F1MB93
A6NDX5	Q9CQ94
A6NDX5	Q9TQ69
A6NDX5	Q7M6Z0
A6NDX5	Q3MHY7
A6NDX5	Q9CYB0
A6NDX5	Q9NYG5
A6NDX5	Q9Z2H4
A6NDX5	Q5RJL8
A6NDX5	Q63099
A6NDX5	Q5M9F4
A6NDX5	NP_733023
A6NDX5	Q91Z61
A6NDX5	Q8VFR3
A6NDX5	P0C604
A6NDX5	Q8VGW2
A6NDX5	Q9H341
A6NDX5	Q8NGG1
A6NDX5	E9Q0M4
A6NDX5	Q96R72
A6NDX5	Q9GZK4
A6NDX5	Q9Y5W5
A6NDX5	Q8TDT2
A6NDX5	Q921E6-2
A6NDX5	Q8NGI1
A6NDX5	P01135
A6NDX5	Q9P2W3
A6NDX5	A6NJG6
A6NDX5	Q3KNW1
A6NDX5	Q8N8H1
A6NDX5	A8MT65
A6NDX5	P56945-6
A6NDX5	Q6ZMS4
A6NDX5	Q6ZMS4-2
A6NDX5	O15522
A6NDX5	Q9JHX2
A6NDX5	O02002
A6NDX5	Q9Y4A8
A6NDX5	Q13360
A6NDX5	Q9P0W2
A6NDX5	XP_006513193
A6NDX5	Q9CXE7
A6NDX5	NP_083743
A6NDX5	Q9JHY3
A6NDX5	Q80T91-4
A6NDX5	G3UWA8
A6NDX5	P15473
A6NDX5	Q9JL74
A6NDX5	Q9UQ88-10
A6NDX5	O60259-2
A6NDX5	Q9CPN9
A6NDX5	Q9JLK4
A6NDX5	O75061-2
A6NDX5	Q8VFQ4
A6NDX5	P32442
A6NDX5	Q8R526
A6NDX5	Q92527
A6NDX5	B2RYH5
A6NDX5	P01871
A6NDX5	Q53RD9
A6NDX5	Q8N145
A6NDX5	O42043
A6NDX5	Q6UY11
A6NDX5	Q96T75
A6NDX5	P05452
A6NDX5	P30957
A6NDX5	Q68G75
A6NDX5	Q00547_VAR_N55S
A6NDX5	Q00547
A6NDX5	A1L1J6
A6NDX5	D3ZTV7
A6NDX5	P63035
A6NDX5	P63034
A6NDX5	Q16836-3
A6NDX5	Q16643-3
A6NDX5	Q5MYX0
A6NDX5	B5DEZ0
A6NDX5	Q14AE4
A6NDX5	Q91XG5
A6NDX5	Q9JHY4
A6NDX5	Q7TR58
A6NDX5	Q9Y2K2
A6NDX5	P51991-2
A6NDX5	D3ZTZ6
A6NDX5	Q96T23-2
A6NDX5	P97594
A6NDX5	Q5PQL6
A6NDX5	Q7TQW3
A6NDX5	G5E8K3
A6NDX5	D3ZDZ1
A6NDX5	XP_003086877
A6NDX5	Q3V1X2
A6NDX5	D3ZPQ4
A6NDX5	P0DMR6
A6NDX5	D3ZAP7
A6NDX5	Q96JP9-2
A6NDX5	Q8CDN0
A6NDX5	P53996-2
A6NDX5	P62633-2
A6NDX5	Q9NR81-2
A6NDX5	D4A1F2-5
A6NDX5	P55054
A6NDX5	Q2PQA9
A6NDX5	Q5FVJ0
A6NDX5	Q7L099
A6NDX5	O54960
A6NDX5	Q9JJM7
A6NDX5	Q6R556
A6NDX5	Q9BYV2-2
A6NDX5	M0R685
A6NDX5	Q9EQZ6-3
A6NDX5	F1M5M3
A6NDX5	D3ZKG9
A6NDX5	P0C7X2-5
A6NDX5	E9Q8T4
A6NDX5	B1VKB4
A6NDX5	D3Z9Z9
A6NDX5	D3ZVQ1
A6NDX5	B4F7F1
A6NDX5	Q66HF7
A6NDX5	Q00536-2
A6NDX5	Q8IWZ3-2
A6NDX5	Q66H79
A6NDX5	Q6ZVD8-3
A6NDX5	A1L130
A6NDX5	Q9UNL4-4
A6NDX5	Q9WUD2
A6NDX5	XP_002695699
A6NDX5	O35767
A6NDX5	Q8TE67-2
A6NDX5	Q5RJK8
A6NDX5	P63014
A6NDX5	P63013
A6NDX5	P54821
A6NDX5	P97557
A6NDX5	Q8BZN2
A6NDX5	Q8N7B6-2
A6NDX5	D3ZZ61
A6NDX5	D3ZE21
A6NDX5	Q5U307
A6NDX5	Q96HA7-2
A6NDX5	D3ZL11
A6NDX5	F1LWZ3
A6NDX5	Q96JA3_VAR_E498K
A6NDX5	Q96JA3
A6NDX5	P0C5J9
A6NDX5	Q6IN97
A6NDX5	F1LTJ8
A6NDX5	Q6XLI7
A6NDX5	P02696
A6NDX5	P51610-2
A6NDX5	Q9EQP5
A6NDX5	Q8VFP9
A6NDX5	Q9BV68-2
A6NDX5	Q9BV68
A6NDX5	Q6Q8B3
A6NDX5	A1A5R1
A6NDX5	D4A529
A6NDX5	P61956-2
A6NDX5	Q15262-2
A6NDX5	Q08257-3
A6NDX5	D3YVV3
A6NDX5	D3ZFR4
A6NDX5	P0DMP2
A6NDX5	Q9H165-2
A6NDX5	Q8N0S6-2
A6NDX5	P42684-2
A6NDX5	Q05513-3
A6NDX5	Q8IZF2-2
A6NDX5	D3ZD44
A6NDX5	P15620
A6NDX5	F1LR77
A6NDX5	Q9UNA1-2
A6NDX5	D3ZMD3
A6NDX5	Q8VFC4
A6NDX5	Q7TQZ9
A6NDX5	Q8VG09
A6NDX5	Q5XG73-3
A6NDX5	O15165-6
A6NDX5	Q5XIS7
A6NDX5	Q9UPP1-2
A6NDX5	Q9H4A3-2
A6NDX5	P61160-2
A6NDX5	P36511
A6NDX5	Q13554-8
A6NDX5	P01130-3
A6NDX5	Q93008-3
A6NDX5	D3ZJH2
A6NDX5	Q15811-2
A6NDX5	Q92993-3
A6NDX5	Q9H981-2
A6NDX5	Q9HC78-2
A6NDX5	O60493-3
A6NDX5	NP_001101720
A6NDX5	Q6IR41
A6NDX5	Q8NCE2-2
A6NDX5	A8MPX8
A6NDX5	P97792-2
A6NDX5	Q9UHN6-2
A6NDX5	P04430
A6NDX5	Q69ZM6-2
A6NDX5	P14483
A6NDX5	P01768
A6NDX5	P0DP03
A6NDX5	P78310-5
A6NDX5	A0A0B4J1Y9
A6NDX5	A4FU49-6
A6NDX5	Q9NXL9-4
A6NDX5	P57737-2
A6NDX5	Q7Z7C8-4
A6NDX5	D3ZZI6
A6NDX5	Q04743-2
A6NDX5	A0A087WSY4
A6NDX5	Q93062-5
A6NDX5	P39949
A6NDX5	Q6NXG1-3
A6NDX5	O95944-2
A6NDX5	O95425-3
A6NDX5	Q96RT7-3
A6NDX5	F1MBQ2
A6NDX5	Q27991
A6NDX5	Q9UKZ4-2
A6NDX5	P51148-2
A6NDX5	P01700
A6NDX5	P22607-2
A6NDX5	Q8N3J6-3
A6NDX5	Q86U86-4
A6NDX5	Q1HAQ0
A6NDX5	Q498U3
A6NDX5	D3ZZW6
A6NDX5	NP_001103035
A6NDX5	Q6XUX2
A6NDX5	P19637
A6NDX5	Q8CFM6
A6NDX5	Q15811-7
A6NDX5	A0A087WV62
A6NDX5	P70490
A6NDX5	Q69AB1
A6NDX5	D3ZBI5
A6NDX5	Q8CHN3
A6NDX5	Q6PHR2-3
A6NDX5	Q76M96-2
A6NDX5	Q6NYC1-3
A6NDX5	Q9UPW5-3
A6NDX5	Q07699-2
A6NDX5	Q5QGZ9-1
A6NDX5	P61578
A6NDX5	P01619
A6NDX5	Q6UXG2-4
A6NDX5	Q9UK32-2
A6NDX5	Q12982-2
A6NDX5	P49889
A6NDX5	Q4V8Q2
A6NDX5	A0A0A0MS05
A6NDX5	D3ZFL3
A6NDX5	Q91V48
A6NDX5	F1LV21
A6NDX5	NP_001244278
A6NDX5	P98064-2
A6NDX5	P97607
A6NDX5	NP_077326
A6NDX5	G3V660
A6NDX5	D3ZWP8
A6NDX5	Q9Z0M0
A6NDX5	D3ZIL6
A6NDX5	D3Z980
A6NDX5	P11032-2
A6NDX5	A0A0B4J264
A6NDX5	D3Z8Q6
A6NDX5	Q642B2
A6NDX5	P56517
A6NDX5	P52757-9
A6NDX5	A0A584
A6NDX5	Q63514
A6NDX5	Q6AYH3
A6NDX5	Q80YN4
A6NDX5	Q8R523
A6NDX5	Q62769
A6NDX5	P0DSP1
A6NDX5	P70610
A6NDX5	D3ZKF5
A6NDX5	A0A075B6I7
A6NDX5	Q9QZM6
A6NDX5	XP_038940779
A6NDX5	NP_001381972
A6NDX5	NP_001178023
A6NDX5	A2IBE2
A6NDX5	XP_038954178
A6NDX5	Q8TF21-2
A6NDX5	Q05707-2
A6NDX5	Q86TV6-2
A6NDX5	P02751-13
A6NDX5	Q9UIS9-12
A6NDX5	Q13409-6
A6NDX5	A0A0G2K8R7
A6NDX5	M0R5V5
A6NDX5	P35293
A6NDX5	Q9NP72
A6NDX5	Q9GZV1
A6NDX5	Q4U2R1
A6NDX5	Q15759
A6NDX5	Q8NGJ0
A6NDX5	Q8K2P6
A6NDX5	P02253
A6NDX5	Q9BSH5
A6NDX5	Q9H596
A6NDX5	Q9JJ78
A6NDX5	P05362
A6NDX5	P0CG24
A6NDX5	NP_001099736
A6NDX5	Q9CWE0
A6NDX5	Q920M5
A6NDX5	D3ZSX8
A6NDX5	XP_235552
A6NDX5	D3ZWQ5
A6NDX5	P0C5E4
A6NDX5	XP_222260
A6NDX5	XP_017449309
A6NDX5	M0RBK3
A6NDX5	NP_001381640
A6NDX5	Q6ZSR9
A6NDX5	O70291
A6NDX5	Q7TSZ8
A6NDX5	D4ABT8
A6NDX5	P08047
A6NDX5	Q14C86
A6NDX5	O75678
A6NDX5	Q8K1Y2
A6NDX5	O60674
A6NDX5	O70521
A6NDX5	O75582
A6NDX5	P58801
A6NDX5	Q9WTQ1
A6NDX5	P34925
A6NDX5	P24864
A6NDX5	Q9Y5T5
A6NDX5	Q9Y616
A6NDX5	Q9UNN8
A6NDX5	Q9JLY7
A6NDX5	Q9WVH4
A6NDX5	P35590
A6NDX5	P20248
A6NDX5	Q13470
A6NDX5	Q6P6U0
A6NDX5	P70424
A6NDX5	Q29122
A6NDX5	P21462
A6NDX5	Q86TI0
A6NDX5	Q60790
A6NDX5	P31323
A6NDX5	O89109
A6NDX5	Q9ESN9-2
A6NDX5	Q92625
A6NDX5	Q99590
A6NDX5	Q8BIF9
A6NDX5	Q62733
A6NDX5	Q69ZW3
A6NDX5	Q9EQU5-2
A6NDX5	P52594
A6NDX5	Q9BZG1
A6NDX5	Q9Y6D6
A6NDX5	Q96BR9
A6NDX5	Q6AWC2
A6NDX5	P81122
A6NDX5	Q8BGZ4
A6NDX5	P49640
A6NDX5	Q9WUB0
A6NDX5	P49685
A6NDX5	Q3USJ8
A6NDX5	P46976
A6NDX5	Q9QZK2
A6NDX5	O75581
A6NDX5	P55317
A6NDX5	O60610
A6NDX5	P12111
A6NDX5	Q6ZPQ6
A6NDX5	Q9QYP1
A6NDX5	XP_001076082
A6NDX5	Q5SYD0
A6NDX5	Q6AY25
A6NDX5	C9JJH3
A6NDX5	Q92562
A6NDX5	P50544
A6NDX5	P11310
A6NDX5	P23352
A6NDX5	O60347
A6NDX5	Q9C0A1
A6NDX5	Q7L5A8
A6NDX5	Q8TA94
A6NDX5	Q7RTT5
A6NDX5	Q06730
A6NDX5	Q96L73
A6NDX5	Q5BK59
A6NDX5	Q9Y6I4
A6NDX5	Q8N4C6
A6NDX5	Q9WVE8
A6NDX5	Q9DBL2
A6NDX5	Q148W0
A6NDX5	P58012
A6NDX5	Q6NXM6
A6NDX5	Q9R1Y5
A6NDX5	P18111
A6NDX5	Q5DU37
A6NDX5	P97401
A6NDX5	Q922T2
A6NDX5	Q9D7B1
A6NDX5	NP_001164071
A6NDX5	Q61292
A6NDX5	P51141
A6NDX5	Q9WVB2
A6NDX5	Q9ULV0
A6NDX5	Q9JLZ8
A6NDX5	P16519
A6NDX5	Q9WUR2
A6NDX5	Q9EP69
A6NDX5	Q8NC56
A6NDX5	Q9EP71
A6NDX5	Q5VW22
A6NDX5	Q7TQH7
A6NDX5	Q5T5U3
A6NDX5	P52747
A6NDX5	Q9NXV6
A6NDX5	Q9JM90
A6NDX5	P31273
A6NDX5	P09025
A6NDX5	Q6PFD6
A6NDX5	Q8IY92
A6NDX5	Q9CQD1
A6NDX5	M0RC99
A6NDX5	Q9ER65
A6NDX5	Q86Y13
A6NDX5	O95302
A6NDX5	P78411
A6NDX5	Q96JK4
A6NDX5	Q8K558-2
A6NDX5	Q8IWZ3
A6NDX5	Q8K1S3
A6NDX5	Q3U5C7
A6NDX5	Q9NYW8
A6NDX5	Q9QXA7
A6NDX5	P81067
A6NDX5	Q15389
A6NDX5	Q8BIA4
A6NDX5	Q969J2
A6NDX5	Q8VC52
A6NDX5	A2RSQ0
A6NDX5	Q8N807
A6NDX5	Q8BXA7
A6NDX5	Q8WTR7
A6NDX5	Q8NGI0
A6NDX5	Q8NGN3
A6NDX5	Q8IYI8
A6NDX5	Q68DY9
A6NDX5	Q86SQ6-1
A6NDX5	Q9Y692
A6NDX5	Q8CDU5
A6NDX5	Q8N8R3
A6NDX5	Q9GZN2
A6NDX5	Q8BHC0
A6NDX5	Q96PQ7
A6NDX5	Q9ULM0
A6NDX5	Q62507
A6NDX5	Q9CRB2
A6NDX5	Q8BL65
A6NDX5	Q570Y9
A6NDX5	P97864
A6NDX5	Q8NBE8
A6NDX5	Q70HW3
A6NDX5	Q9JKD9
A6NDX5	P17040
A6NDX5	Q9H5V7
A6NDX5	Q9C029
A6NDX5	Q8N769
A6NDX5	Q8CJ53
A6NDX5	Q8TF44
A6NDX5	Q8R164
A6NDX5	P60882
A6NDX5	O43361
A6NDX5	Q62556
A6NDX5	Q00688
A6NDX5	Q7Z5N4
A6NDX5	Q16549
A6NDX5	Q9NY28
A6NDX5	Q9NZS9
A6NDX5	Q99LF7
A6NDX5	Q9Z0J1
A6NDX5	Q8TEA1
A6NDX5	P01266
A6NDX5	P50462
A6NDX5	Q9ULB5
A6NDX5	Q8WXA9
A6NDX5	P56203
A6NDX5	Q4LFA9
A6NDX5	P17141
A6NDX5	Q8CJH3
A6NDX5	P39059
A6NDX5	Q8BGB5
A6NDX5	Q9WTP5
A6NDX5	Q63315
A6NDX5	Q6P3R8
A6NDX5	Q8VIG6
A6NDX5	Q6SJQ7
A6NDX5	Q2KJY2
A6NDX5	Q9UNH5
A6NDX5	Q9Y261
A6NDX5	Q10738
A6NDX5	Q4VA61
A6NDX5	B1AR09
A6NDX5	Q80WE4
A6NDX5	O54929
A6NDX5	Q8IZC7
A6NDX5	O75150
A6NDX5	Q07283
A6NDX5	P52734
A6NDX5	Q6ZTQ3
A6NDX5	Q9WU60
A6NDX5	Q8NB12
A6NDX5	A4FU01
A6NDX5	Q80VI1
A6NDX5	Q12836
A6NDX5	Q86YZ3
A6NDX5	Q15633
A6NDX5	Q7TQS1
A6NDX5	Q99972
A6NDX5	Q8N1N0
A6NDX5	P61019
A6NDX5	Q00872
A6NDX5	O94826
A6NDX5	Q9Z2Z6
A6NDX5	Q969H4
A6NDX5	Q69ZS0
A6NDX5	Q6PCT2
A6NDX5	Q9UKM9
A6NDX5	Q7TPK6
A6NDX5	Q8R550
A6NDX5	Q8BGS1
A6NDX5	Q01718
A6NDX5	Q8IWX8
A6NDX5	Q96MS0
A6NDX5	Q9DBP5
A6NDX5	P49802
A6NDX5	Q8K0E1
A6NDX5	B5DF44
A6NDX5	Q01705
A6NDX5	Q2HWF0
A6NDX5	Q9UBR4
A6NDX5	Q62452
A6NDX5	O55035
A6NDX5	Q9HAV0
A6NDX5	P55271
A6NDX5	Q62504
A6NDX5	Q8VBT0
A6NDX5	P30282
A6NDX5	Q8BQ46
A6NDX5	O95361
A6NDX5	P15822
A6NDX5	Q8BL48
A6NDX5	Q9C0B0
A6NDX5	Q9NXH3
A6NDX5	O70239
A6NDX5	Q63HR2
A6NDX5	O54824
A6NDX5	Q9D074
A6NDX5	P15864
A6NDX5	Q6P549
A6NDX5	O15357
A6NDX5	Q99M15
A6NDX5	Q3ZB99
A6NDX5	P11388-2
A6NDX5	Q96GX5
A6NDX5	Q9H2I8
A6NDX5	Q8BLK9
A6NDX5	O88831
A6NDX5	Q8BW96
A6NDX5	NP_001100835
A6NDX5	Q8IWU2
A6NDX5	Q01970
A6NDX5	Q8IWB6
A6NDX5	Q9Y4K4
A6NDX5	Q9ERK0
A6NDX5	Q91Z96
A6NDX5	Q9P0L2
A6NDX5	P06803
A6NDX5	P15735
A6NDX5	O89100
A6NDX5	P48018
A6NDX5	O14974
A6NDX5	Q04207
A6NDX5	Q14247
A6NDX5	Q64702
A6NDX5	P27791
A6NDX5	P68400
A6NDX5	P68399
A6NDX5	P29294
A6NDX5	Q9WVS8
A6NDX5	Q9UQ07
A6NDX5	Q63932
A6NDX5	O70146
A6NDX5	Q13625
A6NDX5	B2RWS6
A6NDX5	Q9WUM4
A6NDX5	P35465
A6NDX5	Q08481
A6NDX5	Q6DTM3
A6NDX5	Q9UN86
A6NDX5	O60890
A6NDX5	Q9BVA0
A6NDX5	Q5T4F7
A6NDX5	Q9R0Q1
A6NDX5	E9Q5F9
A6NDX5	P47199
A6NDX5	Q8TBZ3
A6NDX5	XP_001063421
A6NDX5	Q9EST5
A6NDX5	Q9CWR8
A6NDX5	XP_001076145
A6NDX5	NP_001102964
A6NDX5	F8VPK8
A6NDX5	Q9ESQ1
A6NDX5	D3ZSB7
A6NDX5	Q96J87
A6NDX5	P51686
A6NDX5	Q8IWV2
A6NDX5	Q9CPW0
A6NDX5	Q9UQ03
A6NDX5	Q8TBM8
A6NDX5	A6NNA5
A6NDX5	Q9BX70
A6NDX5	Q9D5D8
A6NDX5	A2RSX7
A6NDX5	Q91X46
A6NDX5	NP_001099380
A6NDX5	D4A3M8
A6NDX5	O55033
A6NDX5	XP_235476
A6NDX5	D3Z8K0
A6NDX5	Q9CZG9
A6NDX5	NP_597684
A6NDX5	Q9NNW5
A6NDX5	Q96RW7
A6NDX5	Q66X93
A6NDX5	Q8NGC0
A6NDX5	P46933
A6NDX5	P16258
A6NDX5	Q9D6E4
A6NDX5	Q8C2S5
A6NDX5	O88951
A6NDX5	Q9Z252
A6NDX5	Q3SXC5
A6NDX5	O43614
A6NDX5	Q5FVR1
A6NDX5	Q80X60
A6NDX5	Q8R0Y8
A6NDX5	Q9H5J0
A6NDX5	D3ZZC3
A6NDX5	Q16548
A6NDX5	XP_001056923
A6NDX5	Q64HY3
A6NDX5	P0CG40
A6NDX5	XP_573720
A6NDX5	Q9QX73
A6NDX5	P57110
A6NDX5	O95841
A6NDX5	D4A9P6
A6NDX5	P11862
A6NDX5	G3V857
A6NDX5	Q5XI69
A6NDX5	Q6PE54
A6NDX5	Q8K3P5
A6NDX5	Q6AXU9
A6NDX5	Q6PFQ7
A6NDX5	Q86UP0
A6NDX5	Q75N90
A6NDX5	Q7L1T6
A6NDX5	Q61456
A6NDX5	M0R439
A6NDX5	O70583
A6NDX5	O35305
A6NDX5	Q8NA75
A6NDX5	P59326
A6NDX5	Q4V8J6
A6NDX5	P00739
A6NDX5	Q6PHR2
A6NDX5	Q6PI47
A6NDX5	Q496M5
A6NDX5	P97873
A6NDX5	Q02045
A6NDX5	Q9CR40
A6NDX5	P46379-4
A6NDX5	NP_001178651
A6NDX5	P57087
A6NDX5	Q8N7B6
A6NDX5	Q91XX9
A6NDX5	P04626-2
A6NDX5	O95196
A6NDX5	Q8C8V1
A6NDX5	Q8N7Z5
A6NDX5	Q9JIM3
A6NDX5	Q96MU6
A6NDX5	P04921
A6NDX5	Q9NQV8
A6NDX5	E9Q6W4
A6NDX5	Q9BXJ4
A6NDX5	Q8BGR1
A6NDX5	Q9Y6E0-2
A6NDX5	Q8N0W4
A6NDX5	Q8NGS4
A6NDX5	E9PZ16
A6NDX5	Q495M9
A6NDX5	Q8BGZ8
A6NDX5	Q3V172
A6NDX5	Q9NX02
A6NDX5	Q7M6W8
A6NDX5	Q14330
A6NDX5	O95450-2
A6NDX5	Q8BTJ4
A6NDX5	Q9GZP0-2
A6NDX5	P59046
A6NDX5	P21675-2
A6NDX5	Q68DD2
A6NDX5	Q9WUR0
A6NDX5	Q9UM44
A6NDX5	Q9BXN2-3
A6NDX5	A0A0B4J2A2
A6NDX5	Q9WVH9
A6NDX5	Q7Z7L1
A6NDX5	Q3TBW2
A6NDX5	A6X942
A6NDX5	O14593
A6NDX5	Q8CCJ9-4
A6NDX5	Q6ZN04
A6NDX5	Q6JVL5
A6NDX5	E2RGF3
A6NDX5	P0DSE1
A6NDX5	Q9BXX2
A6NDX5	Q9UKA2
A6NDX5	Q6UXF7
A6NDX5	D3ZWX4
A6NDX5	XP_003754846
A6NDX5	Q9D1B8
A6NDX5	Q9UBX0
A6NDX5	P0C881
A6NDX5	Q64G17
A6NDX5	Q505G8
A6NDX5	P23881
A6NDX5	O88204
A6NDX5	Q8IUY3
A6NDX5	Q96H15
A6NDX5	O94827
A6NDX5	Q80VR3
A6NDX5	A2RU54
A6NDX5	P49760-2
A6NDX5	Q9D552
A6NDX5	Q8C1B2
A6NDX5	Q9NYR9-4
A6NDX5	Q9NYF8-4
A6NDX5	Q8IYB5
A6NDX5	P09027
A6NDX5	P16581
A6NDX5	P41217
A6NDX5	Q9D8U4
A6NDX5	Q9H9F9
A6NDX5	Q7TRA3
A6NDX5	Q8NGT7
A6NDX5	Q9C037
A6NDX5	Q96N77
A6NDX5	P29558-2
A6NDX5	Q14A34
A6NDX5	Q8VD31
A6NDX5	P33764
A6NDX5	Q9H2S5
A6NDX5	Q9Y5P1
A6NDX5	O14843
A6NDX5	Q8BLB0
A6NDX5	Q5T2D2
A6NDX5	O75808
A6NDX5	Q8VF17
A6NDX5	B8JJZ4
A6NDX5	Q3KQV3
A6NDX5	Q96A84
A6NDX5	A8MUH7
A6NDX5	Q5JVG8
A6NDX5	P49796-7
A6NDX5	Q5F259-2
A6NDX5	Q8BUD0
A6NDX5	D3ZZ07
A6NDX5	Q9Z0I7
A6NDX5	Q92847
A6NDX5	Q86UR5-12
A6NDX5	D3Z1I2
A6NDX5	Q9H165-3
A6NDX5	Q70KF4
A6NDX5	Q96E17
A6NDX5	NP_446102
A6NDX5	Q9JIY8
A6NDX5	Q09LZ8
A6NDX5	B1AY15
A6NDX5	XP_001078354
A6NDX5	NP_001100089
A6NDX5	P56399
A6NDX5	XP_001074837
A6NDX5	D3ZYI0
A6NDX5	NP_001100697
A6NDX5	D3ZM54
A6NDX5	D4A731
A6NDX5	F1LW77
A6NDX5	O35963
A6NDX5	B4DSL7
A6NDX5	Q8NFP7
A6NDX5	Q96G61
A6NDX5	P45877
A6NDX5	Q14C59
A6NDX5	Q7TNK4
A6NDX5	Q63942
A6NDX5	D4A8E9
A6NDX5	Q69Z28
A6NDX5	P49935
A6NDX5	Q810W7
A6NDX5	O76099
A6NDX5	Q5DTI8
A6NDX5	P50463
A6NDX5	Q7TNZ6
A6NDX5	Q7L273
A6NDX5	Q811D0-3
A6NDX5	G3V6X8
A6NDX5	Q9D119
A6NDX5	Q8WUB8-2
A6NDX5	ENSRNOP00000019195
A6NDX5	Q96C28
A6NDX5	Q9D3N2
A6NDX5	NP_001020933
A6NDX5	P10688
A6NDX5	Q9BUY5
A6NDX5	O95007
A6NDX5	P59622
A6NDX5	Q6P435
A6NDX5	Q86UN3
A6NDX5	P0C2C4
A6NDX5	Q8C0W1
A6NDX5	O94875-12
A6NDX5	Q9CPX9
A6NDX5	D3ZXH8
A6NDX5	P0C0E4
A6NDX5	Q9BXI9
A6NDX5	Q63652
A6NDX5	P26684
A6NDX5	Q5U2U0
A6NDX5	NP_476797
A6NDX5	F6TUL9
A6NDX5	Q5BIZ7
A6NDX5	Q920E1
A6NDX5	Q92928
A6NDX5	Q8NGF6
A6NDX5	Q8NH83
A6NDX5	Q8NGJ3
A6NDX5	F8VPJ9
A6NDX5	O75388
A6NDX5	Q9P1U0
A6NDX5	Q9UKL2
A6NDX5	Q7TRL3
A6NDX5	Q9WUA1
A6NDX5	Q8BXS7
A6NDX5	XP_222534
A6NDX5	Q9NRF2-2
A6NDX5	Q8NH08
A6NDX5	O14581
A6NDX5	P48030
A6NDX5	Q9JMF3
A6NDX5	Q9QY31
A6NDX5	Q6ZMV8
A6NDX5	P0CB33
A6NDX5	P31948-2
A6NDX5	Q96EE3
A6NDX5	P11033
A6NDX5	O09113
A6NDX5	Q5XKR4
A6NDX5	O70584
A6NDX5	Q8N7Q3
A6NDX5	O94875-10
A6NDX5	Q63259
A6NDX5	Q49A33
A6NDX5	P34925-2
A6NDX5	Q9Z104
A6NDX5	O35431
A6NDX5	E9PVA6
A6NDX5	Q91V10
A6NDX5	XP_001002180
A6NDX5	Q6ZWR6-2
A6NDX5	XP_001078032
A6NDX5	O95248-4
A6NDX5	Q6ZWR6-5
A6NDX5	Q7TSG5
A6NDX5	Q8CJ69
A6NDX5	Q08209-2
A6NDX5	P63328-2
A6NDX5	Q8TCA0
A6NDX5	NP_001001880
A6NDX5	O54693
A6NDX5	Q6PJB9
A6NDX5	Q14168-3
A6NDX5	ENSMUSP00000118652
A6NDX5	P46976-2
A6NDX5	Q501P1
A6NDX5	Q8K406
A6NDX5	Q9HDB8
A6NDX5	Q5DT21
A6NDX5	Q8K1E3
A6NDX5	P43025
A6NDX5	Q14C37
A6NDX5	Q6PGQ1
A6NDX5	P70483
A6NDX5	D3ZGL1
A6NDX5	A0A0A6YYL0
A6NDX5	Q9HBG6-5
A6NDX5	Q6XAR7
A6NDX5	B5DF98
A6NDX5	D4A584
A6NDX5	P62810
A6NDX5	XP_002726765
A6NDX5	Q8VF29
A6NDX5	E9Q9V3
A6NDX5	D3ZTL8
A6NDX5	D3ZDQ9
A6NDX5	D4AD14
A6NDX5	Q96T23-3
A6NDX5	Q00356
A6NDX5	D4AA64
A6NDX5	Q641W6
A6NDX5	Q96PD2-2
A6NDX5	D4A0M3
A6NDX5	D3ZPA1
A6NDX5	P15509-5
A6NDX5	D3ZJ49
A6NDX5	Q5M8S2
A6NDX5	Q61820
A6NDX5	Q8BP71-4
A6NDX5	I6LBW8
A6NDX5	P02466
A6NDX5	M0RB21
A6NDX5	I6LBX5
A6NDX5	O88954
A6NDX5	P46153
A6NDX5	D4A4Z4
A6NDX5	P83900
A6NDX5	Q498U4
A6NDX5	Q8C0J2-3
A6NDX5	Q01082-2
A6NDX5	Q96L91-2
A6NDX5	P40259-3
A6NDX5	Q15700-3
A6NDX5	P36375
A6NDX5	D4ADT7
A6NDX5	Q969G3-2
A6NDX5	Q9NQC1-2
A6NDX5	A0A0G2K0D3
A6NDX5	F1LRL4
A6NDX5	P53671-3
A6NDX5	Q6ZVD8-2
A6NDX5	Q969R5-2
A6NDX5	D4A3H0
A6NDX5	NP_058983
A6NDX5	Q9BQ16-6
A6NDX5	Q9HBE5
A6NDX5	Q9UKZ4_VAR_N2389Y
A6NDX5	Q9EPV5
A6NDX5	B2GV38
A6NDX5	Q5PQV5
A6NDX5	Q9ER62
A6NDX5	D3ZMW8
A6NDX5	P09634
A6NDX5	E9Q1W7
A6NDX5	D3ZF03
A6NDX5	M0R632
A6NDX5	D3ZGU6
A6NDX5	D4A1J7
A6NDX5	D4A6G2
A6NDX5	Q8K3E7
A6NDX5	Q9JKL7
A6NDX5	A8MWK0
A6NDX5	D4A123
A6NDX5	D3ZPP3
A6NDX5	B1H227
A6NDX5	F1M2G3
A6NDX5	D4A6V5
A6NDX5	Q5DU41
A6NDX5	Q8N8J6-2
A6NDX5	Q96SB4-3
A6NDX5	Q7Z494-3
A6NDX5	D3ZBT1
A6NDX5	Q05BQ5-2
A6NDX5	Q6XJV6
A6NDX5	P12814-2
A6NDX5	B1ATY8
A6NDX5	Q7TRT7
A6NDX5	D3ZIX4
A6NDX5	A6NFQ2-3
A6NDX5	P06239-3
A6NDX5	Q63HN8-4
A6NDX5	P04166
A6NDX5	Q8VGS3
A6NDX5	Q9BSJ8-2
A6NDX5	Q6V5K9
A6NDX5	Q04912-2
A6NDX5	M0R9J7
A6NDX5	Q96PQ1-2
A6NDX5	D4A438
A6NDX5	M0RDI8
A6NDX5	A2AVW3
A6NDX5	Q9Y2Y1_VAR_A24S
A6NDX5	O15021-3
A6NDX5	E9PXV9
A6NDX5	Q9Z2X3
A6NDX5	A8K979-2
A6NDX5	D3ZM20
A6NDX5	Q9Y6H5-6
A6NDX5	P01130-4
A6NDX5	D4A3S8
A6NDX5	Q6MG72
A6NDX5	Q7Z3K3-2
A6NDX5	Q86UE8-3
A6NDX5	Q9BW91-2
A6NDX5	A8MQ27-3
A6NDX5	O60493-4
A6NDX5	Q96EP5-2
A6NDX5	Q3T1I2
A6NDX5	Q8NCE2-3
A6NDX5	Q7L4E1-3
A6NDX5	Q6ZVM7-2
A6NDX5	P01895-2
A6NDX5	Q8TE76-2
A6NDX5	P06341
A6NDX5	P01772
A6NDX5	A0A0B4J1V6
A6NDX5	Q7L513-12
A6NDX5	O00139-2
A6NDX5	XP_345259
A6NDX5	Q8NEM0-2
A6NDX5	P57737-4
A6NDX5	P35348-8
A6NDX5	D3ZCK7
A6NDX5	Q04744
A6NDX5	P0DP04
A6NDX5	P0DOX7
A6NDX5	P53369
A6NDX5	Q13352-5
A6NDX5	NP_001165695
A6NDX5	Q13401
A6NDX5	P0DPA3
A6NDX5	G3MXU2
A6NDX5	Q14155-5
A6NDX5	Q9UKW4-4
A6NDX5	P18583-9
A6NDX5	Q9NRJ1
A6NDX5	Q86U86-9
A6NDX5	Q9GZM3-2
A6NDX5	P22303-2
A6NDX5	P63057
A6NDX5	P63056
A6NDX5	Q62981
A6NDX5	P07647
A6NDX5	Q6IE59
A6NDX5	Q924R9
A6NDX5	Q5U311
A6NDX5	Q9ER26
A6NDX5	O35174
A6NDX5	Q96HU1-2
A6NDX5	Q10473
A6NDX5	P0DTE2
A6NDX5	P63033
A6NDX5	P63032
A6NDX5	Q86UV5-5
A6NDX5	Q8TBC5-3
A6NDX5	Q8WUI4-8
A6NDX5	Q6UXI9-6
A6NDX5	P85299-5
A6NDX5	Q03001-11
A6NDX5	Q92963-3
A6NDX5	A0A0A0MRZ8
A6NDX5	Q6UXG2-3
A6NDX5	P49890
A6NDX5	A0A0A0MS01
A6NDX5	G3V9G0
A6NDX5	Q5PQK5
A6NDX5	XP_038962655
A6NDX5	O70228
A6NDX5	D3Z851
A6NDX5	B1WC69
A6NDX5	Q8CHN8
A6NDX5	Q6AYQ9
A6NDX5	A0A1B0GWK0
A6NDX5	B0BN40
A6NDX5	G3V7V5
A6NDX5	M0RB75
A6NDX5	A0A0B4J245
A6NDX5	Q566C7
A6NDX5	O88181
A6NDX5	P98105
A6NDX5	Q8K1G0
A6NDX5	Q9WV75
A6NDX5	P56519
A6NDX5	Q5PQR3
A6NDX5	A0A1B0GXF2
A6NDX5	Q5BLX8
A6NDX5	Q9EQJ4
A6NDX5	O54767
A6NDX5	P20761
A6NDX5	Q9JI03
A6NDX5	P50480
A6NDX5	Q9ERS8
A6NDX5	Q566E6
A6NDX5	XP_345364
A6NDX5	NP_001381947
A6NDX5	Q8C0V0
A6NDX5	M0R7T6
A6NDX5	D3Z4I3
A6NDX5	NP_001162058
A6NDX5	Q8TEW0-3
A6NDX5	Q8N8A2-2
A6NDX5	Q13555-11
A6NDX5	Q8IUC8-3
A6NDX5	D3ZNF4
A6NDX5	Q8BHJ5
A6NDX5	D4A0G7
A6NDX5	Q15940
A6NDX5	D3Z981
A6NDX5	D3ZL04
A6NDX5	Q9UK53-2
A6NDX5	Q8BGV5
A6NDX5	O35930
A6NDX5	P19784
A6NDX5	Q8NGH3
A6NDX5	Q3V1H9
A6NDX5	P11716
A6NDX5	P57760
A6NDX5	Q78P65
A6NDX5	Q5MPP0
A6NDX5	Q9NZQ7
A6NDX5	Q5EER8
A6NDX5	NP_001101906
A6NDX5	XP_232771
A6NDX5	Q8BXN7
A6NDX5	NP_001385580
A6NDX5	E9PYH6
A6NDX5	B5DFD6
A6NDX5	NP_001101543
A6NDX5	NP_001101556
A6NDX5	F1M866
A6NDX5	G3V9M3
A6NDX5	NP_001100065
A6NDX5	Q3UMG5
A6NDX5	D4A987
A6NDX5	Q96NZ1
A6NDX5	Q80XH2
A6NDX5	P32298
A6NDX5	B2RUI1
A6NDX5	Q99640
A6NDX5	Q2NL51
A6NDX5	Q00839-2
A6NDX5	O94806
A6NDX5	F1LTE0
A6NDX5	O75460
A6NDX5	D4A208
A6NDX5	Q99558
A6NDX5	Q9BUB5
A6NDX5	O43353
A6NDX5	B2GUV8
A6NDX5	Q8TDQ1
A6NDX5	P25322
A6NDX5	Q9ERG2
A6NDX5	O95147
A6NDX5	P40198
A6NDX5	Q9R1E0
A6NDX5	P42682
A6NDX5	Q07912
A6NDX5	Q91YS8
A6NDX5	Q63450
A6NDX5	P28335
A6NDX5	P14234
A6NDX5	P04626
A6NDX5	Q9Z327
A6NDX5	Q64331
A6NDX5	Q80TH2
A6NDX5	Q8BGW0
A6NDX5	Q7Z398
A6NDX5	Q9Y621
A6NDX5	Q04863
A6NDX5	Q8C3J5
A6NDX5	Q9NWT1
A6NDX5	Q80VM4
A6NDX5	Q4LE39
A6NDX5	O43296
A6NDX5	Q6DD87
A6NDX5	P10646
A6NDX5	Q07889
A6NDX5	Q8NDI1
A6NDX5	Q01105-2
A6NDX5	Q86WV1
A6NDX5	Q9NZL3
A6NDX5	O60264
A6NDX5	Q9H3N1
A6NDX5	D3YUA5
A6NDX5	Q8VBV4
A6NDX5	Q9UJX2
A6NDX5	Q9BYM8
A6NDX5	Q9D4B1
A6NDX5	Q9JJ61
A6NDX5	Q8CGS4
A6NDX5	O94868
A6NDX5	Q9QUP5
A6NDX5	Q9BZ72
A6NDX5	O95251
A6NDX5	O94832
A6NDX5	Q9Z0Y7
A6NDX5	Q6IQ26
A6NDX5	P33992
A6NDX5	P49748
A6NDX5	P20231
A6NDX5	Q8BLG0
A6NDX5	P97291
A6NDX5	Q9BZJ3
A6NDX5	Q9Z1K6
A6NDX5	Q32Q02
A6NDX5	Q7Z6B7
A6NDX5	Q7RTT3
A6NDX5	Q8IYM9
A6NDX5	P21855
A6NDX5	P55849
A6NDX5	Q8N5A5
A6NDX5	Q9UNF0
A6NDX5	Q9NXN4
A6NDX5	Q8BJQ2
A6NDX5	Q03112-9
A6NDX5	Q8BGE9
A6NDX5	Q14526
A6NDX5	P47902
A6NDX5	Q61660
A6NDX5	P55082
A6NDX5	Q9NX74
A6NDX5	O88967
A6NDX5	P54279
A6NDX5	O14640
A6NDX5	O75976
A6NDX5	Q9CS74
A6NDX5	Q07108
A6NDX5	O00308
A6NDX5	O75521
A6NDX5	Q9NTJ5
A6NDX5	Q9P0K7
A6NDX5	Q7Z4F1
A6NDX5	Q91UZ1
A6NDX5	Q62130
A6NDX5	Q9ULZ2
A6NDX5	Q86YA3-6
A6NDX5	P46099
A6NDX5	Q9H4D0
A6NDX5	P00920
A6NDX5	P01898
A6NDX5	O88910
A6NDX5	Q9JLT4
A6NDX5	Q6TUF8
A6NDX5	Q96MT3
A6NDX5	Q8C0N2
A6NDX5	Q96DX7
A6NDX5	P78415
A6NDX5	Q3U515
A6NDX5	Q9P244
A6NDX5	Q9UPU7
A6NDX5	Q2TUM3
A6NDX5	Q8R0A2
A6NDX5	Q6ZRY4
A6NDX5	Q9UQ88
A6NDX5	Q5VVJ2
A6NDX5	P56715
A6NDX5	Q8C5V5
A6NDX5	A2A5N8
A6NDX5	Q8VH07
A6NDX5	Q8VH10
A6NDX5	P02831
A6NDX5	Q5TYW1
A6NDX5	Q68CP9
A6NDX5	Q9UNH6-3
A6NDX5	Q99MJ6
A6NDX5	Q9ESM6
A6NDX5	Q99ML9
A6NDX5	Q8C9M8
A6NDX5	Q8N7U6
A6NDX5	Q7TN12
A6NDX5	Q9NS62
A6NDX5	Q9Y5Y7
A6NDX5	Q9UFD9
A6NDX5	Q92636
A6NDX5	O43405
A6NDX5	Q9NX24
A6NDX5	Q6H8Q1
A6NDX5	D4A8I5
A6NDX5	Q8TB45
A6NDX5	P50281
A6NDX5	P55210
A6NDX5	Q9D4M9
A6NDX5	XP_001065720
A6NDX5	Q3V0J4
A6NDX5	Q9Y2Y4
A6NDX5	P17098
A6NDX5	Q92626
A6NDX5	P20160
A6NDX5	Q15642
A6NDX5	Q9Z2U2
A6NDX5	Q6NV66
A6NDX5	Q86WA6
A6NDX5	Q13410
A6NDX5	Q9Y2A4
A6NDX5	Q8VGU9
A6NDX5	Q64739
A6NDX5	O95980
A6NDX5	G5E874
A6NDX5	Q80T85
A6NDX5	Q15390
A6NDX5	P50461
A6NDX5	P56202
A6NDX5	Q9D0T2
A6NDX5	Q9Y6Q3
A6NDX5	O43157
A6NDX5	Q9BT23
A6NDX5	P17483
A6NDX5	Q9UJ99
A6NDX5	Q8IWT3
A6NDX5	Q7TQF1
A6NDX5	Q9BWF2
A6NDX5	Q6P9J5
A6NDX5	Q8CAE9
A6NDX5	Q8BLM0
A6NDX5	O60602
A6NDX5	Q96FN5
A6NDX5	Q5U2M6
A6NDX5	Q99JZ0
A6NDX5	Q9H672
A6NDX5	Q91ZU0
A6NDX5	Q4VXU2
A6NDX5	Q9Z1D8
A6NDX5	Q01727
A6NDX5	Q9NW75
A6NDX5	Q9NYS7
A6NDX5	P69744
A6NDX5	Q9D6K9
A6NDX5	P23249
A6NDX5	Q9D3X5
A6NDX5	Q27J81
A6NDX5	P30279
A6NDX5	Q6A0A2
A6NDX5	Q9BRZ2
A6NDX5	Q9P0T4
A6NDX5	Q70CQ4
A6NDX5	P16409
A6NDX5	Q92664
A6NDX5	Q3UI28
A6NDX5	Q8NGE8
A6NDX5	Q6A033
A6NDX5	Q99PV8
A6NDX5	P98073
A6NDX5	Q9Y2B5
A6NDX5	Q5U2X2
A6NDX5	Q9UPQ7
A6NDX5	P70275
A6NDX5	P97329
A6NDX5	O95625
A6NDX5	Q96B97
A6NDX5	Q922V4
A6NDX5	P97311
A6NDX5	Q99K30
A6NDX5	Q8R4U7
A6NDX5	Q5RI75
A6NDX5	Q63356
A6NDX5	Q96SI1
A6NDX5	O60260
A6NDX5	Q8K012
A6NDX5	Q8VE19
A6NDX5	A2AR02
A6NDX5	Q61011
A6NDX5	Q13247
A6NDX5	P42772
A6NDX5	P62997
A6NDX5	P62996
A6NDX5	P62995
A6NDX5	P15976
A6NDX5	Q92804
A6NDX5	P11617
A6NDX5	Q641K1
A6NDX5	O95218-2
A6NDX5	Q99661
A6NDX5	Q8BGV3
A6NDX5	Q8K1N2
A6NDX5	Q00653
A6NDX5	P16446
A6NDX5	P53810
A6NDX5	O35625
A6NDX5	Q91XM9
A6NDX5	Q8C879
A6NDX5	O60291
A6NDX5	Q62920
A6NDX5	Q9H939
A6NDX5	Q9UDY2
A6NDX5	O15021
A6NDX5	P08101-2
A6NDX5	Q9R1L5
A6NDX5	O14646
A6NDX5	Q8C078
A6NDX5	Q8IU85
A6NDX5	P16879
A6NDX5	Q9H2G2
A6NDX5	P70451
A6NDX5	Q80ZW0
A6NDX5	P42345
A6NDX5	Q07174
A6NDX5	P41241
A6NDX5	P32577
A6NDX5	Q9NSY1
A6NDX5	Q7KZI7
A6NDX5	P11309
A6NDX5	P20689
A6NDX5	Q14164
A6NDX5	P05106
A6NDX5	Q03160
A6NDX5	P05132
A6NDX5	O15075
A6NDX5	Q6PDN3
A6NDX5	P21860
A6NDX5	Q8CDB0
A6NDX5	Q8IX07
A6NDX5	Q07817
A6NDX5	Q02085
A6NDX5	Q60598
A6NDX5	P36507
A6NDX5	Q15569
A6NDX5	P00519
A6NDX5	Q8MIL8
A6NDX5	Q8CHI8
A6NDX5	O13016
A6NDX5	P15127
A6NDX5	P49024
A6NDX5	P26010
A6NDX5	P42338
A6NDX5	Q8TEW0
A6NDX5	P70658
A6NDX5	Q9QZN9
A6NDX5	P17022
A6NDX5	Q6ZQM0
A6NDX5	O00139
A6NDX5	Q9Y276
A6NDX5	P55268
A6NDX5	Q99767
A6NDX5	Q5PSV9
A6NDX5	P51965
A6NDX5	D4AAG9
A6NDX5	F1LU97
A6NDX5	D4A900
A6NDX5	D3ZRL8
A6NDX5	Q5QD13
A6NDX5	E9Q557
A6NDX5	Q96HH9
A6NDX5	Q9NWH9
A6NDX5	P01133
A6NDX5	Q7TN33
A6NDX5	Q9WUT7
A6NDX5	Q62845
A6NDX5	Q8BH44
A6NDX5	Q62798
A6NDX5	Q8TE49
A6NDX5	Q96NG8
A6NDX5	D4A831
A6NDX5	XP_233945
A6NDX5	NP_001101693
A6NDX5	XP_237329
A6NDX5	D3ZLU0
A6NDX5	Q9UKZ4
A6NDX5	Q9Z1D9
A6NDX5	Q2TBF2
A6NDX5	P28566
A6NDX5	Q5XI72
A6NDX5	Q9WUK2
A6NDX5	Q8NHB8
A6NDX5	E9PSL7
A6NDX5	Q8N6N2
A6NDX5	Q8VGZ5
A6NDX5	Q99958
A6NDX5	Q8NGQ2
A6NDX5	Q9H0U9
A6NDX5	Q9BQI6
A6NDX5	Q8BVU0
A6NDX5	P49862
A6NDX5	Q9ERV0
A6NDX5	P0CW01
A6NDX5	P0CV98
A6NDX5	Q66HC0
A6NDX5	P0C546
A6NDX5	A8MTI9
A6NDX5	Q8NFV4
A6NDX5	Q640P2
A6NDX5	XP_223806
A6NDX5	Q6AY12
A6NDX5	Q9BXS0
A6NDX5	D3ZQH9
A6NDX5	Q6PFX6
A6NDX5	Q91ZV8
A6NDX5	Q9UJT9
A6NDX5	Q3TDX8
A6NDX5	D3ZFU9
A6NDX5	Q64691
A6NDX5	Q8IUX8
A6NDX5	P51684
A6NDX5	D3ZEY4
A6NDX5	Q8NAP3
A6NDX5	O95219
A6NDX5	XP_001059576
A6NDX5	O43364
A6NDX5	Q61646
A6NDX5	Q96JN8
A6NDX5	P58742
A6NDX5	D3ZHP7
A6NDX5	P14649
A6NDX5	Q8IXQ5
A6NDX5	Q8NEY1-2
A6NDX5	Q9DBV3
A6NDX5	Q9JI59
A6NDX5	Q15404
A6NDX5	P17039
A6NDX5	Q9NSE2
A6NDX5	O88799
A6NDX5	O95665
A6NDX5	Q78HU7
A6NDX5	Q8N436
A6NDX5	Q8BZ97
A6NDX5	Q06054
A6NDX5	Q32P14
A6NDX5	Q13232
A6NDX5	Q9QYY9
A6NDX5	Q16539-2
A6NDX5	P47811-3
A6NDX5	P59045
A6NDX5	P34982
A6NDX5	Q80T11
A6NDX5	A6NJG2
A6NDX5	Q4PLS0
A6NDX5	Q8K1Z6
A6NDX5	O75038-2
A6NDX5	Q06889
A6NDX5	Q9UJW8-2
A6NDX5	P35813-2
A6NDX5	Q13585
A6NDX5	Q50L41
A6NDX5	Q9UNL4-8
A6NDX5	Q96GD0
A6NDX5	Q96DX4
A6NDX5	Q9BZY9
A6NDX5	Q7Z4I7-2
A6NDX5	Q8IYT2
A6NDX5	P17024
A6NDX5	C9JR72
A6NDX5	Q64444
A6NDX5	Q9Z205
A6NDX5	Q9DBR4-2
A6NDX5	E9Q6P5
A6NDX5	Q58WW2-2
A6NDX5	Q9NZV7
A6NDX5	Q9BYZ8
A6NDX5	Q4KLL9
A6NDX5	Q8BXF8
A6NDX5	Q8BLU0
A6NDX5	Q5SSJ5-5
A6NDX5	Q61658
A6NDX5	D3YYU8
A6NDX5	P01851
A6NDX5	Q17R98
A6NDX5	O75764
A6NDX5	P32249
A6NDX5	Q62252
A6NDX5	Q3LRV9
A6NDX5	Q08AG5
A6NDX5	Q8NGE1
A6NDX5	Q91VZ6
A6NDX5	Q6ZTA4
A6NDX5	Q9ULK6
A6NDX5	O96017-12
A6NDX5	Q9BXJ5
A6NDX5	Q8VFZ0
A6NDX5	Q3TPE9
A6NDX5	Q8BZ34
A6NDX5	Q96IQ9
A6NDX5	P62818
A6NDX5	P62819
A6NDX5	F8VPZ8
A6NDX5	Q3UFD7
A6NDX5	ENSMUSP00000131874
A6NDX5	P21917
A6NDX5	Q2LA85
A6NDX5	Q9JLG8
A6NDX5	Q5H9B9
A6NDX5	O95905-3
A6NDX5	Q8NGA5
A6NDX5	Q91VF5
A6NDX5	Q5FW53
A6NDX5	Q8NA23
A6NDX5	Q9UQ74
A6NDX5	Q920P5
A6NDX5	Q96EP1-3
A6NDX5	P68907
A6NDX5	P11798-2
A6NDX5	Q3UHU8
A6NDX5	P42679-2
A6NDX5	O08790
A6NDX5	Q3UV48
A6NDX5	Q5NCC7
A6NDX5	Q69ZN6
A6NDX5	Q3UB74
A6NDX5	O70209
A6NDX5	Q8BI06
A6NDX5	Q7M730
A6NDX5	Q8K480
A6NDX5	Q60887
A6NDX5	D3ZWH2
A6NDX5	Q0VE02
A6NDX5	D3YV89
A6NDX5	XP_001080098
A6NDX5	F2Z3T9
A6NDX5	P26369
A6NDX5	D4A758
A6NDX5	D4AC00
A6NDX5	D4A3X1
A6NDX5	P55215
A6NDX5	XP_001080057
A6NDX5	NP_001178652
A6NDX5	XP_001073965
A6NDX5	Q7TNY1
A6NDX5	Q8CFD1
A6NDX5	Q9JIR3
A6NDX5	P27139
A6NDX5	P30412
A6NDX5	P35280
A6NDX5	P55258
A6NDX5	Q920A7
A6NDX5	Q9NZP5
A6NDX5	M0R4T3
A6NDX5	Q8N9F7
A6NDX5	Q7RTY3
A6NDX5	P08311
A6NDX5	Q4TU72
A6NDX5	Q71RC2-5
A6NDX5	E5RJM6
A6NDX5	D4A239
A6NDX5	Q06BI3
A6NDX5	Q9JJG7
A6NDX5	Q5BJL3
A6NDX5	Q9WTV5
A6NDX5	Q62848
A6NDX5	Q8K4G2
A6NDX5	Q80UN1
A6NDX5	E9Q3I3
A6NDX5	Q6B0B8
A6NDX5	Q6UXE8
A6NDX5	XP_001070245
A6NDX5	Q8IVL1-2
A6NDX5	D3Z0W3
A6NDX5	P01902
A6NDX5	Q8R1D1
A6NDX5	Q9Y4E5-4
A6NDX5	D3ZWE0
A6NDX5	Q9H0F7
A6NDX5	Q9BZJ7
A6NDX5	Q4V890
A6NDX5	Q6AYR6
A6NDX5	Q5T7W0-2
A6NDX5	P97570
A6NDX5	Q9BYJ1-2
A6NDX5	NP_001107224
A6NDX5	D3Z757
A6NDX5	Q8NH53
A6NDX5	D3Z7H8
A6NDX5	Q8N7C7
A6NDX5	D3ZDY8
A6NDX5	Q04726-3
A6NDX5	Q9JIT3
A6NDX5	Q8NGU1
A6NDX5	Q9QYC5
A6NDX5	XP_236920
A6NDX5	Q8CJC4
A6NDX5	NP_001100341
A6NDX5	Q7TQQ5
A6NDX5	Q8NGY9
A6NDX5	Q8NGK2
A6NDX5	Q8N127
A6NDX5	Q9H2C5
A6NDX5	Q791N7
A6NDX5	E9PYY2
A6NDX5	A6NHG9
A6NDX5	Q6IN38
A6NDX5	Q8NH90
A6NDX5	Q8NGR1
A6NDX5	Q8NGH9
A6NDX5	O60431
A6NDX5	P01134
A6NDX5	Q9UK08
A6NDX5	Q96PT4
A6NDX5	Q8NE65
A6NDX5	Q8NDP4
A6NDX5	Q96RP8
A6NDX5	Q9BXY4
A6NDX5	Q7RTP6-5
A6NDX5	Q6NSZ9
A6NDX5	Q03938
A6NDX5	Q17ST2
A6NDX5	Q92988
A6NDX5	Q5FWF6
A6NDX5	Q6P9A1
A6NDX5	Q9H6Z4-3
A6NDX5	Q07812-8
A6NDX5	Q9UHA2
A6NDX5	Q8BGE4
A6NDX5	Q5I0K2
A6NDX5	Q8VHS2
A6NDX5	Q3UQI7
A6NDX5	Q6XBN7
A6NDX5	P0C862
A6NDX5	P48357-2
A6NDX5	Q8CI70
A6NDX5	Q15291-2
A6NDX5	Q8VF19
A6NDX5	Q96BD5-2
A6NDX5	Q12802-2
A6NDX5	P08887-2
A6NDX5	P46379-3
A6NDX5	Q5SZT6
A6NDX5	Q8WTU2
A6NDX5	Q6A555
A6NDX5	O95847
A6NDX5	NP_001178012
A6NDX5	Q811R2
A6NDX5	E9PSW6
A6NDX5	G1FC91
A6NDX5	P97924-2
A6NDX5	Q8JZK6
A6NDX5	D4A626
A6NDX5	P14730
A6NDX5	O94856-10
A6NDX5	G3X9L8
A6NDX5	P08567_VAR_R340K
A6NDX5	P08567
A6NDX5	Q8VET2
A6NDX5	Q6P796
A6NDX5	Q06124-1
A6NDX5	Q9Y2K2-7
A6NDX5	Q5I0J2
A6NDX5	Q8VF11
A6NDX5	G3V9M9
A6NDX5	Q2HJC2
A6NDX5	O94929-2
A6NDX5	G3V9F5
A6NDX5	E5RG02
A6NDX5	Q8K586
A6NDX5	Q61809
A6NDX5	P08607
A6NDX5	I6LBX7
A6NDX5	D4A1F2
A6NDX5	Q6AXZ2
A6NDX5	O08697
A6NDX5	Q920G0
A6NDX5	A2A863
A6NDX5	K7EIQ3
A6NDX5	P80299
A6NDX5	G3V8Z3
A6NDX5	D3Z8S0
A6NDX5	P32089
A6NDX5	D3ZQL6
A6NDX5	Q12802-4
A6NDX5	Q9Y371-2
A6NDX5	G3V8V4
A6NDX5	B5DFI2
A6NDX5	D3ZR08
A6NDX5	Q9H9P2-3
A6NDX5	P10959
A6NDX5	D4A0R1
A6NDX5	Q8NEZ4-2
A6NDX5	Q8NEV8-2
A6NDX5	P80192-4
A6NDX5	Q13825-2
A6NDX5	Q9UN66
A6NDX5	Q9UM54-6
A6NDX5	Q9UM54-4
A6NDX5	P22455-2
A6NDX5	Q5EXX3
A6NDX5	Q7TNY7
A6NDX5	Q5FVG8
A6NDX5	Q5SGD7
A6NDX5	O42349
A6NDX5	O75112-5
A6NDX5	Q9ER63
A6NDX5	F1M9Z0
A6NDX5	P02830
A6NDX5	P29466-4
A6NDX5	M0R3M0
A6NDX5	G3V9J9
A6NDX5	B5DF80
A6NDX5	Q5PQJ8
A6NDX5	XP_002695134
A6NDX5	XP_008764065
A6NDX5	Q9JHW1
A6NDX5	D3ZW14
A6NDX5	D4A2D5
A6NDX5	Q9CZ49
A6NDX5	D3ZRW4
A6NDX5	Q5TCS8-1
A6NDX5	O95388-5
A6NDX5	Q9NSV4-4
A6NDX5	Q60891
A6NDX5	O60229-2
A6NDX5	Q9NW64-2
A6NDX5	F1M2K1
A6NDX5	Q6NXG1-2
A6NDX5	E9PX43
A6NDX5	M0R4K4
A6NDX5	L7N1Y5
A6NDX5	NP_001000030
A6NDX5	Q05D32-2
A6NDX5	B2RPU8
A6NDX5	Q00653-3
A6NDX5	Q9BYX2-2
A6NDX5	Q63345
A6NDX5	Q969H4-2
A6NDX5	P11171-5
A6NDX5	Q96P11-2
A6NDX5	Q8NCF0
A6NDX5	E9Q564
A6NDX5	Q8VEX7
A6NDX5	D3ZII6
A6NDX5	P59242-2
A6NDX5	Q8C170-2
A6NDX5	Q13554-4
A6NDX5	Q7TPK1
A6NDX5	XP_003752547
A6NDX5	P49756-2
A6NDX5	Q15599-3
A6NDX5	P15529-10
A6NDX5	Q96LA6-4
A6NDX5	B1WC01
A6NDX5	F1LX07
A6NDX5	Q7Z7A1-2
A6NDX5	Q16881-4
A6NDX5	Q01081-2
A6NDX5	P37275-2
A6NDX5	Q8CFG9
A6NDX5	Q9UHC9-2
A6NDX5	Q8TE76-3
A6NDX5	P01921
A6NDX5	P01763
A6NDX5	P78413-2
A6NDX5	O94973-2
A6NDX5	Q9JMB2
A6NDX5	Q6P4F7-2
A6NDX5	O43281-2
A6NDX5	Q8K596-2
A6NDX5	Q676U5-3
A6NDX5	Q9PU45
A6NDX5	A0A0J9YXX1
A6NDX5	Q6IQ26-2
A6NDX5	P51178-2
A6NDX5	Q96S59-2
A6NDX5	E1BL45
A6NDX5	Q9XSK7
A6NDX5	Q13401-2
A6NDX5	F1MYS7
A6NDX5	Q6ZT62
A6NDX5	F1N506
A6NDX5	P55290-4
A6NDX5	Q6ZMG9-2
A6NDX5	Q14161-5
A6NDX5	Q15149-3
A6NDX5	O94851-4
A6NDX5	Q8NB49-3
A6NDX5	Q9NR97-2
A6NDX5	Q568Y7
A6NDX5	Q811M5
A6NDX5	F8VUJ3
A6NDX5	Q68AX7
A6NDX5	O35819
A6NDX5	Q9EQT1
A6NDX5	Q66HD6
A6NDX5	A0A0X1KG70
A6NDX5	Q6P798
A6NDX5	Q99LJ7
A6NDX5	B2GV54
A6NDX5	Q641Z8
A6NDX5	Q5M7U5
A6NDX5	Q8N1K5-4
A6NDX5	Q924A5
A6NDX5	Q5PPG6
A6NDX5	P70512
A6NDX5	Q9UBC0
A6NDX5	Q5T4F4-2
A6NDX5	O60858-3
A6NDX5	P22891-2
A6NDX5	Q8N126-2
A6NDX5	Q8TCZ2-5
A6NDX5	Q9BXJ2-2
A6NDX5	A0A087WSY6
A6NDX5	P52845
A6NDX5	A0A0A6YYK4
A6NDX5	B0BNG5
A6NDX5	Q8BLR9
A6NDX5	Q8HWE7
A6NDX5	A0A8I6GEX8
A6NDX5	D3ZS84
A6NDX5	P54763-4
A6NDX5	XP_038961875
A6NDX5	D3ZTR5
A6NDX5	D4AC95
A6NDX5	G3V6U6
A6NDX5	B0BNH1
A6NDX5	A0A2Z4LIS9
A6NDX5	A8MQ11
A6NDX5	A0A0B4J234
A6NDX5	Q925R7
A6NDX5	Q3KRE6
A6NDX5	P04218
A6NDX5	Q2TGJ4
A6NDX5	P97830
A6NDX5	P16296
A6NDX5	D3ZDK2
A6NDX5	P51668
A6NDX5	P61080
A6NDX5	A0A1B0GX51
A6NDX5	Q63515
A6NDX5	Q6AXN3
A6NDX5	O88281
A6NDX5	Q4V8Q1
A6NDX5	O88280
A6NDX5	P0C6P6
A6NDX5	Q5QD09
A6NDX5	Q9JLS4
A6NDX5	Q9QZH8
A6NDX5	D3ZXK4
A6NDX5	XP_006240409
A6NDX5	NP_001102246
A6NDX5	NP_001102312
A6NDX5	NP_001171641
A6NDX5	D3ZJJ4
A6NDX5	NP_001100570
A6NDX5	Q9UQG0
A6NDX5	O14639-3
A6NDX5	Q969M7-2
A6NDX5	B2RTN2
A6NDX5	P57087-3
A6NDX5	B5DF13
A6NDX5	A0A1B0GTE1
A6NDX5	D3ZIY3
A6NDX5	Q8BYK6
A6NDX5	Q86WI1
A6NDX5	Q9Y5Y3
A6NDX5	Q91Z38
A6NDX5	F1M9Z7
A6NDX5	Q01768
A6NDX5	Q8K3F4
A6NDX5	Q9UKV5
A6NDX5	Q07813
A6NDX5	P51817
A6NDX5	Q05922
A6NDX5	O35452
A6NDX5	P43276
A6NDX5	Q923T4
A6NDX5	O75445
A6NDX5	O08859
A6NDX5	A6NIV6
A6NDX5	B5DFA1
A6NDX5	E9PSJ4
A6NDX5	F1LWX5
A6NDX5	Q9QYP0
A6NDX5	D3ZCH1
A6NDX5	Q9UF33
A6NDX5	I6LBW7
A6NDX5	NP_001101746
A6NDX5	XP_226315
A6NDX5	NP_001101804
A6NDX5	NP_001101378
A6NDX5	A6X8Z5
A6NDX5	Q8K3Q3
A6NDX5	Q69ZM6
A6NDX5	B5DF62
A6NDX5	Q63827
A6NDX5	Q9P1W9
A6NDX5	A0A1D5RMD1
A6NDX5	C8YR32
A6NDX5	NP_001099972
A6NDX5	Q9WUL6
A6NDX5	Q16584
A6NDX5	Q60855
A6NDX5	P49950
A6NDX5	P62142
A6NDX5	P62140
A6NDX5	P62141
A6NDX5	P24385
A6NDX5	Q6P9P6
A6NDX5	Q07820
A6NDX5	Q8R0F6
A6NDX5	Q8C3Q9
A6NDX5	Q12778
A6NDX5	P42681
A6NDX5	P08923
A6NDX5	D4A453
A6NDX5	Q8CFI2
A6NDX5	Q14012
A6NDX5	P09769
A6NDX5	Q61210-2
A6NDX5	O60271
A6NDX5	Q8CC35
A6NDX5	Q96RT1
A6NDX5	Q8N1K5
A6NDX5	Q15697
A6NDX5	Q8K019
A6NDX5	Q66H91
A6NDX5	Q91W94
A6NDX5	P52564-2
A6NDX5	Q92608
A6NDX5	Q8NAF0
A6NDX5	Q8BXJ2
A6NDX5	P35363
A6NDX5	Q05209
A6NDX5	Q9JHK5
A6NDX5	Q80W14
A6NDX5	Q9CQE5
A6NDX5	Q8BGC0
A6NDX5	O54928
A6NDX5	P63259
A6NDX5	P63260
A6NDX5	P63261
A6NDX5	Q9WU78
A6NDX5	Q8WXF7
A6NDX5	Q14134
A6NDX5	Q8NHU3
A6NDX5	Q9JK91
A6NDX5	Q9CQ10
A6NDX5	Q9HCK8
A6NDX5	Q8WXD9
A6NDX5	P10915
A6NDX5	P80560
A6NDX5	Q9Z2V9
A6NDX5	P62633
A6NDX5	P62634
A6NDX5	Q6VZZ7
A6NDX5	Q9JIF9
A6NDX5	Q91WD7
A6NDX5	O14654
A6NDX5	Q61483
A6NDX5	P49718
A6NDX5	O35681
A6NDX5	Q16827
A6NDX5	Q15661
A6NDX5	Q6PHU5
A6NDX5	Q9BVI0
A6NDX5	O95376
A6NDX5	P47211
A6NDX5	P97314
A6NDX5	Q62908
A6NDX5	O54827
A6NDX5	P55008
A6NDX5	P97366
A6NDX5	Q9NQZ3
A6NDX5	P21854
A6NDX5	G3X9Y5
A6NDX5	Q08554
A6NDX5	Q8IUH3
A6NDX5	P35441
A6NDX5	O94782
A6NDX5	P35123
A6NDX5	Q9NSD7
A6NDX5	O70494
A6NDX5	Q92949
A6NDX5	P07384
A6NDX5	Q96TA2
A6NDX5	Q5SSZ7
A6NDX5	P23471
A6NDX5	Q9ES63
A6NDX5	Q5SX39
A6NDX5	Q9P275
A6NDX5	P21661
A6NDX5	P28841
A6NDX5	Q68FM6
A6NDX5	Q9UIW2
A6NDX5	Q13887
A6NDX5	Q15678
A6NDX5	Q702N8
A6NDX5	Q61751
A6NDX5	Q9NNX6-10
A6NDX5	P00918
A6NDX5	Q63772
A6NDX5	Q495N2-3
A6NDX5	Q5FWI3
A6NDX5	P97447
A6NDX5	Q9NNW7
A6NDX5	Q91Y47
A6NDX5	A6NDE4
A6NDX5	Q53EU6
A6NDX5	NP_001166994
A6NDX5	Q8N5I3
A6NDX5	Q8NCP5
A6NDX5	Q9JJS5
A6NDX5	Q61826
A6NDX5	A2RRH5
A6NDX5	B2RUP2
A6NDX5	Q8NGN6
A6NDX5	Q8NGN4
A6NDX5	O43365
A6NDX5	F8WI30
A6NDX5	Q6DFW5
A6NDX5	Q86UT5
A6NDX5	Q86TC9
A6NDX5	Q9HCC8
A6NDX5	Q62421
A6NDX5	Q9NWS9
A6NDX5	Q9D9V3
A6NDX5	Q02105
A6NDX5	Q3KP66
A6NDX5	Q6Q6R3
A6NDX5	Q9CSH3
A6NDX5	Q9JI20
A6NDX5	Q812A2
A6NDX5	Q5SZV5
A6NDX5	Q7Z4T8
A6NDX5	O15230
A6NDX5	D3Z7X0
A6NDX5	Q3UYR4
A6NDX5	P59729
A6NDX5	Q3UKK2
A6NDX5	P15514
A6NDX5	Q9QUK6
A6NDX5	O15015
A6NDX5	Q9D7B6
A6NDX5	Q9D4C6
A6NDX5	Q91YW3
A6NDX5	Q6ZPJ3
A6NDX5	Q8BWB1
A6NDX5	O88485
A6NDX5	Q50L42
A6NDX5	Q6P1Y8
A6NDX5	Q9NZN1
A6NDX5	Q16653
A6NDX5	Q60821
A6NDX5	Q9P2R3
A6NDX5	Q6W9J5
A6NDX5	Q7TNH6
A6NDX5	O55134
A6NDX5	Q13753
A6NDX5	Q96JK2
A6NDX5	Q9Z0G0
A6NDX5	P32004-2
A6NDX5	Q91Y13
A6NDX5	Q2M1P5
A6NDX5	Q9UNI6
A6NDX5	Q61048
A6NDX5	Q9Y5G3
A6NDX5	Q9NS23-4
A6NDX5	Q9NZ53
A6NDX5	O95600
A6NDX5	Q6ZP82
A6NDX5	Q99PT9
A6NDX5	Q8N7N5
A6NDX5	Q9H190
A6NDX5	Q99LJ2
A6NDX5	Q9NS66
A6NDX5	Q9Y2L8
A6NDX5	Q01726
A6NDX5	O43463
A6NDX5	Q8BUR3
A6NDX5	O35464
A6NDX5	Q6ZPV2
A6NDX5	Q9ULG1
A6NDX5	Q91YH5
A6NDX5	Q9NQA5
A6NDX5	Q8N5B7
A6NDX5	Q9HCE1
A6NDX5	Q3U108
A6NDX5	Q9D1P2
A6NDX5	Q6AW69
A6NDX5	O75882
A6NDX5	Q8TDQ0
A6NDX5	Q92615
A6NDX5	Q15391
A6NDX5	O75437
A6NDX5	P09542
A6NDX5	Q7Z407
A6NDX5	Q9ULJ7
A6NDX5	Q7TRA6
A6NDX5	Q8TD94
A6NDX5	Q92995
A6NDX5	O75123
A6NDX5	Q9C0K0
A6NDX5	Q9Z2D0
A6NDX5	P31321
A6NDX5	O15041
A6NDX5	Q9H0C5
A6NDX5	O95235
A6NDX5	P46531
A6NDX5	P14770
A6NDX5	O43660
A6NDX5	O89053
A6NDX5	Q14566
A6NDX5	Q9Y6N7
A6NDX5	Q9H6S3
A6NDX5	Q9ESV7
A6NDX5	Q86V48
A6NDX5	Q8IZ41
A6NDX5	E9Q634
A6NDX5	Q5ZID9
A6NDX5	P43274
A6NDX5	Q92817
A6NDX5	O08715
A6NDX5	Q8C0Q2
A6NDX5	Q13243
A6NDX5	P28741
A6NDX5	Q9Z202
A6NDX5	P08048
A6NDX5	Q8BGT6
A6NDX5	Q96MU7
A6NDX5	O88466
A6NDX5	P09758
A6NDX5	Q86SQ0
A6NDX5	O15169
A6NDX5	Q9Y2I6
A6NDX5	Q15700
A6NDX5	O95125
A6NDX5	Q8CI51
A6NDX5	Q9EQP2
A6NDX5	Q8R3Z7
A6NDX5	Q8VI91
A6NDX5	Q8C0P0
A6NDX5	P06748-2
A6NDX5	P31994-2
A6NDX5	P18901
A6NDX5	Q8N5H7
A6NDX5	P51452
A6NDX5	P33535
A6NDX5	Q9N0X0
A6NDX5	P06213
A6NDX5	P16591
A6NDX5	Q8TDR2
A6NDX5	O08696
A6NDX5	P41279
A6NDX5	Q2M2I8
A6NDX5	Q8VCR8
A6NDX5	P23804
A6NDX5	P05067-4
A6NDX5	Q04206
A6NDX5	Q63572
A6NDX5	Q9BQI3
A6NDX5	Q9UHD2
A6NDX5	Q00944
A6NDX5	P29323
A6NDX5	Q9HBH9
A6NDX5	P11274
A6NDX5	Q80ZF4
A6NDX5	P49138
A6NDX5	P34908
A6NDX5	P97477
A6NDX5	P49621
A6NDX5	P78314
A6NDX5	Q91Y86
A6NDX5	P45983-2
A6NDX5	P30987
A6NDX5	O14544
A6NDX5	Q92870
A6NDX5	P46736
A6NDX5	P33174
A6NDX5	Q8N1I0
A6NDX5	P16473
A6NDX5	Q96RE9-2
A6NDX5	Q9UI40
A6NDX5	Q9HBF4
A6NDX5	Q9D658
A6NDX5	B0K032
A6NDX5	Q9H3R0
A6NDX5	Q6V9R5
A6NDX5	Q811D2
A6NDX5	Q8BW72
A6NDX5	XP_001080099
A6NDX5	XP_001480194
A6NDX5	Q6PEM6
A6NDX5	G3XA20
A6NDX5	Q9BV79
A6NDX5	O14815
A6NDX5	Q86Y01
A6NDX5	Q8VHC5
A6NDX5	Q8R554
A6NDX5	Q9H4B6
A6NDX5	Q76LX8
A6NDX5	Q99PE9
A6NDX5	Q6QN14
A6NDX5	XP_238019
A6NDX5	NP_001178627
A6NDX5	Q6ZRI0
A6NDX5	O15060
A6NDX5	Q8R4T5
A6NDX5	Q96SZ4
A6NDX5	Q9H4Q4
A6NDX5	NP_001102012
A6NDX5	Q9QZL6
A6NDX5	D4A5D7
A6NDX5	P04354
A6NDX5	Q61850
A6NDX5	NP_001100033
A6NDX5	Q147U1
A6NDX5	O88852
A6NDX5	Q8R3P9
A6NDX5	O15296
A6NDX5	Q91VE3
A6NDX5	O75509
A6NDX5	O35936
A6NDX5	O70511
A6NDX5	P0CW00
A6NDX5	XP_234320
A6NDX5	XP_574133
A6NDX5	D4A959
A6NDX5	XP_001069250
A6NDX5	D3ZNS1
A6NDX5	Q8K4F5
A6NDX5	O43827
A6NDX5	P07154
A6NDX5	Q99MQ5
A6NDX5	P29400
A6NDX5	D3ZTI3
A6NDX5	Q7Z602
A6NDX5	Q91ZZ8
A6NDX5	Q9BXY5
A6NDX5	Q9JJZ5
A6NDX5	O54689
A6NDX5	Q91YJ2
A6NDX5	D4AE41
A6NDX5	P31245
A6NDX5	Q5NCX5
A6NDX5	Q8BR86
A6NDX5	Q8CI43
A6NDX5	Q99MD8
A6NDX5	Q8BUL5
A6NDX5	Q8C0J2
A6NDX5	Q12986-2
A6NDX5	P21941
A6NDX5	Q6B0I6
A6NDX5	Q8TAE6
A6NDX5	Q01730
A6NDX5	Q8IVF7-2
A6NDX5	Q5TEJ8
A6NDX5	Q91YX0
A6NDX5	Q8IYT4
A6NDX5	D3ZKP1
A6NDX5	Q62225
A6NDX5	Q9NR80-3
A6NDX5	Q9NZQ8
A6NDX5	P70310
A6NDX5	Q9WTS6
A6NDX5	Q96KV7
A6NDX5	Q9D2L5
A6NDX5	Q6PG37
A6NDX5	Q16270
A6NDX5	P56741
A6NDX5	Q9WV85
A6NDX5	P08319
A6NDX5	Q80TS5
A6NDX5	Q8NH94
A6NDX5	Q8BY98
A6NDX5	Q969W8
A6NDX5	P43080
A6NDX5	Q9HCB6
A6NDX5	P43300
A6NDX5	P43301
A6NDX5	Q8TF47
A6NDX5	Q9UKM9-2
A6NDX5	O88495
A6NDX5	Q3ZCX4
A6NDX5	P60487
A6NDX5	Q8BVR6
A6NDX5	Q8R0K2
A6NDX5	Q8BWQ4
A6NDX5	Q9P2F6
A6NDX5	A2A3K4
A6NDX5	P12271
A6NDX5	Q8C828
A6NDX5	Q9UHB4
A6NDX5	Q9ES64-3
A6NDX5	Q9JKS4-6
A6NDX5	Q5RKJ2
A6NDX5	Q6UWY2
A6NDX5	Q9D8G5
A6NDX5	O00445
A6NDX5	D3ZA25
A6NDX5	Q3UHI8
A6NDX5	Q9BYD9
A6NDX5	Q9BYC5
A6NDX5	Q6XP49
A6NDX5	E9PXX8
A6NDX5	D4A403
A6NDX5	P86049
A6NDX5	Q1XH17
A6NDX5	Q15506
A6NDX5	Q6UXN2
A6NDX5	P49796-4
A6NDX5	Q9Y5H6
A6NDX5	P30542
A6NDX5	B7ZC32
A6NDX5	Q9HCM9-2
A6NDX5	Q505D9
A6NDX5	Q5DTZ6
A6NDX5	Q16760-2
A6NDX5	Q8N0X2-4
A6NDX5	Q9D9C3
A6NDX5	Q7TNF0
A6NDX5	Q8NGY3
A6NDX5	Q8IV38
A6NDX5	P36368
A6NDX5	Q9HBT7
A6NDX5	Q13627-4
A6NDX5	P50120
A6NDX5	Q9DCK4
A6NDX5	P0C7V9
A6NDX5	Q8WWY6
A6NDX5	B7Z1M9
A6NDX5	P51436
A6NDX5	A6NED2
A6NDX5	Q53GL7
A6NDX5	Q96H86
A6NDX5	P0C7V8
A6NDX5	Q8BYL8
A6NDX5	Q8NG77
A6NDX5	Q5SYC1
A6NDX5	A8MUU1
A6NDX5	A6QLF1
A6NDX5	D3Z4K0
A6NDX5	A2RRD8
A6NDX5	Q68DY1
A6NDX5	Q96M98
A6NDX5	O70589-3
A6NDX5	O14936-3
A6NDX5	Q9ET47-2
A6NDX5	Q61596
A6NDX5	A3KGK3
A6NDX5	A4FUQ5
A6NDX5	A6NM36
A6NDX5	Q3UH12
A6NDX5	Q9UPP2-2
A6NDX5	Q5T890-2
A6NDX5	Q9D968
A6NDX5	Q5VCS6
A6NDX5	Q9CQ35
A6NDX5	Q8CF60
A6NDX5	Q3TJD7
A6NDX5	Q8VGY9
A6NDX5	Q61495
A6NDX5	NP_001094461
A6NDX5	Q922G2
A6NDX5	XP_342701
A6NDX5	D3ZQ07
A6NDX5	Q8K481
A6NDX5	NP_001100929
A6NDX5	F1LNN8
A6NDX5	D4A280
A6NDX5	P20909
A6NDX5	NP_001102015
A6NDX5	Q5BJ29
A6NDX5	XP_001056422
A6NDX5	Q8K4Y5
A6NDX5	Q566E2
A6NDX5	O15488
A6NDX5	P08236
A6NDX5	D3ZSZ6
A6NDX5	Q5BKS4
A6NDX5	Q9QXS6-3
A6NDX5	Q7TS40
A6NDX5	Q91XZ2
A6NDX5	Q9CRY7
A6NDX5	Q8K4I7
A6NDX5	Q8C6G1
A6NDX5	P28293
A6NDX5	E9PSK7
A6NDX5	Q14114-3
A6NDX5	NP_001100737
A6NDX5	O08653
A6NDX5	P29089
A6NDX5	O54963
A6NDX5	Q86Y22
A6NDX5	P53370
A6NDX5	O35814
A6NDX5	Q60864
A6NDX5	Q7TM95
A6NDX5	D4ADP7
A6NDX5	Q8N8Q1
A6NDX5	Q5TA31
A6NDX5	P49757-2
A6NDX5	Q8WUN7
A6NDX5	Q14332
A6NDX5	P0C7L1
A6NDX5	Q6UXH9-2
A6NDX5	XP_001078877
A6NDX5	XP_001080236
A6NDX5	F1M111
A6NDX5	Q5FVC7
A6NDX5	A6NM11
A6NDX5	Q8VF72
A6NDX5	O75541
A6NDX5	Q1PSW8
A6NDX5	P29101
A6NDX5	Q6F6B3
A6NDX5	P0CG48
A6NDX5	O00159-3
A6NDX5	Q85ZW6
A6NDX5	D3ZQT3
A6NDX5	Q6QNK2
A6NDX5	P42167-2
A6NDX5	O95983-2
A6NDX5	Q6WCQ1-2
A6NDX5	P97639
A6NDX5	P24053
A6NDX5	Q8NGA4
A6NDX5	Q8NGN8
A6NDX5	O43822-4
A6NDX5	P25102
A6NDX5	Q6PJ69
A6NDX5	P13599
A6NDX5	Q63447
A6NDX5	Q8NGI6
A6NDX5	Q7TR55
A6NDX5	Q8NGY6
A6NDX5	E9PV96
A6NDX5	Q9Z0G4
A6NDX5	O95047
A6NDX5	Q96R45
A6NDX5	Q66X03
A6NDX5	Q8VF75
A6NDX5	Q8VGH2
A6NDX5	D3YXG0
A6NDX5	Q8NGI2
A6NDX5	P47775
A6NDX5	P78560
A6NDX5	Q8N988
A6NDX5	Q6ZTB9
A6NDX5	A8MWA4
A6NDX5	Q2TJ95
A6NDX5	P17693
A6NDX5	B2RX31
A6NDX5	A7KBS4
A6NDX5	Q8IUS5
A6NDX5	Q5QD12
A6NDX5	Q7Z692
A6NDX5	Q9D174
A6NDX5	Q92537
A6NDX5	Q5M884
A6NDX5	EDL33433
A6NDX5	Q9DA01
A6NDX5	Q8CJ67
A6NDX5	Q3U3G9
A6NDX5	Q3UX90
A6NDX5	O75037-2
A6NDX5	G5E8K5-2
A6NDX5	Q3TTC2
A6NDX5	Q96NW7-3
A6NDX5	Q9EQZ7-2
A6NDX5	Q01728
A6NDX5	Q4ZJN1
A6NDX5	Q5VXM1
A6NDX5	Q8VFQ3
A6NDX5	Q495A1
A6NDX5	Q99N50-2
A6NDX5	P08195-3
A6NDX5	Q8IWW6-3
A6NDX5	Q9C0K3
A6NDX5	Q8TEW0-5
A6NDX5	Q01968-2
A6NDX5	O00338-2
A6NDX5	G5E8P0
A6NDX5	A1L0T3
A6NDX5	Q8IUB2
A6NDX5	Q9D6D0
A6NDX5	O89046
A6NDX5	Q672J3
A6NDX5	D4A0W7
A6NDX5	Q7TP36
A6NDX5	XP_003749839
A6NDX5	Q6TUH4
A6NDX5	Q9UNH6
A6NDX5	E9Q5I3
A6NDX5	XP_001068778
A6NDX5	Q9GZP4
A6NDX5	NP_001000329
A6NDX5	D4ADC7
A6NDX5	Q7TQY0
A6NDX5	Q32PX8
A6NDX5	Q13557-3
A6NDX5	Q6ZR52-2
A6NDX5	A2ANE1
A6NDX5	Q9ULD5-3
A6NDX5	Q5FWH2
A6NDX5	D4A254
A6NDX5	D4ABX6
A6NDX5	P56945-2
A6NDX5	P16372
A6NDX5	E1U7Q0
A6NDX5	I6LBW9
A6NDX5	C6JUM5
A6NDX5	Q505J3
A6NDX5	D4A3K5
A6NDX5	Q9Z2G8
A6NDX5	Q28948
A6NDX5	P06757
A6NDX5	P97584
A6NDX5	Q5XIE6
A6NDX5	Q9UHX1-2
A6NDX5	D3ZC15
A6NDX5	F1LY63
A6NDX5	Q5RJR8
A6NDX5	P50503
A6NDX5	Q66HD2
A6NDX5	Q9UKB1-3
A6NDX5	A8MTY0
A6NDX5	Q9R066
A6NDX5	Q5U1Y1
A6NDX5	Q7Z7H5-2
A6NDX5	Q9Z1J8
A6NDX5	D3ZSW3
A6NDX5	Q5BJN2
A6NDX5	Q9BXN2-9
A6NDX5	F1LXW4
A6NDX5	Q6IE12
A6NDX5	Q01844-2
A6NDX5	Q9NZM1-5
A6NDX5	Q9P2R3-4
A6NDX5	Q8IW41-2
A6NDX5	O08648-2
A6NDX5	Q9Y5H4-2
A6NDX5	Q5XIW4
A6NDX5	O54858
A6NDX5	Q9C037-2
A6NDX5	P0DKB5
A6NDX5	Q9UQC2-2
A6NDX5	A7E3N2
A6NDX5	Q5BJW9
A6NDX5	Q76M68
A6NDX5	Q5BJP5
A6NDX5	XP_002724665
A6NDX5	P31394
A6NDX5	Q9Y4J8-14
A6NDX5	P83626
A6NDX5	B2GV19
A6NDX5	O15020-2
A6NDX5	D3ZM27
A6NDX5	Q5T7P6
A6NDX5	P38398-6
A6NDX5	P00388
A6NDX5	Q8CHK8
A6NDX5	G3UW92
A6NDX5	B2RQA1
A6NDX5	Q9NVM4-2
A6NDX5	Q01844-3
A6NDX5	Q1JU70
A6NDX5	Q9H6T0-2
A6NDX5	A6H6A9-3
A6NDX5	F7BE40
A6NDX5	D3ZLF8
A6NDX5	Q8VGA1
A6NDX5	Q8N961
A6NDX5	Q8TDJ6-2
A6NDX5	A9LNM8
A6NDX5	Q15697-2
A6NDX5	P0C089
A6NDX5	P12931-2
A6NDX5	E0CZ16
A6NDX5	NP_001101300
A6NDX5	D3ZLL9
A6NDX5	Q8VFS5
A6NDX5	A2A4F1
A6NDX5	O60716-10
A6NDX5	D3Z656
A6NDX5	D3ZDP9
A6NDX5	Q5BJT4
A6NDX5	Q66HA1
A6NDX5	Q13164-2
A6NDX5	Q8IY92-2
A6NDX5	A0A0G2JTM7
A6NDX5	D3ZDJ9
A6NDX5	Q9Y462-2
A6NDX5	Q7Z7A1-3
A6NDX5	Q9BQI5-2
A6NDX5	Q01081-4
A6NDX5	P33240-2
A6NDX5	P0DJD4
A6NDX5	P0DJD3
A6NDX5	Q91ZW8
A6NDX5	P54829-3
A6NDX5	Q8JZL7
A6NDX5	P59822
A6NDX5	Q9NPH3
A6NDX5	P29475-2
A6NDX5	O15033-2
A6NDX5	P46734-2
A6NDX5	P06343
A6NDX5	P01767
A6NDX5	Q5R372-7
A6NDX5	O94973-3
A6NDX5	Q9Z2F1
A6NDX5	Q7Z6G8-2
A6NDX5	Q14807-2
A6NDX5	P11310-2
A6NDX5	Q5T2S8-2
A6NDX5	A0A1D5PKC8
A6NDX5	A0A0G2JMI3
A6NDX5	P0DOX3
A6NDX5	Q9Y6T7-2
A6NDX5	P19544-7
A6NDX5	Q96S59-3
A6NDX5	P22462
A6NDX5	F1MRH9
A6NDX5	Q3ZC12
A6NDX5	Q13401-3
A6NDX5	Q6ZT62-2
A6NDX5	XP_005220321
A6NDX5	A0A0B4J1X5
A6NDX5	Q7TN96
A6NDX5	Q7Z333-4
A6NDX5	Q15149-5
A6NDX5	Q13137-4
A6NDX5	Q16473
A6NDX5	P63135
A6NDX5	P23219-5
A6NDX5	Q9QZK5
A6NDX5	Q4KM34
A6NDX5	A0JPL0
A6NDX5	P62603
A6NDX5	D3ZQF9
A6NDX5	Q9ES58
A6NDX5	Q66HG0
A6NDX5	Q9R168
A6NDX5	Q91XU7
A6NDX5	D3YXJ0-2
A6NDX5	P08393
A6NDX5	P00739-2
A6NDX5	Q9P2H3-3
A6NDX5	Q9ULX5-2
A6NDX5	Q99836-6
A6NDX5	P13861-2
A6NDX5	NP_001012757
A6NDX5	P62862
A6NDX5	A0A087X0K7
A6NDX5	Q9R0Z3
A6NDX5	Q60I18
A6NDX5	D4ABS0
A6NDX5	Q3V3W4
A6NDX5	A0A1B0GTH9
A6NDX5	Q9BXM9-2
A6NDX5	G9CGD6
A6NDX5	Q5BJX4
A6NDX5	Q9CWT3
A6NDX5	D4A099
A6NDX5	D4A1W5
A6NDX5	Q0ZFS7
A6NDX5	Q80ZC8
A6NDX5	Q5PQQ8
A6NDX5	B8ZHC9
A6NDX5	P86091
A6NDX5	Q9EQN5
A6NDX5	P09455-2
A6NDX5	P24338
A6NDX5	O08876
A6NDX5	Q5XI63
A6NDX5	Q91ZW1
A6NDX5	Q63921
A6NDX5	Q5XIL0
A6NDX5	A0A589
A6NDX5	B4F7C4
A6NDX5	B5DF27
A6NDX5	O88751
A6NDX5	Q6IE47
A6NDX5	Q6Y290
A6NDX5	Q8VEM1
A6NDX5	Q5GRG2
A6NDX5	Q923X6
A6NDX5	Q6P5P5
A6NDX5	B2RYI6
A6NDX5	D3ZEU8
A6NDX5	NP_001178836
A6NDX5	NP_001128442
A6NDX5	Q96L91-3
A6NDX5	NP_001264531
A6NDX5	Q9Z204-3
A6NDX5	P41499-1
A6NDX5	Q58WW2-3
A6NDX5	O14795-2
A6NDX5	Q12923-4
A6NDX5	P08519
A6NDX5	A0A0G2JUV1
A6NDX5	Q4JL29
A6NDX5	B1WBY9
A6NDX5	D4ADE5
A6NDX5	Q80ZA4
A6NDX5	Q9WUI0
A6NDX5	P36887
A6NDX5	P17612
A6NDX5	Q80ZJ1
A6NDX5	P10114
A6NDX5	Q9UBK7-2
A6NDX5	O75716
A6NDX5	Q62767
A6NDX5	O75364
A6NDX5	P58107
A6NDX5	Q5SUE8
A6NDX5	NP_001102713
A6NDX5	Q91ZU6
A6NDX5	B1AVH7
A6NDX5	A0A0G2JUA5
A6NDX5	D3ZWZ9
A6NDX5	D3ZA31
A6NDX5	A4L9P5
A6NDX5	A6NP11
A6NDX5	D3ZU55
A6NDX5	F1M5M9
A6NDX5	P26883
A6NDX5	O14639-5
A6NDX5	Q2LC84
A6NDX5	F1M4N5
A6NDX5	XP_342210
A6NDX5	Q5RKH1
A6NDX5	Q06187
A6NDX5	NP_001102391
A6NDX5	XP_344451
A6NDX5	Q6WVG3
A6NDX5	O09110
A6NDX5	Q13546
A6NDX5	P10417
A6NDX5	P24860
A6NDX5	Q04912
A6NDX5	P35234
A6NDX5	Q91ZZ2
A6NDX5	Q61160
A6NDX5	P49023-2
A6NDX5	Q61937
A6NDX5	P13084
A6NDX5	Q15843
A6NDX5	P24135
A6NDX5	Q08705
A6NDX5	Q14694
A6NDX5	Q8K4Z5
A6NDX5	Q62431
A6NDX5	Q9JLQ2
A6NDX5	Q9JJ19
A6NDX5	E9PUQ8
A6NDX5	Q9Y2W7
A6NDX5	P00747
A6NDX5	Q14643
A6NDX5	Q96PN7
A6NDX5	Q8BWW4
A6NDX5	Q9Y5Z7
A6NDX5	O43665-1
A6NDX5	Q91WU6
A6NDX5	Q923G5
A6NDX5	Q925G1
A6NDX5	O75159
A6NDX5	Q8WUM4
A6NDX5	O00560
A6NDX5	Q9P2M7
A6NDX5	P50283
A6NDX5	Q8VDD9
A6NDX5	Q3U1J0
A6NDX5	Q14094
A6NDX5	Q6U736
A6NDX5	Q91VN0
A6NDX5	Q8NI77
A6NDX5	Q15077
A6NDX5	Q9ERE6
A6NDX5	P07585
A6NDX5	Q9BQG1
A6NDX5	Q92698
A6NDX5	Q9JLU4
A6NDX5	E9Q8T2
A6NDX5	Q9JMG7
A6NDX5	Q923W4
A6NDX5	Q9ERS6
A6NDX5	Q61768
A6NDX5	Q6P9R4
A6NDX5	Q62280
A6NDX5	Q62059
A6NDX5	O60312
A6NDX5	O60447
A6NDX5	Q91WT4
A6NDX5	P07996
A6NDX5	Q13107
A6NDX5	Q80Y19
A6NDX5	Q96JS3
A6NDX5	Q5BK26
A6NDX5	Q8ND82
A6NDX5	Q76KF0
A6NDX5	Q02447
A6NDX5	Q13137
A6NDX5	P70191
A6NDX5	Q8BJK1
A6NDX5	B1WC97
A6NDX5	Q9CR63
A6NDX5	D3Z8B0
A6NDX5	Q6I6G8
A6NDX5	O08638
A6NDX5	P97474
A6NDX5	Q9HBJ7
A6NDX5	Q9Y3C6
A6NDX5	Q15283
A6NDX5	Q8N8Z6
A6NDX5	Q9WTU0
A6NDX5	O08712
A6NDX5	P22392
A6NDX5	Q6NXK5
A6NDX5	Q62940
A6NDX5	O08774
A6NDX5	O55164
A6NDX5	P56178
A6NDX5	P28301
A6NDX5	Q99MH5
A6NDX5	O75912
A6NDX5	Q14393
A6NDX5	Q80XH4
A6NDX5	P07910-2
A6NDX5	Q9UHN6
A6NDX5	Q9UBW5
A6NDX5	Q8IZ13
A6NDX5	Q15047
A6NDX5	P03951
A6NDX5	Q8BQC8
A6NDX5	Q8C0M0
A6NDX5	O95425-2
A6NDX5	Q8JZU0
A6NDX5	Q8IY57
A6NDX5	Q8K2Y3
A6NDX5	Q921I6
A6NDX5	Q13477
A6NDX5	Q8VDL9
A6NDX5	Q70J99
A6NDX5	Q8VEW3
A6NDX5	Q15612
A6NDX5	Q9D0C1
A6NDX5	Q9Y2G3
A6NDX5	Q91V81
A6NDX5	Q6AXT7
A6NDX5	Q91WS2
A6NDX5	Q99963
A6NDX5	Q9NTX5
A6NDX5	P02747
A6NDX5	Q6Q6R5
A6NDX5	Q9Y2L1
A6NDX5	P15814
A6NDX5	D3Z3C6
A6NDX5	O88947
A6NDX5	Q99MV1
A6NDX5	P25089
A6NDX5	Q8N961-2
A6NDX5	Q5VV43
A6NDX5	Q91VF6
A6NDX5	Q8BQZ8
A6NDX5	P02675
A6NDX5	Q3V3V9-2
A6NDX5	Q64437
A6NDX5	Q6ZVH7
A6NDX5	Q8TB24
A6NDX5	P39428
A6NDX5	Q8BN59
A6NDX5	O00206
A6NDX5	Q96NG5
A6NDX5	O88998
A6NDX5	Q62609
A6NDX5	Q9UKU7
A6NDX5	Q9P2M1
A6NDX5	Q13217
A6NDX5	Q8NFZ3
A6NDX5	Q9C0C9
A6NDX5	Q86U06
A6NDX5	O14576
A6NDX5	Q3MJ16
A6NDX5	Q6NX49
A6NDX5	Q8C2K8
A6NDX5	P59823
A6NDX5	P28481
A6NDX5	P28862
A6NDX5	Q6AI12
A6NDX5	Q61909
A6NDX5	D3ZWZ8
A6NDX5	Q6MGB9
A6NDX5	Q7Z494
A6NDX5	Q92752
A6NDX5	O88623
A6NDX5	O14908
A6NDX5	Q99697-2
A6NDX5	Q9UN72
A6NDX5	Q9UIL4
A6NDX5	Q99KR7
A6NDX5	O75554
A6NDX5	Q07960
A6NDX5	Q9JHX3
A6NDX5	Q96C19
A6NDX5	Q6NZB0
A6NDX5	Q642C0
A6NDX5	A2APT9
A6NDX5	Q8TBC5
A6NDX5	A2AD83
A6NDX5	Q8JZM4
A6NDX5	O88329
A6NDX5	P15882
A6NDX5	Q9CY34
A6NDX5	Q5U203
A6NDX5	Q2TAC6
A6NDX5	Q5TAQ9
A6NDX5	Q969K4
A6NDX5	Q9UIE0
A6NDX5	Q5QNQ9
A6NDX5	Q9Y2H6
A6NDX5	Q9EQQ4
A6NDX5	Q9H2E6
A6NDX5	Q8CIN3
A6NDX5	Q6DD88
A6NDX5	Q920R0
A6NDX5	Q3UR97
A6NDX5	Q99JB8
A6NDX5	Q3L8U1
A6NDX5	Q9H7Z6
A6NDX5	Q0VF96
A6NDX5	Q5U431
A6NDX5	Q99PJ1
A6NDX5	Q6KAS7
A6NDX5	P08174
A6NDX5	O43149
A6NDX5	Q8K135-2
A6NDX5	Q9DBY8
A6NDX5	Q8TF32
A6NDX5	Q8IZQ1
A6NDX5	Q8WUF5
A6NDX5	P08590
A6NDX5	Q8NG78
A6NDX5	P12236
A6NDX5	Q04756
A6NDX5	Q8TDB6
A6NDX5	Q00722
A6NDX5	Q9NRD8
A6NDX5	Q9QYI4
A6NDX5	Q96QG7
A6NDX5	Q9UNE0
A6NDX5	Q9D1J3
A6NDX5	P31146
A6NDX5	F7BJB9
A6NDX5	O70309
A6NDX5	O95490
A6NDX5	P28656
A6NDX5	P43241
A6NDX5	P11532
A6NDX5	Q12965
A6NDX5	Q6NZH9
A6NDX5	P10412
A6NDX5	Q9GZV8
A6NDX5	Q13591
A6NDX5	Q5PPI1
A6NDX5	Q9Y496
A6NDX5	P26715
A6NDX5	Q9NS56
A6NDX5	P01901
A6NDX5	Q8N3F8
A6NDX5	Q15084
A6NDX5	Q9H2Y7
A6NDX5	P70623
A6NDX5	P47746
A6NDX5	P20272
A6NDX5	P13504
A6NDX5	P16297
A6NDX5	Q4LDD4
A6NDX5	Q8BIF0
A6NDX5	Q62441
A6NDX5	Q04727
A6NDX5	Q9CYF5
A6NDX5	O88664
A6NDX5	Q8IZP0
A6NDX5	P57725
A6NDX5	Q9Y2H1
A6NDX5	P35375
A6NDX5	P21728
A6NDX5	P31995
A6NDX5	Q5U2Y4
A6NDX5	Q62985
A6NDX5	P42866
A6NDX5	O55099
A6NDX5	Q9WUN2
A6NDX5	Q03526
A6NDX5	Q9WTR2
A6NDX5	P57078
A6NDX5	Q9H093
A6NDX5	P29476
A6NDX5	O14757
A6NDX5	Q9H1R3
A6NDX5	Q8N3R9
A6NDX5	P17948
A6NDX5	Q9WV60
A6NDX5	P18266
A6NDX5	P07332
A6NDX5	O95835
A6NDX5	Q7M0H9
A6NDX5	Q66L42
A6NDX5	P49137
A6NDX5	P15056
A6NDX5	O08579
A6NDX5	Q9CQ82
A6NDX5	P36506
A6NDX5	Q9Z1N9
A6NDX5	P22001
A6NDX5	P49185
A6NDX5	Q9HD67
A6NDX5	P35330
A6NDX5	P46737
A6NDX5	O00622
A6NDX5	Q9JII1
A6NDX5	O88491
A6NDX5	Q6DYE8
A6NDX5	P34914
A6NDX5	P70270
A6NDX5	Q9Y3E7
A6NDX5	Q93077
A6NDX5	O75365
A6NDX5	Q69ZH9
A6NDX5	Q8C0Q4
A6NDX5	P55287
A6NDX5	NP_001100943
A6NDX5	Q8NCL4
A6NDX5	B2RY04
A6NDX5	Q80ZQ5
A6NDX5	Q86VZ6
A6NDX5	O88379
A6NDX5	P21271
A6NDX5	Q6ZMY6
A6NDX5	Q9DCS3
A6NDX5	Q9D805
A6NDX5	Q61010
A6NDX5	P57796
A6NDX5	Q8VEB2
A6NDX5	Q8IVL0
A6NDX5	P49703
A6NDX5	D4A9T0
A6NDX5	Q9H6D8
A6NDX5	D4AE81
A6NDX5	Q96IK5
A6NDX5	Q6UWB4
A6NDX5	Q96K62
A6NDX5	XP_342953
A6NDX5	O43309
A6NDX5	O14668
A6NDX5	Q9UK80
A6NDX5	P04467
A6NDX5	Q96RD1
A6NDX5	P52179
A6NDX5	Q96C00
A6NDX5	Q9UK99
A6NDX5	Q7RTZ1
A6NDX5	P58308
A6NDX5	Q9EPU5
A6NDX5	Q92624
A6NDX5	Q9DAX9
A6NDX5	Q9Y264
A6NDX5	Q70AM4
A6NDX5	P0CV99
A6NDX5	XP_228426
A6NDX5	NP_001101479
A6NDX5	NP_001101057
A6NDX5	Q9Y5G2
A6NDX5	Q6ZWE6
A6NDX5	D3ZCW2
A6NDX5	XP_001060720
A6NDX5	XP_573724
A6NDX5	Q9HBE1
A6NDX5	Q9P2S6
A6NDX5	Q6AXW7
A6NDX5	Q14055
A6NDX5	XP_002728326
A6NDX5	Q7TQP0
A6NDX5	O75426
A6NDX5	Q8BUG5
A6NDX5	P29016
A6NDX5	Q91ZX1
A6NDX5	Q9Y483
A6NDX5	Q8TC44
A6NDX5	Q96C34
A6NDX5	P09067
A6NDX5	Q9BXK1
A6NDX5	Q07687
A6NDX5	Q9NRG9
A6NDX5	Q5JT82
A6NDX5	Q9NPC7
A6NDX5	Q9NP98
A6NDX5	O95170
A6NDX5	O43189-2
A6NDX5	Q9BXM9
A6NDX5	Q80UY2
A6NDX5	B2RZ97
A6NDX5	Q3U2K5
A6NDX5	Q8R4R9
A6NDX5	Q8IYA7
A6NDX5	Q9BSJ2
A6NDX5	Q8NGS5
A6NDX5	Q99729-3
A6NDX5	A8MX76-2
A6NDX5	Q9D3R6
A6NDX5	O70512
A6NDX5	Q96FI4
A6NDX5	Q7TNR9
A6NDX5	Q9GZU2
A6NDX5	Q99LP8
A6NDX5	Q8TCN5
A6NDX5	Q9Y6C2
A6NDX5	Q3UYS3
A6NDX5	Q61581
A6NDX5	Q9UMR7-4
A6NDX5	Q9H1U4
A6NDX5	Q9UBM4
A6NDX5	P0C5Y9
A6NDX5	Q2M1K9
A6NDX5	Q8NGR8
A6NDX5	Q9NZQ0
A6NDX5	Q92737
A6NDX5	Q49AA0
A6NDX5	Q8VCI1
A6NDX5	P43081
A6NDX5	Q2UY09
A6NDX5	Q8VCC9
A6NDX5	O14936-2
A6NDX5	Q86WT6
A6NDX5	Q2LKU9
A6NDX5	Q16560
A6NDX5	Q8NHZ7
A6NDX5	Q7Z7H5
A6NDX5	O00762
A6NDX5	Q6IFT4
A6NDX5	Q6NZK8
A6NDX5	Q9Z275
A6NDX5	A2AI05
A6NDX5	Q80TZ3-3
A6NDX5	F1M775
A6NDX5	Q9Y4X4
A6NDX5	Q14B24
A6NDX5	Q86VR7
A6NDX5	Q9R0N5
A6NDX5	XP_223664
A6NDX5	XP_243609
A6NDX5	Q6NS65
A6NDX5	Q8NEA6
A6NDX5	XP_574935
A6NDX5	F8VPZ5
A6NDX5	E5RQ38
A6NDX5	Q6ZMU5
A6NDX5	Q3V0C1
A6NDX5	O54799
A6NDX5	Q99KN2
A6NDX5	K7N6K9
A6NDX5	Q99PD7
A6NDX5	Q60612
A6NDX5	O60291-2
A6NDX5	P52298-3
A6NDX5	Q9Y4E8-2
A6NDX5	XP_001001994
A6NDX5	Q5JVG2
A6NDX5	E9PWV2
A6NDX5	B1WC61
A6NDX5	Q9D3W5
A6NDX5	Q8VFR7
A6NDX5	Q9EQB9
A6NDX5	Q8C8K3
A6NDX5	Q08652
A6NDX5	Q6T310
A6NDX5	Q9D9H3
A6NDX5	Q8N9B8
A6NDX5	Q9H3N8
A6NDX5	Q8BTU7
A6NDX5	E9QAP1
A6NDX5	Q8WXT5
A6NDX5	Q5VV16
A6NDX5	Q8BGS1-2
A6NDX5	Q9Z204-2
A6NDX5	NP_001264530
A6NDX5	Q8BG92
A6NDX5	P0C860
A6NDX5	D3ZTQ1
A6NDX5	Q2TAL5
A6NDX5	XP_574335
A6NDX5	Q8VG25
A6NDX5	Q9DAK2
A6NDX5	Q7Z6M1
A6NDX5	Q3TEA8-2
A6NDX5	Q80T74
A6NDX5	Q91Y82
A6NDX5	P42773
A6NDX5	Q6W049
A6NDX5	O14978
A6NDX5	O35745
A6NDX5	NP_001000779
A6NDX5	Q9D2D9
A6NDX5	Q920J4
A6NDX5	Q8CDN6
A6NDX5	Q6AXS5
A6NDX5	Q9CY58
A6NDX5	Q761X5
A6NDX5	Q3UE37
A6NDX5	Q3B7D1
A6NDX5	XP_001072321
A6NDX5	Q80X89
A6NDX5	O14770
A6NDX5	P97367
A6NDX5	D4AA72
A6NDX5	Q8VHQ3
A6NDX5	D3ZXP3
A6NDX5	Q64428
A6NDX5	Q9Y3C4
A6NDX5	Q49A17
A6NDX5	P12265
A6NDX5	Q8BIF0-2
A6NDX5	Q0P5V5
A6NDX5	Q8R2U6
A6NDX5	Q3U2V8
A6NDX5	D4A2F3
A6NDX5	G3V8N7
A6NDX5	Q96EH8
A6NDX5	Q5RKG5
A6NDX5	D3Z841
A6NDX5	Q99469
A6NDX5	XP_001072068
A6NDX5	D4A198
A6NDX5	Q8CH40
A6NDX5	D3ZRN3
A6NDX5	Q6UW15
A6NDX5	Q6ZRI8
A6NDX5	A2AE42
A6NDX5	Q6ZMS7
A6NDX5	C9J9J2
A6NDX5	Q8IZF5
A6NDX5	Q60908
A6NDX5	Q9UC06
A6NDX5	D4A1M1
A6NDX5	Q8BKC8-2
A6NDX5	D3ZS47
A6NDX5	Q6PGH0
A6NDX5	Q9JIP6
A6NDX5	Q09TK9
A6NDX5	A4GZ26
A6NDX5	NP_001100607
A6NDX5	Q4V793
A6NDX5	Q3YBR2
A6NDX5	A2ATJ9
A6NDX5	Q6PD05
A6NDX5	Q9H343
A6NDX5	D3ZLS3
A6NDX5	P0CG47
A6NDX5	P0CG50
A6NDX5	P0CG50_VAR_P265S
A6NDX5	Q8TAX0
A6NDX5	Q811D8
A6NDX5	Q62029
A6NDX5	Q80T32
A6NDX5	Q9BSK2
A6NDX5	Q9UHM6
A6NDX5	Q96FG2
A6NDX5	Q923Y6
A6NDX5	Q9JHG3
A6NDX5	A1A5S3
A6NDX5	Q9Z1P3
A6NDX5	P08485
A6NDX5	P49019
A6NDX5	F1M642
A6NDX5	P18090
A6NDX5	Q56UD9
A6NDX5	C9J1S8
A6NDX5	P55899
A6NDX5	Q923Y5
A6NDX5	Q9NZP0
A6NDX5	E9PXN3
A6NDX5	E9Q5F1
A6NDX5	Q8NGX0
A6NDX5	P15812
A6NDX5	Q15615
A6NDX5	Q13214
A6NDX5	P0C626
A6NDX5	A0A0C4DFX5
A6NDX5	Q8N148
A6NDX5	Q8BU40
A6NDX5	Q8NGK3
A6NDX5	P35412
A6NDX5	O88843
A6NDX5	P63077
A6NDX5	P63078
A6NDX5	Q14593
A6NDX5	Q9BQY6
A6NDX5	Q6ZRF7
A6NDX5	P0CG31
A6NDX5	Q5JU85-3
A6NDX5	P29590-14
A6NDX5	Q31093
A6NDX5	Q9H1A7
A6NDX5	P0C7M4
A6NDX5	Q9BQY4
A6NDX5	Q92670
A6NDX5	Q31172
A6NDX5	Q6IE26
A6NDX5	Q923Y2
A6NDX5	Q3TQ88
A6NDX5	O15165
A6NDX5	F1M798
A6NDX5	Q3URS2
A6NDX5	Q78JN3
A6NDX5	L7N253
A6NDX5	O95925
A6NDX5	P01809
A6NDX5	G3V6S8
A6NDX5	Q3TWW8
A6NDX5	XP_001078116
A6NDX5	Q6PCN6
A6NDX5	Q91XM9-2
A6NDX5	Q61116
A6NDX5	E9PZY4
A6NDX5	XP_032762048
A6NDX5	P28827-2
A6NDX5	Q14202-2
A6NDX5	Q8BQH6
A6NDX5	P10400
A6NDX5	P23377
A6NDX5	Q8BGL3
A6NDX5	P86176
A6NDX5	Q9D8K8
A6NDX5	Q9UJY5-2
A6NDX5	Q15303-3
A6NDX5	Q9NYF8-3
A6NDX5	Q62417-3
A6NDX5	Q8VDF2-2
A6NDX5	Q80V81
A6NDX5	Q9NSV4-1
A6NDX5	P06312
A6NDX5	B2RXH2
A6NDX5	Q8IW03
A6NDX5	Q9HC57
A6NDX5	NP_001100660
A6NDX5	Q9WTY2
A6NDX5	F1MAM1
A6NDX5	D4ACW1
A6NDX5	D3ZIH4
A6NDX5	Q568Z5
A6NDX5	XP_001074445
A6NDX5	Q9NZJ0_VAR_030354
A6NDX5	Q9NZJ0
A6NDX5	E9QAG8
A6NDX5	Q8VG89
A6NDX5	Q9JIB6
A6NDX5	Q80VW5-5
A6NDX5	Q7TR23
A6NDX5	F1LT94
A6NDX5	D3ZRJ6
A6NDX5	Q7TRH2
A6NDX5	Q3TYX3
A6NDX5	Q8VGH1
A6NDX5	E9PT25
A6NDX5	Q9JHV3
A6NDX5	Q96PN7-5
A6NDX5	Q8CJ17
A6NDX5	D3Z9J7
A6NDX5	P24941-2
A6NDX5	Q9D932
A6NDX5	I6LBX2
A6NDX5	Q9QXS8
A6NDX5	Q5XIC7
A6NDX5	P02600
A6NDX5	Q5XIK5
A6NDX5	P37996
A6NDX5	XP_016865637
A6NDX5	O75688-2
A6NDX5	Q92870-2
A6NDX5	B1APH4
A6NDX5	P0DMW2
A6NDX5	A2AG30
A6NDX5	D3ZB76
A6NDX5	D3ZBH5
A6NDX5	D3ZCK4
A6NDX5	P49760-3
A6NDX5	Q6AY87
A6NDX5	Q6MFY8
A6NDX5	P35637-2
A6NDX5	O75179-2
A6NDX5	Q9UBL3-2
A6NDX5	P45985-2
A6NDX5	Q9NVI7-2
A6NDX5	Q8BXP5
A6NDX5	Q9Y5G5
A6NDX5	Q8C013
A6NDX5	Q9Z1C8
A6NDX5	P48059-4
A6NDX5	Q498M5
A6NDX5	Q96T51-3
A6NDX5	D3ZJ91
A6NDX5	D3ZJM7
A6NDX5	E7EV07
A6NDX5	B4F7B6
A6NDX5	Q68CZ2-2
A6NDX5	Q5U334
A6NDX5	P61212
A6NDX5	P61211
A6NDX5	P50116
A6NDX5	Q15375-2
A6NDX5	G3V631
A6NDX5	F1M601
A6NDX5	D4ADI5
A6NDX5	P51673
A6NDX5	Q9NVM4-3
A6NDX5	A6NHY2
A6NDX5	D3YTQ3
A6NDX5	Q00889
A6NDX5	P15529-2
A6NDX5	Q99MK9-2
A6NDX5	Q6IMA9
A6NDX5	XP_003086164
A6NDX5	D4ABG1
A6NDX5	P51955-2
A6NDX5	Q9H7R5-2
A6NDX5	Q9H7R5
A6NDX5	Q92565-2
A6NDX5	Q2V057
A6NDX5	Q96JK2-2
A6NDX5	P29350-2
A6NDX5	D6R901
A6NDX5	C9JPN9
A6NDX5	A2A5N3
A6NDX5	O14497-2
A6NDX5	D3ZX42
A6NDX5	A2AK60
A6NDX5	Q66X05
A6NDX5	Q01167-2
A6NDX5	Q4TU76
A6NDX5	P02722
A6NDX5	P23607
A6NDX5	Q86UR5-3
A6NDX5	P85037-2
A6NDX5	Q6EIX2
A6NDX5	O95049-5
A6NDX5	Q6SZW1-2
A6NDX5	Q13310-3
A6NDX5	Q14694-2
A6NDX5	Q91ZW7
A6NDX5	P27812
A6NDX5	P02549-2
A6NDX5	P46734-3
A6NDX5	P06345
A6NDX5	P06331
A6NDX5	Q92870-4
A6NDX5	A0A075B6Q5
A6NDX5	Q96Q89-2
A6NDX5	Q9Y6U3-2
A6NDX5	W5PSA7
A6NDX5	Q9BQ16-4
A6NDX5	Q9BZL4-2
A6NDX5	Q9UBP0-3
A6NDX5	F1MFD1
A6NDX5	F1MT78
A6NDX5	Q3T0C8
A6NDX5	NP_001192739
A6NDX5	NP_001192870
A6NDX5	P35749-4
A6NDX5	P0CG04
A6NDX5	Q9Y3F4-2
A6NDX5	P16298-4
A6NDX5	Q15149-8
A6NDX5	P35580-4
A6NDX5	Q13555-7
A6NDX5	P51864
A6NDX5	Q5VST9-6
A6NDX5	Q68FW8
A6NDX5	Q642A6
A6NDX5	Q7TQM3
A6NDX5	Q6IE63
A6NDX5	Q499M5
A6NDX5	Q5EZ72
A6NDX5	Q5BJQ5
A6NDX5	P00759
A6NDX5	Q99MF4
A6NDX5	P0C927
A6NDX5	D3ZHH1
A6NDX5	Q5M7V1
A6NDX5	Q91Z63
A6NDX5	A8MXQ7
A6NDX5	Q63378
A6NDX5	Q15109-6
A6NDX5	Q7Z6G8-3
A6NDX5	Q71RC2-4
A6NDX5	Q9UIS9-9
A6NDX5	A0A0A0MS02
A6NDX5	D4AE08
A6NDX5	A0A0G2K4S7
A6NDX5	XP_038952178
A6NDX5	D3ZRP5
A6NDX5	D3ZQ02
A6NDX5	F1LN92
A6NDX5	Q9D2T6
A6NDX5	Q9BXM9-3
A6NDX5	G9CGD6-2
A6NDX5	A1L1J8
A6NDX5	Q9ER28
A6NDX5	B5DFE8
A6NDX5	D4A2G6
A6NDX5	O95744
A6NDX5	XP_038959540
A6NDX5	F1MA59
A6NDX5	P21743
A6NDX5	A0A087WW87
A6NDX5	P01614
A6NDX5	O95490-4
A6NDX5	P30836
A6NDX5	P51774
A6NDX5	P97844
A6NDX5	A0A5A2
A6NDX5	F1LVW7
A6NDX5	Q99PP0
A6NDX5	Q6IE64
A6NDX5	Q9Z122
A6NDX5	Q5XI13
A6NDX5	Q5QD11
A6NDX5	P50745
A6NDX5	P07897
A6NDX5	XP_003752181
A6NDX5	D3ZRL3
A6NDX5	A0A0K0K1B3
A6NDX5	F1LRJ1
A6NDX5	NP_001102334
A6NDX5	XP_038969186
A6NDX5	NP_001258194
A6NDX5	XP_038943191
A6NDX5	Q70J99-3
A6NDX5	Q80Z19
A6NDX5	Q15262-4
A6NDX5	Q6P7D0
A6NDX5	F1LN87
A6NDX5	Q5M857
A6NDX5	D4A0Q3
A6NDX5	Q8WZ42-6
A6NDX5	P07934
A6NDX5	O15266
A6NDX5	Q5T6S3-2
A6NDX5	Q8MJ44
A6NDX5	P59279
A6NDX5	B1AUE5
A6NDX5	P51880
A6NDX5	Q8R0W0
A6NDX5	D3YZZ5
A6NDX5	Q9UPN3-2
A6NDX5	P08883
A6NDX5	Q12873-3
A6NDX5	XP_341394
A6NDX5	D3ZWC6
A6NDX5	D3ZLU8
A6NDX5	P09023
A6NDX5	M0R3L1
A6NDX5	NP_001258424
A6NDX5	B2RPV6
A6NDX5	NP_001101773
A6NDX5	D4A4X4
A6NDX5	Q4G017
A6NDX5	D3YWQ0
A6NDX5	A1L1I3
A6NDX5	P0C7U0
A6NDX5	P47817
A6NDX5	NP_001101399
A6NDX5	Q9ESZ8
A6NDX5	Q6NZM9
A6NDX5	Q5SUV5
A6NDX5	NP_001100950
A6NDX5	P46734
A6NDX5	P10415
A6NDX5	P62139
A6NDX5	P62137
A6NDX5	P62138
A6NDX5	P62136
A6NDX5	P30427
A6NDX5	P54830
A6NDX5	Q925D6
A6NDX5	P70236
A6NDX5	Q13905
A6NDX5	Q13158
A6NDX5	P06748
A6NDX5	P28562
A6NDX5	P85037
A6NDX5	P97479
A6NDX5	Q8CIH5
A6NDX5	Q9Z138
A6NDX5	Q9R1D1
A6NDX5	Q9D2X0
A6NDX5	P20929
A6NDX5	Q15459
A6NDX5	Q99856
A6NDX5	Q14161
A6NDX5	Q8VC51
A6NDX5	P70441
A6NDX5	P11598
A6NDX5	Q8BHI9
A6NDX5	Q9QXQ0
A6NDX5	G3X942
A6NDX5	Q96PE2
A6NDX5	Q62245
A6NDX5	Q969Q5
A6NDX5	Q71RC2
A6NDX5	Q9NXF8
A6NDX5	B1AR17
A6NDX5	Q9BUZ4
A6NDX5	P52597
A6NDX5	Q5SXA9
A6NDX5	Q8BH66
A6NDX5	Q9WV48
A6NDX5	P09564
A6NDX5	Q9Z148
A6NDX5	O08808
A6NDX5	Q4VAH7
A6NDX5	Q8WUX1
A6NDX5	P81183
A6NDX5	P23771
A6NDX5	P30414
A6NDX5	Q9Z108
A6NDX5	Q9JHY1
A6NDX5	Q9CWV1
A6NDX5	Q9QWJ9
A6NDX5	Q4ACU6
A6NDX5	P57071
A6NDX5	Q5FW85
A6NDX5	P33176
A6NDX5	Q6ZSZ5
A6NDX5	Q15532
A6NDX5	Q8BVQ5
A6NDX5	Q4FZT2
A6NDX5	Q8K0D2
A6NDX5	Q80Z10
A6NDX5	Q9QX11
A6NDX5	P97694
A6NDX5	Q9NVM6
A6NDX5	Q91X20
A6NDX5	P21463
A6NDX5	Q3UWW6
A6NDX5	Q86XJ1
A6NDX5	P97452
A6NDX5	Q6P9A3
A6NDX5	A2AJ88
A6NDX5	Q8IY51
A6NDX5	Q8NFY4
A6NDX5	Q9Z1N7
A6NDX5	Q96MP8
A6NDX5	Q80TC5
A6NDX5	Q5VUG0
A6NDX5	Q9P0S2
A6NDX5	Q9P2P5
A6NDX5	P35749
A6NDX5	Q9WU79
A6NDX5	Q9Y6Y8
A6NDX5	Q9ERD6
A6NDX5	O89001
A6NDX5	Q9NRL2
A6NDX5	P61407
A6NDX5	P23578
A6NDX5	O75151
A6NDX5	O00300
A6NDX5	Q8VHK9
A6NDX5	P36537
A6NDX5	Q8CGE9
A6NDX5	Q9JLI2
A6NDX5	NP_001102447
A6NDX5	P52963
A6NDX5	O60765
A6NDX5	Q6PCD5
A6NDX5	Q61074
A6NDX5	P56597
A6NDX5	Q658N2
A6NDX5	Q3UGD5
A6NDX5	Q9UBC3-3
A6NDX5	O35701
A6NDX5	Q9NU39
A6NDX5	Q13595
A6NDX5	Q5U2Z3
A6NDX5	Q91XS1
A6NDX5	A4D2B8
A6NDX5	Q86X67
A6NDX5	Q9NVM1
A6NDX5	Q9P0V3
A6NDX5	Q6QEF8
A6NDX5	Q62255
A6NDX5	Q4VAC9
A6NDX5	Q8VGC7
A6NDX5	Q9EST8
A6NDX5	Q8BXX2
A6NDX5	Q9BTD8
A6NDX5	P59044
A6NDX5	P28825
A6NDX5	Q2VLH6
A6NDX5	O15072
A6NDX5	P10075
A6NDX5	P00742
A6NDX5	Q9BXT4
A6NDX5	Q8C8T7
A6NDX5	Q9ET66
A6NDX5	Q96A83
A6NDX5	Q9BQ31
A6NDX5	Q9D3D0
A6NDX5	Q9JLG4
A6NDX5	Q8K0E8
A6NDX5	Q8IYS0
A6NDX5	Q6F5E8
A6NDX5	P40394
A6NDX5	Q8NCK3
A6NDX5	Q8BVP1
A6NDX5	Q8VEU2
A6NDX5	Q9BRS8
A6NDX5	Q9QUN7
A6NDX5	Q6PD29
A6NDX5	Q99784
A6NDX5	O08918
A6NDX5	P58391
A6NDX5	Q8BX79
A6NDX5	Q7TN84
A6NDX5	Q6Q0C0
A6NDX5	P02458
A6NDX5	P08254
A6NDX5	P58659
A6NDX5	Q06455
A6NDX5	P58658
A6NDX5	Q13105
A6NDX5	P28289
A6NDX5	O75604
A6NDX5	Q12959-2
A6NDX5	Q0VF58
A6NDX5	Q7KYR7
A6NDX5	P30405
A6NDX5	P98066
A6NDX5	Q9WV04
A6NDX5	Q91WN1
A6NDX5	O75937
A6NDX5	Q921R4
A6NDX5	Q5VTJ3
A6NDX5	Q6ZUT3
A6NDX5	Q8NFT8
A6NDX5	Q9UBC5
A6NDX5	P10074
A6NDX5	Q969M7
A6NDX5	Q9JJN5
A6NDX5	E9PX57
A6NDX5	Q9UGK8
A6NDX5	Q70EL2
A6NDX5	Q7Z7A1
A6NDX5	Q8R516
A6NDX5	Q8C5W0
A6NDX5	Q96Q42
A6NDX5	Q9UKS6
A6NDX5	Q9D5R2
A6NDX5	A8MW92
A6NDX5	O43194
A6NDX5	Q96QU1
A6NDX5	Q96K83
A6NDX5	Q8WWQ8
A6NDX5	Q17R91
A6NDX5	Q96RU2
A6NDX5	Q3V1L6
A6NDX5	Q8IZA0
A6NDX5	O15381
A6NDX5	Q96RE9
A6NDX5	Q8TE76
A6NDX5	Q8NDX6
A6NDX5	P02564
A6NDX5	Q9JHI5
A6NDX5	P03956
A6NDX5	Q8C570
A6NDX5	Q3SWS8
A6NDX5	Q96RI8
A6NDX5	Q9NXW2
A6NDX5	Q64368
A6NDX5	Q80XJ3
A6NDX5	Q15717
A6NDX5	P12246
A6NDX5	Q8BL66
A6NDX5	P82979
A6NDX5	Q14149
A6NDX5	P18084
A6NDX5	Q9Y2U8
A6NDX5	P55209
A6NDX5	Q8R0J1
A6NDX5	P30085
A6NDX5	O60784
A6NDX5	Q9D952
A6NDX5	Q3UH06
A6NDX5	Q64378
A6NDX5	P59114
A6NDX5	Q14162
A6NDX5	A2A5K6
A6NDX5	Q9D0B0
A6NDX5	P28740-1
A6NDX5	Q9Z0R4
A6NDX5	Q9CXV0
A6NDX5	P10499
A6NDX5	P16388
A6NDX5	Q63755
A6NDX5	Q8K3E9
A6NDX5	P28088
A6NDX5	P16403
A6NDX5	Q9QW30
A6NDX5	P16235
A6NDX5	Q8N6H7
A6NDX5	Q38SD2
A6NDX5	Q8TCZ2
A6NDX5	Q6DT37
A6NDX5	Q96I51
A6NDX5	Q5F2E8
A6NDX5	Q6AYT8
A6NDX5	Q9NSI8
A6NDX5	Q99PP7
A6NDX5	Q62318
A6NDX5	P25118
A6NDX5	Q07139
A6NDX5	O77506
A6NDX5	Q14511
A6NDX5	Q91ZM2
A6NDX5	Q14AX6
A6NDX5	P35372
A6NDX5	O88445
A6NDX5	Q8WXR4
A6NDX5	Q08881
A6NDX5	Q8K1R7
A6NDX5	Q96RG2
A6NDX5	Q62925
A6NDX5	Q61846
A6NDX5	P29475
A6NDX5	P11362-21
A6NDX5	Q86V86
A6NDX5	O88643
A6NDX5	Q06226
A6NDX5	P49840
A6NDX5	P98083
A6NDX5	P70600
A6NDX5	Q02779
A6NDX5	P15208
A6NDX5	Q6P5G0
A6NDX5	Q9JKK8
A6NDX5	Q9Z0R6
A6NDX5	Q9UHB6
A6NDX5	O14901
A6NDX5	Q5TCZ1
A6NDX5	Q62862
A6NDX5	Q9WVS7
A6NDX5	P52944
A6NDX5	P10644
A6NDX5	O00443
A6NDX5	O00257
A6NDX5	O60462
A6NDX5	Q61730
A6NDX5	Q86U42
A6NDX5	Q28165
A6NDX5	P97792
A6NDX5	O54988
A6NDX5	Q969S2
A6NDX5	Q9HC52
A6NDX5	Q9CXB8
A6NDX5	Q9DCE5
A6NDX5	P29279
A6NDX5	Q8BPM0
A6NDX5	Q9NR97
A6NDX5	Q9HAU4
A6NDX5	Q9CSB4
A6NDX5	Q9P209
A6NDX5	P10966
A6NDX5	P07360
A6NDX5	Q5TAT6
A6NDX5	P29373
A6NDX5	O75342
A6NDX5	P02790
A6NDX5	Q3TR08
A6NDX5	Q5JV73
A6NDX5	Q920G9
A6NDX5	Q8IZF3
A6NDX5	Q14BX2
A6NDX5	Q15743
A6NDX5	Q9UFB7
A6NDX5	Q8NAM6
A6NDX5	Q00887
A6NDX5	P05937
A6NDX5	Q3TIU4
A6NDX5	Q8R151
A6NDX5	Q8VFH8
A6NDX5	Q8CDC7
A6NDX5	Q9DC63
A6NDX5	Q7M761
A6NDX5	Q9XSM3
A6NDX5	Q9H2H9
A6NDX5	Q9WVH6
A6NDX5	Q9JK71
A6NDX5	XP_575255
A6NDX5	XP_341608
A6NDX5	Q9P203
A6NDX5	XP_573725
A6NDX5	Q5NBY9
A6NDX5	O15393
A6NDX5	P18054
A6NDX5	Q8N8A2
A6NDX5	P00748
A6NDX5	Q07643
A6NDX5	Q14439
A6NDX5	Q9D417
A6NDX5	Q02395
A6NDX5	Q8BHD1
A6NDX5	Q0VDN7
A6NDX5	P35571
A6NDX5	P09079
A6NDX5	P58334
A6NDX5	Q969R5
A6NDX5	Q86WK6
A6NDX5	Q8K057
A6NDX5	P0C1S8
A6NDX5	Q2VY69
A6NDX5	Q8CFA7
A6NDX5	Q5FWS5
A6NDX5	Q9JK37
A6NDX5	Q8IWS0-2
A6NDX5	P51942
A6NDX5	P06133
A6NDX5	Q8BIA3
A6NDX5	Q9P2E2
A6NDX5	Q96JP0
A6NDX5	P10070-2
A6NDX5	P70032
A6NDX5	Q8K4Q6
A6NDX5	Q9NR80
A6NDX5	D3ZA12
A6NDX5	P46937-2
A6NDX5	P52738
A6NDX5	Q8BH27
A6NDX5	Q920A0
A6NDX5	O88609
A6NDX5	P0C5Z0
A6NDX5	Q969R2
A6NDX5	P29121
A6NDX5	A4D2G3
A6NDX5	O35402
A6NDX5	P01615
A6NDX5	A0A075B6P5
A6NDX5	Q8CFP6
A6NDX5	Q8K5A4
A6NDX5	A2A761
A6NDX5	Q7Z601
A6NDX5	Q2UY11
A6NDX5	A2VEC9
A6NDX5	O75093
A6NDX5	Q9Y2P0
A6NDX5	Q80X56
A6NDX5	Q9ESX4
A6NDX5	YP_009725307
A6NDX5	Q9D384
A6NDX5	Q8NF37
A6NDX5	Q6PF15
A6NDX5	Q5T619
A6NDX5	Q8R1V4
A6NDX5	Q9D1C1
A6NDX5	Q5VZ52
A6NDX5	P23142-4
A6NDX5	O35738
A6NDX5	P04070
A6NDX5	P20650
A6NDX5	E9Q7P1
A6NDX5	NP_001102523
A6NDX5	Q8VDI7
A6NDX5	Q9H3W5
A6NDX5	P48039
A6NDX5	Q8JZL2
A6NDX5	Q8C6U8
A6NDX5	Q5XIT7
A6NDX5	P07910-4
A6NDX5	Q3U6B2
A6NDX5	P28336
A6NDX5	Q6GQR8
A6NDX5	O76071
A6NDX5	P0C192
A6NDX5	Q9HC58
A6NDX5	Q2NKW2
A6NDX5	Q8IZ20
A6NDX5	Q9HC38-2
A6NDX5	Q9Y5I0-2
A6NDX5	P05997
A6NDX5	Q9UJA9
A6NDX5	Q7TQV9
A6NDX5	D3YYM0
A6NDX5	Q64247
A6NDX5	Q8VF48
A6NDX5	Q99M85
A6NDX5	Q9HBE1-4
A6NDX5	Q8BFU0
A6NDX5	Q5NUL3-1
A6NDX5	F1ND54
A6NDX5	Q9NQ03
A6NDX5	Q6IMB1
A6NDX5	Q8WUK0-3
A6NDX5	Q91ZY2
A6NDX5	Q9HA38
A6NDX5	Q8IZS7
A6NDX5	O94875-3
A6NDX5	Q8IZ08
A6NDX5	A8MQ27
A6NDX5	Q86V71
A6NDX5	A7TZG1
A6NDX5	Q5VU92
A6NDX5	P59190-2
A6NDX5	D3YZF7
A6NDX5	A2AUK5
A6NDX5	D3ZZT7
A6NDX5	Q5SVJ0
A6NDX5	Q8VCH5
A6NDX5	A2BHP1
A6NDX5	Q7TRA1
A6NDX5	Q9R014
A6NDX5	Q92876
A6NDX5	Q8TD07
A6NDX5	NP_904322
A6NDX5	E9Q2M9
A6NDX5	Q8R2Q0
A6NDX5	Q60772
A6NDX5	Q8R5G4
A6NDX5	Q8BI66
A6NDX5	Q8VC98
A6NDX5	Q5NC44
A6NDX5	Q8IXV7
A6NDX5	P41243
A6NDX5	Q7TQS8
A6NDX5	Q71UE8
A6NDX5	P29595
A6NDX5	Q9H832
A6NDX5	P36510
A6NDX5	O35457
A6NDX5	D3ZPU4
A6NDX5	NP_001101297
A6NDX5	D3ZM99
A6NDX5	F1MAB7
A6NDX5	D3ZVB9
A6NDX5	D4ABM3
A6NDX5	NP_001127992
A6NDX5	D4A6T9
A6NDX5	D3ZTZ7
A6NDX5	NP_001102591
A6NDX5	Q925B3
A6NDX5	P70550
A6NDX5	P61028
A6NDX5	Q5MJ12
A6NDX5	A2RT62
A6NDX5	Q8QZZ7
A6NDX5	P06760
A6NDX5	P98064
A6NDX5	A2AC93
A6NDX5	XP_923020
A6NDX5	Q3UWE6
A6NDX5	XP_001076653
A6NDX5	O43897
A6NDX5	Q99MY2
A6NDX5	Q3TL54
A6NDX5	A0A0J9YUW3
A6NDX5	Q7TRP3
A6NDX5	Q96LZ3
A6NDX5	A1KZ92
A6NDX5	P40313
A6NDX5	Q9UKR3
A6NDX5	XP_002726895
A6NDX5	Q13554-3
A6NDX5	B1WC50
A6NDX5	Q86XP0
A6NDX5	P97306
A6NDX5	B1WC68
A6NDX5	Q8VH37
A6NDX5	Q5S255
A6NDX5	E9Q9U0
A6NDX5	P70563
A6NDX5	Q62796
A6NDX5	P35230
A6NDX5	B1AUC7
A6NDX5	Q6NSJ5
A6NDX5	O94941
A6NDX5	Q58Y75
A6NDX5	D4ABB4
A6NDX5	D4A6W9
A6NDX5	NP_001101094
A6NDX5	Q08464
A6NDX5	Q9H2X0
A6NDX5	D3ZSV6
A6NDX5	Q7TNJ5
A6NDX5	Q99944
A6NDX5	G3V7K1
A6NDX5	L7MTT3
A6NDX5	P36405
A6NDX5	A8MTL0
A6NDX5	Q9H568
A6NDX5	O35548
A6NDX5	Q5CZA5
A6NDX5	R9W7X6
A6NDX5	Q13203
A6NDX5	D4A233
A6NDX5	D3ZZL8
A6NDX5	P78310-2
A6NDX5	Q3TZX3
A6NDX5	Q9QXZ9
A6NDX5	Q91YP6
A6NDX5	Q86XR7-2
A6NDX5	Q9R0Q2
A6NDX5	P43118
A6NDX5	O43869
A6NDX5	Q4V8G4
A6NDX5	P14600
A6NDX5	P34997
A6NDX5	XP_344494
A6NDX5	Q9BSJ1
A6NDX5	Q5USC0
A6NDX5	B0V2W4
A6NDX5	P31390
A6NDX5	P19174-2
A6NDX5	Q8NGN7
A6NDX5	Q8NGI4
A6NDX5	Q8NG97
A6NDX5	P03999
A6NDX5	P29017
A6NDX5	Q5NCD0
A6NDX5	Q8IZF4
A6NDX5	Q6IF36
A6NDX5	Q62177
A6NDX5	Q8NH89
A6NDX5	O54709
A6NDX5	F8VQ18
A6NDX5	Q8NH57
A6NDX5	Q8NGJ4
A6NDX5	P46095
A6NDX5	Q13795
A6NDX5	E9Q3G0
A6NDX5	NP_001155274
A6NDX5	Q8N587
A6NDX5	O43316
A6NDX5	A8MW92-2
A6NDX5	G3V627
A6NDX5	O95231
A6NDX5	Q6PIV2
A6NDX5	Q9UNL4-5
A6NDX5	Q05215
A6NDX5	Q923X5
A6NDX5	Q8BWJ4
A6NDX5	Q9QZS3-2
A6NDX5	Q60949-2
A6NDX5	E0CYQ0
A6NDX5	Q80VJ6
A6NDX5	NP_001101396
A6NDX5	P01635
A6NDX5	Q4G0T1
A6NDX5	P06323
A6NDX5	Q91ZW9
A6NDX5	Q5JS13-2
A6NDX5	A0A0A6YY25
A6NDX5	O95819-6
A6NDX5	A7XUZ6
A6NDX5	P45974-2
A6NDX5	P50221
A6NDX5	O60861-2
A6NDX5	Q9NWX5-2
A6NDX5	P13688-9
A6NDX5	P13832
A6NDX5	Q6ZWQ9
A6NDX5	Q9UFV1
A6NDX5	A6PVI3
A6NDX5	Q5EB52
A6NDX5	B2RWG3
A6NDX5	Q9ESH5
A6NDX5	Q0VGK1
A6NDX5	NP_001100910
A6NDX5	O35828
A6NDX5	B4F767
A6NDX5	Q9JIA9
A6NDX5	NP_001000472
A6NDX5	B5DEG9
A6NDX5	E9PUV9
A6NDX5	Q498T9
A6NDX5	Q8VGF0
A6NDX5	F1M107
A6NDX5	Q9WV63-2
A6NDX5	Q14678-2
A6NDX5	F7FMK8
A6NDX5	D4A0T6
A6NDX5	F6VWU8
A6NDX5	P39039
A6NDX5	Q96PN7-2
A6NDX5	Q9UKS7-4
A6NDX5	D3ZFJ0
A6NDX5	Q6AXN5
A6NDX5	D3ZV40
A6NDX5	O94868-2
A6NDX5	Q9BYV6-4
A6NDX5	XP_002729926
A6NDX5	I6LBX4
A6NDX5	Q9QXS7
A6NDX5	D3ZHX3
A6NDX5	Q5PR73
A6NDX5	Q9R0T3
A6NDX5	Q80ZD7
A6NDX5	Q9JIK1
A6NDX5	P15384
A6NDX5	Q8C9R9
A6NDX5	Z4YJP0
A6NDX5	Q9ERU2
A6NDX5	D3ZXP8
A6NDX5	Q8BKV0-2
A6NDX5	Q9UPQ3-2
A6NDX5	Q62651
A6NDX5	Q64230
A6NDX5	P25911-2
A6NDX5	O75820-2
A6NDX5	Q9Y2Q0-3
A6NDX5	E7ETH6
A6NDX5	P08882
A6NDX5	D3ZQU7
A6NDX5	O60281-2
A6NDX5	Q9NNW7-2
A6NDX5	Q9UGU0-2
A6NDX5	Q9QYJ7
A6NDX5	D3ZVM6
A6NDX5	Q99729-2
A6NDX5	Q6NY19-1
A6NDX5	Q9UBL3-3
A6NDX5	Q9HC98-2
A6NDX5	Q96HB5-4
A6NDX5	Q6PJF5-2
A6NDX5	Q91XY0
A6NDX5	D4ABX8
A6NDX5	D3Z8N2
A6NDX5	Q8BFX1
A6NDX5	O96013-2
A6NDX5	G3V912
A6NDX5	D4A9M7
A6NDX5	Q6ZMY3-2
A6NDX5	Q68FR3
A6NDX5	P06493-2
A6NDX5	Q8NC51-2
A6NDX5	F1LZM0
A6NDX5	D3ZHA2
A6NDX5	A1L390-2
A6NDX5	Q9QUZ8
A6NDX5	Q9NVM4-4
A6NDX5	Q06141
A6NDX5	Q6RKB3
A6NDX5	Q86YR5-4
A6NDX5	NP_446313
A6NDX5	NP_001000256
A6NDX5	Q8VF89
A6NDX5	Q96Q07-2
A6NDX5	A6NMS7
A6NDX5	O60271-3
A6NDX5	O43426-2
A6NDX5	O00192-2
A6NDX5	O60333-2
A6NDX5	Q96B02-2
A6NDX5	P23470-2
A6NDX5	P52594-2
A6NDX5	Q01484-2
A6NDX5	P62136-2
A6NDX5	D4A5B9
A6NDX5	NP_001000311
A6NDX5	A0A0G2JU69
A6NDX5	Q8WYH8-2
A6NDX5	P49748-2
A6NDX5	D4ABI3
A6NDX5	Q9NW75-2
A6NDX5	Q96Q15-2
A6NDX5	Q12873
A6NDX5	Q8N5S1-2
A6NDX5	O60237-3
A6NDX5	O00257-3
A6NDX5	Q14694-3
A6NDX5	P46100-4
A6NDX5	P0CG09
A6NDX5	Q92538-2
A6NDX5	Q3TYX8
A6NDX5	Q99JB4
A6NDX5	Q9Y2L6-2
A6NDX5	Q7Z333-3
A6NDX5	P06344
A6NDX5	P01824
A6NDX5	Q92870-3
A6NDX5	P52735-2
A6NDX5	A0A0A0MS15
A6NDX5	A7E2S9
A6NDX5	Q96Q89-3
A6NDX5	Q9Y6U3-3
A6NDX5	P0DOY1
A6NDX5	Q5ZJB0
A6NDX5	A0A0A0MT76
A6NDX5	Q9UBX3-2
A6NDX5	Q9Y5P4-3
A6NDX5	Q9BZL4-4
A6NDX5	Q9UBP0-2
A6NDX5	Q9H019-2
A6NDX5	Q6WKZ4-3
A6NDX5	G5E5X0
A6NDX5	G3X8R9
A6NDX5	Q9DAR9
A6NDX5	A7YY57
A6NDX5	Q01713
A6NDX5	P01706
A6NDX5	P29122-7
A6NDX5	P03975
A6NDX5	P48454-3
A6NDX5	Q9UPN3-5
A6NDX5	Q13557-11
A6NDX5	A6NMB1
A6NDX5	Q96K58-2
A6NDX5	P14151-2
A6NDX5	A0A578
A6NDX5	P22273
A6NDX5	Q8VHK6
A6NDX5	D3ZD19
A6NDX5	Q52KK3
A6NDX5	D3ZL52
A6NDX5	P0C6Y7
A6NDX5	P15725
A6NDX5	Q63691
A6NDX5	D3Z902
A6NDX5	P08427
A6NDX5	F1LU71
A6NDX5	P35467
A6NDX5	Q15326-2
A6NDX5	Q8WZ73-2
A6NDX5	Q7Z5N4-3
A6NDX5	P07911-5
A6NDX5	Q15717-2
A6NDX5	P78324-2
A6NDX5	O00743-3
A6NDX5	Q4QR68
A6NDX5	XP_038956572
A6NDX5	A0A0G2K7V7
A6NDX5	Q8N8J0
A6NDX5	E9Q6R4
A6NDX5	D4A019
A6NDX5	XP_006256466
A6NDX5	D3ZCT5
A6NDX5	G9CGD6-3
A6NDX5	Q5I0I4
A6NDX5	G3V7P2
A6NDX5	O54988-2
A6NDX5	Q8BYK6-3
A6NDX5	Q86W74-1
A6NDX5	A0A1W2PPM1
A6NDX5	G3V6G5
A6NDX5	Q9QXE7
A6NDX5	B2RNG4
A6NDX5	Q7TPF1
A6NDX5	Q9JHC6
A6NDX5	Q9R1T3
A6NDX5	Q13670
A6NDX5	Q62682
A6NDX5	Q6J329
A6NDX5	Q8IUI4
A6NDX5	Q6MFY5
A6NDX5	P80020
A6NDX5	A0A0K0K1G6
A6NDX5	Q6AXS0
A6NDX5	Q6YAT4
A6NDX5	A0A1B0GV85
A6NDX5	Q6QMY6
A6NDX5	Q923X8
A6NDX5	O88583
A6NDX5	P43425
A6NDX5	Q5U1W5
A6NDX5	B5DFI4
A6NDX5	F1LMD5
A6NDX5	A0A024RBG1
A6NDX5	F1M7P1
A6NDX5	XP_038943360
A6NDX5	Q8K4R4
A6NDX5	NP_001382655
A6NDX5	Q14103-4
A6NDX5	Q9H0F7-2
A6NDX5	Q9NXW2-2
A6NDX5	Q02874
A6NDX5	D4ABE5
A6NDX5	Q6P4Z7
A6NDX5	D3ZRD9
A6NDX5	Q9EQX4
A6NDX5	Q5BK52
A6NDX5	D4A586
A6NDX5	D3ZNV6
A6NDX5	E9QA28
A6NDX5	O89114
A6NDX5	O75953
A6NDX5	Q8VGN1
A6NDX5	Q62070
A6NDX5	NP_001020793
A6NDX5	P53007
A6NDX5	Q9D2E1
A6NDX5	P20651
A6NDX5	Q9NR31
A6NDX5	Q6AY18
A6NDX5	Q8CI85
A6NDX5	NP_001101136
A6NDX5	XP_003752558
A6NDX5	NP_001094028
A6NDX5	A0A0G2JZ71
A6NDX5	P0C5Y8
A6NDX5	F1LMV6
A6NDX5	D3ZTY9
A6NDX5	A0A0G2K543
A6NDX5	O08629
A6NDX5	F1LV01
A6NDX5	E9Q2E4
A6NDX5	NP_001102720
A6NDX5	NP_001178623
A6NDX5	Q6N022
A6NDX5	D3ZDV2
A6NDX5	Q4V8A3
A6NDX5	Q5U2Y1
A6NDX5	P56524
A6NDX5	A0A0G2JV12
A6NDX5	Q5U2T9
A6NDX5	O35495
A6NDX5	Q9P286
A6NDX5	Q8R508
A6NDX5	XP_240734
A6NDX5	Q4KLN3
A6NDX5	P26440
A6NDX5	P00539
A6NDX5	Q13402
A6NDX5	P52564
A6NDX5	Q61772
A6NDX5	P54759
A6NDX5	P04409
A6NDX5	P68403
A6NDX5	P68404
A6NDX5	Q9UM54
A6NDX5	O88566
A6NDX5	P16885
A6NDX5	Q92613
A6NDX5	Q60949
A6NDX5	P47791
A6NDX5	Q8C0D4
A6NDX5	Q9H329
A6NDX5	Q8BWR2
A6NDX5	O14745
A6NDX5	Q9BUJ2
A6NDX5	Q8K4I3
A6NDX5	Q8IY84
A6NDX5	P57780
A6NDX5	Q08050-2
A6NDX5	Q9HD26
A6NDX5	Q9BXF6
A6NDX5	Q92922
A6NDX5	Q08274
A6NDX5	Q9WU42
A6NDX5	Q9UKY1
A6NDX5	Q9Y580
A6NDX5	P70398
A6NDX5	Q8IX03
A6NDX5	Q6L8Q7
A6NDX5	Q8WUY3
A6NDX5	P57784
A6NDX5	D3ZZR5
A6NDX5	Q9Y566
A6NDX5	P50458
A6NDX5	Q9Z0S2
A6NDX5	Q9NZ56
A6NDX5	Q9D7A3
A6NDX5	P59242
A6NDX5	Q14126
A6NDX5	P70295
A6NDX5	A8MVW5
A6NDX5	Q3TEA8
A6NDX5	Q9UKS7
A6NDX5	O94885
A6NDX5	P29452
A6NDX5	Q0VDU3
A6NDX5	O95793
A6NDX5	Q9UJA3
A6NDX5	P97333
A6NDX5	A2A5Z6
A6NDX5	Q16288-2
A6NDX5	O94769
A6NDX5	P78317
A6NDX5	Q9Y570
A6NDX5	Q14520
A6NDX5	Q9NZ94
A6NDX5	Q8BVD5
A6NDX5	Q13117
A6NDX5	Q15223-2
A6NDX5	Q15438
A6NDX5	Q8BZ33
A6NDX5	Q6S5L9
A6NDX5	Q61572
A6NDX5	Q8NH02
A6NDX5	Q6IEZ7
A6NDX5	P47750
A6NDX5	Q14137
A6NDX5	Q8BG40
A6NDX5	Q8C8Z3
A6NDX5	Q6ZV29
A6NDX5	Q96E66
A6NDX5	Q9QYL0
A6NDX5	Q8IVW6
A6NDX5	Q8CGQ8
A6NDX5	Q9P215
A6NDX5	O76081
A6NDX5	Q9UJV3
A6NDX5	O43272
A6NDX5	Q86X27
A6NDX5	O60522
A6NDX5	P10323
A6NDX5	Q60769
A6NDX5	Q9D1G1
A6NDX5	Q9H0U4
A6NDX5	Q9CWU2
A6NDX5	Q9EQZ6
A6NDX5	Q9H254
A6NDX5	Q8VIF2
A6NDX5	Q9UGL1
A6NDX5	P46934-4
A6NDX5	P25940
A6NDX5	Q9HCS5
A6NDX5	Q4KLM4
A6NDX5	O15355
A6NDX5	P51675
A6NDX5	P97819
A6NDX5	Q5SUE7
A6NDX5	O14771
A6NDX5	Q9ERI5
A6NDX5	Q6AYK2
A6NDX5	A6NKT7
A6NDX5	Q8BZW2
A6NDX5	Q13939
A6NDX5	Q78ZA7
A6NDX5	Q8CG27
A6NDX5	Q9NYA4
A6NDX5	Q8N3Y1
A6NDX5	P27931
A6NDX5	Q8K0G8
A6NDX5	Q5U4E2
A6NDX5	Q9BXA9
A6NDX5	A1L390
A6NDX5	B1AUH1
A6NDX5	Q8N6W0
A6NDX5	Q6PEZ8
A6NDX5	Q68DX3
A6NDX5	P31316
A6NDX5	Q8WXA3
A6NDX5	Q5DTJ9
A6NDX5	Q6P5E8
A6NDX5	Q16819
A6NDX5	Q86VB7
A6NDX5	Q9BSW7
A6NDX5	Q9Z0M3
A6NDX5	P10072
A6NDX5	Q8N461
A6NDX5	Q148W8
A6NDX5	Q69ZB0
A6NDX5	Q6UXB8
A6NDX5	Q9BTV5
A6NDX5	Q13201
A6NDX5	Q9BTX7
A6NDX5	Q9NZM6
A6NDX5	Q7TQJ8
A6NDX5	Q8BGW4
A6NDX5	Q6ZPF3
A6NDX5	Q9BWM5
A6NDX5	Q8N9V2
A6NDX5	Q7TRC4
A6NDX5	Q9WV86
A6NDX5	O60603
A6NDX5	Q8N8E2
A6NDX5	Q16589
A6NDX5	Q7TSH7
A6NDX5	Q9UGI6
A6NDX5	Q8N8J6
A6NDX5	Q99679
A6NDX5	Q6XE24
A6NDX5	O75094
A6NDX5	Q80Y32
A6NDX5	Q14993
A6NDX5	Q91WQ5
A6NDX5	O88796
A6NDX5	Q9HAQ2
A6NDX5	NP_001074804
A6NDX5	Q8WXX5
A6NDX5	Q6Y2X3
A6NDX5	Q56A08
A6NDX5	O95661
A6NDX5	Q91WG0
A6NDX5	P15169
A6NDX5	Q6ZMV9
A6NDX5	Q9HCX3
A6NDX5	Q61771
A6NDX5	D3ZI07
A6NDX5	Q61474
A6NDX5	Q8K3P4
A6NDX5	Q9Z2N8
A6NDX5	Q4KM87
A6NDX5	Q9CXM0
A6NDX5	Q6AYU3
A6NDX5	Q9WVT6
A6NDX5	Q59IW6
A6NDX5	Q5M871
A6NDX5	Q99L88
A6NDX5	Q60I26
A6NDX5	P21757
A6NDX5	Q80U22
A6NDX5	P59997
A6NDX5	Q6NZN1
A6NDX5	Q8NB50
A6NDX5	Q3UZV7
A6NDX5	A2APF3
A6NDX5	NP_001034667
A6NDX5	P0C091
A6NDX5	Q6PGA0
A6NDX5	Q9BXI2
A6NDX5	Q99757
A6NDX5	Q01717
A6NDX5	Q96AY4
A6NDX5	Q4G5Y1
A6NDX5	O95754
A6NDX5	P02743
A6NDX5	Q9D706
A6NDX5	Q15075
A6NDX5	P57080
A6NDX5	P32507-2
A6NDX5	Q3KR16
A6NDX5	Q8NEA9
A6NDX5	Q86YV6
A6NDX5	P25444
A6NDX5	P27952
A6NDX5	P98086
A6NDX5	Q9JJ28
A6NDX5	Q8TEQ6
A6NDX5	Q92766
A6NDX5	Q13451
A6NDX5	Q9H4Z3
A6NDX5	Q9UKF7
A6NDX5	Q9H4Z2
A6NDX5	Q92576
A6NDX5	Q13242
A6NDX5	Q96A47
A6NDX5	Q9Z1R2
A6NDX5	Q13029
A6NDX5	Q80W88
A6NDX5	Q9PU52
A6NDX5	Q62132
A6NDX5	Q3V096
A6NDX5	P30730
A6NDX5	P55200
A6NDX5	P06869
A6NDX5	Q8CG79
A6NDX5	Q8CDN9
A6NDX5	Q8IYR2
A6NDX5	Q9UK32
A6NDX5	Q7L7X3
A6NDX5	Q9H223
A6NDX5	Q13263
A6NDX5	P06396
A6NDX5	Q99MZ8
A6NDX5	Q5VT25
A6NDX5	Q9NRF2
A6NDX5	Q9NYV4
A6NDX5	P26041
A6NDX5	Q9UQB9
A6NDX5	Q5HZV9
A6NDX5	P30993
A6NDX5	Q3TZ86
A6NDX5	Q8TD19
A6NDX5	P53349
A6NDX5	Q14680
A6NDX5	P29597
A6NDX5	P41242
A6NDX5	Q07279
A6NDX5	P16389
A6NDX5	P21146
A6NDX5	O15554
A6NDX5	O46469
A6NDX5	P49759
A6NDX5	P11717
A6NDX5	P39951
A6NDX5	P09581
A6NDX5	P31152
A6NDX5	P07910
A6NDX5	Q9UGU0
A6NDX5	P19235
A6NDX5	Q61831
A6NDX5	Q920R2
A6NDX5	D4ABZ7
A6NDX5	Q9QZB0
A6NDX5	O55187
A6NDX5	O43918
A6NDX5	Q9UPA5
A6NDX5	Q9UPX8-4
A6NDX5	P52272
A6NDX5	O43520
A6NDX5	Q96QZ7
A6NDX5	P97436
A6NDX5	Q14184
A6NDX5	Q15813
A6NDX5	Q9QWH1
A6NDX5	P58682
A6NDX5	Q9H6Z4
A6NDX5	A1L134
A6NDX5	Q6P2L6
A6NDX5	Q9D3R3
A6NDX5	Q80UG2
A6NDX5	P10300
A6NDX5	Q8VCG4
A6NDX5	Q9R1N9
A6NDX5	Q9Y2G8
A6NDX5	Q91ZY8
A6NDX5	O70582
A6NDX5	Q91X72
A6NDX5	Q52WX2
A6NDX5	F1M0J7
A6NDX5	Q8TC99
A6NDX5	Q8N475
A6NDX5	Q9UKD1
A6NDX5	Q9D2L6
A6NDX5	Q9H008
A6NDX5	Q8BFQ3
A6NDX5	Q9HCC9
A6NDX5	O94889
A6NDX5	Q8N1W1
A6NDX5	F1LSG7
A6NDX5	B4F7E7
A6NDX5	P12658
A6NDX5	P07171
A6NDX5	Q9CQ19
A6NDX5	P24844
A6NDX5	Q86TJ5
A6NDX5	Q5U2Q0
A6NDX5	Q99527
A6NDX5	Q6P5S8
A6NDX5	Q96RD3
A6NDX5	Q8K2P7
A6NDX5	Q91XQ1
A6NDX5	A2A7B5
A6NDX5	XP_001066690
A6NDX5	XP_573728
A6NDX5	Q9JIQ8
A6NDX5	P39655
A6NDX5	Q8N393
A6NDX5	Q9Y5Q0
A6NDX5	Q8BKD6
A6NDX5	Q80WT4
A6NDX5	Q86VY4
A6NDX5	Q9H6Y2
A6NDX5	Q8K2A1
A6NDX5	Q9NR22
A6NDX5	P17481
A6NDX5	Q9C0H6
A6NDX5	Q80ZD8
A6NDX5	Q8N9C0
A6NDX5	Q12951
A6NDX5	XP_578249
A6NDX5	Q9Y4E5
A6NDX5	Q9Y5W3
A6NDX5	P01116-2
A6NDX5	P0CI25
A6NDX5	P0CI26
A6NDX5	P15529-11
A6NDX5	Q8CEF1
A6NDX5	D3ZZR4
A6NDX5	Q9Y2I2-4
A6NDX5	Q7Z4L9-2
A6NDX5	Q09XV5
A6NDX5	O60663
A6NDX5	Q5QNQ6
A6NDX5	Q6UW60
A6NDX5	Q3TL44
A6NDX5	Q9H205
A6NDX5	Q9NS68
A6NDX5	P01602
A6NDX5	Q03692
A6NDX5	Q7TQN9
A6NDX5	Q8N1T3
A6NDX5	F8VPQ2
A6NDX5	Q8CG65
A6NDX5	Q80TR4
A6NDX5	P12107-2
A6NDX5	Q96DW6
A6NDX5	XP_001077478
A6NDX5	Q8NFJ6
A6NDX5	Q9P2F9
A6NDX5	Q02985
A6NDX5	Q86WK7
A6NDX5	Q86SJ2
A6NDX5	P22748
A6NDX5	Q9DAI9
A6NDX5	Q8C2S7
A6NDX5	Q3V0V0
A6NDX5	P13595-2
A6NDX5	B3KNS4
A6NDX5	Q69Z36
A6NDX5	P33587
A6NDX5	NP_001165635
A6NDX5	Q8BL65-4
A6NDX5	Q9WTS2
A6NDX5	Q6EV76
A6NDX5	Q80XP8
A6NDX5	Q8CBC6
A6NDX5	Q61184
A6NDX5	Q99705
A6NDX5	D3ZB51
A6NDX5	Q8BLG2
A6NDX5	Q5DTT2-2
A6NDX5	F1M7X0
A6NDX5	Q3V3E1
A6NDX5	Q6ZSI9
A6NDX5	Q62747
A6NDX5	Q9R0N7
A6NDX5	F1LR12
A6NDX5	Q96BM1
A6NDX5	Q8VGF5
A6NDX5	Q9NT99
A6NDX5	Q8VIB5
A6NDX5	Q6ZMZ0
A6NDX5	Q9NS61-3
A6NDX5	Q9UEW3
A6NDX5	Q9HCL3
A6NDX5	Q96E93
A6NDX5	Q9EQG7
A6NDX5	A8MWY0-2
A6NDX5	Q9QYZ6
A6NDX5	Q31615
A6NDX5	Q9UNL4-2
A6NDX5	Q8C0D7-2
A6NDX5	Q6UXX9
A6NDX5	Q9JIB3
A6NDX5	O35569
A6NDX5	Q8BTH6
A6NDX5	O54836
A6NDX5	Q96NJ6
A6NDX5	Q7TQP2
A6NDX5	D3ZQF7
A6NDX5	A6NK53
A6NDX5	Q8CBW4
A6NDX5	Q6P2D0
A6NDX5	Q6PF18-2
A6NDX5	Q8BY68
A6NDX5	P51858-3
A6NDX5	Q96JM2
A6NDX5	A2CG77
A6NDX5	Q9EQR3
A6NDX5	Q5SWT9
A6NDX5	Q1RME4
A6NDX5	Q9D9G7
A6NDX5	Q92766-2
A6NDX5	Q6P6I7
A6NDX5	Q8C6J9
A6NDX5	Q01081-3
A6NDX5	Q7TSK7
A6NDX5	Q8TF50
A6NDX5	NP_001000010
A6NDX5	Q96R30
A6NDX5	O70142
A6NDX5	D3ZVS6
A6NDX5	G3X9X1
A6NDX5	Q8BG93
A6NDX5	NP_001100417
A6NDX5	Q8CGR4
A6NDX5	O00421
A6NDX5	XP_001064091
A6NDX5	XP_001076654
A6NDX5	XP_001078417
A6NDX5	XP_001076499
A6NDX5	O55207
A6NDX5	XP_001059852
A6NDX5	D3ZE55
A6NDX5	P23965
A6NDX5	Q8R491
A6NDX5	Q9QXY6
A6NDX5	Q6U2D6
A6NDX5	P12527
A6NDX5	Q02844
A6NDX5	Q2TV78
A6NDX5	Q62381
A6NDX5	Q8VCZ9
A6NDX5	A2AUZ7
A6NDX5	Q6NVD6
A6NDX5	Q9CXL6
A6NDX5	O43602-2
A6NDX5	D4A3G5
A6NDX5	Q63811
A6NDX5	Q09M05
A6NDX5	Q9ER05
A6NDX5	Q6ZMJ2
A6NDX5	D3ZQ16
A6NDX5	Q05397-2
A6NDX5	Q6IPT4
A6NDX5	NP_001100651
A6NDX5	Q5XI25
A6NDX5	NP_828872
A6NDX5	Q66JT1
A6NDX5	P97497
A6NDX5	Q6IF82
A6NDX5	Q3UGX8
A6NDX5	D4AD08
A6NDX5	B7Z6T0
A6NDX5	D3ZSP7
A6NDX5	Q9Z0E2
A6NDX5	Q9BUF7-2
A6NDX5	D4A5H0
A6NDX5	NP_001102416
A6NDX5	Q7TMC9
A6NDX5	Q6GUQ1
A6NDX5	F1LWG8
A6NDX5	O35353
A6NDX5	P29387
A6NDX5	Q8VFM1
A6NDX5	Q9WUL7
A6NDX5	Q9DAL7
A6NDX5	Q2Q1W2
A6NDX5	Q8NGZ0
A6NDX5	P70585
A6NDX5	B7Z6K7
A6NDX5	Q8TDY3
A6NDX5	B0K011
A6NDX5	Q9WVG7
A6NDX5	P70402
A6NDX5	O96028-3
A6NDX5	Q9NWR8
A6NDX5	Q9NPC1
A6NDX5	Q6UWM5
A6NDX5	XP_235721
A6NDX5	P30994
A6NDX5	Q63634
A6NDX5	Q09QM4
A6NDX5	P04000
A6NDX5	Q8NGA8
A6NDX5	Q96R69
A6NDX5	Q64017
A6NDX5	Q9EQD2
A6NDX5	O75677
A6NDX5	Q7TQN7
A6NDX5	Q7Z7A4-2
A6NDX5	Q8NGQ4
A6NDX5	Q9H207
A6NDX5	Q9H5E0
A6NDX5	E9Q4J3
A6NDX5	P51491
A6NDX5	Q9BXA5
A6NDX5	Q3V3Z3
A6NDX5	Q8NGT5
A6NDX5	Q96RC9
A6NDX5	Q8NGB4
A6NDX5	Q6YNI2
A6NDX5	P51651
A6NDX5	Q8BXL7
A6NDX5	Q63055
A6NDX5	O14604
A6NDX5	A6NLW8
A6NDX5	Q96GE5
A6NDX5	Q13241
A6NDX5	P32115
A6NDX5	E9QL23
A6NDX5	Q8NCA9
A6NDX5	Q3UTB7
A6NDX5	Q562R6
A6NDX5	Q01973-3
A6NDX5	Q05925
A6NDX5	Q96CX3
A6NDX5	Q5QD10
A6NDX5	Q3UY51
A6NDX5	Q4KLL3
A6NDX5	Q8N328
A6NDX5	Q6UXB4
A6NDX5	P52651
A6NDX5	Q9QXN0-3
A6NDX5	D3ZRM0
A6NDX5	Q7TSF1
A6NDX5	Q5T5M9
A6NDX5	E9QNP3
A6NDX5	Q4KLY4
A6NDX5	P98173-3
A6NDX5	Q96T59
A6NDX5	Q91XY4
A6NDX5	Q3UF47
A6NDX5	E9QAS5
A6NDX5	Q9UJU6-3
A6NDX5	H0Y5B0
A6NDX5	Q9BX46
A6NDX5	P54107
A6NDX5	Q7Z2Q7
A6NDX5	A6NIE9
A6NDX5	B2GUX3
A6NDX5	NP_001166904
A6NDX5	Q62440
A6NDX5	Q6MG49
A6NDX5	D3ZG21
A6NDX5	D3ZYK9
A6NDX5	D3ZAX5
A6NDX5	Q8VGM0
A6NDX5	B8JJX8
A6NDX5	Q59GL6
A6NDX5	P11232
A6NDX5	Q7Z4K8-2
A6NDX5	Q1RNF8
A6NDX5	Q15303-2
A6NDX5	K7N6K8
A6NDX5	Q7TQV4
A6NDX5	Q7TRY3
A6NDX5	Q3T1G8
A6NDX5	Q3UV74
A6NDX5	NP_001101340
A6NDX5	Q8VGX6
A6NDX5	Q96PN7-3
A6NDX5	E9PTA2
A6NDX5	P16591-2
A6NDX5	Q4V7E6
A6NDX5	Q7TS58
A6NDX5	Q13387-2
A6NDX5	Q8VFJ0
A6NDX5	B5MCY1
A6NDX5	XP_002725634
A6NDX5	Q4KLY3
A6NDX5	F1S6Q9
A6NDX5	Q794F9
A6NDX5	O95196-2
A6NDX5	Q64537
A6NDX5	P08884
A6NDX5	D3ZX77
A6NDX5	Q76KX8-2
A6NDX5	P26368-2
A6NDX5	Q9UGI8-2
A6NDX5	Q05513-2
A6NDX5	Q15052-2
A6NDX5	Q9HC98-3
A6NDX5	Q8TBC5-2
A6NDX5	D4A7Z8
A6NDX5	P48059-5
A6NDX5	D4A7K7
A6NDX5	Q86SQ0-2
A6NDX5	Q96N96
A6NDX5	D3ZTB5
A6NDX5	XP_003749226
A6NDX5	D3ZFQ5
A6NDX5	D3Z8F1
A6NDX5	D4A3W7
A6NDX5	M0RDA4
A6NDX5	Q6XUX3-2
A6NDX5	Q14451-2
A6NDX5	E9Q7L6
A6NDX5	Q8C3F7
A6NDX5	Q92800-2
A6NDX5	P55051
A6NDX5	Q4KLN8
A6NDX5	Q6P0Q8-2
A6NDX5	Q6ZN30-2
A6NDX5	O88873
A6NDX5	O09037
A6NDX5	Q86YR5-2
A6NDX5	M0R991
A6NDX5	Q8VG04
A6NDX5	B9EHE6
A6NDX5	A6NNM3
A6NDX5	Q8NEV1
A6NDX5	Q92835-2
A6NDX5	C9JBD0
A6NDX5	Q9Y679-3
A6NDX5	E9Q447
A6NDX5	D6RBM5
A6NDX5	P46100-2
A6NDX5	Q0ZHH6
A6NDX5	D4A5K7
A6NDX5	Q8K501
A6NDX5	P07108-2
A6NDX5	Q03402
A6NDX5	Q6UB98-2
A6NDX5	Q8VG27
A6NDX5	D3ZI11
A6NDX5	O35180
A6NDX5	Q9NY57-2
A6NDX5	D3ZGJ0
A6NDX5	B4E2M5
A6NDX5	Q8N7R7-2
A6NDX5	Q12873-2
A6NDX5	O15392-2
A6NDX5	O94921-2
A6NDX5	F7B770
A6NDX5	Q01484-5
A6NDX5	P35613-4
A6NDX5	A2A6M5
A6NDX5	A7XUX6
A6NDX5	Q8VD98
A6NDX5	Q9UQ13-2
A6NDX5	Q9UHX1-6
A6NDX5	P14427
A6NDX5	P01825
A6NDX5	Q9UPN3-3
A6NDX5	P51693-2
A6NDX5	A0A0B4J1X8
A6NDX5	O15015-1
A6NDX5	Q96Q89-5
A6NDX5	Q9YGW6
A6NDX5	P0DOY3
A6NDX5	P0DOY2
A6NDX5	Q12959-3
A6NDX5	Q8TDY4-3
A6NDX5	Q7RTN6-2
A6NDX5	Q9H019-3
A6NDX5	Q9BZL4-5
A6NDX5	Q96L92-2
A6NDX5	Q71SP7
A6NDX5	A6QPL4
A6NDX5	Q5T6R2
A6NDX5	Q2KJ71
A6NDX5	G3X7P4
A6NDX5	F7F7Q9
A6NDX5	A0A075B6J9
A6NDX5	Q03164-3
A6NDX5	P17936-2
A6NDX5	P12814-3
A6NDX5	P68036-3
A6NDX5	Q13557-4
A6NDX5	P01893
A6NDX5	P22105-4
A6NDX5	B0BNK7
A6NDX5	P52953
A6NDX5	Q5I0H9
A6NDX5	D3ZT86
A6NDX5	Q63010
A6NDX5	Q9ULH0-4
A6NDX5	O35799
A6NDX5	Q2TGI5
A6NDX5	D3ZDI6
A6NDX5	B0BNE4
A6NDX5	P97538
A6NDX5	O08989
A6NDX5	Q5FVI9
A6NDX5	P19999
A6NDX5	Q96F44-2
A6NDX5	Q7TNK3
A6NDX5	P57769
A6NDX5	D4A723
A6NDX5	D3ZA76
A6NDX5	Q9ULL4-2
A6NDX5	Q7Z7H8-2
A6NDX5	Q7L804-2
A6NDX5	Q5T7W0-4
A6NDX5	Q86UP3-5
A6NDX5	Q4KLI4
A6NDX5	Q9D0W5
A6NDX5	XP_008771021
A6NDX5	D4AD36
A6NDX5	P04433
A6NDX5	Q96DB2-2
A6NDX5	Q0PD08
A6NDX5	Q6RI86
A6NDX5	Q8K582
A6NDX5	Q9Y2Z0-2
A6NDX5	Q9EPU0-2
A6NDX5	D3ZZR9
A6NDX5	B2RYB1
A6NDX5	D3ZEV8
A6NDX5	P61575
A6NDX5	M0R4F8
A6NDX5	Q5XIH6
A6NDX5	Q6AXT3
A6NDX5	Q6MFZ5
A6NDX5	D3ZKX9
A6NDX5	A0A1B0GX49
A6NDX5	B4F7E9
A6NDX5	Q78EH2
A6NDX5	Q69FB3
A6NDX5	O88501
A6NDX5	Q9EQT5
A6NDX5	Q9WTR8
A6NDX5	P16070-6
A6NDX5	Q5RKH8
A6NDX5	NP_001382044
A6NDX5	NP_001385734
A6NDX5	A0A1B0GX56
A6NDX5	XP_006238860
A6NDX5	NP_001290073
A6NDX5	XP_003751688
A6NDX5	O75367
A6NDX5	Q8N1I0-3
A6NDX5	Q9NP72-2
A6NDX5	B2RZ89
A6NDX5	Q9QUK9
A6NDX5	D3ZAE6
A6NDX5	D4A1W7
A6NDX5	D4A374
Q6ZV77	Q6ZV77
Q9H4X1-2	Q9H4X1-2
Q9H4X1-2	Q9Z2P4
Q9H4X1-2	Q9H4X1
Q9H4X1-2	Q9DBX1
Q9JI58	Q9JI58
Q9JI58	O08602
Q9JI58	O08604
Q9JI58	O08603
Q9JI58	Q9CZQ6
Q3UU43	Q3UU43
Q3UU43	Q5XIQ8
Q3UU43	D4ADR5
Q3UU43	Q9P2E5
Q3UU43	Q6IQX7
Q3UU43	Q8IZ52
P29812	P29812
P29812	P40126-2
P29812	P07147
P29812	P17643
P29812	P11344
P29812	P14679
P29812	P40126
Q3URQ4	Q3URQ4
Q3URQ4	Q9UBU6
Q86XK3	Q86XK3
Q86XK3	Q6TXG9
Q86XK3	Q8BP27
Q86XK3	Q86XK3-2
P97825	P97825
P97825	Q6PGH2
P97825	Q9H910
P97825	Q9UK76-2
P97825	Q5BK20
P97825	Q9UK76
P97825	Q9H910-2
P97825	Q9H910-3
P97825	Q6AXU6
Q62048	Q62048
Q62048	Q9Z297
Q62048	Q15121
Q62048	Q5U318
Q62048	Q0VCY8
Q62048	Q15121-2
Q4VA55	Q4VA55
Q4VA55	Q2TAK8
Q4VA55	Q5H9M0
Q4VA55	Q52KH6
Q4VA55	A0A494C071
Q4VA55	A2BG95
Q4VA55	B1H224
Q4VA55	Q6DID5
Q9D659	Q9D659
Q9D659	Q9H7M9
Q9D659	Q9D659_S232SS
Q9D659	G3V9P3
P60603	P60603
P60603	P60602
P60603	D4A742
Q6ZRC1	Q6ZRC1
Q6ZRC1	XP_355598
Q5T2V6	Q5T2V6
Q5T2V6	O88875
Q5T2V6	O95971
Q5T2V6	XP_001063397
Q6AY76	Q6AY76
Q6AY76	Q9NWD8
Q6AY76	Q3TBN1
Q9CQ91	Q9CQ91
Q9CQ91	O95167
Q9CQ91	XP_001076462
A8R0V5	A8R0V5
P01225	P01225
P01225	Q60687
P01225	Q86YW7
P01225	P01229
P01225	P12656
P01225	O09108
P01225	P01230
P01225	P04652
P01225	Q6NT52
P01225	P0DN87
P01225	P0DN86
P01225	A6NKQ9
P01225	Q812B2
P01225	P01222
P01225	A6NKQ9-2
P01225	P18427
O43934-2	O43934-2
O43934-2	O43934
O43934-2	Q8BJ51
A6NEN9	A6NEN9
A6NEN9	Q3V2K1
Q8BHZ5	Q8BHZ5
Q8BHZ5	Q9BWK5
Q8BHZ5	Q6AYH4
Q9CQF0	Q9CQF0
Q9CQF0	Q9Y3B7
Q9CQF0	Q5XIE3
A5D8W1	A5D8W1
A5D8W1	Q8BH53
Q3ZCT8	Q3ZCT8
Q3ZCT8	Q9D618
Q99MD9-2	Q99MD9-2
Q99MD9-2	P49321
Q99MD9-2	P49321-3
Q99MD9-2	P49321-4
Q99MD9-2	P49321-2
Q99MD9-2	Q99MD9
Q99MD9-2	Q66HD3
Q8BQV0	Q8BQV0
Q8N3I7	Q8N3I7
Q8N3I7	Q9CZQ9
P70202	P70202
P70202	Q9BS40
P70202	P49788
P70202	F6ZIS7
P70202	Q64361
Q8R5C3	Q8R5C3
Q8R5C3	Q5SZB4
Q811Y6	Q811Y6
Q811Y6	Q92819
Q811Y6	P70312
Q811Y6	Q61647
Q811Y6	O08650
Q811Y6	Q92839
Q811Y6	O00219
Q811Y6	O35776
Q3TQ61	Q3TQ61
XP_001075764	XP_001075764
G3V8Y1	G3V8Y1
G3V8Y1	NP_001101628
G3V8Y1	Q9UEF7
G3V8Y1	Q99N32
G3V8Y1	F8VPT3
G3V8Y1	Q86Z14
G3V8Y1	Q8K1F9
G3V8Y1	Q6UWM7
G3V8Y1	O35082
G3V8Y1	Q9H227
G3V8Y1	Q02401
G3V8Y1	P09848
G3V8Y1	Q9Z2Y9
P61250	P61250
P61250	P04972
P61250	Q13956
P61250	P61249
P61250	P09174
P61250	P18545
Q3U1U4	Q3U1U4
Q3U1U4	P17301
Q3U1U4	Q9JI30
Q3U1U4	Q3T1L6
Q3U1U4	P05555
Q3U1U4	Q3V3R4
Q3U1U4	D3ZB50
Q3U1U4	P56199
Q3U1U4	P24063
Q3U1U4	P20701
Q3U1U4	Q9UKX5-2
Q3U1U4	P11215-2
Q3U1U4	D3ZWZ1
Q3U1U4	A0A0G2K470
Q3U1U4	Q9QYE7
Q3U1U4	P61622
Q3U1U4	Q9UKX5
Q3U1U4	M0R6T8
Q3U1U4	P18614
Q3U1U4	Q9QXH4
Q3U1U4	P11215_VAR_P1146S
Q3U1U4	P11215
Q3U1U4	P20702
Q3U1U4	Q14BL5
Q3U1U4	O75578
Q3U1U4	P42766
Q3U1U4	P17078
Q3U1U4	Q6ZWV7
Q3U1U4	P38570
Q3U1U4	P20701-3
Q3U1U4	Q60677
Q3U1U4	Q3V0T4
Q3U1U4	Q13349
Q3U1U4	P20701-2
Q3U1U4	P24063-2
Q3U1U4	Q62469
A4D250	A4D250
Q8C119	Q8C119
Q8C119	Q8TB73
E9PVZ2	E9PVZ2
E9PVZ2	Q5T292
E9PVZ2	D3ZKQ7
P63302	P63302
P63302	P63300
P63302	P63301
P63302	P59797
P63302	Q5FWB9
B2RXB2	B2RXB2
B2RXB2	D4A9E1
B2RXB2	C9JCN9
B2RXB2	Q9CQZ1
B2RXB2	O75506
B2RXB2	Q8K3X8
A1L4Q6	A1L4Q6
Q5T742	Q5T742
Q5T0J3	Q5T0J3
Q8BQM7	Q8BQM7
Q8BQM7	A2RU48
O54889	O54889
O54889	O35134
O54889	O95602
P0C864	P0C864
Q7Z6I5	Q7Z6I5
P21145	P21145
P21145	O35682
P21145	Q9BSK0
P21145	Q13021
P21145	Q91X49
P21145	Q6VBQ5
P21145	O09198
P21145	Q8BI08
P21145	Q969L2
P21145	P47987
P21145	B2RZ87
P21145	Q9CZR4
P21145	A6NDP7
P21145	Q8IZV2
P21145	Q08AU7
P21145	Q7TQJ1
P21145	NP_001171005
P21145	Q9DCU2
P21145	Q64349
P21145	Q9Y342
P21145	Q7TPB7
P21145	Q96S97
Q91V13	Q91V13
Q91V13	Q969E1
D4ADL5	D4ADL5
D4ADL5	Q9JHI2
D4ADL5	Q9BUB4
XP_987269	XP_987269
Q6XPS7	Q6XPS7
Q3UWV0	Q3UWV0
A2A9Q0	A2A9Q0
A2A9Q0	F2Z333
A2A9Q0	D4A2Q0
Q8BVF4-3	Q8BVF4-3
Q8BVF4-3	Q5VVM6
Q8BVF4-3	Q8BVF4
Q5XIK6	Q5XIK6
Q5XIK6	Q8IYS4
P04844-2	P04844-2
P04844-2	Q9DBG6
P04844-2	P25235
P04844-2	P04844
Q6ZRP0	Q6ZRP0
Q6ZRP0	Q6ZRT6
Q6ZRP0	A6NEV1
Q6ZRP0	Q9CWP9
Q6ZRP0	P0DMB1
Q6ZRP0	E9PI22
Q96E11-2	Q96E11-2
Q96E11-2	Q96E11
Q96E11-2	Q9D6S7
Q96E11-2	Q5RKI9
Q9Y247	Q9Y247
Q9Y247	Q9WV03
Q9Y247	Q14320
Q9Y247	G3V9M8
Q9Y247	Q9WTJ8
O00462	O00462
O00462	Q8K2I4
O00462	Q4FZV0
Q86WC4	Q86WC4
Q86WC4	Q8BGT0
Q86WC4	Q4QQU9
Q9NU19	Q9NU19
Q9NU19	Q80VE5
Q9NU19	Q6U1J1
Q9NU19	D4AEG7
Q9NU19	Q8R3D1
Q9NU19	Q9NVG8
Q9NU19	Q8R5A6-2
Q9NU19	NP_001388807
Q9NU19	Q8R5A6
Q9NU19	Q8WUA7
P62270	P62270
P62270	P62269
P62270	Q5TJE9
P62270	P62271
P61129	P61129
P61129	Q9JKP5
P61129	Q5VZF2
P61129	Q9NR56
P61129	Q6ZPZ3
P61129	Q9UPT8
P61129	Q9NUK0
P61129	Q8R003
P61129	D3ZKY5
P61129	Q5FVR7
P61129	O95639-2
P61129	Q9NR56-5
P61129	F1M9N4
P61129	Q6NZF1
P61129	Q8NA57
P61129	Q8CHP0
P61129	Q8BYK8
P61129	D3YX67
P61129	Q9JJ48
P61129	Q9NR56-2
P61129	Q6AYU0
P61129	Q9QXP6-2
P61129	Q8BQZ5
P61129	Q8N5P1
P61129	F2Z3T4
P61129	Q8C181
P61129	Q0ZFS5
P61129	D3ZVW3
P61129	Q8BQZ5-2
P61129	D3ZQV3
P61129	O75152
P61129	Q9QXP6
P61129	Q5XI23
P61129	O95639
P61129	Q3TIV5
P61129	Q6U6G5
P61129	Q60764
P61129	Q8WU90
P61129	A0A1B0GTU1
P61129	Q8IXZ2
P61129	Q13064
P61129	Q9H000
P61129	Q9ERV1
P61129	Q96K80
P61129	Q6AYB0
P61129	A6NMK7
P61129	Q8R205
P61129	Q9DBA5
P61129	Q13434
P61129	P0DQW0
P61129	Q9UHC7
P61129	B4DYM8
Q9QXX8	Q9QXX8
Q9QXX8	Q9UHK0
Q9QXX8	Q641W3
F1MAS1	F1MAS1
F1MAS1	Q66L44
F1MAS1	Q8N350
F1MAS1	Q8N350-4
Q9D753	Q9D753
Q9D753	NP_001386150
Q9D753	Q96B26
Q9D753	Q9D0M0
Q9D753	Q15024
Q9D753	G3V6K3
Q68FX6	Q68FX6
Q68FX6	Q8C633
Q68FX6	Q96KC9
Q9P2S5	Q9P2S5
Q9P2S5	Q9JM98
Q9P2S5	Q641Y4
Q64362	Q64362
Q64362	Q9H8T0-2
Q64362	Q5FVH4
Q64362	Q9H8T0
D3ZT82	D3ZT82
D3ZT82	Q8N0V3-2
D3ZT82	Q6P3B9
D3ZT82	Q8N0V3
Q6NXR4	Q6NXR4
Q6NXR4	Q8BGV4
Q6NXR4	Q66H56
O75971	O75971
O75971	Q8R2K7
Q80W54	Q80W54
Q80W54	D4A5K6
Q80W54	O75844
Q7Z4G1	Q7Z4G1
Q7Z4G1	Q3V4B5
Q7Z4G1	Q9NX08
Q7Z4G1	Q7Z4G1-2
Q7Z4G1	Q9CZG3
Q7Z4G1	D4A8E7
Q7Z4G1	Q86VX2
Q7Z4G1	Q8BG94
Q7Z4G1	Q499V0
Q7Z4G1	B0K015
Q8CF41	Q8CF41
Q3TYW4	Q3TYW4
A8MUU9	A8MUU9
Q96LD8	Q96LD8
Q96LD8	Q5FVJ8
Q96LD8	Q9D2Z4
D3ZKP6	D3ZKP6
D3ZKP6	Q9D2Y4-2
D3ZKP6	Q8NB16
D3ZKP6	Q9D2Y4
B4F786	B4F786
B4F786	O95400
B4F786	Q9CWK3
D3ZBL6	D3ZBL6
D3ZBL6	Q9Z0W3
D3ZBL6	Q12769
P42262-2	P42262-2
P42262-2	Q61625
P42262-2	O43424
P42262-2	O15399
P42262-2	P42263
P42262-2	P42263-2
P42262-2	P42261
P42262-2	P42261-6
P42262-2	P35436
P42262-2	P35438-2
P42262-2	P39087
P42262-2	P42260
P42262-2	Q8BMF5
P42262-2	Q16099
P42262-2	P23818
P42262-2	P23819-3
P42262-2	P19491
P42262-2	P23819
P42262-2	P39086
P42262-2	Q16478
P42262-2	Q12879
P42262-2	P19493
P42262-2	Q00959
P42262-2	Q00961
P42262-2	Q9Z2W8
P42262-2	P19492
P42262-2	Q13002
P42262-2	Q9ULK0
P42262-2	O60391
P42262-2	NP_001106651
P42262-2	Q01098
P42262-2	Q9Z2W9
P42262-2	Q91ZU9
P42262-2	P35438
P42262-2	P35439
P42262-2	Q14957
P42262-2	Q05586
P42262-2	Q03391
P42262-2	Q62645
P42262-2	A2AIR5
P42262-2	Q9R1M7
P42262-2	Q01812
P42262-2	P42262
P42262-2	P48058-2
P42262-2	P22756
P42262-2	P48058
P42262-2	Q8VHN2
P42262-2	Q60934
P42262-2	Q05586-5
P42262-2	Q13003
P42262-2	P39086-2
P42262-2	Q05586-2
P42262-2	Q61626
P42262-2	Q63273
P42262-2	Q8TCU5
P42262-2	A2AI14
P42262-2	Q00960
P42262-2	B1AS29
P42262-2	P42264
P42262-2	Q01097
P42262-2	P35439-7
P42262-2	P42262-3
P42262-2	Q13224
P42262-2	P19490
P42262-2	Q63226
P42262-2	Q62640
P42262-2	Q61627
P47964	P47964
P47964	Q9Y3U8
P47964	P39032
Q6P3D0	Q6P3D0
Q6P3D0	B2RYV2
Q6P3D0	Q96DE0
Q6P3D0	Q9BRJ7
Q6P3D0	Q8VHN8
Q6P3D0	B0BNG7
Q6P3D0	Q9BRJ7-2
Q3TQ28	Q3TQ28
Q11201	Q11201
Q11201	Q92185
Q11201	Q64686
Q11201	Q8NDV1
Q11201	Q701R3
Q11201	Q11204
Q11201	Q9UJ37
Q11201	Q16842
Q11201	Q92186
Q11201	P70277
Q11201	O35696
Q11201	P54751
Q11201	Q8K4T1
Q11201	Q92187
Q11201	Q11206
Q11201	Q9JM95
Q11201	P61647
Q11201	P15907
Q11201	P97325
Q11201	O15466
Q11201	P70126
Q11201	Q64692
Q11201	Q91Y74
Q11201	P61943
Q11201	Q969X2
Q11201	P13721
Q11201	Q96JF0-2
Q11201	Q11205
Q11201	Q11203
Q11201	Q02734
Q11201	Q64685
Q11201	Q76K27
Q11201	Q9NSC7
Q11201	Q07977
Q11201	Q9WUV2
Q11201	Q9QZ39
Q11201	Q11206-4
Q11201	P97877
Q11201	Q969X2-3
Q11201	Q9UNP4
Q11201	Q9Y274
Q11201	Q02745
Q11201	O88829
Q11201	Q8VIB3
Q11201	Q9H4F1
Q11201	Q6ZXC8
Q11201	Q9R2B6
Q11201	Q11203-4
Q11201	Q9BVH7
Q11201	Q68G12
Q11201	Q9QYJ1
Q11201	P61131
Q11201	O43173
Q11201	Q64689
Q11201	NP_001386308
Q11201	Q9UNP4-3
Q11201	Q96JF0
Q11201	Q64687
Q499T8	Q499T8
Q499T8	Q8WWA0
Q499T8	O88310
Q499T8	Q8WWU7
P49959-2	P49959-2
P49959-2	Q9JIM0
P49959-2	P49959-3
P49959-2	Q61216
P49959-2	P49959
Q8N4C9	Q8N4C9
Q8N4C9	Q5QR91
Q68FE2-2	Q68FE2-2
Q68FE2-2	Q674R7
Q68FE2-2	Q6EBV9
Q68FE2-2	Q68FE2
Q68FE2-2	Q5FWU3
Q68FE2-2	Q7Z3C6
Q8BX32	Q8BX32
Q8BX32	Q5PQP5
Q8BX32	Q9BQ83
D3ZX82	D3ZX82
D3ZX82	A0A0G2K472
D3ZX82	Q7L576-2
D3ZX82	Q96F07-2
D3ZX82	Q5SQX6
D3ZX82	Q7TMB8
D3ZX82	Q7L576
D3ZX82	Q96F07
XP_344631	XP_344631
B0BN65	B0BN65
B0BN65	Q8BHZ0
B0BN65	Q9H0Q0
B0BN65	Q921M7
B0BN65	Q9NUQ9
B0BN65	B2GUZ9
Q5XIG5	Q5XIG5
Q5XIG5	Q9JMB0
Q5XIG5	Q5VSY0
D3ZAP6	D3ZAP6
D3ZAP6	Q3V037
D3ZAP6	Q5TEZ5
A8MUN3	A8MUN3
P48744	P48744
P48744	Q00604
Q9UNA3	Q9UNA3
Q9UNA3	Q9NPC4
Q9UNA3	Q67BJ4
Q9UNA3	Q14BT6
Q9UNA3	Q9JI93
Q6P6J0	Q6P6J0
Q6P6J0	Q7Z6V5
Q86SK9	Q86SK9
Q86SK9	P13516
Q86SK9	O00767
Q86SK9	P07308
Q86SK9	Q6P7B9
Q86SK9	P13011
Q86SK9	Q6T707
Q86SK9	XP_574671
Q86SK9	Q99PL7
Q86SK9	NP_650201
Q3TL26	Q3TL26
Q3TL26	Q9H5Q4
Q3TL26	Q5U2T7
A4FUP9	A4FUP9
A4FUP9	Q96MS3
XP_001067880	XP_001067880
A6NN90	A6NN90
A6NN90	Q6AXP4
A6NN90	Q9DAQ4
D4AC38	D4AC38
D4AC38	Q8CJG1
D4AC38	Q9UL18
D4AC38	Q8CJF8
D4AC38	Q9HCK5
D4AC38	F1LUS2
D4AC38	Q9H9G7
D4AC38	Q8CJG0
D4AC38	Q9QZ81
D4AC38	Q9UKV8
D4AC38	Q8CJF9
A0A286YF58	A0A286YF58
B0BNM5	B0BNM5
B0BNM5	P78524-2
B0BNM5	Q91VV4
B0BNM5	Q9H6A0
B0BNM5	Q924W7
B0BNM5	P78524
B0BNM5	D3ZLQ1
B0BNM5	D4A9H6
B0BNM5	Q8C4S8
B0BNM5	Q9ULE3
B0BNM5	Q68D51
B0BNM5	Q6P9P8
B0BMX6	B0BMX6
B0BMX6	Q8N5L8
B0BMX6	Q5PPN2
B0BMX6	Q99JH1
B0BMX6	Q91WE3
B0BMX6	Q9BUL9
Q9JJ73	Q9JJ73
Q9JJ73	O60896
Q9JJ73	Q9WUP1
Q9JJ73	Q9JHJ1
Q9JJ73	Q9JJ74
Q9JJ73	O60895
Q9JJ73	O60894
Q9JJ73	Q9WTJ5
Q9JJ73	Q9WUP0
Q8CHN2	Q8CHN2
Q8CHN2	Q5SRR4
Q8CHN2	Q8K1T5
Q15050	Q15050
Q15050	A1A5P2
Q15050	Q9CYH6
Q8C1F5	Q8C1F5
Q8C1F5	Q8NEE8
Q9CPR4	Q9CPR4
Q9CPR4	P18621
Q9CPR4	NP_958818
Q9CPR4	Q9DAS6
Q9CPR4	F1M302
Q9CPR4	P18621-3
Q9CPR4	XP_003086020
P00395	P00395
P00395	P00396
P00395	P05503
P00395	O79429
P00395	P00397
Q9H7L9	Q9H7L9
Q9H7L9	Q8BR65
Q9H7L9	XP_001080131
Q80XU3	Q80XU3
Q80XU3	Q9EPJ0
Q80XU3	Q9H1E3
Q80XU3	Q29S11
O88720	O88720
O88720	D4ACW0
O88720	P78332
O00303	O00303
O00303	Q9DCH4
O00303	D4AC36
Q63517	Q63517
Q63517	Q92674
Q63517	Q8K1K4
Q8C5X1	Q8C5X1
Q8C5X1	O15063
Q8C5X1	NP_001258162
P61201	P61201
P61201	P61203
P61201	P61202
P61201	P61201-2
Q9CXC3	Q9CXC3
Q9CXC3	Q9BQP7
Q9D005	Q9D005
Q9D005	Q96NL8
Q9D005	Q3UJP5
Q9D005	Q6AY71
Q2KHR3-2	Q2KHR3-2
Q2KHR3-2	Q9ULL5
Q2KHR3-2	D3ZMD6
Q2KHR3-2	Q2KHR3
Q2KHR3-2	E9PYL2
Q2KHR3-2	Q9ULL5-2
Q2KHR3-2	ENSRNOP00000038854
Q2KHR3-2	A0A338P6K9
O15504-2	O15504-2
O15504-2	D3ZHV0
O15504-2	Q8CIC2
O15504-2	O15504
O15504-2	Q96B70
O15504-2	Q8BTN6
O15504-2	XP_006228289
Q8K4F7	Q8K4F7
Q8K4F7	Q9DAR7
Q8K4F7	Q96C86
Q15555-2	Q15555-2
Q15555-2	Q3SZP2
Q15555-2	Q61166
Q15555-2	Q15691
Q15555-2	Q6PER3
Q15555-2	Q9UPY8
Q15555-2	Q5XIT1
Q15555-2	Q66HR2
Q15555-2	Q3B8Q0
Q15555-2	Q8R001
Q15555-2	Q15555
Q15555-2	D3Z6G3
Q15555-2	Q9UPY8-2
Q5M7W7	Q5M7W7
Q5M7W7	Q8CFI5
Q5M7W7	Q7L3T8
F7VJQ1	F7VJQ1
D3ZRN1	D3ZRN1
D3ZRN1	Q9CY24
D3ZRN1	Q7Z7N9
M0R9C5	M0R9C5
M0R9C5	Q3UYG1
M0R9C5	A6NGH7
D3ZDT7	D3ZDT7
D3ZDT7	Q14674
D3ZDT7	P60330
Q8VCL2	Q8VCL2
Q8VCL2	O75880
Q8VCL2	G3V985
Q8VCL2	XP_032775378
Q8VCL2	O43819
Q8VCL2	Q5SUC9
Q15154-2	Q15154-2
Q15154-2	Q15154-5
Q15154-2	G3V7E6
Q15154-2	Q9R0L6
Q15154-2	Q15154
D4A0H5	D4A0H5
D4A0H5	Q9EPU4
D4A0H5	Q10570
Q96AX1	Q96AX1
Q96AX1	Q63616
Q96AX1	Q9D2N9
Q96AX1	Q63615
Q96AX1	P59016
Q96AX1	Q9H267
Q8CG71	Q8CG71
Q8CG71	Q3V1T4
Q8CG71	Q6W3F0
Q8CG71	Q7Z4N8
Q8CG71	A0A096MK61
Q8CG71	Q9R1J8
Q8CG71	D3ZGT6
Q8CG71	Q9NXG6-3
Q8CG71	P13674-2
Q8CG71	Q4KLM6
Q8CG71	Q92791
Q8CG71	Q8IVL5
Q8CG71	O75718
Q8CG71	Q9CYD3
Q8CG71	Q60716-2
Q8CG71	O15460-2
Q8CG71	O15460
Q8CG71	Q8K2B0
Q8CG71	Q60716
Q8CG71	Q6PK18
Q8CG71	Q9D136
Q8CG71	Q60715
Q8CG71	P13674
Q8CG71	Q8CG70
Q8CG71	Q8BG58
Q8CG71	Q6PK18-2
Q8CG71	Q9NXG6
Q8CG71	Q5M843
Q8CG71	P54001
Q8CG71	Q8IVL6
Q8CG71	Q60715-2
Q8CG71	D3ZJG3
Q8CG71	NP_001100090
Q8CG71	Q6W3E9
Q8CG71	Q32P28
Q8CG71	Q64375
Q93015	Q93015
Q93015	Q9R123
Q93015	Q3KR83
Q93015	Q93015-2
Q6BDS2	Q6BDS2
Q6BDS2	NP_001102223
Q6BDS2	A0JNW5
Q6BDS2	A2RSJ4
Q6BDS2	Q570Z6
Q6BDS2	XP_002725890
P62263	P62263
P62263	P13471
P62263	P62264
Q8N5M1	Q8N5M1
Q8N5M1	Q91YY4
Q8N5M1	D3ZTW7
Q8CHH5	Q8CHH5
Q8CHH5	Q9NZM4
Q8CHH5	Q6AI39
Q8CHH5	D3ZQW8
Q8CHH5	F8VPZ9
P16254	P16254
P16254	NP_001099967
P16254	P37108
Q6IC98	Q6IC98
Q6IC98	XP_001078454
Q6IC98	Q8CB44
P10923	P10923
P10923	P08721
P10923	P10451
P10923	P10451-2
P10923	P10451-5
O88444	O88444
O88444	P40146
O88444	P19754
O88444	P21932
O88444	P51830
O88444	Q08828
O88444	Q8VHH7
O88444	Q8NFM4
O88444	M0R5U4
O88444	O60266
O88444	P51829
O88444	P51828
O88444	O95622
O88444	P84309
O88444	Q04400
O88444	P26770
O88444	Q91WF3
O88444	P26769
O88444	Q80TL1
O88444	O60503
O88444	Q08462
O88444	Q01341
O88444	P97490
O88444	O43306
O88444	P40145
O88444	P30803
O88444	AAA40678
Q15078	Q15078
Q15078	O35926
Q15078	Q13319
Q15078	P61809
Q15078	P61810
Q15078	F1M491
Q8BMQ2	Q8BMQ2
Q8BMQ2	D3ZD80
Q8BMQ2	Q9UKN8
P02730	P02730
P02730	A7E1Z5
P02730	A0A494BA31
P02730	Q6RI88
P02730	P23347
P02730	Q9Y6M7
P02730	Q8NBS3-4
P02730	P48751-3
P02730	Q6RVG2
P02730	P04920-2
P02730	Q9Y6M7-6
P02730	P04919
P02730	E9Q3M5
P02730	Q9R1N3-6
P02730	Q9Y6M7-13
P02730	Q5DTL9
P02730	Q9R1N3
P02730	Q9JI66
P02730	Q9Y6M7-2
P02730	Q6U841
P02730	P23562
P02730	P23348
P02730	Q8BTY2
P02730	Q9JI66-2
P02730	Q9Y6M7-8
P02730	Q9R1N3-3
P02730	P13808
P02730	A2AJN7
P02730	Q8BTY2-2
P02730	P04920
P02730	O88343
P02730	Q9Y6R1
P02730	Q9Y6M7-3
P02730	Q9R1N3-5
P02730	NP_001101245
P02730	Q80ZA5
P02730	Q8NBS3
P02730	O88343-2
P02730	Q9JI66-3
P02730	Q9Y6R1-5
P02730	Q9Y6R1-2
P02730	P16283
P02730	Q9Y6M7-5
P02730	E9Q8N8
P02730	Q9Y6M7-7
P02730	P48751
P02730	Q2Y0W8
P02730	Q9BY07-2
P02730	Q9BY07
P02730	Q8K4V2
P02730	Q8JZR6
P02730	Q96Q91
P02730	Q9ERP4
P48775	P48775
P48775	P21643
P48775	P48776
Q4G176	Q4G176
Q4G176	D3ZUX7
Q4G176	Q3URE1
NP_001157291	NP_001157291
NP_001157291	Q9HB96
NP_001157291	NP_001178647
Q96N66	Q96N66
Q96N66	Q8CHK3
Q96N66	B5DFK0
Q6Q788	Q6Q788
Q6Q788	Q8C7G5
Q6Q788	Q9QUH3
Q96JN0-3	Q96JN0-3
Q96JN0-3	Q8N3X6
Q96JN0-3	XP_573620
Q96JN0-3	Q3U285-3
Q96JN0-3	Q6ZPI3
Q96JN0-3	Q96JN0
Q96JN0-3	Q3U285
Q96JN0-3	F6RGI3
Q96JN0-3	NP_001359178
Q96JN0-3	Q8N3X6-3
Q6IPM2	Q6IPM2
Q6IPM2	XP_017453977
Q6IPM2	Q6PCQ0
Q4FZQ9	Q4FZQ9
Q4FZQ9	Q9D0D5
Q4FZQ9	Q3TQQ1
Q4FZQ9	P29083
Q8BG79	Q8BG79
Q8BG79	Q2TBE0
Q8BG79	D4A877
P31213	P31213
P31213	Q5RJM1
P31213	P24008
P31213	P18405
P31213	Q68FF9
P31213	P31214
P31213	Q99N99
P31213	Q8BFZ1
P31213	Q9NZ01
P31213	Q5HYJ1
P31213	Q9CY27
P31213	Q64232
P31213	Q9H8P0
P31213	Q9WUP4
P11172	P11172
P11172	P13439
P11172	Q4QQS7
Q7TME2	Q7TME2
Q7TME2	Q1ERY8
Q7TME2	Q96R06
Q62052	Q62052
Q62052	Q04671
Q9BXL5	Q9BXL5
Q9BXL5	Q9ERZ0
Q9BXL5	Q6AZ54
Q7Z3D6	Q7Z3D6
Q7Z3D6	Q8BH86
Q7Z3D6	D4A9W3
Q7Z3D6	Q7Z3D6-2
Q08AH1	Q08AH1
Q08AH1	A0A0G2K047
Q08AH1	O70490
Q08AH1	Q9UND3
Q08AH1	Q92617-6
Q08AH1	Q9NR19-2
Q08AH1	A0A0B4J1W7
Q08AH1	Q8K0L3
Q08AH1	A6NHN6
Q08AH1	G3V9U0
Q08AH1	Q99NB1
Q08AH1	Q6AYT9
Q08AH1	Q9NUB1
Q08AH1	O75200
Q08AH1	Q3UNX5
Q08AH1	Q6P461
Q08AH1	Q91VA0
Q08AH1	P0C7M7
Q08AH1	A8MRT5
Q08AH1	Q80W40
Q08AH1	Q6SKG1
Q08AH1	B5DFA3
Q08AH1	D3ZZN3
Q08AH1	Q53FZ2
Q08AH1	Q68CK6
Q08AH1	Q8BGA8
Q08AH1	C9JG80
Q08AH1	Q6NUN0
Q08AH1	Q53FZ2-2
Q08AH1	Q9QXG4
Q08AH1	Q9NR19
Q08AH1	E9PJ23
Q08AH1	A6NJU9
Q08AH1	F8WFD2
Q08AH1	A6NJ64
Q08AH1	Q08AH3
Q08AH1	Q92617
Q08AH1	A2AQN4
Q08AH1	Q14DH7
Q08AH1	F8W1W9
Q08AH1	P0DM63
Q08AH1	E9PJI5
Q08AH1	Q7TN78
Q08AH1	E9PQR5
Q08AH1	F8W0I5
Q08AH1	E9PIF3
Q08AH1	E5RHQ5
Q08AH1	Q9H6R3
Q08AH1	E9PKD4
Q3B8P6	Q3B8P6
Q3B8P6	Q9H553-2
Q3B8P6	Q9H553
Q3B8P6	Q9DBE8
Q8CBQ5	Q8CBQ5
Q8CBQ5	Q5XIL2
Q8CBQ5	Q8TCG2
Q8CBQ5	Q99M64
Q8CBQ5	Q2TBE6
Q8CBQ5	Q9BTU6
Q8K561	Q8K561
Q8K561	Q8VIM6
Q8K561	Q7RTU9
Q8K561	A6NGW2
Q8K561	Q7RTW8
Q8K561	XP_001079392
Q8K561	XP_001080205
Q8R412	Q8R412
Q8R412	P40305
Q8R412	P09912
Q8R412	Q96BM0
Q8R412	Q8C6G0
Q8R412	Q9H2X8
Q8R412	P09912-3
Q8R412	Q6P9X5
Q9QXW2	Q9QXW2
Q9QXW2	Q5M9G8
Q9QXW2	Q969U6
Q9QXW2	Q8TEB1-2
Q9QXW2	Q91VU6
Q9QXW2	Q4KLI9
Q9QXW2	Q9H7D7
Q9QXW2	Q8C6G8
Q9QXW2	XP_038946921
Q9QXW2	Q9H7D7-2
Q9QXW2	Q8TEB1
Q8TAL5	Q8TAL5
Q8TAL5	Q6AYG4
Q8TAL5	Q14AX1
Q9BQD3	Q9BQD3
Q9BQD3	Q80XH1
Q9BQD3	Q5M853
Q6P1R3	Q6P1R3
Q6P1R3	Q6NZR2
Q6ICG6	Q6ICG6
Q6ICG6	Q3UE31
Q6ICG6	Q4G008
Q6ICG6	Q6ICG6-2
Q6ICG6	B1APX2
Q8NE62	Q8NE62
Q8NE62	Q6UPE0
Q8NE62	Q8BJ64
P49915	P49915
P49915	Q4V7C6
P49915	Q3THK7
Q8N7J2	Q8N7J2
Q8N7J2	Q7TS75
Q8N7J2	Q5JTC6-2
Q8N7J2	Q8CCJ4
Q8N7J2	Q6NS69
Q8N7J2	Q8N944
Q8N7J2	Q5JTC6
F1M5G4	F1M5G4
F1M5G4	Q9P109
F1M5G4	Q09324
F1M5G4	Q8N0V5
F1M5G4	Q02742
F1M5G4	Q6T5E4
F1M5G4	Q8N0V5-3
F1M5G4	P97402
F1M5G4	Q8N0V5-2
F1M5G4	Q8CH87
F1M5G4	Q64165
F1M5G4	O95395
F1M5G4	E9Q649
F1M5G4	Q6ZNI0
F1M5G4	Q3V3K7
F1M5G4	Q5JCT0
P01591	P01591
P01591	P01592
XP_001060249	XP_001060249
XP_001060249	Q3V0L6
Q08201	Q08201
Q08201	Q704E8
Q08201	Q03518
Q08201	D4AEL4
Q08201	Q61102
Q08201	Q8K268
Q08201	O75027
Q08201	Q9NUQ8
Q08201	Q5FVL8
Q08201	P21447
Q08201	Q9NP58
Q08201	Q59H06
Q08201	Q9DC29
Q08201	Q66H39
Q08201	Q9UG63
Q08201	Q03518-2
Q08201	P28288-2
Q08201	Q99LE6
Q08201	Q9NRK6
Q08201	P21440
Q08201	O70595
Q08201	P36370
Q08201	A0A096MIV5
Q08201	P36371
Q08201	Q9QY30
Q08201	P08183
Q08201	Q9QYJ4
Q08201	P16970
Q08201	Q03519
Q08201	O95342
Q08201	P55096
Q08201	P28288
Q08201	P33897
Q08201	D3ZHR2
Q08201	Q2M3G0
Q08201	P48410
Q08201	O70127
Q08201	Q61285
Q08201	P21439
Q08201	Q9UBJ2
Q08201	Q9JK64
Q08201	Q6MG08
Q08201	P06795
Q08201	Q6P542
Q08201	Q8NE71
Q08201	Q9NUT2-2
Q08201	O75027-2
Q08201	Q9JJ59
Q08201	Q9QY44
Q08201	Q9NP78
Q08201	P43245
Q08201	Q8NE71-2
Q08201	P36372
Q08201	B5X0E4
Q08201	Q9UG63-2
Q08201	Q5RKI8
Q08201	Q9CXJ4
Q08201	Q9NUT2
Q08201	P21958
Q08201	Q9JI39
NP_001128466	NP_001128466
NP_001128466	Q9H3S4
NP_001128466	Q9R0M5
D3ZSZ4	D3ZSZ4
D3ZSZ4	D3YZI9
D3ZSZ4	Q8N414
D3ZSZ4	Q8N414-2
P98193	P98193
P98193	Q13316
P98193	O55188
P03081	P03081
P03081	P03073
P03081	B6DVW7
P03081	B0G0V6
P03081	P03070
P03081	D6QWG6
P03081	D6QWI6
Q9QYT7	Q9QYT7
Q9QYT7	Q642B8
Q9QYT7	Q9BRB3-2
Q9QYT7	Q9BRB3
Q9D244	Q9D244
Q9D244	P10153
Q9D244	Q9JJH1
Q9D244	Q5GAN4
Q9D244	P00684
Q9D244	Q3TMQ6
Q9D244	O35292
Q9D244	O55004
Q9D244	P07998
Q9D244	Q93091
Q9D244	P70709
Q9D244	O35290
Q9D244	Q5GAL8
Q9D244	Q8VD89
Q9D244	P12724
Q9D244	Q8VD88
Q9D244	Q5GAM0
Q9D244	Q9H1E1
Q9D244	P03950
Q9D244	Q64438
Q9D244	P21570
Q9D244	Q8TDE3
Q9D244	P00683
Q9D244	Q5GAN6
Q9D244	Q5WN11
Q9D244	Q9D5A9
Q9D244	P97426
Q9D244	Q8VHS0
Q9D244	P97425
Q9D244	P97802
Q9D244	O35291
Q9D244	P34096
Q9D244	Q5GAM8
Q8BW00	Q8BW00
Q8BW00	Q86Y79
Q8BW00	XP_003749497
Q8N6M5	Q8N6M5
Q8N6M5	Q6AYP0
Q8N6M5	Q9JHX6
Q8NE18	Q8NE18
Q8NE18	Q14AW5
Q8CIP5	Q8CIP5
Q8CIP5	Q3TDN0
Q8CIP5	Q96F81
Q8CIP5	D3ZWU2
Q8CIP5	A7MBM2
Q8CIP5	D3ZBZ6
Q8CIP5	Q9P2K9
Q8CIP5	A3KFU9
Q8BV66	Q8BV66
Q8BV66	Q53G44
Q8BV66	Q9BDB7
Q8BV66	Q8TCB0
O43766	O43766
O43766	Q99M04
O43766	Q5XIH4
Q9D125	Q9D125
Q9D125	Q4QR80
Q9D125	P82663
Q24JP4	Q24JP4
Q24JP4	Q569G3
A2A7Y5	A2A7Y5
A2A7Y5	Q5JXC2
A2A7Y5	Q6AYH0
Q9CPQ5	Q9CPQ5
Q9CPQ5	Q7L2Z9
Q9CPQ5	Q66H02
Q6P3A2	Q6P3A2
Q6P3A2	XP_001003391
Q6P3A2	A6NGY1
Q6P3A2	Q96QU4
Q6P3A2	Q64ET8
O95567	O95567
Q923B0	Q923B0
Q923B0	Q4KM86
Q923B0	Q9BVM4
Q9R112	Q9R112
Q9R112	B0BMT9
Q9R112	Q9Y6N5
A0JLY1	A0JLY1
A0JLY1	Q0VFZ6
Q3UHG7	Q3UHG7
Q3UHG7	Q0PGW2
Q3UHG7	A4D1U4
XP_216730	XP_216730
XP_216730	E9PV87
XP_216730	Q9BVV6-2
XP_216730	Q9BVV6
O09173	O09173
O09173	Q93099
P16471-4	P16471-4
P16471-4	P05710
P16471-4	G3UVW6
P16471-4	P19941
P16471-4	Q08501
P16471-4	P16471
P16471-4	P16310
P16471-4	P16882
P16471-4	P10912
P16471-4	O75462
P16471-4	NP_999419
P16471-4	Q9JM58
Q8C5A4	Q8C5A4
NP_904321	NP_904321
Q8C615	Q8C615
Q4G0S7	Q4G0S7
Q4G0S7	F1M7D1
P0C1S9	P0C1S9
P0C1S9	Q8NCG7-4
P0C1S9	Q91WC9
P0C1S9	Q5YLM1
P0C1S9	Q6WQJ1
P0C1S9	Q9Y4D2
P0C1S9	Q8NCG7
I0J062	I0J062
P04918	P04918
P04918	P0DJI8
P04918	P05367
P04918	P0DJI9
P04918	P05366
P04918	P35542
P04918	P31532
P04918	A0A096LPE2
Q71RG6	Q71RG6
Q3TLK1	Q3TLK1
Q3TLK1	Q3UQ19
Q3TLK1	Q8IZ21-2
Q3TLK1	Q91VK6
Q3TLK1	P62024
Q3TLK1	Q2M3X8
Q3TLK1	Q9C0D0
Q3TLK1	Q6RFY2
Q3TLK1	Q501J7
Q3TLK1	Q8IZ21
Q3TLK1	Q8BYK5
Q3TLK1	Q96KR7-2
Q3TLK1	P62025
Q3TLK1	Q96KR7-3
Q3TLK1	O75167-4
Q3TLK1	O75167
Q3TLK1	Q96KR7-4
Q3TLK1	O75167-2
Q3TLK1	Q96KR7
Q3TLK1	XP_038967200
Q6QI68	Q6QI68
Q6QI68	Q9NZ42
Q6QI68	Q9CQR7
Q8BHA9	Q8BHA9
Q8BHA9	Q66H78
Q8BHA9	Q8TE99
Q8C5Y3	Q8C5Y3
Q8WZ04	Q8WZ04
Q8WZ04	P21964-2
Q8WZ04	D3ZM21
Q8WZ04	A1Y9I9
Q8WZ04	B6CZ62
Q8WZ04	Q86VU5
Q8WZ04	Q8BIG7
Q8WZ04	P22734
Q8WZ04	O88587
Q8WZ04	P21964
A0A0G2JVL5	A0A0G2JVL5
A0A0G2JVL5	Q8BR90
A0A0G2JVL5	A6NDU8
Q96HA4-4	Q96HA4-4
Q96HA4-4	A2ASP7
Q96HA4-4	Q96HA4
Q99LP6	Q99LP6
Q99LP6	D4A676
Q99LP6	P97576
Q99LP6	Q8TAA5
Q99LP6	O88396
Q99LP6	Q9HAV7
P0C8F1	P0C8F1
P0C8F1	Q09098
Q8N7U9	Q8N7U9
Q00994	Q00994
Q00994	Q9BXY8
Q00994	Q9WTZ8
Q00994	Q3MKQ1
Q00994	Q3TZW7
Q00994	Q9HBH7
Q00994	Q3MKP9
Q00994	Q3MKQ2
Q00994	Q9WTZ9
Q00994	Q6PDU5
Q00994	Q9R224
Q00994	Q9NWD9
Q00994	Q9CWT2
Q00994	Q5H9J7
Q9QZQ3	Q9QZQ3
Q9QZQ3	Q9QZQ4
Q9QZQ3	O95399
Q0VGU8	Q0VGU8
Q0VGU8	ENSRNOP00000060847
Q8K025	Q8K025
Q8K025	Q92837
Q8K025	O75474
Q8K025	Q9WVA7
Q8K025	P70339
XP_001058777	XP_001058777
XP_001058777	P83941
XP_001058777	P83940
XP_001058777	Q15369
Q8N8X9	Q8N8X9
Q8N8X9	Q8CI17
Q9UDW3	Q9UDW3
Q9UDW3	D3ZLD2
Q9UDW3	Q9CQR5
Q8TBH0-2	Q8TBH0-2
Q8TBH0-2	Q99KN1
Q8TBH0-2	A0A0B4J1F4
Q8TBH0-2	B0BNL6
Q8TBH0-2	Q8NCT1
Q8TBH0-2	Q8TBH0
Q8TBH0-2	Q9H3M7
Q8TBH0-2	Q9D668
Q8TBH0-2	Q7TPQ9
Q8TBH0-2	A0A0G2K4V0
Q8TBH0-2	Q6TXF1
Q8TBH0-2	Q96B67
Q8TBH0-2	Q8N5I2
Q8TBH0-2	Q8BG60
Q8TBH0-2	Q5M7W1
O00526	O00526
O00526	P38575
Q9WV41	Q9WV41
Q9WV41	Q9QY05
Q9WV41	Q9Y581
Q63257	Q63257
Q63257	P16382
Q63257	P24394
H0YL14	H0YL14
Q8K304	Q8K304
Q8K304	B1WBR6
Q8K304	A0AVI4
Q562C4	Q562C4
Q562C4	Q9H8H3
Q562C4	Q6UX53
Q562C4	Q8C6B0
Q562C4	Q5I0W6
Q562C4	G3X9G9
Q562C4	Q9DD20
Q562C4	Q3KRE2
P49914-2	P49914-2
P49914-2	Q5M9F6
P49914-2	Q9D110
P49914-2	P49914
B6ID09	B6ID09
B6ID09	Q6P1L5
B6ID09	F1M8D5
B6ID09	B2RYK0
B6ID09	Q8K3I9
B6ID09	Q86VQ1
B6ID09	Q3U3E2
B6ID09	Q7TNF9
B6ID09	Q9C073
Q96N68	Q96N68
F1M121	F1M121
F1M121	O15117-2
F1M121	O35601
F1M121	O15117
F1M121	O15117-3
F1M121	Q96QH2
F1M121	Q5VWT5
F1M121	A2A995
F1M121	Q6BCL1
F1M121	A0A8I6A116
F1M121	E9PZ08
F1M121	D3ZIE4
F1LZQ6	F1LZQ6
F1LZQ6	Q9D4H4
F1LZQ6	Q8IY63
F1LZQ6	A0A0G2JX94
F1LZQ6	Q8K371
F1LZQ6	Q9Y2J4-4
F1LZQ6	Q9Y2J4
F1LZQ6	Q9Y2J4-2
F1LZQ6	Q8VHG2
F1LZQ6	Q4VCS5
F1LZQ6	Q8IY63-2
F1LZQ6	G3V735
Q8WXE1-2	Q8WXE1-2
Q8WXE1-2	D4A4M3
Q8WXE1-2	Q8BMG1
Q8WXE1-2	Q8WXE1
P50580	P50580
P50580	Q9UQ80
P50580	Q6AYD3
Q8R1M0	Q8R1M0
Q8R1M0	Q5XIJ1
Q8R1M0	Q96FZ2
Q96AQ9	Q96AQ9
Q96AQ9	Q86XD5-3
Q96AQ9	Q86XD5
Q96AQ9	Q568Z1
Q96AQ9	Q3TY60
Q96AQ9	Q6UXB0
Q96AQ9	Q6UXB0-3
Q96AQ9	Q8BWU3
Q96AQ9	Q3TY60-2
Q9Z2M7	Q9Z2M7
Q9Z2M7	Q5RK25
Q9Z2M7	B5DF46
Q9Z2M7	O15305
Q9Z2M7	O35621
Q9Z2M7	Q92871
Q8CJ40	Q8CJ40
Q8CJ40	A6NC98
Q8CJ40	Q4QRL3
Q8CJ40	Q5TZA2-2
Q8CJ40	F6XLV1
Q8CJ40	XP_223709
Q8CJ40	Q3V6T2
Q8CJ40	Q9P219
Q8CJ40	Q9BV73
Q8CJ40	Q5SNZ0
Q8CJ40	Q86T23
Q8CJ40	Q8IVE0
Q8CJ40	Q60952
Q8CJ40	Q9BV73-2
Q8CJ40	Q6VGS5
Q8CJ40	Q5TZA2
Q8CJ40	F1M6Q2
Q8CJ40	A6NC98-2
Q8CJ40	XP_230784
Q8CJ40	D4A9W1
Q8CJ40	H7BZ55
Q8CJ40	A6NC98-5
Q8CJ40	D3ZTC4
Q86UU9	Q86UU9
Q86UU9	Q8CH01
Q99750	Q99750
Q99750	A0A1B0GVS7-2
Q99750	Q9P1T7-1
Q99750	A0A1B0GVS7
Q99750	Q9P1T7
Q99750	Q8BX65
Q99750	P70331
Q9D9Z1	Q9D9Z1
Q9D9Z1	Q6AXN6
Q9D9Z1	Q9Y448
Q5VVC0	Q5VVC0
Q5VVC0	Q3KQP7
P30533	P30533
P30533	Q99068
P30533	P55302
Q6NXH8	Q6NXH8
Q6NXH8	Q8N6Q8
Q99NB8	Q99NB8
Q99NB8	Q9JJP9
Q99NB8	D4AA63
Q99NB8	Q91W67
Q99NB8	Q96S82
Q99NB8	Q6AY24
Q99NB8	Q8R317
Q99NB8	Q9QZM0
Q99NB8	Q8IYU4
Q99NB8	D4A3P1
Q99NB8	Q9UMX0
Q99NB8	Q9UHD9
Q99NB8	Q14DL0
Q99NB8	Q9NRR5
Q99NB8	Q9UMX0-2
Q99NB8	Q9H347
Q99NB8	Q5XIP4
Q99NB8	Q8C5U9
P82914	P82914
P82914	Q5XI37
P82914	Q9DC71
P31230	P31230
P31230	Q12904
P31230	Q91WQ3
P31230	Q4G079
P31230	P54577
P31230	Q12904-2
P31230	Q4KM49
P63252	P63252
P63252	Q63664
P63252	P97794
P63252	O88932
P63252	P52190
P63252	P48543
P63252	Q15842
P63252	O60928
P63252	Q99712
P63252	Q63511
P63252	Q92806
P63252	P86046
P63252	Q91ZF1
P63252	O70596
P63252	Q14654
P63252	P35560
P63252	Q8JZN3
P63252	P48548
P63252	Q14500
P63252	P48051
P63252	P48545
P63252	P48048
P63252	P52191
P63252	P48544
P63252	Q9Z307
P63252	P48550
P63252	Q0VB45
P63252	P52189
P63252	P52187
P63252	P52188
P63252	B7U540
P63252	Q64273
P63252	O70617
P63252	P48549
P63252	P63250
P63252	P63251
P63252	P48050
P63252	Q3TNE6
P63252	P35560-2
P63252	O88335
P63252	Q9UNX9
P63252	P35561
P63252	P49655
P63252	Q9NPI9
P63252	P70673
P63252	Q61743
P63252	P78508
P63252	Q9JM63
Q8N0W5	Q8N0W5
Q8N0W5	E9PUC1
Q9DCC8	Q9DCC8
Q9DCC8	Q62760
Q9DCC8	Q15388
Q9DCC8	Q9D4V6
Q9DCC8	Q6UXN7
Q9DCC8	XP_001072851
Q5XID3	Q5XID3
Q5XID3	Q9P0N5
Q5XID3	B6ID01
Q5XID3	Q9CQC4
Q5XID3	Q96HE8
Q5XID3	Q9D3H0
Q08013	Q08013
Q08013	Q9DCF9
Q08013	Q9UNL2
Q08013	Q9UNL2-2
F1LU70	F1LU70
F1LU70	Q9DBM1
F1LU70	Q9BRR8
XP_216483	XP_216483
XP_216483	A2ACP1
XP_216483	Q8BYY4
XP_216483	Q5VTQ0
XP_216483	D4A7N7
XP_216483	D3ZC96
XP_216483	Q5SRH9
XP_216483	Q5SRH9-4
P18293	P18293
P18293	P51842
P18293	Q5SDA5
P18293	P33402-2
P18293	P51841
P18293	P52785
P18293	P41740
P18293	P33402
P18293	Q02846
P18293	P16067
P18293	Q8BXH3
P18293	Q9WVI4
P18293	O54865
P18293	P22717
P18293	Q02153
P18293	P19686
P18293	A0A0U1RPR8
P18293	Q9ERL9
P18293	P51839
P18293	Q02108
P18293	P20594
P18293	P51840
P18293	P18910
P18293	P70180
P18293	Q6TL19
P18293	P20595
P18293	P16066
P18293	P55205
P18293	O75343
P18293	F8VQK3
P18293	P20594-2
P18293	P17342
P18293	P55204
P18293	Q6VVW5
P18293	P23897
P18293	Q3UWA6
P18293	P25092
P49722	P49722
P49722	P17220
P49722	P25787
P49722	P25786
P49722	P18420
P49722	P25786-2
P49722	P25789-2
P49722	P60901
P49722	Q9QUM9
P49722	P60900
P49722	P18422
P49722	P25789
P49722	P25788
P49722	O14818-2
P49722	O70435
P49722	P28066
P49722	Q9Z2U1
P49722	P34064
P49722	O14818
P49722	Q8TAA3-2
P49722	Q9CWH6
P49722	Q8TAA3
P49722	Q9R1P4
P49722	P25788-2
P49722	P21670
P49722	Q9R1P0
P49722	NP_001008218
P49722	Q9Z2U0
Q9D9U9	Q9D9U9
Q9D9U9	Q9UL16
P0C7I6	P0C7I6
P0C7I6	Q8C963
Q8BVM7	Q8BVM7
Q8BVM7	Q96Q35
Q8BVM7	Q6AY08
F1M8E1	F1M8E1
F1M8E1	Q96LY2
F1M8E1	Q96AQ1
Q96IZ2	Q96IZ2
Q96IZ2	Q5M828
Q96IZ2	Q8C138
Q96IZ2	Q9NVV5-1
Q96IZ2	Q9D8B1
Q96IZ2	Q9NVV5
Q96IZ2	B2RZC0
XP_001065264	XP_001065264
Q5FVH2	Q5FVH2
Q5FVH2	O35405
Q5FVH2	Q8IV08
Q5FVH2	Q8BG07
Q5FVH2	Q96BZ4
Q5FVH2	Q8N7P1
Q5FVH2	Q3UNN8
B1WC86	B1WC86
B1WC86	Q80XL7
B1WC86	Q53F39
B1WC86	Q80XL7-2
Q01205	Q01205
Q01205	Q8BKZ9
Q01205	P08461
Q01205	P36957
Q01205	NP_001381465
Q01205	Q8BMF4
Q01205	O00330
Q01205	Q9D2G2
Q01205	P53395
Q01205	P11182
Q01205	B2GV15
Q01205	O00330-3
Q01205	P10515
Q6VV72	Q6VV72
Q6VV72	Q60872
Q6VV72	O14602
Q6VV72	Q8BMJ3
Q6VV72	B5DF60
Q6VV72	P47813
O60547	O60547
O60547	Q3MHS7
O60547	Q8K0C9
P20352	P20352
P20352	P13726
P20352	P42533
Q99L02	Q99L02
Q99L02	Q5M865
Q99L02	Q9BTK6
P25688	P25688
P25688	P09118
Q9BRG1	Q9BRG1
Q9BRG1	P0C0A1
Q9BRG1	Q9CQ80
Q8TAE8	Q8TAE8
Q8TAE8	Q9CR59
Q8TAE8	Q5XJW2
NP_001013835	NP_001013835
NP_001013835	Q6T264
NP_001013835	Q13495
NP_001013835	P0C6A2
NP_001013835	Q92585
NP_001013835	Q13495-3
NP_001013835	Q96JK9
NP_001013835	NP_001101145
NP_001013835	Q8IZL2
NP_001013835	D4A930
NP_001013835	F1M3B2
O00186	O00186
O00186	O08599-2
O00186	P61765-2
O00186	P61764-2
O00186	Q62753
O00186	P61765
O00186	O08599
O00186	P61764
O00186	Q15833-3
O00186	Q99PV2
O00186	Q64324
O00186	Q15833
O00186	Q60770
O75665	O75665
O75665	Q80Z25
O75665	D3ZUD5
Q16831	Q16831
Q16831	O95045
Q16831	Q8CGR7
Q16831	P52624
Q16831	Q499V1
O54752	O54752
O54752	P54802
O54752	D3ZZL3
P49406	P49406
P49406	Q2HJI0
P49406	D4A4A9
P49406	Q9D338
Q8R4F0	Q8R4F0
Q8R4F0	Q8IZK6
Q8R4F0	Q8K595
Q8R4F0	Q499S1
Q8R4F0	Q99J21
Q8R4F0	Q8TDD5
Q8R4F0	Q9GZU1
Q8R4F0	NP_001099373
Q8N5C6	Q8N5C6
Q8N5C6	Q7KZ85-2
Q8N5C6	D4A9B0
Q8N5C6	Q62383
Q8N5C6	Q497V5
Q8N5C6	Q7KZ85
Q8N5C6	L0R819
Q8N5C6	F1LR36
O35658	O35658
O35658	Q07021
O35658	O35796
P60508	P60508
P60508	Q5G5D5
P60508	Q8BI41
P60508	P10404
P60508	P61550
P60508	P60509
P60508	XP_038959349
P60508	Q9UQF0
P60508	Q61875
P60508	Q3UZF4
P60508	Q9N2K0
P60508	B6SEH8
P60508	Q9N2J8
P60508	P60507
P60508	P60608
P60508	B6SEH9
P60508	P11370
Q8K245	Q8K245
Q8K245	ENSRNOP00000022176
Q8K245	Q9P2Y5
P97297	P97297
P97297	P43145
P97297	P35318
Q96Q11	Q96Q11
Q96Q11	Q4VBH2
Q96Q11	Q8K1J6
Q5XXA6	Q5XXA6
Q5XXA6	XP_235640
Q5XXA6	A1A5B4
Q5XXA6	Q8CFW1
Q5XXA6	Q9NQ90
Q5XXA6	Q32M45
Q5XXA6	Q6IFT6
Q5XXA6	Q8C5H1
Q5XXA6	A2AHL1
Q5XXA6	P86044
Q5XXA6	F1LY14
Q5XXA6	Q75V66
Q5XXA6	Q75UR0
Q5XXA6	Q6IWH7
Q5XXA6	Q14AT5
Q5XXA6	D3ZNN7
Q5XXA6	Q9HCE9-2
Q5XXA6	Q6P9J9
Q5XXA6	Q6PB70
Q5XXA6	Q8BHY3
Q5XXA6	Q4KMQ2-2
Q5XXA6	Q4KMQ2
Q5XXA6	Q9HCE9
Q5XXA6	Q9BYT9
Q5XXA6	D4A915
Q96PP8	Q96PP8
Q96PP8	P32455
Q96PP8	Q01514
Q96PP8	F1M9F6
Q96PP8	A4UUI2
Q96PP8	Q8N8V2
Q96PP8	A4UUI3
Q96PP8	Q2V6D6
Q96PP8	Q9Z0E6
Q96PP8	P32456
Q96PP8	A0A8I6GE08
Q96PP8	D3ZQL3
Q96PP8	Q61107
Q96PP8	D3ZV82
Q96PP8	Q91Z40
Q96PP8	XP_006250671
Q96PP8	A0A0G2JDV3
Q96PP8	Q9H0R5
Q96PP8	Q63663
Q96PP8	Q8CFB4
Q96PP8	Q96PP9
Q96PP8	Q6ZN66
Q96PP8	Q6PG83
Q9NVE4	Q9NVE4
Q9NVE4	Q8CDL9
Q9H2S6	Q9H2S6
Q9H2S6	Q9ESC2
Q9H2S6	O70367
Q9H2S6	O75829
Q9H2S6	Q9Z1F6
Q9H2S6	Q9EP64
Q96DM1	Q96DM1
P16930	P16930
P16930	P25093
P16930	P35505
Q6PJN8	Q6PJN8
Q6PJN8	Q641Y9
Q6PJN8	Q5D0E6
Q8NHP7	Q8NHP7
Q8NHP7	B2RWQ8
Q8NHP7	Q8CDF7
Q8JZX9	Q8JZX9
Q8JZX9	Q6NZY7
Q8JZX9	Q9Z0X0
Q8JZX9	Q5PQP4
Q8JZX9	A1A5P0
Q8JZX9	Q8CE97
Q8JZX9	Q9JM96
Q8JZX9	A8K5M9
Q8JZX9	Q9H3Q1
Q8JZX9	D3ZWQ6
Q8JZX9	O14613
Q8JZX9	Q00587-2
Q8JZX9	Q91W92
Q8JZX9	Q00587
Q8JZX9	Q0VGK8
Q8JZX9	B1WC33
Q8JZX9	Q9CQC5
Q8JZX9	Q9UKI2
D3Z6E3	D3Z6E3
D3Z6E3	Q6PGK7
D3Z6E3	Q8NET6
D3Z6E3	O43529
D3Z6E3	Q80V53
D3Z6E3	Q8NCH0
D3Z6E3	Q9NPF2
D3Z6E3	O54702
D3Z6E3	Q99LL3
D3Z6E3	Q9H2A9
D3Z6E3	Q9NRB3
D3Z6E3	Q8BQ86
D3Z6E3	P69478
D3Z6E3	Q9JME2
D3Z6E3	D3ZPV0
D3Z6E3	Q7L1S5
D3Z6E3	Q76EC5
D3Z6E3	Q498S0
D3Z6E3	B2GV63
B5DF09	B5DF09
B5DF09	Q56P03
B5DF09	Q5BU09
B2RZ27	B2RZ27
B2RZ27	Q9JJU8
B2RZ27	Q9H299
B2RZ27	Q9WUZ7
B2RZ27	P55822
B2RZ27	Q91VW3
B2RZ27	D3ZU20
B2RZ27	O75368
B2RZ27	Q8BG73
B2RZ27	NP_001376179
B2RZ27	Q9UJC5
B2RZ27	B5DFD8
B2RYJ4	B2RYJ4
B2RYJ4	Q9CQF6
B2RYJ4	Q9NRN7
Q6A078	Q6A078
Q6A078	A0A0G2K715
Q6A078	O15078
Q2T9J0	Q2T9J0
Q2T9J0	Q9DBA6
Q2T9J0	B1H261
Q8VDG7	Q8VDG7
Q8VDG7	Q5M7T7
Q8VDG7	P83006
Q8VDG7	Q99487
Q8VDG7	Q13093
Q8VDG7	Q60963
Q99JW2	Q99JW2
Q99JW2	Q6AYS7
Q99JW2	Q6PTT0
Q99JW2	Q03154
Q3B7S5	Q3B7S5
Q9D4D3	Q9D4D3
Q9BTP6	Q9BTP6
Q9BTP6	O75132
Q9BTP6	D2EAC2
Q9BTP6	Q80WQ9
Q9BTP6	NP_001128272
Q9BTP6	D3ZUV0
Q9BTP6	Q96IU2
Q9BTP6	Q9D0L1
Q9BTP6	Q4V7E3
Q9BTP6	P86452
Q6ZP68	Q6ZP68
Q8K0U3	Q8K0U3
Q8K0U3	Q5HZE5
Q8K0U3	Q86X19
E9Q0B3	E9Q0B3
E9Q0B3	F5H4A9
Q62834	Q62834
Q62834	O75794
Q62834	Q8CII2
B0BLS0	B0BLS0
B0BLS0	P0C6T2
Q5FVP2	Q5FVP2
Q5FVP2	Q8BGW5
Q5FVP2	Q96AH0
Q5FVP2	Q3SWT1
Q5FVP2	Q8R2Y9
Q5FVP2	Q9BQ15
P70668	P70668
P70668	P33680
P70668	Q02747
P70668	P28902
P70668	Q16661
P70668	O09051
A0A494C0N9	A0A494C0N9
A0A494C0N9	P0DSO1
A0A494C0N9	A0A494C0Y3
Q3B8Q3	Q3B8Q3
Q3B8Q3	Q8BGD6
Q3B8Q3	Q8NBW4
Q5HZY3	Q5HZY3
Q5HZY3	P09936
Q5HZY3	Q9Y5K5-2
Q5HZY3	Q92560
Q5HZY3	Q9WUP7
Q5HZY3	Q00981
Q5HZY3	Q9R0P9
Q5HZY3	Q9Y5K5
Q5HZY3	Q99PU7
Q5HZY3	P58321
Q5HZY3	P15374
Q5HZY3	Q9Y5K5-3
Q5HZY3	Q9Y5K5-4
Q5HZY3	D3ZHS6
Q5HZY3	Q9JKB1
Q5HZY3	Q91Y78
Q6ZU45	Q6ZU45
Q9NVS9-2	Q9NVS9-2
Q9NVS9-2	O88794
Q9NVS9-2	Q91XF0
Q9NVS9-2	Q9NVS9
B5DEP5	B5DEP5
B5DEP5	Q9QXN3
B5DEP5	Q15650
B0BNM0	B0BNM0
B0BNM0	Q9H0R3
B0BNM0	Q8BVA2
NP_001162083	NP_001162083
NP_001162083	Q8IUI8
NP_001162083	Q9Z2L7
NP_001100896	NP_001100896
NP_001100896	P26516
NP_001100896	P51665
D3Z916	D3Z916
D3Z916	Q9H8M7
D3Z916	Q9CV28
A0A1B0GTC6	A0A1B0GTC6
D3ZA85	D3ZA85
D3ZA85	Q9UMS0
D3ZA85	Q9QZ23
D4AC65	D4AC65
D4AC65	Q921H9
D4AC65	Q96BR5
C0HLU2	C0HLU2
D4A7K0	D4A7K0
D4A7K0	Q9NWH2
D4A7K0	Q8VCR3
A0A0A0MTA4	A0A0A0MTA4
Q5FVM1	Q5FVM1
Q5FVM1	Q9H6L2
Q5FVM1	Q3U284
Q5FVM1	Q9H6L2-2
Q0PXQ8	Q0PXQ8
Q0PXQ8	P70434
Q0PXQ8	Q13568
Q0PXQ8	Q5XIB0
Q0PXQ8	Q92985
Q0PXQ8	P70671
Q0PXQ8	Q02556
Q0PXQ8	Q61179
Q0PXQ8	P10914
Q0PXQ8	Q00978
Q0PXQ8	P15314
Q0PXQ8	Q68FP4
Q0PXQ8	D3ZPU1
Q0PXQ8	P23906
Q0PXQ8	P14316
Q0PXQ8	Q14653
Q0PXQ8	P56477
Q0PXQ8	D3ZEX6
Q0PXQ8	O14896
Q0PXQ8	Q64287
Q0PXQ8	Q15306
Q0PXQ8	D4AAV0
Q0PXQ8	P97431
Q0PXQ8	Q3SWU2
Q0PXQ8	P23570
Q0PXQ8	Q5NUI4
Q0PXQ8	Q13568-2
Q0PXQ8	Q92985-4
Q0PXQ8	P23611
Q70EX6	Q70EX6
Q70EX6	O35940
Q70EX6	Q3KNW5
Q70EX6	Q9CXB2
Q70EX6	Q62633
Q70EX6	P70172
Q70EX6	Q12908
Q70EX6	Q5PT56
Q70EX6	P26435
Q70EX6	P09131
Q70EX6	Q4JLT5
Q70EX6	O08705
Q70EX6	P21129
Q70EX6	Q14973
Q70EX6	Q3UEZ8
Q70EX6	Q96EP9
Q70EX6	Q5PT54
Q70EX6	Q5PT55
B0BN86	B0BN86
B0BN86	Q8BK08
B0BN86	P17152
Q9HD40	Q9HD40
Q9HD40	B2GV97
Q9HD40	Q6P6M7
O75896	O75896
O75896	Q9WVF8
O75896	NP_001102767
Q9BQ65	Q9BQ65
Q9BQ65	Q5I0I5
Q9BQ65	Q91W78
Q6AY96	Q6AY96
Q6AY96	Q3THK3
Q6AY96	P35269
Q9NWV8	Q9NWV8
Q9NWV8	Q5XIJ6
Q9NWV8	Q3UI43
P46695	P46695
P46695	P46694
Q14181	Q14181
Q14181	O89043
Q14181	P33611
Q68CJ6	Q68CJ6
Q68CJ6	D3YWJ0
Q68CJ6	F1M575
Q8R1B4	Q8R1B4
Q8R1B4	B5DFC8
Q8R1B4	Q99613
Q8R1B4	B5ME19
Q9QXD6	Q9QXD6
Q9QXD6	P00636
Q9QXD6	P09467
Q9QXD6	P70695
Q9QXD6	P19112
Q9QXD6	O00757
Q9QXD6	Q9Z1N1
Q9BRD0-2	Q9BRD0-2
Q9BRD0-2	Q8R149
Q9BRD0-2	Q9BRD0
Q9BRD0-2	Q4QQU1
D4A9S3	D4A9S3
D4A9S3	Q69ZF8
D4A9S3	Q9HCI7
B3FIB5	B3FIB5
B3FIB5	Q6J1H4
B3FIB5	Q5T230
Q4QR75	Q4QR75
Q4QR75	Q06265-2
Q4QR75	Q06265
Q4QR75	Q9JHI7
Q6AYA6	Q6AYA6
Q6AYA6	Q3TYS2
Q6AYA6	Q9BQA9
P27653	P27653
P27653	Q6UB35
P27653	Q922D8
P27653	P11586
P27653	B2GUZ3
P27653	Q9H903
P27653	Q3V3R1
P27653	D3YZG8
P27653	P18155
P27653	P13995
P27653	D4A1Y5
P27653	D3ZUA0
P27653	Q6UB35-2
Q1RP77	Q1RP77
Q1RP77	Q9Y3C1
Q1RP77	Q9CPT5
Q1RP77	Q9Y3C1-3
Q1RP77	Q9Y3C1-2
Q4V8C2	Q4V8C2
Q4V8C2	O54692
Q4V8C2	O43264
P23368-2	P23368-2
P23368-2	Q99KE1
P23368-2	P23368
P23368-2	P06801
P23368-2	P48163
P23368-2	Q8BMF3
P23368-2	Q16798
P23368-2	D3ZJH9
P23368-2	P13697
P23368-2	F1M5N4
F1LTW9	F1LTW9
F1LTW9	Q14156
F1LTW9	Q6ZQ18
F1LTW9	Q9Y2G0
F1LTW9	Q8BG67
F1LTW9	D4ADS9
M0RA30	M0RA30
M0RA30	Q8BJW5
M0RA30	Q9H8H0
Q15631-2	Q15631-2
Q15631-2	Q71SY3
Q15631-2	Q62348
Q15631-2	Q15631
O60832-2	O60832-2
O60832-2	O60832
O60832-2	Q9ESX5
O60832-2	P40615
A4D0Y5	A4D0Y5
A0A1B0GWH4	A0A1B0GWH4
A0A1B0GWH4	A0A1B0GTS1
A0A1B0GWH4	Q9ULV5
A0A1B0GWH4	Q5ND04
A0A1B0GWH4	F1MAF1
A0A1B0GWH4	Q9R0L1
A0A1B0GWH4	Q4G112
A0A1B0GWH4	Q00613-2
A0A1B0GWH4	D0VYS2
A0A1B0GWH4	Q80Y37
A0A1B0GWH4	P38533
A0A1B0GWH4	Q03933
A0A1B0GWH4	Q96LI6
A0A1B0GWH4	Q9UBD0
A0A1B0GWH4	P38532-2
A0A1B0GWH4	Q9R120
A0A1B0GWH4	Q00613
A0A1B0GWH4	P38532
A0A1B0GWH4	Q03933-2
A0A1B0GWH4	Q9ULV5-2
A0A1B0GWH4	Q08DJ8
Q9Y6Z4-2	Q9Y6Z4-2
Q9Y6Z4-2	Q9Y6Z4
Q9ERA7	Q9ERA7
Q9ERA7	Q8C160
Q9ERA7	Q96KJ4
Q9ERA7	Q13421-2
Q9ERA7	Q13421
Q9ERA7	Q61468
O35870	O35870
O35870	AAA37590
O35870	Q00597
O35870	P50652
Q8CES1	Q8CES1
Q8CES1	A0A1W2PS18
Q9R1S9	Q9R1S9
Q9R1S9	P21741
Q9R1S9	P12025
Q9R1S9	P63089
Q9R1S9	P63090
Q9R1S9	P21246
B2GV17	B2GV17
B2GV17	Q09M02
B2GV17	Q8NDL9
Q5BK68	Q5BK68
Q5BK68	Q9D2C9
Q5BK68	Q92966
A1A5Q4	A1A5Q4
A1A5Q4	Q6PE87
A1A5Q4	Q8IYR0
Q8NE00-2	Q8NE00-2
Q8NE00-2	Q8NE00
Q8NE00-2	Q3TB48
Q8NE00-2	D3ZU40
Q5BK64	Q5BK64
Q5BK64	O75818
Q5BK64	Q8R1F9
Q5U2R7	Q5U2R7
Q5U2R7	Q14696
Q5U2R7	Q9ERE7
Q5BK13	Q5BK13
Q5BK13	Q8N511
Q5BK13	Q5SYH2
Q5PR01	Q5PR01
Q5PR01	Q9H3Y8
Q5PR01	Q9CR37
Q5PR01	Q8WWR9
Q08125	Q08125
Q08125	P05113
Q08125	P04401
O14607-5	O14607-5
O14607-5	Q5NCY0
O14607-5	O15054
O14607-5	XP_008771269
O14607-5	NP_001102299
O14607-5	P79457
O14607-5	O14607
O14607-5	O70546
O14607-5	O14607-4
O14607-5	O15550
T0D7A2	T0D7A2
Q9Z286	Q9Z286
Q9Z286	Q8C0T9
Q9Z286	Q96PN6
Q6AY94	Q6AY94
Q6AY94	Q9NPL8
Q6AY94	Q8BUY5
Q5PQL4	Q5PQL4
Q5PQL4	Q99LI9
Q5PQL4	Q92989
A1L1L1	A1L1L1
A1L1L1	Q5EE01
A1L1L1	Q3URR0
Q9Z0K5	Q9Z0K5
Q9Z0K5	O95976
A0A1B0GUY1	A0A1B0GUY1
B1WBT0	B1WBT0
B1WBT0	C9JQI7
B1WBT0	Q5K6N0
Q6R518	Q6R518
Q6R518	Q9UHW5-2
Q6R518	Q9H9Y4
Q6R518	NP_001121044
Q6R518	Q8VEJ1
Q6R518	D4A7C0
Q6R518	Q8VCE2
Q6R518	Q9HCN4-5
Q6R518	Q9HCN4
Q6R518	Q9D3W4
Q6R518	Q9UHW5
Q6R518	Q9HCN4-4
D3ZIP8	D3ZIP8
D3ZIP8	O94919
D3ZIP8	Q8C522
XP_008766123	XP_008766123
XP_008766123	Q3UPR7
XP_008766123	Q8N9M5
NP_001380978	NP_001380978
NP_001380978	Q9CQ65
NP_001380978	Q13126
NP_001380978	Q13126-2
D3ZIF0	D3ZIF0
D3ZIF0	Q96ME7
D3ZIF0	Q69Z99
D3ZIF0	B7ZCR6
D3ZIF0	Q96KM6
A0A1W2PQD8	A0A1W2PQD8
A0A1W2PQD8	A0A1W2PQ64
A0A1W2PQD8	Q4KLK9
A0A1W2PQD8	Q9CY97
A0A1W2PQD8	Q9NP77
A0A1W2PQD8	A0A1W2PR75
A0A1W2PQD8	A0A1W2PQJ5
A0A1W2PQD8	A0A1W2PQC6
A0A1W2PQD8	A0A1W2PQ27
D3ZBP3	D3ZBP3
D3ZBP3	Q13868
D3ZBP3	Q8VBV3
D3ZIU2	D3ZIU2
D3ZIU2	Q9BT73
D3ZIU2	Q9CZH3
D3ZV75	D3ZV75
D3ZV75	Q9H3U5
D3ZV75	Q9DC37
D3ZV75	Q9H3U5-6
B2RYQ2	B2RYQ2
B2RYQ2	Q15257
B2RYQ2	P58389
B2RYQ2	Q15257-2
P19253	P19253
P19253	P40429
P19253	P35427
P19253	Q9XSU0
Q9D1U5	Q9D1U5
Q9D1U5	Q9CQ89
Q9D1U5	Q6MGD0
Q9D1U5	O60888
Q9D1U5	O60888-2
Q9D1U5	D3ZY56
Q63635	Q63635
Q63635	O60499
Q63635	Q9JKK1
Q63635	O43752
Q63635	Q9UNK0
Q63635	O88983
Q63635	Q9Z2Q7
O88350	O88350
O88350	O75884
O88350	O88851
Q69CM7	Q69CM7
Q69CM7	Q5SUV2
Q69CM7	Q8TBZ2
D3ZFQ7	D3ZFQ7
D3ZFQ7	Q9BWV2
D3ZFQ7	Q9D9R3
D3ZD59	D3ZD59
D3ZD59	Q8N3J2
D3ZD59	Q3U034
P20810-2	P20810-2
P20810-2	P51125-3
P20810-2	P20810-5
P20810-2	P51125
P20810-2	P27321
P20810-2	P20810-6
P20810-2	P20810_VAR_022686
P20810-2	P20810
Q5JTH9-2	Q5JTH9-2
Q5JTH9-2	M0R3M8
Q5JTH9-2	Q5JTH9
Q5JTH9-2	Q6P5B0
Q5JTH9-2	Q5JTH9-3
Q9JIL9	Q9JIL9
Q9JIL9	Q9R207
Q9JIL9	O60934
B2GUZ5	B2GUZ5
B2GUZ5	Q96KX2
B2GUZ5	Q9WUV6
B2GUZ5	P47755
B2GUZ5	P47753
B2GUZ5	P52907
B2GUZ5	P47754
B2GUZ5	Q3T1K5
B2GUZ5	P70190
Q499U8	Q499U8
Q499U8	Q91WU4
Q499U8	Q5TGY1
NP_001020811	NP_001020811
NP_001020811	Q9CR26
NP_001020811	Q9NP79
P0C7W3	P0C7W3
P0C7W3	Q9ER38
P0C7W3	Q5JU69
P0C7W3	Q2M2S1
P0C7W3	Q8N2E6
P0C7W3	Q9NXH8
P0C7W3	Q8BH02
P0C7W3	O14656
P0C7W3	Q9ER39
P0C7W3	Q5M936
P0C7W3	Q9ER41
P0C7W3	O14657
P0C7W3	Q6AYR4
P0C7W3	P0C7W2
P0C7W3	Q8R1J9
P0C7W3	D3ZG57
P0C7W3	Q9H497
P0C7W3	Q68G38
F1NS98	F1NS98
F1NS98	Q6ZQK0
F1NS98	P42695
F1NS98	Q3T1H0
P49848-2	P49848-2
P49848-2	P49848-3
P49848-2	Q62311
P49848-2	Q63801
P49848-2	P49848
O43598-2	O43598-2
O43598-2	O43598
O43598-2	Q80VJ3
O43598-2	O35820
D3ZKB7	D3ZKB7
D3ZKB7	Q9Y4B6-2
D3ZKB7	Q80TR8
D3ZKB7	Q9Y4B6
Q6AYK3	Q6AYK3
Q6AYK3	Q9JHU9
Q6AYK3	Q9NPH2
Q14656	Q14656
O97580	O97580
O97580	NP_001101857
O97580	Q9Z2I9
O97580	Q9P2R7
O97580	Q9Z2I8
O97580	Q9P2R7-2
O97580	Q96I99
O97580	P53590
O97580	Q499V7
C9JH25	C9JH25
C9JH25	Q6PE13
C9JH25	Q5FWE3
C9JH25	B2RU40
C9JH25	D4A9R4
C9JH25	D3ZWQ0
NP_766093	NP_766093
NP_766093	Q6PG16
NP_766093	Q8NCD3-2
NP_766093	Q8NCD3-3
NP_766093	Q8NCD3
NP_766093	D4A1W1
Q8CCG4	Q8CCG4
Q8CCG4	D3Z8Y2
Q8CCG4	Q7L190
Q8CCG4	Q7Z7J5
Q8CCG4	Q9CWH0
P53568	P53568
P53568	P53567
P53568	Q03484
P53568	P56261
P53568	P17676
P53568	Q6PZD9
P53568	P05554
P53568	Q15744
P53568	P49715
P53568	Q05826
P53568	Q00322
P53568	P26801
P53568	P28033
P53568	P53566
P53568	P49716
P53568	P21272
Q6PRD7	Q6PRD7
Q765I1	Q765I1
Q765I1	Q765I0
Q765I1	Q765I2
Q8N6I4	Q8N6I4
Q8N6I4	Q8BH26
Q8N6I4	Q8N6I4-3
Q8N6I4	F1LXS7
B1ARW8	B1ARW8
B1ARW8	D3ZK76
B1ARW8	Q6ZSJ8
Q8N1D0	Q8N1D0
Q60866	Q60866
Q60866	Q96BW5
Q60866	Q63530
Q80ZI1	Q80ZI1
Q80ZI1	Q6NT89
Q8BGD0	Q8BGD0
Q8BGD0	Q9HBI5
Q6UX34	Q6UX34
Q6UX34	Q9CXL7
Q52M75	Q52M75
Q4VX62	Q4VX62
Q8N907	Q8N907
Q8N907	Q06880
Q8N907	O60565
Q8N907	O95813
Q8N907	O55233
Q8N907	O35793
Q8N907	O70326
Q8N907	O88273
Q8N907	D3ZGN3
Q8N907	Q9H772
Q8N907	P41271
Q8N907	P41271-2
Q8N907	Q76LW6
Q8N907	Q61477
Q505B8	Q505B8
Q505B8	Q6PIF2
F5H6P3	F5H6P3
F5H6P3	Q9Y5U4
F5H6P3	Q8BGI3
F5H6P3	O15503
F5H6P3	Q80UA9
F5H6P3	Q91WG1
F5H6P3	Q08755
Q96NG3-2	Q96NG3-2
Q96NG3-2	NP_001100519
Q96NG3-2	Q9D4B2
Q96NG3-2	Q96NG3
Q8NBC4	Q8NBC4
Q99JL1	Q99JL1
Q99JL1	Q8NEY3
Q99JL1	Q8K3V1
Q99JL1	Q6DNA4
Q99JL1	Q9Y4P9
Q86VR8	Q86VR8
Q86VR8	Q8BQB4
Q86VR8	D4AB25
Q9D387	Q9D387
Q9D387	Q5PPI4
Q9D387	Q9UJQ1
Q8IUC2	Q8IUC2
Q6WQI6	Q6WQI6
Q86WV5	Q86WV5
Q86WV5	Q9D7K2
Q86WV5	NP_001101777
A4D0T7	A4D0T7
Q5JXX7	Q5JXX7
Q13296	Q13296
Q13296	O75556
Q13296	Q9JHB9
Q13296	P02780
Q8IZ63	Q8IZ63
Q8IZ63	F6TNE3
Q6ZSR6	Q6ZSR6
Q9D742	Q9D742
Q9D742	Q9NUS5
Q8N2C9	Q8N2C9
D3ZDR2	D3ZDR2
D3ZDR2	P0C0A3
D3ZDR2	Q96FZ7
D3ZPE6	D3ZPE6
D3ZPE6	Q4U2R6
D3ZPE6	Q9CPY1
Q99MI5	Q99MI5
Q99MI5	Q64674
Q99MI5	P19623
Q5U2T2	Q5U2T2
Q5U2T2	Q86SQ9
Q5U2T2	Q99KU1
Q5U2T2	Q86SQ9-2
C0HLV8	C0HLV8
C0HLV8	C0HLV9
A0A0A0MT70	A0A0A0MT70
P20607	P20607
P20607	P08505
P20607	P05231
XP_001067239	XP_001067239
XP_001067239	P16332
XP_001067239	P22033
O70301	O70301
O70301	P39905
O70301	Q5T4W7
O70301	Q6AYE8
O70301	Q99748
O70301	P97463
O70301	Q07731
O70301	P48540
O70301	Q9Z0L2
O70301	O60542
O70301	O70300
O35217	O35217
O35217	Q9UNW1
O35217	Q9Z2L6
O35790	O35790
O35790	Q9Y2B2
O35790	Q5SX19
P97604	P97604
P97604	P40933
P97604	P48346
Q5M9G0	Q5M9G0
Q5M9G0	Q8K2D6
Q5M9G0	P32321
Q5M9G0	Q9BWV3
Q5M9G0	Q8BMD5
Q5M9G0	P32321-2
Q5EGZ1	Q5EGZ1
Q5EGZ1	F6X3S4
Q5EGZ1	D0G895
Q5EGZ1	P09470
Q5EGZ1	Q9ESG4
Q5EGZ1	Q9HBJ8
Q5EGZ1	Q8R0I0
Q5EGZ1	Q9BYF1
Q5EGZ1	Q9ESG3
Q5EGZ1	P47820
Q5EGZ1	P12821
Q5EGZ1	M0RB66
Q6AY78	Q6AY78
Q6AY78	Q96BI1
Q6AY78	Q78KK3
Q30KM9	Q30KM9
Q30KM9	Q32ZF3
Q30KM9	A0A096LNP1
Q30KM9	P59861
B2RZ32	B2RZ32
B2RZ32	Q5BJH2
B2RZ32	Q9CZB9
A0A0J9YXA8	A0A0J9YXA8
A0A1B0GUA9	A0A1B0GUA9
A0A1B0GUA9	Q9D4A4
NP_001102226	NP_001102226
NP_001102226	P97762
NP_001102226	Q8TA86
Q5T2E6-3	Q5T2E6-3
Q5T2E6-3	D3ZZE3
Q5T2E6-3	Q5T2E6
Q5T2E6-3	Q6PD19
C0HLS1	C0HLS1
P0CAP1-11	P0CAP1-11
P0CAP1-11	P0CAP2-3
P0CAP1-11	Q9NNX1
P0CAP1-11	Q5EB94
P0CAP1-11	O08970
P0CAP1-11	P0CAP1
P0CAP1-11	XP_576832
P0CAP1-11	Q3UIJ9
P0CAP1-11	XP_001057424
P0CAP1-11	Q91XQ4
P0CAP1-11	Q9H2F9
P0CAP1-11	Q8BVC4
P0CAP1-11	Q9BZD3
P0CAP1-11	Q6P6I6
P0CAP1-11	P0CAP2
P0CAP1-11	XP_573549
P0CAP1-11	A0A0G2JZ65
P48441	P48441
P48441	D3ZE16
P48441	P35475
Q8BP56	Q8BP56
Q8BP56	D3ZY02
Q8BP56	Q32M88
NP_001263643	NP_001263643
NP_001263643	Q9JL19
NP_001263643	Q14686
P0C221	P0C221
P0C221	Q5PQJ9
P0C221	E9PVB3
P48728-3	P48728-3
P48728-3	P48728
P48728-3	Q8CFA2
P48728-3	Q5XI85
XP_001071893	XP_001071893
XP_001071893	XP_916594
XP_001071893	D4A870
XP_001071893	D3ZQ96
XP_001071893	XP_001074199
XP_001071893	D3ZMI8
XP_001071893	D3ZIM9
XP_001071893	P20280
XP_001071893	ENSMUSP00000079127
XP_001071893	O09167
XP_001071893	P46778
P15502-11	P15502-11
P15502-11	ENSRNOP00000050167
P15502-11	P15502
P15502-11	P15502-12
P15502-11	Q99372
P15502-11	P54320
P15502-11	P15502-1
P15502-11	P15502-4
P70353	P70353
P70353	Q62725
P70353	Q13952-2
P70353	Q14919
P70353	A0JPP1
P70353	Q9D6N5
P70353	Q9CQ36
P70353	D3Z9P5
P70353	D3ZAR9
P70353	Q9NRG0
P70353	Q9JKP8
P70353	Q14919-2
P70353	Q9NR33
P70353	Q13952
P70353	Q13952-3
Q7L5Y9-2	Q7L5Y9-2
Q7L5Y9-2	Q7L5Y9
Q7L5Y9-2	Q5RKJ1
Q7L5Y9-2	Q4VC33
Q9NPE2	Q9NPE2
Q9NPE2	Q99KS2
Q9NPE2	Q3T1H2
Q13601-2	Q13601-2
Q13601-2	A1A5R3
Q13601-2	Q8BGA5
Q13601-2	Q13601
Q7RTS9	Q7RTS9
Q7RTS9	Q8CHY3
Q7RTS9	B4F766
Q80WS3	Q80WS3
Q80WS3	P22087
Q80WS3	A6NHQ2
Q80WS3	P22509
Q80WS3	P35550
P47710	P47710
P47710	P02662
P47710	P19228
P47710	P02661
Q96MU5	Q96MU5
Q8R107	Q8R107
Q8R107	Q5M829
Q8R107	Q9Y255
A0A1B0GQX2	A0A1B0GQX2
A0A1B0GQX2	A0A1B0GTB2
P06028	P06028
P06028	P15421
P06028	P14220
P06028	P02724
P06028	P02724-3
Q8VD75	Q8VD75
Q8VD75	O00291
Q8VD75	B5DFK5
Q8VD75	Q9JKY5
Q8VD75	O75146
Q8VD75	G3V8Y8
Q01850	Q01850
Q01850	P97817
Q01850	E1BJQ4
Q01850	A2A6T1
Q01850	Q86X02
Q01850	D4ABP3
P51570	P51570
P51570	Q9R0N0
P51570	Q01415
P51570	P51570-2
P51570	Q5XIG6
P51570	Q5RKH2
P51570	Q68FH4
Q9H1D9	Q9H1D9
Q9H1D9	Q921X6
Q9H1D9	D3ZQ56
P02774	P02774
P02774	P21614
P02774	P02774-3
P02774	NP_036696
O55102	O55102
O55102	D3ZKU7
O55102	P78537
Q5BJT7	Q5BJT7
Q5BJT7	Q7TQK5
Q5BJT7	Q567U6
Q9BZ97	Q9BZ97
Q9BXP5-2	Q9BXP5-2
Q9BXP5-2	Q99MR6
Q9BXP5-2	Q9BXP5-3
Q9BXP5-2	Q9BXP5
Q9BXP5-2	XP_038945986
Q9Y3Y2-4	Q9Y3Y2-4
Q9Y3Y2-4	Q9Y3Y2-3
Q9Y3Y2-4	Q498T2
Q9Y3Y2-4	Q9Y3Y2
Q9Y3Y2-4	Q9CY57
P04646	P04646
P04646	O55142
P04646	P18077
P04646	XP_001480424
Q96FT9-3	Q96FT9-3
Q96FT9-3	Q9DA69
Q96FT9-3	D3ZY35
Q96FT9-3	Q96FT9-2
Q96FT9-3	Q96FT9
M0RBA6	M0RBA6
M0RBA6	Q9D9C7
M0RBA6	Q6ZUJ4
D3Z2D8	D3Z2D8
D3Z2D8	Q5T3F8-3
D3Z2D8	Q3TWI9
D3Z2D8	D4A105
D3Z2D8	Q5T3F8
D3Z2D8	D4A2I3
D3Z2D8	D3ZNF5
D3Z2D8	Q91YT8
D3Z2D8	O94886
D3Z2D8	Q8CBX0
D3Z2D8	Q9P1W3
D3Z2D8	Q5T3F8-2
Q9UJX4-2	Q9UJX4-2
Q9UJX4-2	Q8BTZ4
Q9UJX4-2	Q9UJX4
Q9UJX4-2	A1L1K3
P30793-4	P30793-4
P30793-4	P22288
P30793-4	Q05915
P30793-4	P30793
Q9NUW8	Q9NUW8
Q9NUW8	Q8BJ37
Q9NUW8	Q4G056
P60521	P60521
P60521	P60522
P60521	P60520
P60521	P60519
P60521	Q0VGK0
P60521	Q8R3R8
P60521	Q9H0R8
P60521	Q9GZQ8
P60521	Q9BY60
P60521	Q9CQV6
P60521	Q9H492-2
P60521	Q62625
P60521	P60517
P60521	Q9DCD6
P60521	O95166
P60521	Q9H492
P60521	Q91VR7
P60521	Q6XVN8
P60521	Q9BXW4
P60521	Q9H0R8-2
P60521	A6NCE7
O88543	O88543
O88543	Q68FW9
O88543	Q9UNS2
Q8IWV1	Q8IWV1
Q8IWV1	Q8BHB3
Q8IWV1	Q5FVQ5
Q9H0I2	Q9H0I2
Q9H0I2	Q7TSV9
Q9BQ50	Q9BQ50
Q9BQ50	Q9R1A9
Q9BQ50	Q9BQ50-1
Q9BQ50	Q5BK16
Q9BQ50	Q9NSU2
Q9BQ50	Q91XB0
Q9BQ50	Q9NSU2-1
Q9CTN5	Q9CTN5
Q9CTN5	Q8N1H7
Q8BHJ9	Q8BHJ9
Q8BHJ9	Q80ZG5
Q8BHJ9	O95391
Q08623	Q08623
Q08623	Q9D5U5
Q08623	Q08623-4
Q3UHX0	Q3UHX0
Q3UHX0	Q76FK4
Q3UHX0	D4A6L3
D3Z8V4	D3Z8V4
D3Z8V4	P55160
D3Z8V4	Q8K1X4
D3Z8V4	Q9Y2A7-2
D3Z8V4	P55161
D3Z8V4	P28660
D3Z8V4	Q9Y2A7
XP_573791	XP_573791
XP_001080389	XP_001080389
Q60648	Q60648
Q60648	P17900
Q60648	Q6IN37
Q5XIL1	Q5XIL1
Q5XIL1	Q9UI12
Q5XIL1	Q8BVE3
Q8IXH7-4	Q8IXH7-4
Q8IXH7-4	Q8IXH7
Q8IXH7-4	Q922L6
Q8IXH7-4	A0A8I6B5Y3
F1LTU4	F1LTU4
F1LTU4	Q9D0I8
F1LTU4	Q9UKD2
Q3U1V0	Q3U1V0
Q9D578	Q9D578
XP_003086835	XP_003086835
XP_003086835	XP_003085670
XP_003086835	XP_003085331
XP_003086835	XP_003085573
XP_003086835	XP_003085572
XP_003086835	XP_003085646
XP_003086835	XP_003085645
XP_003086835	XP_003085689
XP_003086835	XP_003085530
XP_003086835	XP_003085518
XP_003086835	XP_003085333
Q9D4N0	Q9D4N0
B5DEL7	B5DEL7
B5DEL7	P60058
B5DEL7	P60059
B5DEL7	P60060
O60664-3	O60664-3
O60664-3	Q8BVZ1
O60664-3	Q00G26
O60664-3	P43884-2
O60664-3	M0RA08
O60664-3	Q5U2U5
O60664-3	Q8CGN5-3
O60664-3	M0R7Z9
O60664-3	Q96Q06
O60664-3	P43884
O60664-3	Q9DBG5
O60664-3	Q8CGN5
O60664-3	O60664
O60664-3	O60240
O60664-3	O88492
O60664-3	Q99541
O60664-3	O60664-2
O60664-3	P43883
Q9NT62-2	Q9NT62-2
Q9NT62-2	Q9NT62
Q9NT62-2	Q6AZ50
Q9NT62-2	Q9CPX6
Q6PI73	Q6PI73
Q6PI73	P43628
Q6PI73	Q8N423-3
Q6PI73	Q8IYS5-7
Q6PI73	Q8NHJ6
Q6PI73	Q99706-3
Q6PI73	D3ZCA1
Q6PI73	O75022
Q6PI73	P97484
Q6PI73	Q8IYS5-2
Q6PI73	Q8BG84
Q6PI73	O75019
Q6PI73	P24071-6
Q6PI73	Q6GTX8
Q6PI73	Q14954
Q6PI73	Q8NHL6
Q6PI73	P43632
Q6PI73	Q8N6C5-4
Q6PI73	Q673W2
Q6PI73	Q6UX27
Q6PI73	NP_001032434
Q6PI73	P43629
Q6PI73	P0C191
Q6PI73	Q8IYS5
Q6PI73	A0A0B4J1F3
Q6PI73	P43626
Q6PI73	Q9HCN6
Q6PI73	Q8VBT3
Q6PI73	Q64281
Q6PI73	Q8N6C8
Q6PI73	Q9Z0H5
Q6PI73	P0C1X9
Q6PI73	O75023-3
Q6PI73	Q9EPH1
Q6PI73	P59901
Q6PI73	Q8N149
Q6PI73	Q8NHL6-3
Q6PI73	Q8N423-1
Q6PI73	Q7TQA1
Q6PI73	A6NI73
Q6PI73	Q8NHL6-2
Q6PI73	Q8N6C5
Q6PI73	IPI00365434.4
Q6PI73	Q925N6
Q6PI73	Q19LI2
Q6PI73	O76036
Q6PI73	D3Z7A9
Q6PI73	A2NTJ8
Q6PI73	Q8NHJ6-3
Q6PI73	P43627
Q6PI73	Q8NHK3
Q6PI73	Q8N109
Q6PI73	F8VQ94
Q6PI73	P04217
Q6PI73	Q8C567
Q6PI73	P83556
Q6PI73	Q8NHJ6-2
Q6PI73	O75023
Q6PI73	Q99706
Q6PI73	Q8N423-4
Q6PI73	O75022-2
Q6PI73	P24071
Q6PI73	Q14952
Q6PI73	Q14943
Q6PI73	B6A8C7-2
Q6PI73	Q8N743
Q6PI73	Q14953
Q6PI73	B6A8R8
Q6PI73	Q9H7L2
Q6PI73	P43630
Q6PI73	Q61450
Q6PI73	P43631
Q6PI73	D3ZQX2
Q6PI73	Q8N423
Q6PI73	XP_218261
Q6PI73	Q6ISS4
Q6PI73	XP_574346
Q6PI73	C0HJX3
Q6PI73	C0HJX2
Q6PI73	B6A8C7
Q6PI73	A0A0G2KBC9
Q62100	Q62100
Q62100	Q9NNZ6
Q62100	Q64256
Q91ZW6	Q91ZW6
Q91ZW6	Q9NVH6-2
Q91ZW6	O75936
Q91ZW6	Q924Y0
Q91ZW6	Q9QZU7
Q91ZW6	Q9NVH6
Q91ZW6	Q91ZE0
Q91ZW6	Q9NVH6-8
P62919	P62919
P62919	P62918
P62919	P62917
P70645	P70645
P70645	Q8R016
P70645	Q13867
Q5I0F1	Q5I0F1
Q5I0F1	Q8BPZ8
Q5I0F1	Q6UWZ7
Q5I0F1	Q15018
Q5I0F1	D4A415
Q5I0F1	Q3TCJ1
Q3T1I0	Q3T1I0
Q3T1I0	Q9WV70
Q3T1I0	Q9Y3T9
Q3T1I0	Q3UZI6
Q9HDC9-2	Q9HDC9-2
Q9HDC9-2	Q9D7N9
Q9HDC9-2	Q9HDC9
Q9HDC9-2	Q7TP48
P35659-2	P35659-2
P35659-2	Q7TNV0
P35659-2	P35659
P35659-2	Q6AXS3
P54868-2	P54868-2
P54868-2	P17425
P54868-2	Q8JZK9
P54868-2	Q01581
P54868-2	P54869
P54868-2	P54868
P54868-2	P22791
O43561-4	O43561-4
O43561-4	O43561-3
O43561-4	O54957
O43561-4	O43561
O43561-4	O43561-2
O43561-4	O70601
Q96KG9-2	Q96KG9-2
Q96KG9-2	Q9EQC5
Q96KG9-2	Q96KG9
Q96KG9-2	Q5M9F8
O60701-3	O60701-3
O60701-3	O60701-2
O60701-3	O70199
O60701-3	O70475
O60701-3	O60701
Q9UID3-2	Q9UID3-2
Q9UID3-2	Q9UID3
Q9UID3-2	F1M4I4
Q9UID3-2	Q3UVL4
Q3YEC7-6	Q3YEC7-6
Q3YEC7-6	Q3YEC7-3
Q3YEC7-6	Q5U3K5
Q3YEC7-6	Q3YEC7
Q3YEC7-6	D3ZKQ4
Q3YEC7-6	Q3YEC7-2
Q99062-4	Q99062-4
Q99062-4	Q99062-3
Q99062-4	P40223
Q99062-4	Q99062
Q8N4S0-2	Q8N4S0-2
Q8N4S0-2	Q66H73
Q8N4S0-2	Q6PG04
Q8N4S0-2	Q8N4S0
D3YUK8	D3YUK8
D3YUK8	Q6P767
D3YUK8	P0DTF9
D3YUK8	Q8R143
D3YUK8	P53801
Q6ZS86-2	Q6ZS86-2
Q6ZS86-2	D3ZN47
Q6ZS86-2	Q14410
Q6ZS86-2	Q6ZS86
Q6ZS86-2	Q8BX05
Q6ZS86-2	Q63060
Q6ZS86-2	Q68FP7
Q6ZS86-2	Q8C635
Q6ZS86-2	P32189
Q6ZS86-2	Q64516
Q6ZS86-2	Q14409
Q6ZS86-2	Q9WU65
Q9P1Y5	Q9P1Y5
Q9P1Y5	Q5T5Y3
Q9P1Y5	F1MYW2
Q9P1Y5	Q08AD1
Q9P1Y5	D3Z8E6
Q9P1Y5	Q08AD1-2
Q9P1Y5	E9Q5B0
Q9P1Y5	Q5T5Y3-3
Q9P1Y5	D4AEC2
Q9P1Y5	A2AHC3
Q9P1Y5	Q8C1B1
Q9P1Y5	Q80VC9
Q9P1Y5	D3ZXQ2
Q9P1Y5	Q5T5Y3-2
Q9P1Y5	Q9P1Y5-2
P19632	P19632
P19632	O14530
P19632	P20942
P19632	Q9QW08
P19632	P20941
P19632	Q63737
P19632	Q4KLJ8
P19632	Q8K581
P19632	Q78Y63
P19632	Q8N4E4
P19632	Q8BVF2
P19632	Q9H2J4
P19632	Q9CQ79
P19632	Q9DBX2
P19632	Q13371
Q00560	Q00560
Q00560	P40189-2
Q00560	P40189
Q00560	P40189-3
Q00560	P78552
Q00560	P40190
Q00560	O09030
Q8WYK0	Q8WYK0
Q8WYK0	Q9DBK0
Q8WYK0	Q8WXI4-2
Q8WYK0	Q99NB7
Q8WYK0	F1LX28
Q8WYK0	Q8VHQ9
Q8WYK0	Q8WXI4
Q9WTZ3	Q9WTZ3
Q9WTZ3	Q14703
Q9WTZ3	Q9WTZ2
Q6JHY3	Q6JHY3
Q6JHY3	Q6JHY2
P82675	P82675
P82675	D3ZYT2
P82675	Q99N87
A1A4F0	A1A4F0
A1A4F0	B0BMY1
A1A4F0	Q6ZP29
A1A4F0	Q8C4N4
Q86TY3	Q86TY3
Q86TY3	Q8BT18
Q9BTY7	Q9BTY7
Q9BTY7	Q8C3I8
Q9BTY7	Q6AY79
P63155	P63155
P63155	P63154
P63155	Q9BZJ0
P50617	P50617
P50617	Q80TS7
P50617	O94850
P09606	P09606
P09606	P15105
P09606	P15104
XP_001064331	XP_001064331
P69735	P69735
P69735	Q15042
P69735	Q80UJ7
P69735	F1LP59
NP_001099381	NP_001099381
NP_001099381	Q8R139
NP_001099381	Q7RTT9
Q75UQ2	Q75UQ2
Q75UQ2	O88271
Q75UQ2	Q9UEE9
Q75UQ2	O02751
Q5XG85	Q5XG85
P17708	P17708
P17708	P0DMN7
P17708	D3Z6H8
P17708	P17707
B4F7B2	B4F7B2
B4F7B2	Q12962
B4F7B2	Q8K0H5
Q86VE9-2	Q86VE9-2
Q86VE9-2	Q9QZI8
Q86VE9-2	Q9NRX5
Q86VE9-2	Q8BHJ6
Q86VE9-2	Q7TNK0
Q86VE9-2	Q86VE9
Q86VE9-2	Q13530
Q86VE9-2	Q9QZI9
Q86VE9-2	Q86VE9-4
Q86VE9-2	A6NH21
Q86VE9-2	Q5XK03
Q86VE9-2	Q96SA4
Q86VE9-2	A8WCG0
Q86VE9-2	Q63175
Q86VE9-2	Q5U2V2
Q86VE9-2	Q8K0E7
Q86VE9-2	Q96SA4-4
Q9BX40-3	Q9BX40-3
Q9BX40-3	B2GV58
Q9BX40-3	A0A0G2JZY0
Q9BX40-3	Q9BX40-2
Q9BX40-3	Q8ND56-2
Q9BX40-3	Q8K2F8
Q9BX40-3	Q9BX40
Q9BX40-3	Q8ND56-3
Q9BX40-3	Q8ND56
Q9BX40-3	Q8CGC4
P08397-2	P08397-2
P08397-2	P19356
P08397-2	P22907
P08397-2	P08397
P13807-2	P13807-2
P13807-2	P17625
P13807-2	Q8VCB3
P13807-2	P54840
P13807-2	A2RRU1
P13807-2	Q9Z1E4
P13807-2	P13834
P13807-2	P13807
A2VD11	A2VD11
A2VD11	P13994
A2VD11	Q9BW85
A2VD11	Q32PZ9
A2VD11	Q9D516
A2VD11	Q9D6J3
A2VD11	Q922B5
P80723-2	P80723-2
P80723-2	Q05175
P80723-2	Q8JHB7
P80723-2	Q91XV3
P80723-2	P80723
O14524-2	O14524-2
O14524-2	A6NFY4
O14524-2	Q8CB65
O14524-2	NP_001258178
O14524-2	Q6ZQE4
O14524-2	O14524
O14524-2	P0C8N6
Q9NX55-3	Q9NX55-3
Q9NX55-3	NP_001292192
Q9NX55-3	Q9CR41
Q9NX55-3	Q9NX55
Q5T6L9-3	Q5T6L9-3
Q5T6L9-3	Q5T6L9
Q5T6L9-3	Q3TVE4
Q5T6L9-3	Q3B8R1
Q5T6L9-3	Q8C5D3
Q8TDX5-2	Q8TDX5-2
Q8TDX5-2	Q8R519
Q8TDX5-2	Q8TDX5
Q8TDX5-2	Q8R5M5
A2RTX5-2	A2RTX5-2
A2RTX5-2	Q8BLY2
A2RTX5-2	A2RTX5
A2RTX5-2	Q5XHY5
A2RTX5-2	P26639-2
A2RTX5-2	Q9BW92
A2RTX5-2	Q3UQ84
A2RTX5-2	NP_001385811
A2RTX5-2	Q9JKF7
A2RTX5-2	Q9NYK5
A2RTX5-2	XP_038968587
A2RTX5-2	Q9NYK5-2
A2RTX5-2	Q68FW7
A2RTX5-2	Q9D0R2
A2RTX5-2	P26639
P61165	P61165
P61165	P61166
Q5RJG7	Q5RJG7
Q5RJG7	Q5S6T3
Q5RJG7	A4D126
Q6XQH0	Q6XQH0
Q6XQH0	D3ZHZ0
Q6XQH0	Q99999
Q6XQH0	Q9JHE4
Q6XQH0	Q9H3Q3
Q6XQH0	Q3V1B8
Q6XQH0	P61315
Q6XQH0	Q96RP7
Q6XQH0	Q96A11
Q5MJ07	Q5MJ07
Q5MJ07	Q5MJ08
Q5MJ07	Q5MJ10
Q5MJ07	Q5VSR9
Q5MJ07	Q9NS25
Q5MJ07	Q9NS26
Q5MJ07	Q5MJ09
Q5MJ07	Q9BXN6
Q5MJ07	Q9NY87
Q8NHS9-3	Q8NHS9-3
Q8NHS9-3	Q5SV06
Q8NHS9-3	Q8NHS9
Q8TAX7	Q8TAX7
Q8BQG2	Q8BQG2
Q8BML2	Q8BML2
P09117	P09117
P09117	P05063
P09117	P09972
P09117	P00883
P09117	P05064
P09117	P05065
P09117	Q9CPQ9
P09117	P79226
P09117	Q91Y97
P09117	P04075-2
P09117	P05062
P09117	P04075
P09117	P00884
D4AA75	D4AA75
D4AA75	Q15649
D4AA75	Q9CQK1
P28311	P28311
P28311	P12838
P28311	P50712
P28311	P28310
P28311	P28309
P28311	Q01523
P28311	P50716
P28311	Q01524
P28311	P11477
P28311	P28312
P28311	P50704
P28311	P50705
P28311	P59666
P28311	P50706
P28311	P50707
P28311	P59665
P28311	Q5G866
P28311	Q64263
P35745	P35745
P35745	P14621
P35745	P56375
P35745	D4A6X4
P35745	P07311
P35745	P56376
P35745	P00818
O75947-2	O75947-2
O75947-2	Q9DCX2
O75947-2	P13620
O75947-2	O75947
O75947-2	P31399
O00154-2	O00154-2
O00154-2	Q6ZUV0
O00154-2	Q91V12
O00154-2	Q64559-1
O00154-2	O00154
O00154-2	Q64559
O00154-2	Q91V12-2
O00154-2	O00154-4
Q4ADV7-2	Q4ADV7-2
Q4ADV7-2	Q69ZJ7
Q4ADV7-2	Q4ADV7
Q4ADV7-2	D4A224
Q96GJ1-3	Q96GJ1-3
Q96GJ1-3	Q96GJ1
Q96GJ1-3	Q8BQJ6
Q96GJ1-3	Q5XIQ6
Q96GJ1-3	Q8BNV1
Q96GJ1-3	Q8IZ69
O00232-2	O00232-2
O00232-2	O00232
O00232-2	Q5XIC6
O00232-2	Q9D8W5
Q6P2E9-2	Q6P2E9-2
Q6P2E9-2	Q3UJB9
Q6P2E9-2	Q6P2E9
Q6P2E9-2	Q3ZAV8
Q5T9C2-3	Q5T9C2-3
Q5T9C2-3	Q5T8I3
Q5T9C2-3	Q5T9C2
Q5T9C2-3	M0RAC2
Q5T9C2-3	Q78T81
Q5T9C2-3	NP_001157040
Q5T9C2-3	Q8BQS4
J7RUA5	J7RUA5
Q5SXH7-4	Q5SXH7-4
Q5SXH7-4	Q5SXH7-1
Q5SXH7-4	D3ZM82
Q5SXH7-4	Q8BW88
Q5SXH7-4	Q5SXH7
Q5SXH7-4	Q5SXH7-2
F1MWG3	F1MWG3
F1MWG3	Q8C5N3
F1MWG3	Q9HCG8
F1MWG3	XP_008760188
Q9JIX3	Q9JIX3
Q9JIX3	P43424
Q9JIX3	P07902
Q9JIX3	O89106
Q9JIX3	Q03249
Q9JIX3	P49789
Q9H477-2	Q9H477-2
Q9H477-2	Q8R1Q9
Q9H477-2	Q9H477
Q9H477-2	D3ZVU4
Q96H20-2	Q96H20-2
Q96H20-2	Q96H20
Q96H20-2	Q5RK19
Q96H20-2	Q9CZ28
P0CZ25	P0CZ25
D4AAR7	D4AAR7
D4AAR7	Q3TVA9
D4AAR7	Q96JN2
D4AAR7	Q96JN2-4
B1WBV1	B1WBV1
B1WBV1	Q8C4Q6
B1WBV1	Q96BJ3
Q8TDR0-2	Q8TDR0-2
Q8TDR0-2	Q5XIN3
Q8TDR0-2	Q149C2
Q8TDR0-2	Q8TDR0
Q6ZSK4	Q6ZSK4
A2AKK5	A2AKK5
A2AKK5	Q5FVR5
A2AKK5	Q63276
A2AKK5	NP_001101511
A2AKK5	Q91X34
A2AKK5	Q9QYR7
A2AKK5	A1A5R4
A2AKK5	Q86TX2
A2AKK5	Q3I5F7
A2AKK5	Q14032
A2AKK5	A0A0G2K2H6
A2AKK5	Q9QYR9
A2AKK5	P49753
A2AKK5	Q8BGG9
A2AKK5	Q8N9L9
A2AKK5	O88267
A2AKK5	Q8BWN8
A2AKK5	Q32Q92
A2AKK5	O55137
A2AKK5	O55171
A2AKK5	Q6Q2Z6
D4A9K4	D4A9K4
D4A9K4	E9PU92
D4A9K4	Q6NT16
D3ZFW1	D3ZFW1
D3ZFW1	Q8R3W5
D3ZFW1	Q8WW01
P61011-2	P61011-2
P61011-2	P61011
P61011-2	P14576
P61011-2	Q6AYB5
Q9BR77-2	Q9BR77-2
Q9BR77-2	Q9CZH8
Q9BR77-2	Q9BR77
Q14135-2	Q14135-2
Q14135-2	Q14135-4
Q14135-2	Q5BJP0
Q14135-2	Q80V24
Q14135-2	Q14135
J3KNZ9	J3KNZ9
J3KNZ9	Q8WXX7
J3KNZ9	A0A087WPF7
J3KNZ9	E9Q7C4
J3KNZ9	D3ZWF2
J3KNZ9	Q5THK1
J3KNZ9	XP_001080025
J3KNZ9	Q8WXX7-2
J3KNZ9	Q9HAH7-1
J3KNZ9	Q9HAH7
J3KNZ9	XP_223586
J3KNZ9	Q9HCM7
J3KNZ9	E9Q9T0
J3KNZ9	Q8R089
J3KNZ9	Q8WXX7-5
J3KNZ9	A0A087WPF7-2
J3KNZ9	Q7TPN9
J3KNZ9	Q9BWN1
Q4V7D0	Q4V7D0
Q4V7D0	Q9EQ28
Q4V7D0	Q15054
Q8WUY9	Q8WUY9
Q8WUY9	Q8BH88
Q8WUY9	D4AA32
Q8WUY9	Q5TB30
Q8WUY9	Q8CIG0
A0A286YDN9	A0A286YDN9
A0A286YDN9	Q08AE8-2
A0A286YDN9	Q8K1S6
A0A286YDN9	Q8WWL2
A0A286YDN9	Q52KF3-2
A0A286YDN9	Q52KF3
A0A286YDN9	Q08AE8
A0A286YDN9	NP_001100851
Q5U2W9	Q5U2W9
Q5U2W9	A7RDN6
Q5U2W9	Q5VYX0
Q5SGE0	Q5SGE0
Q5SGE0	Q6PB66
Q5SGE0	P42704
Q8N5W8	Q8N5W8
Q8N5W8	B1WBS9
Q8N5W8	A6NFZ4
Q8N5W8	Q8CF27
Q8N5W8	Q9DAL9
Q8IUR7-6	Q8IUR7-6
Q8IUR7-6	Q9DBR3
Q8IUR7-6	Q8IUR7
Q8IUR7-6	Q9DBR3-2
Q8IUR7-6	F1M943
Q3UWI7	Q3UWI7
O14617-2	O14617-2
O14617-2	O54774
O14617-2	O14617-5
O14617-2	B5DFK6
O14617-2	O14617
A6NG13	A6NG13
A6NG13	Q5M854
A6NG13	XP_001474250
A6NG13	Q9UM21-2
A6NG13	Q9UQ53
A6NG13	Q9D306
A6NG13	Q9UBM8
A6NG13	Q9D4R2
A6NG13	Q9UQ53-3
A6NG13	Q4V8F8
A6NG13	Q812F8
A6NG13	B2GV39
A6NG13	Q9UM21
A6NG13	Q812G0
A6NG13	XP_235099
A6NG13	A6H684
Q3TZM9	Q3TZM9
Q3TZM9	D3ZCQ2
Q3TZM9	Q2TAA5
Q62638	Q62638
Q62638	Q61543
Q62638	Q92896-2
Q62638	Q92896
Q6SLE7	Q6SLE7
Q6SLE7	Q9CQD6
Q6SLE7	O00631
Q6SLE7	P42532
Q8VD66	Q8VD66
Q8VD66	D3ZAW4
Q8VD66	Q8TB40
Q8VD66	Q8WTS1
Q8VD66	Q6QA69
Q8VD66	Q9DBL9
XP_001072828	XP_001072828
A0A1B0GV96	A0A1B0GV96
Q5VT98	Q5VT98
Q5VT98	O60810
Q5VT98	H0Y7S4
Q5VT98	Q7TSF4
Q5VT98	XP_987207
Q5VT98	O60813
Q5VT98	A3QJZ6
Q5VT98	D4ADJ1
Q5VT98	Q9D4Z5
Q5VT98	XP_578506
Q5VT98	D4ACH7
Q5VT98	Q99MW3
Q5VT98	Q5VTA0
Q5VT98	Q5VWM4
Q5VT98	Q5U480
Q5VT98	Q3UX09
Q5VT98	Q5TYX0
Q5VT98	XP_001070115
Q5VT98	A2AGW5
Q5VT98	Q3UTC0
Q5VT98	O95522
Q5VT98	Q3UL49
Q5VT98	Q810Y8
Q5VT98	Q5VWM6
Q5VT98	A2AGW8
Q5VT98	XP_001076781
Q5VT98	P0DUQ1
Q5VT98	P0DUQ2
Q5VT98	Q8NAA5
Q5VT98	O60809
Q5VT98	Q5VXH5
Q5VT98	P78395
Q5VT98	O60811
Q5VT98	Q4G0C7
Q5VT98	A6NHZ5
Q5VT98	Q3UT28
Q5VT98	A0A0G2JMD5
Q5VT98	Q3UJB3
Q5VT98	Q3UWY1
Q5VT98	A3QJZ7
Q5VT98	Q3UWY1-2
Q5VT98	Q15048
Q5VT98	Q7TPX8
Q5VT98	Q3ULC4
Q5VT98	Q8VC16
Q5VT98	B1ARV6
Q5VT98	O95521
Q5VT98	Q5SWL7
Q5VT98	Q569B5
Q5VT98	XP_001079602
Q5VT98	E9Q5G7
Q5VT98	Q2VPJ9
Q5VT98	Q5SWL8
Q5VT98	Q5VWM3
Q5VT98	Q7TPD7
Q5VT98	A6NGN4
Q5VT98	Q5VXH4
Q5VT98	Q7TPY4
Q5VT98	A2ASJ1
Q5VT98	E9Q2S4
D3ZQ46	D3ZQ46
D3ZQ46	Q04941
D3ZQ46	Q9R1Q7
D3ZQ46	Q8IZR5
D3ZQ46	Q7TNZ9
D3ZQ46	Q96MX0
D3ZQ46	Q99LJ5
D3ZQ46	D4A110
D3ZQ46	Q96DZ9
D3ZQ46	Q8CJ61
D3ZQ46	Q9D6G9
D3ZQ46	Q9CZ69
D3ZQ46	Q9NX76
D3ZQ46	Q8IZR5-2
D3ZQ46	Q6P742
Q641Y0	Q641Y0
Q641Y0	P39656
Q641Y0	O54734
A2RU67	A2RU67
A2RU67	Q8BYI8
A2RU67	D3ZWJ9
Q9CZW2	Q9CZW2
Q9CZW2	Q96H22-3
Q9CZW2	Q5U2W4
Q9CZW2	Q96H22
Q96BP2	Q96BP2
Q96BP2	Q9CQA6
Q8N402	Q8N402
Q495Y7	Q495Y7
Q495Y7	Q8CDE8
Q495Y7	Q8R496
Q495Y7	P0DV79
Q495Y7	P0DUD1
Q495Y7	A0A494C191
Q495Y7	P0DTA3
Q495Y7	P0DUX0
Q495Y7	P0DUX1
Q495Y7	P0DUD2
Q495Y7	A6NKU9
Q495Y7	A6NLX3
Q495Y7	Q3KR78
Q495Y7	A6NIY4
Q495Y7	Q5IBH6
Q495Y7	Q5IBH7
Q495Y7	Q5MJ70
Q495Y7	Q8NFV5
Q495Y7	P0CI01
Q495Y7	Q495Y8
Q495Y7	A6NHP3
Q495Y7	P0DUD4
Q495Y7	A0A494C0Z2
Q495Y7	P0DUD3
Q495Y7	A0A494C086
Q495Y7	Q5MJ68
Q495Y7	A6NNV3
Q8NCT3-5	Q8NCT3-5
Q8NCT3-5	Q8NCT3-2
Q8NCT3-5	Q8NCT3
Q8NCT3-5	Q8NCT3-6
Q8NCT3-5	Q7TQE7
Q8NCT3-5	Q68EN5
Q8NCT3-5	Q810A5
Q8NCT3-5	Q4V7A9
D3ZVQ9	D3ZVQ9
D3ZVQ9	Q3U1D0
D3ZVQ9	Q8NG48
G3UW99	G3UW99
G3UW99	A0A1B0GVG6
NP_001100159	NP_001100159
NP_001100159	O00488
NP_001100159	Q9DB42
A6NJY4	A6NJY4
A6NJY4	NP_001387878
A6NJY4	C9JI98
A6NJY4	A9JSM3
D3ZZG3	D3ZZG3
D3ZZG3	Q69YU5
D3ZZG3	Q8BTC1
G3UW36	G3UW36
G3UW36	A0A1B0GU71
G3UW36	B2RV13
G3UW36	Q9DAN9
Q5PPK1	Q5PPK1
Q5PPK1	P28662
Q5PPK1	O95415
A0A1B0GS01	A0A1B0GS01
A0A1B0GS01	Q6DKI7
Q7TQF2	Q7TQF2
Q7TQF2	Q9UK96
P78543	P78543
P78543	Q9JM55
P78543	O88677
P78543	P50615
P78543	P62325
P78543	P62324
P78543	Q63073
P78543	Q14201
P78543	Q04211
P78543	P50616
P78543	P27049
P78543	O70552
P78543	Q9NY30
P78543	Q61471
P78543	Q3V0X0
P78543	Q14106
P78543	Q8R5K6
Q9WU20	Q9WU20
Q9WU20	D4A7E8
Q9WU20	P42898
Q9WU20	P42898-2
P34942	P34942
P34942	Q99LC3
P34942	Q561S0
P34942	O95299
P06744	P06744
P06744	Q6P6V0
P06744	P06744-2
P06744	P06745
Q9R1X4	Q9R1X4
Q9R1X4	Q9Z2Y1
Q9R1X4	Q9UNS1
Q8CDG3	Q8CDG3
Q8CDG3	Q8CF97
Q8CDG3	Q96JH7
A0A286YFK9	A0A286YFK9
Q9JJG9	Q9JJG9
Q9JJG9	Q8NC60
Q9JJG9	A0A0G2K602
Q96G03	Q96G03
Q96G03	Q6PCE3
Q96G03	B1H277
Q96G03	Q7TSV4
Q96G03	Q8CAA7
Q96G03	D3Z955
Q9CPX7	Q9CPX7
Q9CPX7	D4A7X1
Q9CPX7	Q9Y3D3
Q9CPX7	P82915
Q9P0N9	Q9P0N9
Q9P0N9	D4AAY4
Q9P0N9	Q9D0K0
Q99835	Q99835
Q99835	P56726
Q99835	P97698
Q9H3Z7	Q9H3Z7
Q9H3Z7	Q9Z1Q2
Q9H3Z7	O95870
Q9H3Z7	Q6MG55
Q9H3Z7	Q5XIL6
Q9H3Z7	Q80YU0
P41223	P41223
P41223	Q6PGH1
P41223	O70454
Q9NVR0	Q9NVR0
Q9NVR0	Q8CE33
Q9NVR0	D3ZPJ1
Q3TMP1	Q3TMP1
Q3TMP1	D4A7Q9
Q3TMP1	Q9Y5Q9
P57740	P57740
P57740	P52590
P57740	Q8BH74
Q61733	Q61733
Q61733	B0BN56
Q61733	Q92665
D3ZXW3	D3ZXW3
D3ZXW3	Q8BKE5
D3ZXW3	O95073
Q7Z6K5-2	Q7Z6K5-2
Q7Z6K5-2	P59780
Q7Z6K5-2	Q8BSZ2
Q7Z6K5-2	B0BNM6
Q7Z6K5-2	Q9Y587-2
Q7Z6K5-2	D4A1B2
Q7Z6K5-2	Q7Z6K5
Q7Z6K5-2	Q96PC3-4
Q7Z6K5-2	Q9DCR2
Q7Z6K5-2	Q92572
Q7Z6K5-2	NP_001385569
Q7Z6K5-2	P53680
Q7Z6K5-2	P62743
Q7Z6K5-2	P62744
Q7Z6K5-2	P56377-2
Q7Z6K5-2	P61967
Q7Z6K5-2	P61966
Q7Z6K5-2	B5DFI3
Q7Z6K5-2	Q9WVL1
Q7Z6K5-2	Q9DB50
Q7Z6K5-2	Q9D0A3
Q7Z6K5-2	Q9Y587
Q7Z6K5-2	F1M5X2
Q7Z6K5-2	Q96PC3
Q7Z6K5-2	P56377
Q7Z6K5-2	B2GV08
Q7Z6K5-2	Q7TN05
Q7Z6K5-2	NP_001165621
Q9HD33-3	Q9HD33-3
Q9HD33-3	Q9HD33
Q9HD33-3	Q8K2Y7
Q9HD33-3	Q3B8R7
D3ZCP9	D3ZCP9
D3ZCP9	Q9D902
D3ZCP9	P29084
Q497C2	Q497C2
Q497C2	P78345
Q497C2	Q80UU2
D4A8N1	D4A8N1
D4A8N1	O70152
D4A8N1	O60762
D4A8N1	Q1JQ93
Q6AYM8	Q6AYM8
Q6AYM8	Q9WTK3
Q6AYM8	O43292
A0A0A0MT87	A0A0A0MT87
A2A3N6	A2A3N6
A2A3N6	P70181
A2A3N6	O70161-2
A2A3N6	Q8TBX8-2
A2A3N6	Q99755-2
A2A3N6	O88377
A2A3N6	O70161
A2A3N6	D3ZSI8
A2A3N6	O88370
A2A3N6	P78356-2
A2A3N6	O60331
A2A3N6	Q8TBX8
A2A3N6	P48426
A2A3N6	O14986
A2A3N6	Q5CZZ9
A2A3N6	Q9R0I8
A2A3N6	Q5I6B8
A2A3N6	O35226-2
A2A3N6	Q99755-4
A2A3N6	O35226
A2A3N6	Q91XU3
A2A3N6	P55036
A2A3N6	O88321
A2A3N6	O60331-3
A2A3N6	Q9ESH1
A2A3N6	O70172
A2A3N6	Q99755
A2A3N6	P78356
A2A3N6	Q80XI4
A2A3N6	Q99755-3
A2A3N6	P70182
A2A3N6	P55036-2
P59633	P59633
Q3MHC1	Q3MHC1
Q3MHC1	Q9DBU2
Q3MHC1	Q9H7X0
A0A3G1PSE3	A0A3G1PSE3
A0A3G1PSE3	Q3TBT3
A0A3G1PSE3	Q86WV6
A0A3G1PSE3	F1M391
A0A3G1PSE3	Q3TBT3-2
Q923U9	Q923U9
Q923U9	Q9JHI9
Q923U9	Q9NP59
B2RYD6	B2RYD6
B2RYD6	Q99J38
B2RYD6	Q86WT1
B2RYD6	Q8N4P2
B2RYD6	Q9CY00
B2RYD6	Q4QQS2
B2RYD6	A2AKQ8
Q8N292	Q8N292
Q8N292	Q8CB93
C9JLW8	C9JLW8
C9JLW8	Q9CQB2
C9JLW8	D3ZM07
C9JLW8	Q3UGS4
C9JLW8	B0BN72
C9JLW8	Q9BUT9
Q9WU62	Q9WU62
Q9WU62	D3ZXY1
Q9WU62	Q9NQS7-2
Q9WU62	Q9NQS7
Q8N9P6	Q8N9P6
Q80T19	Q80T19
Q80T19	Q9EQ21
Q80T19	Q99MH3
Q80T19	P81172
P00406	P00406
P00406	P00405
P00406	P00403
P00406	P68530
D4A3B7	D4A3B7
D4A3B7	Q96MR6
D4A3B7	Q9D180
B0AZV7	B0AZV7
B0AZV7	P06332
B0AZV7	P01730
B0AZV7	F6Y6X8
B0AZV7	P05540
Q9NZB2-4	Q9NZB2-4
Q9NZB2-4	A0A8I6A052
Q9NZB2-4	Q8C3F2
Q9NZB2-4	Q9NX05
Q9NZB2-4	Q9NZB2
Q9NZB2-4	Q9NZB2-6
Q9NZB2-4	NP_001178745
Q9NZB2-4	Q5T035
Q9NZB2-4	Q6A0A9
Q8IV36-2	Q8IV36-2
Q8IV36-2	F6QK33
Q8IV36-2	Q8R1F6
Q8IV36-2	Q8IV36
Q8IV36-2	D4A0C3
P42335	P42335
P42335	Q80ZG2
P42335	Q7TS72
P42335	Q8R071
P42335	Q96DU7
P42335	Q8BKB2
P42335	P23677
P42335	P27987
P42335	P17105
Q9H9S3-3	Q9H9S3-3
Q9H9S3-3	P61621
Q9H9S3-3	P61619
Q9H9S3-3	P61620
Q9H9S3-3	P38377
Q9H9S3-3	D3ZEH3
Q9H9S3-3	Q9H9S3
Q9H9S3-3	Q9JLR1
O08700	O08700
O08700	P97390
O08700	Q9NRW7
A2AIW0-6	A2AIW0-6
A2AIW0-6	Q96C92
A2AIW0-6	A2AIW0-3
A2AIW0-6	A2AIW0
A2AIW0-6	Q96C92-4
Q5FVF4	Q5FVF4
Q5FVF4	Q9CRG1
Q5FVF4	Q9NS93
Q6GV29	Q6GV29
Q6GV29	Q67FW5
Q6GV29	Q3U129
E5RQL4	E5RQL4
D3ZZ26	D3ZZ26
D3ZZ26	Q00756
D3ZZ26	Q9UQK1
D3ZZ26	Q9JIG4
D3ZZ26	Q8BRJ4
D3ZZ26	Q6ZSY5
D3ZZ26	Q5U2R5
D3ZZ26	Q8C767
D3ZZ26	Q86XI6
D3ZZ26	Q6IN01
D3ZZ26	A2AJW4
D3ZZ26	O95685
D3ZZ26	P0C7L8
D3ZZ26	Q9H7J1
D3ZZ26	Q9CW07
D3ZZ26	B7ZBB8
D3ZZ26	Q7TMB3
D3ZZ26	D3ZM60
D3ZZ26	Q99MR9
D3ZZ26	Q16821
D3ZZ26	Q16821_VAR_N476K
Q5FVN0	Q5FVN0
Q5FVN0	Q91V01
Q5FVN0	Q6P1A2
Q9D6I7	Q9D6I7
Q9D6I7	B2RYE8
Q9D6I7	Q5T7M9
Q9D6I7	Q5VUD6
Q9D6I7	Q99ML4
Q9D6I7	Q5FVL3
Q7Z4Y8	Q7Z4Y8
Q7Z4Y8	Q6PDU7
Q7Z4Y8	O75964
Q7Z4Y8	Q9CPQ8
Q8TCJ0-3	Q8TCJ0-3
Q8TCJ0-3	Q969P5
Q8TCJ0-3	Q641X7
Q8TCJ0-3	Q91Z62
Q8TCJ0-3	Q9D2Y6
Q8TCJ0-3	Q8TCJ0
Q8TCJ0-3	Q9CPU7
Q8WVV9-4	Q8WVV9-4
Q8WVV9-4	D4A3E1
Q8WVV9-4	Q8R081
Q8WVV9-4	P14866
Q8WVV9-4	Q8WVV9
Q8WVV9-4	Q8WVV9-2
Q8WVV9-4	F1LQ48
Q8WVV9-4	Q3UMT7
Q8WVV9-4	Q921F4-5
Q8WVV9-4	Q921F4
Q0VGK3	Q0VGK3
Q0VGK3	Q8IVS8
Q0VGK3	Q8QZY2
Q04940	Q04940
Q04940	P60761
Q04940	P35722
Q04940	Q92686
Q04940	P07936
Q04940	P06837
Q04940	P17677
Q04940	P06836
Q04940	P17677-2
P05371	P05371
P05371	P10909-2
P05371	P10909
P05371	Q06890
Q92540-2	Q92540-2
Q92540-2	D4ACJ3
Q92540-2	Q5RJH6-3
Q92540-2	Q5RJH6
Q92540-2	Q92540
Q92540-2	Q92540-4
D4A1X2	D4A1X2
D4A1X2	P56960
D4A1X2	Q01780
P35434	P35434
P35434	Q9D3D9
P35434	P30049
P35434	P05630
D3ZHI9	D3ZHI9
D3ZHI9	Q13362
D3ZHI9	Q60996-3
D3ZHI9	Q13362-4
D3ZHI9	D3ZDI7
D3ZHI9	Q15173
D3ZHI9	Q499R1
D3ZHI9	Q13362-2
D3ZHI9	Q6PD03
D3ZHI9	Q13362-5
D3ZHI9	Q15172
D3ZHI9	Q6ZQK4
D3ZHI9	Q13362-3
D3ZHI9	Q61151
D3ZHI9	Q16537
D3ZHI9	Q60996
D3ZHI9	D4A1A5
D3ZHI9	Q7TNL5
D3ZHI9	Q14738
D3ZHI9	Q6PD28
D3ZHI9	Q80W83
Q9NZB8-3	Q9NZB8-3
Q9NZB8-3	Q9NZB8
Q9NZB8-3	Q9NZB8-8
Q9NZB8-3	NP_001400697
Q9NZB8-3	Q5RKZ7
Q9BY32-2	Q9BY32-2
Q9BY32-2	Q9D892
Q9BY32-2	Q9BY32
Q9BY32-2	D3ZW55
Q9NY27-2	Q9NY27-2
Q9NY27-2	NP_001100083
Q9NY27-2	Q0VGB7
Q9NY27-2	Q9NY27
A6NN92	A6NN92
A6NN92	Q9CX92
Q704S8	Q704S8
Q704S8	Q63704
Q704S8	Q924X2
Q704S8	P52825
Q704S8	Q92523
Q704S8	P23786
Q704S8	P18886
Q704S8	P11466
Q704S8	Q9DC50
Q704S8	P32198
Q704S8	Q8TCG5
Q704S8	P43155
Q704S8	Q92523-4
Q704S8	P47934
Q704S8	Q9UKG9
Q704S8	F1LN46
Q704S8	Q9UKG9-3
Q704S8	P28329
Q704S8	P97742
Q704S8	P50416
Q704S8	P32738
Q704S8	Q03059
Q704S8	P28329-3
Q704S8	Q8BGD5
Q9H3H3	Q9H3H3
Q9H3H3	Q8VD62
Q9H3H3	Q9H3H3-3
Q9H3H3	Q8VD62-1
Q9H3H3	Q566Q8
Q9H3H3	Q9H3H3-1
Q8WVR3-2	Q8WVR3-2
Q8WVR3-2	Q3UTZ3
Q8WVR3-2	Q8WVR3
Q8WVR3-2	A0A0G2KAX2
Q9D9K1	Q9D9K1
O95900	O95900
O95900	Q5XFW2
O95900	Q5M934
O95900	Q8WWH5
O95900	Q8C0D0
O95900	Q91WG3
P97799	P97799
P97799	Q8IZ57
P97799	Q5HZK2
P97799	Q9GZP1
Q5TC84	Q5TC84
Q5TC84	Q4KLH3
Q5TC84	Q9NZT2-2
Q5TC84	Q99PG2
Q5TC84	Q9QXY4
Q5TC84	Q8VE52
Q5TC84	Q9NZT2
A6NGA9	A6NGA9
A6NGA9	Q80W35
Q9D975	Q9D975
Q9D975	NP_001041323
Q9D975	Q9BYN0
Q6P9H5	Q6P9H5
Q6P9H5	Q13823
Q6P9H5	Q8NHV1
Q6P9H5	Q8K3K9
Q6P9H5	Q4KLG2
Q6P9H5	Q969Y2-2
Q6P9H5	Q0R3W8
Q6P9H5	Q96F15
Q6P9H5	Q5BK45
Q6P9H5	Q8BWF2
Q6P9H5	P0DJR0
Q6P9H5	P36916
Q6P9H5	Q8R2R6
Q6P9H5	G3X987
Q6P9H5	P36915
Q6P9H5	Q75N62
Q6P9H5	Q9BT17
Q6P9H5	Q99JY3
Q6P9H5	Q8ND71
Q6P9H5	Q9NUV9
Q6P9H5	P70224
Q6P9H5	Q6MG06
Q6P9H5	Q811S9
Q6P9H5	Q9UG22
Q6P9H5	Q5EBA0
Q6P9H5	NP_001075427
Q6P9H5	Q4KLJ3
Q6P9H5	Q8K3L6
Q6P9H5	Q5BJT6
Q6P9H5	A0A087WTJ2
Q6P9H5	E9PW74
Q6P9H5	Q8R379
Q6P9H5	B0BMZ3
Q6P9H5	Q9CZU4
Q6P9H5	Q6PGG6
Q6P9H5	O75616
Q6P9H5	Q9NVN8
Q6P9H5	Q8K349
Q6P9H5	Q8WWP7
Q6P9H5	Q96F15-2
Q6P9H5	Q3UM18
Q6P9H5	Q99MI6
Q6P9H5	Q8CI11
Q6P9H5	Q9H089
Q6P9H5	Q969Y2
Q6P9H5	Q923K4
Q6P9H5	Q9BVP2
Q6P9H5	Q5PQQ1
Q6P9H5	NP_001388645
Q6P9H5	Q99LH1
Q6P9H5	Q5FVN6
NP_001239316	NP_001239316
NP_001239316	Q7Z5A9
NP_001239316	Q7TPG8
NP_001239316	M0R7X9
NP_001239316	Q7Z5A7
NP_001239316	Q91WE9
NP_001239316	NP_877959
NP_001239316	Q96LR4
NP_001239316	Q7Z5A8
NP_001239316	Q7TPG5
NP_001239316	Q7Z5A8-2
NP_001239316	Q8N3H0
NP_001239316	Q7TPG6
Q9D305	Q9D305
Q9D305	Q642B6
Q9D305	Q8WTV1
Q9D305	Q8WY91
Q9D305	Q9CUX1
Q9D305	Q9BT49
Q9D305	Q8VCZ3
Q9D305	Q9NVV9
Q9D305	O43422
Q9D305	Q8CHW1
Q9D305	Q6P3Z3
Q9D305	Q7Z6K1
Q9D305	Q9H5L6
Q9D305	Q5U208
Q9D305	Q9P2Z0
Q9D305	Q8TBB0
Q9D305	Q8NA92
Q9D305	D3ZK30
Q9D305	Q9NVV9-2
Q9D305	Q9H0W7
Q9D305	D4AD80
A0A0J9YXM7	A0A0J9YXM7
Q9WUH1	Q9WUH1
Q9WUH1	D3ZE59
Q9WUH1	Q12893
G5E861	G5E861
G5E861	Q96NL6
G5E861	Q8CJ99
Q04118	Q04118
Q04118	P05142
Q04118	Q16378
Q04118	P04280
Q04118	Q61888
Q04118	P02810
Q04118	P02812
Q04118	P10163
Q04118	P05143
Q9GZY8-4	Q9GZY8-4
Q9GZY8-4	Q6PCP5
Q9GZY8-4	Q9GZY8
Q9GZY8-4	Q6PCP5-4
Q9GZY8-4	Q6PCP5-2
Q9GZY8-4	NP_001263330
Q9GZY8-4	Q9GZY8-2
Q9GZY8-4	Q9GZY8-5
Q8N3Z3	Q8N3Z3
Q8N3Z3	Q5BK22
Q8N3Z3	Q9CY28
O43513	O43513
O43513	Q9CZB6
O43513	D4A7V2
F1LXA0	F1LXA0
F1LXA0	Q9UI09
F1LXA0	Q7TMF3
Q9H6U6-2	Q9H6U6-2
Q9H6U6-2	Q9H6U6-3
Q9H6U6-2	Q8CCN5
Q9H6U6-2	Q9H6U6-8
Q9H6U6-2	Q9H6U6
Q9H6U6-2	NP_001166901
Q9H6U6-2	Q9H6U6-7
XP_001058983	XP_001058983
XP_001058983	Q3UQS2
XP_001058983	Q8N8F7
P0DV75	P0DV75
P0DV75	P0DV76
P0DV75	D6RGX4
P0DV75	A6NNH2
P0DV75	Q658T7
P0DV75	A2A4E2
P0DV75	A6NKC0
P0DV75	A6NDY2
P0DV75	P0DV74
P0DV75	P0DV73
P0DV75	A6NNJ1
P0DV75	Q86YD7
P0DV75	A8MXJ8
P0DV75	P0C7W9
P0DV75	P0C7V4
P0DV75	Q9D4F3
Q8TCC7	Q8TCC7
Q8TCC7	Q9Y226
Q8TCC7	Q9D232
Q8TCC7	A6NK97-2
Q8TCC7	P12336
Q8TCC7	A6NK97
Q8TCC7	Q8VHD6
Q8TCC7	P11168
Q8TCC7	Q9D9E0
Q8TCC7	P14246
Q8TCC7	Q9BYW1
Q8TCC7	P22732
Q8TCC7	Q8WUG5
Q8TCC7	Q2YDU8
Q8TCC7	Q8R0G7
Q8TCC7	Q9WV38
Q8TCC7	Q80UJ1
Q8TCC7	Q5RLM2
Q8TCC7	Q9H2V7
Q8TCC7	Q8N4F4
Q8TCC7	D4A271
Q8TCC7	Q9Z306
Q8TCC7	Q8IVM8
Q8TCC7	Q8TDB8
Q8TCC7	P0C6A1
Q8TCC7	Q8TCC7-2
Q8TCC7	D3ZLC4
Q8TCC7	Q9H015
Q8TCC7	Q8VCA0
Q8TCC7	Q8WUG5-2
Q8TCC7	Q9JJZ1
Q8TCC7	Q8BFT9
Q8TCC7	Q9NSA0
Q8TCC7	Q91WU2
Q8TCC7	Q9JIF3
Q8TCC7	Q8WUG5-3
Q8TCC7	Q9QZG1
Q8TCC7	O76082-3
Q8TCC7	P32037
Q8TCC7	P43427
Q8TCC7	Q9WTW5
Q8TCC7	P11169
Q8TCC7	Q9UGQ3-2
Q8TCC7	Q9NY64
Q8TCC7	Q8TDB8-5
Q8TCC7	O15244
Q8TCC7	Q9WTN6
Q8TCC7	Q76M99
Q8TCC7	O70577
Q8TCC7	Q07647
Q8TCC7	P11167
Q8TCC7	Q9P290
Q8TCC7	Q6T423
Q8TCC7	Q9Y267
Q8TCC7	Q921A2
Q8TCC7	Q91WJ2
Q8TCC7	P14142
Q8TCC7	Q4U2R8
Q8TCC7	Q497L9
Q8TCC7	Q9R1U7
Q8TCC7	Q3T9X0-4
Q8TCC7	P17809
Q8TCC7	P14672
Q8TCC7	Q8N4F4-1
Q8TCC7	O35956
Q8TCC7	P11166
Q8TCC7	Q96QE2
Q8TCC7	O88909
Q8TCC7	Q8IZD6
Q8TCC7	Q6A4L0
Q8TCC7	O15245
Q8TCC7	Q3UHK1
Q8TCC7	Q8TDB8-2
Q8TCC7	Q86VW1
Q8TCC7	Q63089
Q8TCC7	Q497L8
Q8TCC7	O08966
Q8TCC7	P19357
Q8TCC7	Q91VM4
Q8TCC7	Q9H2V7-3
Q8TCC7	Q9R141
Q8TCC7	Q8TD20
Q8TCC7	A1A5C7
Q8TCC7	A6NKX4
Q8TCC7	O95528
Q8TCC7	O76082
Q8TCC7	Q8BFW9
Q8TCC7	Q3UHH2
Q8TCC7	Q3ZAV1
Q8TCC7	NP_113772
Q8TCC7	Q9Z0E8
Q8TCC7	Q9NRM0
Q8TCC7	Q76M72
Q8TCC7	Q8CFZ5
Q8TCC7	Q3T9X0
Q8TCC7	Q8BWE8
Q8TCC7	Q9R0W2
Q8TCC7	Q96LX3
Q8TCC7	A4ZYQ5
Q8TCC7	Q6PXP3
Q8TCC7	O75751
Q8TCC7	Q3UDF0
Q8TCC7	Q8IVW8
Q8TCC7	Q96S37
Q8TCC7	Q63ZE4
Q8TCC7	Q504N2
Q8TCC7	Q8R0S9
Q8TCC7	O88446
Q8TCC7	Q8N4V2
Q8TCC7	XP_851018
Q8TCC7	NP_001013969
Q8TCC7	B2GV36
Q8TCC7	Q6PDF3
Q8TCC7	Q9UGQ3
Q8TCC7	Q9Z2I7
Q8TCC7	O70594
Q8TCC7	Q9Y694
Q8TCC7	Q8N434
Q8TCC7	Q8VC69
Q8TCC7	Q6ZMD2
Q8TCC7	Q9BYW1-4
Q7L2K0	Q7L2K0
Q7L2K0	B2GV34
Q7L2K0	Q6GQV0
Q9BYD1	Q9BYD1
Q9BYD1	Q9D1P0
Q9BYD1	Q3SYS1
Q9BYD1	Q5XFW4
Q15528-2	Q15528-2
Q15528-2	Q62276-2
Q15528-2	Q62276
Q15528-2	A0JPN6
Q15528-2	Q15528
Q96EL3	Q96EL3
Q96EL3	B2RYW4
Q96EL3	Q9D1H8
Q5U204	Q5U204
Q5U204	O88653
Q5U204	Q9UHA4
Q9JJY9	Q9JJY9
Q9JJY9	Q9GZX6
Q5EB76	Q5EB76
Q5EB76	Q91XE7
Q5EB76	O15342
Q5EB76	Q8NHE4
Q5EB76	Q794C0
Q5EB76	Q9CQD8
Q5EB76	Q8NHE4-2
Q80Y20	Q80Y20
Q80Y20	O43709-3
Q80Y20	O43709
Q80Y20	Q9CY21
Q80Y20	Q80WQ4
Q80Y20	Q9P272
Q80Y20	B1H275
Q80Y20	D3ZK29
Q80Y20	D3ZQW3
Q80Y20	Q96BT7-4
Q80Y20	Q96BT7
XP_001054824	XP_001054824
XP_001054824	Q920E5
XP_001054824	P14324
XP_001054824	P05369
Q9JJG6	Q9JJG6
Q9JJG6	Q96FX8
Q9JJG6	D3ZBB3
Q9JJG6	Q9JK95
Q9JJG6	Q9BQJ4
Q9CX53	Q9CX53
Q9CX53	Q5JCM4
Q9CX53	Q8WXD5
Q8K2X8	Q8K2X8
Q8K2X8	Q6ZYL4
Q8K2X8	D3ZEI7
Q2NL98	Q2NL98
Q2NL98	Q8BP01
Q2NL98	Q6QZQ4
Q9BTX3	Q9BTX3
Q9BTX3	Q9CR96
Q5SP45	Q5SP45
Q6W349	Q6W349
Q96M15	Q96M15
Q5I0X4	Q5I0X4
Q5I0X4	M0RDC2
Q5I0X4	Q9D727
Q3ZCQ2	Q3ZCQ2
Q6IMK8	Q6IMK8
Q6IMK8	O75106-2
Q6IMK8	P19801
Q6IMK8	Q8JZQ5
Q6IMK8	P19801-2
Q6IMK8	Q6IMK7
Q6IMK8	Q812C9
Q6IMK8	O75106
Q6IMK8	Q16853
Q6IMK8	O08590
Q6IMK8	P36633
Q6IMK8	O70423
Q9BY77-2	Q9BY77-2
Q9BY77-2	Q8BG81
Q9BY77-2	Q9BY77
Q9BY77-2	D4A2B0
B2CW77	B2CW77
Q61979	Q61979
Q61979	Q62649
Q61979	Q16517
Q1W209	Q1W209
Q6ICL7	Q6ICL7
Q6ICL7	Q5RKL7
Q6ICL7	Q8K3D6
Q8BML9	Q8BML9
Q8BML9	Q66H61
Q8BML9	P32921
Q8BML9	Q8CGC7
Q8BML9	P23381
Q8BML9	Q5JPH6
Q8BML9	Q9CXJ1
Q8BML9	Q5JPH6-2
Q8BML9	Q6P7B0
Q8BML9	P23381-2
Q8BML9	M0RAI4
Q8BML9	Q68FL6
Q8BML9	P56192
Q8BML9	Q6TXE9
Q8BML9	P47897
Q8BML9	P07814
Q8BML9	D3Z941
Q6IAA8	Q6IAA8
Q6IAA8	Q9CQ22
Q6IAA8	Q6P791
Q9NYZ3	Q9NYZ3
Q9NYZ3	D3ZPA8
Q9NYZ3	Q8R080
Q9H977	Q9H977
Q9H977	D3ZX63
Q9H977	Q9H977-4
Q9H977	Q9R0D8
P41542	P41542
P41542	Q9Z1Z0
P41542	P41541
P41542	O60763
P41542	O60763-2
O15014	O15014
O15014	Q56A10
O15014	NP_001100848
O15014	Q8BZ47
O15014	Q9ULD9
O15014	NP_001166842
P47955	P47955
P47955	XP_205095
P47955	P19945
P47955	P14869
P47955	P05388
P47955	XP_003946470
P47955	P05387
P47955	P99027
P47955	P02401
P47955	XP_234961
P47955	P05386
P47955	P19944
P47955	Q8NHW5
P47955	XP_910749
Q96PZ0	Q96PZ0
Q96PZ0	Q8CE46
Q96PZ0	Q9H0K6
Q96PZ0	Q96PZ0-2
Q96PZ0	XP_216060
Q96PZ0	D4ABN2
Q96PZ0	Q91VU7
P22858	P22858
P22858	P12272
P22858	P13085
O43615	O43615
O43615	O35094
O43615	O35857
Q8R242	Q8R242
Q8R242	Q01459
Q8R242	Q01460
F8VPK0	F8VPK0
F8VPK0	Q6PGP7
F8VPK0	XP_038959300
P01282	P01282
P01282	P11384
P01282	P55095
P01282	P01275
P01282	P09681
P01282	P48756
P01282	Q06145
P01282	P01286
P01282	P16043
P01282	P13589
P01282	P06883
P01282	P09916
P01282	P01283
P01282	P09683
P01282	Q08535
P01282	O70176
P01282	P32648
P01282	P18509
Q9CR67	Q9CR67
Q9CR67	Q9Z142
Q9CR67	P57088
Q96PE7	Q96PE7
Q96PE7	D4A197
Q96PE7	Q9D1I5
Q9BZG8	Q9BZG8
Q9BZG8	B2RYK2
Q9BZG8	Q5NCQ5
Q4FZV2	Q4FZV2
Q4FZV2	Q8WV19
Q4FZV2	Q5SSN7
Q4FZV2	O95562
Q4FZV2	Q8VD57
Q4FZV2	Q5U3Y5
NP_001102225	NP_001102225
NP_001102225	Q6NVH7
NP_001102225	Q8VCI7
P0DPR3	P0DPR3
NP_001100233	NP_001100233
NP_001100233	Q9NWL6
NP_001100233	P49088
NP_001100233	Q8BFS9
NP_001100233	Q61024
NP_001100233	P08243
P06733-2	P06733-2
P06733-2	P17183
P06733-2	P09104
P06733-2	P06733
P06733-2	P04764
P06733-2	P51913
P06733-2	P07323
P06733-2	P17182
P06733-2	P15429
P06733-2	P21550
P06733-2	P13929_VAR_N71S
P06733-2	P13929
M0R4L6	M0R4L6
M0R4L6	O75879
M0R4L6	Q99JT1
B0BN74	B0BN74
B0BN74	O95816
B0BN74	Q91YN9
Q8CCM6	Q8CCM6
Q8CCM6	Q5U2X7
Q8CCM6	Q9BVV7
P15954	P15954
P15954	P00430
P15954	P17665
P15954	P80432
Q9CQI3	Q9CQI3
Q9CQI3	Q63228
Q9CQI3	O60234
Q9CQI3	P60983
Q9CQI3	Q80T18
Q9CQI3	Q9ERL7
Q9D9B0	Q9D9B0
Q9D9B0	Q6NSX1
O14730	O14730
O14730	G3V7T0
O14730	NP_001101893
O14730	Q9DBU3
O14730	Q922Q2
O14730	Q9BRS2
Q0IIL7	Q0IIL7
Q0IIL7	P63040
Q0IIL7	P63041
Q0IIL7	O14810
Q0IIL7	P84086
Q0IIL7	P84087
Q0IIL7	P84088
Q0IIL7	Q6PUV4
Q63317	Q63317
Q63317	P0DP58
Q63317	D3ZZL5
Q63317	Q9D1Z2
Q63317	D4A6I7
Q63317	D4A0Z9
Q63317	P0DTL4
Q63317	P27274
Q63317	Q3C1V1
Q63317	F1LNW6
Q63317	Q9CWP4
Q63317	P0DP58-2
Q63317	O55186
Q63317	Q8K356
Q63317	P35461
Q63317	Q4R5M8
Q63317	Q9WUC3
Q63317	P0DP60
Q63317	O94772
Q63317	O43653
Q63317	P0DP57
Q63317	Q99445
Q63317	P57096
Q63317	P0DP59
Q63317	P05533
Q63317	P13987-2
Q63317	Q63316
Q63317	Q17RY6
Q63317	Q17RY6-2
Q63317	P0CW02
Q63317	P0CW03
Q63317	P58019
Q63317	P55000
Q63317	H3BJG9
Q63317	Q16553
Q63317	P35460
Q63317	H3BQJ8
Q63317	P13987
Q63317	Q9Z0K7
Q63317	Q8IV16
Q63317	Q64253
Q63317	Q9WU67
Q63317	O95867
Q63317	Q9D1N2
Q63317	Q9Z1Q4
Q63317	Q9DD23
Q63317	XP_002729867
Q63317	Q14210
Q63317	P35459
Q63317	Q6UXB3
Q63317	O94772-2
Q8CDT7	Q8CDT7
Q8CDT7	Q8IVU9
B5DEN5	B5DEN5
B5DEN5	P57776-2
B5DEN5	Q9ER72
B5DEN5	P49589
B5DEN5	Q91VK2
B5DEN5	P53787
B5DEN5	Q68FR9-2
B5DEN5	P57776
B5DEN5	Q68FR9
B5DEN5	P57776-3
B5DEN5	P29692
B5DEN5	A5D989
B5DEN5	P29692-2
B5DEN5	Q9BW34
B5DEN5	P49589-3
B5DEN5	P29692-4
B5DEN5	Q658K8
B5DEN5	P49589-2
B5DEN5	P34826
B5DEN5	P29692-3
B5DEN5	O70251
B5DEN5	Q8BYM8
B5DEN5	P24534
B5DEN5	Q9HA77
B5DEN5	G3V9K0
B5DEN5	B2GV57
P05186-2	P05186-2
P05186-2	P09923
P05186-2	P05186
P05186-2	P09242
P05186-2	P05187
P05186-2	P08289
P05186-2	P24823
P05186-2	P51740
P05186-2	P10696
P05186-2	P15693
P05186-2	P24822
P05186-2	F8VPQ6
D4A9Z6	D4A9Z6
D4A9Z6	P82673
D4A9Z6	Q8BJZ4
P19157	P19157
P19157	P57113
P19157	P04905
P19157	P09488-2
P19157	P28161
P19157	G5E8M7
P19157	O35660
P19157	Q80W21
P19157	P08009
P19157	Q6AXV9
P19157	Q03013
P19157	P78417-3
P19157	P09211
P19157	Q01579
P19157	Q99L20
P19157	Q9Z339
P19157	D3Z8I7
P19157	Q61133
P19157	E9Q6L7
P19157	P04904
P19157	P30713
P19157	Q9D4P7
P19157	P24472
P19157	P10648
P19157	Q4V8E6
P19157	Q6AXY0
P19157	O09131
P19157	O15217
P19157	P78417
P19157	Q8R5I6
P19157	Q7RTV2
P19157	B0BN47
P19157	P21266
P19157	O35543
P19157	P48774
P19157	Q5BK56
P19157	P46418
P19157	P19639
P19157	P04906
P19157	Q9WU21
P19157	P14942
P19157	Q9H4Y5
P19157	A0A1W2PR19
P19157	P15626
P19157	P13745
P19157	Q8K2Q2
P19157	Q9Z1B2
P19157	P46439
P19157	Q16772
P19157	O43708
P19157	P10649
P19157	P30115
P19157	P09488
P19157	Q9WVL0
P19157	P08010
P19157	P0CG30
P19157	P0CG29
P19157	P30711
P19157	P09210
P19157	Q64471
P19157	P08263
P19157	Q9JHF7
P19157	O60760
P19157	P00502
P19157	P46425
O88828	O88828
O88828	P61219
O88828	P61218
Q9D9G3	Q9D9G3
Q9D9G3	G3V6A1
Q9D9G3	Q9UKJ5
Q9D9G3	Q5VXU3
Q9D9G3	Q8CBW7
Q9D9G3	D3ZJX3
Q8N813	Q8N813
Q8C525	Q8C525
Q8C525	Q8IYB1
Q8C525	D4ACS3
Q96DZ1	Q96DZ1
Q96DZ1	Q13438-8
Q96DZ1	Q5RKH6
Q96DZ1	Q8K2C7
Q96DZ1	Q13438
Q96DZ1	Q13438-2
Q96DZ1	Q13438-3
Q96DZ1	Q13438-5
Q96DZ1	D3ZF97
Q96DZ1	Q13438-6
Q96DZ1	Q8VEH8
Q96DZ1	Q13438-7
Q9ER88	Q9ER88
Q9ER88	P51398
Q9ER88	F7EZZ0
Q9ER88	P82922
P43652	P43652
P43652	P07724
P43652	P02770
P43652	P02773
P43652	P36953
P43652	O89020
P43652	F8VQ07
P43652	P02772
P43652	P02769
P43652	P02771
P43652	P02768
Q9BY43	Q9BY43
Q9BY43	Q9NZZ3
Q9BY43	Q569C1
Q9BY43	D4A9Z8
Q9BY43	Q9D8B3
Q9BY43	Q9H444
Q9BY43	Q9BY43-2
Q9BY43	Q14D22
Q9BY43	Q9D7F7
Q9BY43	Q96CF2
Q9BY43	Q4QQV8
Q9BY43	Q9D7S9
Q96FA3	Q96FA3
Q96FA3	B2RYE1
Q96FA3	Q8C669
Q96FA3	Q8N2H9
Q96FA3	Q8BXR6
Q96FA3	D3ZSK3
Q96FA3	Q9HAT8
Q96FA3	Q8BST6
Q60809	Q60809
Q60809	Q9UIV1
Q60809	B3DMA5
Q60809	Q9UFF9
Q60809	Q9D8X5
Q60809	Q5U2U9
O55131	O55131
O55131	Q9WVC0
O55131	Q16181-2
O55131	P42209
O55131	Q99719
O55131	Q15019
O55131	Q9NVA2
O55131	B1AQZ0
O55131	Q15019-3
O55131	Q8WYJ6
O55131	Q9UHD8-5
O55131	Q8C650
O55131	Q4V8G5
O55131	Q9P0V9
O55131	Q14BT3
O55131	Q16181
O55131	Q9R1T4
O55131	Q8IYM1
O55131	AAD02884
O55131	Q14141
O55131	P28661
O55131	Q92599-4
O55131	O43236
O55131	Q9JJM9-2
O55131	XP_001480843
O55131	Q9UHD8-7
O55131	A0A096MJN4
O55131	Q9UHD8-8
O55131	Q9DA97
O55131	Q9WU34
O55131	Q9Z1S5
O55131	Q5PQK1
O55131	Q9P0V9-2
O55131	Q9QZR6
O55131	B5DFG5
O55131	Q80UG5
O55131	Q9UH03
O55131	Q9JJM9
O55131	C0HM01
O55131	Q9UHD8
O55131	Q9NVA2-2
O55131	Q6ZU15
O55131	Q80UG5-3
O55131	B3GNI6
O55131	Q8C1B7
O55131	Q14141-2
O55131	O43236-4
O55131	Q8CHH9
O55131	B0BNF1
O55131	Q92599
O55131	Q9UHD8-2
O55131	Q99719-2
O55131	Q8C650-2
O55131	Q5EB96
O55131	Q15019-2
O55131	Q9Z2Q6
O55131	Q91Y81
O55131	P42208
A6NKF1	A6NKF1
A6NKF1	D3ZTA3
A6NKF1	O60318
A6NKF1	A6H687
A6NKF1	D3ZT97
A6NKF1	Q9WUU9
Q96PV6-1	Q96PV6-1
Q96PV6-1	Q8CBY3
Q96PV6-1	D3ZX52
Q96PV6-1	Q96PV6
Q02080	Q02080
Q02080	Q60929-3
Q02080	Q6AXR7
Q02080	Q06413-3
Q02080	Q8CFN5-4
Q02080	Q06413-6
Q02080	Q14814-4
Q02080	Q02078-2
Q02080	Q63943-2
Q02080	Q14814-2
Q02080	Q2MJT0
Q02080	Q8CFN5
Q02080	Q14814
Q02080	Q60929
Q02080	Q02080-2
Q02080	A0A096MJY4
Q02080	Q06413
Q02080	Q02078
Q02080	Q9JM73
Q02080	NP_001102772
Q02080	Q06413-2
Q02080	P11831
Q02080	O55087
Q02080	O89038
Q02080	Q63943
Q7Z3E2	Q7Z3E2
Q7Z3E2	Q8C9S4
Q7Z3E2	XP_003753475
Q96EV8	Q96EV8
Q96EV8	Q5M834
Q96EV8	Q91WZ8
Q96EV8	Q9H9R9
Q96EV8	Q9CZ00
Q96EV8	Q5M831
Q96EV8	Q331S7
Q96EV8	Q9H9R9-3
Q96EV8	Q9CRD4
Q96EV8	Q9BQY9
Q8WYQ4	Q8WYQ4
Q9CY16	Q9CY16
Q9CY16	Q9Y2Q9
Q9CY16	Q6TXG8
P09601	P09601
P09601	P14901
P09601	P23711
P09601	O70252
P09601	P30519
P09601	P06762
Q9D3V5	Q9D3V5
Q9D3V5	Q8NA03
Q9D3V5	Q66H16
Q8NEF9	Q8NEF9
Q8NEF9	Q9CZ91_VAR_R177S
Q8NEF9	Q9CZ91
Q8NEF9	Q66H19
A9Z1V5	A9Z1V5
A9Z1V5	NP_001101458
A9Z1V5	Q6P8K4
A9Z1V5	XP_221305
A9Z1V5	Q3UR50
A9Z1V5	XP_001062386
A9Z1V5	Q8N398
A9Z1V5	Q75WE7
A9Z1V5	Q3UR50-2
A9Z1V5	Q99KC8
A9Z1V5	O00534
A9Z1V5	O00534-2
A9Z1V5	Q5TIE3
Q7TP28	Q7TP28
Q7TP28	Q9GZU0
Q7TP28	Q99LU8
Q8TAB5	Q8TAB5
Q8TAB5	Q8BP99
Q8K3A0	Q8K3A0
Q8K3A0	Q8IWL3
Q8K3A0	XP_008767562
P17066	P17066
P17066	Q66HA8
P17066	Q9Y4L1
P17066	P48741
P17066	P11142-2
P17066	Q6AYB4
P17066	P38647
P17066	O88600
P17066	P38646
P17066	Q61316
P17066	P48723
P17066	P06761
P17066	Q92598-2
P17066	P34932
P17066	Q8BM72
P17066	P0DMV8
P17066	O95757
P17066	Q61696
P17066	P20029
P17066	P34931
P17066	P48721
P17066	P0DMW0
P17066	Q0IIM3
P17066	P54652
P17066	P17156
P17066	P14659
P17066	Q9JKR6
P17066	Q63617
P17066	Q61699
P17066	Q92598
P17066	P11021
P17066	P55063
P17066	P16627
P17066	O35162
P17066	P63018
P17066	P63017
P17066	P11142
P17066	Q0VDF9
P17066	Q99M31
P17066	P0DMV8-2
P17066	P48722
P17066	XP_001054273
P17066	Q3U2G2
P17066	NP_001099898
P54797	P54797
P54797	Q6ICL3-4
P54797	Q6ICL3
G3UW68	G3UW68
A6H5Y3	A6H5Y3
A6H5Y3	Q9Z2Q4
A6H5Y3	Q99707
A3KMP2	A3KMP2
A3KMP2	Q5R3I4
A3KMP2	NP_001123971
Q6ZV65	Q6ZV65
Q6ZV65	Q5HY64
Q6ZV65	Q0VG34
Q6ZV65	D6RA91
Q6ZV65	Q5JRC9
Q6ZV65	Q9D5P7
Q6ZV65	Q14BE7
Q6ZV65	A6NHR8
Q6ZV65	Q8NA70
P61924	P61924
P61924	P61923
P61924	D4A8T3
P61924	D4ADP9
P61924	P61923-4
P61924	Q9P299
P61924	Q9JHH9
D6RCZ4	D6RCZ4
D6RCZ4	Q8VEK2
D6RCZ4	Q6NTF9
D6RCZ4	D3ZQG3
D6RCZ4	Q6NTF9-2
Q5T5S1	Q5T5S1
Q5T5S1	B1H281
Q5T5S1	A2AJB1
Q5RKS2	Q5RKS2
Q5RKS2	Q9BQ49
Q5RKS2	B0BN70
P55098	P55098
P55098	P24392
P55098	P28328
P13985	P13985
Q3TUA5	Q3TUA5
Q3TUA5	Q6Y7W8
Q3TUA5	Q6Y7W6
Q3TUA5	Q99MR1
Q3TUA5	O75420
Q3TUA5	XP_038940631
Q3TUA5	E1BAH0
Q3TUA5	Q6Y7W6-3
Q3TUA5	D3ZQJ3
Q3TUA5	Q6Y7W6-4
J3QJW4	J3QJW4
J3QJW4	Q6ZR85
Q7Z6K3	Q7Z6K3
Q7Z6K3	E9QAB6
Q7Z6K3	D3ZWG9
Q9CVW4	Q9CVW4
Q9CVW4	Q537H7
Q8C5U0	Q8C5U0
Q8BHN9	Q8BHN9
Q8BHN9	D3ZQQ1
Q8BHN9	Q6ULP2
Q8BHN9	Q80WT5
Q8BHN9	Q6ULP2-9
Q8BHN9	Q5RJN9
Q8BHN9	Q96F83
Q9BWJ2	Q9BWJ2
Q3V0P4	Q3V0P4
Q3V0P4	Q6PIY5
Q5VVB8	Q5VVB8
Q9BTE3-2	Q9BTE3-2
Q9BTE3-2	B1H268
Q9BTE3-2	Q8R3C0
Q9BTE3-2	Q9BTE3
Q5J5C9	Q5J5C9
Q5J5C9	Q8N690
Q5J5C9	Q30KQ7
Q5J5C9	Q30KN4
Q5J5C9	Q30KP5
Q5J5C9	Q32ZG2
Q5J5C9	Q8K4N2-2
Q5J5C9	Q8N690-2
Q5J5C9	Q30KQ5
Q5J5C9	Q8NG35
Q5J5C9	Q08648
Q5J5C9	Q32ZH6
Q5J5C9	Q8K4N2
Q5J5C9	Q96PH6
Q5J5C9	Q32ZG3
Q5J5C9	Q8K4N3
Q5J5C9	Q8WTQ1
Q5J5C9	Q32ZH9
Q5J5C9	Q8R2I4
Q5J5C9	Q8IZN7
Q5J5C9	Q32ZH5
Q5J5C9	Q32ZH8
Q5J5C9	Q30KQ1
Q5J5C9	Q8NES8
Q5J5C9	Q32ZH2
Q5J5C9	Q30KN8
Q5J5C9	Q32ZG7
Q5J5C9	Q3UW43
Q5J5C9	Q3UW43-2
Q5J5C9	Q8K3U4
Q5J5C9	Q6PDA7
Q5J5C9	Q8N688
Q5J5C9	A8MXU0
Q5J5C9	Q9BYW3
Q5J5C9	Q8N687
Q5J5C9	Q30KP9
Q5J5C9	Q30KQ4
Q5J5C9	Q7Z7B8
Q5J5C9	Q30KQ9-2
Q5J5C9	Q8BGW9
Q5J5C9	Q7Z7B7
Q5J5C9	Q8VBV2
Q5J5C9	Q9H1M4
Q5J5C9	Q30KP6
Q5J5C9	Q8R2I5
Q5J5C9	Q30KP6-2
Q5J5C9	Q8BVC1
Q5J5C9	Q8N104
Q5J5C9	Q8NET1
Q5J5C9	Q30KQ9
Q5J5C9	Q30KQ8
Q5J5C9	Q32ZH4
Q6XCG6	Q6XCG6
Q0VBP7	Q0VBP7
Q0VBP7	Q3SXP7
P0CAT3	P0CAT3
P40205	P40205
Q96IR3	Q96IR3
Q8TAF5	Q8TAF5
D3ZH55	D3ZH55
D3ZH55	Q8BGR5
D3ZH55	Q8BXQ8
D3ZH55	Q14153
D3ZH55	Q9NYF3
D3ZH55	B5DF22
D3ZH55	E9PV82
D3ZH55	D3Z8Z2
D3ZH55	Q6NSI3
D4A5M2	D4A5M2
D4A5M2	P22646
D4A5M2	P07766
Q6NUQ4-2	Q6NUQ4-2
Q6NUQ4-2	Q6NUQ4
Q6NUQ4-2	A1L1L2
Q6NUQ4-2	Q8BM55
Q9Y5U2-2	Q9Y5U2-2
Q9Y5U2-2	Q1LZD3
Q9Y5U2-2	Q9JHE7
Q9Y5U2-2	Q5XIB1
Q9Y5U2-2	Q9Y5U2
Q96LB3-2	Q96LB3-2
Q96LB3-2	Q8BKE9
Q96LB3-2	Q96LB3
Q96LB3-2	Q5XIR2
Q6EEV4-2	Q6EEV4-2
Q6EEV4-2	Q6EEV4
Q9NS71	Q9NS71
Q9NS71	Q9CR36
Q9NS71	P0CG01
Q9NS71	Q9D0T7
Q5TID7	Q5TID7
Q5TID7	Q6AYN9
Q5TID7	Q80ZU5
Q96FX7	Q96FX7
Q96FX7	Q80XC2
Q96FX7	Q6AY46
Q6AY30	Q6AY30
Q6AY30	Q8R127
Q6AY30	Q8NBX0
Q9H1K6	Q9H1K6
Q9H1K6	Q9ERE8
Q8N1X5	Q8N1X5
Q3MJ13	Q3MJ13
Q3MJ13	Q9Y4E6-2
Q3MJ13	Q9ERH3
Q3MJ13	Q920I9
Q3MJ13	Q9Y4E6
Q3MJ13	D3YYM4
Q6PCX9	Q6PCX9
Q6PCX9	O94972
Q6PCX9	NP_001101758
Q8N485	Q8N485
Q8N485	Q6P566
Q8N485	Q8IVB5
Q8N485	Q8BQ89
Q8N485	Q5PQQ7
Q8VCX6	Q8VCX6
Q8VCX6	Q9Y664
P35846	P35846
P35846	P15328
P35846	Q9BSG5
P35846	P41439
P35846	Q8QZY4
P35846	P14207
P35846	A6ND01
P35846	Q05685
P35846	Q9EQF4
P52657	P52657
P52657	O08950
P52657	Q80ZM7
Q8R033	Q8R033
Q8R033	B2GV91
Q8R033	Q9NU23
P11684	P11684
P11684	O95969
P11684	Q6XE38
P11684	Q06318
P11684	O95968
P11684	P17559
P11684	P02779
P23510	P23510
P23510	P43488
P23510	Q9Z2P3
Q9JHS3	Q9JHS3
Q9JHS3	D4A465
Q9JHS3	Q9Y2Q5
D3ZZF8	D3ZZF8
D3ZZF8	Q9H074
D3ZZF8	Q9H074-2
D3ZZF8	Q8VE62
Q8QZY3	Q8QZY3
Q8QZY3	Q6IMK0
Q8QZY3	Q6W0C5
Q7Z5K2	Q7Z5K2
Q7Z5K2	Q7Z5K2-2
Q7Z5K2	Q65Z40
Q7Z5K2	Q7Z5K2-3
Q7Z5K2	D4ADT3
Q9D8N6	Q9D8N6
Q9D8N6	D4A503
Q9D8N6	Q96GY3
Q91XT4	Q91XT4
Q91XT4	Q96JE7
Q91XT4	F1N6K7
Q91XT4	O15027
Q91XT4	E9QAT4
Q91XT4	NP_446023
Q91XT4	O15027-2
Q91XT4	D3ZN76
Q91XT4	A4QN18
Q91XT4	E9QAT4-2
Q91XT4	O15027-5
D9I304	D9I304
Q86XL3	Q86XL3
Q86XL3	Q7TP65
Q86XL3	Q6P1H6
P63173	P63173
P63173	P63174
P63173	Q9JJI8
Q9D6J5	Q9D6J5
Q9D6J5	O95169
Q9D6J5	B2RYS8
Q9H3R2	Q9H3R2
Q9H3R2	P19467
Q9H3R2	P97881
Q6PDM4	Q6PDM4
Q6PDM4	Q8IYA8
Q9CY86	Q9CY86
Q9CY86	Q5SSQ6
O95072	O95072
O95072	Q8C5S7
O95072	Q6AYJ4
Q9CX62	Q9CX62
Q9CX62	Q96EL1
Q9CX62	Q9NTI7
Q9CX62	Q80VY2
Q6PAL1	Q6PAL1
Q6PAL1	Q8NBI3
Q6NXM3	Q6NXM3
Q6NXM3	Q8N3G9
Q6NXM3	Q5RJK4
Q6NXM3	Q6P7C7
Q6NXM3	Q8N3G9-2
Q6NXM3	Q99P91
Q6NXM3	Q14956
Q6NXM3	Q60696
Q6NXM3	P40967-2
Q6NXM3	P40967
Q52KR6	Q52KR6
Q52KR6	Q9JIX8
Q52KR6	Q9JIX8-4
Q52KR6	Q9UKV3
Q52KR6	Q9UKV3-2
Q52KR6	F1MQG6
Q52KR6	Q9UKV3-5
Q52KR6	E9PST5
Q9D7G4	Q9D7G4
Q9D7G4	D4ACQ8
Q9D7G4	Q9NYK6
Q5T4T6	Q5T4T6
Q5T4T6	Q9CUU3
Q5T4T6	Q9BX26
Q5T4T6	A0A0M3U1B0
Q5T4T6	O70608
Q8R5F9	Q8R5F9
Q8BNC6	Q8BNC6
Q8BNC6	Q8NBL3
Q8BNC6	H3BS89
Q8BNC6	Q68FV0
Q8BNC6	Q9CZ16
Q80Y73	Q80Y73
Q80Y73	Q6PI97-2
Q80Y73	Q6PI97
P22531	P22531
P22531	Q5TA77
P22531	Q9BYE4
P22531	Q8CGN8
P22531	Q5T5A8
P22531	O09116
P22531	O70558
P22531	O70554
P22531	Q9BYE3
P22531	Q6PAI4
P22531	Q5T870
P22531	O70559
P22531	XP_038959252
P22531	Q497I5
P22531	Q5TA82
P22531	Q5TCM9
P22531	O70560
P22531	P0DV60
P22531	Q91V05
P22531	Q96RM1
P22531	O70557
P22531	A0A1B0GTR4
P22531	O70556
P22531	Q5TA78
P22531	A0A0G2K2L3
P22531	Q5T752
P22531	Q5T7P2
P22531	O70561
P22531	Q5T753
P22531	O70555
P22531	Q5T754
P22531	Q5T7P3
P22531	Q62266
P22531	Q5TA76
P22531	Q9UBC9
P22531	P35326
P22531	NP_068636
P22531	Q62267
P22531	P35321
P22531	Q5T751
P22531	Q5T5B0
P22531	Q96PI1
P22531	P35325
P22531	O70562
P22531	P22528
P22531	P22532
P22531	O14633
P22531	Q9CQK8
P22531	Q4KL71
P22531	Q5TA79
P22531	Q5TA81
P22531	Q9CQM7
P22355	P22355
P22355	P07988
P22355	P50405
S4R3N1	S4R3N1
S4R3N1	XP_893532
S4R3N1	Q9Y3A3-2
S4R3N1	Q9Y3A3-3
S4R3N1	Q64433
S4R3N1	Q9Y3A3
S4R3N1	Q6PEB6
S4R3N1	Q9QYW3
S4R3N1	P26772
S4R3N1	P61604
XP_008767451	XP_008767451
XP_008767451	Q8C3Y4
XP_008767451	P50748
D3ZGK2	D3ZGK2
D3ZGK2	Q8NBA8
D3ZGK2	Q9D0U1
D3ZKT8	D3ZKT8
D3ZKT8	Q7Z4H3
D3ZKT8	Q3SXD3
NP_001102118	NP_001102118
NP_001102118	Q91WI7
NP_001102118	Q969R8
A0A7P0TBJ1	A0A7P0TBJ1
A0A7P0TBJ1	Q14CZ0
A0A7P0TBJ1	A0A804C8T0
A0A7P0TBJ1	D3ZK25
A0A7P0TBJ1	Q14AM7
Q92777-2	Q92777-2
Q92777-2	P17599
Q92777-2	P09951
Q92777-2	Q64332-2
Q92777-2	O88935
Q92777-2	Q64332
Q92777-2	Q8JZP2
Q92777-2	P17600-2
Q92777-2	O14994
Q92777-2	O88935-3
Q92777-2	P17600
Q92777-2	O88935-1
Q92777-2	O70441
Q92777-2	Q63537
Q92777-2	Q92777
D4A4P4	D4A4P4
D4A4P4	Q8R123
D4A4P4	Q8NFF5
Q4KM43	Q4KM43
Q4KM43	Q5T280
Q4KM43	Q3UHX9
D4ADH7	D4ADH7
D4ADH7	Q78WZ7
D4ADH7	Q3B726
D3ZMR1	D3ZMR1
D3ZMR1	Q9D173
D3ZMR1	Q9P0U1
P67871	P67871
P67871	P67869
P67871	P67874
P67871	P67870
P56563	P56563
P56563	P54825
P56563	P20274
P56563	P55344
P56563	D3ZQB5
P56563	Q8NHS1
P56563	Q16617
P56563	Q99PA5
P56563	Q9D9H2
Q8TAC2	Q8TAC2
Q8TAC2	Q9DBJ6
Q8TAC2	D4AD44
Q8TAC2	Q5BJY4
Q8TAC2	Q15040
Q96MY1	Q96MY1
Q96MY1	Q6DIB4
Q96MY1	D4A3P4
Q96MY1	Q3UH85
Q96MY1	D3ZHS3
Q96MY1	P60954
Q96MY1	O94818
Q9D0V7	Q9D0V7
Q9D0V7	O00559
Q9D0V7	Q5PQP2
Q9D0V7	O00559-2
Q9D114	Q9D114
Q9D114	Q8N4P3
Q9ES02	Q9ES02
Q9ES02	Q9NQ76
Q9ES02	Q8K4L6
P15423	P15423
P15423	K9N5Q8
P15423	P0DTC2
P15423	P36334
P15423	Q6Q1S2
P15423	Q5MQD0
P15423	P0DTC2_VAR_OMICRON
P15423	P59594
A0A140TAA1	A0A140TAA1
A0A140TAA1	Q62786
A0A140TAA1	Q9WV91
A0A140TAA1	Q9P2B2
A0A140TAA1	Q8R366
A0A140TAA1	O75054-2
A0A140TAA1	Q969P0
A0A140TAA1	XP_001066340
A0A140TAA1	Q93033
A0A140TAA1	A8E0Y8
A0A140TAA1	F1LZ40
A0A140TAA1	Q6ZQA6
A0A140TAA1	O75054
XP_038964476	XP_038964476
XP_038964476	Q3UFM5
XP_038964476	Q5C9Z4
Q06666	Q06666
O41974	O41974
B0BN39	B0BN39
B0BN39	Q9CZ82
B0BN39	Q9BUE0
Q6ZQI3	Q6ZQI3
Q6ZQI3	Q5FVQ4
Q6ZQI3	Q14165
Q7Z2W9	Q7Z2W9
Q7Z2W9	Q9D1N9
Q7Z2W9	D3ZMR9
NP_001178529	NP_001178529
NP_001178529	F1LQJ2
NP_001178529	Q2V2M9-2
NP_001178529	Q2V2M9-3
NP_001178529	Q2V2M9-4
NP_001178529	NP_001193268
NP_001178529	Q2V2M9
NP_001178529	Q76LL6
NP_001178529	Q6P9Q4
NP_001178529	Q9Y613
Q4KM77	Q4KM77
Q4KM77	Q61070
Q4KM77	O14681
A8MT69-2	A8MT69-2
A8MT69-2	XP_038943480
A8MT69-2	A8MT69
A8MT69-2	Q8C4X1
Q6YI46	Q6YI46
Q6YI46	Q3U145
Q8BHV0	Q8BHV0
Q9BTM9	Q9BTM9
Q9BTM9	Q9BTM9-2
Q9BTM9	Q9D2P4
D3Z8W2	D3Z8W2
D3Z8W2	P0CB42
D3Z8W2	Q13686
Q9CVN6	Q9CVN6
Q9CVN6	A6NI87
Q9CVN6	Q32MG2
Q9CVN6	Q8NA61
Q9CVN6	Q6AXV6
Q9CVN6	Q8K4I6
Q9CVN6	Q9D1C2
Q9CVN6	Q9Y3M2
D4ADF5	D4ADF5
D4ADF5	O14737
D4ADF5	P56812
D4ADF5	NP_001119762
Q9BVW6	Q9BVW6
Q9JJF6	Q9JJF6
Q9JJF6	Q9HA90
Q8N1D5	Q8N1D5
Q8N1D5	Q4KKZ1
Q8R313	Q8R313
Q8R313	Q8TAG9
Q8R313	O54923
Q8R313	F1LZ53
Q8R313	A6H5Z3
Q8R313	Q9Y2D4
A2RUS2	A2RUS2
A2RUS2	A2RT67
A2RUS2	D4A2H4
P36364	P36364
P36364	P31371
P36364	P54130
P36364	P11487
P36364	Q9HCT0
P36364	Q9ESS2
P36364	O60258
P36364	Q92913
P36364	P70377
P36364	Q9ERW3
P36364	Q9NSA1
P36364	P09038
P36364	P55075
P36364	Q9JJN1
P36364	O54769
P36364	P37237
P36364	P36363
P36364	P70377-3
P36364	P13109
P36364	P55075-3
P36364	P09038-2
P36364	P61150
P36364	P61329
P36364	P61328
P36364	Q92913-5
P36364	P48807
P36364	Q92915-2
P36364	P03969
P36364	P70379
P36364	Q92914
P36364	Q9ERW3-2
P36364	Q9NP95
P36364	O43320
P36364	Q9ESL9
P36364	Q9ESL8
P36364	P08620
P36364	P11403
P36364	P61329-2
P36364	P15655
P36364	P63076
P36364	P63075
P36364	P05230-2
P36364	Q8VI82
P36364	P05230
P36364	P21658
P36364	O35565
P36364	Q9EPC2
P36364	P10767
P36364	Q9EST9
P36364	Q8R5L6
P36364	Q9GZV9
P36364	Q8R5L8
P36364	P70378
P36364	Q8R5L7
P36364	P12034
P36364	O76093
P36364	P12034-2
P36364	P55075-4
P36364	P15656
P36364	P61149
P36364	P61148
P36364	Q02195
P36364	O95750
P36364	P70492
P36364	O88182
P36364	O89101
P36364	P21781
P36364	O35622
P36364	Q92915
P36364	Q92913-3
P36364	O15520
P36364	P05524
Q6AYN2	Q6AYN2
Q6AYN2	Q8R3Q0
Q6AYN2	Q96BY9
Q6AYN2	A0A0R4J0D1
Q32KJ9	Q32KJ9
Q32KJ9	P50427
Q32KJ9	Q5FYA8
Q32KJ9	Q32KK0
Q32KJ9	Q32KI9
Q32KJ9	Q96EG1
Q32KJ9	Q3TYD4
Q32KJ9	Q5FYB1
Q32KJ9	P15589
Q32KJ9	Q9EQ08
Q32KJ9	P22304-3
Q32KJ9	P51688
Q32KJ9	P54793
Q32KJ9	Q32KJ6
Q32KJ9	P51689
Q32KJ9	P22304
Q32KJ9	Q08890
Q32KJ9	P51690
Q32KJ9	Q32KJ8
Q32KJ9	P50428
Q32KJ9	Q32KK2
Q32KJ9	P15289
Q32KJ9	P08842
Q32KJ9	A0A8I5ZZ84
Q32KJ9	P50429
Q32KJ9	Q32KJ4
Q32KJ9	P15848
Q32KJ9	P34059
Q32KJ9	Q571E4
Q32KJ9	P50430
Q32KJ9	Q8BM89
Q32KJ9	Q5FYB0
Q6UQ28	Q6UQ28
Q6UQ28	Q5HZW7
Q6UQ28	Q8VEN2
A8MT33	A8MT33
A8MT33	Q8N0S2
A8MT33	Q9D495
A8MT33	Q5D525
A8MT33	Q5XHZ2
A8MT33	D4AAR3
Q96E22	Q96E22
Q96E22	D3ZFM4
Q96E22	Q99LJ8
P0C7M3	P0C7M3
Q6UW32	Q6UW32
Q6UW32	Q6B9Z0
Q6UW32	Q6UXB1
Q6UW32	Q6UWQ7
Q6UW32	Q6B9Z1
P52873	P52873
P52873	Q13085-4
P52873	E9Q4Z2
P52873	O00763
P52873	Q05920
P52873	Q5SWU9
P52873	P11497
P52873	P11498
P52873	Q13085
P52873	Q13085-2
P52873	P11497-2
P52873	O70151
P52873	Q5SWU9-2
P52873	Q91ZA3
P52873	Q5I0C3
P52873	P05165
P52873	Q96RQ3
P52873	Q99MR8
P52873	P14882
Q8BMW7	Q8BMW7
Q8BMW7	Q9H841
Q8BMW7	Q9H841-1
Q8BMW7	Q91WC7
Q8BMW7	Q8BZF2
Q8BMW7	Q0D2K0
Q8BMW7	Q8BGN5
Q8BMW7	Q6P499
Q8BMW7	Q7RTP0
Q8BMW7	Q8BHK1
Q8BMW7	Q6NVV3
Q8BMW7	Q9JJC8
Q8BMW7	Q8N8Q9
Q8BMW7	Q8C4E9
Q9UHK6-2	Q9UHK6-2
Q9UHK6-2	Q9UHK6
Q9UHK6-2	Q7TNE1
Q9UHK6-2	O09174
Q9UHK6-2	Q9HAC7
Q9UHK6-2	P70473
Q9UHK6-2	Q9HAC7-3
Q9UHK6-2	Q9UHK6-5
Q9UHK6-2	Q68FU4
Q8CCF3	Q8CCF3
O95628-2	O95628-2
O95628-2	Q8BT14-2
O95628-2	O95628-4
O95628-2	Q8BT14
O95628-2	Q498M7
O95628-2	O95628
O95628-2	O95628-6
Q14693-6	Q14693-6
Q14693-6	Q14693-2
Q14693-6	Q9BQK8-2
Q14693-6	Q91ZP3
Q14693-6	Q14693
Q14693-6	Q14693-5
Q14693-6	Q99PI4
Q14693-6	Q14693-7
Q14693-6	Q9BQK8
Q14693-6	Q99PI5
Q14693-6	Q5XIM8
Q14693-6	D3ZYB4
Q14693-6	Q14693-3
Q14693-6	Q92539
Q14693-6	Q5EBA5
Q96ME1-2	Q96ME1-2
Q96ME1-2	E9PYR1
Q96ME1-2	XP_006248969
Q96ME1-2	Q96ME1-4
Q96ME1-2	Q96ME1
Q8C258	Q8C258
J3QM76	J3QM76
J3QM76	H3BU77
Q4V888	Q4V888
Q4V888	Q9CZX7
Q4V888	Q8N4L2
Q4V888	Q86T03
Q4V888	Q86T03-2
Q4V888	Q3TWL2
Q4V888	Q5PPM8
Q5XID1	Q5XID1
Q5XID1	Q8WTY4
Q5XID1	Q6FI81
NP_001162031	NP_001162031
NP_001162031	P35658
NP_001162031	Q80U93
NP_001162031	P35658-3
NP_001162031	P35658-4
NP_001162031	P35658-2
NP_001162031	P35658-5
P36896	P36896
P36896	P36896-4
P36896	P38444
P36896	P38445
P36896	O35607
P36896	P27040
P36896	P70539
P36896	Q13873
P36896	Q61271
P36896	P80202
P36896	P36898
P36896	O00238
P36896	Q16671
P36896	Q8NER5
P36896	P36897
P36896	P36895
P36896	Q8K592
P36896	P36894
P36896	Q13705
P36896	P38438
P36896	P27038
P36896	P27037
P36896	P80203
P36896	P80204
P36896	Q62893
P36896	P36896-3
P36896	F1LQC5
P36896	P37173-2
P36896	Q78EA7
P36896	Q62312
P36896	Q62312-1
P36896	P37173
P36896	Q64729
P36896	Q04771
P36896	Q61288
P36896	P80201
P36896	P37023
P36896	P37172
P36896	Q8K348
P36896	O00238-2
P36896	P36897-2
Q9ET34	Q9ET34
Q9ET34	Q99NB9
Q9ET34	O75533
Q9ET34	F1MX61
Q13561	Q13561
Q13561	Q6AYH5
Q13561	Q99KJ8
Q13561	Q13561-2
Q13561	Q13561-3
Q6NVF4	Q6NVF4
Q6NVF4	XP_001081027
Q6NVF4	Q8NG08
Q8BQ30	Q8BQ30
Q8BQ30	Q4KMQ1-2
Q8BQ30	Q4KMQ1
Q8BQ30	Q5XHX2
Q8BQ30	B1WC08
Q8BQ30	A2AI08
Q8BQ30	Q6NYC8
Q8BQ30	Q08DC3
Q8BQ30	Q6NYC8-2
Q8NEB9	Q8NEB9
Q8NEB9	O88763
Q8NEB9	Q6PF93
Q92845	Q92845
Q92845	ENSRNOP00000003448
Q92845	P70188
Q01113-3	Q01113-3
Q01113-3	Q01114
Q01113-3	Q01113
Q01113-3	Q63216
Q64314-2	Q64314-2
Q64314-2	P28906-2
Q64314-2	Q64314
Q64314-2	P28906
Q64314-2	B1PLB1
Q05702	Q05702
Q05702	Q8TD33
Q05702	Q7M742
Q05702	P0DMR2
Q9QWN7	Q9QWN7
Q9QWN7	Q9NQW8
Q9QWN7	O35788
Q9QWN7	Q16281
Q9QWN7	Q00195
Q9QWN7	Q03041
Q9QWN7	Q28181
Q9QWN7	P29973
Q9QWN7	Q80XL8
Q9QWN7	P29974
Q9QWN7	Q14028
Q9QWN7	Q9JJZ9
Q9QWN7	Q8IV77
Q9QWN7	Q3UW12
Q9QWN7	Q64359
Q9QWN7	Q9JJZ8
Q9QWN7	Q00194
Q9QWN7	Q62927
Q9QWN7	Q62398
Q9QWN7	Q16280
Q6P4E1-2	Q6P4E1-2
Q6P4E1-2	Q6P4E1
Q6P4E1-2	Q6P2L7
Q6P4E1-2	D3ZW58
Q6P4E1-2	Q8NBJ4
Q6P4E1-2	Q91XA2
Q6P4E1-2	D4AEL2
D3ZQG0	D3ZQG0
D3ZQG0	Q5ND52
D3ZQG0	Q9HC36
D4A1A1	D4A1A1
D4A1A1	Q3USW5
D4A1A1	Q8IWF2
NP_001099327	NP_001099327
NP_001099327	Q53H96
NP_001099327	P32322-3
NP_001099327	Q9DCC4
NP_001099327	P32322
NP_001099327	Q922W5
NP_001099327	Q6NXP6
NP_001099327	Q9D3S5
NP_001099327	Q53H96-2
NP_001099327	Q922Q4
NP_001099327	Q6AY23
NP_001099327	P32322-2
NP_001099327	Q5PQJ6
NP_001099327	Q96C36
NP_001099327	Q58D08
Q3MIE7	Q3MIE7
Q3MIE7	Q9P000
Q3MIE7	Q8K2Q0
B5DEG5	B5DEG5
B5DEG5	Q8WVE0
B5DEG5	Q9CY45
D3ZQ26	D3ZQ26
D3ZQ26	Q9QZR0
D3ZQ26	Q96BH1
Q3LI62	Q3LI62
Q5U419	Q5U419
Q5U419	Q99J27
Q5U419	Q6AYY8
Q5U419	Q96ES6
Q5U419	Q4V8E5
Q5U419	O00400
Q5FWF7	Q5FWF7
Q5FWF7	D3ZKN5
Q5FWF7	Q8CAT8
Q8N6I1	Q8N6I1
Q8N6I1	Q9Y6B2
Q8N6I1	Q9DCR4
Q8N6I1	Q6X7S9
Q8N6I1	M0RDN8
Q8N6I1	E9Q2Y0
Q8N6I1	Q96D98
Q8IU54	Q8IU54
Q8IU54	K9M1U5
Q8IU54	Q4VK74
Q8IU54	Q8IZI9
Q8IU54	Q8IZJ0
Q8IU54	Q8CGK6
Q8IU54	XP_001065467
O88480	O88480
O88480	G3X8Q1
O88480	Q9Y6J0
Q9P1A2	Q9P1A2
Q9P1A2	Q8VI02
Q9P1A2	Q8TF05
Q9P1A2	Q8K2V1
P19256-3	P19256-3
P19256-3	P19256
O08540	O08540
O08540	P97580
O08540	P08118
P10155-5	P10155-5
P10155-5	O08848
P10155-5	P10155
P10155-5	D3ZRN5
D4A7H9	D4A7H9
D4A7H9	Q8R1T1
D4A7H9	Q8WUX9
Q9ESC7	Q9ESC7
Q9ESC7	Q96QA6
Q9ESC7	Q65Z95
Q9ESC7	P61237
Q9ESC7	P61236
Q9ESC7	P61236-2
Q9ESC7	O60688
Q9ESC7	Q96NS1
Q9ESC7	Q65Z93
Q9ESC7	Q5XID5
Q9ESC7	P62699
Q9ESC7	P62700
Q9ESC7	NP_001030298
P28073	P28073
P28073	Q9JHW0
P28073	A5LHX3
P28073	Q8BG41
P28073	M0R7C4
P28073	P34067
P28073	Q60692
P28073	P28072
P28073	O35955
P28073	P28070
P28073	P40306
P28073	P28063
P28073	P28074
P28073	P28074-3
P28073	Q4KM35
P28073	P28062
P28073	P28062-2
P28073	P28076
P28073	P28075
P28073	P99026
P28073	O55234
P28073	P28065-2
P28073	P70195
P28073	P28077
P28073	P28064
P28073	P28065
P28073	P28074-2
P28073	Q99436
P35914-2	P35914-2
P35914-2	D4A5C3
P35914-2	Q8TB92
P35914-2	Q8JZS7
P35914-2	P38060
P35914-2	P35914
P35914-2	Q8TB92-2
P35914-2	P97519
O15382-2	O15382-2
O15382-2	P54690
O15382-2	P24288
O15382-2	O35854
O15382-2	P54687
O15382-2	O15382
O15382-2	O35855
O15382-2	P54687-5
E9PSX7	E9PSX7
E9PSX7	Q8BLH7
E9PSX7	Q9BW71
O88941	O88941
O88941	Q13724
O88941	Q80UM7
Q6P556	Q6P556
D4A7Q3	D4A7Q3
D4A7Q3	Q8BTE0
D4A7Q3	Q5VUM1
Q9QY24-2	Q9QY24-2
Q9QY24-2	Q9H171
Q9QY24-2	Q9QY24
Q9QY24-2	Q8VDA5
P60531	P60531
P60531	Q9UJT2
P60531	O54887
Q6ZPR5-3	Q6ZPR5-3
Q6ZPR5-3	Q9NXE4
Q6ZPR5-3	Q6ZPR5
Q6ZPR5-3	NP_001161278
Q6ZPR5-3	Q9NXE4-4
Q6ZPR5-3	Q9NXE4-2
P04639	P04639
P04639	Q00623
P04639	P02647
Q9BT04-3	Q9BT04-3
Q9BT04-3	Q9BT04
Q9BT04-3	Q3UYI6
Q9BT04-3	Q3B756
Q5PPG7	Q5PPG7
Q5PPG7	Q61211
Q5PPG7	P41214
Q8TEB9-2	Q8TEB9-2
Q8TEB9-2	Q8TEB9
Q8TEB9-2	Q8BHC7
Q8TEB9-2	Q4V8F3
D3ZZX1	D3ZZX1
D3ZZX1	Q7TNC9
D3ZZX1	Q14642
Q6QI44	Q6QI44
Q6QI44	Q8BWZ3
Q6QI44	Q14CX7
Q8R4A1	Q8R4A1
Q8R4A1	Q96HE7
Q8R4A1	Q8R180
Q8R4A1	Q86YB8
Q8R4A1	Q8R2E9
Q8R4A1	A0A0G2KAP1
B3EWF7	B3EWF7
Q6ZWQ7	Q6ZWQ7
Q6ZWQ7	P61009
Q6ZWQ7	C0HK79
Q6ZWQ7	Q568Z4
Q6ZWQ7	C0HK80
Q8CAV0	Q8CAV0
Q8CAV0	P58557
Q96HH4	Q96HH4
Q96HH4	Q8BG50
Q9Z271	Q9Z271
NP_001258120	NP_001258120
NP_001258120	Q562F6
NP_001258120	J3QMK1
NP_001258120	Q7TSY8
NP_001258120	Q562F6-2
Q923T0	Q923T0
Q923T0	Q5SU73
Q923T0	P38432
Q08415	Q08415
Q08415	Q4AC99
Q08415	Q3UX83
Q08415	Q8BGT5
Q08415	Q8TD30
Q08415	P25409
Q08415	Q5XI27
Q08415	Q16773
Q08415	P17735
Q08415	Q8QZR1
Q08415	Q8BTY1
Q08415	NP_001012057
Q08415	Q96QU6
Q08415	Q58FK9
Q08415	A2AIG8
Q08415	P04694
Q08415	Q8QZR5
Q08415	P24298
Q08415	Q71RI9
Q08415	Q6YP21
Q9CQT5	Q9CQT5
Q9CQT5	A5HKJ3
Q9CQT5	Q9Y244
Q495Z4	Q495Z4
Q96G25-3	Q96G25-3
Q96G25-3	Q96G25-2
Q96G25-3	Q96G25
Q96G25-3	Q9D7W5
Q9Y265-2	Q9Y265-2
Q9Y265-2	P60122
Q9Y265-2	Q9Y265
Q9Y265-2	P60123
Q9Y265-2	Q9Y230
Q9Y265-2	NP_001020576
Q9Y265-2	Q9WTM5
Q6NTE8-2	Q6NTE8-2
Q6NTE8-2	B2RYM4
Q6NTE8-2	Q6NTE8
Q6NTE8-2	Q9D1F5
O14744-2	O14744-2
O14744-2	O14744
O14744-2	Q8CIG8
O14744-2	D4A0E8
O43312-2	O43312-2
O43312-2	Q8R1S4
O43312-2	O43312
O43312-2	D3ZYM5
O43312-2	O43312-4
O43312-2	O43312-5
O43312-2	Q6ZQB7
O43312-2	XP_226503
O43312-2	Q6P9S0
O43312-2	Q765P7
Q0P897	Q0P897
Q96HR9-2	Q96HR9-2
Q96HR9-2	Q9BRK0
Q96HR9-2	B0BNL5
Q96HR9-2	Q99KK1
Q96HR9-2	Q6NUK4
Q96HR9-2	Q9H902-3
Q96HR9-2	Q8VCD6
Q96HR9-2	Q00765
Q96HR9-2	Q60870
Q96HR9-2	Q8BGH4
Q96HR9-2	B2RZ37
Q96HR9-2	Q4QQW1
Q96HR9-2	Q8K072
Q96HR9-2	Q96HR9
Q96HR9-2	Q9H6H4
Q96HR9-2	Q9JM62
Q96HR9-2	Q9H902-4
Q96HR9-2	Q0VGJ9
Q96HR9-2	Q9BRK0-2
Q96HR9-2	Q5XI60
Q96HR9-2	D4A193
Q96HR9-2	Q9H902
Q96HR9-2	G3X8R0
Q8IY22-2	Q8IY22-2
Q8IY22-2	F1M8D3
Q8IY22-2	Q9D486
Q8IY22-2	Q8IY22
P0DP75	P0DP75
B1WBM3	B1WBM3
B1WBM3	Q9NPI0
B1WBM3	Q9D6G5
Q8CHM3	Q8CHM3
Q8CHM3	Q8IXH6
Q8CHM3	Q8CFU8
Q8CHM3	Q96A56
Q8CHM3	Q9QXE4
Q8CHM3	Q80YE2
Q4G073	Q4G073
Q4G073	O55055
Q4G073	O14717
Q99MF5	Q99MF5
Q99MF5	P20809
Q99MF5	P47873
P0C5J3	P0C5J3
P0C5J3	P0C5J2
P0C5J3	Q9BPU9
P0C5J3	Q3UK10
P0C5J3	Q5SW45
P0C5J3	Q9NXB0
P0C5J3	Q499Q5
P0C5J3	Q9UPM9
P0C5J3	Q9R1S0
Q60829	Q60829
Q60829	Q9ERT9
Q60829	P01099
Q60829	Q6J4I0
Q60829	Q9UD71
Q60829	Q9UD71-2
Q60829	P07516
Q60829	Q8BKK4-3
Q60829	Q13522
Q60829	P19103
Q60829	Q8WVI7
Q60829	Q8BKK4
P32856	P32856
P32856	Q64704-2
P32856	O75558
P32856	Q8R4U1
P32856	Q9D3G5
P32856	P61264
P32856	P61265
P32856	P61266
P32856	O15400
P32856	Q96NA8
P32856	Q64704
P32856	Q08849
P32856	Q13277
P32856	O70257
P32856	O14662-2
P32856	O15400-2
P32856	O70439
P32856	P50279
P32856	NP_001388822
P32856	Q16623
P32856	Q8BVI5
P32856	Q16623-2
P32856	Q00262
P32856	O14662
P32856	Q91YU3
P32856	Q501L3
P32856	Q6PFD7
P32856	O35526
P32856	P32851
P32856	Q69YI7
P32856	G3V7P1
P32856	Q9ER00
P32856	Q8N4C7
P32856	O14662-5
P32856	P70452
P32856	Q08850
P32856	Q86Y82
P32856	Q8R1Q0
P32856	A0A0G2K516
P32856	Q12846
P32856	Q8NCY6
P32856	Q86VE0
P04040	P04040
P04040	P24270
P04040	O62839
P04040	P04762
P16872	P16872
P16872	P16871-2
P16872	P16871
P16872	XP_345573
P16872	Q08351
P16872	P40238
Q3TJM4	Q3TJM4
Q3TJM4	Q96BT3-2
Q3TJM4	F1NPG5
Q3TJM4	Q561R1
Q3TJM4	Q96BT3
Q9P2I0	Q9P2I0
Q9P2I0	D3Z9E6
Q9P2I0	O35218
P69713	P69713
A0AVF1-2	A0AVF1-2
A0AVF1-2	A0AVF1
A0AVF1-2	A0AVF1-3
A0AVF1-2	Q5U2N8
A0AVF1-2	Q8BS45
Q9Z0T0	Q9Z0T0
Q9Z0T0	O55060
Q9Z0T0	P51580
Q9Z0T0	Q6I929
Q9DA47	Q9DA47
Q9DA47	Q8WW34
O94763-2	O94763-2
O94763-2	D4A234
O94763-2	O94763-4
O94763-2	Q3TLD5
O94763-2	O94763
Q9H5N1-2	Q9H5N1-2
Q9H5N1-2	Q62835
Q9H5N1-2	Q91WG2
Q9H5N1-2	Q9H5N1
Q920A6	Q920A6
Q920A6	Q9HB40
Q920A6	Q920A5
Q5FVJ6	Q5FVJ6
Q5FVJ6	Q9Z2E9
Q5FVJ6	Q96G97
Q5FVJ6	Q96G97-4
Q96ER9-2	Q96ER9-2
Q96ER9-2	Q5PPN7
Q96ER9-2	Q3URS9
Q96ER9-2	Q96ER9
Q6BBI8	Q6BBI8
Q6BBI8	Q9Y3C8
Q6BBI8	Q9CR09
Q9NPG3-2	Q9NPG3-2
Q9NPG3-2	NP_001128025
Q9NPG3-2	Q80WC1
Q9NPG3-2	Q6ZU65
Q9NPG3-2	NP_001100447
Q9NPG3-2	Q4G0F8
Q9NPG3-2	Q9NPG3
Q9CQD0	Q9CQD0
Q9CQD0	Q3ZB89
Q9CQD0	P62893
Q9CQD0	P62892
Q9CQD0	P62891
Q9CQD0	Q59GN2
Q9CQD0	Q96EH5
Q63707	Q63707
Q63707	O35435
Q63707	Q02127
Q63ZV7	Q63ZV7
Q63ZV7	Q1ZZU3
Q63ZV7	Q8K3D3
Q63ZV7	Q8K3D3-2
Q9P2N6-2	Q9P2N6-2
Q9P2N6-2	A2RSY1-2
Q9P2N6-2	Q9P2N6-3
Q9P2N6-2	Q3KR73
Q9P2N6-2	A2RSY1
Q9P2N6-2	Q9P2N6
F1M8H2	F1M8H2
F1M8H2	Q9CYK1
F1M8H2	Q9UGM6
B1H283	B1H283
B1H283	Q3ZCV2-2
B1H283	A2AVQ5
B1H283	Q3ZCV2
P60572	P60572
P60572	Q96QZ0
P60572	Q8CEG0
P60572	P60571
P60572	Q9JIP4
P60572	Q96RD7
P60572	P60570
P60572	Q6IMP4
P60572	Q96RD6
B0BN13	B0BN13
B0BN13	Q2T9L4
B0BN13	Q8CD60
B0BN13	Q569H4
B0BN13	A3KMN5
B0BN13	D4A107
Q5KR61	Q5KR61
Q5KR61	Q9NUD9
Q5KR61	Q7TPN3
Q7TQM5	Q7TQM5
Q7TQM5	B2RUR4
Q7TQM5	Q5T750
Q7TQM5	G5E8Z3
Q7TQM5	Q5T749
B1Q005	B1Q005
B1Q005	P0C7A3
B1Q005	Q96T53
Q5BK48	Q5BK48
Q5BK48	Q99LG4
Q5BK48	Q8N0Z6
P63249	P63249
P63249	P63248
P63249	Q9Y2B9
P63249	P61925
P63249	P61926
P63249	Q9C010-2
P63249	Q9C010
P63249	Q04758
P63249	P27775
P63249	Q6YH22
P63249	O70139
D4A196	D4A196
D4A196	Q8BHT7
D4A196	Q92546
Q5BK79	Q5BK79
Q5BK79	Q96AB6
Q5BK79	Q64311
D3ZSU7	D3ZSU7
D3ZSU7	Q9BRT3
D3ZSU7	Q9CQ86
Q86X83-2	Q86X83-2
Q86X83-2	Q86X83
Q86X83-2	D3ZLN7
Q86X83-2	Q8BXC6
Q9QYU2	Q9QYU2
Q9QYU2	P43897
Q9QYU2	Q9CZR8
NP_001124478	NP_001124478
NP_001124478	Q9Y6A9
NP_001124478	Q9D958
Q6AYI8	Q6AYI8
Q6AYI8	G3V9N9
Q6AYI8	Q9UKM7
Q6AYI8	A2AJ15
Q6AYI8	Q9BZQ6
Q6AYI8	Q92611
Q6AYI8	Q925U4
Q6AYI8	Q6NXK9
Q6AYI8	Q2HXL6
Q6AYI8	Q9NR34
Q6AYI8	B2GUY0
Q6AYI8	D3Z979
Q6AYI8	NP_001178600
Q6AYI8	P45700
Q6AYI8	P33908
Q6AYI8	O60476
Q6AYI8	Q8BJT9
Q6AYI8	P39098
Q6AYI8	Q9BV94
Q6AYI8	NP_001099922
D4ACM2	D4ACM2
D4ACM2	Q13257
D4ACM2	Q9Z1B5
Q05310	Q05310
Q05310	Q9UNZ5
Q05310	Q8R1F0
Q08834	Q08834
Q08834	Q3V5L5
Q08834	Q8R4G6
Q08834	Q09328
Q08834	B5DEZ3
Q08834	Q8BIS8
Q08834	Q96EE4
Q08834	Q765H6
P25325	P25325
P25325	Q9D0B5
P25325	P52196
P25325	Q99J99
P25325	P24329
P25325	P00586
P25325	P97532
P25325	H0UI37
P25325	Q8NFU3-4
P25325	P25325-2
P25325	J3KPV7
P25325	Q16762
P25325	Q3SWT2
P25325	Q8NFU3
Q8R507	Q8R507
Q8R507	Q9H9S5
Q8R507	O75072
Q8R507	Q8CG64
P56282	P56282
P56282	D4ABZ5
P56282	O54956
O75792	O75792
O75792	Q5U209
O75792	Q9CWY8
P02533	P02533
P02533	Q14533
P02533	Q6NXH9
P02533	Q8VCW2
P02533	Q9R0H5
P02533	Q497I4
P02533	P16884
P02533	Q99PS0
P02533	P21263
P02533	O76009
P02533	Q14525
P02533	Q8N9S8
P02533	Q6IFV3
P02533	Q86Y46
P02533	Q7Z3Z0
P02533	Q92764
P02533	D3Z2U5
P02533	Q8K0Y2
P02533	Q61897
P02533	A0A0G2JVP1
P02533	Q61414
P02533	P07744
P02533	Q7RTS7
P02533	P14732
P02533	Q6IFW0
P02533	D3ZER2
P02533	XP_216850
P02533	Q922U2
P02533	P19012
P02533	A6BLY7
P02533	Q99456
P02533	Q6IFZ9
P02533	Q8BXL9
P02533	Q8R2V2
P02533	Q6P6Q2
P02533	Q6IMF1
P02533	Q6IFV4
P02533	F1MYG5
P02533	P13647
P02533	Q9Z2K1
P02533	Q7Z3Y7
P02533	P19001
P02533	P47819
P02533	Q64291
P02533	Q5TF58
P02533	A7YY47
P02533	E9Q1Y9
P02533	O15061
P02533	P12035
P02533	P08779
P02533	Q3SY84
P02533	P19013
P02533	P08727
P02533	P48678-3
P02533	Q6IFX2
P02533	P78386
P02533	NP_001263282
P02533	NP_001128175
P02533	P97633
P02533	Q8BK63-2
P02533	P48729-3
P02533	Q62168
P02533	P35900
P02533	P23565
P02533	Q0VET5
P02533	Q6PCN3
P02533	P13646-3
P02533	Q6IFU7
P02533	Q9Z2T6
P02533	Q6IMF0
P02533	P48729
P02533	Q8BK63
P02533	P78368
P02533	P21807
P02533	O43790
P02533	P02545-2
P02533	Q6IG09
P02533	Q6IFU8
P02533	Q8BTH8
P02533	P15331
P02533	P97861
P02533	XP_002727023
P02533	Q6IG01
P02533	Q28115
P02533	Q6IFX1
P02533	A6NCN2
P02533	Q9HCP0
P02533	Q9NSB2
P02533	P12036
P02533	P41219
P02533	E9Q1Z0
P02533	Q6IG00
P02533	Q06486
P02533	Q9DC28
P02533	P48730
P02533	Q80X41
P02533	Q9QWL7
P02533	Q9Y6M4-3
P02533	P04259
P02533	Q4FZU2
P02533	Q8N9Z9
P02533	Q6IG11
P02533	NP_001193520
P02533	Q62762
P02533	Q8BVP5
P02533	Q99986
P02533	Q5BJY9
P02533	P14136
P02533	Q14532
P02533	Q9D4C1
P02533	Q28177
P02533	Q6IQ55
P02533	P14136-2
P02533	Q6IG10
P02533	Q6IFX0
P02533	Q8CIS9
P02533	Q8BN21
P02533	Q9JJ76
P02533	Q9JMK2
P02533	P48668
P02533	Q0VBK2
P02533	P70615
P02533	P05784
P02533	Q63279
P02533	Q6IFV6
P02533	A7M746
P02533	Q6IFW8
P02533	Q0D2I5-4
P02533	Q0D2I5-5
P02533	Q6IFW3
P02533	Q6IFV9
P02533	Q86Y07
P02533	Q9DCV7
P02533	Q6IG12
P02533	Q6KB66
P02533	P08670
P02533	P20700
P02533	P05783
P02533	P05787
P02533	P14733
P02533	A1L317
P02533	Q8IV63-2
P02533	Q6AYA2
P02533	P08729
P02533	P13646
P02533	Q6IFZ5
P02533	Q6A162
P02533	P02542
P02533	Q10758
P02533	Q8IXW0
P02533	Q9C075
P02533	P02535
P02533	Q810D0
P02533	P13645
P02533	Q6NVD9
P02533	Q01546
P02533	Q86Y07-2
P02533	P17661
P02533	Q5XFN2
P02533	P12036-2
P02533	Q70IV5
P02533	Q99M73
P02533	Q61781
P02533	P08730
P02533	Q13515
P02533	Q8N7Q0
P02533	Q14CN4-2
P02533	O77788
P02533	Q9D312
P02533	Q2M2I5
P02533	O43683
P02533	P49674
P02533	P35527
P02533	O95678
P02533	D3ZN60
P02533	Q14CN4-3
P02533	XP_003750458
P02533	O08901
P02533	P12839
P02533	P02538
P02533	Q8BGZ7
P02533	Q61765
P02533	P08553
P02533	Q9NSB4
P02533	Q6IG02
P02533	Q6IFZ6
P02533	P02548
P02533	P07196
P02533	P21263-2
P02533	Q9ERE2
P02533	Q6IG05
P02533	Q15323
P02533	Q8VED5
P02533	B1AQ75
P02533	P11679
P02533	Q3TTY5
P02533	Q7Z794
P02533	O76014
P02533	P02547
P02533	P48616
P02533	Q6P5H2
P02533	P03995
P02533	P48729-2
P02533	P78385
P02533	P05787-2
P02533	P13646-2
P02533	G1SWS9
P02533	P46660
P02533	P35908
P02533	P19246
P02533	P19527
P02533	Q8IWY7
P02533	P02544
P02533	P48681
P02533	Q6KB66-2
P02533	Q6IFV1
P02533	D4A5D3
P02533	O76013
P02533	P08551
P02533	Q8IV63
P02533	P48675
P02533	P31001
P02533	EDM11994
P02533	Q8C4X2
P02533	Q9Y6M4-4
P02533	P16053
P02533	Q6IFX3
P02533	P02545-3
P02533	O76015
P02533	Q99M74
P02533	Q8N752
P02533	P20152
P02533	P31000
P02533	Q5XKE5
P02533	Q14CN4
P02533	O76011
P02533	Q9Z331
P02533	Q6IFW6
P02533	Q86Y07-3
P02533	Q6IFW2
P02533	F1RR02
P02533	P04104
P02533	Q9Z320
P02533	Q6IFT3
P02533	Q62763
P02533	Q6IG03
P02533	Q6IME9
P02533	Q9D646
P02533	O15061-2
P02533	Q6IFW5
P02533	Q9Y6M4-2
P02533	Q6IFX4
P02533	P04264
P02533	Q7Z3Y8
P02533	Q8N1N4
P02533	Q9Y6M4
P02533	Q7Z3Y9
P02533	Q8N1A0
P02533	Q6IG04
P02533	P25030
P02533	O15061-3
P02533	Q6A163
P02533	P50446
P02533	Q5TCY1
P02533	Q04695
P02533	Q3TRJ4
P02533	Q8CCX5
P02533	AAA39809
P02533	P21619
P02533	Q6RHW0
P02533	P48679
P02533	Q3UVR3
P02533	Q16352
P02533	Q9DC28-2
P02533	P48730-2
P02533	Q6IFZ8
P02533	Q6IMF3
P02533	Q9HCP0-2
P02533	Q6IFU9
P02533	P41219-2
P02533	P15331-3
P02533	Q03252
P02533	P48678
P02533	Q8K3G5
P02533	P07197
P02533	Q3UV17
P02533	Q0D2I5
P02533	Q66HC2
P02533	P02545
P02533	Q62761
P02533	D3ZAU7
Q9DAK9	Q9DAK9
Q9DAK9	D3ZP47
Q9DAK9	Q9NRX4-2
Q9DAK9	Q9NRX4
P18859	P18859
P18859	P21571
P18859	P18859-2
P18859	P02721
P18859	P97450
Q96AB3	Q96AB3
Q96AB3	Q5U3Z3
Q96AB3	M0RAK2
Q96AB3	Q96AB3-2
Q96AB3	Q9DCC7
Q96AB3	Q91V64
Q96AB3	Q96CN7
Q96AB3	Q6I7R3
Q96AB3	P85094
Q9CR22	Q9CR22
Q9CR22	Q69YG0
Q499Q8	Q499Q8
Q499Q8	Q8VIJ8
Q499Q8	Q12980
Q9CYZ8-2	Q9CYZ8-2
Q9CYZ8-2	Q99LZ8
Q9CYZ8-2	Q9BWG4
Q9CYZ8-2	F1M3J3
Q9CYZ8-2	P81877-3
Q9CYZ8-2	Q9BWW4
Q9CYZ8-2	Q9D032
Q9CYZ8-2	Q9BWW4-2
Q9CYZ8-2	Q9R050
Q9CYZ8-2	P81877
Q9CYZ8-2	Q9CYZ8
Q9CYZ8-2	Q6AY89
Q9CYZ8-2	P81877-5
Q6NZ63	Q6NZ63
Q6NZ63	Q6NZ63-2
Q6NZ63	Q9CWR7
Q6NZ63	Q8CI59
Q6NZ63	Q658P3
Q6NZ63	Q8CI59-2
Q6NZ63	Q9UHE8
Q6NZ63	Q687X5
Q6NZ63	Q923B6
Q6NZ63	Q5RKL5
Q6NZ63	Q658P3-2
Q6NZ63	D3ZEK7
Q6NZ63	Q8BWB6
Q6NZ63	Q8NFT2
Q6NZ63	Q4V8K1
Q6NZ63	D4A6H3
A0A075B6S0	A0A075B6S0
D4A2D7	D4A2D7
D4A2D7	Q8TEX9
D4A2D7	Q8TEX9-2
D4A2D7	Q8VI75
Q8K341-2	Q8K341-2
Q8K341-2	Q6MG11
Q8K341-2	Q8K341
Q8K341-2	Q5SQI0
Q96HA1-2	Q96HA1-2
Q96HA1-2	P97708
Q96HA1-2	Q3SYA9
Q96HA1-2	Q5SW25
Q96HA1-2	NP_001156402
Q96HA1-2	A6NNC1
Q96HA1-2	A6NL46
Q96HA1-2	A8MUI8
Q96HA1-2	Q9NZP6
Q96HA1-2	Q96HA1
Q96HA1-2	A8MV72
Q96HA1-2	Q8K3Z9
Q96HA1-2	A8MX80
Q96HA1-2	A8CG34
Q96HA1-2	NP_001157638
Q96HA1-2	Q8N9G6
Q96HA1-2	Q6PJE2
Q96HA1-2	P21754
Q96HA1-2	Q8N7R1
Q96HA1-2	P10761
Q96HA1-2	A6NF01
Q96HA1-2	P52591
Q96HA1-2	Q96KW2
Q5SWX8-2	Q5SWX8-2
Q5SWX8-2	Q4PJX1
Q5SWX8-2	Q5SWX8
Q5SWX8-2	XP_038947275
Q6R327-4	Q6R327-4
Q6R327-4	Q6QI06
Q6R327-4	Q6R327
Q6R327-4	Q6R327-3
Q6R327-4	XP_001055633
Q9CV60	Q9CV60
Q9CV60	P0DMT0
Q6AXQ9	Q6AXQ9
Q6AXQ9	Q9DB07
Q6AXQ9	Q9NQC8
Q6AXQ9	Q9NQC8-2
Q5PQS3	Q5PQS3
Q5PQS3	A1A535
Q5PQS3	Q14D04
P52296	P52296
P52296	Q14974
P52296	P70168
Q6P2C0	Q6P2C0
Q6P2C0	D3ZYU1
Q6P2C0	Q402B2
Q9BS91	Q9BS91
Q9BS91	Q921R7
Q9BS91	D4A7S3
Q9GZT6	Q9GZT6
Q9GZT6	D3ZEJ2
Q9GZT6	Q96AQ8
Q9GZT6	Q9CXD6
Q9GZT6	Q8C3X2
Q9GZT6	Q4V897
Q6ZRF8	Q6ZRF8
Q6ZRF8	Q3V3A7
Q8R060	Q8R060
Q8R060	XP_008764606
Q8R060	Q9H900
P26436	P26436
P26436	B3GLJ2
P26436	B3GLJ6
P26436	Q3UN54
P26436	P50289
P26436	Q9QXN2
P26436	Q8WXA2
P70380	P70380
P70380	Q14116
P70380	P97636
Q5VUB5	Q5VUB5
Q5VUB5	A8MVW0
Q5VUB5	Q14CH0
Q5VUB5	Q6P995
Q5VUB5	D3ZT47
Q5VUB5	A2ATK9
Q5VUB5	A2A699
Q5VUB5	D3ZTG3
Q5VUB5	XP_001056358
Q8BPM6	Q8BPM6
Q8BPM6	Q7Z5B4
D3ZKY0	D3ZKY0
D3ZKY0	Q96P71
D3ZKY0	Q9D6J4
D3ZKY0	Q91ZP9
D3ZKY0	Q7Z6G3
D3ZKY0	Q8N987
D3ZKY0	Q8BG18
D3ZKY0	Q9ESB5
D3ZKY0	F1LQY6
D4AAS1	D4AAS1
D4AAS1	Q6NV75
D4AAS1	Q8K0Z9
D4AAS1	Q3UN16
D4AAS1	Q16538
Q86WI0	Q86WI0
Q86WI0	Q9Y693
Q86WI0	Q6ZUX7
Q86WI0	Q5BJS2
Q86WI0	Q8BM86
Q86WI0	Q80WE5
Q86WI0	Q6ICI0
Q86WI0	Q3UUA0
Q86WI0	Q8BGA2
Q86WI0	Q80SV1
Q8C9S8	Q8C9S8
Q8C9S8	NP_001101418
Q8C9S8	Q8BGV9
Q8C9S8	Q96DT6
Q8C9S8	Q811C2
Q8C9S8	Q86TL0
Q8C9S8	Q9Y4P1-2
Q8C9S8	B1H274
Q8C9S8	Q9Y4P1
Q8C9S8	A0A0G2QC33
Q8C9S8	Q8WYN0
Q8C9S8	Q8BGE6
Q6MG53	Q6MG53
Q6MG53	Q8NDX9
Q6MG53	Q8K1T4
Q5SRD1	Q5SRD1
Q5SRD1	O14925
Q5SRD1	Q9WTQ8
Q5SRD1	O35093
Q9NSQ0	Q9NSQ0
Q9NSQ0	Q9D1C9
Q9NSQ0	D4AE65
Q9NSQ0	Q9Y3A4
Q9WVB6	Q9WVB6
Q9WVB6	Q9WVB7
Q9WVB6	Q9Y5L5
Q9Y442	Q9Y442
Q9CZ64	Q9CZ64
Q8K071	Q8K071
Q8K071	A6NGB7
Q6PAI5	Q6PAI5
Q9JL10	Q9JL10
Q9JL10	Q9UHV2
Q96CG8	Q96CG8
Q96CG8	Q8CG08
Q96CG8	Q9D1D6
Q9JHJ3	Q9JHJ3
Q9JHJ3	Q68FV6
Q9JHJ3	Q8WWB7
Q5BVD1	Q5BVD1
Q5BVD1	Q8C5C9
Q5BVD1	Q5BVD1-3
Q9BYQ0	Q9BYQ0
Q9BYQ0	Q9BYR8
Q9BYQ0	Q3SY46
Q9BYQ0	M0RDB3
Q9BYQ0	P60014
Q9BYQ0	XP_001474452
Q9BYQ0	A2A591
Q9BYQ0	P60371
Q9BYQ0	Q08EG8
Q9BYQ0	Q3LI77
Q9BYQ0	Q8IUC1
Q9BYQ0	Q9BYP9
Q9BYQ0	P60370
Q9BYQ0	P60412
Q9BYQ0	P60331
Q9BYQ0	A8MUX0
Q9BYQ0	Q8IUC0
Q9BYQ0	Q8K198
Q9BYQ0	Q9BYQ3
Q9BYQ0	P60368
Q9BYQ0	A1A580
Q9BYQ0	Q64526
Q9BYQ0	P60372
Q9BYQ0	Q9BYQ4
Q9BYQ0	P60410
Q9BYQ0	Q9BYR9
Q9BYQ0	P0C7H8
Q9BYQ0	Q9BYU5
Q9BYQ0	Q9BYR3
Q9BYQ0	Q52LG2
Q9BYQ0	Q3LI83
Q9BYQ0	O88375
Q9BYQ0	G3X9A2
Q9BYQ0	Q8IUG1
Q9BYQ0	P60413
Q9BYQ0	A8MTY7
Q9BYQ0	Q9BYR6
Q9BYQ0	P0C5Y4
Q9BYQ0	Q6PEX3
Q9BYQ0	Q9D638
Q9BYQ0	P60329
Q9BYQ0	Q9BYP8
Q9BYQ0	Q9D7N2
Q9BYQ0	A2A5X6
Q9BYQ0	Q9D746
Q9BYQ0	Q9BYT5
Q9BYQ0	Q9BYS1
Q9BYQ0	A8MVA2
Q9BYQ0	Q9BQ66
Q9BYQ0	P59990
Q9BYQ0	Q9BYR5
Q9BYQ0	Q3V2D6
Q9BYQ0	A8MXZ3
Q9BYQ0	Q9BYR7
Q9BYQ0	B1AQB1
Q9BYQ0	A2A588
Q9BYQ0	P60369
Q9BYQ0	Q9BYR0
Q9BYQ0	Q3V4B7
Q9BYQ0	A8MX34
Q9BYQ0	Q9BYQ6
Q9BYQ0	Q9D3H7
Q9BYQ0	A2A5X4
Q9BYQ0	P60411
Q9BYQ0	Q07627
Q9BYQ0	G5E9R7
Q9BYQ0	Q9BYQ8
Q9BYQ0	P59991
Q9BYQ0	Q9Z287
Q9BYQ0	Q3LI81
Q9BYQ0	F1LNL4
Q9BYQ0	O08640
Q9BYQ0	Q9BYR2
Q9BYQ0	Q9BYQ7
Q9BYQ0	Q9BYQ7_VAR_A134T
Q9BYQ0	Q9QZU5
Q9BYQ0	Q9BYQ9
Q9BYQ0	P60328
Q9BYQ0	Q9D6S9
Q9BYQ0	P60409
Q9BYQ0	Q3LI76
Q9BYQ0	B1AQ85
Q9BYQ0	Q9BYR4
Q9BYQ0	Q9BYQ5
Q9BYQ0	Q9BYQ2
Q9BYQ0	A2A5X5
D3ZQ30	D3ZQ30
D3ZQ30	Q9Y4R8
D3ZQ30	Q9DC40
NP_001099188	NP_001099188
NP_001099188	Q9EQH3
NP_001099188	Q96QK1
Q96RS6-2	Q96RS6-2
Q96RS6-2	Q6PIP5
Q96RS6-2	B5DFD1
Q96RS6-2	Q96RS6
Q5M9I6	Q5M9I6
Q5M9I6	Q99LX5
Q5M9I6	Q9BU76
XP_003085371	XP_003085371
D3ZPY8	D3ZPY8
D3ZPY8	G3X9Y6
D3ZPY8	Q6AYQ2
D3ZPY8	Q5RJP0
D3ZPY8	P17516
D3ZPY8	P31210
D3ZPY8	C9JRZ8
D3ZPY8	G5E895
D3ZPY8	Q8VCX1
D3ZPY8	Q96JD6
D3ZPY8	Q9DCT1
D3ZPY8	Q6AY99
D3ZPY8	Q5T2L2
D3ZPY8	D3ZEL2
D3ZPY8	Q5U1Y4
D3ZPY8	Q8K023
D3ZPY8	P42330
D3ZPY8	Q2MHD9
D3ZPY8	Q3UXL1
D3ZPY8	P70694
D3ZPY8	D3ZF77
D3ZPY8	Q04828
D3ZPY8	P52895
D3ZPY8	Q91WR5
D3ZPY8	Q91WT7
D3ZPY8	P07943
D3ZPY8	P23457
D3ZPY8	Q9JII6
D3ZPY8	Q9CZU0
D3ZPY8	P14550
D3ZPY8	Q8VC77
D3ZPY8	Q91X42
D3ZPY8	Q8VC28
D3ZPY8	Q91W30
D3ZPY8	P51635
D3ZPY8	P52895-2
D3ZPY8	P45377
D3ZPY8	P51652
D3ZPY8	O60218
D3ZPY8	P45376
D3ZPY8	P15121
D3ZPY8	P51857
D3ZPY8	D3Z494
D3ZPY8	P21300
G3UWA7	G3UWA7
D3Z9B0	D3Z9B0
D3Z9B0	A6NK44
D3Z9B0	Q9D8I3
P81799	P81799
P81799	Q9UJ70
P81799	Q9QZ08
P81799	Q9UJ70-2
XP_003084868	XP_003084868
Q9CU24	Q9CU24
Q63396	Q63396
Q63396	P11031
Q63396	P53999
Q66H71	Q66H71
Q66H71	Q8BFS6
Q66H71	Q9BRF8
Q9XSU4	Q9XSU4
Q9XSU4	P62282
Q9XSU4	P62281
Q9XSU4	P62280
H3BRN8	H3BRN8
H3BRN8	V9GXK1
H3BRN8	M0RBQ6
Q6F596	Q6F596
Q6F596	Q9WTN0
Q6F596	O95749
Q63798	Q63798
Q63798	P61290
Q63798	P61289
Q63798	Q5FVM2
Q63798	Q9UL46
Q63798	P97372
Q63798	Q06323-2
Q63798	P61289-2
Q63798	P97371
Q63798	Q06323
Q63798	Q63797
Q566R0	Q566R0
Q566R0	Q5T1C6
Q566R0	Q3UUI3
Q566R0	Q8N1Q8
Q566R0	Q9CQJ0
D3ZIW9	D3ZIW9
D3ZIW9	Q3UHV4
D3ZIW9	A6NMA1
D4ADI8	D4ADI8
D4ADI8	P46013-2
D4ADI8	Q69YH5
D4ADI8	NP_001258295
D4ADI8	XP_006230515
D4ADI8	P46013
D4ADI8	Q14B71
D4ADI8	XP_345842
D4ADI8	E9PVX6
D4ADI8	Q69YH5-2
Q9R1T5	Q9R1T5
Q9R1T5	Q96HD9
Q9R1T5	P45381
Q9R1T5	Q91XE4
Q9R1T5	Q8R3P0
Q9R1T5	Q5M876
A2VCW9	A2VCW9
A2VCW9	Q9UDR5
A2VCW9	Q99K67
Q8IVJ8-3	Q8IVJ8-3
Q8IVJ8-3	Q8IVJ8
Q64640	Q64640
Q64640	P55264
Q64640	P55263
Q70CQ2-2	Q70CQ2-2
Q70CQ2-2	Q6ZQ93
Q70CQ2-2	NP_001258125
Q70CQ2-2	Q70CQ2
Q9HBR0-3	Q9HBR0-3
Q9HBR0-3	Q5I012
Q9HBR0-3	Q9HBR0
Q9HBR0-3	E9PT23
Q9HBR0-3	Q5I012-3
Q9HBR0-3	E1BF27
Q8WYA0-4	Q8WYA0-4
Q8WYA0-4	P83829
Q8WYA0-4	O35594
Q8WYA0-4	Q8WYA0
Q6AYM5	Q6AYM5
Q6AYM5	Q8IYX1
Q6AYM5	Q9D9D3
Q9BXJ9-4	Q9BXJ9-4
Q9BXJ9-4	XP_003751565
Q9BXJ9-4	Q80UM3
Q9BXJ9-4	Q9BXJ9
Q9BXJ9-4	D3ZD89
Q9BXJ9-4	Q6N069
Q9BXJ9-4	Q9DBB4
Q63507	Q63507
Q63507	Q6TUH8
Q63507	Q3T0U2
Q63507	Q9CR57
Q63507	P50914
Q9Y4W2-2	Q9Y4W2-2
Q9Y4W2-2	Q9Y4W2
Q9Y4W2-2	A2BE28
Q9Y4W2-2	F7FJR8
Q5I0L7	Q5I0L7
Q5I0L7	Q9D1R2
Q5I0L7	Q96EK9
B2GV22	B2GV22
B2GV22	Q5PQL5
B2GV22	Q99LH2
B2GV22	P48651
B2GV22	Q9BVG9
B2GV22	Q9Z1X2
Q5GFD9	Q5GFD9
Q5GFD9	O55091
Q5GFD9	Q9P2X3
Q66H59	Q66H59
Q66H59	Q9BXD5
Q66H59	Q9DCJ9
D3ZAA0	D3ZAA0
D3ZAA0	O60831
D3ZAA0	Q9JIG8
D3ZAA0	Q9ES40
D3ZAA0	Q8R5J9
D3ZAA0	O75915
L0R6Q1	L0R6Q1
Q04807	Q04807
Q04807	P81447
Q04807	Q02596
Q8N7H5-2	Q8N7H5-2
Q8N7H5-2	Q4V886
Q8N7H5-2	Q8K2T8
Q8N7H5-2	Q8N7H5
E1BDS6	E1BDS6
E1BDS6	Q12888-3
E1BDS6	F1M842
E1BDS6	Q12888
E1BDS6	P70399_VAR_A427T
E1BDS6	P70399
E1BDS6	Q12888-2
A0A1B0GUC4	A0A1B0GUC4
A0A1B0GUC4	Q3UWS6
Q49AR2-3	Q49AR2-3
Q49AR2-3	Q8BGC1
Q49AR2-3	Q49AR2
Q9ULI2-2	Q9ULI2-2
Q9ULI2-2	Q8IXN7
Q9ULI2-2	Q9ULI2
Q9ULI2-2	Q6PFX8
Q9ULI2-2	Q80WS1
Q9ULI2-2	D4ADZ3
Q68FQ8	Q68FQ8
Q68FQ8	Q9Y238
Q68FQ8	E9Q8C0
M0RAU5	M0RAU5
M0RAU5	Q3KNY5
M0RAU5	Q7Z7H3
M0RAU5	B9EKE5
M0RAU5	A6NNX1
Q99538-3	Q99538-3
Q99538-3	Q9R0J8
Q99538-3	O89017
Q99538-3	Q5XIP2
Q99538-3	Q99538
Q99538-3	Q92643
Q99538-3	Q9CXY9
P0C152	P0C152
P0C152	Q5HYA8
P0C152	Q8BR76
Q811U3	Q811U3
Q811U3	Q8IUD2
Q811U3	Q8K3M6
Q811U3	Q6PH08
Q811U3	O15083
Q811U3	Q8IUD2-2
Q811U3	Q8IUD2-4
Q811U3	Q99MI1
Q811U3	Q99MI1-2
Q9ULI1	Q9ULI1
Q9ULI1	XP_001078520
Q9ULI1	Q6P5U7
Q9D3U0	Q9D3U0
Q9D3U0	NP_001388093
Q9D3U0	Q3MIT2
Q9H5V9	Q9H5V9
Q9H5V9	Q8VDP2
Q9H5V9	D4A067
Q9CQH0	Q9CQH0
Q9CQH0	O75264
Q9CQH0	Q0VG18
Q9CQH0	Q13113
Q9CQH0	Q923S2
P81605	P81605
P81605	Q71DI1
Q6UWD8	Q6UWD8
Q6UWD8	Q5BK39
Q6UWD8	Q8C708
Q14353	Q14353
Q14353	P10868
Q14353	O35969
Q9Y586	Q9Y586
Q9Y586	Q8BPP1
Q9Y586	O70299
Q9Y586	Q13394
Q99MN1	Q99MN1
Q99MN1	Q8R2P8
Q99MN1	Q5XIM7
Q99MN1	Q15046-2
Q99MN1	Q15046
Q5SW28	Q5SW28
Q5SW28	Q8WYR1
Q5SW28	D4A4I3
Q96PC5	Q96PC5
Q96PC5	Q96PC5-7
Q96PC5	Q16674
Q96PC5	NP_001358276
Q96PC5	Q96PC5-9
Q96PC5	Q96PC5-10
Q96PC5	Q96PC5-2
Q96PC5	A4FU28
Q96PC5	Q5JRA6
Q96PC5	Q86UF2
Q96PC5	A4D2H0
Q96PC5	Q9JIE3
Q96PC5	XP_038947420
Q96PC5	Q8BI84
Q96PC5	Q96RT6
Q96PC5	Q62946
Q96PC5	Q9NRC9
Q96PC5	NP_001358270
Q96PC5	Q61865
Q96PC5	Q91ZV0
Q96PC5	Q8IX94
Q96PC5	P0CG41
Q96PC5	Q96PC5-8
Q96PC5	Q91ZV0-3
Q7Z7A3	Q7Z7A3
Q7Z7A3	Q99J10
Q7Z7A3	B1WBV0
F5H4B4	F5H4B4
F5H4B4	Q96M60
F5H4B4	Q6AXP3
F5H4B4	Q9D518
F5H4B4	Q9D3V8
Q5SQP1	Q5SQP1
Q5SQP1	D3ZWE7
Q5SQP1	Q8N7B1
Q5SQP1	Q9D5T7
Q5SQP1	Q86X24
A0JP43	A0JP43
A0JP43	A4FU69
Q9QXN5	Q9QXN5
Q9QXN5	Q9QXN4
Q9QXN5	Q9UGB7
Q8CHN6	Q8CHN6
Q8CHN6	O95470
Q8CHN6	Q8R0X7
Q5T681	Q5T681
Q5T681	Q80Y39
Q5T681	Q6AYN3
O43914-2	O43914-2
O43914-2	Q6X9T7
O43914-2	O54885
O43914-2	O43914
Q03288	Q03288
Q03288	P42127
Q03288	P56473
Q03288	O00253
Q03288	Q99JA2
Q499N5	Q499N5
Q499N5	Q8VCW8
Q499N5	Q96CM8
Q499N5	Q96CM8-2
Q9UJX0	Q9UJX0
Q9UJX0	Q3TEE9
Q9UJX0	Q8VC10
Q9UJX0	Q9Y236
Q61839	Q61839
Q61839	P55207
Q61839	P23582
Q8N9R6	Q8N9R6
Q8N9R6	Q9DA64
Q7TQ32	Q7TQ32
Q7TQ32	Q7TQ33
Q7TQ32	Q6NW40
Q7TQ32	Q96B86
Q7TQ32	Q8N7M5
Q7TQ32	NP_001100994
Q7TQ32	Q6ZVN8
Q7TQ32	Q96B86-4
Q7TQ32	Q6PCX7
Q6SKR2	Q6SKR2
Q6SKR2	Q921L7
Q6SKR2	Q9Y5R4
Q6SKR2	Q9Y5N5
P83855	P83855
Q921I9	Q921I9
Q921I9	Q9NQT4
Q921I9	D3ZW38
Q921I9	Q5RKV6
Q921I9	Q8BTW3
Q921I9	Q9CRA8
Q921I9	F1LSX7
Q921I9	D4A4Y0
Q921I9	Q9NPD3
P0C5H9	P0C5H9
P0C5H9	Q9CXI5
P0C5H9	Q8CC36
P0C5H9	Q49AH0
P0C5H9	P0C5I0
P0C5H9	P55145
D4AC73	D4AC73
D4AC73	Q8K2Q5
D4AC73	Q9BUK0
D4AC73	Q9BUK0-4
Q8VCK7	Q8VCK7
Q8VCK7	O35775
Q8VCK7	Q0VAF6
Q8K1A5	Q8K1A5
Q8K1A5	Q5BJD5-2
Q8K1A5	Q5FVN2
Q8K1A5	Q96HV5
Q8K1A5	Q9D8U2
Q8K1A5	Q5BJD5
P00848	P00848
P00848	P05504
P00848	P00846
P09919	P09919
P09919	P09920
P09919	P97712
D3Z649	D3Z649
D3Z649	Q5JUK3
D3Z649	Q6ZPR4
D3Z649	Q9Z258
D3Z649	Q5JUK3-2
D3Z649	Q6UVM3
D3Z649	Q6UVM4
Q61488	Q61488
Q61488	Q14623
Q61488	Q80XI9
Q61488	Q15465
Q61488	Q62226
Q61488	O43323
Q61488	Q63673
D3ZAP8	D3ZAP8
D3ZAP8	Q96Q45-3
D3ZAP8	Q3V0J1
D3ZAP8	Q96Q45
Q8R3K3	Q8R3K3
Q8R3K3	D4A9I4
Q8R3K3	Q8WV60
Q99JP4	Q99JP4
Q99JP4	Q6YDN7
Q99JP4	Q8NHZ8
Q8C0V1-2	Q8C0V1-2
Q8C0V1-2	A0A0G2KAQ9
Q8C0V1-2	Q8C0V1
Q8C0V1-2	Q8NA31
NP_001389395	NP_001389395
NP_001389395	Q8R0E5
NP_001389395	Q5SQS8
NP_001389395	Q8CDT9
Q5PR68	Q5PR68
Q5PR68	Q8N8E3
P23610	P23610
P23610	M0RDU0
P23610	Q00558
Q6A044	Q6A044
Q6A044	P81408
Q6A044	Q5HZJ5
Q6A044	O60320
Q6A044	F1LTM7
Q6A044	Q4FZH1
Q6A044	Q15884
Q6A044	P81408-4
P10746	P10746
P10746	Q5XIF2
P10746	P51163
P51114-2	P51114-2
P51114-2	Q61584-2
P51114-2	P51114-3
P51114-2	Q06787-6
P51114-2	XP_038958509
P51114-2	Q06787-2
P51114-2	Q06787-8
P51114-2	B1H2A6
P51114-2	Q06787-3
P51114-2	Q80WE1
P51114-2	Q06787-7
P51114-2	P35922
P51114-2	Q06787
P51114-2	Q06787-9
P51114-2	Q61584
P51114-2	Q61584-3
P51114-2	P51114
P51114-2	Q9WVR4
P51114-2	P51116
P51114-2	Q6P5B5
P51114-2	Q06787-5
P51114-2	P35922-3
P51114-2	B4DM78
P51114-2	Q5XI81
P0CG20	P0CG20
P0CG20	Q32MQ0
P0CG20	Q8BH05
Q99LS0	Q99LS0
Q99LS0	D4A540
Q99LS0	Q9H1Z8
Q9NYY1	Q9NYY1
Q9NYY1	P22301
Q9NYY1	P18893
Q9NYY1	Q8CJ70
Q9NYY1	Q9UHD0
Q9NYY1	P29456
Q9NYY1	Q9JKV9
Q9NYY1	Q925S4
Q9NYY1	Q9JI24
Q9NYY1	Q13007
Q9JJK5	Q9JJK5
Q9JJK5	Q66HH4
Q9JJK5	Q9BSE4
Q9JJK5	Q9JJC9
Q9JJK5	Q9ESS9
Q9JJK5	Q15011
Q3U481	Q3U481
Q3U481	Q6NUT3-3
Q3U481	Q6NUT3
XP_918088	XP_918088
XP_918088	P35244
XP_918088	Q9CQ71
XP_918088	D4A845
P10082	P10082
P10082	Q9NRI6
P10082	Q5JQD4
P10082	P57774
P10082	P01298
P10082	P01303
P10082	P10601
P10082	P07808
P10082	P06303
P10082	P10631
P10082	P01298-2
P10082	Q9EPS2
Q9D6Z0	Q9D6Z0
Q9D6Z0	M0R7T2
Q9D6Z0	Q9BT30
P24588	P24588
P24588	D3YVF0
P24588	P24587
P50554	P50554
P50554	P80147
P50554	P61922
P50554	P80404
Q8NEA4	Q8NEA4
Q8NEA4	Q9CQ24
Q8NEA4	D3Z9E4
Q9DAY5	Q9DAY5
Q9DAY5	Q7Z4R8
Q3B8P7	Q3B8P7
Q3B8P7	Q9CQF4
Q3B8P7	Q9P0P8
XP_579906	XP_579906
Q5M9N4	Q5M9N4
Q5M9N4	D4A0Z0
Q5M9N4	Q14442
Q8IV20	Q8IV20
Q8IV20	Q8BZT9
Q8IV20	D3ZCD2
B2RXC1	B2RXC1
B2RXC1	NP_001162586
B2RXC1	Q7Z392
Q9HB07	Q9HB07
Q9HB07	Q9JK81
Q9HB07	Q641W2
Q569B9	Q569B9
Q569B9	Q96LI9
Q569B9	A0A5F8MPE6
Q569B9	Q8NCR3
Q569B9	Q9D4W2
D3Z9K1	D3Z9K1
D3Z9K1	D3Z0P8
D3Z9K1	Q69YZ2
D3Z9K1	M0R5E3
D3Z9K1	Q8C817
D3Z9K1	J3QK46
D3Z9K1	Q86VY9
D3Z9K1	A6NKL6
D3Z9K1	D3Z9B6
Q8NFW8-2	Q8NFW8-2
Q8NFW8-2	Q99KK2
Q8NFW8-2	Q8NFW8
Q8NFW8-2	P69060
Q3SYG4-4	Q3SYG4-4
Q3SYG4-4	Q3SYG4
Q3SYG4-4	Q811G0
Q3SYG4-4	Q3SYG4-3
Q3SYG4-4	XP_017451470
P09895	P09895
P09895	P47962
P09895	P46777
Q5XIN9	Q5XIN9
Q5XIN9	Q9D5W4
Q5XIN9	Q6ZN84
P22985	P22985
P22985	Q06278
P22985	Q5QE79
P22985	O54754
P22985	Q3TYQ9
P22985	Q5QE78
P22985	Q5SGK3
P22985	Q5QE80
P22985	G3X982
P22985	Q00519
P22985	P47989
P22985	Q9Z0U5
P85973	P85973
P85973	P23492
P85973	Q9D8C9
P85973	P00491
E9PRG8	E9PRG8
E9PRG8	Q9D937
E9PRG8	D4AAM1
D3ZHC3	D3ZHC3
D3ZHC3	Q9HAW4
D3ZHC3	Q80YR7
D3ZHC3	Q9HAW4-2
Q538Z0	Q538Z0
Q6YDN8	Q6YDN8
Q6YDN8	Q9D7M1
Q6YDN8	Q9NWU2
D4AAI6	D4AAI6
D4AAI6	Q5T9Z0
D4AAI6	Q810U2
D4AAI6	Q96B21
D4AAI6	Q8VCZ2
D4AAI6	Q497B2
D4AAI6	B7ZWJ5
D4AAI6	Q9NWC5
D4AAI6	Q60774
D4AAI6	Q8CHM9
Q96D31-2	Q96D31-2
Q96D31-2	NP_001014046
Q96D31-2	Q8BH10
Q96D31-2	Q96SN7
Q96D31-2	Q96D31
Q96D31-2	Q5M848
Q96D31-2	Q6P8G8
Q96D31-2	Q9BRQ5
Q96D31-2	Q8BWG9
Q96MC5-2	Q96MC5-2
Q96MC5-2	Q96MC5
Q96MC5-2	Q5FVJ5
Q96MC5-2	Q8R1Y2
E5RJ46	E5RJ46
J3QMK2	J3QMK2
J3QMK2	A8MTZ0
J3QMK2	A8MTZ0-3
J3QMK2	M0RAH3
P12872	P12872
P68313	P68313
Q9GZY4	Q9GZY4
Q8TF63	Q8TF63
Q9Z176	Q9Z176
Q9Z176	B2RXC8
Q9Z176	D3ZLD7
Q9Z176	Q06190
Q9Z176	Q9Y5P8
Q9Z176	Q06190-2
Q9Z176	B1WBU2
Q8VCS6	Q8VCS6
Q8VCS6	Q9NWA0
Q8N2B8	Q8N2B8
Q9UJW9	Q9UJW9
Q9UJW9	Q9ERC3
F8VQ66	F8VQ66
F8VQ66	Q86WS4
Q3USE1	Q3USE1
Q96MC9	Q96MC9
Q5T036	Q5T036
Q6ZTY9	Q6ZTY9
A0A2R8Y2Y2	A0A2R8Y2Y2
Q9BTE6-3	Q9BTE6-3
Q9BTE6-3	B0YJ81
Q9BTE6-3	Q8K2C9
Q9BTE6-3	A2A4P5
Q9BTE6-3	Q6Y1H2
Q9BTE6-3	Q9D3B1
Q9BTE6-3	Q9BTE6-2
Q9BTE6-3	Q3THG9
Q9BTE6-3	A2A4P3
Q9BTE6-3	E9PB15
Q9BTE6-3	Q9R0Q7
Q9BTE6-3	P83868
Q9BTE6-3	Q15185
Q9BTE6-3	Q9P035
Q9BTE6-3	Q5XI97
Q9BTE6-3	Q9BTE6
Q9BTE6-3	D4ABI7
Q9BTE6-3	Q9D9A7
Q9BTE6-3	Q5VWC8
Q9BTE6-3	A2AKM2
Q9BTE6-3	Q9QY80
Q9BTE6-3	B4DP11
Q9BTE6-3	D3Z7C6
A0A494BZU4	A0A494BZU4
P0DW81	P0DW81
D3ZMP6	D3ZMP6
D3ZMP6	Q9NPE3
D3ZMP6	Q9CQS2
P03420	P03420
Q9D772	Q9D772
Q9D772	D4AAI7
Q9D772	Q8IW50-2
Q9D772	Q8IW50-6
Q9D772	Q14DQ1
Q9D772	Q5XKK7
Q9D772	A0A0G2JWV6
Q9D772	Q8IW50
Q9D772	Q8IW50-5
Q6ZWK4	Q6ZWK4
Q8VHU2	Q8VHU2
Q8VHU2	P58467
Q8VHU2	Q9NVD3
Q1A5X7	Q1A5X7
Q1A5X7	Q8TF30
Q1A5X7	Q8N9B5
Q1A5X7	Q9QXM1
Q1A5X7	XP_038959379
Q1A5X7	Q571B6
Q1A5X7	D3ZKN4
XP_233429	XP_233429
XP_233429	Q60988
XP_233429	Q15468
Q6Q795	Q6Q795
Q5SS90	Q5SS90
Q5SS90	Q8NEG2
Q5RJY5	Q5RJY5
Q5RJY5	Q6ZQH8
Q5RJY5	Q5SRE5
Q5RJY5	Q5SRE5-2
Q5RJG1	Q5RJG1
Q5RJG1	Q9BSC4
Q5RJG1	Q66H99
Q9H1C3	Q9H1C3
Q9H1C3	Q640P4
Q9H1C3	Q6AYF6
Q9H1C3	Q68CQ7
Q9H1C3	Q6NSU3
O43159	O43159
O43159	Q9DB85
O43159	Q5U4F0
Q9CPW7	Q9CPW7
Q9CPW7	Q96NC0
Q9CPW7	D4AD01
P11590	P11590
P11590	Q80YX8
P11590	P04939
P11590	Q5FW60
P11590	B1AVU4
P11590	A2AEN9
P11590	P02761
P11590	XP_002730288
P11590	L7N222
P11590	E9PVW0
P11590	P09466
P11590	P15399
P11590	P11588
P11590	A9R9W0
P11590	P11591
P11590	A2AEP0
P11590	Q9D3H2
P11590	B5X0G2
P11590	Q9D267
P11590	O08976
P11590	P11589
P11590	P02762
P11590	Q8WX39
P11590	A2BIM8
P11590	P04938
P11590	P81245
P78333	P78333
P78333	P51654-3
P78333	Q8CAL5
P78333	P51654
P78333	P13265
P78333	Q8CFZ4
Q8VCV9	Q8VCV9
Q8VCV9	Q5TF39
Q8VCV9	F1LTM4
Q8VCV9	E9PYY6
Q8VCV9	Q80T22
Q6AYQ8	Q6AYQ8
Q6AYQ8	Q3TC72
Q6AYQ8	Q6P587
Q6AYQ8	Q8R0F8
Q6AYQ8	Q96GK7
Q6AYQ8	B2RYW9
Q6AYQ8	Q6P587-2
Q6AYQ8	Q6P2I3
Q8IYX3-1	Q8IYX3-1
Q8IYX3-1	Q80X53
Q8IYX3-1	Q8IYX3
Q8IYX3-1	Q4V8B5
Q9BZA0	Q9BZA0
O75935-3	O75935-3
O75935-3	D4A1B8
O75935-3	O75935
O75935-3	Q9Z0Y1
Q6IQ49-3	Q6IQ49-3
Q6IQ49-3	Q6IQ49-2
Q6IQ49-3	Q8K1J5
Q6IQ49-3	Q6IQ49
Q6IQ49-3	Q12874
Q6IQ49-3	Q4KLI7
Q6IQ49-3	Q9D554
Q6IQ49-3	Q5BJN8
Q17R31-4	Q17R31-4
Q17R31-4	Q17R31-3
Q17R31-4	NP_001099457
Q17R31-4	Q17R31
Q17R31-4	Q3U1C6
P61459	P61459
P61459	P61457
P61459	P61458
P61459	Q9CZL5
P61459	Q9H0N5
P61459	XP_003751690
F1M101	F1M101
F1M101	P70347
F1M101	Q92844
D3ZHC6	D3ZHC6
D3ZHC6	G3X8U2
Q08E93	Q08E93
Q08E93	Q5T7N8
O35985	O35985
O35985	P02814
O35985	O09133
O35985	Q99954
O35985	O35961
O35985	Q61900
O35985	O35982
O35985	O35979
O35985	Q99935
Q6AXP1	Q6AXP1
Q6AXP1	Q9H6X5
Q6AXP1	Q922C1
Q8VHU4	Q8VHU4
Q8VHU4	Q7TT37
Q8VHU4	O95163
Q9H201-2	Q9H201-2
Q9H201-2	Q99KN9
Q9H201-2	B2RY64
Q9H201-2	Q8CHU3-2
Q9H201-2	Q4V882
Q9H201-2	Q5NCM5
Q9H201-2	Q14677-3
Q9H201-2	NP_001033759
Q9H201-2	Q8CHU3
Q9H201-2	Q505I9
Q9H201-2	O95208
Q9H201-2	Q80VP1
Q9H201-2	O88339
Q9H201-2	Q9Y6I3
Q9H201-2	Q9Y6I3-1
Q9H201-2	Q14677
Q9H201-2	Q8IYW4
Q9H201-2	Q14677-2
Q9H201-2	Q6DGF2
Q9H201-2	Q91W69
Q9H201-2	Q9H201
Q9H201-2	Q9Y6I3-3
Q9H201-2	O95208-2
Q9H201-2	Q5SUH6
Q9H201-2	Q9Z1Z3
Q9H201-2	B3DMA3
D4ACG8	D4ACG8
D4ACG8	A2VDF0
D4ACG8	Q8R2K1
Q64611	Q64611
Q64611	Q6ZQY3
Q64611	P48318
Q64611	Q99259
Q64611	Q9DBE0
Q64611	Q9Y600
Q64611	Q05683
Q64611	P18088
Q64611	P48320
Q64611	Q05329
Q64611	Q80WP8
B1AH88	B1AH88
Q15652-3	Q15652-3
Q15652-3	XP_001080424
Q15652-3	Q63679
Q15652-3	Q7LBC6-2
Q15652-3	Q15652-2
Q15652-3	P97609
Q15652-3	Q69ZK6
Q15652-3	Q15652
Q15652-3	Q6ZPY7
Q15652-3	A0A8I5ZXX2
Q15652-3	G3UZM1
Q15652-3	O43593
Q15652-3	Q9Y4C1
Q15652-3	Q7LBC6
Q15652-3	Q61645
Q15652-3	Q6PCM1
F1M1H0	F1M1H0
F1M1H0	Q91YP3
F1M1H0	Q9Y315
Q8N5J2-2	Q8N5J2-2
Q8N5J2-2	D3ZWA1
Q8N5J2-2	Q5BJQ2
Q8N5J2-2	Q8N5J2-3
Q8N5J2-2	Q6PDI6
Q8N5J2-2	Q8NBR6-2
Q8N5J2-2	Q76LS9
Q8N5J2-2	Q8NBR6
Q8N5J2-2	Q8N5J2
Q8N5J2-2	Q8N5J2_VAR_T385K
Q9ULP9-2	Q9ULP9-2
Q9ULP9-2	NP_001099239
Q9ULP9-2	Q3UUG6
Q9ULP9-2	Q9ULP9
Q86TN4-3	Q86TN4-3
Q86TN4-3	Q86TN4-4
Q86TN4-3	Q86TN4
Q86TN4-3	Q8K3A2
Q9Y4F3-3	Q9Y4F3-3
Q9Y4F3-3	Q9Y4F3
Q9Y4F3-3	Q8VIG2
Q9Y4F3-3	Q9Y4F3-5
Q9Y4F3-3	Q8BJ34-6
Q9Y4F3-3	Q8BJ34
Q99ZW2	Q99ZW2
B1H291	B1H291
B1H291	Q8NEM2
B1H291	Q9Z179
B1H291	Q9BZQ2
B1H291	XP_038951198
B1H291	Q3TTP0
Q5I0L3	Q5I0L3
Q5I0L3	Q9Y2Z4
Q5I0L3	Q8BYL4
D4A055	D4A055
D4A055	Q08289-3
D4A055	O00305
D4A055	Q8R3Z5-2
D4A055	Q8CC27
D4A055	Q8R0S4
D4A055	Q08289
D4A055	P19517
D4A055	O00305-3
D4A055	P54285
D4A055	Q8VGC3
D4A055	Q08289-6
D4A055	Q08289-2
D4A055	P54288
D4A055	A2A542
D4A055	P54287
D4A055	P54284
D4A055	D3Z3Z3
D4A055	P54283
D4A055	Q8VGC3-2
D4A055	Q02641-2
D4A055	Q8R3Z5
D4A055	Q08289-8
D4A055	Q02641
Q5U2V7	Q5U2V7
Q5U2V7	Q9QXP4
Q5U2V7	Q9NYP3
P31947-2	P31947-2
P31947-2	B3KT37
P31947-2	Q9CQV8
P31947-2	P31947
P31947-2	P61982
P31947-2	P61981
P31947-2	P61983
P31947-2	P62258-2
P31947-2	G3V9A3
P31947-2	O70456
P31947-2	P68254
P31947-2	P68255
P31947-2	P27348
P31947-2	P62259
P31947-2	P62260
P31947-2	P62258
P31947-2	P31946-2
P31947-2	P63102
P31947-2	P29361
P31947-2	P63104
P31947-2	P63101
P31947-2	P35213
P31947-2	P31946
P31947-2	P68251
P31947-2	P68510
P31947-2	P68511
P31947-2	Q04917
Q14624-2	Q14624-2
Q14624-2	Q9Y6N3
Q14624-2	P54290
Q14624-2	Q9EQR4
Q14624-2	Q61702
Q14624-2	Q9QX15
Q14624-2	P19827
Q14624-2	Q9NY47-3
Q14624-2	Q5RJF7
Q14624-2	Q8CFG5
Q14624-2	Q63416
Q14624-2	P54289-2
Q14624-2	Q9D7Z6
Q14624-2	Q9Z1L5
Q14624-2	A8K7I4
Q14624-2	Q8IZS8
Q14624-2	P54289-3
Q14624-2	Q7Z3S7
Q14624-2	O08532
Q14624-2	Q9UQC9
Q14624-2	P54289
Q14624-2	P19823
Q14624-2	XP_003085348
Q14624-2	Q8BJD1
Q14624-2	Q9NY47
Q14624-2	Q86UX2
Q14624-2	Q6PHS9
Q14624-2	Q9NY47-5
Q14624-2	Q6Q473
Q14624-2	Q61703
Q14624-2	Q14CN2
Q14624-2	Q5EBC0
Q14624-2	Q498S9
Q14624-2	A6X935
Q14624-2	A6NCI4
Q14624-2	Q3UW98
Q14624-2	B2RYM3
Q14624-2	Q8K159
Q14624-2	Q06033
Q14624-2	Q14624
Q14624-2	A1A5Q7
Q14624-2	NP_001104318
Q14624-2	Q61704
Q14624-2	Q7Z3S7-5
Q14624-2	Q3UVV9
Q14624-2	Q8BG22
Q14624-2	Q8CFG6
Q14624-2	D3ZVT7
Q14624-2	A0A0G2JWX9
Q14624-2	Q05KA7
Q14624-2	Q4H2C5
Q14624-2	Q6UXX5
Q14624-2	Q06033-2
Q14624-2	Q6VPP3
Q14624-2	E9PUL3
B2RYU6	B2RYU6
B2RYU6	Q9UL33
B2RYU6	Q9JME7
J9QSF0	J9QSF0
Q8NA72-3	Q8NA72-3
Q8NA72-3	Q9DBS8
Q8NA72-3	Q8NA72
Q8NA72-3	Q4V891
Q9H7C9-2	Q9H7C9-2
Q9H7C9-2	Q9H7C9
Q9H7C9-2	Q8R0P4
Q9H7C9-2	D3ZZQ4
Q16563-2	Q16563-2
Q16563-2	Q16563
Q16563-2	O09117
Q16563-2	Q8TBG9-2
Q16563-2	Q66H18
Q16563-2	Q8TBG9
Q16563-2	Q62277
Q16563-2	Q8BGN8
Q16563-2	P08247
Q16563-2	Q5VXT5
Q16563-2	O89104
Q16563-2	P07825
Q16563-2	P22831
Q9GZP8-2	Q9GZP8-2
Q9GZP8-2	Q9D809
Q9GZP8-2	Q9GZP8
Q9GZP8-2	D3ZE02
O00712-6	O00712-6
O00712-6	Q14938
O00712-6	P70257-2
O00712-6	O70189
O00712-6	Q14938-3
O00712-6	O00712
O00712-6	P97863-3
O00712-6	P08651-5
O00712-6	O00712-4
O00712-6	Q02780
O00712-6	Q12857
O00712-6	P09414
O00712-6	O70185
O00712-6	O70186
O00712-6	O00712-5
O00712-6	P97863
O00712-6	Q12857-2
O00712-6	P08651
O00712-6	P70255
O00712-6	O70188
O00712-6	P08651-2
O00712-6	P70257
O00712-6	Q7Z3K7
O00712-6	Q12857-4
Q8NHQ8-2	Q8NHQ8-2
Q8NHQ8-2	O75901
Q8NHQ8-2	Q02833-2
Q8NHQ8-2	Q8K342
Q8NHQ8-2	Q02833-3
Q8NHQ8-2	Q02833
Q8NHQ8-2	Q8CJ96
Q8NHQ8-2	Q8NHQ8
Q8NHQ8-2	B0BNA2
Q8NHQ8-2	Q9DD19
Q8NHQ8-2	O88869
Q8NHQ8-2	Q58CQ7
Q8NHQ8-2	D4AAU5
Q8NHQ8-2	A6NK89
Q8NHQ8-2	Q8BL43
Q5VZ46-2	Q5VZ46-2
Q5VZ46-2	A0A087WP46
Q5VZ46-2	Q5VZ46
Q75NE6	Q75NE6
F1N290	F1N290
F1N290	D3ZUI5
F1N290	F1M5T6
F1N290	O75128
F1N290	O75128-2
F1N290	Q3UMF0
F1N290	Q53SF7
F1N290	Q5NBX1
F1N290	O75128-3
F1N290	Q53SF7-2
F1N290	Q3UMF0-2
J3QPP8	J3QPP8
J3QPP8	Q6UXT8
J3QPP8	Q80UG6
J3QPP8	Q6UX46
J3QPP8	B2RZ42
Q9H8M1	Q9H8M1
Q9H8M1	Q96MF6
Q9H8M1	Q3THF9
Q9H8M1	E9Q3H6
Q9H8M1	Q5I0I9
Q9NQC3-3	Q9NQC3-3
Q9NQC3-3	Q9NQC3-5
Q9NQC3-3	O70622
Q9NQC3-3	Q9NQC3-4
Q9NQC3-3	Q8K0T0
Q9NQC3-3	Q9NQC3-2
Q9NQC3-3	O75298
Q9NQC3-3	Q9JK11
Q9NQC3-3	Q9ES97-3
Q9NQC3-3	Q9NQC3-6
Q9NQC3-3	Q16799-3
Q9NQC3-3	Q16799
Q9NQC3-3	Q99P72
Q9NQC3-3	Q9NQC3
Q9NQC3-3	AAM77068
Q9NQC3-3	Q7M6W1
Q9NQC3-3	Q64548
Q9NQC3-3	O95197-6
Q9NQC3-3	O95197-3
Q9NQC3-3	Q6WN19
Q9NQC3-3	Q9ES97
Q9NQC3-3	O95197
Q9NQC3-3	Q8BH78
Q9NQC3-3	O95197-5
Q9NQC3-3	O70622-2
Q9NQC3-3	Q6RJR6
Q9NQC3-3	Q9JK11-2
Q9NQC3-3	Q8BHF5
Q15517	Q15517
Q15517	Q7TPC1
Q8NHV5	Q8NHV5
Q8NHV5	Q8C784
Q0VBB0	Q0VBB0
Q0VBB0	Q8N945
Q8N2C7	Q8N2C7
Q8N2C7	Q8BLN6
Q13190-2	Q13190-2
Q13190-2	Q08851
Q13190-2	Q13190
Q13190-2	Q8K1E0
Q8WZ26	Q8WZ26
XP_001054025	XP_001054025
XP_001054025	NP_001101276
XP_001054025	Q9CPY7
XP_001054025	P28838
XP_001054025	P00727
XP_001054025	Q8NDH3
XP_001054025	Q6NSR8
XP_001054025	Q68FS4
Q96BF3-2	Q96BF3-2
Q96BF3-2	Q96BF3
Q8N695	Q8N695
Q8N695	Q49B93
Q8N695	O70247
Q8N695	Q1EHB4
Q8N695	Q9Y289
Q8N695	Q8BYF6
Q8N695	Q92911
Q8N695	Q99PN0
Q8N695	Q63008
Q8N695	Q5U4D8
Q66K80	Q66K80
Q63871	Q63871
Q63871	P53803
Q5FVJ7	Q5FVJ7
Q5FVJ7	Q9H7X7
Q5FVJ7	Q9DAI2
Q3URQ7	Q3URQ7
Q3URQ7	Q2M296-3
Q3URQ7	Q2M296
Q3URQ7	A0A8I5ZVM1
D3ZA45	D3ZA45
D3ZA45	Q91YI1
D3ZA45	O75143
D3ZA45	O75143-5
P79345	P79345
P79345	Q9Z0J0
P79345	P61916
P79345	F7FJQ3
Q4QRB2	Q4QRB2
Q4QRB2	Q9D198
Q4QRB2	O95926
Q62867	Q62867
Q62867	Q9Z0L8
Q62867	Q92820
Q9C093-4	Q9C093-4
Q9C093-4	Q9R095
Q9C093-4	Q9C093
Q9C093-4	Q8C9J3
Q4FZX7	Q4FZX7
Q4FZX7	Q9Y5M8
Q4FZX7	P47758
P60042	P60042
P60042	P60041
P60042	P61278
P18298	P18298
P18298	Q3THS6
P18298	P31153
P18298	P13444
P18298	Q91X83
P18298	Q00266
A0MZ66-2	A0MZ66-2
A0MZ66-2	A0MZ67
A0MZ66-2	A0MZ66-3
A0MZ66-2	Q8K2Q9
A0MZ66-2	A0MZ66
Q5PQR6	Q5PQR6
Q5PQR6	Q9DA15
Q5PQR6	P0DJG4
Q8N8Q3-3	Q8N8Q3-3
Q8N8Q3-3	Q8N8Q3
Q8N8Q3-3	Q8C9A2
D3Z8Z6	D3Z8Z6
D3Z8Z6	Q9D2F7
D3Z8Z6	Q9QY81
D3Z8Z6	P11654
D3Z8Z6	Q8TEM1
D3Z8Z6	Q5VU65
Q5HYN5	Q5HYN5
Q5HYN5	P0DMU9
Q5HYN5	Q9UL03
Q5HYN5	P0DMU7
Q5HYN5	P0DMU8
Q5HYN5	Q8NHU0
Q5HYN5	P0DMV0
Q5HYN5	Q3UJ22
Q5HYN5	P0DMV2
Q5HYN5	P0DMV1
Q5HYN5	Q5DJT8
Q5HYN5	Q5JSJ4
Q5HYN5	Q6PCM2
Q5HYN5	NP_001258417
Q5HYN5	A6NJ88
Q5HYN5	Q9NXZ1
Q5HYN5	Q8BND4
P51636-2	P51636-2
P51636-2	NP_001009477
P51636-2	P51638
P51636-2	P56539
P51636-2	P51637
P51636-2	P51636
P51636-2	Q03135-2
P51636-2	Q9WVC3
P51636-2	P51636-3
P51636-2	Q2IBC5
P51636-2	P33724
P51636-2	P41350
P51636-2	Q03135
P51636-2	P49817
Q6PJT7-6	Q6PJT7-6
Q6PJT7-6	Q3ZC82
Q6PJT7-6	Q6PJT7-2
Q6PJT7-6	Q6PJT7-4
Q6PJT7-6	Q6PJT7-3
Q6PJT7-6	Q7TMD5
Q6PJT7-6	Q8BJ05
Q6PJT7-6	Q6PJT7-5
Q6PJT7-6	Q6PJT7
Q6PJT7-6	Q6PJT7-9
Q9BTA9-2	Q9BTA9-2
Q9BTA9-2	Q9BTA9
Q9BTA9-2	Q924H7
Q9BTA9-2	G3XEV5
Q8BJ38	Q8BJ38
Q9D7E3	Q9D7E3
Q9D7E3	Q8WZ82
Q9D7E3	NP_001102506
P53701	P53701
P53701	P53702
P53701	D3ZL85
Q9UFW8	Q9UFW8
Q9UFW8	D4ADB4
Q9UFW8	Q8BHG9
O15130	O15130
O15130	Q9WVA9
O15130	Q9WVA8
Q9H693	Q9H693
Q3UVG3	Q3UVG3
Q3UVG3	NP_001121050
Q3UVG3	Q658Y4
Q8IXM6	Q8IXM6
Q8IXM6	Q6MG14
Q8IXM6	Q8VC65
Q9JMB1	Q9JMB1
Q9JMB1	Q5XHX8
Q9JMB1	Q9P2T0
Q9UFN0	Q9UFN0
Q9UFN0	Q9BS92
Q9UFN0	Q5M949
Q9UFN0	Q9CQE1
Q5UE93	Q5UE93
Q5UE93	Q3U6Q4
Q5UE93	A2TJT9
Q6YGZ1	Q6YGZ1
Q6YGZ1	Q9Y251
Q6YGZ1	Q71RP1
Q6YGZ1	B2RY83
Q6YGZ1	Q8WWQ2
Q6YGZ1	NP_001129234
Q6UWY0	Q6UWY0
Q6UWY0	Q32KJ2
Q6UWY0	Q9D2L1
Q8IYJ2	Q8IYJ2
Q8IYJ2	Q8CET2
Q8IUK5	Q8IUK5
Q8IUK5	D3ZEE4
Q8IUK5	B5DEZ8
Q8IUK5	Q6UX71
Q8IUK5	Q91ZV7
Q8IUK5	Q9DC11
Q8IUK5	Q91ZV7-2
Q96M83	Q96M83
Q96M83	XP_001478651
Q96M83	Q5G5J2
Q96M83	Q9D541
Q96M83	Q6P8U9
P13716	P13716
P13716	P10518
P13716	P06214
P13716	P13716-2
Q8WVF1-4	Q8WVF1-4
Q8WVF1-4	Q4QQS3
Q8WVF1-4	Q8BHW2
Q8WVF1-4	Q8WVF1
M0R914	M0R914
M0R914	A2AU72
M0R914	Q5W041
Q8IYA6-2	Q8IYA6-2
Q8IYA6-2	Q8IYA6
Q8IYA6-2	Q7TS74
Q8IYA6-2	XP_001078036
Q8IYA6-2	D3Z8Z9
Q8IYA6-2	Q3V1H1
Q8IYA6-2	D3ZPD0
Q8IYA6-2	Q8WWK9-4
Q8IYA6-2	Q8WWK9
Q8IYA6-2	Q8WWK9-5
Q9H8Y8-2	Q9H8Y8-2
Q9H8Y8-2	F1MSB5
Q9H8Y8-2	Q99JX3
Q9H8Y8-2	Q9R064
Q9H8Y8-2	Q2YDP4
Q9H8Y8-2	Q9H8Y8
Q9H8Y8-2	O35254
Q9H8Y8-2	Q91X51
Q9H8Y8-2	Q9BQQ3
Q96A73-2	Q96A73-2
Q96A73-2	Q96A73
Q96A73-2	Q5U2R6
Q96A73-2	Q9DBN4
D4A6D9	D4A6D9
D4A6D9	Q3TC93
D4A6D9	Q53T59
D3ZKZ0	D3ZKZ0
D3ZKZ0	Q3TQI7
D3ZKZ0	Q9NZ63
Q9H9K5	Q9H9K5
Q8CBY8-2	Q8CBY8-2
Q8CBY8-2	Q9QUR2
Q8CBY8-2	Q8CBY8
Q8CBY8-2	Q9UJW0
Q8CBY8-2	Q9UJW0-3
Q96JI7-2	Q96JI7-2
Q96JI7-2	XP_242139
Q96JI7-2	Q96JI7
Q96JI7-2	Q3UHA3
Q5TD94-2	Q5TD94-2
Q5TD94-2	Q8CDR2
Q5TD94-2	Q9H0K4
Q5TD94-2	Q5TD94
Q5TD94-2	Q8BYM7
Q5TD94-2	D4A8S8
D4A4Z0	D4A4Z0
D4A4Z0	Q8WUD4
D4A4Z0	Q8R344
Q6UUV9-3	Q6UUV9-3
Q6UUV9-3	Q53ET0
Q6UUV9-3	Q91X84
Q6UUV9-3	Q6UUV7
Q6UUV9-3	Q6UUV7-3
Q6UUV9-3	Q3U182
Q6UUV9-3	Q157S1
Q6UUV9-3	Q6UUV9-2
Q6UUV9-3	XP_001066604
Q6UUV9-3	Q3LRZ1
Q6UUV9-3	Q68ED7
Q6UUV9-3	Q6UUV9
Q8N1F7-2	Q8N1F7-2
Q8N1F7-2	Q8N1F7
Q8N1F7-2	Q66HC5
Q8N1F7-2	Q8BJ71
O15255	O15255
O14832-2	O14832-2
O14832-2	O35386
O14832-2	O14832
O14832-2	P57093
E9QAF0	E9QAF0
E9QAF0	P0DKV0
E9QAF0	Q6ZQQ2
E9QAF0	D4AAW9
E9QAF0	E9QA57
E9QAF0	A6NFR6
E9QAF0	E9Q5W2
E9QAF0	XP_996053
E9QAF0	B6VQA5
E9QAF0	C0HKD1
E9QAF0	C0HKD2
E9QAF0	C0HKD3
E9QAF0	Q6ZU69
E9QAF0	D3ZM38
E9QAF0	Q5TZJ5
E9QAF0	Q5TZJ5_VAR_A1063T
E9QAF0	Q5VYP0
E9QAF0	B4DYI2
E9QAF0	A6NFA0
E9QAF0	Q5VVP1
E9QAF0	XP_996026
E9QAF0	Q80YD3
E9QAF0	Q3V2L5
E9QAF0	Q642A3
E9QAF0	NP_001013772
E9QAF0	Q9CVY2
E9QAF0	Q5VYM1
E9QAF0	Q6ZUB1
E9QAF0	Q3V0E1
E9QAF0	Q3V0M1
E9QAF0	Q8IWB4
E9QAF0	E9QA35
E9QAF0	XP_997087
E9QAF0	Q6ZUB0
E9QAF0	P0C874
E9QAF0	Q5VU36
E9QAF0	B7ZWJ3
E9QAF0	Q3V0G6
Q9HC35-2	Q9HC35-2
Q9HC35-2	Q8BQM8
Q9HC35-2	Q6ED65
Q9HC35-2	Q6P6T4
Q9HC35-2	O00423-3
Q9HC35-2	O95834-2
Q9HC35-2	F1LT71
Q9HC35-2	Q3UMY5
Q9HC35-2	Q3UMY5-3
Q9HC35-2	O95834
Q9HC35-2	Q4V8C3
Q9HC35-2	AAI25290
Q9HC35-2	Q05BV3
Q9HC35-2	Q7TNG5
Q9HC35-2	Q32P44
Q9HC35-2	Q6ZMW3
Q9HC35-2	D4A4R1
Q9HC35-2	Q8VC03
Q9HC35-2	Q5SQM0
Q9HC35-2	E9QK48
Q9HC35-2	O95834-3
Q9HC35-2	Q05BC3
Q9HC35-2	EDM02737
Q9HC35-2	Q32P44-2
Q9HC35-2	Q9HC35
Q9HC35-2	O00423
P36542-2	P36542-2
P36542-2	Q91VR2
P36542-2	P05631
P36542-2	P36542
P36542-2	NP_446277
Q91XV7	Q91XV7
Q91XV7	Q8WZ71
Q91XV7	Q6F5E0
Q9Y666-2	Q9Y666-2
Q9Y666-2	Q63633
Q9Y666-2	P55018
Q9Y666-2	Q91V14
Q9Y666-2	P59158
Q9Y666-2	Q9Y666
Q9Y666-2	P55017
Q9Y666-2	Q9UP95
Q9Y666-2	Q9UHW9-2
Q9Y666-2	Q9WVL3
Q9Y666-2	P55015
Q9Y666-2	A0AV02
Q9Y666-2	G3V6N7
Q9Y666-2	P55016
Q9Y666-2	Q8VI23
Q9Y666-2	Q924N4
Q9Y666-2	P55014
Q9Y666-2	P55011
Q9Y666-2	Q9UHW9
Q9Y666-2	Q13621
Q9Y666-2	Q9UP95-2
Q9Y666-2	Q9QX10
Q9Y666-2	A2AQ50
Q9Y666-2	Q8CJI3
Q9Y666-2	A0AV02-2
Q9Y666-2	Q66HR0
Q9Y666-2	Q63633-2
Q9Y666-2	Q91V14-2
Q9Y666-2	P55017-3
Q9Y666-2	P55012
Q9Y666-2	Q9BXP2
Q9Y666-2	Q924N4-2
Q9Y666-2	Q99MR3
Q9Y666-2	Q5RK27
Q9Y666-2	Q9H2X9
Q9Y666-2	Q9JIS8
Q9Y666-2	P55011-3
Q9Y666-2	P55017-2
Q9Y666-2	Q9H2X9-2
Q9Y666-2	Q63632
A9CMA6	A9CMA6
A9CMA6	Q8C996
A9CMA6	Q8TC26
Q9H8M5-3	Q9H8M5-3
Q9H8M5-3	D4A1C0
Q9H8M5-3	Q0GA42
Q9H8M5-3	Q9NRU3
Q9H8M5-3	Q8NE01
Q9H8M5-3	Q8NE01-2
Q9H8M5-3	Q32NY4
Q9H8M5-3	B0EVI6
Q9H8M5-3	D4ACK7
Q9H8M5-3	Q69ZF7
Q9H8M5-3	Q6P4Q7
Q9H8M5-3	P0C588
Q9H8M5-3	Q3TWN3
Q9H8M5-3	Q5U2P1
Q9H8M5-3	Q9H8M5
Q9H8M5-3	Q9H8M5-2
Q5U1Y0	Q5U1Y0
Q5U1Y0	Q8IY95
Q5U1Y0	Q9CXT7
B1WC44	B1WC44
B1WC44	Q99L48
B1WC44	Q96D46
D3ZCG4	D3ZCG4
D3ZCG4	Q7TNE3
D3ZCG4	O75391
Q8TEH3-2	Q8TEH3-2
Q8TEH3-2	Q6P3S1-5
Q8TEH3-2	Q3U1T9
Q8TEH3-2	A2ALU3
Q8TEH3-2	Q8K382
Q8TEH3-2	Q8TEH3-6
Q8TEH3-2	Q8TEH3
Q8TEH3-2	Q3U1T9-5
Q8TEH3-2	D3Z8F6
Q8TEH3-2	XP_001054659
Q8TEH3-2	Q8CFK6
Q8TEH3-2	Q8IV53
Q8TEH3-2	Q6P3S1
Q3TYE7	Q3TYE7
Q3TYE7	Q6ZRR5
A0A087WTH1	A0A087WTH1
Q66PJ3-7	Q66PJ3-7
Q66PJ3-7	Q66PJ3
Q66PJ3-7	Q4V8I5
Q66PJ3-7	Q9JM93
Q66PJ3-7	Q66PJ3-1
Q66PJ3-7	Q66PJ3-2
Q66PJ3-7	Q66PJ3-3
Q9Y3I1-2	Q9Y3I1-2
Q9Y3I1-2	Q3U7U3
Q9Y3I1-2	Q68FS3
Q9Y3I1-2	Q5U2X1
Q9Y3I1-2	Q8BK06
Q9Y3I1-2	Q9UK97
Q9Y3I1-2	Q9Y3I1
Q8BKN5	Q8BKN5
Q8BKN5	Q96RT8-2
Q8BKN5	Q96RT8
Q8BKN5	D4A2A9
Q9Y5U8	Q9Y5U8
Q9Y5U8	P0DKB6
Q9Y5U8	NP_001102835
Q9Y5U8	XP_983690
Q9Y5U8	O95563
Q9Y5U8	P63030
Q9Y5U8	P63031
Q9Y5U8	P38718
Q9Y5U8	Q9D023
Q9Y5U8	P38718-2
Q8N9R8	Q8N9R8
Q8N9R8	Q8N9R8-2
Q8N9R8	Q8C8N2
Q8N9R8	F1M3P6
Q9QZ25	Q9QZ25
Q9QZ25	D4A183
Q9QZ25	O95497
Q9QZ25	Q9Z0K8
Q9QZ25	Q86X76-3
Q9QZ25	P43251-2
Q9QZ25	Q497B0
Q9QZ25	Q86X76-2
Q9QZ25	Q4KLZ0
Q9QZ25	Q7TQ94
Q9QZ25	Q5FVF9
Q9QZ25	O95498
Q9QZ25	Q9JHW2
Q9QZ25	Q9NQR4
Q9QZ25	P43251
Q9QZ25	Q8CIF4
Q9QZ25	Q8VDK1
Q9QZ25	Q86X76
Q9DAW6	Q9DAW6
Q9DAW6	O43172-2
Q9DAW6	D4A7J8
Q9DAW6	O43172
Q502W7	Q502W7
Q502W7	Q494V2
Q502W7	Q80VN0
Q502W7	E9PYA2
Q502W7	Q8CDN8
Q9D845	Q9D845
Q9D845	A0A0G2K5Y3
Q9D845	Q8N6V9
Q9NRR8	Q9NRR8
Q9NRR8	Q8BHL7
Q9NRR8	A1L1K4
Q9NRR8	Q9NRR3
Q9NRR8	Q8BGH7
Q9NRR8	Q5BJM7
Q8TDP1	Q8TDP1
Q8TDP1	Q9CQ18
Q8TDP1	D4A434
P17050	P17050
P17050	P51569
P17050	P06280
P17050	Q9QWR8
P17050	Q66H12
P17050	NP_001102290
Q9D113	Q9D113
Q9D113	Q5SXM8
Q9DAA5	Q9DAA5
Q9DAA5	Q9D2S4
Q9DAA5	Q96KW9
Q8N960	Q8N960
Q8N960	Q7TSG1
Q8N960	D4A3J3
Q9D8F1	Q9D8F1
Q9D8F1	Q9NXW9
Q9D8F1	B2GV83
Q3KNJ2	Q3KNJ2
Q3KNJ2	Q9H9Q4-2
Q3KNJ2	Q6AYI4
Q3KNJ2	Q9H9Q4
O89023	O89023
O89023	Q9EQV6
O89023	O14773
Q9NWS8	Q9NWS8
Q9NWS8	Q8CI78
Q9NWS8	Q1W176
Q8K467	Q8K467
Q8K467	Q8NEW7
Q8K467	D4AE26
Q96GX1	Q96GX1
Q96GX1	Q3B7D3
Q96GX1	Q2MV57
Q91XL3	Q91XL3
Q91XL3	Q5PQX0
Q91XL3	Q8NBZ7-2
Q91XL3	Q8NBZ7
Q9DBN1	Q9DBN1
Q8R015	Q8R015
Q8R015	Q8TDH9
Q8R015	B2GV52
D4A3C2	D4A3C2
D4A3C2	Q8R0A7
D4A3C2	O60268
B2RYM8	B2RYM8
B2RYM8	Q96KR6
B2RYM8	Q9D8B6
B2RYM8	Q8BGY7
B2RYM8	Q96ND0
B2RYM8	Q5XIJ4
B5DEZ6	B5DEZ6
B5DEZ6	Q9CRC9
B5DEZ6	Q8TDQ7
B5DEZ6	O88958
B5DEZ6	P46926
B5DEZ6	B5DFC6
P0DUH7	P0DUH7
Q6P775	Q6P775
Q6P775	Q9JI19
Q6P775	O43427
A0A1B0GVQ3	A0A1B0GVQ3
Q08326	Q08326
Q08326	P47224
Q08326	Q91X96
O70417	O70417
O70417	P02816
O70417	P12273
Q6UPR8	Q6UPR8
Q6UPR8	Q7Z2K6
Q6UPR8	Q3UVK0
Q9EQ10	Q9EQ10
Q9EQ10	Q6IRT3
Q9EQ10	Q9NWS1
Q9EPI8	Q9EPI8
Q9EPI8	Q49AM1
Q9EPI8	Q5XIE2
Q9EPI8	Q8BKY8
Q9EPI8	Q99551
Q9EPI8	Q8CHZ9
Q9EPI8	B9EJ57
O35251	O35251
O35251	Q00731
O35251	P15692-6
O35251	O43915
O35251	P15692-10
O35251	P97946
O35251	P15692-1
O35251	Q05028
O35251	O35485
O35251	P15692-4
O35251	O35757
O35251	Q63434
O35251	P49765
O35251	P49766
O35251	P01127
O35251	P31240
O35251	P49767
O35251	P97953
O35251	NP_114024
O35251	P04085
O35251	P15692-15
O35251	P20033
O35251	P28576
O35251	P15692-14
O35251	P15692
O35251	NP_001103803
O35251	P49763
O35251	P49764
O35251	Q00731-6
Q0IIN9	Q0IIN9
NP_001381942	NP_001381942
NP_001381942	Q8NEC7
NP_001381942	Q5RL51
P0DOC6	P0DOC6
Q7VFG3	Q7VFG3
Q7VFG3	I7H506
D3Z863	D3Z863
D3Z863	Q8CI33
D3Z863	Q69YN2
Q8BPK2	Q8BPK2
Q8BPK2	Q9NUD5
P01015	P01015
P01015	P11859
P01015	P01019
P01236	P01236
P01236	P04768
P01236	Q9JII2
P01236	O54831
P01236	Q9JII4
P01236	Q9JHK0
P01236	Q9JKL9
P01236	Q9R006
P01236	O35256
P01236	P09320
P01236	O35257
P01236	P24800
P01236	Q920I0
P01236	O08627
P01236	Q9CRB5
P01236	Q9CQ58
P01236	Q9QUN5
P01236	P21702
P01236	Q9QUL0
P01236	Q9DAZ2
P01236	Q9JII3
P01236	P04095
P01236	O54830
P01236	Q9DAY2
P01236	Q9JLV9
P01236	Q9DAS4
P01236	P18121
P01236	P01239
P01236	P04769
P01236	P09586
P01236	O35258
P01236	P01237
P01236	P09321
P01236	P06879
P01236	Q8CJ42
P01236	Q63545
P01236	Q9R005
P01236	Q8CGZ9
P01236	Q1KZI0
P01236	P01240
P01236	Q5SVM0
Q3U0P1	Q3U0P1
Q3U0P1	Q86YC2
Q3TPJ7	Q3TPJ7
Q3TPJ7	D4AE48
Q3TPJ7	Q504T8
Q920D2	Q920D2
Q920D2	Q86XF0
Q920D2	P00374
Q920D2	P00375
Q9CQI9	Q9CQI9
Q9CQI9	A0A0G2JWW8
Q9CQI9	Q96HR3
Q8VHP9	Q8VHP9
Q8VHP9	Q8WXJ9
P0DN25	P0DN25
P0DN25	XP_001054268
P0DN25	Q96EU7
P0DN25	Q9JMG2
P0DN25	Q499P3
Q9CYC3	Q9CYC3
Q9CYC3	Q5U2V9
Q9CYC3	Q66H44
Q9CYC3	Q810L4
Q9CYC3	Q9NV64
Q9CYC3	Q9GZU3
Q8IY31	Q8IY31
Q8IY31	XP_006246997
Q8IY31	Q61025
Q8IY31	Q8IY31-2
Q8CBH5-2	Q8CBH5-2
Q8CBH5-2	D3ZCJ3
Q8CBH5-2	D3Z183
Q8CBH5-2	Q6ZSS7
Q9H875	Q9H875
Q9H875	B0BMS9
Q9H875	Q9CWV6
Q719I0	Q719I0
Q719I0	O95433
Q719I0	A0A0G2K7W5
Q719I0	Q8N9S3
Q719I0	B0BN63
Q719I0	Q8BK64
E9Q942	E9Q942
E9Q942	D3ZR35
E9Q942	P0DJ93
Q8C062	Q8C062
Q8C062	Q9Y608-2
Q8C062	Q32MZ4
Q8C062	Q91WK0
Q8C062	Q4V7E8
Q8C062	Q9Y608
Q8C062	Q32MZ4-2
Q8C062	Q32MZ4-3
Q8C062	A6QP40
Q8C062	Q32MZ4-4
Q8C062	Q3UZ39
Q8C062	Q66HF9
Q8C062	Q3UZ39-2
Q8C062	Q9Y608-4
Q8TDN7	Q8TDN7
Q8TDN7	Q5QJU3
Q8TDN7	Q9NUN7
Q8TDN7	Q8VD53
Q8TDN7	Q9D099
Q8TDN7	Q8R4X1
Q8CEK7	Q8CEK7
Q8CEK7	Q969F0
Q80UK8	Q80UK8
Q80UK8	NP_001094100
Q80UK8	Q9H0H0
Q9CU99	Q9CU99
Q3ULJ3	Q3ULJ3
Q3ULJ3	Q9BZI7-2
Q3ULJ3	Q3ULL6
Q3ULJ3	Q9BZI7
Q3ULJ3	NP_001129345
Q3ULJ3	Q9H1J1
B2GUT8	B2GUT8
B2GUT8	P57054
B2GUT8	B8JK67
B2GUT8	Q9JHG1
XP_001058567	XP_001058567
XP_001058567	Q99MX7
XP_001058567	Q9BXQ6
Q62722	Q62722
Q62722	D4A4F4
Q62722	Q61122
Q62722	Q13506
Q62722	Q61127
Q62722	Q15742
Q86YQ2	Q86YQ2
P17861	P17861
P17861	O35426-2
P17861	O35426
P17861	Q9R1S4
P17861	P17861-2
Q3U2J5	Q3U2J5
Q3U2J5	B0K012
Q3U2J5	Q7Z624
Q5BJK8	Q5BJK8
Q5BJK8	Q8BXA1
Q5BJK8	O00461
Q9CPU2	Q9CPU2
Q9CPU2	O95178
Q9CWY4	Q9CWY4
Q9CWY4	Q9H840
Q9CWY4	F1M629
Q9CWY4	M0R5G2
Q4KLZ4	Q4KLZ4
Q4KLZ4	Q810N5
Q4KLZ4	Q5U649
Q8VEJ3	Q8VEJ3
Q8VEJ3	Q14A28
Q8VEJ3	Q8R413
Q8VEJ3	P58294
Q8VEJ3	Q9QXU7-2
Q8VEJ3	Q9UBU2
Q8VEJ3	Q9HC23
Q8VEJ3	Q9QYZ8
Q8VEJ3	D3ZN48
Q8VEJ3	Q8R414
Q8VEJ3	Q9QXU7
Q8VEJ3	O94907
Q8VEJ3	O54908
Q8VEJ3	Q9UBT3
Q8VEJ3	Q9QZL9
Q8VEJ3	Q9QUN9
Q8VEJ3	Q9UK85
Q8VEJ3	Q9UBP4
D4A9G3	D4A9G3
D4A9G3	Q6P589
D4A9G3	Q9D8Y7
D4A9G3	Q8WVP5
D4A9G3	Q8K288
D4A9G3	O95379
D4A9G3	Q5GJ75
D4A9G3	Q3TBL6
D4A9G3	Q921Z5
D4A9G3	Q6AYJ8
D4A9G3	M0R7K3
Q13286-6	Q13286-6
Q13286-6	Q5XIH8
Q13286-6	Q13286
Q13286-6	Q61124
O35092	O35092
O35092	Q9Y584
O35092	Q9CQ85
O35092	Q9JKW1
O35092	O60830
O35092	Q9Z0V7
O35092	D4ACA5
O35092	Q99595
O35092	Q9Z0V8
O35092	O60830-2
Q14849-3	Q14849-3
Q14849-3	Q5U205
Q14849-3	Q14849
Q14849-3	Q61542
Q14849-3	P49675
Q14849-3	O95772
Q14849-3	P70114
Q14849-3	Q9DCI3
Q14849-3	Q5U2T5
Q14849-3	P97826
Q14849-3	P51557
Q5VZQ5	Q5VZQ5
Q5VZQ5	Q9D5N9
Q1EHW4	Q1EHW4
Q1EHW4	Q8TEE9
Q5XIP1	Q5XIP1
Q5XIP1	Q80X73
Q5XIP1	Q9BRX2
Q3MI11	Q3MI11
Q3MI11	Q96KP6
Q3MI11	NP_001102296
Q3MI11	Q15025
Q3MI11	Q9WUU8
Q3MI11	Q15025-2
ENSRNOP00000044807	ENSRNOP00000044807
Q77YF9	Q77YF9
Q6P788	Q6P788
Q6P788	Q06507
Q6P788	P18848
Q6P788	Q9Y2D1
Q6P788	O70191
Q6P788	Q9ES19
XP_577119	XP_577119
XP_577119	P62869
XP_577119	P62870
XP_577119	Q15370
XP_577119	Q15370-2
Q9CQA8	Q9CQA8
Q9CQA8	Q9QZX9
Q9CQA8	Q96LK0
Q8VDS7	Q8VDS7
Q8VDS7	Q86XR8-2
Q8VDS7	Q6AXZ4
Q8VDS7	Q8CEE0
Q8VDS7	Q86XR8
Q8VDS7	B4F7A7
Q8VDS7	Q8IYX8
Q9D2Q3	Q9D2Q3
Q9D2Q3	Q5XI46
Q9D2Q3	Q9H8K7
O08654	O08654
O08654	Q9BSU1
O08654	Q922R1
Q99L85	Q99L85
Q99L85	Q8TE02
Q99L85	Q6IUP3
Q8N9W5	Q8N9W5
Q8N9W5	Q8N9W5-3
Q8N9W5	D3ZCM9
Q8N9W5	Q3UYV8
Q8C811	Q8C811
Q8C811	D4A0R5
Q8C811	P0CK97
Q8C811	P0C6B1
Q8C811	Q96K37
Q8C811	P0CK96
Q8C811	Q8CD26
Q9D159	Q9D159
Q9D159	Q96G30
Q9D159	Q8TCY5
Q9D159	D3Z1Q2
Q6NVG5	Q6NVG5
Q6NVG5	D4A9U9
Q6NVG5	Q8N565
D4A8V2	D4A8V2
D4A8V2	Q3UHB8
D4A8V2	Q9NQR7
Q9DCX8	Q9DCX8
Q9DCX8	Q5BK17
Q9DCX8	Q6PHW0-4
Q9DCX8	Q6PHW0
Q2M2E5	Q2M2E5
P51642	P51642
P51642	P20294
P51642	P26441
O96001	O96001
O96001	Q8CJC8
O96001	Q9Z2E4
Q61334	Q61334
Q61334	Q5XIU4
Q61334	Q9UHQ4-2
Q61334	P51572-2
Q61334	Q61335
Q61334	Q9UHQ4
Q61334	P51572
Q61334	Q6AY58
P32971	P32971
P32971	P32972
Q80XE1	Q80XE1
Q80XE1	NP_001093990
Q80XE1	Q9NPQ8-4
Q80XE1	Q3TIR3
Q80XE1	Q80ZG0
Q80XE1	Q9NVN3
Q80XE1	Q9NVN3-1
Q80XE1	Q9NPQ8
Q9JJR9	Q9JJR9
Q9JJR9	Q9JHR9
Q9JJR9	Q9BQI9
Q9JJR9	D4A2K5
Q9JJR9	Q9NQ35
A0A0G2K3F3	A0A0G2K3F3
A0A0G2K3F3	Q5T1A1
A0A0G2K3F3	NP_001357782
Q9CQJ5	Q9CQJ5
Q9CQJ5	Q5U1W2
Q9CQJ5	Q9NZ81
Q96J86	Q96J86
Q96J86	Q5PQS5
Q96J86	Q8VIH7
P35175	P35175
P35175	P35173
P35175	Q497J0
P35175	P01039
P35175	Q9D8D6
P35175	B2RV77
P35175	P01040
P35175	P01041
P35175	Q62426
P35175	P04080
P35175	P56567
P35175	Q8BWM3
P35175	P35174
O15243	O15243
O15243	Q9JLS8
O15243	Q9CQ74
O15243	Q6PDU4
O15243	O95214
O15243	O95214-2
O15243	O89013
J3QNT8	J3QNT8
J3QNT8	A0A0G2K6Z9
J3QNT8	Q17RF5
Q96SZ6-2	Q96SZ6-2
Q96SZ6-2	Q8BTW8
Q96SZ6-2	Q96SZ6
Q96SZ6-2	Q9JLH6
Q9CQA0	Q9CQA0
Q9CQA0	Q9NSP4
Q2M389-2	Q2M389-2
Q2M389-2	Q3UMB9
Q2M389-2	Q2M389
Q2M389-2	D4A7I6
O88593	O88593
O88593	Q96LB8
O88593	O75594
O88593	Q96PD5
O88593	Q9JLN4
O88593	Q0VB07
O88593	Q96PD5-2
O88593	Q8VCS0
O88593	Q96LB9
O88593	A1A547
Q9H1K1-2	Q9H1K1-2
Q9H1K1-2	Q9D7P6
Q9H1K1-2	Q9H1K1
Q9H1K1-2	B2RZ79
Q9H1K1-2	Q17QE6
E2RYF7	E2RYF7
A6NM66	A6NM66
Q8TAG6	Q8TAG6
Q8TAG6	Q8BG31
Q96KX1	Q96KX1
Q96KX1	Q9DAA3
P34949	P34949
P34949	Q68FX1
P34949	Q924M7
Q8N9H9	Q8N9H9
Q9HCS7	Q9HCS7
Q9HCS7	Q9DCD2
Q9HCS7	Q99PK0
Q12800	Q12800
Q12800	Q9NZI7
Q12800	Q811S7
Q12800	Q9NZI5-2
Q12800	Q9NZI7-4
Q12800	Q8K5C0
Q12800	Q6ISB3-2
Q12800	Q8TE85
Q12800	Q6ISB3
Q12800	Q5FWH3
Q12800	Q921D9
Q12800	B5DEI9
Q12800	Q9NZI6
Q12800	Q3UNW5
Q12800	D4A030
Q12800	Q8TE85-2
Q12800	Q9ERA0
Q12800	G3V969
Q12800	Q9NZI5
Q6P4T0	Q6P4T0
Q6P4T0	Q2TAZ0-3
Q6P4T0	Q80XK6
Q6P4T0	Q96BY7
Q6P4T0	Q2TAZ0
Q6P4T0	D3ZT64
Q6P4T0	Q96BY7_VAR_I1567T
Q8VEH5	Q8VEH5
Q8VEH5	NP_001258313
Q8VEH5	Q7L775
Q8N2H3	Q8N2H3
Q8N2H3	Q68FT3
Q8N2H3	Q3U4I7
Q6PF05	Q6PF05
Q6PF05	Q6PF05-3
Q6PF05	XP_038959480
Q6PF05	Q5W5X9
Q6PF05	Q8CHY7
Q6PF05	A6H6E9
Q6PF05	Q4V7F0
Q5M855	Q5M855
Q5M855	Q91VY9
Q5M855	Q969S3
Q5M855	Q66H85
Q5M855	Q80UU1
Q5M855	Q9H8Y5
Q5BJP9	Q5BJP9
Q5BJP9	Q5SRE7
Q5BJP9	Q9DB26
Q63HQ0-2	Q63HQ0-2
Q63HQ0-2	Q63HQ0
Q63HQ0-2	E9PYF7
Q63HQ0-2	F1M9P0
Q8K064	Q8K064
Q8K064	Q3ZCQ3
D3ZAG3	D3ZAG3
D3ZAG3	Q3TRR0
D3ZAG3	Q49MG5
P78527-2	P78527-2
P78527-2	NP_001101797
P78527-2	P78527
P78527-2	P97313
A0A494C030	A0A494C030
Q96ST2-2	Q96ST2-2
Q96ST2-2	Q8C1D8
Q96ST2-2	Q96ST2
Q96ST2-2	Q3SWT4
Q96ST2-2	E1BFW2
Q96ST2-2	Q96ST2-3
B1AUR6	B1AUR6
B1AUR6	D3ZS39
B1AUR6	Q6ZRQ5
P0DPI2-2	P0DPI2-2
P0DPI2-2	A0A0B4J2D5
P0DPI2-2	Q9D172
P0DPI2-2	P56571
P0DPI2-2	P0DPI2
A0A0U1RRE5	A0A0U1RRE5
G3V6K7	G3V6K7
G3V6K7	P21784
G3V6K7	P55895
A8MUL3	A8MUL3
B9TQX4	B9TQX4
B9TQX4	Q14BU0
B9TQX4	Q8WVF2
Q6AY82	Q6AY82
Q6AY82	Q9R0H2
Q6AY82	Q9ULC0
Q6GX86	Q6GX86
Q6GX86	Q8N3J3
Q6GX86	Q32P12
B2GUZ7	B2GUZ7
B2GUZ7	NP_001102482
B2GUZ7	Q9EPK2
B2GUZ7	O75695
B2GUZ7	Q8VCN9
B2GUZ7	Q15814
D3ZTT2	D3ZTT2
D3ZTT2	Q8BPP5
D3ZTT2	Q86Y78
D3ZTT2	Q8NI32
D3ZTT2	Q9D7F2
D3ZTT2	Q8NI32-2
D3ZTT2	Q9D7F2-1
Q5PQQ4	Q5PQQ4
Q5PQQ4	Q92535
Q5PQQ4	Q9CXR4
Q5JNZ5	Q5JNZ5
Q5JNZ5	P62854
Q5JNZ5	P62856
Q5JNZ5	P62855
Q5JNZ5	XP_001065275
A0A1B0GTR3	A0A1B0GTR3
A0A1B0GTR3	P0DPH9
Q9D611	Q9D611
Q9D611	Q9BR26
Q8TDV0	Q8TDV0
Q8TDV0	Q7TSN6
Q8TDV0	Q7TSN5
Q5SZD4	Q5SZD4
Q5SZD4	B1H250
Q5SZD4	Q8WU03
Q5SZD4	Q5PQT3
Q5SZD4	Q969I3
Q5SZD4	Q969I3-2
Q5SZD4	D3ZHY4
Q5SZD4	Q6IB77
Q5SZD4	Q9DCY0
Q5SZD4	E9Q5L8
Q5SZD4	A0A0U1RQE8
Q5SZD4	Q91XE0
Q5SZD4	Q5FW57
Q5SZD4	Q9Z2Y0
Q9CZ15	Q9CZ15
Q9CZ15	B2RZ16
Q9CZ15	Q14691
Q922D4-3	Q922D4-3
Q922D4-3	Q922D4
Q922D4-3	Q5H9R7
Q922D4-3	Q5H9R7-5
Q922D4-3	F1M6T6
Q922D4-3	Q8R3Q2
Q922D4-3	O75170
Q922D4-3	Q5H9R7-2
Q922D4-3	Q7TSI3
Q922D4-3	Q9UPN7
Q922D4-3	O75170-2
Q922D4-3	XP_341782
Q922D4-3	D3ZBT9
E9Q512	E9Q512
E9Q512	NP_001178701
E9Q512	Q15643
Q8K1A0	Q8K1A0
Q8K1A0	B0BNB3
Q8K1A0	Q9NRN9
O60519	O60519
O60519	Q5BJU6
O60519	Q32M00
Q8BQB6	Q8BQB6
Q8BQB6	Q6AYP6
Q8BQB6	Q8IYX7
Q8BQB6	B1AXP3
Q8BQB6	Q658L1
E3Q1N2	E3Q1N2
Q3UMI6	Q3UMI6
Q9NS64	Q9NS64
Q9NS64	Q3URD2
Q9NS64	Q8N4K4
Q9NS64	Q5BJN9
Q9NS64	Q9JJ72
Q9CQ40	Q9CQ40
Q9CQ40	Q7TP77
Q9CQ40	Q5EA71
Q9CQ40	Q13405
Q9Y3A0	Q9Y3A0
Q9Y3A0	Q4FZU1
Q9Y3A0	Q8BGB8
Q8BXJ9	Q8BXJ9
Q8BXJ9	Q0P6H9
Q9NUC0	Q9NUC0
Q9NUC0	A7DTG3
P70444	P70444
P70444	P55957-2
P70444	P55957
P70444	Q9JLT6
Q9D1C8	Q9D1C8
Q9D1C8	Q9UK41-2
Q9D1C8	B5DEN9
Q9D1C8	Q9UK41
P01215	P01215
P01215	P01216
P01215	P11962
Q99LX0	Q99LX0
Q99LX0	O88767
Q99LX0	Q99497
Q9D494	Q9D494
Q9D494	Q8NHR7
B3DMA0	B3DMA0
B3DMA0	O14683
B3DMA0	Q4QQM4
NP_001100249	NP_001100249
NP_001100249	P33215
NP_001100249	Q8NHV4
NP_001100249	Q8NHV4-3
XP_227786	XP_227786
XP_227786	F6QRE9
XP_227786	Q5RHP9
P31044	P31044
P31044	Q96S96
P31044	Q9D9G2
P31044	P70296
P31044	Q8VIN1
P31044	Q8K2M0
P31044	Q96DV4
P31044	P30086
P31044	Q5PQN9
Q9R1Z7	Q9R1Z7
Q9R1Z7	P27213
Q9R1Z7	Q03393
P00558	P00558
P00558	Q3T0P6
P00558	P09041
P00558	P07205
P00558	P09411
P00558	P16617
Q5EE38	Q5EE38
Q5EE38	Q96AP0-2
Q5EE38	Q4FZR5
Q5EE38	Q96AP0
P59240	P59240
P59240	G3V9Y6
P59240	O75161
Q8R4R6	Q8R4R6
Q8R4R6	Q68FY1
Q8R4R6	Q8NFH5
Q99LG1	Q99LG1
Q99LG1	NP_001102743
Q99LG1	Q9NW97
Q05940	Q05940
Q05940	Q16572
Q05940	Q8R090
Q05940	O35304
Q05940	Q62666
Q05940	P54219
Q05940	Q01818
Q05940	Q01827
Q05940	Q8BRU6
P50213	P50213
P50213	P70404
P50213	Q8BPC6
P50213	P51553
P50213	Q4QQT5
P50213	Q91VA7
P50213	O43837
P50213	P41565
P50213	O43837-2
P50213	Q68FX0
P50213	Q9D6R2
P50213	Q99NA5
Q8WVT3	Q8WVT3
Q8WVT3	D3ZE49
Q8WVT3	Q8K2L8
Q9Y2W2	Q9Y2W2
Q9Y2W2	Q5PQQ2
Q9Y2W2	Q923D5
Q96AE4	Q96AE4
Q96AE4	B4DT31
Q96AE4	Q92945
Q96AE4	Q9CPN8
Q96AE4	O00425
Q96AE4	Q3ULP9
Q96AE4	Q3U0V1
Q96AE4	Q99PF5
Q96AE4	Q2QC85
Q96AE4	P51513-3
Q96AE4	Q8CGX0
Q96AE4	Q9NZI8
Q96AE4	XP_006240131
Q96AE4	Q9JKN6
Q96AE4	P51513
Q96AE4	Q5SF07
Q96AE4	Q96AE4-2
Q96AE4	XP_003753941
Q96AE4	NP_001257527
Q96AE4	Q96I24
Q96AE4	O88477
Q96AE4	XP_008757319
Q96AE4	Q32PX7
Q96AE4	Q9Y6M1
Q96AE4	O42254
Q96AE4	Q9UNW9
Q96AE4	Q91WJ8
Q96AE4	A0A1W2P872
Q9NX61	Q9NX61
Q9NX61	F1LX74
Q9NX61	Q8C2L6
Q9NX61	Q8NDZ6
Q9NX61	Q8VCA6
XP_001062715	XP_001062715
D3ZKK3	D3ZKK3
D3ZKK3	Q8CBC4
D3ZKK3	Q6PJW8
Q69ZP3	Q69ZP3
Q69ZP3	F1M1E4
Q69ZP3	O95571
Q69ZP3	Q9DCM0
Q69ZP3	Q6PII5-2
Q69ZP3	B0BNJ4
Q69ZP3	Q16775
Q69ZP3	O35952
Q69ZP3	Q69ZP3-2
Q69ZP3	Q99KR3
Q69ZP3	Q53H82
Q69ZP3	Q6PII5
Q69ZP3	Q561R9
Q69ZP3	Q9DB32
Q69ZP3	Q8N490-2
Q69ZP3	Q8N490
Q69ZP3	Q99KB8
Q69ZP3	Q8N490-3
Q69ZP3	NP_001128223
Q69ZP3	NP_001128225
Q9H237-2	Q9H237-2
Q9H237-2	Q9H237
Q9H237-2	Q9JJJ7
P36972	P36972
P36972	P07741
P36972	P08030
B5DEH2	B5DEH2
B5DEH2	NP_001099823
B5DEH2	Q91X78
B5DEH2	O75477
B5DEH2	Q8BFZ9
B5DEH2	O94905
Q9HCN2	Q9HCN2
P59996	P59996
P59996	Q80W65
P59996	Q8NBP7
Q9CR88	Q9CR88
Q9CR88	B2RYT4
Q9CR88	O60783
P00722	P00722
Q96BW9-3	Q96BW9-3
Q96BW9-3	D3ZKT0
Q96BW9-3	Q96BW9
Q96BW9-3	Q3TUH1
F1MFD5	F1MFD5
F1MFD5	ENSRNOP00000050029
F1MFD5	P46060
F1MFD5	P46061
P10795	P10795
P10795	P10796
P10795	P10797
Q494R0	Q494R0
D3ZH22	D3ZH22
D3ZH22	Q9CXK4
D3ZH22	Q9BRV3
Q5BK01	Q5BK01
Q5BK01	Q5JXM2
Q5BK01	Q8CCB5
Q2TA63	Q2TA63
Q2TA63	Q9BVK8
Q2TA63	Q9CQG6
Q14789-4	Q14789-4
Q14789-4	B2RWW2
Q14789-4	E1BKZ5
Q14789-4	Q14789
Q14789-4	Q63714
Q14789-4	Q14789-2
NP_001099900	NP_001099900
NP_001099900	Q16873
NP_001099900	Q9CPU4
NP_001099900	P20292
NP_001099900	P30355
NP_001099900	Q99735
NP_001099900	D4ADS4
NP_001099900	A2RST1
NP_001099900	P20291
NP_001099900	Q925U2
NP_001099900	O14880
NP_001099900	Q60860
P97574	P97574
P97574	O55183
P97574	P52823
P97574	O88452
P97574	O76061
P97574	Q9R0K8
Q8CHM1	Q8CHM1
Q8CHM1	A6NM10-2
Q8CHM1	Q8NBQ7
Q8CHM1	Q8BHH1
Q8CHM1	D4A9T6
Q8CHM1	Q8IXF9
Q8CHM1	Q8CHJ2
Q8CHM1	A6NM10
D4A7L4	D4A7L4
D4A7L4	Q9NX14
D4A7L4	O09111
D4A7L4	Q9NX14-2
P0DW88	P0DW88
P0DW88	P0DTL5
P0DW88	P0DW86
Q6B959	Q6B959
Q6B959	Q96LR9
Q6B959	E9Q0X2
Q4V8D6	Q4V8D6
Q4V8D6	Q9HAW0
Q4V8D6	Q3UAW9
P13205	P13205
P13205	P40753
P13205	P16860
P47759	P47759
P47759	Q9Y328
P47759	Q9NYX4
P47759	Q9DCA7
P47759	Q3KR51
P47759	Q62092
P47759	P02683
P47759	P42857
P47759	P58821
Q8C5V8	Q8C5V8
Q8C5V8	A0A096LP49-2
Q8C5V8	A0A096LP49
Q14C51	Q14C51
Q14C51	NP_001128190
Q14C51	Q96EY7
Q6GMV3	Q6GMV3
Q6GMV3	D3Z4S3
Q2NKX9	Q2NKX9
Q2NKX9	Q149G0
Q06432	Q06432
Q06432	O70578
Q06432	Q9BXT2
Q06432	Q8VHW3
Q06432	P97707
Q06432	Q8VHW7
G3UW63	G3UW63
G3UW63	Q09MP3
P12955-3	P12955-3
P12955-3	P12955
P12955-3	B7ZMP1-2
P12955-3	B7ZMP1
P12955-3	B5DEQ3
P12955-3	Q9NQH7
P12955-3	Q5I0D7
P12955-3	Q9NQH7-3
P12955-3	Q11136
Q7Z2Y8	Q7Z2Y8
Q7Z2Y8	Q80SU7
Q7Z2Y8	XP_038957053
Q7Z2Y8	XP_001000891
P01586	P01586
P01586	P08700
P01586	P04823
F8VPN2	F8VPN2
F8VPN2	NP_001099557
F8VPN2	Q9BXT5
Q8N4L4	Q8N4L4
Q8N4L4	A0A1B0GUW6
Q8N4L4	Q0P670
Q8N4L4	Q8C5U4
Q8N4L4	Q5F289
Q8N4L4	Q68FV4
D4A913	D4A913
D4A913	O95402
D4A913	Q7TN02
Q5BJU1	Q5BJU1
Q5BJU1	P09172
Q5BJU1	Q64237
Q5BJU1	Q6UVY6-2
Q5BJU1	Q9CXI3
Q5BJU1	Q6UVY6
Q5BJU1	Q7TT41
Q5BJU1	Q05754
Q5BJU1	A6NHM9
Q6P9U2	Q6P9U2
Q6P9U2	Q3T9M2
Q6P9U2	Q3UTB4
Q6P9U2	P70213
Q6P9U2	Q3UT63
Q6P9U2	A0A024R4G9
Q6P9U2	F1LMA5
Q5I7T1	Q5I7T1
Q5I7T1	Q3UGP8
Q5I7T1	O88788
Q5I7T1	Q5BKT4
D3ZQT7	D3ZQT7
D3ZQT7	O43151
D3ZQT7	F1LUQ3
D3ZQT7	Q3URK3
D3ZQT7	Q7LFL8
D3ZQT7	Q91WA4
D3ZQT7	Q9H2H0
D3ZQT7	Q9EQC9
D3ZQT7	Q6NXI8
D3ZQT7	Q8BG87
D3ZQT7	Q5XIQ3
D3ZQT7	Q6N021
D3ZQT7	Q4JK59
D3ZQT7	Q8NFU7
D3ZQT7	Q6N021-2
Q3B7T1	Q3B7T1
Q3B7T1	A0A0G2K4K6
Q3B7T1	Q6GQV7
Q8C0G2	Q8C0G2
Q8C0G2	Q3URD3
Q8C0G2	Q14BN4
Q8C0G2	Q9Y228
Q8C0G2	Q14BN4-2
Q8C0G2	P0C219
Q8C0G2	Q14BN4-3
O96006	O96006
Q6P1M3	Q6P1M3
Q6P1M3	Q3TJ91
Q6P1M3	Q8K4K5
Q6P1M3	Q15334
Q6P1M3	B2GV09
Q6P1M3	Q80Y17
Q6ZV89	Q6ZV89
Q6ZV89	Q8JZW5
Q6ZV89	XP_001070433
Q96RY5	Q96RY5
Q96RY5	D3ZNU3
Q96RY5	Q6PG95
Q8BKT8-2	Q8BKT8-2
Q8BKT8-2	Q99871
Q8BKT8-2	B0BN53
Q8BKT8-2	Q8BKT8
Q8BKT8-2	Q99871-2
Q8CB62	Q8CB62
Q8CB62	Q8N137
Q8CB62	Q8N137-2
Q8CB62	XP_220600
A0PJW8	A0PJW8
A0PJW8	B5DEQ2
A0PJW8	Q9QX67
A0PJW8	P51397
A0PJW8	Q9D757
A0PJW8	Q91XC8
E9Q4M0	E9Q4M0
E9Q4M0	Q2T9K0
Q28862	Q28862
Q28862	Q61711
Q28862	P21815
Q28862	P13839
Q96NT5	Q96NT5
Q96NT5	Q5EBA8
Q96NT5	NP_001178609
Q96NT5	Q5SR56
Q96NT5	Q7Z3Q1
Q96NT5	Q8CIA9
Q96NT5	Q9DC26
Q96NT5	P70187
Q96NT5	Q96MC6
Q96NT5	Q9D2V8
Q96NT5	Q5VZR4
Q96NT5	Q14728
Q96NT5	Q8NBP5
Q96NT5	Q8C0T7
Q96NT5	Q6PEM8
Q96NT5	Q5BK75
Q96NT5	B2RYH9
Q96NT5	Q9BY10
Q96NT5	Q8CA03
Q96NT5	Q7Z3Q1-2
Q6P7N7	Q6P7N7
Q6P7N7	Q9D5K1
Q6P7N7	Q6AXW8
Q8BRN9	Q8BRN9
Q8BRN9	Q5T0F9
Q8BRN9	Q6P1N0-2
Q8BRN9	Q6P1N0
Q8BRN9	Q8K1A6
Q8BRN9	Q5FVK6
Q8BRN9	Q66HA5
Q8BRN9	Q5T0F9-2
Q8IZJ6	Q8IZJ6
Q8IZJ6	Q8K3F7
Q8IZJ6	NP_001099514
Q9HBL8	Q9HBL8
Q9HBL8	Q8K2T1
Q9HBL8	D3ZDB9
Q9H1L0	Q9H1L0
XP_237064	XP_237064
XP_237064	E9Q3M9
XP_237064	Q6NV74
XP_237064	XP_038948849
XP_237064	XP_233277
XP_237064	Q6ZU35
XP_237064	Q9ULL0
XP_237064	Q5PR69
XP_237064	E9Q0C6
Q8VCE4	Q8VCE4
Q8VCE4	Q8IXQ3
Q8VCE4	Q66H24
Q7KZN9	Q7KZN9
Q7KZN9	Q8BJ03
Q7KZN9	D4A414
A6NI79	A6NI79
A6NI79	A0JPQ3
A6NI79	Q5JR59
A6NI79	Q9ULD2-3
A6NI79	Q9ULD2-6
A6NI79	Q3UHD3
A6NI79	Q5HZI1
A6NI79	Q9ULD2
A6NI79	Q3TCJ8
A6NI79	Q9ULD2-2
A6NI79	Q6IMY1
Q9D786	Q9D786
Q9D786	XP_008757478
Q9D786	O94927
Q8TB22	Q8TB22
Q8TB22	Q80YT5
Q8TB22	Q6T393
Q8TB22	Q8TB22-2
Q4G0X9	Q4G0X9
Q4G0X9	M0RBW5
Q4G0X9	Q8BI79
Q99933	Q99933
Q99933	Q60739
Q99933	B0K019
Q8TBY9	Q8TBY9
Q8TBY9	E9Q743
Q5SY16	Q5SY16
Q5SY16	Q3TZX8
Q5SY16	G3V7B0
P32551	P32551
P32551	P23004
P32551	XP_003124603
P32551	P22695
P32551	Q9DB77
XP_344644	XP_344644
XP_344644	Q5T440
XP_344644	Q8CAK1
XP_344644	D4ADG2
D3ZCI5	D3ZCI5
D3ZCI5	Q8R3T5
D3ZCI5	Q8NFX7
D3ZCI5	Q9WU70
D3ZCI5	Q8K400
D3ZCI5	Q8R3S6
D3ZCI5	Q5DQR4
D3ZCI5	Q9Y2K9
D3ZCI5	Q5T5C0-2
D3ZCI5	Q3U1G4
D3ZCI5	M0R528
D3ZCI5	Q4V8H2
D3ZCI5	A0A1B0GW35
D3ZCI5	B9EK06
D3ZCI5	Q9NV70
D3ZCI5	B7ZN50
D3ZCI5	Q5T5C0
D3ZCI5	NP_001258179
D3ZCI5	F1MC63
D3ZCI5	Q9NV70-2
Q99J47	Q99J47
Q99J47	O88736
Q99J47	Q8VCH0
Q99J47	Q96LJ7
Q99J47	Q9HBH5
Q99J47	Q6P7R8
Q99J47	Q6IAN0
Q99J47	P18297
Q99J47	P56937
Q99J47	Q9BUT1
Q99J47	Q99L04
Q99J47	O75452
Q99J47	Q9ERI6
Q99J47	Q8CAY6
Q99J47	Q9R092
Q99J47	Q6PKH6
Q99J47	Q9BPX1
Q99J47	D4A1J4
Q99J47	Q6UX07-2
Q99J47	P51657
Q99J47	P35270
Q99J47	P80365
Q99J47	Q5XI22
Q99J47	O14756
Q99J47	O08756
Q99J47	P51656
Q99J47	E9Q3D4
Q99J47	O54939
Q99J47	Q6UX07-3
Q99J47	XP_038944718
Q99J47	B2GV72
Q99J47	P51661
Q99J47	NP_001102826
Q99J47	Q8VD48
Q99J47	D4A0T8
Q99J47	Q8BWT1
Q99J47	Q9BPW9
Q99J47	Q99JB2
Q99J47	P42765
Q99J47	P28845
Q99J47	Q3SXM5
Q99J47	Q9UJQ7
Q99J47	P11915
Q99J47	Q64591
Q99J47	Q9UJZ1
Q99J47	Q8CI66
Q99J47	Q8BTX9
Q99J47	Q9DAH1
Q99J47	Q5M875
Q99J47	P32020
Q99J47	Q9WV68
Q99J47	Q9UBI4
Q99J47	Q99N15
Q99J47	O54909
Q99J47	D3Z6W3
Q99J47	P55084
Q99J47	P22307
Q99J47	Q91X05
Q99J47	Q9NUI1
Q99J47	Q9BY49
Q99J47	P50172
Q99J47	Q9NYR8
Q99J47	P07871
Q99J47	P54116
Q99J47	Q9QYF1
Q99J47	P24752-2
Q99J47	NP_001177161
Q99J47	P27105
Q99J47	Q8TC12
Q99J47	Q8NEX9
Q99J47	XP_359206
Q99J47	D3ZVD3
Q99J47	Q6AXX5
Q99J47	Q3U0B3
Q99J47	Q96P26
Q99J47	Q6YN16
Q99J47	Q9BTZ2
Q99J47	Q8K3P0
Q99J47	Q9NUI1-2
Q99J47	Q8K4G9
Q99J47	Q6UWP2
Q99J47	Q13268
Q99J47	Q8VCR2-2
Q99J47	P22307-4
Q99J47	P16232
Q99J47	Q8K3M1
Q99J47	Q9BPW9-4
Q99J47	D3ZUY0
Q99J47	Q8VCC1
Q99J47	P21775
Q99J47	P50233
Q99J47	NP_001387848
Q99J47	Q62730
Q99J47	O54753
Q99J47	NP_001101938
Q99J47	Q80XN0
Q99J47	P48758
Q99J47	P15428
Q99J47	Q920P0
Q99J47	Q9BY49-2
Q99J47	Q6AXY8
Q99J47	P51659
Q99J47	Q02338
Q99J47	P16152
Q99J47	Q53GQ0
Q99J47	Q8JZV9
Q99J47	O70503
Q99J47	Q9BTZ2-5
Q99J47	Q96NR8
Q99J47	Q62904
Q99J47	XP_003135174
Q99J47	P0CG22
Q99J47	Q4FZT0
Q99J47	P13437
Q99J47	Q96P26-2
Q99J47	Q8QZT1
Q99J47	Q8N5I4
Q99J47	Q92781
Q99J47	Q5SS80
Q99J47	Q8BYK4
Q99J47	Q99714-2
Q99J47	Q80ZF7
Q99J47	Q7Z4W1
Q99J47	P51658
Q99J47	P24752
Q99J47	Q05A13
Q99J47	Q99MZ7
Q99J47	Q8VBZ0
Q99J47	Q6UX07
Q99J47	Q8N3Y7
Q99J47	Q8TAV4
Q99J47	NP_001186017
Q99J47	Q9BWD1
Q99J47	P37059
Q99J47	P50171
Q99J47	P09110
Q99J47	Q7TQA3
Q99J47	Q80X81
Q99J47	Q6PE84
Q99J47	Q6MGB5
Q99J47	Q99LB2
Q99J47	Q92506
Q99J47	Q921H8
Q99J47	P14061
Q99J47	P17764
Q99J47	O75911
Q99J47	P29147
Q99J47	Q6GV12
Q99J47	Q7Z5J1
Q99J47	O88876
Q99J47	O08699
Q99J47	Q7TS56
Q99J47	P50170
Q99J47	Q06136
Q99J47	Q2TPA8
Q99J47	A6NNS2-2
Q99J47	Q5RJY4
Q99J47	Q9NP85
Q99J47	Q91WL8
Q99J47	Q9CQ62
Q99J47	P08074
Q99J47	D3ZGP9
Q99J47	Q4V8B7
Q99J47	Q91VT4
Q99J47	Q9NZC7
Q99J47	Q4V8F9
Q99J47	Q16698
Q99J47	P37058
Q99J47	Q8VCH7
Q99J47	P51660
Q99J47	P70385
Q99J47	P55006
Q99J47	Q8NBN7
Q99J47	P47727
Q99J47	XP_003752480
Q99J47	C9J2C7
Q99J47	Q8IZV5
Q99J47	Q6AXN7
Q99J47	Q8CGV4
Q99J47	Q8CEE7
Q99J47	Q91X52
Q99J47	Q91YE9
Q99J47	Q64105
Q99J47	A0PJE2
Q99J47	Q3V1Y2
Q99J47	Q58NB6
Q99J47	P97852
Q99J47	Q60587
Q99J47	Q6YN16-2
Q99J47	Q8N4T8
Q99J47	Q8CHS7
Q99J47	XP_001077483
Q99J47	Q9Z2M4
Q99J47	Q8TC12-2
Q99J47	Q6I7R1
Q99J47	D3Z9P1
Q99J47	Q99714
Q99J47	Q9CXR1
Q99J47	O55240
Q99J47	P09110-2
Q99J47	P22307-2
Q99J47	Q9Y394-2
Q99J47	Q9Y394
Q99J47	Q8VCR2
Q99J47	Q9BXI3
Q99J47	Q8NBQ5
Q99J47	A6NNS2
Q99J47	Q5XI04
Q99J47	O70351
Q99J47	Q9WVK3
Q99J47	P51659-2
Q99J47	Q8K354
Q99J47	O75828
Q99J47	O88451
Q99J47	Q7Z5P4
Q99J47	Q99JY0
Q99J47	A3KFX0
Q99J47	Q9EQ06
Q99J47	Q8VID1
Q99J47	Q6AYS8
XP_001072003	XP_001072003
H3BQB6	H3BQB6
H3BQB6	Q6P3A1
NP_001101673	NP_001101673
NP_001101673	O88881
NP_001101673	Q68EF6
NP_001101673	Q9DCD5
NP_001101673	Q5JTD0
NP_001101673	F8WIG2
NP_001101673	Q5JTD0-2
NP_001101673	Q9BUH8
O95833	O95833
O95833	Q9D7P7
O95833	O00299
O95833	Q96NY7-2
O95833	Q9NZA1-2
O95833	Q9EPT8
O95833	Q8BXK9
O95833	Q9NZA1
O95833	Q811Q2
O95833	Q8BHB9
O95833	Q96NY7
O95833	Q9Z0W7
O95833	Q9QYB1
O95833	Q5M883
O95833	P35526
O95833	O15247
O95833	D3ZY91
O95833	Q6MG61
O95833	Q9Z1Q5
O95833	Q9Y696
Q307W7	Q307W7
Q307W7	A6PVL3
O95050	O95050
O95050	P40936
O95050	P11086
O95050	P40935
O95050	O55239
O95050	P10937
O95050	P40261
Q8CI04	Q8CI04
Q8CI04	Q96JB2
Q8CI04	Q5XHZ8
Q8N6Q3	Q8N6Q3
Q8N6Q3	Q924B5
Q8N6Q3	Q8BVP6
Q8N6Q3	Q9BY14-2
Q8N6Q3	Q8R2S8
Q8N6Q3	Q6UWN0
Q8N6Q3	M0R4W1
Q8N6Q3	D3ZCH9
Q8N6Q3	Q9JMI7
Q8N6Q3	Q9BY14
Q8N6Q3	XP_002728761
Q96PE5	Q96PE5
Q96PE5	Q7M750
Q96PE5	Q56A26
Q8N4B5	Q8N4B5
Q8N4B5	Q6PAN7
Q8R2Y0	Q8R2Y0
Q8R2Y0	Q9BV23
Q8R2Y0	Q5XI64
Q9NRI5-6	Q9NRI5-6
Q9NRI5-6	Q811T9
Q9NRI5-6	Q9NRI5
Q9NRI5-6	Q810H6
Q9D0Z3	Q9D0Z3
Q9D0Z3	Q6P2H8
Q86TS9-4	Q86TS9-4
Q86TS9-4	Q86TS9
Q86TS9-4	Q9D0Y8
Q86TS9-4	B2RYV8
Q8TAM2-3	Q8TAM2-3
Q8TAM2-3	Q8TAM2_VARDELTA38_47
Q8TAM2-3	Q8TAM2-4
Q8TAM2-3	A0A1P8YVD0
Q8TAM2-3	Q8VD72
Q8TAM2-3	Q8TAM2
Q86UD1	Q86UD1
Q86UD1	Q8QZR4
Q86UD1	Q6AYE5
Q4VBF2	Q4VBF2
Q4VBF2	Q96D70
Q4VBF2	B1WC19
A6NJB7	A6NJB7
A6NJB7	B2RW88
D4A8A0	D4A8A0
D4A8A0	P31327-3
D4A8A0	P08955
D4A8A0	P27708
D4A8A0	P31327
D4A8A0	F6S3Z3
D4A8A0	P07756
D4A8A0	Q8C196
D4A8A0	B2RQC6
EDL14953	EDL14953
P51861	P51861
Q9H8X3	Q9H8X3
Q86TU6	Q86TU6
Q15526	Q15526
Q15526	P09925
Q15526	Q9QXU2
Q8N8G2-2	Q8N8G2-2
Q8N8G2-2	Q99990
Q8N8G2-2	A8MV65
Q8N8G2-2	Q8N8G2
Q8N8G2-2	P85442
Q8N8G2-2	Q8BGW8
Q8N8G2-2	Q99NC0
Q96C12-4	Q96C12-4
Q96C12-4	Q96C12
Q96C12-4	Q5EBP3
Q96C12-4	Q5PQP9
Q9UDW1	Q9UDW1
Q9UDW1	B2RYX1
Q9UDW1	P00130
Q9UDW1	Q9P012
Q9UDW1	Q8R1I1
Q58A44	Q58A44
Q96LM9	Q96LM9
Q9ULZ0	Q9ULZ0
Q0P140	Q0P140
A6H6Q4	A6H6Q4
A6H6Q4	A6NCJ1
F1LMZ8	F1LMZ8
F1LMZ8	O00231
F1LMZ8	Q8BG32
F1LMZ8	O00231-2
G3V968	G3V968
G3V968	Q810V0
G3V968	O00566
H3BNL8	H3BNL8
G3X8U3	G3X8U3
G3X8U3	Q5T6V5
G3X8U3	F7FM32
D3ZYU7	D3ZYU7
D3ZYU7	Q9DAC6
Q3UP90	Q3UP90
BAC26534	BAC26534
F1LT68	F1LT68
F1LT68	Q6NZK5
F1LT68	Q86T90
Q9UMZ2-6	Q9UMZ2-6
Q9UMZ2-6	Q5SV85-2
Q9UMZ2-6	Q5SV85
Q9UMZ2-6	Q9UMZ2
Q9UMZ2-6	Q9UMZ2-3
Q9UMZ2-6	Q9JKC9
Q16667-2	Q16667-2
Q16667-2	Q810P3
Q16667-2	B2RZ50
Q16667-2	Q16667
D3ZNU1	D3ZNU1
D3ZNU1	P53569
D3ZNU1	Q03701
A9UMV9	A9UMV9
A9UMV9	Q9Z1P6
A9UMV9	O95182
A9UMV9	Q05752
P47757-2	P47757-2
P47757-2	P47756
P47757-2	Q5XI32
P47757-2	P47756-1
P47757-2	P47757
Q6IE52	Q6IE52
Q6IE52	Q6YHK3
Q6IE52	P28666
Q6IE52	Q63041
Q6IE52	P01031
Q6IE52	P06684
Q6IE52	Q6IE37
Q6IE52	Q61838
Q6IE52	Q8R422
Q6IE52	NP_444179
Q6IE52	Q3UU35
Q6IE52	ENSP00000479893
Q6IE52	P01023
Q6IE52	F1MB32
Q6IE52	A8K2U0
Q6IE52	P28665
Q6IE52	P06238
Q6IE52	Q6GQT1
Q6IE52	Q14BD9
Q6IE52	P20742
Q6IE52	P14046
Q6IE52	NP_001102241
Q6IE52	Q03626
D4A8H6	D4A8H6
D4A8H6	Q9H1P6
D4A8H6	Q9DA42
Q9D8D0	Q9D8D0
Q9D8D0	Q96RJ3
Q9D8D0	Q96RJ3-2
P62274	P62274
P62274	P62273
P62274	P62275
P62274	P62273-2
Q8VIM4	Q8VIM4
Q8VIM4	Q8WZ55
Q8VIM4	Q8R2H3
Q8NBF4	Q8NBF4
Q91V16	Q91V16
Q91V16	Q6IPR1
Q8CER3	Q8CER3
Q8N6Q1	Q8N6Q1
Q8N6Q1	Q9D9D5
Q8N6Q1	A8MYB1
Q8N6Q1	Q80X59
P49895	P49895
P49895	P55073
P49895	Q91ZI8
P49895	Q61153
P49895	P49897
P49895	Q92813
P49895	Q9Z1Y9
P49895	P24389
P49895	P70551
D3Z4Z0	D3Z4Z0
D3Z4Z0	Q86TJ2
Q9CR81	Q9CR81
Q9CR81	Q9BXU0
Q9NVV2	Q9NVV2
Q9D3I6	Q9D3I6
Q9D3I6	Q8IUC3
Q107X0	Q107X0
Q6ZWC4	Q6ZWC4
P59090	P59090
A2AJB2	A2AJB2
A2AJB2	Q96I45
Q9D1F3	Q9D1F3
Q9D1F3	D3ZPT1
Q9D1F3	Q96DE9
Q9D1F3	Q8TE69
Q6ZUT4	Q6ZUT4
Q8JZM6	Q8JZM6
Q8JZM6	Q6ZNK6
Q8JZM6	Q5XIB9
Q8JZM6	Q5BK67
Q8JZM6	Q96CG3
Q8JZM6	Q793I8
Q6ZSV7	Q6ZSV7
Q96EZ4	Q96EZ4
Q9NRI7	Q9NRI7
Q8IYW2-2	Q8IYW2-2
Q8IYW2-2	Q8IYW2
Q8IYW2-2	D3Z8S9
Q8IYW2-2	Q8BZQ3
Q8IYW2-2	XP_574582
G5E8W5	G5E8W5
Q8CDN2	Q8CDN2
Q9NXR7-4	Q9NXR7-4
Q9NXR7-4	Q9NXR7-1
Q9NXR7-4	Q9NXR7
Q9NXR7-4	Q8K3W0-1
Q9NXR7-4	Q8K3W0
Q9NXR7-4	Q6P7Q1
Q9NXR7-4	Q9NXR7-3
Q8C3L0	Q8C3L0
P52948-6	P52948-6
P52948-6	P52948
P52948-6	P49793
P52948-6	Q6PFD9
P52948-6	P52948-2
P52948-6	P52948-5
O43541-2	O43541-2
O43541-2	O15105
O43541-2	O54835
O43541-2	Q9JIW5
O43541-2	P97454
O43541-2	Q99717
O43541-2	Q9R1V3
O43541-2	P84025
O43541-2	P84022
O43541-2	Q8BUN5
O43541-2	Q1W668
O43541-2	Q62432
O43541-2	Q15796
O43541-2	O70436
O43541-2	O70437
O43541-2	P97471
O43541-2	O15198
O43541-2	Q6P7A6
O43541-2	Q15797
O43541-2	P70340
O43541-2	O35182
O43541-2	O43541
O43541-2	D3ZAQ2
O43541-2	O35253
O43541-2	O88406
O43541-2	Q13485
Q6AYT3	Q6AYT3
Q6AYT3	Q99LF4
Q6AYT3	Q9Y3I0
Q925N3	Q925N3
Q925N3	Q61371
Q925N3	O09012-2
Q925N3	Q8C437
Q925N3	Q13099
Q925N3	O09012
Q925N3	P50542-4
Q925N3	P50542-3
Q925N3	Q8IYB4
Q925N3	P50542-2
Q925N3	Q2M2R8
Q925N3	P50542
Q925N3	Q8C437-3
Q8WUD6	Q8WUD6
Q8WUD6	Q6AXM5
Q8WUD6	Q8BGS7
Q8WUD6	Q9C0D9
Q8WUD6	Q80TA1
Q8WUD6	Q8C025
Q8WUD6	Q66H21
Q8WUD6	NP_001128226
Q8WUD6	Q9Y6K0
Q401N2-3	Q401N2-3
Q401N2-3	Q401N2
XP_001074822	XP_001074822
Q5HZW9	Q5HZW9
Q5HZW9	P22794-2
Q5HZW9	P20934
Q5HZW9	P22794
B0BNA9	B0BNA9
B0BNA9	Q9UKZ1
B0BNA9	Q9CWN7
Q9D735	Q9D735
Q9D735	D3ZGR7
Q9D735	Q9BQ61
Q9CZA6-3	Q9CZA6-3
Q9CZA6-3	Q9NXR1-1
Q9CZA6-3	Q9NXR1
Q9CZA6-3	Q9GZM8-3
Q9CZA6-3	Q9GZM8-2
Q9CZA6-3	Q9GZM8
Q9CZA6-3	Q9ERR1
Q9CZA6-3	Q78PB6
Q9CZA6-3	Q9CZA6
Q9CZA6-3	Q9ES39
O77932	O77932
O77932	O70348
O77932	Q6MG77
D3ZCW5	D3ZCW5
D3ZCW5	Q9H6U8-3
D3ZCW5	Q9H6U8
D3ZCW5	Q8VDI9
P48539	P48539
P48539	P63054
P48539	P63055
P48539	Q6W8Q3
P48539	A6NKN8
Q969H9	Q969H9
Q5VVS0	Q5VVS0
Q96DR8	Q96DR8
Q9DAE8	Q9DAE8
Q9DAE8	Q96LT6
Q5T5F5	Q5T5F5
Q9Y6Z2	Q9Y6Z2
Q8VDR5	Q8VDR5
Q8VDR5	Q0VDI3
Q9H3J6	Q9H3J6
Q9H3J6	Q4V7E5
Q9H3J6	O75570
Q9H3J6	Q80VP5
Q9H3J6	Q8K126
Q9H3J6	Q8BJU9
Q9H3J6	Q9UGC7
Q9H3J6	Q80VP5-2
Q9H3J6	F1LWN5
Q96ID5	Q96ID5
Q96ID5	M0RAS4
Q96ID5	Q7TNR6
Q8N268	Q8N268
Q6ZVU0	Q6ZVU0
Q9BQM9	Q9BQM9
Q9BQM9	Q9DAQ3
Q4G0G5	Q4G0G5
Q6ZS46	Q6ZS46
Q3URJ8	Q3URJ8
Q3URJ8	Q8N8D7
Q3URJ8	Q8IVV8
Q3URJ8	Q9D035
Q3URJ8	Q4KMZ8
Q3URJ8	Q9JMG4
Q3URJ8	Q5VXU1
Q3URJ8	Q4PNJ2
Q75L30	Q75L30
Q75L30	Q6ZRM9
P0DOE9	P0DOE9
H1UBM7	H1UBM7
H1UBM7	F1M0Z3
H1UBM7	Q8BLR2
H1UBM7	Q8C166
H1UBM7	Q99829
H1UBM7	Q96A23
H1UBM7	D4A1R8
H1UBM7	Q0VE82
H1UBM7	Q9UBL6
H1UBM7	H1UBN0
H1UBM7	O95741
H1UBM7	Q5BJS7
H1UBM7	Q1RLL3
H1UBM7	Q8IYJ1
H1UBM7	D3ZGN2
H1UBM7	Q8BT60
H1UBM7	B5DEX3
H1UBM7	O75131
H1UBM7	Q9HCH3
H1UBM7	Q8JZW4
H1UBM7	Q9DC53
H1UBM7	Q86YQ8
H1UBM7	Q96FN4
H1UBM7	P59108
H1UBM7	Q96A23-2
H1UBM7	O95741-2
H1UBM7	D3ZLA3
H1UBM7	D4ACG7
H1UBM7	Q9Z140
P56394	P56394
P56394	Q76MV3
P56394	Q14061
P50135-2	P50135-2
P50135-2	Q01984
P50135-2	Q91VF2
P50135-2	P50135
Q148B1	Q148B1
Q148B1	P00184
Q148B1	Q9NR63
Q148B1	Q6VVX0
Q148B1	Q6V0L0
Q148B1	P05181
Q148B1	Q6VVW9
Q148B1	Q64462
Q148B1	P10635
Q148B1	Q16647
Q148B1	Q91WL5
Q148B1	O54750
Q148B1	Q96SQ9
Q148B1	O35074
Q148B1	Q5M8Q6
Q148B1	O88833
Q148B1	Q6ZSU1
Q148B1	P00186
Q148B1	Q8BKE6
Q148B1	Q9DBX6
Q148B1	F8WGU9
Q148B1	P05183
Q148B1	P05177
Q148B1	O88962
Q148B1	Q9JKJ9
Q148B1	Q6UW02
Q148B1	P24462
Q148B1	P78329
Q148B1	P36423
Q148B1	P20852
Q148B1	Q9HBI6
Q148B1	P14137
Q148B1	Q6P7D4
Q148B1	P33273
Q148B1	O35132
Q148B1	Q64481
Q148B1	Q16696
Q148B1	Q5TCH4
Q148B1	P11715
Q148B1	P51589
Q148B1	P24456
Q148B1	D3YYZ0
Q148B1	P24462-2
Q148B1	P08684
Q148B1	P11509
Q148B1	Q86W10
Q148B1	D3ZTC9
Q148B1	A2A974
Q148B1	D3Z2W7
Q148B1	Q3UNV2
Q148B1	P49430
Q148B1	P04800
Q148B1	P33261
Q148B1	Q64505
Q148B1	P24464
Q148B1	A2A8T1
Q148B1	O35293
Q148B1	P28649
Q148B1	O75881
Q148B1	P22680
Q148B1	P13584-2
Q148B1	A2RRT9
Q148B1	XP_219933
Q148B1	Q02318
Q148B1	Q60991
Q148B1	Q91W87
Q148B1	P98187
Q148B1	E9PXC3
Q148B1	Q62969
Q148B1	Q5PQX2
Q148B1	P10633
Q148B1	P03940
Q148B1	P24557
Q148B1	Q99N18
Q148B1	B2RXA7
Q148B1	Q63688
Q148B1	Q4V8D1
Q148B1	P08686
Q148B1	Q9D816
Q148B1	P20813
Q148B1	P15129
Q148B1	P13584
Q148B1	Q9JJ02
Q148B1	P33267
Q148B1	O35728
Q148B1	D4AAL3
Q148B1	P56655
Q148B1	P18125
Q148B1	P24557-3
Q148B1	Q64429
Q148B1	P33260
Q148B1	Q8BVD2
Q148B1	XP_577774
Q148B1	O55071
Q148B1	P24903
Q148B1	Q99N17
Q148B1	P10610
Q148B1	XP_003086176
Q148B1	Q8K4D6
Q148B1	Q16678
Q148B1	Q8N118
Q148B1	P05179
Q148B1	Q8K0C4
Q148B1	Q9WVK8
Q148B1	P56654
Q148B1	P30100
Q148B1	Q9UNU6
Q148B1	Q16850
Q148B1	Q9Y6A2
Q148B1	K7N6C2
Q148B1	P15149
Q148B1	P10632
Q148B1	P27786
Q148B1	P33272
Q148B1	P00189
Q148B1	P20812
Q148B1	Q8TAV3
Q148B1	E9Q5K4
Q148B1	P24470
Q148B1	P12791
Q148B1	Q8N1L4
Q148B1	P04167
Q148B1	Q9QZ82
Q148B1	G3UW81
Q148B1	Q99N19
Q148B1	E9Q816
Q148B1	Q5GLZ0
Q148B1	P19225
Q148B1	Q64583
Q148B1	Q4G0S4-1
Q148B1	Q64654
Q148B1	P11510
Q148B1	Q64464
Q148B1	P05108
Q148B1	P05182
Q148B1	P51871
Q148B1	Q9WV19
Q148B1	Q64678
Q148B1	P08683
Q148B1	P05178
Q148B1	P05093
Q148B1	Q3MID2
Q148B1	P20853
Q148B1	P56657
Q148B1	Q05421
Q148B1	O54749
Q148B1	G3UW78
Q148B1	Q3V1F1
Q148B1	Q3UNV4
Q148B1	Q08477
Q148B1	Q4G0S4
Q148B1	Q64460
Q148B1	Q3TG86
Q148B1	P15538
Q148B1	P12790
Q148B1	Q924D1
Q148B1	D4AB65
Q148B1	P24457
Q148B1	P51870
Q148B1	Q6XVG2
Q148B1	P20817
Q148B1	P12938
Q148B1	P56593
Q148B1	P51590
Q148B1	O15528
Q148B1	L7N463
Q148B1	NP_062569
Q148B1	Q497U6
Q148B1	P10634
Q148B1	P11714
Q148B1	P19099
Q148B1	O35084
Q148B1	A0A087X1C5
Q148B1	Q09128
Q148B1	P04798
Q148B1	Q8CIM7
Q148B1	P12939
Q148B1	Q6A152
Q148B1	B1WC64
Q148B1	P15539
Q148B1	P13107
Q148B1	Q08477-2
Q148B1	P30099
Q148B1	Q8BTM0
Q148B1	P15393
Q148B1	P11511
Q148B1	O09158
Q148B1	Q64459
Q148B1	G3UXT0
Q148B1	P00185
Q148B1	P11711
Q148B1	Q9EP75
Q148B1	Q9HB55
Q148B1	P20815
Q148B1	Q6ZWL3
Q148B1	Q9JMA7
Q148B1	Q6NT55
Q148B1	P20815-2
Q148B1	Q9HCS2
Q148B1	Q9DBW0
Q148B1	P20814
Q148B1	Q9WVT5
Q148B1	Q91X77
Q148B1	Q8BGU0
Q148B1	B2RXZ2
Q148B1	Q07973
Q148B1	Q02928
Q148B1	Q99N16
Q148B1	Q9EQW4
Q148B1	O43174
Q148B1	Q569X9
Q148B1	P08516
Q148B1	P56656
Q148B1	Q9DBG1
Q148B1	Q7Z449
Q148B1	Q91W64
Q148B1	O55127
Q148B1	P17178
Q148B1	Q64441
Q148B1	Q64458
Q148B1	G3V7X8
Q148B1	P00176
Q148B1	D4A820
Q148B1	Q9CX98
Q148B1	P04799
Q148B1	Q96SQ9-2
Q148B1	Q64562
Q148B1	P11712
Q148B1	Q811W2
Q148B1	Q9NYL5
Q148B1	G3UZ38
Q148B1	P22443
Q148B1	P15392
Q148B1	P20816
D3ZHP6	D3ZHP6
D3ZHP6	Q15021
D3ZHP6	Q8K2Z4
Q96M89-2	Q96M89-2
Q96M89-2	Q96M89
Q96M89-2	D3ZGR6
Q96M89-2	Q0VF22
Q68CP4-2	Q68CP4-2
Q68CP4-2	Q68CP4
Q68CP4-2	Q3UDW8
Q96GS6-2	Q96GS6-2
Q96GS6-2	Q6PCB6
Q96GS6-2	Q7Z5M8
Q96GS6-2	Q6AY17
Q96GS6-2	Q5VST6
Q96GS6-2	Q7M759
Q96GS6-2	G3UZN6
Q96GS6-2	Q8N2K0
Q96GS6-2	Q80UX8
Q96GS6-2	Q99LR1
Q96GS6-2	Q6AYT7
Q96GS6-2	Q8N2K0-2
Q96GS6-2	Q8VCV1
Q96GS6-2	B5DFK7
Q96GS6-2	D4A1B6
Q96GS6-2	Q7L211
Q96GS6-2	Q96GS6
Q96GS6-2	Q5XIJ5
Q96GS6-2	Q99JW1
Q6PEC3	Q6PEC3
Q6PEC3	B0BMV4
Q6PEC3	Q5BJH7-6
Q6PEC3	O95070
Q6PEC3	Q9CX30
Q6PEC3	Q91XB7
Q6PEC3	Q5BJH7
Q65Z15	Q65Z15
Q65Z15	P53347
Q65Z15	P13725
Q561Q8	Q561Q8
Q561Q8	Q9CQA5
Q561Q8	Q9NPJ6
O88823	O88823
O88823	O76095
O88823	O88824
Q6AYG0	Q6AYG0
Q6AYG0	Q96FB5
Q6AYG0	Q8BZG5
Q5U1Z8	Q5U1Z8
Q5U1Z8	Q96I23
Q5U1Z8	Q9D1C3
O88752	O88752
O88752	P02088
O88752	P69905
O88752	P02042
O88752	P02089
O88752	Q6B0K9
O88752	P68871
O88752	P02104
O88752	P02100
O88752	O88754
O88752	P04444
O88752	P02091
O88752	P02008
O88752	P06467
O88752	Q91VB8
O88752	P01942
O88752	Q921A4
O88752	P09105
O88752	P01946
O88752	Q3U0A6
O88752	Q6PDU6
O88752	A8DUK4
O88752	O88753
O88752	P69892
O88752	P69891
O88752	P04443
O88752	Q8WWM9
O88752	Q9CX80
O88752	P11517
Q5XIQ5	Q5XIQ5
Q5XIQ5	Q80UZ2
Q5XIQ5	Q9NVU7
Q16851-2	Q16851-2
Q16851-2	Q07130
Q16851-2	Q16851
Q16851-2	Q4V8I9
Q16851-2	Q91ZJ5
Q9ULC4-2	Q9ULC4-2
Q9ULC4-2	Q4G009
Q9ULC4-2	Q9ULC4-3
Q9ULC4-2	A0A3B3IRV3
Q9ULC4-2	Q9DB27
Q9ULC4-2	Q9ULC4
Q9ULC4-2	XP_006235345
Q9ULC4-2	Q9CQ21
D4A4X7	D4A4X7
D4A4X7	Q8NHP6
D4A4X7	Q9CWP6
Q4G2Y1	Q4G2Y1
Q4G2Y1	Q86UA6-8
Q4G2Y1	Q86UA6
Q4G2Y1	Q9CWY9
Q5M869	Q5M869
Q5M869	Q9Y3P8
Q5M869	Q8C503
H0YIS7	H0YIS7
H0YIS7	Q8IXM2
H0YIS7	Q9DCT6-3
H0YIS7	Q8IXM2-3
H0YIS7	Q8IXM2-2
H0YIS7	B0BNM4
H0YIS7	Q9DCT6
H0YIS7	Q6P5S7
H0YIS7	Q8K3C0
A5GZW8	A5GZW8
A5GZW8	O14521
A5GZW8	Q9CXV1
A5GZW8	Q6PCT8
P78348-3	P78348-3
P78348-3	Q9UHC3-3
P78348-3	Q62962
P78348-3	Q925H0
P78348-3	Q16515
P78348-3	P51168-2
P78348-3	Q9R0W5
P78348-3	Q925H0-2
P78348-3	Q9UHC3
P78348-3	Q61180
P78348-3	O35240
P78348-3	Q16515-2
P78348-3	Q9JHS6
P78348-3	P37088
P78348-3	P51168
P78348-3	Q9WU39
P78348-3	Q9UHC3-2
P78348-3	P37088-2
P78348-3	Q7TNS7
P78348-3	Q96FT7
P78348-3	P37089
P78348-3	P78348
P78348-3	P37091
P78348-3	P51172
P78348-3	Q6X1Y6
P78348-3	P51170
P78348-3	Q9R0Y1
P78348-3	P37090
P78348-3	Q6NXK8
P78348-3	P55926
P78348-3	Q9NY37
P78348-3	Q9WU38
P78348-3	P78348-1
P53805-3	P53805-3
P53805-3	Q14206
P53805-3	Q9JKK0
P53805-3	Q9JHG2
P53805-3	Q9UKA8
P53805-3	Q8CH27
P53805-3	Q9JHG6
P53805-3	Q5D1N7
P53805-3	P53805-2
P53805-3	Q6IN33
P53805-3	P53805
Q8BNQ3	Q8BNQ3
Q8BNQ3	Q80ZU9
Q8BNQ3	E9Q343
Q8BNQ3	Q96N19
Q8BNQ3	Q8N3F9
Q8BNQ3	D3ZFP1
Q8BNQ3	Q8C7F6
Q8BNQ3	O60478
Q8BNQ3	Q96N19-2
XP_001064890	XP_001064890
XP_001064890	Q8BU36
XP_001064890	O75486
XP_001064890	Q15543
XP_001064890	P61216
Q9H0W8-2	Q9H0W8-2
Q9H0W8-2	Q9H0W8
Q9H0W8-2	Q5PQS6
Q9H0W8-2	Q9DB90
Q6P4D5-3	Q6P4D5-3
Q6P4D5-3	Q6P4D5
Q6P4D5-3	Q6AYT4
Q6P4D5-3	Q9DB52
Q6P4D5-3	Q96E09
Q6P4D5-3	A6QLK8
Q6P4D5-3	A2VDS8
Q6P4D5-3	D3ZN42
Q6P4D5-3	Q6NZE7
Q6P4D5-3	Q7Z309-2
Q6P4D5-3	Q7Z309
Q6P4D5-3	Q7Z309-3
Q8CHW5	Q8CHW5
Q8CHW5	A0JNT9
Q8CHW5	Q6ZP65
Q8CHW5	B1WBT3
Q8CHW5	A1A5D9
Q8CHW5	A0A0G2JY46
Q4L235	Q4L235
Q4L235	Q80WC9
P60924	P60924
P60924	Q9DCV6
P60924	Q14154
Q8C761	Q8C761
Q8C761	D3ZYV1
Q8C761	Q8WVS4
Q6ZUS6	Q6ZUS6
Q6ZUS6	Q6ZUS6-4
Q5XFZ0	Q5XFZ0
Q5XFZ0	Q32NC0
Q5XFZ0	Q4V7D8
Q9BQE4	Q9BQE4
Q9BQE4	Q8VHV8
Q9BQE4	Q9BCZ4
Q6NV72	Q6NV72
Q6NV72	Q9H6R7
Q6NV72	XP_006239930
Q8ND83	Q8ND83
Q8ND83	Q68FF7
Q8ND83	Q8CI08
Q8ND83	Q9P270
Q8ND83	Q8CI08-2
Q8ND83	NP_001100684
Q5W064	Q5W064
Q5W064	Q9CPP7
Q5W064	P07098-3
Q5W064	P07098
Q5W064	Q5VXJ0
Q5W064	Q8BM14
Q5W064	Q5VXI9
Q5W064	Q3U4B4
Q5W064	Q8K2A6
Q5W064	A0A494BBH0
Q5W064	Q5VYY2
Q5W064	D3ZUQ1
Q5W064	D4AA61
Q5W064	Q9Z0M5
Q5W064	P38571
Q5W064	Q64194
Q5W064	P04634
Q3UKJ7	Q3UKJ7
Q3UKJ7	Q2TAY7
Q3UKJ7	Q99M63
Q99PL8	Q99PL8
Q99PL8	O60779
Q99PL8	Q9EQN9
Q99PL8	Q9BZV2
Q99PL8	Q62866
Q99PL8	P41438
Q99PL8	P41440
Q99PL8	Q53S99-2
Q99PL8	Q53S99
Q99PL8	P41440-2
Q9H7Z3	Q9H7Z3
Q9H7Z3	XP_234465
Q9H7Z3	Q80XC6
Q91XU8	Q91XU8
Q91XU8	P98191
Q91XU8	Q92903
Q91XU8	Q99L43
Q91XU8	O95674
Q91XU8	O35052
A0JLT2	A0JLT2
A0JLT2	Q8C1S0
A0JLT2	D3ZAP1
Q8QZX2	Q8QZX2
Q8QZX2	B1WC65
Q8QZX2	Q68CZ6
Q6NX79	Q6NX79
Q6NX79	Q6ZUT1
Q6NX79	B1WC13
Q6NX79	Q6ZUT1-2
Q498E1	Q498E1
Q498E1	Q9D0A0
Q498E1	Q7L5Y6
Q5U465	Q5U465
Q5U465	Q86Z20
Q96CJ1	Q96CJ1
Q96CJ1	Q811X5
Q96CJ1	D4A2G7
Q96CJ1	Q96JC9
Q96CJ1	Q91ZD6
Q96CJ1	Q9D4C5
Q920N2	Q920N2
Q920N2	P50747
Q920N2	XP_038944725
Q6NS46	Q6NS46
Q6NS46	Q14690
Q6NS46	D3ZNI3
Q6PF06	Q6PF06
Q6PF06	Q5U2R4
Q6PF06	Q5RJK3
Q6PF06	Q3UFY8
Q6PF06	Q7L0Y3
Q6PF06	Q9D075
Q6PF06	Q4KLI2
Q6PF06	Q8C1Z8
Q6PF06	Q8TBZ6
Q9P1Z9-3	Q9P1Z9-3
Q9P1Z9-3	Q9P1Z9
Q5M818	Q5M818
Q5M818	Q9NX20
Q5M818	Q99N93
Q16587-5	Q16587-5
Q64560	Q64560
Q64560	P29144
Q64560	Q64514
Q64560	Q64514-2
D3ZX44	D3ZX44
D3ZX44	Q8NFU0
D3ZX44	Q6H1V1
D3ZX44	Q8N1M1
D3ZX44	D4A3A7
D3ZX44	O76090
D3ZX44	Q8NFU1
D3ZX44	O76090-3
D3ZX44	Q8BGM5
D3ZX44	O88870
D3ZCZ3	D3ZCZ3
D3ZCZ3	Q8R4T1
D3ZCZ3	Q717R9
Q9Y4B5-2	Q9Y4B5-2
Q9Y4B5-2	Q9Y4B5
Q9Y4B5-2	XP_237548
Q9Y4B5-2	Q6NZL0
Q9Y4B5-2	O94964-3
Q9Y4B5-2	A2ACV6
Q9Y4B5-2	O94964
Q9Y4B5-2	D3Z623
Q9Y4B5-2	Q9Y4B5-4
Q9Y4B5-2	Q5TF21
Q9Y4B5-2	E1U8D0
Q9Y4B5-2	O94964-2
Q9Y4B5-2	XP_230787
Q9Y4B5-2	Q3UHU5
Q9Y4B5-2	D4A0A1
Q9Y4B5-2	Q6ZU52
Q9UHL3	Q9UHL3
Q9UHL3	P0C7A2
Q9NQG6-2	Q9NQG6-2
Q9NQG6-2	Q9NQG6
Q9NQG6-2	Q5NCS9
Q9NQG6-2	Q8BGV8
Q9NQG6-2	XP_001929401
Q9NQG6-2	Q96C03-3
Q9NQG6-2	Q5XIS8
Q9NQG6-2	Q96C03
O95998-3	O95998-3
O95998-3	O95998
O95998-3	Q9Z0M9
D4A6Z8	D4A6Z8
D4A6Z8	Q08460-4
D4A6Z8	O54982
D4A6Z8	Q08460-2
D4A6Z8	Q28265
D4A6Z8	Q08460-5
D4A6Z8	Q8AYS8
D4A6Z8	Q12791-2
D4A6Z8	Q12791
D4A6Z8	Q28204
D4A6Z8	Q12791-3
D4A6Z8	A8MYU2
D4A6Z8	Q62976
D4A6Z8	Q08460
Q9Y2D8-2	Q9Y2D8-2
Q9Y2D8-2	Q8VC66
Q9Y2D8-2	Q9Y2D8
Q9Y2D8-2	Q8CGZ2
Q9HCH0-2	Q9HCH0-2
Q9HCH0-2	D3Z9A7
Q9HCH0-2	O14513
Q9HCH0-2	Q6GQX2
Q9HCH0-2	Q9HCH0
Q9HCH0-2	Q29SA9
Q9D4D7	Q9D4D7
Q9D4D7	Q8BHG3
Q9D4D7	Q6AY41
Q9D4D7	A0ZSE6
Q9D4D7	Q9NV96-2
Q9D4D7	Q9NV96
Q9D4D7	Q8VEK0
Q9D4D7	Q3MIR4
Q5FVL6	Q5FVL6
Q5FVL6	Q9D8C2
Q5FVL6	Q9CQ88
Q5FVL6	O95857
Q5FVL6	Q5U1V9
Q5FVL6	Q12999
Q8TB36-2	Q8TB36-2
Q8TB36-2	Q8VE33
Q8TB36-2	D4A5X7
Q8TB36-2	Q96MZ0-4
Q8TB36-2	O88741
Q8TB36-2	Q8TB36
Q8TB36-2	Q96MZ0
Q8TB36-2	B4F774
Q8TED9-2	Q8TED9-2
Q8TED9-2	Q8BZI0-2
Q8TED9-2	Q5DTU0
Q8TED9-2	Q8N4X5
Q8TED9-2	Q8TED9-4
Q8TED9-2	Q8VH46
Q8TED9-2	Q8N4X5-4
Q8TED9-2	Q80YS6
Q8TED9-2	Q8BZI0
Q8TED9-2	Q8N556
Q8TED9-2	Q8TED9
Q8TED9-2	Q8N4X5-2
Q8TED9-2	Q8N556-2
Q8TED9-2	D4AB98
Q8TED9-2	M0R484
Q8TED9-2	Q17R10
D3ZUL1	D3ZUL1
D3ZUL1	Q9D8X2
D3ZUL1	Q96CT7
D3Z393	D3Z393
D3Z393	H3BPM6
P00481	P00481
P00481	P11725
P00481	P00480
P62853	P62853
P62853	P62851
P62853	P62852
P62853	XP_913389
O43670-2	O43670-2
O43670-2	Q9JMD0
O43670-2	O43670
O43670-2	O43670-4
O43670-2	Q498C9
D3ZZA6	D3ZZA6
D3ZZA6	Q62764
D3ZZA6	Q9JKB3
D3ZZA6	Q9JKB3-2
D3ZZA6	P16989
D3ZZA6	P67809
D3ZZA6	P16989-2
D3ZZA6	Q8K3Y3
D3ZZA6	Q9H9Z2
D3ZZA6	Q45KJ6
D3ZZA6	Q6ZN17
D3ZZA6	D4A3P0
D3ZZA6	B2RUF0
D3ZZA6	P62961
D3ZZA6	P62960
D3ZZA6	Q9Y2T7
D3ZZA6	XP_038955078
M0R5D2	M0R5D2
M0R5D2	D4ACM9
M0R5D2	C0HKD9
M0R5D2	C0HKD8
M0R5D2	P55081
P29327	P29327
P29327	Q5E995
P29327	P62754
P29327	P62755
P29327	P62753
Q96DE5	Q96DE5
Q96DE5	Q9CPV2
Q96DE5	D3ZDN9
Q15393	Q15393
Q15393	Q921M3
Q15393	E9PT66
P31785	P31785
P31785	P34902
P31785	P21183
P31785	Q01344
Q8K3W3	Q8K3W3
Q8K3W3	Q8K3X0
Q8K3W3	O15234
O15457	O15457
O15457	Q99MT2
P51970	P51970
P51970	Q9DCJ5
P51970	Q7TP78
Q61884	Q61884
Q61884	Q8NEH6
Q61884	Q6AXQ8
Q86V97	Q86V97
Q86V97	NP_001289873
Q86V97	Q501K2
Q86V97	Q8WVZ9
Q96D03	Q96D03
Q96D03	Q8VD50
Q96D03	Q8VHZ5
Q96D03	Q9D3F7
Q96D03	Q8VHZ9
Q96D03	Q9NX09
A2AKG8	A2AKG8
A2AKG8	Q5VW36
A2AKG8	XP_233144
Q9D6Y7	Q9D6Y7
Q9D6Y7	Q923M1
Q9D6Y7	Q9UJ68
P97358	P97358
P97358	D3ZYB7
P97358	Q53T94
E9Q4X2	E9Q4X2
E9Q4X2	Q9JLA3
E9Q4X2	Q6P5E4
E9Q4X2	Q9NYU2
E9Q4X2	Q9NYU2-2
E9Q4X2	Q9NYU1
E9Q4X2	ENSRNOP00000048127
P07099	P07099
P07099	Q9D379
P07099	P07687
Q6PFY8	Q6PFY8
Q6PFY8	Q9H8W5
Q6PFY8	Q6PFY8-2
Q8BYH3	Q8BYH3
Q8BYH3	Q9NUP7
Q8BYH3	B2GV29
Q8K3M5	Q8K3M5
Q8K3M5	Q9ESJ1
Q8K3M5	Q8TDN4
Q8K3M5	F1LUR9
Q8K3M5	Q9BTV7
Q9QXM0	Q9QXM0
Q9QXM0	P08910
P01034	P01034
P01034	Q9JM84
P01034	P01048
P01034	P01036
P01034	G3V8S9
P01034	Q80ZN5
P01034	D3ZMP7
P01034	O88969
P01034	P49913
P01034	P51437
P01034	P01037
P01034	Q9H112
P01034	Q9D269
P01034	XP_003086309
P01034	Q80Y72
P01034	Q15828
P01034	Q9D1B1
P01034	Q5W188
P01034	O08677-2
P01034	P14841
P01034	P01042-2
P01034	O08692
P01034	P09228
P01034	P08934
P01034	P01042
P01034	P19313
P01034	Q9DAN8
P01034	D3ZCV2
P01034	Q8VII2
P01034	Q6S9I3
P01034	Q6S9I2
P01034	O60676
P01034	Q5W186
P01034	O08677
P01034	O76096
P01034	Q3SXH5
P01034	P21460
P01034	O89098
P01034	D3ZNB1
P01034	Q9H114
P01034	Q9H4G1
P01034	Q8VII3
P01034	Q8K5A3
P01034	Q9Z0H6
P01034	Q8VIH8
P01034	P32766
P01034	P22282
P01034	P28325
Q66JT7	Q66JT7
Q66JT7	Q96H96
Q66JT7	Q8CFY5
Q66JT7	Q12887
Q66JT7	Q499N4
Q66JT7	F1LVF4
O14972	O14972
O14972	B1H223
O14972	O35075
E9Q793	E9Q793
E9Q793	Q6NUN7
Q0P557	Q0P557
Q0P557	Q8TC71
Q0P557	Q6AYL6-2
Q0P557	Q6AYL6
Q8BME7	Q8BME7
Q7TMJ7	Q7TMJ7
Q7TMJ7	Q8NBZ0
Q7TMJ7	Q6AYH2
Q9QUI6	Q9QUI6
Q9QUI6	Q16570
Q9QUI6	Q16570-2
Q9ERR7	Q9ERR7
Q9ERR7	Q923V8
Q9ERR7	O60613
Q8C0R7	Q8C0R7
Q8C0R7	Q9H091
Q9D1G2	Q9D1G2
Q9D1G2	Q15126
Q9D1G2	Q5RK24
Q2M3R5	Q2M3R5
Q2M3R5	Q8BY79
Q8C7I4	Q8C7I4
Q8C7I4	Q8VDU3
Q8C7I4	M0RCB7
Q8C7I4	B2RT54
Q8C7I4	B1AQP7
Q8C7I4	Q9BWW9
Q8C7I4	O14791
Q8C7I4	G3X9K7
Q8C7I4	Q3UN08
Q8C7I4	Q9BPW4
Q8C7I4	Q9BWW8
Q8C7I4	E9PUZ0
Q8C7I4	Q8C6E1
Q8C7I4	O95236
Q8C7I4	Q3UZ24
Q8C7I4	M0R498
Q8C7I4	A2VDH7
Q8C7I4	O14791-2
Q8C7I4	Q9BQE5
O14894	O14894
O14894	P48230
O14894	Q91XD3
O14894	P30408
O14894	Q64302
O14894	Q9EQL5
O14894	Q53R12
O14894	Q9CQY8
O14894	Q91XF2
O14894	Q96DZ7
O14894	E9Q9H8
O14894	NP_001099343
O14894	Q96CE8
Q6RUT8	Q6RUT8
Q6RUT8	A6NI56
Q9D9E9	Q9D9E9
Q9D328	Q9D328
Q9D328	Q6JAM9
Q9D328	Q53FP2
Q9H061	Q9H061
Q9H061	Q9D8Y1
Q9H061	Q8IUX1
Q9H061	Q9D1R1
Q9H061	Q5HZA9
Q9H061	B2RZD2
Q80V38	Q80V38
Q80V38	Q9CYQ5
Q80V38	Q9NWW0
U2PSH1	U2PSH1
A0A2R8VHF7	A0A2R8VHF7
A0A2R8VHF7	Q2WGJ8
A0A459NDX2	A0A459NDX2
Q6AXY2	Q6AXY2
Q6AXY2	Q497N7
D4AAL2	D4AAL2
D4AAL2	Q6DFV1
D4AAL2	Q86XI2
D4AAL2	Q86XI2-2
Q96AT1	Q96AT1
Q96AT1	Q8K039
Q96AT1	Q5RKH3
O96007	O96007
O96007	Q9Z223
O96007	Q6AY59
P13609	P13609
P13609	P04917
P13609	P10124
Q9WU12	Q9WU12
Q9WU12	Q9Y675
Q9WU12	Q9WU11
Q4G061	Q4G061
Q4G061	Q8JZQ9
Q4G061	P55884
Q4G061	P55884-2
Q9UPW6	Q9UPW6
Q9UPW6	Q01826-2
Q9UPW6	Q8VI24
Q9UPW6	Q01826
Q9UPW6	Q5U2Y2
Q9UPW6	Q60611
Q5SRN2	Q5SRN2
O54825	O54825
O54825	Q80WL2
O54825	Q13895
Q96EZ8	Q96EZ8
Q96EZ8	Q96EZ8-2
Q96EZ8	Q99L90
Q96EZ8	G3V9E0
Q9CY64	Q9CY64
Q9CY64	Q9UQ10
Q9CY64	Q9DBB8
Q9CY64	Q9TQS6
Q9CY64	P46844
Q9CY64	P53004
Q99JX4	Q99JX4
Q99JX4	Q7L2H7
Q99JX4	D3ZAZ0
Q8K3A9	Q8K3A9
Q8K3A9	Q7L2J0
Q8K3A9	XP_222048
Q8K3A9	NP_001073752
Q5T0N1	Q5T0N1
Q5T0N1	D3YVL2
Q5T0N1	D4A513
P04234	P04234
P04234	P19377
P04234	P04235
P04234	P09693
P04234	Q64159
P04234	P11942
P24155	P24155
P24155	Q8C1A5
P24155	P52888
P24155	P42676
P24155	Q91YP2
P24155	Q9BYT8
Q6UVK1	Q6UVK1
Q6UVK1	Q8VHY0
Q6UVK1	Q00657
Q91VD9	Q91VD9
Q91VD9	Q66HF1
Q91VD9	P28331
Q91VD9	P28331-2
P29803	P29803
P29803	P08559
P29803	P08559-4
P29803	P35486
P29803	Q06437
P29803	P11960
P29803	P29804
P29803	P50136
P29803	NP_001116555
P29803	P35487
P29803	P12694
P29803	P08559-2
P29803	P26284
Q9H3H5	Q9H3H5
Q9H3H5	P42867
Q9H3H5	Q6P4Z8
Q8N9N8	Q8N9N8
Q8N9N8	Q5RKI6
Q8N9N8	Q3THJ3
Q96K17	Q96K17
Q96K17	Q9CQH7
Q96K17	D4A3I4
Q96K17	XP_226217
Q96K17	XP_001479756
Q96K17	Q5U3Y8
Q96K17	P20290-2
Q96K17	Q64152
Q96K17	P20290
O55023	O55023
O55023	O14732
O55023	Q91UZ5
O55023	P97697
O55023	P29218-3
O55023	Q8CIN7
O55023	P29218
Q6NUP7	Q6NUP7
Q6NUP7	Q8C0Y0
Q80ZS3	Q80ZS3
Q80ZS3	Q9EPJ3
Q80ZS3	Q9BYN8
Q66JQ7	Q66JQ7
Q66JQ7	A3KGI3
Q66JQ7	Q8NG31-2
Q66JQ7	Q8NG31
Q66JQ7	D3ZNX2
P11608	P11608
P11608	P03930
P11608	P03928
Q2TAA2	Q2TAA2
Q2TAA2	Q711G3
Q2TAA2	Q9DB29
Q9CXF0	Q9CXF0
Q9CXF0	P70712
Q9CXF0	Q16719
Q9CXA2	Q9CXA2
Q9CXA2	D3ZV91
Q9CXA2	Q96EM0
P33048	P33048
P33048	P39037
P33048	P10598
P33048	P05814
P33048	P02666
P33048	P02665
P33048	Q9GKK3
Q8JZM7	Q8JZM7
Q8JZM7	Q6P1J9
Q8JZM7	Q4V8C8
Q4W4Y0	Q4W4Y0
Q4W4Y0	Q4KL13
Q5VYV7	Q5VYV7
Q5VYV7	Q9D7Y9
P61514	P61514
P61514	P61513
P61514	NP_001192247
P61514	A6NKH3
Q86WX3	Q86WX3
Q86WX3	A0A0U1RRW3
Q86WX3	Q8C6B9
Q8NFM7	Q8NFM7
Q8NFM7	Q60943
Q8NFM7	Q96F46
Q8NFM7	Q8JZL1
Q96PS1	Q96PS1
Q96PS1	Q9D4K4
Q96RK4	Q96RK4
Q96RK4	Q96RK4-2
Q96RK4	Q8C1Z7
Q92536	Q92536
Q92536	Q9Z1K8
Q92536	Q9UM01
Q92536	Q9NS82
Q92536	Q8BGK6
Q92536	Q9R0S5
Q92536	Q50E62
Q92536	D3ZMM8
Q92536	Q91WN3
Q92536	Q8TCU3
Q92536	Q63016
Q92536	Q9QXA6
Q92536	Q9Z127
Q92536	P82251
Q92536	Q01650
Q92536	Q9WTR6
Q92536	NP_446178
Q92536	Q5RKI7
Q92536	P63115
Q92536	Q9WVR6
Q92536	P82252
Q92536	Q8MH63
Q92536	Q9GIP4-1
Q92536	D4ADU2
Q92536	Q9QXW9
Q92536	Q9UPY5
Q92536	Q9UHI5-4
Q92536	Q9UHI5
Q92536	Q9GIP4
O14862	O14862
O14862	P0DOV2_VAR_I158S
O14862	Q16666-3
O14862	Q504N7
O14862	P0DOV1
O14862	E9Q3L4
O14862	Q5U2R8
O14862	P0DOV2
O14862	Q6K0P9-2
O14862	O35368
O14862	Q6K0P9
O14862	W6CW81
O14862	XP_136331
O14862	P41218
O14862	Q91VJ1
O14862	D4A9W0
O14862	Q9R002
O14862	Q8BV49
O14862	Q8CGE8
O14862	XP_993590
O14862	XP_573515
O14862	Q6K0P9-3
O14862	D0QMC3
O14862	Q16666-2
O14862	E9QAN9
O14862	Q16666
Q96N76	Q96N76
Q96N76	D3ZIC2
Q96N76	Q8VC12
Q9NYZ2	Q9NYZ2
Q9NYZ2	Q96A46
Q9NYZ2	Q920G8
Q9NYZ2	G3V865
Q9NYZ2	Q66H23
Q9NYZ2	Q8R0Z5
Q7TPM1	Q7TPM1
Q7TPM1	Q9Y520-3
Q7TPM1	Q6MG48
Q7TPM1	Q7TSC1
Q7TPM1	Q9Y520
Q7TPM1	Q9Y520-2
Q7TPM1	Q3TLH4-5
Q7TPM1	P48634-2
Q7TPM1	E1BAF6
Q7TPM1	Q5JSZ5
Q7TPM1	D3ZZ51
Q7TPM1	Q9Y520-4
Q7TPM1	Q9Y520-7
Q7TPM1	F8WHT3
Q7TPM1	XP_341142
Q7TPM1	Q3TLH4
Q7TPM1	Q5JSZ5-5
Q7TPM1	P48634
Q9NRM1	Q9NRM1
Q9NRM1	O55196
Q6Q760	Q6Q760
Q6Q760	Q8BXR5
Q6Q760	Q8IZF0
O15287	O15287
O15287	Q9EQR6
O15287	XP_017449210
P46059	P46059
P46059	Q9JIP7
P46059	Q9ES07
P46059	Q16348
P46059	P51574
P46059	Q63424
D3ZS22	D3ZS22
D3ZS22	Q9JHS9
D3ZS22	Q9P013
D3ZS22	Q5BJP2
XP_038964480	XP_038964480
XP_038964480	Q6NUQ1
XP_038964480	Q8BZ36
A0A140LIA7	A0A140LIA7
A0A140LIA7	A0A1B0GTL2
A0A8I5ZXK6	A0A8I5ZXK6
A0A8I5ZXK6	Q8BVN8
A0A8I5ZXK6	Q4FZV3
A0A8I5ZXK6	O14645
A0A8I5ZXK6	Q3UZ57
A0A8I5ZXK6	Q5T1B0
F1LZJ4	F1LZJ4
F1LZJ4	Q5T013
F1LZJ4	Q8R1F5
A0A0G2JW38	A0A0G2JW38
A0A0G2JW38	Q8VEE0
A0A0G2JW38	Q2QD12
A0A0G2JW38	Q96AT9
Q3V3N7	Q3V3N7
Q3V3N7	Q8NFJ9
Q3V3N7	Q8NFJ9-2
Q9CPV1	Q9CPV1
Q9CPV1	Q96BD8
Q9CPV1	B0BN28
Q5DTX6	Q5DTX6
Q5DTX6	Q9P266
Q5DTX6	XP_001056659
A0A1B0GVG4	A0A1B0GVG4
A0A1B0GVG4	A0A140LIT1
Q9JIX9	Q9JIX9
Q9JIX9	Q14296
P41226	P41226
P41226	Q9UBT2
P41226	Q641Y5
P41226	Q02053
P41226	O95352
P41226	Q9DBK7
P41226	Q9D906
P41226	A2BDX3
P41226	Q9UBE0
P41226	Q9R1T2
P41226	Q9Z1A5
P41226	Q9UBE0-2
P41226	Q5U300
P41226	XP_008771915
P41226	Q8TBC4
P41226	NP_001094049
P41226	O95396
P41226	Q99MI7
P41226	Q8C878
P41226	NP_001100683
P41226	Q6AXQ0
P41226	Q9UBE0-3
P41226	Q8C7R4
P41226	P31254
P41226	A0AVT1
P41226	O95352-3
P41226	Q8VBW6
P41226	Q9Z1F9
P41226	Q13564
P41226	P22314
P41226	Q13564-2
P41226	NP_001380849
P41226	D4A8L5
P41226	Q13564-4
B2RYB2	B2RYB2
B2RYB2	Q8K0Y7
B2RYB2	Q9BUH6
Q9D938	Q9D938
Q9D938	Q9NX00
Q9WVF7	Q9WVF7
Q9WVF7	ENSRNOP00000053523
Q9WVF7	Q07864
Q99N42	Q99N42
Q99N42	P19971-2
Q99N42	Q5FVR2
Q99N42	P19971
Q9DBS1	Q9DBS1
Q9DBS1	Q5XIP9
Q9DBS1	Q9BTV4
Q9H040	Q9H040
Q9H040	D3ZVU1
Q9H040	G3X912
P31041	P31041
P31041	P09793
P31041	P16410
P31041	Q62859
P31041	P31042
P31041	P10747
P31041	P10747-7
Q921C5	Q921C5
Q921C5	Q8TD16-2
Q921C5	Q96G01-4
Q921C5	Q8TD16
Q921C5	Q8BR07
Q921C5	Q96G01
Q921C5	Q496Z1
Q921C5	Q96G01-3
Q9WTX8	Q9WTX8
Q9WTX8	D3ZIV3
Q9WTX8	Q9Y6D9
Q8BG80	Q8BG80
Q8BG80	Q4KLY2
Q8BG80	Q6PJ61
Q8BG80	Q80XI1
Q8BG80	Q9NWN3
Q8R1N0	Q8R1N0
Q8R1N0	Q96NB3
Q8R1N0	Q3MHS2
Q9NP62	Q9NP62
Q9NP62	O09102
Q9NP62	O75603
Q9NP62	Q9Z288
Q9NP62	P70348
Q9NZ32	Q9NZ32
Q9NZ32	Q3ZBD2
Q9NZ32	Q5M9F7
Q9NZ32	Q9QZB7
Q99LM9	Q99LM9
Q99LM9	Q96BN2
Q99LM9	Q5BJQ7
Q9D3Z8	Q9D3Z8
Q8CDK3	Q8CDK3
Q8CDK3	Q8NA54
Q8CDK3	Q45GW3
Q9HBV1	Q9HBV1
Q9HBV1	Q9HBU9
Q9HBV1	Q9ES82
Q9HBV1	Q3BCU4
Q9HBV1	Q9ES81
Q9HBV1	Q9ES83
Q9HBV1	Q8NE79
Q6P6P7	Q6P6P7
Q6P6P7	Q2NL67
Q6P6P7	Q8N3A8
Q6P6P7	Q8N3A8-2
Q6P6P7	Q3UD82
Q6P6P7	F1M9T2
Q91V24	Q91V24
Q91V24	Q86UQ4
Q91V24	E9Q876
Q91V24	P41234
Q91V24	Q86UK0
Q91V24	A0A0G2K1Q8
Q91V24	O35600
Q91V24	O95477_VAR_11555T
Q91V24	D4ACN5
Q91V24	Q9ESR9
Q91V24	XP_001081605
Q91V24	Q9BZC7
Q91V24	Q8K442
Q91V24	O95477
Q91V24	Q6XBG2
Q91V24	Q4W5N1
Q91V24	O94911-1
Q91V24	P78363
Q91V24	Q8IUA7
Q91V24	Q6XBG3
Q91V24	Q8CF82
Q91V24	Q8R420
Q91V24	E9PX95
Q91V24	Q99758
Q91V24	E9PU17
Q91V24	Q9BZC7-3
Q91V24	Q8K441
Q91V24	Q8N139
Q91V24	Q8K449
Q91V24	Q8IZY2
Q91V24	Q7TNJ2
Q91V24	M0R7Y5
Q91V24	Q5SSE9
Q91V24	O94911
Q91V24	Q80ZB2
Q91V24	Q8K440
Q91V24	Q86UQ4-4
Q91V24	Q8K448
Q91V24	Q8WWZ7
Q91V24	M0R890
Q91V24	Q6XBG1
Q91V24	P41233
Q91V24	Q8WWZ4
Q8WV83	Q8WV83
Q8WV83	Q8R314
Q8WV83	D3ZT80
Q8JZS9	Q8JZS9
Q8JZS9	D3ZDX7
Q8JZS9	Q96GC5
Q9JHQ5	Q9JHQ5
Q9JHQ5	Q562C6
Q9JHQ5	Q9NQ48
Q5TA50	Q5TA50
Q5TA50	A6NH11
Q5TA50	Q5XIS2
Q5TA50	Q8K0R6
Q5TA50	Q8BS40
Q9HCC6	Q9HCC6
Q9HCC6	Q5TGS1
Q9HCC6	Q61657
Q9HCC6	D4ADJ5
Q9HCC6	O35779
Q9HCC6	Q9JHE6
Q9HCC6	P35429
Q9HCC6	Q9C0J9
Q9HCC6	Q9UBP5
Q9HCC6	Q99PV5
Q9HCC6	Q9QUS4
Q9HCC6	Q04666
Q9HCC6	Q5TA89
Q9HCC6	O35780
Q9HCC6	P70120
Q9HCC6	Q9BYE0
Q9HCC6	Q96HZ4
Q9HCC6	Q14469
Q9HCC6	Q8BKT2
Q9HCC6	P35428
Q9HCC6	O54792
Q9HCC6	Q03062
Q9HCC6	Q9Y543
Q9HCC6	A6NFD8
Q9HCC6	Q9NQ87
Q9HCC6	O35185
Q9HCC6	Q9Y5J3
Q9HCC6	Q9DBX7
Q9HCC6	O14503
Q9HCC6	Q9WV93
Q9HCC6	Q7TS99
Q9HCC6	Q04667
P0CE67	P0CE67
Q9DAJ5	Q9DAJ5
Q9DAJ5	Q9NP97
Q9DAJ5	P62627
Q9DAJ5	P62628
Q9DAJ5	Q8TF09
A8MVX0	A8MVX0
A8MVX0	Q8BW86
A8MVX0	A8MVX0-2
A8MVX0	D3Z8W6
P04636	P04636
P04636	P00346
P04636	P08249
P04636	P40926
Q8N9L7	Q8N9L7
Q56A04	Q56A04
Q56A04	A4GXA9
Q56A04	Q96AY2
Q56A04	D3ZCS5
Q56A04	Q8BJW7
Q99M01	Q99M01
Q99M01	Q6AYQ3
Q99M01	Q9BRP7
Q99M01	O95363
Q99M01	Q3UY23
D3ZAQ0	D3ZAQ0
D3ZAQ0	Q8IVP5
D3ZAQ0	Q9BWH2
D3ZAQ0	Q9D6K8
D3ZAQ0	Q8MJN0
D3ZAQ0	Q5BJS4
D3ZAQ0	Q9DB70
Q9CR46	Q9CR46
Q9CR46	Q8WVK7
Q9CR46	Q5I0J4
Q49B96	Q49B96
Q49B96	Q8K0C8
Q49B96	D3ZIS5
D3ZAP3	D3ZAP3
D3ZAP3	Q9P2G4
D3ZAP3	Q8BJS7
Q68FX7	Q68FX7
Q68FX7	Q13769
Q68FX7	Q8BKT7
Q9QZP1	Q9QZP1
Q9QZP1	O14893
Q9QZP1	Q9CQQ4
G3V9U5	G3V9U5
G3V9U5	B2RVB9
G3V9U5	Q9BU79
ABJ16425	ABJ16425
ABJ16425	Q9JM53
ABJ16425	Q8TDB4
ABJ16425	Q8VI64
ABJ16425	Q9Z0X1
ABJ16425	XP_003135418
ABJ16425	O95831-3
ABJ16425	O95831
Q6UXU6	Q6UXU6
Q6UXU6	B7ZWI3
P0C913	P0C913
P0C913	Q8TAD7
Q14BJ1	Q14BJ1
Q14BJ1	Q566R4
Q14BJ1	Q9QUI1
Q14BJ1	Q8N5H3
Q14BJ1	Q96GI7
Q14BJ1	Q6Q0N2
P49745	P49745
P49745	P40225
P49745	P40226
Q9CR84	Q9CR84
Q9CR84	P56384
Q9CR84	P05496
Q9CR84	P32876
Q9CR84	Q06645
Q9CR84	Q06055-3
Q9CR84	Q71S46
Q9CR84	P48201
Q9CR84	Q06055-2
Q9CR84	Q06055
Q9CR84	P56383
Q9CR84	Q06646
Q9CQY5	Q9CQY5
Q9CQY5	Q13454-2
Q9CQY5	Q13454
Q9CQY5	O35777
Q9CQY5	Q6AY49
Q9CQY5	Q8BTV1
Q9CQY5	Q9H0U3
E9QAS1	E9QAS1
E9QAS1	Q5JRM2
Q8C4C8	Q8C4C8
Q96M78	Q96M78
Q921W8	Q921W8
Q921W8	Q9JL59
Q921W8	Q8WVN6
Q4G0G2	Q4G0G2
Q5K130	Q5K130
Q9CX63	Q9CX63
Q9CX63	Q6UX52
A8MWP4	A8MWP4
Q9P1J3	Q9P1J3
Q9P1G2	Q9P1G2
Q9D7N6	Q9D7N6
Q9D7N6	Q8TCC3-2
Q9D7N6	P0C2C1
Q9D7N6	Q8TCC3
Q86XT9	Q86XT9
Q86XT9	Q9D123
Q9Y5M1	Q9Y5M1
P51795	P51795
P51795	P51795-2
P51795	P35524
P51795	P51797
P51795	P51788
P51795	P51794
P51795	Q9R0A1
P51795	O35454
P51795	P51801
P51795	P51796
P51795	P51792
P51795	P51792-2
P51795	Q8K4W8
P51795	Q9WVD4
P51795	P51801-2
P51795	P35523
P51795	D4A3H5
P51795	Q64347
P51795	P51790-2
P51795	O70496
P51795	P51799
P51795	P51798
P51795	P35525
P51795	P51798-2
P51795	P51800
P51795	Q06393
P51795	P51791
P51795	P51793
P51795	Q9WUB7
P51795	P51790
P51795	Q61418
P51795	Q9WUB6
P51795	P51802
Q6P1K8	Q6P1K8
Q6P1K8	Q13888
Q6P1K8	A0JN27
Q6P1K8	Q9JIB4
Q6ZV18	Q6ZV18
Q9BRI3-1	Q9BRI3-1
Q9BRI3-1	Q62941
Q9BRI3-1	P97441
Q9BRI3-1	Q99726
Q9BRI3-1	O55174
Q9BRI3-1	O35149
Q9BRI3-1	O14863
Q9BRI3-1	Q2HJ10
Q9BRI3-1	Q6QIX3
Q9BRI3-1	P0CE46
Q9BRI3-1	Q8IWU4
Q9BRI3-1	Q8BGG0
Q9BRI3-1	Q9BRI3
Q6ZQY7	Q6ZQY7
Q30KQ6	Q30KQ6
Q12882	Q12882
Q12882	Q8CHR6
Q12882	Q28943
Q12882	O89000
Q8IUR6	Q8IUR6
Q8IUR6	Q8CDG5
Q8NBT3	Q8NBT3
Q8NBT3	Q8C4U2
Q8BUE7	Q8BUE7
Q8BUE7	Q8N307
Q8BUE7	Q8N307-3
Q9BU89	Q9BU89
Q9BU89	Q5PPJ4
Q9BU89	Q99LN9
Q8R4A3	Q8R4A3
Q8R4A3	Q96B18
Q8R4A3	D3ZSK6
Q8R4A3	M0R4J7
Q8R4A3	Q0PHV7
Q8R4A3	D4A3W8
Q8R4A3	Q9NYF0
Q8R4A3	Q5SW24
Q8R4A3	Q7TN08
Q3UPH1	Q3UPH1
Q3UPH1	Q3T1I4
Q3UPH1	Q96M27
Q3UPH1	Q96M27-2
Q96KA5	Q96KA5
Q96KA5	B2RYF6
Q96KA5	Q8VBZ3
Q96KA5	O96005
Q96KA5	D4A416
Q96KA5	Q8BXA5
Q9CQJ7	Q9CQJ7
Q9CQJ7	P97613
Q9CQJ7	Q9NZH4
Q9CQJ7	O95997
Q9CQJ7	Q9NZH5
Q9BQG0	Q9BQG0
Q9BQG0	Q9BQG0-2
Q9BQG0	O35821
Q9BQG0	Q7TPV4
Q9BQG0	E1BKX3
P31431	P31431
P31431	P33671
P31431	P26260
P31431	P34901
P31431	O35988
P31431	P18828
P31431	P18827
P31431	G1TUQ1
P31431	P34900
P31431	P43407
P31431	P34741
P31431	Q64519
P31431	O75056
O43237	O43237
O43237	Q62698
O43237	Q9QXU8
O43237	Q8R1Q8
O43237	Q9Y6G9
O43237	Q6PDL0
O43237	Q90828
O43237	F1MBQ0
Q5STR5	Q5STR5
P83268	P83268
P83268	P68101
P83268	P05198
P83268	Q6ZWX6
P83268	P41374
O70548	O70548
O70548	A6HIS0
O70548	O15273
Q99KQ4	Q99KQ4
Q99KQ4	Q80Z29
Q99KQ4	P43490
Q6DQH2	Q6DQH2
Q9JHL0	Q9JHL0
Q9JHL0	Q8CGL2
Q9JHL0	Q9GZY6
XP_574612	XP_574612
XP_574612	Q9CPY3
XP_574612	Q96FF9
Q96MH6	Q96MH6
Q96MH6	Q9D850
Q96MH6	D3ZF19
Q9CYN2	Q9CYN2
Q9CYN2	D3ZD11
Q9CYN2	Q15005
Q9H7T3	Q9H7T3
Q9ESJ7	Q9ESJ7
Q9ESJ7	Q5VVH5
Q9BTE0	Q9BTE0
Q9BTE0	B0BN73
Q9BTE0	Q3UG98
NP_001177981	NP_001177981
NP_001177981	NP_001100741
NP_001177981	Q8BGZ9
NP_001177981	Q9QXN1
NP_001177981	P27782
NP_001177981	Q9UJU2-6
NP_001177981	Q9NR83-2
NP_001177981	Q6ZNC4
NP_001177981	P36402
NP_001177981	Q9UJU2
NP_001177981	Q9ERQ3
NP_001177981	F1M1R9
NP_001177981	Q9H8N7
NP_001177981	Q9NQB0-4
NP_001177981	P36402-4
NP_001177981	Q9NR83
NP_001177981	Q924A0
NP_001177981	P36402-5
NP_001177981	Q9NQB0
NP_001177981	P36402-6
NP_001177981	Q9NQB0-10
NP_001177981	Q9HCS4
NP_001177981	Q00417
NP_001177981	Q9Z1J1
NP_001177981	P36402-10
NP_001177981	Q9NQB0-3
NP_001177981	E9Q5N9
Q8BSA9	Q8BSA9
Q8BSA9	D3ZHR8
Q8BSA9	Q6IPR3
Q8WY22	Q8WY22
Q8WY22	Q8BXV2
Q8WY22	Q5U3Z5
D3ZUB7	D3ZUB7
D3ZUB7	Q91W96
D3ZUB7	Q9UJX5-3
D3ZUB7	Q9UJX5
A0A0A0MTA7	A0A0A0MTA7
Q1H5H1	Q1H5H1
Q1H5H1	P62342
Q1H5H1	P62341
Q4QQR9	Q4QQR9
Q4QQR9	Q91VH6
Q4QQR9	Q9Y316
Q4QQR9	Q9Y316-3
Q3B7D9	Q3B7D9
Q3B7D9	Q99J64
Q3B7D9	Q6ZSC3
XP_017451213	XP_017451213
XP_017451213	Q9NRQ5
XP_017451213	Q9JIS3
G3V628	G3V628
G3V628	Q3UM69
G3V628	Q5SQH8
G3V628	Q5SQH8-4
XP_002729038	XP_002729038
XP_002729038	Q9CR64
XP_002729038	Q8TBQ9
XP_002729038	Q9NRX6
XP_002729038	Q80X45
Q15392-2	Q15392-2
Q15392-2	Q5BQE6
Q15392-2	Q15392
Q15392-2	Q8VCH6
NP_001102456	NP_001102456
NP_001102456	Q9BRP8
NP_001102456	Q8CHP5
NP_001102456	Q8BJW6
NP_001102456	Q9BY44-2
NP_001102456	Q9BY44
NP_001102456	NP_001102809
D3ZHW9	D3ZHW9
D3ZHW9	P60896
D3ZHW9	P60897
D3ZTN2	D3ZTN2
D3ZTN2	Q7Z7K0
D3ZTN2	Q9CPZ8
F1M0M3	F1M0M3
F1M0M3	P00340
F1M0M3	P00338-2
F1M0M3	P04642
F1M0M3	Q3U1V6
F1M0M3	Q8IX04
F1M0M3	Q9BYZ2
F1M0M3	Q99816
F1M0M3	P07195
F1M0M3	Q61187
F1M0M3	P00338
F1M0M3	Q6IRE4
F1M0M3	Q8BVP2
F1M0M3	P19629
F1M0M3	P07864
F1M0M3	Q7TNA8
F1M0M3	P00342
F1M0M3	P06151
F1M0M3	Q6ZMR3
F1M0M3	P00338-3
F1M0M3	P42123
F1M0M3	P16125
Q5SQF8	Q5SQF8
Q5SQF8	Q9HAJ7
Q5SQF8	D3ZJK3
Q5SQF8	NP_001386204
Q5SQF8	O88574
Q5SQF8	O75446
P23475	P23475
P23475	Q6AZ64
P23475	P12956
E9Q1P8	E9Q1P8
E9Q1P8	Q9H1B7
E9Q1P8	Q7Z5L9-2
E9Q1P8	Q8K3X4
E9Q1P8	M0R9Z5
E9Q1P8	Q7Z5L9
E9Q1P8	Q8R3Y8
E9Q1P8	D4AAZ8
E9Q1P8	Q8IU81
E9Q1P8	Q5EIC4
P02316	P02316
P02316	P02313
P02316	P09602
P02316	P05114
P02316	Q66H40
P02316	P18608
P02316	Q15651
P02316	Q9DCB1-2
P02316	Q9DCB1
P02316	O00479
P02316	P18437
P02316	Q9JL35
P02316	P82970
P02316	B4F777
P02316	Q5U1W8
P02316	P05204
P02316	Q15651-2
Q9R1P3	Q9R1P3
Q9R1P3	P40307
Q9R1P3	P49721
Q99J77	Q99J77
Q99J77	B1WC26
Q99J77	Q9NR45
Q8BHA3	Q8BHA3
Q8BHA3	B0K034
Q8BHA3	Q96FN9
P0DW28	P0DW28
P0DW28	P0DW27
D4A7L6	D4A7L6
D4A7L6	P49247
D4A7L6	P47968
D3ZG88	D3ZG88
D3ZG88	O60232
D3ZG88	P56873
D3ZRH1	D3ZRH1
D3ZRH1	Q15070
D3ZRH1	Q8BGA9
Q9JKX6	Q9JKX6
Q9JKX6	Q9UKK9
Q9JKX6	Q6AY63
A2APA5	A2APA5
A2APA5	D3ZKD8
A2APA5	Q5JX71
A2APA5	Q5JX69
Q9DB10	Q9DB10
Q9DB10	Q9H4I9
Q9DB10	XP_235517
Q8CFV4	Q8CFV4
Q8CFV4	Q496H8
Q8CFV4	Q8C4W3
Q8CFV4	O08957
Q8CFV4	Q9NPD7
D3YZP9	D3YZP9
D3YZP9	Q16204
D3YZP9	D4AEK9
Q9D0M3	Q9D0M3
Q9D0M3	D3ZFQ8
Q9D0M3	P00125
Q9D0M3	P08574
Q9NZJ4	Q9NZJ4
Q9NZJ4	F1N4J2
Q9NZJ4	Q9JLC8
Q9NZJ4	XP_224256
O55003	O55003
O55003	Q4G086
O55003	Q9ET45
O55003	O60238
O55003	Q12983
O55003	Q9Z2F7
O55003	ENSRNOP00000041876
Q96RN5	Q96RN5
Q96RN5	Q924H2
Q96RN5	G3V684
Q9D385	Q9D385
Q9D385	Q4V8E4
Q9D385	Q96G28
Q9D385	Q4V8C5
Q9D385	Q8C6E0
Q9D385	Q96G28-2
Q9D385	Q9Y2Y0
Q9D385	Q9Y2Y0-2
Q9H6R4	Q9H6R4
Q9H6R4	A0A0G2QC27
Q9H6R4	Q8R5K4
Q8R0W6	Q8R0W6
Q8R0W6	Q5U2S1
Q8R0W6	Q9BT67
Q8R0W6	Q91ZP6
Q8R0W6	Q9BT67-2
Q8R0W6	Q9NV92
Q9D483	Q9D483
Q9D483	Q5XIL3
Q9D483	Q9BUI4
P78318	P78318
P78318	O08836
P78318	D3ZMB4
P78318	Q9QZ29
P78318	Q61249
P78318	A0A1W2PR95
Q96RY7	Q96RY7
Q96RY7	E9PY46
Q96RY7	F1LY69
NP_597784	NP_597784
Q8CIH9	Q8CIH9
Q8CIH9	Q06203
Q8CIH9	P35433
Q9D7E4	Q9D7E4
Q9D7E4	Q9UFG5
Q9D7E4	Q6AY72
Q9D1H6	Q9D1H6
Q9D1H6	Q9NQR8
Q9D1H6	Q9P032
Q78IK2	Q78IK2
Q78IK2	Q96IX5
Q78IK2	Q9JJW3
O75575	O75575
O75575	Q8VHM6
O75575	O35427
Q9CQ06	Q9CQ06
Q9CQ06	Q96A35
Q9CQ06	Q3SYS0
Q9CQ06	Q66H47
Q6P8Y7-2	Q6P8Y7-2
Q6P8Y7-2	Q8N9S9
Q6P8Y7-2	Q6P8Y7
Q6P8Y7-2	Q6AYS6
Q6P8Y7-2	Q8BVL3
Q6P8Y7-2	Q15036
XP_213779	XP_213779
XP_213779	O70305-2
XP_213779	Q99700
XP_213779	NP_001192459
XP_213779	Q7TQH0
XP_213779	Q8WWM7
XP_213779	Q8WWM7-2
XP_213779	B3DMA1
XP_213779	E1BE88
XP_213779	Q8WWM7-3
XP_213779	Q7TQH0-2
XP_213779	Q99700-2
XP_213779	O70305
Q3U564	Q3U564
Q3U564	D3ZZJ7
Q3U564	Q3SZL6
Q3U564	Q91YD3
Q3U564	D4AE80
Q3U564	Q9NPI6
Q3U564	Q8IZD4
Q8C341	Q8C341
Q8C341	Q9UBS9
Q8C341	Q710E6
Q8C341	Q8C341-2
Q9BZG2-2	Q9BZG2-2
Q9BZG2-2	Q9NPH0
Q9BZG2-2	Q8BP40
Q9BZG2-2	Q4FZU0
Q9BZG2-2	P20646
Q9BZG2-2	P20611
Q9BZG2-2	P15309-2
Q9BZG2-2	P11117
Q9BZG2-2	Q9BZG2
Q9BZG2-2	P24638
Q9BZG2-2	Q8CE08
Q9BZG2-2	D3YTS9
Q9BZG2-2	P15309
Q6ZQ06	Q6ZQ06
Q6ZQ06	Q5TB80
Q6ZQ06	Q4KLH6
Q7L0X2	Q7L0X2
Q7L0X2	Q8ND61
Q7L0X2	Q8CDN1
Q7L0X2	D3Z6S9
Q7L0X2	Q5XI56
Q7L0X2	Q5W0A0
Q5PPI0	Q5PPI0
Q5PPI0	Q9NQ32
Q5PPI0	Q9JJR6
Q3URK1	Q3URK1
Q3URK1	D3ZPM4
Q3URK1	Q86UF4
Q9CZD0	Q9CZD0
Q9CZD0	Q9Y4U1
Q9CZD0	D4A729
Q9BRA0	Q9BRA0
Q9BRA0	Q9BRA0-2
Q9BRA0	Q9D2U5
Q9BRA0	G3V785
Q9R226	Q9R226
Q9R226	Q15637-6
Q9R226	O75525-2
Q9R226	Q60749
Q9R226	Q9JLP1
Q9R226	Q15637-2
Q9R226	Q91XU1
Q9R226	Q9QYS9
Q9R226	Q96PU8
Q9R226	Q29RQ2
Q9R226	Q07666
Q9R226	Q96PU8-3
Q9R226	Q5VWX1
Q9R226	Q9WU01
Q9R226	Q15637-5
Q9R226	Q96PU8-6
Q9R226	Q91V33
Q9R226	Q64213
Q9R226	O75525
Q9R226	Q07666-2
Q9R226	Q64213-2
Q9R226	Q15637-4
Q9R226	Q07666-3
Q9R226	Q9QYS9-6
Q9R226	Q15637
Q9R226	NP_001104263
Q9R226	Q920F3
Q96N21-2	Q96N21-2
Q96N21-2	G3V8Y7
Q96N21-2	Q3U3N6
Q96N21-2	Q96N21
A8MTA8-2	A8MTA8-2
A8MTA8-2	Q4QR77
A8MTA8-2	A8MTA8
A8MTA8-2	Q6J272
A8MTA8-2	Q9D4K5
A8MTA8-2	XP_017449401
A8MTA8-2	A2AIP0
Q9P003	Q9P003
Q9P003	D3ZTY0
Q9P003	Q6ZWS4
Q9P003	D0Q0Y7
Q9P003	Q8TBE1
Q9P003	Q5BJU5
Q9P003	Q6PI25
Q9P003	O35089
Q9P003	Q9CX13
Q9P003	O35372
Q9P003	O95406
Q60756	Q60756
Q60756	Q60948
Q60756	P04198
Q60756	P70595
Q60756	O43680
Q60756	Q64124
Q60756	Q7RTU7
Q60756	Q9HBZ2
Q60756	O35437
Q60756	P19359
Q60756	Q60867
Q60756	Q64289
Q60756	Q62282
Q60756	D4A2E3
Q60756	Q63379
Q60756	Q61079
Q60756	P27540
Q60756	O70361
Q60756	P41739
Q60756	P19532
Q60756	Q64092
Q60756	O15516
Q60756	P12980
Q60756	P19484
Q60756	Q96NK8
Q60756	Q9WTN3-4
Q60756	Q15788-2
Q60756	NP_001099277
Q60756	Q9WUQ3
Q60756	Q01664
Q60756	P36956-3
Q60756	O55208
Q60756	P56645
Q60756	P27792
Q60756	Q9R210
Q60756	P15063
Q60756	P48986
Q60756	Q923Z4
Q60756	O35885
Q60756	Q0VBL6-2
Q60756	Q63302
Q60756	P41136
Q60756	P41137
Q60756	Q9WTN3
Q60756	P70447
Q60756	Q6QHK4
Q60756	Q9HD90
Q60756	Q62414
Q60756	Q16559
Q60756	Q6P8Z1
Q60756	Q7RTU5
Q60756	O08718
Q60756	Q9Y6Q9-2
Q60756	Q02363
Q60756	Q9H2A3
Q60756	Q15784
Q60756	P15172
Q60756	Q13562
Q60756	Q61026
Q60756	P70562
Q60756	Q62912
Q60756	Q61324
Q60756	Q78E60
Q60756	Q8BGW3
Q60756	M0QWB7
Q60756	Q9WTL8-4
Q60756	Q63689
Q60756	P50553
Q60756	Q9NQ33
Q60756	Q13516
Q60756	Q61039
Q60756	P61296
Q60756	P61295
Q60756	Q08874-8
Q60756	Q8WVJ9
Q60756	P97831
Q60756	Q9D030
Q60756	XP_344145
Q60756	Q8CJE2
Q60756	P70365
Q60756	Q9WVS9
Q60756	Q15853-3
Q60756	P41135
Q60756	Q14190-2
Q60756	Q9EPW1
Q60756	Q15788
Q60756	O15534
Q60756	Q96SQ7
Q60756	O35973
Q60756	Q15672
Q60756	Q9EPJ1
Q60756	Q8NDY6
Q60756	Q9WTL8
Q60756	Q9QZQ0
Q60756	P50538
Q60756	P36956
Q60756	P30561
Q60756	O09015
Q60756	O00327
Q60756	Q05195
Q60756	P20067
Q60756	P12979
Q60756	P35869
Q60756	Q498R2
Q60756	O00327-8
Q60756	Q9Z301
Q60756	NP_001100578
Q60756	P10166
Q60756	P41134
Q60756	P15173
Q60756	P41738
Q60756	P41133
Q60756	P41138
Q60756	P12524
Q60756	P22415
Q60756	P97460
Q60756	Q6XD76
Q60756	Q9EPU2
Q60756	Q3U1L5
Q60756	P50539-3
Q60756	P81133
Q60756	Q0VBL6
Q60756	Q9I8T7
Q60756	Q8C6A8
Q60756	Q9QX98
Q60756	Q8C4Y1
Q60756	P61244-2
Q60756	M0QW46
Q60756	Q02577
Q60756	O35800
Q60756	Q9Y2N7
Q60756	O08785
Q60756	P09416
Q60756	Q99742
Q60756	Q7RTS3
Q60756	P56720-1
Q60756	D3ZS54
Q60756	Q8N100
Q60756	Q64221
Q60756	O00327-3
Q60756	O75030
Q60756	Q99743
Q60756	Q14582
Q60756	P01108
Q60756	P97459
Q60756	Q7RTS1
Q60756	Q8WYA1
Q60756	Q9Z2E5
Q60756	NP_001101482
Q60756	P97832
Q60756	Q02575
Q60756	P01106
Q60756	Q9QYC3
Q60756	Q2VPD4
Q60756	Q7RTU3
Q60756	O14948
Q60756	Q64279
Q60756	Q14602
Q60756	Q02576
Q60756	Q92858
Q60756	P48985
Q60756	Q0VG99
Q60756	Q99583
Q60756	Q6PFG8
Q60756	Q9WTW4
Q60756	O96004
Q60756	P27540-2
Q60756	Q8CHI5
Q60756	P52164
Q60756	O09000
Q60756	Q15596
Q60756	O09105
Q60756	Q02067
Q60756	O08574
Q60756	Q9WUI9
Q60756	D3ZAW6
Q60756	O54943
Q60756	Q9Y6Q9
Q60756	P41139
Q60756	Q15853
Q60756	O08789
Q60756	NP_001272354
Q60756	Q9Z304
Q60756	P56720
Q60756	Q02535
Q60756	Q64705
Q60756	Q63665
Q60756	P50539
Q60756	Q9BW11
Q60756	P23999
Q60756	G3V612
Q60756	Q9EQW6
Q60756	Q7RTU0
Q60756	Q7RTU4
Q60756	P50540
Q60756	Q8TAK6
Q60756	Q9JHS2
Q60756	P01106-1
Q60756	D3Z921
Q60756	P19484-2
Q60756	Q9Y2N7-2
Q60756	P19360
Q60756	P47928
Q60756	P26687
Q60756	P24699
Q60756	Q8IXF0
Q60756	Q5RJB0
Q60756	Q9JKN5
Q60756	Q9Y4Z2
Q60756	P52164-2
Q60756	P13349
Q60756	O88940
Q60756	D3ZJT6
Q60756	Q9JIZ5
Q60756	Q3U1U7
Q60756	NP_596882
Q60756	P70661
Q60756	O75030-5
Q60756	Q3T1I5
Q60756	O60682
Q60756	Q61045
Q60756	D4A287
Q60756	P12525
Q60756	Q12870
Q60756	A9YTQ3
Q60756	Q80US8
Q60756	D3ZVU3
Q60756	P20428
Q60756	Q66HH3
Q60756	O75030-2
Q60756	P22091
Q60756	O35410
Q60756	Q61069
Q60756	P53762
Q60756	Q8NFJ8
Q60756	Q96RJ6
Q60756	Q9JK54
Q60756	Q75NT5
Q60756	Q9JJR7
Q60756	P10085
Q60756	P17542
Q60756	Q16665
Q60756	A6NI15
Q60756	Q9BRJ9
Q60756	Q64305
Q60756	Q02346
Q60756	P97481
Q60756	Q14190
Q60756	P19335
Q60756	P15375
Q60756	Q3U1N2
Q60756	Q99814
Q60756	Q92886
Q60756	P97309
Q60756	Q7RTU1
Q60756	Q4KLM8
Q60756	Q99NA2
Q60756	P36956-4
Q60756	Q08874
Q60756	O88368
Q60756	P23409
Q60756	Q12772
Q60756	O75030-9
Q60756	P03966
Q60756	O15055
Q60756	Q61221
Q60756	P28574
Q60756	P61244
Q60756	P70660
Q60756	Q8IV76
Q60756	Q99929
Q60756	Q9JLR5
Q60756	Q9JHS1
Q99P63	Q99P63
Q99P63	Q8IYU8
Q99P63	Q8CD10
Q99P63	Q86XE3
Q99P63	Q9CTY5
A3KMH1-3	A3KMH1-3
A3KMH1-3	A3KMH1
A3KMH1-3	Q8CC88
A3KMH1-3	XP_038949970
O95347-2	O95347-2
O95347-2	NP_001102136
O95347-2	O95347
O95347-2	Q8CG48
Q9BTX1-2	Q9BTX1-2
Q9BTX1-2	Q8VCB1
Q9BTX1-2	Q9BTX1
Q9BTX1-2	Q6AXN4
A2VCX1	A2VCX1
A2VCX1	Q8BH58
A2VCX1	O75663
Q5T011-5	Q5T011-5
Q5T011-5	A2A9C3
Q5T011-5	D3ZUQ8
Q5T011-5	Q5T011
G3V858	G3V858
G3V858	Q96QU8
G3V858	Q924Z6
Q7TQ16	Q7TQ16
Q7TQ16	P13271
Q7TQ16	O14949
Q7TQ16	Q9CQ69
B1H257	B1H257
B1H257	Q9D920
B1H257	Q969J3
P0C0P7	P0C0P7
P0C0P7	P0C0P8
P0C0P7	P0C0P6
A2APX8	A2APX8
A2APX8	Q9ULQ1
A2APX8	Q86XQ3
A2APX8	Q96P56
A2APX8	Q80W99
A2APX8	O08562
A2APX8	P15390
A2APX8	Q4G0N8
A2APX8	Q9EQ60
A2APX8	Q13698
A2APX8	O43497-2
A2APX8	A2AIS0
A2APX8	Q9UQD0-3
A2APX8	Q9Y5Y9
A2APX8	Q00975
A2APX8	Q9P0X4
A2APX8	Q15858-3
A2APX8	Q02485
A2APX8	P15381
A2APX8	Q5SUF7
A2APX8	A2ASI5
A2APX8	P35498-3
A2APX8	Q01815
A2APX8	O88457
A2APX8	O43497
A2APX8	Q6XS92
A2APX8	O54898
A2APX8	P27732
A2APX8	Q99250
A2APX8	B1AWN6
A2APX8	Q01668-2
A2APX8	O00555
A2APX8	B2RWX7
A2APX8	P07293
A2APX8	Q13936
A2APX8	A2ARP9
A2APX8	Q91ZR5
A2APX8	Q02789
A2APX8	O95180
A2APX8	Q9UQD0
A2APX8	Q6AXP6
A2APX8	O43497-6
A2APX8	P15381-4
A2APX8	Q8NEC5
A2APX8	O55017-2
A2APX8	Q9Z0Y8
A2APX8	O00555-4
A2APX8	Q5TAH2
A2APX8	E9Q7P2
A2APX8	Q9WTN5
A2APX8	F1LZS9
A2APX8	Q9ER60
A2APX8	P22002
A2APX8	Q62968
A2APX8	BAA34185.2
A2APX8	Q9JJV9
A2APX8	P35498
A2APX8	Q5SUG0
A2APX8	Q9ULQ1-3
A2APX8	F8VPQ7
A2APX8	P15389
A2APX8	Q9JIS7
A2APX8	Q5SUG4
A2APX8	Q6UJY2
A2APX8	P04774
A2APX8	Q14524
A2APX8	P04775
A2APX8	Q15878
A2APX8	P97706
A2APX8	Q62467
A2APX8	Q61290
A2APX8	O88427
A2APX8	O88420
A2APX8	Q9NY46-3
A2APX8	Q9NY46
A2APX8	Q9R053
A2APX8	O60840
A2APX8	Q62205
A2APX8	Q99246
A2APX8	Q9UI33
A2APX8	Q01668
A2APX8	Q07652
A2APX8	O43497-13
A2APX8	Q02294
A2APX8	Q0PCR6
A2APX8	P35499
A2APX8	O55017
A2APX8	Q9WTU3
A2APX8	P08104
A2APX8	Q01118
A2APX8	P97445
A2APX8	A1XIQ4
A2APX8	Q9PUM6
A2APX8	P54282
A2APX8	Q13936-12
A2APX8	Q05152
A2APX8	Q13936-2
A2APX8	Q9EQJ0
A2APX8	Q15858
A2APX8	Q6QIY3
A2APX8	IPI00476429
A2APX8	Q9NY46-2
Q86SG4	Q86SG4
Q8C8H8	Q8C8H8
Q8C8H8	Q8NBH2
Q6P6J4	Q6P6J4
Q6P6J4	Q8K1E6
Q6P6J4	Q96Q83
Q6P6J4	Q5XIC8
Q6P6J4	Q6NS38-2
Q6P6J4	Q6NS38
Q96BT1	Q96BT1
Q4V8K2	Q4V8K2
Q4V8K2	Q8WYA6
Q4V8K2	Q9CWL8
Q86VG3	Q86VG3
Q86VG3	Q9CQI4
Q8NBZ9	Q8NBZ9
Q8BL06	Q8BL06
Q8BL06	Q6IE24
Q8BL06	Q70EL1-9
Q8BL06	Q70EL1-6
Q8BL06	Q70EK8
Q8BL06	P15975
Q8BL06	Q70EL1-10
Q8BL06	Q70EL1
Q8WU76	Q8WU76
Q8WU76	Q5U2R9
Q8WU76	Q8BTY8
P00493	P00493
P00493	P27605
P00493	Q9NRG1
P00493	B2RYS6
P00493	P00492
Q9UF83	Q9UF83
Q8TC05-3	Q8TC05-3
Q8TC05-3	Q5PQN4
Q8TC05-3	Q9D067
Q8TC05-3	Q8TC05
Q8TC05-3	Q8TC05-4
Q8TC05-3	Q8TC05-2
P20411	P20411
P20411	P20963-3
P20411	P30273
P20411	Q4V7G0
P20411	P24161
P20411	P24161-2
P20411	P20963
P20411	P20491
Q13439-3	Q13439-3
Q13439-3	Q91VW5
Q13439-3	E1B7E3
Q13439-3	Q5U4E6
Q13439-3	Q13439-5
Q13439-3	Q13439
Q9QX69	Q9QX69
Q9QX69	O89112
Q9QX69	Q68FQ9
Q9QX69	O43813
Q9QX69	Q9JJK2
Q9QX69	Q9NS86
Q9QX69	Q6ZV70
Q9QX69	Q8CD19
Q8BTE5	Q8BTE5
Q8BTE5	A8MTT3
Q6AYE1	Q6AYE1
Q6AYE1	Q8C1Y8
Q6AYE1	A0A140UHX9
Q6AYE1	P86790
Q6AYE1	P86791
B2RYA6	B2RYA6
B2RYA6	Q9EQC8
B2RYA6	Q92733
Q5M9G5	Q5M9G5
Q5M9G5	Q6PB51
Q5M9G5	Q8IWD4
Q32M02	Q32M02
Q32M02	O14926
Q32M02	D3ZX02
Q32M02	Q61553
Q32M02	P85845
Q32M02	Q16658
B0BNE5	B0BNE5
B0BNE5	P10768
B0BNE5	Q9R0P3
Q66HE1	Q66HE1
Q66HE1	Q12796
Q66HE1	Q63647
Q66HE1	Q9CR73
Q66HE1	Q9NPJ4
Q66HE1	Q3TWH3
O94874-3	O94874-3
O94874-3	Q8CCJ3
O94874-3	B2GV24
O94874-3	O94874
O94874-3	O94874-2
G3V6N4	G3V6N4
G3V6N4	P09926
G3V6N4	Q15527
O95785-2	O95785-2
O95785-2	O95785-3
O95785-2	Q9H582-2
O95785-2	D4A778
O95785-2	O88286
O95785-2	Q9H582
O95785-2	E9Q624
O95785-2	O95785
O95785-2	NP_001101534
Q9JLI7	Q9JLI7
Q9JLI7	Q3V0U9
Q9JLI7	NP_001099595
Q9JLI7	O75602
Q58DX5-2	Q58DX5-2
Q58DX5-2	XP_980320
Q58DX5-2	Q58DX5
Q58DX5-2	XP_001062720
Q9BX79-3	Q9BX79-3
Q9BX79-3	Q9BX79-4
Q9BX79-3	O70491
Q9BX79-3	Q4QR83
Q9BX79-3	Q9BX79
P48637	P48637
P48637	P46413
P48637	P51855
P10715	P10715
P10715	P00004
P10715	P62895
P10715	P62894
P10715	P99999
P10715	P62898
P10715	P62897
P10715	P00015
Q9Z2Y8	Q9Z2Y8
Q9Z2Y8	D3ZCA0
Q9Z2Y8	O94903
Q9EQN3	Q9EQN3
Q9EQN3	Q9Y3Q8
Q9EQN3	P62500
Q9EQN3	Q15714
Q9EQN3	E9Q7M2
Q9EQN3	O75157
Q9EQN3	D3ZDW3
Q9EQN3	P62501
Q9EQN3	D3YZZ4
Q9EQN3	Q9EQZ1
Q9EQN3	P62500-2
Q9EQN3	Q99576
Q9EQN3	Q99576-3
Q9EQN3	Q9Z2S7
Q9EQN3	Q9Z2S7-3
Q9EQN3	Q15714-2
Q9EQN3	E1BFH5
Q9EQN3	P80220
Q9EQN3	Q3B8N7
O95932	O95932
O95932	P16452
O95932	P00488
O95932	D4A5U3
O95932	NP_001153896
O95932	Q8BH61
O95932	Q9JLF6
O95932	Q14CG3
O95932	XP_001080162
O95932	O08619
O95932	F1LZP0
O95932	Q9D7I9
O95932	Q96PF1
O95932	B5DF57
O95932	P21981
O95932	Q08189
O95932	Q9WVJ6
O95932	P21980
O95932	O43548
O95932	Q99041
O95932	P16452-2
O95932	Q08188
O95932	Q8BZH1
O95932	P23606
O95932	P49221
O95932	P22735
O95932	P49222
Q3UKV0	Q3UKV0
Q3UKV0	P70541
Q3UKV0	Q9NR50
Q9CSV6	Q9CSV6
Q9CSV6	Q587I9
Q9CSV6	D3ZV26
Q8WZA0	Q8WZA0
Q8WZA0	Q8WZA0-2
Q8WZA0	Q5PQN7
Q8WZA0	Q8K3C3
Q6UWF3	Q6UWF3
Q6UWF3	Q3UU41
Q6ZWN5	Q6ZWN5
Q6ZWN5	P29314
Q6ZWN5	P46781
Q3UL97	Q3UL97
Q3UL97	D3ZS88
Q3UL97	Q6VMQ6-2
Q3UL97	Q6VMQ6-4
Q3UL97	Q5U623
Q3UL97	Q5U623-2
Q3UL97	Q7TT18
Q3UL97	Q6VMQ6
Q8BX13	Q8BX13
Q8BX13	Q7Z6J8
Q8BX13	Q3T1H6
D3ZT71	D3ZT71
D3ZT71	P59017
D3ZT71	Q9BXK5
Q5SXJ3	Q5SXJ3
Q5SXJ3	Q5RJZ1
Q5SXJ3	Q9NZ71
Q5SXJ3	Q9NZ71-2
Q5SXJ3	Q9BX63-2
Q5SXJ3	Q9BX63
Q5SXJ3	Q0VGM9
Q5SXJ3	A0A0G2K475
A2AGB2	A2AGB2
A2AGB2	Q8N0U7
XP_145468	XP_145468
XP_145468	Q02543
XP_145468	P62718
XP_145468	P62717
XP_145468	XP_574336
Q92934	Q92934
Q92934	O35147
Q92934	Q61337
P29037	P29037
P29037	P62380
P29037	P62340
P29037	D4A898
P29037	Q66HB1
P29037	Q91YM5
P29037	A6H909
P29037	Q6SJ95
P29037	P20226
P29037	Q6SJ96
Q9P0I2	Q9P0I2
Q9P0I2	Q5U2V8
Q9P0I2	Q99KI3
D4AAK2	D4AAK2
D4AAK2	Q9ERH4
D4AAK2	Q9BXS6
D4AAK2	Q9BXS6-4
D4AAK2	Q9BXS6-2
Q7TMS5	Q7TMS5
Q7TMS5	Q9DBM0
Q7TMS5	Q9EPG9
Q7TMS5	Q91WA9
Q7TMS5	Q99P81
Q7TMS5	P58428
Q7TMS5	Q498U1
Q7TMS5	Q99PE8
Q7TMS5	D4A896
Q7TMS5	Q80W57
Q7TMS5	Q9H172
Q7TMS5	P45844
Q7TMS5	Q99PE7
Q7TMS5	Q9H222
Q7TMS5	Q9H221
Q7TMS5	P45844-8
Q7TMS5	D3ZCM3
Q7TMS5	Q64343
Q7TMS5	P45844-2
Q7TMS5	NP_001121783
Q7TMS5	Q9UNQ0
XP_144292	XP_144292
XP_144292	Q8N614
XP_144292	Q5BK38
Q9CQD9	Q9CQD9
XP_001081956	XP_001081956
XP_001081956	Q9H799-5
XP_001081956	Q9H799
XP_001081956	Q8CE72
XP_001081956	XP_003749263
O54728	O54728
O54728	Q6P1J6
O54728	Q3TTY0
Q8CCC3	Q8CCC3
Q8CCC3	Q8IXR9
NP_001101054	NP_001101054
NP_001101054	Q99LG2
NP_001101054	Q92973
NP_001101054	XP_038958071
NP_001101054	Q8BFY9
NP_001101054	D3ZER6
NP_001101054	O14787
NP_001101054	Q8BKC5
NP_001101054	O60518
NP_001101054	Q8BIV3
NP_001101054	O00410-3
NP_001101054	D4A781
NP_001101054	O00410
NP_001101054	Q92973-2
NP_001101054	Q92973-3
Q6UXU0	Q6UXU0
Q9Z2Q2-2	Q9Z2Q2-2
Q9Z2Q2-2	O00193
Q9Z2Q2-2	Q9R0P4
Q9Z2Q2-2	Q1ED39
Q9Z2Q2-2	D4AE78
Q9Z2Q2-2	Q9Z2Q2
Q9Z2Q2-2	NP_001013920
Q7Z6I8-2	Q7Z6I8-2
Q7Z6I8-2	M0R469
Q7Z6I8-2	Q80X32
Q7Z6I8-2	Q7Z6I8
Q7Z6I8-2	XP_573984
Q96I15-2	Q96I15-2
Q96I15-2	Q99P39
Q96I15-2	Q9Z1J3
Q96I15-2	Q9Z1J3_VAR_N334K
Q96I15-2	Q9Y697
Q96I15-2	Q9JLI6
Q96I15-2	Q96I15
Q96I15-2	Q68FT9
Q68DK7-3	Q68DK7-3
Q68DK7-3	Q6PDM1
Q68DK7-3	D3ZBD0
Q68DK7-3	Q68DK7
Q68DK7-3	Q68DK7-2
C4P6S0-2	C4P6S0-2
C4P6S0-2	C4P6S0
L0R8F8	L0R8F8
P16383-3	P16383-3
P16383-3	P16383
P16383-3	D4A8C8
P16383-3	Q8BKT3
P16383-3	D4A3Z4
P16383-3	Q9Y5B6
P16383-3	P58501
F1MXK2	F1MXK2
F1MXK2	D3ZC82
F1MXK2	Q5F2E7
F1MXK2	Q7Z417
A0A1B0GUA7	A0A1B0GUA7
Q3Y452	Q3Y452
Q9ULJ1-5	Q9ULJ1-5
Q9ULJ1-5	Q9ULJ1-6
Q9ULJ1-5	Q6AYX5
Q9ULJ1-5	A3KGV1
Q9ULJ1-5	Q9D478
Q9ULJ1-5	A3KGV1-4
Q9ULJ1-5	Q6AYX5-3
Q9ULJ1-5	Q5BJF6
Q9ULJ1-5	Q5BJF6-3
Q9ULJ1-5	Q9ULJ1
Q9ULJ1-5	Q9ULJ1-3
Q9ULJ1-5	Q9ULJ1-2
Q9ULJ1-5	Q9ULJ1-4
P81563	P81563
A6H5Y1	A6H5Y1
A6H5Y1	Q99550
A6H5Y1	Q99550-2
Q8TDM5	Q8TDM5
Q8TDM5	Q80ZQ0
P63272	P63272
P63272	P63271
P63272	B5DEM7
Q8N6L0	Q8N6L0
Q8N6L0	Q80VJ8
A2AM05	A2AM05
A2AM05	Q9NXG0-2
A2AM05	Q9NXG0
A2AM05	A2AM05-2
A2AM05	A9ZSY0
Q9DAX4	Q9DAX4
Q8R1U2	Q8R1U2
Q8R1U2	Q8NI22
Q8R1U2	Q99674
Q8R1U2	P97586
Q8R1U2	Q8K5B3
Q8R1U2	Q8K5B2
Q6AY19	Q6AY19
Q6AY19	Q8NI60
Q6AY19	Q6NSR3
Q6AY19	Q9D0L4
Q6AY19	Q96D53
Q6AY19	Q7Z695
Q6AY19	Q86TW2
Q6AY19	Q80V03
Q6AY19	Q60936
Q6AY19	Q566J8
Q6AY19	Q86TW2-2
Q6AY19	Q3MIX3
Q6AY19	Q5BJQ0
Q6AY19	NP_001129270
Q6DKG0	Q6DKG0
Q6DKG0	Q6PHQ8
Q6DKG0	Q5VZE5
K7ER74	K7ER74
K7ER74	G3V8D4
K7ER74	P02655
K7ER74	Q61268
K7ER74	Q05020
K7ER74	P55797
K7ER74	P55056
Q1HG60	Q1HG60
Q1HG60	Q80SX8
Q1HG60	Q9H611-3
Q1HG60	Q9H611
Q27W02	Q27W02
Q27W02	P61327
Q27W02	Q9CQL1
Q27W02	P61326
Q27W02	F1M0X6
Q27W02	Q96A72
Q27W02	Q0VC92
NP_001102276	NP_001102276
NP_001102276	O55057
NP_001102276	O43924
A0A5K7RLP0	A0A5K7RLP0
A0A5K7RLP0	C9JSJ3
A0A0G2JUP9	A0A0G2JUP9
A0A0G2JUP9	Q9D2C2
A0A0G2JUP9	Q96ER3
Q9ULK4-2	Q9ULK4-2
Q9ULK4-2	Q5EB59
Q9ULK4-2	Q9ULK4-3
Q9ULK4-2	Q9ULK4
Q9ULK4-2	Q80YQ2
Q8TBZ0	Q8TBZ0
Q8TBZ0	Q3V125
Q8VEH9	Q8VEH9
Q33DR2	Q33DR2
Q33DR2	Q5T2R2
Q6X4T0	Q6X4T0
Q86SQ7	Q86SQ7
Q86SQ7	Q80UF4
Q3MHD2	Q3MHD2
Q3MHD2	D4A8G0
Q3MHD2	Q9D0R8
Q3MHD2	Q3MHD2-2
Q61735	Q61735
Q61735	P97829
Q61735	Q08722-3
Q61735	Q61735-2
Q61735	P97829-2
Q61735	Q08722-4
Q61735	Q08722
Q5VXU9-2	Q5VXU9-2
Q5VXU9-2	A2ALV5
Q5VXU9-2	Q5VXU9
Q7Z6W1	Q7Z6W1
Q7Z6W1	P0C1V4
Q9BSD7	Q9BSD7
Q9BSD7	Q9CQA9
Q9BSD7	D4A478
Q5T0U0	Q5T0U0
Q5T0U0	Q8BVN0
Q5T0U0	XP_001072334
Q922P8	Q922P8
Q922P8	Q24JP5
Q922P8	Q8CEF9
Q922P8	F7BAB2
Q922P8	Q80WF4
Q922P8	Q8N3T6
Q922P8	XP_001078766
Q922P8	Q76HP2
Q922P8	Q6IEE6
Q922P8	Q76HP3
Q922P8	Q6IEE7
Q922P8	Q24JP5-3
Q922P8	Q14C87
Q922P8	Q14DG7
Q922P8	Q24JP5-2
Q6ZS82	Q6ZS82
Q6ZS82	Q148R9
P52019	P52019
P52019	Q14534
P52019	P52020
Q9BRA2	Q9BRA2
Q9BRA2	Q9CQM5
Q9BRA2	B0K010
Q9JIP3	Q9JIP3
Q9JIP3	Q9NRM6
Q14264	Q14264
Q3UFK1	Q3UFK1
Q3UFK1	Q8IWP9
Q3UFK1	Q8CEG5
Q3UFK1	Q9BUN5
O95190	O95190
O95190	O08608
O95190	P54369
O95190	Q9UMX2
O95190	Q9R109
O95190	A1BPI0
O95190	P54370
O95190	P54368
Q8N326	Q8N326
Q69Z37	Q69Z37
Q69Z37	Q8IVG5
Q69Z37	Q5K651
Q69Z37	E9PX59
Q69Z37	XP_038964516
Q61586	Q61586
Q61586	D3ZI76
Q61586	P97564
Q61586	Q9HCL2
Q61586	Q9ES71
Q61586	Q14DK4
Q61586	P98192
Q61586	Q6NUI2
Q61586	O15228
Q61586	Q6NUI2-4
Q3UY34	Q3UY34
Q3UY34	Q96C57
Q3UY34	Q5I034
O60516	O60516
O60516	Q80VV3
O60516	P70445
O60516	Q497A9
O60516	Q13542
O60516	Q13541
O60516	Q60876
O60516	NP_477295
O60516	Q62622
O60516	Q0P5A7
O60516	D4AEG8
Q92628	Q92628
Q92628	Q80U59
Q92628	D3ZYT3
E9Q4T4	E9Q4T4
E9Q4T4	Q8N9Z2
E9Q4T4	XP_576015
E9Q4T4	Q8IV32
E9Q4T4	Q8VEG0
E9Q4T4	Q4V7C4
Q8VDB2	Q8VDB2
Q8VDB2	Q9BV10
Q8VDB2	B1WBY3
P62242	P62242
P62242	P62241
P62242	P62243
O88622	O88622
O88622	Q86W56
O88622	Q9QYM2
Q9BSV6	Q9BSV6
Q9BSV6	Q5XIB7
Q9BSV6	Q8BMZ5
XP_001070400	XP_001070400
O15235	O15235
O15235	O35680
O15235	P62268
O15235	P62267
O15235	P62266
O15235	D3ZQX3
Q9CQP8	Q9CQP8
Q9CQP8	Q9NTU4
Q58Y74	Q58Y74
Q3U0J4	Q3U0J4
Q4KM37	Q4KM37
Q4KM37	Q99NF3
Q4KM37	Q9BYV8
P13501	P13501
P13501	P12850
P13501	O95715
P13501	Q03366
P13501	P02778
P13501	Q9WUQ5
P13501	P80098
P13501	P17515
P13501	Q9QXY8
P13501	P30882
P13501	P06765
P13501	P50231
P13501	P48061
P13501	P02776
P13501	Q9Z121
P13501	P48973
P13501	Q9Z126
P13501	P84444
P13501	Q9ERE0
P13501	P16619
P13501	P97884
P13501	Q9WVL7
P13501	P10855
P13501	P13236
P13501	P50230
P13501	A0A0H4LTL3
P13501	P10148
P13501	P14097
P13501	H7BX38
P13501	Q99616
P13501	P78556
P13501	Q68FP3
P13501	O15444
P13501	P50229
P13501	Q07325
P13501	O00585
P13501	P55773
P13501	O35903
P13501	P10720
P13501	Q16663
P13501	P42830
P13501	P47992
P13501	Q80YV8
P13501	P80162
P13501	P10145
P13501	P47993
P13501	O55038
P13501	P50228
P13501	Q8NHW4
P13501	P80075
P13501	P51672
P13501	P86793
P13501	P86792
P13501	O43927
P13501	P78423
P13501	P97885
P13501	O35188
P13501	P13500
P13501	Q9JKC0
P13501	P02775
P13501	P14844
P13501	Q62401
P13501	Q92583
P13501	D4ABS1
P13501	Q16627-2
P13501	Q5FVN3
P13501	O70460
P13501	P51670
P13501	P27784
P13501	Q99731
P13501	P19875
P13501	P10147
P13501	P14095
P13501	P97545
P13501	Q16627
P13501	P10889
P13501	O14625
P13501	Q9Y258
P13501	P22362
P13501	O89093
P13501	P40224
P13501	P18340
P13501	P48298
P13501	P30348
P13501	Q9JHH5
P13501	P10146
P13501	O00175
P13501	P51671
P13501	P09341
P13501	P55774
P13501	Q6W5C0
P13501	O55145
P13501	Q10746
P13501	O15467
P13501	P48061-4
P13501	Q9WUZ6
P13501	Q9UBD3
P13501	O00626
P13501	P19876
P13501	O88430
Q6ZQF9	Q6ZQF9
Q6ZQF9	Q92508
Q6ZQF9	Q9H5I5
Q6ZQF9	Q8CD54
Q6ZQF9	Q0KL00
Q6ZQF9	E2JF22
Q6ZQF9	Q9H5I5-4
Q99KK9	Q99KK9
Q99KK9	Q61035
Q99KK9	P49590
Q99KK9	Q4QQV4
Q99KK9	F1M9C9
Q99KK9	P12081
Q99848	Q99848
Q99848	Q9D903
Q99848	Q5M920
Q08877	Q08877
Q08877	O00429-6
Q08877	P39053-6
Q08877	Q8K1M6
Q08877	Q9UQ16
Q08877	O00429
Q08877	P18590
Q08877	Q8K1M6-3
Q08877	Q9WVP9
Q08877	P20591
Q08877	Q05193-2
Q08877	P21575
Q08877	O00429-2
Q08877	P09922
Q08877	Q9UQ16-3
Q08877	P20592
Q08877	Q9UQ16-4
Q08877	P50570
Q08877	P39052
Q08877	P39054
Q08877	O35303
Q08877	E9PUD2
Q08877	Q6PK57
Q08877	P39053
Q08877	P18588
Q08877	Q05193
Q08877	P39053-4
Q08877	P50570-4
Q08877	Q6ZS02
Q08877	Q05193-3
Q08877	P18589
Q08877	O00429-4
Q08877	P58281-2
Q08877	P50570-3
Q08877	Q2TA68
Q08877	P21575-2
Q08877	P39053-3
Q08877	P39054-2
Q08877	P58281
Q08877	Q8BZ98
Q08877	O60313
Q08877	P50570-2
Q08877	O00429-3
Q08877	O60313-2
Q8C1A3	Q8C1A3
Q8C1A3	Q498R1
Q8C1A3	Q9UBK8
Q8C1A3	Q9UBK8-1
Q9BTD1	Q9BTD1
A2AU37	A2AU37
A2AU37	Q4KLH7
A2AU37	O60216
A2AU37	Q61550
A2AU37	D4ADQ7
A2AU37	Q9H4I0
Q96HA8	Q96HA8
Q96HA8	Q80WB5
Q96HA8	Q5BJV9
A7E1Z1	A7E1Z1
A7E1Z1	Q68D42
A0A183	A0A183
A2A8U2	A2A8U2
A2A8U2	D3ZBW3
A2A8U2	F1N0C3
A2A8U2	Q5SNT2
P62244	P62244
P62244	P62245
P62244	P62246
O95467	O95467
O95467	Q9Z0F1
O95467	Q792G6
Q8C494	Q8C494
Q8C494	A8MZF0
XP_006246141	XP_006246141
XP_006246141	Q8VIK1
XP_006246141	Q9BV90
A0A3B3IS91	A0A3B3IS91
G3V678	G3V678
G3V678	P52434
G3V678	Q923G2
Q9D7M5	Q9D7M5
P49207	P49207
P49207	Q9D1R9
P49207	B2RZD4
Q9NQX3	Q9NQX3
Q9NQX3	Q03555
Q9NQX3	Q8BUV3
Q9NQX3	A0JNY3
Q9NQX3	Q9NQX3-2
Q5EBG6	Q5EBG6
Q5EBG6	P24622
Q5EBG6	Q9EPX0
Q5EBG6	P41316
Q5EBG6	P23928
Q5EBG6	P02511
Q5EBG6	P23927
Q5EBG6	P02489
Q5EBG6	Q7M2W6
Q5EBG6	F1RM62
Q5EBG6	P24623
Q5EBG6	P42929
Q5EBG6	Q9QZ58
Q5EBG6	P15991
Q5EBG6	Q9BQS6
Q5EBG6	O35878
Q5EBG6	P42930
Q5EBG6	Q9DAM3
Q5EBG6	P04792
Q5EBG6	P02470
Q5EBG6	P97541
Q5EBG6	Q9JK92
Q5EBG6	P14602
Q5EBG6	Q99PR8
Q5EBG6	Q9QZ57
Q5EBG6	D4ACX7
Q5EBG6	Q16082
Q5EBG6	Q12988
Q5EBG6	P02510
Q5EBG6	O14558
Q5EBG6	Q00649
Q5EBG6	Q9UJY1
Q5EBG6	Q5S1U1
Q5EBG6	P02493
Q5EBG6	Q3T149
Q9NPF7	Q9NPF7
Q9NPF7	Q91Z84
Q9NPF7	Q9EQ14
Q8K0S2	Q8K0S2
Q8K0S2	Q6P6B1
P28749-2	P28749-2
P28749-2	D3ZS28
P28749-2	Q64700
P28749-2	Q64701
P28749-2	P28749
P28749-2	O55081
P28749-2	Q08999
Q9D3N7	Q9D3N7
Q6ZVQ6	Q6ZVQ6
P59052	P59052
Q9JHF9	Q9JHF9
Q9JHF9	Q9Y6Y9
Q53GS7-2	Q53GS7-2
Q53GS7-2	Q8R322
Q53GS7-2	Q4KLN4
Q53GS7-2	Q53GS7
O97980	O97980
B2GUX7	B2GUX7
B2GUX7	O75629
B2GUX7	O88668
B2GUX7	Q8IUH2
B2GUX7	Q8BGC9
Q32Q88	Q32Q88
Q32Q88	Q78JE5
Q32Q88	Q8NEZ5
Q5BK06	Q5BK06
Q5BK06	Q3TVC7
Q5BK06	O95273
NP_001178618	NP_001178618
NP_001178618	O75503
NP_001178618	Q3UMW8
Q68FS9	Q68FS9
Q68FS9	Q9Y6G5
Q68FS9	Q8JZY2
NP_001295318	NP_001295318
NP_001295318	Q62559
NP_001295318	Q9Y366
A0A1B0GWH6	A0A1B0GWH6
P08768	P08768
D3ZSM9	D3ZSM9
D3ZSM9	Q8C3R1
D3ZSM9	Q6PJG6
Q4KM58	Q4KM58
Q4KM58	Q9JJN6
Q4KM58	Q9NSA3
D4A1X9	D4A1X9
D4A1X9	Q86XN7
D4A1X9	Q5PRE5
A0A1B0GVN3	A0A1B0GVN3
S4R434	S4R434
S4R434	Q96MV1
S4R434	Q8CGF5
S4R434	D4AAE5
Q3MID4	Q3MID4
Q3MID4	Q9UHJ6
Q3MID4	Q9D5J6
P26897	P26897
P26897	P01589
P26897	P01590
P83565	P83565
P83565	Q9NQ50
P83565	Q9Z2Q5
Q0VGK2	Q0VGK2
Q0VGK2	Q8N584
Q0VGK2	Q8VE09
Q5BJY6	Q5BJY6
Q5BJY6	Q9Y303
Q5BJY6	Q8JZV7
Q5BJY6	Q9Y303-3
D3ZKM3	D3ZKM3
D3ZKM3	A0A0B4J1N3
D3ZKM3	Q6UWK7
A0A1B0GVB3	A0A1B0GVB3
F1M051	F1M051
F1M051	O08609
F1M051	Q99MZ3
F1M051	Q9NP71
F1M051	Q8VIP2
F1M051	A2VCV8
F1M051	Q9HAP2
F1M051	Q2VPU4
F1M051	A2BFB2
F1M051	Q9UH92
F1M051	Q9UH92-3
F1M051	A2BFB1
F1M051	Q9UH92-2
NP_001387779	NP_001387779
NP_001387779	P56380
NP_001387779	P50583
NP_001387779	Q9CR24
NP_001387779	Q8WV74
NP_001387779	Q6PEC0
NP_001387779	Q99P30
NP_001387779	P0C024
Q0P5Y3	Q0P5Y3
Q0P5Y3	Q27957
Q0P5Y3	P59282
Q0P5Y3	O94811
Q0P5Y3	Q7TQD2
Q0P5Y3	Q9CRB6
Q0P5Y3	Q5PPN5
Q0P5Y3	Q9BW30
Q0P5Y3	D3ZQL7
B2RUQ2	B2RUQ2
B2RUQ2	Q68DE3
Q8NAA6	Q8NAA6
O15304	O15304
O15304	P59692
O15304	O54926
Q922H9	Q922H9
Q922H9	Q9Y3S2
Q922H9	NP_001101913
Q9NWW7	Q9NWW7
Q9NWW7	Q8R3C1
Q7Z353	Q7Z353
Q7Z353	Q14B70
Q8N815	Q8N815
Q8N815	Q9D995
P49335	P49335
P49335	P42571
P49335	P56223
P49335	Q01860-2
P49335	P25425
P49335	NP_001239381
P49335	Q8BJI4
P49335	P20266
P49335	P31362
P49335	P14859-5
P49335	Q01851
P49335	Q03052
P49335	P20267
P49335	P17208
P49335	Q63955
P49335	Q15319
P49335	D3ZTL1
P49335	P21952
P49335	Q12837
P49335	Q01860
P49335	Q14863
P49335	Q63934
P49335	P56225
P49335	Q9UKI9
P49335	Q9UKI9-2
P49335	P78424
P49335	P25425-12
P49335	NP_001094472
P49335	P10037
P49335	Q00286
P49335	P25425-2
P49335	P28069
P49335	P31360
P49335	F1LRD7
P49335	G3V7L5
P49335	P56222
P49335	Q00196
P49335	P14859-2
P49335	P09086
P49335	P20265
P49335	Q07916
P49335	Q06416
P49335	Q8N7G0
P49335	P20263
P49335	P20264
P49335	Q9DAC9
P49335	P14859
P49335	P31361
P49335	Q63262
P49335	P14859-6
P49335	P62516
P49335	P62515
Q9NXT0-2	Q9NXT0-2
Q9CVI2	Q9CVI2
Q9CVI2	Q505I5
Q9CVI2	Q8N9E0
Q9CVI2	Q5BKY9
Q8R1J3	Q8R1J3
Q8R1J3	Q8N567
Q8R1J3	Q5XII6
Q9UGY1	Q9UGY1
Q9UGY1	Q5D1Z3
Q9UGY1	Q8BG17
A7E2U8	A7E2U8
A7E2U8	Q3U1D9
Q9WTY1	Q9WTY1
Q9WTY1	Q8N8D1
P0C7Q2	P0C7Q2
Q8BIL2	Q8BIL2
Q8BIL2	Q6ZTZ1
Q9JLC6-2	Q9JLC6-2
Q9JLC6-2	Q90Z72
Q9JLC6-2	Q16649
Q9JLC6-2	Q6IMZ0
Q9JLC6-2	Q10586
Q9JLC6-2	A0A5F9ZHS7
Q9JLC6-2	P16443
Q9JLC6-2	Q10587
Q9JLC6-2	Q16534
Q9JLC6-2	Q8BW74
Q9JLC6-2	Q64709
Q9JLC6-2	P41224
Q9JLC6-2	Q9JLC6
Q9JLC6-2	Q60925
Q9JLC6-2	O08750
Q499X9	Q499X9
Q499X9	D4A9V7
Q499X9	Q96GW9
P23506	P23506
P23506	P22062
P23506	P22061
P23506	P22061-2
Q5EBG8	Q5EBG8
Q5EBG8	D4A7G9
Q5EBG8	Q9BV19
Q9Z2Y2	Q9Z2Y2
Q9Z2Y2	O60513
Q9Z2Y2	Q9JJ04
Q9Z2Y2	NP_445739
Q9Z2Y2	Q66HH1
Q9Z2Y2	O88419
Q9Z2Y2	F1LZL3
Q9Z2Y2	Q4FZU7
Q9Z2Y2	O60909-3
Q9Z2Y2	Q9UBV7
Q9Z2Y2	Q8R087
Q9Z2Y2	O60909
Q9Z2Y2	P15291-2
Q9Z2Y2	O60512
Q9Z2Y2	Q91YY2
Q9Z2Y2	P15291
Q9Z2Y2	P15535
Q9Z2Y2	Q9UBX8
Q9Z2Y2	Q9JMK0
Q9Z2Y2	O43286
Q9Z2Y2	Q9WVK5
Q9Z2Y2	Q6P768
Q9CQT6	Q9CQT6
Q9CQT6	Q8WW14
Q8CIR5	Q8CIR5
Q8CIR5	P51949
Q8CIR5	P51948
Q3TYG6	Q3TYG6
Q3TYG6	Q6ZUX3
Q3TYG6	Q6A070
Q3TYG6	Q9Y4F4
Q3TYG6	D3ZW60
Q3ZB98-3	Q3ZB98-3
Q3ZB98-3	Q80YN3
Q3ZB98-3	O75363
Q3ZB98-3	O75363-2
Q3ZB98-3	Q3ZB98
P35521	P35521
P35521	Q04753
P35521	P54105
P35521	Q61189
P35521	Q923F1
Q66H70	Q66H70
Q66H70	O95760
Q66H70	Q8BVZ5
P17074	P17074
P17074	Q9CZX8
P17074	P39019
D4A565	D4A565
D4A565	O43674
D4A565	Q9CQH3
P62909	P62909
P62909	P62908
P62909	P23396
A8MUP2	A8MUP2
Q6NSI8-2	Q6NSI8-2
Q6NSI8-2	Q68FF0
Q6NSI8-2	A1A5R8
Q6NSI8-2	Q6NSI8
P84102	P84102
P84102	P84101
P84102	O88892
P84102	XP_578157
P84102	O75920-2
P84102	D3ZDW2
P84102	O75920
NP_001101036	NP_001101036
NP_001101036	Q8NHX9
NP_001101036	Q8BWC0
Q3TUU5	Q3TUU5
Q3TUU5	Q5JUR7
Q3TUU5	NP_001382563
Q9CUI0	Q9CUI0
B0BN66	B0BN66
B0BN66	Q9D818-2
B0BN66	Q9D818
B0BN66	Q86UD0
D3Z9Q6	D3Z9Q6
D3Z9Q6	Q8NA69
D3Z9Q6	G3XA23
Q6PII3	Q6PII3
Q6PII3	Q5PQS7
Q6PII3	Q3U155
Q9H295	Q9H295
Q9H295	Q7TNJ0
P60154	P60154
P60154	P60153
P60154	P60153-2
Q9NZK5	Q9NZK5
Q9NYW3	Q9NYW3
Q9NYW3	Q7M719
Q9NYW3	Q9NYW5
Q9NYW3	Q675B7
Q9NYW3	Q67ES1
Q9NYW3	Q7M710
Q9NYW3	Q9NYW4
Q9NYW3	Q9JKE9
Q9NYW3	Q9JKT3
Q9NYW3	Q7M713
Q9NYW3	D3YU55
Q9NYW3	Q9JKU0
Q9NYW3	Q67ER8
Q9NYW3	Q9NYW6
Q9NYW3	Q9JKE7
Q9NYW3	Q7TQB0
Q9NYW3	Q7TQA7
Q9NYW3	Q7M708
Q9NYW3	Q67ES7
Q9NYW3	Q7RTR8
Q9NYW3	Q7M712
Q9NYW3	Q7TQB9
Q9NYW3	Q9JKE8
Q9NYW3	Q67ES3
Q9NYW3	Q7M722
Q9NYW3	Q9JKU1
Q9NYW3	Q7TQA4
Q9NYW3	Q9NYW1
Q9NYW3	Q67ET7
Q9NYW3	P59537
Q9NYW3	Q9JKT9
Q9NYW3	Q67ES0
Q9NYW3	Q9JKA3
Q9NYW3	Q67ET2
Q9NYW3	P59543
Q9NYW3	Q9JKT8
Q9NYW3	Q9NYW7
Q9NYW3	Q9JKT2
Q9NYW3	P59538
Q9NYW3	Q7TQA8
Q9NYW3	Q7M724
Q9NYW3	Q7M718
Q9NYW3	P59530
Q9NYW3	P59536
Q9NYW3	P59551
Q9NYW3	Q9NYV9
Q9NYW3	P59535
Q9NYW3	P59532
Q9NYW3	Q7TQA9
Q9NYW3	Q7M720
Q9NYW3	P59528
Q9NYW3	Q7TQB8
Q9NYW3	Q9NYW2
Q9NYW3	P59542
Q9NYW3	Q67ES2
Q9NYW3	P0DSN6
Q9NYW3	Q9JKF0
Q9NYW3	Q67ER9
Q9NYW3	P59541
Q9NYW3	Q7M715
Q9NYW3	Q67ET1
Q9NYW3	Q675B8
Q9NYW3	Q67ET5
Q9NYW3	P59533
Q9NYW3	Q67ET4
Q9NYW3	P0DTE0
Q9NYW3	Q9JKT5
Q9NYW3	Q9NYV7
Q9NYW3	Q7TQA6
Q9NYW3	Q4VHE7
Q9NYW3	Q9JKT7
Q9NYW3	P59529
Q9NYW3	Q9NYW0
Q9NYW3	Q67ES5
Q9NYW3	Q7M707
Q9NYW3	Q7M721
Q9NYW3	P59534
Q9NYW3	Q7M725
Q9NYW3	Q67ET3
Q9NYW3	Q675B9
Q9NYW3	Q67ES6
Q9NYW3	Q9NYV8
Q9NYW3	P59540
Q9NYW3	P59539
Q9NYW3	Q7TQA5
Q9NYW3	Q7M723
Q9NYW3	Q7M717
Q9NYW3	Q67ET0
Q9NYW3	P59544
Q9NYW3	Q9JKT4
Q9NYW3	Q67ES9
Q9NYW3	Q675C0
Q9NYW3	Q7M709
Q9NYW3	Q7M711
Q80SS6	Q80SS6
Q80SS6	Q80T02
Q80SS6	Q8TDU6
Q9D9B7	Q9D9B7
Q9D9B7	Q53SZ7
Q8C4Q9	Q8C4Q9
Q8C4Q9	Q6P9G4
O94822	O94822
O94822	F1M9Q3
O94822	O94822-3
O94822	Q6A009
O14653	O14653
O14653	O35165
O14653	O35166
O14653	O14653-2
O08792	O08792
O08792	Q9HAK2
O08792	Q9BQW3
O08792	Q8K4J2
O08792	Q9BQW3-1
O08792	Q9UH73
O08792	Q07802
O08792	Q9H4W6
O08792	O08791
O08792	Q63398
Q148V7	Q148V7
Q148V7	D3ZJ01
Q148V7	Q9P260
Q148V7	Q9P260-2
A2RRY8	A2RRY8
A2RRY8	Q811V6
A2RRY8	Q496A3
Q14331	Q14331
Q14331	D3ZZK8
Q14331	P97376
A5PL33	A5PL33
A5PL33	Q6NXZ1
Q9H8Y1	Q9H8Y1
Q9H8Y1	Q3SYK4
Q8BY71	Q8BY71
Q8BY71	O14929
Q8BY71	Q5M939
Q9D7T1	Q9D7T1
Q9D7T1	Q6BDI9
Q8BI71	Q8BI71
Q8BI71	XP_001471801
Q8BI71	O60645
Q8BI71	Q2M3D2
Q8BI71	B2GUV9
Q8BI71	Q62825
Q8BI71	Q86VI1
Q8BI71	Q6KAR6
Q8BI71	Q6DIA2
Q8BI71	Q17RC7
Q8BU33	Q8BU33
Q8BU33	A1L0T0
Q8BU33	D4ACG2
P04370-8	P04370-8
P04370-8	P02687
P04370-8	P15720
P04370-8	P02686-4
P04370-8	P02686-3
P04370-8	P02686-2
P04370-8	P04370-6
P04370-8	P04370-5
P04370-8	P02686
P04370-8	P02686-5
P04370-8	P25274
P04370-8	P02688
P04370-8	P04370-10
P04370-8	P04370
Q6IMX7	Q6IMX7
Q6IMX7	Q9NZL4-3
Q6IMX7	Q99P31
Q6IMX7	Q9NZL4
Q5T9C9	Q5T9C9
Q5T9C9	Q6U7H8
Q03169	Q03169
Q03169	XP_216791
Q03169	Q61333
B5DF29	B5DF29
B5DF29	B4F778
B5DF29	P35250-2
B5DF29	P35249
B5DF29	Q9WUK4
B5DF29	P40938-2
B5DF29	Q641W4
B5DF29	P40938
B5DF29	P40937
B5DF29	Q5M830
B5DF29	Q8R323
B5DF29	P35250
B5DF29	Q99J62
B5DF29	Q9D0F6
A0A1B0GTZ2	A0A1B0GTZ2
XP_214614	XP_214614
XP_214614	A0A286YCX6
XP_214614	Q9Y2L5
Q07343	Q07343
Q07343	Q9Y233-2
Q07343	Q8CG03
Q07343	Q13370
Q07343	Q8CBK2
Q07343	Q8CA95
Q07343	Q9Z0X4
Q07343	O76074
Q07343	Q9Y233
Q07343	P23440
Q07343	Q14432
Q07343	P35913
Q07343	Q8CA95-3
Q07343	P51160
Q07343	Q08499-2
Q07343	Q01063-2
Q07343	P27815-6
Q07343	Q8QZV1
Q07343	P14270
Q07343	P54750
Q07343	P14270-6
Q07343	Q3UEI1
Q07343	O70628
Q07343	Q01063
Q07343	Q64338
Q07343	F1LM88
Q07343	Q9QXQ1
Q07343	P27664
Q07343	O76083
Q07343	Q08499
Q07343	P16499
Q07343	P14646-1
Q07343	Q8VIE4
Q07343	Q9HCR9-2
Q07343	Q14123-3
Q07343	Q9NP56
Q07343	Q07343-2
Q07343	O60658-2
Q07343	P54750-5
Q07343	P14100
Q07343	P14270-8
Q07343	Q61481
Q07343	Q9HCR9
Q07343	P0C1Q2
Q07343	P27815-7
Q07343	Q63421
Q07343	XP_002687798
Q07343	Q28156
Q07343	Q14123
Q07343	Q08499-6
Q07343	Q08499-5
Q07343	Q01063-3
Q07343	P54748
Q07343	P27815
Q07343	Q9QYJ6
Q07343	O00408-6
Q07343	P14646
Q07343	Q01064
Q07343	Q01062
Q07343	Q8VBU5
Q07343	Q08499-9
Q07343	Q8VID6
Q07343	O95263-3
Q07343	Q922S4
Q07343	Q08493
Q07343	Q76KC6
Q07343	Q13946-2
Q07343	Q922S4-2
Q07343	Q08499-10
Q07343	O00408
Q07343	Q08499-4
Q07343	O88502
Q07343	P27815-2
Q07343	Q9EPR9
Q07343	O70286
Q07343	O60658
Q07343	Q08493-2
Q07343	Q07343-3
Q07343	O89084
Q07343	E9Q4S1
Q07343	Q62865
Q07343	Q08499-7
Q07343	O95263
Q07343	Q63085
Q07343	P70453
Q07343	Q91ZQ1
Q07343	Q13946
Q07343	D3ZLC7
Q07343	Q01066
Q07343	O76083-12
Q07343	Q01065
Q07343	O54735
Q07343	Q61409
Q07343	P14644
P33610	P33610
P33610	P49643
P33610	O89044
Q9Y314	Q9Y314
Q9Y314	D3ZH12
Q9Y314	Q9D6T0
P36877	P36877
P36877	Q66LE6
P36877	Q00005-2
P36877	P63151
P36877	P36876
P36877	Q6P1F6
P36877	P56932
P36877	Q00005
P36877	Q6ZWR4
P36877	Q8BG02
P36877	P63151-2
P36877	Q00005-7
P36877	Q925E7
P36877	P97888
P36877	Q9Y2T4
O43572	O43572
O43572	F1LNB3
O43572	O88845
Q9NRH1	Q9NRH1
Q9D976	Q9D976
Q9D976	Q9Y2B4
Q15006	Q15006
Q15006	B0BNG0
Q15006	Q9CRD2
Q9H2C0	Q9H2C0
Q9H2C0	XP_226517
Q9H2C0	Q8CA72
Q6NS45	Q6NS45
Q6NS45	A2RUB6
Q6X786	Q6X786
Q6X786	Q6X782
Q6X786	Q6X784
Q6X786	Q9BS86
Q6X786	Q62522
Q8IU60	Q8IU60
Q8IU60	Q9CYC6
Q8IU60	XP_225963
Q12981	Q12981
Q12981	Q8VHI8
Q12981	Q6QD59
Q12981	Q12981-3
E9Q9Q5	E9Q9Q5
E9Q9Q5	Q96LP6
Q8R331	Q8R331
Q8R331	O43257
Q3TS02	Q3TS02
Q3TS02	Q3V117
Q3TS02	P53396-2
Q3TS02	P16638
Q3TS02	P16638-2
Q3TS02	Q91V92
Q3TS02	P53396
Q3TS02	Q8N9C4
Q7L0L9	Q7L0L9
Q9HC47	Q9HC47
Q8TDV2	Q8TDV2
Q12815-2	Q12815-2
Q12815-2	D3ZLZ9
Q12815-2	B7ZNG4
Q12815-2	Q12815
A8MW95	A8MW95
A8MW95	Q91XJ1
A8MW95	O88597
A8MW95	Q14457
A8MW95	P0DM65
Q9WTT6	Q9WTT6
Q9WTT6	Q9Y2T3
Q9WTT6	Q9R111
Q9WTT6	Q9Y2T3-3
P09034	P09034
P09034	P16460
P09034	P00966
P09034	P14568
Q9UH64	Q9UH64
XP_001074024	XP_001074024
XP_001074024	Q9D855
XP_001074024	NP_001172101
XP_001074024	P00129
XP_001074024	NP_001121025
XP_001074024	P14927-2
XP_001074024	P14927
Q7TMZ1	Q7TMZ1
Q9EQC1	Q9EQC1
Q9EQC1	XP_001079319
Q9EQC1	E9Q007
Q9EQC1	Q61694
Q9EQC1	O35048
Q9EQC1	Q5PPL3
Q9EQC1	Q9H2F3
Q9EQC1	P14060
Q9EQC1	P26149
Q9EQC1	XP_219290
Q9EQC1	Q14376
Q9EQC1	P26439-2
Q9EQC1	P26439
Q9EQC1	Q8WUS8
Q9EQC1	P27364
Q9EQC1	Q15738
Q9EQC1	Q9D665
Q9EQC1	A6NKP2
Q9EQC1	Q9R1J0
Q9EQC1	Q61767
Q9EQC1	P24815
Q9EQC1	P26150
Q9EQC1	P18645
Q9EQC1	Q8R059
Q9EQC1	P22071
Q9EQC1	O35469
Q9EQC1	O95455
Q9EQC1	Q8VDR7
Q9EQC1	XP_003086684
Q9EQC1	Q62878
Q9EQC1	P22072
D3ZZ82	D3ZZ82
D3ZZ82	Q8IY82
D3ZZ82	Q6V3W6
NP_001100854	NP_001100854
NP_001100854	Q9CWZ7
NP_001100854	Q99747
XP_001063244	XP_001063244
XP_001063244	Q68A21
XP_001063244	Q96QR8
XP_001063244	F1LSL1
XP_001063244	P42669
XP_001063244	Q8R4E6
XP_001063244	Q9UJV8
XP_001063244	O35295
XP_001063244	D3ZYS1
XP_001063244	Q00577
O35095	O35095
O35095	Q9Z0E0
O35095	Q9UBB6
O35095	Q9UBB6-3
Q9CQU8	Q9CQU8
Q9CQU8	Q96T52
Q9CQU8	Q8BPT6
Q9CQU8	D3ZWF3
Q9CQU8	Q96LU5
Q3U3F9	Q3U3F9
Q3U3F9	Q66H29
Q3U3F9	Q9UJ42
Q7L523	Q7L523
Q7L523	Q80X95
Q7L523	Q63486
Q7L523	Q5VZM2
Q7L523	Q6NTA4
Q7L523	Q63487
Q7L523	Q5VZM2-2
Q7Z4L0	Q7Z4L0
Q7Z4L0	A6H666
Q7Z4L0	Q7TNN2
Q76I89	Q76I89
Q76I89	Q9D0F1
Q76I89	O14777
Q76I89	NP_001119742
P18847	P18847
P18847	G3V7X9
P18847	Q00969
P18847	Q3TZR9
P18847	P16951
P18847	P15336
P18847	P10158
P18847	Q9NR55
P18847	P18847-2
P18847	P12841
P18847	Q9D275
P18847	P17544-5
P18847	P01101
P18847	P97876
P18847	P05412
P18847	Q8R0S1
P18847	P17544
P18847	P48755
P18847	P13346
P18847	D3ZLB7
P18847	Q8R1H8
P18847	Q8K1L0
P18847	P15407
P18847	Q02930
P18847	P53539
P18847	P17535
P18847	P17544-1
P18847	P09450
P18847	P24898
P18847	P17544-2
P18847	P29596
P18847	Q8WYK2
P18847	P17275
P18847	O77627
P18847	K7ELQ4
P18847	A7YY54
P18847	Q8R1H8-2
P18847	P05627
P18847	P17325
P18847	Q60765
P18847	P15066
P18847	P52909
P18847	Q8N1L9
P18847	O35284
P18847	D4A7E1
P18847	P01100
P18847	Q16520
P18847	P51145
P18847	P47930
P18847	P15408
P18847	Q78E65
P18847	P97875
Q0VF94	Q0VF94
Q0VF94	Q17RQ9
Q5HZH7	Q5HZH7
Q5HZH7	Q6JWR2
Q5HZH7	Q9NVC3
Q5HZH7	Q8BWH0
Q5HZH7	A6NNN8
Q2M2E3	Q2M2E3
Q2M2E3	Q6AXT9
Q2M2E3	Q8VI88
C0LLJ0	C0LLJ0
C0LLJ0	O15131
C0LLJ0	O00505
C0LLJ0	P52292
C0LLJ0	O60684
C0LLJ0	O35345
C0LLJ0	O00629
C0LLJ0	Q3KR98
C0LLJ0	P52293
C0LLJ0	A9QM74
C0LLJ0	Q6P6T9
C0LLJ0	P83953
C0LLJ0	O35343
C0LLJ0	Q56R17
C0LLJ0	O35344
C0LLJ0	Q56R18
C0LLJ0	Q60960
C0LLJ0	Q56R16
C0LLJ0	P52294
C9JXX5	C9JXX5
C9JXX5	Q8CF31
Q9H8W2	Q9H8W2
Q8NCU1	Q8NCU1
Q8BX10-2	Q8BX10-2
Q8BX10-2	Q96HS1
Q8BX10-2	Q8BX10
Q8BX10-2	Q562B5
Q9DD02	Q9DD02
Q9DD02	Q5M808
Q9DD02	Q53FT3
ENSMUSP00000117247	ENSMUSP00000117247
ENSMUSP00000117247	A2ANU3
ENSMUSP00000117247	E9PUL5
ENSMUSP00000117247	P13164
ENSMUSP00000117247	Q9H7V2
ENSMUSP00000117247	P56818
ENSMUSP00000117247	P16228
ENSMUSP00000117247	P00796
ENSMUSP00000117247	Q6ZNR0
ENSMUSP00000117247	Q8C581
ENSMUSP00000117247	A6NDD5
ENSMUSP00000117247	Q8IXB3
ENSMUSP00000117247	Q9R175
ENSMUSP00000117247	Q3USQ7
ENSMUSP00000117247	Q99J93
ENSMUSP00000117247	B4DJY2
ENSMUSP00000117247	Q01629
ENSMUSP00000117247	D3Z1U7
ENSMUSP00000117247	P00797
ENSMUSP00000117247	P04073
ENSMUSP00000117247	O96009
ENSMUSP00000117247	Q6MG82
ENSMUSP00000117247	O35449
ENSMUSP00000117247	O09043
ENSMUSP00000117247	Q9D106
ENSMUSP00000117247	P56819
ENSMUSP00000117247	P56817
ENSMUSP00000117247	XP_357752
ENSMUSP00000117247	A0A1B0GWB2
ENSMUSP00000117247	P14091-3
ENSMUSP00000117247	P06281
ENSMUSP00000117247	Q3SXF0
ENSMUSP00000117247	P0DJD8
ENSMUSP00000117247	P08424
ENSMUSP00000117247	A6NNB3
ENSMUSP00000117247	P24268
ENSMUSP00000117247	D3ZR91
ENSMUSP00000117247	Q9Y5Z0
ENSMUSP00000117247	B7ZWD6
ENSMUSP00000117247	O88728
ENSMUSP00000117247	Q9D103
ENSMUSP00000117247	P0DJD7
ENSMUSP00000117247	P0DJD9
ENSMUSP00000117247	Q9JL18
ENSMUSP00000117247	Q7Z6L0-2
ENSMUSP00000117247	Q6IE75
ENSMUSP00000117247	Q58DZ9
ENSMUSP00000117247	A6NMD0
ENSMUSP00000117247	Q9QX71
ENSMUSP00000117247	XP_008773034
ENSMUSP00000117247	P26376
ENSMUSP00000117247	Q7Z6L0
ENSMUSP00000117247	Q9JJX1
ENSMUSP00000117247	Q9CQW9
ENSMUSP00000117247	D3ZFB6
ENSMUSP00000117247	Q01628
ENSMUSP00000117247	P07339
ENSMUSP00000117247	Q99946
ENSMUSP00000117247	Q2MHH0
ENSMUSP00000117247	NP_001099784
ENSMUSP00000117247	Q8C838
ENSMUSP00000117247	P70269
ENSMUSP00000117247	P18242
ENSMUSP00000117247	P20142
ENSMUSP00000117247	P14091
ENSMUSP00000117247	Q9D7R7
ENSMUSP00000117247	Q8BR26
A8MQB3	A8MQB3
A2RTH5	A2RTH5
A2RTH5	Q8BYR1
A2RTH5	Q5XIA3
A2RTH5	Q9UIC8-2
A2RTH5	Q6P4Z6
A2RTH5	Q9UIC8
A2RTH5	O60294
Q9NPH9	Q9NPH9
Q3TUJ9	Q3TUJ9
Q3TUJ9	Q16890-2
Q3TUJ9	G3MWH1
Q3TUJ9	O43399-4
Q3TUJ9	P55327-4
Q3TUJ9	P55327-5
Q3TUJ9	P55327-6
Q3TUJ9	Q9CZ22
Q3TUJ9	Q9CYZ2
Q3TUJ9	Q16890
Q3TUJ9	Q6PCT3
Q3TUJ9	O43399
Q3TUJ9	O43399-5
Q3TUJ9	O54818
Q3TUJ9	P55327-7
Q3TUJ9	Q499Q2
Q3TUJ9	P55327-2
Q3TUJ9	O43399-3
Q3TUJ9	Q62393
Q3TUJ9	F1MAB9
Q3TUJ9	P55327
Q3TUJ9	O43399-2
Q3TUJ9	B2RUC1
Q3TUJ9	F8WHQ1
Q3TUJ9	O43399-7
Q3TUJ9	A2AUD5
Q3TUJ9	Q96J77
Q3TUJ9	Q9CQ14
Q3TUJ9	E9PUA7
Q3TUJ9	D3ZQZ6
Q8N5Q1	Q8N5Q1
Q8N5Q1	Q6AYN1
Q8N5Q1	D3YV92
Q8N5Q1	Q6NXP2
Q8N5Q1	B2RXB0
Q8N5Q1	Q6IPT2
Q8N5Q1	Q8NEG0
Q8N5Q1	A1L3C1
Q8N5Q1	Q66H38
Q8N5Q1	D4A176
Q8N5Q1	Q8IYT1
Q8N5Q1	Q5RJN7
Q8N5Q1	Q8N9W8
Q8N5Q1	Q96KD3
Q8N5Q1	Q5STT6
Q8N5Q1	B7XG49
Q8N5Q1	Q3UZD7
Q8N5Q1	Q68FV5
Q8N5Q1	Q8TC56
Q8N5Q1	Q8C626
Q8N5Q1	D3ZUI0
Q6GQX7	Q6GQX7
Q6GQX7	Q0VF49
Q60626	Q60626
Q8VDP6	Q8VDP6
Q8VDP6	P70500
Q8VDP6	O14735
F1LPG5	F1LPG5
F1LPG5	O95168
F1LPG5	P48305
F1LPG5	Q9CQC7
XP_001056771	XP_001056771
XP_001056771	O70472
XP_001056771	Q92545
Q6P474	Q6P474
Q6P474	Q99K01
Q6P474	B5DFK8
Q6P474	Q6P996
Q6P474	Q6P996-3
Q6P474	Q6P996-4
Q6P474	A7MBC2
Q6P474	Q6P996-5
Q6P474	Q99K01-2
Q8BSF4	Q8BSF4
Q8BSF4	D3ZAW2
Q8BSF4	Q9UG56
B1AX39	B1AX39
B1AX39	Q8N3Z6
B1AX39	B1WC15
Q9JMF7	Q9JMF7
Q9JMF7	Q86YN1
P28907	P28907
P28907	Q63072
P28907	Q64244
P28907	Q64277
P28907	Q10588
P28907	P56528
Q8N543	Q8N543
Q8N543	D4ACB4
Q8N543	Q3U0K8
A6NFK2	A6NFK2
A6NFK2	Q50H32
A6NFK2	A8MXD5
A6NFK2	Q3TYR5
A8MT66	A8MT66
Q3B8P0	Q3B8P0
Q3B8P0	Q9H300
Q3B8P0	Q5XJY4
Q5EAN7	Q5EAN7
Q5EAN7	Q9NYB0
Q5EAN7	Q91VL8
F1LPI1	F1LPI1
F1LPI1	Q1MSJ5
F1LPI1	Q1MSJ5-1
F1LPI1	B2RX88
P62502	P62502
Q8BK75	Q8BK75
Q8BK75	B2RYG8
Q8BK75	Q0PNE2
B2RZ12	B2RZ12
B2RZ12	Q9NV31
B2RZ12	Q921Y2
XP_001474005	XP_001474005
XP_001474005	NP_084312
XP_001474005	Q497M0
XP_001474005	XP_002727589
P31430	P31430
P31430	P16444
P31430	Q5M872
P31430	Q9H4A9
P31430	P31428_VAR_N358S
P31430	P31428
P31430	Q5U2X4
P31430	Q9H4B8
P31430	Q9DA79
P31430	Q8C255
Q8NEL0	Q8NEL0
Q8NEL0	Q9DAL3
NP_001076783	NP_001076783
Q8N2C3	Q8N2C3
Q8N2C3	Q91WS7
Q8N2C3	Q96QD5
Q8N2C3	Q4QR86
Q9D9Y8	Q9D9Y8
Q9D9Y8	Q8WWF3
Q96HM7	Q96HM7
Q96HM7	Q2M1K5
Q96HM7	Q9H1Q7
Q96HM7	Q6P1Z5
Q96HM7	Q8BGX1
Q9NV39	Q9NV39
Q6UWF5	Q6UWF5
Q6ZPA2	Q6ZPA2
A2RUG3	A2RUG3
A2RUG3	Q5GH60
A2RUG3	Q6PP77
A2RUG3	Q5GH68
A2RUG3	Q9QXY7
A2RUG3	P51811
A2RUG3	O14609
A2RUG3	Q5GH77
A2RUG3	Q5GH61
A2A559	A2A559
A2A559	Q96FM1
ENSRNOP00000016318	ENSRNOP00000016318
ENSRNOP00000016318	Q99LI7
ENSRNOP00000016318	Q12996
Q8VHT6	Q8VHT6
Q8VHT6	Q9HBK9
Q8VHT6	Q91WU5
O75323-2	O75323-2
O75323-2	O55126
O75323-2	O75323
O75323-2	O55125
O75323-2	Q9BPW8
O75323-2	Q5EBA4
O75323-2	NP_001381299
Q3TRX7	Q3TRX7
Q5BJZ4	Q5BJZ4
Q5BJZ4	P70279
Q5BJZ4	O75683
O14713-2	O14713-2
O14713-2	O35671
O14713-2	O14713
O14713-2	B5DFL3
P19468	P19468
P19468	P48506
P19468	P97494
Q569C0	Q569C0
Q569C0	Q9CQG9
Q569C0	Q9NV29
P13619	P13619
P13619	Q9CQQ7
P13619	P24539
P13619	P19511
Q8N8D9-2	Q8N8D9-2
Q8N8D9-2	Q8N8D9
Q96EY5-2	Q96EY5-2
Q96EY5-2	Q9H7P6
Q96EY5-2	Q6P777
Q96EY5-2	Q3T0N1
Q96EY5-2	Q78HU3
Q96EY5-2	Q96EY5
Q96EY5-2	D4A732
Q96EY5-2	Q6KAU4
Q9BVJ6-2	Q9BVJ6-2
Q9BVJ6-2	Q640M1
Q9BVJ6-2	Q9BVJ6
Q9BVJ6-2	Q6EJB6
Q9BVJ6-2	Q5TAP6
Q9BVJ6-2	Q499R2
Q9BVJ6-2	XP_038940588
A0A1B0GTR0	A0A1B0GTR0
A0A1B0GTR0	E9Q7F5
G1TWR4	G1TWR4
G1TWR4	P15391-2
G1TWR4	F1LNH2
G1TWR4	P25918
G1TWR4	P15391
D4ABM5	D4ABM5
D4ABM5	P82930
D4ABM5	Q9JIK9
D4ADD8	D4ADD8
D4ADD8	Q9WUB4
D4ADD8	O00399
Q99MA0	Q99MA0
Q99MA0	Q99967
Q99MA0	Q99MA1
Q99MA0	O35740
Q99MA0	Q9WUL8
Q99MA0	Q96RK1
Q99MA0	Q99966
Q99MA0	P97769
O08812	O08812
O08812	P18581
O08812	P70423
O08812	P52569
O08812	Q8WY07
O08812	Q8BXR1
O08812	B5D5N9
O08812	Q8TBB6
O08812	Q8BLQ7
O08812	O43246
O08812	P52569-3
O08812	Q0PDJ1
O08812	P52569-2
O08812	D3ZSU3
O08812	Q09143
O08812	P30825
O08812	E1B968
O08812	P30823
P08435	P08435
P08435	P55099
P08435	Q9UHF0
A4F267	A4F267
A4F267	Q969M1
A4F267	Q9CZR3
A4F267	Q9QYA2
A4F267	O96008
A4F267	Q75Q40
P50408	P50408
P50408	Q9D1K2
P50408	Q16864
P50408	Q16864-2
Q6VBQ8	Q6VBQ8
Q6VBQ8	Q9CPS7
Q6VBQ8	Q9NRX1
C0HLN0	C0HLN0
C0HLN0	A0A0B4J2F0
Q5PXE9	Q5PXE9
Q5PXE9	Q6P1C1
Q5PXE9	Q9H8X2
NP_001383002	NP_001383002
NP_001383002	Q32P41
NP_001383002	Q9D0C4
A0A1W2PPW3	A0A1W2PPW3
A0A1W2PPW3	P0DW14
A0A1W2PPW3	A0A1W2PPE2
A0A1W2PPW3	P0DW12
A0A1W2PPW3	A0A1W2PP81
A0A1W2PPW3	A0A1W2PR64
A0A1W2PPW3	P0DW11
A0A1W2PPW3	P0DW13
A0A1W2PPW3	Q15544
A0A1W2PPW3	Q5U1X0
A0A1W2PPW3	A0A1W2PPH5
A0A1W2PPW3	A0A1W2PRV1
A0A1W2PPW3	A0A1W2PPL8
A0A1W2PPW3	A0A1W2PQ09
A0A1W2PPW3	Q99JX1
A0A1W2PPW3	A6NLC8
Q9BZ68	Q9BZ68
Q9BZ68	Q5U2R3
Q9BZ68	Q3UFK8
Q9BZ68	Q9BZ67
Q9BZ68	Q9BZ67-2
Q9BZ68	Q9BZ67-3
Q9H1A3-2	Q9H1A3-2
Q9H1A3-2	Q9H1A3
Q9H1A3-2	Q9EPL4
Q9H1A3-2	D3ZZ04
D4A7F2	D4A7F2
D4A7F2	Q9EQS3
D4A7F2	Q99417
A0A2R8Y7Y5	A0A2R8Y7Y5
F1M389	F1M389
F1M389	Q9H3R5
F1M389	Q9QYM8
Q8IYY4	Q8IYY4
Q8IYY4	Q499E4
Q8IYY4	F1MA25
Q8IYY4	Q8BMD2
Q8IYY4	Q86YF9
Q8IYY4	Q5XIA0
P31649	P31649
P31649	F1LNR9
P31649	Q761V0
P31649	P31646
P31649	P31647
P31649	P58295
P31649	P31652
P31649	Q99884
P31649	P31662
P31649	Q64093
P31649	Q9H1V8
P31649	P28572
P31649	Q9NP91
P31649	P28571
P31649	Q00589
P31649	Q8VDB9
P31649	O35316
P31649	Q8VCS9
P31649	P31641
P31649	P27799
P31649	Q8BG16
P31649	O55192
P31649	P28571-1
P31649	Q9D687
P31649	O88575
P31649	P48065
P31649	Q9H2J7
P31649	Q8BJI1
P31649	P48067
P31649	Q695T7
P31649	Q9NSD5
P31649	Q6PGE7
P31649	P23975-2
P31649	P48029
P31649	P23975
P31649	Q60857
P31649	P48066
P31649	P23977
P31649	P31645
P31649	Q9UN76
P31649	P31643
P31649	Q01959
P31649	P48056
P31649	P31648
P31649	P23978
P31649	P30531
P31649	P31645-2
P31649	Q9Y345
P31649	Q2A865
P31649	P48067-2
P31649	P28573
P31649	Q9GZN6
P31649	Q62687
P31649	Q61327
P31649	P31650
P31649	P48067-3
P31649	Q08469
P31649	P28570
P31649	Q8VBW1
P31649	Q96N87
P31649	Q9JMA9
P31649	O88576
P32754	P32754
P32754	P32755
P32754	P49429
Q96HE9	Q96HE9
Q96HE9	D4ADC1
Q96HE9	Q8BHE0
A2BFL2	A2BFL2
A2BFL2	Q9C0D3
A2BFL2	Q3UFS0
A2BFL2	XP_038967432
A2BFL2	Q6WRX3
Q9CQW7	Q9CQW7
Q9CQW7	Q32Q90
Q9CQW7	Q96IL0
P56480	P56480
P56480	P06576
P56480	P10719
Q99J36	Q99J36
Q99J36	Q24K03
Q99J36	Q9NXG2
Q99J36	Q5M943
P17918	P17918
P17918	Q9DEA3
P17918	P04961
P17918	P12004
Q6P1S2	Q6P1S2
Q6P1S2	Q8BN57
Q96A05	Q96A05
Q96A05	P36543
Q96A05	Q6PCU2
Q96A05	Q9D593
Q96A05	P50518
Q8N3X1	Q8N3X1
Q8N3X1	NP_001013177
Q8N3X1	Q8N3X1-2
Q8N3X1	Q6ZQ03
Q8BHZ4	Q8BHZ4
Q8BHZ4	Q8N1G0
Q8BHZ4	D4A659
Q8BHZ4	Q9HCE3
Q8BHZ4	Q9D2D7
Q8BHZ4	Q6NXK2
Q8BHZ4	D3ZJG8
Q8BHZ4	D3ZT56
Q8BHZ4	Q92610
O75907	O75907
O75907	P35610
O75907	O88908
O75907	O75908
O75907	Q7TQM4
O75907	Q9ERM3
O75907	O70536
O75907	Q61263
O75907	Q9Z2A7
P05166	P05166
P05166	P05166-2
P05166	Q5XIT9
P05166	Q9HCC0-2
P05166	P07633
P05166	Q99MN9
P05166	Q9HCC0
P05166	Q3ULD5
Q8BU14	Q8BU14
Q8BU14	Q7TP42
Q8BU14	Q99442
Q13228	Q13228
Q13228	Q13228-4
Q13228	Q63836
Q13228	Q8VIF7
Q13228	P17563
O75817	O75817
O75817	Q9DCH2
O75817	D3ZQJ2
Q9BWH6	Q9BWH6
Q9BWH6	Q80TE0
Q9BWH6	BAC65787
Q9BWH6	Q3T1I9
Q8CHT3	Q8CHT3
Q8CHT3	Q6P9B9
Q8CHT3	D3ZTW1
P06880	P06880
P06880	P01244
P06880	Q14406
P06880	P0DML2
P06880	P0DML3
P06880	P01241
P06880	P01242
Q99PW4	Q99PW4
Q99PW4	D3ZCD7
Q99PW4	Q96S44
Q6P7W5	Q6P7W5
Q6P7W5	Q8NCE0
Q6P7W5	Q5M954
Q99NF1	Q99NF1
Q99NF1	Q91ZQ5
Q99NF1	Q16518
Q99NF1	Q9HAY6
Q99NF1	Q9JJS6
Q99NF1	Q91XT5
Q99NF1	O70276
Q99NF1	Q28175
Q99NF1	Q9BYV7
A0A0J9YXV3	A0A0J9YXV3
Q9DCW4	Q9DCW4
Q9DCW4	Q68FU3
Q9DCW4	Q2TBV3
Q9DCW4	P38117
Q9DCW4	P38117-2
O35683	O35683
O35683	G3V9S6
O35683	O15239
O35683	Q9WU08
Q9DCZ4	Q9DCZ4
Q9DCZ4	NP_001380645
Q9DCZ4	Q78IK4
Q9DCZ4	Q6UXV4
Q9DCZ4	M0R7V3
Q9DCZ4	Q9CZB4
Q9DCZ4	Q9BUR5
Q9DAG4	Q9DAG4
Q9DAG4	Q96LM6
D3ZLT1	D3ZLT1
D3ZLT1	Q9CR61
D3ZLT1	P17568
Q9BQ89	Q9BQ89
Q9BQ89	Q5BJX5
Q9BQ89	Q6AXZ9
Q9BQ89	Q1W6H9
Q9BQ89	D3ZKX3
Q9BQ89	Q8VE94
Q9BQ89	Q80X91
Q9BQ89	Q8C739
Q9BQ89	Q5RKJ0
Q9BQ89	Q8TC76
Q9BQ89	Q8TAY7
Q9BQ89	Q8R184
Q3UUQ6	Q3UUQ6
Q3UUQ6	Q8TD10
O54983	O54983
O54983	Q9QYU4
O54983	Q14894
B2GUX8	B2GUX8
B2GUX8	Q9Z131
B2GUX8	Q99LH9
B2GUX8	Q91Y80
B2GUX8	Q7L8J4
B2GUX8	O60239
Q921K9	Q921K9
Q921K9	Q4VC05-2
Q921K9	Q9CXE2
Q921K9	Q8WUZ0
Q921K9	Q4VC05
Q921K9	O08664
Q921K9	D3ZUL4
Q921K9	Q8WUZ0-2
Q921K9	Q9BQE9
Q5U5M8	Q5U5M8
Q5U5M8	D4A3V6
Q5U5M8	Q6QNY0
Q01405	Q01405
Q01405	NP_001099202
Q01405	D3ZCT7
Q01405	Q9D662
Q01405	Q15436
Q01405	Q15437
Q7Z7C7	Q7Z7C7
Q7Z7C7	P70278
Q7Z7C7	XP_575429
XP_001069728	XP_001069728
XP_001069728	XP_001066225
Q8N8A8	Q8N8A8
Q8N8A8	Q5XG69
Q8N8A8	Q8CHT6
Q8N8A8	D3ZKX8
Q8N8A8	Q9Y6X4
Q9BZE1	Q9BZE1
Q9BZE1	D4A833
Q9BZE1	A4FUC0
Q9BZE1	Q6AXT0
Q9BZE1	Q9NP92
Q9BZE1	Q921S7
Q9BZE1	Q9D0G0
Q86UK7-2	Q86UK7-2
Q86UK7-2	Q80YR4-3
Q86UK7-2	Q86UK7-3
Q86UK7-2	Q80YR4
Q86UK7-2	Q86UK7
Q86UK7-2	NP_001099240
Q9Z125	Q9Z125
Q9Z125	Q61817
Q9Z125	O43889
Q9Z125	Q03061
Q9Z125	P27699-3
Q9Z125	Q01147-1
Q9Z125	P16220-1
Q9Z125	P15337
Q9Z125	Q8TEY5
Q9Z125	F6VAN0
Q9Z125	Q9D2A5
Q9Z125	P18850
Q9Z125	P81269
Q9Z125	Q03060-2
Q9Z125	Q03060-6
Q9Z125	G3V909
Q9Z125	Q6QDP7
Q9Z125	O35451
Q9Z125	Q99941
Q9Z125	Q03060-8
Q9Z125	O43889-3
Q9Z125	Q8BH52
Q9Z125	F7FD47
Q9Z125	Q70SY1
Q9Z125	P27699-2
Q9Z125	Q03060
Q9Z125	P18846
Q9Z125	P27699
Q9Z125	Q5FVM5
Q9Z125	Q66HA2
Q9Z125	Q01147
Q9Z125	P16220
Q9Z125	Q96BA8
Q9Z125	Q68CJ9
Q9Z125	Q5UEM7
Q9Z125	Q91XE9
Q7TS55	Q7TS55
Q7TS55	Q9UNG2
P35454	P35454
P35454	P01185
P35454	P35455
P35454	P01175
P35454	P01180
P35454	P01179
P35454	P01186
P35454	P01178
Q30KN1	Q30KN1
Q30KN1	Q32ZF5
Q30KN1	Q30KR1
Q30KN1	Q3UW22
Q30KN1	P0DP74
Q30KN1	P0DP73
Q8C8M1	Q8C8M1
Q8C8M1	Q9NP50
Q8IXT2	Q8IXT2
Q8IXT2	D4A494
Q8IXT2	Q5VZB9
Q8IXT2	Q9NQL9
Q8IXT2	Q8BG36
Q8IXT2	Q8CFG4
Q8IXT2	Q80WT2
Q8IXT2	D4A218
Q8IXT2	Q9Y5R5
Q8IXT2	Q96SC8
Q8IXT2	Q2PMX6
Q8IXT2	Q8CGW9
Q8IXT2	A2A9I7
Q8IXT2	D3ZH91
Q8IXT2	Q9Y5R6
Q8IXT2	Q9D410
Q8IXT2	Q9QZ59
Q8IXT2	A2A9A2
Q8IXT2	XP_233363
Q8IXT2	Q5HYR2
Q8IXT2	XP_001055549
Q8IXT2	Q9D9R7
Q8IXT2	Q96MA1
Q8IXT2	Q9D9R7-3
Q8IXT2	F7FIR9
F6R3V4	F6R3V4
F6R3V4	Q13428-6
F6R3V4	E9Q5C9
F6R3V4	Q14978
F6R3V4	P41777
F6R3V4	Q14978-3
F6R3V4	E1BHU1
F6R3V4	Q13428-4
F6R3V4	Q13428-2
F6R3V4	Q13428-3
F6R3V4	Q13428
F6R3V4	NP_001099613
F6R3V4	O08784
F6R3V4	Q14978-2
Q8C3K5	Q8C3K5
Q8C3K5	A0PK05
Q6ZR37-2	Q6ZR37-2
Q6ZR37-2	Q6ZR37
Q8BRM2	Q8BRM2
Q8BRM2	Q5T7V8
Q8BRM2	B1H222
Q9H0R1	Q9H0R1
Q9H0R1	Q499N2
Q9H0R1	Q8BJ63
O95447	O95447
O95447	Q80ST9
O95447	Q86VQ0
O95447	Q8C0X0
O95447	Q5U2Y9
Q15038	Q15038
Q15038	Q9DCP9
Q15038	P60486
Q6IA69	Q6IA69
Q6IA69	Q812E8
Q6IA69	Q711T7
Q9BTE7	Q9BTE7
Q9BTE7	Q92564
Q9BTE7	Q8CCA0
Q9BTE7	Q96GG9
Q9BTE7	Q9QZ73
Q9BTE7	Q8IWE4
Q9BTE7	Q8BZJ7
Q9BTE7	Q6PH85
Q9BTE7	D4AD48
Q9BTE7	NP_001382029
Q9BTE7	Q9CXV9
Q9BTE7	Q5PPL2
Q9BTE7	Q4V8B2
Q9BTE7	Q8K0V2
Q9BTE7	Q92564-3
Q9CW79	Q9CW79
Q9CW79	Q92805
Q9CW79	D4A6K4
O60925	O60925
O60925	Q9CWM4
O60925	D3ZX38
Q02040	Q02040
Q02040	D3ZDR8
Q02040	A2A3V1
Q02040	B2RYB9
P70303	P70303
P70303	Q9NRF8
P70303	P70698
P70303	B1WC02
P70303	P17812
P70303	Q5U2N0
Q09161	Q09161
Q09161	Q3UYV9
Q09161	Q56A27
Q80W04	Q80W04
Q80W04	O75069
Q80W04	NP_001178032
Q80W04	Q8R310
Q80W04	Q9ULS5
Q80W04	D3ZH14
Q80W04	NP_001101554
Q80W04	O15482
Q80W04	NP_001119960
Q80W04	Q69ZZ6
Q80W04	O94876
Q80W04	D3ZE26
Q9CR78	Q9CR78
Q9CR78	Q96H12
Q9CR78	D4A3I3
Q9DCM2	Q9DCM2
Q9DCM2	Q9Y2Q3
Q9DCM2	P24473
O15240	O15240
O15240	Q0VGU4
O15240	P20156
Q5VV41	Q5VV41
Q5VV41	E9Q7D5
Q5VV41	D4A1D2
Q5VV41	D3YYY8
Q5VV41	Q6UXY1-2
Q5VV41	Q8BKX1
Q5VV41	Q9UQB8
Q5VV41	Q3KR97
Q5VV41	Q8N5V2-2
Q5VV41	D3ZPJ8
Q5VV41	Q9DBJ3
Q5VV41	Q12774
Q5VV41	Q9UHR4
Q5VV41	Q8BWA8
Q5VV41	Q8IW93
Q5VV41	D4A646
Q5VV41	Q6GMN2
Q5VV41	Q9UQB8-4
Q5VV41	Q8N5V2-3
Q5VV41	Q96DR7
Q5VV41	Q8CHT1
Q5VV41	B2GUW2
Q5VV41	D4A901
Q5VV41	Q5FWH6
Q5VV41	Q9UQB8-2
Q5VV41	Q8CHT1-2
Q5VV41	Q80Y61
Q5VV41	Q9UQB8-5
Q5VV41	Q6UXY1
Q5VV41	Q96DR7-3
Q5VV41	Q5I1Y9
Q5VV41	Q96DR7-4
Q5VV41	Q5BKC9
Q5VV41	Q8N5V2
Q5VV41	A5YM69
Q5VV41	Q3U5C8
Q5VV41	Q8BKX1-2
Q5VV41	XP_001073085
Q5VV41	O94989
P80303	P80303
P80303	Q9JI85
P80303	Q63083
P80303	Q02819
P80303	Q02818
P80303	P81117
P14685	P14685
P14685	Q5U2S7
P14685	O43242
O43310	O43310
O43310	A9UHW6-3
O43310	XP_001054818
O43310	A9UHW6
O43310	Q8VCI5
O43310	Q3UBZ5
O43310	Q9QYU1
O43310	P40855
O43310	Q6AXU7
O43310	O43310-2
O43310	D3ZD47
O43310	Q6PEE2
Q9UH90	Q9UH90
Q9UH90	P62932
Q9UH90	Q5XI67
Q9UH90	Q8BJL1
Q9UH90	Q8TB52
Q8NC54	Q8NC54
Q8NC54	Q62314
Q8NC54	O43493
Q8NC54	D3ZQ77
Q8NC54	P19814
Q8NC54	Q8K201
Q8NC54	O43493-7
Q8NC54	O43493-3
Q8NC54	Q62313
Q501J6	Q501J6
Q501J6	P26196
Q501J6	Q13206
Q501J6	Q8VEG4
Q501J6	Q8VDW0
Q501J6	Q9H0S4
Q501J6	Q9UMR2-2
Q501J6	A0A8I5ZN47
Q501J6	Q91VC3
Q501J6	P38919
Q501J6	Q3B8Q2
Q501J6	Q92841
Q501J6	O00148
Q501J6	Q9NUU7
Q501J6	Q6AYJ1
Q501J6	Q13838-2
Q501J6	NP_001123966
Q501J6	Q62780
Q501J6	Q9CWX9
Q501J6	Q9NVP1
Q501J6	Q9NVH0
Q501J6	Q9Z1N5
Q501J6	Q63413
Q501J6	Q13838
Q501J6	Q9JIK5
Q501J6	Q569Z5
Q501J6	P46063
Q501J6	O94762-3
Q501J6	Q9D0R4
Q501J6	Q92841-1
Q501J6	O15523-2
Q501J6	B1H269
Q501J6	Q99MJ9
Q501J6	A0A0G2K744
Q501J6	Q5RKI1
Q501J6	Q14240
Q501J6	P10630
Q501J6	Q64060
Q501J6	Q9BQ39
Q501J6	Q86TM3
Q501J6	P16381
Q501J6	Q8IY21
Q501J6	Q9NUL7
Q501J6	B2GUW4
Q501J6	Q9Z129
Q501J6	Q61496
Q501J6	Q75NR7
Q501J6	Q9BUQ8
Q501J6	Q6P4T2
Q501J6	O75643
Q501J6	NP_001032855
Q501J6	Q9CWT6
Q501J6	E9PZQ1
Q501J6	Q7L014
Q501J6	O09053
Q501J6	Q9NQI0
Q501J6	D3Z6P9
Q501J6	Q9JIK3
Q501J6	Q9NR30
Q501J6	Q14191
Q501J6	D3Z0M9
Q501J6	Q6Q899
Q501J6	E9PU15
Q501J6	Q8TDG4
Q501J6	Q9GZR7
Q501J6	Q66HG7
Q501J6	Q5XHY0
Q501J6	D4A628
Q501J6	D3ZD46
Q501J6	Q6ZPL9
Q501J6	Q9NY93
Q501J6	Q6NZR5
Q501J6	O88700
Q501J6	Q9NVH0-2
Q501J6	Q5H9U9
Q501J6	Q810A7
Q501J6	Q921N6
Q501J6	Q8NHQ9
Q501J6	Q8K363
Q501J6	Q15477
Q501J6	G3V727
Q501J6	E9PTR3
Q501J6	A0A0G2K0E0
Q501J6	Q86XP3
Q501J6	Q8N3C0
Q501J6	Q8VID5
Q501J6	Q9NXZ2
Q501J6	Q3V086
Q501J6	Q9H8H2-2
Q501J6	O94762
Q501J6	D3ZD73
Q501J6	Q86XP3-2
Q501J6	D3Z4R1
Q501J6	Q9QY15
Q501J6	Q9UHL0-2
Q501J6	A0A0G2K7X6
Q501J6	Q6P3V8
Q501J6	P60842
Q501J6	P60843
Q501J6	O00571
Q501J6	Q8N9H8
Q501J6	Q9UHL0
Q501J6	M0R9C6
Q501J6	Q14240-2
Q501J6	G3V6W5
Q501J6	Q8TDD1-2
Q501J6	Q96GQ7
Q501J6	Q96GQ7_VAR_G766S
Q501J6	O94761
Q501J6	Q5RJJ7
Q501J6	Q6NZQ2
Q501J6	Q9NY93-2
Q501J6	P54823
Q501J6	D3ZHY6
Q501J6	A2PYH4
Q501J6	F1LPQ2
Q501J6	E9PZJ8
Q501J6	B1H297
Q501J6	Q3U741
Q501J6	Q96C10
Q501J6	Q9H8H2
Q501J6	Q6P9R1
Q501J6	Q8R3C7
Q501J6	Q2VPA6
Q501J6	Q9DBN9-2
Q501J6	Q92841-3
Q501J6	G3V9M1
Q501J6	F1LTH9
Q501J6	Q99PT0
Q501J6	Q61656
Q501J6	Q8N8A6
Q501J6	Q8K301
Q501J6	Q7TQ07
Q501J6	Q9UMR2
Q501J6	D4A7Q5
Q501J6	XP_573636
Q501J6	P17844
Q501J6	Q9Y2R4
Q501J6	Q7Z5Q5
Q501J6	P54132
Q501J6	D4A031
Q501J6	Q9NRR4-2
Q501J6	B0BNK0
Q501J6	D3ZQW1
Q501J6	Q62167
Q501J6	A0A0G2K719
Q501J6	Q4FZF3
Q501J6	Q6VEU8
Q501J6	C9WPN2
Q501J6	Q9NRR4-3
Q501J6	Q9JJY4
Q501J6	Q99J87
Q501J6	Q9Y6V7
Q501J6	O75417
Q501J6	Q9QY16
Q501J6	Q5U216
Q501J6	O00571-2
Q501J6	Q9NRR4-4
Q501J6	Q9UHI6
Q501J6	Q8CGS6
Q501J6	Q5HZJ0
Q501J6	Q9UPY3
Q501J6	Q9CZU3
Q501J6	Q9NRR4
Q501J6	Q6AYI1
Q501J6	Q3B8Q1
Q501J6	Q9BYX4
Q501J6	Q9DBN9
Q501J6	Q62095
Q501J6	D3ZX56
Q501J6	Q68FX3
Q501J6	Q61655
Q501J6	D4ADT5
Q501J6	Q568Z8
Q501J6	Q91VN6
Q501J6	B2RYL8
Q501J6	Q5T1V6
Q501J6	Q8K4L0
Q501J6	D4ACP5
Q501J6	Q9UJV9
Q501J6	O95786
Q501J6	Q8TDD1
Q501J6	D3TI84
Q501J6	D3ZG48
Q501J6	Q8R418
Q501J6	Q9ESV0
Q501J6	Q8IYD8
Q501J6	D3ZBY5
Q501J6	D3ZN21
Q501J6	D3ZIE3
Q501J6	P42285
Q501J6	Q80Y44
Q501J6	O15523
Q501J6	Q8R5F7
Q501J6	Q8BGE5
Q501J6	Q6MG76
Q501J6	Q9NQI0-3
Q501J6	P19821
Q501J6	Q9UPY3-3
Q8BIE0	Q8BIE0
P26323	P26323
P26323	NP_001101550
P26323	Q01543
P26323	Q9Y603
P26323	Q4V7E1
P26323	D4ACQ9
P26323	P32519
P26323	P50548
P26323	G3V813
P26323	P11308-1
P26323	Q5XIT5
P26323	P17433
P26323	Q6P3D7
P26323	Q01892
P26323	P41162
P26323	Q8N5J4
P26323	Q9UKW6
P26323	O35906
P26323	P41158
P26323	P43268
P26323	A0A1W2PQ73
P26323	D3ZJW0
P26323	P50549
P26323	P28324
P26323	P28322
P26323	ENSRNOP00000051409
P26323	P70459
P26323	P81270
P26323	P19419
P26323	Q99581
P26323	P11308
P26323	Q9Z2U4
P26323	P50549-2
P26323	Q3KRD1
P26323	Q9EQY3
P26323	Q60775
P26323	Q9CXC9
P26323	P41161
P26323	P41163
P26323	XP_239510
P26323	P81270-2
P26323	P41212
P26323	P41971
P26323	P14921-3
P26323	P41970
P26323	O00321
P26323	Q5EBA3
P26323	P13474
P26323	P14921
P26323	E9PTJ2
P26323	A4GTP4
P26323	P41156
P26323	P15037
P26323	Q15723-1
P26323	P17947-2
P26323	P27577
P26323	P15036
P26323	Q9WTP3
P26323	P41969
P26323	Q9NZC4
P26323	P97360
P26323	O95238
P26323	Q3UPW2
P26323	O70273
P26323	Q6ZN32
P26323	P78545
P26323	XP_621583
P26323	Q8R4Z4
P26323	XP_574971
P26323	Q8VDK3
P26323	Q8QZW2
P26323	O70132
P26323	Q00422
P26323	Q9JHC9
P26323	Q06546
P26323	Q99607
P26323	D4A9V6
P26323	P32519-2
P26323	P50548-2
P26323	Q15723
P26323	Q6BDS1
P26323	Q4Z8P1
P26323	A6QLR0
P26323	P17947
P26323	P41164
P49006	P49006
P49006	P26645
P49006	P30009
P49006	P29966
P49006	P12624
P49006	P16527
P49006	Q9EPH2
P49006	P28667
F2Z3M2	F2Z3M2
Q9BSA4-2	Q9BSA4-2
Q9BSA4-2	D4A383
Q9BSA4-2	Q9BSA4
Q9BSA4-2	Q9H313-3
Q9BSA4-2	Q9C0H2-2
Q9BSA4-2	Q9D3A9
Q9BSA4-2	D4A4P8
Q9BSA4-2	Q9H313
Q9BSA4-2	Q3TH73
Q9BSA4-2	P0C5X8
Q9BSA4-2	Q9C0H2-4
Q9BSA4-2	Q6P5F7
Q9BSA4-2	Q9C0H2
Q2LD37-2	Q2LD37-2
Q2LD37-2	Q2LD37-4
Q2LD37-2	A2AAE1-3
Q2LD37-2	Q2LD37
Q2LD37-2	A0A096MJT6
Q2LD37-2	A2AAE1
Q86VP6-2	Q86VP6-2
Q86VP6-2	Q6ZQ73
Q86VP6-2	O75155-2
Q86VP6-2	Q9R0L4
Q86VP6-2	Q86VP6
Q86VP6-2	P97536
Q86VP6-2	Q6ZQ38
Q86VP6-2	O75155
Q96MC4	Q96MC4
Q96MC4	Q6AY32
Q96MC4	Q9C0D2
Q96MC4	Q9C0D2-3
Q96MC4	A4L9P8
Q96MC4	Q497N6
Q96MC4	Q9C0D2-2
Q96MC4	Q8BQ48
P25705-2	P25705-2
P25705-2	Q03265
P25705-2	P25705
P25705-2	NP_001172071
P25705-2	P15999
Q9Y305-2	Q9Y305-2
Q9Y305-2	Q5U2X8
Q9Y305-2	Q32MW3
Q9Y305-2	Q9R0X4
Q9Y305-2	Q9Y305
Q9Y305-2	Q9Y305-4
Q8WW12-2	Q8WW12-2
Q8WW12-2	Q8WW12
Q8WW12-2	Q7TP40
Q8WW12-2	Q32PF3
Q8WW12-2	Q6P8I4
D3ZBG8	D3ZBG8
D3ZBG8	Q6PB75
D3ZBG8	Q5XG87
D3ZBG8	D3ZSY1
D3ZBG8	Q68ED3
D3ZBG8	Q8NDF8
D3ZBG8	Q8NDF8-5
Q969P6-2	Q969P6-2
Q969P6-2	Q6IM78
Q969P6-2	Q04750
Q969P6-2	Q8R4U6
Q969P6-2	P11387
Q969P6-2	Q969P6
Q969P6-2	F1MN93
Q969P6-2	Q9WUL0
Q9NRA0-3	Q9NRA0-3
Q9NRA0-3	Q8CI15
Q9NRA0-3	Q8TCT0
Q9NRA0-3	Q8K4Q7
Q9NRA0-3	Q9NRA0-5
Q9NRA0-3	Q91V26
Q9NRA0-3	Q6AYB2
Q9NRA0-3	Q49MI3-9
Q9NRA0-3	Q9NRA0-2
Q9NRA0-3	Q9JIA7
Q9NRA0-3	Q49MI3
Q9NRA0-3	Q9NYA1-2
Q9NRA0-3	A2AQH1
Q9NRA0-3	Q9NYA1
Q9NRA0-3	F1M6A9
Q9NRA0-3	D3Z9L0
Q9NRA0-3	Q9ESW4
Q9NRA0-3	Q9NRA0
Q9NRA0-3	Q53H12
O15126-2	O15126-2
O15126-2	Q9ET20
O15126-2	O35609
O15126-2	O14828
O15126-2	Q58DR5
O15126-2	Q9ERN0
O15126-2	O14828-2
O15126-2	Q8TAC9-2
O15126-2	Q9JKV5
O15126-2	Q8TAC9
O15126-2	Q9JKD3
O15126-2	Q9JKE3
O15126-2	O15127
O15126-2	Q8K021
O15126-2	P56603
O15126-2	O15126
O15126-2	Q969E2
O15126-2	E9PTW1
O15126-2	Q5U2U4
J3QPZ5	J3QPZ5
J3QPZ5	A6NFT4
J3QPZ5	Q5SV66
J3QPZ5	Q96M95
Q9UII2-3	Q9UII2-3
Q9UII2-3	Q9UII2-2
Q9UII2-3	P01096
Q9UII2-3	Q03344
Q9UII2-3	O35143
Q9UII2-3	Q9UII2
Q96A33-2	Q96A33-2
Q96A33-2	Q5U2X6
Q96A33-2	Q96A33
Q96A33-2	Q9D024
Q5BK44	Q5BK44
Q5BK44	P97931
Q5BK44	P13051-2
Q5BK44	P13051
D3ZY54	D3ZY54
D3ZY54	Q8R4H9
D3ZY54	Q8TAD4
D3ZY54	Q8TAD4-3
D3ZY54	Q5BJM8
D3ZY54	Q8NEW0
D3ZY54	Q9JKN1
Q01196-7	Q01196-7
Q01196-7	Q63046
Q01196-7	Q13950
Q01196-7	Q01196-8
Q01196-7	Q03347
Q01196-7	Q01196
Q01196-7	Q13950-2
Q01196-7	Q01196-2
Q01196-7	F1M9C5
Q01196-7	Q08775
Q01196-7	Q13950-3
Q01196-7	Q64131
Q01196-7	Q08775-5
Q01196-7	Q13761
Q01196-7	Q91ZK1
Q01196-7	A0A7S8LV65
Q01196-7	Q01196-10
B0L3A2	B0L3A2
B0L3A2	D3ZGZ6
B0L3A2	Q2QKR2
D3ZRM3	D3ZRM3
D3ZRM3	O00587
D3ZRM3	Q8NES3
D3ZRM3	O09008
D3ZRM3	Q8BJQ9
D3ZRM3	O09010
D3ZRM3	Q8NES3-4
D3ZRM3	Q8TDX6
D3ZRM3	Q8N6G5
D3ZRM3	Q9Y644
D3ZRM3	O09009
D3ZRM3	Q9R1U9
D3ZRM3	Q9JJ05
D3ZRM3	Q766D5
D3ZRM3	Q9JJ06
D3ZRM3	Q76KP1
D3ZRM3	Q8C1F4
D3ZRM3	Q6ZQ11
D3ZRM3	Q70JA7
D3ZRM3	Q86X52
D3ZRM3	Q9NS00
D3ZRM3	Q6Y288
D3ZRM3	Q8BHT6
D3ZRM3	Q6L9W6
D3ZRM3	Q6L8S8
D3ZRM3	B5DEY9
D3ZRM3	Q5DTK1
D3ZRM3	Q924T4
K9N7A1	K9N7A1
K9N7A1	P0DTC5
K9N7A1	P59596
Q5I0H4	Q5I0H4
Q5I0H4	Q921L3
Q5I0H4	Q9UM00-1
Q5I0H4	Q9UM00
Q32PY2	Q32PY2
Q32PY2	P54316
Q32PY2	Q6XZB0
Q32PY2	Q8CIV3
Q32PY2	Q8WWY8
Q32PY2	P06858
Q32PY2	P11152
Q32PY2	Q8VI78
Q32PY2	Q53H76
Q32PY2	Q6P8U6
Q32PY2	Q9Y5X9
Q32PY2	P54315
Q32PY2	P54318
Q32PY2	P16233
Q32PY2	Q9WVG5
Q32PY2	Q5BKQ4
Q32PY2	P54317
Q32PY2	Q8VBX1
Q32PY2	P07867
Q32PY2	P27657
Q32PY2	Q06000
Q32PY2	P97535
Q32PY2	Q17RR3
Q32PY2	D3ZMG4
Q32PY2	F6YQT7
Q32PY2	P27656
Q32PY2	P11150
Q32PY2	P17892
Q3V2G4	Q3V2G4
Q3V2G4	A0A1B0GVY4
Q5DRK1	Q5DRK1
Q5DRK1	Q6P6S9
Q5DRK1	Q8BFW6
Q5DRK1	P55772
Q5DRK1	O75355
Q5DRK1	P49961
Q5DRK1	P97687
Q5DRK1	Q9WUZ9
Q5DRK1	Q9Y5L3
Q5DRK1	O55026
Q5DRK1	O35795
Q5DRK1	O75356
Q5DRK1	Q80Z26
Q5DRK1	P49961-2
Q5DRK1	Q3U0P5
Q5DRK1	O75354
Q5DRK1	Q5MY95
Q5DRK1	Q8K0L2
Q5DRK1	Q9ER31
Q5DRK1	P49961-6
P28700	P28700
P28700	P06537
P28700	P10827
P28700	Q07869
P28700	Q9Y5X4
P28700	P63058
P28700	Q9QUS1
P28700	P04150
P28700	O95718
P28700	P11475
P28700	P51449-2
P28700	Q05343
P28700	P37231-2
P28700	P62510
P28700	P62508
P28700	P62509
P28700	P11473-2
P28700	Q60632
P28700	P07812
P28700	O08537
P28700	P22199
P28700	Q06219
P28700	P43354
P28700	Q07917
P28700	Q8VII8
P28700	P19793
P28700	Q92731
P28700	Q63449
P28700	P06401-2
P28700	P35398-4
P28700	P06211
P28700	NP_990644
P28700	O09017
P28700	P13631
P28700	P19785
P28700	P22736-2
P28700	P35398-1
P28700	P24468
P28700	P43135
P28700	O09018
P28700	Q32NY6
P28700	P63059-2
P28700	P63058-2
P28700	P10827-2
P28700	P04150-10
P28700	Q13133
P28700	Q13285
P28700	Q9Z0Y9
P28700	P19091
P28700	P12813
P28700	O75469
P28700	P13631-2
P28700	Q00175
P28700	P37231
P28700	P03372
P28700	Q5BJR8
P28700	Q62735
P28700	P51448-2
P28700	Q03181-3
P28700	P10275
P28700	Q8R1B8
P28700	P22736
P28700	Q3UV55
P28700	P37230
P28700	P43136
P28700	P06401
P28700	P10276-2
P28700	P04150-3
P28700	Q63503
P28700	P20393
P28700	P45448
P28700	O00482
P28700	O35627
P28700	Q62879
P28700	P41235
P28700	P10275-3
P28700	Q62986
P28700	P11416
P28700	Q14994
P28700	Q03181
P28700	P22829
P28700	P08235
P28700	P49698
P28700	P22449
P28700	P51843
P28700	Q5QJV7
P28700	O08580
P28700	P51843-2
P28700	P10276
P28700	P22605
P28700	Q61066
P28700	Q62755
P28700	P10826
P28700	Q14995
P28700	P51450-2
P28700	P49743
P28700	P49116-2
P28700	Q60674
P28700	P28705
P28700	Q8VIJ4
P28700	P28702-3
P28700	P49116
P28700	P10589
P28700	P11474
P28700	P37242
P28700	P48443
P28700	Q15406
P28700	Q15466
P28700	P70503
P28700	P55094
P28700	P49117
P28700	P15207
P28700	P10828
P28700	Q64249
P28700	P97947
P28700	P18113
P28700	Q62681
P28700	P51179
P28700	Q62227
P28700	Q499N1
P28700	P50569
P28700	P33242
P28700	Q80ST6
P28700	D3ZFD9
P28700	Q9QWM1
P28700	P13053
P28700	P48281
P28700	Q61539
P28700	Q92570-2
P28700	Q14541
P28700	P35398
P28700	O00482-3
P28700	P11473
P28700	Q9Y466
P28700	Q96RI1
P28700	Q9WUU6
P28700	D3ZF61
P28700	P18911
P28700	P35396
P28700	XP_342428
P28700	P37242-2
P28700	P18911-2
P28700	Q64104
P28700	Q60641
P28700	F1M342
P28700	O88275
P28700	P37238
P28700	P04150-2
P28700	P13056
P28700	P10826-2
P28700	O54915
P28700	Q63504
P28700	XP_038938751
P28700	P51448
P28700	Q505F1_VAR_A327S
P28700	Q505F1
P28700	A9XAM2
P28700	Q60644
P28700	P45446
P28700	P63058-3
P28700	P55055
P28700	Q9QZB6
P28700	Q92753
P28700	P28702
P28700	XP_347323
P28700	P37238-2
P28700	P06536
P28700	Q92570
P28700	P28704
P28700	P10588
P28700	P51450
P28700	Q62685
P28700	P63058_OBS
P28700	P63059
P28700	P23204
P28700	Q9QXZ7
P28700	Q96RI1-2
P28700	P51449
P28700	P37231-3
P28700	Q9R1A7
P28700	O95718-1
P05059	P05059
P05059	P10354
P05059	P26339
P05059	P10645
P97351	P97351
P97351	P61247
P97351	P49242
Q9NYH9	Q9NYH9
Q9NYH9	Q8VCY6
Q9NYH9	XP_001080950
Q9Z1Q9	Q9Z1Q9
Q9Z1Q9	P26641
Q9Z1Q9	P26640
Q9Z1Q9	Q04462
Q9Z1Q9	Q3U2A8
Q9Z1Q9	Q5ST30
Q9Z1Q9	Q6MG21
Q9Z1Q9	A0A0G2K9E5
Q9Z1Q9	Q68FR6
Q9Z1Q9	Q9D8N0
Q9Z1Q9	P26641-2
Q9Z1Q9	Q5ST30-4
Q9Z1Q9	Q15031
Q9Z1Q9	Q8VDC0
Q8TAP8	Q8TAP8
Q8TAP8	Q9D8C8
Q8TAP8	D3ZCQ3
O14746-2	O14746-2
O14746-2	O70372
O14746-2	O14746-3
O14746-2	O14746
O14746-2	Q673L6
Q8BJF9	Q8BJF9
Q8BJF9	F1M8B7
Q8BJF9	Q9UQN3
Q8BJF9	O43633
Q8BJF9	Q9DB34
Q8BJF9	B2RZB5
Q9CPW4	Q9CPW4
Q9CPW4	O15511
Q9CPW4	Q4KLF8
Q9CPW4	Q3SYX9
Q9CPW4	Q9BPX5
Q9CPW4	Q9D898
Q9CPW4	A1L108
Q76MZ3	Q76MZ3
Q76MZ3	P30153
Q76MZ3	Q5XI34
Q76MZ3	P30154-2
Q76MZ3	Q7TNP2
Q76MZ3	P30154
Q76MZ3	Q4QQT4
Q02223	Q02223
Q02223	O88472
O75419	O75419
O75419	B1WBZ4
O75419	Q9Z1X9
O75419	O75419-3
XP_003751176	XP_003751176
XP_003751176	Q8BGA7
XP_003751176	Q96N11
B5DEQ0	B5DEQ0
B5DEQ0	P43308
B5DEQ0	Q9CPW5
G3V9T7	G3V9T7
G3V9T7	O54984
G3V9T7	O43681
D3ZJA8	D3ZJA8
D3ZJA8	Q8N9A8
D3ZJA8	Q3UJ81
D3ZJA8	Q8N9A8-2
P04468	P04468
P04468	P06796
P04468	P07498
P04468	P02668
F7EPH4	F7EPH4
F7EPH4	Q9D819
F7EPH4	Q15181
F7EPH4	Q9H2U2
F7EPH4	D4A830
F7EPH4	Q9H2U2-2
F7EPH4	Q91VM9
P01024	P01024
P01024	B9EIU2
P01024	P01027
P01024	Q6ZMU1
P01024	Q8IZJ3
P01024	P0C0L4
P01024	P0C0L5
P01024	P01026
P01024	P01029
P01024	Q6MG90
P01024	P08649
P04554	P04554
P04554	P07978
P04554	P11248
Q9Y6W5	Q9Y6W5
Q9Y6W5	Q5BJU7
Q9Y6W5	O08816
Q9Y6W5	Q91YD9
Q9Y6W5	Q8BH43
Q9Y6W5	Q8VHI6
Q9Y6W5	Q9UPY6
Q9Y6W5	Q95107
Q9Y6W5	P42768
Q9Y6W5	G3V9K5
Q9Y6W5	P70315
Q9Y6W5	Q8R5H6
Q9Y6W5	Q92558
Q9Y6W5	Q5FWU0
Q9Y6W5	O00401
Q9Y6W5	M0R7F3
Q6TQE1	Q6TQE1
Q6TQE1	Q6TQE1-2
Q6TQE1	P79522-2
Q6TQE1	Q0P678
Q6TQE1	Q811B5
Q6TQE1	G3MX37
Q6TQE1	Q86VM9
Q6TQE1	Q86VM9-2
Q6TQE1	Q6MG07
Q6TQE1	Q80W00
Q6TQE1	Q96QC0
Q6TQE1	Q0P678-2
Q6TQE1	O55000
Q6TQE1	P79522
Q7TNB4	Q7TNB4
Q7TNB4	A2AVR2
Q7TNB4	Q8NDA8
Q7TNB4	Q9H579-2
Q7TNB4	A2RUW0
Q7TNB4	Q7M6Y6
Q7TNB4	Q9BYG7
Q7TNB4	E9PYI4
Q7TNB4	E0CZ22
Q7TNB4	A6NES4
Q7TNB4	D3Z750
Q7TNB4	Q7Z745
Q7TNB4	Q9BYG7-2
Q7TNB4	D4AEN7
Q7TNB4	F1M3X5
Q7TNB4	V9GX81
Q7TNB4	Q8NDA8-4
Q7TNB4	A0A0G2JV05
Q7TNB4	Q6ZUA9
Q7TNB4	A6NGR9
Q7TNB4	Q3TY91
Q7TNB4	Q9H579
Q7TNB4	Q68CQ1
Q62627	Q62627
Q62627	Q96IZ0
Q62627	Q925B0
Q99L00	Q99L00
Q99L00	Q9BT25
Q99L00	Q5BK57
Q99JS0	Q99JS0
Q99JS0	F1M2Z5
Q99JS0	Q5T1S8
Q9H0C3	Q9H0C3
Q9H0C3	Q8BH18
P61927	P61927
P61927	Q9D823
P61927	P61928
Q5XKP0	Q5XKP0
Q5XKP0	Q8R404
Q5XKP0	XP_006244377
Q9CY02	Q9CY02
Q9CY02	Q9NZD4
Q6ZU67-3	Q6ZU67-3
Q6ZU67-3	P86174
Q6ZU67-3	Q6ZU67
Q6ZU96	Q6ZU96
Q6P5U8	Q6P5U8
Q6P5U8	Q8NFR7
Q13278	Q13278
Q8NCR6-3	Q8NCR6-3
Q8NCR6-3	D4A9U1
Q8NCR6-3	Q8NCR6-2
Q8NCR6-3	Q2MH31
Q8NCR6-3	Q8NCR6
Q96A26	Q96A26
Q96A26	Q9D6U8
Q96A26	Q5T6X4
Q96A26	Q9CX19
Q96A26	Q4QQV3
Q14BK3	Q14BK3
Q14BK3	Q5T0J7
Q9H173	Q9H173
Q9H173	Q6P6S4
Q9H173	Q9EPK6
E0CXC7	E0CXC7
E0CXC7	Q8NBJ9
E0CXC7	Q8NBJ9-2
E0CXC7	Q6AXF6
E0CXC7	D3ZEH5
E0CXC7	Q8CIF6
E0CXC7	Q9NXL6
E0CXC7	Q6Q3F5
E0CXC7	Q9NXL6-2
Q6P8J2	Q6P8J2
Q6P8J2	Q96F10
Q6P8J2	P48026
Q6P8J2	P21673
Q6P8J2	Q9D5N8
Q6P8J2	Q86VE3
Q6P8J2	D3ZA19
Q96MZ4	Q96MZ4
P59266	P59266
P59266	Q8N6M3
P59266	A5D6W6
P59266	Q91V79
Q8BGN9	Q8BGN9
Q8BGN9	Q9H7X2
Q8CEZ1	Q8CEZ1
Q8CEZ1	Q147U7
Q9DBA8	Q9DBA8
Q9DBA8	Q96NU7
Q8BL00	Q8BL00
Q8BL00	Q6ZTQ4
Q14657	Q14657
Q14657	P78358
Q14657	D3ZPW6
Q14657	Q9CR70
Q14657	O75638-2
Q14657	M0R3X9
Q14657	NP_001238819
Q14657	O75638
Q9DAP7	Q9DAP7
Q9DAP7	Q9CQE6
Q9DAP7	Q9Y294
Q9DAP7	B0BN69
Q9DAP7	Q9NVP2
Q9DAP7	D3ZFM1
P02652	P02652
P02652	P04638
P02652	P09813
O35118	O35118
O35118	O08842
O35118	O00451
O35118	O60609
O35118	Q9EPI2
O35118	Q62997
O35118	P97785-2
O35118	Q6UXV0
O35118	Q6SJE0
O35118	D3ZB94
O35118	Q9GZZ7
O35118	P97785
O35118	Q9JJT2
O35118	P56159-2
O35118	P56159
O70572	O70572
O70572	O60906
O70572	Q9ET64
P0C671	P0C671
P0C671	Q8CC96
Q9GZS1	Q9GZS1
Q9GZS1	B0BN64
Q9GZS1	Q8K202
Q9GZS1	Q9GZS1-1
Q8K419	Q8K419
Q8K419	A4D1Z8
Q8K419	A8MUM7
Q8K419	Q8BH93
Q8K419	O08573
Q8K419	P97400
Q8K419	P38486
Q8K419	P56470
Q8K419	P08699
Q8K419	P17931
Q8K419	O00214-2
Q8K419	P05162
Q8K419	Q9JL15
Q8K419	Q8VED9
Q8K419	Q3ZCW2
Q8K419	B4F7A3
Q8K419	Q9CQW5
Q8K419	Q9Z144
Q8K419	O00214
Q8K419	O54891
Q8K419	P47967
Q8K419	P16110
Q8K419	P11762
Q8K419	Q7TPX9
Q8K419	Q05315
Q8K419	O88644
Q8K419	P47929
Q8K419	P97840
Q8K419	Q8TCE9
Q8K419	O54974
Q8K419	P97590
Q8K419	P38552
Q8K419	Q3U2W5
Q8K419	O00182
Q8K419	P09382
Q8K419	Q9D1U0
Q8K419	Q3B8N2
Q8K419	P16045
Q8K419	Q6DKI2
Q8K419	D3ZBX1
Q8K419	O00182-5
Q8K419	O00182-4
Q8K419	Q8NDC0
Q8K419	Q9UHV8
Q8K419	A4GTP0
Q8K419	Q96DT0
Q8K419	Q91VD1
Q8K419	Q9D7G9
Q8K419	Q62665
Q8K419	D3ZNX9
Q8BGQ2	Q8BGQ2
Q8BGQ2	Q9H175
Q8BGQ2	P59055
Q8BGQ2	P59054
Q8BGQ2	Q96S65
Q8BGQ2	D4AAK3
Q8BGQ2	Q8WYN3
P11930	P11930
P11930	Q6AYD9
P11930	A8MXV4
Q8BGP5	Q8BGP5
Q8BGP5	O75204
D3DVV6	D3DVV6
O35486	O35486
O35486	Q61597
O35486	P04344
O35486	P26998
O35486	P56374
O35486	P07320
O35486	Q9JJV0
O35486	P53673
O35486	P02525
O35486	Q8N1P7
O35486	F1M8T4
O35486	P05813
O35486	A0A338P6N4
O35486	Q68DQ2
O35486	P53674
O35486	P04342
O35486	P22914
O35486	P10067
O35486	Q9CXV3
O35486	P10066
O35486	P02524
O35486	M0RDY6
O35486	XP_038955220
O35486	Q8WXF5
O35486	P02529
O35486	P11844
O35486	P04345
O35486	D3ZEG1
O35486	P0C5E9
O35486	Q80W49
O35486	B7ZCC2
O35486	NP_001103261
O35486	A0A0G2JVZ7
O35486	P02522
O35486	Q3UN98
O35486	P02528
O35486	P62696
O35486	P62697
O35486	E9PVP1
O35486	P43320
O35486	P53672
O35486	Q80W49-2
O35486	P10065
O35486	Q9Y4K1
O35486	P07315
O35486	P02523
O35486	Q9JJV1
O35486	P10068
O35486	P07316
O35486	Q8VHL5
O35486	P14881
O35486	Q9JJU9
O35486	Q9WVJ5
O35486	Q03740
Q8NAE3	Q8NAE3
Q969N2	Q969N2
Q969N2	Q8BXQ2
Q969N2	NP_001100010
P58400-1	P58400-1
P58400-1	Q9ULB1-3
P58400-1	Q9Y4C0
P58400-1	Q63372
P58400-1	Q9CS84
P58400-1	Q9ULB1
P58400-1	Q6P9K9
P58400-1	Q07310
P58400-1	Q9HDB5
P58400-1	Q9P2S2-2
P58400-1	Q9HDB5-2
P58400-1	Q28142
P58400-1	Q8C985
P58400-1	P58401
P58400-1	Q9P2S2
P58400-1	Q63373
P58400-1	Q63374
P58400-1	Q9Y4C0-4
P58400-1	Q63376
P58400-1	E9Q7X7
P58400-1	E9PUN2
Q9D9J2	Q9D9J2
Q9D9J2	O43247
P0DTC7	P0DTC7
P0DTC7	P59635
Q3UZ34	Q3UZ34
Q4V7B1	Q4V7B1
Q4V7B1	Q6ZVT6
Q4V7B1	Q6P2K3
Q5VU97	Q5VU97
Q5VU97	Q6PDJ1
Q8C0S4	Q8C0S4
Q8C0S4	Q8NDW8
Q8C0S4	Q8NDW8-7
Q8C0S4	Q0HA38
Q8C0S4	NP_001178666
Q8C0S4	Q7Z4L5
XP_342322	XP_342322
XP_342322	Q9DAD0
XP_342322	Q5T5A4
XP_342322	Q5T5A4-2
XP_342322	D4A305
XP_342322	Q4VC31
XP_342322	Q8R3Q6
Q921W4	Q921W4
Q921W4	Q5XI39
Q921W4	B2GUZ6
Q921W4	O95825
Q921W4	Q8WWV3
Q921W4	Q924D0
Q8BZR0	Q8BZR0
Q8BZR0	Q96P67
A6NI74	A6NI74
A6NI74	Q8C042
A6NI74	A6NNW6
Q0VG85	Q0VG85
O43759-2	O43759-2
O43759-2	O43759
O43759-2	O55100
O43759-2	Q62876
O43759-2	O95473
O43759-2	O43760-2
O43759-2	O54980
O43759-2	O43761
O43759-2	D4ABK1
O43759-2	O55101
O43759-2	Q9Z1L2
O43759-2	Q4KLY7
O43759-2	O43760
O43759-2	Q8R191
O43759-2	A8MWL6
XP_003752105	XP_003752105
XP_003752105	XP_229054
XP_003752105	Q3V0Y1
XP_003752105	XP_111973
XP_003752105	A2ADI4
XP_003752105	D3ZCR4
XP_003752105	Q922R5
XP_003752105	Q5MIZ7-2
XP_003752105	Q5MIZ7
XP_003752105	Q6IN85
XP_003752105	Q5MIZ7-3
XP_003752105	NP_001101520
XP_003752105	Q6IN85-2
XP_003752105	Q6P2K6
XP_003752105	Q6ZMV5
XP_003752105	XP_001063417
XP_003752105	Q6ZMV5-2
E9PZY1	E9PZY1
E9PZY1	D3ZGG8
E9PZY1	Q91VB4
E9PZY1	Q969F9
F1LXU0	F1LXU0
F1LXU0	Q6JPI3
F1LXU0	Q71F56
F1LXU0	Q5SWW4
F1LXU0	Q9UHV7
Q76L83-2	Q76L83-2
Q76L83-2	XP_226128
Q76L83-2	NP_001101481
Q76L83-2	Q8BZ32
Q76L83-2	P59598
Q76L83-2	Q8C4A5
Q76L83-2	Q8IXJ9
Q76L83-2	XP_002726316
Q76L83-2	Q76L83
Q76L83-2	Q9C0F0
P01556	P01556
Q96HW7-2	Q96HW7-2
Q96HW7-2	Q96HW7-3
Q96HW7-2	D3ZZQ6
Q96HW7-2	Q96HW7
Q96HW7-2	Q8CIM8
Q9NVH2-4	Q9NVH2-4
Q9NVH2-4	D4ADS6
Q9NVH2-4	Q7TQK1
Q9NVH2-4	Q9NVH2
D3Z8X7	D3Z8X7
D3Z8X7	Q80V31
D3Z8X7	O60308
Q8N9U0-2	Q8N9U0-2
Q8N9U0-2	Q5M7U8
Q8N9U0-2	Q91XT6
Q8N9U0-2	Q8N9U0
Q8CDV6	Q8CDV6
Q8CDV6	Q8NA47
Q8CDV6	Q4V8F7
O08856	O08856
O08856	Q16625-3
O08856	F1LSH1
O08856	A2VE81
O08856	Q16625-2
O08856	Q6P6T5
O08856	Q8N4S9-2
O08856	P55199
O08856	Q3UZP0
O08856	Q91049
O08856	Q8N4S9
O08856	Q61146
O08856	Q16625
O08856	O00472
O08856	Q5XFX8
O08856	Q80VR2
O08856	NP_001100774
O08856	Q9HB65
O08856	Q8VCR9
O08856	Q3UKU1
O08856	Q9H607
O08856	NP_001102406
Q9NX63	Q9NX63
Q9NX63	D3ZUX5
Q9NX63	Q9CRB9
Q9NX63	Q91VN4
Q9NX63	D4A7N1
Q9NX63	Q9BRQ6
Q86UY6	Q86UY6
Q86UY6	Q8VE10
Q86UY6	D3ZZQ5
Q9JKL8	Q9JKL8
Q9JKL8	Q8CHC8
Q9JKL8	Q9Z103
Q9JKL8	Q9H2P0
Q9JKL8	Q6IQ32
Q9JKL8	B2GVB8
Q93063	Q93063
Q93063	Q9ES89
Q93063	Q9UBQ6
Q93063	A0A0G2KAH7
Q93063	P70428
Q93063	P97464
Q93063	Q9WVL6
Q93063	Q16394
Q93063	O43909
Q93063	Q92935
Q93063	Q9JKV7
Q93063	Q9JMA8
Q93063	Q93063-3
Q3UK37	Q3UK37
Q3UK37	Q86SX3
Q96NJ1	Q96NJ1
Q5TGP6	Q5TGP6
Q5TGP6	Q5TGP6-2
Q5TGP6	Q9D2J9
Q9HBV2	Q9HBV2
Q9HBV2	Q9DA48
Q9HBV2	D3Z9F9
Q7TMV3	Q7TMV3
Q7TMV3	Q7L8L6
Q7TMV3	XP_008760460
Q8BGY3	Q8BGY3
Q8BGY3	Q86TE4
Q9H8W3	Q9H8W3
Q9H8W3	Q8C6C7
Q9H8W3	D4A037
Q9BTW9	Q9BTW9
Q9BTW9	Q9BTW9-4
Q9BTW9	Q8BYA0
Q9BTW9	F1M1D5
Q7Z6B0	Q7Z6B0
Q7Z6B0	Q9D8L5
Q7Z6B0	Q6AY97
Q3LHH8	Q3LHH8
Q3LHH8	A8R0V4
Q3LHH8	A8R0T8
Q8C9M2	Q8C9M2
Q8C9M2	XP_001061074
Q8C9M2	Q0P6D6
Q96HY6	Q96HY6
Q96HY6	Q80WW9
Q96HY6	D3ZAS9
Q9BVI4	Q9BVI4
Q9BVI4	Q8BHY2
Q9BVI4	Q8WTT2
Q9BVI4	Q8VI84
Q9BVI4	D4AB23
Q9BVI4	Q5I0I8
Q9BSF0	Q9BSF0
Q9BSF0	Q9CPS8
P04090	P04090
P04090	P47932
P04090	P04808
P04090	P01347
P04090	Q14641
P07153	P07153
P07153	Q91YQ5
P07153	P04843
Q7TN22	Q7TN22
Q7TN22	Q9P2K2
Q7TN22	XP_341302
Q9D9K3	Q9D9K3
Q9D9K3	NP_001386447
Q9D9K3	Q9NQS1
Q6P2B1-3	Q6P2B1-3
Q6P2B1-3	O94829
Q6P2B1-3	Q8K0C1
Q6P2B1-3	Q9JM04
Q6P2B1-3	D4AAM0
Q6P2B1-3	Q6P2B1
Q6P2B1-3	Q9Y5L0
Q6P2B1-3	Q9Y5L0-5
Q6P2B1-3	Q9Y5L0-1
O60244	O60244
O60244	A2ABV5
O60244	D4A020
O15079	O15079
O15079	O15079-2
O15079	AAI39793
O15079	Q80U23
O15079	Q8BHS8
O15079	B5DF41
O15079	XP_001064007
O15079	Q9NX95
P24522	P24522
P24522	P48317
P24522	O75293
P24522	Q5E9A5
P24522	Q9WTQ7
P24522	P63324
P24522	P25398
P24522	P63323
P24522	P48316
P24522	O95257
P24522	ENSRNOP00000048620
P24522	Q9Z111
P24522	Q5U3Z2
P24522	P22339
Q8BPI1	Q8BPI1
Q8BPI1	Q9NVR5
Q8BPI1	Q5FVL7
Q8R480	Q8R480
Q8R480	Q4QQS8
Q8R480	Q9BW27
Q9H7Z7	Q9H7Z7
Q9H7Z7	Q9N0A4
Q9H7Z7	D4AE56
Q9H7Z7	Q8BWM0
Q9ULR5	Q9ULR5
Q9ULR5	Q9BPZ3
Q9ULR5	D4AAB9
Q9ULR5	Q91W45
Q9ULR5	Q9D6V8
Q9ULR5	Q6AXZ0
Q5SZD1	Q5SZD1
Q8VBW8	Q8VBW8
Q8VBW8	Q66H45
Q8VBW8	A6NLP5
Q9D439	Q9D439
Q9D439	F1M6S6
Q9D439	Q96M91
Q96LR7	Q96LR7
Q5RL73	Q5RL73
Q5RL73	Q8K2X2
Q5RL73	Q561R3
D3YZ21	D3YZ21
D3YZ21	D3Z9D0
D3YZ21	Q6ZVL6
D3YZ21	XP_001079537
D3YZ21	Q68FD9
D3YZ21	Q9HCM3
Q9JJT0	Q9JJT0
Q9JJT0	Q9Y2P8
G5E8Z2	G5E8Z2
G5E8Z2	O00268
G5E8Z2	Q92750
G5E8Z2	XP_006254501
G5E8Z2	E9QAP7
Q9D9D9	Q9D9D9
Q9D9D9	Q5VU69
O88867	O88867
O88867	Q91WN4
O88867	O15229
O15432	O15432
O15432	Q9JK41
O15432	Q9CPU9
O15432	D4AAE7
O15432	Q8K211
O15432	O15431
Q8IV33-3	Q8IV33-3
Q8IV33-3	Q8IV33
Q8IV33-3	Q3UPC7
Q9NQM4	Q9NQM4
Q9NQM4	Q3KNI6
Q9CXP5	Q9CXP5
Q80W38	Q80W38
Q80W38	Q9D5T2
H3BR10	H3BR10
Q91W52	Q91W52
Q91W52	Q96HH6
Q91W52	Q6P726
Q9NRJ5	Q9NRJ5
Q9NRJ5	P25500
Q9NRJ5	D3ZAN6
Q9NRJ5	D3ZK96
Q9NRJ5	Q9WVP6
Q9NRJ5	Q61183
Q9NRJ5	P51003
Q9NRJ5	Q6PCL9
Q9NRJ5	Q9BWT3
T1NXB5	T1NXB5
T1NXB5	Q8IW00
Q8TBR5	Q8TBR5
Q9HAT2	Q9HAT2
Q9HAT2	P82450
Q9HAT2	P70665
Q9CYZ6	Q9CYZ6
Q9CYZ6	XP_006252958
Q9CYZ6	Q96EN9
XP_011242545	XP_011242545
P83871	P83871
P83871	Q7RTV0
P83871	P83870
XP_001072630	XP_001072630
XP_001072630	Q64467
XP_001072630	O14556
XP_001072630	E9PTN6
XP_001072630	XP_001070603
XP_001072630	P04797
XP_001072630	P16858
XP_001072630	P04406
XP_001072630	Q498M9
XP_001072630	P04406-2
XP_001072630	Q9ESV6
P14555	P14555
P14555	Q9Z0Y2
P14555	P97391
P14555	P39877
P14555	P14423
P14555	Q9BZM2
P14555	Q5R387
P14555	Q02509
P14555	Q9Z0L3
P14555	P04055
P14555	P51433
P14555	J3KMZ3
P14555	Q9UNK4
P14555	Q9NZK7
P14555	P48076
P14555	P04054
P14555	Q9WVF6
P14555	Q9QUL3
P14555	O15496
P14555	Q9QXX3
P14555	Q9BZM2-2
P14555	Q9QZT4
P14555	Q02509-3
P14555	Q9QZT3
P14555	P31482
P14555	P39878
P14555	Q9QZT4-2
D3ZTM5	D3ZTM5
D3ZTM5	Q5BN45
D3ZTM5	Q5BN46
Q8C9S7	Q8C9S7
Q9D9C6	Q9D9C6
Q9D9C6	A6NF36
Q8C7B5	Q8C7B5
Q6Y685-2	Q6Y685-2
Q6Y685-2	F1S8S7
Q6Y685-2	NP_001004415
Q6Y685-2	Q9JJ11
Q6Y685-2	O75410-7
Q6Y685-2	Q9Y6A5
Q6Y685-2	O75410-2
Q6Y685-2	O95359-2
Q6Y685-2	O95359-3
Q6Y685-2	Q9JJG0
Q6Y685-2	F1NCL7
Q6Y685-2	O95359
Q6Y685-2	A0A8I5Y652
Q6Y685-2	Q6Y685
Q6Y685-2	O75410
Q6Y685-2	E9Q8T1
Q6Y685-2	NP_001004107
Q3UXW7	Q3UXW7
D3ZH41	D3ZH41
D3ZH41	Q8BMK4
D3ZH41	Q07065
A6NDK9	A6NDK9
A6NDK9	Q9HBQ8
A6NDK9	B2RX14
A6NDK9	H0YM25
A6NDK9	Q08379
A6NDK9	A6NN73
A6NDK9	P0DX01
A6NDK9	A6NCC3
A6NDK9	Q0D2H9
A6NDK9	P0DX02
A6NDK9	Q9NYA3
A6NDK9	Q3MHT4
A6NDK9	A6NEM1
A6NDK9	Q62839
A6NDK9	A6NI86
A6NDK9	E9PUQ5
A6NDK9	A6NCC3-1
A6NDK9	P0CG33
A6NDK9	A6NEY3
A6NDK9	H3BPF8
A6NDK9	Q921M4
A6NDK9	Q5TAX3-2
A6NDK9	Q5BLK4
A6NDK9	A8MZA4
A6NDK9	Q921M4-2
A6NDK9	Q5VYS8-2
A6NDK9	Q5VYS8
A6NDK9	Q8N7Z2
A6NDK9	H3BV12
A6NDK9	A6NEF3
A6NDK9	Q6PIY7
A6NDK9	H0YKK7
A6NDK9	XP_006253595
A6NDK9	Q6PIY7-2
A6NDK9	F8WBI6
A6NDK9	Q08AF8
A6NDK9	I6L899
A6NDK9	A6NC78
A6NDK9	I6L899-2
A6NDK9	A7E2F4
A6NDK9	Q5U315
A6NDK9	Q91YI6
A6NDK9	NP_001352302
A6NDK9	D6RF30
A6NDK9	H3BSY2
A6NDK9	Q8N9W4
A6NDK9	H3BSY2-2
A6NDK9	Q5VYS8-6
A6NDK9	P0CJ92
A6NDK9	NP_001352301
A6NDK9	Q9NVV4
A6NDK9	Q9D0D3
A6NDK9	NP_001101423
A6NDK9	A8MQT2
A6NDK9	B7ZC06
A6NDK9	D3ZPN5
A6NDK9	H3BQL2
A6NDK9	P0DX00
A6NDK9	Q8R3F9
A6NDK9	Q9NVV4-2
A6NDK9	A6NDN3
A6NDK9	Q5TAX3
A6NDK9	Q9H6E5
A6NDK9	A6NMD2
A6NDK9	A0A1B0GV03
Q6ZV80	Q6ZV80
O35774	O35774
O35774	E9Q777
O35774	Q6NSW3-4
O35774	Q6NSW3
O35774	Q6NSW3-2
O35774	Q60662
O35774	P0C6C0
O35774	D3ZS99
O35774	Q5JQC9
O35774	O88987
O35774	O75969
O35774	Q9UKA4
O35774	Q66HC6
O35774	Q2M3C7
A6JNZ4	A6JNZ4
A6JNZ4	Q3MUY2
A6JNZ4	P0C1P0
E9Q1U1	E9Q1U1
E9Q1U1	Q6TFL3
E9Q1U1	Q6TFL3-4
D4ABY2	D4ABY2
D4ABY2	Q9UBF2
D4ABY2	Q9QZE5
D4ABY2	Q9Y678
D4ABY2	Q4AEF8
D4ABY2	Q9QXK3
Q9QYW0	Q9QYW0
Q9QYW0	Q9JKX4
Q9QYW0	Q9NY61
B0BNB2	B0BNB2
B0BNB2	Q9CQJ6
B0BNB2	O43583
Q810U5-2	Q810U5-2
Q810U5-2	Q810U5
Q810U5-2	Q810U0
Q810U5-2	Q8IVM0
Q810U5-2	Q8IVM0-2
Q3UTF5	Q3UTF5
Q9Z2R7	Q9Z2R7
Q9Z2R7	D4A058
Q9Z2R7	P35251
Q9Z2R7	E9PTL1
Q9Z2R7	E1BPL7
Q9Z2R7	Q96QE3
Q9Z2R7	Q6NXW6
Q9Z2R7	Q4QY64
Q9Z2R7	O75943
Q9Z2R7	P35601
Q9Z2R7	Q5U4B1
Q9Z2R7	P35251-2
Q9Z2R7	D3ZFT1
W4VSP4	W4VSP4
W4VSP4	P48594
W4VSP4	Q8K1K6
W4VSP4	P05155
W4VSP4	Q3TJ69
W4VSP4	Q6P4P1
W4VSP4	P05155-3
W4VSP4	Q62975
W4VSP4	Q9CQV3
W4VSP4	Q9DCQ7
W4VSP4	O08797
W4VSP4	Q96P15
W4VSP4	Q00898
W4VSP4	P50453
W4VSP4	P07092
W4VSP4	Q6UXR4
W4VSP4	Q5I2A0
W4VSP4	Q03734
W4VSP4	Q9D7D2
W4VSP4	O75830
W4VSP4	NP_001257911
W4VSP4	Q6P734
W4VSP4	P32261
W4VSP4	P05545
W4VSP4	Q86WD7
W4VSP4	Q9JK88
W4VSP4	D3ZHB5
W4VSP4	P01008
W4VSP4	P07759
W4VSP4	XP_225268
W4VSP4	A8MTL9
W4VSP4	Q8R121
W4VSP4	P22777
W4VSP4	P07093
W4VSP4	Q9UK55
W4VSP4	P05121
W4VSP4	P17475
W4VSP4	P07758
W4VSP4	Q99574
W4VSP4	D3Z451
W4VSP4	A8MV23
W4VSP4	Q5M7T5
W4VSP4	Q07235
W4VSP4	P01009
W4VSP4	Q64268
W4VSP4	O35684
W4VSP4	E9Q6A2
W4VSP4	P01012
W4VSP4	Q86U17
W4VSP4	P20848
W4VSP4	Q6UKZ1
W4VSP4	Q8CIE0
W4VSP4	Q8K3K4
W4VSP4	Q8VHP7
W4VSP4	P05154
W4VSP4	P35237
W4VSP4	P22599
W4VSP4	D4A4U8
W4VSP4	P29524
W4VSP4	Q60854
W4VSP4	Q8BYY9
W4VSP4	Q3UWK8
W4VSP4	P35577
W4VSP4	P29622
W4VSP4	Q6P9U0
W4VSP4	P29621
W4VSP4	Q4G075
W4VSP4	P48595
W4VSP4	P05546
W4VSP4	O08804
W4VSP4	P29508
W4VSP4	P01011
W4VSP4	P49182
W4VSP4	Q68FX2
W4VSP4	Q8BMT0
W4VSP4	Q80ZA3
W4VSP4	P70458
W4VSP4	P61939
W4VSP4	P09006
W4VSP4	D4A392
W4VSP4	P36955
W4VSP4	Q9D154
W4VSP4	O75635
W4VSP4	P05543
W4VSP4	P12388
W4VSP4	P30740
W4VSP4	Q9D695
W4VSP4	P70564
W4VSP4	P05120
W4VSP4	Q91WP6
W4VSP4	Q7TN19
W4VSP4	P50452
W4VSP4	O08800
W4VSP4	Q86WD7-7
W4VSP4	P36952
W4VSP4	P20961
W4VSP4	Q06770
W4VSP4	Q5SV42
W4VSP4	P08697
W4VSP4	Q00897
W4VSP4	P08185
W4VSP4	Q61247
W4VSP4	Q7TPA5
W4VSP4	Q9JLD2
W4VSP4	Q7TMB9
W4VSP4	Q7TPA5-2
W4VSP4	P01009-3
W4VSP4	P31211
W4VSP4	D3ZAT4
W4VSP4	Q8CDC0
W4VSP4	P50454
W4VSP4	Q9UIV8
W4VSP4	Q8R4Z1
W4VSP4	P19324
W4VSP4	P29457
W4VSP4	Q00896
W4VSP4	F7EMJ6
W4VSP4	Q7TMF5
W4VSP4	Q96P63
W4VSP4	Q80X76
W4VSP4	P29508-2
W4VSP4	Q8IW75
W4VSP4	P97298
W4VSP4	Q9D7P9
W4VSP4	P07093-3
W4VSP4	P70124
W4VSP4	Q63556
W4VSP4	D3ZJK2
W4VSP4	Q8BG86
W4VSP4	P97290
W4VSP4	Q6AYF8
Q8NFT6-3	Q8NFT6-3
Q8NFT6-3	Q9UBU7
Q8NFT6-3	Q9QZ41
Q8NFT6-3	Q8NFT6
Q13007-4	Q13007-4
Q5XI89	Q5XI89
Q5XI89	Q3U095
Q5XI89	Q96DL1
Q5XI89	Q8N323
Q5XI89	XP_573380
Q5XI89	E9PXC9
Q5XI89	Q6UWF7
Q5XI89	Q969Y0
Q5XI89	B9EKK6
Q5XI89	Q52KP5
A2RRP1-2	A2RRP1-2
A2RRP1-2	E9Q411
A2RRP1-2	XP_002726730
A2RRP1-2	A2RRP1
D4A2C0	D4A2C0
D4A2C0	Q3U7U4
D4A2C0	Q8NEQ5
R4GNA1	R4GNA1
R4GNA1	Q5TGZ0
R4GNA1	Q7TNS2
R4GNA1	B2RYW8
Q2HJH1	Q2HJH1
Q2HJH1	Q4V8H5
Q2HJH1	Q9Z2W0
Q2HJH1	Q9ULA0
Q2HJH1	Q9ULA0-2
B5DEK8	B5DEK8
B5DEK8	Q96AW1
B5DEK8	Q8R1C3
P0DPI4	P0DPI4
Q96B36-2	Q96B36-2
Q96B36-2	D3ZH75
Q96B36-2	Q96B36
Q96B36-2	F1N197
Q96B36-2	Q96B36-3
Q96B36-2	Q9D1F4
Q64599	Q64599
Q64599	Q9R0R1
Q64599	P08582
Q64599	D4ADK7
Q64599	D3ZAB1
Q64599	P12346
Q64599	Q921I1
Q64599	Q9DBD0
Q64599	P02787
Q64599	P02788-2
Q64599	P08071
Q64599	P02788
G8EFI2	G8EFI2
A9UMW0	A9UMW0
A9UMW0	Q9BZL1
A9UMW0	Q9EPV8
A0A096MJZ2	A0A096MJZ2
A0A096MJZ2	Q9R099
A0A096MJZ2	Q9Y4P3
D4A397	D4A397
D4A397	Q64693
D4A397	Q16633
P97783	P97783
P97783	Q5M971
P97783	Q13015
Q3UHX2	Q3UHX2
Q3UHX2	Q62785
Q3UHX2	Q13442
Q5BJY3	Q5BJY3
Q5BJY3	Q8BHA0
Q5BJY3	Q6PI98
Q5BJY3	Q6PI98-4
Q6NZI2	Q6NZI2
Q6NZI2	Q91VJ2
Q6NZI2	Q969G5
Q6NZI2	E1BNE7
Q6NZI2	P85125
Q6NZI2	Q66H98
Q6NZI2	Q9Z1H9
Q6NZI2	Q63918
Q6NZI2	B1PRL5
Q6NZI2	O54724
Q6NZI2	O95810
Q6NZI2	Q3U4N4
Q6NZI2	A2AMM0
Q6NZI2	Q5BKX8
Q6NZI2	Q6NZI2-2
Q8TF01	Q8TF01
Q8TF01	F1MAQ8
Q8TF01	A2AJT4
Q9Y5K8	Q9Y5K8
Q9Y5K8	Q6P503
Q9Y5K8	P57746
Q86UQ8	Q86UQ8
Q8CDV0	Q8CDV0
Q8CDV0	Q5BJE1
Q3U3W2	Q3U3W2
Q3U3W2	Q9P2C4
Q3U3W2	B4F7D5
Q8VD04	Q8VD04
Q8VD04	Q9JHZ4
Q8VD04	Q4V328
Q5I0G4	Q5I0G4
Q5I0G4	Q9CZD3
Q5I0G4	P41250
Q91W53	Q91W53
Q91W53	Q7Z5G4
Q91W53	Q6AYQ1
Q91W53	Q2TAP0
Q91W53	XP_219889
Q91W53	ENSMUSP00000043136
Q6P2I7	Q6P2I7
Q6P2I7	P0CF75
Q99598	Q99598
Q99598	Q9JHB5
Q99598	Q9QZE7
Q6ZS49	Q6ZS49
O14990	O14990
O14990	Q9DCL8
O14990	P50411
O14990	Q96PQ5
O14990	Q6AXT2
O14990	Q6NXS1
O14990	P11845
O14990	Q05BD3
O14990	P41236
P37837	P37837
P37837	Q9EQS0
P37837	Q93092
Q8BQP8	Q8BQP8
Q8BQP8	Q8CHD8-3
Q8BQP8	O75154-3
Q8BQP8	Q86YS3
Q8BQP8	O75154
Q8BQP8	Q8CHD8
P22570	P22570
P22570	P22570-3
P22570	Q61578
P22570	P22570-7
P22570	P08165
P22570	P56522
Q9Z1K7	Q9Z1K7
Q9Z1K7	P70478
Q9Z1K7	Q61315
Q9Z1K7	B2RUG9
Q9Z1K7	D4A205
Q9Z1K7	P25054-2
Q9Z1K7	O95996
Q9Z1K7	P25054
Q17R60	Q17R60
Q17R60	Q9ET62
Q17R60	Q8R1W8
Q8NDM7	Q8NDM7
Q8NDM7	E9Q7R9
Q8NDM7	XP_345042
Q3V0Q6	Q3V0Q6
Q3V0Q6	Q99932
Q9H6X4	Q9H6X4
Q9H6X4	Q8R0J4
Q9H6X4	NP_001072115
Q5HZK1	Q5HZK1
Q5HZK1	Q9C0F1-2
Q5HZK1	Q9C0F1
Q5HZK1	Q3B7T8
Q8NCC3	Q8NCC3
Q8NCC3	P18424
Q8NCC3	Q675A5
Q8NCC3	Q8VEB4
Q8NCC3	P16301
Q8NCC3	P04180
P05090	P05090
P05090	P51910
P05090	P02753
P05090	P23593
P05090	Q00724
P05090	P04916
Q3UFB2	Q3UFB2
Q3UFB2	Q9NWK9
Q3UFB2	B1WC05
Q9D6J6	Q9D6J6
Q9D6J6	P19234
Q9D6J6	P19404
Q5TGI0	Q5TGI0
Q5TGI0	Q3UMF9
Q5TGI0	D3ZAT9
Q6P1L8	Q6P1L8
Q6P1L8	Q7M0E7
Q6P1L8	Q9D1I6
Q9BTP7	Q9BTP7
Q9BTP7	Q8BHL6
Q9CQC3	Q9CQC3
Q9CQC3	D3ZWG8
Q9CQC3	Q5VTT2
Q5TZK3	Q5TZK3
Q5TZK3	Q4VXF1
Q5TZK3	Q5RGS3
Q5TZK3	A6NL05
Q53HL2	Q53HL2
Q53HL2	Q6AXW0
Q53HL2	Q8BHX3
Q9H246	Q9H246
Q9H246	D3ZU88
Q9H246	Q8K207
Q12767	Q12767
Q12767	Q12767-2
Q12767	F1LUG5
Q12767	Q7TSH8
O75191	O75191
O75191	Q3TNA1
O75191	Q3MIF4
O15258	O15258
O15258	Q9CQU3
O15258	Q498C8
P07141	P07141
P07141	Q8JZQ0
P07141	P09603
E9PXB6	E9PXB6
E9PXB6	Q6UW10
Q4VC44-2	Q4VC44-2
Q4VC44-2	Q4VC44-3
Q4VC44-2	Q8CI03
Q4VC44-2	Q96CP2
Q4VC44-2	Q9CQE9
Q4VC44-2	A1L1L4
Q4VC44-2	Q4VC44
O75223-3	O75223-3
O75223-3	O75223
O75223-3	O75223-2
O75223-3	O75223-4
O75223-3	D3ZPV8
O75223-3	Q9D7X8
Q99489-4	Q99489-4
Q99489-4	O35078
Q99489-4	P14920
Q99489-4	P18894
Q99489-4	Q99489-3
Q99489-4	D3ZDM7
Q99489-4	Q922Z0
Q99489-4	Q99489
Q96S90-2	Q96S90-2
Q96S90-2	Q9D0E3
Q96S90-2	Q96S90
Q96S90-2	Q9D7V2
Q96S90-2	Q8IV50
Q96S90-2	NP_001100309
Q96S90-2	Q5HZA4
P50440-2	P50440-2
P50440-2	Q9D964
P50440-2	P50442
P50440-2	P50440
Q5U3Y7	Q5U3Y7
Q5U3Y7	Q5BJF2
Q5U3Y7	Q8VD00
P32362	P32362
P32362	P70697
P32362	P06132
Q05704	Q05704
Q05704	A2BGH0
Q05704	P59826
Q05704	Q80ZU7
Q05704	Q8NFQ5
Q05704	Q8BU51
Q05704	P59827
Q05704	Q05701
Q5XIC1	Q5XIC1
Q5XIC1	Q922H4
Q5XIC1	Q96IJ6
Q5XIC1	Q9Y5P6
Q5XIC1	Q8BTZ7
Q5XIC1	D4A746
Q5XIC1	Q9Y5P6-2
Q5XIC1	Q96IJ6-2
Q5BJW3	Q5BJW3
Q5BJW3	Q62302
Q5BJW3	Q6UWH6
Q5U4F4	Q5U4F4
Q5U4F4	Q9CYV5
Q5U4F4	Q86UB9
Q6P7B4	Q6P7B4
Q6P7B4	Q6UWH4-2
Q6P7B4	Q3UY90
Q6P7B4	Q3UY90-2
Q6P7B4	Q3UY90-3
Q6P7B4	Q3UPI1
Q6P7B4	Q6UWH4
Q6P7B4	Q9UFP1_VAR_Q460R
Q6P7B4	Q9UFP1
Q8C456	Q8C456
Q8C456	O95876
Q8C456	B1WC10
Q9CPZ1	Q9CPZ1
Q9CPZ1	Q9NVL8
Q9JJG5	Q9JJG5
Q9JJG5	Q14140
O35314	O35314
O35314	P05060
O35314	P16014
P59382	P59382
P59382	Q9Y6I8
P59382	Q9JJW0
Q5F285	Q5F285
Q5F285	Q8N2U0
D3Z7Z4	D3Z7Z4
D3Z7Z4	O46419
D3Z7Z4	Q8VCM4
D3Z7Z4	Q9Y234
P0DMW3	P0DMW3
P0DMW3	Q96HG1
P0DMW3	P0DMW4
P0DMW3	P0DMW5
Q810M1	Q810M1
Q810M1	Q6V702
P49070	P49070
P49070	Q6DGG9
P49070	P49069
P13249	P13249
Q3ZRW7	Q3ZRW7
Q3ZRW7	Q15846
Q3ZRW7	Q3ZRW6
Q6UN15-4	Q6UN15-4
Q6UN15-4	Q6UN15
Q6UN15-4	Q6UN15-3
Q6UN15-4	Q5U317
Q6UN15-4	Q6UN15-5
Q6UN15-4	Q9D824
D4ACP2	D4ACP2
D4ACP2	Q96EX1
D4ACP2	Q78RX3
Q8BV56	Q8BV56
P52306-3	P52306-3
P52306-3	E9Q912
P52306-3	P52306
P52306-3	P52306-4
P52306-3	P52306-5
P52306-3	NP_001401991
B2RZD7	B2RZD7
B2RZD7	A8MSI8
B2RZD7	Q3UN90
Q4KM44	Q4KM44
Q4KM44	O00287
Q4KM44	Q8VCG9
P50475	P50475
P50475	P49588
P50475	Q14CH7
P50475	Q5JTZ9
P50475	Q8BGQ7
P50475	D3ZX08
Q4V8G7	Q4V8G7
Q4V8G7	Q8C4M7
Q4V8G7	Q71F23
A1L1K6	A1L1K6
A1L1K6	Q9Y5Q8-3
A1L1K6	Q8R2T8
A1L1K6	Q9Y5Q8
Q5U4F3	Q5U4F3
Q5U4F3	Q3TGF2
Q5U4F3	Q9H098
Q5U4F3	Q9H098-2
Q5U4F3	Q78TU8
Q5U4F3	NP_001020300
Q5U4F3	O95990
Q6AY92	Q6AY92
Q6AY92	Q8VII6
Q6AY92	Q8N4M1
Q6AY92	Q921V7
Q6AY92	Q8WWI5
Q6AY92	Q6X893
Q6P1K2-4	Q6P1K2-4
Q6P1K2-4	Q9CPV5
Q6P1K2-4	Q6P1K2
Q6P1K2-4	Q6P1K2-2
Q6P1K2-4	Q6P1K2-3
Q6P1K2-4	Q6P1K2-5
Q6P1K2-4	Q6P1K2-6
Q6P1K2-4	D3ZEH8
P28271	P28271
P28271	P21399
P28271	Q01059
P28271	Q63270
P28271	P48200
P28271	Q62751
P28271	Q811J3
Q8WUQ7	Q8WUQ7
Q8WUQ7	Q9CS00
Q8WUQ7	A1L014
Q8WUQ7	Q8WUQ7-2
Q96LB4-3	Q96LB4-3
Q96LB4-3	O75348
Q96LB4-3	Q96LB4-4
Q96LB4-3	Q9CR51
Q96LB4-3	B2GUV5
Q96LB4-3	Q96LB4
Q96LB4-3	Q8BMC1
Q96LB4-3	D3ZTZ4
Q96LB4-3	O95670
Q96LB4-3	Q9WTT4
Q96LB4-3	Q8R2H0
O08547	O08547
O08547	Q4KM74
O08547	O75396
O08547	Q642F4
O08547	Q96IW7
O08547	Q8BH47
O08547	Q9BRL7
O08547	Q8BXT9
Q9CXW8	Q9CXW8
P23116	P23116
P23116	Q14152
P23116	Q1JU68
Q921G7	Q921G7
Q921G7	Q6UPE1
Q921G7	P55931
Q921G7	Q16134
P12787	P12787
P12787	P20674
P12787	P00426
P12787	P11240
Q86U90	Q86U90
Q86U90	Q3U5F4
Q86U90	Q499R4
Q9NWX6	Q9NWX6
Q9NWX6	Q9CY52
Q9NWX6	Q5M965
Q5TDP6	Q5TDP6
Q5TDP6	Q8CIX8
Q5TDP6	Q7TT51
P56385	P56385
P56385	P29419
P56385	Q06185
Q99627	Q99627
Q99627	Q6P4Z9
Q99627	Q8VBV7
Q9H0X4	Q9H0X4
Q9H0X4	Q8C0Z1
Q9H0X4	Q5M7W6
Q01992	Q01992
Q01992	A6H611
Q01992	Q99797
Q80V76	Q80V76
Q80V76	B5DFG8
Q80V76	Q9Y3Y4
Q80V76	Q9D0P5
Q80V76	Q9Y3Y4-2
Q80V76	Q9BRQ0
E9Q6K3	E9Q6K3
E9Q6K3	D3ZU21
E9Q6K3	Q8WXW3
Q9D8N1	Q9D8N1
Q9D8N1	Q96F05
Q0P5P2	Q0P5P2
Q0P5P2	Q3V3I5
O89016	O89016
O89016	O14678
Q8BWY3	Q8BWY3
Q8BWY3	P62495
Q8BWY3	Q5U2Q7
Q8IYS8	Q8IYS8
Q8IYS8	Q96IK1
Q8IYS8	Q8NFC6
Q8IYS8	E9Q6J5
Q8IYS8	M0RC54
Q8IYS8	Q5SQY2
Q8IYS8	Q6AYJ2
Q8BH98	Q8BH98
Q8BH98	Q6ZNC8
Q8BH98	Q8R3I2
Q8BH98	Q6ZWT7
Q8BH98	Q3T1J2
Q3UED7	Q3UED7
Q3UED7	Q9DCE9
Q3UED7	Q3U0X9
Q3UED7	Q8R5D8
Q3UED7	Q60766
Q3UED7	Q5FVQ6
Q3UED7	Q8C262
Q3UED7	Q6AYC2
Q3UED7	Q0GUM3
Q3UED7	Q9QZ85
Q3UED7	Q3TMS7
Q3UED7	A1A4Y4
Q3UED7	F1LVT9
Q3UED7	XP_038943144
Q3UED7	Q5SVP0
Q3UED7	Q6AYF9
Q3UED7	Q6NXR0
Q3UED7	Q8VIM9
Q3UED7	Q8VIM9_VAR_P510T
Q3UED7	Q3U0K0
Q3UED7	F1MAC0
Q3UED7	Q4V797
Q3UED7	Q8VDW7
Q3UED7	Q8WZA9
Q3UED7	Q7TPJ1
Q3UED7	Q62293
Q3UED7	Q3T9E4
Q3UED7	M0R686
Q3UED7	A0A140LIF8
Q8R4N0	Q8R4N0
Q8R4N0	Q5I0K3
Q8R4N0	Q8N0X4
Q9QYC7	Q9QYC7
Q9QYC7	P38435
Q9QYC7	O88496
P56391	P56391
P56391	P00429
P56391	P14854
P56391	Q6YFQ2
P56391	Q80ZN9
P56391	Q6YFQ1
Q9CZJ6	Q9CZJ6
Q9CZJ6	Q9CXR6
Q9CZJ6	Q9NYP9
Q9CZJ6	B2RZC4
Q9H446	Q9H446
Q9H446	Q99ND9
Q9H446	Q9CQK7
Q9CXI0	Q9CXI0
Q9CXI0	Q5TEU4
Q9CXI0	Q4G064
Q9CXI0	Q5HYK3
Q9CXI0	B2GV71
Q9CXI0	A2APY7
Q9D8X1	Q9D8X1
Q9D8X1	Q9NTM9
Q9D8X1	NP_001386620
Q8VEC4	Q8VEC4
Q8VEC4	Q5FWS4
Q8VEC4	Q8N5C1
Q8VEC4	Q5R3K3
Q8VEC4	Q8R100
Q8VEC4	Q8C9E8
Q8VEC4	D3Z291
Q8VEC4	Q5RJQ8
Q8VEC4	J3QMI4
Q8VEC4	Q9HA72
Q8VEC4	Q5JW98
Q8VEC4	Q8CE93
Q8VEC4	Q8IU99
Q8VEC4	Q561R8
Q8VEC4	Q86XJ0
Q8VEC4	Q86XJ0-2
Q8VEC4	D4A158
Q6PCW6	Q6PCW6
Q6PCW6	Q08EJ0
Q6PCW6	A1L4L8
Q6PCW6	B5DF36
Q6PCW6	Q9BYD5
Q6PCW6	Q9NZF1
Q6PCW6	Q9JI48
F1LM55	F1LM55
F1LM55	Q8IX12-2
F1LM55	Q8CH18
F1LM55	Q8N163-2
F1LM55	Q8IX12
F1LM55	Q8N163
F1LM55	Q8VDP4
F1LM55	D4A2P1
F1M259	F1M259
F1M259	P52555
F1M259	P57759
F1M259	P30040
P98194-7	P98194-7
P98194-7	P11507
P98194-7	Q04656-2
P98194-7	P16615
P98194-7	A7L9Z8
P98194-7	P05023
P98194-7	Q64436
P98194-7	P70705
P98194-7	Q8R4C1
P98194-7	Q9WV27
P98194-7	Q3UUX7
P98194-7	O75185-3
P98194-7	P35670
P98194-7	Q9Z1W8
P98194-7	Q504U0
P98194-7	P18596
P98194-7	Q93084-5
P98194-7	P54707
P98194-7	Q64518-1
P98194-7	P16615-3
P98194-7	P54707-2
P98194-7	Q93084-4
P98194-7	P05023-4
P98194-7	O55143
P98194-7	P13637-3
P98194-7	Q6PN88
P98194-7	Q64446
P98194-7	P20648
P98194-7	P35670-2
P98194-7	Q64535
P98194-7	P49015
P98194-7	O75185
P98194-7	P98194-4
P98194-7	Q64430
P98194-7	Q93084-1
P98194-7	Q8R429
P98194-7	Q64578
P98194-7	Q80XR2
P98194-7	P54708
P98194-7	O14983
P98194-7	P98194-3
P98194-7	Q93084
P98194-7	P05023-3
P98194-7	Q0VCY0
P98194-7	Q13733
P98194-7	P16615-2
P98194-7	P04191
P98194-7	Q6PIC6
P98194-7	P06687
P98194-7	P13637
P98194-7	Q04656
P98194-7	P06685
P98194-7	Q8VDN2
P98194-7	Q64541
P98194-7	P06686
P98194-7	Q6PIE5
P98194-7	Q64518
P98194-7	P09626
P98194-7	Q64566
P98194-7	P98194
P98194-7	P98194-8
P98194-7	P05023-2
P98194-7	D2WKD8
P98194-7	P50993
P98194-7	Q04656-3
P98194-7	P19156
Q5DP50	Q5DP50
Q8N910	Q8N910
B7Z8K6	B7Z8K6
Q99M07	Q99M07
Q99M07	D3ZB55
Q99M07	Q86WW8
P0C853	P0C853
Q8N1N2	Q8N1N2
P31358	P31358
P0C7U1	P0C7U1
P0C7U1	Q9JHE3
P0C7U1	Q9NR71-2
P0C7U1	Q91XT9
P0C7U1	Q9NR71
Q9BTK2	Q9BTK2
B5KM66	B5KM66
B5KM66	A1L190
A2RRL7	A2RRL7
A2RRL7	Q08EA8
Q0VAA5	Q0VAA5
Q0VAA5	Q9NUJ7
Q0VAA5	Q8CHS4
Q0VAA5	B2RXA1
Q0VAA5	Q63HM9
Q0VAA5	D4A1H2
Q0VAA5	Q8BLJ3
Q4G0I0	Q4G0I0
Q4G0I0	Q6RUT7
Q4G0I0	Q1ECT8
Q4G0I0	D4ACY1
Q61845	Q61845
Q61845	Q5JSS6
Q6NVU6	Q6NVU6
Q6NVU6	Q5XIB4
Q6NVU6	Q9NUQ7
Q6NVU6	Q99K23
Q6NVU6	EDM13277
Q6NVU6	Q9CZP0
Q16595-3	Q16595-3
Q16595-3	O35943
Q16595-3	D3ZYW7
Q16595-3	Q16595
Q04446	Q04446
Q04446	NP_001093972
Q04446	Q9D6Y9
Q9UJ83	Q9UJ83
Q9UJ83	Q9QXE0
Q9UJ83	Q8CHM7
A2AJW5	A2AJW5
A2AJW5	Q9D9W6
A2AJW5	Q5XHY8
A2AJW5	Q8IXS0
A2AJW5	Q9NTX9
P50336	P50336
P50336	P51175
P50336	D3ZVN7
P21912	P21912
P21912	P21913
P21912	Q007T0
P21912	Q9CQA3
Q9WVM8	Q9WVM8
Q9WVM8	Q64602
Q9WVM8	Q8N5Z0
Q9QUJ0	Q9QUJ0
Q9QUJ0	Q6X9T8
Q9QUJ0	Q9UBK5
Q66HP6	Q66HP6
Q66HP6	Q8BNN1
Q66HP6	Q8IUW3
Q66HP6	NP_001102603
Q66HP6	Q9UM82
Q66HP6	Q3B7T3
Q66HP6	Q9EQG5
Q66HP6	Q8K004
Q66HP6	Q3B7T3-3
Q6NZA9	Q6NZA9
Q6NZA9	Q16594
Q6NZA9	Q8VI33
Q6NZA9	Q9HBM6
Q6NZA9	Q62880
Q6NZA9	NP_908937
Q5XI83	Q5XI83
Q5XI83	Q7Z3J2
Q5XI83	Q8BWQ6
O95278-4	O95278-4
O95278-4	Q91XQ2
O95278-4	Q9WUA5
O95278-4	O95278
Q8NDH2	Q8NDH2
Q5M9F3	Q5M9F3
Q5M9F3	Q14684
Q5M9F3	D3ZY39
Q5M9F3	Q91YK2
Q5M9F3	P56183
Q5M9F3	P56182
XP_003688879	XP_003688879
XP_003688879	P62752
XP_003688879	P62751
XP_003688879	P62750
XP_003688879	XP_357734
Q8C5G2	Q8C5G2
Q8C5G2	Q86V25
Q8C5G2	Q7L8A9
Q8C5G2	Q8C1W1
Q0VBV7	Q0VBV7
Q0VBV7	Q9P2H0
Q0VBV7	A0A8I6AET0
Q8C0M9	Q8C0M9
Q8C0M9	Q8VI04
Q8C0M9	P20933
Q8C0M9	P30919
Q8C0M9	Q64191
Q8C0M9	Q7L266
Q8C0M9	B7ZNK6
Q8C0M9	Q9H6P5
Q8C0M9	Q8R1G1
XP_003086202	XP_003086202
XP_003086202	Q502W6
Q8C9X1	Q8C9X1
Q8C9X1	A6NMZ2
Q96LA9	Q96LA9
Q96LA9	Q91ZC1
Q96LA9	Q96LB0
Q96LA9	Q7TN39
Q96LA9	Q7TN49
Q96LA9	Q96LB1
Q96LA9	Q8TDS7
Q96LA9	Q8R4G1
Q96LA9	Q91ZB8
Q96LA9	Q7TN40
Q96LA9	P35410
Q96LA9	Q91ZC6
Q96LA9	Q91ZB9
Q96LA9	Q7TN44
Q96LA9	P12526
Q96LA9	Q86SM5
Q96LA9	Q96LB2
Q96LA9	Q91ZC5
Q96LA9	P30554
Q96LA9	Q91ZB5
Q96LA9	Q3KNA1
Q96LA9	Q7TN41
Q96LA9	P23749
Q96LA9	Q7TN51
Q96LA9	Q3UG50
Q96LA9	Q8CIP3
Q96LA9	Q86SM8
Q96LA9	Q91ZB7
Q96LA9	Q91ZC0
Q96LA9	Q96AM1
Q96LA9	Q7TN50
Q96LA9	Q7TN45
Q96LA9	Q8VCJ6
Q96LA9	ENSMUSP00000096035
Q96LA9	Q91WW2
Q96LA9	Q99MT8
Q96LA9	P04201
Q96LA9	Q7TN38
Q80XF5	Q80XF5
Q80XF5	Q8CGK5
Q80XF5	Q8IU57
Q80XF5	Q61727
Q80XF5	Q13651
Q80XF5	Q6PHB0
Q80XF5	Q9UHF4
Q80XF5	Q80XZ4
Q80XF5	Q969J5
Q80XF5	Q8N6P7
Q80XF5	Q7TNI4
Q80XF5	Q61190
Q80XF5	Q08334
P0C6B2	P0C6B2
P0C6B2	Q6ISU1
P0C6B2	P0C6B3
Q8BL07	Q8BL07
Q8BL07	Q8NGU9
Q9DA74	Q9DA74
O55241	O55241
O55241	O55232
O55241	O43612
Q8N0U6	Q8N0U6
A6NDX4	A6NDX4
Q9D117	Q9D117
NP_001182079	NP_001182079
NP_001182079	D4A609
NP_001182079	B9EJX3
F8WA37	F8WA37
F8WA37	P13789
F8WA37	P09741
F8WA37	P50752-2
F8WA37	P45378-7
F8WA37	P45378-5
F8WA37	P09739-6
F8WA37	P45378-4
F8WA37	Q9QZ47-11
F8WA37	Q9QZ47-8
F8WA37	P02641
F8WA37	P09739-7
F8WA37	P09739
F8WA37	Q9QZ47
F8WA37	P45378
F8WA37	P50753-2
F8WA37	O88346
F8WA37	Q7TNB2
F8WA37	P50753
F8WA37	P13805
F8WA37	P13805-2
F8WA37	P50752
F8WA37	P45378-6
F8WA37	P45379
F8WA37	P45378-3
F8WA37	P09739-3
Q7TP69	Q7TP69
A0PJX2	A0PJX2
A0PJX2	Q8N573-7
A0PJX2	Q4KMM3-4
A0PJX2	Q8N573-2
A0PJX2	XP_038954128
A0PJX2	E9Q0A7
A0PJX2	Q8NI08-2
A0PJX2	Q6P9B6
A0PJX2	Q8K0P3
A0PJX2	Q8N573-4
A0PJX2	Q8NI08
A0PJX2	Q6DFV7
A0PJX2	D3ZQ38
A0PJX2	Q4V8B0
A0PJX2	B9EIW5
A0PJX2	E9PZS3
A0PJX2	Q4KMM3
A0PJX2	XP_006227820
A0PJX2	Q8N573
A0PJX2	Q8N573-5
O89042	O89042
O89042	P09884
O89042	P33609
A6NNA2	A6NNA2
A6NNA2	Q80WV7
A6NNA2	Q9UQ35-2
A6NNA2	NP_001264083
A6NNA2	Q8BTI8
A6NNA2	Q9UQ35
A6NNA2	Q8BKA3
A6NNA2	A7MD48
A6NNA2	Q8BTI8-2
A6NNA2	F1MI03
A6NNA2	D3ZQH1
A6NNA2	Q8BTI8-3
B1ARI9	B1ARI9
B1ARI9	P0C7W0
B1ARI9	P58505-2
B1ARI9	P58505
B1ARI9	G5E8K1
Q7M6Z7	Q7M6Z7
Q7M6Z7	Q68G30
Q7M6Z7	Q91W40
Q7M6Z7	Q6P597
Q7M6Z7	Q9H0B6-2
Q7M6Z7	Q9H0B6
Q7M6Z7	Q07866-9
Q7M6Z7	Q9DBS5
Q7M6Z7	Q9NSK0
Q7M6Z7	Q6P597-2
Q7M6Z7	Q5PQM2
Q7M6Z7	Q7TNF4
Q7M6Z7	Q07866-2
Q7M6Z7	Q07866-6
Q7M6Z7	Q07866-7
Q7M6Z7	O88448
Q7M6Z7	Q07866-3
Q7M6Z7	Q9NSK0-3
Q7M6Z7	Q6P597-3
Q7M6Z7	B2GV74
Q7M6Z7	P37285
Q7M6Z7	Q07866
Q7M6Z7	O88447
Q7M6Z7	Q07866-4
Q7M6Z7	Q91YS4
Q8WZ69	Q8WZ69
Q96AC1-2	Q96AC1-2
Q96AC1-2	NP_001099985
Q96AC1-2	Q96AC1-3
Q96AC1-2	Q9Y4G6
Q96AC1-2	Q8K1B8
Q96AC1-2	G3V852
Q96AC1-2	Q86UX7
Q96AC1-2	P26039
Q96AC1-2	Q5XI19
Q96AC1-2	NP_001121015
Q96AC1-2	P59113
Q96AC1-2	Q9BQL6
Q96AC1-2	E9PUM4
Q96AC1-2	Q71LX4
Q96AC1-2	Q8CIB5
Q96AC1-2	XP_236367
Q96AC1-2	Q86UX7-2
Q96AC1-2	Q96AC1
Q96AC1-2	Q9Y490
Q6ZNW5	Q6ZNW5
Q6ZNW5	A0A8I5Y6P3
Q6ZNW5	Q3TLS3
Q8TAI1	Q8TAI1
Q96I13	Q96I13
Q96I13	Q8R0P8
Q9DA19	Q9DA19
Q9DA19	Q5U2T8
Q9DA19	Q86X95
Q96B77	Q96B77
Q96B77	Q9CR76
Q96B77	Q4KLZ1
Q9NS37	Q9NS37
Q9NS37	Q91ZR3
Q8C419	Q8C419
Q8C419	Q6PRD1
Q8C419	E9PY61
Q8C419	D4A6L0
Q8C419	Q5T848
Q8C419	D4AA82
Q8BT07	Q8BT07
Q8BT07	Q4V7C8
Q8BT07	Q53EZ4
Q9UK59	Q9UK59
Q9UK59	B2RYJ2
Q9UK59	Q923B1
Q9H741	Q9H741
Q9H741	Q8BTG6
Q8R2Y3	Q8R2Y3
Q8R2Y3	Q9UPQ8
Q08AI6	Q08AI6
Q08AI6	D3Z813
Q08AI6	Q3USY0
Q8K2I2	Q8K2I2
Q8K2I2	Q0D2L7
Q8K2I2	Q8TD31
Q8K2I2	Q8TD31-2
NP_001101808	NP_001101808
NP_001101808	O94952
NP_001101808	Q8VDH1
NP_001108411	NP_001108411
NP_001108411	Q8IZQ5
NP_001108411	Q3UQA7
Q60945	Q60945
Q60945	P56280
Q60945	O95988
Q60945	P56279
Q60945	P56278
P03905	P03905
P03905	A3E4B6
P03905	P05508
P03905	P03911
P03915	P03915
P03915	P11661
P03915	P03921
A2BHQ5	A2BHQ5
A2BHQ5	M0R2J8
A2BHQ5	M0R2J8-3
A2BHQ5	D4A009
Q9CR14	Q9CR14
Q9CR14	D3ZAU3
Q9CR14	Q9NW38
Q53HV7	Q53HV7
Q53HV7	Q6P5C5
Q53HV7	Q811Q1
D3ZC66	D3ZC66
D3ZC66	Q8NFL0
D3ZC66	Q8K0J2
D3ZC66	D3ZQC1
D3ZC66	D3ZEF9
D3ZC66	Q7Z7M8
D3ZC66	Q9Y5Z6
D3ZC66	O54904
D3ZC66	D3ZPD8
D3ZC66	Q8R3I9
D3ZC66	Q9JI67
D3ZC66	Q920V1
D3ZC66	Q3USF0
D3ZC66	Q9Y2C3
D3ZC66	Q5JCS9
D3ZC66	Q96L58
D3ZC66	Q9Y2A9
D3ZC66	Q91Z92
D3ZC66	A8MXE2
D3ZC66	Q9BYG0
D3ZC66	O43825
D3ZC66	Q8BGY6
D3ZC66	Q6ZMB0
D3ZC66	O54905
D3ZC66	Q66H69
D3ZC66	Q9Z0F0
D3ZC66	O96024
D3ZC66	Q99NB2
D3ZC66	Q1RLK6
D3ZC66	Q6UX72
D3ZC66	O88178
D3ZC66	D4A3H6
D3ZC66	Q8VI16
D3ZC66	O75752
D3ZC66	Q9C0J1
D3ZC66	Q6AY39
D3ZC66	Q9Z222
D3ZC66	Q9NY97
Q9QZJ6	Q9QZJ6
Q9QZJ6	P55001
Q9QZJ6	D3ZJB1
Q9QZJ6	Q13361
Q9QZJ6	P55002
Q497K7	Q497K7
Q497K7	A6NEH6
Q16585	Q16585
Q16585	P82349
Q5TBE3	Q5TBE3
Q5TBE3	Q8CET0
Q86U37	Q86U37
Q5TC04	Q5TC04
Q13536	Q13536
Q9NX04	Q9NX04
Q9NX04	Q499E6
A0A024RCN7	A0A024RCN7
Q6UX39	Q6UX39
Q6UX39	Q3HS82
Q6UX39	Q9D3J8
Q8BQU3	Q8BQU3
Q8BQU3	Q6TUF2
Q8BQU3	Q9NRP4
Q5HHM4	Q5HHM4
P09565	P09565
Q9D3J9	Q9D3J9
Q9D3J9	Q9HAI6
Q6UXV3	Q6UXV3
Q9UGL9	Q9UGL9
Q9UBP8	Q9UBP8
P07743	P07743
P07743	Q63471
P07743	Q96DR5
Q6ZVN7	Q6ZVN7
NP_001078954	NP_001078954
NP_001078954	Q9BVL4
NP_001078954	Q9DBC0
Q6AYQ6	Q6AYQ6
Q6AYQ6	Q9H3L0
Q6AYQ6	Q99LS1
P23785	P23785
P23785	P28799
P23785	P28798
A0A1B0GUV8	A0A1B0GUV8
Q5U1W4	Q5U1W4
Q5U1W4	Q60961
Q5U1W4	Q6P501
Q5U1W4	Q86VI4
Q5U1W4	Q91XQ6
Q5U1W4	Q15012
Q5U1W4	E9QLR3
Q4V7F3	Q4V7F3
Q4V7F3	Q6PEB4
Q4V7F3	Q9H4B0
A0A0J9YX06	A0A0J9YX06
P13207	P13207
P13207	P22389
P13207	P22388
P13207	P22387
P13207	P48299
P13207	P14138
P13207	P05305
P13207	P23943
P13207	P20800
B1H299	B1H299
B1H299	Q3TUL7
B1H299	Q5H9S7
A0A0G2K9L9	A0A0G2K9L9
A0A0G2K9L9	Q9NU22
A0A0G2K9L9	A2ANY6
XP_006253457	XP_006253457
XP_006253457	Q86X53
XP_006253457	E9PY43
XP_006232321	XP_006232321
XP_006232321	Q96DA6
XP_006232321	Q9CQV7
XP_006232321	Q9Y5T4
XP_006232321	Q78YY6
XP_006232321	D3ZCM4
A0A286YF18	A0A286YF18
C0HM02	C0HM02
B2GV62	B2GV62
B2GV62	Q9BYC9
B2GV62	Q9CQL4
B2GV62	Q2TBR2
B2GV62	Q9BYC9-2
M0RCP9	M0RCP9
M0RCP9	Q9CWW6
M0RCP9	Q9Y237-2
M0RCP9	Q9Y237
D3ZY71	D3ZY71
D3ZY71	Q9D8Z2
D3ZY71	O43715
Q96CD2	Q96CD2
Q96CD2	Q8BZB2
Q96CD2	D3ZZZ5
Q3UFY0	Q3UFY0
Q3UFY0	XP_006244634
Q3UFY0	Q96EU6
Q99L13	Q99L13
Q99L13	P29266
Q99L13	P31937
P56749	P56749
P56749	Q9ET43
Q8K4L4	Q8K4L4
Q8K4L4	Q8WVV4
Q8K4L4	D3ZWE3
Q8K4L4	Q8WVV4-1
Q8VCX2	Q8VCX2
Q8VCX2	Q9NQQ7
Q8VCX2	Q9NQQ7-3
P57679	P57679
P57679	P57680
Q8VE22	Q8VE22
Q8VE22	D3ZIN7
Q8VE22	Q2NL27
Q8VE22	Q9Y3D9
Q01750	Q01750
Q01750	Q8R0A0
Q01750	P13984
Q9D0F9	Q9D0F9
Q9D0F9	P36871-2
Q9D0F9	NP_058729
Q9D0F9	P00949
Q9D0F9	P36871
Q9D0F9	D3ZVR9
Q9D0F9	Q8BZF8
Q9D0F9	Q15124
Q8BTF7	Q8BTF7
Q8BTF7	P49917
Q8BTF7	D4A0U6
P29372	P29372
P29372	Q04841
P29372	P23571
P51111	P51111
P51111	P42859
P51111	P42858
A6NK58	A6NK58
A6NK58	Q9D009
Q5I0E3	Q5I0E3
Q5I0E3	Q9BRJ6
Q5I0E3	Q9CXL3
Q9HA92	Q9HA92
Q9HA92	NP_001258140
Q9HA92	Q5SUV1
Q9CZN8	Q9CZN8
Q9CZN8	Q5FWT5
Q9CZN8	Q9H0R6
Q6ZR03	Q6ZR03
P15382	P15382
P15382	Q9JJV7
P15382	Q9UJ90
P15382	Q9QZ26
P15382	P15383
P15382	Q8WWG9
P15382	Q9WTW3
P15382	NP_001316994
P15382	Q9D808
P15382	Q9Y6H6
P15382	Q9Y6J6
P15382	P63161
P15382	P23299
P15382	Q9WTW2
XP_001078674	XP_001078674
XP_001078674	O60293-2
XP_001078674	O60293
XP_001078674	B2RT41
Q9CQY9	Q9CQY9
Q9CQY9	O43677
Q3V0T5	Q3V0T5
A3KG59	A3KG59
A3KG59	D4AAB5
A3KG59	Q8IYS1
Q68FT1	Q68FT1
Q68FT1	Q8K1Z0
Q68FT1	O75208
P07492	P07492
P07492	Q8R1I2
P07492	P24393
P07492	P08949
P07492	Q9CR53
A2ARM1	A2ARM1
A2ARM1	B5DF93
A2ARM1	Q86TB9-2
A2ARM1	Q86TB9-4
A2ARM1	Q3TC46
A2ARM1	Q86TB9
A2ARM1	C9JE40
D3Z0R2	D3Z0R2
D3Z0R2	Q96LQ0
D3Z0R2	Q68FW6
P09493-2	P09493-2
P09493-2	P58771-2
P09493-2	P58774
P09493-2	P58775
P09493-2	P07951
P09493-2	P06753-3
P09493-2	Q6IRU2
P09493-2	G5E8R0
P09493-2	P67936
P09493-2	P09493-7
P09493-2	P58772
P09493-2	P58771
P09493-2	P04692
P09493-2	P09493
P09493-2	P58774-2
P09493-2	P58775-2
P09493-2	P07951-2
P09493-2	P09493-5
P09493-2	B7ZNL3
P09493-2	P09493-3
P09493-2	E9Q450
P09493-2	P21107
P09493-2	P09493-6
P09493-2	P06753-4
P09493-2	P06753
P09493-2	P06753-6
P09493-2	Q63610
P09493-2	P21107-2
P09493-2	P42639
P09493-2	P09493-10
P09493-2	P09493-4
P09493-2	P06753-2
P09493-2	P09495
P09493-2	P67936-2
P09493-2	A1XQV4
