Q96MF0	Q96MF0
Q96QK8	Q96QK8
Q96QK8	Q91VT8
Q96QK8	Q498C7
Q96TL7	Q96TL7
Q9BQP9	Q9BQP9
Q9BYQ3	Q9BYQ3
Q9BYQ3	Q9BYQ4
Q9BYQ3	Q9BYQ5
Q9BYQ3	Q9D7N2
Q9BYQ3	Q9BYQ6
Q9BYQ3	Q9BYQ7
Q9BYQ3	Q9QZU5
Q9BYQ3	Q9BYQ8
Q9BYQ3	A8MXZ3
Q9BYQ3	Q9BYR2
Q9BYQ3	Q9BYR3
Q9BYQ3	P60410
Q9BYQ3	Q9BYR4
Q9BYQ3	Q9D638
Q9BYQ3	P60411
Q9BYQ3	Q9BYR8
Q9BYQ3	Q9BYS1
Q9BYQ3	A8MUX0
Q9BYQ3	P60369
Q9BYQ3	P60370
Q9BYQ3	P60371
Q9BYQ3	P60372
Q9BYQ3	Q3V2C1
Q9BYQ3	P60014
Q9BYQ3	P60412
Q9BYQ3	P60413
Q9BYQ3	A8MTY7
Q9BYQ3	Q3LI76
Q9BYQ3	Q3SY46
Q9BYQ3	Q9BQ66
Q9BYQ3	A2A591
Q9BYQ3	A2A5X5
Q9BYQ3	Q9BYP9
Q9BYQ3	O08640
Q9BYQ3	G5E9R7
Q9BYQ3	Q9BYQ0
Q9BYQ3	Q9BYQ2
Q9BYQ3	P60331
Q9CQR4	Q9CQR4
Q9CQR4	Q9NPJ3
Q9CWD0	Q9CWD0
Q9CWD0	Q8WW33
Q9D541	Q9D541
Q9D541	Q9D541
Q9D9T6	Q9D9T6
Q9FGK0	Q9FGK0
Q9FMV4	Q9FMV4
Q9FXC7	Q9FXC7
Q9FYE5	Q9FYE5
Q9FYE5	Q9SS40
Q9FYE5	Q9LDH3
Q9FYE5	Q9C521
Q9HCN2	Q9HCN2
Q9LJH2	Q9LJH2
Q9LJH2	P0CB42
Q9LJH2	F4JFR7
Q9LJH2	Q13686
Q9LU01	Q9LU01
Q9LZ00	Q9LZ00
P9WF13	P9WF13
P9WF13	P9WF15
P9WF13	P9WF14
P9WF13	P9WF19
P9WIM7	P9WIM7
P9WJB9	P9WJB9
P9WKT7	P9WKT7
P9WLW5	P9WLW5
P9WN99	P9WN99
P9WN99	P9WN97
P9WNQ3	P9WNQ3
P9WQ17	P9WQ17
Q00828	Q00828
Q01344	Q01344
Q02770	Q02770
Q03388	Q03388
Q03660	Q03660
Q03774	Q03774
Q05949	Q05949
Q06466	Q06466
Q06686	Q06686
Q07845	Q07845
Q08023	Q08023
Q08521	Q08521
Q08919	Q08919
Q08919	Q08693
Q0VBF8	Q0VBF8
Q0VBF8	Q69YW2
Q0VGL1	Q0VGL1
Q0VGL1	Q8CF66
Q10443	Q10443
Q12004	Q12004
Q12057	Q12057
Q12348	Q12348
Q12513	Q12513
Q12768	Q12768
Q12768	Q9VUY8
Q12768	Q8C2E7
Q12888	Q12888
Q14157	Q14157
Q14157	Q5T6F2
Q14157	Q80X50
Q14157	Q86S05
Q14157	Q91VX2
Q14657	Q14657
Q14657	Q9CR70
Q14657	P78358
Q19337	Q19337
Q19337	Q9NRC1
Q19337	Q2IBD0
Q19337	Q99M96
Q19337	Q8TDW4
Q20952	Q20952
Q20952	Q9UEY8
Q20952	Q02645
Q20952	Q05764
Q20952	P35612
Q20952	Q9QYB5
Q20952	Q9QYB8
Q20952	Q9QYC0
Q20952	Q9U9K0
Q20952	Q63028
Q22472	Q22472
Q24141	Q24141
Q3ECH5	Q3ECH5
Q3MIF4	Q3MIF4
Q3MIF4	O75191
Q3MIF4	Q3TNA1
Q3MIF4	P42826
Q3TEI4	Q3TEI4
Q3TEI4	Q6ZRI6
Q3U2K0	Q3U2K0
Q3U2K0	Q96PV7
Q3U2K0	Q8CGI1
Q4J8Q7	Q4J8Q7
Q4JB45	Q4JB45
Q4JB45	P73315
Q4JB45	Q9CPR4
Q4JB45	P24049
Q4JB45	P18621
Q4JB45	P0C446
Q4JB45	A4FPM0
Q4JB45	Q59TE0
Q4JB45	O14339
Q4JB45	P05740
Q4JB45	O48557
Q4JB45	P75575
Q4JB45	P9WHC1
Q4JB45	Q83PY5
Q4JB45	P61177
Q4JB45	P61175
Q4JB45	Q9BL19
Q4JB45	A0QSD6
Q4JB45	Q9HE25
Q4JB45	P46990
Q4JB45	Q9W3W8
Q4JB45	O59794
Q4KM77	Q4KM77
Q4KM77	O14681
Q4V7A4	Q4V7A4
Q4V7A4	Q5H9T9
Q4V7A4	A1EGX6
Q4V8C2	Q4V8C2
Q4V8C2	O43264
Q4V8C2	O54692
Q53RT3	Q53RT3
Q55356	Q55356
Q59R32	Q59R32
Q59XY0	Q59XY0
Q59XY0	Q8C5N3
Q59XY0	Q08C72
Q59XY0	P53333
Q59XY0	Q9VJ87
Q59XY0	Q9P6R9
Q59XY0	Q17336
Q5ADS3	Q5ADS3
Q5AJF7	Q5AJF7
Q5AJF7	Q9FF52
Q5AJF7	P0CT83
Q5AJF7	P0CT83
Q5AJF7	P0CT84
Q5AJF7	P0CT84
Q5AJF7	P61866
Q5AJF7	Q9LFH5
Q5AJF7	P30050
Q5AJF7	P35979
Q5AJF7	Q9C285
Q5AJF7	P23358
Q5AJF7	P0CX54
Q5AJF7	P0CX53
Q5AJF7	P50883
Q5BK07	Q5BK07
Q5BK07	Q9CR29
Q5BK07	Q9CR29
Q5BK07	Q96MW1
Q6PJN8	Q6PJN8
Q6PJN8	Q5D0E6
Q6Q788	Q6Q788
Q6Q788	Q9QUH3
Q6Q788	Q8C7G5
Q6ZTZ1	Q6ZTZ1
Q7Z6A9	Q7Z6A9
Q7Z6A9	Q7TSA3
Q83QD0	Q83QD0
Q8BG79	Q8BG79
Q8BG79	Q09909
Q8BG79	Q9VXT5
Q8BG79	Q2TBE0
Q8BGV9	Q8BGV9
Q8BGV9	P53867
Q8BGV9	A0A0G2QC33
Q8BGV9	Q96DT6
Q8BGV9	Q9U1N6
Q8BGV9	K8ESC5
Q8BGV9	Q9M1Y0
Q8BGV9	Q86TL0
Q8BGV9	Q8BGE6
Q8BGV9	Q8WYN0
Q8BGV9	Q811C2
Q8BGV9	Q9Y4P1
Q8BGV9	A3LQU0
Q8BHT7	Q8BHT7
Q8BHT7	Q92546
Q8BKU8	Q8BKU8
Q8BKU8	Q96K49
Q8BKU8	Q8BXN9
Q8BPI1	Q8BPI1
Q8BPI1	Q0E9G3
Q8BPI1	Q5FVL7
Q8BPI1	Q9NVR5
Q8BVM7	Q8BVM7
Q8BVM7	Q6AY08
Q8BVM7	Q96Q35
Q8C525	Q8C525
Q8C525	Q8IYB1
Q8CAF4	Q8CAF4
Q8I4M5	Q8I4M5
Q8IUC6	Q8IUC6
Q8IUC6	Q86XR7
Q8IUC6	Q80UF7
Q8IWA4	Q8IWA4
Q8IWA4	Q80U63
Q8IWA4	Q811U4
Q8IWA4	Q8R4Z9
Q8IWA4	Q8R500
Q8IWA4	O95140
Q8IWA4	Q23424
Q8IWA4	Q7YU24
Q8IWV7	Q8IWV7
Q8IWV7	O70481
Q8IWV7	Q6WKZ8
Q8IWV7	Q8IWV8
Q8IWV7	Q9VX91
Q8IYF3	Q8IYF3
Q8IYF3	Q14AT2
Q8IYU8	Q8IYU8
Q8IYU8	Q9CTY5
Q8IYU8	Q86XE3
Q8K561	Q8K561
Q8K561	Q7RTU9
Q8K561	Q7RTW8
Q8K561	A6NGW2
Q8N878	Q8N878
Q8N878	Q8C0V9
Q8NBC4	Q8NBC4
Q8NCS7	Q8NCS7
Q8NCS7	B4F795
Q8NCS7	Q94AN2
Q8NCS7	F1S584
Q8NCS7	Q8BY89
Q8NCS7	Q8IWA5
Q8NCS7	Q12412
Q8NCS7	Q53GD3
Q8QZY2	Q8QZY2
Q8QZY2	Q8IVS8
Q8QZY2	Q0VGK3
Q8R138	Q8R138
Q8R138	Q4V9L6
Q8R1M0	Q8R1M0
Q8R1M0	Q96FZ2
Q8SWR8	Q8SWR8
Q8SWR8	Q94AM9
Q8SWR8	Q9USW1
Q8SWR8	Q7TQH0
Q8SWR8	Q8WWM7
Q8SWR8	O70305
Q8SWR8	P53297
Q8VCS3	Q8VCS3
Q8VCS3	Q5MJS3
Q8VCS3	Q96MK3
Q8VCS3	O75063
Q8VCS3	Q8CID3
Q8VCS3	Q9XTW2
Q8VCS3	Q8IXL6
Q8VDB2	Q8VDB2
Q8VDB2	Q9BV10
Q8VDB2	P53730
Q8VDB2	Q9VH78
Q8VHF2	Q8VHF2
Q8VHF2	Q9JIK1
Q8VHF2	Q9HBB8
Q8N960	Q8N960
Q8N960	Q7TSG1
Q8NCW6	Q8NCW6
Q8NCW6	Q10472
Q8NCW6	O45947
Q8NCW6	Q7TT15
Q8NCW6	Q8K1B9
Q8NCW6	Q6P6V1
Q8NCW6	Q6P9A2
Q8NCW6	Q8C102
Q8NCW6	Q8CF93
Q8NCW6	Q921L8
Q8NCW6	Q96FL9
Q8NCW6	Q14435
Q8NCW6	Q9VUT6
Q8NCW6	Q8N4A0
Q8NCW6	Q7K755
Q8NCW6	O08912
Q8NCW6	Q7Z7M9
Q8NCW6	Q86SF2
Q8NCW6	Q9R0C5
Q8NCW6	Q9HCQ5
Q8NCW6	O88422
Q8NCW6	Q6IS24
Q8NCW6	Q7Z4T8
Q8NCW6	Q8BGT9
Q8NCW6	Q8N3T1
Q8NCW6	Q80VA0
Q8NCW6	Q9D2N8
Q8NCW6	Q9D4M9
Q8NCW6	Q86SR1
Q8NCW6	Q49A17
Q8NCW6	Q9NY28
Q8NCW6	Q8IXK2
Q8NCW6	Q10471
Q8NDZ2	Q8NDZ2
Q8NDZ2	E9Q6E9
Q8NDZ2	F1LWT0
Q8NHS9	Q8NHS9
Q8R0J8	Q8R0J8
Q8R0J8	Q9SLE0
Q8R0J8	Q03786
Q8R0J8	Q10242
Q8R4A3	Q8R4A3
Q8R4A3	Q0PHV7
Q8R4A3	Q96B18
Q8R4A3	Q9NYF0
Q8R4A3	Q7TN08
Q8R4A3	Q5SW24
Q8TCI5	Q8TCI5
Q8VC12	Q8VC12
Q8VC12	Q96N76
Q8VCG9	Q8VCG9
Q8VCG9	O00287
Q8VDG3	Q8VDG3
Q8VDG3	Q7ZU92
Q8VDG3	O95453
Q8VE09	Q8VE09
Q8X8H0	Q8X8H0
Q8X8H0	P0A6P7
Q8X8H0	Q9HT81
Q8X8H0	Q05473
Q8X8H0	Q83PF4
Q8X8H0	Q9CY28
Q8X8H0	Q8N3Z3
Q8Y766	Q8Y766
Q91V83	Q91V83
Q91V83	O43156
Q91WI7	Q91WI7
Q91WI7	Q969R8
Q91XD6	Q91XD6
Q91XD6	Q86VN1
Q91XD6	Q9FF81
Q91ZV7	Q91ZV7
Q91ZV7	Q8IUK5
Q91ZV7	Q9DC11
Q924S9	Q924S9
Q924S9	Q2WG77
Q969V3	Q969V3
Q969V3	Q8VCM8
Q969V3	Q5XIA1
Q96A49	Q96A49
Q96A49	Q9D5V6
Q96A49	Q960T2
Q96DM3	Q96DM3
Q9GS00	Q9GS00
Q9H0U6	Q9H0U6
Q9H0U6	Q9CQL5
Q9H5Q4	Q9H5Q4
Q9H6J7	Q9H6J7
Q9H6J7	Q5M9F0
Q9H6J7	Q8BHR8
Q9HCK1	Q9HCK1
Q9HCK1	Q5SS00
Q9HGN2	Q9HGN2
Q9JIH2	Q9JIH2
Q9JIH2	O08587
Q9JIH2	Q7K0D8
Q9JIH2	Q9UKX7
Q9JJB9	Q9JJB9
Q9JJB9	Q8IXX5
Q9JJB9	Q1AE95
Q9NIP6	Q9NIP6
Q9NP84	Q9NP84
Q9NP84	Q9CR75
Q9NR45	Q9NR45
Q9NR45	Q9VG74
Q9NR45	Q99J77
Q9NV88	Q9NV88
Q9NWM3	Q9NWM3
Q9P0U1	Q9P0U1
Q9QVY8	Q9QVY8
Q9QVY8	Q9Y5P3
Q9QVY8	A7XYI6
Q9QVY8	A7XYQ1
Q9QVY8	Q0P5V2
Q9SAR0	Q9SAR0
Q9SAR0	P24298
Q9SAR0	P18485
Q9SAR0	Q9S7E9
Q9SAR0	P52892
Q9SAR0	Q4AC99
Q9SAR0	Q96QU6
Q9SAR0	Q06402
Q9SAR0	P52893
Q9SAR0	Q9SIV0
Q9SAR0	Q9SNN8
Q9SAR0	Q37001
Q9SAR0	Q8QZR1
Q9SAR0	Q9LVY1
Q9SAR0	P47039
Q9SAR0	Q9LR30
Q9SAR0	Q71RI9
Q9SAR0	Q9S9U6
Q9SAR0	P17735
Q9SAR0	Q6YP21
Q9SAR0	Q9LQ10
Q9SAR0	Q9SK47
Q9SAR0	P0A961
Q9SAR0	P04694
Q9SAR0	Q16773
Q9SAR0	Q3UX83
Q9SAR0	Q9LDV4
Q9SAR0	Q8TD30
Q9SAR0	F4I7I0
Q9SAR0	Q8BTY1
Q9SAR0	Q9SUR6
Q9SAR0	Q9M2Y8
Q9SAR0	A2AIG8
Q9T2L0	Q9T2L0
A8IB22	A8IB22
E5RQL4	E5RQL4
F4I9E1	F4I9E1
F4K200	F4K200
G2TRM5	G2TRM5
G5EFY7	G5EFY7
M9NE38	M9NE38
O14032	O14032
O14032	Q969T9
O14032	Q9D529
O14926	O14926
O14926	Q16658
O14926	Q05634
O14926	Q61553
O14926	P85845
O14926	Q32M02
O59673	O59673
O60519	O60519
O65583	O65583
O65583	Q8Y4B3
O65583	O24621
O65583	Q12084
O65583	Q9LD95
O65583	P26302
O65583	Q9M336
O65583	P78022
O65583	P00579
O65583	P39149
O65583	Q980Q4
O65583	O74427
O65583	P0A8F3
O65583	P0A8F2
O65583	P0A8F7
O65583	P0A8F4
O65583	Q9C9B9
O65583	P25697
O65583	O24629
O65583	B1AVZ0
O65583	P18562
O65583	P37101
O65583	Q96BW1
O65583	P52623
O65583	Q5HE88
O65583	Q5HFJ9
O65583	O22056
O65583	P9WGI1
O65583	Q91YL3
O65583	Q9NWZ5
O65583	Q9FKS0
O65583	Q9C664
O65583	Q9ZNX9
O65583	O32033
O65583	Q9QYG8
O65583	Q99PM9
O65583	P06224
O65583	P26480
O65583	P27515
O65583	Q9LK34
O65583	Q17413
O74380	O74380
O94302	O94302
O94405	O94405
O95711	O95711
Q9UHN1	Q9UHN1
Q9UL01	Q9UL01
Q9UL01	Q0VBN2
Q9UL01	Q8BLI4
Q9USS8	Q9USS8
Q9USS8	Q03508
Q9VMA7	Q9VMA7
Q9VYQ5	Q9VYQ5
Q9W3N6	Q9W3N6
Q9W3N6	P25386
Q9W3N6	P41542
Q9W3N6	Q9Z1Z0
Q9W3N6	B0F9L4
Q9XZ34	Q9XZ34
Q9XZ34	Q5UIP0
Q9Y5Z4	Q9Y5Z4
Q9Z2W0	Q9Z2W0
Q9Z2W0	P14904
Q9Z2W0	P38821
A5DCP8	A5DCP8
A5DCP8	P36102
A5DCP8	Q95RR8
P0C092	P0C092
P0C853	P0C853
P0CX81	P0CX81
P0CX81	P0CX80
P0DKC1	P0DKC1
P0DKC1	P0DKC0
P0DKC1	O23144
P12265	P12265
P12265	P08236
P14198	P14198
P23506	P23506
P23506	P22061
P23506	P22062
P23506	P80895
P23506	Q42539
P24387	P24387
P25350	P25350
P34292	P34292
P34292	P34553
P38785	P38785
P38785	Q06648
P39990	P39990
P39990	P49692
P39990	Q9D0T1
P39990	P55769
P39990	P55770
P39990	Q9NX24
P39990	P29453
P39990	Q9CRB2
P39990	Q9P7H0
P39990	Q5ANA1
P39990	Q9LEY9
P39990	P17076
P39990	Q9V3U2
P39990	Q9LZH9
P39990	P62424
P39990	P62425
P39990	A0A1D8PF11
P39990	P12970
P39990	P32495
P39990	O13672
P39990	P46223
P39990	Q9XXD4
P40355	P40355
P40355	P36044
P45434	P45434
P46557	P46557
P47022	P47022
P47182	P47182
P47182	B8ASB2
P47182	Q06494
P47182	P43547
P47182	P25612
P47182	P49249
P47182	Q9P7U2
P47182	G2TRN6
P47182	O94315
P47182	Q94A68
P47182	Q8CG45
P47182	P25906
P47182	P38918
P47182	P42884
P47182	Q8CG76
P47182	A2XRZ0
P47182	A2XRZ6
P47182	O43488
P47182	Q07747
P47182	Q8NHP1
P47182	Q9ASZ9
P47182	O14125
P47182	O14295
P47182	O95154
P48539	P48539
P48539	Q6W8Q3
P48539	A6NKN8
P48539	P63054
P48539	P63055
P50110	P50110
P51861	P51861
P54315	P54315
P54315	P02843
P54315	P02844
P54315	P06607
P54315	Q8WWY8
P54315	P27656
P54315	Q9WVG5
P54315	P11150
P54315	P11152
P54315	P16233
P54315	Q17RR3
P54315	Q9Y5X9
P54315	P06858
P54315	P17892
P54315	P54316
P54315	P07867
P54315	Q6XZB0
P61841	P61841
P61841	Q5AG43
P61841	P02359
P61841	P66608
P61841	P66607
P61841	P66611
P61841	Q9Y2R9
P61841	P51427
P61841	Q9P3T6
P61841	P97461
P61841	P46782
P61841	Q9ZUT9
P61841	O13744
P61841	Q9VFE4
P61841	P24050
P61841	P47150
P61841	Q24186
P61841	A1KGG3
P61841	P49041
P61841	O14277
P61841	P74229
P61841	Q5HIC9
P61841	B0VTG4
P61841	P26783
P61841	P12339
P61841	P21469
P61841	Q97EH3
P79058	P79058
P79058	P56211
P79058	P56212
P79058	Q28055
P79058	Q712U5
P79058	Q712U6
P79058	P68210
P79058	P68211
P79058	P60840
P79058	P60841
P79058	Q1L8X2
P79058	Q9P305
P79058	P53897
P79058	Q7ZXH9
P79058	Q6DEB4
P87313	P87313
P87313	Q4G009
P87313	Q9W445
P87313	P89886
P87313	Q9ULC4
Q96247	Q96247
Q96247	Q9LFB2
Q96IK0	Q96IK0
Q96M19	Q96M19
Q96T53	Q96T53
Q96T53	P0C7A3
Q99K23	Q99K23
Q99K23	Q9STL8
Q99K23	Q9VUR0
Q99K23	Q9NUQ7
Q99K23	Q0INW1
Q9BQ08	Q9BQ08
Q9BV90	Q9BV90
Q9C5M1	Q9C5M1
Q9C7N2	Q9C7N2
Q9C7N2	Q9SGN6
Q9C7N2	Q9STW5
Q9CPV1	Q9CPV1
Q9CPV1	B0BN28
Q9CPV1	Q96BD8
Q9CQL2	Q9CQL2
Q9CQL2	Q8TC90
Q9CY00	Q9CY00
Q9CY00	B2RYD6
Q9CY00	A2AKQ8
Q9CY00	Q99J38
Q9D4W2	Q9D4W2
Q9D4W2	Q96LI9
Q9D9P2	Q9D9P2
Q9D9P2	Q8IW40
Q9EQC1	Q9EQC1
Q9EQC1	P22072
Q9EQC1	P51102
Q9EQC1	O35048
Q9EQC1	Q15738
Q9EQC1	O81312
Q9EQC1	Q9M0B6
Q9EQC1	Q9H2F3
Q9EQC1	Q5PPL3
Q9EQC1	Q61694
Q9EQC1	G7IYC1
Q9EQC1	P26149
Q9EQC1	P26150
Q9EQC1	Q9R1J0
Q9EQC1	P27364
Q9EQC1	O35469
Q9EQC1	Q9LPC1
Q9EQC1	Q9LIS3
Q9EQC1	P14060
Q9EQC1	Q9UT59
Q9EQC1	P83775
Q9EQC1	O94563
Q9EQC1	P26439
Q9EQC1	Q9S9N9
Q9EQC1	Q9CA28
Q9EQC1	A6NKP2
Q9EQC1	O22133
Q9EQC1	P53183
Q9EQC1	A9X4U2
Q9EQC1	P24815
Q9EQC1	Q12068
Q9EQC1	Q61767
Q9EQC1	O22141
Q9EQC1	Q9STI6
Q9EQC1	P22071
Q9FFD8	Q9FFD8
Q9FHI7	Q9FHI7
Q9FI44	Q9FI44
Q9FIH5	Q9FIH5
Q9FIH5	Q8RXL8
Q9FIH5	Q9LU76
Q9FIH5	Q9FDZ5
Q9FIH5	Q9SZ96
Q9FLE9	Q9FLE9
Q9FLE9	Q9LXG5
Q9FUJ3	Q9FUJ3
Q9FUJ3	O22213
Q9FUJ3	Q9LTS3
Q9FW44	Q9FW44
Q9FW44	Q9LZ25
Q9FW44	Q9SZA7
Q9FW44	Q9FKZ0
Q9FW44	Q9FKZ1
Q9LF38	Q9LF38
Q9LMM6	Q9LMM6
Q9LQ73	Q9LQ73
Q9LQ73	O80845
Q9LT84	Q9LT84
Q9LV04	Q9LV04
Q9LVG9	Q9LVG9
Q9LVG9	Q9SVM0
Q9LVG9	Q9SKH2
Q9LVG9	Q9CAJ9
Q9LZM7	Q9LZM7
Q704S8	Q704S8
Q704S8	P52825
Q704S8	P23786
Q704S8	Q03059
Q704S8	P32198
Q704S8	Q924X2
Q704S8	Q9UKG9
Q704S8	P97742
Q704S8	Q9DC50
Q704S8	P47934
Q704S8	P18886
Q704S8	F1LN46
Q704S8	P50416
Q704S8	P07668
Q704S8	Q63704
Q704S8	P28329
Q704S8	Q92523
Q704S8	P11466
Q704S8	P80235
Q704S8	P32796
Q704S8	P32738
Q72I33	Q72I33
Q72I33	Q9NRX2
Q72I33	Q9CDY4
Q72I33	O86775
Q72I33	P0AG46
Q72I33	Q5HDY5
Q72I33	Q9M385
Q72I33	P20277
Q72I33	P9WHD3
Q72I33	P9WHD2
Q72I33	Q9D8P4
Q765I1	Q765I1
Q765I1	Q765I0
Q78WZ7	Q78WZ7
Q78WZ7	Q3B726
Q7K486	Q7K486
Q7K486	Q6NXE6
Q7TQ32	Q7TQ32
Q7TQ32	Q96B86
Q7TQ32	Q6ZVN8
Q7TSV9	Q7TSV9
Q7TSV9	Q9H0I2
Q7Z7H3	Q7Z7H3
Q83LY1	Q83LY1
Q83LY1	Q9SJM7
Q83QN4	Q83QN4
Q83QN4	Q45582
Q86WR7	Q86WR7
Q86WR7	Q8C5R2
Q86Y37	Q86Y37
Q86Y37	Q8R0X2
Q8BFY7	Q8BFY7
Q8BFY7	Q9BSJ6
Q8BFY7	Q9BSJ6
Q8BL00	Q8BL00
Q8BL00	Q6ZTQ4
Q8BND4	Q8BND4
Q8BND4	Q5JSJ4
Q8BND4	Q8NHU0
Q8BND4	P0DMU8
Q8BND4	Q5HYN5
Q8BND4	P0DMU7
Q8BND4	P0DMV0
Q8BND4	P0DMV2
Q8BND4	Q5DJT8
Q8BND4	P0DMV1
Q8BND4	Q6PCM2
Q8BND4	Q9W485
Q8BND4	A6NJ88
Q8BND4	Q9NXZ1
Q8BND4	Q9UL03
Q8BND4	P0DMU9
Q8BUY5	Q8BUY5
Q8BUY5	Q9NPL8
Q8BUY5	P81928
Q8BVQ5	Q8BVQ5
Q8BVQ5	Q4FZT2
Q8BVQ5	Q9Y570
Q8BVQ5	Q8R431
Q8BWP8	Q8BWP8
Q8C5C9	Q8C5C9
Q8I659	Q8I659
Q8IUF1	Q8IUF1
Q8IUF1	P53729
Q8IUF1	Q9BRT8
Q8IUF1	Q5JTY5
Q8IUF1	P94400
Q8IUF1	Q4V339
Q8IWB9	Q8IWB9
Q8IWB9	Q6ZPJ0
Q9D7H3	Q9D7H3
Q9D7H3	O00442
Q9D845	Q9D845
Q9D845	Q8N6V9
Q9DAA7	Q9DAA7
Q9DF50	Q9DF50
Q9DF50	Q80YR7
Q9DF50	Q8IRB5
Q9DF50	Q9HAW4
Q9ER99	Q9ER99
Q9ER99	Q92681
Q9ERR7	Q9ERR7
Q9ERR7	Q923V8
Q9FRK5	Q9FRK5
Q9H0E3	Q9H0E3
Q9H3Y8	Q9H3Y8
Q9H3Y8	Q5PR01
Q9H3Y8	Q9CR37
Q9HBH7	Q9HBH7
Q9HBH7	Q3MKQ2
Q9HBH7	Q9WTZ8
Q9HBH7	Q9R224
Q9HBH7	Q3MKQ1
Q9HD40	Q9HD40
Q9HD40	Q6P6M7
Q9HGM2	Q9HGM2
Q9JIG7	Q9JIG7
Q9JIG7	O60826
Q9JIG7	P86182
Q9JLC8	Q9JLC8
Q9LRB0	Q9LRB0
Q9LRB0	Q12246
Q9LRB0	Q9NYA1
Q9LRB0	Q8TCT0
Q9LRB0	Q49MI3
Q9LRB0	Q53H12
Q9LRB0	F2Y4A3
Q9LRB0	Q06147
Q9LRB0	Q9NRA0
Q9LRB0	Q9ESW4
Q9LRB0	Q9JIA7
Q9LRB0	Q9TZI1
Q9NQ50	Q9NQ50
Q9NRW3	Q9NRW3
Q9NRW3	Q9WV35
Q9NRW3	Q9WVE0
Q9NRW3	P51908
Q9NRW3	Q6NTF7
Q9NRW3	Q8IUX4
Q9NRW3	Q9UH17
Q9NRW3	P41238
Q9NRW3	Q9GZX7
Q9NRW3	Q96AK3
Q9NRW3	Q9HC16
Q9NRW3	P60705
Q9NRW3	Q9Y235
Q9NVR7	Q9NVR7
Q9NYP8	Q9NYP8
Q9NYP8	Q9D4G1
Q9NZ20	Q9NZ20
Q9NZL9	Q9NZL9
Q9NZL9	Q5U2R0
Q9NZL9	Q99LB6
Q9P0T7	Q9P0T7
Q9P0T7	Q9VNA4
Q9P0T7	Q9JJR8
Q9P0T7	Q9NQ34
Q9P4X4	Q9P4X4
Q9P4X4	P32602
Q9P4X4	P85969
Q9P4X4	Q23983
Q9P4X4	Q9H115
Q9P4X4	P28663
Q9P4X4	Q9SPE6
Q9P4X4	P54920
Q9P4X4	Q9LXZ5
Q9P4X4	Q9DB05
Q9P4X4	P54921
Q9SAF6	Q9SAF6
Q9SAF6	Q0DY81
Q9SAF6	F4HRT5
Q9SAF6	Q9CA42
Q9T2K9	Q9T2K9
Q9UBB4	Q9UBB4
Q9UBB4	P28658
Q9UBB4	Q9ER24
Q9UBB4	P25355
Q9UTA5	Q9UTA5
Q9UTA5	Q8BSA9
Q9UTA5	P53177
Q9UTA5	Q6IPR3
Q9UUA4	Q9UUA4
Q9VEX0	Q9VEX0
Q9VEX0	Q797B3
Q9VEX0	Q8VI60
Q9VEX0	Q8CFG0
Q9VEX0	Q8IWU5
Q9VEX0	Q8IWU6
Q9VEX0	P15586
Q9VEX0	P54496
Q9VI55	Q9VI55
Q9VI55	O94874
Q9VI55	A1A4I9
Q9VI55	Q8CCJ3
Q9VI55	B2GV24
Q9VPE4	Q9VPE4
Q9VR89	Q9VR89
Q9VR89	Q9NRX1
Q9VR89	Q9CPS7
Q9VR89	O14044
Q9VR89	Q99216
Q9VUF8	Q9VUF8
Q9W1V6	Q9W1V6
Q9Y234	Q9Y234
Q9Y234	O13629
Q9Y234	Q8VCM4
Q9Y234	P47051
Q9Y234	P75394
Q9Y2Y6	Q9Y2Y6
Q9Y2Y6	Q91X86
Q9Y3A0	Q9Y3A0
Q9Y3A0	Q8BGB8
Q9Y3A0	Q4FZU1
Q9Y6X2	Q9Y6X2
Q9Y6X2	O54714
Q9Y6X2	Q04195
Q9Y6X2	Q6P1E1
Q9Y6X2	O75925
Q9Y6X2	Q94361
Q9Y6X2	F4JYG0
Q9Y6X2	Q8N2W9
Q9Y6X2	Q9ULJ6
Q9Y6X2	Q9JM05
Q9Y6X2	O70260
Q9Y6X2	O88907
Q9Y6X2	Q8CIE2
Q9Y6X2	O75928
Q9Y6X2	O75928
Q9Y6X2	Q12216
Q9Y6X2	Q8NF64
Q9Y6X2	O94451
Q9Y6X2	Q6AZ28
Q9Y6X2	Q8C5D8
Q9Y7S8	Q9Y7S8
Q9Z0F7	Q9Z0F7
Q9Z0F7	Q91ZZ3
Q9Z0F7	O76070
Q9Z0F7	P37840
Q9Z0F7	Q63544
Q9Z0F7	Q16143
Q9Z0F7	P37377
Q9Z0F7	O55042
Q9Z0F7	Q63754
Q9Z2L6	Q9Z2L6
Q9Z2L6	Q9UNW1
O74866	O74866
O74866	Q03778
O76612	O76612
O82155	O82155
O82155	O80928
O82155	Q9M161
O82155	Q9SUB1
O82155	Q9ZPY0
O82155	Q9ZV33
O82155	Q9FM03
O82155	Q9SVC5
O82155	Q9LSL6
O82155	Q43385
O82155	Q9SEZ3
O88310	O88310
O88310	Q8WWA0
O89042	O89042
O89042	P95690
O89042	P26019
O89042	P09884
O89042	P13382
O89042	Q9FHA3
O89042	O48653
O89042	P28040
O89042	Q07635
O89042	P33609
O89042	P26811
O94301	O94301
O94301	Q12060
P05767	P05767
P05767	P04650
P07033	P07033
P07033	P00819
P07033	P56376
P07033	P07311
P07033	P35745
P07033	P56544
P07033	P56375
P07033	P14621
P07033	Q4J8X9
P0C880	P0C880
P0DP43	P0DP43
P0DP43	E9Q9F6
P0DP43	Q86XM0
P0DP43	Q5SY80
P0DP43	A0A0A6YXX9
P23591	P23591
P23591	Q13630
P24521	P24521
P24521	Q9C6T1
P26199	P26199
P26199	P07737
P26199	Q21193
P26199	P32006
P26199	P35080
P26199	Q9JJV2
P26199	P35081
P26199	P35082
P26199	Q9EPC6
P26199	Q9ST99
P26199	A4KA55
P26199	P35083
P26199	A4KA56
P26199	P41372
P26199	A4KA57
P26199	Q9XW16
P26199	A4KA59
P26199	A4KA58
P26199	A4KA60
P26199	A4KA61
P26199	P07274
P26199	P60673
P26199	Q9FR39
P26199	P62963
P26199	P62962
P28319	P28319
P34619	P34619
P35183	P35183
P35183	P39945
P35731	P35731
P38157	P38157
P38157	P38114
P38157	P39113
P38157	P52960
P38157	P38780
P38157	P47988
P38157	O94573
P38157	Q9P326
P38157	P12383
P38157	P38781
P38157	Q9P6I9
P38157	P05085
P38157	Q9C0Z1
P38157	A0A1D8PN93
P38157	A0A1D8PN96
P38157	P0CE41
P38157	A0A1D8PNM8
P38157	C5DGQ7
P38157	O60130
P38157	P39529
P38157	A0A1D8PCF5
P38157	P46954
P38157	Q06595
P38157	O93870
P38157	P43551
P38157	P38699
P38157	P36023
P38157	Q9UT46
P38157	P38073
P38157	Q12151
P38157	A0A1D8PJ96
P38157	C5E4G1
P38157	A0A1D8PJJ7
P38157	O74915
P38157	Q5A4G2
P38157	Q10086
P38157	P33200
P38157	P38141
P38157	A0A1D8PDI4
P38157	P40467
P38157	O59741
P38157	A0A1D8PRB7
P38157	P53749
P38157	Q12340
P38157	Q9UTN0
P38157	P39720
P38157	O59744
P38157	P39001
P38157	P39961
P38157	O13360
P38157	P43625
P38157	P04386
P38157	P40971
P38157	Q1MTM9
P38157	P32862
P38157	P08657
P38157	A0A1D8PL89
P38157	A0A1D8PT64
P38157	Q08904
P38157	P07272
P38157	P36598
P38157	O59780
P38157	Q05958
P38157	Q12172
P38157	P87000
P38157	P43634
P38157	O14130
P38157	O94392
P38157	A0A1D8PFP2
P38157	A0A1D8PLI4
P38157	Q10144
P38157	O59746
P38157	P21657
P38157	P50104
P38157	Q5AF55
P38157	Q12180
P38157	P25502
P38796	P38796
P40006	P40006
P40006	A3LU17
P40006	A5DEU9
P41734	P41734
P41734	Q9DB29
P41734	Q2TAA2
P41734	Q711G3
P45819	P45819
P47053	P47053
Q9LW84	Q9LW84
Q9N3P1	Q9N3P1
Q9P2W6	Q9P2W6
Q9P6B0	Q9P6B0
Q9P6B0	A3GGT2
Q9P6B0	Q8K1L5
Q9P6B0	Q568K2
Q9P6B0	O60927
Q9P6B0	P43587
Q9P6B0	Q6MFY6
Q9P840	Q9P840
Q9P840	Q9NRH1
Q9P840	O14045
Q9P840	A5DLN4
Q9P840	Q12272
Q9P840	P47118
Q9S823	Q9S823
Q9S823	Q9LF24
Q9SL15	Q9SL15
Q9SMM8	Q9SMM8
Q9SMM8	Q9SUA1
Q9SMM8	F4K4Y5
Q9SMM8	Q7TNV0
Q9SMM8	P35659
Q9SMM8	P35659
Q9SMM8	Q6AXS3
Q9SQR5	Q9SQR5
Q9SU40	Q9SU40
Q9SU40	Q9FHN6
Q9SVG5	Q9SVG5
Q9SVG5	Q9FZC6
Q9SVG5	Q9FZC7
Q9SVG5	G4N285
Q9SVG5	Q9FZC8
Q9SVG5	Q9SUC6
Q9SVG5	Q9SA87
Q9SVG5	Q9SA88
Q9SVG5	Q9SA89
Q9SVG5	Q9FKU8
Q9SVG5	Q9LPC3
Q9SVG5	Q9FI25
Q9SVG5	Q9FZC5
Q9SXX7	Q9SXX7
Q9SYP3	Q9SYP3
Q9SYP3	Q9LM74
Q9SYP3	Q9LM75
Q9UBV7	Q9UBV7
Q9UBV7	Q9UBX8
Q9UBV7	P15291
Q9UBV7	O43286
Q9UBV7	O60512
Q9UBV7	P15535
Q9UBV7	Q9JMK0
Q9UBV7	O60513
Q9UTF8	Q9UTF8
Q9V931	Q9V931
Q9VU58	Q9VU58
Q9W4K2	Q9W4K2
Q9Y7R3	Q9Y7R3
Q9ZUN3	Q9ZUN3
Q9ZUN3	O65272
Q9ZUN3	Q8BH01
Q9ZUN3	Q9ZTZ7
Q9ZUN3	Q6UWJ1
Q9ZUN3	B5X0N6
A0A1B0GVH6	A0A1B0GVH6
A0A1D8PGB8	A0A1D8PGB8
A0R054	A0R054
A0R054	P9WJT1
A0R054	P9WJT0
A1KMM4	A1KMM4
A1KMM4	Q5HGL4
A4FN31	A4FN31
A4FN31	P9WPV3
A4FN31	A1KI95
A4FN31	Q9K4D7
A6ND91	A6ND91
A6ND91	Q9DCQ2
A6ND91	Q5I0J9
A8C756	A8C756
A8C756	Q6YHU6
B7ZNG4	B7ZNG4
B7ZNG4	Q12815
C0H423	C0H423
C9J202	C9J202
C9J202	Q921Q3
C9J202	Q9BT22
C9J202	P16661
D3YV10	D3YV10
D3YV10	Q8IYE1
E9PYL2	E9PYL2
E9PYL2	Q9ULL5
E9Q912	E9Q912
E9Q912	A1Z6S7
F4IQJ2	F4IQJ2
O00754	O00754
O00754	O09159
O13297	O13297
O26103	O26103
O26103	Q55982
O31666	O31666
Q6DRL5	Q6DRL5
Q6DRL5	P39985
Q6DRL5	Q9BQG0
Q6DRL5	O35821
Q6DRL5	Q7TPV4
Q6IPW1	Q6IPW1
Q6NSI8	Q6NSI8
Q6NSI8	A1A5R8
Q6NSI8	Q68FF0
Q6P0K8	Q6P0K8
Q6P0K8	Q02257
Q6P0K8	Q0VCX4
Q6P0K8	P35222
Q6P0K8	Q02248
Q6P0K8	Q9WU82
Q6P0K8	P18824
Q6P0K8	Q8WNW3
Q6P3X3	Q6P3X3
Q6P9U3	Q6P9U3
Q6P9U3	Q9UBI1
Q6PI97	Q6PI97
Q6PK04	Q6PK04
Q6PK04	Q8R0K4
Q6T393	Q6T393
Q6T393	Q80YT5
Q6UXU0	Q6UXU0
Q6ZQK0	Q6ZQK0
Q703I1	Q703I1
Q703I1	Q9NX31
Q703I1	Q9D722
Q7RTS9	Q7RTS9
Q7RTS9	Q7KNA0
Q7RTS9	Q8CHY3
Q7Z5G4	Q7Z5G4
Q7Z5G4	Q2TAP0
Q7Z5G4	Q9D428
Q7Z6I5	Q7Z6I5
Q80XQ2	Q80XQ2
Q83LN3	Q83LN3
Q83LN3	P39683
Q83LN3	P22253
Q86BP6	Q86BP6
Q86V87	Q86V87
Q86V87	Q80YR2
Q86V87	Q8CDM8
Q86V87	Q5W0V3
Q8BHE4	Q8BHE4
Q8BHE4	Q6UXF1
Q8BHX1	Q8BHX1
Q8BHX1	Q96CS2
Q9BUN1	Q9BUN1
Q9BUN1	Q5XI62
Q9C0C6	Q9C0C6
Q9C0C6	Q8R0W1
Q9CPP6	Q9CPP6
Q9CPP6	Q63362
Q9CPP6	Q9FLX7
Q9CQA6	Q9CQA6
Q9CQA6	Q96BP2
Q9CQK1	Q9CQK1
Q9CQK1	Q15649
Q9CWM4	Q9CWM4
Q9CWM4	O60925
Q9CXW2	Q9CXW2
Q9CXW2	P82650
Q9D0P7	Q9D0P7
Q9D0P7	Q6PGN9
Q9D0P7	Q3KR66
Q9D7G0	Q9D7G0
Q9D7G0	P60891
Q9D7G0	P60892
Q9D7G0	Q4KMC4
Q9D7G0	P11908
Q9D7G0	Q61024
Q9D7G0	Q42583
Q9D7G0	P78753
Q9D7G0	Q06203
Q9D7G0	Q63468
Q9D7G0	P05035
Q9D7G0	P41831
Q9D7G0	Q9SI61
Q9D7G0	P32895
Q9D7G0	P14965
Q9D7G0	Q9LV77
Q9D7G0	P21108
Q9D7G0	P38689
Q9D7G0	Q27601
Q9D7G0	Q48793
Q9D7G0	Q9Z2Z9
Q9D7G0	P38063
Q9D7G0	Q55574
Q9D7G0	P03962
Q9D7G0	P53704
Q9D7G0	P22106
Q9D7G0	O60256
Q9D7G0	P0CI73
Q9D7G0	P0CF18
Q9D7G0	Q43011
Q9D7G0	P38620
Q9D7G0	P41390
Q9D7G0	Q12265
Q9D7G0	Q8Y915
Q9D7G0	O08359
Q9D7G0	Q8Y9L8
Q9D7G0	Q9LDN2
Q9D7G0	O94808
Q9D7G0	P14193
Q9D7G0	P08243
Q9D7G0	P47856
Q9D7G0	O94413
Q9D7G0	P11172
Q9D7G0	Q9CS42
Q9D7G0	Q9D0M1
Q9D7G0	O08618
Q9D7G0	Q8R574
Q9D7G0	P0A719
Q9D7G0	P0A717
Q9D7G0	P14742
Q9D7G0	P13439
Q9D7G0	P49088
Q9D7G0	Q55848
Q9D7G0	Q8XEG2
Q9D7G0	O64888
Q9D7G0	P49089
Q9D7G0	Q01637
Q9D7G0	P49090
Q9D7G0	P04046
Q9D7G0	P82808
Q9D7G0	Q09740
Q9D7G0	Q9LFU1
Q9D7G0	A2VDS0
Q9D8S4	Q9D8S4
Q9D8S4	Q9Y3B8
Q9D8S4	P54964
Q9DA80	Q9DA80
Q9DA80	Q86UC2
Q9DA80	Q3UFY4
Q9DBD5	Q9DBD5
Q9DBD5	Q8IZL8
Q9DBD5	Q56B11
Q9DCJ9	Q9DCJ9
Q9DCJ9	Q9BXD5
Q9EQR2	Q9EQR2
Q9EQR2	O00116
Q9ESK9	Q9ESK9
Q9ESK9	Q8TDY2
Q9H8M1	Q9H8M1
Q9H8M1	Q96MF6
Q9H8M1	Q3THF9
Q9HA64	Q9HA64
Q9HA64	Q9ER35
Q9HA64	Q9H479
Q9HA64	Q10SM2
Q9JMB0	Q9JMB0
Q9JMB0	Q5XIG5
Q9W0M1	Q9W0M1
Q9Y2G0	Q9Y2G0
Q9Y2G0	Q6ZQ18
Q9Y2G0	Q09263
Q9Y2G0	Q8BG67
Q9Y6W8	Q9Y6W8
Q9Y6W8	Q9WVS0
A0PK11	A0PK11
A0PK11	Q8K445
A3LQX9	A3LQX9
A3LQX9	P32349
A4FVR1	A4FVR1
A6NLE4	A6NLE4
A8K010	A8K010
B1ANH7	B1ANH7
C4P6S0	C4P6S0
C6KTD0	C6KTD0
D1KF50	D1KF50
E5RJ46	E5RJ46
F1QLG5	F1QLG5
F1QLG5	Q9H2P0
F4I312	F4I312
F4I8R6	F4I8R6
F4I8R6	Q9ZU65
F4I8R6	F4HNU8
F4I8R6	Q9S7T5
F4I8R6	Q9SKY9
G2TRK9	G2TRK9
G2TRK9	P53139
H3K2Y6	H3K2Y6
O13529	O13529
O14308	O14308
O14308	P53201
O14308	Q9JI44
O14308	Q7K3D8
O14308	Q9NPF5
O14836	O14836
O17213	O17213
O49603	O49603
O62680	O62680
O62680	P27274
O62680	P13987
O65572	O65572
O65572	Q9LRR7
O65572	O49675
O65572	O49505
O74375	O74375
O74375	Q04767
O82122	O82122
O94683	O94683
O94683	Q9Y3A4
O94683	Q9D1C9
P0C864	P0C864
P0CB63	P0CB63
P0CL85	P0CL85
P0CL85	Q19555
P0CL85	Q9D3E6
P0CL85	Q99M76
P0CL85	Q8WVM7
P0CL85	O35638
P0CL85	O70576
P0CL85	O82265
P0CL85	Q8TBR4
P0CL85	P0CL83
P0CL85	P0CL84
P0CL85	Q9UJ98
P16860	P16860
P17900	P17900
P19256	P19256
P20280	P20280
P20280	A0A1D8PGY0
P20280	Q12672
P20280	P46778
P20280	O42706
P20280	Q9UUC1
P20280	Q02753
P20280	P34334
Q1PF33	Q1PF33
Q2QLI6	Q2QLI6
Q2QLI6	Q9LQU7
Q2QLI6	Q9ZUA3
Q2QLI6	Q9C9X0
Q2V4G1	Q2V4G1
Q39134	Q39134
Q39134	Q38967
Q3U3F9	Q3U3F9
Q3U3F9	Q9UJ42
Q3ZCQ0	Q3ZCQ0
Q3ZCQ0	Q9H7X2
Q4KL13	Q4KL13
Q4KL13	Q4W4Y0
Q4VBF2	Q4VBF2
Q4VBF2	Q96D70
P03314	P03314
P0DO24	P0DO24
P9WIN5	P9WIN5
Q93Y07	Q93Y07
Q94AI6	Q94AI6
Q94CK9	Q94CK9
Q96703	Q96703
Q96703	Q06658
Q96M85	Q96M85
Q96T59	Q96T59
Q96T59	A8MXV6
Q9BVA6	Q9BVA6
Q9C0U3	Q9C0U3
Q9C7N7	Q9C7N7
Q9C7N7	Q9SKN0
Q9C7N7	Q9LKA1
Q9C7N7	Q9SAA7
Q9C7N7	O80698
Q9C8Z4	Q9C8Z4
Q9CQP3	Q9CQP3
Q9CQP3	Q9BSY4
Q9CY94	Q9CY94
Q9CY94	Q9BRX5
Q9D9S1	Q9D9S1
Q9D9S1	Q9BZE7
Q9SVF3	Q9SVF3
Q9SVF3	Q6TCG2
Q9SVF3	Q96A54
Q9SVF3	Q6TCH7
Q9SVF3	Q09910
Q9SVF3	Q9NXK6
Q9SVF3	Q94177
Q9SVF3	Q80ZE4
Q9SVF3	Q8TEZ7
Q9SVF3	Q07959
Q9SVF3	Q12442
Q9SVF3	Q93ZH9
Q9SVF3	Q91VH1
Q9SVF3	Q8BQS5
Q9SVF3	Q86V24
Q9SVF3	Q6ZVX9
Q9SVF3	Q9VCY8
Q9SVF3	Q9DCU0
Q9UQW9	Q9UQW9
Q9UQW9	O14977
Q9UQW9	Q96A70
Q9UQW9	P00860
Q9UQW9	P08432
Q9UQW9	P11926
Q9UQW9	P09057
Q9UU86	Q9UU86
Q9V7A4	Q9V7A4
Q9VLL3	Q9VLL3
Q9Y2G5	Q9Y2G5
Q9Y5U8	Q9Y5U8
Q9Y5U8	P0DKB6
Q9Y5U8	P38857
Q9Y5U8	P63031
Q9Y5U8	Q949R9
Q9Y5U8	P53311
Q9Y5U8	O95563
Q9Y5U8	P38718
Q9Y5U8	Q9D023
A0A1B0GVB3	A0A1B0GVB3
A1L1J9	A1L1J9
A1L1J9	Q8C3X8
A1L1J9	Q9BU23
A1L1J9	Q3U3R4
A1L1J9	Q96S06
A2RRP1	A2RRP1
B1AZA5	B1AZA5
B1AZA5	Q9H330
B1AZA5	D3ZXD8
B1XLK6	B1XLK6
B1XLK6	Q9SQT8
B1XLK6	Q4JAM9
B1XLK6	Q980U7
B1XLK6	Q9SJX1
B1XLK6	Q83RP1
B2RPU2	B2RPU2
B2RPU2	B1WBU8
B2RPU2	A6NEE1
C0H3T6	C0H3T6
D3Z8X7	D3Z8X7
D3Z8X7	O60308
D3Z8X7	Q80V31
P02533	P02533
P02533	P02538
P02533	P08727
P02533	P13647
P02533	Q21065
P02533	Q5XKE5
P02533	Q61781
P02533	Q6IG00
P02533	Q6NXH9
P02533	P02540
P02533	P08551
P02533	P08729
P02533	P35900
P02533	Q04695
P02533	Q21067
P02533	Q6IG01
P02533	Q86Y46
P02533	P04261
P02533	P02543
P02533	P08553
P02533	P08730
P02533	P19001
P02533	P35908
P02533	Q3UV17
P02533	Q5TF58
P02533	Q6IG02
P02533	Q8BXL9
P02533	Q0P5J6
P02533	B1AQ75
P02533	P02544
P02533	P08928
P02533	P17661
P02533	P19012
P02533	Q03427
P02533	Q3TRJ4
P02533	Q63279
P02533	Q6IG03
P02533	A1L317
P02533	P02545
P02533	Q14CN4
P02533	Q6IG04
P02533	P02547
P02533	Q19782
P02533	Q6A163
P02533	Q6IG05
P02533	Q99M73
P02533	P02548
P02533	P14136
P02533	Q99M74
P02533	Q9NSB2
P02533	P07744
P02533	P46660
P02533	Q15323
P02533	Q99456
P02533	Q9NSB4
P02533	Q9QWL7
P02533	O95678
P02533	P16884
P02533	P19246
P02533	P78385
P02533	Q6IME9
P02533	Q6P5H2
P02533	Q8BGZ7
P02533	Q9D646
P02533	P41219
P02533	P78386
P02533	Q5XFN2
P02533	Q5XQN5
P02533	Q6IMF3
P02533	Q8N9Z9
P02533	P35527
P02533	Q0VET5
P02533	Q16352
P02533	Q61414
P02533	Q6NVD9
P02533	Q70IV5
P02533	O02365
P02533	P04259
P02533	P08779
P02533	P15331
P02533	P47819
P02533	Q9C075
P02533	Q9Z320
P02533	A1L595
P02533	P04104
P02533	P04264
P02533	P13648
P02533	P90900
P02533	Q3TTY5
P02533	Q8IXW0
P02533	Q9D4C1
P02533	Q9Z2T6
P02533	P06394
P02533	P90901
P02533	Q2M2I5
P02533	Q6KB66
P02533	Q7ZTS4
P02533	Q148H7
P02533	Q9ERE2
P02533	P31000
P02533	P20152
P02533	Q7Z3Y7
P02533	Q9Z331
P02533	Q01546
P02533	Q19286
P02533	Q7Z3Y9
P02533	Q8N1N4
P02533	P14733
P02533	Q19289
P02533	Q7Z3Z0
P02533	Q7Z794
P02533	Q9DCV7
P02533	Q6IG12
P02533	P19527
P02533	P48616
P02533	Q3ZD69
P02533	Q9R0H5
P02533	Q0VBK2
P02533	O45168
P02533	P03995
P02533	P25030
P02533	P97861
P02533	P02542
P02533	Q28115
P02533	O77788
P02533	Q13515
P02533	Q6NWF6
P02533	P20700
P02533	P21807
P02533	Q14525
P02533	Q28177
P02533	Q4FZU2
P02533	P09654
P02533	Q497I4
P02533	P08670
P02533	P84198
P02533	P48668
P02533	Q5BJY9
P02533	Q922U2
P02533	A6BLY7
P02533	P05783
P02533	P21263
P02533	P48675
P02533	P31001
P02533	Q21443
P02533	P05784
P02533	P07196
P02533	P12839
P02533	P48678
P02533	Q09501
P02533	Q14532
P02533	Q9D312
P02533	P05785
P02533	P07197
P02533	P21619
P02533	P48679
P02533	Q14533
P02533	Q3SY84
P02533	Q6IFU8
P02533	A6NCN2
P02533	O62654
P02533	P05787
P02533	P48681
P02533	Q61765
P02533	Q6IFV1
P02533	Q6P6Q2
P02533	Q7RTS7
P02533	O76009
P02533	P11679
P02533	P12035
P02533	P50446
P02533	Q10758
P02533	Q6IFV3
P02533	Q8VED5
P02533	Q9Z2K1
P02533	O76013
P02533	P23565
P02533	Q6IFW6
P02533	Q6RHW0
P02533	Q8R2V2
P02533	P14731
P02533	O76014
P02533	P13645
P02533	Q6IFZ6
P02533	P0C6R4
P02533	P14732
P02533	O43790
P02533	O76015
P02533	P02535
P02533	P13646
P02533	P70615
P02533	Q6IFZ9
P02533	Q86DC6
P02533	Q99PS0
P02656	P02656
P02656	P06759
P08312	P08312
P08312	Q83L37
P08312	P15625
P08312	P08425
P08312	Q8Y7Q2
P08312	Q94K73
P08312	Q99M01
P08312	Q04LU1
P08312	O42870
P08312	Q505J8
P08312	Q04FD8
P08312	Q4J8P9
P08312	Q9BRP7
P08312	Q9W3J5
P08312	Q3UY23
P08312	O95363
P08312	Q8C0C7
P08312	Q9Y285
P08910	P08910
P08910	Q9QXM0
P0A6T2	P0A6T2
P0A6T2	P0A6T1
P0A6T2	P12341
P0A6T2	P52983
P0A6T2	Q6P6V0
P0A6T2	P42862
P0A6T2	P12709
P0A6T2	Q3ZBD7
P0A6T2	P42863
P0A6T2	P08059
P0A6T2	Q8H103
P0A6T2	Q97FP8
P0A6T2	Q8Y4R7
P0A6T2	P52029
P0A6T2	P78917
P0A6T2	P83780
P0A6T2	P06745
P0A6T2	P49105
P0A6T2	P81181
P0A6T2	A6QFH3
P0A6T2	Q5HHC2
P0A6T2	P80860
P0A7L5	P0A7L5
P0A7L5	Q83RG1
P0A7L5	Q9BYC9
P0A7L5	Q9CQL4
P0A8U5	P0A8U5
P0ABR3	P0ABR3
P0ACC3	P0ACC3
P0ACC3	O32113
P0ACC3	Q9BUE6
P0ACC3	Q12425
P0ACC3	Q9D924
P0ACC3	Q86U28
P0ACC3	P9WMN5
P0ACC3	P9WMN4
P0ACC3	Q07821
P0ADB1	P0ADB1
P0AEX9	P0AEX9
P0AFM2	P0AFM2
P0C945	P0C945
P11686	P11686
P13484	P13484
P15265	P15265
P15265	Q64298
P16332	P16332
P16332	P22033
P54474	P54474
P56393	P56393
P56393	P80431
P56393	Q8TF08
P56393	P24311
P58505	P58505
P59282	P59282
P59282	Q7TQD2
P59282	P91127
P59282	Q27957
P59282	Q9CRB6
P59282	Q9VV43
P59282	O94811
P59282	D3ZQL7
P59282	Q0P5Y3
P59282	Q9BW30
P71005	P71005
P73824	P73824
P73824	P36969
P73824	O04922
P73824	O59858
P73824	P23764
P73824	P52032
P73824	P11352
P73824	P18283
P73824	O18994
P73824	O48646
P73824	P46412
P73824	O75715
P73824	P38143
P73824	O62327
P73824	Q9JHC0
P73824	P22352
P73824	Q8TED1
P73824	Q96SL4
P73824	P04041
P73824	P59796
P73824	P83645
P73824	P40581
P74360	P74360
P75426	P75426
P76268	P76268
P76268	P0ACN4
P96679	P96679
P9WF29	P9WF29
P9WIR7	P9WIR7
P9WJG5	P9WJG5
P9WJG5	A1KH33
P9WKW5	P9WKW5
P9WM25	P9WM25
P9WMQ9	P9WMQ9
P9WNE5	P9WNE5
Q17RN3	Q17RN3
Q17RN3	Q3TJZ6
Q17RN3	Q80VD1
Q1ERP8	Q1ERP8
Q1ERP8	Q2TB54
Q1ERP8	Q86YW5
Q1ERP8	Q8VCH2
Q1ERP8	Q5M871
Q1ERP8	O60667
Q1ERP8	Q9UGN4
Q1ERP8	Q9NP99
Q1ERP8	Q9NZC2
Q1ERP8	Q3U497
Q1ERP8	P06332
Q1ERP8	A8K4G0
Q1ERP8	Q08708
Q1ERP8	A1KXC4
Q1ERP8	O70570
Q1ERP8	P0DMS9
Q1ERP8	P01730
Q1ERP8	Q496F6
Q1ERP8	Q9JKE2
Q1ERP8	A2TGX5
Q1ERP8	Q6SJQ0
Q1ERP8	Q6SJQ7
Q1ERP8	Q8TDQ1
Q1ERP8	P01833
Q1ERP8	Q5T2D2
Q1ERP8	Q8WWV6
Q1ERP8	Q3LRV9
Q1ERP8	P15083
Q3E747	Q3E747
Q3TGW2	Q3TGW2
Q3TGW2	Q7L9B9
Q3TGW2	Q3MHJ7
Q3TGW2	Q5XI74
Q3TPX4	Q3TPX4
Q3TPX4	O00471
Q3TPX4	P97878
Q3URK1	Q3URK1
Q3URK1	Q86UF4
Q3ZAV0	Q3ZAV0
Q3ZAV0	Q8C4J0
Q3ZAV0	Q8IWA6
Q4J6G3	Q4J6G3
Q4JAE8	Q4JAE8
Q4KLK9	Q4KLK9
Q4KLK9	Q9CY97
Q4KLK9	P53538
Q4KLK9	Q22453
Q4KLK9	Q9NP77
Q50314	Q50314
Q52KB6	Q52KB6
Q52KB6	Q4AC94
Q53T59	Q53T59
Q53T59	Q3TC93
Q561R1	Q561R1
Q561R1	Q9HGK9
Q561R1	Q3TJM4
Q561R1	Q96BT3
Q5F267	Q5F267
Q5F267	Q8NBR0
Q5FVQ4	Q5FVQ4
Q5FVQ4	Q6ZQI3
Q5FVQ4	Q14165
Q5HDW4	Q5HDW4
Q5HDW4	P73314
Q5HDW4	P90526
Q5HDW4	Q9SIP7
Q5HDW4	A4FPL9
Q5HDW4	Q95749
Q5HDW4	Q9FJA6
Q5HDW4	O60128
Q5HDW4	P56798
Q5HDW4	P62908
Q5HDW4	P62909
Q5HDW4	Q0Z8U2
Q5HDW4	Q9UXA0
Q5HDW4	P05750
Q5HDW4	Q06559
Q5HDW4	A0QSD7
Q5HDW4	A1KGI8
Q5HDW4	P9WH37
Q5HDW4	A0A1D8PSV5
Q5HDW4	P92511
Q5HDW4	P21465
Q5HDW4	P0A7V3
Q5HDW4	P59184
Q5HDW4	Q08365
Q5HDW4	Q9M339
Q5HF24	Q5HF24
Q5M9N0	Q5M9N0
Q5NDL2	Q5NDL2
Q5NDL2	Q8NAT1
Q5NDL2	Q8BW41
Q5NDL2	Q8BYW9
Q5NDL2	Q9VQB7
Q5SU73	Q5SU73
Q5SU73	Q8RWK8
Q5SU73	P38432
Q5T6C5	Q5T6C5
Q5T6C5	Q8R4I1
Q5T6C5	O15265
Q5T6C5	Q9CZ05
Q5T6C5	Q9ULK2
Q5T6C5	P53165
Q5T6C5	O94397
Q5VT28	Q5VT28
Q5W111	Q5W111
Q5XI14	Q5XI14
Q5XI14	E9Q956
Q5XJY6	Q5XJY6
Q5XJY6	Q8NB91
Q61114	Q61114
Q61114	Q8TDL5
Q61334	Q61334
Q61334	Q61335
Q62018	Q62018
Q62018	B5X0I6
Q62018	Q03560
Q63HM2	Q63HM2
Q63HM2	A6NKB5
Q63HM2	Q8VI59
Q63HM2	Q9QYC1
Q63HM2	Q3UVY5
Q63HM2	E9PSU6
Q63HM2	Q9H6A9
Q63HM2	Q5DU28
Q63HM2	Q96RV3
Q63HM2	Q96RV3
Q64362	Q64362
Q64362	Q9H8T0
Q64362	Q5FVH4
Q66H03	Q66H03
Q69ZF8	Q69ZF8
Q69ZF8	P50534
Q6AY88	Q6AY88
Q6AY88	A2A9F4
Q6AY88	Q8NAX2
Q6DFX2	Q6DFX2
Q6DFX2	Q0PMD2
Q6DFX2	P58335
Q6DFX2	Q9H6X2
Q6DFX2	Q9CZ52
Q6DFX2	A6NF34
Q6NZ36	Q6NZ36
Q6NZ36	Q3UN58
Q6NZ36	D4AAA5
Q6P9U8	Q6P9U8
Q6P9U8	O01974
Q6P9U8	Q91WK2
Q6P9U8	O15372
Q6T8D8	Q6T8D8
Q6T8D8	O70548
Q6T8D8	O15273
Q6UQ28	Q6UQ28
Q6UWY0	Q6UWY0
Q6UXV1	Q6UXV1
Q6ZQL4	Q6ZQL4
Q6ZQL4	Q15061
Q6ZS72	Q6ZS72
Q6ZUA9	Q6ZUA9
Q8IY50	Q8IY50
Q8IY50	Q1LZI2
Q8J025	Q8J025
Q8J025	Q3U128
Q8K1X1	Q8K1X1
Q8K1X1	Q9BZH6
Q8K1X1	F1QEB7
Q8K3C3	Q8K3C3
Q8K3C3	Q8WZA0
Q8MMC4	Q8MMC4
Q8N271	Q8N271
Q8N271	Q3UUY6
Q8N271	Q8CJ52
Q8N6L7	Q8N6L7
Q8N6L7	Q8C353
Q8N7J2	Q8N7J2
Q8N7J2	Q5JTC6
Q8N7J2	Q8CCJ4
Q8N7J2	Q6NS69
Q8N7J2	Q7TS75
Q8N7J2	Q8N944
Q8N9S9	Q8N9S9
Q8N9S9	Q15036
Q8N9S9	Q6AYS6
Q8N9S9	Q8BVL3
Q8NFB2	Q8NFB2
Q8NFB2	A2AF53
Q8NFB2	Q8R3R5
Q8NFB2	Q9H7F4
Q8R164	Q8R164
Q8R3L2	Q8R3L2
Q8R3L2	Q9BQ70
Q8R4A1	Q8R4A1
Q8R4A1	Q8R180
Q8R4A1	Q9C7S7
Q8R4A1	Q03103
Q8R4A1	Q96HE7
Q8R4A1	B6CVD7
Q8R4A1	Q9Y7P1
Q8TAE8	Q8TAE8
Q8TAE8	Q9CR59
Q8TF63	Q8TF63
Q8VCG3	Q8VCG3
Q8X8G9	Q8X8G9
Q8Y459	Q8Y459
Q8Y459	P0A7X3
Q8Y459	P0A7X5
Q8Y459	B7LRJ8
Q8Y459	Q83Q07
Q8Y459	P82933
Q8Y459	P0CT64
Q8Y459	P0CT65
Q8Y459	P0CT65
Q8Y459	Q9D7N3
Q8Y459	P38120
Q8Y459	P14131
Q8Y459	P62249
Q8Y459	P62250
Q8Y459	Q9XJ27
Q8Y459	A0A1D8PCW6
Q8Y459	O94017
Q8Y459	P0CX52
Q8Y459	P0CX51
Q8Y459	B1XJI0
Q8Y459	Q04G51
Q8Y459	P21470
Q8Y459	Q6N650
Q91W50	Q91W50
Q91W50	P18395
Q91XD4	Q91XD4
Q91XD4	O88618
Q91XD4	O95954
Q92328	Q92328
Q92328	A4RM00
Q92628	Q92628
Q92628	Q80U59
Q94051	Q94051
Q95XQ1	Q95XQ1
Q969U7	Q969U7
Q969U7	Q9EST4
Q96AQ6	Q96AQ6
Q96AQ6	Q9ULG6
Q96AQ6	Q640L3
Q96AQ6	Q3TVI8
Q96AQ6	A2VD12
Q96DM1	Q96DM1
Q96E52	Q96E52
Q96EV2	Q96EV2
Q96EV2	Q9CXK9
Q96FF7	Q96FF7
Q96FF7	Q8IVT2
Q96FF7	Q9D279
Q96HR3	Q96HR3
Q96HR3	Q9CQI9
Q96IU2	Q96IU2
Q96IU2	Q9D0L1
Q96IU2	P86452
Q96IU2	D2EAC2
Q96LC9	Q96LC9
Q96LC9	Q91ZE9
Q96M11	Q96M11
Q96M11	Q95X94
Q96M11	Q9CXX0
Q96MG2	Q96MG2
Q96MG2	Q2YDF7
Q96MG2	Q3MI48
Q96N11	Q96N11
Q99747	Q99747
Q99747	Q9CWZ7
Q99K74	Q99K74
Q99K74	O75448
Q99K74	Q4V8B3
Q99K74	Q2PW47
Q99M03	Q99M03
Q99M03	Q9UIY3
Q99M03	P57060
Q99M03	Q9D9S3
Q99N20	Q99N20
Q99N20	Q5M7T3
Q99N20	Q5PSV4
Q99N20	Q3U1T3
Q99N20	Q9HCU9
Q9BRQ8	Q9BRQ8
Q9BTY7	Q9BTY7
Q9BTY7	Q9VBG6
Q9BTY7	P48362
Q9BVC3	Q9BVC3
Q9BVC3	Q14AI0
Q9BYC2	Q9BYC2
Q9BYC2	Q9JJN4
Q9BYC2	Q9ESL0
Q9BYC2	Q9D0K2
Q9BYC2	B2GV06
Q9BYC2	Q5XIJ9
Q9BYC2	P55809
Q9C101	Q9C101
Q9CPQ3	Q9CPQ3
Q9CPQ3	Q75Q41
Q9CPQ3	Q9NS69
Q9CQX4	Q9CQX4
Q9CQX4	Q15004
Q9CR78	Q9CR78
Q9CR78	Q96H12
Q9CTN5	Q9CTN5
Q9CTN5	Q8N1H7
Q9D1H7	Q9D1H7
Q9D1H7	Q7L5D6
Q9D379	Q9D379
Q9D379	P07099
Q9D379	P07687
Q9D486	Q9D486
Q9D486	Q8IY22
Q9D5R3	Q9D5R3
Q9D5R3	Q66H89
A6NGU5	A6NGU5
A6NGU5	Q05902
A6NGU5	O14194
A6NGU5	Q9CAR5
A6NGU5	P07314
A6NGU5	Q9US04
A6NGU5	P36268
A6NGU5	P36269
A6NGU5	Q99MZ4
A6NGU5	Q9UJ14
A6NGU5	Q6PDE7
A6NGU5	Q9Z2A9
A6NGU5	Q99JP7
A7TKU9	A7TKU9
A7TKU9	P53251
A8I9E8	A8I9E8
A8I9E8	Q9D9U9
A8I9E8	Q9UL16
A8MW99	A8MW99
A8MW99	Q8BRM6
B0BN93	B0BN93
B0BN93	Q04062
B0BN93	Q9UNM6
B0BN93	Q9WVJ2
B6KFA9	B6KFA9
C6KTD4	C6KTD4
D4ACN8	D4ACN8
D4ACN8	Q9HBL7
D4ACN8	Q9D3P8
E9Q7F5	E9Q7F5
F4IF99	F4IF99
F4IN69	F4IN69
F4IN69	Q9LUG9
F4JEP5	F4JEP5
F4JEP5	Q9QUM7
F4JEP5	O43196
F4JW68	F4JW68
F4JW68	Q9FGQ9
F4JW68	Q9SGZ8
F4KHD8	F4KHD8
G2TRL7	G2TRL7
H7C241	H7C241
O04615	O04615
O13578	O13578
O14030	O14030
O14318	O14318
O48767	O48767
O54842	O54842
O54842	Q9WTK0
O60082	O60082
Q5HDM2	Q5HDM2
Q5HFV0	Q5HFV0
Q5HFV0	P02344
Q5HFV0	P0ACF0
Q5HFV0	P0ACF4
Q5HFV0	P0A3H5
Q5HFV0	P0A6X7
Q5HFV0	P73418
Q5HFV0	P0A6Y3
Q5HFV0	P0A6Y1
Q5HFV0	P08821
Q5HIF2	Q5HIF2
Q5HIF2	P37568
Q5HIF2	C3W947
Q5HZB0	Q5HZB0
Q5HZB0	Q91Z22
Q5HZB0	Q8N131
Q5JX69	Q5JX69
Q5M9I6	Q5M9I6
Q5M9I6	Q9BU76
Q5M9I6	Q99LX5
Q5PQP2	Q5PQP2
Q5PQP2	Q9D0V7
Q5PQP2	O00559
Q5T9S5	Q5T9S5
Q5T9S5	Q640L5
Q5VXU9	Q5VXU9
Q5VXU9	A2ALV5
Q5XIM5	Q5XIM5
Q5XIM5	Q9UKY7
Q5XIM5	Q4VAA2
Q5XIM5	Q4VAA2
Q5XJY5	Q5XJY5
Q5XJY5	P48444
Q5XJY5	O74496
Q5XJY5	Q0J649
Q5XJY5	Q0DJ99
Q5XJY5	Q0DJA0
Q5XJY5	Q09236
Q5XJY5	Q93Y22
Q5XJY5	P43621
Q5XJY5	Q66H80
Q5XJY5	P49661
Q61112	Q61112
Q61112	Q9BRK5
Q61112	Q91ZS3
Q62885	Q62885
Q62885	A6NIH7
Q62885	Q8C4B4
Q62885	Q9Z2R6
Q62885	Q13432
Q63014	Q63014
Q63014	Q5BKZ1
Q63014	O43823
Q63014	O88291
Q63014	Q9R0L7
Q63014	Q9DBR0
Q63257	Q63257
Q63257	P16382
Q63257	P24394
Q63HM1	Q63HM1
Q63HM1	Q8K4H1
Q64131	Q64131
Q64131	Q63046
Q64131	Q08775
Q64131	Q13950
Q64131	Q03347
Q64356	Q64356
Q64356	P30933
Q64697	Q64697
Q64697	Q14761
Q66JV7	Q66JV7
Q66JV7	Q8NAV2
Q6AY86	Q6AY86
Q6AY86	O75436
Q6AY86	O01258
Q6AY86	Q4G0F5
Q6AY86	Q8C0E2
Q6AY86	Q6TNP8
Q6AY86	Q9W552
Q6AY86	Q7ZV03
Q6AY86	P40335
Q6AYJ5	Q6AYJ5
Q6AYJ5	Q8R3P7
Q6AYJ5	Q96AJ1
Q6LA55	Q6LA55
Q8CDG3	Q8CDG3
Q8CDG3	Q8CF97
Q8CDG3	Q96JH7
Q8CI03	Q8CI03
Q8GYX9	Q8GYX9
Q8GYX9	Q9SJ62
Q8GYX9	Q94C48
Q8GYX9	Q0WSZ8
Q8GYX9	Q9ASW8
Q8I5Z5	Q8I5Z5
Q8IP68	Q8IP68
Q8IV36	Q8IV36
Q8IV36	Q8R1F6
Q8IVN3	Q8IVN3
Q8IVN3	Q80XX4
Q8IVN3	Q99JI1
Q8IXM6	Q8IXM6
Q8IXM6	Q8VC65
Q8K199	Q8K199
Q8K199	Q9NRP2
Q8K1T1	Q8K1T1
Q8N0W5	Q8N0W5
Q8N159	Q8N159
Q8N159	P40360
Q8N159	O94330
Q8N159	Q8R4H7
Q8N357	Q8N357
Q8N357	Q5RKH7
Q8N357	Q8VE96
Q8N412	Q8N412
Q8N412	Q8C8J0
Q8N5N7	Q8N5N7
Q8N6L0	Q8N6L0
Q8N6L0	Q80VJ8
Q8N7H5	Q8N7H5
Q8N7H5	Q4U0S5
Q8N7H5	P90783
Q8N7H5	Q4V886
Q8N7H5	Q8K2T8
Q8N7H5	F4HQA1
Q8N912	Q8N912
Q8R000	Q8R000
Q8R3L0	Q8R3L0
Q8R3L0	B5DF51
Q8R3L0	Q8K273
Q8R3L0	Q8N4V1
Q8TCG1	Q8TCG1
Q8TCG1	Q8BWY9
Q8TDX5	Q8TDX5
Q8TDX5	Q8R519
Q8TEL6	Q8TEL6
Q8TEL6	Q9JLV2
Q8VHI4	Q8VHI4
Q8VHI4	Q8N187
Q8WV92	Q8WV92
Q8WXI9	Q8WXI9
Q8WXI9	Q8VHR5
Q8WXI9	Q86YP4
Q8WXI9	Q8CHY6
Q9CQA8	Q9CQA8
Q9CQA8	Q96LK0
Q9CWP8	Q9CWP8
Q9CWP8	Q9HCU8
Q9CYI0	Q9CYI0
Q9CYI0	Q9HAS0
Q9CZT6	Q9CZT6
Q9CZT6	Q5FVR6
Q9D0Q7	Q9D0Q7
Q9D0Q7	Q9BRJ2
Q9D1H0	Q9D1H0
Q9D1H0	Q2KJ10
Q9D1H0	Q96K30
Q9D361	Q9D361
Q9D361	Q9M8X2
Q9D361	Q6IEG0
Q9D483	Q9D483
Q9D483	Q5XIL3
Q9DB25	Q9DB25
Q9DB25	Q9Y673
Q9DBE0	Q9DBE0
Q9DBE0	Q05683
Q9DBE0	Q6ZQY3
Q9DBE0	Q64611
Q9DBE0	Q99259
Q9DBE0	Q99259
Q9DBE0	P48318
Q9DBE0	P48320
Q9DBE0	P18088
Q9DBE0	Q05329
Q9DBR3	Q9DBR3
Q9DBR3	Q8IUR7
Q9EQR5	Q9EQR5
Q9EQR5	Q9H400
Q9H0E2	Q9H0E2
Q9H0E2	A2RUW1
Q9H0E2	Q9QZ06
Q9H0U3	Q9H0U3
Q9H0U3	Q13454
Q9H720	Q9H720
Q9H720	P25618
Q9H7X0	Q9H7X0
Q9H7X0	Q9DBU2
Q9HGL9	Q9HGL9
Q9JJT9	Q9JJT9
Q9JJT9	Q63068
Q9JJT9	Q9H814
Q9JMB1	Q9JMB1
Q9JMB1	Q9P2T0
Q9JMB1	Q5XHX8
Q9LH42	Q9LH42
Q9LH42	Q9SV54
Q9LH42	Q9SRX1
Q9NQ48	Q9NQ48
Q9NQ48	Q9JHQ5
Q9NTG7	Q9NTG7
Q9NTG7	Q5RJQ4
Q9NTG7	Q96EB6
Q9NTG7	O94640
Q9NTG7	P59941
Q9NTG7	Q9VAQ1
Q9NTG7	P33294
Q9NTG7	Q9Y6E7
Q9NTG7	Q21921
Q9NTG7	Q8N6T7
Q9NTG7	P06700
Q9NTG7	Q9I7I7
Q9NTG7	Q83RR8
Q9NTG7	Q5AI90
Q9NTG7	Q8VDQ8
Q9NTG7	Q923E4
Q9NTG7	A5U1J9
Q9NTG7	Q9USN7
Q9NTG7	Q9FE17
Q9NTG7	P53685
Q9NTG7	P53686
Q9NTG7	Q68FX9
Q9NTG7	Q9NRC8
Q9NTG7	P53687
Q9NTG7	Q9NXA8
Q9NTG7	B2RZ55
Q9NTG7	Q8IXJ6
Q9NTG7	Q4JBN2
Q9NTG7	Q97VX5
Q9NTG7	Q9VK34
Q17RB0	Q17RB0
Q17RB0	Q6P1Y1
Q17RB0	Q7M732
Q17RB0	O95751
Q17RB0	Q5DTT4
Q17RB0	Q6ICC9
Q17RB0	Q7L3V2
Q17RB0	Q86TG7
Q17RB0	Q99315
Q17RB0	Q7LHG5
Q17RB0	A6NKG5
Q17RB0	Q12173
Q17RB0	Q7TN75
Q21446	Q21446
Q23314	Q23314
Q29RM2	Q29RM2
Q29RM2	Q8BXQ8
Q29RM2	Q8BGR5
Q29RM2	E9PV82
Q29RM2	Q14153
Q29RM2	Q6NSI3
Q2M3R5	Q2M3R5
Q32M92	Q32M92
Q3KNJ2	Q3KNJ2
Q3KNJ2	Q9H9Q4
Q3L890	Q3L890
Q3U0P1	Q3U0P1
Q3U0P1	Q86YC2
Q3UU94	Q3UU94
Q3UU94	A6NHS7
Q3UY34	Q3UY34
Q3UY34	Q96C57
Q3UY34	Q5I034
Q4J8R0	Q4J8R0
Q51485	Q51485
Q53FT3	Q53FT3
Q55874	Q55874
Q569B7	Q569B7
Q569B7	Q9CPR1
Q569B7	Q6NW29
Q5ADT1	Q5ADT1
Q5DP50	Q5DP50
Q5I0H4	Q5I0H4
Q5I0H4	Q921L3
Q5RKZ7	Q5RKZ7
Q5RKZ7	Q9NZB8
Q5RKZ7	P9WJR9
Q5RKZ7	Q39055
Q5RKZ7	O05520
Q5RKZ7	Q4JAB2
Q5RKZ7	Q4J8T0
Q72GG0	Q72GG0
Q72GG0	Q5SM27
Q72GG0	Q980A0
Q7K3B9	Q7K3B9
Q7K3B9	Q86W50
Q7K3B9	Q9CQG2
Q7Z591	Q7Z591
Q7Z591	Q80VW7
Q7Z591	Q5T1N1
Q7Z6B0	Q7Z6B0
Q7Z6B0	Q6AY97
Q7Z6B0	Q9D8L5
Q811I0	Q811I0
Q811I0	Q5TC12
Q86SZ2	Q86SZ2
Q86SZ2	Q9D289
Q86SZ2	Q09784
Q86SZ2	Q99394
Q86SZ2	Q78XR0
Q86U37	Q86U37
Q8BG80	Q8BG80
Q8BG80	Q9NWN3
Q8BG80	Q4KLY2
Q8BG80	Q6PJ61
Q8BGJ3	Q8BGJ3
Q8BGW0	Q8BGW0
Q8BGW0	Q91YX0
Q8BGW0	Q5TEJ8
Q8BR27	Q8BR27
Q8BR27	Q69ZK7
Q8BR27	Q7JXG9
Q8BR27	Q7L5A3
Q8BR27	Q5PQM8
Q8BR27	Q32MH5
Q8BYH3	Q8BYH3
Q8BYH3	Q9NUP7
Q8BZ32	Q8BZ32
Q8BZ32	Q9V727
Q8BZ32	Q9C0F0
Q8BZ32	P59598
Q8BZ32	Q8IXJ9
Q8C6D4	Q8C6D4
Q8C6D4	Q7L4P6
Q8C804	Q8C804
Q8C804	Q5RKG1
Q8CAK3	Q8CAK3
Q8CAK3	Q9NUL5
Q8CHW5	Q8CHW5
Q8CHW5	A1A5D9
Q8CHW5	Q6ZP65
Q8CHW5	A0JNT9
Q8IV20	Q8IV20
Q92TF2	Q92TF2
Q92TF2	P0A8A6
Q92TF2	P54470
Q92TF2	Q9MAC9
Q96E22	Q96E22
Q96E22	Q99LJ8
Q96FB5	Q96FB5
Q96FB5	Q8BZG5
Q96G25	Q96G25
Q96G25	Q9D7W5
Q96GT9	Q96GT9
Q96GT9	Q9UEU5
Q96GT9	Q9HD64
Q96GT9	Q13069
Q96GT9	Q13070
Q96GT9	P0DSO3
Q96GT9	A1L429
Q96GT9	A6NDE8
Q96GT9	A6NGK3
Q96GT9	Q6NT46
Q96GT9	Q13066
Q96GT9	O75459
Q96GT9	O76087
Q96GT9	P0CL80
Q96GT9	P0CL82
Q96GT9	P0CL81
Q96GT9	P0DTW1
Q96GT9	A6NER3
Q96MD2	Q96MD2
Q96MD2	Q6P1I3
Q96S19	Q96S19
Q96S19	Q9DCS2
Q96S19	Q497C3
Q99380	Q99380
Q99380	Q9P838
Q99732	Q99732
Q99732	P0C0T0
Q99732	Q9JLJ0
Q99732	Q9DB75
Q99732	Q9H305
Q99880	Q99880
Q99880	P06900
Q99880	Q64524
Q99880	P30755
Q99880	Q64525
Q99880	Q8CGP1
Q99880	P10853
Q99880	O60814
Q99880	P30756
Q99880	Q8CGP2
Q99880	Q9LZT0
Q99880	Q9ZUS0
Q99880	P04913
Q99880	Q943L2
Q99880	Q9LZ45
Q99880	Q27749
Q99880	P23754
Q99880	Q9LQQ4
Q99880	Q9SF55
Q99880	Q27750
Q99880	Q93079
Q99880	P62807
Q99880	P23527
Q99880	Q6ZWY9
Q99880	P62808
Q99880	Q27484
Q99880	Q9LFF6
Q99880	P04255
Q99880	P33778
Q99880	P48989
Q99880	Q9LGH4
Q99880	Q9SGE3
Q99880	Q2M2T1
Q99880	Q9LGH8
Q99880	Q9SI96
Q99880	Q00715
Q99880	P0C1H6
Q99880	Q9LGI2
Q99880	Q9D2U9
Q99880	P27807
Q99880	Q41575
Q99880	Q00729
Q99880	Q43215
Q99880	P0C1H4
Q99880	P0C1H3
Q99880	P57053
Q99880	P70696
Q99880	Q96A08
Q99880	Q43216
Q99880	P0C1H5
Q99880	Q9D9Z7
Q99880	Q27876
Q99880	Q43217
Q99880	P06145
Q99880	Q64475
Q99880	P40283
Q99880	Q27894
Q99880	P06146
Q99880	Q64478
Q99880	Q32L48
Q99880	Q43261
Q99880	Q94JE1
Q99880	P10854
Q99880	Q99877
Q99880	P58876
Q99880	Q6DN03
Q99880	A3AGM4
Q99880	P05621
Q99880	P49120
Q99880	Q9FFC0
Q99880	Q99879
Q99880	O22582
Q99880	Q94JJ7
Q99880	Q94JJ4
Q99880	P02281
Q99880	Q6DRA6
Q99880	P02283
Q99880	P37210
Q99880	P02293
Q99880	Q9PSW9
Q99880	P54348
Q99880	P02294
Q99880	Q8N257
Q99880	Q8CGP0
Q99880	P06899
Q99880	Q16778
Q99880	O23629
Q99JL1	Q99JL1
Q99JL1	Q8NEY3
Q9BRQ0	Q9BRQ0
Q9BRQ0	Q9Y3Y4
Q9BRQ0	Q9D0P5
Q9BZV2	Q9BZV2
Q9BZV2	P41438
Q9BZV2	P41440
Q9BZV2	Q9EQN9
Q9BZV2	O60779
Q9BZV2	Q53S99
Q9CQA1	Q9CQA1
Q9CQA1	Q8IUR0
Q9CX60	Q9CX60
Q9CX60	Q53QV2
Q9CXU9	Q9CXU9
Q9CXU9	O60739
Q9CXU9	A7TES6
Q9CXU9	Q6DH65
Q9CXU9	Q9NAH4
Q9CXU9	Q9P3T4
Q9CXU9	P47089
Q9CXU9	Q9VZS3
Q9CXU9	O43583
Q9CXU9	P32911
Q9CXU9	B0R868
Q9CXU9	Q0D5W6
Q9CXU9	P41567
Q9CXU9	P48024
Q9CXU9	Q9CQJ6
Q9CXU9	P79060
Q9CXU9	P41568
Q9CXU9	Q9VX98
Q9CXU9	Q94JV4
Q9CZ83	Q9CZ83
Q9D1F5	Q9D1F5
Q9D1F5	Q6NTE8
Q9D5J6	Q9D5J6
Q9D5J6	Q9UHJ6
Q9D8N6	Q9D8N6
Q9DBQ9	Q9DBQ9
Q9DBQ9	Q9P7J1
Q9DBQ9	Q5T5J6
Q9DBQ9	Q9FZ99
Q9DBQ9	Q86US8
Q9DBQ9	P61406
Q9ESJ7	Q9ESJ7
Q9H3S5	Q9H3S5
Q9H7T3	Q9H7T3
Q9I3I5	Q9I3I5
Q9I3I5	P77173
Q9I3I5	Q8X492
Q9I3I5	Q83QN9
Q9JJR6	Q9JJR6
Q9JJR6	Q9NQ32
Q9KZK8	Q9KZK8
Q9LQR8	Q9LQR8
Q9LQR8	Q9LNU4
Q9LQR8	P14685
Q9LQR8	Q1ZXD3
Q9LQR8	P40016
Q9LQR8	O42897
Q9LQR8	Q04908
Q9LQR8	O43242
Q9M2D8	Q9M2D8
Q9M2D8	O80837
Q9M2D8	Q93YN8
Q9M2D8	P93758
Q9NQR4	Q9NQR4
Q9NQR4	Q94JV5
Q9NQR4	P49954
Q9NQR4	O95497
Q9NQR4	O95498
Q9NQR4	Q8VDK1
Q9NQR4	Q9Z0K8
Q9NQR4	Q9JHW2
Q9NQR4	Q93XI4
Q9NQR4	Q86X76
Q9NQR4	Q497B0
Q9NQR4	Q9QZ25
Q9NQR4	P47016
Q9NUJ1	Q9NUJ1
Q9NX00	Q9NX00
Q9NX00	Q9D938
Q9P0N9	Q9P0N9
Q9P0N9	Q9D0K0
Q9P7M1	Q9P7M1
Q9PLV4	Q9PLV4
Q9QX98	Q9QX98
Q9QX98	Q01664
Q9QX98	Q7RTU0
Q9QX98	Q7RTU3
Q9QX98	O60682
Q9QX98	P24699
Q9QX98	Q7RTU4
Q9QX98	Q13562
Q9QX98	Q16559
Q9QX98	Q7RTU7
Q9QX98	Q9H2A3
Q9QX98	O43680
Q9QX98	P10627
Q9QX98	Q9EQW6
Q9QX98	Q9BRJ9
Q9QX98	Q9HD90
Q9QX98	O35437
Q9QX98	P18491
Q9QX98	P70660
Q9QX98	Q8N100
Q9QX98	Q02363
Q9QX98	Q8TAK6
Q9QX98	P48985
Q9QX98	P10085
Q9QX98	P13349
Q9QX98	A6NI15
Q9QX98	P48986
Q9QX98	Q02346
Q9QX98	Q14602
Q9QX98	P20428
Q9QX98	Q8NFJ8
Q9QX98	Q8WVJ9
Q9QX98	P97831
Q9QX98	Q9D030
Q9QX98	P22091
Q9QX98	Q60756
Q9QX98	Q96NK8
Q9QX98	P34474
Q9QX98	P47928
Q9QX98	Q06AV5
Q9QX98	P27792
Q9QX98	Q6PFG8
Q9QX98	Q02577
Q9QX98	Q9Y4Z2
Q9QX98	P15173
Q9QX98	P15172
Q9QX98	P26687
Q9QX98	Q2VIU1
Q9QX98	Q62414
Q9QX98	Q96RJ6
Q9QX98	Q60867
Q9QX98	Q64289
Q9QX98	Q12870
Q9QX98	Q9QYC3
Q9QX98	P15375
Q9QX98	P19335
Q9QX98	P17542
Q9QX98	P41133
Q9QX98	P70562
Q9QX98	Q15784
Q9QX98	P79920
Q9QX98	P41134
Q9QX98	P61296
Q9QX98	Q9JLR5
Q9QX98	P20067
Q9QX98	Q0VG99
Q9QX98	Q15672
Q9QX98	P41137
Q9QX98	P41136
Q9QX98	O55208
Q9QX98	P41139
Q9QX98	Q13516
Q9QX98	Q8C6A8
Q9QX98	P50553
Q9QX98	Q96SQ7
Q9QX98	O35885
Q9QX98	O88940
Q9QX98	Q7RTS1
Q9QX98	P70595
Q9QX98	Q7RTS3
Q9QX98	Q9JKN5
Q9QX98	O96004
Q9QX98	Q02535
Q9QX98	P12979
Q9QX98	Q02067
Q9QX98	Q64124
Q9QX98	P12980
Q9QX98	Q64279
Q9QX98	Q92858
Q9QX98	Q99929
Q9QX98	Q9WUQ3
Q9QX98	P70447
Q9QX98	P19359
O76075	O76075
O76075	O54788
O94280	O94280
O94389	O94389
O94389	Q9D8X2
O94389	Q96CT7
O94679	O94679
O94679	Q06156
O94679	O24610
P00498	P00498
P00498	Q4J8J2
P00498	P40373
P07743	P07743
P07743	Q96DR5
P08700	P08700
P0CJ72	P0CJ72
P0CJ72	P0CJ70
P0CJ72	P0CJ71
P0DMT0	P0DMT0
P14196	P14196
P16658	P16658
P16658	Q8NCE0
P16658	Q5M954
P16658	Q9BSV6
P16658	Q6P7W5
P16658	Q97ZY3
P18410	P18410
P23501	P23501
P23501	P47013
P25348	P25348
P31399	P31399
P31399	O75947
P31399	Q9DCX2
P31399	Q24251
P39983	P39983
P45432	P45432
P45432	Q99LD4
P45432	P97834
P46553	P46553
P50108	P50108
P53093	P53093
Q53705	Q53705
Q86119	Q86119
Q94A08	Q94A08
Q94A08	Q9FND9
Q94BP7	Q94BP7
Q96CP7	Q96CP7
Q96CP7	Q8VC26
Q96CP7	A6NGC4
Q96CP7	G5EF48
Q96PS6	Q96PS6
Q9BV87	Q9BV87
Q9BYG7	Q9BYG7
Q9BYG7	Q7Z745
Q9BYG7	D3Z750
Q9BYG7	A6NES4
Q9BYG7	Q7M6Y6
Q9C0H9	Q9C0H9
Q9C0H9	Q9QWI6
Q9C0H9	A2AQ25
Q9C0H9	Q9QXY2
Q9C0H9	Q5T5P2
Q9C666	Q9C666
Q9CPU7	Q9CPU7
Q9CPU7	Q8TCJ0
Q9CPU7	Q969P5
Q9CPU7	Q9D2Y6
Q9CXV3	Q9CXV3
Q9CXV3	O35486
Q9CXV3	P22914
Q9CXV3	P43320
Q9CXV3	Q9JJV1
Q9CXV3	P07315
Q9CXV3	P11844
Q9CXV3	P07316
Q9CXV3	Q03740
Q9CXV3	P53672
Q9CXV3	P26998
Q9CXV3	P53673
Q9CXV3	P07320
Q9CXV3	P53674
Q9CXV3	Q8WXF5
Q9CXV3	Q9WVJ5
Q9CXV3	P62697
Q9CXV3	P62696
Q9CXV3	Q68DQ2
Q9CXV3	P05813
Q9CXV3	Q9JJU9
Q9D4V3	Q9D4V3
Q9D4V3	Q8IWF9
Q9D9M4	Q9D9M4
Q9FFD2	Q9FFD2
Q9FFD2	Q9LFW1
Q9FFD2	P80607
Q9FFD2	Q9LUE6
Q9FFD2	Q9SRT9
Q9FFD2	O22666
Q9FGF0	Q9FGF0
Q9FGF0	F4IBB2
Q9FHI1	Q9FHI1
Q9FHI1	P40484
Q9FHI1	Q86TA1
Q9FHI1	Q9H8S9
Q9FHI1	Q921Y0
Q9FHI1	Q3T1J9
Q9FHI1	Q5ABC6
Q9FHI1	Q95RA8
Q9FHI1	P43563
Q9FHI1	Q8BPB0
Q9FHI1	Q7L9L4
Q9FHI1	Q96BX8
Q9FHI1	O74558
Q9FHI1	Q9VL13
Q9FJ57	Q9FJ57
Q9FNB0	Q9FNB0
Q9FUH9	Q9FUH9
Q9FUH9	Q197W8
Q9FYC2	Q9FYC2
Q9GYD9	Q9GYD9
Q9H478	Q9H478
Q9JHI9	Q9JHI9
Q9JHI9	Q923U9
Q9JHI9	Q9NP59
Q9JHI9	F4KGN5
Q9JHI9	O80905
Q9LHE5	Q9LHE5
Q9LIG0	Q9LIG0
O94286	O94286
O94286	O31669
O94286	Q8W108
O94286	F6HDT7
O94286	Q03677
O94286	Q6AWN0
O94286	Q9BV57
O94286	O48707
O94286	Q99JT9
O94447	O94447
O94598	O94598
O94733	O94733
P02655	P02655
P05651	P05651
P05651	P9WHI9
P06880	P06880
P06880	Q14406
P06880	P0DML3
P06880	P0DML2
P06880	P01241
P06880	P01242
P08699	P08699
P08699	O08573
P08699	Q9JL15
P08699	P38486
P08699	Q3ZBA0
P08699	O15040
P08699	P38552
P08699	Q49I35
P08699	Q80VP0
P08699	P59438
P08699	Q6NLL1
P08699	Q9CQW5
P08699	P56470
P08699	Q09581
P08699	Q7Z6L1
P08699	Q8BH93
P08699	P17931
P08699	Q9VWB0
P08699	O88644
P08699	P11762
P08699	P47929
P08699	P97840
P08699	O00182
P08699	P36573
P08699	Q8NDC0
P08699	Q3B8N2
P08699	P09382
P08699	P16045
P08699	Q6DKI2
P08699	P97400
P08699	P47967
P08699	A4D1Z8
P08699	O00214
P08699	P05162
P08699	Q05315
P08699	Q9D7G9
P08699	P16110
P08699	Q8VED9
P08699	Q3ZCW2
P09193	P09193
P09193	P10898
P09193	P10804
P09193	P48187
P09193	P06003
P09193	P06414
P09193	P0C366
P09193	P0C367
P09193	P56778
P09193	B3TNB9
P09193	Q0P3Q1
P0A761	P0A761
P0A883	P0A883
P0A9N7	P0A9N7
P0AA48	P0AA48
P0ACC2	P0ACC2
P0ACC2	Q9Y5R4
P0C281	P0C281
P0C281	O31673
P0C281	Q5HHB0
P0C281	A0R574
P0C281	O94641
P0C281	P31539
P0C281	P33416
P0C281	Q9H078
P0C281	Q60649
P0C281	Q7MNK1
P0C281	Q9WTT2
P0C281	P37571
P0C281	Q97KG0
P0C281	P42762
P0C281	Q2QVG9
P0C281	Q7UBW5
P0C281	P63284
P0C281	P63285
P0C281	P9WPC9
P0C281	P9WPD1
P0C281	P9WPD0
P0C281	Q9SXJ7
P0C281	Q9LF37
P0C281	Q5HD02
P0C281	P31540
P0C281	P74361
P0C281	Q9RA63
P0C281	Q9FI56
P0C7N4	P0C7N4
P0C913	P0C913
P0C913	P0CD96
P0C913	Q8TAD7
P0CT04	P0CT04
P0CT04	P0CT04
P0CT04	P38841
P0CT04	P0CT05
P11684	P11684
P11684	O95968
P11684	Q06318
P52042	P52042
P52042	Q709F0
P52042	Q8WTS1
P52042	Q8R2Y0
P52042	Q3V1F8
P52042	O22975
P52042	P0A8Y3
P52042	P15650
P52042	P11310
P52042	P9WQF7
P52042	Q6JQN1
P52042	O02218
P52042	P16219
P52042	Q8JZN5
P52042	P80299
P52042	P51174
P52042	Q9CYW4
P52042	Q9UKU7
P52042	Q04623
P52042	Q12385
P52042	Q60759
P52042	Q9H845
P52042	Q9DBL1
P52042	Q96329
P52042	Q07417
P52042	B1WC61
P52042	P49748
P52042	P50544
P52042	P53750
P52042	P45952
P52042	Q9JHI5
P52042	P45953
P52042	Q8K370
P52042	Q9FJ24
P52042	P12007
P52042	P45954
P52042	P70584
P52042	Q07646
P52042	Q80XL6
P52042	Q9H6B9
P52042	P34913
P52042	Q97UA2
P52042	Q9BV23
P52042	P28330
P52042	P34914
P52042	P08503
P52042	Q92947
P52042	P93732
P52042	Q6QA69
P52042	Q9DBL9
P52042	B3DMA2
P52042	P15651
P52042	Q8TB40
P52697	P52697
P52697	O34499
P53072	P53072
P53185	P53185
P53250	P53250
P53707	P53707
P53861	P53861
P53913	P53913
P54471	P54471
P54730	P54730
P55808	P55808
P56620	P56620
P56620	P07507
P56620	Q800Y2
P56620	P08494
P59017	P59017
P59017	Q9BXK5
P60294	P60294
P66221	P66221
P66221	A0AF43
P66221	P56849
P66221	B1XPV1
P66221	A1KGB4
P66221	Q5HFK9
P70444	P70444
P70444	P55957
P70444	Q9JLT6
P70996	P70996
P74352	P74352
P76194	P76194
P79015	P79015
P79015	P49211
P79015	P04359
P79015	P38061
P79015	P62910
P79015	P62911
P79015	P62912
P79015	Q9UX90
P79015	A0A1D8PPN6
P79015	O94008
P79015	O42935
P79015	Q9FHG2
P79015	P17932
P87048	P87048
P87048	P56701
P87048	Q9SIV2
P87048	Q4FZT9
P87048	Q8VDM4
P87048	P38764
P96625	P96625
P17629	P17629
P17858	P17858
P17858	P90521
P17858	P16861
P17858	P16862
P17858	P0A797
P17858	P0A796
P17858	Q9WUA3
P17858	Q2HYU2
P17858	Q04L24
P17858	Q9M0F9
P17858	Q94AA4
P17858	O42938
P17858	O94201
P17858	P00511
P17858	P08237
P17858	Q01813
P17858	P30835
P17858	P12382
P17858	P47857
P17858	Q03215
P17858	P47858
P17858	Q03216
P17858	P47859
P17858	O34529
P17858	P47860
P17858	Q9C5J7
P17858	Q8Y6W0
P17858	Q9TZL8
P17858	Q0IIG5
P22434	P22434
P25499	P25499
P26292	P26292
P26292	P0C7P4
P26292	Q9ZR03
P26292	P20788
P26292	P49727
P26292	P08067
P26292	Q9CR68
P26292	P26290
P26292	P47985
P26497	P26497
P26497	P9WIJ9
P27181	P27181
P27951	P27951
P28347	P28347
P28347	P30051
P28347	Q19849
P28347	Q99594
P28347	P30052
P28347	P48301
P28347	P18412
P28791	P28791
P31112	P31112
P31785	P31785
P31785	P34902
P32583	P32583
P32583	P41777
P32583	Q14978
P32583	E9Q5C9
P32583	Q9P785
P32583	Q9XVS4
P32727	P32727
P32727	P75591
P32727	P0AFF9
P33361	P33361
P34237	P34237
P34594	P34594
P34942	P34942
P34942	O95299
P34942	Q99LC3
P35573	P35573
P35573	Q06625
P36071	P36071
P36161	P36161
P38274	P38274
P38775	P38775
P38882	P38882
P38960	P38960
P39111	P39111
P39111	Q9D1K2
P39111	Q24583
P39111	Q16864
P39111	Q9ZQX4
P40159	P40159
P40530	P40530
P40867	P40867
P41847	P41847
P41847	Q5XID1
P41847	Q4YUG2
P41847	Q5A218
P41847	Q8WTY4
P41847	B6TB21
P41847	C5DJL0
P41847	O74821
P41847	Q6FI81
P41847	P36152
P41847	Q9V3Y2
P41847	A5DQ88
P41847	C5DSC9
P43638	P43638
P45577	P45577
P47001	P47001
P47001	Q03180
P47001	P32478
P47001	Q03178
P47001	P46999
P47056	P47056
P48154	P48154
P48154	D4NXE7
P48154	P55830
P48154	P97351
P48154	P61247
P48154	P49242
P48154	Q42262
P48154	C5DFM0
P48154	O97313
P48154	A3LX67
P48154	P33442
P48154	A7TNP9
P48154	P49397
P48154	Q09781
P48154	Q4JB17
P48154	A5DN58
P48154	A8HS48
P48154	O94438
P48154	P23248
P48154	C5DS65
P48154	P40910
P48154	Q9CAV0
P50275	P50275
P52823	P52823
P52823	O76061
P52823	O55183
P52823	P97574
P53129	P53129
Q02308	Q02308
Q02554	Q02554
Q02554	Q3UJB0
Q03162	Q03162
Q03406	Q03406
Q03694	Q03694
Q04170	Q04170
Q04471	Q04471
Q05979	Q05979
Q05979	Q9CXF0
Q05979	Q16719
Q05979	P70712
Q06096	Q06096
Q08232	Q08232
Q08232	Q9UTK7
Q08926	Q08926
Q09713	Q09713
Q0P6H9	Q0P6H9
Q0VCQ8	Q0VCQ8
Q0VCQ8	O14683
Q0VCQ8	Q4QQM4
Q0VCQ8	B3DMA0
Q10304	Q10304
Q12015	Q12015
Q12071	Q12071
Q12296	Q12296
Q12296	P74409
Q12296	Q9LTD8
Q12296	Q9LK65
Q12296	A0A0B7P9G0
Q12296	Q32NY4
Q12296	Q5U2P1
Q12296	Q6P4Q7
Q12296	Q8RY60
Q12296	Q4V3C7
Q12296	P74078
Q12296	Q84R21
Q12296	Q9USJ3
Q12296	Q9ZQR4
Q12296	Q0GA42
Q12296	A3QM97
Q12296	P0C588
Q12296	Q9NRU3
Q12296	Q9ZVS8
Q12296	Q3TWN3
Q12296	Q69ZF7
Q12296	Q8VZI2
Q12296	Q9H8M5
Q13145	Q13145
Q13443	Q13443
Q13443	O35598
Q13443	Q811Q4
Q13443	Q9H013
Q13443	Q8K410
Q13443	Q05910
Q13443	Q9BZ11
Q13443	Q9UKF2
Q13443	Q3TTE0
Q13443	Q8TC27
Q13443	Q9UKF5
Q13443	Q9Y3Q7
Q13443	Q61824
Q13443	Q99965
Q13443	G5EFD9
Q13443	O14672
Q13443	Q9Z1K9
Q13443	O77633
Q13443	Q9JI76
Q13443	Q9R1V4
Q13443	Q61072
Q13443	Q9H2U9
Q13443	Q9JLN6
Q13443	Q9R1V6
Q13443	Q9P0K1
Q13443	Q9R1V7
Q13443	O75077
Q13443	Q9R0X2
Q13443	Q9UKJ8
Q13443	P70505
Q13443	O75078
Q13443	P78325
Q13443	F8VQ03
Q13443	O43184
Q13443	O35227
Q13443	O15204
Q13443	O43506
Q13443	P78536
Q13443	Q63202
Q13443	O35674
Q13443	Q9R157
Q13443	G5EFD5
Q13443	Q9R160
Q13443	Q9R158
Q13443	Q60718
Q13443	Q9UKQ2
Q13443	Q9Z0F8
Q14093	Q14093
Q14093	A0A1B0GR13
Q14093	P35663
Q15276	Q15276
Q15276	O35550
Q15276	O35551
Q15822	Q15822
Q15822	O70174
Q15822	O76554
Q15822	Q07001
Q15822	P09483
Q15822	P30926
Q15822	P43681
Q15822	Q9UGM1
Q15822	P12392
Q15822	O95264
Q15822	G5ECT0
Q15822	O70212
Q15822	P48180
Q15822	P07510
Q15822	Q494W8
Q15822	Q8WXA8
Q15822	Q9GZZ6
Q15822	Q04844
Q15822	P36544
Q15822	Q91X60
Q15822	P20782
Q15822	P25108
Q15822	P09690
Q15822	Q23022
Q15822	P25109
Q15822	P46098
Q15822	P25110
Q15822	P54244
Q15822	P02712
Q15822	P04755
Q15822	P02714
Q15822	Q05941
Q15822	Q9ERK7
Q15822	P02716
Q15822	A5X5Y0
Q15822	P02718
Q15822	Q70Z44
Q15822	Q27218
Q15822	P17787
Q15822	Q9JHJ5
Q15822	P30532
Q15822	Q05901
Q15822	P04756
Q15822	P04757
Q15822	Q15825
Q16543	Q16543
Q16543	O02108
Q16543	Q7L3B6
Q16543	Q24276
Q16543	P06101
Q16543	Q61081
Q16543	Q63692
Q16543	Q9CZP7
Q16543	O94740
Q16543	Q5XIC3
Q9UUN3	Q9UUN3
Q9V6B9	Q9V6B9
Q9V6B9	O42963
Q9V6B9	Q8BTS4
Q9V6B9	P70582
Q9V6B9	Q7Z3B4
Q9VGP4	Q9VGP4
Q9VGP4	Q91YE6
Q9VGP4	Q96P70
Q9VR38	Q9VR38
Q9VR38	Q9SKN1
Q9VR38	Q17QV2
Q9VR38	Q7L1V2
Q9VR38	Q86VX9
Q9VR38	Q6PDG8
Q9XV66	Q9XV66
Q9Y282	Q9Y282
Q9Y282	Q9CR89
Q9Y282	Q96RQ1
Q9Y282	Q9CQE7
Q9Y282	Q04651
Q9Y282	P39727
Q9Y282	O94283
Q9Y2P4	Q9Y2P4
Q9Y2P4	P97524
Q9Y2P4	E9Q9W4
Q9Y2P4	P38225
Q9Y2P4	Q91VE0
Q9Y2P4	P97849
Q9Y2P4	Q4LDG0
Q9Y2P4	O35488
Q9Y2P4	O14975
Q9Y2P4	Q9ES38
Q9Y2P4	Q6P1M0
Q9Y2P4	O88561
Q9Y2P4	Q6PCB7
Q9Y2P4	Q60714
Q9Y2P4	Q9Y2P5
Q9Y3E5	Q9Y3E5
Q9Y3E5	O13830
Q9Y3E5	Q8R2Y8
Q9Y3E5	P34222
Q9Y3E5	O76387
Q9Y3E5	O97067
Q9Y6A4	Q9Y6A4
Q9Y6A4	Q8BTU1
Q9Y6K0	Q9Y6K0
Q9Y6K0	Q6AXM5
Q9Y6K0	Q8BGS7
A0A486WWJ9	A0A486WWJ9
A0PK05	A0PK05
A6NCN8	A6NCN8
A6NCN8	Q3TTI8
A6NKX1	A6NKX1
A7RDN6	A7RDN6
A7RDN6	Q5VYX0
A7TSA8	A7TSA8
A7TSA8	P53261
A7TSA8	O00541
A7TSA8	Q9LYK7
A7TSA8	Q8IIS5
A7TSA8	O60164
A7TSA8	Q3B8N8
A7TSA8	Q9EQ61
A7TSA8	Q9VL96
A8I2V9	A8I2V9
A8I2V9	P60718
A8I2V9	O32129
A8I2V9	O59778
A8I2V9	Q5HHG0
A8I2V9	P54967
A8I2V9	P9WPQ7
A8I2V9	Q99M04
A8I2V9	O43766
A8I2V9	Q9ZWT1
A8I2V9	Q8X825
A8I2V9	P32875
B1AL88	B1AL88
B1AL88	O75949
B2RV13	B2RV13
B2RV13	Q9DAN9
Q10D38	Q10D38
Q10D38	A2YFN7
Q10D38	Q9SAH0
Q10D38	Q9S9N4
Q10D38	Q9ZPR4
Q10D38	Q304A0
Q10D38	Q9FLG2
Q11085	Q11085
Q11085	Q9NGJ7
Q12198	Q12198
Q12198	Q04533
Q12198	P38675
Q12198	O74314
Q12198	P47164
Q12486	Q12486
Q13901	Q13901
Q13901	O35473
Q24JP3	Q24JP3
Q24JP3	Q8IX21
Q24JP3	Q6P9P0
Q27YU7	Q27YU7
Q2KG01	Q2KG01
A2T3Q9	A2T3Q9
P0DO23	P0DO23
Q921X6	Q921X6
Q921X6	Q9H1D9
Q921X6	P32910
Q941D3	Q941D3
Q941D3	Q9LU85
Q96M42	Q96M42
Q99PV3	Q99PV3
Q99PV3	Q9UL63
Q99PV3	O89050
Q9CA45	Q9CA45
Q9CPV2	Q9CPV2
Q9CPV2	Q96DE5
Q9CQM2	Q9CQM2
Q9CQM2	O43731
Q9CQM2	Q99JH8
Q9CQM2	P24390
Q9CQM2	P33947
Q9CQM2	P18414
Q9CY86	Q9CY86
Q9D123	Q9D123
Q9D123	Q86XT9
Q9D311	Q9D311
Q9D311	Q1HG43
Q9D311	Q1HG44
Q9D4Y8	Q9D4Y8
Q9D9R3	Q9D9R3
Q9D9R3	Q9BWV2
Q9FI46	Q9FI46
Q9FJ78	Q9FJ78
Q9FJ78	Q9FGN1
Q9FZ97	Q9FZ97
Q9H1Z8	Q9H1Z8
Q9H1Z8	Q99LS0
Q9HBV1	Q9HBV1
Q9HBV1	Q9ES81
Q9HBV1	Q9ES82
Q9HBV1	Q9ES83
Q9HBV1	Q8NE79
Q9HBV1	Q9HBU9
Q9HBV1	B8Q0B2
Q9HBV1	Q3BCU4
Q9LFT6	Q9LFT6
Q9LFT6	Q9FVW3
Q9LFT6	Q940H7
Q9LFT6	O23512
Q9LFT6	F4I0K9
Q9LFT6	O80474
Q9LFT6	O80475
Q9LFT6	O80476
Q9LFT6	F4IE65
Q9LFT6	F4IMK2
Q9LFT6	O80477
Q9LFT6	Q9FW03
Q9LFT6	F4IMK4
Q9LHH5	Q9LHH5
Q9LHH5	Q9FL48
Q9LK39	Q9LK39
Q9LS68	Q9LS68
Q9LS68	P38604
Q9LS68	Q1G1A4
Q9LS68	P38605
Q9LS68	P53612
Q9LS68	Q9FR95
Q9LS68	P49356
Q9LS68	Q08603
Q9LS68	Q8K2I1
Q9LS68	O23390
Q9LS68	Q9LVY2
Q9LS68	P41992
Q9LS68	P48449
Q9LS68	Q9FI37
Q9LS68	P48450
Q9LS68	Q8BLN5
Q9LS68	Q9SYN1
Q9LS68	P22007
Q9LS68	Q9FJV8
Q9LS68	P20133
Q9LS68	P53609
Q9LS68	P53610
Q9LS68	P53611
Q9LTX4	Q9LTX4
Q9M3C8	Q9M3C8
Q9M879	Q9M879
Q9M879	Q0J7E4
Q9M879	Q9LF05
Q9M879	Q9M880
Q9M879	Q9M881
Q9NRX6	Q9NRX6
Q9P7Y0	Q9P7Y0
Q4V8C8	Q4V8C8
Q4V8C8	Q6P1J9
Q4V8C8	Q8JZM7
Q4VBD2	Q4VBD2
Q4VBD2	P40085
Q4VBD2	F4HVJ3
Q4VBD2	Q6NXT6
Q4VBD2	Q9U3H8
Q4VBD2	O60067
Q4VBD2	Q9VED0
Q52905	Q52905
Q52905	P0A3F4
Q52905	P9WN31
Q52905	Q9ZST4
Q52905	P0AC55
Q52905	P0A9Z1
Q52905	P0A9Z3
Q52905	P0A9Z6
Q52905	Q07428
Q52905	Q55247
Q55418	Q55418
Q59YK4	Q59YK4
Q5FVN1	Q5FVN1
Q5FVN1	Q8C7E7
Q5FVN1	O95210
Q5HFU2	Q5HFU2
Q5M9I5	Q5M9I5
Q5M9I5	P07919
Q5M9I5	O42932
Q5M9I5	A0A096LP55
Q5M9I5	P99028
Q5RL79	Q5RL79
Q5RL79	B2RZC9
Q5SP90	Q5SP90
Q5SP90	Q6P2K6
Q5SP90	Q9VFS5
Q5SP90	Q922R5
Q5SP90	Q6IN85
Q5SP90	Q9Y7J8
Q5T681	Q5T681
Q5T681	Q80Y39
Q5T681	Q6AYN3
Q5T9L3	Q5T9L3
Q5T9L3	Q6DID7
Q5U1Z7	Q5U1Z7
Q5U1Z7	Q9CQ82
Q5XIB5	Q5XIB5
Q5XIB5	Q9JJ89
Q5XIB5	Q9H6F5
Q63425	Q63425
Q63425	O55103
Q63425	Q9BXM0
Q66GS9	Q66GS9
Q66GS9	Q9Z220
Q66GS9	A8ID55
Q66GS9	Q6NY15
Q66GS9	Q9BZW7
Q66GS9	Q6P5D4
Q6AXQ9	Q6AXQ9
Q6AXQ9	Q0G838
Q6AXQ9	A2T2X4
Q6AXQ9	Q9DB07
Q6AY82	Q6AY82
Q6AY82	Q9R0H2
Q6AY82	Q9ULC0
Q6AYX5	Q6AYX5
Q6AYX5	A3KGV1
Q8BMC4	Q8BMC4
Q8BMC4	Q86U38
Q8BXC6	Q8BXC6
Q8BZ60	Q8BZ60
Q8BZ60	Q8CDJ8
Q8BZ60	Q24212
Q8BZ60	Q9Y6Q2
Q8BZ60	Q8WXE9
Q8BZ60	D4AB66
Q8CC21	Q8CC21
Q8CC21	Q6DKK2
Q8CIL4	Q8CIL4
Q8CIL4	Q3KRF3
Q8JZY2	Q8JZY2
Q8JZY2	Q9Y6G5
Q8K194	Q8K194
Q8K194	O74418
Q8K194	Q8WVK2
Q8K2A7	Q8K2A7
Q8N5M9	Q8N5M9
Q8N5M9	Q5XKN4
Q8N6I1	Q8N6I1
Q8N6I1	Q6X7S9
Q8N6I1	Q96D98
Q8N6I1	Q9Y6B2
Q8N9R8	Q8N9R8
Q8N9R8	Q8C8N2
Q8NAC3	Q8NAC3
Q8NBF6	Q8NBF6
Q8NBF6	Q80U56
Q8NEL0	Q8NEL0
Q8NEL0	Q9DAL3
Q8NHR7	Q8NHR7
Q8QZZ9	Q8QZZ9
Q8QZZ9	Q64364
Q8R3J4	Q8R3J4
Q8R3J4	Q96E29
Q8R4U6	Q8R4U6
Q8R4U6	Q00313
Q8R4U6	Q9WUL0
Q8R4U6	O17966
Q8R4U6	P04786
Q8R4U6	Q969P6
Q8R4U6	P07799
Q8R4U6	P11387
Q8R4U6	Q04750
Q8R4U6	P30181
Q8R4U6	P30189
Q8R4U6	Q9FJ79
Q8SY33	Q8SY33
Q8SY33	Q3UHK8
Q8SY33	Q8BKI2
Q8SY33	Q9UPQ9
Q8TBZ0	Q8TBZ0
Q8TBZ0	Q3V125
Q8VCF0	Q8VCF0
Q8VCF0	Q66HG9
Q8VDY9	Q8VDY9
Q8VHW9	Q8VHW9
Q8VHW9	Q9JJV4
Q8VHW9	Q8WXS5
Q8VHW9	Q9D563
Q8VHW9	Q9UBN1
Q8VHW9	O60359
Q8VHW9	Q71RJ2
Q8VHW9	O88602
Q8VHW9	P62955
Q8VHW9	P62956
Q8VHW9	P62957
Q8VHW9	Q8VHW2
Q8VHW9	Q9Y698
Q8VHW9	Q8VHW4
Q8VHW9	B3SHH9
Q8VHW9	Q8VHW5
Q8VHW9	Q8VHX0
Q8VHW9	Q9JJV5
Q8Y6Y9	Q8Y6Y9
Q8Y6Y9	P0AG48
Q8Y6Y9	P0AG49
Q8Y6Y9	B5F6V5
Q8Y6Y9	Q97JL7
Q91WG2	Q91WG2
Q91WG2	Q62835
Q91WG2	Q9H5N1
Q91XC9	Q91XC9
Q91XC9	Q9Y5Y5
Q91YN9	Q91YN9
Q91YN9	O95816
Q922Z0	Q922Z0
Q922Z0	D3ZDM7
Q92535	Q92535
Q92535	O59802
Q92535	O64761
Q93015	Q93015
Q93015	Q9R123
Q96MF4	Q96MF4
Q96MZ4	Q96MZ4
Q96NL6	Q96NL6
Q96NL6	G5E861
Q96NL6	Q8CJ99
Q96P69	Q96P69
Q96SW2	Q96SW2
Q96SW2	Q56AP7
Q96SW2	Q8C7D2
Q97VP5	Q97VP5
Q97ZY7	Q97ZY7
Q99393	Q99393
Q99JP4	Q99JP4
Q99JP4	Q6YDN7
Q99JP4	Q8NHZ8
Q99ML1	Q99ML1
Q99ML1	Q80ZG6
Q99ML1	Q9BXH1
Q9BL47	Q9BL47
Q9LK32	Q9LK32
Q9NP79	Q9NP79
Q9NP79	Q9SZ15
Q9NP79	Q9CR26
Q9NRV9	Q9NRV9
Q9NRV9	Q9R257
Q9NVR0	Q9NVR0
Q9NVR0	Q8CE33
Q9NX04	Q9NX04
Q9P0S3	Q9P0S3
Q9P0S3	Q9CPZ6
Q9P0S3	O42901
Q9P0S3	Q06144
Q9P0S3	P53224
Q9P0S3	Q53FV1
Q9UJW9	Q9UJW9
Q9UST8	Q9UST8
Q9UST8	O70338
Q9UST8	O60930
Q9UST8	Q5BK46
Q9VBX2	Q9VBX2
Q9VBX2	Q9Z223
Q9VBX2	O22827
Q9VBX2	Q99LQ1
Q9VBX2	Q9NS73
Q9VBX2	Q2KF83
Q9VBX2	O96007
Q9VET0	Q9VET0
Q9VK07	Q9VK07
Q9VK07	Q8K245
Q9VMC9	Q9VMC9
Q9VSS2	Q9VSS2
Q9VSS2	Q8BMA6
Q9VSS2	Q20822
Q9VSS2	Q9UHB9
O42928	O42928
O43261	O43261
O59795	O59795
O65573	O65573
O74865	O74865
O94293	O94293
O95567	O95567
O96923	O96923
P00723	P00723
P06911	P06911
P0C879	P0C879
P0CB66	P0CB66
P0CB66	Q9W0P8
P0CB66	A2ABV5
P0CB66	O60244
P0CT08	P0CT08
P0CT08	Q95QW0
P0CT08	Q9VTU4
P0CT08	Q8QZY1
P0CT08	Q9Y262
P14222	P14222
P15590	P15590
P18428	P18428
P18428	P17213
P30647	P30647
P32971	P32971
P34344	P34344
P34615	P34615
P36618	P36618
P38790	P38790
Q3ECP0	Q3ECP0
Q3UZW7	Q3UZW7
Q3UZW7	Q9BUU2
Q3UZW7	A6NEL3
Q3UZW7	Q96AZ1
Q3UZW7	Q8R1C6
Q3UZW7	P40481
Q3UZW7	Q9H867
Q3UZW7	Q9CZ09
Q3UZW7	Q9NVL1
Q3UZW7	O95568
Q3UZW7	Q9UTQ8
Q3UZW7	Q96G04
Q3UZW7	Q4KM84
Q3UZW7	P0C5J1
Q41951	Q41951
Q41951	P41181
Q41951	Q08451
Q41951	Q92482
Q41951	Q8VZW1
Q41951	O14520
Q41951	Q9ZVX8
Q41951	P56402
Q41951	Q8W036
Q41951	Q9FIZ9
Q41951	P06624
Q41951	P56403
Q41951	P93004
Q41951	P43549
Q41951	P56404
Q41951	Q9XF58
Q41951	Q6RZ07
Q41951	Q9XF59
Q41951	Q8LFP7
Q41951	Q39196
Q41951	Q9FF53
Q41951	Q9WTY4
Q41951	P56405
Q41951	Q40746
Q41951	Q9FY14
Q41951	O94778
Q41951	Q9JJJ3
Q41951	P08995
Q41951	P30301
Q41951	P51180
Q41951	Q06611
Q41951	P30302
Q41951	Q0DK16
Q41951	Q9STX9
Q41951	P23645
Q41951	P23900
Q41951	O77750
Q41951	P55064
Q41951	O43315
Q41951	Q19KC1
Q41951	P23958
Q41951	Q9P7T9
Q41951	Q02013
Q41951	Q13520
Q41951	P47863
Q41951	Q0IWF3
Q41951	Q9AT74
Q41951	P47864
Q41951	P61837
Q41951	Q9ZV07
Q41951	Q41870
Q41951	Q9ATM4
Q41951	P43286
Q41951	Q9SV31
Q41951	Q9ATM5
Q41951	P43287
Q41951	O64964
Q41951	Q9ATM6
Q41951	P50156
Q41951	Q9ATM7
Q41951	P29972
Q41951	P34080
Q41951	P55087
Q41951	P56627
Q41951	Q9ATM8
Q41951	Q9M1K3
Q41951	P29975
Q41951	P55088
Q41951	Q9AQU5
Q41951	Q9ATN2
Q499B3	Q499B3
Q499B3	A2RSY1
Q499B3	Q3KR73
Q499B3	Q9P2N6
Q4QQS3	Q4QQS3
Q4QQS3	Q8WVF1
O97944	O97944
O97944	P02663
O97944	P02664
O97944	Q8CGR3
O97944	Q02862
O97944	P39036
P08411	P08411
P0DOE7	P0DOE7
P9WQF1	P9WQF1
Q8AZK7	Q8AZK7
Q94BS2	Q94BS2
Q94CL6	Q94CL6
Q94CL6	Q9CYQ7
Q94CL6	Q9H6Q4
Q94CL6	P23503
Q94CL6	Q7TMW6
Q96DC9	Q96DC9
Q96DC9	Q9CQX0
Q96DC9	B2RYG6
Q96DC9	Q7TQI3
Q96DC9	Q96FW1
Q96DC9	Q9XVR6
Q96J77	Q96J77
Q96J77	O43399
Q96J77	Q6PCT3
Q96J77	Q9CYZ2
Q96J77	P55326
Q96J77	Q16890
Q96J77	O54818
Q96Q80	Q96Q80
Q96Q80	Q9GZP9
Q96Q80	Q4G2J6
Q96Q80	Q99J56
Q96Q80	Q9BUN8
Q99MU1	Q99MU1
Q99MU1	Q86W33
Q9BQI4	Q9BQI4
Q9BQI4	Q9D6Y1
Q9BVM4	Q9BVM4
Q9BVM4	Q9W0Y1
Q9BVM4	Q9M8T3
Q9C8F1	Q9C8F1
Q9C8F1	P55010
Q9C8F1	Q9CQC6
Q9C8F1	Q6P7P5
Q9C8F1	Q7L1Q6
Q9C8F1	Q97W59
Q9C8F1	Q55504
Q9C8F1	P41035
Q9C8F1	Q9Y6E2
Q9C8F1	Q04KU2
Q9C8F1	Q22918
Q9C8F1	Q9VXK6
Q9C8F1	P87163
Q9C8F1	P0A9D8
Q9C8F1	Q8X8Y7
Q9C8F1	Q99L45
Q9C8F1	P41375
Q9C8F1	Q8Y8A1
Q9C8F1	P20042
Q9C8F1	P56287
Q9C8F1	Q9VNE2
Q9C8F1	P14192
Q9C8F1	P56329
Q9C8F1	Q09689
Q9C8F1	Q4JA57
Q9C8F1	Q8CHW4
Q9C8F1	Q64350
Q9C8F1	Q9WTT7
Q9C8F1	Q91VK1
Q9C8F1	P40892
Q9C8F1	P38431
Q9C8F1	O34981
Q9C8F1	Q13144
Q9C8F1	P32501
Q9C8F1	P09064
Q9C8F1	P59325
Q9C8F1	Q07205
Q9C8F1	Q83IY3
Q9C8F1	P55876
Q9C8F1	Q9S825
Q9CPW5	Q9CPW5
Q9CPW5	P43308
Q9CQP8	Q9CQP8
Q9CQP8	Q9NTU4
Q9D387	Q9D387
Q9D387	Q9UJQ1
Q9D531	Q9D531
Q9D531	P97346
Q9D531	Q6DKJ4
Q9D531	Q96CM4
Q9D9S2	Q9D9S2
Q9DCV6	Q9DCV6
Q9DCV6	Q94C27
Q9DCV6	Q14154
Q9FEC1	Q9FEC1
Q9FFF3	Q9FFF3
Q9FGI6	Q9FGI6
Q9FGI6	Q91VD9
Q9FGI6	Q66HF1
Q9FGI6	Q94511
Q9FGI6	Q7UC56
Q9FGI6	A0A1D8PU51
Q9FHK4	Q9FHK4
Q9FJ80	Q9FJ80
Q9FJW4	Q9FJW4
Q9FJW4	Q9CXZ1
Q9FJW4	Q9VWI0
Q9FJW4	Q02375
Q9FJW4	P25711
Q9FJW4	O43181
Q9FMU2	Q9FMU2
Q9FNP8	Q9FNP8
Q9FNP8	P39018
Q9FNP8	P39019
Q9FNP8	Q9SGA6
Q9FNP8	O18650
Q9FNP8	P17074
Q9FNP8	Q9CZX8
Q9FNP8	A0A1D8PK61
Q9FNP8	Q9LF30
Q9FNP8	P79016
Q9FNP8	P58234
Q9FNP8	P07280
Q9FNP8	P07281
Q9FQ09	Q9FQ09
O13803	O13803
O13936	O13936
O13936	O80770
O13936	Q5ALX3
O13936	Q9STN3
O13936	Q21338
O13936	P27692
O13936	Q9DDT5
O13936	O55201
O13936	Q9V460
O13936	F4JW79
O14079	O14079
O14204	O14204
O25879	O25879
O25879	P0AGA2
O25879	P0AGA4
O25879	P0AGA5
O31663	O31663
O31663	Q9C6D2
O35004	O35004
O35972	O35972
O35972	Q16540
O42874	O42874
O42998	O42998
O59753	O59753
O59753	P23025
O59753	P28518
O59753	P28519
O59753	Q64267
O74395	O74395
O74395	P38731
O74395	Q08299
O74395	P25596
O74395	P39980
O74395	P36173
O74395	P38724
O74395	O94607
O88480	O88480
O88480	Q9Y6J0
O88741	O88741
O88741	Q8VE33
O88741	Q96MZ0
O88741	Q8TB36
O95157	O95157
O95157	Q9Z2N4
O95157	Q9Z2N5
O95157	Q91VX5
O95157	Q63366
O95157	P58417
O95157	O95156
O95373	O95373
O95373	Q9EPL8
O95373	O59809
O95373	F4J738
O95373	F4IRR2
O95373	A5WW24
O95373	O15397
O95373	Q7TMY7
P00430	P00430
P00430	P17665
P00430	P15954
P00430	P80432
P54797	P54797
P54797	Q6ICL3
P56759	P56759
P59942	P59942
P82538	P82538
P92550	P92550
Q01306	Q01306
Q04223	Q04223
Q07895	Q07895
Q08976	Q08976
Q0P3P8	Q0P3P8
Q0P3P8	P05429
Q0P3P8	P37255
Q0P3P8	P56777
Q0P3P8	P0C364
Q10295	Q10295
Q10295	Q68ED3
Q10295	Q9LMT2
Q10295	P53632
Q10295	Q7KVS9
Q10295	O74518
Q10295	P51003
Q10295	Q9UTN3
Q10295	G5EFL0
Q10295	P29468
Q10295	P48561
Q10295	Q9BWT3
Q10295	Q61183
Q10295	Q6PCL9
Q10295	Q9VC07
Q10477	Q10477
Q12247	Q12247
Q14BK3	Q14BK3
Q21227	Q21227
Q21227	P70478
Q21227	Q9Z1K7
Q21227	O95996
Q21227	Q61315
Q21227	P25054
Q2TAA8	Q2TAA8
Q2TAA8	Q99P25
Q2V4N5	Q2V4N5
Q32ZH2	Q32ZH2
Q38CB5	Q38CB5
Q3E815	Q3E815
Q3U3S3	Q3U3S3
Q3U3S3	Q8N0S6
Q3U3S3	Q3ZAU7
Q43654	Q43654
Q43654	Q0DDE3
Q43654	Q9FNF2
Q43654	Q9Y704
Q43654	F4IAG2
Q43654	P27736
Q43654	Q9USK8
Q43654	Q9Y719
Q43654	Q0WVX5
Q43654	A0A0P0XCU3
Q43654	Q9MAC8
Q499M7	Q499M7
Q499M7	Q8CDD9
Q4VCM1	Q4VCM1
Q8CES1	Q8CES1
P03345	P03345
P08563	P08563
P0DOF8	P0DOF8
Q5XVG3	Q5XVG3
Q94AL8	Q94AL8
Q94AL8	F4I1G5
Q94JU3	Q94JU3
Q94JU3	Q8BV13
Q94JU3	Q9UBW8
Q94JU3	Q9V4S8
Q94JU3	Q9CZ04
Q94JU3	Q9H9Q2
Q969D9	Q969D9
Q96J86	Q96J86
Q96J86	Q8VIH7
Q96MC2	Q96MC2
Q96MC2	Q5XI65
Q96MC2	Q3USS3
Q99KF1	Q99KF1
Q99KF1	P54837
Q99KF1	P53198
Q99KF1	Q9Y3A6
Q99KF1	Q9Y3A6
Q99KF1	Q05359
Q99KF1	Q9Y3B3
Q99KF1	Q9Y3Q3
Q99KF1	Q9BVK6
Q99KF1	Q15363
Q99KF1	Q9LJV9
Q99KF1	P49755
Q99KF1	Q13445
Q99KF1	Q78IS1
Q99KF1	Q9D1D4
Q99KF1	Q12450
Q99KF1	Q7Z7H5
Q99SZ7	Q99SZ7
Q99SZ7	P9WGK1
Q99SZ7	P9WGK3
Q99SZ7	P13799
Q9BQM9	Q9BQM9
Q9C6A1	Q9C6A1
Q9C9K5	Q9C9K5
Q9C9K5	Q9C999
Q9C9K5	Q9SHL8
Q9CQR2	Q9CQR2
Q9CQR2	Q3E754
Q9CQR2	P0C0V8
Q9CQR2	Q9P844
Q9CQR2	A0A1D8PCG7
Q9CQR2	P05765
Q9CQR2	P49197
Q9CQR2	P05764
Q9CQR2	P63221
Q9CQR2	P63220
Q9D534	Q9D534
Q9D534	Q96GY0
Q9D534	Q5TFG8
Q9D534	Q8CCG1
Q9D534	Q8BJH1
Q9D534	Q22122
Q9DCX8	Q9DCX8
Q9FFF4	Q9FFF4
Q9FGJ3	Q9FGJ3
Q9FGJ3	Q642A5
Q9FGJ3	O23310
Q9FGJ3	O14348
Q9FGJ3	Q9SIT9
Q9FGJ3	Q9SLG0
Q9FGJ3	P25209
Q9FGJ3	P49592
Q9FGJ3	Q9VJQ5
Q9FGJ3	P25208
Q9FGJ3	P63139
Q9FGJ3	Q9NRF9
Q9FGJ3	Q01658
Q9FGJ3	Q5XI68
Q9FGJ3	Q92317
Q9FGJ3	Q9JKP7
Q9FGJ3	Q91WV0
Q9FIJ4	Q9FIJ4
Q9FMV1	Q9FMV1
Q9FMV1	Q9SMN1
Q9FNC9	Q9FNC9
Q9GZM3	Q9GZM3
Q9GZM3	Q9H1A7
Q9GZM3	P28000
Q9GZM3	P0DPB6
Q9GZM3	P34476
Q9GZM3	P97304
Q9GZM3	P52435
Q9GZM3	Q09177
Q9JKW0	Q9JKW0
O34633	O34633
O35019	O35019
O35298	O35298
O35841	O35841
O35841	Q9BZZ5
O35841	Q9V431
O42881	O42881
O42881	Q9WTL7
O42881	Q9QYL8
O42881	O95372
O42881	P97823
O42881	P70470
O42881	Q3UFF7
O42881	Q5VWZ2
O42881	Q12354
O42881	O75608
O43670	O43670
O59757	O59757
O70326	O70326
O70326	O35793
O70326	Q9H772
O70326	O95813
O70326	O55233
O70326	O88273
O70326	O60565
O70326	Q8N907
O74161	O74161
O74161	Q92357
O74161	Q12114
O75128	O75128
O75128	D3ZUI5
O75128	E7F568
O75128	Q5NBX1
O75618	O75618
O75618	Q9Z1L3
P00961	P00961
P00961	Q83J38
P02763	P02763
P02763	P19652
P02763	Q63805
P02763	P07361
P03930	P03930
P03930	P11608
P03930	P03928
P04906	P04906
P04906	O74173
P04906	P29547
P04906	Q4V8E6
P04906	Q8R5I6
P04906	Q9U1Q4
P04906	P29546
P04906	Q21355
P04906	P09210
P04906	P24534
P04906	P37465
P04906	P56192
P04906	B1XP90
P04906	P09211
P04906	P15626
P04906	P19639
P04906	P57113
P04906	P78590
P04906	Q04JB0
P04906	Q72JG7
P04906	Q9Z1Q9
P04906	P28350
P04906	Q499X9
P04906	Q9SI20
P04906	Q9ZRT5
P04906	O75005
P04906	Q6MG21
P04906	Q8BU30
P04906	Q97ES0
P04906	Q97WE6
P04906	O60760
P04906	P09488
P04906	P30711
P04906	Q68FR9
P04906	Q9ZRW8
P04906	O14055
P04906	P14942
P04906	P26637
P04906	P30713
P04906	Q15031
P04906	Q55522
P04906	Q8BYM8
P04906	F4IA73
P04906	O13651
P04906	P10857
P04906	Q9SVN5
P04906	Q9UUF2
P04906	A0R7H5
P04906	P49589
P04906	Q06752
P04906	Q10490
P04906	Q61133
P04906	Q7RTV2
P04906	Q9ZW27
P04906	Q29387
P04906	Q40680
P04906	O80852
P04906	P54577
P04906	Q4JCA6
P04906	F4IPY2
P04906	F4JLM5
P04906	Q40682
P04906	P11325
P04906	P26640
P04906	P32471
P04906	Q5HFA8
P04906	Q6AXY0
P04906	Q9P6K7
P04906	Q09996
P04906	Q96WL3
P04906	P21888
P04906	P26641
P04906	Q8BMJ2
P04906	Q8PVK0
P04906	P91253
P04906	Q4KM49
P04906	P17922
P04906	P34460
P04906	P46425
P04906	P48526
P04906	Q09860
P04906	B5BP46
P04906	Q9CAS6
P04906	Q9ZW24
P04906	A4FR54
P04906	P46439
P04906	P75258
P04906	Q3K2S4
P04906	Q8Y5N8
P04906	Q9ZW26
P04906	O43708
P04906	P12262
P04906	P34826
P04906	Q9U2H9
P04906	P12653
P04906	O70251
P04906	P00502
P04906	P46672
P04906	Q3K3G5
P04906	Q9NSE4
P04906	F4KE63
P04906	O04487
P04906	Q96X43
P04906	Q9C8M3
P04906	A1KKH3
P04906	A6IPG1
P04906	P31230
P04906	Q4J8J7
P04906	Q55729
P04906	O09131
P04906	P73505
P04906	Q5SJ45
P04906	Q9P2J5
P04906	O96827
P04906	Q9FVT2
P04906	P78417
P04906	Q3K6L5
P04906	Q45477
P04906	Q5HGN8
P04906	Q8ILQ7
P04906	Q91WQ3
P04906	Q9Z339
P04906	P10299
P04906	P42761
P04906	P07806
P04906	P48774
P04906	Q7KN90
P04906	Q80W21
P04906	P22438
P04906	Q9FHE1
P04906	P10648
P04906	Q9UXB1
P04906	Q9YGQ1
P04906	Q9Z1B2
P04906	P10649
P04906	P58176
P04906	Q8BIJ6
P04906	P46422
P04906	Q9SLM6
P04906	P23202
P04906	P30115
P04906	P53852
P04906	P54412
P04906	Q16772
P04906	Q9WVL0
P04906	O80662
P04906	Q9GRF8
P04906	Q9LZI9
P04906	O35660
P04906	P0CG30
P04906	P0CG29
P04906	Q68FL6
P04906	Q8YAB1
P04906	Q97ZK9
P04906	Q09828
P04906	Q9D4P7
P04906	Q9JHF7
P04906	Q9LQ48
P04906	Q9N0V4
P04906	P73274
P04906	P74296
P04906	Q9D8N0
P04906	Q68FR6
P04906	Q9VL18
P04906	P04907
P04906	P13745
P04906	Q03013
P04906	Q83L36
P04906	P08009
P04906	P08263
P04906	P28161
P04906	P36008
P04906	Q20970
P04906	Q83IM5
P04906	Q9ER72
P04906	B3LFA4
P04906	Q3U2A8
P04906	Q9ZTS1
P04906	P08010
P04906	P09436
P04906	P21266
P04906	P36421
P04906	P42936
P04906	P46215
P04906	Q5E983
P04906	P29412
P04906	Q9SCX3
P04906	A5D989
P04906	Q8Y6X9
P04906	Q9M9F1
P04906	O15217
P04906	P00956
P04906	Q83MH2
P04906	P04903
P04906	Q05873
P04906	Q5HF16
P04906	Q96266
P04906	F4HWL4
P04906	P24472
P04906	P00958
P04906	P04904
P04906	P36430
P04906	Q04462
P04906	Q83LX5
P04906	Q96GW9
P04906	Q9L0Q6
P04906	P29522
P04906	Q9FUS6
P04906	P00959
P04906	P04905
P04906	P19157
P04906	Q5BK56
P04906	Q9HA77
P04906	P40921
P04906	Q9CA57
P04906	O33768
P04906	Q46845
P04906	Q4JBP0
P04906	P29545
P04906	P48006
P04906	Q9XIF8
Q06330	Q06330
Q06330	O08674
Q06330	Q9UBG7
Q06330	P31266
Q07684	Q07684
Q08580	Q08580
Q08754	Q08754
Q08754	Q05029
Q08754	P87317
Q0P885	Q0P885
Q0WMN5	Q0WMN5
Q10937	Q10937
Q12072	Q12072
Q12297	Q12297
Q12418	Q12418
Q12522	Q12522
Q12522	O94476
Q12522	Q59L13
Q12522	O62106
Q12522	P38619
Q12522	P56537
Q12522	O22290
Q12522	Q3KRD8
Q12522	O55135
Q12522	Q9M060
Q13868	Q13868
Q13868	P38792
Q13868	Q8VBV3
Q14181	Q14181
Q14181	O89043
Q14181	P33611
Q14353	Q14353
Q14353	P10868
Q14353	O35969
Q149C2	Q149C2
Q149C2	Q5XIN3
Q17426	Q17426
Q20496	Q20496
Q20496	O14224
Q20496	Q12434
Q20496	Q99819
Q20496	P52565
Q20496	P52566
Q20496	Q95UQ1
Q20496	Q5XI73
Q20496	Q99PT1
Q20496	Q61599
Q20496	Q9SFC6
Q27395	Q27395
Q2M7R5	Q2M7R5
Q2YD98	Q2YD98
Q2YD98	D3ZND0
Q2YD98	Q9D479
Q32MW3	Q32MW3
Q32MW3	Q9Y305
Q32MW3	Q9R0X4
Q39251	Q39251
Q39251	O49606
Q39251	P45591
Q39251	Q5G6V9
Q39251	Q9Y281
Q39251	Q6IBS0
Q39251	P45592
Q39251	P18760
Q39251	P23528
Q39251	Q5RJR2
Q39251	P45594
Q39251	Q03048
Q39251	Q91YR1
Q39251	Q9R0P5
Q39251	P21566
Q39251	P60982
Q39251	P60981
Q39251	Q9ZSK3
Q39251	Q9ZSK4
Q39251	P46251
Q39251	Q9VFM9
Q39251	Q9AY76
Q39251	Q7M0E3
Q39251	P0DJ27
Q39251	P0DJ26
Q39251	P78929
Q39251	Q07750
Q39251	P18359
Q39251	P10668
Q39251	Q9Z0P5
Q39251	Q966T6
Q39251	Q39250
Q39251	Q43694
Q3E752	Q3E752
Q3TAP4	Q3TAP4
Q3TAP4	Q2VPB7
Q3TXT3	Q3TXT3
Q3TXT3	Q9NRY2
Q3U129	Q3U129
Q3UN16	Q3UN16
Q3UN16	Q6NV75
Q3UN16	Q8K0Z9
Q3UN16	Q16538
Q3URQ7	Q3URQ7
Q3URQ7	Q2M296
Q3UUX7	Q3UUX7
Q3UUX7	Q504U0
Q49AR2	Q49AR2
Q49AR2	Q8BGC1
Q4J904	Q4J904
Q4JAF9	Q4JAF9
Q5BJE1	Q5BJE1
Q5HF31	Q5HF31
Q5I0L7	Q5I0L7
Q5I0L7	Q9D1R2
Q5I0L7	Q96EK9
Q5M9N4	Q5M9N4
Q5M9N4	Q14442
Q5RJP9	Q5RJP9
Q5RJP9	Q4V9W2
Q5RJP9	Q84Y18
Q5RJP9	Q8N9Q2
Q5TA50	Q5TA50
Q5TA50	A6NH11
Q5VT66	Q5VT66
Q5VT66	Q14CH1
Q5VT66	Q9VRA2
Q5VT66	Q9C5X8
Q5VT66	Q922Q1
Q5VT66	Q9CW42
Q5VT66	Q969Z3
Q5VT66	Q96EN8
Q5VT66	O88994
Q7Z3D6	Q7Z3D6
Q80X32	Q80X32
Q80X32	Q7Z6I8
Q80YQ2	Q80YQ2
Q80YQ2	Q5EB59
Q80YQ2	Q9ULK4
Q83LY3	Q83LY3
Q83LY3	P0AEI3
Q83LY3	Q9VGZ1
Q83LY3	Q7K4W1
Q83LY3	P73127
Q83LY3	Q91WE6
Q83LY3	Q5VV42
Q83LY3	Q96SZ6
Q86UA6	Q86UA6
Q86UA6	Q9CWY9
Q86UA6	Q4G2Y1
Q86WS4	Q86WS4
Q86WS4	A0A087WRU1
Q86YV9	Q86YV9
Q86YV9	Q8BLY7
Q8BGN2	Q8BGN2
Q8BHG9	Q8BHG9
Q8BHG9	Q9UFW8
Q8BJY1	Q8BJY1
Q8BJY1	Q16401
Q8C3S2	Q8C3S2
Q8C3S2	Q9C0B7
Q8C6L5	Q8C6L5
Q8C6L5	Q8N884
Q8CC86	Q8CC86
Q8CC86	Q6XQN6
Q8CDJ3	Q8CDJ3
Q8CDJ3	D4A4K3
Q8CDJ3	Q6ZNE5
Q8CJG1	Q8CJG1
Q8CJG1	Q9UL18
Q8CJG1	Q9HCK5
Q8CJG1	Q9VUQ5
Q8CJG1	Q9SHF2
Q8CJG1	Q9SHF3
Q8CJG1	Q9H9G7
Q8CJG1	Q3E984
Q8CJG1	O76922
Q8CJG1	Q9C793
Q8CJG1	Q9SDG8
Q8CJG1	Q9ZVD5
Q8CJG1	Q9VKM1
Q8CJG1	Q8TC59
Q8CJG1	Q9UKV8
Q8CJG1	Q7Z3Z4
Q8CJG1	P34681
Q8CJG1	Q96J94
Q8CJG1	O61931
Q8CJG1	Q9JMB7
Q8CJG1	Q9SJK3
Q8CJG1	Q0JF58
Q8CJG1	Q9XGW1
Q8CJG1	Q8CDG1
Q8CJG1	Q8CJF8
Q8CJG1	O04379
Q8CJG1	Q8CJF9
Q8CJG1	Q8CJG0
Q8CJG1	Q9QZ81
Q8CJG1	O48771
Q8GZA4	Q8GZA4
Q8I6U8	Q8I6U8
Q8IPU5	Q8IPU5
Q8IV42	Q8IV42
Q8IV42	Q8BP74
Q8IYK2	Q8IYK2
Q8IYK2	Q9D4K7
Q8IYK2	Q4V7B5
Q8J0M4	Q8J0M4
Q8K003	Q8K003
Q8K003	Q9Y2S6
Q8K003	Q9XZS3
Q8K003	A0A024R1R8
Q8K003	Q20588
Q8K003	Q3E764
Q96EV8	Q96EV8
Q96EV8	Q91WZ8
Q96EV8	Q9CZ00
Q96EV8	Q9CRD4
Q96EV8	Q5M831
Q96EV8	Q5M834
Q96FF9	Q96FF9
Q96FF9	Q9CPY3
Q96HR8	Q96HR8
Q96HR8	P53919
Q96HR8	Q52KK4
Q96HR8	O14360
Q96HR8	Q9VJ62
Q96IU4	Q96IU4
Q96IU4	Q922Q6
Q96IU4	Q8VCR7
Q96IU4	Q9BUJ0
Q96M15	Q96M15
Q96N16	Q96N16
Q96N16	Q5DTN8
Q96N16	Q96AA8
Q96N16	Q5VZ66
Q96N16	Q8BVL9
Q96N16	Q3SWS9
Q99247	Q99247
Q99417	Q99417
Q99550	Q99550
Q99750	Q99750
Q99750	Q8BX65
Q99750	P70331
Q99KU6	Q99KU6
Q99M08	Q99M08
Q99M08	Q498U0
Q9BSF0	Q9BSF0
Q9BSF0	Q9CPS8
Q9BT67	Q9BT67
Q9BT67	Q9NV92
Q9BT67	Q8R0W6
Q9BT67	Q91ZP6
Q9BW61	Q9BW61
Q9BW61	Q9D9Z5
Q9BXU2	Q9BXU2
Q9BXU2	Q9BXU3
Q9BXU2	D3YU32
Q9BXU2	A2AFS9
Q9BXU2	A0A0J9YWL9
Q9BXU2	A0A0J9YY54
Q9C0D2	Q9C0D2
Q9C0D2	A4L9P8
Q9C0D2	Q8BQ48
Q9C0D2	Q96MC4
Q9C0D2	Q497N6
Q9C103	Q9C103
Q9CPQ8	Q9CPQ8
Q9CPQ8	O75964
Q9CQ22	Q9CQ22
Q9CQ22	Q6IAA8
Q9CQ22	Q6P791
Q9CQX8	Q9CQX8
Q9CQX8	P82909
Q9CR80	Q9CR80
Q9CR80	B2RYG1
Q9CR80	Q92363
Q9CR80	Q9Y421
Q9CTN8	Q9CTN8
Q9CWR7	Q9CWR7
Q9CWR7	Q8CI59
Q9CWR7	Q9UHE8
Q9CWR7	Q4V8K1
Q9CWR7	Q923B6
Q9CWR7	Q658P3
Q9CWR7	Q8NFT2
Q9CWR7	Q8BWB6
Q9CWR7	Q5RKL5
Q9CWR7	Q687X5
Q9CZB6	Q9CZB6
Q9CZB6	O60104
Q9CZB6	Q08278
Q9CZB6	A3LZW1
Q9CZB6	O43513
Q9D0R8	Q9D0R8
Q9D0R8	Q3MHD2
Q9D0R8	Q9VYR0
Q9D385	Q9D385
Q9D385	Q95Y36
Q9D385	Q4V8C5
Q9D385	Q8C6E0
Q9D385	Q96G28
Q9D385	Q9Y2Y0
Q9D385	Q4V8E4
Q9D489	Q9D489
Q9D489	Q9NX45
Q9D489	Q6IUP1
Q9DB28	Q9DB28
Q9UGJ1	Q9UGJ1
Q9UGJ1	Q9M350
Q9UGJ1	Q9D4F8
Q9UJA5	Q9UJA5
Q9UJA5	Q8CE96
Q9UJX6	Q9UJX6
Q9UJX6	Q8BZQ7
Q9ULD6	Q9ULD6
Q9ULD6	Q059U7
Q9ULD6	D4ACE5
Q9USU8	Q9USU8
Q9UTA6	Q9UTA6
Q9V3C1	Q9V3C1
Q9VD73	Q9VD73
Q9VEX5	Q9VEX5
Q9VEX5	Q8QZV7
Q9VEX5	Q9NVM9
Q9VMD9	Q9VMD9
Q9VSZ6	Q9VSZ6
Q9VYY2	Q9VYY2
Q9VYY2	Q9CYN2
Q9VYY2	Q15005
Q9Y613	Q9Y613
Q9Y613	Q6P9Q4
Q9Y613	Q76LL6
Q9Y6X3	Q9Y6X3
Q9Y6X3	Q9D2X5
A2CEI4	A2CEI4
A2CEI4	Q99567
A2CEI4	O08658
A2CEI4	Q8CEC0
A6NGU7	A6NGU7
P05790	P05790
P0C6T2	P0C6T2
P0CD60	P0CD60
P22858	P22858
P22858	P12272
P23610	P23610
P28320	P28320
P28320	Q9BW85
P28320	O60141
P28320	Q32PZ9
P28320	Q9D516
P28320	P13994
P28320	Q9D6J3
P28320	Q9P7C5
P32375	P32375
P32375	Q94AP0
P34096	P34096
P34096	P07998
P34096	P03950
P34096	Q9H1E1
P34096	P12724
P34096	P21570
P34096	Q64438
P34096	P00684
P34096	Q8VD88
P34096	Q8VD89
P34351	P34351
P34625	P34625
P40014	P40014
P48613	P48613
P53146	P53146
P53835	P53835
P54803	P54803
P63248	P63248
P63248	P27775
P63248	Q9Y2B9
P63248	P61925
P63248	Q04758
P63248	O70139
P82610	P82610
P82610	P05694
P82610	O50008
P82610	P80877
P82610	Q5HIT8
P82610	Q9UT19
P82610	P25665
P82610	Q0WNZ5
P82610	Q9SRV5
P82610	P42318
P82610	Q2QLY4
P82610	P42319
P82610	Q2QLY5
P82610	A1KHS4
P82610	P9WK07
P83829	P83829
P83829	O35594
P83829	Q8WYA0
P92553	P92553
Q02888	Q02888
Q03400	Q03400
Q03400	Q03400
Q08984	Q08984
Q0ZLH2	Q0ZLH2
Q0ZLH2	Q9Z2D3
Q0ZLH2	Q0ZLH3
Q0ZLH2	O60443
Q10148	Q10148
Q10301	Q10301
Q10E49	Q10E49
Q10E49	Q5BJP9
Q10E49	Q5SRE7
Q10E49	Q9ZVF6
Q10E49	O35386
Q10E49	O14832
Q10E49	P57093
Q10E49	Q9DB26
Q12253	Q12253
Q12253	P40100
Q12506	Q12506
Q17423	Q17423
Q1ENB6	Q1ENB6
Q1ENB6	P0AC15
Q1ENB6	P0AC13
Q1ENB6	Q4LB35
Q1ENB6	P53848
Q21244	Q21244
Q21244	Q17856
Q21244	Q19832
Q21244	P53017
Q21244	Q23519
Q21244	P53018
Q21244	P53020
Q21244	Q18461
Q21244	P05634
Q21244	Q9TVW5
Q21244	Q94053
Q23462	Q23462
Q23462	A0A0R4IWG9
Q23462	Q96QF7
Q39161	Q39161
Q3E833	Q3E833
Q3U481	Q3U481
Q3U481	Q6NUT3
Q3V037	Q3V037
Q3V037	Q5TEZ5
Q4VP04	Q4VP04
P00513	P00513
P09258	P09258
P0DPS6	P0DPS6
P0DPS6	A0A0H3MGR4
Q01403	Q01403
Q01403	Q9WMX2
Q01403	Q99IB8
Q01403	P26662
Q01403	P26663
Q01403	P27958
Q94CL9	Q94CL9
Q94CL9	Q0WNX9
Q94CL9	Q9FKB5
Q94CL9	Q283L0
Q9P2X7	Q9P2X7
Q9P7F2	Q9P7F2
Q9P7F2	O42890
Q9QZL9	Q9QZL9
Q9QZL9	Q9UK85
Q9SJ50	Q9SJ50
Q9SJ50	F4IHL3
Q9SJP6	Q9SJP6
Q9SJP6	Q9XI81
Q9SXY0	Q9SXY0
Q9SXY0	Q9QWF0
Q9SXY0	B2ZX90
Q9SXY0	A0JMK9
Q9SYQ0	Q9SYQ0
Q9USJ7	Q9USJ7
Q9USW8	Q9USW8
Q9UUA0	Q9UUA0
Q9V9Y9	Q9V9Y9
Q9VM09	Q9VM09
Q9Z0L6	Q9Z0L6
Q9Z0L6	P01270
O74843	O74843
O75787	O75787
O75787	Q9CYN9
O75896	O75896
O75896	Q9WVF8
O82188	O82188
O88942	O88942
O88942	Q12968
O88942	O94916
O88942	P97305
O88942	O77638
O88942	Q8K120
O88942	A0A0G2JTY4
O88942	Q9WV30
O88942	D3ZGB1
O88942	Q60591
O88942	D3Z9H7
O94441	O94441
O94591	O94591
O94724	O94724
O94829	O94829
O94829	Q9JM04
O96006	O96006
P00406	P00406
P00406	P21534
P00406	P00410
P00406	P00403
P00406	P00405
P01282	P01282
P01282	P55095
P01282	P18509
P01282	P16043
P01282	Q06145
P01282	P09681
P01282	P01275
P01282	P01283
P01282	P01286
P01282	P06883
P02652	P02652
P02652	P09813
P02752	P02752
P02752	Q9BSG5
P02752	P14207
P02752	A6ND01
P07702	P07702
P07702	P40976
P08019	P08019
P09190	P09190
P09810	P09810
P09810	P00439
P09810	P07101
P09810	P17532
P09810	Q8CGU9
P09810	Q8CGV2
P09810	P17289
P09810	P17752
P09810	P90986
P09810	P04176
P09810	Q8IWU9
P09810	P04177
P09810	P16331
P09810	P18459
P09810	P24529
P0A6Q3	P0A6Q3
P0ABP8	P0ABP8
P0ABP8	B7UR12
P0ACB9	P0ACB9
P0AEU7	P0AEU7
P0AFJ1	P0AFJ1
P30651	P30651
P32680	P32680
P33338	P33338
P34077	P34077
P34077	O94418
P34232	P34232
P36067	P36067
P36118	P36118
P36159	P36159
P38216	P38216
P38216	Q9H1C7
P38216	Q12489
P38634	P38634
P38771	P38771
P39011	P39011
P39107	P39107
P39107	O74745
P39107	P32629
P39107	P23642
P39923	P39923
P40156	P40156
P40988	P40988
P40988	Q9HFE1
P42296	P42296
P42588	P42588
P42588	A6QHK1
P42588	P30949
P42588	Q4JAM7
P42588	Q64565
P42588	Q9P7L5
P42588	Q55665
P42588	P18544
P42588	Q18040
P42588	P61922
P42588	P80404
P42588	Q8X4V5
P42588	Q3UEG6
P42588	Q8TBG4
P42588	Q9FNK4
P42588	P07991
P42588	P29758
P42588	Q42522
P42588	Q8IUZ5
P42588	Q821C1
P42588	P23893
P42588	Q8R1K4
P42588	Q9BYV1
P42588	P04181
P42588	P9WMN9
P42588	A1KG00
P42588	P04182
P42588	B0VU92
P42588	P42799
P42588	Q21217
P42588	Q9SR86
P42588	P38021
P42588	P17649
P43586	P43586
P45545	P45545
P46695	P46695
P46695	P46694
P47115	P47115
Q12124	Q12124
Q12291	Q12291
Q12359	Q12359
Q12359	O14201
Q12359	P32907
Q12359	P25613
Q12517	Q12517
Q13439	Q13439
Q13439	Q91VW5
Q13439	Q5U4E6
Q13536	Q13536
Q14331	Q14331
Q14331	P97376
Q147U7	Q147U7
Q21502	Q21502
Q22557	Q22557
Q22557	Q9H040
Q22557	D3ZVU1
Q22557	G3X912
Q2PZI1	Q2PZI1
Q2PZI1	D4AD75
Q2PZI1	Q6NUT2
Q2PZI1	P0CW70
Q2PZI1	Q6ZPD9
Q2PZI1	Q7Z388
Q2PZI1	A6X919
Q2PZI1	Q71B07
Q3E6R5	Q3E6R5
Q3SYF9	Q3SYF9
Q3SYF9	Q925H2
Q3SYF9	Q925H6
Q3SYF9	O08632
Q3SYF9	Q925H7
Q3SYF9	Q3LI63
Q3SYF9	Q3LI70
Q3SYF9	Q3LI64
Q3U0V2	Q3U0V2
Q3U0V2	Q15628
Q3U308	Q3U308
Q3U308	Q3B7U4
Q3U308	Q2VPK5
Q3UFT3	Q3UFT3
Q3UFT3	Q6PAJ3
Q3UFT3	Q9H706
Q3UHH8	Q3UHH8
Q3UHH8	Q810K9
Q3UHH8	A0PJZ3
Q3UHH8	Q4G148
Q3V0Q6	Q3V0Q6
Q3V0Q6	Q99932
Q4FZV3	Q4FZV3
Q4FZV3	O14645
Q4FZV3	Q26630
Q4FZV3	Q5T1B0
Q4FZV3	Q8BVN8
P30634	P30634
P30634	P48964
P30634	Q29029
P30634	P48966
P30634	P48967
P30634	P48965
P30634	P06652
P30634	O44552
P30634	P30304
P30634	P30305
P30634	P30306
P30634	P30307
P30634	P20483
P30634	Q03019
P30634	P23748
P32962	P32962
P32962	P32961
P35085	P35085
P38787	P38787
P41546	P41546
P46578	P46578
P46578	Q2KHT3
P46578	Q80U30
P46578	Q9VEV4
P48564	P48564
P55797	P55797
P55797	P55056
P87315	P87315
P92544	P92544
P93013	P93013
Q02088	Q02088
Q02872	Q02872
Q07843	Q07843
Q09248	Q09248
Q10MQ2	Q10MQ2
Q12202	Q12202
Q9FGW0	Q9FGW0
Q9LIH6	Q9LIH6
Q9LIH6	P97931
Q9LIH6	P13051
Q9LIH6	Q9SI87
Q9LIH6	P12887
Q9LIH6	Q9U221
Q9LIH6	O74834
Q9LIH6	P53766
Q9LJF8	Q9LJF8
Q9LJF8	Q9ZVA3
Q9LJF8	O80762
Q9LJF8	Q9LXJ6
Q9LJF8	Q9SAG4
Q9LJF8	Q3E8L3
Q9LJF8	Q9LQM1
Q9LJF8	O64787
Q9LJF8	Q1PFK0
Q9LJF8	Q3E8L4
Q9LJF8	Q9FF23
Q9LJF8	O64788
Q9LJF8	Q9LX47
Q9LJF8	Q9SMU0
Q9LJF8	Q9LX51
Q9LJF8	Q9LXQ3
Q9LJF8	Q9C6I2
Q9LJF8	Q9LES9
Q9LJF8	Q9LX54
Q9LJF8	Q9LXR0
Q9LJF8	Q9T0F1
Q9LJF8	O23360
Q9LJF8	Q9FF58
Q9LJF8	Q9LX55
Q9LJF8	Q9LX56
Q9LJF8	Q9LXS0
Q9LJF8	Q9M190
Q9LJF8	O22232
Q9LJF8	Q1PE04
Q9LJF8	Q9FNI8
Q9LJF8	Q9LDJ9
Q9LJF8	Q9FGQ3
Q9LJF8	Q9FNI9
Q9LJF8	Q9LZY4
Q9LJF8	Q9FL99
Q9LJF8	Q9FNJ1
Q9LJF8	Q9FLA1
Q9LJF8	Q9FNJ4
Q9LJF8	Q9LJ48
Q9LJF8	Q94B46
Q9LJF8	Q9FLA3
Q9LJF8	Q9FNJ5
Q9LJF8	Q3EA38
Q9LJF8	Q9FVT4
Q9LJF8	Q9SV82
Q9LJF8	Q3EAE5
Q9LJF8	Q9FNK0
Q9LJF8	Q9FZ52
Q9LJF8	Q1PED9
Q9LJF8	Q9FGR8
Q9LJF8	Q9FI16
Q9LJF8	Q9FX89
Q9LJF8	P0C2G6
Q9LJF8	Q3E7K7
Q9LJF8	Q4PSI6
Q9LJF8	Q9FJ30
Q9LJF8	Q9FZ70
Q9LJF8	Q9LXQ8
Q9LJF8	Q9LYU0
Q9LJF8	Q9C8Y6
Q9LJF8	Q9FJU3
Q9LJF8	Q9C8Y7
Q9LJF8	Q9FFR7
Q9LJF8	Q9ZVP2
Q9LJF8	Q9C8Y8
Q9LJF8	Q9FJV2
Q9LJF8	Q9ZR09
Q9LJF8	Q9LZP6
Q9LJF8	Q9FM91
Q9LJF8	Q9LQC1
Q9LJF8	Q9LYZ2
Q9LJF8	Q9LZP7
Q9LJF8	Q9FFU7
Q9LJF8	Q9FM93
Q9LJF8	Q9ZV93
Q9LJF8	Q9FM94
Q9LRP7	Q9LRP7
Q9LRP7	Q91VR7
Q9LRP7	Q9H492
Q9LRP7	Q6XVN8
Q9LRP7	Q9BXW4
Q9LRP7	P60522
Q9LRP7	P60520
Q9LRP7	P60521
Q9LRP7	Q9BY60
Q9LRP7	A6NCE7
Q9LRP7	Q9CQV6
Q9LRP7	Q9GZQ8
Q9LV14	Q9LV14
Q9LV14	Q923D5
Q9LV14	Q9Y2W2
Q9LV14	Q6P0D5
Q9LV14	Q5PQQ2
Q9LVJ3	Q9LVJ3
Q9LVJ3	Q9VAM9
Q9LVJ3	P0AG23
Q9LVJ3	P0AG26
Q9LVJ3	P74007
Q9LVJ3	F4JHA2
Q9LVJ3	Q9SYH1
Q9LVJ3	O31611
Q9LVJ3	Q8N4P3
Q9LVJ3	P75386
Q9LVJ3	P9WHG9
Q9LVJ3	Q9D114
Q9M9F9	Q9M9F9
Q9M9F9	Q9ZQC5
Q9M9F9	Q9LSS5
Q9NLA6	Q9NLA6
Q9SAD9	Q9SAD9
Q9SFW8	Q9SFW8
Q9SFW8	Q9LE38
Q9SFW8	Q9M9U9
Q9SFW8	Q10S83
Q9SFW8	O22864
Q9SFW8	Q9SVF1
Q9SIK7	Q9SIK7
Q9SIK7	O88777
Q9SIK7	O02194
Q9SIK7	Q0MS45
Q9SIK7	P49810
Q9SIK7	Q61144
Q9SIK7	P49768
Q9SIK7	P49769
Q9SIK7	O64668
Q9SIK7	P97887
Q9SQR3	Q9SQR3
I6WXK4	I6WXK4
O14200	O14200
O25806	O25806
O25806	P04052
O25806	P0A8V2
O25806	P0A8V4
O25806	P0A8V5
O25806	F4I366
O25806	O54889
O25806	P70700
O25806	Q8PNS9
O25806	Q9LV32
O25806	A8G8E8
O25806	F4JXF9
O25806	P73334
O25806	F4KD38
O25806	P0C506
O25806	P0C509
O25806	Q980R2
O25806	Q9NW08
O25806	P59470
O25806	P24928
O25806	P08775
O25806	Q10578
O25806	P16025
O25806	P18616
O25806	P11513
O25806	P22276
O25806	P75271
O25806	P91875
O25806	Q9XPS9
O25806	P20028
O25806	O14802
O25806	P10964
O25806	P37870
O25806	A1KGE8
O25806	P37871
O25806	Q9SVY0
O25806	P22138
O25806	Q8YA96
O25806	B1XHW1
O25806	P25167
O25806	Q10233
O25806	O95602
O25806	Q8CFI7
O25806	P30876
O25806	P38420
O25806	O35134
O25806	P36594
O25806	Q5HID2
O25806	Q5HID3
O25806	Q9H9Y6
O25806	P08266
O25806	Q02061
O25806	P0A8T7
O25806	P0A8T8
O25806	P0A8T9
O25806	P9WGY9
O25806	P9WGY8
O25806	A5DCV3
O25806	P35084
O25806	Q97EG9
O25806	Q9LK40
O25806	P08518
O25806	P15398
O25806	Q04IK6
O25806	Q97EH0
O25806	B0VLZ5
O25806	A3M1G4
O25806	P04050
O25806	Q04IK7
O25806	P04051
O25806	P77965
O25806	P56764
O32052	O32052
O35685	O35685
O35685	Q8IVD9
O35685	Q63525
O35685	Q9VVA6
O35685	O60166
O35685	Q9Y266
O35685	P17624
O35685	Q8R1N4
O42869	O42869
O42869	Q06160
O42869	P23201
O42991	O42991
O42991	Q9BYD1
O42991	Q27389
O42991	P19253
O42991	Q9LRX8
O42991	Q9VNE9
O42991	Q5AB87
O42991	Q9SVR0
O42991	O43004
O42991	P95991
O42991	Q53874
O42991	Q9P720
O42991	P35427
O42991	P0AA10
O42991	P0AA12
O42991	P0AA15
O42991	A0QSP8
O42991	P9WHE1
O42991	P9WHE0
O42991	Q9SFU1
O42991	Q9FKC0
O42991	O42848
O42991	P73294
O42991	P26784
O42991	P70974
O42991	P26785
O42991	Q12487
O42991	P39473
O42991	P40429
O43914	O43914
O43914	O54885
O60100	O60100
O60100	P40069
O74472	O74472
O74845	O74845
O75391	O75391
O75391	Q7TNE3
O75391	Q7SYJ9
O75506	O75506
O75506	Q9CQZ1
O80562	O80562
O80562	Q0WP12
O82264	O82264
O82264	Q9LYC2
O82264	Q9AS33
P12686	P12686
P13483	P13483
P13798	P13798
P13798	P19205
P13798	P13676
P13798	Q8R146
P15261	P15261
P15261	P15260
P16671	P16671
P16671	P97943
P16671	Q14108
P16671	Q8WTV0
P16671	O35114
P16671	Q08857
P16671	Q61009
P17122	P17122
P17423	P17423
P20934	P20934
P27180	P27180
P29172	P29172
P29172	P20357
P29172	P27546
P29172	P15146
P29172	P36225
P29172	P10636
P29172	P10637
P29172	P19332
P29172	Q5M7W5
P31111	P31111
P32500	P32500
P32690	P32690
P32800	P32800
P33339	P33339
P34078	P34078
P34402	P34402
P34709	P34709
P35691	P35691
P35691	Q4YZC6
P35691	Q10344
P35691	P61288
P35691	P13693
P35691	P31265
P35691	Q56UQ5
P35691	Q93573
P35691	Q9HAU6
P35691	Q9VGS2
P35691	P63029
P35691	P63028
P35838	P35838
P36068	P36068
P36119	P36119
P36606	P36606
P36606	Q99271
P36606	O14123
P38163	P38163
P38163	Q12038
P38218	P38218
P38273	P38273
P38772	P38772
P38881	P38881
P38959	P38959
P40029	P40029
P40029	Q336R9
P40029	P54150
P40029	P08761
P40029	Q9D6Y7
P40029	P0A745
P40029	Q9LY15
P40029	Q923M1
P40029	Q9UJ68
P40157	P40157
P40157	Q1MTR3
P40345	P40345
P40345	Q9FNA9
P40345	Q9FYC7
P40582	P40582
P40858	P40858
P42085	P42085
P45561	P45561
P45561	Q99004
P45561	P02817
P46582	P46582
P47054	P47054
P48568	P48568
P49452	P49452
P49452	Q03188
P49686	P49686
P49686	P40477
P50273	P50273
P9WF27	P9WF27
P9WIP9	P9WIP9
P9WJG3	P9WJG3
P9WK93	P9WK93
P9WKV9	P9WKV9
P9WM21	P9WM21
Q00604	Q00604
Q01850	Q01850
Q01850	P97817
Q01850	Q86X02
Q01850	A2A6T1
Q02909	Q02909
Q02909	Q9MAH0
Q02909	Q5GM68
Q02909	Q04KL8
Q02909	P15804
Q02909	Q84VW9
Q02909	P51059
Q02909	P51061
Q02909	P04711
Q02909	Q8X743
Q02909	P00864
Q02909	P74299
Q03161	Q03161
Q03795	Q03795
Q05635	Q05635
Q06089	Q06089
Q06324	Q06324
Q06623	Q06623
Q07660	Q07660
Q08054	Q08054
Q08229	Q08229
Q08561	Q08561
Q08750	Q08750
Q09915	Q09915
Q09915	Q3MNT0
Q09915	P23615
Q0P6D6	Q0P6D6
Q0VCL6	Q0VCL6
Q0VCL6	P70257
Q0VCL6	Q14938
Q0VCL6	Q14938
Q0VCL6	P97863
Q0VCL6	P09414
Q0VCL6	P08651
Q0VCL6	P21999
Q0VCL6	P13622
Q0VCL6	Q02780
Q0VCL6	P17926
Q0VCL6	P70255
Q10020	Q10020
Q10296	Q10296
Q10901	Q10901
Q10901	P51906
Q10901	O35874
Q10901	P43003
Q10901	P51907
Q10901	P43004
Q10901	P43005
Q10901	Q21751
Q10901	P43006
Q10901	P51912
Q10901	Q15758
Q10901	P31596
Q10901	P24942
Q10901	O35921
Q10901	Q8JZR4
Q10901	Q21353
Q10901	P48664
Q10901	P56564
Q10901	O35544
Q12125	Q12125
Q12179	Q12179
Q12233	Q12233
Q12292	Q12292
Q12292	P35193
Q12361	Q12361
Q13015	Q13015
Q13015	Q5M971
Q13015	P97783
Q13253	Q13253
Q13253	P97466
Q13442	Q13442
Q13442	Q3UHX2
Q13442	Q62785
Q14542	Q14542
Q14542	O54698
Q14542	Q61672
Q14542	Q99808
Q14542	Q9JIM1
Q14542	Q80WK7
Q14542	Q9BZD2
Q14542	Q99P65
Q14997	Q14997
Q14997	Q5SSW2
Q15078	Q15078
Q15078	Q22695
Q15078	P61810
Q15078	P61809
Q15078	O35926
Q15078	Q13319
Q16795	Q16795
Q16795	Q9DC69
Q16795	Q9SK66
Q17405	Q17405
Q17RM4	Q17RM4
Q19459	Q19459
Q19459	Q61543
Q19459	Q92896
Q19459	Q62638
Q22560	Q22560
Q23495	Q23495
Q27365	Q27365
Q39236	Q39236
Q39236	P32774
Q39236	Q9BIB4
Q39236	P52657
Q39236	O08950
Q3SYG4	Q3SYG4
Q3T9Z9	Q3T9Z9
Q3T9Z9	Q96AP4
Q3TGF2	Q3TGF2
Q3TGF2	Q9H098
Q3TPJ7	Q3TPJ7
Q3TPJ7	Q504T8
Q3UUG6	Q3UUG6
Q49AM1	Q49AM1
Q49AM1	Q8BKY8
Q4J8X8	Q4J8X8
Q4JAE2	Q4JAE2
Q4JBL7	Q4JBL7
Q4KM98	Q4KM98
Q4KM98	Q6PCP5
Q4KM98	Q7SZQ4
Q4V8D7	Q4V8D7
Q4V8D7	A4D161
Q6QD59	Q6QD59
Q6QD59	Q12981
Q6UPE1	Q6UPE1
Q6UPE1	Q08822
Q6UPE1	Q921G7
Q6UPE1	Q16134
Q6UPE1	P87111
Q6ZS46	Q6ZS46
Q6ZU67	Q6ZU67
Q6ZU67	P86174
Q7JPQ6	Q7JPQ6
Q7Z3C6	Q7Z3C6
Q7Z3C6	Q674R7
Q7Z3C6	Q5FWU3
Q7Z3C6	Q68FE2
Q7Z3C6	Q3T904
Q80X08	Q80X08
Q80X08	Q6JBY9
Q80X08	Q3UZA1
Q80X08	Q6PGL7
Q80X08	Q3ZBT0
Q80X08	Q641Q2
Q80X08	Q552E2
Q80XQ8	Q80XQ8
Q80XQ8	D4AEP3
Q80XQ8	Q8BGZ2
Q80XQ8	A1KXE4
Q86BY9	Q86BY9
Q86U90	Q86U90
Q86U90	Q3U5F4
Q86U90	Q499R4
Q86V88	Q86V88
Q86V88	P40081
Q8BFY0	Q8BFY0
Q8BFY0	P0C851
Q8BH58	Q8BH58
Q8BH58	A2VCX1
Q8BH58	O75663
Q8BH58	Q12199
Q8BH58	P34274
Q8BJW6	Q8BJW6
Q8BJW6	Q19052
Q8BJW6	Q8CHP5
Q8BJW6	Q9BY44
Q8BJW6	Q9VNX8
Q8BJW6	Q9BRP8
Q8BJW6	P82804
Q8BR76	Q8BR76
Q8BR76	Q5HYA8
Q8BSN9	Q8BSN9
Q8BSN9	Q14CZ7
Q8BXG3	Q8BXG3
Q8BXG3	Q2XQY7
Q8BXG3	Q9NWB7
Q8C581	Q8C581
Q8C581	A2ANU3
Q8C581	Q2MHH0
Q8C581	B4DJY2
Q8C581	O35449
Q8C581	Q7Z6L0
Q8C581	Q3USQ7
Q8C581	E9PUL5
Q8C581	Q99946
Q8C581	Q58DZ9
Q8C581	Q8IXB3
Q8C581	D3ZFB6
Q8C581	Q9H7V2
Q8C581	Q8C838
Q8Y735	Q8Y735
Q922G2	Q922G2
Q922G2	Q5HYJ3
Q922G2	Q6PBM7
Q922G2	Q80XP8
Q925F0	Q925F0
Q925F0	Q9DC77
Q925F0	Q0MUU2
Q925F0	Q3ZBD4
Q95XD3	Q95XD3
Q95XD3	Q6QNY1
Q96AQ2	Q96AQ2
Q96E40	Q96E40
Q96IT6	Q96IT6
Q96N03	Q96N03
Q96N03	Q8TAG5
Q96NL8	Q96NL8
Q96NL8	Q3UJP5
Q96QE5	Q96QE5
Q96S52	Q96S52
Q96S52	Q6PD26
Q97VS5	Q97VS5
Q97VS5	A4FQV7
Q97VS5	P20007
Q97VS5	Q8BH04
Q97VS5	Q4J9S8
Q97VS5	P35558
Q97VS5	P9WIH3
Q97VS5	P9WIH2
Q97VS5	Q9Z2V4
Q97VS5	P07379
Q97ZZ8	Q97ZZ8
Q97ZZ8	Q08582
Q99234	Q99234
Q99547	Q99547
Q99547	Q9D1Q1
Q99547	O14076
Q99KU0	Q99KU0
Q99KU0	Q96GC9
Q99KU0	Q9XWU8
Q99KU0	Q91ZQ0
Q99LF1	Q99LF1
Q99LF1	Q53H80
Q99LF1	Q9H9L7
Q99LF1	Q9VS59
Q99LF1	B1AXD8
Q99LF1	Q25C79
Q99LF1	A0A287BDC1
Q99LZ3	Q99LZ3
Q99LZ3	Q9BRT9
Q99LZ3	Q499W2
Q99P69	Q99P69
Q99P69	Q6AYL9
Q99P69	Q9BZD4
Q9BQ95	Q9BQ95
Q9BQ95	Q9QZH6
Q9BQ95	Q5XIC2
Q9BR11	Q9BR11
Q9BT43	Q9BT43
Q9BT43	Q8R0C0
Q9BT43	Q6NXY9
Q9BT43	O15318
Q9BUN5	Q9BUN5
Q9BUN5	Q8IWP9
Q9BUN5	Q8CEG5
Q9BW27	Q9BW27
Q9BW27	Q4QQS8
Q9BW27	Q8R480
Q9BXU0	Q9BXU0
Q9NXF7	Q9NXF7
Q9P7R0	Q9P7R0
Q9P7R0	P16120
Q9P7R0	P56197
Q9P7R0	P08566
Q9P7R0	Q72LH1
Q9P7R0	Q42598
Q9P7R0	Q8IYQ7
Q9P7R0	P05466
Q9P7R0	P07639
Q9P7R0	Q5SL36
Q9P7R0	Q9SJ05
Q9P7R0	Q9LW20
Q9P7R0	P0A6D7
Q9QXT0	Q9QXT0
Q9QXT0	Q9Y2B0
Q9T0I8	Q9T0I8
Q9UER7	Q9UER7
Q9UER7	Q8VIB2
Q9UER7	Q9VMD0
Q9UHA7	Q9UHA7
Q9UHA7	P18510
Q9UHA7	P10749
Q9UHA7	P01584
Q9UHA7	Q9NZH6
Q9UHA7	Q9NZH7
Q9UHA7	Q9UBH0
Q9UHA7	Q8R460
Q9UHA7	P25085
Q9UN81	Q9UN81
Q9UN81	Q5T7N2
Q9UN81	P11260
Q9URY2	Q9URY2
Q9UW12	Q9UW12
Q9VAG4	Q9VAG4
Q9VK13	Q9VK13
Q9VSU7	Q9VSU7
Q9VSU7	Q9CQ56
Q9VVT5	Q9VVT5
Q9WV31	Q9WV31
Q9WV31	Q7LC44
Q9Y284	Q9Y284
Q9Y284	Q9SD88
Q9Y4R8	Q9Y4R8
Q9Y4R8	Q9DC40
Q9Y7R5	Q9Y7R5
Q9Z0F6	Q9Z0F6
Q9Z0F6	Q6WBX7
Q9Z0F6	Q6WBX8
Q9Z0S1	Q9Z0S1
Q9Z0S1	Q9NX62
Q9Z0S1	O95861
Q9Z0S1	Q9Z1N4
Q9Z0S1	D4AD37
A6NGS2	A6NGS2
A6NGS2	Q3UNU4
A8K554	A8K554
B6KAM0	B6KAM0
F1QNV4	F1QNV4
F1QNV4	Q8WUM0
F1QNV4	Q8R0G9
F4HRS2	F4HRS2
F4IN58	F4IN58
G2TRL5	G2TRL5
H6TFZ4	H6TFZ4
H6TFZ4	Q9LXL5
H6TFZ4	P31924
H6TFZ4	Q96WW6
H6TFZ4	P87172
H6TFZ4	P49040
H6TFZ4	P37287
H6TFZ4	Q43009
H6TFZ4	Q9FX32
H6TFZ4	Q8S4F6
H6TFZ4	Q9H553
H6TFZ4	Q64323
H6TFZ4	P30298
H6TFZ4	Q00917
H6TFZ4	Q10LP5
H6TFZ4	P49036
H6TFZ4	P04712
H6TFZ4	P43636
H6TFZ4	P32363
H6TFZ4	Q9DBE8
H6TFZ4	Q9M111
O13549	O13549
O13753	O13753
O13753	Q80SY3
O13753	P51863
O13753	P61421
O13753	P32366
O13753	Q9W4P5
O13881	O13881
O14023	O14023
O14023	Q9CZX0
O14023	Q1ZXC6
O14023	Q93ZR1
O14023	Q9H9T3
O14023	Q02908
O22683	O22683
P39995	P39995
P42521	P42521
P42521	P48592
P42521	Q4KLN6
P42521	P79733
P42521	P49723
P42521	P11157
P42521	P09938
P42521	P42170
P42521	Q6PEE3
P42521	P36603
P42521	P50651
P47026	P47026
P47026	Q7Z7B1
P47026	Q8C398
P53136	P53136
P59230	P59230
P59230	Q9N4I4
P59230	P62906
P59230	P62907
P59230	P53026
P59230	Q9VTP4
P59230	O14363
P59230	P0CX44
P59230	P0CX43
P59230	Q9UVJ4
P59230	O74836
P59230	Q8VZB9
P59230	P59231
P70645	P70645
P70645	Q8R016
P70645	Q13867
P87316	P87316
P93015	P93015
P93015	Q9SMX9
P93015	Q9S7P5
P93015	Q9S758
P93015	Q0J0K1
P93015	Q9S7A9
P93015	Q0E3F8
Q01290	Q01290
Q01290	Q93050
Q01290	Q9UWW3
Q01290	Q9Z1G4
Q01290	P15920
Q01290	Q9SJT7
Q01290	Q13488
Q01290	Q8W4S4
Q01290	Q920R6
Q01290	P32563
Q01290	P37296
Q01290	P30628
Q01290	B2MZD0
Q01290	Q9HBG4
Q01290	G5EEK9
Q01290	Q9Y487
Q01290	G5EGP4
Q02873	Q02873
Q07888	Q07888
Q07888	Q08995
Q07888	P43538
Q07888	P40105
Q07888	O13559
Q07888	Q03099
Q07888	P0CX14
Q07888	P0CX15
Q07888	P53819
Q07888	P0CX17
Q07888	P0CX16
Q07888	Q99208
Q07888	P0CX21
Q07888	P0CX20
Q07888	P0CX22
Q07888	P38721
Q07888	P38899
Q07888	P38900
Q07888	P39971
Q07888	P40889
Q07888	P40434
Q07888	Q3E7X8
Q07888	Q3E7Y4
Q07888	Q3E7Y5
Q08363	Q08363
Q09259	Q09259
Q0VFX4	Q0VFX4
Q10145	Q10145
Q10464	Q10464
Q12245	Q12245
Q14129	Q14129
Q14129	Q9BY27
Q19127	Q19127
Q2V4I9	Q2V4I9
Q38C92	Q38C92
Q39263	Q39263
Q39263	Q96289
Q39263	O80942
Q39263	Q9LG97
Q39263	Q9SSW2
Q39263	Q42410
Q39263	Q9C9H1
Q3E7Z7	Q3E7Z7
Q9FYE2	Q9FYE2
Q9LF50	Q9LF50
Q9LHJ3	Q9LHJ3
Q9LHJ3	Q94C26
Q9LTY1	Q9LTY1
Q9LVK2	Q9LVK2
Q9LVK2	Q9LYH0
Q9LVK2	Q9M2B3
Q9LVK2	Q93Z37
Q9M9H3	Q9M9H3
Q9NY56	Q9NY56
Q9NY56	Q9NPH6
Q9NY56	P31025
Q9NY56	P20289
Q9P802	Q9P802
Q9P802	Q9CZJ6
Q9P802	B2RZC4
Q9P802	Q9NYP9
Q9S816	Q9S816
Q9S816	Q9SRQ6
Q9S816	Q9SRQ7
Q9SH66	Q9SH66
Q9SIM9	Q9SIM9
Q9SKA8	Q9SKA8
Q9SSK5	Q9SSK5
Q9SSK5	Q941R6
Q9SSK5	Q9ZVF2
Q9SSK5	Q9ZVF3
Q9SSK5	Q93VR4
Q9SSK5	Q9SSK7
Q9SSK5	Q9SSK9
Q9UJH8	Q9UJH8
Q9UJH8	Q641Q3
Q9USW3	Q9USW3
Q9UU94	Q9UU94
Q9UU94	Q8C0I4
Q9UU94	Q52LR7
Q9UU94	Q8C9X6
Q9UU94	P43572
Q9VLM6	Q9VLM6
Q9XGY4	Q9XGY4
Q9XGY4	Q9XH48
Q9XGY4	P62078
Q9XGY4	P87108
Q9XGY4	Q9Y5J7
Q9XGY4	Q9WV96
Q9XGY4	Q9Y0V6
Q9XGY4	Q4FZG7
Q9XGY4	Q9Y1A3
Q9XGY4	P62073
Q9XGY4	P62072
Q9XGY4	Q9Y5L4
Q9XGY4	P62076
Q9XGY4	P62075
Q9XGY4	P57744
Q9XGY4	Q9WV98
Q9XGY4	Q9WVA1
Q9XGY4	Q9WVA2
Q9XGY4	Q9XGX9
Q9XGY4	P53299
Q9XGY4	O60220
Q9XX15	Q9XX15
Q9XX15	Q92979
Q9XX15	Q10107
Q9XX15	O35130
Q9XX15	Q06287
Q9Y7Q6	Q9Y7Q6
Q9Z0K7	Q9Z0K7
Q9ZQ47	Q9ZQ47
A0A1B0GVG4	A0A1B0GVG4
A0A1B0GVG4	A0A140LIT1
A0JPP5	A0JPP5
A1KML5	A1KML5
A1KML5	Q9XFS9
A1L1K3	A1L1K3
A1L1K3	Q8BTZ4
A1L1K3	Q9UJX4
A1Z7L1	A1Z7L1
A2A2V5	A2A2V5
A2A2V5	Q8CD78
A4D1B5	A4D1B5
A4D1B5	Q3TCV3
A8AQK7	A8AQK7
A8AQK7	A0A1D8PN83
A8AQK7	Q9Y2R5
A8AQK7	P9WH51
A8AQK7	Q927L6
A8AQK7	P42733
A8AQK7	Q9UX98
A8AQK7	P0CX48
A8AQK7	P0CX47
A8AQK7	P0CT74
A8AQK7	P0CT73
A8AQK7	P16180
A8AQK7	P0AG63
A8AQK7	P0AG65
A8AQK7	P0AG66
A8AQK7	Q0E9B6
A8AQK7	P16181
A8AQK7	Q9CQE3
A8AQK7	Q03246
A8AQK7	Q9TJN6
A8AQK7	P62280
A8AQK7	P62281
A8AQK7	P62282
A8AQK7	Q4JB49
A8AQK7	Q9L0D1
A8AQK7	O65569
B1AZI6	B1AZI6
B1AZI6	Q09779
B1AZI6	F4IAT2
B2RXE2	B2RXE2
B2RXE2	P19634
B2RXE2	Q8BLV3
B2RXE2	Q8R4D1
B2RXE2	O13726
B2RXE2	A1L3P4
B2RXE2	D3ZJ86
B2RXE2	Q9UBY0
B2RXE2	O16452
B2RXE2	Q8BUE1
B2RXE2	Q8IVB4
B2RXE2	Q96T83
B2RXE2	Q9Z0X2
B2RXE2	Q6AI14
B2RXE2	Q8T5S1
B2RXE2	Q4L208
B2RXE2	P48762
B2RXE2	P48763
B2RXE2	P48764
B2RXE2	P26431
B2RXE2	Q14940
B2RXE2	Q8BZ00
B2RXE2	P26432
B2RXE2	Q61165
B2RXE2	G5EBK1
B2RXE2	P26433
B2RXE2	P26434
B2RXE2	Q56XP4
B2RXE2	Q8RWU6
B2RXE2	D4A7H1
B2RXE2	Q9SXJ8
B2RXE2	Q9Y2E8
B2RXE2	P35449
B2RXE2	Q04121
B2RXE2	Q3ZAS0
B2RXE2	G3X939
B2RXE2	Q68KI4
I6WZG6	I6WZG6
O06974	O06974
O06974	P9WMU5
O06974	P9WMU4
O08856	O08856
O08856	Q6P6T5
O08856	Q3UZP0
O08856	Q91049
O08856	Q9VW51
O08856	Q9H607
O08856	Q9HB65
O08856	Q5XFX8
O08856	Q61146
O08856	P55199
O08856	O00472
O08856	Q16625
O08856	Q8N4S9
O08856	Q3UKU1
O08856	Q9PUN1
O09014	O09014
O09014	Q91W98
O09014	Q8N697
O09014	Q8IY34
O09014	Q8BPX9
O13703	O13703
P09457	P09457
P09457	Q06647
P09457	P48047
P09457	Q96251
P09457	Q9DB20
P09457	Q9P602
P0A7L8	P0A7L8
P0A7L8	P9WHB3
P0A7L8	Q9P0M9
P0A7L8	P66125
P0A7L8	P12687
P0A894	P0A894
P0A8U9	P0A8U9
P0A9A9	P0A9A9
P0A9A9	P0A9B1
P0A9A9	P0A3E6
P0A9A9	P71086
P0A9A9	P74739
P0AAB8	P0AAB8
P0AAB8	P0AAB9
P0AAB8	P0AED2
P0AAB8	P0AED0
P0ABT0	P0ABT0
P0ACD6	P0ACD6
P0ACD6	P0ACD7
P0ACD6	Q9D7P6
P0ACD6	O32163
P0ACD6	Q12056
P0ACD6	Q9H1K1
P0ACD6	Q9VHK6
P0ACD6	Q03020
P0ADB7	P0ADB7
P0AEZ6	P0AEZ6
P11245	P11245
P11245	P50294
P11245	P50298
P11245	P50295
P11245	P50297
P11245	P18440
P13008	P13008
P13008	P49206
P13008	P62856
P13008	P62854
P13008	P62855
P13008	Q9UTG4
P13008	Q5ALV6
P13008	P39938
P13008	P39939
P13008	Q9LYK9
P13008	Q9UT56
P13008	P21772
P13008	O45499
P13255	P13255
P13255	Q9QXF8
P13255	Q14749
P13485	P13485
P15274	P15274
P15274	O08739
P15274	Q3V1D3
P15274	P40361
P15274	P10759
P15274	Q9DBT5
P15274	Q02356
P15274	P50998
P15274	O09178
P15274	O80452
P15274	P38150
P15274	Q01432
P16701	P16701
P19931	P19931
P23250	P23250
P27202	P27202
P27202	A0A2K3DMP5
P28795	P28795
P28795	O94227
P29539	P29539
P30533	P30533
P30533	P55302
P30533	Q99068
P32460	P32460
P32804	P32804
P32804	O94639
P32804	Q12436
P33379	P33379
P35180	P35180
P35469	P35469
P35469	Q92ZQ4
P35469	P22034
P35469	A4FPA5
P35469	Q9VMN5
P35469	P18687
P35469	O74261
P35469	P60364
P35469	P78012
P35469	P60365
P35469	P63039
P35469	P63038
P35469	P40171
P35469	P30717
P35469	Q8PPZ1
P35469	P29185
P35469	P42383
P35469	A1KFR2
P35469	P9WPE6
P35469	P9WPE7
P35469	P37282
P35469	P50140
P35469	A4F749
P35469	O69289
P35469	Q09864
P35469	Q9VPS5
P35469	P10809
P35469	C0Z361
P35469	A0PNL7
P35469	Q93ZM7
P35469	B0VSP5
P35469	C1KX21
P35469	Q9AGE6
P35469	O02649
P35469	P21238
P35469	Q04E64
P35469	Q9LJE4
P35469	P21240
P35469	Q5HEH2
P35469	Q5SLM2
P35469	P61490
P35469	Q02H55
P35469	Q9KXU5
P35469	Q43298
P35469	P28598
P35469	P19882
P35469	P0A6F5
P35469	P0A6F7
P35469	P0A6F8
P35469	Q05972
P35469	Q3JYQ0
P35469	P08823
P35469	P29197
P35469	P9WPE8
P35469	P9WPE9
P35469	Q04IQ3
P36075	P36075
P36121	P36121
P36162	P36162
P37455	P37455
P37455	Q55499
P37455	Q5HIS8
P37455	Q9CYR0
P37455	Q04837
P37455	C0SPB6
P37455	P9WGD5
P37455	P28042
P37455	Q9AFI5
P38277	P38277
P38826	P38826
P38883	P38883
P39015	P39015
P39015	O42914
P39015	A0A1D8PK71
P39112	P39112
P39970	P39970
P39970	P40535
P40077	P40077
P40993	P40993
P43490	P43490
P43490	Q99KQ4
P43490	Q80Z29
P43490	Q52I78
P46318	P46318
P46318	P69795
P46589	P46589
P47002	P47002
P47181	P47181
P49458	P49458
P49458	P49962
P50106	P50106
P51642	P51642
P51642	P26441
P53075	P53075
P53130	P53130
P53195	P53195
P53717	P53717
P53865	P53865
P56182	P56182
P56182	P56183
P56182	Q14684
P56182	Q91YK2
P56182	Q9VJZ7
P56182	P35178
P56394	P56394
P56394	Q9LJQ9
P56394	Q14061
P62895	P62895
P62895	P62894
P62895	P62898
P62895	P62897
P62895	P19974
P62895	P53698
P62895	P00044
P62895	P00045
P62895	P99999
P72757	P72757
P75159	P75159
P75465	P75465
P76290	P76290
P80294	P80294
P80294	P80297
P80294	Q93083
P80294	A1L3X4
P80294	P0DM35
P80294	P02795
P80294	P02798
P80294	P02802
P80294	P04355
P80294	P47944
P80294	P02803
P80294	P25713
P80294	P04731
P80294	P37361
P80294	P04732
P80294	Q8N339
P80294	P04733
P80294	P28184
P80294	P07438
P82914	P82914
P82914	Q5XI37
P87243	P87243
P95189	P95189
P95189	P97697
P95189	Q94F00
P95189	Q9M8S8
P95189	Q05533
P95189	P32179
P95189	O55023
P95189	P38710
P95189	Q45499
P95189	O14732
P95189	Q2QWT4
P95189	Q9M0Y6
P95189	Q19420
P95189	Q42546
P96683	P96683
P9WF45	P9WF45
P9WK99	P9WK99
P9WKX3	P9WKX3
P9WKX3	A0R5Z0
P9WM30	P9WM30
P9WM30	P9WM31
Q00312	Q00312
Q01852	Q01852
Q02100	Q02100
Q03034	Q03034
Q03281	Q03281
Q03281	Q03707
Q03798	Q03798
Q04172	Q04172
Q04477	Q04477
Q63610	Q63610
Q63610	Q5KR47
Q63610	P09493
Q63610	Q5KR49
Q63610	P58771
Q63610	P58772
Q63610	P04692
Q63610	Q5KR48
Q63610	P07951
Q63610	P58774
Q63610	P58775
Q63610	P58776
Q63610	P09495
Q63610	Q22866
Q63610	Q6IRU2
Q63610	A1XQV4
Q63610	P09491
Q63610	P67936
Q63610	P67937
Q63610	P42639
Q63610	P49455
Q63610	P13104
Q64701	Q64701
Q64701	P28749
Q64701	O55081
Q64701	Q64700
Q6AY92	Q6AY92
Q6AY92	Q8WWI5
Q6AY92	Q6X893
Q6AY92	Q8N4M1
Q6AYK2	Q6AYK2
Q6AYK2	Q9ERI5
Q6AYK2	Q9M9E8
Q6AYK2	Q6NYC1
Q6AYK2	Q9VD28
Q6NUP7	Q6NUP7
Q6NUP7	Q8C0Y0
Q6NXH3	Q6NXH3
Q6NXH3	Q3KR53
Q6NXH3	Q6NZP2
Q6NXH3	Q86WP2
Q6NXH3	Q9HC44
Q6NZ67	Q6NZ67
Q6NZ67	Q9CQ25
Q6NZ67	Q6P582
Q6P0T2	Q6P0T2
Q6P0T2	Q9EQH4
Q6P0T2	Q7Z7C8
Q6P0T2	Q9VWY6
Q6P1X6	Q6P1X6
Q6P1X6	Q642A4
Q6P1X6	Q8VE95
Q6PDI5	Q6PDI5
Q6PDI5	Q5VYK3
Q6PDI5	Q9V677
Q6PGF3	Q6PGF3
Q6PGF3	Q9Y2X0
Q6RI63	Q6RI63
Q6RI63	Q96EK7
Q6ZPR1	Q6ZPR1
Q6ZPR1	Q66H34
Q6ZPR1	Q9VE87
Q6ZPR1	Q9P2B7
Q7JRE4	Q7JRE4
Q7L2H7	Q7L2H7
Q7L2H7	Q99JX4
Q7L2H7	Q94261
Q7L8L6	Q7L8L6
Q7TSY8	Q7TSY8
Q7TSY8	Q562F6
A0A023PXF8	A0A023PXF8
A0A0B4K859	A0A0B4K859
A0A1B0GVH7	A0A1B0GVH7
A0A1D8PM93	A0A1D8PM93
A1Z7R6	A1Z7R6
A2A9C3	A2A9C3
A5F2R1	A5F2R1
A5F2R1	A5F5X0
A5F2R1	Q56587
A5F2R1	P76182
A8MYP8	A8MYP8
A8MYP8	Q96PU9
A8MYP8	Q3TZ65
A8MYP8	Q3SX64
A8MYP8	Q8IXM7
A8MYP8	Q920N1
B1B0V2	B1B0V2
C0H440	C0H440
C9J302	C9J302
C9J302	Q9DAF8
D3Z9R8	D3Z9R8
E9PQ53	E9PQ53
E9PQ53	Q9CQ54
E9PQ53	O95298
O07012	O07012
O13714	O13714
O13940	O13940
O13940	P37303
O17862	O17862
O28471	O28471
O28471	Q9BRS2
O28471	Q12196
O28471	P34649
O28471	Q9DBU3
O28471	Q922Q2
O28471	O44959
O28471	O14730
O32082	O32082
O34647	O34647
O34647	P23789
O35980	O35980
O35980	Q9SIC4
O35980	P31378
O35980	Q08214
O35980	B9DFZ0
O35980	Q09907
O42882	O42882
O74986	O74986
O94464	O94464
P08920	P08920
P08920	P06729
P0ABT2	P0ABT2
P0ABT2	P0ABT3
P0ABT2	P0ABT4
P0ADC5	P0ADC5
P0C5P6	P0C5P6
P11088	P11088
P12689	P12689
P15288	P15288
P18139	P18139
P19934	P19934
P20352	P20352
P20352	P13726
P25366	P25366
P25623	P25623
P28799	P28799
P29255	P29255
P29255	P56766
P29255	P56767
P29255	P12154
P29255	P0C358
P29255	P29254
P30232	P30232
P32504	P32504
P32970	P32970
P32970	O55237
P34423	P34423
P35475	P35475
P37779	P37779
P37779	Q9NR50
P37779	O93827
P37779	P80361
P37779	P37820
P37779	P61887
P37779	Q7JZB4
P37779	O74484
P37779	P41940
P37779	P56288
P37779	P70541
P37779	P0AEP5
P37779	Q96IJ6
P37779	O60064
P37779	Q05852
P37779	P37744
P37779	P0AAB6
P38224	P38224
P38278	P38278
P38484	P38484
P38885	P38885
P38885	P38884
P38966	P38966
P39927	P39927
P39975	P39975
P40353	P40353
P40353	P53296
P40483	P40483
P40534	P40534
P40893	P40893
P42945	P42945
P43652	P43652
P43652	P07724
P43652	P02768
P43652	P02769
P43652	P02770
P43652	P02771
P43652	P02772
P43652	P08835
P43652	O89020
P43652	P36953
P46944	P46944
P47005	P47005
P47061	P47061
P47987	P47987
P47987	Q8BI08
P47987	Q969L2
P47987	Q96DZ9
P47987	Q04941
P47987	Q96MX0
P47987	Q9BSK0
P47987	Q99LJ5
P47987	Q9D6G9
P47987	Q9DCU2
P47987	Q9NX76
P47987	Q9Y342
P47987	Q8IZR5
P47987	Q8CJ61
P47987	Q9CZ69
P47987	Q9CZR4
P47987	Q8IZV2
P47987	Q9R1Q7
P48581	P48581
P50277	P50277
P50456	P50456
P51882	P51882
P51882	P13379
P51882	P06127
P53253	P53253
P53617	P53617
P53718	P53718
P53917	P53917
P53969	P53969
P54304	P54304
P54304	Q9HA92
P61077	P61077
P61077	P61079
P61077	P61078
P61077	P52482
P61077	Q9ZVX1
P61077	Q9Z255
P61077	P49459
P61077	O00762
P61077	P52485
P61077	P61080
P61077	P51668
P61077	D3ZDK2
P61077	P62837
P61077	P62838
P61077	P62839
P61077	P61082
P61077	P61081
P61077	P61087
P61077	P61086
P61077	Q9CQ37
P61077	O00103
P61077	Q9QZU9
P61077	Q9EQX9
P61077	P61088
P61077	P50623
P61077	Q11076
P61077	Q7K738
P61077	Q969M7
P61077	P62253
P61077	Q9CAB6
P61077	P62256
P61077	P62257
P61077	Q8N2K1
P61077	Q9H832
P61077	Q9ZU75
P61077	O14933
P61077	P14682
P61077	P15731
P61077	P28263
P61077	Q9SHI7
P61077	P53152
P61077	Q9CY34
P61077	Q9JJZ4
P61077	Q96B02
P61077	B5DEI4
P61077	Q8VDW4
P61077	P06104
P61077	P63147
P61077	P63146
P61077	Q96LR5
P61077	Q91W82
P61077	Q9CZY3
P61077	P21734
P61077	P34477
P61077	P42748
P61077	Q94A97
P61077	Q9SDY5
P61077	Q3UE37
P61077	Q3B7D1
P61077	P49427
P61077	Q9FZ48
P61077	Q6ZWY6
P61077	Q9D1C1
P61077	Q9SJ44
P61077	P51965
P61077	P63279
P61077	P63280
P61077	P63281
P61077	Q16763
P61077	Q9XVK5
P61077	Q8CFI2
P61077	Q9NPD8
P61077	A0A1B0GUS4
P61077	P60604
P61077	Q9VSF3
P61077	Q712K3
P61077	Q6ZWZ2
P61077	Q941B6
P61077	Q9SVD7
P61077	Q969T4
P61077	P52483
P61077	Q9Y2X8
P61077	Q9Y385
P61077	Q06AA9
P61077	Q6ZPJ3
P61077	B5DFI8
P61077	P68036
P61077	P68037
P61077	Q15819
P61077	Q9C0C9
P61077	Q9VTY6
P61077	Q5JXB2
P61077	P33296
P68067	P68067
P68067	Q83K21
P68067	P68066
P68067	P09373
P68067	P42632
P69735	P69735
P69735	Q15042
P69735	Q9VQ26
P69735	Q80UJ7
P72758	P72758
P73833	P73833
P75469	P75469
P95225	P95225
P97929	P97929
P97929	O35923
P97929	P51587
P9WFB1	P9WFB1
P9WG45	P9WG45
P9WG45	Q94BZ7
P9WG45	A0QPN2
P9WG45	P55992
P9WG45	P0AES8
P9WG45	P0AES7
P9WG45	P05652
P9WG45	P22447
P9WHN5	P9WHN5
P9WHN5	Q7AKQ4
P9WKZ5	P9WKZ5
P9WMS5	P9WMS5
P9WNW3	P9WNW3
P9WNW3	P27902
Q01105	Q01105
Q01105	Q9H0U9
Q01105	P28656
Q01105	Q5MGA9
Q01105	Q78ZA7
Q01105	P0CV98
Q01105	Q5U2Z3
Q01105	Q96NT1
Q01105	Q9EQU5
Q01105	B8B2R4
Q01105	P0CV99
Q01105	P0CW00
Q01105	A6NKD2
Q01105	Q5AAI8
Q01105	P80347
Q01105	P80349
Q01105	O59797
Q01105	Q01534
Q01105	Q9ULW6
Q01105	P53997
Q01105	Q18240
Q01105	Q7TQI8
Q01105	Q9Z2G8
Q01105	P55209
Q01105	Q94K07
Q01105	A2XU85
Q01105	Q8VD63
Q01105	P78920
Q01105	Q9SZI2
Q01105	A6NFF2
Q01105	Q9R1M3
Q01105	Q9UJ04
Q01105	Q9ZUP3
Q01105	Q8N831
Q01105	Q99457
Q01105	Q63945
Q01105	Q69ZB3
Q01105	Q9H2G4
Q01105	P51860
Q01105	Q99733
Q01105	Q9H489
Q01105	Q9JJF0
Q01105	O88852
Q01105	Q86VY4
Q01105	F4JEI8
Q01105	P25293
Q01105	B8AEC1
Q02L18	Q02L18
Q03036	Q03036
Q03169	Q03169
Q03697	Q03697
Q03818	Q03818
Q04693	Q04693
Q04922	Q04922
Q06333	Q06333
Q06707	Q06707
Q08235	Q08235
Q08235	Q9C928
Q08235	Q9HGL6
Q08235	Q9DCA5
Q08235	Q9VZE6
Q08235	Q8TDN6
Q08235	Q4QQT6
Q08416	Q08416
Q08581	Q08581
Q08760	Q08760
Q08930	Q08930
Q08930	Q6PDI6
Q08930	Q5BJQ2
Q08930	Q8NBR6
Q08930	P53155
Q08930	Q76LS9
Q08AI6	Q08AI6
Q08AI6	Q3USY0
Q08AI6	P39981
Q09826	Q09826
Q09826	A7TL18
Q09826	A4QRM8
Q09826	P38314
Q09826	P53172
Q09826	A5DNL9
Q09919	Q09919
Q09919	P40088
Q09919	P38310
Q10183	Q10183
Q10183	P40546
Q10323	Q10323
Q10323	P33300
Q10323	P31755
Q10323	P0C8Q4
Q10323	P38287
Q10323	Q67BJ4
Q10323	Q9NPC4
Q10323	Q9UNA3
Q10323	Q14BT6
Q10948	Q10948
Q12129	Q12129
Q12182	Q12182
Q12301	Q12301
Q149F1	Q149F1
Q149F1	Q0J4D4
Q149F1	Q8VCZ8
Q149F1	Q9UJJ7
Q149F1	Q9LU60
Q149F1	Q8IZ73
Q149F1	Q9LT72
Q149F1	Q96CM3
Q149F1	P53294
Q149F1	Q14AI6
Q149F1	Q6P087
Q149F1	O25610
Q149F1	Q12069
Q149F1	Q12362
Q15022	Q15022
Q15022	Q9NJG9
Q15022	Q80U70
Q15726	Q15726
Q1HCL7	Q1HCL7
Q1HCL7	Q8C5H8
Q1HCL7	Q4G0N4
Q22639	Q22639
Q29026	Q29026
Q29026	Q8N111
Q29026	Q9JKC6
Q29026	Q5FVI4
Q3KQU3	Q3KQU3
Q3KQU3	A2AJI0
Q3KQU3	A2AEY4
Q3KQU3	A2AG50
Q3KQU3	O88735
Q3KQU3	Q8IWC1
Q3KQU3	Q96T17
Q46856	Q46856
Q46856	Q04944
Q4J6M3	Q4J6M3
Q4JAI1	Q4JAI1
Q52KF3	Q52KF3
Q52KF3	Q8WWL2
Q52KF3	Q8K1S6
Q52KF3	Q9U1K1
Q5AFI4	Q5AFI4
Q5F2C3	Q5F2C3
Q5HDW9	Q5HDW9
Q5HDW9	O14178
Q5HDW9	Q9CQ06
Q5HDW9	P92959
Q5HDW9	P0CI78
Q5HDW9	A1KGJ6
Q5HDW9	P9WHB7
Q5HDW9	Q96A35
Q5HF35	Q5HF35
Q5HH86	Q5HH86
Q5SPX1	Q5SPX1
Q5SPX1	Q569K6
Q5SZT7	Q5SZT7
Q5SZT7	Q5M9Q1
Q5SZT7	Q4V7C9
Q5SZT7	Q9D0F4
Q5SZT7	Q8N5F7
Q5SZT7	Q9VB74
Q5XIC4	Q5XIC4
Q5XIC4	Q9CQC8
Q5XIC4	Q9NZD8
Q60720	Q60720
Q60720	Q53TN4
Q60720	Q925G2
Q60720	Q5RKJ2
Q60720	Q95245
Q60720	P49447
Q61508	Q61508
Q61508	Q62894
Q62036	Q62036
Q62036	Q9UPN4
Q62036	A1Z7Z9
Q69ZJ7	Q69ZJ7
Q69ZJ7	Q9V3C5
Q69ZJ7	Q4ADV7
Q6IQ20	Q6IQ20
Q6IQ20	Q8BH82
Q6IQ20	Q02883
Q6NUQ1	Q6NUQ1
Q6P988	Q6P988
Q6PID8	Q6PID8
Q6PID8	A1ZB86
Q6ZS82	Q6ZS82
Q6ZS82	Q148R9
Q7K4B4	Q7K4B4
Q7KTH8	Q7KTH8
Q7Z7H8	Q7Z7H8
Q80UU2	Q80UU2
Q80UU2	P78345
Q80XU3	Q80XU3
Q80XU3	Q9H1E3
Q80XU3	Q9EPJ0
Q80XU3	Q29S11
Q83J15	Q83J15
Q83J15	P13298
Q83J15	P30402
Q83SQ0	Q83SQ0
Q86T90	Q86T90
Q86T90	Q6NZK5
Q86UB2	Q86UB2
Q86Y39	Q86Y39
Q8BGY3	Q8BGY3
Q8BGY3	Q86TE4
Q8BRC6	Q8BRC6
Q8C3W1	Q8C3W1
Q8C3W1	Q9H425
Q8C3W1	Q4KMC9
Q8CB19	Q8CB19
Q8CB19	Q9QZ09
Q8CB19	F1M8G0
Q8CB19	Q9UMS5
Q8CB19	Q9V9A8
Q8IWY9	Q8IWY9
Q8IWY9	Q8CC12
Q8N5T2	Q8N5T2
Q8N8E1	Q8N8E1
Q8NBJ5	Q8NBJ5
Q8NBJ5	Q8IYK4
Q8NBJ5	Q02809
Q8NBJ5	Q5T4B2
Q8NBJ5	A3KGW5
Q8NBJ5	Q9R0B9
Q8NBJ5	Q9R0E2
Q8NBJ5	O00469
Q8NBJ5	Q8K297
Q8NBJ5	O60568
Q8NCX0	Q8NCX0
Q8NDZ4	Q8NDZ4
Q8NDZ4	Q9H7Y0
Q8R015	Q8R015
Q8R015	A5A777
Q8R015	Q8TDH9
Q8R015	B2GV52
Q8R4V1	Q8R4V1
Q8R4V1	Q8NET5
Q8TAF5	Q8TAF5
Q8TDB4	Q8TDB4
Q8TDB4	Q8VI64
Q8VCX2	Q8VCX2
Q8VCX2	Q10354
Q8VCX2	Q9NQQ7
Q8WZ69	Q8WZ69
Q91WW7	Q91WW7
Q91WW7	Q3V1D5
Q91WW7	Q8BJ56
Q91WW7	Q96AD5
Q91WW7	Q32LZ8
Q91WW7	Q9NST1
Q91WW7	Q11186
Q91WW7	Q8N8W4
Q91WW7	P0C548
Q91WW7	P41247
Q92341	Q92341
Q92540	Q92540
Q92540	Q5RJH6
Q96AT1	Q96AT1
Q96AT1	Q3MHJ0
Q96AT1	Q8K039
Q96AT1	Q5RKH3
Q96FG2	Q96FG2
Q96FG2	Q91YP6
Q96M20	Q96M20
Q96M20	Q9D5U8
Q980B8	Q980B8
Q980B8	Q4JAJ6
Q99248	Q99248
Q99248	Q03361
Q99LG1	Q99LG1
Q99LG1	Q9NW97
Q9BT73	Q9BT73
Q9BU02	Q9BU02
Q9BXJ7	Q9BXJ7
Q9BXJ7	Q99JB7
Q9BYC8	Q9BYC8
Q9C108	Q9C108
Q9CXX9	Q9CXX9
Q9CXX9	Q9H467
Q9DAD0	Q9DAD0
Q9DC37	Q9DC37
Q9DC37	Q9H3U5
Q9H3Z7	Q9H3Z7
Q9H3Z7	Q6MG55
Q9H3Z7	O95870
Q9H3Z7	Q9Z1Q2
Q9H5U6	Q9H5U6
Q9I7K6	Q9I7K6
Q9LVA0	Q9LVA0
Q9LVA0	Q9LIB3
Q9N5K3	Q9N5K3
Q9NQT6	Q9NQT6
Q9NXH3	Q9NXH3
Q9NXH3	Q96C90
Q9NXH3	Q62084
Q9NXH3	Q8K3F3
Q9NXH3	Q91VC7
Q9NXH3	Q7TT52
Q9NXH3	Q99MC0
Q9NXH3	O18734
Q9NXH3	Q8R4R9
Q9NXH3	Q8R4S0
Q9NXH3	Q8TAE6
Q9NZ38	Q9NZ38
Q9T2L1	Q9T2L1
Q9US05	Q9US05
Q9VAI6	Q9VAI6
Q9VD74	Q9VD74
Q9VGW1	Q9VGW1
Q9VLC0	Q9VLC0
Q9VLC0	Q9JMK8
Q9VLC0	Q9P1Q0
Q9VLC0	Q9P1Q0
Q9VLC0	Q5SPW0
Q9W1X4	Q9W1X4
Q9W413	Q9W413
Q9Y7U0	Q9Y7U0
Q9Z211	Q9Z211
Q9Z211	O96011
Q9Z211	O75192
Q9Z211	Q9Z210
A0AUP1	A0AUP1
A8ICS9	A8ICS9
A8MWP4	A8MWP4
C5DT56	C5DT56
C5DT56	Q12365
C5DT56	A7TDM3
C5DT56	C5DBV2
C6Y4A2	C6Y4A2
E7EZ53	E7EZ53
E7EZ53	P22466
E7EZ53	P47212
E7EZ53	P10683
F4I9G2	F4I9G2
F4K265	F4K265
O13756	O13756
O13916	O13916
O14171	O14171
O14171	Q03175
O14171	Q99KU1
O43323	O43323
O43323	G5EC21
O43323	Q62226
O43323	P91573
O43323	Q14623
O59679	O59679
O59807	O59807
O60542	O60542
O60542	Q99748
O60542	Q5T4W7
O60542	Q9Z0L2
O74389	O74389
O74732	O74732
O74732	P56937
O74732	Q12452
O74878	O74878
O74878	Q2TAA5
O74878	Q3TZM9
O81304	O81304
O82178	O82178
O94308	O94308
O94572	O94572
O94572	Q07904
O94572	B5BP49
O94572	O74923
O94572	P15365
O94572	Q9C0U9
O94572	Q9C0V8
O94572	Q12235
O94706	O94706
O95715	O95715
O97113	O97113
P13114	P13114
P20366	P20366
P20366	P06767
P20366	P41539
P28907	P28907
P28907	Q10588
P28907	P56528
P33157	P33157
P33157	P15703
P33157	Q9M2M0
P33157	O49352
P33157	O49353
P33157	F4J270
P33157	Q9M088
P34626	P34626
P35202	P35202
P38172	P38172
P38824	P38824
P40023	P40023
P42835	P42835
P47062	P47062
P53156	P53156
P53841	P53841
P55937	P55937
P55937	Q08378
P79324	P79324
P79324	O74895
P79324	Q9US22
P79324	O23515
P79324	Q9CZM2
P79324	P61313
P79324	P61314
P79324	Q4JB20
P79324	Q9UXD0
P79324	Q5A6R1
P79324	P54780
P79324	P05748
P79324	O17445
P83859	P83859
Q96L03	Q96L03
Q96PE5	Q96PE5
Q96PE5	Q7M750
Q97I38	Q97I38
Q97I38	P0DJP2
Q97I38	O31774
Q99296	Q99296
Q9BUW7	Q9BUW7
Q9BUW7	P58686
Q9BUW7	Q8N1Y9
Q9BVJ6	Q9BVJ6
Q9BVJ6	Q04500
Q9BVJ6	Q5TAP6
Q9BVJ6	Q6EJB6
Q9BVJ6	P87137
Q9BVJ6	Q640M1
Q9BZK8	Q9BZK8
Q9CQQ4	Q9CQQ4
Q9CQQ4	O14893
Q9CQQ4	Q9QZP1
Q9P086	Q9P086
Q9P253	Q9P253
Q9P253	Q8R307
Q9P253	Q24314
Q9P253	P59015
Q9P253	F4IDS7
Q9P6L9	Q9P6L9
Q9QUJ0	Q9QUJ0
Q9QUJ0	Q9UBK5
Q9QZ41	Q9QZ41
Q9QZ41	Q9NK54
Q9QZ41	P32325
Q9QZ41	O59836
Q9QZ41	Q8NFT6
Q9QZ41	Q9UBU7
Q9U2D6	Q9U2D6
Q9VKJ9	Q9VKJ9
Q9VKJ9	Q66HA5
Q9VKJ9	Q5T0F9
Q9VKJ9	Q8BRN9
Q9VKJ9	Q9U2M8
Q9VKJ9	Q5FVK6
Q9VKJ9	Q6P1N0
Q9VKJ9	Q8K1A6
Q9VN27	Q9VN27
Q9VN27	Q06005
Q9VN27	Q9SXP7
Q9VWA1	Q9VWA1
Q9VWA1	P17891
Q9VWA1	P09496
Q9VWA1	P09497
Q9VWA1	O08585
Q9VWA1	P08081
Q9VWA1	P08082
Q9VWA1	Q6IRU5
Q9VWA1	P04975
Q9VWA1	Q9USP6
Q9VZL5	Q9VZL5
Q9VZL5	F4I2S4
O48848	O48848
O49344	O49344
O49344	Q42029
O49344	Q00434
O65680	O65680
O74453	O74453
O74748	O74748
O94433	O94433
P07266	P07266
P0C1D2	P0C1D2
P0C1D2	P36046
P0C1D2	P87059
P19736	P19736
P22193	P22193
P23762	P23762
P25651	P25651
P26375	P26375
P26375	P14164
P35401	P35401
P37209	P37209
P37209	Q9UII2
P37209	O44441
P37209	O35143
P38247	P38247
P38871	P38871
P39718	P39718
P40093	P40093
P40093	Q9HB07
P40093	O17606
P40093	Q9JK81
P40451	P40451
P40451	P36169
P40451	C5DH21
P40451	A7TSZ6
P40451	C5DSG3
P41893	P41893
P41893	P9WIA1
P41893	A0A0H3K9F2
P41893	Q2FX12
P41893	P0ACZ3
P41893	P11064
P41893	Q9D358
P41893	P40347
P42947	P42947
P42947	Q5AH11
P42947	C5E109
P42947	O14267
P42947	P87293
P20810	P20810
P20810	P27321
P20810	P12675
P20810	P51125
P20810	P51125
P21549	P21549
P21549	O35423
P21549	P09139
P21549	Q56YA5
P21549	Q9W3Z3
P23479	P23479
P23624	P23624
P25107	P25107
P25107	Q0P543
P25107	P35353
P25107	Q03431
P25107	Q60748
P25107	P35000
P25107	P32215
P25107	Q60755
P25107	Q8C206
P25107	P30988
P25107	P47866
P25107	O35659
P25107	Q63118
P25107	P48546
P25107	P49190
P25107	P97751
P25107	P32241
P25107	Q5UAW9
P25107	O95838
P25107	P30082
P25107	Q13324
P25107	P30083
P25107	Q09460
P25107	Q9R1W5
P25107	Q16602
P25107	P25961
P25107	P70205
P25107	Q61606
P25107	P43220
P25107	P13773
P25107	P41587
P25107	P41588
P25107	P41593
P25107	P32082
P25107	P32301
P25107	P47871
P25107	P35347
P25107	P47872
P25107	Q9TX43
P25573	P25573
P27341	P27341
P28668	P28668
P28668	Q8X8W2
P28668	B1XP53
P28668	Q13155
P28668	Q9M1R2
P28668	Q9UWX2
P28668	P47897
P28668	P46655
P28668	Q9FYR6
P28668	P48525
P28668	P95968
P28668	Q32PX2
P28668	P04805
P28668	Q9Y105
P28668	Q8BML9
P28668	O60155
P28668	Q6P7B0
P28668	O13775
P28668	Q5JPH6
P28668	Q12109
P28668	P38708
P28668	Q4J8L4
P28668	O62431
P28668	P32921
P28668	Q8CGC7
P28668	Q9CXJ1
P28668	Q09692
P28668	P13188
P28668	Q97ED5
P28668	Q97ZX0
P28668	P16659
P28668	P39965
P28668	Q9FEA2
P28668	Q5HIE7
P28668	Q8I5R7
P28668	Q02KT5
P28668	Q8R010
P28668	O82462
P32387	P32387
P32607	P32607
P32772	P32772
P32905	P32905
P32905	Q924T2
P32905	P46769
P32905	P46654
P32905	O47027
P32905	Q5HGH6
P32905	P75560
P32905	Q8IJD4
P32905	Q9GCB9
P32905	Q08682
P32905	Q9Y7L8
P32905	O42817
P32905	P08865
P32905	P14206
P32905	P38983
P32905	P21464
P32905	P32902
P32905	P0A7V0
P32905	Q4GWZ2
P32905	Q6N5Q2
P32905	Q9Y399
P32905	Q9P546
P33441	P33441
P34160	P34160
P35198	P35198
P35198	Q02794
P35729	P35729
P36036	P36036
P36137	P36137
P36224	P36224
P37277	P37277
P37277	Q9SUI4
P38130	P38130
P38130	P38131
P38130	P26725
P38130	P54070
P38130	P33550
P38130	P53966
P38130	Q00310
P56258	P56258
P58742	P58742
P59999	P59999
P59999	P59998
P59999	Q92352
P59999	P58798
P59999	P33204
P59999	O96625
P69799	P69799
P69799	P69797
P69799	Q9RGG4
P69799	Q9RGG5
P69799	P26379
P69799	P26380
P74572	P74572
P74572	Q96C36
P74572	P54904
P74572	P32322
P74572	P9WHU7
P74572	Q922Q4
P74572	Q20848
P74572	Q9DCC4
P74572	P32263
P75542	P75542
P78285	P78285
P82094	P82094
P82094	Q0WVL7
P82094	B9EKI3
P87132	P87132
P97544	P97544
P97544	Q6WAY2
P97544	Q8BFZ2
P97544	Q7TME0
P97544	Q9ZU49
P97544	Q7Z2D5
P97544	Q7TPB0
P97544	Q04396
P97544	Q8LFD1
P97544	Q8BJ52
P97544	Q0WNG6
P97544	Q05521
P97544	Q99JY8
P97544	Q96GM1
P97544	Q9DAX2
P97544	Q5VZY2
P97544	Q61469
P97544	Q0VBU9
P97544	O14494
P97544	Q9V576
P97544	O14495
P97544	Q3UMZ3
P97544	Q7TMB0
P97544	O08564
P97544	Q6W5G4
P97544	Q8VCY8
P97544	Q10022
P97544	Q7TMB7
P97544	Q32ZL2
P9WGC3	P9WGC3
P9WJ09	P9WJ09
P9WME7	P9WME7
P9WNJ9	P9WNJ9
P9WNJ9	P9WNI3
P9WNJ9	P9WNI5
P9WNJ9	P9WNJ7
Q5U5X8	Q5U5X8
Q5U5X8	Q6PGH4
Q5U5X8	Q8WU58
Q5U5X8	Q6P539
Q5VW32	Q5VW32
Q5VZ19	Q5VZ19
Q5XIQ5	Q5XIQ5
Q5XIQ5	Q9NVU7
Q5XIQ5	P53313
Q5XIQ5	Q80UZ2
Q5XIQ5	Q10342
Q5XIQ5	Q7KKH3
Q5XIQ5	Q9NEU2
Q5XUX0	Q5XUX0
Q5XUX0	Q04511
Q5XUX0	Q94AT5
Q5XUX0	Q93YW0
Q5XUX0	B2RYN2
Q5XUX0	Q3TQF0
Q64017	Q64017
Q64017	Q14439
Q64017	Q80WT4
Q64314	Q64314
Q64314	P28906
Q64ET8	Q64ET8
Q64ET8	Q96QU4
Q64ET8	A6NGY1
Q6DIA7	Q6DIA7
Q6IMH0	Q6IMH0
Q6PIU9	Q6PIU9
Q6PIU9	Q6ZSR9
Q6ZNC8	Q6ZNC8
Q6ZNC8	O42916
Q6ZNC8	Q6NN55
Q6ZNC8	Q6ZWT7
Q6ZNC8	Q8BH98
Q6ZNC8	Q3T1J2
Q6ZNC8	Q08548
Q6ZNC8	Q8R3I2
Q6ZQ08	Q6ZQ08
Q6ZQ08	A5YKK6
Q6ZQ08	Q20937
Q6ZV65	Q6ZV65
Q6ZV65	Q5HY64
Q6ZV65	Q8NA70
Q6ZV65	A6NHR8
Q6ZV65	Q5JRC9
Q8K305	Q8K305
Q8K305	Q96IY1
Q8N112	Q8N112
Q8N7U7	Q8N7U7
Q8NET6	Q8NET6
Q8NET6	O43529
Q8NET6	Q8NCH0
Q8NET6	Q99LL3
Q8NET6	Q9H2A9
Q8NET6	Q9NRB3
Q8NET6	P69478
Q8NET6	Q9JME2
Q8NET6	Q7L1S5
Q8TGQ3	Q8TGQ3
Q8VD26	Q8VD26
Q8VD26	Q96AN5
Q8WWF3	Q8WWF3
Q8WXC6	Q8WXC6
Q8WZJ8	Q8WZJ8
Q8XBV3	Q8XBV3
Q8Y832	Q8Y832
Q91XQ4	Q91XQ4
Q91XQ4	Q6P6I6
Q91XQ4	P0CAP2
Q92902	Q92902
Q92902	O08983
Q9EQH3	Q9EQH3
Q9EQH3	Q96QK1
Q9EQH3	P34110
Q9EQH3	O74552
Q9GZE9	Q9GZE9
Q9GZE9	Q6AY30
Q9GZE9	Q8NBX0
Q9GZE9	Q8R127
Q9GZU0	Q9GZU0
Q9H081	Q9H081
Q9H081	Q9CY25
Q9H2S6	Q9H2S6
Q9H2S6	Q9EP64
Q9H2S6	O75829
Q9H2S6	Q9ESC2
Q9H2S6	Q9Z1F6
Q9H3K2	Q9H3K2
Q9H6R4	Q9H6R4
Q9H6R4	Q8R5K4
Q9H6R4	Q8IH00
Q9HBM0	Q9HBM0
Q9HBM0	Q3ZK22
Q9JIL9	Q9JIL9
Q9JIL9	Q9R207
Q9JIL9	O60934
Q9JJ06	Q9JJ06
Q9JJ06	Q8C1F4
Q9JJ06	P0DN25
Q9JJ06	O09009
Q9JJ06	Q9Y644
Q9JJ06	O09010
Q9JJ06	Q9JJ05
Q9JJ06	Q70JA7
Q9JJ06	Q9NS00
Q9JJ06	Q86X52
Q9JJ06	O00587
Q9JJ06	Q18515
Q9JJ06	Q24342
Q9JJ06	Q8BJQ9
Q9JJ06	Q9JMG2
Q9JJ06	Q8N6G5
Q9JJ06	Q96EU7
Q9JJ06	Q5DTK1
Q9LSW8	Q9LSW8
Q9LSW8	P38117
Q9LSW8	Q68FU3
Q9LSW8	Q9DCW4
Q9LSW8	P42940
Q9NQX3	Q9NQX3
Q9NQX3	P0AEZ9
Q9NQX3	P0AF05
Q9NQX3	P0AF04
Q9NQX3	P9WJQ7
Q9NQX3	Q39054
Q9NQX3	P39205
Q9NQX3	Q8BUV3
Q9NQX3	Q03555
Q9NUR3	Q9NUR3
Q9NUR3	Q96NL1
Q9NUR3	Q8BQU7
Q9NWT8	Q9NWT8
Q9NWT8	Q9DCJ7
Q9NX46	Q9NX46
Q9NYU1	Q9NYU1
Q9NYU1	Q0WL80
Q9NYU1	Q09140
Q9NYU1	Q9JLA3
Q9NYU1	P22023
Q9NYU1	Q09332
Q9NYU1	Q6P5E4
Q9P0B6	Q9P0B6
Q9P6M1	Q9P6M1
Q9QZJ6	Q9QZJ6
Q9QZJ6	P55001
Q9QZJ6	Q13361
A2RU49	A2RU49
A2RU49	Q5U5V2
A4QTI0	A4QTI0
A6PVY3	A6PVY3
A6PVY3	Q8N128
A6PVY3	Q8BR63
A7TMK6	A7TMK6
A7TMK6	Q5AK42
A7TMK6	Q3E705
D3Z0R2	D3Z0R2
D3Z0R2	Q96LQ0
F4JGP6	F4JGP6
G3UW99	G3UW99
G4N5Q2	G4N5Q2
O04928	O04928
O04928	O49639
O04928	O35052
O04928	P98191
O04928	O95674
O04928	Q99L43
O04928	Q92903
O04928	Q1PE48
O04928	Q91XU8
O04928	Q9P381
O04928	P56079
O04928	P53439
O04928	P53439
O04928	P38221
O13800	O13800
O13961	O13961
O14087	O14087
O14226	O14226
O22227	O22227
O22802	O22802
O49347	O49347
O49711	O49711
O60950	O60950
O74460	O74460
O74460	Q8BZR9
O74460	Q53F19
O77475	O77475
P58467	P58467
P58467	Q9NVD3
P62279	P62279
P62279	P51404
P62279	Q03334
P62279	P62278
P62279	P62277
P62279	P62301
P62279	A0A1D8PPE0
P62279	Q05761
P62279	P05756
P62279	P59224
P62279	P59223
P62279	P28189
P62279	Q980A8
P87164	P87164
P87164	P34228
P91318	P91318
P91318	Q9VFE6
P91318	Q9Y3B9
P91318	Q9CYX7
P91318	Q5M947
P93297	P93297
Q00873	Q00873
Q00873	P06182
Q00873	P53701
Q00873	P53702
Q03691	Q03691
Q06134	Q06134
Q0J7V9	Q0J7V9
Q0V842	Q0V842
Q0WQE7	Q0WQE7
Q10075	Q10075
Q10075	Q9S7Z3
Q10075	Q9ZWB7
Q10075	Q9SWW5
Q10198	Q10198
Q10346	Q10346
Q10917	Q10917
Q1W209	Q1W209
Q3E9C3	Q3E9C3
Q3UTD9	Q3UTD9
Q42381	Q42381
Q42381	O64815
Q45GW3	Q45GW3
P03087	P03087
P04485	P04485
P68950	P68950
Q0JJ05	Q0JJ05
Q92360	Q92360
Q93V51	Q93V51
Q944B6	Q944B6
Q94C53	Q94C53
Q94C53	Q9VDD1
Q94C53	P34623
Q94C53	Q96HY6
Q94C53	Q80WW9
Q94F39	Q94F39
Q94F39	B4FAF3
Q94F39	B1B5D3
Q94F39	B1B5D4
Q94F39	B4FM28
Q94F39	B6SLJ0
Q94F39	Q9LMX5
Q94F39	B1B5D5
Q94F39	B6SM63
Q94F39	Q10Q07
Q94F39	Q10JI3
Q94F39	B6TCE8
Q94F39	B4FXN6
Q94F39	B6TNQ7
Q94F39	B6UGG4
Q94F39	Q9SV55
Q94F39	Q9LQ98
Q94F39	Q9S7Z2
Q94K75	Q94K75
Q96AW1	Q96AW1
Q96FM1	Q96FM1
Q9BSF4	Q9BSF4
Q9C117	Q9C117
Q9C6I7	Q9C6I7
Q9C7X5	Q9C7X5
Q9DAE8	Q9DAE8
Q9DAE8	Q96LT6
Q9ER88	Q9ER88
Q9ER88	P51398
Q9FGN7	Q9FGN7
Q9FIB6	Q9FIB6
Q9FIB6	O00232
Q9FIB6	Q12250
Q9FIB6	Q9D8W5
Q9FIB6	P0CU17
Q9FIB6	P0CU18
Q9FIB6	P0CU17
Q9FIB6	P0CU18
Q9FK30	Q9FK30
Q9FKP0	Q9FKP0
Q9FME5	Q9FME5
Q9FME5	Q9LFW3
Q9FME5	O04500
Q9FNZ5	Q9FNZ5
Q9GZZ8	Q9GZZ8
Q9HDW9	Q9HDW9
Q9HDW9	P23797
Q9HDW9	Q9Y2B2
Q9HGN3	Q9HGN3
Q9LET3	Q9LET3
Q9LJR7	Q9LJR7
Q9LJR7	Q8LDW9
Q9LJR7	P32623
Q9LJR7	Q39099
Q9LJR7	Q05790
Q9LJR7	Q9ZV40
Q9LJR7	Q9SJL9
Q9LJR7	P53301
Q9LMH0	Q9LMH0
Q9LTI3	Q9LTI3
Q9LVA2	Q9LVA2
Q9LXR9	Q9LXR9
Q9LZA5	Q9LZA5
Q9LZX1	Q9LZX1
Q9M2N5	Q9M2N5
Q9M2N5	B9FJG3
Q9M8T5	Q9M8T5
Q9M8T5	Q9LFE4
Q9M8T5	F4I8B9
Q9M8T5	F4JJP1
Q9NA80	Q9NA80
Q9P6P0	Q9P6P0
Q9QYK5	Q9QYK5
Q9QYK5	Q9QYK4
Q9QYK5	O60243
Q9QYK5	Q96MM7
Q9QYK5	Q8IZP7
Q9SS81	Q9SS81
Q9USN6	Q9USN6
Q9UT42	Q9UT42
Q9UT42	P42951
Q9UT42	O22199
Q9UT42	Q99M64
Q9UT42	Q9FNF8
Q9UT42	Q9SI52
Q9UT42	Q6PE18
Q9UT42	Q8CBQ5
Q9UT42	Q9BTU6
Q9UT42	Q5XIL2
Q9UT42	Q9C671
Q9UT42	Q2TBE6
Q9UT42	Q8TCG2
Q9UTK0	Q9UTK0
Q9UTK0	Q08444
Q9UTK0	Q8BW10
Q9UTK0	Q9ULX3
Q9VF78	Q9VF78
Q9VF78	Q921L5
Q9VF78	Q14746
Q9VPC1	Q9VPC1
Q9XF91	Q9XF91
Q9XF91	A2WXD9
Q9XF91	Q943K1
A0A0H2ZPS7	A0A0H2ZPS7
A0A0H2ZPS7	Q8CY87
O42648	O42648
O43035	O43035
O43035	Q6AZ50
O43035	Q9CPX6
O43035	Q9NT62
O43035	P40344
O74429	O74429
O74429	P91309
O74429	F4J8C6
O74429	P0C644
O74429	A2ARP1
O74429	Q06685
O74429	Q9VR59
O74505	O74505
O75935	O75935
O75935	Q9Z0Y1
O94343	O94343
O94343	P53389
O94664	O94664
P01588	P01588
P03030	P03030
P06783	P06783
P07252	P07252
P0A7R1	P0A7R1
P0A7R1	Q9BYD2
P0A7R1	P42352
P0A7R1	P25864
P0A7R1	Q8YAR2
P0A7R1	P37437
P0A9F5	P0A9F5
P0AAN3	P0AAN3
P0ACG3	P0ACG3
P0ACG3	P0ACG1
P0ACG3	P0ACF8
P0ACG3	P0ACG0
P0ACG3	P09120
P0C7V7	P0C7V7
P0C7V7	Q9D8V7
P0C7V7	P15367
P0C7V7	Q9BY50
P0C7V7	Q9R0P6
P0C7V7	P67812
P0CF17	P0CF17
P0DMB2	P0DMB2
P19263	P19263
P21171	P21171
P22102	P22102
P22102	P00967
P22102	Q9SN95
P22102	P07244
P22102	Q96DP5
P22102	Q83QT8
P22102	Q8XAC5
P22102	P08178
P22102	Q9SGE0
P22102	Q64737
P22102	Q93YQ3
P22102	P20772
P22102	Q05728
P22102	P52420
P22102	Q9FIE8
P22102	Q9ZUY6
P22102	B0VT70
P22102	Q8NBZ7
P22102	P04161
P22102	P12043
P24602	P24602
P25648	P25648
P26951	P26951
P26951	P15509
P32389	P32389
P32608	P32608
P33891	P33891
P34654	P34654
P35056	P35056
P35056	O77033
P35056	Q04364
P35056	Q9FMA3
P35056	Q61371
P35056	P17883
P35056	D3YVL2
P35056	Q920N5
P35056	P79457
P35056	Q5T0N1
P35056	Q8C437
P35056	Q925N3
P35056	Q95QK3
P35056	O15054
P35056	O94325
P35056	O70546
P35056	Q8IYB4
P35056	Q2M2R8
P35056	P50542
P35056	P14922
P35056	Q5NCY0
P35056	O14607
P35056	O60184
P35056	O74711
P35056	O09012
P35056	O15550
P35201	P35201
P36138	P36138
P37561	P37561
P38291	P38291
P38347	P38347
P38798	P38798
P38848	P38848
P39065	P39065
P39180	P39180
P39180	P77552
P39180	P52143
P39782	P39782
P40003	P40003
P40003	A7TP22
P40052	P40052
P40094	P40094
P40739	P40739
P40739	P20166
P40739	P69783
P40739	P69786
P40739	P36672
P40739	Q5HJI0
P40739	P09323
P40739	P39794
P40739	P75569
P45758	P45758
P46669	P46669
P46958	P46958
P51175	P51175
P51175	P50336
P53150	P53150
P53270	P53270
P53330	P53330
P53741	P53741
P53886	P53886
P53938	P53938
P60002	P60002
P60002	O13868
P60002	P36053
P62258	P62258
P62258	P62259
P62258	P62260
P62258	P62261
P62258	P42644
P62258	P63102
P62258	P63103
P62258	P63104
P62258	P29361
P62258	P63101
P62258	Q96299
P62258	P34730
P62258	P42645
P62258	P42656
P62258	P42657
P62258	P68511
P62258	P68510
P62258	P42652
P62258	P93210
P62258	P61981
P62258	P61982
P62258	P61983
P62258	P68252
P62258	P93211
P62258	Q96300
P62258	Q20655
P62258	P93212
P62258	Q9C5W6
P62258	P29310
P62258	P29311
P62258	P46077
P62258	Q2R2W2
P62258	P29306
P62258	Q01525
P62258	P31947
P62258	P31947
P62258	Q01526
P62258	P27348
P62258	P68254
P62258	P68255
P62258	P41932
P62258	P68250
P62258	P31946
P62258	P48348
P62258	Q96452
P62258	P68251
P62258	P48349
P62258	B8NLM9
P62258	P35213
P62258	O42766
P62258	P92177
P62258	P49106
P62258	Q9S9Z8
P62258	O70456
P62258	Q06967
P62258	P48347
P62258	Q9CQV8
P62258	P54632
P62258	Q04917
P62258	P42643
P62258	C0H4V6
P71447	P71447
P72932	P72932
P73451	P73451
P73451	Q55461
P75543	P75543
P9WID5	P9WID5
P9WJ41	P9WJ41
P9WLI9	P9WLI9
P9WLI9	P9WLI8
P9WNK5	P9WNK5
P9WP59	P9WP59
Q02202	Q02202
Q02RJ6	Q02RJ6
Q03088	Q03088
Q03088	P37304
Q03208	Q03208
Q03466	Q03466
Q03615	Q03615
Q03722	Q03722
Q04406	Q04406
Q04601	Q04601
Q04847	Q04847
Q06139	Q06139
Q06810	Q06810
Q07376	Q07376
Q08187	Q08187
Q08646	Q08646
Q08961	Q08961
Q09231	Q09231
Q09600	Q09600
Q10218	Q10218
Q12035	Q12035
Q12035	Q5QJE6
Q12035	Q8R2M2
Q12098	Q12098
Q12440	Q12440
Q12493	Q12493
Q13084	Q13084
Q13084	Q9D1B9
Q20762	Q20762
Q21955	Q21955
Q2M2E3	Q2M2E3
Q2M2E3	Q8VI88
Q30KQ4	Q30KQ4
Q3B7T8	Q3B7T8
Q3B7T8	Q9C0F1
Q3E7C1	Q3E7C1
Q3KR86	Q3KR86
Q3KR86	Q16891
Q3KR86	Q8CAQ8
Q3MHS2	Q3MHS2
Q3MHS2	Q9M8S7
Q3MHS2	Q96NB3
Q3MHS2	Q8R1N0
Q3U4I7	Q3U4I7
Q3U4I7	Q68FT3
Q3USH1	Q3USH1
Q3USH1	A6NMK8
Q3USH1	Q6ZSG2
Q3USH1	Q6GQV1
Q3ZCQ2	Q3ZCQ2
Q4J9A0	Q4J9A0
Q4JAS3	Q4JAS3
Q4W5G0	Q4W5G0
Q4W5G0	Q8BUZ3
Q4W5G0	Q6NT04
Q4W5G0	O75564
Q4W5G0	P27790
Q4W5G0	Q17RP2
Q4W5G0	Q499M4
Q4W5G0	Q60976
Q4W5G0	Q53EQ6
Q4W5G0	Q0VBL1
Q4W5G0	Q96MW7
Q4W5G0	B2RD01
Q4W5G0	Q9VBW6
Q4W5G0	Q9VBW9
Q4W5G0	P07199
Q4W5G0	Q8IY51
Q4W5G0	Q9Y4A0
Q505D7	Q505D7
Q505D7	Q9H6K4
Q55013	Q55013
Q58CS7	Q58CS7
Q58CS7	Q9LXH5
Q58CS7	Q8CGS4
Q58CS7	P36095
Q58CS7	Q9FFB3
Q58CS7	O14296
Q58CS7	Q9CQ10
Q5AHH4	Q5AHH4
Q5AML2	Q5AML2
Q5AML2	P53088
Q5AML2	Q12093
Q5AML2	B1WBV0
Q5AML2	B1WC37
Q5AML2	O75648
Q5AML2	Q7Z7A3
Q5AML2	Q99J10
Q5AML2	O64862
Q5AML2	P73755
Q5AML2	O94282
Q5AML2	Q83LF7
Q5DTX6	Q5DTX6
Q5H8C4	Q5H8C4
Q5H8C4	Q96RL7
Q5H8C4	F8S296
Q5H8C4	Q8BX70
Q5H8C4	A1Z713
Q5H8C4	Q21480
Q5HE23	Q5HE23
Q5SRE5	Q5SRE5
Q5SRE5	Q6ZQH8
Q5TBE3	Q5TBE3
Q5VW36	Q5VW36
Q5VZ46	Q5VZ46
Q62722	Q62722
Q62722	Q15742
Q62722	Q61122
Q62722	Q61127
Q62722	Q13506
Q66H43	Q66H43
Q66H43	Q9D6W8
Q68CZ6	Q68CZ6
Q6BCL1	Q6BCL1
Q6BCL1	O35601
Q6BCL1	D3ZIE4
Q6BCL1	Q5VWT5
Q6BCL1	O15117
Q6BCL1	A2A995
Q6GQX2	Q6GQX2
Q6GQX2	O14513
Q6NT16	Q6NT16
Q6NXP0	Q6NXP0
Q6P2I7	Q6P2I7
Q6P2I7	P0CF75
Q6TMG5	Q6TMG5
Q6TMG5	Q96CV9
Q6TMG5	Q8R5M4
Q6TMG5	O88522
Q6TMG5	Q8K3K8
Q6TMG5	Q7YS99
Q6UWD8	Q6UWD8
Q6UWD8	Q8C708
Q6UWD8	Q5BK39
Q6UXB1	Q6UXB1
Q6YGZ1	Q6YGZ1
Q6YGZ1	B2RY83
Q6YGZ1	Q9FF10
Q6YGZ1	Q9Y251
Q6YGZ1	Q9FZP1
Q6YGZ1	Q8WWQ2
Q6ZST4	Q6ZST4
Q76PC4	Q76PC4
Q7LFX5	Q7LFX5
Q7Z2V1	Q7Z2V1
Q7Z7N9	Q7Z7N9
Q7Z7N9	Q9CY24
Q80YV2	Q80YV2
Q83JY2	Q83JY2
Q83JY2	B1XPE2
Q86XP6	Q86XP6
Q8BG30	Q8BG30
Q8BG30	Q86NP2
Q8BJ64	Q8BJ64
Q8BJ64	P17444
Q8BJ64	Q9HTJ2
Q8BJ64	Q8NE62
Q8BJ64	Q9VY01
Q8BJ64	A8JHB7
Q8BJ64	Q6UPE0
Q8BMK0	Q8BMK0
Q8BMK0	Q6P2H3
Q8BMK0	Q5SZL2
Q8IWL3	Q8IWL3
Q8IXU6	Q8IXU6
Q8IXU6	O59785
Q8IXU6	Q7TML3
Q8IXU6	Q5T1Q4
Q8K0U3	Q8K0U3
Q8K0U3	Q86X19
Q8K215	Q8K215
Q8K215	O60068
Q8K2I2	Q8K2I2
Q8K2I2	Q8TD31
Q8N4C9	Q8N4C9
Q8N4C9	Q5QR91
Q8N7U9	Q8N7U9
Q8NB16	Q8NB16
Q8NB16	Q9D2Y4
Q8ND83	Q8ND83
Q8ND83	Q3MHV6
Q8ND83	Q9P270
Q8ND83	Q68FF7
Q8ND83	Q8CI08
Q8PXA9	Q8PXA9
Q8R9S4	Q8R9S4
Q8R9S4	P74667
Q8R9S4	B0VT30
Q8T626	Q8T626
Q8TC56	Q8TC56
Q8TC56	D3YV92
Q8TC56	Q96KD3
Q8TC56	Q8N9W8
Q8TC56	Q66H38
Q8TC56	Q6NXP2
Q8TC56	Q8IYT1
Q8TC56	Q8NEG0
Q8TC56	Q3UZD7
Q8TC56	Q5RJN7
Q8TC56	Q5STT6
Q8TC56	Q8N5Q1
Q8TGR9	Q8TGR9
Q8VE62	Q8VE62
Q8VE62	Q9H074
Q8WUY1	Q8WUY1
Q8WVK7	Q8WVK7
Q91X58	Q91X58
Q91X58	Q8N6M9
Q91X58	Q9SCM4
Q91X58	Q9JII7
Q91X58	Q8BFR6
Q91X58	P53899
Q91X58	Q4KLG9
Q91X58	Q8TCF1
Q91X58	Q8WV99
Q921R8	Q921R8
Q921R8	Q96GZ6
Q921R8	Q8BYR8
Q921R8	Q8BJA2
Q921R8	Q8IVJ1
Q921R8	Q96JW4
Q924Y8	Q924Y8
Q924Y8	Q3UVY1
Q924Y8	Q86SP6
Q96PZ2	Q96PZ2
Q96PZ2	Q9D2L9
Q96PZ2	Q6SJ93
Q96SE0	Q96SE0
Q96SE0	Q02891
Q96SE0	P38295
Q96SE0	Q8WU67
Q96SE0	Q03649
Q96SE0	Q91ZH7
Q97YD5	Q97YD5
Q99KG7	Q99KG7
Q99KG7	Q9NQG7
Q9ADK0	Q9ADK0
Q9BRY0	Q9BRY0
Q9BRY0	Q99K24
Q9BRY0	Q5U1X7
Q9BRY0	Q9NY26
Q9BVK2	Q9BVK2
Q9BVK2	P40351
Q9BY14	Q9BY14
Q9BY14	Q924B5
Q9BY14	Q9JMI7
Q9CQE9	Q9CQE9
Q9CQE9	Q96CP2
Q9CXH7	Q9CXH7
Q9CXH7	Q5FBB7
Q9D0I4	Q9D0I4
Q9D0I4	Q9Z158
Q9D0I4	P56962
Q9D2U5	Q9D2U5
Q9D2U5	Q9BRA0
Q9D9T0	Q9D9T0
Q9D9T0	Q96IM9
Q9ESC8	Q9ESC8
Q9ESC8	O55112
Q9ESC8	P51825
Q9ESC8	P51827
Q9ESC8	Q9VQI9
Q9ESC8	O88573
Q9ESC8	Q9UHB7
Q9FME8	Q9FME8
Q9FME8	O82485
Q9FME8	P40897
Q9FME8	Q9SUA4
Q9FME8	O14031
Q9FME8	O23482
Q9FME8	Q06593
Q9FME8	P40900
Q9H488	Q9H488
Q9H488	Q9V6X7
Q9H488	Q91ZW2
Q9HBM1	Q9HBM1
Q9HBM1	Q93VK9
Q9HBM1	Q3UA16
Q9HDW0	Q9HDW0
Q9JI70	Q9JI70
Q9JI70	Q9NPJ1
Q9LNH6	Q9LNH6
Q9LNH6	Q944A9
Q9LNH6	Q9LRP1
Q9NP50	Q9NP50
Q9NR83	Q9NR83
Q9NR83	Q9H8N7
Q9NR83	Q6ZNC4
Q9NR83	Q9ERQ3
Q9NTX9	Q9NTX9
Q9NTX9	Q8IXS0
Q9NUS5	Q9NUS5
Q9P0I2	Q9P0I2
Q9P2W1	Q9P2W1
Q9P7X2	Q9P7X2
Q9STN5	Q9STN5
Q9UIL1	Q9UIL1
Q9UPM9	Q9UPM9
Q9UPM9	Q9R1S0
Q9UPM9	Q9NXB0
Q9UPM9	Q9BPU9
Q9UPM9	Q5SW45
Q9UX85	Q9UX85
Q9VAU9	Q9VAU9
Q9VAU9	Q922H9
Q9VAU9	Q9Y3S2
Q9VCF0	Q9VCF0
Q9VCF0	Q9Y4X0
Q9VCF0	Q12012
Q9VCF0	Q9JHT5
Q9VCF0	Q6DCA0
Q9VCF0	Q8JZZ6
Q9VDV3	Q9VDV3
Q9VDV3	Q8R332
Q9VDV3	P70581
Q9VRQ7	Q9VRQ7
Q9VRQ7	O54956
Q9VRQ7	P56282
Q9VTM0	Q9VTM0
Q9W2W5	Q9W2W5
Q9W2W5	Q9W4J9
Q9WV78	Q9WV78
Q9WV78	Q91VC4
Q9WV78	Q9BX97
Q9XWJ1	Q9XWJ1
Q9Y2B1	Q9Y2B1
Q9Y2B1	Q8VDX6
Q9Y3C1	Q9Y3C1
Q9Y3C1	Q9CPT5
Q9Y3C1	Q1RP77
Q9Y548	Q9Y548
Q9Y548	Q91VU1
Q9Y548	Q99LP8
Q9Y548	Q9BWQ6
Q9Z0J0	Q9Z0J0
Q9Z0J0	P61916
A4QTQ9	A4QTQ9
A6NF36	A6NF36
A6PWV3	A6PWV3
A7XN92	A7XN92
A7XN92	Q9LDA9
A7XN92	Q2R1U8
A7XN92	Q84N49
A7XN92	F4J2U9
A7XN92	Q9LT57
A7XN92	F4JVH1
B0G125	B0G125
F4I4P3	F4I4P3
F4JSH1	F4JSH1
G3UWD5	G3UWD5
J3QMY9	J3QMY9
O03983	O03983
O13683	O13683
O13808	O13808
O13808	O60234
O13808	Q80T18
O13808	P60984
O13808	P60983
O13808	Q9CQI3
O13808	Q9ERL7
O35165	O35165
O35165	O14653
O35165	Q9P7G5
O35165	Q9FK28
O35165	P41941
O35165	Q9SJL6
O48890	O48890
O48890	P20433
O48890	O15514
O48890	Q9D7M8
O64584	O64584
O65688	O65688
O65688	P29704
O65688	P37268
O65688	A0A1D8PI71
O65688	P36596
O65688	P53798
O74476	O74476
O74476	O00410
O74476	Q8BKC5
O74476	O60518
O74476	P32337
O74476	Q8BIV3
O80832	O80832
O88668	O88668
O88668	O75629
O94349	O94349
O97980	O97980
P03893	P03893
P03893	P03891
P09240	P09240
P0DKL2	P0DKL2
P10147	P10147
P10147	P80075
P10147	P80098
P10147	O35188
P10147	P27784
P10147	P13500
P10147	P10146
P10147	P13501
P10147	P51670
P10147	O15444
P10147	O55145
P10147	O00585
P10147	P10148
P10147	P78423
P10147	Q9Y258
P10147	Q16627
P10147	P48061
P10147	Q9UBD3
P10147	P16619
P10147	Q9Z121
P10147	P22362
P10147	P47992
P10147	P55773
P10147	Q99616
P30182	P30182
P30182	P48372
P30182	P87078
P30182	Q23670
P30182	A0A0G2Q9F8
P30182	P9WG47
P30182	O93794
P30182	Q9HUK1
P30182	Q5HJZ0
P30182	P06786
P30182	P15348
P30182	O46374
P30182	P08096
P30182	Q9CAF6
P30182	P11388
P30182	Q01320
P30182	P41516
P30182	P0AES5
P30182	O16140
P30182	Q64511
P30182	Q02880
P30182	Q02880
P30182	P05653
P33418	P33418
P36417	P36417
P38289	P38289
P38680	P38680
P38874	P38874
P41903	P41903
P49771	P49771
P53266	P53266
P58513	P58513
P93303	P93303
Q08066	Q08066
Q08066	P49693
Q08066	P84098
Q08066	P84099
Q08066	P84100
Q08066	O42699
Q08066	P14329
Q08066	P0CX83
Q08066	P0CX82
Q08066	P36241
Q08066	Q9LUQ6
Q08066	O02639
Q08066	A0A1D8PK40
Q08066	P05734
Q08066	Q9SRX2
Q08648	Q08648
Q09795	Q09795
Q09795	O54975
Q09795	F4JQH3
Q09795	A0A144A2H0
Q09795	Q07825
Q09795	P75313
Q09795	Q9VJG0
Q09795	A4RF35
Q09795	O43895
Q0V865	Q0V865
Q0WMY5	Q0WMY5
Q10207	Q10207
Q10207	P38904
Q10L32	Q10L32
Q10L32	Q3K1F5
Q10L32	Q9ZS91
Q10L32	Q8BU85
Q10L32	Q9JLC3
Q10L32	O49707
Q10L32	Q9C5C8
Q10L32	Q9C8M2
Q10L32	Q4FZX5
Q10L32	Q9Y3D2
Q10L32	Q8INK9
Q10L32	P0A746
Q10L32	Q9NZV6
Q10L32	Q9M0Z5
Q10L32	Q9M0Z6
Q1HG60	Q1HG60
Q1HG60	Q80SX8
Q1HG60	Q9H611
Q1HG60	P07271
Q1HG60	P38766
Q1HG60	Q59RQ0
Q1HG60	Q9UUA2
Q20010	Q20010
Q23925	Q23925
Q29RU8	Q29RU8
Q29RU8	Q6TDU7
Q2M3A8	Q2M3A8
Q2V2P1	Q2V2P1
Q2YFS2	Q2YFS2
Q2YFS2	Q9UKJ0
Q2YFS2	Q2YFS3
Q2YFS2	Q9UKJ1
Q3E6S9	Q3E6S9
Q3TYV2	Q3TYV2
Q3TYV2	C9JL84
Q3UUI3	Q3UUI3
Q3UUI3	Q5T1C6
Q3UUI3	Q8N1Q8
Q3UUI3	Q9CQJ0
Q4FZF2	Q4FZF2
Q4FZF2	Q66LM6
Q4FZF2	A1A519
Q4FZF2	E9PXT9
P03116	P03116
P04488	P04488
P16285	P16285
Q92361	Q92361
Q93V56	Q93V56
Q93V56	P00817
Q93V56	O82597
Q93V56	P0A7B0
Q93V56	P0A7A9
Q93V56	P38576
Q93V56	P50308
Q93V56	O77392
Q93V56	P75250
Q93V56	O48556
Q93V56	O77460
Q93V56	Q15181
Q93V56	P9WI55
Q93V56	P80507
Q93V56	O82793
Q93V56	P19117
Q93V56	Q9D819
Q93V56	Q9LFF9
Q93V56	P83777
Q93V56	Q0DYB1
Q93V56	Q9LXC9
Q93V56	P21216
Q93WL3	Q93WL3
Q94AU9	Q94AU9
Q94K78	Q94K78
Q96FN9	Q96FN9
Q99NF1	Q99NF1
Q99NF1	Q9HAY6
Q99NF1	O70276
Q99NF1	Q9JJS6
Q99NF1	Q9VFS2
Q99NF1	Q16518
Q99NF1	Q91ZQ5
Q99NF1	Q9BYV7
Q9C8M1	Q9C8M1
Q9C8M1	Q9SUV2
Q9C8M1	Q9SKJ7
Q9C8M1	Q9LRP2
Q9CAC5	Q9CAC5
Q9FFK6	Q9FFK6
Q9FH80	Q9FH80
Q9FH80	O65258
Q9FH80	Q94A43
Q9FH80	Q9LN63
Q9FH80	O80831
Q9FH80	Q9S7F3
Q9FH80	Q8S307
Q9FH80	P25853
Q9FH80	Q9LIR6
Q9FH80	P93594
Q9FH80	Q0JPT4
Q9FH80	O23553
Q9FH80	O49404
Q9FH80	Q9ZV88
Q9FL82	Q9FL82
Q9FMF6	Q9FMF6
Q9FNI7	Q9FNI7
Q9FNI7	Q9SB75
Q9FNI7	Q9SJA2
Q9FNI7	Q9ZQB9
Q9FNI7	Q84W54
Q9FNI7	Q9LJP4
Q9FNI7	Q9SRT3
Q9FVQ4	Q9FVQ4
Q9JLI7	Q9JLI7
Q9JLI7	O75602
Q9LN62	Q9LN62
Q9LSZ3	Q9LSZ3
Q9LUQ3	Q9LUQ3
Q9LZX5	Q9LZX5
Q9M0H6	Q9M0H6
Q9M0H6	Q9FJZ3
Q9M1Y3	Q9M1Y3
Q9M358	Q9M358
Q9NQM4	Q9NQM4
Q9NQM4	Q3KNI6
Q9NVV2	Q9NVV2
Q9NZE8	Q9NZE8
Q9NZE8	Q9CQL6
Q9P7M6	Q9P7M6
Q9SA76	Q9SA76
Q9SIC3	Q9SIC3
Q9SIC3	Q9SCJ8
Q9SIC3	Q9LRX6
Q9SKN7	Q9SKN7
Q9SLG8	Q9SLG8
Q9SLG8	Q9D7N9
Q9SLG8	Q9HDC9
Q9SLG8	P94111
Q9SLG8	Q9SD07
Q9SLG8	Q9VB46
Q9SLG8	Q9SD05
Q9SR06	Q9SR06
Q9SR06	P52874
Q9SR06	Q92989
Q9SR06	Q99LI9
Q9SR06	Q08685
Q9SR06	Q9FLE2
Q9SS87	Q9SS87
Q9SS87	Q93XX2
Q9SZ42	Q9SZ42
Q9SZT9	Q9SZT9
Q9SZT9	O22190
Q9SZT9	Q9SKE2
Q9SZT9	Q8N2G8
Q9SZT9	Q99J23
Q9SZT9	Q9LYU4
Q9SZT9	Q9LQ68
Q9SZT9	Q9FZ87
Q9SZT9	Q9LSQ4
Q9US01	Q9US01
Q9USP0	Q9USP0
Q9USP0	Q06489
Q9USP0	Q5HZE4
Q9USP0	Q09924
Q9USP0	Q99LC8
Q9USP0	P12754
Q9USP0	Q62818
Q9USP0	Q9UI10
Q9USP0	Q9BV20
Q9USP0	A2ZCP0
Q9USP0	Q14232
Q9USP0	A9JRE2
Q9USP0	Q9CQT1
Q9USP0	Q63186
Q9USP0	Q0ITU1
Q9USP0	P14741
Q9USP0	Q9ZUG4
Q9USP0	Q61749
Q9USP0	Q9V9X4
Q9USP0	Q99LD9
Q9USP0	Q9UT76
Q9USP0	P49770
Q9USP0	O31662
Q9USP0	P32502
Q9UUK0	Q9UUK0
Q9XFB0	Q9XFB0
Q9XFB0	Q10FZ7
Q9XI73	Q9XI73
Q9ZPR7	Q9ZPR7
Q9ZPR7	Q9ZQ88
Q9ZPR7	Q9ZQ89
Q9ZPR7	Q93Z75
Q9ZUU3	Q9ZUU3
X1WGV5	X1WGV5
X1WGV5	Q9BV29
A0A1D8PJ72	A0A1D8PJ72
A0PJX4	A0PJX4
A0PJX4	B4DS77
A0PJX4	J3QNX5
A0PJX4	Q9D1Y9
A0PJX4	Q8N114
A0PJX4	Q3UH99
A0PJX4	A6NKW6
A0PJX4	Q9CZN4
A0PJX4	A6NL88
A0PJX4	Q6UWI4
A0PJX4	Q8C3Q5
A0PJX4	Q3UPR0
A0PJX4	Q96DD7
A2AED3	A2AED3
A5PL33	A5PL33
A5PL33	Q6NXZ1
A6NNH2	A6NNH2
A6NNH2	A6NKC0
A6NNH2	D6RGX4
A6NNH2	A8MXZ1
A6NNH2	A6NIJ5
A6NNH2	P0C7V4
A6NNH2	P0C7W9
A6NNH2	A8MXJ8
A6NNH2	A6NDY2
A6NNH2	Q86YD7
A6NNH2	A6NNJ1
A6NNH2	P0DV73
A6NNH2	P0DV74
A6NNH2	A6NJQ4
A6NNH2	P0C7W8
A6NNH2	P0C7X0
A6NNH2	A8MX19
A6NNH2	P0DV76
A6NNH2	P0DV75
A6NNH2	A8MWA6
A8K5M9	A8K5M9
D3YZP9	D3YZP9
D3YZP9	Q09350
D3YZP9	Q16204
E9Q1P8	E9Q1P8
E9Q1P8	Q8R3Y8
E9Q1P8	Q8IU81
E9Q1P8	Q5EIC4
E9Q1P8	Q8K3X4
E9Q1P8	Q9H1B7
G5ED89	G5ED89
O05518	O05518
O05518	O94710
O05518	P36132
O05518	Q9VV41
O05518	Q02TI3
O05518	P43122
O05518	Q6PEB4
O05518	Q9NPF4
O05518	Q9H4B0
O13563	O13563
O31541	O31541
O31771	O31771
O32165	O32165
O43299	O43299
O43299	Q3U829
O53165	O53165
O55003	O55003
O55003	O60238
O55003	Q09969
O55003	Q9Z2F7
O55003	Q32KN2
O59810	O59810
O62053	O62053
O62053	O45941
O62053	Q9U3R0
O74782	O74782
O75936	O75936
O75936	Q9QZU7
O75936	Q924Y0
O88531	O88531
O88531	P50897
O89000	O89000
O89000	Q9UX04
O89000	Q18164
O89000	Q8CHR6
O89000	Q12882
O95411	O95411
P04951	P04951
P07141	P07141
P07141	P09603
P07253	P07253
P09669	P09669
P09669	P11951
P09669	Q9CPQ1
P0A912	P0A912
P0A912	P0A911
P0A912	P0A910
P0AAP0	P0AAP0
P0ABB8	P0ABB8
P0ACI9	P0ACI9
P0ADS5	P0ADS5
P0ADS5	P0ADS2
P0CU08	P0CU08
P0CU08	P0CU09
P0CU08	P0CU08
P0CU08	P0CU09
P11972	P11972
P12758	P12758
P12758	Q16831
P12758	O95045
P12758	P52624
P15340	P15340
P17050	P17050
P17050	P06280
P17050	Q9QWR8
P17050	P51569
P17214	P17214
P17708	P17708
P17708	P17707
P17708	P0DMN7
P17708	D3Z6H8
P17708	Q9S7T9
P17708	P21182
P25578	P25578
P25578	Q32NB8
P25578	Q8BHF7
P28271	P28271
P28271	Q97VY2
P28271	P82611
P28271	Q63270
P28271	Q4JC09
P28271	Q5HG69
P28271	Q94AR8
P28271	Q99798
P28271	P34455
P28271	P39533
P28271	P49367
P28271	Q9SIB9
P28271	Q99KI0
P28271	P09339
P28271	P21399
P28271	Q9ER34
P28271	Q9UT74
P28271	Q9ZW84
P28271	Q9ZW85
P28271	P07264
P28271	Q62751
P28271	O14289
P28271	Q821C2
P28271	Q811J3
P28271	P80858
P28271	Q42560
P28271	P19414
P28271	P9WK95
P28271	Q23500
P28271	Q94A28
P28700	P28700
P28700	P11475
P28700	P49698
P28700	P22449
P28700	Q05343
P28700	Q09528
P28700	Q15406
P28700	Q9N4B8
P28700	Q9QXZ7
P28700	Q9R1A7
P28700	Q07917
P28700	Q06219
P28700	P43354
P28700	P20153
P28700	P43136
P28700	Q62685
P28700	Q9GTD4
P28700	Q9VML1
P28700	P20393
P28700	Q3UV55
P28700	P51179
P28700	Q5QJV7
P28700	O08580
P28700	Q19345
P28700	Q03181
P28700	Q61539
P28700	Q15466
P28700	H2KYJ8
P28700	Q21878
P28700	P13055
P28700	O02279
P28700	P13056
P28700	Q13285
P28700	Q9NA51
P28700	P04625
P28700	P51448
P28700	Q60644
P28700	Q9N1U3
P28700	G5EFF5
P28700	P06537
P28700	O35627
P28700	P19091
P28700	P19785
P28700	P28702
P28700	Q505F1
P28700	Q62227
P28700	Q8ITW8
P28700	P19793
P28700	P28704
P28700	Q17771
P28700	P28705
P28700	P63059
P28700	Q9XTJ4
P28700	Q9QWM1
P28700	Q92570
P28700	Q9Y5X4
P28700	Q9Z0Y9
P28700	P91829
P28700	P10826
P28700	P55055
P28700	Q92731
P28700	P62510
P28700	P62509
P28700	Q9BJK5
P28700	O44960
P28700	O88275
P28700	P37238
P28700	P03372
P28700	P06401
P28700	P10827
P28700	P15207
P28700	P10828
P28700	P48281
P28700	Q06725
P28700	P07812
P28700	P12813
P28700	P48443
P28700	P51843
P28700	P11416
P28700	P24468
P28700	P43135
P28700	P34021
P28700	P23204
P28700	P45448
P28700	Q05192
P28700	P10588
P28700	P41235
P28700	Q9Y466
P28700	P10589
P28700	P33242
P28700	P49866
P28700	P51449
P28700	Q92753
P28700	O45436
P28700	P22199
P28700	P22829
P28700	P33244
P28700	P41829
P28700	P51450
P28700	Q24142
P28700	P06536
P28700	P41830
P28700	Q07869
P28700	Q24143
P28700	Q9XUK7
P28700	O62389
P28700	O00482
P28700	P06211
P28700	P13631
P28700	Q13133
P28700	Q14994
P28700	Q17370
P28700	Q21006
P28700	P45446
P28700	O17611
P28700	O45666
P28700	Q14541
P28700	Q14995
P28700	P18911
P28700	P37230
P28700	P49116
P28700	P13053
P28700	Q9QZB6
P28700	P37231
P28700	P49117
P28700	P55094
P28700	Q8VII8
P28700	O09017
P28700	P11473
P28700	Q8VIJ4
P28700	Q96RI1
P31376	P31376
P32841	P32841
P33448	P33448
P34656	P34656
P34656	Q2PE14
P34656	Q9CYA6
P35203	P35203
P35734	P35734
P36038	P36038
P36097	P36097
P36139	P36139
P38190	P38190
P38243	P38243
P38293	P38293
P38348	P38348
P38799	P38799
P39789	P39789
P40053	P40053
P40095	P40095
P40502	P40502
P40560	P40560
P41222	P41222
P41222	P80188
P42409	P42409
P42409	P54504
P42409	P42410
P42409	O31856
P42409	O34860
P56555	P56555
P62627	P62627
P62627	Q9NP97
P62627	Q8TF09
P83773	P83773
P83773	P32316
P87245	P87245
P91928	P91928
Q01881	Q01881
Q04807	Q04807
Q04807	P81447
Q04807	P80195
Q04807	P15522
Q06822	Q06822
Q08213	Q08213
Q0KK56	Q0KK56
Q0KK56	Q9ULE4
Q10408	Q10408
Q10M12	Q10M12
Q12146	Q12146
Q12447	Q12447
Q2V3S7	Q2V3S7
Q3LI81	Q3LI81
Q3ZAQ7	Q3ZAQ7
Q4PSA3	Q4PSA3
Q4PSA3	Q8LEG3
Q4PSA3	Q9FLP0
Q4PSA3	Q9SIS3
Q4PSA3	Q9C7G0
Q4PSA3	Q8L836
Q4PSA3	Q9FHM4
Q4V8D6	Q4V8D6
Q4V8D6	Q3UAW9
Q4V8D6	Q9HAW0
A0A0J1I1I3	A0A0J1I1I3
P03274	P03274
P06437	P06437
Q9LVE4	Q9LVE4
Q9LVE4	Q9FVQ5
Q9LVE4	F4IBD7
Q9LVE4	Q94A87
Q9LVE4	B5TYT3
Q9LVE4	F4I248
Q9LVE4	F4JCY2
Q9LVE4	Q9XEA1
Q9LVE4	Q9C8G5
Q9M3A8	Q9M3A8
Q9NXJ0	Q9NXJ0
Q9NXJ0	P19437
Q9NXJ0	Q96DS6
Q9NXJ0	Q99N05
Q9NXJ0	Q99N09
Q9NXJ0	Q9GZW8
Q9NXJ0	Q3C1V0
Q9NXJ0	Q96PG2
Q9NXJ0	P13386
Q9NXJ0	Q9H2W1
Q9NXJ0	Q9BY19
Q9NXJ0	Q96PG1
Q9NXJ0	Q96HJ5
Q9NXJ0	Q96JA4
Q9NXJ0	P11836
Q9NXJ0	Q01362
Q9NXJ0	Q99N07
Q9NXJ0	Q3UPL6
Q9NXJ0	P20490
Q9P4W7	Q9P4W7
Q9P7T7	Q9P7T7
Q9P7T7	P25576
Q9SJI9	Q9SJI9
Q9SJI9	Q6PDY2
Q9SJI9	Q96SZ5
Q9SJI9	Q9LXG9
Q9SR52	Q9SR52
Q9SR52	P71035
Q9SR52	A1KJR2
Q9SR52	B9GCH9
Q9SRR1	Q9SRR1
Q9U7C9	Q9U7C9
Q9UI54	Q9UI54
Q9US26	Q9US26
Q9VI58	Q9VI58
Q9WVM3	Q9WVM3
Q9Y7I1	Q9Y7I1
Q9Y876	Q9Y876
Q9ZPY1	Q9ZPY1
Q9ZPY1	P53210
Q9ZUD9	Q9ZUD9
O32259	O32259
O34909	O34909
O35658	O35658
O35658	Q07021
O35658	O35796
O43070	O43070
O60279	O60279
O74449	O74449
O74953	O74953
O94535	O94535
O94927	O94927
P00370	P00370
P00370	Q5HHC7
P00370	P78804
P00370	P50735
P00370	P39708
P00370	P18819
P00370	P07262
P00370	P00367
P00370	Q38946
P00370	P10860
P00370	P39633
P00370	P26443
P00370	Q43314
P00370	P49448
P00370	Q9S7A0
P01830	P01830
P01830	P04216
P01830	P01831
P07186	P07186
P07650	P07650
P07650	Q5FVR2
P07650	Q99N42
P0A8M6	P0A8M6
P0A9K7	P0A9K7
P0AB14	P0AB14
P0ACW7	P0ACW7
P0AES0	P0AES0
P0C1S9	P0C1S9
P0C1S9	Q6WQJ1
P0C1S9	Q8NCG7
P0C1S9	Q9Y4D2
P0C1S9	Q91WC9
P0C1S9	Q5YLM1
P0DJE0	P0DJE0
P14737	P14737
A8MWL6	A8MWL6
A8MWL6	O55101
A8MWL6	O43761
A8MWL6	Q8R191
A8MWL6	Q9Z1L2
A8MWL6	O43760
A8MWL6	O95473
B2RWJ3	B2RWJ3
B2RWJ3	Q5SV17
B7Z0I7	B7Z0I7
B7Z0I7	Q80W37
B7Z0I7	O95149
B7Z0I7	Q68FP5
B9EJV3	B9EJV3
B9EJV3	Q3UHK3
B9EJV3	Q9C091
B9EJV3	Q4ZG55
D4ABY2	D4ABY2
D4ABY2	Q9QZE5
D4ABY2	Q9QXK3
D4ABY2	Q4AEF8
D4ABY2	Q9UBF2
D4ABY2	P87140
D4ABY2	Q0WW26
D4ABY2	Q22498
D4ABY2	Q8I0G5
D4ABY2	Q9Y678
D4ABY2	P32074
E9Q3C1	E9Q3C1
E9Q3C1	Q80X80
E9Q3C1	Q9Y426
G3V8Y7	G3V8Y7
G3V8Y7	Q3U3N6
G3V8Y7	Q9C5H4
G3V8Y7	Q9C5H4
G5EBL8	G5EBL8
O09172	O09172
O09172	P48507
O09172	P48508
O14059	O14059
O14179	O14179
O14179	Q9Y3A5
O14179	Q07953
O14179	P70122
O14179	Q5RK30
O14468	O14468
O14599	O14599
O31989	O31989
O34513	O34513
O34924	O34924
O34924	P94521
O42967	O42967
O43073	O43073
O43073	Q12016
O60057	O60057
O62479	O62479
O74958	O74958
O75223	O75223
O75223	Q9D7X8
O77932	O77932
O77932	O70348
O77932	Q6MG77
O77932	Q8RY73
O94416	O94416
O94416	P41895
O94416	Q9SU25
O94548	O94548
O94704	O94704
O95139	O95139
O95139	Q3UIU2
O95456	O95456
O95456	Q9JK23
P00936	P00936
P01094	P01094
P07343	P07343
P07343	P93033
P07343	P26899
P07343	P08417
P07343	P0AC38
P07343	P0AC40
P07343	Q8XDS0
P07343	P14408
P07343	P10173
P07343	P07954
P07343	P9WN93
P07343	P97807
P07343	O17214
P07343	Q9FI53
P0A7I3	P0A7I3
P0A7I3	P0A7I0
P0A7I3	P28367
P0A7I3	Q04KR4
P0A7I3	P30775
P0A7I3	A4F8R2
P0A7I3	O75570
P0A7I3	F4I532
P0A7I3	Q5HE82
P0A7I3	Q9H3J6
P0A7I3	P66025
P0A7I3	P07012
P0A7I3	Q9UGC7
P0A7I3	P9WHG1
P0AB18	P0AB18
P0CX18	P0CX18
P0CX18	P0CX19
P0CX18	Q05164
P0CX18	P40442
P0DJF2	P0DJF2
P0DJF2	Q02771
P10659	P10659
P10659	O17680
P10659	P23686
P10659	Q8CXS7
P10659	Q97F85
P10659	P50305
P10659	P13444
P10659	P31153
P10659	Q3THS6
P10659	P72871
P10659	P0A817
P10659	Q04LE0
P10659	Q9LGU6
P10659	P17562
P10659	Q91X83
P10659	B0LXM0
P10659	P93438
P10659	Q9LUT2
P10659	P18298
P10659	A2Y053
P10659	Q0DKY4
P10659	P19358
P10659	Q00VB2
P10659	P54419
P10659	A7NVX9
P10659	O60198
P10659	Q9SJL8
P10659	A7PQS0
P10659	A8HYU5
P10659	Q00266
P10659	A7Q0V4
P10659	Q72I53
P13725	P13725
P13725	P53347
P17564	P17564
P17564	O75807
P17564	Q8BFW3
P18409	P18409
P20073	P20073
P20073	P14824
P20073	P24639
P20073	Q9LX07
P20073	Q9XEE2
P20073	O76027
P20073	P27216
P20073	A6NMY6
P20073	P14668
P20073	P22464
P20073	P14669
P20073	Q07936
P20073	P12429
P20073	Q9VXG4
P20073	P08758
P20073	Q92040
P20073	P04083
P20073	P09525
P20073	P10107
P20073	Q07076
P20073	P50995
P20073	P04272
P20073	Q6TEQ7
P20073	P13928
P20073	Q5VT79
P20073	P48036
P20073	P48037
P20073	O35639
P20073	P07150
P20073	Q9SYT0
P20073	Q9SE45
P20073	O35640
P20073	P97384
P20073	Q99JG3
P20073	P17785
P20073	Q9QZ10
P20073	Q9ZVJ6
P20073	P46193
P20073	P07356
P20073	P55260
P20073	Q4FZU6
P20073	P19619
P20073	Q9UJ72
P20073	P19620
P20073	P97429
P20073	P08132
P20073	Q03380
P20073	P08133
P20073	P79134
P21583	P21583
P21583	P20826
P21583	P21581
P21981	P21981
P21981	Q8BH61
P21981	Q9JLF6
P21981	Q9D7I9
P21981	O43548
P21981	O95932
P21981	P22735
P21981	P23606
P21981	P00488
P21981	Q96PF1
P21981	Q08188
P21981	Q08189
P21981	Q9WVJ6
P21981	P49221
P21981	P49222
P21981	P21980
P21981	O08619
P21981	P16452
P22812	P22812
P23369	P23369
P46988	P46988
P47046	P47046
P47108	P47108
P48445	P48445
P49070	P49070
P49070	Q6DGG9
P49070	P49069
P49442	P49442
P49442	P49441
P50848	P50848
P51855	P51855
P51855	P46413
P51855	P46416
P51855	P48637
P51855	P35669
P51855	Q08220
P53118	P53118
P53118	Q12103
P53118	Q04093
P53118	O14162
P53168	P53168
P53289	P53289
P53853	P53853
P53903	P53903
P54074	P54074
P54418	P54418
P54418	B5X574
P54418	A6QHX1
P54418	P22259
P54418	B7MDM9
P54418	Q8X733
P54418	P10963
P54418	Q9SLZ0
P54418	Q9ZNH4
P54418	Q9T074
P54418	Q72GY7
P54709	P54709
P54709	P50992
P54709	P97370
P54709	Q93235
P54709	Q24046
P54709	Q9UN42
P54709	P07340
P54709	P05026
P54709	P14231
P54709	P14094
P56563	P56563
P56563	P20274
P56563	Q9D9H2
P59666	P59666
P59666	Q01523
P59666	Q01524
P59666	P59665
P59666	P12838
P60531	P60531
P60531	O54887
P60531	Q9UJT2
P61326	P61326
P61326	P61327
P61326	Q27W02
P61326	Q96A72
P61326	P49028
P61326	P49029
P61956	P61956
P61956	P61957
P61956	P61959
P61956	P61958
P61956	O13351
P61956	Q12306
P61956	Q8NCF5
P61956	Q9FLP6
P61956	P55853
P61956	P55854
P61956	Q9Z172
P61956	O09130
P61956	A7WLH8
P61956	P63165
P61956	P63166
P61956	Q5I0H3
P61956	Q6AYG7
P61956	Q9FKC5
P61956	P55852
P61956	P55857
P65330	P65330
P65330	Q8X902
P65330	Q97F13
P65330	P45578
Q3UXZ6	Q3UXZ6
Q3UXZ6	Q96LP2
Q3UXZ6	Q8TBF8
Q4G0X9	Q4G0X9
Q4G0X9	Q8BI79
Q4JB24	Q4JB24
Q4JB24	P60901
Q4JB24	Q9QUM9
Q4JB24	P60900
Q4JB24	Q42134
Q4JB24	Q9VA12
Q4JB24	O59770
Q4JB24	Q10329
Q4JB24	Q99436
Q4JB24	O94579
Q4JB24	P18053
Q4JB24	P32379
Q4JB24	Q9LSU1
Q4JB24	O09061
Q4JB24	P34120
Q4JB24	O55234
Q4JB24	P12881
Q4JB24	P40301
Q4JB24	P48004
Q4JB24	O23708
Q4JB24	P0DKK3
Q4JB24	P0DKK4
Q4JB24	P0C8Y9
Q4JB24	A2Y9X7
Q4JB24	P40302
Q4JB24	O23710
Q4JB24	P20618
Q4JB24	P40303
Q4JB24	P49720
Q4JB24	O23712
Q4JB24	P40306
Q4JB24	O23715
Q4JB24	P25043
Q4JB24	B0R4C8
Q4JB24	P49722
Q4JB24	P17220
Q4JB24	P25787
Q4JB24	Q27488
Q4JB24	O14250
Q4JB24	P22769
Q4JB24	P23638
Q4JB24	Q24178
Q4JB24	Q27562
Q4JB24	P23639
Q4JB24	Q27563
Q4JB24	O44156
Q4JB24	O94517
Q4JB24	Q4JAY3
Q4JB24	P52428
Q4JB24	P28062
Q4JB24	Q8BG41
Q4JB24	O70435
Q4JB24	P28063
Q4JB24	P70195
Q4JB24	Q4KM35
Q4JB24	P28065
Q4JB24	P38624
Q4JB24	P99026
Q4JB24	Q09682
Q4JB24	Q8TAA3
Q4JB24	P28064
Q4JB24	Q9USQ9
Q4JB24	Q9V5C6
Q4JB24	Q9Z2U0
Q4JB24	O14818
Q4JB24	P42742
Q4JB24	Q95083
Q4JB24	Q9CWH6
Q4JB24	Q9Z2U1
Q4JB24	P28066
Q4JB24	A1XQU1
Q4JB24	P28076
Q4JB24	P28070
Q4JB24	O81146
Q4JB24	P28077
Q4JB24	P21242
Q4JB24	P28072
Q4JB24	O81147
Q4JB24	P21243
Q4JB24	P28074
Q4JB24	Q4JAA8
Q4JB24	Q60692
Q4JB24	O43063
Q4JB24	O81148
Q4JB24	Q9V2V5
Q4JB24	O81149
Q4JB24	P25786
Q4JB24	Q9V2V6
Q4JB24	O17586
Q4JB24	O35955
Q4JB24	P18420
Q4JB24	P23724
Q4JB24	P25451
Q4JB24	P34064
Q4JB24	Q9R1P1
Q4JB24	P40112
Q4JB24	P18422
Q4JB24	Q58DU5
Q4JB24	P25788
Q4JB24	P25789
Q4JB24	Q9R1P4
Q4JB24	P18421
Q4JB24	P34065
Q4JB24	P30656
Q4JB24	Q9UT97
Q4JB24	P34066
Q4JB24	Q95008
Q4JB24	Q9JHW0
Q4JB24	Q9UQY2
Q4JB24	D4GYZ1
Q4JB24	Q9XZJ4
Q4JB24	P30655
Q4JB24	P34067
Q4JB24	P21670
Q4JB24	Q9R1P0
Q4JB24	O24616
Q4JB24	O64464
Q4JB24	P30657
Q55332	Q55332
Q55792	Q55792
Q55792	Q9LQK7
Q59X49	Q59X49
Q5AJ93	Q5AJ93
Q5AJ93	Q9VA91
Q5AJ93	P48164
Q5AJ93	Q10101
Q5AJ93	P62081
Q5AJ93	P62082
Q5AJ93	P62083
Q5AJ93	Q9C514
Q5AJ93	Q23312
Q5AJ93	O43105
Q5AJ93	P26786
Q5EE01	Q5EE01
Q5GFD5	Q5GFD5
Q5GFD5	O95803
Q5GFD5	P52848
Q5GFD5	P52849
Q5GFD5	Q9Y661
Q5GFD5	Q9Y662
Q5GFD5	Q9Y663
Q5GFD5	Q9EQH7
Q5GFD5	Q9H3R1
Q5GFD5	Q9Y278
Q5GFD5	Q8IZT8
Q5GFD5	O35310
Q5GFD5	O14792
Q5GFD5	P52850
Q5HFK3	Q5HFK3
Q5HFK3	P22936
Q5HFK3	A1KGF0
Q5HGV5	Q5HGV5
Q5M9G5	Q5M9G5
Q5M9G5	Q8IWD4
Q5M9G5	Q6PB51
Q5SSG8	Q5SSG8
Q5SSG8	E2RYF6
Q5T200	Q5T200
Q5T200	E9Q784
Q5T8R8	Q5T8R8
Q5TZA2	Q5TZA2
Q5TZA2	Q60952
Q5TZA2	F6XLV1
Q5U462	Q5U462
Q5U462	Q9H5V8
Q5XI97	Q5XI97
Q5XI97	Q3THG9
Q5XI97	Q9BTE6
Q62147	Q62147
Q62147	Q14714
Q99MH9	Q99MH9
Q99MH9	Q9CWF6
Q99MH9	Q9BXC9
Q99P21	Q99P21
Q99PK0	Q99PK0
Q99PK0	Q9DCD2
Q99PK0	A1Z9G2
Q99PK0	Q9HCS7
Q9BQ65	Q9BQ65
Q9BQ65	Q91W78
Q9BQQ7	Q9BQQ7
Q9BQQ7	Q96DX8
Q9BQQ7	Q9ER80
Q9BQQ7	P59025
Q9BQQ7	Q5QGU6
Q9BVV2	Q9BVV2
Q9BWS9	Q9BWS9
Q9BWS9	Q922Q9
Q9BXS4	Q9BXS4
Q9BXS4	Q9QY73
Q9BXS4	Q2F7Z7
Q9CQ91	Q9CQ91
Q9CQ91	O95167
Q9CS74	Q9CS74
Q9CS74	O95905
Q9CS74	Q9W032
Q9CS74	Q9US49
Q9CS74	Q9LSM5
Q9D1E4	Q9D1E4
Q9D2C9	Q9D2C9
Q9D2C9	Q92966
Q9D772	Q9D772
Q9D772	Q5XKK7
Q9D772	Q14DQ1
Q9D818	Q9D818
Q9D818	Q86UD0
Q9DCZ4	Q9DCZ4
Q9DCZ4	Q9BUR5
Q9DCZ4	Q78IK4
Q9DCZ4	Q6UXV4
Q9EPY0	Q9EPY0
Q9EPY0	A2AIV8
Q9EPY0	Q9BXL6
Q9EPY0	Q9BXL7
Q9EPY0	Q9H257
Q9EPY0	Q99KF0
Q9EPY0	Q9BWT7
Q9ES39	Q9ES39
Q9ES39	Q9VT70
Q9ES39	Q9GZM8
Q9ES39	O13335
Q9ES39	Q9NXR1
Q9ES39	Q9CZA6
Q9ES39	Q9ERR1
Q9ES39	Q78PB6
Q9ES39	O45717
Q9ESJ0	Q9ESJ0
Q9ESJ0	Q9C0E2
Q9GZP1	Q9GZP1
Q9GZP1	Q5HZK2
Q9GZP1	Q8IZ57
Q9H0Q0	Q9H0Q0
Q9H0Q0	Q9NUQ9
Q9H0Q0	Q921M7
Q9H598	Q9H598
Q9H598	O35633
Q9H598	O35458
Q9H8H0	Q9H8H0
Q9H972	Q9H972
Q9H972	Q8K2W9
Q9HZP8	Q9HZP8
Q9KWZ1	Q9KWZ1
Q9N4E9	Q9N4E9
Q9N4E9	Q04372
Q9N4E9	Q61249
Q9N4E9	P78318
Q9N4E9	Q9QZ29
Q9N4E9	Q2QY04
Q9N4E9	O08836
Q9NPD5	Q9NPD5
Q9NPD5	Q00910
Q9NPD5	Q6ZQN7
Q9NPD5	Q9UIG8
Q9NPD5	Q99J94
Q9NPD5	Q8BGD4
Q9NPD5	Q9NYB5
Q9NPD5	Q9EP96
Q9NPD5	Q9QZX8
Q9NPD5	Q9EPT5
Q9NPD5	Q71MB6
Q9NPD5	G3V0H7
Q9NPD5	Q9ERB5
Q9NPD5	Q8K078
Q9NPD5	O35913
Q9NPD5	Q86UG4
Q9NPD5	Q9JJL3
Q9NPD5	P70502
Q9NPD5	Q9EPZ7
Q9NPD5	Q91YY5
Q9NPD5	Q9QXZ6
Q9NPD5	Q9JHI3
Q9NPD5	Q9H2Y9
Q9NPD5	Q96BD0
Q9NPD5	Q99N01
Q9NPD5	Q99N02
Q9NPD5	Q8BXB6
Q9NPD5	O94956
Q9NPD5	P46720
Q9NPD5	P46721
Q9NPD5	Q8C0X7
Q9NPD5	Q92959
Q9NPD5	Q9Y6L6
Q9NPD5	Q8R3L5
Q9NYK6	Q9NYK6
Q9NZI7	Q9NZI7
Q9NZI7	Q8K5C0
Q9NZI7	Q12800
Q9NZI7	Q811S7
Q9NZI7	Q5FWH3
Q9NZI7	G5EDF0
Q9NZI7	Q6ISB3
Q9NZI7	Q921D9
Q9NZI7	Q9NZI5
Q9NZI7	Q9NZI6
Q9NZI7	Q3UNW5
Q9NZI7	P13002
Q9NZI7	Q9ERA0
Q9P3T9	Q9P3T9
Q9P3T9	P38356
Q9QX75	Q9QX75
Q9QX75	E9Q9K5
Q9QX75	Q13061
Q9R0L6	Q9R0L6
Q9SND9	Q9SND9
Q9SND9	Q9FF86
Q9TYV5	Q9TYV5
Q9TYV5	Q1HFZ0
Q9TYV5	Q922K7
Q9TYV5	Q9HGQ2
Q9TYV5	Q63ZY6
Q9TYV5	P46087
Q9TYV5	Q9W4M9
Q9TYV5	Q96CB9
Q9TYV5	P53972
Q9TYV5	P0C7V9
Q9TYV5	Q9H649
Q9TYV5	A6NJ78
Q9TYV5	Q9FG73
Q9TYV5	Q96P11
Q9TYV5	Q7UBD3
Q9TYV5	A1KKK8
Q9TYV5	P9WJP1
Q9TYV5	Q8TEA1
Q9TYV5	Q9CZ57
Q9TYV5	P38205
Q9TYV5	Q8K4F6
Q9TYV5	O94268
Q9TYV5	Q3KNT7
Q9TYV5	Q9DCL4
Q9TYV5	P40991
Q9TYV5	Q83SN7
Q9UBI9	Q9UBI9
Q9ULL0	Q9ULL0
Q9USP7	Q9USP7
P0DMQ9	P0DMQ9
P10662	P10662
P32897	P32897
P38734	P38734
P39978	P39978
P46517	P46517
P46517	Q02973
P46517	Q08000
P46517	P04568
P46517	P42755
P46517	P46520
P46517	P22701
P47174	P47174
P53397	P53397
P53397	Q9SJQ6
P53397	Q9V3I8
P53397	O15527
P53397	O08760
P53397	Q9SR66
P53397	O70249
P57746	P57746
P57746	Q9UWW9
P57746	P32610
P57746	P34462
P57746	Q9Y5K8
P57746	Q9NEF6
P57746	O59823
P57746	Q9XGM1
P57746	Q9V7D2
P81449	P81449
P86434	P86434
Q02786	Q02786
Q04868	Q04868
Q06214	Q06214
Q06891	Q06891
Q08223	Q08223
Q9C7H4	Q9C7H4
Q9C7H4	F4IU14
Q9C7H4	Q9FK89
Q9C7H4	Q93ZR6
Q9C7H4	Q9M3B1
Q9C7H4	Q9M3B3
Q9C7H4	Q94CK0
Q9C9Z9	Q9C9Z9
Q9CQF6	Q9CQF6
Q9CQF6	Q9NRN7
Q9D0U1	Q9D0U1
Q9D0U1	Q8NBA8
Q9D709	Q9D709
Q9D709	Q3T1H8
Q9D709	Q9BSE2
Q9EQ52	Q9EQ52
Q9EQ52	Q9GZP7
Q9EQ52	Q9EP51
Q9EQ52	Q9EP79
Q9EQ52	Q9EPB8
Q9EQ52	Q5J3N1
Q9EQ52	Q9WUF1
Q9EQ52	Q9EQ46
Q9EQ52	Q9EQ47
Q9EQ52	Q9EQ48
Q9EQ52	Q7Z5H4
Q9ERS2	Q9ERS2
Q9ERS2	Q9P0J0
Q9FE62	Q9FE62
Q9FE62	P83877
Q9FE62	P83876
Q9FE62	Q8BUH1
Q9FE62	Q9NX01
Q9FIG7	Q9FIG7
Q9FJT8	Q9FJT8
Q9FLD7	Q9FLD7
Q9FTA2	Q9FTA2
Q9FTA2	Q9C9L2
Q9FTA2	Q9FMX2
Q9FTA2	Q9LQF0
Q9FTA2	Q93Z00
Q9FTA2	Q9C7G4
Q9FTA2	Q9C518
Q9FTA2	Q9LT89
Q9H1F0	Q9H1F0
Q9LJA0	Q9LJA0
Q9LJA0	Q43725
Q9LJA0	P47998
Q9LJA0	O59701
Q9LJA0	P35520
Q9LJA0	P53206
Q9LJA0	P32232
Q9LJA0	P46794
Q9LJA0	Q9S6Z7
Q9LJA0	Q93244
Q9LJA0	P38076
Q9LJA0	Q9S757
Q9LJA0	Q91WT9
Q9LJA0	Q9XEA6
Q9LJA0	P0ABK5
Q9LJA0	Q9XEA8
Q9LJA0	P47999
Q9LJA0	O45679
Q9LJA0	P32582
Q9LJA0	Q9SXS7
Q9LJA0	O01592
Q9LKX9	Q9LKX9
Q9LKX9	Q9LKZ3
Q9LKX9	Q2R374
Q9LKX9	A2YXJ7
Q9LKX9	Q3LXA7
Q9LKX9	A9UL13
Q9LR91	Q9LR91
Q9LSK8	Q9LSK8
Q9LXB5	Q9LXB5
Q9LZJ7	Q9LZJ7
Q9M0V3	Q9M0V3
Q9M0V3	Q9ESW0
Q9M0V3	Q16531
Q9M0V3	Q3U1J4
Q9M0V3	Q9XYZ5
Q9M7I9	Q9M7I9
Q9P1J3	Q9P1J3
Q9P778	Q9P778
Q9P7U3	Q9P7U3
Q9P7U3	Q9HDU8
Q9P7U3	Q9P3V3
Q9SPU7	Q9SPU7
Q9SR64	Q9SR64
Q9SR64	Q944N8
Q9SSE7	Q9SSE7
Q9SSE7	O14361
Q9SSE7	A1KQH3
Q9SSE7	Q9ZUY3
Q9SSE7	P0A9J8
Q9SSE7	Q9FNJ8
Q9SUM5	Q9SUM5
Q9SVC4	Q9SVC4
Q9T0K9	Q9T0K9
Q9US41	Q9US41
Q9USR9	Q9USR9
Q9UTR8	Q9UTR8
Q9UTR8	O60293
Q9V427	Q9V427
Q9V427	Q9VAS7
Q9VSB9	Q9VSB9
Q9VSB9	Q9DBS1
Q9VSB9	Q9BTV4
Q9XE33	Q9XE33
Q9XE33	Q10315
Q9XE33	P70353
Q9XE33	Q9CQ36
Q9XE33	P40366
Q9XE33	P27344
Q9XE33	Q9FGP6
Q9XE33	P40096
Q9XE33	A0JPP1
Q9XE33	Q13952
Q9XE33	Q14919
Q9XE33	Q9FGP8
Q9XE33	Q02516
Q9XE33	Q9NR33
Q9XE33	Q9NRG0
Q9XE33	Q9D6N5
Q9XE33	Q9JKP8
Q9Y2B4	Q9Y2B4
Q9Z1P6	Q9Z1P6
Q9Z1P6	O95182
A0A1B0GTZ2	A0A1B0GTZ2
A0A1D8PL26	A0A1D8PL26
A0A1D8PL26	P32461
A1Z6H7	A1Z6H7
A5YM72	A5YM72
B1AXV0	B1AXV0
O74454	O74454
O74454	O94525
O74454	P24276
O75251	O75251
O75251	Q42577
O75251	Q9DC70
O75251	P19050
O75251	P17062
O75251	P0AFC9
O75251	P0AFC7
O75251	P56756
O75381	O75381
O75381	Q9R0A0
O75381	Q642G4
O75381	Q9FXT6
O75381	O60065
O76095	O76095
O94259	O94259
O94419	O94419
O94708	O94708
O95999	O95999
O95999	Q9Z0H7
O95999	Q9QYN5
P01097	P01097
P01097	P01098
P02810	P02810
P02810	Q16378
P02810	P10163
P02810	P02812
P02810	Q04118
P02810	Q95JC9
P04036	P04036
P04387	P04387
P05552	P05552
P06533	P06533
P06843	P06843
P07270	P07270
P0A862	P0A862
P0A862	Q9PPE0
P0AB43	P0AB43
P0ABJ1	P0ABJ1
P0AG73	P0AG73
P31663	P31663
P31663	P40459
P32448	P32448
P33332	P33332
P34343	P34343
P34549	P34549
P36056	P36056
P36112	P36112
P37188	P37188
P37188	P0A435
P37330	P37330
P37330	P9WK17
P37330	A1KJP9
P37692	P37692
P38207	P38207
P38207	P87175
P38262	P38262
P38815	P38815
P38867	P38867
P38867	P40002
P38867	O14367
P38934	P38934
P39899	P39899
P40020	P40020
P40214	P40214
P40473	P40473
P40473	A7THE5
P40518	P40518
P40576	P40576
P42933	P42933
P43579	P43579
P43579	C8V8H5
P45451	P45451
P46682	P46682
P46916	P46916
P46989	P46989
P47110	P47110
P47166	P47166
Q4V8B5	Q4V8B5
Q4V8B5	Q80X53
Q4V8B5	Q8IYX3
Q4VA55	Q4VA55
Q4VA55	B1H224
Q4VA55	Q6DID5
Q4VA55	Q5H9M0
Q55823	Q55823
Q59XM1	Q59XM1
Q5EE38	Q5EE38
Q5EE38	Q4FZR5
Q5FVL6	Q5FVL6
Q5FVL6	Q9D8C2
Q5FVL6	O95857
Q5FVL6	Q12999
Q5HCP4	Q5HCP4
Q5HEL4	Q5HEL4
Q5I0F1	Q5I0F1
Q5I0F1	Q6UWZ7
Q5I0F1	Q8BPZ8
Q5I0F1	Q3TCJ1
Q5I0F1	Q15018
Q5JQS6	Q5JQS6
Q5TD94	Q5TD94
Q5TD94	Q8BYM7
Q5TD94	Q9H0K4
Q5U117	Q5U117
Q5U2W6	Q5U2W6
Q5U2W6	Q91VU8
Q5U2W6	Q86YD1
Q5U2W6	Q71SY5
Q5XIK6	Q5XIK6
Q5XIK6	Q8IYS4
Q66HR2	Q66HR2
Q66HR2	Q9UPY8
Q66HR2	Q5XIT1
Q66HR2	Q6PER3
Q66HR2	Q9FGQ6
Q66HR2	P40013
Q66HR2	Q61166
Q66HR2	Q15691
Q66HR2	Q3B8Q0
Q66HR2	Q15555
Q66HR2	Q10113
Q66HR2	Q8R001
Q680P8	Q680P8
Q680P8	Q9VH69
Q680P8	P41057
Q680P8	P41058
Q680P8	O74329
Q680P8	P62273
Q680P8	P62274
Q680P8	P62275
Q68DL7	Q68DL7
Q6A025	Q6A025
Q6A025	Q5T8A7
Q6AXP1	Q6AXP1
Q6AXP1	Q9H6X5
Q6AXP1	Q922C1
Q6AYT5	Q6AYT5
Q6AYT5	A6H630
Q6AYT5	Q04371
Q6AYT5	O94725
Q6AYT5	Q9H993
Q8BKT8	Q8BKT8
Q8BPG6	Q8BPG6
Q8IY31	Q8IY31
Q8IZD4	Q8IZD4
Q8IZD4	Q91YD3
Q8IZD4	I3LHS8
Q8IZD4	Q3U564
Q8IZD4	Q9SJF3
Q8IZD4	Q9N363
Q8K136	Q8K136
Q8K2Q9	Q8K2Q9
Q8K2Q9	A0MZ67
Q8K3W0	Q8K3W0
Q8K3W0	Q6P7Q1
Q8K3W0	Q9NXR7
Q8N1X5	Q8N1X5
Q8N319	Q8N319
Q8N9N5	Q8N9N5
Q8N9N5	Q8VBU8
Q8NCS4	Q8NCS4
Q8NEZ5	Q8NEZ5
Q8R4T1	Q8R4T1
Q8R4T1	Q717R9
Q8RWS8	Q8RWS8
Q8TBP5	Q8TBP5
Q8TBP5	Q9D3L0
Q9BZE1	Q9BZE1
Q9BZE1	Q6AXT0
Q9BZE1	Q9NP92
Q9BZE1	Q9D0G0
Q9BZE1	Q921S7
Q9BZS9	Q9BZS9
Q9CPZ1	Q9CPZ1
Q9CPZ1	Q9NVL8
Q9CQJ1	Q9CQJ1
Q9CQJ1	Q9BW72
Q9CQJ1	Q03713
Q9CQJ1	Q8VH49
Q9CQJ1	Q9JLR9
Q9CQJ1	A8MV81
Q9CQV4	Q9CQV4
Q9CQV4	Q9H6L5
Q9CQV4	Q3MHU5
Q9CQV4	Q86VR2
Q9CQV4	Q5FVM3
Q9CQV4	Q6NS82
Q9CQV4	Q8NC44
Q9CX48	Q9CX48
Q9CX48	Q8TBK6
Q9GZX6	Q9GZX6
Q9GZX6	Q9JJY8
Q9GZX6	Q9JJY9
Q9H0R1	Q9H0R1
Q9H173	Q9H173
Q9H173	Q08199
Q9H173	Q9EPK6
Q9H1Y0	Q9H1Y0
Q9H1Y0	Q9FFI2
Q9H1Y0	A2X052
Q9H1Y0	Q9W3R7
Q9H5F2	Q9H5F2
Q9H5F2	Q9D131
Q9H974	Q9H974
Q9H974	B8ZXI1
Q9JHJ1	Q9JHJ1
Q9JJQ0	Q9JJQ0
Q9JJQ0	Q92521
Q9M237	Q9M237
Q9N4G4	Q9N4G4
Q9NRD5	Q9NRD5
Q9NRD5	Q9EP80
Q9NUG6	Q9NUG6
Q9NUG6	P59048
Q9NV35	Q9NV35
Q9NV35	P9WIX7
Q9NV35	P0C025
Q9NV35	P56380
Q9NV35	Q9CA40
Q9NV35	Q8BG93
Q9NV35	P50583
Q9NWD8	Q9NWD8
Q9NWD8	Q3TBN1
Q9QXP4	Q9QXP4
Q9QXP4	Q9VNA8
Q9QXP4	Q9NYP3
Q9QYE6	Q9QYE6
Q9QYE6	B0F9L7
Q9QYE6	Q8TBA6
Q9QYE6	Q3ZU82
Q9QYE6	Q8SZ63
Q9URW7	Q9URW7
Q9URW7	P32913
Q9UT63	Q9UT63
Q9UT63	Q09676
Q9UU79	Q9UU79
Q9UU79	P40078
Q9UU79	Q5A2Y7
Q9UU79	P0CU36
Q9UU79	Q9CR47
Q9UU79	O95478
Q9UUK4	Q9UUK4
Q9UUK4	Q03525
Q9V5Q4	Q9V5Q4
Q9V5Q4	O95926
Q9V5Q4	O59733
Q9V5Q4	Q9D198
Q9V9U4	Q9V9U4
Q9V9U4	P47120
Q9V9U4	Q94JW0
Q9V9U4	Q9BU89
Q9V9U4	Q59Z14
Q9VHQ7	Q9VHQ7
Q9VM95	Q9VM95
Q9VM95	Q9NY61
Q9VM95	Q9JKX4
Q9VM95	Q9QYW0
Q9VU08	Q9VU08
Q9VU08	Q7Z7G8
Q9VWR8	Q9VWR8
Q9W0G6	Q9W0G6
Q9WUH1	Q9WUH1
Q9WUH1	Q12893
Q9Y2M0	Q9Y2M0
Q9Y2M0	Q69ZT1
Q9Y3D8	Q9Y3D8
Q9Y3D8	Q8VCP8
Q9Y3D8	Q12055
Q9Y7N1	Q9Y7N1
Q9Y7N1	Q9HE11
Q9Z0E0	Q9Z0E0
Q9Z0E0	O35095
Q9Z0P4	Q9Z0P4
Q9Z0P4	A6NDB9
Q9Z0P4	Q920Q0
Q9Z0P4	Q2MJV8
Q9Z0P4	Q3MHH7
Q9Z0P4	Q2MJV9
Q9Z0P4	Q5U301
Q9Z0P4	Q9JHU2
Q9Z0P4	Q4KM62
Q9Z0P4	Q9NP74
Q9Z0P4	Q9Y2D5
Q9Z0P4	A2TJV2
Q9Z0P4	O75781
A3AHG5	A3AHG5
A3AHG5	Q9SKP0
A3AHG5	Q9LF88
A5DBC9	A5DBC9
A5DBC9	P33755
A5DBC9	Q8TAT6
A5DBC9	P60670
A5DBC9	Q9P780
A5DBC9	Q9VBP9
A5DBC9	Q9ES54
A6NFZ4	A6NFZ4
A6NKF7	A6NKF7
A6NKF7	Q3TYP4
A7TR90	A7TR90
A7TR90	A5DLG8
A7TR90	P40019
B2KGE5	B2KGE5
B7ZAQ6	B7ZAQ6
B7ZAQ6	P0CG08
C6KSS5	C6KSS5
C9JVW0	C9JVW0
C9JVW0	P0DMQ5
E2RYF7	E2RYF7
F1Q8X5	F1Q8X5
F1Q8X5	Q8K1B8
F1Q8X5	O75146
F1Q8X5	P26039
F1Q8X5	Q02328
F1Q8X5	Q71LX4
F1Q8X5	Q9VZI3
F1Q8X5	P54939
F1Q8X5	P59113
F1Q8X5	Q86UX7
F1Q8X5	P0CE94
F1Q8X5	O00291
F1Q8X5	Q9JKY5
F1Q8X5	Q8CIB5
F1Q8X5	Q96AC1
F1Q8X5	Q9Y4G6
F1Q8X5	Q9BQL6
F1Q8X5	Q8VD75
F1Q8X5	Q18685
F1Q8X5	Q9Y490
F4I1T7	F4I1T7
F4JU69	F4JU69
F4K6F1	F4K6F1
F4K6F1	Q9SH31
P28148	P28148
P28148	P20226
P28148	P26355
P28148	B2D6P4
P28148	P13393
P28148	P58178
P28148	P28147
P28148	D4H071
P32257	P32257
P32257	P19659
P32257	Q9Y808
P32899	P32899
P32899	Q9NV31
P34263	P34263
P34554	P34554
P36163	P36163
P36595	P36595
P36595	P20435
P36595	O88828
P36595	P61218
P36595	P61219
P36595	P39463
P40342	P40342
P46987	P46987
P47177	P47177
P50084	P50084
P50084	P17123
P53067	P53067
P61583	P61583
P92518	P92518
Q03983	Q03983
Q05827	Q05827
Q06235	Q06235
Q06892	Q06892
Q06892	Q9C5W3
Q06892	P21373
Q06892	P9WHV7
Q06892	O13863
Q06892	P58058
Q06892	O95544
Q06892	P32622
Q06892	O31612
Q06892	Q9P7K3
Q06892	Q5HH78
Q09722	Q09722
Q09835	Q09835
Q09835	P38736
Q10424	Q10424
Q10B19	Q10B19
Q12167	Q12167
Q16661	Q16661
Q1ZXE8	Q1ZXE8
Q2Q5T5	Q2Q5T5
Q2Q5T5	A0A1B0GTQ4
Q38951	Q38951
Q38951	Q38845
Q38951	Q09543
Q38951	P36179
Q38951	P31383
Q38951	Q38950
Q38951	P30153
Q38951	Q76MZ3
Q38951	P30154
Q38951	Q4QQT4
Q3EBM6	Q3EBM6
Q3U1C6	Q3U1C6
Q497K7	Q497K7
Q497K7	A6NEH6
Q6ZRC1	Q6ZRC1
P03277	P03277
P06726	P06726
P25049	P25049
P25049	Q9YJQ8
Q40073	Q40073
Q40073	P93431
Q40073	P10896
Q923D4	Q923D4
Q923D4	P58728
Q923D4	Q9BWJ5
Q923D4	Q9LW64
Q940Y9	Q940Y9
Q944S1	Q944S1
Q94AF0	Q94AF0
Q94AF0	O43809
Q965H3	Q965H3
Q96CG8	Q96CG8
Q96CG8	Q9D1D6
Q9C509	Q9C509
Q9C509	Q8CHN6
Q9C509	Q8R0X7
Q9C509	Q05567
Q9C509	O95470
Q9C8Y4	Q9C8Y4
Q9CXP9	Q9CXP9
Q9CXP9	Q9H790
Q9D2R8	Q9D2R8
Q9D2R8	Q9Y291
Q9D4R2	Q9D4R2
Q9D4R2	Q9UBM8
Q9D4R2	Q9UQ53
Q9D4R2	A6NG13
Q9D4R2	Q9UM21
Q9D4R2	Q9D306
Q9D4R2	Q5M854
Q9D720	Q9D720
Q9D720	Q8WV22
Q9D9K8	Q9D9K8
Q9D9K8	P0C7M6
Q9D9K8	Q9H095
Q9D9K8	A8MTL0
Q9D9K8	Q9DAL7
Q9DCP9	Q9DCP9
Q9DCP9	Q15038
Q9CAQ2	Q9CAQ2
Q9CQ24	Q9CQ24
Q9CWM2	Q9CWM2
Q9CWM2	Q9BXL8
Q9D3V5	Q9D3V5
Q9D3V5	Q66H16
Q9D3V5	Q8NA03
Q9D7T1	Q9D7T1
Q9ESQ8	Q9ESQ8
Q9ESQ8	Q9HCQ7
Q9FH32	Q9FH32
Q9FYL3	Q9FYL3
Q9FZE0	Q9FZE0
Q9FZE0	Q99N32
Q9FZE0	Q9H227
Q9FZE0	Q3E8E5
Q9FZE0	P09848
Q9FZE0	P49235
Q9FZE0	Q86Z14
Q9FZE0	Q9C8K1
Q9FZE0	Q9C5C2
Q9FZE0	O35082
Q9FZE0	P42403
Q9FZE0	Q02401
Q9FZE0	Q9Z2Y9
Q9FZE0	P37702
Q9FZE0	Q41761
Q9FZE0	Q9M1D0
Q9FZE0	O65458
Q9FZE0	Q9SR37
Q9FZE0	O82772
Q9FZE0	O64882
Q9FZE0	Q6UWM7
Q9FZE0	O64883
Q9FZE0	O80689
Q9FZE0	Q9LIF9
Q9FZE0	Q9C8Y9
Q9FZE0	Q9UEF7
Q9FZE0	Q9C525
Q9HDB5	Q9HDB5
Q9HDB5	Q9Y4C0
Q9HDB5	Q9P2S2
Q9HDB5	Q63372
Q9HDB5	Q9ULB1
Q9HDB5	Q9CS84
Q9HDB5	E9Q7X7
Q9LK88	Q9LK88
Q9LME6	Q9LME6
A1Z8P9	A1Z8P9
A4D263	A4D263
A4D263	Q5NC83
A8JNV4	A8JNV4
B0QZF7	B0QZF7
B0QZF7	Q4V7B4
C9JH25	C9JH25
C9JH25	Q5FWE3
C9JH25	B2RU40
C9JH25	D4A9R4
C9JH25	Q6PE13
E9Q5Z5	E9Q5Z5
E9Q5Z5	Q9NPI8
G5EF60	G5EF60
G5EF60	P83093
G5EF60	P83094
G5EF60	Q58CP9
G5EF60	Q13586
G5EF60	P70302
G5EF60	P84903
O00154	O00154
O00154	Q91V12
O07596	O07596
O13734	O13734
O13836	O13836
O16216	O16216
O16216	Q69YN2
O31717	O31717
O32144	O32144
O34303	O34303
O34751	O34751
O42906	O42906
O42906	P47122
O42906	Q9UHW5
O42906	Q06543
O42906	A4FUD1
O42906	Q8VCE2
O42906	Q9H9Y4
O45870	O45870
O45870	O60906
O45870	P40015
O45870	O70572
O70372	O70372
O70372	O14746
O74417	O74417
O74767	O74767
O75665	O75665
O86365	O86365
O93774	O93774
O95178	O95178
P01574	P01574
P01574	P32881
P01574	P01573
P01574	P05014
P01574	Q9P0W0
P01574	P01568
P01574	P01569
P01574	P70499
P01574	Q61716
P01574	P01566
P01574	P01567
P01574	P01570
P01574	P01571
P01574	P05013
P02974	P02974
P02974	P05431
P04234	P04234
P04234	P04235
P04234	P11942
P04234	P09693
P04554	P04554
P04554	P11248
P04554	P07978
P05423	P05423
P05990	P05990
P05990	P05654
P05990	P12048
P05990	Q90635
P05990	B2RQC6
P05990	P49915
P05990	P27708
P05990	Q9LD61
P05990	P37254
P05990	O94313
P05990	Q18990
P05990	Q3THK7
P05990	Q9EQF5
P05990	Q9EQF6
P05990	P08955
P05990	P31939
P05990	Q14117
P05990	Q4J8E8
P05990	Q42601
P05990	O14531
P05990	P00480
P05990	P18185
P05990	Q09580
P05990	P00481
P05990	P11725
P05990	Q14194
P05990	Q9JHU0
P05990	O93937
P05990	P07258
P05990	P07756
P05990	Q14195
P05990	Q8Y822
P05990	P63737
P05990	P00968
P05990	P00908
P05990	P03965
P05990	P00909
P05990	O74928
P05990	P00912
P05990	P29727
P05990	Q97J91
P05990	O08357
P05990	O35098
P05990	Q63150
P05990	P32073
P05990	P07259
P05990	Q62951
P05990	P20054
P05990	Q92370
P05990	Q55756
P05990	Q62952
P05990	Q62188
P05990	O02675
P05990	P47942
P05990	O08553
P05990	P38625
P05990	P49057
P05990	Q8X611
P05990	P05150
P05990	Q9FMP3
P05990	P00937
P05990	Q09794
P05990	Q55338
P05990	Q9CWJ9
P05990	P97427
P05990	Q62950
P05990	P9WFX7
P05990	A1KJ27
P05990	Q01630
P05990	Q18677
P05990	Q8C196
P05990	A1KH91
P05990	P54113
P05990	O94277
P05990	P25993
P05990	P38009
P05990	P25994
P05990	Q59969
P05990	Q83QL1
P05990	P04079
P05990	O35567
P05990	Q4V7C6
P05990	Q9BPU6
P06297	P06297
P06297	P01189
P06297	P01193
P06777	P06777
P42676	P42676
P42676	P47788
P42676	P25375
P42676	Q99797
P42676	F4HTQ1
P42676	F4KDA5
P42676	P52888
P42676	P35999
P42676	Q9BYT8
P42676	Q10415
P42676	P24155
P42676	Q02038
P42676	Q8C1A5
P42676	Q91YP2
P42676	A6H611
P42842	P42842
P46951	P46951
P47018	P47018
P47134	P47134
P49955	P49955
P49955	Q99NB9
P49955	O75533
P49955	Q10178
P50287	P50287
P50287	Q64191
P50287	Q9P6N7
P50287	Q9H6P5
P50287	Q9VXT7
P50287	P20933
P50287	Q7L266
P50617	P50617
P50617	Q80TS7
P51811	P51811
P51811	Q5GH77
P51811	Q5GH61
P51811	Q9QXY7
P53009	P53009
P53203	P53203
P53203	Q06169
P53317	P53317
P53878	P53878
P53925	P53925
P53983	P53983
P54170	P54170
P54558	P54558
P56695	P56695
P56695	O76024
P58297	P58297
P68571	P68571
P71073	P71073
P72849	P72849
P72849	P06762
P72849	P32394
P72849	O70252
P72849	P14901
P72849	P09601
P72849	P23711
P72849	P30519
P74503	P74503
P74503	Q79PF4
P75207	P75207
P75518	P75518
P76552	P76552
P78780	P78780
P78780	P13663
P78780	Q5ALM0
P87112	P87112
P89102	P89102
P95879	P95879
P96877	P96877
P9WFG3	P9WFG3
P9WFG3	P9WFG2
P9WL91	P9WL91
P9WMB5	P9WMB5
P9WPJ5	P9WPJ5
Q01465	Q01465
Q01465	P0A9X4
Q01926	Q01926
Q03063	Q03063
Q03433	Q03433
Q03604	Q03604
Q03604	P21672
Q03604	P48591
Q03604	P21524
Q03604	P07742
Q03604	P50620
Q03604	P78027
Q03604	O31875
Q03604	Q9UW15
Q03604	P23921
Q03604	P36602
Q03604	Q9SJ20
Q04712	Q04712
Q04940	Q04940
Q04940	P60761
Q04940	P35722
Q04940	P07936
Q04940	Q92686
Q04940	P06836
Q04940	P06837
Q9JIG8	Q9JIG8
Q9JIG8	Q8R5J9
Q9JIG8	O60831
Q9JIG8	O75915
Q9JIG8	Q9ES40
Q9LPV8	Q9LPV8
Q9LPV8	Q9VPH7
Q9LPV8	P12385
Q9LPV8	Q4JCI0
Q9LPV8	Q8PX75
Q9LPV8	Q39097
Q9LPV8	Q9BMX0
Q9LPV8	P35614
Q9LPV8	P62495
Q9LPV8	Q8BWY3
Q9LPV8	P79063
Q9LTH9	Q9LTH9
Q9LU73	Q9LU73
Q9LU73	Q2QYW5
Q9LU73	F4IGZ2
Q9LU73	Q9M0C5
Q9LU73	Q9SZR3
Q9LU73	Q9LML2
Q9LU73	O80875
Q9LU73	Q9FHH2
Q9LU73	Q9SVD0
Q9LU73	Q2RBP2
Q9M1X2	Q9M1X2
Q9M5A9	Q9M5A9
Q9M5A9	P22215
Q9M5A9	O81514
Q9M5A9	Q9ZSR7
Q9M5A9	P39542
Q9M5A9	P0C6B1
Q9M5A9	O94695
Q9M5A9	P0CK96
Q9M5A9	P0CK96
Q9M5A9	P0CK97
Q9M5A9	P0CK97
Q9M5A9	Q8C811
Q9NVH6	Q9NVH6
Q9NVH6	Q91ZE0
Q9NZ42	Q9NZ42
Q9SDA8	Q9SDA8
Q9SI93	Q9SI93
Q9SI93	O81770
Q9SI93	O82730
Q9SI93	Q0DWQ1
Q9SIU6	Q9SIU6
Q9SR02	Q9SR02
Q9SSR4	Q9SSR4
Q9SV04	Q9SV04
Q9SV04	Q9D3S9
Q9SV04	O60123
Q9SV04	Q9H3G5
Q9SV04	A7TLB3
Q9SV04	Q920A5
Q9SV04	Q9SV02
Q9SV04	Q920A6
Q9SV04	O82229
Q9SV04	O23364
Q9SV04	P30574
Q9SV04	Q9CAU4
Q9SV04	A4RE47
Q9SV04	Q9C7D4
Q9SV04	Q9C7D6
Q9SV04	Q9SFB5
Q9SV04	A5DAT0
Q9SV04	P00729
Q9SV04	C5DLM9
Q9SV04	Q1K722
Q9SV04	Q9FFB0
Q9SV04	O13849
Q9SV04	P38109
Q9SV04	P16675
Q9SV04	Q9LSM9
Q9SV04	P09620
Q9SV04	Q93Y09
Q9SV04	P52715
Q9SX77	Q9SX77
Q9VXP4	Q9VXP4
Q9VXP4	Q15102
Q9VXP4	O35263
Q9VXP4	Q61205
Q9VXP4	O35264
Q9VXP4	Q61206
Q9VXP4	P68402
Q9Y0C9	Q9Y0C9
Q9Y442	Q9Y442
Q9Y7Y2	Q9Y7Y2
Q9Y7Y2	O23174
Q9Y7Y2	O95391
Q9Y7Y2	Q3ZBE5
Q9Y7Y2	Q8BHJ9
Q9Y7Y2	Q9SHY8
Q9Y7Y2	Q9VAQ7
Q9Y7Y2	A2YQU8
Q9Y7Y2	Q80ZG5
Q9Y7Y2	Q21278
O14791	O14791
O14791	Q9BWW9
O14791	Q9BPW4
O14791	O95236
O14791	Q9BWW8
O34334	O34334
O35623	O35623
O35623	O35152
O35623	O35153
O35623	Q62896
O35623	O13932
O35623	O15155
O35623	Q94CG2
O35623	Q9M2J9
O35623	Q9NYM9
O43427	O43427
O46037	O46037
O46037	P18206
O46037	P85972
O46037	Q64727
O46037	P19826
O46037	P12003
O46037	P26234
O70378	O70378
O70378	O43402
O74312	O74312
O74312	Q12142
O74312	Q5ANC9
O74428	O74428
O74504	O74504
O88796	O88796
O88796	P78346
O88796	P38786
O88796	Q3ZE13
O94326	O94326
O94497	O94497
O95685	O95685
O95685	Q9VVY3
O95685	P40036
O95685	Q9UQK1
O95685	Q16821
O95685	P28006
O95685	Q8BRJ4
O95685	Q99MR9
O95685	P40187
O95685	Q06216
O95685	Q5U2R5
O95685	Q8C767
O95685	Q6ZSY5
O95685	Q9CW07
O95685	Q9H7J1
O95685	Q00756
O95685	Q6IN01
O95685	P0C7L8
O95685	B7ZBB8
O95685	Q9JIG4
O95685	Q7TMB3
O95685	Q86XI6
P01185	P01185
P01185	P35455
P46671	P46671
P47090	P47090
P47090	P46950
P48606	P48606
P48760	P48760
P48760	F4K2A1
P48760	Q12676
P48760	P36001
P48760	Q08645
P48760	F4JYE9
P48760	P08192
P48760	Q05932
P48760	F4J2K2
P48760	P96613
P49405	P49405
P49405	P26321
P49405	P49227
P49405	P46777
P49405	Q5AGZ7
P49405	O59953
P49405	O05640
P49405	P47962
P49405	P09895
P49405	Q9W5R8
P49405	P52822
P49405	O74306
P49405	Q0JGY1
P49405	A2WXX3
P50736	P50736
P53552	P53552
P53838	P53838
P53890	P53890
P53939	P53939
P54217	P54217
P55162	P55162
P55162	P28660
P55162	Q9Y2A7
P55162	P55160
P55162	P55161
P55162	Q8K1X4
P60006	P60006
P60006	D3ZQX4
P60985	P60985
P64149	P64149
P69824	P69824
P73452	P73452
P73452	Q55460
P74102	P74102
P79943	P79943
P79943	P97440
P79943	Q9VAN6
P79943	Q09599
P79943	Q14493
P86044	P86044
P86044	Q8CFW1
P86044	Q8BH79
P86044	Q14AT5
P86044	Q5XXA6
P86044	Q9NW15
P86044	Q6P9J9
P86044	A1A5B4
P86044	Q9HCE9
P86044	Q6PB70
P86044	Q75UR0
P86044	Q32M45
P86044	Q75V66
P86044	A0MFS9
P86044	Q9BYT9
P86044	Q6IWH7
P86044	A2AHL1
P86044	Q8BHY3
P91870	P91870
P9WFK0	P9WFK0
P9WGN7	P9WGN7
P9WJT9	P9WJT9
P9WJT9	P9WJT8
P9WLK1	P9WLK1
P9WMH1	P9WMH1
P9WN27	P9WN27
P9WN27	P9WN26
P9WN27	A0R082
P9WNK7	P9WNK7
P9WP65	P9WP65
Q01519	Q01519
Q01519	Q3E846
Q01519	P14854
Q01519	Q6YFQ2
Q01519	Q8BGD8
Q01519	Q5JTJ3
Q01519	P56391
Q02204	Q02204
Q02685	Q02685
Q02825	Q02825
Q02SH2	Q02SH2
Q02SH2	Q9CWV0
Q02SH2	Q9LDY9
Q03104	Q03104
Q03723	Q03723
Q03868	Q03868
Q04049	Q04049
Q04602	Q04602
Q06142	Q06142
Q06142	Q9FJD4
Q06142	O18388
Q06142	P52296
Q06142	Q14974
Q06142	P70168
Q06142	O13864
Q06409	Q06409
Q06523	Q06523
Q06523	Q10253
Q06523	P40531
Q06668	Q06668
Q06813	Q06813
Q07379	Q07379
Q08280	Q08280
Q08474	Q08474
Q08834	Q08834
Q08834	Q96EE4
Q08834	Q3V5L5
Q08834	Q09328
Q08834	Q8BIS8
Q0VF49	Q0VF49
Q10223	Q10223
Q10368	Q10368
Q11100	Q11100
Q12150	Q12150
Q12259	Q12259
Q12259	Q03900
Q12327	Q12327
Q12386	Q12386
Q13296	Q13296
Q13296	O75556
Q13405	Q13405
Q13405	P25642
Q13405	Q9CQ40
Q13405	Q9VYI3
Q16585	Q16585
Q16585	P82349
Q19191	Q19191
Q22992	Q22992
Q2M2E5	Q2M2E5
Q3TTP0	Q3TTP0
Q3TTP0	Q9Z179
Q3TTP0	Q8NEM2
Q3TYS2	Q3TYS2
Q3TYS2	Q6AYA6
Q3TYS2	Q9BQA9
Q3UDR8	Q3UDR8
Q3V036	Q3V036
Q3V036	Q2M243
Q3ZCQ3	Q3ZCQ3
Q4J8I9	Q4J8I9
Q4J8I9	O94303
Q4J8I9	Q83R04
Q4J8I9	Q9SZ30
Q4J8I9	P74106
Q4J8I9	Q03144
Q4J8I9	Q4J8L2
Q4J8I9	P9WMM3
Q4J8I9	Q9UTE4
Q4J8I9	P33734
Q4J9A8	Q4J9A8
Q4JCK7	Q4JCK7
Q4JCK7	Q9ZPQ3
Q4L235	Q4L235
Q4L235	Q80WC9
Q4W5H0	Q4W5H0
Q59MF9	Q59MF9
Q59MF9	A3LT37
Q59VQ8	Q59VQ8
Q5BU09	Q5BU09
Q5BU09	Q56P03
Q5EBG6	Q5EBG6
Q5EBG6	Q9UJY1
Q5EBG6	Q5S1U1
Q5EBG6	Q9JK92
Q5EBG6	Q00649
Q5EBG6	P41316
Q5EBG6	P04792
Q5EBG6	Q9DAM3
Q5EBG6	P22979
Q5EBG6	P97541
Q5EBG6	Q9UBY9
Q5EBG6	Q9UBY9
Q5EBG6	Q148F8
Q5EBG6	P19752
Q5EBG6	P15992
Q5EBG6	P35385
Q5EBG6	Q9ZW31
Q5EBG6	O14558
Q5EBG6	Q12329
Q5EBG6	O14368
Q5EBG6	P24622
Q5EBG6	P06582
Q5EBG6	Q3T149
Q5EBG6	P21769
Q5EBG6	P12810
Q5EBG6	Q9SYG1
Q5EBG6	P9WMK0
Q5EBG6	P0A5B8
Q5EBG6	P9WMK1
Q5EBG6	Q9M670
Q5EBG6	Q9EPX0
Q5EBG6	P02470
Q5EBG6	P42930
Q5EBG6	Q7M2W6
Q5EBG6	P02489
Q5EBG6	Q12988
Q5EBG6	P02493
Q5EBG6	P02510
Q5EBG6	P14602
Q5EBG6	P23927
Q5EBG6	P34696
Q5EBG6	Q16082
Q5EBG6	P82147
Q5EBG6	P02511
Q5EBG6	P23928
Q5EBG6	Q14990
Q5EBG6	P02515
Q5EBG6	Q08275
Q5EBG6	Q99PR8
Q5EBG6	Q9QZ57
Q5EBG6	Q9XIE3
Q5EBG6	P02516
Q5EBG6	Q20363
Q5EBG6	P02517
Q5EBG6	Q61999
Q5EBG6	P02518
Q5EBG6	P31673
Q5HFD7	Q5HFD7
Q5HFD7	Q5HHH4
Q5I012	Q5I012
Q5I012	E9PT23
Q5I012	Q9HBR0
Q5JTW2	Q5JTW2
Q5JTW2	Q9VFH6
Q5JTW2	Q6IRU7
Q5T197	Q5T197
Q5T197	Q059Y8
Q5T4H9	Q5T4H9
Q5TBK1	Q5TBK1
Q5TBK1	Q86UW6
Q5TBK1	Q9LYE5
Q5TBK1	Q08954
Q5TBK1	Q3V2Q8
Q5TBK1	Q92802
Q5TBK1	P09543
Q5TBK1	O64843
Q5TBK1	Q8JZS6
Q5TBK1	P13233
Q5TBK1	P16330
Q5TH74	Q5TH74
Q5TH74	Q4KLY8
Q5TH74	Q9D2F5
Q66H45	Q66H45
Q69YZ2	Q69YZ2
Q69YZ2	A6NKL6
Q69YZ2	Q8C817
Q69YZ2	Q86VY9
Q6NP91	Q6NP91
Q6NP91	Q5T3F8
Q6NP91	D3ZNF5
Q6NP91	O94886
Q6NP91	Q91YT8
Q6NP91	Q9P1W3
Q6NP91	Q8CBX0
Q6NP91	Q3TWI9
Q6P4T0	Q6P4T0
Q6P4T0	Q2TAZ0
Q6P5S2	Q6P5S2
Q6PAN7	Q6PAN7
Q6V702	Q6V702
Q6ZV77	Q6ZV77
Q76PD2	Q76PD2
Q76PD2	Q80YR4
Q76PD2	Q6PFK1
Q76PD2	Q86UK7
Q76PD2	Q05580
Q7KLI1	Q7KLI1
Q7LGA3	Q7LGA3
Q7LGA3	Q9Y2C2
Q7TPD7	Q7TPD7
Q7TPD7	Q2VPJ9
Q7TPD7	Q7TSF4
Q7Z5V6	Q7Z5V6
Q7Z5V6	Q148A4
Q80TR8	Q80TR8
Q80TR8	Q21106
Q80TR8	Q9W2F2
Q80UC6	Q80UC6
Q80UC6	Q9BZJ8
Q80V24	Q80V24
Q80WJ7	Q80WJ7
Q80WJ7	Q86UE4
Q80WJ7	Q9Z1W6
Q80Y55	Q80Y55
Q80Y55	P54858
Q80Y55	A2BIJ3
Q80Y55	O13905
Q80YV3	Q80YV3
Q83K06	Q83K06
Q86SG4	Q86SG4
Q86UY5	Q86UY5
Q86UY5	Q3UKU4
Q86UY5	Q1LVV0
Q86UY5	Q5SWY7
Q86UY5	Q5T0W9
Q86UY5	Q148V8
Q86UY5	Q2M2I3
Q86UY5	Q9BQN1
Q86UY5	Q8K2P2
Q86UY5	A2ARK0
Q86UY5	Q6ZRV2
Q86UY5	Q8NEG4
Q86UY5	Q0VBM2
Q86UY5	A6ND36
Q86UY5	Q9D7I8
Q8BI84	Q8BI84
Q8C156	Q8C156
Q8C156	Q15003
Q8C263	Q8C263
Q8C263	Q8IX90
Q8C263	Q58EL7
Q8C4M7	Q8C4M7
Q8C4M7	Q71F23
Q8C4M7	Q4V8G7
Q8C996	Q8C996
Q8C996	Q8TC26
Q8C996	A9CMA6
Q8CDW1	Q8CDW1
Q8CDW1	Q5XIN5
Q8H1F2	Q8H1F2
Q8K1J5	Q8K1J5
Q8K1J5	Q5BJN8
Q8K1J5	Q6IQ49
Q8K1J5	O46106
Q8K1J5	Q9FG01
Q8K1J5	O59706
Q8K1J5	Q12874
Q8K1J5	Q9D554
Q8K1J5	O14113
Q8MSY4	Q8MSY4
Q8MSY4	Q3UVL4
Q8MSY4	Q155U0
Q8MSY4	Q9UID3
Q8N4F0	Q8N4F0
Q8NBR9	Q8NBR9
Q8NEA5	Q8NEA5
Q8NG41	Q8NG41
Q8Q0P3	Q8Q0P3
Q8Q0P3	A1KF76
Q8RAC9	Q8RAC9
Q8TAP6	Q8TAP6
Q8TAP6	Q0VEJ0
Q8TAP6	A7E2V1
Q8TBE3	Q8TBE3
Q8TCX1	Q8TCX1
Q8TCX1	Q8K0T2
Q8TSY2	Q8TSY2
Q8TSY2	A5F2S8
Q8TSY2	P77285
Q8TSY2	Q9HYB6
Q8W4M5	Q8W4M5
Q8W4M5	F4JGR5
Q8W4M5	Q9C9K3
Q8W4M5	Q9SYP2
Q8WXD2	Q8WXD2
Q8WXD2	P47867
Q8WXD2	P47868
Q91VW3	Q91VW3
Q91VW3	Q9UJC5
Q91VW3	Q9H299
Q91VW3	O75368
Q91VW3	Q9WUZ7
Q91VW3	Q9NFP5
Q91VW3	Q8BG73
Q91VW3	Q9JJU8
Q91WA1	Q91WA1
Q91WA1	Q9TXI0
Q91WA1	Q04659
Q91WA1	Q9BVW5
Q91WA1	Q8INX3
Q920S3	Q920S3
Q920S3	Q8WUU5
Q968A5	Q968A5
Q968A5	Q8BLX4
Q968A5	Q96A29
Q96AB3	Q96AB3
Q96AB3	Q9DCC7
Q96AB3	Q96CN7
Q96AB3	Q6I7R3
Q96AB3	Q91V64
Q96AB3	P85094
Q96BT1	Q96BT1
Q96EK4	Q96EK4
Q96KF2	Q96KF2
Q96M86	Q96M86
Q96QZ0	Q96QZ0
Q96QZ0	Q6IMP4
Q96QZ0	Q9JIP4
Q96QZ0	P60570
Q96QZ0	P60571
Q96QZ0	Q96RD6
Q96QZ0	Q96RD7
Q96RR1	Q96RR1
Q96RR1	Q8CIW5
Q980V2	Q980V2
Q9C086	Q9C086
Q9CEV7	Q9CEV7
Q9CEV7	O31605
Q9CPV5	Q9CPV5
Q9CPV5	Q6P1K2
Q9CZX9	Q9CZX9
Q9CZX9	Q5J8M3
Q9CZX9	O94520
Q9CZX9	P53073
Q9D1T5	Q9D1T5
Q9D1T5	Q8IV56
Q9D1T5	Q9BU68
Q9D3P9	Q9D3P9
Q9D3P9	P30990
Q9D7V2	Q9D7V2
Q9D7V2	Q8IV50
Q9D7V2	Q9D0E3
Q9D7V2	Q5HZA4
Q9DAQ9	Q9DAQ9
Q9DAQ9	Q7Z5L4
Q9DAQ9	Q920Q3
Q9DBU6	Q9DBU6
Q9DBU6	Q5PPJ2
Q9DBU6	Q96IZ7
Q9DCT6	Q9DCT6
Q9ESD6	Q9ESD6
Q9ESD6	Q96FZ5
Q9GZH4	Q9GZH4
Q9GZH4	Q91YQ5
Q9GZH4	P07153
Q9GZH4	Q9GMB0
Q9GZH4	P04843
Q9GZH4	Q9SFX3
Q9H490	Q9H490
Q9H6S1	Q9H6S1
Q9H6S1	Q6DG50
Q9H6S1	A7MCY6
Q9H6S1	Q9QYP6
Q9H6S1	Q4KMA0
Q9HCP6	Q9HCP6
Q9JJ11	Q9JJ11
Q9JJ11	Q9PTG8
Q9JJ11	Q9JJG0
Q9JJ11	O95359
Q9JJ11	Q9Y6A5
Q9JJ11	O75410
Q9NP55	Q9NP55
Q9NPB0	Q9NPB0
Q9NPB0	Q8K190
Q9NQX5	Q9NQX5
Q9NQX5	Q64322
Q9NQX5	Q93249
Q9NWU2	Q9NWU2
Q9NWU2	Q9D7M1
Q9NWU2	Q10446
Q9NX61	Q9NX61
Q9NZD4	Q9NZD4
Q9NZD4	Q9CY02
Q9P127	Q9P127
Q9QXX8	Q9QXX8
Q9QXX8	Q641W3
Q9QXX8	Q9UHK0
Q9UBR1	Q9UBR1
Q9UBR1	Q8VC97
Q9UBR1	Q964D8
Q9UBR1	Q03248
Q9UT17	Q9UT17
Q9UTM5	Q9UTM5
Q9UUH6	Q9UUH6
Q9VCG4	Q9VCG4
Q9VIV3	Q9VIV3
Q9Y3C4	Q9Y3C4
Q9Y5L0	Q9Y5L0
Q9Z0X1	Q9Z0X1
Q9Z0X1	Q9JM53
Q9Z0X1	O95831
Q9Z1L1	Q9Z1L1
Q9Z1L1	Q9Z0S6
Q9Z1L1	O95484
Q9Z1L1	Q01453
Q9Z1L1	Q99P82
Q9Z1L1	P54852
Q9Z1L1	P56856
Q9Z1L1	P78369
Q9Z1L1	O35054
Q9Z1L1	P56857
Q9Z1L1	Q9Z0G9
Q9Z1L1	Q9Z0S7
Q9Z1L1	O95500
Q9Z1L1	Q5QT56
Q9Z1L1	Q9Z260
Q9Z1L1	O95832
Q9Z1L1	Q96B33
Q9Z1L1	P56880
Q9Z1L1	P57739
Q9Z1L1	Q60771
Q9Z1L1	O88551
Q9Z1L1	P56746
Q9Z1L1	D3ZQJ0
Q9Z1L1	O88552
Q9Z1L1	P56747
Q9Z1L1	Q5I0E5
Q9Z1L1	P56748
Q9Z1L1	Q63400
Q9Z1L1	Q8N6F1
Q9Z1L1	O14493
Q9Z1L1	O54942
Q9Z1L1	Q9D7D7
Q9Z1L1	P56745
Q9Z1L1	O95471
Q9Z1L1	O15551
Q9Z1L1	O75508
Q9Z1L1	Q9Z0S3
Q9Z1L1	O00501
Q9Z1L1	Q9Z0S5
A2AIP0	A2AIP0
A2AIP0	A8MTA8
A2RUT3	A2RUT3
A3KG59	A3KG59
A3KG59	Q8IYS1
A3LXM3	A3LXM3
A5D6W6	A5D6W6
A5DI69	A5DI69
A5DI69	A4QTA3
A5DI69	Q05775
A5DI69	Q5ACM9
A6NIM6	A6NIM6
A7TMZ9	A7TMZ9
A7TMZ9	P53892
A8IW99	A8IW99
A8IW99	Q8N2A8
A8MS85	A8MS85
A8MZG2	A8MZG2
B3DNN5	B3DNN5
B3DNN5	Q13042
B3DNN5	G5EG38
B3DNN5	P41889
B3DNN5	Q8R349
B3DNN5	Q1ZXE6
B3DNN5	P09798
B6TTV8	B6TTV8
B6TTV8	A0MFS5
C5DHP1	C5DHP1
C5DHP1	P38738
D3Z4S3	D3Z4S3
F2Z3F1	F2Z3F1
F4HZD1	F4HZD1
F4HZD1	Q6PCM1
F4HZD1	P97609
F4HZD1	Q61645
F4HZD1	Q9Y4C1
F4HZD1	Q7LBC6
F4HZD1	Q4G059
F4HZD1	Q922M5
F4HZD1	O43593
F4HZD1	Q15652
F4HZD1	Q9VHC5
F4HZD1	Q63679
F4HZD1	Q96GN5
F4HZD1	Q9D0M2
F4HZD1	C0SUU8
F4HZD1	C0SV12
F4HZD1	Q9SSE9
F4HZD1	Q4KM91
F4HZD1	O97101
F4JGZ1	F4JGZ1
F4JMH9	F4JMH9
F6TQD1	F6TQD1
F6TQD1	A8MTL3
F6TQD1	Q495C1
G4N6P7	G4N6P7
J3QPC3	J3QPC3
O13684	O13684
O13971	O13971
O13971	Q06132
O13971	Q5C9Z4
O13971	Q9W020
O13971	Q3UFM5
O14229	O14229
O43921	O43921
O43921	Q15768
O43921	P20827
O43921	P52795
O43921	P52796
O43921	O35393
O43921	P52797
O43921	P52798
O43921	P52800
O43921	P52803
O43921	O73612
O43921	P98172
O48917	O48917
O64587	O64587
O74481	O74481
O80574	O80574
O82244	O82244
O82244	P38179
O82244	Q92685
O82244	Q27333
O82643	O82643
O94615	O94615
P03901	P03901
P0CF16	P0CF16
P0DKL9	P0DKL9
P0DKL9	Q8BIX3
P0DKL9	Q8N8R7
P0DKL9	Q5FVK8
P11872	P11872
P31169	P31169
P31169	P18612
P37271	P37271
P38290	P38290
P38681	P38681
P38877	P38877
P39724	P39724
P40511	P40511
P43562	P43562
P53721	P53721
P61430	P61430
Q04658	Q04658
Q08683	Q08683
Q08CL8	Q08CL8
Q08CL8	Q8BH15
Q08CL8	Q9H9A5
Q09796	Q09796
Q0IIN9	Q0IIN9
Q10080	Q10080
Q10080	P34762
Q10210	Q10210
Q10928	Q10928
Q10928	Q10906
Q15777	Q15777
Q15777	O15442
Q17RA5	Q17RA5
Q1ZXA8	Q1ZXA8
Q20106	Q20106
Q2MH31	Q2MH31
Q2MH31	Q8NCR6
Q2V2P2	Q2V2P2
Q39212	Q39212
Q39212	P16370
Q39212	P97760
Q39212	O15160
Q39212	Q39211
Q39212	O94616
Q39212	P19387
Q39212	P39471
Q39212	P52432
Q39212	P07703
Q3E6Y3	Q3E6Y3
Q3E6Y3	F4I6V0
Q3T1H6	Q3T1H6
Q3T1H6	Q7Z6J8
Q4KMG9	Q4KMG9
F5HDE4	F5HDE4
P03120	P03120
P16791	P16791
Q0PW25	Q0PW25
Q0PW25	P03300
Q0PW25	Q89504
Q6QM28	Q6QM28
Q6QM28	Q24546
Q6QM28	Q8JZP2
Q6QM28	Q63537
Q6QM28	O70441
Q6QM28	Q64332
Q6QM28	P09951
Q6QM28	P17599
Q6QM28	P17600
Q6QM28	P17600
Q6QM28	O88935
Q6QM28	O14994
Q94AV5	Q94AV5
Q94AV5	Q8GXA4
Q94AV5	Q9FH18
Q95U54	Q95U54
Q9C1W3	Q9C1W3
Q9C1W3	P52019
Q9C1W3	P52020
Q9C1W3	O65404
Q9C1W3	P32476
Q9C1W3	Q9SM02
Q9C1W3	Q14534
Q9C1W3	Q92206
Q9C5D0	Q9C5D0
Q9C9C0	Q9C9C0
Q9CR13	Q9CR13
Q9D287	Q9D287
Q9D287	O75934
Q9D915	Q9D915
Q9D915	Q9NR00
Q9D915	Q5T686
Q9FK51	Q9FK51
Q9FMF8	Q9FMF8
Q9FMF8	Q9LXV3
Q9FRS4	Q9FRS4
Q9FY51	Q9FY51
Q9FZ33	Q9FZ33
Q9FZK1	Q9FZK1
Q9H0A3	Q9H0A3
Q9JIK9	Q9JIK9
Q9JIK9	P82930
Q9JLS8	Q9JLS8
Q9LIR9	Q9LIR9
Q9LIR9	Q8BGN5
Q9LIR9	F4JKQ7
Q9LIR9	Q9LNK7
Q9LIR9	Q6P499
Q9LIR9	Q9H841
Q9LIR9	Q8N8Q9
Q9LIR9	Q5A5P7
Q9LIR9	Q7RTP0
Q9LIR9	B3LFA3
Q9LIR9	Q94AH3
Q9LQV2	Q9LQV2
Q9LQV2	O82504
Q9LVA9	Q9LVA9
Q9LX73	Q9LX73
Q9LX73	B9FM64
Q9LYM2	Q9LYM2
Q9M2R1	Q9M2R1
Q9M8W5	Q9M8W5
Q9NWQ9	Q9NWQ9
Q9NWQ9	Q9JJ93
Q9P6R0	Q9P6R0
Q9P6R0	Q92994
Q9P6R0	P29056
Q9P6R0	P43072
Q9P6R0	Q8CFK2
Q9QYM8	Q9QYM8
Q9QYM8	Q9H3R5
Q9S9N6	Q9S9N6
Q9STU3	Q9STU3
Q9SUC9	Q9SUC9
Q9SVS0	Q9SVS0
Q9T0F7	Q9T0F7
Q9T0F7	Q9LQ32
Q9U2M1	Q9U2M1
Q9USP1	Q9USP1
Q9WTQ8	Q9WTQ8
Q9WTQ8	O35093
Q9WTQ8	O14925
Q9Y115	Q9Y115
Q9Y115	Q93380
Q9Y7Z4	Q9Y7Z4
Q9ZUU7	Q9ZUU7
A0A0H3M3S8	A0A0H3M3S8
A0A0H3M3S8	P9WK47
A0A0H3M3S8	P9WK46
A0A0H3M3S8	P9WK55
A2AJT4	A2AJT4
A2AJT4	Q8TF01
A5PLC8	A5PLC8
A5PLC8	P26350
A5PLC8	P06302
A5PLC8	P06454
A5PLC8	P01252
B0VRK7	B0VRK7
B0VRK7	A1KFV6
B1AUR6	B1AUR6
B1AUR6	Q6ZRQ5
B4F7E8	B4F7E8
B4F7E8	Q3UW53
B4F7E8	Q8R1F1
B4F7E8	Q9BZQ8
B4F7E8	Q9ESN0
C0SPB8	C0SPB8
C0SPB8	O34709
D3ZMK9	D3ZMK9
D3ZMK9	Q9H792
D3ZMK9	Q69Z38
E9Q1U1	E9Q1U1
E9Q1U1	Q6TFL3
L0R819	L0R819
O08314	O08314
O08314	Q4QR99
O08314	Q5HFC4
O08314	Q9VPY8
O08314	Q9BXR0
O08314	Q9JMA2
O08314	O32053
O13565	O13565
O13865	O13865
O14251	O14251
O31544	O31544
O34384	O34384
O34384	P80875
O34384	P34122
O34384	P81100
O34384	P19198
O35774	O35774
O35774	Q6NSW3
O35774	O88987
O35774	Q62924
O35774	P0C6C0
O35774	Q2M3C7
O35774	Q5JQC9
O35774	O75969
O35774	Q9UKA4
O42656	O42656
O42926	O42926
O43448	O43448
O43448	Q04212
O43448	Q13303
O43448	Q14722
O43448	P97382
O43448	P62483
O43448	P62482
O43448	P63144
O43448	P63143
O44548	O44548
O46341	O46341
O53181	O53181
O59676	O59676
O59676	Q09842
O69659	O69659
O74904	O74904
O74904	P0A7M6
O74904	P12873
O74904	Q9M3D2
O74904	Q9CDX0
O74904	Q9FJP3
O74904	P0CX85
O74904	P0CX84
O74904	P9WHA7
O74904	P34662
O74904	Q3K3W1
O74904	A0A1D8PK30
O74904	P17078
O74904	Q6ZWV7
O74904	P42766
O74904	Q4JB47
O74904	Q9SF53
O74904	Q9L0D2
O74904	P66166
O74904	Q5HDW6
O75691	O75691
O75691	Q5XG71
O88803	O88803
O88803	O14960
O94358	O94358
O94670	O94670
O95707	O95707
O95707	P38336
O95707	Q9CR08
P01210	P01210
P01210	Q64387
P01210	P06300
P01210	P04094
P01210	P01213
P01210	Q13519
P01210	P22005
P01210	O35417
P01591	P01591
P07255	P07255
P0A491	P0A491
P0A8G8	P0A8G8
P0A8G8	P0A8G6
P0A8G8	Q9LSQ5
P0A8G8	P38234
P0A8G8	P30821
P0A8G8	Q12335
P0A8G8	P25349
P0A8G8	A0A1D8PT02
P0A8G8	Q55393
P0A8G8	O23207
P0A8G8	P72721
P0A8G8	P72723
P0AC41	P0AC41
P0AC41	P08065
P0AC41	Q00711
P0AC41	Q09508
P0AC41	O82663
P0AC41	Q9U3X4
P0AC41	Q9ZPX5
P0AC41	P00363
P0AC41	P31040
P0AC41	Q920L2
P0AC41	P47052
P0AC41	Q8K2B3
P0AC41	P38032
P0ACJ0	P0ACJ0
P0ADT4	P0ADT4
P0AEE7	P0AEE7
P0AEE7	P0AEE5
P0C671	P0C671
P0C7W6	P0C7W6
P0DTC2	P0DTC2
P11978	P11978
P12611	P12611
P14693	P14693
P14900	P14900
P14900	P9WJL7
P14900	Q8Y5M1
P14900	Q9HVZ9
P14900	P94335
P14900	A1KKJ8
P14900	Q5HGP8
P14900	Q8Y6S8
P17950	P17950
P17950	Q9BTL4
P17950	Q5T953
P23327	P23327
P23843	P23843
P23843	P24141
P25385	P25385
P25655	P25655
P25918	P25918
P26955	P26955
P26955	P26954
P26955	P32927
P26955	P16297
P26955	P14784
P28272	P28272
P29029	P29029
P29029	Q9C105
P29461	P29461
P30776	P30776
P30776	Q19325
P30776	Q61550
P30776	Q8C5S7
P30776	O95072
P30776	Q12158
P30776	A2AU37
P30776	Q6AYJ4
P30776	Q9FQ19
P30776	O60216
P30776	Q9H4I0
P30776	Q9FQ20
P31377	P31377
P32334	P32334
P32334	P41809
P32843	P32843
P34479	P34479
P35206	P35206
P35735	P35735
P36040	P36040
P36100	P36100
P36140	P36140
P36265	P36265
P36265	P9WIU9
P36265	P0AFG0
P36265	P75049
P38618	P38618
P38700	P38700
P38851	P38851
P38851	P38717
P39709	P39709
P39709	O43000
P39709	P53241
P39709	P25621
P40191	P40191
P40462	P40462
P40505	P40505
P41223	P41223
P41930	P41930
P43561	P43561
P43561	P38993
P43611	P43611
P45376	P45376
P45376	P38115
P45376	P9WQA5
P45376	A1KMW6
P45376	P23457
P45376	Q8VC28
P45376	P21300
P45376	Q04828
P45376	Q9JII6
P45376	Q10494
P45376	Q9M338
P45376	P15121
P45376	Q8K023
P45376	P47137
P45376	P07943
P45376	P52895
P45376	Q07551
P45376	Q84TF0
P45376	P31210
P45376	C9JRZ8
P45376	P45377
P45376	P17516
P45376	P70694
P45376	P14550
P45376	Q91WR5
P45376	P51857
P45376	P50578
P45376	P38715
P45376	Q12458
P45376	Q9DCT1
P45376	P74308
P45376	M9PF61
P45376	D3ZF77
P45376	P14065
P45376	P51635
P45376	O60218
P45376	P80276
P45376	Q5RJP0
P45376	P42330
P45376	Q8VCX1
P45376	Q96JD6
P46963	P46963
P47146	P47146
P49814	P49814
P49814	P11708
P49814	P33380
P49814	Q6ZMR3
P49814	P57106
P49814	Q9BYZ2
P49814	P29038
P49814	Q01462
P49814	P40925
P49814	Q04K99
P49814	Q8IX04
P49814	P40926
P49814	P00336
P49814	P00339
P49814	P00340
P49814	P00342
P49814	P14152
P49814	O88989
P49814	Q9LKA3
P49814	P00346
P49814	P17505
P49814	Q6IRE4
P49814	P22133
P49814	P93819
P49814	P61889
P49814	Q3T145
P49814	Q3U1V6
P49814	Q99816
P49814	P04636
P49814	P11386
P49814	P32419
P49814	P04642
P49814	P13714
P49814	Q5SKV7
P49814	Q95028
P49814	Q27888
P49814	P9WK13
P49814	P06151
P49814	P08249
P49814	P07195
P49814	P19858
P49814	Q61187
P49814	Q9ZP05
P49814	Q9ZP06
P49814	P07864
P49814	O82399
P49814	Q9UAV5
P49814	P19629
P49814	P42123
P49814	P16125
P49814	Q9Y7R8
P50149	P50149
P50149	P08539
P50149	P29992
P50149	P30677
P50149	P27601
P50149	P20354
P50149	P30678
P50149	P09471
P50149	P11488
P50149	P18064
P50149	P08753
P50149	Q9DC51
P50149	P08754
P50149	P20612
P50149	Q21917
P50149	P29797
P50149	Q9JID2
P50149	B2RSH2
P50149	P10824
P50149	P63096
P50149	P27600
P50149	Q63803
P50149	P19086
P50149	O70443
P50149	P19627
P50149	P19087
P50149	Q03113
P50149	O95837
P50149	P10823
P50149	Q6R0H6
P50149	Q3V3I2
P50149	Q6R0H7
P50149	P63092
P50149	P63094
P50149	P04896
P50149	P63092
P50149	P63094
P50149	P63095
P50149	P29348
P50149	P16051
P50149	C6KIE6
P50149	P26981
P50149	P54111
P50149	O80462
P50149	P16378
P50149	P34043
P50149	P18872
P50149	P59215
P50149	A2Y3B5
P50149	Q0DJ33
P50149	P34044
P50149	P34045
P50149	P34046
P50149	Q9C516
P50149	P04897
P50149	P08752
P50149	P04899
P50149	Q5JWF2
P50149	Q8CGK7
P50149	P38405
P50149	Q9Z213
P50149	P84996
P50149	P16894
P50149	P82471
P50149	P50148
P50149	Q14344
P50149	A8MTJ3
P50149	P21278
P50149	P27584
P53153	P53153
P56508	P56508
P56508	P14359
P56508	Q07549
P56508	O74837
P56508	Q9M095
P67778	P67778
P67778	P67779
P67778	P35232
P67778	P40961
P67778	O04331
P67778	Q5XIH7
P67778	O35129
P67778	Q99623
P67778	P50085
P67778	Q9BKU4
P67778	P50093
P67778	Q9LK25
P69828	P69828
P70188	P70188
P70188	Q26626
P71622	P71622
P73455	P73455
P74662	P74662
P74662	Q8XCV0
P74662	Q5HFE6
P77365	P77365
P77365	O52982
P83111	P83111
P83111	Q9EP89
P95979	P95979
P9WHA1	P9WHA1
P9WHA1	Q9FWS4
P9WHA1	P0A7N0
P9WHA1	P0A7M9
P9WHA1	P0A7N3
P9WHA1	P0A7N1
P9WHA1	P0A485
P9WHA1	Q5HE80
P9WHA1	A6QIW4
P9WHA1	Q03223
P9WHA1	Q02EW8
P9WHA1	A6TGC6
P9WHA1	P73292
P9WHA1	O34967
P9WHW5	P9WHW5
P9WJ69	P9WJ69
P9WJ69	P9WJ68
P9WJ69	Q7AKG8
P9WKH5	P9WKH5
P9WLK3	P9WLK3
Q02205	Q02205
Q03730	Q03730
Q03730	Q8WV83
Q03880	Q03880
Q03880	Q9P7Y3
Q04216	Q04216
Q04603	Q04603
Q04LI2	Q04LI2
Q04LI2	Q03577
Q04LI2	O74407
Q04LI2	P37477
Q04LI2	Q9ZPI1
Q04LI2	Q9UUE6
Q04LI2	P14868
Q04LI2	P21889
Q04LI2	Q4JCI5
Q04LI2	P04802
Q04LI2	P95970
Q04LI2	Q7UAE6
Q04LI2	Q15046
Q04LI2	O48593
Q04LI2	Q96I59
Q04LI2	P15179
Q04LI2	P15178
Q04LI2	Q9HXU0
Q04LI2	P15180
Q04LI2	P0A8M0
Q04LI2	P58694
Q04LI2	P38707
Q04LI2	Q3KRD0
Q04LI2	Q922B2
Q04LI2	P0A8N3
Q04LI2	P0A8N5
Q04LI2	Q8BIP0
Q04LI2	Q9SW95
Q04LI2	Q6PI48
Q04LI2	Q9SW96
Q04LI2	O32038
Q04LI2	P32048
Q04LI2	Q9M084
Q04LI2	O43776
Q04LI2	Q5XIM7
Q04LI2	F4JJT9
Q04LI2	Q5HIF7
Q04LI2	Q99MN1
Q04LI2	O94567
Q05778	Q05778
Q06410	Q06410
Q06410	B0G140
Q06671	Q06671
Q06815	Q06815
Q07555	Q07555
Q08844	Q08844
Q08844	Q08967
Q08844	P39719
Q08844	P53121
Q08844	Q09917
Q09609	Q09609
Q0P3Q0	Q0P3Q0
Q0P3Q0	P06005
Q0P3Q0	P07753
Q0P3Q0	P48183
Q0P3Q0	P06007
Q0P3Q0	P12463
Q0P3Q0	P10510
Q0P3Q0	P48184
Q0P3Q0	Q0P3J1
Q0P3Q0	P16033
Q0P3Q0	P06404
Q0P3Q0	Q36814
Q0P3Q0	P10803
Q0P3Q0	P0C437
Q0P3Q0	P56761
Q0P3Q0	Q2PMT8
Q0P3Q0	P06585
Q0P3Q0	P83755
Q0P3Q0	P69560
Q11102	Q11102
Q11102	Q8NB25
Q12039	Q12039
Q12387	Q12387
Q12495	Q12495
Q16706	Q16706
Q16706	Q8BRK9
Q16706	P28494
Q16706	P49641
Q16706	P27046
Q16706	Q9LFR0
Q19948	Q19948
Q2NKX9	Q2NKX9
Q3KR99	Q3KR99
Q3KR99	Q923A2
Q3UDW8	Q3UDW8
Q499E5	Q499E5
Q499E5	B2RQL2
Q499E5	Q9P2F5
Q499E5	Q6ZVD7
Q4FJU9	Q4FJU9
Q4FJU9	Q8WWA1
Q4G0F8	Q4G0F8
Q4G0F8	Q80WC1
Q4G0F8	D4A666
Q4G0F8	P25992
Q4G0F8	Q6ZU65
Q4G0F8	Q9NPG3
Q4J9B0	Q4J9B0
Q4JAT0	Q4JAT0
Q4JAT0	Q4JBW3
Q4JCL6	Q4JCL6
Q4KLZ4	Q4KLZ4
Q4KLZ4	Q5U649
Q4V891	Q4V891
Q4V891	Q9DBS8
Q4W8E7	Q4W8E7
Q4W8E7	Q9UKB5
Q4W8E7	A2ALI5
Q55118	Q55118
Q55118	P82869
Q55707	Q55707
Q55707	O80796
Q55707	P54617
Q55707	P0AFM6
Q5BJT0	Q5BJT0
Q5BJT0	Q3UL36
Q5BJT0	P0CB26
Q5BJT0	Q9NWB6
Q5BJT0	Q2TA42
Q5BJT0	Q9VL63
Q5H943	Q5H943
Q5HFE5	Q5HFE5
Q5HFE5	A6QHF8
Q5HFE5	P60357
Q5HFE5	B8DE07
Q5HFE5	Q8RAH3
Q5HFE5	A4VYN7
Q5HFE5	Q836B3
Q5HFE5	Q9CJ64
Q5HFE5	Q04MP9
Q5HFE5	Q7WY61
Q5HFE5	Q3JYN3
Q5HJZ6	Q5HJZ6
Q5M951	Q5M951
Q5M951	Q8IYL3
Q5SXJ3	Q5SXJ3
Q5THJ4	Q5THJ4
Q60765	Q60765
Q60765	P15408
Q60765	Q02930
Q60765	Q9DGW5
Q60765	G5ECG2
Q60765	Q9NR55
Q60765	P52890
Q60765	P05412
Q60765	O93602
Q60765	P21525
Q60765	P56432
Q60765	P13346
Q60765	P53539
Q60765	Q8R0S1
Q60765	Q9XZS8
Q60765	P48755
Q60765	Q00969
Q60765	P18625
Q60765	Q8N1L9
Q60765	P17544
Q60765	G5ECU7
Q60765	P18870
Q60765	P18289
Q60765	A8MPH9
Q60765	P17275
Q60765	Q9D275
Q60765	Q8R1H8
Q60765	P10158
Q60765	Q16520
Q60765	P97875
Q60765	Q78E65
Q60765	P01100
Q60765	P12841
Q60765	P01101
Q60765	P05627
Q60765	P17325
Q60765	O35284
Q60765	P09450
Q60765	P24898
Q60765	P51145
Q60765	P47930
Q60765	P15066
Q60765	P52909
Q60765	P15407
Q60765	P16951
Q60765	P16951
Q62100	Q62100
Q62100	Q64256
Q62598	Q62598
Q62598	P97399
Q62598	Q9NZW4
Q66H54	Q66H54
Q66H54	Q05DH4
Q66H54	Q9VQK0
Q66H54	Q3U2I3
Q66H54	B0V207
Q69ZS8	Q69ZS8
Q69ZS8	Q8BSS9
Q69ZS8	O35711
Q69ZS8	O75334
Q69ZS8	O75145
Q69ZS8	Q5FWS6
Q69ZS8	Q13136
Q69ZS8	Q91Z79
Q69ZS8	Q91Z80
Q69ZS8	Q21049
Q6MGB4	Q6MGB4
Q6MGB4	P34240
Q6MGB4	Q9D856
Q6MGB4	Q6P5F6
Q6MGB4	Q8BZH0
Q6MGB4	Q9ULF5
Q6MGB4	Q9PUB8
Q6MGB4	Q504Y0
Q6MGB4	Q8C145
Q6MGB4	Q4V887
Q6MGB4	Q15043
Q6MGB4	Q31125
Q6MGB4	Q75N73
Q6MGB4	Q3KR82
Q6MGB4	Q940Q3
Q6MGB4	Q6P5W5
Q6MGB4	Q9M647
Q6MGB4	Q92504
Q6MGB4	Q96H72
Q6MGB4	O94402
Q6MGB4	Q8BFU1
Q6MGB4	Q8N1S5
Q6MGB4	Q78IQ7
Q6MGB4	Q9C0K1
Q6MGB4	Q91W10
Q6MGB4	Q6ZMH5
Q6MGB4	Q9VSL7
Q6MGB4	Q9V3A4
Q6MGB4	Q6P6S2
Q6NVF4	Q6NVF4
Q6NVF4	Q8NG08
Q6PHN1	Q6PHN1
Q6QWF9	Q6QWF9
Q6QWF9	Q7Z7J9
Q6QWF9	Q96S95
Q6QWF9	Q78WH7
Q6QWF9	Q9Z2N6
Q6UWF3	Q6UWF3
Q6UWF3	Q3UU41
Q6V7V2	Q6V7V2
Q6V7V2	Q14B46
Q6V7V2	Q8IZC4
Q6V7V2	Q8C6B2
Q6X4T0	Q6X4T0
Q7MN57	Q7MN57
Q7MN57	B1XJ17
Q7TNF9	Q7TNF9
Q7TNF9	Q3U3E2
Q7TNF9	Q9C073
Q7TNF9	Q86VQ1
Q7TNF9	Q6P1L5
Q7TPE5	Q7TPE5
Q7TPE5	Q96CW6
Q7TPE5	Q1JQE2
Q80T69	Q80T69
Q80T69	Q5VWQ0
Q80T69	Q6PCB5
Q80T69	Q9GRZ3
Q80WK2	Q80WK2
Q80WK2	Q86UW2
Q83PG4	Q83PG4
Q84TI3	Q84TI3
Q84TI3	Q10PC5
Q84TI3	Q9FIE3
Q84TI3	Q9LUB7
Q84TI3	Q94B71
Q84TI3	Q9S736
Q84TI3	Q9SUM4
Q84TI3	Q9LHF5
Q86UY6	Q86UY6
Q86XR5	Q86XR5
Q8BG34	Q8BG34
Q8BG34	Q96LJ8
Q8BMK4	Q8BMK4
Q8BMK4	Q07065
Q8C160	Q8C160
Q8C160	Q96KJ4
Q8C2A2	Q8C2A2
Q8C2A2	Q7Z6J9
Q8IUR6	Q8IUR6
Q8IUR6	Q9VC61
Q8IYR0	Q8IYR0
Q8IZ81	Q8IZ81
Q8IZ81	Q3V1U8
Q8JZQ5	Q8JZQ5
Q8JZQ5	F4IAX1
Q8JZQ5	O23349
Q8JZQ5	Q16853
Q8JZQ5	Q812C9
Q8JZQ5	O70423
Q8JZQ5	P19801
Q8JZQ5	O75106
Q8K1J6	Q8K1J6
Q8K1J6	Q96Q11
Q8K1J6	Q821A6
Q8K1J6	P21269
Q8K2I9	Q8K2I9
Q8L7I1	Q8L7I1
Q8N8Q3	Q8N8Q3
Q8NB37	Q8NB37
Q8NG48	Q8NG48
Q8NG48	Q3U1D0
Q8R089	Q8R089
Q8R089	Q9HCM7
Q8TAP8	Q8TAP8
Q8TAP8	Q9D8C8
Q8VD37	Q8VD37
Q8VD37	O14526
Q8VD37	Q9BQI5
Q8VD37	D3ZYR1
Q8VD37	Q3UQN2
Q8VD37	Q8K285
Q8VD37	P0DJJ3
Q8VDN4	Q8VDN4
Q8VDN4	Q53HC0
Q8WU49	Q8WU49
Q91YI1	Q91YI1
Q91YI1	Q9VHR6
Q91YI1	P34379
Q924Z5	Q924Z5
Q924Z5	Q5XI41
Q924Z5	Q15629
Q924Z5	Q15035
Q924Z5	Q91V04
Q925T8	Q925T8
Q925T8	Q76B58
Q925T8	Q499E0
Q925T8	Q9C0B6
Q925T8	O60477
Q96AB6	Q96AB6
Q96F10	Q96F10
Q96F10	P21673
Q96F10	Q9D5N8
Q96F10	P79081
Q96HA8	Q96HA8
Q96KF7	Q96KF7
Q96M89	Q96M89
Q96M89	Q0VF22
Q97IR8	Q97IR8
Q99595	Q99595
Q99595	Q94EH2
Q99595	Q9Z0V7
Q99595	Q12328
Q99595	Q9VN97
Q99595	Q9CQ85
Q99595	Q9Y584
Q99595	Q9JKW1
Q99JD4	Q99JD4
Q99JD4	Q8BRT1
Q99JD4	Q9NBD7
Q99JD4	Q80TV8
Q9BS16	Q9BS16
Q9BS16	Q9ESN5
Q9BV19	Q9BV19
Q9BV19	Q5EBG8
Q9CEX2	Q9CEX2
Q9CEX2	P37464
Q9CEX2	O33780
Q9CEX2	P07284
Q9CEX2	P26638
Q9CEX2	P49591
Q9CEX2	Q4J8I4
Q9CEX2	Q9HGT6
Q9CEX2	Q9JJL8
Q9CEX2	P0A8L3
Q9CEX2	Q39230
Q9CEX2	Q18678
Q9CEX2	Q8Y3T4
Q9CEX2	O14018
Q9CEX2	Q9NP81
Q9CQ66	Q9CQ66
Q9CQ66	Q8N7M0
Q9CQ66	P51807
Q9CQ66	Q8CDY7
Q9CQ66	P11985
Q9CQ66	Q9Z336
Q9CQ66	Q94524
Q9CQ66	P63172
Q9CQ66	Q9D5I4
Q9CQ66	Q5JR98
Q9CQF4	Q9CQF4
Q9CR27	Q9CR27
Q9CR27	Q9Y3C0
Q9CY45	Q9CY45
Q9CY45	P53200
Q9CY45	Q8WVE0
Q9CY45	Q5WRN3
Q9D159	Q9D159
Q9D159	D3Z1Q2
Q9D159	Q96G30
Q9D2V5	Q9D2V5
Q9D2V5	Q9Y312
Q9DB90	Q9DB90
Q9DB90	Q5PQS6
Q9DB90	Q9H0W8
Q9EPU4	Q9EPU4
Q9EPU4	Q10570
Q9EPU4	Q9FGR0
Q9H091	Q9H091
Q9HB71	Q9HB71
Q9HB71	Q6AYK6
Q9HB71	Q9CXW3
Q9JLN4	Q9JLN4
Q9JLN4	Q96PD5
Q9JLN4	Q9VXN9
Q9JLN4	A1A547
Q9JLN4	Q0VB07
Q9JLN4	Q96LB9
Q9JLN4	O75594
Q9JLN4	Q9GNK5
Q9JLN4	Q96LB8
Q9LW00	Q9LW00
Q9LW00	Q9XI36
Q9LZR8	Q9LZR8
Q9N2M8	Q9N2M8
Q9NW38	Q9NW38
Q9NWU5	Q9NWU5
Q9P1A2	Q9P1A2
Q9P1A2	Q8VI02
Q9P1A2	G5ECH5
Q9P1A2	Q8K2V1
Q9P7Y8	Q9P7Y8
Q9S7I0	Q9S7I0
Q9S7I0	Q55158
Q9S7I0	Q9STY4
Q9S7I0	Q6P6J0
Q9S7I0	P47058
Q9SL48	Q9SL48
Q9SL48	Q8BRF7
Q9SL48	Q8BRF7
Q9SL48	Q24179
Q9SL48	Q8WVM8
Q9SL48	O74534
Q9SL48	Q62991
Q9SL48	P22213
Q9UHG3	Q9UHG3
Q9UTN2	Q9UTN2
Q9UUH8	Q9UUH8
Q9UX92	Q9UX92
Q9UX92	P0CT58
Q9UX92	P0CT59
Q9UX92	P0CT59
Q9UX92	P12879
Q9UX92	P62244
Q9UX92	P62245
Q9UX92	P46793
Q9UX92	Q9LX88
Q9UX92	Q3E7Y3
Q9UX92	P0C0W1
Q9UX92	P42798
Q9UX92	P73307
Q9UX92	P0A7W7
Q9UX92	P0CU35
Q9UX92	Q96W54
Q9V3N8	Q9V3N8
Q9V3N8	F4IRQ5
Q9V3N8	Q9CY52
Q9V3N8	F4ISV6
Q9V3N8	Q9NWX6
Q9VHB6	Q9VHB6
Q9VKM6	Q9VKM6
Q9VKM6	F4IP06
Q9VKM6	Q62481
Q9VKM6	Q15906
Q9VKM6	Q9P790
Q9VS36	Q9VS36
Q9VV74	Q9VV74
Q9W157	Q9W157
Q9WUU9	Q9WUU9
Q9WUU9	A6H687
Q9WUU9	O60318
Q9WUU9	A6NKF1
Q9WUU9	O74889
Q9WUU9	P46674
Q9WUU9	F4JAU2
Q9WUU9	Q9USI4
Q9Y256	Q9Y256
Q9Y256	P57791
Q9Y328	Q9Y328
Q9Y328	P47759
Q9Y328	P42857
Q9Y328	Q9DCA7
Q9Y328	P58821
Q9Y328	Q9NYX4
Q9Y328	P02683
Q9Y328	Q62092
Q9Y3X0	Q9Y3X0
Q9Y3X0	Q8VC31
Q9Y3X0	Q6ZUT6
Q9Y3X0	A3KGF9
Q9Y5L2	Q9Y5L2
Q9Y664	Q9Y664
Q9Y6G3	Q9Y6G3
Q9Y7K2	Q9Y7K2
Q9Y7K2	Q9VK45
Q9Y7K2	Q5EAK6
Q9Y7K2	Q95Q95
Q9Y7K2	Q9FR53
Q9Y7K2	P42346
Q9Y7K2	P32600
Q9Y7K2	Q9M3G7
Q9Y7K2	Q9VXG8
Q9Y7K2	O14356
Q9Y7K2	Q62388
Q9Y7K2	Q70PP2
Q9Y7K2	Q9JLN9
Q9Y7K2	Q9FKS4
Q9Y7K2	Q13315
Q9Y7K2	P35169
Q9Y7K2	Q9JKK8
Q9Y7K2	Q13535
Q9Y7K2	Q13535
Q9Y7K2	Q8BKX6
Q9Y7K2	P38110
Q9Y7K2	P38111
Q9Y7K2	Q02099
Q9Y7K2	Q6P435
Q9Y7K2	O74630
Q9ZZW1	Q9ZZW1
A2RVJ8	A2RVJ8
A2XNF0	A2XNF0
A2XNF0	P41088
A5DJ85	A5DJ85
A5DJ85	P53840
A5DJ85	Q59NW5
A5DJ85	A3LR41
A6Q0K5	A6Q0K5
A6Q0K5	O22914
A8J353	A8J353
A8MT33	A8MT33
A8MT33	Q9D495
A8MT33	Q8N0S2
A8R0V4	A8R0V4
C5DJ44	C5DJ44
C5DJ44	P40563
C5DJ44	Q5AP87
C5DJ44	A7TSV6
D3Z5T1	D3Z5T1
D3Z5T1	A2IDD5
F4K4J0	F4K4J0
J3QPP8	J3QPP8
O13813	O13813
O13813	P49334
O43002	O43002
O43002	P52870
O43002	P52871
O43002	P60468
O43002	Q9CQS8
O43002	P38389
O43002	A8I6P9
O55013	O55013
O55013	Q5T215
O55013	Q4KL14
O60152	O60152
O74313	O74313
O81742	O81742
O81742	P53618
O81742	Q13367
O81742	Q9DBG3
O81742	P63010
O81742	P62944
O81742	Q9UUF7
O81742	Q9JME5
O81742	Q9Z1T1
O81742	Q9WV76
O81742	Q23924
O81742	Q9SV20
O81742	Q9LDK9
O81742	P27351
O81742	P41810
O81742	O43005
O81742	Q9M2T1
O81742	P23514
O81742	O35643
O81742	P36000
O81742	P45437
O81742	P52303
O81742	O00203
O81742	O43079
O81742	Q9SV21
O81742	Q9JIF7
O81742	Q9SUS3
O81742	O13939
O81742	Q9Y6B7
O82245	O82245
O94353	O94353
O94452	O94452
P08440	P08440
P08440	Q91Y97
P08440	P79226
P08440	Q40677
P08440	Q9ZU52
P08440	Q42690
P08440	P00884
P08440	P54216
P08440	P07764
P08440	Q944G9
P08440	P09117
P08440	Q9LF98
P08440	Q10A30
P08440	Q7KQL9
P08440	P17784
P08440	P09972
P08440	Q5HCU6
P08440	A6QK93
P08440	F4KGQ0
P08440	P46563
P08440	P74309
P08440	Q9SJQ9
P08440	P05062
P08440	P05063
P08440	O65581
P08440	P05064
P08440	P05065
P08440	Q9SJU4
P0C1T5	P0C1T5
P10169	P10169
P14477	P14477
P33421	P33421
P37295	P37295
P38878	P38878
P40533	P40533
P41056	P41056
P41056	P05744
P41056	Q9USX4
P41056	Q9USG6
P41056	A0A1D8PHH4
P41056	P49180
P41056	Q9LMK0
P41056	P18077
P41056	O55142
P41056	Q9C912
P43567	P43567
P47145	P47145
P53292	P53292
P53722	P53722
P53722	Q9Y6H3
P53722	A4RF31
P53981	P53981
P87214	P87214
P87214	P06174
P92969	P92969
P92969	Q9LFV6
P92969	O00411
P92969	Q8BKF1
P92969	P13433
P92969	O24600
P93317	P93317
Q03770	Q03770
Q06640	Q06640
Q07507	Q07507
Q08096	Q08096
Q08096	P56175
Q08096	Q9Y2P8
Q08687	Q08687
Q12331	Q12331
Q1JPM5	Q1JPM5
Q1PE15	Q1PE15
Q2V2Y6	Q2V2Y6
Q37050	Q37050
Q39214	Q39214
Q3E743	Q3E743
Q4KML4	Q4KML4
I6LAD1	I6LAD1
I6LAD1	C4R5T1
P03122	P03122
P16794	P16794
P69718	P69718
P69718	P04618
Q92365	Q92365
Q92365	A0A1D8PH21
Q92365	O80929
Q92365	Q9LZ57
Q92365	P49181
Q92365	O94658
Q92365	Q9M352
Q92365	Q9Y3U8
Q92365	P05745
Q92365	O14455
Q93YU2	Q93YU2
Q949P2	Q949P2
Q949P2	Q94AM1
Q94K98	Q94K98
Q96B42	Q96B42
Q99J39	Q99J39
Q99J39	O95822
Q9AST8	Q9AST8
Q9AST8	Q9FF98
Q9B8C9	Q9B8C9
Q9B8C9	P11661
Q9B8C9	P03915
Q9B8C9	P03921
Q9B8C9	P0C327
Q9BYW3	Q9BYW3
Q9C5D6	Q9C5D6
Q9C5D6	A8I499
Q9C5D6	Q8WY07
Q9C5D6	Q9SQZ0
Q9C5D6	Q8BXR1
Q9C5D6	Q8TBB6
Q9C5D6	Q9SHH0
Q9C5D6	P52569
Q9C5D6	B5D5N9
Q9C5D6	P30823
Q9C5D6	P30825
Q9C5D6	P70423
Q9C5D6	Q09143
Q9C5D6	O43246
Q9C5D6	Q8BLQ7
Q9CQ71	Q9CQ71
Q9CQ71	P35244
Q9D956	Q9D956
Q9D956	Q96A59
Q9FDW8	Q9FDW8
Q9FDW8	P56395
Q9FDW8	B1AS42
Q9FDW8	Q9DCN2
Q9FDW8	O74875
Q9FDW8	O00767
Q9FDW8	P13516
Q9FDW8	G5EGN2
Q9FDW8	Q42342
Q9FDW8	P21147
Q9FDW8	Q9DB73
Q9FDW8	Q56584
Q9FDW8	Q8R086
Q9FDW8	Q6BCY4
Q9FDW8	Q10352
Q9FDW8	Q9Z122
Q9FDW8	P40312
Q9FDW8	P16081
Q9FDW8	Q920R3
Q9FDW8	Q9SID2
Q9FDW8	P17570
Q9FDW8	Q7L5A8
Q9FDW8	P17571
Q9FDW8	Q12746
Q9FDW8	Q9LVZ3
Q9FDW8	O94523
Q9FDW8	P04166
Q9FDW8	P83291
Q9FDW8	Q07116
Q9FDW8	Q86SK9
Q9FDW8	P83686
Q9FDW8	P38626
Q9FDW8	A8MWK0
Q9FDW8	P11035
Q9FDW8	P20070
Q9FDW8	Q0VAX3
Q9FDW8	P11832
Q9FDW8	P51687
Q9FDW8	Q3TDX8
Q9FDW8	O13846
Q9FDW8	O60427
Q9FDW8	O95864
Q9FDW8	Q03529
Q9FDW8	Q7L1T6
Q9FDW8	Q99PL7
Q9FDW8	P13011
Q9FDW8	Q920L1
Q9FDW8	Q9JJE7
Q9FDW8	Q9V4N3
Q9FDW8	P36060
Q9FDW8	Q3KNK3
Q9FDW8	Q6IPT4
Q9FDW8	O94391
Q9FDW8	Q9Y5Q0
Q9FDW8	Q04772
Q9FDW8	Q55406
Q9FDW8	Q9Z0R9
Q9FDW8	O74557
Q9FDW8	P27967
Q9FDW8	P00167
Q9FDW8	Q9CQX2
Q9FDW8	Q9ZWT2
Q9FDW8	P00173
Q9FDW8	Q9UHQ9
Q9FDW8	O22704
G5EFJ4	G5EFJ4
L0T905	L0T905
O02495	O02495
O02495	P22214
O02495	P23763
O02495	Q9ZRD6
O02495	Q9M376
O02495	Q9LVM9
O02495	Q15836
O02495	Q96IW7
O02495	P18489
O02495	P51809
O02495	Q92356
O02495	Q9STP2
O02495	O15498
O02495	Q9Z2P8
O02495	O95183
O02495	P70280
O02495	Q12255
O02495	O48850
O02495	P63045
O02495	P63044
O02495	O70404
O02495	Q9MAS5
O02495	Q9W0C1
O02495	Q9LVV3
O02495	Q9Y7L0
O02495	O23429
O02495	Q32L97
O02495	Q63666
O02495	Q9JHW5
O02495	Q9BV40
O02495	P33328
O02495	O75379
O02495	Q9WUF4
O02495	Q9SN26
O02495	Q4KM74
O02495	O08547
O02495	Q8BH47
O02495	Q9FMR5
O02495	Q9Z2J5
O02495	Q9ZTW3
O02495	Q9CQW1
O02495	P31109
O02495	P36015
O02495	P63025
O02495	P63024
O02495	Q62442
O02495	O60073
O02495	P63027
O02495	P47192
O02495	O70480
O08335	O08335
O13570	O13570
O14253	O14253
O15063	O15063
O31556	O31556
O31777	O31777
O31777	O35704
O31777	Q5W264
O31777	Q8VC19
O31777	Q3B7D2
O31777	O59682
O31777	Q09925
O31777	P97363
O31777	O14092
O31777	Q9NUV7
O31777	O15269
O31777	O15270
O31777	P22557
O31777	Q94IB8
O31777	P09950
O31777	P40970
O31777	O75600
O31777	P13196
O31777	P08680
O31777	P25045
O31777	P0AB79
O32173	O32173
O34832	O34832
O43301	O43301
O43301	Q96MM6
O43301	Q9CZJ2
O43301	Q8K0U4
O43592	O43592
O43592	Q9CRT8
O53203	O53203
O59678	O59678
O59678	Q15050
O59678	A1A5P2
O59678	Q08746
O59678	Q9CYH6
O59817	O59817
O60150	O60150
O60150	Q10347
O60516	O60516
O60516	Q80VV3
O60516	Q98TT6
O60516	Q62622
O60516	Q0P5A7
O60516	Q60876
O60516	Q9XZ56
O60516	Q13541
O60516	P70445
O60516	Q13542
O69670	O69670
O74338	O74338
O74434	O74434
O74521	O74521
O74906	O74906
O75363	O75363
O75363	Q3ZB98
O75363	Q80YN3
O88533	O88533
O88533	P05031
O88533	P23738
O88533	P20711
O88533	Q05733
O88533	P14173
O88533	Q95ZS2
O88533	P19113
P12784	P12784
P12784	P0A2W5
P12784	P32463
P12784	P9WQF3
P12784	P9WQF2
P12784	P20804
P12784	Q9CR21
P12784	P80918
P12784	P11829
P12784	P80920
P12784	P80921
P12784	P80922
P12784	P25701
P12784	P80923
P12784	P25702
P12784	O14561
P12784	Q10217
P12784	P11943
P12784	P11830
P12784	P0A6B0
P12784	P0A6A8
P12784	P19372
P12784	P80643
P12784	P07854
P12784	Q94519
P16254	P16254
P16254	P37108
P20050	P20050
P20436	P20436
P20436	P52434
P20436	Q923G2
P21189	P21189
P22134	P22134
P25580	P25580
P25657	P25657
P25657	Q9UPU3
P25657	P40438
P25657	P32319
P25657	P25606
P25657	Q8WY21
P25657	Q8VI51
P25657	Q9EPR5
P25657	A4RF05
P25657	P53751
P25657	Q96PQ0
P25657	P40890
P25657	Q9JLC4
P25657	O42930
P25924	P25924
P25924	Q83JB3
P25924	P36150
P28047	P28047
P28047	P56706
P28047	O00755
P28047	O96014
P28047	O14905
P28047	Q9GZT5
P28047	Q8R5M2
P28047	P56703
P28047	Q9H1J5
P28047	P56704
P28047	Q9H1J7
P28047	P41221
P28047	P56705
P28047	P04628
P28047	P21552
P28047	Q93097
P28047	P09544
P28047	P48614
P28047	O70283
P28047	P70701
P28047	P22724
P28047	O00744
P28047	P04426
P28047	O14904
P28047	P40589
P28047	Q9UBV4
P32335	P32335
P32617	P32617
P32617	Q8BHA0
P32617	Q6PI98
P32776	P32776
P32776	Q9DBA9
P32776	P32780
P32776	Q9P5N7
P32844	P32844
P33314	P33314
P34304	P34304
P34489	P34489
P35736	P35736
P36041	P36041
P37569	P37569
P38139	P38139
P38193	P38193
P38248	P38248
P38248	P25380
P38248	P08459
P38248	Q12355
P38297	P38297
P38351	P38351
P38750	P38750
P38801	P38801
P39074	P39074
P39221	P39221
P39807	P39807
P40463	P40463
P40463	P32047
P40957	P40957
P43612	P43612
P43612	P36123
P43612	O74511
P43612	P53036
P43612	P40856
P45848	P45848
P46673	P46673
P47096	P47096
P47096	P46952
P47096	P46953
P47096	Q78JT3
P47822	P47822
P47822	Q5ACU4
P48235	P48235
P48428	P48428
P48428	O75347
P49815	P49815
P49815	G3X9J0
P49815	Q9P2F8
P49815	P46062
P49815	Q5VVW2
P49815	Q61037
P49815	Q96FS4
P49815	A5PF44
P49815	Q5JCS6
P49815	Q9UUG9
P49815	A3KGS3
P49815	O55007
P49815	P49816
P49815	Q6GYP7
P49815	Q6GYP7
P49815	Q5SVL6
P49815	Q6GYQ0
P49815	Q9VB98
P49815	P47736
P49815	P86411
P49815	Q3V0G7
P49815	Q80TE4
P49815	Q8C0T5
P49815	Q8C0T5
P49815	Q2PPJ7
P49815	Q684P5
P49815	O60292
P49815	O35412
P51571	P51571
P9WGN9	P9WGN9
P9WGN9	P9WGN8
P9WJ85	P9WJ85
P9WJU1	P9WJU1
P9WJU1	P9WJU0
P9WJU1	A1KQF8
P9WLK5	P9WLK5
P9WMH9	P9WMH9
Q01766	Q01766
Q02DS7	Q02DS7
Q02SZ7	Q02SZ7
Q03213	Q03213
Q03629	Q03629
Q03888	Q03888
Q05779	Q05779
Q06146	Q06146
Q06538	Q06538
Q06538	Q09809
Q06673	Q06673
Q07395	Q07395
Q08285	Q08285
Q08285	Q7TQK4
Q08285	Q9NQT5
Q08E93	Q08E93
Q0VAA5	Q0VAA5
Q0VAA5	Q8BLJ3
Q0VAA5	B2RXA1
Q0VAA5	Q9NUJ7
Q0VF94	Q0VF94
Q0VF94	Q17RQ9
Q12102	Q12102
Q12208	Q12208
Q12333	Q12333
Q13495	Q13495
Q13495	P0C6A2
Q5HHS7	Q5HHS7
Q5JTZ5	Q5JTZ5
Q5PR68	Q5PR68
Q5PR68	Q8N8E3
Q5SI56	Q5SI56
Q5SI56	Q4J915
Q5SI56	Q8Y4B2
Q5SI56	Q8Y7D3
Q5SI56	Q4J937
Q5SI56	Q8XA55
Q5SI56	P39148
Q5SI56	O80988
Q5SI56	O13972
Q5SI56	P0A827
Q5SI56	P0A825
Q5SI56	P33195
Q5SI56	Q8XD33
Q5SI56	Q83QA2
Q5SI56	P34896
Q5SI56	P37291
Q5SI56	P54376
Q5SI56	P34897
Q5SI56	P37292
Q5SI56	Q5HE87
Q5SI56	A6QIV7
Q5SI56	Q9CZN7
Q5SI56	Q9SZJ5
Q5SI56	P50431
Q5SI56	Q94B78
Q5SI56	P50432
Q5SI56	O13426
Q5SI56	P23378
Q5SI56	Q5HFM3
Q5SI56	Q5HFM4
Q5SI56	Q94JQ3
Q5SI56	P49095
Q5SI56	Q91W43
Q5SI56	P77962
Q5SI56	Q6N693
Q5SI56	Q9UWT5
Q5SI56	O23254
Q5SRN2	Q5SRN2
Q5SV85	Q5SV85
Q5SV85	Q9JKC9
Q5T4T1	Q5T4T1
Q5T4T1	Q8WVE7
Q5VTY9	Q5VTY9
Q5VZE5	Q5VZE5
Q5VZE5	Q9W1A2
Q5XFZ0	Q5XFZ0
Q5XFZ0	Q32NC0
Q5XFZ0	Q4V7D8
Q64602	Q64602
Q64602	Q9Y7S6
Q64602	P10356
Q64602	Q8N5Z0
Q64602	P53090
Q64602	P95957
Q64602	O14192
Q64602	Q9WVM8
Q673H1	Q673H1
Q68FE9	Q68FE9
Q68FE9	D3ZKB9
Q68FE9	P22265
Q68FE9	B3DJM5
Q68FE9	Q8CGV9
Q68FE9	Q9U3V5
Q68FE9	Q5DTH5
Q68FE9	Q63HK5
Q6BDS2	Q6BDS2
Q6BDS2	A2RSJ4
Q6BDS2	A0JNW5
Q6NT89	Q6NT89
Q6NXR4	Q6NXR4
Q6NXR4	Q66H56
Q6NXR4	Q8BGV4
Q6P1J6	Q6P1J6
Q6P1J6	Q3TTY0
Q6PFH3	Q6PFH3
Q6PFH3	Q66K64
Q6PHN7	Q6PHN7
Q6PHN7	Q5U3C3
Q6PIX9	Q6PIX9
Q6PIX9	Q9BSJ5
Q6X4U4	Q6X4U4
Q6ZQ38	Q6ZQ38
Q6ZQ38	P97536
Q6ZQ38	O75155
Q6ZQ38	Q6ZQ73
Q6ZQ38	G5ED41
Q6ZQ38	Q9R0L4
Q6ZQ38	Q9VKY2
Q6ZT12	Q6ZT12
Q6ZT12	Q5U430
Q6ZT12	Q9W3M3
Q71RC9	Q71RC9
Q79FW0	Q79FW0
Q7TNG8	Q7TNG8
Q7TNG8	P32891
Q7UAV7	Q7UAV7
Q7UAV7	P68567
Q7Z2W9	Q7Z2W9
Q7Z2W9	Q9D1N9
Q83PJ7	Q83PJ7
Q83PJ7	B0VMY0
Q83PJ7	Q55787
Q86UY8	Q86UY8
Q86UY8	Q5TFE4
Q86UY8	Q8C5P5
Q86UY8	Q9H857
Q86UY8	Q3UHB1
Q86W54	Q86W54
Q86X51	Q86X51
Q8BQP8	Q8BQP8
Q8BQP8	Q8CHD8
Q8BQP8	O75154
Q8BQP8	Q86YS3
Q8BVF4	Q8BVF4
Q8BVF4	Q5VVM6
Q8BX10	Q8BX10
Q8BX10	Q96HS1
Q8BX10	Q562B5
Q8C5V8	Q8C5V8
Q8C5V8	A0A096LP49
Q8CE13	Q8CE13
Q8CE13	Q96LX7
Q8IU57	Q8IU57
Q8IU57	Q8CGK5
Q8IVF2	Q8IVF2
Q8K0V4	Q8K0V4
Q8K0V4	Q9NZN8
Q8K0V4	Q8C5L3
Q8K0V4	P06102
Q8K0V4	O13870
Q8K0V4	O75175
Q8K0V4	P87240
Q8K0V4	Q94547
Q8K0V4	Q9FPW4
Q8K0V4	Q12514
Q8K3M5	Q8K3M5
Q8K3M5	Q8TDN4
Q8K3M5	Q9ESJ1
Q8K3M5	Q9BTV7
Q8K467	Q8K467
Q8K467	Q8NEW7
Q8N8Q8	Q8N8Q8
Q8NA31	Q8NA31
Q8NA31	Q8C0V1
Q8NFP0	Q8NFP0
Q8R366	Q8R366
Q8R366	A8E0Y8
Q8R366	Q62786
Q8R366	Q969P0
Q8R366	Q9WV91
Q8R366	Q6ZQA6
Q8R366	Q9P2B2
Q8R366	Q93033
Q8R3W5	Q8R3W5
Q8R3W5	Q8WW01
Q8T9B6	Q8T9B6
Q8T9B6	Q14696
Q8T9B6	Q9ERE7
Q8TBE9	Q8TBE9
Q8TBE9	Q9CPT3
Q8TF17	Q8TF17
Q8TF17	Q8TE82
Q8TF17	Q80VA5
Q8VCN5	Q8VCN5
Q8VCN5	P18757
Q8VCN5	P31373
Q8VCN5	O94350
Q8VCN5	P53101
Q8VCN5	P06106
Q8VCN5	O42851
Q8VCN5	O13326
Q8VCN5	P43623
Q8VCN5	P56069
Q8VCN5	Q1K8G0
Q8VCN5	P32929
Q8VCN5	P38716
Q8VE88	Q8VE88
Q8VE88	Q8IWE2
Q8VE88	Q9NRY5
Q8VE88	Q9D281
Q8WUY9	Q8WUY9
Q8WUY9	Q5TB30
Q8WUY9	Q8BH88
Q8WUY9	Q8CIG0
Q91XT6	Q91XT6
Q91XT6	Q8N9U0
Q922Q5	Q922Q5
Q922Q5	Q9H1N7
Q922Q5	Q9VVD9
Q924Z6	Q924Z6
Q92600	Q92600
Q92CZ4	Q92CZ4
Q93XW7	Q93XW7
Q96B36	Q96B36
Q96B36	Q9D1F4
Q96EK6	Q96EK6
Q96EK6	Q9VAI0
Q96LR7	Q96LR7
Q96M91	Q96M91
Q96M91	Q9D439
Q96PG8	Q96PG8
Q99487	Q99487
Q99487	Q60963
Q9BS18	Q9BS18
Q9BTF0	Q9BTF0
Q9BTF0	Q9CZB3
Q9BUB7	Q9BUB7
Q9BY32	Q9BY32
Q9BY32	P47119
Q9BY32	Q9D892
Q9BY32	D3ZW55
Q9BZA5	Q9BZA5
Q9BZA5	Q9NUQ3
Q9BZA5	Q6PAM1
Q9BZA5	Q8BHN1
Q9BZA5	Q8VBT1
Q9BZA5	Q8N3L3
Q9CQS7	Q9CQS7
Q9CQS7	P85965
Q9CRC6	Q9CRC6
Q9CY50	Q9CY50
Q9CY50	P43307
Q9CY50	Q7TPJ0
Q9CZL5	Q9CZL5
Q9CZL5	B1XN71
Q9CZL5	P61457
Q9CZL5	P61458
Q9CZL5	P61459
Q9CZL5	O42658
Q9CZL5	B0R6B9
Q9CZL5	Q9H0N5
Q9CZL5	Q02I31
Q9D011	Q9D011
Q9D011	Q8TAP9
Q9D219	Q9D219
Q9D219	Q86UU0
Q9D219	O00512
Q9D219	Q67FY2
Q9DAS2	Q9DAS2
Q9DAS2	A6NJV1
Q9DB91	Q9DB91
Q9DB91	Q9NX70
Q9DBV4	Q9DBV4
Q9DCC3	Q9DCC3
Q9DCC3	Q8WV48
Q9EPB5	Q9EPB5
Q9EPB5	Q9H4I8
Q9FY61	Q9FY61
Q9FY61	Q0JBY9
Q9H1K6	Q9H1K6
Q9H1K6	Q9ERE8
Q9H668	Q9H668
Q9H668	Q8K2X3
Q9H7H0	Q9H7H0
Q9H7H0	Q3U2U7
Q9H9P8	Q9H9P8
Q9H9P8	Q91YP0
Q9LEX8	Q9LEX8
Q9LIH5	Q9LIH5
Q9LW57	Q9LW57
Q9M086	Q9M086
Q9NPJ4	Q9NPJ4
Q9NPJ4	Q9CR73
Q9NPJ4	Q12796
Q9NSG2	Q9NSG2
Q9NSG2	Q3TQQ9
Q9NU19	Q9NU19
Q9NU19	Q9URY3
Q9NU19	Q9NVG8
Q9NU19	Q08484
Q9NU19	O59737
Q9NU19	Q8WUA7
Q9NU19	Q8R3D1
Q9NU19	Q8R5A6
Q9NVH2	Q9NVH2
Q9NVH2	Q7TQK1
Q9NVH2	Q9VT41
Q9NW61	Q9NW61
Q9NW61	Q9D240
Q9ZZX7	Q9ZZX7
A6X8Z9	A6X8Z9
A6X8Z9	Q96M34
A8MT66	A8MT66
B0G163	B0G163
B3H4P1	B3H4P1
D3ZXW3	D3ZXW3
D3ZXW3	O95073
F4HVG8	F4HVG8
F4IIZ9	F4IIZ9
F4IIZ9	O48791
F4J1D9	F4J1D9
F4J1D9	Q9LSB4
F4JT76	F4JT76
F4K4L7	F4K4L7
F4KEC6	F4KEC6
H0UI37	H0UI37
J3QPZ5	J3QPZ5
J3QPZ5	Q96M95
O04023	O04023
O13688	O13688
O13973	O13973
O14094	O14094
O14094	P38698
O14234	O14234
O14234	P50077
O23393	O23393
P40548	P40548
P51577	P51577
P51577	Q99572
P51577	Q9JJX6
P51577	Q93086
P51577	P47824
P51577	P51575
P51577	Q9Z1M0
P51577	Q8K3P1
P51577	P49653
P51577	P56373
P51577	P49654
P51577	Q3UR32
P51577	Q64663
P51577	O15547
P51577	Q9UBL9
P53293	P53293
P53723	P53723
P85797	P85797
P87232	P87232
P87232	Q8K2Y7
P87232	P36517
P87232	Q9HD33
P93333	P93333
Q02651	Q02651
Q03776	Q03776
Q04675	Q04675
Q06155	Q06155
Q06643	Q06643
Q0JNL3	Q0JNL3
Q0JNL3	Q39162
Q0JNL3	Q93ZE2
Q0JNL3	Q39237
Q0JNL3	Q93XM6
Q0JNL3	E3VNM4
Q0JNL3	P43273
Q0JNL3	Q39140
Q10213	Q10213
Q10213	P03018
Q10213	P12954
Q10213	P9WMQ1
Q10LI6	Q10LI6
Q10LI6	Q9FKN4
Q10LI6	Q9LF14
Q10LI6	P38876
Q12089	Q12089
Q12338	Q12338
Q2QRV3	Q2QRV3
Q2QRV3	Q9SGH6
Q2V305	Q2V305
Q37066	Q37066
Q39089	Q39089
Q3E755	Q3E755
Q3KR92	Q3KR92
Q3KR92	O70281
Q3KR92	O88856
Q3KR92	O60704
Q3KR92	O60507
Q3KR92	O77081
Q3KR92	Q9VYB7
Q3UJK4	Q3UJK4
Q3UJK4	Q18905
Q3UJK4	Q9BX10
Q3UJK4	O08582
Q3UJK4	O00178
Q3UJK4	D2XV59
Q3V384	Q3V384
Q3V384	P32317
Q3V384	Q8WV93
Q4FZG8	Q4FZG8
Q4FZG8	Q9JI83
Q4FZG8	Q4V7E2
Q9WVD4	Q9WVD4
Q9WVD4	P51800
Q9WVD4	Q1ZXJ0
Q9WVD4	P92941
Q9WVD4	O70496
Q9WVD4	P51799
Q9WVD4	Q9R0A1
Q9WVD4	P92943
Q9WVD4	P35523
Q9WVD4	P35524
Q9WVD4	P37020
Q9WVD4	P35525
Q9WVD4	P60300
Q9WVD4	O35454
Q9WVD4	Q61418
Q9WVD4	O60159
Q9WVD4	Q9VGH7
Q9WVD4	P51791
Q9WVD4	P51792
Q9WVD4	P51794
Q9WVD4	P51795
Q9WVD4	P51801
Q9WVD4	Q9WUB6
Q9WVD4	Q9WUB7
Q9WVD4	Q64347
Q9WVD4	P92942
Q9WVD4	P51788
Q9WVD4	Q96282
Q9WVD4	P51793
Q9WVD4	Q9BMK9
Q9WVD4	P51798
P03145	P03145
P04859	P04859
P69723	P69723
Q6WB97	Q6WB97
Q6WB97	P04545
Q93YU5	Q93YU5
Q93ZJ9	Q93ZJ9
Q944H2	Q944H2
Q949R4	Q949R4
Q96NZ9	Q96NZ9
Q99NI3	Q99NI3
Q99NI3	Q9JI57
Q99NI3	Q6EKJ0
Q99NI3	Q9ESZ8
Q99NI3	P78347
Q99NI3	Q5U2Y1
Q9ASU7	Q9ASU7
Q9ASU7	O14206
Q9ASU7	P38789
Q9ASU7	Q9VDE5
Q9ASU7	Q91YU8
Q9ASU7	Q12153
Q9BZ68	Q9BZ68
Q9BZ68	Q9BZ67
Q9BZ68	Q5U2R3
Q9BZ68	Q3UFK8
Q9C614	Q9C614
Q9FHY8	Q9FHY8
Q9FKR0	Q9FKR0
Q9FKR0	Q9C9M2
Q9FKR0	Q9FLN8
Q9FKR0	Q9FKD0
Q9FKR0	Q9FKC8
Q9FLX4	Q9FLX4
Q9FLX4	Q9SH58
Q9FN50	Q9FN50
Q9FT52	Q9FT52
Q9FVR6	Q9FVR6
Q9XRX5	Q9XRX5
Q9Y215	Q9Y215
Q9Y215	O35167
Q9Y6Y9	Q9Y6Y9
Q9ZU97	Q9ZU97
Q9ZU97	Q06708
Q9ZU97	Q08AM6
Q9ZU97	P87145
Q9ZU97	Q80WQ2
Q9ZU97	Q80W92
A0A1B0GTH6	A0A1B0GTH6
A0A1D8PCX8	A0A1D8PCX8
A0A1D8PCX8	P79071
A0A1D8PCX8	Q02326
A0A1D8PCX8	P47991
A0A1D8PCX8	P21533
A0A1D8PCX8	P47911
A0A1D8PCX8	P05739
A0A1D8PCX8	Q9C9C5
A0A1D8PCX8	Q9C9C6
A0A1D8PCX8	Q02878
A0A1D8PCX8	Q9FZ76
A2RUB1	A2RUB1
A2RUB1	A2AG06
A3KMP2	A3KMP2
A3KMP2	Q5R3I4
A6NEC2	A6NEC2
A6NEC2	Q6P179
A6NEC2	Q8N6M6
A6NEC2	Q9USX1
A6NEC2	Q0J5V5
A6NEC2	Q11011
A6NEC2	P97449
A6NEC2	P50123
A6NEC2	Q8C129
A6NEC2	P52922
A6NEC2	P15144
A6NEC2	Q07075
A6NEC2	Q9FY49
A6NEC2	P16406
A6NEC2	Q2KHK3
A6NEC2	Q9JJ22
A6NEC2	A4QUC1
A6NEC2	Q9H4A4
A6NEC2	Q6Q4G3
A6NEC2	P37898
A6NEC2	P09960
A6NEC2	O09175
A6NEC2	P32454
A6NEC2	P55786
A6NEC2	Q8VCT3
A6NEC2	Q10740
A6NEC2	O94544
A6NEC2	P97629
A6NEC2	Q9NZ08
A6NEC2	Q9EQH2
A6NEC2	P24527
A6NGY3	A6NGY3
A8MVS5	A8MVS5
B0R669	B0R669
B0R669	Q94300
B0R669	P12877
B0R669	A0A1D8PHW1
B0R669	P0C0W9
B0R669	Q3E757
B0R669	P0CT77
B0R669	P0CT77
B0R669	P0CT78
B0R669	P0CT78
B0R669	Q927L9
B0R669	P9WH83
B0R669	P9WH82
B0R669	Q19162
B0R669	A6QJ80
B0R669	Q5HDX0
B0R669	P62913
B0R669	P62914
B0R669	Q9CXW4
B0R669	Q9HWE7
B0R669	P16168
B0R669	Q83PY9
B0R669	P62401
B0R669	P62399
B0R669	P42795
B0R669	P42794
B0R669	O04603
B0R669	P73308
B0R669	A2YDY2
B0R669	Q0DK10
B0VSC3	B0VSC3
B7FAS0	B7FAS0
C9JSJ3	C9JSJ3
D3Z070	D3Z070
L7N653	L7N653
O05521	O05521
O05521	P60384
O08601	O08601
O08601	P55157
O08601	D4A1W8
O13576	O13576
O13771	O13771
P17065	P17065
P20051	P20051
P20051	O04904
P21190	P21190
P21560	P21560
P21560	Q9NVA1
P21560	Q9USK6
P22136	P22136
P22531	P22531
P22531	Q5TA76
P22531	Q5TA78
P22531	Q96RM1
P22531	Q9UBC9
P22531	Q9BYE3
P22531	Q5T751
P22531	Q5T753
P22531	Q5T754
P22531	P22528
P22531	Q5T7P2
P22531	P22532
P22531	Q96PI1
P22531	Q5T5B0
P22531	O14633
P22531	O70557
P22531	O70559
P22531	O70561
P22531	P35321
P22531	O70562
P22531	Q9BYE4
P22531	P35325
P22531	Q62266
P22531	P35326
P22531	Q4KL71
P22531	Q9CQK8
P27801	P27801
P32336	P32336
P32480	P32480
P32618	P32618
P33197	P33197
P33197	P48735
P33197	Q72IW9
P33197	P33198
P33197	Q9SRZ6
P33197	O14104
P33197	P28834
P33197	P39126
P33197	Q02NB5
P33197	Q93353
P33197	P93832
P33197	P40495
P33197	P73960
P33197	P51553
P33197	Q99NA5
P33197	Q9D6R2
P33197	P28241
P33197	P08200
P33197	O43837
P33197	P53982
P33197	P80046
P33197	P21954
P33197	Q9FMT1
P33197	P41939
P33197	O81796
P33197	P50213
P33197	Q9SLK0
P33197	O75874
P33197	P04173
P33197	P54071
P33197	P70404
P33197	P18869
P33197	P30125
P33197	P41562
P33197	P41565
P33197	P56574
P33197	Q9SA14
P33197	O88844
P33197	P05645
P33197	Q93714
P33197	Q83SP1
P35208	P35208
P35554	P35554
P38302	P38302
P38352	P38352
P38854	P38854
P38854	C5DDJ3
P38854	A7TEW6
P38854	A5DH34
P38854	C5DRG2
P39297	P39297
P39808	P39808
P40011	P40011
P40057	P40057
P40102	P40102
P40465	P40465
P40780	P40780
P42228	P42228
P42228	Q9PVX8
P42228	Q6DV79
P42228	O00910
P42228	Q54BD4
P42228	Q9TUZ0
P42228	Q9TUZ1
P42228	P42225
P42228	Q9NAD6
P42228	Q9NAD6
P42228	P42226
P42228	P42227
P42228	P52631
P42228	Q19S50
P42228	P42229
P42228	P42230
P42228	P42232
P42228	P52630
P42228	P52632
P42228	P52633
P42228	Q14765
P42228	Q9WVL2
P42228	B5X561
P42228	P51692
P42228	Q764M5
P42228	Q24151
P42228	Q62771
P47148	P47148
P47710	P47710
P47710	P02662
P47710	P04653
P47710	P18626
P47710	O97943
P47710	P02661
P53107	P53107
P53107	Q09721
P53107	O94589
P53222	P53222
P53276	P53276
P53843	P53843
P53843	O74490
P53843	P53990
P53843	Q9CX00
P53843	Q568Z6
P53946	P53946
Q02DZ3	Q02DZ3
Q03496	Q03496
Q04978	Q04978
Q05934	Q05934
Q06236	Q06236
Q06236	P37298
Q06236	Q08749
Q06412	Q06412
Q06674	Q06674
Q06820	Q06820
Q07963	Q07963
Q08287	Q08287
Q08673	Q08673
Q08673	Q12254
Q09252	Q09252
Q09252	Q9H0G5
Q09252	Q568R1
Q09252	Q5NCR9
Q09252	Q4FZU3
Q09457	Q09457
Q0P557	Q0P557
Q0P557	Q0P557
Q0P557	Q8TC71
Q0VAF6	Q0VAF6
Q10108	Q10108
Q10411	Q10411
Q12334	Q12334
Q12445	Q12445
Q14507	Q14507
Q14507	P56851
Q14B71	Q14B71
Q14B71	E9PVX6
Q7K0E3	Q7K0E3
Q7K0E3	Q9QYW3
Q7K0E3	Q6PEB6
Q7MP86	Q7MP86
Q7MP86	Q9D0D4
Q7MP86	Q8WVM0
Q7MP86	P41819
Q7MP86	Q9UNQ2
Q7MP86	Q9USU2
Q7MP86	P9WH07
Q7MP86	A1KHE8
Q7MP86	Q811P6
Q7TSI3	Q7TSI3
Q7TSI3	Q8R3Q2
Q7TSI3	Q9UPN7
Q7TSI3	Q5H9R7
Q80V62	Q80V62
Q80V62	Q6IV68
Q83K86	Q83K86
Q86YH6	Q86YH6
Q86YH6	Q33DR3
Q8BH10	Q8BH10
Q8BH10	Q09232
Q8BH10	Q96D31
Q8BH10	Q96SN7
Q8BH10	Q9U6B8
Q8BH10	Q8BWG9
Q8BH10	Q6P8G8
Q8BH10	Q9BRQ5
Q8BH10	Q5M848
Q8BH10	Q6AXR8
Q8BJA3	Q8BJA3
Q8BJA3	Q6NT76
Q8BMN4	Q8BMN4
Q8BMN4	A0A1B0GTW7
Q8BQP9	Q8BQP9
Q8BRV5	Q8BRV5
Q8BRV5	P58871
Q8BRV5	Q9C0C2
Q8BRV5	Q9BY89
Q8BW94	Q8BW94
Q8BW94	P38650
Q8BW94	E9Q8T7
Q8BW94	Q8WXX0
Q8BW94	Q9P225
Q8BW94	Q96DT5
Q8BW94	Q19020
Q8BW94	Q6ZR08
Q8BW94	P37276
Q8BW94	Q91XQ0
Q8BW94	Q9C0G6
Q8BW94	Q9NYC9
Q8BW94	Q9JHU4
Q8BW94	Q8TE73
Q8BW94	Q14204
Q8BW94	Q69Z23
Q8BW94	Q8IVF4
Q8BW94	P0C6F1
Q8BW94	Q63164
Q8BW94	Q8VHE6
Q8BW94	Q39575
Q8BW94	Q923J6
Q8BW94	Q3V0Q1
Q8BW94	Q8TD57
Q8BW94	Q9SMH3
Q8C4Q6	Q8C4Q6
Q8C4Q6	Q96BJ3
Q8CBH5	Q8CBH5
Q8CBH5	Q6ZSS7
Q8CBH5	A1DWM3
Q8GUM4	Q8GUM4
Q8IL06	Q8IL06
Q8IU60	Q8IU60
Q8IU60	P53550
Q8IU60	O62255
Q8IU60	O13828
Q8IU60	Q9CYC6
A5Z2X5	A5Z2X5
A6X980	A6X980
A8WHP8	A8WHP8
B3H587	B3H587
B3H587	Q9LE56
B7F7B9	B7F7B9
B7F7B9	P31928
B7F7B9	Q94BT0
B7F7B9	F4JLK2
B7F7B9	P31927
B7F7B9	Q8RY24
B7F7B9	Q9FY54
B7F7B9	Q0JGK4
B7F7B9	A2WYE9
F4JHH5	F4JHH5
F4K4R6	F4K4R6
G5ED29	G5ED29
H0Y354	H0Y354
O00476	O00476
O00476	Q03567
O00476	Q3TXX4
O00476	Q62795
O00476	G4N2A8
O00476	Q9P2U7
O00476	Q9P2U8
O00476	Q9V7S5
O00476	Q9BYT1
O00476	Q8BLE7
O00476	Q9JI12
O00476	Q9Y2C5
O00476	Q9NRA2
O00476	O00624
O00476	Q62634
O00476	Q5Q0U0
O00476	Q8BN82
O04035	O04035
O04035	Q99288
O13290	O13290
O13689	O13689
O13818	O13818
O13978	O13978
O14097	O14097
O14466	O14466
O14466	Q9LM93
O14466	O53493
O14466	O60762
O14466	P14020
O14466	O70152
O44400	O44400
O49434	O49434
O61366	O61366
O64600	O64600
O64600	Q9ZUB8
O64600	Q9ZUB9
O74315	O74315
P54790	P54790
P61619	P61619
P61619	P61620
P61619	P61621
P61619	P49978
P61619	P38353
P61619	Q9JLR1
P61619	Q9H9S3
P61619	P32915
P61619	P79088
P64584	P64584
P64584	P64581
P64584	P0ADQ7
P64584	P0AEH5
P67911	P67911
P67911	Q83PP2
P72584	P72584
P72584	Q9M591
P75033	P75033
P75818	P75818
P78332	P78332
P94417	P94417
P97480	P97480
P97480	O08575
P97480	O95677
P97480	O00167
P97480	Q9Z191
P97480	P97767
P97480	Q99502
P97480	Q99504
P9WGG5	P9WGG5
P9WKQ5	P9WKQ5
P9WKQ5	P9WKQ4
P9WPW7	P9WPW7
P9WPW7	P00966
P9WPW7	P77973
P9WPW7	Q4J8F1
P9WPW7	Q9UX31
P9WPW7	P22768
P9WPW7	O34347
P9WPW7	O94354
P9WPW7	Q9SZX3
P9WPW7	P14568
P9WPW7	P09034
P9WPW7	P0A6E4
P9WPW7	P59609
P9WPW7	P16460
P9WPW7	P77756
Q20929	Q20929
Q21351	Q21351
Q24118	Q24118
Q2M389	Q2M389
Q2M389	Q3UMB9
Q3KC07	Q3KC07
Q3KC07	Q96326
Q3T1J8	Q3T1J8
Q3T1J8	Q99K95
Q3T1J8	A5GFW7
Q3T1J8	Q9BY42
Q3TLS3	Q3TLS3
Q3TLS3	Q9FLP9
Q3TVA9	Q3TVA9
Q3TVA9	Q96JN2
Q3U034	Q3U034
Q3U034	Q8N3J2
Q3UJ81	Q3UJ81
Q3UJ81	Q8N9A8
Q3UQS2	Q3UQS2
Q3UQS2	Q8N8F7
Q3UQS2	A5PK14
Q3UX62	Q3UX62
Q3UX62	B1H228
Q3UX62	Q96M63
Q3ZRW6	Q3ZRW6
Q3ZRW6	Q15846
Q499V8	Q499V8
Q499V8	Q8BI29
Q4VA36	Q4VA36
Q4VA36	Q86UT8
Q4VA36	F4JRR5
Q53QW1	Q53QW1
Q53QW1	Q9DA60
Q53QW1	Q5U2Y8
Q568Y2	Q568Y2
Q568Y2	Q9BQC3
Q568Y2	Q9CR25
Q59P96	Q59P96
Q59X11	Q59X11
Q5A506	Q5A506
Q5AJ77	Q5AJ77
Q5FVJ7	Q5FVJ7
Q5FVJ7	Q9H7X7
Q5FVJ7	Q9DAI2
Q5HGP9	Q5HGP9
Q5HGP9	B0VPG4
Q5HGP9	P64258
Q5HGP9	O49730
Q5HGP9	O25235
Q5JQC4	Q5JQC4
Q5JQC4	A0A0U1RQG5
Q5JQC4	P0C2W7
Q5SL35	Q5SL35
Q5SL35	Q72LH0
Q5SL35	B0VN00
Q5SL35	P0A6I0
Q5SL35	Q8Y5W6
Q5T8I9	Q5T8I9
Q5T8I9	Q7K175
Q5T8I9	Q9C5Q8
Q5T8I9	P34283
Q5XI83	Q5XI83
Q5XI83	Q8BWQ6
Q5XI83	Q9VHM2
Q61735	Q61735
Q61735	P97829
Q61735	Q08722
Q62633	Q62633
Q62633	P70172
Q62633	Q3KNW5
Q62633	Q93YR2
Q62633	Q4JLT5
Q62633	P09131
Q62633	Q5PT54
Q62633	Q96EP9
Q62633	Q14973
Q62633	O08705
Q62633	P26435
Q62633	P21129
Q659A1	Q659A1
Q659A1	Q3UZ18
Q66H73	Q66H73
Q66H73	Q6PG04
Q66H73	Q8N4S0
Q68FH4	Q68FH4
Q68FH4	P51570
Q68FH4	O23461
Q68FH4	P09608
Q68FH4	P04385
Q68FH4	Q9R0N0
Q68FH4	P13045
Q68FH4	Q01415
Q68FH4	P0A6T3
Q68FX7	Q68FX7
Q68FX7	Q13769
Q6AY52	Q6AY52
Q6AY52	Q8IZ16
Q6ISU1	Q6ISU1
Q6NXY1	Q6NXY1
Q6NXY1	Q96DN5
Q6P6C2	Q6P6C2
Q6P6C2	Q6P6C2
Q6P6C2	Q9SL49
Q6P6C2	Q08BA6
Q6P6C2	Q3TSG4
Q6P6C2	D3ZKD3
Q6P6C2	Q9ZT92
Q6TYB5	Q6TYB5
Q6TYB5	Q99689
Q6TYB5	Q9UHY8
Q6TYB5	P97577
Q6TYB5	Q8K0X8
Q6TYB5	P97578
Q6ZTR6	Q6ZTR6
Q8IXH6	Q8IXH6
Q8IXH6	Q96A56
Q8K284	Q8K284
Q8K284	Q63505
Q8K284	Q12789
Q8N0U2	Q8N0U2
Q8NA66	Q8NA66
Q8NEF9	Q8NEF9
Q8NEF9	Q66H19
Q8NEF9	Q9CZ91
Q8R0E5	Q8R0E5
Q8R570	Q8R570
Q8R570	Q5SQN1
Q8R570	Q6P6S0
Q8SAB7	Q8SAB7
Q8TDP1	Q8TDP1
Q8TDP1	Q9CQ18
Q8VDS7	Q8VDS7
Q8VDS7	Q8IYX8
Q8VDS7	B4F7A7
Q8VDS7	Q8CEE0
Q8VHT6	Q8VHT6
Q8VHT6	Q9HBK9
Q8WVR3	Q8WVR3
Q8WXG1	Q8WXG1
Q8WXG1	Q8CBB9
Q8Y6J7	Q8Y6J7
Q8YAA3	Q8YAA3
Q8YAA3	Q9USJ9
Q8YAA3	Q8PNT1
Q8YAA3	P02394
Q8YAA3	Q3K5Y0
Q8YAA3	P23349
Q8YAA3	P53163
Q8YAA3	P0A7K2
Q8YAA3	Q9DB15
Q8YAA3	P52815
Q8YAA3	Q72GS2
Q8YAA3	Q97EG8
Q8YAA3	P36210
Q8YAA3	P36212
P60154	P60154
P60154	P60153
P62875	P62875
P62875	P22139
P62875	Q9SYA6
P64611	P64611
P73617	P73617
P73617	P07285
P73617	P9WFX5
P75353	P75353
P75821	P75821
P77554	P77554
P83369	P83369
P83369	Q8BUV6
P94425	P94425
P96374	P96374
P97313	P97313
P9WFS3	P9WFS3
P9WFS3	P9WFS2
P9WKR5	P9WKR5
P9WLQ3	P9WLQ3
P9WLQ3	P9WLQ2
Q03653	Q03653
Q03653	Q5APG7
Q03769	Q03769
Q04279	Q04279
Q04279	P34250
Q04437	Q04437
Q04753	Q04753
Q04753	Q9LVA7
Q04753	A1ZAW5
Q04753	P54105
Q04753	Q61189
Q06159	Q06159
Q06263	Q06263
Q07451	Q07451
Q07451	P35723
Q07836	Q07836
Q08334	Q08334
Q08334	Q61190
Q08908	Q08908
Q08908	Q12473
Q08908	P36033
Q08908	P53746
Q08979	Q08979
Q09293	Q09293
Q10138	Q10138
Q10138	P53844
Q10138	Q9HDZ5
Q10138	Q9UU99
Q10138	P53860
Q10138	Q06705
Q10432	Q10432
Q12343	Q12343
Q12343	Q59U73
Q12343	Q9Y821
Q12343	A3LYF7
Q12403	Q12403
Q12454	Q12454
Q13227	Q13227
Q14264	Q14264
Q15198	Q15198
Q15198	Q6PE55
Q16612	Q16612
Q16612	Q07475
Q17R55	Q17R55
Q1ZZU3	Q1ZZU3
Q61168	Q61168
Q61168	Q13571
Q61301	Q61301
Q61301	P26232
Q61301	Q9PVF8
Q61301	P90947
Q61301	P26231
Q61301	P35220
Q61301	P35221
Q61301	Q3MHM6
Q61301	Q65CL1
Q61301	Q9UBT7
Q61301	Q9UI47
Q61301	B7ZC77
Q61301	O88327
Q62857	Q62857
Q62857	P35638
Q62857	P35639
Q66HP6	Q66HP6
Q66HP6	Q8K004
Q66HP6	Q8BNN1
Q66HP6	Q8IUW3
Q66HP6	Q9W1A4
Q66HP6	Q9UM82
Q6A000	Q6A000
Q6A000	Q2KHM9
Q6AYT3	Q6AYT3
Q6AYT3	Q9Y3I0
Q6AYT3	Q99LF4
Q6IN84	Q6IN84
Q6IN84	P25270
Q6PD31	Q6PD31
Q6PD31	Q8R2H7
Q6PD31	Q960V3
Q6PD31	P54257
Q6PD31	O35668
Q6PD31	P54256
Q6PD31	O60296
Q6PJG6	Q6PJG6
Q6PJG6	Q8C3R1
Q6ZTU2	Q6ZTU2
Q70Z53	Q70Z53
Q70Z53	Q5FVF1
Q70Z53	Q8BP78
Q7BSW5	Q7BSW5
Q7K2B0	Q7K2B0
Q7K2B0	Q5U4F0
Q7K2B0	O43159
Q7K2B0	Q9DB85
Q7K2B0	P38961
Q7L5Y9	Q7L5Y9
Q7L5Y9	Q4VC33
Q7L5Y9	Q9M2V9
Q7TNS2	Q7TNS2
Q7TNS2	Q9N4K0
Q7TNS2	Q5TGZ0
Q7TNS2	Q96VH5
Q9H3R2	Q9H3R2
Q9H3R2	P19467
Q9H3R2	P97881
Q9H967	Q9H967
Q9JKK1	Q9JKK1
Q9JKK1	O60499
Q9JKK1	Q63635
Q9JKK1	Q9UNK0
Q9JKK1	Q9Z2Q7
Q9JKK1	O88983
Q9JKK1	O43752
Q9JL70	Q9JL70
Q9JL70	O15360
Q9M1S9	Q9M1S9
Q9M1S9	Q9SJW9
Q9NWY4	Q9NWY4
Q9NWY4	Q8CFE2
Q9NWY4	A8MVJ9
Q9NWY4	Q9VNI3
Q9P287	Q9P287
Q9P287	Q9CWI3
Q9P382	Q9P382
Q9P6S6	Q9P6S6
Q9SMZ4	Q9SMZ4
Q9SMZ4	O59711
Q9SMZ4	P43065
Q9SMZ4	Q9UDR5
Q9SMZ4	P38998
Q9SMZ4	P38999
Q9SMZ4	A2VCW9
Q9SMZ4	Q09694
Q9SMZ4	Q99K67
Q9SZP8	Q9SZP8
Q9SZP8	Q9AUJ7
Q9SZP8	Q9LIN5
Q9SZP8	Q9SAD7
Q9UDX5	Q9UDX5
Q9URV9	Q9URV9
Q9URV9	P36077
Q9URV9	Q9BYN0
Q9UU76	Q9UU76
Q9UU76	Q04373
Q9UU76	Q9LRZ3
Q9UU76	Q09622
Q9UU76	Q8BKS9
Q9UU76	Q15397
Q9UUJ7	Q9UUJ7
Q9VEA2	Q9VEA2
Q9VEA2	Q8R5L3
Q9VEA2	Q96JC1
Q9VM75	Q9VM75
Q9W1I2	Q9W1I2
Q9W3E2	Q9W3E2
Q9W5E4	Q9W5E4
Q9WU28	Q9WU28
Q9WU28	Q99471
Q9WU28	Q9VCZ8
Q9WUF3	Q9WUF3
Q9WUF3	Q535K8
Q9WUF3	Q9UKL3
Q9WUF3	Q9DB00
Q9WUF3	Q3T8J9
Q9Y2L5	Q9Y2L5
Q9Y365	Q9Y365
Q9Y365	Q9JMD3
Q9Y7M8	Q9Y7M8
Q9Y7M8	Q03210
Q9Y7M8	Q03264
A1Y2B7	A1Y2B7
A1Y2B7	Q2QWE9
A1Y2B7	Q9LDX1
A4QVZ8	A4QVZ8
A4QVZ8	P36165
A4QVZ8	Q02331
A4QVZ8	A4R8V2
A4QVZ8	A2AJ88
A4QVZ8	A5DHA3
A4QVZ8	P40308
A4QVZ8	Q9LZA6
A4QVZ8	Q5A368
A4QVZ8	Q04958
A4QVZ8	P0C584
A4QVZ8	Q12043
A4QVZ8	O14115
A4QVZ8	Q9U969
A4QVZ8	Q9M1I6
A4QVZ8	Q5BK26
A4QVZ8	Q21534
A4QVZ8	Q9USJ4
A6N6J5	A6N6J5
A6N6J5	Q9P2L0
A6N6J5	Q8BND3
A6NK06	A6NK06
A6NK06	P54987
B3H7A9	B3H7A9
B3H7A9	Q9FLN9
B3H7A9	O81270
B5X4Z4	B5X4Z4
B7Z031	B7Z031
C0SUU6	C0SUU6
C0SUU6	Q9LG15
C0SUU6	P0DKL0
C0SUU6	O23077
C0SUU6	Q9SYA9
C0SUU6	Q9CAV7
C0SUU6	F4K5T4
C0SUU6	Q9ASZ1
C0SUU6	Q9SB42
C0SUU6	Q9SJM4
C0SUU6	O04608
C0SUU6	Q9ZU30
C6KSN4	C6KSN4
C9JQI7	C9JQI7
D3ZAQ5	D3ZAQ5
D3ZAQ5	Q9D4A5
D3ZAQ5	Q6ZW13
E1JH25	E1JH25
E9Q0C6	E9Q0C6
F4I700	F4I700
F4JC97	F4JC97
G5EDW7	G5EDW7
O04195	O04195
O13709	O13709
O13843	O13843
O13843	P32459
O43042	O43042
O59755	O59755
O60056	O60056
O74342	O74342
O74963	O74963
O74963	Q12374
O80874	O80874
O80874	Q07500
O80874	P40215
O80874	P32340
O80874	O14121
O80874	O43090
O80874	F4JJJ3
O82290	O82290
O94661	O94661
O94661	Q96BZ9
O96552	O96552
O96552	Q9SSM4
O96552	P69771
O96552	Q9CQD4
O96552	Q7LBR1
O96552	Q921W0
O96552	Q99LU0
O96552	Q9HD42
P04808	P04808
P04808	P04090
P04808	P47932
P04808	Q14641
P04808	P01347
P06796	P06796
P06796	P02668
P06796	P02670
P06796	P07498
P0C5M1	P0C5M1
P0CB21	P0CB21
P12872	P12872
P25863	P25863
P25863	Q00742
P25863	P22240
P25863	P31168
P25863	P30185
P25863	P42758
P25863	Q2R4Z4
P25863	P42759
P25863	P42763
P25863	P12950
P25863	P46524
P25863	Q96261
P38093	P38093
P38730	P38730
P38907	P38907
P46978	P46978
P46978	Q8TCJ2
P46978	P46977
P46978	P46975
P46978	Q3TDQ1
P46978	P39007
P46978	Q93ZY3
P47172	P47172
P49107	P49107
P53060	P53060
P53060	O94577
P70552	P70552
P70552	P30047
P70552	P99025
P81277	P81277
P97391	P97391
P97391	P04054
P97391	O15496
P97391	Q9BZM2
P97391	Q9WVF6
P97391	Q9Z0L3
P97391	P14555
P97391	Q9QXX3
Q00LT1	Q00LT1
Q04814	Q04814
Q06201	Q06201
Q06885	Q06885
Q08218	Q08218
Q09716	Q09716
Q09812	Q09812
Q0VBP7	Q0VBP7
Q0WRC9	Q0WRC9
Q12155	Q12155
Q12155	Q5BJF2
Q1ZXE2	Q1ZXE2
Q23049	Q23049
Q23049	Q8TAM2
Q23049	Q8VD72
Q2V3X3	Q2V3X3
Q3EB08	Q3EB08
Q3LIE5	Q3LIE5
Q3U132	Q3U132
Q3U132	Q3U132
Q3U132	A2RU30
Q3U132	Q14B48
Q3U132	P28290
Q3U132	Q6ZRS4
Q3U132	Q922B9
Q4G0G2	Q4G0G2
O53380	O53380
P03275	P03275
P06446	P06446
Q921K8	Q921K8
Q921K8	Q9Y4C2
Q921K8	A5PJN5
Q921K8	A6NFQ2
Q92377	Q92377
Q93ZR8	Q93ZR8
Q93ZR8	Q9FMW3
Q93ZR8	Q9SH89
Q93ZR8	Q94BY4
Q93ZR8	F4HXW9
Q93ZR8	Q9LIN9
Q93ZR8	Q9LFC6
Q93ZR8	F4HYR4
Q93ZR8	F4HZX7
Q93ZR8	Q9ZVF7
Q93ZR8	O64884
Q93ZR8	B7ZWR7
Q94KJ7	Q94KJ7
Q94KJ7	Q63616
Q94KJ7	Q96AX1
Q94KJ7	Q9D2N9
Q94KJ7	Q9H267
Q94KJ7	Q9Y1I2
Q94KJ7	Q9P7V6
Q94KJ7	P59016
Q96HP8	Q96HP8
Q96HP8	Q9DCS1
Q96HP8	Q3YBM2
Q96HP8	Q925D4
Q96HP8	Q9R1Q6
Q96LM9	Q96LM9
Q99JR6	Q99JR6
Q99JR6	Q96T66
Q99JR6	P53204
Q99JR6	Q0HA29
Q99JR6	Q8BNJ3
Q99JR6	Q9HAN9
Q99JR6	Q9EPA7
Q99JR6	Q9BZQ4
Q99JR6	Q9UT53
Q99JR6	Q06178
Q99MH3	Q99MH3
Q99MH3	P81172
Q9BUM1	Q9BUM1
Q9BUM1	Q9NQR9
Q9BUM1	P35575
Q9C9G6	Q9C9G6
Q9C9G6	P38829
Q9C9G6	Q9H5X1
Q9C9G6	Q9V968
Q9C9G6	Q9Y3D0
Q9C9G6	Q9D187
Q9CPQ5	Q9CPQ5
Q9CPQ5	Q7L2Z9
Q9CPQ5	Q66H02
Q9FFQ5	Q9FFQ5
Q9FFQ5	Q9FFF6
Q9FFQ5	P93821
Q9FFQ5	P40902
Q9FFQ5	P93824
Q9FFQ5	O65378
Q9FFQ5	Q9LTH7
Q9FFQ5	Q9SKK4
Q9FFQ5	Q96323
Q9FFQ5	Q9SRM3
Q9FFQ5	Q9FLV0
Q9FFQ5	Q9FFQ4
Q9FFQ5	Q39110
Q9FFQ5	B2GVM7
Q9FFQ5	Q39111
Q9FFQ5	Q39112
Q9FFQ5	Q9M2C4
Q9FFQ5	Q41931
Q9FFQ5	Q9LY48
Q9FFQ5	Q9ZUN4
Q9FMP0	Q9FMP0
Q9FZ63	Q9FZ63
Q9FZ63	Q9FRR1
Q9FZ63	Q9UI14
Q9FZ63	Q9LIC6
Q9FZ63	O35394
Q9LKU8	Q9LKU8
Q9LTR9	Q9LTR9
Q9LTR9	O43010
Q9LTR9	O61613
Q9LTR9	O60551
Q9LTR9	Q8K1Q0
Q9LTR9	P30418
Q9LTR9	P30419
Q9LTR9	O70310
Q9LTR9	O70311
Q9LVF4	Q9LVF4
Q9LW12	Q9LW12
Q9LW12	Q03968
Q9LW12	Q96270
Q3UCV8	Q3UCV8
Q3UCV8	Q96BN8
Q3UCV8	Q9NUU6
Q3UP23	Q3UP23
Q3UP23	Q6ZUK4
Q3URY6	Q3URY6
Q3URY6	Q8NEN0
Q3V1L4	Q3V1L4
Q3V1L4	P49902
Q4J947	Q4J947
Q4JAL1	Q4JAL1
Q4JC84	Q4JC84
Q4JC84	Q09533
Q4JC84	Q29195
Q4JC84	Q6ZWV3
Q4JC84	P27635
Q4JC84	Q93W22
Q4JC84	P41805
Q4JC84	P86048
Q4JC84	Q96L21
Q4JC84	Q0DKF0
Q4JC84	Q08770
Q4JC84	Q5AIB8
Q4JC84	Q0ITS8
Q4JC84	Q9P769
Q4JC84	Q09127
Q5A216	Q5A216
Q5A216	Q96U60
Q5A216	P40460
Q5AGC1	Q5AGC1
Q5AGC1	F4KDH9
Q5AGC1	Q5U317
Q5AGC1	Q09801
Q5AGC1	F4JC20
Q5AGC1	Q5XJD3
Q5AGC1	Q9D824
Q5AGC1	P45976
Q5AM44	Q5AM44
Q5PQS3	Q5PQS3
Q5PQS3	Q14D04
Q5PQS3	Q9VS24
Q5PQS3	A1A535
Q5T749	Q5T749
Q5T749	B2RUR4
Q5VTH2	Q5VTH2
Q5VYV7	Q5VYV7
Q5VYV7	Q9D7Y9
Q5XF03	Q5XF03
Q5XF03	Q9CAY3
Q5XF03	Q9LMM0
Q811U3	Q811U3
Q811U3	Q6PH08
Q811U3	Q8K3M6
Q811U3	O15083
Q811U3	Q99MI1
Q811U3	Q8IUD2
Q811U3	A0A0B4K7K9
Q83QV0	Q83QV0
Q83QV0	Q9I4G3
Q86VG3	Q86VG3
Q86VG3	Q9CQI4
Q8CB93	Q8CB93
Q8CB93	Q8N292
Q8CCG4	Q8CCG4
Q8CCG4	Q9CWH0
Q8CCG4	Q7L190
Q8DR55	Q8DR55
Q8IXS2	Q8IXS2
Q8JZM6	Q8JZM6
Q8JZM6	Q793I8
Q8JZM6	Q96CG3
Q8K207	Q8K207
Q8K207	Q9H246
Q8K2G4	Q8K2G4
Q8K2G4	Q8IWZ6
Q8K4L4	Q8K4L4
Q8K4L4	Q8WVV4
Q8L4X4	Q8L4X4
Q8N1D5	Q8N1D5
Q8N6Q1	Q8N6Q1
Q8N6Q1	A8MYB1
Q8N8I6	Q8N8I6
Q96LL3	Q96LL3
Q96M53	Q96M53
Q97WX0	Q97WX0
Q99575	Q99575
Q99LI2	Q99LI2
Q99LI2	Q96S66
Q99LI2	Q9WU61
Q9BQE4	Q9BQE4
Q9BQE4	F1SR90
Q9BQE4	Q9BCZ4
Q9CY16	Q9CY16
Q9CY16	Q9Y2Q9
Q9D0F1	Q9D0F1
Q9D0F1	O14777
Q9D0V8	Q9D0V8
Q9D0V8	Q9BW66
Q9D9K3	Q9D9K3
Q9D9K3	Q9NQS1
Q9DAK9	Q9DAK9
Q9DAK9	Q9NRX4
Q9DAK9	P59083
Q9H0W9	Q9H0W9
Q9H5Z6	Q9H5Z6
Q9H5Z6	Q8BLQ0
Q9H8W2	Q9H8W2
Q9JJG5	Q9JJG5
Q9JLJ1	Q9JLJ1
Q9JLJ1	Q9Y6D0
Q9NPH9	Q9NPH9
Q9NXL6	Q9NXL6
Q9NXL6	Q8NBJ9
Q9NXL6	Q8CIF6
Q9NXL6	D3ZEH5
Q9P031	Q9P031
Q9P6K4	Q9P6K4
Q9QYK2	Q9QYK2
Q9QYK2	Q8VHJ7
Q9QYK2	Q5VV67
Q9QYK2	O70343
Q9QYK2	Q6NZN1
Q9QYK2	Q86YN6
Q9QYK2	Q9UBK2
Q9R0A3	Q9R0A3
Q9R0A3	Q9P0W8
Q9R1A9	Q9R1A9
Q9R1A9	Q91XB0
Q9S5G6	Q9S5G6
Q9S5G6	O33770
Q9S5G6	P07172
Q9S5G6	P0DI07
Q9S5G6	B9DHD3
Q9S5G6	P36605
Q9STF2	Q9STF2
Q9TUB2	Q9TUB2
Q9TUB2	Q9H3D4
Q9TUB2	P10361
Q9TUB2	O88898
Q9TUB2	P04637
Q9TUB2	Q9JJP2
Q9TUB2	O15350
C6Y4D3	C6Y4D3
C6Y4D3	C6Y4C5
G2TRQ9	G2TRQ9
O04326	O04326
O04326	Q6P6X9
O04326	Q09601
O04326	Q8R4R6
O04326	Q68FY1
O04326	Q9VWS2
O13652	O13652
O23044	O23044
O23044	A4R5S9
O23044	Q9SI17
O23044	O22959
O23044	Q9FL16
O23044	Q6NCP1
O23044	Q9RJH9
O23044	P0C0V3
O23044	P13029
O23044	Q42592
O23044	Q05431
O23044	Q42593
O23044	Q43729
O23044	Q43731
O23044	Q43735
O23044	Q9SMU8
O23044	Q9FG34
O23044	Q43872
O23044	A1KJX3
O23044	Q9SJZ2
O23044	P9WIE5
O23044	Q93V93
O23044	P82281
O23044	Q9FE01
O23044	A4QUT2
O23044	Q96511
O23044	Q96520
O23044	Q9LHA7
O23044	A4QVH4
O23044	O22862
O23044	Q96522
O23044	Q9FLC0
O23044	Q9LHB9
O23044	A4FIR1
O23044	Q05855
O23044	O49293
O23044	Q83IT3
O23044	P0C0L1
O23044	Q9LE15
O23044	P00431
O23044	O80912
O23044	Q9LVL2
O23044	Q9SZE7
O23342	O23342
O48528	O48528
O48832	O48832
O48832	Q9SD22
O59704	O59704
O59704	Q06706
O59821	O59821
O59821	Q9Y3B2
O59821	P53859
O59821	Q9DAA6
O60113	O60113
O60113	P32837
O60113	Q9US40
O60113	O74537
O60113	Q09887
O74189	O74189
O74189	P47190
O74189	Q9ESP1
O74189	Q8BGQ4
O74189	Q9C100
O74189	Q9VTK2
O74189	Q9HCN8
O74189	P31382
O74189	O13898
O74189	P46971
O74189	P33775
O74189	Q59X23
O74189	Q5ADM9
O74189	Q9UKY4
O74189	P42934
O74189	Q9Y6A1
O74189	Q9DCT5
O74189	O42933
O74189	P52867
O94328	O94328
O94424	O94424
O94424	P41896
O94596	O94596
O94730	O94730
P00846	P00846
Q06011	Q06011
Q07990	Q07990
Q09777	Q09777
Q12745	Q12745
Q1H537	Q1H537
Q21653	Q21653
Q2TLY2	Q2TLY2
Q2TLY2	Q2TLY1
Q2TLY2	Q7TQE6
Q2TLY2	Q4V7D3
Q2TLY2	Q8N5G2
Q2TLY2	Q2TLZ2
Q2TLY2	P91193
Q39048	Q39048
Q39048	Q9SVM9
Q39048	Q9SZ58
Q39048	Q9FFQ7
Q3KNL4	Q3KNL4
Q3URS3	Q3URS3
Q49A92	Q49A92
P04134	P04134
P04134	P03416
P04134	P59595
P04134	P69596
P04134	P0DTC9
Q8LBZ4	Q8LBZ4
Q92346	Q92346
Q96EL2	Q96EL2
Q96KT0	Q96KT0
Q96MV1	Q96MV1
Q96VH4	Q96VH4
Q96VH4	P37261
Q9P6N4	Q9P6N4
Q9SI64	Q9SI64
Q9SI64	O23141
Q9SNB7	Q9SNB7
Q9SYZ9	Q9SYZ9
Q9SYZ9	Q03750
Q9UGL9	Q9UGL9
Q9URX2	Q9URX2
Q9XIN1	Q9XIN1
Q9XIN1	Q9LPQ8
Q9XIN1	Q9C6L8
Q9XIN1	Q9LS22
Q9XIN1	Q9LS23
Q9XIN1	Q9LS46
Q9XIN1	Q93Z29
Q9XZ63	Q9XZ63
Q9XZ63	Q9CXI5
Q9XZ63	Q49AH0
Q9Y7V1	Q9Y7V1
Q9ZUS8	Q9ZUS8
Q9ZUS8	O80624
W0RYD3	W0RYD3
W0RYD3	F4ISL7
A0ZWU1	A0ZWU1
A1Z8X3	A1Z8X3
A3KFX0	A3KFX0
A3KFX0	Q91YE9
A3KFX0	Q9BXI3
A4D2B0	A4D2B0
A4QMS7	A4QMS7
A4QMS7	Q9DAR0
A6H7B1	A6H7B1
A6H7B1	Q9DCC8
A6H7B1	Q15388
A6H7B1	Q62760
A6H7B1	Q6DH66
A8JR14	A8JR14
A8JR14	Q8IW19
A8JR14	Q9D842
A8WCF8	A8WCF8
A8WCF8	Q6ZUI0
A8WCF8	Q9DBS2
A8WCF8	Q5T0D9
B1ARW8	B1ARW8
B1ARW8	Q6ZSJ8
B1XPX8	B1XPX8
B1XPX8	P54136
B1XPX8	Q19825
B1XPX8	O74781
B1XPX8	Q05506
B1XPX8	Q9D0I9
B1XPX8	Q83KQ3
B1XPX8	P40329
B1XPX8	Q3U186
B1XPX8	P11875
B1XPX8	Q9C713
B4DYI2	B4DYI2
B4DYI2	A6NFR6
B4DYI2	Q5VYM1
B4DYI2	Q5VYP0
B4DYI2	Q642A3
B4DYI2	Q6ZQQ2
B4DYI2	Q5VVP1
B4DYI2	P0DKV0
B4DYI2	E9QAF0
B4DYI2	C0HKD1
B4DYI2	C0HKD2
B4DYI2	C0HKD3
B4DYI2	B6VQA5
B4DYI2	A6NFA0
B4DYI2	Q5VU36
B4DYI2	P0C874
B4DYI2	Q3V0E1
B4DYI2	Q63HN1
B4DYI2	Q6ZUB1
G3XD28	G3XD28
G5EF84	G5EF84
O07634	O07634
O13735	O13735
O13838	O13838
O31487	O31487
O31741	O31741
O34759	O34759
O42913	O42913
O45952	O45952
O50432	O50432
O54983	O54983
O54983	Q14894
O54983	Q9HDZ0
O54983	Q9FLY0
O59782	O59782
O59782	P53394
P0ABZ8	P0ABZ8
P0AF50	P0AF50
P0AGJ1	P0AGJ1
P0AGJ1	P0AGJ0
P10363	P10363
P10363	P49642
P11311	P11311
P11938	P11938
P13838	P13838
P13838	P16150
P13838	P15702
P16550	P16550
P16550	P22108
P17181	P17181
P17181	P33896
P17898	P17898
P17898	Q9C0D9
P18496	P18496
P19466	P19466
P19970	P19970
P21339	P21339
P24588	P24588
P24588	D3YVF0
P24588	P24587
P26907	P26907
P45740	P45740
P45740	Q9HUJ2
P45740	O82392
P45740	Q8PH13
P47019	P47019
P47077	P47077
P47077	A7TH34
P48016	P48016
P48512	P48512
P48512	P29055
P48512	Q9SS44
P48512	Q00403
P48512	P62915
P48512	P62916
P48512	Q9LIA6
P48512	P58111
P48512	O23215
P48997	P48997
P48997	P07476
P48997	P48998
P51163	P51163
P51163	P10746
P52553	P52553
P52553	Q9UXB8
P52553	Q03958
P52553	Q4JB32
P52553	O15212
P59444	P59444
P60954	P60954
P60954	Q6DIB4
P60954	O94818
P62847	P62847
P62847	P62849
P62847	P62850
P62847	P0CX32
P62847	P0CX31
P62847	O13784
P62847	O59865
P62847	Q5A7K0
P68575	P68575
Q09417	Q09417
Q09847	Q09847
Q0VE29	Q0VE29
Q0VE29	Q8N8I0
Q0VE29	Q9BYL1
Q0VE29	Q7TST3
Q10064	Q10064
Q10064	P38811
Q10200	Q10200
Q12379	Q12379
Q13889	Q13889
Q14CX5	Q14CX5
Q15631	Q15631
Q15631	Q62348
Q15847	Q15847
Q16568	Q16568
Q16568	P49192
Q16568	P56388
Q16667	Q16667
Q17598	Q17598
Q17598	Q3TB48
Q17598	Q8NE00
Q23973	Q23973
Q2T9J0	Q2T9J0
Q2T9J0	Q9DBA6
Q2V2P4	Q2V2P4
Q2V2P4	Q10167
Q3E795	Q3E795
Q3K1W9	Q3K1W9
Q3UGY8	Q3UGY8
Q3UGY8	Q5TH69
Q3ULG3	Q3ULG3
Q3ULG3	Q8NEQ6
Q494V2	Q494V2
Q494V2	Q8CDN8
Q494V2	Q502W7
Q494V2	A8I4E9
Q4V8I2	Q4V8I2
Q4V8I2	Q6IBW4
Q4V8I2	Q8BSP2
Q4VNC1	Q4VNC1
Q4VNC1	P39986
Q4VNC1	Q4VNC0
Q4VNC1	Q5XF89
Q4VNC1	Q5XF90
Q4VNC1	Q12697
Q4VNC1	Q9H7F0
Q4VNC1	Q9LT02
Q4VNC1	O74431
Q4VNC1	Q3TYU2
Q4VNC1	Q21286
Q4VNC1	Q9EPE9
Q4VNC1	Q9NQ11
Q4VNC1	Q9HD20
Q4VNC1	O14072
Q4VNC1	Q9CTG6
Q587I9	Q587I9
Q587I9	P38166
Q5BJP5	Q5BJP5
Q5BJP5	Q96A57
Q5BJP5	Q8CIB6
Q5BJP5	Q9H6X4
Q5BJP5	Q8R0J4
Q5H8A1	Q5H8A1
Q5H8A1	Q9QXK8
Q5HHG4	Q5HHG4
Q5JTB6	Q5JTB6
Q5JTB6	Q8K262
Q5SWY8	Q5SWY8
Q5SWY8	Q9NY91
Q5SWY8	A0PJK1
Q5SWY8	Q9JKZ2
Q5SWY8	P13866
Q5SWY8	Q923I7
Q5SWY8	Q2M3M2
Q5SWY8	Q8C3K6
Q5SWY8	A8I1B9
Q5SWY8	Q91ZP4
Q5SWY8	P53790
Q5SWY8	P31639
Q5SWY8	P53792
Q5SWY8	D3ZIS0
Q5T750	Q5T750
Q66H35	Q66H35
Q66H35	Q8IYD9
Q66H35	Q8CB14
Q8BGC3	Q8BGC3
Q8BGC3	P36021
Q8BGC3	P53918
Q8BGC3	P57787
Q8BGC3	O35308
Q8BGC3	Q8K1C7
Q8BGC3	Q8TF71
Q8BGC3	Q8R0M8
Q8BGC3	O60669
Q8BGC3	O15374
Q8BGC3	P53985
Q8BGC3	B1AT66
Q8BGC3	O15375
Q8BGC3	P53986
Q8BGC3	P53987
Q8BGC3	Q63344
Q8BGC3	O95907
Q8BGC3	Q7RTX9
Q8BGC3	Q7RTY1
Q8BGC3	O35910
Q8BGC3	Q5NC32
Q8BGC3	Q3MHW6
Q8BGC3	O15403
Q8BGC3	Q8K1P8
Q8BGC3	O15427
Q8BGC3	O70451
Q8BGC3	D4A734
Q8BGC3	Q91Y77
Q8BGC3	Q3U9N9
Q8BGC3	O70324
Q8BQB6	Q8BQB6
Q8BQB6	Q8IYX7
Q8BQB6	Q658L1
Q8C456	Q8C456
Q8C456	O95876
Q8CIV2	Q8CIV2
Q8CIV2	Q4ZIN3
Q8EIX3	Q8EIX3
Q8EIX3	P23874
Q8IVU9	Q8IVU9
Q8IWG1	Q8IWG1
Q8IWG1	B2RY71
Q8IX05	Q8IX05
Q8K1G2	Q8K1G2
Q8K1G2	Q86UK5
Q8K2H1	Q8K2H1
Q8K4M5	Q8K4M5
Q8K4M5	Q8N668
Q8N1E2	Q8N1E2
Q8N1E2	Q3V1I0
Q8N1E2	Q9D7Q0
Q8N3F0	Q8N3F0
Q8N614	Q8N614
Q8N6Q8	Q8N6Q8
Q8N999	Q8N999
Q8N999	Q8BHN7
Q8NCG5	Q8NCG5
Q8NCG5	Q9R1I1
Q8NCG5	Q9GZS9
Q8NCG5	Q9Y4C5
Q8NCG5	Q7LGC8
Q8NCG5	Q9QZL2
Q8NCG5	Q9GZX3
Q8NCG5	Q9EQC0
Q8NCG5	Q9NS84
Q8NCG5	O43916
Q9LSK9	Q9LSK9
Q9NPI0	Q9NPI0
Q9NX38	Q9NX38
Q9NX38	Q80ZQ9
Q9P032	Q9P032
Q9P6K5	Q9P6K5
Q9QXG9	Q9QXG9
Q9QXG9	Q9BSI4
Q9R1T1	Q9R1T1
Q9R1T1	O54962
Q9R1T1	O75531
Q9R1T1	Q9VLU0
Q9R1T1	Q6P026
Q9UF83	Q9UF83
Q9ULG3	Q9ULG3
Q9USZ4	Q9USZ4
Q9VDE8	Q9VDE8
Q9VIL0	Q9VIL0
Q9VKB9	Q9VKB9
Q9VPT4	Q9VPT4
Q9VW78	Q9VW78
Q9WTX8	Q9WTX8
Q9Y530	Q9Y530
Q9Y5V0	Q9Y5V0
Q9Z160	Q9Z160
Q9Z160	Q8WTW3
Q9Z2P6	Q9Z2P6
Q9Z2P6	Q9ERB0
Q9Z2P6	O95721
A2RTF1	A2RTF1
A2RTF1	Q9H7T0
A3GGG8	A3GGG8
A3LWI0	A3LWI0
A4RAE9	A4RAE9
A4RAE9	P40051
A4RAE9	P21165
A4RAE9	P43590
A4RAE9	Q5I0D7
A4RAE9	B5DEQ3
A4RAE9	P12955
A4RAE9	Q11136
A4RAE9	Q9NQH7
A4RAE9	B7ZMP1
A5HEI1	A5HEI1
A6NP61	A6NP61
A6NP61	Q86SH2
A6NP61	Q80SU3
A8IQE0	A8IQE0
A8IQE0	Q9D5Y1
A8IQE0	Q9UFE4
A8MRU6	A8MRU6
A8MYJ7	A8MYJ7
B1H283	B1H283
B1H283	Q3ZCV2
B1H283	A2AVQ5
B6SXF8	B6SXF8
B6SXF8	Q9S7A3
B9EJ57	B9EJ57
B9EJ57	Q99551
C5DY19	C5DY19
C5DY19	C5DJH6
C5DY19	A7THU9
P15873	P15873
P15873	P17918
P15873	P04961
P15873	P12004
P15873	Q9M7Q7
P15873	Q9PTP1
P15873	P61074
P15873	Q03392
P22151	P22151
P25637	P25637
P25637	O60090
P25637	O13997
P25637	Q5GFD9
P25637	O55091
P34433	P34433
P41888	P41888
P41888	B9DGU7
P41888	Q9H3S4
P41888	P47173
P42938	P42938
P42938	Q944I4
P47124	P47124
P51419	P51419
P51419	P61354
P51419	P61353
P51419	P61358
P51419	O14388
P51419	A0A1D8PFG4
P51419	Q9P843
P51419	O74538
P51419	P0C2H6
P51419	P0C2H7
P52918	P52918
P53227	P53227
P53933	P53933
P53933	Q9HGP1
P82732	P82732
P87151	P87151
Q03673	Q03673
Q04597	Q04597
Q05515	Q05515
Q07325	Q07325
Q07325	P06765
Q07325	P02775
Q07325	P02776
Q07325	P02778
Q07325	O43927
Q07325	P17515
Q07325	P09341
Q07325	P10720
Q07325	Q9WVL7
Q07325	Q9Z126
Q07325	O14625
Q07325	P12850
Q07325	P42830
Q09778	Q09778
Q0DI48	Q0DI48
Q0DI48	Q9SKB6
Q0H8D7	Q0H8D7
Q0WLC6	Q0WLC6
Q9SNB9	Q9SNB9
Q9SNB9	Q9FFY9
Q9SV01	Q9SV01
Q9SX62	Q9SX62
Q9SX62	Q9LI74
Q9SZ05	Q9SZ05
Q9SZ05	Q1PDT6
Q9SZ05	Q9FK61
Q9SZ05	Q2R9D2
Q9SZ05	Q9XIB4
Q9SZ05	Q9XIB5
Q9SZ05	Q9LVG1
Q9SZ05	Q9LXE1
Q9SZ05	Q9STF1
Q9SZ05	Q9LSP6
Q9URX8	Q9URX8
Q9UT28	Q9UT28
Q9UT28	Q05874
Q9XIN8	Q9XIN8
Q9XIN8	Q2V3R1
Q9Y7X4	Q9Y7X4
A0A140LIJ0	A0A140LIJ0
A1A4G5	A1A4G5
A1KJN3	A1KJN3
A1KJN3	A4FNI7
A1KJN3	Q8X996
A1KJN3	P10408
A1KJN3	Q83SN2
A1KJN3	D8WUA4
A1KJN3	P9WGP5
A1KJN3	Q9SYI0
A2ACJ2	A2ACJ2
A2ACJ2	Q0VG06
A2AJA9	A2AJA9
A2AJA9	C9J069
A4QN01	A4QN01
A6NN90	A6NN90
A6NN90	Q6AXP4
A6NN90	Q9DAQ4
A8MUU9	A8MUU9
B2RY50	B2RY50
B2RY50	Q5T2S8
B5XZ79	B5XZ79
B5XZ79	Q20502
B5XZ79	P35492
B5XZ79	Q9SS45
B5XZ79	P42357
B5XZ79	P21213
B5XZ79	P35510
B5XZ79	P14717
B5XZ79	P45724
B5XZ79	P45725
B5XZ79	A2X7F7
B5XZ79	Q0DZE0
D3ZVR7	D3ZVR7
D3ZVR7	Q9DB60
D3ZVR7	Q9BRX8
D3ZVR7	Q9CYH2
O00422	O00422
O00422	Q09250
O05389	O05389
O07636	O07636
O14656	O14656
O14656	Q9ER38
O14656	Q9H497
O14656	Q9ER39
O14656	Q9ER41
O14656	O14657
O15255	O15255
O32157	O32157
O34760	O34760
O35075	O35075
O35075	O14972
O43687	O43687
O43687	Q9P0M2
O43687	Q7TN79
O43819	O43819
O43819	Q5SUC9
O43819	P23833
O43819	O75880
O44445	O44445
O55125	O55125
O55125	Q9BPW8
O55125	O75323
O60673	O60673
O60673	Q9GSR1
O60673	Q5DTT1
O60673	Q9LVN7
O60673	P15436
O60673	Q6PAL7
O60673	Q5TGY3
O60673	P90829
O60673	P30316
O60673	P52431
O60673	Q61493
O60673	P28340
O60673	D3ZGX1
O60673	Q5QGS0
O60673	P14284
O61708	O61708
O74424	O74424
O75438	O75438
P0DL12	P0DL12
P15315	P15315
P15315	Q5AFK0
P15315	P35192
P15315	Q12753
P22255	P22255
P22749	P22749
P25568	P25568
P28015	P28015
P28015	Q2G0S5
P28015	Q5HIH8
P28015	Q92F70
P28015	Q8YAD5
P31572	P31572
P50135	P50135
P50135	Q91VF2
P51534	P51534
P52555	P52555
P52555	P30040
P52555	P57759
P53264	P53264
P53540	P53540
P53735	P53735
P54597	P54597
P57716	P57716
P57716	Q92542
P59103	P59103
P59445	P59445
P62768	P62768
P62768	P62769
P62768	P62771
P63610	P63610
P63610	Q83QQ5
P63610	Q980I7
P63610	O74413
P63610	B0VPN2
P63610	P57720
P63610	P23353
P63610	A0QWQ9
P63610	P31104
P63610	P28777
P63610	Q5HFV7
P66808	P66808
P66808	P9WGH8
P66808	P9WGH9
P68191	P68191
P75231	P75231
P76576	P76576
P80885	P80885
P80885	P17127
P80885	Q9LIK0
P80885	P17876
P80885	Q84F84
P80885	O65595
P80885	Q9EYQ9
P80885	P46614
P80885	O31149
P80885	P45596
P80885	Q5HF76
P80885	Q9F166
P80885	O31691
P80885	P20966
P80885	P52489
P80885	P9WKE5
P80885	P24366
P80885	P28008
P80885	P53657
P80885	Q10208
P80885	O69250
P80885	P0A439
P80885	P0A438
P80885	P69811
P80885	O08309
P80885	P12928
P80885	Q9FLW9
P80885	P11980
P80885	P69829
P80885	P08838
P80885	P30613
P80885	P22360
P80885	P08839
P80885	P73534
P80885	Q9KJV3
P80885	P0AA06
P80885	P0AA04
P80885	P37177
P80885	P75039
P80885	P08877
P80885	P23538
P80885	P21599
P80885	P37349
P80885	P75061
P80885	Q9M3B6
P80885	O31644
P80885	O62619
P80885	Q9CJ83
P80885	O31645
P80885	P23388
P80885	Q55905
P80885	Q2QXR8
P80885	P32670
P80885	Q5HH02
P80885	P0A0E0
P80885	P0AD62
P80885	P0AD61
P80885	Q02KR1
P80885	C0H3V2
P80885	O33618
P80885	P00549
P80885	P15401
P80885	P52480
P80885	Q93Z53
P80885	O06976
P80885	P00550
P80885	P71012
P84102	P84102
P84102	P84101
P84102	Q3E7B7
P84102	O88892
Q9V3R1	Q9V3R1
Q9V574	Q9V574
Q9VE34	Q9VE34
Q9VHH7	Q9VHH7
Q9VHH7	Q8LPL7
Q9VKV5	Q9VKV5
Q9VKV5	O95400
Q9VKV5	Q9CWK3
Q9VVE2	Q9VVE2
Q9VVE2	Q3TDK6
Q9VVE2	Q9GZN7
Q9W3C1	Q9W3C1
Q9W3C1	O01757
Q9W3C1	Q9XIK4
Q9W3C1	Q9M2Q4
Q9W3C1	Q8K224
Q9W3C1	Q9H0A0
Q9W3C1	P53914
Q9W3C1	P87115
Q9WUX5	Q9WUX5
Q9WUX5	Q9N1F0
Q9X8I3	Q9X8I3
Q9X8I3	P0A6T8
Q9X8I3	P0A6T5
Q9X8I3	Q05915
Q9X8I3	Q94465
Q9X8I3	P48596
Q9X8I3	P22288
Q9X8I3	P30793
Q9X8I3	P51599
Q9X8I3	O13774
Q9X8I3	Q19980
Q9X8I3	Q55759
Q9X8I3	P51601
Q9Y2V0	Q9Y2V0
Q9Y2V0	Q3U4G0
Q9Y5N6	Q9Y5N6
Q9Y5N6	Q9WUJ8
Q9Y675	Q9Y675
Q9Y675	Q9WU12
Q9Y675	B1AK76
U4PAZ9	U4PAZ9
U4PAZ9	A1ZAU8
U4PAZ9	Q5T5Y3
U4PAZ9	A2AHC3
U4PAZ9	D3Z8E6
U4PAZ9	D4AEC2
U4PAZ9	Q08AD1
U4PAZ9	Q8C1B1
A6H7B5	A6H7B5
A6H7B5	O88543
A6H7B5	Q68FW9
A6H7B5	Q9UNS2
A6H7B5	Q8SYG2
A6NFE2	A6NFE2
A6NFE2	Q9DA21
A7E1Z1	A7E1Z1
A8J785	A8J785
B3H5Q2	B3H5Q2
C5H8J1	C5H8J1
C5H8J1	Q0J9J6
P0DMB1	P0DMB1
P0DMB1	E9PI22
P15278	P15278
P18947	P18947
P18947	P05690
P18947	Q9N4J2
P18947	P06125
P18947	P55155
P18947	P18948
P20824	P20824
P22387	P22387
P22387	P14138
P22387	P48299
P22387	P05305
P23980	P23980
P23980	P09627
P23980	Q9SH76
P23980	P19657
P23980	P83970
P23980	P19456
P23980	Q42556
P23980	P28877
P23980	P22180
P23980	P20431
P23980	A0A1D8PJ01
P23980	P20649
P23980	P49380
P23980	Q43128
P23980	Q9SU58
P23980	P54679
P23980	Q9SJB3
P23980	P05030
P23980	Q9M2A0
P23980	Q9LY32
P23980	Q9LV11
P23980	P07038
P34510	P34510
P36069	P36069
P38892	P38892
P38892	P32643
P41159	P41159
P43079	P43079
P43079	P13574
P43079	Q08400
P43592	P43592
P46962	P46962
P47154	P47154
P47154	O75844
P47154	Q80W54
P49901	P49901
P50531	P50531
P78833	P78833
P80928	P80928
P80928	P80177
P80928	O35215
P80928	P30046
P80928	P34884
P80928	P30904
P80928	P14174
P80928	A6NHG4
P80928	P80254
P87238	P87238
P92982	P92982
P92982	O80760
P97358	P97358
P97358	Q53T94
Q00958	Q00958
Q04748	Q04748
Q06170	Q06170
Q06667	Q06667
Q07648	Q07648
Q07648	Q2T9V8
Q07648	Q8TEA8
Q07648	Q9DD18
Q09683	Q09683
Q09683	P32829
Q09683	Q61216
Q09683	P49959
Q09683	Q9JIM0
Q09683	Q9IAM7
Q09683	Q9XGM2
Q09683	Q23255
Q09683	Q25AA3
Q09807	Q09807
Q9C9X6	Q9C9X6
Q9C9X6	Q9SKD0
Q9C9X6	P0DH89
Q9C9X6	P0DH88
Q9CR39	Q9CR39
Q9CR39	P43601
Q9CR39	Q5MNZ6
Q9CR39	Q5MNZ9
Q9CR39	O16466
Q9CR39	Q969X6
Q9CR39	Q5ABA6
Q9CR39	Q5AI22
Q9CR39	Q93VB2
Q9CR39	P50079
Q9CR39	Q8R2N2
Q9CR39	Q9HDZ7
Q9CR39	Q80W47
Q9CR39	Q6AY57
Q9CR39	Q02887
Q9CR39	Q91VM3
Q9CR39	Q9Y4P8
Q9D9B7	Q9D9B7
Q9D9B7	Q53SZ7
Q9FG89	Q9FG89
Q9FY71	Q9FY71
Q9FY71	Q9FHM9
Q9FY71	Q9FE06
Q9FY71	Q9SII5
Q9H0P7	Q9H0P7
Q9H3H3	Q9H3H3
Q9H3H3	Q566Q8
Q9H9K5	Q9H9K5
Q9LJW5	Q9LJW5
Q9LJW5	B8AX53
Q9LJW5	Q9SVL0
Q9LJW5	Q9LHF0
Q9LJW5	Q9FKJ9
Q9LJW5	Q9M9S0
Q9LJW5	Q9FRL5
Q9LJW5	Q9FIW9
Q9LJW5	Q9LQW3
Q9LJW5	Q9ZPW7
Q9LJW5	Q2QW44
Q9LJW5	Q9FKP8
Q9LJW5	O64722
Q9LJW5	Q9LXG0
Q9LJW5	Q9SEZ1
Q9LJW5	Q10DV5
Q9LMJ7	Q9LMJ7
Q9LP74	Q9LP74
Q9M015	Q9M015
Q9M2U0	Q9M2U0
Q9M2U0	Q2QNE3
Q9M2U0	Q1PFB8
Q9M8Z8	Q9M8Z8
Q9M8Z8	Q93WF1
Q9M8Z8	Q9SVQ6
Q9M8Z8	Q93Z04
Q9M8Z8	Q9LFP5
Q9MAX6	Q9MAX6
Q9MAX6	Q9SA78
Q9MAX6	O89079
Q9NFA0	Q9NFA0
Q9NZY2	Q9NZY2
Q9P7S4	Q9P7S4
Q9S7Q2	Q9S7Q2
Q9SE60	Q9SE60
Q9SE60	Q17693
Q9SE60	P42898
Q9SE60	O74927
Q9SE60	Q10258
Q9SE60	Q9SE94
Q9SE60	Q9WU20
Q9SE60	P46151
Q9SE60	P53128
Q9SE60	O80585
Q9SKT6	Q9SKT6
Q9SKT6	Q9H1C3
Q9SKT6	Q9S7G2
Q9SKT6	Q6NSU3
Q9SKT6	Q9LE59
Q9SKT6	Q0V7R1
Q9SKT6	Q9FH36
Q9SKT6	Q0WV13
Q9SKT6	Q9LSG3
Q9SKT6	Q9ZVI7
Q9SKT6	Q640P4
Q9SKT6	Q9LHD2
Q9SKT6	Q9ZPZ1
Q9SKT6	Q9FWA4
Q9SLJ2	Q9SLJ2
Q9SSC1	Q9SSC1
Q9SSC1	Q9XI29
Q9STY0	Q9STY0
Q9STY0	Q9FZF1
Q9SUI5	Q9SUI5
Q9SUI5	Q9S7N7
Q9UHU1	Q9UHU1
Q9UM22	Q9UM22
Q9US15	Q9US15
Q9VGP2	Q9VGP2
Q9W0W6	Q9W0W6
Q9XI99	Q9XI99
Q9Y547	Q9Y547
Q9Y547	B8LIX8
Q9Y809	Q9Y809
Q9ZQI8	Q9ZQI8
Q9ZQI8	Q9LJ86
A0A096LP01	A0A096LP01
A0A1B0GTK4	A0A1B0GTK4
A0A1D8PDL6	A0A1D8PDL6
A0A1D8PDL6	P60039
A0A1D8PDL6	P60040
A0A1D8PDL6	Q9LHP1
A0A1D8PDL6	P05426
A0A1D8PDL6	P05737
A0A1D8PDL6	P40693
A0A1D8PDL6	P14148
A0A1D8PDL6	O60143
A0A1D8PDL6	P11874
A0A1D8PDL6	P32102
A0A1D8PDL6	Q12213
A0A1D8PDL6	Q9D8M4
A0A1D8PDL6	O01802
A0A1D8PDL6	P18124
A0A1D8PDL6	P32100
A0A1D8PDL6	P25457
A0JLT2	A0JLT2
A0JLT2	Q8C1S0
A0JLT2	Q9VVL6
A0QP93	A0QP93
A1KKK9	A1KKK9
A1ZAI5	A1ZAI5
A1ZAI5	Q922J9
A1ZAI5	Q0WRB0
A1ZAI5	Q1PEI6
A1ZAI5	Q96K12
A2A7Y5	A2A7Y5
A2A7Y5	Q6AYH0
A2A7Y5	Q5JXC2
A2AKK5	A2AKK5
A2AKK5	Q63276
A2AKK5	Q91X34
A2AKK5	O55137
A2AKK5	O88267
A2AKK5	Q6Q2Z6
A2AKK5	P49753
A2AKK5	Q32Q92
A2AKK5	Q8BGG9
A2AKK5	Q86TX2
A2AKK5	Q9QYR7
A2AKK5	Q9QYR9
A2AKK5	O55171
A2AKK5	Q14032
A2AKK5	Q8BWN8
A2RUQ5	A2RUQ5
A4GTP4	A4GTP4
A4GTP4	P81270
A4GTP4	P17433
A4GTP4	P26323
A4GTP4	Q9CXC9
A4GTP4	P32519
A4GTP4	P70459
A4GTP4	Q01892
A4GTP4	P41212
A4GTP4	Q8R4Z4
A4GTP4	P27577
A4GTP4	P97360
A4GTP4	Q9UKW6
A4GTP4	Q00422
A4GTP4	Q9JHC9
A4GTP4	Q4V7E1
A4GTP4	Q6BDS1
A4GTP4	A8WFJ9
A4GTP4	P51023
A4GTP4	Q01543
A4GTP4	Q99607
A4GTP4	Q06546
A4GTP4	P14921
A4GTP4	P28322
A4GTP4	P41969
A4GTP4	Q60775
A4GTP4	P28324
A4GTP4	P41970
A4GTP4	P43268
A4GTP4	P50548
A4GTP4	O00321
A4GTP4	P41971
A4GTP4	P50549
A4GTP4	Q9Z2U4
A4GTP4	O95238
A4GTP4	P41156
A4GTP4	Q01842
A4GTP4	P15036
A4GTP4	P41158
A4GTP4	Q99581
A4GTP4	P15037
A4GTP4	P41161
A4GTP4	P78545
A4GTP4	Q6ZN32
A4GTP4	P41162
A4GTP4	Q04688
A4GTP4	Q9Y603
A4GTP4	P41164
A4GTP4	P19419
A4GTP4	Q15723
A4GTP4	O70273
A4GTP4	Q3UPW2
A6NNP5	A6NNP5
A8MVX0	A8MVX0
A8MVX0	Q8BW86
B0R758	B0R758
B2GV22	B2GV22
B2GV22	Q99LH2
B2GV22	Q9BVG9
B2GV22	Q9Z1X2
B2GV22	Q5PQL5
B2GV22	Q9VPD3
Q8N766	Q8N766
Q8N9M5	Q8N9M5
Q8N9M5	Q3UPR7
Q8NA69	Q8NA69
Q8TAB5	Q8TAB5
Q8TAB5	Q8BP99
Q8TEB9	Q8TEB9
Q8TEB9	Q8BHC7
Q8VDS8	Q8VDS8
Q8VE99	Q8VE99
Q8VE99	Q96NT0
Q8WYQ3	Q8WYQ3
Q8WYQ3	Q9D1L0
Q8WYQ3	Q09254
Q8WYQ3	Q5T1J5
Q8WYQ3	Q9Y6H1
Q8WYQ3	Q03667
Q91V13	Q91V13
Q91V13	Q969E1
Q91VJ5	Q91VJ5
Q91VJ5	O60828
Q91VJ5	Q6PCT5
Q91WD4	Q91WD4
Q91WS0	Q91WS0
Q91WS0	Q9NZ45
Q91WS0	B1AR13
Q91WS0	Q9CQB5
Q91WS0	Q8N5K1
Q91WS0	P0C7P0
Q92585	Q92585
Q92585	Q8IZL2
Q92585	Q96JK9
Q92585	Q6T264
Q95T12	Q95T12
Q961C9	Q961C9
Q96AH0	Q96AH0
Q96AH0	Q3SWT1
Q96AH0	Q9BQ15
Q96MB7	Q96MB7
Q97U96	Q97U96
Q97ZJ8	Q97ZJ8
Q99177	Q99177
Q99359	Q99359
Q9BS92	Q9BS92
Q9BS92	Q9UFN0
Q9BS92	Q9CQE1
Q9BUH6	Q9BUH6
Q9BUH6	Q8K0Y7
Q9BXS1	Q9BXS1
Q9BXS1	Q13907
Q9BXS1	O35760
Q9BXS1	P58044
Q9BXS1	P15496
Q9BXS1	Q38929
Q9BXS1	A0A1D8PLI2
Q9CQ90	Q9CQ90
Q9CQ90	Q68FU5
Q9CQU5	Q9CQU5
Q9CQU5	Q8VIL3
Q9CXS4	Q9CXS4
Q9CZQ6	Q9CZQ6
Q9CZQ6	O08602
Q9CZQ6	O08603
Q9CZQ6	O08604
Q9D2C2	Q9D2C2
Q9D771	Q9D771
Q9D771	Q66H28
Q9D771	Q9H813
Q9D8M3	Q9D8M3
Q9D8M3	Q6P1K1
Q9D937	Q9D937
Q9DA19	Q9DA19
Q9DA19	Q5U2T8
Q9DA19	Q86X95
Q9DAZ5	Q9DAZ5
Q9DAZ5	Q9BVV8
Q12318	Q12318
Q14695	Q14695
Q17602	Q17602
Q18071	Q18071
Q23976	Q23976
Q2NKH9	Q2NKH9
Q2NKH9	A2AUQ7
Q2NKH9	P23336
Q2NKH9	Q8N5D6
Q2NKH9	Q3L7M0
Q2NKH9	P16442
Q2NKH9	P38649
Q2V2P7	Q2V2P7
Q3K2B6	Q3K2B6
Q3UHV4	Q3UHV4
Q3UHV4	A6NMA1
Q3ULM0	Q3ULM0
Q3ULM0	Q9BWC9
Q4J978	Q4J978
Q4J978	Q3TXU5
Q4J978	P38791
Q4J978	O94337
Q4J978	P49366
Q4J978	Q9FI94
Q4V7F5	Q4V7F5
Q4V7F5	Q9NWS0
Q4V7F5	Q9CQJ2
Q4V7F5	P38768
Q587J7	Q587J7
Q59U67	Q59U67
Q59U67	A5DAX7
Q59U67	P50105
Q5AAR0	Q5AAR0
Q5AAR0	Q06505
Q5AAR0	Q3SWT4
Q5AAR0	O42964
Q5AAR0	Q19375
Q5AAR0	Q96ST2
Q5AAR0	F4ICK8
Q5AAR0	Q8C1D8
Q5EB94	Q5EB94
Q5EB94	O08970
Q5EB94	Q3UIJ9
Q5EB94	Q9H2F9
Q5EB94	Q9NNX1
Q5EB94	Q9NNX1
Q5H8A4	Q5H8A4
Q5H8A4	Q8TEQ8
Q5H8A4	Q07830
Q5H8A4	Q9JJI6
Q5QNV8	Q5QNV8
Q5QNV8	A2RTY3
Q5SQS8	Q5SQS8
Q5XPT3	Q5XPT3
Q5XPT3	O95461
Q5XPT3	Q8N3Y3
Q63342	Q63342
Q63342	Q9DBT9
Q63342	Q8NCN5
Q63342	Q9UI17
Q63342	Q99LB7
Q63342	Q7TSQ8
Q63342	Q9UL12
Q6AI08	Q6AI08
Q6AI08	Q6P1G0
Q6AI08	A1EC95
Q6AYM0	Q6AYM0
Q6AYM0	Q9D5Y0
Q6AYM0	Q8N865
Q6DI92	Q6DI92
Q6DI92	Q86XI8
Q6EEV4	Q6EEV4
Q6PDM4	Q6PDM4
Q6PDM4	Q8IYA8
Q6PIP5	Q6PIP5
Q6PIP5	Q96RS6
Q6UW63	Q6UW63
Q6UW63	Q9JHP7
Q6UW63	Q8NBL1
Q6UW63	Q7Z4H8
Q6UX65	Q6UX65
Q6UX65	Q9QZE9
Q6UX65	Q9DC58
Q6UX65	Q9CR48
Q6UX65	B9EJG8
Q6ZNB7	Q6ZNB7
Q6ZNB7	A0JPQ8
Q7TQF2	Q7TQF2
Q7TQF2	Q9UK96
Q7TSH2	Q7TSH2
Q7TSH2	P18688
Q7TSH2	P46019
Q7TSH2	Q9VLS1
Q7TSH2	P18826
Q7TSH2	Q9W391
Q7TSH2	P12798
Q7TSH2	P34335
Q7TSH2	Q64649
Q7TSH2	Q8BWJ3
Q83P38	Q83P38
Q86TH1	Q86TH1
Q86TH1	Q7TSK7
Q8BJ51	Q8BJ51
Q8BJ51	O43934
Q8BTE0	Q8BTE0
Q8BTE0	P38345
Q8BTE0	Q5VUM1
Q8C1Y8	Q8C1Y8
Q8C1Y8	P86790
Q8C1Y8	P86791
Q8C1Y8	P86790
Q8C1Y8	P86791
Q8C494	Q8C494
Q8C494	A8MZF0
Q8C8T8	Q8C8T8
Q8C8T8	Q9UUA9
Q8C8T8	Q969E8
Q8F663	Q8F663
Q8IID4	Q8IID4
Q8N635	Q8N635
Q8N7S6	Q8N7S6
Q8N9Z2	Q8N9Z2
Q8N9Z2	Q8VEG0
Q8N9Z2	Q8IV32
Q8NET4	Q8NET4
Q8PUQ8	Q8PUQ8
Q8PUQ8	Q09191
Q8PUQ8	P20434
Q8PUQ8	P19388
Q8R1Y2	Q8R1Y2
Q8R3Q6	Q8R3Q6
Q8R3Q6	Q4VC31
Q8TAL5	Q8TAL5
Q8TEY5	Q8TEY5
Q8TEY5	Q0JHF1
Q8TEY5	O35426
Q8TEY5	Q68CJ9
Q8TEY5	Q9SG86
Q8TEY5	Q8H1F0
Q8TEY5	Q03061
Q8TEY5	Q9R1S4
Q8TEY5	O22208
Q8TEY5	Q9M2K4
Q8TEY5	Q08DA8
Q8TEY5	Q8RZ35
Q8TEY5	O35451
Q8TEY5	Q9LES3
Q8TEY5	Q9M7Q2
Q8TEY5	Q9M7Q3
Q8TEY5	Q9M7Q4
Q8TEY5	Q9D2A5
Q8TEY5	P18846
Q8TEY5	Q9M7Q5
Q8TEY5	O24646
Q8TEY5	Q70SY1
Q8TEY5	P18850
Q8TEY5	Q5UEM7
Q8TEY5	Q9C5Q2
Q8TEY5	Q9FMM7
Q8TEY5	F6VAN0
Q8TEY5	P29747
Q8TEY5	Q9NS37
Q8TEY5	Q9M1G6
Q8TEY5	O43889
Q8TEY5	P42774
Q8TEY5	Q9SIG8
Q8TEY5	P42775
Q8TEY5	Q96BA8
Q8TEY5	P42776
Q8TEY5	G3V909
Q8TEY5	Q91ZR3
Q8TEY5	O22873
Q8TEY5	P12959
Q8TEY5	P42777
Q8TEY5	O22763
Q8TEY5	Q9LQ65
Q8TEY5	P27925
Q8TEY5	Q9VWW0
Q8TEY5	Q8BH52
Q8TEY5	Q9SJN0
Q8TEY5	Q9Z125
Q8TEY5	Q04088
Q8TEY5	Q9CA46
Q8TEY5	Q9SM50
Q8TEY5	Q6QDP7
Q8TEY5	Q99941
Q8TEY5	P17861
Q8TEY5	P81269
Q8TEY5	Q9MA75
Q8TEY5	B9DGI8
Q8TEY5	Q9FGX2
Q8VD04	Q8VD04
Q8VD04	Q9JHZ4
Q8WWC4	Q8WWC4
Q8Y563	Q8Y563
Q922M7	Q922M7
Q922M7	Q9BVC5
Q922M7	Q5RJT0
Q92380	Q92380
Q92674	Q92674
Q92797	Q92797
Q92990	Q92990
Q95Y84	Q95Y84
Q96BR5	Q96BR5
Q96EY8	Q96EY8
Q96FQ7	Q96FQ7
Q96I13	Q96I13
Q96IZ2	Q96IZ2
Q96KA5	Q96KA5
Q96KA5	O96005
Q96KA5	Q8VBZ3
Q96M61	Q96M61
Q96M61	O15479
Q96M61	Q9HAY2
Q96M61	O15480
Q96M61	A2A9R3
Q96M61	O15481
Q96M61	A1A5P9
Q96M61	A8MXT2
Q96M61	P43361
Q96M61	Q9CPR8
Q96M61	Q9ES73
Q96M61	P43365
Q96M61	Q96JG8
Q96M61	Q12816
Q96M61	Q9UNF1
Q96M61	Q9Y5V3
Q96M61	Q9UBF1
Q96M61	Q9CWV4
Q96M61	Q6PCZ4
Q96M61	Q9BZ81
Q96M61	P43355
Q96M61	Q5PPP4
Q96M61	Q8N7X4
Q96M61	P43356
Q96M61	O60732
Q96M61	P43357
Q96M61	Q99608
Q96M61	A0A0J9YX57
Q96M61	P43358
Q96M61	P43360
Q96M61	P43362
Q96M61	P43363
Q96M61	P43364
Q96M61	Q9QZ04
Q96M61	P43366
Q96M61	Q9UJ55
Q96M61	Q9HCI5
Q96M61	A6NCF6
Q96M61	Q9NWG9
Q96M61	P25233
Q96M61	Q96LZ2
Q96M61	Q9H213
Q96M61	Q9QYH6
Q96M61	Q8TD91
Q96M61	Q96MG7
Q96PY0	Q96PY0
Q96T76	Q96T76
Q96T76	Q9D071
Q9BPY3	Q9BPY3
Q9BPY3	Q9NWS6
Q9BPY3	Q91YN1
Q9BTD3	Q9BTD3
Q9BU79	Q9BU79
Q9BUV8	Q9BUV8
Q9BX69	Q9BX69
Q9BX69	Q8TCY9
Q9BX69	Q9D1X0
Q9BX69	Q5NCI0
Q9BX69	Q62881
Q9BY10	Q9BY10
Q9CWU5	Q9CWU5
Q9D0Y8	Q9D0Y8
Q9D0Y8	Q86TS9
Q9D3J9	Q9D3J9
Q9D3J9	Q9HAI6
Q9D600	Q9D600
Q9D600	Q9Y248
Q9D6Y4	Q9D6Y4
Q9D6Y4	Q96FH0
Q9D6Y4	O45685
Q9GYV5	Q9GYV5
Q9H0I3	Q9H0I3
Q9H0I3	Q9CR92
Q9H0I3	Q2M329
Q9H1J1	Q9H1J1
Q9H1J1	Q9BZI7
Q9H1J1	Q9FVW4
Q9H3H5	Q9H3H5
Q9JJG9	Q9JJG9
Q9JJG9	Q8NC60
A4F9T1	A4F9T1
A4GSN8	A4GSN8
A5PLN9	A5PLN9
A5PLN9	Q3TIR1
A6NNN8	A6NNN8
A6NNN8	Q9NVC3
A6NNN8	Q6JWR2
A6NNN8	Q8BWH0
B0R6V4	B0R6V4
B1AWJ5	B1AWJ5
B1AWJ5	Q9ESN3
B1AWJ5	Q9HCN3
B1AWJ5	A6NDV4
G5EDM7	G5EDM7
O00584	O00584
O08692	O08692
O08692	P49913
O13585	O13585
O13892	O13892
O14810	O14810
O14810	P63041
O14810	P63040
O14810	Q6PUV4
O14810	P84086
O14810	P84087
O15399	O15399
O15399	A2AIR5
O15399	Q00959
O15399	Q00960
O15399	Q00961
O15399	Q8TCU5
O15399	O60391
O15399	Q12879
O15399	Q13224
O15399	Q14957
O15399	P35436
O15399	Q24418
O15399	Q9R1M7
O15399	P35439
O15399	P35438
O15399	Q03391
O15399	Q05586
O15399	Q01097
O15399	Q01098
O15399	Q91ZU9
O34447	O34447
O43482	O43482
O43482	A2AQ14
P0A6Z9	P0A6Z9
P0A7G2	P0A7G2
P0A7G2	O65693
P0A929	P0A929
P0AAT5	P0AAT5
P0AC59	P0AC59
P0ADX1	P0ADX1
P0C2S0	P0C2S0
P0C2S0	Q4LDR2
P0C2S0	P60606
P0CI80	P0CI80
P0CI80	Q9FKK7
P0DI83	P0DI83
P11597	P11597
P12273	P12273
P13128	P13128
P13984	P13984
P13984	Q01750
P13984	Q8R0A0
P15515	P15515
P15515	P34084
P15515	P14709
P15515	P02808
P15515	P02809
P15515	P15516
P19807	P19807
P21204	P21204
P21957	P21957
P22795	P22795
P25586	P25586
P25586	Q9VPU8
P25586	O74777
P25586	Q13601
P27637	P27637
P27637	O60132
P29746	P29746
P30619	P30619
P31979	P31979
P31979	Q91YT0
P31979	P49821
P31979	Q9FNN5
P32422	P32422
P32422	P11601
P32422	P62090
P32422	P0AAJ7
P32422	Q8K3J1
P32422	P0AAL8
P32422	Q83RN5
P32422	Q00914
P32422	P0AFD6
P32422	P0AFD8
P32422	P0AFD9
P32422	P69415
P32422	Q9XAR2
P32422	O00217
P33201	P33201
P33201	Q9UKD2
P33201	Q9D0I8
P34514	P34514
P35122	P35122
P35122	D3ZHS6
P35122	Q99PU7
P35122	Q9JKB1
P35122	Q9WUP7
P35122	P58321
P35122	Q92560
P35122	Q00981
P35122	Q9R0P9
P35122	P09936
P35122	P15374
P35122	P35127
P35122	Q91Y78
P35122	Q06AB3
P35122	Q06AT3
P35122	Q9UUB6
P37582	P37582
P38198	P38198
P38306	P38306
P38306	Q02831
P38355	P38355
P38927	P38927
P39396	P39396
P39717	P39717
P39717	Q08886
P40060	P40060
P40317	P40317
P40509	P40509
Q68D86	Q68D86
Q68D86	Q96A19
Q68D86	Q3TMW1
Q6AY22	Q6AY22
Q6AY22	Q9D5R4
Q6NS45	Q6NS45
Q6NS45	A2RUB6
Q6NTF9	Q6NTF9
Q6NVH7	Q6NVH7
Q6NVH7	Q8VCI7
Q6PFX2	Q6PFX2
Q6PJ21	Q6PJ21
Q6S9Z5	Q6S9Z5
Q70UQ0	Q70UQ0
Q70UQ0	Q9DBZ1
Q7LXU0	Q7LXU0
Q7LXU0	Q4J8L0
Q7PLI2	Q7PLI2
Q7PLI2	F5HSE3
Q7PLI2	Q6KC79
Q7PLI2	Q6KCD5
Q7PLI2	F1QBY1
Q7TMX5	Q7TMX5
Q7TMX5	A1L1R0
Q7TMX5	Q9TYM6
Q7TMX5	O43076
Q7TMX5	Q6PI26
Q7TNK0	Q7TNK0
Q7TNK0	Q8BHJ6
Q7TNK0	Q86VE9
Q7TNK0	Q9NRX5
Q7TNK0	Q9QZI8
Q7TNK0	Q9QZI9
Q7TNK0	Q12116
Q7TNK0	A6NH21
Q7TNK0	Q13530
Q80TA9	Q80TA9
Q80TA9	Q9HCE0
Q80W04	Q80W04
Q80W04	O15482
Q80W04	O94876
Q80W04	Q8R310
Q80W04	O75069
Q80W04	Q69ZZ6
Q810U5	Q810U5
Q810U5	Q8IVM0
Q83KD8	Q83KD8
Q8R400	Q8R400
Q8TAA1	Q8TAA1
Q8VBT6	Q8VBT6
Q8VD58	Q8VD58
Q8VD58	P34910
Q8VH46	Q8VH46
Q8VH46	Q8N4X5
Q8VH46	Q8BZI0
Q8VH46	Q80YS6
Q8VH46	Q17R10
Q8VH46	D4AB98
Q8WU76	Q8WU76
Q8WV15	Q8WV15
Q8WV15	Q8BHW5
Q8WV15	Q5JRV8
Q91VX9	Q91VX9
Q91VX9	Q9H0V1
Q92LB1	Q92LB1
Q96CJ1	Q96CJ1
Q96CJ1	Q7JRJ1
Q96CJ1	Q9D4C5
Q96CJ1	Q811X5
Q96CJ1	Q91ZD6
Q96CJ1	Q96JC9
Q96EL3	Q96EL3
Q96HE9	Q96HE9
Q96HE9	Q8BHE0
Q96ID5	Q96ID5
Q9HB96	Q9HB96
Q9HDY2	Q9HDY2
Q9HY65	Q9HY65
Q9HY65	O25130
Q9HY65	Q7DBF3
Q9LX31	Q9LX31
Q9M7X7	Q9M7X7
Q9M7X7	P25886
Q9M7X7	P47914
Q9M7X7	P47915
Q9M7X7	Q92366
Q9M7X7	Q24154
Q9M7X7	Q95281
Q9N3E2	Q9N3E2
Q9NUX5	Q9NUX5
Q9NWW6	Q9NWW6
Q9NWW6	Q9NPI5
Q9NYJ1	Q9NYJ1
Q9QXY9	Q9QXY9
Q9QXY9	P56589
Q9UKK3	Q9UKK3
Q9UKK3	E9PYK3
Q9USM1	Q9USM1
Q9USM1	Q9Y7Y6
Q9USM1	Q09289
Q9USM1	Q7K2G1
Q9USM1	O48726
Q9USM1	Q16186
Q9USM1	Q6NZ09
Q9USM1	Q9JMB5
Q9USM1	Q9JKV1
P32786	P32786
P38357	P38357
P38894	P38894
P38894	P32768
P38894	P39712
P38894	P25653
P38894	Q7LHD1
P38894	Q12127
P38894	P36170
P38894	O13511
P40571	P40571
P43607	P43607
P47155	P47155
P52503	P52503
P52503	O75380
P80967	P80967
P91859	P91859
P91859	P91859
Q02749	Q02749
Q03899	Q03899
Q06688	Q06688
Q07732	Q07732
Q08118	Q08118
Q08774	Q08774
Q09685	Q09685
Q09808	Q09808
Q0WR66	Q0WR66
Q10221	Q10221
Q10361	Q10361
Q10361	P00257
Q10361	P0A9R4
Q10361	P40086
Q10361	P46656
Q10361	P10109
Q10361	Q9CPW2
Q10361	P00258
Q10361	P24483
Q10988	Q10988
Q10S55	Q10S55
Q16534	Q16534
Q16534	O08750
Q16534	Q64709
Q16534	Q90Z72
Q16534	Q8BW74
Q16534	Q10586
Q16534	Q10587
Q16534	Q6IMZ0
Q16534	P16443
Q16534	Q60925
Q16534	Q9JLC6
Q16534	Q16649
Q9FFA2	Q9FFA2
Q9FFA2	Q9FZD9
Q9FFA2	O22897
Q9FIZ7	Q9FIZ7
Q9FIZ7	Q8K010
Q9FIZ7	Q10094
Q9FIZ7	P28273
Q9FIZ7	P97608
Q9FIZ7	O14841
Q9FK81	Q9FK81
Q9FN89	Q9FN89
Q9FN89	Q99258
Q9FN89	P38066
Q9FN89	Q9P7M9
Q9FN89	P47924
Q9FN89	O60181
Q9FN89	P0A7I9
Q9FN89	P50139
Q9H0R3	Q9H0R3
Q9H0R3	Q8BVA2
Q9I816	Q9I816
Q9I816	Q8IRZ5
Q9LEZ4	Q9LEZ4
Q9LUV1	Q9LUV1
Q9LVZ5	Q9LVZ5
Q9M391	Q9M391
Q9M391	Q9CVD2
Q9M391	Q15040
Q9M391	Q9DBJ6
Q9M391	Q9H3M9
Q9M391	Q9CR30
Q9M391	P54252
Q9M391	Q5BJY4
Q9M391	O35815
Q9M391	Q8TAC2
Q9M391	O17850
Q9M903	Q9M903
Q9MBA3	Q9MBA3
Q9P003	Q9P003
Q9P003	Q5BJU5
Q9P003	D0Q0Y7
Q9P3W1	Q9P3W1
Q9P7S6	Q9P7S6
Q9SAK8	Q9SAK8
Q9SAK8	Q9SA37
Q9SFC7	Q9SFC7
Q9SIY3	Q9SIY3
Q9SSC7	Q9SSC7
Q9SSC7	A0MFL4
Q9SSC7	Q9LVZ8
M0R2J8	M0R2J8
O05877	O05877
O08608	O08608
O08608	O95190
O08608	P54368
O08608	P54369
O08608	Q9UMX2
O08608	A1BPI0
O13777	O13777
O13899	O13899
O13899	P70500
O13899	Q07560
O13899	P36151
O13899	Q9M2W3
O13899	Q59RA2
O13899	Q9UJA2
O14273	O14273
O31609	O31609
O31903	O31903
O34872	O34872
O43310	O43310
O43310	Q6PEE2
O43490	O43490
O43490	O54990
O43736	O43736
O43736	Q9Y287
O43736	Q5XIE8
O43736	Q9NQX7
O43736	Q5PQL7
O43736	Q91VK4
O59708	O59708
O60269	O60269
O60269	Q8BWS5
O60269	Q3UNH4
O60269	Q7Z2K8
O60269	Q6ZVF9
O70131	O70131
O70131	P70617
O70131	Q92982
O70131	Q9NZG7
O70131	Q8MPP0
O74354	O74354
O74447	O74447
O74547	O74547
O74814	O74814
P09835	P09835
P0A771	P0A771
P0A771	P0A769
P0A771	Q12078
P0A771	Q9SAH8
P0A771	Q9FN18
P0A771	Q9SNV9
P0A771	P38925
P0A771	Q9S814
P0A771	P70553
P0A771	Q9SN36
P0A771	P49279
P0A771	P49281
P0A771	P49282
P0A771	P49283
P0A771	Q0D8I9
P0A771	Q10177
P0A771	P38778
P0A771	P41251
P0A9B2	P0A9B2
P0A9B2	P0A9B4
P0A9B2	P0A9B5
P0A9B2	P16858
P0A9B2	P20445
P0A9B2	P07486
P0A9B2	O43026
P0A9B2	P07487
P0A9B2	Q02PG5
P0A9B2	P04797
P0A9B2	P25857
P0A9B2	Q94469
P0A9B2	O52631
P0A9B2	P10096
P0A9B2	Q5HHP5
P0A9B2	Q9LPW0
P0A9B2	O14556
P0A9B2	Q0J8A4
P0A9B2	A2YQT7
P0A9B2	Q9SAJ6
P0A9B2	P09315
P0A9B2	O34425
P0A9B2	Q09054
P0A9B2	P00355
P0A9B2	Q9ESV6
P0A9B2	P00358
P0A9B2	Q9FX54
P0A9B2	P00359
P0A9B2	P00360
P0A9B2	P25856
P0A9B2	P09124
P0A9B2	P49433
P0A9B2	Q64467
P0A9B2	P25858
P0A9B2	Q43247
P0A9B2	P80505
P0A9B2	P9WN83
P0A9B2	P54118
P0A9B2	P75358
P0A9B2	Q5XJ10
P0A9B2	P04406
P0A9B2	P17329
P0A9B2	P17330
P0A9B2	P78958
P0A9B2	P17331
P0A9B2	P04970
P0A9B2	P17819
P0A9B2	P08735
P0AAC0	P0AAC0
P0AAC0	P0AAC2
P0AAC0	P0AAC3
P0AB88	P0AB88
P0ADE6	P0ADE6
P0AE62	P0AE62
P0AFP8	P0AFP8
P0AFP8	P0AFP6
P0C5S1	P0C5S1
P0DJO8	P0DJO8
P10727	P10727
P10727	P17903
P10727	P9WGE1
P10727	Q9WVX8
P10727	P60071
P10727	P26777
P10727	Q7WLU9
P10727	O32723
P11101	P11101
P11101	Q05952
P12868	P12868
P14291	P14291
P23255	P23255
P70339	P70339
P70339	Q92837
P73849	P73849
P75170	P75170
P75470	P75470
P76396	P76396
P95257	P95257
P9WFC9	P9WFC9
P9WHP5	P9WHP5
P9WKA5	P9WKA5
P9WKA5	P9WKA4
Q9LV85	Q9LV85
Q9LVP9	Q9LVP9
Q9LVP9	O89116
Q9LVP9	O88384
Q9LVP9	P78768
Q9LVP9	Q96AJ9
Q9LVP9	Q9SEL6
Q9LVP9	P58200
Q9LVP9	Q04338
Q9LVP9	Q9UEU0
Q9M0E1	Q9M0E1
Q9N5U5	Q9N5U5
Q9NUB4	Q9NUB4
P40240	P40240
P40240	P40237
P40240	P62079
P40240	P41732
P40240	P48509
P40240	Q9UKR8
P40240	P08962
P40240	O95859
P40240	O70401
P40240	P19075
P40240	Q8NG11
P40240	Q86UF1
P40240	P21926
P40240	Q96FV3
P40240	P60033
P40240	P35762
P40240	O95858
P40240	Q61470
P40240	A1L157
P40240	Q96SJ8
P40240	P11049
P40240	P15499
P40240	P23942
P40240	O14817
P40240	O43657
P40240	Q03395
P40240	Q9QY33
P40240	Q9QZA6
P40240	O60635
P40240	P27701
P40240	O60637
P40573	P40573
P46973	P46973
P53053	P53053
P53053	P53174
P53053	P39551
P53053	P53176
P53053	P52924
P53053	P43542
P53053	P36034
P53053	P39547
P53053	P39548
P53053	P39552
P53053	P53344
P53053	P38727
P53053	P0CX13
P53053	P0CX12
P53053	P25354
P53053	Q07788
P53053	P47187
P53053	P38723
P53053	P53822
P53053	P38728
P53334	P53334
P53334	P53189
P53334	Q04951
P56542	P56542
P56542	Q9QY48
P56542	Q8WZ79
P56542	O00115
P70537	P70537
P70537	P70675
P78890	P78890
Q03937	Q03937
Q05787	Q05787
Q07738	Q07738
Q08119	Q08119
Q12144	Q12144
Q12428	Q12428
Q19AV6	Q19AV6
Q19AV6	Q9CWQ2
Q2HQL6	Q2HQL6
Q3E7A7	Q3E7A7
Q3TC33	Q3TC33
Q3TC33	Q96BQ5
Q3ULW6	Q3ULW6
Q41769	Q41769
Q41769	P37251
Q41769	P07003
Q41769	Q41768
Q41769	P07342
Q41769	P36620
Q42512	Q42512
Q42512	Q9SIN5
P03267	P03267
P84190	P84190
Q2M405	Q2M405
Q92373	Q92373
Q92373	P15927
Q92373	Q62193
Q92373	Q63528
Q92373	P26754
Q925Q5	Q925Q5
Q949W6	Q949W6
Q94AC8	Q94AC8
Q94KD8	Q94KD8
Q94KD8	Q9FGY1
Q94KD8	Q9LXA8
Q9ASY8	Q9ASY8
Q9BTP7	Q9BTP7
Q9C2N1	Q9C2N1
Q9C5H9	Q9C5H9
Q9C5H9	Q9BSJ2
Q9C5H9	Q9Y705
Q9C5H9	G5E8P0
Q9C5H9	Q96RT7
Q9C5H9	Q9XYP7
Q9C5H9	Q95ZG3
Q9C5H9	Q921G8
Q9C6M2	Q9C6M2
Q9C6M2	Q9SX98
Q9C6M2	Q9C9J0
Q9C9Z2	Q9C9Z2
Q9C9Z2	Q9C9Z3
Q9CB03	Q9CB03
Q9D0L4	Q9D0L4
Q9D0L4	Q60936
Q9D0L4	B9DGY1
Q9D0L4	Q6NSR3
Q9D0L4	Q9SBB2
Q9D0L4	Q02981
Q9D0L4	P9WQI1
Q9D0L4	Q80V03
Q9D0L4	Q9ASX5
Q9D0L4	Q9MA15
Q9D0L4	Q86TW2
Q9D0L4	Q8NI60
Q9D0L4	Q7Z695
Q9D0L4	Q3KJC7
Q9D0L4	Q96D53
Q9D0L4	P27697
Q9D0L4	Q93Y08
Q9D0L4	Q3MIX3
Q9D9F8	Q9D9F8
Q9D9F8	Q8TD10
Q9DCF9	Q9DCF9
Q9DCF9	Q9DCF9
Q9DCF9	Q08013
Q9DCF9	Q9UNL2
Q9FMN1	Q9FMN1
Q9FMN1	Q9C638
Q9FMN1	O48724
Q9FMN1	Q9SZB6
Q9FVV6	Q9FVV6
Q9FVV6	Q8N1B4
Q9FVV6	Q8C754
Q9FVV6	Q94KD3
Q9FVV6	O55166
Q9GPJ1	Q9GPJ1
Q9H3L0	Q9H3L0
Q9H3L0	Q99LS1
Q9HE01	Q9HE01
Q9I9J6	Q9I9J6
Q9I9J6	Q9R0P4
Q9I9J6	Q3MHL8
Q9I9J6	Q9Z2Q2
Q9I9J6	Q7ZVC9
Q9I9J6	O00193
Q9JKF7	Q9JKF7
Q9JKF7	Q9NYK5
Q9LKR8	Q9LKR8
Q9LR67	Q9LR67
Q9LS25	Q9LS25
Q9LS25	Q9LYZ9
Q9LUV4	Q9LUV4
Q9LVZ7	Q9LVZ7
Q9M280	Q9M280
Q9MBH2	Q9MBH2
Q9MBH2	Q9FIX1
Q9MBH2	P54121
Q9P0J6	Q9P0J6
Q9P7S8	Q9P7S8
Q9SHQ9	Q9SHQ9
Q9SIF3	Q9SIF3
Q9SIF3	O64468
Q9SIF3	Q9FXE5
Q9SIF3	O64469
Q9SIF3	Q9LY84
Q9SIF3	Q9LZS9
Q9SIF3	Q9M153
Q9SIF3	Q9STM6
Q9SIF3	Q9FXJ1
Q9SIF3	Q6NLP7
Q9SIF3	Q9FXJ2
Q9SIF3	Q9SJA9
Q9SIF3	Q94F40
Q9SIF3	Q9SF94
Q9SIF3	Q9LMJ3
Q9SIF3	Q9C857
Q9SIF3	Q94CH5
Q9SIF3	Q94CH7
Q9SIF3	Q9FJ41
Q9SIF3	Q94CH8
Q9SIF3	Q9C7N4
Q9SIF3	Q9FNP2
Q9SIF3	Q9C5N8
Q9SIF3	Q9FXB6
Q9SIF3	Q9LJG3
Q9SIY5	Q9SIY5
Q9SKU6	Q9SKU6
Q9SKU6	Q9C545
Q9SKU6	Q9XI21
Q9SKU6	Q5SGE0
Q9SKU6	Q93WC5
Q9SKU6	Q9FZ24
Q9SKU6	Q9C977
Q9SKU6	P42704
Q9SKU6	Q6PB66
Q9SKU6	Q9LRP6
Q9SRR0	Q9SRR0
Q9SUK9	Q9SUK9
Q9SUK9	Q93V88
Q9T0K1	Q9T0K1
Q9T0K1	O22184
Q9T0K1	Q9LIA1
Q9T0K1	O65434
Q9T0K1	O65435
Q9T0K1	Q4KSH9
Q9T0K1	Q9LH31
Q9T0K1	Q9T0J9
Q9T0K1	Q9FI27
Q9T0K1	Q9C8E3
Q9T0K1	Q9C6W6
Q9US24	Q9US24
Q9US24	Q9CQY1
Q9US24	Q10931
Q9US24	O94817
Q9US24	P38316
Q9VRX2	Q9VRX2
Q9VRX2	Q8N3P4
Q9VRX2	Q0P5W1
Q9WTZ0	Q9WTZ0
Q9WTZ0	Q9WTZ0
Q9WTZ0	Q63ZY7
Q9Y875	Q9Y875
Q9Y875	P08465
Q9Y875	P9WJY9
Q9ZV24	Q9ZV24
Q9ZVH7	Q9ZVH7
A0A1B0GTR3	A0A1B0GTR3
A0A1B0GTR3	P0DPH9
A0A1D8PSC7	A0A1D8PSC7
A0A1D8PSC7	A5DF43
A0A1D8PSC7	P42950
A0A1D8PSC7	C5DX31
A0A1D8PSC7	P38140
A0A1D8PSC7	P19541
A0A1D8PSC7	A3LQV7
A1KL43	A1KL43
A1KL43	Q7M7K0
A1YB07	A1YB07
A1YB07	Q8IY63
A1YB07	Q4VCS5
A1YB07	Q9D4H4
A1YB07	G3V735
A1YB07	Q8K371
A1YB07	Q8VHG2
A2AGB2	A2AGB2
A2AGB2	Q8N0U7
A2RUS2	A2RUS2
A2RUS2	A2RT67
A4IFH6	A4IFH6
A4IFH6	P26678
A4IFH6	P61013
A4IFH6	P61012
A4IFH6	P61016
A4IFH6	P61014
A6NC86	A6NC86
B0R7X8	B0R7X8
B5DF21	B5DF21
B5DF21	Q23972
B5DF21	Q08831
B5DF21	Q5AI80
B5DF21	Q9P6R7
B5DF21	Q5PRF9
B5DF21	Q8WYQ9
B5DF21	Q8CBY1
B5DF21	Q8VIG0
B5DF21	Q80XS6
B9EJI9	B9EJI9
B9EJI9	B2RXF0
C1KYU1	C1KYU1
C1KYU1	Q8Y4C6
E5FYH1	E5FYH1
E5FYH1	Q8N9V7
E9Q7G0	E9Q7G0
H3BQB6	H3BQB6
O13779	O13779
O13779	Q08269
O13779	P43553
O13779	P35724
O13779	O13657
O15078	O15078
O17389	O17389
O34904	O34904
O42947	O42947
O43068	O43068
O45181	O45181
O53532	O53532
O59714	O59714
O59714	P25639
O60167	O60167
O60167	P53309
O60167	Q9SA65
O60167	Q8LF20
O60167	Q9LHS0
O60167	Q61548
O60167	P94017
O60167	Q13492
O60167	O55012
O60167	P38856
O60167	Q05140
O60167	Q9LVD8
O60167	Q8S9J8
O60167	Q7M6Y3
O60167	Q9XZI6
O60167	Q9VI75
O60756	O60756
O60921	O60921
O60921	Q8NHY5
O60921	Q9VN60
O75204	O75204
O75204	Q8BGP5
O75586	O75586
O75586	Q921D4
O75586	Q9HED8
O75955	O75955
O75955	O61492
O75955	Q9Z2S9
O75955	Q9Z1E1
O75955	O08917
O75955	O32076
O94246	O94246
O94534	O94534
O94534	Q09933
O94534	Q1ZXQ8
O94534	Q9VEZ3
O94534	Q94FN2
O94534	Q14008
O94534	A2AGT5
O94534	G5EEM5
O94693	O94693
O97172	O97172
P00927	P00927
P00927	Q96GA7
P00927	Q9GZT4
P00927	Q9QZX7
P00927	O59791
P00927	P25379
P00927	Q76EQ0
P00927	Q8R238
P00927	P0CF21
P00927	Q9ZSS6
P00927	P09367
P00927	O94634
P00927	Q8VBT2
P00927	Q5HEE0
P00927	P37946
P00927	P36007
P00927	P20132
P03872	P03872
P04832	P04832
P04832	P04831
P08638	P08638
P0A853	P0A853
P0A853	Q8XB34
P0A955	P0A955
P0AAU3	P0AAU3
P0AAU3	P0AAU2
P0AC81	P0AC81
P0AC81	P50107
P0AC81	O65398
P0AC81	Q9CPU0
P0AC81	Q948T6
P0AC81	Q9CPV4
P0AC81	Q5I0D1
P0AC81	Q6P7Q4
P0AC81	Q04760
P0ACS1	P0ACS1
P0ADY7	P0ADY7
P0ADY7	Q83PY6
P0ADY7	Q9NX20
P0ADY7	Q99N93
P0ADY7	Q9HWE2
P0ADY7	P14577
P0C055	P0C055
P10156	P10156
P10156	P12305
P13413	P13413
P13413	P19429
P13413	Q9GYF1
P13413	P08057
P13413	P27768
P13413	P19237
P13413	O44572
P13413	Q9XUN9
P13413	Q9WUZ5
P13413	P13412
P13413	P48787
P13413	P02643
P13413	P23693
P13413	P48788
P13413	P02646
P13413	Q20334
P13413	P36188
P14736	P14736
P15530	P15530
P15530	P40259
P17558	P17558
P20676	P20676
P21784	P21784
P21784	P55895
P25591	P25591
P27449	P27449
P27449	P63082
P27449	P63081
P29084	P29084
P29084	Q9D902
P29084	P36145
P29084	P79011
P31385	P31385
P32342	P32342
P32488	P32488
P32488	P23493
P32567	P32567
P32567	Q9SF47
P32567	Q91ZP3
P32567	Q9FMN2
P32567	Q99PI4
P32567	Q99PI5
P32567	Q9UUJ6
P32567	Q92539
P32789	P32789
P32789	P43633
P32857	P32857
P32857	P38745
P36051	P36051
P36051	Q9R1S3
P36051	O95427
P36107	P36107
P36107	O13332
P36107	Q10142
P36107	P38954
P38202	P38202
P38202	Q96WW3
P38257	P38257
P38313	P38313
P38361	P38361
P38758	P38758
P39604	P39604
P39723	P39723
P39838	P39838
P40017	P40017
P40064	P40064
P40064	P38181
P40396	P40396
P40513	P40513
P40570	P40570
P40797	P40797
P40797	A4D1E9
P40797	G3X987
P40797	P25519
P40797	Q6MG06
P40797	Q8CI11
P40797	Q99P77
P40797	Q9CZU4
P40797	F4HSD4
P40797	Q04J64
P40797	Q9I7M2
P40797	Q21086
P40797	Q6PGG6
P40797	Q9P0V9
P40797	G1UB61
P40797	O82653
P40797	P20964
P40797	Q8NHV1
P40797	Q99LH1
P40797	Q9H4K7
P40797	Q9NVA2
P40797	P0ABU4
P40797	P0ABU2
P40797	Q4V8G5
P40797	Q811S9
P40797	Q8CHH9
P40797	Q9NTK5
P40797	Q9CZ30
P40797	Q9Y295
P40797	P32559
P40797	Q9UT21
P40797	P38860
P40797	O44411
P40797	P28661
P40797	P32468
P40797	Q8IYM1
P40797	Q980M3
P40797	A1KJD0
P40797	Q9UHD8
P40797	Q9Z1S5
P40797	Q9DA97
P40797	O14236
P40797	P42207
P40797	P53145
P40797	Q8ND71
P40797	P42942
P40797	Q10190
P40797	P42208
P40797	P54359
P40797	Q5EB96
P40797	Q5HFB9
P40797	A6QHI6
P40797	Q8F6K1
P40797	Q9R1T4
P40797	Q9SA73
P40797	O94659
P40797	P42209
P40797	P55039
P40797	P41901
P40797	Q9T0F2
P40797	O43824
P40797	P32234
P40797	Q75N62
P40797	Q9C6I8
P40797	Q9T0F3
P40797	P53742
P40797	Q3UM18
P40797	Q6P9H5
P40797	Q969Y2
P40797	Q9H089
P40797	Q9Z2Q6
P40797	P9WNK9
P40797	Q14141
P40797	Q8MT06
P40797	Q10LF7
P40797	O23680
P40797	P40010
P40797	P58070
P40797	P06616
P40797	Q2NKY7
P40797	Q59VX8
P40797	Q96F15
P40797	Q99JY3
P40797	Q9SJF1
P40797	Q5BJT6
P40797	Q8Y5W8
P40797	Q9NUV9
P40797	P39729
P40797	Q9M8Z5
P40797	A4F9L3
P40797	P25342
P40797	Q9BVP2
P40797	Q9SLF3
P40797	O60165
P40797	P75309
P40797	Q5PQK1
P40797	Q9JJM9
P40797	Q9UH03
P40797	Q9W590
P40797	P39826
P40797	Q80UG5
P40797	Q38906
P40797	O81283
P40797	P39827
P40797	Q3K7C0
P40797	Q99ME9
P40797	Q9UG22
P40797	Q99719
P40797	Q9C8U8
P40797	Q8WWP7
P40797	Q9SHS8
P40797	Q9SVA6
P40797	A0A096MJN4
P40797	P36915
P40797	Q09116
P40797	Q83Q14
P40797	Q9VCU5
P40797	Q9WU34
P40797	O13998
P40797	Q9C8V2
P40797	O25396
P40797	P0A6P5
P40797	P36916
P40797	P0DJR0
P40797	P38746
P40797	Q02HS3
P40797	Q92599
P40797	Q9BT17
P40797	P53295
P40797	Q13823
P40797	Q8SWU7
P40797	Q9NVN8
P40797	B0VTQ1
P40797	P70224
P40797	Q02892
P40797	Q9BZE4
P40797	Q9QZR6
P40797	Q9V411
P40797	B0BNF1
P40797	Q07657
P40797	Q16181
P40797	Q6Q137
P40797	Q9LUS2
P40797	O36023
P40797	P32457
P40797	Q15019
P40797	Q91Y81
P40797	Q9QXB9
P40797	Q9WVC0
P40797	O55131
P40797	O75616
P40797	P32458
P40797	P38219
P40797	B1XN32
P40797	B3GNI6
P40797	Q8C1B7
P40797	Q04921
P40797	Q9C923
P40969	P40969
P42248	P42248
P45425	P45425
P46983	P46983
P47044	P47044
P47104	P47104
P47163	P47163
P48552	P48552
P48552	Q8CBD1
P50087	P50087
P50831	P50831
P53114	P53114
P53851	P53851
P53901	P53901
P53951	P53951
O60671	O60671
O74501	O74501
O74769	O74769
O75031	O75031
O88622	O88622
O88622	Q9QYM2
O93803	O93803
P00830	P00830
P00830	P26527
P00830	P00827
P00830	B0VNK4
P00830	Q9C5A9
P00830	P0ABB4
P00830	P0ABB6
P00830	P0ABB7
P00830	P56480
P00830	P06541
P00830	P83483
P00830	P9WPU5
P00830	P19023
P00830	P83484
P00830	Q01859
P00830	P20858
P00830	Q9Z687
P00830	P19366
P00830	Q04G20
P00830	Q05825
P00830	P46561
P00830	P06576
P00830	P0C2Z8
P00830	P12085
P00830	Q0P3P2
P00830	A4GYR7
P00830	P22068
P00830	P10719
P00830	Q50331
P01579	P01579
P09234	P09234
P09234	D3ZCL3
P09234	Q62241
P09234	Q4YBG7
P09234	Q56XE4
P09234	Q05900
P0A6W7	P0A6W7
P0A6W7	A0R2X1
P0A6W7	Q9ADK2
P0A6W7	A4F866
P0A6W7	Q5HFF2
P0A6W7	A6QHF1
P0A6W7	P80240
P0A6W7	A1KHL8
P0A6W7	P9WMT9
P0A8Z9	P0A8Z9
P32524	P32524
P32833	P32833
P33306	P33306
P34252	P34252
P34641	P34641
P36031	P36031
P36091	P36091
P36091	Q05031
P36131	P36131
P37536	P37536
P37536	P21885
P37811	P37811
P38285	P38285
P38342	P38342
P38740	P38740
P38839	P38839
P38985	P38985
P39689	P39689
P39689	P49919
P39689	P46414
P39689	P46527
P39689	P38936
P40364	P40364
P40455	P40455
P40547	P40547
P40688	P40688
P41046	P41046
P42175	P42175
P42175	P09152
P42843	P42843
P71083	P71083
P73954	P73954
P75223	P75223
P75525	P75525
P80879	P80879
P80879	Q0P891
P80879	P73321
P80879	Q8Y8G1
P81799	P81799
P81799	Q9QZ08
P81799	Q3SZM9
P87121	P87121
P9WFG9	P9WFG9
P9WHU1	P9WHU1
P9WHU1	Q7AKQ6
P9WJQ9	P9WJQ9
P9WMC1	P9WMC1
P9WP13	P9WP13
P9WP13	P9WP15
P9WQH1	P9WQH1
P9WQH1	P75245
P9WQH1	P71104
P9WQH1	P37877
P9WQH1	P0A6A5
P9WQH1	P0A6A3
P9WQH1	Q8Y6V0
Q01721	Q01721
Q01721	P54826
Q02170	Q02170
Q02630	Q02630
Q02630	P49793
Q02630	Q02629
Q02630	Q80U93
Q02630	Q6PFD9
Q02630	Q9VCH5
Q02630	P35658
Q02630	Q09793
Q02630	G5EEH9
Q02630	P48837
Q02630	P49687
Q03071	Q03071
Q03071	Q15369
Q03071	P83941
Q03718	Q03718
Q04005	Q04005
Q05043	Q05043
Q05919	Q05919
Q06211	Q06211
Q06344	Q06344
Q06344	Q76MT4
Q06344	Q3V1V3
Q06344	Q9H501
Q06344	O74828
Q06508	Q06508
Q07349	Q07349
Q07533	Q07533
Q08176	Q08176
Q08270	Q08270
Q08818	Q08818
Q68FT1	Q68FT1
Q68FT1	Q8K1Z0
Q68FT1	O75208
Q69ZP3	Q69ZP3
Q69ZP3	Q9DCM0
Q69ZP3	Q99KB8
Q69ZP3	Q6PII5
Q69ZP3	Q9C8L4
Q69ZP3	Q53H82
Q69ZP3	Q9SID3
Q69ZP3	O95571
Q69ZP3	O24495
Q69ZP3	O24496
Q69ZP3	Q16775
Q69ZP3	Q05584
Q69ZP3	Q99KR3
Q69ZP3	Q8PNI0
Q69ZP3	Q561R9
Q6B0Y7	Q6B0Y7
Q6DI86	Q6DI86
Q6DI86	Q53R41
Q6ICH7	Q6ICH7
Q6ICH7	Q12797
Q6ICH7	Q5U4P2
Q6ICH7	Q8BSY0
Q6NV74	Q6NV74
Q6NV74	Q5PR69
Q6NV74	Q6ZU35
Q6P9F0	Q6P9F0
Q6P9F0	E9PVD1
Q6PAL0	Q6PAL0
Q6PAL0	Q5T5X7
Q6UW49	Q6UW49
Q6ZR03	Q6ZR03
Q6ZSR3	Q6ZSR3
Q7K556	Q7K556
Q80UY1	Q80UY1
Q80UY1	Q8N4J0
Q8TC29	Q8TC29
Q8TEX9	Q8TEX9
Q8TEX9	Q8VI75
Q8VE38	Q8VE38
Q8VE38	Q96HP4
Q8VIM4	Q8VIM4
Q8VIM4	Q8R2H3
Q8VIM4	Q8WZ55
Q8WUW1	Q8WUW1
Q8WUW1	Q91VR8
Q8WWB7	Q8WWB7
Q8WY22	Q8WY22
Q8WY22	Q8BXV2
Q91439	Q91439
Q91439	P81558
Q91439	P15720
Q91439	P02686
Q91439	P02687
Q91439	P02688
Q91439	P04370
Q91439	P25274
Q92552	Q92552
Q969X1	Q969X1
Q969X1	O88407
Q969X1	Q9M1V9
Q969X1	Q11080
Q969X1	Q8K097
Q969X1	F4JIE8
Q969X1	Q9BWQ8
Q969X1	Q94A20
Q969X1	Q8BJZ3
Q969X1	Q8BJZ3
Q96EF9	Q96EF9
Q96EF9	Q96K31
Q96EF9	Q9D2X8
Q96EF9	Q5BK24
Q96KX1	Q96KX1
Q96LL4	Q96LL4
Q96M60	Q96M60
Q96M60	F5H4B4
Q97WX4	Q97WX4
Q9BPX6	Q9BPX6
Q9BQE9	Q9BQE9
Q9BQE9	Q4VC05
Q9BQE9	Q921K9
Q9BQE9	Q9CXE2
Q9BQE9	O08664
Q9BQE9	Q8WUZ0
Q9BRU9	Q9BRU9
Q9BRU9	Q9Y324
Q9BRU9	Q12339
Q9BRU9	O74862
Q9BRU9	Q9CTH6
Q9BUV0	Q9BUV0
Q9BUV0	Q3UC65
Q9BUV0	Q5U2S0
Q9BUV0	Q1ECZ9
Q9CQ48	Q9CQ48
Q9CQ48	Q8WVJ2
Q9CQ48	Q5M823
Q9CQN6	Q9CQN6
Q9CQN6	P47131
Q9CQN6	Q9Y6G1
Q9CQN6	O64847
Q9CWU4	Q9CWU4
Q9CWU4	Q8N6N3
Q9CWU4	Q7SZP2
Q9CYS6	Q9CYS6
Q9CYS6	A6NCS6
Q9FLU1	Q9FLU1
Q9GYU8	Q9GYU8
Q9GZT6	Q9GZT6
Q9GZT6	Q96AQ8
Q9H2P9	Q9H2P9
Q9H2P9	P0CU37
Q9H2P9	P32469
Q9HU05	Q9HU05
Q9NVE4	Q9NVE4
Q9NVE4	Q8CDL9
Q9P7G0	Q9P7G0
Q9P7G0	Q9VIF0
Q9P7G0	Q9WV70
Q9P7G0	Q9Y3T9
Q9P7G0	Q0WVH0
Q9P7G0	P39744
Q9P7G0	O13874
Q9P7G0	Q9ZPV5
Q9QUI6	Q9QUI6
Q9QUI6	Q16570
Q9QY93	Q9QY93
Q9QY93	Q9H773
Q9UBD5	Q9UBD5
Q9UBD5	Q9JK30
Q9UJK0	Q9UJK0
Q9UJK0	Q5HZH2
Q9UJK0	Q12094
Q9USH5	Q9USH5
Q9USH5	Q8IYB3
Q9UTK5	Q9UTK5
Q9UX24	Q9UX24
Q9UX24	Q4J8F8
Q9UX24	P12042
Q9VCE1	Q9VCE1
Q9VCE1	P87117
Q9VCE1	O88597
Q9VCE1	Q02948
Q9VCE1	Q91XJ1
Q9VCE1	Q14457
Q9VCE1	Q9M367
Q9VCE1	A8MW95
Q9VCE1	Q22592
Q9VH89	Q9VH89
Q9VIP0	Q9VIP0
Q9Y314	Q9Y314
Q9Y314	Q9D6T0
Q9Y314	Q9SY88
Q9Z0W3	Q9Z0W3
A0JMF7	A0JMF7
A2RU37	A2RU37
A4QSX4	A4QSX4
A4QSX4	B5ME19
A4QSX4	Q9XHM1
A4QSX4	A3GGB4
A4QSX4	O02328
A4QSX4	Q5AML1
A4QSX4	A7TML4
A4QSX4	Q99613
A4QSX4	O14164
A4QSX4	A1ZAX1
A4QSX4	O49160
A4QSX4	B5DFC8
A4QSX4	Q8R1B4
A4QSX4	P32497
A4QSX4	A5DPQ5
A4QSX4	Q0ZB76
A4QSX4	Q3SYW6
A5DH87	A5DH87
A5DH87	P36164
A5DH87	Q6YI46
A6NEN9	A6NEN9
A7TM88	A7TM88
A7TM88	P47136
A8MRV9	A8MRV9
A8MRV9	Q9LD83
A8MRV9	Q9FLV9
A8MRV9	Q9ASQ7
A8MZ25	A8MZ25
C0HK92	C0HK92
C0HK92	C0HK92
C5DGS4	C5DGS4
C5DGS4	P36094
C5DGS4	C5E4H7
C5DGS4	A7TQU0
C5DZU3	C5DZU3
C5DZU3	Q59LV5
C5DZU3	A7TNI7
C5DZU3	O74787
C5DZU3	A4RHN5
C5DZU3	P05374
E7FA21	E7FA21
E7FA21	Q8TEV9
E7FA21	Q3UMB5
F4IQK5	F4IQK5
F4IQK5	Q9SK09
F4IQK5	F4JQG6
F4J077	F4J077
F4J077	Q94C98
F4J077	Q0WPK4
F4K460	F4K460
G2TRT3	G2TRT3
I6V1W0	I6V1W0
O00253	O00253
O00253	P42127
O04921	O04921
O04921	P16622
O04921	Q83SE5
O04921	P22830
O13955	O13955
O14080	O14080
O14207	O14207
O14349	O14349
O14349	Q5A8X9
O14349	Q99312
O15263	O15263
O49343	O49343
O75394	O75394
O75394	P36533
O75394	P0A7P4
O75394	P0A7P1
O77389	O77389
O80565	O80565
O80958	O80958
O81629	O81629
O81629	F4HSX9
O81629	Q9LII8
O94428	O94428
O94602	O94602
O94756	O94756
O94756	O74960
O94756	Q12230
O94756	P53252
P05113	P05113
P0C7P2	P0C7P2
P25650	P25650
P32603	P32603
P32603	P52911
P38232	P38232
P38866	P38866
P40997	P40997
P40997	Q01159
P42701	P42701
P42701	Q60837
P43537	P43537
P46670	P46670
P47128	P47128
P53234	P53234
P53941	P53941
P53941	Q5PQR5
P53941	O14180
P53941	Q9VKB4
P53941	Q7TND5
P53941	Q96G21
P53941	Q9H9Y2
P54661	P54661
P56389	P56389
P56389	Q9SU87
P56389	P32320
P56389	Q06549
P56389	P0ABF6
P56389	O65896
P56389	Q9S7S2
P82759	P82759
P93278	P93278
P93278	Q06646
P93278	P56384
P93278	Q06055
P93278	P48201
P93278	P05496
P93278	Q06645
P93278	A1XQS5
P93278	P32876
P93278	Q9CR84
P93278	P56383
P93278	P92541
P93278	Q3ZC75
P93278	P07926
Q04608	Q04608
Q09465	Q09465
Q0WQ75	Q0WQ75
Q0WUY1	Q0WUY1
Q10333	Q10333
Q12308	Q12308
Q12751	Q12751
Q15526	Q15526
Q15526	P09925
Q1H5E9	Q1H5E9
Q1RN00	Q1RN00
Q29PU4	Q29PU4
Q2M238	Q2M238
Q2M238	A6NIE6
Q2M238	B2RS91
Q2M238	Q9NYV6
Q2M238	P36070
Q2M238	Q10110
Q2M238	P48322
Q338N2	Q338N2
Q4KM45	Q4KM45
Q4KM45	Q9D1K7
P12579	P12579
P12579	P03421
P68593	P68593
Q92354	Q92354
Q92354	Q8JGR4
Q92354	Q07915
Q92354	P38665
Q92354	P24000
Q92354	P38666
Q92354	O74884
Q92354	Q8BP67
Q92354	P83731
Q92354	P83732
Q92354	Q10353
Q92354	Q9VJY6
Q92354	Q5A6A1
Q92354	Q9VGN9
Q92354	Q9UHA3
Q92354	O01868
Q92354	P04449
Q92354	Q42347
Q940J8	Q940J8
Q940J8	Q9SFF6
Q940J8	O80731
Q944A6	Q944A6
Q944A6	Q9LFY0
Q944A6	Q9QZH4
Q944A6	P78789
Q944A6	P12904
Q944A6	P38845
Q944A6	P53885
Q944A6	Q6PAM0
Q944A6	F4J117
Q944A6	P34164
Q944A6	P80385
Q944A6	P80386
Q944A6	Q04739
Q944A6	P80387
Q944A6	Q84VQ1
Q944A6	O43741
Q944A6	Q9MYP4
Q944A6	Q9Y478
Q944A6	O54950
Q944A6	Q5BIS9
Q944A6	Q9FEB5
Q944A6	Q91WG5
Q944A6	Q9UGI9
Q944A6	Q9SCY5
Q944A6	Q8BGM7
Q944A6	Q9R078
Q944A6	Q9UGJ0
Q94K71	Q94K71
Q95Q27	Q95Q27
Q9AV97	Q9AV97
Q9AV97	B0VQI5
Q9AV97	Q8XDE7
Q9AV97	Q9PIB8
Q9AV97	P39912
Q9AV97	A8AG06
Q9BRV3	Q9BRV3
Q9BRV3	O45102
Q9C778	Q9C778
Q9C9T2	Q9C9T2
Q9C9T2	F4JR57
Q9C9T2	A0A1U8IPT1
Q9C9T2	Q9FKL6
Q9C9T2	Q0WVV6
Q9C9T2	C0SV51
Q9CZQ9	Q9CZQ9
Q9FFJ8	Q9FFJ8
Q9FIN7	Q9FIN7
Q9FK23	Q9FK23
Q9H2L4	Q9H2L4
Q9H6L2	Q9H6L2
Q9LIQ9	Q9LIQ9
Q9LQR0	Q9LQR0
Q9LQR0	P59469
Q9LQR0	Q9SK08
Q9LQR0	Q9LNB9
Q9LQR0	Q9SN23
Q9LQR0	O22131
Q9LQR0	Q9FKZ3
Q9LQR0	Q9M886
Q9LSB9	Q9LSB9
Q9LSX7	Q9LSX7
Q9LV91	Q9LV91
Q9NV39	Q9NV39
Q9NYY1	Q9NYY1
Q9P7K2	Q9P7K2
Q9SAI2	Q9SAI2
Q9SAI2	Q9LXM4
Q9SAI2	Q9UFF9
Q9SAI2	Q9D8X5
Q9SAI2	Q9LEU4
Q9SAI2	Q9UIV1
Q9SAI2	P39008
Q9SAI2	Q9SKZ2
Q9SAI2	Q9SFX6
Q9SAI2	Q9FMS6
Q9SAI2	Q9C6M9
Q9SAI2	Q17345
Q9SAI2	O74856
Q9SCK2	Q9SCK2
Q9SIU2	Q9SIU2
Q9SRL4	Q9SRL4
Q9SRL4	Q8NFI3
Q9SRL4	Q8BX80
Q9STS7	Q9STS7
Q9SVQ1	Q9SVQ1
Q9UUH5	Q9UUH5
Q9VNE1	Q9VNE1
Q9Y693	Q9Y693
Q9Y7X6	Q9Y7X6
A0A0H2WWV6	A0A0H2WWV6
A0PJW8	A0PJW8
A0PJW8	P51397
A0PJW8	Q9QX67
A0PJW8	Q9D757
A0PJW8	Q91XC8
A1Z9A8	A1Z9A8
A1Z9A8	Q96EY7
A1Z9A8	Q14C51
A2AWT3	A2AWT3
A2AWT3	Q14CW9
A2AWT3	Q3UD01
A2AWT3	Q03067
A2AWT3	Q9VVR6
A2AWT3	Q96GX2
A6NDU8	A6NDU8
B0VQ53	B0VQ53
B0VQ53	Q9FBM1
F1MA98	F1MA98
F1MA98	F6ZDS4
H2KZH5	H2KZH5
K8ERU3	K8ERU3
O05410	O05410
O09111	O09111
O09111	Q9NX14
O13539	O13539
O14240	O14240
O14240	Q9HAF1
O14240	Q9VRN3
O14240	Q2VPQ9
O14240	Q59QC2
O31501	O31501
O32162	O32162
O32162	Q9ZS97
O32162	Q83KW2
O32162	P77522
O43030	O43030
O43030	P38260
O44476	O44476
O61787	O61787
O61787	Q03412
O61787	Q23593
O61787	Q19746
O61787	Q27295
O61787	Q9U3K5
O61787	Q23027
O61787	Q23157
O61787	O01634
O74893	O74893
O74893	P55828
O74893	A4FPM6
O74893	Q03201
O74893	P0A7R7
O74893	Q5A389
O74893	P38701
O74893	A1XQU9
O74893	P74226
O74893	P60866
O74893	P60867
O74893	P60868
O74893	P82664
O74893	Q04G86
O74893	P21471
O74893	P35686
O74893	P66330
O76906	O76906
O76906	Q6PG95
O80934	O80934
O80934	Q8W4D6
O80934	Q94EG6
O80934	O65502
O88038	O88038
O88393	O88393
O88393	Q03167
O95059	O95059
P05738	P05738
P05738	P17077
P05738	P51401
P05738	O23049
P05738	Q95Y90
P05738	O74905
P05738	A6QJ77
P05738	Q5HDX3
P05738	Q10232
P05738	P0AG55
P05738	P0AG57
P05738	P0AG58
P05738	P49209
P05738	P51410
P05738	P46898
P05738	Q9SZX9
P05738	P32904
P05738	Q8Y444
P05738	P32969
P0A6X3	P0A6X3
P0A909	P0A909
P0A9D2	P0A9D2
P0AG40	P0AG40
Q01329	Q01329
Q02242	Q02242
Q02242	Q15116
Q02457	Q02457
Q02754	Q02754
Q03233	Q03233
Q03373	Q03373
Q03652	Q03652
Q03764	Q03764
Q03764	P20485
Q04089	Q04089
Q04272	Q04272
Q04434	Q04434
Q04751	Q04751
Q04ML1	Q04ML1
Q04ML1	A1JS01
Q04ML1	A4FPJ2
Q04ML1	Q97EK6
Q04ML1	P0A7Z4
Q04ML1	P0A7Z6
Q04ML1	P0A7Z9
Q04ML1	P66699
Q04ML1	P0C500
Q04ML1	P9WGZ1
Q06032	Q06032
Q06833	Q06833
Q07629	Q07629
Q07834	Q07834
Q08496	Q08496
Q08906	Q08906
Q09474	Q09474
Q09474	P48775
Q09474	P48776
Q09474	P21643
Q0EEE2	Q0EEE2
Q0EEE2	Q3KNS1
Q0ZCJ7	Q0ZCJ7
Q0ZCJ7	Q969V6
Q0ZCJ7	Q8VIM5
Q0ZCJ7	Q6ZN01
Q0ZCJ7	Q8IZQ8
Q0ZCJ7	P59759
Q0ZCJ7	Q8K4J6
Q10268	Q10268
Q10663	Q10663
Q10663	P30952
Q10663	Q12031
Q10663	P28240
Q10663	O07717
Q10663	P0A9G6
Q10663	P08997
Q10663	P21826
Q10663	O49290
Q10663	P28297
Q12050	Q12050
Q12342	Q12342
Q12453	Q12453
Q12507	Q12507
Q12754	Q12754
Q13323	Q13323
F4JG10	F4JG10
F4JG10	A0A1P8AWH8
F4JG10	O80596
F4KD71	F4KD71
F4KD71	P33413
G2TRR9	G2TRR9
O02334	O02334
O02334	P49643
O02334	P20457
O02334	O89044
O02334	P33610
O13671	O13671
O13671	Q04175
O13671	Q9XZU1
O13671	P33307
O13671	Q9ERK4
O13671	P55060
O13671	Q9ZPY7
O13671	Q8K2V6
O13954	O13954
O14068	O14068
O14202	O14202
O22793	O22793
O22793	O48582
O35595	O35595
O35595	Q9Y6C5
O35595	P18502
O35595	Q09614
O35595	H2L0G5
O35595	Q61115
O42958	O42958
O48529	O48529
O74444	O74444
O77384	O77384
O94427	O94427
O94600	O94600
O94731	O94731
O97336	O97336
P03878	P03878
P03878	Q9ZZX1
P03878	P03875
P03878	P03879
P03878	P60162
P03878	P56773
P03878	P9WP37
P03878	P03882
P03878	P9WP67
P03878	P23230
P03878	P9WP71
P03878	P28056
P03878	O21044
P03878	P00401
P03878	P03873
P03878	P03876
P03878	O79429
P03878	P03877
P03878	P00395
P03878	Q06473
P03878	P00156
P03878	P00159
P03878	Q57038
P03878	Q5HH25
P03878	P39480
P03878	P39481
P03878	Q9ZZX0
P0CE67	P0CE67
P11655	P11655
P11655	P25365
P12471	P12471
P12471	P14277
P12471	Q9SYW8
P12471	Q10HD0
P12471	A2XJ35
P12471	Q9S7J7
P12471	Q9XF87
P12471	Q9XF89
P12471	P14273
P12471	Q9S7M0
P12471	Q93WD2
P12471	Q9SY97
P12471	P0DO19
P12471	P0DO18
P12471	Q9S7W1
P12471	P06671
P12471	P07370
P12471	P0CJ48
P12471	P04778
P12471	Q9C639
P12471	P09756
P12471	Q9SHR7
P12471	P93664
P12471	Q9XF88
P12471	P12329
P12471	Q00827
P12471	P12330
P12471	P12333
P12471	Q07473
P12471	P27497
P12471	Q9C9K1
P12471	P27524
P12471	P27521
P12471	P27525
P12471	P12331
P12471	P14276
Q10060	Q10060
Q10189	Q10189
Q107X0	Q107X0
Q12021	Q12021
Q12749	Q12749
Q12749	Q08204
Q12749	O13710
Q15517	Q15517
Q19541	Q19541
Q1H5D2	Q1H5D2
Q1RM09	Q1RM09
Q1RM09	Q91XV3
Q1RM09	Q05175
Q1RM09	P80723
Q2R1V8	Q2R1V8
Q2R1V8	Q93VR3
Q2R1V8	A3C4S4
Q2R1V8	A2Z7B3
Q2WGJ8	Q2WGJ8
Q3B8R1	Q3B8R1
Q3B8R1	Q5T6L9
Q3TVW5	Q3TVW5
Q3TVW5	Q9BT92
Q42368	Q42368
Q42368	Q75KR1
Q42368	O23404
Q42368	P11155
Q42368	Q6AVA8
Q4F883	Q4F883
Q5M755	Q5M755
P04289	P04289
Q93WG3	Q93WG3
Q94F20	Q94F20
Q96EM0	Q96EM0
Q96KT6	Q96KT6
Q9CWP9	Q9CWP9
Q9CWP9	A6NEV1
Q9D806	Q9D806
Q9FF41	Q9FF41
Q9FF41	Q9C9N6
Q9FG31	Q9FG31
Q9FGN0	Q9FGN0
Q9FK14	Q9FK14
Q9FK14	Q9LJ95
Q9FNY3	Q9FNY3
Q9FNY3	Q64163
Q9FNY3	Q14186
Q9FNY3	Q22703
Q9FNY3	Q14188
Q9FNY3	Q9FNY2
Q9FNY3	Q08639
Q9FNY3	Q24318
Q9FNY3	Q5H9I0
Q9GZY1	Q9GZY1
Q9LDD5	Q9LDD5
Q9LMY5	Q9LMY5
Q9LRW3	Q9LRW3
Q9LV90	Q9LV90
Q9LVQ4	Q9LVQ4
Q9LVQ4	Q9LK53
Q9LVQ4	Q9FWW5
Q9LX49	Q9LX49
Q9LX49	Q9D711
Q9LX49	O00625
Q9LZV9	Q9LZV9
Q9LZV9	Q9XFS7
Q9M9U5	Q9M9U5
Q9M9U5	Q9CA69
Q9M9U5	Q9CAK4
Q9NA13	Q9NA13
O94488	O94488
O94653	O94653
O94653	Q14692
O94653	Q08965
O95274	O95274
O95274	Q91YK8
P01160	P01160
P01160	P01161
P01160	P05125
P01582	P01582
P01582	P01583
P06779	P06779
P08066	P08066
P0A6W9	P0A6W9
P0A904	P0A904
P0AF69	P0AF69
P0AG30	P0AG30
P0AG30	Q03222
P0AG30	P9WHF3
P32385	P32385
P32525	P32525
P34130	P34130
P34130	P20783
P34130	P01138
P34130	P18280
P34130	P01139
P34130	P23560
P34130	P21237
P34253	P34253
P34643	P34643
P35194	P35194
P36092	P36092
P36534	P36534
P36683	P36683
P36683	P74582
P37538	P37538
P38065	P38065
P38180	P38180
P38238	P38238
P38238	P0C0R8
P38238	Q59KF3
P38238	Q8IY81
P38238	Q5RJT2
P38238	P25582
P38238	Q9P6V8
P38238	O42832
P38238	Q9UI43
P38238	P53123
P38238	Q9UET6
P38238	Q9DBE9
P38238	Q9CPY0
P38793	P38793
P38793	C0H537
P38793	Q9D0C4
P38840	P38840
P38986	P38986
P39996	P39996
P40456	P40456
P40456	P36168
P40496	P40496
P40933	P40933
P42845	P42845
P45742	P45742
P48382	P48382
P48382	D3YU81
P48382	P48377
P48382	P48378
P48382	P48379
P48382	P48380
P48382	P48381
P48382	P48743
P48382	P48383
P48382	A0JMF8
P48382	Q5AMQ6
P48382	Q8HWS3
P48382	Q9JL61
P48382	B2GV50
P48382	Q33E94
P48382	Q8C7R7
P48382	F8VPJ6
P48382	P22670
P89114	P89114
P9WIZ9	P9WIZ9
P9WIZ9	P9WL07
P9WIZ9	P9WIZ7
P9WLI1	P9WLI1
P9WME1	P9WME1
P9WMV1	P9WMV1
P9WNJ3	P9WNJ3
P9WQH7	P9WQH7
P9WQH7	Q99MN9
P9WQH7	P56765
P9WQH7	Q5HF73
P9WQH7	Q3ULD5
P9WQH7	Q9HCC0
P9WQH7	C0SP93
P9WQH7	P0ABD7
P9WQH7	P0ABD5
P9WQH7	P07633
P9WQH7	O53578
P9WQH7	Q92TC7
P9WQH7	Q97DB2
P9WQH7	P05166
P9WQH7	Q9LD43
Q01722	Q01722
Q01950	Q01950
Q03080	Q03080
Q03609	Q03609
Q03609	P32744
Q04007	Q04007
Q04399	Q04399
Q04839	Q04839
Q06346	Q06346
Q06346	O13994
Q07350	Q07350
Q08271	Q08271
Q08271	O13318
Q08271	Q03655
Q08271	Q06135
Q08271	P43076
Q08271	P22146
Q09743	Q09743
Q0KL00	Q0KL00
Q0KL00	Q8CD54
Q0KL00	E2JF22
Q0KL00	Q9H5I5
Q0V8M0	Q0V8M0
Q0V8M0	Q9VTU0
Q10203	Q10203
Q12092	Q12092
P53013	P53013
P53013	Q149F3
P53013	Q01372
P53013	Q9HGI8
P53013	P68104
P53013	P62630
P53013	P10126
P53013	P0CT32
P53013	P0CT31
P53013	P0CY35
P53013	Q92005
P53013	P08736
P53013	Q5VTE0
P53013	Q8R050
P53013	P0CT54
P53013	P0CT55
P53013	P0CT53
P53013	P0CT54
P53013	P0CT55
P53013	P0CT53
P53013	P0CT55
P53013	P62631
P53013	P62632
P53013	Q05639
P53013	P02994
P53013	P32769
P53013	Q43870
P53013	O34764
P53013	O74774
P53013	Q02196
P53013	P17196
P53013	Q03033
P53013	Q60967
P53013	Q9P7G9
P53013	P05453
P53013	P72940
P53013	Q69ZS7
P53013	P9WNM5
P53013	P0DH99
P53013	Q0WL56
P53013	Q9Y872
P53013	O88428
P53013	Q08491
P53013	Q8IYD1
P53013	P05303
P53013	O95340
P53013	Q9W074
P53013	Q9Y450
P53013	P78937
P53013	Q6AXM7
P53013	B0R8C3
P53013	P74241
P53013	Q43295
P53013	Q41803
P53013	Q9SRW7
P53013	P29520
P53013	O74718
P53013	O43252
P53013	P08536
P53013	Q2KHZ2
P53094	P53094
P53094	Q6PDJ6
P53094	P32634
P53094	Q6P3S6
P53207	P53207
P53265	P53265
P53326	P53326
P53736	P53736
P54601	P54601
P55872	P55872
P55872	Q97GK5
P55872	O88060
P55872	Q94B52
P55872	P0A709
P55872	P0A707
P58043	P58043
P58043	Q9CYP7
P58043	P58004
P58043	P58005
P58043	P58006
P58043	Q9Y6P5
P58043	Q9W1K5
P59107	P59107
P60422	P60422
P60422	P60424
P60422	P60429
P60422	Q97EI1
P60422	P92812
P60422	P73317
P60422	Q9V3G1
P60422	P0C496
P60422	P0CT70
P60422	P0CT71
P60422	P0CT72
P60422	P0CT71
P60422	P0CT72
P60422	Q498T4
P60422	P62919
P60422	P62917
P60422	P62918
P60422	P93311
P60422	P46286
P60422	P0CX46
P60422	P0CX45
P60422	P42919
P60422	Q9XVF7
P60422	Q4PSL7
P60422	A0A1D8PF08
P60422	C5BGM2
P60422	Q9D773
P60422	Q5T653
P60422	Q0P3L9
P60422	P13023
P60422	Q42064
P61518	P61518
P61518	P61517
P61518	Q54735
P61518	P53615
P61518	Q94CE3
P61518	Q9ZUC2
P61518	Q94CE4
P61518	O94255
P61518	P27140
P61518	P40880
P63634	P63634
P67080	P67080
P67080	Q9Z2Y8
P67080	O94903
P67080	P38197
P67080	Q1ZXI6
P68206	P68206
P71088	P71088
P77172	P77172
P78032	P78032
P78032	P06612
P78032	P9WG49
P78032	P9WG48
P78032	P73810
P80886	P80886
P80886	P53312
P80886	Q9P2R7
P80886	P53588
P80886	Q5HGI7
P80886	P0A836
P80886	P0A838
P80886	P0A839
P80886	Q96I99
P80886	O82662
P80886	P53593
P80886	Q9Z2I8
P80886	O97580
P80886	Q9Z2I9
P80886	Q9KY56
P80886	Q9P567
P80886	Q02K73
P81921	P81921
P87129	P87129
P9WFH7	P9WFH7
P9WFH7	P9WFH5
P9WFH7	P9WFI5
P9WFH7	P9WFI4
P9WIC5	P9WIC5
P0C866	P0C866
P0C866	Q3UVG3
P0C866	Q658Y4
P0CG20	P0CG20
P0CG20	Q8BH05
P0CG20	Q32MQ0
P13985	P13985
P14907	P14907
P15807	P15807
P19812	P19812
P22141	P22141
P22141	Q9LST6
P22141	P49721
P22141	P40307
P22141	Q9VQE5
P22141	Q9R1P3
P23522	P23522
P24073	P24073
P25028	P25028
P25158	P25158
P25398	P25398
P25398	P63323
P25398	P48589
P25398	O97249
P25398	P63324
P25398	O14062
P25398	P48316
P25398	P22339
P25398	P49196
P25398	O74322
P25398	P80455
P25398	Q5ADQ6
P25398	Q9S9P1
P25398	P24522
P25398	Q9SKZ3
P25587	P25587
P25688	P25688
P25688	P09118
P27414	P27414
P27414	P73930
P27414	Q9DBG7
P27414	P21565
P27414	P37106
P27414	Q6AYB5
P27414	P61011
P27414	P14576
P27414	P37107
P27414	P20424
P27414	O07853
P27414	P9WGD9
P27414	P9WGD8
P27414	P10121
P27414	O80842
P27414	P74214
P27414	P32916
P27414	O43032
P27414	P49967
P27414	Q9U5L1
P48240	P48240
P53112	P53112
P53280	P53280
P53949	P53949
P53949	P50946
P53949	Q9UUF3
P53949	P53965
P55981	P55981
P60508	P60508
P60508	Q9UQF0
P60508	B6SEH9
P60508	P10404
P60508	P11370
P60508	P60507
P60508	P60509
P60508	P61550
P60508	P60608
P60508	Q9N2J8
P60508	Q9N2K0
P60508	B6SEH8
P62341	P62341
P64490	P64490
P71977	P71977
P73152	P73152
P73545	P73545
P75310	P75310
P75736	P75736
P75736	P53219
P77510	P77510
P86252	P86252
P86252	Q96QR8
P86252	P42669
P86252	Q8R4E6
P86252	Q94230
P86252	Q9SKZ1
P86252	Q6PHK6
P86252	Q9UJV8
P86252	Q00577
P86252	Q68A21
P86252	O35295
P9WFQ1	P9WFQ1
P9WFQ1	P9WFQ0
P9WGF3	P9WGF3
P9WGF3	P9WGF2
P9WGF3	Q9NTJ3
P9WGF3	Q9SN90
P9WGF3	Q14683
P9WGF3	O01789
P9WGF3	O42649
P9WGF3	P41004
P9WGF3	P97690
P9WGF3	P48996
P9WGF3	Q09591
P9WGF3	Q8CG47
P9WGF3	Q8CG48
P9WGF3	P38989
P9WGF3	P32908
P9WGF3	Q9C5Y4
P9WGF3	P47037
P9WGF3	B2FDA8
P9WGF3	Q9FJL0
P9WGF3	Q12267
P9WGF3	Q920F6
P9WGF3	Q9Z1M9
P9WGF3	Q9CU62
P9WGF3	G5EG17
P9WGF3	O95347
P9WGF3	Q20060
P9WGF3	O94383
P9WGF3	P53692
P9WGF3	O33600
P9WGF3	Q9UQE7
P9WGF3	Q9CW03
P9WJ97	P9WJ97
P9WJ97	P9WJ96
P9WKP5	P9WKP5
P9WLN7	P9WLN7
P9WLN7	P9WLN6
Q02866	Q02866
Q02EA7	Q02EA7
Q02UB7	Q02UB7
Q03648	Q03648
Q03758	Q03758
Q03758	P48524
Q03758	P53755
Q03758	P53754
Q03913	Q03913
Q04080	Q04080
Q04233	Q04233
Q04430	Q04430
Q04430	Q8K4K6
Q04430	Q8TE04
Q04430	O80765
Q04430	Q9BZ23
Q04430	Q8L5Y9
Q04430	Q80YV4
Q04430	O74962
Q04430	Q0J035
Q04430	Q923S8
Q04430	Q8R2W9
Q04430	Q9H999
Q04632	Q04632
Q05543	Q05543
Q06250	Q06250
Q06679	Q06679
Q08206	Q08206
Q08492	Q08492
Q09267	Q09267
Q09877	Q09877
Q09877	Q03441
Q09877	Q9NWS8
Q09877	O74446
Q09877	P43620
Q969F2	Q969F2
Q969F2	Q8VE28
Q969F2	Q99MH6
Q969F2	Q969G9
Q969F2	Q9VVV9
Q969S0	Q969S0
Q96A22	Q96A22
Q96A22	Q9D8L0
Q96B96	Q96B96
Q96DZ7	Q96DZ7
Q96GM8	Q96GM8
Q96GM8	Q9D2E2
Q96NH3	Q96NH3
Q96QA6	Q96QA6
Q96QA6	Q5XID5
Q96QA6	Q96NS1
Q96QA6	Q9URW3
Q96QA6	P61237
Q96QA6	P61236
Q96QA6	Q9C777
Q96QA6	P62700
Q96QA6	P62699
Q96QA6	O60688
Q96QA6	P38191
Q96QA6	A0A1D8PLT8
Q96QA6	Q9LY56
Q97U29	Q97U29
Q99J19	Q99J19
Q9BS91	Q9BS91
Q9BS91	Q921R7
Q9CPY1	Q9CPY1
Q9CPY1	Q4U2R6
Q9CPY1	Q9VLJ9
Q9CQ86	Q9CQ86
Q9CQ86	Q9BRT3
Q9CX25	Q9CX25
Q6UW68	Q6UW68
Q7Z2R9	Q7Z2R9
Q80YT7	Q80YT7
Q80YT7	Q5TAG4
Q80YT7	Q96M43
Q80YT7	A0A087WUL8
Q80YT7	Q8N660
Q80YT7	P54623
Q80YT7	Q5VWK0
Q80YT7	Q9H094
Q80YT7	P0C2Y1
Q80YT7	Q96SN8
Q80YT7	Q8K389
Q80YT7	Q9WUJ3
Q80YT7	Q86T75
Q8BGD6	Q8BGD6
Q8BGD6	Q8NBW4
Q8BGD6	Q19425
Q8BI71	Q8BI71
Q8BI71	Q86VI1
Q8BP40	Q8BP40
Q8BP40	Q9NPH0
Q8BUE7	Q8BUE7
Q8BUE7	Q8N307
Q8C5P7	Q8C5P7
Q8C5P7	Q498E2
Q8C5P7	Q86YL5
Q8CGS5	Q8CGS5
Q8CGS5	Q80Y81
Q8CGS5	F4J1H7
Q8CGS5	Q9BQ52
Q8IIG7	Q8IIG7
Q8IYA6	Q8IYA6
Q8IYA6	Q3V1H1
Q8IYA6	Q8WWK9
Q8IYA6	Q7TS74
Q8MSS1	Q8MSS1
Q8N4B4	Q8N4B4
Q8NBQ7	Q8NBQ7
Q8R080	Q8R080
Q8R1B5	Q8R1B5
Q8TAL6	Q8TAL6
Q8TAL6	Q9CQS3
Q8TGN9	Q8TGN9
Q8WUX2	Q8WUX2
Q8WUX2	P32656
Q8WWF1	Q8WWF1
Q8WY41	Q8WY41
Q91W96	Q91W96
Q91W96	P34441
Q91W96	Q9UJX5
Q9CYV5	Q9CYV5
Q9CYV5	Q86UB9
Q9D0Z3	Q9D0Z3
Q9D0Z3	Q6P2H8
Q9D611	Q9D611
Q9D611	Q9BR26
Q9D8X1	Q9D8X1
Q9D8X1	Q9NTM9
Q9DAM7	Q9DAM7
Q9DAM7	Q8WUH6
Q9EQZ1	Q9EQZ1
Q9EQZ1	Q24523
Q9EQZ1	Q99576
Q9EQZ1	Q9Y3Q8
Q9EQZ1	O75157
Q9EQZ1	P62501
Q9EQZ1	Q9Z2S7
Q9EQZ1	Q3B8N7
Q9EQZ1	E9Q7M2
Q9EQZ1	Q9EQN3
Q9EQZ1	Q15714
Q9EQZ1	P62500
Q9EST3	Q9EST3
Q9EST3	Q8IH18
Q9EST3	Q9NRA8
Q9GZC8	Q9GZC8
Q9H269	Q9H269
Q9H269	Q920Q4
Q9H269	Q9UT38
Q9H269	Q9VHG1
Q9H269	Q93VQ0
Q9H7C9	Q9H7C9
Q9H7C9	Q8R0P4
Q9H8X2	Q9H8X2
Q9H9J2	Q9H9J2
Q9H9J2	Q9CY73
Q9HBL8	Q9HBL8
Q9HDV6	Q9HDV6
Q9HUF7	Q9HUF7
Q9NQA3	Q9NQA3
Q9NQA3	B2RYF7
Q9NQA3	O18195
Q9NQA3	Q7JW27
Q9NQA3	A8K0Z3
Q9NQA3	Q6VEQ5
Q9NQA3	A8MWX3
Q9NQA3	Q8VDD8
Q9NQA3	C4AMC7
Q9Y738	Q9Y738
Q9Y738	P39731
Q9Y803	Q9Y803
Q9Y803	Q8IQ13
Q9Y803	Q3THJ3
Q9Y803	Q5RKI6
Q9Y803	Q8N9N8
A1L1L2	A1L1L2
A1L1L2	Q8BM55
A2RU48	A2RU48
A6PVL3	A6PVL3
A8IRJ7	A8IRJ7
A8MZ26	A8MZ26
C5DGU9	C5DGU9
C5DGU9	O43024
C5DGU9	P35732
C5DGU9	C5E4K0
C5E006	C5E006
C8KI33	C8KI33
D3YZZ2	D3YZZ2
F4J0A8	F4J0A8
F4J0A8	P13674
F4J0A8	F4JZ24
F4J0A8	Q7Z4N8
F4J0A8	Q9NXG6
F4J0A8	Q60715
F4J0A8	O15460
F4J0A8	Q60716
F4J8G7	F4J8G7
F4J8G7	A2AIV2
F4J8G7	Q69YN4
F4J8G7	Q9W1R5
F4JSE7	F4JSE7
F4KDA6	F4KDA6
G5EGU9	G5EGU9
O00258	O00258
O13681	O13681
O14222	O14222
P53249	P53249
P61365	P61365
P82795	P82795
P93292	P93292
P93292	P54205
P93292	P00874
P93292	P0C512
P93292	P0C511
P93292	Q44176
P93292	O03042
P93292	P11383
P93292	P56648
P93292	Q0P3J3
P93292	B3TN59
Q02983	Q02983
Q04613	Q04613
Q08C75	Q08C75
Q08C75	Q16572
Q08C75	P54219
Q08C75	Q8BRU6
Q08C75	Q05940
Q08C75	O74852
Q08C75	Q01827
Q08C75	Q62666
Q08C75	O35304
Q10067	Q10067
Q10195	Q10195
Q12045	Q12045
Q1HCM0	Q1HCM0
Q1HCM0	Q8TAT2
Q1T7F1	Q1T7F1
Q1ZYL8	Q1ZYL8
Q29PZ2	Q29PZ2
Q29PZ2	Q9C593
Q29PZ2	Q9SV19
Q29PZ2	Q9LVB9
Q29PZ2	Q945P6
Q2QNU0	Q2QNU0
Q2QNU0	F4K0C4
Q3KP22	Q3KP22
Q3KP22	Q9D992
Q3KP22	Q9D992
Q3USW5	Q3USW5
Q3USW5	Q8IWF2
Q4V3C1	Q4V3C1
P03086	P03086
P13352	P13352
P13352	A2Y7D9
P13352	Q0DG05
P68619	P68619
Q6I7B9	Q6I7B9
Q93V47	Q93V47
Q93ZH0	Q93ZH0
Q94A79	Q94A79
Q94A79	F4KFS5
Q94AT3	Q94AT3
Q94F30	Q94F30
Q94F30	Q96LD8
Q94F30	Q9P0U3
Q94F30	Q09353
Q94F30	Q9HC62
Q94F30	Q91ZX6
Q94F30	Q9EQE1
Q94F30	Q9H4L4
Q94F30	O42957
Q94F30	Q6NXL6
Q94F30	P59110
Q94F30	Q9EP97
Q94F30	Q8BUH8
Q94F30	Q02724
Q94F30	O13769
Q94F30	Q8L7S0
Q94F30	O13612
Q94F30	Q96HI0
Q94F30	Q23238
Q94F30	Q6P7W0
Q94F30	D3ZF42
Q94F30	O42980
Q94F30	Q9GZR1
Q94F30	Q0WKV8
Q95Q34	Q95Q34
Q95Q34	O30245
Q95Q34	Q9P7W5
Q95Q34	Q9CQS5
Q95Q34	Q9BVS4
Q95Q34	P40160
Q96AQ9	Q96AQ9
Q96AQ9	Q568Z1
Q96AQ9	Q3TY60
Q96AQ9	Q86XD5
Q96L11	Q96L11
Q96WV6	Q96WV6
Q99935	Q99935
Q9C106	Q9C106
Q9CWR1	Q9CWR1
Q9CWR1	Q6P4I2
Q9CZW2	Q9CZW2
Q9CZW2	Q96H22
Q9CZW2	Q5U2W4
Q9D668	Q9D668
Q9D668	O45782
Q9D668	A0A0B4J1F4
Q9D668	Q09729
Q9D668	P43602
Q9D668	Q02805
Q9D668	Q9H3M7
Q9D668	B8N4G0
Q9D668	Q96B67
Q9D668	Q8TBH0
Q9D668	Q09889
Q9D668	Q99KN1
Q9D668	Q8BG60
Q9D668	Q8N5I2
Q9D668	Q8NCT1
Q9D668	B0BNL6
Q9D8I1	Q9D8I1
Q9DAE3	Q9DAE3
Q9ESY9	Q9ESY9
Q9ESY9	P13284
Q9FN15	Q9FN15
Q9FNI1	Q9FNI1
Q9FVE0	Q9FVE0
Q9FVE0	Q9LY91
Q9GZZ7	Q9GZZ7
Q9GZZ7	O00451
Q9GZZ7	O60609
Q9HDV3	Q9HDV3
Q9ZVD2	Q9ZVD2
W5XKT8	W5XKT8
A0A0H2ZNG3	A0A0H2ZNG3
A0A143ZXM2	A0A143ZXM2
A0AUZ9	A0AUZ9
A0AUZ9	Q80TG1
A0AUZ9	Q7Z3B3
A0AUZ9	Q5DTI6
A1KPR8	A1KPR8
A1KPR8	P69834
A2AJB2	A2AJB2
A9D2P7	A9D2P7
B1Q236	B1Q236
B2CW77	B2CW77
B4F779	B4F779
B4F779	Q8K3G9
B4F779	Q8K3H0
B4F779	Q9UKG1
E9Q137	E9Q137
E9Q137	Q9Y6I9
E9QAT4	E9QAT4
E9QAT4	Q96JE7
E9QAT4	O15027
E9QAT4	A5DH19
E9QAT4	P48415
E9QAT4	Q91XT4
E9QAT4	O14029
E9QAT4	A3LZ57
E9QAT4	Q9FGK8
E9QAT4	Q9FGK9
E9QAT4	Q9HEC9
G3UYX5	G3UYX5
G3UYX5	Q8NE09
G5ED05	G5ED05
O05442	O05442
O08784	O08784
O08784	Q13428
O13547	O13547
O13743	O13743
O13855	O13855
O13855	Q15650
O13855	Q9QXN3
P02783	P02783
P02783	P18419
P0A7C7	P0A7C7
P0A7C7	P0A7C6
P0ADR7	P0ADR7
P0ADR7	Q83JW6
P0AFA3	P0AFA3
P0C018	P0C018
P0C018	P0C020
P0C018	P0C021
P0C018	Q5HDX4
P0C018	Q9SX68
P0C018	P9WHD1
P0C018	P46899
P0C018	P73305
P12464	P12464
P15975	P15975
P15975	Q70EK8
P15975	Q70EL1
P15975	Q6IE24
P15975	Q8BL06
P16568	P16568
P16568	Q8TD16
P16568	Q921C5
P16568	V6CJ04
P16568	Q96G01
P16568	Q8BR07
O88441	O88441
O88441	O75431
O94399	O94399
O94687	O94687
O94919	O94919
O95433	O95433
O95433	Q8BK64
O95433	Q12449
O95433	Q9P782
O95433	Q719I0
O95433	Q8N9S3
O95848	O95848
P01236	P01236
P01236	P24800
P01236	Q9CQ58
P01236	Q9JII2
P01236	Q8CJ42
P01236	P01237
P01236	P01239
P01236	O35256
P01236	Q9CRB5
P01236	Q9JHK0
P01236	P06879
P01236	Q9DAS4
P01236	O54831
P01236	Q9DAY2
P01236	Q9DAZ2
P04279	P04279
P04279	Q02383
P05231	P05231
P07261	P07261
P09739	P09739
P09739	O88346
P09739	P13805
P09739	Q7TNB2
P09739	Q9QZ47
P09739	Q75NG9
P09739	P45378
P09739	P45379
P09739	P50752
P09739	P09741
P09739	P50753
P09739	P02641
P09739	Q75ZZ6
P09739	P13789
P09739	Q8MKI3
P09739	P19351
P09937	P09937
P0A4S0	P0A4S0
P0A7T3	P0A7T3
P0A7T3	P0A7T5
P0A7T3	P0A7T6
P0A7T3	P21474
P0A7T3	P9WH53
P0A7T3	A1KMQ3
P0A7T3	O65686
P0A7T3	O69879
P0A7T3	Q9Y3D3
P0A7T3	A0QV37
P0A7T3	A4FMF1
P0A949	P0A949
P0AAT9	P0AAT9
P0ACP3	P0ACP3
P0AFE3	P0AFE3
P0C039	P0C039
P0C039	P0C037
P32565	P32565
P32565	O74762
P32565	Q9MAT0
P32565	Q99460
P32565	Q9V3P6
P32565	Q18115
P32565	O48844
P32565	Q3TXS7
P32565	O88761
P32787	P32787
P32787	O14354
P32914	P32914
P32914	Q9Z199
P32914	P63271
P32914	P63272
P34325	P34325
P36146	P36146
P36146	A2BE28
P38308	P38308
P38809	P38809
P38809	Q05518
P38809	Q9UU83
P38928	P38928
P39410	P39410
P40061	P40061
P40468	P40468
P40566	P40566
P40794	P40794
P40965	P40965
P40965	Q99MT2
P40965	O15457
P43570	P43570
P45913	P45913
P47101	P47101
P47160	P47160
P47160	Q91W69
P47160	Q4V882
P47160	P78813
P47160	Q05785
P47160	Q93YP4
P47160	Q99KN9
P47160	Q67YI9
P47160	Q8CHU3
P47160	Q9H201
P47160	Q9Z1Z3
P47160	Q07872
P47160	Q8IYW4
P47160	Q12518
P47160	Q14677
P47160	O88339
P47160	Q80VP1
P47831	P47831
P47831	P46776
P47831	P48160
P47831	P02406
P47831	P57728
P47831	Q9LR33
P47831	A0A1D8PSC5
P47831	P36585
P47831	P49637
P47831	P18445
P47831	P14115
Q12502	Q12502
Q12748	Q12748
Q13421	Q13421
Q13790	Q13790
Q14BA6	Q14BA6
Q14BA6	Q5VYS4
Q15370	Q15370
Q15370	P62870
Q15370	P62869
Q17902	Q17902
Q18264	Q18264
Q20898	Q20898
Q21339	Q21339
Q21339	Q13183
Q21339	Q9UKG4
Q21339	Q9BZW2
Q21339	Q86YT5
Q21339	Q93655
Q21339	Q9VVT2
Q21339	Q9ES88
Q24050	Q24050
Q24050	Q99L85
Q3B8N5	Q3B8N5
Q3B8N5	Q92786
Q3B8N5	P48437
Q3B8N5	P34522
Q3E824	Q3E824
Q3K7B6	Q3K7B6
Q3K7B6	P62622
Q3K7B6	F4K0E8
Q3K7B6	A1KML3
Q3K7B6	P9WKG3
Q3V0B4	Q3V0B4
Q3V0B4	Q6ZU64
Q3V3N7	Q3V3N7
Q3V3N7	Q8NFJ9
Q45478	Q45478
Q45478	P42408
Q4G0S7	Q4G0S7
Q4JAZ9	Q4JAZ9
Q4JAZ9	P49166
Q4JAZ9	P05733
Q4JAZ9	P59289
Q4JAZ9	Q9VXX8
Q4JAZ9	P51402
Q4JAZ9	P61927
Q4JAZ9	P61928
Q4JAZ9	Q9D823
Q4JAZ9	Q9W1U6
Q4KM37	Q4KM37
Q4KM37	Q99NF3
Q4KM37	Q9BYV8
Q6P1K8	Q6P1K8
Q6P1K8	Q13888
Q6P1K8	O74995
Q6P1K8	Q9JIB4
Q6P1K8	A0JN27
Q6P1K8	Q04673
Q6P2S7	Q6P2S7
Q6P2S7	Q692V3
Q6P9N1	Q6P9N1
Q6P9N1	Q8C729
Q6P9N1	Q8IXS8
Q6ZVK1	Q6ZVK1
Q70YC5	Q70YC5
Q70YC5	Q5PQS2
Q70YC5	Q6NS60
Q70YC5	Q8BG89
Q70YC5	Q8TF61
Q75T13	Q75T13
Q75T13	Q3UUQ7
Q75T13	P43571
Q76JQ2	Q76JQ2
Q76JQ2	Q8NFG4
Q76JQ2	Q8QZS3
Q78IK2	Q78IK2
Q78IK2	Q96IX5
Q78IK2	Q9JJW3
Q7L0X2	Q7L0X2
Q7L0X2	Q8CDN1
Q7L0X2	Q5XI56
Q7L0X2	Q8ND61
Q7L0X2	D3Z6S9
Q7L0X2	Q5W0A0
Q7Z3Z2	Q7Z3Z2
Q83KK3	Q83KK3
Q83KK3	Q9BSH4
Q83KK3	O31509
Q83KK3	P67176
Q83KK3	P0A8A0
Q83KK3	Q8RAR7
Q83KK3	Q8K0Z7
Q86TU7	Q86TU7
Q86TU7	G3V6U9
Q86TU7	Q91WC0
Q86V21	Q86V21
Q86V21	Q21166
Q86V21	Q9D2R0
Q86V21	Q9JMI1
Q86X59	Q86X59
Q8BHN9	Q8BHN9
Q8BHN9	Q96F83
Q8BHN9	Q80WT5
Q8BHN9	Q80WT5
Q8X5C4	Q8X5C4
Q8Y680	Q8Y680
Q8Y680	Q4V399
Q8Y680	O34530
Q8Y9N9	Q8Y9N9
Q8Y9N9	O34687
Q8Y9N9	P0A7N4
Q8Y9N9	P0A7N5
Q8Y9N9	P0A7N8
Q8Y9N9	B0VTY5
Q8Y9N9	Q3JYL5
Q8Y9N9	A4FMJ9
Q92733	Q92733
Q92LK7	Q92LK7
Q92LK7	Q91VR2
Q92LK7	A1KI97
Q92LK7	Q01908
Q92LK7	P0ABA8
Q92LK7	P49377
Q92LK7	P36542
Q92LK7	Q9CER9
Q92LK7	P38077
Q92LK7	P35435
Q92LK7	Q9Z688
Q92LK7	Q01909
Q92LK7	Q8PGG6
Q92LK7	Q96250
Q94KE2	Q94KE2
Q96A09	Q96A09
Q96A09	B0BNK8
Q96AE7	Q96AE7
Q96AE7	E9PVB5
Q96BW5	Q96BW5
Q96BW5	Q60866
Q96WU9	Q96WU9
Q97U12	Q97U12
Q97ZF0	Q97ZF0
Q97ZF0	Q9C5V6
Q99LM9	Q99LM9
Q99LM9	Q96BN2
Q99MX7	Q99MX7
Q99MX7	Q9BXQ6
Q9LF97	Q9LF97
Q9LF97	Q9SJQ5
Q9LF97	O13965
Q9LF97	P0DH79
Q9LF97	Q0WLC7
Q9LF97	Q9FMV3
Q9N3F0	Q9N3F0
Q9N3F0	Q9H7B2
Q9N3F0	Q9UUG1
Q9N3F0	Q9VEB3
Q9N3F0	Q9JJ80
Q9N3F0	Q9LUG5
Q9N3F0	P36160
Q9NP62	Q9NP62
Q9NP62	P70348
Q9NP62	Q27403
Q9NP62	O09102
Q9NP62	O75603
Q9NUC0	Q9NUC0
Q9NWW7	Q9NWW7
Q9NXW9	Q9NXW9
Q9NYW3	Q9NYW3
Q9NYW3	Q7M718
Q9NYW3	Q7M723
Q9NYW3	Q7TQA9
Q9NYW3	Q9NYW1
Q9NYW3	Q9NYW5
Q9NYW3	Q9NYW7
Q9NYW3	P59532
Q9NYW3	P59533
Q9NYW3	P59534
Q9NYW3	P59542
Q9NYW3	Q9NYV7
Q9NYW3	P59535
Q9NYW3	Q9NYV8
Q9NYW3	P59536
Q9NYW3	Q9NYV9
Q9NYW3	P59537
Q9NYW3	Q9JKA3
Q9NYW3	Q9NYW0
Q9NYW3	P59538
Q9NYW3	Q9NYW2
Q9NYW3	P59540
Q9NYW3	P59541
Q9NYW3	Q9NYW6
Q9NYW3	P59544
Q9NYW3	P59551
Q9NYW3	Q9JKT2
Q9NYW3	Q9JKT3
Q9P2K1	Q9P2K1
Q9P2K1	Q8CFW7
Q9P7J2	Q9P7J2
Q9R1X4	Q9R1X4
Q9R1X4	Q9Z2Y1
Q9SUG7	Q9SUG7
Q9UG01	Q9UG01
Q9UG01	Q9JKU3
Q9UI30	Q9UI30
Q9UI30	P53738
Q9UI30	Q09723
Q9UKK6	Q9UKK6
Q9UKK6	Q9NPJ8
Q9UKK6	Q9QZV9
Q9ULZ2	Q9ULZ2
Q9ULZ2	Q9UGK3
Q9ULZ2	Q8R0L1
Q9ULZ2	Q9JM90
Q9UNN8	Q9UNN8
Q9UUI8	Q9UUI8
Q9UXA8	Q9UXA8
Q9UXA8	P14126
Q9UXA8	P17094
Q9UXA8	P39023
Q9UXA8	Q59LS1
Q9UXA8	Q92901
Q9UXA8	P9WH87
Q9UXA8	O16797
Q9UXA8	P60440
Q9UXA8	P60438
Q9UXA8	B0R656
Q9UXA8	P09001
Q9UXA8	P49404
Q9UXA8	P42920
Q9UXA8	P31334
Q9UXA8	E9PWZ3
Q9UXA8	P27659
Q9UXA8	P21531
Q9UXA8	P36584
Q9UXA8	P40372
Q9UXA8	P59671
Q9UXA8	Q9SKX4
Q9UXA8	Q04MN6
Q9UXA8	P22738
Q9UXA8	P35684
Q9UXA8	P50880
Q9VCP1	Q9VCP1
Q9VM60	Q9VM60
Q9VM60	B1H268
Q9VM60	Q9BTE3
Q9VM60	Q8R3C0
Q9VWI4	Q9VWI4
P38185	P38185
P38288	P38288
P39177	P39177
P39177	P37903
P39177	P0A4P8
P39705	P39705
P39705	O74500
P39781	P39781
P40049	P40049
P40091	P40091
P40458	P40458
P41073	P41073
P41913	P41913
P43351	P43351
P43351	P06778
P43351	P43352
P43351	P36592
P43351	P41768
P43557	P43557
P43606	P43606
P43891	P43891
P43891	A0A1D8PMB8
P43891	P31116
P43891	O23653
P43891	P00562
P43891	P74457
P43891	P61488
P43891	Q9LSA9
P43891	O31749
P43891	O94671
P43891	P49079
P43891	P49080
P43891	Q9S702
P43891	O60163
P43891	P9WPX3
P43891	O81852
P43891	Q9LYU8
P43891	P10869
P43891	Q9SA18
P43891	P9WHK5
P46664	P46664
P46664	Q6NSN5
P46664	A2XD35
P46664	A4Z6H0
P46664	A4Z6H1
P46664	Q9Y0Y2
P46664	Q10R17
P46664	P0A7D4
P46664	A5PJR4
P46664	O24396
P46664	P29726
P46664	P0CH96
P46664	Q96529
P46664	P80210
P46664	A9SCV9
P46664	P21900
P46664	P73290
P46664	Q8N142
P46664	O24578
P46664	P91134
P46664	Q04N48
P46664	P30520
P46664	P28650
P46664	Q02787
P47140	P47140
P47818	P47818
P49006	P49006
P49006	P16527
P49006	P30009
P49006	P28667
P49006	P26645
P49006	P12624
P49006	Q9EPH2
P49006	P29966
P49960	P49960
P50637	P50637
P50637	P30536
P52891	P52891
P53095	P53095
P53148	P53148
P53209	P53209
P53267	P53267
P53833	P53833
P53935	P53935
P53935	Q5A2K0
P53935	Q09863
P53935	A3LYI0
P53935	A5DLJ8
P53935	A7TR75
P53935	A4R2R1
Q02819	Q02819
Q02819	P80303
Q02819	P39931
Q02819	Q63083
Q02819	Q02818
Q02819	Q9JI85
Q02819	Q0P569
Q02819	P81117
Q02969	Q02969
Q03085	Q03085
Q03205	Q03205
Q03337	Q03337
Q03465	Q03465
Q03465	Q9Y815
Q03613	Q03613
Q03860	Q03860
Q04213	Q04213
Q04600	Q04600
Q04949	Q04949
Q04KU8	Q04KU8
Q07362	Q07362
Q07541	Q07541
Q08471	Q08471
Q09745	Q09745
Q09745	O14082
Q09MP3	Q09MP3
Q10573	Q10573
Q11082	Q11082
Q12324	Q12324
Q12324	Q5A2J7
Q12383	Q12383
Q14197	Q14197
Q15126	Q15126
Q15126	Q9D1G2
Q19131	Q19131
Q20757	Q20757
Q21930	Q21930
Q21930	O82204
Q21930	P46779
Q21930	P17702
Q21930	Q9VZS5
Q21930	P41105
Q21930	O14069
Q30KP6	Q30KP6
Q30KP6	Q30KQ8
Q30KP6	Q30KQ9
Q3B7T1	Q3B7T1
Q3B7T1	Q6GQV7
Q3TYG6	Q3TYG6
Q3TYG6	Q6ZUX3
Q3TYG6	Q9Y4F4
Q3TYG6	Q6A070
Q4J8G7	Q4J8G7
Q4JAP5	Q4JAP5
Q4JAP5	P62241
Q4JAP5	P62242
Q4JAP5	P62243
Q4JAP5	Q59T44
Q4JAP5	Q93VG5
Q4JAP5	P0CX40
Q4JAP5	P0CX39
Q4JAP5	Q08069
Q4JAP5	B0R639
Q4JAP5	Q9FIF3
Q4JAP5	O14049
Q4JAP5	Q9P7B2
Q4JAP5	P49199
Q4JAP5	P48156
Q53H54	Q53H54
Q5DTW7	Q5DTW7
Q5DTW7	Q9HCM1
Q5HJR8	Q5HJR8
Q5NBU8	Q5NBU8
Q5NBU8	O14545
Q5NBU8	Q3UDK1
Q5NBU8	Q6GPH4
Q5NBU8	Q99MM4
Q5T0Z8	Q5T0Z8
Q5T0Z8	Q91Z58
Q7RTX7	Q7RTX7
Q7TSH4	Q7TSH4
Q7TSH4	O43303
Q7Z4H9	Q7Z4H9
Q7Z4H9	B1ANY3
Q83PE8	Q83PE8
Q83PE8	P13024
Q83RC0	Q83RC0
Q83RC0	Q920P6
Q83RC0	P00813
Q83RC0	P03958
Q86TJ2	Q86TJ2
Q8BGS0	Q8BGS0
Q8BGS0	Q9BXY0
Q8BGS0	P10962
Q8BGS0	Q9UTE6
Q8BHL4	Q8BHL4
Q8BHL4	Q923Z0
Q8BHL4	Q8NFJ5
Q8BHL4	Q8K3J9
Q8BHL4	Q9NZH0
Q8BHL4	Q3KRC4
Q8BP56	Q8BP56
Q8BP56	Q32M88
Q8BQM4	Q8BQM4
Q8BQM4	Q7Z4Q2
Q8C0L8	Q8C0L8
Q8C0L8	Q9C9V9
Q8C963	Q8C963
Q8CBC4	Q8CBC4
Q8CBC4	Q6PJW8
Q8GP19	Q8GP19
Q8IYN6	Q8IYN6
Q93W28	Q93W28
Q96AA3	Q96AA3
Q96EI5	Q96EI5
Q96EI5	Q9BRU2
Q96EI5	Q9H3H9
Q96EI5	Q9CZY2
Q96EI5	Q5H9L2
Q96EI5	Q8CCT4
Q96EI5	Q8R0A5
Q96EI5	Q969E4
Q96EI5	Q921P9
Q96EI5	Q6IPX3
Q96EI5	Q9UHQ7
Q96EI5	Q9DD24
Q96EZ8	Q96EZ8
Q96L08	Q96L08
Q96LP6	Q96LP6
Q96M66	Q96M66
Q96NY7	Q96NY7
Q96NY7	Q811Q2
Q96NY7	O15247
Q96NY7	Q9NZA1
Q96NY7	Q6MG61
Q96NY7	Q9Z1Q5
Q96NY7	Q9FRL8
Q96NY7	Q9Z0W7
Q96NY7	Q9QYB1
Q96NY7	O95833
Q96NY7	O00299
Q96NY7	Q8BHB9
Q96NY7	Q9VY78
Q96NY7	Q9Y696
Q96PZ0	Q96PZ0
Q96PZ0	Q08647
Q96PZ0	Q9H0K6
Q96PZ0	O74343
Q96PZ0	Q8CE46
Q96PZ0	Q9VSK9
Q97I46	Q97I46
Q97I46	P0C469
Q97I46	P72866
Q97I46	Q92C24
Q97I46	P21771
Q97I46	P21473
Q97YD4	Q97YD4
Q99807	Q99807
Q99807	P41735
Q9BUA3	Q9BUA3
Q9BUA3	Q05AH6
Q9BUA3	C9JLR9
Q9BY12	Q9BY12
Q9CEH0	Q9CEH0
Q9CQQ7	Q9CQQ7
Q9CQQ7	P19511
Q9CQQ7	P24539
Q9CR22	Q9CR22
Q9CRB3	Q9CRB3
Q9CRB3	P02766
Q9CRB3	P02767
Q9CRB3	P07309
Q9CRB3	Q9LVM5
Q9D110	Q9D110
Q9D110	P49914
Q9D8B6	Q9D8B6
Q9D8B6	Q96ND0
Q9D8B6	Q96KR6
Q9SXC4	Q9SXC4
Q9SXC4	P58158
Q9SXC4	Q09363
Q9SXC4	O94766
Q9SXC4	Q9ZQC6
Q9SXC4	Q9P2W7
Q9SXC4	O35789
Q9SXC4	Q9NPZ5
Q9SXC4	P59270
Q9SXC4	Q9VLA1
Q9U2D9	Q9U2D9
Q9U2D9	P54840
Q9U2D9	Q9VFC8
Q9U2D9	P13834
Q9U2D9	O93869
Q9U2D9	A7MB78
Q9U2D9	P23337
Q9U2D9	Q8VCB3
Q9U2D9	P27472
Q9U2D9	P17625
Q9U2D9	Q9Z1E4
Q9U2D9	A2RRU1
Q9UGP5	Q9UGP5
Q9UGP5	P04053
Q9UGP5	Q9NP87
Q9UGP5	P09838
Q9UGP5	Q9QXE2
Q9UGP5	P06766
Q9UGP5	Q9FNY4
Q9UGP5	Q09693
Q9UGP5	P06746
Q9UGP5	Q9JIW4
Q9UL49	Q9UL49
Q9UX78	Q9UX78
Q9V818	Q9V818
Q9VIP8	Q9VIP8
Q9VKK1	Q9VKK1
Q9VPW1	Q9VPW1
Q9VTL1	Q9VTL1
Q9VTL1	Q5JVF3
Q9VXN0	Q9VXN0
Q9VXN0	Q4AE62
Q9W138	Q9W138
Q9W138	Q8BXK4
Q9W138	Q1RMZ1
Q9Y316	Q9Y316
Q9Y316	Q91VH6
Q9Y316	Q4QQR9
Q9Y316	P47085
Q9ZWA9	Q9ZWA9
Q9ZWA9	Q02897
Q9ZWA9	P14323
Q9ZWA9	Q96318
Q9ZWA9	P04405
Q9ZWA9	P04405
Q9ZWA9	P15455
Q9ZWA9	P11828
Q9ZWA9	P15456
Q9ZWA9	P04776
Q9ZWA9	P07728
O80568	O80568
O81641	O81641
O81641	Q9SWX9
O81641	O04373
O81641	P54969
O94439	O94439
O94606	O94606
P03886	P03886
P05151	P05151
P05151	P0C389
P05151	P56771
Q9M219	Q9M219
Q9MAU5	Q9MAU5
Q9NWW9	Q9NWW9
Q9NWW9	Q9UL19
Q9NWW9	Q9QZU4
Q9NWW9	Q9HDD0
Q9NWW9	P53816
Q9NWW9	Q8R3U1
Q9NWW9	Q9D650
Q9NWW9	Q96KN1
Q9NWW9	Q96KN4
Q9NWW9	Q9CPX5
Q9P3V0	Q9P3V0
Q9P3V0	O74420
Q9P3V0	O94409
Q9P3V0	O74486
Q9P6R3	Q9P6R3
Q9SAK2	Q9SAK2
Q9SAK2	Q38802
Q9SGQ6	Q9SGQ6
Q9SKT0	Q9SKT0
Q9SRQ3	Q9SRQ3
Q9SRQ3	Q8VCI5
Q9SRQ3	Q94EI3
Q9SRQ3	Q9QYU1
Q9SRQ3	P40855
Q9US08	Q9US08
Q9USQ1	Q9USQ1
Q9XI93	Q9XI93
Q9XI93	Q9ZQ80
Q9Y703	Q9Y703
Q9Y7Z7	Q9Y7Z7
Q9ZUX4	Q9ZUX4
O34445	O34445
O35783	O35783
O35783	Q15293
O35783	O35887
O35783	Q62703
O35783	Q96D15
O35783	O43852
O35783	Q8BP92
O35783	Q05186
O42668	O42668
O42668	P89105
O43059	O43059
O74535	O74535
O75575	O75575
O75575	P47076
O75575	O35427
O75711	O75711
O94519	O94519
O94915	O94915
O94915	Q9VT28
O94915	Q5TBA9
O94915	E9Q8I9
O95561	O95561
O95980	O95980
P00509	P00509
P00509	P46645
P00509	P46644
P00509	P17174
P00509	P05201
P00509	P05202
P00509	P46248
P00509	O42652
P00509	P00505
P00509	P00507
P00509	P37833
P00509	Q01802
P00509	P23542
P00509	P13221
P00509	P00503
P00509	P00506
P00509	P33097
P00689	P00689
P00689	P19961
P00689	P00687
P00689	P00688
P00689	P0DTE7
P00689	P0DTE8
P00689	P0DUB6
P00689	P04746
P03255	P03255
P04156	P04156
P04156	P04925
P04156	P13852
P05531	P05531
P05531	P70281
P05531	Q63520
P0A7F8	P0A7F8
P0A8J7	P0A8J7
P0A8J7	P0A8J4
P0A920	P0A920
P0A920	P0A917
P0A9J6	P0A9J6
P0A9J6	P40386
P0A9J6	Q06490
P0A9J6	O01824
P0A9J6	O46560
P0A9J6	O00764
P0A9J6	P9WG75
P0A9J6	P9WG74
P0A9J6	Q9USL6
P0A9J6	Q9LIQ4
P0A9J6	Q9SX54
P0A9J6	O82616
P0A9J6	Q9H477
P0A9J6	P23060
P0A9J6	P72965
P0A9J6	Q9SID0
P0A9J6	Q9M1B9
P0A9J6	P53727
P0A9J6	Q08975
P0A9J6	O94266
P0A9J6	Q9M394
P0A9J6	Q93Z01
P0A9J6	P39610
P0A9J6	P25332
P0A9J6	Q2QWK9
P0A9J6	Q08224
P0A9J6	Q9LNE3
P0A9J6	O35331
P0A9J6	Q9LNE4
P0A9J6	P36945
P0A9J6	Q8K183
P0A9J6	P41835
P0A9J6	Q9FLH8
P0A9J6	Q8R1Q9
P0AAS1	P0AAS1
P0ACL8	P0ACL8
P0ACL8	P0A8V6
P0ACL8	O31761
P0ADW5	P0ADW5
P0ADW5	P0ADW3
P0CG12	P0CG12
P0CG12	B2RYL1
P0CG12	P0CG14
P0CV86	P0CV86
P10124	P10124
P12787	P12787
P12787	P20674
P12787	P00427
P12945	P12945
P12945	Q9BXJ9
P12945	Q9DBB4
P12945	Q6N069
P12945	Q80UM3
P13981	P13981
P14724	P14724
P16965	P16965
P16965	Q06177
P17257	P17257
P17257	Q96KS9
P17257	Q9BTA0
P17257	Q6P1G6
P20438	P20438
P20438	P20437
P20668	P20668
Q04746	Q04746
Q04867	Q04867
Q04980	Q04980
Q04980	Q06738
Q05131	Q05131
Q06148	Q06148
Q06245	Q06245
Q06675	Q06675
Q06821	Q06821
Q07418	Q07418
Q07967	Q07967
Q08202	Q08202
Q08490	Q08490
Q08969	Q08969
Q09459	Q09459
Q09668	Q09668
Q09668	P47198
Q09668	P35268
Q09668	Q9D7S7
Q09668	Q6P5R6
Q09668	Q9M9W1
Q09668	P05749
Q09668	Q9FE58
Q09668	P67984
Q09668	P67985
Q09668	P52819
Q09668	A0A1D8PM41
Q09668	P50887
Q09668	P56628
Q09871	Q09871
Q10109	Q10109
Q10412	Q10412
Q10589	Q10589
Q12044	Q12044
Q12104	Q12104
Q12500	Q12500
Q12743	Q12743
Q13503	Q13503
Q13503	Q9CQ39
Q13956	Q13956
Q13956	P61249
Q13956	P18545
Q13956	P09174
Q14146	Q14146
Q15051	Q15051
Q15051	Q8BP00
Q16739	Q16739
Q19970	Q19970
Q24337	Q24337
Q24337	G2TRN4
Q24337	P84090
Q24337	P84089
Q2NL67	Q2NL67
Q2NL67	Q8N3A8
Q3E7Z9	Q3E7Z9
Q3TUL7	Q3TUL7
Q3TUL7	Q5H9S7
Q3U5Q7	Q3U5Q7
Q3U5Q7	Q5EBM0
Q3UHB8	Q3UHB8
Q3UHB8	Q9NQR7
Q45069	Q45069
Q4J9H1	Q4J9H1
Q4J9H1	Q97Z43
Q4JAZ7	Q4JAZ7
Q4JAZ7	O23255
Q4JAZ7	P50250
Q4JAZ7	A1KNQ0
Q4JAZ7	P9WGV2
Q4JAZ7	P9WGV3
Q4JAZ7	P10819
Q4JAZ7	O13639
Q4JAZ7	Q8PP84
Q4JAZ7	P10760
Q4JAZ7	P27604
Q4JAZ7	Q9VZX9
Q4JAZ7	O43865
Q4JAZ7	Q80SW1
Q4JAZ7	P39954
Q4JAZ7	P23526
Q4JAZ7	Q68FL4
Q4JAZ7	Q96HN2
Q4JAZ7	P50247
Q4JAZ7	Q9SWF5
Q4JAZ7	P83783
Q4JAZ7	B5DFN2
Q4JAZ7	Q9LK36
Q505I4	Q505I4
Q505I4	Q9CRC3
Q53AQ4	Q53AQ4
Q53AQ4	Q9JMG3
Q53AQ4	Q3V209
Q53AQ4	Q71RG4
Q53AQ4	Q9BVT8
Q53AQ4	Q4FZV7
Q53HI1	Q53HI1
Q53HI1	O55227
Q53HI1	P36125
Q53HI1	Q10045
Q53HI1	Q9VHN5
Q5DU05	Q5DU05
Q5DU05	Q9UPV0
Q5HFH5	Q5HFH5
Q5HFH5	P66503
Q5HFH5	P9WH41
Q5PRE5	Q5PRE5
Q5PRE5	Q86XN7
Q5R3K3	Q5R3K3
Q5R3K3	Q8N5C1
Q5R3K3	Q8C9E8
Q5R3K3	D3Z291
Q5R3K3	Q9HA72
Q5R3K3	Q8CE93
Q5U3K5	Q5U3K5
Q5UE93	Q5UE93
Q5UE93	Q3U6Q4
Q5VU57	Q5VU57
Q5VU57	Q8CDK2
Q5VU57	Q641K1
Q5VU57	Q09LZ8
Q5VU57	Q8CDP0
Q5VU57	Q5U5Z8
Q5VU57	O76373
Q5VWK5	Q5VWK5
Q08971	Q08971
Q08971	Q9BVG4
Q08971	Q9D0B6
Q09766	Q09766
Q09766	Q12252
Q09766	Q03516
Q09872	Q09872
Q10120	Q10120
Q10414	Q10414
Q10651	Q10651
Q10651	P14599
Q12107	Q12107
Q12156	Q12156
Q14512	Q14512
Q14512	O70514
Q14624	Q14624
Q14624	Q6UXX5
Q14624	Q29052
Q14624	Q14CN2
Q14624	Q86UX2
Q14624	Q7Z3S7
Q14624	A8K7I4
Q14624	Q61702
Q14624	Q61704
Q14624	O08532
Q14624	Q3UVV9
Q14624	Q9QX15
Q14624	Q6PHS9
Q14624	Q8CFG5
Q14624	Q9D7Z6
Q14624	P19823
Q14624	Q8IZS8
Q14624	P19827
Q14624	Q06033
Q14624	Q9Z1L5
Q14624	A6NCI4
Q14624	Q9TUB5
Q14624	Q9NY47
Q14624	Q9UQC9
Q14624	P54289
Q14624	P54290
Q14624	P79263
Q16514	Q16514
Q16514	Q940A7
Q16514	O13722
Q16514	Q8VE65
Q16514	Q03761
Q16514	Q9SR71
Q17886	Q17886
Q2KHR3	Q2KHR3
Q2M2Z5	Q2M2Z5
Q2M2Z5	Q3UXL4
Q2NL68	Q2NL68
Q2NL68	Q7TSA6
Q3E804	Q3E804
Q3TLD5	Q3TLD5
Q3TLD5	O94763
Q3TLD5	Q9W148
Q3TUU5	Q3TUU5
Q3TUU5	Q5JUR7
Q3U213	Q3U213
Q3U213	Q8NE28
Q3U213	Q96JX3
Q3UQA7	Q3UQA7
Q3UQA7	Q8IZQ5
Q3UQA7	Q9VYB0
Q3V0A6	Q3V0A6
Q3V0A6	A6NCI8
Q4G0P3	Q4G0P3
Q4G0P3	Q80W93
Q4J9L2	Q4J9L2
Q505I5	Q505I5
Q505I5	Q9CVI2
Q505I5	Q8N9E0
Q53HL2	Q53HL2
Q53HL2	Q6AXW0
Q53HL2	Q8BHX3
Q567V2	Q567V2
Q567V2	Q8VIK2
Q567V2	Q9NR77
Q567V2	Q07066
Q567V2	P42925
Q567V2	Q06563
Q567V2	Q99MS3
Q567V2	P39210
Q56VL3	Q56VL3
Q56VL3	Q9D8W7
Q56VL3	Q9NX40
Q56VL3	Q5XIG4
Q56VL3	Q9CRD0
Q59NP1	Q59NP1
Q59NP1	P49573
Q5A4M8	Q5A4M8
Q5A4M8	P40169
Q5A4M8	P54003
Q5A4M8	Q07651
Q5ANE3	Q5ANE3
Q5ANE3	P53279
Q5ANE3	Q12207
Q5ANE3	O74333
Q5EBL4	Q5EBL4
Q5EBL4	Q9JJC6
Q5EBL4	D3ZUQ0
Q5EBL4	Q969X0
Q5EBL4	O76878
Q5EBL4	Q96NA2
Q5EBL4	Q99LE1
Q5EBL4	Q5ND29
Q5FVJ3	Q5FVJ3
Q5FVJ3	Q9D4F2
Q5FVJ3	Q91WB2
Q5FVJ3	Q8NBV4
Q5FVJ3	Q8IY26
Q5FVJ3	Q66H88
Q5H9L4	Q5H9L4
Q5H9L4	Q9R1C0
Q5H9L4	Q9D3R9
Q5H9L4	Q15545
Q5H9L4	Q9VHY5
Q5H9L4	O13701
Q5H9L4	Q05021
Q5JUQ0	Q5JUQ0
Q5M7V7	Q5M7V7
Q5M7V7	Q9NYY8
Q5M7V7	Q922E6
Q5PRF0	Q5PRF0
Q5PRF0	P39526
Q5PRF0	Q8C547
Q5PRF0	Q9P2D3
Q5TC84	Q5TC84
Q5TC84	Q8VE52
Q5TC84	Q9QXY4
Q5TC84	Q99PG2
Q5TC84	Q9NZT2
Q5TC84	Q4KLH3
Q5TKA1	Q5TKA1
Q5TKA1	Q8C735
Q5TKA1	P30630
Q5XG99	Q5XG99
Q5XG99	Q99LE3
Q5XG99	Q5M836
Q5XG99	Q7Z3D4
Q5XII8	Q5XII8
Q5XII8	Q8R092
Q5XII8	Q9BWL3
Q60870	Q60870
Q60870	Q4QQW1
Q60870	Q9SYX7
Q60870	B2RZ37
Q60870	Q5XI60
Q60870	Q8K072
Q60870	Q99KK1
Q60870	Q9BRK0
Q60870	Q00765
Q60870	Q9JM62
Q60870	Q9JM62
Q60870	Q12402
Q60870	Q8BGH4
Q60870	Q8VCD6
Q60870	Q6NUK4
Q60870	Q10010
Q60870	Q9H6H4
Q61884	Q61884
Q83PV3	Q83PV3
Q83RU3	Q83RU3
Q86V20	Q86V20
Q86WC4	Q86WC4
Q86WC4	Q8BGT0
Q86XT2	Q86XT2
Q86XT2	Q810I0
Q86XT2	Q9H9H4
Q86XT2	Q8CHS8
Q86XT2	Q8R105
Q86XT2	Q8NEZ2
Q86XT2	A5D8V6
Q86XT2	Q8R0J7
Q8BMQ2	Q8BMQ2
Q8BMQ2	Q9UKN8
Q8BP97	Q8BP97
Q8BP97	Q9Y3P4
Q8BQR4	Q8BQR4
Q8BQR4	Q53TQ3
Q8BQR4	Q9H9L4
Q8BQR4	Q66JY2
Q8BQR4	Q6AY70
Q8BS90	Q8BS90
Q8BS90	Q5M864
Q8BVG8	Q8BVG8
Q8BVG8	Q8WUY8
Q8BYZ7	Q8BYZ7
Q8BYZ7	Q92556
Q8BYZ7	Q96JJ3
Q8BYZ7	Q8BHL5
Q8BYZ7	Q8BPU7
Q8BZW8	Q8BZW8
Q8BZW8	Q8NBF2
Q8C167	Q8C167
Q8C167	Q5HZA6
Q8C167	Q4J6C6
Q8GWZ6	Q8GWZ6
Q8GWZ6	Q9UH36
Q8GWZ6	Q9VEB5
Q8LPF1	Q8LPF1
Q8N4L1	Q8N4L1
Q8N4L1	Q6GQT5
Q8N4L1	Q68FE7
Q8N4L1	Q8IW70
Q8N715	Q8N715
Q8NEC7	Q8NEC7
Q8NEC7	Q5RL51
Q8NFQ5	Q8NFQ5
Q8NFQ5	A2BGH0
Q8NFQ5	P59827
Q99062	Q99062
Q99062	P40223
Q99611	Q99611
Q99611	P66794
Q99611	P59393
Q99611	O18373
Q99611	P97364
Q99611	Q7ZW38
Q99611	Q9VKY8
Q99611	A1YIZ1
Q99611	P49903
Q99611	Q8BH69
Q99835	Q99835
Q99835	P97698
Q99835	P91682
Q99835	P56726
Q9BQ48	Q9BQ48
Q9BQJ4	Q9BQJ4
Q9BQJ4	Q9JJG6
Q9BQJ4	Q96FX8
Q9BSR8	Q9BSR8
Q9BSR8	Q5M7T4
Q9BSR8	Q8C407
Q9BY43	Q9BY43
Q9BY43	Q9NZZ3
Q9BY43	Q9P7F7
Q9BY43	P39929
Q9BY43	O74422
Q9BY43	Q8T0Q4
Q9BY43	Q9D8B3
Q9BY43	Q9H444
Q9BY43	Q9D7S9
Q9BY43	Q4QQV8
Q9BY43	Q96CF2
Q9BY43	Q9VVI9
Q9BY43	P59074
Q9BY43	Q03390
Q9BY43	Q9D7F7
Q9BY43	Q9SZE4
Q9CPW7	Q9CPW7
Q9CPW7	Q96NC0
Q9CQH3	Q9CQH3
Q9CQH3	O43674
Q9D903	Q9D903
Q9D903	P36049
Q9D903	Q9V9Z9
Q9D903	O13802
Q9DB98	Q9DB98
Q9DB98	Q96BZ8
Q9DBX1	Q9DBX1
Q9DBX1	Q9Z2P4
Q9DBX1	Q9H4X1
Q9FKA5	Q9FKA5
Q9GZV4	Q9GZV4
Q9GZV4	P19211
Q9GZV4	Q9GU68
Q9GZV4	P63241
Q9GZV4	P63242
Q9GZV4	Q3T1J1
Q9GZV4	Q9C505
Q9GZV4	Q93VP3
Q9GZV4	P23301
Q9GZV4	P13651
Q9GZV4	P80639
Q9GZV4	Q6IS14
Q9GZV4	P56289
Q9GZV4	Q387H6
Q9GZV4	P87252
Q9GZV4	Q20751
Q9GZV4	P34563
Q9GZV4	Q9XI91
Q9H4A5	Q9H4A5
Q9H4A5	Q06385
Q9H4A5	Q9ERE4
Q9H4A5	Q9CRA5
Q9H4A5	Q8R088
Q9H4A5	Q9VQ93
Q9H4A5	Q9H4A6
Q9H4A5	O14205
Q9H6V9	Q9H6V9
Q9H875	Q9H875
Q9H875	P41880
Q9H875	Q9CWV6
Q5HI89	Q5HI89
Q5HI89	P39645
Q5HYC2	Q5HYC2
Q5JPI3	Q5JPI3
Q5JPI3	Q3TTL0
Q5RHP9	Q5RHP9
Q5RHP9	F6QRE9
Q5SS90	Q5SS90
Q5SS90	A0JPQ1
Q5SS90	Q8NEG2
Q5SY13	Q5SY13
Q5VZQ5	Q5VZQ5
Q5XII9	Q5XII9
Q5XII9	Q6P444
Q5XII9	Q9H019
Q5XII9	B0K035
Q5XII9	Q99MB2
Q5XII9	Q9CWE0
Q5XII9	Q15390
Q5XII9	Q7T3E8
Q5XII9	G3V9A7
Q5XII9	Q8VED8
Q61586	Q61586
Q61586	Q9ES71
Q61586	Q9HCL2
Q61586	D3ZI76
Q61586	P98192
Q61586	Q22949
Q61586	P97564
Q61586	Q14DK4
Q61586	P58130
Q61586	Q6NUI2
Q61586	Q8PES0
Q61586	O15228
Q62627	Q62627
Q62627	Q96IZ0
Q62627	Q925B0
Q62740	Q62740
Q62740	Q8K1I3
Q62740	Q13103
Q66H70	Q66H70
Q66H70	O95760
Q68FG3	Q68FG3
Q68FG3	Q68D10
Q6AYF9	Q6AYF9
Q6AYF9	Q6AYC2
Q6AYF9	Q8VIM9
Q6AYF9	Q8WZA9
Q6AYF9	Q0GUM3
Q6AYF9	Q8C262
Q6AYF9	Q6NXR0
Q6AYF9	Q60766
Q6AYF9	Q9QZ85
Q6AYF9	Q9DCE9
Q6AYF9	A1A4Y4
Q9M7I7	Q9M7I7
Q9NRG7	Q9NRG7
Q9NRG7	Q9SJU9
Q9NRG7	Q5M8N4
Q9P1G2	Q9P1G2
Q9P4X2	Q9P4X2
Q9P771	Q9P771
Q9QXE5	Q9QXE5
Q9QXE5	Q9NQE7
Q9QXE5	Q9UHL4
Q9QXE5	Q1PF50
Q9SIH4	Q9SIH4
Q9SIH4	Q9SQU2
Q9SIH4	Q9LUL1
Q9SIH4	Q10QH3
Q9SIH4	B6TGJ8
Q9SIH4	B6UBY6
Q9SIH4	Q9ZQI2
Q9SIH4	A3A2W2
Q9SIH4	Q9FE29
Q9SIH4	Q9FNE8
Q9SIH4	A7NW78
Q9SIH4	A7QBZ2
Q9SIH4	C6T4E0
Q9SJ02	Q9SJ02
Q9SKX1	Q9SKX1
Q9SKX1	Q9M0B9
Q9SKX1	Q9SJH0
Q9SRS3	Q9SRS3
Q9SYJ8	Q9SYJ8
Q9SYJ8	Q9LX14
Q9SYJ8	Q9FJF5
Q9SZ83	Q9SZ83
Q9UTA7	Q9UTA7
Q9UTA7	Q9P7H9
Q9UTA7	Q04411
Q9UTR4	Q9UTR4
Q9V3J1	Q9V3J1
Q9V3J1	Q8BVE3
Q9V3J1	P41807
Q9V3J1	Q9UI12
Q9V3J1	O14265
Q9V3J1	Q22494
Q9Y7J2	Q9Y7J2
A2ARZ3	A2ARZ3
P26769	P26769
P26769	P25092
P26769	Q02108
P26769	A0A0U1RPR8
P26769	Q80TL1
P26769	Q86GV3
P26769	Q9VW60
P26769	P20594
P26769	Q02153
P26769	Q5SDA5
P26769	O75343
P26769	P90895
P26769	P41740
P26769	P19686
P26769	Q08462
P26769	O60503
P26769	Q04400
P26769	Q08828
P26769	P19754
P26769	Q03343
P26769	Q8NFM4
P26769	Q9WVI4
P26769	P51828
P26769	Q02846
P26769	Q3UWA6
P26769	Q03100
P26769	P51829
P26769	O43306
P26769	P51830
P26769	O60266
P26769	P52785
P26769	P18293
P26769	O88444
P26769	P51841
P26769	P84309
P26769	P55204
P26769	P16066
P26769	P26770
P26769	P40145
P26769	Q01341
P26769	Q9ERL9
P26769	P16067
P26769	P40146
P26769	P97490
P26769	Q6VVW5
P26769	P21932
P26769	P70180
P26769	O95622
P26769	O16544
P26769	Q91WF3
P26769	P18910
P26769	Q8VHH7
P26769	P32870
P26769	Q7JQ32
P26769	Q19187
P31041	P31041
P31041	P10747
P31041	P16410
P31041	P09793
P32569	P32569
P32791	P32791
P33228	P33228
P33568	P33568
P33568	P06400
P33568	P13405
P34692	P34692
P34692	O08654
P34692	Q922R1
P34692	Q9BSU1
P34692	Q9VSH9
P35318	P35318
P35318	P43145
P36054	P36054
P36111	P36111
P37182	P37182
P37690	P37690
P38261	P38261
P38315	P38315
P38382	P38382
P38864	P38864
P40212	P40212
P40212	O74175
P40212	Q12690
P40212	P26373
P40212	P41123
P40212	Q9FF90
P40212	P41126
P40212	P41127
P40212	O59931
P40212	P47963
P40212	P91128
P40414	P40414
P40414	P17536
P40574	P40574
P40574	Q08182
P41544	P41544
P69911	P69911
P69911	P69910
P69911	Q42521
P69911	Q9ZPS4
P69911	Q42472
P69911	Q9LSH2
P69911	P69908
P69911	Q9MA74
P69911	Q9ZPS3
P69911	Q04792
P73632	P73632
P75949	P75949
P75949	L7N6B0
P77598	P77598
P78946	P78946
P78946	Q9FJX2
P78946	P12749
P78946	P61255
P78946	P61254
P78946	Q19869
P78946	A0A1D8PCQ5
P78946	P53221
P78946	P05743
P78946	P51414
P78946	Q9UNX3
P82663	P82663
P83436	P83436
P83436	Q3UM29
P83436	Q3T1G7
P84551	P84551
P84551	Q2VWA4
P84551	A7M7C7
P84551	P12755
P84551	P12757
P84551	Q9QYB2
P84551	Q96NX9
P84551	Q60665
P84551	Q8BX46
P84551	Q925Q8
P84551	P84550
P84551	Q60698
P91027	P91027
P96502	P96502
P9WFW9	P9WFW9
P9WFW9	P38051
P9WFW9	Q9S7H8
P9WFW9	P45744
P9WFW9	Q9M9V6
P9WFW9	P00899
P9WFW9	P32068
P9WFW9	P32069
P9WFW9	Q15KI9
P9WFW9	Q8Y6K9
P9WFW9	O94582
P9WKS5	P9WKS5
P9WLT1	P9WLT1
P9WN95	P9WN95
P9WN95	P17865
P9WN95	Q9LXJ0
P9WN95	Q83MF6
P9WN95	Q5HGP5
P9WN95	P45500
P9WN95	Q42545
P9WN95	P0A9A8
P9WN95	P0A9A6
P9WNP9	P9WNP9
P9WPZ3	P9WPZ3
P9WPZ3	Q9ZUR7
P9WPZ3	Q04728
P9WPZ3	P74122
P9WPZ3	Q10N79
Q02G03	Q02G03
Q02G03	Q5HIH4
Q02G03	P68918
Q02G03	Q8XE69
Q02G03	Q8YAD3
Q03771	Q03771
Q04110	Q04110
Q04299	Q04299
Q04438	Q04438
Q05947	Q05947
Q06163	Q06163
Q06568	Q06568
Q06683	Q06683
Q07454	Q07454
Q08501	Q08501
Q08501	P05710
Q08501	P16882
Q08501	Q9JM58
Q08501	O75462
Q08501	P16310
Q08501	P16471
Q08729	Q08729
Q08909	Q08909
Q08981	Q08981
Q09299	Q09299
Q10665	Q10665
Q12164	Q12164
Q12164	Q9Y7Z5
Q12219	Q12219
Q12275	Q12275
Q12405	Q12405
Q12510	Q12510
Q12765	Q12765
Q12765	Q9CZC8
Q12765	Q96FV2
Q12765	Q8VCA8
Q12765	Q6AYR8
Q12765	Q0VDG4
Q12765	Q3TMH2
Q13231	Q13231
Q13231	P36222
Q13231	Q12889
Q13231	Q9BZP6
Q13231	Q15782
Q13231	O35744
Q13231	Q9W092
Q13231	O45599
Q13231	Q62010
Q14BJ1	Q14BJ1
Q14BJ1	Q9QUI1
Q14BJ1	Q6Q0N2
Q14BJ1	Q96GI7
Q15006	Q15006
Q15006	B0BNG0
Q15006	Q9CRD2
Q15546	Q15546
Q15546	Q8R189
Q16526	Q16526
Q16526	Q9R194
Q16526	Q32Q86
Q16526	Q923I8
Q16526	P97784
Q16619	Q16619
Q17R60	Q17R60
Q17R60	Q8R1W8
Q17R60	Q9ET62
Q18490	Q18490
Q1A5X6	Q1A5X6
Q2TB18	Q2TB18
Q69Z99	Q69Z99
Q69Z99	Q96KM6
Q69Z99	Q96ME7
Q6AXN4	Q6AXN4
Q6AXN4	Q8VCB1
Q6P566	Q6P566
Q6P566	Q5PQQ7
Q6P566	Q8BQ89
Q6P566	Q8N485
Q6PD74	Q6PD74
Q6PD74	Q8R2R3
Q6PD74	Q9R0Z7
Q6Q759	Q6Q759
Q6Q759	Q5S003
Q6ZQE4	Q6ZQE4
Q6ZQE4	A6NFY4
Q6ZQE4	O14524
Q6ZQE4	Q9VXD6
Q6ZQE4	Q19293
Q6ZTW0	Q6ZTW0
Q6ZTW0	Q99MS8
Q6ZVS7	Q6ZVS7
Q76KJ5	Q76KJ5
Q7K2D2	Q7K2D2
Q7K2D2	Q99KJ8
Q7K2D2	Q6AYH5
Q7K2D2	A0A5G2QD80
Q7M3M8	Q7M3M8
Q7M3M8	Q86V15
Q7M3M8	Q9CWL2
Q7T312	Q7T312
Q7T312	Q78PG9
Q7T312	Q86WR0
Q7Z353	Q7Z353
Q7Z353	Q14B70
Q80UK7	Q80UK7
Q80UK7	Q6UVJ0
Q86UN6	Q86UN6
Q86UN6	O35817
Q86V40	Q86V40
Q86V40	A6NFA1
Q86VS3	Q86VS3
Q86VS3	Q9D2K4
Q86XZ4	Q86XZ4
Q86XZ4	Q9NUQ6
Q86XZ4	Q5U2T3
Q86XZ4	Q8K1N4
Q8BKT3	Q8BKT3
Q8BKT3	Q9Y5B6
Q8BKT3	P58501
Q8C0S4	Q8C0S4
Q8C0S4	Q7Z4L5
Q8C0S4	Q0HA38
Q8C0S4	Q8NDW8
Q8C4Y3	Q8C4Y3
Q8C4Y3	Q9Y113
Q8IWV1	Q8IWV1
Q8IWV1	Q8BHB3
Q8IWV1	Q5FVQ5
Q8JZU6	Q8JZU6
Q8JZU6	Q5TGL8
Q8K2Q0	Q8K2Q0
Q8K2Q0	Q9P000
Q8K4Z3	Q8K4Z3
Q8K4Z3	O94752
Q8K4Z3	Q8NCW5
Q8N0U6	Q8N0U6
Q8N140	Q8N140
Q8N140	Q9NXX6
Q8N140	Q4V8G2
Q8N140	Q3V124
Q8N140	P43124
Q8NCR9	Q8NCR9
Q8NDM7	Q8NDM7
Q8NDM7	E9Q7R9
Q8NFU0	Q8NFU0
Q8NFU0	Q8N1M1
Q8NFU0	P34672
Q8NFU0	Q6H1V1
Q8NFU0	O76090
Q8NFU0	O88870
Q8NFU0	Q8NFU1
Q8NFU0	O45435
Q8NFU0	P34577
Q8R4S8	Q8R4S8
Q8R4S8	P19235
Q8R4S8	P14753
Q8R4S8	Q8CII9
Q8R4S8	Q9HC73
Q8VCD5	Q8VCD5
Q8VCD5	Q9NVC6
Q8VZ20	Q8VZ20
Q8WVT3	Q8WVT3
Q8WVT3	Q8K2L8
Q8WYQ5	Q8WYQ5
Q8WYQ5	Q9EQM6
Q8X6Z6	Q8X6Z6
Q91WS4	Q91WS4
Q91WS4	Q9H2M3
Q91WS4	Q68FT5
Q91WS4	Q93088
Q91WS4	O35490
Q91WS4	O09171
Q91XA2	Q91XA2
Q91XA2	Q6P4E1
Q91XA2	Q6P2L7
Q91XA2	Q8NBJ4
Q91Z49	Q91Z49
Q91Z49	Q7TQ84
Q91Z49	Q96QD9
Q91Z49	Q96QD9
Q95TN4	Q95TN4
Q95TN4	Q95XZ0
Q95TN4	Q8R1U1
Q961D9	Q961D9
Q969F9	Q969F9
Q96A25	Q96A25
Q96A25	Q6AYA5
Q96A25	Q80X71
Q96A25	Q9NUM4
Q96DC7	Q96DC7
Q96E14	Q96E14
Q96F85	Q96F85
Q96F85	Q5M8N0
Q96GQ5	Q96GQ5
Q96HJ3	Q96HJ3
Q96LW4	Q96LW4
Q9W3F7	Q9W3F7
Q9W3F7	Q8NAN2
Q9W3F7	Q8BK03
Q9W3F7	Q7L4E1
Q9W3F7	Q4QQM5
Q9XUB3	Q9XUB3
Q9Y221	Q9Y221
Q9Y221	Q08962
Q9Y366	Q9Y366
A0PG75	A0PG75
A0PG75	Q9JJ00
A0PG75	Q9NRY6
A0PG75	Q9NRY7
A0PG75	O15162
A0PG75	Q9NRQ2
A0PG75	Q9JIZ9
A7TR87	A7TR87
A7TR87	P40021
A8HQ54	A8HQ54
A8JF70	A8JF70
B7Z8K6	B7Z8K6
B9A014	B9A014
C5DMK0	C5DMK0
C5DMK0	P53947
C5DMK0	C5DPA1
C5DMK0	P40476
C6KSQ6	C6KSQ6
C6KSQ6	Q92878
C6KSQ6	P12753
C6KSQ6	Q9JIL8
C6KSQ6	Q9UTJ8
C6KSQ6	P70388
C6KSQ6	Q9W252
C6KSQ6	Q9SL02
D3ZAT9	D3ZAT9
D3ZAT9	Q3UMF9
D3ZAT9	Q5TGI0
D3ZAT9	Q95RI5
F4IDW9	F4IDW9
F4JP43	F4JP43
F4JTS8	F4JTS8
F4KG50	F4KG50
K4PW38	K4PW38
K4PW38	Q9XIN0
K4PW38	P0C7P8
O13711	O13711
O13711	Q10111
O14116	O14116
O23523	O23523
O23523	Q9LVT8
O23523	O23593
O24520	O24520
O24520	P02236
O24520	P53857
O60187	O60187
O62136	O62136
O88875	O88875
P06838	P06838
P06838	P07903
P06838	Q06182
P06838	P07992
P06838	Q9MA98
P07670	P07670
P0DJF3	P0DJF3
Q0P140	Q0P140
Q12160	Q12160
Q12459	Q12459
Q18534	Q18534
Q19T08	Q19T08
Q19T08	Q3TZW0
Q23064	Q23064
Q2V413	Q2V413
Q2V413	Q2V3L0
Q3EBL9	Q3EBL9
Q42525	Q42525
Q42525	P05708
Q42525	Q3TRM8
Q42525	Q9LPS1
Q42525	P93834
Q42525	Q91W97
Q42525	Q9FZG4
Q42525	P80581
Q42525	Q04409
Q42525	P04806
Q42525	P17709
Q42525	P04807
Q42525	P17710
Q42525	P17712
Q42525	Q09756
Q42525	P50521
Q42525	O08528
Q42525	P35557
Q42525	P52789
Q42525	P52790
Q42525	P27881
Q42525	P52792
Q42525	P19367
Q42525	Q2TB90
Q42525	Q9NFT7
Q42525	P83776
Q42525	P27926
Q42525	P33284
Q42525	Q9T071
A0A1I9LM04	A0A1I9LM04
P03276	P03276
P06492	P06492
P24932	P24932
Q93Z16	Q93Z16
Q93ZS1	Q93ZS1
Q93ZS1	Q9FJH9
Q94JG1	Q94JG1
Q94JG1	Q9LMZ9
Q94JG1	Q9FJH8
Q94JG1	Q9LXH0
Q94JG1	O82811
Q94JG1	P0DKH0
Q94JG1	P0DKG9
Q94KK5	Q94KK5
Q94KK5	Q9SF29
Q94KK5	Q94KK6
Q96HV5	Q96HV5
Q96HV5	Q8L586
Q96HV5	Q5FVN2
Q96HV5	Q5BJD5
Q96HV5	Q8K1A5
Q9C503	Q9C503
B7Z0W9	B7Z0W9
C0HL64	C0HL64
C0HL64	C0HL65
C0HL64	C0HL64
C0HL64	C0HL65
C0HL64	P07188
C0HL64	P07189
D0ZV89	D0ZV89
D0ZV89	P0DM80
F4I2J8	F4I2J8
F4I2J8	Q9VR99
F4I2J8	Q9CS00
F4I2J8	F1Q8W0
F8VPK0	F8VPK0
F8VPK0	Q6PGP7
H7C350	H7C350
O06218	O06218
O08816	O08816
O08816	O00401
O08816	Q91YD9
O08816	O36027
O08816	Q12446
O08816	P70315
O08816	P42768
O13789	O13789
O13789	P32486
O13789	P33336
O13789	P87023
O15304	O15304
O15304	O54926
O31622	O31622
O31993	O31993
O32294	O32294
O35664	O35664
O35664	P48551
O35943	O35943
O35943	D3ZYW7
O35943	Q16595
O42973	O42973
O43324	O43324
O43615	O43615
O43615	O35857
O43615	O35094
O45380	O45380
O45380	Q7YZT6
O53580	O53580
O60179	O60179
O74364	O74364
P0C1Z1	P0C1Z1
P0C8F1	P0C8F1
P0C8F1	Q9Z1Q4
P12669	P12669
P14927	P14927
P14927	Q9D855
P14927	P00128
P14927	Q5ABS1
P14927	O74533
P15248	P15248
P15248	P15247
P16449	P16449
P17315	P17315
P18411	P18411
P19569	P19569
P19569	Q9S7H1
P19569	Q9SA56
P21589	P21589
P21589	P21588
P22646	P22646
P22646	P07766
P23926	P23926
P24473	P24473
P24473	Q9Y2Q3
P24473	Q9DCM2
P25604	P25604
P29107	P29107
P29107	P37253
P29107	P38674
P29107	Q97YJ9
P29107	Q7UB34
P29107	Q05758
P29107	P78827
P29107	Q4J8K9
P29107	Q9PHN5
P29107	P06168
P29107	P05793
P29107	A4FMQ5
P29478	P29478
P29478	O94407
P29478	P49963
P29478	O14415
P29478	P49964
P29478	P09132
P50091	P50091
P51606	P51606
P52650	P52650
P52650	P13498
P52650	Q61462
P52650	Q62737
P53058	P53058
P53170	P53170
P53237	P53237
P53290	P53290
P53290	Q7TT45
P53290	Q7L523
P53290	Q5VZM2
P53290	Q9HB90
P53290	Q9NQL2
P53290	Q00582
P53290	O74544
P53290	Q99K70
P53854	P53854
P53854	Q9DBF7
P53854	Q9Y805
P53854	Q9NXE8
P53955	P53955
P53955	P40485
P53955	Q06108
P53955	P48361
P54717	P54717
P58191	P58191
P58191	P27340
P60192	P60192
P60192	Q9Z266
P60192	O95295
P69410	P69410
P69410	P69409
P69913	P69913
P69913	P69915
P69913	A8ANQ0
P75050	P75050
P76001	P76001
P77625	P77625
P77625	P41277
P77625	P40106
P77625	F4JTE7
P78953	P78953
P80217	P80217
P80217	O35309
P80217	Q13287
P80217	Q9D8C4
P81102	P81102
P81102	P96692
P86478	P86478
P86478	P86480
P86478	P86479
P86478	P86496
P86478	P86481
P87159	P87159
P91124	P91124
P91124	Q6RUG5
P91124	Q3TY65
P91124	Q05084
P91124	Q8NDH6
P91124	P97411
P96585	P96585
P9WJB7	P9WJB7
P9WK25	P9WK25
P9WK25	P9WK24
P9WK25	Q8BMF3
P9WK25	O82191
P9WK25	P48163
P9WK25	Q9CA83
P9WK25	Q48662
P9WK25	P76558
P9WK25	Q9LYG3
P9WK25	P36013
P9WK25	P13697
P9WK25	P40375
P9WK25	P06801
P9WK25	Q5HI88
P9WK25	Q29558
P9WK25	P23368
P9WK25	P75359
P9WK25	O34962
P9WK25	P39646
P9WK25	P0A9M9
P9WK25	P0A9M8
P9WK25	Q99KE1
P9WK25	Q16798
P9WK25	Q9XGZ0
P9WKT1	P9WKT1
P9WLT5	P9WLT5
P9WNQ1	P9WNQ1
Q02040	Q02040
Q02040	A2A3V1
Q02767	Q02767
Q02767	Q9D1C8
Q02767	Q9UK41
Q02767	Q9V359
Q02767	O13872
Q02884	Q02884
Q03772	Q03772
Q04304	Q04304
Q04304	Q9Y7K0
Q04893	Q04893
Q04G23	Q04G23
Q05948	Q05948
Q05948	Q04925
Q06266	Q06266
Q06266	Q04383
Q06266	Q9P7G6
Q06839	Q06839
Q08215	Q08215
Q08357	Q08357
Q08357	Q8WUM9
Q08357	Q63488
Q08357	Q9JJP0
Q08357	Q61609
Q08357	Q80UP8
Q08985	Q08985
Q09307	Q09307
Q09894	Q09894
Q10160	Q10160
Q12117	Q12117
Q12117	P38079
Q12117	P25619
Q12117	O74870
Q12165	Q12165
Q12165	Q9D3D9
Q12165	Q09544
Q12165	P35434
Q12165	P09468
Q12165	P0C2Z3
Q12165	P07891
Q12276	Q12276
Q12276	Q03016
Q12345	Q12345
Q12406	Q12406
Q12767	Q12767
Q12767	Q7TSH8
Q12887	Q12887
Q12996	Q12996
Q12996	Q99LI7
Q12996	P25298
Q12996	O14233
Q12996	P25991
Q13616	Q13616
Q13616	Q9WTX6
Q13616	Q9C9L0
Q13616	Q9SRZ0
Q13616	Q12018
Q13616	Q23639
Q13616	A2A432
Q13616	Q9D4H8
Q13616	Q3TCH7
Q13616	P0CH31
Q13616	Q8LGH4
Q13616	Q9JJ31
Q13616	Q9ZVH4
Q13616	Q13617
Q13616	O14122
Q13616	Q13619
Q13616	Q9JLV5
Q13616	B5DF89
Q13616	Q94AH6
Q13616	Q17392
Q13616	Q9XIE8
Q13616	Q93034
Q157S1	Q157S1
Q157S1	Q68ED7
Q157S1	Q6UUV7
Q157S1	Q3U182
Q157S1	Q91X84
Q157S1	Q53ET0
Q157S1	Q95XA8
Q157S1	Q3LRZ1
Q18508	Q18508
Q32M84	Q32M84
Q32M84	E9Q173
Q3U2J5	Q3U2J5
Q3U2J5	Q7Z624
Q3U7U4	Q3U7U4
Q3U7U4	Q8NEQ5
Q3V0I2	Q3V0I2
Q3V0I2	Q8TB68
Q3V0I2	P0C6T3
Q400C8	Q400C8
Q400C8	Q400C7
Q400C8	Q86W34
Q400C8	Q400G9
Q45829	Q45829
Q6IPM2	Q6IPM2
Q6IPM2	Q6PCQ0
Q6NUJ1	Q6NUJ1
Q6NUJ1	P10960
Q6NUJ1	P07602
Q6NUJ1	Q8C1C1
Q6P1M3	Q6P1M3
Q6P1M3	Q8K4K5
Q6P1M3	Q80Y17
Q6P1M3	Q15334
Q6P1M3	Q3TJ91
Q6P1M3	P08111
Q6PEC3	Q6PEC3
Q6PEC3	P87148
Q6PEC3	O95070
Q6PEC3	P53845
Q6PEC3	Q9CX30
Q6PEC3	Q91XB7
Q6PG16	Q6PG16
Q6UXL0	Q6UXL0
Q6ZRV3	Q6ZRV3
Q6ZTY9	Q6ZTY9
Q6ZYL4	Q6ZYL4
Q6ZYL4	Q8K2X8
Q75WM6	Q75WM6
Q75WM6	Q8CJI4
Q75WM6	Q5RKG3
Q7DDR9	Q7DDR9
Q7TNS8	Q7TNS8
Q7TNS8	Q80YR3
Q7TNS8	A6NHQ4
Q7UCT6	Q7UCT6
Q7UCT6	P0A6J5
Q7Z7C7	Q7Z7C7
Q80UK8	Q80UK8
Q83KX8	Q83KX8
Q83SD5	Q83SD5
Q8VHV1	Q8VHV1
Q8VIF7	Q8VIF7
Q8VIF7	O23264
Q8VIF7	Q63836
Q8VIF7	Q93WN0
Q8VIF7	P17563
Q92934	Q92934
Q92934	Q61337
Q92934	O35147
Q92TB0	Q92TB0
Q92TB0	O23346
Q92TB0	W5AWH5
Q92TB0	P40374
Q92TB0	P06633
Q92TB0	P9WML9
Q92TB0	P9WML8
Q92TB0	P34047
Q93442	Q93442
Q96E16	Q96E16
Q96E16	Q80ZU4
Q96FA3	Q96FA3
Q96FA3	Q8C669
Q96FA3	Q8BST6
Q96FA3	Q8N2H9
Q96FA3	Q8BXR6
Q96FA3	O77237
Q96FA3	Q9HAT8
Q96MW5	Q96MW5
Q96MW5	Q9JJA2
Q96NJ1	Q96NJ1
Q96PP8	Q96PP8
Q96PP8	Q6ZN66
Q96PP8	A4UUI3
Q96PP8	Q01514
Q96PP8	Q91Z40
Q96PP8	Q8N8V2
Q96PP8	Q96PP9
Q96PP8	Q9H0R5
Q96PP8	Q9Z0E6
Q96PP8	P32455
Q96PP8	P32456
Q96PP8	Q61107
Q96QD5	Q96QD5
Q96QD5	Q4QR86
Q96QD5	Q91WS7
Q99189	Q99189
Q99373	Q99373
Q99525	Q99525
Q99525	P02309
Q99525	P0CG89
Q99525	P59259
Q99525	P09322
Q99525	P62784
Q99525	P62802
Q99525	P62804
Q99525	P62805
Q99525	P62806
Q99525	P84040
Q99525	P04914
Q99622	Q99622
Q99622	O35127
H3BNL1	H3BNL1
K7EIQ3	K7EIQ3
O04203	O04203
O13712	O13712
O22126	O22126
O22126	Q9FM65
O23550	O23550
O42903	O42903
O42903	Q12234
O45406	O45406
O74348	O74348
O74974	O74974
O74974	Q68CQ4
O74974	P40498
O74974	A3LXV1
O74974	Q8BTT6
O74974	C5DMP2
O74974	Q5M9G7
O74974	C5DPB7
O82345	O82345
O94274	O94274
O94532	O94532
O94668	O94668
O96622	O96622
O96622	O15143
O96622	Q9SJW6
O96622	O88656
O96622	P78774
O96622	O80856
O96622	Q99PD4
O96622	Q9R0Q6
O96622	Q92747
O96622	P38328
O96622	Q9WV32
P00425	P00425
P00425	P00424
P0CB23	P0CB23
P0CJ66	P0CJ66
P10713	P10713
Q9FGE7	Q9FGE7
Q9FJT9	Q9FJT9
Q9FLD8	Q9FLD8
Q9FNA4	Q9FNA4
Q9FNN3	Q9FNN3
Q9H1M0	Q9H1M0
Q9H1M0	Q7JXF5
Q9H1M0	P17955
Q9H1M0	Q63850
Q9H1M0	P37198
Q9H1M0	Q10168
Q9JJ94	Q9JJ94
Q9JJ94	O43805
Q9LHD9	Q9LHD9
Q9LHD9	Q9LVR3
Q9LHD9	Q9SYZ7
Q9LND7	Q9LND7
Q9LS45	Q9LS45
Q9LS45	Q9M815
Q9M063	Q9M063
Q9M063	Q9LYV6
Q9M063	Q9SE96
Q9M1G5	Q9M1G5
Q9NRN9	Q9NRN9
Q9P781	Q9P781
Q9SHU7	Q9SHU7
Q9SQG2	Q9SQG2
Q9SQG2	Q21815
Q9SQG2	Q9DBT4
Q9SQG2	O75356
Q9SQG2	Q9UT35
Q9SQG2	Q5MY95
Q9SQG2	Q9XI62
Q9SQG2	O75354
Q9SQG2	P49961
Q9SQG2	O75355
Q9SQG2	P40009
Q9SQG2	Q9USP2
Q9SQG2	Q9Y5L3
Q9SQG2	Q9NQZ7
Q9SQG2	P32621
Q9SQG2	Q3U0P5
Q9SQG2	Q3TCT4
Q9SQG2	Q9SPM5
Q9SQG2	P55772
Q9SQG2	Q8BFW6
Q9SQG2	Q9Y227
G5EG86	G5EG86
O09174	O09174
O09174	P70473
O09174	Q9UHK6
O13658	O13658
O13791	O13791
O14291	O14291
O14603	O14603
O14734	O14734
O14734	P58137
O14734	Q5FYU1
O15091	O15091
O15431	O15431
O15431	P38865
O15431	Q8K211
O15431	Q9CPU9
O15431	O15432
O17580	O17580
O25436	O25436
O31629	O31629
O32022	O32022
O32504	O32504
O35820	O35820
O35820	O43598
O35820	Q80VJ3
O42975	O42975
O43325	O43325
O43508	O43508
O43508	O54907
O53611	O53611
O59730	O59730
O59730	Q09184
O59730	Q9FV50
O59730	Q9FV51
O59730	Q9FV52
O59730	Q96327
O59730	Q6AYD3
O59730	P53582
O59730	Q9UQ80
O59730	Q1ZXG4
O59730	P0AE18
O59730	P0AE20
O59730	P0AE21
O59730	Q6UB28
O59730	P50580
O59730	Q01662
O70303	O70303
O70303	Q9UHD4
O70303	O00273
O70303	O54786
O70303	O60543
O70458	O70458
O70458	P42702
O70458	O70535
O70458	P42703
O70458	Q99650
O70601	O70601
O70601	O54957
O74461	O74461
O74562	O74562
P36057	P36057
P36057	Q9Y5M8
P36057	Q4FZX7
P36057	P47758
P36114	P36114
P36114	A5DH00
P36114	A3GGT0
P36114	P47031
P36114	A7TST2
P36114	Q59ZW2
P36938	P36938
P37194	P37194
P37727	P37727
P37727	Q9QXG2
P37727	O60112
P37727	O93831
P37727	P24386
P37727	P26374
P37727	P32864
P37727	Q9QZD5
P38210	P38210
P38263	P38263
P38319	P38319
P38870	P38870
P39464	P39464
P39464	P14324
P39464	Q9LHR4
P39464	Q9SLG2
P39464	Q9ZU77
P39464	P9WKH1
P39464	P34802
P39464	Q9LIA0
P39464	Q920E5
P39464	Q09152
P39464	O95749
P39464	Q33DR2
P39464	Q12051
P39464	Q9LUD9
P39464	Q9LUE1
P39464	P24322
P39464	P18900
P39464	Q43315
P39464	P08524
P39464	Q5T2R2
P39464	Q9LRR0
P39464	P31114
P39732	P39732
P40338	P40338
P40338	P40337
P40577	P40577
P40847	P40847
P46917	P46917
P47048	P47048
P47111	P47111
P47168	P47168
P49257	P49257
P49257	Q9H0V9
P49257	Q9DBH5
P49257	Q62902
P49257	Q9D0F3
P49257	Q9HAT1
P49257	Q12907
Q9NVN3	Q9NVN3
Q9NVN3	Q3TIR3
Q9NVN3	Q80ZG0
Q9NVN3	Q80XE1
Q9NVN3	Q9W358
Q9NY27	Q9NY27
Q9NY27	A1L1M4
Q9NY27	Q9W2U4
Q9NY27	Q0VGB7
Q9P7L2	Q9P7L2
Q9PIB9	Q9PIB9
Q9PIB9	Q02SM0
Q9QYE9	Q9QYE9
Q9QYE9	Q9UF11
Q9QZB9	Q9QZB9
Q9QZB9	Q9BTE1
Q9QZR0	Q9QZR0
Q9QZR0	Q96BH1
Q9UH90	Q9UH90
Q9UH90	Q8TB52
Q9UH90	P62932
Q9UH90	Q5XI67
Q9UH90	Q8BJL1
Q9UHL3	Q9UHL3
Q9UHL3	P0C7A2
Q9UK97	Q9UK97
Q9UK97	Q9Y3I1
Q9UK97	Q3U7U3
Q9UK97	Q5U2X1
Q9UKZ1	Q9UKZ1
Q9UT68	Q9UT68
Q9UUM2	Q9UUM2
Q9UUM2	A4R4R3
Q9V637	Q9V637
Q9VCW3	Q9VCW3
Q9VGK7	Q9VGK7
Q9VGK7	O95163
Q9VGK7	Q7TT37
Q9VGK7	Q8VHU4
Q9VMA0	Q9VMA0
Q9VR17	Q9VR17
Q9VVR0	Q9VVR0
Q9W0G7	Q9W0G7
Q9W3J8	Q9W3J8
Q9Y224	Q9Y224
Q9Y2E5	Q9Y2E5
Q9Y2E5	O54782
Q9Y375	Q9Y375
Q9Y375	Q9CWX2
Q9Y5Q8	Q9Y5Q8
Q9Y5Q8	Q8R2T8
Q9Y5Q8	P32367
Q9Y6J6	Q9Y6J6
Q9Y6J6	P63161
Q9Y6J6	P15382
Q9Y6J6	P15383
Q9Y7N9	Q9Y7N9
Q9Z0E1	Q9Z0E1
Q9Z0E1	Q8TC57
A0PJN4	A0PJN4
A0PJN4	Q8K2Z8
A0PJN4	Q8WVN8
A0PJN4	A1L167
A0PJN4	Q7TSS2
A0PJN4	Q7Z7E8
A4RGU7	A4RGU7
A7TRH1	A7TRH1
A7TRH1	P12962
A7TRH1	A3LQ93
A7TRH1	Q5AQ12
A7TRH1	A5DEY7
A8MUP2	A8MUP2
C6KST8	C6KST8
F4HQ84	F4HQ84
F4HQ84	Q961G1
F4HQ84	Q96JB2
F4HQ84	Q8CI04
F4IDY7	F4IDY7
F4IUX6	F4IUX6
F4IUX6	Q9HAU5
F4IUX6	A2AT37
F4JPE9	F4JPE9
F4JPE9	O59729
F4JPE9	Q9UBS9
F4JPE9	Q710E6
F4JPE9	F4I8I0
F4JPE9	F4I316
F4K6X0	F4K6X0
F4KGE8	F4KGE8
G5EEM6	G5EEM6
H3BPM6	H3BPM6
O04209	O04209
O04209	F4J5M9
O04209	Q9SKU1
O13713	O13713
O13713	P32505
O13852	O13852
O14300	O14300
O14300	Q42191
O14300	P39952
P42173	P42173
P42173	Q0KK59
P53077	P53077
P54710	P54710
P54710	P58549
P54710	Q9Z239
P54710	Q3SZX0
P54710	O00168
P54710	O08589
P54710	P56513
P54710	Q9D2W0
P54710	P59648
P54710	P59649
P54710	Q04646
P54710	P59646
P54710	Q96DB9
P54710	P97808
P54710	Q14802
P70158	P70158
P70158	Q92484
P70158	P58242
P70158	Q04519
P70158	Q92485
P87295	P87295
P92529	P92529
Q00083	Q00083
Q00083	Q00402
Q01114	Q01114
Q01114	Q01113
Q02793	Q02793
Q04006	Q04006
Q04006	Q9Y3B1
Q04006	Q9Y255
Q04006	Q6P9U4
Q04006	P35200
Q08230	Q08230
Q08230	Q9NX18
Q08230	Q8C6I2
Q09844	Q09844
Q0P3J8	Q0P3J8
Q0VCY6	Q0VCY6
Q0VCY6	Q8CHK3
Q10250	Q10250
Q10429	Q10429
Q10429	Q06680
Q10MI0	Q10MI0
Q10SY2	Q10SY2
Q10SY2	Q9AV28
Q12168	Q12168
Q12168	P53753
Q12462	Q12462
Q1A5X7	Q1A5X7
Q1A5X7	Q8N9B5
Q1A5X7	Q8TF30
Q1A5X7	Q9QXM1
Q1A5X7	Q571B6
Q9H1P6	Q9H1P6
Q9H469	Q9H469
Q9H469	Q8BH70
Q9H469	B8JKV0
Q9H469	Q9S9X4
Q9H469	Q9SN10
Q9H469	Q96CD0
Q9H469	Q9FE83
Q9H469	Q9UKA2
Q9H469	Q8IY45
Q9HE88	Q9HE88
Q9JME7	Q9JME7
Q9JME7	Q9UL33
Q9JME7	B2RYU6
Q9LJB4	Q9LJB4
Q9LJB4	Q9LRQ7
Q9LJB4	Q9FNP9
Q9LLC6	Q9LLC6
Q9LV01	Q9LV01
Q9LW22	Q9LW22
Q9LW22	F4JLQ5
Q9LW22	B3H4B5
Q9NRQ5	Q9NRQ5
Q9P1Z9	Q9P1Z9
Q9QXN5	Q9QXN5
Q9QXN5	O82200
Q9QXN5	Q9QXN4
Q9QXN5	Q9UGB7
Q9QXN5	Q9FJU4
Q9SAC0	Q9SAC0
Q9SK71	Q9SK71
Q9SQI2	Q9SQI2
Q9STE8	Q9STE8
Q9SZB2	Q9SZB2
Q9UTB6	Q9UTB6
Q9UTS6	Q9UTS6
Q9VJD3	Q9VJD3
O14604	O14604
O14604	P62326
O14604	P62328
O14604	P62329
O14604	Q95274
O14604	P20065
O14604	Q6ZWY8
O14604	P63312
O14604	P63313
O14604	P0CG34
O14604	P0CG35
O14737	O14737
O14737	Q93408
O14737	P56812
O22799	O22799
O25526	O25526
O32712	O32712
O32712	O06925
O34536	O34536
O35671	O35671
O35671	O14713
O43237	O43237
O43237	Q90828
O43237	Q9QXU8
O43237	Q6PDL0
O43237	Q62698
O43237	Q9Y6G9
O43237	Q8R1Q8
O53672	O53672
O54825	O54825
O54825	P38333
O54825	Q13895
O54825	Q80WL2
O54825	P51406
O54825	Q20932
O54825	O60071
O74374	O74374
O74374	P38652
O74374	Q8BZF8
O74374	P33401
O74374	P37012
O74374	Q15124
O74374	Q23919
O74374	D3ZVR9
O74374	Q9D0F9
O74374	Q9VUY9
O74374	Q08DP0
O74374	Q9SCY0
O74374	P36871
O74374	B0R0B3
O74374	O49299
O74374	Q9SGC1
O74374	P93804
O74374	P93805
O74374	Q9P931
O75771	O75771
O75884	O75884
O75971	O75971
O75971	Q8R2K7
O94267	O94267
O94267	Q9N5R9
O94267	O82491
O94267	Q8IRG6
O94267	Q920B9
O94267	P32558
O94267	Q9Y5B9
O94435	O94435
O94716	O94716
O95866	O95866
O95866	D7PDD4
O96001	O96001
O96001	Q9Z2E4
O97756	O97756
O97756	Q29495
O97756	O88816
O97756	Q64666
P18899	P18899
P20099	P20099
P21467	P21467
P21467	Q5A900
P21467	Q5HDX5
P21467	O74892
P21467	Q9SCM3
P21467	P27685
P21467	Q10234
P21467	A4VYQ9
P21467	P51403
P21467	Q93VB8
P21467	O05641
P21467	P31009
P21467	P33759
P21467	A0QSG6
P21467	P25443
P21467	P82675
P21467	B1XJJ1
P21467	P15880
P21467	P73304
P21467	P0A7W6
P21467	P0A7W1
P21467	P27952
P21467	P25444
P21467	P49688
P21614	P21614
P21614	P04276
P21816	P21816
P21816	P60334
P21816	Q16878
P23226	P23226
P23721	P23721
P23721	Q9Y617
P23721	Q9VAN0
P23721	Q10349
P23721	P91856
P23721	Q9SHP0
P23721	P33330
P23721	Q8XEA7
P23721	Q96255
P23721	Q99K85
P25611	P25611
P25611	Q12244
P29372	P29372
P29372	Q04841
P30177	P30177
P30859	P30859
P30859	P0AEU0
P31395	P31395
P31395	Q6DUB7
P31395	P13668
P31395	P16949
P31395	P63042
P31395	P63043
P31395	Q9H169
P31395	P54227
P31395	P21818
P31395	P55821
P31395	Q93045
P31395	O70166
P31395	Q9JHU6
P32354	P32354
P32453	P32453
P34369	P34369
P34369	Q6P2Q9
P34369	Q99PV0
P34369	Q9SSD2
P34369	O14187
P34369	P33334
P38151	P38151
P38211	P38211
P38211	Q9NUD9
P38264	P38264
P38264	O42940
P38264	Q9HDZ8
P38321	P38321
P38818	P38818
P39466	P39466
P39734	P39734
P39734	Q99332
P39904	P39904
P40022	P40022
P40422	P40422
P40523	P40523
P40850	P40850
P46922	P46922
P46993	P46993
P47112	P47112
P48563	P48563
P52415	P52415
P52415	P0A6V4
P52415	P0A6V3
P52415	P55229
P52415	P55228
P52415	P30523
P52415	P55230
P52415	P55231
P52415	P55234
P52415	Q9SIK1
P52415	P12298
P52415	P12299
P52415	P12300
P53063	P53063
P53694	P53694
P53908	P53908
P53959	P53959
A0A1B0GUW6	A0A1B0GUW6
A0JP43	A0JP43
A0JP43	A4FU69
A1L190	A1L190
A1L190	B5KM66
A2A8T7	A2A8T7
A5D8W1	A5D8W1
A6NHR9	A6NHR9
A6NHR9	Q6P5D8
A6NJY1	A6NJY1
A6NJY1	Q86UD5
A6NJY1	Q4ZJI4
A6ZJ71	A6ZJ71
B2RBV5	B2RBV5
B2RBV5	Q96HT8
B2RBV5	Q9Y605
B2RX88	B2RX88
I3L273	I3L273
O04211	O04211
O04211	Q94BS8
O08557	O08557
O08557	Q9CWS0
O08557	O94760
O08557	Q6MG60
O08557	O95865
O08557	Q99LD8
O13796	O13796
O25595	O25595
P08506	P08506
P08506	P0AEB2
P0A8R6	P0A8R6
P0A9M6	P0A9M6
P0A9M6	P0A9M5
P0ABK4	P0ABK4
P0ACB3	P0ACB3
P0ACB3	Q5HFA4
P0ACB3	P30950
P0ACB3	O42768
P0ACB3	P10518
P0ACB3	P13716
P0ACB3	Q9SFH9
P0ACB3	P43210
P0ACB3	P05373
P0ACB3	P06214
P0AD24	P0AD24
P0AFH8	P0AFH8
P0AG92	P0AG92
P0C221	P0C221
P0C221	E9PVB3
P0C8K7	P0C8K7
P0C8K7	B2RUZ4
P0CX24	P0CX24
P0CX24	P0CX23
P0CX24	P41093
P0CX24	P0CT69
P0CX24	P0CT68
P0CX24	O44480
P0CX24	P62717
P0CX24	P62718
P0CX24	Q02543
P0CX24	A0A1D8PLC9
P12032	P12032
P12032	P01033
P12032	P35625
P12032	Q99727
P12975	P12975
P12975	Q9S831
P12975	Q9S714
P13469	P13469
P14063	P14063
P16083	P16083
P16083	P05982
P16083	P80871
P16083	Q9JI75
P16083	P15559
P16083	Q64669
P17117	P17117
P17117	P39605
P40071	P40071
P40219	P40219
P40219	P40218
P40986	P40986
P42073	P42073
P43583	P43583
P45970	P45970
P47050	P47050
P47113	P47113
P48565	P48565
P50444	P50444
P50444	Q9M2H7
P50444	Q9USL5
P50444	Q5XIP1
P50444	Q80X73
P50444	Q9BRX2
P50444	P33309
P50444	P48612
P51612	P51612
P51612	Q24595
P51612	Q01831
P51998	P51998
P52655	P52655
P52655	Q9USU9
P52655	P32773
P52655	O08949
P52655	Q9UNN4
P52655	Q99PM3
P53064	P53064
P53179	P53179
P53179	Q9UW13
P53858	P53858
P53960	P53960
P54464	P54464
P54464	Q12032
P56385	P56385
P56385	P29419
P56385	Q06185
P57770	P57770
P57770	O43572
P57770	Q10955
P57770	O88845
P57770	O88845
P58468	P58468
P58468	Q9NSI2
Q38854	Q38854
Q38854	P54523
Q38854	O23403
Q38854	P73067
Q38854	O25121
Q38854	Q83SG2
Q3C1V1	Q3C1V1
Q3HNM7	Q3HNM7
Q3MIP1	Q3MIP1
Q3MIP1	Q3UV16
Q3TNL8	Q3TNL8
Q3TNL8	Q13394
Q3TNL8	Q9Y586
Q3TNL8	A2ASA8
Q3TNL8	Q8IWB1
Q3TNL8	Q6GPH6
Q3UJV1	Q3UJV1
Q3UJV1	A0JPP8
Q3UY96	Q3UY96
Q3UY96	Q9C0B2
Q41932	Q41932
Q41932	Q0D5P8
Q41932	Q9XFT3
Q41932	Q2V4B2
Q497K5	Q497K5
Q4KLH6	Q4KLH6
Q4KLH6	Q6ZQ06
Q4V7B0	Q4V7B0
Q502M5	Q502M5
Q502M5	Q8K2D3
Q502M5	Q9VVI2
Q51487	Q51487
Q569C0	Q569C0
Q569C0	Q9CQG9
Q569C0	Q9NV29
Q59Y46	Q59Y46
Q5A6Q4	Q5A6Q4
Q5A6Q4	Q9HGL4
Q5A6Q4	P41814
Q5HEM3	Q5HEM3
Q5HEM3	Q9FV81
Q5HEM3	P75533
Q5HEM3	Q97ZH6
Q5HEM3	O75879
Q5HEM3	Q99JT1
Q5JVX7	Q5JVX7
Q5PQN4	Q5PQN4
Q5SW28	Q5SW28
Q5SW28	Q8WYR1
Q5SZD1	Q5SZD1
Q5TEA3	Q5TEA3
Q5TEA3	Q7TT23
Q5VSR9	Q5VSR9
Q5VSR9	Q9NY87
Q5VSR9	Q5MJ08
Q5VSR9	Q9BXN6
Q5VSR9	Q9NS25
Q5VSR9	Q9NS26
Q5XI03	Q5XI03
Q5XI03	Q8BVV7
Q5XIB1	Q5XIB1
Q5XIB1	Q9JHE7
Q5XIB1	Q1LZD3
Q5XJE5	Q5XJE5
Q5XJE5	Q17431
Q5XJE5	Q641X2
Q5XJE5	Q9P6R2
Q5XJE5	Q94546
Q5XJE5	Q9FNQ0
Q5XJE5	P38439
Q7Z5A7	Q7Z5A7
Q7Z5A7	Q96LR4
Q80VH0	Q80VH0
Q80VH0	Q8NDB2
Q83IP5	Q83IP5
Q83LF6	Q83LF6
Q83LF6	P9WHQ1
Q83LF6	Q83IR6
Q86VV8	Q86VV8
Q86VV8	Q8R4Y8
Q8BGW1	Q8BGW1
Q8BGW1	Q9C0B1
Q8BH50	Q8BH50
Q8BHE1	Q8BHE1
Q8BHE1	P34399
Q8BHE1	Q9NWZ8
Q8BJS7	Q8BJS7
Q8BVN4	Q8BVN4
Q8C551	Q8C551
Q8C551	Q96B01
Q8CBY8	Q8CBY8
Q8CBY8	Q9QUR2
Q8CDE2	Q8CDE2
Q8CDE2	Q5XI58
Q8CDE2	Q13939
Q8CHX7	Q8CHX7
Q8CHX7	Q6A0D4
Q8CHX7	Q52LD8
Q8CHX7	Q14699
Q8INM9	Q8INM9
Q8IV31	Q8IV31
Q8IYW2	Q8IYW2
Q8IZF0	Q8IZF0
Q8IZF0	Q8BXR5
Q8K0F1	Q8K0F1
Q8K0F1	Q9NUY8
Q8K2U2	Q8K2U2
Q8K2U2	Q3KRA9
Q96ES7	Q96ES7
Q96ES7	Q9DA08
Q96G27	Q96G27
Q96G27	P0C1G7
Q96G27	Q9NX94
Q96G27	Q8BGW2
Q96JY0	Q96JY0
Q96LY2	Q96LY2
Q96MX6	Q96MX6
Q97EG6	Q97EG6
Q97EG6	Q9P6M9
Q97EG6	Q9CE47
Q97EG6	Q04599
Q97EG6	Q06797
Q97EG6	Q04LP6
Q97EG6	P9WHC7
Q97EG6	Q8YAA4
Q97EG6	Q5HID7
Q97EG6	P0A7L0
Q97EG6	Q83PC2
Q97EG6	Q9LY66
Q97UV1	Q97UV1
Q99220	Q99220
Q9BRQ3	Q9BRQ3
Q9BRQ3	Q6P9U1
Q9BSD3	Q9BSD3
Q9BUL8	Q9BUL8
Q9C0V9	Q9C0V9
Q9C0V9	P40080
Q9CX62	Q9CX62
Q9CX62	Q80VY2
Q9CZS3	Q9CZS3
Q9CZS3	Q96NB1
Q9D0A3	Q9D0A3
Q9D0A3	Q7Z6K5
Q9D0N8	Q9D0N8
Q9D1G0	Q9D1G0
Q9D1G0	P24855
Q9D1G0	O89107
Q9D1G0	Q9D7J6
Q9D1G0	P49184
Q9D1G0	Q13609
Q9D1G0	P49183
Q9D328	Q9D328
Q9D328	Q53FP2
Q9D5K1	Q9D5K1
Q9D826	Q9D826
Q9D826	Q96CU9
Q9D826	Q9P0Z9
Q9DA69	Q9DA69
Q9DA69	Q96FT9
Q9DA69	A8HYP5
Q9DD20	Q9DD20
Q9DD20	Q9H8H3
Q9EQ25	Q9EQ25
Q9EQ25	Q8R1S9
Q9EQ25	Q9JM15
Q9EQ25	Q9DCP2
Q9EQ25	F4IZW8
Q9EQ25	G3UVW3
Q9EQ25	Q3U1J0
Q9EQ25	Q8WUX1
Q9EQ25	P47082
Q9EQ25	Q8IZM9
Q9EQ25	Q9JHE5
Q9EQ25	Q8CFE6
Q9EQ25	Q8K2P7
Q9EQ25	O80668
Q9EQ25	Q1PER9
Q9EQ25	F4IUW3
Q9EQ25	Q96QD8
Q9EQ25	Q99624
Q9EQ25	Q9H2H9
Q9EQ25	Q9JHZ9
Q9EQ25	F4JE35
Q9EQ25	Q969I6
Q9EQQ2	Q9EQQ2
Q9EQQ2	Q969M3
Q9ER73	Q9ER73
Q9ER73	Q96EB1
Q9ER73	Q9VMQ7
Q9ES53	Q9ES53
Q9ES53	P70362
Q9ES53	Q19584
Q9ES53	Q9VTF9
Q9ES53	Q9SJV0
Q9ES53	P53044
Q9ES53	O42915
O53857	O53857
O59739	O59739
O60086	O60086
O60086	P25605
O70472	O70472
O80439	O80439
O94722	O94722
P02651	P02651
P02651	P06727
P02651	P06728
P03905	P03905
P03905	P05508
P05059	P05059
P05059	P10354
P05059	P26339
P05059	P10645
P05371	P05371
P05371	P10909
P05371	Q06890
P07363	P07363
P25615	P25615
P30871	P30871
P32357	P32357
P32579	P32579
P32797	P32797
P34072	P34072
P34397	P34397
P34706	P34706
P36117	P36117
P36117	P38167
P36117	P47029
P36117	Q12734
P36117	O74798
P36158	P36158
P37751	P37751
P38153	P38153
P38213	P38213
P38271	P38271
P38325	P38325
P38633	P38633
P38633	Q9Y3C7
P38633	Q9USH1
P38953	P38953
P39105	P39105
P39105	Q03674
P39105	Q08108
P39647	P39647
P39914	P39914
P40026	P40026
P40987	P40987
P42286	P42286
P70326	P70326
P70326	Q16650
P70326	O54839
P70326	Q9UMR3
P70326	O75333
P70326	Q810F8
P70326	O60806
P70326	O95935
P70326	O95936
P70326	Q19691
P70326	O95947
P70326	O43435
P70326	Q99593
P70326	Q13207
P70326	Q9JKD8
P70326	O15178
P70326	P57082
P70326	Q99ME7
P70326	Q64336
P70326	Q9Y458
P70326	Q9EPZ6
P70326	P70323
P70326	Q24432
P70326	Q9ES03
P70326	P70324
P70326	O70306
P70326	P70325
P70326	Q7TST9
P70326	Q60707
P70326	O15119
P70326	Q9UL17
P75090	P75090
P76143	P76143
P78543	P78543
P78543	Q14106
P78543	Q63073
P78543	P62324
P78543	P62325
P78543	Q8R5K6
P78543	P50615
P78543	Q04211
P78543	Q9JM55
P78543	O88677
P78543	Q61471
P78543	Q9NY30
P82805	P82805
P82805	P82873
P82805	P82874
P84889	P84889
P84889	Q91ZD4
P84889	Q8TAA9
P84889	Q9ULK5
P84889	Q80Z96
P96615	P96615
P97613	P97613
P97613	Q9NZH4
P97613	Q9NZH5
P97613	Q9NZH5
P97613	O95997
P9WG05	P9WG05
P9WJC5	P9WJC5
P9WJC5	P9WJC4
P9WK87	P9WK87
P9WK87	Q9LMA7
P9WK87	P15304
P9WK87	Q8K411
P9WK87	Q9LJL3
P9WK87	Q05469
P9WK87	Q9ZQ91
P9WK87	P32898
P9WK87	Q6PIU2
P9WK87	P22760
P9WK87	Q9LT10
P9WK87	Q12496
P9WK87	P71668
P9WK87	Q8BLF1
P9WK87	Q99PG0
P9WK87	Q04066
P9WK87	A2A7Z8
P9WK87	O64640
P9WK87	Q9FX92
P9WK87	Q9FX93
P9WK87	Q9LK21
P9WK87	Q9FX94
P9WK87	Q6P093
P9WK87	Q5VUY2
P9WK87	Q68J42
P9WK87	Q5JRX3
P9WK87	P95125
P9WK87	O14158
P9WK87	Q9SMM9
Q01649	Q01649
Q04900	Q04900
Q04HY8	Q04HY8
Q04HY8	Q8YAC4
Q05610	Q05610
Q05610	O14319
Q05610	Q08412
Q05867	Q05867
Q06071	Q06071
Q06479	Q06479
Q06608	Q06608
Q06608	Q06199
Q06697	Q06697
Q3UK37	Q3UK37
Q3UMW8	Q3UMW8
Q3UMW8	O75503
Q3UUA0	Q3UUA0
Q4FZV2	Q4FZV2
Q4FZV2	Q8VD57
Q4FZV2	O95562
Q4FZV2	Q5U3Y5
Q4FZV2	Q8WV19
Q4FZV2	Q5SSN7
Q4J8R2	Q4J8R2
Q4JAB4	Q4JAB4
Q4V7B1	Q4V7B1
Q4V7B1	Q6ZVT6
Q502W6	Q502W6
Q53S58	Q53S58
Q53S58	Q8BPE4
Q58FY4	Q58FY4
Q5BI31	Q5BI31
Q5GH64	Q5GH64
Q5GH64	Q5GH76
Q5GH64	Q6UX68
Q5GH64	Q9H6D3
Q5GH64	Q5GH56
Q5GH64	Q5GH59
Q5GH64	Q5GH66
Q5GH64	Q5GH67
Q5GH64	Q5GH72
Q5GH64	O17386
Q5GH64	Q5GH73
Q5HEU2	Q5HEU2
Q5HEU2	P54224
Q5HEU2	P70697
Q5HEU2	P06132
Q5HEU2	O22886
Q5HEU2	O81220
Q5HEU2	B0VUQ9
Q5HEU2	P32362
Q5HFS5	Q5HFS5
Q5HFS5	Q8Y5V0
Q5HID8	Q5HID8
Q5HID8	B0VMA3
Q5HID8	P53875
Q5HID8	Q8PNT4
Q5HID8	Q9Y3B7
Q5HID8	Q06796
Q5HID8	Q9MAP3
Q5HID8	Q9CQF0
Q5HID8	B1XJH2
Q5HID8	P66054
Q5HID8	Q3K003
Q5M9H1	Q5M9H1
Q5M9H1	Q15345
Q5PQN6	Q5PQN6
Q5PQN6	Q9H9C1
Q5PQN6	Q8BGQ1
Q5PQN6	A5D796
Q5RL73	Q5RL73
Q5SZD4	Q5SZD4
Q5SZD4	Q91XE0
Q5SZD4	A0A0U1RQE8
Q5SZD4	Q8WU03
Q5SZD4	Q9DCY0
Q5SZD4	E9Q5L8
Q5SZD4	Q969I3
Q5SZD4	Q6IB77
Q5T655	Q5T655
Q5T655	B2RW38
Q5T9G4	Q5T9G4
Q62170	Q62170
Q62276	Q62276
Q62276	A0JPN6
Q62276	Q15528
Q629K1	Q629K1
Q629K1	B2B9E1
Q6A044	Q6A044
Q6A044	Q5HZJ5
Q6A044	O60320
Q6A044	Q15884
Q6DFW0	Q6DFW0
Q6DFW0	Q96LT7
Q6LA53	Q6LA53
Q6NSI4	Q6NSI4
Q6P1Q0	Q6P1Q0
Q6P1Q0	Q924L1
Q6P5C5	Q6P5C5
Q6UWU2	Q6UWU2
Q6UWU2	Q9MAJ7
Q6UWU2	Q9FN08
Q6UWU2	Q8NCI6
Q6UWU2	P23780
Q6UWU2	P16278
Q6UWU2	Q9SCV0
Q6UWU2	Q8IW92
Q6UWU2	Q9SCV1
Q6UWU2	Q9SCV5
Q6UWU2	Q9C6W4
Q6ZW05	Q6ZW05
Q6ZW05	B9EKX1
Q6ZW05	Q14B62
Q6ZW05	Q96NR3
Q7TMA4	Q7TMA4
Q7TS73	Q7TS73
Q7TS73	Q6AXS9
Q7TS73	Q8N5W9
Q7TS73	Q5SVD0
Q7Z412	Q7Z412
Q7Z5B4	Q7Z5B4
Q803T2	Q803T2
Q803T2	Q8C9H6
Q803T2	Q8C079
Q803T2	Q9ULQ0
Q80UN9	Q80UN9
Q80UN9	Q9H3H1
Q810A5	Q810A5
Q810A5	Q68EN5
Q810A5	Q8NCT3
Q83IP6	Q83IP6
Q8PGJ4	Q8PGJ4
Q8PGJ4	A3EWL3
Q8PGJ4	Q9QUG2
Q8PGJ4	Q9UNA4
Q8PGJ4	Q920Q2
Q8PGJ4	Q5FWF5
Q8PGJ4	A7UL74
Q8PGJ4	P43605
Q8PGJ4	Q9UBZ9
Q8PGJ4	Q9Y253
Q8PGJ4	Q56NI9
Q8PGJ4	Q8CIB9
Q8PGJ4	Q9VS50
Q8PGJ4	Q9JJN0
Q8PGJ4	Q69Z69
Q8PGJ4	Q6R3M4
Q8PGJ4	Q9VNX1
Q8PGJ4	Q9UBT6
Q8PGJ4	Q9VHV1
Q8PGJ4	Q4JB80
Q8PGJ4	O42917
Q8PGJ4	Q5SPR8
Q8PGJ4	Q9W0P2
Q8R0I0	Q8R0I0
Q8R0I0	P09470
Q8R0I0	Q9HBJ8
Q8R0I0	F1RRW5
Q8R0I0	Q9BYF1
Q8R0I0	P47820
Q8R0I0	Q9ESG3
Q8R0I0	D0G895
Q8R0I0	Q9ESG4
Q8R0I0	P12821
Q8R2U2	Q8R2U2
Q8R2U2	Q6NW34
Q8TB03	Q8TB03
Q8TB03	Q8C5K5
Q8TBY9	Q8TBY9
Q8TBY9	E9Q743
Q8TCE6	Q8TCE6
Q8TCE6	Q6NSW5
Q8TDV2	Q8TDV2
Q8WTQ4	Q8WTQ4
Q8WUH2	Q8WUH2
Q8WUH2	Q3UR70
Q8WV74	Q8WV74
Q8WV74	Q12524
Q8WV74	P0C024
Q8WV74	Q9CR24
Q8WV74	Q99P30
Q92530	Q92530
Q92530	Q8BHL8
Q92530	Q5XIU5
Q92624	Q92624
Q92624	Q9DAX9
Q92624	A5HK05
Q92844	Q92844
Q92844	P70347
Q92844	P70347
Q95X44	Q95X44
Q95X44	Q39258
Q95X44	Q9D593
Q95X44	Q6PCU2
Q95X44	P50518
Q95X44	P36543
Q95X44	O13687
Q95X44	P0CAN7
Q95X44	Q96A05
Q95X44	Q9C9Z8
Q95X44	O00780
Q95X44	P22203
Q96262	Q96262
Q96262	Q9LU05
Q96262	A2WMG6
Q96262	Q0JPA6
Q969T7	Q969T7
Q969T7	Q3UFY7
Q969T7	Q9D020
Q969T7	Q9W197
Q969T7	Q9H0P0
Q96C03	Q96C03
Q96C03	Q5XIS8
Q96C03	Q9NQG6
Q96C03	Q5NCS9
Q96C03	Q8BGV8
Q96DG6	Q96DG6
Q96DG6	Q7TP52
Q96DG6	Q8R1G2
Q96GV9	Q96GV9
Q96GV9	Q8VEB3
Q96IR7	Q96IR7
Q96LB3	Q96LB3
Q96LB3	Q8BKE9
Q96ST8	Q96ST8
Q96ST8	Q9CZX2
P92560	P92560
P93820	P93820
Q02197	Q02197
Q04329	Q04329
Q04329	Q12048
Q07913	Q07913
Q09327	Q09327
Q09327	Q02527
Q09327	Q10470
Q09761	Q09761
Q0E3V2	Q0E3V2
Q10149	Q10149
Q10149	Q91X51
Q10149	Q99JX3
Q10149	Q04410
Q10149	O35254
Q10149	Q9BQQ3
Q10149	Q9R064
Q10483	Q10483
Q12270	Q12270
Q12508	Q12508
Q1ZXI8	Q1ZXI8
Q39846	Q39846
Q3E835	Q3E835
Q3EDA9	Q3EDA9
Q3U4G3	Q3U4G3
Q3U4G3	Q8NBI6
Q3ZLR7	Q3ZLR7
Q3ZLR7	Q66HC7
Q3ZLR7	P0C7V6
Q3ZLR7	F4IDB2
Q3ZLR7	Q8NEM7
Q42574	Q42574
Q42574	Q39165
Q42574	P21641
Q42574	Q9SS98
Q42574	Q42431
Q42574	P13436
Q42574	Q9LY09
Q42574	P29525
P03407	P03407
P09310	P09310
Q05127	Q05127
Q93Y32	Q93Y32
Q93Y32	O35854
Q93Y32	P0AB80
Q93Y32	Q9LPM9
Q93Y32	O35855
Q93Y32	P38891
Q93Y32	Q9ASR4
Q93Y32	O15382
Q93Y32	O14370
Q93Y32	P54691
Q93Y32	P24288
Q93Y32	P47176
Q93Y32	Q9LE06
Q93Y32	Q9M401
Q93Y32	Q9M439
Q96QS1	Q96QS1
Q99MY0	Q99MY0
Q99MY0	Q9BXG8
Q99MY0	Q6AXY9
Q9AQW1	Q9AQW1
Q9AQW1	Q93YU8
Q9ATY5	Q9ATY5
Q9ATY5	P39750
Q9ATY5	Q17RS7
Q9ATY5	Q9VRJ0
Q9ATY5	Q24558
Q9ATY5	Q9QZ11
Q9ATY5	Q5XIP6
Q9ATY5	Q8BMI4
Q9ATY5	Q4JAN1
Q9ATY5	Q980U8
Q9ATY5	Q12086
Q9ATY5	P28715
Q9ATY5	P28706
Q9ATY5	Q09708
Q9ATY5	P39875
Q9ATY5	Q9LPD2
Q9ATY5	Q9UQ84
Q9ATY5	P53695
Q9ATY5	P07276
Q9ATY5	P35689
Q9ATY5	P40028
Q9ATY5	P26793
Q9ATY5	P39748
Q9ATY5	P39749
Q9C0W8	Q9C0W8
Q9C534	Q9C534
Q9C5R8	Q9C5R8
Q9C5R8	P0AE55
Q9C5R8	P0AE52
Q9C5R8	P0AE54
Q9C5R8	P32119
Q9C5R8	Q9TSX9
Q9C5R8	Q96291
Q9C5R8	Q13162
Q9C5R8	Q6E2Z6
Q9C5R8	P52552
Q9C5R8	Q9Z0V6
Q9C5R8	O74887
Q9C5R8	P34760
Q9C5R8	P30041
Q9C5R8	P40553
Q9C5R8	Q9Z0V5
Q9C5R8	P30048
Q9C5R8	P9WIE3
Q9C5R8	O04005
Q9C5R8	P80602
Q9C5R8	Q9LU86
Q9C5R8	Q9V3P0
Q9C5R8	Q9M7T0
Q9C5R8	P0C5C9
Q9C5R8	O35244
Q9C5R8	Q06830
Q9C5R8	O08807
Q9C5R8	Q02UU0
Q9C5R8	P99029
Q9C5R8	P0AE08
Q9C5R8	P0AE10
Q9C5R8	P0AE11
Q9C5R8	O08709
Q9C5R8	Q61171
Q9C5R8	P34227
Q9C5R8	Q63716
Q9C5R8	P73728
Q9C5R8	P80239
Q9C5R8	Q04120
Q9C5R8	Q9R063
Q9C5R8	P20108
Q9C5R8	Q949U7
Q9C5R8	P38013
Q9C5R8	O14313
Q9C5R8	P0A252
Q9C5R8	P35700
Q9C5R8	P0CU34
Q9C5R8	Q9Y7F0
Q9C5R8	P35704
Q9C717	Q9C717
Q9CPY6	Q9CPY6
Q9CPY6	Q8IVV7
Q9D3H0	Q9D3H0
Q9EQP6	Q9EQP6
Q9EQP6	P51485
Q9EQP6	P49407
Q9EQP6	Q91YI4
Q9EQP6	P29066
Q9EQP6	P29067
Q9EQP6	P20443
Q9EQP6	P19107
Q9EQP6	P10523
Q9EQP6	Q8BWG8
Q9EQP6	P15887
Q9FYF7	Q9FYF7
Q9JJK1	Q9JJK1
Q9JJK1	Q812E9
Q9JJK1	P51674
Q9JJK1	P35802
Q9JJK1	P35803
Q9JJK1	P60201
Q9JJK1	P60202
Q9JJK1	P60203
Q9LD45	Q9LD45
Q9LMR5	Q9LMR5
Q9LNJ9	Q9LNJ9
Q9LS88	Q9LS88
Q9LS88	Q9C9U0
Q9LTB0	Q9LTB0
Q9LTB0	Q6PGF7
Q9LTB0	Q9SY60
Q9LTB0	F4I4B6
Q9LTB0	O54924
Q9LTB0	Q8IYI6
Q9M096	Q9M096
Q9M096	Q9ZPE4
Q9M096	Q8N461
Q9M096	Q9SMY8
Q9M096	Q8NEE6
Q9M096	Q9S9V9
Q9M096	Q9M0U7
Q9P2X8	Q9P2X8
Q9QZM3	Q9QZM3
Q9S7D1	Q9S7D1
Q9SIP1	Q9SIP1
Q9SU79	Q9SU79
Q9SU79	Q99K82
Q9SU79	Q9NWM0
Q9SVH3	Q9SVH3
Q9T075	Q9T075
Q9T075	Q96G75
Q9T075	Q9H871
Q9URQ5	Q9URQ5
Q9ZUN5	Q9ZUN5
Q9ZUN5	Q9SI56
Q9ZUN5	Q9M1E7
A0A023PZB3	A0A023PZB3
A1KMU5	A1KMU5
A2A3L6	A2A3L6
B0VMU5	B0VMU5
B0VMU5	P75161
B0VMU5	A2YMU2
B0VMU5	Q8Y7G7
B0VMU5	P0A805
B0VMU5	P0A807
B0VMU5	P0A808
B0VMU5	Q9M1X0
B0VMU5	Q9D6S7
B0VMU5	Q5RKI9
B0VMU5	Q96E11
B0VMU5	P81101
B3KS81	B3KS81
C0H445	C0H445
C9J3V5	C9J3V5
C9J3V5	Q9D9U4
I6Y4D2	I6Y4D2
O00230	O00230
O00400	O00400
O00400	P38318
O00400	Q99J27
O00400	Q96ES6
O00400	Q6AYY8
O00400	Q9USW4
O07021	O07021
O13329	O13329
O13824	O13824
O14093	O14093
O14210	O14210
O14210	P40154
O31672	O31672
O31672	Q5HHY2
O31672	Q2G0B1
O31672	O31592
O31672	O34949
O32104	O32104
O34660	O34660
O34660	P11884
O34660	P51647
O34660	Q9DBF1
O34660	P47739
O34660	P51648
O34660	Q8K009
O34660	P51649
O34660	Q8W033
O34660	P47895
O34660	P51650
O34660	P24549
O34660	P9WNY1
O34660	P9WNY0
O34660	Q571I9
O34660	P47771
O34660	O74766
O34660	J3QMK6
O34660	P05091
O34660	P30038
O34660	P46367
O34660	P08157
O34660	Q9STS1
O34660	Q80VQ0
O34660	Q9JLJ2
O34660	P40047
O34660	Q7KW39
O34660	Q9JLJ3
O34660	Q2XQV4
O34660	G5DDC2
O34660	P38694
O34660	Q83R90
O34660	Q8BH00
O34660	P38067
O34660	P07275
O34660	P28037
O34660	P43353
O34660	Q64057
O34660	Q9H2A2
O34660	O94788
O34660	P00352
O34660	P42412
O34660	Q8IZ83
O34660	P49419
O34660	P83401
O34660	Q8R0Y6
O34660	Q9UTM8
O34660	P09546
O34660	P0C2X9
O34660	Q1WIQ6
O34660	C0P9J6
O34660	C6KEM4
O34660	Q8CHT0
O34660	Q9JHW9
O34660	P37685
O34660	P13601
O34660	P30837
O34660	P47738
O34660	P52713
O34660	P30838
O34660	P47740
O34660	Q8BWF0
O34660	Q97UA1
O34660	E9Q3E1
O34660	P30839
O34660	P48448
O34660	Q02252
O34660	Q3T1L0
O34660	Q62148
O34660	Q9P7K9
O34660	O35945
O34660	P39634
O34660	Q02253
O34660	Q3SY69
O34660	O14293
O34660	Q9CZS1
O34660	Q9EQ20
O34660	Q0WSF1
O34660	P46562
O34660	P77674
O34660	Q5HCZ6
O34660	Q9S795
O34660	P54114
O34660	Q04458
O34660	P54115
O34660	P11883
O43137	O43137
O43257	O43257
O43676	O43676
O54835	O54835
O54835	O43541
O54835	Q9W7E7
O54835	O35182
O54835	Q02330
O54835	P97454
O54835	Q13485
O54835	P84022
O54835	P84024
O54835	P84025
O54835	Q8BUN5
O54835	P97471
O54835	O70436
O54835	Q15796
O54835	Q62432
O54835	Q99717
O54835	Q9R1V3
O54835	O35253
O54835	O15198
O54835	P97588
O54835	Q15797
O54835	P70340
O54835	O62609
O54835	P42003
O54835	O15105
O54835	Q21733
O54835	Q9JIW5
O61345	O61345
O64885	O64885
O70491	O70491
O70491	Q4QR83
O74485	O74485
O74992	O74992
O95479	O95479
O95479	Q00612
O95479	P50278
O95479	Q27464
O95479	O88958
O95479	A2YNH4
O95479	Q43727
O95479	P53315
O95479	Q9VZ64
O95479	O00091
O95479	O31458
O95479	P37262
O95479	P48828
O95479	Q9FJI5
O95479	Q9FIN1
O95479	P73411
O95479	O18229
O95479	P85971
O95479	Q9CQ60
O95479	P74618
O95479	Q8Y8E7
O95479	Q8IKU0
O95479	P38858
O95479	O95336
O95479	Q9XVJ2
O95479	P11412
O95479	P12646
O95479	Q9Z3S1
O95479	Q9FY99
O95479	Q8TDQ7
O95479	Q9LK23
O95479	P05370
O95479	P46926
O95479	P97324
O95479	Q93ZW0
O95479	P0A759
P01350	P01350
P01350	P01353
P01350	P04563
P02316	P02316
P02316	P82970
P02316	Q3ZBV4
P02316	B4F777
P02316	P05204
P02316	Q66H40
P02316	P05114
P02316	Q9DCB1
P02316	Q9JL35
P02316	P18608
P02316	P09602
P02316	O00479
P05066	P05066
P07221	P07221
P07221	P19633
P07221	O14958
P07221	P12637
P07221	O09161
P07221	O09165
P07221	P31415
P07221	P51868
P25367	P25367
P25524	P25524
P25626	P25626
P29256	P29256
P29256	Q9SHE8
P30261	P30261
P30902	P30902
P32177	P32177
P32806	P32806
P34241	P34241
P34601	P34601
P36022	P36022
P36080	P36080
P36080	P70279
P36080	Q9VDS6
P36080	O75683
P36080	O14279
P36080	O43082
P36516	P36516
P37782	P37782
P38732	P38732
P38828	P38828
P39120	P39120
P39120	I6Y9Q3
P39120	Q9LXS7
P39120	P0ABH8
P39120	P0ABH7
P39120	Q9LXS6
P39120	P9WPD5
P39120	P9WPD4
P39758	P39758
P39758	P08874
P39976	P39976
P39976	P84850
P39976	P46681
P39976	Q8CIM3
P40162	P40162
P40354	P40354
P40896	P40896
P41697	P41697
P43132	P43132
P43594	P43594
P46327	P46327
P46945	P46945
P47006	P47006
P47068	P47068
P47068	O42854
P48582	P48582
P50109	P50109
P50591	P50591
P50591	P50592
P53079	P53079
P53133	P53133
P53254	P53254
P53719	P53719
P53719	Q03695
P54514	P54514
Q07505	Q07505
Q07688	Q07688
Q07688	O94321
Q07897	Q07897
Q08236	Q08236
Q08417	Q08417
Q08931	Q08931
Q08AI8	Q08AI8
Q09718	Q09718
Q09718	P84091
Q09718	P84092
Q09718	Q96CW1
Q09718	O22715
Q09718	P35585
Q09718	Q32Q06
Q09718	Q9BXS5
Q09718	P54672
Q09718	Q9JKC7
Q09718	Q9Y6Q5
Q09718	O23140
Q09718	O00189
Q09718	Q00776
Q09718	Q99186
Q09718	Q2PWT8
Q09718	Q9HFE5
Q09718	D3ZRP6
Q09718	Q9SB50
Q0P8U6	Q0P8U6
Q0P8U6	Q99KK2
Q0P8U6	P69060
Q0P8U6	Q8NFW8
Q10324	Q10324
Q10475	Q10475
Q10475	Q62448
Q10475	Q9STL9
Q10475	Q99KC8
Q10475	P39935
Q10475	Q61823
Q10475	Q6NZJ6
Q10475	O80548
Q10475	P39936
Q10475	C7G046
Q10475	O00534
Q10475	Q76E23
Q10475	O82233
Q10475	Q41583
Q10475	A9Z1V5
Q10475	Q75WE7
Q10475	B9FXV5
Q10475	Q3UR50
Q10475	Q9JID1
Q10475	Q93ZT6
Q10475	G5CEW6
Q10475	Q94BR1
Q10475	Q03387
Q10475	Q95L46
Q10475	P78344
Q10951	Q10951
Q12366	Q12366
Q12421	Q12421
Q13261	Q13261
Q15834	Q15834
Q15834	A6NKD9
Q15834	Q96PX6
Q15834	E9Q6B2
Q15834	H2KYP0
Q15834	Q5SP85
Q16552	Q16552
Q16552	Q9UHF5
Q16552	Q96PD4
Q16552	Q9QXT6
Q16552	Q5BJ95
Q18892	Q18892
Q21738	Q21738
Q22670	Q22670
Q2LCV6	Q2LCV6
Q2LCV6	Q9D9V2
Q2LCV6	Q9NQ60
Q3LXA3	Q3LXA3
Q3LXA3	P54838
Q3LXA3	Q8VC30
Q3LXA3	P43550
Q3LXA3	O74215
Q3LXA3	Q4KLZ6
Q3LXA3	O13902
Q3LXA3	P76014
Q3LXA3	P76015
Q3UG98	Q3UG98
Q3UN70	Q3UN70
Q3UN70	Q1ZXA9
Q3UN70	Q96LU7
Q3UN70	Q3UR85
Q3UN70	Q9Y2G1
Q3UN70	G5EFI7
Q46920	Q46920
Q49B96	Q49B96
Q4G008	Q4G008
Q4J6M6	Q4J6M6
Q4J929	Q4J929
Q4JAI6	Q4JAI6
Q5BJK8	Q5BJK8
Q5BJK8	O00461
Q5BJK8	Q8BXA1
Q5F2E7	Q5F2E7
Q5F2E7	Q7Z417
Q5HH88	Q5HH88
Q5HH88	Q9CYK1
Q5HH88	Q83JA5
Q5HH88	Q9UGM6
Q5HH88	P04803
Q5HH88	P00954
Q5PQR4	Q5PQR4
Q5PQR4	Q7L4I2
Q5PQR4	A6QLS2
Q5SQ64	Q5SQ64
Q5SUD9	Q5SUD9
Q5SUD9	Q6ZW61
Q5TF39	Q5TF39
Q5U4H9	Q5U4H9
Q5W5X9	Q5W5X9
Q5W5X9	A6H6E9
Q62048	Q62048
Q62048	Q15121
Q62048	Q5U318
Q62048	Q9Z297
Q62187	Q62187
Q62187	Q15361
Q80ZA7	Q80ZA7
Q83ME5	Q83ME5
Q83ME5	Q9M315
Q83ME5	P38122
Q83QQ8	Q83QQ8
Q8BHI7	Q8BHI7
Q8BHI7	Q9GZR5
Q8BHI7	Q9VV87
Q8BHI7	Q9HB03
Q8BHI7	Q9NXB9
Q8BHI7	P40319
Q8BHI7	D4A612
Q8BHI7	O35949
Q8BHI7	P25358
Q8BHI7	Q920L7
Q8BHI7	Q9BW60
Q8BZB3	Q8BZB3
Q8CCA0	Q8CCA0
Q8CCA0	Q8IWE4
Q8CCA0	Q9VUQ8
Q8CCA0	Q8BZJ7
Q8CCA0	Q6PH85
Q8CCA0	Q9VWB1
Q8CCA0	Q9BTE7
Q8CCA0	Q92564
Q8CCA0	Q4V8B2
Q8CCA0	Q8K0V2
Q8CCA0	Q12395
Q8CCA0	Q9CXV9
Q8CCA0	Q5PPL2
Q8CCA0	Q9QZ73
Q8CCA0	Q96GG9
Q8IZI9	Q8IZI9
Q8K2C9	Q8K2C9
Q8K2C9	Q6Y1H2
Q8K2C9	Q9D3B1
Q8K2C9	Q9P035
Q8K2C9	Q9VH95
Q8K2C9	A2AKM2
Q8K2C9	B0YJ81
Q99665	Q99665
Q99665	P97378
Q99KX1	Q99KX1
Q99KX1	Q9QWV4
Q99KX1	Q15773
Q99KX1	Q9NKV0
Q99KX1	Q9NKV0
Q99LG2	Q99LG2
Q99LG2	O14787
Q99LG2	O14089
Q99LG2	B9FDR3
Q99LG2	Q8BFY9
Q99LG2	Q92973
Q9BQB6	Q9BQB6
Q9BQB6	Q8N0U8
Q9BRR6	Q9BRR6
Q9C115	Q9C115
Q9CU24	Q9CU24
Q9CXY1	Q9CXY1
Q9CXY1	Q9BSA9
Q9CZD0	Q9CZD0
Q9CZD0	Q9Y4U1
Q9D4B2	Q9D4B2
Q9D4B2	Q96NG3
Q9D8U0	Q9D8U0
Q9D8U0	P19182
Q9D8U0	P20695
Q9D8U0	O00458
Q9D9C7	Q9D9C7
Q9EP53	Q9EP53
Q9EP53	Q9Z136
Q9EP53	Q92574
Q9EQC5	Q9EQC5
Q9EQC5	Q96KG9
Q9EQC5	Q5M9F8
Q9EXD3	Q9EXD3
Q9GSX9	Q9GSX9
Q9H1C4	Q9H1C4
Q9H1C4	Q8VCW4
Q9H237	Q9H237
Q9H4I3	Q9H4I3
O94245	O94245
O94245	O13699
O94923	O94923
O94923	Q9EPS3
O95447	O95447
O95447	Q5U2Y9
O95447	Q86VQ0
O95447	Q80ST9
P00724	P00724
P03871	P03871
P06804	P06804
P06804	P41273
P06804	P41274
P06804	P01375
P06804	Q9QYH9
P06804	O43557
P06804	P48023
P06804	P01374
P07988	P07988
P0ABH2	P0ABH2
P0ABH2	P0ABH0
P0ABH2	A0A0H2ZPT5
P0ABH2	P0ABH3
P0AEL5	P0AEL5
P0C046	P0C046
P0C046	C0SP85
P0C870	P0C870
P0CX08	P0CX08
P0CX08	P0CX09
P0CX50	P0CX50
P0CX50	P0CX49
P0CX50	Q940B0
P0CX50	Q10192
P0CX50	Q07020
P0CX50	Q8TFH1
P0CX50	A0A1D8PK43
P0CX50	P12001
P0CX50	P35980
P0CX50	Q9VS34
P0CX50	P42791
P0CX50	O45946
P13164	P13164
P13164	Q99J93
P13164	A6NNB3
P13164	C9JQL5
P13164	P26376
P13164	Q01628
P13164	Q01629
P13164	Q8BR26
P13164	Q9CQW9
P13164	A6NMD0
P14908	P14908
P18852	P18852
P21217	P21217
P21217	Q11131
P21217	P22083
P21217	Q5F2L2
P21217	Q6P4F1
P21217	Q11127
P21217	Q495W5
P21217	P51993
P21217	Q9FX97
P21217	Q9Y231
P21217	Q11128
P21217	Q11130
P21781	P21781
P21781	P36363
P21781	Q92914
P21781	P11487
P21781	P15655
P21781	Q9NP95
P21781	O35565
P21781	Q02195
P21781	P61148
P21781	P61149
P21781	P70379
P21781	O60258
P21781	O15520
P21781	Q92913
P21781	P70377
P21781	P08620
P21781	Q92915
P21781	P05230
P21781	P05524
P21781	O76093
P21781	O95750
P21781	P31371
P21781	O43320
P21781	P61329
P21781	P61150
P21781	P12034
P21781	P10767
P21781	P21658
P21781	Q9ESL8
P21781	P13109
P21781	P15656
P22804	P22804
P25346	P25346
P25346	A0A1D8PN12
P25346	Q5A1L6
P25346	O94342
P25588	P25588
P25953	P25953
P27434	P27434
P27641	P27641
P27641	P13010
P29083	P29083
P29083	Q9D0D5
P32341	P32341
P32435	P32435
P32788	P32788
P32855	P32855
Q9UNZ5	Q9UNZ5
Q9US06	Q9US06
Q9V463	Q9V463
Q9V463	Q99P88
Q9V463	O75694
Q9V463	P37199
Q9V719	Q9V719
Q9VAL0	Q9VAL0
Q9VAL0	B0FWK4
Q9VAL0	Q9D958
Q9VD76	Q9VD76
Q9VIE6	Q9VIE6
Q9VIE6	Q7L590
Q9VIE6	Q0VBD2
Q9VLD6	Q9VLD6
Q9VXB0	Q9VXB0
Q9VXB0	Q8NC96
Q9VXB0	Q9CR95
Q9VXB0	Q9NVZ3
Q9VXB0	Q6P756
Q9VXB0	P69682
Q9VXB0	Q9D1J1
Q9XW13	Q9XW13
Q9XW13	Q9VR35
Q9XW13	Q9VR35
Q9Y7U5	Q9Y7U5
Q9Z2M6	Q9Z2M6
Q9Z2M6	O95164
A0AUQ6	A0AUQ6
A1A5P5	A1A5P5
A1A5P5	Q7Z3E5
A1A5P5	Q9D2I5
A8MQB3	A8MQB3
B1ATL7	B1ATL7
C5DE35	C5DE35
C5DE35	A5DR89
C5DE35	Q9FV49
C5DE35	O08663
C5DE35	P38174
C5DE35	P38062
C5DE35	P50579
C5DE35	O60085
P13130	P13130
P13130	P38616
P21519	P21519
P25574	P25574
P29023	P29023
P29023	Q42993
P32450	P32450
P34357	P34357
P38175	P38175
P38830	P38830
P40031	P40031
P42844	P42844
P42844	Q5SXM8
P42844	Q9D113
P78333	P78333
P78333	P51654
P82612	P82612
P82612	A7FKP6
P82612	Q8N0Y7
P82612	P07738
P82612	P36623
P82612	Q9NQ88
P82612	P9WLH5
P82612	Q3SZ62
P82612	P18669
P82612	W5EP13
P82612	P15327
P82612	P36136
P82612	P9WIC7
P82612	P25113
P82612	Q9DBJ1
P82612	Q12326
P82612	O70250
P82612	Q12040
P82612	Q9SCS3
P82612	P62707
P82612	P62709
P82612	P62710
P82612	Q32KV0
P82612	P16290
P82612	Q9CIM0
P82612	P00950
P82612	Q12008
P82612	Q9LM13
P82612	P15259
Q02203	Q02203
Q04370	Q04370
Q05123	Q05123
Q9CPZ3	Q9CPZ3
Q9CWG8	Q9CWG8
Q9D1C3	Q9D1C3
Q9D1C3	Q96I23
Q9DB54	Q9DB54
Q9DB54	Q8WUB2
Q9FGK4	Q9FGK4
Q9FGK4	Q9FKH6
Q9FGK4	Q9LSE7
Q9FGK4	Q9M363
Q9FGK4	Q0WRW8
Q9FGK4	Q9FKC1
Q9FGK4	Q9FFU6
Q9FGK4	Q94BT2
Q9FKH1	Q9FKH1
Q9FMW8	Q9FMW8
Q9FMW8	Q10BX9
Q9FUZ2	Q9FUZ2
Q9FUZ2	Q04JP7
Q9FUZ2	A1KFQ1
Q9FUZ2	Q45495
Q9FUZ2	Q9HBH1
Q9FWS3	Q9FWS3
Q9FYG4	Q9FYG4
Q9JJL0	Q9JJL0
Q9LE44	Q9LE44
Q9LFA4	Q9LFA4
Q9LFA4	Q9M2G8
Q9LFA4	Q9LHN9
Q9LFA4	O82645
Q9LFA4	O64851
Q9LPP4	Q9LPP4
Q9LUJ7	Q9LUJ7
Q9LUJ7	P0DO15
Q9LUJ7	P0DO16
Q9LUJ7	P0DO15
Q9LUJ7	P0DO16
Q9M098	Q9M098
Q9MAG8	Q9MAG8
Q9N4D8	Q9N4D8
Q9NPD7	Q9NPD7
Q9NPD7	Q496H8
Q9P6J7	Q9P6J7
Q9P6J7	P13090
Q9P6J7	Q03263
O94617	O94617
O94617	Q16222
O94617	Q3KQV9
O94617	Q940S3
O94617	O74933
O94617	Q3TW96
O94617	Q91YN5
O94617	P43123
O94986	O94986
O94986	A2AUM9
O95800	O95800
P00811	P00811
P02322	P02322
P02903	P02903
P0A783	P0A783
P0AB89	P0AB89
P0ACE2	P0ACE2
P0ACE2	P0ACD8
P0ADE9	P0ADE9
P0AFU9	P0AFU9
P0AFU9	P38145
P0AGD6	P0AGD6
P0AGD6	P0AGD3
P0AGD6	P07895
P0AGD6	P77968
P0AGD6	P00447
P0AGD6	P00448
P0AGD6	Q9LU64
P0AGD6	P31161
P0AGD6	Q9UQX0
P0AGD6	Q43008
P0AGD6	P09671
P0AGD6	P54375
P0AGD6	P9WGE7
P0AGD6	O81235
P0AGD6	P41977
P0AGD6	P04179
P0AGD6	P28759
P0AGD6	P28764
P11710	P11710
P13267	P13267
P13267	P54394
P13267	P75080
P14120	P14120
P14120	Q9LSA3
P14120	Q9UTP0
P14120	P52808
P14120	P62888
P14120	P62889
P14120	P62890
P14120	Q9C8F7
P14120	A0A1D8PM75
P16127	P16127
P16127	Q9SJE1
P21478	P21478
P21478	P0DJP1
P21478	P68685
P21478	P68681
P21478	P48949
P22058	P22058
P24309	P24309
P24309	Q923B1
P24309	Q9UK59
P24309	Q7T3E4
P24309	Q9VSD7
P25369	P25369
P27999	P27999
P27999	P36954
P75482	P75482
P76398	P76398
P80868	P80868
P80868	P39677
P80868	Q8C0D5
P80868	Q8C3X4
P80868	Q8N442
P80868	Q9CDG1
P80868	F4JWP9
P80868	P95691
P80868	Q8Y7F6
P80868	Q9VRH6
P80868	P0A3B2
P80868	P0A3B4
P80868	P0DTT0
P80868	Q15029
P80868	O60841
P80868	Q1HPK6
P80868	Q3K1T4
P80868	Q83JC3
P80868	P0A6M8
P80868	P0A6N0
P80868	P05197
P80868	P13639
P80868	P58252
P80868	Q3SYU2
P80868	P28371
P80868	P32324
P80868	Q83JF9
P80868	F4K410
P80868	P25038
P80868	P13060
P80868	Q07803
P80868	Q5HGG2
P80868	Q96RP9
P80868	Q9SHI1
P80868	P29691
P80868	P23112
P80868	P60788
P80868	Q97I51
P80868	A5DI11
P80868	P15112
P80868	B2GUV7
P80868	P53893
P80868	Q96X45
P80868	P9WNM9
P80868	Q05D44
P80868	Q9VM33
P80868	P46943
P80868	Q04LW0
P80868	Q10251
P80868	B0G189
P80868	Q9ASR1
P80868	P36048
P80868	Q7Z2Z2
P80868	Q91YJ5
P80868	P0A706
P80868	P0A705
P80868	A4QV78
P80868	Q9C641
P80868	O14460
P80868	Q9LNC5
P80868	O08810
P80868	P25039
P80868	Q9FNM5
P80868	Q5HIC8
P80868	Q92SW4
P80868	Q9PI16
P80868	B0R8C8
P80868	B0VTG3
P80868	P0A7I4
P80868	P39730
P80868	A4FM34
P80868	P37949
P80868	Q8K0D5
P80868	Q969S9
P80868	A6QEJ9
P80868	P46199
P80868	Q9FLE4
P80868	P72689
P80868	Q8Y421
P80868	C1KZK7
P80868	A1KMI2
P80868	Q8Y742
P80868	Q97EH4
P80868	F4IW10
P87074	P87074
P87074	Q7JKP6
P87308	P87308
P91349	P91349
P96701	P96701
P9WFD3	P9WFD3
P9WFD3	P9WFD7
P9WFD3	P9WFD9
P9WGL5	P9WGL5
P9WIT5	P9WIT5
P9WJK3	P9WJK3
P9WJK3	P9WJK2
P9WL15	P9WL15
P9WM59	P9WM59
P9WNG9	P9WNG9
P9WNG9	P09819
P9WNG9	P13803
P9WNG9	P13804
P9WNG9	Q12480
P9WNG9	P78790
P9WNG9	Q99LC5
P9WNX3	P9WNX3
P9WNX3	P9WNX2
P9WNX3	O08651
P9WNX3	Q13363
P9WNX3	Q9S7E4
P9WNX3	Q83QR1
P9WNX3	Q9CA90
P9WNX3	Q20595
P9WNX3	O23702
P9WNX3	P0A9T3
P9WNX3	P0A9T0
P9WNX3	O46036
P9WNX3	O46036
P9WNX3	Q9UBQ7
P9WNX3	Q9Z2F5
P9WNX3	A5CAL1
P9WNX3	P40054
P9WNX3	P53839
P9WNX3	P05459
P9WNX3	Q07511
P9WNX3	Q9C9W5
P9WNX3	O43175
P9WNX3	Q83PR3
P9WNX3	P40510
P9WNX3	P56546
P9WNX3	Q9EQH5
P9WNX3	P37666
P9WNX3	P35136
P9WNX3	O49485
P9WNX3	O32264
P9WNX3	Q91Z53
P9WNX3	O04130
P9WNX3	Q9LT69
P9WNX3	Q61753
P9WNX3	P53100
P9WNX3	O88712
P9WNX3	O14075
P9WNX3	P73821
P9WNX3	P87228
P9WNX3	Q9LE33
Q00623	Q00623
Q00623	P02647
Q02M20	Q02M20
Q03305	Q03305
Q03579	Q03579
Q03702	Q03702
Q03824	Q03824
Q03981	Q03981
Q04526	Q04526
Q04697	Q04697
Q04930	Q04930
Q04930	P39520
Q04930	Q5AG97
Q05027	Q05027
Q05027	Q5BKE0
Q05027	Q8VI33
Q05027	Q9HBM6
Q05027	Q09869
Q05027	Q16594
Q05027	Q27272
Q05027	Q62880
Q05670	Q05670
Q06107	Q06107
Q06200	Q06200
Q06630	Q06630
Q07508	Q07508
Q07508	Q7TNC4
Q07508	O95232
Q07508	Q5SUF2
Q07508	Q9NQ29
Q07508	Q9CYI4
Q07716	Q07716
Q08421	Q08421
Q08421	C5DJK6
Q08932	Q08932
Q09359	Q09359
Q8BGY5	Q8BGY5
Q8BQ30	Q8BQ30
Q8BQ30	Q8BQ30
Q8BQ30	Q4KMQ1
Q8BQ30	Q767M0
Q8BQ30	Q5XHX2
Q8BQ30	Q6NYC8
Q8BQ30	A2AI08
Q8BRG8	Q8BRG8
Q8BRG8	Q68FR5
Q8BRG8	Q96SK2
Q8BRG8	Q03564
Q8BSU2	Q8BSU2
Q8BSU2	Q9H2A7
Q8C1F5	Q8C1F5
Q8C1F5	Q8NEE8
Q8CB59	Q8CB59
Q8CB59	Q3B820
Q8CB59	Q3SY00
Q8CCB4	Q8CCB4
Q8CCB4	Q0WQF4
Q8CCB4	P34561
Q8CF89	Q8CF89
Q8CF89	Q15750
Q8IQ56	Q8IQ56
Q8IQ56	P17152
Q8IQ56	B0BN86
Q8IQ56	Q8BK08
Q8IYY4	Q8IYY4
Q8IYY4	Q499E4
Q8IYY4	Q86YF9
Q8IYY4	Q5XIA0
Q8IYY4	Q8BMD2
Q8K2D0	Q8K2D0
Q8K2D0	Q6PEV8
Q8N2B8	Q8N2B8
Q8ND04	Q8ND04
Q8ND04	Q8VE18
Q8R3P0	Q8R3P0
Q8R3P0	Q91XE4
Q8R3P0	Q5M876
Q8R3P0	Q96HD9
Q8R3P0	P45381
Q9BR77	Q9BR77
Q9BR77	Q9CZH8
Q9BSH3	Q9BSH3
Q9BSH3	Q9CQM0
Q9BW71	Q9BW71
Q9BW71	Q9BW71
Q9BW71	Q8BLH7
Q9C1W6	Q9C1W6
Q9CPR7	Q9CPR7
Q9CPR7	Q9NVK5
Q9CPR7	Q9VM65
Q9CPR7	Q6TA25
Q9CPR7	Q9CRA9
Q9CQ28	Q9CQ28
Q9CQ28	Q7L8W6
Q9CQ28	Q12429
Q9CZV5	Q9CZV5
Q9D9D3	Q9D9D3
Q9DAG5	Q9DAG5
Q9DAG5	Q8N801
Q9EPM5	Q9EPM5
Q9EPM5	Q9H7C4
Q9GZS0	Q9GZS0
Q9GZS0	A2AC93
Q9H777	Q9H777
Q9H7Z3	Q9H7Z3
Q9H7Z3	Q80XC6
Q9HAB3	Q9HAB3
Q9HAB3	Q9D6X5
Q9HAB3	Q4FZU9
Q9HAB3	Q9NQ40
Q9HBI5	Q9HBI5
Q9HC77	Q9HC77
Q9HC77	Q569L8
Q9HD47	Q9HD47
Q9HD47	O75002
Q9I7S8	Q9I7S8
Q9I7S8	Q55498
Q9I7S8	Q9UX20
Q9I7S8	O74197
Q9I7S8	Q4J8G0
Q9I7S8	P0A7D9
Q9I7S8	P27616
Q9I7S8	P51583
Q9I7S8	P38025
Q9I7S8	O06457
Q9I7S8	P21264
Q9I7S8	P12046
Q9I7S8	P9WHM1
Q9I7S8	Q9DCL9
P13686	P13686
P13686	P29288
P19735	P19735
P20645	P20645
P20645	Q6AY20
P20645	P24668
P23059	P23059
P23475	P23475
P23475	P12956
P23475	Q9FQ08
P28904	P28904
P28904	O23647
P28904	Q9LZS3
P28904	Q94A41
P28904	Q83J89
P28904	Q01401
P28904	P08195
P28904	P0CW41
P28904	P0CW40
P28904	Q9D6Y9
P28904	Q08047
P28904	Q794F9
P28904	P32775
P28904	Q64319
P28904	P53051
P28904	Q9M0S5
P28904	Q07837
P28904	Q04446
P28904	Q08295
P28904	Q91WV7
P28904	P38158
P28904	P53341
P32526	P32526
P32770	P32770
P32901	P32901
P32901	Q9P380
P33308	P33308
P33419	P33419
P34648	P34648
P35024	P35024
P36035	P36035
P37552	P37552
P37552	P40037
P37552	P40185
P37552	P0AF93
P37552	P52758
P37552	P52759
P37552	P52760
P37552	Q10121
P37552	Q94JQ4
P37552	O43003
P38742	P38742
P39156	P39156
P39531	P39531
P39702	P39702
P39998	P39998
P40048	P40048
P40090	P40090
P40368	P40368
P40457	P40457
P40497	P40497
P42400	P42400
P42846	P42846
P42846	Q09799
P43556	P43556
P43556	Q09697
P47027	P47027
P47139	P47139
P47224	P47224
P51943	P51943
P51943	P24860
P51943	Q5A0A9
P51943	P36630
P51943	Q9C6A9
P51943	P24864
P51943	Q04827
P51943	Q9H8S5
P51943	P10815
P51943	P78396
P51943	P24865
P51943	P41002
P51943	O48790
P51943	P30276
P51943	Q9Z238
P51943	P51959
P51943	P24868
P51943	P30279
P51943	O96020
P51943	P24869
P51943	P30280
P51943	P24870
P51943	P30281
P51943	P24871
P51943	P30282
P51943	Q10QA2
P51943	P30283
P51943	O95067
P51943	P13365
P51943	P25322
P51943	P51944
P51943	Q2V3B2
P51943	P24385
P51943	Q39067
P51943	P30183
P51943	Q147G5
P51943	Q39072
P51943	P20248
P51943	Q810T2
P51943	P39948
P51943	P39949
P51943	Q16589
P51943	Q61457
P51943	Q0WQN9
P51943	Q9FGQ7
P51943	Q8WNW2
P51943	P20439
P51943	P47829
P51943	Q8WWL7
P51943	A0MEB5
P51943	Q8K4F8
P51943	Q38819
P51943	P22674
P51943	Q9SA32
P51943	E9Q414
P51943	P32943
P51943	Q9SFW6
P51943	Q7TMA5
P51943	P14635
P51943	O01501
P51943	Q9I7I0
P51943	P14785
P51943	P48961
P51943	P54733
P51943	Q14094
P51943	P42524
P9WJ07	P9WJ07
P9WLI5	P9WLI5
P9WME3	P9WME3
P9WMW1	P9WMW1
Q01163	Q01163
Q02QI1	Q02QI1
Q03446	Q03446
Q03446	P38212
Q04013	Q04013
Q04947	Q04947
Q04947	Q12443
Q05050	Q05050
Q05050	C5DX05
Q05050	C5DGV3
Q07074	Q07074
Q08957	Q08957
Q08957	P22149
Q09225	Q09225
Q09853	Q09853
Q10069	Q10069
Q12143	Q12143
Q12321	Q12321
Q12382	Q12382
Q13487	Q13487
Q13487	Q91XA5
Q14CZ0	Q14CZ0
Q14CZ0	Q14AM7
Q29243	Q29243
Q29243	Q14118
Q29243	O18738
Q29243	Q62165
Q2V2Q1	Q2V2Q1
Q3E7B4	Q3E7B4
Q3K2M3	Q3K2M3
Q3KR64	Q3KR64
Q3KR64	A0A1B0GWI6
Q3KR64	Q9D454
Q3KR64	A8MYA2
Q3ULM6	Q3ULM6
Q3ULM6	Q5W0Q7
Q3UPC7	Q3UPC7
Q3UPC7	Q8IV33
Q3UZY0	Q3UZY0
Q3UZY0	A8K8P3
Q4J986	Q4J986
Q52MB2	Q52MB2
Q55607	Q55607
Q55607	P36437
Q56582	Q56582
Q56582	A5F5Y7
Q56582	Q9HZK8
Q56A73	Q56A73
Q56A73	Q61142
Q56A73	Q9Y657
Q56A73	Q4V8J7
Q56A73	Q5JUX0
Q56A73	Q99865
Q56A73	Q9BPZ2
Q5HJM9	Q5HJM9
Q5HJM9	P46353
Q5HJM9	B5Y275
Q5HJM9	P0A6K6
Q5HJM9	Q9CH12
Q5JTD0	Q5JTD0
Q5JTD0	Q68EF6
Q5JTD0	O88881
Q5JTD0	Q9BUH8
Q5SQX6	Q5SQX6
Q5SQX6	Q7TMB8
Q5SQX6	Q9VF87
Q5SQX6	O44518
Q5SQX6	Q96F07
Q62717	Q62717
Q62717	Q9ULU8
Q62717	Q8BYR5
Q62717	Q9NHE5
Q62717	Q80TJ1
Q6AXY7	Q6AXY7
Q6AXY7	Q80SY5
Q6DIA2	Q6DIA2
Q6DIA2	Q17RC7
Q6K1E7	Q6K1E7
Q6NZL0	Q6NZL0
Q6NZL0	Q5TF21
Q6NZL0	Q3UHU5
Q6NZL0	O94964
Q6ZVL8	Q6ZVL8
Q7K1Z5	Q7K1Z5
Q7K1Z5	Q9CR09
Q7K1Z5	Q9Y3C8
Q7K1Z5	Q9SXC8
Q7KPA5	Q7KPA5
Q7KPA5	Q9M4A1
Q7KPA5	Q9WTK8
Q7KPA5	Q9Y5K1
Q7TN02	Q7TN02
Q7TN02	Q9V4F9
Q7TN02	O95402
Q7TQK5	Q7TQK5
Q7TQK5	Q567U6
Q7TQK5	Q5BJT7
Q7Z309	Q7Z309
Q7Z309	Q6NZE7
Q7Z309	Q9DB52
Q7Z309	Q6AYT4
Q80TD3	Q80TD3
Q80TD3	Q68FD7
Q80TD3	Q9P278
Q80TD3	Q8TF40
Q80V94	Q80V94
Q80V94	Q9UPM8
Q80WQ8	Q80WQ8
Q80WQ8	Q6P0N0
Q81WK7	Q81WK7
Q81WK7	Q8Y7J7
Q81WK7	P39779
Q86V25	Q86V25
Q86V25	Q8C5G2
Q86V25	Q8C1W1
Q86V25	Q7L8A9
Q8BGH2	Q8BGH2
Q8BGH2	Q9Y512
Q8BHC4	Q8BHC4
Q8BHC4	Q8WVC6
Q8BHC4	O74414
Q8BHC4	P53332
Q8BHC4	Q9DBL7
Q8BHC4	P9WPA3
Q8BHC4	P9WPA2
Q8BHC4	Q03941
Q8C176	Q8C176
Q8C176	Q24325
Q8C176	Q32PW3
Q8C176	Q6P1X5
Q8C4V4	Q8C4V4
Q8C4V4	Q9UKT7
Q8C4V4	Q9UKT6
Q8CA72	Q8CA72
Q8CA72	Q9H2C0
Q8CGZ2	Q8CGZ2
Q8CGZ2	Q8VC66
Q8CGZ2	Q9Y2D8
Q8IVH4	Q8IVH4
Q9D6I7	Q9D6I7
Q9D6I7	Q5VUD6
Q9D735	Q9D735
Q9D735	Q9BQ61
Q9DBN4	Q9DBN4
Q9DBN4	Q96A73
Q9DBN4	A4QNZ7
Q9DBN4	Q5U2R6
Q9DCF1	Q9DCF1
Q9DCF1	Q86YD3
Q9FN48	Q9FN48
Q9FN48	B6TVL4
Q9H0A9	Q9H0A9
Q9H0A9	Q148B6
Q9H0A9	Q9D9W0
Q9H0A9	Q76KD6
Q9H583	Q9H583
Q9H9S5	Q9H9S5
Q9HAT2	Q9HAT2
Q9HAT2	P70665
Q9HZA6	Q9HZA6
Q9JJN6	Q9JJN6
Q9JJN6	Q9NSA3
Q9LTT9	Q9LTT9
Q9LTT9	Q9LTT8
Q9P6S5	Q9P6S5
Q9P6S5	Q5AMH1
Q9P9M0	Q9P9M0
Q9P9M0	P15646
Q9P9M0	P22087
Q9P9M0	P22509
Q9P9M0	P35550
Q9P9M0	P35551
Q9P9M0	Q22053
Q9P9M0	Q80WS3
Q9P9M0	A6NHQ2
Q9P9M0	Q9W1V3
Q9QUN9	Q9QUN9
Q9QX72	Q9QX72
Q9QX72	Q96T21
Q9QX72	Q6A098
Q9QX72	Q3U1C4
Q9QX72	Q93073
Q9UH64	Q9UH64
Q9UHJ9	Q9UHJ9
Q9UHJ9	Q9UHJ9
Q9UKY0	Q9UKY0
Q9URV8	Q9URV8
Q9USN8	Q9USN8
Q9USN8	Q12532
Q9USN8	Q8CCP0
Q9USN8	Q9VBX1
Q9UT50	Q9UT50
Q9VGC3	Q9VGC3
Q9VM71	Q9VM71
Q9VM71	Q8IZH2
Q9VM71	Q02792
Q9VM71	Q5AMG5
Q9VM71	Q9U299
Q9VM71	P22147
Q9VM71	P97789
Q9VM71	P40848
Q9VM71	Q9FQ02
Q9VM71	Q9FQ03
Q9VM71	Q9DBR1
Q9VM71	Q9DBR1
Q9VM71	Q9FQ04
Q9VM71	Q9H0D6
Q9VM71	P40383
Q9VNS0	Q9VNS0
Q9VSF2	Q9VSF2
Q9Y345	Q9Y345
Q9Y345	P23975
Q9Y345	G5EBM5
Q9Y345	P48065
Q9Y345	O45813
Q9Y345	O76689
Q9Y345	P23977
Q9Y345	Q9NP91
Q9Y345	O35316
Q9Y345	P58295
Q9Y345	Q695T7
Q9Y345	Q8BG16
Q9Y345	Q9W4C5
Q9Y345	Q08469
Q9Y345	Q9NSD5
Q9Y345	P31641
Q9Y345	P48029
Q9Y345	P31643
Q9Y345	P31645
Q9Y345	Q01959
Q9Y345	P31646
Q9Y345	P31647
Q9Y345	P31648
Q9Y345	P23978
Q9Y345	Q9D687
Q9Y345	P31649
Q9Y345	Q0E961
Q9Y345	P31650
Q9Y345	Q8BJI1
Q9Y345	P31651
Q9Y345	P48056
Q9Y345	Q9GZN6
Q9Y345	P28570
Q9Y345	P31652
Q9Y345	P28571
Q9Y345	Q9H1V8
Q9Y345	P28572
Q9Y345	P31662
Q9Y345	G5EBN9
Q9Y345	P28573
Q9Y345	P48066
Q9Y345	P48067
Q9Y345	Q761V0
Q9Y345	Q99884
Q9Y345	Q61327
Q9Y345	Q9JMA9
Q9Y345	Q00589
Q9Y345	Q9UN76
Q9Y345	Q2A865
Q9Y345	O88575
Q9Y345	P30531
Q9Y345	Q6PGE7
Q9Y345	Q9H2J7
Q9Y691	Q9Y691
Q9Y691	Q9CZM9
Q9Y691	Q86W47
Q9Y691	Q16558
Q9Y691	Q9NPA1
Q9YHY6	Q9YHY6
Q9YHY6	Q8K2Z4
Q9YHY6	Q15021
Q9Z280	Q9Z280
Q9Z280	P36126
Q9Z280	Q13393
Q9Z280	Q9SSQ9
Q9Z280	P70496
Q9Z280	P93844
Q9Z280	P93733
Q9Z280	Q9LRZ5
Q9Z280	O23078
Q9Z280	Q38882
Q9Z280	Q9M9W8
Q9Z280	O14939
Q9Z280	P70498
Q9Z280	Q9T052
Q9Z280	Q9T053
Q9Z280	Q09706
Q9Z280	Q9T051
Q9Z280	P97813
A3M0F4	A3M0F4
A3M0F4	Q59ZY9
A3M0F4	P53923
A3M0F4	A7TGI5
A3M0F4	A5DAK5
A8JAF2	A8JAF2
A8MU10	A8MU10
B8Y7Y5	B8Y7Y5
E1CHH8	E1CHH8
E1CHH8	Q3SYK4
E1CHH8	Q9H8Y1
F4HVZ5	F4HVZ5
F4HVZ5	Q3TQI7
F4HVZ5	Q9NZ63
F4IL30	F4IL30
F4JZY1	F4JZY1
F4KFT7	F4KFT7
O13706	O13706
O13706	Q9Y7K9
O13992	O13992
O35776	O35776
O35776	P70312
O35776	Q92819
O35776	O00219
O43034	O43034
O44770	O44770
O44770	Q8C753
O44770	O60303
O49484	O49484
O49484	Q39255
O49484	A8MQG7
O49484	Q9WTX5
O49484	Q6PEC4
O49484	P63208
O49484	O65674
O49484	G5ECU1
O49484	Q9FHW7
O49484	P52286
O49484	Q9Y709
O60055	O60055
O60174	O60174
O74517	O74517
O74955	O74955
O74955	Q9QZE7
O74955	Q9JHB5
O74955	Q99598
O82289	O82289
O82775	O82775
O95278	O95278
O95278	O95278
P01168	P01168
P01168	P61278
P01168	P60042
P01168	P60041
P0C5K7	P0C5K7
P0C7W5	P0C7W5
P12074	P12074
P12074	Q02221
P12074	Q20779
P12074	P43024
P12074	Q9T070
P14066	P14066
P32858	P32858
P36081	P36081
P40586	P40586
P43615	P43615
P47167	P47167
P47946	P47946
P47946	Q10065
P47946	P28584
P47946	Q9P8G2
P47946	A0A1D8PTL7
P47946	P12685
P53059	P53059
P53059	P53745
P22363	P22363
P84686	P84686
Q949X7	Q949X7
Q949X7	Q94A94
Q94AD1	Q94AD1
Q94II3	Q94II3
Q94II3	Q93W95
Q94II3	Q94EJ6
Q94II3	O80844
Q94II3	Q9ZW75
Q94II3	Q9C9Q8
Q94II3	B9DFI7
Q94II3	Q3EC77
Q94II3	Q0WT31
Q94KI8	Q94KI8
Q94KI8	Q6S5H8
Q95YE9	Q95YE9
Q96C11	Q96C11
Q96C11	Q04585
Q96HH6	Q96HH6
Q96HH6	Q6P726
Q96LM5	Q96LM5
Q9BU20	Q9BU20
Q9C5I1	Q9C5I1
Q9C642	Q9C642
Q9C642	Q9LQ02
Q9CPP7	Q9CPP7
Q9CPP7	Q9Z0M5
Q9CPP7	P07098
Q9CPP7	Q07950
Q9CPP7	Q8BM14
Q9CPP7	Q07804
Q9CPP7	O74430
Q9CPP7	P34163
Q9CPP7	Q5W064
Q9CPP7	Q5VXI9
Q9CPP7	Q5VXJ0
Q9CPP7	Q8K2A6
Q9CPP7	P38571
Q9CQE2	Q9CQE2
Q9CQE2	A0PJW6
Q9CXI3	Q9CXI3
Q9CXI3	P09172
Q9D4I2	Q9D4I2
Q9D4I2	Q5TIA1
Q9FGB8	Q9FGB8
Q9FGB8	Q9M365
Q9FJ13	Q9FJ13
Q9FJR5	Q9FJR5
Q9FVV8	Q9FVV8
Q9FVV8	Q9C800
Q9FY95	Q9FY95
Q9FY95	Q9FFX6
Q9FY95	Q9FNR3
Q9FY95	P19658
Q9FY95	E7FC72
Q9FY95	Q9LZD3
Q9FY95	Q9LMJ4
Q9FY95	O35250
Q9FY95	O54922
Q9FY95	Q9VSJ8
Q9FY95	F4KG58
Q9FY95	Q9FGH9
Q9FY95	Q9UPT5
Q9HE07	Q9HE07
Q9HE07	Q9BRR8
Q9HE07	Q21827
Q9HE07	Q9DBM1
Q9HE07	Q9VUA0
Q9JM84	Q9JM84
Q9JM84	P08934
Q9JM84	P28325
Q9JM84	Q945Q1
Q9JM84	P14841
Q9JM84	Q8H0X6
Q9JM84	P31726
Q9JM84	P09228
Q9JM84	P09229
Q9JM84	G5ECM9
Q9JM84	P22282
Q9JM84	P81061
Q9JM84	P01034
Q9JM84	Q0JNR2
Q9JM84	P01036
Q9JM84	O08677
Q9JM84	P32766
Q9JM84	P01037
Q9JM84	P01038
Q9JM84	Q9H114
Q9JM84	G5EDZ9
Q9JM84	Q41906
Q9JM84	Q9H4G1
Q9JM84	Q5W188
Q9JM84	P08932
A0A1D8PDZ1	A0A1D8PDZ1
A0A1D8PDZ1	P87262
A0A1D8PDZ1	P11250
A0A1D8PDZ1	Q42351
A0A1D8PDZ1	Q29223
A0A1D8PDZ1	Q9D1R9
A0A1D8PDZ1	P49207
A0A1D8PDZ1	Q9URT8
A0A1D8PDZ1	O05981
A0A1D8PDZ1	Q9FE65
A0A1D8PDZ1	O42846
A0A1D8PDZ1	P40525
A3M8K2	A3M8K2
A6NJJ6	A6NJJ6
A6TDR7	A6TDR7
A6TDR7	Q8CFA2
A6TDR7	O65396
A6TDR7	P9WN51
A6TDR7	O14110
A6TDR7	P48728
B0BN72	B0BN72
B0BN72	Q3UGS4
B0BN72	Q9BUT9
B0BN72	C9JLW8
B0BN72	Q0II70
B0BN72	Q0P4B9
B0BN72	Q9CQB2
B0VTE3	B0VTE3
B0VTE3	O50147
B0VTE3	Q9SCL7
B0VTE3	Q01217
B0VTE3	P31318
B0VTE3	P9WQ01
B9EJR8	B9EJR8
B9EJR8	Q86Y56
D3Z649	D3Z649
D3Z649	Q6ZPR4
D3Z649	Q6UVM3
D3Z649	Q5JUK3
F4HWE6	F4HWE6
F4HWE6	Q8S3U9
G5EBL3	G5EBL3
G5EDT1	G5EDT1
O05982	O05982
O08976	O08976
O13787	O13787
O13787	Q8BU14
O13787	Q99442
O13787	Q5AI21
O13787	P21825
O14598	O14598
O14598	Q9NNX9
O14598	Q9H320
O14598	Q9H321
O14598	Q9H322
O15079	O15079
O15079	B5DF41
O15079	Q9NX95
O25170	O25170
O31962	O31962
P22148	P22148
P26755	P26755
P31658	P31658
P32445	P32445
P32641	P32641
P33215	P33215
P33215	B3H5K9
P38083	P38083
P38365	P38365
P38813	P38813
P38863	P38863
P38931	P38931
P39086	P39086
P39086	Q8BMF5
P39086	O43424
P39086	P22756
P39086	P23818
P39086	P19490
P39086	P19491
P39086	P23819
P39086	P19492
P39086	P19493
P39086	Q16478
P39086	Q9ULK0
P39086	Q01812
P39086	P48058
P39086	P39087
P39086	P42260
P39086	P42261
P39086	P42262
P39086	Q62640
P39086	Q61627
P39086	P42263
P39086	Q13002
P39086	Q16099
P39086	Q13003
P39086	Q63226
P39086	Q9Z2W8
P39086	Q9Z2W9
P39086	Q61625
P39086	Q60934
P39086	Q61626
P39086	B1AS29
P39725	P39725
P40065	P40065
P40140	P40140
P40572	P40572
P41818	P41818
P43573	P43573
P46985	P46985
P47045	P47045
P47107	P47107
P50089	P50089
P50840	P50840
P50840	Q83RX5
P51970	P51970
P51970	Q9DCJ5
P51970	P21976
P51970	Q9SQT4
P52923	P52923
P53166	P53166
P53235	P53235
P53902	P53902
P53952	P53952
P54072	P54072
P54072	Q99252
P54072	P53932
P55065	P55065
P55065	P55058
P55737	P55737
P55737	P46598
P55737	P07900
P55737	P41887
P55737	Q14568
P55737	Q29092
P55737	P54651
P55737	Q12931
P55737	F4JFN3
P55737	Q07078
P55737	P15108
P55737	P82995
P55737	P07901
P55737	Q9CQN1
P55737	P11499
P55737	P08238
P55737	P34058
P55737	Q76LV1
P55737	P27323
P55737	Q66HD0
P55737	O57521
P55737	A2YWQ1
P55737	Q0J4P2
P55737	P51818
P55737	P0A6Z3
P55737	P0A6Z5
P55737	Q83SE6
P55737	Q04619
P55737	P9WMJ7
P55737	Q9STX5
P55737	Q9SIF2
P55737	Q9BLC5
P55737	Q58FF3
P55737	O03986
P55737	Q58FF6
P55737	P08113
P55737	Q58FF7
P55737	Q5XHZ0
P55737	Q58FF8
P55737	Q58FG0
P55737	Q58FG1
P55737	P02828
P55737	Q18688
P55737	P11501
P55737	P36181
P55737	Q08277
P55737	P02829
P55737	P14625
P55737	Q76LV2
P55737	O02705
P58854	P58854
P58854	Q96CW5
P58854	Q9FG37
P58854	Q9XYP8
P58854	Q95ZG4
P58854	Q9USQ2
Q2VPU4	Q2VPU4
Q2VPU4	Q8VIP2
Q2VPU4	Q9HAP2
Q2VPU4	O08609
Q2VPU4	Q99MZ3
Q2VPU4	Q9NP71
Q2VPU4	Q9UH92
Q2VPU4	P41846
Q39083	Q39083
Q39083	Q84J70
Q39083	O04259
Q3E841	Q3E841
Q3TVC7	Q3TVC7
Q3TVC7	O95273
Q3UFB2	Q3UFB2
Q3UFB2	Q9NWK9
Q3ZT31	Q3ZT31
Q3ZT31	Q9H3E2
Q496Z9	Q496Z9
Q496Z9	A2RSY6
Q496Z9	Q7Z2T5
Q4JA60	Q4JA60
Q4JA60	Q9VPP5
Q4JA60	Q83MN1
Q4JA60	P53942
Q4JA60	Q9CWY8
Q4JA60	Q10236
Q4JA60	O75792
Q4JA60	Q9SEZ6
Q5ADL8	Q5ADL8
Q5GAN3	Q5GAN3
Q5HGQ5	Q5HGQ5
Q5I0E6	Q5I0E6
Q5I0E6	A8DYY5
Q5I0E6	P40084
Q5I0E6	Q8VC34
Q5I0E6	Q8IXW5
Q5I0E6	F4K1B1
Q5M7W6	Q5M7W6
Q5M7W6	Q8C0Z1
Q5M7W6	Q9H0X4
Q5T5S1	Q5T5S1
Q5T5S1	A2AJB1
Q5VUE5	Q5VUE5
Q5XI96	Q5XI96
Q5XI96	Q5TBB1
Q5XI96	Q80ZV0
Q80TZ9	Q80TZ9
Q80TZ9	Q9R190
Q80TZ9	Q62901
Q80TZ9	Q9BTC8
Q80TZ9	O94776
Q80TZ9	Q09228
Q80TZ9	Q62599
Q80TZ9	Q8K4B0
Q80TZ9	O35126
Q80TZ9	P54258
Q80TZ9	Q13330
Q80TZ9	Q924K8
Q80WQ9	Q80WQ9
Q80WQ9	O75132
Q80ZU5	Q80ZU5
Q80ZU5	Q6AYN9
Q83KS7	Q83KS7
Q86SQ7	Q86SQ7
Q86SQ7	Q80UF4
Q86TY3	Q86TY3
Q86TY3	Q8BT18
Q86VR8	Q86VR8
Q8BFU3	Q8BFU3
Q8BFU3	Q8ND24
Q8BH43	Q8BH43
Q8BH43	Q92558
Q8BH43	Q9UPY6
Q8BH43	Q9LP46
Q8BH43	Q5BJU7
Q8BH43	Q9Y6W5
Q8BH43	Q8VHI6
Q8BH43	Q8R5H6
Q8BJM3	Q8BJM3
Q8BMA5	Q8BMA5
Q8BQZ4	Q8BQZ4
Q8BQZ4	Q86X10
Q8BQZ4	P86410
Q8CHT3	Q8CHT3
Q8CHT3	Q6P9B9
Q8IXH7	Q8IXH7
Q8IXH7	Q922L6
Q8IYE0	Q8IYE0
Q8IYE0	E9Q9F7
Q8IYE0	Q66H60
Q8IYT3	Q8IYT3
Q8K0C5	Q8K0C5
Q8K0C5	O60844
Q8K4F0	Q8K4F0
Q8K4F0	Q15762
Q8N0U4	Q8N0U4
F4JWT7	F4JWT7
F4JWT7	O55055
F4JWT7	O14717
G2TRQ0	G2TRQ0
G5EG51	G5EG51
I3L0S3	I3L0S3
O13621	O13621
O13918	O13918
O13918	Q60738
O13918	Q9Y6M5
O13918	Q3UVU3
O13918	Q6ICY4
O13918	Q62720
O13918	Q8R4H9
O13918	Q6NXT4
O13918	Q8BJM5
O13918	Q9JKN1
O13918	Q8TAD4
O13918	P20107
O13918	Q6XR72
O13918	P32798
O13918	Q08970
O14329	O14329
O23277	O23277
O24653	O24653
O24653	P31150
O24653	P50395
O24653	P50398
O24653	P50396
O24653	Q61598
O24653	P50399
O24653	P39958
O24653	Q9LXC0
O24653	Q96254
O43555	O43555
O46101	O46101
O48782	O48782
O48782	O48722
O59813	O59813
O59813	Q9UT18
O60096	O60096
O74419	O74419
O74734	O74734
O94312	O94312
O94578	O94578
O97237	O97237
P00795	P00795
P00795	P00797
P00795	Q9JL18
P00795	O09043
P00795	P00796
P00795	P03954
P00795	P07267
P00795	P12630
P00795	P18242
P00795	Q21966
P00795	Q940R4
P00795	P07339
P00795	Q9LS40
P00795	Q9D106
P00795	Q7KQM4
P00795	P53379
P00795	Q9Y5Z0
P00795	G5EEI4
P00795	P27677
P00795	Q9LNJ3
P00795	P40583
P00795	P56817
P00795	O96009
P00795	P56818
P01590	P01590
P01590	P01589
P13231	P13231
P19516	P19516
P19516	Q9UTM2
P23644	P23644
P25585	P25585
P33199	P33199
P34364	P34364
P38637	P38637
P38842	P38842
P40041	P40041
P40041	P40522
P40955	P40955
P40955	P36122
P41821	P41821
P47065	P47065
P82628	P82628
P87128	P87128
P92935	P92935
P92935	Q39002
Q00597	Q00597
Q02932	Q02932
Q04413	Q04413
Q06493	Q06493
Q06493	Q5XIN6
Q06493	Q08179
Q06493	O95202
Q06493	P91927
Q06493	Q9Z2I0
Q07951	Q07951
Q08AG7	Q08AG7
Q09372	Q09372
Q09921	Q09921
Q0WPT7	Q0WPT7
Q10023	Q10023
Q10492	Q10492
Q9FJB4	Q9FJB4
Q9FJB4	P48236
Q9FJB4	O94673
Q9FMB4	Q9FMB4
Q9FXG2	Q9FXG2
Q9FXG2	Q9CZD3
Q9FXG2	Q10039
Q9FXG2	Q10179
Q9FXG2	Q06817
Q9FXG2	Q5HFJ5
Q9FXG2	P41250
Q9FXG2	O23627
Q9FXG2	Q9VUK8
Q9GZS1	Q9GZS1
Q9GZS1	Q8K202
Q9JI48	Q9JI48
Q9JI48	Q9NZF1
Q9JI48	A1L4L8
Q9LE54	Q9LE54
Q9LE54	Q9SJW3
Q9LE54	Q9S7P8
Q9LE54	Q9LF22
Q9LFA5	Q9LFA5
Q9LHN7	Q9LHN7
Q9LHN7	Q9FFL1
Q9LHN7	Q9C6S5
Q9M4H4	Q9M4H4
Q9NU23	Q9NU23
Q9P6K3	Q9P6K3
Q9P6K3	Q08977
Q9P975	Q9P975
Q9P975	O04663
Q9P975	Q4VQY3
Q9P975	P29557
Q9P975	Q9P974
Q9P975	A6NMX2
Q9P975	O81481
Q9P975	O74743
Q9P975	P48598
Q9P975	O77210
Q9P975	Q9FK59
Q9P975	P07260
Q9P975	A0A075QQ08
Q9P975	A0A075QQ08
Q9P975	P63074
Q9P975	P63073
Q9P975	Q8BMB3
Q9P975	Q4QXS7
Q9P975	Q4QXS7
Q9P975	O60573
Q9P975	O45551
Q9P975	P48599
Q9P975	Q21693
Q9P975	O23252
Q9SBA5	Q9SBA5
Q9SBA5	Q8BYN3
Q9SBA5	Q13572
Q9SBA5	O81893
Q9SBA5	Q84Y01
Q9SBA5	Q84Y01
Q9SF23	Q9SF23
O94473	O94473
O95168	O95168
O95168	Q9CQC7
P02666	P02666
P02666	Q9GKK3
P02666	Q9TVD0
P02666	P05814
P02925	P02925
P06999	P06999
P08164	P08164
P0A6U2	P0A6U2
P0A6U2	P0A6T9
P0A6U2	Q5I0P2
P0A6U2	Q91WK5
P0A6U2	P25855
P0A6U2	Q9HDV9
P0A6U2	A2Z9B8
P0A6U2	A3C6G9
P0A6U2	Q9LQL0
P0A6U2	P39726
P0A6U2	P23434
P0A8C4	P0A8C4
P0A8C4	P0A8C6
P0A8C4	P0A8C7
P0A9Q8	P0A9Q8
P0A9Q8	P0A9Q7
P0AB92	P0AB92
P0AB92	P14843
P0AB92	Q9UT09
P0AB92	Q09755
P0AB92	P32449
P0AB92	P79023
P0AFW2	P0AFW2
P0AGE9	P0AGE9
P0AGE9	P53396
P0AGE9	P80865
P0AGE9	Q91V92
P0AGE9	O80526
P0AGE9	P36967
P0AGE9	Q2QZ86
P0AGE9	Q9WUM5
P0AGE9	Q2QNG7
P0AGE9	Q9P7W3
P0AGE9	P68209
P0AGE9	P9WGC7
P0AGE9	P13086
P0AGE9	Q5HGI6
P0AGE9	Q94522
P0AGE9	Q9SGY2
P0AGE9	P53585
P0AGE9	P53596
P0AGE9	O13907
P0AGE9	P16638
P0AGE9	P53597
P0AGE9	Q9FGX1
P0AGE9	P53598
P0AGE9	Q51567
P0AGE9	O13750
P0AGE9	Q93VT8
P0AGE9	Q9C522
P0C2I3	P0C2I3
P0C2I3	P0CX66
P0C2I3	P0CX67
P0C2I3	P0CX68
P0C2I3	P0CX69
P0C2I3	Q12485
P0C2I3	Q03856
P0C2I3	Q12217
P0C2I3	P0CX59
P0C2I3	P0CX60
P0C2I3	P0CX65
P0C2I3	Q12472
P0C2I3	P0C2I2
P0C2I3	A0A0B7P3V8
P0C2I3	P08405
P0C2I3	P0C2I4
P0C2I3	P0CX71
P0C2I3	P0CX73
P0C2I3	Q6Q5H1
P0C2I3	P0CX70
P0C2I3	P0CX72
P0C2I3	Q04706
P0C2I3	Q12085
P0C2I3	Q04711
P0C2I3	Q07793
P0C2I3	Q12088
P0C2I3	O74302
P0C2I3	P0C2I6
P0C2I3	P0CX74
P0C2I3	P0C2I8
P0C2I3	P0CX75
P0C2I3	P0CX76
P0C2I3	Q12193
P0C2I3	Q12293
P0C2I3	O13527
P0C2I3	Q03434
P0C2I3	Q12141
P0C2I3	Q12316
P0C2I3	O13535
P0C2I3	P0C2I9
P0C2I3	Q03855
P0C2I3	P0C2J0
P0C2I3	Q12490
P0C2I3	Q92392
P0C2I3	P0C2J1
P0C2I3	Q12439
P0C2I3	Q12491
P0C2I3	Q92393
P0C2I3	Q04214
P0C2I3	P0C2J3
P0C2I3	P25384
P0C2I3	Q03483
P0C2I3	Q03619
P0C2I3	Q04215
P0C2I3	Q12441
P0C2I3	P0C2J4
P0C2I3	P0C2J2
P0C2I3	Q12260
P0C2I3	P0C2J5
P0C2I3	Q03494
P0C2I3	P47098
P0C2I3	Q12391
P0C2I3	P47099
P0C2I3	Q12266
P0C2I3	Q12392
P0C2I3	P47100
P0C2I3	Q12501
P0C2I3	Q12269
P0C2I3	Q12112
P0C2I3	Q99337
P0C2I3	Q99303
P0C2I3	Q12113
P0C2I3	Q12273
P0C2I3	Q03612
P0C2I3	P0C2J7
P0C2I3	P0CX64
P0C2I3	P0CX63
P0C2I3	Q07791
P0C2I3	Q04670
P0C2I3	P0CX58
P0C2I3	P0CX57
P0C2I3	Q12414
P0C2I3	P0C2I5
P0C2I3	P47023
P0C2I3	Q99231
P0C2I3	P47024
P0C2I3	P0CX61
P0C2I3	P0CX62
P0C2I3	P25383
P0C2I3	Q03964
P0C2I3	Q12470
P0C7Q6	P0C7Q6
P0C7Q6	D3YVE8
P0C7Q6	P0C7Q5
P0C7Q6	Q96KT7
P0C7Q6	Q5M7A3
P0C7Q6	Q8TBE7
P32828	P32828
P33753	P33753
P34246	P34246
P34428	P34428
P36025	P36025
P36025	Q9UTC4
P36025	Q00816
P36025	P36155
P36084	P36084
P36167	P36167
P36167	Q12416
P36525	P36525
P38170	P38170
P38233	P38233
P38281	P38281
P38782	P38782
P38833	P38833
P38969	P38969
P39123	P39123
P39123	P34114
P39123	P53534
P39123	P79334
P39123	Q9SD76
P39123	Q8CI94
P39123	Q00766
P39123	Q9WUB3
P39123	Q9LIB2
P39123	Q9XTL9
P39123	P0AC87
P39123	Q9ET01
P39123	P06737
P39123	P11216
P39123	P06738
P39123	P11217
P39123	P09811
P39123	P09812
P40038	P40038
P40038	P40186
P40038	Q08966
P40038	P20052
P40038	Q0J9W0
P40038	O42979
P40038	P53124
P40083	P40083
P40164	P40164
P40357	P40357
P40357	Q04359
P40357	O74786
P40487	P40487
P40487	Q5NCQ5
P40541	P40541
P43597	P43597
P46343	P46343
P46343	P0A9K3
P46343	P0A9K5
P46343	P0A9K6
P46947	P46947
P46947	Q9BRD0
P46947	P30640
P46947	Q4QQU1
P46947	Q8R149
P47010	P47010
P47072	P47072
P9WGL7	P9WGL7
P9WHR1	P9WHR1
P9WKD1	P9WKD1
P9WKD1	P9WKD0
P9WM83	P9WM83
P9WNH1	P9WNH1
Q01454	Q01454
Q02574	Q02574
Q02MN4	Q02MN4
Q03703	Q03703
Q03825	Q03825
Q03825	A7TIN6
Q04183	Q04183
Q04705	Q04705
Q04705	P47114
Q06631	Q06631
Q08157	Q08157
Q08245	Q08245
Q08422	Q08422
Q08422	O94338
Q09725	Q09725
Q0PA50	Q0PA50
Q0PA50	P09467
Q0PA50	O00757
Q0PA50	P46284
Q0PA50	Q3SZB7
Q0PA50	P00636
Q0PA50	P46283
Q0PA50	P70695
Q0PA50	Q9Z1N1
Q0PA50	P19112
Q0PA50	P0A995
Q0PA50	P0A993
Q0PA50	Q2KJJ9
Q0PA50	P09199
Q0PA50	P09201
Q0PA50	Q9QXD6
Q0PA50	Q05079
Q0VDD8	Q0VDD8
Q12020	Q12020
Q12188	Q12188
Q13651	Q13651
Q14686	Q14686
Q14686	Q9JL19
Q20574	Q20574
Q23647	Q23647
Q2M1K5	Q2M1K5
Q2M1K5	Q6P1Z5
Q2M1K5	Q9H1Q7
Q2M1K5	Q8BGX1
Q3E784	Q3E784
Q3THK3	Q3THK3
Q3THK3	Q6AY96
Q3THK3	Q05913
Q3THK3	P35269
Q3UBX0	Q3UBX0
Q3UBX0	Q9BVC6
Q47690	Q47690
Q4J7A3	Q4J7A3
Q4J7A3	Q6ZS86
Q4J7A3	O34153
Q4J7A3	Q14410
Q4J7A3	O34154
Q4J7A3	Q14409
Q4J7A3	P32190
Q4J7A3	P95907
Q4J7A3	Q97XW1
Q4J7A3	Q7MI93
Q4J7A3	P32189
Q4J7A3	Q9WU65
Q4J7A3	Q64516
Q4J7A3	P0A6F4
Q4J7A3	P0A6F3
Q4JAJ2	Q4JAJ2
Q4JC46	Q4JC46
Q52KP5	Q52KP5
Q52KP5	Q96DL1
Q52KP5	Q969Y0
Q52KP5	Q6UWF7
Q52KP5	Q3U095
Q562D6	Q562D6
Q562D6	Q9BU70
Q571H0	Q571H0
Q6P2C0	Q6P2C0
Q6P2C0	Q402B2
Q6UVK1	Q6UVK1
Q6UVK1	Q00657
Q6UVK1	Q8VHY0
Q6ZN92	Q6ZN92
Q6ZUL3	Q6ZUL3
Q7M742	Q7M742
Q7TP54	Q7TP54
Q7TP54	P29036
Q7TP54	Q96MK2
Q7TP54	A1L3T7
Q7TP54	Q9SRL5
Q7TP54	P09528
Q7TP54	Q68FE6
Q7TP54	Q9Y4F9
Q7TP54	P02792
Q7TP54	Q9BXU8
Q7TP54	P02793
Q7TP54	P02794
Q7TP54	P29390
Q7TP54	Q39101
Q7TP54	P19133
Q7TP54	Q9D5H4
Q7TP54	Q80U16
Q7TP54	Q4FZU8
Q7TP54	P0C7X4
Q7TP54	P19132
Q7TP54	P0A998
Q7TP54	P0A9A2
Q7TP54	Q46106
Q7TP54	Q1LU99
Q7TP54	P29391
Q7Z5L0	Q7Z5L0
Q80XZ4	Q80XZ4
Q80XZ4	Q8N6P7
Q80XZ4	Q969J5
Q83QR3	Q83QR3
Q86MI0	Q86MI0
Q86MI0	Q8VI24
Q86MI0	Q9UPW6
Q86MI0	Q60611
Q86MI0	Q01826
Q86UU5	Q86UU5
Q86UU5	Q66HC8
Q86UU5	Q80WJ1
Q86WW8	Q86WW8
Q86WW8	Q02772
Q86Y82	Q86Y82
Q86Y82	Q8VZU2
Q86Y82	P70452
Q86Y82	Q12241
Q86Y82	Q64704
Q86Y82	Q8NCY6
Q86Y82	P50279
Q86Y82	Q08144
Q86Y82	Q86VE0
Q86Y82	O65359
Q86Y82	O16000
Q86Y82	Q13277
Q86Y82	Q24547
Q86Y82	Q8K1E0
Q86Y82	O94651
Q86Y82	Q3ZBT5
Q86Y82	Q69YI7
Q86Y82	Q7KVY7
Q86Y82	Q9D3G5
Q86Y82	Q9ZSD4
Q86Y82	O14662
Q86Y82	Q13190
Q86Y82	Q42374
Q86Y82	Q9FFK1
Q86Y82	P61264
Q86Y82	P61265
Q86Y82	P61266
Q86Y82	Q8N4C7
Q86Y82	Q96NA8
Q86Y82	Q9P6P1
Q86Y82	O75558
Q86Y82	Q12846
Q86Y82	Q3SWZ3
Q86Y82	Q9ER00
Q86Y82	P91409
Q86Y82	Q20797
Q86Y82	Q9ZPV9
Q86Y82	G3V7P1
Q86Y82	O70257
Q86Y82	O15400
Q86Y82	P32854
Q86Y82	Q9SUJ1
Q86Y82	O70439
Q86Y82	P32856
Q86Y82	Q39233
Q86Y82	Q01590
Q86Y82	Q8BVI5
Q86Y82	P93654
Q86Y82	Q9LK09
Q86Y82	Q08851
Q86Y82	Q501L3
Q86Y82	Q91YU3
Q86Y82	O35526
Q86Y82	P32851
Q86Y82	Q16623
Q86Y82	Q9ZQZ8
Q86Y82	Q00262
Q86Y82	Q59YF0
Q86Y82	Q8R4U1
Q86Y82	P32867
Q86Y82	Q9SVC2
Q86Y82	P39926
Q8BK30	Q8BK30
Q8BK30	Q6PCU8
Q8BQ33	Q8BQ33
Q9CDN0	Q9CDN0
Q9CDN0	A1KEM3
Q9CDN0	P9WH48
Q9CDN0	P9WH49
Q9CDN0	Q99N84
Q9CDN0	P56807
Q9CDN0	Q9Y676
Q9CDN0	Q9Y3D5
Q9CDN0	P0A7T7
Q9CDN0	P0A7T9
Q9CDN0	P0A7U2
Q9CDN0	B0VM09
Q9CDN0	P40033
Q9CDN0	Q9NVS2
Q9CXY9	Q9CXY9
Q9CXY9	Q92643
Q9CXY9	P49018
Q9CXY9	Q99538
Q9CYQ5	Q9CYQ5
Q9CYQ5	Q9NWW0
Q9D8U6	Q9D8U6
Q9D8U6	Q8IX19
Q9H2L5	Q9H2L5
Q9H2L5	Q4QR82
Q9H2L5	Q8CB96
Q9H2L5	Q566C5
Q9H2L5	P50749
Q9H2L5	Q8BMS9
Q9H5V9	Q9H5V9
Q9H5V9	Q9V412
Q9JIX8	Q9JIX8
Q9JJF6	Q9JJF6
Q9JJF6	Q9HA90
Q9NTK1	Q9NTK1
Q9P7B3	Q9P7B3
Q9P7B3	P42839
Q9P7T4	Q9P7T4
Q9U213	Q9U213
Q9U213	A6NNA2
Q9U213	Q8BKA3
Q9U213	A7MD48
Q9U213	Q8BTI8
Q9U213	Q9UQ35
Q9U213	O14161
Q9U213	Q03375
Q9U213	Q80WV7
Q9UPV7	Q9UPV7
Q9UPV7	Q80TL4
Q9USW9	Q9USW9
Q9USW9	P25554
Q9V466	Q9V466
Q9V466	Q8BH74
Q9V466	P52590
Q9V466	P57740
Q9VC70	Q9VC70
Q9VF30	Q9VF30
Q9VLK2	Q9VLK2
Q9VPM5	Q9VPM5
Q9VW14	Q9VW14
Q9VW14	Q9HC36
Q9VW14	Q5ND52
Q9W0S8	Q9W0S8
O14330	O14330
O23278	O23278
O60097	O60097
O60097	P38915
O65628	O65628
O74172	O74172
O74172	P62853
O74172	P62851
O74172	P62852
O74172	P48588
O74172	P0C0T4
O74172	Q3E792
O74172	Q9SIW5
O74172	P79009
O74172	Q9T029
O74172	P52821
O74172	Q9SIK2
O74737	O74737
O74883	O74883
O94714	O94714
P06028	P06028
P06028	P02724
P06028	P15421
P06028	P14220
P0C0X5	P0C0X5
P0C0X5	Q940Y5
P0C0X5	Q0IQA5
P0C0X5	Q9S7Z8
P0C0X5	Q9LU77
P0C0X5	Q9SQH6
P0C0X5	Q9C6B8
P0C0X5	Q8RWZ6
P0C8B4	P0C8B4
P0C8B4	Q9BXV9
P0C8B4	P0C8B5
P0CE00	P0CE00
P0CE00	P0CD99
P0CE00	P53048
P0CE00	P38156
P0CT49	P0CT49
P0DKJ8	P0DKJ8
P0DPB4	P0DPB4
P0DPB4	P0DPB4
P0DPB4	P0DPB3
P13232	P13232
P14326	P14326
P14905	P14905
P19594	P19594
P24720	P24720
P29683	P29683
P30777	P30777
P32493	P32493
P34366	P34366
Q3B7S5	Q3B7S5
Q3EDG5	Q3EDG5
Q3SY05	Q3SY05
Q3UR78	Q3UR78
Q401N2	Q401N2
Q499Y3	Q499Y3
Q499Y3	Q9D2Q3
Q499Y3	Q9H8K7
Q4KLY0	Q4KLY0
Q4KLY0	Q3UPP8
Q4KLY0	Q05D60
Q4KLY0	Q5U3Z6
Q4KLY0	Q96MT8
Q4KLY0	B9V5F5
Q4KLY0	Q7M6Y5
P03418	P03418
P56408	P56408
P56408	P16972
P56408	Q9FIA7
P56408	P27788
P56408	Q9ZTS2
P56408	Q0J8M2
P56408	O04090
Q94JY0	Q94JY0
Q96MS3	Q96MS3
Q96UQ7	Q96UQ7
Q96UQ7	O14317
Q96UQ7	O74864
Q96UQ7	P05388
Q96UQ7	P19944
Q96UQ7	Q9SVZ6
Q96UQ7	P05389
Q96UQ7	P19945
Q96UQ7	Q9LVC9
Q96UQ7	P10622
Q96UQ7	Q8LEQ0
Q96UQ7	Q8NHW5
Q96UQ7	P02399
Q96UQ7	P08570
Q96UQ7	P57691
Q96UQ7	Q29214
Q96UQ7	Q93572
Q96UQ7	P02400
Q96UQ7	P50346
Q96UQ7	P02401
Q96UQ7	P17478
Q96UQ7	P02402
Q96UQ7	P14869
Q96UQ7	P17476
Q96UQ7	P17477
Q96UQ7	Q29315
Q96UQ7	O01504
Q96UQ7	Q96TJ5
Q96UQ7	P08094
Q96UQ7	P91913
Q96UQ7	O24413
Q96UQ7	P41095
Q96UQ7	P42899
Q96UQ7	O24415
Q96UQ7	Q9SLF7
Q96UQ7	P51407
Q96UQ7	P99027
Q96UQ7	P05387
Q96UQ7	P47955
Q96UQ7	P05317
Q96UQ7	Q9LXM8
Q96UQ7	Q9UU78
Q96UQ7	P05318
Q96UQ7	P22683
Q96UQ7	P05319
Q96UQ7	O00806
Q96UQ7	O24573
Q96UQ7	P22684
Q96UQ7	Q9LUK2
Q96UQ7	P22685
Q96UQ7	P56724
Q96UQ7	Q9HFQ7
Q96UQ7	P46252
Q96UQ7	Q42112
Q96UQ7	P19889
Q96UQ7	P52855
Q96UQ7	O23095
Q96UQ7	P05386
Q96UQ7	Q56K14
Q96UQ7	P18660
Q96UQ7	Q8LCW9
Q96UQ7	Q9LH85
Q99742	Q99742
Q99742	P27540
Q99742	P35869
Q99742	P36956
Q99742	P49789
Q99742	P52164
Q99742	P56645
Q99742	Q8GZM7
Q99742	Q336P5
Q99742	P04198
Q99742	Q9D0S9
Q99742	Q9FIP9
Q99742	Q9UUD1
Q99742	Q2VPD4
Q99742	Q5TA89
Q99742	Q61026
Q99742	Q64705
Q99742	O15945
Q99742	Q1PF16
Q99742	Q9VGZ5
Q99742	Q9WTL8
Q99742	Q9FMB6
Q99742	Q9PSJ0
Q99742	O43019
Q99742	P07902
Q99742	P33122
Q99742	P41738
Q99742	Q63302
Q99742	Q7TQC5
Q99742	Q9NQ87
Q99742	O80536
Q99742	O70361
Q99742	P0ACE7
Q99742	P41739
Q99742	P61244
Q99742	Q14190
Q99742	Q8CHI5
Q99742	Q8H102
Q99742	Q96T60
Q99742	Q9WTN3
Q99742	P43424
Q99742	Q9ZVB5
Q99742	O75030
Q99742	Q16665
Q99742	Q9BYE0
Q99742	Q9UBP5
Q99742	Q9Y5J3
Q99742	Q10186
Q99742	Q9CAA4
Q99742	O35185
Q99742	P91664
Q99742	Q14582
Q99742	Q61221
Q99742	Q96HZ4
Q99742	Q9Z301
Q99742	O49687
Q99742	P15063
Q99742	P30561
Q99742	Q8IUM7
Q99742	Q8MSG8
Q99742	Q99PV5
Q99742	Q9C8P8
Q99742	P12525
Q99742	Q9CAA9
Q99742	P08431
Q99742	Q15853
Q99742	Q99583
Q99742	Q9HCC6
Q99742	Q0V7X4
Q99742	Q23921
Q99742	Q9DBX7
Q99742	Q9LSE2
Q99742	O15055
Q99742	Q14469
Q99742	Q61045
Q99742	P49379
Q99742	O08785
Q99742	P12524
Q99742	Q3U1N2
Q99742	H2KZZ2
Q99742	Q9EPU2
Q99742	Q9W4S7
Q99742	Q9WVS9
Q99742	P35428
Q99742	O15516
Q99742	P03966
Q99742	Q3U1U7
Q99742	Q61069
Q99742	Q8WYA1
Q99742	Q99814
Q99742	O08789
Q99742	O14948
Q99742	O35779
Q99742	P13098
Q99742	Q64092
Q99742	Q98TW1
Q99742	Q9NQE9
Q99742	Q9XX00
Q99742	Q9EPW1
Q99742	O35780
Q99742	P56720
Q99742	Q08874
Q99742	O88368
Q99742	Q9Y6Q9
Q99742	A6NFD8
Q99742	P70365
Q99742	P70365
Q99742	Q9FIX5
Q99742	Q9Y543
Q99742	Q4PJW2
Q99742	Q2HIV9
Q99742	Q9FJL4
Q99742	Q9LEZ3
Q99742	Q9WTW4
Q99742	Q9ZW81
Q99742	Q12398
Q99742	Q26263
Q99742	Q3T1I5
Q99742	Q9C0J9
Q99742	O81037
Q99742	P50538
Q99742	P19532
Q99742	Q63379
Q99742	Q8IXF0
Q99742	P50540
Q99742	Q0WNR2
Q99742	Q9FJ00
Q99742	P9WML1
Q99742	Q15788
Q99742	O23487
Q99742	Q9M041
Q99742	P97481
Q99742	Q24119
Q99742	Q9LXA9
Q99742	P07663
Q99742	P10166
Q99742	P53762
Q99742	Q9HBZ2
Q99742	Q9QZQ0
Q99742	Q9LTS4
Q99742	O00327
Q99742	O15534
Q99742	P70120
Q99742	Q03249
Q99742	Q9CPS6
Q99742	Q9LSL1
Q99742	O97676
Q99742	Q05195
Q99742	P0CB25
Q99742	O13911
Q99742	P17106
Q99742	Q04666
Q99742	Q9VMA2
Q99742	Q9Y2N7
Q99742	P97459
Q99742	O54943
Q99742	P62959
Q99742	P70349
Q99742	Q0VBL6
Q99742	Q12772
Q99742	Q39204
Q99742	Q9JLV6
Q99742	F4I8F9
Q99742	P97460
Q99742	O09000
Q99742	P81133
Q99742	Q59RL7
Q99742	Q66GR3
Q99742	Q9C690
Q99742	Q9WUI9
Q99742	Q9JHS2
Q99742	Q9SK91
Q99742	O14503
Q99742	P49773
Q99742	P22415
Q99742	P49776
Q99742	Q99743
Q99742	Q9SRT2
Q99742	F4K1R2
Q99742	Q03796
Q99742	Q15596
Q99742	Q24167
Q99742	Q6P8Z1
Q99742	Q9BW11
Q99742	Q9LK48
Q99742	Q9LSQ3
Q99742	Q9LV17
Q99742	O35973
Q99742	P38165
Q99742	P53795
Q99742	Q9LNJ5
Q9C0Y7	Q9C0Y7
Q9C560	Q9C560
Q9C560	Q9SW48
Q9C560	Q9LQF2
Q9C560	Q67XD9
Q9C560	F4I2X9
Q9C560	B9DFA8
Q9C560	Q9FXA8
Q9CWH4	Q9CWH4
Q9CWH4	Q7Z4M0
Q9D7K2	Q9D7K2
Q9DA17	Q9DA17
Q9DA17	Q96PP4
Q9EP52	Q9EP52
Q9EP52	Q9GZX9
Q9EP52	P54356
Q9FFZ1	Q9FFZ1
Q9FJY5	Q9FJY5
Q9FJY5	P47083
Q9FJY5	O00566
Q9FJY5	Q810V0
Q9FJY5	O13910
Q9FLL4	Q9FLL4
Q9FLL4	Q9SY29
Q9FLL4	Q1PFJ4
Q9FLL4	Q9C508
Q9FLL4	O49725
Q9FLL4	Q2V3H2
Q9FLL4	O04508
Q9FLL4	Q0WRB9
Q9UTG5	Q9UTG5
Q9UUC8	Q9UUC8
Q9UUC8	Q8N983
Q9UUC8	Q99N89
Q9Y625	Q9Y625
Q9Y625	Q9R087
Q9Y625	Q9QZF2
Q9Y625	P51655
Q9Y625	P35052
Q9Y625	P51653
Q9Y625	O75487
Q9Y625	Q8N158
U4PLN7	U4PLN7
A0A1D8PN88	A0A1D8PN88
A0A1D8PN88	P38967
A0A1D8PN88	Q12372
A0A1D8PN88	P43548
A0A1D8PN88	P06775
A0A1D8PN88	O31462
A0A1D8PN88	P25376
A0A1D8PN88	A0A1D8PNP3
A0A1D8PN88	B5BP45
A0A1D8PN88	P18696
A0A1D8PN88	P04817
A0A1D8PN88	P9WQM9
A0A1D8PN88	P9WQM8
A0A1D8PN88	Q92367
A0A1D8PN88	Q59WB3
A0A1D8PN88	P15380
A0A1D8PN88	P32487
A0A1D8PN88	P41815
A0A1D8PN88	O60170
A0A1D8PN88	P38084
A0A1D8PN88	Q9P768
A0A1D8PN88	P38085
A0A1D8PN88	Q08986
A0A1D8PN88	P48813
A0A1D8PN88	P38090
A0A1D8PN88	Q9P5N2
A0A1D8PN88	P19145
A0A1D8PN88	Q9P5N4
A0A1D8PN88	P53388
A0A1D8PN88	O34618
A0A1D8PN88	Q9URZ4
A0A2R8Y7D0	A0A2R8Y7D0
A1KEU8	A1KEU8
A1KIS1	A1KIS1
A6NI87	A6NI87
A6NI87	Q6AXV6
A6NI87	Q8NA61
A6NI87	Q32MG2
A6NI87	Q8K4I6
A6NI87	Q9D1C2
B0VN34	B0VN34
B0VN34	Q942X8
B0VN34	O80739
B0VN34	Q9FE38
B0VN34	Q9M7K4
B0VN34	Q9FY75
B0VN34	Q8LPL8
B0VN34	O22397
B0VN34	Q9M7J9
B0VN34	O22881
B0VN34	Q9LD18
B0VN34	O64769
C9JE40	C9JE40
C9JE40	Q32N92
C9JE40	A2RRV3
C9JE40	Q86TB9
C9JE40	Q3TC46
C9JE40	P25644
C9JE40	B5DF93
C9JE40	Q20374
O00515	O00515
O00515	P57016
P17890	P17890
P19955	P19955
P25558	P25558
P31142	P31142
P31142	P24329
P31142	Q99J99
P31142	P97532
P31142	P52196
P31142	O64530
P31142	Q9USJ1
P31142	Q08686
P31142	Q16762
P31142	Q24JL3
P32893	P32893
P33301	P33301
P33411	P33411
P33411	O94406
P33411	Q9JKB8
P33411	Q99633
P33411	Q8BM39
P34431	P34431
P35190	P35190
P35190	O14336
P35718	P35718
P35718	P34087
P35718	Q9D2C6
P35718	Q9Y535
P35718	P62487
P36085	P36085
P36085	P46679
P36527	P36527
P37487	P37487
P38173	P38173
P38282	P38282
P38337	P38337
P38687	P38687
P38737	P38737
P39685	P39685
P39765	P39765
P39932	P39932
P40168	P40168
P40452	P40452
P40489	P40489
P40543	P40543
P40917	P40917
P40917	Q03935
P43598	P43598
P43682	P43682
P45693	P45693
P46949	P46949
P47127	P47127
P50113	P50113
P53083	P53083
P53137	P53137
P53628	P53628
P53876	P53876
P54530	P54530
P54530	P58255
P57679	P57679
P59913	P59913
P59913	Q96MG8
P59913	Q8BHD8
P59913	Q9NV79
P69776	P69776
P71055	P71055
P72827	P72827
P73922	P73922
P73922	A1KHN9
P73922	P9WN21
P76536	P76536
P76536	I6Y4U9
P81605	P81605
P95867	P95867
P96718	P96718
P96718	O70199
P96718	Q2QS13
P96718	Q2QS14
P96718	Q9FZE1
P96718	Q75GS4
P96718	Q96558
P96718	O02373
P96718	Q9LIA8
P96718	B7F958
P96718	Q9AUV6
P96718	Q9FM01
P96718	Q9LF33
P96718	O70475
P9WHS1	P9WHS1
P9WIW3	P9WIW3
P9WJM3	P9WJM3
P9WKD3	P9WKD3
P9WL21	P9WL21
P9WL21	P9WL20
Q15428	Q15428
Q15428	Q62203
Q21126	Q21126
Q2G2F3	Q2G2F3
Q3E790	Q3E790
Q3K1J9	Q3K1J9
Q3K1J9	P0A2Z0
Q3K1J9	P37814
Q3URY0	Q3URY0
Q42538	Q42538
Q42538	Q0DGG8
Q42538	Q39218
Q4J7W0	Q4J7W0
Q4J7W0	A0R0W9
Q4J7W0	Q10211
Q4J7W0	P71741
Q4J940	Q4J940
Q504N7	Q504N7
Q504N7	Q8BV49
Q504N7	P41218
Q504N7	Q6K0P9
Q504N7	Q9R002
Q504N7	P0DOV2
Q504N7	O35368
Q504N7	Q3V3Q4
Q504N7	D0QMC3
Q504N7	Q8CGE8
Q504N7	O14862
Q55512	Q55512
Q55512	Q04797
Q72JS7	Q72JS7
Q72JS7	O74478
Q72JS7	P31120
Q72JS7	Q3K1H1
Q72JS7	P18159
Q72JS7	Q9CYR6
Q72JS7	A1KPC8
Q72JS7	P9WN40
Q72JS7	P9WN41
Q72JS7	Q8Y5E6
Q72JS7	Q5HE43
Q72JS7	O34824
Q72JS7	F1RQM2
Q72JS7	Q09770
Q72JS7	Q09687
Q72JS7	Q92M99
Q72JS7	P57750
Q72JS7	Q9CID9
Q72JS7	Q96G03
Q72JS7	P38628
Q72JS7	Q8CAA7
Q72JS7	P25177
Q72JS7	P73648
Q72JS7	A0QSQ1
Q72JS7	Q03262
Q72JS7	B0RVK5
Q72JS7	P26276
Q72JS7	Q02E40
Q72JS7	P37755
Q72JS7	Q5HD61
Q72JS7	Q7TSV4
Q72JS7	Q6PCE3
Q7M747	Q7M747
Q7TME2	Q7TME2
Q7TME2	Q96R06
Q7Z4B0	Q7Z4B0
Q83QS6	Q83QS6
Q83QS6	Q95748
Q83QS6	P27724
Q83QS6	A4FPT8
Q83QS6	A4FPT9
Q83QS6	Q35322
Q83QS6	A0A1D8PJ73
Q83QS6	Q9XAQ6
Q83QS6	O75489
Q83QS6	P19125
Q83QS6	Q9DCT2
Q83QS6	O75306
Q83QS6	P56753
Q83QS6	P56754
Q83QS6	Q8PJ43
Q86WX3	Q86WX3
Q86WX3	Q8C6B9
Q86XL3	Q86XL3
Q86XL3	Q7TP65
Q86XL3	Q6P1H6
Q86Y97	Q86Y97
Q86Y97	Q4FZB7
Q86Y97	Q4FZB7
Q86Y97	P0C2N5
Q86Y97	Q9W5E0
Q86Y97	Q6Q783
Q86Y97	Q3U8K7
Q8BI22	Q8BI22
Q8BMG1	Q8BMG1
Q8BMG1	Q8WXE1
Q8BNQ3	Q8BNQ3
Q8BNQ3	Q96N19
Q8BNQ3	Q8N3F9
Q8BNQ3	E9Q343
Q8BNQ3	Q80ZU9
Q8BNQ3	O60478
Q8BQ47	Q8BQ47
Q8BQ47	Q8N129
Q8BQ47	Q9BT09
Q8BQ47	Q9DAU1
Q8BT07	Q8BT07
Q8BT07	Q4V7C8
Q8BVY0	Q8BVY0
Q8BVY0	O76021
Q8BVY0	P38779
Q8BVY0	Q9UT32
Q8C8K3	Q8C8K3
Q8CIP5	Q8CIP5
Q8CIP5	A3KFU9
Q8CIP5	A7MBM2
Q8CIP5	Q3TDN0
Q8CIP5	Q96F81
Q8CIP5	Q9P2K9
Q96DR4	Q96DR4
Q96DR4	Q99JV5
Q96DR4	P59095
Q96DR4	Q9NSY2
Q96DR4	P59096
Q96GC5	Q96GC5
Q96HW7	Q96HW7
Q96HW7	Q8CIM8
Q96HW7	Q9W3E1
Q97WK8	Q97WK8
Q97WK8	Q4JC60
Q99L00	Q99L00
Q99L00	Q9BT25
Q9BQD7	Q9BQD7
Q9BQD7	Q9D1Z3
Q9C8E6	Q9C8E6
Q9C8E6	F4K5K6
A2RSX4	A2RSX4
A3GG12	A3GG12
A3GG12	A4R962
A3GG12	Q59MA9
A3GG12	A5DLU8
A6NDX4	A6NDX4
A7TG43	A7TG43
A7TG43	Q9H009
A7TG43	Q5SWP3
A7TG43	Q8JIU7
A7TG43	Q94JX9
A7TG43	Q9LHG9
A7TG43	A5DGN9
A7TG43	Q9BZK3
A7TG43	P70670
A7TG43	Q6ICZ8
A7TG43	A3GHD3
A7TG43	A4RC89
A7TG43	Q94518
A7TG43	Q9SZY1
A7TG43	O15069
A7TG43	P87147
A7TG43	Q5ANP2
A7TG43	Q5E9A1
A7TG43	E9PAV3
A7TG43	P38879
A7TG43	Q60817
A8MQN2	A8MQN2
A8MQN2	F4JCX9
B6SJQ0	B6SJQ0
D6MZJ6	D6MZJ6
D6MZJ6	O35049
D6MZJ6	Q9JJY3
D6MZJ6	Q9NY59
F4I3V6	F4I3V6
F4IYM4	F4IYM4
F4JRP8	F4JRP8
F4JRP8	F4JRP0
F4JRP8	F4KEM0
F4JRP8	F4HW65
F4JRP8	O64728
F4K2U8	F4K2U8
F4KCC2	F4KCC2
G2TRQ6	G2TRQ6
I3L3R5	I3L3R5
O04714	O04714
O13780	O13780
O13924	O13924
O13924	O80528
O13924	Q8TF76
O13924	Q9Z0R0
O23006	O23006
O23300	O23300
O23300	O04469
P49745	P49745
P49745	P40226
P49745	P40225
P53881	P53881
P54654	P54654
P54654	P36621
P54654	Q08163
P54654	Q9CYT6
P54654	P40123
P54654	P17555
P54654	P40124
P54654	O65902
P54654	P52481
P62126	P62126
P62126	A1JS57
P62126	O15235
P62126	P10735
P62126	P0CY39
P62126	P0CY40
P62126	P0CX29
P62126	P0CX30
P62126	P62267
P62126	P62266
P62126	P62268
P62126	Q8T3U2
P62126	Q19877
P62126	P0A7S8
P62126	P0A7S3
P62126	P53732
P62126	P39573
P62126	P0CT76
P62126	P0CT75
P62126	A0A1D8PDU3
P62126	P74230
P62126	Q9HE74
P62126	B0R8D1
P62126	B0VTG5
P62126	P92532
P62126	P21472
P62126	P66372
P82644	P82644
P87138	P87138
P90789	P90789
P90789	P17568
P90789	Q9CR61
Q06524	Q06524
Q07978	Q07978
Q10041	Q10041
Q10317	Q10317
Q12286	Q12286
Q12286	P53032
Q1G3M2	Q1G3M2
Q3V0X1	Q3V0X1
Q42337	Q42337
Q499Z3	Q499Z3
Q499Z3	Q8BHW9
Q9LFC0	Q9LFC0
Q9LFC0	Q9JIY2
Q9LFC0	Q75N03
Q9LJL4	Q9LJL4
Q9LJL4	Q93WC9
Q9LJL4	Q9C6L1
Q9LU40	Q9LU40
Q9LX16	Q9LX16
Q9LX16	Q9SLH0
Q9LX16	O23115
Q9LX16	O23116
Q9M158	Q9M158
Q9M158	A2X345
Q9M330	Q9M330
Q9NU53	Q9NU53
Q9P6M7	Q9P6M7
Q9QY66	Q9QY66
Q9QY66	Q9UHR6
Q9S845	Q9S845
Q9SCB9	Q9SCB9
Q9SCB9	Q9XXU9
Q9SCB9	P21283
Q9SCB9	P54648
Q9SCB9	Q9V7N5
Q9SCB9	Q9SDS7
Q9SCB9	Q99L60
Q9SCB9	Q9HDW6
Q9SCB9	Q9Z1G3
Q9SCB9	Q5FVI6
Q9SCB9	Q8NEY4
Q9SCB9	P31412
Q9SD53	Q9SD53
Q9SUV9	Q9SUV9
Q9T0A4	Q9T0A4
Q9URV6	Q9URV6
Q9UUE5	Q9UUE5
Q9WV41	Q9WV41
Q9WV41	Q9QY05
Q9WV41	Q9Y581
Q9XHR2	Q9XHR2
Q9XHR2	Q9LD55
Q9XHR2	O74760
Q9XHR2	A4RM69
Q9XHR2	A7TL64
Q9XHR2	Q9VN25
Q9XHR2	Q1JU68
Q9XHR2	P23116
Q9XHR2	P38249
Q9XHR2	Q14152
Q9XHR2	P34339
Q9XZ14	Q9XZ14
Q9Z287	Q9Z287
Q9Z287	P59991
Q922P8	Q922P8
Q922P8	Q14DG7
Q922P8	Q76HP3
Q922P8	Q8N3T6
Q922P8	Q14C87
Q966L5	Q966L5
Q966L5	Q99MR6
Q966L5	Q9BXP5
Q966L5	Q9V9K7
Q966L5	Q9ZVD0
Q969N2	Q969N2
Q969N2	P38875
Q96A98	Q96A98
Q96D03	Q96D03
Q96D03	Q8VHZ5
Q96D03	Q9NX09
Q96D03	Q9D3F7
Q96EZ4	Q96EZ4
Q9ERY9	Q9ERY9
Q9ERY9	Q9UKR5
Q9USS4	Q9USS4
Q9VJ29	Q9VJ29
Q9W2Q7	Q9W2Q7
Q9Y5N5	Q9Y5N5
Q9ZNV5	Q9ZNV5
Q9ZNV5	P14306
Q9ZNV5	Q96DV4
Q9ZNV5	P13696
Q9ZNV5	P70296
Q9ZNV5	P30086
Q9ZNV5	Q06252
Q9ZNV5	Q96S96
Q9ZNV5	P31044
Q9ZT96	Q9ZT96
Q9ZUH0	Q9ZUH0
Q9ZVL6	Q9ZVL6
A0A0K3AWP8	A0A0K3AWP8
A1KGY5	A1KGY5
A1KGY5	Q06408
A1KGY5	Q92345
A1KGY5	Q9QXE0
A1KGY5	Q8BU33
A1KGY5	P28516
A1KGY5	Q8CHM7
A1KGY5	Q0JMH0
A1KGY5	A1L0T0
A1KGY5	P26263
A1KGY5	P06169
A1KGY5	P51846
A1KGY5	P83779
A1KGY5	Q9Y7M1
A1KGY5	Q07471
A1KGY5	Q9UJ83
A1KGY5	P16467
A1KGY5	P39994
A1KGY5	Q9LF46
A1KGY5	P9WG39
A1KGY5	P9WG38
A1ZB29	A1ZB29
A1ZB29	P23919
A1ZB29	Q0WW55
A7ZRX6	A7ZRX6
D3ZR35	D3ZR35
D3ZR35	E9Q942
D3ZR35	P0DJ93
E7EW31	E7EW31
E7EW31	D6RIA3
E7EW31	E0CYV9
E7EW31	D3Z1D3
E7EW31	M0RD54
E7EW31	Q711Q0
O95619	O95619
O95619	Q9CR11
O95619	P35189
O95619	Q10319
O95619	Q9FH40
O95619	Q03111
O95619	Q99314
O95619	Q3TUF7
O95619	P42568
O95619	O94436
O95619	A2AM29
O96000	O96000
O96000	Q9DCS9
P03881	P03881
P04037	P04037
P04037	Q5S3G4
P04037	P19536
P04037	P29505
P04037	Q9LW15
P04037	P79010
P04037	P10606
P04397	P04397
P04397	Q14376
P04397	P0A9C3
P04397	Q42605
P04397	Q9HDU3
P04397	Q9C7W7
P04397	Q9SA77
P04397	Q66HG4
P04397	Q9FI17
P04397	Q9SUN3
P04397	Q8K157
P04397	O64749
P04397	Q9SN58
P04397	Q96C23
P04397	Q9W0P5
P04844	P04844
P04844	P04844
P04844	Q9DBG6
P04844	P25235
P06844	P06844
P09169	P09169
P09430	P09430
P09430	P17306
P0A6B7	P0A6B7
P0A6B7	P38033
P0A6B7	Q9JLI6
P0A6B7	P25374
P0A6B7	Q9Z1J3
P0A6B7	O32164
P0A6B7	Q68FT9
P0A6B7	Q7UAH4
P0A6B7	O25008
P0A6B7	Q93WX6
P0A6B7	Q9Y697
P0A6B7	O74351
P0A6B7	Q9VKD3
P0A6B7	P9WQ71
P0A722	P0A722
P0A722	Q9SU91
P0A722	Q55746
P0A8P4	P0A8P4
P0A991	P0A991
P0A9M2	P0A9M2
P0A9M2	P27605
P0A9M2	P00492
P0A9M2	P00493
P0A9M2	Q9NRG1
P0AFG9	P0AFG9
P0AFG9	P0AFG8
P0AG83	P0AG83
P0AG83	A0A0H3MBK5
P0AG83	P9WGT9
P0C0A3	P0C0A3
P0C0A3	O94318
P0C0A3	Q9FY89
P0C0A3	Q96FZ7
P0C1Z6	P0C1Z6
P0C1Z6	Q3U1J1
P0C1Z6	Q9JMG6
P11438	P11438
P11438	P11279
P11438	Q9UQV4
P11438	P17047
P11438	P34810
P11438	P14562
P11438	P31996
P11438	P13473
P11438	Q11117
P12025	P12025
P12025	P21246
P12025	P63089
P15254	P15254
P15254	Q9M8D3
P15254	P38972
P15254	Q5SUR0
P15254	O14228
P15254	O15067
P15254	P35421
P15254	Q19311
P15254	Q3KHL4
P17105	P17105
P17105	P42335
P17105	P27987
P17105	Q8R071
P17105	Q96DU7
P17105	Q80ZG2
P17105	P23677
P17105	Q7TS72
P18888	P18888
P19582	P19582
P20458	P20458
P20458	Q5HDY0
P20458	P9WKK3
P20458	A1KPE8
P20458	P69222
P20458	P69224
P20458	P69227
P20458	Q04ML4
P22354	P22354
P24482	P24482
P29812	P29812
P29812	P14679
P29812	P07147
P29812	P40126
P29812	P11344
P29812	P17643
P30845	P30845
P31096	P31096
P31096	P14287
P31096	P10923
P31096	P23498
P31096	P31098
P31096	P08721
P32351	P32351
P32494	P32494
P33595	P33595
P33595	Q8XA02
P52651	P52651
P52651	Q63630
P52927	P52927
P52927	P17096
P52927	P52926
P52927	Q8K585
P53061	P53061
P53120	P53120
P53238	P53238
P53855	P53855
P53907	P53907
P53907	P38835
P53958	P53958
P54452	P54452
P54802	P54802
P54802	Q9FNA3
P56119	P56119
P56381	P56381
P56381	P56382
P56381	Q5VTU8
P56381	P29418
P57076	P57076
P58197	P58197
P58197	P34056
P58197	Q92481
P58197	Q6VUC0
P58197	P05549
P58197	Q61312
P58197	Q6VUP9
P58197	Q61313
P58197	Q92754
P58197	Q91ZK0
P58197	Q7Z6R9
P59240	P59240
P59240	O75161
P60878	P60878
P60878	P60879
P60878	P60880
P60878	P60881
P60878	P36975
P60878	O00161
P60878	O70377
P60878	Q9LMG8
P60878	Q0E1I7
P60878	Q0E1I7
P60878	Q9S7P9
P66042	P66042
P66042	C1KYI2
P68005	P68005
P68005	P10082
P68005	P10631
P68005	Q9EPS2
P68005	P07808
P68005	P57774
P68005	P01303
P68371	P68371
P68371	P68372
P68371	Q6P9T8
P68371	P06606
P68371	Q43695
P68371	P25295
P68371	P85108
P68371	Q7TMM9
P68371	Q9CWF2
P68371	Q3KRE8
P68371	Q9BVA1
P68371	P18025
P68371	P23257
P68371	Q9NRH3
P68371	P18026
P68371	P23258
P68371	Q68FR8
P68371	P0DPH7
P68371	P0DPH8
P68371	P05214
P68371	Q02245
P68371	P11139
P68371	Q6PEY2
P68371	P12411
P68371	B9DHQ0
P68371	B9DHQ0
P68371	Q56WH1
P68371	Q9R1K7
P68371	Q9BQE3
P68371	P68373
P68371	Q6AYZ1
P68371	Q8VCK3
P68371	Q9ERD7
P68371	Q2T9S0
P68371	Q4QRB4
P68371	Q13509
P68371	P09206
P68371	P34690
P68371	Q24560
P68371	P09207
P68371	A2AQ07
P68371	P02550
P68371	P12456
P68371	P83887
P68371	P02557
P68371	P09652
P68371	Q9ASR0
P68371	Q3ZCM7
P68371	P61857
P68371	Q0WV25
P68371	B9DGT7
P68371	P29511
P68371	P05219
P68371	P09244
P68371	P99024
P68371	P69897
P68371	P07437
P68371	P22275
P68371	P52275
P68371	Q9H853
P68371	P04688
P68371	P05220
P68371	P05213
P68371	P68363
P68371	P68369
P68371	P68370
P68371	Q2XVP4
P68371	Q6P9V9
P68371	P04689
P68371	P24636
P68371	P06605
P68371	P09733
P68371	Q9UJT0
P68371	P09734
P68371	Q3UX10
P68371	P33627
P68371	P08841
P68371	Q9BUF5
P68371	Q9D6F9
P68371	P91910
P68371	Q9D6T1
P68371	Q41782
P68371	A6NNZ2
P68371	P68368
P68371	Q5XIF6
P68371	Q6AY56
P68371	Q9JJZ2
P68371	Q9H4B7
P68371	P14641
P68371	P14640
P68371	P32255
P68371	Q41783
P68371	Q7KQL5
P68371	P28752
P68371	P29513
P68371	P32256
P68371	Q41784
P68371	P29514
P68371	Q41785
P68371	Q43697
P68371	P53378
P68371	P29515
P68371	P29516
P68371	P29517
P68371	Q922F4
P68371	P10875
P68371	O01939
P68371	P06603
P68371	Q9UJT1
P68371	P06604
P68371	Q9ZRB7
P70213	P70213
P73722	P73722
P77627	P77627
P78955	P78955
P80229	P80229
P80229	P07092
P80229	Q9JK88
P80229	A8MTL9
P80229	P09005
P80229	P12388
P80229	P29622
P80229	Q9SIR9
P80229	O75635
P80229	Q5I2A0
P80229	Q9M1T7
P80229	P01008
P80229	Q8R4Z1
P80229	Q99574
P80229	P01009
P80229	P48594
P80229	Q7TMF5
P80229	Q9D7P9
P80229	P01011
P80229	P07093
P80229	P17475
P80229	P48595
P80229	Q06770
P80229	Q9DCQ7
P80229	P08185
P80229	P01012
P80229	P29621
P80229	P41361
P80229	P49182
P80229	P97290
P80229	P07758
P80229	P30740
P80229	Q4G075
P80229	Q60854
P80229	O75830
P80229	P07759
P80229	Q5SV42
P80229	Q00896
P80229	Q9D695
P80229	Q9D154
P80229	Q9V3N1
P80229	P97298
P80229	Q00897
P80229	P05120
P80229	P19324
P80229	P29457
P80229	Q00898
P80229	P05121
P80229	P22777
P80229	Q03734
P80229	Q41593
P80229	P09006
P80229	Q91WP6
P80229	Q9UIV8
P80229	Q9ST57
P80229	Q9UK55
P80229	Q9ST58
P80229	O08800
P80229	P05543
P80229	P05544
P80229	P20848
P80229	P05545
P80229	P22599
P80229	Q8R121
P80229	P05546
P80229	P61939
P80229	Q8IW75
P80229	P05154
P80229	P32261
P80229	Q8CDC0
P80229	P93692
P80229	Q9ZQR6
P80229	P05155
P80229	Q96P63
P80229	P20961
P80229	P93693
P80229	Q9S7T8
P80229	O04582
P80229	Q9SH52
P80229	P29508
P80229	Q64268
P80229	P28800
P80229	O73860
P80229	P08697
P80229	P36952
P80229	P50452
P80229	P50453
P80229	P36955
P80229	P50454
P80229	P70124
P80229	Q9JLD2
P82673	P82673
P94534	P94534
P96596	P96596
Q5HCR7	Q5HCR7
Q5HCR7	Q5HJU7
Q5SYL3	Q5SYL3
Q5SYL3	Q9VZS7
Q5SYL3	Q14667
Q5SYL3	Q06179
Q5U465	Q5U465
Q5U465	Q86Z20
Q5VXH4	Q5VXH4
Q5VXH4	Q5SWL8
Q5VXH4	Q5VTA0
Q5VXH4	Q15048
Q5VXH4	O60811
Q5VXH4	A6NGN4
Q5VXH4	P78395
Q5VXH4	O95521
Q5VXH4	O95522
Q5VXH4	Q5VWM3
Q5VXH4	Q5VWM4
Q5VXH4	Q3UWY1
Q5VXH4	Q5TYX0
Q5VXH4	A3QJZ7
Q5VXH4	A3QJZ6
Q5VXH4	P0DUQ2
Q5VXH4	P0DUQ1
Q5VXH4	A0A0G2JMD5
Q5VXH4	E9Q5G7
Q5VXH4	O60809
Q5VXH4	O60810
Q5VXH4	A6NHZ5
Q61979	Q61979
Q61979	Q16517
Q62655	Q62655
Q62655	Q60722
Q62655	P21677
Q62655	P51514
Q62655	P15923
Q62655	P15806
Q62655	Q61286
Q62655	P11420
Q62655	A0A0R4IBL7
Q64345	Q64345
Q64345	P09913
Q64345	P09914
Q64345	Q13325
Q64345	O14879
Q64345	Q64282
Q66GQ2	Q66GQ2
Q68DN1	Q68DN1
Q6IPR1	Q6IPR1
Q6L8S8	Q6L8S8
Q6L8S8	Q76KP1
Q6L8S8	Q6L9W6
Q6P589	Q6P589
Q6P589	O95379
Q6P589	Q5GJ75
Q6P589	Q3TBL6
Q6P589	Q921Z5
Q6P6M5	Q6P6M5
Q91VL8	Q91VL8
Q91VL8	Q5EAN7
Q91VL8	Q9NYB0
Q91WE2	Q91WE2
Q91WE2	Q9GZU8
Q91Y55	Q91Y55
Q91Y55	Q925N4
Q96DE0	Q96DE0
Q96DE0	Q9BRJ7
Q96FA7	Q96FA7
Q96MC9	Q96MC9
Q97UB2	Q97UB2
Q97UB2	P39522
Q97UB2	Q4J860
Q97UB2	Q9LIR4
Q97UB2	P74689
Q99207	Q99207
Q99207	O43051
Q99K43	Q99K43
Q99K43	O43663
Q99P31	Q99P31
Q99P31	Q6IMX7
Q9BSB4	Q9BSB4
Q9BSB4	Q9D8Z6
Q9BV86	Q9BV86
Q9BV86	P38340
Q9BV86	B2RXM4
Q9BVV7	Q9BVV7
Q9BVV7	Q1G3L1
Q9BWT6	Q9BWT6
Q9BXS9	Q9BXS9
Q9BXS9	P23622
Q9BXS9	Q9FEP7
Q9BXS9	Q80ZD3
Q9BXS9	Q7LBE3
Q9BXS9	Q96RN1
Q9BXS9	P92946
Q9BXS9	Q8NG04
Q9BXS9	Q8TE54
Q9BXS9	O70531
Q9BXS9	P58735
Q9BXS9	Q9FY46
Q9BXS9	P58743
Q9BXS9	Q12325
Q9BXS9	A8J6J0
Q9BXS9	Q86WA9
Q9BXS9	Q9H2B4
Q9BXS9	P45380
Q9BXS9	P38359
Q9BXS9	Q99NH7
Q9BXS9	Q9SAY1
Q9BXS9	O43511
Q9BXS9	P50443
Q9BXS9	Q62273
Q9BXS9	Q94LW6
Q9BXS9	Q9R154
Q9BXS9	Q9SXS2
Q9BXS9	O74377
Q9BXS9	Q9URY8
Q9BXS9	P40879
Q9CQ00	Q9CQ00
Q9CQ00	Q96GE9
Q9CR62	Q9CR62
Q9CR62	O95258
Q9CR62	P40035
Q9CR62	P40614
Q9CR62	P48962
Q9CR62	Q3V132
Q9CR62	Q91XD8
Q9CR62	O04619
Q9CR62	P40941
Q9CR62	Q9FI73
Q9CR62	Q86VD7
Q9CR62	Q9VMK1
Q9CR62	P31691
Q9CR62	Q00325
Q9CR62	Q5SWT3
Q9CR62	Q9WVD5
Q9CR62	Q9Y6C9
Q9CR62	Q9SUV1
Q9CR62	Q9Y619
Q9CR62	A0A0G2K5L2
Q9CR62	O43808
Q9CR62	Q3KQZ1
Q9CR62	Q791T5
Q9CR62	Q06497
Q9CR62	P53007
Q9CR62	P53257
Q9CR62	Q791V5
Q9CR62	Q8WUT9
Q9CR62	F4HT41
Q9CR62	Q03829
Q9CR62	Q5EB62
Q9CR62	Q9UBX3
Q9CR62	Q9Z2Z6
Q9CR62	Q12289
Q9CR62	Q9Z2B2
Q9CR62	D6W196
Q9CR62	P55851
Q9CR62	Q12482
Q9CR62	A2ADF7
Q9CR62	O74439
Q9CR62	O95847
Q9CR62	P12235
Q9CR62	P38127
Q9CR62	Q12251
Q9CR62	Q9P6N6
Q9CR62	P12236
Q9CR62	P25874
Q9CR62	P97700
Q9CR62	Q07534
Q9CR62	O97470
Q9CR62	P33303
Q9CR62	P70406
Q9CR62	P12242
Q9CR62	P18238
Q9CR62	Q96H78
Q9CR62	P18239
Q9CR62	P38988
Q9CR62	Q99297
Q9CR62	P40464
Q9CR62	Q9P3T7
Q9CR62	Q6Q0C1
Q9CR62	Q96DW6
Q9CR62	Q9BSK2
Q9CR62	Q9QXX4
Q9CR62	P31167
Q9CR62	Q9FHX2
Q9CR62	Q02978
Q9CR62	Q02978
Q9CR62	Q6QRN9
Q9CR62	Q9CQS4
Q9CR62	Q06143
Q9CR62	P55916
Q9CR62	Q9H1K4
Q9CR62	P49382
Q9CR62	P56500
Q9CR62	P23641
Q9CR62	O22261
Q9CR62	P56501
Q9CR62	P04633
Q9CR62	P16260
Q9CR62	P38702
Q9CR62	Q0E8F2
Q9CR62	Q4V8K4
Q9CR62	Q8VEM8
Q9CR62	Q8BGF9
Q9CR62	Q8N8R3
Q9CR62	Q9BV35
Q9CR62	P04709
Q9CR62	Q3TZX3
Q9CR62	Q9FY68
Q9CR62	P16036
Q9CR62	P39953
Q9CR62	Q9H936
Q9CR62	Q9VM51
Q9CR62	P40556
Q9CR62	Q9BZJ4
Q9CR62	Q9D6M3
Q9CR62	Q6KCM7
Q9CR62	Q9D8K8
Q9CR62	A4RF23
Q9CR62	O49447
Q9CR62	Q96AG3
Q9CR62	O94370
Q9CR62	P12857
Q9CR62	Q9M024
Q9CR62	Q9UTN1
Q9CR62	O89035
Q9CR62	P05141
Q9CR62	Q9H1U9
Q9CR62	Q9H2D1
Q9CR62	Q9CR58
Q9CR62	O75746
Q9CR62	Q5SVS4
Q9CR62	Q8JZU2
Q9CR62	Q93XM7
Q9CR62	O04200
Q9CR62	O14281
Q9CR62	Q9H0C2
Q9CR62	A2ASZ8
Q9CR62	Q09188
Q9CR62	Q9P7V8
Q9CR62	Q6NUK1
Q9CR62	Q9BQT8
Q9CR62	Q9NYZ2
Q9CR62	F4HW79
Q9CR62	Q9C5M0
Q9CR62	P38152
Q9CR62	Q96CQ1
Q9CR62	Q9HC21
Q9CR62	Q9NZJ7
Q9CR62	O70579
Q9CR62	Q9LY28
Q9CR62	Q05962
Q9CR62	Q9BXI2
Q9CR62	P29518
Q9CR62	O43772
Q9CR62	Q922G0
Q9CR62	P32332
Q9CR62	Q96A46
Q9CR62	P02722
Q9CR62	P97521
Q9CR62	P32089
Q9CR62	Q8BH59
Q9CR62	Q26365
Q9CR62	P51881
Q9CR62	Q09073
Q9CR62	Q8BMD8
Q9CR62	Q9M2Z8
Q9CR62	Q9SB52
Q9CX53	Q9CX53
Q9CX53	Q8WXD5
Q9CXT8	Q9CXT8
Q9CXT8	P22695
Q9CXT8	O22941
Q9CXT8	Q9JHR7
Q9CXT8	B8B0E2
Q9CXT8	Q4W6B5
Q9CXT8	P31930
Q9CXT8	P11914
Q9CXT8	O75439
Q9CXT8	P98080
Q9CXT8	A0A1D8PP59
Q9CXT8	Q9DB77
Q9CXT8	P47245
Q9CXT8	P32551
Q9CXT8	Q03346
Q9CXT8	P07256
Q9CXT8	F4HNU6
Q9CXT8	Q9DC61
Q9CXT8	P10507
Q9CXT8	Q9CZ13
Q9CXT8	P14735
Q9CXT8	Q06010
Q9CXT8	P35559
Q9CXT8	P20069
Q9CXT8	Q8X6M8
Q9CXT8	Q68FY0
Q9CXT8	P22817
Q9CXT8	Q10713
Q9CXT8	F4J3D9
Q9CXT8	P40851
Q9CXT8	Q9FIH8
Q9CXT8	Q8BHG1
Q9CXT8	O04308
Q9CXT8	Q9ZU25
Q9CYC5	Q9CYC5
Q9CYC5	Q9H410
Q9CZ82	Q9CZ82
Q9CZ82	Q9XZT1
Q9CZ82	Q9BUE0
Q9D083	Q9D083
Q9D0M5	Q9D0M5
Q9D0M5	Q96FJ2
Q9D0M5	Q02647
Q9D0M5	Q22799
Q9D0M5	Q9DCM4
Q9D0M5	O96015
Q9D0M5	P63167
Q9D0M5	P63168
Q9D0M5	P63170
Q9D305	Q9D305
Q9D305	Q7Z6K1
Q9D305	Q8VCZ3
Q9D305	Q8WTV1
Q9D305	Q9H0W7
Q9D305	Q642B6
Q9D305	O43422
Q9D305	O64527
Q9D305	Q8WY91
Q9D305	Q9P2Z0
Q9D305	Q8NA92
Q9D305	Q9H5L6
Q9D305	Q9BT49
Q9D305	Q9CUX1
Q9D6J5	Q9D6J5
Q9D6J5	O95169
Q9D7A8	Q9D7A8
Q9D8N1	Q9D8N1
Q9D8N1	Q96F05
Q9DBC0	Q9DBC0
Q9DBC0	Q9BVL4
Q9DBC0	Q08968
Q9DBQ7	Q9DBQ7
Q9DBZ5	Q9DBZ5
Q9DBZ5	Q9UBQ5
Q9ET43	Q9ET43
Q9ET43	P56749
Q9FGZ9	Q9FGZ9
Q9FGZ9	Q9BZL1
Q9FNP0	Q9FNP0
Q9FNP0	Q9LDZ1
Q9FNP0	O23660
Q9FNP0	Q9M8L3
Q9FNP0	Q9FHZ3
Q9GZP8	Q9GZP8
Q9H0C3	Q9H0C3
Q9H0C3	Q8BH18
Q9H0R4	Q9H0R4
Q9H0R4	Q9H008
Q9H0R4	Q9D7I5
Q9H175	Q9H175
Q9H175	Q96S65
Q9H175	P59054
Q9H175	Q8WYN3
Q9H175	P59055
Q9H1Z4	Q9H1Z4
Q9H1Z4	Q91V09
Q9H6D7	Q9H6D7
Q9I0J8	Q9I0J8
Q9I0J8	O22769
Q9I0J8	Q9D6J6
Q9I0J8	P19404
Q9JJ72	Q9JJ72
Q9JJ72	Q5BJN9
Q9JJ72	Q9NS64
Q9JJ72	Q3URD2
Q9NPE2	Q9NPE2
Q9NPE2	Q9NPE2
Q9NPE2	Q3T1H2
Q9NPE2	Q99KS2
Q9NQ31	Q9NQ31
Q9NQ31	Q9JJR5
Q9NRR8	Q9NRR8
Q9NRR8	Q8BHL7
Q9NRR8	Q9VNE7
Q9NRR8	Q8BGH7
Q9NRR8	Q9NRR3
O49292	O49292
O59779	O59779
O74854	O74854
O74982	O74982
O82804	O82804
O94276	O94276
O94676	O94676
O96623	O96623
O96623	O15144
O96623	Q9CVB6
O96623	P85970
O96623	P53731
O96623	O14241
P01326	P01326
P01326	P01344
P01326	P05019
P01326	P09535
P01326	P05017
P01326	F8WCM5
P01326	P01323
P01326	P01346
P02654	P02654
P04118	P04118
P04118	A2RUU4
P0DMS1	P0DMS1
P0DMS1	F4HZB5
P0DMS1	F4IJK1
P0DMS1	F4I131
P0DMS1	F4JIF4
P0DMS1	Q9ZQX8
P0DMS1	Q9LUI2
P15459	P15459
P15459	P01089
P15459	P15458
P18405	P18405
P18405	Q8BFZ1
P18405	Q9SI62
P18405	Q9WUP4
P18405	Q9VLP9
P18405	O94511
P18405	Q9H8P0
P18405	Q9M2U2
P18405	Q5HYJ1
P18405	Q64232
P18405	Q9CY27
P18405	Q9NZ01
P25335	P25335
P25335	Q9JHX6
P31397	P31397
P32259	P32259
P34278	P34278
P38429	P38429
P39012	P39012
P39012	O43292
Q3UYG1	Q3UYG1
Q3UYG1	A6NGH7
Q7XJ96	Q7XJ96
Q7XJ96	O95995
P03279	P03279
P06922	P06922
P86863	P86863
Q85601	Q85601
Q85601	P0C205
Q921V5	Q921V5
Q921V5	Q10469
Q93Z20	Q93Z20
Q93Z20	Q9LVE0
Q93Z20	Q9LFX9
Q93Z20	Q9SX20
Q93Z20	P46059
Q93Z20	O01840
Q93Z20	Q3E8X3
Q93Z20	Q9M171
Q93Z20	P91679
Q93Z20	Q9M172
Q93Z20	Q16348
Q93Z20	Q21219
Q93Z20	Q9CAR9
Q93Z20	Q9M174
Q93Z20	Q9M175
Q93Z20	Q9M9V7
Q93Z20	Q17758
Q93Z20	Q944G5
Q93Z20	Q9LSE8
Q93Z20	Q05085
Q93Z20	Q9JIP7
Q93Z20	Q9ES07
Q93Z20	Q9M390
Q93Z20	Q9LYR6
Q93Z20	Q9M817
Q93Z20	Q9M1E1
Q93Z20	Q9SZY4
Q93Z20	Q9FNL7
Q93Z20	Q9M1E2
Q93Z20	Q0WP01
Q93Z20	Q63424
Q93Z20	Q9LV10
Q93Z20	Q93VV5
Q93Z20	Q0WSZ6
Q93Z20	Q8RX77
Q94A02	Q94A02
Q94A02	Q9FE98
Q94A02	Q93Z38
Q94BP3	Q94BP3
Q94KK7	Q94KK7
Q95ZG8	Q95ZG8
Q965Q4	Q965Q4
Q96PS1	Q96PS1
Q9BV81	Q9BV81
Q9C0D3	Q9C0D3
Q9C0D3	Q3UFS0
Q9C0D3	Q6WRX3
Q9C8C1	Q9C8C1
Q9CPT4	Q9CPT4
Q9CPT4	Q969H8
Q9CXU0	Q9CXU0
Q9CXU0	Q9BTT4
Q9CXU0	Q06213
Q9CXU0	Q9FHZ2
Q9CXU0	F4HPA7
Q9D112	Q9D112
Q9FFR6	Q9FFR6
Q9FIG9	Q9FIG9
Q9FM10	Q9FM10
Q9FM10	O82587
Q9FM10	Q9FGQ2
Q9FM10	Q10LN5
Q9FM10	Q944M5
Q9FM10	Q9SMM5
Q9FM10	Q9FY94
Q9FUG4	Q9FUG4
Q9FUG4	P49135
Q9FUG4	Q4G005
Q9FUG4	O13768
Q9FUG4	P19447
Q9FUG4	Q38861
Q9FUG4	Q00578
Q9FUG4	Q02870
Q9XWN6	Q9XWN6
Q9XWN6	Q09994
Q9Y2C3	Q9Y2C3
Q9Y2C3	Q9Y5Z6
Q9Y2C3	Q9Z222
Q9Y2C3	Q8BGY6
Q9Y2C3	Q9NY97
Q9Y2C3	O96024
Q9Y2C3	O43825
Q9Y2C3	Q94F27
Q9Y2C3	Q7Z7M8
Q9Y2C3	Q9Y2A9
Q9Y2C3	Q96L58
Q9Y2C3	Q8NFL0
Q9Y2C3	Q9MAP8
Q9Y2C3	Q9LKA9
Q9Y2C3	Q9C809
Q9Y2C3	Q9C0J1
Q9Y2C3	Q920V1
Q9Y2C3	Q6ZMB0
Q9Y2C3	O75752
Q9Y2C3	Q9BYG0
Q9Y2C3	Q9LV16
Q9Y2C3	Q9ZV71
Q9ZQ12	Q9ZQ12
Q9ZQ12	Q9SJR5
Q9ZQ12	A5HEG9
Q9ZQ12	O81001
Q9ZUH4	Q9ZUH4
A0A1B0GUU1	A0A1B0GUU1
A0A1D8PL99	A0A1D8PL99
A0A1D8PL99	P62753
A0A1D8PL99	P62754
A0A1D8PL99	P62755
A0A1D8PL99	P0CX38
A0A1D8PL99	P0CX37
A0A1D8PL99	O48549
A0A1D8PL99	P29327
A0A1D8PL99	P05752
A0A1D8PL99	Q9NEN6
A0A1D8PL99	P51430
A0A1D8PL99	Q9C0Z7
A0A1D8PTI7	A0A1D8PTI7
A0A1D8PTI7	Q9TXP0
A0A1D8PTI7	P42677
A0A1D8PTI7	Q6ZWU9
A0A1D8PTI7	Q71TY3
A0A1D8PTI7	P24051
A0A1D8PTI7	Q6ZWY3
A0A1D8PTI7	Q71UM5
A0A1D8PTI7	P35997
A0A1D8PTI7	O74330
A0A1D8PTI7	P38711
A0A1D8PTI7	Q8L953
A0A1D8PTI7	O64650
A0A1D8PTI7	Q9M2F1
A1A708	A1A708
A1L188	A1L188
D2J0Y4	D2J0Y4
D2J0Y4	Q8K4E0
D2J0Y4	Q96M02
D3Z7H4	D3Z7H4
D3Z7H4	D3ZK93
D3Z7H4	Q2KHT4
D3Z7H4	Q6UXU4
E9PXX9	E9PXX9
E9PXX9	O88627
E9PXX9	O43868
E9PXX9	Q9HAS3
E9PXX9	Q9ERH8
E9PXX9	O00337
E9PXX9	Q62773
G5EBV6	G5EBV6
G5EBV6	Q9TZQ3
G5EGE9	G5EGE9
M9MSG8	M9MSG8
O00631	O00631
O00631	Q6SLE7
O00631	Q9CQD6
O13665	O13665
P00946	P00946
P00946	P34949
P00946	Q3SZI0
P00946	O43014
P00946	Q924M7
P00946	O31646
P00946	P29952
P01099	P01099
P01099	Q60829
P01099	Q9ERT9
P01099	P07516
P01099	Q9UD71
P01099	P19103
P01099	Q13522
P01099	Q6J4I0
P04180	P04180
P05052	P05052
P06535	P06535
P08679	P08679
P08679	Q9CZU6
P08679	P00890
P08679	Q9M1D3
P08679	Q8VHF5
P08679	P34575
P08679	O75390
P09032	P09032
P0A734	P0A734
P0A734	B0VTF2
P0A7J3	P0A7J3
P0A7J3	B5XYF7
P0A8R3	P0A8R3
P0A8R3	Q9FH13
P0A8R3	Q9M8R9
P0A8R3	Q02KR3
P0AB54	P0AB54
P0AB54	P0AB52
P0ACA5	P0ACA5
P0ACA5	P0ACA3
P0AD23	P0AD23
P0AE12	P0AE12
P0AFH6	P0AFH6
P0AG86	P0AG86
P0C0A9	P0C0A9
P0C0A9	Q3UZP4
P0C0A9	Q8NHG7
P0DJI6	P0DJI6
P13468	P13468
P13618	P13618
P13618	P97450
P13618	P21571
P13618	Q24407
P14951	P14951
P14951	P73580
P55073	P55073
P56123	P56123
P59740	P59740
P63302	P63302
P63302	P63300
P63302	Q95KL4
P63302	P59797
P69441	P69441
P69441	Q9FIJ7
P69441	P33075
P69441	Q920P5
P69441	Q93FE6
P69441	O17622
P69441	O04905
P69441	P29410
P69441	P29411
P69441	O82514
P69441	P00568
P69441	P00570
P69441	P15700
P69441	P00571
P69441	Q5HDX9
P69441	Q9UIJ7
P69441	P9WKF4
P69441	P9WKF5
P69441	A1KGL4
P69441	Q9WTP6
P69441	Q9WTP7
P69441	Q9FK35
P69441	Q9R095
P69441	P39069
P69441	A4RD93
P69441	G3UYQ4
P69441	Q5SHQ9
P69441	Q20140
P69441	Q9C093
P69441	P07170
P69441	Q5TCS8
P69441	Q9R0Y5
P69441	Q96MA6
P69441	P72641
P69441	Q04ML5
P69441	Q4KM73
P69441	O59771
P69441	Q32M07
P69441	Q9U915
P69441	Q2IA00
P69441	P27144
P69441	P54819
P69441	Q9Y6K8
P69441	P34346
P69441	Q9WUS0
P69923	P69923
P75376	P75376
P75376	P75493
P91133	P91133
P92556	P92556
P9WIM9	P9WIM9
P9WJC3	P9WJC3
P9WNR1	P9WNR1
P9WQ27	P9WQ27
Q01080	Q01080
Q01080	O14086
Q02773	Q02773
Q02I11	Q02I11
Q03661	Q03661
Q04119	Q04119
Q04895	Q04895
Q04895	O14035
Q04895	Q9P6J5
Q04895	Q05998
Q04895	Q08579
Q04895	P38196
Q04895	Q08485
Q04895	P05316
Q04895	Q10279
Q05854	Q05854
Q05955	Q05955
Q06469	Q06469
Q06469	P53286
Q06689	Q06689
Q06689	P34231
Q07458	Q07458
Q08991	Q08991
Q08991	Q08913
Q09142	Q09142
Q09142	Q60862
Q09142	Q13416
Q09142	Q24168
Q09322	Q09322
Q0P5X5	Q0P5X5
Q0P5X5	A8MT70
Q10447	Q10447
Q12121	Q12121
Q12121	P53882
Q12171	Q12171
Q12282	Q12282
Q12411	Q12411
Q12891	Q12891
Q12891	P38567
Q12891	Q2M3T9
Q14159	Q14159
Q14159	Q8BGX7
Q15011	Q15011
Q15011	Q9JJC9
Q15011	Q9JJK5
Q15011	Q9BSE4
Q15067	Q15067
Q15067	Q63448
Q15067	P34355
Q15067	Q99424
Q15067	Q9EPL9
Q15067	Q9DBS4
Q15067	O15254
Q15067	P97562
Q15067	Q9LMI7
Q15067	O62138
Q15067	Q7KML2
Q15067	Q9R0H0
Q15067	P13711
Q15067	Q9ZQP2
Q15067	Q9NUZ1
Q15067	O62137
Q15067	O62139
Q15067	O62140
Q15067	Q20992
Q15067	Q9QXD1
Q15067	P07872
Q15067	O65201
Q16533	Q16533
Q16533	Q8K0S9
Q5SZB4	Q5SZB4
Q5T280	Q5T280
Q5T280	A1Z830
Q5T9C2	Q5T9C2
Q5T9C2	Q78T81
Q5TDP6	Q5TDP6
Q5U1Y0	Q5U1Y0
Q5U1Y0	Q8IY95
Q5U1Y0	Q9CXT7
Q5VSG8	Q5VSG8
Q5VSG8	Q5SRI9
Q5W0B7	Q5W0B7
Q5XIA2	Q5XIA2
Q5XIA2	Q6NXN1
Q5XIA2	Q504E7
Q5XIA2	Q2KI04
Q66JQ7	Q66JQ7
Q66JQ7	Q66JQ7
Q66JQ7	Q8NG31
Q68FP2	Q68FP2
Q68FP2	P55159
Q68FP2	Q15165
Q68FP2	Q15166
Q68FP2	P52430
Q68FP2	P27169
Q68G31	Q68G31
Q68G31	P30039
Q68G31	Q9CXN7
Q68G31	Q9DCG6
Q6DFV1	Q6DFV1
Q6DFV1	Q86XI2
Q6I9Y2	Q6I9Y2
Q6I9Y2	Q8IRJ8
Q6I9Y2	Q9M8T6
Q6I9Y2	Q7TMY4
Q6J1H4	Q6J1H4
Q6J1H4	Q5T230
Q6NY74	Q6NY74
Q6NY74	Q8VEE4
Q6NY74	Q9FME0
Q6NY74	Q9SD82
Q6NY74	Q9SKI4
Q6NY74	F4JSG3
Q6NY74	Q92372
Q6NY74	P22336
Q6NY74	Q9FHJ6
Q6NY74	Q19537
Q6NY74	Q24492
Q6P9S0	Q6P9S0
Q6P9S0	Q8R1S4
Q6P9S0	O43312
Q6P9S0	Q765P7
Q6PDC8	Q6PDC8
Q6PDC8	Q8N468
Q6RFH4	Q6RFH4
Q6ZPI3	Q6ZPI3
Q6ZPI3	G5EGQ5
Q6ZPI3	Q95YM8
Q6ZPI3	Q8N3X6
Q6ZPI3	Q3U285
Q8IYV9	Q8IYV9
Q8IYV9	Q6AY06
Q8IYV9	Q9D9J7
Q8K3W3	Q8K3W3
Q8K3W3	O15234
Q8K3W3	A5D7H5
Q8K3W3	Q1ECZ4
Q8K3W3	Q8K3X0
Q8N0V3	Q8N0V3
Q8N0V3	Q6P3B9
Q8N201	Q8N201
Q8N5L8	Q8N5L8
Q8N5L8	Q5PPN2
Q8N5L8	Q99JH1
Q8N5L8	Q91WE3
Q8N5L8	Q9BUL9
Q8N6G2	Q8N6G2
Q8N6G2	Q0VB26
Q8N8Z3	Q8N8Z3
Q8NEG7	Q8NEG7
Q8NEG7	Q8BH65
Q8NEG7	Q8IWF6
Q8NFU4	Q8NFU4
Q8NHQ1	Q8NHQ1
Q8NHQ1	Q6IQY5
Q8QZY3	Q8QZY3
Q8QZY3	Q6W0C5
Q8R139	Q8R139
Q8R139	Q7RTT9
Q8RWU7	Q8RWU7
Q8RWU7	Q9UNZ2
Q8RWU7	Q3SZC4
Q8RWU7	P68543
Q8RWU7	Q14CS0
Q8RWU7	P0C8Q0
Q8RWU7	Q0KL01
Q8RWU7	P0C627
Q8RWU7	Q5T124
Q8RWU7	Q9N2W5
Q8RWU7	Q9CZ44
Q8RWU7	O35987
Q8RWU7	P34223
Q8RWU7	Q9D572
Q8RWU7	Q9UT81
Q8RWU7	Q7Y175
Q8RWU7	D3ZID8
Q8RWU7	Q99KJ0
Q8TCC7	Q8TCC7
Q8TCC7	P47185
Q8TCC7	Q3UHK1
Q8TCC7	Q76M72
Q8TCC7	Q9FLG8
Q8TCC7	A1A5C7
Q8TCC7	Q9SYQ1
Q8TCC7	A6NK97
Q8TCC7	O42885
Q8TCC7	P23585
Q8TCC7	P38227
Q8TCC7	Q2YDU8
Q8TCC7	P23586
Q8TCC7	Q8CFZ5
Q8TCC7	Q8TDB8
Q8TCC7	Q96303
Q8TCC7	Q94BZ1
Q8TCC7	Q9XIH7
Q8TCC7	P25297
Q8TCC7	P32465
Q8TCC7	Q9D9E0
Q8TCC7	Q9NSA0
Q8TCC7	Q9WU81
Q8TCC7	O59699
Q8TCC7	O59814
Q8TCC7	A0A1D8PH98
Q8TCC7	P22732
Q8TCC7	P32466
Q8TCC7	Q94AZ2
Q8TCC7	Q96NT5
Q8TCC7	Q9P6J9
Q8TCC7	B2RYH9
Q8TCC7	O59700
Q8TCC7	A1Z8N1
Q8TCC7	O15245
Q8TCC7	P32467
Q8TCC7	Q92339
Q8TCC7	P14672
Q8TCC7	Q8NBP5
Q8TCC7	Q9VIK2
Q8TCC7	Q4U2R8
Q8TCC7	P53142
Q8TCC7	P9WG87
Q8TCC7	P9WG86
Q8TCC7	Q63089
Q8TCC7	O15244
Q8TCC7	P49374
Q8TCC7	P53631
Q8TCC7	Q0WQ63
Q8TCC7	Q0WUU6
Q8TCC7	Q9FRL3
Q8TCC7	Q9SA71
Q8TCC7	Q09852
Q8TCC7	Q9Z306
Q8TCC7	O59833
Q8TCC7	Q93YP9
Q8TCC7	Q9JIF3
Q8TCC7	P14142
Q8TCC7	P54854
Q8TCC7	Q3UDF0
Q8TCC7	Q6NMN6
Q8TCC7	Q7Z3Q1
Q8TCC7	Q9NRM0
Q8TCC7	O42922
Q8TCC7	P15729
Q8TCC7	P38695
Q8TCC7	Q5SR56
Q8TCC7	P28568
Q8TCC7	O74899
Q8TCC7	Q12256
Q8TCC7	Q5EBA8
Q8TCC7	Q69ZS6
Q8TCC7	Q8IVW8
Q8TCC7	Q95R48
Q8TCC7	Q9R1U7
Q8TCC7	O65413
Q8TCC7	Q9CAT6
Q8TCC7	Q9DC26
Q8TCC7	Q9H015
Q8TCC7	Q8CIA9
Q8TCC7	Q9UGQ3
Q8TCC7	Q9BYW1
Q8TCC7	Q9JJZ1
Q8TCC7	O95528
Q8TCC7	P53274
Q8TCC7	Q27994
Q8TCC7	O59932
Q8TCC7	Q0WVE9
Q8TCC7	Q10084
Q8TCC7	P30605
Q8TCC7	P53943
Q8TCC7	Q8BG39
Q8TCC7	Q921A2
Q8TCC7	O48639
Q8TCC7	Q494P0
Q8TCC7	Q9LT15
Q8TCC7	Q9P3U6
Q8TCC7	P11166
Q8TCC7	P30606
Q8TCC7	Q14728
Q8TCC7	Q7L0J3
Q8TCC7	Q9D232
Q8TCC7	Q9H2V7
Q8TCC7	Q9R0W2
Q8TCC7	O75751
Q8TCC7	Q9Y226
Q8TCC7	O59698
Q8TCC7	P11167
Q8TCC7	Q07824
Q8TCC7	P33532
Q8TCC7	O76082
Q8TCC7	P11168
Q8TCC7	P38142
Q8TCC7	P78831
Q8TCC7	Q8VYM2
Q8TCC7	Q9XXR3
Q8TCC7	Q9P3V5
Q8TCC7	P0CU10
Q8TCC7	P0CU11
Q8TCC7	Q9SAK7
Q8TCC7	O70577
Q8TCC7	P11169
Q8TCC7	P57057
Q8TCC7	Q496J9
Q8TCC7	Q8BFT9
Q8TCC7	Q9S735
Q8TCC7	O08966
Q8TCC7	O94528
Q8TCC7	Q5VZR4
Q8TCC7	Q6AWX0
Q8TCC7	B2GV36
Q8TCC7	Q9Y267
Q8TCC7	P13181
Q8TCC7	P19357
Q8TCC7	P53283
Q8TCC7	Q3EAQ5
Q8TCC7	O88909
Q8TCC7	P25351
Q8TCC7	P25594
Q8TCC7	Q7L1I2
Q8TCC7	Q8TD20
Q8TCC7	Q9HE13
Q8TCC7	Q9Z2I7
Q8TCC7	G0R6T1
Q8TCC7	P50080
Q8TCC7	O74829
Q8TCC7	Q9Y694
Q8TCC7	O04036
Q8TCC7	O59726
Q8TCC7	O70594
Q8TCC7	P39004
Q8TCC7	P39003
Q8TCC7	Q06451
Q8TCC7	Q07647
Q8TCC7	Q6ZMD2
Q8TCC7	Q96MC6
Q8TCC7	P70187
Q8TCC7	P38124
Q8TCC7	P32037
Q8TCC7	P40474
Q8TCC7	P43581
Q8TCC7	Q12407
Q8TCC7	Q8C0T7
Q8TCC7	Q8IZD6
Q8TCC7	Q8R0G7
Q8TCC7	Q9JIS5
Q8TCC7	Q02563
Q8TCC7	Q9P3U7
Q8TCC7	P38125
Q8TCC7	P40886
Q8TCC7	Q497L8
Q8TCC7	Q9C5L3
Q8TCC7	Q9D2V8
Q8TCC7	Q9D2V8
Q8TCC7	P17809
Q8TCC7	P40475
Q8TCC7	Q63564
Q8TCC7	Q96243
Q8TCC7	G1UB37
Q8TCC7	G1UB37
Q8TCC7	P36172
Q8TCC7	P38776
Q8TCC7	P12336
Q8TCC7	P33335
Q8TCC7	Q21455
Q8TCC7	Q96QE2
Q8TCC7	Q96S37
Q8TCC7	Q0WWW9
Q8TCC7	Q2V4B9
Q8TCC7	Q9P290
Q8TCC7	O74969
Q8TCC7	P10870
Q8TCC7	Q3UHH2
Q8TCC7	Q56ZZ7
Q8TCC7	Q91VM4
Q8TCC7	Q9Y7Q9
Q8TCC7	Q9Z0E8
Q8TCC7	O04249
Q8TCC7	O23596
Q8TCC7	Q3T9X0
Q8TCC7	Q86VW1
Q8TCC7	Q91WU2
Q8TCC7	O74713
Q8TCC7	A0A1D8PCL1
Q8TCC7	P14246
Q8TCC7	P39924
Q8TCC7	Q04162
Q8TCC7	Q5RLM2
Q8TCC7	Q9GQQ0
Q8TCC7	P20303
Q8TCC7	P87110
Q8TCC7	Q10286
Q8TCC7	Q6PEM8
Q8TCC7	Q8N434
Q8TCC7	P07921
Q8TCC7	Q9NY64
Q8TCC7	Q9QZG1
Q8TCC7	Q9SD00
Q8TCC7	Q9ZWT3
Q8TCC7	P0C0L8
Q8TCC7	P0C0L7
Q8TCC7	Q3ZAV1
Q8TCC7	Q96290
Q8TCC7	Q04301
Q8TCC7	Q09752
Q8TCC7	Q9XXQ9
Q8TEE9	Q8TEE9
Q8VCE4	Q8VCE4
Q8VCE4	Q8IXQ3
Q8VCS6	Q8VCS6
Q8VCS6	Q9NWA0
Q8VCS6	A1ZB42
Q8WWR8	Q8WWR8
Q8WWR8	Q9Y3R4
Q8WWR8	Q8BZL1
Q8WWR8	Q9JMH3
Q8WWR8	Q9JMH7
Q8WWR8	Q99519
Q8X7H4	Q8X7H4
Q8X7H4	Q83JH9
Q8X7H4	P0C8J8
Q91YN0	Q91YN0
Q91YN0	Q9NQ89
Q91YN0	D4A770
Q922D8	Q922D8
Q922D8	Q5HF42
Q922D8	P18155
Q922D8	A1KP49
Q922D8	P07245
Q922D8	D3ZUA0
Q922D8	Q9H903
Q922D8	Q5SJ94
Q922D8	Q9SPK5
Q922D8	P27653
Q922D8	Q3V3R1
Q922D8	P13995
Q922D8	Q04448
Q922D8	P09440
Q922D8	Q5HH21
Q922D8	Q9LHH7
Q9UBU3	Q9UBU3
Q9UI95	Q9UI95
Q9UK99	Q9UK99
Q9UK99	Q91VA6
Q9UK99	P38678
Q9UK99	Q9Y2S7
Q9UK99	O14362
Q9UK99	Q9DC63
Q9UK99	P32566
Q9UK99	Q9FHK0
Q9UK99	Q05930
Q9UPR3	Q9UPR3
Q9UPR3	Q6ZPY2
Q9UPR3	A9QM73
Q9UUM6	Q9UUM6
Q9VEJ2	Q9VEJ2
Q9VEJ2	Q8R3N1
Q9VEJ2	P78316
Q9VL52	Q9VL52
Q9VP05	Q9VP05
Q9VR19	Q9VR19
Q9VVR2	Q9VVR2
Q9VYQ0	Q9VYQ0
Q9W1P8	Q9W1P8
Q9W3M2	Q9W3M2
Q9WTT4	Q9WTT4
Q9WTT4	O95670
Q9WTT4	O74174
Q9WTT4	Q9XZH6
Q9WTT4	O75348
Q9WTT4	O82628
Q9WTT4	O82629
Q9WTT4	Q96LB4
Q9WTT4	Q9CR51
Q9WTT4	Q8BMC1
Q9WTT4	P48836
Q9WTT4	P91303
Q9XZ06	Q9XZ06
Q9XZ06	Q8BJ71
Q9XZ06	Q66HC5
Q9XZ06	O14310
Q9Y5Q9	Q9Y5Q9
Q9Y7P6	Q9Y7P6
Q9Z0P7	Q9Z0P7
Q9Z0P7	Q9UMX1
A0PJX8	A0PJX8
A5DNW6	A5DNW6
A5DNW6	Q21489
A5DNW6	A7TTL0
A5DNW6	P22516
A5DNW6	A8MPP1
A5DNW6	Q96FC9
A5DNW6	Q92771
A6NCJ1	A6NCJ1
A6NGA9	A6NGA9
A8JID5	A8JID5
D0EL35	D0EL35
F4JUQ2	F4JUQ2
G4MSQ1	G4MSQ1
G4RT11	G4RT11
G5EEV9	G5EEV9
K7VLR4	K7VLR4
O00841	O00841
O04226	O04226
O04226	P54888
O04226	P9WHV1
O04226	P9WHV0
O04226	Q9UT44
O04226	P38690
O04226	Q96480
O04226	P39821
O04226	P54885
O04226	P54886
O04226	P54887
O04226	Q9Z110
O04226	Q7UDL2
O04226	P0A7B5
O04226	P32264
O04226	Q8X7N4
O04226	O13810
O13862	O13862
O14303	O14303
O64889	O64889
O64889	Q38890
O64889	O81416
O64889	Q42059
O70578	O70578
O70578	Q2MJQ7
P54751	P54751
P54751	P15907
P54751	Q11201
P54751	Q9WUV2
P54751	Q96JF0
P54751	Q11204
P54751	Q11205
P54751	Q11206
P54751	Q9BVH7
P54751	Q9SGD2
P54751	Q969X2
P54751	Q9NSC7
P54751	Q9QZ39
P54751	Q16842
P54751	Q9R2B6
P54751	Q91Y74
P54751	Q92187
P54751	O43173
P54751	Q92185
P54751	Q9UNP4
P54751	Q92186
P54751	O88829
P54751	Q9JM95
P54751	P13721
P54751	Q9UJ37
P54751	P61647
P54751	Q8NDV1
P54751	Q9H4F1
P54751	O15466
P59773	P59773
P59773	D3ZJ47
P59773	Q9UPX6
P59773	Q8K3V7
P87310	P87310
Q02046	Q02046
Q02046	Q9P786
Q02820	Q02820
Q03327	Q03327
Q06325	Q06325
Q08231	Q08231
Q09199	Q09199
Q09199	Q09200
Q09199	Q8NHY0
Q09199	Q00973
Q09730	Q09730
Q09848	Q09848
Q0WP36	Q0WP36
Q10131	Q10131
Q10256	Q10256
Q10256	Q9JHR9
Q10256	Q17569
Q10256	P40087
Q10256	A2ADY9
Q10256	Q9BQI9
Q10256	Q5TDH0
Q10256	Q1EBV4
Q10256	Q9JJR9
Q10256	Q9NQ35
Q10256	A0JPP7
Q10435	Q10435
Q10MJ1	Q10MJ1
Q10MJ1	Q8VZF3
Q10SY9	Q10SY9
Q18806	Q18806
Q21018	Q21018
Q3EBR6	Q3EBR6
Q3EBR6	Q9C8J6
Q3EBR6	F4JFU8
Q3EBR6	Q9LNC2
Q3EBR6	Q9SJI7
Q3EBR6	B8A8C9
Q3EBR6	Q941F1
Q3UYV8	Q3UYV8
Q42534	Q42534
Q42534	Q9SG77
Q42534	Q9FHN4
Q42534	Q9FHN5
Q42534	Q9LXK7
Q42534	Q9LUL8
Q42534	Q43867
Q42534	Q9ZQA3
Q42534	Q1JPL7
Q42534	Q9FF78
Q42534	Q9FK05
Q42534	Q9SMY6
Q42534	Q9SMY7
Q42534	O49006
Q42534	Q9STY3
Q42534	O81415
Q42534	Q9M3B0
Q42534	Q9LYT5
Q42534	Q9SKX2
Q42534	Q4PSN0
Q42534	O48711
Q42534	O49298
Q42534	Q9SB38
Q42534	O22149
Q42534	O81301
Q4PSY4	Q4PSY4
Q4PSY4	Q9FFA1
Q4PSY4	O22893
Q4PSY4	O22693
P03280	P03280
P07242	P07242
Q9LS48	Q9LS48
Q9LVG8	Q9LVG8
Q9LW26	Q9LW26
Q9LW26	Q9ZVN2
Q9LZM3	Q9LZM3
Q9LZM3	Q8VDG5
Q9LZM3	Q9HAB8
Q9LZM3	P40506
Q9M2C8	Q9M2C8
Q9M2W6	Q9M2W6
Q9M2W6	Q9SRH5
Q9M2W6	Q9FJX3
Q9M2W6	P46274
Q9M2W6	Q10S27
Q9M2W6	Q9SMX3
Q9MA87	Q9MA87
Q9N2W7	Q9N2W7
Q9N2W7	Q59J78
Q9N2W7	Q9UI09
Q9N2W7	Q8N183
Q9NK57	Q9NK57
Q9NK57	P53081
Q9NK57	Q4V7D6
Q9NK57	Q9GZT8
Q9NK57	Q9EQ80
Q9NRR1	Q9NRR1
Q9P797	Q9P797
Q9P7X3	Q9P7X3
Q9S7W5	Q9S7W5
Q9S7W5	Q9FME3
Q9S7W5	O82277
Q9SHV7	Q9SHV7
Q9SU30	Q9SU30
Q9US56	Q9US56
Q9UTD7	Q9UTD7
Q9UTD7	Q06511
Q9UU80	Q9UU80
Q9UU80	Q8R344
Q9UU80	Q8WUD4
Q9XWQ1	Q9XWQ1
Q9Y7L9	Q9Y7L9
Q9Z0I7	Q9Z0I7
Q9Z0I7	P0C7P3
Q9Z0I7	Q7Z7L1
Q9Z0I7	B1ARD6
Q9Z0I7	Q8IYM2
Q9Z0I7	Q8CBA2
Q9Z0I7	Q68D06
Q9Z0I7	V9GXG1
Q9Z0I7	Q9Z0I6
Q9Z0I7	Q08AF3
Q9Z0I7	B1ARD8
O34542	O34542
O42852	O42852
O53718	O53718
O55060	O55060
O55060	Q9Z0T0
O55060	P51580
O60183	O60183
O74387	O74387
O74648	O74648
O74839	O74839
O75386	O75386
O75386	P50586
O75386	Q9Z273
O75386	Q9NRJ4
O75386	Q9FRH7
O75386	Q86PC9
O75386	Q9JIL5
O75386	O88413
O75386	O00294
O75386	O00295
O75386	P50607
O75386	Q944S3
O75386	P46686
O75386	Q9ZP59
O88324	O88324
O88324	Q01151
O95467	O95467
O95467	Q9Z0F1
O97939	O97939
O97939	Q9NRM1
O97939	O55196
P03897	P03897
P03897	P9WIW7
P05626	P05626
P05626	O94373
P21468	P21468
P21468	Q948R9
P21468	A4FR32
P21468	Q8VY91
P21468	P0A4D2
P21468	P0A4D1
P21468	Q02F83
P21468	Q8YAR9
P24813	P24813
P24813	P56095
P24813	Q06596
P24813	P38749
P24813	P19880
P24813	Q01663
P25046	P25046
P27158	P27158
P27158	Q27564
P27158	P04183
P27158	P04184
P27487	P27487
P27487	P18962
P27487	P42658
P27487	Q6NXK7
P27487	Q8N608
P27487	Q6V1X1
P27487	P33894
P27487	Q8BVG4
P27487	Q18253
P27487	Q80YA7
P27487	Q12884
P27487	P97321
P27487	Q9Z218
P27682	P27682
P27682	P05408
P27682	P12961
P28750	P28750
P30870	P30870
P30870	Q9HUF4
P30870	Q7UBI7
P32578	P32578
P34705	P34705
P35175	P35175
P35175	Q28988
P35175	Q29290
P35175	P04080
P35175	P01041
P35175	P01040
P35175	Q62426
P35175	P35173
P35680	P35680
P35680	P20823
P35680	P23899
P35680	Q03365
P35680	P27889
P35680	P22361
P35680	P15257
P36116	P36116
P36157	P36157
P37747	P37747
P38632	P38632
P38769	P38769
P39467	P39467
P39467	P9WH35
P39467	A1KPE4
P39467	P9WH34
P39467	A0A1D8PGY8
P39467	Q29197
P39467	O13516
P39467	P46781
P39467	Q6ZWN5
P39467	P29314
P39467	P48270
P39467	O59675
P39467	Q20228
P39467	P55935
P39467	Q09757
P39467	P05755
P39467	Q9LXG1
P39467	O60063
P39467	P14132
P39467	P27929
P39467	P0A7V8
P39467	P59132
P60651	P60651
P60651	Q0D2L3
P60651	A2AS89
P60651	Q9BSE5
P61961	P61961
P61961	P61960
P61961	P34661
P61961	A8DYH2
P63180	P63180
P63180	P94538
P66072	P66072
P66072	Q9P015
P66072	Q5HDX7
P66072	P46787
P66072	P58121
P66072	Q9CPR5
P66072	Q04ML7
P66072	P25873
P66072	B1XJJ0
P69925	P69925
P70949	P70949
P72673	P72673
P75089	P75089
P75089	P9WQA3
P75089	Q55664
P75089	Q5HE75
P75089	P42420
P75089	P14540
P75089	P36580
P75089	Q9C2U0
P75089	P0C8J6
P75089	P0AB71
P75089	P0AB72
P75089	P0AB73
P75089	P13243
P75089	Q9URB4
P76072	P76072
P80698	P80698
P80698	Q5HF97
P80698	Q8Y7L0
P80698	P0A851
P80698	P0A850
P80698	A1KLF8
P80698	B1XL18
P84817	P84817
P84817	Q9CQ92
P84817	P40515
P84817	Q9Y3D6
P84817	Q9M1J1
P97494	P97494
P97494	P48506
P97494	P19468
P97494	P32477
P97494	Q9W3K5
P9WFZ7	P9WFZ7
P9WIN1	P9WIN1
P9WKU3	P9WKU3
P9WKU3	P9WKU2
P9WLZ7	P9WLZ7
P9WLZ7	P9WLZ6
P9WNA1	P9WNA1
P9WNA1	P9WNA0
P9WNU7	P9WNU7
P9WNU7	A4FBY4
P9WQ29	P9WQ29
P9WQ29	Q9Z286
P9WQ29	Q96PN6
P9WQ29	Q8C0T9
Q02054	Q02054
Q02775	Q02775
Q03153	Q03153
Q03780	Q03780
Q03942	Q03942
Q06070	Q06070
Q06315	Q06315
Q06315	P53836
Q06604	Q06604
Q06696	Q06696
Q07468	Q07468
Q07653	Q07653
Q08225	Q08225
Q08225	Q99KK7
Q08225	O55096
Q08225	Q9VHR8
Q08225	Q9NY33
Q08550	Q08550
Q08921	Q08921
Q08A72	Q08A72
Q08A72	Q9C7C4
Q08A72	F4K2F0
Q08A72	Q9FG29
Q08A72	Q8BMB0
Q09324	Q09324
Q09324	Q02742
Q09324	Q3V3K7
Q09324	Q9P109
Q09324	O95395
Q09505	Q09505
Q09505	Q09507
Q10004	Q10004
Q12063	Q12063
Q12284	Q12284
Q12284	P56213
Q12284	P55789
Q12515	Q12515
Q15012	Q15012
Q15012	Q60961
Q15392	Q15392
Q15392	Q39085
Q16537	Q16537
Q16537	Q61151
Q16537	Q13362
Q16537	P38903
Q16537	O18178
Q16537	Q6I621
Q16537	P78759
Q16537	Q6PD03
Q16537	Q14738
Q16537	Q15172
Q16537	Q15173
Q16537	Q93YV6
Q16537	Q9LVE2
Q16537	Q10428
Q16537	Q60996
Q16537	Q80W83
Q16537	Q6PD28
Q17353	Q17353
Q22505	Q22505
Q27297	Q27297
Q27297	Q39009
Q27297	Q9ZUP2
Q27297	O43542
Q27297	O43543
Q27297	Q9CXE6
Q27297	P25301
Q27297	Q14565
Q27297	Q9FKM5
Q27297	O15315
Q27297	Q39199
Q27297	Q5SHB2
Q27297	Q61880
Q27297	O35719
Q27297	P42443
Q27297	P74737
Q27297	A4FAH9
Q27297	P0A7G6
Q27297	P0A7G8
Q27297	P0A7G9
Q27297	P16971
Q27297	Q924H5
Q27297	O43502
Q61490	Q61490
Q61490	Q13740
Q61490	O35112
Q63961	Q63961
Q63961	P17813
Q66GQ5	Q66GQ5
Q66GQ5	Q9FXG3
Q66GQ5	Q0WW17
Q66GQ5	Q96PB1
Q685J3	Q685J3
Q685J3	Q02496
Q685J3	Q9UKN1
Q69ZB8	Q69ZB8
Q69ZB8	Q498S6
Q69ZB8	Q9C0B9
Q6N075	Q6N075
Q6N075	Q921Y4
Q6P1N9	Q6P1N9
Q6P1N9	P34220
Q6P5B0	Q6P5B0
Q6P5B0	Q5JTH9
Q6P5B0	Q9VYA7
Q6P6N5	Q6P6N5
Q6P6N5	Q9Z2X5
Q6P6N5	Q03173
Q6P6N5	Q2MJR0
Q6P6N5	Q9Z2Y3
Q6P6N5	P70460
Q6P6N5	Q9QXV8
Q6P6N5	Q9QXV9
Q6P6N5	Q9WTP2
Q6P6N5	Q3C2P8
Q6P6N5	Q9UI08
Q6P6N5	Q2TA49
Q6P6N5	Q9QWW1
Q6P6N5	O43597
Q6P6N5	O44783
Q6P6N5	O88801
Q6P6N5	O43609
Q6P6N5	O43610
Q6P6N5	Q7Z698
Q6P6N5	P50551
Q6P6N5	Q7Z699
Q6P6N5	P50552
Q6P6N5	P70429
Q6P6N5	P70429
Q6P6N5	Q924S7
Q6P6N5	Q99JP6
Q6P6N5	Q9Z214
Q6P6N5	Q924S8
Q6P8I4	Q6P8I4
Q6P8I4	Q7TP40
Q6P8I4	Q32PF3
Q6PCB6	Q6PCB6
Q6PCB6	O94305
Q6PCB6	P42840
Q6PCB6	Q99JW1
Q6PCB6	Q80UX8
Q6PCB6	Q7Z5M8
Q6PCB6	Q7M759
Q6PCB6	Q6AY17
Q6PCB6	Q5VST6
Q6PCB6	Q8N2K0
Q6PCB6	Q21221
Q6PCB6	Q08C93
Q6PCB6	Q6AYT7
Q6PCB6	Q99LR1
Q6PCB6	Q96GS6
Q6PCB6	Q7L211
Q6PI73	Q6PI73
Q6PI73	A6NI73
Q6PI73	P59901
Q6PI73	A0A0G2KBC9
Q6PI73	O75022
Q6PI73	C0HJX3
Q6PI73	C0HJX2
Q6PI73	Q8N109
Q6PI73	Q9HCN6
Q6PI73	Q99706
Q6PI73	Q9H7L2
Q6PI73	P24071
Q6PI73	Q19LI2
Q6PI73	Q14943
Q6PI73	Q925N6
Q6PI73	Q6ISS4
Q6PI73	Q8N743
Q6PI73	Q14952
Q6PI73	Q14954
Q6PI73	P43626
Q6PI73	Q8N6C8
Q6PI73	P43627
Q6PI73	P97484
Q6PI73	P43631
Q6PI73	P43628
Q6PI73	P43632
Q6PI73	P43629
Q6PI73	P43630
Q6PI73	P83555
Q6PI73	B6A8R8
Q6PI73	Q64281
Q6PI73	P04217
Q6PJT7	Q6PJT7
Q6PJT7	Q95XU6
Q6PJT7	Q7TMD5
Q6PJT7	Q8BJ05
Q6RFY2	Q6RFY2
Q6RFY2	Q8BYK5
Q6RFY2	P62024
Q6RFY2	P62025
Q6RFY2	Q501J7
Q6RFY2	Q6PEI3
Q6RFY2	F1QIC4
Q6RFY2	Q2M3X8
Q6RFY2	Q9C0D0
Q6RFY2	Q96KR7
Q6ZMI0	Q6ZMI0
Q6ZMI0	Q3TDD9
Q6ZU52	Q6ZU52
Q701N4	Q701N4
Q701N4	Q9D5Z7
Q701N4	Q9D226
Q701N4	P26371
Q701N4	Q6L8G9
Q701N4	Q701N2
Q701N4	Q2TA51
Q7TNV1	Q7TNV1
Q8N205	Q8N205
Q8N5M1	Q8N5M1
Q8N7C4	Q8N7C4
Q8N9P6	Q8N9P6
Q8NEJ9	Q8NEJ9
Q8NEJ9	P40079
Q8NEJ9	Q9DB96
Q8NHQ8	Q8NHQ8
Q8NHQ8	A6NK89
Q8NHQ8	O75901
Q8NHQ8	O88869
Q8NHQ8	Q8CJ96
Q8NHQ8	Q9DD19
Q8R143	Q8R143
Q8R143	P53801
Q8R143	Q6P767
Q8TD35	Q8TD35
Q8TD35	Q8BIG2
Q8TEF2	Q8TEF2
Q8VIG2	Q8VIG2
Q8WUF8	Q8WUF8
Q8WUF8	Q3TNH5
Q8WUF8	Q9XW78
Q8WUF8	Q95RN0
Q8WUF8	A6NC97
Q8WV60	Q8WV60
Q8WWU5	Q8WWU5
Q8WWU5	Q8K1H7
Q8WWU5	Q8BTG3
Q8WWU5	Q01755
Q8WWU5	Q568Z0
Q8WWU5	Q5XI00
Q8WWU5	Q9NUJ3
Q8WWU5	Q8N4U5
Q8WZ26	Q8WZ26
Q8YAE0	Q8YAE0
Q8YAE0	A8MPS7
Q8YAE0	P59746
Q8YAE0	Q14BV6
Q91W39	Q91W39
Q91W39	Q9HCD5
Q92759	Q92759
Q92759	Q02939
Q95283	Q95283
Q95283	Q9TTT8
Q95283	P13073
Q95283	P19783
Q95283	P00423
Q95283	P10888
Q95283	Q91Y94
Q96BF3	Q96BF3
Q96C01	Q96C01
Q96C01	Q9CR98
Q96C01	B0BN94
Q96DF8	Q96DF8
Q96DF8	O44424
Q96DF8	O70279
Q96DF8	O59793
Q96DF8	P34420
Q9GZQ3	Q9GZQ3
Q9H1A3	Q9H1A3
Q9H204	Q9H204
Q9H2G9	Q9H2G9
Q9H2G9	Q8R2X8
Q9H6E4	Q9H6E4
Q9H7T9	Q9H7T9
Q9I3S1	Q9I3S1
Q9I3S1	P39215
Q9I3S1	B0R9Z1
Q9I3S1	Q55445
Q9JHZ2	Q9JHZ2
Q9JHZ2	Q9HCJ1
Q9JJ79	Q9JJ79
Q9JJ79	Q8NCM8
Q9JJ79	Q45VK7
Q9NV64	Q9NV64
Q9NV64	Q810L4
Q9NV64	Q9GZU3
Q9NWH2	Q9NWH2
Q9P3W5	Q9P3W5
Q9P7P0	Q9P7P0
Q9P7P0	P32784
Q9P7P0	P36148
Q9QY24	Q9QY24
Q9QY24	Q9H171
Q9QYF9	Q9QYF9
Q9QYF9	Q6AYR2
Q9QYF9	Q3SYX0
Q9QYF9	Q3ZBA8
Q9QYF9	Q8BTG7
Q9QYF9	O02485
Q9QYF9	Q9UGV2
Q9QYF9	Q8VBU2
Q9QYF9	Q92597
Q9QYF9	Q62433
Q9QYF9	Q6JE36
Q9QYF9	Q9QYG0
Q9QYF9	Q9ULP0
Q9QYF9	Q9ZUN1
Q9QYF9	Q9Z2L9
Q9QZC4	Q9QZC4
Q9QZC4	Q811Q9
Q9QZC4	P13259
Q9QZC4	Q9ZVI9
Q9QZC4	P49583
Q9QZC4	P49585
Q9QZC4	P49586
Q9QZC4	P33412
Q9QZC4	O88637
Q9QZC4	Q7UBI8
Q9QZC4	P19836
Q9QZC4	F4JJE0
Q9QZC4	Q922E4
Q9QZC4	Q9ZV56
Q9QZC4	O74975
Q9R0M8	Q9R0M8
Q9R0M8	Q96G79
Q9R0M8	P78381
Q9R0M8	P78382
Q9R0M8	Q61420
Q9R0M8	F4JN00
Q9SRE5	Q9SRE5
Q9UBU6	Q9UBU6
D0G6S1	D0G6S1
D0G6S1	O00399
D0G6S1	Q9WUB4
F4JV80	F4JV80
F4K8S5	F4K8S5
G1UB67	G1UB67
H3BRN8	H3BRN8
H3BRN8	V9GXK1
K7WCC7	K7WCC7
K7WCC7	F4I3P9
O04244	O04244
O14012	O14012
O14012	Q8BG17
O14012	Q04031
O14012	Q9UGY1
O35975	O35975
O35975	Q60935
O35975	Q93070
O35975	P70352
O35975	P52961
O35975	Q96L15
O35975	Q13508
O42910	O42910
O54783	O54783
O54783	O55229
O54783	Q01134
O54783	D3ZRW8
O54783	Q22942
O54783	Q9NVF9
O54783	Q9Y259
O54783	O54804
O54783	P35790
O54783	P46559
O54783	Q9D4V0
O54783	Q9HBU6
O54783	Q9M9H6
O59787	O59787
O60262	O60262
O60262	P63218
O60262	P63219
O60262	Q80SZ7
O60262	Q61016
O60262	Q9P2W3
O60262	P50150
O60262	P50151
O60262	Q9DAS9
O60262	P50153
O60262	Q9NFZ3
O60262	Q9CXP8
O60262	Q9UBI6
O60262	P63211
O60262	P63213
O60262	P59768
O60262	P63216
O60262	P63215
O74368	O74368
O74368	P41800
O74368	A3LSW7
O74368	A4RM19
O74368	Q9P353
O74368	C5DCI0
O74857	O74857
O74857	P25441
O75001	O75001
O75001	Q9V461
O75001	F4IFF3
O75001	Q14566
O75001	Q9VGW6
O75001	P43299
O75001	P34647
O75001	Q9SX04
O75001	Q9SX03
O75001	Q9FL33
O75001	O80786
O75001	D3ZVK1
O75001	P49717
O75001	Q9NXL9
O75001	P53091
O75001	Q9CWV1
O75001	P29458
O75001	P38132
O75001	P49731
O75001	Q62724
O75001	P49735
O75001	Q2KHI9
O75001	Q2R482
O75001	B8BKI8
O75001	P41389
O75001	P49736
O75001	Q0WVF5
O75001	P40377
O75001	Q61881
O75001	F1M5F3
O75001	P29469
O75001	P33991
O75001	P33992
O75001	P97310
O75001	Q26454
O75001	P33993
O75001	P97311
O75001	Q9UXG1
O75001	Q9XYU0
O75001	Q9LPD9
O75001	Q9XYU1
O75001	P29496
O75001	P25206
O75001	Q4JAB7
O75001	Q9UJA3
O75001	F4KAB8
O75001	P24279
O75001	P30665
O75001	Q95XQ8
O88177	O88177
O88177	O00623
O94538	O94538
O95445	O95445
O95445	P14630
O95445	Q9Z1R3
P92539	P92539
P93009	P93009
Q04048	Q04048
Q04969	Q04969
Q09230	Q09230
Q09732	Q09732
Q09856	Q09856
Q09856	O43395
Q09856	Q03338
Q09856	Q9C7E7
Q09856	Q922U1
Q0IWM5	Q0IWM5
Q0JF03	Q0JF03
Q0JF03	Q9LSW2
Q0VDI3	Q0VDI3
Q0WP44	Q0WP44
Q10136	Q10136
Q10436	Q10436
Q11081	Q11081
Q12194	Q12194
Q12483	Q12483
Q12483	Q96H20
Q12483	O94663
Q16769	Q16769
Q16769	P43599
Q16769	Q9NXS2
Q1KPV0	Q1KPV0
Q23288	Q23288
Q32P12	Q32P12
Q32P12	Q8N3J3
Q39129	Q39129
Q39129	Q12305
Q39129	Q38853
Q39129	Q94A65
Q39129	P0A6V5
Q39129	F4IPI4
Q39129	Q10215
Q39129	Q08742
Q39129	Q9FKW8
Q39129	Q8NFU3
Q39129	P73801
Q39249	Q39249
Q497N7	Q497N7
Q4VAE3	Q4VAE3
Q4VAE3	Q6PI78
Q8BNV1	Q8BNV1
Q8BNV1	P73374
Q8BNV1	Q8BQJ6
Q8BNV1	Q8IZ69
Q8BNV1	Q96GJ1
Q8BNV1	Q83QD5
O90299	O90299
P03282	P03282
P07396	P07396
Q921W8	Q921W8
Q921W8	Q9JL59
Q921W8	Q8WVN6
Q92748	Q92748
Q92748	Q9NPA3
Q92748	P04143
Q92748	Q6P7D5
Q92748	Q62264
Q92748	Q9CQ20
Q93XX5	Q93XX5
Q941D1	Q941D1
Q9M812	Q9M812
Q9M812	Q8LCA1
Q9M812	O04616
Q9M9F0	Q9M9F0
Q9M9F0	O82170
Q9MA92	Q9MA92
Q9MA92	Q9CAP9
Q9MA92	O65649
Q9MA92	Q9SFF4
Q9MA92	Q9SLN1
Q9MA92	Q9C698
Q9MA92	Q0WSY2
Q9R103	Q9R103
Q9R103	P43431
Q9R103	P29459
Q9SHY2	Q9SHY2
Q9SHY2	Q6R3K4
Q9SHY2	Q9LUN2
Q9SJM1	Q9SJM1
Q9SR73	Q9SR73
Q9SR73	P62859
Q9SR73	P62857
Q9SR73	P62858
Q9SR73	Q95Y04
Q9SR73	P34789
Q9SR73	P0C0X0
Q9SR73	Q3E7X9
Q9SR73	P46302
Q9SR73	A0A1D8PQN0
Q9SR73	P0CT80
Q9SR73	P0CT79
Q9SR73	Q9W334
Q9SU33	Q9SU33
Q9SU33	Q9SU34
Q9T030	Q9T030
Q9T030	P52577
Q9UBM1	Q9UBM1
Q9UBM1	P05375
Q9UTE2	Q9UTE2
Q9UTE2	Q9V3D2
Q9UTE2	Q3B7D0
Q9UTE2	P11353
Q9UTE2	P36551
Q9UTE2	P36552
Q9UTE2	Q9LR75
Q9VLJ0	Q9VLJ0
Q9XWQ6	Q9XWQ6
A0A1B0GUX0	A0A1B0GUX0
A0A1B0GUX0	B9EJX3
A0A1D8PFL9	A0A1D8PFL9
A0A1D8PFL9	P50914
A0A1D8PFL9	P55841
A0A1D8PFL9	Q63507
A0A1D8PFL9	O94238
A0A1D8PFL9	A1XQU3
A0A1D8PFL9	P36105
A0A1D8PFL9	P38754
A0A1D8PFL9	Q9CR57
A1KMI1	A1KMI1
A1Z7A8	A1Z7A8
A1ZBW7	A1ZBW7
A4D0V7	A4D0V7
A6NF01	A6NF01
A6NF01	Q8K3Z9
A6NF01	A8MX80
A6NF01	Q96KW2
A6NF01	A8MUI8
A6NF01	A6NNC1
A6NF01	Q9NZP6
A6NF01	A8MV72
A6NF01	P52591
A6NF01	Q8N9G6
A6NF01	P21754
A6NF01	A6NL46
A6NF01	Q6PJE2
A6NF01	A8MUA0
A6NF01	Q5SW25
A6NF01	Q3SYA9
A6NF01	P10761
A6NF01	A8CG34
A6QES8	A6QES8
A6QES8	Q5HI51
C0H3R1	C0H3R1
C7IVR4	C7IVR4
F1LSG8	F1LSG8
F1LSG8	Q8CI71
O06492	O06492
O06492	O43716
O06492	P9WN59
O06492	Q8CBY0
O06492	Q5HEM1
O06492	Q3JZM0
O08843	O08843
O08843	O00453
O13679	O13679
O32039	O32039
O32039	Q9CE78
O32039	Q83K44
O32039	A7ZPV7
O32039	P60908
O33289	O33289
O34549	O34549
O34968	O34968
O35826	O35826
O43083	O43083
O43083	Q01448
P0A0D6	P0A0D6
P0A0D6	P69791
P0A0D6	P11502
P0A0D6	P23532
P0AB70	P0AB70
P0AB70	P0AB69
P0AB70	Q13423
P0AB70	Q61941
P0ACB4	P0ACB4
P0AD59	P0AD59
P0AFI8	P0AFI8
P0AFI8	Q9NVS9
P0AFI8	Q91XF0
P0AFI8	O88794
P0AFI8	A4F7G2
P0AFI8	P38075
P0AFI8	Q9UTQ1
P0AFI8	Q20939
P0AG95	P0AG95
P0C0L2	P0C0L2
P0C233	P0C233
P0C233	P0CX36
P0C233	P0CX35
P0C233	P41042
P0C233	P51405
P0C233	P22090
P0C233	A0A1D8PCI6
P0C233	P62701
P0C233	P62702
P0C233	P62703
P0C233	O05634
P0C233	P49398
P0C233	Q9N3X2
P0C233	Q93VH9
P0C233	P87158
P0C233	Q9USW5
P0C233	Q8TD47
P0C233	Q9P4W9
P0C233	P49204
P0C233	Q8VYK6
P0DJI9	P0DJI9
P0DJI9	P04918
P0DJI9	P05367
P0DJI9	P35542
P0DJI9	P0DJI8
P11065	P11065
P11859	P11859
P11859	P01015
P14064	P14064
P15874	P15874
P15874	P9WMT5
P15874	P9WMT4
P15874	G2K047
P15874	P0DJM3
P15874	Q9FLP3
P15874	A1KFH3
P15874	B0R3H6
P15874	Q99LP6
P15874	Q05562
P15874	P38523
P15874	Q9HAV7
P15874	Q59978
P18634	P18634
P21268	P21268
P21268	P32917
P23389	P23389
P23389	O35314
P23389	P16014
P23389	Q9GLG4
P23389	P05060
P24205	P24205
P24814	P24814
P42784	P42784
P42784	O23614
P42939	P42939
P46996	P46996
P47171	P47171
P48147	P48147
P48147	P23687
P48147	Q9QUR6
P48147	O70196
P50445	P50445
P53244	P53244
P53911	P53911
P53911	O42924
P53911	Q9DAT2
P53911	Q9NV56
P53911	Q5A6Q7
P54465	P54465
P56135	P56135
P56135	D3ZAF6
P56135	Q9W141
P56135	P56134
P58229	P58229
P58938	P58938
Q08226	Q08226
Q08748	Q08748
Q09818	Q09818
Q09818	Q8BT14
Q09818	P34909
Q09818	O95628
Q09904	Q09904
Q0P651	Q0P651
Q10009	Q10009
Q12066	Q12066
Q12066	C5E3S7
Q12175	Q12175
Q12229	Q12229
Q12285	Q12285
Q12358	Q12358
Q12465	Q12465
Q12516	Q12516
Q15393	Q15393
Q15393	Q921M3
Q15393	Q9W0M7
Q15573	Q15573
Q15573	Q3B7U2
Q15573	P97357
Q16633	Q16633
Q23421	Q23421
Q24472	Q24472
Q28862	Q28862
Q28862	P13839
Q28862	Q61711
Q28862	P21815
Q3T9M1	Q3T9M1
Q3T9M1	Q9DA75
Q3T9M1	Q8NA29
Q3TNW5	Q3TNW5
Q3TNW5	Q3MIW9
Q3U2S8	Q3U2S8
Q3U2S8	Q96D96
Q86VW0	Q86VW0
Q86VW0	Q80UK0
Q86WQ0	Q86WQ0
Q86WQ0	Q3TV70
Q8BGK2	Q8BGK2
Q8BGK2	P54923
Q8BGK2	P54922
Q8BGK2	Q8NDY3
Q8BJS8	Q8BJS8
Q8BJS8	Q96DY7
Q8BR65	Q8BR65
Q8BR65	Q9H7L9
Q8BSN3	Q8BSN3
Q8BSN3	A5D8V7
Q8C561	Q8C561
Q8C561	Q8MRQ4
Q8C561	Q68DH5
Q8CDF7	Q8CDF7
Q8CFL8	Q8CFL8
Q8CFL8	Q96MP5
Q8CJF7	Q8CJF7
Q8I5G1	Q8I5G1
Q8INR6	Q8INR6
Q8LBB2	Q8LBB2
Q8LBB2	Q9CAR3
Q8N0W3	Q8N0W3
Q8NAA6	Q8NAA6
Q8NC54	Q8NC54
Q8NC54	O43493
Q8NC54	Q8K201
Q8NC54	P19814
Q8NC54	Q62313
Q8NC54	Q62314
Q8NCU4	Q8NCU4
Q8NFU7	Q8NFU7
Q8NFU7	M9NEY8
Q8NFU7	Q7LFL8
Q8NFU7	Q4JK59
Q8NFU7	Q6N021
Q99222	Q99222
Q99385	Q99385
Q99385	Q93Z81
Q99385	Q945S5
Q99385	O59768
Q99385	Q39253
Q99627	Q99627
Q99627	Q8VBV7
Q99627	Q6P4Z9
Q99735	Q99735
Q99735	Q60860
Q99735	Q16873
Q99735	P30355
Q99735	Q925U2
Q99735	P20292
Q99735	O14880
Q99LX0	Q99LX0
Q99LX0	O88767
Q99LX0	Q9FPF0
Q99LX0	Q99497
Q99P55	Q99P55
Q99P55	Q9BX95
Q99P55	Q9JI99
Q9BQ89	Q9BQ89
Q9BQ89	Q8R184
Q9BQ89	Q8C739
Q9BQ89	Q1W6H9
Q9BQ89	Q8TC76
Q9BQ89	Q8VE94
Q9BQ89	Q5BJX5
Q9BQ89	Q5RKJ0
Q9BQ89	Q8TAY7
Q9BRQ4	Q9BRQ4
Q9BSD7	Q9BSD7
Q9BSD7	Q9CQA9
Q9BTW9	Q9BTW9
Q9BTW9	Q8BYA0
Q9BVW6	Q9BVW6
Q9BZW4	Q9BZW4
Q9BZW4	B0BNG2
Q9C0X8	Q9C0X8
Q9CPP0	Q9CPP0
Q9CPP0	Q9NLA3
Q9CPP0	Q86SE8
Q9CPP0	P16039
Q9CPP0	P05221
Q9CPP0	Q61937
Q9CPP0	P13084
Q9CPP0	O75607
Q9CPP0	P06748
Q9CQ13	Q9CQ13
Q9CQ13	Q9NQ92
Q9CQA5	Q9CQA5
Q9CQA5	Q9NPJ6
Q9CQA5	Q23523
Q9CQJ8	Q9CQJ8
Q9CQJ8	Q9Y6M9
Q9CWL8	Q9CWL8
Q9CWL8	Q4V8K2
Q9CWL8	Q9UUK1
Q9CX66	Q9CX66
Q9CX66	Q8N5I9
Q9CZ92	Q9CZ92
Q9CZ92	Q6IPU0
Q9D2F7	Q9D2F7
Q9D2F7	Q9QY81
Q9D2F7	Q5VU65
Q9D2F7	P11654
Q9D2F7	Q8TEM1
Q9D5K4	Q9D5K4
Q9D5K4	Q96BU1
Q9D6K8	Q9D6K8
Q9D6K8	Q5BJS4
Q9D6K8	Q9DB70
Q9D6K8	F1N5S9
Q9D6K8	Q9BWH2
Q9D6K8	E1BWM5
Q9D6K8	Q864V5
Q9D6K8	Q8IVP5
Q9D7E4	Q9D7E4
Q9D7E4	Q9UFG5
Q9D7E4	Q6AY72
Q9D964	Q9D964
Q9D964	P50442
Q9D964	P50440
Q9DA73	Q9DA73
Q9DA73	Q8N998
Q9DA73	B2RZ86
Q9DB16	Q9DB16
Q9DB16	Q9FGK3
Q9DB16	Q9ZQ77
Q9DB16	P32464
Q9DB16	P91891
Q9DB16	Q9M0M4
Q9DB16	Q9H9S4
Q9DB16	Q9Y376
Q9DB16	Q06138
Q9EQ28	Q9EQ28
Q9EQ28	Q15054
Q9EQQ9	Q9EQQ9
Q9EQQ9	Q8VIJ5
Q9H1A4	Q9H1A4
Q9H1A4	Q9FFF9
Q9H1A4	Q9URV2
Q9H1A4	P53995
Q9H211	Q9H211
Q9H211	Q8R4E9
Q9H5J8	Q9H5J8
Q9H5J8	Q9D4V4
Q9H7U1	Q9H7U1
Q9H7U1	Q9C0I3
Q9H7U1	Q3UHI0
Q9H7U1	Q8C0C4
Q9HAV4	Q9HAV4
Q9HAV4	Q924C1
Q9HD23	Q9HD23
Q9LR64	Q9LR64
Q9M9P3	Q9M9P3
Q9M9P3	P79303
Q9M9P3	O59819
Q9M9P3	Q91ZJ5
Q9M9P3	Q16851
Q9M9P3	P78811
Q9M9P3	P38709
Q9M9P3	Q07130
Q9M9P3	P32861
Q9M9P3	P57751
Q9M9P3	P08800
Q9N4U5	Q9N4U5
Q9N4U5	Q9Y7Z6
Q9N4U5	O48713
Q9N4U5	Q66HG8
Q9N4U5	Q9Z1M8
Q9N4U5	Q13123
Q9NVP2	Q9NVP2
Q9NVP2	Q9V464
Q9NVP2	Q9CQE6
Q9NVP2	Q9Y294
Q9NVP2	Q9DAP7
Q9NVP2	Q59MV1
Q9NVP2	O74515
Q9NVP2	P32447
Q9NVP2	Q19326
Q9NY35	Q9NY35
Q9NY35	Q9CQX5
Q9P0S2	Q9P0S2
Q9P0S2	Q9CR63
Q9P1Z3	Q9P1Z3
Q9P1Z3	Q9JKA7
Q9P1Z3	Q9Y3Q4
Q9P1Z3	Q9JKA8
Q9P1Z3	Q9JKA9
Q9P1Z3	Q9UL51
Q9P1Z3	O70507
Q9P1Z3	O60741
Q9P1Z3	O88703
Q9P1Z3	O88704
Q9P1Z3	O88705
Q9P3W6	Q9P3W6
Q9SA52	Q9SA52
Q9SA52	Q9LYA9
Q9UBL0	Q9UBL0
Q9UBL0	Q05672
Q9UBL0	Q80TM6
Q9UBL0	Q8MSX1
Q9UBL0	Q9DCB4
Q9UBL0	Q9Y2K5
Q9UBL0	Q7M2N1
Q9UHA2	Q9UHA2
Q9UHA2	A5HEH4
Q9UHA2	Q15532
Q9UIA9	Q9UIA9
Q9UIA9	Q9EPK7
Q9UIA9	Q9H2T7
Q9UIA9	Q99NF8
Q9UIA9	Q9GQN0
Q9UST7	Q9UST7
Q9UT91	Q9UT91
E9Q5M6	E9Q5M6
F4IMQ0	F4IMQ0
F4J3R7	F4J3R7
F4J3R7	F4J3R7
F4K1B4	F4K1B4
F4K956	F4K956
G2TRK1	G2TRK1
G5E8F4	G5E8F4
O08811	O08811
O08811	P06839
O08811	P18074
O13739	O13739
O13739	P32178
O14013	O14013
O14307	O14307
O14307	P46959
O14307	Q80XC2
O14307	Q96FX7
O14307	Q9BVS5
O14307	P9WFZ1
O17204	O17204
O22633	O22633
O22633	Q8GYN5
O36018	O36018
O36018	Q04347
O48721	O48721
O80482	O80482
O81242	O81242
O94682	O94682
O96668	O96668
P0C0A1	P0C0A1
P0C0A1	Q9CQ80
P0C0A1	Q9BRG1
P0C0A1	P47142
P0C6B7	P0C6B7
P0C6B7	O95976
P0C6B7	Q9Z0K5
P0CB49	P0CB49
P0CB49	P49750
P0CB49	Q9R0I7
P0DMU3	P0DMU3
P14200	P14200
P14200	P20382
P19222	P19222
P19222	P15085
P19222	P48052
P19222	Q9EQV9
P19222	Q96IY4
P19222	P15086
P19222	P15088
P19222	P15089
P19222	Q9UI42
P19222	Q9JHH6
P19222	Q8N4T0
P19222	Q6P8K8
P19222	Q7TPZ8
P19222	P00731
P23510	P23510
P23510	P43488
P24392	P24392
P24392	P28328
P27469	P27469
P28235	P28235
P28235	P08034
P28235	Q969M2
P28235	P35212
P28235	P08050
P28235	Q6TYA7
P28235	P23242
P28235	Q29101
P28235	P28229
P28235	Q92052
P28235	Q5T442
P28235	P48165
P28235	P28231
P28235	P28234
P28235	P29033
P28235	Q01231
P28235	Q80XF7
P28235	Q921C1
P28235	O75712
P28235	Q02739
P28235	P36381
P28235	Q8BQU6
P28235	Q9Y6H8
P28235	P36382
P28235	Q00977
P28235	P17302
P28235	P36383
P28235	Q9UKL4
P28235	Q96KN9
P28235	P08033
P28235	P28230
P28235	O70610
P28235	O54851
P28235	P70689
P31430	P31430
P31430	P16444
P31430	Q9H4A9
P31430	Q9H4B8
P32318	P32318
P32318	P40998
P32318	Q1K6I4
P32318	A8J9T5
P32318	Q38814
P32318	G5EAZ2
P39106	P39106
P39991	P39991
P41543	P41543
P43256	P43256
P43256	P14891
P43256	Q1W675
P43256	A0A1D8PD39
P43256	Q01237
P43256	P04035
P43256	Q10283
P43256	P12683
P43256	P12684
P43256	P51639
P43256	P00347
P49194	P49194
P49194	P10745
P53117	P53117
P53809	P53809
P53809	Q8R1R3
P53809	Q9NQZ5
P53809	Q9UKL6
P53809	P53808
P83781	P83781
P83781	Q21752
P83781	P07144
P83781	Q9MZ16
P83781	P21796
P83781	P45879
P83781	P68002
P83781	Q9MZ15
P83781	Q9MZ15
P83781	Q94920
P83781	Q29380
P83781	P45880
P83781	Q9R1Z0
P83781	P04840
P83781	Q9P544
P83781	Q9Y277
P83781	P40478
P83781	Q60930
P83781	P81155
P83781	Q60931
P83781	Q9Z2L0
P83781	Q60932
P87056	P87056
Q01284	Q01284
Q058P6	Q058P6
Q06350	Q06350
Q08964	Q08964
Q09240	Q09240
Q9SR77	Q9SR77
Q9SSG5	Q9SSG5
Q9SSG5	Q9M1P7
Q9SSG5	Q9XI23
Q9SSG5	Q93Z13
Q9TVM2	Q9TVM2
Q9TVM2	Q9SMV6
Q9TVM2	Q80U96
Q9TVM2	Q6P5F9
Q9TVM2	P30822
Q9TVM2	O14980
Q9USH0	Q9USH0
Q9USV1	Q9USV1
Q9UU84	Q9UU84
Q9XIE4	Q9XIE4
Q9XIE4	Q93ZH1
Q9XIE4	F4IK92
Q9XIE4	Q9T041
Q9XIE4	F4I6M4
Q9XWS2	Q9XWS2
Q9Y7N2	Q9Y7N2
A0A1B0GV85	A0A1B0GV85
A0A1D8PU45	A0A1D8PU45
A2RRL7	A2RRL7
A4D126	A4D126
A6H5Y3	A6H5Y3
A6H5Y3	Q9Z2Q4
A6H5Y3	Q99707
A6NK44	A6NK44
A8MT69	A8MT69
B0VL49	B0VL49
B2RXC1	B2RXC1
B2RXC1	Q7Z392
C0H3T5	C0H3T5
G5EGK6	G5EGK6
O00483	O00483
O00483	Q62425
O00483	Q9NRX3
O06825	O06825
O08848	O08848
O08848	P10155
O08848	Q27274
O09005	O09005
O09005	O15121
O09005	Q6QHC5
O09005	Q9ZPH4
O09005	G5EC63
O09005	O59715
O13024	O13024
O13024	Q9WU62
O14196	O14196
O14990	O14990
O14990	Q3SZX2
O14990	P50411
O14990	P11845
O14990	Q96PQ5
O14990	Q9DCL8
O25664	O25664
O31657	O31657
O32049	O32049
O33361	O33361
O34588	O34588
O35405	O35405
O35405	Q8N7P1
O35405	Q96BZ4
O35405	Q3UNN8
O35405	Q8IV08
O42984	O42984
O42984	Q9LZ17
O42984	P14127
O42984	Q9SQZ1
O42984	P17704
O42984	P02407
O42984	P04644
O42984	P63276
O42984	Q6QAP7
O42984	Q9P7J6
O42984	A0A1D8PEY9
O42984	Q9SJ36
O42984	P08708
O42984	P49205
O43087	O43087
O43913	O43913
O53900	O53900
O55188	O55188
O55188	Q13316
O59740	O59740
O60094	O60094
P0C8M9	P0C8M9
P0CX26	P0CX26
P0CX26	P0CX25
P0CX26	P61513
P0CX26	P61514
P0CX26	P61515
P0CX26	A0A1D8PP14
P0CX26	Q97ZQ3
P0CX26	A6NKH3
P11447	P11447
P11447	P04076
P11447	P50514
P11447	Q3SZJ0
P11447	Q91YI0
P11447	P20673
P11447	P73257
P11447	P04424
P11447	P40369
P12346	P12346
P12346	P02787
P12346	P08582
P12346	P02788
P12346	Q9VTZ5
P12346	Q9R0R1
P12346	Q921I1
P16664	P16664
P17622	P17622
P21651	P21651
P24526	P24526
P24526	P15090
P24526	P12104
P24526	P70623
P24526	P07483
P24526	P12710
P24526	P05413
P24526	P22935
P24526	P50120
P24526	Q01469
P24526	P62966
P24526	P29762
P24526	P62965
P24526	P55051
P24526	P02689
P24526	P04117
P24526	P02692
P24526	P07148
P24526	Q96R05
P24526	P82980
P24526	P55053
P24526	Q00915
P24526	P55054
P24526	Q0Z7S8
P24526	P11404
P24526	Q9DAK4
P24526	O02772
P24526	Q05816
P24526	P86412
P24526	P80565
P24526	O08716
P24526	O15540
P24526	P29373
P24526	A6NFH5
P25236	P25236
P25359	P25359
P28625	P28625
P50263	P50263
P50875	P50875
P50875	Q5A2B9
P53071	P53071
P53125	P53125
P53184	P53184
P53246	P53246
P53298	P53298
P53604	P53604
P53963	P53963
P53963	P53976
P54729	P54729
P54729	Q9Y5A7
P56390	P56390
P56390	P33552
P56390	P61025
P56390	P61024
P56785	P56785
P56785	Q2PMP0
P57088	P57088
P57088	Q9CR67
P57088	Q9V447
P58233	P58233
P59278	P59278
P61216	P61216
P61216	Q15543
P61216	P11747
P69555	P69555
P69555	Q2MI72
P69555	P24993
P69555	P0C422
P69555	P0C421
P69555	Q2PMQ6
P69555	P22666
P69555	Q0ZIZ0
P69555	P56780
P70976	P70976
P72705	P72705
P72705	O20030
P74334	P74334
P77804	P77804
P79005	P79005
P80244	P80244
P80244	Q59993
P80244	Q9S834
P80244	P0A6G9
P80244	P74466
P80244	Q9XJ35
P80244	Q9SXJ6
P80244	Q9XJ36
P80244	Q16740
P80244	Q94B60
P80244	P9WPC5
P80244	P9WPC4
P80244	O88696
P80244	P42380
P91240	P91240
P91240	O76094
P96619	P96619
P97328	P97328
P97328	Q02974
P9WF23	P9WF23
P9WG17	P9WG17
P9WHJ5	P9WHJ5
P9WHJ5	Q9RKY0
P9WIP7	P9WIP7
P9WJD9	P9WJD9
P9WK89	P9WK89
P9WKV7	P9WKV7
P9WKV7	P9WKV6
P9WM03	P9WM03
P9WM03	P9WM02
P9WNA3	P9WNA3
P9WNA3	P9WNA2
P9WNA3	Q5HJ86
P9WNA3	P46889
P9WNA3	Q8X5H9
P9WNA3	Q83S00
P9WNA3	Q04351
Q01846	Q01846
Q03690	Q03690
Q03790	Q03790
Q03790	Q05166
Q03954	Q03954
Q04149	Q04149
Q04336	Q04336
Q04461	Q04461
Q04773	Q04773
Q04I74	Q04I74
Q04I74	Q9Y2Z4
Q04I74	O74890
Q04I74	P0AGJ9
Q04I74	P48527
Q04I74	P25151
Q04I74	P22326
Q04I74	Q9CIH5
Q05611	Q05611
Q06616	Q06616
Q06616	P52919
Q07878	Q07878
Q08387	Q08387
Q08559	Q08559
Q09161	Q09161
Q09161	Q3UYV9
Q09161	Q7K4N3
Q09161	Q56A27
Q0III3	Q0III3
Q0III3	O88487
Q0III3	E7F6H7
Q0III3	Q63100
Q0III3	Q13409
Q0III3	Q24246
Q0III3	P54703
Q0III3	Q62871
Q0III3	O88485
Q0III3	O88485
Q0P670	Q0P670
Q0VBV7	Q0VBV7
Q0VBV7	Q9P2H0
Q10173	Q10173
Q10289	Q10289
Q10289	P19097
Q10289	P43098
O15371	O15371
O15371	P56820
O15371	Q6AYK8
O15371	O94236
O15371	Q9VCK0
O15371	P30642
O18054	O18054
O18054	P48363
O18054	P57741
O18054	P61759
O18054	P61758
O32132	O32132
O34722	O34722
O43290	O43290
O43290	Q12420
O43290	Q9Z315
O43290	Q5XIW8
O43290	Q9LFE0
O59776	O59776
O74879	O74879
O74879	P48234
O74879	Q5RJG1
O74879	Q9BSC4
O74879	Q66H99
O75818	O75818
O86312	O86312
P00815	P00815
P00815	O33775
P00815	P37793
P00815	Q9C5U8
P00815	Q9HVW9
P00815	P07685
P00815	O59667
P02968	P02968
P20193	P20193
P20396	P20396
P21306	P21306
P21697	P21697
P21697	P42699
P21697	A2Y886
P23796	P23796
P25559	P25559
P25632	P25632
P27278	P27278
P28368	P28368
P28368	P74518
P28368	Q5HHR8
P29413	P29413
P29413	P29402
P29413	Q23858
P29413	P52194
P29413	Q96L12
P29413	P27797
P29413	Q9SP22
P29413	O14967
P29413	P36581
P29413	P14211
P29413	P35564
P29413	P35565
P29413	Q9SLY8
P29413	O04151
P29413	Q38858
P29413	P18418
P32321	P32321
P32321	Q9BWV3
P32321	Q9VWA2
P32380	P32380
P32522	P32522
P33757	P33757
P34437	P34437
P35719	P35719
P36027	P36027
P36027	P53214
P36088	P36088
P36127	P36127
P37491	P37491
P38121	P38121
P38235	P38235
P38283	P38283
P38283	Q1MTN3
P59924	P59924
P59924	Q8R3N6
P59924	Q9H606
P59924	Q96FV9
P59924	P11369
P59924	Q93VM9
P59924	O00370
P61808	P61808
P61808	P61807
P61808	O75324
P71067	P71067
P72835	P72835
P72835	Q9Y2Z9
P75206	P75206
P75206	Q6NSR8
P75206	Q27245
P75206	P28838
P75206	P9WHT2
P75206	P9WHT3
P75206	A1KKQ5
P75206	Q68FS4
P75206	Q42876
P75206	P30184
P75206	P37095
P75206	Q8NDH3
P75206	Q944P7
P75206	Q9CPY7
P75206	P58473
P75206	Q09735
P75206	P28839
P76541	P76541
P93017	P93017
P93017	B9DGG8
P93017	F4HV65
P93017	Q9FKV8
P95871	P95871
P96722	P96722
P97825	P97825
P97825	Q6AXU6
P97825	Q6PGH2
P97825	Q3T0T5
P97825	Q9H910
P97825	Q5BK20
P97825	Q9I7K0
P9WKD9	P9WKD9
P9WKD9	O34859
P9WL61	P9WL61
P9WMA7	P9WMA7
P9WMA7	P9WMA6
P9WNI1	P9WNI1
P9WPI9	P9WPI9
Q02354	Q02354
Q02354	Q8VCY6
Q02354	Q9NYH9
Q02354	O60188
Q02614	Q02614
Q02614	Q9UHR5
Q02796	Q02796
Q22747	Q22747
Q22747	A4IG66
Q22747	Q5SNT2
Q22747	A2A8U2
Q23794	Q23794
Q23794	G5EDQ2
Q27535	Q27535
Q27535	P25809
Q27535	Q5EA61
Q27535	P30275
Q27535	P00565
Q27535	Q5XLD3
Q27535	Q9XSC6
Q27535	Q29594
Q27535	P07310
Q27535	P00564
Q27535	P11009
Q27535	P05122
Q27535	P37570
Q27535	O61367
Q27535	P17540
Q27535	P12277
Q27535	Q29577
Q27535	P06732
Q27535	P70079
Q27535	Q3ZBP1
Q27535	Q04447
Q27535	P07335
Q27535	Q6P8J7
Q27535	P09605
Q27535	Q10454
Q27535	P48610
Q32P28	Q32P28
Q32P28	Q4KLM6
Q32P28	Q92791
Q32P28	Q3V1T4
Q32P28	Q9D136
Q32P28	O75718
Q32P28	Q8IVL5
Q32P28	Q8IVL6
Q32P28	Q8K2B0
Q32P28	Q9CYD3
Q3TBT3	Q3TBT3
Q3TBT3	Q86WV6
Q3TBT3	E1C7U0
Q3TRR0	Q3TRR0
Q3TRR0	Q49MG5
Q48754	Q48754
Q4J946	Q4J946
Q4J946	Q97ZH1
Q4JAK8	Q4JAK8
Q4JAK8	Q72IN0
Q4JAK8	Q9VUL1
Q4JAK8	Q5U2N0
Q4JAK8	O42644
Q4JAK8	B0VQI6
Q4JAK8	Q5HE73
Q4JAK8	P0A7E8
Q4JAK8	P0A7E5
Q4JAK8	P28274
Q4JAK8	P70303
Q4JAK8	P38627
Q4JAK8	P50547
Q4JAK8	P70698
Q4JAK8	P17812
Q4JAK8	Q9NRF8
Q4JAK8	Q6PEI7
Q4JAK8	P9WHK7
Q4JAK8	Q8Y495
Q4JC68	Q4JC68
Q5A1Z5	Q5A1Z5
Q5A1Z5	Q06628
Q5A1Z5	A7TTE2
Q5A1Z5	O36019
Q5A1Z5	Q9SCK0
Q5A1Z5	F4J8V5
Q5A1Z5	A3LQY1
Q5A1Z5	A5DQA8
Q5ALX5	Q5ALX5
Q5BKT4	Q5BKT4
Q5BKT4	Q3UGP8
Q5DTT3	Q5DTT3
Q5HDX6	Q5HDX6
Q5HDX6	P19947
Q5HDX6	P0AG51
Q5HDX6	P20084
Q5HG77	Q5HG77
Q5HG77	F4IW47
Q5HG77	P23254
Q5HG77	P45694
Q5HG77	P33315
Q5HG77	Q9URM2
Q5HG77	O94039
Q5HG77	Q8RWV0
Q5MNV8	Q5MNV8
Q5SUQ9	Q5SUQ9
Q5SUQ9	Q2NKJ3
Q5SWX8	Q5SWX8
Q5T440	Q5T440
Q8N543	Q8N543
Q8N543	Q3U0K8
Q8N543	P40032
Q8N7P7	Q8N7P7
Q8NFZ5	Q8NFZ5
Q8NFZ5	Q99JG7
Q8R0N6	Q8R0N6
Q8R0N6	Q4QQW3
Q8R0N6	Q8IWW8
Q8R1U2	Q8R1U2
Q8R1U2	Q8NI22
Q8R1U2	P97586
Q8R1U2	Q8K5B2
Q8R1U2	Q8K5B3
Q8R1U2	Q99674
Q8TDD5	Q8TDD5
Q8TDD5	Q8IZK6
Q8TDD5	Q9GZU1
Q8TDD5	Q99J21
Q8TDD5	Q8K595
Q8VEH5	Q8VEH5
Q8VEH5	Q7L775
Q8WX39	Q8WX39
Q8WX39	P11591
Q8WX39	B5X0G2
Q8WX39	A2BIM8
Q8WX39	P04938
Q8WX39	P11588
Q8WX39	P02762
Q8WX39	P11589
Q91W86	Q91W86
Q924W5	Q924W5
Q95Y41	Q95Y41
Q9EP72	Q9EP72
Q9EP72	Q9NPA0
Q9H799	Q9H799
Q9H799	Q8CE72
Q9JIY0	Q9JIY0
Q9JIY0	A4IG55
Q9JIY0	Q53GL0
Q9JIY0	Q5BJM5
Q9JIY0	Q8K124
Q9MB58	Q9MB58
Q9MB58	P40433
Q9MB58	Q12471
Q9MB58	P70265
Q9MB58	P70266
Q9MB58	Q9UTE1
Q9MB58	Q8TFH0
Q9MB58	P32604
Q9MB58	Q06137
Q9MB58	Q9JJH5
Q9MB58	Q9UTK9
Q9MB58	P07953
Q9MB58	Q16875
Q9MB58	P25114
Q9MB58	Q16877
Q9MB58	Q21122
Q9MB58	P26285
Q9MB58	O35552
Q9MB58	O60825
Q9MB58	P16118
Q9MB58	Q6DTY7
Q9P021	Q9P021
Q9P021	O70333
Q9P2S5	Q9P2S5
Q9P2S5	Q9JM98
Q9P7D5	Q9P7D5
Q9QXV0	Q9QXV0
Q9QXV0	Q9QXU9
Q9QXV0	Q9UHG2
Q9S2X2	Q9S2X2
Q9S2X2	Q9EWX7
Q9S2X2	P73376
Q9S2X2	Q3K2N8
Q9S2X2	A4FLU1
Q9S2X2	P9WGJ5
Q9S2X2	P9WGJ4
Q9S2X2	A6QG89
Q9SSS9	Q9SSS9
Q9SWW6	Q9SWW6
Q9SWW6	Q84JA6
Q9SWW6	Q941L0
Q9SWW6	Q9SZL9
Q9SWW6	Q9AV71
Q9SWW6	Q2QNS6
Q9SWW6	Q9LHZ7
Q9SWW6	Q8L778
Q9SWW6	O48947
Q9SWW6	Q9FVR3
Q9SWW6	Q9LFL0
Q9SWW6	Q0WVN5
Q9SWW6	A2Y0X2
Q9SWW6	O48946
Q9SWW6	Q9M9M4
Q9SWW6	O80891
Q9SWW6	O80899
Q9SWW6	Q94JQ6
Q9SWW6	Q9SJ22
Q9SWW6	Q9SRW9
Q9SWW6	O49323
Q9UGM5	Q9UGM5
Q9UGM5	Q99PS8
Q9UGM5	P29699
Q9UGM5	P29700
Q9UGM5	P12763
Q9UGM5	P24090
Q9UGM5	Q9QXC1
Q9UGM5	Q9QX79
Q9UGM5	P04196
Q9UJG1	Q9UJG1
Q9UJG1	O75425
Q9UJG1	Q8BGG6
Q9US54	Q9US54
Q9US54	Q9M565
Q9US54	Q99JX1
Q9US54	Q04226
Q9US54	Q15544
Q9US54	P49906
Q9UTE3	Q9UTE3
Q9V496	Q9V496
Q9VKA4	Q9VKA4
Q9VTE2	Q9VTE2
Q9VZD8	Q9VZD8
Q9VZD8	Q24K03
Q9VZD8	Q99J36
Q9VZD8	Q9NXG2
Q9W2H9	Q9W2H9
Q9W484	Q9W484
Q9W484	Q0VGM9
Q9W484	F4HQE2
Q9WU84	Q9WU84
Q9WU84	P00441
Q9WU84	P00445
Q9WU84	O73872
Q9WU84	O00244
Q9WU84	Q9SZN7
Q9WU84	P61851
Q9WU84	Q9FJH5
Q9WU84	O78310
Q9WU84	Q9FK60
Q9WU84	P08228
Q9WU84	P93407
Q9WU84	Q10357
Q9WU84	P07632
Q9WU84	P40202
Q9WU84	P23346
Q9WU84	O59924
Q9WU84	P04178
Q9WU84	P28758
Q9WU84	O08997
Q9WU84	O82089
Q9WU84	O14618
Q9WU84	P08294
Q9WU84	Q9JK72
Q9WU84	O49613
Q9Y244	Q9Y244
Q9Y244	Q9CQT5
Q9Y296	Q9Y296
Q9Y296	D3ZVF4
Q9Y296	Q9CQP2
Q9Y296	Q03630
Q9Y296	P0DI82
Q9Y296	P0DI81
Q9Y296	Q2KMM2
Q9Y296	Q5NCF2
Q9Y296	Q9ES56
Q9Y296	Q9Y5R8
Q9Y303	Q9Y303
Q9Y303	Q9VR81
Q9Y7X7	Q9Y7X7
Q9Y7X7	O42657
Q9Y7X7	Q06704
A1A6M1	A1A6M1
A2ACP1	A2ACP1
A2ACP1	Q5VTQ0
A2ACP1	Q8BYY4
A2ACP1	D3ZC96
A3LU29	A3LU29
A3LU29	P40007
P82715	P82715
Q05451	Q05451
Q07987	Q07987
Q07987	P39545
Q07987	P27654
Q07987	P43575
Q07987	P47178
Q07987	P47179
Q08504	Q08504
Q09773	Q09773
Q09951	Q09951
Q0PGW2	Q0PGW2
Q0PGW2	A4D1U4
Q0WL81	Q0WL81
Q0WPX7	Q0WPX7
Q0WPX7	Q0WUQ1
Q10180	Q10180
Q1G3Z6	Q1G3Z6
Q1MTP1	Q1MTP1
Q1MTP1	Q12049
Q1MTP1	Q8CBY3
Q1MTP1	F4IUY8
Q1ZXP3	Q1ZXP3
Q3URQ0	Q3URQ0
Q3URQ0	A4RBW8
Q3URQ0	P38803
Q3URQ0	Q9NXF1
Q3V140	Q3V140
Q3V140	Q8NEB7
Q42596	Q42596
P03520	P03520
Q8L7T9	Q8L7T9
Q946Y7	Q946Y7
Q96KP6	Q96KP6
Q96KP6	Q15025
Q96KP6	Q9WUU8
Q96KP6	Q9WUU8
Q99LJ1	Q99LJ1
Q99LJ1	P04066
Q99LJ1	Q9VTJ4
Q99LJ1	Q9BTY2
Q9BRT2	Q9BRT2
Q9BRT2	Q9CQY6
Q9C0Z3	Q9C0Z3
Q9C7W0	Q9C7W0
Q9C969	Q9C969
P9WM43	P9WM43
Q02931	Q02931
Q02L47	Q02L47
Q03701	Q03701
Q03701	Q07896
Q03701	Q9VI82
Q03701	Q8WTT2
Q03701	O36021
Q03701	Q9VTE6
Q03701	Q9BVI4
Q03701	P91136
Q03701	Q06512
Q03701	Q19753
Q03701	Q8VI84
Q03701	P53569
Q03701	P53569
Q03701	F4IDC2
Q03701	F4IDJ0
Q03701	F4IMH3
Q03701	Q12176
Q03701	O94288
Q03823	Q03823
Q03976	Q03976
Q04177	Q04177
Q04800	Q04800
Q05905	Q05905
Q05905	C5E2Q7
Q06629	Q06629
Q63HQ0	Q63HQ0
Q6AYK4	Q6AYK4
Q6AYK4	Q9CPT0
Q6AYK4	Q9BZR8
Q6NXI6	Q6NXI6
Q6P1A2	Q6P1A2
Q6P1A2	Q9VVX5
Q6PDJ1	Q6PDJ1
Q6QI06	Q6QI06
Q6RKB1	Q6RKB1
Q6UX01	Q6UX01
Q6UX01	Q8WVP7
Q6UX01	Q9JIT0
Q6ZPR5	Q6ZPR5
Q6ZPR5	Q9NXE4
Q709R6	Q709R6
Q709R6	P20240
Q7K4H4	Q7K4H4
Q7K4H4	D3ZU57
Q7K4H4	Q96EW2
Q7K4H4	Q5BKC6
Q7K4H4	Q9JJF3
Q7K4H4	A2RSX7
Q7K4H4	Q9P3K9
Q7K4H4	Q9NWT6
Q7K4H4	A2RUC4
Q7K4H4	Q9H6W3
Q7K4H4	Q9CXT6
Q7K4H4	Q8IUF8
Q7L2K0	Q7L2K0
Q7YZA2	Q7YZA2
Q7Z3E2	Q7Z3E2
Q7Z3E2	Q8C9S4
Q80SX5	Q80SX5
Q80SX5	Q7RTM1
Q80SX5	Q7RTS5
Q8NHU2	Q8NHU2
Q924T3	Q924T3
Q924T3	Q13426
Q940P5	Q940P5
Q940P5	Q93XY5
Q940P5	Q9C5W7
Q940P5	Q9SVU4
Q94AI4	Q94AI4
Q94AI4	O82486
Q94AI4	F1R777
Q94AI4	Q9VLP7
Q94AI4	Q9VCE6
Q94AI4	Q3UIK4
Q94AI4	P25583
Q94AI4	Q9HCE5
Q94AI4	Q86U44
Q94AI4	Q8C3P7
Q95NH6	Q95NH6
Q96EX1	Q96EX1
Q96M27	Q96M27
Q96MH2	Q96MH2
Q96MH2	O94992
Q96MH2	A5D8S8
Q96MH2	Q8R409
Q96MH2	Q5M9G1
Q96MH2	Q3TVI4
Q9LKF9	Q9LKF9
Q9LKF9	Q9CWS4
Q9LKF9	Q3MHC2
Q9LKF9	Q9V3D6
Q9LKF9	Q9C952
Q9LKF9	P75497
Q9LKF9	O74740
Q9LKF9	Q08553
Q9LKF9	Q9UKF6
Q9LKF9	O13794
Q9LKF9	O31760
Q9LKF9	Q9QXK7
Q9LKF9	O35218
Q9LKF9	Q9P2I0
Q9LKF9	Q06224
Q9LKF9	O17403
Q9LKF9	P54123
Q9LKF9	Q5TA45
Q9LKF9	Q9VAH9
Q9LYG9	Q9LYG9
Q9LYG9	Q84M97
Q9LYG9	Q9SYM1
Q9LYG9	Q9LPG3
Q9LYG9	Q9LH74
Q9N5M2	Q9N5M2
Q9N5M2	Q9UHV9
Q9N5M2	Q9LJ98
Q9N5M2	O70591
Q9NS93	Q9NS93
Q9NUN7	Q9NUN7
Q9NUN7	Q02896
Q9NV96	Q9NV96
Q9NV96	P42838
Q9NV96	Q8VEK0
Q9NV96	Q9D4D7
Q9NV96	Q6AY41
Q9NV96	H2L0H3
Q9NV96	Q9LTW0
Q9NV96	Q1MTQ5
Q9NV96	Q3MIR4
Q9NV96	A0ZSE6
Q9NV96	Q9SA35
Q9NVU0	Q9NVU0
Q9NVU0	Q9CZT4
Q9NXH8	Q9NXH8
Q9NXH8	Q8BH02
Q9NY74	Q9NY74
Q9P2E5	Q9P2E5
Q9P2E5	Q8IZ52
Q9P7B0	Q9P7B0
Q9P7B0	Q12427
Q9P7S7	Q9P7S7
Q9P7S7	Q3SZ63
Q9P7S7	O04658
Q9P7S7	P49704
Q9P7S7	Q8CCF0
Q9P7S7	A3LUT0
Q9P7S7	A5DHW0
Q9P7S7	Q21276
Q9P7S7	Q9D6Z1
Q9P7S7	O00567
Q9P7S7	Q12499
Q9P7S7	Q9QZ86
Q9P7S7	A7TIF5
Q9P7S7	O94514
Q9P7S7	O42904
Q9P7S7	Q12460
Q9P7S7	Q9Y2X3
Q9P7S7	Q6DFW4
Q9P7S7	Q9MAB3
Q9P7S7	Q8WWY3
Q9SK39	Q9SK39
Q9SK39	Q12091
Q9SK39	O00264
Q9SK39	O13995
Q9SK39	Q9UMX5
Q9SK39	O55022
Q9SK39	Q5XIU9
Q9SK39	Q80UU9
Q9SK39	Q9XFM6
Q9SK39	P70580
Q9SK39	Q95250
Q9SK39	Q5ZKN2
Q9SK39	Q9FVZ7
Q9SK39	Q9M2Z4
C6Y4A3	C6Y4A3
F4HSD5	F4HSD5
F4IFN6	F4IFN6
F4IFN6	Q9WVF7
F4IFN6	P87154
F4IFN6	P21951
F4IFN6	Q9VCN1
F4IFN6	F4HW04
F4IFN6	Q07864
F4JET1	F4JET1
F4JRF5	F4JRF5
G2TRP0	G2TRP0
G2TRP0	Q3E798
I1HNB2	I1HNB2
O13758	O13758
O13917	O13917
O13917	P47165
O13917	Q04178
O14174	O14174
O59681	O59681
O60093	O60093
O74397	O74397
O74397	Q8BFS9
O74397	Q9NWL6
O74733	O74733
O74880	O74880
O74880	A4R8D7
O74880	O43148
O74880	Q9LHQ7
O74880	P32783
O74880	Q5U2U7
O74880	Q9D0L8
O74880	Q9VJQ4
O74880	Q9XVS1
O74880	Q5ADX5
O74880	A5DDJ4
O94309	O94309
O94707	O94707
O97231	O97231
O97231	P83884
O97231	P83881
O97231	P83882
O97231	P83883
O97231	Q969Q0
O97231	P48166
O97231	Q9UTI8
O97231	P0CX27
O97231	P0CX28
P01587	P01587
P08949	P08949
P0C896	P0C896
Q09366	Q09366
Q09762	Q09762
Q0WPN7	Q0WPN7
Q10000	Q10000
Q10310	Q10310
Q10486	Q10486
Q12274	Q12274
Q14236	Q14236
Q19291	Q19291
Q19291	A2A9A2
Q19291	A2A9I7
Q19291	Q8IXT2
Q19291	Q96SC8
Q19291	Q5VZB9
Q19291	Q9QZ59
Q19291	Q8CFG4
Q19291	Q96MA1
Q19291	Q9NQL9
Q19291	Q80WT2
Q19291	Q9Y5R5
Q19291	D4A218
Q19291	Q9Y5R6
Q1G3E7	Q1G3E7
Q23529	Q23529
Q3TNU4	Q3TNU4
Q3TNU4	A8MVM7
Q3U4N7	Q3U4N7
Q3U4N7	Q9H665
Q3V0C3	Q3V0C3
Q3V0C3	Q8IVF1
Q3V0C3	A1L443
Q3V0C3	A6NNL0
Q3V0C3	Q8BHP2
Q3V0C3	B1AL46
Q3V0C3	Q86Y26
P03409	P03409
P09592	P09592
P10238	P10238
Q05323	Q05323
Q66765	Q66765
Q66765	P12296
Q93W93	Q93W93
Q93Y35	Q93Y35
Q93Y35	Q06103
Q93Y35	Q20585
Q93Y35	Q99JI4
Q93Y35	Q15008
Q94272	Q94272
Q94272	P25093
Q94272	P35505
Q94272	P16930
Q9BR10	Q9BR10
Q9BWM7	Q9BWM7
Q9BWM7	Q9H9B4
Q9BWM7	Q12029
Q9BWM7	Q96NB2
Q9BWM7	Q99JR1
Q9SA41	Q9SA41
Q9SA41	Q08601
Q9SA41	O64517
Q9SA41	Q9FYE1
Q9SAF8	Q9SAF8
Q9SAF8	B8A9X1
Q9SD20	Q9SD20
Q9SD20	Q9SUC3
Q9SSM2	Q9SSM2
Q9T076	Q9T076
Q9T076	Q96316
Q9T076	Q07488
Q9T076	Q9SZ51
Q9T076	Q39131
Q9UBY8	Q9UBY8
Q9UTG3	Q9UTG3
Q9UUB5	Q9UUB5
Q9XIG2	Q9XIG2
A0A023PZF3	A0A023PZF3
A0A087WRI3	A0A087WRI3
A0A087WRI3	Q6ZQR2
A0JPQ7	A0JPQ7
A0JPQ7	Q8R3Y5
A6NI79	A6NI79
A6NI79	Q3TCJ8
A6NI79	Q6IMY1
A6NI79	Q3UHD3
A6NI79	Q9ULD2
B1ANS9	B1ANS9
B1ANS9	Q9D565
C0H461	C0H461
D6RGH6	D6RGH6
D6RGH6	Q3URY2
D6RGH6	O88513
D6RGH6	D3YN49
D6RGH6	O75496
F4J8D3	F4J8D3
G5ECG0	G5ECG0
G5EGS7	G5EGS7
O07227	O07227
O13827	O13827
O13951	O13951
O43013	O43013
O49629	O49629
O49629	O81439
O49629	O82291
O60829	O60829
O60829	Q7Z2X7
O60829	Q96GU1
O60829	Q5JRK9
P32377	P32377
P32377	Q99JF5
P32377	Q62967
P32377	P53602
P32807	P32807
P34427	P34427
P36083	P36083
P36521	P36521
P38169	P38169
P38169	O88867
P38169	Q91WN4
P38169	O15229
P38228	P38228
P38280	P38280
P38335	P38335
P39121	P39121
P39121	Q19264
P39121	Q9Y315
P39121	P09924
P39121	P0A6L0
P39121	Q91YP3
P39682	P39682
P39759	P39759
P40163	P40163
P40356	P40356
P40449	P40449
P40537	P40537
P43596	P43596
P46012	P46012
P46338	P46338
P46946	P46946
P47009	P47009
P47069	P47069
P50111	P50111
P50111	O14100
P50111	P54786
P53080	P53080
P53134	P53134
P53255	P53255
P53437	P53437
P54147	P54147
P54147	P54144
P54147	P40260
P54147	Q21565
P54147	Q02161
P54147	Q68FT6
P54147	Q9H310
P54147	P41948
P54147	Q7TNK7
P54147	P58905
P54147	Q9QXP0
P54147	Q9SQH9
P54147	Q9NIV0
P54147	Q9UBD6
P54147	Q9ZPJ8
P54147	Q8BUX5
P54147	O88298
P54147	Q9C0V1
P54517	P54517
P58557	P58557
P61460	P61460
P71036	P71036
P72761	P72761
P72761	P72760
P73866	P73866
P74433	P74433
Q0P9X8	Q0P9X8
Q0VD86	Q0VD86
Q10033	Q10033
Q10187	Q10187
Q10327	Q10327
Q12080	Q12080
Q12080	Q9NZM5
Q12080	Q8BK35
Q12080	Q9UUI4
Q12080	Q9W3C2
Q12080	O22892
Q12134	Q12134
Q12242	Q12242
Q12369	Q12369
Q12527	Q12527
Q12527	A7TL57
Q14397	Q14397
Q14397	Q07071
Q149F5	Q149F5
Q149F5	Q6P5X7
Q16655	Q16655
Q17439	Q17439
Q24185	Q24185
Q24185	Q9UJC3
Q24185	Q9P219
Q24185	Q96ED9
Q24185	Q7TMK6
Q24185	Q4QRL3
Q24185	Q4QRL3
Q24185	Q8BUK6
Q24185	Q6VGS5
Q24185	A6NC98
Q24185	Q86VS8
Q24185	Q8BIL5
Q24185	Q3V6T2
Q2YDW2	Q2YDW2
Q2YDW2	Q9BUK6
Q3E772	Q3E772
Q3UBG2	Q3UBG2
Q3UL97	Q3UL97
Q3UL97	Q7TT18
Q3UL97	Q5U623
Q3UL97	Q6VMQ6
Q3UL97	A0JME2
Q3UN90	Q3UN90
Q3URS9	Q3URS9
Q3URS9	Q5PPN7
Q3URS9	Q96ER9
Q46953	Q46953
Q4JAI7	Q4JAI7
Q56A04	Q56A04
Q56A04	Q96AY2
Q56A04	Q8BJW7
Q5HHA2	Q5HHA2
Q5HHA2	P9WNG3
Q5HHA2	P9WNG2
Q5HIJ5	Q5HIJ5
Q5I0X4	Q5I0X4
Q5I0X4	Q9D727
Q5M868	Q5M868
Q5M868	Q9HCG7
Q5M868	Q69ZF3
Q5M868	Q7KT91
Q5U4N7	Q5U4N7
Q5VVC0	Q5VVC0
Q62052	Q62052
Q62052	Q04671
Q66H17	Q66H17
Q66H17	Q96LK8
Q68FR7	Q68FR7
Q68FR7	Q6NSQ7
Q68FR7	Q96GA3
Q68FR7	Q10191
Q68FR7	O02327
Q68FR7	Q7KN79
Q6IC83	Q6IC83
Q6P1B3	Q6P1B3
Q6P474	Q6P474
Q6P474	Q6P996
Q6P474	A7MBC2
Q6P474	Q99K01
Q6P474	Q99K01
Q6PL45	Q6PL45
Q6QI44	Q6QI44
Q6QI44	Q14CX7
Q6QI44	Q8BWZ3
Q7KTX8	Q7KTX8
Q7TQ95	Q7TQ95
Q7TQ95	Q17667
Q7TQ95	Q6DFJ8
Q7TQ95	Q9C0E8
Q7TQ95	O94414
Q7TQ95	Q9ZQ34
Q7TSE9	Q7TSE9
Q7TSE9	O00165
Q7TSE9	O35387
Q7Z5K2	Q7Z5K2
Q7Z5K2	Q9W517
Q7Z5K2	Q65Z40
Q7Z7K0	Q7Z7K0
Q80VM3	Q80VM3
Q80VM3	Q8NA56
Q86MD3	Q86MD3
Q86VD9	Q86VD9
Q86XK3	Q86XK3
Q86XK3	Q8BP27
Q86XK3	Q6TXG9
Q86YW9	Q86YW9
Q86YW9	Q9VW47
Q86YW9	Q8BQM9
Q86YW9	A2AGH6
Q8TES7	Q8TES7
Q8TES7	A2A870
Q8VDH1	Q8VDH1
Q8VDH1	O94952
Q8WW43	Q8WW43
Q8WW43	Q8BVF7
Q8WW43	Q96BI3
Q8WXW3	Q8WXW3
Q91WK0	Q91WK0
Q91WK0	Q32MZ4
Q91WK0	Q3UZ39
Q91WK0	Q4V7E8
Q91WK0	Q66HF9
Q92347	Q92347
Q924T7	Q924T7
Q92543	Q92543
Q92543	Q6P4T1
Q95XZ6	Q95XZ6
Q95XZ6	P38279
Q95XZ6	Q10482
Q95XZ6	Q03193
Q95XZ6	Q5M880
Q95XZ6	O60931
Q95XZ6	Q09500
Q95XZ6	Q8C4N4
Q95XZ6	Q8N2U9
Q95XZ6	Q10227
Q95XZ6	Q9VCR7
Q95XZ6	Q80XM9
Q95XZ6	P57758
Q95XZ6	Q03687
Q95XZ6	Q12010
Q95XZ6	Q06328
Q95XZ6	A1A4F0
Q96MH6	Q96MH6
Q96N23	Q96N23
Q96N23	Q8C6S9
Q96RL1	Q96RL1
Q96RL1	A0P8Z5
Q96RL1	Q5U5Q9
Q96RL1	Q5PQK4
Q97W70	Q97W70
Q980I5	Q980I5
Q9JM14	Q9JM14
Q9JM14	Q8TCD5
Q9JM14	Q8VCE6
Q9LKW9	Q9LKW9
Q9P013	Q9P013
Q9P013	Q5BJP2
Q9P013	Q9JHS9
Q9P013	P78794
Q9P013	Q9V3B6
Q9P7S9	Q9P7S9
Q9SB63	Q9SB63
Q9SB63	Q7TSC1
Q9SB63	Q6MG48
Q9SB63	Q9Y520
Q9SB63	Q3TLH4
Q9SB63	Q7TPM1
Q9SB63	P48634
Q9SGS5	Q9SGS5
Q9ULR5	Q9ULR5
Q9ULR5	Q9D6V8
Q9ULR5	Q9BPZ3
Q9ULR5	Q91W45
Q9US11	Q9US11
Q9UTD3	Q9UTD3
Q9VPK7	Q9VPK7
Q9VPK7	Q9D3U0
Q9VPK7	Q3MIT2
Q9VW12	Q9VW12
Q9VW12	Q9D6U8
Q9VW12	Q5T6X4
Q9VW12	Q96A26
Q9VW12	Q4QQV3
Q9VXB3	Q9VXB3
Q9VXB3	Q5SQF8
Q9VXB3	Q9HAJ7
Q9VXB3	O75446
Q9VXB3	O88574
Q9WU79	Q9WU79
Q9WU79	Q04499
Q9WU79	Q8VCZ9
Q9WU79	Q2V057
Q9WU79	P09368
Q9WU79	P92983
Q9WU79	O45228
Q9WU79	O74524
Q9XW17	Q9XW17
Q9XW17	Q3MHF8
Q9XW17	Q9BX40
Q9XW17	Q9HGL3
Q9XW17	Q8K2F8
Q9XW17	Q9FH77
Q9XW17	Q8CGC4
Q9XW17	Q9C658
Q9XW17	P45978
Q9XZT6	Q9XZT6
Q9XZT6	P27707
Q9XZT6	O00142
Q9XZT6	P43346
Q9XZT6	Q16854
Q9XZT6	P48769
Q9XZT6	Q9QX60
Q9Z221	Q9Z221
Q9Z221	Q9WVQ0
Q9Z2M7	Q9Z2M7
Q9Z2M7	Q92871
Q9Z2M7	P07283
Q9Z2M7	P31353
Q9Z2M7	O35621
Q9Z2M7	O80840
Q9Z2M7	Q9VTZ6
Q9Z2M7	O15305
A3GFA2	A3GFA2
A3GFA2	P15303
A3GFA2	Q15436
A3GFA2	Q15437
A3GFA2	Q9D662
A3GFA2	O94672
A3GFA2	Q9LUG1
A3GFA2	Q01405
A6NH13	A6NH13
A6NMZ2	A6NMZ2
A7TTE6	A7TTE6
A7TTE6	A3LZG5
B0BNF0	B0BNF0
B6SGC5	B6SGC5
C0H571	C0H571
C5DTJ3	C5DTJ3
C5DTJ3	P40056
C5DTJ3	A7TRN7
C5DTJ3	C5DBT1
C6Y4A8	C6Y4A8
F4HXV6	F4HXV6
F4IYF8	F4IYF8
F4IYF8	O43011
F4IYF8	P12081
F4IYF8	Q980L3
F4IYF8	Q61035
F4IYF8	P49590
F4IYF8	Q99KK9
F4IYF8	P07263
F4IYF8	O82413
F4J6T7	F4J6T7
F4J6T7	P23739
F4J6T7	Q9FN05
F4J6T7	Q2M2H8
F4J6T7	Q14697
F4J6T7	P14410
F4J6T7	O74254
F4J6T7	O43451
F4J6T7	Q6P7A9
F4J6T7	Q8BHN3
F4J6T7	P70699
F4J6T7	P10253
F4J6T7	P38138
F4J6T7	Q9S7Y7
F4J6T7	Q6NSJ0
Q17635	Q17635
Q1LXC9	Q1LXC9
Q1LXC9	Q7TPD0
Q1LXC9	Q7PLS8
Q39168	Q39168
Q39168	O04575
Q39168	O04587
Q39168	O04573
Q3B7D9	Q3B7D9
Q3B7D9	Q6ZSC3
Q3TQ03	Q3TQ03
Q3TQ03	Q8N365
Q8N9H9	Q8N9H9
P09814	P09814
Q06572	Q06572
Q06572	P31414
Q06572	Q9FWR2
Q69559	Q69559
Q93008	Q93008
Q93008	P55824
Q93008	O00507
Q93008	P70398
Q93008	B1AY13
Q93008	F8VPU6
Q969S6	Q969S6
Q96MR7	Q96MR7
Q96UP3	Q96UP3
Q99720	Q99720
Q9BR46	Q9BR46
Q9C951	Q9C951
Q9C951	F4I7C7
Q9SQU6	Q9SQU6
Q9USK4	Q9USK4
Q9VMU5	Q9VMU5
Q9Y7T1	Q9Y7T1
Q9Z0M9	Q9Z0M9
Q9Z0M9	O95998
T1NXB5	T1NXB5
T1NXB5	Q8IW00
A0A023PZG4	A0A023PZG4
A0A0U1RQF7	A0A0U1RQF7
A0R316	A0R316
A1KEN2	A1KEN2
A1KEN2	P9WFL3
A2AAE1	A2AAE1
A2AAE1	Q2LD37
A2AIW0	A2AIW0
A2RRY8	A2RRY8
A2RRY8	Q811V6
A2RRY8	Q496A3
A6NI86	A6NI86
A6NI86	F8WBI6
A6NI86	H0YKK7
A6NI86	Q9NYA3
A6NI86	A6NDK9
A6NI86	A6NN73
A6NI86	A6NDN3
A6NI86	A8MZA4
A6NI86	Q0D2H9
A6NI86	Q62839
A6NI86	H0YM25
A6NI86	A6NEF3
A6NI86	A6NC78
A6NI86	A6NEM1
A6NI86	H3BSY2
A6NI86	P0CJ92
A6NI86	A6NCC3
A6NI86	H3BV12
A6NI86	A8MQT2
A6NI86	P0CG33
A6NI86	H3BQL2
A6NI86	A7E2F4
A6NI86	I6L899
A6NI86	A6NMD2
B1XPA6	B1XPA6
C9JC47	C9JC47
C9JC47	P0CG43
C9JC47	P0CG42
D3YWE6	D3YWE6
F4JF21	F4JF21
O02056	O02056
O02056	Q9D8E6
O02056	P36578
O02056	P10664
O02056	P49626
O02056	Q9SF40
O02056	P35679
O02056	P09180
O02056	Q9P784
O02056	P50878
O02056	A0A1D8PFV1
O02056	P49691
O07521	O07521
O14214	O14214
O14214	Q7JUX9
O14214	Q6PF06
O14214	Q9D075
O14214	Q12400
O14214	Q7L0Y3
O14214	Q4KLI2
O14214	Q3UFY8
O14214	Q8TBZ6
O14773	O14773
O15239	O15239
O31684	O31684
O32119	O32119
O32119	Q9UMS0
O32119	P32860
O32119	Q9QZ23
O32119	P63022
O32119	P63020
O32119	Q9LIG6
O32119	Q93W20
O42893	O42893
O42893	O42622
O42893	P52494
O42893	O42777
O42893	O42783
O42893	P49381
O42893	J5K1E2
O42893	P35172
O42893	P32356
O43679	O43679
O43679	O55203
O43679	Q86U70
O43679	P70662
O55102	O55102
O55102	P78537
O60108	O60108
O60108	P49777
O60232	O60232
O60232	P56873
O60232	O59716
O65154	O65154
O65154	P87294
O65154	Q9VLR5
O65154	P53999
O65154	P54000
O65154	P11031
O65154	Q63396
O65154	Q94045
O65154	O65155
O74412	O74412
P10914	P10914
P10914	Q02556
P10914	O14896
P10914	P14316
P10914	Q15306
P10914	Q92985
P10914	P23611
P10914	P56477
P10914	P70671
P10914	Q00978
P10914	P23906
P10914	Q14653
P10914	Q14653
P10914	P70434
P10914	P97431
P10914	Q64287
P15105	P15105
P15105	P15104
P15105	Q09179
P15105	Q9CDL9
P15105	P15106
P15105	Q96V52
P15105	Q9LVI8
P15105	Q9FMD9
P15105	P0A9C5
P15105	P0A9C7
P15105	P0A9C8
P15105	P12425
P15105	Q5HGC3
P15105	Q43127
P15105	P9WN39
P15105	Q56WN1
P15105	Q3V5W6
P15105	P14655
P15105	P14656
P15105	P32288
P15105	P09606
P15105	P20478
P15105	P38561
P15105	P77961
P15105	P38562
P15105	Q8LCE1
P17439	P17439
P17439	P04062
P22723	P22723
P22723	O14764
P22723	P28471
P22723	P48167
P22723	Q8N1C3
P22723	P14867
P22723	P28472
P22723	P48169
P22723	P63137
P22723	Q7TNC8
P22723	P56475
P22723	P63138
P22723	Q91XP5
P22723	Q9JLF1
P22723	P18505
P22723	P20236
P22723	P21548
P22723	P28476
P22723	P18506
P22723	P22933
P22723	P56476
P22723	P18507
P22723	P24046
P22723	P26049
P22723	Q64018
P22723	P07727
P22723	P18508
P22723	Q16445
P22723	P22300
P22723	Q24352
P22723	Q9D6F4
P22723	Q95Y52
P22723	O00591
P22723	P34903
P22723	P62813
P22723	P62812
P22723	P63080
P22723	P63079
P22723	Q9GQ00
P22723	P78334
P22723	P47742
P22723	Q61603
P22723	G5EBR3
P22723	Q21005
P22723	P27681
P22723	P28473
P22723	Q9ES14
P22723	P16305
P22723	P50571
P22723	P15431
P22723	Q18812
P22723	P24524
P22723	P47869
P22723	Q99928
P22723	P26048
P22723	P23415
P22723	P30191
P22723	P23576
P22723	O75311
P22723	P23416
P22723	P31644
P22723	P20781
P22723	P48168
P22723	Q9UN88
P22723	A8MPY1
P24310	P24310
P24310	P14406
P24310	O14548
P24310	P35171
P25370	P25370
P27240	P27240
P27548	P27548
P27548	P29965
P32378	P32378
P32378	Q93YP7
P50112	P50112
P50610	P50610
P52847	P52847
P52847	P52840
P52847	P50236
P52847	P52843
P52847	Q9M1V1
P52847	Q9ZPQ5
P52847	Q80VR3
P52847	O43704
P52847	Q3UZZ6
P52847	Q06520
P52847	Q6IMI4
P52847	P63047
P52847	P63046
P52847	Q9QWG7
P52847	P22789
P52847	Q9WUW8
P52847	Q9WUW9
P52847	P49888
P52847	Q9FX55
P52847	P17988
P52847	Q9FX56
P52847	P0DMN0
P52847	P0DMM9
P52847	P50225
P52847	P50226
P52847	Q9D939
P52847	O00204
P52847	Q9FZ80
P52847	P49891
P52847	P50237
P52847	O35400
P52847	O00338
P52847	O35403
P52847	P52839
P52847	Q29YR5
P52847	Q9BR01
P52847	B2RVI8
P52847	P52844
P52847	O75897
P52847	Q8BGL3
P53135	P53135
P53622	P53622
P53622	P53621
P53622	Q9AUR7
P53622	Q9AUR8
P53622	Q96WV5
P53622	Q8CIE6
P53622	Q94A40
P53622	Q9SJT9
P53622	Q0J3D9
P53725	P53725
P57678	P57678
P58283	P58283
P58283	Q9NWF9
P60723	P60723
P60723	Q8PNS3
P60723	Q9BYD3
P60723	O50061
P60723	Q9L0D9
P60723	P61055
P61804	P61804
P61804	P61803
P61804	P46964
P62309	P62309
P62309	P62308
P62309	P62307
P62309	P62306
P62309	O94408
P62309	Q9N4G9
P62309	Q9Y4Y9
P62309	P34659
P62309	Q1ZXK3
P62309	Q02260
P62309	O74499
P62309	P62312
P62309	Q969L4
P62309	P62314
P62309	P14678
P62309	P62317
P62309	P62316
P62309	O82221
P62309	P40089
P62309	A7UXE4
P62309	P62320
P62309	P62318
P62309	Q06217
P62309	Q9CQQ8
P62309	P62311
P62309	P62310
P62309	F4K4E3
P62309	Q9M1Z3
P62309	Q9Y4Z0
P62309	Q8VC85
P62309	O74483
P62309	P40204
P62309	Q9C6K5
P62309	Q9UK45
P62309	Q9Y333
P62309	O35900
P62309	O22823
P62309	O14036
P62309	P57743
P62309	A8MWD9
P62309	Q9Y7M4
P62309	Q9SUM2
P62309	P38203
P62309	P40018
P62309	Q9VU02
P62309	P27048
P62309	P40070
P62309	Q9QXA5
P62309	O15116
P62309	O95777
P62309	Q6ZWM4
P62309	Q9LMN4
P62309	P54999
P62309	Q9VI10
P62309	P63163
P62309	P63162
P62309	Q9VLV5
P62309	P62305
P62309	P62304
P62309	Q06406
P62309	Q9LM92
P63224	P63224
P71051	P71051
P71051	Q3K0T0
P71051	P96716
P71051	P38134
P71051	Q8XC28
P71051	Q8X7L9
P71051	P76387
P71051	P33698
P75187	P75187
P76402	P76402
P78010	P78010
P78010	P48491
P78010	Q9P940
P78010	P48500
P78010	A1KIM7
P78010	Q9SKP6
P78010	Q5HHP3
P78010	Q29371
P78010	P27876
P78010	P12863
P78010	P0A861
P78010	P0A858
P78010	P00942
P78010	P48494
P78010	P07669
P78010	Q5E956
Q8ILT5	Q8ILT5
Q8ILT5	C5DTA7
Q8ILT5	P93042
Q8ILT5	Q9UTE0
Q8ILT5	Q2QMH2
Q8ILT5	Q9SSN0
Q8ILT5	Q99287
Q8ILT5	Q0JLS6
Q8ILT5	Q7Z2Y8
Q8ILT5	Q9C0L9
Q8ILT5	A7TJY3
Q8ILT5	Q9FKE9
Q8ILT5	Q80SU7
Q8IVG5	Q8IVG5
Q8IVG5	Q5K651
Q8IY18	Q8IY18
Q8IY18	Q8CG46
Q8IY18	Q9FLR5
Q8IY18	Q9FII7
Q8K2P1	Q8K2P1
Q8K2P1	D4A8G3
Q8K2P1	Q96LR2
Q8K2P1	Q9D6I9
Q8K4D3	Q8K4D3
Q8K4D3	Q9VT04
Q8K4D3	Q8K415
Q8K4D3	P50944
Q8K4D3	Q7Z2H8
Q8K4D3	Q8BHK3
Q8K4D3	Q6YBV0
Q8K4D3	Q10074
Q8K4D3	Q495M3
Q8K4D3	Q8CH36
Q8K4D3	Q9FKY3
Q8K4D3	P36062
Q8K4D3	Q811P0
Q8K4D3	Q9SVG0
Q8K4D3	Q9SF09
Q8N0T1	Q8N0T1
Q8N300	Q8N300
Q8N300	Q99LQ4
Q8N813	Q8N813
Q8NBZ0	Q8NBZ0
Q8NCQ2	Q8NCQ2
Q8QZT2	Q8QZT2
Q8QZT2	Q6IQ19
Q8R411	Q8R411
Q8R411	Q8N699
Q8TBK2	Q8TBK2
Q8TBK2	Q9CWY3
Q8TBK2	D3ZSK5
Q8VCQ3	Q8VCQ3
Q8VCQ3	Q9QYK3
Q8VCQ3	Q96F24
Q8VDS4	Q8VDS4
Q8VDS4	Q96P16
Q8VDS4	Q9CSU0
Q8VDS4	Q9NQG5
Q8VYN9	Q8VYN9
Q8VYN9	Q8L4N1
Q8WVQ1	Q8WVQ1
Q8WVQ1	Q8VCF1
Q8XDG0	Q8XDG0
Q8XDG0	Q7ZAM1
Q91WR3	Q91WR3
Q91WR3	Q9H1I8
Q92734	Q92734
Q92734	Q9U1W1
Q969F1	Q969F1
Q969F1	Q9D8P7
Q96B77	Q96B77
Q96B77	Q9CR76
Q96EN9	Q96EN9
Q96F46	Q96F46
Q96F46	Q60943
Q96F46	Q8NFM7
Q96HH4	Q96HH4
Q96HH4	Q8BG50
Q96LU5	Q96LU5
Q96LU5	Q9M9Z2
Q96LU5	Q96T52
Q96MU5	Q96MU5
Q96PM9	Q96PM9
Q96PM9	Q6AXX3
Q96PM9	Q8VD12
Q96PM9	Q9H6B1
Q96PM9	A2A5E6
Q96PM9	Q569K4
Q96PM9	Q8BXJ8
Q96QA5	Q96QA5
Q96QA5	Q3TR54
Q96QA5	Q9EST1
Q96QA5	Q99NB5
Q96QA5	Q9BYG8
Q96QA5	P57764
Q96QA5	Q32M21
Q96QA5	Q2KHK6
Q96QA5	Q8CB12
Q96QA5	Q9D8T2
Q99NH3	Q99NH3
Q99NH3	Q68EF0
Q99NH3	Q8TBN0
Q99NH3	Q8VDV3
Q99NH3	O13930
Q9BRN9	Q9BRN9
Q9BS86	Q9BS86
Q9BWN1	Q9BWN1
Q9BWN1	Q5THK1
Q9BWN1	Q7TPN9
Q9BXB7	Q9BXB7
Q9CQT7	Q9CQT7
Q9CQT7	Q4KM30
Q9CQT7	Q6ICB0
Q9CQT7	H2KZK4
Q9CQT7	Q9BSY9
Q9CR55	Q9CR55
Q9CR55	Q6PH81
Q9CY64	Q9CY64
Q9CY64	P53004
Q9CY64	P77376
Q9CY64	P46844
Q9CY64	Q9DBB8
Q9CY64	Q9UQ10
Q9D0L7	Q9D0L7
Q9D0L7	Q5JY77
Q9D0L7	Q5XID7
Q9D0L7	Q7L311
Q9D0L7	Q8N2F6
Q9D0L7	Q5H9R4
Q9D0L7	Q7L4S7
Q9D0L7	Q920R4
Q9D0L7	Q96D09
Q9D0L7	B1WBW4
Q9D0L7	Q6PB60
Q9D0L7	Q9UH62
Q9D0L7	Q9P291
Q9D0L7	Q8BHS6
Q9D0L7	Q6P1M9
Q9D0L7	Q5U4C1
Q9D0L7	Q3UZB0
Q9D0L7	Q6A058
Q9D0L7	Q9CX83
Q9D0L7	Q8BUY8
Q9D920	Q9D920
Q9D920	Q969J3
Q9DA03	Q9DA03
Q9DA03	Q5U5X0
Q9DBA8	Q9DBA8
Q9DBA8	Q96NU7
Q9DBN1	Q9DBN1
Q9FMZ0	Q9FMZ0
Q9H0A8	Q9H0A8
Q9H0A8	Q9CQ02
Q9H2C2	Q9H2C2
Q9H2C2	Q06541
Q9H582	Q9H582
Q9H7M9	Q9H7M9
Q9H944	Q9H944
Q9H944	Q5XIE9
Q9JK24	Q9JK24
Q9JK24	Q969Q6
Q9JK24	Q9FEE2
Q9JM93	Q9JM93
Q9JM93	Q4V8I5
Q9N3S2	Q9N3S2
Q9NQZ6	Q9NQZ6
Q9NSP4	Q9NSP4
Q9NUD7	Q9NUD7
Q9NX78	Q9NX78
Q9P2K2	Q9P2K2
Q9P6S3	Q9P6S3
Q9QX69	Q9QX69
Q9QX69	O89112
Q9QX69	O43813
Q9QX69	Q9Y0Y7
Q9QX69	Q9JJK2
Q9QX69	F4IEM5
Q9QX69	Q9NS86
Q9QYC7	Q9QYC7
Q9QYC7	O88496
Q9QZ88	Q9QZ88
Q9QZ88	Q9UBQ0
Q9QZ88	P38759
Q9QZN1	Q9QZN1
Q9QZN1	Q9UF56
Q9UDW1	Q9UDW1
Q9UDW1	Q8R1I1
Q9UT48	Q9UT48
Q9UUJ3	Q9UUJ3
Q9VGB5	Q9VGB5
Q9VNP5	Q9VNP5
Q9VQF7	Q9VQF7
Q9VWN4	Q9VWN4
Q9W5A5	Q9W5A5
Q9XYF4	Q9XYF4
Q9Y2D1	Q9Y2D1
Q9Y2D1	O70191
Q9Y2D1	Q06507
Q9Y2D1	P18848
Q9Y2D1	Q9ES19
Q5F2F2	Q5F2F2
Q5F2F2	Q6UXT9
Q5HG66	Q5HG66
Q5HG66	P60929
Q5HG66	P73933
Q5HIJ8	Q5HIJ8
Q5HIJ8	P0A8B5
Q5HIJ8	A4F6D0
Q5JSQ8	Q5JSQ8
Q5JSQ8	Q4KL78
Q5JSQ8	Q4VXA5
Q5JSQ8	Q3UWR2
Q5M869	Q5M869
Q5M869	Q9Y3P8
Q5M869	Q8C503
Q5PQR6	Q5PQR6
Q5PQR6	Q9DA15
Q5PQR6	P0DJG4
Q5WRN1	Q5WRN1
Q5XKP0	Q5XKP0
Q60945	Q60945
Q60945	P56280
Q60945	P56279
Q60945	O95988
Q60945	P56842
Q66K66	Q66K66
Q6A0A9	Q6A0A9
Q6A0A9	Q5T035
Q6A0A9	Q8C3F2
Q6A0A9	Q9NX05
Q6IC98	Q6IC98
Q6IC98	Q8CB44
Q6NCX7	Q6NCX7
Q6NCX7	G5EFZ1
Q6NCX7	Q9M9K1
Q6NCX7	Q8Y4I4
Q6NCX7	P74507
Q6NCX7	P39773
Q6NCX7	P30792
Q6NCX7	O04499
Q6NCX7	O04499
Q6NCX7	Q8XDE9
Q6NCX7	P35494
Q6NCX7	P37689
Q6NCX7	Q38AH1
Q8C0D9	Q8C0D9
Q8C0D9	Q9WVC7
Q8C0D9	Q76N32
Q8C0D9	Q13023
Q8C1M2	Q8C1M2
Q8C1M2	Q96B54
Q8C3Y4	Q8C3Y4
Q8C3Y4	P50748
Q8CB62	Q8CB62
Q8CDM4	Q8CDM4
Q8CDM4	Q6ZRK6
Q8CHH5	Q8CHH5
Q8CHH5	Q9NZM4
Q8CHH5	Q6AI39
Q8CHH5	F8VPZ9
Q8IQQ4	Q8IQQ4
Q8IQQ4	Q8BRM2
Q8IWE5	Q8IWE5
Q8IY82	Q8IY82
Q8MQX9	Q8MQX9
Q8N0Z6	Q8N0Z6
Q8N0Z6	Q99LG4
Q8N2C7	Q8N2C7
Q8N2C7	Q9VB11
Q8N531	Q8N531
Q8N7N6	Q8N7N6
Q8NAQ8	Q8NAQ8
Q8NBM4	Q8NBM4
Q8NBM4	Q8R1K1
Q8ND07	Q8ND07
Q8ND07	Q3V079
Q8NE18	Q8NE18
Q8NE18	Q14AW5
Q8NEP7	Q8NEP7
Q8NEP7	Q3USL1
Q8R040	Q8R040
Q8R040	Q9H633
Q8R0L9	Q8R0L9
Q8R0L9	Q4V8F5
Q8R0L9	O75528
Q8R1T1	Q8R1T1
Q8R1T1	Q8WUX9
Q8R2Y3	Q8R2Y3
Q8R2Y3	P20048
Q8R2Y3	Q9UPQ8
Q8R2Y3	F4J4C8
Q8R3P6	Q8R3P6
Q8R3P6	Q9VPY0
Q8T0D4	Q8T0D4
Q8TAG6	Q8TAG6
Q8TC20	Q8TC20
Q8TC20	Q66HB6
Q8TDC0	Q8TDC0
Q8TDC0	Q8R4E4
Q8TDC0	Q9JJW5
Q8TDC0	Q9NP98
Q8TDC0	Q4PS85
Q8TDC0	Q9NPC6
Q8TDC0	Q8SQ24
Q8TDC0	Q9JK37
Q8TDC0	Q5E9V3
Q8VDI1	Q8VDI1
Q8VDI1	Q96J88
Q8VDI1	Q96J88
Q8VE22	Q8VE22
Q8VE22	Q9Y3D9
Q8WW52	Q8WW52
Q92351	Q92351
Q93063	Q93063
Q93063	Q92935
Q93063	Q9UBQ6
Q93063	P97464
Q93063	Q16394
Q93063	Q9ZUV3
Q93063	Q940Q8
Q93063	Q3E7Q9
Q93063	Q9SSE8
Q93063	Q9WVL6
Q93063	O43909
Q93063	Q9ES89
Q969K7	Q969K7
Q969K7	Q53RY4
Q969W3	Q969W3
Q96EX3	Q96EX3
Q96EX3	Q5U4F6
Q96MH7	Q96MH7
Q96MH7	Q6AYM1
Q96MH7	Q3UJC8
Q99M54	Q99M54
Q99M54	Q68FW2
Q99M54	Q99618
Q9BQD3	Q9BQD3
Q9BQD3	Q80XH1
Q9BQD3	Q9VTY4
Q9BQD3	Q5M853
Q9BU61	Q9BU61
Q9BU61	Q9JKL4
Q9Y2R0	Q9Y2R0
Q9Z0G8	Q9Z0G8
Q9Z0G8	Q6PEV3
Q9Z0G8	A6NGB9
Q9Z0G8	Q8TF74
Q9Z0G8	Q8K1I7
Q9Z0G8	Q9P6R1
Q9Z0G8	Q6IN36
Q9Z0G8	P0C7L0
Q9Z0G8	O43516
Q9Z0G8	P37370
A1A5R7	A1A5R7
A1A5R7	Q08237
A1A5R7	Q9FFG1
A1A5R7	Q9P7H2
A1A5R7	Q7TT28
A1A5R7	Q12090
A1A5R7	P53010
A1A5R7	Q3U1G5
A1A5R7	Q9CZI9
A1A5R7	Q8IX06
A1A5R7	Q8N1G1
A1A5R7	P53015
A1A5R7	Q9H9L3
A1A5R7	Q96AZ6
A1A5R7	P53331
A1A5R7	Q6PAQ4
A1A5R7	P0C581
A1A5R7	Q09798
A1A5R7	Q8BGF7
A1A5R7	Q6IE70
A1A5R7	A3KPE8
A1A5R7	Q96IC2
A1A5R7	Q10124
A1A5R7	O94375
A1A5R7	Q8WTP8
A1A5R7	A1Z7K9
A1A5R7	Q9GZR2
A3LTE2	A3LTE2
A4Q9E4	A4Q9E4
A4Q9E4	A4Q9E5
A4Q9E4	A4Q9E8
A4Q9E4	O95922
A4Q9E4	A4Q9F0
A4Q9E4	A4Q9F4
A4Q9E4	A4Q9F1
A4Q9E4	A4Q9F3
A4Q9E4	Q3UDE2
A4Q9E4	E9P886
A4Q9E4	Q8NG68
A4Q9E4	A6NNM8
A4Q9E4	Q6ZT98
A4Q9E4	A2APC3
A4Q9E4	P38254
A4Q9E4	Q3SXZ7
A4Q9E4	Q80UG8
A4Q9E4	Q6ZVT0
A4Q9E4	Q10438
A4Q9E4	Q91V51
A4Q9E4	Q8CHB8
A4Q9E4	Q9BWV7
A4Q9E4	Q09512
A4Q9E4	Q14166
A4Q9E4	Q14679
A4Q9E4	P38585
A5DFI4	A5DFI4
A5DFI4	A7THE0
A5DFI4	P40470
A5DFI4	C5DMI3
A5DFI4	A3LP19
A7TFI4	A7TFI4
A7TFI4	P34239
B4FFZ9	B4FFZ9
B4FFZ9	Q9ZVY7
B4FFZ9	Q941A4
B6SHG7	B6SHG7
B6SHG7	A3LS77
B6SHG7	O77263
B6SHG7	Q23126
B6SHG7	Q9Z120
B6SHG7	Q12009
C5DF10	C5DF10
C5DF10	Q99299
C5DUF5	C5DUF5
C5DUF5	C5DL76
C5DUF5	P38266
C6Y4B4	C6Y4B4
F4IGA5	F4IGA5
F4KBW6	F4KBW6
G2TRQ2	G2TRQ2
I3L1E1	I3L1E1
O01839	O01839
O14050	O14050
P38201	P38201
P38852	P38852
P39563	P39563
P40050	P40050
P40395	P40395
P40958	P40958
P40958	Q9XFH3
P40958	Q9LU93
P40958	Q9Z1B5
P40958	Q13257
P47084	P47084
P48732	P48732
P48732	Q9D0A0
P56277	P56277
P61203	P61203
P61203	P61201
P61203	P61202
P61203	O01422
P62861	P62861
P62861	A6NDN8
P62861	P0CX34
P62861	P0CX33
P62861	P62864
P62861	O96269
P62861	O96269
P62861	A0A1D8PSK2
P62861	P49689
P82632	P82632
P87136	P87136
Q08AU7	Q08AU7
Q08AU7	A6NDP7
Q08AU7	Q96S97
Q08AU7	Q6VBQ5
Q08AU7	O35682
Q09383	Q09383
Q09764	Q09764
Q09764	P53273
Q0JIZ1	Q0JIZ1
Q0JIZ1	B4FZ81
Q0P6D2	Q0P6D2
Q0WL69	Q0WL69
Q0WL69	Q1G3K8
Q0WL69	F4I5N6
Q0WL69	F4J424
Q12283	Q12283
Q15053	Q15053
Q19338	Q19338
Q19338	Q80TL7
Q19338	Q7Z3U7
Q21551	Q21551
Q9FWS6	Q9FWS6
Q9FWS6	Q93VH2
Q9FYJ2	Q9FYJ2
Q9FZD1	Q9FZD1
Q9FZD1	Q8LDU5
Q9FZD1	P0C8Q6
Q9FZD1	Q9FGR7
Q9HD87	Q9HD87
Q9HGL0	Q9HGL0
Q9LFB9	Q9LFB9
Q9LFB9	Q9SS80
Q9LTE1	Q9LTE1
Q9LV66	Q9LV66
Q9LX15	Q9LX15
Q9M0B8	Q9M0B8
Q9M0B8	Q9M129
Q9M0B8	Q9M130
Q9M0B8	Q9M131
Q9M0B8	Q94AP3
Q9M0B8	Q9FGL0
Q9M0B8	Q9FL41
Q9M0B8	Q9ZUS1
Q9M0B8	F4IQX1
Q9M0B8	Q9LI65
Q9M0B8	Q9SUF1
Q9M0B8	O80638
Q9M0B8	Q9LPF1
Q9M0B8	Q4PT23
Q9M0B8	Q94JU2
Q9M0B8	F4JK59
Q9M0B8	Q9FL08
Q9M4P3	Q9M4P3
Q9M4P3	A8MQA3
Q9M4P3	Q0WKZ3
Q9M4P3	Q9CAN6
Q9M4P3	Q9FLJ4
Q9M4P3	Q9FND7
Q9M4P3	Q9ZQ74
Q9M4P3	Q3EDF8
Q9M4P3	Q9FND8
Q9M4P3	Q9LHN5
Q9M4P3	Q9LIL5
Q9M4P3	Q9LK58
Q9M4P3	Q9LZ19
Q9M4P3	O04659
Q9M4P3	P0C8A0
Q9M4P3	Q9M8M3
Q9M4P3	Q9SZL5
Q9M4P3	Q9C7V5
Q9M4P3	Q9FXH1
Q9M4P3	Q9LNP2
Q9M4P3	Q9LRV2
Q9M4P3	Q9SJ73
Q9M4P3	Q1PFQ9
Q9M4P3	Q9C6G2
Q9M4P3	Q9FRI5
Q9M4P3	Q9LQQ1
Q9M4P3	Q9LRV9
Q9M4P3	Q9M1V3
Q9M4P3	Q9SVP7
Q9M4P3	P0C8Q3
Q9M4P3	Q4V389
Q9M4P3	Q9LER0
Q9M4P3	Q9LG23
Q9M4P3	Q9LIQ7
Q9M4P3	Q9ZU67
Q9M4P3	Q9FHR3
Q9M4P3	Q9FIB2
Q9M4P3	Q9LVQ5
Q9M4P3	Q9SR01
Q9M4P3	Q9SS60
Q9M4P3	Q9T0D6
Q9M4P3	Q9ZUT5
Q9M4P3	Q9C8L6
Q9M4P3	Q9FME4
Q9M4P3	Q9LN22
Q9M4P3	Q9STS9
Q9M4P3	Q9SZ20
Q9M4P3	P0C7Q7
Q9M4P3	P0C8Q7
Q9M4P3	Q9SSR6
Q9M4P3	Q9SZT8
Q9M4P3	Q9ZQE5
Q9M4P3	P0C7R0
Q9M4P3	Q0WN60
Q9M4P3	Q9LN69
Q9M4P3	Q9LSF5
Q9M4P3	Q9MAT2
Q9M4P3	Q9ZQF1
Q9M4P3	Q9C9A2
Q9M4P3	Q9FFN1
Q9M4P3	Q9FX35
Q9M4P3	Q9LFI1
Q9M4P3	Q9LUR2
Q9M4P3	Q9M9X9
Q9M4P3	Q9SZ52
Q9M4P3	O04491
Q9M4P3	Q9FIX3
Q9M4P3	Q9SHK2
Q9M4P3	Q9SUH6
Q9M4P3	O49436
Q9M4P3	Q0WNP3
Q9M4P3	Q9ZVG8
Q9M4P3	Q0WVK7
Q9M4P3	Q9C8T7
Q9M4P3	Q9LIC3
Q9M4P3	Q9LJ69
Q9M4P3	Q9SCT2
Q9M4P3	Q9SMZ2
Q9M4P3	A3KPF8
Q9M4P3	Q9LQ14
Q9M4P3	O80647
Q9M4P3	Q3EAF8
Q9M4P3	Q9LQ16
Q9M4P3	Q9M907
Q9M4P3	Q9SAA6
Q9M4P3	Q9STE1
Q9M4P3	Q9LR72
Q9M4P3	O23491
Q9M4P3	O49287
Q9M4P3	Q9ASZ8
Q9M4P3	Q9C6R9
Q9M4P3	Q9FK93
Q9M4P3	Q9FLZ9
Q9M4P3	Q9SH26
Q9M4P3	Q9SXD8
Q9M4P3	O23169
Q9M4P3	P93005
Q9M4P3	Q9LIE7
Q9M4P3	Q9LND4
Q9M4P3	Q9LT48
Q9M4P3	Q9SAB4
Q9M4P3	Q1PEU4
Q9M4P3	Q9C6S6
Q9M4P3	Q9FVX2
Q9M4P3	Q9M9E2
Q9M4P3	O65543
Q9M4P3	Q9FMQ1
Q9M4P3	Q9LTV8
Q9M4P3	Q9M065
Q9M4P3	Q9MA85
Q9M4P3	Q9SII7
Q9M4P3	Q9XE98
Q9M4P3	Q9C6T2
Q9M4P3	Q9C9I3
Q9M4P3	Q9FIH2
Q9M4P3	Q9LFQ4
Q9M4P3	Q0WSH6
Q9M4P3	Q9C9I6
Q9M4P3	Q9FM64
Q9M4P3	Q9FNN9
Q9M4P3	Q9LSL9
Q9M4P3	Q9SB36
Q9M4P3	Q9SN39
Q9M4P3	Q9SSF9
Q9M4P3	O04590
Q9M4P3	O22137
Q9M4P3	P93011
Q9M4P3	Q9LXE8
Q9M4P3	Q9SVA5
Q9M4P3	O80488
Q9M4P3	Q3ECK2
Q9M4P3	Q9FI49
Q9M4P3	Q9FXA9
Q9M4P3	Q9LS72
Q9M4P3	Q9SH60
Q9M4P3	Q9SR82
Q9M4P3	Q9CA56
Q9M4P3	Q9CAN0
Q9M4P3	Q9FWA6
Q9M4P3	Q9SHZ8
Q9M4P3	O64766
Q9M4P3	O75127
Q9M4P3	Q0WKV3
Q9M4P3	Q9FXB9
Q9M4P3	Q9SJN2
Q9M4P3	Q940A6
Q9M4P3	Q9CAN5
Q9M4P3	Q9FND6
Q9M4P3	Q9SVH0
Q9NPG2	Q9NPG2
Q9NPG2	Q9ER97
Q9NPG2	P39676
Q9P6L2	Q9P6L2
Q9SA60	Q9SA60
Q9SGA0	Q9SGA0
Q9SGA0	Q9ZPQ8
Q9SGA0	Q9LNA5
Q9SGA0	O49285
Q9SJ66	Q9SJ66
Q9SJ66	Q9C8J4
Q9SJ66	Q93XN8
Q9SJ66	Q9FQ11
Q9SKD6	Q9SKD6
Q9SKD6	Q9SKD7
Q9SKD6	Q9FXH6
Q9SKD6	Q94AS9
Q9SKD6	O82226
Q9SKD6	Q9SJA4
Q9SKD6	Q9S9N5
Q9SKD6	O65717
Q9SKD6	O65718
Q9SKD6	Q9M0A4
Q9SKD6	Q9LNJ0
Q9SKD6	Q9LD37
Q9SKD6	Q9LD40
Q9SKD6	Q9SL29
Q9SL92	Q9SL92
Q9SL92	F4I4W2
Q9SL92	P50747
Q9SL92	P0CI75
Q9SL92	Q920N2
Q9SRH6	Q9SRH6
Q9SRH6	Q9FM19
Q9SRH6	Q9CAR7
Q9SU92	Q9SU92
Q9SU92	Q8TCT1
Q9SU92	Q8R2H9
Q9UDW3	Q9UDW3
Q9UDW3	Q9CQR5
Q9URV3	Q9URV3
Q9UT03	Q9UT03
O05223	O05223
O07542	O07542
O13727	O13727
O13831	O13831
O13831	P00931
O13831	Q42529
O13831	P14671
O13831	P0A877
O13831	Q59992
O13956	O13956
O13956	Q07381
O13956	Q2NL82
O13956	Q9VP47
O13956	Q5SWD9
O14216	O14216
O15240	O15240
O15240	P20156
O15240	Q0VGU4
O23180	O23180
O23180	O23179
O23180	O80959
O23180	Q93ZQ3
O23180	O23181
O31447	O31447
O34714	O34714
O35988	O35988
O35988	P31431
O35988	P34741
O35988	O75056
O35988	P18827
O35988	P18828
O35988	Q58DD4
O35988	P34900
O35988	P34901
O35988	P49415
O35988	P26260
O35988	P50605
O35988	P33671
O35988	P43407
O35988	Q64519
O54715	O54715
O54715	Q9R1Q9
O54715	Q15904
O60664	O60664
O60664	Q8CGN5
O60664	O88492
O60664	Q9DBG5
O60664	Q8BVZ1
O60664	O60240
O60664	P43883
O60664	P43884
O60664	A6QLL0
O60664	Q00G26
O60664	M0R7Z9
O60664	Q99541
O75817	O75817
O95487	O95487
O95487	O94855
O95487	O95486
O95487	P53992
O95487	Q9UUI5
O95487	A4QUL1
O95487	P38810
O95487	Q9M291
O95487	P53953
O95487	Q9USS7
O95487	Q3U2P1
O95487	Q9M081
O95487	P40482
P02931	P02931
P06774	P06774
P06774	Q9LNP6
P06774	Q93ZH2
P06774	P23511
P06774	P18576
P06774	Q9LXV5
P06774	P23708
P06774	G5EEG1
P06774	Q945M9
P0A7Z2	P0A7Z2
P0A7Z2	P0A7Z0
P0A7Z2	Q9ZU38
P0A7Z2	Q9S726
P0A7Z2	P49247
P0A7Z2	P47968
P0A9Q9	P0A9Q9
P0ABA0	P0ABA0
P0ADG8	P0ADG8
P0ADG8	P0ADG7
P0ADG8	Q8Y7A5
P0ADG8	Q9NYQ2
P0ADG8	Q9NYQ3
P0ADG8	P36959
P0ADG8	Q9LRR9
P0ADG8	P24547
P0ADG8	E9PU28
P0ADG8	P12269
P0ADG8	Q07523
P0ADG8	Q8X984
P0ADG8	Q9LRS0
P0ADG8	P21879
P0ADG8	Q5HIQ7
P0ADG8	B0VND0
P0ADG8	Q9Z244
P0ADG8	O14344
P0ADG8	Q99L27
P0ADG8	P38697
P0ADG8	Q9GZH3
P0ADG8	Q9UJM8
P0ADG8	Q9HDX2
P0ADG8	P12268
P0ADG8	P9WKI3
P0ADG8	P39567
P0ADG8	Q9WU19
P0ADG8	P20839
P0ADG8	P20839
P0ADG8	O42831
P0ADG8	Q9DCZ1
P0ADG8	Q07152
P0ADG8	P50094
P0ADG8	O49506
P0ADG8	A0A3L6E0R4
P0ADG8	P50095
P0ADG8	P50096
P0ADG8	D3ZLZ7
P0ADG8	P47996
P0ADG8	A0QYE8
P0ADG8	B0BNF9
P0ADG8	Q83SM9
P0ADG8	O00086
P0ADG8	P9WND5
P0ADG8	Q9SA34
P0C5W1	P0C5W1
P0C5W1	P14873
P0C5W1	P46821
P0C5W1	Q9W596
P0C5W1	P34926
P0C5W1	Q8C052
P0C5W1	P78559
P11491	P11491
P11491	P15693
P11491	P05186
P11491	P05187
P11491	P24823
P11491	P09242
P11491	Q02QC9
P11491	P00634
P11491	P09923
P11491	P51740
P11491	Q24238
P11491	P08289
P11491	P19405
P11491	P19406
P11491	P10696
P11491	P24822
P9WNH5	P9WNH5
Q01459	Q01459
Q02606	Q02606
Q02950	Q02950
Q03430	Q03430
Q04002	Q04002
Q04934	Q04934
Q04JW5	Q04JW5
Q04JW5	Q14CH7
Q04JW5	P50475
Q04JW5	P49588
Q04JW5	Q9VLM8
Q04JW5	Q8BGQ7
Q04JW5	Q97IG3
Q04JW5	O01541
Q04JW5	Q8X3W8
Q04JW5	D3ZX08
Q04JW5	Q5JTZ9
Q04JW5	P96041
Q04JW5	A4FBD3
Q04JW5	Q7UBU3
Q04JW5	A1KLQ3
Q04JW5	Q9FFC7
Q04JW5	O13914
Q04JW5	Q97ZX2
Q04JW5	P36428
Q05911	Q05911
Q05911	P30566
Q05911	P54822
Q06109	Q06109
Q06204	Q06204
Q06338	Q06338
Q06632	Q06632
Q07527	Q07527
Q07527	Q13395
Q0KIA2	Q0KIA2
Q12138	Q12138
Q12191	Q12191
Q12373	Q12373
Q5S7W5	Q5S7W5
Q5S7W5	Q9GZY6
Q5S7W5	Q9JHL0
Q5S7W5	Q8CGL2
Q5SQH8	Q5SQH8
Q5SWW4	Q5SWW4
Q5SWW4	Q71F56
Q5SWW4	Q9UHV7
Q5SWW4	Q6JPI3
Q5U5M8	Q5U5M8
Q5U5M8	Q6QNY0
Q5U5M8	A5A769
Q60739	Q60739
Q61211	Q61211
Q61211	Q5PPG7
Q61211	P41214
Q68CL5	Q68CL5
Q6AYA8	Q6AYA8
Q6AYA8	Q99K99
Q6AYA8	Q8IY42
Q6E213	Q6E213
Q6E213	Q80W94
Q6E213	Q96PD6
Q6E213	Q96PD7
Q6E213	Q3SYC2
Q6E213	Q08650
Q6E213	Q9DCV3
Q6E213	Q91ZV4
Q6IQ32	Q6IQ32
Q6IQ32	Q8CHC8
Q6JHY2	Q6JHY2
Q6NZG4	Q6NZG4
Q6NZG4	Q8IXT1
Q6P1D7	Q6P1D7
Q6P1D7	Q8IY92
Q6P2C8	Q6P2C8
Q6P2C8	Q9DB40
Q6PAC4	Q6PAC4
Q6PAC4	A6NGG8
Q8IBP1	Q8IBP1
Q8IQV9	Q8IQV9
Q8IXR9	Q8IXR9
Q8K015	Q8K015
Q8K015	Q9BU64
Q8K0S0	Q8K0S0
Q8K0S0	Q92561
Q8K0S0	Q568Z9
Q8K0S0	Q6AYN4
Q8K0S0	Q8BGT8
Q8K0S0	Q96FC7
Q8K1D8	Q8K1D8
Q8K4K7	Q8K4K7
Q8K4K7	Q8BUZ1
Q8K4K7	Q8N0Z2
Q8K4K7	B5SNZ6
Q8N0Z8	Q8N0Z8
Q8N5Y8	Q8N5Y8
Q8N987	Q8N987
Q8N987	Q9ESB5
Q8N987	Q8BG18
Q8N987	F1LQY6
Q8N987	Q9D6J4
Q8N987	Q91ZP9
Q8N987	Q7Z6G3
Q8N987	Q96P71
Q8PP38	Q8PP38
Q8R043	Q8R043
Q8R043	Q9UK00
Q8TB73	Q8TB73
Q8VI23	Q8VI23
Q8VI23	P55011
Q8VI23	P55013
Q8VI23	P55014
Q8VI23	P55016
Q8VI23	P55017
Q8VI23	Q2UVJ5
Q8VI23	Q99MR3
Q8VI23	Q9UHW9
Q8VI23	P55018
Q8VI23	Q5RK27
Q8VI23	Q63632
Q8VI23	Q63633
Q8VI23	A0AV02
Q8VI23	O60146
Q8VI23	P59158
Q8VI23	Q9Y666
Q8VI23	Q9BXP2
Q8VI23	Q66HR0
Q8VI23	Q9WVL3
Q8VI23	Q13621
Q8VI23	Q924N4
Q8VI23	Q9JIS8
Q8VI23	P38329
Q8WVE6	Q8WVE6
Q8WW62	Q8WW62
Q8Y4H0	Q8Y4H0
Q9D9H8	Q9D9H8
Q9D9H8	Q8N8R5
Q9DB42	Q9DB42
Q9DB42	Q08004
Q9DB42	Q9W3Y0
Q9H061	Q9H061
Q9H061	Q8IUX1
Q9H7Z7	Q9H7Z7
Q9H7Z7	Q8BWM0
Q9I7W5	Q9I7W5
Q9I7W5	Q9JI13
Q9I7W5	Q12136
Q9I7W5	Q6AXX4
Q9I7W5	Q9NQZ2
Q9I7W5	Q1MTS0
Q9JHS3	Q9JHS3
Q9JHS3	Q9Y2Q5
Q9JIX9	Q9JIX9
Q9JIX9	Q14296
Q9MAU3	Q9MAU3
Q9MAU3	F4HVA6
Q9MAU3	Q8R2K4
Q9MAU3	P49847
Q9MAU3	P49848
Q9MAU3	Q9Y6J9
Q9MAU3	Q62311
Q9MAU3	Q63801
Q9NA64	Q9NA64
Q9NRJ2	Q9NRJ2
Q9NWS1	Q9NWS1
Q9P016	Q9P016
Q9P016	Q91YJ3
Q9SBJ1	Q9SBJ1
Q9SBJ1	Q922H2
Q9SBJ1	Q16654
Q9SBJ1	Q15119
Q9SBJ1	P91622
Q9SBJ1	Q15120
Q9SBJ1	O54937
Q9SBJ1	Q8BFP9
Q9SBJ1	Q00972
Q9SBJ1	O70571
Q9SBJ1	O55028
Q9SBJ1	Q9JK42
Q9SBJ1	Q64536
Q9SBJ1	Q2KJG8
Q9SBJ1	O14874
Q9SSR1	Q9SSR1
Q9SWI1	Q9SWI1
Q9SWI1	Q9M9T4
Q9USX3	Q9USX3
Q9V3F3	Q9V3F3
Q9V468	Q9V468
Q9VDD7	Q9VDD7
Q9VGZ8	Q9VGZ8
Q9VGZ8	Q8INM3
Q9VIF5	Q9VIF5
Q9VMU8	Q9VMU8
Q9VPN2	Q9VPN2
Q9Y041	Q9Y041
Q9Y041	Q93099
Q9Y041	O09173
Q9Y041	Q9ZRA2
Q9Y5U4	Q9Y5U4
Q9Y5U4	O15503
O60099	O60099
O65370	O65370
O65370	Q9SXE9
O77310	O77310
O82201	O82201
O82201	P35181
O82201	Q96PC3
O82201	P47064
O82201	Q9JKC8
O82201	Q9Y2T2
O82201	P53676
O82201	Q92572
O82201	Q9DCR2
O82201	P53677
O82201	P56377
O82201	Q8R2R9
O82201	Q9Y587
O82201	P62743
O82201	P53680
O82201	P59780
O82201	P61966
O82201	P61967
O94584	O94584
O94584	P08456
O94719	O94719
P03870	P03870
P05090	P05090
P05090	P51910
P05090	Q00724
P05090	Q9FGT8
P05090	P02753
P0CT51	P0CT51
P10849	P10849
P14327	P14327
P14327	Q5A940
P14327	Q9JMG1
P14327	P69736
P14327	Q3T0V7
P14327	O60869
P14327	Q9LXT3
P14327	Q9SJI8
P14327	O14467
P14327	O94700
P19615	P19615
P34118	P34118
P34118	P54659
P34118	Q14764
P34118	Q62667
P34118	Q9EQK5
P34382	P34382
P38215	P38215
P41834	P41834
P42883	P42883
P42883	P43534
P42883	Q07748
P42883	P47183
P42883	P36597
P46086	P46086
P46086	Q03426
P46086	A0A1D8PEL1
P46086	P07277
P0C6L3	P0C6L3
P0C6L3	P29996
Q92325	Q92325
Q93YN0	Q93YN0
Q940G0	Q940G0
Q940G0	Q9HD45
Q940G0	Q92544
Q940G0	Q9DBU0
Q940G0	Q99805
Q940G0	F4HW17
Q940G0	O15321
Q940G0	Q9C5N2
Q940G0	P58021
Q94AR4	Q94AR4
Q94AR4	Q39096
Q94JZ8	Q94JZ8
Q95H45	Q95H45
Q9AS36	Q9AS36
Q9AS36	P36613
Q9AS36	P34425
Q9AS36	Q8N1B3
Q9AS36	Q9R1A0
Q9AS36	Q96S94
Q9AS36	O88874
Q9AS36	G5EBX3
Q9AS36	P34424
Q9AS36	P51946
Q9AS36	Q9QWV9
Q9AS36	O96433
Q9AS36	P39947
Q9AS36	P47821
Q9AS36	Q2QQS5
Q9AS36	Q61458
Q9AS36	Q7TQK0
Q9AS36	Q9UK58
Q9AS36	O75909
Q9AS36	O75909
Q9AS36	Q7ZVX0
Q9AS36	O60563
Q9AS36	Q9FKE6
Q9AS36	Q2RAC5
Q9AS36	O74627
Q9AS36	Q8GYM6
Q9AS36	O60583
Q9AS36	P37366
Q9AS36	Q5I0H5
Q9AS36	Q9JJA7
Q9AS36	Q9R1Q2
Q9AS36	Q52KE7
Q9AS36	Q4QQW5
Q9C565	Q9C565
Q9C565	Q9FNB2
Q9CWH5	Q9CWH5
Q9CWH5	Q7Z4G4
Q9CWH5	O94636
Q9D5S1	Q9D5S1
Q9DA44	Q9DA44
Q9ZVA7	Q9ZVA7
Q9ZVA7	Q9FZ45
A0A061ACU2	A0A061ACU2
A0A0C4DGP1	A0A0C4DGP1
A0A0C4DGP1	Q96HG1
A0A1D8PHA3	A0A1D8PHA3
A0A1D8PHA3	P07143
A0A1D8PHA3	P08574
A0A1D8PHA3	Q9FKS5
A0A1D8PHA3	Q9D0M3
A0A1D8PHA3	Q9LK29
A0A384KG77	A0A384KG77
A1KJ01	A1KJ01
A6NGE7	A6NGE7
A6NGE7	Q283N4
A8IHN8	A8IHN8
A8MTZ7	A8MTZ7
A8MTZ7	Q80W69
B1XPG7	B1XPG7
D6VTK4	D6VTK4
G3X9Z4	G3X9Z4
G3X9Z4	P39081
G3X9Z4	Q10237
G3X9Z4	Q0WPF2
G3X9Z4	Q09345
G5ECL4	G5ECL4
I6YHB0	I6YHB0
O05236	O05236
O07584	O07584
O13515	O13515
O13733	O13733
O13964	O13964
O14108	O14108
O14338	O14338
P09880	P09880
P09880	P43075
P0ABU5	P0ABU5
P0ABU5	P0DPI2
P0ABU5	P56571
P0AG10	P0AG10
P0AG10	P0AG07
P0AG10	Q96AT9
P0AG10	P46969
P0AG10	O14105
P0AG10	Q2QD12
P0AG10	Q8VEE0
P0AGG8	P0AGG8
P0AGG8	P74002
P0C5X8	P0C5X8
P0C5X8	Q9D3A9
P0C5X8	Q6P5F7
P0C5X8	Q9C0H2
P0C5X8	Q9BSA4
P0C5X8	Q3TH73
P13039	P13039
P15309	P15309
P15309	P11117
P15309	Q10944
P15309	P24638
P15309	D3YTS9
P15309	Q9BZG2
P16872	P16872
P16872	P40238
P16872	P16871
P16872	Q08351
P17443	P17443
P17443	A1KKJ6
P38688	P38688
P38837	P38837
P38837	P53898
P39138	P39138
P39138	P00812
P39138	Q12611
P39138	P05089
P39138	Q10066
P39138	P37818
P39138	O08691
P39138	P07824
P39138	Q61176
P39138	P78540
P39138	Q95JC8
P39523	P39523
P40040	P40040
P40492	P40492
P40545	P40545
P42349	P42349
P47129	P47129
P51810	P51810
P51810	P70259
P53140	P53140
P53140	P38330
P53202	P53202
P53877	P53877
P53980	P53980
P54169	P54169
P54555	P54555
Q03322	Q03322
Q03714	Q03714
Q04003	Q04003
Q04201	Q04201
Q04377	Q04377
Q04835	Q04835
Q04935	Q04935
Q05468	Q05468
Q06116	Q06116
Q06339	Q06339
Q06636	Q06636
Q06636	P0C148
Q07327	Q07327
Q07327	O94590
Q07327	O08599
Q07327	P61763
Q07327	P61765
Q07327	O00186
Q07327	Q60770
Q07327	Q64324
Q07327	Q9SZ77
Q07327	Q62753
Q07327	Q9C5X3
Q07327	Q9C5P7
Q08268	Q08268
Q08268	Q08777
Q08622	Q08622
Q08816	Q08816
Q08949	Q08949
Q0KIC3	Q0KIC3
Q12027	Q12027
Q12192	Q12192
Q12248	Q12248
Q12248	A0A1D8PFP9
Q12314	Q12314
Q12481	Q12481
Q12481	Q59SN0
Q12481	C5DF79
Q12481	A7TMH4
Q12481	C5DPS9
Q12481	Q96EU6
Q12481	Q3UFY0
Q12934	Q12934
Q12934	A2AMT1
Q13477	Q13477
Q13477	O70540
Q14116	Q14116
Q14849	Q14849
Q14849	P97826
Q14849	Q61542
Q14849	P51557
Q14849	Q9W145
Q14849	Q9DCI3
Q14849	O95772
Q14849	P49675
Q15431	Q15431
Q15431	Q03410
Q15431	Q62209
Q16563	Q16563
Q16563	O89104
Q16563	Q8BGN8
Q16563	O09117
Q16563	P08247
Q16563	P07825
Q16563	P22831
Q16563	Q62277
Q18012	Q18012
Q5XIN9	Q5XIN9
Q5XIN9	Q6ZN84
Q5XIN9	Q9D5W4
Q66K80	Q66K80
Q6AYB3	Q6AYB3
Q6AYB3	Q9ULR0
Q6AYB3	Q69ZQ2
Q6AYB3	P21374
Q6AYB3	O74370
Q6GQT9	Q6GQT9
Q6GQT9	P69849
Q6GQT9	Q15155
Q6GQT9	Q5JPE7
Q6NLC8	Q6NLC8
Q6NSV7	Q6NSV7
Q6NSV7	Q96BN6
Q6NSV7	A5PLN7
Q6NSV7	Q8CFV2
Q6NZI2	Q6NZI2
Q6NZI2	P85125
Q6NZI2	Q9Z1H9
Q6NZI2	A1L260
Q6NZI2	O54724
Q6NZI2	O95810
Q6NZI2	A5PJI6
Q6NZI2	Q5BKX8
Q6NZI2	B1PRL5
Q6NZI2	A4FV37
Q6NZI2	Q91VJ2
Q6NZI2	Q63918
Q6NZI2	Q969G5
Q6NZI2	Q66H98
Q6NZI2	A2AMM0
Q6P4A8	Q6P4A8
Q6P4A8	Q3TCN2
Q6P4A8	Q8NHP8
Q6PIJ4	Q6PIJ4
Q6PIJ4	Q6P4R8
Q6ZPU9	Q6ZPU9
Q6ZPU9	Q96EK5
Q6ZUT1	Q6ZUT1
Q6ZWK4	Q6ZWK4
Q7JV70	Q7JV70
Q7JV70	Q7K1U0
Q7K4Z4	Q7K4Z4
Q7Z7L7	Q7Z7L7
Q7Z7L7	Q2WF59
Q7Z7L7	Q80ZJ6
Q811T9	Q811T9
Q811T9	Q9NRI5
Q83MJ8	Q83MJ8
Q83MJ8	O95900
Q83MJ8	P40615
Q83MJ8	Q9LD90
Q83MJ8	O17919
Q83MJ8	O44081
Q83MJ8	Q8WWH5
Q83MJ8	P33322
Q83MJ8	Q9ESX5
Q83MJ8	F1Q749
Q83MJ8	O59721
Q83MJ8	O14007
Q83MJ8	O13473
Q83MJ8	O43100
Q83MJ8	P48567
Q83MJ8	O43101
Q83MJ8	Q8C0D0
Q86WZ0	Q86WZ0
Q8BG09	Q8BG09
Q8BG09	Q9NVA4
Q8BG09	Q9Y519
Q8BG09	Q3UFJ6
Q8BG09	P36142
Q8BG09	Q94CA0
Q8BG09	F4JTN2
Q8BG09	Q4QQS1
Q8BG09	Q6ZMB5
Q8BG09	Q09906
Q8BL86	Q8BL86
Q8BMG7	Q8BMG7
Q8BMG7	Q9H2M9
Q8BMG7	Q5U1Z0
Q8BV66	Q8BV66
Q8BV66	Q9BDB7
Q8BV66	Q8TCB0
Q8BV66	Q53G44
Q8BWT5	Q8BWT5
Q8BWT5	Q14689
Q8BWT5	Q9W0S9
Q8BWT5	Q3UH60
Q8BWT5	Q9P265
Q8BWT5	Q9Y2E4
Q8C1R3	Q8C1R3
Q8C419	Q8C419
Q8C419	Q6PRD1
Q8C419	D4A6L0
Q8C419	Q5T848
Q8C419	E9PY61
Q8IUI8	Q8IUI8
Q8IY85	Q8IY85
Q8IYM0	Q8IYM0
Q8IYM0	Q9D9R9
Q8IYM0	A6NE01
Q8IZJ6	Q8IZJ6
Q8IZJ6	Q5HIC2
Q8K0S2	Q8K0S2
Q8K0S2	Q6P6B1
Q96524	Q96524
Q96524	Q43125
Q96A65	Q96A65
Q96A65	Q62824
Q96A65	Q9VNH6
Q96A65	O35382
Q96K78	Q96K78
Q97WW9	Q97WW9
Q980L7	Q980L7
Q99L02	Q99L02
Q99L02	Q5M865
Q99L02	Q9BTK6
Q99LH9	Q99LH9
Q99LH9	O60239
Q99LH9	Q21194
Q99LH9	Q91Y80
Q99LH9	Q7L8J4
Q99LH9	Q9Z131
Q9BPX3	Q9BPX3
Q9BRA2	Q9BRA2
Q9BRA2	Q9CQM5
Q9BRA2	Q9P7L1
Q9BRA2	Q9FMN4
Q9BXL5	Q9BXL5
Q9BXL5	Q6AZ54
Q9BXL5	Q9ERZ0
Q9BYD6	Q9BYD6
Q9CZH7	Q9CZH7
Q9CZH7	P84157
Q9D882	Q9D882
Q9D882	Q8N8J7
Q9D882	Q96D05
Q9D882	Q9CZL2
Q9D9J2	Q9D9J2
Q9D9J2	O43247
Q9DAI6	Q9DAI6
Q9DAI6	Q6NS59
Q9DAI6	Q49AJ0
Q9DAI6	Q9P2D6
Q9DBT3	Q9DBT3
Q9DC60	Q9DC60
Q9DC60	D3ZG27
Q9DC60	P9WIP3
Q9DC60	Q9Y5Z9
Q9Y5Y0	Q9Y5Y0
Q9Y5Y0	B2RXV4
Q9Y5Y0	Q11073
Q9Y5Y0	Q9UPI3
Q9Y5Y0	P60815
Q9Y5Y0	Q8CE47
Q9Y5Y0	Q91X85
Q9Y5Y0	Q96SL1
Q9Y5Y0	O01735
Q9Z1X9	Q9Z1X9
Q9Z1X9	O75419
Q9Z1X9	Q08032
Q9Z1X9	O74113
A3KQ55	A3KQ55
A3KQ55	Q7L2J0
A3KQ55	Q9LTB2
A3KQ55	Q7Z5W3
A3KQ55	Q9U2R0
A3KQ55	Q7K480
A3KQ55	Q8K3A9
A8DMN5	A8DMN5
C5DLA5	C5DLA5
C5DLA5	C5DUI8
C5DLA5	A7TJJ7
C5DLA5	P38272
C6KI89	C6KI89
C6KI89	Q6ZRH7
C6KI89	E9Q355
F4IDQ5	F4IDQ5
F4J284	F4J284
F4J284	O22224
G5EDN3	G5EDN3
O04173	O04173
O04173	Q12030
O04173	Q12962
O04173	O60171
O04173	Q8K0H5
O13702	O13702
O13986	O13986
O22860	O22860
O22860	O17570
O22860	P49167
O22860	Q9JJI8
O22860	P46291
O22860	Q9USR7
O22860	P63173
O22860	Q09900
O23147	O23147
O23147	P35338
O23147	P35339
O23147	P49063
O23147	Q94AJ5
O23147	P47180
O23147	P26216
O44749	O44749
O49255	O49255
O49255	Q9SQX9
O49255	Q9SQY0
O49255	Q9LDY8
O49255	Q9S851
O49255	Q9SCK6
O49255	Q949N0
O49255	Q9ZVH0
O49255	F4JN35
O49255	Q9ZNU2
O49255	Q9XIC5
O49255	B5X570
O49255	F4IED2
O49255	A4FVP6
O49255	Q93VY3
O49255	Q9FLJ2
O49453	O49453
O55189	O55189
O55189	Q9NP70
O55189	Q28989
O61820	O61820
O61820	A4R796
O61820	O94513
O61820	Q9C5Z3
O61820	Q641X8
O61820	P60228
O61820	P60229
O61820	O77410
O64852	O64852
O64852	A0A1P8BH03
O64852	Q8L4D8
O64852	Q9SF32
O64852	Q9LK76
O64852	Q9MAM4
O64852	F4J061
O64852	Q9LKA0
O64852	Q9FXI5
O64852	Q93ZH7
O64852	Q9FIT1
O64852	Q9M199
O64852	F4JMV6
O64852	Q9FT53
O64852	F4JHN2
O64852	Q9ASW3
O64852	Q9LYR0
O64852	Q8LPG9
O64852	Q0WNP8
O64852	Q2NNE0
O64852	F4IUJ7
O64852	Q9CAI2
O74832	O74832
O74832	P32606
O74954	O74954
O81062	O81062
O81062	Q8IUH8
O81062	P34248
O81062	Q9JJF9
O81062	Q9D8V0
O81062	Q8TCT7
O81062	Q8TCT8
O81062	Q8TCT9
O81062	Q3TD49
O81062	Q9MA44
O81062	A2A6C4
O82279	O82279
O94656	O94656
O96237	O96237
P00365	P00365
P00365	Q9USN5
P00365	P33327
P01143	P01143
P01143	P06850
P04039	P04039
P07398	P07398
P07398	P10797
P07398	P10798
P07398	P18566
P07398	P00871
P07398	P00873
P07398	P54206
P07398	P10795
P07398	P05348
P07398	P26667
P07398	A2Y205
P07398	Q0INY7
P07398	P10796
P09565	P09565
P18296	P18296
P18296	G5ED39
P18296	Q14674
P18296	Q03018
P18296	P60330
P18296	P33144
P20061	P20061
P20061	Q9R0D6
P20061	P17267
P20061	P20062
P20061	P52787
P20061	P27352
P20840	P20840
P24005	P24005
P38060	P38060
P38060	P97519
P38060	P35914
P38060	Q8TB92
P38060	O81027
A7TGI3	A7TGI3
A7TGI3	P53920
A7TGI3	O74325
A7TGI3	Q9P7S1
A7TGI3	A5DAL3
A7TGI3	A4RJH4
A7TUE1	A7TUE1
A8IHV3	A8IHV3
A8MQR0	A8MQR0
C5DFL1	C5DFL1
C5DFL1	Q04964
C5DFL1	O13577
C6Y4C6	C6Y4C6
D3YWJ0	D3YWJ0
D3YWJ0	Q68CJ6
F4I3Z5	F4I3Z5
F4IP69	F4IP69
F4JRR1	F4JRR1
F4KIL8	F4KIL8
F4KIL8	Q9SKZ5
F4KIL8	Q9LEV7
G2TRQ8	G2TRQ8
O02058	O02058
O02058	P27213
O02058	P48611
O02058	Q9R1Z7
O02058	Q03393
O48520	O48520
O48520	O35654
O48520	P46957
O49668	O49668
O65648	O65648
O65648	Q9FJF6
O65648	Q9C7Q8
O74741	O74741
P03874	P03874
P07183	P07183
P0C8L4	P0C8L4
P0CE11	P0CE11
P0CE11	A4RM13
P0CE11	P40107
P0CE11	Q9UTK8
P0CZ25	P0CZ25
P18075	P18075
P18075	P57785
P18075	P58166
P18075	P04202
P18075	O95390
P18075	P55104
P18075	Q9UK05
P18075	P55107
P18075	Q07105
P18075	O61643
P18075	P97737
P18075	Q9WV56
P18075	P61812
P18075	P43026
P18075	P20722
P18075	Q9R229
P18075	P43028
P18075	O14793
P18075	P05111
P18075	P34820
P18075	P12643
P18075	P43021
P18075	P09529
P18075	O00292
P18075	P43027
P18075	O95972
P18075	P03971
P18075	Q7Z5Y6
P18075	Q99988
P18075	P43029
P18075	Q9VQG9
P18075	Q07104
P18075	Q9NR23
P18075	O60383
P18075	Q7Z4P5
P18075	Q9Z0L4
P18075	P01137
P18075	P55103
P18075	P12644
P18075	O08689
P18075	P55108
P18075	P08476
P18075	P12645
P18075	P27090
P18075	Q6KF10
P18075	Q96S42
P18075	P27106
P18075	P18331
P18075	O95393
P18075	P22003
P18075	Q9Z0J7
P18075	P10600
P18075	Q04906
P18075	P22004
P18075	Q04998
P18075	O75610
P18075	Q04999
P18075	Q9Z217
P18075	Q9Z1W4
P18075	P07713
P18075	P17125
P18075	P27539
P21547	P21547
P25616	P25616
P27665	P27665
P27665	Q9S841
P27665	P23321
P29070	P29070
P29070	G5EBQ8
P29070	G4N553
P29070	P30572
P29070	P30573
P29070	O74756
P29070	P29465
P29070	P14180
P29070	O13353
P29070	P08004
P29070	P30589
P29070	Q01285
P29070	G4N0X3
P29070	G4N0X4
P29070	G5EB74
P29752	P29752
P29752	Q96QH8
P29752	Q96KX0
P29752	Q8IXA5
P29752	O75951
P29752	P00697
P29752	P00698
P29752	Q9CPX3
P29752	Q05820
P29752	P61626
P29752	P08905
P29752	P00709
P32564	P32564
P32564	A7THN6
P32564	C5DRF7
P32564	Q06485
P33277	P33277
P38222	P38222
P42895	P42895
P42895	P04764
P42895	P77972
P42895	P26300
P42895	P51913
P42895	P26301
P42895	P15007
P42895	Q9ZW34
P42895	P17182
P42895	P17183
P42895	Q3ZC09
P42895	Q5HHP1
P42895	B0VQI4
P42895	P40370
P42895	Q02RA7
P42895	Q8R967
P42895	Q42971
P42895	P21550
P42895	P15429
P42895	P64074
P42895	P25696
P42895	Q27527
P42895	P09104
P42895	Q1KYT0
P42895	P0CX10
P42895	P0CX11
P42895	P42222
P42895	P07323
P42895	P30575
P42895	Q8IJN7
P42895	P13929
P42895	P37869
P42895	Q9C9C4
P42895	Q9XSJ4
P42895	Q97L52
P42895	P00924
P42895	P00925
P42895	Q04DH2
P42895	P06733
P42895	P0A6P9
P42895	P0A6Q1
P42895	P0A6Q2
P42895	O57391
P47086	P47086
P53192	P53192
P54657	P54657
P56784	P56784
P59277	P59277
P60129	P60129
P60129	P0C417
P60129	P60140
P60129	Q2A7F4
P60129	B3TN65
Q9M160	Q9M160
Q9P3A9	Q9P3A9
Q9SIT5	Q9SIT5
Q9SIT5	Q3EDG3
Q9SIT5	Q9P7I1
Q9SIT5	Q9LUN4
Q9SIT5	Q1HDT3
Q9SIT5	Q9M353
Q9SIT5	P40309
Q9SIT5	Q9LMJ1
Q9SIT5	Q9M007
Q9SIT5	Q9M008
Q9SIT5	Q9FYB9
Q9SIT5	Q9SUQ7
Q9SIT5	Q9FYC0
Q9SIT5	Q9FYC1
Q9SIT5	O22920
Q9SLB9	Q9SLB9
Q9SRK7	Q9SRK7
Q9SRK7	O94300
Q9SZL8	Q9SZL8
Q9SZL8	Q9M8J3
Q9SZL8	Q9SY66
Q9SZL8	Q9SZL7
Q9SZL8	Q9SSQ4
Q9SZL8	Q9ZVC9
Q9SZL8	Q3E7I5
Q9SZL8	Q9LIE5
Q9SZL8	Q9S793
Q9SZL8	Q9SWG3
Q9T0C6	Q9T0C6
Q9UTI1	Q9UTI1
Q9VC56	Q9VC56
Q9VWB9	Q9VWB9
Q9XF14	Q9XF14
Q9XHZ3	Q9XHZ3
Q9Y7U1	Q9Y7U1
A0A0U1RRE5	A0A0U1RRE5
A0A1D8PHF5	A0A1D8PHF5
A0A1D8PHF5	P0C2H9
A0A1D8PHF5	P0C2H8
A0A1D8PHF5	P62899
A0A1D8PHF5	P62900
A0A1D8PHF5	P62901
A0A1D8PHF5	P62902
A0A1D8PHF5	P62899
A0A1D8PHF5	Q9U332
A0A1D8PHF5	Q9V597
A0A1D8PHF5	Q9URX6
A0A5F8MPU3	A0A5F8MPU3
A1KFE4	A1KFE4
A1KFE4	Q83QZ5
P09232	P09232
P09232	P59996
P09232	Q8NBP7
P09232	Q80W65
P0A8E1	P0A8E1
P0A9S3	P0A9S3
P0A9S3	Q97YM2
P0ABX2	P0ABX2
P0ADN2	P0ADN2
P0ADN2	P0ADN4
P0ADN2	P0ADN5
P0AEB7	P0AEB7
P0AF49	P0AF49
P0C7T6	P0C7T6
P0C7T6	P0C7T5
P0C7T6	P54254
P0C7T6	Q63540
P0CG96	P0CG96
P0CG96	P0CG95
P11927	P11927
P16547	P16547
P17893	P17893
P18165	P18165
P20411	P20411
P20411	P20491
P20411	P20963
P20411	P30273
P20411	P24161
P20795	P20795
P21705	P21705
P21882	P21882
P21882	P29401
P21882	Q09171
P21882	P32473
P21882	Q9H0I9
P21882	P50137
P21882	P21953
P21882	Q9D4D4
P21882	P49432
P21882	Q38799
P21882	Q9D051
P21882	P11177
P21882	P51854
P21882	P40142
P21882	O64688
P21882	Q5HGZ0
P21882	Q9LDY2
P21882	O34591
P22224	P22224
P22469	P22469
P22985	P22985
P22985	P47989
P22985	F4JLI5
P22985	Q9Z0U5
P22985	O54754
P22985	Q3TYQ9
P22985	Q5SGK3
P22985	O23888
P22985	Q00519
P22985	Q06278
P22985	Q5QE78
P22985	Q5QE80
P22985	G3X982
P24001	P24001
P25560	P25560
P25560	O15258
P25560	Q9ZPV7
P25560	O48670
P25560	O48671
P25560	Q9ZWI7
P25560	Q498C8
P25560	Q9CQU3
P26901	P26901
P26901	P55308
P26901	O77229
P26901	Q0E4K1
P26901	Q42547
P26901	P78619
P26901	Q5HG86
P26901	Q96528
P26901	Q27487
P26901	P18122
P26901	P18123
P26901	P55306
P26901	O13289
P26901	O61235
P26901	P06115
P26901	P15202
P26901	P25819
P26901	P42234
P26901	Q10S82
P26901	P04040
P26901	Q8Y3P9
P26901	P17336
P26901	P24270
P26901	Q0D9C4
P26901	P04762
P29416	P29416
P29416	P20060
P29416	P07686
P29416	P06865
P29416	Q6AXR4
P32523	P32523
P32767	P32767
P32896	P32896
P33304	P33304
P34111	P34111
P34251	P34251
P34438	P34438
P34758	P34758
P36029	P36029
P36090	P36090
P36532	P36532
P37263	P37263
P37263	Q6AYK5
P37263	O94311
P37263	Q08288
P37527	P37527
P37527	P58262
P37527	Q9C1K6
P37527	O14027
P37527	O80446
P37527	Q4J8L3
P37527	O80448
P37527	P9WII8
P37527	P9WII9
P37527	A1KLV6
P37527	O31618
P37527	Q03148
P37527	C6KT50
P37527	Q5HIF5
P37527	P53824
P37527	P43545
P37808	P37808
P37808	P21281
P37808	P54647
P37808	Q9UWW8
P37808	P11592
P37808	Q8Y4C0
P37808	O23654
P37808	P11593
P37808	P16140
P37808	Q3K1J7
P37808	Q9HT18
P37808	P0ABB0
P37808	P0ABB2
P37808	P0ABB3
P37808	P15313
P37808	Q9XW92
P37808	Q9SZN1
P37808	P49375
P37808	Q19626
P37808	P50516
P37808	P07251
P37808	P35381
P37808	P38606
P37808	P37211
P37808	Q91YH6
P37808	P0C522
P37808	P26526
P37808	Q9XPJ9
P37808	P15999
P37808	P80021
P37808	P17255
P37808	P09932
P37808	Q9XXK1
P37808	P49087
P37808	P05022
P37808	Q5HE95
P37808	P25705
P37808	Q4J8L8
P37808	P12112
P37808	P56757
P37808	P62815
P37808	P62814
P37808	Q0P3K5
P37808	A8ACN8
P37808	P31409
P37808	P31406
P37808	P31411
P37808	Q27331
P37808	Q8YAM8
P37808	P0C2Z6
P37808	P0C2Z5
P37808	P27179
P37808	Q03265
P37808	P11574
P37808	P24487
P37808	P92549
P37808	A4FN29
P38177	P38177
P38236	P38236
P38284	P38284
P38739	P38739
P38838	P38838
P39145	P39145
P39992	P39992
P40043	P40043
P40043	Q59KG2
P40043	P40188
Q06208	Q06208
Q06340	Q06340
Q06639	Q06639
Q07532	Q07532
Q07799	Q07799
Q08634	Q08634
Q09560	Q09560
Q09733	Q09733
Q09EF7	Q09EF7
Q0KK55	Q0KK55
Q0KK55	Q76NI1
Q0PNE2	Q0PNE2
Q0PNE2	B2RYG8
Q10339	Q10339
Q11069	Q11069
Q11069	Q7TQ69
Q11069	Q6UXY8
Q11069	Q7Z5M5
Q11069	Q8TDI7
Q11069	Q8TDI8
Q11069	Q8IU68
Q11069	Q8R4P4
Q11069	Q5M7W4
Q11069	Q7Z402
Q11069	Q7Z403
Q11069	Q32NZ6
Q11069	Q7TN58
Q11069	Q7TN60
Q11069	D3KZG3
Q12140	Q12140
Q12140	P08640
Q12315	Q12315
Q12433	Q12433
Q13278	Q13278
Q13569	Q13569
Q13569	O59825
Q13569	P0A9H1
Q14691	Q14691
Q21175	Q21175
Q2YQA5	Q2YQA5
Q3B7J2	Q3B7J2
Q3B7J2	Q3UHD2
Q3B7J2	Q9NXC2
Q3E793	Q3E793
Q3E793	Q9Y3E2
Q3E793	Q9D8S9
Q68CQ1	Q68CQ1
Q68CQ1	A2AVR2
Q68CQ1	E0CZ22
Q68CQ1	A6NGR9
Q68CQ1	Q8NDA8
Q68CQ1	A2RUW0
Q69CM7	Q69CM7
Q69CM7	Q5SUV2
Q6AYL4	Q6AYL4
Q6AYL4	Q9D0B8
Q6GQU0	Q6GQU0
Q6GQU0	A6NLC5
Q6MG51	Q6MG51
Q6MG51	Q9Z1R4
Q6MG51	O95873
Q6NV72	Q6NV72
Q6NV72	Q9H6R7
Q6PDM1	Q6PDM1
Q6PDM1	P50535
Q6PIJ6	Q6PIJ6
Q6PIJ6	Q8BMI0
Q6RW13	Q6RW13
Q6RW13	Q642A2
Q6RW13	Q9WVK0
Q6UW10	Q6UW10
Q6UX39	Q6UX39
Q6UX39	Q9D3J8
Q6WN19	Q6WN19
Q6WN19	Q6RJR6
Q6WN19	Q8K0T0
Q6WN19	Q64548
Q6WN19	Q9ES97
Q6WN19	O95197
Q6WN19	Q9JK11
Q6WN19	O70622
Q6WN19	O75298
Q6WN19	Q99P72
Q6WN19	Q16799
Q6ZMT9	Q6ZMT9
Q71KT5	Q71KT5
Q71KT5	O76062
Q71KT5	Q9Z2Z8
Q71KT5	Q14739
Q71KT5	P23913
Q71KT5	Q9LDU6
Q71KT5	O08984
Q71KT5	O88455
Q71KT5	Q3U9G9
Q71KT5	Q8MLV1
Q71KT5	Q9UBM7
Q7K550	Q7K550
Q7K550	Q3UGC7
Q7K550	O75822
Q7K550	Q7SXU0
Q7K550	Q66JS6
Q7K550	A0JPM9
Q7K550	Q0ZB73
Q7Z4G1	Q7Z4G1
Q7Z4G1	Q9NX08
Q8N9Y4	Q8N9Y4
Q8N9Y4	A6NEQ2
Q8N9Y4	Q80VF6
Q8NHX9	Q8NHX9
Q8PPR3	Q8PPR3
Q8PPR3	P08397
Q8PPR3	P22907
Q8PPR3	Q5HFA2
Q8PPR3	Q43316
Q8PPR3	Q09899
Q8PPR3	Q8Y6X5
Q8PPR3	P28789
Q8R060	Q8R060
Q8R060	Q9H900
Q8R060	A5WWB6
Q8R060	Q9VA00
Q8R3Q0	Q8R3Q0
Q8R3Q0	Q96BY9
Q8VEJ3	Q8VEJ3
Q8VEJ3	P58294
Q8VEJ3	O94907
Q8VEJ3	Q9UBT3
Q8VEJ3	Q9QXU7
Q8VEJ3	Q9UBU2
Q8VHL0	Q8VHL0
Q8VHL0	P97689
Q8VHL0	Q15849
Q8VHL0	Q13336
Q8VHL0	Q8R4T9
Q8VHL0	Q62668
Q91W89	Q91W89
Q91W89	Q9NTJ4
Q91W89	Q9UT61
Q91W89	P22855
Q92359	Q92359
Q92359	P39016
Q92359	Q09829
Q92359	P25822
Q92359	Q9SS47
Q92359	Q80U58
Q92359	Q8TB72
Q92359	Q9ZW02
Q92359	Q9ZW06
Q92359	Q9ZW07
Q92359	Q1PFN9
Q92359	P47135
Q92359	Q07807
Q92359	Q9C5E7
Q92359	Q9LP21
Q92359	P25339
Q92359	Q9LVC3
Q92359	Q9FIE9
Q92359	Q80U78
Q92359	Q80U78
Q92359	O60059
Q92359	Q9LDW3
Q92359	Q12221
Q92359	Q14671
Q92359	Q9LJX4
Q92359	Q9P789
Q92359	O94462
Q92359	Q2VB19
Q923Z3	Q923Z3
Q923Z3	Q9Y2Z2
Q925J9	Q925J9
Q925J9	Q15648
Q92889	Q92889
Q92889	Q9QZD4
Q93075	Q93075
Q93VM8	Q93VM8
Q95QD7	Q95QD7
Q95QD7	Q571G4
Q95QD7	Q9SL70
Q95QD7	Q08CM4
Q95QD7	A1Z9E2
Q95QD7	Q641Z1
Q95QD7	Q6MZP7
Q95QD7	Q9Y4I5
Q95QD7	Q5XHX9
Q95QD7	F4JIF5
Q95QD7	Q9WTJ6
Q95QD7	Q9SZD1
Q95QD7	Q9LUI3
Q96KW9	Q96KW9
Q9USY4	Q9USY4
Q9UTH0	Q9UTH0
Q9UX10	Q9UX10
Q9V3G6	Q9V3G6
Q9V7H4	Q9V7H4
Q9V7H4	Q3U3D7
Q9VAP2	Q9VAP2
Q9VDE6	Q9VDE6
Q9VDE6	Q8TAG9
Q9VDE6	Q8R313
Q9VDE6	Q18286
Q9VDE6	Q9Y2D4
Q9VDE6	A6H5Z3
Q9VMY9	Q9VMY9
Q9VMY9	Q07729
Q9VMY9	O14057
Q9VMY9	Q9Y2T3
Q9VMY9	Q9R111
Q9VMY9	Q9WTT6
Q9VRM7	Q9VRM7
Q9WVR8	Q9WVR8
Q9Y247	Q9Y247
Q9Y247	Q8H110
Q9Y247	Q9VAY7
Q9Y247	Q9WV03
Q9Y247	Q18691
Q9Y247	Q14320
Q9Y247	Q9WTJ8
Q9Y5U9	Q9Y5U9
Q9Y5U9	Q3E834
Q9Y7Y1	Q9Y7Y1
A0JLY1	A0JLY1
A0JLY1	Q0VFZ6
A1E959	A1E959
A6NEH8	A6NEH8
P0C147	P0C147
P0CW27	P0CW27
P0DH85	P0DH85
P0DH85	O23076
P0DH85	Q3E9T2
P0DH85	P0CAP3
P0DPD9	P0DPD9
P0DPD9	P0DPD9
P0DPD9	P78562
P0DPD9	Q8T062
P0DPD9	Q9JLI3
P0DPD9	B2RQR8
P0DPD9	P23276
P0DPD9	Q91YR5
P0DPD9	O95672
P0DPD9	P0DPD8
P0DPD9	Q61391
P0DPD9	P0DPD7
P0DPD9	P0DPE0
P0DPD9	P0DPE0
P0DPD9	Q8N6R0
P0DPD9	O16796
P0DPD9	P0C1T0
P0DPD9	P42892
P0DPD9	Q495T6
P0DPD9	P08473
P0DPD9	Q4PZA2
P0DPD9	Q9JMI0
P0DPD9	P07861
P0DPD9	A0A0B4K692
P0DPD9	Q9JHL3
P0DPD9	P70669
P10867	P10867
P10867	P9WIT3
P10867	P9WIT2
P10867	Q9HDX8
P10867	P54783
P14330	P14330
P25630	P25630
P26310	P26310
P32584	P32584
P32584	Q9EQK7
P40076	P40076
P40992	P40992
P41884	P41884
P42900	P42900
P47802	P47802
P53217	P53217
P53900	P53900
P53900	Q9M4B5
P53900	Q9VRL3
P53900	Q9NQP4
P54658	P54658
P56786	P56786
P78621	P78621
P82726	P82726
Q01501	Q01501
Q9BRT6	Q9BRT6
Q9BRT6	Q9D945
Q9C992	Q9C992
Q9C992	Q9FH27
Q9C992	Q38860
Q9C992	Q9LQP8
Q9C992	Q9MAM3
Q9C992	Q9SYZ0
Q9C992	O65677
Q9C992	Q9SIX1
Q9CZD5	Q9CZD5
Q9CZD5	Q9H2K0
Q9D3W1	Q9D3W1
Q9D3W1	Q9UHP6
Q9D7V9	Q9D7V9
Q9D7V9	Q9WV54
Q9D7V9	Q13510
Q9DA77	Q9DA77
Q9FG00	Q9FG00
Q9FG00	Q5BKX6
Q9FG00	Q9C8X2
Q9FG00	Q10R54
Q9FG00	P58355
Q9FG00	O14091
Q9FG00	Q0ILJ3
Q9FG00	Q9UMX9
Q9FG00	Q0P5V9
Q9FG00	Q39232
Q9FG00	Q8BIV7
Q9FG00	A2X6E6
Q9FGM1	Q9FGM1
Q9FGM1	O80920
Q9FGM1	Q9SSM7
Q9FGM1	Q9FLB1
Q9FGM1	O49686
Q9FIA9	Q9FIA9
Q9FJF4	Q9FJF4
Q9FK13	Q9FK13
Q9FK13	Q9XII1
Q9FL44	Q9FL44
Q9FYL8	Q9FYL8
Q9LFD5	Q9LFD5
Q9LK90	Q9LK90
Q9LK90	Q8K2X1
Q9LK90	Q10309
Q9LK90	Q9SAF5
Q9LK90	O94296
Q9LK90	A3FIN4
Q9LK90	O60312
Q9LK90	Q9SX33
Q9LK90	Q12674
Q9LK90	Q9U280
Q9LK90	P39524
Q9LK90	Q12675
Q9LK90	Q9P241
Q9LK90	Q9QZW0
Q9LK90	P98195
Q9LK90	P98196
Q9LK90	P98197
Q9LK90	Q9LI83
Q9LK90	P98198
Q9LK90	P98199
Q9LK90	Q9SGG3
Q9LK90	P98200
Q9LK90	Q9LNQ4
Q9LK90	Q148W0
Q9LK90	P98204
Q9LK90	P98205
Q9LK90	D4AA47
Q9LK90	O43861
Q9LK90	Q9UT43
Q9LK90	B1AWN4
Q9LK90	Q9SLK6
Q9LK90	Q09891
Q9LK90	O60423
Q9LK90	P70704
Q9LK90	O75110
Q9LK90	O94823
Q9LK90	P32660
Q9LK90	O54827
Q9LK90	P40527
Q9LK90	O70228
Q9LK90	P57792
Q9LK90	O43520
Q9LK90	Q9XIE6
Q9LK90	Q6DFW5
Q9LK90	Q8TF62
Q9LK90	Q9NTI2
Q9LK90	Q9Y2G3
Q9LK90	Q9LVK9
Q9LME8	Q9LME8
Q9LME8	Q9FI96
Q9LME8	Q9SKC1
Q9LME8	Q9ZVX4
Q9LME8	Q9SK82
Q9LME8	Q9FI97
Q9LME8	Q9SKC5
Q9LME8	Q9ZVY5
Q9LME8	Q9FI98
Q9LME8	Q9SNB0
Q9LME8	Q9T080
Q9LME8	Q9C768
Q9LME8	Q9FIA0
Q9LME8	Q9LTH2
Q9LME8	Q9LMF0
Q9LME8	Q9LTH3
Q9LME8	Q9ZQ94
Q9LME8	B4G072
Q9LME8	Q9LMF1
Q9LME8	Q9LSY5
Q9LME8	Q9ZU72
Q9LME8	Q9C9B0
Q9LME8	Q9LSY9
Q9LME8	Q9LSY6
Q9LME8	Q94A84
Q9LME8	O22820
Q9LME8	Q9LZD8
Q9LME8	Q9LFJ8
Q9LME8	Q9LS16
Q9LME8	Q9ZQG4
Q9LME8	Q9LFJ9
Q9LME8	Q9LS21
Q9LME8	Q94AB5
Q9LME8	Q9LFK0
Q9LME8	Q9LR44
Q9LME8	Q9LXV0
Q9LME8	O48676
Q9LME8	Q9STE3
Q9LME8	Q9LML6
Q9LME8	Q9STE6
Q9LME8	Q93XP7
Q9LME8	Q9LJA6
Q9LME8	Q9LML7
Q9LME8	Q9SYK9
Q9LME8	A0A096SRM5
Q9LME8	O82385
Q9LME8	Q9ZWJ3
Q9LNQ1	Q9LNQ1
Q9LNQ1	Q9S837
Q9LNQ1	Q38820
Q9LPT6	Q9LPT6
Q9LPT6	Q5VVQ6
Q9LPT6	P43558
Q9LPT6	Q32Q05
P15972	P15972
P25659	P25659
P34445	P34445
P34445	Q8K221
P34445	P53365
P34445	Q6AY65
P34445	Q9JHU5
P34445	G5E8V9
P34445	P53367
P38256	P38256
P38872	P38872
P39721	P39721
P49765	P49765
P49765	P15692
P49765	P01127
P49765	P97946
P49765	Q00731
P49765	O43915
P49765	P28576
P49765	P31240
P49765	P04085
P49765	P97953
P49765	O35251
P49765	P49763
P49765	P16612
P49765	P49767
P53260	P53260
P53956	P53956
O53509	O53509
O54917	O54917
O54917	D4A4D7
O54917	Q8R0K9
O54917	O77051
O54917	Q16254
O54917	Q96AV8
O54917	Q9FNY0
O54917	Q9FV70
O54917	P56931
O54917	Q9FV71
O54917	Q15329
O54917	F1LMN3
O54917	A0AVK6
O54917	Q14209
O54917	Q6S7F2
O54917	O09139
O54917	O75461
O54917	Q58FA4
O54917	O35261
O54917	O00716
O54917	Q01094
O54917	Q27368
O54917	Q61501
O54917	Q61502
O54917	F1QZ88
O59705	O59705
O60894	O60894
O74443	O74443
O74443	P28003
O74443	Q99326
O74443	O13719
O75845	O75845
O75845	Q96IV6
O75845	O88822
O75845	Q15800
O88544	O88544
O88544	Q9BT78
O88544	Q68FS2
O88544	Q9V345
O88544	Q9N359
O94396	O94396
O94396	P31115
O94396	Q9JI38
O94396	Q12211
O94396	Q9UTB3
O94396	Q9BZE2
O94396	Q4KM92
O94396	Q9WU56
O94396	Q9Y606
O94396	O22928
O94522	O94522
O94522	P32832
O94522	P43554
O94522	O74792
P01225	P01225
P01225	A6NKQ9
P01225	P01229
P01225	P0DN86
P01225	P0DN87
P01225	P0DN87
P03264	P03264
P04990	P04990
P04990	Q9S7B5
P05533	P05533
P05533	P0DP60
P05533	Q17RY6
P05533	Q63317
P05533	O94772
P05533	P35459
P05533	P35460
P05533	Q99445
P05533	P0DP58
P05533	Q14210
P08468	P08468
P09119	P09119
P43619	P43619
P43619	Q5I0M2
P43619	P30011
P43619	Q91X91
P43619	Q15274
P45905	P45905
P46676	P46676
P47041	P47041
P47041	P38346
P47159	P47159
P48239	P48239
P49429	P49429
P49429	P32754
P49429	P32755
P49429	P93836
P49429	Q96X22
P50537	P50537
P53109	P53109
P53109	Q12209
P53159	P53159
P53226	P53226
P53226	P41698
P53278	P53278
P53748	P53748
P53847	P53847
P53948	P53948
P54390	P54390
P55342	P55342
P60059	P60059
P60059	Q19967
P60059	P35179
P60487	P60487
P60487	A6NDG6
P60487	P0AF25
P60487	P0AF24
P60487	Q96GD0
P60487	Q8CHP8
P60487	D3ZDK7
P60487	P19881
P60487	P0DKC3
P60487	P0DKC4
P61924	P61924
P61924	O74891
P61924	Q9MAX5
P61924	P53600
P61924	Q9P299
P64469	P64469
P64469	P0ACE6
P64469	P0ACE5
P67870	P67870
P67870	P67871
P67870	P67874
P67870	O80507
P67870	P08182
P67870	P38930
P67870	O81275
P67870	P43639
P75694	P75694
P77504	P77504
P82347	P82347
P82347	Q13326
P82347	Q96LD1
P82347	P82348
P90970	P90970
P94364	P94364
P94364	P0ABK1
P94364	P0ABJ9
P96076	P96076
P9WJX5	P9WJX5
P9WKM1	P9WKM1
P9WN47	P9WN47
Q00005	Q00005
Q00005	Q6ZWR4
Q00005	Q00362
Q00005	Q66LE6
Q00005	Q925E7
Q00005	Q12702
Q00005	P36876
Q00005	Q6P1F6
Q00005	P36877
Q00005	P56932
Q00005	P97888
Q00005	Q9Y2T4
Q00005	G5EDR3
Q00005	Q38821
Q00005	Q39247
Q00005	Q0E2P1
Q00764	Q00764
Q00764	Q94AH8
Q00764	Q9T079
Q00764	O80738
Q00764	Q0WUI9
Q00764	Q9LMI0
Q00764	Q9SHG0
Q00764	O23617
Q00764	Q9UUI7
Q00764	P40387
Q00764	Q9FZ57
Q00764	P31688
Q00764	P38426
Q00764	Q9SYM4
Q00764	Q9ZV48
Q00764	P38427
Q00764	O14145
Q00764	Q9LRA7
Q00764	O14081
Q02209	Q02209
Q02864	Q02864
Q04228	Q04228
Q04429	Q04429
Q04429	P25579
Q04631	Q04631
Q04631	P49354
Q04631	Q61239
Q04869	Q04869
Q04991	Q04991
Q04991	A2AVZ9
Q04991	Q8CGA3
Q04991	Q8BSM7
Q04991	O75387
Q04991	Q8NBI5
Q05541	Q05541
Q05788	Q05788
Q05788	P46354
Q05788	Q07938
Q05788	P00491
Q05788	P23492
Q05788	P85973
Q05788	Q9CQ65
Q05788	P0DJF8
Q05788	Q13126
Q05788	Q9UTG1
Q06150	Q06150
Q06247	Q06247
P02381	P02381
P09466	P09466
P0C2C1	P0C2C1
P0C2C1	Q9D7N6
P0C2C1	Q8TCC3
P0C7T8	P0C7T8
P0CH98	P0CH98
P0CH98	Q4KMX7
P11930	P11930
P11930	A8MXV4
P18181	P18181
P18181	Q07763
P18181	P09326
P18181	Q9BZW8
P28007	P28007
P28007	Q9TYK1
P28007	Q9NY12
P28662	P28662
P28662	O95415
P36066	P36066
P36066	Q04472
P36523	P36523
P38343	P38343
P38887	P38887
P46313	P46313
P46955	P46955
P46955	P53616
P46955	P40472
P46955	P36135
P47153	P47153
P50524	P50524
P50524	Q9CX56
P50524	P48556
P50524	P32496
P55099	P55099
P55099	Q9UHF0
P57054	P57054
P62502	P62502
P78825	P78825
P78825	Q9SF85
P78825	P47143
P78825	Q9LZG0
P78825	Q64640
P78825	P55263
P78825	P55264
A0PJX2	A0PJX2
A0PJX2	Q8K0P3
A0PJX2	A2ACG1
A0PJX2	Q6P9B6
A0PJX2	Q08952
A0PJX2	Q8NI08
A0PJX2	Q4V8B0
A0PJX2	Q6DFV7
A0PJX2	Q5AEM5
A1KJR4	A1KJR4
A1KJR4	O64700
A1KPS2	A1KPS2
A1L4Q6	A1L4Q6
A2ADZ8	A2ADZ8
A6NDX5	A6NDX5
A6NDX5	A0A075B767
A6NDX5	A0A0A6YYC5
A6NDX5	A0A0G2K1Q8
A6NDX5	A0A1P8ASY1
A6NDX5	A1L1L3
A6NDX5	A2A2Z9
A6NDX5	A2RRU3
A6NDX5	A2VEY9
A6NDX5	A6H619
A6NDX5	A6NDA9
A6NDX5	A6NFN9
A6NDX5	A6NI72
A6NDX5	A6QGC0
A6NDX5	A7E3S4
A6NDX5	A8DYE2
A6NDX5	A8MTJ6
A6NDX5	B1AJZ9
A6NDX5	B2RQC2
A6NDX5	B2RXF5
A6NDX5	B7ZR30
A6NDX5	C0LGK4
A6NDX5	D3ZHP7
A6NDX5	D4PHA7
A6NDX5	E9PYQ0
A6NDX5	E9Q557
A6NDX5	F1M3J4
A6NDX5	G5EC77
A6NDX5	G5EET6
A6NDX5	G5EGS3
A6NDX5	I6X8D2
A6NDX5	O00124
A6NDX5	O00222
A6NDX5	O00505
A6NDX5	O08863
A6NDX5	O09030
A6NDX5	O13821
A6NDX5	O14514
A6NDX5	O14638
A6NDX5	O15020
A6NDX5	O15232
A6NDX5	O15354
A6NDX5	O15553
A6NDX5	O35033
A6NDX5	O35303
A6NDX5	O43125
A6NDX5	O43255
A6NDX5	O43390
A6NDX5	O43526
A6NDX5	O43929
A6NDX5	O45734
A6NDX5	O54834
A6NDX5	O54960
A6NDX5	O55098
A6NDX5	O59761
A6NDX5	O60103
A6NDX5	O60224
A6NDX5	O60306
A6NDX5	O60479
A6NDX5	O60656
A6NDX5	O61307
A6NDX5	O70167
A6NDX5	O74399
A6NDX5	O74755
A6NDX5	O74863
A6NDX5	O75129
A6NDX5	O75417
A6NDX5	O75521
A6NDX5	O75626
A6NDX5	O75800
A6NDX5	O76511
A6NDX5	O82302
A6NDX5	O88952
A6NDX5	Q9NUP9
A6NDX5	Q792I0
A6NDX5	O89091
A6NDX5	O94294
A6NDX5	O94609
A6NDX5	O94851
A6NDX5	O94983
A6NDX5	O95633
A6NDX5	O95789
A6NDX5	P00184
A6NDX5	P00757
A6NDX5	P01119
A6NDX5	P01900
A6NDX5	P03940
A6NDX5	P04197
A6NDX5	P04908
A6NDX5	Q8CGP5
A6NDX5	Q8CGP7
A6NDX5	C0HKE1
A6NDX5	P0C170
A6NDX5	C0HKE2
A6NDX5	C0HKE3
A6NDX5	C0HKE1
A6NDX5	C0HKE4
A6NDX5	C0HKE2
A6NDX5	C0HKE5
A6NDX5	P20671
A6NDX5	C0HKE3
A6NDX5	C0HKE6
A6NDX5	C0HKE4
A6NDX5	C0HKE7
A6NDX5	Q4FZT6
A6NDX5	C0HKE5
A6NDX5	C0HKE8
A6NDX5	Q8BFU2
A6NDX5	C0HKE6
A6NDX5	C0HKE9
A6NDX5	C0HKE7
A6NDX5	C0HKE8
A6NDX5	C0HKE9
A6NDX5	Q7L7L0
A6NDX5	P05178
A6NDX5	P05937
A6NDX5	P06242
A6NDX5	P07213
A6NDX5	P07451
A6NDX5	P07722
A6NDX5	P08151
A6NDX5	P09065
A6NDX5	P09208
A6NDX5	P09624
A6NDX5	P0A2D9
A6NDX5	P0A9P3
A6NDX5	P0A9P0
A6NDX5	P0A9P2
A6NDX5	P0C0R5
A6NDX5	P0CG49
A6NDX5	P0CG51
A6NDX5	P0CG49
A6NDX5	P0DP31
A6NDX5	P0DP25
A6NDX5	P0DP23
A6NDX5	P0DP26
A6NDX5	P0DP24
A6NDX5	P0DP27
A6NDX5	P0DP25
A6NDX5	P0DP28
A6NDX5	P0DP26
A6NDX5	P0DP29
A6NDX5	P0DP27
A6NDX5	P0DP30
A6NDX5	P0DP28
A6NDX5	P0DP31
A6NDX5	P0DP29
A6NDX5	P0DP30
A6NDX5	P10073
A6NDX5	P10301
A6NDX5	P10613
A6NDX5	P10721
A6NDX5	P12370
A6NDX5	P12866
A6NDX5	P13489
A6NDX5	P14105
A6NDX5	P14649
A6NDX5	P15624
A6NDX5	P16499
A6NDX5	P17028
A6NDX5	P17655
A6NDX5	P18475
A6NDX5	P19174
A6NDX5	P19426
A6NDX5	P20151
A6NDX5	P20942
A6NDX5	P21854
A6NDX5	P22894
A6NDX5	P23437
A6NDX5	P23573
A6NDX5	P23966
A6NDX5	P24280
A6NDX5	P24530
A6NDX5	P25294
A6NDX5	P26012
A6NDX5	P26309
A6NDX5	P26817
A6NDX5	P27206
A6NDX5	P27705
A6NDX5	P27986
A6NDX5	P28191
A6NDX5	P28357
A6NDX5	P28651
A6NDX5	P29400
A6NDX5	P31321
A6NDX5	P31422
A6NDX5	P31808
A6NDX5	P32314
A6NDX5	P32368
A6NDX5	P32589
A6NDX5	P32805
A6NDX5	P33297
A6NDX5	P33748
A6NDX5	P34600
A6NDX5	P34722
A6NDX5	P35351
A6NDX5	P35579
A6NDX5	P35710
A6NDX5	P36076
A6NDX5	P36508
A6NDX5	P38827
A6NDX5	P39517
A6NDX5	P40161
A6NDX5	P40235
A6NDX5	P40994
A6NDX5	P41272
A6NDX5	P41696
A6NDX5	P41877
A6NDX5	P42125
A6NDX5	P42836
A6NDX5	P43125
A6NDX5	P43293
A6NDX5	P43527
A6NDX5	P43593
A6NDX5	P45983
A6NDX5	P46323
A6NDX5	P46735
A6NDX5	P47876
A6NDX5	P48365
A6NDX5	P48730
A6NDX5	Q06486
A6NDX5	Q9DC28
A6NDX5	P51150
A6NDX5	P09527
A6NDX5	P51149
A6NDX5	P51511
A6NDX5	P52732
A6NDX5	P53076
A6NDX5	P53131
A6NDX5	P53196
A6NDX5	P53866
A6NDX5	P54735
A6NDX5	P54829
A6NDX5	P55281
A6NDX5	P57105
A6NDX5	P58546
A6NDX5	P62774
A6NDX5	P62775
A6NDX5	P59044
A6NDX5	P59326
A6NDX5	P59823
A6NDX5	P60710
A6NDX5	P60711
A6NDX5	P60712
A6NDX5	P60709
A6NDX5	P62196
A6NDX5	P62198
A6NDX5	P62195
A6NDX5	P62834
A6NDX5	P62835
A6NDX5	P62836
A6NDX5	P62979
A6NDX5	P62982
A6NDX5	P62983
A6NDX5	P62983
A6NDX5	P70338
A6NDX5	P70451
A6NDX5	P78364
A6NDX5	P79065
A6NDX5	P87058
A6NDX5	P92966
A6NDX5	P96686
A6NDX5	P97347
A6NDX5	P97504
A6NDX5	P97679
A6NDX5	P97814
A6NDX5	P98174
A6NDX5	P9WJH7
A6NDX5	A1KLE1
A6NDX5	P9WJH6
A6NDX5	Q01853
A6NDX5	P46462
A6NDX5	P55072
A6NDX5	Q02325
A6NDX5	Q02788
A6NDX5	Q03289
A6NDX5	Q03973
A6NDX5	Q04J43
A6NDX5	Q05022
A6NDX5	Q05652
A6NDX5	Q05996
A6NDX5	Q06AT9
A6NDX5	Q07243
A6NDX5	Q07687
A6NDX5	Q08109
A6NDX5	Q09170
A6NDX5	Q09717
A6NDX5	Q0KHQ5
A6NDX5	Q0WNR6
A6NDX5	Q10024
A6NDX5	Q12017
A6NDX5	Q12236
A6NDX5	Q12523
A6NDX5	Q12913
A6NDX5	Q13151
A6NDX5	Q13258
A6NDX5	Q13547
A6NDX5	Q4QQW4
A6NDX5	O09106
A6NDX5	Q32PJ8
A6NDX5	Q13641
A6NDX5	Q13873
A6NDX5	Q14103
A6NDX5	Q14183
A6NDX5	Q14563
A6NDX5	Q14681
A6NDX5	Q14831
A6NDX5	Q15612
A6NDX5	Q15831
A6NDX5	Q16549
A6NDX5	Q16816
A6NDX5	Q1PDV6
A6NDX5	Q20498
A6NDX5	Q21734
A6NDX5	Q23551
A6NDX5	Q24174
A6NDX5	Q24498
A6NDX5	Q27421
A6NDX5	Q2EY15
A6NDX5	Q2LC84
A6NDX5	Q2QGD7
A6NDX5	Q2TL60
A6NDX5	Q38873
A6NDX5	Q3MJ13
A6NDX5	Q3THE2
A6NDX5	P18666
A6NDX5	Q3UG20
A6NDX5	Q3URR7
A6NDX5	Q3UYR4
A6NDX5	Q3ZAV8
A6NDX5	Q42404
A6NDX5	Q4KLL5
A6NDX5	Q4V7C7
A6NDX5	P61158
A6NDX5	Q99JY9
A6NDX5	Q50365
A6NDX5	Q53GG5
A6NDX5	Q562A2
A6NDX5	Q569Z5
A6NDX5	Q5A7Q6
A6NDX5	Q5AL52
A6NDX5	Q5BK81
A6NDX5	Q5FVQ9
A6NDX5	Q5PP37
A6NDX5	Q5QGZ9
A6NDX5	Q5S007
A6NDX5	Q5T2T1
A6NDX5	Q5U2M6
A6NDX5	Q5VV63
A6NDX5	Q5XI29
A6NDX5	Q5XIN1
A6NDX5	Q61116
A6NDX5	Q62181
A6NDX5	Q62315
A6NDX5	Q62671
A6NDX5	Q62784
A6NDX5	Q63041
A6NDX5	Q63269
A6NDX5	Q63768
A6NDX5	Q64010
A6NDX5	P46108
A6NDX5	Q64151
A6NDX5	Q64368
A6NDX5	Q64523
A6NDX5	A1A4R1
A6NDX5	Q16777
A6NDX5	Q64702
A6NDX5	Q66K08
A6NDX5	Q68BL8
A6NDX5	Q68SA9
A6NDX5	Q6A085
A6NDX5	Q6GQQ9
A6NDX5	Q6P5E6
A6NDX5	Q6PL18
A6NDX5	Q6URW6
A6NDX5	Q6XZF7
A6NDX5	Q6ZQM8
A6NDX5	Q6ZW76
A6NDX5	Q767I8
A6NDX5	Q78Y63
A6NDX5	Q7L8S5
A6NDX5	Q7TN84
A6NDX5	Q7TSZ8
A6NDX5	Q7YU29
A6NDX5	Q7Z3E1
A6NDX5	Q7Z449
A6NDX5	Q7Z5J4
A6NDX5	Q7Z6J4
A6NDX5	Q80TL0
A6NDX5	Q80U49
A6NDX5	Q80VL1
A6NDX5	Q80X41
A6NDX5	Q810B9
A6NDX5	Q86VD1
A6NDX5	Q86VZ2
A6NDX5	Q86WT6
A6NDX5	Q86XJ1
A6NDX5	Q86YW0
A6NDX5	Q8BGA8
A6NDX5	Q8BGN3
A6NDX5	Q8BHH2
A6NDX5	Q8BHZ4
A6NDX5	Q8BL48
A6NDX5	Q8BLS7
A6NDX5	Q8BNJ2
A6NDX5	Q8BPY9
A6NDX5	Q8BU11
A6NDX5	Q8BVU0
A6NDX5	Q8BZ98
A6NDX5	Q8C0D4
A6NDX5	Q8C6M1
A6NDX5	Q8C863
A6NDX5	Q8CF60
A6NDX5	Q8CJH2
A6NDX5	Q8I7C3
A6NDX5	Q8IPW2
A6NDX5	Q8IUG5
A6NDX5	Q8IV45
A6NDX5	Q8IVP9
A6NDX5	Q8K0L3
A6NDX5	Q8K1Y2
A6NDX5	Q8K2C8
A6NDX5	Q8K3E7
A6NDX5	Q8K4K2
A6NDX5	Q8K5B8
A6NDX5	Q8MQ70
A6NDX5	Q8N0Y2
A6NDX5	Q8N184
A6NDX5	Q8N393
A6NDX5	Q8N441
A6NDX5	Q8N4W9
A6NDX5	Q8N961
A6NDX5	Q8N9V2
A6NDX5	Q8NFD2
A6NDX5	Q8NGI7
A6NDX5	Q8NGZ4
A6NDX5	Q8R179
A6NDX5	Q8R4B8
A6NDX5	Q8RXC8
A6NDX5	Q8T053
A6NDX5	Q8TBZ8
A6NDX5	Q8TF65
A6NDX5	Q8VCH0
A6NDX5	Q8VE11
A6NDX5	Q8VEE1
A6NDX5	Q8WVB6
A6NDX5	Q8WW36
A6NDX5	Q8WWY7
A6NDX5	Q91V87
A6NDX5	Q91W64
A6NDX5	Q91ZA3
A6NDX5	Q91ZW1
A6NDX5	Q920N7
A6NDX5	Q921J2
A6NDX5	Q925G1
A6NDX5	Q92633
A6NDX5	Q92781
A6NDX5	Q93841
A6NDX5	Q940H6
A6NDX5	Q95ND5
A6NDX5	Q969J2
A6NDX5	Q969V5
A6NDX5	Q96BM1
A6NDX5	Q96C24
A6NDX5	Q96DN2
A6NDX5	Q96G74
A6NDX5	Q96IV0
A6NDX5	Q96KS0
A6NDX5	Q96N20
A6NDX5	Q96NR8
A6NDX5	Q96PU8
A6NDX5	Q91XU1
A6NDX5	Q9QYS9
A6NDX5	Q96RI8
A6NDX5	Q96S59
A6NDX5	Q97EH5
A6NDX5	Q99418
A6NDX5	Q99661
A6NDX5	Q99755
A6NDX5	Q99943
A6NDX5	Q99J79
A6NDX5	Q99K90
A6NDX5	Q99KW3
A6NDX5	Q99M15
A6NDX5	Q9BPV8
A6NDX5	Q9BR61
A6NDX5	Q9BSF8
A6NDX5	Q9BW62
A6NDX5	Q9BYX7
A6NDX5	Q9BZZ2
A6NDX5	Q9C0D4
A6NDX5	Q9CR86
A6NDX5	Q9CWR8
A6NDX5	Q9CX97
A6NDX5	Q9D0D3
A6NDX5	Q9D0R9
A6NDX5	Q9D1J3
A6NDX5	Q9D2H6
A6NDX5	Q9D394
A6NDX5	Q9D8T7
A6NDX5	Q9D9B4
A6NDX5	Q9DGE2
A6NDX5	Q9EQB9
A6NDX5	Q9EQS9
A6NDX5	Q9ERA6
A6NDX5	Q9ERS4
A6NDX5	Q9ES67
A6NDX5	Q9FIL7
A6NDX5	Q9FVJ3
A6NDX5	Q9H0E9
A6NDX5	Q9H228
A6NDX5	Q9H347
A6NDX5	Q9H4I2
A6NDX5	Q9H6K1
A6NDX5	Q9H8M9
A6NDX5	Q9H9A7
A6NDX5	Q9HBI0
A6NDX5	Q9HC58
A6NDX5	Q9HD43
A6NDX5	Q9HGN5
A6NDX5	Q9JIH7
A6NDX5	Q9JIW9
A6NDX5	Q9JK84
A6NDX5	Q9JKR6
A6NDX5	Q9JMC3
A6NDX5	Q9LH89
A6NDX5	Q9LK62
A6NDX5	Q9LRP3
A6NDX5	Q9M354
A6NDX5	Q9NIV1
A6NDX5	Q9NP85
A6NDX5	Q9NPG4
A6NDX5	Q9NQ69
A6NDX5	Q9NR46
A6NDX5	Q9NS91
A6NDX5	Q9P2E3
A6NDX5	Q9P2P6
A6NDX5	Q9P6H9
A6NDX5	Q9P7A1
A6NDX5	Q9P7S5
A6NDX5	Q9QW07
A6NDX5	Q9QXD8
A6NDX5	Q9QXT5
A6NDX5	Q9QY42
A6NDX5	Q9QYY8
A6NDX5	Q9QZS5
A6NDX5	Q9R085
A6NDX5	Q9R189
A6NDX5	Q9SB48
A6NDX5	Q9SS31
A6NDX5	Q9SVW8
A6NDX5	Q9UBB9
A6NDX5	Q9UBV8
A6NDX5	Q9UHC1
A6NDX5	Q9UIE0
A6NDX5	Q9UJA9
A6NDX5	Q9UKB3
A6NDX5	Q9UKQ9
A6NDX5	Q9ULD8
A6NDX5	Q9UMF0
A6NDX5	Q9UNA0
A6NDX5	Q9UTB8
A6NDX5	Q9UUD0
A6NDX5	Q9VC45
A6NDX5	Q9VEX6
A6NDX5	Q9VMJ7
A6NDX5	Q9VT00
A6NDX5	Q9VYY3
A6NDX5	Q9WTL2
A6NDX5	Q9WTV7
A6NDX5	Q9WU70
A6NDX5	Q9WVC6
A6NDX5	Q9XIE1
A6NDX5	Q9Y237
A6NDX5	Q9Y2G7
A6NDX5	Q9Y2Y9
A6NDX5	Q9Y3M8
A6NDX5	Q9Y4B4
A6NDX5	Q9Y5E2
A6NDX5	Q9Y5H8
A6NDX5	Q9Y5S8
A6NDX5	Q9Y614
A6NDX5	Q9Y6C2
A6NDX5	Q9Y6M0
A6NDX5	Q9Y6X5
A6NDX5	Q9Z0G0
A6NDX5	Q9Z1F9
A6NDX5	Q9Z2D0
A6NDX5	Q9Z2M4
A6NDX5	A2CI35
A6NDX5	A5DQN2
A6NDX5	A6NH00
A6NDX5	A7TT46
A6NDX5	B0BNE4
A6NDX5	C0H4W3
A6NDX5	C0LGG4
A6NDX5	D3ZKX9
A6NDX5	F1R237
A6NDX5	F4HXP9
A6NDX5	F4INA9
A6NDX5	F4IXE7
A6NDX5	F4JEQ2
A6NDX5	F4JKB6
A6NDX5	F4JWB3
A6NDX5	F4KAU9
A6NDX5	F4KHH8
A6NDX5	G4N137
A6NDX5	G5EB89
A6NDX5	H9JIQ1
A6NDX5	O04310
A6NDX5	O08858
A6NDX5	O13606
A6NDX5	O14326
A6NDX5	O14944
A6NDX5	O24617
A6NDX5	O42934
A6NDX5	O48772
A6NDX5	O49325
A6NDX5	O64763
A6NDX5	O65590
A6NDX5	O80742
A6NDX5	O82484
A6NDX5	P00746
A6NDX5	P01854
A6NDX5	P02830
A6NDX5	P04258
A6NDX5	P05934
A6NDX5	P07934
A6NDX5	P0C0S7
A6NDX5	P0C0S5
A6NDX5	P0C0S6
A6NDX5	P0C895
A6NDX5	P0CD62
A6NDX5	P0CG78
A6NDX5	P0CY31
A6NDX5	P14797
A6NDX5	P17945
A6NDX5	P19488
A6NDX5	P22887
A6NDX5	P25469
A6NDX5	P26262
A6NDX5	P30730
A6NDX5	P31674
A6NDX5	P32390
A6NDX5	P34101
A6NDX5	P35815
A6NDX5	P36627
A6NDX5	P42527
A6NDX5	P43300
A6NDX5	P45891
A6NDX5	P46605
A6NDX5	P48039
A6NDX5	P48641
A6NDX5	P50233
A6NDX5	P59233
A6NDX5	P60008
A6NDX5	P61107
A6NDX5	P61106
A6NDX5	Q91V41
A6NDX5	P63258
A6NDX5	P63259
A6NDX5	P63260
A6NDX5	P63261
A6NDX5	P93028
A6NDX5	Q00453
A6NDX5	Q01371
A6NDX5	Q03401
A6NDX5	Q05090
A6NDX5	Q0DA50
A6NDX5	Q0WT48
A6NDX5	Q0ZUP1
A6NDX5	Q10E64
A6NDX5	Q10NQ3
A6NDX5	Q14213
A6NDX5	Q17430
A6NDX5	Q1LUT1
A6NDX5	Q1PFB9
A6NDX5	Q26613
A6NDX5	Q2QM77
A6NDX5	Q2VPA4
A6NDX5	Q38830
A6NDX5	Q38Q40
A6NDX5	Q3SXC5
A6NDX5	Q3UQ41
A6NDX5	Q499N5
A6NDX5	Q8CHG3
A6NDX5	P00524
A6NDX5	P0DTE4
A6NDX5	Q63HN8
A6NDX5	Q63HN8
A6NDX5	Q93W34
A6NDX5	Q94A38
A6NDX5	Q94BV5
A6NDX5	Q94CU5
A6NDX5	Q96283
A6NDX5	Q96JB8
A6NDX5	Q99678
A6NDX5	Q99KJ5
A6NDX5	Q9BR09
A6NDX5	Q9C6A8
A6NDX5	Q9C7S5
A6NDX5	Q9C8G9
A6NDX5	Q9CA61
A6NDX5	Q9CWD8
A6NDX5	Q9DE25
A6NDX5	Q9FFW7
A6NDX5	Q9FJ95
A6NDX5	Q9FKG6
A6NDX5	Q9FL12
A6NDX5	Q9FM96
A6NDX5	Q9FNQ4
A6NDX5	Q9FQ24
A6NDX5	Q9FUY7
A6NDX5	Q9FWS1
A6NDX5	Q9GZN4
A6NDX5	Q9H210
A6NDX5	Q9H4P4
A6NDX5	Q9HFS7
A6NDX5	Q9JI03
A6NDX5	Q9LFA2
A6NDX5	Q9LJI2
A6NDX5	Q9LRR6
A6NDX5	Q9LUJ1
A6NDX5	Q9LV28
A6NDX5	Q9LVM1
A6NDX5	Q9M2F9
A6NDX5	Q9M310
A6NDX5	Q9M9H7
A6NDX5	Q9MAG5
A6NDX5	Q9NPA2
A6NDX5	Q9SB64
A6NDX5	Q9SD12
A6NDX5	Q9SF12
A6NDX5	Q9SG10
A6NDX5	Q9SJQ1
A6NDX5	Q9SKB7
A6NDX5	Q9SRE6
A6NDX5	Q9SSL9
A6NDX5	Q9STL2
A6NDX5	Q9SUT8
A6NDX5	Q9SY17
A6NDX5	Q9SZH4
A6NDX5	Q9TXH9
A6NDX5	Q9UTG2
A6NDX5	Q9VM64
A6NDX5	Q9W6A5
A6NDX5	Q9XED8
A6NDX5	Q9XIG1
A6NDX5	Q9Y2U9
A6NDX5	Q9Z0M3
A6NDX5	Q9ZU34
A6NDX5	Q9ZVA2
A6NDX5	A0A0A6YYD4
A6NDX5	A0A0G2K2P5
A6NDX5	A0JPQ4
A6NDX5	A1Z7T0
A6NDX5	A2AP18
A6NDX5	A2AUY4
A6NDX5	A2RRU4
A6NDX5	A2YCH5
A6NDX5	A4D1F6
A6NDX5	A4PES0
A6NDX5	A6NMS7
A6NDX5	A6QGJ4
A6NDX5	A8MYU2
A6NDX5	B1AK53
A6NDX5	B1B1A0
A6NDX5	B2RXH2
A6NDX5	B5MCN3
A6NDX5	C0LGN2
A6NDX5	D3Z9Z9
A6NDX5	D3ZU96
A6NDX5	D5MCN2
A6NDX5	E9PSK7
A6NDX5	E9PYY5
A6NDX5	E9Q5F9
A6NDX5	E9Q9D5
A6NDX5	F1M3L7
A6NDX5	F4J6F6
A6NDX5	F8WFD2
A6NDX5	G3X992
A6NDX5	G5EC86
A6NDX5	G5EEW6
A6NDX5	G5EGS5
A6NDX5	O00141
A6NDX5	O00506
A6NDX5	O01991
A6NDX5	O04848
A6NDX5	O08653
A6NDX5	O08747
A6NDX5	O08873
A6NDX5	O09039
A6NDX5	O13718
A6NDX5	O13944
A6NDX5	O14641
A6NDX5	O15033
A6NDX5	O15123
A6NDX5	O15355
A6NDX5	O15554
A6NDX5	O17915
A6NDX5	O23145
A6NDX5	O35709
A6NDX5	O35984
A6NDX5	O43795
A6NDX5	O43930
A6NDX5	O54701
A6NDX5	O55099
A6NDX5	O55207
A6NDX5	O59763
A6NDX5	O60225
A6NDX5	O60307
A6NDX5	O60481
A6NDX5	O60658
A6NDX5	O70172
A6NDX5	O70340
A6NDX5	O74400
A6NDX5	O74757
A6NDX5	O75131
A6NDX5	O75325
A6NDX5	O75525
A6NDX5	O75628
A6NDX5	O76512
A6NDX5	O80673
A6NDX5	O88491
A6NDX5	O88763
A6NDX5	O88866
A6NDX5	O88954
A6NDX5	O89100
A6NDX5	O94466
A6NDX5	O94614
A6NDX5	O94751
A6NDX5	O94985
A6NDX5	O95259
A6NDX5	O95382
A6NDX5	O95639
A6NDX5	O95793
A6NDX5	O96013
A6NDX5	P00186
A6NDX5	P01120
A6NDX5	P01901
A6NDX5	P03943
A6NDX5	P04462
A6NDX5	P04774
A6NDX5	P04909
A6NDX5	P05179
A6NDX5	P05942
A6NDX5	P06243
A6NDX5	P06907
A6NDX5	P07896
A6NDX5	P08043
A6NDX5	P08153
A6NDX5	P08399
A6NDX5	P08922
A6NDX5	P09066
A6NDX5	P0A9Q1
A6NDX5	P0CB33
A6NDX5	P0DP91
A6NDX5	P10074
A6NDX5	P10321
A6NDX5	P10614
A6NDX5	P10908
A6NDX5	P11484
A6NDX5	P11709
A6NDX5	P13020
A6NDX5	P13496
A6NDX5	P14651
A6NDX5	P14832
A6NDX5	P15409
A6NDX5	P15918
A6NDX5	P16371
A6NDX5	P16520
A6NDX5	P17029
A6NDX5	P17133
A6NDX5	P17658
A6NDX5	P18146
A6NDX5	P18480
A6NDX5	P18963
A6NDX5	P20585
A6NDX5	P20786
A6NDX5	P21476
A6NDX5	P21855
A6NDX5	P22035
A6NDX5	P22455
A6NDX5	P22696
A6NDX5	P22897
A6NDX5	P23769
A6NDX5	P23971
A6NDX5	P25815
A6NDX5	P26016
A6NDX5	P26569
A6NDX5	P26842
A6NDX5	P27544
A6NDX5	P28220
A6NDX5	P28358
A6NDX5	P28817
A6NDX5	P29558
A6NDX5	P29993
A6NDX5	P30550
A6NDX5	P31322
A6NDX5	P31424
A6NDX5	P31809
A6NDX5	P32372
A6NDX5	P32590
A6NDX5	P32745
A6NDX5	P33298
A6NDX5	P33399
A6NDX5	P33749
A6NDX5	P34968
A6NDX5	P35182
A6NDX5	P35248
A6NDX5	P35580
A6NDX5	P35711
A6NDX5	P36616
A6NDX5	P38038
A6NDX5	P38886
A6NDX5	P39518
A6NDX5	P39678
A6NDX5	P39928
A6NDX5	P40995
A6NDX5	P41182
A6NDX5	P41878
A6NDX5	P42126
A6NDX5	P42336
A6NDX5	P42837
A6NDX5	P42949
A6NDX5	P43294
A6NDX5	P43535
A6NDX5	P43657
A6NDX5	P45984
A6NDX5	P46604
A6NDX5	P46736
A6NDX5	P47774
A6NDX5	P47878
A6NDX5	P49137
A6NDX5	P49326
A6NDX5	P49703
A6NDX5	P49791
A6NDX5	P50461
A6NDX5	P51151
A6NDX5	P51512
A6NDX5	P51884
A6NDX5	P52168
A6NDX5	P52734
A6NDX5	P52963
A6NDX5	P53197
A6NDX5	P53420
A6NDX5	P53804
A6NDX5	P53971
A6NDX5	P54311
A6NDX5	P62871
A6NDX5	P62873
A6NDX5	P62874
A6NDX5	P54741
A6NDX5	P54830
A6NDX5	P55283
A6NDX5	P55826
A6NDX5	P56399
A6NDX5	P56654
A6NDX5	P59045
A6NDX5	P59339
A6NDX5	P59895
A6NDX5	P60335
A6NDX5	Q15365
A6NDX5	Q5E9A3
A6NDX5	P60903
A6NDX5	P61794
A6NDX5	P61793
A6NDX5	P61970
A6NDX5	P61971
A6NDX5	P61972
A6NDX5	P63034
A6NDX5	P66484
A6NDX5	P68101
A6NDX5	P05198
A6NDX5	Q6ZWX6
A6NDX5	P68500
A6NDX5	P70166
A6NDX5	P78367
A6NDX5	P78563
A6NDX5	P80866
A6NDX5	P83870
A6NDX5	P83871
A6NDX5	Q7RTV0
A6NDX5	P87061
A6NDX5	P91341
A6NDX5	P92973
A6NDX5	P97348
A6NDX5	P97441
A6NDX5	P97680
A6NDX5	P97816
A6NDX5	P98179
A6NDX5	P9WGL3
A6NDX5	P9WI77
A6NDX5	P9WI76
A6NDX5	Q00613
A6NDX5	Q00916
A6NDX5	Q01449
A6NDX5	Q01668
A6NDX5	Q01855
A6NDX5	Q02111
A6NDX5	Q03043
A6NDX5	Q03172
A6NDX5	Q03290
A6NDX5	Q05024
A6NDX5	Q05344
A6NDX5	Q05655
A6NDX5	Q06106
A6NDX5	Q06194
A6NDX5	Q06335
A6NDX5	Q06AU4
A6NDX5	Q07266
A6NDX5	Q08117
A6NDX5	P63002
A6NDX5	P63003
A6NDX5	Q08761
A6NDX5	Q09530
A6NDX5	Q0KHT7
A6NDX5	Q0VCY1
A6NDX5	Q10185
A6NDX5	Q12132
A6NDX5	Q12798
A6NDX5	Q12926
A6NDX5	Q13043
A6NDX5	Q13153
A6NDX5	Q13464
A6NDX5	Q13554
A6NDX5	Q13642
A6NDX5	Q13875
A6NDX5	Q14184
A6NDX5	Q14392
A6NDX5	Q14832
A6NDX5	Q15109
A6NDX5	Q15413
A6NDX5	Q15615
A6NDX5	Q16236
A6NDX5	Q16819
A6NDX5	Q17438
A6NDX5	Q17RW2
A6NDX5	Q1PEM5
A6NDX5	Q20500
A6NDX5	Q23590
A6NDX5	Q24180
A6NDX5	Q2QI47
A6NDX5	Q2TPA8
A6NDX5	Q3KQV3
A6NDX5	Q3MJ40
A6NDX5	Q3TB82
A6NDX5	Q3TXX3
A6NDX5	Q3U133
A6NDX5	Q3U3N0
A6NDX5	Q3UB74
A6NDX5	Q3URS2
A6NDX5	Q42438
A6NDX5	Q498M5
A6NDX5	Q4JC00
A6NDX5	Q4KLL9
A6NDX5	Q4KMG0
A6NDX5	Q4VC12
A6NDX5	Q52KG5
A6NDX5	Q53GI3
A6NDX5	Q59SR6
A6NDX5	Q5BK82
A6NDX5	Q5DTM8
A6NDX5	Q5HZF2
A6NDX5	Q5JSL3
A6NDX5	Q5JYT7
A6NDX5	Q5MCW4
A6NDX5	Q5PPF5
A6NDX5	Q5QJ38
A6NDX5	Q5S1S4
A6NDX5	Q5SZV5
A6NDX5	Q5T2W1
A6NDX5	Q5U2M8
A6NDX5	Q5U2Z0
A6NDX5	Q5VT97
A6NDX5	Q5XIC7
A6NDX5	Q60598
A6NDX5	Q61120
A6NDX5	Q61361
A6NDX5	Q61510
A6NDX5	Q61644
A6NDX5	Q61789
A6NDX5	Q62318
A6NDX5	Q62452
A6NDX5	Q62673
A6NDX5	Q63617
A6NDX5	Q63772
A6NDX5	Q66HA8
A6NDX5	Q66K14
A6NDX5	Q68SB1
A6NDX5	Q69ZK0
A6NDX5	Q6GQR8
A6NDX5	Q6IQ21
A6NDX5	Q6MG08
A6NDX5	Q6NCN8
A6NDX5	Q6NUS8
A6NDX5	Q6NZC7
A6NDX5	Q6P461
A6NDX5	Q6P5E8
A6NDX5	Q6P6U0
A6NDX5	Q6P9Y7
A6NDX5	Q6PGG2
A6NDX5	Q6PL24
A6NDX5	Q6UXY1
A6NDX5	Q6ZMR5
A6NDX5	Q6ZN79
A6NDX5	Q6ZQN5
A6NDX5	Q6ZUJ8
A6NDX5	Q6ZWB6
A6NDX5	Q71F54
A6NDX5	Q767K6
A6NDX5	Q76M96
A6NDX5	Q78YY6
A6NDX5	Q7JUR5
A6NDX5	Q7KTX7
A6NDX5	Q7TN98
A6NDX5	Q7TP47
A6NDX5	Q7TSE6
A6NDX5	Q7Z465
A6NDX5	Q7Z5J8
A6NDX5	Q7Z6J6
A6NDX5	Q80VL3
A6NDX5	Q80X44
A6NDX5	Q80XU8
A6NDX5	Q810C0
A6NDX5	Q86T96
A6NDX5	Q86VZ4
A6NDX5	Q86WV1
A6NDX5	Q86XK2
A6NDX5	Q8BGB2
A6NDX5	Q8BGY4
A6NDX5	Q8BH64
A6NDX5	Q8BIY1
A6NDX5	Q8BL65
A6NDX5	Q8BLU0
A6NDX5	Q8BVU5
A6NDX5	Q8BWR2
A6NDX5	Q8BXK8
A6NDX5	Q8BYK6
A6NDX5	Q8C0Y1
A6NDX5	Q8C6P8
A6NDX5	Q8CHE4
A6NDX5	Q8CI12
A6NDX5	Q8CJH3
A6NDX5	Q8H0T4
A6NDX5	Q8I7M8
A6NDX5	Q8IUH3
A6NDX5	Q8IV48
A6NDX5	Q8IVQ6
A6NDX5	Q8IWZ5
A6NDX5	Q8IY67
A6NDX5	Q8IYK8
A6NDX5	Q8JHV9
A6NDX5	Q8K0L9
A6NDX5	Q8K3E9
A6NDX5	Q8K400
A6NDX5	Q8K4K3
A6NDX5	Q8MQJ9
A6NDX5	Q8N394
A6NDX5	Q8N5U6
A6NDX5	Q8N7M2
A6NDX5	Q8N967
A6NDX5	Q8N9V3
A6NDX5	Q8NAP3
A6NDX5	Q8NEN9
A6NDX5	Q8NFF2
A6NDX5	Q8NFY4
A6NDX5	Q8NGI9
A6NDX5	Q8NGZ5
A6NDX5	Q8R4C2
A6NDX5	Q8R4V2
A6NDX5	Q8RXE7
A6NDX5	Q8TAF7
A6NDX5	Q8TC07
A6NDX5	Q8TDB6
A6NDX5	Q8TDY3
A6NDX5	Q8TER0
A6NDX5	Q8TF66
A6NDX5	Q8VDG6
A6NDX5	Q8VHK1
A6NDX5	Q8VIJ6
A6NDX5	Q8WTS6
A6NDX5	Q8WW38
A6NDX5	Q8WXS8
A6NDX5	Q8WZ73
A6NDX5	Q90688
A6NDX5	Q91V88
A6NDX5	Q91VR5
A6NDX5	Q91W67
A6NDX5	Q91WJ8
A6NDX5	Q91YQ3
A6NDX5	Q91ZA6
A6NDX5	Q91ZW3
A6NDX5	Q920P0
A6NDX5	Q922I5
A6NDX5	Q923V4
A6NDX5	Q92637
A6NDX5	Q92783
A6NDX5	Q92968
A6NDX5	Q93052
A6NDX5	Q93971
A6NDX5	Q96301
A6NDX5	Q96C28
A6NDX5	Q96LI5
A6NDX5	Q96N22
A6NDX5	Q96RK4
A6NDX5	Q96T37
A6NDX5	Q99250
A6NDX5	Q99558
A6NDX5	Q99758
A6NDX5	Q99944
A6NDX5	Q99J82
A6NDX5	O55222
A6NDX5	Q13418
A6NDX5	Q99JT2
A6NDX5	Q99M31
A6NDX5	Q99MP8
A6NDX5	Q99P81
A6NDX5	Q99PT0
A6NDX5	Q9BR76
A6NDX5	Q9BU19
A6NDX5	Q9BUQ8
A6NDX5	Q9BWX5
A6NDX5	Q9BZI1
A6NDX5	Q9C0D5
A6NDX5	Q9C821
A6NDX5	Q9CQ26
A6NDX5	Q9CXB8
A6NDX5	Q9D2H9
A6NDX5	Q9D3A8
A6NDX5	Q9D5U0
A6NDX5	Q9DAE2
A6NDX5	Q9DB30
A6NDX5	Q9EQT3
A6NDX5	Q9ERS5
A6NDX5	Q9ES70
A6NDX5	Q9FLM3
A6NDX5	Q9FVQ1
A6NDX5	Q9GZR7
A6NDX5	Q9H0F5
A6NDX5	Q9H2K2
A6NDX5	Q9H361
A6NDX5	Q9H5V7
A6NDX5	Q9HBI1
A6NDX5	Q9HCL0
A6NDX5	Q9HGN7
A6NDX5	Q9JI18
A6NDX5	Q9JII1
A6NDX5	Q9JKS4
A6NDX5	Q9JLG8
A6NDX5	Q9JM13
A6NDX5	Q9JMC8
A6NDX5	Q9LHD1
A6NDX5	Q9LRT1
A6NDX5	Q9LVC6
A6NDX5	Q9MAH1
A6NDX5	Q9NPG8
A6NDX5	Q9NQ75
A6NDX5	Q9NQT8
A6NDX5	Q9NR48
A6NDX5	Q9NRH2
A6NDX5	Q9NWQ4
A6NDX5	Q9P0V3
A6NDX5	Q9P2Q2
A6NDX5	Q9P6I5
A6NDX5	Q9PW80
A6NDX5	Q9QW08
A6NDX5	Q9QXT8
A6NDX5	Q9QY53
A6NDX5	Q9QYI6
A6NDX5	Q9QYY9
A6NDX5	Q9QZS7
A6NDX5	Q9SB58
A6NDX5	Q9SGS4
A6NDX5	Q9TS87
A6NDX5	Q9U1S7
A6NDX5	Q9UBW7
A6NDX5	Q9UEW3
A6NDX5	Q9UGK8
A6NDX5	Q9UJY4
A6NDX5	Q9ULD9
A6NDX5	Q9ULR3
A6NDX5	Q9UMN6
A6NDX5	Q9UNA1
A6NDX5	Q9UPU7
A6NDX5	Q9UQF2
A6NDX5	Q9VC57
A6NDX5	Q9VEZ5
A6NDX5	Q9VK68
A6NDX5	Q9VPH8
A6NDX5	Q9VUM0
A6NDX5	Q9VW09
A6NDX5	Q9VYY9
A6NDX5	Q9W0S3
A6NDX5	Q9W261
A6NDX5	Q9W415
A6NDX5	Q9WTL4
A6NDX5	Q9WTW1
A6NDX5	Q9WUL6
A6NDX5	Q9WV48
A6NDX5	Q9WVQ1
A6NDX5	Q9XIE2
A6NDX5	Q9Y2G8
A6NDX5	Q9Y2Z0
A6NDX5	Q9Y3M9
A6NDX5	Q9Y4X4
A6NDX5	Q9Y5E3
A6NDX5	Q9Y5H9
A6NDX5	Q9Y615
A6NDX5	Q9Y6M1
A6NDX5	Q9Y6X6
A6NDX5	Q9Z0G2
A6NDX5	Q9Z0U0
A6NDX5	Q9Z138
A6NDX5	Q9Z2D1
A6NDX5	Q9Z2X8
A6NDX5	Q9ZVR7
A6NDX5	A2CIR7
A6NDX5	A4R715
A6NDX5	A6NMS3
A6NDX5	B6SFA4
A6NDX5	C0LGG6
A6NDX5	E7F1H9
A6NDX5	F1R5H6
A6NDX5	F4I3B3
A6NDX5	F4I9J7
A6NDX5	F4IXW2
A6NDX5	F4J5S1
A6NDX5	F4JKI3
A6NDX5	F4KB17
A6NDX5	F4KHI3
A6NDX5	G4N1S3
A6NDX5	G5EBF1
A6NDX5	M9PE65
A6NDX5	O04311
A6NDX5	O13620
A6NDX5	O14040
A6NDX5	O14327
A6NDX5	O17607
A6NDX5	O22187
A6NDX5	O22727
A6NDX5	O35476
A6NDX5	O42626
A6NDX5	O42937
A6NDX5	O48781
A6NDX5	O49326
A6NDX5	O49647
A6NDX5	O54897
A6NDX5	O64768
A6NDX5	O70624
A6NDX5	O75200
A6NDX5	O95744
A6NDX5	P00761
A6NDX5	P01718
A6NDX5	P01872
A6NDX5	P02886
A6NDX5	P05987
A6NDX5	P0CG79
A6NDX5	P0CY34
A6NDX5	P0DKI1
A6NDX5	P0DKI0
A6NDX5	P0DPA2
A6NDX5	P12371
A6NDX5	P14318
A6NDX5	P14799
A6NDX5	P16976
A6NDX5	P18524
A6NDX5	P20369
A6NDX5	P22891
A6NDX5	P23640
A6NDX5	P26270
A6NDX5	P27639
A6NDX5	P34102
A6NDX5	P34635
A6NDX5	P35832
A6NDX5	P36365
A6NDX5	P40392
A6NDX5	P40946
A6NDX5	P41817
A6NDX5	P42528
A6NDX5	P43333
A6NDX5	P45951
A6NDX5	P46607
A6NDX5	P47741
A6NDX5	P48642
A6NDX5	P70343
A6NDX5	P79621
A6NDX5	P83861
A6NDX5	P87122
A6NDX5	Q00466
A6NDX5	Q05999
A6NDX5	Q06BH3
A6NDX5	Q08463
A6NDX5	Q08A71
A6NDX5	Q0DBS1
A6NDX5	Q0E3X4
A6NDX5	Q0J4I1
A6NDX5	Q0JHZ2
A6NDX5	Q0WTF4
A6NDX5	Q10156
A6NDX5	Q10EL1
A6NDX5	Q10NY2
A6NDX5	Q12526
A6NDX5	Q14DL3
A6NDX5	Q17433
A6NDX5	Q1PFE1
A6NDX5	Q21432
A6NDX5	Q28998
A6NDX5	Q2KJC1
A6NDX5	Q2QM84
A6NDX5	Q2QYY8
A6NDX5	Q2TBF2
A6NDX5	Q336R3
A6NDX5	Q38831
A6NDX5	Q3SXM0
A6NDX5	Q4KLI9
A6NDX5	Q8IVV2
A6NDX5	P00525
A6NDX5	Q93ZA0
A6NDX5	Q94DH3
A6NDX5	Q95460
A6NDX5	Q96285
A6NDX5	Q96KC2
A6NDX5	Q96MN9
A6NDX5	Q96UB6
A6NDX5	Q99687
A6NDX5	Q99KN2
A6NDX5	Q99MY2
A6NDX5	Q9AR38
A6NDX5	Q9C0X6
A6NDX5	Q9C5S9
A6NDX5	Q9C718
A6NDX5	Q9C8H0
A6NDX5	Q9C948
A6NDX5	Q9CAP3
A6NDX5	Q9CQR6
A6NDX5	Q9CYU6
A6NDX5	Q9EQR3
A6NDX5	Q9FGY9
A6NDX5	Q9FJA2
A6NDX5	Q9FJX8
A6NDX5	Q9FLJ8
A6NDX5	Q9FNR1
A6NDX5	Q9FQ25
A6NDX5	Q9FXF2
A6NDX5	Q9H4S2
A6NDX5	Q9HCS2
A6NDX5	Q9LJJ5
A6NDX5	Q9LMA1
A6NDX5	Q9LNK1
A6NDX5	Q9LQL4
A6NDX5	Q9LS95
A6NDX5	Q9LU10
A6NDX5	Q9LZS6
A6NDX5	Q9M1Q2
A6NDX5	Q9M313
A6NDX5	Q9P7F8
A6NDX5	Q9QZM9
A6NDX5	Q9R1C8
A6NDX5	Q9SB89
A6NDX5	Q9SF16
A6NDX5	Q9SH93
A6NDX5	Q9SJ56
A6NDX5	Q9SL67
A6NDX5	Q9SMP5
A6NDX5	Q9SRG3
A6NDX5	Q9SYU4
A6NDX5	Q9SZI3
A6NDX5	Q9UKL2
A6NDX5	Q9URT4
A6NDX5	Q9W6A6
A6NDX5	Q9XXV8
A6NDX5	Q9Y337
A6NDX5	Q9Y7T0
A6NDX5	Q9ZPE9
A6NDX5	Q9ZRE2
A6NDX5	Q9ZU35
A6NDX5	Q9ZUN8
A6NDX5	S6F527
A6NDX5	A0A0A6YYJ7
A6NDX5	A0A0B4KGY6
A6NDX5	A2A3N6
A6NDX5	A2AVA0
A6NDX5	A4D1S0
A6NDX5	A6H639
A6NDX5	A6NDE4
A6NDX5	A6NMT0
A6NDX5	A7HD43
A6NDX5	A8MYV0
A6NDX5	B0I1T2
A6NDX5	B2RQE8
A6NDX5	B2RXH4
A6NDX5	B5MCY1
A6NDX5	B7ZWR6
A6NDX5	C0LGP4
A6NDX5	C9J798
A6NDX5	D3ZA12
A6NDX5	D3ZHV2
A6NDX5	E9PZ19
A6NDX5	E9Q5G3
A6NDX5	F1M4A4
A6NDX5	G3X9C2
A6NDX5	G5EEW9
A6NDX5	O02002
A6NDX5	O08576
A6NDX5	O08749
A6NDX5	O08874
A6NDX5	O14095
A6NDX5	O14213
A6NDX5	O14325
A6NDX5	O14771
A6NDX5	O14901
A6NDX5	O15034
A6NDX5	O15357
A6NDX5	O15943
A6NDX5	O17917
A6NDX5	O30409
A6NDX5	O43396
A6NDX5	O43933
A6NDX5	O45797
A6NDX5	O54709
A6NDX5	O54963
A6NDX5	O60107
A6NDX5	O60231
A6NDX5	O60486
A6NDX5	O60662
A6NDX5	O61443
A6NDX5	O64903
A6NDX5	O74184
A6NDX5	O74489
A6NDX5	O74871
A6NDX5	O75420
A6NDX5	O75526
A6NDX5	O75631
A6NDX5	O75808
A6NDX5	O80725
A6NDX5	O88351
A6NDX5	O88599
A6NDX5	O88764
A6NDX5	O89103
A6NDX5	O94868
A6NDX5	O95389
A6NDX5	O95665
A6NDX5	O95918
A6NDX5	P01123
A6NDX5	P01902
A6NDX5	P03944
A6NDX5	P04775
A6NDX5	P04910
A6NDX5	P05067
A6NDX5	P05181
A6NDX5	P05976
A6NDX5	P06244
A6NDX5	P07237
A6NDX5	P07477
A6NDX5	P08046
A6NDX5	P08155
A6NDX5	P08400
A6NDX5	P08923
A6NDX5	P09067
A6NDX5	P0A7Y0
A6NDX5	P0AE67
A6NDX5	P0C5S3
A6NDX5	P0CB38
A6NDX5	P10075
A6NDX5	P10323
A6NDX5	P11103
A6NDX5	P11275
A6NDX5	Q9UQM7
A6NDX5	P11798
A6NDX5	P11911
A6NDX5	P13497
A6NDX5	P13667
A6NDX5	P14652
A6NDX5	P14842
A6NDX5	P15424
A6NDX5	P16372
A6NDX5	P16521
A6NDX5	P17030
A6NDX5	P17141
A6NDX5	P17659
A6NDX5	P17879
A6NDX5	P20591
A6NDX5	P21860
A6NDX5	P22216
A6NDX5	P22459
A6NDX5	P23772
A6NDX5	P25095
A6NDX5	P25296
A6NDX5	P26017
A6NDX5	P26570
A6NDX5	P26883
A6NDX5	P28221
A6NDX5	P28359
A6NDX5	P28818
A6NDX5	P29266
A6NDX5	P29594
A6NDX5	P29994
A6NDX5	P30551
A6NDX5	P30680
A6NDX5	P31323
A6NDX5	P32507
A6NDX5	P32591
A6NDX5	P33076
A6NDX5	P33299
A6NDX5	P33400
A6NDX5	P33750
A6NDX5	P34092
A6NDX5	P34244
A6NDX5	P34611
A6NDX5	P34732
A6NDX5	P34969
A6NDX5	P35187
A6NDX5	P35249
A6NDX5	P35354
A6NDX5	P35582
A6NDX5	P35713
A6NDX5	P36024
A6NDX5	P36124
A6NDX5	P36166
A6NDX5	P36619
A6NDX5	P38041
A6NDX5	P38116
A6NDX5	P38494
A6NDX5	P38656
A6NDX5	P38735
A6NDX5	P38889
A6NDX5	P38968
A6NDX5	P39984
A6NDX5	P40616
A6NDX5	P41000
A6NDX5	P41183
A6NDX5	P42337
A6NDX5	A0A0G2K344
A6NDX5	P43680
A6NDX5	P46638
A6NDX5	Q15907
A6NDX5	O35509
A6NDX5	P46737
A6NDX5	P47791
A6NDX5	P47887
A6NDX5	P48375
A6NDX5	P48736
A6NDX5	P49138
A6NDX5	P49327
A6NDX5	P49792
A6NDX5	P49917
A6NDX5	P50462
A6NDX5	P50904
A6NDX5	P51153
A6NDX5	P51805
A6NDX5	P51886
A6NDX5	P52172
A6NDX5	P52735
A6NDX5	P53720
A6NDX5	P53874
A6NDX5	P53973
A6NDX5	P54313
A6NDX5	P62879
A6NDX5	P62880
A6NDX5	P54748
A6NDX5	P55096
A6NDX5	P55284
A6NDX5	P56400
A6NDX5	P56657
A6NDX5	P57789
A6NDX5	P58281
A6NDX5	P59046
A6NDX5	P59384
A6NDX5	P60904
A6NDX5	P60905
A6NDX5	Q9H3Z4
A6NDX5	P61225
A6NDX5	P61226
A6NDX5	P61227
A6NDX5	Q06AU2
A6NDX5	P62516
A6NDX5	P62515
A6NDX5	P63036
A6NDX5	P63037
A6NDX5	P31689
A6NDX5	P63326
A6NDX5	P63325
A6NDX5	P69744
A6NDX5	P70261
A6NDX5	P70453
A6NDX5	P75172
A6NDX5	P78368
A6NDX5	P80313
A6NDX5	P92974
A6NDX5	P97350
A6NDX5	P97443
A6NDX5	P97520
A6NDX5	P97685
A6NDX5	P98182
A6NDX5	P9WPH9
A6NDX5	P9WPH8
A6NDX5	P9WQB3
A6NDX5	Q00918
A6NDX5	Q01118
A6NDX5	Q01705
A6NDX5	Q01860
A6NDX5	Q02566
A6NDX5	Q02790
A6NDX5	Q04182
A6NDX5	Q05397
A6NDX5	Q05909
A6NDX5	Q06336
A6NDX5	Q06709
A6NDX5	Q07279
A6NDX5	Q08773
A6NDX5	Q09531
A6NDX5	Q09719
A6NDX5	Q09830
A6NDX5	Q0KHU5
A6NDX5	Q0WPQ2
A6NDX5	Q10N20
A6NDX5	Q12019
A6NDX5	Q12186
A6NDX5	Q12424
A6NDX5	Q12929
A6NDX5	Q13046
A6NDX5	Q13263
A6NDX5	Q13467
A6NDX5	Q13557
A6NDX5	Q6PHZ2
A6NDX5	Q95266
A6NDX5	Q13643
A6NDX5	Q13882
A6NDX5	Q14185
A6NDX5	Q14833
A6NDX5	Q14CM0
A6NDX5	Q15111
A6NDX5	Q15415
A6NDX5	Q15619
A6NDX5	Q15835
A6NDX5	Q16557
A6NDX5	Q16820
A6NDX5	Q17RY0
A6NDX5	Q19720
A6NDX5	Q1PEP5
A6NDX5	Q27474
A6NDX5	Q2QLE0
A6NDX5	Q2TUM3
A6NDX5	Q38953
A6NDX5	Q3B725
A6NDX5	Q3MJ62
A6NDX5	Q3TB92
A6NDX5	Q3TR08
A6NDX5	Q3UHK6
A6NDX5	Q3UZ01
A6NDX5	Q49GP3
A6NDX5	Q4J6Z4
A6NDX5	Q4KLM4
A6NDX5	Q4KMP7
A6NDX5	Q4V8F9
A6NDX5	Q504L7
A6NDX5	Q53UA7
A6NDX5	Q562C2
A6NDX5	Q59SU5
A6NDX5	Q5A0E5
A6NDX5	Q5A895
A6NDX5	Q5ALV2
A6NDX5	Q5BJL5
A6NDX5	Q5F2E8
A6NDX5	Q5GIG6
A6NDX5	Q5HZG4
A6NDX5	Q5JSP0
A6NDX5	Q5JZY3
A6NDX5	Q5PPG4
A6NDX5	Q5QJ74
A6NDX5	Q5RJR8
A6NDX5	Q5SQ80
A6NDX5	Q5SUE7
A6NDX5	Q5T6S3
A6NDX5	Q5U2Z2
A6NDX5	Q5W7F2
A6NDX5	Q60603
A6NDX5	Q61526
A6NDX5	Q61790
A6NDX5	Q62463
A6NDX5	Q62897
A6NDX5	Q63454
A6NDX5	Q63618
A6NDX5	Q63787
A6NDX5	Q63HQ2
A6NDX5	Q64378
A6NDX5	Q6A0A2
A6NDX5	Q6DGF9
A6NDX5	Q6DVA0
A6NDX5	Q6GQT0
A6NDX5	Q6IQ22
A6NDX5	Q6NXJ0
A6NDX5	Q6P280
A6NDX5	Q6P9A1
A6NDX5	Q6PCN3
A6NDX5	Q6PEW0
A6NDX5	Q6PIF6
A6NDX5	Q6UX04
A6NDX5	Q6Y1S1
A6NDX5	Q6ZMS4
A6NDX5	Q6ZPR6
A6NDX5	Q6ZSB9
A6NDX5	Q6ZWE6
A6NDX5	Q70CQ1
A6NDX5	Q767K9
A6NDX5	Q76MJ5
A6NDX5	Q7JUR6
A6NDX5	Q7L2R6
A6NDX5	Q7L945
A6NDX5	Q7TMD7
A6NDX5	Q7TN99
A6NDX5	Q7YZH1
A6NDX5	Q7Z478
A6NDX5	Q80U57
A6NDX5	Q80UV9
A6NDX5	Q810C1
A6NDX5	Q86UU1
A6NDX5	Q8BFZ3
A6NDX5	Q8BGB5
A6NDX5	Q8BGN6
A6NDX5	Q8BHJ5
A6NDX5	Q8BI06
A6NDX5	Q8BIY3
A6NDX5	Q8BL66
A6NDX5	Q8BU25
A6NDX5	Q8BWR8
A6NDX5	Q8BYK8
A6NDX5	Q8C8B0
A6NDX5	Q8CHG5
A6NDX5	Q8CI32
A6NDX5	Q8CIN9
A6NDX5	Q8H0U8
A6NDX5	Q8I7Z8
A6NDX5	Q8IUH4
A6NDX5	Q8IVS2
A6NDX5	Q8IXQ5
A6NDX5	Q8IZJ1
A6NDX5	Q8K1C0
A6NDX5	Q8K1Z6
A6NDX5	Q8L3X8
A6NDX5	Q8LEB6
A6NDX5	Q8MQW8
A6NDX5	Q8N196
A6NDX5	Q8N448
A6NDX5	Q8N4Y2
A6NDX5	Q8N5V2
A6NDX5	Q8N6N2
A6NDX5	Q8N7N5
A6NDX5	Q8N972
A6NDX5	Q8N9V6
A6NDX5	Q8NAP8
A6NDX5	Q8NCA9
A6NDX5	Q8NEP3
A6NDX5	Q8NFF5
A6NDX5	Q8NFY9
A6NDX5	Q8NGJ1
A6NDX5	Q8NH01
A6NDX5	Q8NHU3
A6NDX5	Q8R023
A6NDX5	Q8R182
A6NDX5	Q8R2Y2
A6NDX5	Q8R4X3
A6NDX5	Q8R5K2
A6NDX5	Q8RXF1
A6NDX5	Q8T079
A6NDX5	Q8TB69
A6NDX5	Q8TC12
A6NDX5	Q8TCP9
A6NDX5	Q8TDY4
A6NDX5	Q8TF68
A6NDX5	Q8VCH5
A6NDX5	Q8VE19
A6NDX5	Q8VEF1
A6NDX5	Q8VHK2
A6NDX5	Q8WUN7
A6NDX5	Q8WVD5
A6NDX5	Q8WWZ4
A6NDX5	Q8WZ74
A6NDX5	Q8Y7F1
A6NDX5	Q91X05
A6NDX5	Q91YD4
A6NDX5	Q91ZB0
A6NDX5	Q922J3
A6NDX5	Q93062
A6NDX5	Q940X9
A6NDX5	Q94AI7
A6NDX5	Q95PZ0
A6NDX5	Q969K4
A6NDX5	Q969W1
A6NDX5	Q96C34
A6NDX5	Q96DN6
A6NDX5	Q96EX2
A6NDX5	Q96FJ0
A6NDX5	Q96HU1
A6NDX5	Q96IW2
A6NDX5	Q96K62
A6NDX5	Q96LI6
A6NDX5	Q96PD2
A6NDX5	Q96PV0
A6NDX5	Q96QP1
A6NDX5	Q96T49
A6NDX5	Q99426
A6NDX5	Q99666
A6NDX5	Q99759
A6NDX5	Q99956
A6NDX5	Q99J87
A6NDX5	Q99JT5
A6NDX5	Q99KY4
A6NDX5	Q99M51
A6NDX5	Q99MQ1
A6NDX5	Q99N37
A6NDX5	Q9BPW5
A6NDX5	Q9BT81
A6NDX5	Q9BUR4
A6NDX5	Q9BXW6
A6NDX5	Q9BYZ6
A6NDX5	Q9C000
A6NDX5	Q9C0D6
A6NDX5	Q9C829
A6NDX5	Q9CWS1
A6NDX5	Q9D868
A6NDX5	Q9D8U4
A6NDX5	Q9DBG1
A6NDX5	Q9DC48
A6NDX5	Q9DCM7
A6NDX5	Q9EP66
A6NDX5	Q9EQD0
A6NDX5	Q9EQT6
A6NDX5	Q9ERB4
A6NDX5	Q9ERS6
A6NDX5	Q9ESN9
A6NDX5	Q9FIQ0
A6NDX5	Q9H0F6
A6NDX5	Q9H239
A6NDX5	Q9H2K8
A6NDX5	Q9H6K5
A6NDX5	Q9HAZ1
A6NDX5	Q9HGP4
A6NDX5	Q9JI20
A6NDX5	Q9JII5
A6NDX5	Q9JIX5
A6NDX5	Q9JK91
A6NDX5	Q9JKS5
A6NDX5	Q9JMD1
A6NDX5	Q9LHE9
A6NDX5	Q9LRW7
A6NDX5	Q9LYJ9
A6NDX5	Q9MAM1
A6NDX5	Q9NP90
A6NDX5	Q9NQ79
A6NDX5	Q9NQU5
A6NDX5	Q9NS98
A6NDX5	Q9NTJ5
A6NDX5	Q9NUP1
A6NDX5	Q9NY93
A6NDX5	Q9NYQ6
A6NDX5	Q9NZ52
A6NDX5	Q9NZM6
A6NDX5	Q9P2E7
A6NDX5	Q9P2R3
A6NDX5	Q9QW30
A6NDX5	Q9QXT9
A6NDX5	Q9QYI7
A6NDX5	Q9QZ05
A6NDX5	Q9QZS8
A6NDX5	Q9R092
A6NDX5	Q9R1R2
A6NDX5	Q9TSV7
A6NDX5	Q9UBC1
A6NDX5	Q9UBN4
A6NDX5	Q9UGL1
A6NDX5	Q9UHC6
A6NDX5	Q9UIG0
A6NDX5	Q9UJY5
A6NDX5	Q9UKC9
A6NDX5	Q9UKS6
A6NDX5	Q9UL25
A6NDX5	Q9ULE3
A6NDX5	Q9UMQ6
A6NDX5	Q9UP38
A6NDX5	Q9UUE1
A6NDX5	Q9V3D5
A6NDX5	Q9VAM5
A6NDX5	Q9VDA0
A6NDX5	Q9VF26
A6NDX5	Q9VK71
A6NDX5	Q9VLJ8
A6NDX5	Q9VRG7
A6NDX5	Q9VZ08
A6NDX5	Q9W0S7
A6NDX5	Q9W266
A6NDX5	Q9W420
A6NDX5	Q9WUL7
A6NDX5	Q9Y239
A6NDX5	Q9Y2G9
A6NDX5	Q9Y4X5
A6NDX5	Q9Y5E4
A6NDX5	Q9Y5I0
A6NDX5	Q9Y5T4
A6NDX5	Q9Y616
A6NDX5	Q9Y6M4
A6NDX5	Q9Y6X8
A6NDX5	Q9Z0G7
A6NDX5	Q9Z0U1
A6NDX5	Q9Z139
A6NDX5	Q9ZR72
A6NDX5	A0AUR5
A6NDX5	A2CJ06
A6NDX5	A2XEV1
A6NDX5	A5DF78
A6NDX5	A5DR93
A6NDX5	A6NDR6
A6NDX5	A7TF84
A6NDX5	A8IEF3
A6NDX5	B1AY15
A6NDX5	C0LGG7
A6NDX5	C5DE74
A6NDX5	D3YUB6
A6NDX5	E7F1U2
A6NDX5	E9Q9A9
A6NDX5	F4HSQ2
A6NDX5	F4I3M3
A6NDX5	F4I9Q5
A6NDX5	F4IG09
A6NDX5	F4JEX5
A6NDX5	F4JRJ6
A6NDX5	F4KBP5
A6NDX5	F4KIA8
A6NDX5	M9PGC5
A6NDX5	O04313
A6NDX5	O08954
A6NDX5	O14047
A6NDX5	O49328
A6NDX5	O64776
A6NDX5	O65351
A6NDX5	O65607
A6NDX5	O74881
A6NDX5	O75326
A6NDX5	O77082
A6NDX5	O81346
A6NDX5	O82199
A6NDX5	P01735
A6NDX5	P01877
A6NDX5	P02887
A6NDX5	P06002
A6NDX5	P0C7H9
A6NDX5	P0DKI6
A6NDX5	P0DMW2
A6NDX5	P0DPA3
A6NDX5	P18526
A6NDX5	P21521
A6NDX5	P22086
A6NDX5	P22895
A6NDX5	P24719
A6NDX5	P27645
A6NDX5	P31720
A6NDX5	P34109
A6NDX5	P35218
A6NDX5	P36369
A6NDX5	P40393
A6NDX5	P42529
A6NDX5	P46002
A6NDX5	P47750
A6NDX5	P48731
A6NDX5	P51173
A6NDX5	P52889
A6NDX5	P53849
A6NDX5	P56178
A6NDX5	P58181
A6NDX5	P59267
A6NDX5	P79735
A6NDX5	P90648
A6NDX5	P93823
A6NDX5	P97639
A6NDX5	Q01397
A6NDX5	Q05153
A6NDX5	Q07009
A6NDX5	Q08465
A6NDX5	Q09763
A6NDX5	Q0DBU5
A6NDX5	Q0E459
A6NDX5	Q0JI49
A6NDX5	Q10F25
A6NDX5	Q10P83
A6NDX5	Q12277
A6NDX5	Q12531
A6NDX5	Q14314
A6NDX5	Q1PFG1
A6NDX5	Q1ZXK2
A6NDX5	Q23541
A6NDX5	Q2KN93
A6NDX5	Q2QM96
A6NDX5	Q2TGJ1
A6NDX5	Q39017
A6NDX5	Q3SXM5
A6NDX5	Q3U515
A6NDX5	Q3UQV5
A6NDX5	Q3V0L5
A6NDX5	Q40152
A6NDX5	Q42202
A6NDX5	B9DHA6
A6NDX5	Q4KLN0
A6NDX5	B6CZ17
A6NDX5	P00526
A6NDX5	Q91ZW8
A6NDX5	Q92496
A6NDX5	Q93Y39
A6NDX5	Q940B8
A6NDX5	Q945S8
A6NDX5	Q94AN4
A6NDX5	Q96R08
A6NDX5	Q9ARI6
A6NDX5	Q9BWP8
A6NDX5	Q9C0Y5
A6NDX5	Q9C550
A6NDX5	Q9C5U3
A6NDX5	Q9C6C3
A6NDX5	Q9C7T7
A6NDX5	Q9C8H1
A6NDX5	Q9C9L5
A6NDX5	Q9CAP4
A6NDX5	Q9D3P1
A6NDX5	Q9D7J9
A6NDX5	Q9EQU3
A6NDX5	Q9ESM3
A6NDX5	Q9FF15
A6NDX5	Q9FGK5
A6NDX5	Q9FH02
A6NDX5	Q9FIK2
A6NDX5	Q9FJX9
A6NDX5	Q9FL17
A6NDX5	Q9FNE1
A6NDX5	Q9FYH1
A6NDX5	Q9H255
A6NDX5	Q9H521
A6NDX5	Q9HCU5
A6NDX5	Q9JJL9
A6NDX5	Q9JL21
A6NDX5	Q9LIN3
A6NDX5	Q9LJK2
A6NDX5	Q9LK64
A6NDX5	Q9LMT7
A6NDX5	Q9LPQ3
A6NDX5	Q9LQL5
A6NDX5	Q9LSR8
A6NDX5	Q9LU24
A6NDX5	Q9LVN1
A6NDX5	Q9LY87
A6NDX5	Q9M2H2
A6NDX5	Q9M8K7
A6NDX5	Q9M9L7
A6NDX5	Q9MAH4
A6NDX5	Q9NY99
A6NDX5	Q9QY14
A6NDX5	Q9QZN0
A6NDX5	Q9SA47
A6NDX5	Q9SHB5
A6NDX5	Q9SMQ4
A6NDX5	Q9SNA3
A6NDX5	Q9SS01
A6NDX5	Q9TXI7
A6NDX5	Q9UKP3
A6NDX5	Q9USY2
A6NDX5	Q9VVE5
A6NDX5	Q9W6A7
A6NDX5	Q9WUW3
A6NDX5	Q9XEE6
A6NDX5	Q9XHH2
A6NDX5	Q9XYL0
A6NDX5	Q9ZPH2
A6NDX5	Q9ZVA4
A6NDX5	A0A0A6YYK7
A6NDX5	A0A1B0GX49
A6NDX5	A0A1D8PH52
A6NDX5	A1Z8D0
A6NDX5	A2APF3
A6NDX5	A3GGU2
A6NDX5	A4D1S5
A6NDX5	A7HD44
A6NDX5	A8MTQ0
A6NDX5	A8MYZ6
A6NDX5	B2RXH8
A6NDX5	C0LGR3
A6NDX5	D3ZAA9
A6NDX5	D3ZUM2
A6NDX5	D4A631
A6NDX5	E9PT37
A6NDX5	E9PZ36
A6NDX5	E9Q5K4
A6NDX5	E9Q9M8
A6NDX5	F1M5M3
A6NDX5	G5EF15
A6NDX5	I6Y778
A6NDX5	O00144
A6NDX5	O00408
A6NDX5	O00763
A6NDX5	O08579
A6NDX5	O08875
A6NDX5	O09047
A6NDX5	O13370
A6NDX5	O13953
A6NDX5	O14098
A6NDX5	O14328
A6NDX5	O14646
A6NDX5	O15037
A6NDX5	O35161
A6NDX5	O35430
A6NDX5	O35604
A6NDX5	O35714
A6NDX5	O43017
A6NDX5	O43147
A6NDX5	O43278
A6NDX5	O49840
A6NDX5	O54965
A6NDX5	O60309
A6NDX5	O60487
A6NDX5	O60663
A6NDX5	O61460
A6NDX5	O70493
A6NDX5	O74191
A6NDX5	O74874
A6NDX5	O75144
A6NDX5	O75339
A6NDX5	O75815
A6NDX5	O75911
A6NDX5	O76031
A6NDX5	O88370
A6NDX5	O88495
A6NDX5	O88600
A6NDX5	O88962
A6NDX5	O89110
A6NDX5	O94619
A6NDX5	O94759
A6NDX5	O94989
A6NDX5	O95263
A6NDX5	O95801
A6NDX5	P00326
A6NDX5	P00973
A6NDX5	P01903
A6NDX5	P03949
A6NDX5	P04911
A6NDX5	P05084
A6NDX5	P05182
A6NDX5	P05977
A6NDX5	P06245
A6NDX5	P07288
A6NDX5	P07478
A6NDX5	P08048
A6NDX5	P08556
A6NDX5	P08733
A6NDX5	P09077
A6NDX5	P09215
A6NDX5	P09629
A6NDX5	P0A6G3
A6NDX5	P0AE82
A6NDX5	P0C0S8
A6NDX5	P0C0S9
A6NDX5	P02262
A6NDX5	P0CG63
A6NDX5	P10077
A6NDX5	P11276
A6NDX5	P11711
A6NDX5	P11912
A6NDX5	P12107
A6NDX5	P13280
A6NDX5	P14314
A6NDX5	P15428
A6NDX5	P16374
A6NDX5	P16522
A6NDX5	P16870
A6NDX5	P17031
A6NDX5	P18158
A6NDX5	P18488
A6NDX5	P19438
A6NDX5	P19643
A6NDX5	P20592
A6NDX5	P20789
A6NDX5	P21506
A6NDX5	P21866
A6NDX5	P22059
A6NDX5	P22217
A6NDX5	P22460
A6NDX5	P23463
A6NDX5	P23588
A6NDX5	P25098
A6NDX5	P25555
A6NDX5	P25823
A6NDX5	P26583
A6NDX5	P26885
A6NDX5	P28222
A6NDX5	P28360
A6NDX5	P28828
A6NDX5	P29269
A6NDX5	P02612
A6NDX5	Q9CQ19
A6NDX5	P24844
A6NDX5	P29995
A6NDX5	P30553
A6NDX5	P30681
A6NDX5	P31324
A6NDX5	P31483
A6NDX5	P32182
A6NDX5	P32597
A6NDX5	P32892
A6NDX5	P33121
A6NDX5	P34099
A6NDX5	P34618
A6NDX5	P34739
A6NDX5	P34971
A6NDX5	P35250
A6NDX5	P35363
A6NDX5	P35583
A6NDX5	P35716
A6NDX5	P35913
A6NDX5	P37478
A6NDX5	P37804
A6NDX5	P38042
A6NDX5	P38532
A6NDX5	P38682
A6NDX5	P38890
A6NDX5	P39521
A6NDX5	P39764
A6NDX5	P40450
A6NDX5	P40625
A6NDX5	P41208
A6NDX5	P41891
A6NDX5	P42128
A6NDX5	P42338
A6NDX5	P43138
A6NDX5	P43304
A6NDX5	P47197
A6NDX5	P47792
A6NDX5	P48739
A6NDX5	P49139
A6NDX5	P49333
A6NDX5	P49710
A6NDX5	P50281
A6NDX5	P50463
A6NDX5	P51157
A6NDX5	P51522
A6NDX5	P51888
A6NDX5	P52488
A6NDX5	P52737
A6NDX5	P53256
A6NDX5	P53438
A6NDX5	P53974
A6NDX5	P54319
A6NDX5	P54750
A6NDX5	P55097
A6NDX5	P55285
A6NDX5	P56199
A6NDX5	P56671
A6NDX5	P57790
A6NDX5	P58658
A6NDX5	P59047
A6NDX5	P59910
A6NDX5	P61480
A6NDX5	P61978
A6NDX5	P61979
A6NDX5	P61980
A6NDX5	P62984
A6NDX5	P62986
A6NDX5	P62987
A6NDX5	P62984
A6NDX5	P63053
A6NDX5	P63328
A6NDX5	P63329
A6NDX5	Q08209
A6NDX5	P48452
A6NDX5	P68133
A6NDX5	P68134
A6NDX5	P68136
A6NDX5	P68137
A6NDX5	P68138
A6NDX5	P70169
A6NDX5	P70627
A6NDX5	P72797
A6NDX5	P79293
A6NDX5	P80314
A6NDX5	P80870
A6NDX5	P82979
A6NDX5	P84096
A6NDX5	P84095
A6NDX5	P85298
A6NDX5	P87311
A6NDX5	P93002
A6NDX5	P97445
A6NDX5	P97523
A6NDX5	P97686
A6NDX5	P97822
A6NDX5	P98187
A6NDX5	P9WI79
A6NDX5	P9WI78
A6NDX5	P9WQD7
A6NDX5	Q00341
A6NDX5	Q00646
A6NDX5	Q00944
A6NDX5	Q01129
A6NDX5	Q01713
A6NDX5	Q02152
A6NDX5	Q02336
A6NDX5	Q03177
A6NDX5	Q03306
A6NDX5	Q03591
A6NDX5	Q03989
A6NDX5	Q04931
A6NDX5	Q05421
A6NDX5	Q05A36
A6NDX5	Q06337
A6NDX5	Q06710
A6NDX5	Q07008
A6NDX5	Q07283
A6NDX5	Q07914
A6NDX5	Q08602
A6NDX5	Q08AN1
A6NDX5	Q09831
A6NDX5	Q09936
A6NDX5	Q0KI50
A6NDX5	Q0WPX9
A6NDX5	Q10038
A6NDX5	Q10484
A6NDX5	Q11002
A6NDX5	Q12310
A6NDX5	Q12476
A6NDX5	Q12805
A6NDX5	Q13049
A6NDX5	Q13158
A6NDX5	Q13268
A6NDX5	Q13368
A6NDX5	Q13472
A6NDX5	Q13884
A6NDX5	Q14112
A6NDX5	Q14571
A6NDX5	Q14839
A6NDX5	Q149L6
A6NDX5	Q15027
A6NDX5	Q15113
A6NDX5	Q15620
A6NDX5	Q15743
A6NDX5	Q16270
A6NDX5	Q17446
A6NDX5	Q18969
A6NDX5	Q19743
A6NDX5	Q21776
A6NDX5	Q24192
A6NDX5	Q24537
A6NDX5	Q27497
A6NDX5	Q29099
A6NDX5	Q2TV78
A6NDX5	Q2YDW7
A6NDX5	Q38970
A6NDX5	Q3MJK5
A6NDX5	Q3TBD2
A6NDX5	Q3TXZ1
A6NDX5	Q3U3Q1
A6NDX5	Q3UGF1
A6NDX5	Q3ULA2
A6NDX5	Q3URU2
A6NDX5	Q3V1G4
A6NDX5	Q42523
A6NDX5	Q49HM9
A6NDX5	Q4G017
A6NDX5	Q4KLM5
A6NDX5	Q4V8G4
A6NDX5	Q504M8
A6NDX5	Q53GL7
A6NDX5	Q54714
A6NDX5	Q55505
A6NDX5	Q56A06
A6NDX5	Q5AG56
A6NDX5	Q5BKC9
A6NDX5	Q5FW53
A6NDX5	Q5I1X5
A6NDX5	Q5SUE8
A6NDX5	Q5T0B9
A6NDX5	Q5T3I0
A6NDX5	Q5U2N3
A6NDX5	Q5VTD9
A6NDX5	Q5VVJ2
A6NDX5	Q60604
A6NDX5	Q60838
A6NDX5	Q61029
A6NDX5	Q61210
A6NDX5	Q61382
A6NDX5	Q61527
A6NDX5	Q61655
A6NDX5	Q61792
A6NDX5	Q62059
A6NDX5	Q62190
A6NDX5	Q62351
A6NDX5	Q62465
A6NDX5	Q62688
A6NDX5	Q63621
A6NDX5	Q63788
A6NDX5	Q63ZV0
A6NDX5	Q64176
A6NDX5	Q64707
A6NDX5	Q66HC0
A6NDX5	Q68CK6
A6NDX5	Q68EF4
A6NDX5	Q69384
A6NDX5	Q69ZK9
A6NDX5	Q6AZB0
A6NDX5	Q6DYE8
A6NDX5	Q6IQ23
A6NDX5	Q6JHU9
A6NDX5	Q6NXK2
A6NDX5	Q6NZF1
A6NDX5	Q6P1C6
A6NDX5	Q6PA06
A6NDX5	Q6PCN7
A6NDX5	Q6PDK2
A6NDX5	Q6PNC0
A6NDX5	Q6TDP4
A6NDX5	Q6UX06
A6NDX5	Q6UXZ4
A6NDX5	Q6ZMS7
A6NDX5	Q6ZPS6
A6NDX5	Q6ZWI9
A6NDX5	Q70CQ3
A6NDX5	Q71FD5
A6NDX5	Q767L0
A6NDX5	Q7K4Q5
A6NDX5	Q7KU24
A6NDX5	Q7TSF1
A6NDX5	Q7Z3F1
A6NDX5	Q7Z494
A6NDX5	Q7Z7K2
A6NDX5	Q80UW2
A6NDX5	Q80VM4
A6NDX5	Q80YR5
A6NDX5	Q80ZD7
A6NDX5	Q810D1
A6NDX5	Q86TB3
A6NDX5	Q86W10
A6NDX5	Q86XK7
A6NDX5	Q86YZ3
A6NDX5	Q8BH66
A6NDX5	Q8BIZ1
A6NDX5	Q8BL74
A6NDX5	Q8BMF8
A6NDX5	Q8BRH0
A6NDX5	Q8BVW3
A6NDX5	Q8BXN7
A6NDX5	Q8BYM5
A6NDX5	Q8CCE9
A6NDX5	Q8CG03
A6NDX5	Q8CI43
A6NDX5	Q8CIP4
A6NDX5	Q8IAA9
A6NDX5	Q8IV53
A6NDX5	Q8IWZ8
A6NDX5	Q8IXQ6
A6NDX5	Q8IZ07
A6NDX5	Q8IZJ3
A6NDX5	Q8K012
A6NDX5	Q8K0Q5
A6NDX5	Q8K2Y0
A6NDX5	Q8N3C0
A6NDX5	Q8N456
A6NDX5	Q8NCB2
A6NDX5	Q8NFZ3
A6NDX5	Q8NGK0
A6NDX5	Q8NH04
A6NDX5	Q8R183
A6NDX5	Q8R4D5
A6NDX5	Q8R4Y0
A6NDX5	Q8RXF8
A6NDX5	Q8TCQ1
A6NDX5	Q8TDY8
A6NDX5	Q8TEU7
A6NDX5	Q8VCH8
A6NDX5	Q8VI21
A6NDX5	Q8WUT4
A6NDX5	Q8WWZ7
A6NDX5	Q8WZ75
A6NDX5	Q90X38
A6NDX5	Q91V93
A6NDX5	Q91WK1
A6NDX5	Q91X20
A6NDX5	Q91YD6
A6NDX5	Q91ZD1
A6NDX5	Q91ZX7
A6NDX5	Q924T8
A6NDX5	Q925H1
A6NDX5	Q92664
A6NDX5	Q92882
A6NDX5	Q93V58
A6NDX5	Q96A58
A6NDX5	Q96H15
A6NDX5	Q96HU8
A6NDX5	Q96JF6
A6NDX5	Q96K75
A6NDX5	Q96KV6
A6NDX5	Q96LJ7
A6NDX5	Q96M32
A6NDX5	Q96N38
A6NDX5	Q96RL6
A6NDX5	Q96S82
A6NDX5	Q96T51
A6NDX5	Q99257
A6NDX5	Q99570
A6NDX5	Q99675
A6NDX5	Q99767
A6NDX5	Q99958
A6NDX5	Q99JU7
A6NDX5	Q99KZ6
A6NDX5	Q99MQ3
A6NDX5	Q99P84
A6NDX5	Q99PT9
A6NDX5	Q9BR84
A6NDX5	Q9BT88
A6NDX5	Q9BXK1
A6NDX5	Q9BXX0
A6NDX5	Q9BYZ8
A6NDX5	Q9BZJ0
A6NDX5	Q9C005
A6NDX5	Q9C0D7
A6NDX5	Q9C1X1
A6NDX5	Q9C895
A6NDX5	Q9CQ33
A6NDX5	Q9CQC9
A6NDX5	Q9CQM6
A6NDX5	Q9CU65
A6NDX5	Q9CXE0
A6NDX5	Q9CZE3
A6NDX5	Q9CZV8
A6NDX5	Q9D0E1
A6NDX5	Q9D0T2
A6NDX5	Q9D2J4
A6NDX5	Q9D4C9
A6NDX5	Q9D5V2
A6NDX5	Q6JEL3
A6NDX5	Q9D869
A6NDX5	Q9DB38
A6NDX5	Q9DBS5
A6NDX5	Q9EP69
A6NDX5	Q9EPN1
A6NDX5	Q9ERC5
A6NDX5	Q9ERS7
A6NDX5	Q9FVS6
A6NDX5	Q9GZS3
A6NDX5	Q9H0F7
A6NDX5	Q9H244
A6NDX5	Q9H422
A6NDX5	Q9H7Z6
A6NDX5	Q9H9D4
A6NDX5	Q9HAZ2
A6NDX5	Q9HBI6
A6NDX5	Q9HC78
A6NDX5	Q9HCL3
A6NDX5	Q9I7T7
A6NDX5	Q9JJV9
A6NDX5	Q9JKS6
A6NDX5	Q9JMD2
A6NDX5	Q9LRZ0
A6NDX5	Q9LYN7
A6NDX5	Q9M3B9
A6NDX5	Q9N5X6
A6NDX5	Q9NQ86
A6NDX5	Q9NQV7
A6NDX5	Q9NYQ7
A6NDX5	Q9NZ53
A6NDX5	Q9NZN1
A6NDX5	Q9P2E8
A6NDX5	Q9QUG9
A6NDX5	Q9QXE7
A6NDX5	Q9QY76
A6NDX5	Q9QYJ0
A6NDX5	O60884
A6NDX5	O35824
A6NDX5	Q9R099
A6NDX5	Q9R1R4
A6NDX5	Q9SK92
A6NDX5	Q9SW63
A6NDX5	Q9UBC2
A6NDX5	Q9UBN6
A6NDX5	Q9UBX0
A6NDX5	Q9UHC7
A6NDX5	Q9UJD0
A6NDX5	Q9UJZ1
A6NDX5	Q9UKD1
A6NDX5	Q9UKS7
A6NDX5	Q9UL26
A6NDX5	Q9ULS6
A6NDX5	Q9UMR2
A6NDX5	Q9UND3
A6NDX5	Q9UP52
A6NDX5	Q9UUE2
A6NDX5	Q9V769
A6NDX5	Q9VIF1
A6NDX5	Q9VT65
A6NDX5	Q9VZ23
A6NDX5	Q9W2E7
A6NDX5	Q9WUM3
A6NDX5	Q9WVR3
A6NDX5	Q9XIK6
A6NDX5	Q9XW26
A6NDX5	Q9Y242
A6NDX5	Q9Y5E5
A6NDX5	Q9Y5I1
A6NDX5	Q9Y5T5
A6NDX5	Q9Y6Y0
A6NDX5	Q9Y7U7
A6NDX5	Q9Z0U9
A6NDX5	Q9Z140
A6NDX5	Q9Z1I6
A6NDX5	Q9Z1R2
A6NDX5	Q9Z2D6
A6NDX5	A0AUV4
A6NDX5	A2NJV5
A6NDX5	A3GFK8
A6NDX5	A5DRE8
A6NDX5	A6NDS4
A6NDX5	A6NH52
A6NDX5	A8MQL1
A6NDX5	B1B534
A6NDX5	C0HIA3
A6NDX5	C0LGH8
A6NDX5	D3YUG0
A6NDX5	D5SHR0
A6NDX5	F1RCR6
A6NDX5	F4I9S3
A6NDX5	F4INY4
A6NDX5	F4IYH6
A6NDX5	F4JF14
A6NDX5	F4JL11
A6NDX5	F4JXC5
A6NDX5	F4K2E9
A6NDX5	F4KID5
A6NDX5	G4N296
A6NDX5	G5EGJ9
A6NDX5	O00087
A6NDX5	O04316
A6NDX5	O13773
A6NDX5	O13921
A6NDX5	O22755
A6NDX5	O22993
A6NDX5	O23657
A6NDX5	O35083
A6NDX5	O35516
A6NDX5	O42941
A6NDX5	O43665
A6NDX5	O49329
A6NDX5	O54909
A6NDX5	O64477
A6NDX5	O64784
A6NDX5	O75330
A6NDX5	O81414
A6NDX5	O93409
A6NDX5	P01594
A6NDX5	P01741
A6NDX5	P01878
A6NDX5	P02888
A6NDX5	P07154
A6NDX5	P09024
A6NDX5	P0CG81
A6NDX5	P15790
A6NDX5	P18527
A6NDX5	P31722
A6NDX5	P33207
A6NDX5	P35247
A6NDX5	P35950
A6NDX5	P36371
A6NDX5	P38659
A6NDX5	P42571
A6NDX5	P46014
A6NDX5	P46640
A6NDX5	P48145
A6NDX5	P49740
A6NDX5	P51942
A6NDX5	P53178
A6NDX5	P54653
A6NDX5	P54855
A6NDX5	P58182
A6NDX5	P59268
A6NDX5	P78539
A6NDX5	P90754
A6NDX5	P93043
A6NDX5	Q00618
A6NDX5	Q02971
A6NDX5	Q03479
A6NDX5	Q05A13
A6NDX5	Q07970
A6NDX5	Q08477
A6NDX5	Q0WPU1
A6NDX5	Q10169
A6NDX5	Q10FF9
A6NDX5	Q1LZ50
A6NDX5	Q1PFH8
A6NDX5	Q27237
A6NDX5	Q2L4Q9
A6NDX5	Q2QZL4
A6NDX5	Q2THW0
A6NDX5	Q336V9
A6NDX5	Q38849
A6NDX5	Q39032
A6NDX5	Q39172
A6NDX5	Q3V0T4
A6NDX5	B6CZ18
A6NDX5	P00545
A6NDX5	Q93227
A6NDX5	Q93WC4
A6NDX5	Q93Y40
A6NDX5	Q93ZB7
A6NDX5	Q940D0
A6NDX5	Q946J2
A6NDX5	Q94A51
A6NDX5	Q94BZ5
A6NDX5	Q94EH8
A6NDX5	Q96DY5
A6NDX5	Q96KK4
A6NDX5	Q96R09
A6NDX5	Q9C7U8
A6NDX5	Q9C8I6
A6NDX5	Q9C9M0
A6NDX5	Q9CAP8
A6NDX5	Q9CZ49
A6NDX5	Q9D3R5
A6NDX5	Q9EQV8
A6NDX5	Q9FFH0
A6NDX5	Q9FIL1
A6NDX5	Q9FJB5
A6NDX5	Q9FKJ0
A6NDX5	Q9FL26
A6NDX5	Q9FMX8
A6NDX5	Q9FNE2
A6NDX5	Q9FNX5
A6NDX5	Q9FXG8
A6NDX5	Q9H5K3
A6NDX5	Q9JI74
A6NDX5	Q9LDA7
A6NDX5	Q9LMA8
A6NDX5	Q9LMT8
A6NDX5	Q9LNN2
A6NDX5	Q9LSA5
A6NDX5	Q9LU36
A6NDX5	Q9LUL2
A6NDX5	Q9M1S8
A6NDX5	Q9M2H5
A6NDX5	Q9M324
A6NDX5	Q9M9L8
A6NDX5	Q9NU39
A6NDX5	Q9NYM4
A6NDX5	Q9P376
A6NDX5	Q9R1J4
A6NDX5	Q9SD34
A6NDX5	Q9SHE7
A6NDX5	Q9SIS4
A6NDX5	Q9SMQ6
A6NDX5	Q9SS35
A6NDX5	Q9SVM8
A6NDX5	Q9SYX2
A6NDX5	Q9TXJ8
A6NDX5	Q9UKP6
A6NDX5	Q9VN12
A6NDX5	Q9W6A8
A6NDX5	Q9WV08
A6NDX5	Q9XER9
A6NDX5	Q9XIJ5
A6NDX5	Q9XYM0
A6NDX5	Q9Y7T7
A6NDX5	Q9ZQ85
A6NDX5	Q9ZRV4
A6NDX5	Q9ZVA5
A6NDX5	A0A087WSZ9
A6NDX5	A0A1B0GX56
A6NDX5	A0M8Q6
A6NDX5	A1Z8F4
A6NDX5	A2AAY5
A6NDX5	A2AJ15
A6NDX5	A2APT9
A6NDX5	A3KFM7
A6NDX5	A4D1T9
A6NDX5	A5GFS8
A6NDX5	A6H690
A6NDX5	A6NKC9
A6NDX5	A7KAX9
A6NDX5	A8MTY0
A6NDX5	A8R7E6
A6NDX5	B0KYV5
A6NDX5	B1AQJ2
A6NDX5	B1H234
A6NDX5	B2RXR6
A6NDX5	B4DU55
A6NDX5	B8GZM2
A6NDX5	C0LGR9
A6NDX5	D3YX43
A6NDX5	E9PT87
A6NDX5	E9PZJ8
A6NDX5	E9Q5K9
A6NDX5	E9Q9R9
A6NDX5	F1M5N7
A6NDX5	F4JHI7
A6NDX5	G2K046
A6NDX5	C1KVC0
A6NDX5	P0DJM2
A6NDX5	G3X9K3
A6NDX5	H2KY84
A6NDX5	O00148
A6NDX5	O00233
A6NDX5	O00409
A6NDX5	O08662
A6NDX5	O08756
A6NDX5	O08876
A6NDX5	O09053
A6NDX5	O13433
A6NDX5	O14335
A6NDX5	O14525
A6NDX5	O14647
A6NDX5	O14907
A6NDX5	O15370
A6NDX5	O15484
A6NDX5	O35177
A6NDX5	O35433
A6NDX5	O35607
A6NDX5	O35718
A6NDX5	O35867
A6NDX5	O42900
A6NDX5	O45818
A6NDX5	O54852
A6NDX5	O54967
A6NDX5	O59773
A6NDX5	O60119
A6NDX5	O60488
A6NDX5	O60840
A6NDX5	O70351
A6NDX5	O70494
A6NDX5	O74763
A6NDX5	O75011
A6NDX5	O75340
A6NDX5	O75427
A6NDX5	O75529
A6NDX5	O75914
A6NDX5	O76038
A6NDX5	O76742
A6NDX5	O82656
A6NDX5	O88377
A6NDX5	O88775
A6NDX5	O88871
A6NDX5	O88967
A6NDX5	O94875
A6NDX5	O94991
A6NDX5	O96017
A6NDX5	P00329
A6NDX5	P00995
A6NDX5	P01129
A6NDX5	P01911
A6NDX5	P04223
A6NDX5	P04551
A6NDX5	P04785
A6NDX5	P04912
A6NDX5	P06276
A6NDX5	P07293
A6NDX5	P08169
A6NDX5	P08413
A6NDX5	P28652
A6NDX5	P08941
A6NDX5	P09079
A6NDX5	P09874
A6NDX5	P0A9C0
A6NDX5	P0AAF9
A6NDX5	P0AE88
A6NDX5	P0AGG4
A6NDX5	P0C7T2
A6NDX5	P0CB48
A6NDX5	P0CG69
A6NDX5	P10078
A6NDX5	P10915
A6NDX5	P11277
A6NDX5	P11712
A6NDX5	P12109
A6NDX5	P12399
A6NDX5	P13035
A6NDX5	P13504
A6NDX5	P13671
A6NDX5	P13832
A6NDX5	P15307
A6NDX5	P15924
A6NDX5	P16144
A6NDX5	P16381
A6NDX5	P17032
A6NDX5	P17156
A6NDX5	P14659
A6NDX5	P17442
A6NDX5	P18754
A6NDX5	P19018
A6NDX5	P19224
A6NDX5	P20395
A6NDX5	P20793
A6NDX5	P21304
A6NDX5	P22219
A6NDX5	P23467
A6NDX5	P23589
A6NDX5	P24867
A6NDX5	P25099
A6NDX5	P25371
A6NDX5	P25631
A6NDX5	P25846
A6NDX5	P26022
A6NDX5	P26343
A6NDX5	P26618
A6NDX5	P27550
A6NDX5	P27732
A6NDX5	P28223
A6NDX5	P28659
A6NDX5	Q92879
A6NDX5	P29274
A6NDX5	P29597
A6NDX5	P30554
A6NDX5	P31325
A6NDX5	P31503
A6NDX5	P31937
A6NDX5	P32183
A6NDX5	P32521
A6NDX5	P32598
A6NDX5	P34103
A6NDX5	P34972
A6NDX5	P35251
A6NDX5	P35367
A6NDX5	P35499
A6NDX5	P35584
A6NDX5	P36026
A6NDX5	P37805
A6NDX5	Q9R1Q8
A6NDX5	P38788
A6NDX5	P38970
A6NDX5	P40630
A6NDX5	P41209
A6NDX5	P41279
A6NDX5	P41892
A6NDX5	P42166
A6NDX5	P42974
A6NDX5	P47011
A6NDX5	P47074
A6NDX5	P47806
A6NDX5	P48740
A6NDX5	P48972
A6NDX5	P49146
A6NDX5	P49711
A6NDX5	P49795
A6NDX5	P50284
A6NDX5	P50613
A6NDX5	P50942
A6NDX5	P51523
A6NDX5	P51651
A6NDX5	P52738
A6NDX5	P53728
A6NDX5	P53811
A6NDX5	P53978
A6NDX5	P54156
A6NDX5	P54350
A6NDX5	P54753
A6NDX5	P55286
A6NDX5	P56202
A6NDX5	P56677
A6NDX5	P58659
A6NDX5	P59395
A6NDX5	P60752
A6NDX5	P62841
A6NDX5	P62843
A6NDX5	P62845
A6NDX5	P62844
A6NDX5	P63124
A6NDX5	P70170
A6NDX5	P70658
A6NDX5	P78371
A6NDX5	P80315
A6NDX5	P82987
A6NDX5	P85515
A6NDX5	P61163
A6NDX5	P61164
A6NDX5	P91430
A6NDX5	P97352
A6NDX5	P97447
A6NDX5	P97950
A6NDX5	P9WGL9
A6NDX5	P9WH43
A6NDX5	P9WH42
A6NDX5	P9WPI3
A6NDX5	P9WPI2
A6NDX5	Q00342
A6NDX5	Q00647
A6NDX5	Q00947
A6NDX5	Q01130
A6NDX5	Q3MHR5
A6NDX5	Q62093
A6NDX5	Q6PDU1
A6NDX5	Q01714
A6NDX5	Q02338
A6NDX5	Q03311
A6NDX5	Q03600
A6NDX5	Q03828
A6NDX5	Q04545
A6NDX5	Q04833
A6NDX5	Q05030
A6NDX5	Q05A62
A6NDX5	Q06732
A6NDX5	Q07014
A6NDX5	Q07292
A6NDX5	Q08162
A6NDX5	Q08257
A6NDX5	Q08438
A6NDX5	Q08605
A6NDX5	Q08787
A6NDX5	Q08945
A6NDX5	Q08AT1
A6NDX5	Q09373
A6NDX5	Q09537
A6NDX5	Q09838
A6NDX5	Q09948
A6NDX5	Q0VDF9
A6NDX5	Q0WQ57
A6NDX5	Q10488
A6NDX5	Q12024
A6NDX5	Q12311
A6NDX5	Q12809
A6NDX5	Q12933
A6NDX5	Q13275
A6NDX5	Q13370
A6NDX5	Q13474
A6NDX5	Q13563
A6NDX5	Q13670
A6NDX5	Q13886
A6NDX5	Q14114
A6NDX5	Q14416
A6NDX5	Q14573
A6NDX5	Q14847
A6NDX5	Q149M0
A6NDX5	Q15303
A6NDX5	Q15622
A6NDX5	Q16280
A6NDX5	Q16560
A6NDX5	Q16825
A6NDX5	Q17551
A6NDX5	Q17ST2
A6NDX5	Q1HKZ5
A6NDX5	Q22712
A6NDX5	Q24206
A6NDX5	Q2M1K9
A6NDX5	Q2QPG9
A6NDX5	Q2TV84
A6NDX5	Q2YIF7
A6NDX5	Q38HM4
A6NDX5	Q3KR16
A6NDX5	Q3SZC6
A6NDX5	Q3UHL1
A6NDX5	Q3ULB5
A6NDX5	Q3UV71
A6NDX5	Q4G050
A6NDX5	Q52KR2
A6NDX5	Q53GQ0
A6NDX5	Q54715
A6NDX5	Q562E2
A6NDX5	Q56A07
A6NDX5	Q59KI4
A6NDX5	Q59TB2
A6NDX5	Q5A1M3
A6NDX5	Q5AG86
A6NDX5	Q5DTT2
A6NDX5	Q5FW85
A6NDX5	Q5GLZ8
A6NDX5	Q5HZI2
A6NDX5	Q5JST6
A6NDX5	Q5PPI1
A6NDX5	Q5PQS0
A6NDX5	Q5T3U5
A6NDX5	Q5TAH2
A6NDX5	Q5U2N4
A6NDX5	Q5U2Z5
A6NDX5	Q5VYS8
A6NDX5	Q5XI50
A6NDX5	Q5XIN7
A6NDX5	Q5XKR4
A6NDX5	Q60841
A6NDX5	Q60949
A6NDX5	Q61033
A6NDX5	Q61390
A6NDX5	Q61532
A6NDX5	Q61656
A6NDX5	Q61818
A6NDX5	Q62066
A6NDX5	Q62191
A6NDX5	Q62356
A6NDX5	Q62468
A6NDX5	Q62689
A6NDX5	Q62796
A6NDX5	Q63081
A6NDX5	Q63470
A6NDX5	Q61214
A6NDX5	Q13627
A6NDX5	Q63622
A6NDX5	Q63789
A6NDX5	Q63ZW7
A6NDX5	Q643R3
A6NDX5	Q66HC1
A6NDX5	Q66K79
A6NDX5	Q695P6
A6NDX5	Q69ZL1
A6NDX5	Q6AZW8
A6NDX5	Q6GQT6
A6NDX5	Q6NL34
A6NDX5	Q6NUW5
A6NDX5	Q6NXK5
A6NDX5	Q6P6V6
A6NDX5	Q6P9A3
A6NDX5	Q6PDK8
A6NDX5	Q6QIX3
A6NDX5	Q6RUV5
A6NDX5	P63000
A6NDX5	P63001
A6NDX5	Q6UX07
A6NDX5	Q6UY09
A6NDX5	Q6WKZ7
A6NDX5	Q6Y2X3
A6NDX5	Q6ZMT1
A6NDX5	Q6ZNA1
A6NDX5	Q6ZPT1
A6NDX5	Q6ZUM4
A6NDX5	Q6ZWJ1
A6NDX5	Q70CQ4
A6NDX5	Q71FD7
A6NDX5	Q767L8
A6NDX5	Q7JUY7
A6NDX5	Q7KUT2
A6NDX5	Q7TNB8
A6NDX5	Q7Z3G6
A6NDX5	Q80SY4
A6NDX5	Q80UW3
A6NDX5	Q80WC7
A6NDX5	Q80X56
A6NDX5	Q80Y14
A6NDX5	Q80ZD8
A6NDX5	Q810D6
A6NDX5	Q83MH5
A6NDX5	Q84JR9
A6NDX5	Q86NH1
A6NDX5	Q86UD3
A6NDX5	Q86UV5
A6NDX5	Q86W11
A6NDX5	Q86Z02
A6NDX5	Q8BIZ6
A6NDX5	Q8BL80
A6NDX5	Q8BLX7
A6NDX5	Q8BRH3
A6NDX5	Q8BV57
A6NDX5	Q8BWT1
A6NDX5	Q8C110
A6NDX5	Q8C1R0
A6NDX5	Q8C5L6
A6NDX5	Q8C726
A6NDX5	Q8CB67
A6NDX5	Q8CG07
A6NDX5	Q8CI51
A6NDX5	Q8H100
A6NDX5	Q8IUI4
A6NDX5	Q8IX01
A6NDX5	Q8IY84
A6NDX5	Q8IYL9
A6NDX5	Q8IZ13
A6NDX5	Q8IZJ4
A6NDX5	Q8JZL0
A6NDX5	Q8K2F0
A6NDX5	Q8K2Y3
A6NDX5	Q8K3G5
A6NDX5	Q8LEM7
A6NDX5	Q8MR31
A6NDX5	Q8N3C7
A6NDX5	Q8N539
A6NDX5	Q8N6N7
A6NDX5	Q8N8H1
A6NDX5	Q8N9W6
A6NDX5	Q8NBN7
A6NDX5	Q8ND23
A6NDX5	Q8NEP9
A6NDX5	Q8NFH3
A6NDX5	Q8NFZ4
A6NDX5	Q8NGK3
A6NDX5	Q8NH19
A6NDX5	Q8RXG3
A6NDX5	Q8T0G4
A6NDX5	Q8TC21
A6NDX5	Q8TCS8
A6NDX5	Q8TDD2
A6NDX5	Q8TEU8
A6NDX5	Q8VDI7
A6NDX5	Q8VEG6
A6NDX5	Q8VHK7
A6NDX5	Q8VIK3
A6NDX5	Q8WWZ8
A6NDX5	Q8WXX5
A6NDX5	Q90XF2
A6NDX5	Q91V98
A6NDX5	Q91XF4
A6NDX5	Q91ZY2
A6NDX5	Q922K9
A6NDX5	Q924U5
A6NDX5	Q92887
A6NDX5	Q93VD3
A6NDX5	Q940Z2
A6NDX5	Q95Q98
A6NDX5	Q96321
A6NDX5	Q969W8
A6NDX5	Q96AX2
A6NDX5	Q96BP3
A6NDX5	Q96C45
A6NDX5	Q96EY1
A6NDX5	Q96FK6
A6NDX5	Q96K76
A6NDX5	Q96KV7
A6NDX5	Q96MI6
A6NDX5	Q96N46
A6NDX5	Q96QS3
A6NDX5	Q96S86
A6NDX5	Q96T58
A6NDX5	Q99439
A6NDX5	Q99676
A6NDX5	Q99788
A6NDX5	Q99959
A6NDX5	Q99MR1
A6NDX5	Q99N48
A6NDX5	Q99PU5
A6NDX5	Q9BPX1
A6NDX5	Q9BUT1
A6NDX5	Q9BVG8
A6NDX5	Q9BW83
A6NDX5	Q9BXX2
A6NDX5	Q9BZJ3
A6NDX5	Q9C009
A6NDX5	Q9CDR5
A6NDX5	Q9CQ35
A6NDX5	Q9CQM9
A6NDX5	Q9CR00
A6NDX5	Q9CUB6
A6NDX5	Q9CWT3
A6NDX5	Q9CZG9
A6NDX5	Q9CZW4
A6NDX5	Q9D2J7
A6NDX5	Q9D3D0
A6NDX5	Q9D880
A6NDX5	Q9DAI4
A6NDX5	Q9DC53
A6NDX5	Q9DCN7
A6NDX5	Q9EP71
A6NDX5	Q9EPQ0
A6NDX5	Q9ERC8
A6NDX5	Q8VHZ8
A6NDX5	Q9ESP5
A6NDX5	Q9FLT0
A6NDX5	Q9H9E1
A6NDX5	Q9HAC8
A6NDX5	Q9HBJ7
A6NDX5	Q9HC84
A6NDX5	Q9HD67
A6NDX5	Q9JI39
A6NDX5	Q9JK97
A6NDX5	Q9JLI8
A6NDX5	Q9JM47
A6NDX5	Q9LDF2
A6NDX5	Q9LM33
A6NDX5	Q9LS42
A6NDX5	Q9LVI6
A6NDX5	Q9LYQ8
A6NDX5	Q9NPH3
A6NDX5	Q9NQV8
A6NDX5	Q9NR56
A6NDX5	Q9NSA2
A6NDX5	Q9NVV4
A6NDX5	Q9NYQ8
A6NDX5	Q9NZN3
A6NDX5	Q9P0W2
A6NDX5	Q9P227
A6NDX5	Q9P7B4
A6NDX5	Q9P7T8
A6NDX5	Q9QWH1
A6NDX5	Q9QY78
A6NDX5	Q9QYJ2
A6NDX5	Q9QZH2
A6NDX5	Q9RQQ9
A6NDX5	Q9SHC8
A6NDX5	Q9TTS3
A6NDX5	Q9U263
A6NDX5	Q9UBC3
A6NDX5	Q9UBN7
A6NDX5	Q9UBX1
A6NDX5	Q9UF33
A6NDX5	Q9UGM3
A6NDX5	Q9UHD1
A6NDX5	Q9UJF2
A6NDX5	Q9UKT4
A6NDX5	Q9ULE6
A6NDX5	Q9ULT0
A6NDX5	Q9UNE0
A6NDX5	Q9UP79
A6NDX5	Q9UPW0
A6NDX5	Q9US25
A6NDX5	Q9UUE4
A6NDX5	Q9V771
A6NDX5	Q9VC94
A6NDX5	Q9VLK8
A6NDX5	Q9VW15
A6NDX5	Q9VXE5
A6NDX5	Q9W462
A6NDX5	Q9WTX2
A6NDX5	Q9WUM4
A6NDX5	Q9WV63
A6NDX5	Q9WVE8
A6NDX5	Q9WVR4
A6NDX5	Q9XS70
A6NDX5	Q9Y2H1
A6NDX5	Q9Y2R2
A6NDX5	Q9Y3P9
A6NDX5	Q9Y4C4
A6NDX5	Q9Y508
A6NDX5	Q9Y5E6
A6NDX5	Q9Y5I4
A6NDX5	Q9Y620
A6NDX5	Q9Y6D5
A6NDX5	Q9Y6Y1
A6NDX5	Q9Y7V2
A6NDX5	Q9Z0V1
A6NDX5	Q9Z143
A6NDX5	Q9Z1J1
A6NDX5	Q9Z2D7
A6NDX5	Q9Z2N8
A6NDX5	A0JD32
A6NDX5	A2XFF4
A6NDX5	A4R8N4
A6NDX5	A4RN46
A6NDX5	A5DRH5
A6NDX5	A6NHC0
A6NDX5	A6NNA5
A6NDX5	A7TTQ1
A6NDX5	A8IHT2
A6NDX5	B4FK49
A6NDX5	B8B8C5
A6NDX5	B9DHD7
A6NDX5	C0LGJ1
A6NDX5	D3ZPG5
A6NDX5	F1RCY6
A6NDX5	F4HXZ1
A6NDX5	F4I9T0
A6NDX5	F4IGL2
A6NDX5	F4J7S8
A6NDX5	F4JL28
A6NDX5	F4KIF3
A6NDX5	G5EBT1
A6NDX5	G5EGK8
A6NDX5	O04318
A6NDX5	O14185
A6NDX5	O15015
A6NDX5	O17736
A6NDX5	O22203
A6NDX5	O22759
A6NDX5	O23661
A6NDX5	O35536
A6NDX5	O42945
A6NDX5	O43692
A6NDX5	O49332
A6NDX5	O49663
A6NDX5	O64483
A6NDX5	O65639
A6NDX5	O70342
A6NDX5	O80775
A6NDX5	O88488
A6NDX5	O97240
A6NDX5	P01599
A6NDX5	P04430
A6NDX5	P06133
A6NDX5	P08042
A6NDX5	P09084
A6NDX5	P0C131
A6NDX5	P0CE10
A6NDX5	P0CG88
A6NDX5	P0CG80
A6NDX5	P0DPD5
A6NDX5	P13297
A6NDX5	P15796
A6NDX5	P17128
A6NDX5	P18531
A6NDX5	P20615
A6NDX5	P22121
A6NDX5	P22934
A6NDX5	P30935
A6NDX5	P33274
A6NDX5	P34663
A6NDX5	P35282
A6NDX5	P35978
A6NDX5	P36376
A6NDX5	P39654
A6NDX5	P40418
A6NDX5	P42573
A6NDX5	P43368
A6NDX5	P48785
A6NDX5	P58223
A6NDX5	P59271
A6NDX5	P62882
A6NDX5	P63322
A6NDX5	P11233
A6NDX5	P63321
A6NDX5	P78595
A6NDX5	P83967
A6NDX5	P93045
A6NDX5	P93825
A6NDX5	Q01474
A6NDX5	Q02972
A6NDX5	Q03503
A6NDX5	Q05AL2
A6NDX5	Q08495
A6NDX5	Q09388
A6NDX5	Q09769
A6NDX5	Q09928
A6NDX5	Q0E9H9
A6NDX5	Q0JJ01
A6NDX5	Q0PCS3
A6NDX5	Q0WPW5
A6NDX5	Q0WUF6
A6NDX5	Q10579
A6NDX5	Q10FT0
A6NDX5	Q15319
A6NDX5	Q17784
A6NDX5	Q1M168
A6NDX5	Q1ZXL0
A6NDX5	Q2R0Q1
A6NDX5	Q2TJ95
A6NDX5	Q2VWQ2
A6NDX5	Q337A0
A6NDX5	Q39183
A6NDX5	Q3B7T6
A6NDX5	Q3TP92
A6NDX5	O95476
A6NDX5	Q3SYB3
A6NDX5	Q3TT99
A6NDX5	Q3UA06
A6NDX5	Q3URE9
A6NDX5	Q40541
A6NDX5	P01117
A6NDX5	P59281
A6NDX5	Q08943
A6NDX5	Q08943
A6NDX5	Q6DUB4
A6NDX5	Q92021
A6NDX5	Q924C6
A6NDX5	Q946J8
A6NDX5	Q94A52
A6NDX5	Q96KN3
A6NDX5	Q96MT1
A6NDX5	Q96R27
A6NDX5	Q9BWX1
A6NDX5	Q9C6F7
A6NDX5	Q9C966
A6NDX5	Q9D1E8
A6NDX5	Q9DBI0
A6NDX5	Q9ESP7
A6NDX5	Q9FFH3
A6NDX5	Q9FGL5
A6NDX5	Q9FIM4
A6NDX5	Q9FMD5
A6NDX5	Q9FMY5
A6NDX5	Q9FNE4
A6NDX5	Q9FNX8
A6NDX5	Q9FWS9
A6NDX5	Q9FYK2
A6NDX5	Q9GZV7
A6NDX5	Q9H2C5
A6NDX5	Q9JI78
A6NDX5	Q9JJN5
A6NDX5	Q9JL56
A6NDX5	Q9LMT9
A6NDX5	Q9LPR4
A6NDX5	Q9LQM3
A6NDX5	Q9LSA6
A6NDX5	Q9LTF2
A6NDX5	Q9LVP0
A6NDX5	Q9LYB9
A6NDX5	Q9LZ39
A6NDX5	Q9LZU5
A6NDX5	Q9M4U4
A6NDX5	Q9M9P4
A6NDX5	Q9MAK9
A6NDX5	Q9NPH5
A6NDX5	Q9NYS7
A6NDX5	Q9P3A7
A6NDX5	Q9P7I0
A6NDX5	Q9QZQ5
A6NDX5	Q9S7G6
A6NDX5	Q9SAH3
A6NDX5	Q9SF36
A6NDX5	Q9SGA5
A6NDX5	Q9SIT1
A6NDX5	Q9SJT0
A6NDX5	Q9SLA8
A6NDX5	Q9SNB4
A6NDX5	Q9SRH7
A6NDX5	Q9SU94
A6NDX5	Q9SY73
A6NDX5	Q9UDX3
A6NDX5	Q9UKR3
A6NDX5	Q9UTH8
A6NDX5	Q9VN14
A6NDX5	Q9VW71
A6NDX5	Q9W6A9
A6NDX5	Q9Y3N9
A6NDX5	Q9Y7T9
A6NDX5	Q9ZU51
A6NDX5	Q9ZW03
A6NDX5	V5ILS6
A6NDX5	A0A087WT02
A6NDX5	A0A0B4J1G0
A6NDX5	A0A0U1RQI7
A6NDX5	A0A1B0GX68
A6NDX5	A1L390
A6NDX5	A2A4P0
A6NDX5	A2AB59
A6NDX5	A2AJ76
A6NDX5	A2APV2
A6NDX5	A2RSQ0
A6NDX5	A3KFT3
A6NDX5	A6H6A9
A6NDX5	A6NDH6
A6NDX5	A6NMZ7
A6NDX5	A8TX70
A6NDX5	B0LT89
A6NDX5	B2RR83
A6NDX5	B2RXS4
A6NDX5	B4DX44
A6NDX5	B8JK39
A6NDX5	C0LGT1
A6NDX5	C9JG80
A6NDX5	D3YXG0
A6NDX5	D3ZAR1
A6NDX5	D3ZUU2
A6NDX5	E9PTA2
A6NDX5	E9PZM4
A6NDX5	E9Q5R7
A6NDX5	E9Q9U0
A6NDX5	F1M707
A6NDX5	F4JKH6
A6NDX5	G5EF53
A6NDX5	H2KYH3
A6NDX5	O00151
A6NDX5	O00237
A6NDX5	O00519
A6NDX5	O02193
A6NDX5	O08581
A6NDX5	O08759
A6NDX5	O08899
A6NDX5	O13833
A6NDX5	O14217
A6NDX5	O14649
A6NDX5	O14776
A6NDX5	O14908
A6NDX5	O15041
A6NDX5	O15488
A6NDX5	O16102
A6NDX5	O23236
A6NDX5	O31716
A6NDX5	O34206
A6NDX5	O35066
A6NDX5	O35181
A6NDX5	O35608
A6NDX5	O35728
A6NDX5	O43149
A6NDX5	O43405
A6NDX5	O44408
A6NDX5	O45830
A6NDX5	O54857
A6NDX5	O08586
A6NDX5	P60484
A6NDX5	O54968
A6NDX5	O55106
A6NDX5	O60313
A6NDX5	O60494
A6NDX5	O65469
A6NDX5	O70201
A6NDX5	O74270
A6NDX5	O75342
A6NDX5	O76039
A6NDX5	O76743
A6NDX5	O88379
A6NDX5	O88502
A6NDX5	O88873
A6NDX5	O88974
A6NDX5	O94477
A6NDX5	O94762
A6NDX5	O95170
A6NDX5	O95267
A6NDX5	O95396
A6NDX5	O95490
A6NDX5	O95931
A6NDX5	O96018
A6NDX5	P00330
A6NDX5	P00450
A6NDX5	P01130
A6NDX5	P01920
A6NDX5	P03951
A6NDX5	P04070
A6NDX5	P04233
A6NDX5	P05986
A6NDX5	P06628
A6NDX5	P07246
A6NDX5	P07305
A6NDX5	P08171
A6NDX5	P08414
A6NDX5	P08567
A6NDX5	P08953
A6NDX5	P09081
A6NDX5	P09217
A6NDX5	P09631
A6NDX5	P0ADI4
A6NDX5	P0AF28
A6NDX5	P0C0T2
A6NDX5	P0CC09
A6NDX5	Q6GSS7
A6NDX5	Q6FI13
A6NDX5	P10080
A6NDX5	P10629
A6NDX5	P09630
A6NDX5	P10916
A6NDX5	P11142
A6NDX5	P63017
A6NDX5	P63018
A6NDX5	P11497
A6NDX5	Q5SWU9
A6NDX5	P11714
A6NDX5	P11915
A6NDX5	P12110
A6NDX5	P12400
A6NDX5	P12711
A6NDX5	P13286
A6NDX5	P13833
A6NDX5	P14317
A6NDX5	P14859
A6NDX5	P16546
A6NDX5	P17035
A6NDX5	P17157
A6NDX5	P18163
A6NDX5	P19020
A6NDX5	P19225
A6NDX5	P19454
A6NDX5	P19957
A6NDX5	P20604
A6NDX5	P20794
A6NDX5	P21880
A6NDX5	P22223
A6NDX5	P23284
A6NDX5	P23468
A6NDX5	P23594
A6NDX5	P24339
A6NDX5	P24583
A6NDX5	P25100
A6NDX5	P25299
A6NDX5	P25847
A6NDX5	P26038
A6NDX5	P26900
A6NDX5	P27573
A6NDX5	P29279
A6NDX5	P29618
A6NDX5	P30558
A6NDX5	P30936
A6NDX5	P31146
A6NDX5	P31512
A6NDX5	P31938
A6NDX5	P32599
A6NDX5	P32831
A6NDX5	P33124
A6NDX5	P33302
A6NDX5	P34624
A6NDX5	P34756
A6NDX5	P34975
A6NDX5	P35191
A6NDX5	P35368
A6NDX5	P35916
A6NDX5	P36629
A6NDX5	P36980
A6NDX5	P37806
A6NDX5	P38339
A6NDX5	P38555
A6NDX5	P39687
A6NDX5	P39768
A6NDX5	P39933
A6NDX5	P39987
A6NDX5	P40453
A6NDX5	P40645
A6NDX5	P42167
A6NDX5	P42841
A6NDX5	P43686
A6NDX5	P46060
A6NDX5	P47075
A6NDX5	P47199
A6NDX5	P47809
A6NDX5	P47898
A6NDX5	P48000
A6NDX5	P48741
A6NDX5	P48995
A6NDX5	P49335
A6NDX5	P49796
A6NDX5	P50116
A6NDX5	P50285
A6NDX5	P50479
A6NDX5	P51159
A6NDX5	P51530
A6NDX5	P52739
A6NDX5	P53086
A6NDX5	P53258
A6NDX5	P53316
A6NDX5	P53812
A6NDX5	P53924
A6NDX5	P54351
A6NDX5	P54754
A6NDX5	P55287
A6NDX5	P55849
A6NDX5	P56203
A6NDX5	P56693
A6NDX5	P57682
A6NDX5	P58681
A6NDX5	P59053
A6NDX5	P59409
A6NDX5	P60755
A6NDX5	P63128
A6NDX5	P63330
A6NDX5	P63331
A6NDX5	P67776
A6NDX5	P67774
A6NDX5	P67775
A6NDX5	P70268
A6NDX5	P70351
A6NDX5	P74494
A6NDX5	P75512
A6NDX5	P78380
A6NDX5	P78773
A6NDX5	P80316
A6NDX5	P81718
A6NDX5	P87109
A6NDX5	P87323
A6NDX5	P91443
A6NDX5	P97526
A6NDX5	P97691
A6NDX5	P98063
A6NDX5	P9WI81
A6NDX5	P9WI80
A6NDX5	Q00653
A6NDX5	Q00954
A6NDX5	Q01717
A6NDX5	Q01919
A6NDX5	Q02156
A6NDX5	Q02PA2
A6NDX5	Q03601
A6NDX5	Q04573
A6NDX5	Q04K81
A6NDX5	Q05036
A6NDX5	Q05A80
A6NDX5	Q06205
A6NDX5	Q06506
A6NDX5	Q07528
A6NDX5	Q07928
A6NDX5	Q08CI4
A6NDX5	Q09196
A6NDX5	Q09374
A6NDX5	Q09731
A6NDX5	Q0VDN7
A6NDX5	Q0WQK2
A6NDX5	Q10055
A6NDX5	Q10193
A6NDX5	Q10332
A6NDX5	Q11067
A6NDX5	Q12139
A6NDX5	Q12432
A6NDX5	Q13064
A6NDX5	Q13163
A6NDX5	Q13371
A6NDX5	Q13564
A6NDX5	Q13671
A6NDX5	Q13887
A6NDX5	Q14432
A6NDX5	Q14574
A6NDX5	Q14690
A6NDX5	Q149M9
A6NDX5	Q15746
A6NDX5	Q15843
A6NDX5	Q16281
A6NDX5	Q16659
A6NDX5	Q16828
A6NDX5	Q1PSW8
A6NDX5	Q21832
A6NDX5	Q29122
A6NDX5	Q2HJ56
A6NDX5	Q2M1P5
A6NDX5	Q38SD2
A6NDX5	Q3KR37
A6NDX5	Q3SZE5
A6NDX5	Q3U3T8
A6NDX5	Q3UCQ1
A6NDX5	Q3UGP9
A6NDX5	Q3UNX5
A6NDX5	Q498T3
A6NDX5	Q4G055
A6NDX5	Q4KSH7
A6NDX5	Q4QR76
A6NDX5	Q4V7D7
A6NDX5	Q9NW64
A6NDX5	Q8BHS3
A6NDX5	Q4VGL6
A6NDX5	Q504P2
A6NDX5	Q52KR3
A6NDX5	Q562E7
A6NDX5	Q56A08
A6NDX5	Q571J5
A6NDX5	Q59KM8
A6NDX5	Q5HZJ0
A6NDX5	Q5I6B8
A6NDX5	Q5JT25
A6NDX5	Q5M875
A6NDX5	Q5QNQ6
A6NDX5	Q5SQM0
A6NDX5	Q5T6X5
A6NDX5	Q5U2Z7
A6NDX5	Q5U5Q3
A6NDX5	Q5VTE6
A6NDX5	Q5VYV0
A6NDX5	Q5XEP2
A6NDX5	Q5XI51
A6NDX5	Q5XIE0
A6NDX5	Q60610
A6NDX5	Q60843
A6NDX5	Q61129
A6NDX5	Q61666
A6NDX5	Q61820
A6NDX5	Q62070
A6NDX5	Q62371
A6NDX5	Q62469
A6NDX5	Q62696
A6NDX5	Q62799
A6NDX5	Q62909
A6NDX5	Q63312
A6NDX5	Q63472
A6NDX5	Q63623
A6NDX5	Q63796
A6NDX5	Q64428
A6NDX5	Q64537
A6NDX5	Q64725
A6NDX5	Q68CP9
A6NDX5	Q68EF8
A6NDX5	Q69ZN6
A6NDX5	Q6AYK9
A6NDX5	Q6AZZ1
A6NDX5	Q6ECI4
A6NDX5	Q6ICB4
A6NDX5	Q6MG49
A6NDX5	Q6NV66
A6NDX5	Q6P2D0
A6NDX5	Q6P5G0
A6NDX5	Q6P6W3
A6NDX5	O15379
A6NDX5	O88895
A6NDX5	Q6PAJ1
A6NDX5	Q6PCP7
A6NDX5	Q6PF04
A6NDX5	Q6PST4
A6NDX5	Q6QIY3
A6NDX5	Q6TEN6
A6NDX5	Q6UW02
A6NDX5	Q6UX15
A6NDX5	Q6UY14
A6NDX5	Q6Y306
A6NDX5	Q6ZMT4
A6NDX5	Q6ZNA4
A6NDX5	Q6ZSI9
A6NDX5	Q70E20
A6NDX5	Q792H5
A6NDX5	Q9Z0H4
A6NDX5	O95319
A6NDX5	Q7KVA1
A6NDX5	Q7TMF2
A6NDX5	Q7TP98
A6NDX5	Q7TQC7
A6NDX5	Q7Z2F6
A6NDX5	Q7Z3H4
A6NDX5	Q7Z4F1
A6NDX5	Q7Z5L7
A6NDX5	Q7Z6K3
A6NDX5	Q80TN4
A6NDX5	Q80U62
A6NDX5	Q80UW5
A6NDX5	Q80X60
A6NDX5	Q80ZE3
A6NDX5	Q84JT7
A6NDX5	Q86TC9
A6NDX5	Q86UD4
A6NDX5	Q86VF7
A6NDX5	Q86W24
A6NDX5	Q8BGC0
A6NDX5	Q8BK48
A6NDX5	Q8BLY1
A6NDX5	Q8BNW9
A6NDX5	Q8BRH4
A6NDX5	Q8BZH4
A6NDX5	Q8C0G2
A6NDX5	Q8C115
A6NDX5	Q8CB77
A6NDX5	Q8CG09
A6NDX5	Q8CGP6
A6NDX5	Q8CIQ7
A6NDX5	Q8IR79
A6NDX5	Q8IV61
A6NDX5	Q8IVU1
A6NDX5	Q8IX03
A6NDX5	Q8JZM4
A6NDX5	Q8K203
A6NDX5	Q8K418
A6NDX5	Q8K4L0
A6NDX5	Q8L4P8
A6NDX5	Q8MR37
A6NDX5	Q8N0Z9
A6NDX5	Q8N2G6
A6NDX5	Q8N3D4
A6NDX5	Q8N988
A6NDX5	Q8NAT2
A6NDX5	Q8NBP0
A6NDX5	Q8NCE2
A6NDX5	Q8NE31
A6NDX5	Q8NFH4
A6NDX5	Q8NGM8
A6NDX5	Q8NH21
A6NDX5	Q8R3P9
A6NDX5	Q8TAI7
A6NDX5	Q8TE12
A6NDX5	Q8VCZ7
A6NDX5	Q8VHK9
A6NDX5	Q8VIK5
A6NDX5	Q8W1D5
A6NDX5	Q8WUU4
A6NDX5	Q8WZ82
A6NDX5	Q91VA0
A6NDX5	Q91VS8
A6NDX5	Q91X43
A6NDX5	Q91XI1
A6NDX5	Q91YE3
A6NDX5	Q91ZY8
A6NDX5	Q92547
A6NDX5	Q925I1
A6NDX5	Q92667
A6NDX5	Q92888
A6NDX5	Q95QC4
A6NDX5	Q969W9
A6NDX5	Q96BQ1
A6NDX5	Q96C55
A6NDX5	Q96CW9
A6NDX5	Q96DR7
A6NDX5	Q96EF0
A6NDX5	Q96GC6
A6NDX5	Q96N58
A6NDX5	Q96NU1
A6NDX5	Q96PX1
A6NDX5	Q96QS6
A6NDX5	Q99677
A6NDX5	Q99795
A6NDX5	Q99961
A6NDX5	Q99KD5
A6NDX5	Q99N50
A6NDX5	Q9BX46
A6NDX5	Q9BZ19
A6NDX5	Q9BZJ6
A6NDX5	Q9C019
A6NDX5	Q9C8J8
A6NDX5	Q9CUN6
A6NDX5	Q9CWT6
A6NDX5	Q9CZW5
A6NDX5	Q9D0E5
A6NDX5	Q9D1P2
A6NDX5	Q9D4G9
A6NDX5	Q9DB43
A6NDX5	Q9EPQ1
A6NDX5	Q9EQW7
A6NDX5	Q9ERD6
A6NDX5	Q9ERU3
A6NDX5	Q9ESQ5
A6NDX5	Q9FCA6
A6NDX5	Q9FJE8
A6NDX5	Q9FLT4
A6NDX5	Q9FX43
A6NDX5	Q9GYH7
A6NDX5	Q9GZT3
A6NDX5	Q9H0H3
A6NDX5	Q9H251
A6NDX5	Q9H3F6
A6NDX5	Q9H4M9
A6NDX5	Q9H5Y7
A6NDX5	Q9H6N6
A6NDX5	Q9H808
A6NDX5	Q9H8U3
A6NDX5	Q9H9F9
A6NDX5	Q9HAD4
A6NDX5	Q9HC96
A6NDX5	Q9HCM2
A6NDX5	Q9HDB9
A6NDX5	Q9I8D1
A6NDX5	Q9JHS4
A6NDX5	Q9JIK5
A6NDX5	Q9JJW6
A6NDX5	Q9JM52
A6NDX5	Q9LHI7
A6NDX5	Q9LME4
A6NDX5	Q9LSE1
A6NDX5	Q9LYR5
A6NDX5	Q9M3E5
A6NDX5	Q9NNW7
A6NDX5	Q9NQW1
A6NDX5	Q9NR63
A6NDX5	Q9NUQ2
A6NDX5	Q9NVW2
A6NDX5	Q9NXL2
A6NDX5	Q9NYR8
A6NDX5	Q9NZ94
A6NDX5	Q9NZN4
A6NDX5	Q9P232
A6NDX5	Q9P2F6
A6NDX5	Q9P6K0
A6NDX5	Q9QUH6
A6NDX5	Q9QYJ3
A6NDX5	Q9QZH3
A6NDX5	Q9R0Q1
A6NDX5	Q9R1A8
A6NDX5	Q9SKG5
A6NDX5	Q9UBC5
A6NDX5	Q9UBP0
A6NDX5	Q9UF47
A6NDX5	Q9UHD2
A6NDX5	Q9UII4
A6NDX5	Q9UK10
A6NDX5	Q9UKT5
A6NDX5	Q9UL36
A6NDX5	Q9ULT6
A6NDX5	Q9UMR7
A6NDX5	Q9UNE2
A6NDX5	Q9UPA5
A6NDX5	Q9UQP3
A6NDX5	Q9USX7
A6NDX5	Q9V780
A6NDX5	Q9VCA5
A6NDX5	Q9VH07
A6NDX5	Q9VIF6
A6NDX5	Q9VMX6
A6NDX5	Q9VUR7
A6NDX5	Q9VXE6
A6NDX5	Q9W0T1
A6NDX5	Q9WV66
A6NDX5	Q9XSC3
A6NDX5	Q9XW79
A6NDX5	Q9Y048
A6NDX5	Q9Y2H2
A6NDX5	Q9Y2R4
A6NDX5	Q9Y5E7
A6NDX5	Q9Y5J1
A6NDX5	Q9Y5U5
A6NDX5	Q9Y623
A6NDX5	Q9Y6D6
A6NDX5	Q9Y6Y8
A6NDX5	Q9Z0H0
A6NDX5	Q9Z0V2
A6NDX5	Q63881
A6NDX5	Q9NZV8
A6NDX5	Q9Z148
A6NDX5	Q9Z1J2
A6NDX5	Q9Z1S0
A6NDX5	Q9Z2D8
A6NDX5	Q9ZRZ8
A6NDX5	A0JJX5
A6NDX5	A2XFW2
A6NDX5	A2YQ56
A6NDX5	A4QPB2
A6NDX5	A6NDY0
A6NDX5	A6NHG9
A6NDX5	A7TLA0
A6NDX5	B8B8I3
A6NDX5	B9DHG0
A6NDX5	C0LGJ9
A6NDX5	E7F7X0
A6NDX5	F1RRT2
A6NDX5	F4HTH8
A6NDX5	F4HY56
A6NDX5	F4IZM8
A6NDX5	F4J7T2
A6NDX5	F4JLE5
A6NDX5	F4JY11
A6NDX5	F4K3G5
A6NDX5	F4KCL7
A6NDX5	G4N2B5
A6NDX5	G5EBV0
A6NDX5	I3LHK5
A6NDX5	O00097
A6NDX5	O04319
A6NDX5	O04716
A6NDX5	O13783
A6NDX5	O14343
A6NDX5	O17972
A6NDX5	O22207
A6NDX5	O23034
A6NDX5	O48802
A6NDX5	O49339
A6NDX5	O54927
A6NDX5	O64492
A6NDX5	O70362
A6NDX5	O74178
A6NDX5	O74435
A6NDX5	O77323
A6NDX5	O80777
A6NDX5	O94323
A6NDX5	O94421
A6NDX5	O95843
A6NDX5	P01611
A6NDX5	P01743
A6NDX5	P01881
A6NDX5	P04432
A6NDX5	P05094
A6NDX5	P08152
A6NDX5	P09102
A6NDX5	P0C132
A6NDX5	P0C7N1
A6NDX5	P0DKK0
A6NDX5	P0DKJ9
A6NDX5	P0DN77
A6NDX5	P0DN78
A6NDX5	P04001
A6NDX5	P11609
A6NDX5	P13368
A6NDX5	P15800
A6NDX5	P17178
A6NDX5	P18532
A6NDX5	P20693
A6NDX5	P22126
A6NDX5	P26307
A6NDX5	P28481
A6NDX5	P30938
A6NDX5	P34684
A6NDX5	P35992
A6NDX5	P36397
A6NDX5	P37058
A6NDX5	P39679
A6NDX5	P40055
A6NDX5	P40421
A6NDX5	P46665
A6NDX5	P49300
A6NDX5	P49749
A6NDX5	P51979
A6NDX5	P62203
A6NDX5	P62203
A6NDX5	P70385
A6NDX5	P80108
A6NDX5	P93831
A6NDX5	P97714
A6NDX5	Q00664
A6NDX5	Q01484
A6NDX5	Q02284
A6NDX5	Q08BB5
A6NDX5	Q09389
A6NDX5	Q0J6N4
A6NDX5	Q0JKD0
A6NDX5	Q10051
A6NDX5	Q10661
A6NDX5	Q10PS6
A6NDX5	Q11207
A6NDX5	Q12705
A6NDX5	Q17820
A6NDX5	Q19360
A6NDX5	Q21624
A6NDX5	Q23862
A6NDX5	Q2LAE1
A6NDX5	Q2R114
A6NDX5	Q337Y2
A6NDX5	Q39043
A6NDX5	Q39190
A6NDX5	Q3E8W4
A6NDX5	Q3HRP5
A6NDX5	Q3UES3
A6NDX5	Q49A33
A6NDX5	Q924C5
A6NDX5	Q93373
A6NDX5	Q93WE4
A6NDX5	Q93YN1
A6NDX5	Q94C25
A6NDX5	Q94K05
A6NDX5	Q96293
A6NDX5	Q96292
A6NDX5	Q96A37
A6NDX5	Q96E66
A6NDX5	Q96MU8
A6NDX5	Q96R30
A6NDX5	Q96VB9
A6NDX5	Q99757
A6NDX5	Q9ASP6
A6NDX5	Q9C566
A6NDX5	Q9C6G0
A6NDX5	Q9C774
A6NDX5	Q9CAA0
A6NDX5	Q9CQW3
A6NDX5	Q9D5S7
A6NDX5	Q9DBI2
A6NDX5	Q9ER04
A6NDX5	Q9FF29
A6NDX5	Q9FFH8
A6NDX5	Q9FFZ6
A6NDX5	Q9FGL9
A6NDX5	Q9FHN8
A6NDX5	Q9FIM5
A6NDX5	Q9FJD6
A6NDX5	Q9FK07
A6NDX5	Q9FN02
A6NDX5	Q9FNE9
A6NDX5	Q9H2C8
A6NDX5	Q9H5Z1
A6NDX5	Q9JJP9
A6NDX5	Q9LDD1
A6NDX5	Q9LE81
A6NDX5	Q9LG02
A6NDX5	Q9LHQ0
A6NDX5	Q9LIP5
A6NDX5	Q9LJM4
A6NDX5	Q9LRV8
A6NDX5	Q9LU44
A6NDX5	Q9LUM0
A6NDX5	Q9LVP1
A6NDX5	Q9LX30
A6NDX5	Q9LYC6
A6NDX5	Q9LZU9
A6NDX5	Q9M2I2
A6NDX5	Q9M4U5
A6NDX5	Q9M8S2
A6NDX5	Q9NU63
A6NDX5	Q9PU53
A6NDX5	Q9QYF1
A6NDX5	Q9QZQ8
A6NDX5	Q9S7G7
A6NDX5	Q9SA68
A6NDX5	Q9SAH7
A6NDX5	Q9SCJ4
A6NDX5	Q9SD70
A6NDX5	Q9SF41
A6NDX5	Q9SJ84
A6NDX5	Q9SMT7
A6NDX5	Q9SNB6
A6NDX5	Q9SSN3
A6NDX5	Q9STP8
A6NDX5	Q9SX38
A6NDX5	Q9SY74
A6NDX5	Q9UGF7
A6NDX5	Q9UT23
A6NDX5	Q9VN93
A6NDX5	Q9WV52
A6NDX5	Q9XZ25
A6NDX5	Q9Y3Q0
A6NDX5	Q9Y651
A6NDX5	Q9ZPI5
A6NDX5	Q9ZW04
A6NDX5	A0A075B6H7
A6NDX5	A0A087WT03
A6NDX5	A0A0B4J1U4
A6NDX5	A0A0C4DH24
A6NDX5	A0A1D5P556
A6NDX5	A2A5K6
A6NDX5	A2ABU4
A6NDX5	A2AJ77
A6NDX5	A2APX8
A6NDX5	A2AWA9
A6NDX5	A4FPM7
A6NDX5	A5JYW9
A6NDX5	A6H6E2
A6NDX5	A6NDI0
A6NDX5	A6NN14
A6NDX5	A7MAZ5
A6NDX5	A8MUH7
A6NDX5	A8VU90
A6NDX5	B2RRF6
A6NDX5	B4DXR9
A6NDX5	B5X0E4
A6NDX5	C0LGT6
A6NDX5	D3YXK1
A6NDX5	D3ZAW2
A6NDX5	D4A702
A6NDX5	E9PTG8
A6NDX5	E9PZQ0
A6NDX5	E9Q9W7
A6NDX5	F1M7Y5
A6NDX5	G3XA57
A6NDX5	G5ECQ3
A6NDX5	O00522
A6NDX5	O05251
A6NDX5	O08764
A6NDX5	O08900
A6NDX5	O09100
A6NDX5	O14111
A6NDX5	O14530
A6NDX5	O15047
A6NDX5	O15492
A6NDX5	O35071
A6NDX5	O35445
A6NDX5	O35730
A6NDX5	O35876
A6NDX5	O43150
A6NDX5	O43291
A6NDX5	O43414
A6NDX5	O43683
A6NDX5	O43815
A6NDX5	O54735
A6NDX5	O54972
A6NDX5	O55111
A6NDX5	O65570
A6NDX5	O70209
A6NDX5	O70503
A6NDX5	O75147
A6NDX5	O75344
A6NDX5	O75820
A6NDX5	O75916
A6NDX5	O76041
A6NDX5	O76840
A6NDX5	O88382
A6NDX5	O88506
A6NDX5	O88621
A6NDX5	O88778
A6NDX5	O94479
A6NDX5	O95006
A6NDX5	O95271
A6NDX5	O95397
A6NDX5	P00331
A6NDX5	P00451
A6NDX5	P01133
A6NDX5	P02671
A6NDX5	P03952
A6NDX5	P06634
A6NDX5	P07091
A6NDX5	P07247
A6NDX5	P07306
A6NDX5	P07909
A6NDX5	P08172
A6NDX5	P09083
A6NDX5	P09632
A6NDX5	P0A6H4
A6NDX5	P0A6H1
A6NDX5	P0AAG9
A6NDX5	P0AAG8
A6NDX5	P0C5Y8
A6NDX5	P10081
A6NDX5	P10630
A6NDX5	Q14240
A6NDX5	Q5RKI1
A6NDX5	P10922
A6NDX5	P11146
A6NDX5	P11498
A6NDX5	P11716
A6NDX5	P12111
A6NDX5	P14866
A6NDX5	P15116
A6NDX5	P15311
A6NDX5	P15938
A6NDX5	P16152
A6NDX5	P16879
A6NDX5	P17036
A6NDX5	P17679
A6NDX5	P18494
A6NDX5	P18759
A6NDX5	P19021
A6NDX5	P19669
A6NDX5	P20606
A6NDX5	P21333
A6NDX5	P22079
A6NDX5	P23287
A6NDX5	P23469
A6NDX5	P23595
A6NDX5	P24347
A6NDX5	P25101
A6NDX5	P25300
A6NDX5	P25635
A6NDX5	P26358
A6NDX5	P27574
A6NDX5	P27773
A6NDX5	P28845
A6NDX5	P29619
A6NDX5	P30559
A6NDX5	P30939
A6NDX5	P31360
A6NDX5	P31513
A6NDX5	P32191
A6NDX5	P32381
A6NDX5	P33146
A6NDX5	P33763
A6NDX5	P34631
A6NDX5	P34982
A6NDX5	P35590
A6NDX5	P35917
A6NDX5	P36130
A6NDX5	P36631
A6NDX5	P36993
A6NDX5	P39053
A6NDX5	P39688
A6NDX5	A1Y2K1
A6NDX5	Q62844
A6NDX5	P39769
A6NDX5	P40362
A6NDX5	P40494
A6NDX5	P40656
A6NDX5	P41317
A6NDX5	P42168
A6NDX5	P43146
A6NDX5	P43687
A6NDX5	P45700
A6NDX5	P46061
A6NDX5	P47209
A6NDX5	P47810
A6NDX5	P47900
A6NDX5	P48510
A6NDX5	P48742
A6NDX5	P63006
A6NDX5	P63007
A6NDX5	P49336
A6NDX5	P49797
A6NDX5	P50488
A6NDX5	P51160
A6NDX5	P51532
A6NDX5	P52740
A6NDX5	P53141
A6NDX5	P53259
A6NDX5	P53813
A6NDX5	P54353
A6NDX5	P54756
A6NDX5	P55144
A6NDX5	P55288
A6NDX5	P56915
A6NDX5	P58682
A6NDX5	P62760
A6NDX5	P62761
A6NDX5	P62762
A6NDX5	P62993
A6NDX5	P62994
A6NDX5	Q60631
A6NDX5	P63136
A6NDX5	P63244
A6NDX5	P63245
A6NDX5	P63246
A6NDX5	P68040
A6NDX5	P68182
A6NDX5	P70174
A6NDX5	P70270
A6NDX5	P80317
A6NDX5	P81795
A6NDX5	P41091
A6NDX5	Q9Z0N1
A6NDX5	P93025
A6NDX5	P97531
A6NDX5	P98066
A6NDX5	P9WGM1
A6NDX5	P9WGM0
A6NDX5	P9WI82
A6NDX5	P9WI83
A6NDX5	A5TY85
A6NDX5	P9WNZ1
A6NDX5	P9WNZ0
A6NDX5	Q00372
A6NDX5	Q00655
A6NDX5	Q00955
A6NDX5	Q01149
A6NDX5	Q01718
A6NDX5	Q02799
A6NDX5	Q02953
A6NDX5	Q03323
A6NDX5	Q03717
A6NDX5	Q03833
A6NDX5	Q04004
A6NDX5	Q04206
A6NDX5	Q04836
A6NDX5	Q05040
A6NDX5	Q05695
A6NDX5	Q05AA6
A6NDX5	Q07343
A6NDX5	Q08170
A6NDX5	Q08446
A6NDX5	Q08817
A6NDX5	Q08CK7
A6NDX5	Q09406
A6NDX5	Q0VDT2
A6NDX5	Q0WR59
A6NDX5	Q10059
A6NDX5	Q10199
A6NDX5	Q12028
A6NDX5	Q12946
A6NDX5	Q13177
A6NDX5	Q13387
A6NDX5	Q13478
A6NDX5	Q13683
A6NDX5	Q14191
A6NDX5	Q14576
A6NDX5	Q14872
A6NDX5	Q149N8
A6NDX5	Q15034
A6NDX5	Q15311
A6NDX5	Q15434
A6NDX5	Q16288
A6NDX5	Q16566
A6NDX5	Q17574
A6NDX5	Q18034
A6NDX5	Q1HPS0
A6NDX5	Q1RLL3
A6NDX5	Q24214
A6NDX5	Q2HWF0
A6NDX5	Q2M1Z3
A6NDX5	Q2UY09
A6NDX5	Q32P44
A6NDX5	Q3K1U4
A6NDX5	Q3TBV4
A6NDX5	Q3TY86
A6NDX5	Q3U3V8
A6NDX5	Q3UHR0
A6NDX5	Q3ULF4
A6NDX5	Q3UVK0
A6NDX5	Q4KUS2
A6NDX5	Q4V8H8
A6NDX5	Q53GS9
A6NDX5	Q55544
A6NDX5	Q56A10
A6NDX5	Q571K4
A6NDX5	Q5AAG6
A6NDX5	Q5EB77
A6NDX5	Q5FVC2
A6NDX5	Q5FWF4
A6NDX5	Q5GN48
A6NDX5	Q5JT82
A6NDX5	Q5PPJ9
A6NDX5	Q5QNQ9
A6NDX5	Q5SF07
A6NDX5	Q5TAQ9
A6NDX5	Q5TGI4
A6NDX5	Q5U300
A6NDX5	Q5XIE6
A6NDX5	Q5XPI3
A6NDX5	Q60749
A6NDX5	Q60846
A6NDX5	Q60953
A6NDX5	Q61036
A6NDX5	Q61398
A6NDX5	Q62073
A6NDX5	Q62205
A6NDX5	Q62376
A6NDX5	Q62470
A6NDX5	Q62806
A6NDX5	Q62910
A6NDX5	Q63085
A6NDX5	Q63474
A6NDX5	Q63624
A6NDX5	Q641K5
A6NDX5	Q64429
A6NDX5	Q66K89
A6NDX5	Q69ZN7
A6NDX5	Q6AYB4
A6NDX5	Q6B0I6
A6NDX5	Q6DI35
A6NDX5	Q6ED65
A6NDX5	Q6IQ55
A6NDX5	Q6P1E8
A6NDX5	Q6P2D8
A6NDX5	Q6P5G3
A6NDX5	Q6PGN3
A6NDX5	Q6PTT0
A6NDX5	Q6QLM7
A6NDX5	Q6UY18
A6NDX5	Q6Y5D8
A6NDX5	Q6ZNB5
A6NDX5	Q6ZPV2
A6NDX5	Q6ZUT3
A6NDX5	Q6ZWK6
A6NDX5	Q768S4
A6NDX5	Q7L3S4
A6NDX5	Q7M757
A6NDX5	Q7TNC6
A6NDX5	Q7TSG2
A6NDX5	Q7Z3I7
A6NDX5	Q7Z6K4
A6NDX5	Q7Z7L9
A6NDX5	Q80TN5
A6NDX5	Q80WE1
A6NDX5	Q80X66
A6NDX5	Q80Y19
A6NDX5	Q80YR9
A6NDX5	Q83JC4
A6NDX5	P0CE47
A6NDX5	P0CE48
A6NDX5	P0A6N3
A6NDX5	A7ZSL4
A6NDX5	Q84JU6
A6NDX5	Q86W25
A6NDX5	Q86WZ6
A6NDX5	Q86YB7
A6NDX5	Q8BGZ3
A6NDX5	Q8BI55
A6NDX5	Q8BK63
A6NDX5	Q8BL97
A6NDX5	Q8BRJ3
A6NDX5	Q8BU40
A6NDX5	Q8BV79
A6NDX5	Q8BWW4
A6NDX5	Q8C120
A6NDX5	Q8C8R3
A6NDX5	Q8CFA1
A6NDX5	Q8CG19
A6NDX5	Q8CI61
A6NDX5	Q8CIR4
A6NDX5	Q8IV63
A6NDX5	Q8IVU3
A6NDX5	Q8IZ26
A6NDX5	Q8K430
A6NDX5	Q6TDP3
A6NDX5	Q8MR62
A6NDX5	Q8N3E9
A6NDX5	Q8N554
A6NDX5	Q8N7Q3
A6NDX5	Q8NE35
A6NDX5	Q8NFZ8
A6NDX5	Q8NGN0
A6NDX5	Q8NH50
A6NDX5	Q8RXN0
A6NDX5	Q8T0S6
A6NDX5	Q8TAK5
A6NDX5	Q8TDF6
A6NDX5	Q8TE49
A6NDX5	Q8TFG6
A6NDX5	Q8VC51
A6NDX5	Q8VDJ3
A6NDX5	Q8VE37
A6NDX5	Q8W493
A6NDX5	Q8WX93
A6NDX5	Q91VT1
A6NDX5	Q91WK7
A6NDX5	Q91X45
A6NDX5	Q91YR9
A6NDX5	Q922M3
A6NDX5	Q924W7
A6NDX5	Q92670
A6NDX5	Q92794
A6NDX5	Q92988
A6NDX5	Q94BV4
A6NDX5	Q95Y80
A6NDX5	Q96AY3
A6NDX5	Q96CX2
A6NDX5	Q96EF6
A6NDX5	Q96FN4
A6NDX5	Q96H35
A6NDX5	Q96JH8
A6NDX5	Q96K80
A6NDX5	Q96N64
A6NDX5	Q96PE1
A6NDX5	Q96QT4
A6NDX5	Q99679
A6NDX5	Q99962
A6NDX5	Q99JW2
A6NDX5	Q99L04
A6NDX5	Q99N57
A6NDX5	Q99P96
A6NDX5	Q99PU8
A6NDX5	Q9BRC7
A6NDX5	Q9BTC0
A6NDX5	Q9BW91
A6NDX5	Q9BX59
A6NDX5	Q9BXY4
A6NDX5	Q9C026
A6NDX5	Q9C8K2
A6NDX5	Q9CRA8
A6NDX5	Q9CWU2
A6NDX5	Q9CZW6
A6NDX5	Q9D1P4
A6NDX5	D4A4T9
A6NDX5	Q9D4H1
A6NDX5	Q9D6X6
A6NDX5	Q9D883
A6NDX5	Q9EP75
A6NDX5	Q9EPQ2
A6NDX5	Q9EQG3
A6NDX5	Q9EQX4
A6NDX5	Q9ERU9
A6NDX5	Q9ESQ7
A6NDX5	Q9FE20
A6NDX5	Q9FLT5
A6NDX5	Q9FX53
A6NDX5	Q9GYI0
A6NDX5	Q9H069
A6NDX5	Q9H0H5
A6NDX5	Q9H1E5
A6NDX5	Q9H254
A6NDX5	Q9H446
A6NDX5	Q9H4Q3
A6NDX5	Q9H6Q3
A6NDX5	Q9HB14
A6NDX5	Q9HC97
A6NDX5	Q9HDC5
A6NDX5	Q9I958
A6NDX5	Q9JI46
A6NDX5	Q9JIL3
A6NDX5	Q9JKV2
A6NDX5	Q9LHP2
A6NDX5	Q9LSI9
A6NDX5	Q9LVL5
A6NDX5	Q9LYU7
A6NDX5	Q9MZ08
A6NDX5	Q9NAG4
A6NDX5	Q9NQW6
A6NDX5	Q9NR64
A6NDX5	Q9NRJ7
A6NDX5	Q9NRY4
A6NDX5	Q9NTN9
A6NDX5	Q9NX36
A6NDX5	Q9NYA4
A6NDX5	Q9NYR9
A6NDX5	Q9NZN5
A6NDX5	Q9P2S6
A6NDX5	Q9P7E1
A6NDX5	Q9P7V5
A6NDX5	Q9QUI0
A6NDX5	P61586
A6NDX5	P61589
A6NDX5	Q9QWJ9
A6NDX5	Q9QXG4
A6NDX5	Q9QXV1
A6NDX5	Q9QY83
A6NDX5	Q9R0Q4
A6NDX5	Q6QI89
A6NDX5	Q9R1S7
A6NDX5	Q9SHS7
A6NDX5	Q9UBX5
A6NDX5	Q9UHX1
A6NDX5	Q9UII5
A6NDX5	Q9UK11
A6NDX5	Q9UL40
A6NDX5	Q9ULG1
A6NDX5	Q9ULU4
A6NDX5	Q9UNE7
A6NDX5	Q9UPC5
A6NDX5	Q9UPW8
A6NDX5	Q9UQQ1
A6NDX5	Q9V4A7
A6NDX5	Q9VCA8
A6NDX5	Q9VH48
A6NDX5	Q9VLN1
A6NDX5	Q9VPQ6
A6NDX5	Q9VXF1
A6NDX5	Q9VZF4
A6NDX5	Q9W0T5
A6NDX5	Q9WTN5
A6NDX5	Q9WUA2
A6NDX5	Q9WUN2
A6NDX5	Q9WV68
A6NDX5	Q9XW88
A6NDX5	Q9Y0A1
A6NDX5	Q9Y297
A6NDX5	Q9Y2H5
A6NDX5	Q9Y3B4
A6NDX5	Q9Y4C8
A6NDX5	Q9Y5E8
A6NDX5	Q9Y624
A6NDX5	Q9Y6E0
A6NDX5	Q9Y6N5
A6NDX5	Q9Y6Z9
A6NDX5	Q9Z0H1
A6NDX5	Q9Z1S3
A6NDX5	Q9Z2E1
A6NDX5	Q9Z2P5
A6NDX5	Q9ZSA2
A6NDX5	A2RT60
A6NDX5	A2YQ93
A6NDX5	A3GGE9
A6NDX5	A6NHN6
A6NDX5	A6NND4
A6NDX5	A7TZF3
A6NDX5	A8INQ0
A6NDX5	A8MR21
A6NDX5	B0BNN3
A6NDX5	B8BB68
A6NDX5	B9DHT4
A6NDX5	C0LGP2
A6NDX5	D3YWQ0
A6NDX5	D6R9N7
A6NDX5	D6RA61
A6NDX5	D6RBQ6
A6NDX5	D6RCP7
A6NDX5	D6RJB6
A6NDX5	C9JVI0
A6NDX5	Q0WX57
A6NDX5	E7F888
A6NDX5	E9QA28
A6NDX5	F4HYJ7
A6NDX5	F4I443
A6NDX5	F4IAE9
A6NDX5	F4J7T3
A6NDX5	F4JY12
A6NDX5	F4K3M6
A6NDX5	F4KIX0
A6NDX5	G4N2X9
A6NDX5	O04719
A6NDX5	O09035
A6NDX5	O13945
A6NDX5	O14345
A6NDX5	O15218
A6NDX5	O18017
A6NDX5	O22785
A6NDX5	O35116
A6NDX5	O35569
A6NDX5	O43812
A6NDX5	O49340
A6NDX5	O54929
A6NDX5	O64511
A6NDX5	O64790
A6NDX5	O65381
A6NDX5	O77334
A6NDX5	O80946
A6NDX5	O81488
A6NDX5	O82210
A6NDX5	O88507
A6NDX5	O93796
A6NDX5	P01757
A6NDX5	P01882
A6NDX5	P04433
A6NDX5	P05095
A6NDX5	P07225
A6NDX5	P0C7N5
A6NDX5	P0CE46
A6NDX5	P0CH01
A6NDX5	P11610
A6NDX5	P12431
A6NDX5	P13385
A6NDX5	P18089
A6NDX5	P22953
A6NDX5	P25021
A6NDX5	P27680
A6NDX5	P28492
A6NDX5	P29117
A6NDX5	P29755
A6NDX5	P31787
A6NDX5	P33288
A6NDX5	P34121
A6NDX5	P36408
A6NDX5	P38862
A6NDX5	P39684
A6NDX5	P42697
A6NDX5	P46089
A6NDX5	P46667
A6NDX5	P47103
A6NDX5	P49373
A6NDX5	P52015
A6NDX5	P58269
A6NDX5	Q92784
A6NDX5	P59280
A6NDX5	P70387
A6NDX5	P90920
A6NDX5	Q00690
A6NDX5	Q04584
A6NDX5	Q05466
A6NDX5	Q06548
A6NDX5	Q08BR4
A6NDX5	Q09429
A6NDX5	Q0GGW5
A6NDX5	Q0J6T3
A6NDX5	Q0JKV1
A6NDX5	Q0WQ07
A6NDX5	Q0WUR5
A6NDX5	Q10057
A6NDX5	Q10752
A6NDX5	Q10GB1
A6NDX5	Q14549
A6NDX5	Q15485
A6NDX5	Q19418
A6NDX5	Q1MTR5
A6NDX5	Q1ZXQ0
A6NDX5	Q23915
A6NDX5	Q2LAJ3
A6NDX5	Q338B0
A6NDX5	Q39191
A6NDX5	Q3B8P0
A6NDX5	Q3V172
A6NDX5	Q96GQ7
A6NDX5	P02254
A6NDX5	P0CG50
A6NDX5	P0CG50
A6NDX5	P12493
A6NDX5	Q0DRX6
A6NDX5	Q920A1
A6NDX5	Q924N9
A6NDX5	Q93ZE9
A6NDX5	Q947D2
A6NDX5	Q94AS5
A6NDX5	Q94K41
A6NDX5	Q95PI2
A6NDX5	Q96A61
A6NDX5	Q96R47
A6NDX5	Q99784
A6NDX5	Q99LJ7
A6NDX5	Q9ASQ2
A6NDX5	Q9AV47
A6NDX5	Q9BXA6
A6NDX5	Q9C587
A6NDX5	Q9C7W2
A6NDX5	Q9C8J7
A6NDX5	Q9C9N5
A6NDX5	Q9CQ29
A6NDX5	Q9CWP6
A6NDX5	Q9DBK7
A6NDX5	Q9EP86
A6NDX5	Q9ER10
A6NDX5	Q9FF31
A6NDX5	Q9FHN9
A6NDX5	Q9FIM9
A6NDX5	Q9FN03
A6NDX5	Q9FWW6
A6NDX5	Q9HGL5
A6NDX5	Q9JL60
A6NDX5	Q9LDD4
A6NDX5	Q9LJN8
A6NDX5	Q9LMX7
A6NDX5	Q9LSW9
A6NDX5	Q9LUM3
A6NDX5	Q9LXN4
A6NDX5	Q9LZ46
A6NDX5	Q9LZV7
A6NDX5	Q9M2K0
A6NDX5	Q9M548
A6NDX5	Q9M8S6
A6NDX5	Q9M9S4
A6NDX5	Q9P7I3
A6NDX5	Q9R1S8
A6NDX5	Q9S972
A6NDX5	Q9SGD1
A6NDX5	Q9SIT6
A6NDX5	Q9SJ85
A6NDX5	Q9SJU0
A6NDX5	Q9SLC4
A6NDX5	Q9SRL2
A6NDX5	Q9SSQ2
A6NDX5	Q9SUA3
A6NDX5	Q9T0C7
A6NDX5	Q9U1M8
A6NDX5	Q9USM5
A6NDX5	Q9UT24
A6NDX5	Q9UTI3
A6NDX5	Q9VCR3
A6NDX5	Q9VWC6
A6NDX5	Q9WJR5
A6NDX5	Q9XI01
A6NDX5	Q9Z2B3
A6NDX5	Q9ZPI6
A6NDX5	Q9ZSA3
A6NDX5	Q9ZVC1
A6NDX5	Q9ZW18
A6NDX5	A0A075B6H8
A6NDX5	A0A0B4J1V0
A6NDX5	A0A0C4DH25
A6NDX5	A0A0H2USC0
A6NDX5	A0A0X1KG70
A6NDX5	A0A1D6GDY8
A6NDX5	A2A5N3
A6NDX5	A2AWP8
A6NDX5	B0R160
A6NDX5	B1H278
A6NDX5	B2RY04
A6NDX5	B8Y466
A6NDX5	C0LGU5
A6NDX5	D3YXK2
A6NDX5	D3ZAZ5
A6NDX5	D3ZJ96
A6NDX5	E9PU17
A6NDX5	E9Q612
A6NDX5	E9QA62
A6NDX5	F4JPR7
A6NDX5	G3N131
A6NDX5	H2KYQ5
A6NDX5	O00155
A6NDX5	O00254
A6NDX5	O00421
A6NDX5	O00533
A6NDX5	O01159
A6NDX5	O05268
A6NDX5	O08583
A6NDX5	O08665
A6NDX5	O08773
A6NDX5	O08901
A6NDX5	O13985
A6NDX5	O14112
A6NDX5	O14340
A6NDX5	O14654
A6NDX5	O14782
A6NDX5	O14917
A6NDX5	O15146
A6NDX5	O23304
A6NDX5	O32151
A6NDX5	O34324
A6NDX5	O35074
A6NDX5	O35324
A6NDX5	O35615
A6NDX5	O36025
A6NDX5	O43027
A6NDX5	O43155
A6NDX5	O43684
A6NDX5	O43818
A6NDX5	O54748
A6NDX5	O54863
A6NDX5	O55236
A6NDX5	O60129
A6NDX5	O60861
A6NDX5	O61661
A6NDX5	O65719
A6NDX5	O70373
A6NDX5	O70373
A6NDX5	O70511
A6NDX5	O74304
A6NDX5	O75151
A6NDX5	O75346
A6NDX5	O75437
A6NDX5	O75674
A6NDX5	O75821
A6NDX5	O75923
A6NDX5	O76054
A6NDX5	O86560
A6NDX5	O88508
A6NDX5	O88783
A6NDX5	O88984
A6NDX5	O94319
A6NDX5	O94486
A6NDX5	O94887
A6NDX5	O95007
A6NDX5	O95398
A6NDX5	P00332
A6NDX5	P02549
A6NDX5	P02675
A6NDX5	P02992
A6NDX5	P03953
A6NDX5	P05093
A6NDX5	P05997
A6NDX5	P07248
A6NDX5	P07307
A6NDX5	P07911
A6NDX5	P08174
A6NDX5	P09085
A6NDX5	P0A6H5
A6NDX5	P0A6H6
A6NDX5	P0A6H7
A6NDX5	P0AAI8
A6NDX5	P0AEC3
A6NDX5	P0C0V0
A6NDX5	P0C5Y9
A6NDX5	P0C7U0
A6NDX5	P0CE43
A6NDX5	P0DKX0
A6NDX5	P10751
A6NDX5	P11147
A6NDX5	P11717
A6NDX5	P12882
A6NDX5	P13681
A6NDX5	P15442
A6NDX5	P15943
A6NDX5	P16157
A6NDX5	P17038
A6NDX5	P17695
A6NDX5	P19022
A6NDX5	P20231
A6NDX5	P20417
A6NDX5	P20801
A6NDX5	P21126
A6NDX5	P21707
A6NDX5	P22082
A6NDX5	P22227
A6NDX5	P22470
A6NDX5	P22748
A6NDX5	P22987
A6NDX5	P23291
A6NDX5	P23470
A6NDX5	P23798
A6NDX5	P25103
A6NDX5	P25567
A6NDX5	P26361
A6NDX5	P28867
A6NDX5	P29295
A6NDX5	P29620
A6NDX5	P30560
A6NDX5	P31151
A6NDX5	P31361
A6NDX5	P31942
A6NDX5	P32383
A6NDX5	P33151
A6NDX5	P33764
A6NDX5	P34112
A6NDX5	P34443
A6NDX5	P34985
A6NDX5	P35270
A6NDX5	P35372
A6NDX5	P35600
A6NDX5	P35922
A6NDX5	P38237
A6NDX5	P38570
A6NDX5	P38691
A6NDX5	P39054
A6NDX5	P39052
A6NDX5	P39770
A6NDX5	P39993
A6NDX5	P40046
A6NDX5	P41216
A6NDX5	P41338
A6NDX5	P41909
A6NDX5	P43234
A6NDX5	P43322
A6NDX5	P43694
A6NDX5	P46379
A6NDX5	P47211
A6NDX5	P47811
A6NDX5	P70618
A6NDX5	P47901
A6NDX5	P49802
A6NDX5	P49956
A6NDX5	P50502
A6NDX5	P50947
A6NDX5	P51533
A6NDX5	P51660
A6NDX5	P51812
A6NDX5	P51911
A6NDX5	P52741
A6NDX5	P53734
A6NDX5	P53879
A6NDX5	P53927
A6NDX5	P54198
A6NDX5	P54757
A6NDX5	P55034
A6NDX5	P55146
A6NDX5	P55289
A6NDX5	P56696
A6NDX5	P58308
A6NDX5	P60762
A6NDX5	P63390
A6NDX5	P68187
A6NDX5	P70271
A6NDX5	P70483
A6NDX5	P70663
A6NDX5	P72854
A6NDX5	P79483
A6NDX5	P80318
A6NDX5	P85968
A6NDX5	P96890
A6NDX5	P97452
A6NDX5	P98073
A6NDX5	P9WGM3
A6NDX5	P9WPL9
A6NDX5	Q01939
A6NDX5	Q02956
A6NDX5	Q02PH8
A6NDX5	Q03330
A6NDX5	Q03606
A6NDX5	Q03834
A6NDX5	Q04207
A6NDX5	Q04589
A6NDX5	Q04721
A6NDX5	Q05471
A6NDX5	Q05707
A6NDX5	Q07800
A6NDX5	Q08460
A6NDX5	Q09219
A6NDX5	Q09736
A6NDX5	Q09FC8
A6NDX5	Q0QWG9
A6NDX5	Q0WRY5
A6NDX5	Q10491
A6NDX5	Q12680
A6NDX5	Q12947
A6NDX5	Q13283
A6NDX5	Q13480
A6NDX5	Q13685
A6NDX5	Q14192
A6NDX5	Q14896
A6NDX5	Q15435
A6NDX5	Q15751
A6NDX5	Q16322
A6NDX5	Q16832
A6NDX5	Q18066
A6NDX5	Q18PI6
A6NDX5	Q19848
A6NDX5	Q1JPZ3
A6NDX5	Q24248
A6NDX5	Q2HXL6
A6NDX5	Q2M218
A6NDX5	Q2MKA7
A6NDX5	Q30201
A6NDX5	Q32P51
A6NDX5	Q39008
A6NDX5	Q3B7K9
A6NDX5	Q3KR56
A6NDX5	Q3TT38
A6NDX5	Q3TY92
A6NDX5	Q3U435
A6NDX5	Q3UP24
A6NDX5	Q3US16
A6NDX5	Q498T9
A6NDX5	Q49SQ1
A6NDX5	Q4J955
A6NDX5	Q4KLN7
A6NDX5	Q4KWH5
A6NDX5	Q4QR85
A6NDX5	Q53GT1
A6NDX5	Q54QB1
A6NDX5	Q55563
A6NDX5	Q562R1
A6NDX5	Q56A18
A6NDX5	Q59U10
A6NDX5	Q5AGV4
A6NDX5	Q5EB92
A6NDX5	Q5FVC7
A6NDX5	Q5KSL6
A6NDX5	Q5PPK9
A6NDX5	Q5QNS5
A6NDX5	Q5SFM8
A6NDX5	Q5SUS0
A6NDX5	Q5T0N5
A6NDX5	Q5T447
A6NDX5	Q5TAX3
A6NDX5	Q5U2P2
A6NDX5	Q5U5R9
A6NDX5	Q5VTH9
A6NDX5	Q5XIP4
A6NDX5	Q5XPI4
A6NDX5	Q60614
A6NDX5	Q60750
A6NDX5	Q60847
A6NDX5	Q61136
A6NDX5	Q61409
A6NDX5	Q61686
A6NDX5	Q62074
A6NDX5	Q62381
A6NDX5	Q62807
A6NDX5	Q62915
A6NDX5	Q63327
A6NDX5	Q63475
A6NDX5	Q63625
A6NDX5	Q64008
A6NDX5	Q641P0
A6NDX5	Q642C0
A6NDX5	Q6NZB0
A6NDX5	Q64729
A6NDX5	Q66L42
A6NDX5	Q6AHZ1
A6NDX5	Q6EDY6
A6NDX5	Q6GQU6
A6NDX5	Q6IMB1
A6NDX5	Q6IQ97
A6NDX5	Q6P2E9
A6NDX5	Q6P5G6
A6NDX5	Q6PDM2
A6NDX5	Q07955
A6NDX5	Q3YLA6
A6NDX5	Q6PF15
A6NDX5	Q6PIL6
A6NDX5	Q99MG9
A6NDX5	Q6PHZ8
A6NDX5	Q6QLQ4
A6NDX5	Q6UX41
A6NDX5	Q6V0I7
A6NDX5	Q6ZMU1
A6NDX5	Q6ZNB6
A6NDX5	Q70EK9
A6NDX5	Q769J6
A6NDX5	Q7JVP4
A6NDX5	Q7M758
A6NDX5	Q7RTV3
A6NDX5	Q7TMI3
A6NDX5	Q7TPB1
A6NDX5	Q7TSG3
A6NDX5	Q7Z2K6
A6NDX5	Q7Z3J3
A6NDX5	Q7Z7M0
A6NDX5	Q80T03
A6NDX5	Q80TN7
A6NDX5	Q80WE4
A6NDX5	Q80ZF8
A6NDX5	Q810I2
A6NDX5	Q83P35
A6NDX5	Q84M93
A6NDX5	Q86UE3
A6NDX5	Q86UW8
A6NDX5	Q86VH2
A6NDX5	Q86W26
A6NDX5	Q86XN8
A6NDX5	Q8AXF4
A6NDX5	Q8BGZ4
A6NDX5	Q8BHK6
A6NDX5	Q8BI67
A6NDX5	Q8BLY3
A6NDX5	Q8BMI3
A6NDX5	Q8BT60
A6NDX5	Q8BWW9
A6NDX5	Q8BYN5
A6NDX5	Q8C0J2
A6NDX5	Q8C5N5
A6NDX5	Q8C8T7
A6NDX5	Q8CCH7
A6NDX5	Q8CHK4
A6NDX5	Q92993
A6NDX5	Q99MK2
A6NDX5	Q8H106
A6NDX5	Q8IRC7
A6NDX5	Q8IUL8
A6NDX5	Q8IV77
A6NDX5	Q8IZ40
A6NDX5	Q8K209
A6NDX5	Q8K3H5
A6NDX5	Q8K440
A6NDX5	Q8N103
A6NDX5	Q8N7S2
A6NDX5	Q8N8J6
A6NDX5	Q8N9Z0
A6NDX5	Q8NER1
A6NDX5	Q8NFI4
A6NDX5	Q8NGP0
A6NDX5	Q8NH54
A6NDX5	Q8R066
A6NDX5	Q8R1B0
A6NDX5	Q8R1X6
A6NDX5	Q8RXX9
A6NDX5	Q8T390
A6NDX5	Q8TBB1
A6NDX5	Q8TDG2
A6NDX5	Q8VC52
A6NDX5	Q8VCK6
A6NDX5	Q8VEJ4
A6NDX5	Q8VHL1
A6NDX5	Q8VI36
A6NDX5	Q8W4D8
A6NDX5	Q8WTX9
A6NDX5	Q8WVF5
A6NDX5	Q8WX94
A6NDX5	Q8WZA1
A6NDX5	Q91VC3
A6NDX5	P38919
A6NDX5	A6M931
A6NDX5	Q3B8Q2
A6NDX5	Q91W90
A6NDX5	Q91WL0
A6NDX5	Q91X46
A6NDX5	Q91XM9
A6NDX5	Q91YE7
A6NDX5	Q91YS8
A6NDX5	Q63450
A6NDX5	Q91ZI0
A6NDX5	Q91ZZ5
A6NDX5	Q921N6
A6NDX5	Q92375
A6NDX5	Q92462
A6NDX5	Q92673
A6NDX5	Q92796
A6NDX5	Q95QG8
A6NDX5	Q95Y82
A6NDX5	Q96AY4
A6NDX5	Q96BR1
A6NDX5	Q96CX3
A6NDX5	Q96FQ6
A6NDX5	Q96H40
A6NDX5	Q96K83
A6NDX5	Q96MM3
A6NDX5	Q96NW4
A6NDX5	Q96PE2
A6NDX5	Q96PX8
A6NDX5	Q96QT6
A6NDX5	Q97FT7
A6NDX5	Q99680
A6NDX5	Q99963
A6NDX5	Q99JA4
A6NDX5	Q99KE8
A6NDX5	Q99L13
A6NDX5	Q99LI5
A6NDX5	Q99MR8
A6NDX5	Q99N69
A6NDX5	Q99P99
A6NDX5	Q9BVI0
A6NDX5	Q9BX67
A6NDX5	Q9BZ29
A6NDX5	Q9C029
A6NDX5	Q9C551
A6NDX5	Q9C8M9
A6NDX5	Q9CQE0
A6NDX5	Q9CV28
A6NDX5	Q9CXF4
A6NDX5	Q9D0W5
A6NDX5	Q9D2P8
A6NDX5	Q9D4H2
A6NDX5	Q9D9N5
A6NDX5	Q9DAM1
A6NDX5	Q9DBG9
A6NDX5	Q9EPQ8
A6NDX5	Q9EQG6
A6NDX5	Q9ERD8
A6NDX5	Q9ERV1
A6NDX5	Q9ESR9
A6NDX5	Q9FJK8
A6NDX5	Q9H461
A6NDX5	Q9H4Q4
A6NDX5	Q9H7B4
A6NDX5	Q9H8W4
A6NDX5	Q9HAH1
A6NDX5	Q9HB15
A6NDX5	Q9HBL6
A6NDX5	Q9HCB6
A6NDX5	Q9HCM9
A6NDX5	Q9JHA8
A6NDX5	Q9JI55
A6NDX5	Q9JIL4
A6NDX5	Q9JIY5
A6NDX5	Q9LDZ5
A6NDX5	Q9LMM1
A6NDX5	Q9LVM0
A6NDX5	Q9M5K3
A6NDX5	Q9NNX6
A6NDX5	Q9NQW8
A6NDX5	Q9NRK6
A6NDX5	Q9NTU7
A6NDX5	Q9NVX2
A6NDX5	Q9NWS9
A6NDX5	Q9NYS0
A6NDX5	Q9P243
A6NDX5	Q9P2F9
A6NDX5	Q9P7E8
A6NDX5	Q9P7V9
A6NDX5	Q9QY84
A6NDX5	Q9QZ15
A6NDX5	Q9QZW9
A6NDX5	Q9R0A5
A6NDX5	Q9R1B9
A6NDX5	Q9S709
A6NDX5	Q9SKK2
A6NDX5	Q9STJ8
A6NDX5	Q9SXB3
A6NDX5	Q9U297
A6NDX5	Q9UBD0
A6NDX5	Q9UBP9
A6NDX5	Q9UHX3
A6NDX5	Q9UIJ5
A6NDX5	Q9UJJ9
A6NDX5	Q9UK12
A6NDX5	Q9UKT8
A6NDX5	Q9UMS4
A6NDX5	Q99KP6
A6NDX5	Q9JMJ4
A6NDX5	Q9UNF0
A6NDX5	Q9UPE1
A6NDX5	Q9UPX0
A6NDX5	Q9UQQ2
A6NDX5	Q9USG8
A6NDX5	Q9UTH3
A6NDX5	Q9UUG0
A6NDX5	Q9V3H2
A6NDX5	Q9V4C8
A6NDX5	Q9VCC0
A6NDX5	Q9VFF3
A6NDX5	Q9VN03
A6NDX5	Q9VTE9
A6NDX5	Q9VUU5
A6NDX5	Q9VZI2
A6NDX5	Q9W0V1
A6NDX5	Q9W4C3
A6NDX5	Q9WTP0
A6NDX5	Q9WV69
A6NDX5	Q9XSK7
A6NDX5	Q9Y0H4
A6NDX5	Q9Y2A4
A6NDX5	Q9Y2H8
A6NDX5	Q9Y4D1
A6NDX5	Q9Y5E9
A6NDX5	Q9Y639
A6NDX5	Q9Y6N7
A6NDX5	Q9Z0H3
A6NDX5	Q12824
A6NDX5	Q9Z1J8
A6NDX5	Q9Z248
A6NDX5	Q9Z2E2
A6NDX5	Q9ZSA4
A6NDX5	A0JMF6
A6NDX5	A1IGU3
A6NDX5	A2AFS3
A6NDX5	A4QST9
A6NDX5	A7TGR0
A6NDX5	A7TM20
A6NDX5	A7TZG3
A6NDX5	B0F2B4
A6NDX5	B8BBT7
A6NDX5	C0LGP9
A6NDX5	D3YYM0
A6NDX5	E7F9T0
A6NDX5	F4I460
A6NDX5	F4IH25
A6NDX5	F4JRS4
A6NDX5	F4JY24
A6NDX5	F5GYI3
A6NDX5	G4N4J5
A6NDX5	G5EGQ6
A6NDX5	I3XHK1
A6NDX5	O00241
A6NDX5	O04834
A6NDX5	O09037
A6NDX5	O13786
A6NDX5	O18209
A6NDX5	O22212
A6NDX5	O35119
A6NDX5	O42726
A6NDX5	O48837
A6NDX5	O49342
A6NDX5	O60114
A6NDX5	O64793
A6NDX5	O70394
A6NDX5	O75388
A6NDX5	O80560
A6NDX5	O80792
A6NDX5	O80950
A6NDX5	O82213
A6NDX5	O88512
A6NDX5	P01759
A6NDX5	P04437
A6NDX5	P05108
A6NDX5	P06310
A6NDX5	P0CH02
A6NDX5	P0DN80
A6NDX5	P10966
A6NDX5	P14384
A6NDX5	P18091
A6NDX5	P18588
A6NDX5	P22954
A6NDX5	P25024
A6NDX5	P28493
A6NDX5	P30954
A6NDX5	P32586
A6NDX5	P34708
A6NDX5	P35359
A6NDX5	P36409
A6NDX5	P39697
A6NDX5	P40996
A6NDX5	P46094
A6NDX5	P46668
A6NDX5	P49758
A6NDX5	P54936
A6NDX5	P58304
A6NDX5	P70389
A6NDX5	P78695
A6NDX5	P80201
A6NDX5	P84199
A6NDX5	P92947
A6NDX5	Q07993
A6NDX5	Q08BS4
A6NDX5	Q09443
A6NDX5	Q09990
A6NDX5	Q0J716
A6NDX5	Q0JL44
A6NDX5	Q0V7S0
A6NDX5	Q10328
A6NDX5	Q10Q99
A6NDX5	Q12298
A6NDX5	Q17967
A6NDX5	Q1PDN3
A6NDX5	Q1ZXQ4
A6NDX5	Q23917
A6NDX5	Q2LKU9
A6NDX5	Q338B9
A6NDX5	Q38867
A6NDX5	Q39050
A6NDX5	Q39193
A6NDX5	Q4KM31
A6NDX5	P02264
A6NDX5	P12497
A6NDX5	Q6H7D2
A6NDX5	Q924Y4
A6NDX5	Q93ZF5
A6NDX5	Q940J1
A6NDX5	Q948K8
A6NDX5	Q94K43
A6NDX5	Q95PZ9
A6NDX5	Q96A84
A6NDX5	Q96R48
A6NDX5	Q99NB1
A6NDX5	Q9ASQ5
A6NDX5	Q9BXC0
A6NDX5	Q9C102
A6NDX5	Q9C6H4
A6NDX5	Q9C7W4
A6NDX5	Q9CAA7
A6NDX5	Q9CAR4
A6NDX5	Q9CQ31
A6NDX5	Q9D413
A6NDX5	Q9DBM0
A6NDX5	Q9FFJ3
A6NDX5	Q9FHQ6
A6NDX5	Q9FIB0
A6NDX5	Q9FKM3
A6NDX5	Q9FME2
A6NDX5	Q9FWW7
A6NDX5	Q9FYN7
A6NDX5	Q9H2J1
A6NDX5	Q9JJS7
A6NDX5	Q9LFE2
A6NDX5	Q9LK94
A6NDX5	Q9LNU1
A6NDX5	Q9LSX4
A6NDX5	Q9LUM6
A6NDX5	Q9LXQ0
A6NDX5	Q9M0E5
A6NDX5	Q9M345
A6NDX5	Q9MAP1
A6NDX5	Q9NQ30
A6NDX5	Q9P7I6
A6NDX5	Q9QYI5
A6NDX5	Q9QYI5
A6NDX5	Q9R1T3
A6NDX5	Q9S9M1
A6NDX5	Q9SCJ9
A6NDX5	Q9SHG6
A6NDX5	Q9SI85
A6NDX5	Q9SJA1
A6NDX5	Q9SLC6
A6NDX5	Q9SQZ9
A6NDX5	Q9SS48
A6NDX5	Q9STS3
A6NDX5	Q9SVQ0
A6NDX5	Q9SY89
A6NDX5	Q9T0D3
A6NDX5	Q9U1M9
A6NDX5	Q9UGT4
A6NDX5	Q9USM8
A6NDX5	Q9UTI7
A6NDX5	Q9UUG3
A6NDX5	Q9XI07
A6NDX5	Q9Y689
A6NDX5	Q9Z2E3
A6NDX5	Q9ZSB5
A6NDX5	Q9ZUT0
A6NDX5	Q9ZVC2
A6NDX5	Q9ZW19
A6NDX5	A0A075B6I4
A6NDX5	A0A087WUV0
A6NDX5	A0A0B4J1V1
A6NDX5	A0A0C4DH27
A6NDX5	A0A0H2USG1
A6NDX5	A0A1D6LAB7
A6NDX5	A0AAR7
A6NDX5	A2A5N8
A6NDX5	A2AWR3
A6NDX5	A3KGB4
A6NDX5	A4D2B8
A6NDX5	A5PJS6
A6NDX5	A6H8H2
A6NDX5	A6NGJ6
A6NDX5	A6NIJ9
A6NDX5	A6NKK0
A6NDX5	A6QHK8
A6NDX5	A8JR92
A6NDX5	A8Y5H7
A6NDX5	B0R3H4
A6NDX5	B1H285
A6NDX5	B1XQF6
A6NDX5	B4F769
A6NDX5	B9A064
A6NDX5	C0LGU7
A6NDX5	D3YYI7
A6NDX5	D3ZB51
A6NDX5	D3ZJP6
A6NDX5	D4A7K7
A6NDX5	D9N129
A6NDX5	E9Q0N2
A6NDX5	E9Q634
A6NDX5	E9QAG8
A6NDX5	F1M8W4
A6NDX5	F4JTP5
A6NDX5	G4SLH0
A6NDX5	G5EF96
A6NDX5	H2KYS8
A6NDX5	K8ERR8
A6NDX5	O00160
A6NDX5	O08584
A6NDX5	O08672
A6NDX5	O08774
A6NDX5	O08908
A6NDX5	O09110
A6NDX5	O13736
A6NDX5	O13845
A6NDX5	O13987
A6NDX5	O14114
A6NDX5	O14543
A6NDX5	O14786
A6NDX5	O14921
A6NDX5	O15050
A6NDX5	O15151
A6NDX5	O23372
A6NDX5	O31489
A6NDX5	O34325
A6NDX5	O35186
A6NDX5	O35450
A6NDX5	O35618
A6NDX5	O35738
A6NDX5	O35889
A6NDX5	O43028
A6NDX5	O43293
A6NDX5	O43423
A6NDX5	O45962
A6NDX5	O54749
A6NDX5	O54864
A6NDX5	O54988
A6NDX5	O60242
A6NDX5	O60330
A6NDX5	O60500
A6NDX5	O65934
A6NDX5	O70237
A6NDX5	O70374
A6NDX5	O70521
A6NDX5	O74502
A6NDX5	O75037
A6NDX5	O75541
A6NDX5	O75676
A6NDX5	O76902
A6NDX5	O80925
A6NDX5	O88387
A6NDX5	O88509
A6NDX5	O88792
A6NDX5	O88879
A6NDX5	O94768
A6NDX5	O94888
A6NDX5	O95025
A6NDX5	O95817
A6NDX5	O96028
A6NDX5	P02679
A6NDX5	P04574
A6NDX5	P04798
A6NDX5	P05106
A6NDX5	P06681
A6NDX5	P08430
A6NDX5	P08572
A6NDX5	P08964
A6NDX5	P09086
A6NDX5	P09651
A6NDX5	P0AAI9
A6NDX5	P0C5Z0
A6NDX5	P0C7U3
A6NDX5	P0CH09
A6NDX5	P0CH08
A6NDX5	P10398
A6NDX5	P10632
A6NDX5	P10925
A6NDX5	P11940
A6NDX5	P29341
A6NDX5	Q9EPH8
A6NDX5	P12883
A6NDX5	P13533
A6NDX5	P13682
A6NDX5	P14141
A6NDX5	P14373
A6NDX5	P15127
A6NDX5	P15454
A6NDX5	P15705
A6NDX5	P15947
A6NDX5	P16389
A6NDX5	P16554
A6NDX5	P17039
A6NDX5	P18762
A6NDX5	P19024
A6NDX5	P19706
A6NDX5	P20232
A6NDX5	P21137
A6NDX5	P21372
A6NDX5	P21538
A6NDX5	P22492
A6NDX5	P23292
A6NDX5	P23471
A6NDX5	P23804
A6NDX5	P24032
A6NDX5	P24368
A6NDX5	P24592
A6NDX5	P25105
A6NDX5	P25302
A6NDX5	P25377
A6NDX5	P26041
A6NDX5	P26927
A6NDX5	P27338
A6NDX5	P27782
A6NDX5	P28474
A6NDX5	P28666
A6NDX5	P29452
A6NDX5	P30721
A6NDX5	P31152
A6NDX5	P31362
A6NDX5	P31943
A6NDX5	O35737
A6NDX5	P32211
A6NDX5	P32835
A6NDX5	P33153
A6NDX5	P33417
A6NDX5	P33766
A6NDX5	P34447
A6NDX5	P34761
A6NDX5	P35276
A6NDX5	P35374
A6NDX5	P35601
A6NDX5	P35951
A6NDX5	P36202
A6NDX5	P37275
A6NDX5	P38286
A6NDX5	P38344
A6NDX5	P38692
A6NDX5	P38741
A6NDX5	P38911
A6NDX5	P39055
A6NDX5	P39692
A6NDX5	P40692
A6NDX5	P42679
A6NDX5	P43241
A6NDX5	P43332
A6NDX5	P43603
A6NDX5	P46063
A6NDX5	P46662
A6NDX5	P47025
A6NDX5	P47079
A6NDX5	P47902
A6NDX5	P48745
A6NDX5	P49803
A6NDX5	P50990
A6NDX5	P51665
A6NDX5	P51813
A6NDX5	P52742
A6NDX5	P52873
A6NDX5	P53011
A6NDX5	P53323
A6NDX5	P53634
A6NDX5	P53830
A6NDX5	P53929
A6NDX5	P54199
A6NDX5	P54357
A6NDX5	P55036
A6NDX5	P55290
A6NDX5	P58012
A6NDX5	P58317
A6NDX5	P59997
A6NDX5	P68579
A6NDX5	P70178
A6NDX5	P70486
A6NDX5	P75526
A6NDX5	P78028
A6NDX5	P79522
A6NDX5	P81900
A6NDX5	P83099
A6NDX5	P87126
A6NDX5	P93047
A6NDX5	P98077
A6NDX5	P9WGM5
A6NDX5	P9WKE9
A6NDX5	P9WKE8
A6NDX5	P9WPN5
A6NDX5	Q00684
A6NDX5	Q01473
A6NDX5	Q02959
A6NDX5	Q03195
A6NDX5	Q03435
A6NDX5	Q03719
A6NDX5	Q04592
A6NDX5	Q04724
A6NDX5	Q05048
A6NDX5	Q99LC2
A6NDX5	Q05717
A6NDX5	Q05920
A6NDX5	Q05BC3
A6NDX5	Q06136
A6NDX5	Q07949
A6NDX5	Q08826
A6NDX5	Q09221
A6NDX5	Q09427
A6NDX5	Q0VEE6
A6NDX5	Q10362
A6NDX5	Q10496
A6NDX5	Q12381
A6NDX5	Q12829
A6NDX5	Q12948
A6NDX5	Q14119
A6NDX5	Q14449
A6NDX5	Q14584
A6NDX5	Q149T7
A6NDX5	Q15326
A6NDX5	Q15637
A6NDX5	Q16342
A6NDX5	Q16671
A6NDX5	Q16836
A6NDX5	Q1JRP2
A6NDX5	Q1RNF8
A6NDX5	Q20733
A6NDX5	Q21215
A6NDX5	Q21920
A6NDX5	Q22875
A6NDX5	Q24256
A6NDX5	Q24562
A6NDX5	Q2HXU8
A6NDX5	Q309B1
A6NDX5	Q32P59
A6NDX5	Q39010
A6NDX5	Q3B7L1
A6NDX5	Q3KR59
A6NDX5	Q3TIU4
A6NDX5	Q3TTA7
A6NDX5	Q3TYA6
A6NDX5	Q3U487
A6NDX5	Q3UH53
A6NDX5	Q3UP38
A6NDX5	Q3US17
A6NDX5	Q3UVR3
A6NDX5	Q3UZV7
A6NDX5	Q4G061
A6NDX5	Q4KLN8
A6NDX5	Q4KWH8
A6NDX5	Q4V8I4
A6NDX5	Q4VSI4
A6NDX5	Q6A4J8
A6NDX5	Q52M93
A6NDX5	Q54WG6
A6NDX5	Q56312
A6NDX5	Q5BKY1
A6NDX5	Q5DTV4
A6NDX5	Q5FVE4
A6NDX5	Q5FWF7
A6NDX5	Q5HGF7
A6NDX5	Q5HZV9
A6NDX5	Q5IJ48
A6NDX5	Q5KU26
A6NDX5	Q5MPA9
A6NDX5	Q5SGD2
A6NDX5	Q5SX39
A6NDX5	Q5T0T0
A6NDX5	Q5T481
A6NDX5	Q5U303
A6NDX5	Q5VTJ3
A6NDX5	Q5VW00
A6NDX5	Q5VYY1
A6NDX5	Q5XI59
A6NDX5	Q60629
A6NDX5	Q60751
A6NDX5	Q60848
A6NDX5	Q60960
A6NDX5	Q61038
A6NDX5	Q61137
A6NDX5	Q61233
A6NDX5	Q61410
A6NDX5	Q61545
A6NDX5	Q61687
A6NDX5	Q62077
A6NDX5	Q62210
A6NDX5	Q62383
A6NDX5	Q62511
A6NDX5	Q62711
A6NDX5	Q62812
A6NDX5	Q62920
A6NDX5	Q63092
A6NDX5	Q63484
A6NDX5	Q63802
A6NDX5	Q64735
A6NDX5	Q68CR1
A6NDX5	Q6B4M5
A6NDX5	Q6IQE5
A6NDX5	Q6NLQ6
A6NDX5	Q6NSW7
A6NDX5	Q6NXM2
A6NDX5	Q6NZK8
A6NDX5	Q6P4F7
A6NDX5	Q6P730
A6NDX5	Q6P9F5
A6NDX5	Q6PF93
A6NDX5	Q6PV61
A6NDX5	Q6QNK2
A6NDX5	Q6S4N2
A6NDX5	Q6TFL4
A6NDX5	Q6V0L0
A6NDX5	Q6WRH9
A6NDX5	Q6YD92
A6NDX5	Q6ZMU5
A6NDX5	Q6ZPY5
A6NDX5	Q6ZUT9
A6NDX5	Q76N33
A6NDX5	Q793F9
A6NDX5	Q8VEJ9
A6NDX5	Q9UN37
A6NDX5	Q7TMJ8
A6NDX5	Q7TT49
A6NDX5	Q7Z3K6
A6NDX5	Q7Z5P4
A6NDX5	Q7Z7M1
A6NDX5	Q80TP3
A6NDX5	Q80UY2
A6NDX5	Q80VQ1
A6NDX5	Q80WG5
A6NDX5	Q80Y24
A6NDX5	Q810J8
A6NDX5	Q86SE5
A6NDX5	Q86UW9
A6NDX5	Q86VH4
A6NDX5	Q86W28
A6NDX5	Q86XP0
A6NDX5	Q86YC3
A6NDX5	Q8AYC9
A6NDX5	Q8BGR2
A6NDX5	Q8BHK9
A6NDX5	Q8BI69
A6NDX5	Q8BK67
A6NDX5	Q8BLA8
A6NDX5	Q8BQC8
A6NDX5	Q8BRK8
A6NDX5	Q8BVA4
A6NDX5	Q8BW49
A6NDX5	Q8C0J6
A6NDX5	Q8C131
A6NDX5	Q8CCI5
A6NDX5	Q8N488
A6NDX5	Q8CDN9
A6NDX5	Q8CFC7
A6NDX5	Q8CHL0
A6NDX5	Q8CI85
A6NDX5	Q8CIV7
A6NDX5	Q8IVA1
A6NDX5	Q8IWK6
A6NDX5	Q8IYA2
A6NDX5	Q8IYM9
A6NDX5	Q8IZ41
A6NDX5	Q8K031
A6NDX5	Q8K1H1
A6NDX5	Q8K2H3
A6NDX5	Q8K3I4
A6NDX5	Q8K441
A6NDX5	Q8K4M9
A6NDX5	Q8N1G0
A6NDX5	Q8N2I9
A6NDX5	Q8N3F8
A6NDX5	Q8N567
A6NDX5	Q8NBQ5
A6NDX5	Q8NE63
A6NDX5	Q8NG06
A6NDX5	Q8NGP3
A6NDX5	Q8NH61
A6NDX5	Q8NHY2
A6NDX5	Q8R0S2
A6NDX5	Q8R4H2
A6NDX5	Q8R5M8
A6NDX5	Q8RY18
A6NDX5	Q8T3G2
A6NDX5	Q8TDG4
A6NDX5	Q8TE56
A6NDX5	Q8VC56
A6NDX5	Q8VCM2
A6NDX5	Q8VDL9
A6NDX5	Q8VE42
A6NDX5	Q8VHN7
A6NDX5	Q8VI47
A6NDX5	Q8W4F0
A6NDX5	Q8WY36
A6NDX5	Q8WZA2
A6NDX5	Q8XAT4
A6NDX5	Q91572
A6NDX5	Q91W92
A6NDX5	Q91WL5
A6NDX5	Q91YE8
A6NDX5	Q920Q6
A6NDX5	Q921Q7
A6NDX5	Q92466
A6NDX5	Q924X6
A6NDX5	Q92900
A6NDX5	Q94C59
A6NDX5	Q965G5
A6NDX5	Q96CX6
A6NDX5	Q96GD4
A6NDX5	Q96H55
A6NDX5	Q96LL9
A6NDX5	Q96N95
A6NDX5	Q96NW7
A6NDX5	Q96PE3
A6NDX5	Q96QU1
A6NDX5	Q96RP8
A6NDX5	Q96S99
A6NDX5	Q97X60
A6NDX5	Q99459
A6NDX5	Q99578
A6NDX5	Q99683
A6NDX5	Q99801
A6NDX5	Q99JB2
A6NDX5	Q99M80
A6NDX5	Q99N80
A6NDX5	Q99PD2
A6NDX5	Q9BSJ8
A6NDX5	Q9BYE7
A6NDX5	Q9BZK7
A6NDX5	Q9C035
A6NDX5	Q9C562
A6NDX5	Q9CQE5
A6NDX5	Q9CR16
A6NDX5	Q9CXF7
A6NDX5	Q9D1Q6
A6NDX5	Q9D7R2
A6NDX5	Q9D9Q0
A6NDX5	Q9DBH0
A6NDX5	Q9EQG9
A6NDX5	Q9EQY0
A6NDX5	Q9ERE3
A6NDX5	Q9ERV7
A6NDX5	Q9ESS6
A6NDX5	Q9FE78
A6NDX5	Q9FJL3
A6NDX5	Q9FXE4
A6NDX5	Q9H0X6
A6NDX5	Q9H2R5
A6NDX5	Q9H4R4
A6NDX5	Q9H6R0
A6NDX5	Q9H816
A6NDX5	Q9H8W5
A6NDX5	Q9HB19
A6NDX5	Q9HDV4
A6NDX5	Q9JHB4
A6NDX5	Q9JJX8
A6NDX5	Q9JKX3
A6NDX5	Q9LE22
A6NDX5	Q9LMM5
A6NDX5	Q9LSP8
A6NDX5	Q9LYZ7
A6NDX5	Q9NAH6
A6NDX5	Q9NPI1
A6NDX5	Q9NQ94
A6NDX5	Q9NQX0
A6NDX5	Q9NR80
A6NDX5	Q9NRL3
A6NDX5	Q9NTW7
A6NDX5	Q9NUQ8
A6NDX5	Q9NWT1
A6NDX5	Q9NXN4
A6NDX5	Q9NYT0
A6NDX5	Q9NZN9
A6NDX5	Q9P244
A6NDX5	Q9P2G1
A6NDX5	Q9QWN8
A6NDX5	Q9QXJ1
A6NDX5	Q9R0B6
A6NDX5	Q9R1T2
A6NDX5	Q9S713
A6NDX5	Q9SCN8
A6NDX5	Q9SI37
A6NDX5	Q9STM3
A6NDX5	Q9U2A9
A6NDX5	Q9UBY5
A6NDX5	Q9UFB7
A6NDX5	Q9UGN5
A6NDX5	Q9UHD9
A6NDX5	Q9UHY1
A6NDX5	Q9UK17
A6NDX5	Q9UKF7
A6NDX5	Q9UKT9
A6NDX5	Q9ULV5
A6NDX5	Q9UPG8
A6NDX5	Q9UQR0
A6NDX5	Q9USZ7
A6NDX5	Q9V3I2
A6NDX5	Q9V7P1
A6NDX5	Q9VDG2
A6NDX5	Q9VFG8
A6NDX5	Q9VKJ1
A6NDX5	Q9VPT8
A6NDX5	Q9VRN5
A6NDX5	Q9VUV9
A6NDX5	Q9VW97
A6NDX5	Q9W2R3
A6NDX5	Q9WTY2
A6NDX5	Q9WUA6
A6NDX5	Q9Y243
A6NDX5	Q9WVG6
A6NDX5	Q9WVS4
A6NDX5	Q9XT62
A6NDX5	Q9XWD6
A6NDX5	Q9Y0I1
A6NDX5	Q9Y2H9
A6NDX5	Q9Y2S2
A6NDX5	Q9Y534
A6NDX5	Q9Y5F0
A6NDX5	Q9Y646
A6NDX5	Q9Y6N8
A6NDX5	Q9Y7Z8
A6NDX5	Q9Z1K6
A6NDX5	Q9Z1S8
A6NDX5	Q9Z250
A6NDX5	Q9ZWA2
A6NDX5	A1L1A6
A6NDX5	A2XL32
A6NDX5	A4RBS3
A6NDX5	A6P320
A6NDX5	A7TGR2
A6NDX5	A8IR43
A6NDX5	B8BCZ8
A6NDX5	C0LGQ4
A6NDX5	C7J8E5
A6NDX5	D3YZF7
A6NDX5	D3ZSP7
A6NDX5	D6RBM5
A6NDX5	E9QG68
A6NDX5	F4HTT6
A6NDX5	F4HYR6
A6NDX5	F4IHJ0
A6NDX5	F4J8G2
A6NDX5	F4JGB6
A6NDX5	F4JLP5
A6NDX5	F4JS25
A6NDX5	F4JY37
A6NDX5	G4N525
A6NDX5	G5EGT9
A6NDX5	O13674
A6NDX5	O22797
A6NDX5	O23051
A6NDX5	O35125
A6NDX5	O35600
A6NDX5	O43866
A6NDX5	O48534
A6NDX5	O48847
A6NDX5	O49691
A6NDX5	O59712
A6NDX5	O60121
A6NDX5	O60911
A6NDX5	O64798
A6NDX5	O74445
A6NDX5	O74747
A6NDX5	O74902
A6NDX5	O80795
A6NDX5	O82622
A6NDX5	O88537
A6NDX5	O95897
A6NDX5	P01762
A6NDX5	P01904
A6NDX5	P04440
A6NDX5	P06312
A6NDX5	P0C1B0
A6NDX5	P0CE69
A6NDX5	P0DN81
A6NDX5	P10076
A6NDX5	P10979
A6NDX5	P13466
A6NDX5	P14404
A6NDX5	P15064
A6NDX5	P15919
A6NDX5	P17429
A6NDX5	P18101
A6NDX5	P18589
A6NDX5	P20718
A6NDX5	P21568
A6NDX5	P23759
A6NDX5	P26359
A6NDX5	P27715
A6NDX5	P29268
A6NDX5	P29844
A6NDX5	P30969
A6NDX5	P34123
A6NDX5	P35375
A6NDX5	P36011
A6NDX5	P36411
A6NDX5	P37165
A6NDX5	P46095
A6NDX5	P47861
A6NDX5	P49761
A6NDX5	P53683
A6NDX5	P58307
A6NDX5	P59383
A6NDX5	P67966
A6NDX5	P78706
A6NDX5	P84634
A6NDX5	P92949
A6NDX5	P97766
A6NDX5	Q05609
A6NDX5	Q06066
A6NDX5	Q06551
A6NDX5	Q07356
A6NDX5	Q09790
A6NDX5	Q0JLC5
A6NDX5	Q0V7T5
A6NDX5	Q10905
A6NDX5	Q17QE2
A6NDX5	Q2R2B4
A6NDX5	Q2UY11
A6NDX5	Q38870
A6NDX5	Q3E9B8
A6NDX5	Q3KNY0
A6NDX5	Q3TX51
A6NDX5	Q3V1L6
A6NDX5	Q40723
A6NDX5	Q42371
A6NDX5	Q4FE45
A6NDX5	Q99NG0
A6NDX5	F1Q8K0
A6NDX5	Q920C1
A6NDX5	Q924Z9
A6NDX5	Q93650
A6NDX5	Q93WI0
A6NDX5	Q93ZG7
A6NDX5	Q94A76
A6NDX5	Q94AT1
A6NDX5	Q94C32
A6NDX5	Q96320
A6NDX5	Q96AM1
A6NDX5	Q96EQ9
A6NDX5	Q96R54
A6NDX5	Q9C5W9
A6NDX5	Q9C6H5
A6NDX5	Q9D417
A6NDX5	Q9D871
A6NDX5	Q9DAC7
A6NDX5	Q9EPI0
A6NDX5	Q9ESX2
A6NDX5	Q9FL51
A6NDX5	Q9FLQ7
A6NDX5	Q9FNG6
A6NDX5	Q9FWX7
A6NDX5	Q9FXQ3
A6NDX5	Q9FZF3
A6NDX5	Q9HGM9
A6NDX5	Q9LDE4
A6NDX5	Q9LES2
A6NDX5	Q9LK99
A6NDX5	Q9LU68
A6NDX5	Q9LZ66
A6NDX5	Q9LZW4
A6NDX5	Q9M0G2
A6NDX5	Q9NQ36
A6NDX5	Q9PW72
A6NDX5	Q9QYJ4
A6NDX5	Q9R001
A6NDX5	Q9R216
A6NDX5	Q9S9M2
A6NDX5	Q9SA72
A6NDX5	Q9SJW0
A6NDX5	Q9SNC0
A6NDX5	Q9SY91
A6NDX5	Q9UKY3
A6NDX5	Q9USN1
A6NDX5	Q9VX88
A6NDX5	Q9WV71
A6NDX5	Q9Z2H1
A6NDX5	Q9ZU70
A6NDX5	Q9ZW20
A6NDX5	A0A075B6I6
A6NDX5	A0A087WV53
A6NDX5	A0A0B4J1V6
A6NDX5	A0A0C4DH28
A6NDX5	A0A1D8PI15
A6NDX5	A0A1D8PNZ7
A6NDX5	A1L4H1
A6NDX5	A2A5R2
A6NDX5	A2AD83
A6NDX5	A2RT91
A6NDX5	A3KGF7
A6NDX5	A6H8H5
A6NDX5	A6NIN4
A6NDX5	A8MUV8
A6NDX5	B1AUC7
A6NDX5	B1XQM2
A6NDX5	B2RTY4
A6NDX5	B2RY56
A6NDX5	B9DFG5
A6NDX5	C0LGX1
A6NDX5	D3YYM4
A6NDX5	D3ZBE5
A6NDX5	Q9ES74
A6NDX5	E0CYC6
A6NDX5	E9Q0S6
A6NDX5	E9QAM5
A6NDX5	G3UW82
A6NDX5	G5ECY0
A6NDX5	G5EFD4
A6NDX5	O00268
A6NDX5	O00425
A6NDX5	O01382
A6NDX5	O02326
A6NDX5	O07678
A6NDX5	O08775
A6NDX5	O08911
A6NDX5	O13741
A6NDX5	O13853
A6NDX5	O14120
A6NDX5	O14544
A6NDX5	O34328
A6NDX5	O35343
A6NDX5	O35739
A6NDX5	O35892
A6NDX5	O42254
A6NDX5	O43157
A6NDX5	O43294
A6NDX5	O43567
A6NDX5	O43699
A6NDX5	O43822
A6NDX5	O54874
A6NDX5	O54991
A6NDX5	O57473
A6NDX5	O60331
A6NDX5	O60674
A6NDX5	O68970
A6NDX5	O70239
A6NDX5	O74309
A6NDX5	O74503
A6NDX5	O75038
A6NDX5	O75553
A6NDX5	O75677
A6NDX5	O75828
A6NDX5	O94489
A6NDX5	O94769
A6NDX5	O94889
A6NDX5	O95502
A6NDX5	O95684
A6NDX5	O95948
A6NDX5	P00582
A6NDX5	P02680
A6NDX5	P03001
A6NDX5	P03956
A6NDX5	P04800
A6NDX5	P04921
A6NDX5	P05107
A6NDX5	P06315
A6NDX5	P06780
A6NDX5	P08181
A6NDX5	P08965
A6NDX5	P09089
A6NDX5	P0A9U3
A6NDX5	P0DL28
A6NDX5	P10400
A6NDX5	P10633
A6NDX5	P10958
A6NDX5	P11345
A6NDX5	P11730
A6NDX5	P13360
A6NDX5	P13535
A6NDX5	P13856
A6NDX5	P14680
A6NDX5	P16390
A6NDX5	P16562
A6NDX5	P16885
A6NDX5	P17040
A6NDX5	P17481
A6NDX5	P19993
A6NDX5	P20807
A6NDX5	P21709
A6NDX5	P23293
A6NDX5	P23812
A6NDX5	P24033
A6NDX5	P24369
A6NDX5	P24593
A6NDX5	P25106
A6NDX5	P25311
A6NDX5	P25569
A6NDX5	P26043
A6NDX5	P26368
A6NDX5	P26928
A6NDX5	P28023
A6NDX5	P30731
A6NDX5	P30953
A6NDX5	P31369
A6NDX5	P31944
A6NDX5	P32327
A6NDX5	P32386
A6NDX5	P32836
A6NDX5	P33166
A6NDX5	P34158
A6NDX5	P34258
A6NDX5	P35197
A6NDX5	P35278
A6NDX5	P35377
A6NDX5	P35370
A6NDX5	P35605
A6NDX5	P35728
A6NDX5	P35952
A6NDX5	P36093
A6NDX5	P36536
A6NDX5	P36775
A6NDX5	P37023
A6NDX5	P38129
A6NDX5	P38239
A6NDX5	P38590
A6NDX5	P38794
A6NDX5	P38987
A6NDX5	P39059
A6NDX5	P40557
A6NDX5	P41789
A6NDX5	P42680
A6NDX5	P43243
A6NDX5	P46415
A6NDX5	P46663
A6NDX5	P47817
A6NDX5	P48754
A6NDX5	P48999
A6NDX5	P49593
A6NDX5	P50636
A6NDX5	P50991
A6NDX5	P51667
A6NDX5	P51815
A6NDX5	P52198
A6NDX5	P52564
A6NDX5	P52744
A6NDX5	P53147
A6NDX5	P53549
A6NDX5	P53832
A6NDX5	P53883
A6NDX5	P54760
A6NDX5	P55038
A6NDX5	P55291
A6NDX5	P56222
A6NDX5	P56945
A6NDX5	P57721
A6NDX5	P60764
A6NDX5	P60763
A6NDX5	P61129
A6NDX5	P62634
A6NDX5	P62633
A6NDX5	P62997
A6NDX5	P62996
A6NDX5	P70181
A6NDX5	P70371
A6NDX5	P72870
A6NDX5	P73412
A6NDX5	P74551
A6NDX5	P78795
A6NDX5	P83100
A6NDX5	P83900
A6NDX5	P93050
A6NDX5	P95949
A6NDX5	P97457
A6NDX5	P04466
A6NDX5	P97710
A6NDX5	P98078
A6NDX5	P9WGM7
A6NDX5	P9WPQ3
A6NDX5	Q00416
A6NDX5	Q00688
A6NDX5	Q01475
A6NDX5	Q01726
A6NDX5	Q01951
A6NDX5	Q02962
A6NDX5	Q03081
A6NDX5	Q03720
A6NDX5	Q04725
A6NDX5	Q05481
A6NDX5	Q05922
A6NDX5	Q05BQ1
A6NDX5	Q07351
A6NDX5	Q07538
A6NDX5	Q08180
A6NDX5	Q08273
A6NDX5	Q08DF4
A6NDX5	Q09428
A6NDX5	Q09744
A6NDX5	Q0V8T3
A6NDX5	Q10364
A6NDX5	Q12200
A6NDX5	Q12438
A6NDX5	Q12834
A6NDX5	Q12951
A6NDX5	Q13075
A6NDX5	Q13698
A6NDX5	Q14126
A6NDX5	Q14585
A6NDX5	Q15327
A6NDX5	Q15642
A6NDX5	Q15759
A6NDX5	Q16576
A6NDX5	Q60973
A6NDX5	Q71UF4
A6NDX5	Q16690
A6NDX5	Q18120
A6NDX5	Q19857
A6NDX5	Q23977
A6NDX5	Q24572
A6NDX5	Q27884
A6NDX5	Q2NKI2
A6NDX5	Q30D77
A6NDX5	Q39011
A6NDX5	Q3B7L6
A6NDX5	Q3SWU0
A6NDX5	Q3SZX4
A6NDX5	Q3TTC2
A6NDX5	Q3TYD6
A6NDX5	Q3UHX0
A6NDX5	Q3US41
A6NDX5	Q494X3
A6NDX5	Q498U4
A6NDX5	Q4G072
A6NDX5	Q4L0E8
A6NDX5	Q4VX76
A6NDX5	Q504Y2
A6NDX5	Q53H47
A6NDX5	Q54XL6
A6NDX5	Q58A65
A6NDX5	Q5AAU3
A6NDX5	Q5AH02
A6NDX5	Q5AMH6
A6NDX5	Q5DTW2
A6NDX5	Q5FWH2
A6NDX5	Q5H8B9
A6NDX5	Q5HZW5
A6NDX5	Q5KU39
A6NDX5	Q5PQT2
A6NDX5	Q5QP82
A6NDX5	Q5SGD7
A6NDX5	Q5SUV5
A6NDX5	Q5SX40
A6NDX5	Q5U308
A6NDX5	Q5VW22
A6NDX5	Q5VZ18
A6NDX5	Q5XIQ4
A6NDX5	Q61041
A6NDX5	Q61140
A6NDX5	Q61234
A6NDX5	Q61411
A6NDX5	P20171
A6NDX5	P01112
A6NDX5	Q61831
A6NDX5	Q62217
A6NDX5	Q62520
A6NDX5	Q62813
A6NDX5	Q62921
A6NDX5	Q63099
A6NDX5	Q64012
A6NDX5	Q64303
A6NDX5	Q8CIN4
A6NDX5	Q64434
A6NDX5	Q66H39
A6NDX5	Q68CR7
A6NDX5	Q69ZR2
A6NDX5	Q6AI12
A6NDX5	Q6AYC4
A6NDX5	Q6B966
A6NDX5	Q6IQX8
A6NDX5	Q6NSZ9
A6NDX5	Q6NV83
A6NDX5	Q6P1G2
A6NDX5	Q6P5H6
A6NDX5	Q6P747
A6NDX5	Q6P9F7
A6NDX5	Q6PAL8
A6NDX5	Q6PDN3
A6NDX5	Q6QNU9
A6NDX5	Q6S545
A6NDX5	Q6WRI0
A6NDX5	Q6ZMV8
A6NDX5	Q6ZR52
A6NDX5	Q6ZSS3
A6NDX5	Q6ZWQ0
A6NDX5	Q70EL2
A6NDX5	Q71LX6
A6NDX5	Q75MW2
A6NDX5	Q76N89
A6NDX5	Q7JWR9
A6NDX5	Q7KYR7
A6NDX5	Q7LDG7
A6NDX5	Q7M760
A6NDX5	Q7TPD1
A6NDX5	Q7TQF7
A6NDX5	Q7TSH3
A6NDX5	Q7TT50
A6NDX5	Q7Z5Q5
A6NDX5	Q80T21
A6NDX5	Q80TQ2
A6NDX5	Q80U87
A6NDX5	Q80WG7
A6NDX5	Q84MA2
A6NDX5	Q86TI4
A6NDX5	Q86UE6
A6NDX5	Q86XP1
A6NDX5	Q8BHL3
A6NDX5	Q8BLB0
A6NDX5	Q8BTF7
A6NDX5	Q8BVD5
A6NDX5	Q8BW70
A6NDX5	Q8BXR9
A6NDX5	Q8BYR2
A6NDX5	Q8C0L0
A6NDX5	Q8C142
A6NDX5	Q8C8V1
A6NDX5	Q8CIV8
A6NDX5	Q8H136
A6NDX5	Q8IRH5
A6NDX5	Q8IUQ0
A6NDX5	Q8IVW4
A6NDX5	Q8IWL1
A6NDX5	Q8IX18
A6NDX5	Q8IYN0
A6NDX5	Q8IZL9
A6NDX5	Q8JZN7
A6NDX5	Q8K0T4
A6NDX5	Q8K2H4
A6NDX5	Q8K301
A6NDX5	Q8K442
A6NDX5	Q8K4P0
A6NDX5	Q8L5Z7
A6NDX5	Q8LFT2
A6NDX5	Q8N587
A6NDX5	Q8N653
A6NDX5	Q8N6S4
A6NDX5	Q8N7U6
A6NDX5	Q8N8K9
A6NDX5	Q8N9B4
A6NDX5	Q8NB12
A6NDX5	Q8ND76
A6NDX5	Q8NE71
A6NDX5	Q8NGP4
A6NDX5	Q8NH67
A6NDX5	Q8NHY3
A6NDX5	Q8R0S4
A6NDX5	Q8R1Z9
A6NDX5	Q8R323
A6NDX5	Q8R502
A6NDX5	Q8R7V8
A6NDX5	Q8TBC3
A6NDX5	Q8TC41
A6NDX5	Q8TE57
A6NDX5	Q8TEY7
A6NDX5	Q8VC57
A6NDX5	Q8VCM3
A6NDX5	Q8VDM1
A6NDX5	Q8VE47
A6NDX5	Q8VHP6
A6NDX5	Q8W4I7
A6NDX5	Q8WXB4
A6NDX5	Q91604
A6NDX5	Q91VU6
A6NDX5	Q91WL6
A6NDX5	Q91X52
A6NDX5	Q91YT2
A6NDX5	Q920Q8
A6NDX5	Q921R4
A6NDX5	Q924X7
A6NDX5	Q925P2
A6NDX5	Q95QN6
A6NDX5	Q969X5
A6NDX5	Q96BR6
A6NDX5	Q96CA5
A6NDX5	Q96DU9
A6NDX5	Q96EG3
A6NDX5	Q96GE5
A6NDX5	Q96I24
A6NDX5	Q96IZ5
A6NDX5	Q96JJ6
A6NDX5	Q96KB5
A6NDX5	Q96NX5
A6NDX5	Q96PY6
A6NDX5	Q99684
A6NDX5	Q99972
A6NDX5	Q99JB4
A6NDX5	Q99KG3
A6NDX5	Q99LI8
A6NDX5	Q99M85
A6NDX5	Q99MS0
A6NDX5	Q99PD6
A6NDX5	Q9BQG1
A6NDX5	Q9BWD1
A6NDX5	Q9BX82
A6NDX5	Q9BY11
A6NDX5	Q9BYE9
A6NDX5	Q9BZ71
A6NDX5	Q9C037
A6NDX5	Q9C0F3
A6NDX5	Q9C585
A6NDX5	Q9C8S9
A6NDX5	Q9CEF5
A6NDX5	Q9CXG3
A6NDX5	Q9CZX5
A6NDX5	Q9D9R0
A6NDX5	Q9EQH1
A6NDX5	Q9FLW0
A6NDX5	Q9GZT9
A6NDX5	Q9H079
A6NDX5	Q9H0X9
A6NDX5	Q9H2S5
A6NDX5	Q9H4T2
A6NDX5	Q9H609
A6NDX5	Q9H6R3
A6NDX5	Q9H819
A6NDX5	Q9HB20
A6NDX5	Q9JI59
A6NDX5	Q9JKB3
A6NDX5	Q9JLL0
A6NDX5	Q9LE42
A6NDX5	Q9LMT0
A6NDX5	Q9LVN2
A6NDX5	Q9LZ08
A6NDX5	Q9MZL7
A6NDX5	Q9NAN1
A6NDX5	Q9NP08
A6NDX5	Q9NQX1
A6NDX5	Q9NR81
A6NDX5	Q9NSD4
A6NDX5	Q9NTX5
A6NDX5	Q9NW07
A6NDX5	Q9NYB9
A6NDX5	Q9NYT6
A6NDX5	Q9NZC7
A6NDX5	Q9NZP2
A6NDX5	Q9P107
A6NDX5	Q9P2G9
A6NDX5	Q9QXK2
A6NDX5	Q9QY96
A6NDX5	Q9R0B7
A6NDX5	Q9R0S3
A6NDX5	Q9R1C6
A6NDX5	Q9SCQ6
A6NDX5	Q9STM4
A6NDX5	Q9SXB8
A6NDX5	Q9TV36
A6NDX5	Q9UBE0
A6NDX5	Q9UFC0
A6NDX5	Q9UGP4
A6NDX5	Q9UHE5
A6NDX5	Q9UIK4
A6NDX5	Q9UJL9
A6NDX5	Q9UK22
A6NDX5	Q9UKU0
A6NDX5	Q9ULH1
A6NDX5	Q9ULV8
A6NDX5	Q9UMS6
A6NDX5	Q9UNH5
A6NDX5	Q9UQR1
A6NDX5	Q9USH9
A6NDX5	Q9UT00
A6NDX5	Q9UUG2
A6NDX5	Q9V3I5
A6NDX5	Q9V4M2
A6NDX5	Q9VDS5
A6NDX5	Q9VH90
A6NDX5	Q9VIP2
A6NDX5	Q9VRP5
A6NDX5	Q9VUX2
A6NDX5	Q9W123
A6NDX5	Q9W2S3
A6NDX5	Q9W4D2
A6NDX5	Q9WTP5
A6NDX5	Q9WUB0
A6NDX5	Q9WUR2
A6NDX5	Q9WV72
A6NDX5	Q9WVG7
A6NDX5	Q9WVS6
A6NDX5	Q9XTB5
A6NDX5	Q9Y2I1
A6NDX5	Q9Y3S1
A6NDX5	Q9Y3S1
A6NDX5	Q9Y4D7
A6NDX5	Q9Y536
A6NDX5	Q9Y5F1
A6NDX5	Q9Y5W3
A6NDX5	Q9Y653
A6NDX5	Q9Y6F1
A6NDX5	Q9Y6N9
A6NDX5	Q9Z0W5
A6NDX5	Q9Z173
A6NDX5	Q9Z2Q1
A6NDX5	Q9ZWA6
A6NDX5	A2YVF1
A6NDX5	A3LX75
A6NDX5	A5A779
A6NDX5	A6NEQ0
A6NDX5	P0C7P1
A6NDX5	A6NI47
A6NDX5	A7TGW7
A6NDX5	A8MRX0
A6NDX5	B0G0Y8
A6NDX5	B1Q3J6
A6NDX5	B3DIV9
A6NDX5	B8BGV5
A6NDX5	B9EUM5
A6NDX5	C0LGQ7
A6NDX5	D3ZTE0
A6NDX5	E7FBY6
A6NDX5	F4HTV4
A6NDX5	F4HZB2
A6NDX5	F4I4F2
A6NDX5	F4IB94
A6NDX5	F4JGP4
A6NDX5	F4JYC8
A6NDX5	F4K487
A6NDX5	G3I8R9
A6NDX5	P06761
A6NDX5	G5ECH7
A6NDX5	I7HJS4
A6NDX5	O02697
A6NDX5	O04425
A6NDX5	O09158
A6NDX5	O13798
A6NDX5	O13958
A6NDX5	O14351
A6NDX5	O18334
A6NDX5	O22800
A6NDX5	O23053
A6NDX5	O23357
A6NDX5	O35137
A6NDX5	O48538
A6NDX5	O60124
A6NDX5	O64556
A6NDX5	O64812
A6NDX5	O70418
A6NDX5	O74208
A6NDX5	O80567
A6NDX5	O81635
A6NDX5	O88609
A6NDX5	O94603
A6NDX5	O97581
A6NDX5	P01630
A6NDX5	P01764
A6NDX5	P01906
A6NDX5	P05130
A6NDX5	P06321
A6NDX5	P08207
A6NDX5	P0CE71
A6NDX5	P0CH07
A6NDX5	P0CH06
A6NDX5	P0DKK9
A6NDX5	P0DKK8
A6NDX5	P10144
A6NDX5	P10981
A6NDX5	P53501
A6NDX5	P12544
A6NDX5	P14429
A6NDX5	P15948
A6NDX5	P18106
A6NDX5	P18590
A6NDX5	P21569
A6NDX5	P29275
A6NDX5	P32605
A6NDX5	P34125
A6NDX5	P34442
A6NDX5	P36412
A6NDX5	P49762
A6NDX5	P51436
A6NDX5	P53691
A6NDX5	P54670
A6NDX5	P58463
A6NDX5	P63016
A6NDX5	P26367
A6NDX5	P70407
A6NDX5	P78714
A6NDX5	P84750
A6NDX5	P92953
A6NDX5	P97779
A6NDX5	Q02398
A6NDX5	Q06068
A6NDX5	Q07409
A6NDX5	Q08624
A6NDX5	Q09JZ4
A6NDX5	Q0IGM7
A6NDX5	Q0J7U6
A6NDX5	Q0JLE4
A6NDX5	Q0WML0
A6NDX5	Q0WV12
A6NDX5	Q10KX8
A6NDX5	Q12309
A6NDX5	Q12836
A6NDX5	Q17QX2
A6NDX5	Q1PDW3
A6NDX5	Q21836
A6NDX5	Q339W7
A6NDX5	Q38874
A6NDX5	Q3C1V9
A6NDX5	Q3E9C0
A6NDX5	Q3UGM2
A6NDX5	Q3V1M1
A6NDX5	Q4FE47
A6NDX5	Q920D2
A6NDX5	Q92355
A6NDX5	Q925B5
A6NDX5	Q93WJ9
A6NDX5	Q940K0
A6NDX5	Q94C49
A6NDX5	Q96NJ5
A6NDX5	Q96RA2
A6NDX5	Q99NB8
A6NDX5	Q9AWM8
A6NDX5	Q9BXJ4
A6NDX5	Q9C5X4
A6NDX5	Q9C788
A6NDX5	Q9C7X0
A6NDX5	Q9C9A6
A6NDX5	Q9CQZ7
A6NDX5	Q9EPI1
A6NDX5	Q9ER65
A6NDX5	Q9FF55
A6NDX5	Q9FGN3
A6NDX5	Q9FH76
A6NDX5	Q9FHR8
A6NDX5	Q9FIB4
A6NDX5	Q9FIQ1
A6NDX5	Q9FJG3
A6NDX5	Q9FL62
A6NDX5	Q9FLR1
A6NDX5	Q9FNZ1
A6NDX5	Q9FWX8
A6NDX5	Q9FYS5
A6NDX5	Q9FZF8
A6NDX5	Q9H2X3
A6NDX5	Q9HGN1
A6NDX5	Q9JLG4
A6NDX5	Q9LFG1
A6NDX5	Q9LI00
A6NDX5	Q9LIR1
A6NDX5	Q9LJR3
A6NDX5	Q9LNV9
A6NDX5	Q9LQS1
A6NDX5	Q9LUP7
A6NDX5	Q9LV93
A6NDX5	Q9LYK6
A6NDX5	Q9LZ86
A6NDX5	Q9LZW9
A6NDX5	Q9M0G5
A6NDX5	Q9MAP4
A6NDX5	Q9NQ38
A6NDX5	Q9P6N8
A6NDX5	Q9QC07
A6NDX5	Q9QYJ6
A6NDX5	Q9R014
A6NDX5	Q9S9N1
A6NDX5	Q9SAJ2
A6NDX5	Q9SF86
A6NDX5	Q9SMV7
A6NDX5	Q9SNC6
A6NDX5	Q9SS68
A6NDX5	Q9SUC0
A6NDX5	Q9SY96
A6NDX5	Q9UHC9
A6NDX5	Q9ULI2
A6NDX5	Q9URY4
A6NDX5	Q9UUH7
A6NDX5	Q9WTL3
A6NDX5	Q9WV84
A6NDX5	Q9Y6A2
A6NDX5	Q9Z2H7
A6NDX5	Q9ZSM8
A6NDX5	Q9ZUT8
A6NDX5	Q9ZW21
A6NDX5	A0A075B6I7
A6NDX5	A0A087WVF3
A6NDX5	A0A087WXS9
A6NDX5	A0A087X179
A6NDX5	B9A6J9
A6NDX5	P0C7X1
A6NDX5	A0A0B4J1V7
A6NDX5	A0A0C4DH29
A6NDX5	A0PJX0
A6NDX5	A1L4K1
A6NDX5	A2A690
A6NDX5	A2AQ19
A6NDX5	A2BDX3
A6NDX5	A4D2P6
A6NDX5	A4QPC6
A6NDX5	A6H8M9
A6NDX5	A6NIR3
A6NDX5	A8K2U0
A6NDX5	B1AUE5
A6NDX5	B2RU33
A6NDX5	B6EUA9
A6NDX5	B9DFS6
A6NDX5	D3YYU8
A6NDX5	D3ZBN0
A6NDX5	D4A7V9
A6NDX5	E9PUQ8
A6NDX5	E9Q6D8
A6NDX5	F1MAB7
A6NDX5	F4K5J1
A6NDX5	G5E5X0
A6NDX5	O00429
A6NDX5	O00548
A6NDX5	O01479
A6NDX5	O08675
A6NDX5	O09112
A6NDX5	O14243
A6NDX5	O14668
A6NDX5	O15259
A6NDX5	O15381
A6NDX5	O16519
A6NDX5	O18475
A6NDX5	O34788
A6NDX5	O35344
A6NDX5	O35453
A6NDX5	O42643
A6NDX5	O43031
A6NDX5	O43296
A6NDX5	O43570
A6NDX5	O44498
A6NDX5	O54772
A6NDX5	Q99JR8
A6NDX5	O54879
A6NDX5	O54992
A6NDX5	O55134
A6NDX5	O60139
A6NDX5	O60337
A6NDX5	O60879
A6NDX5	O68973
A6NDX5	O70244
A6NDX5	O70534
A6NDX5	O75051
A6NDX5	O75351
A6NDX5	O75443
A6NDX5	O75554
A6NDX5	O75679
A6NDX5	O76064
A6NDX5	O80939
A6NDX5	O88398
A6NDX5	O88520
A6NDX5	O88884
A6NDX5	O88990
A6NDX5	O94892
A6NDX5	O95185
A6NDX5	O95279
A6NDX5	O95503
A6NDX5	O95825
A6NDX5	P01023
A6NDX5	P02563
A6NDX5	P04626
A6NDX5	P05109
A6NDX5	P05432
A6NDX5	P06782
A6NDX5	P07522
A6NDX5	P07942
A6NDX5	P08069
A6NDX5	P08579
A6NDX5	P08970
A6NDX5	P09092
A6NDX5	P09661
A6NDX5	P09917
A6NDX5	P0A9V4
A6NDX5	P0CE68
A6NDX5	P0CH95
A6NDX5	P10634
A6NDX5	P10959
A6NDX5	P11154
A6NDX5	P11346
A6NDX5	P11745
A6NDX5	P13541
A6NDX5	P13688
A6NDX5	P13861
A6NDX5	P14681
A6NDX5	P15330
A6NDX5	P16234
A6NDX5	P16391
A6NDX5	P16892
A6NDX5	P17041
A6NDX5	P17482
A6NDX5	P18825
A6NDX5	P19474
A6NDX5	P20239
A6NDX5	P21728
A6NDX5	P22515
A6NDX5	P23111
A6NDX5	P23297
A6NDX5	P24043
A6NDX5	P24384
A6NDX5	P24594
A6NDX5	P24903
A6NDX5	P25646
A6NDX5	P26045
A6NDX5	P26369
A6NDX5	P26932
A6NDX5	P27786
A6NDX5	P28025
A6NDX5	P28480
A6NDX5	P30285
A6NDX5	P30957
A6NDX5	P31629
A6NDX5	P32328
A6NDX5	P32474
A6NDX5	P32527
A6NDX5	P33173
A6NDX5	P33886
A6NDX5	P34268
A6NDX5	P34808
A6NDX5	P35279
A6NDX5	Q9WVB1
A6NDX5	P20340
A6NDX5	P35606
A6NDX5	P35968
A6NDX5	P36776
A6NDX5	P37040
A6NDX5	P37560
A6NDX5	P38241
A6NDX5	P38913
A6NDX5	P39061
A6NDX5	P39940
A6NDX5	P40558
A6NDX5	P40694
A6NDX5	P40937
A6NDX5	P41220
A6NDX5	P41374
A6NDX5	P41797
A6NDX5	P42681
A6NDX5	P43244
A6NDX5	P45745
A6NDX5	P46091
A6NDX5	P46783
A6NDX5	P47226
A6NDX5	P48025
A6NDX5	P48410
A6NDX5	P48601
A6NDX5	P49595
A6NDX5	P49806
A6NDX5	P51556
A6NDX5	P51817
A6NDX5	P52208
A6NDX5	P52746
A6NDX5	P53327
A6NDX5	P53668
A6NDX5	P53739
A6NDX5	P54609
A6NDX5	P54761
A6NDX5	P55292
A6NDX5	P55884
A6NDX5	P56959
A6NDX5	P57722
A6NDX5	P58334
A6NDX5	P59509
A6NDX5	P60766
A6NDX5	P60953
A6NDX5	P61565
A6NDX5	P63142
A6NDX5	P63141
A6NDX5	P70182
A6NDX5	P79745
A6NDX5	P80350
A6NDX5	P83101
A6NDX5	P84104
A6NDX5	P84103
A6NDX5	P91685
A6NDX5	P93655
A6NDX5	P97291
A6NDX5	P97366
A6NDX5	P97711
A6NDX5	P9WGM9
A6NDX5	P9WQJ5
A6NDX5	Q00963
A6NDX5	Q01167
A6NDX5	Q01476
A6NDX5	Q01728
A6NDX5	Q01952
A6NDX5	Q02201
A6NDX5	Q02384
A6NDX5	Q03721
A6NDX5	Q04726
A6NDX5	Q05066
A6NDX5	Q05925
A6NDX5	Q05BQ5
A6NDX5	Q06518
A6NDX5	Q06649
A6NDX5	Q06806
A6NDX5	Q08274
A6NDX5	Q08830
A6NDX5	Q08960
A6NDX5	Q08DM1
A6NDX5	Q09436
A6NDX5	Q0KL02
A6NDX5	Q0V8T6
A6NDX5	Q0WV90
A6NDX5	Q10209
A6NDX5	Q10366
A6NDX5	Q12034
A6NDX5	Q12145
A6NDX5	Q12204
A6NDX5	Q12692
A6NDX5	Q12837
A6NDX5	Q12952
A6NDX5	Q13077
A6NDX5	Q13191
A6NDX5	Q13398
A6NDX5	Q13576
A6NDX5	Q13702
A6NDX5	Q13936
A6NDX5	Q14134
A6NDX5	Q14586
A6NDX5	Q15438
A6NDX5	Q15645
A6NDX5	Q15760
A6NDX5	Q15878
A6NDX5	Q16581
A6NDX5	Q16849
A6NDX5	Q17745
A6NDX5	Q1K9C4
A6NDX5	Q1W4C9
A6NDX5	Q23979
A6NDX5	Q24292
A6NDX5	Q24573
A6NDX5	Q27889
A6NDX5	Q29261
A6NDX5	Q2I0M5
A6NDX5	Q2M2D7
A6NDX5	Q39012
A6NDX5	Q3SWU3
A6NDX5	Q3T005
A6NDX5	Q3TIX9
A6NDX5	Q3UH66
A6NDX5	Q3ULW8
A6NDX5	Q3USB7
A6NDX5	Q3UVX5
A6NDX5	Q495A1
A6NDX5	Q499D0
A6NDX5	Q4J989
A6NDX5	Q4KLY3
A6NDX5	Q4L1J4
A6NDX5	Q4V8I7
A6NDX5	Q505D1
A6NDX5	Q54YF2
A6NDX5	Q59VP2
A6NDX5	Q5BJS0
A6NDX5	Q5BL07
A6NDX5	Q5EBA1
A6NDX5	Q5H8C1
A6NDX5	Q5HGH4
A6NDX5	Q5HZY0
A6NDX5	Q5LJZ2
A6NDX5	Q5RKG6
A6NDX5	Q5SX79
A6NDX5	Q5T4D3
A6NDX5	Q5U312
A6NDX5	Q5VTR2
A6NDX5	Q5XFR0
A6NDX5	Q5XIG0
A6NDX5	Q60636
A6NDX5	Q61235
A6NDX5	Q61549
A6NDX5	Q61696
A6NDX5	Q61838
A6NDX5	Q62219
A6NDX5	Q62521
A6NDX5	Q63495
A6NDX5	Q64435
A6NDX5	Q66HD5
A6NDX5	Q66PY1
A6NDX5	Q68CZ1
A6NDX5	Q69YU3
A6NDX5	Q69ZS0
A6NDX5	Q6AYC5
A6NDX5	Q6BAA4
A6NDX5	Q6EJB7
A6NDX5	Q6GQW0
A6NDX5	Q6KAQ7
A6NDX5	Q6NZL6
A6NDX5	Q6P5Q4
A6NDX5	Q6PDQ2
A6NDX5	Q6PFD6
A6NDX5	Q6Q0C0
A6NDX5	Q6S5H5
A6NDX5	Q6TLK4
A6NDX5	Q6UWB1
A6NDX5	Q6UX73
A6NDX5	Q6V4S5
A6NDX5	Q6ZMV9
A6NDX5	Q6ZRF8
A6NDX5	Q71M36
A6NDX5	Q7JXA8
A6NDX5	Q7KIN0
A6NDX5	Q7KZ85
A6NDX5	Q7TMK9
A6NDX5	O60506
A6NDX5	Q7TPD3
A6NDX5	Q7TQG0
A6NDX5	Q7Z5R6
A6NDX5	Q7Z6M1
A6NDX5	Q80T23
A6NDX5	Q80TR1
A6NDX5	Q80X90
A6NDX5	Q80Y44
A6NDX5	Q80YT9
A6NDX5	Q810L3
A6NDX5	Q811X6
A6NDX5	Q83JW7
A6NDX5	Q86UE8
A6NDX5	Q86UX6
A6NDX5	Q86VI3
A6NDX5	Q86XP3
A6NDX5	Q8BFQ3
A6NDX5	Q8BG26
A6NDX5	Q8BI72
A6NDX5	Q8BLB7
A6NDX5	Q8BVD7
A6NDX5	Q8BW72
A6NDX5	Q8BXS7
A6NDX5	Q8BZN4
A6NDX5	Q8C208
A6NDX5	Q8C4G9
A6NDX5	Q8C5Q4
A6NDX5	Q8C761
A6NDX5	Q8CDU5
A6NDX5	Q8CFD1
A6NDX5	Q8CGS6
A6NDX5	Q8CI95
A6NDX5	Q8H1D4
A6NDX5	Q8IIJ9
A6NDX5	Q8IVC4
A6NDX5	Q8IVW6
A6NDX5	Q8IWL2
A6NDX5	Q8IXT5
A6NDX5	Q8IYA7
A6NDX5	Q8K045
A6NDX5	Q8K0T7
A6NDX5	Q8K214
A6NDX5	Q8K3J5
A6NDX5	Q8K4P8
A6NDX5	Q8L611
A6NDX5	Q8LGA5
A6NDX5	Q8MSV2
A6NDX5	Q8N1G2
A6NDX5	Q8N594
A6NDX5	Q8N8L2
A6NDX5	Q8NB14
A6NDX5	Q8ND82
A6NDX5	Q8NGP6
A6NDX5	Q8NH73
A6NDX5	Q8R081
A6NDX5	Q8R0T2
A6NDX5	Q8R1C0
A6NDX5	Q8R326
A6NDX5	Q8R3S6
A6NDX5	Q8R508
A6NDX5	Q8TAM1
A6NDX5	Q8TBC4
A6NDX5	Q8TC44
A6NDX5	Q8TDI0
A6NDX5	Q8TE58
A6NDX5	Q8VEK3
A6NDX5	Q8VHP8
A6NDX5	Q8VI56
A6NDX5	Q8W4I9
A6NDX5	Q8WU08
A6NDX5	Q8WY64
A6NDX5	Q91618
A6NDX5	Q91WL8
A6NDX5	Q91X56
A6NDX5	Q91YH5
A6NDX5	Q91ZM2
A6NDX5	Q920A7
A6NDX5	Q920R0
A6NDX5	Q922P9
A6NDX5	Q925Q9
A6NDX5	Q944A7
A6NDX5	Q94CL7
A6NDX5	Q95YE2
A6NDX5	Q966L9
A6NDX5	Q96BR9
A6NDX5	Q96CB8
A6NDX5	Q96GE6
A6NDX5	Q96H79
A6NDX5	Q96I25
A6NDX5	Q96JJ7
A6NDX5	Q96KC8
A6NDX5	Q96MN2
A6NDX5	Q96PE6
A6NDX5	Q96QV1
A6NDX5	Q96SD1
A6NDX5	Q96T92
A6NDX5	Q99466
A6NDX5	Q99584
A6NDX5	Q99973
A6NDX5	Q99JB6
A6NDX5	Q99M87
A6NDX5	Q99MS7
A6NDX5	Q99NA9
A6NDX5	Q99PD7
A6NDX5	Q99PW8
A6NDX5	Q9BQG2
A6NDX5	Q9BRG2
A6NDX5	Q9BRX9
A6NDX5	Q9BSK1
A6NDX5	Q9BUY5
A6NDX5	Q9BVJ7
A6NDX5	Q9BWE0
A6NDX5	Q9BX84
A6NDX5	Q9BXM7
A6NDX5	Q9BZ72
A6NDX5	Q9C5C0
A6NDX5	Q9CXG9
A6NDX5	Q9D3N8
A6NDX5	Q9D618
A6NDX5	Q9DAP0
A6NDX5	Q9DBJ3
A6NDX5	Q9EQZ6
A6NDX5	Q9ERE6
A6NDX5	Q9ERZ3
A6NDX5	Q9EST5
A6NDX5	Q9FJR0
A6NDX5	Q9FMD7
A6NDX5	Q9H0Z9
A6NDX5	Q9H7D0
A6NDX5	Q9H8X9
A6NDX5	Q9HB29
A6NDX5	Q9HCC9
A6NDX5	Q9JHU3
A6NDX5	Q9JJY4
A6NDX5	Q9JKB5
A6NDX5	Q9JKX6
A6NDX5	Q9JLM4
A6NDX5	Q9LEF5
A6NDX5	Q9LIA4
A6NDX5	Q9LVQ7
A6NDX5	Q9LZ82
A6NDX5	Q9M667
A6NDX5	Q9NAN2
A6NDX5	Q9NP31
A6NDX5	Q9NPI7
A6NDX5	Q9NQB0
A6NDX5	Q9NR82
A6NDX5	Q9NRZ5
A6NDX5	Q9NTX7
A6NDX5	Q9NXR5
A6NDX5	Q9NZC9
A6NDX5	Q9NZP5
A6NDX5	Q9P121
A6NDX5	Q9P255
A6NDX5	Q9P2V4
A6NDX5	Q9P7W8
A6NDX5	Q9QUJ7
A6NDX5	Q9QWT9
A6NDX5	Q9QXX0
A6NDX5	Q9QZZ4
A6NDX5	Q9R1C7
A6NDX5	Q9R1U5
A6NDX5	Q9S775
A6NDX5	Q9SCT4
A6NDX5	Q9TV61
A6NDX5	Q9UBZ4
A6NDX5	Q9UFD9
A6NDX5	Q9UIK5
A6NDX5	Q9UJM3
A6NDX5	Q9UK23
A6NDX5	Q9ULH4
A6NDX5	Q9UMW8
A6NDX5	Q9UNI6
A6NDX5	Q9USI5
A6NDX5	Q9UT02
A6NDX5	Q9UUG5
A6NDX5	Q9V4P1
A6NDX5	Q9VAT2
A6NDX5	Q9VCE9
A6NDX5	Q9VFK6
A6NDX5	Q9VN45
A6NDX5	Q9VRP9
A6NDX5	Q9VZQ1
A6NDX5	Q9WTY8
A6NDX5	Q9WUT3
A6NDX5	Q9WVH3
A6NDX5	Q9XTC6
A6NDX5	Q9XWI6
A6NDX5	Q9Y0Y6
A6NDX5	Q9Y252
A6NDX5	Q9Y2I6
A6NDX5	Q9Y4E5
A6NDX5	Q9Y546
A6NDX5	Q9Y5F2
A6NDX5	Q9Y5K6
A6NDX5	Q9Y5W7
A6NDX5	Q9Y6F7
A6NDX5	Q9Y794
A6NDX5	Q9Z0H8
A6NDX5	Q9Z254
A6NDX5	Q9Z2F2
A6NDX5	A0JP26
A6NDX5	A1L1R6
A6NDX5	A2AGL3
A6NDX5	A3LXF0
A6NDX5	A5A8V7
A6NDX5	A5PHT0
A6NDX5	A6NET4
A6NDX5	A6NIE9
A6NDX5	A7TGY3
A6NDX5	A7VK00
A6NDX5	A8ISN6
A6NDX5	A8MS41
A6NDX5	B0G107
A6NDX5	B9EY52
A6NDX5	C0LGR6
A6NDX5	F1LPQ2
A6NDX5	F2YMG0
A6NDX5	F4HTV6
A6NDX5	F4I4K7
A6NDX5	F4IHR4
A6NDX5	F4IRM4
A6NDX5	F4J0C0
A6NDX5	F4J8K6
A6NDX5	F4JLS1
A6NDX5	F4K4C5
A6NDX5	F6NSX9
A6NDX5	G5ECJ6
A6NDX5	G5EI58
A6NDX5	J3QK54
A6NDX5	O00270
A6NDX5	O12940
A6NDX5	O13682
A6NDX5	O18413
A6NDX5	O23813
A6NDX5	O35162
A6NDX5	O35655
A6NDX5	O42993
A6NDX5	O54982
A6NDX5	O59718
A6NDX5	O60125
A6NDX5	O64566
A6NDX5	O65405
A6NDX5	O70421
A6NDX5	O74749
A6NDX5	O74910
A6NDX5	O88632
A6NDX5	O94235
A6NDX5	O97764
A6NDX5	P01631
A6NDX5	P01766
A6NDX5	P01909
A6NDX5	P04464
A6NDX5	P06334
A6NDX5	P08217
A6NDX5	P09237
A6NDX5	P0CE72
A6NDX5	P10984
A6NDX5	P10986
A6NDX5	P0DM41
A6NDX5	P0DM42
A6NDX5	P14430
A6NDX5	P15087
A6NDX5	P20764
A6NDX5	P23083
A6NDX5	P25067
A6NDX5	P30099
A6NDX5	P31034
A6NDX5	P31997
A6NDX5	P33331
A6NDX5	P34127
A6NDX5	P34790
A6NDX5	P35410
A6NDX5	P36415
A6NDX5	P38679
A6NDX5	P41034
A6NDX5	P42948
A6NDX5	P47879
A6NDX5	P48994
A6NDX5	P50458
A6NDX5	Q9Z0S2
A6NDX5	P52950
A6NDX5	P54671
A6NDX5	P61374
A6NDX5	P61371
A6NDX5	P61372
A6NDX5	P61373
A6NDX5	P70425
A6NDX5	P78750
A6NDX5	Q05722
A6NDX5	Q08629
A6NDX5	Q08C92
A6NDX5	Q09792
A6NDX5	Q09QM4
A6NDX5	Q0JLP9
A6NDX5	Q0WMR0
A6NDX5	Q10KY3
A6NDX5	Q12317
A6NDX5	Q15617
A6NDX5	Q17R07
A6NDX5	Q19713
A6NDX5	Q1PDW5
A6NDX5	Q21924
A6NDX5	Q29Q26
A6NDX5	Q39061
A6NDX5	Q39202
A6NDX5	Q3KPI0
A6NDX5	Q3V1N1
A6NDX5	Q41188
A6NDX5	Q5XJA5
A6NDX5	Q91790
A6NDX5	Q920F3
A6NDX5	Q925D8
A6NDX5	Q93WK5
A6NDX5	Q940M0
A6NDX5	Q94A82
A6NDX5	Q95QV8
A6NDX5	Q96RB7
A6NDX5	Q9BYS8
A6NDX5	Q9C5C4
A6NDX5	Q9C8M0
A6NDX5	Q9CQ43
A6NDX5	Q9CR04
A6NDX5	Q9CWU9
A6NDX5	Q9D485
A6NDX5	Q9D676
A6NDX5	Q9D8T0
A6NDX5	Q9DBY4
A6NDX5	Q9ET26
A6NDX5	Q9FFK3
A6NDX5	Q9FG36
A6NDX5	Q9FJH0
A6NDX5	Q9FL63
A6NDX5	Q9FNI6
A6NDX5	Q9FVI6
A6NDX5	Q9FX08
A6NDX5	Q9FZ06
A6NDX5	Q9H306
A6NDX5	Q9H6R6
A6NDX5	Q9JLH8
A6NDX5	Q9LFG8
A6NDX5	Q9LIR3
A6NDX5	Q9LN59
A6NDX5	Q9LNW1
A6NDX5	Q9LPV9
A6NDX5	Q9LUP8
A6NDX5	Q9LVR6
A6NDX5	Q9M0G9
A6NDX5	Q9M5J8
A6NDX5	Q9MAP5
A6NDX5	Q9NQ39
A6NDX5	Q9NZC3
A6NDX5	Q9QUK9
A6NDX5	Q9R061
A6NDX5	Q9R283
A6NDX5	Q9S7L2
A6NDX5	Q9SA75
A6NDX5	Q9SAJ3
A6NDX5	Q9SF91
A6NDX5	Q9SGE9
A6NDX5	Q9SHI3
A6NDX5	Q9SIU8
A6NDX5	Q9SND6
A6NDX5	Q9SR05
A6NDX5	Q9SRM0
A6NDX5	Q9STT1
A6NDX5	Q9SV15
A6NDX5	Q9SX79
A6NDX5	Q9SYA0
A6NDX5	Q9ULK6
A6NDX5	Q9URZ5
A6NDX5	Q9UUI6
A6NDX5	Q9VXY2
A6NDX5	Q9WTM3
A6NDX5	Q9WV85
A6NDX5	Q9Y0T2
A6NDX5	Q9Y7Y3
A6NDX5	Q9Z2K3
A6NDX5	Q9ZSP5
A6NDX5	Q9ZVD3
A6NDX5	X1WE18
A6NDX5	A0A075B6J2
A6NDX5	A0A087WW87
A6NDX5	P01614
A6NDX5	A0A0B4J1W7
A6NDX5	A0A0C4DH30
A6NDX5	A1A4S6
A6NDX5	A3KGK3
A6NDX5	A4QPH2
A6NDX5	A5PKW4
A6NDX5	A6NGN9
A6NDX5	A6NIX2
A6NDX5	A6NNE9
A6NDX5	A8MUZ8
A6NDX5	B0R4K1
A6NDX5	B1V8A0
A6NDX5	B2RYE5
A6NDX5	B6JUP5
A6NDX5	B9DGD6
A6NDX5	C9JN71
A6NDX5	D3ZBP4
A6NDX5	E9PV24
A6NDX5	F1LM81
A6NDX5	F1MAD2
A6NDX5	G5ED45
A6NDX5	G5EFF4
A6NDX5	H2KZU7
A6NDX5	O01498
A6NDX5	O08678
A6NDX5	O08914
A6NDX5	O14014
A6NDX5	O15056
A6NDX5	O16785
A6NDX5	O18640
A6NDX5	O34338
A6NDX5	O35084
A6NDX5	O35625
A6NDX5	O35763
A6NDX5	O35902
A6NDX5	O42923
A6NDX5	O43164
A6NDX5	O43298
A6NDX5	O43707
A6NDX5	O44514
A6NDX5	O46072
A6NDX5	O54880
A6NDX5	O55000
A6NDX5	O58655
A6NDX5	O60245
A6NDX5	O60341
A6NDX5	O60678
A6NDX5	O60880
A6NDX5	O61967
A6NDX5	O70248
A6NDX5	O70400
A6NDX5	O75159
A6NDX5	O88196
A6NDX5	O88410
A6NDX5	O88643
A6NDX5	O88797
A6NDX5	O88888
A6NDX5	O88995
A6NDX5	O93982
A6NDX5	O94898
A6NDX5	O95069
A6NDX5	O95292
A6NDX5	O95409
A6NDX5	O95696
A6NDX5	O95967
A6NDX5	P01024
A6NDX5	P02564
A6NDX5	P02786
A6NDX5	P04627
A6NDX5	P04937
A6NDX5	P05205
A6NDX5	P05451
A6NDX5	P06339
A6NDX5	P07108
A6NDX5	P07527
A6NDX5	P08074
A6NDX5	P08183
A6NDX5	P08581
A6NDX5	P08985
A6NDX5	P09103
A6NDX5	P09324
A6NDX5	P09668
A6NDX5	P09922
A6NDX5	P0A812
A6NDX5	P0AED6
A6NDX5	P0AED5
A6NDX5	P0C643
A6NDX5	P10635
A6NDX5	P10771
A6NDX5	P11511
A6NDX5	P12259
A6NDX5	P13378
A6NDX5	P13542
A6NDX5	P13863
A6NDX5	P14882
A6NDX5	P15149
A6NDX5	P15473
A6NDX5	P15976
A6NDX5	P16235
A6NDX5	P16401
A6NDX5	P16573
A6NDX5	P16912
A6NDX5	P17210
A6NDX5	P17483
A6NDX5	P20029
A6NDX5	P20813
A6NDX5	P21729
A6NDX5	P22272
A6NDX5	P23298
A6NDX5	P25323
A6NDX5	P25382
A6NDX5	P25911
A6NDX5	P26651
A6NDX5	P27612
A6NDX5	P28698
A6NDX5	P28908
A6NDX5	P29315
A6NDX5	P30291
A6NDX5	P30771
A6NDX5	P30968
A6NDX5	P31374
A6NDX5	P32330
A6NDX5	P32528
A6NDX5	P32839
A6NDX5	P33174
A6NDX5	P33310
A6NDX5	P34161
A6NDX5	P35383
A6NDX5	P35546
A6NDX5	P35609
A6NDX5	P35969
A6NDX5	P36037
A6NDX5	P36860
A6NDX5	P37059
A6NDX5	P37837
A6NDX5	P38070
A6NDX5	P38187
A6NDX5	P38615
A6NDX5	P38747
A6NDX5	P39535
A6NDX5	P39706
A6NDX5	P39943
A6NDX5	P40189
A6NDX5	P40559
A6NDX5	P40938
A6NDX5	P41920
A6NDX5	P42682
A6NDX5	P43034
A6NDX5	P63004
A6NDX5	P63005
A6NDX5	P43245
A6NDX5	P43609
A6NDX5	P43897
A6NDX5	P46092
A6NDX5	P46784
A6NDX5	P47030
A6NDX5	P47242
A6NDX5	Q2L4T2
A6NDX5	P48193
A6NDX5	P48605
A6NDX5	P48758
A6NDX5	P49185
A6NDX5	P49368
A6NDX5	P49615
A6NDX5	Q03114
A6NDX5	Q00535
A6NDX5	P49809
A6NDX5	P50391
A6NDX5	P50526
A6NDX5	P52209
A6NDX5	P52747
A6NDX5	P53096
A6NDX5	P53551
A6NDX5	P53669
A6NDX5	P54367
A6NDX5	P54616
A6NDX5	P54762
A6NDX5	P54860
A6NDX5	P55040
A6NDX5	P56270
A6NDX5	P56481
A6NDX5	P56960
A6NDX5	P57723
A6NDX5	P58046
A6NDX5	P59510
A6NDX5	P61566
A6NDX5	P62046
A6NDX5	P70186
A6NDX5	P70284
A6NDX5	P78310
A6NDX5	P78406
A6NDX5	P78810
A6NDX5	P79746
A6NDX5	P80365
A6NDX5	P82198
A6NDX5	P83102
A6NDX5	P83917
A6NDX5	P83916
A6NDX5	P84109
A6NDX5	P97292
A6NDX5	P97367
A6NDX5	O14770
A6NDX5	P97557
A6NDX5	Q8BZN2
A6NDX5	P97717
A6NDX5	P98081
A6NDX5	P9WGN1
A6NDX5	P9WMF9
A6NDX5	P9WQK7
A6NDX5	Q00444
A6NDX5	Q01177
A6NDX5	Q01477
A6NDX5	Q01740
A6NDX5	Q01954
A6NDX5	Q02386
A6NDX5	Q02821
A6NDX5	Q02977
A6NDX5	Q04047
A6NDX5	Q05080
A6NDX5	Q05769
A6NDX5	Q05928
A6NDX5	Q05BV3
A6NDX5	Q06218
A6NDX5	Q06407
A6NDX5	Q06651
A6NDX5	Q07954
A6NDX5	Q08473
A6NDX5	Q09437
A6NDX5	Q09746
A6NDX5	Q09XV5
A6NDX5	Q0V8T8
A6NDX5	Q0WVD6
A6NDX5	Q10367
A6NDX5	Q11090
A6NDX5	Q12149
A6NDX5	Q12205
A6NDX5	Q12841
A6NDX5	Q12955
A6NDX5	Q13201
A6NDX5	Q13291
A6NDX5	Q13402
A6NDX5	Q13489
A6NDX5	Q13585
A6NDX5	Q13705
A6NDX5	Q14137
A6NDX5	Q14202
A6NDX5	Q14588
A6NDX5	Q14AX6
A6NDX5	Q14CZ8
A6NDX5	Q15131
A6NDX5	Q15459
A6NDX5	Q15646
A6NDX5	Q15761
A6NDX5	Q16584
A6NDX5	Q16696
A6NDX5	Q18211
A6NDX5	Q19873
A6NDX5	Q1KMD3
A6NDX5	Q1W617
A6NDX5	Q24298
A6NDX5	Q24574
A6NDX5	Q2NKQ1
A6NDX5	Q2V3L3
A6NDX5	Q39016
A6NDX5	Q3SWU4
A6NDX5	Q3UDP0
A6NDX5	Q3UH68
A6NDX5	Q3UHZ5
A6NDX5	Q3ULZ2
A6NDX5	Q3UPH7
A6NDX5	Q3V016
A6NDX5	Q3V300
A6NDX5	Q43349
A6NDX5	Q495B1
A6NDX5	Q4G0A6
A6NDX5	Q4KLY4
A6NDX5	Q4QY64
A6NDX5	Q4V8J4
A6NDX5	Q52T38
A6NDX5	Q59VP7
A6NDX5	Q5BLK4
A6NDX5	Q5FVG8
A6NDX5	Q5FWH6
A6NDX5	Q5HZY2
A6NDX5	Q5M775
A6NDX5	Q5M929
A6NDX5	Q5PQV5
A6NDX5	Q5RKH0
A6NDX5	Q5SXA9
A6NDX5	Q5T4F4
A6NDX5	Q5T7B8
A6NDX5	Q5XFW8
A6NDX5	Q9D1M0
A6NDX5	Q5XIR9
A6NDX5	Q5XX13
A6NDX5	Q60855
A6NDX5	Q61048
A6NDX5	Q61143
A6NDX5	Q61699
A6NDX5	Q61846
A6NDX5	Q62225
A6NDX5	Q62523
A6NDX5	Q62925
A6NDX5	Q63117
A6NDX5	Q63355
A6NDX5	Q641W4
A6NDX5	Q64317
A6NDX5	Q64FW2
A6NDX5	Q66T02
A6NDX5	Q6AXZ2
A6NDX5	Q6AYC8
A6NDX5	Q6IDD9
A6NDX5	Q6IR42
A6NDX5	Q6KAS7
A6NDX5	Q6MG88
A6NDX5	Q6NN85
A6NDX5	Q6NVE8
A6NDX5	Q6NZM9
A6NDX5	Q6P9G9
A6NDX5	Q6PCX9
A6NDX5	Q6PDS3
A6NDX5	Q6PIV2
A6NDX5	Q6S5J6
A6NDX5	Q6V595
A6NDX5	Q6WVG3
A6NDX5	Q6ZMW2
A6NDX5	Q6ZQ12
A6NDX5	Q6ZV73
A6NDX5	Q6ZWS8
A6NDX5	O43791
A6NDX5	Q70J99
A6NDX5	Q76FK4
A6NDX5	Q7KZF4
A6NDX5	Q7MG94
A6NDX5	Q7TNF0
A6NDX5	Q7TPD6
A6NDX5	Q7TQG1
A6NDX5	Q7TSH7
A6NDX5	Q7TT79
A6NDX5	Q7Z3T8
A6NDX5	Q7Z4I7
A6NDX5	Q7Z6M3
A6NDX5	Q80T32
A6NDX5	Q80TR4
A6NDX5	Q80V23
A6NDX5	Q80VW5
A6NDX5	Q80WJ6
A6NDX5	Q80XB4
A6NDX5	Q80Y50
A6NDX5	Q812A2
A6NDX5	Q83RE8
A6NDX5	Q86SG3
A6NDX5	Q86TJ5
A6NDX5	Q86W42
A6NDX5	Q86X27
A6NDX5	Q86YD5
A6NDX5	Q8BGD9
A6NDX5	Q8BGS1
A6NDX5	Q8BH95
A6NDX5	Q8BKC8
A6NDX5	Q8BLB8
A6NDX5	Q8BM47
A6NDX5	Q8BQM8
A6NDX5	Q8BUH7
A6NDX5	Q8BX02
A6NDX5	Q8BXT1
A6NDX5	P49804
A6NDX5	Q8BZQ2
A6NDX5	Q8C0L9
A6NDX5	Q8C147
A6NDX5	Q8C966
A6NDX5	Q8CBC6
A6NDX5	Q8CCJ9
A6NDX5	Q8CDU6
A6NDX5	Q8CFD4
A6NDX5	Q8CG50
A6NDX5	Q8CGU1
A6NDX5	Q8CHP0
A6NDX5	Q8CI96
A6NDX5	Q8GP20
A6NDX5	Q8H1E3
A6NDX5	Q8IRW8
A6NDX5	Q8IYP9
A6NDX5	Q8IZP0
A6NDX5	Q8JZP9
A6NDX5	Q8K070
A6NDX5	Q8K310
A6NDX5	Q8K448
A6NDX5	Q8K4Q0
A6NDX5	Q8L751
A6NDX5	Q8LGD5
A6NDX5	Q8N1G4
A6NDX5	Q8N2N9
A6NDX5	Q8N5A5
A6NDX5	Q8N8N0
A6NDX5	Q8N9B8
A6NDX5	Q8NA19
A6NDX5	Q8NCJ5
A6NDX5	Q8NET8
A6NDX5	Q8NGP9
A6NDX5	Q8NH74
A6NDX5	Q8NHY6
A6NDX5	Q8R0T6
A6NDX5	Q8R3T5
A6NDX5	Q8NFX7
A6NDX5	Q8R511
A6NDX5	Q8RY65
A6NDX5	Q8TBE0
A6NDX5	Q8TCU6
A6NDX5	Q8TE60
A6NDX5	Q8VCM5
A6NDX5	Q8VD31
A6NDX5	Q8VDM6
A6NDX5	Q8VEK6
A6NDX5	Q8VHQ2
A6NDX5	Q8VSC3
A6NDX5	Q8W4J2
A6NDX5	Q8WU17
A6NDX5	Q8WWF5
A6NDX5	Q8WXD0
A6NDX5	Q8WZK0
A6NDX5	Q91636
A6NDX5	Q91VV4
A6NDX5	Q91WM3
A6NDX5	Q91XS1
A6NDX5	Q920A9
A6NDX5	Q92398
A6NDX5	Q92499
A6NDX5	Q925T0
A6NDX5	Q92800
A6NDX5	Q92995
A6NDX5	Q95YF3
A6NDX5	Q967F4
A6NDX5	Q96BS2
A6NDX5	Q96EK2
A6NDX5	Q96FV0
A6NDX5	Q96H86
A6NDX5	Q96I27
A6NDX5	Q96JK2
A6NDX5	Q96M69
A6NDX5	Q96MN5
A6NDX5	Q96NY8
A6NDX5	Q96QV6
A6NDX5	Q96RQ3
A6NDX5	Q96TA0
A6NDX5	Q99467
A6NDX5	Q99697
A6NDX5	Q99983
A6NDX5	Q99JB8
A6NDX5	Q99JX7
A6NDX5	Q99L47
A6NDX5	Q99LJ0
A6NDX5	Q99PE2
A6NDX5	Q9BQI0
A6NDX5	Q9BRI3
A6NDX5	Q9BUA6
A6NDX5	Q9BUZ4
A6NDX5	Q9BWF2
A6NDX5	Q9BXM9
A6NDX5	Q9BYG3
A6NDX5	Q9BZ76
A6NDX5	Q9C950
A6NDX5	Q9CWW6
A6NDX5	Q9CZJ9
A6NDX5	Q9D1T0
A6NDX5	Q9D4J3
A6NDX5	Q9D620
A6NDX5	Q9D7V1
A6NDX5	Q9D8B7
A6NDX5	Q9DBU5
A6NDX5	Q9EPA0
A6NDX5	Q9EPU0
A6NDX5	Q9EQZ7
A6NDX5	Q9ERZ4
A6NDX5	Q9EST6
A6NDX5	Q9FFH1
A6NDX5	Q9H082
A6NDX5	Q9H0J9
A6NDX5	Q9H1K0
A6NDX5	Q9H2S9
A6NDX5	Q9H3M0
A6NDX5	Q9H4Z2
A6NDX5	Q9H628
A6NDX5	Q9HB63
A6NDX5	Q9HCP0
A6NDX5	Q9JHD1
A6NDX5	Q9JKY3
A6NDX5	Q9JLM8
A6NDX5	Q9JM61
A6NDX5	Q9JMG7
A6NDX5	Q923W4
A6NDX5	Q9LVT4
A6NDX5	Q9LZF5
A6NDX5	Q9NB04
A6NDX5	Q9NQC1
A6NDX5	Q9NQX4
A6NDX5	Q9NRM2
A6NDX5	Q9NRZ7
A6NDX5	Q9NSD7
A6NDX5	Q9NW13
A6NDX5	Q9NWU1
A6NDX5	Q9NX57
A6NDX5	Q9NYD6
A6NDX5	Q9NYV4
A6NDX5	Q9NZD2
A6NDX5	Q9P126
A6NDX5	Q9P258
A6NDX5	Q9P2H3
A6NDX5	Q9QUK0
A6NDX5	Q9QYL7
A6NDX5	Q9QZ48
A6NDX5	Q9QZK2
A6NDX5	Q9R000
A6NDX5	Q9R0C8
A6NDX5	Q9R0T3
A6NDX5	Q9R1D1
A6NDX5	Q9TV62
A6NDX5	Q9U2G0
A6NDX5	Q9UGP8
A6NDX5	Q9UHG0
A6NDX5	Q9UK32
A6NDX5	Q9UKU9
A6NDX5	Q9ULI0
A6NDX5	Q9ULW2
A6NDX5	Q9UMX0
A6NDX5	Q9USI6
A6NDX5	Q9UTL2
A6NDX5	Q9V3K3
A6NDX5	Q9V4Q8
A6NDX5	Q9V853
A6NDX5	Q9VHA0
A6NDX5	Q9VIS1
A6NDX5	Q9VKK2
A6NDX5	Q9VLT5
A6NDX5	Q9VN50
A6NDX5	Q9W4N2
A6NDX5	Q9WTY9
A6NDX5	Q9WUT7
A6NDX5	Q9WVH4
A6NDX5	Q9WVS8
A6NDX5	Q9XTF3
A6NDX5	Q9Y2I8
A6NDX5	Q9Y2T1
A6NDX5	Q9Y320
A6NDX5	Q9Y4F1
A6NDX5	Q9Y5F3
A6NDX5	Q9Y5W9
A6NDX5	Q9Y6F8
A6NDX5	Q9Y6Q1
A6NDX5	Q9Y7I8
A6NDX5	Q9Z0X0
A6NDX5	Q9Z180
A6NDX5	Q9Z1T5
A6NDX5	Q9ZSV1
A6NDX5	Q9ZWC8
A6NDX5	A0JPI9
A6NDX5	A2RUH7
A6NDX5	A2XM23
A6NDX5	A3GIA4
A6NDX5	A3LXL0
A6NDX5	A4RD35
A6NDX5	A6NIK2
A6NDX5	A7TH19
A6NDX5	A8IVX2
A6NDX5	A8MS68
A6NDX5	B3DN87
A6NDX5	B9FDE0
A6NDX5	C0LGS2
A6NDX5	C8VBH4
A6NDX5	D3Z3C6
A6NDX5	D3ZUE1
A6NDX5	E7FDW8
A6NDX5	F2Z398
A6NDX5	F4HU55
A6NDX5	F4HZC3
A6NDX5	F4IHS2
A6NDX5	F4J0W4
A6NDX5	F4J8L3
A6NDX5	F4JM19
A6NDX5	F4K4D6
A6NDX5	F4KDN0
A6NDX5	F6P6X0
A6NDX5	G5ECL2
A6NDX5	O04983
A6NDX5	O13010
A6NDX5	O14364
A6NDX5	O18696
A6NDX5	O22230
A6NDX5	O22808
A6NDX5	O42819
A6NDX5	O43920
A6NDX5	O49717
A6NDX5	O54984
A6NDX5	O43681
A6NDX5	O59722
A6NDX5	O60136
A6NDX5	O60952
A6NDX5	O64816
A6NDX5	O74921
A6NDX5	O80573
A6NDX5	O80977
A6NDX5	O81643
A6NDX5	O94444
A6NDX5	O94611
A6NDX5	P01025
A6NDX5	P01633
A6NDX5	P01767
A6NDX5	P01915
A6NDX5	P05183
A6NDX5	P06348
A6NDX5	P08311
A6NDX5	P0C7Q8
A6NDX5	P0C8R3
A6NDX5	P0C016
A6NDX5	P0CH32
A6NDX5	P0DH96
A6NDX5	P0DH95
A6NDX5	P13634
A6NDX5	P14431
A6NDX5	P17480
A6NDX5	P19892
A6NDX5	P22270
A6NDX5	P23150
A6NDX5	P25070
A6NDX5	P27806
A6NDX5	P29355
A6NDX5	P34137
A6NDX5	P34446
A6NDX5	P34791
A6NDX5	P35419
A6NDX5	P36019
A6NDX5	P39722
A6NDX5	P41040
A6NDX5	P42734
A6NDX5	P46800
A6NDX5	P47138
A6NDX5	P47884
A6NDX5	P48302
A6NDX5	P50464
A6NDX5	P52951
A6NDX5	P56479
A6NDX5	P56821
A6NDX5	P61375
A6NDX5	P63033
A6NDX5	P63032
A6NDX5	P85100
A6NDX5	P91406
A6NDX5	P92960
A6NDX5	P97805
A6NDX5	Q02525
A6NDX5	Q03042
A6NDX5	Q06141
A6NDX5	Q06605
A6NDX5	Q0DJA3
A6NDX5	Q0III9
A6NDX5	Q0J7Y8
A6NDX5	Q10076
A6NDX5	Q10920
A6NDX5	Q12059
A6NDX5	Q12918
A6NDX5	Q14773
A6NDX5	Q1PDX5
A6NDX5	Q1XG89
A6NDX5	Q22024
A6NDX5	Q2QPW1
A6NDX5	Q2R3F5
A6NDX5	Q38879
A6NDX5	Q3E9F5
A6NDX5	Q3KR54
A6NDX5	Q3UHX8
A6NDX5	Q41328
A6NDX5	Q42384
A6NDX5	Q45HK4
A6NDX5	Q4KME6
A6NDX5	Q4V3E2
A6NDX5	Q61043
A6NDX5	Q0KHV6
A6NDX5	Q920H4
A6NDX5	Q925E0
A6NDX5	Q93YS2
A6NDX5	Q944C1
A6NDX5	Q949M8
A6NDX5	Q94C69
A6NDX5	Q96LA9
A6NDX5	Q96RD0
A6NDX5	Q96WY0
A6NDX5	Q9ASS4
A6NDX5	Q9AXT8
A6NDX5	Q9BSG1
A6NDX5	Q9BXR3
A6NDX5	Q9C5X9
A6NDX5	Q9C7A2
A6NDX5	Q9C7X7
A6NDX5	Q9C9U5
A6NDX5	Q9D241
A6NDX5	Q9ET55
A6NDX5	Q9FF61
A6NDX5	Q9FID6
A6NDX5	Q9FKP1
A6NDX5	Q9FLT8
A6NDX5	Q9FN19
A6NDX5	Q9FPE8
A6NDX5	Q9FX09
A6NDX5	Q9FZJ3
A6NDX5	Q9LDI3
A6NDX5	Q9LET7
A6NDX5	Q9LFH0
A6NDX5	Q9LI77
A6NDX5	Q9LJS0
A6NDX5	Q9LNW3
A6NDX5	Q9LTJ1
A6NDX5	Q9LVS0
A6NDX5	Q9M5J9
A6NDX5	Q9NAA5
A6NDX5	Q9P3U1
A6NDX5	Q9P6Q5
A6NDX5	Q9QUN7
A6NDX5	Q9QYL0
A6NDX5	Q9SCN2
A6NDX5	Q9SDM9
A6NDX5	Q9SF92
A6NDX5	Q9SJC6
A6NDX5	Q9SMX1
A6NDX5	Q9SSR8
A6NDX5	Q9STT5
A6NDX5	Q9SX80
A6NDX5	Q9U2G5
A6NDX5	Q9UHF1
A6NDX5	Q9UTK6
A6NDX5	Q9VPR4
A6NDX5	Q9WTM4
A6NDX5	Q9Y4A9
A6NDX5	Q9Y7Z3
A6NDX5	Q9Z0Z7
A6NDX5	A0A075B6J6
A6NDX5	A0A0B4J1X5
A6NDX5	A0A0C4DH32
A6NDX5	A0AV96
A6NDX5	A1Z9L3
A6NDX5	A2A6A1
A6NDX5	A2AJK6
A6NDX5	A2AQH4
A6NDX5	A2BEA6
A6NDX5	A4FU01
A6NDX5	A4UGR9
A6NDX5	A6HD62
A6NDX5	A6NIZ1
A6NDX5	A6NKT7
A6NDX5	A9LNK9
A6NDX5	B0R502
A6NDX5	B1AUH1
A6NDX5	B1WBU4
A6NDX5	B2DCZ9
A6NDX5	B2RU80
A6NDX5	B2RYF1
A6NDX5	B4F7E7
A6NDX5	D3ZL52
A6NDX5	D4A8G9
A6NDX5	E0CZ42
A6NDX5	F1LM93
A6NDX5	F1MH24
A6NDX5	F4KFC7
A6NDX5	L0N7N1
A6NDX5	O00443
A6NDX5	O00560
A6NDX5	O02482
A6NDX5	O08679
A6NDX5	O08786
A6NDX5	O08915
A6NDX5	O09126
A6NDX5	O13747
A6NDX5	O14019
A6NDX5	O14132
A6NDX5	O14678
A6NDX5	O14795
A6NDX5	O15060
A6NDX5	O15164
A6NDX5	O15264
A6NDX5	O15389
A6NDX5	O34812
A6NDX5	O35085
A6NDX5	O35346
A6NDX5	O35459
A6NDX5	O35764
A6NDX5	O35904
A6NDX5	O43040
A6NDX5	O43167
A6NDX5	O43447
A6NDX5	O43827
A6NDX5	O54781
A6NDX5	O60145
A6NDX5	O60248
A6NDX5	O60343
A6NDX5	O60508
A6NDX5	O60684
A6NDX5	O35345
A6NDX5	O60882
A6NDX5	O74901
A6NDX5	O75445
A6NDX5	O75689
A6NDX5	O75832
A6NDX5	O76071
A6NDX5	O77086
A6NDX5	O81016
A6NDX5	O88202
A6NDX5	O88799
A6NDX5	O88890
A6NDX5	O94512
A6NDX5	O94667
A6NDX5	O94779
A6NDX5	O94900
A6NDX5	O95294
A6NDX5	O95704
A6NDX5	P01026
A6NDX5	P02452
A6NDX5	P02567
A6NDX5	P05207
A6NDX5	P06103
A6NDX5	P06349
A6NDX5	P06784
A6NDX5	P07550
A6NDX5	P07947
A6NDX5	P08458
A6NDX5	P08799
A6NDX5	P0A9W5
A6NDX5	P0A9W3
A6NDX5	P0AFB6
A6NDX5	P0AFB5
A6NDX5	P0C169
A6NDX5	Q93077
A6NDX5	P0CI26
A6NDX5	P0CI25
A6NDX5	P10111
A6NDX5	P10412
A6NDX5	P10961
A6NDX5	P12527
A6NDX5	P13569
A6NDX5	P13927
A6NDX5	P15151
A6NDX5	P15735
A6NDX5	P16236
A6NDX5	P16402
A6NDX5	P16581
A6NDX5	P17948
A6NDX5	P18253
A6NDX5	P19320
A6NDX5	P19784
A6NDX5	P20650
A6NDX5	P20815
A6NDX5	P21177
A6NDX5	P21396
A6NDX5	P21730
A6NDX5	P22517
A6NDX5	P23836
A6NDX5	P24604
A6NDX5	P24941
A6NDX5	P25116
A6NDX5	P25333
A6NDX5	P25916
A6NDX5	P26051
A6NDX5	P26675
A6NDX5	P27347
A6NDX5	P27614
A6NDX5	P27791
A6NDX5	P29016
A6NDX5	P29317
A6NDX5	P29460
A6NDX5	P30987
A6NDX5	P31209
A6NDX5	P31948
A6NDX5	P32238
A6NDX5	P32333
A6NDX5	P32392
A6NDX5	P32529
A6NDX5	P32609
A6NDX5	P33175
A6NDX5	P33311
A6NDX5	P33892
A6NDX5	P34288
A6NDX5	P35064
A6NDX5	P35281
A6NDX5	P35548
A6NDX5	P37285
A6NDX5	P37562
A6NDX5	P37838
A6NDX5	P38071
A6NDX5	P38748
A6NDX5	P38850
A6NDX5	P38990
A6NDX5	P39538
A6NDX5	P39944
A6NDX5	P40190
A6NDX5	P40748
A6NDX5	P40939
A6NDX5	P41376
A6NDX5	P41921
A6NDX5	P42683
A6NDX5	P42866
A6NDX5	P43057
A6NDX5	P43246
A6NDX5	P43560
A6NDX5	P43610
A6NDX5	P45359
A6NDX5	P45818
A6NDX5	P46093
A6NDX5	P46459
A6NDX5	P47144
A6NDX5	P48031
A6NDX5	P48231
A6NDX5	P48423
A6NDX5	P49019
A6NDX5	P49186
A6NDX5	P49619
A6NDX5	P50393
A6NDX5	P50527
A6NDX5	P51948
A6NDX5	P52231
A6NDX5	P52756
A6NDX5	P53670
A6NDX5	P53994
A6NDX5	P05712
A6NDX5	P54764
A6NDX5	P54861
A6NDX5	P55041
A6NDX5	P55899
A6NDX5	P56485
A6NDX5	P57725
A6NDX5	P58751
A6NDX5	P59114
A6NDX5	P59511
A6NDX5	P61579
A6NDX5	P61572
A6NDX5	P61573
A6NDX5	P61574
A6NDX5	P62068
A6NDX5	P62069
A6NDX5	P63254
A6NDX5	P68907
A6NDX5	P70288
A6NDX5	P70501
A6NDX5	P71590
A6NDX5	P75264
A6NDX5	P78314
A6NDX5	P78410
A6NDX5	P80370
A6NDX5	P83110
A6NDX5	P83949
A6NDX5	P87139
A6NDX5	P90897
A6NDX5	P93755
A6NDX5	P97295
A6NDX5	P97368
A6NDX5	P97718
A6NDX5	P98082
A6NDX5	P9WHW3
A6NDX5	P9WPR9
A6NDX5	P9WPR8
A6NDX5	P9WQK9
A6NDX5	Q00493
A6NDX5	Q01201
A6NDX5	Q01955
A6NDX5	Q02388
A6NDX5	Q04735
A6NDX5	Q04857
A6NDX5	Q05512
A6NDX5	Q05931
A6NDX5	Q05C16
A6NDX5	Q07079
A6NDX5	Q08DZ2
A6NDX5	Q09441
A6NDX5	Q09747
A6NDX5	Q0D2J5
A6NDX5	Q0V8T9
A6NDX5	Q10096
A6NDX5	Q10580
A6NDX5	Q12099
A6NDX5	Q12206
A6NDX5	Q12701
A6NDX5	Q13085
A6NDX5	Q13202
A6NDX5	Q13490
A6NDX5	Q13948
A6NDX5	Q14139
A6NDX5	Q14203
A6NDX5	Q14494
A6NDX5	Q14590
A6NDX5	Q14703
A6NDX5	Q15139
A6NDX5	Q16384
A6NDX5	Q16698
A6NDX5	Q17768
A6NDX5	Q18212
A6NDX5	Q19907
A6NDX5	Q23985
A6NDX5	Q27991
A6NDX5	Q2IBD4
A6NDX5	Q2NKX8
A6NDX5	Q2VIQ3
A6NDX5	Q32PX7
A6NDX5	Q39019
A6NDX5	Q3B7T9
A6NDX5	Q3KR97
A6NDX5	Q3MHT4
A6NDX5	Q3TJD7
A6NDX5	Q3UH93
A6NDX5	Q3UPL0
A6NDX5	Q3USH5
A6NDX5	Q3V3A1
A6NDX5	Q43472
A6NDX5	Q4KLY6
A6NDX5	Q4TU93
A6NDX5	Q505D9
A6NDX5	Q52WX2
A6NDX5	Q55080
A6NDX5	Q55700
A6NDX5	Q58D68
A6NDX5	Q5AI15
A6NDX5	Q5BJS7
A6NDX5	Q5DTY9
A6NDX5	Q5FWI3
A6NDX5	Q5H913
A6NDX5	Q5HHR0
A6NDX5	Q5JK68
A6NDX5	Q5NC05
A6NDX5	Q5PPN4
A6NDX5	Q5R212
A6NDX5	Q5RKH1
A6NDX5	Q5SXI5
A6NDX5	Q5VTT5
A6NDX5	Q5VW38
A6NDX5	Q5XFX0
A6NDX5	Q5XIS1
A6NDX5	Q60764
A6NDX5	Q60969
A6NDX5	Q61241
A6NDX5	Q61701
A6NDX5	P26378
A6NDX5	Q61850
A6NDX5	Q62095
A6NDX5	Q62406
A6NDX5	Q62556
A6NDX5	Q62826
A6NDX5	Q62936
A6NDX5	P70175
A6NDX5	Q63356
A6NDX5	Q63638
A6NDX5	Q64318
A6NDX5	Q64442
A6NDX5	Q64595
A6NDX5	Q64G17
A6NDX5	Q66HE5
A6NDX5	Q66X19
A6NDX5	Q6DIB5
A6NDX5	Q6EMK4
A6NDX5	Q6GQX6
A6NDX5	Q6IMN6
A6NDX5	Q6MGA9
A6NDX5	Q6NVF0
A6NDX5	Q6PFE3
A6NDX5	Q6PIW4
A6NDX5	Q6Q0N0
A6NDX5	Q6S5L8
A6NDX5	Q6UWE0
A6NDX5	Q6UXB4
A6NDX5	Q6YHK3
A6NDX5	Q6ZMW3
A6NDX5	Q6ZNG0
A6NDX5	Q6ZRI0
A6NDX5	Q71MR7
A6NDX5	Q76G19
A6NDX5	Q7KZI7
A6NDX5	Q7TNF8
A6NDX5	Q7Z2W4
A6NDX5	Q7Z4K8
A6NDX5	Q7Z9I3
A6NDX5	Q80T41
A6NDX5	Q80ZI6
A6NDX5	Q810N6
A6NDX5	Q812A3
A6NDX5	Q83PG1
A6NDX5	Q86VM9
A6NDX5	Q86X40
A6NDX5	Q86XQ3
A6NDX5	Q8BFR2
A6NDX5	Q8BGE5
A6NDX5	Q8BGS3
A6NDX5	Q8BKE6
A6NDX5	Q8BLD6
A6NDX5	Q8BM54
A6NDX5	Q8BP71
A6NDX5	Q8BTH6
A6NDX5	Q8BVE8
A6NDX5	Q8BW75
A6NDX5	Q8BX07
A6NDX5	Q8C0M0
A6NDX5	Q8C796
A6NDX5	Q8CCK0
A6NDX5	Q8CG65
A6NDX5	Q8CGU4
A6NDX5	Q8CJ00
A6NDX5	Q8GSA7
A6NDX5	Q8IUR5
A6NDX5	Q8IVE3
A6NDX5	Q8IVY1
A6NDX5	Q8IX29
A6NDX5	Q8IXV7
A6NDX5	Q8IZP2
A6NDX5	Q8JZQ2
A6NDX5	Q8K327
A6NDX5	Q8K3K7
A6NDX5	Q8K449
A6NDX5	Q8K4Q8
A6NDX5	Q8N118
A6NDX5	Q8N2R0
A6NDX5	Q8N5B7
A6NDX5	Q8N680
A6NDX5	Q8N8N7
A6NDX5	Q8N9C0
A6NDX5	Q8NA23
A6NDX5	Q8NCK3
A6NDX5	Q8NEV1
A6NDX5	Q8NGQ4
A6NDX5	Q8NH83
A6NDX5	Q8R0W0
A6NDX5	Q8R1C9
A6NDX5	Q8R4I7
A6NDX5	Q8R515
A6NDX5	Q8T6B9
A6NDX5	Q8VC70
A6NDX5	Q8VCM7
A6NDX5	Q8VD33
A6NDX5	Q80W98
A6NDX5	Q8VEL2
A6NDX5	Q8VHQ3
A6NDX5	Q8VWF5
A6NDX5	Q8WUY3
A6NDX5	Q8WVL7
A6NDX5	Q8WWF6
A6NDX5	Q8X132
A6NDX5	Q91783
A6NDX5	Q91VE6
A6NDX5	Q91WM6
A6NDX5	Q91XS8
A6NDX5	Q920B6
A6NDX5	Q924A0
A6NDX5	Q924Z4
A6NDX5	Q92562
A6NDX5	Q925T6
A6NDX5	Q92688
A6NDX5	Q92904
A6NDX5	Q92997
A6NDX5	Q61062
A6NDX5	Q93092
A6NDX5	Q94F09
A6NDX5	Q96CC6
A6NDX5	Q96DX4
A6NDX5	Q96GF1
A6NDX5	Q96HA7
A6NDX5	Q96I34
A6NDX5	Q96J01
A6NDX5	Q96JK4
A6NDX5	Q96L14
A6NDX5	Q96PF2
A6NDX5	Q96SE7
A6NDX5	Q96TA2
A6NDX5	Q99469
A6NDX5	Q99698
A6NDX5	Q99811
A6NDX5	Q99985
A6NDX5	Q99JY0
A6NDX5	Q99KH8
A6NDX5	Q99LJ2
A6NDX5	Q99PE8
A6NDX5	Q9BQ04
A6NDX5	Q9BQI3
A6NDX5	Q9BRZ2
A6NDX5	Q9BSK4
A6NDX5	Q9BUB4
A6NDX5	Q9BWF3
A6NDX5	Q9BXN1
A6NDX5	Q9BY15
A6NDX5	Q9BYG4
A6NDX5	Q9BZM3
A6NDX5	Q9C0H5
A6NDX5	Q9C5G7
A6NDX5	Q9C958
A6NDX5	Q9CQ62
A6NDX5	Q9CWW7
A6NDX5	Q9CZK6
A6NDX5	Q9D4J7
A6NDX5	Q9D8Y0
A6NDX5	Q9D9T8
A6NDX5	Q9ERE9
A6NDX5	Q9ERZ6
A6NDX5	Q9EST8
A6NDX5	Q9FJX6
A6NDX5	Q9FY48
A6NDX5	Q9H0K1
A6NDX5	Q9H116
A6NDX5	Q9H4Z3
A6NDX5	Q9H8Y5
A6NDX5	Q9HCD6
A6NDX5	Q9HDW4
A6NDX5	Q9JHD2
A6NDX5	Q9JLM9
A6NDX5	Q9LET1
A6NDX5	Q9LT08
A6NDX5	Q9LVX1
A6NDX5	Q9LZJ5
A6NDX5	Q9N2L7
A6NDX5	Q9NB31
A6NDX5	Q9NQC7
A6NDX5	Q9NR90
A6NDX5	Q9NRZ9
A6NDX5	Q9NSD9
A6NDX5	Q9NTZ6
A6NDX5	Q9NVH0
A6NDX5	Q9NXR8
A6NDX5	Q9NZP8
A6NDX5	Q9P6P3
A6NDX5	Q9P7X5
A6NDX5	Q9QUK4
A6NDX5	Q9QXK9
A6NDX5	Q9QZ49
A6NDX5	Q9R0T4
A6NDX5	Q9R1E0
A6NDX5	Q9SCZ4
A6NDX5	Q9SIN1
A6NDX5	Q9SL42
A6NDX5	Q9STT8
A6NDX5	Q9TV63
A6NDX5	Q9UC06
A6NDX5	Q9UIL8
A6NDX5	Q9UJN7
A6NDX5	Q9UK33
A6NDX5	Q9UKI2
A6NDX5	Q9UKV0
A6NDX5	Q9UL52
A6NDX5	Q9ULI1
A6NDX5	Q9ULW3
A6NDX5	Q9UNK9
A6NDX5	Q9UPN3
A6NDX5	Q9UPZ6
A6NDX5	Q9UR17
A6NDX5	Q9V877
A6NDX5	Q9VDW3
A6NDX5	Q9VHB0
A6NDX5	Q9W352
A6NDX5	Q9WTP9
A6NDX5	Q9WUB5
A6NDX5	Q9WV80
A6NDX5	Q9WVH6
A6NDX5	Q9XTG1
A6NDX5	Q9XWR6
A6NDX5	Q9Y103
A6NDX5	Q9Y2J0
A6NDX5	Q9Y561
A6NDX5	Q9Y5F6
A6NDX5	Q9Y5X0
A6NDX5	Q9Y7J6
A6NDX5	Q9Z0J4
A6NDX5	Q9Z265
A6NDX5	Q9Z2F6
A6NDX5	Q9Z327
A6NDX5	Q9ZWJ9
A6NDX5	A0JPN1
A6NDX5	A4QTR1
A6NDX5	A6NF89
A6NDX5	A6PWV5
A6NDX5	A7XUJ6
A6NDX5	B0G126
A6NDX5	B5BT18
A6NDX5	C0HKC9
A6NDX5	C0HKC8
A6NDX5	C0LGS3
A6NDX5	C8VCL5
A6NDX5	D7PF45
A6NDX5	F1LU71
A6NDX5	F4IBQ9
A6NDX5	F4IIM1
A6NDX5	F4JSV3
A6NDX5	F4JYJ3
A6NDX5	F4KE59
A6NDX5	G9CGD6
A6NDX5	O00398
A6NDX5	O04486
A6NDX5	O08523
A6NDX5	O13166
A6NDX5	O13811
A6NDX5	O15499
A6NDX5	O23365
A6NDX5	O35690
A6NDX5	Q99453
A6NDX5	O43001
A6NDX5	O61122
A6NDX5	O64817
A6NDX5	O65418
A6NDX5	O70467
A6NDX5	O74764
A6NDX5	O81716
A6NDX5	O88671
A6NDX5	O94446
A6NDX5	O94993
A6NDX5	P01029
A6NDX5	P01639
A6NDX5	P08426
A6NDX5	P0C540
A6NDX5	P0C8S1
A6NDX5	P0CH33
A6NDX5	P14439
A6NDX5	P18160
A6NDX5	P21595
A6NDX5	P23803
A6NDX5	P25071
A6NDX5	P26568
A6NDX5	P28583
A6NDX5	P29371
A6NDX5	P33420
A6NDX5	P34138
A6NDX5	P34466
A6NDX5	P36418
A6NDX5	P41044
A6NDX5	P41916
A6NDX5	P42736
A6NDX5	P46864
A6NDX5	P47888
A6NDX5	P48304
A6NDX5	P49790
A6NDX5	P50480
A6NDX5	P51567
A6NDX5	P54673
A6NDX5	P56484
A6NDX5	P68106
A6NDX5	P85118
A6NDX5	P92963
A6NDX5	P97821
A6NDX5	Q01583
A6NDX5	Q05737
A6NDX5	Q09595
A6NDX5	Q0D2K2
A6NDX5	Q0JMD4
A6NDX5	Q0V869
A6NDX5	Q0WVE8
A6NDX5	Q10L71
A6NDX5	Q10R93
A6NDX5	Q12083
A6NDX5	Q12950
A6NDX5	Q22146
A6NDX5	Q2QPW2
A6NDX5	Q2R3K5
A6NDX5	Q3E9F6
A6NDX5	Q3TYX8
A6NDX5	Q42396
A6NDX5	Q460M5
A6NDX5	Q4FZF3
A6NDX5	Q920J3
A6NDX5	Q93YT3
A6NDX5	Q940P8
A6NDX5	Q944C2
A6NDX5	Q94F87
A6NDX5	Q94K85
A6NDX5	Q96328
A6NDX5	Q96LB0
A6NDX5	Q96RD1
A6NDX5	Q99LY2
A6NDX5	Q9ASS6
A6NDX5	Q9BXR6
A6NDX5	Q9C6J3
A6NDX5	Q9C7C3
A6NDX5	Q9C9U7
A6NDX5	Q9CAD5
A6NDX5	Q9D4B1
A6NDX5	Q9D6A1
A6NDX5	Q9DAG9
A6NDX5	Q9DC29
A6NDX5	Q9FFK8
A6NDX5	Q9FG61
A6NDX5	Q9FH86
A6NDX5	Q9FHX3
A6NDX5	Q9FID8
A6NDX5	Q9FJH6
A6NDX5	Q9FKP4
A6NDX5	Q9FL92
A6NDX5	Q9FN37
A6NDX5	Q9FVQ9
A6NDX5	Q9FX31
A6NDX5	Q9LEU7
A6NDX5	Q9LGR0
A6NDX5	Q9LJU2
A6NDX5	Q9LKA4
A6NDX5	Q9LPW2
A6NDX5	Q9LSF1
A6NDX5	Q9LTJ6
A6NDX5	Q9LZX8
A6NDX5	Q9M0J5
A6NDX5	Q9M5K2
A6NDX5	Q9NQN1
A6NDX5	Q9P3U2
A6NDX5	Q9QWG5
A6NDX5	Q9R097
A6NDX5	Q9S7M2
A6NDX5	Q9SCQ2
A6NDX5	Q9SGH2
A6NDX5	Q9SIV7
A6NDX5	Q9SJD4
A6NDX5	Q9SLG9
A6NDX5	Q9SMX5
A6NDX5	Q9SR07
A6NDX5	Q9SRM4
A6NDX5	Q9SS94
A6NDX5	Q9SZ46
A6NDX5	Q9SZU1
A6NDX5	Q9UHF3
A6NDX5	Q9US03
A6NDX5	Q9UUK2
A6NDX5	Q9VFI9
A6NDX5	Q9VYS4
A6NDX5	Q9WVB4
A6NDX5	Q9Y6N6
A6NDX5	Q9Z104
A6NDX5	Q9ZQE6
A6NDX5	Q9ZU93
A6NDX5	X2JAU8
A6NDX5	A0A075B6J9
A6NDX5	A0A0B4J1X8
A6NDX5	A0A0C4DH33
A6NDX5	A1KQG0
A6NDX5	A1X283
A6NDX5	A1Z9P3
A6NDX5	A2A6Q5
A6NDX5	A2AEV7
A6NDX5	A2AQP0
A6NDX5	A2BGG1
A6NDX5	A2RU54
A6NDX5	A4V8B4
A6NDX5	A6IBC5
A6NDX5	A6NJ64
A6NDX5	A7MRY4
A6NDX5	A9QM74
A6NDX5	B2DD29
A6NDX5	B2RUI1
A6NDX5	C9JR72
A6NDX5	D3YZU1
A6NDX5	D3ZD05
A6NDX5	D3ZWZ9
A6NDX5	D4A8X0
A6NDX5	E1AZ71
A6NDX5	E9PV86
A6NDX5	E9Q6P5
A6NDX5	F5H284
A6NDX5	G3V645
A6NDX5	G5E869
A6NDX5	G5EDB9
A6NDX5	G5EFI8
A6NDX5	H2KZZ6
A6NDX5	O00170
A6NDX5	O00444
A6NDX5	O00562
A6NDX5	O05519
A6NDX5	O08593
A6NDX5	O08680
A6NDX5	O08788
A6NDX5	O09127
A6NDX5	O13759
A6NDX5	O14026
A6NDX5	O14134
A6NDX5	O14796
A6NDX5	O15062
A6NDX5	O15165
A6NDX5	O15391
A6NDX5	O32169
A6NDX5	O35219
A6NDX5	O35350
A6NDX5	O35460
A6NDX5	O43172
A6NDX5	O43300
A6NDX5	O43586
A6NDX5	O55005
A6NDX5	O59811
A6NDX5	O60346
A6NDX5	O60883
A6NDX5	O70405
A6NDX5	O70551
A6NDX5	O74335
A6NDX5	O75064
A6NDX5	O75164
A6NDX5	O75362
A6NDX5	O75563
A6NDX5	O75838
A6NDX5	O75937
A6NDX5	O76074
A6NDX5	O88207
A6NDX5	O88416
A6NDX5	O88532
A6NDX5	O89001
A6NDX5	O94782
A6NDX5	O95071
A6NDX5	O95970
A6NDX5	P00350
A6NDX5	P01027
A6NDX5	P02454
A6NDX5	P02572
A6NDX5	P10987
A6NDX5	P04629
A6NDX5	P05208
A6NDX5	P05455
A6NDX5	P07560
A6NDX5	P07948
A6NDX5	P07948
A6NDX5	P08588
A6NDX5	P09327
A6NDX5	P0CF34
A6NDX5	P11161
A6NDX5	P12931
A6NDX5	P14416
A6NDX5	P15153
A6NDX5	P15498
A6NDX5	P15771
A6NDX5	P16241
A6NDX5	P16403
A6NDX5	P16591
A6NDX5	P17509
A6NDX5	P18265
A6NDX5	P20651
A6NDX5	P20816
A6NDX5	P21187
A6NDX5	P21397
A6NDX5	P21554
A6NDX5	P21731
A6NDX5	P21941
A6NDX5	P22518
A6NDX5	P22774
A6NDX5	P23128
A6NDX5	P23497
A6NDX5	P24610
A6NDX5	P25118
A6NDX5	P25336
A6NDX5	P29319
A6NDX5	P30989
A6NDX5	P31949
A6NDX5	P32239
A6NDX5	P32909
A6NDX5	P33176
A6NDX5	P33313
A6NDX5	P33450
A6NDX5	P34295
A6NDX5	P34657
A6NDX5	P35400
A6NDX5	P36873
A6NDX5	P63087
A6NDX5	P63088
A6NDX5	P38244
A6NDX5	P38349
A6NDX5	P38800
A6NDX5	P38991
A6NDX5	P39073
A6NDX5	P40310
A6NDX5	P40561
A6NDX5	P40749
A6NDX5	P40956
A6NDX5	P41377
A6NDX5	P42685
A6NDX5	P43063
A6NDX5	P43247
A6NDX5	P45844
A6NDX5	P46096
A6NDX5	P46460
A6NDX5	P47708
A6NDX5	P48426
A6NDX5	P48608
A6NDX5	P49023
A6NDX5	P49187
A6NDX5	P49620
A6NDX5	P50528
A6NDX5	P50745
A6NDX5	P51675
A6NDX5	P51949
A6NDX5	P52272
A6NDX5	P52757
A6NDX5	P53035
A6NDX5	P53743
A6NDX5	P53940
A6NDX5	P54867
A6NDX5	P55042
A6NDX5	P55198
A6NDX5	P55316
A6NDX5	P56715
A6NDX5	P58069
A6NDX5	P58365
A6NDX5	P58753
A6NDX5	P60010
A6NDX5	P61006
A6NDX5	P61160
A6NDX5	P61161
A6NDX5	Q5M7U6
A6NDX5	P62071
A6NDX5	P68213
A6NDX5	P70290
A6NDX5	P70507
A6NDX5	P70677
A6NDX5	P78412
A6NDX5	P78812
A6NDX5	P83953
A6NDX5	P97300
A6NDX5	P97369
A6NDX5	P97468
A6NDX5	P98083
A6NDX5	P98203
A6NDX5	P9WMH3
A6NDX5	P9WQL5
A6NDX5	Q00495
A6NDX5	Q00728
A6NDX5	Q00975
A6NDX5	Q02395
A6NDX5	Q02979
A6NDX5	Q03212
A6NDX5	Q03626
A6NDX5	Q04736
A6NDX5	Q04859
A6NDX5	Q05516
A6NDX5	Q05CL8
A6NDX5	Q06525
A6NDX5	Q07084
A6NDX5	Q08281
A6NDX5	Q08481
A6NDX5	Q08649
A6NDX5	Q09442
A6NDX5	Q09750
A6NDX5	Q09866
A6NDX5	Q0D2K5
A6NDX5	Q0VAA2
A6NDX5	Q0VF58
A6NDX5	Q0WVM4
A6NDX5	Q10369
A6NDX5	Q12100
A6NDX5	Q12849
A6NDX5	Q12965
A6NDX5	Q13094
A6NDX5	Q13203
A6NDX5	Q13591
A6NDX5	Q14592
A6NDX5	Q14721
A6NDX5	Q15477
A6NDX5	Q17770
A6NDX5	Q18221
A6NDX5	Q19203
A6NDX5	Q1L5Z9
A6NDX5	Q21281
A6NDX5	Q21988
A6NDX5	Q23989
A6NDX5	Q24592
A6NDX5	Q2VIR3
A6NDX5	Q32KD2
A6NDX5	Q32PZ3
A6NDX5	Q39021
A6NDX5	Q3SX40
A6NDX5	Q3T0W4
A6NDX5	Q3U5C7
A6NDX5	Q3UIA2
A6NDX5	Q3USJ8
A6NDX5	Q3UWA4
A6NDX5	Q3V038
A6NDX5	Q3V3A7
A6NDX5	Q3ZCQ8
A6NDX5	Q43531
A6NDX5	Q4U0T9
A6NDX5	Q566C8
A6NDX5	Q59MQ0
A6NDX5	Q59VR3
A6NDX5	Q5ABD9
A6NDX5	Q5DTZ0
A6NDX5	Q5JNZ3
A6NDX5	Q5M7A4
A6NDX5	Q5R372
A6NDX5	Q5SV80
A6NDX5	Q5T4S7
A6NDX5	Q5T7N3
A6NDX5	Q5U2S5
A6NDX5	Q9CRB0
A6NDX5	Q5VWI1
A6NDX5	Q5XIS7
A6NDX5	Q5XXR3
A6NDX5	Q60654
A6NDX5	Q61245
A6NDX5	Q61423
A6NDX5	Q61555
A6NDX5	Q61851
A6NDX5	Q62407
A6NDX5	Q62726
A6NDX5	Q62829
A6NDX5	Q62940
A6NDX5	Q63120
A6NDX5	Q63357
A6NDX5	Q63518
A6NDX5	Q63644
A6NDX5	Q63844
A6NDX5	P21708
A6NDX5	Q64060
A6NDX5	Q641X6
A6NDX5	Q64598
A6NDX5	Q66X93
A6NDX5	Q68FE8
A6NDX5	Q69Z08
A6NDX5	Q6AW86
A6NDX5	Q6AYD4
A6NDX5	Q6AYP2
A6NDX5	Q6DIC0
A6NDX5	Q6IE37
A6NDX5	Q6KAU8
A6NDX5	Q6NPP4
A6NDX5	Q6NZP1
A6NDX5	Q6P1I6
A6NDX5	Q6P2L6
A6NDX5	Q6P5U7
A6NDX5	Q6P9J5
A6NDX5	Q6PDX6
A6NDX5	Q6PIX5
A6NDX5	Q6Q0N1
A6NDX5	Q6S5L9
A6NDX5	Q6TQE1
A6NDX5	Q6UXC1
A6NDX5	Q6ZMY3
A6NDX5	Q6ZNG1
A6NDX5	Q6ZQ29
A6NDX5	Q6ZT07
A6NDX5	Q6ZVC0
A6NDX5	Q70KF4
A6NDX5	Q71QF9
A6NDX5	Q78DX7
A6NDX5	Q7L014
A6NDX5	Q7RTY3
A6NDX5	Q7TMQ7
A6NDX5	Q7TSI0
A6NDX5	Q7Z2W7
A6NDX5	Q7Z3V4
A6NDX5	Q7Z6W7
A6NDX5	Q80TS3
A6NDX5	Q80UE6
A6NDX5	Q80VX4
A6NDX5	Q80Y56
A6NDX5	Q80ZJ1
A6NDX5	P10114
A6NDX5	Q83RJ4
A6NDX5	Q86SG5
A6NDX5	Q86X45
A6NDX5	Q86YE8
A6NDX5	Q8BFR5
A6NDX5	P85834
A6NDX5	Q8BI99
A6NDX5	Q8BJ90
A6NDX5	Q8BLD9
A6NDX5	Q8BQN6
A6NDX5	Q8BTH8
A6NDX5	Q8BUI3
A6NDX5	Q8BVF2
A6NDX5	Q8BX09
A6NDX5	Q15291
A6NDX5	Q8BXX2
A6NDX5	Q8BYW1
A6NDX5	Q8C0M8
A6NDX5	Q8C5U9
A6NDX5	Q8C9B9
A6NDX5	Q8CBE3
A6NDX5	Q8CFE4
A6NDX5	Q8CG73
A6NDX5	Q8CJ12
A6NDX5	Q8GUI6
A6NDX5	Q8H1F5
A6NDX5	Q8IWQ3
A6NDX5	Q8IX30
A6NDX5	Q8IZP6
A6NDX5	Q8K330
A6NDX5	Q8K451
A6NDX5	Q8K4R4
A6NDX5	Q8LGU1
A6NDX5	Q8N119
A6NDX5	Q8N3J5
A6NDX5	Q8N4F7
A6NDX5	Q8N684
A6NDX5	Q8N6W0
A6NDX5	Q8N7X1
A6NDX5	Q8NBS9
A6NDX5	Q8NCM2
A6NDX5	Q8NEA6
A6NDX5	Q8NEV4
A6NDX5	Q8NGQ5
A6NDX5	Q8NH85
A6NDX5	Q8QGV2
A6NDX5	Q8R1D1
A6NDX5	Q8R3V5
A6NDX5	Q8R4K2
A6NDX5	Q8R516
A6NDX5	Q8T8R1
A6NDX5	Q8TE76
A6NDX5	Q8UVK2
A6NDX5	Q8VE80
A6NDX5	Q8VEL9
A6NDX5	Q8VHQ4
A6NDX5	Q8VY00
A6NDX5	Q8W4N3
A6NDX5	Q91820
A6NDX5	Q91WA6
A6NDX5	Q91WN1
A6NDX5	Q91X72
A6NDX5	Q91ZN1
A6NDX5	Q924A2
A6NDX5	Q92563
A6NDX5	Q92692
A6NDX5	Q92905
A6NDX5	O35864
A6NDX5	Q93WJ8
A6NDX5	Q944L3
A6NDX5	Q94F49
A6NDX5	Q95RC0
A6NDX5	Q968Y9
A6NDX5	Q96CD2
A6NDX5	Q96D21
A6NDX5	Q96DX5
A6NDX5	Q96I51
A6NDX5	Q96J02
A6NDX5	Q96MP8
A6NDX5	Q96NZ1
A6NDX5	Q96QZ7
A6NDX5	Q96RR4
A6NDX5	Q96SI1
A6NDX5	Q99986
A6NDX5	Q99JY1
A6NDX5	Q99MD6
A6NDX5	Q99MU3
A6NDX5	Q99NE5
A6NDX5	Q99PF4
A6NDX5	Q9BQ13
A6NDX5	Q9BSL1
A6NDX5	Q9BUB5
A6NDX5	Q9BXA5
A6NDX5	Q9BXN2
A6NDX5	Q9BY21
A6NDX5	Q9BYG5
A6NDX5	Q9BZ95
A6NDX5	Q9BZM4
A6NDX5	Q9C0H6
A6NDX5	Q9CPV9
A6NDX5	Q9CWX9
A6NDX5	Q9CYZ8
A6NDX5	Q9D3R3
A6NDX5	Q9D658
A6NDX5	Q9D706
A6NDX5	Q9D8Y8
A6NDX5	Q9DBV3
A6NDX5	Q9DCT8
A6NDX5	P36201
A6NDX5	Q9EPB4
A6NDX5	Q9ERG0
A6NDX5	Q9ERZ8
A6NDX5	Q9ESD7
A6NDX5	Q9ESU6
A6NDX5	Q9FFW5
A6NDX5	Q9FMG4
A6NDX5	Q9GZL7
A6NDX5	Q9GZU7
A6NDX5	Q9H2U1
A6NDX5	Q9H6S3
A6NDX5	Q9H9P2
A6NDX5	Q9HAP6
A6NDX5	Q9JIM3
A6NDX5	Q9JJ19
A6NDX5	Q9JJZ5
A6NDX5	Q9LIE4
A6NDX5	Q9LP11
A6NDX5	Q9LT31
A6NDX5	Q9NB71
A6NDX5	Q9NP56
A6NDX5	Q9NPB8
A6NDX5	Q9NQX6
A6NDX5	Q9NR96
A6NDX5	Q9NRM7
A6NDX5	Q9NU02
A6NDX5	Q9NUU7
A6NDX5	Q9NVH1
A6NDX5	Q9NYF5
A6NDX5	Q9NZQ7
A6NDX5	Q9P0J1
A6NDX5	Q9P2J2
A6NDX5	Q9P6P7
A6NDX5	Q9P7H1
A6NDX5	Q9QUK6
A6NDX5	Q9QXL1
A6NDX5	Q9QXY1
A6NDX5	Q9QZL0
A6NDX5	Q9R012
A6NDX5	Q9R0G6
A6NDX5	Q9R0T8
A6NDX5	Q9R1E6
A6NDX5	Q9SD02
A6NDX5	Q9STV4
A6NDX5	Q9SYG4
A6NDX5	Q9TVL3
A6NDX5	Q9UBF6
A6NDX5	Q9UBR2
A6NDX5	Q9UD57
A6NDX5	Q9UGU0
A6NDX5	Q9UIM3
A6NDX5	Q9UJP4
A6NDX5	Q9UK39
A6NDX5	Q9UKI9
A6NDX5	Q9UKV5
A6NDX5	Q9UL54
A6NDX5	Q9ULI3
A6NDX5	Q9ULW5
A6NDX5	Q9UPZ9
A6NDX5	Q9V4T3
A6NDX5	Q9V895
A6NDX5	Q9VB08
A6NDX5	Q9VDW6
A6NDX5	Q9VFS8
A6NDX5	Q9VIW3
A6NDX5	Q9VLU5
A6NDX5	Q9VTT0
A6NDX5	Q9VWD4
A6NDX5	Q9W354
A6NDX5	Q9W4T4
A6NDX5	Q9WTQ0
A6NDX5	Q9WTZ1
A6NDX5	Q9WUC8
A6NDX5	Q9WV86
A6NDX5	Q9WVT0
A6NDX5	Q9XTG7
A6NDX5	Q9Y2B5
A6NDX5	Q9Y2J2
A6NDX5	Q9Y3C5
A6NDX5	Q9QYK7
A6NDX5	Q9Y566
A6NDX5	Q9Y5F7
A6NDX5	Q9Y5X1
A6NDX5	Q9Y6Q3
A6NDX5	Q9Z0X4
A6NDX5	Q9Z329
A6NDX5	A2AJA7
A6NDX5	A4QTV1
A6NDX5	A6NIU2
A6NDX5	A7XUY5
A6NDX5	B5DE31
A6NDX5	B9FFA3
A6NDX5	C0LGU1
A6NDX5	C5E4D9
A6NDX5	C9D7C2
A6NDX5	D7SFH9
A6NDX5	F4HZF0
A6NDX5	F4ICA0
A6NDX5	F4IIU4
A6NDX5	F4IRU3
A6NDX5	F4J9M5
A6NDX5	F4JMI5
A6NDX5	F4JSZ5
A6NDX5	F4JYZ8
A6NDX5	F6XZJ7
A6NDX5	G4N6Z6
A6NDX5	G5ECQ2
A6NDX5	G9LZD7
A6NDX5	O04019
A6NDX5	O08524
A6NDX5	O13168
A6NDX5	O14232
A6NDX5	O15528
A6NDX5	O22243
A6NDX5	O23081
A6NDX5	O24407
A6NDX5	O35173
A6NDX5	O35710
A6NDX5	O42847
A6NDX5	O49354
A6NDX5	O59731
A6NDX5	O61219
A6NDX5	O64597
A6NDX5	O64825
A6NDX5	O65420
A6NDX5	O70490
A6NDX5	O75678
A6NDX5	O77736
A6NDX5	O80839
A6NDX5	O88708
A6NDX5	O95013
A6NDX5	P01642
A6NDX5	P01772
A6NDX5	P03967
A6NDX5	P0C7T3
A6NDX5	P0DH98
A6NDX5	P0DH97
A6NDX5	P18161
A6NDX5	P20790
A6NDX5	P23813
A6NDX5	P26572
A6NDX5	P27812
A6NDX5	P31251
A6NDX5	P34139
A6NDX5	P41917
A6NDX5	P42744
A6NDX5	P46875
A6NDX5	P47890
A6NDX5	P49798
A6NDX5	P50503
A6NDX5	P51568
A6NDX5	P52410
A6NDX5	P53014
A6NDX5	P54674
A6NDX5	P56859
A6NDX5	P70475
A6NDX5	P85171
A6NDX5	P97299
A6NDX5	Q01593
A6NDX5	Q05738
A6NDX5	Q08ET2
A6NDX5	Q09637
A6NDX5	Q0V8T5
A6NDX5	Q0WN69
A6NDX5	Q0WQJ7
A6NDX5	Q10RI7
A6NDX5	Q13018
A6NDX5	Q15848
A6NDX5	Q19842
A6NDX5	Q2EN76
A6NDX5	Q2MHN3
A6NDX5	Q30154
A6NDX5	Q38884
A6NDX5	Q39086
A6NDX5	Q3E9F7
A6NDX5	Q3UIW8
A6NDX5	Q3UV74
A6NDX5	Q42406
A6NDX5	Q462R2
A6NDX5	Q12053
A6NDX5	Q91YA2
A6NDX5	Q920M2
A6NDX5	Q925F4
A6NDX5	Q93WT0
A6NDX5	Q94AW8
A6NDX5	Q94C75
A6NDX5	Q94FB9
A6NDX5	Q95UJ0
A6NDX5	Q96LB1
A6NDX5	Q96NZ8
A6NDX5	Q96RJ0
A6NDX5	Q99LY9
A6NDX5	Q9BSW2
A6NDX5	Q9BXU7
A6NDX5	Q9C1W5
A6NDX5	Q9C6K3
A6NDX5	Q9CAE3
A6NDX5	Q9CAU7
A6NDX5	Q9DAH1
A6NDX5	Q9EPU7
A6NDX5	Q9ERC1
A6NDX5	Q9FG68
A6NDX5	Q9FID9
A6NDX5	Q9FKP5
A6NDX5	Q9FPH0
A6NDX5	Q9FT50
A6NDX5	Q9FZ36
A6NDX5	Q9H0A6
A6NDX5	Q9H341
A6NDX5	Q9HDY4
A6NDX5	Q9JK00
A6NDX5	Q8BHK2
A6NDX5	Q9LFH6
A6NDX5	Q9LIS2
A6NDX5	Q9LN71
A6NDX5	Q9LPZ3
A6NDX5	Q9LU90
A6NDX5	Q9LX74
A6NDX5	Q9LYN6
A6NDX5	Q9LZD4
A6NDX5	Q9M1A9
A6NDX5	Q9M364
A6NDX5	Q9M622
A6NDX5	Q9M9X7
A6NDX5	Q9P3U4
A6NDX5	Q9QYN8
A6NDX5	Q9S9P0
A6NDX5	Q9SCQ7
A6NDX5	Q9SDW0
A6NDX5	Q9SKQ0
A6NDX5	Q9SR08
A6NDX5	Q9ST27
A6NDX5	Q9SV36
A6NDX5	Q9SVT4
A6NDX5	Q9SYB1
A6NDX5	Q9T0G0
A6NDX5	Q9U2X0
A6NDX5	Q9ULV1
A6NDX5	Q9VQ30
A6NDX5	Q9WTR8
A6NDX5	Q9XFH4
A6NDX5	Q9XI87
A6NDX5	Q9Y6R4
A6NDX5	Q9ZPS9
A6NDX5	Q9ZU94
A6NDX5	Q9ZW36
A6NDX5	X5HYT8
A6NDX5	A0A075B6K2
A6NDX5	A0A087X0M5
A6NDX5	A0A0B4J1Y8
A6NDX5	A0A0C4DH34
A6NDX5	A1Z9X0
A6NDX5	A2AQW0
A6NDX5	A6NE52
A6NDX5	A6QJK3
A6NDX5	A8K855
A6NDX5	B0VS13
A6NDX5	B1AVH7
A6NDX5	B1WC15
A6NDX5	B2RUJ5
A6NDX5	B4F7F3
A6NDX5	D3ZD32
A6NDX5	D3ZML2
A6NDX5	D4A929
A6NDX5	E1B7Q7
A6NDX5	E9Q236
A6NDX5	E9Q236
A6NDX5	E9Q6W4
A6NDX5	F1LMV6
A6NDX5	G5E870
A6NDX5	H2L008
A6NDX5	O00445
A6NDX5	O01583
A6NDX5	O08686
A6NDX5	O08919
A6NDX5	O14139
A6NDX5	O14559
A6NDX5	O14682
A6NDX5	O14798
A6NDX5	O15169
A6NDX5	O15266
A6NDX5	O15392
A6NDX5	O15519
A6NDX5	O16810
A6NDX5	O18866
A6NDX5	O35226
A6NDX5	O35462
A6NDX5	O42931
A6NDX5	O43052
A6NDX5	O54784
A6NDX5	O54890
A6NDX5	O60347
A6NDX5	O60721
A6NDX5	O70410
A6NDX5	O70566
A6NDX5	O75165
A6NDX5	O75569
A6NDX5	O75840
A6NDX5	O75940
A6NDX5	O76076
A6NDX5	O81126
A6NDX5	O88420
A6NDX5	O88658
A6NDX5	O88809
A6NDX5	O89016
A6NDX5	O94038
A6NDX5	O95198
A6NDX5	O95297
A6NDX5	O95416
A6NDX5	O95714
A6NDX5	O95835
A6NDX5	P01601
A6NDX5	P02458
A6NDX5	P02576
A6NDX5	P04274
A6NDX5	P04632
A6NDX5	P06787
A6NDX5	P07327
A6NDX5	P07585
A6NDX5	P07949
A6NDX5	P08092
A6NDX5	P08590
A6NDX5	P08833
A6NDX5	P08F94
A6NDX5	P09110
A6NDX5	P09541
A6NDX5	P0A6Z0
A6NDX5	P0A6Y8
A6NDX5	P0C192
A6NDX5	P0C673
A6NDX5	P0DMP2
A6NDX5	P10639
A6NDX5	P11530
A6NDX5	P11766
A6NDX5	P12612
A6NDX5	P12938
A6NDX5	P13383
A6NDX5	P13705
A6NDX5	P14426
A6NDX5	P15169
A6NDX5	P15364
A6NDX5	P15508
A6NDX5	P15791
A6NDX5	P16603
A6NDX5	P17252
A6NDX5	P05696
A6NDX5	P18266
A6NDX5	Q9WV60
A6NDX5	P18841
A6NDX5	P19096
A6NDX5	P19327
A6NDX5	P20263
A6NDX5	P20659
A6NDX5	P20817
A6NDX5	P21555
A6NDX5	P25119
A6NDX5	P26686
A6NDX5	P27619
A6NDX5	P28496
A6NDX5	P29320
A6NDX5	P31966
A6NDX5	P32240
A6NDX5	P32397
A6NDX5	P32479
A6NDX5	P33520
A6NDX5	P34167
A6NDX5	P34885
A6NDX5	P35207
A6NDX5	P35284
A6NDX5	P35283
A6NDX5	P35408
A6NDX5	P35613
A6NDX5	P35991
A6NDX5	P36101
A6NDX5	P37288
A6NDX5	P38074
A6NDX5	P38853
A6NDX5	P38920
A6NDX5	P39713
A6NDX5	P40197
A6NDX5	P40376
A6NDX5	P40562
A6NDX5	P40758
A6NDX5	P41225
A6NDX5	P42694
A6NDX5	P43248
A6NDX5	P46097
A6NDX5	P46461
A6NDX5	P46822
A6NDX5	P47147
A6NDX5	P47709
A6NDX5	P48609
A6NDX5	P49024
A6NDX5	P49621
A6NDX5	P50530
A6NDX5	P51677
A6NDX5	P51952
A6NDX5	P53104
A6NDX5	P53565
A6NDX5	P53996
A6NDX5	P54644
A6NDX5	P54781
A6NDX5	P55043
A6NDX5	P55317
A6NDX5	P56286
A6NDX5	P56716
A6NDX5	P56974
A6NDX5	P57729
A6NDX5	P60825
A6NDX5	P60824
A6NDX5	P70191
A6NDX5	P70295
A6NDX5	P70390
A6NDX5	P70531
A6NDX5	P70691
A6NDX5	P73469
A6NDX5	P78317
A6NDX5	P78413
A6NDX5	P80025
A6NDX5	P82279
A6NDX5	P87141
A6NDX5	P97302
A6NDX5	P97469
A6NDX5	P97570
A6NDX5	P97846
A6NDX5	P98084
A6NDX5	Q01538
A6NDX5	Q01965
A6NDX5	Q02206
A6NDX5	Q02410
A6NDX5	Q02725
A6NDX5	Q04053
A6NDX5	Q04217
A6NDX5	Q04609
A6NDX5	Q04863
A6NDX5	Q05086
A6NDX5	Q05D32
A6NDX5	Q06226
A6NDX5	Q06411
A6NDX5	Q07092
A6NDX5	Q07960
A6NDX5	Q08873
A6NDX5	Q09446
A6NDX5	Q09868
A6NDX5	Q10407
A6NDX5	Q11107
A6NDX5	Q12152
A6NDX5	Q12263
A6NDX5	Q12389
A6NDX5	Q12706
A6NDX5	Q12860
A6NDX5	Q12967
A6NDX5	Q13206
A6NDX5	Q13304
A6NDX5	Q13410
A6NDX5	Q13595
A6NDX5	Q14142
A6NDX5	Q14593
A6NDX5	Q148W8
A6NDX5	Q14DH7
A6NDX5	Q16587
A6NDX5	Q19958
A6NDX5	Q1L8J7
A6NDX5	Q1WG82
A6NDX5	Q20798
A6NDX5	Q22000
A6NDX5	Q24008
A6NDX5	Q24324
A6NDX5	Q29423
A6NDX5	Q2VIS4
A6NDX5	Q39022
A6NDX5	Q3B7U9
A6NDX5	Q3K3T2
A6NDX5	Q3TCX3
A6NDX5	Q3TUA9
A6NDX5	Q3TYX3
A6NDX5	Q3U5C8
A6NDX5	Q3UE17
A6NDX5	Q3UM45
A6NDX5	Q3V080
A6NDX5	Q3V3E1
A6NDX5	Q3ZCT1
A6NDX5	Q495M9
A6NDX5	Q4LDE5
A6NDX5	Q4V892
A6NDX5	Q4Z8K6
A6NDX5	Q505F5
A6NDX5	Q53HC5
A6NDX5	Q5A4E2
A6NDX5	Q5ABG1
A6NDX5	Q5ANB2
A6NDX5	Q5BJT1
A6NDX5	Q5CD77
A6NDX5	Q5DU00
A6NDX5	Q5EBH1
A6NDX5	Q5FWT7
A6NDX5	Q5H9B9
A6NDX5	Q5HGK2
A6NDX5	Q5I043
A6NDX5	Q5JPB2
A6NDX5	Q5R3F8
A6NDX5	Q5SXM1
A6NDX5	Q5TC63
A6NDX5	Q5U2S6
A6NDX5	Q5U349
A6NDX5	Q5U651
A6NDX5	Q5VWJ9
A6NDX5	Q5XI70
A6NDX5	Q5Y4N8
A6NDX5	Q60660
A6NDX5	Q61425
A6NDX5	Q61572
A6NDX5	Q61879
A6NDX5	Q62101
A6NDX5	Q62230
A6NDX5	Q62413
A6NDX5	Q62728
A6NDX5	Q62947
A6NDX5	Q63135
A6NDX5	Q63358
A6NDX5	Q63645
A6NDX5	Q64321
A6NDX5	Q68D20
A6NDX5	Q68FU8
A6NDX5	Q6AWC2
A6NDX5	Q6AYD6
A6NDX5	Q6AYP5
A6NDX5	Q6DID3
A6NDX5	Q6EVK6
A6NDX5	Q6GTS8
A6NDX5	Q6IE52
A6NDX5	Q6MGB5
A6NDX5	Q6NQ88
A6NDX5	Q6NVF9
A6NDX5	Q6P4T2
A6NDX5	O75643
A6NDX5	Q6PAQ9
A6NDX5	Q6PD05
A6NDX5	Q6R0H1
A6NDX5	Q6TRW4
A6NDX5	Q6UXD5
A6NDX5	Q6V9R5
A6NDX5	Q6ZMY6
A6NDX5	Q6ZNG9
A6NDX5	Q6ZRI8
A6NDX5	Q70KY4
A6NDX5	Q75NR7
A6NDX5	Q76I76
A6NDX5	Q7KMJ6
A6NDX5	Q7RTY9
A6NDX5	Q7TMS5
A6NDX5	Q7TPF1
A6NDX5	Q7TQI7
A6NDX5	Q7TSI1
A6NDX5	Q7Z3V5
A6NDX5	Q7Z6Z7
A6NDX5	Q80T85
A6NDX5	Q80TS5
A6NDX5	Q80V42
A6NDX5	Q80Y61
A6NDX5	Q80YW0
A6NDX5	Q810T5
A6NDX5	Q84UI5
A6NDX5	Q86SG6
A6NDX5	Q86TM3
A6NDX5	Q86VP1
A6NDX5	Q8BIA4
A6NDX5	Q8BM65
A6NDX5	Q8BTI7
A6NDX5	Q8BUJ9
A6NDX5	Q8BW93
A6NDX5	Q8BXZ1
A6NDX5	Q8BZS9
A6NDX5	Q8C0N2
A6NDX5	Q8C2B3
A6NDX5	Q8C4P0
A6NDX5	Q8CBF3
A6NDX5	Q8CFE5
A6NDX5	Q8CHQ0
A6NDX5	Q8CJ19
A6NDX5	Q8GUM2
A6NDX5	Q8IWR0
A6NDX5	Q8IYR2
A6NDX5	Q8JZQ9
A6NDX5	Q8K083
A6NDX5	Q8K243
A6NDX5	Q8K2J0
A6NDX5	Q8K337
A6NDX5	Q8L7R3
A6NDX5	Q8LGU6
A6NDX5	Q8MT36
A6NDX5	Q8N122
A6NDX5	Q8N2S1
A6NDX5	Q8N3J9
A6NDX5	Q8N4G2
A6NDX5	Q8N5C6
A6NDX5	Q8N9F7
A6NDX5	Q8NB42
A6NDX5	Q8NBT0
A6NDX5	Q8NEA9
A6NDX5	Q8NEV8
A6NDX5	Q8NG66
A6NDX5	Q8NGR2
A6NDX5	Q8NH87
A6NDX5	Q8NI17
A6NDX5	Q8R4K8
A6NDX5	Q8TDM0
A6NDX5	Q8TE77
A6NDX5	Q8VBT0
A6NDX5	Q8VD46
A6NDX5	Q8VDP3
A6NDX5	Q8VEM1
A6NDX5	Q6Y290
A6NDX5	Q8VHQ7
A6NDX5	Q8VI67
A6NDX5	Q8W4P1
A6NDX5	Q8WXD9
A6NDX5	Q8WYB5
A6NDX5	Q8Y8N0
A6NDX5	Q91821
A6NDX5	Q91VF6
A6NDX5	Q91VW9
A6NDX5	Q91X77
A6NDX5	Q91ZN7
A6NDX5	Q920D5
A6NDX5	Q921U8
A6NDX5	Q92696
A6NDX5	Q92817
A6NDX5	Q94F62
A6NDX5	Q95RG8
A6NDX5	Q95ZQ4
A6NDX5	Q969Q1
A6NDX5	Q96DX7
A6NDX5	Q96HC4
A6NDX5	Q96J65
A6NDX5	Q96JL9
A6NDX5	Q96KG7
A6NDX5	Q96MR9
A6NDX5	Q96P09
A6NDX5	Q96Q42
A6NDX5	Q96SI9
A6NDX5	Q99JE4
A6NDX5	Q99MD8
A6NDX5	Q99PF5
A6NDX5	Q9BQI6
A6NDX5	Q9BSM1
A6NDX5	Q9BXA7
A6NDX5	Q9BZM5
A6NDX5	Q9C5H5
A6NDX5	Q9CG49
A6NDX5	Q9CPW0
A6NDX5	Q9CW46
A6NDX5	Q9CXJ4
A6NDX5	Q9D0J4
A6NDX5	Q9D168
A6NDX5	Q9D2V7
A6NDX5	Q9D708
A6NDX5	Q9D7X1
A6NDX5	Q9D8Z1
A6NDX5	Q9D9V3
A6NDX5	Q9DBL2
A6NDX5	Q9EPU5
A6NDX5	Q9ER30
A6NDX5	Q9ERG2
A6NDX5	Q9ES00
A6NDX5	Q9ESE1
A6NDX5	Q9ESV1
A6NDX5	Q9FK10
A6NDX5	Q9FMJ0
A6NDX5	Q9GZM7
A6NDX5	Q9H093
A6NDX5	Q9H156
A6NDX5	Q9H3N1
A6NDX5	Q9H511
A6NDX5	Q9H6T3
A6NDX5	Q9HAQ2
A6NDX5	Q9HB75
A6NDX5	Q9HBT6
A6NDX5	Q9HCE1
A6NDX5	Q9HCR9
A6NDX5	Q9JIM4
A6NDX5	Q9JJZ6
A6NDX5	Q9JL04
A6NDX5	Q9JMH9
A6NDX5	Q9LP77
A6NDX5	Q9N2V9
A6NDX5	Q9NP58
A6NDX5	Q9NPB9
A6NDX5	Q9NR97
A6NDX5	Q9NS15
A6NDX5	Q9NXS3
A6NDX5	Q9NYG2
A6NDX5	Q9NZQ8
A6NDX5	Q9P0J7
A6NDX5	Q9P267
A6NDX5	Q9P2J3
A6NDX5	Q9P2Y4
A6NDX5	Q9QUL6
A6NDX5	Q9QWY8
A6NDX5	Q9QXL2
A6NDX5	Q9QYM5
A6NDX5	Q9QZ67
A6NDX5	Q9R013
A6NDX5	Q9R0G7
A6NDX5	Q9SL76
A6NDX5	Q9STX1
A6NDX5	Q9SYI2
A6NDX5	Q9TVP3
A6NDX5	Q9U2Q9
A6NDX5	Q9UBF9
A6NDX5	Q9UBR4
A6NDX5	Q9UGU5
A6NDX5	Q9UIR0
A6NDX5	Q9UL58
A6NDX5	Q9UNL4
A6NDX5	Q8C0D7
A6NDX5	Q9UPN6
A6NDX5	Q9UQ05
A6NDX5	Q9VB14
A6NDX5	Q9VDY1
A6NDX5	Q9VJ26
A6NDX5	Q9VKN7
A6NDX5	Q9VLW2
A6NDX5	Q9VND8
A6NDX5	Q9VQ91
A6NDX5	Q9VTT9
A6NDX5	Q9VVA0
A6NDX5	Q9VWE0
A6NDX5	Q9W4X7
A6NDX5	Q9WTQ1
A6NDX5	Q9WTZ2
A6NDX5	Q9WUD1
A6NDX5	Q9WV87
A6NDX5	Q9WVI9
A6NDX5	Q9WVT6
A6NDX5	Q9XTI0
A6NDX5	Q9Y330
A6NDX5	Q9Y3C6
A6NDX5	Q9Y4G2
A6NDX5	Q9Y5F8
A6NDX5	Q9Y5X2
A6NDX5	Q9Y7K6
A6NDX5	Q9Y823
A6NDX5	Q9Z0L0
A6NDX5	Q9Z0Y7
A6NDX5	Q9Z188
A6NDX5	Q9Z268
A6NDX5	Q9Z2G6
A6NDX5	Q9Z330
A6NDX5	A1L453
A6NDX5	A2RVK7
A6NDX5	A4QU31
A6NDX5	A4RE77
A6NDX5	A5DK47
A6NDX5	A6NIV6
A6NDX5	A7XV04
A6NDX5	A8J3A0
A6NDX5	B8N8R0
A6NDX5	C0LGV1
A6NDX5	C9J1S8
A6NDX5	D3Z6P0
A6NDX5	E9PIF3
A6NDX5	F4HZK4
A6NDX5	F4I507
A6NDX5	F4ICB6
A6NDX5	F4IRW0
A6NDX5	F4J9Q6
A6NDX5	F4JMJ1
A6NDX5	F8RP11
A6NDX5	G3V7L1
A6NDX5	O00468
A6NDX5	O04488
A6NDX5	O13817
A6NDX5	O14463
A6NDX5	O15529
A6NDX5	O18896
A6NDX5	O23100
A6NDX5	O24412
A6NDX5	O35174
A6NDX5	O35717
A6NDX5	O42849
A6NDX5	O49403
A6NDX5	O49782
A6NDX5	O59945
A6NDX5	O64598
A6NDX5	O64827
A6NDX5	O75747
A6NDX5	O81760
A6NDX5	O82659
A6NDX5	O88721
A6NDX5	P01643
A6NDX5	P01780
A6NDX5	P03979
A6NDX5	P08508
A6NDX5	P0C263
A6NDX5	P11046
A6NDX5	P13677
A6NDX5	P14480
A6NDX5	P20791
A6NDX5	P21675
A6NDX5	P22309
A6NDX5	P23231
A6NDX5	P26585
A6NDX5	P27918
A6NDX5	P28646
A6NDX5	P33435
A6NDX5	P34140
A6NDX5	P34881
A6NDX5	P35440
A6NDX5	P38332
A6NDX5	P41934
A6NDX5	P43569
A6NDX5	P46936
A6NDX5	P47893
A6NDX5	P49383
A6NDX5	P49805
A6NDX5	P54675
A6NDX5	P55083
A6NDX5	P58750
A6NDX5	P91620
A6NDX5	P92978
A6NDX5	Q05753
A6NDX5	Q09639
A6NDX5	Q0D3B6
A6NDX5	Q0ILZ4
A6NDX5	Q0J951
A6NDX5	Q0V8T7
A6NDX5	Q0WQN4
A6NDX5	Q10943
A6NDX5	Q10RP4
A6NDX5	Q13087
A6NDX5	Q15940
A6NDX5	Q1JPN0
A6NDX5	Q1PE17
A6NDX5	Q1ZXB9
A6NDX5	Q2MJ20
A6NDX5	Q38896
A6NDX5	Q3TZ87
A6NDX5	Q3UVC0
A6NDX5	Q4V835
A6NDX5	Q63959
A6NDX5	J9VE33
A6NDX5	P17225
A6NDX5	Q91YE2
A6NDX5	Q93V99
A6NDX5	Q93WU6
A6NDX5	Q940Q4
A6NDX5	Q94AZ4
A6NDX5	Q94C77
A6NDX5	Q94FL7
A6NDX5	Q96G91
A6NDX5	Q96LB2
A6NDX5	Q99J62
A6NDX5	Q9BIR7
A6NDX5	Q9BIS2
A6NDX5	Q9VG58
A6NDX5	Q9C1W9
A6NDX5	Q9C5E5
A6NDX5	Q9C8M5
A6NDX5	Q9C9W0
A6NDX5	Q9CAE4
A6NDX5	Q9CAV6
A6NDX5	Q9CQ76
A6NDX5	Q9D4C6
A6NDX5	Q9D979
A6NDX5	Q9DAH2
A6NDX5	Q9FDX6
A6NDX5	Q9FHA4
A6NDX5	Q9FML2
A6NDX5	Q9FY65
A6NDX5	Q9FZ42
A6NDX5	Q9H0B6
A6NDX5	Q9H342
A6NDX5	Q9JK15
A6NDX5	Q9LEW0
A6NDX5	Q9LH02
A6NDX5	Q9LJ04
A6NDX5	Q9LKB9
A6NDX5	Q9LN86
A6NDX5	Q9LQZ7
A6NDX5	Q9LX82
A6NDX5	Q9LYN8
A6NDX5	Q9M0M2
A6NDX5	Q9M2S6
A6NDX5	Q9MAT6
A6NDX5	Q9NES8
A6NDX5	Q9NQW5
A6NDX5	Q9QWK5
A6NDX5	Q9S6Z8
A6NDX5	Q9S7N9
A6NDX5	Q9SA80
A6NDX5	Q9SCS2
A6NDX5	Q9SGP2
A6NDX5	Q9SHJ8
A6NDX5	Q9SIW2
A6NDX5	Q9SJZ7
A6NDX5	Q9SKR2
A6NDX5	Q9SP02
A6NDX5	Q9SR13
A6NDX5	Q9SSA4
A6NDX5	Q9ST43
A6NDX5	Q9SVV9
A6NDX5	Q9SYB9
A6NDX5	Q9UT57
A6NDX5	Q9UTL9
A6NDX5	Q9UUY8
A6NDX5	Q9WVH9
A6NDX5	Q9XFH8
A6NDX5	Q9XI90
A6NDX5	Q9Z175
A6NDX5	Q9ZQF9
A6NDX5	Q9ZSY2
A6NDX5	Q9ZUX1
A6NDX5	Q9ZW38
A6NDX5	A0A075B6K5
A6NDX5	A0A0B4J1Y9
A6NDX5	A0A0C4DH36
A6NDX5	A0AVT1
A6NDX5	A1ZA47
A6NDX5	A2A761
A6NDX5	A2AF47
A6NDX5	A2AKB4
A6NDX5	A2AR02
A6NDX5	A2BGR3
A6NDX5	A5PLL1
A6NDX5	A6JUQ6
A6NDX5	A6NL08
A6NDX5	A6NNM3
A6NDX5	A6QJK4
A6NDX5	A7MVC2
A6NDX5	A9YUB1
A6NDX5	B1AVY7
A6NDX5	B1WC40
A6NDX5	Q9CQ49
A6NDX5	B2GUZ1
A6NDX5	B2RUP2
A6NDX5	B2RYI0
A6NDX5	B9EHT4
A6NDX5	D3ZD82
A6NDX5	D3ZXK7
A6NDX5	E1BK52
A6NDX5	E9PVA8
A6NDX5	E9Q238
A6NDX5	F1LMY4
A6NDX5	F1SPM8
A6NDX5	G5E8B9
A6NDX5	G5EDF7
A6NDX5	H2L056
A6NDX5	O00180
A6NDX5	O01615
A6NDX5	O02626
A6NDX5	O08688
A6NDX5	O08792
A6NDX5	Q9HAK2
A6NDX5	O08934
A6NDX5	O14259
A6NDX5	O14369
A6NDX5	O15066
A6NDX5	O15394
A6NDX5	O16844
A6NDX5	O19004
A6NDX5	O31782
A6NDX5	O35367
A6NDX5	O35464
A6NDX5	O35914
A6NDX5	O42667
A6NDX5	O43058
A6NDX5	O43174
A6NDX5	O54785
A6NDX5	O55144
A6NDX5	O43711
A6NDX5	O59697
A6NDX5	O60260
A6NDX5	O60353
A6NDX5	O60729
A6NDX5	O60885
A6NDX5	O62203
A6NDX5	O70255
A6NDX5	O74341
A6NDX5	O74440
A6NDX5	O74526
A6NDX5	O74788
A6NDX5	O75173
A6NDX5	O75364
A6NDX5	O75449
A6NDX5	O75843
A6NDX5	O75943
A6NDX5	O76080
A6NDX5	O81127
A6NDX5	O88269
A6NDX5	O88536
A6NDX5	O88664
A6NDX5	O88811
A6NDX5	O89019
A6NDX5	O94804
A6NDX5	O94906
A6NDX5	O95199
A6NDX5	O95716
A6NDX5	O95977
A6NDX5	O96651
A6NDX5	P00915
A6NDX5	P01619
A6NDX5	P01619
A6NDX5	P02461
A6NDX5	P02585
A6NDX5	P02699
A6NDX5	P03974
A6NDX5	P04147
A6NDX5	P04275
A6NDX5	P06396
A6NDX5	P06702
A6NDX5	P06795
A6NDX5	P07149
A6NDX5	P07332
A6NDX5	P07589
A6NDX5	P08592
A6NDX5	P09542
A6NDX5	P0A9X9
A6NDX5	P0C7X2
A6NDX5	P0CF97
A6NDX5	P0DMS8
A6NDX5	P10493
A6NDX5	P10643
A6NDX5	P11531
A6NDX5	P11792
A6NDX5	P11983
A6NDX5	P12271
A6NDX5	P12613
A6NDX5	P12785
A6NDX5	P12939
A6NDX5	P13099
A6NDX5	P13941
A6NDX5	P14175
A6NDX5	P14427
A6NDX5	P14719
A6NDX5	P16015
A6NDX5	P16409
A6NDX5	P16610
A6NDX5	P16960
A6NDX5	P17967
A6NDX5	P19328
A6NDX5	P19524
A6NDX5	P20264
A6NDX5	P20662
A6NDX5	P21439
A6NDX5	P21743
A6NDX5	P22293
A6NDX5	P23141
A6NDX5	P23881
A6NDX5	P24054
A6NDX5	P24399
A6NDX5	P25007
A6NDX5	P25122
A6NDX5	P25341
A6NDX5	P25389
A6NDX5	P25929
A6NDX5	P26151
A6NDX5	P27005
A6NDX5	P27361
A6NDX5	P29322
A6NDX5	P29466
A6NDX5	P29728
A6NDX5	P31232
A6NDX5	P31380
A6NDX5	P31973
A6NDX5	P32418
A6NDX5	P32561
A6NDX5	P32848
A6NDX5	P33316
A6NDX5	P33527
A6NDX5	P33897
A6NDX5	P34216
A6NDX5	P34305
A6NDX5	P34498
A6NDX5	P35285
A6NDX5	P35414
A6NDX5	P35739
A6NDX5	P36143
A6NDX5	P36556
A6NDX5	P38753
A6NDX5	P38922
A6NDX5	P38994
A6NDX5	P39076
A6NDX5	P39714
A6NDX5	P40198
A6NDX5	P40313
A6NDX5	P40507
A6NDX5	P40959
A6NDX5	P41226
A6NDX5	P41811
A6NDX5	P41938
A6NDX5	P42696
A6NDX5	P43067
A6NDX5	P43249
A6NDX5	P43616
A6NDX5	P45877
A6NDX5	P46824
A6NDX5	P47931
A6NDX5	P48431
A6NDX5	P48547
A6NDX5	P49025
A6NDX5	P49746
A6NDX5	P51400
A6NDX5	P51678
A6NDX5	P51954
A6NDX5	P52292
A6NDX5	P52592
A6NDX5	P53037
A6NDX5	P53335
A6NDX5	P53894
A6NDX5	P54645
A6NDX5	P55318
A6NDX5	P56522
A6NDX5	P56975
A6NDX5	P57735
A6NDX5	P59600
A6NDX5	P61588
A6NDX5	P61587
A6NDX5	P63155
A6NDX5	P63154
A6NDX5	P67809
A6NDX5	P70193
A6NDX5	P70392
A6NDX5	P70536
A6NDX5	P77395
A6NDX5	P78414
A6NDX5	P78814
A6NDX5	P86049
A6NDX5	P87142
A6NDX5	P90916
A6NDX5	P97303
A6NDX5	P97303
A6NDX5	P97573
A6NDX5	P97756
A6NDX5	P98086
A6NDX5	Q00526
A6NDX5	Q00748
A6NDX5	Q01768
A6NDX5	Q01968
A6NDX5	Q02207
A6NDX5	Q02413
A6NDX5	Q02733
A6NDX5	Q02858
A6NDX5	Q02T82
A6NDX5	Q03214
A6NDX5	Q03348
A6NDX5	Q03735
A6NDX5	Q03897
A6NDX5	Q04225
A6NDX5	Q04412
A6NDX5	Q04744
A6NDX5	Q04864
A6NDX5	Q05096
A6NDX5	Q05783
A6NDX5	Q07563
A6NDX5	Q08201
A6NDX5	Q08EC4
A6NDX5	Q0VF96
A6NDX5	Q10235
A6NDX5	Q11119
A6NDX5	Q12864
A6NDX5	Q13105
A6NDX5	Q13309
A6NDX5	Q13415
A6NDX5	Q13496
A6NDX5	Q13751
A6NDX5	Q14145
A6NDX5	Q14596
A6NDX5	Q14914
A6NDX5	Q15506
A6NDX5	Q15910
A6NDX5	Q17833
A6NDX5	Q19266
A6NDX5	Q19969
A6NDX5	Q21307
A6NDX5	Q22036
A6NDX5	Q23023
A6NDX5	Q24009
A6NDX5	Q27HV0
A6NDX5	Q8CGY8
A6NDX5	O15294
A6NDX5	Q29455
A6NDX5	Q2M2I8
A6NDX5	Q2NL51
A6NDX5	Q2TAC6
A6NDX5	Q39023
A6NDX5	Q3B7Z2
A6NDX5	Q3TD16
A6NDX5	Q3TKT4
A6NDX5	Q3TZ89
A6NDX5	Q3U1V8
A6NDX5	Q3UM83
A6NDX5	Q3UQ28
A6NDX5	Q3UST5
A6NDX5	Q3UWM4
A6NDX5	Q3V3G7
A6NDX5	Q495X7
A6NDX5	Q499N6
A6NDX5	Q4JDL3
A6NDX5	Q4U2R1
A6NDX5	Q505G8
A6NDX5	Q53HC9
A6NDX5	Q566R3
A6NDX5	Q56UN5
A6NDX5	Q59MW2
A6NDX5	Q5ANC8
A6NDX5	Q5CZ79
A6NDX5	Q5DU02
A6NDX5	Q5FWT8
A6NDX5	Q5HY92
A6NDX5	Q5M956
A6NDX5	Q8R4G8
A6NDX5	Q5NCC3
A6NDX5	Q5PQJ5
A6NDX5	Q5PR73
A6NDX5	Q5RKI0
A6NDX5	Q5SRX1
A6NDX5	Q5SXM2
A6NDX5	Q5T1H1
A6NDX5	Q5T7W7
A6NDX5	Q5TC79
A6NDX5	Q5THR3
A6NDX5	Q5VZF2
A6NDX5	Q5XIS9
A6NDX5	Q5Y5T1
A6NDX5	Q60767
A6NDX5	Q60974
A6NDX5	Q61074
A6NDX5	Q61152
A6NDX5	Q61574
A6NDX5	Q62108
A6NDX5	Q62231
A6NDX5	Q15475
A6NDX5	Q62600
A6NDX5	Q62733
A6NDX5	Q63648
A6NDX5	Q63862
A6NDX5	Q64096
A6NDX5	Q641Y6
A6NDX5	Q64449
A6NDX5	Q64604
A6NDX5	Q64LD2
A6NDX5	Q66HG3
A6NDX5	Q68D51
A6NDX5	Q69Z28
A6NDX5	Q69ZT9
A6NDX5	Q6AWG9
A6NDX5	Q6AYE2
A6NDX5	Q6AYQ0
A6NDX5	Q6BEB4
A6NDX5	Q6F3F9
A6NDX5	Q6KC51
A6NDX5	Q6MGB6
A6NDX5	Q6NQI8
A6NDX5	Q6NQI8
A6NDX5	Q6NVG1
A6NDX5	Q6NXT1
A6NDX5	Q6P2M8
A6NDX5	Q6P4U0
A6NDX5	Q6P9K8
A6NDX5	Q6PHN9
A6NDX5	Q15286
A6NDX5	Q6PIY7
A6NDX5	Q6S8J3
A6NDX5	Q6TUG0
A6NDX5	Q99KV1
A6NDX5	Q6YN16
A6NDX5	Q6ZMY9
A6NDX5	Q6ZNH5
A6NDX5	Q6ZQ58
A6NDX5	Q6ZVD8
A6NDX5	Q75Q39
A6NDX5	Q76I79
A6NDX5	Q78EA7
A6NDX5	Q7RTZ1
A6NDX5	Q7TMV1
A6NDX5	Q7TNH6
A6NDX5	Q7Z4N2
A6NDX5	Q7Z5Y7
A6NDX5	Q7Z736
A6NDX5	Q80T91
A6NDX5	Q80VY9
A6NDX5	Q80YW5
A6NDX5	Q80ZJ8
A6NDX5	Q810U3
A6NDX5	Q812D1
A6NDX5	Q86TM6
A6NDX5	Q86UK0
A6NDX5	Q86UZ6
A6NDX5	Q86WA8
A6NDX5	Q86XS5
A6NDX5	Q8BG40
A6NDX5	Q8BGT1
A6NDX5	Q8BHB4
A6NDX5	Q8BID6
A6NDX5	Q8BKG3
A6NDX5	Q8BM75
A6NDX5	Q8BP86
A6NDX5	Q8BX17
A6NDX5	Q8BY02
A6NDX5	Q8BZT2
A6NDX5	Q8C0P0
A6NDX5	Q8C165
A6NDX5	Q8C5W0
A6NDX5	Q8CCS6
A6NDX5	Q8CG80
A6NDX5	Q8CHQ9
A6NDX5	Q8CJ26
A6NDX5	Q8IW35
A6NDX5	Q8IWR1
A6NDX5	Q8IYB5
A6NDX5	Q8IYS0
A6NDX5	Q8IZP9
A6NDX5	Q8JZR0
A6NDX5	Q8K088
A6NDX5	Q8K0W3
A6NDX5	Q8K1M4
A6NDX5	Q8K482
A6NDX5	Q8MXI4
A6NDX5	Q8N126
A6NDX5	Q8N1N0
A6NDX5	Q8N3K9
A6NDX5	Q8N6Y1
A6NDX5	Q8N7Z5
A6NDX5	Q8N9F8
A6NDX5	Q8NA42
A6NDX5	Q8NB46
A6NDX5	Q8NCN2
A6NDX5	Q8NGR3
A6NDX5	Q8NHB8
A6NDX5	Q8QZR3
A6NDX5	Q8R2M0
A6NDX5	Q8R367
A6NDX5	Q8R4L0
A6NDX5	Q8R526
A6NDX5	Q8RVL1
A6NDX5	Q8TAQ2
A6NDX5	Q8TBF4
A6NDX5	Q8TD06
A6NDX5	Q8TDM6
A6NDX5	Q8TF20
A6NDX5	Q8VC98
A6NDX5	Q8VD48
A6NDX5	Q8VDP4
A6NDX5	Q8VE92
A6NDX5	Q64LC9
A6NDX5	Q8VYA5
A6NDX5	Q8WYH8
A6NDX5	Q91822
A6NDX5	Q91WB4
A6NDX5	Q91WP0
A6NDX5	Q91XU0
A6NDX5	Q91YI6
A6NDX5	Q5U315
A6NDX5	Q920E3
A6NDX5	Q921B4
A6NDX5	Q922Q8
A6NDX5	Q924C3
A6NDX5	Q92502
A6NDX5	Q92569
A6NDX5	Q92698
A6NDX5	Q93XX4
A6NDX5	Q94517
A6NDX5	Q94JM3
A6NDX5	Q969Q4
A6NDX5	Q969Z4
A6NDX5	Q96AC6
A6NDX5	Q96J66
A6NDX5	Q96JM3
A6NDX5	Q96L33
A6NDX5	Q96M93
A6NDX5	Q96MS0
A6NDX5	Q96TL5
A6NDX5	Q97Z79
A6NDX5	Q99020
A6NDX5	Q99316
A6NDX5	Q99828
A6NDX5	Q99JE6
A6NDX5	Q99L88
A6NDX5	Q99LL5
A6NDX5	Q99MV1
A6NDX5	Q9BQ16
A6NDX5	Q9BQI7
A6NDX5	Q9BS26
A6NDX5	Q9BUD6
A6NDX5	Q9BVN2
A6NDX5	Q9BXA9
A6NDX5	Q9BY41
A6NDX5	Q9BYH1
A6NDX5	Q9BZA7
A6NDX5	Q9C098
A6NDX5	Q9C0I9
A6NDX5	Q9C5J9
A6NDX5	Q9CGD4
A6NDX5	Q9CQ73
A6NDX5	Q9CR35
A6NDX5	Q9CRC8
A6NDX5	Q9D504
A6NDX5	Q9D710
A6NDX5	Q9D7X3
A6NDX5	Q9DBW0
A6NDX5	Q9EPC1
A6NDX5	Q9EPV5
A6NDX5	Q9EQJ0
A6NDX5	Q9ERH3
A6NDX5	Q9FY74
A6NDX5	Q9GZV1
A6NDX5	Q9H0L4
A6NDX5	Q9H158
A6NDX5	Q9H2B2
A6NDX5	Q9H3N8
A6NDX5	Q9H4A3
A6NDX5	Q9HB89
A6NDX5	Q9HBT8
A6NDX5	Q9HCE3
A6NDX5	Q9HCS4
A6NDX5	Q9JHW1
A6NDX5	Q9JI90
A6NDX5	Q9JIP0
A6NDX5	Q9JJ26
A6NDX5	Q9JJZ8
A6NDX5	Q9JL06
A6NDX5	Q9LIK5
A6NDX5	Q9LPC5
A6NDX5	Q9LT75
A6NDX5	Q9NBK5
A6NDX5	Q9NPC2
A6NDX5	Q9NQY0
A6NDX5	Q9NR99
A6NDX5	Q9NX65
A6NDX5	Q9NXT0
A6NDX5	Q9NYG8
A6NDX5	Q9NZQ9
A6NDX5	Q9P1P4
A6NDX5	Q9P7I2
A6NDX5	Q9QUM0
A6NDX5	Q9QX11
A6NDX5	P97694
A6NDX5	Q9QXL7
A6NDX5	Q9QYM9
A6NDX5	Q9QZL6
A6NDX5	Q9R020
A6NDX5	O35986
A6NDX5	Q9R0G8
A6NDX5	Q9R1K2
A6NDX5	Q9SD62
A6NDX5	Q9SIV5
A6NDX5	Q9SLA1
A6NDX5	Q9TW45
A6NDX5	Q9UBG0
A6NDX5	Q9UHI6
A6NDX5	Q9UJQ4
A6NDX5	Q9UKW4
A6NDX5	Q9UL59
A6NDX5	Q9ULJ3
A6NDX5	Q9UQ07
A6NDX5	Q9UTN6
A6NDX5	Q9V535
A6NDX5	Q9V8P9
A6NDX5	Q9VB25
A6NDX5	Q9VDZ3
A6NDX5	Q9VG17
A6NDX5	Q9VKQ9
A6NDX5	Q9VZZ9
A6NDX5	Q9WTQ2
A6NDX5	Q9WUD2
A6NDX5	Q9WV89
A6NDX5	Q9XXH8
A6NDX5	Q9Y261
A6NDX5	Q9Y2K1
A6NDX5	Q9Y2T7
A6NDX5	Q9Y572
A6NDX5	Q9Y5F9
A6NDX5	Q9Y6Q6
A6NDX5	Q9Z0L1
A6NDX5	Q9Z1W9
A6NDX5	Q9Z269
A6NDX5	Q9Z2R9
A6NDX5	Q9ZU46
A6NDX5	S4R1M9
A6NDX5	A2RVM0
A6NDX5	A2ZLC1
A6NDX5	Q2QP54
A6NDX5	A5D8T8
A6NDX5	A5DLF4
A6NDX5	A6NFC9
A6NDX5	A6NJ46
A6NDX5	A7XV07
A6NDX5	A8MTB9
A6NDX5	B0G188
A6NDX5	B2GUX4
A6NDX5	B5DF45
A6NDX5	B8NJG3
A6NDX5	C0LGW6
A6NDX5	C9J2P7
A6NDX5	E0CYR6
A6NDX5	E9PJ23
A6NDX5	F1LYL9
A6NDX5	F4ICD9
A6NDX5	F4IJ77
A6NDX5	F4IS56
A6NDX5	F4JA91
A6NDX5	F4JT78
A6NDX5	F4JZ68
A6NDX5	G3V7W1
A6NDX5	G4N7X0
A6NDX5	O22263
A6NDX5	O35180
A6NDX5	O49839
A6NDX5	O59736
A6NDX5	O64842
A6NDX5	O65782
A6NDX5	O70513
A6NDX5	O80358
A6NDX5	O80608
A6NDX5	O82256
A6NDX5	O88758
A6NDX5	P01644
A6NDX5	P01782
A6NDX5	P03985
A6NDX5	P04707
A6NDX5	P08541
A6NDX5	P09402
A6NDX5	P0C264
A6NDX5	P0C596
A6NDX5	P0CF24
A6NDX5	P11928
A6NDX5	P13762
A6NDX5	P20812
A6NDX5	P23274
A6NDX5	P23880
A6NDX5	P26644
A6NDX5	P28654
A6NDX5	P30290
A6NDX5	P31267
A6NDX5	P33519
A6NDX5	P34141
A6NDX5	P34891
A6NDX5	P35443
A6NDX5	P37398
A6NDX5	P38696
A6NDX5	P40550
A6NDX5	P41935
A6NDX5	P49813
A6NDX5	P54677
A6NDX5	P55086
A6NDX5	P56518
A6NDX5	P63057
A6NDX5	P63056
A6NDX5	P80667
A6NDX5	P83038
A6NDX5	P91621
A6NDX5	P92980
A6NDX5	P97865
A6NDX5	Q01631
A6NDX5	Q07530
A6NDX5	Q09100
A6NDX5	Q09665
A6NDX5	Q09803
A6NDX5	Q0DKN3
A6NDX5	Q0INC5
A6NDX5	Q0J952
A6NDX5	Q0JNL7
A6NDX5	Q10RX7
A6NDX5	Q13241
A6NDX5	Q19951
A6NDX5	Q1JPZ7
A6NDX5	Q1ZXC2
A6NDX5	Q24208
A6NDX5	Q27571
A6NDX5	Q2HIJ8
A6NDX5	Q2QT65
A6NDX5	Q2R4I5
A6NDX5	Q38897
A6NDX5	Q39219
A6NDX5	Q3E9X6
A6NDX5	Q3KRB8
A6NDX5	Q3UVD5
A6NDX5	Q3V3F6
A6NDX5	Q41741
A6NDX5	Q4FZT0
A6NDX5	Q4V885
A6NDX5	Q9XIP2
A6NDX5	J9VI89
A6NDX5	P17706
A6NDX5	P17706
A6NDX5	Q1MX30
A6NDX5	Q6WNQ9
A6NDX5	Q93WU7
A6NDX5	Q94B40
A6NDX5	Q94C95
A6NDX5	Q94FL9
A6NDX5	Q95VZ3
A6NDX5	Q96GR4
A6NDX5	Q96P44
A6NDX5	Q99J86
A6NDX5	Q99M02
A6NDX5	Q9BZD7
A6NDX5	Q9C1X4
A6NDX5	Q9C635
A6NDX5	Q9C6K9
A6NDX5	Q9C810
A6NDX5	Q9C9C8
A6NDX5	Q9CAE7
A6NDX5	Q9DAI9
A6NDX5	Q9EPX5
A6NDX5	Q9FDY4
A6NDX5	Q9FFN7
A6NDX5	Q9FG74
A6NDX5	Q9FJI4
A6NDX5	Q9FLX5
A6NDX5	Q9FMM3
A6NDX5	Q9FN52
A6NDX5	Q9FVS9
A6NDX5	Q9FX45
A6NDX5	Q9FY66
A6NDX5	Q9JIQ8
A6NDX5	Q9JLY7
A6NDX5	Q9LDM5
A6NDX5	Q9LEX1
A6NDX5	Q9LJW0
A6NDX5	Q9LKJ1
A6NDX5	Q9LP56
A6NDX5	Q9LSF8
A6NDX5	Q9LT17
A6NDX5	Q9LTK3
A6NDX5	Q9LUS8
A6NDX5	Q9LXU2
A6NDX5	Q9LYP1
A6NDX5	Q9LZE4
A6NDX5	Q9M2S7
A6NDX5	Q9M644
A6NDX5	Q9M9Y4
A6NDX5	Q9NZP0
A6NDX5	Q9QYV1
A6NDX5	Q9S7P3
A6NDX5	Q9SE33
A6NDX5	Q9SIW3
A6NDX5	Q9SK03
A6NDX5	Q9SLI2
A6NDX5	Q9SSB4
A6NDX5	Q9STW6
A6NDX5	Q9SVX4
A6NDX5	Q9SXA1
A6NDX5	Q9SYC8
A6NDX5	Q9SZ53
A6NDX5	Q9T0I1
A6NDX5	Q9UHM6
A6NDX5	Q9ULX5
A6NDX5	Q9W0A0
A6NDX5	Q9WTV0
A6NDX5	Q9WVJ0
A6NDX5	Q9XFH9
A6NDX5	Q9ZSY8
A6NDX5	Q9ZW74
A6NDX5	A0A075B6N1
A6NDX5	A0A087X1C5
A6NDX5	A0A0B4J238
A6NDX5	A0A0C4DH38
A6NDX5	A0A0J9YX35
A6NDX5	A0A1D8PK22
A6NDX5	A0FGR9
A6NDX5	A0QNG1
A6NDX5	A2A791
A6NDX5	A2AKB9
A6NDX5	A2AR50
A6NDX5	A2BH40
A6NDX5	A3KMV2
A6NDX5	A6NED2
A6NDX5	A6NGY5
A6NDX5	A6NL26
A6NDX5	A7N6S2
A6NDX5	A8K8V0
A6NDX5	A8MVU1
A6NDX5	B2RYJ8
A6NDX5	B5DEH0
A6NDX5	B9EJ80
A6NDX5	C9JTQ0
A6NDX5	D3ZN95
A6NDX5	D3ZY60
A6NDX5	F2Z461
A6NDX5	G5EDG2
A6NDX5	H2L099
A6NDX5	O01683
A6NDX5	O08795
A6NDX5	O14807
A6NDX5	O15522
A6NDX5	O16850
A6NDX5	O32178
A6NDX5	O35099
A6NDX5	O35242
A6NDX5	O35465
A6NDX5	O43464
A6NDX5	O43854
A6NDX5	O54910
A6NDX5	O55017
A6NDX5	O59838
A6NDX5	O60264
A6NDX5	O60522
A6NDX5	O60890
A6NDX5	O62220
A6NDX5	O74442
A6NDX5	O74789
A6NDX5	O75365
A6NDX5	O75452
A6NDX5	O76081
A6NDX5	O81209
A6NDX5	O88665
A6NDX5	O88813
A6NDX5	O88900
A6NDX5	O94049
A6NDX5	O94394
A6NDX5	O95076
A6NDX5	O95201
A6NDX5	P00918
A6NDX5	P01714
A6NDX5	P01714
A6NDX5	P02462
A6NDX5	P02600
A6NDX5	P02700
A6NDX5	P03975
A6NDX5	P04818
A6NDX5	P06399
A6NDX5	P06703
A6NDX5	P06798
A6NDX5	P07333
A6NDX5	P0A9Y6
A6NDX5	P0ABE0
A6NDX5	P0ABD8
A6NDX5	P0AEJ4
A6NDX5	P0C028
A6NDX5	P0C027
A6NDX5	P10499
A6NDX5	P16388
A6NDX5	P10644
A6NDX5	P10980
A6NDX5	P11584
A6NDX5	P13107
A6NDX5	P13595
A6NDX5	P13709
A6NDX5	P14428
A6NDX5	P15514
A6NDX5	P16611
A6NDX5	P17066
A6NDX5	P17717
A6NDX5	P17980
A6NDX5	P19099
A6NDX5	P19525
A6NDX5	P19804
A6NDX5	P20265
A6NDX5	P21192
A6NDX5	P21440
A6NDX5	P21757
A6NDX5	P23512
A6NDX5	P24062
A6NDX5	P25023
A6NDX5	P25390
A6NDX5	P25685
A6NDX5	P25931
A6NDX5	P26696
A6NDX5	P27008
A6NDX5	P27636
A6NDX5	P28288
A6NDX5	P28562
A6NDX5	P28708
A6NDX5	P29323
A6NDX5	P31977
A6NDX5	P26040
A6NDX5	P32242
A6NDX5	P32481
A6NDX5	P32562
A6NDX5	P32849
A6NDX5	P33317
A6NDX5	P33533
A6NDX5	P33908
A6NDX5	P34217
A6NDX5	P34308
A6NDX5	P34664
A6NDX5	P35286
A6NDX5	P35415
A6NDX5	P35555
A6NDX5	P35626
A6NDX5	P35998
A6NDX5	Q63347
A6NDX5	P36370
A6NDX5	P38622
A6NDX5	P38703
A6NDX5	P38996
A6NDX5	P39077
A6NDX5	P39812
A6NDX5	P39951
A6NDX5	P40012
A6NDX5	P40059
A6NDX5	P40466
A6NDX5	P40564
A6NDX5	P41227
A6NDX5	P41391
A6NDX5	P42698
A6NDX5	P43068
A6NDX5	P43250
A6NDX5	P43565
A6NDX5	P46099
A6NDX5	P46467
A6NDX5	P46837
A6NDX5	P47712
A6NDX5	P47825
A6NDX5	P48432
A6NDX5	P48768
A6NDX5	P49639
A6NDX5	P49747
A6NDX5	P51681
A6NDX5	P51955
A6NDX5	P52293
A6NDX5	P52910
A6NDX5	P54646
A6NDX5	P54784
A6NDX5	P56721
A6NDX5	P58391
A6NDX5	P59178
A6NDX5	P62330
A6NDX5	P62331
A6NDX5	P63072
A6NDX5	P63158
A6NDX5	P63159
A6NDX5	P09429
A6NDX5	P70194
A6NDX5	P70297
A6NDX5	P73530
A6NDX5	P74142
A6NDX5	P75691
A6NDX5	P78324
A6NDX5	P78415
A6NDX5	P81062
A6NDX5	O35160
A6NDX5	P91926
A6NDX5	P94360
A6NDX5	P97852
A6NDX5	P98095
A6NDX5	P9WNN0
A6NDX5	P9WNN1
A6NDX5	A1KGG5
A6NDX5	Q00532
A6NDX5	Q00987
A6NDX5	Q01776
A6NDX5	Q01973
A6NDX5	Q02427
A6NDX5	Q03351
A6NDX5	Q03497
A6NDX5	Q04629
A6NDX5	Q05937
A6NDX5	Q07108
A6NDX5	Q075Z2
A6NDX5	Q08877
A6NDX5	Q08ER8
A6NDX5	Q0E908
A6NDX5	Q0VAK6
A6NDX5	Q11122
A6NDX5	Q12154
A6NDX5	Q12866
A6NDX5	Q12972
A6NDX5	Q13106
A6NDX5	Q13214
A6NDX5	Q13310
A6NDX5	Q13607
A6NDX5	Q13753
A6NDX5	Q14511
A6NDX5	Q14B80
A6NDX5	Q14DK5
A6NDX5	Q15366
A6NDX5	Q15653
A6NDX5	Q15776
A6NDX5	Q15911
A6NDX5	Q17848
A6NDX5	Q18250
A6NDX5	Q1LUE5
A6NDX5	Q1WIM2
A6NDX5	Q20870
A6NDX5	Q21313
A6NDX5	Q22037
A6NDX5	Q24020
A6NDX5	Q27J81
A6NDX5	Q2KHN1
A6NDX5	Q2TAL8
A6NDX5	Q2VLH6
A6NDX5	Q32Q07
A6NDX5	Q39024
A6NDX5	Q3MHY1
A6NDX5	Q3SXY7
A6NDX5	Q3TKY6
A6NDX5	Q3U1Z5
A6NDX5	Q3UIL6
A6NDX5	Q3UM89
A6NDX5	Q3UQ44
A6NDX5	Q3UWW6
A6NDX5	Q3V096
A6NDX5	Q499R0
A6NDX5	Q4FZC9
A6NDX5	Q4JIM5
A6NDX5	Q4KM33
A6NDX5	Q4U4S6
A6NDX5	Q4V896
A6NDX5	Q4V9H5
A6NDX5	Q4ZHG4
A6NDX5	Q55168
A6NDX5	Q55750
A6NDX5	Q59N29
A6NDX5	Q5A4H5
A6NDX5	Q5ACK7
A6NDX5	Q5CZA5
A6NDX5	Q5EBL2
A6NDX5	Q5FVJ0
A6NDX5	Q7L099
A6NDX5	Q5HY98
A6NDX5	Q5I0D6
A6NDX5	Q5JPF3
A6NDX5	Q5NCC9
A6NDX5	Q5PQJ7
A6NDX5	Q5TC82
A6NDX5	Q5XII5
A6NDX5	Q5Y5T2
A6NDX5	Q60668
A6NDX5	Q60769
A6NDX5	Q61080
A6NDX5	Q61160
A6NDX5	Q61581
A6NDX5	Q61712
A6NDX5	Q62120
A6NDX5	Q62120
A6NDX5	Q62233
A6NDX5	Q62415
A6NDX5	Q62838
A6NDX5	Q63151
A6NDX5	Q63364
A6NDX5	Q63651
A6NDX5	Q63870
A6NDX5	Q641Y8
A6NDX5	Q64459
A6NDX5	Q64605
A6NDX5	Q66H62
A6NDX5	Q676U5
A6NDX5	Q68D85
A6NDX5	Q68FF6
A6NDX5	Q69Z36
A6NDX5	Q69ZU6
A6NDX5	Q6AWJ9
A6NDX5	Q6IE81
A6NDX5	Q6IMY8
A6NDX5	Q6NZQ4
A6NDX5	Q6P2P2
A6NDX5	Q6P5Z2
A6NDX5	Q6P9L4
A6NDX5	Q6PB44
A6NDX5	Q6PD21
A6NDX5	Q6PFR5
A6NDX5	Q6PHR2
A6NDX5	Q6S8J7
A6NDX5	Q6TXD4
A6NDX5	Q6UXG2
A6NDX5	Q6YND2
A6NDX5	Q6ZMZ0
A6NDX5	Q6ZNJ1
A6NDX5	Q6ZT77
A6NDX5	Q7K0L4
A6NDX5	Q7KN62
A6NDX5	Q7L0Q8
A6NDX5	Q7LKZ7
A6NDX5	Q7PC88
A6NDX5	Q7TPK1
A6NDX5	Q7TQJ8
A6NDX5	Q7Z2Y5
A6NDX5	Q7ZU99
A6NDX5	Q80TA6
A6NDX5	Q80TS8
A6NDX5	Q80V63
A6NDX5	Q80W00
A6NDX5	Q80WM4
A6NDX5	Q80XG9
A6NDX5	B4F7C5
A6NDX5	Q80Y83
A6NDX5	Q80YX1
A6NDX5	Q80ZK9
A6NDX5	Q810U4
A6NDX5	Q812E0
A6NDX5	Q83K95
A6NDX5	Q86SJ2
A6NDX5	Q86TP1
A6NDX5	Q86XS8
A6NDX5	Q86YI8
A6NDX5	Q8BFS8
A6NDX5	Q8BGT6
A6NDX5	Q8BHN5
A6NDX5	Q8BLF2
A6NDX5	Q8BM85
A6NDX5	Q8BMP6
A6NDX5	Q8BQQ1
A6NDX5	Q8BTI9
A6NDX5	Q8BUL5
A6NDX5	Q8BW96
A6NDX5	Q8BX22
A6NDX5	Q8BY35
A6NDX5	Q8BYZ1
A6NDX5	Q8BZW2
A6NDX5	Q8C0P7
A6NDX5	Q8C166
A6NDX5	Q8C2K1
A6NDX5	Q8C5W3
A6NDX5	Q8C7E9
A6NDX5	Q8CBH7
A6NDX5	Q8CGA0
A6NDX5	Q8CGW4
A6NDX5	Q8CJ27
A6NDX5	Q8HXL3
A6NDX5	Q8ILI6
A6NDX5	Q8IUW5
A6NDX5	Q8IVF5
A6NDX5	Q8IW36
A6NDX5	Q8IWT3
A6NDX5	Q8IXY8
A6NDX5	Q8IYB7
A6NDX5	Q8IZA0
A6NDX5	Q8IZQ1
A6NDX5	Q8K1N1
A6NDX5	Q8K2J7
A6NDX5	Q8K3P0
A6NDX5	Q8K4S1
A6NDX5	Q8L7S8
A6NDX5	Q8LLP5
A6NDX5	Q8N6Y2
A6NDX5	Q8NB50
A6NDX5	Q8NCN4
A6NDX5	Q8NEB9
A6NDX5	Q8NFP9
A6NDX5	Q8NG81
A6NDX5	Q8NGR5
A6NDX5	Q8NHC7
A6NDX5	Q8NI29
A6NDX5	Q8QZS1
A6NDX5	Q8R0A2
A6NDX5	Q8TA94
A6NDX5	Q8TAQ5
A6NDX5	Q8TC84
A6NDX5	Q8TD08
A6NDX5	Q8TDN1
A6NDX5	Q8TF21
A6NDX5	Q8VDQ1
A6NDX5	Q8VGC3
A6NDX5	Q8VHR0
A6NDX5	Q8Y5X4
A6NDX5	Q91VH2
A6NDX5	Q91WB7
A6NDX5	Q91YJ2
A6NDX5	Q922R0
A6NDX5	Q924D0
A6NDX5	Q92503
A6NDX5	Q92608
A6NDX5	Q92730
A6NDX5	Q92823
A6NDX5	Q969Q5
A6NDX5	Q96BV0
A6NDX5	Q96J84
A6NDX5	Q96JM4
A6NDX5	Q96L34
A6NDX5	Q96LT4
A6NDX5	Q96M94
A6NDX5	A2AAX3
A6NDX5	Q96ND8
A6NDX5	Q96Q77
A6NDX5	Q96R28
A6NDX5	Q96SK3
A6NDX5	Q99321
A6NDX5	Q99829
A6NDX5	Q99ME2
A6NDX5	Q99MV5
A6NDX5	Q9AR19
A6NDX5	Q9BQ39
A6NDX5	Q9BS31
A6NDX5	Q9BXB1
A6NDX5	Q9BXP8
A6NDX5	Q9BZA8
A6NDX5	Q9C099
A6NDX5	Q9C5K8
A6NDX5	Q9C9M7
A6NDX5	Q9D0K1
A6NDX5	Q9D236
A6NDX5	Q9DCD0
A6NDX5	Q9EPW0
A6NDX5	Q9EQJ9
A6NDX5	Q9ES18
A6NDX5	Q9ESG2
A6NDX5	Q9FK68
A6NDX5	Q9GZN0
A6NDX5	Q9H0M0
A6NDX5	Q9H159
A6NDX5	Q9H1P3
A6NDX5	Q9H3P7
A6NDX5	Q9H560
A6NDX5	Q9H930
A6NDX5	Q9HBU1
A6NDX5	Q9HCS5
A6NDX5	Q9JHG7
A6NDX5	Q9JI91
A6NDX5	Q9JJ28
A6NDX5	Q9JJM7
A6NDX5	Q9JJZ9
A6NDX5	Q9JKD9
A6NDX5	Q9JLQ0
A6NDX5	Q9JMK2
A6NDX5	Q9LPZ9
A6NDX5	Q9LTB8
A6NDX5	Q9LW88
A6NDX5	Q9NDJ2
A6NDX5	Q9NP60
A6NDX5	Q9NSI6
A6NDX5	Q9NUA8
A6NDX5	Q9NVJ2
A6NDX5	Q9CQW2
A6NDX5	Q9NW75
A6NDX5	Q9NXV2
A6NDX5	Q9NZR1
A6NDX5	Q9P0K8
A6NDX5	Q9P1P5
A6NDX5	Q9P2J8
A6NDX5	Q9QUM4
A6NDX5	Q9QX29
A6NDX5	Q9QXL8
A6NDX5	Q9QZM0
A6NDX5	Q9R022
A6NDX5	Q9R1K5
A6NDX5	Q9R1W3
A6NDX5	Q9S7U9
A6NDX5	Q9SIZ2
A6NDX5	Q9TW65
A6NDX5	Q9U308
A6NDX5	Q9UBG3
A6NDX5	Q9UBS0
A6NDX5	Q9UDT6
A6NDX5	Q9UFV1
A6NDX5	Q9UI15
A6NDX5	Q9UK53
A6NDX5	Q9UKX2
A6NDX5	Q9UL62
A6NDX5	Q9ULX7
A6NDX5	Q9UPN9
A6NDX5	Q9UQ13
A6NDX5	Q9USL4
A6NDX5	Q9V8R9
A6NDX5	Q9VG73
A6NDX5	Q9VJ79
A6NDX5	Q9VTU3
A6NDX5	Q9VWF2
A6NDX5	Q9WU03
A6NDX5	Q9X2T1
A6NDX5	Q9Y2U5
A6NDX5	Q9Y334
A6NDX5	Q9Y3Z3
A6NDX5	Q9Y4H2
A6NDX5	Q9Y573
A6NDX5	Q9Y5G0
A6NDX5	Q9Z1A5
A6NDX5	Q9Z1M4
A6NDX5	Q9Z1X1
A6NDX5	Q9Z270
A6NDX5	Q9WV55
A6NDX5	Q9ZU96
A6NDX5	S4R2P9
A6NDX5	A0JPZ8
A6NDX5	A2ANX9
A6NDX5	A2ZMH2
A6NDX5	Q2QMH1
A6NDX5	A3KPF2
A6NDX5	A4QUF0
A6NDX5	A4REU9
A6NDX5	A6YP92
A6NDX5	A7XV14
A6NDX5	A8MTI9
A6NDX5	B2GUY1
A6NDX5	B5DFG1
A6NDX5	B7FAL5
A6NDX5	B9FK36
A6NDX5	C0LGX3
A6NDX5	C9JBD0
A6NDX5	D3ZZ07
A6NDX5	E0CZ16
A6NDX5	E9PKD4
A6NDX5	F4HP88
A6NDX5	F4HVS0
A6NDX5	F4I594
A6NDX5	F4IS91
A6NDX5	F4J1U4
A6NDX5	F4JAA5
A6NDX5	F4JT82
A6NDX5	G3V801
A6NDX5	O04086
A6NDX5	O04492
A6NDX5	O08641
A6NDX5	O13310
A6NDX5	O13690
A6NDX5	O13820
A6NDX5	O13982
A6NDX5	O14498
A6NDX5	O22265
A6NDX5	O22824
A6NDX5	O35205
A6NDX5	O35732
A6NDX5	O42858
A6NDX5	O44406
A6NDX5	O49841
A6NDX5	O59958
A6NDX5	O65440
A6NDX5	O65784
A6NDX5	O74319
A6NDX5	O74508
A6NDX5	O75795
A6NDX5	O95057
A6NDX5	P00333
A6NDX5	P01132
A6NDX5	P01645
A6NDX5	P01793
A6NDX5	P03986
A6NDX5	P08542
A6NDX5	P0CF51
A6NDX5	P10255
A6NDX5	P11143
A6NDX5	P12788
A6NDX5	P16177
A6NDX5	P20814
A6NDX5	P23280
A6NDX5	P23965
A6NDX5	P31271
A6NDX5	P32742
A6NDX5	P34144
A6NDX5	P34501
A6NDX5	P34892
A6NDX5	P40230
A6NDX5	P40555
A6NDX5	P41151
A6NDX5	P47927
A6NDX5	P48360
A6NDX5	P54007
A6NDX5	P56521
A6NDX5	P87237
A6NDX5	P92981
A6NDX5	P97873
A6NDX5	Q03112
A6NDX5	Q07643
A6NDX5	Q08112
A6NDX5	Q9FY64
A6NDX5	Q09103
A6NDX5	Q09806
A6NDX5	Q0D3J9
A6NDX5	Q0DKP3
A6NDX5	Q0WQQ1
A6NDX5	Q10355
A6NDX5	Q20347
A6NDX5	Q22638
A6NDX5	Q24210
A6NDX5	Q27597
A6NDX5	Q2R4J4
A6NDX5	Q388M1
A6NDX5	Q39222
A6NDX5	Q41745
A6NDX5	Q4FZU4
A6NDX5	Q4LBB6
A6NDX5	J9VT60
A6NDX5	Q920S2
A6NDX5	Q925I4
A6NDX5	Q93VB5
A6NDX5	Q93WU8
A6NDX5	Q93ZM9
A6NDX5	Q949S5
A6NDX5	Q96BM9
A6NDX5	Q99P50
A6NDX5	Q9BIW4
A6NDX5	Q9C270
A6NDX5	Q9C5G5
A6NDX5	Q9C637
A6NDX5	Q9C7F2
A6NDX5	Q9C820
A6NDX5	Q9C9W9
A6NDX5	Q9CX98
A6NDX5	Q9D0F6
A6NDX5	Q9D6L8
A6NDX5	Q9FG77
A6NDX5	Q9FHD3
A6NDX5	Q9FK66
A6NDX5	Q9FMM4
A6NDX5	Q9FN67
A6NDX5	Q9FT70
A6NDX5	Q9H920
A6NDX5	Q9I7S6
A6NDX5	Q9JIY7
A6NDX5	Q9JKA5
A6NDX5	Q9JLZ9
A6NDX5	Q9LDN0
A6NDX5	Q9LEY4
A6NDX5	Q9LJ68
A6NDX5	Q9LJW1
A6NDX5	Q9LKL2
A6NDX5	Q9LNB6
A6NDX5	Q9LP59
A6NDX5	Q9LTL0
A6NDX5	Q9LUA9
A6NDX5	Q9LUT0
A6NDX5	Q9LVD4
A6NDX5	Q9LVY7
A6NDX5	Q9LYQ2
A6NDX5	Q9LZF6
A6NDX5	Q9M1C7
A6NDX5	Q9M8Z7
A6NDX5	Q9NX52
A6NDX5	Q9NZQ0
A6NDX5	Q9P6U9
A6NDX5	Q9P7S3
A6NDX5	Q9QX05
A6NDX5	Q9R0L1
A6NDX5	Q9SAK5
A6NDX5	Q9SFB6
A6NDX5	Q9SGS2
A6NDX5	Q9SHL7
A6NDX5	Q9SID8
A6NDX5	Q9SKT1
A6NDX5	Q9SP32
A6NDX5	Q9SSB5
A6NDX5	Q9SV68
A6NDX5	Q9SYC9
A6NDX5	Q9T0J1
A6NDX5	Q9ULY5
A6NDX5	Q9UT73
A6NDX5	Q9UVL1
A6NDX5	Q9W0K7
A6NDX5	Q9WTV6
A6NDX5	Q9XI98
A6NDX5	Q9XTA3
A6NDX5	Q9Z311
A6NDX5	Q9ZPW2
A6NDX5	A0A075B6N2
A6NDX5	A0A0B4J244
A6NDX5	A0A0C4DH39
A6NDX5	A0FKI7
A6NDX5	A1A5B6
A6NDX5	A1KZ92
A6NDX5	A1ZAB5
A6NDX5	A2A7Q9
A6NDX5	A2AFR3
A6NDX5	A2AKE7
A6NDX5	A2ARA8
A6NDX5	A3LN91
A6NDX5	A4VZZ3
A6NDX5	A6NJG2
A6NDX5	A6QL63
A6NDX5	A8K979
A6NDX5	B2GV05
A6NDX5	B2RUR8
A6NDX5	B5DEL1
A6NDX5	B9EJ86
A6NDX5	E1JIT7
A6NDX5	E9Q2Z1
A6NDX5	E9Q7D5
A6NDX5	F2Z6D2
A6NDX5	F6SEU4
A6NDX5	G3V7Q0
A6NDX5	G5E8Q8
A6NDX5	G5EFS2
A6NDX5	O00300
A6NDX5	O01700
A6NDX5	O08394
A6NDX5	O08796
A6NDX5	O08961
A6NDX5	O14148
A6NDX5	O14578
A6NDX5	O14709
A6NDX5	O14964
A6NDX5	O15182
A6NDX5	O15523
A6NDX5	O17071
A6NDX5	O22193
A6NDX5	O32213
A6NDX5	O35111
A6NDX5	O35379
A6NDX5	O35787
A6NDX5	O42700
A6NDX5	O43060
A6NDX5	O43307
A6NDX5	O43719
A6NDX5	O48686
A6NDX5	O55148
A6NDX5	O59855
A6NDX5	O60162
A6NDX5	O60733
A6NDX5	O70126
A6NDX5	O74350
A6NDX5	O74536
A6NDX5	O74919
A6NDX5	O75182
A6NDX5	O75366
A6NDX5	O75578
A6NDX5	O77459
A6NDX5	O88667
A6NDX5	O88902
A6NDX5	O89026
A6NDX5	O94685
A6NDX5	O94806
A6NDX5	O95081
A6NDX5	O95302
A6NDX5	O95428
A6NDX5	O95727
A6NDX5	O95841
A6NDX5	O95985
A6NDX5	O96838
A6NDX5	P00920
A6NDX5	P02463
A6NDX5	P02609
A6NDX5	P03976
A6NDX5	P04157
A6NDX5	P04278
A6NDX5	P04819
A6NDX5	P05129
A6NDX5	P06704
A6NDX5	P07334
A6NDX5	P07607
A6NDX5	P07802
A6NDX5	P08099
A6NDX5	P08621
A6NDX5	P09007
A6NDX5	P0AEK2
A6NDX5	P0C6C1
A6NDX5	P0C865
A6NDX5	P0CW19
A6NDX5	P0CW20
A6NDX5	P10989
A6NDX5	P11799
A6NDX5	P12790
A6NDX5	P13395
A6NDX5	P13596
A6NDX5	P14906
A6NDX5	P16277
A6NDX5	P16415
A6NDX5	P16970
A6NDX5	P17987
A6NDX5	P18292
A6NDX5	P18564
A6NDX5	P20053
A6NDX5	P21447
A6NDX5	P21575
A6NDX5	P22303
A6NDX5	P22543
A6NDX5	P23188
A6NDX5	P24452
A6NDX5	P25025
A6NDX5	P25343
A6NDX5	P25391
A6NDX5	P25686
A6NDX5	P25940
A6NDX5	P26196
A6NDX5	P26408
A6NDX5	P26715
A6NDX5	P27038
A6NDX5	P27398
A6NDX5	P27864
A6NDX5	P28289
A6NDX5	P28563
A6NDX5	P31007
A6NDX5	P31244
A6NDX5	P32243
A6NDX5	P32338
A6NDX5	P32485
A6NDX5	P33534
A6NDX5	P33919
A6NDX5	P34218
A6NDX5	P34314
A6NDX5	P34668
A6NDX5	P35210
A6NDX5	P35288
A6NDX5	P35416
A6NDX5	P35556
A6NDX5	P35637
A6NDX5	P35754
A6NDX5	P36047
A6NDX5	P36104
A6NDX5	P36373
A6NDX5	P36888
A6NDX5	P38251
A6NDX5	P38623
A6NDX5	P38704
A6NDX5	P38755
A6NDX5	P38806
A6NDX5	P39078
A6NDX5	P40121
A6NDX5	P40201
A6NDX5	P40381
A6NDX5	P40565
A6NDX5	P40792
A6NDX5	P40963
A6NDX5	P41413
A6NDX5	P41813
A6NDX5	P43069
A6NDX5	P43252
A6NDX5	P43568
A6NDX5	P46469
A6NDX5	P46974
A6NDX5	P47713
A6NDX5	P47936
A6NDX5	P48436
A6NDX5	P50171
A6NDX5	P50402
A6NDX5	P50750
A6NDX5	P51582
A6NDX5	P51682
A6NDX5	P51831
A6NDX5	P51956
A6NDX5	P52294
A6NDX5	P52597
A6NDX5	P53041
A6NDX5	P54652
A6NDX5	P55211
A6NDX5	P55975
A6NDX5	P58397
A6NDX5	P59622
A6NDX5	P61169
A6NDX5	P61168
A6NDX5	P61292
A6NDX5	P62140
A6NDX5	P62141
A6NDX5	P62142
A6NDX5	P61600
A6NDX5	P62334
A6NDX5	P63269
A6NDX5	P63268
A6NDX5	P70298
A6NDX5	P80428
A6NDX5	P81066
A6NDX5	P83268
A6NDX5	P86176
A6NDX5	P97377
A6NDX5	P97473
A6NDX5	P97855
A6NDX5	P98133
A6NDX5	P9WMJ9
A6NDX5	A1KFH2
A6NDX5	Q00534
A6NDX5	Q00993
A6NDX5	Q01279
A6NDX5	Q01560
A6NDX5	Q01780
A6NDX5	Q01974
A6NDX5	Q02446
A6NDX5	Q02748
A6NDX5	Q03125
A6NDX5	Q03640
A6NDX5	Q03751
A6NDX5	Q04067
A6NDX5	Q04747
A6NDX5	Q04LY0
A6NDX5	Q06416
A6NDX5	Q06547
A6NDX5	Q06677
A6NDX5	Q06828
A6NDX5	Q07113
A6NDX5	Q07424
A6NDX5	Q07617
A6NDX5	Q07968
A6NDX5	Q08289
A6NDX5	Q08881
A6NDX5	Q09014
A6NDX5	Q0P571
A6NDX5	Q0VAM2
A6NDX5	Q0Z7W6
A6NDX5	Q12046
A6NDX5	Q12974
A6NDX5	O70274
A6NDX5	Q13107
A6NDX5	Q13216
A6NDX5	Q13608
A6NDX5	Q14002
A6NDX5	Q14147
A6NDX5	Q14246
A6NDX5	Q14B98
A6NDX5	Q14DL0
A6NDX5	Q15052
A6NDX5	Q15654
A6NDX5	Q19972
A6NDX5	Q1LY77
A6NDX5	Q1WIM3
A6NDX5	Q99N28
A6NDX5	Q20875
A6NDX5	Q23120
A6NDX5	Q24338
A6NDX5	Q27W01
A6NDX5	Q9Y5S9
A6NDX5	Q29502
A6NDX5	Q2VPA6
A6NDX5	Q39026
A6NDX5	Q3KRC5
A6NDX5	Q3MHZ4
A6NDX5	Q3SXY8
A6NDX5	Q3U6B2
A6NDX5	Q3UHC2
A6NDX5	Q3UIR3
A6NDX5	Q3USZ2
A6NDX5	Q3ZCX4
A6NDX5	Q4UJ75
A6NDX5	Q4V898
A6NDX5	Q53EL9
A6NDX5	Q55169
A6NDX5	Q59W62
A6NDX5	Q5ACL4
A6NDX5	Q5BJU3
A6NDX5	Q5CZZ9
A6NDX5	Q5DU09
A6NDX5	Q5FWU5
A6NDX5	Q5HFI0
A6NDX5	Q5RG82
A6NDX5	Q5SS80
A6NDX5	Q5SXY1
A6NDX5	Q5T1M5
A6NDX5	Q5U2T9
A6NDX5	Q5VZP5
A6NDX5	Q5Y5T3
A6NDX5	Q60670
A6NDX5	Q60980
A6NDX5	Q61161
A6NDX5	Q61282
A6NDX5	Q61584
A6NDX5	Q62130
A6NDX5	Q62234
A6NDX5	Q62418
A6NDX5	Q62623
A6NDX5	Q63155
A6NDX5	Q63531
A6NDX5	Q63880
A6NDX5	Q64462
A6NDX5	Q658N2
A6NDX5	Q66H68
A6NDX5	Q66HG7
A6NDX5	Q69ZU8
A6NDX5	Q6AYF7
A6NDX5	Q6CPK7
A6NDX5	Q6DJT9
A6NDX5	Q6F6B3
A6NDX5	Q6IE82
A6NDX5	Q6MZM0
A6NDX5	Q6NZQ6
A6NDX5	Q6P502
A6NDX5	Q6P686
A6NDX5	Q6P9L6
A6NDX5	Q6PD24
A6NDX5	Q6PHS6
A6NDX5	Q6R2K3
A6NDX5	Q6TXF5
A6NDX5	Q6UXH1
A6NDX5	Q6ZMZ3
A6NDX5	Q6ZNL6
A6NDX5	Q6ZQ82
A6NDX5	Q6ZRP7
A6NDX5	Q6ZVH7
A6NDX5	Q76IC6
A6NDX5	Q78HU7
A6NDX5	Q7K0Y1
A6NDX5	Q7L0X0
A6NDX5	Q7SXG4
A6NDX5	Q7TPK6
A6NDX5	Q7TSJ6
A6NDX5	Q7Z602
A6NDX5	Q80UG2
A6NDX5	Q80V70
A6NDX5	Q80Y84
A6NDX5	Q80YY7
A6NDX5	Q80ZQ5
A6NDX5	Q86VZ6
A6NDX5	Q812E4
A6NDX5	Q86SJ6
A6NDX5	Q86VQ3
A6NDX5	Q86X55
A6NDX5	Q86YJ7
A6NDX5	Q8BG47
A6NDX5	Q8BLG0
A6NDX5	Q8BM88
A6NDX5	Q8BTJ4
A6NDX5	Q8BUL6
A6NDX5	Q8BWA5
A6NDX5	Q8BX35
A6NDX5	Q8BY46
A6NDX5	Q8C0Q2
A6NDX5	Q8C2K5
A6NDX5	Q8C4S8
A6NDX5	Q8C5W4
A6NDX5	Q8C9V1
A6NDX5	Q8CHS7
A6NDX5	Q8CID0
A6NDX5	Q8HXQ5
A6NDX5	Q8IU80
A6NDX5	Q8IVF6
A6NDX5	Q8IWT6
A6NDX5	Q8IXB1
A6NDX5	Q8IXZ2
A6NDX5	Q8IYB8
A6NDX5	Q8IZA3
A6NDX5	Q8K099
A6NDX5	Q8K1N2
A6NDX5	Q8K2K6
A6NDX5	Q8K352
A6NDX5	Q8K4B2
A6NDX5	Q8K4S7
A6NDX5	Q8L7U5
A6NDX5	Q8N1Q1
A6NDX5	Q8N2Y8
A6NDX5	Q8N693
A6NDX5	Q8N806
A6NDX5	Q8N9I0
A6NDX5	Q8NB59
A6NDX5	Q8NDG6
A6NDX5	Q8NEX9
A6NDX5	Q8NG83
A6NDX5	Q8NGR8
A6NDX5	Q8NI35
A6NDX5	Q8R1G6
A6NDX5	Q8R373
A6NDX5	Q8R550
A6NDX5	Q8RWD9
A6NDX5	Q8S8L9
A6NDX5	Q8TDN2
A6NDX5	Q8TF27
A6NDX5	Q8WXF1
A6NDX5	Q8WYK1
A6NDX5	Q8X505
A6NDX5	Q91V08
A6NDX5	Q921C3
A6NDX5	Q92610
A6NDX5	Q92824
A6NDX5	Q92917
A6NDX5	Q93Y06
A6NDX5	Q94K80
A6NDX5	Q95RQ8
A6NDX5	Q96AE4
A6NDX5	Q96F44
A6NDX5	Q96J87
A6NDX5	Q96KK3
A6NDX5	Q96L42
A6NDX5	Q96M96
A6NDX5	Q96MT3
A6NDX5	Q96P20
A6NDX5	Q96PJ5
A6NDX5	Q96R67
A6NDX5	Q96RU2
A6NDX5	Q97Z97
A6NDX5	Q99323
A6NDX5	Q99500
A6NDX5	Q99714
A6NDX5	Q99J08
A6NDX5	Q99JF8
A6NDX5	Q99JZ7
A6NDX5	Q99LB2
A6NDX5	Q99LM3
A6NDX5	Q99ME3
A6NDX5	Q99MV7
A6NDX5	Q99NH0
A6NDX5	Q99PG4
A6NDX5	Q9BS34
A6NDX5	Q9BV36
A6NDX5	Q9BVQ7
A6NDX5	Q9BXB4
A6NDX5	Q9BYJ4
A6NDX5	Q9BZB8
A6NDX5	Q9C0A0
A6NDX5	Q9C0J8
A6NDX5	Q9C9Q4
A6NDX5	Q9CQ79
A6NDX5	Q9CY58
A6NDX5	Q6AXS5
A6NDX5	Q9D1A2
A6NDX5	Q9D2X0
A6NDX5	Q9D517
A6NDX5	Q9D6E4
A6NDX5	Q9D8I2
A6NDX5	Q9DAW6
A6NDX5	Q9EPW2
A6NDX5	Q9ERH7
A6NDX5	Q9FG38
A6NDX5	Q9FMU5
A6NDX5	Q9FYB7
A6NDX5	Q9GZN1
A6NDX5	Q9H0M4
A6NDX5	Q9H160
A6NDX5	Q9H2W2
A6NDX5	Q9H3Q1
A6NDX5	Q9H568
A6NDX5	Q9H694
A6NDX5	Q9H9S0
A6NDX5	Q9HCE6
A6NDX5	Q9JHI0
A6NDX5	Q9JHW4
A6NDX5	Q9JI92
A6NDX5	Q9JIP6
A6NDX5	Q9JL25
A6NDX5	Q9JLQ2
A6NDX5	Q9JM83
A6NDX5	Q9LQ55
A6NDX5	Q9LTC0
A6NDX5	Q9M0G7
A6NDX5	Q9NDM2
A6NDX5	Q9NP61
A6NDX5	Q9NPP4
A6NDX5	Q9NQZ3
A6NDX5	Q9NRA1
A6NDX5	Q9NRP7
A6NDX5	Q9NS28
A6NDX5	Q9NSK0
A6NDX5	Q9NUB1
A6NDX5	Q9NX74
A6NDX5	Q9NXV6
A6NDX5	Q9NZR2
A6NDX5	Q9P0L0
A6NDX5	Q9P273
A6NDX5	Q9P2J9
A6NDX5	Q9P371
A6NDX5	Q9P6R8
A6NDX5	Q9QX66
A6NDX5	Q9QYP0
A6NDX5	Q9QZM4
A6NDX5	Q9R037
A6NDX5	Q9R1K6
A6NDX5	Q9SE83
A6NDX5	Q9SIZ4
A6NDX5	Q9SUE7
A6NDX5	Q9TXJ0
A6NDX5	Q9UBS3
A6NDX5	Q9UDV6
A6NDX5	Q9UHI8
A6NDX5	Q9UIW0
A6NDX5	Q9UKX3
A6NDX5	Q9ULJ8
A6NDX5	Q9UNN5
A6NDX5	Q9UPP1
A6NDX5	Q9UQ16
A6NDX5	Q9URT9
A6NDX5	Q9UT34
A6NDX5	Q9UTP9
A6NDX5	Q9UXA3
A6NDX5	Q9VB70
A6NDX5	Q9VCP0
A6NDX5	Q9VQD2
A6NDX5	Q9VS60
A6NDX5	Q9VWG3
A6NDX5	Q9W1B0
A6NDX5	Q9WTR1
A6NDX5	Q9WUD9
A6NDX5	Q9WV92
A6NDX5	Q9WVK3
A6NDX5	Q9XTN2
A6NDX5	Q9Y263
A6NDX5	Q9Y2C9
A6NDX5	Q9Y2K6
A6NDX5	Q9Y336
A6NDX5	Q9Y4H4
A6NDX5	Q9Y576
A6NDX5	Q9Y5G1
A6NDX5	Q9Y5X5
A6NDX5	Q9Y6H5
A6NDX5	Q9Y6R0
A6NDX5	Q9Y7L1
A6NDX5	Q9Y8G3
A6NDX5	Q9Z0Z3
A6NDX5	Q9Z1A6
A6NDX5	Q9Z272
A6NDX5	Q9Z2H2
A6NDX5	A2ZVI7
A6NDX5	A3KPF5
A6NDX5	A7TQ73
A6NDX5	A7YWH9
A6NDX5	A9LLI7
A6NDX5	B7SBD2
A6NDX5	B9FKW9
A6NDX5	C0LLJ0
A6NDX5	C5DJV1
A6NDX5	C9JJ37
A6NDX5	D3Z7A5
A6NDX5	D4A2Y9
A6NDX5	E1BPK6
A6NDX5	E9PQR5
A6NDX5	F1M649
A6NDX5	F4IJK6
A6NDX5	F4JHT3
A6NDX5	F4JN05
A6NDX5	F4KFD8
A6NDX5	G3V9M2
A6NDX5	G4NAY4
A6NDX5	O24454
A6NDX5	O35206
A6NDX5	O43021
A6NDX5	O49445
A6NDX5	O50017
A6NDX5	O60011
A6NDX5	O61585
A6NDX5	O64628
A6NDX5	O65451
A6NDX5	O65790
A6NDX5	O82261
A6NDX5	O95196
A6NDX5	O95196
A6NDX5	P01646
A6NDX5	P02453
A6NDX5	P04000
A6NDX5	P05452
A6NDX5	P0C2D0
A6NDX5	P0C5D6
A6NDX5	P0CF74
A6NDX5	P0CH99
A6NDX5	P0DOY3
A6NDX5	P0DOY2
A6NDX5	P11232
A6NDX5	P14600
A6NDX5	P20059
A6NDX5	P21761
A6NDX5	P25115
A6NDX5	P26684
A6NDX5	P28665
A6NDX5	P31313
A6NDX5	P34145
A6NDX5	P36537
A6NDX5	P39937
A6NDX5	P40231
A6NDX5	P41968
A6NDX5	P49101
A6NDX5	P53043
A6NDX5	P53319
A6NDX5	P69061
A6NDX5	P70512
A6NDX5	Q9UBC0
A6NDX5	Q01730
A6NDX5	Q05762
A6NDX5	Q08116
A6NDX5	Q0D4B2
A6NDX5	Q0JNS6
A6NDX5	Q0VBD0
A6NDX5	Q0WQX9
A6NDX5	Q10LX4
A6NDX5	Q10S32
A6NDX5	Q16473
A6NDX5	Q1PE89
A6NDX5	Q1ZXC8
A6NDX5	Q22647
A6NDX5	Q27874
A6NDX5	Q2QTY2
A6NDX5	Q38900
A6NDX5	Q3V3R4
A6NDX5	Q42479
A6NDX5	Q4LBB9
A6NDX5	Q4V8B7
A6NDX5	Q6AW69
A6NDX5	P71403
A6NDX5	Q93WV0
A6NDX5	Q949U2
A6NDX5	Q94KD0
A6NDX5	Q96P88
A6NDX5	Q99188
A6NDX5	Q99JB0
A6NDX5	Q99P58
A6NDX5	Q9C7F5
A6NDX5	Q9C823
A6NDX5	Q9C9F0
A6NDX5	Q9CAX8
A6NDX5	Q9CX99
A6NDX5	Q9D0I6
A6NDX5	Q9D2G9
A6NDX5	Q9DAJ4
A6NDX5	Q9EQ09
A6NDX5	Q9FFP9
A6NDX5	Q9FHD4
A6NDX5	Q9FI12
A6NDX5	Q9FIY7
A6NDX5	Q9FK76
A6NDX5	Q9FKT0
A6NDX5	Q9FLB0
A6NDX5	Q9FLX8
A6NDX5	Q9FN75
A6NDX5	Q9FPQ8
A6NDX5	Q9FT72
A6NDX5	Q9GLP1
A6NDX5	Q9I7U4
A6NDX5	Q9JIY8
A6NDX5	Q9LH82
A6NDX5	Q9LKR3
A6NDX5	Q9LT25
A6NDX5	Q9LTL2
A6NDX5	Q9LVD6
A6NDX5	Q9LX93
A6NDX5	Q9LZF7
A6NDX5	Q9M0Q9
A6NDX5	Q9M224
A6NDX5	Q9M658
A6NDX5	Q9NR61
A6NDX5	Q9NX77
A6NDX5	Q9QYY7
A6NDX5	Q9S725
A6NDX5	Q9S9V0
A6NDX5	Q9SFB8
A6NDX5	Q9SIE4
A6NDX5	Q9SJG8
A6NDX5	Q9SR33
A6NDX5	Q9SVY1
A6NDX5	Q9SXB4
A6NDX5	Q9SZ66
A6NDX5	Q9SZY2
A6NDX5	Q9T0J6
A6NDX5	Q9USQ6
A6NDX5	Q9VRC9
A6NDX5	Q9WVJ4
A6NDX5	Q9XFM0
A6NDX5	Q9Y257
A6NDX5	Q9Z319
A6NDX5	Q9ZT42
A6NDX5	A0A075B6N3
A6NDX5	A0A0B4J248
A6NDX5	A0A0C4DH42
A6NDX5	A1L020
A6NDX5	A2ARI4
A6NDX5	A2BIL7
A6NDX5	A3LYL7
A6NDX5	A5A3E0
A6NDX5	A6NC57
A6NDX5	A6NHA9
A6NDX5	A6NJG6
A6NDX5	B1AWL2
A6NDX5	B1WC97
A6NDX5	B2RYM0
A6NDX5	B9EJA2
A6NDX5	D3ZE55
A6NDX5	D3ZPX4
A6NDX5	D3ZZ80
A6NDX5	E2JA29
A6NDX5	E9Q309
A6NDX5	E9Q7E2
A6NDX5	F1LNI5
A6NDX5	G3V7R4
A6NDX5	G5EDP2
A6NDX5	M0QZC1
A6NDX5	O00187
A6NDX5	O00303
A6NDX5	O00590
A6NDX5	O08696
A6NDX5	O08962
A6NDX5	O14157
A6NDX5	O14448
A6NDX5	O14593
A6NDX5	O14813
A6NDX5	O15072
A6NDX5	O15194
A6NDX5	O15524
A6NDX5	O17087
A6NDX5	O25029
A6NDX5	O34863
A6NDX5	O35245
A6NDX5	O35381
A6NDX5	O42939
A6NDX5	O43065
A6NDX5	O43182
A6NDX5	O43309
A6NDX5	O43603
A6NDX5	O55156
A6NDX5	O60902
A6NDX5	O70127
A6NDX5	O74352
A6NDX5	O74539
A6NDX5	O74803
A6NDX5	O75083
A6NDX5	O75190
A6NDX5	O75460
A6NDX5	O75581
A6NDX5	O75864
A6NDX5	O75952
A6NDX5	O76083
A6NDX5	O88545
A6NDX5	O88673
A6NDX5	O88904
A6NDX5	O89032
A6NDX5	O94244
A6NDX5	O95084
A6NDX5	O95206
A6NDX5	O95741
A6NDX5	O95989
A6NDX5	O97125
A6NDX5	P00514
A6NDX5	P01731
A6NDX5	P02252
A6NDX5	P02466
A6NDX5	P03991
A6NDX5	P04821
A6NDX5	P06802
A6NDX5	P08100
A6NDX5	P08630
A6NDX5	P09012
A6NDX5	P0AC62
A6NDX5	P0AEK5
A6NDX5	P0DMV8
A6NDX5	P0DMV9
A6NDX5	P0DMV8
A6NDX5	P0DMV9
A6NDX5	P10646
A6NDX5	P11021
A6NDX5	P11598
A6NDX5	P11801
A6NDX5	P12000
A6NDX5	P12791
A6NDX5	P13134
A6NDX5	P13597
A6NDX5	P13712
A6NDX5	P14543
A6NDX5	P14734
A6NDX5	P16422
A6NDX5	P17742
A6NDX5	P18572
A6NDX5	P18851
A6NDX5	P19105
A6NDX5	P19338
A6NDX5	P20273
A6NDX5	P21451
A6NDX5	P21576
A6NDX5	P21958
A6NDX5	P22307
A6NDX5	P22803
A6NDX5	P23193
A6NDX5	P23647
A6NDX5	P24456
A6NDX5	P24721
A6NDX5	P25344
A6NDX5	P25942
A6NDX5	P26718
A6NDX5	P27638
A6NDX5	P27867
A6NDX5	P28564
A6NDX5	P28738
A6NDX5	P29074
A6NDX5	P30084
A6NDX5	P30337
A6NDX5	P30620
A6NDX5	P31249
A6NDX5	P31994
A6NDX5	P32245
A6NDX5	P32432
A6NDX5	P32628
A6NDX5	P33202
A6NDX5	P33324
A6NDX5	P33535
A6NDX5	P34219
A6NDX5	P34531
A6NDX5	P35123
A6NDX5	P35290
A6NDX5	P35761
A6NDX5	P36375
A6NDX5	P36894
A6NDX5	P37136
A6NDX5	P37297
A6NDX5	P37599
A6NDX5	P37889
A6NDX5	P38080
A6NDX5	P38199
A6NDX5	P38756
A6NDX5	P39079
A6NDX5	P40318
A6NDX5	P41230
A6NDX5	P42525
A6NDX5	P43071
A6NDX5	P43253
A6NDX5	P46109
A6NDX5	P46677
A6NDX5	P46863
A6NDX5	P46976
A6NDX5	P47042
A6NDX5	P47727
A6NDX5	P47941
A6NDX5	P49840
A6NDX5	P50406
A6NDX5	P51683
A6NDX5	P51833
A6NDX5	P51957
A6NDX5	P52295
A6NDX5	P52912
A6NDX5	P53228
A6NDX5	P53349
A6NDX5	P54685
A6NDX5	P54787
A6NDX5	P55212
A6NDX5	P55345
A6NDX5	P56741
A6NDX5	P58404
A6NDX5	P59190
A6NDX5	P59644
A6NDX5	P60843
A6NDX5	P60842
A6NDX5	P70196
A6NDX5	P70402
A6NDX5	P78329
A6NDX5	P80202
A6NDX5	Q61271
A6NDX5	P81067
A6NDX5	P84051
A6NDX5	P87152
A6NDX5	P90978
A6NDX5	P91938
A6NDX5	P96218
A6NDX5	P97306
A6NDX5	P97379
A6NDX5	P97477
A6NDX5	P97584
A6NDX5	P97857
A6NDX5	P97857
A6NDX5	P98153
A6NDX5	P9WGR1
A6NDX5	P9WGR0
A6NDX5	P9WNN7
A6NDX5	Q00013
A6NDX5	Q01314
A6NDX5	Q01574
A6NDX5	Q01976
A6NDX5	Q02447
A6NDX5	Q02750
A6NDX5	P29678
A6NDX5	Q04749
A6NDX5	Q04886
A6NDX5	Q04996
A6NDX5	Q05144
A6NDX5	Q06001
A6NDX5	Q06418
A6NDX5	Q06554
A6NDX5	Q07622
A6NDX5	Q07973
A6NDX5	Q08290
A6NDX5	Q08972
A6NDX5	Q09024
A6NDX5	Q09470
A6NDX5	Q0P594
A6NDX5	P62714
A6NDX5	P11611
A6NDX5	P62715
A6NDX5	P62716
A6NDX5	Q0VAQ4
A6NDX5	Q10422
A6NDX5	Q10655
A6NDX5	Q12214
A6NDX5	Q12451
A6NDX5	Q12873
A6NDX5	Q12979
A6NDX5	Q13112
A6NDX5	Q13217
A6NDX5	Q14003
A6NDX5	Q14149
A6NDX5	Q14247
A6NDX5	Q14515
A6NDX5	Q14626
A6NDX5	Q15542
A6NDX5	Q15661
A6NDX5	Q15916
A6NDX5	Q16600
A6NDX5	Q16760
A6NDX5	Q1LZ53
A6NDX5	Q22070
A6NDX5	Q23121
A6NDX5	Q28019
A6NDX5	Q29554
A6NDX5	Q32LC7
A6NDX5	Q39027
A6NDX5	Q3SXZ3
A6NDX5	Q3TV65
A6NDX5	Q3U269
A6NDX5	Q3UEI1
A6NDX5	Q3UHC7
A6NDX5	Q3UIW5
A6NDX5	Q3UQI9
A6NDX5	Q3UTB7
A6NDX5	Q3UX43
A6NDX5	Q499S9
A6NDX5	Q4V8A2
A6NDX5	Q505J3
A6NDX5	Q53EP0
A6NDX5	Q53LP3
A6NDX5	Q56WH4
A6NDX5	Q58EX2
A6NDX5	Q5A4W8
A6NDX5	Q5AIA4
A6NDX5	Q5D006
A6NDX5	Q5DU14
A6NDX5	Q5EBL8
A6NDX5	Q5FVJ4
A6NDX5	Q5HFI1
A6NDX5	Q5I0E2
A6NDX5	Q5M9F1
A6NDX5	Q5NCH9
A6NDX5	Q5SJE8
A6NDX5	Q5SVQ0
A6NDX5	Q5T5D7
A6NDX5	Q5TCH4
A6NDX5	Q5TKR9
A6NDX5	Q5U2U0
A6NDX5	Q5VU92
A6NDX5	Q5Y5T5
A6NDX5	Q60673
A6NDX5	Q60987
A6NDX5	Q61083
A6NDX5	Q61164
A6NDX5	Q61466
A6NDX5	Q61730
A6NDX5	Q61885
A6NDX5	Q62132
A6NDX5	Q62240
A6NDX5	Q62419
A6NDX5	Q62956
A6NDX5	Q641Z4
A6NDX5	Q99J95
A6NDX5	Q64326
A6NDX5	Q64464
A6NDX5	Q64617
A6NDX5	Q67C40
A6NDX5	Q68DA7
A6NDX5	Q69Z61
A6NDX5	Q69ZX6
A6NDX5	Q6AWW5
A6NDX5	Q6CVE9
A6NDX5	Q6FHJ7
A6NDX5	Q6NS46
A6NDX5	Q6NTJ3
A6NDX5	Q6NVY1
A6NDX5	Q6NZQ8
A6NDX5	Q6PE54
A6NDX5	Q6PFX7
A6NDX5	Q6R2W3
A6NDX5	Q6SA08
A6NDX5	Q6UXH8
A6NDX5	Q6X936
A6NDX5	Q6Z437
A6NDX5	Q6ZQ88
A6NDX5	Q6ZTA4
A6NDX5	Q71SP7
A6NDX5	Q7L5L3
A6NDX5	Q7LYI9
A6NDX5	Q7PLI7
A6NDX5	Q7TSK3
A6NDX5	Q7Z614
A6NDX5	Q7Z7A1
A6NDX5	Q80TB8
A6NDX5	Q80TY0
A6NDX5	Q80V85
A6NDX5	Q9BVG3
A6NDX5	Q80Y86
A6NDX5	Q80Z10
A6NDX5	Q84WW5
A6NDX5	Q86UL3
A6NDX5	Q86VQ6
A6NDX5	Q86WC6
A6NDX5	Q8BG48
A6NDX5	Q8BGG7
A6NDX5	Q8BH27
A6NDX5	Q8BHC0
A6NDX5	Q8BKK5
A6NDX5	Q8BLG2
A6NDX5	Q8BMS1
A6NDX5	Q8BTK5
A6NDX5	Q8BUM3
A6NDX5	Q8BWA8
A6NDX5	Q8BZX4
A6NDX5	Q8C0Q4
A6NDX5	Q8C170
A6NDX5	Q8C2Q3
A6NDX5	Q8C7M3
A6NDX5	Q8C9W3
A6NDX5	Q8CE50
A6NDX5	Q8CGB6
A6NDX5	Q8IVF7
A6NDX5	Q8IWU2
A6NDX5	Q8IXZ3
A6NDX5	Q8JZS0
A6NDX5	O14910
A6NDX5	Q8K268
A6NDX5	Q8K354
A6NDX5	Q8K4C0
A6NDX5	Q8K4T3
A6NDX5	Q8N720
A6NDX5	Q8N807
A6NDX5	Q8N9I9
A6NDX5	Q8NA57
A6NDX5	Q8NB66
A6NDX5	Q8NCP5
A6NDX5	Q8NG85
A6NDX5	Q8NGS0
A6NDX5	Q8NHG8
A6NDX5	Q8NI51
A6NDX5	Q8QZT1
A6NDX5	Q8R1H0
A6NDX5	Q8R2P1
A6NDX5	Q8R3B1
A6NDX5	Q8R4P9
A6NDX5	Q8R553
A6NDX5	Q8RWI9
A6NDX5	Q8S944
A6NDX5	Q8TAS1
A6NDX5	P97343
A6NDX5	Q8TEA7
A6NDX5	Q8VBT9
A6NDX5	Q8VCP9
A6NDX5	Q8VHS2
A6NDX5	Q8VYN2
A6NDX5	Q8WP15
A6NDX5	Q8WU79
A6NDX5	Q8WV16
A6NDX5	Q8WYL5
A6NDX5	Q91VI7
A6NDX5	Q91VY5
A6NDX5	Q91WC3
A6NDX5	Q91WQ5
A6NDX5	Q920G0
A6NDX5	Q92506
A6NDX5	Q92611
A6NDX5	Q92826
A6NDX5	Q92918
A6NDX5	Q960X4
A6NDX5	Q969R5
A6NDX5	Q96CK0
A6NDX5	Q96DZ1
A6NDX5	Q96F45
A6NDX5	Q96HF1
A6NDX5	Q96IF1
A6NDX5	Q96JP0
A6NDX5	Q96L46
A6NDX5	Q96LT9
A6NDX5	Q96M98
A6NDX5	Q96NG5
A6NDX5	Q96P31
A6NDX5	Q96PL5
A6NDX5	Q96RU3
A6NDX5	Q96SL8
A6NDX5	Q99501
A6NDX5	Q99612
A6NDX5	Q99715
A6NDX5	Q99836
A6NDX5	Q99J09
A6NDX5	Q99JG2
A6NDX5	Q99NH2
A6NDX5	Q99NH2
A6NDX5	Q9ASS2
A6NDX5	Q9BRL6
A6NDX5	Q9BV38
A6NDX5	Q9BVR0
A6NDX5	Q9BWM5
A6NDX5	Q9BXB5
A6NDX5	Q9BYJ9
A6NDX5	Q9BZC1
A6NDX5	Q9BZQ6
A6NDX5	Q9C0A1
A6NDX5	Q9CQT2
A6NDX5	Q9CY62
A6NDX5	Q9CZN8
A6NDX5	Q9D3W5
A6NDX5	Q9D906
A6NDX5	Q9DAW9
A6NDX5	Q9DBM2
A6NDX5	Q9DBX2
A6NDX5	Q9DCE5
A6NDX5	Q9EPF2
A6NDX5	Q9EPW9
A6NDX5	Q9EQL9
A6NDX5	Q9ER42
A6NDX5	Q9ERI2
A6NDX5	Q9ES21
A6NDX5	Q9ESX4
A6NDX5	Q9FG67
A6NDX5	Q9FYG2
A6NDX5	Q9GZN2
A6NDX5	Q9GZV5
A6NDX5	Q9H0M5
A6NDX5	Q9H161
A6NDX5	Q9H1R2
A6NDX5	Q9H2C1
A6NDX5	Q9H6A0
A6NDX5	Q9H892
A6NDX5	Q9H939
A6NDX5	Q9HAT0
A6NDX5	Q9HB97
A6NDX5	Q9HCE7
A6NDX5	Q9HCU0
A6NDX5	Q9JHI2
A6NDX5	Q9JJ40
A6NDX5	Q9JKF1
A6NDX5	Q9JL26
A6NDX5	Q9LX66
A6NDX5	Q9M0R2
A6NDX5	Q9NEL2
A6NDX5	Q9NPR9
A6NDX5	Q9NSN8
A6NDX5	Q9NYJ7
A6NDX5	Q9NZR4
A6NDX5	Q9P0L1
A6NDX5	Q9P1Q5
A6NDX5	Q9QYC5
A6NDX5	Q9QYP1
A6NDX5	Q9QZM5
A6NDX5	Q9R044
A6NDX5	Q9R0X5
A6NDX5	Q9R1K8
A6NDX5	Q9SE97
A6NDX5	Q9SIZ8
A6NDX5	Q9TXP3
A6NDX5	Q9U3F4
A6NDX5	Q9UBH6
A6NDX5	Q9UBS4
A6NDX5	Q9UDV7
A6NDX5	Q9UHJ3
A6NDX5	Q9UIW2
A6NDX5	Q9UJU2
A6NDX5	Q9UKX5
A6NDX5	Q9UMZ3
A6NDX5	Q9UPP2
A6NDX5	Q9URU2
A6NDX5	Q9USM3
A6NDX5	Q9UTQ6
A6NDX5	Q9V3U0
A6NDX5	Q9VGA4
A6NDX5	Q9VHH9
A6NDX5	Q9VJE5
A6NDX5	Q9VKW2
A6NDX5	Q9VSA4
A6NDX5	Q9VTW2
A6NDX5	Q9VVG4
A6NDX5	Q9VY77
A6NDX5	Q9W060
A6NDX5	Q9WTR2
A6NDX5	Q9XYD3
A6NDX5	Q9Y1J3
A6NDX5	Q9Y264
A6NDX5	Q9Y2D0
A6NDX5	Q9Y2K7
A6NDX5	Q9Y2V2
A6NDX5	Q9Y4I1
A6NDX5	Q9Y5G2
A6NDX5	Q9YGC1
A6NDX5	Q9Z0Z4
A6NDX5	Q9Z1A9
A6NDX5	Q9Z1X4
A6NDX5	Q9Z275
A6NDX5	Q9Z2H5
A6NDX5	Q9Z2T2
A6NDX5	Q9Z340
A6NDX5	Q9ZUF4
A6NDX5	U4PR86
A6NDX5	A1XDC0
A6NDX5	A2AQ92
A6NDX5	A2XUW1
A6NDX5	A3LZT3
A6NDX5	A7TQN2
A6NDX5	A7Z056
A6NDX5	A9LLI8
A6NDX5	B0M0P8
A6NDX5	B7SY83
A6NDX5	B9FL70
A6NDX5	C9JJH3
A6NDX5	D3Z7H8
A6NDX5	D4A2Z8
A6NDX5	F1M775
A6NDX5	F4HVW5
A6NDX5	F4I5Q6
A6NDX5	F4IJV4
A6NDX5	F4JBM4
A6NDX5	F4JN26
A6NDX5	F4JZN6
A6NDX5	F8VQN3
A6NDX5	G4NBR8
A6NDX5	H2KY86
A6NDX5	J4W0G2
A6NDX5	O04093
A6NDX5	O13829
A6NDX5	O13984
A6NDX5	O14581
A6NDX5	O15736
A6NDX5	O22845
A6NDX5	O23463
A6NDX5	O24456
A6NDX5	O49203
A6NDX5	O50064
A6NDX5	O55123
A6NDX5	O61722
A6NDX5	O64636
A6NDX5	O94264
A6NDX5	O94365
A6NDX5	O94501
A6NDX5	O95221
A6NDX5	P00348
A6NDX5	P01647
A6NDX5	P01797
A6NDX5	P01796
A6NDX5	P02465
A6NDX5	P08637
A6NDX5	P0C2F7
A6NDX5	P0C5H7
A6NDX5	P0CAX5
A6NDX5	P0CG00
A6NDX5	P0CI00
A6NDX5	P0DP01
A6NDX5	P11247
A6NDX5	P12815
A6NDX5	P14605
A6NDX5	P17608
A6NDX5	P18291
A6NDX5	P24004
A6NDX5	P26819
A6NDX5	P28676
A6NDX5	P30352
A6NDX5	P31315
A6NDX5	P34146
A6NDX5	P34511
A6NDX5	P34934
A6NDX5	P36579
A6NDX5	P40236
A6NDX5	P41229
A6NDX5	P41229
A6NDX5	P41988
A6NDX5	P43115
A6NDX5	P47937
A6NDX5	P48420
A6NDX5	P49103
A6NDX5	P54100
A6NDX5	P54680
A6NDX5	P56536
A6NDX5	P61571
A6NDX5	P62598
A6NDX5	P70526
A6NDX5	P78871
A6NDX5	P86173
A6NDX5	O94805
A6NDX5	P87239
A6NDX5	P97927
A6NDX5	Q00968
A6NDX5	Q05763
A6NDX5	Q0D4J7
A6NDX5	A2YNT8
A6NDX5	Q0DLB9
A6NDX5	Q0J9X2
A6NDX5	Q10099
A6NDX5	Q10LZ9
A6NDX5	Q13401
A6NDX5	Q19A41
A6NDX5	Q2HJ10
A6NDX5	Q2R637
A6NDX5	Q3U0D9
A6NDX5	Q3UKY7
A6NDX5	Q3UW68
A6NDX5	Q3V3Z3
A6NDX5	Q42510
A6NDX5	Q4FZZ1
A6NDX5	Q6P4S6
A6NDX5	O24973
A6NDX5	Q2G0E0
A6NDX5	Q7A2Q1
A6NDX5	Q7A4R9
A6NDX5	Q91ZC1
A6NDX5	Q93VC7
A6NDX5	Q940T9
A6NDX5	Q949V6
A6NDX5	Q94AC1
A6NDX5	Q94HV7
A6NDX5	Q96BQ3
A6NDX5	Q99M75
A6NDX5	Q9BTD8
A6NDX5	Q9BTD8
A6NDX5	Q9C7F8
A6NDX5	Q9C826
A6NDX5	Q9C8T8
A6NDX5	Q9C9F5
A6NDX5	Q9C9X7
A6NDX5	Q9CAG3
A6NDX5	Q9CR42
A6NDX5	Q9D2H8
A6NDX5	Q9D9D8
A6NDX5	Q9DAK3
A6NDX5	Q9EQ15
A6NDX5	Q9FFQ0
A6NDX5	Q9FG91
A6NDX5	Q9FI14
A6NDX5	Q9FIF5
A6NDX5	Q9FJN8
A6NDX5	Q9FKT5
A6NDX5	Q9FMN0
A6NDX5	Q9FPR3
A6NDX5	Q9FT73
A6NDX5	Q9FVU9
A6NDX5	Q9LDQ3
A6NDX5	Q9LH84
A6NDX5	Q9LJ74
A6NDX5	Q9LJY0
A6NDX5	Q9LKR6
A6NDX5	Q9LR65
A6NDX5	Q9LSJ2
A6NDX5	Q9LT35
A6NDX5	Q9LTM0
A6NDX5	Q9LXA5
A6NDX5	Q9LZF8
A6NDX5	Q9M020
A6NDX5	Q9M0R6
A6NDX5	Q9M246
A6NDX5	Q9QX27
A6NDX5	Q9QYZ3
A6NDX5	Q9R0N6
A6NDX5	Q9S7R3
A6NDX5	Q9SA94
A6NDX5	Q9SCU0
A6NDX5	Q9SK28
A6NDX5	Q9SMZ3
A6NDX5	Q9SPG3
A6NDX5	Q9SRQ8
A6NDX5	Q9SV83
A6NDX5	Q9SVZ9
A6NDX5	Q9SXB5
A6NDX5	Q9SZ67
A6NDX5	Q9SZY3
A6NDX5	Q9U489
A6NDX5	Q9UI32
A6NDX5	Q9UM44
A6NDX5	Q9US20
A6NDX5	Q9UT79
A6NDX5	Q9UW24
A6NDX5	Q9VRR2
A6NDX5	Q9Y577
A6NDX5	Q9Y577
A6NDX5	Q9Z321
A6NDX5	A0A075B6N4
A6NDX5	A0A0B4J249
A6NDX5	A0A0C4DH43
A6NDX5	A1A5P0
A6NDX5	A1ZAJ2
A6NDX5	A2CE44
A6NDX5	A2RUR9
A6NDX5	A3LZZ0
A6NDX5	A4IF97
A6NDX5	A7XUZ6
A6NDX5	A8MW92
A6NDX5	B0BN49
A6NDX5	B2RYM5
A6NDX5	B5DF11
A6NDX5	O88878
A6NDX5	D0PV95
A6NDX5	D3Z2R5
A6NDX5	D3ZQG6
A6NDX5	Q9ESN6
A6NDX5	D3ZZC3
A6NDX5	E9PVD3
A6NDX5	E9Q7F2
A6NDX5	F1LNJ2
A6NDX5	F4HQD4
A6NDX5	G3V7X8
A6NDX5	G5EBH0
A6NDX5	G5EFT5
A6NDX5	H2LBU8
A6NDX5	O00305
A6NDX5	O00463
A6NDX5	O01737
A6NDX5	O08529
A6NDX5	O08697
A6NDX5	O13614
A6NDX5	O14594
A6NDX5	O14715
A6NDX5	O14815
A6NDX5	O14974
A6NDX5	O15075
A6NDX5	O15195
A6NDX5	O17323
A6NDX5	O22315
A6NDX5	O35115
A6NDX5	O70433
A6NDX5	O35646
A6NDX5	O35927
A6NDX5	O42943
A6NDX5	O43066
A6NDX5	O43869
A6NDX5	O53521
A6NDX5	O54799
A6NDX5	O54921
A6NDX5	O55164
A6NDX5	O60393
A6NDX5	O60548
A6NDX5	O60907
A6NDX5	O62305
A6NDX5	O70277
A6NDX5	O70583
A6NDX5	O75084
A6NDX5	O75373
A6NDX5	O75582
A6NDX5	O75716
A6NDX5	O75871
A6NDX5	O75953
A6NDX5	O89114
A6NDX5	O88277
A6NDX5	O88676
A6NDX5	O89033
A6NDX5	O94691
A6NDX5	O94810
A6NDX5	O95096
A6NDX5	O95747
A6NDX5	O95994
A6NDX5	O97159
A6NDX5	P00515
A6NDX5	P01732
A6NDX5	P02255
A6NDX5	P02468
A6NDX5	P02625
A6NDX5	P04167
A6NDX5	P05132
A6NDX5	P07171
A6NDX5	P12658
A6NDX5	P08101
A6NDX5	P08631
A6NDX5	P08861
A6NDX5	P09016
A6NDX5	P09405
A6NDX5	P09547
A6NDX5	P0A953
A6NDX5	P0AC69
A6NDX5	P0C1Q2
A6NDX5	P0C6P5
A6NDX5	P0CG23
A6NDX5	P0DJD1
A6NDX5	P11030
A6NDX5	P11171
A6NDX5	P11802
A6NDX5	P12297
A6NDX5	P13598
A6NDX5	P14199
A6NDX5	P15208
A6NDX5	P15529
A6NDX5	P15812
A6NDX5	P16050
A6NDX5	P16620
A6NDX5	P16989
A6NDX5	P17745
A6NDX5	P18009
A6NDX5	P18297
A6NDX5	P19339
A6NDX5	P20444
A6NDX5	P21452
A6NDX5	P21579
A6NDX5	P22310
A6NDX5	P22579
A6NDX5	P23198
A6NDX5	Q13185
A6NDX5	P23352
A6NDX5	P23654
A6NDX5	P24457
A6NDX5	P24723
A6NDX5	P25159
A6NDX5	P25439
A6NDX5	P25693
A6NDX5	P27870
A6NDX5	P28301
A6NDX5	P28566
A6NDX5	P28740
A6NDX5	P29473
A6NDX5	P29754
A6NDX5	P30405
A6NDX5	P30622
A6NDX5	P31016
A6NDX5	P31254
A6NDX5	P31384
A6NDX5	P31995
A6NDX5	P32246
A6NDX5	P33203
A6NDX5	P33543
A6NDX5	P34221
A6NDX5	P34333
A6NDX5	P35125
A6NDX5	P35219
A6NDX5	P35292
A6NDX5	P35426
A6NDX5	P36002
A6NDX5	P36106
A6NDX5	P36895
A6NDX5	P38144
A6NDX5	P38757
A6NDX5	P38859
A6NDX5	P39000
A6NDX5	P39413
A6NDX5	P39955
A6NDX5	P40394
A6NDX5	P40796
A6NDX5	P40968
A6NDX5	P41231
A6NDX5	P42530
A6NDX5	P46150
A6NDX5	P46531
A6NDX5	P47043
A6NDX5	P47102
A6NDX5	P47161
A6NDX5	P48442
A6NDX5	P49754
A6NDX5	P49846
A6NDX5	P50086
A6NDX5	P50219
A6NDX5	P51684
A6NDX5	P51960
A6NDX5	P52917
A6NDX5	P53164
A6NDX5	P53281
A6NDX5	P53350
A6NDX5	P54397
A6NDX5	P54789
A6NDX5	P55213
A6NDX5	P55347
A6NDX5	P57058
A6NDX5	P58173
A6NDX5	P58405
A6NDX5	P58801
A6NDX5	P60122
A6NDX5	Q9Y265
A6NDX5	P60123
A6NDX5	P60510
A6NDX5	P97470
A6NDX5	P60852
A6NDX5	P62344
A6NDX5	P62344
A6NDX5	P62936
A6NDX5	P63011
A6NDX5	P63012
A6NDX5	Q06AU3
A6NDX5	P70403
A6NDX5	P70566
A6NDX5	P73202
A6NDX5	P74227
A6NDX5	P74745
A6NDX5	P78424
A6NDX5	P80203
A6NDX5	P81068
A6NDX5	P84060
A6NDX5	P87153
A6NDX5	P90980
A6NDX5	P96284
A6NDX5	P97479
A6NDX5	P98154
A6NDX5	P9WGR9
A6NDX5	P9WNN9
A6NDX5	Q00537
A6NDX5	Q00772
A6NDX5	Q00PI9
A6NDX5	Q01986
A6NDX5	Q02875
A6NDX5	Q03137
A6NDX5	Q04636
A6NDX5	Q04887
A6NDX5	Q04M41
A6NDX5	Q05546
A6NDX5	Q06152
A6NDX5	Q06831
A6NDX5	Q07120
A6NDX5	Q07436
A6NDX5	Q07623
A6NDX5	Q07832
A6NDX5	Q08208
A6NDX5	Q08493
A6NDX5	Q09028
A6NDX5	Q60972
A6NDX5	Q09285
A6NDX5	Q09472
A6NDX5	Q0VAV2
A6NDX5	Q0ZCA7
A6NDX5	Q10265
A6NDX5	Q10425
A6NDX5	Q10656
A6NDX5	Q12159
A6NDX5	Q12215
A6NDX5	Q12271
A6NDX5	Q13219
A6NDX5	Q13422
A6NDX5	Q13610
A6NDX5	Q14004
A6NDX5	Q14151
A6NDX5	Q14517
A6NDX5	Q15056
A6NDX5	Q15375
A6NDX5	Q15669
A6NDX5	Q15785
A6NDX5	Q15928
A6NDX5	Q16880
A6NDX5	Q17941
A6NDX5	Q19297
A6NDX5	Q19QU3
A6NDX5	Q1LZC5
A6NDX5	Q1X8D7
A6NDX5	Q24368
A6NDX5	Q39030
A6NDX5	Q3KRD5
A6NDX5	Q3MI99
A6NDX5	Q3TLR7
A6NDX5	Q3TZZ7
A6NDX5	Q3U288
A6NDX5	Q3UHD1
A6NDX5	Q3UIZ8
A6NDX5	Q3UMC0
A6NDX5	Q3UTH8
A6NDX5	Q3UX61
A6NDX5	Q3V0C1
A6NDX5	Q496Y0
A6NDX5	Q499V6
A6NDX5	Q4JM44
A6NDX5	Q4KM47
A6NDX5	Q4V348
A6NDX5	Q4V9Z5
A6NDX5	Q4ZJM7
A6NDX5	Q55774
A6NDX5	Q56WK6
A6NDX5	Q58EX7
A6NDX5	Q5A4X0
A6NDX5	Q5DU25
A6NDX5	Q5HYI8
A6NDX5	Q5JUW0
A6NDX5	Q5PQK8
A6NDX5	Q5RKI8
A6NDX5	Q5SVQ8
A6NDX5	Q5T8D3
A6NDX5	Q5TYW1
A6NDX5	Q5U2U2
A6NDX5	Q5UKY4
A6NDX5	Q5XHX6
A6NDX5	Q5XI81
A6NDX5	Q5XIV2
A6NDX5	Q5YD48
A6NDX5	Q60675
A6NDX5	Q60875
A6NDX5	Q61084
A6NDX5	Q61288
A6NDX5	Q61467
A6NDX5	Q61909
A6NDX5	Q62136
A6NDX5	Q62420
A6NDX5	Q62632
A6NDX5	Q62746
A6NDX5	Q62848
A6NDX5	Q62959
A6NDX5	Q63184
A6NDX5	Q63538
A6NDX5	Q63886
A6NDX5	Q640M6
A6NDX5	Q641Z6
A6NDX5	Q9WVK4
A6NDX5	Q64632
A6NDX5	Q67EQ1
A6NDX5	Q68DC2
A6NDX5	Q68FH0
A6NDX5	Q69Z66
A6NDX5	Q69ZX8
A6NDX5	Q6AYG3
A6NDX5	Q6H3X3
A6NDX5	Q6IEV9
A6NDX5	Q6NS52
A6NDX5	Q6NXW6
A6NDX5	Q6NZR2
A6NDX5	Q6P542
A6NDX5	Q6P6B7
A6NDX5	Q6PFX8
A6NDX5	Q6UXH9
A6NDX5	Q6VN20
A6NDX5	Q6X9E4
A6NDX5	Q6Z8C8
A6NDX5	Q6ZP82
A6NDX5	Q6ZQ89
A6NDX5	Q6ZRR7
A6NDX5	Q70Z35
A6NDX5	Q76JU9
A6NDX5	Q7L5N1
A6NDX5	Q7TPM6
A6NDX5	Q7UBT0
A6NDX5	Q7Z304
A6NDX5	Q80TY4
A6NDX5	Q80W31
A6NDX5	Q80WQ6
A6NDX5	Q80XI6
A6NDX5	Q80Y98
A6NDX5	Q80Z24
A6NDX5	Q810W7
A6NDX5	Q86UL8
A6NDX5	Q86WG5
A6NDX5	Q86X67
A6NDX5	Q86XU0
A6NDX5	Q8BHC1
A6NDX5	Q96DA2
A6NDX5	Q8BJL0
A6NDX5	Q8BLH5
A6NDX5	Q8BM92
A6NDX5	Q8BMS4
A6NDX5	Q8BSD5
A6NDX5	Q8BTM8
A6NDX5	Q8BWB1
A6NDX5	Q8BX43
A6NDX5	Q8BY87
A6NDX5	Q8BZ03
A6NDX5	Q8BZZ3
A6NDX5	Q8C0Q9
A6NDX5	Q8C172
A6NDX5	Q8C2S0
A6NDX5	Q8C4V1
A6NDX5	Q8C7Q4
A6NDX5	Q8CBW3
A6NDX5	Q8CE64
A6NDX5	Q8CFG8
A6NDX5	Q8CGZ0
A6NDX5	Q8CJ53
A6NDX5	Q8GXC2
A6NDX5	Q8I0P1
A6NDX5	Q8IU85
A6NDX5	Q8IUX7
A6NDX5	Q8IW52
A6NDX5	Q8IYD8
A6NDX5	Q8IZC6
A6NDX5	Q8K0B3
A6NDX5	Q8K1P7
A6NDX5	Q8K363
A6NDX5	Q8K3P5
A6NDX5	Q8K4T4
A6NDX5	Q8L828
A6NDX5	Q8LPK2
A6NDX5	Q8N3R9
A6NDX5	Q8N8U2
A6NDX5	Q8N9K5
A6NDX5	Q8NB78
A6NDX5	Q8NG95
A6NDX5	Q8NGS3
A6NDX5	Q8NHH9
A6NDX5	Q8R2Q0
A6NDX5	Q8R3B7
A6NDX5	Q8R554
A6NDX5	Q8TC94
A6NDX5	Q8TD17
A6NDX5	Q8TF32
A6NDX5	Q8VCC1
A6NDX5	Q8VD65
A6NDX5	Q8VE97
A6NDX5	Q8VH51
A6NDX5	Q14498
A6NDX5	Q8VHS5
A6NDX5	Q8VIB5
A6NDX5	Q8WQ99
A6NDX5	Q8WU90
A6NDX5	Q8WXF7
A6NDX5	Q8Y6D0
A6NDX5	Q91V10
A6NDX5	Q91VY6
A6NDX5	Q91X88
A6NDX5	Q91XY4
A6NDX5	Q91YK0
A6NDX5	Q91Z31
A6NDX5	Q66H20
A6NDX5	Q91ZQ1
A6NDX5	Q920G2
A6NDX5	Q92207
A6NDX5	Q922R8
A6NDX5	Q924H7
A6NDX5	Q92519
A6NDX5	Q92575
A6NDX5	Q92613
A6NDX5	Q92828
A6NDX5	Q92922
A6NDX5	Q93348
A6NDX5	Q94526
A6NDX5	Q95RU0
A6NDX5	Q960X8
A6NDX5	Q96DA6
A6NDX5	Q96DZ5
A6NDX5	Q96GM5
A6NDX5	Q96II8
A6NDX5	Q96J92
A6NDX5	Q96JP5
A6NDX5	Q96L50
A6NDX5	Q96NG8
A6NDX5	Q96P47
A6NDX5	Q96R72
A6NDX5	Q96RU7
A6NDX5	Q96SM3
A6NDX5	Q96WV2
A6NDX5	Q97U21
A6NDX5	Q99075
A6NDX5	Q99853
A6NDX5	Q99K10
A6NDX5	Q99KL7
A6NDX5	P51158
A6NDX5	Q99MY8
A6NDX5	Q9BQ51
A6NDX5	Q9BSU3
A6NDX5	Q9BTN0
A6NDX5	Q9BUF7
A6NDX5	Q9BXR5
A6NDX5	Q9BY49
A6NDX5	Q9C0A6
A6NDX5	Q9C5S1
A6NDX5	Q9C9U2
A6NDX5	Q9CWH1
A6NDX5	Q9CXP4
A6NDX5	Q9CZP3
A6NDX5	Q9D3X5
A6NDX5	Q9D733
A6NDX5	Q9DBX3
A6NDX5	Q9EQM3
A6NDX5	Q9ER47
A6NDX5	Q9ES28
A6NDX5	Q9ESG6
A6NDX5	Q9GZV8
A6NDX5	Q9H0N0
A6NDX5	Q9H1R3
A6NDX5	Q9H2X0
A6NDX5	Q9H3R0
A6NDX5	Q9H4B4
A6NDX5	Q9H898
A6NDX5	Q9HBA0
A6NDX5	Q9HBW1
A6NDX5	Q9HCU4
A6NDX5	Q9HE05
A6NDX5	Q9HZ71
A6NDX5	Q9JIA3
A6NDX5	Q9JIR1
A6NDX5	Q9JJ48
A6NDX5	Q9JJN2
A6NDX5	Q9JKF6
A6NDX5	Q9LX99
A6NDX5	Q9NP64
A6NDX5	Q9NPC7
A6NDX5	Q9NPY3
A6NDX5	Q9NRR2
A6NDX5	Q9NS39
A6NDX5	Q9NWB1
A6NDX5	Q9NWX5
A6NDX5	Q9NYJ8
A6NDX5	Q9NZS9
A6NDX5	Q9P0L2
A6NDX5	Q9P1U1
A6NDX5	Q9P283
A6NDX5	Q9QUN3
A6NDX5	Q9QXN0
A6NDX5	Q9QY01
A6NDX5	Q9QYP2
A6NDX5	Q9R045
A6NDX5	Q9R0I6
A6NDX5	Q9R1K9
A6NDX5	Q9R1X5
A6NDX5	Q9SEE9
A6NDX5	Q9SUI2
A6NDX5	Q9TY95
A6NDX5	Q9TY95
A6NDX5	Q9UBS5
A6NDX5	Q9UI33
A6NDX5	Q9UIX4
A6NDX5	Q9UJU3
A6NDX5	Q9UKK9
A6NDX5	Q9ULB4
A6NDX5	Q9ULZ3
A6NDX5	Q9UN19
A6NDX5	Q9UPQ0
A6NDX5	Q9UQ52
A6NDX5	Q9URV0
A6NDX5	Q9V9J3
A6NDX5	Q9VCR6
A6NDX5	Q9VE86
A6NDX5	Q9VHI7
A6NDX5	Q9VSE2
A6NDX5	Q9W1G0
A6NDX5	Q9W3D3
A6NDX5	Q9WTR5
A6NDX5	Q9WVK7
A6NDX5	Q9Y210
A6NDX5	Q9Y2K9
A6NDX5	Q9Y2V3
A6NDX5	Q9Y343
A6NDX5	Q9Y580
A6NDX5	Q9Y5G3
A6NDX5	Q9Y6R6
A6NDX5	Q9Y7M3
A6NDX5	Q9Z0M6
A6NDX5	Q9Z100
A6NDX5	Q9Z277
A6NDX5	Q9Z2H6
A6NDX5	Q9Z351
A6NDX5	Q9ZUL3
A6NDX5	A2AR95
A6NDX5	A2XYY8
A6NDX5	A3A8W2
A6NDX5	A6JFQ6
A6NDX5	A6NJZ3
A6NDX5	A7KBS4
A6NDX5	B3H6C3
A6NDX5	B7U179
A6NDX5	B8XCH5
A6NDX5	C0SQ89
A6NDX5	C9JLJ4
A6NDX5	D3Z8L7
A6NDX5	D4A4P4
A6NDX5	E9PX95
A6NDX5	F1P065
A6NDX5	F4HPN2
A6NDX5	F4HVZ1
A6NDX5	F4I114
A6NDX5	F4I6G4
A6NDX5	F4JBP3
A6NDX5	F4JI46
A6NDX5	F4JTI1
A6NDX5	F4JZW1
A6NDX5	G3X9G7
A6NDX5	G4NDR3
A6NDX5	H2KYH4
A6NDX5	J5J335
A6NDX5	O00602
A6NDX5	O08712
A6NDX5	O13834
A6NDX5	O14258
A6NDX5	O14626
A6NDX5	O15743
A6NDX5	O22040
A6NDX5	O22300
A6NDX5	O24466
A6NDX5	O35767
A6NDX5	O42871
A6NDX5	O54707
A6NDX5	O60173
A6NDX5	O64639
A6NDX5	O65472
A6NDX5	O80860
A6NDX5	O81821
A6NDX5	O88838
A6NDX5	O95222
A6NDX5	P01648
A6NDX5	P01798
A6NDX5	P04799
A6NDX5	P0C2F9
A6NDX5	P0C5K5
A6NDX5	P0C7V8
A6NDX5	P0CAX8
A6NDX5	P0CG04
A6NDX5	P0DP02
A6NDX5	P10506
A6NDX5	P12024
A6NDX5	P15306
A6NDX5	P16232
A6NDX5	P17609
A6NDX5	P19070
A6NDX5	P22443
A6NDX5	P25228
A6NDX5	P26824
A6NDX5	P28069
A6NDX5	P29447
A6NDX5	P32247
A6NDX5	P33760
A6NDX5	P34150
A6NDX5	P34935
A6NDX5	P41243
A6NDX5	P42773
A6NDX5	P43613
A6NDX5	P47156
A6NDX5	P48434
A6NDX5	P49104
A6NDX5	P54107
A6NDX5	P54695
A6NDX5	P55142
A6NDX5	P57724
A6NDX5	P62603
A6NDX5	P81021
A6NDX5	P92985
A6NDX5	P93647
A6NDX5	P97952
A6NDX5	Q04788
A6NDX5	Q06186
A6NDX5	Q0D519
A6NDX5	Q0DLG0
A6NDX5	Q0IQN5
A6NDX5	Q0JAD9
A6NDX5	Q10103
A6NDX5	Q10370
A6NDX5	Q10990
A6NDX5	Q10M00
A6NDX5	Q13434
A6NDX5	Q18179
A6NDX5	Q1K6U0
A6NDX5	Q1ZXD6
A6NDX5	Q20657
A6NDX5	Q22811
A6NDX5	Q2R8Z5
A6NDX5	Q38922
A6NDX5	Q3Y416
A6NDX5	Q4LFA9
A6NDX5	Q4V8C9
A6NDX5	Q6PKH6
A6NDX5	Q7A8E1
A6NDX5	Q9RDT5
A6NDX5	Q91ZC4
A6NDX5	Q93VC9
A6NDX5	Q93ZR3
A6NDX5	Q940V4
A6NDX5	Q94CD5
A6NDX5	Q95YD4
A6NDX5	Q96PB8
A6NDX5	Q99PE7
A6NDX5	Q9BZM6
A6NDX5	Q9C827
A6NDX5	Q9C8T9
A6NDX5	Q9C9F6
A6NDX5	Q9CAG5
A6NDX5	Q9CXD9
A6NDX5	Q9D4H9
A6NDX5	Q9D4H9
A6NDX5	Q9FFA7
A6NDX5	Q9FFQ1
A6NDX5	Q9FGB1
A6NDX5	Q9FHE9
A6NDX5	Q9FIF9
A6NDX5	Q9FJP6
A6NDX5	Q9FLB4
A6NDX5	Q9FLY5
A6NDX5	Q9FN92
A6NDX5	Q9FPS0
A6NDX5	Q9FT74
A6NDX5	Q9FX86
A6NDX5	Q9H106
A6NDX5	Q9HAE3
A6NDX5	Q9JJ57
A6NDX5	Q9NZI2
A6NDX5	Q9LDS6
A6NDX5	Q9LFL3
A6NDX5	Q9LID0
A6NDX5	Q9LK03
A6NDX5	Q9LMK2
A6NDX5	Q9LNC4
A6NDX5	Q9LSJ5
A6NDX5	Q9LT38
A6NDX5	Q9LTM6
A6NDX5	Q9LUC8
A6NDX5	Q9LXA7
A6NDX5	Q9LYS2
A6NDX5	Q9M2V1
A6NDX5	Q9M682
A6NDX5	Q9P4R5
A6NDX5	Q9P748
A6NDX5	Q9QYZ4
A6NDX5	Q9S7R7
A6NDX5	Q9SAL0
A6NDX5	Q9SCU1
A6NDX5	Q9SE95
A6NDX5	Q9SFD5
A6NDX5	Q9SH22
A6NDX5	Q9SK32
A6NDX5	Q9SR40
A6NDX5	Q9SSD1
A6NDX5	Q9SVA0
A6NDX5	Q9SW00
A6NDX5	Q9SZ69
A6NDX5	Q9U6A0
A6NDX5	Q9UI38
A6NDX5	Q9USR1
A6NDX5	Q9UT85
A6NDX5	Q9UWF0
A6NDX5	Q9WVJ9
A6NDX5	Q9XIA9
A6NDX5	Q9Z1K5
A6NDX5	Q9ZNQ8
A6NDX5	Q9ZQQ7
A6NDX5	Q9ZT63
A6NDX5	Q9ZUC1
A6NDX5	A0A075B6P5
A6NDX5	P01615
A6NDX5	A0A0B4J264
A6NDX5	A0A0C4DH67
A6NDX5	A0A0K0K1D8
A6NDX5	A1KGI6
A6NDX5	P9WH45
A6NDX5	A2A863
A6NDX5	A2AKX3
A6NDX5	A2ARS0
A6NDX5	A2CG49
A6NDX5	A4FBX6
A6NDX5	A5D794
A6NDX5	A6NEL2
A6NDX5	A6NHJ4
A6NDX5	A6NJI9
A6NDX5	A6NLJ0
A6NDX5	A6NNY8
A6NDX5	A6QLT4
A6NDX5	B0VT89
A6NDX5	B1AWN6
A6NDX5	B2GV38
A6NDX5	B2RVL6
A6NDX5	D3Z4R1
A6NDX5	D3ZEN0
A6NDX5	D3ZZL9
A6NDX5	E9Q349
A6NDX5	F1LP64
A6NDX5	G3V893
A6NDX5	G5EFU0
A6NDX5	M0R4F8
A6NDX5	O00192
A6NDX5	O00308
A6NDX5	O00592
A6NDX5	O01738
A6NDX5	O08530
A6NDX5	O08699
A6NDX5	O08808
A6NDX5	O08967
A6NDX5	O13615
A6NDX5	O13900
A6NDX5	O14048
A6NDX5	O14595
A6NDX5	O14727
A6NDX5	O15197
A6NDX5	O15296
A6NDX5	O15405
A6NDX5	O22446
A6NDX5	O32231
A6NDX5	O34507
A6NDX5	O35385
A6NDX5	O35648
A6NDX5	O35929
A6NDX5	O43186
A6NDX5	O43491
A6NDX5	O54800
A6NDX5	O55029
A6NDX5	O55165
A6NDX5	O60271
A6NDX5	O60403
A6NDX5	O70133
A6NDX5	O70585
A6NDX5	O74360
A6NDX5	O74448
A6NDX5	O74823
A6NDX5	O74942
A6NDX5	O75094
A6NDX5	O75376
A6NDX5	O88278
A6NDX5	O88445
A6NDX5	O94925
A6NDX5	O95125
A6NDX5	O95218
A6NDX5	O95450
A6NDX5	P00516
A6NDX5	P0C605
A6NDX5	P01819
A6NDX5	P02256
A6NDX5	P02469
A6NDX5	P02634
A6NDX5	P04003
A6NDX5	P06493
A6NDX5	P07174
A6NDX5	P08103
A6NDX5	P08246
A6NDX5	P09017
A6NDX5	P09564
A6NDX5	P0C1S8
A6NDX5	P0C6P6
A6NDX5	P0CG24
A6NDX5	P0CJ78
A6NDX5	P0DMW0
A6NDX5	P0DMW1
A6NDX5	P10833
A6NDX5	P13599
A6NDX5	P15209
A6NDX5	P15381
A6NDX5	P15813
A6NDX5	P16284
A6NDX5	P16621
A6NDX5	P17010
A6NDX5	P17081
A6NDX5	Q8R527
A6NDX5	P17301
A6NDX5	P18014
A6NDX5	P18858
A6NDX5	P19109
A6NDX5	P20447
A6NDX5	P20849
A6NDX5	P21453
A6NDX5	P21580
A6NDX5	P21965
A6NDX5	P22314
A6NDX5	P22807
A6NDX5	P24100
A6NDX5	P24462
A6NDX5	P24752
A6NDX5	P25037
A6NDX5	P25440
A6NDX5	P25694
A6NDX5	P27105
A6NDX5	P28068
A6NDX5	P28741
A6NDX5	P29349
A6NDX5	P29474
A6NDX5	P30101
A6NDX5	P30411
A6NDX5	P30624
A6NDX5	P31257
A6NDX5	P32248
A6NDX5	P32443
A6NDX5	P39020
A6NDX5	P32639
A6NDX5	P34537
A6NDX5	P35789
A6NDX5	P36003
A6NDX5	P36582
A6NDX5	P36897
A6NDX5	P37173
A6NDX5	P37302
A6NDX5	P38082
A6NDX5	P39083
A6NDX5	P39428
A6NDX5	P39956
A6NDX5	P40209
A6NDX5	P40327
A6NDX5	P41232
A6NDX5	P42566
A6NDX5	P43267
A6NDX5	P46549
A6NDX5	P46892
A6NDX5	P47943
A6NDX5	P50220
A6NDX5	P23441
A6NDX5	P50545
A6NDX5	P51589
A6NDX5	P51685
A6NDX5	P52298
A6NDX5	P53233
A6NDX5	P53351
A6NDX5	P54399
A6NDX5	P54900
A6NDX5	P55215
A6NDX5	P55735
A6NDX5	P56558
A6NDX5	P57059
A6NDX5	P58406
A6NDX5	P58802
A6NDX5	P59220
A6NDX5	Q03509
A6NDX5	P61018
A6NDX5	P62937
A6NDX5	P70310
A6NDX5	P70569
A6NDX5	P73203
A6NDX5	P75344
A6NDX5	P78426
A6NDX5	P80204
A6NDX5	P81069
A6NDX5	P82458
A6NDX5	P84074
A6NDX5	P84075
A6NDX5	P84076
A6NDX5	P87156
A6NDX5	P96285
A6NDX5	P97587
A6NDX5	P97772
A6NDX5	P98155
A6NDX5	P9WGS1
A6NDX5	P9WNP1
A6NDX5	Q00056
A6NDX5	Q00539
A6NDX5	Q01062
A6NDX5	Q01989
A6NDX5	Q03141
A6NDX5	Q03519
A6NDX5	Q03923
A6NDX5	Q04888
A6NDX5	Q05943
A6NDX5	Q06561
A6NDX5	Q06681
A6NDX5	Q07442
A6NDX5	Q07980
A6NDX5	Q08331
A6NDX5	P47728
A6NDX5	Q0P5E6
A6NDX5	Q0VAW7
A6NDX5	Q10134
A6NDX5	Q11179
A6NDX5	Q12161
A6NDX5	Q13114
A6NDX5	Q13613
A6NDX5	Q13795
A6NDX5	Q14258
A6NDX5	Q14520
A6NDX5	Q14642
A6NDX5	Q14BI2
A6NDX5	Q15057
A6NDX5	Q15195
A6NDX5	Q15382
A6NDX5	Q15935
A6NDX5	Q18297
A6NDX5	Q1XH17
A6NDX5	Q22227
A6NDX5	Q24371
A6NDX5	Q26619
A6NDX5	Q2TB02
A6NDX5	Q32M08
A6NDX5	Q39033
A6NDX5	Q3MID2
A6NDX5	Q3TDN2
A6NDX5	Q3U2C5
A6NDX5	Q3UF64
A6NDX5	Q3UTJ2
A6NDX5	Q3V0C5
A6NDX5	Q496Z2
A6NDX5	Q4G0W2
A6NDX5	Q4KL35
A6NDX5	Q4KM52
A6NDX5	Q4V3C8
A6NDX5	Q4V8A8
A6NDX5	Q501J6
A6NDX5	Q5AD77
A6NDX5	Q5AP97
A6NDX5	Q5BJW9
A6NDX5	Q5D1E7
A6NDX5	Q5EBM4
A6NDX5	Q5SSE9
A6NDX5	Q5SVR0
A6NDX5	Q5T1R4
A6NDX5	Q5TCX8
A6NDX5	Q5TYW2
A6NDX5	Q5U431
A6NDX5	Q5VCS6
A6NDX5	Q60677
A6NDX5	Q60989
A6NDX5	Q61085
A6NDX5	Q61290
A6NDX5	Q61923
A6NDX5	Q62137
A6NDX5	Q62245
A6NDX5	Q62422
A6NDX5	Q62747
A6NDX5	Q9R0N7
A6NDX5	Q62849
A6NDX5	Q63185
A6NDX5	Q63384
A6NDX5	Q640N1
A6NDX5	Q64205
A6NDX5	Q66HL2
A6NDX5	Q68DD2
A6NDX5	Q6AYG5
A6NDX5	Q6AYS7
A6NDX5	Q6DD87
A6NDX5	Q6H8Q1
A6NDX5	Q6IEZ7
A6NDX5	Q6L5D4
A6NDX5	Q6MZW2
A6NDX5	Q6NS57
A6NDX5	Q6NUI1
A6NDX5	Q6NZR5
A6NDX5	Q6P1L6
A6NDX5	Q6P3A4
A6NDX5	Q6P549
A6NDX5	Q6P9P6
A6NDX5	Q6PD29
A6NDX5	Q6PE65
A6NDX5	Q6PFY1
A6NDX5	Q6PJG2
A6NDX5	Q6UWL2
A6NDX5	Q6UXI7
A6NDX5	Q6VNB8
A6NDX5	Q6XE24
A6NDX5	Q6ZFZ4
A6NDX5	Q6ZN04
A6NDX5	Q6ZQA0
A6NDX5	Q6ZRS2
A6NDX5	Q7BBW0
A6NDX5	Q7L5N7
A6NDX5	Q7TNM2
A6NDX5	Q7TPM9
A6NDX5	Q7TSL3
A6NDX5	Q7Z401
A6NDX5	Q7Z4V0
A6NDX5	Q7Z628
A6NDX5	Q7Z7A4
A6NDX5	Q80TZ3
A6NDX5	Q80XJ2
A6NDX5	Q80YA3
A6NDX5	Q811B3
A6NDX5	Q83KR7
A6NDX5	P0A9X1
A6NDX5	Q863I2
A6NDX5	Q86SQ3
A6NDX5	Q86UN2
A6NDX5	Q86VR7
A6NDX5	Q86WH2
A6NDX5	Q86XW9
A6NDX5	Q8BG51
A6NDX5	Q8BGU5
A6NDX5	Q8BH35
A6NDX5	Q8BKR5
A6NDX5	Q8BMA3
A6NDX5	Q8BTM9
A6NDX5	Q8BUM9
A6NDX5	Q8BZ05
A6NDX5	Q8C008
A6NDX5	Q8C0R0
A6NDX5	Q8C2S7
A6NDX5	Q8C7R4
A6NDX5	Q8CBW4
A6NDX5	Q8CDA1
A6NDX5	Q8CFH6
A6NDX5	Q8CGC6
A6NDX5	Q8CHT1
A6NDX5	Q8CIE4
A6NDX5	Q8GXX7
A6NDX5	Q8I0P7
A6NDX5	Q8IMA8
A6NDX5	Q8IU89
A6NDX5	Q8IUY3
A6NDX5	Q8IY21
A6NDX5	Q8IYT2
A6NDX5	Q8IZC7
A6NDX5	Q8JZU0
A6NDX5	Q8K0C4
A6NDX5	Q8K3R3
A6NDX5	Q8L829
A6NDX5	Q8N136
A6NDX5	Q8N1T3
A6NDX5	Q8N302
A6NDX5	Q8N4N3
A6NDX5	Q8N5H7
A6NDX5	Q8N752
A6NDX5	Q8N819
A6NDX5	Q8N8U9
A6NDX5	Q8N9L1
A6NDX5	Q8NB90
A6NDX5	Q8NCQ5
A6NDX5	Q8NDI1
A6NDX5	Q8NG97
A6NDX5	Q8NGS6
A6NDX5	Q8NHM4
A6NDX5	Q8NI77
A6NDX5	Q8QZV1
A6NDX5	Q8R418
A6NDX5	Q8RWL6
A6NDX5	Q8TAB3
A6NDX5	Q8TAT5
A6NDX5	Q8TC99
A6NDX5	Q8TD19
A6NDX5	Q8TEB1
A6NDX5	Q8TF39
A6NDX5	Q8VCQ6
A6NDX5	Q8VE98
A6NDX5	Q8VHC5
A6NDX5	Q8VID1
A6NDX5	Q8VYS8
A6NDX5	Q8WQC0
A6NDX5	Q8WUA2
A6NDX5	Q8WWN8
A6NDX5	Q91VJ4
A6NDX5	Q91VY9
A6NDX5	Q91WD0
A6NDX5	Q91XZ2
A6NDX5	Q91Z38
A6NDX5	Q920G3
A6NDX5	Q922B1
A6NDX5	Q922S8
A6NDX5	Q924I2
A6NDX5	Q92520
A6NDX5	Q92576
A6NDX5	Q92614
A6NDX5	Q92736
A6NDX5	Q92830
A6NDX5	Q92928
A6NDX5	Q92P76
A6NDX5	Q93379
A6NDX5	Q93YQ1
A6NDX5	Q94527
A6NDX5	Q95RX5
A6NDX5	Q960Z0
A6NDX5	Q96AG4
A6NDX5	Q96CM8
A6NDX5	Q96DB2
A6NDX5	Q96EP5
A6NDX5	Q96HH9
A6NDX5	Q96JP9
A6NDX5	Q96L73
A6NDX5	Q96MU6
A6NDX5	Q96P50
A6NDX5	Q96R84
A6NDX5	Q96RU8
A6NDX5	Q99104
A6NDX5	Q99614
A6NDX5	Q99856
A6NDX5	Q99PI8
A6NDX5	Q9BRP0
A6NDX5	Q9BTT0
A6NDX5	Q9BUG6
A6NDX5	Q9BXC1
A6NDX5	Q9BXS0
A6NDX5	Q9C0B0
A6NDX5	Q9C5T4
A6NDX5	Q9C9U4
A6NDX5	Q9CR56
A6NDX5	Q9D061
A6NDX5	Q9D3X9
A6NDX5	Q9D805
A6NDX5	Q9DBB1
A6NDX5	Q9DBY1
A6NDX5	Q9EPX2
A6NDX5	Q9ER58
A6NDX5	Q9ERI6
A6NDX5	Q9ES34
A6NDX5	Q9ESG9
A6NDX5	Q9ESZ0
A6NDX5	Q9FKD6
A6NDX5	Q9GZW5
A6NDX5	Q9H2X6
A6NDX5	Q9H4B6
A6NDX5	Q9H7N4
A6NDX5	Q9H8E8
A6NDX5	Q9H963
A6NDX5	Q9HBA9
A6NDX5	Q9HBW9
A6NDX5	Q9HCG1
A6NDX5	Q9JHX2
A6NDX5	Q9JIR3
A6NDX5	Q9JJ50
A6NDX5	Q9JK25
A6NDX5	Q9LFA3
A6NDX5	Q9LQI9
A6NDX5	Q9M1Q9
A6NDX5	Q9M895
A6NDX5	Q9NEW6
A6NDX5	Q9NP66
A6NDX5	Q9NPC8
A6NDX5	Q9NQI0
A6NDX5	Q9NQZ8
A6NDX5	Q9NS61
A6NDX5	Q9NV06
A6NDX5	Q9NVM1
A6NDX5	Q9NYK1
A6NDX5	Q9NYW8
A6NDX5	Q9NZT1
A6NDX5	Q9P0L9
A6NDX5	Q9P1V8
A6NDX5	Q9P286
A6NDX5	Q9P2K5
A6NDX5	Q9P7J7
A6NDX5	Q9QY02
A6NDX5	Q9QYE0
A6NDX5	Q9QZA2
A6NDX5	Q9QZN4
A6NDX5	Q9R049
A6NDX5	Q9R1L5
A6NDX5	Q9SEI4
A6NDX5	Q9SJA6
A6NDX5	Q9SUM3
A6NDX5	Q9UBI4
A6NDX5	Q9UBS8
A6NDX5	Q9UDX4
A6NDX5	Q9UG63
A6NDX5	Q9UI40
A6NDX5	Q9UJU5
A6NDX5	Q9UK73
A6NDX5	Q9ULB5
A6NDX5	Q9ULZ9
A6NDX5	Q9UNP9
A6NDX5	Q9UPQ3
A6NDX5	Q9V3V0
A6NDX5	Q9V5M6
A6NDX5	Q9VBB3
A6NDX5	Q9VJN5
A6NDX5	Q9VVI3
A6NDX5	Q9VWN5
A6NDX5	Q9W1H4
A6NDX5	Q9WU22
A6NDX5	Q9WUF2
A6NDX5	Q9WV02
A6NDX5	Q9WVK8
A6NDX5	Q9XTY6
A6NDX5	Q9Y216
A6NDX5	Q9Y2L1
A6NDX5	Q9Y4J8
A6NDX5	Q9Y5G4
A6NDX5	Q9Y5P4
A6NDX5	Q9Y5Y2
A6NDX5	Q9Y6I4
A6NDX5	Q9Y6R7
A6NDX5	Q9Z101
A6NDX5	Q9Z1B3
A6NDX5	Q9Z1N2
A6NDX5	Q9Z1Y3
A6NDX5	Q9ZUM0
A6NDX5	V6CLP5
A6NDX5	A3AB67
A6NDX5	A3LN86
A6NDX5	A5DLR3
A6NDX5	A6K136
A6NDX5	A6NFK2
A6NDX5	A6NK02
A6NDX5	A7KVC2
A6NDX5	A7TIP6
A6NDX5	A7TR10
A6NDX5	B0R0I6
A6NDX5	B3H6Z8
A6NDX5	B7WN72
A6NDX5	B9FS74
A6NDX5	C0SUT9
A6NDX5	C9JPN9
A6NDX5	D6R901
A6NDX5	D4A4Q2
A6NDX5	F4HPR5
A6NDX5	F4IDQ6
A6NDX5	F4IUG9
A6NDX5	F4JNA9
A6NDX5	F4K5X6
A6NDX5	F8WLE0
A6NDX5	G3X9P6
A6NDX5	G4NEB1
A6NDX5	G5EDW2
A6NDX5	J5JYA0
A6NDX5	O04193
A6NDX5	O08721
A6NDX5	O13839
A6NDX5	O15757
A6NDX5	O22042
A6NDX5	O23160
A6NDX5	O35239
A6NDX5	O42872
A6NDX5	O55193
A6NDX5	O59751
A6NDX5	O61847
A6NDX5	O65479
A6NDX5	O70141
A6NDX5	O74833
A6NDX5	O80450
A6NDX5	O80654
A6NDX5	O81069
A6NDX5	O81831
A6NDX5	O88848
A6NDX5	O94269
A6NDX5	O94515
A6NDX5	O94657
A6NDX5	P01649
A6NDX5	P01799
A6NDX5	P02574
A6NDX5	P06776
A6NDX5	P08644
A6NDX5	P32883
A6NDX5	P0C2G4
A6NDX5	P0CB16
A6NDX5	P0CI71
A6NDX5	P0DP03
A6NDX5	P01768
A6NDX5	P15357
A6NDX5	P16259
A6NDX5	P18302
A6NDX5	P19073
A6NDX5	P21812
A6NDX5	P22462
A6NDX5	P23398
A6NDX5	P24067
A6NDX5	P25859
A6NDX5	P32253
A6NDX5	P34960
A6NDX5	P35500
A6NDX5	P36586
A6NDX5	P41318
A6NDX5	P42000
A6NDX5	P48467
A6NDX5	P49597
A6NDX5	P50052
A6NDX5	P50543
A6NDX5	P54696
A6NDX5	P57727
A6NDX5	P59024
A6NDX5	P63120
A6NDX5	P70549
A6NDX5	P86397
A6NDX5	P92994
A6NDX5	Q09173
A6NDX5	Q09811
A6NDX5	Q0D598
A6NDX5	A2YMV6
A6NDX5	Q0DNU1
A6NDX5	Q0WVU3
A6NDX5	Q10105
A6NDX5	Q19AZ8
A6NDX5	Q1ZXE1
A6NDX5	Q20728
A6NDX5	Q23045
A6NDX5	Q2HW56
A6NDX5	Q39102
A6NDX5	Q43255
A6NDX5	Q6RET7
A6NDX5	Q2QZF2
A6NDX5	Q91ZC6
A6NDX5	Q92376
A6NDX5	Q940Y1
A6NDX5	Q94B77
A6NDX5	Q99JH7
A6NDX5	Q99MA9
A6NDX5	O35762
A6NDX5	Q99PH1
A6NDX5	Q9BY64
A6NDX5	Q9BZR6
A6NDX5	Q9C6M5
A6NDX5	Q9C7G1
A6NDX5	Q9C835
A6NDX5	Q9C9G2
A6NDX5	Q9CAH1
A6NDX5	Q9D2L6
A6NDX5	Q9D700
A6NDX5	Q9DCK4
A6NDX5	Q9FGR9
A6NDX5	Q9FHF0
A6NDX5	Q9FIG1
A6NDX5	Q9FK91
A6NDX5	Q9FLZ3
A6NDX5	Q9FN93
A6NDX5	Q9FPS2
A6NDX5	Q9FT77
A6NDX5	Q9FZ59
A6NDX5	Q9H3S3
A6NDX5	Q9HAR2
A6NDX5	Q9HAR2
A6NDX5	Q9JJ59
A6NDX5	Q9JKF8
A6NDX5	O35626
A6NDX5	Q9LDT0
A6NDX5	Q9LFL7
A6NDX5	Q9LHA8
A6NDX5	Q9LID6
A6NDX5	Q9LMK7
A6NDX5	Q9LPC6
A6NDX5	Q9LQ31
A6NDX5	Q9LS26
A6NDX5	Q9LSJ6
A6NDX5	Q9LT45
A6NDX5	Q9LTQ0
A6NDX5	Q9LUC9
A6NDX5	Q9LUW0
A6NDX5	Q9LXW7
A6NDX5	Q9M0S8
A6NDX5	Q9M2V5
A6NDX5	Q9M7I2
A6NDX5	Q9M9B2
A6NDX5	Q9MA56
A6NDX5	Q9NGQ2
A6NDX5	Q9NRD0
A6NDX5	Q9QYZ6
A6NDX5	Q9S752
A6NDX5	Q9S9Z7
A6NDX5	Q9SAR5
A6NDX5	Q9SCU5
A6NDX5	Q9SH25
A6NDX5	Q9SIY8
A6NDX5	Q9SKX0
A6NDX5	Q9SU05
A6NDX5	Q9SVA3
A6NDX5	Q9SW11
A6NDX5	Q9SXC9
A6NDX5	Q9SZZ9
A6NDX5	Q9T0K7
A6NDX5	Q9USR3
A6NDX5	Q9UTA1
A6NDX5	Q9VS29
A6NDX5	Q9WTZ3
A6NDX5	Q9Y275
A6NDX5	Q9Y5E1
A6NDX5	Q9Z1L4
A6NDX5	Q9ZNT0
A6NDX5	Q9ZQR3
A6NDX5	Q9ZT71
A6NDX5	Q9ZV29
A6NDX5	Q9ZVH8
A6NDX5	Q9ZW91
A6NDX5	A0A075B6Q5
A6NDX5	A0A096LPK9
A6NDX5	A0A0B4J265
A6NDX5	A0A0C4DH68
A6NDX5	A0A0K0K1E9
A6NDX5	A0A1B0GTS1
A6NDX5	A0A1B0GWH4
A6NDX5	A1A5Q0
A6NDX5	A1L112
A6NDX5	A1YPR0
A6NDX5	A1ZAW0
A6NDX5	A2AKY4
A6NDX5	A2ARV4
A6NDX5	A2CG63
A6NDX5	A6NHN0
A6NDX5	A6NLU0
A6NDX5	A8MQ14
A6NDX5	B1AX39
A6NDX5	B1XI63
A6NDX5	B2RYN7
A6NDX5	B7WN96
A6NDX5	D0VWM8
A6NDX5	D3ZEY0
A6NDX5	D3ZQL6
A6NDX5	D3ZZN9
A6NDX5	D4ABX8
A6NDX5	E5RHQ5
A6NDX5	E9PW05
A6NDX5	E9Q394
A6NDX5	F1LP90
A6NDX5	F7BJB9
A6NDX5	G3V8T1
A6NDX5	G5EFV5
A6NDX5	M0R7T9
A6NDX5	O00311
A6NDX5	O00470
A6NDX5	Q60954
A6NDX5	O00622
A6NDX5	O01761
A6NDX5	O08617
A6NDX5	O13633
A6NDX5	O14176
A6NDX5	O14827
A6NDX5	O14976
A6NDX5	O15297
A6NDX5	O15417
A6NDX5	O15530
A6NDX5	O22476
A6NDX5	O34512
A6NDX5	O35491
A6NDX5	O35806
A6NDX5	O35930
A6NDX5	O43187
A6NDX5	O43613
A6NDX5	O43745
A6NDX5	O48788
A6NDX5	O53547
A6NDX5	O55033
A6NDX5	O60016
A6NDX5	O60412
A6NDX5	O60759
A6NDX5	O70137
A6NDX5	O70445
A6NDX5	O70589
A6NDX5	O14936
A6NDX5	O74362
A6NDX5	O74555
A6NDX5	O75095
A6NDX5	O75467
A6NDX5	O75593
A6NDX5	O88282
A6NDX5	O88447
A6NDX5	O88553
A6NDX5	O88685
A6NDX5	O88831
A6NDX5	O94248
A6NDX5	O94812
A6NDX5	O95136
A6NDX5	O95219
A6NDX5	O95342
A6NDX5	O95573
A6NDX5	O97394
A6NDX5	P00517
A6NDX5	P00734
A6NDX5	P02259
A6NDX5	P02719
A6NDX5	P04004
A6NDX5	P04839
A6NDX5	P05759
A6NDX5	P06494
A6NDX5	P06731
A6NDX5	P08104
A6NDX5	P08483
A6NDX5	P08648
A6NDX5	P09021
A6NDX5	P09581
A6NDX5	P09758
A6NDX5	P0C061
A6NDX5	P0C6S7
A6NDX5	P0C881
A6NDX5	P0DN37
A6NDX5	P10569
A6NDX5	P11617
A6NDX5	P12314
A6NDX5	P12657
A6NDX5	P08482
A6NDX5	P12960
A6NDX5	P13185
A6NDX5	P15215
A6NDX5	P15531
A6NDX5	P15814
A6NDX5	P16054
A6NDX5	P09216
A6NDX5	P17012
A6NDX5	P17764
A6NDX5	P18031
A6NDX5	P18867
A6NDX5	P19538
A6NDX5	P20448
A6NDX5	P20689
A6NDX5	P20852
A6NDX5	P21462
A6NDX5	P22607
A6NDX5	P22809
A6NDX5	P23678
A6NDX5	P24135
A6NDX5	P24782
A6NDX5	P25171
A6NDX5	P25962
A6NDX5	P26255
A6NDX5	P27450
A6NDX5	P27658
A6NDX5	P28742
A6NDX5	P29089
A6NDX5	P29350
A6NDX5	P29476
A6NDX5	P30415
A6NDX5	P30625
A6NDX5	P31386
A6NDX5	P32019
A6NDX5	P32249
A6NDX5	P32343
A6NDX5	P32490
A6NDX5	P32568
A6NDX5	P32790
A6NDX5	P33329
A6NDX5	P34540
A6NDX5	P34689
A6NDX5	P35294
A6NDX5	P36004
A6NDX5	P36583
A6NDX5	P36898
A6NDX5	P37913
A6NDX5	P38146
A6NDX5	P39002
A6NDX5	P39429
A6NDX5	P40328
A6NDX5	P40413
A6NDX5	P40471
A6NDX5	P40798
A6NDX5	P41233
A6NDX5	P42567
A6NDX5	P43078
A6NDX5	P46152
A6NDX5	P46550
A6NDX5	P46680
A6NDX5	P48059
A6NDX5	Q99JW4
A6NDX5	P48303
A6NDX5	P48643
A6NDX5	P49238
A6NDX5	P49757
A6NDX5	P50222
A6NDX5	P51116
A6NDX5	P51592
A6NDX5	P51686
A6NDX5	P53049
A6NDX5	P53115
A6NDX5	P53756
A6NDX5	P54269
A6NDX5	P54791
A6NDX5	P57752
A6NDX5	P59222
A6NDX5	P61019
A6NDX5	P62942
A6NDX5	P69332
A6NDX5	P70206
A6NDX5	P70313
A6NDX5	P70408
A6NDX5	P73204
A6NDX5	P78504
A6NDX5	P80205
A6NDX5	P86448
A6NDX5	P87157
A6NDX5	P91001
A6NDX5	P92186
A6NDX5	P97864
A6NDX5	P98156
A6NDX5	P9WI63
A6NDX5	P9WI62
A6NDX5	P9WJA9
A6NDX5	P9WJA8
A6NDX5	P9WNP5
A6NDX5	Q00059
A6NDX5	Q00547
A6NDX5	Q00796
A6NDX5	Q01063
A6NDX5	Q01337
A6NDX5	Q01621
A6NDX5	Q01815
A6NDX5	Q01995
A6NDX5	Q02246
A6NDX5	Q02486
A6NDX5	Q02759
A6NDX5	Q02FR1
A6NDX5	Q03002
A6NDX5	Q03142
A6NDX5	Q03924
A6NDX5	Q04652
A6NDX5	Q04890
A6NDX5	Q05558
A6NDX5	Q05823
A6NDX5	Q05946
A6NDX5	Q06440
A6NDX5	Q06682
A6NDX5	Q06834
A6NDX5	Q07133
A6NDX5	Q08001
A6NDX5	Q08211
A6NDX5	Q08499
A6NDX5	Q08723
A6NDX5	Q09081
A6NDX5	Q09475
A6NDX5	Q09690
A6NDX5	Q0G819
A6NDX5	Q0ZGT2
A6NDX5	Q10277
A6NDX5	Q10664
A6NDX5	Q12163
A6NDX5	Q12509
A6NDX5	Q12756
A6NDX5	Q12986
A6NDX5	Q13117
A6NDX5	Q13424
A6NDX5	Q13614
A6NDX5	Q13796
A6NDX5	Q14011
A6NDX5	Q14524
A6NDX5	Q14643
A6NDX5	Q14964
A6NDX5	Q14BI7
A6NDX5	Q15058
A6NDX5	Q15386
A6NDX5	Q15678
A6NDX5	Q15937
A6NDX5	Q18409
A6NDX5	Q19317
A6NDX5	Q1A3B0
A6NDX5	Q22271
A6NDX5	Q23232
A6NDX5	Q24372
A6NDX5	Q28147
A6NDX5	Q29983
A6NDX5	Q2KI85
A6NDX5	Q2PJ68
A6NDX5	Q2TB10
A6NDX5	Q3B8P2
A6NDX5	Q3KE48
A6NDX5	Q3KRE0
A6NDX5	Q3MID3
A6NDX5	Q3U0B3
A6NDX5	Q3U2E2
A6NDX5	Q3U7R1
A6NDX5	Q3UMG5
A6NDX5	Q3UQS8
A6NDX5	Q3UTQ7
A6NDX5	Q3V3V9
A6NDX5	Q4G0X4
A6NDX5	Q4V3D3
A6NDX5	Q4VA44
A6NDX5	Q50H33
A6NDX5	Q53EU6
A6NDX5	Q53QZ3
A6NDX5	Q55318
A6NDX5	Q55791
A6NDX5	Q59PE4
A6NDX5	Q5AJ82
A6NDX5	Q5APA2
A6NDX5	Q5D1E8
A6NDX5	Q5DU31
A6NDX5	Q5EBP3
A6NDX5	Q5M9G3
A6NDX5	Q5PXT2
A6NDX5	Q5RJH2
A6NDX5	Q5SSG5
A6NDX5	Q96S79
A6NDX5	Q5SYB0
A6NDX5	Q5T1V6
A6NDX5	Q5T8P6
A6NDX5	Q5TCY1
A6NDX5	Q5U458
A6NDX5	Q5VIY5
A6NDX5	Q5VWW1
A6NDX5	Q5W041
A6NDX5	Q5XIK2
A6NDX5	Q5XIX0
A6NDX5	Q5Z754
A6NDX5	Q60680
A6NDX5	Q60778
A6NDX5	Q60879
A6NDX5	Q60991
A6NDX5	Q61086
A6NDX5	Q61738
A6NDX5	Q62141
A6NDX5	Q62255
A6NDX5	Q63699
A6NDX5	Q63932
A6NDX5	Q640N2
A6NDX5	Q64213
A6NDX5	Q659C4
A6NDX5	Q66H76
A6NDX5	Q69Z98
A6NDX5	Q6DD88
A6NDX5	Q6FIF0
A6NDX5	Q6HA08
A6NDX5	Q6IF00
A6NDX5	Q6L5F7
A6NDX5	Q6MZZ7
A6NDX5	Q6NZY7
A6NDX5	Q6P560
A6NDX5	Q6P9P8
A6NDX5	Q6PB90
A6NDX5	Q6PFY8
A6NDX5	Q6PHZ5
A6NDX5	Q6Q6R5
A6NDX5	Q6R5N8
A6NDX5	Q6U6G5
A6NDX5	Q3TIV5
A6NDX5	Q6UWL6
A6NDX5	Q6UXK2
A6NDX5	Q6XFR6
A6NDX5	Q6ZN06
A6NDX5	Q6ZPE2
A6NDX5	Q71UE8
A6NDX5	P29595
A6NDX5	Q76KF0
A6NDX5	Q7KQL3
A6NDX5	Q7TSN7
A6NDX5	Q7Z333
A6NDX5	Q7Z4W1
A6NDX5	Q7Z7B0
A6NDX5	Q80XJ3
A6NDX5	Q80Z30
A6NDX5	Q83S18
A6NDX5	Q86UN3
A6NDX5	Q86V35
A6NDX5	Q91ZM8
A6NDX5	Q86WI1
A6NDX5	Q86XX4
A6NDX5	Q86YQ8
A6NDX5	Q8BGV3
A6NDX5	Q8BIJ7
A6NDX5	Q8BMT4
A6NDX5	Q8BPB5
A6NDX5	Q8BSF4
A6NDX5	Q8BVK9
A6NDX5	Q8BWD8
A6NDX5	Q8BX57
A6NDX5	Q8BY98
A6NDX5	Q8BZ10
A6NDX5	Q8C015
A6NDX5	Q8C0R9
A6NDX5	Q8C351
A6NDX5	Q8C4X2
A6NDX5	Q8CA95
A6NDX5	Q8CDB0
A6NDX5	Q8CFI0
A6NDX5	Q8CH02
A6NDX5	Q8CJ67
A6NDX5	Q8GXZ3
A6NDX5	Q8I113
A6NDX5	Q8IN81
A6NDX5	Q8IUA0
A6NDX5	Q8IVH8
A6NDX5	Q8IZD0
A6NDX5	Q8IZT6
A6NDX5	Q8K3V3
A6NDX5	Q8K4V4
A6NDX5	Q3UHD6
A6NDX5	Q8LPR8
A6NDX5	Q8N139
A6NDX5	Q8N1V2
A6NDX5	Q8N4N8
A6NDX5	Q8N823
A6NDX5	Q8NC06
A6NDX5	Q8NEZ3
A6NDX5	Q8NFT8
A6NDX5	Q8NGA1
A6NDX5	Q8NGS7
A6NDX5	Q8NHM5
A6NDX5	Q8NI99
A6NDX5	Q8QZV4
A6NDX5	Q8R0F5
A6NDX5	Q8R123
A6NDX5	Q8R1J3
A6NDX5	Q8R2R5
A6NDX5	Q8R3C6
A6NDX5	Q8R420
A6NDX5	Q8RWN5
A6NDX5	Q8TBM8
A6NDX5	Q8TCA0
A6NDX5	Q8TDQ0
A6NDX5	Q8VCC8
A6NDX5	Q8VCR2
A6NDX5	Q8VHE0
A6NDX5	Q8VHT7
A6NDX5	Q8VID5
A6NDX5	Q8VYT3
A6NDX5	Q8WQC9
A6NDX5	Q8WVS4
A6NDX5	Q8WXG6
A6NDX5	Q91VZ6
A6NDX5	Q91X97
A6NDX5	P61601
A6NDX5	Q91Y13
A6NDX5	Q91Z46
A6NDX5	Q920G9
A6NDX5	Q921E6
A6NDX5	O75530
A6NDX5	Q922T2
A6NDX5	Q923J1
A6NDX5	Q924K2
A6NDX5	Q92616
A6NDX5	Q92831
A6NDX5	Q92930
A6NDX5	Q92Q54
A6NDX5	Q93YR3
A6NDX5	Q94535
A6NDX5	Q95216
A6NDX5	Q969F8
A6NDX5	Q969S2
A6NDX5	Q969S2
A6NDX5	Q96A23
A6NDX5	Q96B97
A6NDX5	Q96CN5
A6NDX5	Q96JA1
A6NDX5	Q96JQ0
A6NDX5	Q96KN2
A6NDX5	Q96L92
A6NDX5	Q96LW1
A6NDX5	Q96MU7
A6NDX5	Q96NI6
A6NDX5	Q96P53
A6NDX5	Q96PN7
A6NDX5	Q96QB1
A6NDX5	Q96RC9
A6NDX5	Q96WV9
A6NDX5	Q99518
A6NDX5	Q99615
A6NDX5	Q99726
A6NDX5	Q99K28
A6NDX5	Q99PJ1
A6NDX5	Q9BRP1
A6NDX5	Q9BSW7
A6NDX5	Q9BV47
A6NDX5	Q9BY66
A6NDX5	Q9BYT3
A6NDX5	Q9BZD6
A6NDX5	Q9BZR9
A6NDX5	Q9C0K3
A6NDX5	Q9C5U0
A6NDX5	Q9C9U8
A6NDX5	Q9CQI6
A6NDX5	Q9CS72
A6NDX5	Q9D2Y5
A6NDX5	Q9D411
A6NDX5	Q9D816
A6NDX5	Q9DBN5
A6NDX5	Q9DBY5
A6NDX5	Q9EPX4
A6NDX5	Q9ER60
A6NDX5	Q9ERK0
A6NDX5	Q9ESI7
A6NDX5	Q9FGM0
A6NDX5	Q9GZP0
A6NDX5	Q9H0B3
A6NDX5	Q9H2D6
A6NDX5	Q9H2Y7
A6NDX5	Q9H596
A6NDX5	Q9H6B4
A6NDX5	Q9H8G1
A6NDX5	Q9HBX9
A6NDX5	Q9JHX3
A6NDX5	Q9JIB3
A6NDX5	Q9JIR4
A6NDX5	Q9JJ54
A6NDX5	Q9JLS3
A6NDX5	Q9JM96
A6NDX5	Q9KWU4
A6NDX5	Q9LJH8
A6NDX5	Q9LTX2
A6NDX5	Q9N3Z3
A6NDX5	Q9NEZ5
A6NDX5	Q9NPD3
A6NDX5	Q9NRR4
A6NDX5	Q9NS62
A6NDX5	Q9NSV4
A6NDX5	Q9NUE0
A6NDX5	Q9NVM4
A6NDX5	Q9NXZ2
A6NDX5	Q9P2K6
A6NDX5	Q9P7J8
A6NDX5	Q9QUP5
A6NDX5	Q9QX74
A6NDX5	Q9QY06
A6NDX5	Q9QYE3
A6NDX5	Q9H165
A6NDX5	Q9QZB0
A6NDX5	Q9QZN9
A6NDX5	Q9R050
A6NDX5	Q9R0Z9
A6NDX5	Q9S9K7
A6NDX5	Q9SEU4
A6NDX5	Q9SUP7
A6NDX5	Q9UH65
A6NDX5	Q9UJU6
A6NDX5	Q9UK80
A6NDX5	Q9UKY1
A6NDX5	Q9UN66
A6NDX5	Q9UNQ0
A6NDX5	Q9UPQ4
A6NDX5	Q9UQ72
A6NDX5	Q9V5N8
A6NDX5	Q9V9N4
A6NDX5	Q9VBC4
A6NDX5	Q9VCT9
A6NDX5	Q9VGE3
A6NDX5	Q9VJN9
A6NDX5	Q9VL06
A6NDX5	Q9VNV3
A6NDX5	Q9VSH4
A6NDX5	Q9WTS2
A6NDX5	Q6EV76
A6NDX5	Q9XF67
A6NDX5	Q9XUB2
A6NDX5	Q9Y219
A6NDX5	Q9Y271
A6NDX5	Q9Y4K0
A6NDX5	Q9Y585
A6NDX5	Q9Y5G5
A6NDX5	Q9Y5Y4
A6NDX5	Q9Y692
A6NDX5	Q9Y6I7
A6NDX5	Q9Y6I7
A6NDX5	Q9Y6S9
A6NDX5	Q9YNA8
A6NDX5	Q9Z0N2
A6NDX5	Q9Z108
A6NDX5	Q9Z1N3
A6NDX5	Q9Z1Y4
A6NDX5	Q9Z2U2
A6NDX5	A2ARP9
A6NDX5	A2WNF5
A6NDX5	A3AF13
A6NDX5	A2XDG4
A6NDX5	A3LNR6
A6NDX5	A4RF61
A6NDX5	A5DB75
A6NDX5	A7TIZ4
A6NDX5	A8DYP0
A6NDX5	A8JAN3
A6NDX5	A8MU46
A6NDX5	A9S9Q8
A6NDX5	B0S6J3
A6NDX5	B2GV72
A6NDX5	B9FTR1
A6NDX5	D4A523
A6NDX5	F1Q8C3
A6NDX5	F4HPZ9
A6NDX5	F4IL57
A6NDX5	F4J2K4
A6NDX5	F4JNB7
A6NDX5	F4K0A6
A6NDX5	F4K6B8
A6NDX5	F4K6B8
A6NDX5	F4KFX5
A6NDX5	G3X9X1
A6NDX5	G4NEB8
A6NDX5	H2KZM6
A6NDX5	O00634
A6NDX5	O04532
A6NDX5	O08755
A6NDX5	O14270
A6NDX5	O15818
A6NDX5	O22048
A6NDX5	O22467
A6NDX5	O23166
A6NDX5	O42894
A6NDX5	O44952
A6NDX5	O48682
A6NDX5	O54743
A6NDX5	O60177
A6NDX5	O64642
A6NDX5	O65482
A6NDX5	O70142
A6NDX5	O74522
A6NDX5	O76000
A6NDX5	O81833
A6NDX5	O94374
A6NDX5	O95371
A6NDX5	P01650
A6NDX5	P01800
A6NDX5	P02582
A6NDX5	P04109
A6NDX5	P05538
A6NDX5	P08647
A6NDX5	P09650
A6NDX5	P0CG09
A6NDX5	P0DJD4
A6NDX5	P0DJD3
A6NDX5	P0DP04
A6NDX5	P10610
A6NDX5	P14106
A6NDX5	P15393
A6NDX5	P20929
A6NDX5	P22467
A6NDX5	P23435
A6NDX5	P25318
A6NDX5	P26992
A6NDX5	P28737
A6NDX5	P30412
A6NDX5	P34243
A6NDX5	P34544
A6NDX5	P34981
A6NDX5	P35503
A6NDX5	P36113
A6NDX5	P36587
A6NDX5	P38417
A6NDX5	P40617
A6NDX5	P41344
A6NDX5	P43137
A6NDX5	P46465
A6NDX5	P47948
A6NDX5	P48479
A6NDX5	P49598
A6NDX5	P54697
A6NDX5	P59583
A6NDX5	P63133
A6NDX5	P78972
A6NDX5	P83774
A6NDX5	P91943
A6NDX5	P91943
A6NDX5	P98064
A6NDX5	Q01887
A6NDX5	Q02784
A6NDX5	Q05793
A6NDX5	Q09176
A6NDX5	Q0D5G4
A6NDX5	Q0DV28
A6NDX5	Q10410
A6NDX5	Q10AZ4
A6NDX5	A2XNS1
A6NDX5	Q10SC8
A6NDX5	Q13461
A6NDX5	Q16609
A6NDX5	Q1K7M0
A6NDX5	Q27965
A6NDX5	Q2HWD6
A6NDX5	Q2PP75
A6NDX5	Q38813
A6NDX5	Q39238
A6NDX5	Q3UND0
A6NDX5	Q3UND0
A6NDX5	Q3UWZ0
A6NDX5	Q42524
A6NDX5	Q496M5
A6NDX5	Q4V8E9
A6NDX5	Q6ZPK0
A6NDX5	A0A0P0VIP0
A6NDX5	P86686
A6NDX5	Q2R560
A6NDX5	Q925S8
A6NDX5	Q940Y3
A6NDX5	Q944Q0
A6NDX5	Q949Y0
A6NDX5	Q94AD8
A6NDX5	Q94CF0
A6NDX5	Q95YL5
A6NDX5	Q96C74
A6NDX5	Q99344
A6NDX5	Q99PJ0
A6NDX5	Q9BLJ6
A6NDX5	Q9BY79
A6NDX5	Q9C4Z6
A6NDX5	Q9C5J3
A6NDX5	Q9C646
A6NDX5	Q9C8U9
A6NDX5	Q9D0R4
A6NDX5	Q9D701
A6NDX5	Q9D9J3
A6NDX5	Q9ERS1
A6NDX5	Q9FGC4
A6NDX5	Q9FGS0
A6NDX5	Q9FHF1
A6NDX5	Q9FI19
A6NDX5	Q9FIG2
A6NDX5	Q9FKW0
A6NDX5	Q9FLD5
A6NDX5	Q9FN94
A6NDX5	Q9FPS9
A6NDX5	Q9FT92
A6NDX5	Q9FVV9
A6NDX5	Q9HAV5
A6NDX5	Q9HE09
A6NDX5	Q9JKJ9
A6NDX5	Q9LFN6
A6NDX5	Q9LK10
A6NDX5	Q9LNC6
A6NDX5	Q9LS28
A6NDX5	Q9LSJ8
A6NDX5	Q9LT47
A6NDX5	Q9LUW5
A6NDX5	Q9LXX3
A6NDX5	Q9M047
A6NDX5	Q9M2V6
A6NDX5	Q9M9B3
A6NDX5	Q9MA60
A6NDX5	Q9NGW9
A6NDX5	Q9NXK8
A6NDX5	Q9R0Q2
A6NDX5	Q9S7T1
A6NDX5	Q9SAB3
A6NDX5	Q9SAV0
A6NDX5	Q9SEH3
A6NDX5	Q9FPJ4
A6NDX5	Q9SJK6
A6NDX5	Q9SK64
A6NDX5	Q9SPN3
A6NDX5	Q9SR59
A6NDX5	Q9SSE5
A6NDX5	Q9STE5
A6NDX5	Q9SU08
A6NDX5	Q9SW17
A6NDX5	Q9U7D5
A6NDX5	Q9UIH9
A6NDX5	Q9VIV2
A6NDX5	Q9W1V1
A6NDX5	Q9WVR7
A6NDX5	Q9XGC9
A6NDX5	Q9Y5K2
A6NDX5	Q9Y899
A6NDX5	Q9ZPY6
A6NDX5	Q9ZT91
A6NDX5	Q9ZUE0
A6NDX5	Q9ZV31
A6NDX5	Q9ZWA1
A6NDX5	A0A075B6R2
A6NDX5	A0A0B4J268
A6NDX5	A0A0C4DH72
A6NDX5	A0A0K0K1G8
A6NDX5	A0A1D8PKB4
A6NDX5	A0JNJ5
A6NDX5	A1A5R1
A6NDX5	A1L134
A6NDX5	A1YVX4
A6NDX5	A2A884
A6NDX5	A2AL36
A6NDX5	A2CI98
A6NDX5	A5D7H2
A6NDX5	A5YM69
A6NDX5	A6NJL1
A6NDX5	A6NM03
A6NDX5	A6NP11
A6NDX5	A6TEX7
A6NDX5	A8MQ27
A6NDX5	B0BN85
A6NDX5	B2GV87
A6NDX5	B2RYR0
A6NDX5	C0HL12
A6NDX5	C3VPR6
A6NDX5	D0Z5N4
A6NDX5	D3ZEY4
A6NDX5	D3ZZW6
A6NDX5	E7ERA6
A6NDX5	E9Q7P9
A6NDX5	F1LQ48
A6NDX5	F4HYG2
A6NDX5	G5EE01
A6NDX5	O00194
A6NDX5	O01767
A6NDX5	O61789
A6NDX5	O08815
A6NDX5	O13637
A6NDX5	O13788
A6NDX5	O14283
A6NDX5	O14829
A6NDX5	O14978
A6NDX5	O15303
A6NDX5	O15533
A6NDX5	O15533
A6NDX5	O17468
A6NDX5	O22558
A6NDX5	O35260
A6NDX5	O35493
A6NDX5	O35814
A6NDX5	Q60864
A6NDX5	O35942
A6NDX5	O43193
A6NDX5	O43614
A6NDX5	O43749
A6NDX5	O43896
A6NDX5	O45244
A6NDX5	O48814
A6NDX5	O54928
A6NDX5	O55035
A6NDX5	O55170
A6NDX5	O60176
A6NDX5	O60282
A6NDX5	O70291
A6NDX5	O70593
A6NDX5	O74363
A6NDX5	O74452
A6NDX5	O75096
A6NDX5	O75473
A6NDX5	O81445
A6NDX5	O88450
A6NDX5	O88554
A6NDX5	O88833
A6NDX5	O88910
A6NDX5	O89039
A6NDX5	O94929
A6NDX5	O95231
A6NDX5	O95343
A6NDX5	O95600
A6NDX5	O95754
A6NDX5	O95863
A6NDX5	P00374
A6NDX5	P00519
A6NDX5	P00736
A6NDX5	P06525
A6NDX5	P07269
A6NDX5	P07996
A6NDX5	P08485
A6NDX5	P09023
A6NDX5	P09588
A6NDX5	P09759
A6NDX5	P09958
A6NDX5	P0A6P3
A6NDX5	P0A6P1
A6NDX5	P0A972
A6NDX5	P0A9L3
A6NDX5	P0AG70
A6NDX5	P0AG67
A6NDX5	P0C090
A6NDX5	P0C1X8
A6NDX5	P0C8E4
A6NDX5	P10586
A6NDX5	P11044
A6NDX5	P11620
A6NDX5	P12318
A6NDX5	P12660
A6NDX5	P12829
A6NDX5	P13186
A6NDX5	P14210
A6NDX5	P14925
A6NDX5	P15532
A6NDX5	P15823
A6NDX5	P16056
A6NDX5	P16294
A6NDX5	P16446
A6NDX5	P53810
A6NDX5	P16627
A6NDX5	P17014
A6NDX5	P17097
A6NDX5	P18052
A6NDX5	P18614
A6NDX5	P19835
A6NDX5	P20449
A6NDX5	P20853
A6NDX5	P21463
A6NDX5	P22612
A6NDX5	P24470
A6NDX5	P24783
A6NDX5	P25040
A6NDX5	P25172
A6NDX5	P25353
A6NDX5	P25963
A6NDX5	P27124
A6NDX5	P27466
A6NDX5	P28327
A6NDX5	P28743
A6NDX5	P29101
A6NDX5	P29352
A6NDX5	P29477
A6NDX5	P29788
A6NDX5	P30416
A6NDX5	P30626
A6NDX5	P31268
A6NDX5	P31388
A6NDX5	P32020
A6NDX5	P32491
A6NDX5	P32642
A6NDX5	P32926
A6NDX5	P34022
A6NDX5	P34225
A6NDX5	P34342
A6NDX5	P34545
A6NDX5	P35163
A6NDX5	P36005
A6NDX5	P36402
A6NDX5	P38147
A6NDX5	P38712
A6NDX5	P38760
A6NDX5	P39447
A6NDX5	P39880
A6NDX5	P39959
A6NDX5	P40066
A6NDX5	P40517
A6NDX5	P40806
A6NDX5	P41234
A6NDX5	P42932
A6NDX5	P43088
A6NDX5	P43274
A6NDX5	P43574
A6NDX5	P46153
A6NDX5	P46551
A6NDX5	P48060
A6NDX5	P48307
A6NDX5	P48559
A6NDX5	P49760
A6NDX5	P49862
A6NDX5	P50090
A6NDX5	P51122
A6NDX5	P51974
A6NDX5	P52304
A6NDX5	P52925
A6NDX5	P53050
A6NDX5	P53236
A6NDX5	P54275
A6NDX5	P54792
A6NDX5	P55066
A6NDX5	P55249
A6NDX5	P57073
A6NDX5	P58180
A6NDX5	P58459
A6NDX5	P60191
A6NDX5	Q8CIX1
A6NDX5	P61204
A6NDX5	P61205
A6NDX5	P61206
A6NDX5	P62138
A6NDX5	P62137
A6NDX5	P62819
A6NDX5	P63014
A6NDX5	P63013
A6NDX5	P63086
A6NDX5	P63085
A6NDX5	P70208
A6NDX5	P70414
A6NDX5	P72648
A6NDX5	P75354
A6NDX5	P78337
A6NDX5	P80511
A6NDX5	P92199
A6NDX5	P94459
A6NDX5	P97314
A6NDX5	P97603
A6NDX5	P97868
A6NDX5	P98158
A6NDX5	P9WGT3
A6NDX5	P9WGT2
A6NDX5	P9WI65
A6NDX5	P9WJB5
A6NDX5	Q00168
A6NDX5	Q00560
A6NDX5	Q01064
A6NDX5	Q01339
A6NDX5	Q01822
A6NDX5	Q02763
A6NDX5	Q03010
A6NDX5	Q03145
A6NDX5	Q03250
A6NDX5	Q03385
A6NDX5	Q03526
A6NDX5	Q03654
A6NDX5	Q04756
A6NDX5	Q04891
A6NDX5	Q06053
A6NDX5	Q06449
A6NDX5	Q06836
A6NDX5	Q07139
A6NDX5	Q08012
A6NDX5	Q09476
A6NDX5	Q09892
A6NDX5	Q0VGE8
A6NDX5	Q0ZHH6
A6NDX5	Q12000
A6NDX5	Q12344
A6NDX5	Q13118
A6NDX5	Q13425
A6NDX5	Q13615
A6NDX5	Q13797
A6NDX5	Q14012
A6NDX5	Q14289
A6NDX5	Q14651
A6NDX5	Q14966
A6NDX5	Q15059
A6NDX5	Q15208
A6NDX5	Q15942
A6NDX5	Q17330
A6NDX5	Q20059
A6NDX5	Q21360
A6NDX5	Q22366
A6NDX5	Q24120
A6NDX5	Q27268
A6NDX5	Q29RF7
A6NDX5	Q2KIT4
A6NDX5	Q2M3G0
A6NDX5	Q2VWP7
A6NDX5	Q32M78
A6NDX5	Q3E875
A6NDX5	Q3MIE4
A6NDX5	Q3SY52
A6NDX5	Q3U0J8
A6NDX5	Q3UFB7
A6NDX5	Q3UHD9
A6NDX5	Q3UMM4
A6NDX5	Q3UTQ8
A6NDX5	Q45614
A6NDX5	Q499Z4
A6NDX5	Q4JA78
A6NDX5	Q4V622
A6NDX5	Q4VA53
A6NDX5	Q50L41
A6NDX5	Q59Q38
A6NDX5	Q5A5Q6
A6NDX5	Q5D862
A6NDX5	Q5DU37
A6NDX5	Q5H9U9
A6NDX5	Q5I0E8
A6NDX5	Q5JQF8
A6NDX5	Q5JVG2
A6NDX5	Q5M7Z0
A6NDX5	Q5PQM2
A6NDX5	Q5PYH3
A6NDX5	Q5RJH3
A6NDX5	Q5SVZ6
A6NDX5	Q5SYC1
A6NDX5	Q5TCZ1
A6NDX5	Q5U2W5
A6NDX5	Q5VJ70
A6NDX5	Q5VUG0
A6NDX5	Q5VWX1
A6NDX5	Q5XIK5
A6NDX5	Q5XIX3
A6NDX5	Q5Z859
A6NDX5	Q60688
A6NDX5	Q60780
A6NDX5	Q60881
A6NDX5	Q60992
A6NDX5	Q61089
A6NDX5	Q61169
A6NDX5	Q61602
A6NDX5	Q61739
A6NDX5	Q62261
A6NDX5	Q62862
A6NDX5	Q9WVS7
A6NDX5	Q62968
A6NDX5	Q63187
A6NDX5	Q63553
A6NDX5	Q63941
A6NDX5	Q64337
A6NDX5	Q64481
A6NDX5	Q64654
A6NDX5	Q68DI1
A6NDX5	Q6A009
A6NDX5	Q6DE87
A6NDX5	Q6FIU2
A6NDX5	Q6I5Y0
A6NDX5	Q6IF63
A6NDX5	Q6NUI6
A6NDX5	Q6NWV3
A6NDX5	Q6P3K7
A6NDX5	Q6PB97
A6NDX5	Q6PJG9
A6NDX5	Q6R653
A6NDX5	Q6U736
A6NDX5	Q6UXK5
A6NDX5	Q6XKD3
A6NDX5	Q6ZN11
A6NDX5	Q6ZPF3
A6NDX5	Q6ZXV5
A6NDX5	Q78JN3
A6NDX5	Q7L622
A6NDX5	Q7RTR0
A6NDX5	Q7TN12
A6NDX5	Q7TPQ3
A6NDX5	Q7TQN4
A6NDX5	Q7TSP2
A6NDX5	Q7Z569
A6NDX5	Q800K6
A6NDX5	Q80U04
A6NDX5	Q80YA8
A6NDX5	Q80Z32
A6NDX5	Q811D0
A6NDX5	Q83S42
A6NDX5	Q867Z4
A6NDX5	Q86U06
A6NDX5	Q86WI3
A6NDX5	Q86YR6
A6NDX5	Q8BFU7
A6NDX5	Q8BH44
A6NDX5	Q8BHD1
A6NDX5	Q8BIK4
A6NDX5	Q8BMU0
A6NDX5	Q8BQZ5
A6NDX5	Q8BSF5
A6NDX5	Q8BZ20
A6NDX5	Q8C181
A6NDX5	F2Z3T4
A6NDX5	Q8CH09
A6NDX5	Q8CJ91
A6NDX5	Q8GY23
A6NDX5	Q8I4B0
A6NDX5	Q8IN94
A6NDX5	Q8IUA7
A6NDX5	Q8IV01
A6NDX5	Q8IVI9
A6NDX5	Q8IXI1
A6NDX5	Q8IYT8
A6NDX5	Q8IZD2
A6NDX5	Q8K135
A6NDX5	Q8K296
A6NDX5	Q8LPS5
A6NDX5	Q8N1W2
A6NDX5	Q8N309
A6NDX5	Q8N5I3
A6NDX5	Q8N6D2
A6NDX5	Q8N7A1
A6NDX5	Q8N8V4
A6NDX5	Q8N9N2
A6NDX5	Q8NC24
A6NDX5	Q8NEZ4
A6NDX5	Q8NGA8
A6NDX5	Q96R69
A6NDX5	Q8NGS8
A6NDX5	Q8NQJ3
A6NDX5	Q8R0F6
A6NDX5	Q8R124
A6NDX5	Q8R422
A6NDX5	Q8R5A0
A6NDX5	Q8RWN7
A6NDX5	Q8ST83
A6NDX5	Q8TAC1
A6NDX5	Q8TAU3
A6NDX5	Q8TD23
A6NDX5	Q8TEC5
A6NDX5	Q8TF42
A6NDX5	Q8VDU5
A6NDX5	Q8VEA8
A6NDX5	Q8VID6
A6NDX5	Q8WQG9
A6NDX5	Q8WV37
A6NDX5	Q8WWQ0
A6NDX5	Q8WXG9
A6NDX5	Q8Y6M7
A6NDX5	Q91V17
A6NDX5	Q8ND25
A6NDX5	Q91WD7
A6NDX5	Q91Y20
A6NDX5	Q91YL2
A6NDX5	Q91ZR2
A6NDX5	Q920H8
A6NDX5	Q921F2
A6NDX5	Q922B6
A6NDX5	Q923K9
A6NDX5	Q92522
A6NDX5	Q92617
A6NDX5	Q92750
A6NDX5	Q92833
A6NDX5	Q92932
A6NDX5	Q93YS4
A6NDX5	Q94545
A6NDX5	Q969S3
A6NDX5	Q96AH8
A6NDX5	Q96EQ0
A6NDX5	Q96IK5
A6NDX5	Q96JA3
A6NDX5	Q96JQ2
A6NDX5	Q96L93
A6NDX5	Q96NI8
A6NDX5	Q96P56
A6NDX5	Q96QC0
A6NDX5	Q96RD2
A6NDX5	Q96RW7
A6NDX5	Q96SQ5
A6NDX5	Q99369
A6NDX5	Q99K30
A6NDX5	Q99KP3
A6NDX5	Q99LC9
A6NDX5	Q99MZ6
A6NDX5	Q9BE39
A6NDX5	Q9BRP4
A6NDX5	Q9BTT6
A6NDX5	Q9BY67
A6NDX5	Q9BZE0
A6NDX5	Q9BZS1
A6NDX5	Q9C0K7
A6NDX5	Q9C5U2
A6NDX5	Q9CQV1
A6NDX5	Q9CWJ3
A6NDX5	Q9CX34
A6NDX5	Q9CYA0
A6NDX5	Q9CZ62
A6NDX5	Q9CZR2
A6NDX5	Q9D074
A6NDX5	Q9D2Z1
A6NDX5	Q9D5D8
A6NDX5	Q9D6J1
A6NDX5	Q9DAZ9
A6NDX5	Q9DBN9
A6NDX5	Q9DBY8
A6NDX5	Q9EPI9
A6NDX5	Q9EQN5
A6NDX5	Q9ER64
A6NDX5	Q9FKN7
A6NDX5	Q9GLV6
A6NDX5	Q9GZX5
A6NDX5	Q9H0B8
A6NDX5	Q9H172
A6NDX5	Q9H1X3
A6NDX5	Q9H2E6
A6NDX5	Q9H4D0
A6NDX5	Q9H6Y2
A6NDX5	Q9H7R0
A6NDX5	Q9H9V4
A6NDX5	Q9HAU0
A6NDX5	Q9HBD1
A6NDX5	Q9HCH3
A6NDX5	Q9HCX3
A6NDX5	Q9HEQ9
A6NDX5	Q9JHJ0
A6NDX5	Q9JHX4
A6NDX5	Q9JIB6
A6NDX5	Q9JIS1
A6NDX5	Q9JJ66
A6NDX5	Q9JKK7
A6NDX5	Q9JL99
A6NDX5	Q9JLT0
A6NDX5	Q9LJK3
A6NDX5	Q9LQN6
A6NDX5	Q9M1Z5
A6NDX5	Q9M8R7
A6NDX5	Q9NQ25
A6NDX5	Q9NR11
A6NDX5	Q9NRD1
A6NDX5	Q9NRR5
A6NDX5	Q9NSY0
A6NDX5	Q9NVM6
A6NDX5	Q9NWZ3
A6NDX5	Q9NYY3
A6NDX5	Q9NZU0
A6NDX5	Q9P0M6
A6NDX5	Q9P1W8
A6NDX5	Q9P2K8
A6NDX5	Q9QUQ5
A6NDX5	Q9QY15
A6NDX5	Q9QYE5
A6NDX5	Q9QZB1
A6NDX5	Q9R053
A6NDX5	Q9R100
A6NDX5	Q9R1M5
A6NDX5	Q9R1Z8
A6NDX5	Q9S9M5
A6NDX5	Q9SEX2
A6NDX5	Q9SJF0
A6NDX5	Q9SUQ3
A6NDX5	Q9UBT2
A6NDX5	Q9UDY2
A6NDX5	Q9UGC6
A6NDX5	Q9UH73
A6NDX5	Q07802
A6NDX5	Q9UJV3
A6NDX5	Q9ULC3
A6NDX5	Q9UN67
A6NDX5	Q9UPQ7
A6NDX5	Q9UQ74
A6NDX5	Q9URW6
A6NDX5	Q9V3Y0
A6NDX5	Q9V9S7
A6NDX5	Q9VGG5
A6NDX5	Q9VHP0
A6NDX5	Q9VM90
A6NDX5	Q9VQQ9
A6NDX5	Q9VVK8
A6NDX5	Q9VWQ2
A6NDX5	Q9W0G1
A6NDX5	Q9W1I9
A6NDX5	Q9WTS4
A6NDX5	Q9WV04
A6NDX5	Q9WVA3
A6NDX5	Q9Y272
A6NDX5	Q9Y2D9
A6NDX5	Q9Y2L8
A6NDX5	Q9Y2W6
A6NDX5	Q9Y3D7
A6NDX5	Q9Y463
A6NDX5	Q9Y4K3
A6NDX5	Q9Y5G6
A6NDX5	Q9Y6U3
A6NDX5	Q9Y7N0
A6NDX5	Q9Z0D9
A6NDX5	Q9Z0N7
A6NDX5	Q9Z1B7
A6NDX5	Q9Z2A0
A6NDX5	Q9ZUP4
A6NDX5	X2JDY8
A6NDX5	A3RK74
A6NDX5	A4QX49
A6NDX5	A5DB98
A6NDX5	A5DM21
A6NDX5	A6NFU0
A6NDX5	A6NKF2
A6NDX5	A7MBL8
A6NDX5	A7TJ36
A6NDX5	B3LF48
A6NDX5	B5X4Z9
A6NDX5	F4HQ20
A6NDX5	F4I1L3
A6NDX5	F4I718
A6NDX5	F4ILR7
A6NDX5	F4IUU1
A6NDX5	F4JCC1
A6NDX5	F4K6D3
A6NDX5	G3XA59
A6NDX5	G4NF05
A6NDX5	O00748
A6NDX5	O04533
A6NDX5	O22468
A6NDX5	O22870
A6NDX5	O35819
A6NDX5	O43048
A6NDX5	O48700
A6NDX5	O49289
A6NDX5	O54750
A6NDX5	O55225
A6NDX5	O59767
A6NDX5	O65483
A6NDX5	O70169
A6NDX5	O74345
A6NDX5	O74841
A6NDX5	O74970
A6NDX5	O76001
A6NDX5	O82307
A6NDX5	O94273
A6NDX5	O95388
A6NDX5	O96621
A6NDX5	P01652
A6NDX5	P01801
A6NDX5	P02587
A6NDX5	P04110
A6NDX5	P05555
A6NDX5	P08649
A6NDX5	P0C626
A6NDX5	P0CB22
A6NDX5	P0CG22
A6NDX5	P0CJ47
A6NDX5	P0CJ46
A6NDX5	P14653
A6NDX5	P16519
A6NDX5	P17693
A6NDX5	P18337
A6NDX5	P20937
A6NDX5	P23440
A6NDX5	P30432
A6NDX5	P31387
A6NDX5	P34986
A6NDX5	P35504
A6NDX5	P36591
A6NDX5	P38123
A6NDX5	P38418
A6NDX5	P38962
A6NDX5	P40341
A6NDX5	P40621
A6NDX5	P42158
A6NDX5	P43142
A6NDX5	P43142
A6NDX5	P47949
A6NDX5	P48483
A6NDX5	P49118
A6NDX5	P49632
A6NDX5	P50082
A6NDX5	P52743
A6NDX5	P53065
A6NDX5	P53759
A6NDX5	P61576
A6NDX5	P62739
A6NDX5	P62736
A6NDX5	P62737
A6NDX5	P62738
A6NDX5	P63135
A6NDX5	P87253
A6NDX5	P98152
A6NDX5	Q0DVU4
A6NDX5	Q0ITW7
A6NDX5	Q0JCC3
A6NDX5	Q0WNY5
A6NDX5	Q0WRJ2
A6NDX5	Q0WVW7
A6NDX5	Q10AZ7
A6NDX5	Q10MG9
A6NDX5	Q14982
A6NDX5	Q1K8E7
A6NDX5	Q27975
A6NDX5	Q2I689
A6NDX5	Q2RAQ5
A6NDX5	Q39242
A6NDX5	Q3E7K8
A6NDX5	Q3TDE8
A6NDX5	Q4G0N8
A6NDX5	Q4V8G0
A6NDX5	Q6ZQV5
A6NDX5	O60462
A6NDX5	P0DM58
A6NDX5	Q0WPN0
A6NDX5	Q84V18
A6NDX5	Q91ZE5
A6NDX5	Q923B3
A6NDX5	Q93VJ2
A6NDX5	Q940Y8
A6NDX5	Q944R7
A6NDX5	Q94AD9
A6NDX5	Q94BM7
A6NDX5	Q96533
A6NDX5	Q96PL2
A6NDX5	Q96SF2
A6NDX5	Q99388
A6NDX5	Q99MI7
A6NDX5	Q8C878
A6NDX5	Q99PJ2
A6NDX5	Q9BMN8
A6NDX5	Q9BUY7
A6NDX5	Q9BYD9
A6NDX5	Q9C056
A6NDX5	Q9C865
A6NDX5	Q9CAI3
A6NDX5	Q9CXM0
A6NDX5	Q9D2Q8
A6NDX5	Q9DAM9
A6NDX5	Q9DCN1
A6NDX5	Q9FFB6
A6NDX5	Q9FGE6
A6NDX5	Q9FGS8
A6NDX5	Q9FKA7
A6NDX5	Q9FKW2
A6NDX5	Q9FNN2
A6NDX5	Q9FPT1
A6NDX5	Q9GRU1
A6NDX5	Q9H3W5
A6NDX5	Q9JMB8
A6NDX5	Q9LF27
A6NDX5	Q9LUW6
A6NDX5	Q9LXZ3
A6NDX5	Q9M1G3
A6NDX5	Q9M2B4
A6NDX5	Q9M2V7
A6NDX5	Q9M9E0
A6NDX5	Q9NH52
A6NDX5	Q9NRN5
A6NDX5	Q9P4Z1
A6NDX5	Q9QXH4
A6NDX5	Q9R0Q8
A6NDX5	Q9SA00
A6NDX5	Q9SAV1
A6NDX5	Q9SEI2
A6NDX5	Q9SHU5
A6NDX5	Q9SLN8
A6NDX5	Q9SRT0
A6NDX5	Q9SU14
A6NDX5	Q9SW18
A6NDX5	Q9SXE1
A6NDX5	Q9SYK4
A6NDX5	Q9T012
A6NDX5	Q9U9Y8
A6NDX5	Q9UII6
A6NDX5	Q9UNI1
A6NDX5	Q9VJ07
A6NDX5	Q9WU01
A6NDX5	Q9XIB6
A6NDX5	Q9Y5N1
A6NDX5	Q9Y7J5
A6NDX5	Q9YGS6
A6NDX5	Q9ZNU9
A6NDX5	Q9ZWB3
A6NDX5	A0A075B6R9
A6NDX5	A0A0B4J271
A6NDX5	A0A0C4DH73
A6NDX5	A0A0K3AV08
A6NDX5	A1A5S1
A6NDX5	Q91YR7
A6NDX5	A2A891
A6NDX5	A2AGX3
A6NDX5	A6NER0
A6NDX5	A0A087X1G2
A6NDX5	A6NJT0
A6NDX5	A6NM11
A6NDX5	A6PVS8
A6NDX5	B2KF05
A6NDX5	B2RWS6
A6NDX5	D3Z6Q9
A6NDX5	D3ZR10
A6NDX5	D3ZZX1
A6NDX5	Q7TNC9
A6NDX5	E7ETH6
A6NDX5	E9PXF8
A6NDX5	F1LQ70
A6NDX5	G5EE56
A6NDX5	G5EG61
A6NDX5	O08550
A6NDX5	O14064
A6NDX5	O14186
A6NDX5	O14470
A6NDX5	O14733
A6NDX5	O14830
A6NDX5	O14979
A6NDX5	O15090
A6NDX5	O15205
A6NDX5	O15428
A6NDX5	O17536
A6NDX5	O34948
A6NDX5	O35392
A6NDX5	O35495
A6NDX5	O42844
A6NDX5	O43194
A6NDX5	O43897
A6NDX5	O54819
A6NDX5	O54940
A6NDX5	O60284
A6NDX5	O60566
A6NDX5	O60765
A6NDX5	O70143
A6NDX5	O70293
A6NDX5	O74835
A6NDX5	O75478
A6NDX5	O75762
A6NDX5	O75881
A6NDX5	O81472
A6NDX5	O88307
A6NDX5	O88451
A6NDX5	O88700
A6NDX5	O88834
A6NDX5	O88917
A6NDX5	O94933
A6NDX5	O95460
A6NDX5	O95757
A6NDX5	P00375
A6NDX5	P00520
A6NDX5	P00738
A6NDX5	P02270
A6NDX5	P05771
A6NDX5	P07347
A6NDX5	P07664
A6NDX5	P07830
A6NDX5	P08003
A6NDX5	P08253
A6NDX5	P08487
A6NDX5	P08879
A6NDX5	P09760
A6NDX5	P09959
A6NDX5	P0A978
A6NDX5	P0A9M0
A6NDX5	P0C091
A6NDX5	P0C7J6
A6NDX5	P0CG31
A6NDX5	P10180
A6NDX5	P11047
A6NDX5	P11214
A6NDX5	P11433
A6NDX5	P11627
A6NDX5	P11835
A6NDX5	P12023
A6NDX5	P12830
A6NDX5	P13437
A6NDX5	P13611
A6NDX5	P14046
A6NDX5	P15384
A6NDX5	P15533
A6NDX5	P16296
A6NDX5	P17017
A6NDX5	P17098
A6NDX5	P18054
A6NDX5	P18615
A6NDX5	P20081
A6NDX5	P20701
A6NDX5	P20908
A6NDX5	P21810
A6NDX5	P21995
A6NDX5	P22813
A6NDX5	P23219
A6NDX5	P23377
A6NDX5	P24784
A6NDX5	P25042
A6NDX5	P25719
A6NDX5	P25976
A6NDX5	P27139
A6NDX5	P27661
A6NDX5	P27895
A6NDX5	P28745
A6NDX5	P31269
A6NDX5	P31390
A6NDX5	P32023
A6NDX5	P32023
A6NDX5	P32350
A6NDX5	P32492
A6NDX5	P32571
A6NDX5	P32793
A6NDX5	P33240
A6NDX5	P33587
A6NDX5	P34226
A6NDX5	P34693
A6NDX5	P35227
A6NDX5	P36006
A6NDX5	P36404
A6NDX5	P38148
A6NDX5	P38398
A6NDX5	P38629
A6NDX5	P38713
A6NDX5	P39098
A6NDX5	P39960
A6NDX5	P40068
A6NDX5	P40416
A6NDX5	P40818
A6NDX5	P41143
A6NDX5	P41820
A6NDX5	P42570
A6NDX5	P42765
A6NDX5	P43275
A6NDX5	P43378
A6NDX5	P45962
A6NDX5	P47047
A6NDX5	P48809
A6NDX5	P49071
A6NDX5	P49443
A6NDX5	P49657
A6NDX5	P49863
A6NDX5	P50849
A6NDX5	P51123
A6NDX5	P51432
A6NDX5	P51991
A6NDX5	P52332
A6NDX5	P53119
A6NDX5	P53370
A6NDX5	P53690
A6NDX5	P53767
A6NDX5	P53904
A6NDX5	P54276
A6NDX5	P55068
A6NDX5	P55258
A6NDX5	P35280
A6NDX5	P57075
A6NDX5	P58462
A6NDX5	P58872
A6NDX5	P59235
A6NDX5	P59672
A6NDX5	P60546
A6NDX5	Q8XD88
A6NDX5	P61021
A6NDX5	P61020
A6NDX5	P61622
A6NDX5	P62820
A6NDX5	P62821
A6NDX5	Q6NYB7
A6NDX5	P62878
A6NDX5	P62877
A6NDX5	P67999
A6NDX5	P70211
A6NDX5	P70318
A6NDX5	P70585
A6NDX5	P72655
A6NDX5	P78509
A6NDX5	P80560
A6NDX5	P83503
A6NDX5	P84077
A6NDX5	P84078
A6NDX5	P84079
A6NDX5	P84586
A6NDX5	P92204
A6NDX5	P97315
A6NDX5	P21291
A6NDX5	P97414
A6NDX5	P97489
A6NDX5	P97607
A6NDX5	P97872
A6NDX5	P98159
A6NDX5	Q00169
A6NDX5	Q00566
A6NDX5	Q01065
A6NDX5	Q03012
A6NDX5	Q03146
A6NDX5	Q03251
A6NDX5	Q03386
A6NDX5	Q03656
A6NDX5	Q03936
A6NDX5	Q04116
A6NDX5	Q04439
A6NDX5	Q04759
A6NDX5	Q05193
A6NDX5	Q06063
A6NDX5	Q06168
A6NDX5	Q06580
A6NDX5	Q07141
A6NDX5	Q07456
A6NDX5	Q07844
A6NDX5	Q08509
A6NDX5	Q08732
A6NDX5	Q09136
A6NDX5	Q09477
A6NDX5	Q0GGX2
A6NDX5	Q10280
A6NDX5	Q10437
A6NDX5	Q10666
A6NDX5	Q12003
A6NDX5	Q12220
A6NDX5	Q12457
A6NDX5	Q12511
A6NDX5	Q13232
A6NDX5	Q13332
A6NDX5	Q13813
A6NDX5	Q14019
A6NDX5	Q14155
A6NDX5	Q14526
A6NDX5	Q14767
A6NDX5	Q14BN4
A6NDX5	Q15223
A6NDX5	Q15389
A6NDX5	Q15695
A6NDX5	Q15973
A6NDX5	Q16527
A6NDX5	Q16620
A6NDX5	Q16774
A6NDX5	Q17334
A6NDX5	Q17R89
A6NDX5	Q19336
A6NDX5	Q1AAU6
A6NDX5	Q21407
A6NDX5	Q22431
A6NDX5	Q23243
A6NDX5	Q24133
A6NDX5	Q24423
A6NDX5	Q28204
A6NDX5	Q29RK4
A6NDX5	Q2KJ09
A6NDX5	Q2M3G4
A6NDX5	Q2VY69
A6NDX5	Q39189
A6NDX5	Q3B8Q1
A6NDX5	Q3EBC8
A6NDX5	Q3KRF1
A6NDX5	Q3MIF2
A6NDX5	Q3SY56
A6NDX5	Q3TEA8
A6NDX5	Q3TMX7
A6NDX5	Q3UHE1
A6NDX5	Q3UJD6
A6NDX5	Q3UMR0
A6NDX5	Q3UXZ9
A6NDX5	Q4G112
A6NDX5	Q4J8Q0
A6NDX5	Q4V793
A6NDX5	Q501P1
A6NDX5	Q50L42
A6NDX5	Q53FA7
A6NDX5	Q53RE8
A6NDX5	Q5A649
A6NDX5	Q5AJD0
A6NDX5	Q5APG6
A6NDX5	Q5DID3
A6NDX5	Q5DU57
A6NDX5	Q5HGY8
A6NDX5	Q5HYK9
A6NDX5	Q5JVG8
A6NDX5	Q5M821
A6NDX5	Q5M9G6
A6NDX5	Q5NCX5
A6NDX5	Q5PQM4
A6NDX5	Q5PZ43
A6NDX5	Q5SSH7
A6NDX5	Q5SW19
A6NDX5	Q5SYD0
A6NDX5	Q5U464
A6NDX5	Q5VN19
A6NDX5	Q5VUJ5
A6NDX5	Q5Z9J0
A6NDX5	Q60787
A6NDX5	Q60899
A6NDX5	Q61090
A6NDX5	Q61474
A6NDX5	Q8K3P4
A6NDX5	Q61967
A6NDX5	Q62431
A6NDX5	Q62865
A6NDX5	Q62976
A6NDX5	Q63190
A6NDX5	Q63406
A6NDX5	Q63713
A6NDX5	Q63942
A6NDX5	Q640R3
A6NDX5	Q64338
A6NDX5	Q64487
A6NDX5	Q66H85
A6NDX5	Q68FM6
A6NDX5	Q69ZA1
A6NDX5	Q6AY63
A6NDX5	Q6AYH3
A6NDX5	Q6DN12
A6NDX5	Q6FM31
A6NDX5	Q6I6G8
A6NDX5	Q6IF82
A6NDX5	Q6IV72
A6NDX5	Q6L8Q7
A6NDX5	Q6N022
A6NDX5	Q6NS65
A6NDX5	Q6NWW5
A6NDX5	Q6P3R8
A6NDX5	Q6P6L0
A6NDX5	Q6P7W2
A6NDX5	Q6P9Q6
A6NDX5	Q6PDB4
A6NDX5	Q6PJI9
A6NDX5	Q6R891
A6NDX5	Q6SPF0
A6NDX5	Q6U7Q0
A6NDX5	Q6UWM9
A6NDX5	Q6VV64
A6NDX5	Q6XP49
A6NDX5	Q6ZN16
A6NDX5	Q6ZPF4
A6NDX5	Q6ZQF0
A6NDX5	Q7M4L6
A6NDX5	Q7RTR2
A6NDX5	Q7TN29
A6NDX5	Q7TPR4
A6NDX5	Q7TQP6
A6NDX5	Q7Z406
A6NDX5	Q7Z570
A6NDX5	Q80U12
A6NDX5	Q80W57
A6NDX5	Q80WT0
A6NDX5	Q80XM3
A6NDX5	Q80YA9
A6NDX5	Q9Z1T4
A6NDX5	Q80Z36
A6NDX5	Q811D2
A6NDX5	Q869N2
A6NDX5	Q86SS6
A6NDX5	Q86U10
A6NDX5	Q86UP0
A6NDX5	Q86V48
A6NDX5	Q86WK6
A6NDX5	Q86XD8
A6NDX5	Q86Y01
A6NDX5	Q86YR7
A6NDX5	Q8BGI4
A6NDX5	Q8BHD4
A6NDX5	Q8BJM7
A6NDX5	Q8BLK3
A6NDX5	Q8BN21
A6NDX5	Q8BSK8
A6NDX5	Q8BUR3
A6NDX5	Q8BYC6
A6NDX5	Q8BZ21
A6NDX5	Q8C033
A6NDX5	Q8C190
A6NDX5	Q8C7V3
A6NDX5	Q8CAE9
A6NDX5	Q8CDC7
A6NDX5	Q8CGE9
A6NDX5	Q8CH18
A6NDX5	Q8CHV6
A6NDX5	Q8GYC1
A6NDX5	Q8I4E2
A6NDX5	Q8INB9
A6NDX5	Q8IUC4
A6NDX5	Q8IV04
A6NDX5	Q8IW93
A6NDX5	Q8IWV2
A6NDX5	Q8IXI2
A6NDX5	Q8IYF1
A6NDX5	Q8IYU4
A6NDX5	Q8IZU2
A6NDX5	Q8JZV9
A6NDX5	Q8K0D0
A6NDX5	Q8K1R3
A6NDX5	Q8K375
A6NDX5	Q8K4Z5
A6NDX5	Q8LA16
A6NDX5	Q8LPT1
A6NDX5	Q8N141
A6NDX5	Q8N3Y1
A6NDX5	Q8N4P6
A6NDX5	Q8N6D5
A6NDX5	Q8NA75
A6NDX5	Q8NBB4
A6NDX5	Q8NC26
A6NDX5	Q8NDP4
A6NDX5	Q8NGC0
A6NDX5	Q8NGS9
A6NDX5	Q8NHP6
A6NDX5	Q8NU97
A6NDX5	Q8R0F9
A6NDX5	Q8R2S1
A6NDX5	Q8R3F5
A6NDX5	Q8R424
A6NDX5	Q8R5A3
A6NDX5	Q8STF6
A6NDX5	Q8TAV3
A6NDX5	Q8TD26
A6NDX5	Q8TED0
A6NDX5	Q8TF44
A6NDX5	Q8VBW5
A6NDX5	Q8VCR8
A6NDX5	Q8VEB1
A6NDX5	Q62833
A6NDX5	Q8VHF0
A6NDX5	Q8VZ95
A6NDX5	Q8WQL7
A6NDX5	Q8WUD1
A6NDX5	Q8WV41
A6NDX5	Q8WXH0
A6NDX5	Q91V24
A6NDX5	Q91W18
A6NDX5	Q91WE1
A6NDX5	Q91Y44
A6NDX5	Q920I9
A6NDX5	Q921F4
A6NDX5	Q923L3
A6NDX5	Q92598
A6NDX5	Q92618
A6NDX5	Q92752
A6NDX5	Q92834
A6NDX5	Q93YS6
A6NDX5	Q95TU8
A6NDX5	Q969G2
A6NDX5	Q969S8
A6NDX5	Q96CN9
A6NDX5	Q96DC8
A6NDX5	Q96EQ8
A6NDX5	Q96GR2
A6NDX5	Q96JS3
A6NDX5	Q96KN7
A6NDX5	Q96L94
A6NDX5	Q96LW9
A6NDX5	Q96RD3
A6NDX5	Q96RY7
A6NDX5	Q97D94
A6NDX5	Q99728
A6NDX5	Q99878
A6NDX5	Q96KK5
A6NDX5	Q99K41
A6NDX5	Q99LT0
A6NDX5	Q99MZ7
A6NDX5	Q99PL6
A6NDX5	Q9BE40
A6NDX5	Q9BQR3
A6NDX5	Q9BV79
A6NDX5	Q9BXF3
A6NDX5	Q9BY71
A6NDX5	Q9C0B5
A6NDX5	Q9C0U7
A6NDX5	Q9D1E6
A6NDX5	Q9D2D7
A6NDX5	Q9D2Z8
A6NDX5	Q9D416
A6NDX5	Q9D787
A6NDX5	Q9DA37
A6NDX5	Q9DBB9
A6NDX5	Q9DCH4
A6NDX5	Q9DD03
A6NDX5	Q9ET39
A6NDX5	Q9FNM7
A6NDX5	Q9GN62
A6NDX5	Q9GZP4
A6NDX5	Q9H2Z4
A6NDX5	Q9H3S1
A6NDX5	Q9H4D5
A6NDX5	Q9H6Y7
A6NDX5	Q9H7S9
A6NDX5	Q9H8H2
A6NDX5	Q9HAU4
A6NDX5	Q9HBE1
A6NDX5	Q9HCH5
A6NDX5	Q9HCX4
A6NDX5	Q9HEW1
A6NDX5	Q9JHY1
A6NDX5	Q9JIC3
A6NDX5	Q9JIS4
A6NDX5	Q9JJ69
A6NDX5	Q9JM59
A6NDX5	Q9JM99
A6NDX5	Q9LJL9
A6NDX5	Q9LQQ8
A6NDX5	Q9M8T0
A6NDX5	Q9NP72
A6NDX5	P35293
A6NDX5	Q9NR16
A6NDX5	Q9NRR6
A6NDX5	Q9NS66
A6NDX5	Q9NY15
A6NDX5	Q9NYL2
A6NDX5	Q9NZI8
A6NDX5	Q8CGX0
A6NDX5	Q9NZU5
A6NDX5	Q9P1W9
A6NDX5	Q9P296
A6NDX5	Q9P3U0
A6NDX5	Q9P775
A6NDX5	Q9QY16
A6NDX5	Q9QYS2
A6NDX5	Q9QZB7
A6NDX5	Q9QZQ1
A6NDX5	Q9R059
A6NDX5	Q9SJG2
A6NDX5	Q9TZ64
A6NDX5	Q9U7E0
A6NDX5	Q9UBJ2
A6NDX5	Q9UDY4
A6NDX5	Q9UH77
A6NDX5	Q9UHL0
A6NDX5	Q9UI46
A6NDX5	Q9UKM7
A6NDX5	Q9ULL1
A6NDX5	Q9UM11
A6NDX5	Q9UN70
A6NDX5	Q9USP9
A6NDX5	Q9V2T5
A6NDX5	Q9VBP3
A6NDX5	Q9VCU9
A6NDX5	Q9VEC3
A6NDX5	Q9VGI8
A6NDX5	Q9VQU9
A6NDX5	Q9W1J3
A6NDX5	Q9WTS5
A6NDX5	Q9WV06
A6NDX5	Q9WVA4
A6NDX5	Q9XFD1
A6NDX5	Q9XUB9
A6NDX5	Q9Y222
A6NDX5	Q9Y276
A6NDX5	Q9Y2W7
A6NDX5	Q9Y371
A6NDX5	Q9Y4K4
A6NDX5	Q9Y5G7
A6NDX5	Q9Y5Q5
A6NDX5	Q9Y5Y7
A6NDX5	Q9Y6U7
A6NDX5	Q9Z118
A6NDX5	Q9Z1B8
A6NDX5	Q9Z1N5
A6NDX5	Q63413
A6NDX5	Q13838
A6NDX5	Q29024
A6NDX5	Q9Z1Z1
A6NDX5	Q9ZGI2
A6NDX5	Q9ZUU4
A6NDX5	X5M5N0
A6NDX5	A0PJE2
A6NDX5	A3LPY4
A6NDX5	A3RK75
A6NDX5	A4R0E5
A6NDX5	A4RGU2
A6NDX5	A6NCF5
A6NDX5	A7TJ71
A6NDX5	A8JGB0
A6NDX5	A8MUK1
A6NDX5	A9T142
A6NDX5	B0V3F8
A6NDX5	B3LF83
A6NDX5	B9G2A8
A6NDX5	C0SUW7
A6NDX5	D3ZBM4
A6NDX5	D4A615
A6NDX5	E9Q3S4
A6NDX5	F4HQ22
A6NDX5	F4HW51
A6NDX5	F4IDY5
A6NDX5	F4IM84
A6NDX5	F4J339
A6NDX5	F4JCU0
A6NDX5	F4JIN3
A6NDX5	F4JP52
A6NDX5	G0RT93
A6NDX5	G4MQX3
A6NDX5	G4NH08
A6NDX5	O04539
A6NDX5	O08762
A6NDX5	O14718
A6NDX5	O22469
A6NDX5	O24527
A6NDX5	O35305
A6NDX5	O49500
A6NDX5	O54751
A6NDX5	O55226
A6NDX5	O64654
A6NDX5	O70173
A6NDX5	O76002
A6NDX5	O80685
A6NDX5	O80883
A6NDX5	O81864
A6NDX5	O82798
A6NDX5	P01653
A6NDX5	P01802
A6NDX5	P02599
A6NDX5	P04111
A6NDX5	P06866
A6NDX5	P0C2W1
A6NDX5	P0C628
A6NDX5	P0DMR1
A6NDX5	B7ZW38
A6NDX5	P11465
A6NDX5	P14151
A6NDX5	P17746
A6NDX5	P19139
A6NDX5	Q60737
A6NDX5	P20111
A6NDX5	P23444
A6NDX5	P25334
A6NDX5	P27133
A6NDX5	P34987
A6NDX5	P41378
A6NDX5	P48486
A6NDX5	P53406
A6NDX5	P54201
A6NDX5	P56655
A6NDX5	P57748
A6NDX5	P86449
A6NDX5	P93006
A6NDX5	P97401
A6NDX5	P98173
A6NDX5	Q01102
A6NDX5	Q02789
A6NDX5	Q02789
A6NDX5	Q08879
A6NDX5	Q09181
A6NDX5	Q0IV63
A6NDX5	Q0JD07
A6NDX5	Q0WRJ7
A6NDX5	Q10MH8
A6NDX5	Q10SU5
A6NDX5	Q1A173
A6NDX5	Q24567
A6NDX5	Q27GK7
A6NDX5	Q2I6J1
A6NDX5	Q2V419
A6NDX5	Q39243
A6NDX5	Q3MIB4
A6NDX5	Q4G0T1
A6NDX5	Q925U4
A6NDX5	Q93VK5
A6NDX5	Q93Z18
A6NDX5	Q93ZS9
A6NDX5	Q949Y5
A6NDX5	Q96PN8
A6NDX5	Q99ML0
A6NDX5	Q9AT00
A6NDX5	Q9C660
A6NDX5	Q9C7I1
A6NDX5	Q9C882
A6NDX5	Q9C9H6
A6NDX5	Q9CA27
A6NDX5	Q9CAI5
A6NDX5	Q9CQI7
A6NDX5	Q9DAN1
A6NDX5	Q9FFR3
A6NDX5	Q9FGT7
A6NDX5	Q9FHG4
A6NDX5	Q9FIG8
A6NDX5	Q9FJ32
A6NDX5	Q9FMP8
A6NDX5	Q9FPT5
A6NDX5	Q9FU27
A6NDX5	Q9GT24
A6NDX5	Q9H3Y0
A6NDX5	Q9HAW9
A6NDX5	Q9JKM7
A6NDX5	Q9JMC2
A6NDX5	Q9LIF8
A6NDX5	Q9LK22
A6NDX5	Q9LL84
A6NDX5	Q9LPE8
A6NDX5	Q9LQ54
A6NDX5	Q9LRK8
A6NDX5	Q9LTT3
A6NDX5	Q9LUZ4
A6NDX5	Q9LVG2
A6NDX5	Q9LZK5
A6NDX5	Q9M0V4
A6NDX5	Q9M2B5
A6NDX5	Q9MA83
A6NDX5	Q9NIF3
A6NDX5	Q9NXU5
A6NDX5	Q9S763
A6NDX5	Q9SA03
A6NDX5	Q9SAB6
A6NDX5	Q9SEI3
A6NDX5	Q9SII6
A6NDX5	Q9SJ09
A6NDX5	Q9SK67
A6NDX5	Q9SLX0
A6NDX5	Q9SN35
A6NDX5	Q9STE7
A6NDX5	Q9SU24
A6NDX5	Q9SW80
A6NDX5	Q9T014
A6NDX5	Q9T0P4
A6NDX5	Q9UIL4
A6NDX5	Q9UTB5
A6NDX5	Q9UTS5
A6NDX5	Q9V477
A6NDX5	Q9XGM3
A6NDX5	Q9Z1P8
A6NDX5	A0A075B6S2
A6NDX5	A0A096MJZ0
A6NDX5	A0A0B4J279
A6NDX5	A0JNU3
A6NDX5	A1A5S3
A6NDX5	A2A8L1
A6NDX5	A2AH22
A6NDX5	A2ALK8
A6NDX5	A2ASI5
A6NDX5	A2RVS6
A6NDX5	A3QMD7
A6NDX5	A6NJU9
A6NDX5	A6NM28
A6NDX5	A6PWD2
A6NDX5	A6X8Z5
A6NDX5	A8MRD9
A6NDX5	A8MWY0
A6NDX5	B0BNA5
A6NDX5	B1AY10
A6NDX5	B2KFW1
A6NDX5	B2RWW0
A6NDX5	B2RZ59
A6NDX5	B5DF91
A6NDX5	P70372
A6NDX5	B7Z1M9
A6NDX5	C4NYP8
A6NDX5	Q86DS1
A6NDX5	D3ZF92
A6NDX5	D4A1R8
A6NDX5	D4ACP5
A6NDX5	E9PXV9
A6NDX5	E9Q3G8
A6NDX5	E9Q7X6
A6NDX5	F1LQX4
A6NDX5	F8VPQ2
A6NDX5	G3V928
A6NDX5	G5EE72
A6NDX5	I1YAP6
A6NDX5	M3TYT0
A6NDX5	O00329
A6NDX5	O00478
A6NDX5	O00629
A6NDX5	O01803
A6NDX5	O08623
A6NDX5	O08710
A6NDX5	O08837
A6NDX5	O08989
A6NDX5	O14065
A6NDX5	O15209
A6NDX5	O15537
A6NDX5	O43078
A6NDX5	O43623
A6NDX5	O43900
A6NDX5	O54824
A6NDX5	O54941
A6NDX5	O55043
A6NDX5	O55173
A6NDX5	O60285
A6NDX5	O60437
A6NDX5	O60774
A6NDX5	O62618
A6NDX5	O70145
A6NDX5	O74365
A6NDX5	O75382
A6NDX5	O75764
A6NDX5	O75882
A6NDX5	O75970
A6NDX5	O75970
A6NDX5	O76099
A6NDX5	O80345
A6NDX5	O81644
A6NDX5	O88319
A6NDX5	O88453
A6NDX5	O88563
A6NDX5	O88842
A6NDX5	O88923
A6NDX5	O94260
A6NDX5	O94432
A6NDX5	O94564
A6NDX5	O94715
A6NDX5	O94819
A6NDX5	O94941
A6NDX5	O95147
A6NDX5	O95235
A6NDX5	O95352
A6NDX5	O95758
A6NDX5	P00390
A6NDX5	P00522
A6NDX5	P00739
A6NDX5	P01861
A6NDX5	P02273
A6NDX5	P02743
A6NDX5	P05044
A6NDX5	P05156
A6NDX5	P06534
A6NDX5	P06734
A6NDX5	P07665
A6NDX5	P07834
A6NDX5	P08120
A6NDX5	P08254
A6NDX5	P08678
A6NDX5	P08882
A6NDX5	P09030
A6NDX5	P09769
A6NDX5	P0A867
A6NDX5	P0ACZ7
A6NDX5	P0ACZ4
A6NDX5	P0CL69
A6NDX5	P10242
A6NDX5	P10862
A6NDX5	P11215
A6NDX5	P11632
A6NDX5	P13612
A6NDX5	P14056
A6NDX5	P14747
A6NDX5	P14949
A6NDX5	P15385
A6NDX5	P15538
A6NDX5	P15863
A6NDX5	P17020
A6NDX5	P17789
A6NDX5	P19123
A6NDX5	P20095
A6NDX5	P20702
A6NDX5	P20911
A6NDX5	P22192
A6NDX5	P24785
A6NDX5	P25044
A6NDX5	P25189
A6NDX5	P25445
A6NDX5	P25774
A6NDX5	P25977
A6NDX5	P27476
A6NDX5	P27671
A6NDX5	P28088
A6NDX5	P28575
A6NDX5	P28748
A6NDX5	P29120
A6NDX5	P29366
A6NDX5	P31270
A6NDX5	P31392
A6NDX5	P31392
A6NDX5	P32266
A6NDX5	P32573
A6NDX5	P32644
A6NDX5	P32794
A6NDX5	P32863
A6NDX5	P33333
A6NDX5	P34358
A6NDX5	P34552
A6NDX5	P35228
A6NDX5	P35817
A6NDX5	P36405
A6NDX5	Q52NJ4
A6NDX5	P38086
A6NDX5	P38149
A6NDX5	P38630
A6NDX5	P38817
A6NDX5	P38935
A6NDX5	P39006
A6NDX5	P39101
A6NDX5	P39900
A6NDX5	P39962
A6NDX5	P40217
A6NDX5	P40417
A6NDX5	P40977
A6NDX5	P41145
A6NDX5	P41823
A6NDX5	P42575
A6NDX5	P43114
A6NDX5	P43276
A6NDX5	P43403
A6NDX5	P45452
A6NDX5	P45968
A6NDX5	P46196
A6NDX5	P28482
A6NDX5	P46683
A6NDX5	P47743
A6NDX5	P48562
A6NDX5	P48810
A6NDX5	P49445
A6NDX5	P49662
A6NDX5	P50232
A6NDX5	P50851
A6NDX5	P51124
A6NDX5	P51608
A6NDX5	P51858
A6NDX5	P52333
A6NDX5	P53769
A6NDX5	P54103
A6NDX5	P54277
A6NDX5	P54725
A6NDX5	P55771
A6NDX5	P57768
A6NDX5	P58465
A6NDX5	P58873
A6NDX5	P59729
A6NDX5	P70424
A6NDX5	P70587
A6NDX5	Q80TE7
A6NDX5	P74297
A6NDX5	P83510
A6NDX5	P84616
A6NDX5	P87177
A6NDX5	P92208
A6NDX5	P97318
A6NDX5	P97792
A6NDX5	P97874
A6NDX5	P98160
A6NDX5	P9WI67
A6NDX5	P9WI66
A6NDX5	Q00196
A6NDX5	Q01066
A6NDX5	Q02045
A6NDX5	Q02521
A6NDX5	Q03147
A6NDX5	Q03254
A6NDX5	Q03532
A6NDX5	Q03938
A6NDX5	Q04305
A6NDX5	Q04660
A6NDX5	Q04894
A6NDX5	Q06065
A6NDX5	Q06587
A6NDX5	Q06850
A6NDX5	Q07457
A6NDX5	Q08217
A6NDX5	Q08369
A6NDX5	Q08745
A6NDX5	Q09137
A6NDX5	Q09309
A6NDX5	Q09499
A6NDX5	Q09695
A6NDX5	Q09897
A6NDX5	Q0H8B9
A6NDX5	Q0P5X1
A6NDX5	Q10281
A6NDX5	Q12118
A6NDX5	Q12166
A6NDX5	Q12280
A6NDX5	Q13233
A6NDX5	Q13427
A6NDX5	Q13523
A6NDX5	Q13822
A6NDX5	Q14028
A6NDX5	Q14315
A6NDX5	Q14527
A6NDX5	Q14774
A6NDX5	Q14BP6
A6NDX5	Q15063
A6NDX5	Q15233
A6NDX5	Q15560
A6NDX5	Q15696
A6NDX5	Q16621
A6NDX5	Q17R98
A6NDX5	Q1MTQ0
A6NDX5	Q20168
A6NDX5	Q29RL9
A6NDX5	Q2KJA1
A6NDX5	Q2TBA0
A6NDX5	Q2WEN9
A6NDX5	Q39192
A6NDX5	Q3TN34
A6NDX5	Q3U0L2
A6NDX5	Q3U821
A6NDX5	Q3UHF3
A6NDX5	Q3UJF0
A6NDX5	Q3UMT1
A6NDX5	Q3V0J4
A6NDX5	Q45FX5
A6NDX5	Q49A26
A6NDX5	Q4G163
A6NDX5	Q4JAB0
A6NDX5	Q4KLH4
A6NDX5	Q4QQT3
A6NDX5	Q4VA61
A6NDX5	Q501R9
A6NDX5	Q50LG9
A6NDX5	Q5A660
A6NDX5	Q5DW34
A6NDX5	Q5EG05
A6NDX5	Q5HEL8
A6NDX5	Q5HYM0
A6NDX5	Q5JR12
A6NDX5	Q5JVL4
A6NDX5	Q5RJI4
A6NDX5	Q5RKV6
A6NDX5	Q5SN53
A6NDX5	Q5SSI6
A6NDX5	Q5T601
A6NDX5	Q5T9A4
A6NDX5	Q5U2X0
A6NDX5	Q5VP69
A6NDX5	Q5VUJ9
A6NDX5	Q5W0B1
A6NDX5	Q5XIK7
A6NDX5	Q5XJ34
A6NDX5	Q60695
A6NDX5	Q60790
A6NDX5	Q60900
A6NDX5	Q60997
A6NDX5	Q61092
A6NDX5	Q61476
A6NDX5	Q62764
A6NDX5	Q62868
A6NDX5	Q62981
A6NDX5	Q63199
A6NDX5	Q63562
A6NDX5	Q64105
A6NDX5	Q64261
A6NDX5	Q66HR5
A6NDX5	Q68FP1
A6NDX5	Q68G30
A6NDX5	Q69ZB0
A6NDX5	Q6A026
A6NDX5	Q6DEH3
A6NDX5	Q6DN14
A6NDX5	Q6FWM7
A6NDX5	Q6IFN5
A6NDX5	Q6N043
A6NDX5	Q6NUJ5
A6NDX5	Q6NWW9
A6NDX5	Q6NY19
A6NDX5	Q6P069
A6NDX5	Q6P3S1
A6NDX5	Q6P9R1
A6NDX5	Q6PCB0
A6NDX5	Q6PDC0
A6NDX5	Q6PG37
A6NDX5	Q6PI47
A6NDX5	Q6REY9
A6NDX5	Q6STE5
A6NDX5	Q6P9Z1
A6NDX5	Q6U7R4
A6NDX5	Q6UWP2
A6NDX5	Q6UXM1
A6NDX5	Q6XPR3
A6NDX5	Q6ZMG9
A6NDX5	Q6ZN17
A6NDX5	Q6ZPI0
A6NDX5	Q6ZQF7
A6NDX5	Q6ZRY4
A6NDX5	Q700D2
A6NDX5	Q76KX8
A6NDX5	Q7DM58
A6NDX5	Q7K2X8
A6NDX5	Q7M6U3
A6NDX5	Q7TN31
A6NDX5	Q7TNU6
A6NDX5	Q7TPS5
A6NDX5	Q7TR96
A6NDX5	Q7Z407
A6NDX5	Q7Z572
A6NDX5	Q802Y8
A6NDX5	Q80TF3
A6NDX5	Q80UL9
A6NDX5	Q80YC5
A6NDX5	Q80Z37
A6NDX5	Q80ZW0
A6NDX5	Q811F1
A6NDX5	Q83SE1
A6NDX5	Q86B47
A6NDX5	Q86SX6
A6NDX5	Q86WK7
A6NDX5	Q86Y07
A6NDX5	Q8BFW4
A6NDX5	Q8BGI7
A6NDX5	Q8BH48
A6NDX5	Q8BJQ2
A6NDX5	Q8BLK9
A6NDX5	Q8BN58
A6NDX5	Q8BTV2
A6NDX5	Q8BUR4
A6NDX5	Q8BYH0
A6NDX5	Q8BZ25
A6NDX5	Q8C050
A6NDX5	Q8C7W7
A6NDX5	Q8CDD8
A6NDX5	Q8CEC6
A6NDX5	Q8CFJ9
A6NDX5	Q8CGF1
A6NDX5	Q8CH25
A6NDX5	Q8CIG3
A6NDX5	Q8GYD9
A6NDX5	Q8IVL0
A6NDX5	Q8IY33
A6NDX5	Q8IZU9
A6NDX5	Q8JZW4
A6NDX5	Q8K1R7
A6NDX5	Q8K298
A6NDX5	Q8K2R5
A6NDX5	Q8K382
A6NDX5	Q8K3W2
A6NDX5	Q8K4G5
A6NDX5	Q8LA53
A6NDX5	Q8LRK9
A6NDX5	Q8N328
A6NDX5	Q8N4Q0
A6NDX5	Q8N7B6
A6NDX5	Q8N8Y5
A6NDX5	Q8N9N7
A6NDX5	Q8NA82
A6NDX5	Q8NC42
A6NDX5	Q8NDQ6
A6NDX5	Q8NEG5
A6NDX5	Q8NF37
A6NDX5	Q8NGC1
A6NDX5	Q8NGT9
A6NDX5	Q8NU98
A6NDX5	Q8R2S9
A6NDX5	Q8R3F9
A6NDX5	Q8R4T5
A6NDX5	Q8TAW3
A6NDX5	Q8TDR2
A6NDX5	Q8TF45
A6NDX5	Q8VBW6
A6NDX5	Q8VDW0
A6NDX5	Q8VEB2
A6NDX5	Q8VHV7
A6NDX5	Q8WT44
A6NDX5	Q8WV44
A6NDX5	Q8WVV5
A6NDX5	Q8WWQ8
A6NDX5	Q8WXH2
A6NDX5	Q91V27
A6NDX5	Q91W20
A6NDX5	Q91WT4
A6NDX5	Q91YM2
A6NDX5	Q920J4
A6NDX5	Q8CDN6
A6NDX5	Q921G6
A6NDX5	Q922V4
A6NDX5	Q923M0
A6NDX5	Q924M5
A6NDX5	Q924M5
A6NDX5	Q92526
A6NDX5	Q92620
A6NDX5	Q92835
A6NDX5	Q92945
A6NDX5	Q93459
A6NDX5	Q93YW5
A6NDX5	Q95UN8
A6NDX5	Q96242
A6NDX5	Q969G3
A6NDX5	Q96BD6
A6NDX5	Q96E17
A6NDX5	Q96G23
A6NDX5	Q96HL8
A6NDX5	Q96IQ7
A6NDX5	Q96LA5
A6NDX5	Q96NJ3
A6NDX5	Q96P64
A6NDX5	Q96SQ9
A6NDX5	Q97ZT9
A6NDX5	Q99376
A6NDX5	Q99527
A6NDX5	Q99729
A6NDX5	Q99J31
A6NDX5	Q99JI6
A6NDX5	P61224
A6NDX5	Q99MJ9
A6NDX5	Q99MZ8
A6NDX5	Q9BE41
A6NDX5	Q9BQ67
A6NDX5	Q9BQS2
A6NDX5	Q9BUJ2
A6NDX5	Q9BXF6
A6NDX5	Q9BY76
A6NDX5	Q9BYU1
A6NDX5	Q9BZV1
A6NDX5	Q9C9Y6
A6NDX5	Q9CQ94
A6NDX5	Q9CSB4
A6NDX5	Q9CZR8
A6NDX5	Q9D2E1
A6NDX5	Q9D424
A6NDX5	Q9DCH6
A6NDX5	Q6DGF4
A6NDX5	Q9EPJ9
A6NDX5	Q9EQ16
A6NDX5	Q9EQP2
A6NDX5	Q9ER71
A6NDX5	Q9ERM2
A6NDX5	Q9ES46
A6NDX5	Q9ESJ4
A6NDX5	Q9H2G2
A6NDX5	Q9H300
A6NDX5	Q9H4E5
A6NDX5	Q9H5H4
A6NDX5	Q9H6Z4
A6NDX5	Q9HBF4
A6NDX5	Q9HC10
A6NDX5	Q9HCY8
A6NDX5	Q9JHY3
A6NDX5	Q9JK45
A6NDX5	Q9JKL1
A6NDX5	Q9JLB0
A6NDX5	Q9JLV1
A6NDX5	Q9JMA1
A6NDX5	Q9LQQ9
A6NDX5	Q9LUC3
A6NDX5	Q9M9C5
A6NDX5	Q9N4H4
A6NDX5	Q9NFU0
A6NDX5	Q9NP73
A6NDX5	Q9NR19
A6NDX5	Q9NRD8
A6NDX5	Q9NS68
A6NDX5	Q9NT22
A6NDX5	Q9NUI1
A6NDX5	Q9NYL4
A6NDX5	Q9NYZ1
A6NDX5	Q9NZJ0
A6NDX5	Q9NZU7
A6NDX5	Q9P0N8
A6NDX5	Q9P1Y6
A6NDX5	Q9P2M1
A6NDX5	Q9QX96
A6NDX5	Q9QXP7
A6NDX5	Q9QY17
A6NDX5	Q9R060
A6NDX5	Q9R0M4
A6NDX5	Q9R112
A6NDX5	Q9SJG9
A6NDX5	Q9TZC4
A6NDX5	Q9UDY6
A6NDX5	Q9UGF5
A6NDX5	Q9UJ71
A6NDX5	Q9UJV9
A6NDX5	Q9UKM9
A6NDX5	Q9ULC5
A6NDX5	Q9ULL8
A6NDX5	Q9UM13
A6NDX5	Q9UN71
A6NDX5	Q9UNT1
A6NDX5	Q9V3Z6
A6NDX5	Q9VL25
A6NDX5	Q9VNZ8
A6NDX5	Q9VSK8
A6NDX5	Q9VU65
A6NDX5	Q9VWS0
A6NDX5	Q9VYD1
A6NDX5	Q9W6S8
A6NDX5	Q9WTS6
A6NDX5	Q9WUH2
A6NDX5	Q9WV07
A6NDX5	Q9WVB0
A6NDX5	A0A8I6G705
A6NDX5	Q9WVL4
A6NDX5	Q9XFR5
A6NDX5	Q9XUE7
A6NDX5	Q9Y2M5
A6NDX5	D3Z8N4
A6NDX5	Q9Y473
A6NDX5	Q9Y4L1
A6NDX5	Q9Y5A6
A6NDX5	Q9Y5G8
A6NDX5	Q9Y5Y9
A6NDX5	Q9Y6V7
A6NDX5	Q9Z1C8
A6NDX5	Q9Z1N7
A6NDX5	Q9Z1Z2
A6NDX5	Q5XIG8
A6NDX5	Q9Z2A6
A6NDX5	Q9Z2V5
A6NDX5	Q9ZGI3
A6NDX5	Q9ZUU9
A6NDX5	A0A0P0XBU0
A6NDX5	A1Z9R4
A6NDX5	A2Y4R8
A6NDX5	A3AVH5
A6NDX5	A3LQ01
A6NDX5	A4R0Q1
A6NDX5	A5DBE7
A6NDX5	A7TJI3
A6NDX5	B5X564
A6NDX5	B7ZC32
A6NDX5	B9G2X9
A6NDX5	C9WPN6
A6NDX5	C9WPN6
A6NDX5	F4I1T9
A6NDX5	F4J394
A6NDX5	F4JIU4
A6NDX5	F4JUI9
A6NDX5	F4K0J3
A6NDX5	G1UB11
A6NDX5	G4MRQ6
A6NDX5	G4NID8
A6NDX5	K7U9N8
A6NDX5	O08770
A6NDX5	O13453
A6NDX5	O14008
A6NDX5	O14756
A6NDX5	O16277
A6NDX5	O23184
A6NDX5	O35920
A6NDX5	O43071
A6NDX5	O48709
A6NDX5	O54753
A6NDX5	O60235
A6NDX5	O74349
A6NDX5	O76050
A6NDX5	O80885
A6NDX5	O81866
A6NDX5	O82376
A6NDX5	O88978
A6NDX5	O94387
A6NDX5	O94533
A6NDX5	P01672
A6NDX5	P01803
A6NDX5	P05625
A6NDX5	P06867
A6NDX5	P09871
A6NDX5	P0C629
A6NDX5	P0C7X3
A6NDX5	P0DKB5
A6NDX5	P10716
A6NDX5	P12252
A6NDX5	P12252
A6NDX5	P14195
A6NDX5	P20155
A6NDX5	P20973
A6NDX5	P24345
A6NDX5	P28185
A6NDX5	P34559
A6NDX5	P34995
A6NDX5	P40348
A6NDX5	P41410
A6NDX5	P43688
A6NDX5	P47008
A6NDX5	P47976
A6NDX5	P49147
A6NDX5	P49638
A6NDX5	P50102
A6NDX5	P53777
A6NDX5	P56700
A6NDX5	P59722
A6NDX5	P60756
A6NDX5	P93007
A6NDX5	P93703
A6NDX5	Q03319
A6NDX5	Q04924
A6NDX5	Q0D622
A6NDX5	Q0JDM0
A6NDX5	Q10BT5
A6NDX5	A2XN40
A6NDX5	Q16676
A6NDX5	Q18694
A6NDX5	Q1K9C2
A6NDX5	Q1PEX3
A6NDX5	Q1ZXF1
A6NDX5	Q23175
A6NDX5	Q24568
A6NDX5	Q27IK6
A6NDX5	Q2QAV0
A6NDX5	Q2QX45
A6NDX5	Q2RBJ6
A6NDX5	Q2V452
A6NDX5	Q38960
A6NDX5	Q39117
A6NDX5	Q39244
A6NDX5	Q3E7T8
A6NDX5	Q3EBR4
A6NDX5	Q3MIE0
A6NDX5	Q3THW5
A6NDX5	Q71UI9
A6NDX5	Q3ZBX9
A6NDX5	Q9BTM1
A6NDX5	Q42533
A6NDX5	Q43312
A6NDX5	Q4PSR7
A6NDX5	Q4V8I3
A6NDX5	A0A2Z4LIS9
A6NDX5	Q92737
A6NDX5	Q93XW5
A6NDX5	Q944S2
A6NDX5	Q96I76
A6NDX5	Q96LW2
A6NDX5	Q96LW2
A6NDX5	Q99JZ0
A6NDX5	Q99ML9
A6NDX5	Q99PP6
A6NDX5	Q9C7J9
A6NDX5	Q9C9H8
A6NDX5	Q9CAJ0
A6NDX5	Q9D9M2
A6NDX5	Q9EQ76
A6NDX5	Q9FKX4
A6NDX5	Q9GTN7
A6NDX5	Q9HB55
A6NDX5	Q9JHI8
A6NDX5	Q9LFP7
A6NDX5	Q9LHE4
A6NDX5	Q9LRL6
A6NDX5	Q9LSL5
A6NDX5	Q9LVG4
A6NDX5	Q9LY03
A6NDX5	Q9LZM1
A6NDX5	Q9M0X5
A6NDX5	Q9M1H3
A6NDX5	Q9NY25
A6NDX5	Q9R0T7
A6NDX5	Q9S777
A6NDX5	Q9SB04
A6NDX5	Q9SCW4
A6NDX5	Q9SH43
A6NDX5	Q9SJ10
A6NDX5	Q9SKY8
A6NDX5	Q9SR70
A6NDX5	Q9SRV1
A6NDX5	Q9SUN6
A6NDX5	Q9SYL0
A6NDX5	Q9T020
A6NDX5	Q9UQ03
A6NDX5	Q9V498
A6NDX5	Q9XGN1
A6NDX5	Q9XID0
A6NDX5	Q9Y5P0
A6NDX5	Q9ZTP3
A6NDX5	Q9ZV43
A6NDX5	A0A075B6S5
A6NDX5	A0A0B4J280
A6NDX5	A0A0G2JMI3
A6NDX5	A2A8L5
A6NDX5	A2ASQ1
A6NDX5	A2PYH4
A6NDX5	A2TF48
A6NDX5	A4FMD6
A6NDX5	A6BM72
A6NDX5	A6NJW4
A6NDX5	A6NM43
A6NDX5	A8MRT5
A6NDX5	B0BNA7
A6NDX5	Q13347
A6NDX5	Q9QZD9
A6NDX5	B2RX14
A6NDX5	B7Z6K7
A6NDX5	B9EKR1
A6NDX5	C0LGD6
A6NDX5	D3ZRC4
A6NDX5	D4ACX8
A6NDX5	E7EZF3
A6NDX5	F1LR10
A6NDX5	F8VPU2
A6NDX5	I2HAA0
A6NDX5	O00206
A6NDX5	O01805
A6NDX5	O06476
A6NDX5	O08556
A6NDX5	O08625
A6NDX5	O08715
A6NDX5	O08838
A6NDX5	O08992
A6NDX5	O13792
A6NDX5	O14066
A6NDX5	O14188
A6NDX5	O14981
A6NDX5	O15211
A6NDX5	O15539
A6NDX5	O17583
A6NDX5	O35136
A6NDX5	O35397
A6NDX5	O35954
A6NDX5	O42976
A6NDX5	O43345
A6NDX5	O43763
A6NDX5	O43903
A6NDX5	O45539
A6NDX5	O48963
A6NDX5	O55047
A6NDX5	O55176
A6NDX5	O59732
A6NDX5	O60182
A6NDX5	O60290
A6NDX5	O70146
A6NDX5	O70468
A6NDX5	O74463
A6NDX5	O74964
A6NDX5	O75112
A6NDX5	O75290
A6NDX5	O75385
A6NDX5	O76100
A6NDX5	O80396
A6NDX5	O81645
A6NDX5	O88322
A6NDX5	O88454
A6NDX5	O88566
A6NDX5	O89046
A6NDX5	O94822
A6NDX5	O95466
A6NDX5	O95620
A6NDX5	O95759
A6NDX5	P00523
A6NDX5	P00740
A6NDX5	P01266
A6NDX5	P01880
A6NDX5	P01880
A6NDX5	P02274
A6NDX5	P02748
A6NDX5	P05160
A6NDX5	P05362
A6NDX5	P05556
A6NDX5	P06199
A6NDX5	P07357
A6NDX5	P07855
A6NDX5	P08121
A6NDX5	P08887
A6NDX5	P09435
A6NDX5	P0A7U6
A6NDX5	P0A7U3
A6NDX5	P0A870
A6NDX5	P0A871
A6NDX5	P0A872
A6NDX5	P0AA16
A6NDX5	P0AA18
A6NDX5	P0AA21
A6NDX5	P0C219
A6NDX5	P10243
A6NDX5	P10591
A6NDX5	P10676
A6NDX5	P11055
A6NDX5	P11440
A6NDX5	P11633
A6NDX5	P11837
A6NDX5	P12026
A6NDX5	P12682
A6NDX5	P13217
A6NDX5	P13765
A6NDX5	P14061
A6NDX5	P14604
A6NDX5	P15387
A6NDX5	P15864
A6NDX5	P16070
A6NDX5	P16303
A6NDX5	P16649
A6NDX5	P17021
A6NDX5	P19878
A6NDX5	P20309
A6NDX5	P20459
A6NDX5	P20719
A6NDX5	P20916
A6NDX5	P22002
A6NDX5	P23385
A6NDX5	P23545
A6NDX5	P24182
A6NDX5	P24788
A6NDX5	P25356
A6NDX5	P25446
A6NDX5	P26275
A6NDX5	P27482
A6NDX5	P28332
A6NDX5	P29122
A6NDX5	P29503
A6NDX5	P29843
A6NDX5	P30427
A6NDX5	P31273
A6NDX5	P09025
A6NDX5	P32657
A6NDX5	P32795
A6NDX5	P32939
A6NDX5	P34556
A6NDX5	P34703
A6NDX5	P35442
A6NDX5	P35567
A6NDX5	P35820
A6NDX5	P36115
A6NDX5	P36406
A6NDX5	P36941
A6NDX5	P37967
A6NDX5	P38089
A6NDX5	P38873
A6NDX5	P39102
A6NDX5	P39964
A6NDX5	P40150
A6NDX5	P40339
A6NDX5	P40578
A6NDX5	P40985
A6NDX5	P41146
A6NDX5	P41240
A6NDX5	P42025
A6NDX5	P42282
A6NDX5	P42580
A6NDX5	P42935
A6NDX5	P43116
A6NDX5	P43277
A6NDX5	P43404
A6NDX5	P43582
A6NDX5	P45481
A6NDX5	P45969
A6NDX5	P46684
A6NDX5	Q15915
A6NDX5	P47049
A6NDX5	P47169
A6NDX5	P47746
A6NDX5	P20272
A6NDX5	P49446
A6NDX5	P49674
A6NDX5	P50570
A6NDX5	P50863
A6NDX5	P51610
A6NDX5	P51859
A6NDX5	P51996
A6NDX5	P52652
A6NDX5	P52934
A6NDX5	P53599
A6NDX5	P53776
A6NDX5	P54278
A6NDX5	P54460
A6NDX5	P54726
A6NDX5	P54811
A6NDX5	P57078
A6NDX5	P57769
A6NDX5	P58466
A6NDX5	P59241
A6NDX5	P61208
A6NDX5	P56559
A6NDX5	P62484
A6NDX5	P68032
A6NDX5	Q3ZC07
A6NDX5	P68033
A6NDX5	P68034
A6NDX5	P68035
A6NDX5	P70218
A6NDX5	P70426
A6NDX5	P72659
A6NDX5	P77650
A6NDX5	P81122
A6NDX5	P83515
A6NDX5	P84618
A6NDX5	P87178
A6NDX5	P96611
A6NDX5	P97428
A6NDX5	P97492
A6NDX5	P97610
A6NDX5	P97793
A6NDX5	P98163
A6NDX5	P9WI69
A6NDX5	Q00245
A6NDX5	Q00872
A6NDX5	Q02053
A6NDX5	Q02256
A6NDX5	Q02526
A6NDX5	Q02890
A6NDX5	Q03014
A6NDX5	Q03533
A6NDX5	Q03940
A6NDX5	Q04311
A6NDX5	Q04G81
A6NDX5	Q05196
A6NDX5	Q06067
A6NDX5	Q06889
A6NDX5	Q07157
A6NDX5	Q07652
A6NDX5	Q08376
A6NDX5	O43829
A6NDX5	Q08920
A6NDX5	Q09813
A6NDX5	Q09898
A6NDX5	Q0VBL3
A6NDX5	Q10003
A6NDX5	Q10165
A6NDX5	Q10728
A6NDX5	Q12006
A6NDX5	Q12222
A6NDX5	Q12770
A6NDX5	Q13127
A6NDX5	Q13237
A6NDX5	Q13342
A6NDX5	Q13526
A6NDX5	Q14031
A6NDX5	Q14781
A6NDX5	Q15238
A6NDX5	Q15391
A6NDX5	Q15569
A6NDX5	Q15697
A6NDX5	Q15697
A6NDX5	Q15811
A6NDX5	Q17339
A6NDX5	Q1ECE0
A6NDX5	Q1MTQ1
A6NDX5	Q20318
A6NDX5	Q24459
A6NDX5	Q27294
A6NDX5	Q28618
A6NDX5	Q2PQA9
A6NDX5	Q2TBA3
A6NDX5	Q2WF71
A6NDX5	Q39203
A6NDX5	Q3EDL4
A6NDX5	Q3MII6
A6NDX5	Q3SY77
A6NDX5	Q3TEL6
A6NDX5	Q3TWF6
A6NDX5	Q3U827
A6NDX5	Q3UHF7
A6NDX5	Q3UMU9
A6NDX5	Q3V0K9
A6NDX5	Q45KJ6
A6NDX5	Q497H0
A6NDX5	Q49AA0
A6NDX5	Q4G176
A6NDX5	Q4JAB1
A6NDX5	Q4KLH5
A6NDX5	Q4V7A6
A6NDX5	Q4V8C3
A6NDX5	Q50294
A6NDX5	Q56Z59
A6NDX5	Q59Y41
A6NDX5	Q5AJS6
A6NDX5	Q5APT8
A6NDX5	Q5JVS0
A6NDX5	Q5M824
A6NDX5	Q5M9G8
A6NDX5	Q5ND04
A6NDX5	Q5PQN1
A6NDX5	Q5QD10
A6NDX5	Q5RJI5
A6NDX5	Q5SSM3
A6NDX5	Q5T619
A6NDX5	Q5XI01
A6NDX5	Q5XIK8
A6NDX5	Q8BG15
A6NDX5	Q5ZPR3
A6NDX5	Q60793
A6NDX5	Q60902
A6NDX5	Q60I26
A6NDX5	Q61097
A6NDX5	Q61316
A6NDX5	Q61483
A6NDX5	Q61982
A6NDX5	Q62270
A6NDX5	Q62656
A6NDX5	Q62765
A6NDX5	Q62985
A6NDX5	Q63415
A6NDX5	Q63737
A6NDX5	Q64119
A6NDX5	Q64264
A6NDX5	Q64346
A6NDX5	Q64512
A6NDX5	Q66GQ3
A6NDX5	Q684R7
A6NDX5	Q6A028
A6NDX5	Q6AXQ0
A6NDX5	Q6AYH9
A6NDX5	Q6AYT8
A6NDX5	Q6DN72
A6NDX5	Q6GM86
A6NDX5	Q6IFT4
A6NDX5	Q6NWY9
A6NDX5	Q6P597
A6NDX5	Q6PJP8
A6NDX5	Q6Q8B3
A6NDX5	Q6SZW1
A6NDX5	Q6UWP7
A6NDX5	Q6UXN8
A6NDX5	Q6VVX0
A6NDX5	Q6XPS3
A6NDX5	Q6ZN19
A6NDX5	Q6ZS10
A6NDX5	Q6ZVX7
A6NDX5	Q7FRS8
A6NDX5	Q7KQM6
A6NDX5	Q7L7V1
A6NDX5	Q7M6Y2
A6NDX5	P0C1G9
A6NDX5	Q7TM96
A6NDX5	Q7TN33
A6NDX5	Q7TPV2
A6NDX5	Q7TS63
A6NDX5	Q7Z398
A6NDX5	Q7Z408
A6NDX5	Q7Z7D3
A6NDX5	Q80TF6
A6NDX5	Q80U19
A6NDX5	Q80VG1
A6NDX5	Q80W68
A6NDX5	Q80XN0
A6NDX5	Q80YD1
A6NDX5	Q80Z38
A6NDX5	Q80ZX8
A6NDX5	Q86B79
A6NDX5	Q86UP3
A6NDX5	Q86V71
A6NDX5	Q86VV4
A6NDX5	Q86WN1
A6NDX5	Q86Y13
A6NDX5	Q86YS6
A6NDX5	Q8BH49
A6NDX5	Q8BIQ3
A6NDX5	Q8BKV0
A6NDX5	Q8BLM0
A6NDX5	Q8BMC0
A6NDX5	Q8BN59
A6NDX5	Q8BPM0
A6NDX5	Q8BSM5
A6NDX5	Q8BTW9
A6NDX5	Q8BVM9
A6NDX5	Q8BX94
A6NDX5	Q8C1A3
A6NDX5	Q8C3J5
A6NDX5	Q8CGF6
A6NDX5	Q8CIG8
A6NDX5	Q8CJB9
A6NDX5	Q8I4V2
A6NDX5	Q8IVL1
A6NDX5	Q8IYG6
A6NDX5	Q8IZD9
A6NDX5	Q8K0E1
A6NDX5	Q8K182
A6NDX5	Q8K1S3
A6NDX5	Q8K299
A6NDX5	Q8K386
A6NDX5	Q8K4G6
A6NDX5	Q8K581
A6NDX5	Q8LAS7
A6NDX5	Q8N145
A6NDX5	Q8N3Y7
A6NDX5	Q8N7C3
A6NDX5	Q8N883
A6NDX5	Q8NBE8
A6NDX5	Q8NF50
A6NDX5	Q8NGC4
A6NDX5	Q8NGU2
A6NDX5	Q8R1M2
A6NDX5	A9UMV8
A6NDX5	Q8R3G1
A6NDX5	Q8R5C5
A6NDX5	Q8TAX0
A6NDX5	Q8TBX8
A6NDX5	Q8TDS4
A6NDX5	Q8TF46
A6NDX5	Q8VBW9
A6NDX5	Q8VDC1
A6NDX5	Q8VIG1
A6NDX5	Q8VZC7
A6NDX5	Q8WTJ4
A6NDX5	Q8WUF5
A6NDX5	Q8WVV9
A6NDX5	Q8WXH5
A6NDX5	Q8WYR4
A6NDX5	Q91V33
A6NDX5	Q91VL9
A6NDX5	Q91W36
A6NDX5	Q91WT8
A6NDX5	Q91Y57
A6NDX5	Q91Z61
A6NDX5	Q91ZS8
A6NDX5	Q922X9
A6NDX5	Q923P0
A6NDX5	Q92527
A6NDX5	Q92622
A6NDX5	Q948T9
A6NDX5	Q95V25
A6NDX5	Q969T3
A6NDX5	Q96A32
A6NDX5	Q96C00
A6NDX5	Q96CP6
A6NDX5	Q96IQ9
A6NDX5	Q96JB3
A6NDX5	Q96KP1
A6NDX5	Q96LA6
A6NDX5	Q96LX8
A6NDX5	Q96MX3
A6NDX5	Q96NJ6
A6NDX5	Q96P65
A6NDX5	Q97UU4
A6NDX5	Q99536
A6NDX5	Q99K46
A6NDX5	Q99LW0
A6NDX5	Q99P47
A6NDX5	Q99PM1
A6NDX5	Q9BQ69
A6NDX5	Q9BTV5
A6NDX5	Q9BV94
A6NDX5	Q9BXT4
A6NDX5	Q9BY77
A6NDX5	Q9BZE3
A6NDX5	Q9C5Z1
A6NDX5	Q9C9Y8
A6NDX5	Q9CQ07
A6NDX5	Q9CQJ4
A6NDX5	Q99496
A6NDX5	Q9CQV7
A6NDX5	Q9CSH3
A6NDX5	Q9CWK8
A6NDX5	Q9D0N7
A6NDX5	Q9D6K5
A6NDX5	Q9D7B1
A6NDX5	Q9D952
A6NDX5	Q9DBC3
A6NDX5	Q9DBZ9
A6NDX5	Q9EQQ0
A6NDX5	Q9ES52
A6NDX5	Q9ET47
A6NDX5	Q9FKT4
A6NDX5	Q9GZY0
A6NDX5	Q9H0C5
A6NDX5	Q9H190
A6NDX5	Q9H4E7
A6NDX5	Q9H6D8
A6NDX5	Q9H6Z9
A6NDX5	Q9H981
A6NDX5	Q9HCI6
A6NDX5	Q9HCZ1
A6NDX5	Q9HFE6
A6NDX5	Q9JHY8
A6NDX5	Q9JID9
A6NDX5	Q9JIS7
A6NDX5	Q9JJ78
A6NDX5	Q9JK48
A6NDX5	Q9JKL7
A6NDX5	Q9JLB2
A6NDX5	Q9LFH9
A6NDX5	Q9LJX0
A6NDX5	Q9LXV4
A6NDX5	Q9M9E1
A6NDX5	Q9N4J8
A6NDX5	Q9NG98
A6NDX5	Q9NR20
A6NDX5	Q9NRD9
A6NDX5	Q9NRS4
A6NDX5	Q9NV58
A6NDX5	Q9NXC5
A6NDX5	Q9NYL5
A6NDX5	Q9NZJ6
A6NDX5	Q9NZV1
A6NDX5	Q9P1Z0
A6NDX5	Q9P2B4
A6NDX5	Q9P2N2
A6NDX5	Q9P3U8
A6NDX5	Q9QUR7
A6NDX5	Q9QXQ0
A6NDX5	Q9QY23
A6NDX5	Q9QYF3
A6NDX5	Q9QZC2
A6NDX5	Q9QZR5
A6NDX5	Q9R062
A6NDX5	Q9R226
A6NDX5	Q9SQV1
A6NDX5	Q9SV09
A6NDX5	Q9UDY8
A6NDX5	Q9UGF6
A6NDX5	Q9UJW2
A6NDX5	Q9UKZ9
A6NDX5	Q9ULM0
A6NDX5	Q9UN72
A6NDX5	Q9UN72
A6NDX5	Q9UNU6
A6NDX5	Q9UQ90
A6NDX5	Q9URX7
A6NDX5	Q9USS2
A6NDX5	Q9V407
A6NDX5	Q9V675
A6NDX5	Q9VCX1
A6NDX5	Q9VJY8
A6NDX5	Q9VU68
A6NDX5	Q9W0I6
A6NDX5	Q9WTJ4
A6NDX5	Q9WU40
A6NDX5	Q9WUH7
A6NDX5	Q9WV18
A6NDX5	Q9WVL5
A6NDX5	Q9XUJ7
A6NDX5	Q9Y225
A6NDX5	Q9Y279
A6NDX5	Q9Y2E6
A6NDX5	Q9Y3E1
A6NDX5	Q9Y4L5
A6NDX5	Q9Y5H0
A6NDX5	Q9Y6J8
A6NDX5	Q9Y6W3
A6NDX5	Q9Z0E3
A6NDX5	Q9Z1D1
A6NDX5	Q5RK09
A6NDX5	Q9Z1N9
A6NDX5	Q9Z2J4
A6NDX5	Q9Z2V6
A6NDX5	Q9ZHS1
A6NDX5	Q2YQA4
A6NDX5	Q9ZUZ2
A6NDX5	A2AU72
A6NDX5	A2WZT1
A6NDX5	A3AZ89
A6NDX5	A4D2G3
A6NDX5	A4R227
A6NDX5	A4RHF1
A6NDX5	A5DBG1
A6NDX5	B1AKI9
A6NDX5	B2RNN3
A6NDX5	B9DFG3
A6NDX5	B9G300
A6NDX5	E5KGE0
A6NDX5	F4I893
A6NDX5	F4JPK8
A6NDX5	F4K128
A6NDX5	F4K7F6
A6NDX5	O08781
A6NDX5	O14011
A6NDX5	O16368
A6NDX5	O22607
A6NDX5	O23561
A6NDX5	O42909
A6NDX5	O43086
A6NDX5	O54775
A6NDX5	O60259
A6NDX5	O65554
A6NDX5	O70200
A6NDX5	O74855
A6NDX5	O74989
A6NDX5	O80888
A6NDX5	O81210
A6NDX5	O88992
A6NDX5	O94536
A6NDX5	O95407
A6NDX5	P01804
A6NDX5	P02672
A6NDX5	P06869
A6NDX5	P09875
A6NDX5	P0C646
A6NDX5	P0CB27
A6NDX5	P11467
A6NDX5	P12263
A6NDX5	P17801
A6NDX5	P19212
A6NDX5	P21128
A6NDX5	P21952
A6NDX5	P24348
A6NDX5	P25997
A6NDX5	P28186
A6NDX5	P28769
A6NDX5	P30548
A6NDX5	P34997
A6NDX5	P38126
A6NDX5	P38445
A6NDX5	P41411
A6NDX5	P43235
A6NDX5	P47977
A6NDX5	P48528
A6NDX5	P49178
A6NDX5	P49640
A6NDX5	P53472
A6NDX5	P69005
A6NDX5	P54265
A6NDX5	P59108
A6NDX5	P60838
A6NDX5	P63145
A6NDX5	P70583
A6NDX5	P82266
A6NDX5	P93008
A6NDX5	Q00202
A6NDX5	Q01168
A6NDX5	Q04033
A6NDX5	Q04967
A6NDX5	Q05895
A6NDX5	Q06985
A6NDX5	Q07797
A6NDX5	Q08959
A6NDX5	Q0D673
A6NDX5	Q0DYK7
A6NDX5	Q0IWL9
A6NDX5	Q0JEE2
A6NDX5	Q0WW84
A6NDX5	Q12477
A6NDX5	Q13574
A6NDX5	Q16678
A6NDX5	Q1KME6
A6NDX5	Q1PEY5
A6NDX5	Q23256
A6NDX5	Q24JK4
A6NDX5	Q27IK7
A6NDX5	Q38822
A6NDX5	Q38961
A6NDX5	Q39123
A6NDX5	Q3MK94
A6NDX5	Q3TIW9
A6NDX5	Q3UNZ8
A6NDX5	Q41853
A6NDX5	Q4G1C9
A6NDX5	P96202
A6NDX5	Q921W4
A6NDX5	Q92743
A6NDX5	Q93Z27
A6NDX5	Q93ZV7
A6NDX5	Q95ZV7
A6NDX5	Q965S8
A6NDX5	Q96I82
A6NDX5	Q96LZ3
A6NDX5	Q99463
A6NDX5	Q99MQ5
A6NDX5	Q99PQ1
A6NDX5	Q9ATB4
A6NDX5	Q9BPW9
A6NDX5	Q9C7K0
A6NDX5	Q9C8D1
A6NDX5	Q9CA36
A6NDX5	Q9FE91
A6NDX5	Q9FGT9
A6NDX5	Q9FI39
A6NDX5	Q9FNN6
A6NDX5	Q9FX99
A6NDX5	Q9FZ84
A6NDX5	Q9H1U4
A6NDX5	Q9LJD8
A6NDX5	Q9LLL8
A6NDX5	Q9LMM2
A6NDX5	Q9LRN6
A6NDX5	Q9LT76
A6NDX5	Q9LV03
A6NDX5	Q9M066
A6NDX5	Q9M1I1
A6NDX5	Q9M3B8
A6NDX5	Q9M7X9
A6NDX5	Q9M9E9
A6NDX5	Q9P218
A6NDX5	Q9P218
A6NDX5	Q9QXP6
A6NDX5	Q9R0W1
A6NDX5	Q9SA16
A6NDX5	Q9SCW5
A6NDX5	Q9SEU6
A6NDX5	Q9SFV2
A6NDX5	Q9SII8
A6NDX5	Q9SJ11
A6NDX5	Q9SK74
A6NDX5	Q9SN38
A6NDX5	Q9SRV2
A6NDX5	Q9SSF8
A6NDX5	Q9SUP6
A6NDX5	Q9SZB4
A6NDX5	Q9UST1
A6NDX5	Q9VSS1
A6NDX5	Q9XIE0
A6NDX5	Q9Y5P1
A6NDX5	Q9Z1S7
A6NDX5	Q9ZNZ7
A6NDX5	Q9ZQ18
A6NDX5	Q9ZUH5
A6NDX5	A0A075B6S6
A6NDX5	A0A0A0MRZ7
A6NDX5	A0A0B4J2A2
A6NDX5	A0A0P0WGX7
A6NDX5	A1KMC6
A6NDX5	A1Z7A6
A6NDX5	A2ALW5
A6NDX5	A2ASS6
A6NDX5	A2RRD8
A6NDX5	A4D0S4
A6NDX5	A6H584
A6NDX5	A6NCL7
A6NDX5	A6NM62
A6NDX5	A6QEK0
A6NDX5	Q5HIC7
A6NDX5	A8MT19
A6NDX5	A8MX76
A6NDX5	B0BND0
A6NDX5	B1AYB6
A6NDX5	B5DFA1
A6NDX5	B7ZAP0
A6NDX5	C0LGD7
A6NDX5	C6K2K4
A6NDX5	Q8BNJ6
A6NDX5	D3Z7P3
A6NDX5	P13264
A6NDX5	D3ZFJ3
A6NDX5	D4A1X2
A6NDX5	D4AE41
A6NDX5	E7FAP1
A6NDX5	E9PY46
A6NDX5	E9Q401
A6NDX5	E9Q876
A6NDX5	F1LRS8
A6NDX5	G3V9H8
A6NDX5	G5EBY0
A6NDX5	G5EGJ5
A6NDX5	M9PD06
A6NDX5	O00213
A6NDX5	O00481
A6NDX5	O00635
A6NDX5	O01833
A6NDX5	O06491
A6NDX5	O08628
A6NDX5	O08839
A6NDX5	O08539
A6NDX5	O14189
A6NDX5	O14744
A6NDX5	O15111
A6NDX5	O15438
A6NDX5	O35141
A6NDX5	O35274
A6NDX5	O43240
A6NDX5	O43347
A6NDX5	O43638
A6NDX5	O43765
A6NDX5	O43908
A6NDX5	O54826
A6NDX5	O59735
A6NDX5	O60079
A6NDX5	O60447
A6NDX5	O60784
A6NDX5	O60938
A6NDX5	O62621
A6NDX5	O70150
A6NDX5	Q9QYK9
A6NDX5	O74465
A6NDX5	O74968
A6NDX5	O75113
A6NDX5	O75493
A6NDX5	O75604
A6NDX5	O75886
A6NDX5	O75995
A6NDX5	O76324
A6NDX5	O80397
A6NDX5	O81905
A6NDX5	O88569
A6NDX5	A7VJC2
A6NDX5	O94720
A6NDX5	O94953
A6NDX5	O95153
A6NDX5	O95361
A6NDX5	P00528
A6NDX5	P00747
A6NDX5	P01889
A6NDX5	P01889
A6NDX5	P02749
A6NDX5	P02825
A6NDX5	P82910
A6NDX5	P04409
A6NDX5	P05055
A6NDX5	P05161
A6NDX5	P06208
A6NDX5	P07273
A6NDX5	P07358
A6NDX5	P07858
A6NDX5	P08122
A6NDX5	P08683
A6NDX5	P0AET9
A6NDX5	P0AET8
A6NDX5	P0C0F6
A6NDX5	P0C595
A6NDX5	P0C7M7
A6NDX5	P0CG39
A6NDX5	P10247
A6NDX5	P10592
A6NDX5	P11441
A6NDX5	P14234
A6NDX5	P14616
A6NDX5	P14770
A6NDX5	P15019
A6NDX5	P15258
A6NDX5	P15389
A6NDX5	P15865
A6NDX5	P17022
A6NDX5	P17610
A6NDX5	P18084
A6NDX5	P18627
A6NDX5	P20333
A6NDX5	P20472
A6NDX5	P20742
A6NDX5	P20918
A6NDX5	P21817
A6NDX5	P22202
A6NDX5	P22676
A6NDX5	P23229
A6NDX5	P24188
A6NDX5	P25357
A6NDX5	P26447
A6NDX5	P28166
A6NDX5	P28334
A6NDX5	P29141
A6NDX5	P29845
A6NDX5	P30430
A6NDX5	P31103
A6NDX5	P31274
A6NDX5	P09633
A6NDX5	P31725
A6NDX5	P32298
A6NDX5	P32865
A6NDX5	P32942
A6NDX5	P33260
A6NDX5	P34230
A6NDX5	P34562
A6NDX5	P34927
A6NDX5	P35233
A6NDX5	P35330
A6NDX5	P35446
A6NDX5	P35568
A6NDX5	P35821
A6NDX5	P36009
A6NDX5	P36600
A6NDX5	P37996
A6NDX5	P38323
A6NDX5	P38820
A6NDX5	P38938
A6NDX5	P39009
A6NDX5	P39104
A6NDX5	P40024
A6NDX5	P40151
A6NDX5	P40340
A6NDX5	P40423
A6NDX5	P40579
A6NDX5	P41241
A6NDX5	P32577
A6NDX5	P42285
A6NDX5	P42582
A6NDX5	P42771
A6NDX5	P43117
A6NDX5	P43278
A6NDX5	P43405
A6NDX5	P46995
A6NDX5	P47170
A6NDX5	P47752
A6NDX5	P47972
A6NDX5	P48146
A6NDX5	P48819
A6NDX5	P50238
A6NDX5	P50866
A6NDX5	P51136
A6NDX5	P51451
A6NDX5	P51693
A6NDX5	P52429
A6NDX5	P52944
A6NDX5	P53243
A6NDX5	P53383
A6NDX5	P53778
A6NDX5	P54282
A6NDX5	P54727
A6NDX5	P54812
A6NDX5	P56593
A6NDX5	P57080
A6NDX5	P58215
A6NDX5	P58929
A6NDX5	P59242
A6NDX5	P61209
A6NDX5	P62152
A6NDX5	O16305
A6NDX5	P62826
A6NDX5	P62827
A6NDX5	P62828
A6NDX5	P62881
A6NDX5	O14775
A6NDX5	P70600
A6NDX5	P78968
A6NDX5	P81128
A6NDX5	P84082
A6NDX5	Q8BSL7
A6NDX5	P87179
A6NDX5	P92937
A6NDX5	P94547
A6NDX5	P97612
A6NDX5	P98164
A6NDX5	Q00246
A6NDX5	Q00887
A6NDX5	Q01081
A6NDX5	Q01386
A6NDX5	Q01638
A6NDX5	Q04322
A6NDX5	Q04771
A6NDX5	Q04899
A6NDX5	Q05209
A6NDX5	Q05860
A6NDX5	Q07171
A6NDX5	Q08747
A6NDX5	Q09698
A6NDX5	Q09815
A6NDX5	Q0II04
A6NDX5	Q0VGT2
A6NDX5	Q10284
A6NDX5	Q10452
A6NDX5	Q10739
A6NDX5	Q12122
A6NDX5	Q12464
A6NDX5	Q13129
A6NDX5	Q13242
A6NDX5	Q13825
A6NDX5	Q14161
A6NDX5	Q14324
A6NDX5	Q14790
A6NDX5	Q14993
A6NDX5	Q15072
A6NDX5	Q15256
A6NDX5	Q15699
A6NDX5	Q15813
A6NDX5	Q19404
A6NDX5	Q23356
A6NDX5	Q24468
A6NDX5	Q28619
A6NDX5	Q29RW1
A6NDX5	Q2PS20
A6NDX5	Q2TBC4
A6NDX5	Q2WGJ6
A6NDX5	Q32MD9
A6NDX5	Q3LAC4
A6NDX5	Q3T906
A6NDX5	Q3TES0
A6NDX5	Q3U0S6
A6NDX5	Q3U2S4
A6NDX5	Q2YDU3
A6NDX5	Q3UFQ8
A6NDX5	Q3UMW7
A6NDX5	Q3UR97
A6NDX5	Q3UU96
A6NDX5	Q3V0M2
A6NDX5	Q3YBR2
A6NDX5	Q49AG3
A6NDX5	Q4J8R1
A6NDX5	Q4V8C4
A6NDX5	Q4VAA7
A6NDX5	Q53S08
A6NDX5	Q55404
A6NDX5	Q56ZI2
A6NDX5	Q5DQR4
A6NDX5	Q5EXX3
A6NDX5	Q5FVM4
A6NDX5	Q5HFR2
A6NDX5	Q5HZ38
A6NDX5	Q5M9H0
A6NDX5	Q5ND28
A6NDX5	Q5QD12
A6NDX5	Q5RJK8
A6NDX5	Q5SP67
A6NDX5	Q5T9C9
A6NDX5	Q5U1Y1
A6NDX5	Q5U2X2
A6NDX5	Q5U4C3
A6NDX5	Q5VUR7
A6NDX5	Q5ZQU0
A6NDX5	Q60700
A6NDX5	Q60795
A6NDX5	Q60I27
A6NDX5	Q61102
A6NDX5	Q61321
A6NDX5	Q61614
A6NDX5	Q61762
A6NDX5	Q61985
A6NDX5	Q62167
A6NDX5	Q62440
A6NDX5	Q62658
A6NDX5	Q62768
A6NDX5	Q62875
A6NDX5	Q63203
A6NDX5	Q63421
A6NDX5	Q63569
A6NDX5	Q63739
A6NDX5	Q93096
A6NDX5	Q64122
A6NDX5	Q64514
A6NDX5	Q66H91
A6NDX5	Q68DU8
A6NDX5	Q68G58
A6NDX5	Q6A037
A6NDX5	Q6AXQ4
A6NDX5	Q6AYJ1
A6NDX5	Q6AYU3
A6NDX5	Q6GMN2
A6NDX5	Q6IA17
A6NDX5	Q6J1Y9
A6NDX5	Q6LA42
A6NDX5	Q6NX45
A6NDX5	Q6P3V2
A6NDX5	Q6PGA0
A6NDX5	Q6QA27
A6NDX5	Q6UWR7
A6NDX5	Q6UXN9
A6NDX5	Q8BFQ4
A6NDX5	Q6ZN28
A6NDX5	Q6ZS11
A6NDX5	Q72GQ0
A6NDX5	Q761X5
A6NDX5	Q7JJ13
A6NDX5	Q7KRR5
A6NDX5	Q7L1W4
A6NDX5	Q7L7X3
A6NDX5	Q7TMA2
A6NDX5	Q7TN37
A6NDX5	Q7Z3B1
A6NDX5	Q7Z410
A6NDX5	Q803L0
A6NDX5	Q80U22
A6NDX5	Q80YE7
A6NDX5	Q80Z39
A6NDX5	Q810A1
A6NDX5	Q83QD9
A6NDX5	Q86B87
A6NDX5	Q86T13
A6NDX5	Q86UQ0
A6NDX5	Q86V81
A6NDX5	Q86XF0
A6NDX5	Q86Y25
A6NDX5	Q86YS7
A6NDX5	Q8BFW7
A6NDX5	Q8BG81
A6NDX5	Q8BGJ9
A6NDX5	Q8BHW6
A6NDX5	Q8BIQ5
A6NDX5	Q8BKX1
A6NDX5	Q8BN78
A6NDX5	Q8BPM2
A6NDX5	Q8BYH7
A6NDX5	Q8BZ33
A6NDX5	Q8C0V0
A6NDX5	Q8CAM5
A6NDX5	Q8CEE6
A6NDX5	Q8CFK6
A6NDX5	Q8CGF7
A6NDX5	Q8CH72
A6NDX5	Q8CIH5
A6NDX5	Q8CJC5
A6NDX5	Q8I4X0
A6NDX5	Q8IUD6
A6NDX5	Q8IWW6
A6NDX5	Q8IXK0
A6NDX5	Q8IY37
A6NDX5	Q8IYH5
A6NDX5	Q8IZV5
A6NDX5	Q8JZX4
A6NDX5	Q8K1S4
A6NDX5	Q8K2A1
A6NDX5	Q8K387
A6NDX5	Q8K4G9
A6NDX5	Q8MJ49
A6NDX5	Q8N0V4
A6NDX5	Q8N146
A6NDX5	Q8N3Z0
A6NDX5	Q8N8Z6
A6NDX5	Q8NAA4
A6NDX5	Q8NBF1
A6NDX5	Q8NC51
A6NDX5	Q8NDW4
A6NDX5	Q8NGC9
A6NDX5	Q8NGW6
A6NDX5	Q8QZY9
A6NDX5	Q15427
A6NDX5	Q8R0H9
A6NDX5	Q8R2U0
A6NDX5	Q8R3H9
A6NDX5	Q8R4U0
A6NDX5	Q8R5C8
A6NDX5	Q8SX68
A6NDX5	Q8TBY0
A6NDX5	Q8TDS7
A6NDX5	Q8TF47
A6NDX5	Q8VBX6
A6NDX5	Q8VDD5
A6NDX5	Q8VEC3
A6NDX5	Q8VZD5
A6NDX5	Q8WVY7
A6NDX5	Q8WXI2
A6NDX5	Q91V36
A6NDX5	Q91XC0
A6NDX5	Q91Z67
A6NDX5	Q91ZT5
A6NDX5	Q922Y0
A6NDX5	Q923Q2
A6NDX5	Q92529
A6NDX5	Q925C0
A6NDX5	Q9R0N9
A6NDX5	Q92623
A6NDX5	Q92949
A6NDX5	Q93618
A6NDX5	Q93Z92
A6NDX5	Q94901
A6NDX5	Q95V55
A6NDX5	Q96HP0
A6NDX5	Q96IR2
A6NDX5	Q96KP4
A6NDX5	Q96LA8
A6NDX5	Q96NL0
A6NDX5	Q96P66
A6NDX5	Q96PQ1
A6NDX5	Q96RD9
A6NDX5	Q96ST3
A6NDX5	Q99383
A6NDX5	Q99626
A6NDX5	Q99JN2
A6NDX5	Q99K48
A6NDX5	Q99KR6
A6NDX5	Q99LW6
A6NDX5	Q99MK8
A6NDX5	Q99P51
A6NDX5	Q9BKZ9
A6NDX5	Q9BQT9
A6NDX5	Q9BT23
A6NDX5	Q9BWU1
A6NDX5	Q9BY78
A6NDX5	Q9BYV2
A6NDX5	Q9BZV3
A6NDX5	Q9CPN8
A6NDX5	Q9CXV0
A6NDX5	Q9CYF5
A6NDX5	Q9D6K7
A6NDX5	Q9DBC7
A6NDX5	Q9DC04
A6NDX5	Q9ERP3
A6NDX5	Q9ESK3
A6NDX5	Q9ET54
A6NDX5	Q9FH66
A6NDX5	Q9FKW4
A6NDX5	Q9FPJ8
A6NDX5	Q9GQF1
A6NDX5	Q9H0C8
A6NDX5	Q9H0R6
A6NDX5	Q9H3S7
A6NDX5	Q9H5J0
A6NDX5	Q9H987
A6NDX5	Q9H9Z2
A6NDX5	Q9HAV0
A6NDX5	Q9HFF4
A6NDX5	Q9JHK4
A6NDX5	Q9JIF0
A6NDX5	Q9JK53
A6NDX5	Q9JKM5
A6NDX5	Q9JLB4
A6NDX5	Q9JMA7
A6NDX5	Q9LFQ3
A6NDX5	Q9LUL4
A6NDX5	Q9M2E0
A6NDX5	Q9N4M4
A6NDX5	Q9NGC3
A6NDX5	Q9NPF0
A6NDX5	Q9NR22
A6NDX5	Q9NRF2
A6NDX5	Q9NRS6
A6NDX5	Q9NT68
A6NDX5	Q9NVP1
A6NDX5	Q9NXD2
A6NDX5	Q9NYL9
A6NDX5	Q9NYZ4
A6NDX5	Q9NZV5
A6NDX5	Q9P0P0
A6NDX5	Q9P1Z2
A6NDX5	Q9P2N4
A6NDX5	Q9P783
A6NDX5	Q9QUS6
A6NDX5	Q9QXQ1
A6NDX5	Q9QYU2
A6NDX5	Q9R144
A6NDX5	Q9R233
A6NDX5	Q9UBK7
A6NDX5	Q9UEE5
A6NDX5	Q9UIA0
A6NDX5	Q9UJ78
A6NDX5	Q9UJW7
A6NDX5	Q9UKA1
A6NDX5	Q9UKN5
A6NDX5	Q9ULC8
A6NDX5	Q9ULM2
A6NDX5	Q9UM47
A6NDX5	Q9UN74
A6NDX5	Q9UPR5
A6NDX5	Q9UQB3
A6NDX5	Q9URX9
A6NDX5	Q9UU85
A6NDX5	Q9UUM7
A6NDX5	Q9V333
A6NDX5	Q9VCY3
A6NDX5	Q9VEN1
A6NDX5	Q9VGP1
A6NDX5	Q9VJY9
A6NDX5	Q9VL59
A6NDX5	Q9VP22
A6NDX5	Q9VU84
A6NDX5	Q9W0K0
A6NDX5	Q9WU42
A6NDX5	Q9WUI1
A6NDX5	Q9WV25
A6NDX5	Q3UEB3
A6NDX5	Q9WVB2
A6NDX5	Q9Y2P0
A6NDX5	Q9Y483
A6NDX5	Q9Y5A9
A6NDX5	Q91YT7
A6NDX5	Q9Y5H1
A6NDX5	Q9Y5R2
A6NDX5	Q9Y7Q7
A6NDX5	Q9Z123
A6NDX5	Q9Z1D7
A6NDX5	Q9Z1P2
A6NDX5	Q9Z1Z9
A6NDX5	A0A3L6DPG1
A6NDX5	A0PJY2
A6NDX5	A3B9A0
A6NDX5	A4FUQ5
A6NDX5	A4R254
A6NDX5	A5DP36
A6NDX5	A6NCK2
A6NDX5	A6NGD5
A6NDX5	A7TJK8
A6NDX5	A7TRU5
A6NDX5	A8JQ65
A6NDX5	A9X4T1
A6NDX5	B2RRD7
A6NDX5	B9G3M6
A6NDX5	C0SVG5
A6NDX5	C6KTB7
A6NDX5	D3ZEF4
A6NDX5	E5RG02
A6NDX5	F1QH17
A6NDX5	F4HWF9
A6NDX5	F4I2H2
A6NDX5	F4IV45
A6NDX5	F4J3N2
A6NDX5	F4JD14
A6NDX5	F4JJH4
A6NDX5	F4JPP0
A6NDX5	G4MWB1
A6NDX5	G5EF51
A6NDX5	O00899
A6NDX5	O08791
A6NDX5	O13493
A6NDX5	O13728
A6NDX5	O14126
A6NDX5	O14305
A6NDX5	O14804
A6NDX5	O22609
A6NDX5	O23208
A6NDX5	O24581
A6NDX5	O35375
A6NDX5	O45526
A6NDX5	O48716
A6NDX5	O49513
A6NDX5	O60070
A6NDX5	O65555
A6NDX5	O70215
A6NDX5	O76173
A6NDX5	O80480
A6NDX5	O81902
A6NDX5	O82387
A6NDX5	P01678
A6NDX5	P01675
A6NDX5	P01812
A6NDX5	P02676
A6NDX5	P04175
A6NDX5	P04940
A6NDX5	P05661
A6NDX5	P06870
A6NDX5	P07828
A6NDX5	P08709
A6NDX5	P0CB47
A6NDX5	P0CG68
A6NDX5	P0DMU2
A6NDX5	P10733
A6NDX5	P11493
A6NDX5	P14712
A6NDX5	P19218
A6NDX5	P20241
A6NDX5	P20241
A6NDX5	P21956
A6NDX5	P26042
A6NDX5	P27420
A6NDX5	P28188
A6NDX5	P32305
A6NDX5	P32906
A6NDX5	P35070
A6NDX5	P38137
A6NDX5	P39038
A6NDX5	P43254
A6NDX5	P49650
A6NDX5	P50608
A6NDX5	P53473
A6NDX5	P54758
A6NDX5	P55259
A6NDX5	P57771
A6NDX5	P59111
A6NDX5	P60839
A6NDX5	P62824
A6NDX5	P62823
A6NDX5	P70597
A6NDX5	P82280
A6NDX5	P93748
A6NDX5	Q01233
A6NDX5	Q02844
A6NDX5	Q03350
A6NDX5	Q058P4
A6NDX5	Q06348
A6NDX5	Q08963
A6NDX5	Q0D715
A6NDX5	Q10264
A6NDX5	Q10CQ8
A6NDX5	Q10MN5
A6NDX5	Q13606
A6NDX5	Q1EBV6
A6NDX5	Q1PEZ8
A6NDX5	Q1ZXH0
A6NDX5	Q2QKB3
A6NDX5	Q38824
A6NDX5	Q3TKR3
A6NDX5	Q3U2K5
A6NDX5	Q3UP87
A6NDX5	Q3ZC55
A6NDX5	A0A452E9Y6
A6NDX5	P97386
A6NDX5	P97386
A6NDX5	Q94BQ3
A6NDX5	Q94CJ8
A6NDX5	Q94LW4
A6NDX5	Q966R0
A6NDX5	Q96PT3
A6NDX5	Q99542
A6NDX5	Q9BYH8
A6NDX5	Q9C0K0
A6NDX5	Q9C0K0
A6NDX5	Q9C681
A6NDX5	Q9C8E1
A6NDX5	Q9CAL2
A6NDX5	Q9CRY7
A6NDX5	Q9D780
A6NDX5	Q9ES45
A6NDX5	Q9FFS9
A6NDX5	Q9FGH2
A6NDX5	Q9FGU3
A6NDX5	Q9FJ70
A6NDX5	Q9FJV0
A6NDX5	Q9FMS5
A6NDX5	Q9FXA2
A6NDX5	Q9GYZ0
A6NDX5	Q9H1Y3
A6NDX5	Q9JHJ8
A6NDX5	Q9JKR5
A6NDX5	Q9LDY5
A6NDX5	Q9LIG2
A6NDX5	Q9LJE5
A6NDX5	Q9LNF4
A6NDX5	Q9LS56
A6NDX5	Q9LTW5
A6NDX5	Q9LW62
A6NDX5	Q9LXE3
A6NDX5	Q9M077
A6NDX5	Q9M0Y8
A6NDX5	Q9M2D0
A6NDX5	Q9N2Z7
A6NDX5	Q9P7C0
A6NDX5	Q9P7X7
A6NDX5	Q9QXS4
A6NDX5	Q9SAD4
A6NDX5	Q9SEU8
A6NDX5	Q9SFW5
A6NDX5	Q9SK86
A6NDX5	Q9SQQ9
A6NDX5	Q9STF7
A6NDX5	Q9SUQ2
A6NDX5	Q9SXL4
A6NDX5	Q9UQG0
A6NDX5	Q9US60
A6NDX5	Q9UU81
A6NDX5	Q9WUH4
A6NDX5	Q9Y2F9
A6NDX5	Q9Z0J5
A6NDX5	Q9Z1T2
A6NDX5	Q9ZQ31
A6NDX5	Q9ZR08
A6NDX5	Q9ZUI6
A6NDX5	Q9ZV53
A6NDX5	Q9ZVP5
A6NDX5	Q9ZWM9
A6NDX5	A0A075B6S9
A6NDX5	A0A0A0MS14
A6NDX5	A0A0B4J2D9
A6NDX5	P0DP09
A6NDX5	A0A0G2JUG7
A6NDX5	A0A0P0X9Z7
A6NDX5	A0JPK3
A6NDX5	A1L1I3
A6NDX5	A2AHJ4
A6NDX5	A2AM05
A6NDX5	A2RRH5
A6NDX5	A2VCK2
A6NDX5	A6H5X4
A6NDX5	A6NHT5
A6NDX5	A6NJZ7
A6NDX5	A6NM76
A6NDX5	A7DTF0
A6NDX5	A8MT65
A6NDX5	A8MXD5
A6NDX5	B0V2N1
A6NDX5	B1AYL1
A6NDX5	B2RC85
A6NDX5	C0LGE0
A6NDX5	D3ZSC8
A6NDX5	D4A208
A6NDX5	E9P860
A6NDX5	E9Q8D0
A6NDX5	F8VPZ3
A6NDX5	G3V9R8
A6NDX5	G5EBZ4
A6NDX5	G5EGK5
A6NDX5	I3L5V6
A6NDX5	O01835
A6NDX5	O04251
A6NDX5	O08560
A6NDX5	O08629
A6NDX5	O08722
A6NDX5	O11780
A6NDX5	O13797
A6NDX5	O13919
A6NDX5	O14299
A6NDX5	O14613
A6NDX5	O14745
A6NDX5	O14863
A6NDX5	O14986
A6NDX5	O15213
A6NDX5	O15327
A6NDX5	O15439
A6NDX5	O15541
A6NDX5	O35142
A6NDX5	O35280
A6NDX5	O35681
A6NDX5	O35963
A6NDX5	O43353
A6NDX5	O43639
A6NDX5	O54946
A6NDX5	O55071
A6NDX5	O55187
A6NDX5	O60449
A6NDX5	O60602
A6NDX5	O60939
A6NDX5	O74388
A6NDX5	O74467
A6NDX5	O74653
A6NDX5	O74842
A6NDX5	O75116
A6NDX5	O75494
A6NDX5	Q9R0U0
A6NDX5	O75783
A6NDX5	O75888
A6NDX5	O76003
A6NDX5	O76337
A6NDX5	O82171
A6NDX5	O88457
A6NDX5	O88572
A6NDX5	O88846
A6NDX5	O88939
A6NDX5	O89053
A6NDX5	O94826
A6NDX5	O94955
A6NDX5	O95239
A6NDX5	O95625
A6NDX5	O95872
A6NDX5	P00533
A6NDX5	P00748
A6NDX5	P01893
A6NDX5	P02750
A6NDX5	P04042
A6NDX5	P08018
A6NDX5	P08123
A6NDX5	P08514
A6NDX5	P08684
A6NDX5	P09803
A6NDX5	P0C5E3
A6NDX5	P0C7M8
A6NDX5	P0C8M8
A6NDX5	P0CG40
A6NDX5	Q64HY3
A6NDX5	P10037
A6NDX5	P10599
A6NDX5	P10686
A6NDX5	P11226
A6NDX5	P11678
A6NDX5	P12844
A6NDX5	P13224
A6NDX5	P14235
A6NDX5	P14772
A6NDX5	P15390
A6NDX5	P16086
A6NDX5	P16662
A6NDX5	P17023
A6NDX5	P17119
A6NDX5	P17612
A6NDX5	P36887
A6NDX5	P18085
A6NDX5	P18901
A6NDX5	P19622
A6NDX5	P20334
A6NDX5	P20749
A6NDX5	P20930
A6NDX5	P22366
A6NDX5	P22680
A6NDX5	P23561
A6NDX5	P23727
A6NDX5	P23945
A6NDX5	P25455
A6NDX5	P26450
A6NDX5	P27512
A6NDX5	P28167
A6NDX5	P28335
A6NDX5	P29144
A6NDX5	P29374
A6NDX5	P29509
A6NDX5	P30188
A6NDX5	P30518
A6NDX5	P30645
A6NDX5	P31275
A6NDX5	P31749
A6NDX5	P32067
A6NDX5	P32299
A6NDX5	P32866
A6NDX5	P33261
A6NDX5	P34930
A6NDX5	P35176
A6NDX5	P35234
A6NDX5	P35340
A6NDX5	P35569
A6NDX5	P35688
A6NDX5	P35822
A6NDX5	P36010
A6NDX5	P36423
A6NDX5	P36947
A6NDX5	P38719
A6NDX5	P39010
A6NDX5	P39743
A6NDX5	P39966
A6NDX5	P40072
A6NDX5	P40343
A6NDX5	P40424
A6NDX5	P41778
A6NDX5	P40580
A6NDX5	P41242
A6NDX5	P41832
A6NDX5	P42081
A6NDX5	P42586
A6NDX5	P43119
A6NDX5	P43406
A6NDX5	P43585
A6NDX5	P45523
A6NDX5	P45973
A6NDX5	P46933
A6NDX5	P47973
A6NDX5	P48353
A6NDX5	P48453
A6NDX5	P48566
A6NDX5	P49683
A6NDX5	P50575
A6NDX5	P70396
A6NDX5	P50873
A6NDX5	P51140
A6NDX5	P51452
A6NDX5	P51617
A6NDX5	P51786
A6NDX5	P52011
A6NDX5	P52945
A6NDX5	P53066
A6NDX5	P53384
A6NDX5	P53779
A6NDX5	P53962
A6NDX5	P54283
A6NDX5	P54728
A6NDX5	P54816
A6NDX5	P55082
A6NDX5	P55266
A6NDX5	P56597
A6NDX5	P57087
A6NDX5	P57772
A6NDX5	P60660
A6NDX5	Q60605
A6NDX5	P61211
A6NDX5	P61751
A6NDX5	P61750
A6NDX5	P62166
A6NDX5	Q8BNY6
A6NDX5	P62491
A6NDX5	P62492
A6NDX5	P62494
A6NDX5	P68400
A6NDX5	P69525
A6NDX5	P70032
A6NDX5	P70227
A6NDX5	P70604
A6NDX5	P78970
A6NDX5	P80700
A6NDX5	P84085
A6NDX5	P84084
A6NDX5	P87206
A6NDX5	P94549
A6NDX5	P97326
A6NDX5	P97496
A6NDX5	P97797
A6NDX5	P97797
A6NDX5	P97879
A6NDX5	P98166
A6NDX5	P9WI71
A6NDX5	P9WI70
A6NDX5	P9WNV1
A6NDX5	P9WQ61
A6NDX5	Q00587
A6NDX5	Q00888
A6NDX5	Q01082
A6NDX5	Q01389
A6NDX5	Q01844
A6NDX5	Q02280
A6NDX5	Q02539
A6NDX5	Q02776
A6NDX5	Q03017
A6NDX5	Q03154
A6NDX5	Q03785
A6NDX5	Q03944
A6NDX5	Q04323
A6NDX5	Q04MY5
A6NDX5	Q05215
A6NDX5	Q06321
A6NDX5	Q06943
A6NDX5	Q07174
A6NDX5	Q07655
A6NDX5	Q08048
A6NDX5	Q08380
A6NDX5	Q08554
A6NDX5	Q08923
A6NDX5	Q09146
A6NDX5	Q09701
A6NDX5	Q0VGT4
A6NDX5	Q10172
A6NDX5	Q12778
A6NDX5	Q12899
A6NDX5	Q13009
A6NDX5	Q13243
A6NDX5	Q13349
A6NDX5	Q13438
A6NDX5	Q13829
A6NDX5	Q14055
A6NDX5	Q14162
A6NDX5	Q14330
A6NDX5	Q147U1
A6NDX5	Q15014
A6NDX5	Q15075
A6NDX5	Q15700
A6NDX5	Q16787
A6NDX5	Q17RD7
A6NDX5	Q1EHB3
A6NDX5	Q1MTQ7
A6NDX5	Q22516
A6NDX5	Q24145
A6NDX5	Q2KJY2
A6NDX5	Q2M3V2
A6NDX5	Q2WGJ9
A6NDX5	Q39221
A6NDX5	Q3C1V8
A6NDX5	Q3LHL9
A6NDX5	Q3TFD2
A6NDX5	Q3U0V1
A6NDX5	Q3U962
A6NDX5	Q3UFS4
A6NDX5	Q3UYC0
A6NDX5	Q45VV3
A6NDX5	Q497V6
A6NDX5	Q4KLI1
A6NDX5	Q4V8C7
A6NDX5	Q4VAC9
A6NDX5	Q53FZ2
A6NDX5	Q569C3
A6NDX5	Q5AED9
A6NDX5	Q5AK51
A6NDX5	Q5DRQ8
A6NDX5	Q5F201
A6NDX5	Q5FVM6
A6NDX5	Q5I0J8
A6NDX5	Q5T2D3
A6NDX5	Q5TEA6
A6NDX5	Q5U2X5
A6NDX5	Q5U4C9
A6NDX5	Q5W0U4
A6NDX5	Q5XI06
A6NDX5	Q5XIB2
A6NDX5	Q5XJV6
A6NDX5	Q60519
A6NDX5	Q60803
A6NDX5	Q61001
A6NDX5	Q61103
A6NDX5	Q61188
A6NDX5	Q61616
A6NDX5	Q61990
A6NDX5	Q62441
A6NDX5	Q62661
A6NDX5	Q62769
A6NDX5	Q63570
A6NDX5	P54775
A6NDX5	Q63744
A6NDX5	Q63HK3
A6NDX5	Q64680
A6NDX5	Q66H94
A6NDX5	Q66JT0
A6NDX5	Q68DV7
A6NDX5	Q68FQ0
A6NDX5	Q68G74
A6NDX5	Q6AXQ5
A6NDX5	Q6AY75
A6NDX5	Q6AYU4
A6NDX5	Q6DRC4
A6NDX5	Q6GMR7
A6NDX5	Q6N4Q4
A6NDX5	Q6NUM6
A6NDX5	Q6NX49
A6NDX5	Q6P3W7
A6NDX5	Q6PDG5
A6NDX5	Q6PGB6
A6NDX5	Q6RFZ7
A6NDX5	Q6T311
A6NDX5	Q6UJY2
A6NDX5	Q6VYH9
A6NDX5	Q6ZMI3
A6NDX5	Q6ZN30
A6NDX5	Q6ZQJ5
A6NDX5	Q6ZS27
A6NDX5	Q702N8
A6NDX5	Q76LT8
A6NDX5	Q78PY7
A6NDX5	Q7JKC3
A6NDX5	Q7KRS9
A6NDX5	Q7L804
A6NDX5	Q7TN40
A6NDX5	Q7TNY1
A6NDX5	Q7TPW1
A6NDX5	Q7TSU1
A6NDX5	Q7Z6G8
A6NDX5	Q7Z7F0
A6NDX5	Q80TG9
A6NDX5	Q80VI1
A6NDX5	Q80W71
A6NDX5	Q80XP9
A6NDX5	Q80YF6
A6NDX5	Q80Z64
A6NDX5	Q811L6
A6NDX5	Q83QE0
A6NDX5	Q86BA1
A6NDX5	Q86T24
A6NDX5	Q86UQ4
A6NDX5	Q86V86
A6NDX5	Q86XF7
A6NDX5	Q8BHE3
A6NDX5	Q8BMC3
A6NDX5	Q8BPN8
A6NDX5	Q8BUV8
A6NDX5	Q8BWL5
A6NDX5	Q8BYH8
A6NDX5	Q8BZ47
A6NDX5	Q8C080
A6NDX5	Q8C6G1
A6NDX5	Q8CEE7
A6NDX5	Q8CH77
A6NDX5	Q8GYQ5
A6NDX5	Q8IUE0
A6NDX5	Q8IZF2
A6NDX5	Q8IZW8
A6NDX5	Q8JZX9
A6NDX5	Q8K0G5
A6NDX5	Q8K1S5
A6NDX5	Q8MJ50
A6NDX5	Q8N157
A6NDX5	Q8N228
A6NDX5	Q8N344
A6NDX5	Q8N5M4
A6NDX5	Q8N6G6
A6NDX5	Q8N7C7
A6NDX5	Q8N8A2
A6NDX5	Q8N8Z8
A6NDX5	Q8NEK5
A6NDX5	Q8NF99
A6NDX5	Q8NGF0
A6NDX5	Q8NGX0
A6NDX5	Q8NHQ9
A6NDX5	Q8QZZ8
A6NDX5	Q8R464
A6NDX5	Q1WIM1
A6NDX5	Q8R5F7
A6NDX5	Q8RWW0
A6NDX5	Q8SX83
A6NDX5	Q8TAD8
A6NDX5	Q8TD43
A6NDX5	Q8TEH3
A6NDX5	Q8TF50
A6NDX5	Q8VBY2
A6NDX5	Q8VCE9
A6NDX5	Q8VCT4
A6NDX5	Q8VDY4
A6NDX5	Q8VED2
A6NDX5	Q8VHH5
A6NDX5	Q8VIG3
A6NDX5	Q8WVZ9
A6NDX5	Q8WWV3
A6NDX5	Q8WZ42
A6NDX5	Q91W40
A6NDX5	Q91WU0
A6NDX5	Q91Z69
A6NDX5	Q91ZU0
A6NDX5	Q9H672
A6NDX5	Q921H8
A6NDX5	Q922Y1
A6NDX5	Q924N5
A6NDX5	Q92765
A6NDX5	Q92952
A6NDX5	Q93009
A6NDX5	Q93654
A6NDX5	Q93ZG9
A6NDX5	Q94918
A6NDX5	Q95JA5
A6NDX5	Q969H0
A6NDX5	Q96BF6
A6NDX5	Q96E35
A6NDX5	Q96ET8
A6NDX5	Q96JB6
A6NDX5	Q96JZ2
A6NDX5	Q96KQ4
A6NDX5	Q96MF2
A6NDX5	Q96NL3
A6NDX5	Q96P68
A6NDX5	Q96QE3
A6NDX5	Q96RE7
A6NDX5	Q96S38
A6NDX5	Q97UY8
A6NDX5	Q99909
A6NDX5	Q99J45
A6NDX5	Q99JP0
A6NDX5	Q99K51
A6NDX5	Q99KR7
A6NDX5	Q99MK9
A6NDX5	Q9BL02
A6NDX5	Q9BQY4
A6NDX5	P0C7M4
A6NDX5	Q9BV99
A6NDX5	Q9BWV1
A6NDX5	Q9BXT6
A6NDX5	Q9BY84
A6NDX5	Q9BYV6
A6NDX5	Q9BZF1
A6NDX5	Q9C0C4
A6NDX5	Q9CAI7
A6NDX5	Q9CYG7
A6NDX5	Q9D0B0
A6NDX5	Q9D1G1
A6NDX5	P10536
A6NDX5	Q9D832
A6NDX5	Q9DBD2
A6NDX5	Q9DC07
A6NDX5	Q9DDD7
A6NDX5	Q9ER74
A6NDX5	Q9ESK4
A6NDX5	Q9ET58
A6NDX5	Q9FHD7
A6NDX5	Q9FKW6
A6NDX5	Q9FPS3
A6NDX5	Q9GZQ4
A6NDX5	Q9GZZ0
A6NDX5	Q9H0D2
A6NDX5	Q9H0S4
A6NDX5	Q9H2H8
A6NDX5	Q9H3T3
A6NDX5	Q9H4F8
A6NDX5	Q9H6E5
A6NDX5	Q9H707
A6NDX5	Q9H8L6
A6NDX5	Q9H992
A6NDX5	Q9HA38
A6NDX5	Q9HBG7
A6NDX5	Q9HC29
A6NDX5	Q9HCJ2
A6NDX5	Q8C031
A6NDX5	Q9JHK5
A6NDX5	Q9JK66
A6NDX5	Q9JKN6
A6NDX5	Q9JLB9
A6NDX5	Q9JLY0
A6NDX5	Q9LFS4
A6NDX5	Q9LJY7
A6NDX5	Q9NHC3
A6NDX5	Q9NP78
A6NDX5	Q9NT99
A6NDX5	Q9NV66
A6NDX5	Q9NX02
A6NDX5	Q9P2D0
A6NDX5	Q9P2N5
A6NDX5	Q9P7Q4
A6NDX5	Q9PRS8
A6NDX5	Q9QVC8
A6NDX5	Q9QXS1
A6NDX5	Q9QY30
A6NDX5	Q9QYU3
A6NDX5	Q9QZC5
A6NDX5	Q9QZR8
A6NDX5	Q9R237
A6NDX5	Q9SRH9
A6NDX5	Q9TZM3
A6NDX5	Q9U9P7
A6NDX5	Q9UGI0
A6NDX5	Q9UHN6
A6NDX5	Q9UJW8
A6NDX5	Q9UKN7
A6NDX5	Q9ULM6
A6NDX5	Q9UM54
A6NDX5	Q9UN75
A6NDX5	Q9UNW8
A6NDX5	Q9UPR6
A6NDX5	Q9UQB8
A6NDX5	Q9URY0
A6NDX5	Q9VA38
A6NDX5	Q9VER6
A6NDX5	Q9VMC8
A6NDX5	Q9VSR3
A6NDX5	Q9VVR9
A6NDX5	Q9VYQ8
A6NDX5	Q9W0K4
A6NDX5	Q9W1U4
A6NDX5	Q9WU49
A6NDX5	Q9WVB3
A6NDX5	Q9Y228
A6NDX5	Q9Y2X9
A6NDX5	Q9Y388
A6NDX5	Q9Y485
A6NDX5	Q9Y4P3
A6NDX5	Q9Y5B0
A6NDX5	Q9Y5H2
A6NDX5	Q9Y5Z7
A6NDX5	Q9Y6W6
A6NDX5	Q9Z0R4
A6NDX5	Q9Z0R4
A6NDX5	Q9Z1D8
A6NDX5	Q9Z200
A6NDX5	Q9Z2B5
A6NDX5	Q9Z2J6
A6NDX5	Q9Z2W1
A6NDX5	Q9ZV25
A6NDX5	A2AX52
A6NDX5	A2X0Q3
A6NDX5	A3BMN9
A6NDX5	A4R2Q6
A6NDX5	A6NGE4
A6NDX5	A7TJS7
A6NDX5	A8JQX3
A6NDX5	A8MVW5
A6NDX5	B9DFU2
A6NDX5	B9G5Y5
A6NDX5	C6KTB8
A6NDX5	D4A7T3
A6NDX5	E5RIL1
A6NDX5	B0FP48
A6NDX5	F4HWL3
A6NDX5	F4JDI6
A6NDX5	F4JPX3
A6NDX5	F4JVA6
A6NDX5	F4KGU4
A6NDX5	H3BUK9
A6NDX5	M0R5D6
A6NDX5	O00909
A6NDX5	O22899
A6NDX5	O23212
A6NDX5	O24585
A6NDX5	O49570
A6NDX5	O60072
A6NDX5	O60404
A6NDX5	O62471
A6NDX5	O64948
A6NDX5	O70582
A6NDX5	O74861
A6NDX5	O76329
A6NDX5	O80713
A6NDX5	O88204
A6NDX5	O88998
A6NDX5	O94284
A6NDX5	P01680
A6NDX5	P01814
A6NDX5	P04186
A6NDX5	P04941
A6NDX5	P05714
A6NDX5	P56371
A6NDX5	P07829
A6NDX5	P0C862
A6NDX5	P0CG71
A6NDX5	P10755
A6NDX5	P14713
A6NDX5	P20267
A6NDX5	Q03052
A6NDX5	P21180
A6NDX5	P25372
A6NDX5	P26044
A6NDX5	P30632
A6NDX5	P34057
A6NDX5	P34322
A6NDX5	P35683
A6NDX5	P36604
A6NDX5	P38551
A6NDX5	P40358
A6NDX5	P42497
A6NDX5	P46573
A6NDX5	P48554
A6NDX5	P49651
A6NDX5	P50129
A6NDX5	P51864
A6NDX5	P53474
A6NDX5	P54774
A6NDX5	P60893
A6NDX5	P63157
A6NDX5	P63156
A6NDX5	P70217
A6NDX5	P70611
A6NDX5	P87314
A6NDX5	P93749
A6NDX5	Q00286
A6NDX5	Q02066
A6NDX5	Q03358
A6NDX5	Q09878
A6NDX5	Q0D840
A6NDX5	Q0E2L3
A6NDX5	Q0P3M7
A6NDX5	Q0VDQ9
A6NDX5	Q0WSN2
A6NDX5	Q0WX00
A6NDX5	Q10137
A6NDX5	Q10MN6
A6NDX5	Q14B24
A6NDX5	Q17239
A6NDX5	Q1EC66
A6NDX5	Q1PF20
A6NDX5	Q1ZXH2
A6NDX5	Q2QKB4
A6NDX5	Q2QXZ2
A6NDX5	Q2RBR1
A6NDX5	Q2V4F9
A6NDX5	Q32PL1
A6NDX5	Q38825
A6NDX5	Q38998
A6NDX5	Q3ECH2
A6NDX5	Q3MPQ4
A6NDX5	Q3TL44
A6NDX5	Q3UPF5
A6NDX5	Q3UPF5
A6NDX5	Q3UZD5
A6NDX5	Q4JL84
A6NDX5	Q4VAH7
A6NDX5	Q8BUN9
A6NDX5	O95405
A6NDX5	O95405
A6NDX5	P9WHH1
A6NDX5	Q86YA3
A6NDX5	Q86YA3
A6NDX5	Q91ZR4
A6NDX5	Q923T7
A6NDX5	Q92785
A6NDX5	Q92785
A6NDX5	Q93Y01
A6NDX5	Q93Z30
A6NDX5	Q93ZX1
A6NDX5	Q94503
A6NDX5	Q94A16
A6NDX5	Q96IS3
A6NDX5	Q96PT4
A6NDX5	Q96T54
A6NDX5	Q99MS4
A6NDX5	Q9BQ31
A6NDX5	Q9BV97
A6NDX5	Q9BV97
A6NDX5	Q9C519
A6NDX5	Q9C691
A6NDX5	Q9C6W5
A6NDX5	Q9CAL8
A6NDX5	Q9D783
A6NDX5	Q9EQD2
A6NDX5	Q9ES72
A6NDX5	Q9FFE6
A6NDX5	Q9FFT0
A6NDX5	Q9FGV1
A6NDX5	Q9FLF4
A6NDX5	Q9FWA3
A6NDX5	Q9GZK3
A6NDX5	Q9HEH1
A6NDX5	Q9LF41
A6NDX5	Q9LJF3
A6NDX5	Q9LM69
A6NDX5	Q9LNG5
A6NDX5	Q9LPH0
A6NDX5	Q9LVJ1
A6NDX5	Q9LY41
A6NDX5	Q9LYW9
A6NDX5	Q9M1I7
A6NDX5	Q9M2D4
A6NDX5	Q9M2X3
A6NDX5	Q9NKW1
A6NDX5	Q9P7C1
A6NDX5	Q9QXS8
A6NDX5	Q9R118
A6NDX5	Q9SA22
A6NDX5	Q9SCX5
A6NDX5	Q9SEY5
A6NDX5	Q9SJM3
A6NDX5	Q9SM23
A6NDX5	Q9SN43
A6NDX5	Q9SQR2
A6NDX5	Q9STG6
A6NDX5	Q9SWB4
A6NDX5	Q9T035
A6NDX5	Q9UBM4
A6NDX5	Q9UQW6
A6NDX5	Q9V5E1
A6NDX5	Q9WUI0
A6NDX5	Q9Y2G2
A6NDX5	Q9Y2G2
A6NDX5	Q9Z205
A6NDX5	Q9ZP16
A6NDX5	Q9ZTX8
A6NDX5	Q9ZUL5
A6NDX5	Q9ZWS7
A6NDX5	A0A075B6T6
A6NDX5	A0A0A0MS15
A6NDX5	A0A0B4J2H0
A6NDX5	P01742
A6NDX5	A0A0G2JV04
A6NDX5	A1L1J6
A6NDX5	A1Z7G7
A6NDX5	A2A259
A6NDX5	A2A8Z1
A6NDX5	A2ATD1
A6NDX5	A4L691
A6NDX5	A5D9M6
A6NDX5	A6NHY2
A6NDX5	A6NMB1
A6NDX5	B1AZ99
A6NDX5	B2RPK0
A6NDX5	B2ZHY2
A6NDX5	B5DFC9
A6NDX5	B7ZCC9
A6NDX5	C0LGE4
A6NDX5	D3Z8N2
A6NDX5	Q8BFX1
A6NDX5	D3ZG83
A6NDX5	D3ZSI8
A6NDX5	E9PYH6
A6NDX5	E9Q4J9
A6NDX5	F1LTR1
A6NDX5	F4IB81
A6NDX5	F8VPZ5
A6NDX5	G3X8Y1
A6NDX5	G5EBZ8
A6NDX5	M9PH32
A6NDX5	O00339
A6NDX5	O01836
A6NDX5	O04314
A6NDX5	O08561
A6NDX5	O08638
A6NDX5	O08730
A6NDX5	O13686
A6NDX5	O13799
A6NDX5	O13923
A6NDX5	O14301
A6NDX5	O14867
A6NDX5	O15344
A6NDX5	O15455
A6NDX5	O22898
A6NDX5	O34979
A6NDX5	O35828
A6NDX5	O35964
A6NDX5	O42861
A6NDX5	O43361
A6NDX5	O49420
A6NDX5	O54828
A6NDX5	O60469
A6NDX5	O60603
A6NDX5	O60942
A6NDX5	O70157
A6NDX5	O74470
A6NDX5	O75121
A6NDX5	O75309
A6NDX5	O76360
A6NDX5	O88466
A6NDX5	O88850
A6NDX5	O95155
A6NDX5	O95243
A6NDX5	O95365
A6NDX5	O95626
A6NDX5	O95780
A6NDX5	P00540
A6NDX5	P00749
A6NDX5	P01103
A6NDX5	P01895
A6NDX5	P01895
A6NDX5	P05164
A6NDX5	P06876
A6NDX5	P07202
A6NDX5	P08290
A6NDX5	P08516
A6NDX5	P08908
A6NDX5	P09052
A6NDX5	P09446
A6NDX5	P09619
A6NDX5	P0AA25
A6NDX5	P0C0L4
A6NDX5	P0C279
A6NDX5	P0C5E4
A6NDX5	P0C7M9
A6NDX5	P0CS90
A6NDX5	P0DJJ0
A6NDX5	P10041
A6NDX5	P10266
A6NDX5	P10687
A6NDX5	P11075
A6NDX5	P11229
A6NDX5	P11862
A6NDX5	P12845
A6NDX5	P13635
A6NDX5	P13796
A6NDX5	P14242
A6NDX5	P14778
A6NDX5	P15392
A6NDX5	P15619
A6NDX5	P16092
A6NDX5	P17024
A6NDX5	P17121
A6NDX5	P17343
A6NDX5	P17820
A6NDX5	P18432
A6NDX5	P18652
A6NDX5	P19146
A6NDX5	P20336
A6NDX5	P20480
A6NDX5	P20759
A6NDX5	P22204
A6NDX5	P22413
A6NDX5	P22681
A6NDX5	P23246
A6NDX5	P23394
A6NDX5	P23743
A6NDX5	P23946
A6NDX5	P25490
A6NDX5	P26453
A6NDX5	P27514
A6NDX5	P27695
A6NDX5	P27930
A6NDX5	P28178
A6NDX5	P28336
A6NDX5	P29147
A6NDX5	P29376
A6NDX5	P30872
A6NDX5	P31276
A6NDX5	P31750
A6NDX5	P47196
A6NDX5	P32300
A6NDX5	P32361
A6NDX5	P32499
A6NDX5	P32581
A6NDX5	P32944
A6NDX5	P33267
A6NDX5	P34400
A6NDX5	P34576
A6NDX5	P34707
A6NDX5	P34931
A6NDX5	P35177
A6NDX5	P35236
A6NDX5	P35343
A6NDX5	P35452
A6NDX5	P35570
A6NDX5	P35831
A6NDX5	P37217
A6NDX5	P38011
A6NDX5	P38159
A6NDX5	P38720
A6NDX5	P38822
A6NDX5	P39651
A6NDX5	P39967
A6NDX5	P40073
A6NDX5	P40425
A6NDX5	P40528
A6NDX5	P41245
A6NDX5	P42082
A6NDX5	P42787
A6NDX5	P43120
A6NDX5	P45974
A6NDX5	P46250
A6NDX5	P46580
A6NDX5	P46935
A6NDX5	P46997
A6NDX5	P47974
A6NDX5	P48148
A6NDX5	P48356
A6NDX5	P48455
A6NDX5	P48722
A6NDX5	P49685
A6NDX5	P50101
A6NDX5	P51141
A6NDX5	P51480
A6NDX5	P51787
A6NDX5	P52012
A6NDX5	P52688
A6NDX5	P52946
A6NDX5	P53783
A6NDX5	O00570
A6NDX5	P53912
A6NDX5	P54285
A6NDX5	P55084
A6NDX5	P55268
A6NDX5	P55795
A6NDX5	P58499
A6NDX5	P59764
A6NDX5	P60669
A6NDX5	P60882
A6NDX5	P61027
A6NDX5	P61026
A6NDX5	P61963
A6NDX5	P61962
A6NDX5	P62191
A6NDX5	P62192
A6NDX5	P62193
A6NDX5	P62961
A6NDX5	P62960
A6NDX5	P63316
A6NDX5	P63317
A6NDX5	P70096
A6NDX5	P70232
A6NDX5	P70441
A6NDX5	P70605
A6NDX5	P75093
A6NDX5	P75393
A6NDX5	P78356
A6NDX5	Q80XI4
A6NDX5	P87216
A6NDX5	P92948
A6NDX5	P94565
A6NDX5	P97432
A6NDX5	P97499
A6NDX5	P97801
A6NDX5	P98168
A6NDX5	P9WNV3
A6NDX5	P9WQ62
A6NDX5	Q00889
A6NDX5	Q02294
A6NDX5	Q02779
A6NDX5	Q02K94
A6NDX5	Q03160
A6NDX5	Q04683
A6NDX5	Q05238
A6NDX5	Q06078
A6NDX5	Q06180
A6NDX5	Q06481
A6NDX5	Q06698
A6NDX5	Q06945
A6NDX5	Q07176
A6NDX5	Q08050
A6NDX5	Q08227
A6NDX5	Q08924
A6NDX5	Q09329
A6NDX5	Q09510
A6NDX5	Q09702
A6NDX5	Q09819
A6NDX5	Q12415
A6NDX5	Q12466
A6NDX5	Q12788
A6NDX5	Q12901
A6NDX5	Q13011
A6NDX5	Q13247
A6NDX5	Q13351
A6NDX5	Q13835
A6NDX5	Q14164
A6NDX5	Q14676
A6NDX5	Q14C59
A6NDX5	Q15077
A6NDX5	Q15269
A6NDX5	Q15582
A6NDX5	Q15818
A6NDX5	Q16539
A6NDX5	Q16637
A6NDX5	Q16790
A6NDX5	Q17RG1
A6NDX5	Q18788
A6NDX5	Q21017
A6NDX5	Q24478
A6NDX5	Q28948
A6NDX5	Q2M3W8
A6NDX5	Q2WGN9
A6NDX5	Q38868
A6NDX5	Q3MIS6
A6NDX5	Q3TFK5
A6NDX5	Q3UK78
A6NDX5	Q3UMY5
A6NDX5	Q3UMY5
A6NDX5	Q3URD3
A6NDX5	Q3UUF8
A6NDX5	Q3UYG8
A6NDX5	Q460N3
A6NDX5	Q4H4B6
A6NDX5	Q4JBG0
A6NDX5	Q4KM95
A6NDX5	Q55D99
A6NDX5	Q569E7
A6NDX5	Q57014
A6NDX5	Q59641
A6NDX5	Q5AK66
A6NDX5	Q5F226
A6NDX5	Q5ND34
A6NDX5	Q5PQP1
A6NDX5	Q5RJM0
A6NDX5	Q5SSZ5
A6NDX5	Q5SW46
A6NDX5	Q5SZI1
A6NDX5	Q5T2N8
A6NDX5	Q5TEC3
A6NDX5	Q5VST9
A6NDX5	Q5VV17
A6NDX5	Q5XI07
A6NDX5	Q5XIL8
A6NDX5	Q5XJV7
A6NDX5	Q60575
A6NDX5	Q60805
A6NDX5	Q61006
A6NDX5	Q61329
A6NDX5	Q61495
A6NDX5	Q61618
A6NDX5	Q62172
A6NDX5	Q62662
A6NDX5	Q62770
A6NDX5	Q63246
A6NDX5	Q63572
A6NDX5	Q63746
A6NDX5	Q64127
A6NDX5	Q64355
A6NDX5	Q64691
A6NDX5	Q66JV4
A6NDX5	Q689Z5
A6NDX5	Q68DX3
A6NDX5	Q68FQ7
A6NDX5	Q6GMV2
A6NDX5	Q6IA86
A6NDX5	Q6J4K2
A6NDX5	Q6LA54
A6NDX5	Q6N5C3
A6NDX5	Q6NUM9
A6NDX5	Q6NXA4
A6NDX5	Q6P5D3
A6NDX5	Q6P6R2
A6NDX5	Q6PCB8
A6NDX5	Q6PGB8
A6NDX5	Q6RHR9
A6NDX5	Q6UWV2
A6NDX5	Q6XUX1
A6NDX5	Q6ZMJ2
A6NDX5	Q6ZPK7
A6NDX5	Q6ZS30
A6NDX5	Q72GW4
A6NDX5	P60339
A6NDX5	Q764M9
A6NDX5	Q7K3M5
A6NDX5	Q7KRW8
A6NDX5	Q7TNY6
A6NDX5	Q7TSU7
A6NDX5	Q7XJR9
A6NDX5	Q7Z7G1
A6NDX5	Q80TH2
A6NDX5	Q80U35
A6NDX5	Q80UP3
A6NDX5	Q80YF9
A6NDX5	Q80Z70
A6NDX5	Q810A7
A6NDX5	Q811M1
A6NDX5	Q83QK4
A6NDX5	Q86T29
A6NDX5	Q86UR5
A6NDX5	Q86XH1
A6NDX5	Q86Y33
A6NDX5	Q86YT6
A6NDX5	Q8BFX3
A6NDX5	Q8BG92
A6NDX5	Q8BGW4
A6NDX5	Q8BH57
A6NDX5	Q8BJU0
A6NDX5	Q8BNA6
A6NDX5	Q8BPP0
A6NDX5	Q8BSN5
A6NDX5	Q8BUW1
A6NDX5	Q8BVP1
A6NDX5	Q8BYI6
A6NDX5	Q8C0C0
A6NDX5	Q8C1B2
A6NDX5	Q8C570
A6NDX5	Q8C6G8
A6NDX5	Q8C827
A6NDX5	Q8CAS9
A6NDX5	Q8CEF1
A6NDX5	Q8CH84
A6NDX5	Q8GYR4
A6NDX5	Q8IUE1
A6NDX5	Q8IWB6
A6NDX5	Q8IWX7
A6NDX5	Q8IYI8
A6NDX5	Q8IYW5
A6NDX5	Q8IZF3
A6NDX5	Q8IZX4
A6NDX5	Q8K0G8
A6NDX5	Q8K394
A6NDX5	Q8K3X6
A6NDX5	Q8K596
A6NDX5	Q8LBL1
A6NDX5	Q8N0W4
A6NDX5	Q8N239
A6NDX5	Q8N349
A6NDX5	Q8N3Z6
A6NDX5	Q8N4T4
A6NDX5	Q8N7G0
A6NDX5	Q8N8A6
A6NDX5	Q8NC56
A6NDX5	Q8NCU7
A6NDX5	Q8NDX1
A6NDX5	Q8NFA0
A6NDX5	Q8NGF7
A6NDX5	Q8NGX2
A6NDX5	Q8R0J1
A6NDX5	Q8R1P5
A6NDX5	Q8R2U7
A6NDX5	Q8R5F8
A6NDX5	Q8RWX7
A6NDX5	Q8TB24
A6NDX5	Q8TEJ3
A6NDX5	Q8VBZ0
A6NDX5	Q8VCT9
A6NDX5	Q8VDD9
A6NDX5	Q8VIG6
A6NDX5	Q8VZG7
A6NDX5	Q8WTQ7
A6NDX5	Q8WXI8
A6NDX5	Q8Y422
A6NDX5	Q91VM5
A6NDX5	Q91VM5
A6NDX5	Q91ZV2
A6NDX5	Q920M5
A6NDX5	Q924S5
A6NDX5	Q925E1
A6NDX5	Q92625
A6NDX5	Q92766
A6NDX5	Q92854
A6NDX5	Q92953
A6NDX5	Q93ZS4
A6NDX5	Q969H4
A6NDX5	Q96A44
A6NDX5	Q96AP7
A6NDX5	Q96C10
A6NDX5	Q96CS3
A6NDX5	Q96DH6
A6NDX5	Q96E39
A6NDX5	Q96FE5
A6NDX5	Q96GW7
A6NDX5	Q96HQ0
A6NDX5	Q96IT1
A6NDX5	Q96KQ7
A6NDX5	Q96PQ6
A6NDX5	Q96QE4
A6NDX5	Q96RE9
A6NDX5	Q96S44
A6NDX5	Q99543
A6NDX5	Q99741
A6NDX5	Q99J47
A6NDX5	Q99LE6
A6NDX5	Q99N13
A6NDX5	Q99PN3
A6NDX5	Q9BQ90
A6NDX5	Q9BT40
A6NDX5	Q9BTX7
A6NDX5	Q9BVA0
A6NDX5	Q9BW19
A6NDX5	Q9BXT8
A6NDX5	Q9BZF2
A6NDX5	Q9CT10
A6NDX5	Q9CZ96
A6NDX5	Q9CZ96
A6NDX5	Q9CZT5
A6NDX5	Q9D0B1
A6NDX5	Q9D1G5
A6NDX5	Q9D5L7
A6NDX5	Q9D6K9
A6NDX5	Q9D968
A6NDX5	Q9DBR2
A6NDX5	Q9DDT2
A6NDX5	Q9EPK8
A6NDX5	Q9EQ31
A6NDX5	Q9ER75
A6NDX5	Q9ERQ6
A6NDX5	Q9ET61
A6NDX5	Q9FHK7
A6NDX5	Q9FL28
A6NDX5	Q9GQN5
A6NDX5	Q9GZQ6
A6NDX5	Q9GZZ1
A6NDX5	Q9H0T7
A6NDX5	Q9H1B4
A6NDX5	Q9H3U1
A6NDX5	Q9H4G0
A6NDX5	Q9H714
A6NDX5	Q9HBH0
A6NDX5	Q9HD26
A6NDX5	Q9HGL2
A6NDX5	Q9I7D3
A6NDX5	Q9JIF9
A6NDX5	Q9JIT1
A6NDX5	Q9JJA4
A6NDX5	Q9JJS5
A6NDX5	Q9JK71
A6NDX5	Q9JKP5
A6NDX5	Q9JLZ1
A6NDX5	Q9LFT8
A6NDX5	Q9LR78
A6NDX5	Q9LY51
A6NDX5	Q9M2S4
A6NDX5	Q9N4Y9
A6NDX5	Q9NQS3
A6NDX5	Q9NR31
A6NDX5	Q9NTG1
A6NDX5	Q9NUK0
A6NDX5	Q9NV70
A6NDX5	Q9NY46
A6NDX5	Q9NYN1
A6NDX5	Q9NZL3
A6NDX5	Q9NZV7
A6NDX5	Q9P203
A6NDX5	Q9P2D1
A6NDX5	Q9P4U6
A6NDX5	Q9P7Q7
A6NDX5	Q9QVN7
A6NDX5	Q9QXA7
A6NDX5	Q9QXS6
A6NDX5	Q9QZR9
A6NDX5	Q9R066
A6NDX5	Q9R0N3
A6NDX5	Q9R244
A6NDX5	Q9SG12
A6NDX5	Q9SRR2
A6NDX5	Q9T0A0
A6NDX5	Q9UAS6
A6NDX5	Q9UBL3
A6NDX5	Q9UBU8
A6NDX5	Q9UGI8
A6NDX5	Q9UHP3
A6NDX5	Q9UIB8
A6NDX5	Q9UM63
A6NDX5	Q9UNW9
A6NDX5	Q9UQB9
A6NDX5	Q9URY1
A6NDX5	Q9UUA1
A6NDX5	Q9UV51
A6NDX5	Q9V6K1
A6NDX5	Q9VAB8
A6NDX5	Q9VGR7
A6NDX5	Q9VL72
A6NDX5	Q9VPC0
A6NDX5	Q9VX09
A6NDX5	Q9WTU0
A6NDX5	Q9WVB9
A6NDX5	Q9WVM1
A6NDX5	Q9XVI9
A6NDX5	Q9XZ58
A6NDX5	Q9Y230
A6NDX5	Q9WTM5
A6NDX5	Q9Y283
A6NDX5	Q9Y394
A6NDX5	Q9Y3F4
A6NDX5	Q9Y5H3
A6NDX5	Q9Y6K5
A6NDX5	Q9Y7R4
A6NDX5	Q9Z1D9
A6NDX5	Q9Z1P4
A6NDX5	Q9Z204
A6NDX5	Q9Z2B9
A6NDX5	A0A576
A6NDX5	A2BD05
A6NDX5	A2X1N2
A6NDX5	A2Y8E0
A6NDX5	A3BXL8
A6NDX5	A4RIF1
A6NDX5	A5DDF4
A6NDX5	A6NCQ9
A6NDX5	A6NGH8
A6NDX5	A8MVZ5
A6NDX5	A9ZSY0
A6NDX5	B6ETT4
A6NDX5	B9DFV2
A6NDX5	B9G8P1
A6NDX5	C0LGD8
A6NDX5	D3ZGS3
A6NDX5	D4ABL6
A6NDX5	E9Q735
A6NDX5	F4HRJ4
A6NDX5	F4IEY4
A6NDX5	F4IN32
A6NDX5	F4IV99
A6NDX5	F4J3T8
A6NDX5	F4JQ51
A6NDX5	F4K1J4
A6NDX5	F4KA50
A6NDX5	F4KGY6
A6NDX5	G4MZY8
A6NDX5	G5E8Z2
A6NDX5	G5EFF1
A6NDX5	M0RC99
A6NDX5	Q9CQD1
A6NDX5	O08835
A6NDX5	O24591
A6NDX5	O45933
A6NDX5	O49315
A6NDX5	O54798
A6NDX5	O59670
A6NDX5	O60422
A6NDX5	O70240
A6NDX5	O70584
A6NDX5	O75015
A6NDX5	O80719
A6NDX5	O80902
A6NDX5	O88280
A6NDX5	O89029
A6NDX5	O94291
A6NDX5	O94393
A6NDX5	O94547
A6NDX5	O96904
A6NDX5	P01699
A6NDX5	P01823
A6NDX5	P02706
A6NDX5	P04201
A6NDX5	P04943
A6NDX5	P06882
A6NDX5	P0C0E4
A6NDX5	P0C6B8
A6NDX5	P0CG72
A6NDX5	P11510
A6NDX5	P15539
A6NDX5	P23515
A6NDX5	P25373
A6NDX5	P28825
A6NDX5	P34586
A6NDX5	P36614
A6NDX5	P39108
A6NDX5	P42498
A6NDX5	P50700
A6NDX5	P51869
A6NDX5	P53492
A6NDX5	P61023
A6NDX5	P61022
A6NDX5	P70612
A6NDX5	P82460
A6NDX5	P93757
A6NDX5	P97474
A6NDX5	Q00417
A6NDX5	Q06389
A6NDX5	Q06AN9
A6NDX5	Q0JFH7
A6NDX5	Q0P3N5
A6NDX5	Q0VE82
A6NDX5	Q0WSX8
A6NDX5	Q10270
A6NDX5	Q10DU0
A6NDX5	A2XLG5
A6NDX5	Q14050
A6NDX5	Q14B25
A6NDX5	Q17241
A6NDX5	Q19013
A6NDX5	Q1ECX4
A6NDX5	Q1L8T5
A6NDX5	Q1ZXH8
A6NDX5	Q21209
A6NDX5	Q23357
A6NDX5	Q38826
A6NDX5	Q39256
A6NDX5	Q3MV14
A6NDX5	Q3TL54
A6NDX5	Q498S8
A6NDX5	Q4QQS0
A6NDX5	Q8BZN6
A6NDX5	A5JUY8
A6NDX5	P08393
A6NDX5	Q91ZR5
A6NDX5	Q921X9
A6NDX5	Q923X4
A6NDX5	Q94504
A6NDX5	Q94A18
A6NDX5	Q94BR4
A6NDX5	Q94LW7
A6NDX5	Q96J42
A6NDX5	Q99603
A6NDX5	Q99KC7
A6NDX5	Q99MT8
A6NDX5	Q99PV8
A6NDX5	Q99PV8
A6NDX5	Q9BQ87
A6NDX5	Q9CAM7
A6NDX5	Q9CPV7
A6NDX5	Q9D350
A6NDX5	Q9D7E3
A6NDX5	Q9FFE9
A6NDX5	Q9FFT9
A6NDX5	Q9FGI1
A6NDX5	Q9FIH9
A6NDX5	Q9FM85
A6NDX5	Q9FMT4
A6NDX5	Q9FNB5
A6NDX5	Q9FNP4
A6NDX5	Q9FUR2
A6NDX5	Q9GZK4
A6NDX5	Q9H205
A6NDX5	Q9HBY0
A6NDX5	Q9HEV5
A6NDX5	Q9JJH3
A6NDX5	Q9LDZ0
A6NDX5	Q9LMN6
A6NDX5	Q9LPI5
A6NDX5	Q9LT96
A6NDX5	Q9LTX9
A6NDX5	Q9LW76
A6NDX5	Q9LYZ0
A6NDX5	Q9M2E2
A6NDX5	Q9M3D6
A6NDX5	Q9NS67
A6NDX5	Q9NY43
A6NDX5	Q9P2G3
A6NDX5	Q9SA25
A6NDX5	Q9SCY3
A6NDX5	Q9SHZ6
A6NDX5	Q9SJ25
A6NDX5	Q9SKA3
A6NDX5	Q9SN52
A6NDX5	Q9SSJ8
A6NDX5	Q9STH1
A6NDX5	Q9SU36
A6NDX5	Q9SUR9
A6NDX5	Q9SYP1
A6NDX5	Q9SZD6
A6NDX5	Q9T050
A6NDX5	Q9USV4
A6NDX5	Q9UTE5
A6NDX5	Q9W4E2
A6NDX5	Q9WUQ2
A6NDX5	Q9XEC3
A6NDX5	Q9XX14
A6NDX5	Q9ZP20
A6NDX5	Q9ZQ46
A6NDX5	Q9ZR12
A6NDX5	Q9ZU13
A6NDX5	Q9ZUN0
A6NDX5	Q9ZV65
A6NDX5	Q9ZVT8
A6NDX5	A0A075B6U4
A6NDX5	A0A0A0MT36
A6NDX5	A0A0G2JXT6
A6NDX5	A0JPN4
A6NDX5	A0QYG2
A6NDX5	A2A288
A6NDX5	A2A935
A6NDX5	A2AI05
A6NDX5	A4L7N3
A6NDX5	A5DBG4
A6NDX5	A6NK53
A6NDX5	A6NMB9
A6NDX5	A6QFE3
A6NDX5	A7E2S9
A6NDX5	B0BNK9
A6NDX5	B0VLX4
A6NDX5	B2RXC5
A6NDX5	C0LGG8
A6NDX5	C8YR32
A6NDX5	D4A280
A6NDX5	D4GUJ7
A6NDX5	E9PYI1
A6NDX5	E9Q4P1
A6NDX5	E9Q8Q6
A6NDX5	F1LYQ8
A6NDX5	G5EC23
A6NDX5	G5EEM9
A6NDX5	G5EGN3
A6NDX5	O00358
A6NDX5	O00746
A6NDX5	O08562
A6NDX5	O08852
A6NDX5	O13282
A6NDX5	O14302
A6NDX5	O14508
A6NDX5	O14753
A6NDX5	O15118
A6NDX5	O15347
A6NDX5	O17695
A6NDX5	O22907
A6NDX5	O35144
A6NDX5	O35144
A6NDX5	O35286
A6NDX5	O43143
A6NDX5	O35409
A6NDX5	O35831
A6NDX5	O43364
A6NDX5	O43660
A6NDX5	O49545
A6NDX5	O53901
A6NDX5	O54829
A6NDX5	O54951
A6NDX5	O55082
A6NDX5	O60476
A6NDX5	O60812
A6NDX5	O61125
A6NDX5	O70161
A6NDX5	O70318
A6NDX5	O70477
A6NDX5	O74393
A6NDX5	O74976
A6NDX5	O75123
A6NDX5	O75310
A6NDX5	O75791
A6NDX5	O76371
A6NDX5	O88338
A6NDX5	O88477
A6NDX5	O88737
A6NDX5	O88943
A6NDX5	O89084
A6NDX5	O94830
A6NDX5	O94972
A6NDX5	O95251
A6NDX5	O95475
A6NDX5	O95782
A6NDX5	P00546
A6NDX5	P00750
A6NDX5	P01111
A6NDX5	Q04970
A6NDX5	P01896
A6NDX5	P02831
A6NDX5	P04049
A6NDX5	P04439
A6NDX5	P05165
A6NDX5	P06593
A6NDX5	P07204
A6NDX5	P07384
A6NDX5	P07866
A6NDX5	P08909
A6NDX5	P09055
A6NDX5	P0ABQ4
A6NDX5	P0AE39
A6NDX5	P0AEV1
A6NDX5	P0AFJ5
A6NDX5	P0C0L5
A6NDX5	P0C5H6
A6NDX5	P10070
A6NDX5	P10284
A6NDX5	P10605
A6NDX5	P10688
A6NDX5	P11076
A6NDX5	P11454
A6NDX5	P12367
A6NDX5	P12847
A6NDX5	P12982
A6NDX5	P13234
A6NDX5	P14069
A6NDX5	P14780
A6NDX5	P15042
A6NDX5	P15620
A6NDX5	P15882
A6NDX5	P16104
A6NDX5	P17025
A6NDX5	P17844
A6NDX5	P18090
A6NDX5	P18653
A6NDX5	P19625
A6NDX5	P19626
A6NDX5	P19883
A6NDX5	P20337
A6NDX5	P20760
A6NDX5	P21271
A6NDX5	P21827
A6NDX5	P22011
A6NDX5	P22209
A6NDX5	P22682
A6NDX5	P22888
A6NDX5	P23747
A6NDX5	P23949
A6NDX5	P24821
A6NDX5	P25360
A6NDX5	P25491
A6NDX5	P25791
A6NDX5	P26006
A6NDX5	P27931
A6NDX5	P28647
A6NDX5	P29377
A6NDX5	P29533
A6NDX5	P30873
A6NDX5	P31277
A6NDX5	P31751
A6NDX5	P32945
A6NDX5	P33271
A6NDX5	P33681
A6NDX5	P34233
A6NDX5	P34932
A6NDX5	P35240
A6NDX5	P35346
A6NDX5	P35453
A6NDX5	P35571
A6NDX5	P36016
A6NDX5	P37397
A6NDX5	P37756
A6NDX5	P38646
A6NDX5	P38823
A6NDX5	P39013
A6NDX5	P39109
A6NDX5	P39655
A6NDX5	P39745
A6NDX5	P39968
A6NDX5	P40227
A6NDX5	P40426
A6NDX5	O35317
A6NDX5	P40479
A6NDX5	P40529
A6NDX5	P41594
A6NDX5	P42818
A6NDX5	P43121
A6NDX5	P43288
A6NDX5	P43637
A6NDX5	P45975
A6NDX5	P46939
A6NDX5	P47116
A6NDX5	P47979
A6NDX5	P48357
A6NDX5	P48456
A6NDX5	P48723
A6NDX5	P49286
A6NDX5	P49910
A6NDX5	P51489
A6NDX5	P51866
A6NDX5	P52947
A6NDX5	P53127
A6NDX5	P54116
A6NDX5	P54287
A6NDX5	P55006
A6NDX5	P55006
A6NDX5	P55085
A6NDX5	P55271
A6NDX5	P56177
A6NDX5	P57775
A6NDX5	P59279
A6NDX5	P61028
A6NDX5	P70550
A6NDX5	P62746
A6NDX5	P62745
A6NDX5	P68403
A6NDX5	P70121
A6NDX5	P70236
A6NDX5	P70333
A6NDX5	Q6AY09
A6NDX5	P70606
A6NDX5	P75120
A6NDX5	P78357
A6NDX5	P78552
A6NDX5	P91276
A6NDX5	P92958
A6NDX5	P97329
A6NDX5	P97434
A6NDX5	P97500
A6NDX5	P97633
A6NDX5	P98169
A6NDX5	P9WG33
A6NDX5	A1KIN7
A6NDX5	P9WH05
A6NDX5	P9WI73
A6NDX5	P9WI72
A6NDX5	P9WMQ7
A6NDX5	P9WMQ6
A6NDX5	P9WNV5
A6NDX5	Q00288
A6NDX5	Q00899
A6NDX5	Q01406
A6NDX5	Q02085
A6NDX5	Q02297
A6NDX5	Q02548
A6NDX5	Q03267
A6NDX5	Q03692
A6NDX5	Q03957
A6NDX5	Q04779
A6NDX5	Q04912
A6NDX5	Q04N79
A6NDX5	Q06986
A6NDX5	Q07478
A6NDX5	Q07886
A6NDX5	Q08397
A6NDX5	Q08925
A6NDX5	Q08AG5
A6NDX5	Q09163
A6NDX5	Q09330
A6NDX5	Q09511
A6NDX5	Q09820
A6NDX5	Q0IIM8
A6NDX5	Q0VGY8
A6NDX5	Q10175
A6NDX5	Q12013
A6NDX5	Q12468
A6NDX5	Q12905
A6NDX5	Q9CXY6
A6NDX5	Q13356
A6NDX5	Q13634
A6NDX5	Q14088
A6NDX5	Q14332
A6NDX5	Q147X3
A6NDX5	Q14C86
A6NDX5	Q15583
A6NDX5	Q15717
A6NDX5	Q16644
A6NDX5	Q1ENI8
A6NDX5	Q1MTR4
A6NDX5	Q20402
A6NDX5	Q21029
A6NDX5	Q24488
A6NDX5	Q28969
A6NDX5	Q2KN99
A6NDX5	Q2PZL6
A6NDX5	Q2TBT7
A6NDX5	P51114
A6NDX5	Q2XU92
A6NDX5	Q32MK0
A6NDX5	Q38869
A6NDX5	Q3KNV8
A6NDX5	Q3TWW8
A6NDX5	G3V6S8
A6NDX5	Q3U108
A6NDX5	Q3U319
A6NDX5	Q3UKC1
A6NDX5	Q3URE1
A6NDX5	Q3UYH7
A6NDX5	Q460N5
A6NDX5	Q498D1
A6NDX5	Q4KLJ8
A6NDX5	Q4QQU6
A6NDX5	Q8BGT7
A6NDX5	Q4VBD9
A6NDX5	Q502X0
A6NDX5	Q53G59
A6NDX5	Q55GN6
A6NDX5	Q59RR3
A6NDX5	Q5A762
A6NDX5	Q5AKA5
A6NDX5	Q5E9E2
A6NDX5	Q5F259
A6NDX5	Q5HF23
A6NDX5	Q5I0L4
A6NDX5	Q5SPL2
A6NDX5	Q5SW75
A6NDX5	Q5SZK8
A6NDX5	Q5T2Q4
A6NDX5	Q5U206
A6NDX5	Q5U2Y3
A6NDX5	Q5U4D9
A6NDX5	Q5VT06
A6NDX5	Q5VV41
A6NDX5	Q5W0Z9
A6NDX5	Q5XI13
A6NDX5	Q5XIC0
A6NDX5	Q60587
A6NDX5	Q61330
A6NDX5	Q61496
A6NDX5	Q61624
A6NDX5	Q61768
A6NDX5	Q62177
A6NDX5	Q62443
A6NDX5	P47971
A6NDX5	Q63429
A6NDX5	Q63598
A6NDX5	Q64520
A6NDX5	Q68DY9
A6NDX5	Q68J44
A6NDX5	Q6A065
A6NDX5	Q6DT37
A6NDX5	Q6J5K9
A6NDX5	Q6NUN0
A6NDX5	Q6P1R4
A6NDX5	Q6P3Y5
A6NDX5	Q6P6R7
A6NDX5	Q6PCD5
A6NDX5	Q6PDH0
A6NDX5	Q6PEM6
A6NDX5	Q6PGC1
A6NDX5	Q6PK81
A6NDX5	Q6T3U4
A6NDX5	Q6UWX4
A6NDX5	Q6W4X9
A6NDX5	Q6XVG2
A6NDX5	Q6ZMN7
A6NDX5	Q6ZN44
A6NDX5	Q6ZPL9
A6NDX5	Q6ZQK5
A6NDX5	Q6ZW31
A6NDX5	Q704E8
A6NDX5	Q7KRY6
A6NDX5	Q7L273
A6NDX5	Q7L8C5
A6NDX5	Q7M6Z3
A6NDX5	Q7RTT3
A6NDX5	Q7TNY7
A6NDX5	Q7TQ20
A6NDX5	Q7Z418
A6NDX5	Q7Z5H3
A6NDX5	Q7Z6I6
A6NDX5	Q80TI1
A6NDX5	Q80U38
A6NDX5	Q80UP5
A6NDX5	Q80VJ4
A6NDX5	Q80W87
A6NDX5	Q80Z71
A6NDX5	Q810B6
A6NDX5	Q83IS3
A6NDX5	Q86T65
A6NDX5	Q86WR6
A6NDX5	Q86Y34
A6NDX5	Q86YT9
A6NDX5	Q8BLQ9
A6NDX5	Q8BPQ7
A6NDX5	Q8BU00
A6NDX5	Q8BVP5
A6NDX5	Q8BZ81
A6NDX5	Q8C0W1
A6NDX5	Q8C3Q9
A6NDX5	Q8CAY6
A6NDX5	Q8CC27
A6NDX5	Q8CFP6
A6NDX5	Q8IWB7
A6NDX5	Q8IWX8
A6NDX5	Q8IY47
A6NDX5	Q8IYJ1
A6NDX5	Q8IYX0
A6NDX5	Q8IZF4
A6NDX5	Q8IZY2
A6NDX5	Q8K2W3
A6NDX5	Q8K3Y3
A6NDX5	Q8K4J0
A6NDX5	Q8K5A9
A6NDX5	Q8N4T8
A6NDX5	Q8N8B7
A6NDX5	Q8NAF0
A6NDX5	Q8NCV1
A6NDX5	Q8NDX6
A6NDX5	Q8NEM1
A6NDX5	Q8NFA2
A6NDX5	Q8NFW5
A6NDX5	Q8NGF9
A6NDX5	Q8NGX5
A6NDX5	Q8NHS0
A6NDX5	Q8R151
A6NDX5	Q8R1Q3
A6NDX5	Q8R491
A6NDX5	Q9QXY6
A6NDX5	Q8R4U7
A6NDX5	Q8R5G7
A6NDX5	Q8RWY3
A6NDX5	Q8TAE7
A6NDX5	Q8TBZ3
A6NDX5	Q8VDF2
A6NDX5	Q8VDZ4
A6NDX5	Q8VZG8
A6NDX5	Q8WTR2
A6NDX5	Q8WUJ0
A6NDX5	Q8WW22
A6NDX5	Q8WWW0
A6NDX5	Q91V57
A6NDX5	Q91VN1
A6NDX5	Q91WU6
A6NDX5	Q91XD2
A6NDX5	Q91ZV3
A6NDX5	Q920M7
A6NDX5	Q921I2
A6NDX5	Q923S9
A6NDX5	Q15771
A6NDX5	Q92626
A6NDX5	Q92769
A6NDX5	Q92956
A6NDX5	Q94A06
A6NDX5	Q969U6
A6NDX5	Q96C12
A6NDX5	Q96CS4
A6NDX5	Q96DI7
A6NDX5	Q96FE7
A6NDX5	Q96G42
A6NDX5	Q96HQ2
A6NDX5	Q96JC4
A6NDX5	Q96KR1
A6NDX5	Q96LC7
A6NDX5	Q96MF7
A6NDX5	Q96PQ7
A6NDX5	Q96RF0
A6NDX5	Q99640
A6NDX5	Q99ML2
A6NDX5	Q99N16
A6NDX5	Q99PP9
A6NDX5	Q9BLB6
A6NDX5	Q9BXJ1
A6NDX5	Q9BYB4
A6NDX5	Q9BZF9
A6NDX5	Q9CAL3
A6NDX5	Q9CQK7
A6NDX5	Q9CTN4
A6NDX5	Q9D2G5
A6NDX5	Q9D5R2
A6NDX5	Q9D6N1
A6NDX5	Q9D844
A6NDX5	Q9DC22
A6NDX5	Q9EPL0
A6NDX5	Q9EQ32
A6NDX5	Q9ES57
A6NDX5	Q9ESL4
A6NDX5	Q9ET77
A6NDX5	Q9FL54
A6NDX5	Q9GZZ9
A6NDX5	Q9H1B5
A6NDX5	Q9H221
A6NDX5	Q9H2I8
A6NDX5	Q9H324
A6NDX5	Q9H3Y6
A6NDX5	Q9H8M2
A6NDX5	Q9HA65
A6NDX5	Q9HBH5
A6NDX5	Q9HCJ6
A6NDX5	Q9I7F7
A6NDX5	Q9JHL1
A6NDX5	Q9JI08
A6NDX5	Q9JIT3
A6NDX5	Q9JLZ6
A6NDX5	Q9M9V8
A6NDX5	Q9N593
A6NDX5	Q9NHV9
A6NDX5	Q9NP80
A6NDX5	Q9NPF8
A6NDX5	Q9NQS5
A6NDX5	Q9NRW1
A6NDX5	P61294
A6NDX5	Q9NS85
A6NDX5	P61215
A6NDX5	Q9NV72
A6NDX5	Q9NZ09
A6NDX5	Q9NZL6
A6NDX5	Q9P0T4
A6NDX5	Q9P209
A6NDX5	Q9P2N7
A6NDX5	Q9QVP4
A6NDX5	Q9QY36
A6NDX5	Q9QYW1
A6NDX5	Q9QZS0
A6NDX5	Q9R069
A6NDX5	Q9R0N4
A6NDX5	Q9R182
A6NDX5	Q9SAB1
A6NDX5	Q9SJT1
A6NDX5	Q9U1H9
A6NDX5	Q9UBL6
A6NDX5	Q9UBU9
A6NDX5	Q9UJ99
A6NDX5	Q9UKP4
A6NDX5	Q9UL15
A6NDX5	Q9ULD4
A6NDX5	Q9UM73
A6NDX5	Q9UPT6
A6NDX5	Q9USU1
A6NDX5	Q9V438
A6NDX5	Q9V6L0
A6NDX5	Q9VBY8
A6NDX5	Q9VD26
A6NDX5	Q9VI20
A6NDX5	Q9VL78
A6NDX5	Q9VUC6
A6NDX5	Q9VX32
A6NDX5	Q9VYS3
A6NDX5	Q9W3Y1
A6NDX5	Q9WTK2
A6NDX5	Q9WTU3
A6NDX5	Q9WU60
A6NDX5	Q9WVM6
A6NDX5	Q9XVN3
A6NDX5	Q9Y2P7
A6NDX5	Q9Y2Y4
A6NDX5	Q9Y5B8
A6NDX5	Q9Y5H4
A6NDX5	Q9Y6X0
A6NDX5	Q9Z129
A6NDX5	Q9Z1P5
A6NDX5	Q9Z206
A6NDX5	Q9Z2C4
A6NDX5	A0A5B9
A6NDX5	A2A5Z6
A6NDX5	A3C4N5
A6NDX5	A4GNA8
A6NDX5	A6NCV1
A6NDX5	A6NLW8
A6NDX5	A7TDT6
A6NDX5	A7TKR8
A6NDX5	C0LGD9
A6NDX5	C6KTD2
A6NDX5	D3GKW6
A6NDX5	D4AC13
A6NDX5	E5RJM6
A6NDX5	F4HWU0
A6NDX5	F4I313
A6NDX5	F4I8S3
A6NDX5	F4IF36
A6NDX5	F4IVL6
A6NDX5	F4JJR8
A6NDX5	F4JQ95
A6NDX5	F4JVN6
A6NDX5	F4KA51
A6NDX5	F4KHA2
A6NDX5	G5EFF7
A6NDX5	M9MRD1
A6NDX5	O04291
A6NDX5	O14156
A6NDX5	O14843
A6NDX5	O23225
A6NDX5	O36032
A6NDX5	O45935
A6NDX5	O48741
A6NDX5	O49316
A6NDX5	O49607
A6NDX5	O54836
A6NDX5	O59671
A6NDX5	O60080
A6NDX5	O60431
A6NDX5	O64380
A6NDX5	O64752
A6NDX5	O65001
A6NDX5	O75074
A6NDX5	O76536
A6NDX5	O80492
A6NDX5	O81291
A6NDX5	O82143
A6NDX5	O89040
A6NDX5	O94560
A6NDX5	O94684
A6NDX5	P01700
A6NDX5	P01835
A6NDX5	P04212
A6NDX5	P04944
A6NDX5	P0C0K7
A6NDX5	P0C6E7
A6NDX5	P0CG75
A6NDX5	P0DKC6
A6NDX5	P0DKC5
A6NDX5	P17919
A6NDX5	P19334
A6NDX5	P22063
A6NDX5	P22792
A6NDX5	P25378
A6NDX5	P28300
A6NDX5	P36198
A6NDX5	P39110
A6NDX5	P40371
A6NDX5	P43291
A6NDX5	P48001
A6NDX5	P51870
A6NDX5	P54788
A6NDX5	P58022
A6NDX5	P59922
A6NDX5	P70263
A6NDX5	Q00420
A6NDX5	Q04205
A6NDX5	Q05921
A6NDX5	Q06390
A6NDX5	Q0D8N0
A6NDX5	Q0E2S4
A6NDX5	Q0J235
A6NDX5	Q0WPH8
A6NDX5	Q10N34
A6NDX5	A2XFB7
A6NDX5	Q12498
A6NDX5	Q1L8U8
A6NDX5	Q1ZXI5
A6NDX5	Q23359
A6NDX5	Q28832
A6NDX5	Q2KHT9
A6NDX5	Q2QY37
A6NDX5	Q2RAV0
A6NDX5	Q2TA68
A6NDX5	Q38827
A6NDX5	Q3S4A7
A6NDX5	Q3TLP5
A6NDX5	Q3U3I9
A6NDX5	Q3ZCT8
A6NDX5	Q43386
A6NDX5	Q4VC17
A6NDX5	Q8C5L7
A6NDX5	Q8C5L7
A6NDX5	P03332
A6NDX5	Q5T890
A6NDX5	Q5T890
A6NDX5	Q91ZT1
A6NDX5	Q923X6
A6NDX5	Q92838
A6NDX5	Q941I6
A6NDX5	Q96T68
A6NDX5	Q96T68
A6NDX5	Q99PW4
A6NDX5	Q9C5P0
A6NDX5	Q9C699
A6NDX5	Q9C911
A6NDX5	Q9CUL5
A6NDX5	Q9CYB0
A6NDX5	Q9EQJ4
A6NDX5	Q9FGW5
A6NDX5	Q9FKF0
A6NDX5	Q9FNC7
A6NDX5	Q9FZB1
A6NDX5	Q9GZK7
A6NDX5	Q9H207
A6NDX5	Q9HBY8
A6NDX5	Q9JJH7
A6NDX5	Q9JKU6
A6NDX5	Q9LIH7
A6NDX5	Q9LK43
A6NDX5	Q9LMN7
A6NDX5	Q9LPJ7
A6NDX5	Q9LS79
A6NDX5	Q9LUH8
A6NDX5	Q9LW83
A6NDX5	Q9LY50
A6NDX5	Q9M101
A6NDX5	Q9M1K2
A6NDX5	Q9M2E8
A6NDX5	Q9M2Z1
A6NDX5	Q9M3D8
A6NDX5	Q9N373
A6NDX5	Q9NS75
A6NDX5	Q9P7C7
A6NDX5	Q9SA27
A6NDX5	Q9SAE4
A6NDX5	Q9SFX0
A6NDX5	Q9SQR4
A6NDX5	Q9SZE1
A6NDX5	Q9TW28
A6NDX5	Q9XEC6
A6NDX5	Q9Y2I2
A6NDX5	Q9Y5W5
A6NDX5	Q9ZP21
A6NDX5	Q9ZR37
A6NDX5	Q9ZU23
A6NDX5	Q9ZVT9
A6NDX5	A0A075B6V5
A6NDX5	A0A0B4K7J2
A6NDX5	A0A0G2K047
A6NDX5	A0A1L1SUL6
A6NDX5	A1IGU4
A6NDX5	A2A974
A6NDX5	A2AUC9
A6NDX5	A2RRT9
A6NDX5	A4L9P5
A6NDX5	A5DJJ2
A6NDX5	A6H603
A6NDX5	A6ND48
A6NDX5	A6NFI3
A6NDX5	A6NI03
A6NDX5	A6NK59
A6NDX5	A7E3N2
A6NDX5	A8MXY4
A6NDX5	B0VUW1
A6NDX5	B1XN08
A6NDX5	B2RPV6
A6NDX5	B7ZNG0
A6NDX5	B7ZNG0
A6NDX5	C0LGG9
A6NDX5	D3YUJ3
A6NDX5	D3ZSZ3
A6NDX5	Q9UBE8
A6NDX5	D4A3K5
A6NDX5	E9PGG2
A6NDX5	E9Q4S1
A6NDX5	E9Q8T2
A6NDX5	F1M386
A6NDX5	F4IG73
A6NDX5	F8VQB6
A6NDX5	G5EC24
A6NDX5	G5EEN4
A6NDX5	O00220
A6NDX5	O00499
A6NDX5	O00750
A6NDX5	O04567
A6NDX5	O08644
A6NDX5	O08736
A6NDX5	O13286
A6NDX5	O14306
A6NDX5	O14512
A6NDX5	O14757
A6NDX5	O15014
A6NDX5	O17732
A6NDX5	O23052
A6NDX5	O35698
A6NDX5	O35832
A6NDX5	O43248
A6NDX5	O43365
A6NDX5	O43524
A6NDX5	O43781
A6NDX5	O49595
A6NDX5	O54689
A6NDX5	O54952
A6NDX5	O55197
A6NDX5	O70165
A6NDX5	O70479
A6NDX5	O74135
A6NDX5	O74473
A6NDX5	O74853
A6NDX5	O74977
A6NDX5	O75409
A6NDX5	O75899
A6NDX5	O88853
A6NDX5	O88944
A6NDX5	Q8K3F6
A6NDX5	O89086
A6NDX5	O94601
A6NDX5	O94737
A6NDX5	O94832
A6NDX5	O94973
A6NDX5	O95255
A6NDX5	O95630
A6NDX5	O95785
A6NDX5	O95881
A6NDX5	P00751
A6NDX5	P01897
A6NDX5	P02760
A6NDX5	P02835
A6NDX5	P04187
A6NDX5	P04441
A6NDX5	P04441
A6NDX5	P05383
A6NDX5	P05131
A6NDX5	P06239
A6NDX5	P06756
A6NDX5	P07278
A6NDX5	P07711
A6NDX5	P07871
A6NDX5	P08032
A6NDX5	P08134
A6NDX5	Q62159
A6NDX5	P09456
A6NDX5	P09622
A6NDX5	P0C7N8
A6NDX5	P0CG47
A6NDX5	P0DJM1
A6NDX5	P10071
A6NDX5	P10287
A6NDX5	P10894
A6NDX5	P11234
A6NDX5	P11464
A6NDX5	P11881
A6NDX5	P12368
A6NDX5	P12849
A6NDX5	P81377
A6NDX5	P14083
A6NDX5	P14270
A6NDX5	P14644
A6NDX5	P15621
A6NDX5	P16473
A6NDX5	P16676
A6NDX5	P17026
A6NDX5	P18654
A6NDX5	P20134
A6NDX5	P20339
A6NDX5	P20774
A6NDX5	P20936
A6NDX5	P21836
A6NDX5	P22211
A6NDX5	P22692
A6NDX5	P22892
A6NDX5	P23249
A6NDX5	P23568
A6NDX5	P23950
A6NDX5	P17431
A6NDX5	P24278
A6NDX5	P25089
A6NDX5	P25364
A6NDX5	P25799
A6NDX5	P26010
A6NDX5	P28187
A6NDX5	P28649
A6NDX5	P29387
A6NDX5	O35353
A6NDX5	P29536
A6NDX5	P30203
A6NDX5	P30658
A6NDX5	P30874
A6NDX5	P31310
A6NDX5	P32302
A6NDX5	P32364
A6NDX5	P32801
A6NDX5	P32873
A6NDX5	P34416
A6NDX5	P34712
A6NDX5	P35241
A6NDX5	P35465
A6NDX5	P35844
A6NDX5	P36017
A6NDX5	P36120
A6NDX5	P36506
A6NDX5	P36607
A6NDX5	P38112
A6NDX5	P38164
A6NDX5	P38438
A6NDX5	P38647
A6NDX5	P38825
A6NDX5	P39014
A6NDX5	P39925
A6NDX5	P39969
A6NDX5	P40075
A6NDX5	P40233
A6NDX5	P40427
A6NDX5	P40480
A6NDX5	P41595
A6NDX5	P42943
A6NDX5	P43289
A6NDX5	P43489
A6NDX5	P43588
A6NDX5	P46587
A6NDX5	P46940
A6NDX5	P47117
A6NDX5	P47980
A6NDX5	P48461
A6NDX5	P48570
A6NDX5	P48727
A6NDX5	P48960
A6NDX5	P49290
A6NDX5	P49911
A6NDX5	P50582
A6NDX5	P51146
A6NDX5	Q91ZR1
A6NDX5	P51504
A6NDX5	P52046
A6NDX5	P52701
A6NDX5	P52952
A6NDX5	P53191
A6NDX5	P53708
A6NDX5	P53863
A6NDX5	P54731
A6NDX5	P54823
A6NDX5	P55008
A6NDX5	P55273
A6NDX5	P56180
A6NDX5	P57097
A6NDX5	P57780
A6NDX5	P61965
A6NDX5	P61964
A6NDX5	P63098
A6NDX5	Q63810
A6NDX5	P63319
A6NDX5	P63318
A6NDX5	P69566
A6NDX5	P70248
A6NDX5	P70335
A6NDX5	P70610
A6NDX5	P80859
A6NDX5	P81183
A6NDX5	P83741
A6NDX5	P85037
A6NDX5	P87050
A6NDX5	P87234
A6NDX5	P91277
A6NDX5	P92964
A6NDX5	P97333
A6NDX5	P97435
A6NDX5	P97501
A6NDX5	P97675
A6NDX5	P97924
A6NDX5	P98170
A6NDX5	P9WGK5
A6NDX5	P9WGK4
A6NDX5	P9WQ97
A6NDX5	Q00609
A6NDX5	Q008S8
A6NDX5	Q01851
A6NDX5	Q02086
A6NDX5	Q02785
A6NDX5	Q02926
A6NDX5	Q03280
A6NDX5	Q03563
A6NDX5	Q03963
A6NDX5	Q04690
A6NDX5	Q04781
A6NDX5	Q05016
A6NDX5	Q05319
A6NDX5	Q05876
A6NDX5	Q06187
A6NDX5	Q06624
A6NDX5	Q06A98
A6NDX5	Q07230
A6NDX5	Q07494
A6NDX5	Q07666
A6NDX5	Q07889
A6NDX5	Q08091
A6NDX5	Q08409
A6NDX5	Q08562
A6NDX5	Q08752
A6NDX5	Q08AH1
A6NDX5	Q09165
A6NDX5	Q09822
A6NDX5	Q09916
A6NDX5	Q0JBH9
A6NDX5	Q25AG5
A6NDX5	Q0WLR1
A6NDX5	Q10021
A6NDX5	Q10925
A6NDX5	Q12126
A6NDX5	Q12417
A6NDX5	Q12469
A6NDX5	Q12519
A6NDX5	Q12791
A6NDX5	Q12906
A6NDX5	Q13255
A6NDX5	Q13360
A6NDX5	Q13637
A6NDX5	Q14554
A6NDX5	Q15020
A6NDX5	Q15080
A6NDX5	Q15399
A6NDX5	Q15722
A6NDX5	Q16647
A6NDX5	Q18846
A6NDX5	Q19469
A6NDX5	Q20448
A6NDX5	Q21038
A6NDX5	Q24491
A6NDX5	Q2EJA0
A6NDX5	Q2L6W9
A6NDX5	Q2M3X9
A6NDX5	Q2Q0I9
A6NDX5	Q2THW7
A6NDX5	Q38871
A6NDX5	Q3KP31
A6NDX5	Q3TAA7
A6NDX5	Q3U381
A6NDX5	Q3UHI4
A6NDX5	Q3UKK2
A6NDX5	Q3UN04
A6NDX5	Q3UUV5
A6NDX5	Q3UYI5
A6NDX5	Q42344
A6NDX5	Q49AM3
A6NDX5	Q4QQV1
A6NDX5	Q4V7C1
A6NDX5	Q4V8D9
A6NDX5	Q4VBE4
A6NDX5	Q570Y9
A6NDX5	Q59S64
A6NDX5	Q59ZV5
A6NDX5	Q5AF56
A6NDX5	Q5AKU6
A6NDX5	Q5DTJ9
A6NDX5	Q5HFV4
A6NDX5	Q5HH38
A6NDX5	Q5HZB6
A6NDX5	Q5I0L6
A6NDX5	Q5JS13
A6NDX5	Q5PQP4
A6NDX5	Q5SW96
A6NDX5	Q5U211
A6NDX5	O70492
A6NDX5	Q5U2Y6
A6NDX5	Q5U4E2
A6NDX5	Q5VY43
A6NDX5	Q60821
A6NDX5	Q61010
A6NDX5	Q61191
A6NDX5	Q61771
A6NDX5	Q62178
A6NDX5	Q62445
A6NDX5	Q62888
A6NDX5	Q63259
A6NDX5	Q63430
A6NDX5	Q63604
A6NDX5	Q63755
A6NDX5	Q64133
A6NDX5	Q64521
A6NDX5	Q66HA1
A6NDX5	Q66JX5
A6NDX5	Q68A65
A6NDX5	Q68EA5
A6NDX5	Q68FR2
A6NDX5	Q6A068
A6NDX5	Q6AYK1
A6NDX5	Q15287
A6NDX5	Q6DTM3
A6NDX5	Q6IAN0
A6NDX5	Q6IQ16
A6NDX5	Q6J9G0
A6NDX5	Q6NSJ2
A6NDX5	Q6NXG1
A6NDX5	Q6P0Q8
A6NDX5	Q6P3Y9
A6NDX5	Q6PDH4
A6NDX5	Q6PKC3
A6NDX5	Q6RI45
A6NDX5	Q6ZMP0
A6NDX5	Q6ZN55
A6NDX5	Q6ZPQ6
A6NDX5	Q6ZW49
A6NDX5	Q76LX8
A6NDX5	Q7KRY7
A6NDX5	Q7L2E3
A6NDX5	Q7M6Z4
A6NDX5	Q7RTT5
A6NDX5	Q7TNZ6
A6NDX5	Q7Z419
A6NDX5	Q80U40
A6NDX5	Q80W88
A6NDX5	Q80X19
A6NDX5	Q80YP0
A6NDX5	Q810B7
A6NDX5	Q86DA5
A6NDX5	Q86UA1
A6NDX5	Q86UT5
A6NDX5	Q86V97
A6NDX5	Q86YV0
A6NDX5	Q8BG95
A6NDX5	Q8BGX3
A6NDX5	Q8BIW1
A6NDX5	Q8BLR5
A6NDX5	Q8BMD7
A6NDX5	Q8BR86
A6NDX5	Q8BU03
A6NDX5	Q8BXJ2
A6NDX5	Q8BYI9
A6NDX5	Q8BZ89
A6NDX5	Q8C6J9
A6NDX5	Q8C850
A6NDX5	Q8CC35
A6NDX5	Q8CDI2
A6NDX5	Q8CEG8
A6NDX5	Q8CFT2
A6NDX5	Q8CGM2
A6NDX5	Q8CHC4
A6NDX5	Q8CIM5
A6NDX5	Q8GZ43
A6NDX5	Q8IPH9
A6NDX5	Q8IV38
A6NDX5	Q8IVN8
A6NDX5	Q8IWY4
A6NDX5	Q8IYJ3
A6NDX5	Q8IZF6
A6NDX5	Q8JZZ7
A6NDX5	Q8K2W6
A6NDX5	Q8K3Y6
A6NDX5	Q8N0X2
A6NDX5	Q8N165
A6NDX5	Q8N5P1
A6NDX5	Q8N8C0
A6NDX5	Q8NAG6
A6NDX5	Q8NC67
A6NDX5	Q8NGG1
A6NDX5	Q8NGX8
A6NDX5	Q8R2V3
A6NDX5	Q8R4U9
A6NDX5	Q8R5H1
A6NDX5	Q8TB37
A6NDX5	Q8TBZ5
A6NDX5	Q8TDX7
A6NDX5	Q8VC03
A6NDX5	Q8VCW8
A6NDX5	Q8VDF3
A6NDX5	Q8VE01
A6NDX5	Q8VHX6
A6NDX5	Q8WTR4
A6NDX5	Q8WUJ3
A6NDX5	Q8WW32
A6NDX5	Q8WXK1
A6NDX5	Q8WZ60
A6NDX5	Q90336
A6NDX5	Q91WG7
A6NDX5	Q91Y86
A6NDX5	Q91Z83
A6NDX5	Q921I6
A6NDX5	Q923T9
A6NDX5	Q92537
A6NDX5	Q925F2
A6NDX5	Q92859
A6NDX5	Q96287
A6NDX5	Q96A47
A6NDX5	Q96C19
A6NDX5	Q96CT2
A6NDX5	Q96G46
A6NDX5	Q96K19
A6NDX5	Q96NN9
A6NDX5	Q96PU4
A6NDX5	Q96PU4
A6NDX5	Q96RI0
A6NDX5	Q96S53
A6NDX5	Q99246
A6NDX5	Q99549
A6NDX5	Q99PQ2
A6NDX5	Q9BQA1
A6NDX5	Q9BWW4
A6NDX5	Q9D032
A6NDX5	Q9BXJ2
A6NDX5	Q9BXU1
A6NDX5	Q9BYV9
A6NDX5	Q9BZG1
A6NDX5	Q9BZX4
A6NDX5	Q9C6P3
A6NDX5	Q9CWR0
A6NDX5	Q9CX84
A6NDX5	Q9CZT8
A6NDX5	Q9D0C1
A6NDX5	Q9D2H2
A6NDX5	Q9D994
A6NDX5	Q9DBR4
A6NDX5	Q9EPL2
A6NDX5	Q9ES63
A6NDX5	Q9ET78
A6NDX5	Q9FL69
A6NDX5	Q9H000
A6NDX5	Q9H0U4
A6NDX5	Q9H222
A6NDX5	Q9H2J4
A6NDX5	Q9H336
A6NDX5	Q9H4G4
A6NDX5	Q9H5P4
A6NDX5	Q9H5P4
A6NDX5	Q9H6I2
A6NDX5	Q9H756
A6NDX5	Q9HAW7
A6NDX5	Q9HC52
A6NDX5	Q9HCK0
A6NDX5	Q9JI10
A6NDX5	Q9JJA9
A6NDX5	Q9JLZ8
A6NDX5	Q9LK35
A6NDX5	Q9LV37
A6NDX5	Q9LY75
A6NDX5	Q9M306
A6NDX5	Q9MA55
A6NDX5	Q9N5D3
A6NDX5	Q9NI63
A6NDX5	Q9NPG1
A6NDX5	Q9NQT4
A6NDX5	Q9NR34
A6NDX5	Q9NUL7
A6NDX5	Q9NX07
A6NDX5	Q9NXG0
A6NDX5	Q9NY57
A6NDX5	Q9P212
A6NDX5	Q9P2P1
A6NDX5	Q9P7R8
A6NDX5	Q9QVP9
A6NDX5	Q9QXT1
A6NDX5	Q9QY39
A6NDX5	Q9QYI3
A6NDX5	Q9QZS2
A6NDX5	Q9R0N5
A6NDX5	Q9R186
A6NDX5	Q9R269
A6NDX5	Q9SVG9
A6NDX5	Q9UBV2
A6NDX5	Q9UKA9
A6NDX5	Q9UKP5
A6NDX5	Q9ULD5
A6NDX5	Q9UN86
A6NDX5	Q9UNX4
A6NDX5	Q9UPT8
A6NDX5	Q9UQD0
A6NDX5	Q9USU7
A6NDX5	Q9V3C0
A6NDX5	Q9VBZ5
A6NDX5	Q9VGU5
A6NDX5	Q9VK33
A6NDX5	Q9VMD6
A6NDX5	Q9VYT8
A6NDX5	Q9W3Y4
A6NDX5	Q9WTK5
A6NDX5	Q9WTU6
A6NDX5	Q9WUK2
A6NDX5	Q5XI72
A6NDX5	Q9XIC7
A6NDX5	Q9XVP0
A6NDX5	Q9Y3L3
A6NDX5	Q9Y493
A6NDX5	Q9Y5H5
A6NDX5	Q9Y5S1
A6NDX5	Q9Y6B6
A6NDX5	Q9Z130
A6NDX5	Q9Z1E3
A6NDX5	Q9Z1P7
A6NDX5	Q9Z207
A6NDX5	Q9Z2C5
A6NDX5	Q9Z2X1
A6NDX5	Q794E4
A6NDX5	A2CEA7
A6NDX5	A2YBX5
A6NDX5	Q0DCT8
A6NDX5	A4R596
A6NDX5	A4RJV3
A6NDX5	A7TDZ8
A6NDX5	A7TSV7
A6NDX5	A8MPX8
A6NDX5	B3WFY8
A6NDX5	B8ADZ3
A6NDX5	C0LGF5
A6NDX5	E5RQA1
A6NDX5	F1QWM2
A6NDX5	F4HWY6
A6NDX5	F4I907
A6NDX5	F4IVR7
A6NDX5	F4K1Z0
A6NDX5	M9NDE3
A6NDX5	O08849
A6NDX5	O13754
A6NDX5	O13889
A6NDX5	O22173
A6NDX5	O35431
A6NDX5	O42043
A6NDX5	O49318
A6NDX5	O59672
A6NDX5	O59801
A6NDX5	O64425
A6NDX5	O64758
A6NDX5	O70263
A6NDX5	O70595
A6NDX5	O74628
A6NDX5	O75093
A6NDX5	O80501
A6NDX5	O80736
A6NDX5	O80910
A6NDX5	O81292
A6NDX5	O94566
A6NDX5	O94692
A6NDX5	O95661
A6NDX5	P01703
A6NDX5	P01836
A6NDX5	P04945
A6NDX5	P08884
A6NDX5	P0CC10
A6NDX5	P0CG76
A6NDX5	P0CT09
A6NDX5	P0CY19
A6NDX5	P10775
A6NDX5	P12319
A6NDX5	P14272
A6NDX5	P16914
A6NDX5	P18484
A6NDX5	P17427
A6NDX5	P20305
A6NDX5	P21218
A6NDX5	P22808
A6NDX5	P28841
A6NDX5	P39207
A6NDX5	P42522
A6NDX5	P43295
A6NDX5	P46600
A6NDX5	P47207
A6NDX5	P48002
A6NDX5	P50170
A6NDX5	P51878
A6NDX5	P53496
A6NDX5	P54637
A6NDX5	P58050
A6NDX5	P61969
A6NDX5	P61968
A6NDX5	P70275
A6NDX5	P83784
A6NDX5	P87320
A6NDX5	P93022
A6NDX5	P97546
A6NDX5	Q00423
A6NDX5	Q02105
A6NDX5	Q06396
A6NDX5	P51823
A6NDX5	Q09268
A6NDX5	Q09748
A6NDX5	Q0E3C3
A6NDX5	Q0J2C6
A6NDX5	Q0JGS5
A6NDX5	Q0WPJ7
A6NDX5	Q10146
A6NDX5	Q10DV7
A6NDX5	A2XLF2
A6NDX5	Q12505
A6NDX5	Q14160
A6NDX5	Q17381
A6NDX5	Q1EG27
A6NDX5	Q23445
A6NDX5	Q28970
A6NDX5	Q2KHU5
A6NDX5	Q38828
A6NDX5	Q39160
A6NDX5	Q39779
A6NDX5	Q3SWT0
A6NDX5	Q3UPR9
A6NDX5	Q3UZZ4
A6NDX5	Q3ZCU0
A6NDX5	Q42569
A6NDX5	Q4KL20
A6NDX5	A7XGN8
A6NDX5	P33981
A6NDX5	Q00839
A6NDX5	Q8BIE6
A6NDX5	Q8BIE6
A6NDX5	Q91ZT7
A6NDX5	Q92247
A6NDX5	Q923X8
A6NDX5	Q92847
A6NDX5	Q941L3
A6NDX5	Q94A27
A6NDX5	Q94CL8
A6NDX5	Q95029
A6NDX5	Q96DD0
A6NDX5	Q96T75
A6NDX5	Q99645
A6NDX5	Q99MW1
A6NDX5	Q9C5P6
A6NDX5	Q9C6Y4
A6NDX5	Q9C7R6
A6NDX5	Q9D7H2
A6NDX5	Q9ES90
A6NDX5	Q9FGW9
A6NDX5	Q9FHK9
A6NDX5	Q9FJ90
A6NDX5	Q9FJW5
A6NDX5	Q9FKF2
A6NDX5	Q9FL07
A6NDX5	Q9FLI3
A6NDX5	Q9FUT3
A6NDX5	Q9FWQ5
A6NDX5	Q9FYE3
A6NDX5	Q9FZB8
A6NDX5	Q9H208
A6NDX5	Q9H4G8
A6NDX5	Q9HFE7
A6NDX5	Q9JHX0
A6NDX5	Q9JJI5
A6NDX5	Q9LF64
A6NDX5	Q9LFV3
A6NDX5	Q9LHJ9
A6NDX5	Q9LIH9
A6NDX5	Q9LM76
A6NDX5	Q9LMN8
A6NDX5	Q9LNJ4
A6NDX5	Q9LQC8
A6NDX5	P0DH91
A6NDX5	Q9LS80
A6NDX5	Q9LTA6
A6NDX5	Q9LTY2
A6NDX5	Q9LXG8
A6NDX5	Q9LZQ9
A6NDX5	Q9M092
A6NDX5	Q9M2Z2
A6NDX5	Q9M9H4
A6NDX5	Q9NP86
A6NDX5	Q9NSI5
A6NDX5	Q9P7D7
A6NDX5	Q9R172
A6NDX5	Q9SAF0
A6NDX5	Q9SB51
A6NDX5	Q9SFX2
A6NDX5	Q9SH69
A6NDX5	Q9SI06
A6NDX5	Q9SJ41
A6NDX5	Q9SKB2
A6NDX5	Q9SN68
A6NDX5	Q9SR87
A6NDX5	Q9STL0
A6NDX5	Q9SUT0
A6NDX5	Q9SWR5
A6NDX5	Q9TW67
A6NDX5	Q9UR24
A6NDX5	Q9XEC7
A6NDX5	Q9XIF2
A6NDX5	Q9Y2T5
A6NDX5	Q9Y5Y3
A6NDX5	Q9ZP54
A6NDX5	Q9ZQ60
A6NDX5	A0A075B759
A6NDX5	P0DN26
A6NDX5	A0A0A6YY25
A6NDX5	A0A0G2K0D3
A6NDX5	A0A0R4IKJ1
A6NDX5	A0A1P8AS03
A6NDX5	A1IGU5
A6NDX5	A1L1K8
A6NDX5	A1Z7L8
A6NDX5	A2A2Y4
A6NDX5	A2AN08
A6NDX5	A2VDZ9
A6NDX5	A4D1E1
A6NDX5	A4L9P7
A6NDX5	A5DKH0
A6NDX5	A6NFN3
A6NDX5	A6NI28
A6NDX5	A6NK75
A6NDX5	A7E3N7
A6NDX5	B2RPY5
A6NDX5	C0LGH3
A6NDX5	D3ZHA0
A6NDX5	D3ZTQ1
A6NDX5	D4A3T6
A6NDX5	E9PJI5
A6NDX5	P0DM63
A6NDX5	E9Q4Z2
A6NDX5	F1M3G7
A6NDX5	F8VTS6
A6NDX5	G5EC32
A6NDX5	G5EET5
A6NDX5	G5EGQ3
A6NDX5	I6WZK7
A6NDX5	O00221
A6NDX5	O00391
A6NDX5	O00391
A6NDX5	O01971
A6NDX5	O08565
A6NDX5	O08648
A6NDX5	O08738
A6NDX5	O08859
A6NDX5	O14628
A6NDX5	O14763
A6NDX5	O15018
A6NDX5	O15120
A6NDX5	O15230
A6NDX5	O15353
A6NDX5	O15552
A6NDX5	O35149
A6NDX5	O35413
A6NDX5	O35593
A6NDX5	O00487
A6NDX5	O35701
A6NDX5	O43120
A6NDX5	O43374
A6NDX5	O43525
A6NDX5	O43918
A6NDX5	O49596
A6NDX5	O54833
A6NDX5	O55092
A6NDX5	O60102
A6NDX5	O60304
A6NDX5	O61305
A6NDX5	O74398
A6NDX5	O74736
A6NDX5	O74978
A6NDX5	O75509
A6NDX5	O75900
A6NDX5	O76460
A6NDX5	O80623
A6NDX5	O88342
A6NDX5	O88746
A6NDX5	O88855
A6NDX5	O88951
A6NDX5	Q9Z252
A6NDX5	O89090
A6NDX5	O94290
A6NDX5	O94844
A6NDX5	O94979
A6NDX5	O95159
A6NDX5	O95256
A6NDX5	O95376
A6NDX5	O95477
A6NDX5	O95631
A6NDX5	O95786
A6NDX5	P00176
A6NDX5	P00755
A6NDX5	P01116
A6NDX5	P01899
A6NDX5	P02836
A6NDX5	P05177
A6NDX5	P05933
A6NDX5	P06240
A6NDX5	P06757
A6NDX5	P07207
A6NDX5	P08138
A6NDX5	P08319
A6NDX5	P08912
A6NDX5	P09623
A6NDX5	P0A2D5
A6NDX5	P0A764
A6NDX5	P0A763
A6NDX5	P0AGA6
A6NDX5	P0C5J9
A6NDX5	P0CG48
A6NDX5	P10072
A6NDX5	P10300
A6NDX5	P10608
A6NDX5	P11087
A6NDX5	P11688
A6NDX5	P12369
A6NDX5	P12688
A6NDX5	P13800
A6NDX5	P14646
A6NDX5	P15622
A6NDX5	P15891
A6NDX5	P16333
A6NDX5	P16474
A6NDX5	P17027
A6NDX5	P17426
A6NDX5	P18125
A6NDX5	P18961
A6NDX5	P19158
A6NDX5	P19632
A6NDX5	P20138
A6NDX5	P20941
A6NDX5	P21845
A6NDX5	P22694
A6NDX5	P22893
A6NDX5	P23572
A6NDX5	P23760
A6NDX5	P23953
A6NDX5	P25090
A6NDX5	P25808
A6NDX5	P26011
A6NDX5	P26308
A6NDX5	P26516
A6NDX5	P27704
A6NDX5	P28352
A6NDX5	P30204
A6NDX5	P30875
A6NDX5	P31314
A6NDX5	P31421
A6NDX5	P31786
A6NDX5	P32304
A6NDX5	P32588
A6NDX5	P34082
A6NDX5	P34595
A6NDX5	P34713
A6NDX5	P34947
A6NDX5	P35243
A6NDX5	P35348
A6NDX5	P35845
A6NDX5	P36018
A6NDX5	P36507
A6NDX5	P36609
A6NDX5	P37235
A6NDX5	P38113
A6NDX5	P40234
A6NDX5	P40352
A6NDX5	P41180
A6NDX5	P41695
A6NDX5	P41848
A6NDX5	P42124
A6NDX5	P42944
A6NDX5	P43292
A6NDX5	P43589
A6NDX5	P46734
A6NDX5	P46941
A6NDX5	P47057
A6NDX5	P47875
A6NDX5	P48462
A6NDX5	P48576
A6NDX5	P49134
A6NDX5	P49312
A6NDX5	P04256
A6NDX5	P50895
A6NDX5	P51508
A6NDX5	P52824
A6NDX5	P52954
A6NDX5	P53916
A6NDX5	P53968
A6NDX5	P54132
A6NDX5	P55009
A6NDX5	P55280
A6NDX5	P57103
A6NDX5	P57784
A6NDX5	P58253
A6NDX5	P58544
A6NDX5	P59041
A6NDX5	P59808
A6NDX5	P61073
A6NDX5	P61221
A6NDX5	P61222
A6NDX5	P61407
A6NDX5	P61769
A6NDX5	P62749
A6NDX5	P62748
A6NDX5	P70336
A6NDX5	P73826
A6NDX5	P78363
A6NDX5	P78560
A6NDX5	P87053
A6NDX5	P92965
A6NDX5	P97334
A6NDX5	P97438
A6NDX5	P97503
A6NDX5	P97677
A6NDX5	P97926
A6NDX5	P9WGK8
A6NDX5	P9WGK9
A6NDX5	P9WI75
A6NDX5	P9WI74
A6NDX5	P9WMR1
A6NDX5	P9WNF5
A6NDX5	P9WNV9
A6NDX5	P9WNV8
A6NDX5	P9WQ99
A6NDX5	Q00900
A6NDX5	Q01101
A6NDX5	Q02318
A6NDX5	Q02555
A6NDX5	Q02928
A6NDX5	Q03407
A6NDX5	Q04692
A6NDX5	Q05982
A6NDX5	Q06098
A6NDX5	Q06188
A6NDX5	Q06488
A6NDX5	Q06AK6
A6NDX5	Q07231
A6NDX5	Q07497
A6NDX5	Q07890
A6NDX5	Q08093
A6NDX5	Q08234
A6NDX5	Q08AH3
A6NDX5	Q09167
A6NDX5	O35326
A6NDX5	Q09517
A6NDX5	Q09715
A6NDX5	Q0JHU5
A6NDX5	Q0VCX2
A6NDX5	Q10322
A6NDX5	Q12128
A6NDX5	Q12181
A6NDX5	Q12363
A6NDX5	Q13033
A6NDX5	Q13148
A6NDX5	Q13449
A6NDX5	Q13546
A6NDX5	Q13639
A6NDX5	Q14562
A6NDX5	Q14680
A6NDX5	Q14807
A6NDX5	Q14CB8
A6NDX5	Q15084
A6NDX5	Q15283
A6NDX5	Q15404
A6NDX5	Q15599
A6NDX5	Q1H9T6
A6NDX5	Q1PDV2
A6NDX5	Q22618
A6NDX5	Q2EMV9
A6NDX5	Q2LAP6
A6NDX5	Q2Q1W2
A6NDX5	Q2TL32
A6NDX5	Q38872
A6NDX5	Q3KP44
A6NDX5	Q3UA37
A6NDX5	Q3UHJ0
A6NDX5	Q3UYK3
A6NDX5	Q3V129
A6NDX5	Q498D6
A6NDX5	Q4FZY0
A6NDX5	Q4J6H1
A6NDX5	Q4KLL0
A6NDX5	Q4KMA2
A6NDX5	Q4VBE8
A6NDX5	Q59S78
A6NDX5	Q5A7Q3
A6NDX5	Q5AF95
A6NDX5	Q5AL27
A6NDX5	Q5BK61
A6NDX5	Q5F293
A6NDX5	Q5JSH3
A6NDX5	Q5NSW5
A6NDX5	Q5S006
A6NDX5	Q5SUA5
A6NDX5	Q5SZQ8
A6NDX5	Q5T6F0
A6NDX5	Q5U216
A6NDX5	Q5VV43
A6NDX5	Q5VY80
A6NDX5	Q5XI28
A6NDX5	Q5XIM9
A6NDX5	Q5XKE0
A6NDX5	Q60596
A6NDX5	Q60823
A6NDX5	Q61011
A6NDX5	Q61193
A6NDX5	Q61772
A6NDX5	P54759
A6NDX5	Q62035
A6NDX5	Q62179
A6NDX5	Q62446
A6NDX5	Q62780
A6NDX5	Q62889
A6NDX5	Q63035
A6NDX5	Q63262
A6NDX5	Q63433
A6NDX5	Q63767
A6NDX5	Q64143
A6NDX5	Q64522
A6NDX5	Q8IUE6
A6NDX5	Q66H04
A6NDX5	Q66HA4
A6NDX5	Q66JY6
A6NDX5	Q68BL7
A6NDX5	Q68ED2
A6NDX5	Q68FR3
A6NDX5	Q68LP1
A6NDX5	Q69ZI1
A6NDX5	Q6DFZ1
A6NDX5	Q6GPI1
A6NDX5	Q6J9G1
A6NDX5	Q6NSJ5
A6NDX5	Q6P902
A6NDX5	Q6PID6
A6NDX5	Q6QEF8
A6NDX5	Q6URK4
A6NDX5	Q8BG05
A6NDX5	Q6UWY5
A6NDX5	Q6W5P4
A6NDX5	Q6ZMQ8
A6NDX5	Q6ZN57
A6NDX5	Q6ZQM0
A6NDX5	Q6ZS81
A6NDX5	Q704Y3
A6NDX5	Q76M68
A6NDX5	Q7K4B3
A6NDX5	Q7M6Z5
A6NDX5	Q7TP36
A6NDX5	Q7TQ40
A6NDX5	Q7Z442
A6NDX5	Q7Z5J1
A6NDX5	Q7Z6J2
A6NDX5	Q80TJ7
A6NDX5	Q80U44
A6NDX5	Q80UU1
A6NDX5	Q80VK6
A6NDX5	Q80ZA4
A6NDX5	Q810B8
A6NDX5	Q811P8
A6NDX5	Q86T82
A6NDX5	Q86UT6
A6NDX5	Q86VB7
A6NDX5	Q86VZ1
A6NDX5	Q86Y38
A6NDX5	Q8BGA3
A6NDX5	D4A7P2
A6NDX5	Q8BH60
A6NDX5	Q8BHY8
A6NDX5	Q8BIW9
A6NDX5	Q8BLR7
A6NDX5	Q8BND5
A6NDX5	Q8BRB7
A6NDX5	Q8BSQ9
A6NDX5	Q8BU04
A6NDX5	Q8BVR6
A6NDX5	Q8BWQ1
A6NDX5	Q8BYK4
A6NDX5	Q8BZ97
A6NDX5	Q8C0X8
A6NDX5	Q8C854
A6NDX5	Q8CES0
A6NDX5	Q8CGN4
A6NDX5	Q8CIM7
A6NDX5	Q8IWY8
A6NDX5	Q8IXN7
A6NDX5	Q8IYX4
A6NDX5	Q8IZF7
A6NDX5	Q8K0L0
A6NDX5	Q8K2C7
A6NDX5	Q8K3E5
A6NDX5	Q8K3Z0
A6NDX5	Q8K4K1
A6NDX5	Q8N0X7
A6NDX5	Q8N283
A6NDX5	Q8N392
A6NDX5	Q8N436
A6NDX5	Q8N6M0
A6NDX5	Q8N7K0
A6NDX5	Q8NAM6
A6NDX5	Q8NC69
A6NDX5	Q8NFW9
A6NDX5	Q8NGG3
A6NDX5	Q8NGZ3
A6NDX5	Q8R173
A6NDX5	Q8R4V0
A6NDX5	Q8TAF3
A6NDX5	Q8TD94
A6NDX5	Q8TDX9
A6NDX5	Q8TEQ6
A6NDX5	Q8TF64
A6NDX5	Q8VHJ5
A6NDX5	Q8VZJ9
A6NDX5	Q8WTR7
A6NDX5	Q8WUK0
A6NDX5	Q8WWY6
A6NDX5	Q8WXR4
A6NDX5	Q8WZ64
A6NDX5	Q90623
A6NDX5	Q91VN6
A6NDX5	Q91W59
A6NDX5	Q91Z96
A6NDX5	Q921I9
A6NDX5	Q922H7
A6NDX5	Q92331
A6NDX5	Q923U0
A6NDX5	Q925G0
A6NDX5	Q92630
A6NDX5	Q92772
A6NDX5	Q92870
A6NDX5	Q92963
A6NDX5	Q93794
A6NDX5	Q940A2
A6NDX5	Q94AG2
A6NDX5	Q95N27
A6NDX5	Q96BK5
A6NDX5	Q96E93
A6NDX5	Q96G61
A6NDX5	Q8NFP7
A6NDX5	Q96LD4
A6NDX5	Q96PB7
A6NDX5	Q96PU5
A6NDX5	Q96QG7
A6NDX5	Q96S55
A6NDX5	Q99653
A6NDX5	Q99942
A6NDX5	Q99J78
A6NDX5	Q99LG0
A6NDX5	Q99N27
A6NDX5	Q99P75
A6NDX5	Q9R0M6
A6NDX5	Q9BQA5
A6NDX5	Q9BR39
A6NDX5	Q9BRR0
A6NDX5	Q9BTZ2
A6NDX5	Q9BUP0
A6NDX5	Q9BVC4
A6NDX5	Q9BXJ3
A6NDX5	Q9BYC5
A6NDX5	Q9BYX4
A6NDX5	Q9BZY9
A6NDX5	Q9C6S1
A6NDX5	Q9CQC5
A6NDX5	Q9CX86
A6NDX5	Q9CYL5
A6NDX5	Q9CZU3
A6NDX5	Q9D2H5
A6NDX5	Q9D5T0
A6NDX5	Q505J9
A6NDX5	Q9D6P8
A6NDX5	Q9D8T4
A6NDX5	Q9DAC9
A6NDX5	Q9DBR7
A6NDX5	Q9DC33
A6NDX5	Q9DGE1
A6NDX5	Q9EPL6
A6NDX5	Q9EQS0
A6NDX5	Q9ERR8
A6NDX5	Q9ES64
A6NDX5	Q9ET80
A6NDX5	Q9FIJ0
A6NDX5	Q9FLE8
A6NDX5	Q9FVE6
A6NDX5	Q9H0E7
A6NDX5	Q9H1C0
A6NDX5	Q9H223
A6NDX5	Q9H340
A6NDX5	Q9H765
A6NDX5	Q9H7X3
A6NDX5	Q9H8M7
A6NDX5	Q9H9A6
A6NDX5	Q9HA82
A6NDX5	Q9HAW8
A6NDX5	Q9HBH9
A6NDX5	Q9HC56
A6NDX5	Q9JHL4
A6NDX5	Q9JI11
A6NDX5	Q9JK83
A6NDX5	Q9JKQ4
A6NDX5	Q9JM01
A6NDX5	Q9JMC1
A6NDX5	Q9LV48
A6NDX5	Q9N5D6
A6NDX5	Q9NRG4
A6NDX5	Q9NRW4
A6NDX5	Q9NS87
A6NDX5	Q9NTI5
A6NDX5	Q9NZ32
A6NDX5	Q9NZM1
A6NDX5	Q9NZW5
A6NDX5	Q9P215
A6NDX5	Q9P2E2
A6NDX5	Q9P2P5
A6NDX5	Q9P795
A6NDX5	Q9QXT3
A6NDX5	Q9QY40
A6NDX5	Q9QYI4
A6NDX5	Q9QYY0
A6NDX5	Q9QZE2
A6NDX5	Q9QZS3
A6NDX5	Q9R080
A6NDX5	Q9R0N8
A6NDX5	Q9R187
A6NDX5	Q9SGI8
A6NDX5	Q9SRU2
A6NDX5	Q9UBB5
A6NDX5	Q9UHR4
A6NDX5	Q9UID6
A6NDX5	Q9UKB1
A6NDX5	Q9ULQ1
A6NDX5	Q9UMD9
A6NDX5	Q9UNY4
A6NDX5	Q9UPT9
A6NDX5	Q9V6U8
A6NDX5	Q9VGV8
A6NDX5	Q9VPF0
A6NDX5	Q9VR91
A6NDX5	Q9W1V7
A6NDX5	Q9WTK7
A6NDX5	Q9WTV5
A6NDX5	Q9WUK4
A6NDX5	Q9WV34
A6NDX5	Q9WVC5
A6NDX5	Q9WVP9
A6NDX5	Q9XID3
A6NDX5	Q9Y286
A6NDX5	Q9Y2G4
A6NDX5	Q9Y2Q1
A6NDX5	Q9Y2Y8
A6NDX5	Q9Y3L5
A6NDX5	Q8BU31
A6NDX5	Q9Y4W6
A6NDX5	Q9Y5C1
A6NDX5	Q9Y5H7
A6NDX5	Q9Y5S2
A6NDX5	Q9Y6L7
A6NDX5	Q9Y7T4
A6NDX5	Q9Z2C9
A6NDX5	Q9Z2X2
A6NDX5	Q9ZPX8
A6NDX5	Q9ZVI3
A6NDX5	A0A8M9PQ61
A6NDX5	A2A6M5
A6NDX5	A3C6D7
A6NDX5	A3LRB2
A6NDX5	A4IFM7
A6NDX5	A4R5B8
A6NDX5	A4RLF4
A6NDX5	A6NDL8
A6NDX5	A6NM36
A6NDX5	A7TEG8
A6NDX5	A7TKW4
A6NDX5	B0BNA1
A6NDX5	B4F785
A6NDX5	C0LGG3
A6NDX5	D3W0D1
A6NDX5	D3ZKV9
A6NDX5	E9Q8G5
A6NDX5	F4HS99
A6NDX5	F4HX15
A6NDX5	F4IFD0
A6NDX5	F4IN78
A6NDX5	F4J4Y5
A6NDX5	F4JEQ1
A6NDX5	F4JQZ3
A6NDX5	F4KAK5
A6NDX5	F4KHG8
A6NDX5	G4N0Z0
A6NDX5	H9JD76
A6NDX5	O04309
A6NDX5	O08850
A6NDX5	O13601
A6NDX5	O13897
A6NDX5	O22176
A6NDX5	O22932
A6NDX5	O42184
A6NDX5	O43304
A6NDX5	O49624
A6NDX5	O54853
A6NDX5	O75150
A6NDX5	O76734
A6NDX5	O80502
A6NDX5	O80737
A6NDX5	O88312
A6NDX5	O89049
A6NDX5	P00742
A6NDX5	P01706
A6NDX5	P01853
A6NDX5	P02790
A6NDX5	P04224
A6NDX5	P0CG77
A6NDX5	P0CY24
A6NDX5	P14794
A6NDX5	P18499
A6NDX5	P20359
A6NDX5	P28862
A6NDX5	P35750
A6NDX5	P36622
A6NDX5	P38816
A6NDX5	P40923
A6NDX5	P42825
A6NDX5	P43298
A6NDX5	P46601
A6NDX5	P47208
A6NDX5	P50207
A6NDX5	P50898
A6NDX5	P51885
A6NDX5	P53497
A6NDX5	P53494
A6NDX5	P54638
A6NDX5	P58062
A6NDX5	P59232
A6NDX5	P61092
A6NDX5	Q8IUQ4
A6NDX5	P70289
A6NDX5	P87889
A6NDX5	P93024
A6NDX5	P97571
A6NDX5	Q01317
A6NDX5	Q02158
A6NDX5	Q05950
A6NDX5	Q07903
A6NDX5	Q09298
A6NDX5	Q09908
A6NDX5	Q0D9R7
A6NDX5	Q10NB9
A6NDX5	Q14BQ3
A6NDX5	Q19192
A6NDX5	Q1LUA6
A6NDX5	Q1ZXI7
A6NDX5	Q26417
A6NDX5	Q28985
A6NDX5	Q2QM47
A6NDX5	Q2TAL6
A6NDX5	Q38829
A6NDX5	Q38Q39
A6NDX5	Q39839
A6NDX5	Q3ED78
A6NDX5	Q3SWT6
A6NDX5	Q3TMV7
A6NDX5	Q42093
A6NDX5	Q42572
A6NDX5	Q499N3
A6NDX5	P03355
A6NDX5	Q61194
A6NDX5	Q61194
A6NDX5	Q923Y5
A6NDX5	Q92876
A6NDX5	Q93Y23
A6NDX5	Q941Q3
A6NDX5	Q99MX1
A6NDX5	Q9C0W2
A6NDX5	Q9C533
A6NDX5	Q9C6A6
A6NDX5	Q9C7S1
A6NDX5	Q9CA60
A6NDX5	Q9D1B8
A6NDX5	Q9D3G9
A6NDX5	Q9EQP5
A6NDX5	Q9ESF1
A6NDX5	Q9ESF1
A6NDX5	Q9FEN9
A6NDX5	Q9FFF5
A6NDX5	Q9FFV5
A6NDX5	Q9FIJ6
A6NDX5	Q9FJ93
A6NDX5	Q9FJX0
A6NDX5	Q9FKG5
A6NDX5	Q9FNQ1
A6NDX5	Q9FUY2
A6NDX5	Q9GZM6
A6NDX5	Q9H209
A6NDX5	Q9H4M3
A6NDX5	Q9HFF2
A6NDX5	Q9LFV5
A6NDX5	Q9LHL3
A6NDX5	Q9LK50
A6NDX5	Q9LPL6
A6NDX5	Q9LQE3
A6NDX5	Q9LRR5
A6NDX5	Q9LS86
A6NDX5	Q9LTA8
A6NDX5	Q9LV21
A6NDX5	Q9LWN0
A6NDX5	Q9LZR5
A6NDX5	Q9M115
A6NDX5	Q9M1K5
A6NDX5	Q9M2F8
A6NDX5	Q9MAG3
A6NDX5	Q9N3X8
A6NDX5	Q9NSJ1
A6NDX5	Q9NY72
A6NDX5	Q9P6I2
A6NDX5	Q9R1A3
A6NDX5	Q9R1A3
A6NDX5	Q9S7C0
A6NDX5	Q9SAF1
A6NDX5	Q9SH71
A6NDX5	Q9SI13
A6NDX5	Q9SIP0
A6NDX5	Q9SN89
A6NDX5	Q9SR96
A6NDX5	Q9SRX9
A6NDX5	Q9STL1
A6NDX5	Q9SU78
A6NDX5	Q9SUT5
A6NDX5	Q9UBX7
A6NDX5	Q9VUW9
A6NDX5	Q9WUU7
A6NDX5	Q9XEC8
A6NDX5	Q9XGZ9
A6NDX5	Q9Y2T6
A6NDX5	Q9Y5Y6
A6NDX5	Q9ZQ70
A6NDX5	Q9ZVA0
A6NDX5	Q9ZVW2
A9JSM3	A9JSM3
A9JSM3	C9JI98
B1AUF7	B1AUF7
B1AUF7	A0A087WWA1
D3YZI9	D3YZI9
D3ZWE7	D3ZWE7
D3ZWE7	Q9D5T7
D3ZWE7	Q5SQP1
D3ZWE7	Q86X24
D3ZWE7	F4JTJ9
D3ZWE7	Q8N7B1
D3ZWE7	F4HRV8
F4KF27	F4KF27
G3UZ78	G3UZ78
G3UZ78	Q8N7X0
K9M1U5	K9M1U5
O05495	O05495
O13858	O13858
O14131	O14131
O14248	O14248
O15260	O15260
O15260	P53337
O15260	O74559
O15511	O15511
O15511	Q9CPW4
O15511	Q4KLF8
O15511	Q10316
O15511	Q9BPX5
O15511	Q9D898
O15511	A1L108
O15511	O96626
O31540	O31540
O31768	O31768
O34795	O34795
Q9FHY1	Q9FHY1
Q9FHY1	Q9M3A3
Q9FHY1	Q9AXA6
Q9FL96	Q9FL96
Q9FL96	O94742
Q9FL96	Q9XIR8
Q9FL96	Q9VM46
Q9FMH6	Q9FMH6
Q9FMH6	Q9C500
Q9FMH6	Q9LE82
Q9FMH6	Q9M651
Q9FMH6	Q0WQ91
Q9FN41	Q9FN41
Q9FN41	Q9WVQ5
Q9FN41	Q8BGB7
Q9FN41	Q9UHY7
Q9FN41	B8BKI7
Q9FN41	P32626
Q9FN41	P47095
Q9FN41	Q2R483
Q9FN41	Q96GX9
Q9HGP5	Q9HGP5
Q9HGP5	P47756
Q9HGP5	Q5XI32
Q9HGP5	P13517
Q9HGP5	P13021
Q9HGP5	P47757
Q9JIP3	Q9JIP3
Q9JIP3	Q9NRM6
Q9JLT2	Q9JLT2
Q9JLT2	Q9W2M2
Q9JLT2	O43280
Q9LP45	Q9LP45
Q9LP45	O00231
Q9LP45	Q8BG32
Q9LP45	F1LMZ8
Q9LP45	Q12377
Q9LP45	Q7KLV9
Q9LP45	Q20938
Q9LP45	Q9P7S2
Q9LS02	Q9LS02
Q9LS02	Q93ZC5
Q9LS02	Q9LS01
Q9LS02	Q9LS03
Q9LTJ8	Q9LTJ8
Q9LUR0	Q9LUR0
Q9M0L3	Q9M0L3
Q9M0L3	A9TKY8
Q9M203	Q9M203
Q9M203	Q07154
Q9M203	Q1ZYQ8
Q9M203	P58738
Q9M203	Q94LR4
Q9M203	Q9SHY6
Q9NWR8	Q9NWR8
Q9NWR8	Q8NE86
Q9P7N3	Q9P7N3
Q9SFB0	Q9SFB0
Q9SFB0	Q9SVE7
Q9SHJ6	Q9SHJ6
Q9SJZ6	Q9SJZ6
Q9SNY3	Q9SNY3
Q9SNY3	P93031
Q9SNY3	O60547
Q9SNY3	Q8K0C9
Q9SNY3	P0AC91
Q9SNY3	P0AC90
Q9SNY3	O45583
Q9SNY3	Q18801
Q9SRN0	Q9SRN0
Q9SRN0	Q9SJ52
Q9SRN0	Q9SRN1
Q9SRN0	Q9FI03
Q9STV0	Q9STV0
Q9STV0	Q9SAC6
Q9SX86	Q9SX86
Q9SX86	Q9SX85
Q9SZV0	Q9SZV0
Q9UTL8	Q9UTL8
Q9UTL8	Q9C744
Q9UTL8	Q08951
Q9UTL8	P54362
Q9UTL8	O54774
Q9UTL8	O14617
Q9UUN5	Q9UUN5
Q9UUN5	P53633
Q9VYX1	Q9VYX1
Q9VYX1	Q9NPA8
Q9VYX1	Q9JIX0
A0A1B0GTD5	A0A1B0GTD5
A0A1D8PPS1	A0A1D8PPS1
A0A1D8PPS1	P04456
A0A1D8PPS1	P62750
A0A1D8PPS1	P62751
A0A1D8PPS1	P62752
A0A1D8PPS1	P48162
A0A1D8PPS1	P73318
A0A1D8PPS1	Q10330
A0A1D8PPS1	Q09MB3
A0A1D8PPS1	Q20647
A0A1D8PPS1	P42924
A0A1D8PPS1	P0ADZ3
A0A1D8PPS1	Q9M3C3
A0A1D8PPS1	P61845
A0A1D8PPS1	O74391
A0A1D8PPS1	Q8PNS2
A1XBS5	A1XBS5
A1XBS5	Q9VK91
A1XBS5	Q3V2J0
A2AJT9	A2AJT9
A2AJT9	Q569Z6
A2AJT9	Q8K019
A2AJT9	Q5M7V8
A2AJT9	A2AG58
A2RU67	A2RU67
A2RU67	D3ZWJ9
A2RU67	Q8BYI8
A2RU67	Q8BYI8
A3KMH1	A3KMH1
A3KMH1	Q8CC88
A5PLK6	A5PLK6
A7MVC1	A7MVC1
A7MVC1	P0C5S4
B2RYG7	B2RYG7
B2RYG7	Q91WJ0
B2RYG7	Q18PE0
B2RYG7	O60496
B2RYG7	Q18PE1
B2RYG7	Q8TEW6
B2RYG7	Q99KE3
B2RYG7	O43559
B2RYG7	Q9P104
B2RYG7	P97465
B2RYG7	Q8WU20
B2RYG7	Q91ZM9
B2RYG7	Q9QZK7
B2RYG7	Q99704
B2RYG7	Q7L591
B2RYG7	Q8C180
B2RYG7	A3R064
B2RYG7	O70469
B2RYG7	Q4QQV2
B2RYG7	Q6PKX4
B2RYG7	Q2MHE5
E9PV87	E9PV87
E9PV87	Q9BVV6
F5H4A9	F5H4A9
F5H4A9	E9Q0B3
O94378	O94378
O94516	O94516
O94905	O94905
O94905	Q8BFZ9
O96539	O96539
O96539	O95260
O96539	Q9C776
O96539	Q9ZT48
O96539	Q9Z2A5
O96539	P16639
P01031	P01031
P01031	P06684
P03079	P03079
P03079	P03077
P03079	P12906
P03079	P03070
P06105	P06105
P06701	P06701
P07784	P07784
P08226	P08226
P08226	P02649
P08226	P02650
P08461	P08461
P08461	Q60597
P08461	P12694
P08461	P35486
P08461	P36957
P08461	Q5HG06
P08461	Q8BMF4
P08461	P06959
P08461	P12695
P08461	P35487
P08461	Q5HG07
P08461	O59816
P08461	P20967
P08461	Q10489
P08461	D3ZQD3
P08461	P52901
P08461	P16387
P08461	Q96HY7
P08461	P52903
P08461	A7MB35
P08461	P21883
P08461	P50136
P08461	Q4KLP0
P08461	P19262
P08461	P11960
P08461	Q0WQF7
P08461	P52899
P08461	Q01205
P08461	P23129
P08461	Q8H1Y0
P08461	Q9C8P0
P08461	P16263
P08461	P10515
P08461	Q02218
P08461	Q5XI78
P08461	Q06437
P08461	P0AFG5
P08461	Q9N0F1
P08461	O06159
P08461	P0AFG6
P08461	P11182
P08461	P37940
P08461	O13366
P08461	P29803
P08461	P16451
P08461	P26267
P08461	Q5HGY9
P08461	O00330
P08461	Q9SQI8
P08461	Q5HGZ1
P08461	O94681
P08461	P26284
P08461	P75390
P08461	Q9ULD0
P08461	Q9D2G2
P08461	A2ATU0
P08461	Q8BKZ9
P08461	O61199
P08461	O74378
P08461	Q9LPL5
P08461	P53395
P08461	P9WIS5
P0A7S2	P0A7S2
P0A7S2	P0A7R9
P0A7S2	P0CT56
P0A7S2	P0CT57
P0A7S2	P0CT56
P0A7S2	P0CT57
P0A7S2	Q9CAX6
P0A7S2	P39516
P0A7S2	C0HKA0
P0A7S2	C0HKA1
P0A7S2	C0HKA0
P0A7S2	C0HKA1
P0A7S2	P56802
P0A7S2	Q9DCA2
P0A7S2	Q9SIH0
P0A7S2	P19950
P0A7S2	P06367
P0A7S2	P19951
P0A7S2	P04969
P0A7S2	P62263
P0A7S2	P62264
P0A7S2	P13471
P0A7S2	Q96W53
P0A7S2	A0A1D8PDT3
P0A7S2	P19115
P0A7S2	P42036
P0A7S2	P48150
P0A7S2	P82912
P0A8I4	P0A8I4
P0A916	P0A916
P0A916	P0A915
P0A9H9	P0A9H9
P0A9H9	Q8XCG0
P0AAQ5	P0AAQ5
P0AAQ5	P0AAQ4
P0ACK9	P0ACK9
P0ADU5	P0ADU5
P0ADU5	P31130
P0CY02	P0CY02
P0CY02	P0CY03
P0CY02	P0CY04
P0CY02	P0CY05
P0DTC5	P0DTC5
P10417	P10417
P10417	P49950
P10417	P97287
P10417	Q07440
P10417	Q07812
P10417	P10415
P10417	P53563
P10417	Q07813
P10417	Q07817
P10417	Q07820
P10417	Q16611
P10417	Q9HBF5
P10417	Q92843
P10417	Q07816
P10417	Q9Z1P3
P10417	O08734
P10417	Q16548
P10810	P10810
P10810	P08571
P11162	P11162
P11162	P24400
P53275	P53275
P55926	P55926
P55926	Q6NXK8
P55926	Q10025
P55926	Q9UHC3
P55926	Q925H0
P55926	Q16515
P55926	Q62962
P55926	P51168
P55926	P51170
P55926	P37089
P55926	Q6X1Y6
P55926	P37090
P55926	P37091
P55926	O35240
P55926	Q7TNS7
P55926	Q9WU38
P55926	Q9WU39
P55926	P78348
P55926	Q9NY37
P55926	Q9JHS6
P55926	P24612
P58384	P58384
P60464	P60464
P61009	P61009
P61009	C0HK79
P61009	C0HK80
P61009	C0HK79
P61009	C0HK80
P64451	P64451
P69009	P69009
P71635	P71635
P73010	P73010
P73010	Q9XH75
P73010	P9WGA0
P73010	P9WGA1
P73010	A1KKE0
P73010	O48950
P73010	Q9XFJ8
P73010	Q9LKU2
P73010	P69428
P75277	P75277
P83211	P83211
P94072	P94072
P94072	Q9M8X6
P94072	P92998
P95980	P95980
P95980	Q4JCH7
Q13951	Q13951
Q13951	Q08024
Q15049	Q15049
Q15049	Q8VHK5
Q15493	Q15493
Q15493	Q64374
Q15493	Q03336
Q18235	Q18235
Q19253	Q19253
Q3E7Z3	Q3E7Z3
Q3KRA6	Q3KRA6
Q3KRA6	P36154
Q3UHA3	Q3UHA3
Q3UHA3	Q96JI7
Q4FK66	Q4FK66
Q4FK66	Q7JVL3
Q4FK66	Q8NAV1
Q4FK66	Q8LB54
Q4G0I0	Q4G0I0
Q4G0I0	Q6RUT7
Q4J9C4	Q4J9C4
Q4J9C4	Q980D1
Q4J9C4	Q3UQ84
Q4J9C4	Q5HF90
Q4J9C4	Q8BLY2
Q4J9C4	P26639
Q4J9C4	Q9BW92
Q4J9C4	P07236
Q4J9C4	A2RTX5
Q4J9C4	P04801
Q4J9C4	P87144
Q4J9C4	P0A8M3
Q4J9C4	P0A8M5
Q4J9C4	Q8XE27
Q4J9C4	Q5XHY5
Q4J9C4	Q9I099
Q4J9C4	Q97VW8
Q4J9C4	Q9D0R2
Q4JAU3	Q4JAU3
Q4JAU3	Q980P7
Q4JCP8	Q4JCP8
Q4JCP8	Q4JAS8
Q537H7	Q537H7
Q55119	Q55119
Q55119	Q6N6V1
Q55119	A6QH73
Q55119	P0A6N4
Q55119	P0A6N6
Q55119	P0A6N7
Q55119	Q9CHN6
Q55119	P0A6N8
Q55119	B1XKV1
Q55119	A8AMQ1
Q7Z601	Q7Z601
Q80UG1	Q80UG1
Q86X53	Q86X53
Q8BJF9	Q8BJF9
Q8BJF9	Q9UQN3
Q8BJF9	Q0WTY4
Q8BJF9	P36108
Q8BJF9	O43633
Q8BJF9	Q9DB34
Q8BKH7	Q8BKH7
Q8BKH7	Q6AYF1
Q8BKH7	Q9BPZ7
Q8BKH7	Q9P7Y9
Q8BS45	Q8BS45
Q8BS45	Q5U2N8
Q8BS45	A0AVF1
Q8C4Q9	Q8C4Q9
Q8C4Q9	Q6P9G4
Q8CIC2	Q8CIC2
Q8CIC2	O15504
Q8CIC2	Q96B70
Q8GWI5	Q8GWI5
Q8GWI5	Q3U155
Q8GWI5	Q6PII3
Q8GWI5	Q5PQS7
Q8K259	Q8K259
Q8K259	Q9NXP7
Q8K341	Q8K341
Q8K341	Q6MG11
Q8K341	Q23192
Q8K341	Q9W5X9
Q8K341	Q9VSY4
Q8MYL1	Q8MYL1
Q8NA47	Q8NA47
Q8R370	Q8R370
Q8R370	Q8N6Y0
Q8R4N0	Q8R4N0
Q8RWD5	Q8RWD5
Q8S4Q6	Q8S4Q6
Q8TE99	Q8TE99
Q8VCN9	Q8VCN9
Q8VCN9	Q9SMR2
Q8VCN9	O75695
Q8VCN9	Q9EPK2
Q8VCN9	Q15814
Q8WV07	Q8WV07
Q8WYK0	Q8WYK0
Q8WYK0	Q99NB7
Q8WYK0	Q9DBK0
Q8WYK0	Q8VHQ9
Q8WYK0	Q8WXI4
Q8WYK0	P0A0Q7
Q8Y9C1	Q8Y9C1
Q8Y9C1	O32224
Q91YX5	Q91YX5
Q91YX5	Q92604
Q923D3	Q923D3
Q923D3	Q6P9X9
Q923D3	Q6UWI2
Q969E3	Q969E3
Q96CH1	Q96CH1
Q96DY2	Q96DY2
Q96DY2	Q9D3V1
Q96F25	Q96F25
Q96F25	P38242
Q96F25	Q9D081
Q96MT0	Q96MT0
Q97Z82	Q97Z82
Q99LB0	Q99LB0
Q99LB0	Q9H147
Q99LM2	Q99LM2
Q99LM2	Q95SK3
Q99LM2	Q96JB5
Q9BRK4	Q9BRK4
Q9BRK4	Q3LUD4
Q9BRK4	O15049
Q9BRK4	Q9Y250
Q9BRK4	Q8CFC9
Q9BRK4	Q91YU6
Q9BRK4	P60853
Q9BRK4	Q8C7U1
Q9BRK4	Q8K1Q4
Q9BRK4	A2AHG0
Q9BRK4	Q3LUD3
Q9BSQ5	Q9BSQ5
Q9BSQ5	Q8K2Y9
Q9BSQ5	Q8VCC6
Q9BSQ5	Q9NUG4
Q9BTL3	Q9BTL3
Q9BTL3	Q9CQY2
Q9BWK5	Q9BWK5
Q9BWK5	Q8BHZ5
Q9BYJ0	Q9BYJ0
Q9CGW5	Q9CGW5
Q9CGW5	O32175
Q9CQ75	Q9CQ75
Q9CQ75	O43678
Q9CQH0	Q9CQH0
Q9CQH0	Q0VG18
Q9CQH0	Q13113
Q9CQH0	O75264
Q9CQH0	Q923S2
Q9CQS9	Q9CQS9
Q9CQS9	Q9NVX0
Q9CXL1	Q9CXL1
Q9CXL1	O95807
Q9CXL1	P56557
Q9D1A0	Q9D1A0
Q9D1A0	Q7RTV5
Q9D9Z1	Q9D9Z1
Q9D9Z1	Q9Y448
Q9DBW3	Q9DBW3
Q9DCV4	Q9DCV4
Q9DCV4	Q66H15
Q9DCV4	Q96TC7
Q9DCV4	Q8BSE0
Q9DCV4	Q4G069
Q9DCV4	Q96DB5
Q9DCV4	Q3UJU9
Q9DCV4	Q96LZ7
Q9DCV4	Q498D5
Q9ERH4	Q9ERH4
Q9ERH4	A1L2F3
Q9GZV3	Q9GZV3
Q9GZV3	Q8BGY9
Q9GZV3	Q9JMD7
Q9GZV3	Q9VE46
Q9H693	Q9H693
Q9HDY1	Q9HDY1
Q9JM80	Q9JM80
Q9JM80	Q9NWQ8
Q9JM80	Q3U1F9
Q9N303	Q9N303
Q9NPC3	Q9NPC3
Q9NRP4	Q9NRP4
Q9NRP4	Q04401
Q9NUW8	Q9NUW8
Q9NUW8	Q4G056
Q9NUW8	Q8BJ37
Q9NWW5	Q9NWW5
Q9P7I7	Q9P7I7
Q9SE35	Q9SE35
Q9UHI7	Q9UHI7
Q9UHI7	Q9WTW7
Q9UHI7	Q9WTW8
Q9UHI7	Q60850
Q9UHI7	O04472
Q9UHI7	Q3E7D0
Q9UHI7	Q94C70
Q9UHI7	Q27GI3
Q9UHI7	Q9Z2J0
Q9UHI7	Q9UGH3
Q9UHI7	Q0WPE9
Q9V3Q2	Q9V3Q2
Q9V564	Q9V564
Q9V564	Q9Y2V7
Q9VE11	Q9VE11
Q9VE11	Q9H7E9
Q9VE11	Q3U6N9
Q9VKU7	Q9VKU7
Q9VXY7	Q9VXY7
Q9WTQ5	Q9WTQ5
Q9WTQ5	Q02952
Q9WTQ5	Q5QD51
Q9WUD8	Q9WUD8
Q9WUD8	Q9NVQ4
Q9Y149	Q9Y149
Q9Y149	Q96RN5
Q9Y149	Q924H2
Q9Z2G9	Q9Z2G9
Q9Z2G9	Q9BUP3
A1L4V7	A1L4V7
A2RVT6	A2RVT6
A2RVT6	O82352
A2RVT6	Q9SS37
A2RVT6	Q9SUT9
A2RVT6	Q9LJQ5
A2RVT6	Q9FFS0
A2RVT6	Q9SUR3
A2RVT6	Q9SH59
A7THU5	A7THU5
A7THU5	A7TKY1
A7THU5	P42223
A7THU5	P38814
A8J6X7	A8J6X7
A8J6X7	Q9Y238
A8J6X7	Q4G0U5
A8J6X7	A9Q751
A8J6X7	Q68FQ8
D3Z752	D3Z752
F4JZG9	F4JZG9
F4KEY9	F4KEY9
F8VPN2	F8VPN2
F8VPN2	Q9BXT5
G4N891	G4N891
H0YL14	H0YL14
J4KLU1	J4KLU1
O00526	O00526
O15544	O15544
O19074	O19074
O19074	Q9Y471
O64602	O64602
O64602	Q9FRR2
O64602	Q9T0K8
O74808	O74808
O74943	O74943
O80386	O80386
O81776	O81776
O81776	O04660
O81776	Q9C5V5
O81776	Q9LV72
O81776	Q9FH75
O81776	Q9LFN8
O81776	Q9SHV1
O81776	Q9SW97
O81776	Q9C8E7
O82258	O82258
O94258	O94258
O94361	O94361
O94361	Q12185
O94361	P38226
O94475	O94475
O96160	O96160
O96160	O96160
Q01684	Q01684
Q02732	Q02732
Q03784	Q03784
Q04745	Q04745
Q04745	P20096
Q06164	Q06164
Q06665	Q06665
Q10095	Q10095
Q12368	Q12368
Q148V7	Q148V7
Q148V7	Q148V7
Q148V7	Q9P260
Q18086	Q18086
Q2HIM9	Q2HIM9
Q2QTC2	Q2QTC2
Q2V3H5	Q2V3H5
Q30KP5	Q30KP5
Q386N1	Q386N1
Q386N1	A8IH47
Q3E9Z8	Q3E9Z8
Q3TA38	Q3TA38
Q3TA38	Q8C1E7
Q3TA38	Q9BXJ8
Q3TA38	A0PK00
Q3TA38	Q5HZE2
Q3TA38	Q9U1M2
Q3UJZ3	Q3UJZ3
Q3UJZ3	Q9H6L4
P05928	P05928
P05928	P69726
Q76ZQ3	Q76ZQ3
Q91YV9	Q91YV9
Q91YV9	Q9BRR3
Q93YV5	Q93YV5
Q93YV5	A7TL97
Q93YV5	O74775
Q93YV5	P40210
Q93YV5	A4RGE6
Q93YV5	A5DQJ8
Q944K2	Q944K2
Q944K2	O59866
Q944K2	O54734
Q944K2	P39656
Q96GX1	Q96GX1
Q96GX1	Q2MV57
Q96P67	Q96P67
Q96RK1	Q96RK1
Q96RK1	Q99967
Q96RK1	P97769
Q99176	Q99176
Q99JA0	Q99JA0
Q99JA0	P70160
Q99JA0	P01257
Q99JA0	P01258
Q99JA0	P12968
Q9BT30	Q9BT30
Q9BT30	Q9D6Z0
Q9BY08	Q9BY08
Q9BY08	Q15125
Q9BY08	O48962
Q9BY08	P70245
Q9C8R8	Q9C8R8
Q9C8R8	Q9FJR9
Q9C9E1	Q9C9E1
Q9CAF4	Q9CAF4
Q9CAX1	Q9CAX1
Q9CAX1	Q9LHL6
Q9CAX1	Q93ZA5
Q9CAX1	O80940
Q9CAX1	Q9FFZ4
Q9CAX1	F4IH21
Q9CAX1	Q9SRL3
Q9CAX1	Q9FG35
Q9CAX1	Q9LDG2
Q9CAX1	F4I037
Q9CAX1	F4K5K4
Q9CAX1	O04523
Q9CAX1	O80872
Q9CAX1	Q9FGE9
Q9CAX1	A0A0P0XXR9
Q9CAX1	Q9M896
Q9CR33	Q9CR33
Q9CR33	Q9H8J5
Q9D2E9	Q9D2E9
Q9D2E9	Q8WZ59
Q9D995	Q9D995
Q9DAJ2	Q9DAJ2
Q9DAJ2	Q9UIF3
Q9DAJ2	Q96M29
Q9DAJ2	Q969V4
Q9DAJ2	Q149S1
Q9DAJ2	Q99JD2
Q9DAJ2	Q9BXF9
Q9DAJ2	Q922G7
Q9ERH6	Q9ERH6
Q9ERH6	P62521
Q9ERH6	Q6PEW1
Q9ERH6	Q96PV4
Q9ERH6	Q9H0W5
Q9ERH6	Q80VM8
Q9ERH6	Q9CZA5
Q9ERH6	Q5DTT8
Q9ERH6	Q9UL42
Q9ERH6	Q8ND90
Q9ERH6	D3YZV8
Q9ERH6	A0A0J9YXQ4
Q9ERH6	P0CW24
Q9ERH6	Q96BY2
Q9ERH6	P0CG32
Q9ERH6	Q86V59
Q9ERH6	Q8JZW8
Q9ERH6	Q9ULN7
Q9ERH6	Q9ULN7
Q9FFP2	Q9FFP2
Q9GJT2	Q9GJT2
Q9GJT2	Q9R0P3
Q9GJT2	B0BNE5
Q9GJT2	P10768
Q9H0H9	Q9H0H9
Q9H379	Q9H379
Q9LH76	Q9LH76
Q9LH76	Q9LQ04
Q9LH76	P27830
Q9LH76	Q8VDR7
Q9LH76	Q9LPG6
Q9LH76	Q9SYM5
Q9LH76	O95455
Q9LH76	P37759
Q9LH76	P37777
Q9LIB9	Q9LIB9
Q9LIB9	Q39041
Q9LIB9	Q1PEF8
Q9LIB9	Q43348
Q9LQ08	Q9LQ08
Q9LT23	Q9LT23
Q9LXU9	Q9LXU9
Q9M223	Q9M223
Q9M223	Q9CZJ1
Q9M223	P34247
Q9M223	Q9Y3A2
Q9NWV4	Q9NWV4
Q9NWV4	Q498R7
Q9NWV4	A1Z9A2
Q9NX63	Q9NX63
Q9NX63	D4A7N1
Q9NX63	Q9CRB9
Q9NX63	Q9BRQ6
Q9NX63	Q91VN4
Q9P6P8	Q9P6P8
Q9P6P8	Q96EC8
Q9P6P8	Q4QQU5
Q9P6P8	Q8BR70
Q9P7H6	Q9P7H6
Q9P7H6	Q5EA98
Q9P7H6	C0HKD8
Q9P7H6	C0HKD9
Q9P7H6	C0HKD8
Q9P7H6	C0HKD9
Q9P7H6	P55081
Q9P7H6	Q9W062
Q9P7H6	Q93712
Q9UHH9	Q9UHH9
Q9UHH9	Q96PC2
Q9UHH9	Q9ESM0
Q9UHH9	Q7TT16
Q9UHH9	Q92551
Q9UHH9	P07250
Q9UHH9	Q12494
Q9UHH9	Q6PD10
Q9UHH9	Q99NI4
Q9UHH9	O74561
Q9UHH9	Q8NFU5
Q9ULJ1	Q9ULJ1
Q9ULJ1	Q9D478
Q9UMX3	Q9UMX3
Q9UMX3	Q792S6
Q9UMX3	O35425
Q9URQ3	Q9URQ3
Q9URQ3	Q6PAT0
Q9USK0	Q9USK0
Q9UUI2	Q9UUI2
Q9UX97	Q9UX97
Q9UX97	B3GZ21
Q9UX97	P48159
Q9UX97	P12875
Q9UX97	P48158
Q9UX97	P35996
Q9UX97	Q9D1I6
Q9UX97	P0CT61
Q9UX97	P0CT60
Q9UX97	P0CX42
Q9UX97	P0CX41
Q9UX97	A0A1D8PPT5
Q9UX97	P0ADY6
Q9UX97	P0ADY3
Q9UX97	Q6P1L8
Q9UX97	Q04MM6
Q9UX97	P62831
Q9UX97	P62829
Q9UX97	P62830
Q9UX97	P62832
Q9UX97	P49690
Q9V4W1	Q9V4W1
Q9V4W1	Q4KLN4
Q9V4W1	Q53GS7
Q9V4W1	Q8R322
Q9V8F5	Q9V8F5
Q9VCI3	Q9VCI3
Q9VFW4	Q9VFW4
Q9VHB9	Q9VHB9
Q9VHB9	Q8IYL2
Q9VHB9	Q9D2Q2
Q9VHB9	Q02648
Q9VS48	Q9VS48
Q9W192	Q9W192
Q9Y3Y2	Q9Y3Y2
Q9Y3Y2	Q498T2
Q9Y3Y2	Q9CY57
O60153	O60153
O60153	O94243
O60153	P53329
O60153	Q03559
O74780	O74780
O74939	O74939
O81007	O81007
O81007	Q9CA75
O81007	Q2QXP0
O94252	O94252
O94355	O94355
O94470	O94470
O94628	O94628
O96002	O96002
P0C7T4	P0C7T4
P0CF19	P0CF19
P0CF19	P40445
P0CH64	P0CH64
P0CH64	P0CH63
P0DO92	P0DO92
P18169	P18169
P18169	P18171
P32645	P32645
P36052	P36052
P36495	P36495
P37299	P37299
P38693	P38693
P38693	P35842
P38693	P24031
P38693	P00635
P38880	P38880
P39728	P39728
Q9H8V8	Q9H8V8
Q9HDY5	Q9HDY5
Q9LDL7	Q9LDL7
Q9LDL7	O80933
Q9LDL7	Q3EDH0
Q9LDL7	Q9S7H5
Q9LDL7	Q9LQT8
Q9LDL7	Q9M000
Q9LDL7	Q9SLH3
Q9LDL7	Q9ST48
Q9LDL7	Q9M0M5
Q9LDL7	Q9XE58
Q9LDL7	Q2QYF3
Q9LDL7	Q9CAN3
Q9LDL7	P0C883
Q9LSF6	Q9LSF6
Q9LSF6	Q9P6J2
Q9LTK0	Q9LTK0
Q9LXT9	Q9LXT9
Q9LXT9	Q9AUE0
Q9LXT9	Q9LTG5
Q9LXT9	O13967
Q9LXT9	Q04952
Q9LXT9	Q9ZT82
Q9LXT9	Q9SHJ3
Q9LXT9	Q9S9U0
Q9LXT9	Q9P377
Q9LXT9	Q9LYS6
Q9LXT9	Q9SFU6
Q9LXT9	P38631
Q9LXT9	Q9SJM0
Q9LXT9	Q10287
Q9LXT9	P40989
Q9LXT9	Q9SL03
Q9LXT9	O74475
Q9M209	Q9M209
Q9M209	Q15024
Q9M209	Q4QR75
Q9M209	Q8Y7N6
Q9M209	Q96B26
Q9M209	O74918
Q9M209	Q9D0M0
Q9M209	Q9JHI7
Q9M209	Q06265
Q9M209	P28619
Q9M209	Q05636
Q9M643	Q9M643
Q9P7N5	Q9P7N5
Q9P7N5	A7TPB3
Q9P7N5	Q05791
Q9P7N5	O75794
Q9QYT7	Q9QYT7
Q9QYT7	P53306
Q9QYT7	Q9BRB3
Q9R0D8	Q9R0D8
Q9R0D8	O42948
Q9R0D8	Q9H977
Q9S9P3	Q9S9P3
Q9S9P3	Q9SAI1
Q9S9P3	Q9LMH6
Q9S9P3	F4JH53
Q9SAK0	Q9SAK0
Q9SFB3	Q9SFB3
Q9SUH5	Q9SUH5
Q9SUH5	F4INP9
Q9SUH5	O80588
Q9SUH5	Q1PE51
Q9SUH5	Q94AI1
Q9SX99	Q9SX99
Q9U325	Q9U325
Q9U325	Q03414
Q9U325	Q9LSR7
Q9U325	Q24535
Q9U325	Q9FLL0
Q9U325	Q9SZJ6
Q9U325	Q2MJT0
Q9U325	Q9LSB2
Q9U325	P07249
Q9U325	P38128
Q9U325	Q2V0P1
Q9U325	Q38876
Q9U325	P11746
Q9U325	Q9FIS1
Q9U325	Q9HGP0
Q9U325	P29382
Q9U325	Q9JM73
Q9U325	P29383
Q9U325	P29384
Q9U325	P40791
Q9U325	O55087
Q9U325	Q9FPN7
Q9U325	O82743
Q9U325	P78926
Q9U325	O42954
Q9U325	O89038
Q9U325	P11831
Q9U325	O82794
Q9U325	A0A096MJY4
Q9U325	Q06413
Q9U325	A2ICN5
Q9U325	Q63943
Q9U325	Q38841
Q9U325	Q12224
Q9U325	Q944S9
Q9U325	Q60929
Q9U325	Q7X9H9
Q9U325	G4MWZ7
Q9U325	Q18955
Q9U325	Q02078
Q9U325	Q8CFN5
Q9U325	Q1PFA4
Q9US07	Q9US07
Q9USQ0	Q9USQ0
Q9VG08	Q9VG08
O14949	O14949
O14949	Q9CQ69
O31567	O31567
O34443	O34443
O34443	P36972
O34443	P36973
O34443	P07741
O34443	P12426
O34443	Q9SUW2
O34443	Q5HFC8
O34443	O42842
O34443	P49435
O34443	A1KLT2
O34443	P69503
O34443	Q83M42
O34443	P08030
O34443	Q9SU38
O34833	O34833
O34833	Q8Y5T8
O43462	O43462
O43715	O43715
O46385	O46385
O46385	O95425
O53353	O53353
O60158	O60158
O69690	O69690
O75071	O75071
O94388	O94388
O95551	O95551
O95551	Q9JJX7
O95551	Q9XWG3
O95551	Q3T1H5
P01215	P01215
P01215	P01216
P02104	P02104
P02104	P01942
P02104	P01946
P02104	P02008
P02104	P04247
P02104	P02042
P02104	P04443
P02104	P02070
P02104	P02088
P02104	P68871
P02104	P02089
P02104	P01966
P02104	P02091
P02104	P09105
P02104	P11517
P02104	P02192
P02104	P02100
P02104	Q9QZ76
P02104	P02144
P02104	P02189
P02104	P69892
P02104	P69905
P02104	Q8WWM9
P02104	Q921A4
P02104	Q9CX80
P03129	P03129
P07257	P07257
P07257	P78761
P07257	O60044
P07257	P83782
P07789	P07789
P09926	P09926
P0A7F3	P0A7F3
P0A7F3	Q9UX07
P0A9J3	P0A9J3
P0A9J3	P21513
P0A9J3	P72656
P0A9J3	F4IV66
P0AAQ9	P0AAQ9
P0AC50	P0AC50
P0AC50	P0AC47
P0AC50	P21912
P0AC50	P21801
P0AC50	P21913
P0AC50	Q9CQA3
P0ACL4	P0ACL4
P0C2L3	P0C2L3
P0C2L3	Q96GL9
P0C2L3	Q8BUM6
P11384	P11384
P13707	P13707
P13707	P0CT11
P13707	P21695
P13707	P21696
P13707	Q09845
P13707	O35077
P13707	P41911
P13707	Q59W33
P13707	Q00055
P13707	P34517
P13707	Q8N335
P14902	P14902
P14902	P47125
P14902	F1LV46
P14902	P28776
Q91YM4	Q91YM4
Q91YM4	Q969Z0
Q94A99	Q94A99
Q94KB4	Q94KB4
Q94KB4	O49621
Q94KB4	O22752
Q94KB4	Q9SXB6
Q94KB4	O80961
Q94KB4	O22815
Q94KB4	O80580
Q94KB4	Q94KB2
Q94KB4	Q94KB7
Q94KB4	O22757
Q94KB4	Q9FKY5
Q96BI1	Q96BI1
Q9ASV5	Q9ASV5
Q9BT04	Q9BT04
Q9C5E8	Q9C5E8
Q9CX92	Q9CX92
Q9CX92	A6NN92
Q9FHB6	Q9FHB6
Q9FHB6	Q9USK3
Q9FHB6	Q9C9M8
Q9FHB6	Q9C994
Q9FHB6	Q9LPV4
Q9FHB6	Q96FL8
Q9FHB6	Q05497
Q9FHB6	Q9C9U1
Q9FHB6	Q86VL8
Q9FHB6	Q940N9
Q9FHB6	F4I4Q3
Q9FHB6	F4J158
Q9FHB6	Q10085
Q9FHB6	F4HPH1
Q9FHB6	Q9LYT3
Q9FHB6	P38767
Q9FHB6	O80695
Q9FHB6	Q9LUH2
Q9FHB6	Q9UT92
Q9FHB6	Q9LUH3
Q9FHB6	Q8K0H1
Q9FPK7	Q9FPK7
Q9FPK7	Q6AYK3
Q9FPK7	Q9LX12
Q9FPK7	Q9NPH2
Q9FPK7	Q9JHU9
Q9FPK7	P11986
Q9FPK7	O97477
Q9FPK7	P42800
Q9FPK7	P42801
Q9FZ47	Q9FZ47
Q9FZ47	Q9LZ23
Q9GIP4	Q9GIP4
Q9GIP4	P63115
Q9GIP4	Q9WVR6
Q9GIP4	Q9QXW9
Q9GIP4	Q9UPY5
Q9GIP4	Q9R0S5
Q9GIP4	Q9Z1K8
Q9GIP4	P82251
Q9GIP4	P82252
Q9GIP4	Q22397
Q9GIP4	D3ZMM8
Q9GIP4	Q5RKI7
Q9GIP4	Q9WTR6
Q9GIP4	Q9UM01
Q9GIP4	Q9NS82
Q9GIP4	Q9QXA6
Q9GIP4	Q01650
Q9GIP4	Q8BGK6
Q9GIP4	Q92536
Q9GIP4	P50276
Q9H0C1	Q9H0C1
Q9H354	Q9H354
Q9H8W3	Q9H8W3
Q9HDY7	Q9HDY7
A0A1B0GTI1	A0A1B0GTI1
A1ZA92	A1ZA92
A4VZM2	A4VZM2
A4VZM2	P71021
A4VZM2	A6QGZ6
A4VZM2	Q5HFX8
A4VZM2	Q8CWP9
A4VZM2	P9WMU1
A4VZM2	P9WMU0
A4VZM2	Q3K378
A4VZM2	P0CI74
A4VZM2	Q8Y614
A4VZM2	A0R006
A6NJB7	A6NJB7
A6NJB7	B2RW88
B0VSP4	B0VSP4
B0VSP4	P0A6F9
B0VSP4	P0A6G1
B0VSP4	P0A6G2
B0VSP4	O80504
B0VSP4	P0A345
B0VSP4	O65282
B0VSP4	P75205
B0VSP4	A1KPA9
B0VSP4	A0QSS3
B0VSP4	P9WPE4
B0VSP4	P9WPE5
B0VSP4	P61493
B0VSP4	P38910
B0VSP4	Q64433
B0VSP4	O59804
B0VSP4	P56970
B0VSP4	Q9AGE7
B0VSP4	Q9M1C2
B0VSP4	P34893
B0VSP4	Q5HEH1
B0VSP4	P26772
B0VSP4	P61604
B0VSP4	P28599
B0VSP4	Q05971
B1WC58	B1WC58
B1WC58	Q8NC74
B1WC58	Q9ZRT1
B1WC58	Q80YR6
B1WC58	Q99708
B2GUZ5	B2GUZ5
B2GUZ5	Q5A893
B2GUZ5	Q29221
B2GUZ5	Q9W2N0
B2GUZ5	Q96KX2
B2GUZ5	O74232
B2GUZ5	O82631
B2GUZ5	P28495
B2GUZ5	P52907
B2GUZ5	Q9WUV6
B2GUZ5	Q10434
B2GUZ5	Q9P5K9
B2GUZ5	P13022
B2GUZ5	P70190
B2GUZ5	P47753
B2GUZ5	P47754
B2GUZ5	Q3T1K5
B2GUZ5	P47755
C1KW86	C1KW86
C1KW86	O53083
C1KW86	P49406
C1KW86	A4FME7
C1KW86	Q9D338
C1KW86	P0A7K9
C1KW86	P0A7K6
E1BNQ4	E1BNQ4
E1BNQ4	D4AAT7
E1BNQ4	Q8IW45
E1BNQ4	Q94AF2
E1BNQ4	P36059
E9Q286	E9Q286
E9Q286	Q9Y2F5
E9Q793	E9Q793
E9Q793	Q6NUN7
L7N675	L7N675
L7N675	P9WI27
L7N675	P9WI41
L7N675	P9WI47
L7N675	P9WI49
L7N675	P9WI48
O13880	O13880
O14146	O14146
O14261	O14261
O14261	A5DPN3
O14562	O14562
O14562	Q78JW9
O14684	O14684
O14684	P10620
O14684	P08011
O14684	Q91VS7
O14684	Q9JM51
O22151	O22151
O22151	O88630
O22151	Q9VE50
O22151	Q9LMP7
O31587	O31587
O31587	O60783
O31587	P56804
O31587	P0AG61
P23180	P23180
P23643	P23643
P25144	P25144
P25144	P0ACP8
P25144	P99175
P26187	P26187
P26187	Q4J9C6
P26187	P16455
P26187	P26188
P26187	P24528
P29467	P29467
P31381	P31381
P32912	P32912
P34500	P34500
P34500	Q22285
P35209	P35209
P36103	P36103
P36144	P36144
P38250	P38250
P38304	P38304
P38354	P38354
P38804	P38804
P38855	P38855
P39384	P39384
P39715	P39715
P40200	P40200
P40200	Q3U0X8
P40316	P40316
P40380	P40380
P40508	P40508
P41812	P41812
P42430	P42430
P43618	P43618
P46675	P46675
P46970	P46970
P47040	P47040
P47040	Q61124
P47040	Q13286
P47040	Q59LX9
P47158	P47158
P48237	P48237
P48548	P48548
P48548	O70617
P48548	P52187
P48548	P52189
P48548	Q15842
P48548	P52190
P48548	P52191
P48548	P63250
P48548	P63251
P48548	P48549
P48548	Q9Z307
P48548	P52192
P48548	P48544
P48548	Q9NPI9
P48548	P48545
P48548	P86046
P48548	O18839
P48548	P63252
P48548	Q14500
P48548	P48048
P48548	P48050
P48548	Q63664
P48548	B7U540
P48548	P48051
P48548	P48550
P48548	P35560
P48548	P35561
P48548	P49655
P48548	P78508
P48548	Q9JM63
P48548	O60928
P48548	Q61743
P48548	P70673
P48548	Q9UNX9
P48548	O88932
P48548	P97794
P48548	O88335
P49817	P49817
P49817	Q2QLE2
P49817	Q6RVA9
P49817	P41350
P49817	Q2IBC5
P49817	Q03135
P49817	P51636
P49817	Q9WVC3
P49817	Q18879
P50078	P50078
P50078	P32900
P51024	P51024
P52593	P52593
P53038	P53038
P53108	P53108
P53158	P53158
P53277	P53277
P53567	P53567
P53567	Q00322
P53567	P53568
P53567	Q15744
P53567	P17676
P53567	P49715
P53567	Q8IG69
P53567	P49716
P53567	Q6PZD9
P53567	P28033
P53567	Q03484
P53567	P53566
P53567	Q05826
P53567	P05554
P53567	P21272
P53675	P53675
P53675	Q0WLB5
P53675	Q0WNJ6
P53675	P22137
P53675	P29742
P53675	P25870
P53675	Q10161
P53675	P11442
P53675	P34574
P53675	Q00610
P53675	Q68FD5
P53675	Q2QYW2
P53675	Q2RBN7
P53747	P53747
P53895	P53895
P54380	P54380
P54874	P54874
P54874	P54839
P54874	Q8JZK9
P54874	P23228
P54874	P54868
P54874	P54869
P54874	P22791
P54874	Q01581
P54874	A0A1D8PTW6
P54874	P17425
P64463	P64463
P69013	P69013
P69850	P69850
P71707	P71707
P74690	P74690
P74690	O74770
P75301	P75301
P75301	P75136
P77402	P77402
P82295	P82295
P83265	P83265
P97762	P97762
P97762	Q8TA86
P9WFN1	P9WFN1
P9WGQ1	P9WGQ1
P9WJ95	P9WJ95
P9WJ95	P9WJ94
P9WJV5	P9WJV5
P9WJV5	P9WJV4
P9WJV5	A0QP27
P9WLM3	P9WLM3
P9WQN9	P9WQN9
Q02208	Q02208
Q02208	P47035
Q02E25	Q02E25
Q02TE1	Q02TE1
Q03124	Q03124
Q03219	Q03219
Q03631	Q03631
Q03631	Q04052
Q03898	Q03898
Q04418	Q04418
Q04418	Q9BWH6
Q04418	Q3T1I9
Q04418	Q80TE0
Q04418	O43088
Q62736	Q62736
Q62736	Q05682
Q62736	P12957
Q68FV2	Q68FV2
Q68FV2	Q8N6S5
Q68FV2	Q8BH07
Q6AYQ8	Q6AYQ8
Q6AYQ8	P53889
Q6AYQ8	B2RYW9
Q6AYQ8	Q3TC72
Q6AYQ8	Q6P2I3
Q6AYQ8	Q96GK7
Q6BEV5	Q6BEV5
Q6F6A2	Q6F6A2
Q6MX43	Q6MX43
Q6NS38	Q6NS38
Q6NS38	Q8K1E6
Q6NS38	Q96Q83
Q6NVG5	Q6NVG5
Q6NVG5	Q8N565
Q6NXT2	Q6NXT2
Q6NXT2	P68433
Q6NXT2	P84227
Q6NXT2	P84228
Q6NXT2	P02299
Q6NXT2	P68431
Q6NXT2	Q6LED0
Q6NXT2	P68432
Q6NXT2	Q71DI3
Q6NXT2	Q27532
Q6NXT2	Q76MV0
Q6NXT2	P69246
Q6NXT2	P59226
Q6NXT2	A2Y533
Q6NXT2	Q76N23
Q6NXT2	A2XHJ3
Q6NXT2	P59169
Q6NXT2	Q71LE2
Q6NXT2	P84243
Q6NXT2	P84244
Q6NXT2	P84245
Q6NXT2	C0HL66
Q6NXT2	C0HL67
Q6NXT2	Q5E9F8
Q6NXT2	Q9FX60
Q6NXT2	P61830
Q6NXT2	P36012
Q6NXT2	A5PK61
Q6NXT2	Q16695
Q6NXT2	O35216
Q6NXT2	P69150
Q6NXT2	O15819
Q6NXT2	Q803H4
Q6NXT2	P08898
Q6NXT2	P09988
Q6NXT2	P10651
Q6NXT2	Q9LR02
Q6NXT2	Q10453
Q6NXT2	Q9U281
Q6NXT2	P49450
Q6NXT2	Q9V6Q2
Q6NXT2	P02301
Q6PIZ9	Q6PIZ9
Q6PIZ9	Q3UU67
Q6UWH4	Q6UWH4
Q6UWH4	Q9UFP1
Q6UWH4	Q3UY90
Q6ZRP5	Q6ZRP5
Q76IC5	Q76IC5
Q76IC5	Q9NXJ5
Q78HU3	Q78HU3
Q78HU3	Q96EY5
Q78HU3	Q6KAU4
Q78HU3	Q6P777
Q78HU3	Q9H7P6
Q7TNJ0	Q7TNJ0
Q7TNJ0	Q9H295
Q8BVH9	Q8BVH9
Q8BVH9	Q08641
Q8BVH9	Q96IZ6
Q8BVH9	Q9H825
Q8BVH9	Q8BMK1
Q8BVH9	Q8TCB7
Q8BVH9	Q6P1Q9
Q8BX37	Q8BX37
Q8BY71	Q8BY71
Q8BY71	O14929
Q8C624	Q8C624
Q8CBR1	Q8CBR1
Q8CBR1	Q9WU74
Q8CBR1	B5TVM2
Q8CBR1	Q71H61
Q8CBR1	Q99KG5
Q8CD60	Q8CD60
Q8CD60	Q2T9L4
Q8CD60	A3KMN5
Q8ILR9	Q8ILR9
Q8IYS8	Q8IYS8
Q8IYS8	E9Q6J5
Q8IYS8	Q96IK1
Q8IYS8	Q8NFC6
Q8K0B2	Q8K0B2
Q8K0B2	Q9NUN5
Q8K0B2	Q6AZ61
Q8K0B2	A4RE85
Q8L7W1	Q8L7W1
Q8N130	Q8N130
Q8N130	Q60825
Q8N130	Q06495
Q8N130	Q06496
Q8N130	Q9JJ09
Q8N130	Q8K4R8
Q8N130	Q9DBP0
Q8N130	Q80SU6
Q8N2Z9	Q8N2Z9
Q8N2Z9	Q9D084
Q8N2Z9	Q9FI55
Q8N3R3	Q8N3R3
Q8N4L2	Q8N4L2
Q8N4L2	Q5PPM8
Q8N4L2	Q9CZX7
Q8N4L2	Q4V888
Q8N4L2	Q3TWL2
Q8N5G0	Q8N5G0
Q8N695	Q8N695
Q8N695	Q49B93
Q8N695	Q9Y289
Q8N695	Q92911
Q8N695	Q99PN0
Q8N695	Q1EHB4
Q8N695	Q5U4D8
Q8N695	Q63008
Q8NFQ8	Q8NFQ8
Q8NFQ8	Q6P752
Q8NFQ8	Q5PQX1
Q8NFQ8	Q8BYU6
Q8NFQ8	Q921T2
Q8R0A7	Q8R0A7
Q8R0A7	O60268
Q8R0Z2	Q8R0Z2
Q8R0Z2	Q8TC92
Q8R0Z2	Q8BHR2
Q8R0Z2	Q16206
Q9BQ49	Q9BQ49
Q9CHE9	Q9CHE9
Q9D035	Q9D035
Q9D035	Q4KMZ8
Q9D035	A6MHQ4
Q9D035	Q5VXU1
Q9D7Z3	Q9D7Z3
Q9D7Z3	Q9UMY1
Q9FKB6	Q9FKB6
Q9FKB6	Q0WL52
Q9FKB6	Q9FIK1
Q9FKB6	Q9SA69
Q9FKB6	Q94A73
Q9FKB6	O80970
Q9FKB6	Q9FMF5
Q9FKB6	O82253
Q9FKB6	Q9LIM6
Q9FKB6	Q9LUB9
Q9FKB6	Q9SN21
Q9FKB6	Q9C9V6
Q9FKB6	Q9C5J4
Q9FKB6	Q9S9Q9
Q9FKB6	Q9LYW0
Q9FKB6	Q9M2W8
Q9FKB6	Q9FNB3
Q9FKB6	Q9FYC8
Q9H2W6	Q9H2W6
Q9H2W6	P36528
Q9H2W6	Q9EQI8
Q9H2W6	O94398
Q9H3Q3	Q9H3Q3
Q9H3Q3	Q96A11
Q9H3Q3	P61315
Q9H3Q3	Q99999
Q9H3Q3	Q96RP7
Q9H579	Q9H579
Q9H7M6	Q9H7M6
Q9H7M6	Q9P217
Q9H7M6	Q8C7B8
Q9H7M6	Q80TC6
Q9H7M6	Q9VWN9
Q9H7M6	Q3UHH1
Q9H7M6	Q9HCJ5
Q9HBV2	Q9HBV2
Q9HBV2	D5K8A9
Q9HBV2	Q9DA48
Q9JIQ3	Q9JIQ3
Q9JIQ3	Q9NR28
Q9K492	Q9K492
Q9W1F4	Q9W1F4
Q9WUE4	Q9WUE4
Q9WUE4	Q9VXA0
Q9WUE4	Q8WTW4
Q9WV95	Q9WV95
Q9WV95	Q5PQT7
Q9WV95	Q9Y5J5
Q9WV95	Q62392
Q9WV95	Q8WV24
Q9WV95	Q53GA4
Q9XA14	Q9XA14
Q9XTT4	Q9XTT4
Q9Y5P2	Q9Y5P2
Q9Y6H6	Q9Y6H6
Q9Y6H6	Q9UJ90
Q9Y6R1	Q9Y6R1
Q9Y6R1	O88343
Q9Y6R1	Q5DTL9
Q9Y6R1	Q80ZA5
Q9Y6R1	P13808
Q9Y6R1	Q9Y6M7
Q9Y6R1	P04919
Q9Y6R1	Q9BY07
Q9Y6R1	P04920
Q9Y6R1	Q9JI66
Q9Y6R1	Q4U116
Q9Y6R1	A2AJN7
Q9Y6R1	P23347
Q9Y6R1	P23348
Q9Y6R1	Q8JZR6
Q9Y6R1	Q96Q91
Q9Y6R1	P16283
Q9Y6R1	Q8K4V2
Q9Y6R1	P02730
Q9Y6R1	Q9R1N3
Q9Y6R1	E9Q3M5
Q9Y6R1	Q6U841
Q9Y6R1	Q8BTY2
Q9Y6R1	P23562
Q9Z0L8	Q9Z0L8
Q9Z0L8	Q92820
A0MFH4	A0MFH4
A5DAR4	A5DAR4
A5DAR4	Q59MC8
A5DLL7	A5DLL7
A5DLL7	Q59RA0
A6H8Z2	A6H8Z2
A6H8Z2	Q66HD8
A6H8Z2	Q8C627
A6NFE3	A6NFE3
A8J8F6	A8J8F6
A8MTT3	A8MTT3
B2GV17	B2GV17
B2GV17	Q09M02
B2GV17	Q8NDL9
B3H672	B3H672
E1BPN0	E1BPN0
E1BPN0	Q3TZX8
E1BPN0	Q5SY16
E1BPN0	Q9UU96
F4I0N3	F4I0N3
F4JI44	F4JI44
F4KFG5	F4KFG5
F4KFG5	A1KP65
F4KFG5	Q9SUW0
F4KFG5	O64896
G3X8U3	G3X8U3
G3X8U3	Q5T6V5
G5EDJ4	G5EDJ4
O14109	O14109
O14109	Q9D0U6
O14109	Q9H063
O14109	P41910
O14109	Q5XIH0
O14255	O14255
O14255	P53008
O14255	F4HTM3
O14255	Q13724
O14255	Q80UM7
O35207	O35207
O35207	O14519
O35207	O75956
O43022	O43022
O59743	O59743
O60039	O60039
O70536	O70536
O70536	O75907
O70536	P25628
O70536	P53629
O70536	Q9SLD2
O70536	P35610
O70536	P53154
O70536	Q61263
O70536	O75908
O70536	P84285
O70536	O88908
O70536	Q9ERM3
O70536	Q7TQM4
O70536	Q9UU82
O70536	Q9Z2A7
O70536	Q10269
O70536	Q08929
O74327	O74327
O74327	P40501
O74327	P40074
O74512	O74512
O74949	O74949
O81816	O81816
O94649	O94649
O96188	O96188
P07390	P07390
P0C7V0	P0C7V0
P10379	P10379
P13902	P13902
P15289	P15289
P15289	Q571E4
P15289	Q96EG1
P15289	P50429
P15289	P50430
P15289	Q3TYD4
P15289	P77318
P15289	P22304
P15289	Q32KI9
P15289	P51690
P15289	Q5FYA8
P15289	Q8BM89
P15289	Q5FYB0
P15289	P15848
P15289	P51688
P15289	P54793
P15289	P51689
P15289	P34059
Q1PEB4	Q1PEB4
Q2QV94	Q2QV94
Q2QV94	X5JA13
Q2QV94	X5JB51
Q2V3Q1	Q2V3Q1
Q3E7A4	Q3E7A4
Q495Y7	Q495Y7
Q495Y7	Q5IBH6
Q495Y7	Q5IBH7
Q495Y7	A6NKU9
Q495Y7	A6NJR5
Q495Y7	P0CI01
Q495Y7	A6NHP3
Q495Y7	Q495Y8
Q495Y7	Q8NFV5
Q495Y7	Q9PU13
Q495Y7	A6NLX3
Q4LEZ3	Q4LEZ3
Q4LEZ3	Q91ZF7
P03262	P03262
P21946	P21946
Q94CC0	Q94CC0
Q94CC0	Q9D024
Q94CC0	Q96A33
Q96HA4	Q96HA4
Q9BZM1	Q9BZM1
Q9BZM1	Q9BX93
Q9BZM1	Q9EPR2
Q9C2M6	Q9C2M6
Q9C5H6	Q9C5H6
Q9C6M1	Q9C6M1
Q9C6M1	P52875
Q9C6M1	Q10320
Q9C6M1	Q9T0H9
Q9C6M1	Q9HC07
Q9CQC3	Q9CQC3
Q9CQC3	Q5VTT2
Q9CXC3	Q9CXC3
Q9CXC3	Q9BQP7
Q9SYG2	Q9SYG2
Q9SYG2	Q9LJG8
Q9W0Y6	Q9W0Y6
Q9WTY1	Q9WTY1
Q9WTY1	Q8N8D1
Q9XIA4	Q9XIA4
Q9Y7B3	Q9Y7B3
Q9Y7B3	Q9XW10
Q9Y7B3	O97239
Q9Y7B3	Q3UHQ6
Q9Y7B3	Q8BL99
Q9Y7B3	Q9Y3R5
Q9Y7B3	A1ZBE8
Q9Y7B3	Q5JWR5
Q9Y7B3	Q9C0Z4
Q9Y817	Q9Y817
Q9ZV05	Q9ZV05
A1Y9I9	A1Y9I9
A1Y9I9	P22734
A1Y9I9	Q99028
A1Y9I9	P21964
A1Y9I9	O49499
A1Y9I9	Q86VU5
A1Y9I9	Q9XGP7
A1Y9I9	O88587
A6NJI1	A6NJI1
A6NNT2	A6NNT2
A6NNT2	E9QMW4
A6NNT2	Q9H0J4
B0R7F9	B0R7F9
B0R7F9	Q4JCJ1
B1XHQ1	B1XHQ1
B1XHQ1	P0A8E7
B1XHQ1	A1KG43
B1XHQ1	P9WFK9
B2RV46	B2RV46
B2RV46	Q99MU5
B2RV46	Q3U6K5
B2RV46	Q6AYJ3
B2RV46	Q9NWH7
B7UM99	B7UM99
P34535	P34535
P34675	P34675
P36147	P36147
P37146	P37146
P38081	P38081
P38200	P38200
P38255	P38255
P39579	P39579
P39579	Q5M4V3
P40063	P40063
P40208	P40208
P40469	P40469
P40512	P40512
P40568	P40568
P41958	P41958
P43074	P43074
P43074	P22943
P43074	P50519
P43261	P43261
P45395	P45395
P45931	P45931
P51111	P51111
P51111	P42859
P53046	P53046
P53046	Q9Y7U6
P53046	Q9UTR5
P53046	P51862
P53113	P53113
P53230	P53230
P53230	Q96BW9
P53583	P53583
P53850	P53850
P53950	P53950
P55986	P55986
P68313	P68313
P70202	P70202
P70202	Q9BS40
P70202	P49788
P72151	P72151
P73553	P73553
P75809	P75809
P82350	P82350
P82350	O43556
P82350	Q16586
P82350	O70258
P83293	P83293
P83293	P83297
P94409	P94409
P94409	O31912
P97770	P97770
P97770	Q9BV44
P9WFR1	P9WFR1
P9WGF9	P9WGF9
P9WJA3	P9WJA3
P9WLP5	P9WLP5
P9WLP5	P9WKL9
Q02223	Q02223
Q02223	O88472
Q02455	Q02455
Q02UQ8	Q02UQ8
Q03231	Q03231
Q03231	Q99395
Q03370	Q03370
Q03517	Q03517
Q03517	P10362
Q03517	P13521
Q03921	Q03921
Q04087	Q04087
Q04264	Q04264
Q04431	Q04431
Q05812	Q05812
Q05942	Q05942
Q06251	Q06251
Q06251	P50896
Q06251	Q9C0V4
Q06436	Q06436
Q06436	O94271
Q07979	Q07979
Q08887	Q08887
Q09882	Q09882
Q09882	O80653
Q09882	P28004
Q09882	Q22836
Q09882	Q13573
Q09882	P54705
Q09882	P39736
Q09882	Q9CSN1
Q0VG85	Q0VG85
Q10128	Q10128
Q11178	Q11178
Q12110	Q12110
Q12341	Q12341
Q12341	G4N7S6
Q12341	Q9UTM7
Q12504	Q12504
Q12980	Q12980
Q12980	Q8VIJ8
Q12980	Q9VUB4
Q13794	Q13794
Q13794	Q9JM54
Q14249	Q14249
Q14249	Q8C163
Q14249	Q9Y2C4
Q14249	P08466
Q14249	Q10480
Q14956	Q14956
Q14956	Q99P91
Q14956	P40967
Q14956	Q6NXM3
Q14956	Q8N3G9
Q14956	Q6P7C7
Q14BB9	Q14BB9
Q14BB9	Q96JE9
Q14BB9	Q9H9H5
Q14BB9	Q7TSJ2
Q14BB9	Q63560
Q15185	Q15185
Q15185	Q3ZBF7
Q15185	Q9R0Q7
Q15185	P83868
Q15185	P28707
Q15185	E9PB15
Q15185	Q11118
Q15185	Q9D9A7
Q20924	Q20924
Q21341	Q21341
Q24106	Q24106
Q2M385	Q2M385
Q2NL98	Q2NL98
Q330K2	Q330K2
Q330K2	A2AIL4
Q3E829	Q3E829
Q3UF25	Q3UF25
Q3UF25	Q86TL2
Q3V3Q7	Q3V3Q7
Q3V3Q7	O88588
Q3V3Q7	Q8K212
Q3V3Q7	Q6VY07
Q4JA54	Q4JA54
Q4JA54	P47815
Q4JA54	P47813
Q4JA54	Q8BMJ3
Q4JA54	O14602
Q4JA54	P38912
Q4JA54	Q60872
Q4JB01	Q4JB01
Q4V8A6	Q4V8A6
Q4V8A6	Q9UL45
Q55282	Q55282
Q59NY7	Q59NY7
Q59NY7	P38428
Q59WD5	Q59WD5
Q5FVJ6	Q5FVJ6
Q5FVJ6	Q9Z2E9
Q5FVJ6	Q9V3X4
Q5FVJ6	F4I340
Q5HIA5	Q5HIA5
Q5I0E3	Q5I0E3
Q5I0E3	Q9BRJ6
Q5I0E3	Q9CXL3
Q5I0E3	P25617
Q5JPI9	Q5JPI9
Q5JPI9	Q9D853
Q5RI15	Q5RI15
Q5SS91	Q5SS91
Q5SS91	A0A0B4KEE4
Q5SS91	Q8TC36
Q5SS91	Q20745
Q5SS91	Q9FF75
Q5SS91	O55034
Q5SS91	Q9D666
Q5SS91	Q8TAQ9
Q5SS91	Q9UH99
Q5SS91	Q9JJF2
Q5SS91	Q9SG79
Q5SS91	Q09825
Q5VUB5	Q5VUB5
Q5VUB5	Q14CH0
Q5VUB5	A2A699
Q5VUB5	A8MVW0
Q60774	Q60774
Q60774	Q8VCZ2
Q60774	Q96B21
Q60774	Q9NWC5
Q60774	Q497B2
Q60988	Q60988
Q61595	Q61595
Q61595	Q86UP2
Q61733	Q61733
Q61733	Q92665
Q61733	B0BN56
Q64327	Q64327
Q64327	Q5FVH7
Q64327	Q95313
Q66H71	Q66H71
Q66H71	Q9BRF8
Q66H71	Q8BFS6
Q68FX6	Q68FX6
Q68FX6	Q96KC9
Q68FX6	Q8C633
Q6DKI7	Q6DKI7
Q6MZQ0	Q6MZQ0
Q6MZQ0	A2AVJ5
Q6MZQ0	Q5FVG6
Q6MZQ0	Q812A5
Q6NUF4	Q6NUF4
Q6NUF4	A2APB8
Q6NUF4	Q9ULW0
Q6P387	Q6P387
Q6P387	Q8BHB7
Q6PHU5	Q6PHU5
Q6PHU5	O54861
Q6Q547	Q6Q547
Q6Q547	Q9V5P6
Q6Q547	Q9NPE3
Q6ZN03	Q6ZN03
Q6ZVL6	Q6ZVL6
Q6ZVL6	Q68FD9
Q75UQ2	Q75UQ2
Q75UQ2	O74897
Q75UQ2	O02751
Q75UQ2	O88271
Q75UQ2	Q9UEE9
Q75UQ2	P38326
Q7TNK8	Q7TNK8
Q80V86	Q80V86
Q80V86	Q75QN2
Q80ZS3	Q80ZS3
Q80ZS3	Q9EPJ3
Q80ZS3	Q9BYN8
Q83RX6	Q83RX6
Q83RX6	P32747
Q83RX6	Q02127
Q83RX6	P32748
Q83RX6	O35435
Q8BIG4	Q8BIG4
Q8BIG4	Q9NVF7
Q8BKN5	Q8BKN5
Q8BPA8	Q8BPA8
Q8BPA8	Q9BVM2
Q8BVI4	Q8BVI4
Q8BVI4	P11348
Q8BVI4	P09417
Q8BVI4	Q8MJ30
P55207	P55207
P58389	P58389
P58389	P40454
P58389	Q12461
P58389	Q15257
P60022	P60022
P64455	P64455
P69011	P69011
P73053	P73053
P73053	P15808
P73053	Q5SJB8
P73053	Q72JN9
P74126	P74126
P75293	P75293
P83264	P83264
P97372	P97372
P97372	Q63798
P97372	Q9UL46
P97372	P61290
P97372	P61289
P97372	P97371
P97372	Q06323
P97372	Q967U1
P9WFM7	P9WFM7
P9WIF9	P9WIF9
P9WIF9	Q79FL8
P9WIF9	P9WIF8
P9WIF9	P9WIG1
P9WIF9	P9WIG5
P9WIF9	P9WIG4
P9WLM1	P9WLM1
P9WMI9	P9WMI9
P9WP77	P9WP77
Q24JQ0	Q24JQ0
Q3E7Z5	Q3E7Z5
Q3SXD3	Q3SXD3
Q3SXD3	P38331
Q3SXD3	Q7Z4H3
Q3V089	Q3V089
Q3V089	D3Z987
Q44636	Q44636
Q4G0M1	Q4G0M1
Q4J8K8	Q4J8K8
Q4KM32	Q4KM32
Q4KM32	Q91ZJ0
Q4KM32	Q96NY9
Q4V893	Q4V893
Q4V893	Q8IXQ4
Q4V893	Q93591
Q4V893	Q69ZC8
Q58DX5	Q58DX5
Q59W04	Q59W04
Q59W04	P46984
Q5AI37	Q5AI37
Q5AI37	Q03862
Q5EBJ4	Q5EBJ4
Q5EBJ4	Q5RJL0
Q5HGK9	Q5HGK9
Q5HGK9	P0A7M2
Q5SV97	Q5SV97
Q5SV97	A5D7L8
Q5SV97	Q149B8
Q5T4T6	Q5T4T6
Q5T4T6	Q9BX26
Q5T4T6	Q9CUU3
Q5T4T6	A0A0M3U1B0
Q5T4T6	O70608
Q5XG69	Q5XG69
Q68FV1	Q68FV1
Q68FV1	Q9NVV0
Q68FV1	Q9H6F2
Q68FV1	Q9NA73
Q68FV1	Q3TMP8
Q68FV1	Q9DAV9
Q6GVH5	Q6GVH5
Q6GVH5	Q9H3C7
Q6GVH5	Q5SV77
Q6NZQ0	Q6NZQ0
Q6NZQ0	A1A4V9
Q6NZQ0	B0BMZ6
Q6NZQ0	Q6P047
Q6PDZ2	Q6PDZ2
Q6PDZ2	Q15572
Q6UWF9	Q6UWF9
Q6X4W1	Q6X4W1
Q6X4W1	Q99NF2
Q6X4W1	Q99NF2
Q6X4W1	B8PYG1
Q6X4W1	Q9EPI6
Q6ZT52	Q6ZT52
Q6ZT52	Q8N2R8
Q6ZT52	Q8BUP8
Q8K2J4	Q8K2J4
Q8K339	Q8K339
Q8K339	O60870
Q8K339	Q9C801
Q8K339	P40962
Q8K339	Q9ZVU5
Q8K4R9	Q8K4R9
Q8K4R9	Q9Y2H0
Q8K4R9	Q8BJ42
Q8K4R9	P97836
Q8K4R9	Q6PFD5
Q8K4R9	P97837
Q8K4R9	P97838
Q8K4R9	P97839
Q8K4R9	Q9P1A6
Q8K4R9	Q9D415
Q8K4R9	O14490
Q8K4R9	Q7K3L1
Q8K4R9	Q15398
Q8K4R9	B1AZP2
Q8K4R9	O95886
Q8LLD0	Q8LLD0
Q8N4H5	Q8N4H5
Q8N5C7	Q8N5C7
Q8N5C7	Q9D8U7
Q8N688	Q8N688
Q8N688	Q8N687
Q8N688	Q8N690
Q8N688	Q30KP9
Q8NBT3	Q8NBT3
Q8NBT3	Q8C4U2
Q8NDB6	Q8NDB6
Q8NEV9	Q8NEV9
Q8VCN6	Q8VCN6
Q8VCN6	Q8TCZ2
Q8VCN6	Q8BIF0
Q8VCN6	P14209
Q8WU66	Q8WU66
Q8WU66	J3S6Y1
Q8X4P8	Q8X4P8
Q8X4P8	P0AC33
Q8X4P8	P14407
Q923D2	Q923D2
Q923D2	P30043
Q923D2	Q8X7P7
Q92EP8	Q92EP8
Q92EP8	Q5HFI7
Q969E2	Q969E2
Q969E2	O15126
Q969E2	O15127
Q969E2	O35609
Q969E2	Q9JKV5
Q969E2	Q9M5P2
Q969E2	Q9SKT3
Q969E2	Q9SXA5
Q969E2	Q9JKE3
Q969E2	Q0JAI9
Q969E2	Q8TAC9
Q969E2	Q9ERN0
Q969E2	P56603
Q969E2	Q8K021
Q969E2	Q9C6X2
Q96B49	Q96B49
Q96B49	Q9CQN3
Q96D46	Q96D46
Q96D46	Q99L48
Q96D46	P38861
Q96LS8	Q96LS8
Q96PH1	Q96PH1
Q96Q45	Q96Q45
Q96RT6	Q96RT6
Q96RT6	Q91ZV0
Q96RT6	Q86UF2
Q96RT6	A4D2H0
Q96RT6	A4FU28
Q96RT6	P0CG41
Q96RT6	Q8IX94
Q99990	Q99990
Q99990	Q8N8G2
Q99990	Q99NC0
Q99990	A8MV65
Q99MD9	Q99MD9
Q99MD9	P49321
Q99MD9	Q66HD3
Q9BSN7	Q9BSN7
Q9BZP3	Q9BZP3
Q9CW79	Q9CW79
Q9CW79	Q92805
Q9CWY4	Q9CWY4
Q9CWY4	Q9H840
Q9D0J8	Q9D0J8
Q9D0J8	P20962
Q9D0J8	P04550
Q9D180	Q9D180
Q9D3S5	Q9D3S5
Q9D8D0	Q9D8D0
Q9D8D0	Q96RJ3
Q9DB94	Q9DB94
Q9DB94	Q7Z5U6
Q9DCU9	Q9DCU9
Q9DCU9	Q86XE5
Q9FG14	Q9FG14
Q9FG14	F4HXQ7
Q9FG14	F4INW9
Q9FG14	Q9LMC8
Q9FG14	Q9CAC4
Q9FG14	F4HVS6
Q9FG14	Q0WNW4
Q9H6U6	Q9H6U6
Q9H6U6	Q8CCN5
Q9H6U6	Q8SY41
Q9HDX7	Q9HDX7
Q9JHG2	Q9JHG2
Q9JHG2	P53806
Q9JHG2	Q09791
Q9JHG2	Q6IN33
Q9JHG2	Q9JKK0
Q9JHG2	Q9UKA8
Q9JHG2	Q9XZL8
Q9JM76	Q9JM76
Q9JM76	O15145
Q9JM76	Q05933
Q9LW85	Q9LW85
Q9NQG1	Q9NQG1
Q9NU22	Q9NU22
Q9NVI1	Q9NVI1
Q9NVI1	Q8K368
Q9NWV8	Q9NWV8
Q9NWV8	Q3UI43
Q9NWV8	Q08E57
Q9NWV8	Q5XIJ6
Q9P6Q0	Q9P6Q0
Q9P804	Q9P804
Q9P804	Q9NXH9
Q9P804	Q9VK89
Q9P804	P15565
Q9P804	Q9LFU5
Q9UBR5	Q9UBR5
Q9UBR5	Q8IZ96
Q9UKJ5	Q9UKJ5
Q9UKJ5	Q8CBW7
Q9UKJ5	Q5VXU3
Q9URT2	Q9URT2
Q9UT30	Q9UT30
Q9UT30	P38770
Q9VWE6	Q9VWE6
Q9VXY4	Q9VXY4
Q9VXY4	Q96EY4
Q9VXY4	Q9CR02
Q9W379	Q9W379
Q9W379	Q62384
Q9W379	P53303
Q9WU00	Q9WU00
Q9WU00	Q16656
Q9Y118	Q9Y118
Q9Y5X3	Q9Y5X3
Q9Y5X3	Q9D8U8
Q9Y5X3	B1H267
Q9Y5X3	Q6P8X1
Q9Y824	Q9Y824
Q9Z0Y8	Q9Z0Y8
Q9Z0Y8	Q9P0X4
Q9Z0Y8	O95180
Q9Z0Y8	O54898
Q9Z0Y8	O88427
Q9Z0Y8	O43497
Q9Z0Y8	Q9EQ60
O74940	O74940
O74940	Q9C723
O74940	P38795
O74940	Q812E8
O74940	Q9VYA0
O74940	Q6IA69
O81014	O81014
O94257	O94257
O94257	Q8BYR1
O94257	P46554
O94257	O60294
O94257	Q9UIC8
O94356	O94356
O94474	O94474
O95050	O95050
O95050	P40261
O95050	P40936
O95050	P11086
O96133	O96133
O96133	O96133
P01064	P01064
P01064	P01063
P02319	P02319
P02319	P04553
P02319	P10118
P07360	P07360
P0C7T7	P0C7T7
P0CAN9	P0CAN9
P10176	P10176
P10176	Q64445
P11115	P11115
P11115	P03069
P12783	P12783
P12783	P00558
P12783	Q9LD57
P12783	P51903
P12783	P00560
P12783	P74421
P12783	P91427
P12783	Q4J939
P12783	P40924
P12783	P78018
P12783	Q8Y4I2
P12783	P38667
P12783	P50318
P12783	O52632
P12783	Q3T0P6
P12783	Q9SAJ4
P12783	Q8XD03
P12783	P12782
P12783	Q01604
P12783	Q7SIB7
P12783	Q04LZ5
P12783	P11977
P12783	P09411
P12783	P16617
P12783	A7ZR34
P12783	P0A799
P12783	Q9CIW1
P12783	Q9GPM4
P12783	P27362
P12783	P09041
P12783	A6QF82
P12783	O60101
P12783	P07205
P12783	P46273
P20049	P20049
P21691	P21691
P28005	P28005
P34478	P34478
P36064	P36064
P38338	P38338
P47152	P47152
P47152	P38195
P53304	P53304
Q9M9Y8	Q9M9Y8
Q9NEU5	Q9NEU5
Q9QYV8	Q9QYV8
Q9QYV8	P15801
Q9QYV8	P54099
Q9QYV8	P54098
Q9SCS6	Q9SCS6
Q9SJG4	Q9SJG4
Q9SJG4	Q9FHM5
Q9SJG4	O49658
Q9SJG4	O49662
Q9SJG4	Q940I0
Q9SJG4	Q9FIR1
Q9SJG4	O22812
Q9SJG4	O80834
Q9SJG4	Q9LVB0
Q9SJG4	Q9M2S3
Q9SJG4	Q9SR17
Q9SJG4	A1L4X7
Q9SJG4	Q9SZ70
Q9SJG4	O22130
Q9SJG4	Q9SB31
Q9SJG4	O23620
Q9SJG4	Q9LTA2
Q9SJG4	Q9C9K7
Q9SLI8	Q9SLI8
Q9SLI8	Q06190
Q9SLI8	Q9Y5P8
Q9SLI8	Q9XGR4
Q9SR32	Q9SR32
Q9US10	Q9US10
Q9US10	Q499U8
Q9US10	Q5TGY1
Q9US10	P43564
Q9US10	O14244
Q9USQ4	Q9USQ4
Q9VR82	Q9VR82
Q9Y236	Q9Y236
Q9Y802	Q9Y802
Q9ZSZ8	Q9ZSZ8
Q9ZSZ8	Q15007
Q9ZSZ8	Q9ER69
Q9ZUB3	Q9ZUB3
Q9ZUB3	Q12074
Q9ZUB3	P97355
Q9ZUB3	Q4JAZ8
Q9ZUB3	O48661
Q9ZUB3	P52788
Q9ZUB3	Q12455
Q9ZUB3	Q64674
Q9ZUB3	Q9S7X6
Q9ZUB3	P19623
Q9ZUB3	Q09741
A0A1B0GTJ6	A0A1B0GTJ6
A0A1D8PQQ5	A0A1D8PQQ5
A0A1D8PQQ5	P66383
A0A1D8PQQ5	P0CT66
A0A1D8PQQ5	P0CT67
A0A1D8PQQ5	P0CT66
A0A1D8PQQ5	P0CT67
A0A1D8PQQ5	P34788
A0A1D8PQQ5	Q5HDY2
A0A1D8PQQ5	P42732
A0A1D8PQQ5	P41094
A0A1D8PQQ5	P0A7S9
A0A1D8PQQ5	P62269
A0A1D8PQQ5	P62270
A0A1D8PQQ5	P62271
A0A1D8PQQ5	P20282
A0A1D8PQQ5	P0CX56
A0A1D8PQQ5	P0CX55
A0A1D8PQQ5	P39470
A0A1D8PQQ5	P73299
F4J220	F4J220
F4JT98	F4JT98
F4JT98	Q0WVM7
F4JT98	Q94BP0
F4JZJ2	F4JZJ2
J4VSL0	J4VSL0
O13695	O13695
O13983	O13983
O13983	Q05549
O14246	O14246
O14569	O14569
O15706	O15706
O22288	O22288
O42862	O42862
O49048	O49048
O49048	Q9NRW7
O49048	O08700
O49048	P97390
O49048	P38932
O74509	O74509
O74809	O74809
O74947	O74947
O80436	O80436
O80632	O80632
O80632	Q0WU02
O80632	Q10PP8
O80632	Q9SAJ7
O81028	O81028
O81028	Q9LMH5
O88806	O88806
O88806	Q08642
O88806	Q6TGC4
O88806	Q9Z183
O88806	Q9Z184
O88806	Q9Y2J8
O88806	Q9ULW8
O88806	Q9Z185
O88806	O88807
O88806	Q9UM07
O88806	P70708
O88806	Q9ULC6
O94262	O94262
O94364	O94364
O94481	O94481
O94481	Q571C7
O94481	A6H8Y1
O94481	P46678
O94643	O94643
O96185	O96185
O96185	O96185
P00334	P00334
P08593	P08593
P0C7U1	P0C7U1
P0C7U1	Q9VA70
P0C7U1	Q304B9
P0C7U1	Q9NR71
P0C7U1	F4HQM3
P0CAQ1	P0CAQ1
P0DI09	P0DI09
P0DI09	P0DI08
P0DI09	B5XRB0
P0DI09	O94467
P0DI09	P21375
P0DI09	P32614
P0DI09	B9FFD3
P0DI09	Q09671
P0DI09	P41816
P0DI09	Q03558
P0DI09	Q9FUP0
P0DI09	O13755
Q0WNP7	Q0WNP7
Q0WNP7	F4K295
Q0WNP7	A4IJ27
Q0WNP7	Q9LV40
Q0WNP7	Q9SVQ3
Q0WNP7	Q56WM6
Q0WNP7	Q1KS66
Q0WNP7	Q9LQ89
Q0WNP7	Q9LZN0
Q0WNP7	Q93ZY2
Q10097	Q10097
Q10097	P53322
Q10097	Q9US44
Q10220	Q10220
Q10981	Q10981
Q10981	Q9JL27
Q10981	P19526
Q10981	O09160
Q12119	Q12119
Q12119	P40039
Q12119	P53099
Q12119	P17064
Q12393	Q12393
Q18090	Q18090
Q18090	Q969M1
Q18090	Q9QYA2
Q18090	O96008
Q1K5S5	Q1K5S5
Q1K5S5	G4N5X8
Q1K5S5	G0RL42
Q1K5S5	C8VTV4
Q20497	Q20497
Q24211	Q24211
Q2N2K3	Q2N2K3
Q2N2K3	Q2N2K4
Q30KP8	Q30KP8
Q38796	Q38796
Q39227	Q39227
Q39227	P85107
Q39227	P25627
Q39227	Q9FR44
Q39227	Q923W1
Q39227	O80543
Q39227	A2APY7
Q39227	Q80Y20
Q39227	Q9CY21
Q39227	Q9P3R1
Q39227	P49957
Q39227	O74198
Q39227	Q9ZSK1
Q39227	P0CH91
Q39227	P49017
Q39227	Q9CXI0
Q39227	A1KG35
Q39227	O43709
Q39227	Q22993
Q39227	Q944H0
Q39227	Q96BT7
Q39227	Q9P272
Q39227	P9WPB3
Q39227	Q80WQ4
Q39227	P9WPB5
Q39227	Q4G064
Q39227	Q12052
Q39227	Q5APD4
Q39227	Q5HYK3
Q39227	Q94A09
Q39227	Q94JS4
Q39227	P25087
Q39227	P0A889
Q39227	Q5TEU4
Q39227	O82427
Q39227	Q3ED65
Q39227	O14321
Q39227	P0CT10
Q39227	Q9LY74
Q3E7A3	Q3E7A3
Q3TAE8	Q3TAE8
Q3TAE8	Q9FF17
Q3TAE8	Q9Y672
Q3UKJ7	Q3UKJ7
Q3UKJ7	Q99M63
Q3UKJ7	Q2TAY7
Q3UKJ7	Q6ZQQ6
P03191	P03191
P20880	P20880
Q29U70	Q29U70
Q29U70	O95671
Q29U70	Q9LPU8
Q29U70	B1P123
Q29U70	O14141
Q29U70	Q9FK25
Q29U70	Q9T003
Q29U70	P46597
Q76ZQ4	Q76ZQ4
Q92371	Q92371
Q92371	Q18885
Q92371	A5DF06
Q92371	Q64152
Q92371	Q59TU0
Q92371	Q02642
Q92371	Q9SMW7
Q92371	P20290
Q92371	Q96K17
Q92371	Q9CQH7
Q925N1	Q925N1
Q925N1	Q6P4A7
Q944L7	Q944L7
Q94FY7	Q94FY7
Q95XP9	Q95XP9
Q96500	Q96500
Q9BTD1	Q9BTD1
C1KYE1	C1KYE1
C1KYE1	P0A4Q8
F2Z6F6	F2Z6F6
G5EFS4	G5EFS4
G5EFS4	Q96C86
G5EFS4	Q9DAR7
G5EFS4	Q06151
G5EFS4	Q12123
H2L0H5	H2L0H5
O00462	O00462
O00462	Q8K2I4
O13776	O13776
O14269	O14269
O15287	O15287
O15287	Q9EQR6
O31892	O31892
O32222	O32222
O32222	A1KHA2
O32222	P9WP49
O34486	O34486
O42709	O42709
O53512	O53512
O53512	Q00218
O54791	O54791
O54791	P54842
O54791	Q8CF90
O54791	D3ZNT6
O54791	Q8NHW3
O54791	P54841
O54791	P54843
O54791	P54845
O54791	O57342
O54791	P54846
O54791	Q61827
O54791	O60675
O54791	O75444
O54791	O54790
O54791	Q9ULX9
O54791	O15525
O54791	Q9Y5Q3
O54918	O54918
O54918	O88498
O54918	O43521
O59868	O59868
O59868	O64806
O59868	P0AGB0
O59868	Q9LY77
O59868	P09626
O59868	P22700
O59868	O64474
O59868	P73867
O59868	Q64535
O59868	P92939
O59868	Q9XES1
O59868	Q2QMX9
O59868	P0A8Y7
O59868	P0A8Y5
O59868	P30714
O59868	P98194
O59868	Q64541
O59868	P57698
O59868	Q64430
O59868	Q64542
O59868	P95931
O59868	Q9M2L4
O59868	P11506
O59868	Q12691
O59868	Q9S7J8
O59868	P11507
O59868	P20648
O59868	Q64568
O59868	P0CW77
O59868	A0A143ZZK9
O59868	G5E829
O59868	P06686
O59868	Q6PIE5
O59868	P23634
O59868	Q8VDN2
O59868	P06685
O59868	O77696
O59868	O81108
O59868	Q13733
O59868	O55143
O59868	P13586
O59868	P9WPS3
O59868	P9WPS2
O59868	Q64446
O59868	Q9HDW7
O59868	Q9Z1W8
O59868	Q9SZW4
O59868	O15172
O59868	P13587
O59868	P9WPS4
O59868	Q16720
O59868	G5EFR6
O59868	P9WPS5
O59868	Q9LIK7
O59868	P54678
O59868	P16615
O59868	P9WPU1
O59868	Q6Q477
O59868	Q9LF79
O59868	O22218
O59868	P11607
O59868	P38360
O59868	P38929
O59868	P78330
O59868	P05023
O59868	P18596
O59868	P54707
O59868	P55989
O59868	Q01814
O59868	P05024
O59868	P54708
O59868	Q9R0K7
O59868	A7L9Z8
O59868	P13607
O59868	Q04656
O59868	Q99LS3
O59868	Q9LU41
O59868	Q9SZR1
O59868	Q01896
O59868	Q9SH30
O59868	P22189
O59868	P70705
O59868	Q37145
O59868	Q0VCY0
O59868	P23220
O59868	P35670
O59868	P54947
O59868	P9WGJ3
O59868	Q8R429
O59868	Q64578
O59868	D2WKD8
O59868	P50993
O59868	O14983
O59868	O59666
O59868	Q9VSY6
O59868	Q9WV27
O59868	P19156
O59868	P42941
O59868	P94592
O59868	B9DFX7
O59868	Q6PIC6
O59868	P06687
O59868	Q80XR2
O59868	B9QMJ0
O62301	O62301
P54002	P54002
P54002	P53868
P54002	Q9VBV8
P54002	Q8VDI9
P54002	Q9H6U8
P54002	Q9FZ49
P58780	P58780
P58780	P53909
P58780	Q9NZK5
P78797	P78797
P85828	P85828
P87236	P87236
Q02721	Q02721
Q03782	Q03782
Q04734	Q04734
Q08110	Q08110
Q08734	Q08734
Q0D3I7	Q0D3I7
Q0D3I7	Q10M29
Q0D3I7	Q9ZVF5
Q0VA82	Q0VA82
Q0VA82	Q8BH31
Q0VA82	Q8NHS3
Q0WVF8	Q0WVF8
Q12108	Q12108
Q12108	A4RI88
Q12347	Q12347
Q15B89	Q15B89
Q15B89	Q9NTN3
Q15B89	Q5M8T2
Q15B89	Q95YI5
Q15B89	Q8BGF8
Q20332	Q20332
Q386F1	Q386F1
Q39091	Q39091
Q3E760	Q3E760
Q3TZW7	Q3TZW7
Q494R4	Q494R4
P03146	P03146
P03146	P69706
P03146	P03148
P05923	P05923
Q9LUA1	Q9LUA1
Q9LX83	Q9LX83
Q9LX83	Q9SI18
Q9LX83	O23244
Q9LX83	Q9LJU7
Q9LX83	Q9SIV9
Q9LX83	Q949Y3
