Q9NIP6	Q9NIP6	100.000	151	151	151
Q9VS36	Q9VS36	100.000	331	331	331
Q9VZD8	Q9VZD8	100.000	324	324	324
Q9VZD8	P53072	26.300	296	324	289
Q9VZD8	P87151	29.800	181	324	287
F4K1B4	F4K1B4	100.000	335	335	335
O96622	O96622	100.000	369	369	369
Q5HI89	Q5HI89	100.000	250	250	250
Q6NXP0	Q6NXP0	100.000	572	572	572
Q8BSN3	Q8BSN3	100.000	593	593	593
Q8BSN3	Q5T5S1	25.600	534	593	534
Q8N0T1	Q8N0T1	100.000	100	100	100
Q8N813	Q8N813	100.000	242	242	242
Q5XUX0	Q5XUX0	100.000	539	539	539
Q8BGS0	Q8BGS0	100.000	296	296	296
Q8I5G1	Q8I5G1	100.000	781	781	781
Q8QZY3	Q8QZY3	100.000	150	150	150
Q8TES7	Q8TES7	100.000	1133	1133	1133
P53552	P53552	100.000	1597	1597	1597
P53552	B1AZI6	23.100	1133	1597	1594
Q3E829	Q3E829	100.000	80	80	80
Q3UDR8	Q3UDR8	100.000	347	347	347
Q5WRN1	Q5WRN1	100.000	301	301	301
Q5WRN1	P40240	23.600	148	301	226
Q8CFL8	Q8CFL8	100.000	695	695	695
Q8CFL8	Q9BR11	27.200	511	695	485
O74472	O74472	100.000	336	336	336
O74472	Q08157	23.900	167	336	551
O74472	Q04734	24.600	154	336	239
P06777	P06777	100.000	1100	1100	1100
P06777	Q92889	29.700	1023	1100	916
P35475	P35475	100.000	653	653	653
P47224	P47224	100.000	123	123	123
P53736	P53736	100.000	256	256	256
G5E8F4	G5E8F4	100.000	590	590	590
G5E8F4	Q9LNJ9	22.700	549	590	1055
O80436	O80436	100.000	521	521	521
O80436	Q93Z20	26.400	514	521	590
O80436	O09014	22.000	440	521	572
O80436	A6NIM6	21.000	508	521	579
P38060	P38060	100.000	325	325	325
P52503	P52503	100.000	116	116	116
P82628	P82628	100.000	90	90	90
P82628	P51970	26.100	88	90	172
P04554	P04554	100.000	102	102	102
P06999	P06999	100.000	309	309	309
P06999	P0A9J6	31.200	131	309	309
P09169	P09169	100.000	317	317	317
P0C1S9	P0C1S9	100.000	668	668	668
P0C1S9	P47145	24.700	210	668	328
P36532	P36532	100.000	105	105	105
Q9D0I4	Q9D0I4	100.000	301	301	301
Q9DCV4	Q9DCV4	100.000	305	305	305
Q9N3E2	Q9N3E2	100.000	427	427	427
Q9T0I8	Q9T0I8	100.000	267	267	267
Q9UTA5	Q9UTA5	100.000	237	237	237
Q07508	Q07508	100.000	261	261	261
Q12342	Q12342	100.000	491	491	491
Q3E795	Q3E795	100.000	98	98	98
Q41932	Q41932	100.000	230	230	230
Q41932	Q9XI73	27.600	112	230	190
Q53HI1	Q53HI1	100.000	259	259	259
Q53S58	Q53S58	100.000	311	311	311
Q6AYM0	Q6AYM0	100.000	588	588	588
Q8K2C9	Q8K2C9	100.000	362	362	362
Q8R015	Q8R015	100.000	185	185	185
Q922P8	Q922P8	100.000	1018	1018	1018
Q922P8	Q9BL47	23.000	343	1018	927
Q8WWR8	Q8WWR8	100.000	484	484	484
Q97ZY7	Q97ZY7	100.000	75	75	75
Q9BXU0	Q9BXU0	100.000	123	123	123
Q9CEX2	Q9CEX2	100.000	423	423	423
Q9CEX2	Q4J9C4	20.900	177	423	549
Q9H6R4	Q9H6R4	100.000	1146	1146	1146
Q9H6R4	O94676	25.000	1123	1146	1097
Q9H6R4	P53254	25.500	960	1146	1237
M9NE38	M9NE38	100.000	1912	1912	1912
Q0P6D2	Q0P6D2	100.000	419	419	419
Q0P6D2	Q9D6I7	26.000	338	419	428
Q9FHY8	Q9FHY8	100.000	565	565	565
A2ARZ3	A2ARZ3	100.000	6995	6995	6995
Q9W3F7	Q9W3F7	100.000	525	525	525
O82178	O82178	100.000	591	591	591
O82178	Q9S7Q2	24.600	422	591	862
O82178	Q8RWS8	24.700	529	591	822
O82178	Q9FLD8	24.800	479	591	678
O82178	Q9LW84	24.500	415	591	642
O82178	Q9LKU8	24.200	524	591	766
O82178	Q9LS88	24.600	565	591	842
O82178	Q9FMF6	24.000	453	591	730
O82178	Q0WMY5	24.700	408	591	952
O82178	Q9SS81	22.300	533	591	687
O82178	O81028	26.100	383	591	799
O82178	Q9SSR4	24.000	432	591	819
O82178	Q9SAD9	25.300	410	591	517
O82178	O80958	24.600	337	591	867
O82178	Q9LS25	27.700	317	591	711
O82178	Q9LMY5	21.900	441	591	826
O82178	Q9FRS4	24.600	393	591	559
O82178	Q9SQU6	21.700	419	591	486
O82178	Q9SAK0	19.300	450	591	836
O82178	Q9LR67	23.700	396	591	660
O82178	Q9MAG8	23.500	327	591	471
O82178	Q9LVA2	24.100	418	591	982
O82178	Q9SVH3	23.500	399	591	727
O82178	Q9ZUU3	21.400	461	591	757
O82178	Q0WLC6	22.000	308	591	1089
O82178	Q9M4P3	24.600	328	591	656
O82178	Q9M2C8	23.200	293	591	498
O82178	Q9M3A8	24.000	328	591	629
O82178	O23278	24.100	331	591	501
O82178	Q3ECH5	19.700	400	591	544
O82178	Q3EDA9	19.600	372	591	608
O82178	Q9LSK8	19.100	481	591	688
O82178	Q9SNB7	20.100	398	591	665
O82178	P0C896	21.100	322	591	576
O82178	Q9SKU6	21.600	347	591	490
O82178	O49343	24.200	239	591	452
O82178	Q9FMU2	20.800	370	591	634
O82178	Q9SGQ6	21.500	353	591	773
O82178	Q9ZUU7	22.800	236	591	462
O82178	Q9SA76	21.100	368	591	1006
O82178	O49711	19.600	280	591	843
O82178	B3H4P1	23.700	206	591	661
O82178	Q9SA60	20.000	244	591	793
O82178	Q9FZD1	22.600	212	591	630
O82178	P32522	19.900	306	591	965
O82178	P48237	23.500	170	591	864
P40006	P40006	100.000	225	225	225
P49771	P49771	100.000	235	235	235
Q05827	Q05827	100.000	59	59	59
Q07951	Q07951	100.000	179	179	179
Q9DBR3	Q9DBR3	100.000	673	673	673
Q9DBR3	O13986	26.100	402	673	789
Q9DBR3	Q6P0K8	20.100	382	673	745
Q9DBR3	P40547	19.700	298	673	921
Q9QXV0	Q9QXV0	100.000	258	258	258
Q9SGS5	Q9SGS5	100.000	272	272	272
Q9Y2G0	Q9Y2G0	100.000	817	817	817
Q9Y2G0	Q10MI0	24.100	344	817	988
O13862	O13862	100.000	478	478	478
O43687	O43687	100.000	104	104	104
P04906	P04906	100.000	210	210	210
P38966	P38966	100.000	869	869	869
Q3E7B4	Q3E7B4	100.000	63	63	63
Q3T9M1	Q3T9M1	100.000	494	494	494
Q3UCV8	Q3UCV8	100.000	352	352	352
Q55118	Q55118	100.000	379	379	379
Q76PD2	Q76PD2	100.000	732	732	732
Q9BQ48	Q9BQ48	100.000	92	92	92
Q9CY64	Q9CY64	100.000	295	295	295
Q9CY64	O05389	22.800	114	295	341
Q9D7T1	Q9D7T1	100.000	230	230	230
W5XKT8	W5XKT8	100.000	324	324	324
G5EDT1	G5EDT1	100.000	961	961	961
G5EDT1	Q64701	21.600	972	961	1063
G5EDT1	Q24472	21.400	844	961	845
G5EDT1	P33568	19.800	873	961	920
G5EDT1	Q9LKX9	21.500	696	961	867
O94396	O94396	100.000	534	534	534
O94396	Q83QR3	24.500	171	534	270
P0DTC5	P0DTC5	100.000	222	222	222
Q3TVA9	Q3TVA9	100.000	1136	1136	1136
Q96IZ2	Q96IZ2	100.000	230	230	230
Q9SND9	Q9SND9	100.000	443	443	443
Q9SND9	Q9LJB4	26.200	385	443	449
Q9SND9	Q39048	24.400	336	443	421
Q9SND9	O23393	22.000	353	443	435
P53835	P53835	100.000	661	661	661
P53835	Q9P771	26.100	588	661	703
Q9FK51	Q9FK51	100.000	351	351	351
Q9VVR2	Q9VVR2	100.000	539	539	539
Q9VVR2	Q8BS90	29.800	281	539	525
F4JP43	F4JP43	100.000	2037	2037	2037
P37295	P37295	100.000	602	602	602
P37295	P37271	28.400	218	602	422
Q10429	Q10429	100.000	875	875	875
Q10429	Q9BPX3	28.000	851	875	1015
Q9CQ24	Q9CQ24	100.000	188	188	188
P0A904	P0A904	100.000	344	344	344
P24473	P24473	100.000	226	226	226
P33753	P33753	100.000	639	639	639
P33753	Q8BNV1	27.600	206	639	613
P40071	P40071	100.000	706	706	706
P40071	Q940G0	23.800	670	706	589
P53939	P53939	100.000	407	407	407
Q9D611	Q9D611	100.000	498	498	498
Q9H5F2	Q9H5F2	100.000	150	150	150
Q9HGM2	Q9HGM2	100.000	171	171	171
Q9HGM2	O00258	22.900	148	171	174
Q9HGM2	P53192	32.600	147	171	235
Q9NWU5	Q9NWU5	100.000	206	206	206
Q9SAR0	Q9SAR0	100.000	495	495	495
Q9SAR0	Q9C969	24.100	344	495	394
Q9SAR0	Q64602	24.300	366	495	425
Q9SAR0	Q9S5G6	24.000	229	495	356
O60894	O60894	100.000	148	148	148
O60894	Q9JHJ1	31.000	103	148	182
O94724	O94724	100.000	108	108	108
O95980	O95980	100.000	971	971	971
P38198	P38198	100.000	1513	1513	1513
P38198	Q59WD5	24.500	562	1513	1303
P38198	O42874	29.000	248	1513	1462
Q05050	Q05050	100.000	843	843	843
Q05050	P35736	29.800	671	843	922
W0RYD3	W0RYD3	100.000	2135	2135	2135
P16254	P16254	100.000	110	110	110
P20645	P20645	100.000	277	277	277
P32791	P32791	100.000	686	686	686
P32791	Q08908	27.000	572	686	694
P32791	Q04800	27.200	338	686	564
P32791	Q12333	22.900	393	686	620
P32791	P53109	21.600	412	686	570
P32791	Q96PH1	21.200	371	686	765
P40052	P40052	100.000	210	210	210
Q10069	Q10069	100.000	146	146	146
Q10069	Q02614	33.600	110	146	308
Q12117	Q12117	100.000	320	320	320
Q22557	Q22557	100.000	368	368	368
Q505D7	Q505D7	100.000	179	179	179
Q5A1Z5	Q5A1Z5	100.000	761	761	761
Q5A1Z5	Q91YI1	23.000	226	761	516
Q14695	Q14695	100.000	138	138	138
Q3URY0	Q3URY0	100.000	304	304	304
Q5ANE3	Q5ANE3	100.000	170	170	170
Q5U117	Q5U117	100.000	639	639	639
Q5U117	P52042	22.100	347	639	379
Q7LFX5	Q7LFX5	100.000	561	561	561
Q7LFX5	Q5GFD5	25.400	330	561	342
Q15573	Q15573	100.000	450	450	450
Q6S9Z5	Q6S9Z5	100.000	364	364	364
Q6S9Z5	Q9D534	21.500	172	364	172
Q8C624	Q8C624	100.000	132	132	132
Q8N4C9	Q8N4C9	100.000	275	275	275
Q8WV60	Q8WV60	100.000	388	388	388
Q8WV60	Q92552	24.800	177	388	414
P53741	P53741	100.000	515	515	515
Q13227	Q13227	100.000	327	327	327
Q3C1V1	Q3C1V1	100.000	193	193	193
Q3U034	Q3U034	100.000	471	471	471
Q64345	Q64345	100.000	403	403	403
Q86VV8	Q86VV8	100.000	2226	2226	2226
Q86VV8	A1Z8X3	24.000	304	2226	1977
Q9D305	Q9D305	100.000	217	217	217
Q9H6V9	Q9H6V9	100.000	325	325	325
Q9UMX3	Q9UMX3	100.000	212	212	212
Q9UMX3	P10417	21.500	176	212	236
Q9VW78	Q9VW78	100.000	636	636	636
Q9VW78	P39086	20.500	457	636	918
Q9VW78	O15399	20.400	464	636	1336
Q9VW78	O81776	22.500	164	636	896
Q9SJG4	Q9SJG4	100.000	257	257	257
A6NHR9	A6NHR9	100.000	2005	2005	2005
Q4JAT0	Q4JAT0	100.000	171	171	171
Q5JUQ0	Q5JUQ0	100.000	283	283	283
Q6X4W1	Q6X4W1	100.000	530	530	530
P03030	P03030	100.000	311	311	311
P03030	P39647	25.700	237	311	299
P03030	P0A9F5	25.900	262	311	324
P03030	P20668	22.200	296	311	300
P0AG10	P0AG10	100.000	225	225	225
P26769	P26769	100.000	1090	1090	1090
P26769	P9WQ29	26.700	198	1090	567
Q12080	Q12080	100.000	455	455	455
Q3UFB2	Q3UFB2	100.000	460	460	460
Q3UFB2	O74906	25.600	238	460	345
Q3UFB2	P38772	26.400	159	460	366
Q9D903	Q9D903	100.000	306	306	306
Q9P4X4	Q9P4X4	100.000	289	289	289
Q9V564	Q9V564	100.000	630	630	630
Q9V564	Q59MF9	20.000	514	630	771
Q9V564	P53959	20.800	499	630	839
O14087	O14087	100.000	150	150	150
O14087	P32445	28.400	123	150	135
O43002	O43002	100.000	102	102	102
O07521	O07521	100.000	314	314	314
O75935	O75935	100.000	186	186	186
P02968	P02968	100.000	304	304	304
P02968	P72151	27.300	498	304	488
P07363	P07363	100.000	654	654	654
P32767	P32767	100.000	1081	1081	1081
P32767	Q09796	20.100	1105	1081	990
Q96HJ3	Q96HJ3	100.000	373	373	373
Q99L02	Q99L02	100.000	253	253	253
Q9BSN7	Q9BSN7	100.000	226	226	226
Q9H173	Q9H173	100.000	461	461	461
Q9H173	O43030	30.700	114	461	287
Q9H173	Q99P31	29.500	142	461	357
Q9QX72	Q9QX72	100.000	846	846	846
P0ADN2	P0ADN2	100.000	112	112	112
P15874	P15874	100.000	187	187	187
P20411	P20411	100.000	86	86	86
P25398	P25398	100.000	132	132	132
P32435	P32435	100.000	120	120	120
Q3ZCQ2	Q3ZCQ2	100.000	193	193	193
Q6Q547	Q6Q547	100.000	58	58	58
Q71RC9	Q71RC9	100.000	77	77	77
Q7TNS8	Q7TNS8	100.000	369	369	369
Q8IV42	Q8IV42	100.000	348	348	348
Q9UT68	Q9UT68	100.000	335	335	335
Q9VIP0	Q9VIP0	100.000	602	602	602
Q9VIP0	Q3TTP0	22.800	390	602	639
A8I2V9	A8I2V9	100.000	430	430	430
O13986	O13986	100.000	789	789	789
O13986	Q9DBR3	26.000	400	789	673
O13986	P40547	25.500	293	789	921
P20061	P20061	100.000	433	433	433
Q9C0W8	Q9C0W8	100.000	678	678	678
Q9C0W8	Q6NUQ1	25.900	204	678	792
A1KMM4	A1KMM4	100.000	364	364	364
O53165	O53165	100.000	187	187	187
P03897	P03897	100.000	115	115	115
P06533	P06533	100.000	111	111	111
P06533	P9WMH9	38.300	60	111	140
Q0P651	Q0P651	100.000	414	414	414
Q22639	Q22639	100.000	1058	1058	1058
Q22639	Q9VLC0	24.800	1030	1058	940
Q22639	F4JT76	21.600	1014	1058	1034
Q22639	O14093	20.700	309	1058	949
Q7TN02	Q7TN02	100.000	588	588	588
Q8BVH9	Q8BVH9	100.000	282	282	282
Q8R164	Q8R164	100.000	291	291	291
Q8R164	P9WNH5	28.200	290	291	291
Q8R164	Q9SQR3	21.900	241	291	267
Q8R164	Q96I13	21.600	240	291	439
Q0PW25	Q0PW25	100.000	942	942	942
P0ABJ1	P0ABJ1	100.000	315	315	315
P0ABJ1	P00406	19.800	181	315	227
P28272	P28272	100.000	314	314	314
P28272	O89000	24.100	315	314	1025
P28272	P07670	23.100	229	314	370
P39011	P39011	100.000	633	633	633
P55073	P55073	100.000	304	304	304
Q3HNM7	Q3HNM7	100.000	579	579	579
Q6TYB5	Q6TYB5	100.000	348	348	348
Q86XZ4	Q86XZ4	100.000	545	545	545
Q8IXH7	Q8IXH7	100.000	590	590	590
Q99LF1	Q99LF1	100.000	191	191	191
Q12208	Q12208	100.000	290	290	290
Q4J8Q7	Q4J8Q7	100.000	464	464	464
Q4J8Q7	Q9FNI7	24.100	265	464	534
Q83LY3	Q83LY3	100.000	474	474	474
Q95XZ6	Q95XZ6	100.000	311	311	311
Q9NA64	Q9NA64	100.000	846	846	846
Q9H1F0	Q9H1F0	100.000	79	79	79
Q9LNQ1	Q9LNQ1	100.000	187	187	187
Q9LNQ1	P32897	33.000	112	187	222
Q9LNQ1	Q99595	30.900	110	187	171
Q9M160	Q9M160	100.000	291	291	291
Q9UUC8	Q9UUC8	100.000	145	145	145
Q9W0Y6	Q9W0Y6	100.000	913	913	913
Q8BGY5	Q8BGY5	100.000	185	185	185
Q8IWV1	Q8IWV1	100.000	398	398	398
Q8NBF6	Q8NBF6	100.000	648	648	648
Q8NBF6	Q12500	24.800	619	648	764
Q8NBF6	Q0PGW2	23.600	224	648	455
Q96EF9	Q96EF9	100.000	292	292	292
Q99KU6	Q99KU6	100.000	348	348	348
I3L1E1	I3L1E1	100.000	186	186	186
O04615	O04615	100.000	527	527	527
O04615	Q9NVR0	25.300	233	527	708
O62136	O62136	100.000	434	434	434
O62136	O61787	23.400	375	434	372
O62136	Q9V427	24.300	333	434	367
O62136	Q9VR82	20.900	353	434	481
P33277	P33277	100.000	766	766	766
P33277	Q5A506	24.000	270	766	1237
Q0E3V2	Q0E3V2	100.000	165	165	165
Q9XZT6	Q9XZT6	100.000	250	250	250
A5D6W6	A5D6W6	100.000	292	292	292
B9A014	B9A014	100.000	251	251	251
O01839	O01839	100.000	700	700	700
O01839	Q8MSY4	25.400	734	700	740
O01839	Q0WQ75	20.700	757	700	780
O01839	F4HWE6	20.000	210	700	1090
O94252	O94252	100.000	261	261	261
P09232	P09232	100.000	635	635	635
P21549	P21549	100.000	392	392	392
P21549	P43567	26.100	382	392	385
P21549	O25436	23.600	346	392	369
P21549	P0A6B7	23.200	198	392	404
P32342	P32342	100.000	167	167	167
P34675	P34675	100.000	1620	1620	1620
P53853	P53853	100.000	264	264	264
P53853	Q9HGN2	29.300	266	264	244
P53853	Q01105	23.300	248	264	290
Q08023	Q08023	100.000	583	583	583
Q5VTH2	Q5VTH2	100.000	177	177	177
Q6AXQ9	Q6AXQ9	100.000	301	301	301
Q704S8	Q704S8	100.000	626	626	626
Q704S8	P40017	19.800	724	626	923
Q96F25	Q96F25	100.000	216	216	216
Q9SYJ8	Q9SYJ8	100.000	372	372	372
A0AUZ9	A0AUZ9	100.000	987	987	987
O32173	O32173	100.000	78	78	78
O53532	O53532	100.000	353	353	353
O53532	Q8VHT6	25.400	177	353	369
O94473	O94473	100.000	256	256	256
O97113	O97113	100.000	201	201	201
O97113	P54657	29.100	216	201	213
P56555	P56555	100.000	118	118	118
Q05515	Q05515	100.000	481	481	481
Q05515	Q05948	24.400	454	481	407
Q9CB03	Q9CB03	100.000	694	694	694
Q9CB03	Q23049	27.200	246	694	506
Q9Y817	Q9Y817	100.000	1297	1297	1297
Q9Y817	P47104	25.500	1288	1297	1357
Q9WV41	Q9WV41	100.000	188	188	188
Q9WV41	P04808	27.600	163	188	185
P01574	P01574	100.000	187	187	187
P0AGD6	P0AGD6	100.000	193	193	193
P25573	P25573	100.000	417	417	417
P37582	P37582	100.000	135	135	135
Q59NP1	Q59NP1	100.000	251	251	251
Q6PEC3	Q6PEC3	100.000	259	259	259
Q80WQ9	Q80WQ9	100.000	1168	1168	1168
Q80WQ9	O96006	26.100	649	1168	694
Q80WQ9	Q9M2N5	21.500	636	1168	696
Q80WQ9	P53246	21.600	273	1168	860
Q80WQ9	Q96IU2	37.900	87	1168	234
Q8NB37	Q8NB37	100.000	220	220	220
Q8R3Q6	Q8R3Q6	100.000	144	144	144
O13880	O13880	100.000	568	568	568
O13880	Q10097	22.200	413	568	498
O13880	O94572	21.200	396	568	497
O13880	P39709	22.900	283	568	593
P0A7T3	P0A7T3	100.000	82	82	82
P0C2S0	P0C2S0	100.000	81	81	81
P11686	P11686	100.000	197	197	197
P20051	P20051	100.000	364	364	364
P20051	P05990	24.400	299	364	2224
Q8WTQ4	Q8WTQ4	100.000	265	265	265
Q940P5	Q940P5	100.000	221	221	221
Q99N20	Q99N20	100.000	246	246	246
Q9BUN1	Q9BUN1	100.000	341	341	341
Q9D845	Q9D845	100.000	387	387	387
P9WNA3	P9WNA3	100.000	831	831	831
Q08215	Q08215	100.000	383	383	383
Q12327	Q12327	100.000	114	114	114
Q16706	Q16706	100.000	1144	1144	1144
Q16706	Q9Y2E5	27.300	956	1144	1009
Q16706	O00754	26.500	1027	1144	1011
Q16706	Q1ZXI8	26.000	938	1144	1123
Q72GG0	Q72GG0	100.000	406	406	406
Q4KM32	Q4KM32	100.000	551	551	551
Q4KM32	Q04149	23.800	626	551	632
Q6E213	Q6E213	100.000	333	333	333
Q7TNG8	Q7TNG8	100.000	484	484	484
Q7TNG8	P39976	25.600	445	484	496
Q7TNG8	Q9EQR2	23.500	519	484	644
Q8DR55	Q8DR55	100.000	464	464	464
Q8K467	Q8K467	100.000	153	153	153
Q23529	Q23529	100.000	777	777	777
Q9FFA2	Q9FFA2	100.000	426	426	426
Q9N4D8	Q9N4D8	100.000	123	123	123
Q9P7S6	Q9P7S6	100.000	274	274	274
Q9STE8	Q9STE8	100.000	818	818	818
Q23794	Q23794	100.000	99	99	99
Q2NL67	Q2NL67	100.000	630	630	630
Q2NL67	Q8N5Y8	24.900	265	630	322
Q6NT16	Q6NT16	100.000	456	456	456
Q6NT16	Q08C75	22.000	450	456	513
Q6NT16	Q96BI1	24.800	439	456	424
Q8BGD6	Q8BGD6	100.000	560	560	560
Q8BGD6	Q9LYM2	21.700	447	560	435
Q8BGD6	Q08AI6	19.000	252	560	406
Q8BGD6	A6NNN8	22.000	272	560	435
Q8PUQ8	Q8PUQ8	100.000	78	78	78
Q9CQU5	Q9CQU5	100.000	252	252	252
Q9D385	Q9D385	100.000	163	163	163
Q9P7T4	Q9P7T4	100.000	1019	1019	1019
Q9P7T4	P25588	32.000	150	1019	1096
A1L4V7	A1L4V7	100.000	427	427	427
O80832	O80832	100.000	410	410	410
P32422	P32422	100.000	81	81	81
P35175	P35175	100.000	97	97	97
P36137	P36137	100.000	443	443	443
P40847	P40847	100.000	254	254	254
P47010	P47010	100.000	130	130	130
P28799	P28799	100.000	593	593	593
P47027	P47027	100.000	764	764	764
P94534	P94534	100.000	444	444	444
P94534	P08066	28.900	83	444	253
Q06116	Q06116	100.000	2489	2489	2489
Q06116	Q6LA55	24.100	1795	2489	2699
Q06116	Q5SYL3	24.600	422	2489	2234
Q86UY8	Q86UY8	100.000	548	548	548
Q86UY8	Q3V1L4	28.300	472	548	560
P27202	P27202	100.000	140	140	140
P33419	P33419	100.000	253	253	253
P36158	P36158	100.000	585	585	585
Q07327	Q07327	100.000	597	597	597
Q07327	P30619	24.700	621	597	724
Q07327	O49048	22.300	587	597	569
Q07327	Q9SL48	21.800	610	597	627
Q07327	Q94KJ7	21.600	597	597	592
Q07327	P20795	22.000	204	597	691
Q99622	Q99622	100.000	126	126	126
P34489	P34489	100.000	732	732	732
P53130	P53130	100.000	126	126	126
P59107	P59107	100.000	644	644	644
P59107	P56123	28.600	328	644	644
P59107	P39112	22.800	345	644	969
Q08496	Q08496	100.000	732	732	732
Q4FZV2	Q4FZV2	100.000	157	157	157
Q08422	Q08422	100.000	150	150	150
Q0KL00	Q0KL00	100.000	2535	2535	2535
Q0KL00	M9MSG8	28.000	2698	2535	2551
Q0KL00	A0A061ACU2	25.800	2712	2535	2442
Q0KL00	F4IN58	26.600	597	2535	2462
Q9D1H0	Q9D1H0	100.000	253	253	253
Q9LW85	Q9LW85	100.000	726	726	726
Q9LW85	F4JZY1	24.800	443	726	1586
Q9LW85	Q811U3	22.800	568	726	948
Q9LW85	Q92351	24.100	501	726	1208
Q9VGP4	Q9VGP4	100.000	1018	1018	1018
Q9VGP4	P53067	20.500	1038	1018	1004
Q9VGP4	Q02932	20.400	475	1018	1032
Q9VGP4	O95373	18.800	908	1018	1038
A0PJN4	A0PJN4	100.000	161	161	161
F4IDQ5	F4IDQ5	100.000	481	481	481
P00723	P00723	100.000	1025	1025	1025
P00723	P12265	25.200	534	1025	648
Q9JKW0	Q9JKW0	100.000	203	203	203
Q9SSE7	Q9SSE7	100.000	381	381	381
Q9T076	Q9T076	100.000	349	349	349
Q9UTS6	Q9UTS6	100.000	111	111	111
Q9XWQ1	Q9XWQ1	100.000	210	210	210
Q9XWQ1	Q09EF7	21.600	203	210	1955
Q9XWQ1	Q96EV8	22.500	142	210	351
A0A023PZF3	A0A023PZF3	100.000	158	158	158
A1A708	A1A708	100.000	446	446	446
Q7TSH4	Q7TSH4	100.000	1004	1004	1004
Q8R411	Q8R411	100.000	188	188	188
Q95Y41	Q95Y41	100.000	564	564	564
F4HVZ5	F4HVZ5	100.000	279	279	279
P04118	P04118	100.000	112	112	112
P53264	P53264	100.000	445	445	445
P9WN27	P9WN27	100.000	994	994	994
P9WN27	P30870	28.900	948	994	946
Q0P6H9	Q0P6H9	100.000	643	643	643
Q4G008	Q4G008	100.000	404	404	404
Q5EE01	Q5EE01	100.000	88	88	88
Q10289	Q10289	100.000	1842	1842	1842
O14291	O14291	100.000	313	313	313
P07252	P07252	100.000	654	654	654
Q62633	Q62633	100.000	348	348	348
Q8NAQ8	Q8NAQ8	100.000	132	132	132
F4K8S5	F4K8S5	100.000	355	355	355
O13916	O13916	100.000	80	80	80
O23147	O23147	100.000	431	431	431
O74512	O74512	100.000	229	229	229
P00365	P00365	100.000	1050	1050	1050
P00365	O53203	24.400	552	1050	1624
P00365	P00370	22.000	313	1050	447
P0CX81	P0CX81	100.000	61	61	61
P18410	P18410	100.000	259	259	259
P18410	Q9USQ0	23.700	194	259	180
P38824	P38824	100.000	151	151	151
P50524	P50524	100.000	270	270	270
Q1G3E7	Q1G3E7	100.000	74	74	74
Q9CZL5	Q9CZL5	100.000	136	136	136
Q9D7A8	Q9D7A8	100.000	282	282	282
Q9GZQ3	Q9GZQ3	100.000	224	224	224
Q9NPJ4	Q9NPJ4	100.000	139	139	139
Q9P0N9	Q9P0N9	100.000	293	293	293
O13954	O13954	100.000	184	184	184
P25335	P25335	100.000	343	343	343
Q9SXX7	Q9SXX7	100.000	63	63	63
A7MVC1	A7MVC1	100.000	114	114	114
O02495	O02495	100.000	109	109	109
O02495	P34351	38.000	63	109	102
P52697	P52697	100.000	331	331	331
P52697	O59681	25.000	196	331	342
P54474	P54474	100.000	247	247	247
P73152	P73152	100.000	128	128	128
P75206	P75206	100.000	445	445	445
P95979	P95979	100.000	764	764	764
P95979	P21189	21.500	631	764	783
P95979	O89042	22.500	390	764	1451
P95979	O60673	24.300	255	764	3130
Q9GZV4	Q9GZV4	100.000	153	153	153
Q9M7X7	Q9M7X7	100.000	61	61	61
Q9NV64	Q9NV64	100.000	488	488	488
Q9VW14	Q9VW14	100.000	407	407	407
Q9VW14	P63180	24.700	170	407	243
A1A5P5	A1A5P5	100.000	730	730	730
Q8EIX3	Q8EIX3	100.000	433	433	433
Q8ND07	Q8ND07	100.000	529	529	529
Q8VCX2	Q8VCX2	100.000	364	364	364
Q8VCX2	Q03697	28.000	364	364	442
Q8VCX2	Q9C8M1	26.100	313	364	332
Q8VCX2	Q9FYE5	24.000	300	364	309
Q8VCX2	Q9FIH5	22.500	351	364	350
Q8VCX2	Q968A5	25.600	351	364	363
Q96D46	Q96D46	100.000	503	503	503
Q9D7V2	Q9D7V2	100.000	215	215	215
Q9M9P3	Q9M9P3	100.000	469	469	469
Q9M9P3	O94617	21.600	226	469	475
Q9M9P3	Q9C5I1	23.100	294	469	614
Q9Y328	Q9Y328	100.000	171	171	171
A1A5R7	A1A5R7	100.000	754	754	754
P19615	P19615	100.000	1357	1357	1357
P19615	P12346	25.200	475	1357	698
Q9C2N1	Q9C2N1	100.000	670	670	670
Q9C2N1	P38830	24.800	153	670	627
Q96NH3	Q96NH3	100.000	1257	1257	1257
Q9N4U5	Q9N4U5	100.000	547	547	547
Q9R1A9	Q9R1A9	100.000	236	236	236
Q9VXY7	Q9VXY7	100.000	352	352	352
Q9VXY7	Q9VCI3	26.300	171	352	431
Q9VXY7	O60664	22.500	186	352	434
Q9Z2G9	Q9Z2G9	100.000	242	242	242
Q9Z2G9	Q04304	24.000	220	242	227
Q27297	Q27297	100.000	336	336	336
Q27297	O75771	25.300	284	336	328
Q27297	P38953	26.600	184	336	406
Q5HHA2	Q5HHA2	100.000	313	313	313
Q5HHA2	P13114	27.100	287	313	395
Q5HHA2	P54874	23.800	193	313	447
Q6ZUA9	Q6ZUA9	100.000	1318	1318	1318
Q6ZUA9	Q68CQ1	27.400	875	1318	1323
Q6ZUA9	K8ERU3	21.400	1058	1318	1768
Q6ZUA9	Q9BYG7	30.300	165	1318	248
Q6ZUA9	Q9H579	20.400	470	1318	483
Q99KX1	Q99KX1	100.000	247	247	247
Q9CQ66	Q9CQ66	100.000	144	144	144
Q68FH4	Q68FH4	100.000	458	458	458
Q6ZST4	Q6ZST4	100.000	164	164	164
Q80V94	Q80V94	100.000	1122	1122	1122
Q80V94	Q9UTL8	24.200	512	1122	825
Q80V94	P38065	23.000	391	1122	1025
Q80V94	O81742	20.100	527	1122	893
Q8NE18	Q8NE18	100.000	718	718	718
Q96LB3	Q96LB3	100.000	600	600	600
Q4V893	Q4V893	100.000	348	348	348
Q5R3K3	Q5R3K3	100.000	315	315	315
Q62598	Q62598	100.000	687	687	687
Q68FT1	Q68FT1	100.000	312	312	312
Q68FT1	Q05779	26.000	196	312	260
Q6PDJ1	Q6PDJ1	100.000	1288	1288	1288
P24001	P24001	100.000	234	234	234
P42784	P42784	100.000	414	414	414
P42784	P49194	30.000	180	414	1234
P66072	P66072	100.000	144	144	144
P86478	P86478	100.000	221	221	221
Q02909	Q02909	100.000	967	967	967
O13771	O13771	100.000	310	310	310
O75251	O75251	100.000	213	213	213
P0AGG8	P0AGG8	100.000	481	481	481
P36161	P36161	100.000	1157	1157	1157
P36161	Q9UTH0	20.800	1084	1157	1162
P36161	Q9P797	21.300	982	1157	1142
Q03913	Q03913	100.000	190	190	190
A0A023PZG4	A0A023PZG4	100.000	107	107	107
A1KEN2	A1KEN2	100.000	979	979	979
O55003	O55003	100.000	187	187	187
O74845	O74845	100.000	564	564	564
O74845	P38262	22.100	559	564	535
O74845	Q12021	21.600	240	564	506
O74845	P53622	19.700	152	564	1201
O74845	Q0III3	22.500	248	564	612
P30845	P30845	100.000	547	547	547
Q9WU84	Q9WU84	100.000	274	274	274
O54783	O54783	100.000	394	394	394
O54783	Q03764	26.600	326	394	534
Q9FMV1	Q9FMV1	100.000	252	252	252
Q9SV01	Q9SV01	100.000	454	454	454
O55125	O55125	100.000	284	284	284
O55125	Q9BS92	25.500	219	284	247
G3UYX5	G3UYX5	100.000	1258	1258	1258
G3UYX5	A5PLK6	22.500	351	1258	1076
P63180	P63180	100.000	243	243	243
P63180	Q6IN84	27.700	259	243	353
P63180	Q9VW14	24.700	186	243	407
Q01329	Q01329	100.000	785	785	785
Q01329	Q92797	27.600	112	785	1274
Q2V2Q1	Q2V2Q1	100.000	113	113	113
Q3U7U4	Q3U7U4	100.000	132	132	132
P93292	P93292	100.000	110	110	110
Q10220	Q10220	100.000	88	88	88
Q10220	Q3E833	28.700	80	88	88
Q12347	Q12347	100.000	344	344	344
Q12347	Q9UK97	24.000	382	344	447
Q45GW3	Q45GW3	100.000	790	790	790
Q9CWP9	Q9CWP9	100.000	254	254	254
Q9Y2V0	Q9Y2V0	100.000	281	281	281
O94707	O94707	100.000	351	351	351
O94707	Q07458	28.200	163	351	294
Q10023	Q10023	100.000	468	468	468
Q9D915	Q9D915	100.000	106	106	106
Q9FNI7	Q9FNI7	100.000	534	534	534
Q9FNI7	Q4J8Q7	24.100	265	534	464
Q9H2W6	Q9H2W6	100.000	279	279	279
Q9NQX3	Q9NQX3	100.000	736	736	736
Q9XWJ1	Q9XWJ1	100.000	385	385	385
Q9XWJ1	Q9DB90	29.700	232	385	520
A6NH13	A6NH13	100.000	148	148	148
C6KTD0	C6KTD0	100.000	606	606	606
C6KTD0	O74327	22.100	424	606	420
C6KTD0	Q5I012	22.100	257	606	1090
Q8NHX9	Q8NHX9	100.000	752	752	752
Q8NHX9	Q94KI8	24.900	685	752	733
Q8NHX9	Q9Z0Y8	25.900	301	752	2201
Q8NHX9	Q7RTX7	21.900	196	752	472
Q8NHX9	Q8IZF0	22.800	254	752	1738
Q96MH6	Q96MH6	100.000	324	324	324
Q96MH6	P9WKT1	26.400	223	324	358
Q96MH6	Q9LW26	27.000	133	324	701
Q9P7M1	Q9P7M1	100.000	491	491	491
Q9Y316	Q9Y316	100.000	297	297	297
O13681	O13681	100.000	615	615	615
Q3U2K0	Q3U2K0	100.000	892	892	892
Q5HG66	Q5HG66	100.000	202	202	202
Q5XKP0	Q5XKP0	100.000	118	118	118
Q6AYF9	Q6AYF9	100.000	463	463	463
Q6ZT52	Q6ZT52	100.000	329	329	329
Q5EBJ4	Q5EBJ4	100.000	281	281	281
Q5SU73	Q5SU73	100.000	570	570	570
Q6P9S0	Q6P9S0	100.000	715	715	715
Q83RU3	Q83RU3	100.000	511	511	511
Q8NCX0	Q8NCX0	100.000	1101	1101	1101
Q8NCX0	Q02455	22.400	1128	1101	1875
P40090	P40090	100.000	624	624	624
Q08580	Q08580	100.000	376	376	376
Q08580	Q02969	25.100	274	376	394
Q15078	Q15078	100.000	307	307	307
Q5HFK3	Q5HFK3	100.000	296	296	296
Q86W54	Q86W54	100.000	205	205	205
Q8IVH4	Q8IVH4	100.000	418	418	418
Q96FQ7	Q96FQ7	100.000	95	95	95
Q99189	Q99189	100.000	972	972	972
Q99189	Q9Y5L0	24.800	886	972	923
Q99189	O94829	21.400	1023	972	963
Q99189	O43592	20.900	598	972	962
Q99189	P33418	22.400	223	972	1100
O13702	O13702	100.000	450	450	450
O13702	Q4JB01	24.200	280	450	351
P38892	P38892	100.000	291	291	291
P38892	Q9DD20	31.500	111	291	244
P38892	O94628	24.300	115	291	284
P22812	P22812	100.000	462	462	462
P36606	P36606	100.000	468	468	468
P36606	Q9LKW9	24.100	311	468	1146
P53166	P53166	100.000	561	561	561
P53166	Q944S1	24.200	442	561	581
P53166	Q3E9C3	24.300	390	561	472
Q02MN4	Q02MN4	100.000	89	89	89
Q03723	Q03723	100.000	332	332	332
Q6PGF3	Q6PGF3	100.000	828	828	828
F4HXV6	F4HXV6	100.000	1464	1464	1464
F4HXV6	Q9V463	24.500	1436	1464	1365
F4HXV6	Q9URX8	22.100	1348	1464	1315
F4HXV6	P40064	21.700	652	1464	1391
A0A1D8PGB8	A0A1D8PGB8	100.000	538	538	538
O34536	O34536	100.000	148	148	148
O74893	O74893	100.000	118	118	118
Q03615	Q03615	100.000	305	305	305
Q03615	Q99LB0	25.700	264	305	328
Q18264	Q18264	100.000	1831	1831	1831
Q18264	O70472	28.600	1097	1831	1877
Q18264	Q9V7H4	23.100	1131	1831	1567
Q9D1G0	Q9D1G0	100.000	278	278	278
Q9P032	Q9P032	100.000	175	175	175
Q9VGK7	Q9VGK7	100.000	1252	1252	1252
Q9VGK7	O59704	27.700	1263	1252	1253
Q9VGK7	Q9FNA4	24.000	1287	1252	1319
Q92361	Q92361	100.000	264	264	264
Q9BV81	Q9BV81	100.000	110	110	110
Q9D3W1	Q9D3W1	100.000	341	341	341
Q9D3W1	Q9H173	29.400	156	341	461
Q9LF50	Q9LF50	100.000	415	415	415
Q9SU92	Q9SU92	100.000	245	245	245
P26375	P26375	100.000	494	494	494
P45819	P45819	100.000	413	413	413
Q10195	Q10195	100.000	178	178	178
Q10D38	Q10D38	100.000	384	384	384
Q10D38	Q9HD23	28.400	323	384	443
Q10D38	Q01926	24.900	301	384	470
Q1RN00	Q1RN00	100.000	199	199	199
P53217	P53217	100.000	278	278	278
Q02786	Q02786	100.000	101	101	101
Q08984	Q08984	100.000	517	517	517
P0DO23	P0DO23	100.000	394	394	394
Q9DAE8	Q9DAE8	100.000	263	263	263
Q5RL73	Q5RL73	100.000	367	367	367
Q7Z6I5	Q7Z6I5	100.000	190	190	190
Q8BKT8	Q8BKT8	100.000	364	364	364
Q8WV07	Q8WV07	100.000	137	137	137
Q99296	Q99296	100.000	730	730	730
P84889	P84889	100.000	521	521	521
Q02864	Q02864	100.000	156	156	156
Q04753	Q04753	100.000	236	236	236
Q06479	Q06479	100.000	807	807	807
Q2KHR3	Q2KHR3	100.000	1735	1735	1735
Q2KHR3	E9PYL2	29.400	2071	1735	2035
P38881	P38881	100.000	321	321	321
P42845	P42845	100.000	420	420	420
P47181	P47181	100.000	346	346	346
P54514	P54514	100.000	131	131	131
P61518	P61518	100.000	220	220	220
Q2V4N5	Q2V4N5	100.000	78	78	78
P03145	P03145	100.000	328	328	328
Q96KT0	Q96KT0	100.000	104	104	104
Q9BT04	Q9BT04	100.000	418	418	418
Q9LV66	Q9LV66	100.000	166	166	166
Q99990	Q99990	100.000	258	258	258
Q9D0F1	Q9D0F1	100.000	642	642	642
Q9D0F1	Q10198	26.600	421	642	624
Q9D0F1	Q17635	28.000	331	642	590
Q9D0F1	Q5A216	22.800	332	642	788
Q9D0F1	Q9M1G5	21.100	530	642	568
Q9SZP8	Q9SZP8	100.000	452	452	452
Q9VIP8	Q9VIP8	100.000	367	367	367
Q9XZ06	Q9XZ06	100.000	823	823	823
Q9XZ06	P34077	20.300	858	823	839
Q9XZ06	F4J284	20.800	716	823	860
O59705	O59705	100.000	191	191	191
O74424	O74424	100.000	1837	1837	1837
O74424	F1MA98	23.200	1616	1837	2360
O74424	Q02455	23.600	1657	1837	1875
O74424	Q9UTK5	22.500	1530	1837	1727
O74424	P40457	22.900	947	1837	1679
O74424	A1Z8P9	21.900	1267	1837	2346
O74424	A4GSN8	22.700	1365	1837	2093
O74424	F4JZY1	22.400	1214	1837	1586
O74424	Q10411	22.700	848	1837	1957
O74424	Q11102	24.700	518	1837	1130
O74424	Q13439	22.400	1046	1837	2230
O74424	Q66GS9	22.100	615	1837	1140
O74424	Q9Z221	23.500	420	1837	971
O74424	Q08581	23.400	427	1837	821
P0A9S3	P0A9S3	100.000	346	346	346
P13981	P13981	100.000	418	418	418
P31111	P31111	100.000	875	875	875
Q68DN1	Q68DN1	100.000	1984	1984	1984
Q8BW94	Q8BW94	100.000	4083	4083	4083
Q8BW94	Q9JJ79	27.800	3377	4083	4306
Q8BW94	Q8IID4	23.100	4273	4083	5251
Q8BW94	Q0VDD8	25.500	3074	4083	3507
Q8BW94	P36022	24.400	2991	4083	4092
Q8BW94	O13290	23.000	3018	4083	4196
Q8BW94	Q96M86	20.000	3878	4083	4753
Q9C503	Q9C503	100.000	354	354	354
Q9D9M4	Q9D9M4	100.000	266	266	266
Q9H9K5	Q9H9K5	100.000	563	563	563
Q9H9K5	P60508	21.800	498	563	538
Q9H9K5	Q14264	23.600	199	563	604
P30177	P30177	100.000	320	320	320
P30177	P73617	22.600	216	320	348
P34656	P34656	100.000	453	453	453
P38960	P38960	100.000	494	494	494
P53061	P53061	100.000	704	704	704
P9WNH5	P9WNH5	100.000	291	291	291
P9WNH5	Q8R164	28.400	292	291	291
P9WNH5	P75736	21.400	270	291	254
P9WNH5	Q96I13	23.600	262	291	439
P9WNH5	Q9FFZ1	23.800	323	291	484
P83859	P83859	100.000	136	136	136
Q02732	Q02732	100.000	369	369	369
Q09808	Q09808	100.000	152	152	152
Q0WL69	Q0WL69	100.000	156	156	156
Q3E7A4	Q3E7A4	100.000	109	109	109
A8J6X7	A8J6X7	100.000	645	645	645
P41159	P41159	100.000	167	167	167
P41159	Q96M86	37.800	82	167	4753
Q10207	Q10207	100.000	584	584	584
Q9C9Z9	Q9C9Z9	100.000	533	533	533
O74843	O74843	100.000	257	257	257
Q9EQ28	Q9EQ28	100.000	462	462	462
Q9LRB0	Q9LRB0	100.000	763	763	763
O94308	O94308	100.000	422	422	422
O94308	P45432	27.100	361	422	441
O94308	Q9GS00	22.500	412	422	601
Q9C666	Q9C666	100.000	197	197	197
Q9M8Z8	Q9M8Z8	100.000	416	416	416
P0AF49	P0AF49	100.000	138	138	138
P19582	P19582	100.000	433	433	433
P32334	P32334	100.000	1306	1306	1306
P34643	P34643	100.000	1232	1232	1232
P34643	E9QAT4	26.000	453	1232	2357
P48016	P48016	100.000	1211	1211	1211
P48016	Q8BP56	28.400	464	1211	690
Q9FLL4	Q9FLL4	100.000	358	358	358
Q9HDB5	Q9HDB5	100.000	637	637	637
Q9P7Y0	Q9P7Y0	100.000	395	395	395
A1Z6H7	A1Z6H7	100.000	1876	1876	1876
A1Z6H7	Q9D2F7	23.200	1831	1876	1881
A1Z6H7	F4KHD8	19.100	1669	1876	1923
P11311	P11311	100.000	1627	1627	1627
Q59Y46	Q59Y46	100.000	758	758	758
Q59Y46	Q07684	21.000	309	758	458
Q6UW49	Q6UW49	100.000	350	350	350
Q80ZA7	Q80ZA7	100.000	238	238	238
Q86YH6	Q86YH6	100.000	399	399	399
Q8N8Z3	Q8N8Z3	100.000	221	221	221
P50531	P50531	100.000	606	606	606
P50531	Q9MBA3	24.800	362	606	599
P50531	P32641	25.300	280	606	659
P50531	Q9USQ1	21.700	294	606	960
P05923	P05923	100.000	81	81	81
P25049	P25049	100.000	214	214	214
Q96GX1	Q96GX1	100.000	697	697	697
Q9JKF7	Q9JKF7	100.000	336	336	336
P53983	P53983	100.000	676	676	676
P53983	P54074	26.400	608	676	624
Q02UB7	Q02UB7	100.000	367	367	367
Q04HY8	Q04HY8	100.000	290	290	290
Q08816	Q08816	100.000	343	343	343
Q3TGF2	Q3TGF2	100.000	131	131	131
P47129	P47129	100.000	309	309	309
P51882	P51882	100.000	491	491	491
P64149	P64149	100.000	269	269	269
Q02767	Q02767	100.000	242	242	242
Q06346	Q06346	100.000	221	221	221
Q9CY00	Q9CY00	100.000	664	664	664
Q9SKX1	Q9SKX1	100.000	156	156	156
Q9SKX1	O80482	26.000	150	156	207
Q9SKX1	Q9SUM5	29.000	100	156	158
Q9USQ4	Q9USQ4	100.000	396	396	396
Q9USQ4	Q17886	24.800	354	396	382
Q9USQ4	Q99MD9	26.000	173	396	773
A1KMI1	A1KMI1	100.000	183	183	183
A1KMI1	P0A7G2	31.100	109	183	133
B2RY50	B2RY50	100.000	1037	1037	1037
B2RY50	Q6P0K8	21.400	532	1037	745
B2RY50	E9Q912	21.900	356	1037	607
B2RY50	A3GG12	26.500	83	1037	1242
C5E006	C5E006	100.000	343	343	343
C5E006	P53159	29.800	379	343	387
O77389	O77389	100.000	309	309	309
O77389	P38750	26.500	249	309	627
P30647	P30647	100.000	374	374	374
P30647	Q9D668	25.200	234	374	407
P30647	Q497K5	21.600	309	374	325
P47065	P47065	100.000	347	347	347
Q39214	Q39214	100.000	926	926	926
Q39214	Q9FW44	26.500	332	926	787
Q39214	Q9FHI7	25.100	235	926	354
Q42534	Q42534	100.000	587	587	587
Q9GZY1	Q9GZY1	100.000	135	135	135
Q9LVG8	Q9LVG8	100.000	374	374	374
Q9LVG8	Q9ZUH0	22.800	345	374	374
C0H440	C0H440	100.000	203	203	203
L0R819	L0R819	100.000	96	96	96
Q02630	Q02630	100.000	1113	1113	1113
Q02630	Q8LLD0	26.500	143	1113	1046
Q59P96	Q59P96	100.000	275	275	275
Q59P96	O13827	25.200	273	275	246
Q59P96	P43615	24.300	246	275	237
Q76PC4	Q76PC4	100.000	562	562	562
Q9FN48	Q9FN48	100.000	387	387	387
Q9FN48	Q9M158	27.500	167	387	466
Q9VRQ7	Q9VRQ7	100.000	525	525	525
Q9VRQ7	P24482	25.200	519	525	689
O14773	O14773	100.000	563	563	563
P38848	P38848	100.000	579	579	579
P38848	Q03370	25.300	415	579	554
P55986	P55986	100.000	262	262	262
P55986	Q83LF6	26.200	194	262	217
P72761	P72761	100.000	103	103	103
P79005	P79005	100.000	663	663	663
Q8Y680	Q8Y680	100.000	291	291	291
Q96IU2	Q96IU2	100.000	234	234	234
Q96Q45	Q96Q45	100.000	408	408	408
Q9C1W6	Q9C1W6	100.000	395	395	395
Q9CZD0	Q9CZD0	100.000	279	279	279
P25580	P25580	100.000	416	416	416
P37692	P37692	100.000	348	348	348
P40357	P40357	100.000	651	651	651
P47171	P47171	100.000	1648	1648	1648
P47171	P87315	22.400	992	1648	1630
Q04336	Q04336	100.000	1088	1088	1088
Q04336	O14255	29.500	193	1088	808
Q84TI3	Q84TI3	100.000	1162	1162	1162
Q96FA7	Q96FA7	100.000	236	236	236
Q96FA7	Q80WQ9	26.200	221	236	1168
Q9DAI6	Q9DAI6	100.000	1403	1403	1403
Q9DAI6	P53118	28.500	203	1403	685
O88177	O88177	100.000	359	359	359
O88177	Q04370	23.500	365	359	399
P47145	P47145	100.000	328	328	328
P47145	P0C1S9	25.700	214	328	668
P47145	Q3EBR6	28.000	175	328	529
Q2G2F3	Q2G2F3	100.000	167	167	167
Q3TRR0	Q3TRR0	100.000	646	646	646
Q5T681	Q5T681	100.000	223	223	223
Q5U5X8	Q5U5X8	100.000	452	452	452
Q6MG51	Q6MG51	100.000	293	293	293
Q9GZP8	Q9GZP8	100.000	106	106	106
Q9H204	Q9H204	100.000	178	178	178
Q9NX00	Q9NX00	100.000	188	188	188
Q9UUN3	Q9UUN3	100.000	230	230	230
Q9VV74	Q9VV74	100.000	226	226	226
P40043	P40043	100.000	161	161	161
P40858	P40858	100.000	161	161	161
P46669	P46669	100.000	326	326	326
P46669	Q78WZ7	27.400	124	326	330
P50275	P50275	100.000	885	885	885
P50275	Q9HDY1	26.600	398	885	731
P50275	Q99K43	24.600	207	885	603
P84102	P84102	100.000	59	59	59
Q8TCC7	Q8TCC7	100.000	542	542	542
Q8TCC7	Q10917	26.900	404	542	484
Q8TCC7	Q9C101	22.300	426	542	554
Q8TCC7	P0CE00	26.900	289	542	602
Q8TCC7	P43562	31.000	87	542	540
Q9D735	Q9D735	100.000	173	173	173
Q9DBT3	Q9DBT3	100.000	340	340	340
Q9P7B0	Q9P7B0	100.000	391	391	391
Q9Z0E0	Q9Z0E0	100.000	729	729	729
Q9SRH6	Q9SRH6	100.000	285	285	285
A1ZBW7	A1ZBW7	100.000	1469	1469	1469
A1ZBW7	Q80X08	21.700	1006	1469	1328
O60664	O60664	100.000	434	434	434
O60664	Q9VXY7	22.200	216	434	352
O60664	Q9VCI3	28.700	101	434	431
P01097	P01097	100.000	85	85	85
P05423	P05423	100.000	398	398	398
P05423	O74857	29.000	162	398	330
P9WMB5	P9WMB5	100.000	316	316	316
Q10414	Q10414	100.000	561	561	561
Q10414	O16216	28.800	582	561	533
Q10414	P53255	26.400	446	561	507
Q10414	Q8BG79	26.900	230	561	887
Q5BK07	Q5BK07	100.000	222	222	222
Q5SPX1	Q5SPX1	100.000	718	718	718
Q83PG4	Q83PG4	100.000	497	497	497
Q83PG4	Q03034	26.300	448	497	503
Q9D3H0	Q9D3H0	100.000	123	123	123
Q9DA17	Q9DA17	100.000	273	273	273
Q9LSB9	Q9LSB9	100.000	755	755	755
Q9LSB9	Q11102	22.900	279	755	1130
Q9P2X8	Q9P2X8	100.000	69	69	69
Q9SQU6	Q9SQU6	100.000	486	486	486
Q9SQU6	Q9LW84	25.200	372	486	642
Q9SQU6	Q9S7Q2	24.100	365	486	862
Q9SQU6	O82178	21.800	457	486	591
Q9SQU6	Q8RWS8	24.600	397	486	822
Q9SQU6	Q9LS88	25.000	416	486	842
Q9SQU6	Q9LR67	22.900	384	486	660
Q9SQU6	Q9FLD8	21.700	373	486	678
Q9SQU6	Q9FMF6	24.200	351	486	730
Q9SQU6	Q0WMY5	23.400	366	486	952
Q9SQU6	Q9SSR4	24.300	333	486	819
Q9SQU6	Q9SS81	21.500	338	486	687
Q9SQU6	Q9LS25	22.800	350	486	711
Q9SQU6	Q9LMY5	23.500	339	486	826
Q9SQU6	O49343	24.400	377	486	452
Q9SQU6	O80958	21.700	327	486	867
Q9SQU6	Q9LKU8	22.100	407	486	766
Q9SQU6	Q9MAG8	22.600	296	486	471
Q9SQU6	Q9ZUU3	20.400	366	486	757
Q9SQU6	Q9SVH3	21.100	360	486	727
Q9SQU6	Q0WLC6	20.600	305	486	1089
Q9SQU6	Q9FRS4	23.200	340	486	559
Q9SQU6	Q3EDA9	21.600	342	486	608
Q9SQU6	Q9SNB7	25.900	193	486	665
Q9SQU6	O81028	20.000	394	486	799
Q9SQU6	O23278	21.000	304	486	501
Q9SQU6	Q3ECH5	22.600	313	486	544
Q9SQU6	Q9LVA2	21.200	377	486	982
Q9SQU6	Q9SA76	19.600	386	486	1006
Q9SQU6	Q9LSK8	22.100	329	486	688
Q9SQU6	O49711	18.600	359	486	843
Q9SQU6	Q9ZUU7	19.200	260	486	462
Q9SQU6	Q9M3A8	17.900	339	486	629
Q9SQU6	P0C896	20.600	315	486	576
Q9SQU6	Q9M2C8	20.000	300	486	498
Q9SQU6	Q9FMU2	16.700	419	486	634
Q9SQU6	Q9SGQ6	20.900	344	486	773
Q9SQU6	Q9M4P3	18.900	211	486	656
Q9SQU6	B3H4P1	25.000	132	486	661
Q9SQU6	Q9FZD1	20.200	193	486	630
Q9SQU6	P32522	20.800	341	486	965
Q9SQU6	P48237	28.700	80	486	864
Q97I38	Q97I38	100.000	514	514	514
Q9ADK0	Q9ADK0	100.000	293	293	293
Q9CXY1	Q9CXY1	100.000	499	499	499
Q9LIH5	Q9LIH5	100.000	676	676	676
Q9PIB9	Q9PIB9	100.000	154	154	154
Q9PIB9	Q4JAJ2	25.800	147	154	158
P06535	P06535	100.000	192	192	192
P0ACB4	P0ACB4	100.000	181	181	181
P24073	P24073	100.000	378	378	378
P37690	P37690	100.000	419	419	419
P40518	P40518	100.000	154	154	154
P40518	O15511	28.400	116	154	151
O31541	O31541	100.000	167	167	167
O53353	O53353	100.000	89	89	89
O75363	O75363	100.000	584	584	584
P01588	P01588	100.000	193	193	193
P0A8U9	P0A8U9	100.000	105	105	105
Q63257	Q63257	100.000	801	801	801
Q63257	P26955	24.900	273	801	896
Q63257	P31785	27.600	235	801	369
Q63257	O70458	25.600	199	801	971
Q803T2	Q803T2	100.000	813	813	813
Q803T2	P53917	25.500	258	813	953
Q803T2	O13665	25.400	248	813	817
Q8NBZ0	Q8NBZ0	100.000	244	244	244
Q8R4T1	Q8R4T1	100.000	145	145	145
Q8TBZ0	Q8TBZ0	100.000	833	833	833
Q9D720	Q9D720	100.000	266	266	266
Q9D720	Q9VMA0	26.600	180	266	235
Q9D720	Q07913	25.900	185	266	336
Q9LTX4	Q9LTX4	100.000	824	824	824
Q9LTX4	Q940Y9	23.900	681	824	817
Q9UUH5	Q9UUH5	100.000	430	430	430
A1KKK9	A1KKK9	100.000	143	143	143
A4GTP4	A4GTP4	100.000	427	427	427
Q6ZPR5	Q6ZPR5	100.000	823	823	823
Q8BHI7	Q8BHI7	100.000	299	299	299
Q8IQ56	Q8IQ56	100.000	182	182	182
Q8N0W3	Q8N0W3	100.000	1084	1084	1084
Q8N0W3	Q9LNJ9	25.600	1081	1084	1055
Q96EX1	Q96EX1	100.000	92	92	92
Q7T312	Q7T312	100.000	207	207	207
Q83QQ8	Q83QQ8	100.000	668	668	668
Q8CIC2	Q8CIC2	100.000	420	420	420
Q8CIC2	O74315	26.900	182	420	475
Q8N5L8	Q8N5L8	100.000	163	163	163
Q8R0Z2	Q8R0Z2	100.000	598	598	598
Q9Z211	Q9Z211	100.000	246	246	246
Q9Z211	Q12462	24.700	238	246	236
Q9Z211	Q10333	23.900	234	246	238
Q9Z211	Q9STY0	20.900	234	246	227
P0DO92	P0DO92	100.000	83	83	83
P14327	P14327	100.000	104	104	104
P43615	P43615	100.000	237	237	237
P43615	Q59P96	24.300	246	237	275
Q9FM10	Q9FM10	100.000	240	240	240
Q9FM10	Q9BRV3	24.100	199	240	221
O96133	O96133	100.000	1979	1979	1979
O96133	O96133	100.000	1979	1979	1979
O96133	P32380	24.000	653	1979	944
O96133	O97237	27.800	374	1979	1139
O96133	Q09EF7	23.700	286	1979	1955
O96133	O77384	26.000	507	1979	3394
Q96500	Q96500	100.000	141	141	141
Q99LJ1	Q99LJ1	100.000	452	452	452
C0H3T5	C0H3T5	100.000	43	43	43
I6YHB0	I6YHB0	100.000	134	134	134
P32565	P32565	100.000	945	945	945
P32565	P87048	23.600	418	945	891
P39923	P39923	100.000	615	615	615
P39923	Q9WUE4	27.600	329	615	380
P56620	P56620	100.000	102	102	102
P61956	P61956	100.000	95	95	95
P61956	Q06340	28.100	71	95	456
P77172	P77172	100.000	747	747	747
Q12245	Q12245	100.000	148	148	148
P09258	P09258	100.000	354	354	354
Q9D9S2	Q9D9S2	100.000	230	230	230
Q9P2W6	Q9P2W6	100.000	132	132	132
Q9VLL3	Q9VLL3	100.000	753	753	753
P00830	P00830	100.000	511	511	511
P00830	P37808	25.800	425	511	502
P34692	P34692	100.000	422	422	422
P53298	P53298	100.000	406	406	406
P96718	P96718	100.000	440	440	440
Q09872	Q09872	100.000	977	977	977
Q09872	O13892	19.600	589	977	1076
Q08334	Q08334	100.000	325	325	325
Q08334	P17181	26.000	322	325	557
Q08334	P38484	25.700	330	325	337
Q08334	Q6UXL0	25.700	272	325	311
Q08334	P20352	25.800	271	325	294
Q3UF25	Q3UF25	100.000	288	288	288
Q5U462	Q5U462	100.000	833	833	833
Q8TBP5	Q8TBP5	100.000	190	190	190
Q8TBP5	Q3ZCQ3	34.600	101	190	159
Q8VE99	Q8VE99	100.000	180	180	180
P25863	P25863	100.000	128	128	128
P34619	P34619	100.000	1000	1000	1000
Q16534	Q16534	100.000	295	295	295
Q3E760	Q3E760	100.000	96	96	96
P09592	P09592	100.000	1254	1254	1254
O06974	O06974	100.000	317	317	317
P0C2L3	P0C2L3	100.000	166	166	166
P25924	P25924	100.000	457	457	457
P53980	P53980	100.000	444	444	444
Q01344	Q01344	100.000	420	420	420
Q01344	P26951	29.000	299	420	378
Q01344	P31785	23.600	241	420	369
Q01344	P26955	23.900	305	420	896
P56258	P56258	100.000	359	359	359
P9WJM3	P9WJM3	100.000	255	255	255
Q04299	Q04299	100.000	284	284	284
Q14116	Q14116	100.000	193	193	193
Q4KLH6	Q4KLH6	100.000	1403	1403	1403
Q9UX78	Q9UX78	100.000	183	183	183
Q9UX78	Q400C8	27.600	152	183	359
Q9VN27	Q9VN27	100.000	234	234	234
A7TSA8	A7TSA8	100.000	588	588	588
O82643	O82643	100.000	344	344	344
O82643	P32804	29.700	323	344	376
O82643	Q9LTH9	23.300	321	344	353
O82643	Q9BRY0	22.500	284	344	314
P31169	P31169	100.000	66	66	66
P40794	P40794	100.000	303	303	303
P48552	P48552	100.000	1158	1158	1158
P9WNR1	P9WNR1	100.000	470	470	470
Q0VG85	Q0VG85	100.000	912	912	912
Q62885	Q62885	100.000	240	240	240
Q03085	Q03085	100.000	281	281	281
Q07834	Q07834	100.000	825	825	825
Q6NXY1	Q6NXY1	100.000	996	996	996
Q9V818	Q9V818	100.000	511	511	511
Q0WQE7	Q0WQE7	100.000	617	617	617
Q0WQE7	Q68CZ6	20.900	630	617	603
Q0WQE7	F4JZY1	23.300	325	617	1586
P53289	P53289	100.000	263	263	263
P54730	P54730	100.000	416	416	416
Q02455	Q02455	100.000	1875	1875	1875
Q02455	P40457	29.300	1575	1875	1679
Q02455	F1MA98	23.100	1319	1875	2360
Q02455	O74424	22.900	1648	1875	1837
Q02455	Q9UTK5	23.500	1547	1875	1727
Q02455	A4GSN8	22.100	839	1875	2093
Q02455	O96133	22.300	831	1875	1979
Q02455	O96133	22.300	831	1875	1979
Q02455	P32380	22.900	624	1875	944
Q02455	Q8I659	24.200	755	1875	1383
Q02455	Q13439	20.900	1036	1875	2230
Q4JAJ2	Q4JAJ2	100.000	158	158	158
Q4JAJ2	Q9PIB9	28.400	123	158	154
Q5JSQ8	Q5JSQ8	100.000	128	128	128
P93009	P93009	100.000	182	182	182
Q04748	Q04748	100.000	898	898	898
Q3E7Z7	Q3E7Z7	100.000	40	40	40
Q3U481	Q3U481	100.000	476	476	476
Q9C9Z2	Q9C9Z2	100.000	337	337	337
Q9C9Z2	Q9SIY5	27.900	236	337	735
Q03899	Q03899	100.000	556	556	556
Q03899	P47005	23.300	612	556	663
Q4FZG8	Q4FZG8	100.000	168	168	168
Q96HA4	Q96HA4	100.000	380	380	380
Q9CPZ3	Q9CPZ3	100.000	230	230	230
Q9FK81	Q9FK81	100.000	111	111	111
Q8BI84	Q8BI84	100.000	1930	1930	1930
Q8BI84	Q96RT6	28.100	508	1930	745
Q8BI84	Q9VMA7	24.800	326	1930	1430
Q9NX61	Q9NX61	100.000	479	479	479
Q9Z0L8	Q9Z0L8	100.000	317	317	317
P19256	P19256	100.000	250	250	250
P19256	P18181	28.200	131	250	240
Q9C117	Q9C117	100.000	211	211	211
P53094	P53094	100.000	1487	1487	1487
P53094	Q5ADT1	26.500	1166	1487	1383
P53094	Q6PID8	31.300	115	1487	442
Q61112	Q61112	100.000	361	361	361
Q61112	O35783	26.800	291	361	315
Q8N7U9	Q8N7U9	100.000	141	141	141
Q961C9	Q961C9	100.000	277	277	277
Q961C9	Q4KM98	28.500	263	277	218
Q9D964	Q9D964	100.000	423	423	423
P48565	P48565	100.000	533	533	533
P48565	Q59YK4	26.500	455	533	529
P64455	P64455	100.000	77	77	77
P74572	P74572	100.000	267	267	267
P75818	P75818	100.000	171	171	171
P9WKV7	P9WKV7	100.000	348	348	348
Q9UDX5	Q9UDX5	100.000	166	166	166
Q9UST7	Q9UST7	100.000	1339	1339	1339
Q9UST7	P34111	23.700	434	1339	1160
P38790	P38790	100.000	280	280	280
Q12486	Q12486	100.000	218	218	218
Q12486	P77625	26.500	207	218	216
Q93WG3	Q93WG3	100.000	294	294	294
Q93WG3	Q9FN50	28.000	139	294	258
Q11069	Q11069	100.000	1203	1203	1203
Q9GZX6	Q9GZX6	100.000	179	179	179
Q9VIE6	Q9VIE6	100.000	776	776	776
Q9VIE6	O42709	27.800	176	776	593
Q9VIE6	P32354	24.100	153	776	571
P40451	P40451	100.000	204	204	204
Q06493	Q06493	100.000	454	454	454
Q01080	Q01080	100.000	415	415	415
Q01080	Q9GZS1	21.800	357	415	419
Q06315	Q06315	100.000	1026	1026	1026
Q06315	P47072	24.200	355	1026	561
Q13439	Q13439	100.000	2230	2230	2230
Q13439	O96133	21.800	861	2230	1979
Q13439	O96133	21.800	861	2230	1979
Q13439	F4JZY1	24.000	628	2230	1586
Q13439	Q02455	23.800	959	2230	1875
Q13439	Q10411	22.000	300	2230	1957
Q13439	Q9Z221	21.700	583	2230	971
Q13439	Q811U3	23.800	646	2230	948
Q3UQS2	Q3UQS2	100.000	128	128	128
Q42538	Q42538	100.000	312	312	312
Q94CL6	Q94CL6	100.000	474	474	474
Q9T075	Q9T075	100.000	388	388	388
Q9T075	Q12508	29.300	249	388	421
Q9T075	Q7L5Y9	23.300	244	388	396
O74312	O74312	100.000	702	702	702
O74312	Q7Z3C6	28.500	539	702	839
P53185	P53185	100.000	909	909	909
Q06683	Q06683	100.000	689	689	689
P59277	P59277	100.000	310	310	310
P59277	Q8VDS8	26.900	304	310	334
P87316	P87316	100.000	67	67	67
P87316	P21306	34.600	49	67	62
Q10041	Q10041	100.000	76	76	76
Q12144	Q12144	100.000	273	273	273
Q12144	Q12164	25.700	252	273	279
P68593	P68593	100.000	203	203	203
P87112	P87112	100.000	2100	2100	2100
P87112	Q6ZQ08	29.700	1577	2100	2375
P87112	P25655	26.900	1584	2100	2108
Q3V0Q6	Q3V0Q6	100.000	470	470	470
Q80UK8	Q80UK8	100.000	1198	1198	1198
Q9HAV4	Q9HAV4	100.000	1204	1204	1204
Q9HAV4	Q0WP44	21.900	1214	1204	1202
Q9HAV4	O14116	22.100	1041	1204	1234
Q9HAV4	P52918	21.900	1090	1204	1224
Q9HAV4	Q9TVM2	23.700	194	1204	1063
Q9HAV4	O43592	19.500	323	1204	962
O13652	O13652	100.000	840	840	840
O13652	Q12369	19.500	194	840	946
Q80X08	Q80X08	100.000	1328	1328	1328
Q80X08	A1ZBW7	24.700	178	1328	1469
Q8R3W5	Q8R3W5	100.000	168	168	168
Q922Q5	Q922Q5	100.000	369	369	369
Q922Q5	Q9VDD7	25.500	309	369	338
Q9BZS9	Q9BZS9	100.000	49	49	49
Q9CY45	Q9CY45	100.000	214	214	214
Q10327	Q10327	100.000	851	851	851
Q6RW13	Q6RW13	100.000	159	159	159
Q80X32	Q80X32	100.000	188	188	188
Q8BRG8	Q8BRG8	100.000	561	561	561
Q8X4P8	Q8X4P8	100.000	548	548	548
A4FVR1	A4FVR1	100.000	575	575	575
E2RYF7	E2RYF7	100.000	251	251	251
F4JRF5	F4JRF5	100.000	1131	1131	1131
P01064	P01064	100.000	83	83	83
P19516	P19516	100.000	300	300	300
Q06632	Q06632	100.000	1357	1357	1357
Q06632	O74733	25.600	1452	1357	1441
Q06632	Q9EPU4	21.200	1519	1357	1441
Q06632	Q9M0V3	20.500	312	1357	1088
Q6UXB1	Q6UXB1	100.000	125	125	125
Q7TNV1	Q7TNV1	100.000	275	275	275
Q86MD3	Q86MD3	100.000	509	509	509
Q8BWT5	Q8BWT5	100.000	1523	1523	1523
Q8BWT5	Q10250	25.400	1361	1523	1517
Q8BWT5	Q09773	21.700	1338	1523	1487
Q8BWT5	Q12275	20.000	782	1523	1648
Q8BWT5	O53580	23.900	567	1523	637
P01350	P01350	100.000	101	101	101
P0ADX1	P0ADX1	100.000	134	134	134
P27181	P27181	100.000	179	179	179
P27181	P56759	25.400	165	179	184
P27181	Q3K1J9	29.300	143	179	165
P27181	A4FN31	31.500	114	179	178
P37569	P37569	100.000	185	185	185
P53246	P53246	100.000	860	860	860
P53246	Q05934	27.700	875	860	901
A6NFE3	A6NFE3	100.000	127	127	127
A7TRH1	A7TRH1	100.000	152	152	152
C5H8J1	C5H8J1	100.000	551	551	551
O23342	O23342	100.000	177	177	177
O65572	O65572	100.000	538	538	538
O65572	P74334	26.900	489	538	490
O65572	Q99NF1	25.200	539	538	532
P53958	P53958	100.000	396	396	396
P71073	P71073	100.000	422	422	422
Q05934	Q05934	100.000	901	901	901
Q05934	P53246	26.800	864	901	860
Q6NUJ1	Q6NUJ1	100.000	521	521	521
Q6NUJ1	P07988	22.000	486	521	381
Q8IYW2	Q8IYW2	100.000	2715	2715	2715
Q8IYW2	A8ICS9	21.100	2916	2715	2784
A6X980	A6X980	100.000	120	120	120
D1KF50	D1KF50	100.000	1147	1147	1147
D1KF50	Q10213	25.500	741	1147	887
D1KF50	Q12039	21.300	690	1147	706
O94615	O94615	100.000	481	481	481
P23501	P23501	100.000	404	404	404
P23501	Q99P55	23.900	334	404	430
P56277	P56277	100.000	68	68	68
Q8N9Z2	Q8N9Z2	100.000	235	235	235
Q91439	Q91439	100.000	155	155	155
Q96MU5	Q96MU5	100.000	243	243	243
Q9JHZ2	Q9JHZ2	100.000	492	492	492
A8MZ25	A8MZ25	100.000	164	164	164
Q8NEF9	Q8NEF9	100.000	429	429	429
Q921R8	Q921R8	100.000	488	488	488
Q9H7M9	Q9H7M9	100.000	311	311	311
Q9T2L0	Q9T2L0	100.000	9	9	9
Q9UHN1	Q9UHN1	100.000	485	485	485
Q9LVF4	Q9LVF4	100.000	207	207	207
Q9NPG2	Q9NPG2	100.000	151	151	151
Q9NPG2	O24520	22.800	140	151	160
Q9SR32	Q9SR32	100.000	170	170	170
Q9UTR4	Q9UTR4	100.000	391	391	391
K9M1U5	K9M1U5	100.000	179	179	179
K9M1U5	Q8IZI9	28.400	165	179	196
A2RVJ8	A2RVJ8	100.000	434	434	434
O04209	O04209	100.000	258	258	258
O22227	O22227	100.000	297	297	297
O94302	O94302	100.000	527	527	527
O94302	Q96AA3	27.600	474	527	541
P15873	P15873	100.000	258	258	258
P15873	Q4JAI6	23.800	256	258	247
Q8N5C7	Q8N5C7	100.000	304	304	304
Q8VHF2	Q8VHF2	100.000	831	831	831
Q97WW9	Q97WW9	100.000	314	314	314
Q9D9K3	Q9D9K3	100.000	342	342	342
Q9JJR6	Q9JJR6	100.000	402	402	402
O42668	O42668	100.000	1039	1039	1039
O42668	Q62018	26.900	842	1039	1173
O42668	Q9UTK5	21.900	525	1039	1727
P20676	P20676	100.000	1076	1076	1076
P20676	P14907	31.300	481	1076	823
P20676	Q09904	26.500	663	1076	1159
P38210	P38210	100.000	180	180	180
P39781	P39781	100.000	278	278	278
P43652	P43652	100.000	599	599	599
P43652	P21614	22.400	436	599	476
Q8C804	Q8C804	100.000	860	860	860
Q8R4N0	Q8R4N0	100.000	338	338	338
Q96HR3	Q96HR3	100.000	178	178	178
Q9BSQ5	Q9BSQ5	100.000	444	444	444
Q9GS00	Q9GS00	100.000	601	601	601
Q9GS00	P45432	26.000	480	601	441
Q9GS00	O94308	22.000	463	601	422
Q9GS00	Q9LP45	25.400	102	601	419
Q9GS00	P61203	20.900	105	601	443
Q9Y875	Q9Y875	100.000	489	489	489
E9PXX9	E9PXX9	100.000	648	648	648
O94722	O94722	100.000	289	289	289
O94722	Q06686	27.800	230	289	241
P07789	P07789	100.000	380	380	380
P0AG40	P0AG40	100.000	313	313	313
P0AG40	Q9FMW8	27.100	247	313	354
P0AG40	O74866	31.100	122	313	163
P24205	P24205	100.000	323	323	323
P53725	P53725	100.000	186	186	186
P70326	P70326	100.000	518	518	518
Q15011	Q15011	100.000	391	391	391
Q6PJ21	Q6PJ21	100.000	355	355	355
P38065	P38065	100.000	1025	1025	1025
P38065	Q80V94	21.700	584	1025	1122
P38065	Q9UTL8	21.800	571	1025	825
P51024	P51024	100.000	179	179	179
P53277	P53277	100.000	215	215	215
P53951	P53951	100.000	403	403	403
P53951	Q9VJD3	29.300	126	403	751
P59913	P59913	100.000	357	357	357
Q96Q80	Q96Q80	100.000	235	235	235
Q96Q80	Q12743	22.500	191	235	341
Q9EQC1	Q9EQC1	100.000	369	369	369
Q9EQC1	Q9LH76	29.000	193	369	664
Q9H1M0	Q9H1M0	100.000	184	184	184
Q9H1M0	P14907	30.400	82	184	823
Q9LW22	Q9LW22	100.000	133	133	133
Q9M9H3	Q9M9H3	100.000	177	177	177
P75187	P75187	100.000	225	225	225
P75187	P0A9K7	27.000	181	225	241
P9WF45	P9WF45	100.000	327	327	327
P9WF45	Q8Y4H0	25.900	316	327	323
Q02054	Q02054	100.000	86	86	86
Q02054	P12784	32.800	64	86	70
Q03653	Q03653	100.000	782	782	782
Q03653	Q2KG01	25.000	483	782	1196
Q03653	O59817	25.500	461	782	798
Q08492	Q08492	100.000	214	214	214
P27999	P27999	100.000	122	122	122
P30232	P30232	100.000	51	51	51
P32607	P32607	100.000	177	177	177
P32607	P20824	28.700	108	177	801
P35736	P35736	100.000	922	922	922
P35736	Q05050	29.900	645	922	843
P38801	P38801	100.000	184	184	184
P21560	P21560	100.000	335	335	335
P38139	P38139	100.000	375	375	375
P38139	P87056	24.300	291	375	364
P40462	P40462	100.000	946	946	946
P40462	A6NEC2	26.300	418	946	478
P40462	P46557	20.900	281	946	781
P40462	Q8C176	22.200	220	946	1104
P82663	P82663	100.000	173	173	173
P9WNJ3	P9WNJ3	100.000	94	94	94
Q5HIF2	Q5HIF2	100.000	153	153	153
Q63342	Q63342	100.000	857	857	857
Q63342	A6TDR7	27.200	349	857	364
Q63342	Q9D826	22.400	397	857	390
Q86UY6	Q86UY6	100.000	237	237	237
Q8BMK0	Q8BMK0	100.000	761	761	761
Q8N0U6	Q8N0U6	100.000	118	118	118
Q6PID8	Q6PID8	100.000	442	442	442
Q6PID8	O14248	25.300	296	442	1125
Q6PID8	Q8IID4	29.900	147	442	5251
Q6PID8	Q08979	22.200	238	442	651
Q6PID8	P53094	29.800	144	442	1487
Q6PID8	Q99PV3	27.300	128	442	735
Q9CQA6	Q9CQA6	100.000	118	118	118
Q9NPC3	Q9NPC3	100.000	277	277	277
A7THU5	A7THU5	100.000	763	763	763
Q058P6	Q058P6	100.000	447	447	447
Q9HBI5	Q9HBI5	100.000	128	128	128
Q9NQT6	Q9NQT6	100.000	498	498	498
Q9NQT6	O14926	28.000	496	498	492
Q9VIF5	Q9VIF5	100.000	981	981	981
C6KST8	C6KST8	100.000	358	358	358
C6KST8	Q9BRY0	24.300	325	358	314
O00253	O00253	100.000	132	132	132
A0A1B0GTZ2	A0A1B0GTZ2	100.000	297	297	297
B1AXV0	B1AXV0	100.000	293	293	293
O09014	O09014	100.000	572	572	572
O09014	Q93Z20	28.600	575	572	590
O09014	A6NIM6	26.300	542	572	579
O09014	P32901	23.900	517	572	601
O09014	O80436	21.600	430	572	521
O34968	O34968	100.000	331	331	331
P00430	P00430	100.000	63	63	63
C6KI89	C6KI89	100.000	1145	1145	1145
Q01284	Q01284	100.000	378	378	378
Q01284	Q5HHG4	27.700	234	378	355
Q01284	P47177	27.300	146	378	404
Q0P3J8	Q0P3J8	100.000	31	31	31
Q10060	Q10060	100.000	151	151	151
Q1H5D2	Q1H5D2	100.000	178	178	178
Q9BXU2	Q9BXU2	100.000	312	312	312
Q9D2U5	Q9D2U5	100.000	125	125	125
Q9DC60	Q9DC60	100.000	336	336	336
Q9JM76	Q9JM76	100.000	178	178	178
Q9STF2	Q9STF2	100.000	510	510	510
Q8CJF7	Q8CJF7	100.000	2243	2243	2243
Q8CJF7	Q9VWE6	24.100	903	2243	2111
Q8CJF7	Q18508	19.800	746	2243	1784
Q9NY56	Q9NY56	100.000	170	170	170
Q9NY56	P06911	26.700	172	170	188
Q9NY56	P41222	19.300	155	170	190
Q9NY56	P09466	22.300	143	170	180
Q9NY56	O08976	21.100	170	170	174
Q9NY56	Q6ZST4	27.700	108	170	164
Q9NY56	Q8WX39	24.600	130	170	176
Q9Y5N5	Q9Y5N5	100.000	214	214	214
O15079	O15079	100.000	494	494	494
P12689	P12689	100.000	985	985	985
P12689	Q8PGJ4	27.300	249	985	359
Q6P1K8	Q6P1K8	100.000	395	395	395
Q7K556	Q7K556	100.000	475	475	475
Q8C4M7	Q8C4M7	100.000	410	410	410
Q8GWI5	Q8GWI5	100.000	257	257	257
Q8K1J5	Q8K1J5	100.000	448	448	448
Q9WTZ0	Q9WTZ0	100.000	157	157	157
Q9WTZ0	Q9WTZ0	100.000	157	157	157
Q9WTZ0	P43573	27.100	92	157	796
Q9Z0M9	Q9Z0M9	100.000	193	193	193
C9JC47	C9JC47	100.000	383	383	383
O14990	O14990	100.000	202	202	202
O32104	O32104	100.000	200	200	200
Q06568	Q06568	100.000	189	189	189
Q08949	Q08949	100.000	612	612	612
Q3UJV1	Q3UJV1	100.000	511	511	511
Q505I5	Q505I5	100.000	245	245	245
Q562D6	Q562D6	100.000	431	431	431
O32165	O32165	100.000	437	437	437
O32165	O32162	27.500	421	437	465
O32165	Q55792	25.800	306	437	453
O88324	O88324	100.000	196	196	196
O95139	O95139	100.000	128	128	128
P06779	P06779	100.000	565	565	565
P06779	P24814	20.100	278	565	1151
P06779	Q9SDA8	26.300	258	565	656
P06779	Q09299	24.100	273	565	738
P22434	P22434	100.000	369	369	369
Q64602	Q64602	100.000	425	425	425
Q64602	P38840	28.400	394	425	513
Q64602	Q9C969	24.700	359	425	394
Q64602	Q9SAR0	24.800	366	425	495
Q8K4M5	Q8K4M5	100.000	188	188	188
Q8VD58	Q8VD58	100.000	444	444	444
Q9BY32	Q9BY32	100.000	194	194	194
Q9MB58	Q9MB58	100.000	744	744	744
P34397	P34397	100.000	362	362	362
P35180	P35180	100.000	183	183	183
P35180	A6H7B1	27.300	139	183	145
P38190	P38190	100.000	124	124	124
P38281	P38281	100.000	316	316	316
P47018	P47018	100.000	478	478	478
P47018	O94548	24.100	348	478	455
Q59X49	Q59X49	100.000	212	212	212
Q5BU09	Q5BU09	100.000	281	281	281
Q5M9G5	Q5M9G5	100.000	277	277	277
Q6LA53	Q6LA53	100.000	346	346	346
Q6LA53	Q9D2V5	22.000	336	346	384
Q6ZPI3	Q6ZPI3	100.000	433	433	433
O42967	O42967	100.000	603	603	603
O74547	O74547	100.000	422	422	422
O74547	P47041	22.000	222	422	543
O95373	O95373	100.000	1038	1038	1038
O95373	P46970	25.800	1078	1038	1048
O95373	O13671	22.500	702	1038	967
O95373	Q9VGP4	19.300	917	1038	1018
O95373	P53067	23.700	164	1038	1004
P29746	P29746	100.000	442	442	442
P32335	P32335	100.000	436	436	436
Q86SQ7	Q86SQ7	100.000	713	713	713
Q86SQ7	Q96NL6	22.700	440	713	688
Q8H1F2	Q8H1F2	100.000	459	459	459
Q9LEX8	Q9LEX8	100.000	798	798	798
Q9Y6X2	Q9Y6X2	100.000	628	628	628
F4JU69	F4JU69	100.000	506	506	506
Q107X0	Q107X0	100.000	134	134	134
Q1LXC9	Q1LXC9	100.000	1017	1017	1017
Q9BT30	Q9BT30	100.000	221	221	221
Q9HD87	Q9HD87	100.000	102	102	102
Q9M3A8	Q9M3A8	100.000	629	629	629
Q9M3A8	Q9SS81	23.000	430	629	687
Q9M3A8	Q9LR67	24.100	401	629	660
Q9M3A8	Q9FMF6	22.400	423	629	730
Q9M3A8	Q9SSR4	25.600	358	629	819
Q9M3A8	O80958	20.600	451	629	867
Q9M3A8	Q9LMY5	22.800	412	629	826
Q9M3A8	Q9SAD9	23.600	394	629	517
Q9M3A8	Q8RWS8	23.500	428	629	822
Q9M3A8	Q9LKU8	24.100	381	629	766
Q9M3A8	Q9LW84	22.100	383	629	642
Q9M3A8	Q9FRS4	20.300	418	629	559
Q9M3A8	Q9MAG8	23.600	317	629	471
Q9M3A8	Q9FLD8	23.400	431	629	678
Q9M3A8	O81028	23.500	468	629	799
Q9M3A8	Q9S7Q2	21.200	358	629	862
Q9M3A8	Q0WMY5	20.900	362	629	952
Q9M3A8	Q9ZUU3	20.900	401	629	757
Q9M3A8	Q9SVH3	25.300	217	629	727
Q9M3A8	Q9LS88	22.200	395	629	842
Q9M3A8	Q9SA76	22.600	358	629	1006
Q9M3A8	Q9M4P3	21.600	415	629	656
Q9M3A8	Q0WLC6	20.800	322	629	1089
Q9M3A8	Q9ZUU7	21.700	340	629	462
Q9M3A8	Q9LS25	23.700	459	629	711
Q9M3A8	Q9LSK8	22.300	411	629	688
Q9M3A8	Q9SAK0	21.000	375	629	836
Q9M3A8	O82178	24.900	261	629	591
Q9M3A8	Q9LVA2	21.300	412	629	982
Q9M3A8	O49711	23.000	312	629	843
Q9M3A8	Q3ECH5	19.200	432	629	544
Q9M3A8	Q9SNB7	21.000	384	629	665
Q9M3A8	Q9FMU2	28.500	235	629	634
Q9M3A8	Q3EDA9	22.500	301	629	608
Q9M3A8	Q9SQU6	17.900	339	629	486
Q9M3A8	Q9M2C8	19.900	447	629	498
Q9M3A8	P0C896	23.400	196	629	576
Q9M3A8	O49343	22.200	333	629	452
Q9M3A8	Q9SA60	22.500	235	629	793
Q9M3A8	Q8LPF1	25.200	178	629	668
Q9M3A8	O23278	22.500	195	629	501
Q9M3A8	Q9SKU6	23.500	200	629	490
Q9M3A8	B3H4P1	21.000	176	629	661
Q9M3A8	Q9FZD1	22.500	142	629	630
Q9M3A8	Q9SGQ6	18.700	203	629	773
P35735	P35735	100.000	353	353	353
P35735	Q9Y7U1	23.800	285	353	328
P39976	P39976	100.000	496	496	496
P39976	Q7TNG8	24.800	443	496	484
P39976	Q9EQR2	27.600	181	496	644
P50078	P50078	100.000	622	622	622
P57678	P57678	100.000	1058	1058	1058
Q12504	Q12504	100.000	494	494	494
Q12504	Q9P6L2	28.400	338	494	468
Q12504	Q8TBK2	27.600	286	494	473
Q12504	Q86TU7	20.500	258	494	594
Q09877	Q09877	100.000	472	472	472
Q15428	Q15428	100.000	464	464	464
Q15428	Q07350	28.100	259	464	266
Q2V2P7	Q2V2P7	100.000	80	80	80
Q3E7Z3	Q3E7Z3	100.000	45	45	45
Q3TAP4	Q3TAP4	100.000	876	876	876
Q10339	Q10339	100.000	615	615	615
Q59R32	Q59R32	100.000	326	326	326
Q5U1Z7	Q5U1Z7	100.000	176	176	176
Q60945	Q60945	100.000	107	107	107
Q6PG16	Q6PG16	100.000	667	667	667
O42958	O42958	100.000	754	754	754
O42958	C9JE40	26.300	258	754	543
P32858	P32858	100.000	118	118	118
P38343	P38343	100.000	150	150	150
P46313	P46313	100.000	383	383	383
Q1W209	Q1W209	100.000	222	222	222
Q9W138	Q9W138	100.000	302	302	302
O14202	O14202	100.000	135	135	135
O22802	O22802	100.000	97	97	97
O94661	O94661	100.000	373	373	373
O94661	P43570	27.300	326	373	497
P38734	P38734	100.000	546	546	546
P38734	Q9C5D6	21.900	392	546	569
Q10095	Q10095	100.000	131	131	131
Q12168	Q12168	100.000	779	779	779
Q9SIM9	Q9SIM9	100.000	693	693	693
Q9SIM9	Q9QZN1	23.200	215	693	701
F2Z6F6	F2Z6F6	100.000	332	332	332
O14240	O14240	100.000	138	138	138
Q9JIH2	Q9JIH2	100.000	466	466	466
Q9P2K1	Q9P2K1	100.000	1620	1620	1620
Q9P2K1	Q8TAP6	22.100	357	1620	659
O80874	O80874	100.000	508	508	508
O80874	Q9BRQ8	23.600	182	508	373
P92550	P92550	100.000	294	294	294
Q08683	Q08683	100.000	685	685	685
Q08683	Q9P4W7	21.500	493	685	744
Q8BVG8	Q8BVG8	100.000	206	206	206
Q8CB59	Q8CB59	100.000	589	589	589
Q8RWS8	Q8RWS8	100.000	822	822	822
Q8RWS8	Q9S7Q2	26.600	605	822	862
Q8RWS8	Q9FMF6	27.000	518	822	730
Q8RWS8	Q9LS88	22.900	724	822	842
Q8RWS8	Q9FLD8	25.300	572	822	678
Q8RWS8	Q9SS81	22.500	586	822	687
Q8RWS8	Q0WMY5	22.200	585	822	952
Q8RWS8	Q9LMY5	24.000	587	822	826
Q8RWS8	Q9LW84	23.700	597	822	642
Q8RWS8	O82178	24.700	529	822	591
Q8RWS8	O80958	22.500	684	822	867
Q8RWS8	Q9LKU8	23.800	611	822	766
Q8RWS8	Q9SSR4	24.300	502	822	819
Q8RWS8	Q9LR67	21.700	589	822	660
Q8RWS8	Q9FRS4	22.500	493	822	559
Q8RWS8	O81028	22.100	609	822	799
Q8RWS8	Q9ZUU3	21.700	725	822	757
Q8RWS8	Q9LVA2	20.400	698	822	982
Q8RWS8	Q0WLC6	23.400	478	822	1089
Q8RWS8	Q9SAD9	21.200	531	822	517
Q8RWS8	Q9SAK0	23.600	423	822	836
Q8RWS8	Q9LS25	23.200	349	822	711
Q8RWS8	Q9M3A8	22.900	535	822	629
Q8RWS8	Q9SQU6	24.600	397	822	486
Q8RWS8	Q3ECH5	20.100	466	822	544
Q8RWS8	Q9SNB7	20.500	594	822	665
Q8RWS8	Q9MAG8	23.100	359	822	471
Q8RWS8	Q9SVH3	20.500	515	822	727
Q8RWS8	Q9M4P3	24.300	411	822	656
Q8RWS8	Q3EDA9	22.800	420	822	608
Q8RWS8	Q9LSK8	23.300	372	822	688
Q8RWS8	P0C896	23.100	341	822	576
Q8RWS8	Q9SA76	22.000	459	822	1006
Q8RWS8	Q9ZUU7	23.900	313	822	462
Q8RWS8	Q9M2C8	23.000	352	822	498
Q8RWS8	Q9FMU2	19.700	426	822	634
Q8RWS8	O49711	22.800	302	822	843
Q8RWS8	Q9SGQ6	21.700	432	822	773
Q8RWS8	Q9SA60	23.500	276	822	793
Q8RWS8	O49343	25.100	247	822	452
Q8RWS8	O23278	20.400	327	822	501
Q8RWS8	Q9FZD1	21.100	516	822	630
Q8RWS8	B3H4P1	19.300	460	822	661
Q8RWS8	Q9SKU6	23.000	381	822	490
Q8RWS8	A1Z9A8	27.100	140	822	652
Q8RWS8	P32522	18.600	391	822	965
Q8RWS8	P48237	25.000	132	822	864
Q8RWS8	Q8LPF1	22.100	285	822	668
A0PG75	A0PG75	100.000	271	271	271
A0PG75	P47140	23.100	203	271	327
F4KBW6	F4KBW6	100.000	1838	1838	1838
F4KBW6	Q8IQV9	24.900	341	1838	2090
O14251	O14251	100.000	1210	1210	1210
O14251	Q04183	20.600	1208	1210	1289
O14251	Q9FY61	21.800	755	1210	1186
P0A929	P0A929	100.000	294	294	294
P22749	P22749	100.000	145	145	145
P29539	P29539	100.000	1916	1916	1916
P29539	Q96UP3	22.000	218	1916	1400
P53038	P53038	100.000	688	688	688
P78333	P78333	100.000	572	572	572
P78333	Q9Y625	27.800	500	572	555
Q9FWS3	Q9FWS3	100.000	435	435	435
Q9FWS3	O74315	29.200	226	435	475
A6NJB7	A6NJB7	100.000	356	356	356
M0R2J8	M0R2J8	100.000	1783	1783	1783
P36127	P36127	100.000	104	104	104
P64463	P64463	100.000	67	67	67
P94417	P94417	100.000	454	454	454
Q15834	Q15834	100.000	202	202	202
Q29026	Q29026	100.000	140	140	140
Q3K1J9	Q3K1J9	100.000	165	165	165
Q3K1J9	P0ABA0	28.800	163	165	156
Q3K1J9	P27181	28.300	134	165	179
Q3K1J9	A4FN31	25.800	143	165	178
P38274	P38274	100.000	827	827	827
P58233	P58233	100.000	156	156	156
P72151	P72151	100.000	488	488	488
P72151	P02968	26.800	496	488	304
P83264	P83264	100.000	35	35	35
P93017	P93017	100.000	108	108	108
Q9QZM3	Q9QZM3	100.000	225	225	225
Q9SV04	Q9SV04	100.000	482	482	482
G5EBV6	G5EBV6	100.000	693	693	693
O55188	O55188	100.000	503	503	503
O75955	O75955	100.000	427	427	427
O75955	Q9LV90	30.100	83	427	479
P36224	P36224	100.000	373	373	373
P38228	P38228	100.000	572	572	572
P38228	P35469	20.000	488	572	545
P42933	P42933	100.000	373	373	373
P53135	P53135	100.000	668	668	668
P56394	P56394	100.000	63	63	63
P12945	P12945	100.000	854	854	854
P37782	P37782	100.000	296	296	296
P38927	P38927	100.000	245	245	245
P46947	P46947	100.000	266	266	266
P54558	P54558	100.000	52	52	52
P0ABK4	P0ABK4	100.000	379	379	379
P37194	P37194	100.000	188	188	188
P43583	P43583	100.000	2143	2143	2143
P43583	F4JC97	22.400	374	2143	1811
P43583	Q14997	22.500	492	2143	1843
Q8IID4	Q8IID4	100.000	5251	5251	5251
Q8IID4	Q8BW94	22.900	4131	5251	4083
Q8IID4	Q9JJ79	21.700	2736	5251	4306
Q8IID4	P36022	21.600	2870	5251	4092
Q8IID4	O13290	20.400	2821	5251	4196
Q8IID4	Q0VDD8	20.200	2315	5251	3507
Q8IID4	Q96M86	17.900	1117	5251	4753
Q8IID4	Q6PID8	32.900	94	5251	442
P0DJE0	P0DJE0	100.000	76	76	76
Q9N5K3	Q9N5K3	100.000	605	605	605
Q9P3W5	Q9P3W5	100.000	868	868	868
Q9P3W5	P53038	23.800	285	868	688
Q9P3W5	Q9Y4R8	23.300	308	868	837
O04035	O04035	100.000	281	281	281
O81242	O81242	100.000	355	355	355
P0C0X5	P0C0X5	100.000	554	554	554
Q9SRE5	Q9SRE5	100.000	431	431	431
Q9VVR0	Q9VVR0	100.000	169	169	169
G4N6P7	G4N6P7	100.000	428	428	428
P0DH85	P0DH85	100.000	555	555	555
O90299	O90299	100.000	114	114	114
P0C880	P0C880	100.000	135	135	135
P13231	P13231	100.000	118	118	118
P38871	P38871	100.000	571	571	571
P53933	P53933	100.000	587	587	587
Q2V3S7	Q2V3S7	100.000	85	85	85
O59679	O59679	100.000	525	525	525
O59679	Q11100	23.000	165	525	665
P0C7T4	P0C7T4	100.000	53	53	53
P18169	P18169	100.000	1208	1208	1208
Q94JZ8	Q94JZ8	100.000	468	468	468
Q9M1X2	Q9M1X2	100.000	279	279	279
Q9M1X2	A2XNF0	22.700	198	279	233
Q7K486	Q7K486	100.000	464	464	464
Q8IUI8	Q8IUI8	100.000	442	442	442
Q8IUI8	Q5VWK5	27.000	111	442	629
Q99M54	Q99M54	100.000	266	266	266
Q9D7H3	Q9D7H3	100.000	366	366	366
Q9D7H3	Q08096	23.300	356	366	367
Q9I7S8	Q9I7S8	100.000	429	429	429
Q3ZRW6	Q3ZRW6	100.000	464	464	464
Q3ZRW6	P05371	23.900	472	464	447
Q9D8B6	Q9D8B6	100.000	190	190	190
Q9VD73	Q9VD73	100.000	228	228	228
A8I9E8	A8I9E8	100.000	501	501	501
O49048	O49048	100.000	569	569	569
O49048	Q9SL48	22.200	588	569	627
O49048	Q07327	22.400	578	569	597
O49048	P30619	21.100	502	569	724
O49048	Q94KJ7	21.900	428	569	592
O49048	P20795	23.400	226	569	691
O43914	O43914	100.000	113	113	113
O54983	O54983	100.000	313	313	313
P0DI83	P0DI83	100.000	198	198	198
P15309	P15309	100.000	386	386	386
P15309	Q8BP40	25.800	402	386	418
P15309	Q8TE99	23.000	343	386	480
P38818	P38818	100.000	585	585	585
P01587	P01587	100.000	141	141	141
P0CAN9	P0CAN9	100.000	143	143	143
P14196	P14196	100.000	464	464	464
P20049	P20049	100.000	452	452	452
P20049	Q944B6	22.900	275	452	640
P92529	P92529	100.000	215	215	215
O74562	O74562	100.000	1073	1073	1073
O74562	Q9HE88	23.200	1008	1073	1111
O74562	P32855	19.200	1072	1073	1065
O74562	Q96A65	18.100	924	1073	974
P40102	P40102	100.000	141	141	141
P43490	P43490	100.000	491	491	491
P77510	P77510	100.000	552	552	552
P77510	D0ZV89	28.000	125	552	487
Q04013	Q04013	100.000	314	314	314
Q96LM5	Q96LM5	100.000	186	186	186
Q9D387	Q9D387	100.000	280	280	280
Q9D387	P11438	27.600	199	280	406
Q9FUH9	Q9FUH9	100.000	386	386	386
Q9LS88	Q9LS88	100.000	842	842	842
Q9LS88	Q9FLD8	23.800	608	842	678
Q9LS88	Q8RWS8	23.100	756	842	822
Q9LS88	Q9LW84	24.400	647	842	642
Q9LS88	Q9S7Q2	25.800	492	842	862
Q9LS88	Q9LKU8	26.000	614	842	766
Q9LS88	Q0WMY5	23.000	537	842	952
Q9LS88	Q9FMF6	25.600	499	842	730
Q9LS88	O82178	24.600	565	842	591
Q9LS88	O81028	26.000	472	842	799
Q9LS88	O80958	22.000	640	842	867
Q9LS88	Q9SS81	21.100	647	842	687
Q9LS88	Q9SAD9	24.900	349	842	517
Q9LS88	Q9SSR4	23.600	652	842	819
Q9LS88	Q9LMY5	22.000	604	842	826
Q9LS88	Q9LR67	24.500	408	842	660
Q9LS88	Q9LS25	22.800	402	842	711
Q9LS88	Q9LVA2	20.400	703	842	982
Q9LS88	Q9M4P3	23.200	486	842	656
Q9LS88	Q9SQU6	24.500	416	842	486
Q9LS88	Q9ZUU3	21.000	665	842	757
Q9LS88	Q9SVH3	20.500	629	842	727
Q9LS88	Q9FRS4	26.800	290	842	559
Q9LS88	Q3ECH5	23.000	394	842	544
Q9LS88	Q9SAK0	25.700	256	842	836
Q9LS88	Q0WLC6	24.200	375	842	1089
Q9LS88	Q9M3A8	22.300	399	842	629
Q9LS88	Q9MAG8	24.800	286	842	471
Q9LS88	Q9SNB7	23.300	450	842	665
Q9LS88	Q9LSK8	22.100	523	842	688
Q9LS88	Q3EDA9	20.700	371	842	608
Q9LS88	Q9SA76	21.900	282	842	1006
Q9LS88	Q9ZUU7	24.000	324	842	462
Q9LS88	P0C896	22.900	349	842	576
Q9LS88	O49343	19.700	359	842	452
Q9LS88	Q9SKU6	20.100	268	842	490
Q9LS88	Q9SA60	21.700	548	842	793
Q9LS88	O49711	21.100	288	842	843
Q9LS88	Q9M2C8	21.300	394	842	498
Q9LS88	O23278	24.000	166	842	501
Q9LS88	B3H4P1	20.400	474	842	661
Q9LS88	Q8LPF1	20.900	478	842	668
Q9LS88	Q9SGQ6	21.600	310	842	773
Q9LS88	Q9FZD1	21.000	470	842	630
B9EJV3	B9EJV3	100.000	1913	1913	1913
Q5W0B7	Q5W0B7	100.000	351	351	351
Q6RKB1	Q6RKB1	100.000	1174	1174	1174
Q6RKB1	P07702	22.300	676	1174	1392
Q6RKB1	O74419	27.200	363	1174	981
Q6RKB1	Q9LK39	22.400	642	1174	722
Q6RKB1	Q8XBV3	22.300	224	1174	536
Q6RKB1	A1ZAI5	23.800	357	1174	625
Q9CQ28	Q9CQ28	100.000	267	267	267
Q9D0R8	Q9D0R8	100.000	195	195	195
Q9D0R8	P38828	26.400	178	195	187
Q9EPM5	Q9EPM5	100.000	470	470	470
Q9STY0	Q9STY0	100.000	227	227	227
Q9STY0	Q10333	23.500	221	227	238
Q9STY0	Q9Z211	20.900	234	227	246
Q9STY0	Q9LQ73	25.100	227	227	235
A2RRY8	A2RRY8	100.000	269	269	269
O13824	O13824	100.000	1049	1049	1049
O13824	F4IUX6	25.800	1140	1049	1181
O13824	P38798	21.300	1153	1049	1089
O94522	O94522	100.000	390	390	390
P0A7F8	P0A7F8	100.000	264	264	264
Q8BQP9	Q8BQP9	100.000	257	257	257
Q8BQP9	Q6ZS82	28.300	106	257	235
Q8CD60	Q8CD60	100.000	292	292	292
Q8L4X4	Q8L4X4	100.000	452	452	452
Q8L4X4	Q9C6M2	28.000	453	452	440
Q8L4X4	Q39134	25.700	463	452	476
Q8L4X4	Q96247	24.700	456	452	485
Q8WY41	Q8WY41	100.000	292	292	292
Q95NH6	Q95NH6	100.000	241	241	241
Q8NEG7	Q8NEG7	100.000	585	585	585
Q96GC5	Q96GC5	100.000	212	212	212
Q9BV86	Q9BV86	100.000	223	223	223
Q9FKA5	Q9FKA5	100.000	381	381	381
Q9NRJ2	Q9NRJ2	100.000	163	163	163
Q9FJ78	Q9FJ78	100.000	339	339	339
Q9FJ78	O25526	28.000	132	339	527
Q9M0B8	Q9M0B8	100.000	373	373	373
Q9VSB9	Q9VSB9	100.000	376	376	376
B2CW77	B2CW77	100.000	178	178	178
O07021	O07021	100.000	479	479	479
B8Y7Y5	B8Y7Y5	100.000	144	144	144
F4IN69	F4IN69	100.000	1275	1275	1275
Q06667	Q06667	100.000	281	281	281
Q06667	Q9USK0	26.300	273	281	640
Q29PU4	Q29PU4	100.000	118	118	118
Q3TYV2	Q3TYV2	100.000	514	514	514
Q7TPE5	Q7TPE5	100.000	306	306	306
Q8BXC6	Q8BXC6	100.000	199	199	199
Q8C4Y3	Q8C4Y3	100.000	580	580	580
Q9CQX4	Q9CQX4	100.000	110	110	110
Q9D0J8	Q9D0J8	100.000	101	101	101
Q9CAF4	Q9CAF4	100.000	1309	1309	1309
Q9UU86	Q9UU86	100.000	682	682	682
O94693	O94693	100.000	408	408	408
O94693	Q9VKV5	23.600	296	408	319
P13686	P13686	100.000	325	325	325
P37330	P37330	100.000	723	723	723
P37330	Q10663	24.700	275	723	968
O94286	O94286	100.000	178	178	178
P17708	P17708	100.000	333	333	333
P58384	P58384	100.000	309	309	309
Q06096	Q06096	100.000	861	861	861
Q06096	Q95TN4	20.000	804	861	776
Q4JB45	Q4JB45	100.000	156	156	156
P38224	P38224	100.000	298	298	298
P39297	P39297	100.000	109	109	109
P40368	P40368	100.000	713	713	713
P40368	Q9P382	22.100	321	713	803
P61619	P61619	100.000	476	476	476
P61619	O25879	27.000	300	476	420
Q03213	Q03213	100.000	719	719	719
Q03213	P22148	39.100	97	719	382
A5YM72	A5YM72	100.000	827	827	827
O14216	O14216	100.000	337	337	337
O14216	P34252	27.200	121	337	453
O59868	O59868	100.000	899	899	899
O59868	P0ABB8	29.000	737	899	898
O59868	P23980	30.500	461	899	704
O59868	Q4VNC1	24.600	813	899	1196
O59868	Q9LK90	21.300	585	899	1189
P0AEU7	P0AEU7	100.000	161	161	161
P0C055	P0C055	100.000	137	137	137
P35838	P35838	100.000	398	398	398
P38969	P38969	100.000	423	423	423
P50089	P50089	100.000	785	785	785
P50089	Q99248	24.400	188	785	730
P57716	P57716	100.000	708	708	708
Q03758	Q03758	100.000	920	920	920
F4HVG8	F4HVG8	100.000	611	611	611
P22387	P22387	100.000	202	202	202
P93015	P93015	100.000	131	131	131
Q07648	Q07648	100.000	150	150	150
Q10LI6	Q10LI6	100.000	186	186	186
P39563	P39563	100.000	99	99	99
P85797	P85797	100.000	197	197	197
Q3U3S3	Q3U3S3	100.000	329	329	329
Q9BV87	Q9BV87	100.000	410	410	410
Q9US15	Q9US15	100.000	231	231	231
O74348	O74348	100.000	277	277	277
O94596	O94596	100.000	122	122	122
P10147	P10147	100.000	92	92	92
P22151	P22151	100.000	71	71	71
P38338	P38338	100.000	688	688	688
Q3EDG5	Q3EDG5	100.000	500	500	500
Q94K75	Q94K75	100.000	401	401	401
Q96RK1	Q96RK1	100.000	184	184	184
Q9CPV1	Q9CPV1	100.000	254	254	254
Q9FK14	Q9FK14	100.000	159	159	159
F4IDW9	F4IDW9	100.000	250	250	250
O13621	O13621	100.000	668	668	668
O13621	P38250	24.900	485	668	946
P42895	P42895	100.000	446	446	446
Q1H537	Q1H537	100.000	417	417	417
Q1H537	Q04304	23.100	225	417	227
P06437	P06437	100.000	904	904	904
P22148	P22148	100.000	382	382	382
P22148	Q03213	39.000	100	382	719
P22148	Q04461	25.000	108	382	462
P34479	P34479	100.000	460	460	460
P34479	Q8K4D3	26.700	452	460	475
P34479	Q9H598	20.000	274	460	525
P34479	Q5I012	22.900	287	460	1090
P34479	Q9LYM2	21.100	440	460	435
P39789	P39789	100.000	164	164	164
P52655	P52655	100.000	376	376	376
P59103	P59103	100.000	153	153	153
Q9D7G0	Q9D7G0	100.000	318	318	318
Q9JLN4	Q9JLN4	100.000	183	183	183
Q9NX46	Q9NX46	100.000	363	363	363
Q9USY4	Q9USY4	100.000	527	527	527
B6SGC5	B6SGC5	100.000	239	239	239
B6SGC5	Q9LS45	24.600	162	239	184
B6SGC5	B6SJQ0	27.600	177	239	428
C9J3V5	C9J3V5	100.000	150	150	150
O14108	O14108	100.000	569	569	569
O80562	O80562	100.000	227	227	227
P18139	P18139	100.000	551	551	551
P18139	P06726	25.800	321	551	559
P40917	P40917	100.000	295	295	295
Q6MZQ0	Q6MZQ0	100.000	368	368	368
Q7Z353	Q7Z353	100.000	690	690	690
Q8BVF4	Q8BVF4	100.000	654	654	654
Q8IU57	Q8IU57	100.000	520	520	520
Q8IU57	Q6UXL0	27.000	207	520	311
Q8R139	Q8R139	100.000	528	528	528
Q8R139	Q14542	26.000	468	528	456
Q8R139	Q9SR64	25.400	455	528	417
Q8R139	Q386F1	22.000	453	528	435
Q8R139	P31381	21.800	462	528	517
Q91VX9	Q91VX9	100.000	697	697	697
Q9DF50	Q9DF50	100.000	1285	1285	1285
Q9VR17	Q9VR17	100.000	363	363	363
Q9Y118	Q9Y118	100.000	431	431	431
Q9Y738	Q9Y738	100.000	259	259	259
P25158	P25158	100.000	606	606	606
P38151	P38151	100.000	413	413	413
P40159	P40159	100.000	199	199	199
P40576	P40576	100.000	216	216	216
P43570	P43570	100.000	497	497	497
P43570	O94661	27.100	320	497	373
Q96NZ9	Q96NZ9	100.000	151	151	151
Q9DCV6	Q9DCV6	100.000	510	510	510
A0A096LP01	A0A096LP01	100.000	95	95	95
A4D263	A4D263	100.000	438	438	438
O94704	O94704	100.000	168	168	168
P12032	P12032	100.000	205	205	205
P25524	P25524	100.000	427	427	427
P25524	P77554	24.100	402	427	460
P48582	P48582	100.000	844	844	844
P48582	Q5VW32	25.300	308	844	411
P48582	Q9UW12	24.800	310	844	785
Q04228	Q04228	100.000	584	584	584
Q18235	Q18235	100.000	244	244	244
Q9CX60	Q9CX60	100.000	105	105	105
Q9H6U6	Q9H6U6	100.000	928	928	928
Q9H6U6	Q9FH32	27.800	410	928	763
Q9H6U6	Q9CR39	28.100	103	928	344
O48782	O48782	100.000	282	282	282
P01143	P01143	100.000	187	187	187
P0DKJ8	P0DKJ8	100.000	755	755	755
P0DKJ8	Q15022	30.600	88	755	739
O13983	O13983	100.000	1063	1063	1063
P53060	P53060	100.000	241	241	241
Q08363	Q08363	100.000	44	44	44
Q09764	Q09764	100.000	958	958	958
Q9D9P2	Q9D9P2	100.000	237	237	237
P95879	P95879	100.000	369	369	369
Q10665	Q10665	100.000	754	754	754
Q6ZQK0	Q6ZQK0	100.000	1506	1506	1506
Q6ZQK0	Q95Y84	23.000	884	1506	1758
Q6ZQK0	Q9YHY6	27.700	126	1506	1364
Q6ZQK0	Q9U2M1	20.500	107	1506	1499
Q9DBX1	Q9DBX1	100.000	137	137	137
Q9ERR7	Q9ERR7	100.000	162	162	162
Q9GZV3	Q9GZV3	100.000	580	580	580
Q9GZV3	Q5SWY8	25.200	492	580	596
Q9GZV3	Q8N695	20.000	464	580	610
Q9XUB3	Q9XUB3	100.000	781	781	781
O23523	O23523	100.000	355	355	355
O59813	O59813	100.000	554	554	554
O59813	O60113	25.400	522	554	542
O59813	P19807	22.600	486	554	563
O59813	P36029	22.900	457	554	618
O59813	P0AA48	22.000	358	554	452
O82775	O82775	100.000	256	256	256
Q04048	Q04048	100.000	859	859	859
Q04048	Q99PK0	25.000	805	859	855
Q04048	Q12996	20.100	431	859	717
Q9C8R8	Q9C8R8	100.000	711	711	711
Q9C8R8	Q9LZA5	26.900	115	711	723
Q9Y6Y9	Q9Y6Y9	100.000	160	160	160
Q9Y6Y9	O95711	23.800	113	160	162
A5PLN9	A5PLN9	100.000	417	417	417
O05236	O05236	100.000	166	166	166
O96188	O96188	100.000	446	446	446
Q07325	Q07325	100.000	125	125	125
Q12286	Q12286	100.000	268	268	268
P03277	P03277	100.000	968	968	968
Q9SR52	Q9SR52	100.000	838	838	838
Q96IT6	Q96IT6	100.000	56	56	56
Q96M89	Q96M89	100.000	665	665	665
Q9W1F4	Q9W1F4	100.000	616	616	616
Q9W1F4	Q68FX7	28.900	625	616	682
Q9W1F4	F4K4J0	28.300	398	616	819
O44770	O44770	100.000	568	568	568
P53722	P53722	100.000	227	227	227
O00631	O00631	100.000	31	31	31
O13735	O13735	100.000	1385	1385	1385
O13735	P41697	27.100	446	1385	788
P18409	P18409	100.000	493	493	493
P49070	P49070	100.000	294	294	294
P53718	P53718	100.000	249	249	249
P0AB54	P0AB54	100.000	117	117	117
P32569	P32569	100.000	687	687	687
Q08622	Q08622	100.000	556	556	556
Q96MX6	Q96MX6	100.000	357	357	357
Q96MX6	Q3UKJ7	20.000	269	357	513
Q96MX6	Q12510	21.600	240	357	522
P53077	P53077	100.000	123	123	123
P53077	P00425	30.500	72	123	151
Q12191	Q12191	100.000	341	341	341
Q12515	Q12515	100.000	295	295	295
Q15431	Q15431	100.000	976	976	976
Q15431	O96133	25.800	429	976	1979
Q15431	O96133	25.800	429	976	1979
Q15431	Q13439	23.800	385	976	2230
Q4V8C8	Q4V8C8	100.000	531	531	531
Q4V8C8	Q9N5U5	29.100	539	531	517
Q4V8C8	Q06697	28.700	167	531	393
Q6NV74	Q6NV74	100.000	962	962	962
Q6NV74	E9Q0C6	29.000	320	962	1637
Q6NV74	Q9ULL0	27.300	271	962	1709
Q9ATY5	Q9ATY5	100.000	1479	1479	1479
Q9P771	Q9P771	100.000	703	703	703
Q9P771	P53835	26.000	587	703	661
Q9UUK0	Q9UUK0	100.000	190	190	190
Q9UUK0	Q06608	24.700	182	190	200
A1KL43	A1KL43	100.000	431	431	431
O08335	O08335	100.000	194	194	194
P53938	P53938	100.000	366	366	366
P54517	P54517	100.000	148	148	148
P9WLK1	P9WLK1	100.000	380	380	380
Q03942	Q03942	100.000	479	479	479
Q03942	P58467	21.500	422	479	439
Q03942	Q08961	24.700	214	479	583
Q03942	Q8TBK2	24.300	205	479	473
Q6P9U8	Q6P9U8	100.000	352	352	352
Q6P9U8	Q9UT48	29.300	334	352	357
Q02873	Q02873	100.000	248	248	248
Q3E9C3	Q3E9C3	100.000	472	472	472
Q3E9C3	Q944S1	22.700	436	472	581
Q3E9C3	P53166	23.900	392	472	561
Q9C642	Q9C642	100.000	219	219	219
Q9LTE1	Q9LTE1	100.000	126	126	126
Q9M0H6	Q9M0H6	100.000	431	431	431
Q8JZU6	Q8JZU6	100.000	231	231	231
Q8X8H0	Q8X8H0	100.000	210	210	210
Q9C0V9	Q9C0V9	100.000	187	187	187
Q9LSW8	Q9LSW8	100.000	251	251	251
Q9WUE4	Q9WUE4	100.000	380	380	380
Q9WUE4	P39923	27.600	329	380	615
P49442	P49442	100.000	396	396	396
P49442	Q9Z0S1	26.000	288	396	308
P70444	P70444	100.000	195	195	195
P80879	P80879	100.000	145	145	145
P80879	P0ABT2	19.500	138	145	167
P9WFD3	P9WFD3	100.000	268	268	268
Q02202	Q02202	100.000	377	377	377
Q93W28	Q93W28	100.000	337	337	337
Q96FA3	Q96FA3	100.000	418	418	418
Q9HB96	Q9HB96	100.000	536	536	536
Q9P127	Q9P127	100.000	313	313	313
Q9UT30	Q9UT30	100.000	297	297	297
Q9LFA5	Q9LFA5	100.000	156	156	156
Q9LSZ3	Q9LSZ3	100.000	211	211	211
Q9LSZ3	Q9C6I7	27.400	208	211	196
Q9M7I9	Q9M7I9	100.000	146	146	146
Q9NQM4	Q9NQM4	100.000	214	214	214
Q9QY66	Q9QY66	100.000	399	399	399
Q9U2D6	Q9U2D6	100.000	732	732	732
C4P6S0	C4P6S0	100.000	806	806	806
Q08AG7	Q08AG7	100.000	82	82	82
Q12308	Q12308	100.000	588	588	588
Q9SJI9	Q9SJI9	100.000	241	241	241
Q9R0M8	Q9R0M8	100.000	390	390	390
Q9R0M8	Q9BS91	24.500	359	390	424
Q9R0M8	Q9C5H6	26.400	314	390	405
Q9R0M8	Q9VMU8	25.700	315	390	388
Q9UTH0	Q9UTH0	100.000	1162	1162	1162
Q9UTH0	Q9P797	21.500	1039	1162	1142
Q9UTH0	P36161	20.800	1124	1162	1157
Q9UTH0	F1QNV4	24.600	308	1162	1136
Q9UTH0	Q9VCW3	21.300	469	1162	1200
O14032	O14032	100.000	174	174	174
O94262	O94262	100.000	251	251	251
O96160	O96160	100.000	1745	1745	1745
O96160	O96160	100.000	1745	1745	1745
Q961D9	Q961D9	100.000	1469	1469	1469
Q961D9	Q9D219	57.100	28	1469	1425
Q9HGL9	Q9HGL9	100.000	252	252	252
Q9NTK1	Q9NTK1	100.000	212	212	212
Q9QX75	Q9QX75	100.000	687	687	687
Q9VEX5	Q9VEX5	100.000	689	689	689
Q1HG60	Q1HG60	100.000	637	637	637
Q9LV01	Q9LV01	100.000	925	925	925
O74504	O74504	100.000	791	791	791
P32526	P32526	100.000	644	644	644
P50840	P50840	100.000	385	385	385
P50840	P97770	23.300	214	385	505
Q9N4E9	Q9N4E9	100.000	327	327	327
Q9N4E9	Q9Y7T1	26.200	354	327	323
Q9NVR7	Q9NVR7	100.000	557	557	557
Q9NVR7	Q8VCN9	24.200	132	557	341
A8IQE0	A8IQE0	100.000	894	894	894
A8IQE0	Q62036	26.900	446	894	1060
H0UI37	H0UI37	100.000	97	97	97
O14030	O14030	100.000	689	689	689
Q9XIN8	Q9XIN8	100.000	337	337	337
A6NGE7	A6NGE7	100.000	173	173	173
F8VPK0	F8VPK0	100.000	1563	1563	1563
F8VPK0	O94474	22.700	1368	1563	1389
F8VPK0	F4I3Z5	27.800	506	1563	1168
F8VPK0	Q62018	20.800	676	1563	1173
F8VPK0	Q6P3X3	26.500	158	1563	843
F8VPK0	Q23049	23.800	151	1563	506
P0C281	P0C281	100.000	818	818	818
P0C281	Q93WL3	28.200	131	818	238
P34241	P34241	100.000	1764	1764	1764
P53080	P53080	100.000	175	175	175
P60422	P60422	100.000	273	273	273
P9WKS5	P9WKS5	100.000	83	83	83
Q04603	Q04603	100.000	196	196	196
Q06340	Q06340	100.000	456	456	456
L0T905	L0T905	100.000	154	154	154
O14598	O14598	100.000	125	125	125
O22151	O22151	100.000	257	257	257
O22151	Q09835	24.000	129	257	182
O74338	O74338	100.000	700	700	700
P0AFJ1	P0AFJ1	100.000	111	111	111
Q8N4F0	Q8N4F0	100.000	458	458	458
Q8N4F0	Q8NFQ5	25.600	390	458	453
Q8N4F0	P18428	24.100	455	458	481
Q8R4A1	Q8R4A1	100.000	464	464	464
Q9CQ75	Q9CQ75	100.000	99	99	99
Q9EQ25	Q9EQ25	100.000	547	547	547
Q9EQ25	O74327	23.300	450	547	420
Q9EQ25	Q9LYM2	26.000	473	547	435
Q9EQ25	Q08AI6	23.000	429	547	406
Q9EQ25	Q5I012	21.300	435	547	1090
Q9EQ25	A6NNN8	24.400	184	547	435
Q9UJW9	Q9UJW9	100.000	196	196	196
Q8BFY0	Q8BFY0	100.000	135	135	135
Q8BP56	Q8BP56	100.000	690	690	690
Q8BP56	P48016	28.400	464	690	1211
Q8VI23	Q8VI23	100.000	705	705	705
Q96QD5	Q96QD5	100.000	511	511	511
Q96QD5	Q8WUY9	24.600	512	511	529
Q9CZQ6	Q9CZQ6	100.000	251	251	251
Q7Z4B0	Q7Z4B0	100.000	112	112	112
Q81WK7	Q81WK7	100.000	259	259	259
Q8F663	Q8F663	100.000	203	203	203
Q8VD04	Q8VD04	100.000	806	806	806
Q8VD04	Q5TZA2	27.600	427	806	2017
Q9DAG5	Q9DAG5	100.000	247	247	247
Q9DAG5	Q5TH74	39.300	66	247	334
P9WMH1	P9WMH1	100.000	230	230	230
Q04264	Q04264	100.000	1277	1277	1277
Q16533	Q16533	100.000	368	368	368
Q3UHB8	Q3UHB8	100.000	706	706	706
Q50314	Q50314	100.000	270	270	270
Q50314	P9WLT1	28.600	258	270	318
Q969K7	Q969K7	100.000	222	222	222
Q97ZF0	Q97ZF0	100.000	530	530	530
Q9CWY4	Q9CWY4	100.000	129	129	129
Q9GZS0	Q9GZS0	100.000	605	605	605
Q9GZS0	Q8IWG1	23.900	696	605	891
Q9GZS0	Q96EX3	26.700	352	605	536
Q9GZS0	Q0III3	24.300	341	605	612
Q9GZS0	P38262	22.300	246	605	535
Q9W1X4	Q9W1X4	100.000	1711	1711	1711
Q9W1X4	Q17602	23.800	411	1711	1390
Q9W1X4	Q09847	22.900	384	1711	1325
P18075	P18075	100.000	431	431	431
P53334	P53334	100.000	386	386	386
P53334	P33157	25.400	208	386	339
Q10301	Q10301	100.000	492	492	492
A0A0J1I1I3	A0A0J1I1I3	100.000	91	91	91
P16791	P16791	100.000	397	397	397
U4PLN7	U4PLN7	100.000	303	303	303
O43257	O43257	100.000	154	154	154
O43257	Q03433	47.000	34	154	280
P0C7V7	P0C7V7	100.000	166	166	166
P36144	P36144	100.000	274	274	274
P36144	Q8BVY0	25.300	213	274	452
P54390	P54390	100.000	179	179	179
P53159	P53159	100.000	387	387	387
P53159	C5E006	29.800	379	387	343
P71067	P71067	100.000	563	563	563
P9WFR1	P9WFR1	100.000	428	428	428
Q03722	Q03722	100.000	664	664	664
Q0VAF6	Q0VAF6	100.000	134	134	134
P03878	P03878	100.000	556	556	556
P03878	P03881	21.200	193	556	472
P32603	P32603	100.000	445	445	445
P32603	P38081	22.800	416	445	501
Q06891	Q06891	100.000	181	181	181
Q16769	Q16769	100.000	361	361	361
P0C6L3	P0C6L3	100.000	195	195	195
Q86X51	Q86X51	100.000	503	503	503
Q86X51	B1B0V2	43.000	79	503	589
Q8BYZ7	Q8BYZ7	100.000	720	720	720
Q8BYZ7	Q96FG2	28.800	163	720	381
Q8R000	Q8R000	100.000	340	340	340
Q8WUY1	Q8WUY1	100.000	208	208	208
Q95X44	Q95X44	100.000	226	226	226
C0HL64	C0HL64	100.000	105	105	105
C0HL64	C0HL64	100.000	105	105	105
E5FYH1	E5FYH1	100.000	1653	1653	1653
P28668	P28668	100.000	1714	1714	1714
P28668	Q4J9C4	23.800	382	1714	549
P58283	P58283	100.000	853	853	853
Q09307	Q09307	100.000	495	495	495
A3M0F4	A3M0F4	100.000	448	448	448
A3M0F4	Q9VIV3	22.200	324	448	405
A3M0F4	Q3U308	23.200	374	448	514
O14303	O14303	100.000	403	403	403
P90789	P90789	100.000	123	123	123
Q96VH4	Q96VH4	100.000	193	193	193
Q9H478	Q9H478	100.000	68	68	68
Q94KK5	Q94KK5	100.000	263	263	263
Q9LXT9	Q9LXT9	100.000	1955	1955	1955
P9WJX5	P9WJX5	100.000	419	419	419
Q08971	Q08971	100.000	146	146	146
Q4KM77	Q4KM77	100.000	340	340	340
Q8K4D3	Q8K4D3	100.000	475	475	475
Q8K4D3	P34479	26.800	425	475	460
Q8K4D3	Q9H598	23.700	269	475	525
Q8K4D3	O74327	22.500	382	475	420
Q8TDC0	Q8TDC0	100.000	251	251	251
Q92530	Q92530	100.000	271	271	271
Q92530	Q9V637	29.600	277	271	270
Q92530	Q9M330	28.200	262	271	302
Q99MD9	Q99MD9	100.000	773	773	773
Q99MD9	Q17886	28.000	250	773	382
Q99MD9	Q9I7K6	28.100	238	773	492
Q99MD9	Q9USQ4	26.100	168	773	396
Q9CX53	Q9CX53	100.000	166	166	166
Q09725	Q09725	100.000	1587	1587	1587
Q09725	Q04002	22.100	1254	1587	1493
Q09725	Q7PLI2	20.800	1151	1587	2077
Q09725	A5HEI1	20.800	756	1587	1846
Q6AY52	Q6AY52	100.000	200	200	200
Q6PJT7	Q6PJT7	100.000	736	736	736
Q8BJ51	Q8BJ51	100.000	449	449	449
Q8BJ51	Q9Y115	24.700	480	449	538
Q8IYK2	Q8IYK2	100.000	499	499	499
P33418	P33418	100.000	1100	1100	1100
P33418	O94258	25.000	1117	1100	978
P33418	O43592	19.500	1094	1100	962
Q9BZ68	Q9BZ68	100.000	369	369	369
Q9FN41	Q9FN41	100.000	507	507	507
Q9SRR0	Q9SRR0	100.000	304	304	304
Q9Y215	Q9Y215	100.000	455	455	455
Q8WW52	Q8WW52	100.000	585	585	585
Q9CWP8	Q9CWP8	100.000	107	107	107
Q9D9Z1	Q9D9Z1	100.000	312	312	312
Q9H9J2	Q9H9J2	100.000	332	332	332
Q9H9J2	O43042	20.500	209	332	326
Q9H9J2	P36516	20.000	224	332	390
Q9P086	Q9P086	100.000	117	117	117
P49107	P49107	100.000	171	171	171
Q8BNV1	Q8BNV1	100.000	613	613	613
Q8BNV1	P33753	27.600	206	613	639
C0SPB8	C0SPB8	100.000	177	177	177
O13585	O13585	100.000	888	888	888
P40489	P40489	100.000	647	647	647
P23644	P23644	100.000	387	387	387
P23644	Q9LHE5	25.000	336	387	309
Q09259	Q09259	100.000	1118	1118	1118
A6NN90	A6NN90	100.000	582	582	582
P03255	P03255	100.000	289	289	289
P0DPB4	P0DPB4	100.000	484	484	484
P0DPB4	P0DPB4	100.000	484	484	484
P03874	P03874	100.000	630	630	630
P83829	P83829	100.000	675	675	675
Q1PF33	Q1PF33	100.000	474	474	474
Q1PF33	Q01852	28.800	187	474	431
Q1PF33	O43615	25.200	238	474	452
Q92360	Q92360	100.000	498	498	498
Q9FUZ2	Q9FUZ2	100.000	273	273	273
O14468	O14468	100.000	76	76	76
O17862	O17862	100.000	284	284	284
P07255	P07255	100.000	59	59	59
P0A7R1	P0A7R1	100.000	149	149	149
P0AD24	P0AD24	100.000	75	75	75
Q15051	Q15051	100.000	598	598	598
Q4G0I0	Q4G0I0	100.000	132	132	132
Q52KF3	Q52KF3	100.000	598	598	598
Q5VUE5	Q5VUE5	100.000	145	145	145
Q68DL7	Q68DL7	100.000	685	685	685
Q8BJM3	Q8BJM3	100.000	775	775	775
Q8CCA0	Q8CCA0	100.000	292	292	292
Q8N271	Q8N271	100.000	834	834	834
Q8N271	O43490	26.500	772	834	865
Q8N271	P82295	17.600	750	834	1013
Q94AI4	Q94AI4	100.000	775	775	775
Q9BY43	Q9BY43	100.000	222	222	222
A0A1D8PN88	A0A1D8PN88	100.000	599	599	599
A0A1D8PN88	Q03770	24.300	582	599	852
A0A1D8PN88	Q9C5D6	23.600	440	599	569
P03871	P03871	100.000	373	373	373
P22102	P22102	100.000	1010	1010	1010
P9WF13	P9WF13	100.000	102	102	102
P9WF13	P9WF23	46.600	60	102	99
P9WHJ5	P9WHJ5	100.000	111	111	111
P59240	P59240	100.000	1425	1425	1425
Q08501	Q08501	100.000	608	608	608
Q08501	Q99062	24.400	209	608	836
Q08501	Q01344	25.700	260	608	420
Q08501	Q99665	23.800	222	608	862
Q08501	O70458	23.600	220	608	971
Q12440	Q12440	100.000	853	853	853
Q12440	Q9UJX6	23.200	663	853	822
Q12440	P34514	20.300	363	853	731
Q3UL97	Q3UL97	100.000	452	452	452
Q5I0E3	Q5I0E3	100.000	193	193	193
O75506	O75506	100.000	76	76	76
P06843	P06843	100.000	333	333	333
P0AEX9	P0AEX9	100.000	396	396	396
P38928	P38928	100.000	823	823	823
Q02G03	Q02G03	100.000	204	204	204
Q64697	Q64697	100.000	197	197	197
Q6AY92	Q6AY92	100.000	604	604	604
Q6AY92	Q8NCS7	25.900	655	604	719
Q83JY2	Q83JY2	100.000	253	253	253
Q8C4Q6	Q8C4Q6	100.000	305	305	305
Q8IYS8	Q8IYS8	100.000	172	172	172
Q9LTK0	Q9LTK0	100.000	191	191	191
Q9LTK0	P41818	27.800	147	191	229
Q9LTK0	O13771	51.700	29	191	310
Q9SKN7	Q9SKN7	100.000	154	154	154
Q9ZVL6	Q9ZVL6	100.000	285	285	285
A0A1D8PL26	A0A1D8PL26	100.000	529	529	529
A0A1D8PL26	Q568Y2	29.000	337	529	489
A0A1D8PL26	P40487	22.400	388	529	425
O00400	O00400	100.000	549	549	549
B0VL49	B0VL49	100.000	227	227	227
O14079	O14079	100.000	624	624	624
O35988	O35988	100.000	198	198	198
O74992	O74992	100.000	117	117	117
O94378	O94378	100.000	860	860	860
Q9NP55	Q9NP55	100.000	256	256	256
Q9NP55	Q61114	28.100	220	256	474
Q9NP55	Q9BQP9	25.300	221	256	254
Q9NP55	P07743	23.400	260	256	235
Q9NZI7	Q9NZI7	100.000	540	540	540
Q9VSF2	Q9VSF2	100.000	993	993	993
Q9VSF2	Q99K74	27.400	996	993	987
O81776	O81776	100.000	896	896	896
O81776	P39086	21.300	773	896	918
O81776	O15399	22.500	355	896	1336
O81776	Q9VW78	22.500	164	896	636
Q5XVG3	Q5XVG3	100.000	287	287	287
Q6WB97	Q6WB97	100.000	187	187	187
Q94K71	Q94K71	100.000	319	319	319
Q94K71	P71447	26.600	206	319	221
Q94K71	P77625	27.300	205	319	216
Q94K71	Q9LDD5	27.200	125	319	373
Q9CXV3	Q9CXV3	100.000	174	174	174
Q9H1Z8	Q9H1Z8	100.000	148	148	148
Q9LIB9	Q9LIB9	100.000	572	572	572
Q9LIB9	P00724	27.400	295	572	532
Q9W1I2	Q9W1I2	100.000	1215	1215	1215
Q94K78	Q94K78	100.000	57	57	57
Q96FM1	Q96FM1	100.000	320	320	320
Q9Y2G5	Q9Y2G5	100.000	429	429	429
O43301	O43301	100.000	675	675	675
Q8N614	Q8N614	100.000	296	296	296
Q8Y832	Q8Y832	100.000	236	236	236
Q8Y832	A4D126	29.200	239	236	451
Q8Y832	A1KPR8	25.900	235	236	231
Q8Y832	P37779	43.300	53	236	292
Q93442	Q93442	100.000	2862	2862	2862
Q93442	Q5SWW4	22.900	1384	2862	2171
Q93442	Q7KTX8	29.400	622	2862	2618
O74737	O74737	100.000	400	400	400
P59773	P59773	100.000	190	190	190
Q8NET4	Q8NET4	100.000	1388	1388	1388
Q9BSD3	Q9BSD3	100.000	238	238	238
Q9D8X1	Q9D8X1	100.000	272	272	272
Q9UJA5	Q9UJA5	100.000	497	497	497
Q9UJA5	Q5A6Q4	26.700	426	497	453
A2RU48	A2RU48	100.000	225	225	225
Q4W5H0	Q4W5H0	100.000	276	276	276
Q5XG99	Q5XG99	100.000	296	296	296
Q6P5C5	Q6P5C5	100.000	279	279	279
Q83PJ7	Q83PJ7	100.000	207	207	207
Q8C160	Q8C160	100.000	685	685	685
Q8C160	Q13421	28.900	560	685	630
Q8C160	Q8K561	23.300	373	685	1137
Q1A5X7	Q1A5X7	100.000	153	153	153
Q499Z3	Q499Z3	100.000	407	407	407
Q9FNA4	Q9FNA4	100.000	1319	1319	1319
Q9FNA4	O59704	27.400	1241	1319	1253
Q9FNA4	Q9VGK7	23.900	1286	1319	1252
O61708	O61708	100.000	712	712	712
O94905	O94905	100.000	339	339	339
Q04835	Q04835	100.000	414	414	414
Q04835	Q2M3R5	24.700	238	414	365
Q6PIX9	Q6PIX9	100.000	558	558	558
Q9BR11	Q9BR11	100.000	485	485	485
Q9BR11	Q8CFL8	27.300	511	485	695
O23278	O23278	100.000	501	501	501
O23278	Q9S7Q2	24.700	279	501	862
O23278	O82178	24.100	331	501	591
O23278	Q9SQU6	21.000	304	501	486
O23278	Q8RWS8	19.600	310	501	822
O23278	Q9FLD8	28.900	176	501	678
O23278	Q9FRS4	25.600	261	501	559
O23278	Q9LR67	29.100	189	501	660
O23278	Q3EDA9	26.500	177	501	608
O23278	O80958	25.100	223	501	867
O23278	Q9LW84	25.500	141	501	642
O23278	Q9SAK0	23.400	213	501	836
O23278	Q9FMU2	23.100	186	501	634
O23278	Q0WMY5	19.600	316	501	952
O23278	P0C896	20.700	308	501	576
O23278	Q9SSR4	36.900	84	501	819
O23278	Q9LS25	21.400	214	501	711
O23278	Q9MAG8	26.500	143	501	471
O23278	O49343	23.900	163	501	452
O23278	Q9LVA2	18.700	187	501	982
O23278	Q3ECH5	25.000	160	501	544
O23278	Q9M3A8	22.300	215	501	629
O23278	Q9ZUU3	21.500	167	501	757
O23278	Q9SKU6	21.700	271	501	490
O23278	Q9ZUU7	25.000	112	501	462
O23278	Q8LPF1	23.200	112	501	668
O23278	Q9M2C8	21.100	151	501	498
O23278	Q9SA60	22.000	172	501	793
O23278	Q9LSK8	24.500	118	501	688
Q9C0Y7	Q9C0Y7	100.000	300	300	300
P17423	P17423	100.000	357	357	357
P17423	Q97W70	26.200	335	357	311
P36116	P36116	100.000	164	164	164
P38263	P38263	100.000	362	362	362
P38263	Q9CPY6	28.900	228	362	217
P50106	P50106	100.000	137	137	137
P53326	P53326	100.000	701	701	701
P39717	P39717	100.000	880	880	880
Q04693	Q04693	100.000	1361	1361	1361
Q04693	Q15393	24.800	1382	1361	1217
Q04693	Q9M0V3	19.800	830	1361	1088
Q27535	Q27535	100.000	360	360	360
Q4JB24	Q4JB24	100.000	242	242	242
Q4JB24	P22141	24.400	188	242	198
Q5BJT0	Q5BJT0	100.000	271	271	271
Q8MSY4	Q8MSY4	100.000	740	740	740
Q8MSY4	O01839	25.400	734	740	700
Q8MSY4	Q0WQ75	26.700	744	740	780
Q8MSY4	F4HWE6	23.400	222	740	1090
Q95Y84	Q95Y84	100.000	1758	1758	1758
Q95Y84	Q6ZQK0	22.600	867	1758	1506
Q9VS48	Q9VS48	100.000	1145	1145	1145
H6TFZ4	H6TFZ4	100.000	855	855	855
H6TFZ4	B7F7B9	27.200	547	855	963
P32962	P32962	100.000	339	339	339
P32962	Q9NQR4	26.900	289	339	276
Q9AS36	Q9AS36	100.000	427	427	427
Q9CAX1	Q9CAX1	100.000	427	427	427
Q9LHD9	Q9LHD9	100.000	374	374	374
Q9M0V3	Q9M0V3	100.000	1088	1088	1088
Q9M0V3	Q15393	22.600	1242	1088	1217
Q9M0V3	Q9EPU4	19.200	1436	1088	1441
Q9M0V3	O74733	19.200	1350	1088	1441
Q9M0V3	Q04693	19.800	918	1088	1361
Q9M0V3	Q06632	20.700	314	1088	1357
P01160	P01160	100.000	151	151	151
P53255	P53255	100.000	507	507	507
P53255	Q10414	26.800	440	507	561
P53255	O16216	23.100	566	507	533
P53255	Q8BG79	25.800	139	507	887
P80868	P80868	100.000	692	692	692
P80868	P53013	33.100	154	692	463
Q03921	Q03921	100.000	1698	1698	1698
Q03921	Q9Y7B3	26.400	1894	1698	1858
Q3TYG6	Q3TYG6	100.000	1002	1002	1002
Q3TYG6	Q17423	25.700	485	1002	1282
Q6NP91	Q6NP91	100.000	760	760	760
Q6NP91	Q9LVE4	19.600	560	760	756
Q6NP91	O43022	21.600	590	760	865
Q6NP91	Q06538	20.000	604	760	782
Q6NP91	Q09766	20.700	579	760	871
P25637	P25637	100.000	258	258	258
P82732	P82732	100.000	76	76	76
Q06643	Q06643	100.000	244	244	244
Q06643	P06804	27.000	155	244	235
Q12198	Q12198	100.000	575	575	575
Q12198	Q8VCN5	28.700	278	575	398
Q99J39	Q99J39	100.000	492	492	492
P55065	P55065	100.000	493	493	493
P55065	P18428	25.200	460	493	481
P55065	P11597	27.000	314	493	493
P55065	Q9MAU5	22.400	485	493	488
Q02SZ7	Q02SZ7	100.000	462	462	462
Q10323	Q10323	100.000	356	356	356
Q10323	P47124	26.300	114	356	396
Q24337	Q24337	100.000	104	104	104
Q45478	Q45478	100.000	124	124	124
Q9VR82	Q9VR82	100.000	481	481	481
Q9VR82	Q9V427	29.200	390	481	367
Q9VR82	O61787	24.200	301	481	372
Q9VR82	O62136	21.100	360	481	434
A3KMP2	A3KMP2	100.000	465	465	465
O34445	O34445	100.000	172	172	172
O43913	O43913	100.000	435	435	435
O43913	O96237	26.400	212	435	899
P09669	P09669	100.000	75	75	75
Q5JTW2	Q5JTW2	100.000	689	689	689
Q5JTW2	Q9FJ57	23.500	255	689	1380
Q5JTW2	Q9C8Z4	23.300	218	689	2197
Q7TQK5	Q7TQK5	100.000	629	629	629
Q8C581	Q8C581	100.000	172	172	172
Q8IZD4	Q8IZD4	100.000	617	617	617
Q8R3Q0	Q8R3Q0	100.000	334	334	334
Q9JJ72	Q9JJ72	100.000	109	109	109
Q9QUN9	Q9QUN9	100.000	349	349	349
Q9QUN9	Q8VEJ3	25.200	206	349	221
Q9QUN9	Q9QZL9	41.800	55	349	230
A2RU49	A2RU49	100.000	373	373	373
F4JZY1	F4JZY1	100.000	1586	1586	1586
F4JZY1	Q09EF7	23.500	968	1586	1955
F4JZY1	Q13439	23.600	1063	1586	2230
F4JZY1	P32380	22.800	394	1586	944
F4JZY1	Q10411	21.700	937	1586	1957
F4JZY1	Q5T9S5	23.400	490	1586	1454
F4JZY1	E9Q7G0	24.000	408	1586	2094
P48564	P48564	100.000	524	524	524
Q4JA54	Q4JA54	100.000	108	108	108
Q5I0E6	Q5I0E6	100.000	609	609	609
Q6PJN8	Q6PJN8	100.000	538	538	538
Q8Y9C1	Q8Y9C1	100.000	208	208	208
Q96RL1	Q96RL1	100.000	719	719	719
Q9CPQ3	Q9CPQ3	100.000	142	142	142
Q9CPQ3	Q9FNC9	31.900	72	142	99
Q9D083	Q9D083	100.000	201	201	201
Q9ESK9	Q9ESK9	100.000	1588	1588	1588
Q9W3J8	Q9W3J8	100.000	743	743	743
Q9W3J8	Q96MC2	27.500	740	743	740
O00258	O00258	100.000	174	174	174
Q9D110	Q9D110	100.000	203	203	203
Q9UUH6	Q9UUH6	100.000	188	188	188
Q9Y282	Q9Y282	100.000	383	383	383
F4K265	F4K265	100.000	215	215	215
F4K265	O13978	26.300	186	215	184
F4K265	Q9BSB4	23.400	132	215	218
O22288	O22288	100.000	240	240	240
Q83PE8	Q83PE8	100.000	309	309	309
Q8IXH6	Q8IXH6	100.000	220	220	220
Q8JZQ5	Q8JZQ5	100.000	751	751	751
Q8JZQ5	Q9P7F2	25.000	435	751	712
Q96M27	Q96M27	100.000	445	445	445
Q9BW71	Q9BW71	100.000	556	556	556
Q9BW71	Q9BW71	100.000	556	556	556
P40896	P40896	100.000	331	331	331
P52555	P52555	100.000	260	260	260
P53694	P53694	100.000	308	308	308
P58742	P58742	100.000	546	546	546
Q03860	Q03860	100.000	143	143	143
Q91XA2	Q91XA2	100.000	393	393	393
Q92TF2	Q92TF2	100.000	273	273	273
Q96MB7	Q96MB7	100.000	349	349	349
Q9C8E6	Q9C8E6	100.000	843	843	843
Q9NUN7	Q9NUN7	100.000	267	267	267
Q14BK3	Q14BK3	100.000	207	207	207
Q95Q27	Q95Q27	100.000	521	521	521
Q95Q27	Q9Z0F6	23.000	269	521	389
Q9LV04	Q9LV04	100.000	670	670	670
O32259	O32259	100.000	240	240	240
P02322	P02322	100.000	34	34	34
F4JSH1	F4JSH1	100.000	740	740	740
F4JSH1	Q9SQG2	23.900	460	740	471
O95278	O95278	100.000	331	331	331
O95278	O95278	100.000	331	331	331
P25630	P25630	100.000	102	102	102
P40533	P40533	100.000	473	473	473
P40533	P40986	22.200	189	473	491
Q15053	Q15053	100.000	99	99	99
A8K554	A8K554	100.000	130	130	130
P53304	P53304	100.000	468	468	468
P20436	P20436	100.000	146	146	146
P38840	P38840	100.000	513	513	513
P38840	Q64602	28.400	394	513	425
Q61301	Q61301	100.000	953	953	953
Q61301	O46037	24.400	478	953	961
Q08471	Q08471	100.000	629	629	629
Q39083	Q39083	100.000	206	206	206
Q5DTX6	Q5DTX6	100.000	1320	1320	1320
Q8K0F1	Q8K0F1	100.000	684	684	684
Q8K0F1	Q09844	22.600	238	684	472
Q9H668	Q9H668	100.000	368	368	368
Q2YD98	Q2YD98	100.000	709	709	709
Q2YD98	Q9M358	22.800	600	709	664
Q7Z7C7	Q7Z7C7	100.000	330	330	330
Q8C5V8	Q8C5V8	100.000	958	958	958
Q97U29	Q97U29	100.000	313	313	313
Q9BSD7	Q9BSD7	100.000	190	190	190
Q03034	Q03034	100.000	503	503	503
Q03034	Q83PG4	26.300	448	503	497
Q0VF94	Q0VF94	100.000	599	599	599
Q3THK3	Q3THK3	100.000	508	508	508
Q5SI56	Q5SI56	100.000	407	407	407
Q7Z7H8	Q7Z7H8	100.000	261	261	261
O53580	O53580	100.000	637	637	637
O53580	Q8BWT5	23.800	567	637	1523
O53580	Q10250	22.100	705	637	1517
O53580	Q6RKB1	24.800	197	637	1174
O53580	Q9LK39	37.200	51	637	722
O53580	Q12275	23.200	168	637	1648
P02316	P02316	100.000	101	101	101
P04234	P04234	100.000	171	171	171
P0A912	P0A912	100.000	173	173	173
P0A912	A3M8K2	28.200	99	173	356
P0ACG3	P0ACG3	100.000	134	134	134
Q9UXA8	Q9UXA8	100.000	351	351	351
Q9XW17	Q9XW17	100.000	340	340	340
A1A6M1	A1A6M1	100.000	387	387	387
B7F7B9	B7F7B9	100.000	963	963	963
B7F7B9	H6TFZ4	27.600	528	963	855
B7F7B9	P13484	21.000	371	963	673
O95050	O95050	100.000	263	263	263
A0A143ZXM2	A0A143ZXM2	100.000	2074	2074	2074
O94435	O94435	100.000	234	234	234
P06701	P06701	100.000	978	978	978
P29255	P29255	100.000	731	731	731
P42843	P42843	100.000	763	763	763
Q9D035	Q9D035	100.000	207	207	207
Q9ESJ7	Q9ESJ7	100.000	259	259	259
Q9NV96	Q9NV96	100.000	361	361	361
Q9UT50	Q9UT50	100.000	485	485	485
Q9VPE4	Q9VPE4	100.000	105	105	105
Q9VPE4	Q3ZAQ7	30.400	82	105	101
Q03161	Q03161	100.000	297	297	297
Q39236	Q39236	100.000	106	106	106
Q49B96	Q49B96	100.000	90	90	90
Q55874	Q55874	100.000	420	420	420
Q55874	Q14624	26.500	196	420	930
Q5T750	Q5T750	100.000	250	250	250
Q5T750	Q5T749	39.100	166	250	579
Q03660	Q03660	100.000	1102	1102	1102
Q03660	O74501	22.000	835	1102	1150
Q03660	Q2QNU0	18.400	341	1102	1245
Q8IUF1	Q8IUF1	100.000	395	395	395
Q8Y766	Q8Y766	100.000	293	293	293
Q8Y766	Q9DCU9	27.400	291	293	321
Q8Y766	Q9DCJ9	27.400	302	293	320
Q96QE5	Q96QE5	100.000	360	360	360
Q9GZT6	Q9GZT6	100.000	254	254	254
Q9GZT6	P43557	25.100	187	254	207
O14068	O14068	100.000	124	124	124
O14068	Q8J0M4	36.700	87	124	134
O49453	O49453	100.000	153	153	153
O94276	O94276	100.000	215	215	215
P41056	P41056	100.000	107	107	107
P70158	P70158	100.000	445	445	445
P70158	Q04119	25.400	299	445	674
Q12368	Q12368	100.000	194	194	194
Q12368	Q9CPW7	22.000	195	194	199
Q494R4	Q494R4	100.000	210	210	210
P03345	P03345	100.000	429	429	429
Q96B42	Q96B42	100.000	140	140	140
Q9BY08	Q9BY08	100.000	206	206	206
Q3U4N7	Q3U4N7	100.000	345	345	345
Q94F20	Q94F20	100.000	369	369	369
Q9FVV8	Q9FVV8	100.000	392	392	392
Q9FVV8	Q3E9Z8	25.900	401	392	398
Q9FVV8	Q9SFC7	24.900	349	392	417
Q9FVV8	Q9SU30	22.500	342	392	413
Q9FVV8	Q3EB08	54.800	31	392	383
Q9SR73	Q9SR73	100.000	64	64	64
Q9SUK9	Q9SUK9	100.000	467	467	467
P40022	P40022	100.000	185	185	185
P40483	P40483	100.000	696	696	696
P97480	P97480	100.000	510	510	510
Q04172	Q04172	100.000	456	456	456
Q08285	Q08285	100.000	240	240	240
Q03609	Q03609	100.000	983	983	983
Q03609	Q99JD4	22.300	1217	983	1286
Q13794	Q13794	100.000	54	54	54
Q149F5	Q149F5	100.000	287	287	287
Q3UG98	Q3UG98	100.000	241	241	241
Q5T5S1	Q5T5S1	100.000	534	534	534
Q5T5S1	Q8BSN3	25.600	526	534	593
P33361	P33361	100.000	385	385	385
P33361	P73451	28.100	181	385	275
P43619	P43619	100.000	295	295	295
P69923	P69923	100.000	591	591	591
Q12284	Q12284	100.000	196	196	196
Q3K7B6	Q3K7B6	100.000	369	369	369
O60269	O60269	100.000	458	458	458
P07261	P07261	100.000	785	785	785
P25953	P25953	100.000	356	356	356
P38169	P38169	100.000	460	460	460
P38169	O81816	22.100	352	460	407
P47113	P47113	100.000	574	574	574
P47113	Q10951	24.400	209	574	665
O13570	O13570	100.000	187	187	187
O74364	O74364	100.000	391	391	391
O74364	F4JT98	24.700	267	391	685
O74364	Q59Y46	22.200	211	391	758
P15340	P15340	100.000	62	62	62
P17564	P17564	100.000	657	657	657
P47127	P47127	100.000	394	394	394
Q08223	Q08223	100.000	395	395	395
Q9BRT2	Q9BRT2	100.000	126	126	126
Q9FHY1	Q9FHY1	100.000	279	279	279
Q9SAC0	Q9SAC0	100.000	367	367	367
O14214	O14214	100.000	304	304	304
Q03281	Q03281	100.000	663	663	663
Q03281	Q10109	22.900	388	663	688
Q03281	O13712	26.600	124	663	844
Q3E752	Q3E752	100.000	67	67	67
Q3UN16	Q3UN16	100.000	588	588	588
Q8CC86	Q8CC86	100.000	538	538	538
Q8CC86	Q83LN3	31.700	123	538	400
Q96L03	Q96L03	100.000	361	361	361
Q96L03	Q9D9K8	46.300	41	361	182
Q5F267	Q5F267	100.000	385	385	385
Q7K4Z4	Q7K4Z4	100.000	273	273	273
Q8BVY0	Q8BVY0	100.000	452	452	452
Q8BVY0	P59230	23.600	237	452	216
Q8BVY0	P36144	25.100	199	452	274
Q8TDP1	Q8TDP1	100.000	164	164	164
Q96MH7	Q96MH7	100.000	638	638	638
Q3ZT31	Q3ZT31	100.000	840	840	840
Q3ZT31	Q92543	24.300	164	840	992
Q3ZT31	Q01846	22.100	343	840	1127
Q6ZT12	Q6ZT12	100.000	1888	1888	1888
Q6ZT12	Q8IWV7	20.900	1887	1888	1749
Q6ZT12	F4KCC2	20.900	2006	1888	2006
Q6ZT12	O60152	20.100	2035	1888	1958
Q6ZT12	P91133	19.800	2190	1888	2058
Q6ZT12	Q07963	21.800	508	1888	1872
Q6ZT12	P19812	20.300	486	1888	1950
O00841	O00841	100.000	802	802	802
O89042	O89042	100.000	1451	1451	1451
O89042	O60673	22.900	662	1451	3130
O89042	P21189	24.600	685	1451	783
O89042	P95979	21.700	390	1451	764
O89042	F4IFN6	23.000	347	1451	2138
A0A1B0GUX0	A0A1B0GUX0	100.000	176	176	176
Q9T2K9	Q9T2K9	100.000	9	9	9
Q9UHL3	Q9UHL3	100.000	310	310	310
Q9VPW1	Q9VPW1	100.000	854	854	854
Q9VPW1	Q2TB18	27.800	359	854	679
Q9C9E1	Q9C9E1	100.000	119	119	119
Q9HDV3	Q9HDV3	100.000	688	688	688
Q9HDV3	Q9P7M6	23.700	443	688	797
Q9HDV3	Q8IV36	24.100	373	688	788
Q9VKB9	Q9VKB9	100.000	1341	1341	1341
Q9VKB9	Q8BMG7	28.400	1348	1341	1366
Q9VKB9	Q22670	18.800	1014	1341	1307
Q1RM09	Q1RM09	100.000	197	197	197
Q2HQL6	Q2HQL6	100.000	121	121	121
Q32ZH2	Q32ZH2	100.000	96	96	96
Q940Y9	Q940Y9	100.000	817	817	817
Q940Y9	Q9LTX4	23.700	681	817	824
G2TRK9	G2TRK9	100.000	121	121	121
O04023	O04023	100.000	324	324	324
O74883	O74883	100.000	242	242	242
O74883	P36121	31.400	159	242	282
O74883	Q9NVU0	26.600	233	242	708
P21691	P21691	100.000	654	654	654
Q9D4I2	Q9D4I2	100.000	1268	1268	1268
Q9D4I2	O23277	21.200	386	1268	1330
Q8VE09	Q8VE09	100.000	580	580	580
Q8VE09	A2ACP1	24.600	592	580	578
Q8VE09	P36114	19.100	469	580	725
Q8VE09	A4QTI0	25.500	219	580	804
Q9BVV2	Q9BVV2	100.000	318	318	318
Q9FMZ0	Q9FMZ0	100.000	337	337	337
Q9H7Z3	Q9H7Z3	100.000	1164	1164	1164
Q9H7Z3	O42975	21.200	888	1164	972
Q9H7Z3	G5EG51	22.600	432	1164	1270
Q37066	Q37066	100.000	249	249	249
P82715	P82715	100.000	297	297	297
P82715	P82538	21.200	226	297	230
Q09762	Q09762	100.000	220	220	220
P07242	P07242	100.000	203	203	203
Q94AR4	Q94AR4	100.000	143	143	143
Q9C8Z4	Q9C8Z4	100.000	2197	2197	2197
Q9C8Z4	Q9H583	23.200	2292	2197	2144
Q9C8Z4	Q9VM75	21.700	2313	2197	2096
Q9C8Z4	O60179	22.000	925	2197	1649
Q9C8Z4	P42945	21.300	922	2197	1769
Q9C8Z4	A4QTQ9	20.300	2257	2197	1796
Q9C8Z4	Q23495	25.300	398	2197	1650
Q95XP9	Q95XP9	100.000	630	630	630
Q95XP9	Q8R060	22.800	451	630	589
Q9XI99	Q9XI99	100.000	280	280	280
Q9XI99	P92982	28.600	227	280	622
O14253	O14253	100.000	780	780	780
O14253	Q9SIU2	23.700	652	780	848
O14253	P34160	29.100	364	780	861
O14253	Q09161	21.600	680	780	790
P13128	P13128	100.000	529	529	529
P36100	P36100	100.000	482	482	482
P36100	Q9P3W1	28.500	294	482	434
P36100	P29083	29.200	212	482	439
Q8JZM6	Q8JZM6	100.000	147	147	147
Q8NFB2	Q8NFB2	100.000	350	350	350
Q9BW61	Q9BW61	100.000	102	102	102
Q9CYI0	Q9CYI0	100.000	393	393	393
Q9US54	Q9US54	100.000	199	199	199
Q69559	Q69559	100.000	87	87	87
Q9C6I7	Q9C6I7	100.000	196	196	196
Q9D5S1	Q9D5S1	100.000	317	317	317
Q9LNJ9	Q9LNJ9	100.000	1055	1055	1055
Q9LNJ9	Q8N0W3	25.700	1081	1055	1084
Q9LNJ9	G5E8F4	22.200	557	1055	590
A4F9T1	A4F9T1	100.000	183	183	183
A4F9T1	P58557	28.900	114	183	167
Q9LJB4	Q9LJB4	100.000	449	449	449
Q9LJB4	Q9SND9	26.200	385	449	443
Q9LJB4	O23393	24.400	454	449	435
Q9USW8	Q9USW8	100.000	196	196	196
Q9XF14	Q9XF14	100.000	129	129	129
A0A1B0GTD5	A0A1B0GTD5	100.000	131	131	131
A2AJB2	A2AJB2	100.000	108	108	108
P67778	P67778	100.000	272	272	272
P87121	P87121	100.000	1172	1172	1172
P87121	P23255	29.700	1307	1172	1407
P87121	Q8C176	24.400	1042	1172	1104
Q12445	Q12445	100.000	299	299	299
Q3ULG3	Q3ULG3	100.000	163	163	163
Q4KM37	Q4KM37	100.000	339	339	339
P0A9H9	P0A9H9	100.000	214	214	214
P0AFI8	P0AFI8	100.000	218	218	218
P21614	P21614	100.000	476	476	476
P21614	P43652	23.000	439	476	599
P32641	P32641	100.000	659	659	659
P32641	Q9MBA3	26.200	335	659	599
P32641	P50531	25.300	280	659	606
P43579	P43579	100.000	692	692	692
P47002	P47002	100.000	699	699	699
Q02UQ8	Q02UQ8	100.000	126	126	126
Q04I74	Q04I74	100.000	418	418	418
Q13503	Q13503	100.000	144	144	144
Q13503	P47822	28.500	140	144	140
Q21175	Q21175	100.000	115	115	115
P52593	P52593	100.000	1655	1655	1655
Q3UHH8	Q3UHH8	100.000	404	404	404
Q3UHH8	Q5XPT3	23.700	270	404	690
Q3UHH8	Q3U4G3	23.500	178	404	392
Q5T749	Q5T749	100.000	579	579	579
Q66K80	Q66K80	100.000	236	236	236
Q6MX43	Q6MX43	100.000	71	71	71
Q96C01	Q96C01	100.000	138	138	138
Q99611	Q99611	100.000	448	448	448
Q9D772	Q9D772	100.000	157	157	157
Q9I0J8	Q9I0J8	100.000	166	166	166
Q9P7D5	Q9P7D5	100.000	308	308	308
O13758	O13758	100.000	361	361	361
O94301	O94301	100.000	339	339	339
P32899	P32899	100.000	183	183	183
P32899	P39467	28.500	133	183	176
P53249	P53249	100.000	370	370	370
Q04868	Q04868	100.000	273	273	273
Q0WMN5	Q0WMN5	100.000	499	499	499
Q32M84	Q32M84	100.000	506	506	506
Q69ZJ7	Q69ZJ7	100.000	1422	1422	1422
Q69ZJ7	Q09417	28.700	1422	1422	1470
Q69ZJ7	O42656	21.100	1112	1422	1052
Q96B49	Q96B49	100.000	74	74	74
Q96M53	Q96M53	100.000	351	351	351
Q8WU66	Q8WU66	100.000	669	669	669
Q99177	Q99177	100.000	341	341	341
Q9KWZ1	Q9KWZ1	100.000	368	368	368
Q9V3G6	Q9V3G6	100.000	635	635	635
Q9V3G6	Q08CL8	28.100	444	635	624
Q9W3N6	Q9W3N6	100.000	836	836	836
A0PJX2	A0PJX2	100.000	215	215	215
A0PJX2	Q3UUG6	27.400	215	215	561
B1B0V2	B1B0V2	100.000	589	589	589
B1B0V2	Q86X51	41.200	97	589	503
O09174	O09174	100.000	381	381	381
O09174	P96877	28.300	328	381	394
O09174	P31572	26.400	393	381	405
O33289	O33289	100.000	174	174	174
O42973	O42973	100.000	446	446	446
O42973	Q9D8U0	28.000	182	446	441
P33411	P33411	100.000	251	251	251
P40057	P40057	100.000	128	128	128
P46682	P46682	100.000	809	809	809
P46682	O81742	22.700	611	809	893
Q12934	Q12934	100.000	665	665	665
Q12934	P02533	21.500	311	665	472
Q6UW68	Q6UW68	100.000	189	189	189
Q6UW68	Q06089	27.000	170	189	161
Q9FNP8	Q9FNP8	100.000	143	143	143
Q9LR67	Q9LR67	100.000	660	660	660
Q9LR67	Q9SS81	28.200	523	660	687
Q9LR67	Q9FMF6	26.800	551	660	730
Q9LR67	Q0WMY5	28.300	424	660	952
Q9LR67	Q9LW84	24.800	532	660	642
Q9LR67	O80958	25.300	521	660	867
Q9LR67	Q9LMY5	25.200	502	660	826
Q9LR67	Q9SAD9	29.100	350	660	517
Q9LR67	Q9ZUU3	22.600	548	660	757
Q9LR67	Q9SVH3	23.200	564	660	727
Q9LR67	Q9LKU8	26.700	475	660	766
Q9LR67	Q9SSR4	27.800	363	660	819
Q9LR67	Q8RWS8	21.700	585	660	822
Q9LR67	Q9FRS4	25.100	445	660	559
Q9LR67	Q9MAG8	27.000	418	660	471
Q9LR67	O81028	25.700	533	660	799
Q9LR67	Q9M3A8	23.400	457	660	629
Q9LR67	Q9S7Q2	22.900	492	660	862
Q9LR67	Q9LVA2	27.500	385	660	982
Q9LR67	Q9SAK0	25.200	427	660	836
Q9LR67	Q9LSK8	25.100	508	660	688
Q9LR67	Q9FLD8	23.000	364	660	678
Q9LR67	Q3ECH5	22.700	502	660	544
Q9LR67	Q9FMU2	22.600	561	660	634
Q9LR67	P0C896	26.400	420	660	576
Q9LR67	O82178	23.400	396	660	591
Q9LR67	Q0WLC6	24.000	349	660	1089
Q9LR67	Q9LS88	23.200	452	660	842
Q9LR67	Q3EDA9	22.200	525	660	608
Q9LR67	Q9SQU6	22.900	384	660	486
Q9LR67	Q9M2C8	23.100	406	660	498
Q9LR67	Q9ZUU7	24.600	373	660	462
Q9LR67	Q9LS25	25.400	291	660	711
Q9LR67	Q9SNB7	26.400	453	660	665
Q9LR67	Q9M4P3	21.800	439	660	656
Q9LR67	O49711	22.700	317	660	843
Q9LR67	Q9SKU6	24.000	357	660	490
Q9LR67	Q9SA60	24.700	340	660	793
Q9LR67	Q8LPF1	20.900	583	660	668
Q9LR67	Q9SA76	21.600	309	660	1006
Q9LR67	Q9SGQ6	20.900	363	660	773
Q9LR67	Q9FZD1	21.600	407	660	630
Q9LR67	O23278	29.100	189	660	501
Q9LR67	B3H4P1	20.100	471	660	661
Q9LR67	P32522	19.600	474	660	965
D2J0Y4	D2J0Y4	100.000	644	644	644
O31544	O31544	100.000	287	287	287
O31544	P22134	22.000	240	287	296
O94447	O94447	100.000	498	498	498
O94447	P53955	22.700	392	498	656
P32844	P32844	100.000	805	805	805
P32844	Q94AI6	18.900	516	805	752
P40083	P40083	100.000	148	148	148
P45561	P45561	100.000	189	189	189
P49686	P49686	100.000	430	430	430
P49686	Q9V6B9	38.900	136	430	610
P53948	P53948	100.000	110	110	110
Q68FP2	Q68FP2	100.000	354	354	354
Q86WR7	Q86WR7	100.000	435	435	435
Q8CCG4	Q8CCG4	100.000	296	296	296
Q8TEE9	Q8TEE9	100.000	199	199	199
Q96DR4	Q96DR4	100.000	205	205	205
Q96DR4	Q14849	28.600	129	205	445
Q9VPC1	Q9VPC1	100.000	284	284	284
D3ZWE7	D3ZWE7	100.000	392	392	392
D3ZWE7	P20050	25.300	260	392	605
O74814	O74814	100.000	387	387	387
O74814	Q05543	25.800	251	387	409
O74814	Q8VDS4	24.200	136	387	312
O74814	Q6NXI6	25.300	150	387	1469
P0ABH2	P0ABH2	100.000	420	420	420
P0ABH2	Q01465	30.000	153	420	337
P25918	P25918	100.000	547	547	547
Q9ZZW1	Q9ZZW1	100.000	134	134	134
F4I0N3	F4I0N3	100.000	193	193	193
P0CJ66	P0CJ66	100.000	205	205	205
P56542	P56542	100.000	353	353	353
Q9H0P7	Q9H0P7	100.000	198	198	198
Q9BV19	Q9BV19	100.000	199	199	199
Q9FGZ9	Q9FGZ9	100.000	73	73	73
Q9LF97	Q9LF97	100.000	556	556	556
Q9V3R1	Q9V3R1	100.000	912	912	912
B0BN93	B0BN93	100.000	376	376	376
Q4VBF2	Q4VBF2	100.000	262	262	262
Q9CR39	Q9CR39	100.000	344	344	344
Q9CR39	Q9FH32	31.900	94	344	763
Q9CR39	Q9H6U6	28.100	103	344	928
Q9SZV0	Q9SZV0	100.000	537	537	537
O54835	O54835	100.000	434	434	434
P23180	P23180	100.000	465	465	465
P23180	Q9NVH6	25.000	395	465	421
P23180	O75936	21.600	369	465	387
O25170	O25170	100.000	623	623	623
O25170	Q8L7W1	26.000	246	623	678
O25170	P0AAT5	25.200	250	623	415
O25170	Q9LYG9	28.600	115	623	734
P0C5W1	P0C5W1	100.000	972	972	972
P36036	P36036	100.000	203	203	203
P38277	P38277	100.000	524	524	524
P40487	P40487	100.000	425	425	425
P40487	Q568Y2	26.600	338	425	489
P40487	A0A1D8PL26	22.100	415	425	529
Q8NFQ5	Q8NFQ5	100.000	453	453	453
Q8NFQ5	Q8N4F0	25.600	390	453	458
Q8NFQ5	P18428	22.600	380	453	481
Q8NFQ5	Q9MAU5	20.700	318	453	488
Q99417	Q99417	100.000	103	103	103
Q9BQ95	Q9BQ95	100.000	431	431	431
Q9NP79	Q9NP79	100.000	307	307	307
Q9NP79	O13703	24.200	376	307	389
Q9NP79	Q9LXT9	26.900	126	307	1955
Q9NP79	Q06263	22.100	338	307	330
Q9W0M1	Q9W0M1	100.000	1978	1978	1978
Q9W0M1	O15078	24.200	392	1978	2479
Q19291	Q19291	100.000	280	280	280
Q8N9H9	Q8N9H9	100.000	823	823	823
P0ABX2	P0ABX2	100.000	134	134	134
P23522	P23522	100.000	256	256	256
P42296	P42296	100.000	569	569	569
Q63961	Q63961	100.000	653	653	653
Q63961	O88393	23.500	853	653	850
Q969E3	Q969E3	100.000	161	161	161
Q9BQE9	Q9BQE9	100.000	202	202	202
Q9H1Y0	Q9H1Y0	100.000	275	275	275
J3QPC3	J3QPC3	100.000	361	361	361
P50537	P50537	100.000	438	438	438
P73010	P73010	100.000	126	126	126
P80244	P80244	100.000	197	197	197
P9WL91	P9WL91	100.000	129	129	129
Q03162	Q03162	100.000	620	620	620
B0VTE3	B0VTE3	100.000	302	302	302
B0VTE3	B5X4Z4	29.700	239	302	613
B0VTE3	Q8N159	24.100	149	302	534
O34832	O34832	100.000	333	333	333
P04036	P04036	100.000	273	273	273
P21171	P21171	100.000	484	484	484
P36083	P36083	100.000	450	450	450
Q8WU49	Q8WU49	100.000	177	177	177
Q96L08	Q96L08	100.000	255	255	255
Q9SXC4	Q9SXC4	100.000	394	394	394
P0DMQ9	P0DMQ9	100.000	161	161	161
P38880	P38880	100.000	579	579	579
P38880	Q12171	23.200	607	579	622
Q8VDS4	Q8VDS4	100.000	312	312	312
Q8VDS4	Q6NXI6	26.900	341	312	1469
Q8VDS4	O74814	24.300	255	312	387
Q8VDS4	Q05543	30.200	129	312	409
Q8VDS4	G3X9Z4	26.800	108	312	1553
Q92624	Q92624	100.000	585	585	585
Q9CR22	Q9CR22	100.000	157	157	157
Q9D483	Q9D483	100.000	533	533	533
Q9D483	Q9C106	22.700	579	533	591
Q9D483	A3LQX9	21.500	561	533	599
Q9H7T3	Q9H7T3	100.000	257	257	257
Q6P988	Q6P988	100.000	496	496	496
Q6P988	Q940J8	23.700	379	496	391
Q8Y6J7	Q8Y6J7	100.000	175	175	175
Q96IU4	Q96IU4	100.000	210	210	210
Q9CWU4	Q9CWU4	100.000	180	180	180
Q9JL70	Q9JL70	100.000	1439	1439	1439
Q03169	Q03169	100.000	654	654	654
Q03169	Q6DIA2	26.000	491	654	721
Q03169	Q8BI71	25.100	482	654	739
Q10109	Q10109	100.000	688	688	688
Q10109	Q03281	22.500	718	688	663
Q10109	O13712	22.600	335	688	844
Q3V0B4	Q3V0B4	100.000	1847	1847	1847
Q3V0B4	Q4G0P3	25.400	228	1847	5121
Q3V0B4	Q3UY96	25.200	194	1847	1578
Q93063	Q93063	100.000	718	718	718
Q9QYC7	Q9QYC7	100.000	757	757	757
Q96FB5	Q96FB5	100.000	475	475	475
Q96FB5	Q8N6Q8	25.200	595	475	603
Q9BUL8	Q9BUL8	100.000	212	212	212
Q9CPP6	Q9CPP6	100.000	116	116	116
Q9D328	Q9D328	100.000	167	167	167
Q9D328	Q8NCS4	27.800	140	167	154
Q9DAK9	Q9DAK9	100.000	124	124	124
Q9XI93	Q9XI93	100.000	155	155	155
A0A1B0GUU1	A0A1B0GUU1	100.000	675	675	675
O35004	O35004	100.000	254	254	254
O70326	O70326	100.000	184	184	184
P06880	P06880	100.000	216	216	216
P06880	P01236	25.200	226	216	227
Q9HDY2	Q9HDY2	100.000	416	416	416
Q9NTG7	Q9NTG7	100.000	399	399	399
Q9UBI9	Q9UBI9	100.000	543	543	543
Q9UBI9	Q9N2M8	28.900	557	543	1080
A7E1Z1	A7E1Z1	100.000	235	235	235
F4HZD1	F4HZD1	100.000	944	944	944
F4HZD1	Q9ZQ12	38.700	49	944	244
Q9BTF0	Q9BTF0	100.000	503	503	503
Q9BTF0	P97770	25.500	427	503	505
Q9WV31	Q9WV31	100.000	396	396	396
Q9WV31	Q7JV70	25.000	140	396	193
F4I700	F4I700	100.000	717	717	717
O76075	O76075	100.000	338	338	338
P36523	P36523	100.000	253	253	253
Q99220	Q99220	100.000	542	542	542
Q9DB25	Q9DB25	100.000	324	324	324
Q9DB25	O14466	24.000	220	324	236
Q9NVR0	Q9NVR0	100.000	708	708	708
Q9NVR0	Q8CA72	23.600	470	708	597
Q9NVR0	Q8CDE2	23.700	598	708	588
Q9NVR0	O04615	25.800	178	708	527
Q9NVR0	O61366	25.100	131	708	1302
Q9NVR0	Q93W93	25.400	102	708	434
A8IHV3	A8IHV3	100.000	896	896	896
A8IHV3	Q62052	30.000	90	896	833
O49343	O49343	100.000	452	452	452
O49343	Q9LW84	24.700	347	452	642
O49343	Q9SQU6	24.400	377	452	486
O49343	Q9FLD8	24.500	351	452	678
O49343	Q9LR67	22.000	372	452	660
O49343	O82178	23.500	246	452	591
O49343	Q9S7Q2	21.300	417	452	862
O49343	Q9LS88	19.600	397	452	842
O49343	Q8RWS8	19.900	421	452	822
O49343	Q9LKU8	19.600	336	452	766
O49343	Q9MAG8	24.500	159	452	471
O49343	Q9SS81	23.900	188	452	687
O49343	Q9ZUU3	23.100	186	452	757
O49343	Q0WMY5	19.700	319	452	952
O49343	O23278	21.300	291	452	501
O49343	Q9M3A8	22.200	333	452	629
O49343	Q9LS25	22.900	261	452	711
O49343	P0C896	24.200	214	452	576
O49343	Q9SSR4	22.900	179	452	819
O49343	Q9SAD9	23.600	190	452	517
O49343	O49711	19.700	192	452	843
O49343	Q9M2C8	22.200	202	452	498
O49343	Q9LVA2	25.100	171	452	982
O49343	Q3EDA9	22.600	146	452	608
O49343	Q9M4P3	24.000	329	452	656
O49343	Q9SA76	21.000	356	452	1006
O49343	Q9SKU6	19.300	289	452	490
O49343	Q9SNB7	20.700	198	452	665
O49343	Q9SA60	18.700	315	452	793
O49343	Q9ZUU7	20.800	144	452	462
Q9QUI6	Q9QUI6	100.000	334	334	334
F4JZG9	F4JZG9	100.000	384	384	384
F4JZG9	O34447	27.500	232	384	257
P0CE11	P0CE11	100.000	249	249	249
P39718	P39718	100.000	180	180	180
Q10198	Q10198	100.000	624	624	624
Q10198	Q5A216	22.700	577	624	788
Q10198	Q9D0F1	24.200	552	624	642
Q10198	Q9M1G5	20.600	561	624	568
Q10198	Q17635	25.700	163	624	590
Q8N5Y8	Q8N5Y8	100.000	322	322	322
Q8N5Y8	Q2NL67	26.200	267	322	630
Q8R1B5	Q8R1B5	100.000	158	158	158
Q8S4Q6	Q8S4Q6	100.000	202	202	202
Q8VCS3	Q8VCS3	100.000	409	409	409
Q9CX25	Q9CX25	100.000	107	107	107
Q19948	Q19948	100.000	243	243	243
Q3ULM0	Q3ULM0	100.000	279	279	279
Q569B7	Q569B7	100.000	188	188	188
Q5HFD7	Q5HFD7	100.000	60	60	60
Q5HFD7	Q9CHE9	47.800	46	60	79
Q5I0F1	Q5I0F1	100.000	405	405	405
Q5TBK1	Q5TBK1	100.000	243	243	243
Q5TBK1	P0CB49	27.300	157	243	1376
Q62100	Q62100	100.000	101	101	101
Q68FE9	Q68FE9	100.000	1030	1030	1030
Q86BY9	Q86BY9	100.000	1235	1235	1235
Q96FF7	Q96FF7	100.000	219	219	219
Q94BP3	Q94BP3	100.000	748	748	748
Q9LE54	Q9LE54	100.000	110	110	110
Q9LKR8	Q9LKR8	100.000	434	434	434
Q9NFA0	Q9NFA0	100.000	179	179	179
Q9URX8	Q9URX8	100.000	1315	1315	1315
Q9URX8	P40064	27.500	1306	1315	1391
Q9URX8	Q9V463	24.600	1316	1315	1365
Q9URX8	F4HXV6	22.300	1348	1315	1464
Q10663	Q10663	100.000	968	968	968
Q10663	P37330	24.300	275	968	723
Q5MNV8	Q5MNV8	100.000	452	452	452
Q6ZQE4	Q6ZQE4	100.000	437	437	437
Q8BP40	Q8BP40	100.000	418	418	418
Q8BP40	P15309	25.800	402	418	386
Q8BP40	Q8TE99	21.400	420	418	480
Q8N5N7	Q8N5N7	100.000	158	158	158
Q6P9U3	Q6P9U3	100.000	195	195	195
Q6P9U3	Q9H0A8	26.200	122	195	199
Q6P9U3	Q8BXC6	23.000	104	195	199
Q7Z3Z2	Q7Z3Z2	100.000	195	195	195
Q8BG09	Q8BG09	100.000	407	407	407
Q91XQ4	Q91XQ4	100.000	364	364	364
Q969S0	Q969S0	100.000	331	331	331
P38793	P38793	100.000	499	499	499
P46963	P46963	100.000	296	296	296
P53046	P53046	100.000	1155	1155	1155
P53046	Q9Y7U5	22.800	864	1155	1275
P53046	Q11100	21.400	303	1155	665
P53046	Q21653	23.400	196	1155	1182
Q00623	Q00623	100.000	264	264	264
Q00623	P02651	25.000	252	264	391
Q00623	P08226	21.500	269	264	311
Q00623	Q6Q788	22.400	236	264	366
Q06251	Q06251	100.000	628	628	628
P17315	P17315	100.000	663	663	663
P36114	P36114	100.000	725	725	725
P36114	A4QTI0	24.400	786	725	804
P36114	Q8VE09	19.400	469	725	580
P36114	A2ACP1	24.300	443	725	578
P48240	P48240	100.000	250	250	250
P53855	P53855	100.000	1592	1592	1592
P53855	Q59X11	24.800	1926	1592	1856
P53855	O94649	25.100	879	1592	1646
P53855	Q6P4T0	24.200	461	1592	1914
Q10304	Q10304	100.000	629	629	629
A1KFE4	A1KFE4	100.000	190	190	190
G5EBL3	G5EBL3	100.000	2962	2962	2962
Q17RB0	Q17RB0	100.000	113	113	113
Q27395	Q27395	100.000	1440	1440	1440
Q8X7H4	Q8X7H4	100.000	420	420	420
Q91WK0	Q91WK0	100.000	415	415	415
Q96HW7	Q96HW7	100.000	963	963	963
Q96HW7	Q9ZU97	23.000	334	963	743
Q9H944	Q9H944	100.000	212	212	212
Q9NP84	Q9NP84	100.000	129	129	129
Q9P016	Q9P016	100.000	225	225	225
Q8BHC4	Q8BHC4	100.000	231	231	231
Q8NBT3	Q8NBT3	100.000	493	493	493
Q9QX98	Q9QX98	100.000	324	324	324
F4K460	F4K460	100.000	653	653	653
Q9BYQ3	Q9BYQ3	100.000	159	159	159
Q96BF3	Q96BF3	100.000	282	282	282
Q99LH9	Q99LH9	100.000	392	392	392
Q9D1F5	Q9D1F5	100.000	335	335	335
Q9H1J1	Q9H1J1	100.000	476	476	476
Q9NUC0	Q9NUC0	100.000	356	356	356
P0A8E1	P0A8E1	100.000	180	180	180
P0A8E1	P0A8Z9	27.100	107	180	193
P12025	P12025	100.000	140	140	140
P21957	P21957	100.000	404	404	404
P31096	P31096	100.000	278	278	278
P34402	P34402	100.000	808	808	808
P34402	Q83SQ0	26.300	110	808	784
Q9ASY8	Q9ASY8	100.000	75	75	75
Q9BZM1	Q9BZM1	100.000	189	189	189
Q9H1P6	Q9H1P6	100.000	137	137	137
Q9H1P6	Q96LR7	41.800	43	137	162
Q9NVH6	Q9NVH6	100.000	421	421	421
Q9NVH6	O75936	28.500	354	421	387
Q9NVH6	P23180	24.800	407	421	465
A0A0H2ZPS7	A0A0H2ZPS7	100.000	328	328	328
Q9VCG4	Q9VCG4	100.000	578	578	578
Q9VCG4	Q6AXN4	22.300	641	578	673
G5EDJ4	G5EDJ4	100.000	430	430	430
P34382	P34382	100.000	182	182	182
P43079	P43079	100.000	656	656	656
Q3TAE8	Q3TAE8	100.000	507	507	507
Q3TAE8	Q9BVK2	29.800	419	507	526
B9EJI9	B9EJI9	100.000	371	371	371
O88544	O88544	100.000	406	406	406
O88544	Q9FIB6	22.400	409	406	442
P0AF50	P0AF50	100.000	118	118	118
P19735	P19735	100.000	899	899	899
P53278	P53278	100.000	816	816	816
Q9XWQ6	Q9XWQ6	100.000	420	420	420
O14599	O14599	100.000	106	106	106
O43059	O43059	100.000	818	818	818
O43059	P25623	23.100	246	818	870
P23327	P23327	100.000	699	699	699
P38826	P38826	100.000	435	435	435
P07784	P07784	100.000	84	84	84
P0A0D6	P0A0D6	100.000	103	103	103
P0C7N4	P0C7N4	100.000	346	346	346
P17858	P17858	100.000	780	780	780
P40040	P40040	100.000	218	218	218
P0CE00	P0CE00	100.000	602	602	602
P0CE00	Q8TCC7	26.900	289	602	542
P0CE00	P39932	21.900	470	602	569
P0CE00	P43562	20.500	403	602	540
P53192	P53192	100.000	235	235	235
P53192	Q9HGM2	32.600	147	235	171
Q04745	Q04745	100.000	133	133	133
Q09812	Q09812	100.000	529	529	529
Q09812	P25568	23.000	524	529	528
Q2KG01	Q2KG01	100.000	1196	1196	1196
Q2KG01	Q03653	25.200	483	1196	782
Q2KG01	O59817	22.000	404	1196	798
O44476	O44476	100.000	833	833	833
O44476	Q8CGS5	27.500	783	833	827
O44476	P36159	21.400	828	833	838
O44476	Q9H777	24.000	361	833	363
P51855	P51855	100.000	474	474	474
Q04631	Q04631	100.000	377	377	377
Q12229	Q12229	100.000	455	455	455
Q12229	Q04228	19.600	362	455	584
Q62857	Q62857	100.000	168	168	168
Q9VLC0	Q9VLC0	100.000	940	940	940
Q9VLC0	Q22639	25.600	1049	940	1058
Q9VLC0	F4JT76	23.700	1005	940	1034
Q9VLC0	O14093	20.100	785	940	949
G2TRQ2	G2TRQ2	100.000	77	77	77
O04226	O04226	100.000	716	716	716
O04226	P43891	28.100	110	716	233
P10713	P10713	100.000	86	86	86
P15972	P15972	100.000	65	65	65
Q9QXG9	Q9QXG9	100.000	341	341	341
Q9W0S8	Q9W0S8	100.000	163	163	163
Q9Y5Q8	Q9Y5Q8	100.000	519	519	519
Q9Y5Q8	O14229	28.500	319	519	456
O43555	O43555	100.000	120	120	120
O74453	O74453	100.000	341	341	341
O74453	Q06679	25.900	181	341	776
O74453	P33215	26.700	153	341	660
Q9UBR5	Q9UBR5	100.000	152	152	152
Q9UKJ5	Q9UKJ5	100.000	165	165	165
Q9VFW4	Q9VFW4	100.000	251	251	251
Q9VFW4	Q0PNE2	21.600	236	251	266
Q9WUF3	Q9WUF3	100.000	1962	1962	1962
G2TRQ9	G2TRQ9	100.000	168	168	168
Q96M86	Q96M86	100.000	4753	4753	4753
Q96M86	Q8BW94	20.400	3616	4753	4083
Q96M86	Q9JJ79	19.400	2671	4753	4306
Q96M86	P36022	19.400	1501	4753	4092
Q96M86	O13290	19.200	2355	4753	4196
Q96M86	Q0VDD8	24.100	682	4753	3507
Q96M86	Q8IID4	18.800	1123	4753	5251
P08066	P08066	100.000	253	253	253
P08066	P0AC50	25.600	234	253	244
P08066	P94534	28.900	83	253	444
P12346	P12346	100.000	698	698	698
P12346	P19615	23.900	567	698	1357
P38285	P38285	100.000	549	549	549
P38285	P24814	25.600	191	549	1151
P38285	Q9QZN1	25.100	143	549	701
P38285	Q9M096	38.300	60	549	301
P53114	P53114	100.000	1132	1132	1132
Q61595	Q61595	100.000	1327	1327	1327
Q61595	Q11102	23.500	479	1327	1130
Q61595	Q8I659	22.800	377	1327	1383
Q6ZYL4	Q6ZYL4	100.000	71	71	71
Q6ZYL4	Q3E7C1	29.000	62	71	72
Q7TME2	Q7TME2	100.000	1165	1165	1165
Q7TME2	F4JZY1	22.300	692	1165	1586
Q8C1Y8	Q8C1Y8	100.000	480	480	480
Q8C1Y8	Q9VZL5	29.300	484	480	485
Q8VCN6	Q8VCN6	100.000	175	175	175
Q6UWF3	Q6UWF3	100.000	145	145	145
Q703I1	Q703I1	100.000	291	291	291
Q8N130	Q8N130	100.000	599	599	599
Q9D7E4	Q9D7E4	100.000	109	109	109
Q9HAB3	Q9HAB3	100.000	445	445	445
P14907	P14907	100.000	823	823	823
P14907	P20676	32.300	473	823	1076
P14907	Q9H1M0	30.400	82	823	184
P14907	Q09904	31.500	241	823	1159
P27548	P27548	100.000	260	260	260
P27548	P50591	26.200	160	260	281
P34072	P34072	100.000	584	584	584
P36091	P36091	100.000	449	449	449
P43074	P43074	100.000	65	65	65
Q08760	Q08760	100.000	435	435	435
Q08760	Q9P7S8	21.800	417	435	343
Q17886	Q17886	100.000	382	382	382
Q17886	Q99MD9	28.200	241	382	773
Q17886	Q9USQ4	23.700	219	382	396
Q3E7Z9	Q3E7Z9	100.000	31	31	31
Q3TEI4	Q3TEI4	100.000	1023	1023	1023
Q6AYQ8	Q6AYQ8	100.000	221	221	221
Q9P778	Q9P778	100.000	683	683	683
Q9P778	P13798	24.500	248	683	732
Q9P778	P27487	23.100	246	683	766
P53118	P53118	100.000	685	685	685
P53118	Q9DAI6	28.500	203	685	1403
Q10589	Q10589	100.000	180	180	180
Q16537	Q16537	100.000	467	467	467
Q5HE23	Q5HE23	100.000	169	169	169
P81449	P81449	100.000	96	96	96
P87313	P87313	100.000	181	181	181
P87313	Q61211	30.400	174	181	570
Q06170	Q06170	100.000	240	240	240
Q12745	Q12745	100.000	709	709	709
Q9FYG4	Q9FYG4	100.000	615	615	615
Q9MAG8	Q9MAG8	100.000	471	471	471
Q9MAG8	Q9FMF6	25.400	531	471	730
Q9MAG8	Q9SS81	27.500	472	471	687
Q9MAG8	Q9LKU8	28.100	348	471	766
Q9MAG8	Q9LR67	26.900	415	471	660
Q9MAG8	Q9LW84	23.300	463	471	642
Q9MAG8	Q9SSR4	26.600	432	471	819
Q9MAG8	Q9SAD9	26.700	306	471	517
Q9MAG8	Q9LMY5	25.100	421	471	826
Q9MAG8	Q9S7Q2	23.400	423	471	862
Q9MAG8	Q9LVA2	24.600	446	471	982
Q9MAG8	O80958	26.500	335	471	867
Q9MAG8	Q0WMY5	24.100	406	471	952
Q9MAG8	Q9LSK8	28.900	269	471	688
Q9MAG8	Q9ZUU3	23.200	392	471	757
Q9MAG8	Q9FRS4	25.200	340	471	559
Q9MAG8	O81028	26.400	329	471	799
Q9MAG8	O82178	23.500	327	471	591
Q9MAG8	P0C896	26.400	295	471	576
Q9MAG8	Q8RWS8	23.200	392	471	822
Q9MAG8	Q9SVH3	26.700	322	471	727
Q9MAG8	Q9SAK0	25.000	275	471	836
Q9MAG8	Q9FLD8	21.100	468	471	678
Q9MAG8	Q3ECH5	21.300	422	471	544
Q9MAG8	Q9M2C8	26.900	382	471	498
Q9MAG8	Q0WLC6	23.900	343	471	1089
Q9MAG8	Q9M3A8	23.600	317	471	629
Q9MAG8	Q9LS25	23.900	396	471	711
Q9MAG8	Q3EDA9	24.100	310	471	608
Q9MAG8	Q9FMU2	25.700	365	471	634
Q9MAG8	Q9SQU6	22.600	296	471	486
Q9MAG8	Q9LS88	24.400	348	471	842
Q9MAG8	Q9ZUU7	23.800	289	471	462
Q9MAG8	Q9SA76	21.200	443	471	1006
Q9MAG8	Q9SNB7	22.200	454	471	665
Q9MAG8	Q9M4P3	22.600	305	471	656
Q9MAG8	O49711	24.500	293	471	843
Q9MAG8	O49343	24.500	159	471	452
Q9MAG8	Q9FZD1	27.600	188	471	630
Q9MAG8	Q9SGQ6	19.800	347	471	773
Q9MAG8	O23278	24.200	256	471	501
Q9MAG8	B3H4P1	25.300	126	471	661
Q9MAG8	P48237	21.600	240	471	864
Q9MAG8	Q9SA60	24.400	143	471	793
Q9MAG8	B3H672	21.200	264	471	674
Q9MAG8	Q8LPF1	20.100	322	471	668
Q9MAG8	A1Z9A8	22.400	276	471	652
Q9UDW3	Q9UDW3	100.000	170	170	170
A2AGB2	A2AGB2	100.000	545	545	545
O59740	O59740	100.000	522	522	522
P0A8R3	P0A8R3	100.000	161	161	161
G4RT11	G4RT11	100.000	194	194	194
O94719	O94719	100.000	845	845	845
Q9XF91	Q9XF91	100.000	265	265	265
B5DF21	B5DF21	100.000	610	610	610
P08638	P08638	100.000	886	886	886
P08638	P87164	21.500	417	886	1119
Q9LZR8	Q9LZR8	100.000	482	482	482
P0C7W5	P0C7W5	100.000	206	206	206
Q09683	Q09683	100.000	649	649	649
Q9CPY6	Q9CPY6	100.000	217	217	217
Q9CPY6	P38263	29.000	227	217	362
Q9M223	Q9M223	100.000	228	228	228
Q04430	Q04430	100.000	367	367	367
Q12150	Q12150	100.000	2958	2958	2958
Q12150	A2AAE1	19.000	677	2958	5005
Q12150	A0A0K3AWP8	25.000	264	2958	4022
Q9FFD8	Q9FFD8	100.000	104	104	104
Q9FZD1	Q9FZD1	100.000	630	630	630
Q9FZD1	Q9LW84	21.100	450	630	642
Q9FZD1	Q0WMY5	20.600	422	630	952
Q9FZD1	Q9SS81	20.500	433	630	687
Q9FZD1	Q9LR67	21.700	400	630	660
Q9FZD1	Q9LKU8	19.000	440	630	766
Q9FZD1	Q9S7Q2	26.700	191	630	862
Q9FZD1	Q3ECH5	23.000	404	630	544
Q9FZD1	Q9FMF6	20.800	413	630	730
Q9FZD1	Q8RWS8	18.800	536	630	822
Q9FZD1	Q9SAK0	21.900	255	630	836
Q9FZD1	Q9LVA2	21.500	436	630	982
Q9FZD1	Q9SNB7	29.900	117	630	665
Q9FZD1	Q9LS88	21.100	473	630	842
Q9FZD1	Q9FRS4	22.100	455	630	559
Q9FZD1	Q9FLD8	26.700	146	630	678
Q9FZD1	Q9LS25	18.600	483	630	711
Q9FZD1	Q9ZUU3	21.300	192	630	757
Q9FZD1	P0C896	24.200	136	630	576
Q9FZD1	Q9SGQ6	28.800	90	630	773
Q9FZD1	B3H4P1	20.700	481	630	661
Q9FZD1	Q9SVH3	21.000	447	630	727
Q9FZD1	Q9M3A8	18.600	419	630	629
Q9FZD1	Q9LSK8	23.500	119	630	688
Q9FZD1	Q9SSR4	21.300	445	630	819
Q9FZD1	Q9SQU6	20.700	183	630	486
Q9FZD1	Q9M2C8	23.800	201	630	498
Q9FZD1	Q9FMU2	19.700	512	630	634
Q9FZD1	O49711	31.400	70	630	843
Q9FZD1	Q9SA76	20.000	135	630	1006
Q9SAI2	Q9SAI2	100.000	274	274	274
Q94CK9	Q94CK9	100.000	320	320	320
Q9DAE3	Q9DAE3	100.000	120	120	120
Q9FIZ7	Q9FIZ7	100.000	1266	1266	1266
C0H423	C0H423	100.000	79	79	79
O31741	O31741	100.000	243	243	243
O35774	O35774	100.000	847	847	847
P02925	P02925	100.000	296	296	296
P02925	P0AEE7	28.500	277	296	332
P02925	P25144	22.300	273	296	334
P02925	P0ACP3	21.900	214	296	334
P0A7Z2	P0A7Z2	100.000	219	219	219
P15315	P15315	100.000	225	225	225
P32690	P32690	100.000	442	442	442
Q96MG2	Q96MG2	100.000	331	331	331
Q99732	Q99732	100.000	161	161	161
Q9DC37	Q9DC37	100.000	464	464	464
Q9NUX5	Q9NUX5	100.000	634	634	634
F4KDA6	F4KDA6	100.000	185	185	185
Q9SYG2	Q9SYG2	100.000	383	383	383
Q9ZQ12	Q9ZQ12	100.000	244	244	244
Q9ZQ12	F4HZD1	33.300	87	244	944
O13779	O13779	100.000	617	617	617
P14737	P14737	100.000	1309	1309	1309
P14737	P87074	30.200	139	1309	778
Q08176	Q08176	100.000	113	113	113
O13818	O13818	100.000	1213	1213	1213
O13818	P38851	21.500	850	1213	1228
O13818	B4F779	22.500	386	1213	662
P93333	P93333	100.000	157	157	157
Q07913	Q07913	100.000	336	336	336
Q07913	Q9D720	23.900	221	336	266
Q20010	Q20010	100.000	404	404	404
Q6I7B9	Q6I7B9	100.000	374	374	374
O08784	O08784	100.000	1320	1320	1320
O86312	O86312	100.000	212	212	212
P0A6X3	P0A6X3	100.000	102	102	102
P0AAQ9	P0AAQ9	100.000	117	117	117
P20934	P20934	100.000	223	223	223
P02666	P02666	100.000	224	224	224
P0A7J3	P0A7J3	100.000	165	165	165
P0A7J3	P66042	37.400	163	165	166
P0AB92	P0AB92	100.000	350	350	350
P22985	P22985	100.000	1331	1331	1331
P22985	O32144	26.700	724	1331	745
P22985	Q4J6M3	24.500	787	1331	748
P22985	Q4J6M6	23.700	286	1331	281
P41818	P41818	100.000	229	229	229
P82673	P82673	100.000	323	323	323
P82673	Q03976	33.300	90	323	319
P9WM03	P9WM03	100.000	340	340	340
P9WM03	A1KMU5	28.100	206	340	381
Q06675	Q06675	100.000	368	368	368
Q12039	Q12039	100.000	706	706	706
Q12039	Q10213	23.900	707	706	887
Q12039	D1KF50	21.100	691	706	1147
Q24185	Q24185	100.000	679	679	679
Q03795	Q03795	100.000	547	547	547
Q3UUG6	Q3UUG6	100.000	561	561	561
Q3UUG6	A0PJX2	26.500	215	561	215
Q78WZ7	Q78WZ7	100.000	330	330	330
Q78WZ7	P46669	27.400	124	330	326
Q8BH58	Q8BH58	100.000	271	271	271
Q8CGZ2	Q8CGZ2	100.000	613	613	613
Q02773	Q02773	100.000	1202	1202	1202
Q17RN3	Q17RN3	100.000	349	349	349
Q3TNL8	Q3TNL8	100.000	555	555	555
Q3TNL8	Q3MIP1	26.000	414	555	535
Q3TNL8	Q8C6L5	26.800	160	555	507
Q63014	Q63014	100.000	687	687	687
Q6ZV77	Q6ZV77	100.000	190	190	190
B4F7E8	B4F7E8	100.000	747	747	747
P14724	P14724	100.000	124	124	124
P27341	P27341	100.000	152	152	152
P27341	P36265	25.800	178	152	205
P32522	P32522	100.000	965	965	965
P32522	Q9SS81	18.800	545	965	687
P32522	Q9LS88	19.400	504	965	842
P32522	O80958	17.600	266	965	867
P32522	Q9S7Q2	21.100	208	965	862
P32522	Q9LS25	20.000	209	965	711
P32522	Q9SQU6	20.800	341	965	486
P9WFC9	P9WFC9	100.000	146	146	146
P9WFC9	P9WFD3	32.800	76	146	268
Q8YAA3	Q8YAA3	100.000	120	120	120
Q91YI1	Q91YI1	100.000	516	516	516
Q91YI1	Q5A1Z5	22.500	231	516	761
Q99ML1	Q99ML1	100.000	193	193	193
Q9CQQ7	Q9CQQ7	100.000	256	256	256
Q9D818	Q9D818	100.000	391	391	391
Q9D818	Q9CY86	28.900	107	391	146
P05767	P05767	100.000	51	51	51
P0C7P2	P0C7P2	100.000	107	107	107
P0CT08	P0CT08	100.000	471	471	471
P41893	P41893	100.000	156	156	156
P56784	P56784	100.000	504	504	504
P23843	P23843	100.000	543	543	543
P35203	P35203	100.000	478	478	478
P40345	P40345	100.000	661	661	661
P40345	Q4VCM1	23.700	479	661	633
P40345	P04180	24.500	432	661	440
P75090	P75090	100.000	144	144	144
P75090	P12464	25.800	85	144	173
P95257	P95257	100.000	181	181	181
G3X9Z4	G3X9Z4	100.000	1553	1553	1553
P34253	P34253	100.000	313	313	313
P34253	Q9LMH0	29.200	321	313	302
P34253	Q5I0L7	24.600	389	313	350
P34253	Q8IV42	26.000	92	313	348
P54072	P54072	100.000	576	576	576
Q08818	Q08818	100.000	692	692	692
Q62740	Q62740	100.000	203	203	203
P38634	P38634	100.000	284	284	284
P40316	P40316	100.000	373	373	373
P40867	P40867	100.000	141	141	141
P46671	P46671	100.000	204	204	204
P52415	P52415	100.000	439	439	439
P52415	P37779	25.700	190	439	292
Q9Y366	Q9Y366	100.000	437	437	437
A8MZ26	A8MZ26	100.000	197	197	197
F4JT76	F4JT76	100.000	1034	1034	1034
F4JT76	Q9VLC0	24.100	994	1034	940
F4JT76	Q22639	22.100	995	1034	1058
F4JT76	O14093	22.100	865	1034	949
F4JT76	Q12071	20.700	569	1034	889
O80632	O80632	100.000	394	394	394
P08593	P08593	100.000	268	268	268
O95711	O95711	100.000	162	162	162
O95711	Q9Y6Y9	23.300	120	162	160
P25651	P25651	100.000	190	190	190
P34554	P34554	100.000	411	411	411
P54657	P54657	100.000	213	213	213
P54657	O97113	29.100	216	213	201
Q09778	Q09778	100.000	899	899	899
Q09778	Q9EP53	23.500	319	899	1161
Q9NWS1	Q9NWS1	100.000	579	579	579
A8JAF2	A8JAF2	100.000	1719	1719	1719
A8JAF2	Q8NDM7	21.400	1014	1719	1665
A8JAF2	E9Q5M6	25.200	174	1719	1843
Q0WP44	Q0WP44	100.000	1202	1202	1202
Q0WP44	Q9HAV4	21.800	1230	1202	1204
Q0WP44	O14116	19.300	1242	1202	1234
Q0WP44	O43592	21.000	285	1202	962
Q9ZV24	Q9ZV24	100.000	148	148	148
Q9ZV24	O48528	33.700	83	148	159
A4D1B5	A4D1B5	100.000	854	854	854
A4D1B5	Q24118	21.000	898	854	915
Q9JJN6	Q9JJN6	100.000	81	81	81
Q9JJN6	Q8K3C3	38.900	77	81	190
Q9NWV4	Q9NWV4	100.000	160	160	160
Q9V7H4	Q9V7H4	100.000	1567	1567	1567
Q9V7H4	O70472	26.900	1112	1567	1877
Q9V7H4	Q18264	23.200	1093	1567	1831
P49765	P49765	100.000	207	207	207
Q0WQ75	Q0WQ75	100.000	780	780	780
Q0WQ75	Q8MSY4	26.600	748	780	740
Q0WQ75	O01839	20.500	753	780	700
Q07738	Q07738	100.000	123	123	123
Q09921	Q09921	100.000	238	238	238
Q09921	P32460	24.300	238	238	244
Q2Q5T5	Q2Q5T5	100.000	84	84	84
Q38796	Q38796	100.000	953	953	953
Q96MV1	Q96MV1	100.000	263	263	263
Q96MV1	P47153	28.500	252	263	279
Q96MV1	Q06107	27.700	209	263	315
P28235	P28235	100.000	333	333	333
P28235	Q9CX92	25.000	232	333	205
P78621	P78621	100.000	1790	1790	1790
P78621	O94532	20.900	1287	1790	1461
P78621	Q9Y613	21.400	359	1790	1164
Q9CWR1	Q9CWR1	100.000	371	371	371
Q9SK71	Q9SK71	100.000	430	430	430
A1KGY5	A1KGY5	100.000	560	560	560
A1KGY5	Q41769	25.000	495	560	638
O60756	O60756	100.000	84	84	84
O75971	O75971	100.000	98	98	98
O94326	O94326	100.000	609	609	609
O94326	Q966L5	28.000	175	609	712
P0DL12	P0DL12	100.000	118	118	118
P13798	P13798	100.000	732	732	732
P13798	Q9P778	22.300	452	732	683
P13798	Q10MJ1	24.400	209	732	938
Q08908	Q08908	100.000	694	694	694
Q08908	P32791	25.500	689	694	686
Q08908	Q12333	27.200	345	694	620
Q08908	Q04800	21.600	438	694	564
Q08908	P53109	24.000	425	694	570
Q18012	Q18012	100.000	125	125	125
Q21502	Q21502	100.000	870	870	870
Q5HID8	Q5HID8	100.000	140	140	140
Q5SQ64	Q5SQ64	100.000	297	297	297
P0CH64	P0CH64	100.000	225	225	225
P48732	P48732	100.000	543	543	543
P0DPS6	P0DPS6	100.000	167	167	167
Q96AW1	Q96AW1	100.000	172	172	172
Q9DCP9	Q9DCP9	100.000	168	168	168
Q9FWS6	Q9FWS6	100.000	325	325	325
Q9LVQ4	Q9LVQ4	100.000	649	649	649
Q9LVQ4	Q9FMN1	27.500	577	649	751
Q9LVQ4	Q9M8T5	24.100	418	649	806
Q9NRX6	Q9NRX6	100.000	74	74	74
Q9QZL9	Q9QZL9	100.000	230	230	230
Q9QZL9	Q9QUN9	41.800	55	230	349
Q9T0K1	Q9T0K1	100.000	554	554	554
Q9T0K1	Q9ZUH4	25.000	551	554	591
Q9T0K1	Q9SAK2	23.200	528	554	785
Q60774	Q60774	100.000	273	273	273
Q6ZU52	Q6ZU52	100.000	694	694	694
Q8BRC6	Q8BRC6	100.000	783	783	783
Q8BRC6	Q386N1	27.700	619	783	709
Q8K2D0	Q8K2D0	100.000	388	388	388
Q8TF63	Q8TF63	100.000	244	244	244
Q9T0F7	Q9T0F7	100.000	290	290	290
O13576	O13576	100.000	127	127	127
O35820	O35820	100.000	163	163	163
O55102	O55102	100.000	125	125	125
O95685	O95685	100.000	299	299	299
Q9SSG5	Q9SSG5	100.000	683	683	683
Q9SSG5	P53838	25.500	591	683	576
Q9SSG5	Q9Y6R1	22.300	641	683	1079
O74461	O74461	100.000	235	235	235
O94986	O94986	100.000	1710	1710	1710
P95980	P95980	100.000	406	406	406
Q13084	Q13084	100.000	256	256	256
Q13084	P36525	26.200	141	256	258
Q9FFD2	Q9FFD2	100.000	348	348	348
Q9P7S8	Q9P7S8	100.000	343	343	343
Q9P7S8	Q08760	21.500	417	343	435
Q9XHZ3	Q9XHZ3	100.000	240	240	240
A6H5Y3	A6H5Y3	100.000	1253	1253	1253
A6H5Y3	Q47690	23.800	323	1253	310
A6H5Y3	Q08985	22.600	340	1253	325
A6H5Y3	Q91WS4	24.100	306	1253	363
P22646	P22646	100.000	189	189	189
O42656	O42656	100.000	1052	1052	1052
O42656	Q69ZJ7	20.600	1116	1052	1422
O42656	Q09417	20.900	591	1052	1470
O42656	P40395	28.600	122	1052	1056
P12464	P12464	100.000	173	173	173
P20668	P20668	100.000	300	300	300
P20668	P0A9F5	30.400	240	300	324
P20668	P39647	25.100	239	300	299
P20668	P03030	22.400	294	300	311
P32480	P32480	100.000	875	875	875
P40509	P40509	100.000	296	296	296
Q8VCN9	Q8VCN9	100.000	341	341	341
Q8VCN9	Q9NVR7	24.000	133	341	557
Q96C03	Q96C03	100.000	454	454	454
Q9P7G0	Q9P7G0	100.000	707	707	707
Q9P7G0	O17580	22.100	541	707	715
A7TR87	A7TR87	100.000	859	859	859
O14246	O14246	100.000	508	508	508
Q9SIP1	Q9SIP1	100.000	263	263	263
Q9URV3	Q9URV3	100.000	296	296	296
A6H7B1	A6H7B1	100.000	145	145	145
A6H7B1	P35180	27.900	136	145	183
F4HWE6	F4HWE6	100.000	1090	1090	1090
F4HWE6	P89102	20.000	269	1090	971
F4HWE6	O01839	20.000	210	1090	700
O60086	O60086	100.000	289	289	289
O60086	Q9FFF4	28.500	196	289	477
P41223	P41223	100.000	144	144	144
P49817	P49817	100.000	178	178	178
P49817	Q94051	33.800	124	178	235
P54709	P54709	100.000	279	279	279
Q02L18	Q02L18	100.000	418	418	418
Q13296	Q13296	100.000	93	93	93
Q97UB2	Q97UB2	100.000	558	558	558
F4J284	F4J284	100.000	860	860	860
F4J284	Q9XZ06	20.800	716	860	823
F4J284	P34077	18.700	842	860	839
Q925N1	Q925N1	100.000	313	313	313
Q925N1	Q9BWM7	20.100	323	313	321
Q9XX15	Q9XX15	100.000	231	231	231
O14604	O14604	100.000	44	44	44
Q06410	Q06410	100.000	417	417	417
Q13651	Q13651	100.000	578	578	578
Q13651	Q08334	22.900	244	578	325
Q5HCP4	Q5HCP4	100.000	403	403	403
Q5HCP4	O25879	25.300	375	403	420
Q80Y55	Q80Y55	100.000	427	427	427
Q8K2P1	Q8K2P1	100.000	221	221	221
Q0KK55	Q0KK55	100.000	1742	1742	1742
Q63610	Q63610	100.000	248	248	248
Q63610	Q02088	33.500	140	248	161
Q66JV7	Q66JV7	100.000	365	365	365
Q6DFX2	Q6DFX2	100.000	487	487	487
Q6DFX2	Q14624	25.700	163	487	930
Q6ZVS7	Q6ZVS7	100.000	135	135	135
Q5XIC4	Q5XIC4	100.000	261	261	261
Q6P0K8	Q6P0K8	100.000	745	745	745
Q6P0K8	B2RY50	21.400	531	745	1037
Q6P0K8	Q9DBR3	22.600	199	745	673
Q80UK7	Q80UK7	100.000	654	654	654
Q8C3S2	Q8C3S2	100.000	1079	1079	1079
Q8C3S2	Q9VJ29	27.000	233	1079	921
Q8C3S2	Q12751	26.600	203	1079	981
Q924Z5	Q924Z5	100.000	370	370	370
Q8BX10	Q8BX10	100.000	288	288	288
Q8N6L7	Q8N6L7	100.000	170	170	170
Q8TEB9	Q8TEB9	100.000	315	315	315
Q8TEB9	Q12270	29.700	138	315	262
Q9CPR7	Q9CPR7	100.000	207	207	207
Q9CXS4	Q9CXS4	100.000	252	252	252
P38347	P38347	100.000	419	419	419
P38347	P47163	27.700	144	419	339
P50087	P50087	100.000	233	233	233
P53959	P53959	100.000	839	839	839
P53959	Q59MF9	27.200	638	839	771
P53959	Q9V564	21.200	418	839	630
Q15392	Q15392	100.000	516	516	516
Q7L2H7	Q7L2H7	100.000	374	374	374
Q7L2H7	Q09722	22.200	373	374	402
P28347	P28347	100.000	426	426	426
P36029	P36029	100.000	618	618	618
P36029	P19807	28.300	480	618	563
P36029	O60113	25.900	455	618	542
P36029	O59813	25.400	240	618	554
P40164	P40164	100.000	858	858	858
P40164	Q5SP90	25.900	698	858	818
P53195	P53195	100.000	279	279	279
P53437	P53437	100.000	365	365	365
Q9FJB4	Q9FJB4	100.000	381	381	381
Q9NRR1	Q9NRR1	100.000	136	136	136
Q9SUV9	Q9SUV9	100.000	273	273	273
Q9VWB9	Q9VWB9	100.000	1746	1746	1746
Q9VWB9	A8C756	29.800	820	1746	1938
Q9VWB9	Q03496	23.600	397	1746	1420
O74374	O74374	100.000	554	554	554
O74374	P36938	25.400	558	554	546
O74374	Q72JS7	25.300	300	554	437
O74374	P75050	23.400	401	554	554
Q06107	Q06107	100.000	315	315	315
Q06107	P47153	28.600	223	315	279
Q06107	Q96MV1	27.800	208	315	263
Q0ZCJ7	Q0ZCJ7	100.000	421	421	421
Q10432	Q10432	100.000	735	735	735
Q13790	Q13790	100.000	326	326	326
Q3TNW5	Q3TNW5	100.000	500	500	500
Q02819	Q02819	100.000	459	459	459
Q06466	Q06466	100.000	467	467	467
Q6P6C2	Q6P6C2	100.000	394	394	394
Q6P6C2	Q6P6C2	100.000	394	394	394
Q8N8Q3	Q8N8Q3	100.000	282	282	282
Q8Y459	Q8Y459	100.000	130	130	130
P0CU08	P0CU08	100.000	235	235	235
P0CU08	P0CU08	100.000	235	235	235
P42521	P42521	100.000	338	338	338
P42521	P69925	25.200	313	338	376
P42521	P37146	20.500	302	338	319
Q10333	Q10333	100.000	238	238	238
Q10333	Q12462	22.000	240	238	236
Q10333	Q9Z211	23.900	234	238	246
Q10333	Q9STY0	23.500	221	238	227
Q2TLY2	Q2TLY2	100.000	664	664	664
F4J3R7	F4J3R7	100.000	684	684	684
F4J3R7	F4J3R7	100.000	684	684	684
Q9ERS2	Q9ERS2	100.000	144	144	144
Q9LIH6	Q9LIH6	100.000	330	330	330
Q9MA92	Q9MA92	100.000	615	615	615
Q9SS87	Q9SS87	100.000	740	740	740
P08226	P08226	100.000	311	311	311
P08226	P02651	21.500	265	311	391
P08226	Q00623	21.900	223	311	264
P70213	P70213	100.000	459	459	459
Q04304	Q04304	100.000	227	227	227
Q04304	O80934	26.600	229	227	325
Q04304	Q1H537	23.100	225	227	417
Q04304	Q9Z2G9	24.000	220	227	242
Q12124	Q12124	100.000	431	431	431
Q12996	Q12996	100.000	717	717	717
Q12996	Q5AM44	27.600	565	717	791
Q12996	Q03776	20.600	383	717	544
Q5HEU2	Q5HEU2	100.000	345	345	345
O80386	O80386	100.000	1058	1058	1058
Q94KJ7	Q94KJ7	100.000	592	592	592
Q94KJ7	P20795	24.500	537	592	691
Q94KJ7	O49048	22.100	428	592	569
Q94KJ7	Q13439	21.600	475	592	2230
Q94KJ7	Q07327	21.600	597	592	597
Q9SA60	Q9SA60	100.000	793	793	793
Q9SA60	B3H672	26.100	722	793	674
Q9SA60	Q0WMY5	22.700	242	793	952
Q9SA60	Q9S7Q2	22.100	520	793	862
Q9SA60	Q8RWS8	23.700	274	793	822
Q9SA60	Q9LR67	23.900	267	793	660
Q9SA60	Q9FLD8	21.500	320	793	678
Q9SA60	Q9LKU8	22.500	434	793	766
Q9SA60	Q9LMY5	24.600	288	793	826
Q9SA60	Q9LW84	22.500	235	793	642
Q9SA60	Q9SAK0	20.300	211	793	836
Q9SA60	Q9SAD9	20.800	249	793	517
Q9SA60	O82178	19.700	274	793	591
Q9SA60	O81028	23.800	256	793	799
Q9SA60	Q3EDA9	22.300	152	793	608
Q9SA60	Q9FMU2	20.300	586	793	634
Q9SA60	O49711	25.500	231	793	843
Q9SA60	Q9LVA2	20.500	360	793	982
Q9SA60	Q9MAG8	27.600	94	793	471
Q9SA60	Q3ECH5	24.300	242	793	544
Q9SA60	P0C896	26.200	145	793	576
Q9SA60	Q0WLC6	21.700	234	793	1089
Q9SA60	Q9LSK8	20.000	375	793	688
Q9SA60	Q9SKU6	20.700	279	793	490
O59782	O59782	100.000	667	667	667
O59782	Q9BXS9	21.400	448	667	759
P36084	P36084	100.000	527	527	527
D0G6S1	D0G6S1	100.000	190	190	190
O49668	O49668	100.000	214	214	214
P0C1T5	P0C1T5	100.000	85	85	85
P0C1T5	Q9FIA9	37.100	78	85	81
P39728	P39728	100.000	267	267	267
P39728	Q12182	25.700	252	267	319
P87128	P87128	100.000	274	274	274
Q8C6D4	Q8C6D4	100.000	421	421	421
Q92341	Q92341	100.000	630	630	630
Q92341	O74395	29.400	500	630	612
Q9S7I0	Q9S7I0	100.000	1307	1307	1307
P0C2C1	P0C2C1	100.000	160	160	160
P39978	P39978	100.000	195	195	195
P71707	P71707	100.000	820	820	820
Q03772	Q03772	100.000	175	175	175
Q04149	Q04149	100.000	632	632	632
Q04149	Q4KM32	23.800	626	632	551
Q0VE29	Q0VE29	100.000	161	161	161
Q12361	Q12361	100.000	961	961	961
P05533	P05533	100.000	134	134	134
P0A9N7	P0A9N7	100.000	246	246	246
P0C671	P0C671	100.000	652	652	652
P25385	P25385	100.000	244	244	244
P30902	P30902	100.000	174	174	174
P30902	P31399	21.700	115	174	161
P0A8U5	P0A8U5	100.000	266	266	266
P32807	P32807	100.000	602	602	602
P32807	P23475	23.200	525	602	608
Q06163	Q06163	100.000	884	884	884
Q06163	O70372	21.900	616	884	1122
Q06163	Q9SPU7	20.000	698	884	1123
Q8NHR7	Q8NHR7	100.000	220	220	220
Q99M08	Q99M08	100.000	65	65	65
P40537	P40537	100.000	1034	1034	1034
P40537	Q94F30	21.000	204	1034	489
Q8BVQ5	Q8BVQ5	100.000	386	386	386
Q8BVQ5	P38796	28.800	347	386	400
Q8BVQ5	Q12405	27.100	107	386	387
Q9ESD6	Q9ESD6	100.000	167	167	167
Q9UX92	Q9UX92	100.000	133	133	133
A6NGS2	A6NGS2	100.000	130	130	130
Q9Y7U5	Q9Y7U5	100.000	1275	1275	1275
Q9Y7U5	Q06412	21.900	1070	1275	1307
Q9Y7U5	P53046	23.100	883	1275	1155
Q3ULW6	Q3ULW6	100.000	985	985	985
Q9CX92	Q9CX92	100.000	205	205	205
Q9CX92	P28235	25.100	219	205	333
Q9FJR5	Q9FJR5	100.000	174	174	174
Q9FJR5	O49603	26.900	141	174	180
Q9FJR5	Q9LUV1	28.400	169	174	173
Q9LTI3	Q9LTI3	100.000	239	239	239
Q06155	Q06155	100.000	433	433	433
Q06155	Q8IVF2	26.900	535	433	5795
Q12045	Q12045	100.000	647	647	647
Q12045	Q01649	25.200	479	647	594
P22363	P22363	100.000	297	297	297
Q9B8C9	Q9B8C9	100.000	552	552	552
Q9B8C9	P9WIW3	26.300	364	552	640
Q9FNB0	Q9FNB0	100.000	1381	1381	1381
O95551	O95551	100.000	362	362	362
P32378	P32378	100.000	372	372	372
P38271	P38271	100.000	328	328	328
P40017	P40017	100.000	923	923	923
P40017	Q704S8	19.800	724	923	626
P58197	P58197	100.000	437	437	437
P9WGF9	P9WGF9	100.000	158	158	158
P9WM59	P9WM59	100.000	212	212	212
Q02754	Q02754	100.000	198	198	198
Q03780	Q03780	100.000	787	787	787
Q09299	Q09299	100.000	738	738	738
Q09299	Q9QZN1	22.600	314	738	701
Q09299	Q9H469	22.900	253	738	300
Q09299	Q9SDA8	23.600	288	738	656
Q09299	P24814	22.600	345	738	1151
P9WMW1	P9WMW1	100.000	863	863	863
P9WMW1	P39123	21.200	583	863	798
Q19337	Q19337	100.000	536	536	536
Q5VTY9	Q5VTY9	100.000	493	493	493
Q5VTY9	Q9HCP6	29.900	451	493	504
Q5VTY9	O25526	20.600	213	493	527
Q8BPA8	Q8BPA8	100.000	203	203	203
Q8ND04	Q8ND04	100.000	991	991	991
Q8ND04	O62301	27.200	419	991	873
Q7TNS2	Q7TNS2	100.000	76	76	76
Q8BQ33	Q8BQ33	100.000	1889	1889	1889
Q8YAE0	Q8YAE0	100.000	245	245	245
Q969W3	Q969W3	100.000	186	186	186
Q96DF8	Q96DF8	100.000	476	476	476
O14307	O14307	100.000	364	364	364
P06492	P06492	100.000	490	490	490
O97756	O97756	100.000	204	204	204
O97756	Q12447	25.100	135	204	191
P39899	P39899	100.000	538	538	538
P39899	Q02RJ6	27.900	411	538	498
Q52KB6	Q52KB6	100.000	2323	2323	2323
Q3E743	Q3E743	100.000	109	109	109
Q3E743	O13689	34.000	91	109	162
Q4QQS3	Q4QQS3	100.000	379	379	379
Q99JR6	Q99JR6	100.000	245	245	245
Q9CQR2	Q9CQR2	100.000	83	83	83
Q9FFJ8	Q9FFJ8	100.000	449	449	449
P40342	P40342	100.000	146	146	146
P47086	P47086	100.000	261	261	261
Q06235	Q06235	100.000	118	118	118
Q12146	Q12146	100.000	194	194	194
Q12146	Q9CY94	25.100	195	194	216
Q3SY05	Q3SY05	100.000	128	128	128
C6KSN4	C6KSN4	100.000	2368	2368	2368
P31397	P31397	100.000	365	365	365
P31397	P06783	27.200	224	365	470
P59942	P59942	100.000	119	119	119
P91318	P91318	100.000	191	191	191
Q04006	Q04006	100.000	179	179	179
P36525	P36525	100.000	258	258	258
P49815	P49815	100.000	1807	1807	1807
Q5VW36	Q5VW36	100.000	1801	1801	1801
Q96SE0	Q96SE0	100.000	405	405	405
Q96SE0	Q5F2F2	28.900	321	405	459
Q96SE0	P08910	26.600	281	405	425
Q9N2M8	Q9N2M8	100.000	1080	1080	1080
Q9N2M8	Q9UBI9	28.700	557	1080	543
O54715	O54715	100.000	463	463	463
P00811	P00811	100.000	377	377	377
P00811	P83111	28.700	101	377	547
P0A991	P0A991	100.000	350	350	350
P11384	P11384	100.000	134	134	134
P25046	P25046	100.000	220	220	220
P25046	Q9Y7N2	40.000	60	220	138
Q9T0K9	Q9T0K9	100.000	195	195	195
Q9Y809	Q9Y809	100.000	811	811	811
Q9Y809	Q6QI44	24.600	658	811	970
Q9Y809	F4KEY9	24.800	519	811	1065
O60673	O60673	100.000	3130	3130	3130
O60673	O89042	23.400	666	3130	1451
O60673	P21189	25.200	424	3130	783
O60673	P95979	24.300	255	3130	764
Q04201	Q04201	100.000	117	117	117
Q04201	P87238	32.700	55	117	215
Q04201	Q59NY7	35.700	42	117	189
Q04ML1	Q04ML1	100.000	311	311	311
Q18508	Q18508	100.000	1784	1784	1784
Q18508	Q8CJF7	20.000	745	1784	2243
Q83QR3	Q83QR3	100.000	270	270	270
Q83QR3	Q8N0Z8	27.800	276	270	303
Q83QR3	O94396	24.500	171	270	534
Q8BHN9	Q8BHN9	100.000	321	321	321
Q8CIL4	Q8CIL4	100.000	281	281	281
Q8N0Z6	Q8N0Z6	100.000	440	440	440
P92969	P92969	100.000	976	976	976
Q96M42	Q96M42	100.000	142	142	142
Q99MH3	Q99MH3	100.000	84	84	84
Q9C9T2	Q9C9T2	100.000	451	451	451
Q9M015	Q9M015	100.000	170	170	170
Q9LK32	Q9LK32	100.000	234	234	234
Q9NRR8	Q9NRR8	100.000	79	79	79
Q9UIA9	Q9UIA9	100.000	1087	1087	1087
Q9UIA9	Q9ESJ0	19.800	1146	1087	1151
O13713	O13713	100.000	307	307	307
O13713	Q6PJT7	30.600	98	307	736
O81062	O81062	100.000	344	344	344
F4IFN6	F4IFN6	100.000	2138	2138	2138
F4IFN6	O89042	24.300	365	2138	1451
F4IFN6	P21189	22.700	251	2138	783
Q4KM45	Q4KM45	100.000	174	174	174
P69718	P69718	100.000	116	116	116
Q93YU5	Q93YU5	100.000	1053	1053	1053
Q93YU5	Q96A65	20.900	1055	1053	974
Q93YU5	Q9HE88	20.300	1007	1053	1111
Q93YU5	Q9XWS2	22.100	478	1053	893
Q9P7S4	Q9P7S4	100.000	365	365	365
Q9P7S4	Q59U67	25.900	335	365	363
P45577	P45577	100.000	232	232	232
P49814	P49814	100.000	312	312	312
P53275	P53275	100.000	312	312	312
P53275	P54797	26.300	288	312	276
P96596	P96596	100.000	272	272	272
Q02209	Q02209	100.000	353	353	353
Q9ZUN5	Q9ZUN5	100.000	270	270	270
O60179	O60179	100.000	1649	1649	1649
O60179	A4QTQ9	24.700	1820	1649	1796
O60179	P42945	23.600	1805	1649	1769
O60179	Q9H583	25.100	1222	1649	2144
O60179	Q9VM75	24.300	948	1649	2096
O60179	Q9C8Z4	22.200	1033	1649	2197
O60179	Q23495	20.200	1123	1649	1650
P57770	P57770	100.000	650	650	650
Q07533	Q07533	100.000	885	885	885
Q60739	Q60739	100.000	355	355	355
Q96LY2	Q96LY2	100.000	380	380	380
Q99359	Q99359	100.000	647	647	647
Q9D5J6	Q9D5J6	100.000	476	476	476
Q9D5J6	Q3MIF4	21.400	285	476	536
Q9US05	Q9US05	100.000	452	452	452
Q9US05	Q06631	28.400	485	452	534
Q9US05	Q9VM95	29.100	347	452	488
Q9VYY2	Q9VYY2	100.000	199	199	199
Q9N2W7	Q9N2W7	100.000	146	146	146
Q9UT28	Q9UT28	100.000	255	255	255
E9QAT4	E9QAT4	100.000	2357	2357	2357
E9QAT4	P34643	26.000	453	2357	1232
P67870	P67870	100.000	215	215	215
Q15049	Q15049	100.000	377	377	377
P06922	P06922	100.000	92	92	92
Q91YV9	Q91YV9	100.000	403	403	403
Q9LJR7	Q9LJR7	100.000	290	290	290
Q9XHR2	Q9XHR2	100.000	962	962	962
O05389	O05389	100.000	341	341	341
O05389	Q9SZ83	27.900	143	341	362
O05389	Q9CY64	21.400	163	341	295
A7TM88	A7TM88	100.000	1378	1378	1378
A7TM88	Q9P7Y8	23.300	347	1378	706
O59704	O59704	100.000	1253	1253	1253
O59704	Q9VGK7	27.700	1261	1253	1252
O59704	Q9FNA4	27.400	1241	1253	1319
P40031	P40031	100.000	143	143	143
P80928	P80928	100.000	115	115	115
Q03770	Q03770	100.000	852	852	852
Q03770	A0A1D8PN88	24.000	582	852	599
P76396	P76396	100.000	219	219	219
P9WMS5	P9WMS5	100.000	217	217	217
P9WMS5	Q94K71	26.000	230	217	319
P9WMS5	P71447	22.600	203	217	221
Q12296	Q12296	100.000	706	706	706
Q12296	G5ED05	23.400	397	706	722
Q5EBG6	Q5EBG6	100.000	162	162	162
Q5NBU8	Q5NBU8	100.000	273	273	273
Q5A216	Q5A216	100.000	788	788	788
Q5A216	Q10198	21.000	580	788	624
Q5A216	Q9D0F1	23.100	333	788	642
Q5A216	Q17635	25.800	147	788	590
Q6AXN4	Q6AXN4	100.000	673	673	673
Q6AXN4	Q9VCG4	22.400	655	673	578
Q83QV0	Q83QV0	100.000	828	828	828
Q83QV0	P20099	20.100	726	828	777
Q93015	Q93015	100.000	286	286	286
Q96QA6	Q96QA6	100.000	119	119	119
A1KPS2	A1KPS2	100.000	358	358	358
O14200	O14200	100.000	495	495	495
O14200	Q92543	23.000	191	495	992
O14200	O74444	25.800	178	495	749
O64885	O64885	100.000	326	326	326
O64885	Q9P287	28.000	246	326	314
O64885	Q06338	22.600	260	326	283
P06774	P06774	100.000	265	265	265
P0A6Z9	P0A6Z9	100.000	133	133	133
Q9FJW4	Q9FJW4	100.000	154	154	154
Q9LP45	Q9LP45	100.000	419	419	419
Q9LP45	P61203	25.700	342	419	443
Q9LP45	Q9GS00	21.600	143	419	601
Q9SVG5	Q9SVG5	100.000	532	532	532
Q9SVG5	P10867	22.900	187	532	440
O07636	O07636	100.000	161	161	161
O25806	O25806	100.000	2890	2890	2890
Q7TMA4	Q7TMA4	100.000	361	361	361
Q7TMA4	Q18534	22.800	320	361	457
Q8CAK3	Q8CAK3	100.000	290	290	290
Q8NCS4	Q8NCS4	100.000	154	154	154
Q8NCS4	Q9D328	27.800	140	154	167
Q8VCN5	Q8VCN5	100.000	398	398	398
Q8VCN5	Q12198	28.700	278	398	575
Q96M91	Q96M91	100.000	514	514	514
Q96M91	A8IRJ7	25.600	453	514	482
O48917	O48917	100.000	477	477	477
O48917	P04397	29.300	143	477	699
O48917	Q9LH76	21.200	282	477	664
P92539	P92539	100.000	159	159	159
Q10492	Q10492	100.000	197	197	197
Q1KPV0	Q1KPV0	100.000	912	912	912
Q1KPV0	Q8IWA4	24.900	297	912	741
Q1KPV0	P38297	27.100	210	912	855
Q1KPV0	P9WJ95	26.200	187	912	493
Q9P7U3	Q9P7U3	100.000	189	189	189
Q9FLU1	Q9FLU1	100.000	454	454	454
Q9PLV4	Q9PLV4	100.000	127	127	127
A2RTF1	A2RTF1	100.000	1109	1109	1109
A0ZWU1	A0ZWU1	100.000	251	251	251
O95479	O95479	100.000	791	791	791
Q9D2V5	Q9D2V5	100.000	384	384	384
Q9D2V5	Q6LA53	22.000	336	384	346
Q9D2V5	P32357	24.000	303	384	355
O23550	O23550	100.000	310	310	310
O65628	O65628	100.000	458	458	458
O65628	Q3U308	22.500	515	458	514
O65628	A3M0F4	21.700	303	458	448
Q99176	Q99176	100.000	213	213	213
Q9SSR4	Q9SSR4	100.000	819	819	819
Q9SSR4	Q9LMY5	26.100	734	819	826
Q9SSR4	Q9FMF6	25.400	651	819	730
Q9SSR4	O80958	25.700	712	819	867
Q9SSR4	Q9SS81	28.000	532	819	687
Q9SSR4	Q0WMY5	24.100	597	819	952
Q9SSR4	Q9LW84	25.500	532	819	642
Q9SSR4	O81028	23.500	693	819	799
Q9SSR4	Q9LSK8	25.800	577	819	688
Q9SSR4	Q9S7Q2	21.500	617	819	862
Q9SSR4	Q9SAD9	26.500	437	819	517
Q9SSR4	Q9LKU8	25.400	570	819	766
Q9SSR4	Q9FRS4	24.300	427	819	559
Q9SSR4	Q9LVA2	23.500	645	819	982
Q9SSR4	Q8RWS8	24.300	502	819	822
Q9SSR4	Q9LR67	27.400	375	819	660
Q9SSR4	Q9SVH3	24.400	499	819	727
Q9SSR4	Q9FLD8	22.800	504	819	678
Q9SSR4	Q9MAG8	26.600	432	819	471
Q9SSR4	O82178	24.000	432	819	591
Q9SSR4	Q9M3A8	25.600	358	819	629
Q9SSR4	Q9ZUU3	19.900	587	819	757
Q9SSR4	Q3ECH5	22.500	520	819	544
Q9SSR4	Q9LS88	23.500	653	819	842
Q9SSR4	Q3EDA9	20.600	542	819	608
Q9SSR4	P0C896	24.600	491	819	576
Q9SSR4	Q9SNB7	21.300	468	819	665
Q9SSR4	Q0WLC6	25.300	351	819	1089
Q9SSR4	Q9LS25	22.300	399	819	711
Q9SSR4	Q9M2C8	22.200	351	819	498
Q9SSR4	Q9FMU2	21.200	528	819	634
Q9SSR4	Q9SQU6	24.100	335	819	486
Q9SSR4	Q9SAK0	21.000	461	819	836
Q9SSR4	Q9ZUU7	26.200	286	819	462
Q9SSR4	Q9M4P3	20.700	420	819	656
Q9SSR4	Q9SA76	21.100	322	819	1006
Q9SSR4	Q9SGQ6	21.300	510	819	773
Q9SSR4	O49711	23.600	250	819	843
Q9SSR4	B3H4P1	18.300	545	819	661
Q9SSR4	Q8LPF1	21.300	360	819	668
Q9SSR4	Q9SKU6	23.100	311	819	490
Q9SSR4	O23278	28.500	126	819	501
Q9SSR4	O49343	22.900	179	819	452
Q9SSR4	Q9SA60	22.200	256	819	793
Q9SSR4	Q9FZD1	21.400	452	819	630
Q9SSR4	Q12089	22.000	263	819	606
Q9SSR4	B3H672	19.100	266	819	674
O95445	O95445	100.000	188	188	188
P14198	P14198	100.000	678	678	678
Q04413	Q04413	100.000	109	109	109
Q08504	Q08504	100.000	108	108	108
Q09773	Q09773	100.000	1487	1487	1487
Q09773	Q10250	29.500	1369	1487	1517
Q09773	Q12275	22.900	1461	1487	1648
Q09773	Q8BWT5	21.300	1347	1487	1523
P27449	P27449	100.000	155	155	155
P31785	P31785	100.000	369	369	369
P31785	Q01344	23.600	241	369	420
P31785	Q8R4S8	22.900	296	369	360
P31785	P26955	22.300	215	369	896
P31785	Q63257	27.000	237	369	801
P36265	P36265	100.000	205	205	205
P36265	P27341	25.600	179	205	152
P39396	P39396	100.000	716	716	716
P53747	P53747	100.000	219	219	219
Q01684	Q01684	100.000	191	191	191
Q23925	Q23925	100.000	909	909	909
Q9LD45	Q9LD45	100.000	247	247	247
Q9LD45	Q9H3K2	27.600	163	247	345
Q9P0J6	Q9P0J6	100.000	103	103	103
Q9SAF8	Q9SAF8	100.000	41	41	41
Q9VI55	Q9VI55	100.000	782	782	782
Q9VI55	Q9LX73	25.300	797	782	804
P07398	P07398	100.000	113	113	113
Q09732	Q09732	100.000	357	357	357
Q09732	P25559	24.000	379	357	380
Q09732	Q9BVC3	24.500	375	357	393
A1L1J9	A1L1J9	100.000	702	702	702
P40396	P40396	100.000	192	192	192
P00936	P00936	100.000	848	848	848
P28271	P28271	100.000	889	889	889
P75518	P75518	100.000	223	223	223
P9WG17	P9WG17	100.000	349	349	349
Q05949	Q05949	100.000	395	395	395
G2TRL7	G2TRL7	100.000	102	102	102
O04173	O04173	100.000	134	134	134
O14080	O14080	100.000	208	208	208
O74940	O74940	100.000	700	700	700
O74940	P08164	22.800	271	700	272
P55099	P55099	100.000	116	116	116
Q9M0L3	Q9M0L3	100.000	170	170	170
Q9M0L3	Q9SIH4	26.900	152	170	206
Q9P6L2	Q9P6L2	100.000	468	468	468
Q9P6L2	Q12504	28.700	341	468	494
Q9P6L2	Q8TBK2	26.900	293	468	473
Q9P6L2	P38222	23.400	358	468	552
Q9P6L2	Q86TU7	29.800	124	468	594
Q9ZVA7	Q9ZVA7	100.000	468	468	468
O07542	O07542	100.000	117	117	117
O31962	O31962	100.000	236	236	236
P32776	P32776	100.000	642	642	642
P32776	Q3ECP0	25.100	243	642	591
P38839	P38839	100.000	148	148	148
P43606	P43606	100.000	678	678	678
P9WKV9	P9WKV9	100.000	148	148	148
Q03604	Q03604	100.000	788	788	788
Q09366	Q09366	100.000	414	414	414
Q96EL2	Q96EL2	100.000	167	167	167
Q9D7K2	Q9D7K2	100.000	161	161	161
Q9FN89	Q9FN89	100.000	509	509	509
Q9FN89	Q9US41	28.000	146	509	439
Q9Z0K7	Q9Z0K7	100.000	110	110	110
Q4V8A6	Q4V8A6	100.000	172	172	172
Q4V8A6	Q9VTM0	33.300	90	172	167
Q58DX5	Q58DX5	100.000	795	795	795
Q58DX5	Q08919	22.100	248	795	783
Q6V7V2	Q6V7V2	100.000	548	548	548
Q8IWA4	Q8IWA4	100.000	741	741	741
Q8IWA4	Q1KPV0	24.200	317	741	912
Q8WYQ3	Q8WYQ3	100.000	142	142	142
Q9SAF6	Q9SAF6	100.000	1128	1128	1128
Q9SAF6	Q0JJ05	28.600	842	1128	987
O94643	O94643	100.000	441	441	441
P41834	P41834	100.000	346	346	346
Q19127	Q19127	100.000	1383	1383	1383
Q19127	Q0EEE2	20.000	971	1383	906
Q19127	O35595	25.800	205	1383	1182
Q9LND7	Q9LND7	100.000	436	436	436
Q9LND7	Q9UK99	24.500	456	436	471
P32387	P32387	100.000	263	263	263
P32387	O35972	25.500	90	263	146
P40026	P40026	100.000	464	464	464
P54147	P54147	100.000	507	507	507
P9WM83	P9WM83	100.000	88	88	88
Q04KU8	Q04KU8	100.000	313	313	313
Q8C8T8	Q8C8T8	100.000	191	191	191
Q8K2Q0	Q8K2Q0	100.000	198	198	198
Q8VCD5	Q8VCD5	100.000	649	649	649
Q99487	Q99487	100.000	392	392	392
Q9NU19	Q9NU19	100.000	505	505	505
Q9NU19	Q80XQ2	24.600	239	505	815
Q9NU19	P32806	23.700	181	505	458
A7TR90	A7TR90	100.000	144	144	144
A8MT66	A8MT66	100.000	165	165	165
F4KCC2	F4KCC2	100.000	2006	2006	2006
F4KCC2	Q6ZT12	20.600	2018	2006	1888
F4KCC2	Q8IWV7	21.400	2067	2006	1749
F4KCC2	O60152	20.500	2094	2006	1958
F4KCC2	P91133	20.700	2131	2006	2058
F4KCC2	P19812	21.300	923	2006	1950
F4KCC2	Q07963	24.300	193	2006	1872
O02056	O02056	100.000	345	345	345
O96185	O96185	100.000	2588	2588	2588
O96185	O96185	100.000	2588	2588	2588
P96625	P96625	100.000	147	147	147
Q04437	Q04437	100.000	629	629	629
Q04437	P23475	29.500	149	629	608
Q04437	P27641	25.800	147	629	732
Q53FT3	Q53FT3	100.000	197	197	197
Q53FT3	Q08202	20.700	251	197	246
Q62187	Q62187	100.000	859	859	859
Q8K561	Q8K561	100.000	1137	1137	1137
Q8K561	Q8C160	22.900	361	1137	685
G3UW99	G3UW99	100.000	86	86	86
J3QMY9	J3QMY9	100.000	579	579	579
O74481	O74481	100.000	561	561	561
O94676	O94676	100.000	1097	1097	1097
O94676	P53254	26.300	1159	1097	1237
O94676	Q9H6R4	25.200	1115	1097	1146
Q39129	Q39129	100.000	120	120	120
Q39129	O48529	24.000	108	120	234
Q39129	P31142	28.900	128	120	281
P0AAS1	P0AAS1	100.000	156	156	156
P16664	P16664	100.000	663	663	663
P37727	P37727	100.000	650	650	650
P37727	O24653	26.700	295	650	444
P47054	P47054	100.000	1683	1683	1683
Q07362	Q07362	100.000	185	185	185
Q03579	Q03579	100.000	150	150	150
Q08906	Q08906	100.000	153	153	153
Q09324	Q09324	100.000	428	428	428
Q09324	Q9FLD7	21.700	299	428	447
Q4J929	Q4J929	100.000	203	203	203
Q5U465	Q5U465	100.000	500	500	500
G5ECG0	G5ECG0	100.000	260	260	260
G5ECG0	Q9JJ11	19.200	135	260	631
O43087	O43087	100.000	457	457	457
O43087	P87245	29.100	79	457	607
O94716	O94716	100.000	233	233	233
P0A9Q8	P0A9Q8	100.000	891	891	891
P0A9Q8	Q8R0N6	27.000	318	891	465
P0A9Q8	Q46856	25.500	391	891	387
P54217	P54217	100.000	299	299	299
P53540	P53540	100.000	846	846	846
P53540	P58854	24.600	405	846	905
P53540	Q9C5H9	20.200	495	846	678
P53540	Q9VKU7	22.800	228	846	650
P53540	Q9UGJ1	19.200	301	846	667
Q06032	Q06032	100.000	482	482	482
Q06032	Q9VWI4	26.700	157	482	211
Q0VF49	Q0VF49	100.000	1180	1180	1180
Q3USH1	Q3USH1	100.000	422	422	422
Q5BJE1	Q5BJE1	100.000	867	867	867
Q92748	Q92748	100.000	146	146	146
Q96P67	Q96P67	100.000	336	336	336
Q9BYG7	Q9BYG7	100.000	248	248	248
Q9BYG7	Q6ZUA9	30.300	165	248	1318
Q9D541	Q9D541	100.000	1642	1642	1642
Q9D541	Q9D541	100.000	1642	1642	1642
Q9NU23	Q9NU23	100.000	88	88	88
Q12175	Q12175	100.000	901	901	901
Q12175	F4JEP5	29.700	621	901	807
Q12175	P40965	21.500	681	901	878
Q8BXG3	Q8BXG3	100.000	429	429	429
Q8TEL6	Q8TEL6	100.000	797	797	797
Q9P804	Q9P804	100.000	548	548	548
Q9P804	Q4J947	26.100	336	548	382
Q9P804	Q496Z9	26.500	286	548	723
C6Y4B4	C6Y4B4	100.000	122	122	122
Q9QXE5	Q9QXE5	100.000	509	509	509
A8MWL6	A8MWL6	100.000	223	223	223
O42998	O42998	100.000	1919	1919	1919
O42998	Q5PRF0	21.100	1075	1919	2038
O42998	F4HRS2	25.100	409	1919	2222
P69011	P69011	100.000	31	31	31
P71447	P71447	100.000	221	221	221
P71447	P77625	25.300	193	221	216
P71447	Q94K71	26.500	207	221	319
P71447	P9WMS5	21.300	206	221	217
Q925J9	Q925J9	100.000	1575	1575	1575
Q925J9	Q9VP05	29.100	604	1575	1475
Q9CQV4	Q9CQV4	100.000	466	466	466
Q9HBV2	Q9HBV2	100.000	294	294	294
Q9NR45	Q9NR45	100.000	359	359	359
Q9QZN1	Q9QZN1	100.000	701	701	701
Q9QZN1	P24814	24.400	360	701	1151
Q9QZN1	Q9SRR1	25.400	373	701	395
Q9QZN1	Q9H469	26.900	197	701	300
Q9QZN1	Q9M096	24.200	272	701	301
Q9QZN1	Q9SDA8	22.300	381	701	656
Q9QZN1	Q09299	22.900	314	701	738
Q9QZN1	P06779	21.300	346	701	565
Q9QZN1	P38285	27.400	113	701	549
Q9QZN1	Q0WRC9	21.600	277	701	479
Q9QZN1	Q9SIM9	23.200	215	701	693
P38907	P38907	100.000	458	458	458
Q06822	Q06822	100.000	443	443	443
Q940G0	Q940G0	100.000	589	589	589
Q940G0	P40071	23.700	670	589	706
Q9FUJ3	Q9FUJ3	100.000	501	501	501
Q9FUJ3	P10867	26.700	202	501	440
Q9SCB9	Q9SCB9	100.000	354	354	354
Q9CR78	Q9CR78	100.000	275	275	275
Q9DB94	Q9DB94	100.000	358	358	358
Q9DB94	P53622	22.100	226	358	1201
Q9DB94	Q3UKJ7	22.900	266	358	513
Q9DB94	P33215	27.800	176	358	660
Q9DB94	B1ANS9	24.800	153	358	1081
Q9LKW9	Q9LKW9	100.000	1146	1146	1146
Q9LKW9	B2RXE2	26.700	407	1146	898
Q9VYQ5	Q9VYQ5	100.000	536	536	536
Q9VYQ5	Q9VGB5	23.300	535	536	487
Q9VYQ5	Q9VRM7	30.300	165	536	543
Q9VYQ5	Q9VUF8	19.800	398	536	540
A6PWV3	A6PWV3	100.000	263	263	263
A6PWV3	Q6UXV1	27.100	177	263	221
P53293	P53293	100.000	376	376	376
Q38CB5	Q38CB5	100.000	261	261	261
Q9FMW8	Q9FMW8	100.000	354	354	354
Q9FMW8	P0AG40	26.400	250	354	313
Q9M9F0	Q9M9F0	100.000	311	311	311
Q9SVC4	Q9SVC4	100.000	64	64	64
Q13569	Q13569	100.000	410	410	410
Q3UUA0	Q3UUA0	100.000	195	195	195
Q3UUA0	Q9CTN8	25.800	147	195	222
Q4JB01	Q4JB01	100.000	351	351	351
Q4JB01	O13702	24.300	255	351	450
Q4JB01	Q9P7R0	26.200	309	351	1573
Q5U3K5	Q5U3K5	100.000	725	725	725
Q6ZN03	Q6ZN03	100.000	302	302	302
P36131	P36131	100.000	295	295	295
P40797	P40797	100.000	539	539	539
P53209	P53209	100.000	190	190	190
P58297	P58297	100.000	465	465	465
P64451	P64451	100.000	222	222	222
Q8IYV9	Q8IYV9	100.000	350	350	350
Q8TAF5	Q8TAF5	100.000	88	88	88
Q8WUF8	Q8WUF8	100.000	416	416	416
Q96A49	Q96A49	100.000	352	352	352
Q96T76	Q96T76	100.000	1030	1030	1030
Q96T76	Q95U54	26.500	1025	1030	959
Q96T76	P40469	24.300	1062	1030	1032
Q96T76	Q0WVF8	23.200	1130	1030	1134
P45432	P45432	100.000	441	441	441
P45432	O94308	27.100	361	441	422
P45432	Q9GS00	26.100	478	441	601
P45432	Q93Y35	26.200	198	441	387
P45432	P61203	21.000	214	441	443
Q0VFX4	Q0VFX4	100.000	171	171	171
Q12270	Q12270	100.000	262	262	262
Q12270	Q8TEB9	27.900	154	262	315
P03274	P03274	100.000	250	250	250
Q940J8	Q940J8	100.000	391	391	391
Q940J8	Q6P988	23.800	377	391	496
P11655	P11655	100.000	471	471	471
Q03400	Q03400	100.000	585	585	585
Q03400	Q03400	100.000	585	585	585
Q10SY9	Q10SY9	100.000	472	472	472
Q10SY9	Q62052	23.600	500	472	833
Q39089	Q39089	100.000	313	313	313
Q3URS3	Q3URS3	100.000	161	161	161
P36054	P36054	100.000	211	211	211
P39734	P39734	100.000	528	528	528
P53112	P53112	100.000	341	341	341
P53112	O75381	26.100	233	341	377
P53235	P53235	100.000	642	642	642
P53235	Q8BJW6	28.900	608	642	581
P64490	P64490	100.000	99	99	99
Q06245	Q06245	100.000	871	871	871
Q06245	Q3TPX4	20.000	792	871	708
Q06245	Q2QV94	21.400	816	871	806
Q5AFI4	Q5AFI4	100.000	337	337	337
Q6NSV7	Q6NSV7	100.000	578	578	578
Q8NDZ2	Q8NDZ2	100.000	872	872	872
Q9H777	Q9H777	100.000	363	363	363
Q9H777	Q8CGS5	26.300	330	363	827
Q9H777	P36159	23.100	341	363	838
Q9H777	O44476	23.300	339	363	833
Q921W8	Q921W8	100.000	192	192	192
Q9C969	Q9C969	100.000	394	394	394
Q9C969	Q9SAR0	23.800	352	394	495
Q9C969	Q10MQ2	24.600	341	394	464
Q9C969	Q64602	24.700	359	394	425
Q9C969	Q9S5G6	20.800	240	394	356
Q9FT52	Q9FT52	100.000	168	168	168
Q9FT52	P31399	29.700	94	168	161
Q9LS45	Q9LS45	100.000	184	184	184
Q9LS45	B6SGC5	26.600	139	184	239
Q9LS45	B6SJQ0	27.800	104	184	428
Q9NA80	Q9NA80	100.000	642	642	642
Q9NA80	Q8BKH7	27.500	254	642	522
Q9NA80	Q9V719	25.600	246	642	569
P32912	P32912	100.000	316	316	316
P32912	P31377	36.800	76	316	255
P43557	P43557	100.000	207	207	207
P43557	Q9GZT6	26.400	189	207	254
P57679	P57679	100.000	992	992	992
Q6AYK2	Q6AYK2	100.000	403	403	403
Q8N319	Q8N319	100.000	242	242	242
Q0VDD8	Q0VDD8	100.000	3507	3507	3507
Q0VDD8	Q8BW94	25.600	3075	3507	4083
Q0VDD8	Q9JJ79	23.900	2242	3507	4306
Q0VDD8	Q8IID4	19.900	2386	3507	5251
Q0VDD8	P36022	21.200	2105	3507	4092
Q0VDD8	O13290	21.000	1687	3507	4196
Q0VDD8	Q96M86	24.100	563	3507	4753
O74368	O74368	100.000	313	313	313
P22193	P22193	100.000	323	323	323
P22193	O60671	28.600	279	323	282
P22193	P48581	23.200	280	323	401
P70537	P70537	100.000	144	144	144
Q04807	Q04807	100.000	146	146	146
Q03880	Q03880	100.000	122	122	122
Q04279	Q04279	100.000	960	960	960
Q07963	Q07963	100.000	1872	1872	1872
Q07963	O60152	20.400	2028	1872	1958
Q07963	P19812	22.900	1183	1872	1950
Q07963	Q8IWV7	20.300	1171	1872	1749
Q07963	P91133	19.700	1057	1872	2058
Q07963	Q6ZT12	23.100	341	1872	1888
Q07963	F4KCC2	24.300	193	1872	2006
Q6ZQ38	Q6ZQ38	100.000	1230	1230	1230
Q8K3C3	Q8K3C3	100.000	190	190	190
Q8K3C3	Q9JJN6	37.000	81	190	81
Q99807	Q99807	100.000	217	217	217
Q9NXH3	Q9NXH3	100.000	145	145	145
Q9QZ88	Q9QZ88	100.000	182	182	182
A4QTI0	A4QTI0	100.000	804	804	804
A4QTI0	P36114	24.100	787	804	725
A4QTI0	A2ACP1	23.200	473	804	578
A4QTI0	Q8VE09	25.500	219	804	580
P53059	P53059	100.000	558	558	558
P53059	P39106	26.300	551	558	762
P36068	P36068	100.000	246	246	246
P42676	P42676	100.000	704	704	704
P42676	Q949P2	28.400	682	704	701
Q04800	Q04800	100.000	564	564	564
Q04800	P32791	24.700	448	564	686
Q04800	Q08908	21.900	438	564	694
Q04800	Q12333	21.000	375	564	620
Q04800	P53109	22.000	404	564	570
Q04800	Q96PH1	20.000	394	564	765
Q4J9A8	Q4J9A8	100.000	245	245	245
Q4J9A8	Q4JAI6	25.200	246	245	247
Q4J9A8	P15873	18.800	223	245	258
Q5SS90	Q5SS90	100.000	291	291	291
P40530	P40530	100.000	394	394	394
P40530	Q9SBJ1	24.100	306	394	366
P40530	P53170	21.600	435	394	491
P40530	P07363	23.600	249	394	654
P52823	P52823	100.000	247	247	247
P53735	P53735	100.000	605	605	605
P53735	O14329	31.000	187	605	386
P75207	P75207	100.000	660	660	660
Q02170	Q02170	100.000	231	231	231
O97336	O97336	100.000	317	317	317
P11872	P11872	100.000	513	513	513
P53397	P53397	100.000	376	376	376
P53397	O31544	22.600	212	376	287
Q20332	Q20332	100.000	519	519	519
Q20332	Q9W5A5	21.200	465	519	655
Q20332	P0C5X8	24.000	245	519	450
Q6QM28	Q6QM28	100.000	496	496	496
Q8VHT6	Q8VHT6	100.000	369	369	369
Q8VHT6	O53532	25.400	177	369	353
Q8VHT6	Q39227	26.400	159	369	361
Q8VHT6	Q9DD20	27.900	154	369	244
Q97YD4	Q97YD4	100.000	291	291	291
Q9DA03	Q9DA03	100.000	104	104	104
Q9DBU6	Q9DBU6	100.000	334	334	334
Q9H1Z4	Q9H1Z4	100.000	485	485	485
Q9H3Q3	Q9H3Q3	100.000	398	398	398
Q9UPR3	Q9UPR3	100.000	1016	1016	1016
Q9UPR3	Q92540	27.500	225	1016	1137
Q9UPR3	O14338	36.300	55	1016	891
F4KIL8	F4KIL8	100.000	492	492	492
O60096	O60096	100.000	315	315	315
O60096	P53292	23.900	192	315	345
P02381	P02381	100.000	398	398	398
Q8N715	Q8N715	100.000	623	623	623
Q8N715	Q3UHB8	26.800	373	623	706
Q8TAG6	Q8TAG6	100.000	207	207	207
Q91VW3	Q91VW3	100.000	93	93	93
Q96A65	Q96A65	100.000	974	974	974
Q96A65	Q9XWS2	28.300	935	974	893
Q96A65	Q9HE88	22.200	971	974	1111
Q96A65	Q93YU5	21.000	1033	974	1053
Q96A65	P32855	17.700	949	974	1065
Q96A65	O74562	18.300	922	974	1073
Q9H0E2	Q9H0E2	100.000	274	274	274
A2A9C3	A2A9C3	100.000	3431	3431	3431
Q08417	Q08417	100.000	382	382	382
Q08417	O13780	29.400	295	382	324
Q08417	Q12253	22.300	260	382	270
Q10009	Q10009	100.000	92	92	92
Q12102	Q12102	100.000	859	859	859
Q12102	Q9LKF9	23.700	821	859	739
Q12102	Q9NV88	20.600	382	859	658
Q4J947	Q4J947	100.000	382	382	382
Q4J947	Q496Z9	24.300	452	382	723
Q4J947	Q9P804	26.100	336	382	548
Q9LX83	Q9LX83	100.000	388	388	388
Q9LX83	Q8BX37	27.700	274	388	438
Q9SX99	Q9SX99	100.000	261	261	261
Q9SX99	Q9FYJ2	24.300	222	261	360
Q9ZNV5	Q9ZNV5	100.000	175	175	175
B0VSP4	B0VSP4	100.000	96	96	96
C9JSJ3	C9JSJ3	100.000	638	638	638
Q9USW9	Q9USW9	100.000	244	244	244
Q9Y2R0	Q9Y2R0	100.000	106	106	106
Q9Y5Z4	Q9Y5Z4	100.000	205	205	205
Q9Y5Z4	Q9NRV9	28.200	177	205	189
Q9Z0F7	Q9Z0F7	100.000	123	123	123
A3LU29	A3LU29	100.000	213	213	213
A8MT33	A8MT33	100.000	242	242	242
C5DZU3	C5DZU3	100.000	837	837	837
O74732	O74732	100.000	338	338	338
P00498	P00498	100.000	297	297	297
P00498	Q10S55	27.000	318	297	404
P30634	P30634	100.000	316	316	316
P52891	P52891	100.000	726	726	726
P52891	Q9V466	23.700	577	726	845
P52891	O13756	23.700	198	726	1272
Q8R1U2	Q8R1U2	100.000	281	281	281
Q96KF7	Q96KF7	100.000	97	97	97
Q9CHE9	Q9CHE9	100.000	79	79	79
Q9CHE9	Q5HFD7	47.800	46	79	60
Q9CQQ4	Q9CQQ4	100.000	269	269	269
Q13261	Q13261	100.000	267	267	267
Q2NKX9	Q2NKX9	100.000	166	166	166
Q4JAE8	Q4JAE8	100.000	48	48	48
Q4V7A4	Q4V7A4	100.000	812	812	812
Q5VW32	Q5VW32	100.000	411	411	411
Q5VW32	P48582	24.500	318	411	844
Q76ZQ4	Q76ZQ4	100.000	70	70	70
Q93WL3	Q93WL3	100.000	238	238	238
Q93WL3	P0C281	27.400	135	238	818
Q9CY86	Q9CY86	100.000	146	146	146
Q9CY86	Q9D818	29.900	107	146	391
Q9JJK1	Q9JJK1	100.000	265	265	265
Q9SL15	Q9SL15	100.000	145	145	145
P53911	P53911	100.000	425	425	425
P72932	P72932	100.000	57	57	57
P72932	O04921	45.700	35	57	512
P80229	P80229	100.000	378	378	378
P9WL61	P9WL61	100.000	93	93	93
P9WPJ5	P9WPJ5	100.000	338	338	338
Q9ZUX4	Q9ZUX4	100.000	113	113	113
A0A1D8PDZ1	A0A1D8PDZ1	100.000	122	122	122
A4D0V7	A4D0V7	100.000	1026	1026	1026
P0ABP8	P0ABP8	100.000	239	239	239
P0ABP8	P12758	27.300	245	239	253
P21697	P21697	100.000	126	126	126
Q8NFP0	Q8NFP0	100.000	134	134	134
Q8VBT6	Q8VBT6	100.000	942	942	942
Q96B36	Q96B36	100.000	256	256	256
Q96PG8	Q96PG8	100.000	261	261	261
Q9BQ89	Q9BQ89	100.000	295	295	295
Q9FQ09	Q9FQ09	100.000	680	680	680
Q9FQ09	P27641	25.700	733	680	732
Q9FQ09	P23475	22.200	527	680	608
Q9FQ09	P32807	23.600	220	680	602
Q9SYQ0	Q9SYQ0	100.000	463	463	463
A8JNV4	A8JNV4	100.000	144	144	144
B7Z0I7	B7Z0I7	100.000	351	351	351
O31609	O31609	100.000	190	190	190
D3Z7H4	D3Z7H4	100.000	322	322	322
O35019	O35019	100.000	71	71	71
O53857	O53857	100.000	425	425	425
O53857	Q99SZ7	26.700	198	425	347
O53857	P09835	27.200	213	425	500
O53857	P0AFA3	25.200	186	425	598
O75618	O75618	100.000	318	318	318
P02652	P02652	100.000	100	100	100
Q8C525	Q8C525	100.000	428	428	428
Q8C525	Q8N9M5	27.400	437	428	508
Q8QZY2	Q8QZY2	100.000	523	523	523
Q8WYK0	Q8WYK0	100.000	555	555	555
Q8WYK0	O00154	24.900	317	555	380
Q8WYK0	Q9Y365	25.900	154	555	291
Q8WYK0	Q32MW3	24.200	128	555	439
Q9CXW2	Q9CXW2	100.000	359	359	359
Q9HCK1	Q9HCK1	100.000	2354	2354	2354
A9D2P7	A9D2P7	100.000	672	672	672
O93803	O93803	100.000	520	520	520
O93803	O13297	27.400	342	520	549
P25359	P25359	100.000	394	394	394
P39015	P39015	100.000	273	273	273
P39702	P39702	100.000	1274	1274	1274
P39702	Q9VRX2	20.100	786	1274	1229
P9WGL7	P9WGL7	100.000	133	133	133
P9WNW3	P9WNW3	100.000	507	507	507
P9WNW3	P39782	29.400	129	507	266
Q07716	Q07716	100.000	390	390	390
Q12248	Q12248	100.000	94	94	94
Q12754	Q12754	100.000	1228	1228	1228
Q12754	Q9C0X8	29.700	1180	1228	1163
Q12754	Q6P5B0	24.400	1161	1228	1295
Q12754	Q9Y824	21.400	1059	1228	1001
O25664	O25664	100.000	406	406	406
O95866	O95866	100.000	241	241	241
P0ABZ8	P0ABZ8	100.000	428	428	428
P25499	P25499	100.000	343	343	343
P38633	P38633	100.000	127	127	127
Q59XM1	Q59XM1	100.000	791	791	791
Q59XM1	P38261	25.700	648	791	753
Q7JPQ6	Q7JPQ6	100.000	627	627	627
Q8NCG5	Q8NCG5	100.000	386	386	386
Q9CWL8	Q9CWL8	100.000	563	563	563
Q9Y824	Q9Y824	100.000	1001	1001	1001
Q9Y824	Q12754	21.400	1068	1001	1228
Q9Y824	Q9C0X8	19.200	984	1001	1163
Q06538	Q06538	100.000	782	782	782
Q06538	Q9LVE4	22.700	663	782	756
Q06538	Q09766	24.100	697	782	871
Q06538	O43022	20.900	716	782	865
Q06538	Q6NP91	20.700	640	782	760
Q5SS91	Q5SS91	100.000	320	320	320
Q5SS91	Q20924	23.100	251	320	473
Q810A5	Q810A5	100.000	467	467	467
Q8WWC4	Q8WWC4	100.000	291	291	291
Q9BTY7	Q9BTY7	100.000	390	390	390
P07266	P07266	100.000	363	363	363
P07266	Q03702	22.100	325	363	353
P47084	P47084	100.000	519	519	519
Q09716	Q09716	100.000	1294	1294	1294
Q9FHI1	Q9FHI1	100.000	215	215	215
Q9FHI1	Q7K0E3	23.400	162	215	223
Q9LQV2	Q9LQV2	100.000	1107	1107	1107
Q9LQV2	O82188	24.400	659	1107	977
Q8BQM4	Q8BQM4	100.000	679	679	679
Q8TAB5	Q8TAB5	100.000	229	229	229
Q91V83	Q91V83	100.000	1085	1085	1085
Q91V83	O94600	20.000	851	1085	1098
Q91V83	P36097	19.400	1012	1085	1038
Q9BRU9	Q9BRU9	100.000	249	249	249
Q9DAS2	Q9DAS2	100.000	200	200	200
Q8NAA6	Q8NAA6	100.000	179	179	179
Q8R3L2	Q8R3L2	100.000	676	676	676
Q8R3L2	O13796	27.000	554	676	656
Q8R3L2	Q05468	25.900	366	676	723
Q9BS18	Q9BS18	100.000	74	74	74
Q9CPY1	Q9CPY1	100.000	128	128	128
Q9D8N1	Q9D8N1	100.000	392	392	392
Q6PDZ2	Q6PDZ2	100.000	836	836	836
Q96E22	Q96E22	100.000	293	293	293
Q96E22	Q12063	27.500	236	293	375
Q9D489	Q9D489	100.000	467	467	467
Q9TYV5	Q9TYV5	100.000	664	664	664
P54797	P54797	100.000	276	276	276
P54797	P53275	27.100	287	276	312
P72758	P72758	100.000	687	687	687
Q06815	Q06815	100.000	381	381	381
Q09417	Q09417	100.000	1470	1470	1470
Q09417	Q69ZJ7	27.700	1444	1470	1422
Q09417	O42656	20.800	830	1470	1052
Q4JC46	Q4JC46	100.000	398	398	398
Q4JC46	P05990	22.600	419	398	2224
Q5SQH8	Q5SQH8	100.000	315	315	315
P0C046	P0C046	100.000	97	97	97
P14900	P14900	100.000	438	438	438
P46946	P46946	100.000	345	345	345
P9WFG9	P9WFG9	100.000	226	226	226
Q08979	Q08979	100.000	651	651	651
Q08979	O14248	28.100	245	651	1125
Q08979	Q6PID8	22.200	238	651	442
Q08979	Q5ADT1	30.400	92	651	1383
Q08979	Q99PV3	28.000	100	651	735
Q08979	Q8IID4	23.700	206	651	5251
P51163	P51163	100.000	265	265	265
P51163	P87214	26.100	260	265	251
P54729	P54729	100.000	614	614	614
P90970	P90970	100.000	530	530	530
P90970	Q9QYE6	26.100	444	530	729
P9WLT1	P9WLT1	100.000	318	318	318
P9WLT1	Q50314	28.100	259	318	270
P9WLT1	P0AEZ6	24.700	210	318	270
P9WLT1	P9WJC5	30.100	159	318	666
Q08229	Q08229	100.000	501	501	501
P75469	P75469	100.000	218	218	218
P82350	P82350	100.000	387	387	387
Q04080	Q04080	100.000	534	534	534
Q04080	Q96S52	23.200	547	534	555
Q0VBV7	Q0VBV7	100.000	1103	1103	1103
Q3U308	Q3U308	100.000	514	514	514
Q3U308	Q9VIV3	27.000	417	514	405
Q3U308	O65628	24.600	369	514	458
Q3U308	A3M0F4	23.200	374	514	448
Q9SR06	Q9SR06	100.000	444	444	444
Q9SR06	Q07845	29.000	155	444	632
Q9SR06	E1BPN0	28.100	153	444	694
Q9SR06	A1ZA92	29.300	133	444	995
A0R316	A0R316	100.000	368	368	368
A3KFX0	A3KFX0	100.000	365	365	365
O06492	O06492	100.000	96	96	96
O14338	O14338	100.000	891	891	891
Q96MC2	Q96MC2	100.000	740	740	740
Q96MC2	Q9W3J8	27.400	725	740	743
Q9UTR8	Q9UTR8	100.000	712	712	712
O31768	O31768	100.000	85	85	85
O95487	O95487	100.000	1268	1268	1268
O95487	A3GFA2	20.200	621	1268	749
P9WJ41	P9WJ41	100.000	77	77	77
Q9UJK0	Q9UJK0	100.000	312	312	312
A6X8Z9	A6X8Z9	100.000	381	381	381
G2TRP0	G2TRP0	100.000	72	72	72
O81641	O81641	100.000	428	428	428
O81641	A3KG59	24.700	356	428	431
P46553	P46553	100.000	166	166	166
O25436	O25436	100.000	369	369	369
O25436	P21549	23.600	346	369	392
O25436	P43567	23.600	377	369	385
O75936	O75936	100.000	387	387	387
O75936	Q9NVH6	28.500	354	387	421
O75936	P23180	21.700	367	387	465
P20352	P20352	100.000	294	294	294
P20352	Q08334	26.100	268	294	325
P26755	P26755	100.000	122	122	122
P30871	P30871	100.000	433	433	433
P30871	Q9BU02	27.600	195	433	230
P75033	P75033	100.000	1113	1113	1113
Q09457	Q09457	100.000	948	948	948
Q16514	Q16514	100.000	161	161	161
Q21930	Q21930	100.000	126	126	126
Q29RM2	Q29RM2	100.000	392	392	392
Q96BT1	Q96BT1	100.000	292	292	292
Q97WX4	Q97WX4	100.000	308	308	308
Q9C115	Q9C115	100.000	150	150	150
Q9CQE9	Q9CQE9	100.000	139	139	139
Q9CZB6	Q9CZB6	100.000	233	233	233
P38742	P38742	100.000	1146	1146	1146
P53935	P53935	100.000	1240	1240	1240
Q02969	Q02969	100.000	394	394	394
Q02969	Q08580	23.900	276	394	376
Q06608	Q06608	100.000	200	200	200
Q06608	Q9UUK0	25.000	180	200	190
Q0P6D6	Q0P6D6	100.000	951	951	951
P21547	P21547	100.000	227	227	227
P54751	P54751	100.000	337	337	337
Q06572	Q06572	100.000	762	762	762
Q9SCS6	Q9SCS6	100.000	200	200	200
Q9US10	Q9US10	100.000	579	579	579
B1H283	B1H283	100.000	402	402	402
Q02872	Q02872	100.000	168	168	168
Q923D4	Q923D4	100.000	86	86	86
Q9DCF9	Q9DCF9	100.000	185	185	185
Q9DCF9	Q9DCF9	100.000	185	185	185
Q9FMP0	Q9FMP0	100.000	221	221	221
Q86Y39	Q86Y39	100.000	141	141	141
Q8BHE4	Q8BHE4	100.000	574	574	574
Q8VH46	Q8VH46	100.000	731	731	731
Q96M61	Q96M61	100.000	343	343	343
Q9H1C4	Q9H1C4	100.000	597	597	597
Q9H1C4	Q9Y115	22.800	481	597	538
Q924S9	Q924S9	100.000	152	152	152
Q99LM2	Q99LM2	100.000	503	503	503
Q9NUG6	Q9NUG6	100.000	133	133	133
Q9NWW7	Q9NWW7	100.000	574	574	574
A6NDX4	A6NDX4	100.000	124	124	124
Q2LCV6	Q2LCV6	100.000	280	280	280
Q49AR2	Q49AR2	100.000	442	442	442
Q5SRN2	Q5SRN2	100.000	563	563	563
Q61586	Q61586	100.000	827	827	827
Q6ZQ08	Q6ZQ08	100.000	2375	2375	2375
Q6ZQ08	P87112	25.600	2434	2375	2100
Q6ZQ08	P25655	27.200	1638	2375	2108
Q3B7T8	Q3B7T8	100.000	386	386	386
Q5PQN4	Q5PQN4	100.000	719	719	719
Q709R6	Q709R6	100.000	399	399	399
Q8BVM7	Q8BVM7	100.000	383	383	383
Q8NHS9	Q8NHS9	100.000	363	363	363
O53512	O53512	100.000	462	462	462
O94464	O94464	100.000	779	779	779
O94464	Q06833	28.000	520	779	770
O94464	Q8IWB9	23.500	285	779	1127
P31663	P31663	100.000	283	283	283
P38308	P38308	100.000	924	924	924
P49452	P49452	100.000	906	906	906
P49452	Q9USR9	25.000	212	906	643
A6NC86	A6NC86	100.000	204	204	204
H7C350	H7C350	100.000	402	402	402
O75586	O75586	100.000	246	246	246
O75586	P38782	28.100	199	246	295
P02651	P02651	100.000	391	391	391
P02651	Q00623	25.000	252	391	264
P02651	Q6Q788	25.300	335	391	366
P02651	P08226	22.200	265	391	311
P11162	P11162	100.000	570	570	570
P0CB63	P0CB63	100.000	298	298	298
P0CB63	C5DTJ3	25.600	292	298	266
Q02651	Q02651	100.000	245	245	245
Q29RU8	Q29RU8	100.000	715	715	715
Q9SIY5	Q9SIY5	100.000	735	735	735
Q9SIY5	Q9C9Z2	28.000	235	735	337
O74767	O74767	100.000	288	288	288
O74767	Q9MAX6	24.200	243	288	287
Q46856	Q46856	100.000	387	387	387
Q46856	P0A9Q8	25.700	392	387	891
Q46856	Q8R0N6	23.500	391	387	465
Q5HH88	Q5HH88	100.000	329	329	329
Q62736	Q62736	100.000	531	531	531
Q6P474	Q6P474	100.000	469	469	469
Q6P474	Q9DBE0	24.000	191	469	493
Q6P474	O88533	21.300	201	469	480
Q8BKU8	Q8BKU8	100.000	555	555	555
Q8BKU8	P32857	22.600	336	555	523
Q8BMC4	Q8BMC4	100.000	636	636	636
Q8BMC4	P47077	21.300	600	636	666
Q8BMC4	Q92347	20.700	578	636	655
Q8R0A7	Q8R0A7	100.000	407	407	407
Q99LB0	Q99LB0	100.000	328	328	328
Q99LB0	Q03615	25.800	263	328	305
Q9JJG5	Q9JJG5	100.000	309	309	309
Q9JJG5	Q9CWM2	27.000	314	309	237
Q9UBL0	Q9UBL0	100.000	812	812	812
Q6L8S8	Q6L8S8	100.000	986	986	986
Q8R0I0	Q8R0I0	100.000	805	805	805
Q9H1A4	Q9H1A4	100.000	1944	1944	1944
Q9H1A4	P53886	25.400	1126	1944	1748
P0C6T2	P0C6T2	100.000	37	37	37
P17900	P17900	100.000	193	193	193
Q9CZ92	Q9CZ92	100.000	286	286	286
Q9H974	Q9H974	100.000	415	415	415
Q9H974	Q9VSZ6	29.100	426	415	418
Q9H974	O08314	23.200	284	415	371
Q9VM95	Q9VM95	100.000	488	488	488
Q9VM95	Q9US05	28.400	285	488	452
Q9VM95	Q06631	23.500	331	488	534
A3KG59	A3KG59	100.000	431	431	431
A3KG59	O81641	25.200	357	431	428
D3ZAQ5	D3ZAQ5	100.000	306	306	306
P38737	P38737	100.000	1868	1868	1868
P38737	Q6PDI5	25.100	1741	1868	1840
Q07967	Q07967	100.000	263	263	263
Q09600	Q09600	100.000	980	980	980
Q09600	Q91W86	27.900	933	980	941
Q09600	Q9P6N4	20.100	877	980	906
Q09600	P12868	18.500	879	980	1029
Q09600	P87295	19.600	748	980	847
Q4FJU9	Q4FJU9	100.000	225	225	225
Q505I4	Q505I4	100.000	126	126	126
P38852	P38852	100.000	340	340	340
P38852	Q9VKV5	27.000	274	340	319
P38852	O94693	25.300	288	340	408
P82610	P82610	100.000	767	767	767
O97944	O97944	100.000	193	193	193
Q8BQ30	Q8BQ30	100.000	594	594	594
Q8BQ30	Q8BQ30	100.000	594	594	594
Q9BQP9	Q9BQP9	100.000	254	254	254
Q9BQP9	Q9NP55	25.400	220	254	256
P36167	P36167	100.000	246	246	246
P40065	P40065	100.000	302	302	302
P52847	P52847	100.000	299	299	299
P9WQ29	P9WQ29	100.000	567	567	567
Q12314	Q12314	100.000	213	213	213
O75391	O75391	100.000	227	227	227
O97939	O97939	100.000	1142	1142	1142
P40993	P40993	100.000	198	198	198
P52923	P52923	100.000	378	378	378
P52923	Q9BRQ8	20.800	384	378	373
P52923	O80874	25.100	155	378	508
P52923	Q9Z0X1	24.400	266	378	612
P80886	P80886	100.000	385	385	385
D3Z649	D3Z649	100.000	1135	1135	1135
P36097	P36097	100.000	1038	1038	1038
P36097	O94600	20.300	999	1038	1098
P36097	Q91V83	20.400	792	1038	1085
Q04434	Q04434	100.000	166	166	166
Q09818	Q09818	100.000	489	489	489
Q3U213	Q3U213	100.000	654	654	654
P57088	P57088	100.000	247	247	247
P73833	P73833	100.000	873	873	873
P73833	K7WCC7	25.700	326	873	760
Q03370	Q03370	100.000	554	554	554
Q03370	P38848	25.700	419	554	579
Q03370	O13679	23.900	309	554	264
Q12171	Q12171	100.000	622	622	622
Q12171	P38880	24.200	470	622	579
Q3SYG4	Q3SYG4	100.000	887	887	887
P53170	P53170	100.000	491	491	491
P53170	Q9SBJ1	23.100	402	491	366
P53170	P40530	21.900	428	491	394
P69009	P69009	100.000	30	30	30
P71088	P71088	100.000	258	258	258
P9WIZ9	P9WIZ9	100.000	331	331	331
Q04978	Q04978	100.000	212	212	212
O94598	O94598	100.000	815	815	815
P39998	P39998	100.000	551	551	551
P39998	A0A1D8PM93	27.500	596	551	512
P39998	Q502M5	25.800	224	551	507
P9WG05	P9WG05	100.000	324	324	324
Q05948	Q05948	100.000	407	407	407
Q05948	Q05515	24.000	454	407	481
Q20924	Q20924	100.000	473	473	473
Q20924	Q5SS91	27.800	140	473	320
Q2M3A8	Q2M3A8	100.000	158	158	158
Q42574	Q42574	100.000	106	106	106
P03279	P03279	100.000	585	585	585
Q9FJ57	Q9FJ57	100.000	1380	1380	1380
Q9FJ57	P0CD60	24.500	326	1380	1489
Q9FJ57	Q5JTW2	23.800	256	1380	689
C0H445	C0H445	100.000	64	64	64
P46517	P46517	100.000	91	91	91
P55797	P55797	100.000	124	124	124
Q08AU7	Q08AU7	100.000	307	307	307
Q1ZXA8	Q1ZXA8	100.000	174	174	174
P0DOE7	P0DOE7	100.000	256	256	256
P38273	P38273	100.000	704	704	704
P51811	P51811	100.000	444	444	444
P51811	Q5GH64	27.000	248	444	580
P97372	P97372	100.000	239	239	239
Q04170	Q04170	100.000	232	232	232
Q06689	Q06689	100.000	675	675	675
Q5BJK8	Q5BJK8	100.000	653	653	653
Q60988	Q60988	100.000	1262	1262	1262
Q80XQ8	Q80XQ8	100.000	194	194	194
Q86XP6	Q86XP6	100.000	184	184	184
Q8BH43	Q8BH43	100.000	497	497	497
Q8BH43	O08816	32.300	229	497	501
Q9D159	Q9D159	100.000	127	127	127
Q9DBE0	Q9DBE0	100.000	493	493	493
Q9DBE0	O88533	24.700	396	493	480
Q9DBE0	Q6P474	24.000	191	493	469
Q9P6M1	Q9P6M1	100.000	242	242	242
Q9P6M1	P40582	27.100	221	242	234
Q9VSS2	Q9VSS2	100.000	604	604	604
Q9VSS2	Q1ZXE8	26.700	612	604	614
Q9VSS2	P38687	21.000	565	604	599
B2RV13	B2RV13	100.000	164	164	164
Q8BSU2	Q8BSU2	100.000	246	246	246
Q8IXM6	Q8IXM6	100.000	262	262	262
Q8N531	Q8N531	100.000	539	539	539
Q8N531	Q9H469	30.400	125	539	300
Q8WVQ1	Q8WVQ1	100.000	401	401	401
Q96M60	Q96M60	100.000	508	508	508
Q9BWT6	Q9BWT6	100.000	205	205	205
Q9P6S5	Q9P6S5	100.000	307	307	307
Q9P6S5	P35734	29.600	172	307	292
F4JET1	F4JET1	100.000	383	383	383
F4JET1	Q8N140	23.000	256	383	333
P29023	P29023	100.000	281	281	281
Q0IIN9	Q0IIN9	100.000	211	211	211
Q9LTY1	Q9LTY1	100.000	726	726	726
Q9LTY1	Q9WTX8	25.500	549	726	717
E9Q1P8	E9Q1P8	100.000	570	570	570
P0AC59	P0AC59	100.000	215	215	215
P38688	P38688	100.000	640	640	640
P38688	P91240	24.600	583	640	635
P38688	O59787	21.400	610	640	561
Q03124	Q03124	100.000	581	581	581
P12611	P12611	100.000	486	486	486
P47163	P47163	100.000	339	339	339
P47163	Q3UZW7	24.300	234	339	335
P47163	P38347	27.700	144	339	419
P53717	P53717	100.000	134	134	134
P56182	P56182	100.000	461	461	461
P9WF27	P9WF27	100.000	439	439	439
P22224	P22224	100.000	910	910	910
P53254	P53254	100.000	1237	1237	1237
P53254	O94676	26.300	1159	1237	1097
P53254	Q9H6R4	25.200	965	1237	1146
Q2M2Z5	Q2M2Z5	100.000	673	673	673
Q5I012	Q5I012	100.000	1090	1090	1090
Q5I012	Q9LYM2	26.700	422	1090	435
Q5I012	O74327	23.400	371	1090	420
Q5I012	Q08AI6	21.800	380	1090	406
Q5I012	Q9EQ25	21.300	435	1090	547
Q5I012	A6NNN8	23.000	377	1090	435
Q5I012	P34479	22.500	288	1090	460
Q5I012	C6KTD0	22.000	277	1090	606
Q5I012	Q9H598	20.900	372	1090	525
Q7TNF9	Q7TNF9	100.000	451	451	451
Q9JIY0	Q9JIY0	100.000	408	408	408
Q9NYP8	Q9NYP8	100.000	219	219	219
Q9VDV3	Q9VDV3	100.000	546	546	546
Q9VDV3	Q9V6B9	41.600	233	546	610
Q9WTT4	Q9WTT4	100.000	118	118	118
Q9Y221	Q9Y221	100.000	180	180	180
Q8BGW1	Q8BGW1	100.000	502	502	502
Q9BPX3	Q9BPX3	100.000	1015	1015	1015
Q9BPX3	Q10429	27.900	844	1015	875
A8J353	A8J353	100.000	244	244	244
O13739	O13739	100.000	251	251	251
P03893	P03893	100.000	345	345	345
P03893	P03905	24.200	206	345	459
P47022	P47022	100.000	219	219	219
Q06134	Q06134	100.000	477	477	477
Q76ZQ3	Q76ZQ3	100.000	90	90	90
Q96EM0	Q96EM0	100.000	354	354	354
Q9ERH6	Q9ERH6	100.000	352	352	352
P76268	P76268	100.000	263	263	263
P76268	P71977	27.700	234	263	259
P9WHP5	P9WHP5	100.000	270	270	270
P9WMI9	P9WMI9	100.000	118	118	118
P9WMI9	P96683	33.700	83	118	226
Q01950	Q01950	100.000	67	67	67
Q03648	Q03648	100.000	457	457	457
Q03648	Q80UY1	28.100	252	457	400
O43237	O43237	100.000	492	492	492
P07988	P07988	100.000	381	381	381
P07988	Q6NUJ1	29.200	140	381	521
P26951	P26951	100.000	378	378	378
P26951	Q01344	26.300	383	378	420
P42400	P42400	100.000	287	287	287
P42400	P30859	23.700	232	287	243
P42400	Q0P9X8	25.800	240	287	259
P53628	P53628	100.000	566	566	566
P53628	P25632	28.800	534	566	483
Q6PIJ6	Q6PIJ6	100.000	1188	1188	1188
Q8BMQ2	Q8BMQ2	100.000	817	817	817
Q8Y563	Q8Y563	100.000	167	167	167
Q96PZ2	Q96PZ2	100.000	611	611	611
Q9Y2L5	Q9Y2L5	100.000	1435	1435	1435
Q9Y2L5	O74748	22.900	545	1435	618
Q9Y2L5	O94731	19.500	651	1435	658
P47111	P47111	100.000	140	140	140
P47111	Q9JLS8	31.500	111	140	131
P53858	P53858	100.000	892	892	892
Q07541	Q07541	100.000	149	149	149
Q08268	Q08268	100.000	501	501	501
Q5VZQ5	Q5VZQ5	100.000	186	186	186
P75543	P75543	100.000	215	215	215
Q02685	Q02685	100.000	241	241	241
Q09293	Q09293	100.000	367	367	367
Q4VA36	Q4VA36	100.000	332	332	332
Q69YZ2	Q69YZ2	100.000	307	307	307
Q6UWY0	Q6UWY0	100.000	536	536	536
Q6UWY0	Q9VEX0	24.900	377	536	1114
Q6UWY0	P15289	28.600	213	536	507
Q9H2L5	Q9H2L5	100.000	321	321	321
Q9Y6A4	Q9Y6A4	100.000	193	193	193
Q9Y6A4	Q4V7B1	26.900	189	193	658
O14308	O14308	100.000	437	437	437
P60129	P60129	100.000	38	38	38
P24588	P24588	100.000	427	427	427
P34601	P34601	100.000	650	650	650
P54597	P54597	100.000	151	151	151
P9WIM9	P9WIM9	100.000	310	310	310
Q03702	Q03702	100.000	353	353	353
Q03702	P07266	27.000	211	353	363
Q8R4V1	Q8R4V1	100.000	264	264	264
Q96ID5	Q96ID5	100.000	467	467	467
Q96ID5	Q61490	24.200	194	467	583
Q9P031	Q9P031	100.000	241	241	241
Q9WUU9	Q9WUU9	100.000	1971	1971	1971
O82201	O82201	100.000	143	143	143
Q9UUM2	Q9UUM2	100.000	971	971	971
Q9UUM2	A5DJ85	24.800	1071	971	1216
Q9UUM2	Q9R1X4	24.600	528	971	1197
F4K6X0	F4K6X0	100.000	121	121	121
O13881	O13881	100.000	537	537	537
P18296	P18296	100.000	1828	1828	1828
Q9C0H9	Q9C0H9	100.000	1183	1183	1183
Q62722	Q62722	100.000	485	485	485
Q6IPW1	Q6IPW1	100.000	123	123	123
Q6P3X3	Q6P3X3	100.000	843	843	843
Q6P3X3	P42842	23.400	816	843	904
Q6P3X3	P35056	26.100	172	843	612
Q6P3X3	O94474	24.500	175	843	1389
Q6P3X3	F8VPK0	26.500	158	843	1563
Q8IZI9	Q8IZI9	100.000	196	196	196
Q8IZI9	K9M1U5	28.300	166	196	179
Q8N412	Q8N412	100.000	459	459	459
Q8N412	Q5TH74	26.800	246	459	334
Q94F30	Q94F30	100.000	489	489	489
Q94F30	P40537	20.700	198	489	1034
Q9CWM2	Q9CWM2	100.000	237	237	237
Q9CWM2	Q9JJG5	27.000	314	237	309
Q9FW44	Q9FW44	100.000	787	787	787
Q9FW44	Q39214	26.500	332	787	926
A0A1D8PFL9	A0A1D8PFL9	100.000	131	131	131
A1KEU8	A1KEU8	100.000	455	455	455
Q06204	Q06204	100.000	433	433	433
Q06204	Q42525	22.000	181	433	496
Q10948	Q10948	100.000	325	325	325
Q13145	Q13145	100.000	260	260	260
Q3V1L4	Q3V1L4	100.000	560	560	560
Q3V1L4	Q86UY8	28.300	472	560	548
Q8BG30	Q8BG30	100.000	530	530	530
Q6GQT9	Q6GQT9	100.000	1214	1214	1214
Q8K4K7	Q8K4K7	100.000	375	375	375
Q8K4K7	Q4KML4	35.400	79	375	81
Q8PGJ4	Q8PGJ4	100.000	359	359	359
Q8PGJ4	P12689	26.800	250	359	985
Q8PGJ4	Q04049	22.200	265	359	632
Q92540	Q92540	100.000	1137	1137	1137
Q92540	Q9UPR3	28.300	226	1137	1016
Q9H2P9	Q9H2P9	100.000	285	285	285
Q0J7V9	Q0J7V9	100.000	184	184	184
Q12021	Q12021	100.000	506	506	506
Q12021	O74845	25.800	143	506	564
Q12021	Q96EX3	37.000	54	506	536
Q9H2L4	Q9H2L4	100.000	133	133	133
Q9M203	Q9M203	100.000	264	264	264
A0A1D8PPS1	A0A1D8PPS1	100.000	142	142	142
Q6NZG4	Q6NZG4	100.000	898	898	898
Q80TR8	Q80TR8	100.000	1506	1506	1506
Q80TR8	Q9M086	29.200	1318	1506	1883
Q96BW5	Q96BW5	100.000	349	349	349
Q9CWR7	Q9CWR7	100.000	339	339	339
Q9NPH9	Q9NPH9	100.000	171	171	171
Q8VZ20	Q8VZ20	100.000	314	314	314
Q93XW7	Q93XW7	100.000	437	437	437
Q9BY12	Q9BY12	100.000	1400	1400	1400
Q9UT48	Q9UT48	100.000	357	357	357
Q9UT48	Q6P9U8	28.700	334	357	352
Q9XW13	Q9XW13	100.000	507	507	507
Q9UNN8	Q9UNN8	100.000	238	238	238
A4QTQ9	A4QTQ9	100.000	1796	1796	1796
A4QTQ9	O60179	24.800	1824	1796	1649
A4QTQ9	P42945	24.200	1879	1796	1769
A4QTQ9	Q9H583	21.300	2199	1796	2144
A4QTQ9	Q9VM75	24.100	957	1796	2096
A4QTQ9	Q9C8Z4	28.500	340	1796	2197
A4QTQ9	Q23495	24.200	346	1796	1650
Q04370	Q04370	100.000	399	399	399
Q04370	O88177	23.600	364	399	359
Q12194	Q12194	100.000	479	479	479
P03122	P03122	100.000	410	410	410
P03122	P03120	27.500	414	410	365
D3Z4S3	D3Z4S3	100.000	140	140	140
F4JC97	F4JC97	100.000	1811	1811	1811
F4JC97	Q14997	23.800	1915	1811	1843
F4JC97	P43583	25.300	237	1811	2143
Q9C6M1	Q9C6M1	100.000	230	230	230
Q9FGK0	Q9FGK0	100.000	125	125	125
Q9JI48	Q9JI48	100.000	112	112	112
Q5HIJ5	Q5HIJ5	100.000	205	205	205
Q5HIJ5	A1ZB29	26.200	198	205	211
Q61334	Q61334	100.000	240	240	240
Q6DFW0	Q6DFW0	100.000	481	481	481
Q7Z2R9	Q7Z2R9	100.000	100	100	100
Q80T69	Q80T69	100.000	795	795	795
Q9VPM5	Q9VPM5	100.000	539	539	539
Q9W3M2	Q9W3M2	100.000	571	571	571
B7Z8K6	B7Z8K6	100.000	153	153	153
E9Q0C6	E9Q0C6	100.000	1637	1637	1637
E9Q0C6	Q9ULL0	28.800	1902	1637	1709
O74832	O74832	100.000	524	524	524
Q8BX37	Q8BX37	100.000	438	438	438
Q8BX37	Q9LX83	27.700	281	438	388
Q8N6Q1	Q8N6Q1	100.000	288	288	288
Q8Q0P3	Q8Q0P3	100.000	485	485	485
Q91ZV7	Q91ZV7	100.000	500	500	500
Q96SW2	Q96SW2	100.000	442	442	442
F4IF99	F4IF99	100.000	460	460	460
O48767	O48767	100.000	296	296	296
O48767	Q8CDM4	25.000	144	296	1066
O65583	O65583	100.000	469	469	469
P25350	P25350	100.000	157	157	157
P40355	P40355	100.000	935	935	935
F5H4A9	F5H4A9	100.000	247	247	247
O17389	O17389	100.000	151	151	151
O31684	O31684	100.000	61	61	61
O34334	O34334	100.000	154	154	154
O43715	O43715	100.000	76	76	76
O13689	O13689	100.000	162	162	162
O13689	Q3E743	36.800	76	162	109
O70536	O70536	100.000	545	545	545
Q0V865	Q0V865	100.000	463	463	463
Q93ZH0	Q93ZH0	100.000	416	416	416
Q93ZH0	O23006	30.900	326	416	350
Q9FFF3	Q9FFF3	100.000	1068	1068	1068
Q9FFF3	Q9Z160	22.900	988	1068	980
Q9FFF3	Q9VGC3	29.100	247	1068	886
Q9KZK8	Q9KZK8	100.000	443	443	443
Q9KZK8	Q9DCX8	25.000	188	443	285
Q9VWR8	Q9VWR8	100.000	872	872	872
Q9VWR8	Q2PZI1	19.800	882	872	675
P38222	P38222	100.000	552	552	552
P38222	Q9P6L2	22.500	351	552	468
P38222	Q8TBK2	22.500	328	552	473
Q95YE9	Q95YE9	100.000	877	877	877
Q95YE9	Q9Y4R8	22.800	525	877	837
Q95YE9	Q9P3W5	28.400	144	877	868
B9EJR8	B9EJR8	100.000	853	853	853
Q9MBH2	Q9MBH2	100.000	169	169	169
Q9UI54	Q9UI54	100.000	55	55	55
Q9UT03	Q9UT03	100.000	677	677	677
O04211	O04211	100.000	111	111	111
O08843	O08843	100.000	95	95	95
P38315	P38315	100.000	674	674	674
Q09743	Q09743	100.000	1309	1309	1309
Q09743	P40061	26.600	1169	1309	1430
Q09743	Q6QI06	27.600	1055	1309	1708
Q8T626	Q8T626	100.000	1240	1240	1240
Q8T626	Q8IWY9	28.100	642	1240	1227
E7EZ53	E7EZ53	100.000	118	118	118
O13978	O13978	100.000	184	184	184
O13978	F4K265	26.200	198	184	215
O13978	Q9BSB4	25.800	147	184	218
Q61735	Q61735	100.000	303	303	303
Q6NCX7	Q6NCX7	100.000	504	504	504
Q83RC0	Q83RC0	100.000	333	333	333
Q83RC0	Q9VHH7	27.300	336	333	337
Q83RC0	P58780	24.200	285	333	510
Q83RC0	P15274	28.800	111	333	810
Q8C2A2	Q8C2A2	100.000	525	525	525
Q8C2A2	Q02825	28.600	164	525	467
Q8NCW6	Q8NCW6	100.000	608	608	608
Q9FE62	Q9FE62	100.000	142	142	142
A0A384KG77	A0A384KG77	100.000	243	243	243
A0A384KG77	Q8IV20	28.300	226	243	430
O42881	O42881	100.000	224	224	224
P18852	P18852	100.000	110	110	110
P24310	P24310	100.000	79	79	79
P0CH98	P0CH98	100.000	169	169	169
P32971	P32971	100.000	234	234	234
P39983	P39983	100.000	233	233	233
P53266	P53266	100.000	389	389	389
P53266	Q15526	25.800	321	389	300
Q0WPN7	Q0WPN7	100.000	258	258	258
Q9FGJ3	Q9FGJ3	100.000	190	190	190
Q9M158	Q9M158	100.000	466	466	466
Q9M158	Q9FN48	27.500	167	466	387
O07596	O07596	100.000	282	282	282
P21882	P21882	100.000	325	325	325
P21882	Q38854	25.000	267	325	717
P51998	P51998	100.000	286	286	286
P51998	P60723	30.400	115	286	201
Q9SYZ9	Q9SYZ9	100.000	353	353	353
Q9SYZ9	Q6P0T2	28.400	169	353	308
Q9ZT96	Q9ZT96	100.000	541	541	541
Q9ZT96	Q9C6A1	24.200	326	541	445
Q9ZT96	Q9FK23	22.400	446	541	500
Q9ZT96	Q9SJ50	24.600	256	541	333
Q9ZT96	Q8R3J4	23.000	221	541	412
Q9ZT96	Q9M219	22.000	258	541	558
O15304	O15304	100.000	175	175	175
O32294	O32294	100.000	365	365	365
O32294	Q00828	26.600	379	365	378
O43592	O43592	100.000	962	962	962
O43592	O94258	27.200	986	962	978
O43592	P33418	19.500	1098	962	1100
O43592	Q9HAV4	19.800	726	962	1204
O43592	Q99189	23.200	392	962	972
P40094	P40094	100.000	801	801	801
P40094	Q9Y7Z4	24.600	686	801	735
P40094	F4HQ84	24.300	649	801	784
P53153	P53153	100.000	274	274	274
P62258	P62258	100.000	255	255	255
P73722	P73722	100.000	203	203	203
P9WK99	P9WK99	100.000	202	202	202
Q811I0	Q811I0	100.000	324	324	324
Q811I0	P32453	29.400	163	324	318
Q8CJG1	Q8CJG1	100.000	857	857	857
Q96K78	Q96K78	100.000	797	797	797
Q9NUW8	Q9NUW8	100.000	608	608	608
Q9NUW8	P38319	24.200	441	608	544
A3LXM3	A3LXM3	100.000	442	442	442
A3LXM3	C5DLA5	29.100	185	442	423
Q15022	Q15022	100.000	739	739	739
Q15022	P0DKJ8	29.000	117	739	755
Q5XII9	Q5XII9	100.000	289	289	289
Q6AY22	Q6AY22	100.000	444	444	444
Q6UWU2	Q6UWU2	100.000	654	654	654
Q969T7	Q969T7	100.000	300	300	300
Q04406	Q04406	100.000	187	187	187
Q08550	Q08550	100.000	464	464	464
Q0P885	Q0P885	100.000	269	269	269
Q16619	Q16619	100.000	201	201	201
Q2M3R5	Q2M3R5	100.000	365	365	365
Q2M3R5	Q04835	24.700	238	365	414
F4JRR1	F4JRR1	100.000	756	756	756
F4JRR1	Q9VF78	27.100	725	756	710
P69723	P69723	100.000	192	192	192
Q9UTA7	Q9UTA7	100.000	654	654	654
P14902	P14902	100.000	403	403	403
P47822	P47822	100.000	140	140	140
P47822	Q13503	28.500	140	140	144
F4J8D3	F4J8D3	100.000	1176	1176	1176
P40568	P40568	100.000	576	576	576
P9WIR7	P9WIR7	100.000	325	325	325
Q07505	Q07505	100.000	273	273	273
Q68FR7	Q68FR7	100.000	470	470	470
P00815	P00815	100.000	799	799	799
P9WLW5	P9WLW5	100.000	231	231	231
Q4JAK8	Q4JAK8	100.000	529	529	529
Q9CPZ1	Q9CPZ1	100.000	294	294	294
A2CEI4	A2CEI4	100.000	720	720	720
A2CEI4	Q9GYU8	27.300	673	720	702
A2CEI4	Q9FFK6	27.700	184	720	810
A2CEI4	Q09372	21.700	239	720	655
Q86UA6	Q86UA6	100.000	219	219	219
Q8BL86	Q8BL86	100.000	279	279	279
Q8NEZ5	Q8NEZ5	100.000	403	403	403
Q8X6Z6	Q8X6Z6	100.000	276	276	276
Q96HH4	Q96HH4	100.000	297	297	297
P36066	P36066	100.000	463	463	463
Q1ZXP3	Q1ZXP3	100.000	69	69	69
Q2QNU0	Q2QNU0	100.000	1245	1245	1245
Q2QNU0	O74501	21.400	313	1245	1150
Q9VYX1	Q9VYX1	100.000	101	101	101
A0A0B4K859	A0A0B4K859	100.000	1866	1866	1866
A0A0B4K859	Q5SRE5	22.100	1775	1866	1749
Q55823	Q55823	100.000	337	337	337
Q5M9N0	Q5M9N0	100.000	1113	1113	1113
Q5M9N0	F4JZY1	21.200	822	1113	1586
Q5M9N0	Q13439	24.300	361	1113	2230
Q5M9N0	Q09EF7	22.900	655	1113	1955
Q5M9N0	Q02455	26.600	353	1113	1875
Q7K0E3	Q7K0E3	100.000	223	223	223
Q7K0E3	Q9FHI1	23.400	162	223	215
Q8BV66	Q8BV66	100.000	422	422	422
Q8WW62	Q8WW62	100.000	240	240	240
Q8WW62	Q99KF1	24.300	144	240	235
Q9VAL0	Q9VAL0	100.000	98	98	98
Q9VMC9	Q9VMC9	100.000	300	300	300
Q9VMC9	Q63HM1	26.900	297	300	303
A3LTE2	A3LTE2	100.000	339	339	339
A7TMZ9	A7TMZ9	100.000	341	341	341
G4MSQ1	G4MSQ1	100.000	251	251	251
Q0WNP7	Q0WNP7	100.000	463	463	463
P03280	P03280	100.000	227	227	227
Q96MR7	Q96MR7	100.000	158	158	158
Q9D4W2	Q9D4W2	100.000	315	315	315
Q9LVJ3	Q9LVJ3	100.000	709	709	709
P15515	P15515	100.000	57	57	57
P25369	P25369	100.000	354	354	354
P25369	P87308	28.700	358	354	304
P26497	P26497	100.000	282	282	282
P35056	P35056	100.000	612	612	612
P35056	O94474	23.400	243	612	1389
P35056	Q6P3X3	26.100	172	612	843
P47006	P47006	100.000	233	233	233
P25688	P25688	100.000	303	303	303
P32617	P32617	100.000	166	166	166
P34705	P34705	100.000	385	385	385
P38351	P38351	100.000	445	445	445
P38351	Q9US06	24.900	369	445	456
P40463	P40463	100.000	436	436	436
P69441	P69441	100.000	214	214	214
P78032	P78032	100.000	711	711	711
P78032	Q97ZZ8	24.800	685	711	1242
P78032	Q97ZJ8	25.600	685	711	668
Q09904	Q09904	100.000	1159	1159	1159
Q09904	P20676	32.200	316	1159	1076
Q17902	Q17902	100.000	574	574	574
Q17902	Q8CDF7	27.600	141	574	570
Q5H8A1	Q5H8A1	100.000	153	153	153
Q02RJ6	Q02RJ6	100.000	498	498	498
Q02RJ6	P39899	28.100	370	498	538
Q08748	Q08748	100.000	1289	1289	1289
Q08748	O13683	20.400	1083	1289	1237
Q5HGP9	Q5HGP9	100.000	321	321	321
Q5HGP9	Q9H3H5	28.100	128	321	408
Q5VZ46	Q5VZ46	100.000	1190	1190	1190
Q765I1	Q765I1	100.000	113	113	113
Q9USN6	Q9USN6	100.000	176	176	176
A1KJ01	A1KJ01	100.000	226	226	226
A6NJY1	A6NJY1	100.000	282	282	282
O35943	O35943	100.000	207	207	207
O74412	O74412	100.000	963	963	963
O74412	Q06330	24.000	411	963	500
O74412	O74954	20.500	433	963	613
O65688	O65688	100.000	413	413	413
P0DMB1	P0DMB1	100.000	279	279	279
P32259	P32259	100.000	974	974	974
Q3ZLR7	Q3ZLR7	100.000	823	823	823
Q3ZLR7	O14174	26.800	175	823	473
A8JR14	A8JR14	100.000	255	255	255
P14927	P14927	100.000	111	111	111
P21339	P21339	100.000	1137	1137	1137
P43261	P43261	100.000	934	934	934
P71051	P71051	100.000	227	227	227
P81921	P81921	100.000	385	385	385
P81921	Q9VHQ7	18.800	254	385	390
P0AEB7	P0AEB7	100.000	114	114	114
P0AEB7	P37552	31.100	109	114	125
P0C913	P0C913	100.000	63	63	63
P10659	P10659	100.000	382	382	382
P33568	P33568	100.000	920	920	920
P33568	Q64701	26.500	992	920	1063
P33568	Q9LKX9	27.000	521	920	867
P33568	Q24472	22.700	795	920	845
P33568	G5EDT1	22.700	413	920	961
P49429	P49429	100.000	393	393	393
P49429	Q96IR7	26.100	378	393	371
O13688	O13688	100.000	522	522	522
P43537	P43537	100.000	175	175	175
P47153	P47153	100.000	279	279	279
P47153	Q06107	28.300	286	279	315
P47153	Q96MV1	28.600	248	279	263
Q10486	Q10486	100.000	94	94	94
Q1K5S5	Q1K5S5	100.000	554	554	554
Q08521	Q08521	100.000	101	101	101
Q19459	Q19459	100.000	1149	1149	1149
Q23288	Q23288	100.000	522	522	522
Q23288	Q5PQN6	23.100	333	522	460
Q23288	Q9VAG4	29.800	104	522	447
O59810	O59810	100.000	1291	1291	1291
O59810	P06105	25.000	1182	1291	1222
Q5T9S5	Q5T9S5	100.000	1454	1454	1454
Q5T9S5	P32380	23.200	456	1454	944
Q5T9S5	P55937	22.100	496	1454	1487
Q5T9S5	Q9Z221	25.800	465	1454	971
Q5T9S5	Q5SPX1	27.600	253	1454	718
Q9DAQ9	Q9DAQ9	100.000	154	154	154
Q9EST3	Q9EST3	100.000	983	983	983
Q9EST3	Q20898	26.900	249	983	761
Q9NVH2	Q9NVH2	100.000	962	962	962
A4QVZ8	A4QVZ8	100.000	1503	1503	1503
O94474	O94474	100.000	1389	1389	1389
O94474	F8VPK0	22.600	1450	1389	1563
O94474	F4I3Z5	25.400	472	1389	1168
O94474	P35056	23.400	243	1389	612
O94474	P42842	19.800	282	1389	904
Q8QZZ9	Q8QZZ9	100.000	160	160	160
Q8R3P6	Q8R3P6	100.000	515	515	515
Q96E16	Q96E16	100.000	107	107	107
Q96N23	Q96N23	100.000	3096	3096	3096
Q965H3	Q965H3	100.000	735	735	735
Q46953	Q46953	100.000	109	109	109
Q4JAZ9	Q4JAZ9	100.000	61	61	61
Q5T280	Q5T280	100.000	376	376	376
Q5T280	Q04867	23.700	316	376	317
Q78HU3	Q78HU3	100.000	271	271	271
Q8C0D9	Q8C0D9	100.000	733	733	733
Q63HM2	Q63HM2	100.000	1172	1172	1172
Q8N5M9	Q8N5M9	100.000	183	183	183
Q8NG48	Q8NG48	100.000	757	757	757
Q9CZH7	Q9CZH7	100.000	178	178	178
Q9D1T5	Q9D1T5	100.000	122	122	122
Q567V2	Q567V2	100.000	206	206	206
Q8CBC4	Q8CBC4	100.000	711	711	711
Q96KA5	Q96KA5	100.000	538	538	538
Q9SSS9	Q9SSS9	100.000	234	234	234
Q9SSS9	P27180	29.500	186	234	185
Q9SSS9	Q04G23	24.800	173	234	183
Q9VHH7	Q9VHH7	100.000	337	337	337
Q9VHH7	Q83RC0	27.300	336	337	333
Q9VHH7	P58780	26.800	264	337	510
Q9QYK5	Q9QYK5	100.000	411	411	411
A0A1D8PDL6	A0A1D8PDL6	100.000	241	241	241
A1ZA92	A1ZA92	100.000	995	995	995
A1ZA92	E1BPN0	23.700	371	995	694
A1ZA92	Q07845	25.300	272	995	632
A1ZA92	Q9SR06	25.200	202	995	444
O75845	O75845	100.000	299	299	299
P13484	P13484	100.000	673	673	673
P13484	A0A0H2WWV6	26.500	513	673	493
P93278	P93278	100.000	315	315	315
Q1ZXE2	Q1ZXE2	100.000	1211	1211	1211
Q9LMR5	Q9LMR5	100.000	359	359	359
Q9LMR5	Q93W93	26.700	307	359	434
Q9LMR5	Q8CA72	28.000	107	359	597
Q9LMR5	Q8CDE2	25.400	106	359	588
A1ZB29	A1ZB29	100.000	211	211	211
A1ZB29	Q5HIJ5	26.200	213	211	205
O31892	O31892	100.000	121	121	121
Q09730	Q09730	100.000	91	91	91
Q10436	Q10436	100.000	235	235	235
Q39263	Q39263	100.000	260	260	260
Q8LBZ4	Q8LBZ4	100.000	317	317	317
Q8LBZ4	Q9LPT6	28.300	134	317	208
Q96WV6	Q96WV6	100.000	3971	3971	3971
P9WK87	P9WK87	100.000	319	319	319
P9WK87	P14326	24.200	247	319	337
P9WK87	Q63HM1	28.800	104	319	303
Q04429	Q04429	100.000	423	423	423
Q11082	Q11082	100.000	434	434	434
Q11082	Q7Z601	22.100	320	434	462
Q2NKH9	Q2NKH9	100.000	311	311	311
Q4L235	Q4L235	100.000	1098	1098	1098
Q4L235	P07702	21.700	657	1098	1392
Q4L235	Q8XBV3	21.200	363	1098	536
Q6PI97	Q6PI97	100.000	169	169	169
Q6UQ28	Q6UQ28	100.000	207	207	207
Q80YT7	Q80YT7	100.000	2224	2224	2224
O74460	O74460	100.000	206	206	206
P46973	P46973	100.000	164	164	164
P46973	P38772	27.700	126	164	366
O59730	O59730	100.000	379	379	379
P01282	P01282	100.000	170	170	170
P03872	P03872	100.000	296	296	296
P0AAC0	P0AAC0	100.000	316	316	316
P25560	P25560	100.000	188	188	188
O43508	O43508	100.000	249	249	249
O88480	O88480	100.000	2182	2182	2182
P47072	P47072	100.000	561	561	561
P47072	Q06315	23.800	318	561	1026
P59666	P59666	100.000	94	94	94
P73617	P73617	100.000	348	348	348
Q9P7Y8	Q9P7Y8	100.000	706	706	706
Q9P7Y8	A7TM88	23.300	347	706	1378
Q9P7Y8	P78953	21.700	253	706	920
Q9VD76	Q9VD76	100.000	419	419	419
Q9VD76	Q9VD74	23.300	309	419	397
Q9W484	Q9W484	100.000	985	985	985
Q9W484	Q5SXJ3	28.500	961	985	1174
Q9W484	A5DNW6	25.800	867	985	825
Q9W484	O08811	26.300	811	985	760
Q9W484	Q4JC68	22.300	706	985	551
Q9W484	P50831	30.000	183	985	641
O13706	O13706	100.000	165	165	165
O49292	O49292	100.000	260	260	260
O49292	P82538	23.600	152	260	230
P0C8B4	P0C8B4	100.000	98	98	98
P13902	P13902	100.000	151	151	151
P25585	P25585	100.000	152	152	152
P31430	P31430	100.000	410	410	410
Q04223	Q04223	100.000	302	302	302
P0AB43	P0AB43	100.000	108	108	108
P0C0A9	P0C0A9	100.000	76	76	76
P0CI80	P0CI80	100.000	445	445	445
P34077	P34077	100.000	839	839	839
P34077	Q9XZ06	20.500	822	839	823
P34077	F4J284	19.400	844	839	860
P45693	P45693	100.000	86	86	86
Q6RI63	Q6RI63	100.000	786	786	786
Q6RI63	Q6A0A9	25.500	817	786	1112
Q9CQ22	Q9CQ22	100.000	161	161	161
Q9CQ22	Q1ZXA8	29.100	175	161	174
Q9D4B2	Q9D4B2	100.000	624	624	624
A2RU37	A2RU37	100.000	121	121	121
G2TRL5	G2TRL5	100.000	95	95	95
Q8BS45	Q8BS45	100.000	554	554	554
Q9HDY1	Q9HDY1	100.000	731	731	731
Q9HDY1	P50275	25.900	412	731	885
Q9HDY1	Q99K43	27.800	237	731	603
Q9HDY1	Q4PSA3	25.700	256	731	549
C5DFL1	C5DFL1	100.000	128	128	128
G2TRQ0	G2TRQ0	100.000	95	95	95
O13780	O13780	100.000	324	324	324
O13780	Q08417	29.800	295	324	382
O13780	Q12253	23.000	230	324	270
P53907	P53907	100.000	740	740	740
P9WJG3	P9WJG3	100.000	162	162	162
P9WP77	P9WP77	100.000	856	856	856
Q13951	Q13951	100.000	182	182	182
Q18490	Q18490	100.000	142	142	142
E9Q286	E9Q286	100.000	2241	2241	2241
Q8CIP5	Q8CIP5	100.000	1345	1345	1345
P36618	P36618	100.000	299	299	299
P36618	Q80XQ2	23.100	220	299	815
P58513	P58513	100.000	81	81	81
Q0JIZ1	Q0JIZ1	100.000	551	551	551
P0CAQ1	P0CAQ1	100.000	624	624	624
P32318	P32318	100.000	326	326	326
P32318	Q6UPE1	37.200	59	326	616
P54315	P54315	100.000	467	467	467
Q3TQ03	Q3TQ03	100.000	375	375	375
P86863	P86863	100.000	46	46	46
Q9FIB6	Q9FIB6	100.000	442	442	442
Q9FIB6	O88544	25.100	223	442	406
Q9NEU5	Q9NEU5	100.000	438	438	438
Q9SIU2	Q9SIU2	100.000	848	848	848
Q9SIU2	Q09161	27.900	762	848	790
Q9SIU2	O14253	23.500	663	848	780
Q9SIU2	P34160	24.900	325	848	861
I3L273	I3L273	100.000	518	518	518
O31657	O31657	100.000	298	298	298
O31657	Q4JAE2	25.800	228	298	307
Q3E7Z5	Q3E7Z5	100.000	69	69	69
Q3TBT3	Q3TBT3	100.000	378	378	378
Q6X4U4	Q6X4U4	100.000	206	206	206
Q83LN3	Q83LN3	100.000	400	400	400
Q83LN3	Q8CC86	31.700	123	400	538
Q8NEP7	Q8NEP7	100.000	349	349	349
Q9H0A3	Q9H0A3	100.000	160	160	160
Q9SF23	Q9SF23	100.000	146	146	146
Q9UU84	Q9UU84	100.000	426	426	426
B0BN72	B0BN72	100.000	97	97	97
L7N675	L7N675	100.000	391	391	391
O14261	O14261	100.000	926	926	926
O14261	Q12527	21.300	730	926	1178
P0AF69	P0AF69	100.000	153	153	153
P15105	P15105	100.000	373	373	373
P38798	P38798	100.000	1089	1089	1089
P38798	F4IUX6	25.200	849	1089	1181
P38798	O13824	22.700	844	1089	1049
P53058	P53058	100.000	206	206	206
Q9VMU5	Q9VMU5	100.000	721	721	721
A6NF01	A6NF01	100.000	834	834	834
A6NF01	Q9VDV3	38.000	184	834	546
A6NF01	Q9V6B9	38.400	169	834	610
B1XHQ1	B1XHQ1	100.000	163	163	163
O13329	O13329	100.000	566	566	566
O95456	O95456	100.000	288	288	288
Q03937	Q03937	100.000	162	162	162
Q39227	Q39227	100.000	361	361	361
Q39227	Q0WPT7	26.600	150	361	352
Q39227	Q8VHT6	24.300	193	361	369
Q96UQ7	Q96UQ7	100.000	110	110	110
Q9C106	Q9C106	100.000	591	591	591
Q9C106	A3LQX9	25.900	582	591	599
Q9C106	Q9D483	21.800	577	591	533
Q9SA41	Q9SA41	100.000	381	381	381
Q96F85	Q96F85	100.000	164	164	164
Q9BRN9	Q9BRN9	100.000	247	247	247
Q9H6S1	Q9H6S1	100.000	392	392	392
Q9H6S1	Q92844	24.400	192	392	425
Q9P7L2	Q9P7L2	100.000	425	425	425
Q9P7L2	P54730	26.500	188	425	416
Q9W379	Q9W379	100.000	457	457	457
O22683	O22683	100.000	168	168	168
O74963	O74963	100.000	573	573	573
P93317	P93317	100.000	110	110	110
Q09240	Q09240	100.000	249	249	249
Q09240	Q18086	22.000	150	249	389
Q1ZYL8	Q1ZYL8	100.000	232	232	232
P9WNX3	P9WNX3	100.000	528	528	528
Q07799	Q07799	100.000	665	665	665
Q8JZY2	Q8JZY2	100.000	202	202	202
Q96524	Q96524	100.000	612	612	612
Q96524	Q16526	28.100	504	612	586
Q96524	P05066	24.900	521	612	565
Q9FY51	Q9FY51	100.000	358	358	358
Q9SWW6	Q9SWW6	100.000	1026	1026	1026
G5EDW7	G5EDW7	100.000	386	386	386
O60056	O60056	100.000	397	397	397
O88668	O88668	100.000	220	220	220
P08440	P08440	100.000	355	355	355
C6Y4A8	C6Y4A8	100.000	81	81	81
O14836	O14836	100.000	293	293	293
P53117	P53117	100.000	311	311	311
Q94BP7	Q94BP7	100.000	741	741	741
Q94BP7	A0JMF7	23.500	106	741	794
O05877	O05877	100.000	295	295	295
Q61979	Q61979	100.000	81	81	81
Q68CQ1	Q68CQ1	100.000	1323	1323	1323
Q68CQ1	Q6ZUA9	27.800	870	1323	1318
Q68CQ1	Q9H579	28.100	355	1323	483
Q68CQ1	K8ERU3	19.000	772	1323	1768
Q8R1M0	Q8R1M0	100.000	353	353	353
Q8R1M0	Q04471	29.200	239	353	368
Q96F46	Q96F46	100.000	866	866	866
Q96F46	Q9JIP3	24.800	494	866	499
Q96F46	Q8NAC3	25.700	198	866	791
Q9P0T7	Q9P0T7	100.000	183	183	183
P47710	P47710	100.000	185	185	185
P53265	P53265	100.000	400	400	400
P9WQH1	P9WQH1	100.000	385	385	385
P9WQH1	Q45829	29.000	162	385	355
Q04893	Q04893	100.000	1140	1140	1140
Q05779	Q05779	100.000	260	260	260
Q05779	Q68FT1	25.700	198	260	312
Q66H35	Q66H35	100.000	365	365	365
Q6PFH3	Q6PFH3	100.000	600	600	600
Q8N7N6	Q8N7N6	100.000	555	555	555
Q95XQ1	Q95XQ1	100.000	578	578	578
Q96NL6	Q96NL6	100.000	688	688	688
Q9CYS6	Q9CYS6	100.000	286	286	286
Q9GSX9	Q9GSX9	100.000	566	566	566
Q9GSX9	Q9NVN3	23.600	494	566	520
Q9VSU7	Q9VSU7	100.000	250	250	250
A7TFI4	A7TFI4	100.000	797	797	797
P0C6B7	P0C6B7	100.000	237	237	237
Q9N3P1	Q9N3P1	100.000	454	454	454
A8C756	A8C756	100.000	1938	1938	1938
A8C756	Q9VWB9	29.100	861	1938	1746
A8C756	Q03496	21.400	814	1938	1420
P35573	P35573	100.000	1532	1532	1532
Q03231	Q03231	100.000	154	154	154
Q06629	Q06629	100.000	674	674	674
Q06629	Q06623	28.500	168	674	655
Q6UX65	Q6UX65	100.000	266	266	266
Q83J15	Q83J15	100.000	213	213	213
Q8BJF9	Q8BJF9	100.000	213	213	213
Q8BJF9	Q58CS7	28.300	173	213	222
Q8BWP8	Q8BWP8	100.000	415	415	415
Q8BWP8	Q5XPT3	29.900	324	415	690
Q8N205	Q8N205	100.000	404	404	404
O94706	O94706	100.000	222	222	222
O94706	Q6P0T2	23.700	185	222	308
P37209	P37209	100.000	88	88	88
P38830	P38830	100.000	627	627	627
Q94KB4	Q94KB4	100.000	460	460	460
Q9FNI1	Q9FNI1	100.000	122	122	122
Q08157	Q08157	100.000	551	551	551
Q08157	O74472	24.100	203	551	336
Q08157	Q10268	26.400	208	551	756
Q08157	Q04734	26.400	155	551	239
Q16612	Q16612	100.000	68	68	68
Q3TYS2	Q3TYS2	100.000	187	187	187
Q5AAR0	Q5AAR0	100.000	400	400	400
Q64327	Q64327	100.000	174	174	174
O08976	O08976	100.000	174	174	174
O31587	O31587	100.000	89	89	89
O43490	O43490	100.000	865	865	865
O43490	Q8N271	26.500	772	865	834
O43490	P82295	20.700	861	865	1013
P0CG20	P0CG20	100.000	571	571	571
P31979	P31979	100.000	445	445	445
P9WLP5	P9WLP5	100.000	90	90	90
Q02242	Q02242	100.000	288	288	288
Q08A72	Q08A72	100.000	429	429	429
Q12495	Q12495	100.000	606	606	606
Q3UN90	Q3UN90	100.000	78	78	78
Q9SR77	Q9SR77	100.000	309	309	309
Q9SR77	Q9NRV9	31.200	96	309	189
O07227	O07227	100.000	73	73	73
O14603	O14603	100.000	147	147	147
P05371	P05371	100.000	447	447	447
P05371	Q3ZRW6	24.300	398	447	464
P34304	P34304	100.000	643	643	643
P0A8C4	P0A8C4	100.000	192	192	192
P37491	P37491	100.000	251	251	251
P53617	P53617	100.000	575	575	575
P53617	Q9UTE3	29.300	576	575	620
Q03818	Q03818	100.000	150	150	150
Q06412	Q06412	100.000	1307	1307	1307
Q06412	Q9Y7U5	21.600	1067	1307	1275
P36081	P36081	100.000	392	392	392
Q03327	Q03327	100.000	502	502	502
Q03327	Q9UTF8	24.500	403	502	421
Q9WVD4	Q9WVD4	100.000	816	816	816
Q9LHH5	Q9LHH5	100.000	269	269	269
Q9LHH5	A8MQN2	29.100	96	269	616
Q9SVF3	Q9SVF3	100.000	374	374	374
P31142	P31142	100.000	281	281	281
P31142	Q39129	29.300	126	281	120
P56123	P56123	100.000	644	644	644
P56123	P59107	28.100	337	644	644
P56123	P39112	24.800	442	644	969
P56123	O74454	22.100	334	644	1066
Q4J986	Q4J986	100.000	227	227	227
Q4J986	P43891	26.100	241	227	233
Q5UE93	Q5UE93	100.000	754	754	754
Q5UE93	Q5SW28	24.900	863	754	871
Q99575	Q99575	100.000	1024	1024	1024
Q99575	F4IL30	22.200	673	1024	826
Q99575	P41812	24.500	330	1024	875
E9PQ53	E9PQ53	100.000	114	114	114
O13658	O13658	100.000	738	738	738
P09937	P09937	100.000	338	338	338
P0ADG8	P0ADG8	100.000	488	488	488
P20396	P20396	100.000	242	242	242
A6N6J5	A6N6J5	100.000	1170	1170	1170
A6N6J5	Q9UG01	18.900	264	1170	1749
A6N6J5	P38262	21.600	166	1170	535
P36163	P36163	100.000	345	345	345
P36163	Q96E52	27.000	300	345	524
P78890	P78890	100.000	325	325	325
P93820	P93820	100.000	1002	1002	1002
Q9ASV5	Q9ASV5	100.000	650	650	650
P10156	P10156	100.000	164	164	164
P12669	P12669	100.000	132	132	132
P20795	P20795	100.000	691	691	691
P20795	Q94KJ7	24.300	579	691	592
P20795	O49048	22.600	265	691	569
P20795	Q07327	21.600	203	691	597
P40513	P40513	100.000	266	266	266
P46695	P46695	100.000	156	156	156
P46695	Q9NXH8	44.500	74	156	423
Q8BI22	Q8BI22	100.000	1102	1102	1102
Q8BI22	Q13439	25.000	620	1102	2230
Q8TCX1	Q8TCX1	100.000	351	351	351
Q9BR77	Q9BR77	100.000	488	488	488
Q9I3S1	Q9I3S1	100.000	417	417	417
A3LWI0	A3LWI0	100.000	236	236	236
Q8TEY5	Q8TEY5	100.000	395	395	395
Q96AB3	Q96AB3	100.000	205	205	205
Q97I46	Q97I46	100.000	87	87	87
Q9BL47	Q9BL47	100.000	927	927	927
Q9BL47	Q922P8	23.600	322	927	1018
Q9H0Q0	Q9H0Q0	100.000	323	323	323
Q9NRW3	Q9NRW3	100.000	190	190	190
Q9Y234	Q9Y234	100.000	373	373	373
H3BPM6	H3BPM6	100.000	223	223	223
P10169	P10169	100.000	176	176	176
P39721	P39721	100.000	246	246	246
P39721	Q96DG6	27.600	228	246	245
Q9NWQ9	Q9NWQ9	100.000	140	140	140
Q9UBV7	Q9UBV7	100.000	327	327	327
A4QMS7	A4QMS7	100.000	147	147	147
O08557	O08557	100.000	285	285	285
O75071	O75071	100.000	495	495	495
O59743	O59743	100.000	242	242	242
P36595	P36595	100.000	142	142	142
P40041	P40041	100.000	505	505	505
Q0JF03	Q0JF03	100.000	586	586	586
Q0JF03	Q9US07	26.100	609	586	662
Q0JF03	Q12386	24.200	569	586	881
Q9USR9	Q9USR9	100.000	643	643	643
Q9USR9	P35201	25.900	312	643	549
F4JI44	F4JI44	100.000	913	913	913
O48520	O48520	100.000	440	440	440
O48520	P38121	24.100	278	440	705
P07033	P07033	100.000	99	99	99
P12783	P12783	100.000	401	401	401
P42844	P42844	100.000	174	174	174
Q0VA82	Q0VA82	100.000	504	504	504
O05518	O05518	100.000	346	346	346
P17117	P17117	100.000	240	240	240
P40455	P40455	100.000	235	235	235
P68313	P68313	100.000	68	68	68
F2Z3F1	F2Z3F1	100.000	127	127	127
O15544	O15544	100.000	149	149	149
O81028	O81028	100.000	799	799	799
O81028	O80958	23.700	640	799	867
O81028	Q9LMY5	26.700	504	799	826
O81028	Q9SS81	24.200	632	799	687
O81028	Q9SSR4	23.400	623	799	819
O81028	Q9FMF6	24.600	552	799	730
O81028	Q9LKU8	25.300	612	799	766
O81028	Q9SAD9	26.500	415	799	517
O81028	Q0WMY5	22.800	561	799	952
O81028	Q9LS88	26.000	472	799	842
O81028	Q9LW84	27.300	398	799	642
O81028	Q9LVA2	21.700	639	799	982
O81028	Q8RWS8	21.900	601	799	822
O81028	Q9LR67	25.300	482	799	660
O81028	O82178	26.100	383	799	591
O81028	Q9ZUU3	23.400	474	799	757
O81028	Q9S7Q2	23.900	471	799	862
O81028	Q9FLD8	26.600	390	799	678
O81028	Q9FRS4	23.100	453	799	559
O81028	Q9MAG8	27.500	279	799	471
O81028	Q9SVH3	22.600	423	799	727
O81028	Q9LSK8	23.400	448	799	688
O81028	P0C896	25.400	365	799	576
O81028	Q9M3A8	23.100	497	799	629
O81028	Q3ECH5	26.800	305	799	544
O81028	Q9FMU2	24.600	414	799	634
O81028	Q9LS25	26.000	365	799	711
O81028	Q0WLC6	22.600	292	799	1089
O81028	Q3EDA9	21.800	466	799	608
O81028	Q9ZUU7	21.700	410	799	462
O81028	Q9M4P3	21.900	382	799	656
O81028	Q9SAK0	22.300	367	799	836
O81028	Q9SNB7	23.300	493	799	665
O81028	Q9SQU6	20.200	405	799	486
O81028	Q9M2C8	26.600	263	799	498
O81028	Q9SA76	24.500	318	799	1006
O81028	O23278	22.300	277	799	501
O81028	B3H4P1	24.000	216	799	661
O81028	Q8LPF1	24.800	233	799	668
O81028	Q9SGQ6	22.200	198	799	773
O81028	O49711	21.100	397	799	843
O81028	Q9SKU6	22.200	287	799	490
O81028	Q9SA60	24.700	246	799	793
O81028	O49343	23.600	309	799	452
O81028	P32522	20.600	348	799	965
O81028	Q9FZD1	21.200	428	799	630
O81028	Q12089	22.300	201	799	606
P47182	P47182	100.000	288	288	288
Q04734	Q04734	100.000	239	239	239
Q04734	Q08157	26.400	155	239	551
Q04734	O74472	24.600	154	239	336
P0DJF2	P0DJF2	100.000	80	80	80
P13618	P13618	100.000	76	76	76
P23369	P23369	100.000	157	157	157
P32385	P32385	100.000	249	249	249
P38828	P38828	100.000	187	187	187
P38828	Q9D0R8	28.300	162	187	195
P95867	P95867	100.000	561	561	561
P95867	Q83PV3	27.800	291	561	728
P95867	P28904	24.500	420	561	551
P95867	P00689	21.000	319	561	508
Q07074	Q07074	100.000	71	71	71
Q08474	Q08474	100.000	114	114	114
Q09560	Q09560	100.000	964	964	964
Q14CX5	Q14CX5	100.000	517	517	517
Q8T9B6	Q8T9B6	100.000	180	180	180
Q8WXG1	Q8WXG1	100.000	361	361	361
Q9D361	Q9D361	100.000	337	337	337
Q9P7S7	Q9P7S7	100.000	508	508	508
Q9UT63	Q9UT63	100.000	216	216	216
Q9UT63	Q9FGF0	25.300	197	216	282
Q9QYV8	Q9QYV8	100.000	1216	1216	1216
O31903	O31903	100.000	576	576	576
O44548	O44548	100.000	877	877	877
P0A9M2	P0A9M2	100.000	178	178	178
P0A9M2	P0A9M6	29.200	113	178	152
P0DJI6	P0DJI6	100.000	106	106	106
O81816	O81816	100.000	407	407	407
O81816	P38169	22.100	352	407	460
P33157	P33157	100.000	339	339	339
P49194	P49194	100.000	1234	1234	1234
P49194	P42784	28.900	207	1234	414
P49194	P95871	23.400	149	1234	1068
Q8CES1	Q8CES1	100.000	96	96	96
P12579	P12579	100.000	241	241	241
Q5RI15	Q5RI15	100.000	118	118	118
Q5SZD1	Q5SZD1	100.000	244	244	244
Q66GS9	Q66GS9	100.000	1140	1140	1140
Q66GS9	F4JZY1	20.500	908	1140	1586
Q66GS9	Q13439	21.500	956	1140	2230
Q66GS9	O74424	22.900	627	1140	1837
Q66GS9	Q811U3	23.400	511	1140	948
Q66GS9	Q5T655	22.600	623	1140	872
Q66GS9	Q8BI22	22.200	682	1140	1102
Q66GS9	Q5T9S5	20.800	634	1140	1454
Q66GS9	F1MA98	23.300	681	1140	2360
Q66GS9	Q9CW79	24.200	293	1140	758
Q7L2K0	Q7L2K0	100.000	433	433	433
Q86WZ0	Q86WZ0	100.000	1026	1026	1026
O96552	O96552	100.000	192	192	192
P0CF16	P0CF16	100.000	290	290	290
Q42596	Q42596	100.000	134	134	134
Q99NI3	Q99NI3	100.000	936	936	936
Q99NI3	Q8VEH5	25.700	556	936	606
O94670	O94670	100.000	273	273	273
O31993	O31993	100.000	118	118	118
O34588	O34588	100.000	79	79	79
O59676	O59676	100.000	359	359	359
O59676	O94312	26.000	334	359	568
O59676	Q04213	30.000	100	359	475
O74953	O74953	100.000	699	699	699
P01185	P01185	100.000	164	164	164
P05151	P05151	100.000	320	320	320
P39995	P39995	100.000	279	279	279
P78833	P78833	100.000	198	198	198
Q05787	Q05787	100.000	833	833	833
Q946Y7	Q946Y7	100.000	245	245	245
Q946Y7	Q9JKK1	27.300	252	245	255
Q946Y7	Q9HGN3	23.800	201	245	225
Q946Y7	Q94KK7	24.800	233	245	233
Q946Y7	Q03322	23.800	243	245	224
Q9Y613	Q9Y613	100.000	1164	1164	1164
Q9Y613	P78621	20.300	324	1164	1790
O13924	O13924	100.000	488	488	488
O13924	P32789	24.600	439	488	676
P34344	P34344	100.000	610	610	610
P87315	P87315	100.000	1630	1630	1630
P87315	P47171	22.100	1079	1630	1648
Q9ESY9	Q9ESY9	100.000	248	248	248
Q8K194	Q8K194	100.000	155	155	155
Q8N635	Q8N635	100.000	442	442	442
Q9BUA3	Q9BUA3	100.000	381	381	381
Q9HB71	Q9HB71	100.000	228	228	228
Q9QYF9	Q9QYF9	100.000	375	375	375
Q6UWD8	Q6UWD8	100.000	224	224	224
Q80UC6	Q80UC6	100.000	358	358	358
Q80UC6	Q96P69	28.300	325	358	363
Q86V87	Q86V87	100.000	743	743	743
Q86V87	Q66H54	22.400	718	743	791
Q8NCU4	Q8NCU4	100.000	936	936	936
Q97Z82	Q97Z82	100.000	151	151	151
O43427	O43427	100.000	364	364	364
O96539	O96539	100.000	484	484	484
P25586	P25586	100.000	316	316	316
P34500	P34500	100.000	148	148	148
P38218	P38218	100.000	177	177	177
Q7L8L6	Q7L8L6	100.000	764	764	764
Q7L8L6	Q6DI86	21.100	373	764	829
Q7L8L6	Q8BSN9	22.100	429	764	661
Q7L8L6	Q91YM4	20.200	636	764	630
Q7L8L6	Q9JIX9	26.100	172	764	511
Q96LU5	Q96LU5	100.000	166	166	166
Q9JJ06	Q9JJ06	100.000	363	363	363
Q9JJ06	Q9P2E5	28.600	164	363	772
Q9JJ06	Q9Y2C3	25.500	145	363	310
F4HRS2	F4HRS2	100.000	2222	2222	2222
F4HRS2	Q5PRF0	25.100	1526	2222	2038
F4HRS2	O42998	25.200	452	2222	1919
Q9BV90	Q9BV90	100.000	132	132	132
Q9VEA2	Q9VEA2	100.000	876	876	876
Q9VEA2	Q8WUH2	23.300	886	876	860
Q9VEA2	O13955	22.500	946	876	905
Q9VEA2	Q07468	26.900	442	876	1049
Q9VEA2	F4I312	22.600	653	876	984
P28005	P28005	100.000	173	173	173
P53234	P53234	100.000	283	283	283
Q18086	Q18086	100.000	389	389	389
Q18086	Q09240	22.400	183	389	249
Q9LT84	Q9LT84	100.000	382	382	382
Q0WR66	Q0WR66	100.000	793	793	793
Q949R4	Q949R4	100.000	269	269	269
Q949R4	O74741	28.700	271	269	297
Q9CXU0	Q9CXU0	100.000	135	135	135
Q9CXU0	P87310	24.100	120	135	144
Q9LW26	Q9LW26	100.000	701	701	701
Q9LW26	Q96MH6	27.000	155	701	324
O14791	O14791	100.000	398	398	398
Q3UJ81	Q3UJ81	100.000	125	125	125
Q4J9B0	Q4J9B0	100.000	322	322	322
Q4J9B0	P10363	28.000	171	322	409
Q5XIB1	Q5XIB1	100.000	317	317	317
Q6DIA7	Q6DIA7	100.000	600	600	600
Q701N4	Q701N4	100.000	177	177	177
Q96PP8	Q96PP8	100.000	586	586	586
Q96PP8	Q8ILT5	24.500	208	586	937
Q9DBQ7	Q9DBQ7	100.000	735	735	735
Q9DBQ7	Q9EQC5	27.400	452	735	806
Q9DBQ7	O13733	27.600	152	735	637
Q9DBQ7	P53009	21.000	432	735	804
Q9QXP4	Q9QXP4	100.000	560	560	560
Q9VTE2	Q9VTE2	100.000	962	962	962
F4JEP5	F4JEP5	100.000	807	807	807
F4JEP5	Q12175	29.700	621	807	901
F4JEP5	P40965	22.400	686	807	878
Q6PIU9	Q6PIU9	100.000	354	354	354
Q7K1Z5	Q7K1Z5	100.000	164	164	164
Q83QS6	Q83QS6	100.000	600	600	600
Q8N0Z8	Q8N0Z8	100.000	303	303	303
Q8N0Z8	Q83QR3	27.800	276	303	270
Q8RWD5	Q8RWD5	100.000	577	577	577
Q96LL4	Q96LL4	100.000	319	319	319
Q9D3S5	Q9D3S5	100.000	366	366	366
Q9Y6X3	Q9Y6X3	100.000	613	613	613
Q9Y6X3	Q9FGN7	22.200	637	613	726
P20840	P20840	100.000	650	650	650
Q3U132	Q3U132	100.000	458	458	458
Q3U132	Q3U132	100.000	458	458	458
Q5JVX7	Q5JVX7	100.000	400	400	400
Q60870	Q60870	100.000	185	185	185
Q6NVG5	Q6NVG5	100.000	214	214	214
Q7LGA3	Q7LGA3	100.000	356	356	356
Q8BZB3	Q8BZB3	100.000	538	538	538
Q8BZB3	Q3U2S8	26.100	168	538	269
Q15631	Q15631	100.000	228	228	228
Q2YQA5	Q2YQA5	100.000	209	209	209
Q3UU94	Q3UU94	100.000	337	337	337
Q3UU94	Q9CR33	20.400	122	337	414
Q5H8C4	Q5H8C4	100.000	3166	3166	3166
Q5H8C4	Q07878	22.200	3326	3166	3144
Q5H8C4	O42926	21.300	3256	3166	3131
Q5H8C4	Q5THJ4	22.200	1172	3166	4388
Q5H8C4	Q9VU08	21.900	879	3166	3919
Q99380	Q99380	100.000	36	36	36
P39732	P39732	100.000	760	760	760
Q6P5S2	Q6P5S2	100.000	330	330	330
Q8BT07	Q8BT07	100.000	462	462	462
Q8N543	Q8N543	100.000	542	542	542
Q9D9J2	Q9D9J2	100.000	266	266	266
A0PJX8	A0PJX8	100.000	343	343	343
O82345	O82345	100.000	1043	1043	1043
Q2V3H5	Q2V3H5	100.000	101	101	101
Q4G0G2	Q4G0G2	100.000	97	97	97
Q94AC8	Q94AC8	100.000	274	274	274
A5PLC8	A5PLC8	100.000	106	106	106
A7ZRX6	A7ZRX6	100.000	470	470	470
P0A8Z9	P0A8Z9	100.000	193	193	193
P27414	P27414	100.000	369	369	369
P45425	P45425	100.000	291	291	291
P45425	O35826	26.400	317	291	722
P45425	P50456	27.300	216	291	406
O13956	O13956	100.000	783	783	783
O13956	O94653	27.900	240	783	1121
P05552	P05552	100.000	262	262	262
P11978	P11978	100.000	1358	1358	1358
P36138	P36138	100.000	183	183	183
P39725	P39725	100.000	102	102	102
Q01850	Q01850	100.000	454	454	454
Q07845	Q07845	100.000	632	632	632
Q07845	A1ZA92	24.000	379	632	995
Q07845	Q9SR06	29.000	155	632	444
Q07845	E1BPN0	25.700	175	632	694
Q3UHA3	Q3UHA3	100.000	2430	2430	2430
A0AUQ6	A0AUQ6	100.000	112	112	112
B3H672	B3H672	100.000	674	674	674
B3H672	Q9SA60	25.800	720	674	793
B3H672	Q9LMY5	20.700	188	674	826
B3H672	Q9SAK0	31.800	66	674	836
Q04935	Q04935	100.000	205	205	205
Q2NL98	Q2NL98	100.000	169	169	169
Q4JAI6	Q4JAI6	100.000	247	247	247
Q4JAI6	Q4J9A8	25.200	246	247	245
Q4JAI6	P15873	23.600	258	247	258
Q64ET8	Q64ET8	100.000	278	278	278
Q86SG4	Q86SG4	100.000	172	172	172
O94617	O94617	100.000	475	475	475
O94617	Q9C5I1	27.900	240	475	614
O94617	Q9M9P3	21.600	226	475	469
P21589	P21589	100.000	574	574	574
P39685	P39685	100.000	1337	1337	1337
Q06679	Q06679	100.000	776	776	776
Q06679	O74453	25.900	181	776	341
Q06679	Q3UKJ7	21.500	288	776	513
Q06679	P33215	21.600	273	776	660
Q7TS73	Q7TS73	100.000	204	204	204
B4F779	B4F779	100.000	662	662	662
B4F779	O13818	22.200	441	662	1213
P10417	P10417	100.000	236	236	236
P10417	Q9UMX3	20.500	185	236	212
P36080	P36080	100.000	434	434	434
P39807	P39807	100.000	139	139	139
P40969	P40969	100.000	608	608	608
Q9ESC8	Q9ESC8	100.000	1160	1160	1160
Q9UH64	Q9UH64	100.000	79	79	79
Q9UX85	Q9UX85	100.000	144	144	144
Q9Y314	Q9Y314	100.000	301	301	301
A7TTE6	A7TTE6	100.000	319	319	319
P04951	P04951	100.000	248	248	248
P04951	Q0P8U6	25.000	128	248	232
P0C233	P0C233	100.000	259	259	259
P25144	P25144	100.000	334	334	334
P25144	P0ACP3	25.700	299	334	334
P25144	P02925	21.900	292	334	296
P32914	P32914	100.000	102	102	102
P36938	P36938	100.000	546	546	546
P36938	O74374	27.300	409	546	554
P36938	Q72JS7	23.500	399	546	437
P36938	P75050	23.200	349	546	554
Q8N3R3	Q8N3R3	100.000	496	496	496
Q99248	Q99248	100.000	730	730	730
Q99248	P50089	23.400	188	730	785
Q99248	O74782	23.500	187	730	307
Q9NW61	Q9NW61	100.000	149	149	149
Q9V496	Q9V496	100.000	3351	3351	3351
Q9V496	O08601	22.900	401	3351	894
P30651	P30651	100.000	487	487	487
Q1ZZU3	Q1ZZU3	100.000	235	235	235
Q3SXD3	Q3SXD3	100.000	199	199	199
Q4JAI1	Q4JAI1	100.000	213	213	213
Q4JAI1	A0A1D8PL99	28.400	102	213	236
Q5FVJ3	Q5FVJ3	100.000	271	271	271
Q5SWY8	Q5SWY8	100.000	596	596	596
Q5SWY8	Q8N695	24.000	483	596	610
Q5SWY8	Q9GZV3	24.200	512	596	580
P32450	P32450	100.000	94	94	94
P40573	P40573	100.000	187	187	187
P47167	P47167	100.000	239	239	239
P82795	P82795	100.000	85	85	85
Q02197	Q02197	100.000	733	733	733
Q02197	Q5VZE5	19.700	658	733	725
C0HK92	C0HK92	100.000	619	619	619
C0HK92	C0HK92	100.000	619	619	619
O03983	O03983	100.000	151	151	151
O60152	O60152	100.000	1958	1958	1958
O60152	Q8IWV7	23.100	1956	1958	1749
O60152	P19812	20.700	1978	1958	1950
O60152	P91133	21.700	2127	1958	2058
O60152	Q07963	20.600	2017	1958	1872
O60152	Q6ZT12	20.200	2038	1958	1888
O60152	F4KCC2	21.000	2068	1958	2006
Q9FVE0	Q9FVE0	100.000	136	136	136
Q9GZM3	Q9GZM3	100.000	115	115	115
Q03798	Q03798	100.000	255	255	255
Q149C2	Q149C2	100.000	625	625	625
Q3UUX7	Q3UUX7	100.000	111	111	111
Q55356	Q55356	100.000	112	112	112
Q59WD5	Q59WD5	100.000	1303	1303	1303
Q59WD5	O42874	29.000	434	1303	1462
Q59WD5	P38198	24.300	574	1303	1513
Q59WD5	Q99JD4	22.000	240	1303	1286
Q6DIA2	Q6DIA2	100.000	721	721	721
Q6DIA2	Q03169	25.100	549	721	654
Q6DIA2	Q8BI71	24.800	387	721	739
Q80TZ9	Q80TZ9	100.000	1558	1558	1558
Q8K0S0	Q8K0S0	100.000	330	330	330
Q8WWB7	Q8WWB7	100.000	406	406	406
Q96QA5	Q96QA5	100.000	445	445	445
Q96QA5	Q0ZLH2	25.300	233	445	352
B4DYI2	B4DYI2	100.000	1134	1134	1134
P47168	P47168	100.000	421	421	421
Q19191	Q19191	100.000	102	102	102
Q3B7J2	Q3B7J2	100.000	385	385	385
Q6PIZ9	Q6PIZ9	100.000	186	186	186
Q4KLY0	Q4KLY0	100.000	538	538	538
Q4KLY0	F4JZY1	22.300	541	538	1586
Q94AF0	Q94AF0	100.000	222	222	222
Q9FKR0	Q9FKR0	100.000	361	361	361
Q9P7N5	Q9P7N5	100.000	319	319	319
A0A5F8MPU3	A0A5F8MPU3	100.000	2282	2282	2282
Q6AY86	Q6AY86	100.000	327	327	327
Q71KT5	Q71KT5	100.000	418	418	418
Q8N201	Q8N201	100.000	2190	2190	2190
F4JSE7	F4JSE7	100.000	718	718	718
P61365	P61365	100.000	132	132	132
P38382	P38382	100.000	81	81	81
P38833	P38833	100.000	243	243	243
P39715	P39715	100.000	212	212	212
P40200	P40200	100.000	585	585	585
P40200	Q61490	32.900	94	585	583
P53567	P53567	100.000	150	150	150
Q9CXC3	Q9CXC3	100.000	338	338	338
Q9SKD6	Q9SKD6	100.000	621	621	621
O45870	O45870	100.000	434	434	434
P31041	P31041	100.000	218	218	218
P31041	Q9Y6W8	26.700	116	218	199
P47140	P47140	100.000	327	327	327
P47140	A0PG75	23.100	203	327	271
P33301	P33301	100.000	854	854	854
P53877	P53877	100.000	555	555	555
Q06070	Q06070	100.000	228	228	228
Q09919	Q09919	100.000	397	397	397
Q17R60	Q17R60	100.000	797	797	797
P53107	P53107	100.000	440	440	440
P94409	P94409	100.000	584	584	584
Q12382	Q12382	100.000	290	290	290
Q494V2	Q494V2	100.000	611	611	611
Q66H73	Q66H73	100.000	516	516	516
Q66H73	O13803	24.000	350	516	601
Q66H73	Q2KHR3	22.100	199	516	1735
P46988	P46988	100.000	109	109	109
P46988	Q9CWM4	26.400	102	109	122
P54802	P54802	100.000	743	743	743
Q8WUX2	Q8WUX2	100.000	184	184	184
Q9CQ00	Q9CQ00	100.000	111	111	111
Q9N4G4	Q9N4G4	100.000	1475	1475	1475
P9WG45	P9WG45	100.000	675	675	675
P9WG45	P30182	24.700	593	675	1473
Q08270	Q08270	100.000	108	108	108
Q09894	Q09894	100.000	561	561	561
Q09894	Q9Y7P6	26.200	407	561	574
Q15493	Q15493	100.000	299	299	299
Q4V8D7	Q4V8D7	100.000	296	296	296
Q4V8D7	A6H8Z2	27.100	166	296	402
Q9LHN7	Q9LHN7	100.000	478	478	478
Q9LHN7	P19807	23.000	230	478	563
Q9LHN7	Q9C5D6	23.400	366	478	569
Q9SH66	Q9SH66	100.000	182	182	182
Q9SH66	Q9FIG7	28.100	167	182	185
Q9SH66	Q9M3C8	29.200	106	182	306
Q9U7C9	Q9U7C9	100.000	756	756	756
Q9Z0I7	Q9Z0I7	100.000	337	337	337
A2AAE1	A2AAE1	100.000	5005	5005	5005
A2AAE1	A0A0K3AWP8	20.500	5188	5005	4022
A2AAE1	Q12150	19.200	677	5005	2958
Q9SB63	Q9SB63	100.000	1412	1412	1412
A3GFA2	A3GFA2	100.000	749	749	749
A3GFA2	P38769	23.500	489	749	630
A3GFA2	O95487	20.400	612	749	1268
O22793	O22793	100.000	219	219	219
O55189	O55189	100.000	407	407	407
O82155	O82155	100.000	194	194	194
Q5RL79	Q5RL79	100.000	136	136	136
Q5U1Y0	Q5U1Y0	100.000	266	266	266
Q69CM7	Q69CM7	100.000	928	928	928
Q8R400	Q8R400	100.000	80	80	80
Q92759	Q92759	100.000	462	462	462
O94259	O94259	100.000	327	327	327
P0A862	P0A862	100.000	168	168	168
P0ABT0	P0ABT0	100.000	76	76	76
P23389	P23389	100.000	646	646	646
P38177	P38177	100.000	466	466	466
P38177	O60082	23.100	345	466	274
Q9W3C1	Q9W3C1	100.000	1008	1008	1008
Q9W3C1	Q97U12	25.100	739	1008	770
F4KEY9	F4KEY9	100.000	1065	1065	1065
F4KEY9	Q6QI44	24.400	690	1065	970
P0C896	P0C896	100.000	576	576	576
P0C896	Q9LR67	26.600	417	576	660
P0C896	Q9FMF6	27.300	311	576	730
P0C896	Q9SSR4	26.100	397	576	819
P0C896	Q0WLC6	25.500	349	576	1089
P0C896	Q9LW84	23.400	366	576	642
P0C896	Q0WMY5	27.600	318	576	952
P0C896	Q9LKU8	23.100	384	576	766
P0C896	Q9MAG8	26.400	295	576	471
P0C896	O80958	25.200	317	576	867
P0C896	O81028	25.400	365	576	799
P0C896	Q9SS81	23.900	343	576	687
P0C896	Q9LMY5	24.000	358	576	826
P0C896	Q9LVA2	25.700	384	576	982
P0C896	Q9SAD9	23.800	327	576	517
P0C896	Q9FRS4	24.700	327	576	559
P0C896	Q3ECH5	24.000	399	576	544
P0C896	Q8RWS8	22.900	322	576	822
P0C896	Q9ZUU3	23.800	331	576	757
P0C896	Q9LSK8	26.000	334	576	688
P0C896	Q9FLD8	23.100	307	576	678
P0C896	O82178	21.100	322	576	591
P0C896	Q9ZUU7	24.400	295	576	462
P0C896	Q9SVH3	21.200	343	576	727
P0C896	Q9LS88	21.900	373	576	842
P0C896	Q9FMU2	20.000	408	576	634
P0C896	Q9SNB7	26.600	293	576	665
P0C896	Q3EDA9	21.900	355	576	608
P0C896	Q8LPF1	23.300	368	576	668
P0C896	Q9LS25	25.700	284	576	711
P0C896	Q9M2C8	21.100	383	576	498
P0C896	Q9M3A8	23.400	213	576	629
P0C896	Q9SQU6	20.900	315	576	486
P0C896	O49711	22.900	231	576	843
P0C896	O23278	20.700	308	576	501
P0C896	Q9M4P3	22.000	359	576	656
P0C896	O49343	24.200	214	576	452
P0C896	Q9SA60	26.000	173	576	793
P0C896	Q9FZD1	24.600	138	576	630
P0C896	Q9SA76	18.100	392	576	1006
P0C896	Q9SKU6	25.300	197	576	490
P0C896	Q9SGQ6	23.500	153	576	773
P0C896	B3H4P1	22.100	199	576	661
P42947	P42947	100.000	387	387	387
P91859	P91859	100.000	878	878	878
P91859	P91859	100.000	878	878	878
P40560	P40560	100.000	513	513	513
P53843	P53843	100.000	298	298	298
P56785	P56785	100.000	1786	1786	1786
Q2NL68	Q2NL68	100.000	480	480	480
Q4V7B1	Q4V7B1	100.000	658	658	658
Q4V7B1	Q9Y6A4	26.900	189	658	193
Q9D531	Q9D531	100.000	156	156	156
Q9LFT6	Q9LFT6	100.000	258	258	258
Q9SFB0	Q9SFB0	100.000	526	526	526
Q9Y7Z7	Q9Y7Z7	100.000	210	210	210
B0QZF7	B0QZF7	100.000	307	307	307
O34542	O34542	100.000	221	221	221
O60671	O60671	100.000	282	282	282
O60671	P22193	28.600	279	282	323
O60671	P48581	17.300	260	282	401
P09926	P09926	100.000	257	257	257
P0ABT2	P0ABT2	100.000	167	167	167
P0ABT2	P80879	19.500	138	167	145
P17629	P17629	100.000	752	752	752
P28662	P28662	100.000	125	125	125
P41888	P41888	100.000	569	569	569
P41888	P35202	29.100	254	569	319
Q497N7	Q497N7	100.000	227	227	227
P16285	P16285	100.000	450	450	450
Q9D668	Q9D668	100.000	407	407	407
Q9D668	P30647	25.200	234	407	374
Q9D668	Q497K5	25.200	202	407	325
Q5XI03	Q5XI03	100.000	821	821	821
Q6ZVL6	Q6ZVL6	100.000	1849	1849	1849
Q8R4U6	Q8R4U6	100.000	593	593	593
Q97WK8	Q97WK8	100.000	236	236	236
Q9BWS9	Q9BWS9	100.000	393	393	393
Q9H211	Q9H211	100.000	546	546	546
Q9H211	Q9M1S9	24.200	140	546	486
Q9VAP2	Q9VAP2	100.000	654	654	654
Q9VAP2	A0JMF7	29.700	101	654	794
F4I9G2	F4I9G2	100.000	426	426	426
O82289	O82289	100.000	568	568	568
O82289	Q9ZUD9	27.900	258	568	323
Q10000	Q10000	100.000	345	345	345
Q83SD5	Q83SD5	100.000	364	364	364
Q8N1D5	Q8N1D5	100.000	194	194	194
Q8VIM4	Q8VIM4	100.000	307	307	307
Q9CQN6	Q9CQN6	100.000	114	114	114
Q9DAD0	Q9DAD0	100.000	168	168	168
O35075	O35075	100.000	297	297	297
O35075	Q6AY86	22.700	286	297	327
P36534	P36534	100.000	297	297	297
P49960	P49960	100.000	444	444	444
Q04438	Q04438	100.000	115	115	115
Q04940	Q04940	100.000	78	78	78
Q9SIY3	Q9SIY3	100.000	210	210	210
Q9SU33	Q9SU33	100.000	177	177	177
Q9VLM6	Q9VLM6	100.000	199	199	199
Q9Y7Q6	Q9Y7Q6	100.000	147	147	147
A2RUB1	A2RUB1	100.000	952	952	952
Q80SX5	Q80SX5	100.000	563	563	563
Q80SX5	B7Z0W9	23.200	504	563	1576
Q8CHW5	Q8CHW5	100.000	507	507	507
Q8CHW5	Q5TZA2	26.500	448	507	2017
Q8NC54	Q8NC54	100.000	265	265	265
Q8TC20	Q8TC20	100.000	777	777	777
Q92CZ4	Q92CZ4	100.000	69	69	69
Q16526	Q16526	100.000	586	586	586
Q16526	Q96524	28.100	504	586	612
Q16526	P05066	25.200	539	586	565
Q86Y97	Q86Y97	100.000	462	462	462
Q8NFU7	Q8NFU7	100.000	2136	2136	2136
P53721	P53721	100.000	224	224	224
Q07987	Q07987	100.000	124	124	124
Q9H2C2	Q9H2C2	100.000	271	271	271
Q9JM14	Q9JM14	100.000	200	200	200
Q9ULL0	Q9ULL0	100.000	1709	1709	1709
Q9ULL0	E9Q0C6	28.600	1895	1709	1637
Q9ULL0	Q6NV74	28.000	260	1709	962
F4JPE9	F4JPE9	100.000	561	561	561
K7EIQ3	K7EIQ3	100.000	104	104	104
Q9P1A2	Q9P1A2	100.000	415	415	415
Q9W3E2	Q9W3E2	100.000	1195	1195	1195
A6NGU5	A6NGU5	100.000	568	568	568
O13683	O13683	100.000	1237	1237	1237
O13683	Q08748	20.500	1180	1237	1289
P61203	P61203	100.000	443	443	443
P61203	Q9LP45	26.300	342	443	419
P61203	P45432	21.000	214	443	441
P61203	Q9GS00	20.900	105	443	601
Q3EBM6	Q3EBM6	100.000	86	86	86
Q3URQ0	Q3URQ0	100.000	928	928	928
A1KJN3	A1KJN3	100.000	808	808	808
P0DMB2	P0DMB2	100.000	117	117	117
P35190	P35190	100.000	452	452	452
P45395	P45395	100.000	328	328	328
P73451	P73451	100.000	275	275	275
P73451	P33361	28.400	190	275	385
Q06200	Q06200	100.000	448	448	448
Q3KR99	Q3KR99	100.000	597	597	597
Q5A6Q4	Q5A6Q4	100.000	453	453	453
Q5A6Q4	Q9UJA5	27.600	426	453	497
P64584	P64584	100.000	101	101	101
P69913	P69913	100.000	61	61	61
P72827	P72827	100.000	360	360	360
Q05131	Q05131	100.000	434	434	434
Q12282	Q12282	100.000	236	236	236
P0C7T7	P0C7T7	100.000	363	363	363
P50084	P50084	100.000	137	137	137
P57054	P57054	100.000	158	158	158
Q0WRC9	Q0WRC9	100.000	479	479	479
Q0WRC9	Q9QZN1	21.600	277	479	701
Q9C778	Q9C778	100.000	355	355	355
Q9C778	Q9ER73	25.600	335	355	422
Q9C778	Q9USP1	24.100	311	355	361
Q9LNH6	Q9LNH6	100.000	265	265	265
Q9S2X2	Q9S2X2	100.000	213	213	213
Q9Y530	Q9Y530	100.000	152	152	152
C5DE35	C5DE35	100.000	420	420	420
P0C1D2	P0C1D2	100.000	283	283	283
P33306	P33306	100.000	851	851	851
P47134	P47134	100.000	954	954	954
Q21351	Q21351	100.000	473	473	473
Q629K1	Q629K1	100.000	86	86	86
Q69ZF8	Q69ZF8	100.000	577	577	577
Q9NRP4	Q9NRP4	100.000	125	125	125
Q9Y7K2	Q9Y7K2	100.000	2337	2337	2337
Q9Y7K2	P97313	24.400	713	2337	4128
Q9Y7K2	Q10064	20.700	1257	2337	3655
Q9Y7K2	Q80YV3	20.200	1346	2337	2565
Q8NEL0	Q8NEL0	100.000	328	328	328
Q9BVJ6	Q9BVJ6	100.000	771	771	771
Q9VKJ9	Q9VKJ9	100.000	816	816	816
O13539	O13539	100.000	261	261	261
P02783	P02783	100.000	112	112	112
P09457	P09457	100.000	212	212	212
P09457	Q04G23	25.400	181	212	183
P09457	P37811	21.400	177	212	181
P0AFH8	P0AFH8	100.000	201	201	201
P0CX50	P0CX50	100.000	186	186	186
Q7Z412	Q7Z412	100.000	305	305	305
Q8IYF3	Q8IYF3	100.000	940	940	940
Q8IYF3	P40511	19.100	560	940	975
B6SJQ0	B6SJQ0	100.000	428	428	428
B6SJQ0	Q9LS45	25.500	133	428	184
B6SJQ0	B6SGC5	27.600	177	428	239
O74741	O74741	100.000	297	297	297
O74741	Q949R4	28.700	271	297	269
P34364	P34364	100.000	182	182	182
Q9VK07	Q9VK07	100.000	696	696	696
P54658	P54658	100.000	281	281	281
Q0VCY6	Q0VCY6	100.000	472	472	472
Q0VCY6	Q6ZNC8	23.700	467	472	495
Q0VCY6	Q6P1A2	25.000	432	472	487
Q9SBA5	Q9SBA5	100.000	319	319	319
Q9SBA5	O80568	26.600	184	319	488
O13831	O13831	100.000	697	697	697
O13831	Q4J8X8	29.600	236	697	245
P11927	P11927	100.000	433	433	433
P30870	P30870	100.000	946	946	946
P30870	P9WN27	28.900	946	946	994
P83265	P83265	100.000	35	35	35
P94072	P94072	100.000	211	211	211
P9WKT7	P9WKT7	100.000	78	78	78
P0A894	P0A894	100.000	284	284	284
P32772	P32772	100.000	223	223	223
P40038	P40038	100.000	420	420	420
P50263	P50263	100.000	79	79	79
P53890	P53890	100.000	448	448	448
Q99742	Q99742	100.000	590	590	590
Q9LJW5	Q9LJW5	100.000	100	100	100
Q9LS02	Q9LS02	100.000	253	253	253
Q9Y7B3	Q9Y7B3	100.000	1858	1858	1858
Q9Y7B3	Q03921	26.200	1883	1858	1698
Q12481	Q12481	100.000	300	300	300
P9WFN1	P9WFN1	100.000	176	176	176
P9WNE5	P9WNE5	100.000	181	181	181
Q03322	Q03322	100.000	224	224	224
Q03322	Q9HGN3	29.200	226	224	225
Q03322	Q946Y7	32.300	102	224	245
Q03322	O14222	34.800	86	224	247
Q05905	Q05905	100.000	244	244	244
Q0V8M0	Q0V8M0	100.000	705	705	705
Q0V8M0	P42846	28.600	506	705	591
Q9UTI1	Q9UTI1	100.000	265	265	265
Q9ZUH4	Q9ZUH4	100.000	591	591	591
Q9ZUH4	Q9T0K1	25.000	551	591	554
Q9ZUH4	Q9SAK2	25.100	516	591	785
O05982	O05982	100.000	182	182	182
O05982	Q5SL35	43.400	46	182	208
O34303	O34303	100.000	465	465	465
O94548	O94548	100.000	455	455	455
O94548	P47018	24.100	373	455	478
Q9JIX9	Q9JIX9	100.000	511	511	511
Q9JIX9	Q8BSN9	28.300	321	511	661
Q9JIX9	Q91YM4	25.000	351	511	630
Q9JIX9	Q6DI86	24.800	294	511	829
Q9JIX9	Q7L8L6	26.100	172	511	764
Q9JIX9	Q5M7V7	21.000	342	511	679
Q9TUB2	Q9TUB2	100.000	386	386	386
Q9VR19	Q9VR19	100.000	379	379	379
Q9Y149	Q9Y149	100.000	749	749	749
Q9Y149	Q21955	36.600	60	749	780
B0G125	B0G125	100.000	52	52	52
Q9VR38	Q9VR38	100.000	528	528	528
Q9VR38	P53129	26.800	477	528	644
A5DFI4	A5DFI4	100.000	191	191	191
A8IW99	A8IW99	100.000	223	223	223
H0YL14	H0YL14	100.000	139	139	139
O15706	O15706	100.000	598	598	598
P38163	P38163	100.000	1010	1010	1010
P38163	Q10408	25.400	906	1010	1004
P38163	Q6P1M3	21.200	532	1010	1020
Q03433	Q03433	100.000	280	280	280
Q03433	O43257	47.000	34	280	154
Q07555	Q07555	100.000	291	291	291
Q12359	Q12359	100.000	275	275	275
Q45829	Q45829	100.000	355	355	355
Q45829	P9WQH1	29.000	162	355	385
B2RV46	B2RV46	100.000	347	347	347
O13665	O13665	100.000	817	817	817
O13665	P53917	20.900	772	817	953
O13665	Q803T2	24.400	245	817	813
P0AG30	P0AG30	100.000	419	419	419
P0AG30	P37808	22.600	194	419	502
P26901	P26901	100.000	483	483	483
P38632	P38632	100.000	267	267	267
P0CW27	P0CW27	100.000	439	439	439
P80967	P80967	100.000	50	50	50
P87295	P87295	100.000	847	847	847
P87295	Q91W86	19.300	914	847	941
P87295	Q9P6N4	18.900	939	847	906
P87295	Q09600	19.500	782	847	980
P87295	P12868	19.000	864	847	1029
P18165	P18165	100.000	486	486	486
P32800	P32800	100.000	271	271	271
P32800	P24392	22.300	291	271	305
Q03496	Q03496	100.000	1420	1420	1420
Q03496	A8C756	25.500	493	1420	1938
Q03496	Q9VWB9	23.700	400	1420	1746
Q5BJP5	Q5BJP5	100.000	120	120	120
Q5T440	Q5T440	100.000	356	356	356
Q5T440	P47158	27.100	332	356	497
Q5T440	P0ADE9	22.900	261	356	326
Q6J1H4	Q6J1H4	100.000	339	339	339
Q6T8D8	Q6T8D8	100.000	166	166	166
P05626	P05626	100.000	244	244	244
P0C7Q6	P0C7Q6	100.000	338	338	338
P38193	P38193	100.000	441	441	441
P53622	P53622	100.000	1201	1201	1201
P53622	Q3UKJ7	23.900	305	1201	513
P53622	Q9DB94	22.100	226	1201	358
P53622	P38262	27.700	144	1201	535
P53622	Q0III3	30.300	89	1201	612
P53622	P33215	21.100	388	1201	660
P53622	E9Q5M6	21.200	330	1201	1843
P53622	B1ANS9	20.300	206	1201	1081
P53622	Q9D180	25.000	184	1201	1249
P53622	Q6ZQL4	21.600	189	1201	677
Q497K5	Q497K5	100.000	325	325	325
Q497K5	Q9D668	23.100	298	325	407
Q497K5	P30647	21.400	298	325	374
Q9LVA0	Q9LVA0	100.000	446	446	446
Q9LVA0	O82345	26.300	114	446	1043
Q9P6S3	Q9P6S3	100.000	1052	1052	1052
A3GG12	A3GG12	100.000	1242	1242	1242
A3GG12	Q03690	27.400	1307	1242	1277
O97237	O97237	100.000	1139	1139	1139
O97237	Q8ILR9	35.500	200	1139	4662
P28907	P28907	100.000	300	300	300
Q9BQ08	Q9BQ08	100.000	111	111	111
Q9D806	Q9D806	100.000	199	199	199
Q9SL92	Q9SL92	100.000	367	367	367
Q9SL92	P48445	27.500	320	367	690
G5EF84	G5EF84	100.000	642	642	642
P38211	P38211	100.000	433	433	433
P84817	P84817	100.000	152	152	152
P9WHA1	P9WHA1	100.000	80	80	80
P9WME7	P9WME7	100.000	247	247	247
Q03104	Q03104	100.000	513	513	513
Q03104	Q9Y7X6	21.300	529	513	684
Q08921	Q08921	100.000	799	799	799
P76194	P76194	100.000	138	138	138
Q01926	Q01926	100.000	470	470	470
Q01926	Q10D38	24.900	301	470	384
Q01926	Q9HD23	24.000	303	470	443
Q04773	Q04773	100.000	145	145	145
Q04773	O14737	30.700	104	145	125
Q06146	Q06146	100.000	321	321	321
Q06839	Q06839	100.000	1073	1073	1073
Q06839	Q9Y7N9	25.800	499	1073	821
Q06839	O74521	20.700	308	1073	678
Q3U4I7	Q3U4I7	100.000	581	581	581
Q3U4I7	Q9M9Y8	24.000	565	581	595
Q5FVQ4	Q5FVQ4	100.000	291	291	291
Q60720	Q60720	100.000	250	250	250
Q60720	O14569	28.800	90	250	222
Q6NUQ1	Q6NUQ1	100.000	792	792	792
Q6NUQ1	Q9STU3	19.200	669	792	795
Q6NUQ1	Q9C0W8	26.400	204	792	678
Q6NUQ1	P33891	20.800	646	792	701
Q8BYH3	Q8BYH3	100.000	481	481	481
Q8BYH3	Q12383	27.800	521	481	476
Q8BYH3	Q10B19	28.800	250	481	250
P0A9J6	P0A9J6	100.000	309	309	309
P0A9J6	Q97U29	19.600	305	309	313
P0A9J6	P06999	31.200	131	309	309
P17558	P17558	100.000	318	318	318
P28368	P28368	100.000	189	189	189
P36031	P36031	100.000	110	110	110
P37263	P37263	100.000	153	153	153
Q9UGL9	Q9UGL9	100.000	99	99	99
Q9USV1	Q9USV1	100.000	299	299	299
A0A1D8PTI7	A0A1D8PTI7	100.000	82	82	82
A2AIW0	A2AIW0	100.000	432	432	432
O00754	O00754	100.000	1011	1011	1011
O00754	Q9Y2E5	28.500	1071	1011	1009
O00754	Q16706	27.700	844	1011	1144
O00754	Q1ZXI8	27.100	852	1011	1123
Q8BVI4	Q8BVI4	100.000	241	241	241
Q8N140	Q8N140	100.000	333	333	333
Q8N140	F4JET1	22.900	257	333	383
Q99665	Q99665	100.000	862	862	862
Q99665	Q99062	25.400	718	862	836
Q99665	O70458	24.000	635	862	971
Q99665	Q5VWK5	24.200	305	862	629
Q99665	Q08501	23.800	222	862	608
Q99665	P16872	24.800	209	862	459
O48529	O48529	100.000	234	234	234
O48529	Q39129	24.000	108	234	120
P13114	P13114	100.000	395	395	395
P13114	Q5HHA2	27.500	287	395	313
P13114	Q9C992	21.300	291	395	460
A6NNP5	A6NNP5	100.000	214	214	214
E9Q1U1	E9Q1U1	100.000	1324	1324	1324
E9Q1U1	Q9M8T5	23.700	227	1324	806
O28471	O28471	100.000	258	258	258
O28471	Q95Q34	24.500	232	258	529
O49629	O49629	100.000	310	310	310
O49629	Q5M755	24.600	227	310	273
P0A8M6	P0A8M6	100.000	109	109	109
P20810	P20810	100.000	708	708	708
P29172	P29172	100.000	448	448	448
P36159	P36159	100.000	838	838	838
P36159	Q8CGS5	25.700	813	838	827
P36159	O44476	21.100	812	838	833
P36159	Q9H777	23.500	263	838	363
P53253	P53253	100.000	936	936	936
P9WLI1	P9WLI1	100.000	250	250	250
Q9CR62	Q9CR62	100.000	314	314	314
Q9HD47	Q9HD47	100.000	186	186	186
Q9NYU1	Q9NYU1	100.000	1516	1516	1516
Q99MY0	Q99MY0	100.000	378	378	378
Q99MY0	Q8BI84	20.300	447	378	1930
Q9FVR6	Q9FVR6	100.000	296	296	296
P32727	P32727	100.000	371	371	371
P47005	P47005	100.000	663	663	663
P47005	Q03899	23.500	612	663	556
P60464	P60464	100.000	59	59	59
P63634	P63634	100.000	285	285	285
P74360	P74360	100.000	506	506	506
P18181	P18181	100.000	240	240	240
P18181	P19256	27.200	158	240	250
P40023	P40023	100.000	145	145	145
P42173	P42173	100.000	870	870	870
P04289	P04289	100.000	96	96	96
Q949W6	Q949W6	100.000	485	485	485
O32052	O32052	100.000	89	89	89
O34714	O34714	100.000	385	385	385
O34714	Q9ZWA9	28.900	107	385	451
O80439	O80439	100.000	118	118	118
O94388	O94388	100.000	402	402	402
P0A8J7	P0A8J7	100.000	87	87	87
P50445	P50445	100.000	335	335	335
P65330	P65330	100.000	156	156	156
P80217	P80217	100.000	286	286	286
Q03153	Q03153	100.000	612	612	612
Q09505	Q09505	100.000	292	292	292
Q9H3H3	Q9H3H3	100.000	292	292	292
Q9SSC7	Q9SSC7	100.000	210	210	210
Q9SSC7	Q9LZX1	29.500	196	210	217
Q9SSC7	A0MFH4	26.500	196	210	215
A5D8W1	A5D8W1	100.000	941	941	941
P0A6W9	P0A6W9	100.000	518	518	518
P35209	P35209	100.000	758	758	758
Q9FFK6	Q9FFK6	100.000	810	810	810
Q9FFK6	A2CEI4	28.800	184	810	720
Q9FFK6	Q9P382	18.500	624	810	803
O15511	O15511	100.000	151	151	151
O15511	P40518	29.300	109	151	154
O42975	O42975	100.000	972	972	972
O42975	Q9H7Z3	21.400	896	972	1164
P38342	P38342	100.000	320	320	320
P46983	P46983	100.000	293	293	293
Q8K284	Q8K284	100.000	2101	2101	2101
Q9FKB6	Q9FKB6	100.000	614	614	614
Q9P382	Q9P382	100.000	803	803	803
Q9P382	Q9FFK6	20.200	306	803	810
Q9P382	P40368	29.200	123	803	713
Q9WTQ5	Q9WTQ5	100.000	1684	1684	1684
C6Y4D3	C6Y4D3	100.000	80	80	80
P60294	P60294	100.000	440	440	440
P97328	P97328	100.000	298	298	298
P97328	P78825	22.700	281	298	340
Q03446	Q03446	100.000	210	210	210
Q04602	Q04602	100.000	768	768	768
Q12057	Q12057	100.000	282	282	282
Q9C5R8	Q9C5R8	100.000	273	273	273
Q9NRN9	Q9NRN9	100.000	209	209	209
Q9Y7Y2	Q9Y7Y2	100.000	379	379	379
Q9Y7Y2	Q02775	27.200	345	379	382
O22799	O22799	100.000	623	623	623
O94245	O94245	100.000	421	421	421
Q9M8T5	Q9M8T5	100.000	806	806	806
Q9VU58	Q9VU58	100.000	86	86	86
Q9XWS2	Q9XWS2	100.000	893	893	893
Q9XWS2	Q96A65	27.900	943	893	974
Q9XWS2	Q93YU5	22.100	478	893	1053
Q9XWS2	Q9HE88	25.300	237	893	1111
B2GUZ5	B2GUZ5	100.000	286	286	286
O34513	O34513	100.000	415	415	415
M9MSG8	M9MSG8	100.000	2551	2551	2551
M9MSG8	Q0KL00	27.700	2715	2551	2535
M9MSG8	A0A061ACU2	26.300	2698	2551	2442
M9MSG8	F4IN58	26.800	614	2551	2462
P40208	P40208	100.000	455	455	455
P40208	Q9NWU2	23.000	243	455	228
P51943	P51943	100.000	422	422	422
P60508	P60508	100.000	538	538	538
P60508	Q9H9K5	21.700	497	538	563
P60508	Q14264	24.800	201	538	604
P78780	P78780	100.000	357	357	357
P78780	Q55512	28.700	289	357	338
Q4J940	Q4J940	100.000	343	343	343
Q5HCR7	Q5HCR7	100.000	913	913	913
Q5U4H9	Q5U4H9	100.000	625	625	625
Q6ZNC8	Q6ZNC8	100.000	495	495	495
Q6ZNC8	Q96T53	26.800	380	495	435
Q6ZNC8	Q6P1A2	24.200	483	495	487
Q6ZNC8	Q0VCY6	24.400	471	495	472
Q6ZNC8	Q9H237	23.300	389	495	461
Q86UY5	Q86UY5	100.000	434	434	434
P53237	P53237	100.000	242	242	242
P53237	Q76JQ2	21.400	271	242	579
P76072	P76072	100.000	1120	1120	1120
Q12403	Q12403	100.000	225	225	225
Q330K2	Q330K2	100.000	333	333	333
Q330K2	P37271	20.200	271	333	422
Q5M9I5	Q5M9I5	100.000	89	89	89
Q8NCS7	Q8NCS7	100.000	719	719	719
Q8NCS7	Q6AY92	25.400	668	719	604
Q9BQQ7	Q9BQQ7	100.000	232	232	232
Q9DBV4	Q9DBV4	100.000	442	442	442
Q9SMZ4	Q9SMZ4	100.000	1064	1064	1064
F4K956	F4K956	100.000	379	379	379
P40987	P40987	100.000	1014	1014	1014
P76536	P76536	100.000	299	299	299
Q02DS7	Q02DS7	100.000	417	417	417
Q06616	Q06616	100.000	221	221	221
Q08969	Q08969	100.000	168	168	168
F4JT98	F4JT98	100.000	685	685	685
F4JT98	O74364	24.800	266	685	391
P32375	P32375	100.000	460	460	460
P32375	P05990	27.600	398	460	2224
Q3TVW5	Q3TVW5	100.000	497	497	497
P08563	P08563	100.000	1063	1063	1063
O43670	O43670	100.000	478	478	478
O34443	O34443	100.000	170	170	170
O34443	P42085	41.300	46	170	194
O43819	O43819	100.000	266	266	266
O75817	O75817	100.000	140	140	140
O89000	O89000	100.000	1025	1025	1025
O89000	P28272	23.100	316	1025	314
P37182	P37182	100.000	164	164	164
Q9AST8	Q9AST8	100.000	160	160	160
Q9FJT8	Q9FJT8	100.000	467	467	467
Q9FJT8	Q12341	25.900	358	467	374
Q9FJT8	Q8BY71	26.400	374	467	416
Q9UUB5	Q9UUB5	100.000	329	329	329
Q9ZVH7	Q9ZVH7	100.000	335	335	335
C1KYE1	C1KYE1	100.000	110	110	110
Q9VAG4	Q9VAG4	100.000	447	447	447
Q9VAG4	Q5PQN6	25.500	470	447	460
Q9VAG4	Q23288	24.200	214	447	522
A0JLY1	A0JLY1	100.000	547	547	547
A8MRU6	A8MRU6	100.000	92	92	92
C5DTJ3	C5DTJ3	100.000	266	266	266
C5DTJ3	P0CB63	26.100	291	266	298
F4JGP6	F4JGP6	100.000	330	330	330
F4JGP6	P0A722	27.400	186	330	262
Q08490	Q08490	100.000	590	590	590
Q12121	Q12121	100.000	372	372	372
Q12418	Q12418	100.000	502	502	502
Q19131	Q19131	100.000	813	813	813
Q5VT28	Q5VT28	100.000	67	67	67
A6NGA9	A6NGA9	100.000	273	273	273
A6NGA9	P56563	23.800	159	273	173
O94730	O94730	100.000	449	449	449
O94730	P47048	22.600	407	449	450
Q9M2R1	Q9M2R1	100.000	243	243	243
O34872	O34872	100.000	187	187	187
P27434	P27434	100.000	337	337	337
P50848	P50848	100.000	501	501	501
P71005	P71005	100.000	233	233	233
P9WLM3	P9WLM3	100.000	164	164	164
Q04922	Q04922	100.000	465	465	465
Q07451	Q07451	100.000	203	203	203
Q2V4I9	Q2V4I9	100.000	82	82	82
Q4LEZ3	Q4LEZ3	100.000	155	155	155
P84686	P84686	100.000	10	10	10
Q921V5	Q921V5	100.000	442	442	442
Q9C951	Q9C951	100.000	840	840	840
Q9C951	Q7Z5K2	24.000	353	840	1190
P89114	P89114	100.000	91	91	91
Q08226	Q08226	100.000	957	957	957
A1Y2B7	A1Y2B7	100.000	594	594	594
A1Y2B7	Q9S9P3	26.600	203	594	634
Q9C9C0	Q9C9C0	100.000	677	677	677
P32579	P32579	100.000	426	426	426
P32579	Q86U90	27.600	195	426	279
Q9SZL8	Q9SZL8	100.000	788	788	788
I6Y4D2	I6Y4D2	100.000	241	241	241
O14273	O14273	100.000	647	647	647
O31672	O31672	100.000	145	145	145
O31672	P0ACS1	26.400	117	145	176
O35405	O35405	100.000	488	488	488
Q08964	Q08964	100.000	1102	1102	1102
Q08964	P53125	27.600	1242	1102	1264
Q9FFR6	Q9FFR6	100.000	197	197	197
Q9LME6	Q9LME6	100.000	524	524	524
Q9M643	Q9M643	100.000	280	280	280
Q9VNE1	Q9VNE1	100.000	198	198	198
Q9VNE1	Q9UI95	29.800	161	198	211
Q9FFZ1	Q9FFZ1	100.000	484	484	484
Q9FFZ1	P9WNH5	23.400	299	484	291
Q9SJ66	Q9SJ66	100.000	422	422	422
O06825	O06825	100.000	271	271	271
P15274	P15274	100.000	810	810	810
P48382	P48382	100.000	616	616	616
Q8R040	Q8R040	100.000	150	150	150
Q8R040	Q4JCL6	30.700	91	150	118
Q8R040	P40571	32.800	70	150	144
Q96E52	Q96E52	100.000	524	524	524
Q96E52	P36163	27.000	300	524	345
Q9NWD8	Q9NWD8	100.000	314	314	314
Q9NWD8	Q9D123	25.500	211	314	240
Q9WTZ0	Q9WTZ0	100.000	157	157	157
Q9WTZ0	Q9WTZ0	100.000	157	157	157
Q9WTZ0	P43573	27.100	92	157	796
Q9Y4R8	Q9Y4R8	100.000	837	837	837
Q9Y4R8	Q95YE9	23.600	529	837	877
Q9Y4R8	Q9P3W5	22.800	324	837	868
Q9BVW6	Q9BVW6	100.000	85	85	85
Q9NZ38	Q9NZ38	100.000	188	188	188
Q9V574	Q9V574	100.000	221	221	221
A8J8F6	A8J8F6	100.000	482	482	482
A8J8F6	Q9DAJ2	22.100	398	482	418
O14094	O14094	100.000	384	384	384
Q07978	Q07978	100.000	186	186	186
Q07978	P39523	32.300	130	186	943
Q93V56	Q93V56	100.000	212	212	212
Q9EQP6	Q9EQP6	100.000	381	381	381
Q9W4K2	Q9W4K2	100.000	595	595	595
O00462	O00462	100.000	879	879	879
O00462	P12265	22.700	295	879	648
K4PW38	K4PW38	100.000	458	458	458
P0C864	P0C864	100.000	163	163	163
P19222	P19222	100.000	417	417	417
P51577	P51577	100.000	388	388	388
Q08119	Q08119	100.000	714	714	714
Q08119	P43596	29.900	508	714	787
H2KZH5	H2KZH5	100.000	621	621	621
O32222	O32222	100.000	101	101	101
O42906	O42906	100.000	367	367	367
O95168	O95168	100.000	129	129	129
P08910	P08910	100.000	425	425	425
P08910	Q96SE0	25.100	358	425	405
P08910	Q5F2F2	23.800	385	425	459
Q8R370	Q8R370	100.000	680	680	680
Q9BUV0	Q9BUV0	100.000	290	290	290
Q9BYC2	Q9BYC2	100.000	517	517	517
Q9Y375	Q9Y375	100.000	327	327	327
O74854	O74854	100.000	872	872	872
O74854	P39531	25.500	766	872	840
O74854	Q2QV94	22.200	256	872	806
Q96PE5	Q96PE5	100.000	141	141	141
Q97UV1	Q97UV1	100.000	109	109	109
Q9BQ65	Q9BQ65	100.000	265	265	265
Q9CS74	Q9CS74	100.000	641	641	641
Q9CS74	Q09307	24.700	178	641	495
Q9JJF6	Q9JJF6	100.000	558	558	558
G3UWD5	G3UWD5	100.000	69	69	69
O08811	O08811	100.000	760	760	760
O08811	Q9W484	25.900	768	760	985
O08811	A5DNW6	25.400	660	760	825
O08811	Q5SXJ3	24.800	656	760	1174
O08811	Q4JC68	22.000	659	760	551
Q39134	Q39134	100.000	476	476	476
Q39134	Q9C6M2	27.000	473	476	440
Q39134	Q8L4X4	25.900	466	476	452
Q39134	Q5I012	25.200	234	476	1090
Q39134	Q9LYM2	26.000	184	476	435
Q39134	P38680	20.100	402	476	470
Q9FYE2	Q9FYE2	100.000	406	406	406
Q9FYE2	Q9SWI1	25.400	412	406	439
Q9SS81	Q9SS81	100.000	687	687	687
Q9SS81	Q9FMF6	27.500	680	687	730
Q9SS81	Q9SSR4	26.100	636	687	819
Q9SS81	O80958	26.500	562	687	867
Q9SS81	Q9LR67	28.200	523	687	660
Q9SS81	Q9LMY5	25.900	689	687	826
Q9SS81	Q9LW84	25.100	608	687	642
Q9SS81	Q0WMY5	25.800	523	687	952
Q9SS81	Q8RWS8	22.500	586	687	822
Q9SS81	O81028	24.200	632	687	799
Q9SS81	Q9SAD9	25.300	536	687	517
Q9SS81	Q9LSK8	24.400	594	687	688
Q9SS81	Q9LKU8	23.500	608	687	766
Q9SS81	Q9FRS4	24.500	521	687	559
Q9SS81	Q9SVH3	22.800	565	687	727
Q9SS81	Q9LVA2	23.000	673	687	982
Q9SS81	Q9ZUU3	22.400	647	687	757
Q9SS81	Q9MAG8	27.500	472	687	471
Q9SS81	Q9S7Q2	22.000	589	687	862
Q9SS81	Q9FLD8	23.800	554	687	678
Q9SS81	Q3EDA9	22.900	548	687	608
Q9SS81	Q9M3A8	22.000	521	687	629
Q9SS81	O82178	22.400	531	687	591
Q9SS81	Q9LS88	21.200	583	687	842
Q9SS81	Q9SAK0	23.400	469	687	836
Q9SS81	Q9FMU2	21.900	602	687	634
Q9SS81	Q3ECH5	22.900	467	687	544
Q9SS81	Q0WLC6	23.100	410	687	1089
Q9SS81	Q9SNB7	22.200	530	687	665
Q9SS81	Q9M4P3	24.300	394	687	656
Q9SS81	Q9LS25	23.700	358	687	711
Q9SS81	Q9M2C8	21.700	354	687	498
Q9SS81	P0C896	23.900	343	687	576
Q9SS81	Q9SQU6	20.100	407	687	486
Q9SS81	Q9ZUU7	24.700	380	687	462
Q9SS81	Q9SA76	20.700	433	687	1006
Q9SS81	B3H4P1	20.000	632	687	661
Q9SS81	Q9SKU6	25.600	273	687	490
Q9SS81	Q9SGQ6	20.800	624	687	773
Q9SS81	Q8LPF1	21.100	543	687	668
Q9SS81	O49711	20.900	397	687	843
Q9SS81	Q9FZD1	20.500	429	687	630
Q9SS81	O49343	20.100	362	687	452
Q9SS81	P32522	18.800	542	687	965
Q9SS81	O23278	22.700	185	687	501
Q9SS81	Q9SA60	20.700	308	687	793
Q9SS81	A1Z9A8	27.500	127	687	652
Q96HA8	Q96HA8	100.000	205	205	205
Q9BPY3	Q9BPY3	100.000	351	351	351
Q9D0V8	Q9D0V8	100.000	212	212	212
Q9EPU4	Q9EPU4	100.000	1441	1441	1441
Q9EPU4	O74733	25.900	1515	1441	1441
Q9EPU4	Q06632	21.200	1522	1441	1357
Q9EPU4	Q9M0V3	19.200	1463	1441	1088
Q9EPU4	Q15393	20.000	665	1441	1217
B1ATL7	B1ATL7	100.000	298	298	298
Q9SGA0	Q9SGA0	100.000	433	433	433
Q9SGA0	Q9FZ47	25.800	201	433	290
Q9SGA0	Q9SJM1	21.400	382	433	410
A6NK44	A6NK44	100.000	160	160	160
O07634	O07634	100.000	209	209	209
O32022	O32022	100.000	117	117	117
O35972	O35972	100.000	146	146	146
O35972	P32387	25.000	100	146	263
Q9SUM5	Q9SUM5	100.000	158	158	158
Q9SUM5	Q9SKX1	29.000	100	158	156
Q9US56	Q9US56	100.000	229	229	229
Q9ZV05	Q9ZV05	100.000	228	228	228
Q9ZV05	Q96F10	25.800	201	228	170
E1BNQ4	E1BNQ4	100.000	329	329	329
O35783	O35783	100.000	315	315	315
O35783	Q61112	26.800	291	315	361
Q8K015	Q8K015	100.000	298	298	298
Q8R0L9	Q8R0L9	100.000	432	432	432
Q96EV8	Q96EV8	100.000	351	351	351
Q96EV8	Q9VVT5	28.700	219	351	288
Q99547	Q99547	100.000	160	160	160
Q9D6K8	Q9D6K8	100.000	151	151	151
O35165	O35165	100.000	212	212	212
P54002	P54002	100.000	603	603	603
P54002	Q9JJQ0	22.100	338	603	542
P54002	P30777	22.300	474	603	616
P19569	P19569	100.000	141	141	141
P38775	P38775	100.000	560	560	560
Q537H7	Q537H7	100.000	98	98	98
Q02M20	Q02M20	100.000	214	214	214
Q12341	Q12341	100.000	374	374	374
Q12341	Q8BY71	25.100	417	374	416
Q12341	Q9FJT8	25.900	358	374	467
Q62276	Q62276	100.000	200	200	200
Q6PDI5	Q6PDI5	100.000	1840	1840	1840
Q6PDI5	P38737	24.900	1737	1840	1868
Q6PDI5	O60100	22.800	249	1840	1067
Q6PDI5	Q99LG2	30.900	142	1840	887
A8ICS9	A8ICS9	100.000	2784	2784	2784
A8ICS9	Q8IYW2	29.900	187	2784	2715
Q9D9H8	Q9D9H8	100.000	365	365	365
Q9USM1	Q9USM1	100.000	388	388	388
Q9Y2B1	Q9Y2B1	100.000	443	443	443
F4I312	F4I312	100.000	984	984	984
F4I312	Q8WUH2	22.500	754	984	860
F4I312	Q9VEA2	22.000	650	984	876
F4I312	O13955	21.500	464	984	905
O94328	O94328	100.000	141	141	141
P0AAB8	P0AAB8	100.000	142	142	142
P13985	P13985	100.000	223	223	223
P17950	P17950	100.000	221	221	221
P32460	P32460	100.000	244	244	244
P32460	Q09921	24.300	238	244	238
P34428	P34428	100.000	466	466	466
P15248	P15248	100.000	144	144	144
P36107	P36107	100.000	401	401	401
P47104	P47104	100.000	1357	1357	1357
P47104	Q9Y817	25.100	1302	1357	1297
Q7L0X2	Q7L0X2	100.000	663	663	663
Q8VDN4	Q8VDN4	100.000	314	314	314
O74375	O74375	100.000	164	164	164
O94602	O94602	100.000	557	557	557
P39724	P39724	100.000	118	118	118
P39724	Q3E793	40.900	44	118	110
P70552	P70552	100.000	84	84	84
Q04814	Q04814	100.000	134	134	134
O23180	O23180	100.000	414	414	414
O94246	O94246	100.000	287	287	287
O94246	O09172	33.300	123	287	274
P09835	P09835	100.000	500	500	500
P09835	Q99SZ7	29.700	198	500	347
P09835	P0AFA3	26.400	284	500	598
P09835	O53857	26.700	202	500	425
P25367	P25367	100.000	405	405	405
P28625	P28625	100.000	365	365	365
P28625	P35183	24.100	389	365	429
Q9USH5	Q9USH5	100.000	301	301	301
Q9V6B9	Q9V6B9	100.000	610	610	610
Q9V6B9	Q9W1X4	37.200	244	610	1711
A5Z2X5	A5Z2X5	100.000	72	72	72
A8JID5	A8JID5	100.000	1206	1206	1206
A8JID5	Q4V7B0	28.000	300	1206	542
O43261	O43261	100.000	78	78	78
G2TRM5	G2TRM5	100.000	121	121	121
H3BRN8	H3BRN8	100.000	121	121	121
O19074	O19074	100.000	435	435	435
P10176	P10176	100.000	69	69	69
P32897	P32897	100.000	222	222	222
P32897	Q9LNQ1	33.800	124	222	187
P32897	Q9WTQ8	27.000	155	222	209
P32897	Q99595	31.000	103	222	171
P55342	P55342	100.000	539	539	539
Q01465	Q01465	100.000	337	337	337
Q04JW5	Q04JW5	100.000	872	872	872
Q04JW5	Q5XI97	26.600	387	872	412
Q04JW5	P53960	21.800	407	872	456
Q12369	Q12369	100.000	946	946	946
Q4J8R2	Q4J8R2	100.000	223	223	223
Q4J8R2	O35980	23.100	220	223	300
P32500	P32500	100.000	655	655	655
P40965	P40965	100.000	878	878	878
P40965	F4JEP5	22.800	664	878	807
P40965	Q12175	22.700	589	878	901
P66221	P66221	100.000	49	49	49
P73053	P73053	100.000	215	215	215
P9WJQ9	P9WJQ9	100.000	201	201	201
P33891	P33891	100.000	701	701	701
Q03701	Q03701	100.000	1054	1054	1054
Q8BG80	Q8BG80	100.000	603	603	603
Q9CQS7	Q9CQS7	100.000	118	118	118
Q9CQS7	O59810	30.800	81	118	1291
Q9JMB0	Q9JMB0	100.000	366	366	366
O70372	O70372	100.000	1122	1122	1122
O70372	Q9SPU7	23.800	1136	1122	1123
O70372	Q06163	21.900	616	1122	884
P39970	P39970	100.000	489	489	489
P53847	P53847	100.000	754	754	754
Q09826	Q09826	100.000	408	408	408
Q09826	Q8LBB2	23.400	175	408	424
Q4V7F5	Q4V7F5	100.000	290	290	290
Q5T197	Q5T197	100.000	706	706	706
Q5T197	A0A140LIJ0	23.700	637	706	701
Q5T197	Q7TNJ0	25.200	206	706	470
Q5T197	Q9D611	29.600	128	706	498
Q8NET6	Q8NET6	100.000	341	341	341
Q96AH0	Q96AH0	100.000	204	204	204
Q9BVV7	Q9BVV7	100.000	248	248	248
Q9H4I3	Q9H4I3	100.000	376	376	376
A7RDN6	A7RDN6	100.000	342	342	342
O22633	O22633	100.000	79	79	79
O61366	O61366	100.000	1302	1302	1302
O61366	Q8CA72	24.800	125	1302	597
O61366	Q9NVR0	22.000	172	1302	708
Q02932	Q02932	100.000	1032	1032	1032
Q02932	Q9VGP4	20.400	475	1032	1018
Q02932	O13671	26.500	241	1032	967
Q02932	P53067	21.700	469	1032	1004
Q9DCX8	Q9DCX8	100.000	285	285	285
Q9DCX8	Q9KZK8	25.400	181	285	443
P17898	P17898	100.000	393	393	393
P17898	Q9Y6K0	28.800	319	393	416
P36056	P36056	100.000	628	628	628
P36056	Q9H7H0	38.400	52	628	456
P42409	P42409	100.000	274	274	274
P48606	P48606	100.000	106	106	106
P48606	P48428	29.600	91	106	108
P50287	P50287	100.000	315	315	315
Q5ADT1	Q5ADT1	100.000	1383	1383	1383
Q5ADT1	P53094	25.500	1239	1383	1487
Q5ADT1	O14248	22.700	215	1383	1125
Q9H720	Q9H720	100.000	699	699	699
O60055	O60055	100.000	2493	2493	2493
O60055	P35194	28.800	2566	2493	2493
O60055	O75691	23.500	2838	2493	2785
P35691	P35691	100.000	167	167	167
P38236	P38236	100.000	366	366	366
Q91W89	Q91W89	100.000	1039	1039	1039
Q91W89	Q1ZXI8	22.600	323	1039	1123
Q91W89	Q9Y2E5	23.600	169	1039	1009
Q9JJ11	Q9JJ11	100.000	631	631	631
Q9NYW3	Q9NYW3	100.000	318	318	318
Q9V4W1	Q9V4W1	100.000	677	677	677
Q9V4W1	Q12315	23.100	289	677	538
Q9Y7N9	Q9Y7N9	100.000	821	821	821
Q9Y7N9	Q06839	26.100	490	821	1073
Q9VP05	Q9VP05	100.000	1475	1475	1475
Q9VP05	Q925J9	29.400	594	1475	1575
B6TTV8	B6TTV8	100.000	498	498	498
O14318	O14318	100.000	295	295	295
O48832	O48832	100.000	452	452	452
O94756	O94756	100.000	335	335	335
O60057	O60057	100.000	411	411	411
P0AB18	P0AB18	100.000	109	109	109
P12975	P12975	100.000	74	74	74
P25611	P25611	100.000	832	832	832
P53949	P53949	100.000	197	197	197
P53949	Q12454	25.400	173	197	224
P53949	P25366	25.000	196	197	362
O74397	O74397	100.000	548	548	548
P36064	P36064	100.000	111	111	111
P38680	P38680	100.000	470	470	470
Q02888	Q02888	100.000	182	182	182
Q07843	Q07843	100.000	230	230	230
Q15822	Q15822	100.000	529	529	529
Q15822	P22723	23.700	269	529	474
Q15822	Q401N2	20.500	282	529	412
Q4W5G0	Q4W5G0	100.000	525	525	525
Q4W5G0	O60108	26.100	360	525	514
Q4W5G0	P32896	21.000	403	525	925
Q5XG69	Q5XG69	100.000	665	665	665
Q6ZNB7	Q6ZNB7	100.000	445	445	445
Q86UU5	Q86UU5	100.000	652	652	652
Q80YQ2	Q80YQ2	100.000	1367	1367	1367
Q80YQ2	F4I4P3	20.700	1104	1367	1615
C1KYU1	C1KYU1	100.000	144	144	144
C1KYU1	P0A6Q3	25.000	132	144	172
O13964	O13964	100.000	121	121	121
O14737	O14737	100.000	125	125	125
O59678	O59678	100.000	166	166	166
Q9Y2B4	Q9Y2B4	100.000	290	290	290
B2RXE2	B2RXE2	100.000	898	898	898
B2RXE2	Q9LKW9	26.100	447	898	1146
O59714	O59714	100.000	511	511	511
O94829	O94829	100.000	963	963	963
O94829	Q9Y5L0	24.300	806	963	923
O94829	Q99189	21.200	1026	963	972
O94829	Q09796	22.400	793	963	990
O94829	P32767	20.000	639	963	1081
P23796	P23796	100.000	513	513	513
Q9DBZ5	Q9DBZ5	100.000	218	218	218
Q9UX24	Q9UX24	100.000	709	709	709
Q9UX24	P15254	23.500	761	709	1295
P0DI09	P0DI09	100.000	269	269	269
Q01114	Q01114	100.000	468	468	468
Q9JLI7	Q9JLI7	100.000	507	507	507
Q9JLI7	Q9DBR3	21.100	180	507	673
Q9JLI7	Q9D3W1	23.100	177	507	341
Q9JLI7	B2RY50	23.500	225	507	1037
Q9JLI7	Q9H173	26.100	107	507	461
Q3ULM6	Q3ULM6	100.000	1089	1089	1089
Q6PK04	Q6PK04	100.000	289	289	289
Q7TNK8	Q7TNK8	100.000	150	150	150
Q80UY1	Q80UY1	100.000	400	400	400
Q80UY1	Q03648	28.100	252	400	457
Q8IYM0	Q8IYM0	100.000	893	893	893
P21784	P21784	100.000	527	527	527
P83293	P83293	100.000	456	456	456
Q12242	Q12242	100.000	671	671	671
Q61114	Q61114	100.000	474	474	474
Q61114	Q9NP55	29.900	197	474	256
Q61114	P07743	24.400	192	474	235
Q7TSY8	Q7TSY8	100.000	1164	1164	1164
P40219	P40219	100.000	148	148	148
P40497	P40497	100.000	633	633	633
P53901	P53901	100.000	409	409	409
P78955	P78955	100.000	287	287	287
P78955	O60921	28.900	269	287	280
Q02796	Q02796	100.000	332	332	332
Q9SX62	Q9SX62	100.000	558	558	558
Q9SX62	Q1PEB4	23.400	358	558	724
X1WGV5	X1WGV5	100.000	182	182	182
A2AED3	A2AED3	100.000	737	737	737
O74443	O74443	100.000	272	272	272
P03881	P03881	100.000	472	472	472
Q6P9N1	Q6P9N1	100.000	521	521	521
Q8IY85	Q8IY85	100.000	973	973	973
Q9JLJ1	Q9JLJ1	100.000	94	94	94
Q9P7H6	Q9P7H6	100.000	355	355	355
Q9Z0G8	Q9Z0G8	100.000	485	485	485
Q96FF9	Q96FF9	100.000	252	252	252
Q9BRR6	Q9BRR6	100.000	497	497	497
Q9NQX5	Q9NQX5	100.000	325	325	325
Q9V3F3	Q9V3F3	100.000	410	410	410
Q9V3F3	B9EJ57	29.600	118	410	379
A1L1L2	A1L1L2	100.000	685	685	685
Q9ZUD9	Q9ZUD9	100.000	323	323	323
Q9ZUD9	O82289	28.400	257	323	568
O15431	O15431	100.000	190	190	190
O15431	Q06686	38.200	47	190	241
O15431	O94722	33.900	56	190	289
O53900	O53900	100.000	855	855	855
O53900	P0ADC5	25.100	394	855	399
P34130	P34130	100.000	210	210	210
P38337	P38337	100.000	142	142	142
Q9CQR4	Q9CQR4	100.000	140	140	140
Q9LKU8	Q9LKU8	100.000	766	766	766
Q9LKU8	Q9FMF6	28.500	557	766	730
Q9LKU8	O80958	25.600	527	766	867
Q9LKU8	Q9SS81	24.200	569	766	687
Q9LKU8	Q9SSR4	25.300	726	766	819
Q9LKU8	Q9SAD9	25.500	524	766	517
Q9LKU8	O81028	25.500	603	766	799
Q9LKU8	Q9FRS4	28.600	363	766	559
Q9LKU8	Q8RWS8	24.600	573	766	822
Q9LKU8	Q9LS88	26.000	614	766	842
Q9LKU8	Q0WMY5	26.200	389	766	952
Q9LKU8	Q9LR67	26.500	399	766	660
Q9LKU8	Q9LW84	24.600	487	766	642
Q9LKU8	Q9MAG8	28.100	348	766	471
Q9LKU8	Q9LMY5	25.600	456	766	826
Q9LKU8	O82178	24.300	537	766	591
Q9LKU8	Q9LVA2	23.100	618	766	982
Q9LKU8	Q9LSK8	25.800	414	766	688
Q9LKU8	Q9S7Q2	23.700	429	766	862
Q9LKU8	Q9SVH3	25.700	454	766	727
Q9LKU8	Q9FLD8	24.000	382	766	678
Q9LKU8	Q3ECH5	24.600	414	766	544
Q9LKU8	Q0WLC6	23.100	423	766	1089
Q9LKU8	Q9LS25	23.700	375	766	711
Q9LKU8	Q9FMU2	22.000	518	766	634
Q9LKU8	Q9ZUU3	22.700	448	766	757
Q9LKU8	P0C896	23.100	384	766	576
Q9LKU8	Q9SAK0	23.800	381	766	836
Q9LKU8	Q9M4P3	23.600	402	766	656
Q9LKU8	Q9SNB7	24.500	415	766	665
Q9LKU8	Q3EDA9	21.000	465	766	608
Q9LKU8	Q9M3A8	22.600	357	766	629
Q9LKU8	Q9M2C8	24.500	310	766	498
Q9LKU8	O49711	21.200	395	766	843
Q9LKU8	Q9SQU6	22.600	432	766	486
Q9LKU8	Q9SA76	22.500	399	766	1006
Q9LKU8	Q9ZUU7	26.000	242	766	462
Q9LKU8	Q9SKU6	25.100	354	766	490
Q9LKU8	O49343	19.600	336	766	452
Q9LKU8	Q9SA60	22.800	456	766	793
Q9LKU8	Q8LPF1	21.000	574	766	668
Q9LKU8	Q9FZD1	19.000	440	766	630
Q9LKU8	Q9SGQ6	21.700	331	766	773
Q9LKU8	O23278	22.200	413	766	501
Q9LKU8	B3H4P1	21.900	242	766	661
Q9LKU8	P32522	22.500	342	766	965
P02656	P02656	100.000	99	99	99
P07186	P07186	100.000	173	173	173
P0C1Z6	P0C1Z6	100.000	253	253	253
P62627	P62627	100.000	96	96	96
Q06885	Q06885	100.000	544	544	544
P09814	P09814	100.000	3023	3023	3023
P09814	Q86119	23.700	333	3023	2344
P09814	Q66765	25.600	320	3023	2292
P09814	P03314	28.000	203	3023	3411
Q44636	Q44636	100.000	475	475	475
Q6P2I7	Q6P2I7	100.000	272	272	272
P0C8K7	P0C8K7	100.000	78	78	78
P12686	P12686	100.000	339	339	339
P33441	P33441	100.000	392	392	392
P38739	P38739	100.000	605	605	605
P50591	P50591	100.000	281	281	281
P50591	P06804	23.900	121	281	235
P50591	P27548	24.500	187	281	260
P59278	P59278	100.000	597	597	597
Q3B8N5	Q3B8N5	100.000	592	592	592
Q5PQN6	Q5PQN6	100.000	460	460	460
Q5PQN6	Q23288	23.100	333	460	522
Q5PQN6	Q9VAG4	25.500	470	460	447
Q62018	Q62018	100.000	1173	1173	1173
Q62018	O42668	26.600	847	1173	1039
Q62018	Q23049	21.300	295	1173	506
Q62018	B3DNN5	23.500	221	1173	543
Q8BPG6	Q8BPG6	100.000	308	308	308
Q8BPG6	O34722	28.500	238	308	487
Q944H2	Q944H2	100.000	391	391	391
Q9FGE7	Q9FGE7	100.000	187	187	187
Q9P6K3	Q9P6K3	100.000	457	457	457
B2GV22	B2GV22	100.000	471	471	471
P09880	P09880	100.000	827	827	827
Q55607	Q55607	100.000	508	508	508
Q5XI14	Q5XI14	100.000	681	681	681
Q86Y82	Q86Y82	100.000	276	276	276
Q8BHG9	Q8BHG9	100.000	167	167	167
Q8BMK4	Q8BMK4	100.000	575	575	575
Q9VHB9	Q9VHB9	100.000	521	521	521
Q94KI8	Q94KI8	100.000	733	733	733
Q94KI8	Q8NHX9	25.200	685	733	752
Q94KI8	Q9Z0Y8	26.000	246	733	2201
Q94KI8	Q8IZF0	23.300	261	733	1738
Q94KI8	Q7RTX7	20.200	222	733	472
P50617	P50617	100.000	707	707	707
Q04867	Q04867	100.000	317	317	317
Q04867	Q5T280	23.300	300	317	376
Q14159	Q14159	100.000	915	915	915
O08848	O08848	100.000	538	538	538
P21190	P21190	100.000	360	360	360
P37751	P37751	100.000	372	372	372
P47061	P47061	100.000	822	822	822
P47061	P87129	27.300	749	822	756
P47061	Q8CCB4	21.100	791	822	832
Q10951	Q10951	100.000	665	665	665
Q10951	P47113	24.400	209	665	574
Q06150	Q06150	100.000	570	570	570
Q12980	Q12980	100.000	569	569	569
Q39251	Q39251	100.000	137	137	137
Q3V0A6	Q3V0A6	100.000	857	857	857
Q6N075	Q6N075	100.000	450	450	450
Q04399	Q04399	100.000	608	608	608
Q04399	P43561	27.400	568	608	622
Q04399	Q9SU40	24.200	293	608	587
Q12134	Q12134	100.000	243	243	243
Q2M389	Q2M389	100.000	1173	1173	1173
Q7TNJ0	Q7TNJ0	100.000	470	470	470
Q7TNJ0	A0A140LIJ0	26.000	200	470	701
Q7TNJ0	Q5T197	25.200	206	470	706
Q7TNJ0	Q9D611	24.100	257	470	498
Q8BIG4	Q8BIG4	100.000	368	368	368
O13709	O13709	100.000	244	244	244
O36018	O36018	100.000	388	388	388
O94257	O94257	100.000	310	310	310
P54661	P54661	100.000	283	283	283
Q0VDI3	Q0VDI3	100.000	215	215	215
Q14686	Q14686	100.000	2063	2063	2063
Q59MF9	Q59MF9	100.000	771	771	771
Q59MF9	P53959	26.900	682	771	839
Q59MF9	Q9V564	21.200	330	771	630
Q59MF9	Q08581	22.100	570	771	821
Q68FX6	Q68FX6	100.000	390	390	390
Q6IPM2	Q6IPM2	100.000	695	695	695
Q76IC5	Q76IC5	100.000	209	209	209
Q9UTB6	Q9UTB6	100.000	267	267	267
Q9ZSZ8	Q9ZSZ8	100.000	330	330	330
A2AWT3	A2AWT3	100.000	347	347	347
A2AWT3	Q5T6C5	55.800	34	347	722
O09005	O09005	100.000	323	323	323
O70131	O70131	100.000	152	152	152
F4KHD8	F4KHD8	100.000	1923	1923	1923
F4KHD8	Q9D2F7	22.900	1648	1923	1881
F4KHD8	A1Z6H7	19.200	1664	1923	1876
Q10136	Q10136	100.000	569	569	569
Q4PSY4	Q4PSY4	100.000	332	332	332
Q94AV5	Q94AV5	100.000	459	459	459
Q9D2R8	Q9D2R8	100.000	106	106	106
Q6P9F0	Q6P9F0	100.000	684	684	684
Q8NHQ1	Q8NHQ1	100.000	597	597	597
Q9CDN0	Q9CDN0	100.000	81	81	81
Q9CWU5	Q9CWU5	100.000	440	440	440
Q9CWU5	Q9CQS7	28.500	70	440	118
Q9VMD9	Q9VMD9	100.000	2188	2188	2188
Q9LJH2	Q9LJH2	100.000	455	455	455
Q9SSM2	Q9SSM2	100.000	552	552	552
Q9SSM2	Q8BJ64	27.400	561	552	596
Q9SSM2	Q9VGP2	24.200	560	552	581
D3YV10	D3YV10	100.000	709	709	709
O14210	O14210	100.000	295	295	295
O31556	O31556	100.000	255	255	255
Q9WTQ8	Q9WTQ8	100.000	209	209	209
Q9WTQ8	P32897	26.700	142	209	222
B0VMU5	B0VMU5	100.000	184	184	184
B0VMU5	O74734	25.100	167	184	244
C9J302	C9J302	100.000	202	202	202
O43290	O43290	100.000	800	800	800
O43290	O94538	24.600	723	800	649
P01236	P01236	100.000	227	227	227
P01236	P06880	24.700	190	227	216
Q9BXS1	Q9BXS1	100.000	227	227	227
Q9ERH4	Q9ERH4	100.000	427	427	427
Q9JLC8	Q9JLC8	100.000	4582	4582	4582
Q9JLC8	F4JTS8	27.400	142	4582	2729
P25578	P25578	100.000	521	521	521
P47048	P47048	100.000	450	450	450
P47048	O94730	22.800	385	450	449
Q9FNP0	Q9FNP0	100.000	173	173	173
Q9H0U6	Q9H0U6	100.000	180	180	180
Q9H0U6	P0C018	46.000	63	180	117
Q9NSG2	Q9NSG2	100.000	853	853	853
Q9WU28	Q9WU28	100.000	154	154	154
Q9Z2P6	Q9Z2P6	100.000	257	257	257
Q9Z2P6	P60878	24.300	189	257	206
G2TRQ6	G2TRQ6	100.000	62	62	62
O04244	O04244	100.000	314	314	314
O74419	O74419	100.000	981	981	981
O74419	Q6RKB1	27.200	363	981	1174
O74419	P07702	24.200	515	981	1392
O74419	A1ZAI5	25.500	129	981	625
P78797	P78797	100.000	155	155	155
P87151	P87151	100.000	287	287	287
P87151	P53072	29.400	258	287	289
P87151	Q9VZD8	30.000	163	287	324
Q01306	Q01306	100.000	661	661	661
Q10464	Q10464	100.000	148	148	148
Q10464	Q01881	33.300	84	148	160
Q2V3X3	Q2V3X3	100.000	81	81	81
Q3TA38	Q3TA38	100.000	339	339	339
Q94AI6	Q94AI6	100.000	752	752	752
Q94AI6	P32844	19.000	498	752	805
Q9NXL6	Q9NXL6	100.000	827	827	827
Q9NXL6	Q9GZC8	28.800	364	827	776
Q401N2	Q401N2	100.000	412	412	412
Q401N2	Q15822	20.800	274	412	529
Q401N2	P22723	21.900	141	412	474
Q9ZU97	Q9ZU97	100.000	743	743	743
Q9ZU97	O60100	29.300	126	743	1067
Q9ZU97	Q96HW7	23.100	332	743	963
P32893	P32893	100.000	560	560	560
Q04005	Q04005	100.000	294	294	294
Q04675	Q04675	100.000	128	128	128
Q2HIM9	Q2HIM9	100.000	113	113	113
Q2HIM9	Q9SIU6	32.100	109	113	101
Q4VAE3	Q4VAE3	100.000	234	234	234
Q9FFQ5	Q9FFQ5	100.000	308	308	308
Q9Y7T1	Q9Y7T1	100.000	323	323	323
Q9Y7T1	Q9N4E9	27.700	313	323	327
P07253	P07253	100.000	162	162	162
P0ABB8	P0ABB8	100.000	898	898	898
P0ABB8	O59868	28.500	775	898	899
P0ABB8	P23980	28.300	472	898	704
P0ABB8	Q4VNC1	24.200	725	898	1196
P28047	P28047	100.000	349	349	349
P38262	P38262	100.000	535	535	535
P38262	O74845	22.200	536	535	564
P38262	Q9GZS0	22.400	263	535	605
P38262	Q0III3	20.200	262	535	612
P38262	Q6PGF3	21.600	120	535	828
P38262	P38163	23.000	91	535	1010
P46989	P46989	100.000	271	271	271
Q9Y803	Q9Y803	100.000	127	127	127
A8MQB3	A8MQB3	100.000	221	221	221
C5DLA5	C5DLA5	100.000	423	423	423
C5DLA5	A3LXM3	29.500	183	423	442
F4I3V6	F4I3V6	100.000	192	192	192
O04714	O04714	100.000	326	326	326
O04714	Q9V818	25.800	174	326	511
P01225	P01225	100.000	129	129	129
P12273	P12273	100.000	146	146	146
P38284	P38284	100.000	255	255	255
P52553	P52553	100.000	114	114	114
P53113	P53113	100.000	225	225	225
O65573	O65573	100.000	519	519	519
O65573	Q9LUQ3	26.400	487	519	490
P51861	P51861	100.000	262	262	262
Q09722	Q09722	100.000	402	402	402
Q09722	Q7L2H7	22.200	373	402	374
Q09722	Q94JU3	30.200	162	402	260
Q09722	B0BN93	26.600	105	402	376
Q9C8F1	Q9C8F1	100.000	439	439	439
Q9VC56	Q9VC56	100.000	3912	3912	3912
Q9VC56	Q93008	26.900	635	3912	2554
P91027	P91027	100.000	338	338	338
Q00828	Q00828	100.000	378	378	378
Q00828	O32294	26.300	380	378	365
Q08673	Q08673	100.000	210	210	210
Q08E93	Q08E93	100.000	113	113	113
Q09853	Q09853	100.000	1616	1616	1616
Q09853	P48563	21.500	1683	1616	1636
Q09853	Q19338	21.100	1217	1616	1646
O08608	O08608	100.000	189	189	189
O82188	O82188	100.000	977	977	977
O82188	Q9LQV2	24.700	663	977	1107
P9WF29	P9WF29	100.000	85	85	85
P9WHR1	P9WHR1	100.000	393	393	393
Q03652	Q03652	100.000	475	475	475
Q03652	Q9P6K5	23.200	323	475	465
Q03652	Q2YDW2	24.700	263	475	556
P87074	P87074	100.000	778	778	778
P87074	P14737	30.200	139	778	1309
P87074	Q12888	24.200	173	778	1972
Q05635	Q05635	100.000	350	350	350
Q08957	Q08957	100.000	416	416	416
Q12433	Q12433	100.000	566	566	566
Q3V0I2	Q3V0I2	100.000	269	269	269
O15287	O15287	100.000	622	622	622
O95178	O95178	100.000	105	105	105
P0A783	P0A783	100.000	139	139	139
P0C0A3	P0C0A3	100.000	200	200	200
P0C0A3	Q04272	31.000	161	200	221
P11088	P11088	100.000	336	336	336
P04387	P04387	100.000	435	435	435
P21306	P21306	100.000	62	62	62
P21306	P56381	50.000	28	62	51
P24602	P24602	100.000	156	156	156
P32567	P32567	100.000	862	862	862
P53013	P53013	100.000	463	463	463
P53013	Q3UJK4	22.000	409	463	602
P53013	P80868	27.000	288	463	692
P17105	P17105	100.000	459	459	459
P39932	P39932	100.000	569	569	569
P39932	P43562	21.600	495	569	540
P39932	P0CE00	22.300	466	569	602
P39932	P25346	22.000	494	569	518
P75353	P75353	100.000	121	121	121
P77402	P77402	100.000	303	303	303
P77402	Q5HJR8	25.200	111	303	745
Q07458	Q07458	100.000	294	294	294
Q07458	O94707	28.200	163	294	351
O34384	O34384	100.000	192	192	192
P04990	P04990	100.000	352	352	352
P04990	P00927	24.500	305	352	576
P04990	Q9LJA0	24.000	175	352	188
P38985	P38985	100.000	146	146	146
P54874	P54874	100.000	447	447	447
Q5AM44	Q5AM44	100.000	791	791	791
Q5AM44	Q12996	27.200	566	791	717
A6NGY3	A6NGY3	100.000	159	159	159
O54917	O54917	100.000	272	272	272
P19970	P19970	100.000	989	989	989
P34706	P34706	100.000	2150	2150	2150
P9WJ09	P9WJ09	100.000	75	75	75
Q6BDS2	Q6BDS2	100.000	1440	1440	1440
Q9BWK5	Q9BWK5	100.000	157	157	157
Q9CQ91	Q9CQ91	100.000	84	84	84
Q9D180	Q9D180	100.000	1249	1249	1249
Q9D180	E9Q5M6	20.200	544	1249	1843
Q9D180	Q8NDM7	25.000	152	1249	1665
Q9D180	Q8TBY9	23.500	234	1249	1149
Q9D180	A8JAF2	23.900	238	1249	1719
Q9D180	Q3UKJ7	21.300	159	1249	513
O14171	O14171	100.000	264	264	264
P34438	P34438	100.000	242	242	242
P39156	P39156	100.000	149	149	149
P53125	P53125	100.000	1264	1264	1264
P53125	Q08964	28.600	1106	1264	1102
Q3KQU3	Q3KQU3	100.000	841	841	841
Q5HEM3	Q5HEM3	100.000	475	475	475
Q01290	Q01290	100.000	856	856	856
Q9NZE8	Q9NZE8	100.000	188	188	188
Q9SA76	Q9SA76	100.000	1006	1006	1006
Q9SA76	Q9S7Q2	23.900	388	1006	862
Q9SA76	Q9FLD8	24.100	339	1006	678
Q9SA76	Q9LW84	22.800	424	1006	642
Q9SA76	Q9SS81	20.500	453	1006	687
Q9SA76	Q9LKU8	22.500	399	1006	766
Q9SA76	Q8RWS8	22.000	458	1006	822
Q9SA76	Q0WMY5	21.400	428	1006	952
Q9SA76	Q9M3A8	22.200	350	1006	629
Q9SA76	Q9SSR4	22.300	268	1006	819
Q9SA76	Q9SAD9	24.900	317	1006	517
Q9SA76	Q9LS88	21.600	282	1006	842
Q9SA76	O82178	21.200	367	1006	591
Q9SA76	Q9SQU6	19.900	401	1006	486
Q9SA76	Q9LS25	24.000	250	1006	711
Q9SA76	Q9SVH3	22.900	231	1006	727
Q9SA76	Q3EDA9	20.900	244	1006	608
Q9SA76	O81028	21.200	362	1006	799
Q9SA76	Q9LSK8	23.600	360	1006	688
Q9SA76	O80958	20.000	264	1006	867
Q9SA76	Q9FMU2	25.000	320	1006	634
Q9SA76	Q9LVA2	21.600	310	1006	982
Q9SA76	Q9SAK0	19.700	278	1006	836
Q9SA76	B3H4P1	21.700	225	1006	661
Q9SA76	Q9SNB7	23.000	260	1006	665
Q9SA76	O49711	21.400	205	1006	843
Q9SA76	Q3ECH5	19.800	277	1006	544
Q9SA76	Q9ZUU7	18.900	248	1006	462
Q9SA76	Q9M2C8	23.000	130	1006	498
Q9SA76	Q9FZD1	20.000	135	1006	630
G5EGK6	G5EGK6	100.000	2407	2407	2407
P0AAT9	P0AAT9	100.000	160	160	160
Q5AJ93	Q5AJ93	100.000	186	186	186
Q5SYL3	Q5SYL3	100.000	2234	2234	2234
Q5SYL3	Q6LA55	24.100	463	2234	2699
Q5SYL3	Q06116	24.600	422	2234	2489
Q5SYL3	K7VLR4	21.700	349	2234	2605
Q99P69	Q99P69	100.000	463	463	463
Q99P69	Q10173	24.300	423	463	441
Q9CQX8	Q9CQX8	100.000	102	102	102
Q9D0L7	Q9D0L7	100.000	306	306	306
Q9D0L7	Q5T9G4	25.100	318	306	340
Q9BUM1	Q9BUM1	100.000	346	346	346
Q9M5A9	Q9M5A9	100.000	388	388	388
Q9M5A9	Q9C8M1	24.600	292	388	332
Q9XIN1	Q9XIN1	100.000	506	506	506
A0A1B0GVG4	A0A1B0GVG4	100.000	234	234	234
A2RUS2	A2RUS2	100.000	1198	1198	1198
A2RUS2	Q3UKJ7	24.700	190	1198	513
Q9N303	Q9N303	100.000	619	619	619
Q9Y6R1	Q9Y6R1	100.000	1079	1079	1079
Q9Y6R1	P53838	25.000	578	1079	576
Q9Y6R1	Q9SSG5	22.300	652	1079	683
O35595	O35595	100.000	1182	1182	1182
O35595	Q0EEE2	20.700	763	1182	906
O35595	Q6ZW05	21.400	224	1182	846
P47155	P47155	100.000	203	203	203
P82759	P82759	100.000	70	70	70
P82759	Q2V4G1	38.200	47	70	84
Q8BGK2	Q8BGK2	100.000	353	353	353
Q8IVN3	Q8IVN3	100.000	82	82	82
Q8K207	Q8K207	100.000	121	121	121
Q8N2Z9	Q8N2Z9	100.000	138	138	138
Q8N2Z9	Q3E835	28.700	80	138	90
Q8NEC7	Q8NEC7	100.000	633	633	633
Q8C4V4	Q8C4V4	100.000	428	428	428
Q8C4V4	Q8N4B4	24.500	371	428	442
Q8NEA5	Q8NEA5	100.000	215	215	215
Q8TAE8	Q8TAE8	100.000	222	222	222
Q8VDH1	Q8VDH1	100.000	627	627	627
Q9BUV8	Q9BUV8	100.000	137	137	137
Q922D8	Q922D8	100.000	935	935	935
Q922D8	Q02046	22.900	331	935	320
Q9DB28	Q9DB28	100.000	169	169	169
Q9H3Y8	Q9H3Y8	100.000	114	114	114
Q9LH42	Q9LH42	100.000	312	312	312
Q9UTE3	Q9UTE3	100.000	620	620	620
Q9UTE3	P53617	29.200	643	620	575
G5EEV9	G5EEV9	100.000	311	311	311
O14466	O14466	100.000	236	236	236
O14466	Q9DB25	24.000	220	236	324
O88875	O88875	100.000	185	185	185
P0CB21	P0CB21	100.000	708	708	708
Q08648	Q08648	100.000	103	103	103
Q03718	Q03718	100.000	556	556	556
Q12004	Q12004	100.000	338	338	338
Q12004	Q13889	30.500	318	338	308
Q20496	Q20496	100.000	191	191	191
Q4J6G3	Q4J6G3	100.000	369	369	369
Q5TDP6	Q5TDP6	100.000	509	509	509
O17580	O17580	100.000	715	715	715
O17580	Q9P7G0	22.100	560	715	707
P0AD23	P0AD23	100.000	114	114	114
P21583	P21583	100.000	273	273	273
P36022	P36022	100.000	4092	4092	4092
P36022	O13290	24.500	4094	4092	4196
P36022	Q9JJ79	24.200	3985	4092	4306
P36022	Q8BW94	23.700	3116	4092	4083
P36022	Q8IID4	21.000	3350	4092	5251
P36022	Q0VDD8	21.000	2114	4092	3507
P36022	Q96M86	19.300	1500	4092	4753
O14050	O14050	100.000	840	840	840
O14050	O74839	28.400	667	840	1011
O14050	Q9LYG9	21.500	468	840	734
P42938	P42938	100.000	290	290	290
Q0P3P8	Q0P3P8	100.000	454	454	454
Q0P3P8	P09193	23.400	465	454	460
Q9BR46	Q9BR46	100.000	151	151	151
Q9D9B7	Q9D9B7	100.000	401	401	401
Q9D9B7	Q68DN1	31.300	102	401	1984
Q9FNY3	Q9FNY3	100.000	292	292	292
P10810	P10810	100.000	366	366	366
P32524	P32524	100.000	280	280	280
P34535	P34535	100.000	737	737	737
P34535	Q6UX01	26.800	655	737	489
P39384	P39384	100.000	383	383	383
P40988	P40988	100.000	552	552	552
Q86WX3	Q86WX3	100.000	136	136	136
Q8K259	Q8K259	100.000	518	518	518
O94572	O94572	100.000	497	497	497
O94572	Q10097	24.800	442	497	498
O94572	O13880	21.000	414	497	568
A0R054	A0R054	100.000	297	297	297
O75771	O75771	100.000	328	328	328
O75771	Q27297	25.500	286	328	336
O75771	P38953	34.700	69	328	406
Q9CR80	Q9CR80	100.000	112	112	112
Q9CY50	Q9CY50	100.000	286	286	286
Q9CY50	P45434	30.000	250	286	258
Q9NS93	Q9NS93	100.000	570	570	570
A6Q0K5	A6Q0K5	100.000	107	107	107
A8J785	A8J785	100.000	209	209	209
O54842	O54842	100.000	80	80	80
O74955	O74955	100.000	231	231	231
P16658	P16658	100.000	377	377	377
Q05451	Q05451	100.000	56	56	56
Q10250	Q10250	100.000	1517	1517	1517
Q10250	Q09773	29.500	1369	1517	1487
Q10250	Q12275	26.700	1502	1517	1648
Q10250	Q8BWT5	25.500	1363	1517	1523
Q10250	O53580	22.200	545	1517	637
O31622	O31622	100.000	227	227	227
O95274	O95274	100.000	346	346	346
P41222	P41222	100.000	190	190	190
P41222	P62502	25.600	164	190	163
P41222	P07360	26.400	189	190	202
P41222	P06911	25.900	181	190	188
P41222	Q9NY56	21.400	182	190	170
P41222	P05090	28.400	144	190	189
P54601	P54601	100.000	217	217	217
Q06247	Q06247	100.000	608	608	608
Q12334	Q12334	100.000	223	223	223
Q15198	Q15198	100.000	375	375	375
Q5PRF0	Q5PRF0	100.000	2038	2038	2038
Q5PRF0	F4HRS2	25.800	1373	2038	2222
Q5PRF0	O42998	20.700	1488	2038	1919
Q8R3J4	Q8R3J4	100.000	412	412	412
Q8R3J4	Q8BVN4	23.100	281	412	346
Q8R3J4	Q9ZT96	23.000	221	412	541
Q8R3J4	Q9FK23	23.700	185	412	500
Q91VJ5	Q91VJ5	100.000	263	263	263
P0CU08	P0CU08	100.000	235	235	235
P0CU08	P0CU08	100.000	235	235	235
P22795	P22795	100.000	592	592	592
P35729	P35729	100.000	1037	1037	1037
P59924	P59924	100.000	343	343	343
P82094	P82094	100.000	1093	1093	1093
P82094	P47166	29.800	104	1093	707
P82094	Q9Y7Y1	29.600	125	1093	547
Q96N03	Q96N03	100.000	204	204	204
Q9BS16	Q9BS16	100.000	269	269	269
Q9DB16	Q9DB16	100.000	337	337	337
Q9JIL9	Q9JIL9	100.000	750	750	750
Q9JIL9	Q0H8D7	24.500	244	750	542
Q9V3Q2	Q9V3Q2	100.000	409	409	409
P69776	P69776	100.000	78	78	78
P72584	P72584	100.000	358	358	358
Q04177	Q04177	100.000	643	643	643
Q04177	Q6ZQL4	23.500	628	643	677
Q04177	Q9Y7N1	29.700	158	643	240
Q04177	P38882	21.900	491	643	575
Q5H943	Q5H943	100.000	113	113	113
Q5HHS7	Q5HHS7	100.000	408	408	408
Q7YZA2	Q7YZA2	100.000	1231	1231	1231
Q8K003	Q8K003	100.000	64	64	64
Q8K2Q9	Q8K2Q9	100.000	631	631	631
Q8R0J8	Q8R0J8	100.000	184	184	184
Q8VCE4	Q8VCE4	100.000	163	163	163
P61009	P61009	100.000	180	180	180
P9WF23	P9WF23	100.000	99	99	99
P9WF23	P9WF13	52.100	46	99	102
P9WJG5	P9WJG5	100.000	175	175	175
Q03868	Q03868	100.000	1245	1245	1245
Q03868	O13992	23.300	543	1245	965
Q9H9P8	Q9H9P8	100.000	463	463	463
Q8CB93	Q8CB93	100.000	157	157	157
Q8K0V4	Q8K0V4	100.000	751	751	751
Q9BRA2	Q9BRA2	100.000	123	123	123
Q9ES39	Q9ES39	100.000	344	344	344
Q9P7I7	Q9P7I7	100.000	493	493	493
Q9FJF4	Q9FJF4	100.000	306	306	306
Q9UU94	Q9UU94	100.000	557	557	557
O45181	O45181	100.000	798	798	798
P01099	P01099	100.000	166	166	166
P07650	P07650	100.000	440	440	440
O43137	O43137	100.000	85	85	85
O74417	O74417	100.000	497	497	497
P0A491	P0A491	100.000	66	66	66
P0A9Q9	P0A9Q9	100.000	367	367	367
P0A9Q9	Q55512	26.100	355	367	338
P32787	P32787	100.000	269	269	269
O75223	O75223	100.000	188	188	188
O96160	O96160	100.000	1745	1745	1745
O96160	O96160	100.000	1745	1745	1745
P31385	P31385	100.000	405	405	405
P36075	P36075	100.000	443	443	443
P40356	P40356	100.000	397	397	397
Q9M2D8	Q9M2D8	100.000	212	212	212
Q9NQA3	Q9NQA3	100.000	447	447	447
Q9UT17	Q9UT17	100.000	328	328	328
Q9Y691	Q9Y691	100.000	235	235	235
A8MUP2	A8MUP2	100.000	240	240	240
A8MUP2	P0DPD9	32.300	133	240	881
A8MUP2	P0DPD9	32.300	133	240	881
A8MUP2	Q5JPI9	24.400	180	240	236
Q0VBP7	Q0VBP7	100.000	198	198	198
Q0VBP7	A0PJX4	36.500	41	198	238
Q15777	Q15777	100.000	294	294	294
P9WQF1	P9WQF1	100.000	84	84	84
Q93ZR8	Q93ZR8	100.000	512	512	512
Q93ZR8	Q9LU40	24.800	334	512	422
Q9FUG4	Q9FUG4	100.000	766	766	766
Q9US01	Q9US01	100.000	117	117	117
Q9XIE4	Q9XIE4	100.000	498	498	498
A0PJX4	A0PJX4	100.000	238	238	238
B1Q236	B1Q236	100.000	730	730	730
B1Q236	Q61490	20.500	512	730	583
B1Q236	P15278	21.000	295	730	508
O70458	O70458	100.000	971	971	971
O70458	Q99665	24.400	637	971	862
O70458	Q99062	21.600	587	971	836
O70458	Q08501	22.800	241	971	608
Q08646	Q08646	100.000	371	371	371
Q4J6M3	Q4J6M3	100.000	748	748	748
Q4J6M3	O32144	25.600	749	748	745
Q4J6M3	P22985	24.800	756	748	1331
Q5QNV8	Q5QNV8	100.000	569	569	569
Q6P1X6	Q6P1X6	100.000	216	216	216
Q75T13	Q75T13	100.000	922	922	922
Q9Y3Y2	Q9Y3Y2	100.000	248	248	248
Q9Y7N1	Q9Y7N1	100.000	240	240	240
Q9Y7N1	Q04177	28.600	122	240	643
F4J077	F4J077	100.000	782	782	782
P27469	P27469	100.000	103	103	103
P32786	P32786	100.000	894	894	894
Q6AYT5	Q6AYT5	100.000	439	439	439
Q8TGQ3	Q8TGQ3	100.000	39	39	39
Q8X5C4	Q8X5C4	100.000	183	183	183
Q9BSF0	Q9BSF0	100.000	95	95	95
Q9D5K1	Q9D5K1	100.000	259	259	259
Q3UDW8	Q3UDW8	100.000	656	656	656
Q8BH50	Q8BH50	100.000	245	245	245
Q8C0L8	Q8C0L8	100.000	829	829	829
Q8C0L8	Q9VJD3	25.900	801	829	751
Q9C0C6	Q9C0C6	100.000	399	399	399
Q9H583	Q9H583	100.000	2144	2144	2144
Q9H583	Q9VM75	28.600	2217	2144	2096
Q9H583	Q9C8Z4	23.500	2320	2144	2197
Q9H583	A4QTQ9	21.400	2204	2144	1796
Q9H583	O60179	26.100	956	2144	1649
Q9H583	P42945	21.500	2228	2144	1769
Q9H583	Q23495	22.100	1328	2144	1650
Q9LK39	Q9LK39	100.000	722	722	722
Q9LK39	Q6RKB1	22.200	642	722	1174
Q9LK39	Q8XBV3	20.000	555	722	536
Q9LK39	O53580	35.800	53	722	637
Q9UTD7	Q9UTD7	100.000	205	205	205
Q9XI73	Q9XI73	100.000	190	190	190
Q9XI73	Q41932	27.600	112	190	230
B7Z0W9	B7Z0W9	100.000	1576	1576	1576
B7Z0W9	Q80SX5	23.100	506	1576	563
O42926	O42926	100.000	3131	3131	3131
O42926	Q07878	26.100	3155	3131	3144
O42926	Q5H8C4	21.400	3235	3131	3166
O42926	Q9VU08	20.200	1931	3131	3919
O42926	Q5THJ4	22.000	925	3131	4388
Q07532	Q07532	100.000	353	353	353
Q10296	Q10296	100.000	138	138	138
Q12035	Q12035	100.000	217	217	217
Q14657	Q14657	100.000	143	143	143
Q14657	Q10220	31.600	79	143	88
Q14657	Q3E833	28.300	74	143	88
Q2V2P4	Q2V2P4	100.000	73	73	73
Q9FYF7	Q9FYF7	100.000	240	240	240
Q9LU73	Q9LU73	100.000	1028	1028	1028
B0VRK7	B0VRK7	100.000	353	353	353
O15063	O15063	100.000	1070	1070	1070
P0ADY7	P0ADY7	100.000	136	136	136
Q6ZRP5	Q6ZRP5	100.000	223	223	223
Q7K4B4	Q7K4B4	100.000	685	685	685
Q8CBH5	Q8CBH5	100.000	775	775	775
Q8SWR8	Q8SWR8	100.000	1084	1084	1084
Q8SWR8	G5ED29	28.000	214	1084	959
Q93VM8	Q93VM8	100.000	146	146	146
P40317	P40317	100.000	901	901	901
P40317	Q8WWU5	24.000	266	901	503
P60954	P60954	100.000	483	483	483
P9WP65	P9WP65	100.000	318	318	318
Q04751	Q04751	100.000	285	285	285
Q09459	Q09459	100.000	1322	1322	1322
P47045	P47045	100.000	478	478	478
Q3TUU5	Q3TUU5	100.000	225	225	225
Q3TUU5	Q499B3	24.700	101	225	835
Q86YW9	Q86YW9	100.000	2145	2145	2145
Q86YW9	Q20497	20.700	1501	2145	3498
Q86YW9	H3K2Y6	24.300	312	2145	2235
O14146	O14146	100.000	159	159	159
O34759	O34759	100.000	69	69	69
Q9BXS4	Q9BXS4	100.000	323	323	323
Q9VMU8	Q9VMU8	100.000	388	388	388
Q9VMU8	Q9C5H6	26.900	342	388	405
Q9VMU8	Q9BS91	25.800	317	388	424
Q9VMU8	Q9R0M8	25.000	315	388	390
O65370	O65370	100.000	138	138	138
O74733	O74733	100.000	1441	1441	1441
O74733	Q9EPU4	26.400	1419	1441	1441
O74733	Q06632	25.600	1455	1441	1357
O74733	Q9M0V3	19.000	1364	1441	1088
P01582	P01582	100.000	270	270	270
Q97EG6	Q97EG6	100.000	229	229	229
Q97EG6	P35024	27.500	229	229	221
Q97EG6	P59230	27.600	217	229	216
Q97EG6	Q9BYD6	23.700	223	229	325
Q99PK0	Q99PK0	100.000	855	855	855
Q99PK0	Q04048	25.000	806	855	859
Q9W5E4	Q9W5E4	100.000	1133	1133	1133
Q9W5E4	Q6DRL5	25.800	302	1133	1269
O02334	O02334	100.000	503	503	503
P21519	P21519	100.000	1594	1594	1594
P9WNG9	P9WNG9	100.000	318	318	318
Q02308	Q02308	100.000	1077	1077	1077
Q08634	Q08634	100.000	303	303	303
Q12165	Q12165	100.000	160	160	160
Q13323	Q13323	100.000	160	160	160
Q96G25	Q96G25	100.000	268	268	268
Q99P55	Q99P55	100.000	430	430	430
Q99P55	P23501	25.400	295	430	404
Q9CXU9	Q9CXU9	100.000	113	113	113
Q9DCZ4	Q9DCZ4	100.000	198	198	198
Q9H7M6	Q9H7M6	100.000	989	989	989
O74904	O74904	100.000	122	122	122
O94267	O94267	100.000	1019	1019	1019
P32770	P32770	100.000	719	719	719
P43597	P43597	100.000	1233	1233	1233
P53583	P53583	100.000	542	542	542
P53583	Q96C11	24.400	576	542	551
P53583	Q4J7A3	21.900	465	542	497
O04928	O04928	100.000	421	421	421
P36495	P36495	100.000	1995	1995	1995
O13727	O13727	100.000	162	162	162
O14093	O14093	100.000	949	949	949
O14093	F4JT76	23.000	800	949	1034
O14093	Q9VLC0	23.800	339	949	940
O14093	Q12071	21.000	552	949	889
O14093	Q22639	21.000	319	949	1058
P25559	P25559	100.000	380	380	380
P25559	Q09732	25.700	376	380	357
P25559	Q9BVC3	24.000	362	380	393
O80958	O80958	100.000	867	867	867
O80958	Q9SSR4	25.100	708	867	819
O80958	Q9FMF6	27.100	549	867	730
O80958	Q9SS81	26.500	562	867	687
O80958	Q0WMY5	26.200	556	867	952
O80958	Q9LVA2	23.800	626	867	982
O80958	Q9SAD9	29.600	418	867	517
O80958	O81028	22.800	782	867	799
O80958	Q9LMY5	28.200	386	867	826
O80958	Q9LKU8	25.600	527	867	766
O80958	Q9LW84	25.600	480	867	642
O80958	Q9LR67	25.300	521	867	660
O80958	Q8RWS8	21.700	740	867	822
O80958	Q9LSK8	23.800	605	867	688
O80958	Q9FRS4	23.600	576	867	559
O80958	Q9S7Q2	19.800	569	867	862
O80958	Q9ZUU3	23.800	546	867	757
O80958	Q9FLD8	27.500	374	867	678
O80958	Q9LS88	21.800	640	867	842
O80958	Q9SVH3	21.700	565	867	727
O80958	O82178	24.600	337	867	591
O80958	Q3EDA9	22.400	628	867	608
O80958	Q9MAG8	27.700	295	867	471
O80958	Q9SAK0	23.400	418	867	836
O80958	Q9FMU2	23.000	508	867	634
O80958	Q3ECH5	20.100	619	867	544
O80958	Q9M3A8	21.000	484	867	629
O80958	Q0WLC6	21.100	420	867	1089
O80958	Q9LS25	24.300	308	867	711
O80958	P0C896	28.800	288	867	576
O80958	Q9M4P3	22.800	390	867	656
O80958	Q9SNB7	21.300	496	867	665
O80958	Q9M2C8	24.400	290	867	498
O80958	Q9SQU6	23.300	278	867	486
O80958	Q9ZUU7	23.800	273	867	462
O80958	O49711	23.500	238	867	843
O80958	O23278	25.800	205	867	501
O80958	Q9FZD1	20.200	503	867	630
O80958	Q9SA60	20.600	295	867	793
O80958	Q9SA76	19.800	312	867	1006
O80958	Q9SKU6	20.400	269	867	490
O80958	B3H4P1	24.600	146	867	661
O80958	Q9SGQ6	19.600	336	867	773
O80958	Q8LPF1	24.400	172	867	668
O80958	P32522	17.600	266	867	965
P40586	P40586	100.000	236	236	236
Q04613	Q04613	100.000	192	192	192
Q10148	Q10148	100.000	254	254	254
Q30KP5	Q30KP5	100.000	85	85	85
Q04471	Q04471	100.000	368	368	368
Q04471	Q8R1M0	29.200	239	368	353
Q12027	Q12027	100.000	708	708	708
Q9V463	Q9V463	100.000	1365	1365	1365
Q9V463	Q9URX8	24.800	1311	1365	1315
Q9V463	F4HXV6	24.700	1441	1365	1464
Q9V463	P40064	21.600	1296	1365	1391
Q12510	Q12510	100.000	522	522	522
Q12510	Q9H967	24.500	533	522	626
Q80WK2	Q80WK2	100.000	128	128	128
Q99P21	Q99P21	100.000	515	515	515
Q9VWN4	Q9VWN4	100.000	1150	1150	1150
E9Q5M6	E9Q5M6	100.000	1843	1843	1843
E9Q5M6	Q9D180	21.200	457	1843	1249
E9Q5M6	Q8NDM7	20.200	539	1843	1665
E9Q5M6	A8JAF2	21.800	554	1843	1719
E9Q5M6	Q8TBY9	20.900	507	1843	1149
Q9FLE9	Q9FLE9	100.000	92	92	92
Q9LV85	Q9LV85	100.000	564	564	564
Q3E815	Q3E815	100.000	49	49	49
Q3U4G3	Q3U4G3	100.000	392	392	392
Q3U4G3	Q5XPT3	26.300	262	392	690
Q3U4G3	Q3UHH8	25.300	146	392	404
Q9SDA8	Q9SDA8	100.000	656	656	656
Q9SDA8	Q9QZN1	22.300	381	656	701
Q9SDA8	P24814	23.300	291	656	1151
Q9SDA8	Q9SRR1	23.600	216	656	395
Q9SDA8	Q09299	23.600	288	656	738
Q9SDA8	P38285	27.500	127	656	549
A3M8K2	A3M8K2	100.000	356	356	356
A3M8K2	P0A912	28.200	99	356	173
G3V8Y7	G3V8Y7	100.000	569	569	569
Q9D3P9	Q9D3P9	100.000	169	169	169
Q9NVP2	Q9NVP2	100.000	202	202	202
Q9UPV7	Q9UPV7	100.000	400	400	400
A8WHP8	A8WHP8	100.000	418	418	418
G5EG51	G5EG51	100.000	1270	1270	1270
G5EG51	Q9H7Z3	23.300	390	1270	1164
F4JW68	F4JW68	100.000	126	126	126
H0Y354	H0Y354	100.000	149	149	149
O74880	O74880	100.000	360	360	360
P40992	P40992	100.000	514	514	514
Q9LSK8	Q9LSK8	100.000	688	688	688
Q9LSK8	Q9SS81	24.400	594	688	687
Q9LSK8	Q9SSR4	25.800	577	688	819
Q9LSK8	Q9FMF6	24.000	540	688	730
Q9LSK8	O80958	23.800	605	688	867
Q9LSK8	Q9FRS4	23.000	503	688	559
Q9LSK8	Q9LMY5	24.400	580	688	826
Q9LSK8	Q9LKU8	25.900	413	688	766
Q9LSK8	Q9LR67	25.100	509	688	660
Q9LSK8	Q9LVA2	22.700	715	688	982
Q9LSK8	Q0WMY5	22.700	519	688	952
Q9LSK8	Q9LW84	26.100	459	688	642
Q9LSK8	Q9SAD9	23.600	504	688	517
Q9LSK8	Q9MAG8	28.900	269	688	471
Q9LSK8	Q9SVH3	22.100	565	688	727
Q9LSK8	O81028	23.600	491	688	799
Q9LSK8	Q9ZUU3	23.000	455	688	757
Q9LSK8	Q8RWS8	20.900	655	688	822
Q9LSK8	Q9S7Q2	20.900	592	688	862
Q9LSK8	Q9M3A8	22.100	488	688	629
Q9LSK8	O82178	19.700	481	688	591
Q9LSK8	Q9LS88	21.700	593	688	842
Q9LSK8	P0C896	25.500	364	688	576
Q9LSK8	Q9FMU2	20.700	487	688	634
Q9LSK8	Q3ECH5	23.400	209	688	544
Q9LSK8	Q0WLC6	20.300	521	688	1089
Q9LSK8	Q9FLD8	20.700	467	688	678
Q9LSK8	Q9SNB7	22.400	450	688	665
Q9LSK8	Q3EDA9	20.800	436	688	608
Q9LSK8	Q9ZUU7	23.100	225	688	462
Q9LSK8	Q9SQU6	21.700	335	688	486
Q9LSK8	Q9SAK0	20.000	289	688	836
Q9LSK8	Q9M2C8	21.900	278	688	498
Q9LSK8	Q9SGQ6	19.700	577	688	773
Q9LSK8	Q9M4P3	21.500	352	688	656
Q9LSK8	Q9LS25	22.400	299	688	711
Q9LSK8	Q9SA76	23.600	360	688	1006
Q9LSK8	Q9SA60	20.000	448	688	793
Q9LSK8	O49711	18.800	324	688	843
Q9LSK8	Q9FZD1	19.300	428	688	630
Q9LSK8	B3H4P1	21.400	228	688	661
Q9LSK8	O23278	24.500	118	688	501
Q9LSK8	Q9SKU6	18.800	408	688	490
Q6QI44	Q6QI44	100.000	970	970	970
Q6QI44	F4KEY9	24.600	690	970	1065
Q6QI44	Q9Y809	25.100	660	970	811
Q6QI44	Q12387	21.200	667	970	796
Q8IVU9	Q8IVU9	100.000	208	208	208
Q8K215	Q8K215	100.000	91	91	91
Q8L7I1	Q8L7I1	100.000	984	984	984
Q92600	Q92600	100.000	299	299	299
Q05323	Q05323	100.000	288	288	288
Q9CR33	Q9CR33	100.000	414	414	414
Q9CR33	Q9D8N1	40.800	49	414	392
Q9LF38	Q9LF38	100.000	293	293	293
Q9UTK0	Q9UTK0	100.000	388	388	388
Q9ZUN3	Q9ZUN3	100.000	592	592	592
Q9LRP7	Q9LRP7	100.000	115	115	115
Q9NZY2	Q9NZY2	100.000	134	134	134
Q9SNB7	Q9SNB7	100.000	665	665	665
Q9SNB7	Q9LW84	24.300	521	665	642
Q9SNB7	Q9SSR4	21.300	468	665	819
Q9SNB7	Q9SS81	21.500	547	665	687
Q9SNB7	Q0WMY5	22.600	498	665	952
Q9SNB7	O80958	21.300	496	665	867
Q9SNB7	Q8RWS8	21.700	514	665	822
Q9SNB7	Q9LKU8	24.100	426	665	766
Q9SNB7	Q9FMF6	23.300	428	665	730
Q9SNB7	Q9LR67	26.600	451	665	660
Q9SNB7	Q9FLD8	21.200	537	665	678
Q9SNB7	Q9S7Q2	21.300	483	665	862
Q9SNB7	Q9LMY5	20.500	574	665	826
Q9SNB7	O82178	19.800	392	665	591
Q9SNB7	Q9LS88	23.500	463	665	842
Q9SNB7	Q9SAD9	21.500	473	665	517
Q9SNB7	O81028	23.100	493	665	799
Q9SNB7	Q9SQU6	26.200	198	665	486
Q9SNB7	Q9LVA2	21.200	433	665	982
Q9SNB7	Q9FRS4	23.400	269	665	559
Q9SNB7	Q9ZUU3	26.500	188	665	757
Q9SNB7	Q9MAG8	25.500	274	665	471
Q9SNB7	Q9LSK8	22.400	450	665	688
Q9SNB7	P0C896	25.600	304	665	576
Q9SNB7	Q3EDA9	25.900	227	665	608
Q9SNB7	Q9M3A8	21.000	384	665	629
Q9SNB7	Q9SVH3	23.800	243	665	727
Q9SNB7	Q9LS25	25.700	237	665	711
Q9SNB7	Q0WLC6	20.700	304	665	1089
Q9SNB7	Q9M2C8	21.200	324	665	498
Q9SNB7	Q3ECH5	21.300	304	665	544
Q9SNB7	O49711	19.100	360	665	843
Q9SNB7	Q9M4P3	26.200	217	665	656
Q9SNB7	Q9FMU2	22.500	177	665	634
Q9SNB7	Q9FZD1	28.800	142	665	630
Q9SNB7	Q9SGQ6	24.700	182	665	773
Q9SNB7	B3H4P1	20.000	533	665	661
Q9SNB7	Q9SA76	23.000	260	665	1006
Q9SNB7	O23278	22.800	162	665	501
Q9SNB7	Q9ZUU7	23.300	150	665	462
Q9SNB7	Q9SKU6	19.400	308	665	490
Q9SNB7	P48237	24.600	138	665	864
Q9SNB7	P32522	24.700	101	665	965
G5EGS7	G5EGS7	100.000	324	324	324
O31567	O31567	100.000	325	325	325
O74809	O74809	100.000	105	105	105
O80574	O80574	100.000	347	347	347
O80574	P04036	26.000	184	347	273
P38175	P38175	100.000	177	177	177
P82726	P82726	100.000	102	102	102
Q01881	Q01881	100.000	160	160	160
Q9HZA6	Q9HZA6	100.000	919	919	919
Q9VMA0	Q9VMA0	100.000	235	235	235
Q9VMA0	Q9D720	24.500	228	235	266
D3ZAT9	D3ZAT9	100.000	409	409	409
D3ZAT9	O88441	25.300	237	409	263
D3ZAT9	P47802	25.400	240	409	317
D3ZAT9	Q9VHB6	22.300	228	409	327
O94356	O94356	100.000	651	651	651
P34118	P34118	100.000	843	843	843
O94419	O94419	100.000	640	640	640
P40061	P40061	100.000	1430	1430	1430
P40061	Q09743	26.300	1170	1430	1309
P40061	Q6QI06	24.000	952	1430	1708
Q8K3W0	Q8K3W0	100.000	383	383	383
Q96F10	Q96F10	100.000	170	170	170
Q96F10	Q9ZV05	25.800	201	170	228
Q99M03	Q99M03	100.000	290	290	290
O60100	O60100	100.000	1067	1067	1067
O60100	Q8TEX9	27.000	1095	1067	1081
O60100	O74476	22.300	1111	1067	1095
O60100	Q06142	20.200	681	1067	861
O60100	Q9ZU97	29.300	126	1067	743
O60100	Q99LG2	21.000	447	1067	887
O60100	Q38951	21.700	299	1067	587
O60100	Q6PDI5	23.600	220	1067	1840
P21467	P21467	100.000	166	166	166
P24814	P24814	100.000	1151	1151	1151
P24814	Q9QZN1	24.400	360	1151	701
P24814	Q9H469	22.400	299	1151	300
P24814	Q9SDA8	23.900	326	1151	656
P24814	Q9SRR1	26.400	174	1151	395
P24814	P38285	25.600	191	1151	549
P24814	P06779	20.500	278	1151	565
P24814	Q09299	23.000	391	1151	738
P24814	Q0WRC9	28.300	162	1151	479
P24814	Q9M096	21.300	206	1151	301
P39523	P39523	100.000	943	943	943
P39523	Q07978	31.500	133	943	186
P49955	P49955	100.000	971	971	971
Q9NRV9	Q9NRV9	100.000	189	189	189
Q9NRV9	Q9Y5Z4	27.200	187	189	205
Q9NRV9	Q9SR77	27.100	140	189	309
Q9URW7	Q9URW7	100.000	549	549	549
Q9URW7	Q9Y5X3	21.200	391	549	404
Q9Y224	Q9Y224	100.000	244	244	244
B1AL88	B1AL88	100.000	458	458	458
O42928	O42928	100.000	350	350	350
O06218	O06218	100.000	344	344	344
O88803	O88803	100.000	151	151	151
P0A9B2	P0A9B2	100.000	331	331	331
P32351	P32351	100.000	346	346	346
P32351	P87132	26.100	172	346	601
P40157	P40157	100.000	782	782	782
Q0WLC6	Q0WLC6	100.000	1089	1089	1089
Q0WLC6	Q8RWS8	23.400	426	1089	822
Q0WLC6	Q9FMF6	24.800	350	1089	730
Q0WLC6	Q0WMY5	21.300	572	1089	952
Q0WLC6	Q9LMY5	22.900	410	1089	826
Q0WLC6	Q9LW84	23.300	389	1089	642
Q0WLC6	Q9SS81	23.200	392	1089	687
Q0WLC6	Q9LR67	24.000	349	1089	660
Q0WLC6	Q9LKU8	23.100	423	1089	766
Q0WLC6	P0C896	25.500	349	1089	576
Q0WLC6	O80958	21.000	455	1089	867
Q0WLC6	Q9S7Q2	19.700	552	1089	862
Q0WLC6	Q9SSR4	25.300	351	1089	819
Q0WLC6	Q9SAK0	22.400	325	1089	836
Q0WLC6	Q9LVA2	19.300	382	1089	982
Q0WLC6	Q9SAD9	21.900	378	1089	517
Q0WLC6	Q9MAG8	25.700	280	1089	471
Q0WLC6	Q9LS25	21.400	470	1089	711
Q0WLC6	Q9FRS4	21.700	313	1089	559
Q0WLC6	O82178	20.500	369	1089	591
Q0WLC6	O81028	22.600	292	1089	799
Q0WLC6	Q9LS88	23.900	343	1089	842
Q0WLC6	Q9FLD8	20.200	444	1089	678
Q0WLC6	Q9SVH3	20.500	374	1089	727
Q0WLC6	Q9M3A8	20.800	322	1089	629
Q0WLC6	Q9SQU6	19.800	337	1089	486
Q0WLC6	Q3EDA9	21.900	360	1089	608
Q0WLC6	Q9ZUU3	21.400	355	1089	757
Q0WLC6	Q9LSK8	20.100	457	1089	688
Q0WLC6	Q3ECH5	22.600	282	1089	544
Q0WLC6	O49711	21.900	269	1089	843
Q0WLC6	Q9SNB7	20.100	302	1089	665
Q0WLC6	Q9FMU2	23.200	228	1089	634
Q0WLC6	Q9M4P3	19.800	357	1089	656
Q0WLC6	Q9ZUU7	24.200	132	1089	462
Q0WLC6	Q9SA76	21.300	267	1089	1006
Q0WLC6	Q9M2C8	19.800	227	1089	498
Q0WLC6	A1Z9A8	27.500	167	1089	652
Q0WLC6	Q9FZD1	20.900	406	1089	630
Q0WLC6	Q9SGQ6	19.300	325	1089	773
Q0WLC6	Q9SA60	18.500	226	1089	793
Q0WLC6	O23278	22.200	180	1089	501
Q0WLC6	Q9SKU6	21.500	302	1089	490
Q9FJ13	Q9FJ13	100.000	663	663	663
Q9FJ13	Q9FME5	25.200	214	663	204
A0A023PZB3	A0A023PZB3	100.000	126	126	126
A1A4G5	A1A4G5	100.000	178	178	178
B1XPG7	B1XPG7	100.000	403	403	403
B1XPG7	B0VQ53	29.100	336	403	316
Q02749	Q02749	100.000	293	293	293
Q12283	Q12283	100.000	360	360	360
Q0JJ05	Q0JJ05	100.000	987	987	987
Q0JJ05	Q9SAF6	28.700	810	987	1128
Q99MU1	Q99MU1	100.000	369	369	369
Q9FVQ4	Q9FVQ4	100.000	512	512	512
Q6IQ20	Q6IQ20	100.000	393	393	393
Q8MQX9	Q8MQX9	100.000	1174	1174	1174
Q8MQX9	Q86XL3	27.600	445	1174	938
Q9NWH2	Q9NWH2	100.000	141	141	141
Q9UJG1	Q9UJG1	100.000	213	213	213
Q9VKU7	Q9VKU7	100.000	650	650	650
Q9VKU7	Q9UGJ1	28.100	708	650	667
Q9VKU7	Q9C5H9	23.300	624	650	678
Q9VKU7	P58854	22.100	434	650	905
Q9VKU7	Q8BKN5	21.500	320	650	1024
Q9VKU7	P53540	20.200	480	650	846
Q06631	Q06631	100.000	534	534	534
Q06631	Q9US05	28.000	502	534	452
Q06631	Q9VM95	23.200	335	534	488
Q11100	Q11100	100.000	665	665	665
Q11100	Q21653	23.500	246	665	1182
Q11100	O59679	23.000	165	665	525
Q5PQS3	Q5PQS3	100.000	832	832	832
Q6ZS82	Q6ZS82	100.000	235	235	235
Q7Z591	Q7Z591	100.000	1439	1439	1439
P36027	P36027	100.000	376	376	376
P40011	P40011	100.000	234	234	234
P53861	P53861	100.000	379	379	379
P9WNK7	P9WNK7	100.000	95	95	95
Q02TE1	Q02TE1	100.000	386	386	386
Q4J904	Q4J904	100.000	618	618	618
Q4J904	B1XPX8	23.700	551	618	585
Q4J904	Q6PJN8	22.400	267	618	538
Q6ZN92	Q6ZN92	100.000	141	141	141
Q80XZ4	Q80XZ4	100.000	581	581	581
Q80XZ4	P17181	23.400	162	581	557
Q9UK97	Q9UK97	100.000	447	447	447
Q9UK97	Q12347	23.500	370	447	344
P38681	P38681	100.000	1176	1176	1176
P38681	Q9BRQ8	24.200	268	1176	373
Q9CXI3	Q9CXI3	100.000	613	613	613
O13679	O13679	100.000	264	264	264
O13679	Q03370	23.400	316	264	554
P03129	P03129	100.000	98	98	98
P0ADR7	P0ADR7	100.000	366	366	366
P53109	P53109	100.000	570	570	570
P53109	Q04800	21.700	404	570	564
P53109	Q08908	24.100	344	570	694
P53109	Q12333	22.800	359	570	620
P45545	P45545	100.000	361	361	361
Q06211	Q06211	100.000	1407	1407	1407
Q9NV88	Q9NV88	100.000	658	658	658
Q9NV88	Q9LKF9	26.200	343	658	739
Q9NV88	Q12102	20.600	382	658	859
P01168	P01168	100.000	116	116	116
P38157	P38157	100.000	468	468	468
P38157	O13658	38.200	68	468	738
P34615	P34615	100.000	149	149	149
Q02203	Q02203	100.000	525	525	525
Q9NK57	Q9NK57	100.000	292	292	292
Q9NK57	P0AFP8	24.500	240	292	247
A6NDX5	A6NDX5	100.000	716	716	716
A6NDX5	Q9H582	24.000	212	716	1327
A6NDX5	Q3T9Z9	23.100	246	716	577
P17181	P17181	100.000	557	557	557
P17181	Q08334	25.300	315	557	325
P17181	P38484	21.700	322	557	337
P17181	Q6UXL0	22.800	307	557	311
P17181	Q80XZ4	23.400	162	557	581
P17181	Q8IU57	23.200	211	557	520
Q9LX49	Q9LX49	100.000	287	287	287
Q9USS4	Q9USS4	100.000	203	203	203
A0A0U1RRE5	A0A0U1RRE5	100.000	68	68	68
A0A1D8PSC7	A0A1D8PSC7	100.000	561	561	561
P08312	P08312	100.000	327	327	327
Q9FYJ2	Q9FYJ2	100.000	360	360	360
Q9FYJ2	Q9SX99	24.700	210	360	261
Q9SI64	Q9SI64	100.000	702	702	702
Q9SI64	Q949X7	23.900	251	702	484
Q9SI64	Q9UQW9	23.500	267	702	432
E9Q793	E9Q793	100.000	770	770	770
O31540	O31540	100.000	330	330	330
O59757	O59757	100.000	1364	1364	1364
O59757	P53148	29.400	187	1364	917
Q9P1Z3	Q9P1Z3	100.000	774	774	774
Q9P1Z3	Q9SKD6	22.300	188	774	621
O24653	O24653	100.000	444	444	444
O24653	P37727	26.700	295	444	650
P53981	P53981	100.000	241	241	241
Q2V4G1	Q2V4G1	100.000	84	84	84
Q2V4G1	P82759	38.200	47	84	70
Q3ZCQ0	Q3ZCQ0	100.000	140	140	140
Q8WXW3	Q8WXW3	100.000	757	757	757
Q96DM3	Q96DM3	100.000	657	657	657
Q9DCU9	Q9DCU9	100.000	321	321	321
Q9DCU9	Q8Y766	27.400	291	321	293
Q9QZJ6	Q9QZJ6	100.000	164	164	164
Q9UT91	Q9UT91	100.000	211	211	211
Q8IYU8	Q8IYU8	100.000	434	434	434
Q8IYU8	Q9BPX6	27.400	335	434	476
Q9P7X2	Q9P7X2	100.000	533	533	533
P0DMT0	P0DMT0	100.000	46	46	46
P43592	P43592	100.000	221	221	221
Q10917	Q10917	100.000	484	484	484
Q10917	Q8TCC7	27.300	406	484	542
F4JZJ2	F4JZJ2	100.000	550	550	550
F4JZJ2	Q83LY1	21.100	284	550	311
O94280	O94280	100.000	374	374	374
O94280	P53723	24.600	276	374	404
P15289	P15289	100.000	507	507	507
P15289	Q9VEX0	26.700	389	507	1114
P15289	Q6UWY0	28.600	213	507	536
Q07507	Q07507	100.000	201	201	201
Q29U70	Q29U70	100.000	364	364	364
O95411	O95411	100.000	115	115	115
P00724	P00724	100.000	532	532	532
P00724	Q9LIB9	26.800	313	532	572
P25632	P25632	100.000	483	483	483
P25632	P53628	27.700	529	483	566
P34654	P34654	100.000	62	62	62
P35734	P35734	100.000	292	292	292
P35734	Q9P6S5	37.500	80	292	307
P41913	P41913	100.000	522	522	522
P47110	P47110	100.000	350	350	350
P53071	P53071	100.000	178	178	178
P53963	P53963	100.000	612	612	612
P9WJ07	P9WJ07	100.000	59	59	59
P43607	P43607	100.000	289	289	289
P43607	P32385	23.500	225	289	249
P83773	P83773	100.000	524	524	524
Q42337	Q42337	100.000	76	76	76
Q4V3C1	Q4V3C1	100.000	524	524	524
Q95ZG8	Q95ZG8	100.000	69	69	69
O74866	O74866	100.000	163	163	163
O74866	P0AG40	31.100	122	163	313
P03870	P03870	100.000	423	423	423
P62502	P62502	100.000	163	163	163
P62502	P41222	25.600	164	163	190
Q04658	Q04658	100.000	369	369	369
Q08734	Q08734	100.000	132	132	132
Q386F1	Q386F1	100.000	435	435	435
Q386F1	Q8R139	26.500	158	435	528
Q386F1	Q9SR64	22.100	425	435	417
Q944A6	Q944A6	100.000	487	487	487
Q944A6	Q9C5D0	29.000	141	487	238
Q9GZZ8	Q9GZZ8	100.000	138	138	138
Q9HGL0	Q9HGL0	100.000	137	137	137
Q9LMM6	Q9LMM6	100.000	349	349	349
Q9LMM6	Q9M9U5	19.300	341	349	382
Q9V637	Q9V637	100.000	270	270	270
Q9V637	Q92530	29.800	278	270	271
A2RVT6	A2RVT6	100.000	215	215	215
A8JF70	A8JF70	100.000	552	552	552
A8JF70	Q8NA47	26.300	399	552	563
A8JF70	Q3UX62	22.700	511	552	658
P04844	P04844	100.000	631	631	631
P04844	P04844	100.000	631	631	631
P04844	Q93Z16	25.200	440	631	691
P04844	O74943	23.600	199	631	271
Q05123	Q05123	100.000	467	467	467
F4IUX6	F4IUX6	100.000	1181	1181	1181
F4IUX6	O13824	25.900	1138	1181	1049
F4IUX6	P38798	24.900	849	1181	1089
P09565	P09565	100.000	113	113	113
P14330	P14330	100.000	160	160	160
P26199	P26199	100.000	126	126	126
P34625	P34625	100.000	99	99	99
Q8WZ26	Q8WZ26	100.000	134	134	134
Q922M7	Q922M7	100.000	232	232	232
Q96LS8	Q96LS8	100.000	159	159	159
Q99K74	Q99K74	100.000	987	987	987
Q99K74	Q9VSF2	27.300	1001	987	993
O42910	O42910	100.000	658	658	658
Q9SMM8	Q9SMM8	100.000	462	462	462
Q9XFB0	Q9XFB0	100.000	184	184	184
A1L190	A1L190	100.000	88	88	88
A2AJT9	A2AJT9	100.000	711	711	711
O43462	O43462	100.000	519	519	519
Q80V24	Q80V24	100.000	287	287	287
Q8BJA3	Q8BJA3	100.000	419	419	419
Q8BJA3	P35680	29.000	224	419	557
Q8C494	Q8C494	100.000	260	260	260
Q8IV36	Q8IV36	100.000	788	788	788
Q8IV36	Q9P7M6	27.600	568	788	797
Q8IV36	O13776	24.800	664	788	925
Q8IV36	Q9HDV3	24.100	373	788	688
Q92543	Q92543	100.000	992	992	992
Q92543	Q3ZT31	24.200	161	992	840
Q92543	O14200	25.900	131	992	495
P9WM25	P9WM25	100.000	218	218	218
Q06338	Q06338	100.000	283	283	283
Q06338	O64885	25.400	173	283	326
Q06338	Q9P287	24.600	235	283	314
Q10324	Q10324	100.000	608	608	608
Q4J8K8	Q4J8K8	100.000	510	510	510
Q68G31	Q68G31	100.000	288	288	288
O34447	O34447	100.000	257	257	257
O34447	F4JZG9	29.900	207	257	384
O94664	O94664	100.000	234	234	234
P02903	P02903	100.000	97	97	97
P0A9J3	P0A9J3	100.000	489	489	489
P32680	P32680	100.000	196	196	196
P87129	P87129	100.000	756	756	756
P87129	Q8CCB4	25.100	791	756	832
P87129	P47061	27.600	749	756	822
Q10160	Q10160	100.000	235	235	235
Q14197	Q14197	100.000	206	206	206
Q4G0F8	Q4G0F8	100.000	1135	1135	1135
Q70YC5	Q70YC5	100.000	407	407	407
Q10187	Q10187	100.000	612	612	612
Q4G0P3	Q4G0P3	100.000	5121	5121	5121
Q4G0P3	Q3V0B4	25.000	228	5121	1847
Q4G0P3	Q3UY96	18.200	400	5121	1578
Q3B8R1	Q3B8R1	100.000	678	678	678
Q99935	Q99935	100.000	248	248	248
Q9CQM2	Q9CQM2	100.000	212	212	212
P39086	P39086	100.000	918	918	918
P39086	O15399	27.500	555	918	1336
P39086	O81776	21.300	868	918	896
P39086	Q9VW78	21.700	404	918	636
Q04632	Q04632	100.000	607	607	607
Q04632	Q96MW5	23.700	143	607	612
Q14956	Q14956	100.000	572	572	572
Q6ZUT1	Q6ZUT1	100.000	292	292	292
Q8BMA5	Q8BMA5	100.000	1420	1420	1420
Q9P6S6	Q9P6S6	100.000	132	132	132
Q9P6S6	P53903	31.300	134	132	129
Q9UKY0	Q9UKY0	100.000	176	176	176
Q9Y5U9	Q9Y5U9	100.000	82	82	82
A8MQR0	A8MQR0	100.000	627	627	627
A8MQR0	Q13439	22.200	463	627	2230
O14222	O14222	100.000	247	247	247
Q10138	Q10138	100.000	444	444	444
Q3KRA6	Q3KRA6	100.000	126	126	126
Q52905	Q52905	100.000	112	112	112
Q568Y2	Q568Y2	100.000	489	489	489
Q568Y2	A0A1D8PL26	29.000	337	489	529
Q568Y2	P40487	26.600	338	489	425
Q68CZ6	Q68CZ6	100.000	603	603	603
Q68CZ6	Q0WQE7	20.900	630	603	617
P35554	P35554	100.000	182	182	182
P36085	P36085	100.000	766	766	766
P45451	P45451	100.000	457	457	457
P50736	P50736	100.000	324	324	324
P50736	Q9SVQ1	23.000	200	324	415
P50736	Q9Y236	21.900	187	324	505
P50736	P38866	20.700	289	324	432
P59282	P59282	100.000	170	170	170
Q02931	Q02931	100.000	896	896	896
Q16563	Q16563	100.000	259	259	259
Q3KR64	Q3KR64	100.000	510	510	510
Q5A4M8	Q5A4M8	100.000	270	270	270
Q5VT66	Q5VT66	100.000	337	337	337
Q08985	Q08985	100.000	325	325	325
Q08985	Q47690	28.400	330	325	310
Q08985	P87138	25.100	318	325	308
Q08985	A6H5Y3	22.600	340	325	1253
Q08985	Q91WS4	20.700	323	325	363
Q14331	Q14331	100.000	258	258	258
Q14331	Q9P7X3	25.100	227	258	245
Q23647	Q23647	100.000	782	782	782
Q5I0X4	Q5I0X4	100.000	101	101	101
Q5SWW4	Q5SWW4	100.000	2171	2171	2171
Q5SWW4	Q7KTX8	27.100	2760	2171	2618
Q5SWW4	Q93442	22.700	1408	2171	2862
Q8TCE6	Q8TCE6	100.000	357	357	357
Q9HZP8	Q9HZP8	100.000	398	398	398
Q9UST8	Q9UST8	100.000	264	264	264
Q9UUM6	Q9UUM6	100.000	447	447	447
Q9Y2M0	Q9Y2M0	100.000	1017	1017	1017
O94405	O94405	100.000	145	145	145
O94405	O00422	23.900	117	145	153
P24720	P24720	100.000	663	663	663
Q09685	Q09685	100.000	411	411	411
Q12749	Q12749	100.000	1114	1114	1114
Q12749	Q924W5	24.400	1095	1114	1097
Q12749	Q8IY18	21.500	539	1114	1101
Q12749	P9WGF3	26.600	120	1114	1205
Q9LQR0	Q9LQR0	100.000	190	190	190
P00334	P00334	100.000	256	256	256
P57746	P57746	100.000	247	247	247
Q21018	Q21018	100.000	236	236	236
Q21018	O35658	27.600	177	236	278
Q9FGN7	Q9FGN7	100.000	726	726	726
Q9FGN7	Q9Y6X3	21.800	626	726	613
P16332	P16332	100.000	748	748	748
O48721	O48721	100.000	321	321	321
O94427	O94427	100.000	424	424	424
P0C879	P0C879	100.000	139	139	139
P13130	P13130	100.000	326	326	326
P37299	P37299	100.000	77	77	77
Q9Y3C1	Q9Y3C1	100.000	178	178	178
A2ACP1	A2ACP1	100.000	578	578	578
A2ACP1	Q8VE09	24.800	595	578	580
A2ACP1	A4QTI0	23.000	473	578	804
A2ACP1	P36114	24.100	435	578	725
F6TQD1	F6TQD1	100.000	307	307	307
F6TQD1	Q9VWI4	30.300	112	307	211
O60097	O60097	100.000	526	526	526
O60097	P53851	22.000	195	526	422
P14326	P14326	100.000	337	337	337
P14326	P9WK87	24.200	247	337	319
Q9UI95	Q9UI95	100.000	211	211	211
Q9UI95	Q9VNE1	28.200	195	211	198
Q9UI95	P40958	28.800	180	211	196
Q9VDE8	Q9VDE8	100.000	974	974	974
Q9VDE8	Q6PJG6	34.200	76	974	821
A6NP61	A6NP61	100.000	321	321	321
O49347	O49347	100.000	189	189	189
O94578	O94578	100.000	177	177	177
A5DAR4	A5DAR4	100.000	362	362	362
A5DAR4	Q92328	29.300	365	362	271
A5DAR4	Q92377	26.400	359	362	273
F4IQK5	F4IQK5	100.000	707	707	707
F4IQK5	Q9LUJ7	21.900	374	707	486
F4IQK5	P15590	21.900	405	707	573
F4IQK5	Q9ZWA9	19.600	408	707	451
O14023	O14023	100.000	544	544	544
P40955	P40955	100.000	746	746	746
P40955	Q08754	24.700	695	746	746
Q4V8D6	Q4V8D6	100.000	416	416	416
Q4V8D6	Q9P6R0	25.500	247	416	492
Q9P3W1	Q9P3W1	100.000	434	434	434
Q9P3W1	P36100	26.900	490	434	482
Q9P3W1	P29083	22.900	192	434	439
A1Z8X3	A1Z8X3	100.000	1977	1977	1977
A1Z8X3	Q86VV8	22.800	328	1977	2226
Q17602	Q17602	100.000	1390	1390	1390
Q17602	Q9W1X4	23.600	411	1390	1711
Q17602	Q09847	21.100	255	1390	1325
Q8CDM4	Q8CDM4	100.000	1066	1066	1066
Q91W86	Q91W86	100.000	941	941	941
Q91W86	Q09600	27.600	944	941	980
Q91W86	P12868	22.800	1038	941	1029
Q91W86	Q9P6N4	24.700	835	941	906
Q91W86	P87295	19.400	896	941	847
Q91W86	Q9P253	21.300	552	941	973
Q9NYJ1	Q9NYJ1	100.000	87	87	87
Q9T2L1	Q9T2L1	100.000	9	9	9
Q9UI30	Q9UI30	100.000	125	125	125
Q9VXN0	Q9VXN0	100.000	377	377	377
O60113	O60113	100.000	542	542	542
O60113	P19807	28.700	477	542	563
O60113	O59813	25.700	521	542	554
O60113	P36029	24.600	515	542	618
O60113	P0AA48	24.100	339	542	452
Q37050	Q37050	100.000	500	500	500
Q9D4R2	Q9D4R2	100.000	373	373	373
Q9P4W7	Q9P4W7	100.000	744	744	744
Q9P4W7	A1L1K3	22.900	261	744	727
Q9P4W7	Q08683	21.300	496	744	685
O74839	O74839	100.000	1011	1011	1011
O74839	O14050	29.100	658	1011	840
O74839	Q9LYG9	27.200	246	1011	734
P34709	P34709	100.000	1475	1475	1475
P40496	P40496	100.000	264	264	264
P53226	P53226	100.000	547	547	547
Q05027	Q05027	100.000	157	157	157
Q09359	Q09359	100.000	279	279	279
Q12383	Q12383	100.000	476	476	476
Q12383	Q8BYH3	28.000	520	476	481
Q12383	Q10B19	24.500	220	476	250
Q7JRE4	Q7JRE4	100.000	650	650	650
Q8BMN4	Q8BMN4	100.000	681	681	681
Q8TC56	Q8TC56	100.000	605	605	605
Q91WS4	Q91WS4	100.000	363	363	363
Q91WS4	A6H5Y3	23.800	306	363	1253
Q91WS4	Q47690	24.000	328	363	310
Q91WS4	P87138	23.800	293	363	308
Q91WS4	Q08985	20.200	331	363	325
Q96IR7	Q96IR7	100.000	371	371	371
Q96IR7	P49429	25.900	370	371	393
Q08054	Q08054	100.000	341	341	341
Q08961	Q08961	100.000	583	583	583
Q08961	P38732	29.200	523	583	585
Q08961	P58467	37.700	98	583	439
Q08961	Q03942	23.400	222	583	479
Q08961	Q8TBK2	23.200	215	583	473
Q22747	Q22747	100.000	588	588	588
Q22747	O13681	21.300	145	588	615
Q6P0T2	Q6P0T2	100.000	308	308	308
Q6P0T2	Q9SYZ9	26.300	197	308	353
Q6P0T2	O94706	23.400	183	308	222
Q811T9	Q811T9	100.000	852	852	852
P01590	P01590	100.000	268	268	268
P43562	P43562	100.000	540	540	540
P43562	P39932	21.800	503	540	569
P43562	P0CE00	21.500	403	540	602
P43562	Q8TCC7	26.300	110	540	542
Q9D2E9	Q9D2E9	100.000	166	166	166
Q9LZJ7	Q9LZJ7	100.000	313	313	313
Q9SZ05	Q9SZ05	100.000	397	397	397
Q14093	Q14093	100.000	348	348	348
Q18892	Q18892	100.000	2352	2352	2352
Q18892	Q80TA9	21.100	1869	2352	2572
Q18892	Q9VE34	20.700	2038	2352	2455
Q8N960	Q8N960	100.000	986	986	986
Q96EZ4	Q96EZ4	100.000	313	313	313
Q9BXL5	Q9BXL5	100.000	484	484	484
P73545	P73545	100.000	89	89	89
P87132	P87132	100.000	601	601	601
P87132	P32351	28.000	150	601	346
P87132	O74782	27.500	160	601	307
Q03697	Q03697	100.000	442	442	442
Q03697	Q8VCX2	27.700	368	442	364
Q10173	Q10173	100.000	441	441	441
Q10173	Q99P69	24.300	423	441	463
Q13231	Q13231	100.000	466	466	466
Q13231	Q06350	26.900	389	466	511
Q13231	Q01459	21.900	264	466	385
Q13231	O05495	20.200	336	466	420
Q9NVE4	Q9NVE4	100.000	849	849	849
Q9VPK7	Q9VPK7	100.000	500	500	500
B7Z031	B7Z031	100.000	555	555	555
B7Z031	P16671	24.400	434	555	472
O14330	O14330	100.000	75	75	75
O48890	O48890	100.000	138	138	138
Q8N6Q8	Q8N6Q8	100.000	603	603	603
Q8N6Q8	Q96FB5	25.700	587	603	475
Q96LL3	Q96LL3	100.000	132	132	132
Q9BUW7	Q9BUW7	100.000	83	83	83
Q9BYD6	Q9BYD6	100.000	325	325	325
Q9H3R2	Q9H3R2	100.000	512	512	512
P32341	P32341	100.000	215	215	215
P34160	P34160	100.000	861	861	861
P34160	O14253	24.200	741	861	780
P34160	Q9SIU2	24.500	322	861	848
P34160	Q09161	22.700	330	861	790
P43556	P43556	100.000	714	714	714
P43556	Q9UUJ3	21.100	592	714	670
P53851	P53851	100.000	422	422	422
P77554	P77554	100.000	460	460	460
P77554	P25524	26.000	323	460	427
Q8WZJ8	Q8WZJ8	100.000	210	210	210
Q96AE7	Q96AE7	100.000	1141	1141	1141
Q9VKM6	Q9VKM6	100.000	351	351	351
Q9Z2M6	Q9Z2M6	100.000	117	117	117
Q9Z2M6	Q12285	26.700	86	117	212
A5DI69	A5DI69	100.000	279	279	279
P0A8P4	P0A8P4	100.000	91	91	91
P0ACA5	P0ACA5	100.000	212	212	212
P0ACA5	P0A9D2	24.200	194	212	201
P10124	P10124	100.000	158	158	158
P16449	P16449	100.000	198	198	198
P31377	P31377	100.000	255	255	255
P31377	P32912	36.800	76	255	316
Q9SLB9	Q9SLB9	100.000	450	450	450
G5EFJ4	G5EFJ4	100.000	1153	1153	1153
P38867	P38867	100.000	453	453	453
P54471	P54471	100.000	238	238	238
P9WHS1	P9WHS1	100.000	146	146	146
Q9FIG9	Q9FIG9	100.000	801	801	801
Q9UTG5	Q9UTG5	100.000	527	527	527
A8MUU9	A8MUU9	100.000	505	505	505
A8MUU9	Q9UF83	63.400	542	505	564
D3Z9R8	D3Z9R8	100.000	60	60	60
I6WZG6	I6WZG6	100.000	265	265	265
Q9NY74	Q9NY74	100.000	926	926	926
Q9VK13	Q9VK13	100.000	206	206	206
Q9Y041	Q9Y041	100.000	437	437	437
O02058	O02058	100.000	140	140	140
O14926	O14926	100.000	492	492	492
O14926	Q9NQT6	28.000	484	492	498
O32049	O32049	100.000	98	98	98
O59708	O59708	100.000	343	343	343
O94733	O94733	100.000	178	178	178
P0A8I4	P0A8I4	100.000	258	258	258
P0DPD9	P0DPD9	100.000	881	881	881
P0DPD9	P0DPD9	100.000	881	881	881
P0DPD9	Q9XZ14	21.900	596	881	879
P0DPD9	Q5JPI9	25.000	152	881	236
P0DPD9	A8MUP2	32.300	133	881	240
Q9S7W5	Q9S7W5	100.000	355	355	355
Q9SVQ1	Q9SVQ1	100.000	415	415	415
Q9SVQ1	P38866	26.900	204	415	432
Q9SVQ1	P50736	22.700	202	415	324
Q9SVQ1	Q3USW5	21.500	283	415	665
A0A0H3M3S8	A0A0H3M3S8	100.000	236	236	236
A2ACJ2	A2ACJ2	100.000	879	879	879
O42648	O42648	100.000	341	341	341
O31666	O31666	100.000	405	405	405
P0CX08	P0CX08	100.000	502	502	502
P96683	P96683	100.000	226	226	226
P96683	P9WMI9	33.700	83	226	118
Q20757	Q20757	100.000	553	553	553
Q20757	Q92359	21.600	305	553	681
Q96N11	Q96N11	100.000	449	449	449
O96237	O96237	100.000	899	899	899
O96237	O43913	29.200	130	899	435
Q9LMJ7	Q9LMJ7	100.000	371	371	371
A6NI79	A6NI79	100.000	296	296	296
O31771	O31771	100.000	288	288	288
P23255	P23255	100.000	1407	1407	1407
P23255	P87121	29.600	1307	1407	1172
P23255	Q8C176	24.800	661	1407	1104
Q12233	Q12233	100.000	115	115	115
Q12743	Q12743	100.000	341	341	341
Q12743	Q96Q80	22.500	191	341	235
Q30KP6	Q30KP6	100.000	65	65	65
Q47690	Q47690	100.000	310	310	310
Q47690	Q08985	28.400	330	310	325
Q47690	A6H5Y3	23.600	321	310	1253
Q47690	P87138	21.800	320	310	308
Q47690	Q91WS4	23.700	324	310	363
Q5M7W6	Q5M7W6	100.000	552	552	552
Q5M7W6	A2RU67	26.000	537	552	622
P55981	P55981	100.000	1290	1290	1290
Q06109	Q06109	100.000	277	277	277
Q12386	Q12386	100.000	881	881	881
Q12386	Q9US07	29.100	714	881	662
Q12386	Q0JF03	26.000	399	881	586
Q8N8I6	Q8N8I6	100.000	264	264	264
Q923D2	Q923D2	100.000	206	206	206
Q9USP7	Q9USP7	100.000	397	397	397
Q9Y5U4	Q9Y5U4	100.000	225	225	225
Q9Y5U4	Q9Y7R5	26.300	197	225	281
C5DMK0	C5DMK0	100.000	298	298	298
O22860	O22860	100.000	69	69	69
O64584	O64584	100.000	825	825	825
P87245	P87245	100.000	607	607	607
Q09372	Q09372	100.000	655	655	655
Q09372	A2CEI4	21.800	243	655	720
Q09372	Q9GYU8	28.100	181	655	702
Q949X7	Q949X7	100.000	484	484	484
Q949X7	Q9UQW9	26.800	346	484	432
Q949X7	Q9SI64	23.000	243	484	702
Q9LPT6	Q9LPT6	100.000	208	208	208
Q9LPT6	Q8LBZ4	28.300	134	208	317
Q9S816	Q9S816	100.000	521	521	521
Q8R1T1	Q8R1T1	100.000	451	451	451
Q8WWU5	Q8WWU5	100.000	503	503	503
Q8WWU5	P40317	24.100	269	503	901
Q96KF2	Q96KF2	100.000	57	57	57
Q96MH2	Q96MH2	100.000	286	286	286
Q99735	Q99735	100.000	147	147	147
P96502	P96502	100.000	191	191	191
Q08187	Q08187	100.000	201	201	201
Q12454	Q12454	100.000	224	224	224
Q12454	P53949	25.400	173	224	197
Q4KM98	Q4KM98	100.000	218	218	218
Q4KM98	Q961C9	27.300	260	218	277
Q5XIM5	Q5XIM5	100.000	236	236	236
Q9I9J6	Q9I9J6	100.000	172	172	172
Q9M903	Q9M903	100.000	479	479	479
A1KIS1	A1KIS1	100.000	335	335	335
O00154	O00154	100.000	380	380	380
O00154	Q8WYK0	24.800	322	380	555
O74395	O74395	100.000	612	612	612
O74395	Q92341	29.000	562	612	630
O74395	Q9P6J7	23.400	290	612	519
Q96PS1	Q96PS1	100.000	177	177	177
Q9EP52	Q9EP52	100.000	222	222	222
Q9JHI9	Q9JHI9	100.000	570	570	570
Q9P6N4	Q9P6N4	100.000	906	906	906
Q9P6N4	Q91W86	24.400	836	906	941
Q9P6N4	P12868	21.200	872	906	1029
Q9P6N4	Q09600	20.600	882	906	980
Q9P6N4	P87295	19.100	941	906	847
O00230	O00230	100.000	105	105	105
O74447	O74447	100.000	548	548	548
P32494	P32494	100.000	702	702	702
P32494	Q9USU8	28.400	429	702	551
P47046	P47046	100.000	822	822	822
P9WPW7	P9WPW7	100.000	398	398	398
Q08932	Q08932	100.000	381	381	381
Q96JY0	Q96JY0	100.000	434	434	434
Q96JY0	Q9VNS0	19.900	211	434	459
Q9CQJ1	Q9CQJ1	100.000	106	106	106
Q9DA73	Q9DA73	100.000	370	370	370
Q9H237	Q9H237	100.000	461	461	461
Q9H237	Q6P1A2	25.800	201	461	487
Q9H237	Q6ZNC8	22.600	340	461	495
Q9VHB6	Q9VHB6	100.000	327	327	327
Q9VHB6	P47802	29.600	293	327	317
Q9VHB6	O88441	24.800	233	327	263
Q9H3S5	Q9H3S5	100.000	423	423	423
Q9R0A3	Q9R0A3	100.000	526	526	526
Q9VQF7	Q9VQF7	100.000	152	152	152
Q9VXB3	Q9VXB3	100.000	173	173	173
Q9Y3C4	Q9Y3C4	100.000	175	175	175
O70491	O70491	100.000	670	670	670
O70491	Q9DBN1	23.200	529	670	621
P19934	P19934	100.000	421	421	421
P23059	P23059	100.000	88	88	88
P28015	P28015	100.000	97	97	97
P30261	P30261	100.000	372	372	372
Q10064	Q10064	100.000	3655	3655	3655
Q10064	Q80YV3	24.600	2667	3655	2565
Q10064	Q9Y7K2	20.700	1259	3655	2337
Q10064	P97313	22.600	375	3655	4128
Q9UER7	Q9UER7	100.000	740	740	740
B4FFZ9	B4FFZ9	100.000	238	238	238
O82258	O82258	100.000	246	246	246
P47026	P47026	100.000	490	490	490
O13971	O13971	100.000	775	775	775
O80482	O80482	100.000	207	207	207
O82804	O82804	100.000	695	695	695
P34366	P34366	100.000	322	322	322
P53941	P53941	100.000	290	290	290
Q53RT3	Q53RT3	100.000	343	343	343
Q6AYL4	Q6AYL4	100.000	378	378	378
Q86TJ2	Q86TJ2	100.000	420	420	420
Q8N7H5	Q8N7H5	100.000	531	531	531
Q8N7H5	Q9US06	23.400	367	531	456
Q99247	Q99247	100.000	1116	1116	1116
Q59W04	Q59W04	100.000	121	121	121
Q5H9L4	Q5H9L4	100.000	462	462	462
Q6JHY2	Q6JHY2	100.000	733	733	733
Q6PHN7	Q6PHN7	100.000	296	296	296
Q86UN6	Q86UN6	100.000	197	197	197
P38121	P38121	100.000	705	705	705
P38121	Q14181	28.300	434	705	598
P38121	O48520	24.100	278	705	440
P45848	P45848	100.000	631	631	631
P62768	P62768	100.000	128	128	128
P73849	P73849	100.000	241	241	241
P9WIT5	P9WIT5	100.000	366	366	366
P9WIT5	Q9FYL3	26.300	243	366	499
P9WKM1	P9WKM1	100.000	200	200	200
Q02SH2	Q02SH2	100.000	118	118	118
Q04526	Q04526	100.000	418	418	418
Q08245	Q08245	100.000	113	113	113
Q09225	Q09225	100.000	822	822	822
Q9BTP7	Q9BTP7	100.000	215	215	215
Q9D9T6	Q9D9T6	100.000	193	193	193
Q9FLX4	Q9FLX4	100.000	326	326	326
Q9GJT2	Q9GJT2	100.000	282	282	282
Q9SZB2	Q9SZB2	100.000	268	268	268
Q96DZ7	Q96DZ7	100.000	209	209	209
Q96WU9	Q96WU9	100.000	126	126	126
Q99JL1	Q99JL1	100.000	234	234	234
Q9BYJ0	Q9BYJ0	100.000	223	223	223
Q9BYJ0	Q14512	23.500	204	223	234
Q9BYJ0	Q1HCM0	23.900	234	223	245
Q9DD20	Q9DD20	100.000	244	244	244
Q9DD20	P38892	30.700	114	244	291
Q9DD20	Q06668	27.300	128	244	471
Q9DD20	Q8VHT6	27.900	154	244	369
P38877	P38877	100.000	133	133	133
P40511	P40511	100.000	975	975	975
Q3TC33	Q3TC33	100.000	260	260	260
Q93Z16	Q93Z16	100.000	691	691	691
Q93Z16	P04844	23.500	645	691	631
Q93Z16	P04844	23.500	645	691	631
Q9FL96	Q9FL96	100.000	73	73	73
Q04934	Q04934	100.000	453	453	453
Q11178	Q11178	100.000	529	529	529
Q23973	Q23973	100.000	217	217	217
Q571H0	Q571H0	100.000	2274	2274	2274
Q91Z49	Q91Z49	100.000	317	317	317
P43611	P43611	100.000	510	510	510
P43611	P53075	26.500	256	510	577
P58468	P58468	100.000	219	219	219
P60723	P60723	100.000	201	201	201
P60723	P51998	31.700	104	201	286
P69850	P69850	100.000	94	94	94
P75949	P75949	100.000	341	341	341
P87232	P87232	100.000	144	144	144
Q12459	Q12459	100.000	698	698	698
Q12459	Q12140	41.600	156	698	328
Q2QV94	Q2QV94	100.000	806	806	806
Q2QV94	B0G163	24.500	738	806	978
Q2QV94	Q3TPX4	24.600	750	806	708
Q2QV94	Q06245	21.100	813	806	871
Q2QV94	O74854	24.000	175	806	872
Q9S7D1	Q9S7D1	100.000	808	808	808
P0A4S0	P0A4S0	100.000	394	394	394
Q04930	Q04930	100.000	467	467	467
Q0PNE2	Q0PNE2	100.000	266	266	266
Q0PNE2	Q9VFW4	21.600	236	266	251
Q14353	Q14353	100.000	236	236	236
Q14353	Q03305	28.900	138	236	412
Q3UN70	Q3UN70	100.000	904	904	904
Q62147	Q62147	100.000	216	216	216
Q10223	Q10223	100.000	431	431	431
Q3E793	Q3E793	100.000	110	110	110
Q400C8	Q400C8	100.000	359	359	359
Q400C8	Q9UX78	27.600	152	359	183
Q587J7	Q587J7	100.000	1177	1177	1177
Q587J7	Q9VNP5	22.100	659	1177	1059
Q587J7	Q9VL52	21.000	712	1177	1476
Q83KD8	Q83KD8	100.000	335	335	335
O46385	O46385	100.000	2194	2194	2194
O46385	O96923	21.800	723	2194	1087
P36057	P36057	100.000	244	244	244
P37552	P37552	100.000	125	125	125
P37552	P0AEB7	31.100	109	125	114
P39759	P39759	100.000	277	277	277
P46675	P46675	100.000	888	888	888
P46675	O94534	29.600	617	888	809
Q5SV85	Q5SV85	100.000	1306	1306	1306
Q8SY33	Q8SY33	100.000	1384	1384	1384
Q9QYK2	Q9QYK2	100.000	796	796	796
Q9XV66	Q9XV66	100.000	3263	3263	3263
Q9XV66	Q8N2C7	27.000	3329	3263	3258
Q14236	Q14236	100.000	149	149	149
P13255	P13255	100.000	293	293	293
P38255	P38255	100.000	430	430	430
P40570	P40570	100.000	242	242	242
P51175	P51175	100.000	477	477	477
P9WFS3	P9WFS3	100.000	252	252	252
O74327	O74327	100.000	420	420	420
O74327	A6NNN8	26.200	393	420	435
O74327	Q5I012	22.700	365	420	1090
O74327	Q9EQ25	23.400	440	420	547
O74327	Q9LYM2	24.200	375	420	435
O74327	C6KTD0	21.700	419	420	606
O74327	Q08AI6	22.800	302	420	406
O74327	Q8K4D3	23.000	386	420	475
P34626	P34626	100.000	164	164	164
P53156	P53156	100.000	320	320	320
Q12274	Q12274	100.000	175	175	175
Q42512	Q42512	100.000	139	139	139
Q18806	Q18806	100.000	487	487	487
Q925Q5	Q925Q5	100.000	128	128	128
Q94FY7	Q94FY7	100.000	488	488	488
Q9USJ7	Q9USJ7	100.000	393	393	393
Q9USJ7	Q08421	23.500	361	393	412
E7EW31	E7EW31	100.000	1015	1015	1015
O94312	O94312	100.000	568	568	568
O94312	O59676	26.100	317	568	359
P49745	P49745	100.000	326	326	326
Q07895	Q07895	100.000	862	862	862
Q07895	O94439	23.400	660	862	728
Q9SRN0	Q9SRN0	100.000	209	209	209
Q9SRN0	Q9ZVD2	22.600	168	209	260
A0A0C4DGP1	A0A0C4DGP1	100.000	68	68	68
Q9C0Z3	Q9C0Z3	100.000	172	172	172
Q9C7X5	Q9C7X5	100.000	324	324	324
Q9FHB6	Q9FHB6	100.000	486	486	486
Q9MAX6	Q9MAX6	100.000	287	287	287
Q9MAX6	O74767	24.300	251	287	288
Q9UHJ9	Q9UHJ9	100.000	254	254	254
Q9UHJ9	Q9UHJ9	100.000	254	254	254
A0A1D8PU45	A0A1D8PU45	100.000	681	681	681
O34795	O34795	100.000	96	96	96
O43325	O43325	100.000	122	122	122
O62479	O62479	100.000	492	492	492
P03930	P03930	100.000	67	67	67
F4J0A8	F4J0A8	100.000	288	288	288
O81304	O81304	100.000	212	212	212
O81304	Q5M755	26.200	137	212	273
O81304	Q9LW57	25.100	191	212	284
P0CE67	P0CE67	100.000	100	100	100
P35202	P35202	100.000	319	319	319
P35202	P41888	27.300	278	319	569
P93013	P93013	100.000	239	239	239
P93013	Q9LZJ7	27.300	285	239	313
P9WKR5	P9WKR5	100.000	559	559	559
Q07629	Q07629	100.000	317	317	317
Q12517	Q12517	100.000	231	231	231
Q3UBX0	Q3UBX0	100.000	243	243	243
Q55013	Q55013	100.000	160	160	160
P19594	P19594	100.000	158	158	158
P38872	P38872	100.000	237	237	237
Q10075	Q10075	100.000	414	414	414
Q91YM4	Q91YM4	100.000	630	630	630
Q91YM4	Q8BSN9	25.100	520	630	661
Q91YM4	Q6DI86	23.300	493	630	829
Q91YM4	Q9JIX9	24.900	405	630	511
Q91YM4	Q7L8L6	20.200	636	630	764
Q9FF41	Q9FF41	100.000	579	579	579
Q9FF41	Q9LVQ4	25.600	588	579	649
Q9SNY3	Q9SNY3	100.000	361	361	361
Q9SNY3	Q9LH76	24.000	332	361	664
Q9SNY3	P04397	24.300	255	361	699
O13791	O13791	100.000	433	433	433
O42913	O42913	100.000	342	342	342
P08920	P08920	100.000	344	344	344
P32177	P32177	100.000	277	277	277
O13800	O13800	100.000	230	230	230
O13800	O75771	26.800	108	230	328
P93297	P93297	100.000	157	157	157
Q3UKJ7	Q3UKJ7	100.000	513	513	513
Q3UKJ7	P53622	23.900	305	513	1201
Q3UKJ7	O74845	24.400	254	513	564
Q3UKJ7	Q9DB94	22.900	266	513	358
Q3UKJ7	P38262	21.900	346	513	535
Q3UKJ7	Q6ZQL4	23.100	186	513	677
Q3UKJ7	P11655	24.800	185	513	471
Q3UKJ7	A2RUS2	25.200	190	513	1198
Q3UKJ7	Q06679	24.400	139	513	776
Q3UKJ7	P33215	23.800	214	513	660
Q3UKJ7	Q9D180	21.300	159	513	1249
Q9SRK7	Q9SRK7	100.000	579	579	579
O14656	O14656	100.000	332	332	332
O14656	Q9NXH8	24.200	280	332	423
O14656	P0C281	20.800	206	332	818
P03079	P03079	100.000	401	401	401
P36041	P36041	100.000	632	632	632
P53108	P53108	100.000	310	310	310
P53108	Q9Y548	27.200	198	310	306
P53108	Q9UTD3	28.900	107	310	249
P83436	P83436	100.000	770	770	770
P83436	Q9FGN0	24.500	866	770	836
Q32M92	Q32M92	100.000	178	178	178
Q13405	Q13405	100.000	166	166	166
Q3UPC7	Q3UPC7	100.000	1272	1272	1272
Q8TEF2	Q8TEF2	100.000	133	133	133
Q91VL8	Q91VL8	100.000	393	393	393
Q9D8M3	Q9D8M3	100.000	146	146	146
Q9BS86	Q9BS86	100.000	351	351	351
Q9P9M0	Q9P9M0	100.000	231	231	231
Q9VKA4	Q9VKA4	100.000	1093	1093	1093
Q9VKA4	Q8C419	24.600	551	1093	1200
O49344	O49344	100.000	125	125	125
O74315	O74315	100.000	475	475	475
O74315	Q9FWS3	26.000	426	475	435
O74315	Q8CIC2	27.000	174	475	420
O00422	O00422	100.000	153	153	153
O00422	O94405	23.900	117	153	145
O32039	O32039	100.000	424	424	424
O32039	F4IYF8	22.800	459	424	883
O94358	O94358	100.000	845	845	845
P0C7T6	P0C7T6	100.000	687	687	687
P32448	P32448	100.000	525	525	525
Q55792	Q55792	100.000	453	453	453
Q55792	O32165	25.800	306	453	437
Q55792	O32162	20.000	350	453	465
Q5SRE5	Q5SRE5	100.000	1749	1749	1749
Q5SRE5	A0A0B4K859	21.900	1778	1749	1866
Q8IQQ4	Q8IQQ4	100.000	338	338	338
Q8N0W5	Q8N0W5	100.000	287	287	287
Q8VCG9	Q8VCG9	100.000	231	231	231
Q9NQ50	Q9NQ50	100.000	206	206	206
Q9P7J2	Q9P7J2	100.000	203	203	203
Q9XTT4	Q9XTT4	100.000	1159	1159	1159
Q9XTT4	Q9XWN6	24.300	358	1159	709
P82612	P82612	100.000	248	248	248
P00513	P00513	100.000	359	359	359
P61924	P61924	100.000	177	177	177
P61924	Q09718	22.500	173	177	446
P75293	P75293	100.000	218	218	218
P75293	Q5HIA5	27.800	205	218	210
Q03233	Q03233	100.000	198	198	198
Q06630	Q06630	100.000	226	226	226
Q13253	Q13253	100.000	232	232	232
Q97W70	Q97W70	100.000	311	311	311
Q97W70	P17423	26.300	334	311	357
Q9BT43	Q9BT43	100.000	218	218	218
Q9CQA1	Q9CQA1	100.000	188	188	188
Q9CQA1	Q03337	23.300	248	188	283
Q9D6I7	Q9D6I7	100.000	428	428	428
Q9D6I7	Q0P6D2	24.400	380	428	419
Q9P6Q0	Q9P6Q0	100.000	112	112	112
P64469	P64469	100.000	71	71	71
P74690	P74690	100.000	805	805	805
Q08416	Q08416	100.000	157	157	157
Q0KIA2	Q0KIA2	100.000	709	709	709
Q32MW3	Q32MW3	100.000	439	439	439
Q4V8C2	Q4V8C2	100.000	777	777	777
Q6NV72	Q6NV72	100.000	663	663	663
Q8BGW0	Q8BGW0	100.000	636	636	636
Q8BGW0	Q9CU24	25.700	582	636	569
Q8NB16	Q8NB16	100.000	471	471	471
Q91W50	Q91W50	100.000	798	798	798
O60232	O60232	100.000	199	199	199
P00946	P00946	100.000	391	391	391
P0AD59	P0AD59	100.000	157	157	157
P15288	P15288	100.000	485	485	485
P37188	P37188	100.000	94	94	94
P0A920	P0A920	100.000	171	171	171
P11101	P11101	100.000	114	114	114
P13008	P13008	100.000	114	114	114
P17065	P17065	100.000	759	759	759
P32857	P32857	100.000	523	523	523
P32857	Q8BKU8	22.200	351	523	555
Q96MW5	Q96MW5	100.000	612	612	612
Q96MW5	Q04632	23.500	174	612	607
Q9D379	Q9D379	100.000	455	455	455
Q9K492	Q9K492	100.000	254	254	254
Q9P7S9	Q9P7S9	100.000	194	194	194
Q9UHH9	Q9UHH9	100.000	426	426	426
O35623	O35623	100.000	118	118	118
O35623	P22804	21.900	91	118	142
O42991	O42991	100.000	197	197	197
O94591	O94591	100.000	149	149	149
P02752	P02752	100.000	238	238	238
P13413	P13413	100.000	187	187	187
Q06330	Q06330	100.000	500	500	500
Q06330	O74954	28.500	392	500	613
Q06330	O74412	23.900	413	500	963
Q12348	Q12348	100.000	645	645	645
Q45069	Q45069	100.000	87	87	87
Q4JAP5	Q4JAP5	100.000	128	128	128
Q4JAP5	Q9UU79	32.900	79	128	260
Q5HGQ5	Q5HGQ5	100.000	146	146	146
Q09383	Q09383	100.000	249	249	249
Q12506	Q12506	100.000	109	109	109
Q3UYG1	Q3UYG1	100.000	323	323	323
Q94A02	Q94A02	100.000	440	440	440
Q9LX16	Q9LX16	100.000	471	471	471
Q94A79	Q94A79	100.000	420	420	420
Q9C7W0	Q9C7W0	100.000	85	85	85
Q9CZD5	Q9CZD5	100.000	276	276	276
Q9ESQ8	Q9ESQ8	100.000	188	188	188
Q9LUA1	Q9LUA1	100.000	91	91	91
Q75WM6	Q75WM6	100.000	255	255	255
Q7TQ95	Q7TQ95	100.000	425	425	425
Q83KS7	Q83KS7	100.000	311	311	311
Q83KS7	Q5AML2	23.800	252	311	395
Q8C551	Q8C551	100.000	337	337	337
Q8IYY4	Q8IYY4	100.000	767	767	767
Q8IYY4	Q9VC70	22.600	163	767	737
P38804	P38804	100.000	111	111	111
P39996	P39996	100.000	337	337	337
P43561	P43561	100.000	622	622	622
P43561	Q04399	27.500	567	622	608
P43561	Q9SU40	26.800	283	622	587
P73922	P73922	100.000	345	345	345
P9WKH5	P9WKH5	100.000	108	108	108
Q9P003	Q9P003	100.000	139	139	139
Q9SIK7	Q9SIK7	100.000	397	397	397
Q9Y703	Q9Y703	100.000	119	119	119
Q9Y703	P48428	32.600	104	119	108
Q9ZQI8	Q9ZQI8	100.000	169	169	169
A0JLT2	A0JLT2	100.000	244	244	244
Q9Y6H6	Q9Y6H6	100.000	103	103	103
Q9Z0W3	Q9Z0W3	100.000	1402	1402	1402
P01326	P01326	100.000	110	110	110
P14066	P14066	100.000	229	229	229
P38172	P38172	100.000	270	270	270
Q5M7V7	Q5M7V7	100.000	679	679	679
Q5M7V7	Q8BSN9	21.900	573	679	661
Q5M7V7	Q6DI86	21.100	293	679	829
Q5M7V7	Q9JIX9	21.000	342	679	511
Q8TBE9	Q8TBE9	100.000	248	248	248
Q8TBE9	P60487	31.300	115	248	292
Q8TBE9	P71447	22.200	220	248	221
Q8TBE9	Q9LDD5	23.000	91	248	373
Q96M15	Q96M15	100.000	143	143	143
Q9D937	Q9D937	100.000	123	123	123
Q9DBC0	Q9DBC0	100.000	667	667	667
Q10295	Q10295	100.000	566	566	566
P03418	P03418	100.000	391	391	391
Q94JU3	Q94JU3	100.000	260	260	260
Q94JU3	Q09722	29.800	151	260	402
Q9BYW3	Q9BYW3	100.000	111	111	111
Q9CPP7	Q9CPP7	100.000	395	395	395
Q99J19	Q99J19	100.000	55	55	55
Q99P31	Q99P31	100.000	357	357	357
Q99P31	Q9H173	30.100	126	357	461
Q99P31	O43030	23.700	185	357	287
Q9BYC8	Q9BYC8	100.000	188	188	188
Q9BYC8	P25348	23.500	106	188	183
Q9D8D0	Q9D8D0	100.000	175	175	175
Q9EXD3	Q9EXD3	100.000	74	74	74
O95715	O95715	100.000	111	111	111
P0CB49	P0CB49	100.000	1376	1376	1376
P0CB49	Q5TBK1	28.000	175	1376	243
P47172	P47172	100.000	347	347	347
P47172	Q3T1H6	20.000	274	347	370
Q1PE15	Q1PE15	100.000	338	338	338
Q1PE15	Q9NWR8	28.900	114	338	336
Q01403	Q01403	100.000	520	520	520
Q7M742	Q7M742	100.000	95	95	95
Q7TSV9	Q7TSV9	100.000	346	346	346
Q8BS90	Q8BS90	100.000	525	525	525
Q8BS90	Q9VVR2	34.300	192	525	539
Q8MYL1	Q8MYL1	100.000	1478	1478	1478
Q8MYL1	Q80V62	23.600	1456	1478	1450
Q9H8M1	Q9H8M1	100.000	238	238	238
Q6P6C2	Q6P6C2	100.000	394	394	394
Q6P6C2	Q6P6C2	100.000	394	394	394
Q9C6M2	Q9C6M2	100.000	440	440	440
Q9C6M2	Q8L4X4	28.300	431	440	452
Q9C6M2	Q39134	27.600	456	440	476
Q9C6M2	Q96247	22.000	449	440	485
Q9C6M2	Q9LYM2	21.400	313	440	435
Q9C6M2	P38680	23.400	435	440	470
Q9C6M2	Q9H598	21.900	387	440	525
Q9C6M2	O74327	21.500	292	440	420
Q9U325	Q9U325	100.000	340	340	340
A1KJR4	A1KJR4	100.000	224	224	224
C7IVR4	C7IVR4	100.000	2049	2049	2049
Q48754	Q48754	100.000	357	357	357
Q5M868	Q5M868	100.000	912	912	912
C5DGU9	C5DGU9	100.000	733	733	733
P23510	P23510	100.000	183	183	183
P93303	P93303	100.000	158	158	158
Q92LB1	Q92LB1	100.000	188	188	188
Q92LB1	Q8Y735	26.600	135	188	188
Q9BTD3	Q9BTD3	100.000	319	319	319
Q9HY65	Q9HY65	100.000	382	382	382
Q9WUX5	Q9WUX5	100.000	899	899	899
O44749	O44749	100.000	515	515	515
Q6NSI8	Q6NSI8	100.000	718	718	718
Q8GUM4	Q8GUM4	100.000	588	588	588
Q8TDV2	Q8TDV2	100.000	347	347	347
Q8WXD2	Q8WXD2	100.000	468	468	468
Q94051	Q94051	100.000	235	235	235
Q94051	P49817	33.800	124	235	178
P0AB89	P0AB89	100.000	456	456	456
P0AB89	Q5HEL4	28.700	317	456	431
P0AB89	Q05911	22.700	277	456	482
P0AB89	P07343	27.700	184	456	462
P48235	P48235	100.000	211	211	211
P60002	P60002	100.000	83	83	83
P9WKD3	P9WKD3	100.000	307	307	307
Q3U2S8	Q3U2S8	100.000	269	269	269
Q3U2S8	Q8BZB3	26.100	168	269	538
G5ED89	G5ED89	100.000	724	724	724
G5ED89	Q8WXI9	33.000	136	724	593
O60921	O60921	100.000	280	280	280
O60921	P78955	29.500	261	280	287
P0AA48	P0AA48	100.000	452	452	452
P0AA48	Q9C5D6	26.100	405	452	569
P0AA48	P19807	22.900	353	452	563
P31112	P31112	100.000	251	251	251
P33339	P33339	100.000	1025	1025	1025
P33339	Q9Y5Q9	22.500	910	1025	886
Q9LX73	Q9LX73	100.000	804	804	804
Q9LX73	Q9VI55	25.200	804	804	782
Q9Y547	Q9Y547	100.000	144	144	144
B0VSC3	B0VSC3	100.000	291	291	291
O43324	O43324	100.000	174	174	174
O74449	O74449	100.000	266	266	266
P39177	P39177	100.000	142	142	142
P42842	P42842	100.000	904	904	904
P42842	Q6P3X3	23.400	816	904	843
P42842	F8VPK0	23.200	168	904	1563
P80294	P80294	100.000	61	61	61
P87048	P87048	100.000	891	891	891
P87048	P32565	23.100	467	891	945
Q04839	Q04839	100.000	188	188	188
P54530	P54530	100.000	299	299	299
P9WFG3	P9WFG3	100.000	292	292	292
P9WLK3	P9WLK3	100.000	314	314	314
Q03694	Q03694	100.000	420	420	420
Q07379	Q07379	100.000	328	328	328
Q9USQ1	Q9USQ1	100.000	960	960	960
Q9USQ1	Q9MBA3	22.700	373	960	599
Q9USQ1	Q86BP6	24.300	123	960	1162
P42430	P42430	100.000	154	154	154
P47159	P47159	100.000	448	448	448
Q06833	Q06833	100.000	770	770	770
Q06833	O94464	27.700	518	770	779
Q06833	Q8IWB9	20.900	291	770	1127
Q6DI86	Q6DI86	100.000	829	829	829
Q6DI86	Q8BSN9	25.900	332	829	661
Q6DI86	Q91YM4	24.300	328	829	630
Q6DI86	Q7L8L6	20.500	380	829	764
Q6DI86	Q5M7V7	21.100	293	829	679
Q6DI86	Q9JIX9	24.600	312	829	511
O43310	O43310	100.000	598	598	598
O43310	Q8VE62	24.000	216	598	400
P0A6W7	P0A6W7	100.000	158	158	158
P0AAP0	P0AAP0	100.000	86	86	86
P0ACB3	P0ACB3	100.000	324	324	324
P22141	P22141	100.000	198	198	198
P22141	Q4JB24	24.400	188	198	242
Q9LIG0	Q9LIG0	100.000	330	330	330
B0VN34	B0VN34	100.000	625	625	625
O14949	O14949	100.000	82	82	82
O32082	O32082	100.000	87	87	87
O43299	O43299	100.000	807	807	807
P42701	P42701	100.000	662	662	662
Q0WVF8	Q0WVF8	100.000	1134	1134	1134
Q0WVF8	Q96T76	23.200	1135	1134	1030
Q0WVF8	Q95U54	23.200	1115	1134	959
Q0WVF8	P40469	21.000	1168	1134	1032
Q9FYE5	Q9FYE5	100.000	309	309	309
Q9FYE5	Q9C8M1	27.300	300	309	332
Q9FYE5	Q9M5A9	23.700	312	309	388
Q9FYE5	Q8VCX2	24.000	300	309	364
Q9FYE5	Q968A5	23.700	307	309	363
Q9FYE5	Q9FIH5	24.500	289	309	350
Q9LU40	Q9LU40	100.000	422	422	422
Q9LU40	Q93ZR8	24.500	334	422	512
Q9SHU7	Q9SHU7	100.000	296	296	296
P9WNQ3	P9WNQ3	100.000	472	472	472
P9WNQ3	P9WNQ1	26.900	482	472	467
Q06696	Q06696	100.000	566	566	566
Q21339	Q21339	100.000	566	566	566
Q8N7U7	Q8N7U7	100.000	411	411	411
Q8WV74	Q8WV74	100.000	236	236	236
P0ADE9	P0ADE9	100.000	326	326	326
P0ADE9	Q5T440	25.000	216	326	356
P35122	P35122	100.000	227	227	227
P39105	P39105	100.000	664	664	664
P9WKU3	P9WKU3	100.000	310	310	310
Q04183	Q04183	100.000	1289	1289	1289
Q04183	O14251	20.600	1240	1289	1210
Q04183	Q9FY61	25.000	332	1289	1186
Q04183	Q9VIL0	19.700	688	1289	1320
A2RUT3	A2RUT3	100.000	159	159	159
C5DF10	C5DF10	100.000	601	601	601
O43022	O43022	100.000	865	865	865
O43022	Q9LVE4	23.200	667	865	756
O43022	Q09766	24.400	573	865	871
O43022	Q06538	20.000	739	865	782
O43022	Q6NP91	21.000	640	865	760
P38429	P38429	100.000	201	201	201
P48613	P48613	100.000	452	452	452
O94343	O94343	100.000	581	581	581
P53230	P53230	100.000	385	385	385
Q01766	Q01766	100.000	294	294	294
Q08909	Q08909	100.000	290	290	290
Q5HDM2	Q5HDM2	100.000	419	419	419
Q7Z5B4	Q7Z5B4	100.000	369	369	369
Q7Z5B4	Q22472	31.800	88	369	378
Q9H3K2	Q9H3K2	100.000	345	345	345
Q9H3K2	Q9LD45	28.000	164	345	247
O00526	O00526	100.000	184	184	184
P02319	P02319	100.000	51	51	51
P08700	P08700	100.000	152	152	152
D3ZR35	D3ZR35	100.000	88	88	88
O13838	O13838	100.000	371	371	371
O13838	Q03790	32.000	128	371	475
O13838	O04326	34.100	82	371	329
O60167	O60167	100.000	649	649	649
P09234	P09234	100.000	159	159	159
P0AFG9	P0AFG9	100.000	887	887	887
P0AFG9	Q5HG77	26.700	183	887	662
P50113	P50113	100.000	272	272	272
P50113	Q9CQF6	26.300	129	272	309
P75694	P75694	100.000	91	91	91
P78332	P78332	100.000	1123	1123	1123
Q59U67	Q59U67	100.000	363	363	363
Q59U67	Q9P7S4	26.800	316	363	365
Q6NXH3	Q6NXH3	100.000	473	473	473
B2RPU2	B2RPU2	100.000	505	505	505
O43083	O43083	100.000	338	338	338
O95800	O95800	100.000	540	540	540
P21816	P21816	100.000	200	200	200
P37487	P37487	100.000	309	309	309
P21651	P21651	100.000	314	314	314
P34252	P34252	100.000	453	453	453
P34252	O14216	24.700	121	453	337
P40688	P40688	100.000	548	548	548
P53865	P53865	100.000	581	581	581
P9WGC3	P9WGC3	100.000	143	143	143
Q8C1M2	Q8C1M2	100.000	176	176	176
Q8CAF4	Q8CAF4	100.000	1587	1587	1587
Q9EQZ1	Q9EQZ1	100.000	134	134	134
Q9H5Z6	Q9H5Z6	100.000	455	455	455
B3H7A9	B3H7A9	100.000	210	210	210
P73455	P73455	100.000	90	90	90
P76541	P76541	100.000	219	219	219
P9WID5	P9WID5	100.000	324	324	324
Q02204	Q02204	100.000	264	264	264
Q03954	Q03954	100.000	165	165	165
Q5AHH4	Q5AHH4	100.000	189	189	189
Q6UXL0	Q6UXL0	100.000	311	311	311
Q6UXL0	Q08334	25.700	272	311	325
Q6UXL0	P38484	28.500	221	311	337
Q6UXL0	P17181	22.400	307	311	557
Q6UXL0	Q8IU57	27.000	207	311	520
Q9ET43	Q9ET43	100.000	244	244	244
Q9ET43	Q9Z1L1	25.600	207	244	211
Q9UHI7	Q9UHI7	100.000	598	598	598
C6Y4A2	C6Y4A2	100.000	94	94	94
P82347	P82347	100.000	289	289	289
P82347	Q16585	22.000	286	289	318
Q03373	Q03373	100.000	323	323	323
Q10268	Q10268	100.000	756	756	756
Q10268	O74472	27.300	161	756	336
Q10268	Q08157	26.300	197	756	551
Q5HG77	Q5HG77	100.000	662	662	662
Q5HG77	P0AFG9	26.900	182	662	887
Q8BQR4	Q8BQR4	100.000	486	486	486
Q6AYK4	Q6AYK4	100.000	326	326	326
Q6AYK4	P59017	25.200	123	326	434
Q8LBB2	Q8LBB2	100.000	424	424	424
Q9BZE1	Q9BZE1	100.000	423	423	423
Q9Y3E5	Q9Y3E5	100.000	179	179	179
G2TRK1	G2TRK1	100.000	92	92	92
Q12089	Q12089	100.000	606	606	606
Q12089	Q9SSR4	22.000	263	606	819
Q12089	O81028	21.600	212	606	799
Q12089	Q9M3A8	21.400	303	606	629
Q12089	Q9FRS4	26.000	165	606	559
Q12089	Q9SVH3	25.500	133	606	727
Q12089	Q9LMY5	20.700	227	606	826
Q12089	Q92552	22.600	168	606	414
Q96T59	Q96T59	100.000	188	188	188
Q9C7N7	Q9C7N7	100.000	140	140	140
Q9FH32	Q9FH32	100.000	763	763	763
Q9FH32	Q9H6U6	28.900	411	763	928
Q9FH32	Q9CR39	31.900	94	763	344
Q9SSC1	Q9SSC1	100.000	138	138	138
P53881	P53881	100.000	309	309	309
Q3LIE5	Q3LIE5	100.000	342	342	342
Q3LIE5	P70158	34.300	67	342	445
Q9FDW8	Q9FDW8	100.000	135	135	135
Q9FNN3	Q9FNN3	100.000	908	908	908
Q9FNN3	Q8BKT3	23.500	688	908	769
A0A2R8Y7D0	A0A2R8Y7D0	100.000	87	87	87
P0C2I3	P0C2I3	100.000	1755	1755	1755
P40003	P40003	100.000	282	282	282
P41930	P41930	100.000	458	458	458
P58043	P58043	100.000	480	480	480
P9WKP5	P9WKP5	100.000	87	87	87
O60519	O60519	100.000	120	120	120
O74947	O74947	100.000	349	349	349
O94606	O94606	100.000	473	473	473
P41546	P41546	100.000	238	238	238
P55937	P55937	100.000	1487	1487	1487
P55937	Q5TZA2	26.000	872	1487	2017
P55937	E9Q7G0	22.500	726	1487	2094
P55937	Q11102	22.900	661	1487	1130
P55937	Q13439	21.800	1046	1487	2230
P14120	P14120	100.000	105	105	105
P16547	P16547	100.000	393	393	393
P38293	P38293	100.000	148	148	148
P38293	Q9Y244	27.500	98	148	141
P39782	P39782	100.000	266	266	266
P39782	P9WNW3	29.600	128	266	507
Q03888	Q03888	100.000	244	244	244
Q8K3W3	Q8K3W3	100.000	698	698	698
Q9I7K6	Q9I7K6	100.000	492	492	492
Q9I7K6	Q99MD9	28.300	155	492	773
Q9I7K6	Q17886	33.700	77	492	382
Q9P0S3	Q9P0S3	100.000	153	153	153
Q9Y664	Q9Y664	100.000	436	436	436
Q3V0C3	Q3V0C3	100.000	733	733	733
Q9Y3D8	Q9Y3D8	100.000	172	172	172
Q9Z221	Q9Z221	100.000	971	971	971
Q9Z221	P32380	23.300	467	971	944
G1UB67	G1UB67	100.000	887	887	887
O42862	O42862	100.000	390	390	390
O94258	O94258	100.000	978	978	978
O94258	O43592	27.200	986	978	962
O94258	P33418	24.800	1117	978	1100
Q10189	Q10189	100.000	90	90	90
Q10B19	Q10B19	100.000	250	250	250
Q10B19	Q8BYH3	28.200	234	250	481
Q10B19	Q12383	24.400	221	250	476
Q3U3F9	Q3U3F9	100.000	336	336	336
Q94CC0	Q94CC0	100.000	480	480	480
Q94CC0	O94280	22.600	181	480	374
Q9DA77	Q9DA77	100.000	186	186	186
Q08C75	Q08C75	100.000	513	513	513
P0DOF8	P0DOF8	100.000	97	97	97
Q9CAC5	Q9CAC5	100.000	191	191	191
Q9LFD5	Q9LFD5	100.000	259	259	259
Q9SJP6	Q9SJP6	100.000	514	514	514
Q9SJZ6	Q9SJZ6	100.000	219	219	219
A0A087WRI3	A0A087WRI3	100.000	283	283	283
A0A087WRI3	A8IB22	24.100	253	283	270
O13936	O13936	100.000	990	990	990
O43070	O43070	100.000	613	613	613
P0ADE6	P0ADE6	100.000	149	149	149
Q9SX86	Q9SX86	100.000	887	887	887
O15078	O15078	100.000	2479	2479	2479
O15078	Q9W0M1	23.200	438	2479	1978
P0AE12	P0AE12	100.000	484	484	484
P38213	P38213	100.000	736	736	736
P38213	P87159	27.400	164	736	681
P56381	P56381	100.000	51	51	51
P56381	P21306	53.800	26	51	62
P46944	P46944	100.000	698	698	698
P46944	O94731	24.300	414	698	658
P46944	O74748	22.700	382	698	618
P75223	P75223	100.000	193	193	193
P9WJV5	P9WJV5	100.000	944	944	944
P9WJV5	P9WJT9	25.400	783	944	966
P9WJV5	P9WJU1	21.400	392	944	1002
Q04869	Q04869	100.000	349	349	349
Q04869	Q9SZ83	27.200	187	349	362
Q04869	Q9CY64	24.200	169	349	295
Q09718	Q09718	100.000	446	446	446
Q09718	P38700	23.300	622	446	605
Q09718	P38153	21.000	438	446	483
Q09718	Q8BZ60	23.300	313	446	895
Q09718	Q5XJY5	31.700	82	446	511
Q09718	P61924	23.000	169	446	177
P38354	P38354	100.000	144	144	144
P40468	P40468	100.000	2376	2376	2376
P40468	Q9HDV6	26.400	2295	2376	2196
P40468	O94915	19.500	2254	2376	3013
Q8BGY3	Q8BGY3	100.000	345	345	345
Q8BGY3	Q15431	27.100	166	345	976
Q8IWL3	Q8IWL3	100.000	235	235	235
Q8NBC4	Q8NBC4	100.000	194	194	194
Q9BT73	Q9BT73	100.000	122	122	122
Q9C103	Q9C103	100.000	735	735	735
Q9LW00	Q9LW00	100.000	254	254	254
Q9NWW5	Q9NWW5	100.000	311	311	311
Q9UKK6	Q9UKK6	100.000	140	140	140
O94439	O94439	100.000	728	728	728
O94439	Q07895	23.700	660	728	862
Q9FL82	Q9FL82	100.000	252	252	252
B7UM99	B7UM99	100.000	550	550	550
O75438	O75438	100.000	58	58	58
O94488	O94488	100.000	1115	1115	1115
O94488	O60039	22.300	1023	1115	1051
O94488	Q9D180	26.800	294	1115	1249
Q8TB03	Q8TB03	100.000	319	319	319
Q9BPX6	Q9BPX6	100.000	476	476	476
Q9BPX6	Q8IYU8	26.400	344	476	434
Q9P3W6	Q9P3W6	100.000	468	468	468
Q9P3W6	P38934	27.300	460	468	470
Q9VE34	Q9VE34	100.000	2455	2455	2455
Q9VE34	Q80TA9	23.500	2358	2455	2572
Q9VE34	Q18892	20.700	1975	2455	2352
Q9P4X2	Q9P4X2	100.000	298	298	298
Q9P4X2	P38130	25.000	307	298	404
B0G163	B0G163	100.000	978	978	978
B0G163	Q2QV94	23.900	797	978	806
B0G163	Q3TPX4	24.400	717	978	708
P35085	P35085	100.000	467	467	467
P35085	O04023	48.100	110	467	324
P47802	P47802	100.000	317	317	317
P47802	Q9VHB6	29.600	293	317	327
P47802	O88441	28.500	228	317	263
P47802	D3ZAT9	25.400	240	317	409
P47802	P50110	25.300	166	317	327
Q42525	Q42525	100.000	496	496	496
Q42525	Q06204	22.000	181	496	433
Q9LME8	Q9LME8	100.000	487	487	487
O74949	O74949	100.000	521	521	521
P53260	P53260	100.000	183	183	183
Q08CL8	Q08CL8	100.000	624	624	624
Q08CL8	Q9V3G6	27.700	443	624	635
Q99SZ7	Q99SZ7	100.000	347	347	347
Q99SZ7	P09835	28.800	232	347	500
Q99SZ7	P0AFA3	28.400	197	347	598
Q99SZ7	O53857	26.700	198	347	425
Q9M8W5	Q9M8W5	100.000	240	240	240
Q944K2	Q944K2	100.000	437	437	437
Q9LTH9	Q9LTH9	100.000	353	353	353
Q9LTH9	Q9BRY0	25.600	323	353	314
Q9LTH9	O82643	23.300	321	353	344
Q9LTH9	P32804	20.600	203	353	376
Q9VXP4	Q9VXP4	100.000	225	225	225
O43073	O43073	100.000	170	170	170
O43073	Q9CXL1	27.300	139	170	157
O74387	O74387	100.000	287	287	287
Q12092	Q12092	100.000	213	213	213
Q12765	Q12765	100.000	414	414	414
Q55418	Q55418	100.000	872	872	872
Q6ZVK1	Q6ZVK1	100.000	233	233	233
Q6ZVK1	Q7Z7N9	25.200	194	233	219
Q7UCT6	Q7UCT6	100.000	432	432	432
Q7UCT6	P38758	23.700	185	432	523
Q9Y7U1	Q9Y7U1	100.000	328	328	328
Q9Y7U1	P35735	23.600	279	328	353
B1XLK6	B1XLK6	100.000	425	425	425
O13855	O13855	100.000	455	455	455
O13855	P36119	26.700	418	455	530
O43736	O43736	100.000	263	263	263
O74782	O74782	100.000	307	307	307
O74782	P87132	27.500	160	307	601
P43573	P43573	100.000	796	796	796
P60154	P60154	100.000	184	184	184
Q04110	Q04110	100.000	302	302	302
Q13477	Q13477	100.000	382	382	382
Q5JTZ5	Q5JTZ5	100.000	239	239	239
O13951	O13951	100.000	277	277	277
O13951	Q07532	26.700	254	277	353
O45380	O45380	100.000	1229	1229	1229
O45380	Q00764	26.000	580	1229	495
P83369	P83369	100.000	360	360	360
Q04697	Q04697	100.000	403	403	403
Q28862	Q28862	100.000	310	310	310
Q96CG8	Q96CG8	100.000	243	243	243
Q9NUB4	Q9NUB4	100.000	165	165	165
Q9USP0	Q9USP0	100.000	341	341	341
A4FN31	A4FN31	100.000	178	178	178
A4FN31	P27181	28.800	142	178	179
B0R7F9	B0R7F9	100.000	492	492	492
P03275	P03275	100.000	582	582	582
Q9C5H6	Q9C5H6	100.000	405	405	405
Q9C5H6	Q9VMU8	26.800	317	405	388
Q9C5H6	Q9R0M8	26.000	345	405	390
Q9C5H6	Q9BS91	25.600	343	405	424
Q9FIN7	Q9FIN7	100.000	2376	2376	2376
Q9FIN7	A2RRP1	22.100	1739	2376	2371
P0AFH6	P0AFH6	100.000	302	302	302
P15265	P15265	100.000	143	143	143
I1HNB2	I1HNB2	100.000	675	675	675
O96923	O96923	100.000	1087	1087	1087
O96923	O46385	22.100	757	1087	2194
Q09230	Q09230	100.000	212	212	212
Q10MQ2	Q10MQ2	100.000	464	464	464
Q10MQ2	Q9C969	24.100	335	464	394
Q10MQ2	Q9S5G6	25.100	187	464	356
P03407	P03407	100.000	210	210	210
Q96HH6	Q96HH6	100.000	336	336	336
Q9SI93	Q9SI93	100.000	465	465	465
O13776	O13776	100.000	925	925	925
O13776	Q9P7M6	24.100	889	925	797
O13776	Q8IV36	24.000	895	925	788
O13776	Q9HDV3	21.700	622	925	688
P0AGJ1	P0AGJ1	100.000	458	458	458
P32828	P32828	100.000	619	619	619
Q5HFE5	Q5HFE5	100.000	86	86	86
Q5I0H4	Q5I0H4	100.000	188	188	188
Q5TA50	Q5TA50	100.000	214	214	214
Q5TA50	O64587	23.100	207	214	206
Q6NSI4	Q6NSI4	100.000	855	855	855
Q8CBY8	Q8CBY8	100.000	467	467	467
P05052	P05052	100.000	249	249	249
P13469	P13469	100.000	542	542	542
P13469	Q9LFD5	36.100	72	542	259
P25236	P25236	100.000	385	385	385
P30619	P30619	100.000	724	724	724
P30619	Q07327	24.800	591	724	597
P30619	O49048	21.200	508	724	569
P30619	Q9SL48	21.500	441	724	627
P38153	P38153	100.000	483	483	483
P38153	Q09718	21.400	467	483	446
P38153	P38700	25.300	138	483	605
P37455	P37455	100.000	172	172	172
P38484	P38484	100.000	337	337	337
P38484	Q08334	25.600	308	337	325
P38484	Q6UXL0	27.500	240	337	311
P38484	P17181	24.800	233	337	557
P50149	P50149	100.000	354	354	354
P69799	P69799	100.000	323	323	323
P75809	P75809	100.000	271	271	271
P75809	Q9UTA6	20.600	276	271	303
Q8N912	Q8N912	100.000	160	160	160
Q92TB0	Q92TB0	100.000	202	202	202
Q9BTL3	Q9BTL3	100.000	118	118	118
Q9P7B3	Q9P7B3	100.000	881	881	881
Q9P7B3	Q99385	22.400	449	881	411
Q9C7N2	Q9C7N2	100.000	561	561	561
Q9C7N2	P14222	25.000	184	561	555
Q3LI81	Q3LI81	100.000	207	207	207
Q94KD8	Q94KD8	100.000	768	768	768
G5EFS4	G5EFS4	100.000	311	311	311
O94927	O94927	100.000	633	633	633
P38216	P38216	100.000	128	128	128
Q8N766	Q8N766	100.000	993	993	993
Q8N766	P25574	23.300	583	993	760
Q9P2W1	Q9P2W1	100.000	217	217	217
Q9URT2	Q9URT2	100.000	752	752	752
C6Y4C6	C6Y4C6	100.000	153	153	153
F4JV80	F4JV80	100.000	155	155	155
F4JV80	O06492	24.700	89	155	96
Q08976	Q08976	100.000	102	102	102
Q0WL81	Q0WL81	100.000	1104	1104	1104
Q9C9X6	Q9C9X6	100.000	269	269	269
Q9M063	Q9M063	100.000	239	239	239
Q9QXN5	Q9QXN5	100.000	285	285	285
Q99LM9	Q99LM9	100.000	335	335	335
Q9D771	Q9D771	100.000	350	350	350
Q9JKK1	Q9JKK1	100.000	255	255	255
Q9JKK1	Q946Y7	27.800	251	255	245
Q9JKK1	Q9HGN3	24.500	253	255	225
Q9SL48	Q9SL48	100.000	627	627	627
Q9SL48	O49048	22.900	589	627	569
Q9SL48	Q07327	21.600	623	627	597
Q9SL48	P30619	21.700	455	627	724
A0JMF7	A0JMF7	100.000	794	794	794
A0JMF7	Q9VAP2	29.700	101	794	654
A0JMF7	Q94BP7	23.800	130	794	741
P53133	P53133	100.000	265	265	265
P67080	P67080	100.000	234	234	234
P9WHW5	P9WHW5	100.000	514	514	514
P9WHW5	P75525	26.000	246	514	259
Q05670	Q05670	100.000	677	677	677
Q15012	Q15012	100.000	233	233	233
Q15012	Q61168	26.300	262	233	261
Q9D219	Q9D219	100.000	1425	1425	1425
Q9D219	Q961D9	57.100	28	1425	1469
Q9VH89	Q9VH89	100.000	857	857	857
A6NF36	A6NF36	100.000	153	153	153
B6KAM0	B6KAM0	100.000	569	569	569
O13549	O13549	100.000	108	108	108
Q9C8C1	Q9C8C1	100.000	261	261	261
Q9FYL3	Q9FYL3	100.000	499	499	499
Q9FYL3	P9WIT5	26.300	243	499	366
Q9FYL3	Q8N8Q8	24.100	282	499	333
Q9LXB5	Q9LXB5	100.000	112	112	112
Q9P7M6	Q9P7M6	100.000	797	797	797
Q9P7M6	O13776	24.200	884	797	925
Q9P7M6	Q8IV36	24.600	852	797	788
Q9P7M6	Q9HDV3	23.800	441	797	688
Q9P7M6	Q06673	24.300	275	797	1274
O08816	O08816	100.000	501	501	501
P38207	P38207	100.000	520	520	520
P58854	P58854	100.000	905	905	905
P58854	Q9C5H9	26.000	553	905	678
P58854	P53540	24.900	409	905	846
P58854	Q9UGJ1	19.800	534	905	667
P58854	Q9VKU7	22.300	434	905	650
P58854	Q8BKN5	24.900	285	905	1024
P58854	P38863	20.400	401	905	823
Q3KC07	Q3KC07	100.000	151	151	151
Q3V036	Q3V036	100.000	639	639	639
Q6A0A9	Q6A0A9	100.000	1112	1112	1112
Q6A0A9	Q6RI63	24.900	826	1112	786
Q3V0X1	Q3V0X1	100.000	137	137	137
P68619	P68619	100.000	221	221	221
Q93YN0	Q93YN0	100.000	187	187	187
Q9BR10	Q9BR10	100.000	227	227	227
Q9FHI7	Q9FHI7	100.000	354	354	354
Q9FHI7	Q39214	24.600	235	354	926
Q12338	Q12338	100.000	110	110	110
Q2N2K3	Q2N2K3	100.000	300	300	300
Q43654	Q43654	100.000	647	647	647
Q9T0C6	Q9T0C6	100.000	333	333	333
Q9T0C6	Q9M096	21.400	289	333	301
O13899	O13899	100.000	595	595	595
O13899	Q9H0R4	29.200	113	595	259
Q8NBR9	Q8NBR9	100.000	251	251	251
Q99393	Q99393	100.000	312	312	312
Q9H8W2	Q9H8W2	100.000	130	130	130
Q9LSK9	Q9LSK9	100.000	136	136	136
Q9UUH8	Q9UUH8	100.000	166	166	166
Q9SQI2	Q9SQI2	100.000	1173	1173	1173
P9WFQ1	P9WFQ1	100.000	102	102	102
Q07468	Q07468	100.000	1049	1049	1049
Q07468	O13955	26.100	486	1049	905
Q07468	Q9VEA2	27.100	442	1049	876
Q07468	Q8WUH2	21.800	407	1049	860
Q9VPT4	Q9VPT4	100.000	717	717	717
Q9UTG3	Q9UTG3	100.000	452	452	452
Q92373	Q92373	100.000	279	279	279
Q96MF0	Q96MF0	100.000	132	132	132
Q9C5M1	Q9C5M1	100.000	229	229	229
Q9HE88	Q9HE88	100.000	1111	1111	1111
Q9HE88	O74562	23.100	1016	1111	1073
Q9HE88	Q96A65	22.000	961	1111	974
Q9HE88	P32855	20.500	958	1111	1065
Q9HE88	Q93YU5	20.100	1023	1111	1053
Q9HE88	Q9XWS2	17.900	916	1111	893
O13563	O13563	100.000	156	156	156
O13563	Q9USM1	27.600	134	156	388
Q9LDL7	Q9LDL7	100.000	490	490	490
Q9LDL7	Q9LRW3	28.900	380	490	510
Q9STV0	Q9STV0	100.000	1278	1278	1278
Q9STV0	Q2QTC2	23.900	630	1278	1206
O32504	O32504	100.000	300	300	300
O53718	O53718	100.000	284	284	284
P00509	P00509	100.000	396	396	396
Q02457	Q02457	100.000	562	562	562
Q09142	Q09142	100.000	535	535	535
Q09142	P32833	29.600	381	535	620
Q17426	Q17426	100.000	577	577	577
Q17426	Q96PZ0	28.400	563	577	661
Q17426	Q980V2	24.800	390	577	377
Q53HL2	Q53HL2	100.000	280	280	280
Q5FVN1	Q5FVN1	100.000	333	333	333
Q5FVN1	Q2QTC2	30.500	95	333	1206
Q8VHI4	Q8VHI4	100.000	689	689	689
Q9CWM4	Q9CWM4	100.000	122	122	122
Q9CWM4	P46988	30.900	84	122	109
Q9D6Y4	Q9D6Y4	100.000	120	120	120
Q9GZE9	Q9GZE9	100.000	426	426	426
Q9V9U4	Q9V9U4	100.000	302	302	302
Q12891	Q12891	100.000	473	473	473
Q3TUL7	Q3TUL7	100.000	519	519	519
Q5VSG8	Q5VSG8	100.000	457	457	457
Q6P8I4	Q6P8I4	100.000	178	178	178
Q6PIP5	Q6PIP5	100.000	582	582	582
Q9XIA4	Q9XIA4	100.000	547	547	547
I6WXK4	I6WXK4	100.000	276	276	276
O31663	O31663	100.000	397	397	397
O75665	O75665	100.000	1012	1012	1012
P04832	P04832	100.000	67	67	67
A3KMH1	A3KMH1	100.000	1905	1905	1905
A3KMH1	Q9NU22	20.300	760	1905	5596
P33197	P33197	100.000	496	496	496
P40465	P40465	100.000	213	213	213
P46993	P46993	100.000	209	209	209
P53072	P53072	100.000	289	289	289
P53072	P87151	29.600	256	289	287
P53072	Q9VZD8	26.700	292	289	324
Q3UBG2	Q3UBG2	100.000	217	217	217
Q3UBG2	Q6ZT52	26.700	153	217	329
Q5GH64	Q5GH64	100.000	580	580	580
Q5GH64	P51811	26.000	257	580	444
Q86X59	Q86X59	100.000	251	251	251
Q8C5P7	Q8C5P7	100.000	182	182	182
Q8MMC4	Q8MMC4	100.000	271	271	271
Q8CF89	Q8CF89	100.000	502	502	502
Q8CF89	G5EEM6	24.500	355	502	386
Q8TBE3	Q8TBE3	100.000	224	224	224
Q92328	Q92328	100.000	271	271	271
Q92328	A5DAR4	29.300	365	271	362
Q92328	Q92377	28.600	297	271	273
Q96EI5	Q96EI5	100.000	215	215	215
Q96M11	Q96M11	100.000	299	299	299
Q9D3J9	Q9D3J9	100.000	298	298	298
Q9H0A9	Q9H0A9	100.000	340	340	340
Q9NVN3	Q9NVN3	100.000	520	520	520
Q9NVN3	Q9GSX9	23.600	495	520	566
Q9UHJ9	Q9UHJ9	100.000	254	254	254
Q9UHJ9	Q9UHJ9	100.000	254	254	254
Q9VD74	Q9VD74	100.000	397	397	397
Q9VD74	Q9VD76	23.600	322	397	419
P39531	P39531	100.000	840	840	840
P39531	O74854	25.500	735	840	872
P53280	P53280	100.000	1122	1122	1122
Q06263	Q06263	100.000	330	330	330
Q12502	Q12502	100.000	818	818	818
Q12502	O60150	25.700	229	818	361
Q659A1	Q659A1	100.000	982	982	982
Q05788	Q05788	100.000	311	311	311
Q19970	Q19970	100.000	896	896	896
Q5PQR4	Q5PQR4	100.000	376	376	376
Q64356	Q64356	100.000	99	99	99
Q64356	P02783	32.100	112	99	112
Q6AY82	Q6AY82	100.000	250	250	250
P40452	P40452	100.000	197	197	197
P46958	P46958	100.000	469	469	469
P89102	P89102	100.000	971	971	971
P89102	F4HWE6	19.500	220	971	1090
Q5XJY5	Q5XJY5	100.000	511	511	511
Q5XJY5	Q09718	31.700	82	511	446
Q8CCB4	Q8CCB4	100.000	832	832	832
Q8CCB4	P87129	25.200	755	832	756
Q8CCB4	P47061	20.700	791	832	822
Q8BQB6	Q8BQB6	100.000	394	394	394
Q8NA31	Q8NA31	100.000	727	727	727
Q9H091	Q9H091	100.000	742	742	742
F4IMQ0	F4IMQ0	100.000	288	288	288
F4IMQ0	Q9C717	28.900	183	288	283
G5EEM6	G5EEM6	100.000	386	386	386
G5EEM6	Q8CF89	24.300	357	386	502
O13711	O13711	100.000	267	267	267
O74878	O74878	100.000	471	471	471
P39012	P39012	100.000	614	614	614
Q42381	Q42381	100.000	403	403	403
Q9FMB4	Q9FMB4	100.000	796	796	796
Q8IWV7	Q8IWV7	100.000	1749	1749	1749
Q8IWV7	P91133	27.000	2003	1749	2058
Q8IWV7	O60152	23.000	1953	1749	1958
Q8IWV7	Q6ZT12	21.200	1885	1749	1888
Q8IWV7	F4KCC2	21.800	2075	1749	2006
Q8IWV7	P19812	20.200	1331	1749	1950
Q8IWV7	Q07963	19.600	1494	1749	1872
Q6ZRC1	Q6ZRC1	100.000	1508	1508	1508
A4D126	A4D126	100.000	451	451	451
A4D126	Q8Y832	29.600	233	451	236
A4D126	A1KPR8	29.000	234	451	231
O95619	O95619	100.000	227	227	227
P0ABR3	P0ABR3	100.000	81	81	81
O59755	O59755	100.000	548	548	548
O94683	O94683	100.000	238	238	238
O94683	Q23314	28.900	128	238	270
P0C7V0	P0C7V0	100.000	271	271	271
P24392	P24392	100.000	305	305	305
P24392	P32800	22.300	291	305	271
P40050	P40050	100.000	688	688	688
Q12276	Q12276	100.000	1246	1246	1246
Q12276	P43638	27.600	764	1246	1398
Q5T655	Q5T655	100.000	872	872	872
Q5T655	Q8IYE0	22.900	361	872	955
Q6ZPR1	Q6ZPR1	100.000	541	541	541
Q8BTE0	Q8BTE0	100.000	104	104	104
Q8IXS2	Q8IXS2	100.000	484	484	484
Q8IXS2	Q96MC2	21.100	269	484	740
Q6P6M5	Q6P6M5	100.000	241	241	241
Q7RTX7	Q7RTX7	100.000	472	472	472
Q8K305	Q8K305	100.000	281	281	281
Q8NCQ2	Q8NCQ2	100.000	148	148	148
Q8R570	Q8R570	100.000	413	413	413
Q69ZS8	Q69ZS8	100.000	779	779	779
Q8C167	Q8C167	100.000	725	725	725
Q8C167	P48147	24.800	511	725	710
Q9NPB0	Q9NPB0	100.000	183	183	183
Q9SBJ1	Q9SBJ1	100.000	366	366	366
Q9SBJ1	P53170	23.100	401	366	491
Q9SBJ1	P40530	24.300	316	366	394
F4K4L7	F4K4L7	100.000	852	852	852
Q3K2B6	Q3K2B6	100.000	574	574	574
Q502M5	Q502M5	100.000	507	507	507
Q502M5	A0A1D8PM93	26.900	368	507	512
Q502M5	P39998	23.300	274	507	551
Q5DP50	Q5DP50	100.000	351	351	351
Q63425	Q63425	100.000	1383	1383	1383
Q63425	Q8IVF2	26.100	1584	1383	5795
Q6ZVL8	Q6ZVL8	100.000	140	140	140
Q12143	Q12143	100.000	216	216	216
Q12465	Q12465	100.000	1220	1220	1220
Q5HFH5	Q5HFH5	100.000	83	83	83
Q5I0L7	Q5I0L7	100.000	350	350	350
Q5I0L7	Q9LMH0	28.900	338	350	302
Q5I0L7	P34253	24.100	389	350	313
Q5XIN9	Q5XIN9	100.000	651	651	651
P38878	P38878	100.000	278	278	278
Q06640	Q06640	100.000	478	478	478
Q3TNU4	Q3TNU4	100.000	584	584	584
Q95Q34	Q95Q34	100.000	529	529	529
Q95Q34	O28471	25.000	244	529	258
Q9LS25	Q9LS25	100.000	711	711	711
Q9LS25	Q9S7Q2	23.100	523	711	862
Q9LS25	Q9FLD8	23.100	444	711	678
Q9LS25	O82178	27.600	362	711	591
Q9LS25	Q9SAK0	22.600	583	711	836
Q9LS25	Q9LS88	23.000	394	711	842
Q9LS25	Q9LKU8	23.700	375	711	766
Q9LS25	Q9LW84	24.700	364	711	642
Q9LS25	Q8RWS8	25.800	344	711	822
Q9LS25	O80958	24.300	308	711	867
Q9LS25	Q0WMY5	27.000	300	711	952
Q9LS25	Q9SS81	21.800	348	711	687
Q9LS25	Q9FRS4	24.000	408	711	559
Q9LS25	Q9SSR4	22.300	399	711	819
Q9LS25	Q9LR67	25.000	316	711	660
Q9LS25	Q9SQU6	22.500	382	711	486
Q9LS25	Q0WLC6	22.100	420	711	1089
Q9LS25	Q9LMY5	20.300	320	711	826
Q9LS25	Q9MAG8	21.800	325	711	471
Q9LS25	O81028	25.300	395	711	799
Q9LS25	Q9LVA2	23.800	486	711	982
Q9LS25	Q9ZUU3	24.600	296	711	757
Q9LS25	Q9M3A8	25.100	310	711	629
Q9LS25	Q3EDA9	22.700	334	711	608
Q9LS25	Q9SVH3	21.100	331	711	727
Q9LS25	Q9M4P3	22.100	384	711	656
Q9LS25	Q9FMU2	22.400	299	711	634
Q9LS25	Q9SNB7	25.700	237	711	665
Q9LS25	Q3ECH5	20.900	387	711	544
Q9LS25	Q9M2C8	21.400	313	711	498
Q9LS25	Q9SA76	23.200	306	711	1006
Q9LS25	P0C896	25.700	284	711	576
Q9LS25	O49711	21.000	275	711	843
Q9LS25	Q9LSK8	22.400	299	711	688
Q9LS25	B3H4P1	25.200	242	711	661
Q9LS25	Q9ZUU7	21.100	317	711	462
Q9LS25	Q9SGQ6	23.400	183	711	773
Q9LS25	O23278	21.400	214	711	501
Q9LS25	O49343	23.000	273	711	452
Q9LS25	Q9FZD1	18.800	467	711	630
Q9LS25	Q9SKU6	18.300	234	711	490
Q9LS25	P32522	19.400	381	711	965
Q9LS25	P48237	27.100	92	711	864
Q9SVH3	Q9SVH3	100.000	727	727	727
Q9SVH3	Q9FMF6	23.700	598	727	730
Q9SVH3	Q9SS81	22.900	561	727	687
Q9SVH3	Q9LR67	23.100	567	727	660
Q9SVH3	Q9SSR4	24.400	499	727	819
Q9SVH3	Q9LW84	24.600	540	727	642
Q9SVH3	Q9SAD9	22.400	490	727	517
Q9SVH3	Q9LKU8	25.500	454	727	766
Q9SVH3	O80958	21.800	544	727	867
Q9SVH3	Q9LMY5	22.900	575	727	826
Q9SVH3	Q9ZUU3	21.500	570	727	757
Q9SVH3	Q9FMU2	22.700	602	727	634
Q9SVH3	Q0WMY5	21.900	438	727	952
Q9SVH3	Q9SAK0	22.300	420	727	836
Q9SVH3	Q9S7Q2	21.500	530	727	862
Q9SVH3	O81028	23.800	465	727	799
Q9SVH3	Q9FRS4	22.000	454	727	559
Q9SVH3	Q9LVA2	21.100	468	727	982
Q9SVH3	Q9LSK8	23.200	503	727	688
Q9SVH3	O82178	23.500	399	727	591
Q9SVH3	Q8RWS8	21.500	576	727	822
Q9SVH3	Q3EDA9	22.300	541	727	608
Q9SVH3	Q9MAG8	26.700	322	727	471
Q9SVH3	Q9LS88	21.000	599	727	842
Q9SVH3	Q3ECH5	20.100	471	727	544
Q9SVH3	Q9M3A8	23.400	282	727	629
Q9SVH3	Q9FLD8	19.200	499	727	678
Q9SVH3	Q9SQU6	21.100	360	727	486
Q9SVH3	Q9M2C8	19.800	489	727	498
Q9SVH3	Q9LS25	21.800	256	727	711
Q9SVH3	Q9M4P3	20.500	409	727	656
Q9SVH3	P0C896	21.200	349	727	576
Q9SVH3	Q9SNB7	22.900	257	727	665
Q9SVH3	Q9ZUU7	21.500	316	727	462
Q9SVH3	Q9SA76	22.500	231	727	1006
Q9SVH3	B3H4P1	21.800	325	727	661
Q9SVH3	O49711	21.300	360	727	843
Q9SVH3	Q9SKU6	17.900	279	727	490
Q9SVH3	Q9FZD1	20.900	362	727	630
Q9SVH3	Q8LPF1	19.300	449	727	668
Q9SVH3	Q9SGQ6	24.500	118	727	773
Q9SVH3	Q9SA60	18.200	219	727	793
O34660	O34660	100.000	495	495	495
O34660	P0A9Q8	22.600	282	495	891
P16127	P16127	100.000	424	424	424
P35198	P35198	100.000	433	433	433
P43618	P43618	100.000	361	361	361
A6NEN9	A6NEN9	100.000	183	183	183
F4JHH5	F4JHH5	100.000	787	787	787
F4JHH5	Q9VDE6	23.500	772	787	766
F4JHH5	P22224	18.500	534	787	910
P81277	P81277	100.000	87	87	87
Q0ZLH2	Q0ZLH2	100.000	352	352	352
Q0ZLH2	Q96QA5	25.300	233	352	445
Q94A08	Q94A08	100.000	773	773	773
Q9HA64	Q9HA64	100.000	309	309	309
Q9QY93	Q9QY93	100.000	170	170	170
Q9UG01	Q9UG01	100.000	1749	1749	1749
Q12108	Q12108	100.000	567	567	567
Q9WVM3	Q9WVM3	100.000	565	565	565
P10914	P10914	100.000	325	325	325
P32525	P32525	100.000	599	599	599
P37779	P37779	100.000	292	292	292
P37779	Q8Y832	43.300	53	292	236
P40541	P40541	100.000	1150	1150	1150
P40541	Q92380	21.800	357	1150	923
P61808	P61808	100.000	88	88	88
Q9GYD9	Q9GYD9	100.000	162	162	162
Q9HDY5	Q9HDY5	100.000	294	294	294
Q9SCK2	Q9SCK2	100.000	97	97	97
Q9SJ02	Q9SJ02	100.000	202	202	202
Q9US08	Q9US08	100.000	1028	1028	1028
Q9V466	Q9V466	100.000	845	845	845
Q9V466	P52891	23.700	577	845	726
F4IYF8	F4IYF8	100.000	883	883	883
F4IYF8	O32039	23.100	458	883	424
P0DPB4	P0DPB4	100.000	484	484	484
P0DPB4	P0DPB4	100.000	484	484	484
P26310	P26310	100.000	93	93	93
P39106	P39106	100.000	762	762	762
P39106	P53059	26.700	508	762	558
P75542	P75542	100.000	166	166	166
P9WJ69	P9WJ69	100.000	101	101	101
P9WM30	P9WM30	100.000	161	161	161
Q01454	Q01454	100.000	927	927	927
Q09267	Q09267	100.000	435	435	435
P46327	P46327	100.000	330	330	330
P46327	Q7K4H4	22.400	250	330	653
P9WJ85	P9WJ85	100.000	77	77	77
P9WM43	P9WM43	100.000	113	113	113
P9WNQ1	P9WNQ1	100.000	467	467	467
P9WNQ1	P9WNQ3	26.900	486	467	472
Q09915	Q09915	100.000	1365	1365	1365
Q09915	A8MS85	26.900	1456	1365	1647
O35826	O35826	100.000	722	722	722
O35826	P50456	25.800	255	722	406
O35826	P45425	26.500	316	722	291
O35826	P9WIN1	27.100	166	722	265
P36038	P36038	100.000	271	271	271
P42248	P42248	100.000	128	128	128
P46582	P46582	100.000	1024	1024	1024
Q03063	Q03063	100.000	452	452	452
P39111	P39111	100.000	118	118	118
P40214	P40214	100.000	342	342	342
P46664	P46664	100.000	456	456	456
P74662	P74662	100.000	152	152	152
P78953	P78953	100.000	920	920	920
P78953	Q9P7Y8	19.300	392	920	706
P01210	P01210	100.000	267	267	267
P13838	P13838	100.000	378	378	378
P23624	P23624	100.000	291	291	291
P36051	P36051	100.000	919	919	919
P36051	Q5H8A4	23.200	395	919	983
P54304	P54304	100.000	379	379	379
P54304	O14023	24.700	242	379	544
B2RXC1	B2RXC1	100.000	1133	1133	1133
P0AG83	P0AG83	100.000	346	346	346
P0AG83	P46338	25.700	229	346	300
P20458	P20458	100.000	72	72	72
P26955	P26955	100.000	896	896	896
P26955	Q63257	25.200	273	896	801
P26955	P31785	22.300	215	896	369
P26955	Q01344	22.300	380	896	420
P39121	P39121	100.000	223	223	223
Q86V88	Q86V88	100.000	176	176	176
Q8IUC6	Q8IUC6	100.000	712	712	712
Q91XD4	Q91XD4	100.000	541	541	541
Q9M086	Q9M086	100.000	1883	1883	1883
Q9M086	Q80TR8	29.000	1385	1883	1506
Q10424	Q10424	100.000	330	330	330
Q14264	Q14264	100.000	604	604	604
Q14264	P60508	25.300	193	604	538
Q14264	Q9H9K5	24.600	199	604	563
Q64362	Q64362	100.000	292	292	292
Q64362	P61077	28.000	89	292	147
Q6GQU0	Q6GQU0	100.000	248	248	248
Q6PAN7	Q6PAN7	100.000	307	307	307
Q6ZS72	Q6ZS72	100.000	473	473	473
Q6ZS72	D3ZMK9	25.000	487	473	1368
P14222	P14222	100.000	555	555	555
Q04608	Q04608	100.000	324	324	324
Q10145	Q10145	100.000	738	738	738
Q41951	Q41951	100.000	250	250	250
Q92325	Q92325	100.000	660	660	660
Q9LVA2	Q9LVA2	100.000	982	982	982
Q9LVA2	O80958	23.800	626	982	867
Q9LVA2	Q9FMF6	24.400	618	982	730
Q9LVA2	Q9LMY5	25.300	652	982	826
Q9LVA2	Q9SS81	23.000	673	982	687
Q9LVA2	Q9SAD9	26.800	466	982	517
Q9LVA2	Q9SSR4	23.500	645	982	819
Q9LVA2	Q9LW84	26.400	469	982	642
Q9LVA2	Q9LKU8	23.000	626	982	766
Q9LVA2	Q0WMY5	22.500	635	982	952
Q9LVA2	O81028	22.000	639	982	799
Q9LVA2	Q9LR67	27.500	385	982	660
Q9LVA2	Q9FRS4	25.000	396	982	559
Q9LVA2	Q8RWS8	23.400	495	982	822
Q9LVA2	Q9LSK8	23.200	715	982	688
Q9LVA2	Q9MAG8	24.600	446	982	471
Q9LVA2	Q9S7Q2	23.600	448	982	862
Q9LVA2	Q3EDA9	22.700	443	982	608
Q9LVA2	Q9LS88	23.600	422	982	842
Q9LVA2	Q9SVH3	21.700	468	982	727
Q9LVA2	O82178	24.200	416	982	591
Q9LVA2	Q9FLD8	22.100	411	982	678
Q9LVA2	Q0WLC6	19.400	391	982	1089
Q9LVA2	Q3ECH5	22.000	404	982	544
Q9LVA2	Q9ZUU3	23.500	420	982	757
Q9LVA2	Q9SAK0	24.800	245	982	836
Q9LVA2	P0C896	25.700	384	982	576
Q9LVA2	Q9LS25	23.300	484	982	711
Q9LVA2	Q9FMU2	21.100	488	982	634
Q9LVA2	Q9ZUU7	22.800	245	982	462
Q9LVA2	Q9M3A8	20.500	414	982	629
Q9LVA2	Q9SNB7	21.300	618	982	665
Q9LVA2	Q9M4P3	20.500	409	982	656
Q9LVA2	Q9M2C8	27.400	211	982	498
Q9LVA2	Q9SQU6	21.200	377	982	486
Q9LVA2	Q9SA76	21.000	385	982	1006
Q9LVA2	Q9FZD1	21.100	436	982	630
Q9LVA2	O49711	21.200	193	982	843
Q9LVA2	B3H4P1	21.200	414	982	661
Q9LVA2	O23278	19.100	172	982	501
Q9LVA2	Q8LPF1	21.800	375	982	668
Q9LVA2	Q9SA60	20.100	358	982	793
Q9LVA2	Q9SKU6	21.300	337	982	490
Q9LVA2	O49343	24.800	185	982	452
Q9LVA2	Q9SGQ6	22.200	175	982	773
A2RUQ5	A2RUQ5	100.000	167	167	167
C0H3R1	C0H3R1	100.000	81	81	81
D3ZMK9	D3ZMK9	100.000	1368	1368	1368
D3ZMK9	Q6ZS72	25.500	458	1368	473
O75711	O75711	100.000	98	98	98
Q9D4V3	Q9D4V3	100.000	305	305	305
Q9M812	Q9M812	100.000	156	156	156
Q9US26	Q9US26	100.000	351	351	351
O35685	O35685	100.000	332	332	332
O35685	Q9CQ48	27.400	91	332	157
P33215	P33215	100.000	660	660	660
P33215	P38262	21.500	278	660	535
P33215	Q9DB94	27.800	176	660	358
P33215	Q9M086	26.700	157	660	1883
Q8WVR3	Q8WVR3	100.000	580	580	580
Q99525	Q99525	100.000	98	98	98
Q9BQD3	Q9BQD3	100.000	176	176	176
Q9CZ82	Q9CZ82	100.000	208	208	208
Q9H5Q4	Q9H5Q4	100.000	396	396	396
E5RQL4	E5RQL4	100.000	147	147	147
F4KFG5	F4KFG5	100.000	369	369	369
O60039	O60039	100.000	1051	1051	1051
O60039	O94488	21.700	1023	1051	1115
O60039	Q92351	38.500	57	1051	1208
P07670	P07670	100.000	370	370	370
P38874	P38874	100.000	309	309	309
O14329	O14329	100.000	386	386	386
O14329	P53735	29.500	220	386	605
O65680	O65680	100.000	279	279	279
O88310	O88310	100.000	313	313	313
P25616	P25616	100.000	317	317	317
P25616	F4KFT7	21.500	334	317	617
Q06524	Q06524	100.000	206	206	206
Q06524	Q99373	25.000	164	206	253
P0A955	P0A955	100.000	213	213	213
P17122	P17122	100.000	198	198	198
P32901	P32901	100.000	601	601	601
P32901	O09014	24.900	522	601	572
P32901	Q93Z20	23.700	523	601	590
P32901	A6NIM6	23.000	507	601	579
P47101	P47101	100.000	745	745	745
P47101	P46987	26.300	391	745	611
P59999	P59999	100.000	168	168	168
P50109	P50109	100.000	593	593	593
P58191	P58191	100.000	62	62	62
P63224	P63224	100.000	192	192	192
P82914	P82914	100.000	257	257	257
Q03771	Q03771	100.000	387	387	387
Q9I3I5	Q9I3I5	100.000	289	289	289
Q9W1V6	Q9W1V6	100.000	683	683	683
P24521	P24521	100.000	451	451	451
Q4FZF2	Q4FZF2	100.000	204	204	204
Q9BQI4	Q9BQI4	100.000	270	270	270
O48528	O48528	100.000	159	159	159
O48528	Q9ZV24	33.700	83	159	148
O59787	O59787	100.000	561	561	561
O59787	P38688	21.300	608	561	640
O59787	P91240	21.200	559	561	635
P37271	P37271	100.000	422	422	422
P37271	P37295	24.700	359	422	602
P37271	Q330K2	21.400	210	422	333
P59230	P59230	100.000	216	216	216
P59230	P35024	29.700	195	216	221
P59230	Q97EG6	27.500	200	216	229
P59230	Q8BVY0	23.700	236	216	452
Q00LT1	Q00LT1	100.000	54	54	54
O13808	O13808	100.000	141	141	141
O13808	Q12156	29.600	125	141	149
O94309	O94309	100.000	72	72	72
P05090	P05090	100.000	189	189	189
P05090	Q9STS7	28.400	172	189	353
P46670	P46670	100.000	268	268	268
Q07888	Q07888	100.000	1374	1374	1374
A0A0H2WWV6	A0A0H2WWV6	100.000	493	493	493
A0A0H2WWV6	P13484	26.500	513	493	673
G5ECL4	G5ECL4	100.000	1007	1007	1007
P15975	P15975	100.000	1069	1069	1069
P47146	P47146	100.000	123	123	123
P52042	P52042	100.000	379	379	379
Q9MAU3	Q9MAU3	100.000	549	549	549
A8DMN5	A8DMN5	100.000	302	302	302
A8DMN5	Q9FG14	43.500	62	302	518
F4IIZ9	F4IIZ9	100.000	492	492	492
O74808	O74808	100.000	1238	1238	1238
Q9BRV3	Q9BRV3	100.000	221	221	221
Q9BRV3	Q9FM10	23.600	207	221	240
Q66H03	Q66H03	100.000	433	433	433
Q83LF6	Q83LF6	100.000	217	217	217
Q83LF6	P55986	26.100	195	217	262
Q8K2A7	Q8K2A7	100.000	710	710	710
Q9D8U0	Q9D8U0	100.000	441	441	441
Q9D8U0	O42973	28.900	183	441	446
Q9V468	Q9V468	100.000	1260	1260	1260
Q09856	Q09856	100.000	542	542	542
Q3E835	Q3E835	100.000	90	90	90
Q3E835	Q8N2Z9	28.700	66	90	138
Q3UJK4	Q3UJK4	100.000	602	602	602
Q3UJK4	P53013	22.000	422	602	463
Q96AQ9	Q96AQ9	100.000	280	280	280
Q9C614	Q9C614	100.000	595	595	595
Q9C614	P10867	23.300	497	595	440
P23479	P23479	100.000	391	391	391
P33308	P33308	100.000	149	149	149
P36040	P36040	100.000	267	267	267
P39723	P39723	100.000	622	622	622
P40492	P40492	100.000	516	516	516
P40492	Q7L5Y9	21.800	458	516	396
Q5ADL8	Q5ADL8	100.000	467	467	467
Q5PQP2	Q5PQP2	100.000	213	213	213
Q5XIK6	Q5XIK6	100.000	481	481	481
Q6NS45	Q6NS45	100.000	935	935	935
Q80UU2	Q80UU2	100.000	280	280	280
P32583	P32583	100.000	406	406	406
P32905	P32905	100.000	252	252	252
P39579	P39579	100.000	78	78	78
P40140	P40140	100.000	146	146	146
P40457	P40457	100.000	1679	1679	1679
P40457	Q02455	29.000	1571	1679	1875
P40457	O74424	22.500	961	1679	1837
P40457	F1MA98	20.900	1338	1679	2360
P40457	A1Z8P9	27.600	326	1679	2346
P40457	F4JZY1	22.600	886	1679	1586
P40457	P32380	23.300	671	1679	944
P40457	A4GSN8	21.800	1153	1679	2093
P40457	Q11102	24.300	609	1679	1130
P40457	Q9UTK5	21.800	862	1679	1727
P40457	O96133	23.000	724	1679	1979
P40457	O96133	23.000	724	1679	1979
Q9CGW5	Q9CGW5	100.000	72	72	72
Q9CZV5	Q9CZV5	100.000	412	412	412
Q9NV35	Q9NV35	100.000	164	164	164
Q9VW12	Q9VW12	100.000	125	125	125
Q9Z0P4	Q9Z0P4	100.000	383	383	383
Q6UX01	Q6UX01	100.000	489	489	489
Q6UX01	P34535	26.500	660	489	737
Q8GP19	Q8GP19	100.000	469	469	469
Q8GP19	D0ZV89	24.000	275	469	487
Q96RT6	Q96RT6	100.000	745	745	745
Q96RT6	Q8BI84	28.200	538	745	1930
Q9P7P0	Q9P7P0	100.000	675	675	675
C6KSS5	C6KSS5	100.000	2752	2752	2752
O13955	O13955	100.000	905	905	905
O13955	Q9VEA2	22.000	943	905	876
O13955	Q07468	26.100	486	905	1049
O13955	Q8WUH2	21.500	701	905	860
O13955	F4I312	21.400	471	905	984
Q23064	Q23064	100.000	1041	1041	1041
Q9Y625	Q9Y625	100.000	555	555	555
Q9Y625	P78333	27.700	443	555	572
O32162	O32162	100.000	465	465	465
O32162	O32165	27.500	421	465	437
O32162	Q55792	19.900	301	465	453
P31658	P31658	100.000	283	283	283
P03146	P03146	100.000	183	183	183
Q99JA0	Q99JA0	100.000	128	128	128
Q9C992	Q9C992	100.000	460	460	460
Q9C992	P13114	21.600	287	460	395
A0PJW8	A0PJW8	100.000	107	107	107
A8MT69	A8MT69	100.000	81	81	81
P47044	P47044	100.000	245	245	245
P53707	P53707	100.000	321	321	321
P54452	P54452	100.000	172	172	172
P54452	Q9LXR9	29.100	175	172	348
P72849	P72849	100.000	240	240	240
P9WHN5	P9WHN5	100.000	64	64	64
O94361	O94361	100.000	350	350	350
O94361	Q91YX5	24.500	179	350	370
P18405	P18405	100.000	259	259	259
P58467	P58467	100.000	439	439	439
P58467	Q86TU7	23.500	353	439	594
P58467	Q03942	21.200	466	439	479
P58467	P38732	25.900	266	439	585
P58467	Q8TBK2	22.800	341	439	473
P58467	Q08961	37.700	98	439	583
Q2V2P1	Q2V2P1	100.000	62	62	62
Q39161	Q39161	100.000	586	586	586
Q96LM9	Q96LM9	100.000	149	149	149
Q9LEZ4	Q9LEZ4	100.000	326	326	326
Q9NLA6	Q9NLA6	100.000	487	487	487
A8MVS5	A8MVS5	100.000	230	230	230
O42984	O42984	100.000	131	131	131
D3ZVR7	D3ZVR7	100.000	201	201	201
D3ZVR7	Q9D1A0	28.100	188	201	226
O13515	O13515	100.000	117	117	117
O35658	O35658	100.000	278	278	278
O35658	Q21018	28.800	163	278	236
O70601	O70601	100.000	241	241	241
O75787	O75787	100.000	350	350	350
Q8NFU0	Q8NFU0	100.000	473	473	473
Q91WR3	Q91WR3	100.000	749	749	749
Q9C101	Q9C101	100.000	554	554	554
Q9C101	Q8TCC7	22.500	426	554	542
Q9C101	Q10917	19.100	480	554	484
Q9H967	Q9H967	100.000	626	626	626
Q9H967	Q12510	24.400	535	626	522
Q9VGB5	Q9VGB5	100.000	487	487	487
Q9VGB5	Q9VYQ5	22.900	531	487	536
Q9VGB5	Q9VUF8	21.500	464	487	540
Q3UTD9	Q3UTD9	100.000	74	74	74
A2T3Q9	A2T3Q9	100.000	198	198	198
Q93W93	Q93W93	100.000	434	434	434
Q93W93	Q9LMR5	26.700	307	434	359
Q93W93	Q8CA72	30.100	196	434	597
Q93W93	Q9NVR0	25.000	96	434	708
Q9FYC2	Q9FYC2	100.000	537	537	537
Q9UBM1	Q9UBM1	100.000	199	199	199
Q4J8I9	Q4J8I9	100.000	249	249	249
Q5SZT7	Q5SZT7	100.000	395	395	395
Q60765	Q60765	100.000	181	181	181
Q68FX7	Q68FX7	100.000	682	682	682
Q68FX7	Q9W1F4	28.900	625	682	616
Q68FX7	F4K4J0	28.600	516	682	819
Q86TU7	Q86TU7	100.000	594	594	594
Q86TU7	Q8TBK2	26.400	405	594	473
Q86TU7	P58467	23.500	373	594	439
Q86TU7	P38732	21.200	358	594	585
Q86TU7	Q12504	20.000	275	594	494
Q86TU7	Q9P6L2	22.500	332	594	468
H7C241	H7C241	100.000	214	214	214
Q10221	Q10221	100.000	345	345	345
Q3E9Z8	Q3E9Z8	100.000	398	398	398
Q3E9Z8	Q9FVV8	26.200	366	398	392
Q3E9Z8	Q9SFC7	26.700	310	398	417
Q9H0H9	Q9H0H9	100.000	118	118	118
Q9LN62	Q9LN62	100.000	428	428	428
Q8BGJ3	Q8BGJ3	100.000	129	129	129
Q8BQP8	Q8BQP8	100.000	635	635	635
Q8GZA4	Q8GZA4	100.000	425	425	425
Q8NA66	Q8NA66	100.000	436	436	436
Q8NA66	Q96M20	19.500	123	436	576
Q8WY22	Q8WY22	100.000	251	251	251
P36103	P36103	100.000	277	277	277
P38250	P38250	100.000	946	946	946
P38250	O13621	24.500	506	946	668
P38250	P86044	26.700	153	946	747
P53850	P53850	100.000	401	401	401
Q02354	Q02354	100.000	440	440	440
Q53H54	Q53H54	100.000	448	448	448
Q53H54	P38793	32.500	89	448	499
Q9CWD0	Q9CWD0	100.000	151	151	151
Q9HE01	Q9HE01	100.000	168	168	168
Q9LFA4	Q9LFA4	100.000	456	456	456
Q9SD20	Q9SD20	100.000	430	430	430
Q9Y7V1	Q9Y7V1	100.000	198	198	198
Q9US24	Q9US24	100.000	132	132	132
Q9XWN6	Q9XWN6	100.000	709	709	709
Q9XWN6	Q9XTT4	24.400	315	709	1159
A8WCF8	A8WCF8	100.000	266	266	266
O14562	O14562	100.000	309	309	309
O43030	O43030	100.000	287	287	287
O43030	Q9H173	30.700	114	287	461
Q20497	Q20497	100.000	3498	3498	3498
Q20497	Q86YW9	20.600	1421	3498	2145
Q03629	Q03629	100.000	201	201	201
Q10033	Q10033	100.000	279	279	279
Q12405	Q12405	100.000	387	387	387
Q49AM1	Q49AM1	100.000	385	385	385
Q49AM1	B9EJ57	28.400	334	385	379
Q93Y35	Q93Y35	100.000	387	387	387
Q93Y35	P45432	26.200	198	387	441
Q9CZW2	Q9CZW2	100.000	337	337	337
Q9H469	Q9H469	100.000	300	300	300
Q9H469	P24814	24.500	216	300	1151
Q9H469	Q9SRR1	22.500	204	300	395
Q9H469	Q09299	22.900	253	300	738
Q9H469	Q8N531	32.900	164	300	539
Q9H469	Q9M096	26.500	181	300	301
Q9H469	P06779	32.000	178	300	565
Q9LUQ3	Q9LUQ3	100.000	490	490	490
Q9LUQ3	O65573	26.600	492	490	519
Q9SLI8	Q9SLI8	100.000	535	535	535
Q9SLI8	Q9JK24	26.200	370	535	453
P38837	P38837	100.000	291	291	291
P55808	P55808	100.000	180	180	180
P55808	Q8VCN6	30.900	168	180	175
P72673	P72673	100.000	101	101	101
P94364	P94364	100.000	468	468	468
Q09322	Q09322	100.000	322	322	322
Q09322	Q86WC4	24.000	258	322	334
F4J8G7	F4J8G7	100.000	2138	2138	2138
Q10S55	Q10S55	100.000	404	404	404
Q10S55	P00498	27.000	318	404	297
Q3EBL9	Q3EBL9	100.000	218	218	218
Q497K7	Q497K7	100.000	211	211	211
P03409	P03409	100.000	353	353	353
A0A1B0GTR3	A0A1B0GTR3	100.000	108	108	108
A0JP43	A0JP43	100.000	1406	1406	1406
P68067	P68067	100.000	127	127	127
P75301	P75301	100.000	103	103	103
P87243	P87243	100.000	828	828	828
P87243	A5DLL7	25.300	189	828	712
P87243	Q9DBD5	20.800	259	828	1123
O60262	O60262	100.000	68	68	68
O81629	O81629	100.000	609	609	609
O81629	Q8C0S4	24.700	230	609	1314
Q66JQ7	Q66JQ7	100.000	2119	2119	2119
Q66JQ7	Q66JQ7	100.000	2119	2119	2119
P38361	P38361	100.000	574	574	574
P38361	Q08357	28.100	658	574	652
P38361	B6KFA9	22.700	862	574	869
P48512	P48512	100.000	312	312	312
P48512	Q9P6R0	21.500	320	312	492
P48512	Q4V8D6	20.700	284	312	416
Q9M2C8	Q9M2C8	100.000	498	498	498
Q9M2C8	Q9FMF6	23.300	360	498	730
Q9M2C8	Q9LR67	27.500	279	498	660
Q9M2C8	O80958	23.500	356	498	867
Q9M2C8	Q9LW84	25.100	342	498	642
Q9M2C8	Q9SS81	21.700	354	498	687
Q9M2C8	Q9SSR4	22.500	342	498	819
Q9M2C8	Q9SAD9	26.200	331	498	517
Q9M2C8	Q9LKU8	24.500	310	498	766
Q9M2C8	Q9MAG8	25.500	379	498	471
Q9M2C8	Q9LMY5	22.600	357	498	826
Q9M2C8	Q9ZUU3	23.000	338	498	757
Q9M2C8	Q3ECH5	23.400	328	498	544
Q9M2C8	O82178	23.200	293	498	591
Q9M2C8	Q0WMY5	22.600	389	498	952
Q9M2C8	Q9SVH3	24.700	323	498	727
Q9M2C8	Q8RWS8	21.500	367	498	822
Q9M2C8	Q9FLD8	22.300	358	498	678
Q9M2C8	O81028	26.600	263	498	799
Q9M2C8	Q9LVA2	27.400	211	498	982
Q9M2C8	Q9SAK0	20.800	336	498	836
Q9M2C8	Q9SNB7	21.500	316	498	665
Q9M2C8	Q9S7Q2	22.800	284	498	862
Q9M2C8	Q9FMU2	19.800	434	498	634
Q9M2C8	Q9LSK8	21.900	278	498	688
Q9M2C8	P0C896	28.500	168	498	576
Q9M2C8	Q9LS88	21.000	338	498	842
Q9M2C8	Q3EDA9	23.000	213	498	608
Q9M2C8	Q9M4P3	22.300	273	498	656
Q9M2C8	O49711	22.500	364	498	843
Q9M2C8	Q9SQU6	20.000	304	498	486
Q9M2C8	Q9M3A8	20.000	315	498	629
Q9M2C8	Q0WLC6	19.800	227	498	1089
Q9M2C8	Q9ZUU7	24.100	232	498	462
Q9M2C8	Q9SKU6	28.100	110	498	490
Q9M2C8	O23278	20.900	153	498	501
Q9M2C8	Q9SGQ6	22.100	275	498	773
Q9M2C8	Q9SA76	23.000	130	498	1006
Q9M2C8	Q9FZD1	23.800	210	498	630
Q9M2C8	B3H4P1	19.100	198	498	661
P22255	P22255	100.000	246	246	246
P22255	P95189	29.200	222	246	260
P22255	Q9Z0S1	24.900	265	246	308
P70339	P70339	100.000	274	274	274
P9WQ27	P9WQ27	100.000	526	526	526
Q5HF31	Q5HF31	100.000	285	285	285
Q9CPP0	Q9CPP0	100.000	175	175	175
Q9HBH7	Q9HBH7	100.000	125	125	125
Q9SUG7	Q9SUG7	100.000	1148	1148	1148
Q9BRT6	Q9BRT6	100.000	129	129	129
Q9D9K8	Q9D9K8	100.000	182	182	182
Q9D9K8	Q96L03	48.700	39	182	361
O13918	O13918	100.000	387	387	387
O59779	O59779	100.000	658	658	658
O77384	O77384	100.000	3394	3394	3394
Q2V2Y6	Q2V2Y6	100.000	83	83	83
Q3UZW7	Q3UZW7	100.000	335	335	335
Q3UZW7	P47163	24.300	234	335	339
Q9XGY4	Q9XGY4	100.000	77	77	77
Q9ZQ47	Q9ZQ47	100.000	819	819	819
O88393	O88393	100.000	850	850	850
O88393	Q63961	23.300	853	850	653
O88393	D3YZZ2	26.100	241	850	297
P0AES0	P0AES0	100.000	619	619	619
P38313	P38313	100.000	324	324	324
Q96A22	Q96A22	100.000	123	123	123
Q96FG2	Q96FG2	100.000	381	381	381
Q96FG2	Q8IZ81	28.200	124	381	293
Q96FG2	Q8BYZ7	26.100	203	381	720
Q96ST8	Q96ST8	100.000	783	783	783
Q9NQZ6	Q9NQZ6	100.000	224	224	224
Q9P2E5	Q9P2E5	100.000	772	772	772
Q9P2E5	Q9JJ06	27.700	173	772	363
Q8I5Z5	Q8I5Z5	100.000	781	781	781
Q9D486	Q9D486	100.000	773	773	773
O13712	O13712	100.000	844	844	844
O13712	Q10109	20.400	449	844	688
O13712	Q03281	27.700	108	844	663
P45434	P45434	100.000	258	258	258
P45434	Q9CY50	30.800	250	258	286
P62861	P62861	100.000	133	133	133
Q06266	Q06266	100.000	489	489	489
Q2T9J0	Q2T9J0	100.000	566	566	566
Q66GQ2	Q66GQ2	100.000	623	623	623
Q86SZ2	Q86SZ2	100.000	158	158	158
Q86SZ2	Q03337	29.200	140	158	283
Q8I4M5	Q8I4M5	100.000	1052	1052	1052
Q92674	Q92674	100.000	756	756	756
Q9NW38	Q9NW38	100.000	375	375	375
F4HQ84	F4HQ84	100.000	784	784	784
F4HQ84	P40094	24.400	650	784	801
F4HQ84	Q9Y7Z4	22.900	548	784	735
P40997	P40997	100.000	402	402	402
Q92365	Q92365	100.000	99	99	99
P01215	P01215	100.000	116	116	116
P0A8G8	P0A8G8	100.000	198	198	198
P17893	P17893	100.000	149	149	149
P21981	P21981	100.000	686	686	686
Q01846	Q01846	100.000	1127	1127	1127
Q01846	Q3ZT31	22.400	343	1127	840
Q07878	Q07878	100.000	3144	3144	3144
Q07878	O42926	25.800	3151	3144	3131
Q07878	Q5H8C4	22.300	3336	3144	3166
Q07878	Q5THJ4	20.700	1497	3144	4388
Q07878	Q9VU08	19.800	2291	3144	3919
Q8BUY5	Q8BUY5	100.000	285	285	285
Q8IY18	Q8IY18	100.000	1101	1101	1101
Q8IY18	Q924W5	22.200	1111	1101	1097
Q8IY18	Q12749	29.000	155	1101	1114
Q8IY18	P9WGF3	24.800	173	1101	1205
Q96EX3	Q96EX3	100.000	536	536	536
Q96EX3	Q9GZS0	26.700	352	536	605
Q96EX3	Q0III3	24.600	324	536	612
Q96EX3	Q8IWG1	25.500	98	536	891
Q9GZH4	Q9GZH4	100.000	586	586	586
Q9GZH4	P41543	22.800	460	586	476
Q96A98	Q96A98	100.000	100	100	100
Q96E14	Q96E14	100.000	147	147	147
Q96N16	Q96N16	100.000	626	626	626
Q9BZA5	Q9BZA5	100.000	131	131	131
Q9D0M5	Q9D0M5	100.000	89	89	89
P32970	P32970	100.000	193	193	193
P37146	P37146	100.000	319	319	319
P37146	P69925	25.600	281	319	376
P37146	P42521	20.300	305	319	338
P39682	P39682	100.000	629	629	629
P39682	Q03776	23.900	380	629	544
P39682	Q5AM44	21.500	227	629	791
P51606	P51606	100.000	427	427	427
P96722	P96722	100.000	602	602	602
P60878	P60878	100.000	206	206	206
P60878	P40357	26.100	195	206	651
P60878	Q9Z2P6	24.300	189	206	257
P84551	P84551	100.000	964	964	964
Q12387	Q12387	100.000	796	796	796
Q12387	Q9Y809	23.600	466	796	811
Q12387	Q6QI44	21.000	732	796	970
Q5SQS8	Q5SQS8	100.000	335	335	335
Q6UVK1	Q6UVK1	100.000	2322	2322	2322
Q9W2W5	Q9W2W5	100.000	505	505	505
F4IDY7	F4IDY7	100.000	750	750	750
O23393	O23393	100.000	435	435	435
O23393	Q39048	22.300	420	435	421
O23393	Q9LJB4	30.200	172	435	449
O23393	Q9SND9	24.000	250	435	443
P07360	P07360	100.000	202	202	202
P07360	P41222	25.300	166	202	190
P25348	P25348	100.000	183	183	183
P25348	Q9BYC8	22.000	109	183	188
Q95283	Q95283	100.000	97	97	97
Q96A25	Q96A25	100.000	262	262	262
Q96LC9	Q96LC9	100.000	184	184	184
Q9BRY0	Q9BRY0	100.000	314	314	314
Q9BRY0	Q9LTH9	26.200	301	314	353
Q9BRY0	O82643	23.100	281	314	344
Q9CPV5	Q9CPV5	100.000	202	202	202
Q00764	Q00764	100.000	495	495	495
Q00764	O45380	26.100	565	495	1229
Q08AI8	Q08AI8	100.000	447	447	447
Q2PZI1	Q2PZI1	100.000	675	675	675
Q2PZI1	Q9VWR8	20.000	876	675	872
Q5SY13	Q5SY13	100.000	56	56	56
Q5VXU9	Q5VXU9	100.000	1444	1444	1444
Q55332	Q55332	100.000	131	131	131
Q5SP90	Q5SP90	100.000	818	818	818
Q5SP90	P40164	26.200	698	818	858
Q6ZV65	Q6ZV65	100.000	393	393	393
Q8ILT5	Q8ILT5	100.000	937	937	937
Q96EL3	Q96EL3	100.000	112	112	112
Q9BSR8	Q9BSR8	100.000	244	244	244
Q9BSR8	Q9EQQ2	29.900	167	244	257
Q9BSR8	Q9P6P8	29.400	170	244	225
Q9D9D3	Q9D9D3	100.000	336	336	336
Q9UBR1	Q9UBR1	100.000	384	384	384
Q9Y296	Q9Y296	100.000	219	219	219
Q9Y296	Q03784	29.100	237	219	219
Q9ZZX7	Q9ZZX7	100.000	96	96	96
P9WIC5	P9WIC5	100.000	199	199	199
Q05778	Q05778	100.000	276	276	276
Q14181	Q14181	100.000	598	598	598
Q14181	P38121	28.500	434	598	705
Q6P1A2	Q6P1A2	100.000	487	487	487
Q6P1A2	Q6ZNC8	24.300	431	487	495
Q6P1A2	Q0VCY6	25.800	429	487	472
Q6P1A2	Q9H237	25.800	201	487	461
Q6P1A2	Q96T53	21.800	275	487	435
Q8NHU2	Q8NHU2	100.000	1237	1237	1237
P53956	P53956	100.000	172	172	172
P82644	P82644	100.000	87	87	87
Q01501	Q01501	100.000	275	275	275
Q01501	P83781	24.200	285	275	282
Q10080	Q10080	100.000	79	79	79
Q10477	Q10477	100.000	273	273	273
Q6ZTR6	Q6ZTR6	100.000	163	163	163
Q83KK3	Q83KK3	100.000	238	238	238
Q96G27	Q96G27	100.000	269	269	269
Q96G27	Q3V0I2	48.700	39	269	269
Q9URQ3	Q9URQ3	100.000	322	322	322
O96002	O96002	100.000	111	111	111
Q7TSE9	Q7TSE9	100.000	278	278	278
Q8BZ60	Q8BZ60	100.000	895	895	895
Q8BZ60	Q09718	23.000	313	895	446
Q96GV9	Q96GV9	100.000	206	206	206
Q97U12	Q97U12	100.000	770	770	770
Q97U12	Q9W3C1	25.000	743	770	1008
Q9UTN2	Q9UTN2	100.000	802	802	802
Q9UTN2	P40850	21.500	894	802	830
P10379	P10379	100.000	488	488	488
Q9HGN3	Q9HGN3	100.000	225	225	225
Q9HGN3	Q03322	29.200	226	225	224
Q9HGN3	Q9JKK1	24.500	253	225	255
Q9HGN3	Q946Y7	23.800	214	225	245
Q9HGN3	Q94KK7	24.300	205	225	233
Q9LTB0	Q9LTB0	100.000	752	752	752
P0A853	P0A853	100.000	471	471	471
P39074	P39074	100.000	297	297	297
P39074	Q9LRB0	25.300	130	297	763
P47019	P47019	100.000	175	175	175
P48581	P48581	100.000	401	401	401
P48581	P22193	23.200	280	401	323
P48581	O60671	17.100	263	401	282
P97770	P97770	100.000	505	505	505
P97770	Q9BTF0	27.200	448	505	503
P97770	P50840	23.300	214	505	385
Q12767	Q12767	100.000	1356	1356	1356
Q9Y5Q9	Q9Y5Q9	100.000	886	886	886
Q9Y5Q9	P33339	22.600	910	886	1025
Q9Y5Q9	Q62018	25.000	164	886	1173
Q95T12	Q95T12	100.000	194	194	194
Q96LP6	Q96LP6	100.000	360	360	360
Q9CXX9	Q9CXX9	100.000	284	284	284
Q9HCP6	Q9HCP6	100.000	504	504	504
Q9HCP6	Q5VTY9	28.900	490	504	493
A5DBC9	A5DBC9	100.000	564	564	564
A5DBC9	O82264	26.900	275	564	413
P07257	P07257	100.000	368	368	368
P07257	Q9CXT8	22.200	355	368	489
P13483	P13483	100.000	248	248	248
P20050	P20050	100.000	605	605	605
P20050	D3ZWE7	25.300	260	605	392
P32377	P32377	100.000	396	396	396
P38264	P38264	100.000	188	188	188
P22531	P22531	100.000	72	72	72
P24526	P24526	100.000	132	132	132
P34594	P34594	100.000	233	233	233
P35680	P35680	100.000	557	557	557
P35680	Q8BJA3	25.700	272	557	419
P40543	P40543	100.000	189	189	189
Q9FRS4	Q9FRS4	100.000	559	559	559
Q9FRS4	Q9FMF6	29.700	423	559	730
Q9FRS4	Q9LMY5	27.500	428	559	826
Q9FRS4	Q9SS81	24.600	535	559	687
Q9FRS4	Q9SSR4	24.300	427	559	819
Q9FRS4	Q9LKU8	28.300	370	559	766
Q9FRS4	Q9SAD9	25.200	428	559	517
Q9FRS4	O80958	23.900	576	559	867
Q9FRS4	Q9S7Q2	26.700	393	559	862
Q9FRS4	Q9LW84	27.000	381	559	642
Q9FRS4	Q9LR67	26.400	408	559	660
Q9FRS4	Q8RWS8	25.500	431	559	822
Q9FRS4	Q9LSK8	22.700	443	559	688
Q9FRS4	Q9LVA2	24.200	429	559	982
Q9FRS4	Q0WMY5	20.900	463	559	952
Q9FRS4	O82178	24.600	393	559	591
Q9FRS4	O81028	21.300	614	559	799
Q9FRS4	Q9FLD8	24.900	325	559	678
Q9FRS4	Q9MAG8	25.400	338	559	471
Q9FRS4	Q9SVH3	21.900	469	559	727
Q9FRS4	Q9ZUU3	22.000	453	559	757
Q9FRS4	Q3EDA9	25.600	386	559	608
Q9FRS4	Q3ECH5	19.700	511	559	544
Q9FRS4	Q9LS25	24.200	388	559	711
Q9FRS4	Q9LS88	26.800	290	559	842
Q9FRS4	Q9M3A8	20.600	464	559	629
Q9FRS4	Q9FMU2	20.700	486	559	634
Q9FRS4	Q0WLC6	21.000	357	559	1089
Q9FRS4	P0C896	24.700	327	559	576
Q9FRS4	Q9SAK0	23.600	250	559	836
Q9FRS4	Q9SQU6	23.200	340	559	486
Q9FRS4	Q9SA76	21.800	384	559	1006
Q9FRS4	Q9ZUU7	20.700	356	559	462
Q9FRS4	Q9SNB7	23.500	242	559	665
Q9FRS4	Q9M2C8	21.000	471	559	498
Q9FRS4	Q9SGQ6	22.100	230	559	773
Q9FRS4	O23278	25.500	290	559	501
Q9FRS4	Q9M4P3	22.600	318	559	656
Q9FRS4	O49711	19.500	256	559	843
Q9FRS4	Q9FZD1	22.900	474	559	630
Q9FRS4	O49343	20.800	278	559	452
Q9FRS4	Q9SA60	19.500	332	559	793
Q9FRS4	Q9SKU6	22.300	282	559	490
Q9FRS4	B3H4P1	23.500	204	559	661
Q9FRS4	A1Z9A8	26.400	155	559	652
Q9SPU7	Q9SPU7	100.000	1123	1123	1123
Q9SPU7	O70372	23.500	1135	1123	1122
Q9SPU7	Q06163	20.200	698	1123	884
P0A7C7	P0A7C7	100.000	229	229	229
P22723	P22723	100.000	474	474	474
P22723	Q15822	23.900	271	474	529
P22723	Q401N2	21.900	141	474	412
P40091	P40091	100.000	420	420	420
Q9CQ90	Q9CQ90	100.000	155	155	155
Q9CYQ5	Q9CYQ5	100.000	120	120	120
Q9D600	Q9D600	100.000	185	185	185
Q9H175	Q9H175	100.000	543	543	543
Q9NWU2	Q9NWU2	100.000	228	228	228
Q9NWU2	Q7L5Y9	29.000	141	228	396
Q9NWU2	P40208	22.400	241	228	455
P41884	P41884	100.000	389	389	389
Q2QRV3	Q2QRV3	100.000	618	618	618
P28791	P28791	100.000	383	383	383
P55926	P55926	100.000	526	526	526
Q66HP6	Q66HP6	100.000	511	511	511
P56563	P56563	100.000	173	173	173
P56563	A6NGA9	23.800	159	173	273
P76576	P76576	100.000	206	206	206
P9WFH7	P9WFH7	100.000	303	303	303
Q03981	Q03981	100.000	162	162	162
Q07418	Q07418	100.000	342	342	342
Q07418	Q9SRQ3	25.700	140	342	248
Q8N6I1	Q8N6I1	100.000	236	236	236
Q8PPR3	Q8PPR3	100.000	304	304	304
Q91YN9	Q91YN9	100.000	210	210	210
Q969X1	Q969X1	100.000	311	311	311
Q9CXH7	Q9CXH7	100.000	517	517	517
Q9H0R3	Q9H0R3	100.000	208	208	208
Q9LTJ8	Q9LTJ8	100.000	746	746	746
Q9SFW8	Q9SFW8	100.000	808	808	808
O25595	O25595	100.000	377	377	377
O95848	O95848	100.000	222	222	222
Q9MBA3	Q9MBA3	100.000	599	599	599
Q9MBA3	P50531	23.100	506	599	606
Q9MBA3	P32641	25.800	360	599	659
Q9MBA3	Q9USQ1	22.900	314	599	960
A5PL33	A5PL33	100.000	1030	1030	1030
P12758	P12758	100.000	253	253	253
P12758	P0ABP8	27.300	245	253	239
P12758	P9WJM3	28.500	63	253	255
P29256	P29256	100.000	165	165	165
P35469	P35469	100.000	545	545	545
P35469	P38228	21.300	370	545	572
Q5GFD5	Q5GFD5	100.000	342	342	342
Q5GFD5	Q7LFX5	25.400	330	342	561
Q66H17	Q66H17	100.000	348	348	348
Q6P387	Q6P387	100.000	395	395	395
Q8BR76	Q8BR76	100.000	992	992	992
Q96E40	Q96E40	100.000	222	222	222
Q9Y244	Q9Y244	100.000	141	141	141
A5DJ85	A5DJ85	100.000	1216	1216	1216
A5DJ85	Q9UUM2	24.300	1074	1216	971
Q9CWH5	Q9CWH5	100.000	460	460	460
A9JSM3	A9JSM3	100.000	176	176	176
O13892	O13892	100.000	1076	1076	1076
O13892	Q09872	23.700	274	1076	977
Q9MAU5	Q9MAU5	100.000	488	488	488
Q9MAU5	P18428	22.400	468	488	481
Q9MAU5	P55065	22.400	485	488	493
Q9MAU5	Q8NFQ5	20.400	337	488	453
Q9MAU5	Q8N4F0	19.100	293	488	458
O62301	O62301	100.000	873	873	873
O62301	Q8ND04	26.700	464	873	991
Q5HZB0	Q5HZB0	100.000	194	194	194
Q5XIB5	Q5XIB5	100.000	341	341	341
Q6AXP1	Q6AXP1	100.000	624	624	624
P04037	P04037	100.000	155	155	155
P0AAT5	P0AAT5	100.000	415	415	415
P0AAT5	O25170	25.400	240	415	623
P25587	P25587	100.000	256	256	256
P34514	P34514	100.000	731	731	731
P34514	Q9UJX6	29.300	501	731	822
P34514	Q12440	20.100	358	731	853
P39838	P39838	100.000	890	890	890
Q8K2H1	Q8K2H1	100.000	381	381	381
Q8N7S6	Q8N7S6	100.000	290	290	290
Q8VE38	Q8VE38	100.000	311	311	311
Q9HDX7	Q9HDX7	100.000	529	529	529
Q9US06	Q9US06	100.000	456	456	456
Q9US06	P38351	24.000	395	456	445
Q9US06	Q8N7H5	24.300	398	456	531
Q8NBQ7	Q8NBQ7	100.000	271	271	271
Q8VE88	Q8VE88	100.000	497	497	497
Q92347	Q92347	100.000	655	655	655
Q92347	P47077	27.900	652	655	666
Q92347	Q8BMC4	21.000	576	655	636
Q9CQ86	Q9CQ86	100.000	115	115	115
Q9CQ86	P63302	35.000	60	115	87
Q9FY61	Q9FY61	100.000	1186	1186	1186
Q9FY61	Q9VIL0	21.700	856	1186	1320
Q9FY61	O14251	21.500	753	1186	1210
Q9FY61	Q04183	25.400	330	1186	1289
Q6MGB4	Q6MGB4	100.000	468	468	468
Q7JV70	Q7JV70	100.000	193	193	193
Q7JV70	Q9WV31	25.100	183	193	396
Q7Z2W9	Q7Z2W9	100.000	205	205	205
Q80TD3	Q80TD3	100.000	1108	1108	1108
Q8NCR9	Q8NCR9	100.000	226	226	226
Q8NCR9	A0PK11	28.200	177	226	232
B0VQ53	B0VQ53	100.000	316	316	316
B0VQ53	B1XPG7	28.900	338	316	403
O00584	O00584	100.000	256	256	256
O59739	O59739	100.000	206	206	206
O80934	O80934	100.000	325	325	325
O80934	Q04304	26.200	229	325	227
O94915	O94915	100.000	3013	3013	3013
O94915	P40468	20.200	1867	3013	2376
O94915	Q9HDV6	20.200	2328	3013	2196
Q10981	Q10981	100.000	343	343	343
Q9CR13	Q9CR13	100.000	113	113	113
Q9FFP2	Q9FFP2	100.000	492	492	492
Q9LZX1	Q9LZX1	100.000	217	217	217
Q9LZX1	Q9SSC7	29.700	195	217	210
Q9LZX1	A0MFH4	26.500	211	217	215
Q9VM09	Q9VM09	100.000	450	450	450
P83111	P83111	100.000	547	547	547
P83111	P00811	30.500	108	547	377
Q06686	Q06686	100.000	241	241	241
Q06686	O94722	27.800	230	241	289
Q06686	O15431	38.200	47	241	190
Q21126	Q21126	100.000	636	636	636
Q6ZU67	Q6ZU67	100.000	534	534	534
Q8N4B4	Q8N4B4	100.000	442	442	442
Q8N4B4	Q8C4V4	24.500	371	442	428
P26187	P26187	100.000	211	211	211
P33228	P33228	100.000	269	269	269
P38170	P38170	100.000	754	754	754
P38170	Q9Y7R3	29.600	749	754	742
P38170	Q8C156	24.000	744	754	731
P43586	P43586	100.000	204	204	204
P47115	P47115	100.000	236	236	236
Q9WU79	Q9WU79	100.000	599	599	599
F4K200	F4K200	100.000	426	426	426
O60542	O60542	100.000	156	156	156
O81742	O81742	100.000	893	893	893
O81742	P46682	23.100	613	893	809
O81742	D4ABY2	18.400	492	893	715
O81742	Q80V94	21.200	376	893	1122
O81742	Q9UTL8	17.900	345	893	825
P28148	P28148	100.000	200	200	200
P08699	P08699	100.000	262	262	262
P0CG12	P0CG12	100.000	524	524	524
P18899	P18899	100.000	430	430	430
P22469	P22469	100.000	90	90	90
P25591	P25591	100.000	423	423	423
Q7Z4H9	Q7Z4H9	100.000	259	259	259
Q86BP6	Q86BP6	100.000	1162	1162	1162
Q86BP6	Q12050	24.600	211	1162	791
Q8K1G2	Q8K1G2	100.000	1220	1220	1220
Q8W4M5	Q8W4M5	100.000	566	566	566
Q96KX1	Q96KX1	100.000	117	117	117
P40958	P40958	100.000	196	196	196
P40958	Q9UI95	28.800	180	196	211
P40958	Q9VNE1	24.000	158	196	198
P53146	P53146	100.000	245	245	245
Q02721	Q02721	100.000	264	264	264
Q09807	Q09807	100.000	701	701	701
Q09807	Q9UW12	24.500	407	701	785
Q09807	Q10411	24.800	229	701	1957
Q94C53	Q94C53	100.000	298	298	298
Q9ZUS8	Q9ZUS8	100.000	321	321	321
B1XPA6	B1XPA6	100.000	414	414	414
P23226	P23226	100.000	1185	1185	1185
P32618	P32618	100.000	956	956	956
P36025	P36025	100.000	268	268	268
Q61508	Q61508	100.000	559	559	559
Q8K0C5	Q8K0C5	100.000	167	167	167
Q8VHL0	Q8VHL0	100.000	384	384	384
Q9QXX8	Q9QXX8	100.000	484	484	484
O23044	O23044	100.000	326	326	326
O14300	O14300	100.000	374	374	374
O14300	Q8N8Q8	26.500	245	374	333
P00795	P00795	100.000	345	345	345
P30777	P30777	100.000	616	616	616
P30777	Q9JJQ0	28.500	599	616	542
P30777	Q8VDB2	25.400	244	616	486
Q0P140	Q0P140	100.000	79	79	79
Q23049	Q23049	100.000	506	506	506
Q23049	Q62018	20.800	298	506	1173
Q23049	Q9CB03	27.200	246	506	694
Q23049	F8VPK0	24.800	185	506	1563
Q23049	Q9CY00	24.300	201	506	664
Q23049	O94474	21.300	309	506	1389
C5DHP1	C5DHP1	100.000	566	566	566
C5DHP1	Q5ADS3	27.200	679	566	716
P05113	P05113	100.000	134	134	134
P38693	P38693	100.000	467	467	467
P38693	Q9Z2L6	21.600	420	467	481
Q3UR78	Q3UR78	100.000	90	90	90
P13352	P13352	100.000	130	130	130
Q2QTC2	Q2QTC2	100.000	1206	1206	1206
Q2QTC2	Q9STV0	24.700	630	1206	1278
Q2QTC2	Q5FVN1	29.100	96	1206	333
Q9SRQ3	Q9SRQ3	100.000	248	248	248
Q9SRQ3	Q07418	23.300	197	248	342
Q9Y115	Q9Y115	100.000	538	538	538
Q9Y115	Q9H1C4	22.100	473	538	597
Q9Y115	Q8BJ51	23.700	479	538	449
B2RWJ3	B2RWJ3	100.000	173	173	173
O34633	O34633	100.000	140	140	140
Q5JPI3	Q5JPI3	100.000	329	329	329
Q8VDB2	Q8VDB2	100.000	486	486	486
Q8VDB2	Q9JJQ0	29.200	154	486	542
Q8VDB2	P30777	25.600	409	486	616
Q9VWI4	Q9VWI4	100.000	211	211	211
Q9VWI4	F6TQD1	28.800	111	211	307
Q9VWI4	Q06032	27.200	158	211	482
O00476	O00476	100.000	420	420	420
Q24JP3	Q24JP3	100.000	464	464	464
P03886	P03886	100.000	318	318	318
P38290	P38290	100.000	277	277	277
Q17423	Q17423	100.000	1282	1282	1282
Q17423	Q3TYG6	25.600	437	1282	1002
A0A023PXF8	A0A023PXF8	100.000	147	147	147
O35664	O35664	100.000	513	513	513
Q9NR83	Q9NR83	100.000	387	387	387
Q9UTA6	Q9UTA6	100.000	303	303	303
Q9UTA6	P75809	20.700	275	303	271
A6NKX1	A6NKX1	100.000	122	122	122
F1Q8X5	F1Q8X5	100.000	684	684	684
P62279	P62279	100.000	107	107	107
P9WNJ9	P9WNJ9	100.000	98	98	98
Q03406	Q03406	100.000	294	294	294
Q03406	Q99LZ3	23.200	249	294	223
Q0VCQ8	Q0VCQ8	100.000	189	189	189
Q12513	Q12513	100.000	150	150	150
Q17598	Q17598	100.000	492	492	492
Q04601	Q04601	100.000	652	652	652
Q12192	Q12192	100.000	310	310	310
Q2VPU4	Q2VPU4	100.000	917	917	917
Q6NVF4	Q6NVF4	100.000	1074	1074	1074
Q96LW4	Q96LW4	100.000	560	560	560
Q8X8G9	Q8X8G9	100.000	168	168	168
Q92351	Q92351	100.000	1208	1208	1208
Q92351	Q10411	23.100	809	1208	1957
Q92351	Q8I659	22.700	663	1208	1383
Q92351	O60039	38.500	57	1208	1051
Q92351	Q5A216	22.300	390	1208	788
Q92351	Q9LW85	24.600	563	1208	726
Q9NZL9	Q9NZL9	100.000	334	334	334
F4K2U8	F4K2U8	100.000	297	297	297
F4K2U8	Q99MU1	21.600	250	297	369
P28319	P28319	100.000	239	239	239
Q8N0U4	Q8N0U4	100.000	392	392	392
Q8VEJ3	Q8VEJ3	100.000	221	221	221
Q8VEJ3	Q9QUN9	25.200	206	221	349
Q92990	Q92990	100.000	594	594	594
Q9GYU8	Q9GYU8	100.000	702	702	702
Q9GYU8	A2CEI4	27.100	712	702	720
Q9UUI8	Q9UUI8	100.000	383	383	383
Q9UUI8	Q968A5	27.200	283	383	363
Q9SGQ6	Q9SGQ6	100.000	773	773	773
Q9SGQ6	Q9SS81	20.300	645	773	687
Q9SGQ6	Q9FMF6	22.600	362	773	730
Q9SGQ6	O82178	21.500	353	773	591
Q9SGQ6	Q9SSR4	21.300	510	773	819
Q9SGQ6	Q8RWS8	21.200	283	773	822
Q9SGQ6	Q9FLD8	21.500	301	773	678
Q9SGQ6	Q9LW84	19.000	420	773	642
Q9SGQ6	Q0WMY5	17.000	328	773	952
Q9SGQ6	Q9FRS4	22.100	230	773	559
Q9SGQ6	Q9LKU8	19.200	513	773	766
Q9SGQ6	Q9MAG8	19.800	363	773	471
Q9SGQ6	Q9LS25	23.000	252	773	711
Q9SGQ6	Q9ZUU3	23.300	236	773	757
Q9SGQ6	Q9LS88	19.700	379	773	842
Q9SGQ6	Q9SNB7	24.700	182	773	665
Q9SGQ6	Q3EDA9	19.200	218	773	608
Q9SGQ6	Q0WLC6	19.300	325	773	1089
Q9SGQ6	Q9LVA2	17.300	546	773	982
Q9SGQ6	Q9FZD1	24.500	257	773	630
Q9SGQ6	Q9SAK0	17.500	280	773	836
Q9SGQ6	Q9ZUU7	21.400	154	773	462
Q9SGQ6	Q3ECH5	20.800	264	773	544
Q9SGQ6	Q9M2C8	22.100	275	773	498
Q9SGQ6	Q9M3A8	22.800	140	773	629
O14059	O14059	100.000	306	306	306
O46037	O46037	100.000	961	961	961
O46037	Q61301	19.700	934	961	953
P0AC41	P0AC41	100.000	588	588	588
P23643	P23643	100.000	1011	1011	1011
P80885	P80885	100.000	585	585	585
P80885	Q42368	26.000	119	585	883
Q02DZ3	Q02DZ3	100.000	323	323	323
Q02DZ3	P46338	28.000	310	323	300
Q06208	Q06208	100.000	395	395	395
Q23314	Q23314	100.000	270	270	270
Q23314	O94683	28.300	134	270	238
Q4JA60	Q4JA60	100.000	212	212	212
O65648	O65648	100.000	104	104	104
O80565	O80565	100.000	343	343	343
P0DKL2	P0DKL2	100.000	1059	1059	1059
P91928	P91928	100.000	739	739	739
P91928	Q22505	24.700	690	739	679
P91928	Q3KR86	24.400	617	739	609
Q3B7D9	Q3B7D9	100.000	343	343	343
Q3ECP0	Q3ECP0	100.000	591	591	591
Q3ECP0	P32776	22.000	508	591	642
Q9FN50	Q9FN50	100.000	258	258	258
Q9P6R3	Q9P6R3	100.000	273	273	273
Q9SKT6	Q9SKT6	100.000	536	536	536
O46341	O46341	100.000	409	409	409
O64600	O64600	100.000	174	174	174
O74509	O74509	100.000	341	341	341
P06796	P06796	100.000	181	181	181
P12074	P12074	100.000	109	109	109
P24005	P24005	100.000	295	295	295
Q944L7	Q944L7	100.000	391	391	391
Q9LVZ5	Q9LVZ5	100.000	268	268	268
Q9UUA0	Q9UUA0	100.000	111	111	111
Q9XZ63	Q9XZ63	100.000	173	173	173
B0R6V4	B0R6V4	100.000	117	117	117
P0C7W6	P0C7W6	100.000	258	258	258
P0DTC2	P0DTC2	100.000	1273	1273	1273
P48760	P48760	100.000	587	587	587
P79943	P79943	100.000	254	254	254
Q01852	Q01852	100.000	431	431	431
Q01852	O43615	27.600	409	431	452
Q01852	Q1PF33	28.300	201	431	474
O96001	O96001	100.000	155	155	155
P0AC81	P0AC81	100.000	135	135	135
P22134	P22134	100.000	296	296	296
P22134	O31544	22.900	196	296	287
P38855	P38855	100.000	283	283	283
P47160	P47160	100.000	408	408	408
P47160	Q03769	23.600	199	408	411
O94416	O94416	100.000	540	540	540
P36071	P36071	100.000	126	126	126
P38864	P38864	100.000	112	112	112
P52651	P52651	100.000	210	210	210
P53913	P53913	100.000	173	173	173
P0CX24	P0CX24	100.000	172	172	172
P17257	P17257	100.000	162	162	162
P25657	P25657	100.000	155	155	155
P34237	P34237	100.000	679	679	679
P34237	O59795	28.500	655	679	633
P38261	P38261	100.000	753	753	753
P38261	Q59XM1	26.000	642	753	791
Q147U7	Q147U7	100.000	214	214	214
Q24JQ0	Q24JQ0	100.000	296	296	296
Q24JQ0	Q9S845	25.100	159	296	372
Q4JAU3	Q4JAU3	100.000	333	333	333
Q5BI31	Q5BI31	100.000	1322	1322	1322
Q66H43	Q66H43	100.000	360	360	360
O74879	O74879	100.000	634	634	634
P20099	P20099	100.000	777	777	777
P20099	P42175	23.900	234	777	1228
P20099	Q83QV0	19.800	725	777	828
P40780	P40780	100.000	151	151	151
P43594	P43594	100.000	170	170	170
P48548	P48548	100.000	419	419	419
Q10MJ1	Q10MJ1	100.000	938	938	938
Q10MJ1	P13798	25.400	173	938	732
Q9AQW1	Q9AQW1	100.000	767	767	767
Q9LH76	Q9LH76	100.000	664	664	664
Q9LH76	P04397	25.900	355	664	699
Q9LH76	Q2R1V8	26.500	331	664	371
Q9LH76	Q9EQC1	29.000	193	664	369
Q9LH76	O48917	21.200	282	664	477
Q9LH76	Q9SNY3	23.500	340	664	361
Q9LH76	Q9SA52	21.900	324	664	378
Q9LH76	P67911	24.700	299	664	310
Q9LH76	A1ZAI5	24.800	149	664	625
A0A1D8PHA3	A0A1D8PHA3	100.000	288	288	288
B0R669	B0R669	100.000	175	175	175
Q4FZV3	Q4FZV3	100.000	258	258	258
Q51487	Q51487	100.000	485	485	485
Q6PJG6	Q6PJG6	100.000	821	821	821
Q6PJG6	Q9VDE8	33.700	74	821	974
Q8VIG2	Q8VIG2	100.000	1735	1735	1735
B6SHG7	B6SHG7	100.000	255	255	255
Q12155	Q12155	100.000	161	161	161
Q3V140	Q3V140	100.000	540	540	540
Q9C1W3	Q9C1W3	100.000	457	457	457
Q9LR91	Q9LR91	100.000	319	319	319
Q9LR91	Q94AC8	27.200	132	319	274
Q9UJH8	Q9UJH8	100.000	293	293	293
Q9LXU9	Q9LXU9	100.000	562	562	562
Q9LXU9	F4KGE8	26.500	283	562	559
Q9VG08	Q9VG08	100.000	452	452	452
F1LSG8	F1LSG8	100.000	964	964	964
P29416	P29416	100.000	528	528	528
Q12140	Q12140	100.000	328	328	328
P00689	P00689	100.000	508	508	508
P00689	P95867	21.600	318	508	561
P38335	P38335	100.000	694	694	694
P53952	P53952	100.000	270	270	270
P77504	P77504	100.000	804	804	804
Q3E790	Q3E790	100.000	80	80	80
Q0WMY5	Q0WMY5	100.000	952	952	952
Q0WMY5	O80958	26.200	556	952	867
Q0WMY5	Q9SS81	26.200	507	952	687
Q0WMY5	Q9FMF6	26.200	537	952	730
Q0WMY5	Q9LMY5	25.100	533	952	826
Q0WMY5	Q9LW84	25.600	542	952	642
Q0WMY5	Q9SSR4	24.400	601	952	819
Q0WMY5	Q9LR67	28.100	437	952	660
Q0WMY5	Q8RWS8	22.200	594	952	822
Q0WMY5	Q9SAD9	21.400	514	952	517
Q0WMY5	Q9S7Q2	23.200	525	952	862
Q0WMY5	Q9LS88	23.000	537	952	842
Q0WMY5	Q9LKU8	26.100	398	952	766
Q0WMY5	O81028	22.800	561	952	799
Q0WMY5	Q9FLD8	23.600	491	952	678
Q0WMY5	Q9ZUU3	22.900	483	952	757
Q0WMY5	Q9LVA2	22.300	632	952	982
Q0WMY5	O82178	24.400	430	952	591
Q0WMY5	Q9FRS4	21.400	410	952	559
Q0WMY5	Q9SVH3	20.400	539	952	727
Q0WMY5	Q9LSK8	22.400	481	952	688
Q0WMY5	Q0WLC6	21.000	561	952	1089
Q0WMY5	Q9MAG8	24.700	360	952	471
Q0WMY5	Q3EDA9	23.000	378	952	608
Q0WMY5	Q9FMU2	21.000	484	952	634
Q0WMY5	Q9SAK0	21.400	439	952	836
Q0WMY5	Q9SNB7	22.600	498	952	665
Q0WMY5	Q3ECH5	22.700	352	952	544
Q0WMY5	P0C896	27.600	318	952	576
Q0WMY5	Q9LS25	27.000	300	952	711
Q0WMY5	Q9SQU6	23.400	366	952	486
Q0WMY5	Q9M3A8	21.200	404	952	629
Q0WMY5	Q9M4P3	19.200	426	952	656
Q0WMY5	Q9ZUU7	23.100	341	952	462
Q0WMY5	Q9M2C8	22.600	389	952	498
Q0WMY5	Q9SA76	21.400	428	952	1006
Q0WMY5	Q9SA60	24.000	250	952	793
Q0WMY5	O49711	20.700	424	952	843
Q0WMY5	Q8LPF1	21.700	372	952	668
Q0WMY5	Q9FZD1	20.600	422	952	630
Q0WMY5	Q9SKU6	25.100	266	952	490
Q0WMY5	Q9SGQ6	19.200	338	952	773
Q0WMY5	O49343	19.700	319	952	452
Q0WMY5	B3H4P1	21.200	495	952	661
Q0WMY5	O23278	20.000	425	952	501
Q0WMY5	P32522	22.500	328	952	965
Q0WMY5	B3H672	20.400	269	952	674
Q0WMY5	A1Z9A8	21.600	120	952	652
P05066	P05066	100.000	565	565	565
P05066	Q96524	25.100	517	565	612
P05066	Q16526	24.300	526	565	586
P50111	P50111	100.000	915	915	915
P91870	P91870	100.000	824	824	824
Q08271	Q08271	100.000	471	471	471
Q8BMG1	Q8BMG1	100.000	785	785	785
Q8WVK7	Q8WVK7	100.000	121	121	121
Q92934	Q92934	100.000	168	168	168
Q97VS5	Q97VS5	100.000	603	603	603
Q9UK99	Q9UK99	100.000	471	471	471
Q9UK99	Q9LND7	25.300	411	471	436
P55207	P55207	100.000	126	126	126
P58229	P58229	100.000	511	511	511
Q03774	Q03774	100.000	444	444	444
Q12063	Q12063	100.000	375	375	375
Q12063	Q96E22	27.500	236	375	293
Q3E824	Q3E824	100.000	90	90	90
Q9SA52	Q9SA52	100.000	378	378	378
Q9SA52	Q9LH76	21.900	324	378	664
Q9Y5L2	Q9Y5L2	100.000	63	63	63
Q9ZWA9	Q9ZWA9	100.000	451	451	451
Q9ZWA9	F4IQK5	20.400	410	451	707
Q9ZWA9	O34714	31.500	92	451	385
D3YWJ0	D3YWJ0	100.000	796	796	796
O96668	O96668	100.000	1402	1402	1402
Q9FLD7	Q9FLD7	100.000	447	447	447
Q9FLD7	Q09324	21.400	299	447	428
P0AEZ6	P0AEZ6	100.000	270	270	270
P0AEZ6	P9WLT1	24.700	210	270	318
P39927	P39927	100.000	425	425	425
P9WIN1	P9WIN1	100.000	265	265	265
P9WIN1	O35826	27.100	166	265	722
Q13278	Q13278	100.000	110	110	110
Q86X53	Q86X53	100.000	443	443	443
Q8IZF0	Q8IZF0	100.000	1738	1738	1738
Q8IZF0	O14234	22.600	1523	1738	1854
Q8IZF0	Q9Z0Y8	21.500	1722	1738	2201
Q8IZF0	Q94KI8	25.100	235	1738	733
Q8IZF0	Q8NHX9	22.800	254	1738	752
Q9UIL1	Q9UIL1	100.000	159	159	159
Q9VR89	Q9VR89	100.000	240	240	240
H3BNL1	H3BNL1	100.000	204	204	204
O94516	O94516	100.000	364	364	364
P0ACJ0	P0ACJ0	100.000	164	164	164
P14908	P14908	100.000	341	341	341
P34641	P34641	100.000	1418	1418	1418
P53950	P53950	100.000	1165	1165	1165
Q9SQR5	Q9SQR5	100.000	554	554	554
O33361	O33361	100.000	158	158	158
O33361	P9WLZ7	27.900	68	158	653
O60150	O60150	100.000	361	361	361
O60150	Q12502	25.800	240	361	818
P0A7I3	P0A7I3	100.000	360	360	360
P21478	P21478	100.000	57	57	57
Q9ER99	Q9ER99	100.000	582	582	582
Q9NPI0	Q9NPI0	100.000	162	162	162
Q9QY24	Q9QY24	100.000	411	411	411
Q9VGZ8	Q9VGZ8	100.000	674	674	674
Q9Y2P4	Q9Y2P4	100.000	619	619	619
Q9Y2P4	Q6RKB1	20.100	571	619	1174
Q9Y2P4	P07702	22.500	195	619	1392
O59776	O59776	100.000	112	112	112
P0ACC2	P0ACC2	100.000	277	277	277
P0ACC2	Q7K3B9	21.800	169	277	305
P0ACC2	Q4JBL7	28.800	59	277	192
P56390	P56390	100.000	79	79	79
P76402	P76402	100.000	110	110	110
P9WJU1	P9WJU1	100.000	1002	1002	1002
P9WJU1	P9WJT9	26.500	196	1002	966
P9WJU1	P9WJV5	22.300	233	1002	944
Q9LYM2	Q9LYM2	100.000	435	435	435
Q9LYM2	Q5I012	27.200	382	435	1090
Q9LYM2	Q9EQ25	25.400	468	435	547
Q9LYM2	O74327	24.800	387	435	420
Q9LYM2	A6NNN8	23.800	315	435	435
Q9LYM2	Q08AI6	22.700	373	435	406
Q9LYM2	C6KTD0	22.400	267	435	606
O13789	O13789	100.000	636	636	636
P40414	P40414	100.000	161	161	161
P40414	Q02088	34.100	161	161	161
P42945	P42945	100.000	1769	1769	1769
P42945	A4QTQ9	24.000	1876	1769	1796
P42945	O60179	24.000	1812	1769	1649
P42945	Q9H583	23.800	1151	1769	2144
P42945	Q9VM75	24.000	1001	1769	2096
P42945	Q9C8Z4	21.100	916	1769	2197
P42945	Q23495	20.400	997	1769	1650
Q8K4L4	Q8K4L4	100.000	587	587	587
Q6Q788	Q6Q788	100.000	366	366	366
Q6Q788	P02651	24.900	373	366	391
Q6Q788	Q00623	23.100	194	366	264
Q7KPA5	Q7KPA5	100.000	331	331	331
Q8BJS7	Q8BJS7	100.000	891	891	891
Q8K4Z3	Q8K4Z3	100.000	282	282	282
Q8PXA9	Q8PXA9	100.000	187	187	187
Q06089	Q06089	100.000	161	161	161
Q06089	Q6UW68	27.000	170	161	189
Q06707	Q06707	100.000	132	132	132
Q10412	Q10412	100.000	403	403	403
Q14997	Q14997	100.000	1843	1843	1843
Q14997	F4JC97	23.800	1959	1843	1811
Q14997	P43583	19.100	1714	1843	2143
Q9H598	Q9H598	100.000	525	525	525
Q9H598	Q8K4D3	21.300	374	525	475
Q9H598	P34479	19.700	273	525	460
Q9H598	Q5I012	21.400	378	525	1090
Q9H598	O74327	20.800	364	525	420
Q9H598	Q9C6M2	21.400	410	525	440
P33332	P33332	100.000	1336	1336	1336
P9WGN9	P9WGN9	100.000	442	442	442
P9WGN9	P0AG95	26.900	286	442	323
Q04712	Q04712	100.000	507	507	507
Q12275	Q12275	100.000	1648	1648	1648
Q12275	Q10250	26.800	1534	1648	1517
Q12275	Q09773	22.800	1461	1648	1487
Q12275	Q8BWT5	20.800	756	1648	1523
Q96B96	Q96B96	100.000	161	161	161
B1ANS9	B1ANS9	100.000	1081	1081	1081
B1ANS9	P53622	20.300	206	1081	1201
B1ANS9	P38262	20.000	204	1081	535
P10727	P10727	100.000	117	117	117
P21189	P21189	100.000	783	783	783
P21189	O89042	24.900	673	783	1451
P21189	P95979	21.500	637	783	764
P21189	O60673	27.100	321	783	3130
P21189	F4IFN6	22.700	246	783	2138
P38882	P38882	100.000	575	575	575
P38882	Q04177	23.400	277	575	643
P47056	P47056	100.000	224	224	224
Q09761	Q09761	100.000	699	699	699
P03116	P03116	100.000	605	605	605
Q9FPK7	Q9FPK7	100.000	510	510	510
Q9VGP2	Q9VGP2	100.000	581	581	581
Q9VGP2	Q8BJ64	27.500	574	581	596
Q9VGP2	Q9SSM2	23.600	583	581	552
Q9VGP2	Q94BP3	20.500	568	581	748
F1MA98	F1MA98	100.000	2360	2360	2360
F1MA98	A1Z8P9	24.500	1789	2360	2346
F1MA98	Q02455	23.000	1323	2360	1875
F1MA98	A4GSN8	23.400	1531	2360	2093
F1MA98	O74424	23.600	1615	2360	1837
F1MA98	Q9UTK5	21.500	1369	2360	1727
F1MA98	F4JZY1	23.400	508	2360	1586
F1MA98	P40457	20.900	1312	2360	1679
C0SUU6	C0SUU6	100.000	352	352	352
O17204	O17204	100.000	384	384	384
O17204	Q18071	26.800	294	384	342
P35183	P35183	100.000	429	429	429
P35183	P28625	24.100	393	429	365
Q2M238	Q2M238	100.000	152	152	152
Q4VP04	Q4VP04	100.000	78	78	78
P25366	P25366	100.000	362	362	362
P40739	P40739	100.000	609	609	609
Q07653	Q07653	100.000	1046	1046	1046
Q4J8R0	Q4J8R0	100.000	199	199	199
Q5T200	Q5T200	100.000	1668	1668	1668
P74503	P74503	100.000	505	505	505
P9WNU7	P9WNU7	100.000	452	452	452
Q07688	Q07688	100.000	167	167	167
Q08887	Q08887	100.000	554	554	554
Q12748	Q12748	100.000	733	733	733
O74444	O74444	100.000	749	749	749
P46955	P46955	100.000	337	337	337
P78825	P78825	100.000	340	340	340
P78825	P97328	23.500	284	340	298
Q10256	Q10256	100.000	332	332	332
Q10256	Q53RT3	31.100	109	332	343
Q93008	Q93008	100.000	2554	2554	2554
Q93008	Q9VC56	27.300	640	2554	3912
Q9LW12	Q9LW12	100.000	225	225	225
Q9P6P0	Q9P6P0	100.000	155	155	155
Q9P6P0	Q12297	32.900	79	155	353
Q9U2M1	Q9U2M1	100.000	1499	1499	1499
Q9U2M1	Q9YHY6	19.100	1266	1499	1364
Q9U2M1	A0A1I9LM04	26.900	260	1499	1410
O45952	O45952	100.000	249	249	249
O76095	O76095	100.000	146	146	146
Q12119	Q12119	100.000	530	530	530
Q9LJA0	Q9LJA0	100.000	188	188	188
Q9LJA0	P04990	26.600	139	188	352
Q9SLG8	Q9SLG8	100.000	376	376	376
O14196	O14196	100.000	300	300	300
O74454	O74454	100.000	1066	1066	1066
O74454	P56123	22.400	308	1066	644
Q5HF35	Q5HF35	100.000	163	163	163
Q5SUQ9	Q5SUQ9	100.000	1212	1212	1212
Q811U3	Q811U3	100.000	948	948	948
Q811U3	F4JZY1	22.800	652	948	1586
Q811U3	F1MA98	24.200	276	948	2360
Q811U3	O96133	26.200	301	948	1979
Q811U3	O96133	26.200	301	948	1979
Q8BVN4	Q8BVN4	100.000	346	346	346
Q8BVN4	Q8R3J4	22.300	233	346	412
Q8IUR6	Q8IUR6	100.000	639	639	639
Q5TC84	Q5TC84	100.000	451	451	451
Q8K1J6	Q8K1J6	100.000	434	434	434
Q9VCW3	Q9VCW3	100.000	1200	1200	1200
Q9VCW3	F1QNV4	27.100	1170	1200	1136
Q9VCW3	Q9UTH0	23.300	283	1200	1162
Q9VCW3	P34343	18.700	1060	1200	1129
Q9VCW3	Q9P797	22.800	280	1200	1142
Q9VCW3	F4IGA5	21.400	569	1200	1285
O31629	O31629	100.000	171	171	171
O94519	O94519	100.000	311	311	311
A8MTZ7	A8MTZ7	100.000	269	269	269
P0ACL8	P0ACL8	100.000	258	258	258
P0ACL8	P0ACL4	27.000	237	258	258
P46970	P46970	100.000	1048	1048	1048
P46970	O95373	26.000	1083	1048	1038
P46970	O13671	28.100	213	1048	967
Q80VM3	Q80VM3	100.000	471	471	471
Q80VM3	A2A3L6	29.800	104	471	582
Q99207	Q99207	100.000	810	810	810
Q99207	Q9VEJ2	24.100	848	810	852
Q9CWH4	Q9CWH4	100.000	259	259	259
Q9LFB9	Q9LFB9	100.000	568	568	568
Q9SR64	Q9SR64	100.000	417	417	417
Q9SR64	Q8R139	25.200	463	417	528
Q9SR64	Q386F1	22.100	438	417	435
Q9SR64	Q14542	21.500	450	417	456
Q9SR64	P31381	22.100	446	417	517
Q9ZUU7	Q9ZUU7	100.000	462	462	462
Q9ZUU7	Q9LR67	24.600	373	462	660
Q9ZUU7	Q9FMF6	25.200	361	462	730
Q9ZUU7	Q9SSR4	28.300	243	462	819
Q9ZUU7	Q9SS81	24.700	380	462	687
Q9ZUU7	Q0WMY5	23.100	341	462	952
Q9ZUU7	Q9LMY5	23.800	306	462	826
Q9ZUU7	O81028	21.900	410	462	799
Q9ZUU7	Q9FLD8	24.900	393	462	678
Q9ZUU7	Q9LVA2	22.800	245	462	982
Q9ZUU7	O80958	23.800	273	462	867
Q9ZUU7	Q8RWS8	21.700	359	462	822
Q9ZUU7	P0C896	24.400	295	462	576
Q9ZUU7	Q9S7Q2	23.700	316	462	862
Q9ZUU7	Q9M3A8	21.700	340	462	629
Q9ZUU7	Q9LW84	24.700	279	462	642
Q9ZUU7	Q9LKU8	25.900	235	462	766
Q9ZUU7	Q9FRS4	21.900	355	462	559
Q9ZUU7	Q9LS88	23.300	411	462	842
Q9ZUU7	Q9SAD9	21.900	269	462	517
Q9ZUU7	Q9ZUU3	24.200	239	462	757
Q9ZUU7	Q3ECH5	20.600	363	462	544
Q9ZUU7	Q9SVH3	23.100	225	462	727
Q9ZUU7	Q9LSK8	23.100	225	462	688
Q9ZUU7	O82178	23.300	261	462	591
Q9ZUU7	Q0WLC6	22.100	190	462	1089
Q9ZUU7	Q9M2C8	23.300	223	462	498
Q9ZUU7	Q9FMU2	23.900	221	462	634
Q9ZUU7	Q9SQU6	19.200	260	462	486
Q9ZUU7	O49711	23.600	199	462	843
Q9ZUU7	Q3EDA9	21.400	303	462	608
Q9ZUU7	Q9LS25	23.300	223	462	711
Q9ZUU7	B3H4P1	24.400	192	462	661
Q9ZUU7	Q9M4P3	20.800	359	462	656
Q9ZUU7	Q9SNB7	23.300	150	462	665
Q9ZUU7	Q9SKU6	21.600	231	462	490
Q9ZUU7	Q9SGQ6	21.400	154	462	773
Q9ZUU7	O23278	25.700	101	462	501
Q9ZUU7	Q9SA76	18.600	134	462	1006
Q9ZUU7	O49343	23.500	153	462	452
B1XPX8	B1XPX8	100.000	585	585	585
B1XPX8	Q4J904	23.300	566	585	618
Q96AQ6	Q96AQ6	100.000	731	731	731
Q9LR64	Q9LR64	100.000	174	174	174
Q9NP50	Q9NP50	100.000	221	221	221
Q9UUA4	Q9UUA4	100.000	192	192	192
Q9Z2W0	Q9Z2W0	100.000	473	473	473
A2A2V5	A2A2V5	100.000	107	107	107
A6NJI1	A6NJI1	100.000	115	115	115
B2RBV5	B2RBV5	100.000	119	119	119
G5EBL8	G5EBL8	100.000	1013	1013	1013
P05531	P05531	100.000	208	208	208
Q20106	Q20106	100.000	184	184	184
Q3EBR6	Q3EBR6	100.000	529	529	529
Q3EBR6	P47145	28.000	175	529	328
Q94JY0	Q94JY0	100.000	330	330	330
Q9FGK4	Q9FGK4	100.000	395	395	395
Q9M1G5	Q9M1G5	100.000	568	568	568
Q9M1G5	Q9D0F1	21.100	530	568	642
Q9M1G5	Q10198	21.200	584	568	624
Q9M1G5	Q5A216	24.600	252	568	788
Q12285	Q12285	100.000	212	212	212
Q13956	Q13956	100.000	83	83	83
Q14BJ1	Q14BJ1	100.000	175	175	175
Q22505	Q22505	100.000	679	679	679
Q22505	Q3KR86	28.200	580	679	609
Q22505	P91928	24.900	686	679	739
Q504N7	Q504N7	100.000	393	393	393
P0C039	P0C039	100.000	94	94	94
P12787	P12787	100.000	146	146	146
P18888	P18888	100.000	332	332	332
P29413	P29413	100.000	406	406	406
P38883	P38883	100.000	763	763	763
P38883	A5DLL7	26.500	625	763	712
P50831	P50831	100.000	641	641	641
P50831	Q9W484	30.000	183	641	985
P75277	P75277	100.000	427	427	427
Q04895	Q04895	100.000	635	635	635
Q2M7R5	Q2M7R5	100.000	69	69	69
Q3U0P1	Q3U0P1	100.000	1104	1104	1104
Q12253	Q12253	100.000	270	270	270
Q12253	O13780	24.300	230	270	324
Q12253	Q08417	22.600	234	270	382
Q30KP8	Q30KP8	100.000	78	78	78
P03267	P03267	100.000	369	369	369
Q05127	Q05127	100.000	340	340	340
Q99KF1	Q99KF1	100.000	235	235	235
Q9C9K5	Q9C9K5	100.000	390	390	390
Q9C9K5	P38355	22.700	404	390	427
Q9LLC6	Q9LLC6	100.000	198	198	198
Q9LVA9	Q9LVA9	100.000	420	420	420
Q9SU79	Q9SU79	100.000	533	533	533
A1Z7R6	A1Z7R6	100.000	519	519	519
A1Z7R6	Q9BY10	23.400	435	519	475
Q9V3J1	Q9V3J1	100.000	468	468	468
O31447	O31447	100.000	732	732	732
P32488	P32488	100.000	338	338	338
P40933	P40933	100.000	162	162	162
P53120	P53120	100.000	1219	1219	1219
Q21653	Q21653	100.000	1182	1182	1182
Q21653	P53046	22.700	255	1182	1155
Q21653	Q11100	24.000	245	1182	665
Q21653	A8MVX0	23.100	173	1182	844
Q9M280	Q9M280	100.000	116	116	116
Q9P7K2	Q9P7K2	100.000	128	128	128
Q9S9P3	Q9S9P3	100.000	634	634	634
Q9V931	Q9V931	100.000	149	149	149
P38235	P38235	100.000	358	358	358
P38235	Q15493	26.800	201	358	299
P47069	P47069	100.000	682	682	682
P9WIM7	P9WIM7	100.000	240	240	240
Q02EA7	Q02EA7	100.000	163	163	163
Q04900	Q04900	100.000	197	197	197
A1Y9I9	A1Y9I9	100.000	258	258	258
B1AZA5	B1AZA5	100.000	876	876	876
O43615	O43615	100.000	452	452	452
O43615	Q01852	27.600	409	452	431
O43615	Q1PF33	24.700	242	452	474
O88533	O88533	100.000	480	480	480
O88533	Q9DBE0	24.700	396	480	493
O88533	Q6P474	21.200	207	480	469
P09119	P09119	100.000	513	513	513
Q04947	Q04947	100.000	295	295	295
Q06671	Q06671	100.000	453	453	453
Q0VBF8	Q0VBF8	100.000	141	141	141
Q12020	Q12020	100.000	392	392	392
Q17405	Q17405	100.000	1090	1090	1090
Q17405	A6NEC2	21.600	471	1090	478
P32354	P32354	100.000	571	571	571
P32354	O42709	26.600	349	571	593
P32354	Q9VIE6	24.100	153	571	776
P53317	P53317	100.000	196	196	196
P75482	P75482	100.000	220	220	220
Q04089	Q04089	100.000	582	582	582
Q04089	Q8INR6	26.300	307	582	1848
Q3U5Q7	Q3U5Q7	100.000	447	447	447
A2AJT4	A2AJT4	100.000	805	805	805
O13777	O13777	100.000	217	217	217
O75381	O75381	100.000	377	377	377
O75381	P53112	26.100	233	377	341
P01591	P01591	100.000	159	159	159
P14736	P14736	100.000	754	754	754
P14736	P51612	28.000	367	754	930
P14736	Q06665	23.600	271	754	692
D3YZI9	D3YZI9	100.000	523	523	523
O15260	O15260	100.000	269	269	269
P00370	P00370	100.000	447	447	447
P00370	P00365	29.000	148	447	1050
P16965	P16965	100.000	84	84	84
P19263	P19263	100.000	1082	1082	1082
P19263	P0CB66	24.700	340	1082	1420
P0ACW7	P0ACW7	100.000	74	74	74
P11447	P11447	100.000	457	457	457
P11447	Q5HEL4	25.000	307	457	431
P11447	P07343	23.700	312	457	462
P32608	P32608	100.000	588	588	588
P41847	P41847	100.000	238	238	238
P51571	P51571	100.000	173	173	173
P27665	P27665	100.000	325	325	325
P86434	P86434	100.000	159	159	159
Q10L32	Q10L32	100.000	136	136	136
P0DO24	P0DO24	100.000	649	649	649
Q9FVV6	Q9FVV6	100.000	701	701	701
Q9FVV6	P39904	22.800	507	701	641
P50108	P50108	100.000	393	393	393
P50108	O81007	24.400	143	393	449
Q9UUN5	Q9UUN5	100.000	171	171	171
O00515	O00515	100.000	517	517	517
O74434	O74434	100.000	626	626	626
P43638	P43638	100.000	1398	1398	1398
P43638	Q12276	27.400	765	1398	1246
P53719	P53719	100.000	212	212	212
P61326	P61326	100.000	146	146	146
P9WPZ3	P9WPZ3	100.000	404	404	404
Q05611	Q05611	100.000	235	235	235
Q15006	Q15006	100.000	297	297	297
Q9VPN2	Q9VPN2	100.000	505	505	505
Q9VPN2	Q9BXJ7	25.000	275	505	453
Q9Z160	Q9Z160	100.000	980	980	980
Q9Z160	Q9FFF3	23.600	990	980	1068
Q9Z160	Q9VGC3	24.400	990	980	886
O13695	O13695	100.000	536	536	536
O13992	O13992	100.000	965	965	965
O13992	Q03868	23.200	543	965	1245
P38215	P38215	100.000	129	129	129
O74865	O74865	100.000	326	326	326
P25659	P25659	100.000	250	250	250
P32493	P32493	100.000	518	518	518
P92553	P92553	100.000	145	145	145
Q09795	Q09795	100.000	598	598	598
Q9JIQ3	Q9JIQ3	100.000	237	237	237
Q9N3S2	Q9N3S2	100.000	627	627	627
Q9W5A5	Q9W5A5	100.000	655	655	655
Q9W5A5	P0C5X8	25.300	453	655	450
Q9W5A5	Q20332	20.300	461	655	519
F4JUQ2	F4JUQ2	100.000	920	920	920
O60099	O60099	100.000	515	515	515
Q9HDY7	Q9HDY7	100.000	336	336	336
Q9P3V0	Q9P3V0	100.000	366	366	366
Q9UTL8	Q9UTL8	100.000	825	825	825
Q9UTL8	Q80V94	23.800	512	825	1122
Q9UTL8	O81742	18.900	527	825	893
Q9UTL8	P38065	22.000	353	825	1025
K8ERU3	K8ERU3	100.000	1768	1768	1768
K8ERU3	Q6ZUA9	21.800	1057	1768	1318
K8ERU3	Q9BYG7	24.300	148	1768	248
P19955	P19955	100.000	123	123	123
A8MYP8	A8MYP8	100.000	253	253	253
P0A9F5	P0A9F5	100.000	324	324	324
P0A9F5	P20668	30.400	240	324	300
P0A9F5	P39647	28.700	240	324	299
P0A9F5	P03030	25.900	262	324	311
P32357	P32357	100.000	355	355	355
P32357	Q9D2V5	30.900	84	355	384
P38813	P38813	100.000	335	335	335
P82805	P82805	100.000	187	187	187
Q9P6B0	Q9P6B0	100.000	186	186	186
Q9QYM8	Q9QYM8	100.000	241	241	241
Q9SJM1	Q9SJM1	100.000	410	410	410
Q9SJM1	Q9SGA0	21.400	382	410	433
A6NI86	A6NI86	100.000	522	522	522
C0H461	C0H461	100.000	43	43	43
Q9Y5P2	Q9Y5P2	100.000	127	127	127
B3DNN5	B3DNN5	100.000	543	543	543
B3DNN5	Q62018	24.500	204	543	1173
B3DNN5	Q8C0S4	26.900	141	543	1314
O61820	O61820	100.000	432	432	432
P36069	P36069	100.000	295	295	295
P36069	Q9FGF0	28.300	240	295	282
P87164	P87164	100.000	1119	1119	1119
P87164	P08638	22.300	527	1119	886
Q51485	Q51485	100.000	454	454	454
Q64131	Q64131	100.000	409	409	409
Q6NLC8	Q6NLC8	100.000	225	225	225
Q6ZQL4	Q6ZQL4	100.000	677	677	677
Q6ZQL4	Q04177	23.500	523	677	643
Q86VD9	Q86VD9	100.000	579	579	579
Q86VD9	Q9JJQ0	25.000	467	579	542
P17622	P17622	100.000	124	124	124
P20193	P20193	100.000	1250	1250	1250
P50135	P50135	100.000	292	292	292
P55737	P55737	100.000	699	699	699
P9WGG5	P9WGG5	100.000	370	370	370
P9WGG5	P66808	29.200	195	370	216
P53895	P53895	100.000	289	289	289
P72757	P72757	100.000	241	241	241
P97762	P97762	100.000	213	213	213
P97762	Q9DA19	30.100	83	213	450
Q04705	Q04705	100.000	352	352	352
Q12259	Q12259	100.000	485	485	485
Q05468	Q05468	100.000	723	723	723
Q05468	Q8R3L2	24.600	422	723	676
Q05468	O13796	25.100	390	723	656
Q4JCK7	Q4JCK7	100.000	237	237	237
Q5DTW7	Q5DTW7	100.000	1521	1521	1521
Q8NFZ5	Q8NFZ5	100.000	429	429	429
Q92LK7	Q92LK7	100.000	294	294	294
Q8TD35	Q8TD35	100.000	194	194	194
Q969N2	Q969N2	100.000	578	578	578
Q9DA80	Q9DA80	100.000	389	389	389
Q9M1S9	Q9M1S9	100.000	486	486	486
Q9UGM5	Q9UGM5	100.000	382	382	382
Q9LFC0	Q9LFC0	100.000	360	360	360
Q9T0A4	Q9T0A4	100.000	250	250	250
O13565	O13565	100.000	187	187	187
O44445	O44445	100.000	122	122	122
O44445	P60192	31.100	93	122	136
O60279	O60279	100.000	629	629	629
Q9H875	Q9H875	100.000	184	184	184
Q9JJ79	Q9JJ79	100.000	4306	4306	4306
Q9JJ79	Q8BW94	27.700	3453	4306	4083
Q9JJ79	P36022	24.200	3973	4306	4092
Q9JJ79	O13290	24.800	2987	4306	4196
Q9JJ79	Q8IID4	19.500	4026	4306	5251
Q9JJ79	Q0VDD8	23.900	2240	4306	3507
Q9JJ79	Q96M86	19.700	3756	4306	4753
Q9JJ79	Q9NU22	23.600	389	4306	5596
P38173	P38173	100.000	110	110	110
P46338	P46338	100.000	300	300	300
P46338	Q02DZ3	28.700	310	300	323
P46338	P0AG83	25.700	229	300	346
P53083	P53083	100.000	459	459	459
P34942	P34942	100.000	343	343	343
P40473	P40473	100.000	351	351	351
P53202	P53202	100.000	744	744	744
P53202	Q13616	22.500	806	744	776
P53202	Q9UJX6	24.200	194	744	822
Q12522	Q12522	100.000	245	245	245
Q3TGW2	Q3TGW2	100.000	569	569	569
Q9JIP3	Q9JIP3	100.000	499	499	499
Q9JIP3	Q96F46	24.800	498	499	866
A6NNN8	A6NNN8	100.000	435	435	435
A6NNN8	O74327	26.700	362	435	420
A6NNN8	Q08AI6	24.300	333	435	406
A6NNN8	Q9LYM2	23.800	327	435	435
A6NNN8	Q9EQ25	22.200	377	435	547
A6NNN8	Q8K4D3	21.000	285	435	475
A6NNN8	Q8BGD6	22.200	270	435	560
O74429	O74429	100.000	920	920	920
P40338	P40338	100.000	181	181	181
P40338	Q9V3C1	27.400	113	181	178
P50444	P50444	100.000	381	381	381
Q8K136	Q8K136	100.000	229	229	229
Q8SAB7	Q8SAB7	100.000	1830	1830	1830
Q39249	Q39249	100.000	462	462	462
Q9SXY0	Q9SXY0	100.000	815	815	815
G5EGE9	G5EGE9	100.000	1263	1263	1263
Q9FMF8	Q9FMF8	100.000	549	549	549
Q9M096	Q9M096	100.000	301	301	301
Q9M096	Q9QZN1	24.200	272	301	701
Q9M096	Q9T0C6	21.400	289	301	333
Q9M096	P24814	21.300	206	301	1151
Q9M096	Q9H469	26.500	166	301	300
Q9M096	P38285	28.400	151	301	549
Q9M096	Q9SRR1	27.700	90	301	395
Q9M096	Q09299	24.700	194	301	738
O13865	O13865	100.000	681	681	681
O13865	A5DCP8	24.800	684	681	620
P23250	P23250	100.000	407	407	407
P33201	P33201	100.000	236	236	236
O60516	O60516	100.000	100	100	100
O75896	O75896	100.000	110	110	110
P01094	P01094	100.000	68	68	68
P02931	P02931	100.000	362	362	362
P21705	P21705	100.000	255	255	255
P60487	P60487	100.000	292	292	292
P60487	Q9H0R4	28.900	238	292	259
P60487	Q8TBE9	34.000	91	292	248
Q03036	Q03036	100.000	179	179	179
Q09EF7	Q09EF7	100.000	1955	1955	1955
Q09EF7	Q08581	26.900	293	1955	821
Q09EF7	Q5TZA2	26.100	168	1955	2017
Q5XF03	Q5XF03	100.000	500	500	500
Q8K2I9	Q8K2I9	100.000	1042	1042	1042
Q8K2I9	Q9QZN1	26.900	193	1042	701
Q8K2I9	Q12039	21.800	307	1042	706
Q9LX15	Q9LX15	100.000	164	164	164
Q9SHQ9	Q9SHQ9	100.000	300	300	300
Q9WTY1	Q9WTY1	100.000	482	482	482
A2ADZ8	A2ADZ8	100.000	418	418	418
O13733	O13733	100.000	637	637	637
O13733	Q9EQC5	28.000	534	637	806
O13733	Q12453	24.800	547	637	761
O13733	Q9DBQ7	22.600	314	637	735
P47053	P47053	100.000	257	257	257
P47053	P36111	27.600	130	257	568
Q21244	Q21244	100.000	127	127	127
Q85601	Q85601	100.000	170	170	170
Q96FN9	Q96FN9	100.000	168	168	168
Q9CPW5	Q9CPW5	100.000	183	183	183
Q99L00	Q99L00	100.000	373	373	373
Q9CYC5	Q9CYC5	100.000	348	348	348
Q9H0W9	Q9H0W9	100.000	315	315	315
Q9NZD4	Q9NZD4	100.000	102	102	102
Q9QX69	Q9QX69	100.000	399	399	399
Q79FW0	Q79FW0	100.000	289	289	289
Q79FW0	Q5HF24	22.000	286	289	282
Q7Z7N9	Q7Z7N9	100.000	219	219	219
Q8BSN9	Q8BSN9	100.000	661	661	661
Q8BSN9	Q9JIX9	27.900	318	661	511
Q8BSN9	Q6DI86	26.000	334	661	829
Q8BSN9	Q91YM4	25.000	522	661	630
Q8BSN9	Q7L8L6	22.100	429	661	764
Q8BSN9	Q5M7V7	21.600	638	661	679
Q8N4L2	Q8N4L2	100.000	257	257	257
Q8R4S8	Q8R4S8	100.000	360	360	360
Q8R4S8	P31785	21.500	301	360	369
Q569C0	Q569C0	100.000	134	134	134
Q5ADS3	Q5ADS3	100.000	716	716	716
Q5ADS3	C5DHP1	26.800	681	716	566
Q6PAL0	Q6PAL0	100.000	825	825	825
Q8C456	Q8C456	100.000	722	722	722
Q8WXC6	Q8WXC6	100.000	57	57	57
Q99MX7	Q99MX7	100.000	572	572	572
Q9BY14	Q9BY14	100.000	249	249	249
Q9D826	Q9D826	100.000	390	390	390
Q9D826	Q63342	21.600	392	390	857
Q9UHA7	Q9UHA7	100.000	158	158	158
Q9VCI3	Q9VCI3	100.000	431	431	431
Q9VCI3	Q9VXY7	25.800	174	431	352
Q9VCI3	O60664	25.000	148	431	434
P87308	P87308	100.000	304	304	304
P87308	P25369	28.700	358	304	354
Q02I11	Q02I11	100.000	389	389	389
Q08991	Q08991	100.000	375	375	375
Q3E772	Q3E772	100.000	92	92	92
Q3MIP1	Q3MIP1	100.000	535	535	535
Q3MIP1	Q3TNL8	26.000	414	535	555
P03191	P03191	100.000	404	404	404
Q9FIG7	Q9FIG7	100.000	185	185	185
Q9FIG7	Q9SH66	28.100	167	185	182
Q9FIG7	Q9M3C8	28.500	119	185	306
Q9LZM7	Q9LZM7	100.000	209	209	209
Q9SQR3	Q9SQR3	100.000	267	267	267
Q9SQR3	Q8R164	21.900	241	267	291
A6NDU8	A6NDU8	100.000	294	294	294
P46945	P46945	100.000	554	554	554
P61804	P61804	100.000	113	113	113
P75231	P75231	100.000	558	558	558
P75231	O34751	29.900	571	558	553
Q03219	Q03219	100.000	274	274	274
Q06623	Q06623	100.000	655	655	655
Q06623	Q06629	28.500	168	655	674
P34549	P34549	100.000	444	444	444
P38233	P38233	100.000	116	116	116
P38885	P38885	100.000	310	310	310
P42939	P42939	100.000	101	101	101
P49458	P49458	100.000	86	86	86
D3Z070	D3Z070	100.000	196	196	196
O05442	O05442	100.000	846	846	846
O53672	O53672	100.000	97	97	97
O75575	O75575	100.000	148	148	148
O88531	O88531	100.000	306	306	306
Q5AGC1	Q5AGC1	100.000	326	326	326
Q5PR68	Q5PR68	100.000	954	954	954
Q6Q759	Q6Q759	100.000	2223	2223	2223
Q8TAA1	Q8TAA1	100.000	199	199	199
Q91YX5	Q91YX5	100.000	370	370	370
Q91YX5	O94361	24.500	179	370	350
Q5XPT3	Q5XPT3	100.000	690	690	690
Q5XPT3	Q8BWP8	29.900	324	690	415
Q5XPT3	Q3U4G3	27.700	220	690	392
Q5XPT3	Q3UHH8	25.400	248	690	404
Q7Z5L0	Q7Z5L0	100.000	202	202	202
Q86WW8	Q86WW8	100.000	74	74	74
Q8BGN2	Q8BGN2	100.000	192	192	192
Q8CDE2	Q8CDE2	100.000	588	588	588
Q8CDE2	Q9NVR0	24.000	594	588	708
Q8CDE2	Q8CA72	21.600	448	588	597
Q8CDE2	Q9LMR5	25.400	106	588	359
Q9D8N6	Q9D8N6	100.000	246	246	246
Q9H0E3	Q9H0E3	100.000	1048	1048	1048
Q9R0L6	Q9R0L6	100.000	2025	2025	2025
A6NMZ2	A6NMZ2	100.000	147	147	147
B0BNF0	B0BNF0	100.000	233	233	233
Q8TDX5	Q8TDX5	100.000	336	336	336
Q9BRQ8	Q9BRQ8	100.000	373	373	373
Q9BRQ8	P52923	20.800	384	373	378
Q9BRQ8	P38681	24.200	268	373	1176
Q9BRQ8	O80874	25.900	181	373	508
Q9CQS9	Q9CQS9	100.000	234	234	234
Q9DAM7	Q9DAM7	100.000	115	115	115
Q9DCJ9	Q9DCJ9	100.000	320	320	320
Q9DCJ9	Q8Y766	27.400	299	320	293
Q9DCJ9	Q9DCU9	26.100	302	320	321
Q9FIA9	Q9FIA9	100.000	81	81	81
Q9HCN2	Q9HCN2	100.000	124	124	124
Q9LK88	Q9LK88	100.000	196	196	196
Q9M391	Q9M391	100.000	280	280	280
Q9SIT5	Q9SIT5	100.000	821	821	821
Q9SIT5	Q9SAK8	29.700	779	821	783
O13684	O13684	100.000	261	261	261
O48848	O48848	100.000	201	201	201
O80568	O80568	100.000	488	488	488
O80568	Q9SBA5	25.900	189	488	319
P47152	P47152	100.000	169	169	169
Q0PGW2	Q0PGW2	100.000	455	455	455
Q0PGW2	P36090	24.300	312	455	516
Q0PGW2	Q8NBF6	23.600	224	455	648
Q9LZM3	Q9LZM3	100.000	309	309	309
Q9P7X3	Q9P7X3	100.000	245	245	245
Q9P7X3	Q14331	25.700	264	245	258
Q9SZ42	Q9SZ42	100.000	323	323	323
A6ND91	A6ND91	100.000	283	283	283
O15399	O15399	100.000	1336	1336	1336
O15399	P39086	28.000	557	1336	918
O15399	O81776	22.800	346	1336	896
O15399	Q9VW78	20.300	467	1336	636
O75001	O75001	100.000	760	760	760
O75001	Q9VF30	26.200	582	760	885
P49901	P49901	100.000	116	116	116
P49901	P15265	40.100	102	116	143
P56786	P56786	100.000	2294	2294	2294
A0A1D8PM93	A0A1D8PM93	100.000	512	512	512
A0A1D8PM93	P39998	27.700	595	512	551
A0A1D8PM93	Q502M5	26.000	364	512	507
O08314	O08314	100.000	371	371	371
O08314	Q9VSZ6	27.000	251	371	418
O08314	Q9H974	23.800	281	371	415
O08314	Q980L7	23.600	372	371	503
O95157	O95157	100.000	252	252	252
P04180	P04180	100.000	440	440	440
P04180	P40345	24.300	432	440	661
P04180	Q4VCM1	27.800	262	440	633
P16872	P16872	100.000	459	459	459
P16872	Q99665	24.300	218	459	862
P33757	P33757	100.000	523	523	523
P38769	P38769	100.000	630	630	630
P38769	A3GFA2	21.600	722	630	749
Q19541	Q19541	100.000	169	169	169
Q93V51	Q93V51	100.000	259	259	259
Q9CPQ5	Q9CPQ5	100.000	267	267	267
Q9CXP9	Q9CXP9	100.000	373	373	373
Q9CXP9	P38289	22.800	306	373	585
Q9UUE5	Q9UUE5	100.000	675	675	675
Q9UUE5	P46673	20.300	546	675	744
Q9UUE5	Q9BW27	20.600	513	675	656
Q9ER73	Q9ER73	100.000	422	422	422
Q9ER73	Q9C778	25.600	335	422	355
Q9ER73	Q02884	25.600	398	422	456
Q9ER73	Q9USP1	25.900	354	422	361
Q9Y5X3	Q9Y5X3	100.000	404	404	404
A7TMK6	A7TMK6	100.000	230	230	230
J3QPP8	J3QPP8	100.000	127	127	127
O45406	O45406	100.000	134	134	134
Q499B3	Q499B3	100.000	835	835	835
Q499B3	Q22992	27.000	285	835	1145
Q9LHJ3	Q9LHJ3	100.000	72	72	72
Q9LTR9	Q9LTR9	100.000	434	434	434
A0A1D8PL99	A0A1D8PL99	100.000	236	236	236
A0A1D8PL99	Q4JAI1	28.400	102	236	213
O13703	O13703	100.000	389	389	389
O13703	Q9NP79	26.600	154	389	307
Q4J978	Q4J978	100.000	311	311	311
Q6A025	Q6A025	100.000	1163	1163	1163
Q8N5G0	Q8N5G0	100.000	67	67	67
Q8N8Q8	Q8N8Q8	100.000	333	333	333
Q8N8Q8	O14300	26.500	245	333	374
Q8N8Q8	Q9FYL3	24.600	284	333	499
Q8WW43	Q8WW43	100.000	257	257	257
Q23421	Q23421	100.000	703	703	703
Q8BQ30	Q8BQ30	100.000	594	594	594
Q8BQ30	Q8BQ30	100.000	594	594	594
Q8IV31	Q8IV31	100.000	216	216	216
Q8K1D8	Q8K1D8	100.000	76	76	76
Q8N1X5	Q8N1X5	100.000	172	172	172
C6KTD4	C6KTD4	100.000	328	328	328
O60082	O60082	100.000	274	274	274
O60082	P38177	23.400	345	274	466
P34478	P34478	100.000	691	691	691
P08411	P08411	100.000	2432	2432	2432
P0CT04	P0CT04	100.000	75	75	75
P0CT04	P0CT04	100.000	75	75	75
O31777	O31777	100.000	392	392	392
O95561	O95561	100.000	183	183	183
P0ADB7	P0ADB7	100.000	48	48	48
P0AFM2	P0AFM2	100.000	330	330	330
P36119	P36119	100.000	530	530	530
P36119	O13855	26.200	484	530	455
Q10213	Q10213	100.000	887	887	887
Q10213	D1KF50	25.700	741	887	1147
Q10213	Q12039	23.100	669	887	706
Q99PV3	Q99PV3	100.000	735	735	735
Q99PV3	O14248	24.500	253	735	1125
Q99PV3	Q6PID8	27.900	129	735	442
A0A061ACU2	A0A061ACU2	100.000	2442	2442	2442
A0A061ACU2	M9MSG8	26.500	2712	2442	2551
A0A061ACU2	Q0KL00	25.700	2714	2442	2535
A0A061ACU2	F4IN58	21.000	621	2442	2462
P69735	P69735	100.000	775	775	775
Q27365	Q27365	100.000	719	719	719
Q9D7V9	Q9D7V9	100.000	362	362	362
Q9UBY8	Q9UBY8	100.000	286	286	286
B2RYG7	B2RYG7	100.000	444	444	444
O61787	O61787	100.000	372	372	372
O61787	Q9V427	26.300	273	372	367
O61787	O62136	23.200	374	372	434
O61787	Q9VR82	23.900	301	372	481
P06297	P06297	100.000	39	39	39
Q03898	Q03898	100.000	291	291	291
Q07349	Q07349	100.000	420	420	420
Q2M2E5	Q2M2E5	100.000	130	130	130
Q4KLK9	Q4KLK9	100.000	194	194	194
Q64017	Q64017	100.000	513	513	513
Q64017	Q18534	28.700	181	513	457
Q64017	Q7TMA4	25.000	252	513	361
Q86VW0	Q86VW0	100.000	696	696	696
Q8IYN6	Q8IYN6	100.000	164	164	164
Q8N6G2	Q8N6G2	100.000	289	289	289
Q8R2U2	Q8R2U2	100.000	564	564	564
Q8VD37	Q8VD37	100.000	806	806	806
Q6GVH5	Q6GVH5	100.000	696	696	696
Q80V86	Q80V86	100.000	995	995	995
Q8K4R9	Q8K4R9	100.000	808	808	808
Q8WXI9	Q8WXI9	100.000	593	593	593
Q8WXI9	G5ED89	24.900	405	593	724
Q96DM1	Q96DM1	100.000	585	585	585
F4J6T7	F4J6T7	100.000	868	868	868
Q66765	Q66765	100.000	2292	2292	2292
Q66765	Q86119	23.400	388	2292	2344
Q66765	P09814	28.000	242	2292	3023
Q21446	Q21446	100.000	539	539	539
Q61168	Q61168	100.000	261	261	261
Q61168	Q15012	26.500	267	261	233
Q7MN57	Q7MN57	100.000	149	149	149
Q9JK24	Q9JK24	100.000	453	453	453
Q9JK24	Q9SLI8	26.900	315	453	535
Q9VU08	Q9VU08	100.000	3919	3919	3919
Q9VU08	Q5THJ4	29.500	4489	3919	4388
Q9VU08	Q07878	19.500	2283	3919	3144
Q9VU08	O42926	20.500	1875	3919	3131
Q9VU08	Q5H8C4	19.400	2268	3919	3166
Q9BXJ7	Q9BXJ7	100.000	453	453	453
Q9BXJ7	Q9VPN2	25.000	275	453	505
O14229	O14229	100.000	456	456	456
O14229	Q9Y5Q8	28.800	319	456	519
P04488	P04488	100.000	550	550	550
Q9D8U6	Q9D8U6	100.000	183	183	183
Q9FME8	Q9FME8	100.000	729	729	729
Q9FME8	Q9SHY2	20.700	646	729	688
O60174	O60174	100.000	582	582	582
O60174	Q06339	25.500	411	582	672
P85828	P85828	100.000	314	314	314
P85828	Q9QUN9	28.100	110	314	349
Q1T7F1	Q1T7F1	100.000	81	81	81
Q9H0U3	Q9H0U3	100.000	335	335	335
Q9UU76	Q9UU76	100.000	642	642	642
Q9UU76	O61345	24.100	430	642	737
Q9Z2M7	Q9Z2M7	100.000	242	242	242
D0EL35	D0EL35	100.000	1272	1272	1272
Q9BVM4	Q9BVM4	100.000	153	153	153
Q9BVM4	P39759	32.500	80	153	277
Q9VCE1	Q9VCE1	100.000	422	422	422
O13961	O13961	100.000	601	601	601
P47124	P47124	100.000	396	396	396
P47124	Q10323	26.300	114	396	356
Q9C8M1	Q9C8M1	100.000	332	332	332
Q9C8M1	Q9FYE5	25.500	294	332	309
Q9C8M1	Q8VCX2	25.900	316	332	364
Q9H6L2	Q9H6L2	100.000	316	316	316
Q9SAD9	Q9SAD9	100.000	517	517	517
Q9SAD9	Q9FMF6	29.200	530	517	730
Q9SAD9	O80958	29.600	418	517	867
Q9SAD9	Q9SS81	26.500	463	517	687
Q9SAD9	Q9SSR4	26.500	437	517	819
Q9SAD9	Q9LMY5	24.900	481	517	826
Q9SAD9	Q9LKU8	25.800	526	517	766
Q9SAD9	Q0WMY5	21.400	514	517	952
Q9SAD9	Q9LR67	29.300	344	517	660
Q9SAD9	O81028	26.500	415	517	799
Q9SAD9	Q9LVA2	26.800	466	517	982
Q9SAD9	Q9FRS4	25.200	428	517	559
Q9SAD9	Q9LW84	24.700	496	517	642
Q9SAD9	Q9ZUU3	24.200	537	517	757
Q9SAD9	Q9FLD8	23.900	496	517	678
Q9SAD9	Q9SVH3	22.400	473	517	727
Q9SAD9	Q9MAG8	25.900	304	517	471
Q9SAD9	O82178	24.500	411	517	591
Q9SAD9	Q9LS88	22.600	454	517	842
Q9SAD9	Q8RWS8	25.400	421	517	822
Q9SAD9	Q3EDA9	24.200	490	517	608
Q9SAD9	Q9FMU2	24.600	462	517	634
Q9SAD9	Q9S7Q2	23.200	435	517	862
Q9SAD9	Q9LSK8	23.600	504	517	688
Q9SAD9	Q9M3A8	23.300	416	517	629
Q9SAD9	Q9M4P3	24.200	461	517	656
Q9SAD9	Q0WLC6	21.200	396	517	1089
Q9SAD9	Q9LS25	26.800	324	517	711
Q9SAD9	Q9SAK0	24.400	331	517	836
Q9SAD9	Q9M2C8	25.700	357	517	498
Q9SAD9	P0C896	23.800	327	517	576
Q9SAD9	Q3ECH5	21.900	415	517	544
Q9SAD9	Q9SQU6	21.400	369	517	486
Q9SAD9	Q9SNB7	21.600	467	517	665
Q9SAD9	Q9SA76	22.800	394	517	1006
Q9SAD9	Q9ZUU7	21.900	269	517	462
Q9SAD9	Q9SGQ6	21.000	318	517	773
Q9SAD9	B3H4P1	20.500	452	517	661
Q9SAD9	O49711	22.400	183	517	843
Q9SAD9	Q9FZD1	20.900	439	517	630
Q9SAD9	Q9SA60	20.400	293	517	793
Q9SAD9	Q9SKU6	23.000	265	517	490
Q9SAD9	Q8LPF1	19.300	290	517	668
Q9SAD9	P32522	19.300	414	517	965
Q9SAD9	O49343	23.600	190	517	452
Q9SAD9	O23278	21.500	181	517	501
O34909	O34909	100.000	580	580	580
P36090	P36090	100.000	516	516	516
P36090	Q0PGW2	24.000	332	516	455
P70996	P70996	100.000	172	172	172
P9WQN9	P9WQN9	100.000	340	340	340
O64587	O64587	100.000	206	206	206
O64587	Q5TA50	23.100	207	206	214
O75394	O75394	100.000	65	65	65
O82244	O82244	100.000	438	438	438
P29070	P29070	100.000	917	917	917
Q0IWM5	Q0IWM5	100.000	302	302	302
O62053	O62053	100.000	111	111	111
O75204	O75204	100.000	238	238	238
O96133	O96133	100.000	1979	1979	1979
O96133	O96133	100.000	1979	1979	1979
O96133	P32380	24.000	653	1979	944
O96133	O97237	27.800	374	1979	1139
O96133	Q09EF7	23.700	286	1979	1955
O96133	O77384	26.000	507	1979	3394
P32804	P32804	100.000	376	376	376
P32804	O82643	28.800	322	376	344
P32804	Q9LTH9	19.200	291	376	353
P40060	P40060	100.000	125	125	125
P40060	P46951	34.500	81	125	817
Q8TAP6	Q8TAP6	100.000	659	659	659
Q8TAP6	Q9P2K1	21.400	369	659	1620
Q9BS92	Q9BS92	100.000	247	247	247
Q9BS92	O55125	24.500	216	247	284
Q9CQ13	Q9CQ13	100.000	173	173	173
Q9DB90	Q9DB90	100.000	520	520	520
Q9DB90	Q9XWJ1	29.700	232	520	385
Q9HD40	Q9HD40	100.000	501	501	501
O95707	O95707	100.000	220	220	220
P15530	P15530	100.000	228	228	228
P34343	P34343	100.000	1129	1129	1129
P34343	Q9VCW3	18.600	1095	1129	1200
P34343	F1QNV4	19.300	1035	1129	1136
Q12379	Q12379	100.000	170	170	170
Q157S1	Q157S1	100.000	630	630	630
B0R758	B0R758	100.000	195	195	195
E9PV87	E9PV87	100.000	1520	1520	1520
P33314	P33314	100.000	1104	1104	1104
P33314	Q5A506	29.500	1017	1104	1237
Q3UFT3	Q3UFT3	100.000	876	876	876
A7TG43	A7TG43	100.000	169	169	169
P38787	P38787	100.000	379	379	379
Q3EDA9	Q3EDA9	100.000	608	608	608
Q3EDA9	Q9FMF6	23.400	643	608	730
Q3EDA9	Q9SS81	22.900	548	608	687
Q3EDA9	O80958	22.300	631	608	867
Q3EDA9	Q9LW84	22.600	495	608	642
Q3EDA9	Q9SAD9	23.000	469	608	517
Q3EDA9	Q9SSR4	20.600	542	608	819
Q3EDA9	Q0WMY5	23.000	378	608	952
Q3EDA9	Q9LR67	22.600	538	608	660
Q3EDA9	Q9LMY5	21.800	585	608	826
Q3EDA9	Q9LVA2	22.400	445	608	982
Q3EDA9	Q9S7Q2	20.300	438	608	862
Q3EDA9	Q9FRS4	25.300	363	608	559
Q3EDA9	Q9SVH3	22.300	541	608	727
Q3EDA9	Q9FMU2	20.400	503	608	634
Q3EDA9	Q9LKU8	21.000	465	608	766
Q3EDA9	Q8RWS8	22.600	420	608	822
Q3EDA9	Q9MAG8	23.700	308	608	471
Q3EDA9	Q9ZUU3	18.300	535	608	757
Q3EDA9	Q9FLD8	19.800	626	608	678
Q3EDA9	O81028	21.800	466	608	799
Q3EDA9	O82178	20.000	374	608	591
Q3EDA9	Q0WLC6	21.600	355	608	1089
Q3EDA9	Q3ECH5	27.700	184	608	544
Q3EDA9	Q9LS25	21.400	448	608	711
Q3EDA9	Q9SQU6	21.100	341	608	486
Q3EDA9	Q9LS88	20.700	371	608	842
Q3EDA9	Q9LSK8	20.700	439	608	688
Q3EDA9	Q9M3A8	22.500	301	608	629
Q3EDA9	P0C896	21.900	355	608	576
Q3EDA9	Q9SNB7	25.900	227	608	665
Q3EDA9	Q9SAK0	22.200	292	608	836
Q3EDA9	Q9M2C8	20.400	333	608	498
Q3EDA9	Q9SA76	20.900	287	608	1006
Q3EDA9	Q9ZUU7	22.300	304	608	462
Q3EDA9	Q9M4P3	20.500	414	608	656
Q3EDA9	Q8LPF1	21.600	323	608	668
Q3EDA9	Q9SGQ6	19.400	216	608	773
Q3EDA9	Q9SA60	22.300	152	608	793
Q3EDA9	B3H4P1	26.300	114	608	661
Q3EDA9	O49711	21.500	172	608	843
Q3EDA9	O49343	22.600	146	608	452
Q3EDA9	P32522	19.800	357	608	965
A4IFH6	A4IFH6	100.000	52	52	52
O00483	O00483	100.000	81	81	81
O14810	O14810	100.000	134	134	134
P01830	P01830	100.000	161	161	161
P04156	P04156	100.000	253	253	253
P0AEL5	P0AEL5	100.000	75	75	75
P0CF17	P0CF17	100.000	737	737	737
P38758	P38758	100.000	523	523	523
P38758	Q7UCT6	23.100	173	523	432
P96619	P96619	100.000	338	338	338
Q00604	Q00604	100.000	133	133	133
Q03714	Q03714	100.000	838	838	838
Q16739	Q16739	100.000	394	394	394
Q16739	Q4J8Q7	26.500	132	394	464
Q5VWK5	Q5VWK5	100.000	629	629	629
Q5VWK5	Q99665	24.200	305	629	862
Q5VWK5	Q99062	24.000	233	629	836
O81014	O81014	100.000	383	383	383
P32584	P32584	100.000	239	239	239
Q08774	Q08774	100.000	242	242	242
Q3E7A3	Q3E7A3	100.000	74	74	74
Q3U1C6	Q3U1C6	100.000	294	294	294
Q3U1C6	Q6P1N9	22.700	272	294	297
Q3U1C6	Q93075	26.100	176	294	761
Q12516	Q12516	100.000	437	437	437
Q5T0Z8	Q5T0Z8	100.000	1188	1188	1188
Q76KJ5	Q76KJ5	100.000	399	399	399
Q86TY3	Q86TY3	100.000	774	774	774
Q8CDW1	Q8CDW1	100.000	299	299	299
Q01459	Q01459	100.000	385	385	385
Q01459	O05495	22.700	246	385	420
Q01459	Q13231	21.900	264	385	466
Q01459	Q06350	23.700	299	385	511
Q4JAZ7	Q4JAZ7	100.000	415	415	415
Q66H45	Q66H45	100.000	186	186	186
Q7LXU0	Q7LXU0	100.000	143	143	143
Q7Z7H3	Q7Z7H3	100.000	387	387	387
Q9W0G6	Q9W0G6	100.000	253	253	253
Q9Y7U0	Q9Y7U0	100.000	1184	1184	1184
C5DGS4	C5DGS4	100.000	358	358	358
F4J3R7	F4J3R7	100.000	684	684	684
F4J3R7	F4J3R7	100.000	684	684	684
O43042	O43042	100.000	326	326	326
O43042	P36516	28.700	330	326	390
Q9H4A5	Q9H4A5	100.000	285	285	285
Q9N5M2	Q9N5M2	100.000	141	141	141
Q9R1X4	Q9R1X4	100.000	1197	1197	1197
Q9R1X4	G5EDN3	26.900	1035	1197	1353
Q9R1X4	Q9UUM2	24.400	527	1197	971
O60187	O60187	100.000	660	660	660
P48539	P48539	100.000	62	62	62
O07584	O07584	100.000	199	199	199
O94708	O94708	100.000	394	394	394
P13725	P13725	100.000	252	252	252
P38280	P38280	100.000	609	609	609
Q03071	Q03071	100.000	99	99	99
Q03071	O49484	30.400	105	99	152
P37811	P37811	100.000	181	181	181
P37811	P27180	25.200	170	181	185
P37811	P09457	21.300	173	181	212
P38238	P38238	100.000	310	310	310
P40547	P40547	100.000	921	921	921
P40547	O13986	23.900	343	921	789
P40547	Q9DBR3	19.700	298	921	673
P71036	P71036	100.000	133	133	133
P75310	P75310	100.000	1033	1033	1033
P41544	P41544	100.000	203	203	203
P47096	P47096	100.000	177	177	177
P54717	P54717	100.000	254	254	254
P71055	P71055	100.000	384	384	384
P9WIP9	P9WIP9	100.000	199	199	199
Q9P7F2	Q9P7F2	100.000	712	712	712
Q9P7F2	Q8JZQ5	25.000	435	712	751
E9Q5Z5	E9Q5Z5	100.000	343	343	343
O13743	O13743	100.000	269	269	269
O32132	O32132	100.000	101	101	101
O34760	O34760	100.000	281	281	281
Q03208	Q03208	100.000	357	357	357
Q04377	Q04377	100.000	747	747	747
Q10128	Q10128	100.000	718	718	718
Q2M385	Q2M385	100.000	716	716	716
Q64314	Q64314	100.000	382	382	382
P05231	P05231	100.000	212	212	212
P20073	P20073	100.000	488	488	488
P20073	O04023	45.300	119	488	324
P40168	P40168	100.000	261	261	261
P50112	P50112	100.000	268	268	268
P63610	P63610	100.000	361	361	361
Q9Y802	Q9Y802	100.000	1000	1000	1000
P32389	P32389	100.000	672	672	672
P38278	P38278	100.000	337	337	337
P54169	P54169	100.000	377	377	377
P54169	Q9V9U4	26.400	106	377	302
P97544	P97544	100.000	312	312	312
Q03784	Q03784	100.000	219	219	219
Q03784	Q9Y296	29.100	237	219	219
Q08110	Q08110	100.000	124	124	124
Q0JNL3	Q0JNL3	100.000	329	329	329
Q21551	Q21551	100.000	169	169	169
Q21551	Q9NX63	30.600	62	169	227
Q3KR92	Q3KR92	100.000	370	370	370
P04279	P04279	100.000	462	462	462
P0ACI9	P0ACI9	100.000	152	152	152
P17050	P17050	100.000	411	411	411
P36521	P36521	100.000	249	249	249
P38319	P38319	100.000	544	544	544
P38319	Q9NUW8	25.200	447	544	608
Q96TL7	Q96TL7	100.000	693	693	693
Q9FH80	Q9FH80	100.000	689	689	689
A1KMU5	A1KMU5	100.000	381	381	381
A1KMU5	P9WM03	28.100	206	381	340
A6TDR7	A6TDR7	100.000	364	364	364
O14179	O14179	100.000	246	246	246
Q7TNK0	Q7TNK0	100.000	453	453	453
Q8IV20	Q8IV20	100.000	430	430	430
Q8IV20	A0A384KG77	28.300	226	430	243
Q8N9R8	Q8N9R8	100.000	606	606	606
Q96DC7	Q96DC7	100.000	493	493	493
Q9BRQ0	Q9BRQ0	100.000	406	406	406
Q15185	Q15185	100.000	160	160	160
Q3E784	Q3E784	100.000	85	85	85
Q53AQ4	Q53AQ4	100.000	245	245	245
Q5TD94	Q5TD94	100.000	716	716	716
Q86MI0	Q86MI0	100.000	468	468	468
Q24050	Q24050	100.000	262	262	262
Q5FVJ7	Q5FVJ7	100.000	185	185	185
Q6IC98	Q6IC98	100.000	578	578	578
Q8BJW6	Q8BJW6	100.000	581	581	581
Q8BJW6	P53235	28.400	643	581	642
Q9H0C3	Q9H0C3	100.000	514	514	514
P0DMS1	P0DMS1	100.000	947	947	947
P54654	P54654	100.000	464	464	464
Q15526	Q15526	100.000	300	300	300
Q15526	P53266	25.800	321	300	389
Q15526	Q9LP74	23.700	248	300	384
Q41769	Q41769	100.000	638	638	638
Q41769	A1KGY5	25.000	495	638	560
Q9FFF4	Q9FFF4	100.000	477	477	477
Q9FFF4	O60086	28.500	196	477	289
Q9CXT8	Q9CXT8	100.000	489	489	489
Q9CXT8	Q9FJT9	23.600	224	489	956
Q9V3N8	Q9V3N8	100.000	286	286	286
Q2YFS2	Q2YFS2	100.000	224	224	224
Q9M3C8	Q9M3C8	100.000	306	306	306
Q9M3C8	Q9FIG7	28.500	119	306	185
Q9M3C8	Q9SH66	28.300	106	306	182
Q9Y7N2	Q9Y7N2	100.000	138	138	138
Q9Y7N2	P25046	40.000	60	138	220
C0H571	C0H571	100.000	1378	1378	1378
P38256	P38256	100.000	230	230	230
P47177	P47177	100.000	404	404	404
P47177	Q5HHG4	29.900	341	404	355
P47177	Q01284	29.600	118	404	378
Q10988	Q10988	100.000	599	599	599
Q9C5E8	Q9C5E8	100.000	93	93	93
P53179	P53179	100.000	542	542	542
P91240	P91240	100.000	635	635	635
P91240	P38688	26.500	245	635	640
Q02574	Q02574	100.000	474	474	474
Q08750	Q08750	100.000	479	479	479
Q13443	Q13443	100.000	819	819	819
P04859	P04859	100.000	568	568	568
Q9ERY9	Q9ERY9	100.000	140	140	140
Q9M219	Q9M219	100.000	558	558	558
Q9M219	Q9FK23	19.900	457	558	500
Q9M219	Q9C6A1	25.500	133	558	445
Q9M219	Q9SJ50	30.100	83	558	333
O42709	O42709	100.000	593	593	593
O42709	P32354	29.500	213	593	571
O42709	Q9VIE6	27.800	176	593	776
P0C8F1	P0C8F1	100.000	98	98	98
Q9P0U1	Q9P0U1	100.000	55	55	55
Q9VNP5	Q9VNP5	100.000	1059	1059	1059
Q9VNP5	Q9VL52	24.300	699	1059	1476
Q9VNP5	Q587J7	21.900	655	1059	1177
Q08218	Q08218	100.000	356	356	356
Q9CQC3	Q9CQC3	100.000	228	228	228
Q9LUV1	Q9LUV1	100.000	173	173	173
Q9LUV1	Q9FJR5	29.200	140	173	174
Q9LUV1	O49603	27.600	141	173	180
P38771	P38771	100.000	230	230	230
P39410	P39410	100.000	443	443	443
P96585	P96585	100.000	283	283	283
P9WN99	P9WN99	100.000	469	469	469
P9WN99	P39604	24.500	363	469	393
Q08561	Q08561	100.000	116	116	116
Q9Y7J2	Q9Y7J2	100.000	160	160	160
Q9Y7J2	Q9JHS3	22.200	157	160	125
A0JPQ7	A0JPQ7	100.000	397	397	397
A2RRP1	A2RRP1	100.000	2371	2371	2371
A2RRP1	Q9FIN7	21.900	1894	2371	2376
P27641	P27641	100.000	732	732	732
P27641	Q9FQ09	25.900	725	732	680
P27641	P23475	19.400	618	732	608
P38934	P38934	100.000	470	470	470
P38934	Q9P3W6	27.400	462	470	468
P69555	P69555	100.000	73	73	73
P9WGF3	P9WGF3	100.000	1205	1205	1205
P9WGF3	Q8IY18	24.000	154	1205	1101
P9WGF3	Q12749	27.400	135	1205	1114
P9WGF3	Q924W5	25.000	172	1205	1097
Q14849	Q14849	100.000	445	445	445
Q14849	Q96DR4	28.600	129	445	205
Q14849	Q9Y365	21.500	158	445	291
Q46920	Q46920	100.000	282	282	282
Q5JX69	Q5JX69	100.000	171	171	171
P0ABU5	P0ABU5	100.000	217	217	217
P11972	P11972	100.000	698	698	698
P11972	P38093	24.000	550	698	719
P11972	Q09777	20.800	216	698	481
P40212	P40212	100.000	199	199	199
P46589	P46589	100.000	612	612	612
P60531	P60531	100.000	585	585	585
P53748	P53748	100.000	327	327	327
Q05812	Q05812	100.000	728	728	728
Q1A5X6	Q1A5X6	100.000	159	159	159
Q52KP5	Q52KP5	100.000	543	543	543
Q8PP38	Q8PP38	100.000	387	387	387
G5EGU9	G5EGU9	100.000	558	558	558
P09466	P09466	100.000	180	180	180
P09466	Q8WX39	25.800	124	180	176
P47174	P47174	100.000	117	117	117
P92560	P92560	100.000	111	111	111
Q10149	Q10149	100.000	345	345	345
P9WKW5	P9WKW5	100.000	449	449	449
Q10443	Q10443	100.000	419	419	419
Q21738	Q21738	100.000	335	335	335
Q3TPJ7	Q3TPJ7	100.000	465	465	465
Q4W8E7	Q4W8E7	100.000	411	411	411
O14131	O14131	100.000	442	442	442
O94399	O94399	100.000	328	328	328
O94399	P53250	24.200	264	328	332
P0A6U2	P0A6U2	100.000	129	129	129
P0AG95	P0AG95	100.000	323	323	323
P0AG95	P9WGN9	26.800	291	323	442
P0AG95	P0AG92	26.300	171	323	615
P14064	P14064	100.000	554	554	554
Q5HF24	Q5HF24	100.000	282	282	282
Q5HF24	Q93Y32	33.600	101	282	384
Q5HF24	Q79FW0	23.800	231	282	289
Q6DRL5	Q6DRL5	100.000	1269	1269	1269
Q6DRL5	O60094	24.200	920	1269	959
Q6DRL5	Q9W5E4	24.500	314	1269	1133
Q96CJ1	Q96CJ1	100.000	260	260	260
Q9CQJ8	Q9CQJ8	100.000	179	179	179
Q9HAT2	Q9HAT2	100.000	523	523	523
Q9CZX9	Q9CZX9	100.000	183	183	183
Q9JHG2	Q9JHG2	100.000	197	197	197
Q9NQG1	Q9NQG1	100.000	85	85	85
Q9NX78	Q9NX78	100.000	707	707	707
Q9Z0P7	Q9Z0P7	100.000	484	484	484
Q66H54	Q66H54	100.000	791	791	791
Q66H54	Q86V87	22.000	716	791	743
Q83MJ8	Q83MJ8	100.000	314	314	314
Q8IL06	Q8IL06	100.000	357	357	357
Q8R080	Q8R080	100.000	741	741	741
Q8R080	Q9D0P7	34.300	131	741	329
Q9BQ49	Q9BQ49	100.000	75	75	75
Q9GZC8	Q9GZC8	100.000	776	776	776
Q9GZC8	Q9NXL6	28.800	364	776	827
Q9V8F5	Q9V8F5	100.000	117	117	117
Q9VTL1	Q9VTL1	100.000	395	395	395
Q9VTL1	Q08231	28.400	190	395	455
B3H5Q2	B3H5Q2	100.000	111	111	111
G2TRT3	G2TRT3	100.000	70	70	70
O94452	O94452	100.000	661	661	661
O94452	Q9HDY1	21.200	429	661	731
Q4KML4	Q4KML4	100.000	81	81	81
Q4KML4	Q8K4K7	38.800	67	81	375
P84190	P84190	100.000	25	25	25
Q96J86	Q96J86	100.000	154	154	154
Q9FI44	Q9FI44	100.000	188	188	188
Q9FI44	Q08230	33.300	54	188	162
Q2WGJ8	Q2WGJ8	100.000	235	235	235
A1YB07	A1YB07	100.000	721	721	721
P0A949	P0A949	100.000	194	194	194
P40566	P40566	100.000	764	764	764
Q96MZ4	Q96MZ4	100.000	157	157	157
O97231	O97231	100.000	104	104	104
P11115	P11115	100.000	270	270	270
P23610	P23610	100.000	371	371	371
P56759	P56759	100.000	184	184	184
P56759	P27181	25.400	165	184	179
Q09248	Q09248	100.000	331	331	331
Q09248	Q7K2D2	22.000	367	331	380
P94425	P94425	100.000	95	95	95
P9WJC3	P9WJC3	100.000	280	280	280
P9WP13	P9WP13	100.000	149	149	149
Q04216	Q04216	100.000	342	342	342
Q06436	Q06436	100.000	670	670	670
Q5XI97	Q5XI97	100.000	412	412	412
Q5XI97	P53960	29.300	450	412	456
Q5XI97	Q04JW5	27.000	366	412	872
Q6DI92	Q6DI92	100.000	447	447	447
Q6ZWK4	Q6ZWK4	100.000	172	172	172
Q7Z309	Q7Z309	100.000	247	247	247
Q80ZS3	Q80ZS3	100.000	200	200	200
A4Q9E4	A4Q9E4	100.000	540	540	540
Q1HCM0	Q1HCM0	100.000	245	245	245
Q1HCM0	Q9BYJ0	26.200	164	245	223
Q9FZ47	Q9FZ47	100.000	290	290	290
B1AUF7	B1AUF7	100.000	90	90	90
B7FAS0	B7FAS0	100.000	901	901	901
Q5JPI9	Q5JPI9	100.000	236	236	236
Q5JPI9	P0DPD9	25.000	152	236	881
Q5JPI9	P0DPD9	25.000	152	236	881
Q8N2B8	Q8N2B8	100.000	174	174	174
Q9JIG7	Q9JIG7	100.000	627	627	627
P25650	P25650	100.000	117	117	117
Q02088	Q02088	100.000	161	161	161
Q02088	P40414	34.100	161	161	161
Q9NPE2	Q9NPE2	100.000	291	291	291
Q9NPE2	Q9NPE2	100.000	291	291	291
Q9NPE2	P40156	37.300	75	291	214
A1Z8P9	A1Z8P9	100.000	2346	2346	2346
A1Z8P9	F1MA98	24.100	1779	2346	2360
A1Z8P9	A4GSN8	20.300	1342	2346	2093
A1Z8P9	O74424	21.200	1448	2346	1837
A1Z8P9	P40457	27.600	326	2346	1679
Q03764	Q03764	100.000	534	534	534
Q03764	O54783	26.600	326	534	394
Q8LLD0	Q8LLD0	100.000	1046	1046	1046
Q8LLD0	Q02630	26.500	143	1046	1113
O60153	O60153	100.000	124	124	124
P9WNK5	P9WNK5	100.000	100	100	100
Q02606	Q02606	100.000	381	381	381
Q04991	Q04991	100.000	504	504	504
Q12044	Q12044	100.000	265	265	265
Q12358	Q12358	100.000	412	412	412
Q9NRQ5	Q9NRQ5	100.000	59	59	59
Q9P6J7	Q9P6J7	100.000	519	519	519
Q9P6J7	O74395	21.200	385	519	612
Q9Y7Z4	Q9Y7Z4	100.000	735	735	735
Q9Y7Z4	P40094	25.000	688	735	801
Q9Y7Z4	F4HQ84	23.500	505	735	784
O55060	O55060	100.000	240	240	240
P0A9K7	P0A9K7	100.000	241	241	241
P0A9K7	P75187	27.500	178	241	225
Q06236	Q06236	100.000	168	168	168
Q0P9X8	Q0P9X8	100.000	259	259	259
Q0P9X8	P30859	29.500	166	259	243
Q0P9X8	P42400	25.800	240	259	287
Q16655	Q16655	100.000	118	118	118
Q4G0M1	Q4G0M1	100.000	354	354	354
Q5VVC0	Q5VVC0	100.000	180	180	180
Q8R366	Q8R366	100.000	611	611	611
Q9BUN5	Q9BUN5	100.000	200	200	200
Q9D0A3	Q9D0A3	100.000	226	226	226
Q9JI70	Q9JI70	100.000	570	570	570
Q9XYF4	Q9XYF4	100.000	450	450	450
A7TKU9	A7TKU9	100.000	206	206	206
C5DT56	C5DT56	100.000	362	362	362
F4JG10	F4JG10	100.000	752	752	752
O97980	O97980	100.000	41	41	41
P06028	P06028	100.000	91	91	91
Q9WV95	Q9WV95	100.000	125	125	125
A0MFH4	A0MFH4	100.000	215	215	215
A0MFH4	Q9SSC7	26.900	193	215	210
A0MFH4	Q9LZX1	26.500	211	215	217
C5DY19	C5DY19	100.000	835	835	835
C5DY19	P32380	27.400	979	835	944
O46101	O46101	100.000	244	244	244
O46101	P40240	27.800	226	244	226
O82279	O82279	100.000	350	350	350
Q6P4T0	Q6P4T0	100.000	1914	1914	1914
Q6P4T0	O94649	25.200	412	1914	1646
Q6P4T0	Q59X11	29.600	300	1914	1856
Q6P4T0	P53855	23.400	464	1914	1592
Q6P4T0	Q5H8C4	27.000	96	1914	3166
Q6P4T0	Q07878	22.900	240	1914	3144
Q9FRK5	Q9FRK5	100.000	617	617	617
Q9US11	Q9US11	100.000	143	143	143
Q9V5Q4	Q9V5Q4	100.000	226	226	226
A5DNW6	A5DNW6	100.000	825	825	825
A5DNW6	Q9W484	25.400	867	825	985
A5DNW6	Q5SXJ3	26.400	930	825	1174
A5DNW6	O08811	25.100	661	825	760
A5DNW6	Q4JC68	21.900	497	825	551
P48568	P48568	100.000	277	277	277
P69828	P69828	100.000	150	150	150
Q02775	Q02775	100.000	382	382	382
Q02775	Q9Y7Y2	26.700	352	382	379
Q06813	Q06813	100.000	372	372	372
Q149F1	Q149F1	100.000	553	553	553
Q149F1	Q9SVS0	22.000	213	553	472
O13529	O13529	100.000	151	151	151
O64852	O64852	100.000	416	416	416
P06911	P06911	100.000	188	188	188
P06911	Q9NY56	26.500	177	188	170
P06911	P41222	25.900	181	188	190
P34278	P34278	100.000	1010	1010	1010
Q09465	Q09465	100.000	274	274	274
Q09465	Q07349	24.000	183	274	420
Q96DG6	Q96DG6	100.000	245	245	245
Q96DG6	P39721	27.600	228	245	246
Q9QZB9	Q9QZB9	100.000	182	182	182
Q9QZB9	Q9FMV1	22.600	172	182	252
Q9VIL0	Q9VIL0	100.000	1320	1320	1320
Q9VIL0	Q9FY61	21.700	856	1320	1186
Q9VIL0	O14251	25.800	217	1320	1210
Q9VIL0	Q04183	19.900	546	1320	1289
P27637	P27637	100.000	709	709	709
P47077	P47077	100.000	666	666	666
P47077	Q92347	28.200	654	666	655
P47077	Q8BMC4	21.300	599	666	636
P70188	P70188	100.000	793	793	793
Q8IY50	Q8IY50	100.000	421	421	421
D4ACN8	D4ACN8	100.000	147	147	147
O13917	O13917	100.000	206	206	206
Q03782	Q03782	100.000	492	492	492
P38304	P38304	100.000	223	223	223
P39221	P39221	100.000	52	52	52
P39808	P39808	100.000	160	160	160
P40364	P40364	100.000	252	252	252
P46922	P46922	100.000	293	293	293
Q96S52	Q96S52	100.000	555	555	555
Q96S52	Q04080	23.300	556	555	534
Q9HBL8	Q9HBL8	100.000	299	299	299
Q9HBL8	P23762	29.100	151	299	488
Q9UHG3	Q9UHG3	100.000	505	505	505
Q9VWE6	Q9VWE6	100.000	2111	2111	2111
Q9VWE6	Q8CJF7	24.100	903	2111	2243
P34445	P34445	100.000	307	307	307
Q23976	Q23976	100.000	631	631	631
Q23976	P23475	25.200	650	631	608
Q5XJY6	Q5XJY6	100.000	703	703	703
Q80VH0	Q80VH0	100.000	783	783	783
Q8N2C7	Q8N2C7	100.000	3258	3258	3258
Q8N2C7	Q9XV66	26.800	3358	3258	3263
Q9Y6W8	Q9Y6W8	100.000	199	199	199
Q9Y6W8	P31041	26.700	116	199	218
Q9FY95	Q9FY95	100.000	653	653	653
Q9FY95	Q10339	26.100	84	653	615
Q9Y236	Q9Y236	100.000	505	505	505
Q9Y236	P50736	21.800	188	505	324
O77932	O77932	100.000	396	396	396
O77932	O13836	26.100	356	396	352
O77932	P53063	26.300	300	396	387
P28904	P28904	100.000	551	551	551
P28904	P95867	24.600	418	551	561
P28904	P9WQ17	22.100	230	551	701
P9WJD9	P9WJD9	100.000	460	460	460
Q8TCI5	Q8TCI5	100.000	191	191	191
Q969F9	Q969F9	100.000	1004	1004	1004
Q9WVR8	Q9WVR8	100.000	610	610	610
D6MZJ6	D6MZJ6	100.000	483	483	483
J4KLU1	J4KLU1	100.000	741	741	741
Q9USU8	Q9USU8	100.000	551	551	551
Q9USU8	P32494	29.300	423	551	702
Q9USU8	Q8R0L9	24.400	274	551	432
Q9Y5Y0	Q9Y5Y0	100.000	555	555	555
O23277	O23277	100.000	1330	1330	1330
O23277	Q9D4I2	20.200	579	1330	1268
Q12508	Q12508	100.000	421	421	421
Q12508	Q9T075	29.300	249	421	388
I6LAD1	I6LAD1	100.000	384	384	384
Q96KP6	Q96KP6	100.000	325	325	325
Q9LDD5	Q9LDD5	100.000	373	373	373
Q9LDD5	P77625	22.700	211	373	216
Q9LDD5	P71447	24.000	179	373	221
Q9LDD5	Q94K71	28.300	120	373	319
Q9LDD5	Q8TBE9	21.600	97	373	248
Q9STU3	Q9STU3	100.000	795	795	795
Q9STU3	Q6NUQ1	19.700	571	795	792
O70303	O70303	100.000	219	219	219
P09032	P09032	100.000	578	578	578
F4KG50	F4KG50	100.000	1594	1594	1594
A2RRL7	A2RRL7	100.000	107	107	107
O74521	O74521	100.000	678	678	678
O74521	Q06839	28.700	132	678	1073
Q11102	Q11102	100.000	1130	1130	1130
Q11102	F4JZY1	23.200	799	1130	1586
Q11102	Q13439	21.800	642	1130	2230
Q6PD31	Q6PD31	100.000	939	939	939
Q15726	Q15726	100.000	138	138	138
Q21341	Q21341	100.000	698	698	698
Q92889	Q92889	100.000	916	916	916
Q92889	P06777	29.800	1023	916	1100
A5HEI1	A5HEI1	100.000	1846	1846	1846
A5HEI1	Q7PLI2	24.000	1651	1846	2077
A5HEI1	Q09725	19.600	778	1846	1587
A5HEI1	Q04002	20.300	1053	1846	1493
Q9FGF0	Q9FGF0	100.000	282	282	282
Q9FGF0	P36069	29.100	247	282	295
Q9FGF0	Q9UT63	26.000	196	282	216
P58505	P58505	100.000	322	322	322
P9WJC5	P9WJC5	100.000	666	666	666
P9WJC5	P9WLT1	30.100	159	666	318
Q10447	Q10447	100.000	665	665	665
Q5U5M8	Q5U5M8	100.000	195	195	195
Q6LA55	Q6LA55	100.000	2699	2699	2699
Q6LA55	Q06116	23.700	1910	2699	2489
Q6LA55	Q5SYL3	23.900	467	2699	2234
P54555	P54555	100.000	448	448	448
P9WK25	P9WK25	100.000	548	548	548
Q16633	Q16633	100.000	256	256	256
Q3LXA3	Q3LXA3	100.000	575	575	575
Q5SV97	Q5SV97	100.000	790	790	790
P0CT51	P0CT51	100.000	77	77	77
P34096	P34096	100.000	147	147	147
P46987	P46987	100.000	611	611	611
P46987	P47101	26.500	392	611	745
Q9C0D3	Q9C0D3	100.000	744	744	744
Q9C0D3	Q7Z7L7	28.300	759	744	766
Q9M9Y8	Q9M9Y8	100.000	595	595	595
Q9M9Y8	Q3U4I7	24.000	565	595	581
Q9M9Y8	Q94BP3	40.200	77	595	748
O50432	O50432	100.000	189	189	189
O75128	O75128	100.000	1261	1261	1261
P0C870	P0C870	100.000	316	316	316
P25568	P25568	100.000	528	528	528
P25568	Q09812	23.400	525	528	529
P40353	P40353	100.000	525	525	525
Q06011	Q06011	100.000	112	112	112
Q19T08	Q19T08	100.000	205	205	205
Q499Y3	Q499Y3	100.000	187	187	187
Q9ER88	Q9ER88	100.000	391	391	391
Q9SRS3	Q9SRS3	100.000	232	232	232
Q9H693	Q9H693	100.000	158	158	158
Q9LYG9	Q9LYG9	100.000	734	734	734
Q9LYG9	O14050	21.300	477	734	840
Q9LYG9	O74839	26.500	260	734	1011
Q9LYG9	O25170	28.600	115	734	623
Q9W1P8	Q9W1P8	100.000	398	398	398
Q9W1P8	Q9I816	26.400	287	398	387
A8MS85	A8MS85	100.000	1647	1647	1647
A8MS85	Q09915	26.800	1281	1647	1365
Q00873	Q00873	100.000	224	224	224
Q5SWX8	Q5SWX8	100.000	454	454	454
Q6P1M3	Q6P1M3	100.000	1020	1020	1020
Q6P1M3	P38163	21.600	532	1020	1010
Q8IVF2	Q8IVF2	100.000	5795	5795	5795
Q8IVF2	Q63425	26.400	1144	5795	1383
Q8IVF2	Q06155	26.400	606	5795	433
A6NIM6	A6NIM6	100.000	579	579	579
A6NIM6	O09014	26.300	542	579	572
A6NIM6	Q93Z20	25.700	529	579	590
A6NIM6	O80436	28.300	113	579	521
O14349	O14349	100.000	405	405	405
Q8TBY9	Q8TBY9	100.000	1149	1149	1149
Q8TBY9	Q9D180	23.500	234	1149	1249
Q8TBY9	Q0III3	21.500	316	1149	612
Q9NTX9	Q9NTX9	100.000	383	383	383
Q9VF30	Q9VF30	100.000	885	885	885
Q9VF30	O75001	25.900	582	885	760
O55013	O55013	100.000	180	180	180
O94649	O94649	100.000	1646	1646	1646
O94649	P53855	27.800	556	1646	1592
O94649	Q59X11	24.300	658	1646	1856
O94649	Q6P4T0	25.200	412	1646	1914
P43596	P43596	100.000	787	787	787
P43596	Q08119	29.400	519	787	714
Q03790	Q03790	100.000	475	475	475
Q03790	O13838	33.300	102	475	371
Q12373	Q12373	100.000	385	385	385
Q4VBD2	Q4VBD2	100.000	564	564	564
Q6P566	Q6P566	100.000	282	282	282
Q96I13	Q96I13	100.000	439	439	439
Q96I13	P9WNH5	23.600	266	439	291
Q9CW79	Q9CW79	100.000	758	758	758
Q9EQQ9	Q9EQQ9	100.000	916	916	916
Q9WUH1	Q9WUH1	100.000	350	350	350
A0A486WWJ9	A0A486WWJ9	100.000	582	582	582
Q62655	Q62655	100.000	589	589	589
Q6X4T0	Q6X4T0	100.000	127	127	127
Q6ZTY9	Q6ZTY9	100.000	151	151	151
Q7Z6A9	Q7Z6A9	100.000	289	289	289
Q8IWE5	Q8IWE5	100.000	1019	1019	1019
P91859	P91859	100.000	878	878	878
P91859	P91859	100.000	878	878	878
Q05955	Q05955	100.000	493	493	493
Q20952	Q20952	100.000	611	611	611
Q20952	P0AB88	23.900	196	611	215
Q53T59	Q53T59	100.000	392	392	392
Q5HH86	Q5HH86	100.000	239	239	239
Q83P38	Q83P38	100.000	131	131	131
Q8C6L5	Q8C6L5	100.000	507	507	507
Q8C6L5	Q3TNL8	26.800	160	507	555
Q8R089	Q8R089	100.000	466	466	466
Q91WE2	Q91WE2	100.000	254	254	254
Q96M20	Q96M20	100.000	576	576	576
Q96M20	Q8NA66	19.000	131	576	436
Q94II3	Q94II3	100.000	600	600	600
Q9FMV4	Q9FMV4	100.000	189	189	189
Q9FXC7	Q9FXC7	100.000	296	296	296
Q9SKA8	Q9SKA8	100.000	585	585	585
Q9SKA8	O64602	23.900	534	585	510
C1KW86	C1KW86	100.000	114	114	114
A6H7B5	A6H7B5	100.000	423	423	423
A6H7B5	Q9LQR8	23.100	268	423	487
G2TRQ8	G2TRQ8	100.000	86	86	86
I3L0S3	I3L0S3	100.000	204	204	204
O13813	O13813	100.000	144	144	144
O13813	Q9CPQ3	32.500	123	144	142
O43323	O43323	100.000	396	396	396
P34423	P34423	100.000	503	503	503
P50277	P50277	100.000	480	480	480
P50277	P42588	29.600	320	480	459
P9WP59	P9WP59	100.000	251	251	251
Q04746	Q04746	100.000	504	504	504
Q14B71	Q14B71	100.000	982	982	982
Q9Y7X7	Q9Y7X7	100.000	266	266	266
A8K010	A8K010	100.000	186	186	186
F4I1T7	F4I1T7	100.000	1819	1819	1819
P33199	P33199	100.000	130	130	130
P39991	P39991	100.000	1188	1188	1188
P46673	P46673	100.000	744	744	744
P46673	Q9UUE5	19.800	636	744	675
Q06469	Q06469	100.000	252	252	252
Q12887	Q12887	100.000	443	443	443
Q4JC84	Q4JC84	100.000	176	176	176
Q59XY0	Q59XY0	100.000	648	648	648
P53854	P53854	100.000	179	179	179
P53960	P53960	100.000	456	456	456
P53960	Q5XI97	29.100	456	456	412
P53960	Q04JW5	22.300	300	456	872
P91133	P91133	100.000	2058	2058	2058
P91133	Q8IWV7	27.100	2013	2058	1749
P91133	O60152	21.100	2133	2058	1958
P91133	P19812	21.200	1109	2058	1950
P91133	F4KCC2	20.200	2185	2058	2006
P91133	Q6ZT12	27.100	236	2058	1888
P91133	Q07963	20.100	1069	2058	1872
Q58FY4	Q58FY4	100.000	383	383	383
Q5THJ4	Q5THJ4	100.000	4388	4388	4388
Q5THJ4	Q9VU08	29.300	4494	4388	3919
Q5THJ4	Q5H8C4	21.400	1478	4388	3166
Q5THJ4	Q07878	20.800	1499	4388	3144
Q5THJ4	O42926	21.700	926	4388	3131
Q5SUD9	Q5SUD9	100.000	708	708	708
Q924Z6	Q924Z6	100.000	1125	1125	1125
Q924Z6	O14116	29.600	81	1125	1234
Q9VC70	Q9VC70	100.000	737	737	737
Q9VC70	Q8IYY4	23.300	167	737	767
E1JH25	E1JH25	100.000	1876	1876	1876
Q9M2N5	Q9M2N5	100.000	696	696	696
Q9M2N5	O96006	19.100	668	696	694
P39464	P39464	100.000	330	330	330
P47831	P47831	100.000	62	62	62
P53009	P53009	100.000	804	804	804
P53009	Q9EQC5	25.800	402	804	806
P53009	Q9DBQ7	21.100	406	804	735
Q08206	Q08206	100.000	761	761	761
Q1ERP8	Q1ERP8	100.000	331	331	331
O95447	O95447	100.000	670	670	670
P11438	P11438	100.000	406	406	406
P11438	Q9D387	26.700	187	406	280
P25655	P25655	100.000	2108	2108	2108
P25655	P87112	27.300	1564	2108	2100
P25655	Q6ZQ08	27.200	1642	2108	2375
P60006	P60006	100.000	121	121	121
P73866	P73866	100.000	558	558	558
O25526	O25526	100.000	527	527	527
O25526	Q9FJ78	28.000	132	527	339
O25526	Q5VTY9	20.600	213	527	493
P15807	P15807	100.000	274	274	274
P15807	P25924	21.500	190	274	457
P38838	P38838	100.000	269	269	269
P47139	P47139	100.000	656	656	656
Q0EEE2	Q0EEE2	100.000	906	906	906
Q0EEE2	Q6ZW05	25.000	875	906	846
Q0EEE2	O35595	20.500	716	906	1182
Q0EEE2	Q19127	19.500	961	906	1383
Q6PIJ4	Q6PIJ4	100.000	1296	1296	1296
Q8CI03	Q8CI03	100.000	673	673	673
Q923Z3	Q923Z3	100.000	669	669	669
Q9NPD5	Q9NPD5	100.000	702	702	702
O23006	O23006	100.000	350	350	350
O23006	Q93ZH0	30.900	326	350	416
O23006	P0ADE6	40.800	49	350	149
Q56A73	Q56A73	100.000	249	249	249
Q8BGC3	Q8BGC3	100.000	486	486	486
Q8BGC3	Q08268	20.900	411	486	501
Q92552	Q92552	100.000	414	414	414
Q92552	Q8WV60	24.800	177	414	388
Q9NXH8	Q9NXH8	100.000	423	423	423
Q9NXH8	O14656	23.500	284	423	332
Q9NXH8	P46695	44.500	74	423	156
Q9VCP1	Q9VCP1	100.000	424	424	424
Q76JQ2	Q76JQ2	100.000	579	579	579
Q76JQ2	O74769	24.100	360	579	367
Q8I6U8	Q8I6U8	100.000	824	824	824
Q8N7J2	Q8N7J2	100.000	671	671	671
Q8WZ69	Q8WZ69	100.000	217	217	217
Q9BZP3	Q9BZP3	100.000	86	86	86
Q8NFQ8	Q8NFQ8	100.000	470	470	470
Q8XBV3	Q8XBV3	100.000	536	536	536
Q8XBV3	Q9LK39	19.800	626	536	722
Q8XBV3	Q4L235	21.000	366	536	1098
Q8XBV3	P07702	21.200	573	536	1392
Q8XBV3	Q6RKB1	21.400	546	536	1174
Q8XBV3	Q86V21	19.600	575	536	672
Q96PM9	Q96PM9	100.000	386	386	386
Q99LG1	Q99LG1	100.000	249	249	249
Q9BWN1	Q9BWN1	100.000	585	585	585
P05738	P05738	100.000	191	191	191
P0ADT4	P0ADT4	100.000	223	223	223
P22058	P22058	100.000	355	355	355
P25558	P25558	100.000	1636	1636	1636
P79015	P79015	100.000	127	127	127
Q10901	Q10901	100.000	503	503	503
Q61884	Q61884	100.000	491	491	491
Q6UWF9	Q6UWF9	100.000	173	173	173
Q7Z3E2	Q7Z3E2	100.000	898	898	898
Q7Z3E2	O96133	24.300	473	898	1979
Q7Z3E2	O96133	24.300	473	898	1979
Q7Z3E2	O94488	23.500	344	898	1115
Q7Z3E2	P32380	23.800	432	898	944
Q93075	Q93075	100.000	761	761	761
Q93075	Q6P1N9	29.800	161	761	297
Q93075	Q3U1C6	25.800	174	761	294
Q5F2C3	Q5F2C3	100.000	434	434	434
Q6P1J6	Q6P1J6	100.000	1458	1458	1458
P0C8L4	P0C8L4	100.000	209	209	209
P92518	P92518	100.000	100	100	100
Q1JPM5	Q1JPM5	100.000	507	507	507
Q9LV14	Q9LV14	100.000	520	520	520
Q9NA13	Q9NA13	100.000	3177	3177	3177
P25615	P25615	100.000	582	582	582
P25615	Q9UGP5	26.000	403	582	575
P39466	P39466	100.000	183	183	183
P39466	P35718	29.700	101	183	212
P40449	P40449	100.000	235	235	235
P0CF19	P0CF19	100.000	215	215	215
P0CF19	Q10097	20.400	181	215	498
Q18090	Q18090	100.000	301	301	301
Q18090	Q9LHE5	24.600	321	301	309
Q18090	P23644	24.700	319	301	387
Q9BW71	Q9BW71	100.000	556	556	556
Q9BW71	Q9BW71	100.000	556	556	556
Q9QYT7	Q9QYT7	100.000	581	581	581
P0C5S1	P0C5S1	100.000	26	26	26
Q10435	Q10435	100.000	1647	1647	1647
P12784	P12784	100.000	70	70	70
P16671	P16671	100.000	472	472	472
P16671	B7Z031	25.400	401	472	555
P42846	P42846	100.000	591	591	591
P42846	Q0V8M0	28.900	512	591	705
P50637	P50637	100.000	169	169	169
P50637	O82245	30.700	140	169	196
Q02E25	Q02E25	100.000	88	88	88
Q03976	Q03976	100.000	319	319	319
Q08559	Q08559	100.000	129	129	129
Q09733	Q09733	100.000	1101	1101	1101
Q70Z53	Q70Z53	100.000	315	315	315
P36146	P36146	100.000	502	502	502
P54418	P54418	100.000	527	527	527
Q12107	Q12107	100.000	265	265	265
Q3TTP0	Q3TTP0	100.000	639	639	639
Q3TTP0	Q9VIP0	22.800	390	639	602
Q6ZPU9	Q6ZPU9	100.000	617	617	617
P38796	P38796	100.000	400	400	400
P38796	Q8BVQ5	28.800	347	400	386
Q9P781	Q9P781	100.000	276	276	276
Q9P781	A5DH87	31.000	174	276	349
A0A1D8PQQ5	A0A1D8PQQ5	100.000	145	145	145
O13734	O13734	100.000	647	647	647
P0AAN3	P0AAN3	100.000	290	290	290
Q12345	Q12345	100.000	250	250	250
Q17439	Q17439	100.000	283	283	283
Q4J7W0	Q4J7W0	100.000	558	558	558
Q91W39	Q91W39	100.000	579	579	579
Q9BS91	Q9BS91	100.000	424	424	424
Q9BS91	Q9R0M8	25.000	363	424	390
Q9BS91	Q9VMU8	24.100	364	424	388
Q9BS91	Q9C5H6	25.600	343	424	405
Q06892	Q06892	100.000	414	414	414
Q941D1	Q941D1	100.000	149	149	149
Q96M85	Q96M85	100.000	177	177	177
Q9GZS1	Q9GZS1	100.000	419	419	419
Q9GZS1	Q01080	20.600	353	419	415
Q9SUC9	Q9SUC9	100.000	304	304	304
O75884	O75884	100.000	186	186	186
P11710	P11710	100.000	512	512	512
P39065	P39065	100.000	210	210	210
P83211	P83211	100.000	107	107	107
P92556	P92556	100.000	205	205	205
Q3TLD5	Q3TLD5	100.000	531	531	531
Q59VQ8	Q59VQ8	100.000	947	947	947
Q59VQ8	Q03631	26.400	768	947	944
Q6B0Y7	Q6B0Y7	100.000	121	121	121
Q6NXI6	Q6NXI6	100.000	1469	1469	1469
Q6NXI6	Q8VDS4	26.800	313	1469	312
Q6NXI6	O74814	26.800	123	1469	387
Q6NXI6	Q05543	23.500	140	1469	409
Q8N4H5	Q8N4H5	100.000	51	51	51
P41734	P41734	100.000	238	238	238
P41734	O74648	26.800	231	238	246
P87136	P87136	100.000	1337	1337	1337
Q94F39	Q94F39	100.000	231	231	231
Q9BWM7	Q9BWM7	100.000	321	321	321
Q9BWM7	Q925N1	20.100	323	321	313
Q9H0C1	Q9H0C1	100.000	365	365	365
O64602	O64602	100.000	510	510	510
O64602	Q9SKA8	26.900	394	510	585
P34263	P34263	100.000	407	407	407
Q10346	Q10346	100.000	191	191	191
F5HDE4	F5HDE4	100.000	407	407	407
Q9C0U3	Q9C0U3	100.000	109	109	109
P46012	P46012	100.000	952	952	952
P97313	P97313	100.000	4128	4128	4128
P97313	Q9Y7K2	24.400	713	4128	2337
P97313	Q80YV3	19.200	748	4128	2565
P97313	Q10064	21.400	470	4128	3655
Q94272	Q94272	100.000	418	418	418
O07012	O07012	100.000	672	672	672
Q05979	Q05979	100.000	453	453	453
Q05979	P0A6B7	26.800	186	453	404
Q06523	Q06523	100.000	435	435	435
Q12291	Q12291	100.000	365	365	365
Q2M1K5	Q2M1K5	100.000	432	432	432
Q5M9N4	Q5M9N4	100.000	188	188	188
Q5VSR9	Q5VSR9	100.000	72	72	72
P91349	P91349	100.000	1198	1198	1198
P91349	Q10411	22.000	359	1198	1957
P91349	P32380	22.600	507	1198	944
Q5TZA2	Q5TZA2	100.000	2017	2017	2017
Q5TZA2	Q09EF7	24.600	126	2017	1955
Q5TZA2	Q5SPX1	27.400	237	2017	718
Q8BKT3	Q8BKT3	100.000	769	769	769
Q8BKT3	Q9FNN3	24.100	686	769	908
Q8VDY9	Q8VDY9	100.000	356	356	356
Q99KG7	Q99KG7	100.000	671	671	671
P50273	P50273	100.000	684	684	684
P9WGN7	P9WGN7	100.000	161	161	161
P9WJB9	P9WJB9	100.000	115	115	115
Q01722	Q01722	100.000	534	534	534
Q04213	Q04213	100.000	475	475	475
Q04213	O59676	39.600	53	475	359
Q96S19	Q96S19	100.000	204	204	204
Q9BRQ4	Q9BRQ4	100.000	267	267	267
Q9DCF9	Q9DCF9	100.000	185	185	185
Q9DCF9	Q9DCF9	100.000	185	185	185
Q9H2S6	Q9H2S6	100.000	317	317	317
Q9SWI1	Q9SWI1	100.000	439	439	439
Q9SWI1	Q9FYE2	27.100	380	439	406
Q64701	Q64701	100.000	1063	1063	1063
Q64701	Q24472	28.600	1029	1063	845
Q64701	P33568	26.500	993	1063	920
Q64701	G5EDT1	21.800	978	1063	961
Q64701	Q9LKX9	25.700	692	1063	867
Q8GYX9	Q8GYX9	100.000	286	286	286
Q8IVG5	Q8IVG5	100.000	1584	1584	1584
Q9H0A8	Q9H0A8	100.000	199	199	199
Q9H7C9	Q9H7C9	100.000	122	122	122
Q0H8D7	Q0H8D7	100.000	542	542	542
Q0H8D7	Q9JIL9	24.500	244	542	750
A4GSN8	A4GSN8	100.000	2093	2093	2093
A4GSN8	F1MA98	23.300	1355	2093	2360
A4GSN8	Q02455	22.200	923	2093	1875
A4GSN8	O74424	22.400	1371	2093	1837
P32788	P32788	100.000	280	280	280
P39120	P39120	100.000	372	372	372
P39120	P08679	25.000	360	372	460
P47148	P47148	100.000	283	283	283
Q07350	Q07350	100.000	266	266	266
Q07350	Q15428	27.400	259	266	464
Q09668	Q09668	100.000	117	117	117
Q10120	Q10120	100.000	161	161	161
Q10120	A0AUQ6	33.300	60	161	112
Q12125	Q12125	100.000	312	312	312
Q12125	Q9D1H7	28.800	312	312	327
Q3TXT3	Q3TXT3	100.000	104	104	104
Q9D011	Q9D011	100.000	178	178	178
Q9ESJ0	Q9ESJ0	100.000	1151	1151	1151
Q9ESJ0	Q9UIA9	19.800	1186	1151	1087
A7XN92	A7XN92	100.000	842	842	842
O13973	O13973	100.000	88	88	88
O24520	O24520	100.000	160	160	160
O24520	Q9NPG2	22.800	140	160	151
P9WNA1	P9WNA1	100.000	314	314	314
Q04002	Q04002	100.000	1493	1493	1493
Q04002	Q09725	22.600	1200	1493	1587
Q04002	Q7PLI2	19.900	1231	1493	2077
Q04002	A5HEI1	19.900	1042	1493	1846
Q3U129	Q3U129	100.000	357	357	357
Q3U129	P46917	30.900	113	357	446
Q5F2E7	Q5F2E7	100.000	692	692	692
Q6AY88	Q6AY88	100.000	397	397	397
P07702	P07702	100.000	1392	1392	1392
P07702	Q6RKB1	23.300	573	1392	1174
P07702	O74419	23.300	908	1392	981
P07702	Q4L235	21.300	659	1392	1098
P07702	Q8XBV3	20.500	573	1392	536
P07702	A1ZAI5	26.900	104	1392	625
P43598	P43598	100.000	195	195	195
P51970	P51970	100.000	172	172	172
P51970	P82628	26.100	88	172	90
P69824	P69824	100.000	147	147	147
P78946	P78946	100.000	126	126	126
P87236	P87236	100.000	316	316	316
Q96DC9	Q96DC9	100.000	234	234	234
Q9M9U5	Q9M9U5	100.000	382	382	382
Q9M9U5	Q9LMM6	20.700	106	382	349
Q9USQ0	Q9USQ0	100.000	180	180	180
Q9USQ0	P18410	23.600	203	180	259
A6NNH2	A6NNH2	100.000	459	459	459
Q9NWR8	Q9NWR8	100.000	336	336	336
Q9NWR8	Q1PE15	28.900	114	336	338
A1KML5	A1KML5	100.000	413	413	413
O08601	O08601	100.000	894	894	894
P22136	P22136	100.000	580	580	580
P86252	P86252	100.000	138	138	138
A5F2R1	A5F2R1	100.000	348	348	348
O32144	O32144	100.000	745	745	745
O32144	P22985	27.000	725	745	1331
O32144	Q4J6M3	25.600	752	745	748
P40063	P40063	100.000	208	208	208
P46917	P46917	100.000	446	446	446
P46917	Q3U129	31.500	111	446	357
P9WLI5	P9WLI5	100.000	236	236	236
Q96MC9	Q96MC9	100.000	270	270	270
Q9CQH3	Q9CQH3	100.000	189	189	189
Q9DA69	Q9DA69	100.000	206	206	206
Q9H6D7	Q9H6D7	100.000	363	363	363
Q9ULD6	Q9ULD6	100.000	942	942	942
Q9CEV7	Q9CEV7	100.000	601	601	601
Q9Y2Y6	Q9Y2Y6	100.000	226	226	226
Q9Y2Y6	Q3TVC7	28.000	121	226	356
O59795	O59795	100.000	633	633	633
O59795	P34237	28.300	649	633	679
Q12751	Q12751	100.000	981	981	981
Q12751	Q8C3S2	27.100	199	981	1079
P40986	P40986	100.000	491	491	491
P40986	P40533	22.700	189	491	473
Q62048	Q62048	100.000	130	130	130
Q6ZS46	Q6ZS46	100.000	218	218	218
Q8BJ64	Q8BJ64	100.000	596	596	596
Q8BJ64	Q9VGP2	27.200	579	596	581
Q8BJ64	Q9SSM2	27.800	556	596	552
A4QSX4	A4QSX4	100.000	865	865	865
Q148V7	Q148V7	100.000	1216	1216	1216
Q148V7	Q148V7	100.000	1216	1216	1216
P43132	P43132	100.000	505	505	505
P53150	P53150	100.000	421	421	421
P61961	P61961	100.000	85	85	85
P68191	P68191	100.000	45	45	45
P73632	P73632	100.000	354	354	354
O35975	O35975	100.000	289	289	289
P38232	P38232	100.000	338	338	338
Q10928	Q10928	100.000	165	165	165
Q3TZW7	Q3TZW7	100.000	114	114	114
P09310	P09310	100.000	1310	1310	1310
P47107	P47107	100.000	1121	1121	1121
P9WNI1	P9WNI1	100.000	95	95	95
Q03388	Q03388	100.000	795	795	795
Q08729	Q08729	100.000	430	430	430
Q12507	Q12507	100.000	346	346	346
Q8N7C4	Q8N7C4	100.000	229	229	229
Q8NEJ9	Q8NEJ9	100.000	315	315	315
Q8NEJ9	Q09713	28.800	250	315	327
Q8TEX9	Q8TEX9	100.000	1081	1081	1081
Q8TEX9	O60100	26.800	1095	1081	1067
Q8TEX9	O74476	24.400	1111	1081	1095
Q8TEX9	Q99LG2	24.500	363	1081	887
Q96LR7	Q96LR7	100.000	162	162	162
Q99234	Q99234	100.000	619	619	619
Q3URQ7	Q3URQ7	100.000	372	372	372
Q5TKA1	Q5TKA1	100.000	542	542	542
Q6RFY2	Q6RFY2	100.000	517	517	517
Q7L5Y9	Q7L5Y9	100.000	396	396	396
Q7L5Y9	P40492	21.500	501	396	516
Q7L5Y9	Q9T075	23.300	244	396	388
Q7L5Y9	Q9NWU2	29.100	137	396	228
Q8I659	Q8I659	100.000	1383	1383	1383
Q8I659	P32380	23.300	592	1383	944
O42852	O42852	100.000	226	226	226
O59753	O59753	100.000	289	289	289
P01579	P01579	100.000	166	166	166
P08461	P08461	100.000	632	632	632
P18411	P18411	100.000	198	198	198
O94428	O94428	100.000	115	115	115
P0DKC1	P0DKC1	100.000	576	576	576
Q10067	Q10067	100.000	690	690	690
Q10067	Q9UBD5	21.800	462	690	711
P16701	P16701	100.000	277	277	277
P40380	P40380	100.000	230	230	230
Q04431	Q04431	100.000	385	385	385
Q09766	Q09766	100.000	871	871	871
Q09766	Q9LVE4	23.600	652	871	756
Q09766	Q06538	24.400	727	871	782
Q09766	O43022	24.400	580	871	865
Q09766	Q6NP91	20.600	582	871	760
Q7Z5A7	Q7Z5A7	100.000	132	132	132
Q86WC4	Q86WC4	100.000	334	334	334
Q86WC4	Q09322	24.000	258	334	322
Q8GWZ6	Q8GWZ6	100.000	275	275	275
Q8GWZ6	O60093	26.900	156	275	251
Q8GWZ6	Q06688	27.000	133	275	274
Q921X6	Q921X6	100.000	316	316	316
Q9LE44	Q9LE44	100.000	86	86	86
Q9LS48	Q9LS48	100.000	316	316	316
Q9LS48	P58938	27.800	122	316	1508
Q9UTF8	Q9UTF8	100.000	421	421	421
Q9UTF8	Q03327	23.800	407	421	502
O32712	O32712	100.000	99	99	99
P0A7G2	P0A7G2	100.000	133	133	133
P0A7G2	A1KMI1	30.300	112	133	183
P0C1Z1	P0C1Z1	100.000	29	29	29
P0CV86	P0CV86	100.000	100	100	100
P21468	P21468	100.000	95	95	95
P21468	Q9I7W5	33.300	72	95	428
P27801	P27801	100.000	918	918	918
P27801	Q9P253	24.200	751	918	973
P32564	P32564	100.000	187	187	187
Q1PEB4	Q1PEB4	100.000	724	724	724
Q1PEB4	Q9SX62	23.000	313	724	558
A0A1B0GVB3	A0A1B0GVB3	100.000	256	256	256
P0ACS1	P0ACS1	100.000	176	176	176
P0ACS1	O31672	26.400	117	176	145
P19931	P19931	100.000	132	132	132
Q9LMH0	Q9LMH0	100.000	302	302	302
Q9LMH0	Q5I0L7	27.900	368	302	350
Q9LMH0	P34253	28.300	321	302	313
Q9Y7X4	Q9Y7X4	100.000	277	277	277
O13547	O13547	100.000	238	238	238
O18054	O18054	100.000	185	185	185
O75818	O75818	100.000	363	363	363
Q09844	Q09844	100.000	472	472	472
Q09844	Q8K0F1	23.100	220	472	684
Q969D9	Q969D9	100.000	159	159	159
Q99NF1	Q99NF1	100.000	532	532	532
Q99NF1	O65572	25.100	549	532	538
Q99NF1	P74334	23.400	528	532	490
Q9M098	Q9M098	100.000	180	180	180
Q9NRG7	Q9NRG7	100.000	293	293	293
P54074	P54074	100.000	624	624	624
P54074	P53983	27.600	611	624	676
Q12527	Q12527	100.000	1178	1178	1178
Q12527	O14261	23.000	208	1178	926
Q69Z99	Q69Z99	100.000	562	562	562
Q6ZUL3	Q6ZUL3	100.000	223	223	223
Q7M3M8	Q7M3M8	100.000	793	793	793
A0A0H2ZNG3	A0A0H2ZNG3	100.000	104	104	104
B0R7X8	B0R7X8	100.000	92	92	92
E9PYL2	E9PYL2	100.000	2035	2035	2035
E9PYL2	Q2KHR3	29.300	2127	2035	1735
P16083	P16083	100.000	231	231	231
P37536	P37536	100.000	480	480	480
Q96EN9	Q96EN9	100.000	201	201	201
Q96PH1	Q96PH1	100.000	765	765	765
Q96PH1	Q04800	23.200	146	765	564
Q96PH1	P32791	21.400	373	765	686
Q96PH1	Q12333	23.100	337	765	620
Q9JJG9	Q9JJG9	100.000	693	693	693
O04326	O04326	100.000	329	329	329
O04326	O13838	32.900	82	329	371
P16860	P16860	100.000	134	134	134
P16860	P01160	50.000	30	134	151
Q8K341	Q8K341	100.000	421	421	421
Q969F1	Q969F1	100.000	213	213	213
Q9BQJ4	Q9BQJ4	100.000	181	181	181
Q9LX31	Q9LX31	100.000	265	265	265
Q9Z0E1	Q9Z0E1	100.000	529	529	529
P30859	P30859	100.000	243	243	243
P30859	P42400	24.000	212	243	287
P30859	Q0P9X8	28.900	166	243	259
P30859	O15399	25.300	162	243	1336
P36121	P36121	100.000	282	282	282
P36121	O74883	31.200	141	282	242
P36121	Q9NVU0	27.600	163	282	708
P53203	P53203	100.000	462	462	462
Q06344	Q06344	100.000	628	628	628
Q12066	Q12066	100.000	484	484	484
Q96PS6	Q96PS6	100.000	74	74	74
Q9ASU7	Q9ASU7	100.000	345	345	345
Q9EQ52	Q9EQ52	100.000	302	302	302
Q9FN15	Q9FN15	100.000	327	327	327
Q9R103	Q9R103	100.000	215	215	215
Q9VSZ6	Q9VSZ6	100.000	418	418	418
Q9VSZ6	Q9H974	29.100	426	418	415
Q9VSZ6	O08314	24.000	383	418	371
U4PAZ9	U4PAZ9	100.000	1112	1112	1112
O74974	O74974	100.000	652	652	652
Q10SY2	Q10SY2	100.000	106	106	106
Q19338	Q19338	100.000	1646	1646	1646
Q19338	Q09853	21.100	1208	1646	1616
Q19338	P48563	18.800	1256	1646	1636
Q9NX04	Q9NX04	100.000	203	203	203
Q9VVE2	Q9VVE2	100.000	268	268	268
Q9VVE2	O17213	27.900	254	268	292
G4N5Q2	G4N5Q2	100.000	402	402	402
P34292	P34292	100.000	315	315	315
Q86119	Q86119	100.000	2344	2344	2344
Q86119	P09814	23.700	333	2344	3023
Q86119	Q66765	23.300	479	2344	2292
P32797	P32797	100.000	924	924	924
P42588	P42588	100.000	459	459	459
P42588	P50277	29.600	320	459	480
P69925	P69925	100.000	376	376	376
P69925	P42521	25.200	313	376	338
P69925	P37146	24.400	282	376	319
Q02866	Q02866	100.000	612	612	612
Q06508	Q06508	100.000	300	300	300
P53129	P53129	100.000	644	644	644
P53129	Q9VR38	27.200	481	644	528
Q06159	Q06159	100.000	398	398	398
Q12421	Q12421	100.000	196	196	196
Q14146	Q14146	100.000	1524	1524	1524
Q6NZQ0	Q6NZQ0	100.000	333	333	333
Q9XZ34	Q9XZ34	100.000	1416	1416	1416
O74172	O74172	100.000	88	88	88
O74857	O74857	100.000	330	330	330
O74857	P05423	24.100	261	330	398
P08949	P08949	100.000	121	121	121
P0CB23	P0CB23	100.000	1050	1050	1050
Q5TF39	Q5TF39	100.000	518	518	518
Q5TF39	Q6PDC8	25.000	439	518	510
Q6AYJ5	Q6AYJ5	100.000	402	402	402
Q6V702	Q6V702	100.000	233	233	233
Q75UQ2	Q75UQ2	100.000	295	295	295
Q7TQ32	Q7TQ32	100.000	420	420	420
P9WJ95	P9WJ95	100.000	493	493	493
P9WJ95	Q1KPV0	26.200	187	493	912
Q07660	Q07660	100.000	1125	1125	1125
Q4VA55	Q4VA55	100.000	681	681	681
Q6ISU1	Q6ISU1	100.000	281	281	281
Q6T393	Q6T393	100.000	789	789	789
Q8R0N6	Q8R0N6	100.000	465	465	465
Q8R0N6	P0A9Q8	27.000	318	465	891
Q8R0N6	Q46856	23.100	388	465	387
Q969E2	Q969E2	100.000	229	229	229
Q99LI2	Q99LI2	100.000	539	539	539
Q9VTM0	Q9VTM0	100.000	167	167	167
Q9YHY6	Q9YHY6	100.000	1364	1364	1364
Q9YHY6	A0A1I9LM04	27.100	1306	1364	1410
Q9YHY6	O94679	26.700	1213	1364	1158
Q9YHY6	Q9U2M1	20.100	1092	1364	1499
Q9YHY6	Q6ZQK0	28.300	113	1364	1506
Q08225	Q08225	100.000	711	711	711
Q6AYA8	Q6AYA8	100.000	313	313	313
Q72I33	Q72I33	100.000	118	118	118
Q83K06	Q83K06	100.000	96	96	96
Q86WQ0	Q86WQ0	100.000	139	139	139
P25626	P25626	100.000	169	169	169
P32896	P32896	100.000	925	925	925
P32896	O60108	27.600	318	925	514
P32896	Q4W5G0	21.000	441	925	525
P45742	P45742	100.000	392	392	392
P53158	P53158	100.000	218	218	218
P62309	P62309	100.000	76	76	76
O76612	O76612	100.000	706	706	706
P50110	P50110	100.000	327	327	327
P50110	P47802	25.000	176	327	317
Q03776	Q03776	100.000	544	544	544
Q03776	P39682	25.500	266	544	629
Q03776	Q12996	20.400	406	544	717
Q21227	Q21227	100.000	1188	1188	1188
Q9CPV2	Q9CPV2	100.000	110	110	110
P45376	P45376	100.000	316	316	316
P80698	P80698	100.000	424	424	424
Q02100	Q02100	100.000	647	647	647
Q06604	Q06604	100.000	576	576	576
Q22670	Q22670	100.000	1307	1307	1307
Q22670	Q8BMG7	22.800	988	1307	1366
Q22670	Q9VKB9	20.300	809	1307	1341
A0QP93	A0QP93	100.000	398	398	398
P0AFE3	P0AFE3	100.000	184	184	184
P25107	P25107	100.000	585	585	585
P25107	Q96K78	23.800	214	585	797
P71083	P71083	100.000	353	353	353
Q07527	Q07527	100.000	1436	1436	1436
P71635	P71635	100.000	415	415	415
Q02614	Q02614	100.000	308	308	308
Q02614	Q10069	33.600	110	308	146
Q04G23	Q04G23	100.000	183	183	183
Q04G23	P37811	23.300	171	183	181
Q04G23	Q9SSS9	25.700	167	183	234
Q04G23	P27180	24.000	166	183	185
Q04G23	P09457	25.400	181	183	212
Q09252	Q09252	100.000	392	392	392
Q12050	Q12050	100.000	791	791	791
Q12050	Q86BP6	23.700	244	791	1162
Q4PSA3	Q4PSA3	100.000	549	549	549
Q4PSA3	Q9HDY1	25.700	256	549	731
Q94AU9	Q94AU9	100.000	174	174	174
Q9C534	Q9C534	100.000	379	379	379
Q9FLD8	Q9FLD8	100.000	678	678	678
Q9FLD8	Q9S7Q2	22.700	632	678	862
Q9FLD8	Q9LS88	24.000	610	678	842
Q9FLD8	Q8RWS8	25.300	568	678	822
Q9FLD8	O82178	24.900	477	678	591
Q9FLD8	Q9LW84	26.000	483	678	642
Q9FLD8	Q9SS81	25.000	463	678	687
Q9FLD8	Q0WMY5	23.600	491	678	952
Q9FLD8	Q9SAD9	24.600	466	678	517
Q9FLD8	O80958	27.500	374	678	867
Q9FLD8	Q9LS25	23.100	444	678	711
Q9FLD8	Q9FMF6	23.300	462	678	730
Q9FLD8	Q9SSR4	22.700	502	678	819
Q9FLD8	Q9LKU8	24.000	382	678	766
Q9FLD8	Q9LR67	24.500	326	678	660
Q9FLD8	Q9LMY5	23.300	515	678	826
Q9FLD8	O81028	26.600	390	678	799
Q9FLD8	Q9ZUU3	25.000	483	678	757
Q9FLD8	Q9FRS4	24.900	325	678	559
Q9FLD8	Q9LVA2	21.900	423	678	982
Q9FLD8	Q9M4P3	23.600	477	678	656
Q9FLD8	Q9SQU6	22.700	365	678	486
Q9FLD8	Q9MAG8	21.800	384	678	471
Q9FLD8	Q9M3A8	23.300	437	678	629
Q9FLD8	Q9SNB7	21.100	492	678	665
Q9FLD8	Q9SVH3	19.300	490	678	727
Q9FLD8	Q9SAK0	20.600	364	678	836
Q9FLD8	Q0WLC6	20.200	444	678	1089
Q9FLD8	Q9SA76	24.700	339	678	1006
Q9FLD8	Q3EDA9	20.400	489	678	608
Q9FLD8	Q9ZUU7	24.900	393	678	462
Q9FLD8	O49343	24.200	351	678	452
Q9FLD8	P0C896	23.100	307	678	576
Q9FLD8	Q9FMU2	18.100	475	678	634
Q9FLD8	O49711	18.500	286	678	843
Q9FLD8	Q9M2C8	21.800	357	678	498
Q9FLD8	Q9LSK8	20.700	467	678	688
Q9FLD8	Q3ECH5	19.500	348	678	544
Q9FLD8	Q9SGQ6	21.000	338	678	773
Q9FLD8	O23278	22.600	300	678	501
Q9FLD8	Q9SA60	20.500	326	678	793
Q9FLD8	Q9SKU6	21.500	446	678	490
Q9FLD8	B3H4P1	20.000	515	678	661
Q9FLD8	P48237	21.500	302	678	864
Q9FLD8	P32522	20.700	352	678	965
Q9FLD8	Q9FZD1	26.700	146	678	630
Q9FLD8	Q8LPF1	21.700	387	678	668
Q9FLD8	B3H672	22.200	202	678	674
Q9SQG2	Q9SQG2	100.000	471	471	471
Q9SQG2	F4JSH1	26.600	327	471	740
P45931	P45931	100.000	1585	1585	1585
Q12188	Q12188	100.000	680	680	680
Q4J8G7	Q4J8G7	100.000	169	169	169
Q5SZD4	Q5SZD4	100.000	288	288	288
Q80WQ8	Q80WQ8	100.000	998	998	998
Q0V842	Q0V842	100.000	487	487	487
P07396	P07396	100.000	101	101	101
Q93Z20	Q93Z20	100.000	590	590	590
Q93Z20	O09014	28.300	579	590	572
Q93Z20	O80436	26.400	514	590	521
Q93Z20	P32901	23.700	505	590	601
Q93Z20	A6NIM6	25.500	529	590	579
Q9FI46	Q9FI46	100.000	269	269	269
Q9M358	Q9M358	100.000	664	664	664
Q9M358	Q2YD98	23.200	615	664	709
Q08687	Q08687	100.000	178	178	178
Q12247	Q12247	100.000	151	151	151
Q15B89	Q15B89	100.000	343	343	343
Q9C5D0	Q9C5D0	100.000	238	238	238
Q9C5D0	Q944A6	29.000	141	238	487
Q9C5D0	Q9LF97	26.300	167	238	556
Q9LET3	Q9LET3	100.000	293	293	293
Q9LET3	Q8NBM4	27.900	344	293	344
Q3UP23	Q3UP23	100.000	366	366	366
Q5AI37	Q5AI37	100.000	564	564	564
Q6AYB3	Q6AYB3	100.000	284	284	284
Q6P1Q0	Q6P1Q0	100.000	360	360	360
Q7TPD7	Q7TPD7	100.000	306	306	306
Q9SAK8	Q9SAK8	100.000	783	783	783
Q9SAK8	Q9SIT5	29.600	779	783	821
O05521	O05521	100.000	215	215	215
O13827	O13827	100.000	246	246	246
O13827	Q59P96	26.000	250	246	275
O43676	O43676	100.000	98	98	98
O70378	O70378	100.000	207	207	207
P02974	P02974	100.000	165	165	165
P0A9M6	P0A9M6	100.000	152	152	152
P0A9M6	P0A9M2	29.200	113	152	178
P25370	P25370	100.000	566	566	566
P53095	P53095	100.000	428	428	428
P9WGL5	P9WGL5	100.000	501	501	501
Q8R0E5	Q8R0E5	100.000	213	213	213
Q91WI7	Q91WI7	100.000	443	443	443
Q91WI7	F4IYM4	26.700	172	443	896
Q9P013	Q9P013	100.000	229	229	229
Q9UUI2	Q9UUI2	100.000	165	165	165
Q9VLK2	Q9VLK2	100.000	681	681	681
Q9VLK2	Q8BVY0	25.900	266	681	452
Q9ZUH0	Q9ZUH0	100.000	374	374	374
Q9ZUH0	Q9LVG8	23.200	344	374	374
O13024	O13024	100.000	873	873	873
O35298	O35298	100.000	574	574	574
P04844	P04844	100.000	631	631	631
P04844	P04844	100.000	631	631	631
P04844	Q93Z16	25.200	440	631	691
P04844	O74943	23.600	199	631	271
P0AFA3	P0AFA3	100.000	598	598	598
P0AFA3	Q99SZ7	28.400	197	598	347
P0AFA3	P09835	26.400	276	598	500
P0AFA3	O53857	25.100	179	598	425
Q9XIG2	Q9XIG2	100.000	421	421	421
A6NEC2	A6NEC2	100.000	478	478	478
A6NEC2	P40462	26.300	418	478	946
A6NEC2	Q17405	21.600	471	478	1090
A6NEC2	P46557	19.400	422	478	781
O16216	O16216	100.000	533	533	533
O16216	Q10414	28.800	582	533	561
O16216	P53255	23.300	562	533	507
O16216	Q8BG79	24.000	220	533	887
O88796	O88796	100.000	268	268	268
P0C221	P0C221	100.000	793	793	793
P0C221	Q0JJ05	25.500	254	793	987
C9J202	C9J202	100.000	215	215	215
O95999	O95999	100.000	233	233	233
P0A6B7	P0A6B7	100.000	404	404	404
P0A6B7	P21549	23.600	114	404	392
P0A6B7	Q05979	26.800	186	404	453
P32789	P32789	100.000	676	676	676
P32789	O13924	26.600	251	676	488
P53675	P53675	100.000	1640	1640	1640
Q9ULR5	Q9ULR5	100.000	123	123	123
Q9VHQ7	Q9VHQ7	100.000	390	390	390
Q9VHQ7	P81921	20.000	195	390	385
Q9VHQ7	Q9I816	22.300	237	390	387
O13671	O13671	100.000	967	967	967
O13671	O95373	22.300	695	967	1038
O13671	P46970	28.100	213	967	1048
O13671	Q02932	24.700	238	967	1032
P03086	P03086	100.000	71	71	71
P68950	P68950	100.000	198	198	198
Q5M9I6	Q5M9I6	100.000	260	260	260
Q5XI96	Q5XI96	100.000	307	307	307
Q6A044	Q6A044	100.000	515	515	515
Q6ZW05	Q6ZW05	100.000	846	846	846
Q6ZW05	Q0EEE2	24.900	871	846	906
Q6ZW05	O35595	21.400	224	846	1182
Q8BHL4	Q8BHL4	100.000	356	356	356
Q9BXS9	Q9BXS9	100.000	759	759	759
Q9BXS9	O59782	22.500	386	759	667
Q9ULJ1	Q9ULJ1	100.000	636	636	636
Q9ULJ1	Q6AYX5	27.300	618	636	825
A8MTT3	A8MTT3	100.000	80	80	80
F4KD71	F4KD71	100.000	704	704	704
P34351	P34351	100.000	102	102	102
P34351	O02495	38.000	63	102	109
P9WMA7	P9WMA7	100.000	304	304	304
Q02770	Q02770	100.000	301	301	301
Q04LI2	Q04LI2	100.000	496	496	496
Q0VGL1	Q0VGL1	100.000	99	99	99
Q13616	Q13616	100.000	776	776	776
Q13616	P53202	23.200	808	776	744
Q13616	Q9UJX6	22.000	195	776	822
Q949P2	Q949P2	100.000	701	701	701
Q949P2	P42676	28.400	682	701	704
Q9FY71	Q9FY71	100.000	278	278	278
Q9P6R0	Q9P6R0	100.000	492	492	492
Q9P6R0	Q4V8D6	25.300	249	492	416
Q9W2Q7	Q9W2Q7	100.000	621	621	621
Q9W2Q7	Q9H8X2	26.900	304	621	491
G5ED05	G5ED05	100.000	722	722	722
G5ED05	Q12296	23.400	397	722	706
Q10183	Q10183	100.000	259	259	259
Q12321	Q12321	100.000	566	566	566
Q3U0V2	Q3U0V2	100.000	310	310	310
Q4JAE2	Q4JAE2	100.000	307	307	307
Q4JAE2	O31657	28.100	185	307	298
Q4JAE2	P47154	29.100	137	307	453
Q5PQR6	Q5PQR6	100.000	454	454	454
Q5PQR6	Q9JMB1	28.000	203	454	375
Q94AT3	Q94AT3	100.000	378	378	378
Q94AT3	P0A9J6	22.700	259	378	309
Q9BSF4	Q9BSF4	100.000	260	260	260
Q9HBV1	Q9HBV1	100.000	291	291	291
Q9P1G2	Q9P1G2	100.000	102	102	102
Q9P7T7	Q9P7T7	100.000	249	249	249
O94534	O94534	100.000	809	809	809
O94534	P46675	29.000	730	809	888
P09190	P09190	100.000	81	81	81
P0AB88	P0AB88	100.000	215	215	215
P0AB88	Q20952	24.100	195	215	611
P13164	P13164	100.000	125	125	125
P29812	P29812	100.000	517	517	517
Q5VZ19	Q5VZ19	100.000	366	366	366
Q6ZTU2	Q6ZTU2	100.000	488	488	488
Q8BK30	Q8BK30	100.000	104	104	104
Q8BY71	Q8BY71	100.000	416	416	416
Q8BY71	Q12341	24.900	413	416	374
Q8BY71	Q9FJT8	26.300	349	416	467
Q8R3P0	Q8R3P0	100.000	312	312	312
Q94AL8	Q94AL8	100.000	225	225	225
Q9CQF6	Q9CQF6	100.000	309	309	309
Q9CQF6	P50113	26.300	129	309	272
A1L1K3	A1L1K3	100.000	727	727	727
A1L1K3	Q9P4W7	22.600	265	727	744
O69690	O69690	100.000	254	254	254
O88441	O88441	100.000	263	263	263
O88441	P47802	28.500	221	263	317
O88441	D3ZAT9	25.300	237	263	409
O88441	Q9VHB6	24.800	233	263	327
Q9Y7L9	Q9Y7L9	100.000	97	97	97
A0A1B0GUW6	A0A1B0GUW6	100.000	1196	1196	1196
P0AB70	P0AB70	100.000	462	462	462
P27682	P27682	100.000	210	210	210
P34111	P34111	100.000	1160	1160	1160
P34111	Q9UST7	24.000	432	1160	1339
P38870	P38870	100.000	785	785	785
Q02950	Q02950	100.000	344	344	344
Q12297	Q12297	100.000	353	353	353
Q12297	Q9P6P0	32.900	79	353	155
Q3KR86	Q3KR86	100.000	609	609	609
Q3KR86	Q22505	27.900	580	609	679
Q3KR86	P91928	25.200	587	609	739
Q4J9H1	Q4J9H1	100.000	418	418	418
Q9FZ97	Q9FZ97	100.000	581	581	581
O74505	O74505	100.000	489	489	489
O74505	P38740	29.900	247	489	315
P32855	P32855	100.000	1065	1065	1065
P32855	Q9HE88	20.600	956	1065	1111
P32855	O74562	18.900	1070	1065	1073
P32855	Q96A65	17.900	935	1065	974
P32855	Q8I659	25.200	242	1065	1383
P81605	P81605	100.000	110	110	110
P9WFK0	P9WFK0	100.000	158	158	158
Q61490	Q61490	100.000	583	583	583
Q61490	P40200	32.900	94	583	585
Q61490	B1Q236	20.500	512	583	730
Q61490	Q96ID5	24.200	194	583	467
Q83QN4	Q83QN4	100.000	298	298	298
Q83QN4	Q14397	26.900	245	298	625
Q8CA72	Q8CA72	100.000	597	597	597
Q8CA72	Q9NVR0	23.600	470	597	708
Q8CA72	Q8CDE2	21.500	445	597	588
Q8CA72	Q93W93	32.500	163	597	434
Q8CA72	O61366	23.600	144	597	1302
Q8CA72	Q9LMR5	28.000	107	597	359
Q96BR5	Q96BR5	100.000	231	231	231
Q9EQR5	Q9EQR5	100.000	269	269	269
O74517	O74517	100.000	278	278	278
O94364	O94364	100.000	602	602	602
P42835	P42835	100.000	1041	1041	1041
P87310	P87310	100.000	144	144	144
P87310	Q9CXU0	24.100	120	144	135
Q06164	Q06164	100.000	1454	1454	1454
P38352	P38352	100.000	637	637	637
P53969	P53969	100.000	484	484	484
P53969	Q8BGH2	29.600	354	484	469
Q03769	Q03769	100.000	411	411	411
Q03769	P47160	26.300	133	411	408
Q0VD86	Q0VD86	100.000	236	236	236
Q20929	Q20929	100.000	510	510	510
Q9CRC6	Q9CRC6	100.000	105	105	105
Q9D0Z3	Q9D0Z3	100.000	276	276	276
Q9JJB9	Q9JJB9	100.000	375	375	375
Q9P6K5	Q9P6K5	100.000	465	465	465
Q9P6K5	Q03652	23.000	343	465	475
Q9P6K5	Q2YDW2	22.600	367	465	556
Q9Y7S8	Q9Y7S8	100.000	217	217	217
Q9CAQ2	Q9CAQ2	100.000	114	114	114
Q9CAQ2	Q9DBW3	33.300	54	114	110
Q9I816	Q9I816	100.000	387	387	387
Q9I816	Q9W1P8	26.400	287	387	398
Q9XZ14	Q9XZ14	100.000	879	879	879
Q9XZ14	P0DPD9	21.500	547	879	881
Q9XZ14	P0DPD9	21.500	547	879	881
P0C5X8	P0C5X8	100.000	450	450	450
P0C5X8	Q9W5A5	25.600	453	450	655
P0C5X8	Q20332	24.000	245	450	519
P28700	P28700	100.000	467	467	467
Q7BSW5	Q7BSW5	100.000	1300	1300	1300
Q92380	Q92380	100.000	923	923	923
Q92380	P40541	21.800	357	923	1150
Q9VM60	Q9VM60	100.000	605	605	605
F4K4J0	F4K4J0	100.000	819	819	819
F4K4J0	Q68FX7	28.400	516	819	682
F4K4J0	Q9W1F4	28.300	398	819	616
P46962	P46962	100.000	323	323	323
Q02QI1	Q02QI1	100.000	101	101	101
Q05942	Q05942	100.000	220	220	220
Q06673	Q06673	100.000	1274	1274	1274
Q2TB18	Q2TB18	100.000	679	679	679
Q2TB18	Q9VPW1	27.800	359	679	854
Q5RHP9	Q5RHP9	100.000	1530	1530	1530
Q6P2S7	Q6P2S7	100.000	1318	1318	1318
Q9H7U1	Q9H7U1	100.000	834	834	834
Q9Y3X0	Q9Y3X0	100.000	531	531	531
F4JWT7	F4JWT7	100.000	383	383	383
P14905	P14905	100.000	389	389	389
P14905	P38787	21.600	314	389	379
B1ANH7	B1ANH7	100.000	110	110	110
C9JVW0	C9JVW0	100.000	142	142	142
F4HSD5	F4HSD5	100.000	552	552	552
P03901	P03901	100.000	98	98	98
P0C147	P0C147	100.000	660	660	660
P0C147	Q5BKT4	24.800	625	660	473
Q6NVH7	Q6NVH7	100.000	229	229	229
Q83ME5	Q83ME5	100.000	264	264	264
Q8BRV5	Q8BRV5	100.000	308	308	308
Q8MSS1	Q8MSS1	100.000	2779	2779	2779
Q9VKV5	Q9VKV5	100.000	319	319	319
Q9VKV5	P38852	27.000	270	319	340
Q9VKV5	O94693	23.500	297	319	408
O74313	O74313	100.000	138	138	138
O81007	O81007	100.000	449	449	449
O81007	P50108	24.600	142	449	393
O13836	O13836	100.000	352	352	352
O13836	P53063	29.900	307	352	387
O13836	O77932	26.300	361	352	396
P36111	P36111	100.000	568	568	568
P36111	P47053	27.600	130	568	257
P36111	Q08118	27.500	109	568	586
P9WFW9	P9WFW9	100.000	372	372	372
Q02820	Q02820	100.000	53	53	53
Q09848	Q09848	100.000	337	337	337
Q2MH31	Q2MH31	100.000	260	260	260
Q9FG89	Q9FG89	100.000	212	212	212
Q9SE60	Q9SE60	100.000	592	592	592
P0DJO8	P0DJO8	100.000	306	306	306
P28750	P28750	100.000	532	532	532
P38185	P38185	100.000	102	102	102
P38618	P38618	100.000	129	129	129
P39107	P39107	100.000	395	395	395
P42349	P42349	100.000	536	536	536
P9WME1	P9WME1	100.000	194	194	194
Q05043	Q05043	100.000	376	376	376
Q10004	Q10004	100.000	377	377	377
Q15847	Q15847	100.000	76	76	76
P54710	P54710	100.000	66	66	66
P92935	P92935	100.000	618	618	618
Q16661	Q16661	100.000	112	112	112
Q32P12	Q32P12	100.000	615	615	615
Q96M19	Q96M19	100.000	166	166	166
Q9CR55	Q9CR55	100.000	154	154	154
Q9CXY9	Q9CXY9	100.000	395	395	395
Q9H488	Q9H488	100.000	388	388	388
Q9H488	Q9Y2G5	22.700	383	388	429
Q9P3T9	Q9P3T9	100.000	277	277	277
Q9P3T9	Q9BT67	24.600	150	277	221
Q9URV9	Q9URV9	100.000	124	124	124
A1L4Q6	A1L4Q6	100.000	167	167	167
B1AWJ5	B1AWJ5	100.000	472	472	472
O34924	O34924	100.000	357	357	357
O94497	O94497	100.000	615	615	615
P0A916	P0A916	100.000	212	212	212
P81799	P81799	100.000	343	343	343
Q04003	Q04003	100.000	481	481	481
Q10200	Q10200	100.000	466	466	466
Q15126	Q15126	100.000	192	192	192
Q3U132	Q3U132	100.000	458	458	458
Q3U132	Q3U132	100.000	458	458	458
A6NFE2	A6NFE2	100.000	343	343	343
E1BPN0	E1BPN0	100.000	694	694	694
E1BPN0	A1ZA92	23.700	371	694	995
E1BPN0	Q9SR06	27.000	200	694	444
E1BPN0	Q07845	25.700	175	694	632
O82290	O82290	100.000	387	387	387
P12872	P12872	100.000	115	115	115
P18947	P18947	100.000	1603	1603	1603
E9Q7G0	E9Q7G0	100.000	2094	2094	2094
E9Q7G0	F4JZY1	22.400	771	2094	1586
E9Q7G0	Q5TZA2	25.900	857	2094	2017
O94441	O94441	100.000	862	862	862
O94441	P46951	22.300	399	862	817
P31572	P31572	100.000	405	405	405
P31572	O09174	26.400	393	405	381
P31572	P96877	25.100	318	405	394
P40064	P40064	100.000	1391	1391	1391
P40064	Q9URX8	27.300	1303	1391	1315
P40064	Q9V463	22.000	1266	1391	1365
P40064	F4HXV6	22.100	646	1391	1464
P9WLI9	P9WLI9	100.000	214	214	214
Q96MT0	Q96MT0	100.000	163	163	163
Q980L7	Q980L7	100.000	503	503	503
Q980L7	O08314	23.600	372	503	371
Q9H061	Q9H061	100.000	195	195	195
Q9P7R0	Q9P7R0	100.000	1573	1573	1573
Q9P7R0	Q980I5	26.100	440	1573	414
Q9P7R0	P56119	27.400	284	1573	263
Q9P7R0	Q4JB01	26.200	309	1573	351
P43256	P43256	100.000	562	562	562
Q10203	Q10203	100.000	368	368	368
Q12164	Q12164	100.000	279	279	279
Q12164	Q12144	24.500	248	279	273
Q12333	Q12333	100.000	620	620	620
Q12333	Q08908	27.200	345	620	694
Q12333	P32791	22.100	523	620	686
Q12333	Q04800	21.100	378	620	564
Q12333	P53109	22.500	360	620	570
Q5HFU2	Q5HFU2	100.000	486	486	486
Q5PRE5	Q5PRE5	100.000	913	913	913
Q30KQ4	Q30KQ4	100.000	102	102	102
Q30KQ4	Q8N688	40.200	67	102	67
Q3ECH5	Q3ECH5	100.000	544	544	544
Q3ECH5	Q9FMF6	24.400	433	544	730
Q3ECH5	Q9SSR4	26.500	339	544	819
Q3ECH5	Q9LR67	22.300	527	544	660
Q3ECH5	Q9LKU8	24.400	393	544	766
Q3ECH5	O80958	20.600	619	544	867
Q3ECH5	Q9SS81	22.900	467	544	687
Q3ECH5	Q9LW84	21.300	454	544	642
Q3ECH5	Q9LMY5	22.400	458	544	826
Q3ECH5	Q0WMY5	21.400	322	544	952
Q3ECH5	Q8RWS8	20.100	466	544	822
Q3ECH5	Q9FRS4	18.900	390	544	559
Q3ECH5	Q9LVA2	22.000	404	544	982
Q3ECH5	Q9ZUU3	24.700	238	544	757
Q3ECH5	O81028	27.000	300	544	799
Q3ECH5	Q9LS88	22.700	386	544	842
Q3ECH5	Q9S7Q2	21.800	398	544	862
Q3ECH5	Q9MAG8	22.100	366	544	471
Q3ECH5	Q9SVH3	20.800	451	544	727
Q3ECH5	Q9SAK0	23.200	370	544	836
Q3ECH5	P0C896	24.000	399	544	576
Q3ECH5	Q3EDA9	27.700	184	544	608
Q3ECH5	Q9SAD9	21.900	415	544	517
Q3ECH5	Q9M2C8	23.400	328	544	498
Q3ECH5	O82178	19.700	400	544	591
Q3ECH5	Q9M3A8	21.400	429	544	629
Q3ECH5	Q9LSK8	23.400	209	544	688
Q3ECH5	Q0WLC6	23.000	282	544	1089
Q3ECH5	Q9FMU2	19.600	452	544	634
Q3ECH5	Q9FLD8	19.300	351	544	678
Q3ECH5	Q9ZUU7	24.300	222	544	462
Q3ECH5	Q9LS25	22.000	268	544	711
Q3ECH5	Q9SQU6	23.100	315	544	486
Q3ECH5	Q9M4P3	22.900	240	544	656
Q3ECH5	O49711	20.000	408	544	843
Q3ECH5	Q9SNB7	21.200	212	544	665
Q3ECH5	O23278	25.000	160	544	501
Q3ECH5	Q9SA60	24.300	242	544	793
Q3ECH5	B3H4P1	21.000	200	544	661
Q3ECH5	Q9SA76	22.400	405	544	1006
Q3ECH5	Q9SKU6	21.000	275	544	490
Q4VNC1	Q4VNC1	100.000	1196	1196	1196
Q4VNC1	O59868	25.400	746	1196	899
Q4VNC1	P0ABB8	24.300	724	1196	898
Q4VNC1	Q9LK90	29.000	327	1196	1189
Q4VNC1	P23980	20.900	491	1196	704
Q8K2J4	Q8K2J4	100.000	934	934	934
Q91WG2	Q91WG2	100.000	554	554	554
Q91WG2	Q15276	28.000	798	554	862
Q96PZ0	Q96PZ0	100.000	661	661	661
Q96PZ0	Q17426	28.000	563	661	577
Q96PZ0	Q980V2	26.700	243	661	377
Q9H1K6	Q9H1K6	100.000	362	362	362
Q9LW57	Q9LW57	100.000	284	284	284
Q9LW57	Q5M755	26.300	201	284	273
Q9LW57	O81304	25.100	191	284	212
Q9NUD7	Q9NUD7	100.000	363	363	363
Q9UDW1	Q9UDW1	100.000	63	63	63
Q86TH1	Q86TH1	100.000	951	951	951
Q9D0N8	Q9D0N8	100.000	159	159	159
Q9D0N8	A6NKF7	39.800	113	159	163
Q9H7T9	Q9H7T9	100.000	357	357	357
Q9URV8	Q9URV8	100.000	357	357	357
A8IRJ7	A8IRJ7	100.000	482	482	482
A8IRJ7	Q96M91	26.300	451	482	514
Q9VEJ2	Q9VEJ2	100.000	852	852	852
Q9VEJ2	Q99207	23.200	846	852	810
A5DLL7	A5DLL7	100.000	712	712	712
A5DLL7	P38883	27.100	592	712	763
A5DLL7	P87243	25.300	189	712	828
P15590	P15590	100.000	573	573	573
P15590	Q9LUJ7	27.900	412	573	486
P15590	F4IQK5	21.700	405	573	707
Q0WP36	Q0WP36	100.000	464	464	464
Q96MS3	Q96MS3	100.000	346	346	346
Q1G3Z6	Q1G3Z6	100.000	112	112	112
Q2V305	Q2V305	100.000	98	98	98
Q3V037	Q3V037	100.000	328	328	328
Q8AZK7	Q8AZK7	100.000	506	506	506
Q94A99	Q94A99	100.000	365	365	365
P08468	P08468	100.000	800	800	800
P35318	P35318	100.000	185	185	185
P38302	P38302	100.000	140	140	140
P39180	P39180	100.000	1039	1039	1039
P47050	P47050	100.000	842	842	842
Q8NDZ4	Q8NDZ4	100.000	430	430	430
Q8NDZ4	Q0P6D2	23.900	188	430	419
Q9CQT7	Q9CQT7	100.000	168	168	168
Q9HBM0	Q9HBM0	100.000	779	779	779
Q9Y6K0	Q9Y6K0	100.000	416	416	416
Q9Y6K0	P17898	27.200	349	416	393
O35207	O35207	100.000	114	114	114
P41697	P41697	100.000	788	788	788
P41697	O13735	27.100	446	788	1385
P48154	P48154	100.000	257	257	257
P53955	P53955	100.000	656	656	656
P53955	O94447	22.500	404	656	498
P82295	P82295	100.000	1013	1013	1013
P82295	O43490	20.800	869	1013	865
P82295	Q8N271	16.900	532	1013	834
Q09847	Q09847	100.000	1325	1325	1325
Q09847	Q9W1X4	22.300	389	1325	1711
Q9BW27	Q9BW27	100.000	656	656	656
Q9BW27	Q9UUE5	20.800	509	656	675
Q9VET0	Q9VET0	100.000	102	102	102
Q9Y256	Q9Y256	100.000	329	329	329
O49711	O49711	100.000	843	843	843
O49711	Q9LKU8	21.200	395	843	766
O49711	Q0WMY5	20.700	424	843	952
O49711	O80958	20.100	482	843	867
O49711	Q0WLC6	21.900	269	843	1089
O49711	Q9SSR4	23.600	250	843	819
O49711	Q8RWS8	22.800	302	843	822
O49711	Q9FMU2	21.500	404	843	634
O49711	Q9LW84	19.900	391	843	642
O49711	Q9MAG8	24.500	293	843	471
O49711	Q9S7Q2	21.000	304	843	862
O49711	Q9SS81	18.900	427	843	687
O49711	Q9LS88	21.100	288	843	842
O49711	Q9M2C8	27.800	176	843	498
O49711	Q9SNB7	19.100	360	843	665
O49711	Q9LS25	19.400	345	843	711
O49711	Q3ECH5	20.000	408	843	544
O49711	O82178	19.600	280	843	591
O49711	B3H4P1	27.500	200	843	661
O49711	Q9FRS4	19.400	278	843	559
O49711	Q9SVH3	22.000	362	843	727
O49711	Q9LVA2	21.500	344	843	982
O49711	Q9LMY5	27.100	199	843	826
O49711	O81028	21.100	397	843	799
O49711	Q9ZUU7	23.500	200	843	462
O49711	Q9SA60	25.600	179	843	793
O49711	Q9LSK8	23.200	327	843	688
O49711	Q9SA76	20.000	205	843	1006
O49711	Q3EDA9	21.500	172	843	608
Q1ZXE8	Q1ZXE8	100.000	614	614	614
Q1ZXE8	Q9VSS2	26.800	621	614	604
Q96B77	Q96B77	100.000	213	213	213
Q9C0X8	Q9C0X8	100.000	1163	1163	1163
Q9C0X8	Q12754	29.800	1182	1163	1228
Q9C0X8	Q6P5B0	24.400	1174	1163	1295
Q9C0X8	Q9Y824	19.300	1016	1163	1001
Q9Y7Y1	Q9Y7Y1	100.000	547	547	547
Q9Y7Y1	P47166	20.700	592	547	707
Q9Y7Y1	P82094	29.900	127	547	1093
C5DJ44	C5DJ44	100.000	650	650	650
O14174	O14174	100.000	473	473	473
O14174	Q3ZLR7	26.800	175	473	823
O14174	P50875	25.400	177	473	604
Q8N9P6	Q8N9P6	100.000	203	203	203
Q97ZZ8	Q97ZZ8	100.000	1242	1242	1242
Q97ZZ8	P78032	24.400	678	1242	711
Q97ZZ8	Q97ZJ8	26.100	531	1242	668
A8AQK7	A8AQK7	100.000	84	84	84
O69659	O69659	100.000	381	381	381
P32841	P32841	100.000	428	428	428
E7FA21	E7FA21	100.000	853	853	853
O13796	O13796	100.000	656	656	656
O13796	Q8R3L2	27.500	541	656	676
O13796	Q05468	26.300	372	656	723
P56695	P56695	100.000	890	890	890
Q96A09	Q96A09	100.000	425	425	425
Q9Z0Y8	Q9Z0Y8	100.000	2201	2201	2201
Q9Z0Y8	Q8IZF0	21.600	1743	2201	1738
Q9Z0Y8	O14234	21.700	580	2201	1854
Q9Z0Y8	Q8NHX9	25.900	301	2201	752
Q9Z0Y8	Q7RTX7	22.500	271	2201	472
Q9Z0Y8	Q94KI8	25.100	270	2201	733
O34722	O34722	100.000	487	487	487
O34722	Q8BPG6	27.300	238	487	308
P0A6T2	P0A6T2	100.000	549	549	549
P31376	P31376	100.000	625	625	625
P36147	P36147	100.000	197	197	197
P38700	P38700	100.000	605	605	605
P38700	Q09718	23.600	622	605	446
P38700	P38153	26.000	138	605	483
P38700	Q9H0R1	23.700	215	605	490
Q8BHX1	Q8BHX1	100.000	278	278	278
Q8C263	Q8C263	100.000	411	411	411
Q8R143	Q8R143	100.000	174	174	174
Q96EZ8	Q96EZ8	100.000	462	462	462
Q9DBW3	Q9DBW3	100.000	110	110	110
Q9DBW3	Q9CAQ2	33.300	54	110	114
Q9FGW0	Q9FGW0	100.000	424	424	424
Q9M209	Q9M209	100.000	438	438	438
A0A0U1RQF7	A0A0U1RQF7	100.000	123	123	123
A4QN01	A4QN01	100.000	128	128	128
G5EF60	G5EF60	100.000	530	530	530
Q9ULG3	Q9ULG3	100.000	409	409	409
B6KFA9	B6KFA9	100.000	869	869	869
B6KFA9	Q08357	25.100	870	869	652
B6KFA9	P38361	22.300	868	869	574
P07183	P07183	100.000	306	306	306
P0C853	P0C853	100.000	105	105	105
P38842	P38842	100.000	239	239	239
P60651	P60651	100.000	306	306	306
P60651	P39138	25.200	301	306	296
P9WMC1	P9WMC1	100.000	216	216	216
P9WMC1	P96701	28.500	98	216	195
Q03080	Q03080	100.000	316	316	316
Q08387	Q08387	100.000	944	944	944
Q4JBL7	Q4JBL7	100.000	192	192	192
Q10317	Q10317	100.000	193	193	193
Q9CPU7	Q9CPU7	100.000	355	355	355
Q9SHJ6	Q9SHJ6	100.000	323	323	323
Q9SKU6	Q9SKU6	100.000	490	490	490
Q9SKU6	O82178	21.000	370	490	591
Q9SKU6	Q9LR67	24.000	357	490	660
Q9SKU6	Q9SQU6	21.600	361	490	486
Q9SKU6	Q9ZUU3	20.500	380	490	757
Q9SKU6	Q9LS88	20.100	268	490	842
Q9SKU6	Q0WMY5	26.500	230	490	952
Q9SKU6	Q9S7Q2	23.900	267	490	862
Q9SKU6	Q9LW84	22.000	263	490	642
Q9SKU6	Q9FLD8	21.500	446	490	678
Q9SKU6	Q9M4P3	23.800	310	490	656
Q9SKU6	O80958	19.300	300	490	867
Q9SKU6	Q9SAD9	23.000	265	490	517
Q9SKU6	Q9SSR4	23.200	310	490	819
Q9SKU6	O81028	22.200	287	490	799
Q9SKU6	O23278	21.700	271	490	501
Q9SKU6	Q9M3A8	23.000	247	490	629
Q9SKU6	Q9M2C8	28.100	110	490	498
Q9SKU6	Q9SA60	21.000	294	490	793
Q9SKU6	Q9LS25	23.900	209	490	711
Q9SKU6	Q9SVH3	18.200	257	490	727
Q9SKU6	O49711	19.700	329	490	843
Q9SKU6	P0C896	25.300	197	490	576
Q9SKU6	Q9SNB7	19.000	405	490	665
Q9SKU6	Q8LPF1	20.100	417	490	668
Q9SKU6	O49343	19.900	291	490	452
P05990	P05990	100.000	2224	2224	2224
P05990	P32375	27.100	398	2224	460
P17214	P17214	100.000	699	699	699
P17214	Q03466	27.400	651	699	884
P38257	P38257	100.000	691	691	691
P40156	P40156	100.000	214	214	214
P45905	P45905	100.000	85	85	85
P46985	P46985	100.000	422	422	422
P46985	P50108	21.200	254	422	393
Q8BR27	Q8BR27	100.000	538	538	538
Q8IWB9	Q8IWB9	100.000	1127	1127	1127
Q8IWB9	O94464	23.500	285	1127	779
Q8IWB9	Q06833	21.600	277	1127	770
Q92628	Q92628	100.000	1395	1395	1395
Q9DB42	Q9DB42	100.000	134	134	134
Q9H0I3	Q9H0I3	100.000	377	377	377
P36118	P36118	100.000	322	322	322
P38355	P38355	100.000	427	427	427
P38355	Q9C9K5	22.600	406	427	390
P46318	P46318	100.000	102	102	102
P47001	P47001	100.000	227	227	227
P48445	P48445	100.000	690	690	690
P48445	Q9SL92	27.500	320	690	367
Q86U90	Q86U90	100.000	279	279	279
Q86U90	P32579	27.600	195	279	426
Q8IIG7	Q8IIG7	100.000	1070	1070	1070
Q92797	Q92797	100.000	1274	1274	1274
Q92797	Q01329	27.600	112	1274	785
O04203	O04203	100.000	435	435	435
P28007	P28007	100.000	205	205	205
Q15370	Q15370	100.000	118	118	118
Q24106	Q24106	100.000	410	410	410
Q3UQA7	Q3UQA7	100.000	116	116	116
Q4J6M6	Q4J6M6	100.000	281	281	281
Q4J6M6	P22985	23.700	286	281	1331
Q5FVL6	Q5FVL6	100.000	204	204	204
P39604	P39604	100.000	393	393	393
P39604	P9WN99	24.800	354	393	469
P40572	P40572	100.000	265	265	265
P48237	P48237	100.000	864	864	864
P48237	Q9MAG8	21.600	240	864	471
P48237	Q9SQU6	28.700	80	864	486
P48237	Q9LS25	27.100	92	864	711
P68575	P68575	100.000	104	104	104
P91124	P91124	100.000	430	430	430
O95467	O95467	100.000	245	245	245
P00927	P00927	100.000	576	576	576
P00927	P04990	24.400	307	576	352
P0CX26	P0CX26	100.000	92	92	92
P11491	P11491	100.000	566	566	566
P30533	P30533	100.000	357	357	357
Q3E7A7	Q3E7A7	100.000	99	99	99
Q4VCM1	Q4VCM1	100.000	633	633	633
Q4VCM1	P40345	23.000	451	633	661
Q4VCM1	P04180	23.900	464	633	440
Q9LSX7	Q9LSX7	100.000	283	283	283
Q9M7I7	Q9M7I7	100.000	318	318	318
Q9T030	Q9T030	100.000	308	308	308
P9WJA3	P9WJA3	100.000	143	143	143
P9WJA3	Q9LF97	24.000	129	143	556
Q03517	Q03517	100.000	617	617	617
Q12072	Q12072	100.000	812	812	812
Q5XFZ0	Q5XFZ0	100.000	217	217	217
Q6P589	Q6P589	100.000	184	184	184
Q04233	Q04233	100.000	774	774	774
Q14BA6	Q14BA6	100.000	303	303	303
Q3K2M3	Q3K2M3	100.000	71	71	71
Q3UY96	Q3UY96	100.000	1578	1578	1578
Q3UY96	Q3V0B4	27.300	190	1578	1847
Q3UY96	Q4G0P3	18.600	386	1578	5121
Q8C1F5	Q8C1F5	100.000	767	767	767
Q8C1F5	Q9Y5Q9	22.000	350	767	886
Q8C1F5	Q62018	22.700	382	767	1173
Q83IP6	Q83IP6	100.000	165	165	165
Q8CC21	Q8CC21	100.000	365	365	365
Q8NDM7	Q8NDM7	100.000	1665	1665	1665
Q8NDM7	A8JAF2	20.400	1894	1665	1719
Q8NDM7	E9Q5M6	20.200	539	1665	1843
Q8NDM7	Q9D180	24.200	165	1665	1249
Q8NDM7	Q8TBY9	20.100	506	1665	1149
G5EDN3	G5EDN3	100.000	1353	1353	1353
G5EDN3	Q9R1X4	26.800	1035	1353	1197
Q9D1C3	Q9D1C3	100.000	112	112	112
Q9VIV3	Q9VIV3	100.000	405	405	405
Q9VIV3	Q3U308	27.100	487	405	514
Q9VIV3	A3M0F4	22.600	326	405	448
C6Y4A3	C6Y4A3	100.000	68	68	68
G5EFY7	G5EFY7	100.000	295	295	295
O94481	O94481	100.000	520	520	520
P53093	P53093	100.000	235	235	235
P53093	Q9P6P8	22.700	242	235	225
Q0WPT7	Q0WPT7	100.000	352	352	352
Q0WPT7	Q39227	26.600	150	352	361
Q3EB08	Q3EB08	100.000	383	383	383
Q3EB08	Q9FVV8	54.800	31	383	392
Q96BI1	Q96BI1	100.000	424	424	424
Q9C6A1	Q9C6A1	100.000	445	445	445
Q9C6A1	Q9FK23	26.200	229	445	500
Q9C6A1	Q9ZT96	24.200	326	445	541
Q9C6A1	Q9SJ50	24.200	173	445	333
Q9C6A1	Q9M219	25.200	103	445	558
A0A1D8PHF5	A0A1D8PHF5	100.000	112	112	112
Q8C8K3	Q8C8K3	100.000	266	266	266
Q8INM9	Q8INM9	100.000	397	397	397
Q8N0U2	Q8N0U2	100.000	210	210	210
Q8N878	Q8N878	100.000	549	549	549
Q8VEH5	Q8VEH5	100.000	606	606	606
Q8VEH5	Q99NI3	25.700	556	606	936
Q5JTD0	Q5JTD0	100.000	557	557	557
Q68FV2	Q68FV2	100.000	223	223	223
Q6PDM4	Q6PDM4	100.000	574	574	574
Q83KX8	Q83KX8	100.000	369	369	369
Q8C561	Q8C561	100.000	694	694	694
P42286	P42286	100.000	1379	1379	1379
Q5T4T1	Q5T4T1	100.000	132	132	132
Q6PHU5	Q6PHU5	100.000	825	825	825
Q9H1A3	Q9H1A3	100.000	318	318	318
Q9V719	Q9V719	100.000	569	569	569
Q9V719	Q8BKH7	25.200	618	569	522
Q9V719	Q9NA80	23.900	246	569	642
Q66H70	Q66H70	100.000	264	264	264
Q6PHN1	Q6PHN1	100.000	1016	1016	1016
Q8IX05	Q8IX05	100.000	232	232	232
Q8R4A3	Q8R4A3	100.000	778	778	778
Q96EK6	Q96EK6	100.000	184	184	184
P03520	P03520	100.000	265	265	265
Q9D709	Q9D709	100.000	391	391	391
Q9JIG8	Q9JIG8	100.000	178	178	178
Q9NV39	Q9NV39	100.000	138	138	138
Q9SKT0	Q9SKT0	100.000	300	300	300
Q9QYE9	Q9QYE9	100.000	243	243	243
Q9Y675	Q9Y675	100.000	71	71	71
A0PK05	A0PK05	100.000	275	275	275
A6NFZ4	A6NFZ4	100.000	105	105	105
A8MU10	A8MU10	100.000	97	97	97
O15239	O15239	100.000	70	70	70
O34833	O34833	100.000	363	363	363
O65154	O65154	100.000	107	107	107
O88038	O88038	100.000	42	42	42
O95059	O95059	100.000	124	124	124
Q9Y7X6	Q9Y7X6	100.000	684	684	684
Q9Y7X6	Q03104	21.100	529	684	513
D6RGH6	D6RGH6	100.000	385	385	385
O43035	O43035	100.000	275	275	275
P00961	P00961	100.000	689	689	689
P9WNP9	P9WNP9	100.000	503	503	503
Q6K1E7	Q6K1E7	100.000	370	370	370
Q8C156	Q8C156	100.000	731	731	731
Q8C156	Q9Y7R3	26.100	776	731	742
Q8C156	P38170	24.200	725	731	754
Q92359	Q92359	100.000	681	681	681
Q92359	Q20757	21.600	305	681	553
Q9H8X2	Q9H8X2	100.000	491	491	491
Q9H8X2	Q9W2Q7	26.300	322	491	621
A3AHG5	A3AHG5	100.000	344	344	344
A3AHG5	Q9LW12	33.900	156	344	225
Q03613	Q03613	100.000	395	395	395
Q06820	Q06820	100.000	579	579	579
Q0KIC3	Q0KIC3	100.000	1372	1372	1372
Q3TPX4	Q3TPX4	100.000	708	708	708
Q3TPX4	B0G163	24.400	717	708	978
Q3TPX4	Q2QV94	24.000	750	708	806
Q5HDW4	Q5HDW4	100.000	217	217	217
Q969F2	Q969F2	100.000	451	451	451
Q99LX0	Q99LX0	100.000	189	189	189
Q9BTW9	Q9BTW9	100.000	1192	1192	1192
Q9BTW9	P40987	29.900	107	1192	1014
F4I9E1	F4I9E1	100.000	582	582	582
F4I9E1	Q03795	25.700	283	582	547
P12471	P12471	100.000	245	245	245
Q9DBN4	Q9DBN4	100.000	303	303	303
A6H8Z2	A6H8Z2	100.000	402	402	402
A6H8Z2	Q4V8D7	27.100	166	402	296
Q93V47	Q93V47	100.000	100	100	100
Q9M9F9	Q9M9F9	100.000	324	324	324
A2A8T7	A2A8T7	100.000	201	201	201
Q9VM75	Q9VM75	100.000	2096	2096	2096
Q9VM75	Q9H583	28.800	2215	2096	2144
Q9VM75	Q9C8Z4	21.900	2329	2096	2197
Q9VM75	O60179	24.200	948	2096	1649
Q9VM75	P42945	23.900	1103	2096	1769
Q9VM75	A4QTQ9	23.600	1314	2096	1796
Q9VM75	Q23495	19.600	1035	2096	1650
P05790	P05790	100.000	5263	5263	5263
P0CT49	P0CT49	100.000	233	233	233
P36417	P36417	100.000	708	708	708
P41903	P41903	100.000	349	349	349
P41903	O14734	26.000	326	349	319
P40545	P40545	100.000	261	261	261
P53148	P53148	100.000	917	917	917
P53148	O59757	27.000	270	917	1364
P9WK89	P9WK89	100.000	446	446	446
Q05854	Q05854	100.000	1341	1341	1341
Q3MIF4	Q3MIF4	100.000	536	536	536
Q3MIF4	Q9D5J6	21.300	356	536	476
P0ACK9	P0ACK9	100.000	243	243	243
P0C0L2	P0C0L2	100.000	143	143	143
P24813	P24813	100.000	409	409	409
P35719	P35719	100.000	219	219	219
P38325	P38325	100.000	134	134	134
Q6IPR1	Q6IPR1	100.000	90	90	90
Q6IPR1	Q9NU23	34.700	69	90	88
Q6ZTZ1	Q6ZTZ1	100.000	278	278	278
Q8BZ32	Q8BZ32	100.000	1370	1370	1370
Q97IR8	Q97IR8	100.000	665	665	665
Q9UTM5	Q9UTM5	100.000	580	580	580
Q86XL3	Q86XL3	100.000	938	938	938
Q86XL3	Q8MQX9	24.300	828	938	1174
Q9P6K4	Q9P6K4	100.000	842	842	842
O74380	O74380	100.000	357	357	357
P70645	P70645	100.000	454	454	454
Q9FJ80	Q9FJ80	100.000	291	291	291
P42900	P42900	100.000	643	643	643
Q13901	Q13901	100.000	141	141	141
Q13901	P38801	26.000	115	141	184
Q2V3Q1	Q2V3Q1	100.000	90	90	90
Q4KL13	Q4KL13	100.000	310	310	310
Q9D995	Q9D995	100.000	334	334	334
Q9D7Z3	Q9D7Z3	100.000	254	254	254
Q9DCC3	Q9DCC3	100.000	242	242	242
Q9JM80	Q9JM80	100.000	424	424	424
Q9STN5	Q9STN5	100.000	164	164	164
Q9VCF0	Q9VCF0	100.000	243	243	243
O53380	O53380	100.000	405	405	405
O53380	P08506	27.400	273	405	400
Q9D8I1	Q9D8I1	100.000	188	188	188
Q9LQ73	Q9LQ73	100.000	235	235	235
Q9LQ73	Q9STY0	28.600	122	235	227
Q9SHY2	Q9SHY2	100.000	688	688	688
Q9SHY2	P53134	23.400	722	688	725
Q9SHY2	Q9FME8	27.400	135	688	729
O31501	O31501	100.000	1052	1052	1052
O31501	P76398	27.000	1068	1052	1040
Q12324	Q12324	100.000	675	675	675
Q6GQX2	Q6GQX2	100.000	1323	1323	1323
Q8IYR0	Q8IYR0	100.000	622	622	622
Q99835	Q99835	100.000	787	787	787
Q9Y365	Q9Y365	100.000	291	291	291
Q9Y365	P53809	26.200	206	291	214
Q9Y365	Q8WYK0	30.400	115	291	555
Q9Y365	Q14849	21.100	170	291	445
Q96MD2	Q96MD2	100.000	445	445	445
Q9H6E4	Q9H6E4	100.000	229	229	229
Q9VAU9	Q9VAU9	100.000	315	315	315
F4JMH9	F4JMH9	100.000	532	532	532
P40093	P40093	100.000	338	338	338
Q12138	Q12138	100.000	136	136	136
Q3L890	Q3L890	100.000	272	272	272
Q5EE38	Q5EE38	100.000	416	416	416
Q6F6A2	Q6F6A2	100.000	506	506	506
Q8WX39	Q8WX39	100.000	176	176	176
Q8WX39	P09466	25.900	127	176	180
Q8WX39	O08976	22.000	150	176	174
Q83LY1	Q83LY1	100.000	311	311	311
Q83LY1	F4JZJ2	22.100	285	311	550
Q8IBP1	Q8IBP1	100.000	3459	3459	3459
Q8IBP1	C6KSQ6	25.500	494	3459	2236
O17213	O17213	100.000	292	292	292
O17213	Q9VVE2	28.300	236	292	268
O94600	O94600	100.000	1098	1098	1098
O94600	P36097	21.700	740	1098	1038
O94600	Q91V83	22.800	368	1098	1085
Q17RA5	Q17RA5	100.000	79	79	79
Q91WA1	Q91WA1	100.000	278	278	278
Q96AQ2	Q96AQ2	100.000	219	219	219
Q96NY7	Q96NY7	100.000	704	704	704
Q9CRB3	Q9CRB3	100.000	118	118	118
Q9D920	Q9D920	100.000	195	195	195
P97613	P97613	100.000	199	199	199
P9WJB7	P9WJB7	100.000	132	132	132
Q01721	Q01721	100.000	343	343	343
Q06810	Q06810	100.000	360	360	360
Q08357	Q08357	100.000	652	652	652
Q08357	P38361	28.300	653	652	574
Q08357	B6KFA9	25.400	852	652	869
Q9D1A0	Q9D1A0	100.000	226	226	226
Q9D1A0	D3ZVR7	28.200	184	226	201
Q9H5J8	Q9H5J8	100.000	278	278	278
Q9HGN2	Q9HGN2	100.000	244	244	244
Q9HGN2	P53853	28.100	220	244	264
Q9HGN2	Q01105	26.000	215	244	290
Q9LTT9	Q9LTT9	100.000	1340	1340	1340
Q9LTT9	Q9VKK1	20.800	1273	1340	1354
B3H4P1	B3H4P1	100.000	661	661	661
B3H4P1	Q9LW84	21.000	427	661	642
B3H4P1	Q9SS81	21.500	474	661	687
B3H4P1	Q9ZUU3	20.800	230	661	757
B3H4P1	Q9SAK0	23.000	204	661	836
B3H4P1	Q9FMU2	25.800	197	661	634
B3H4P1	Q9FMF6	22.800	201	661	730
B3H4P1	Q9S7Q2	20.900	505	661	862
B3H4P1	Q9LS88	19.400	447	661	842
B3H4P1	O82178	24.800	181	661	591
B3H4P1	Q9SVH3	22.100	271	661	727
B3H4P1	Q9LS25	25.400	220	661	711
B3H4P1	Q9SSR4	21.800	247	661	819
B3H4P1	O49711	25.400	204	661	843
B3H4P1	Q8RWS8	18.400	451	661	822
B3H4P1	O80958	22.800	166	661	867
B3H4P1	Q9LKU8	22.700	229	661	766
B3H4P1	Q0WMY5	18.400	478	661	952
B3H4P1	Q9LR67	24.400	172	661	660
B3H4P1	Q9LVA2	20.500	419	661	982
B3H4P1	Q9ZUU7	24.700	178	661	462
B3H4P1	Q9SA76	21.700	225	661	1006
B3H4P1	Q3EDA9	26.300	114	661	608
B3H4P1	Q9FLD8	19.100	481	661	678
B3H4P1	Q9SNB7	25.000	144	661	665
B3H4P1	Q9SQU6	25.000	132	661	486
B3H4P1	Q9M3A8	21.100	255	661	629
B3H4P1	Q9FZD1	20.700	462	661	630
B3H4P1	Q3ECH5	20.800	201	661	544
B3H4P1	Q9LSK8	21.600	222	661	688
P46557	P46557	100.000	781	781	781
P46557	P40462	22.100	203	781	946
Q3UJZ3	Q3UJZ3	100.000	198	198	198
Q3UJZ3	Q6P0K8	23.800	109	198	745
P03314	P03314	100.000	3411	3411	3411
P03314	P09814	27.900	204	3411	3023
P75736	P75736	100.000	254	254	254
P75736	Q9EPB5	25.000	104	254	311
Q06697	Q06697	100.000	393	393	393
Q06697	Q9N5U5	29.200	154	393	517
Q06697	Q4V8C8	28.500	168	393	531
Q61733	Q61733	100.000	384	384	384
Q7TMX5	Q7TMX5	100.000	569	569	569
Q8CIV2	Q8CIV2	100.000	574	574	574
Q8N987	Q8N987	100.000	351	351	351
Q8VHW9	Q8VHW9	100.000	327	327	327
P9WLZ7	P9WLZ7	100.000	653	653	653
Q08236	Q08236	100.000	1176	1176	1176
Q24141	Q24141	100.000	401	401	401
Q3URK1	Q3URK1	100.000	288	288	288
Q4V8B5	Q4V8B5	100.000	540	540	540
Q9UTK5	Q9UTK5	100.000	1727	1727	1727
Q9UTK5	Q02455	23.500	1761	1727	1875
Q9UTK5	O74424	22.800	1538	1727	1837
Q9UTK5	F1MA98	21.900	1269	1727	2360
Q9UTK5	A1Z8P9	21.800	233	1727	2346
Q9UTK5	F4JZY1	23.100	709	1727	1586
Q9Y7M8	Q9Y7M8	100.000	502	502	502
O49434	O49434	100.000	525	525	525
O96185	O96185	100.000	2588	2588	2588
O96185	O96185	100.000	2588	2588	2588
P03276	P03276	100.000	571	571	571
Q5DTT3	Q5DTT3	100.000	2382	2382	2382
Q8K0B2	Q8K0B2	100.000	537	537	537
Q8VCG3	Q8VCG3	100.000	384	384	384
Q8VCG3	P53136	26.900	304	384	463
Q9BX69	Q9BX69	100.000	1037	1037	1037
F4I4P3	F4I4P3	100.000	1615	1615	1615
F4I4P3	Q80YQ2	22.100	701	1615	1367
P56408	P56408	100.000	94	94	94
Q96UP3	Q96UP3	100.000	1400	1400	1400
A6ZJ71	A6ZJ71	100.000	1607	1607	1607
P0ACB9	P0ACB9	100.000	398	398	398
P18496	P18496	100.000	279	279	279
P40571	P40571	100.000	144	144	144
P61841	P61841	100.000	155	155	155
P92544	P92544	100.000	106	106	106
Q06665	Q06665	100.000	692	692	692
Q06665	P14736	23.600	271	692	754
Q9P1Z9	Q9P1Z9	100.000	1701	1701	1701
P9WM21	P9WM21	100.000	240	240	240
Q03430	Q03430	100.000	361	361	361
Q06333	Q06333	100.000	122	122	122
Q09231	Q09231	100.000	570	570	570
Q3URS9	Q3URS9	100.000	406	406	406
P0AFW2	P0AFW2	100.000	55	55	55
P0DJI9	P0DJI9	100.000	122	122	122
P23475	P23475	100.000	608	608	608
P23475	Q23976	25.400	632	608	631
P23475	P32807	23.100	527	608	602
P23475	Q9FQ09	22.000	526	608	680
P23475	Q04437	28.500	133	608	629
P47009	P47009	100.000	104	104	104
P48563	P48563	100.000	1636	1636	1636
P48563	Q09853	21.400	1674	1636	1616
P48563	Q19338	19.300	1269	1636	1646
O13290	O13290	100.000	4196	4196	4196
O13290	P36022	24.500	4099	4196	4092
O13290	Q9JJ79	22.900	3958	4196	4306
O13290	Q8BW94	23.100	3003	4196	4083
O13290	Q8IID4	20.400	3039	4196	5251
O13290	Q0VDD8	21.500	1702	4196	3507
O13290	Q96M86	19.000	2353	4196	4753
P29084	P29084	100.000	291	291	291
P38863	P38863	100.000	823	823	823
P38863	Q9C5H9	25.100	405	823	678
P38863	P58854	20.500	375	823	905
Q05543	Q05543	100.000	409	409	409
Q05543	O74814	26.400	242	409	387
Q05543	Q8VDS4	30.200	129	409	312
Q05543	Q6NXI6	23.100	121	409	1469
Q12411	Q12411	100.000	609	609	609
P19812	P19812	100.000	1950	1950	1950
P19812	O60152	21.900	1351	1950	1958
P19812	Q07963	21.700	1905	1950	1872
P19812	Q8IWV7	20.500	1325	1950	1749
P19812	P91133	21.200	1371	1950	2058
P19812	F4KCC2	21.200	917	1950	2006
P19812	Q6ZT12	20.200	485	1950	1888
P68571	P68571	100.000	148	148	148
P75465	P75465	100.000	419	419	419
P9WLT5	P9WLT5	100.000	193	193	193
Q04049	Q04049	100.000	632	632	632
Q04049	Q8PGJ4	22.600	265	632	359
Q7TQF2	Q7TQF2	100.000	950	950	950
Q8N357	Q8N357	100.000	371	371	371
Q8TAL6	Q8TAL6	100.000	211	211	211
Q8VDS7	Q8VDS7	100.000	400	400	400
Q95TN4	Q95TN4	100.000	776	776	776
Q95TN4	Q06096	20.000	809	776	861
A8IHN8	A8IHN8	100.000	242	242	242
B1AUR6	B1AUR6	100.000	1238	1238	1238
P0A771	P0A771	100.000	412	412	412
P21217	P21217	100.000	361	361	361
P36516	P36516	100.000	390	390	390
P36516	O43042	28.800	322	390	326
A8MZG2	A8MZG2	100.000	182	182	182
F4IN58	F4IN58	100.000	2462	2462	2462
F4IN58	M9MSG8	26.700	616	2462	2551
F4IN58	Q0KL00	24.200	937	2462	2535
F4IN58	A0A061ACU2	21.200	626	2462	2442
Q96KT6	Q96KT6	100.000	92	92	92
Q9C560	Q9C560	100.000	499	499	499
Q9SAK2	Q9SAK2	100.000	785	785	785
Q9SAK2	Q9ZUH4	25.000	518	785	591
Q9SAK2	Q9T0K1	23.200	528	785	554
P09240	P09240	100.000	115	115	115
P0DMU3	P0DMU3	100.000	169	169	169
P20824	P20824	100.000	801	801	801
P20824	P07270	32.300	105	801	312
P38894	P38894	100.000	1075	1075	1075
Q06688	Q06688	100.000	274	274	274
Q06688	O60093	23.700	164	274	251
Q06688	Q8GWZ6	27.000	133	274	275
P77625	P77625	100.000	216	216	216
P77625	Q9LDD5	22.700	211	216	373
P77625	P71447	25.300	193	216	221
P77625	Q12486	27.500	207	216	218
P77625	Q94K71	27.900	197	216	319
P9WFZ7	P9WFZ7	100.000	325	325	325
Q01105	Q01105	100.000	290	290	290
Q01105	Q9HGN2	26.800	190	290	244
Q04477	Q04477	100.000	213	213	213
Q05947	Q05947	100.000	369	369	369
Q99720	Q99720	100.000	223	223	223
Q9D123	Q9D123	100.000	240	240	240
Q9D123	Q9NWD8	25.700	210	240	314
Q9JME7	Q9JME7	100.000	139	139	139
Q9M2W6	Q9M2W6	100.000	226	226	226
Q9SNB9	Q9SNB9	100.000	553	553	553
Q10483	Q10483	100.000	240	240	240
Q3B7S5	Q3B7S5	100.000	101	101	101
P03120	P03120	100.000	365	365	365
P03120	P03122	27.500	414	365	410
Q9N5U5	Q9N5U5	100.000	517	517	517
Q9N5U5	Q4V8C8	29.000	548	517	531
Q9N5U5	Q06697	29.200	154	517	393
O05410	O05410	100.000	251	251	251
P58389	P58389	100.000	323	323	323
Q6BEV5	Q6BEV5	100.000	417	417	417
Q9CU24	Q9CU24	100.000	569	569	569
Q9CU24	Q8BGW0	25.700	582	569	636
Q12447	Q12447	100.000	191	191	191
Q12447	O97756	27.100	118	191	204
Q9FJT9	Q9FJT9	100.000	956	956	956
Q9FJT9	Q9CXT8	23.300	214	956	489
Q80YV2	Q80YV2	100.000	501	501	501
Q8C996	Q8C996	100.000	288	288	288
Q8N0V3	Q8N0V3	100.000	343	343	343
Q8NFU4	Q8NFU4	100.000	85	85	85
Q8TC29	Q8TC29	100.000	256	256	256
P53876	P53876	100.000	108	108	108
P71977	P71977	100.000	259	259	259
P71977	P76268	30.800	198	259	263
Q03465	Q03465	100.000	531	531	531
Q12366	Q12366	100.000	352	352	352
Q5S7W5	Q5S7W5	100.000	198	198	198
Q9SRL4	Q9SRL4	100.000	701	701	701
P34369	P34369	100.000	2329	2329	2329
P28320	P28320	100.000	278	278	278
Q0WPX7	Q0WPX7	100.000	285	285	285
Q944S1	Q944S1	100.000	581	581	581
Q944S1	P53166	23.200	504	581	561
Q944S1	Q3E9C3	22.300	443	581	472
Q944S1	Q9VNP5	22.800	210	581	1059
Q944S1	Q587J7	25.400	185	581	1177
Q96EV2	Q96EV2	100.000	1170	1170	1170
Q9GYV5	Q9GYV5	100.000	387	387	387
Q9P021	Q9P021	100.000	101	101	101
Q9UBU3	Q9UBU3	100.000	117	117	117
Q9UKK3	Q9UKK3	100.000	1724	1724	1724
Q9UKK3	Q14624	20.700	613	1724	930
Q4FK66	Q4FK66	100.000	312	312	312
Q4FK66	Q6AXY7	27.800	237	312	542
Q5T8R8	Q5T8R8	100.000	295	295	295
Q6DKI7	Q6DKI7	100.000	326	326	326
Q7Z3D6	Q7Z3D6	100.000	616	616	616
Q8VCQ3	Q8VCQ3	100.000	287	287	287
P53222	P53222	100.000	116	116	116
P53604	P53604	100.000	210	210	210
P54170	P54170	100.000	144	144	144
P55872	P55872	100.000	173	173	173
P72705	P72705	100.000	188	188	188
Q9CTN8	Q9CTN8	100.000	222	222	222
Q9CTN8	Q9Y693	28.200	191	222	200
Q9EQH3	Q9EQH3	100.000	796	796	796
Q9P6P8	Q9P6P8	100.000	225	225	225
Q9P6P8	Q9BSR8	29.400	170	225	244
Q9P6P8	P53093	24.200	214	225	235
Q9P6P8	Q9EQQ2	26.900	171	225	257
Q9USK0	Q9USK0	100.000	640	640	640
Q9USK0	Q06667	26.300	273	640	281
D3Z0R2	D3Z0R2	100.000	411	411	411
C9JH25	C9JH25	100.000	899	899	899
O53181	O53181	100.000	373	373	373
O94923	O94923	100.000	617	617	617
P10363	P10363	100.000	409	409	409
P10363	Q4J9B0	28.000	171	409	322
P27240	P27240	100.000	232	232	232
Q12129	Q12129	100.000	218	218	218
Q5EBL4	Q5EBL4	100.000	403	403	403
Q6AXY7	Q6AXY7	100.000	542	542	542
Q6AXY7	Q4FK66	27.800	237	542	312
Q83RX6	Q83RX6	100.000	336	336	336
Q83RX6	P28272	26.000	300	336	314
Q8N9N5	Q8N9N5	100.000	519	519	519
Q9D8S4	Q9D8S4	100.000	237	237	237
Q9HD23	Q9HD23	100.000	443	443	443
Q9HD23	Q10D38	27.600	322	443	384
Q9HD23	Q01926	23.500	327	443	470
Q9NVU0	Q9NVU0	100.000	708	708	708
Q9NVU0	O74883	29.800	144	708	242
Q9NVU0	P36121	27.600	163	708	282
Q9VXY4	Q9VXY4	100.000	180	180	180
A2RSX4	A2RSX4	100.000	306	306	306
P69013	P69013	100.000	31	31	31
P71622	P71622	100.000	71	71	71
P74102	P74102	100.000	317	317	317
Q14691	Q14691	100.000	196	196	196
Q5AML2	Q5AML2	100.000	395	395	395
Q5AML2	Q83KS7	23.800	256	395	311
Q10097	Q10097	100.000	498	498	498
Q10097	O94572	24.800	470	498	497
Q10097	P39709	23.600	444	498	593
Q10097	O13880	22.800	415	498	568
Q9C509	Q9C509	100.000	544	544	544
Q9C509	P69911	25.000	303	544	466
Q9C509	P0A6B7	23.800	277	544	404
Q9VJ29	Q9VJ29	100.000	921	921	921
P06844	P06844	100.000	337	337	337
P06844	P61216	27.700	90	337	124
P32321	P32321	100.000	178	178	178
Q6P2C8	Q6P2C8	100.000	311	311	311
Q80WJ7	Q80WJ7	100.000	579	579	579
Q86T90	Q86T90	100.000	577	577	577
Q8NAC3	Q8NAC3	100.000	791	791	791
Q8NAC3	Q96F46	26.200	198	791	866
Q99222	Q99222	100.000	893	893	893
O74954	O74954	100.000	613	613	613
O74954	Q06330	28.700	393	613	500
O74954	O74412	20.700	433	613	963
P41821	P41821	100.000	548	548	548
Q09951	Q09951	100.000	169	169	169
Q2QLI6	Q2QLI6	100.000	567	567	567
P10238	P10238	100.000	512	512	512
Q9SFC7	Q9SFC7	100.000	417	417	417
Q9SFC7	Q9SU30	24.300	415	417	413
Q9SFC7	Q3E9Z8	25.700	354	417	398
Q9SFC7	Q9FVV8	24.900	349	417	392
Q9SFC7	Q9FZK1	24.800	161	417	467
Q9ZVD2	Q9ZVD2	100.000	260	260	260
Q9ZVD2	Q9SRN0	26.200	118	260	209
A6NJJ6	A6NJJ6	100.000	358	358	358
O31989	O31989	100.000	105	105	105
O35841	O35841	100.000	504	504	504
P69911	P69911	100.000	466	466	466
P69911	Q9C509	25.500	301	466	544
Q12768	Q12768	100.000	1159	1159	1159
Q7RTS9	Q7RTS9	100.000	669	669	669
Q7RTS9	Q8IV36	22.200	238	669	788
Q8WVT3	Q8WVT3	100.000	735	735	735
Q9HUF7	Q9HUF7	100.000	268	268	268
Q8C3W1	Q8C3W1	100.000	322	322	322
Q8IYE0	Q8IYE0	100.000	955	955	955
Q8IYE0	Q5T655	23.200	366	955	872
Q8IYE0	O96133	23.100	726	955	1979
Q8IYE0	O96133	23.100	726	955	1979
Q96D03	Q96D03	100.000	193	193	193
Q96QZ0	Q96QZ0	100.000	392	392	392
Q9CZT6	Q9CZT6	100.000	276	276	276
A6NKF7	A6NKF7	100.000	163	163	163
A6NKF7	Q9D0N8	39.800	113	163	159
A8R0V4	A8R0V4	100.000	111	111	111
E9Q7F5	E9Q7F5	100.000	164	164	164
O14569	O14569	100.000	222	222	222
O49255	O49255	100.000	268	268	268
O88622	O88622	100.000	969	969	969
P25028	P25028	100.000	696	696	696
P38083	P38083	100.000	404	404	404
P39975	P39975	100.000	231	231	231
P45758	P45758	100.000	650	650	650
Q5T4T6	Q5T4T6	100.000	812	812	812
Q8BHE1	Q8BHE1	100.000	238	238	238
Q8CHT3	Q8CHT3	100.000	1018	1018	1018
Q9BQB6	Q9BQB6	100.000	163	163	163
Q9EQQ2	Q9EQQ2	100.000	257	257	257
Q9EQQ2	Q9BSR8	30.000	170	257	244
Q9EQQ2	Q9P6P8	26.900	171	257	225
Q8C1R3	Q8C1R3	100.000	189	189	189
Q8IQV9	Q8IQV9	100.000	2090	2090	2090
Q8IQV9	F4KBW6	22.900	518	2090	1838
P06838	P06838	100.000	210	210	210
P24387	P24387	100.000	322	322	322
Q08066	Q08066	100.000	62	62	62
P07270	P07270	100.000	312	312	312
P0C5P6	P0C5P6	100.000	37	37	37
P13485	P13485	100.000	746	746	746
P39705	P39705	100.000	539	539	539
P42085	P42085	100.000	194	194	194
P42085	O34443	41.300	46	194	170
Q80XU3	Q80XU3	100.000	234	234	234
Q86XR5	Q86XR5	100.000	153	153	153
Q8ILR9	Q8ILR9	100.000	4662	4662	4662
Q9NWT8	Q9NWT8	100.000	199	199	199
Q9P6L9	Q9P6L9	100.000	1038	1038	1038
P35206	P35206	100.000	410	410	410
P40512	P40512	100.000	444	444	444
P9WJK3	P9WJK3	100.000	1184	1184	1184
Q5DU05	Q5DU05	100.000	1446	1446	1446
Q8BNQ3	Q8BNQ3	100.000	385	385	385
Q94AD1	Q94AD1	100.000	212	212	212
Q96HP8	Q96HP8	100.000	235	235	235
Q9FKP0	Q9FKP0	100.000	106	106	106
Q9LJF8	Q9LJF8	100.000	306	306	306
A1L188	A1L188	100.000	74	74	74
Q8NDB6	Q8NDB6	100.000	213	213	213
Q8R1Y2	Q8R1Y2	100.000	203	203	203
Q8VD26	Q8VD26	100.000	458	458	458
Q96KW9	Q96KW9	100.000	195	195	195
Q980I5	Q980I5	100.000	414	414	414
Q980I5	Q9P7R0	26.100	440	414	1573
P47987	P47987	100.000	182	182	182
P50875	P50875	100.000	604	604	604
P50875	O14174	25.900	177	604	473
P53838	P53838	100.000	576	576	576
P53838	Q9SSG5	25.700	606	576	683
P53838	Q9Y6R1	24.700	577	576	1079
P77365	P77365	100.000	147	147	147
P9WK93	P9WK93	100.000	468	468	468
Q6NTF9	Q6NTF9	100.000	364	364	364
Q6NTF9	Q8BP97	28.500	154	364	385
Q6NTF9	Q12270	30.300	155	364	262
Q6QD59	Q6QD59	100.000	228	228	228
Q7KTH8	Q7KTH8	100.000	182	182	182
Q7KTH8	Q99627	26.200	198	182	209
Q83K86	Q83K86	100.000	321	321	321
Q8K1X1	Q8K1X1	100.000	1223	1223	1223
P38247	P38247	100.000	162	162	162
P53136	P53136	100.000	463	463	463
P53136	Q8VCG3	26.900	304	463	384
Q09796	Q09796	100.000	990	990	990
Q09796	O94829	22.300	801	990	963
Q09796	P32767	20.200	1079	990	1081
Q9FIH5	Q9FIH5	100.000	350	350	350
Q9FIH5	Q9FYE5	24.500	289	350	309
Q9FIH5	Q8VCX2	22.800	311	350	364
Q9HDW9	Q9HDW9	100.000	248	248	248
P78543	P78543	100.000	158	158	158
P9WJ97	P9WJ97	100.000	479	479	479
P9WJ97	P05790	38.200	350	479	5263
Q07684	Q07684	100.000	458	458	458
Q07684	Q59Y46	21.000	309	458	758
Q4J8X8	Q4J8X8	100.000	245	245	245
Q4J8X8	O13831	29.100	237	245	697
Q5SL35	Q5SL35	100.000	208	208	208
P40850	P40850	100.000	830	830	830
P40850	Q9UTN2	21.400	895	830	802
P75821	P75821	100.000	337	337	337
Q0III3	Q0III3	100.000	612	612	612
Q0III3	Q9GZS0	24.300	341	612	605
Q0III3	Q96EX3	24.700	323	612	536
Q0III3	P53622	29.000	93	612	1201
Q0III3	Q8IWG1	26.300	171	612	891
Q0III3	P38262	21.500	265	612	535
Q0III3	O74845	22.500	248	612	564
Q5M951	Q5M951	100.000	222	222	222
Q61211	Q61211	100.000	570	570	570
Q61211	Q04600	27.100	600	570	565
Q61211	P87313	30.400	174	570	181
O42869	O42869	100.000	659	659	659
P0AE62	P0AE62	100.000	80	80	80
P14693	P14693	100.000	329	329	329
P31395	P31395	100.000	148	148	148
P32504	P32504	100.000	956	956	956
F4KEC6	F4KEC6	100.000	701	701	701
P07390	P07390	100.000	489	489	489
Q1H5E9	Q1H5E9	100.000	397	397	397
Q93YU2	Q93YU2	100.000	497	497	497
Q93YU2	Q96GQ5	24.200	446	497	468
Q9Y693	Q9Y693	100.000	200	200	200
Q9Y693	Q9CTN8	28.200	191	200	222
Q9Y693	Q3UUA0	27.200	136	200	195
O82122	O82122	100.000	265	265	265
O82122	O04195	23.400	243	265	283
P0CJ72	P0CJ72	100.000	24	24	24
P10867	P10867	100.000	440	440	440
P10867	Q9C614	23.100	505	440	595
P10867	Q9FUJ3	26.700	198	440	501
P10867	Q9EQR2	27.000	196	440	644
P10867	Q9SVG5	23.500	204	440	532
Q02983	Q02983	100.000	363	363	363
Q02983	O14013	27.800	176	363	556
Q12428	Q12428	100.000	516	516	516
Q12428	A6NK06	25.400	369	516	481
Q9W157	Q9W157	100.000	971	971	971
F4I3Z5	F4I3Z5	100.000	1168	1168	1168
F4I3Z5	F8VPK0	28.900	473	1168	1563
F4I3Z5	O94474	25.200	475	1168	1389
F4I3Z5	Q6P3X3	29.200	123	1168	843
P38785	P38785	100.000	314	314	314
P79058	P79058	100.000	139	139	139
P97358	P97358	100.000	586	586	586
Q9BU20	Q9BU20	100.000	258	258	258
Q9P840	Q9P840	100.000	180	180	180
Q9US07	Q9US07	100.000	662	662	662
Q9US07	Q12386	29.100	718	662	881
Q9US07	Q0JF03	26.400	608	662	586
P39992	P39992	100.000	682	682	682
Q6QWF9	Q6QWF9	100.000	78	78	78
G3UZ78	G3UZ78	100.000	1657	1657	1657
P38815	P38815	100.000	214	214	214
P40582	P40582	100.000	234	234	234
P40582	Q9P6M1	27.000	222	234	242
P47112	P47112	100.000	604	604	604
P75525	P75525	100.000	259	259	259
P75525	P9WHW5	26.000	246	259	514
Q9CZS3	Q9CZS3	100.000	174	174	174
Q9H6J7	Q9H6J7	100.000	331	331	331
Q9XA14	Q9XA14	100.000	352	352	352
G4N891	G4N891	100.000	285	285	285
O77475	O77475	100.000	392	392	392
Q9LUR0	Q9LUR0	100.000	683	683	683
Q9LUR0	Q4V8I2	24.300	612	683	554
O14204	O14204	100.000	314	314	314
O97172	O97172	100.000	99	99	99
P0A722	P0A722	100.000	262	262	262
P0A722	F4JGP6	27.400	186	262	330
P32523	P32523	100.000	503	503	503
Q86XK3	Q86XK3	100.000	245	245	245
Q8IZJ6	Q8IZJ6	100.000	230	230	230
Q96NL8	Q96NL8	100.000	207	207	207
Q9WU00	Q9WU00	100.000	503	503	503
F4J1D9	F4J1D9	100.000	490	490	490
Q2YDW2	Q2YDW2	100.000	556	556	556
Q2YDW2	Q9P6K5	23.800	306	556	465
Q2YDW2	Q03652	24.700	263	556	475
Q5W5X9	Q5W5X9	100.000	447	447	447
Q8BH10	Q8BH10	100.000	250	250	250
Q8BZW8	Q8BZW8	100.000	725	725	725
Q9S5G6	Q9S5G6	100.000	356	356	356
Q9S5G6	Q9C969	21.800	224	356	394
Q9S5G6	Q9SAR0	24.000	229	356	495
Q9S5G6	Q10MQ2	25.100	187	356	464
Q9Y2E5	Q9Y2E5	100.000	1009	1009	1009
Q9Y2E5	O00754	28.500	1042	1009	1011
Q9Y2E5	Q16706	27.000	936	1009	1144
Q9Y2E5	Q1ZXI8	21.700	857	1009	1123
Q9Y2E5	Q91W89	23.800	168	1009	1039
P33421	P33421	100.000	198	198	198
P40014	P40014	100.000	221	221	221
P46978	P46978	100.000	705	705	705
Q9FJY5	Q9FJY5	100.000	524	524	524
D0ZV89	D0ZV89	100.000	487	487	487
D0ZV89	Q8GP19	23.700	269	487	469
D0ZV89	P77510	28.000	125	487	552
O15091	O15091	100.000	583	583	583
O15091	Q9W413	27.500	520	583	544
O15091	Q9LW84	33.000	100	583	642
P08506	P08506	100.000	400	400	400
P08506	O53380	27.400	273	400	405
P18634	P18634	100.000	518	518	518
P36162	P36162	100.000	133	133	133
P38202	P38202	100.000	106	106	106
P38854	P38854	100.000	504	504	504
P47041	P47041	100.000	543	543	543
P47041	O74547	22.000	222	543	422
P95225	P95225	100.000	169	169	169
P9WL15	P9WL15	100.000	245	245	245
O64889	O64889	100.000	491	491	491
P18428	P18428	100.000	481	481	481
P18428	P55065	25.100	453	481	493
P18428	Q9MAU5	22.400	468	481	488
P18428	P11597	26.000	284	481	493
P18428	Q8NFQ5	22.600	380	481	453
Q00958	Q00958	100.000	420	420	420
Q1G3M2	Q1G3M2	100.000	81	81	81
Q39212	Q39212	100.000	319	319	319
Q92346	Q92346	100.000	95	95	95
Q93ZS1	Q93ZS1	100.000	717	717	717
Q9LZV9	Q9LZV9	100.000	116	116	116
Q9LZV9	Q9ZQI8	26.000	96	116	169
Q9M4H4	Q9M4H4	100.000	220	220	220
Q9P802	Q9P802	100.000	194	194	194
Q9P802	O43482	27.200	158	194	229
O70472	O70472	100.000	1877	1877	1877
O70472	Q18264	28.600	1095	1877	1831
O70472	Q9V7H4	27.200	1158	1877	1567
P36683	P36683	100.000	865	865	865
P51534	P51534	100.000	789	789	789
P96701	P96701	100.000	195	195	195
P96701	P9WMC1	28.500	98	195	216
P9WKD9	P9WKD9	100.000	273	273	273
P82632	P82632	100.000	95	95	95
Q12160	Q12160	100.000	140	140	140
Q9C2M6	Q9C2M6	100.000	282	282	282
Q9C2M6	F4J220	32.800	67	282	279
A0A1B0GTJ6	A0A1B0GTJ6	100.000	334	334	334
O74501	O74501	100.000	1150	1150	1150
O74501	Q03660	21.200	950	1150	1102
O74501	Q2QNU0	22.000	254	1150	1245
Q9HBM1	Q9HBM1	100.000	224	224	224
Q9NVI1	Q9NVI1	100.000	1328	1328	1328
Q9NVI1	A1Z7L1	22.400	1299	1328	1481
B7ZAQ6	B7ZAQ6	100.000	455	455	455
O70578	O70578	100.000	223	223	223
O95567	O95567	100.000	290	290	290
Q9MA87	Q9MA87	100.000	445	445	445
Q9Z0L6	Q9Z0L6	100.000	115	115	115
A0A0K3AWP8	A0A0K3AWP8	100.000	4022	4022	4022
A0A0K3AWP8	A2AAE1	20.600	5141	4022	5005
A0A0K3AWP8	Q12150	21.300	666	4022	2958
P86044	P86044	100.000	747	747	747
P86044	O13621	19.600	397	747	668
Q12110	Q12110	100.000	428	428	428
P02763	P02763	100.000	201	201	201
P09430	P09430	100.000	55	55	55
P0A7L8	P0A7L8	100.000	85	85	85
P0A9D2	P0A9D2	100.000	201	201	201
P0A9D2	P0ACA5	24.200	194	201	212
P0A9D2	Q9P6M1	20.000	165	201	242
P13468	P13468	100.000	463	463	463
Q6NZL0	Q6NZL0	100.000	945	945	945
Q8IY82	Q8IY82	100.000	874	874	874
Q9NUR3	Q9NUR3	100.000	256	256	256
Q9UW12	Q9UW12	100.000	785	785	785
Q9UW12	Q09807	24.100	401	785	701
O94389	O94389	100.000	207	207	207
Q9ZPR7	Q9ZPR7	100.000	390	390	390
G5EG86	G5EG86	100.000	394	394	394
O32157	O32157	100.000	328	328	328
O86365	O86365	100.000	877	877	877
P24309	P24309	100.000	405	405	405
Q7Z6B0	Q7Z6B0	100.000	441	441	441
Q8C5C9	Q8C5C9	100.000	218	218	218
Q8LPF1	Q8LPF1	100.000	668	668	668
Q8LPF1	Q9LW84	25.200	479	668	642
Q8LPF1	Q9ZUU3	22.000	421	668	757
Q8LPF1	Q9FMF6	25.100	298	668	730
Q8LPF1	Q9LMY5	24.500	305	668	826
Q8LPF1	Q9LR67	20.900	511	668	660
Q8LPF1	Q9LKU8	20.600	591	668	766
Q8LPF1	O81028	24.800	233	668	799
Q8LPF1	Q9LS88	19.700	475	668	842
Q8LPF1	Q9S7Q2	20.000	374	668	862
Q8LPF1	Q9LVA2	21.800	375	668	982
Q8LPF1	Q3EDA9	21.600	323	668	608
Q8LPF1	Q9FMU2	21.300	464	668	634
Q8LPF1	Q9FRS4	22.100	289	668	559
Q8LPF1	O80958	21.400	280	668	867
Q8LPF1	Q9LS25	22.700	229	668	711
Q8LPF1	Q9SVH3	19.800	353	668	727
Q8LPF1	Q9M3A8	25.200	178	668	629
Q8LPF1	Q3ECH5	20.600	382	668	544
Q8LPF1	O23278	23.200	112	668	501
Q8TF17	Q8TF17	100.000	1288	1288	1288
Q9EPB5	Q9EPB5	100.000	311	311	311
Q9EPB5	P75736	25.000	104	311	254
Q8WV15	Q8WV15	100.000	326	326	326
Q9NZ20	Q9NZ20	100.000	509	509	509
O13756	O13756	100.000	1272	1272	1272
O13756	P39702	20.900	853	1272	1274
O13756	Q9VRX2	23.900	196	1272	1229
Q10210	Q10210	100.000	391	391	391
Q3E833	Q3E833	100.000	88	88	88
Q3E833	Q10220	28.700	80	88	88
Q3E833	Q14657	28.300	74	88	143
Q96P69	Q96P69	100.000	363	363	363
Q96P69	Q80UC6	28.400	309	363	358
Q9C086	Q9C086	100.000	356	356	356
Q9D5K4	Q9D5K4	100.000	396	396	396
Q9H8H0	Q9H8H0	100.000	719	719	719
Q9UBD5	Q9UBD5	100.000	711	711	711
Q9UBD5	Q10067	22.800	476	711	690
Q7DDR9	Q7DDR9	100.000	191	191	191
Q7DDR9	Q9BVA6	21.800	165	191	458
Q8C963	Q8C963	100.000	411	411	411
Q9BT67	Q9BT67	100.000	221	221	221
Q9BT67	Q9P3T9	25.000	160	221	277
Q9NWV8	Q9NWV8	100.000	329	329	329
Q9Y2D1	Q9Y2D1	100.000	282	282	282
Q9Y2D1	Q9Z0G8	34.200	184	282	485
Q10361	Q10361	100.000	616	616	616
P24932	P24932	100.000	805	805	805
Q9NWW9	Q9NWW9	100.000	162	162	162
Q9P797	Q9P797	100.000	1142	1142	1142
Q9P797	Q9UTH0	21.500	1037	1142	1162
Q9P797	P36161	21.300	976	1142	1157
Q9P797	Q9VCW3	22.500	297	1142	1200
O32119	O32119	100.000	111	111	111
Q9UN81	Q9UN81	100.000	338	338	338
A6NGU7	A6NGU7	100.000	62	62	62
A8MYJ7	A8MYJ7	100.000	566	566	566
P07743	P07743	100.000	235	235	235
P07743	Q9NP55	24.600	260	235	256
P32257	P32257	100.000	1034	1034	1034
Q8BGH2	Q8BGH2	100.000	469	469	469
Q8BGH2	P53969	29.600	354	469	484
Q8K1T1	Q8K1T1	100.000	297	297	297
Q8NA47	Q8NA47	100.000	563	563	563
Q8NA47	Q3UX62	24.400	417	563	658
Q8NA47	A8JF70	27.100	365	563	552
Q925F0	Q925F0	100.000	85	85	85
Q94KE2	Q94KE2	100.000	1550	1550	1550
Q7Z5K2	Q7Z5K2	100.000	1190	1190	1190
Q7Z5K2	H2L0H5	28.700	577	1190	748
Q7Z5K2	Q9C951	23.200	279	1190	840
Q8QZT2	Q8QZT2	100.000	252	252	252
Q925T8	Q925T8	100.000	760	760	760
Q9FG14	Q9FG14	100.000	518	518	518
Q9FG14	A8DMN5	43.500	62	518	302
Q9NY35	Q9NY35	100.000	253	253	253
Q502W6	Q502W6	100.000	1294	1294	1294
Q502W6	Q14624	24.600	162	1294	930
Q80TA9	Q80TA9	100.000	2572	2572	2572
Q80TA9	Q9VE34	23.500	2357	2572	2455
Q80TA9	Q18892	21.200	1869	2572	2352
Q9BQE4	Q9BQE4	100.000	189	189	189
Q9C108	Q9C108	100.000	163	163	163
Q9CQA8	Q9CQA8	100.000	163	163	163
Q39168	Q39168	100.000	148	148	148
Q3KP22	Q3KP22	100.000	176	176	176
Q94K98	Q94K98	100.000	575	575	575
C9JE40	C9JE40	100.000	543	543	543
C9JE40	O42958	24.900	341	543	754
O94919	O94919	100.000	500	500	500
A0A1I9LM04	A0A1I9LM04	100.000	1410	1410	1410
A0A1I9LM04	Q9YHY6	27.300	1252	1410	1364
A0A1I9LM04	O94679	25.900	1143	1410	1158
A0A1I9LM04	Q9U2M1	25.400	295	1410	1499
Q9LP74	Q9LP74	100.000	384	384	384
Q9LP74	Q15526	23.700	248	384	300
Q9S7Q2	Q9S7Q2	100.000	862	862	862
Q9S7Q2	Q8RWS8	26.600	605	862	822
Q9S7Q2	Q9FLD8	22.800	631	862	678
Q9S7Q2	Q9LW84	25.100	497	862	642
Q9S7Q2	Q9SSR4	21.500	617	862	819
Q9S7Q2	O82178	27.400	346	862	591
Q9S7Q2	Q9FMF6	25.900	494	862	730
Q9S7Q2	Q0WMY5	23.200	525	862	952
Q9S7Q2	Q9LS88	25.800	492	862	842
Q9S7Q2	Q9SS81	22.000	589	862	687
Q9S7Q2	Q9LMY5	23.800	558	862	826
Q9S7Q2	Q9FRS4	26.100	425	862	559
Q9S7Q2	O80958	19.800	569	862	867
Q9S7Q2	Q9LS25	23.400	524	862	711
Q9S7Q2	Q9ZUU3	23.600	567	862	757
Q9S7Q2	Q9LR67	22.900	487	862	660
Q9S7Q2	Q9LKU8	23.700	437	862	766
Q9S7Q2	Q9SQU6	23.500	373	862	486
Q9S7Q2	O81028	24.000	474	862	799
Q9S7Q2	Q9SAK0	21.700	690	862	836
Q9S7Q2	Q9MAG8	23.500	424	862	471
Q9S7Q2	Q9SAD9	23.200	435	862	517
Q9S7Q2	Q9SVH3	21.500	543	862	727
Q9S7Q2	Q9LVA2	23.600	448	862	982
Q9S7Q2	Q0WLC6	20.600	398	862	1089
Q9S7Q2	Q3EDA9	20.300	438	862	608
Q9S7Q2	Q9M3A8	19.900	441	862	629
Q9S7Q2	Q3ECH5	21.800	398	862	544
Q9S7Q2	Q9SNB7	21.300	483	862	665
Q9S7Q2	Q9SA76	21.200	527	862	1006
Q9S7Q2	Q9M4P3	21.100	401	862	656
Q9S7Q2	O23278	24.700	279	862	501
Q9S7Q2	Q9FMU2	22.100	371	862	634
Q9S7Q2	Q9LSK8	20.900	330	862	688
Q9S7Q2	P0C896	21.700	447	862	576
Q9S7Q2	Q9ZUU7	24.000	308	862	462
Q9S7Q2	Q9SA60	22.300	520	862	793
Q9S7Q2	O49343	21.700	413	862	452
Q9S7Q2	Q9M2C8	21.400	312	862	498
Q9S7Q2	O49711	21.000	304	862	843
Q9S7Q2	Q9SGQ6	21.900	355	862	773
Q9S7Q2	B3H4P1	21.900	497	862	661
Q9S7Q2	Q9SKU6	23.700	269	862	490
Q9S7Q2	Q9FZD1	26.600	195	862	630
Q9S7Q2	Q8LPF1	19.800	398	862	668
Q9S7Q2	B3H672	21.900	255	862	674
Q9S7Q2	P32522	17.900	363	862	965
Q9S7Q2	P48237	24.100	203	862	864
O13714	O13714	100.000	644	644	644
O13714	P46996	19.700	490	644	555
P03264	P03264	100.000	529	529	529
Q06148	Q06148	100.000	342	342	342
Q10651	Q10651	100.000	686	686	686
Q16543	Q16543	100.000	378	378	378
Q3V089	Q3V089	100.000	1013	1013	1013
Q6NZI2	Q6NZI2	100.000	390	390	390
Q62627	Q62627	100.000	332	332	332
Q68FV1	Q68FV1	100.000	291	291	291
Q6PDM1	Q6PDM1	100.000	616	616	616
Q7Z5V6	Q7Z5V6	100.000	425	425	425
Q8BQZ4	Q8BQZ4	100.000	1484	1484	1484
Q9VYQ0	Q9VYQ0	100.000	172	172	172
A5DH87	A5DH87	100.000	349	349	349
A5DH87	Q9P781	30.400	210	349	276
O74939	O74939	100.000	715	715	715
P54803	P54803	100.000	685	685	685
Q9FG00	Q9FG00	100.000	491	491	491
P29478	P29478	100.000	273	273	273
P35718	P35718	100.000	212	212	212
P35718	P39466	27.800	122	212	183
P38931	P38931	100.000	1420	1420	1420
P38931	Q5ALX5	21.800	1764	1420	1665
Q03305	Q03305	100.000	412	412	412
Q03305	Q14353	28.900	138	412	236
Q08581	Q08581	100.000	821	821	821
Q08581	P32380	24.800	386	821	944
Q08581	Q09EF7	26.900	289	821	1955
Q4G0X9	Q4G0X9	100.000	1142	1142	1142
Q4G0X9	Q13439	21.900	410	1142	2230
Q62170	Q62170	100.000	397	397	397
Q6NT89	Q6NT89	100.000	227	227	227
Q6P1N9	Q6P1N9	100.000	297	297	297
Q6P1N9	Q3U1C6	22.700	273	297	294
Q6P1N9	Q93075	29.800	161	297	761
Q7TP54	Q7TP54	100.000	1310	1310	1310
Q8K2U2	Q8K2U2	100.000	238	238	238
Q8VCF0	Q8VCF0	100.000	503	503	503
Q96M66	Q96M66	100.000	194	194	194
Q9BQD7	Q9BQD7	100.000	235	235	235
Q9H972	Q9H972	100.000	538	538	538
P06105	P06105	100.000	1222	1222	1222
P06105	O59810	24.800	1161	1222	1291
P34431	P34431	100.000	517	517	517
P39765	P39765	100.000	181	181	181
P39765	P0A9M2	23.500	153	181	178
P40053	P40053	100.000	627	627	627
P56135	P56135	100.000	88	88	88
Q7Z4G1	Q7Z4G1	100.000	85	85	85
Q83IP5	Q83IP5	100.000	445	445	445
Q9BRQ3	Q9BRQ3	100.000	303	303	303
Q9QZ41	Q9QZ41	100.000	663	663	663
O74780	O74780	100.000	125	125	125
Q96AA3	Q96AA3	100.000	541	541	541
Q96AA3	O94302	26.900	509	541	527
Q9Z280	Q9Z280	100.000	1074	1074	1074
P38809	P38809	100.000	366	366	366
P62895	P62895	100.000	105	105	105
Q01163	Q01163	100.000	450	450	450
Q3UX62	Q3UX62	100.000	658	658	658
Q3UX62	Q8NA47	24.100	426	658	563
Q3UX62	A8JF70	24.100	410	658	552
Q5BKT4	Q5BKT4	100.000	473	473	473
Q5BKT4	P0C147	24.800	625	473	660
Q69ZP3	Q69ZP3	100.000	385	385	385
Q6UPE1	Q6UPE1	100.000	616	616	616
Q8N8E1	Q8N8E1	100.000	139	139	139
Q29243	Q29243	100.000	877	877	877
Q7PLI2	Q7PLI2	100.000	2077	2077	2077
Q7PLI2	A5HEI1	24.000	1654	2077	1846
Q7PLI2	Q09725	20.700	1163	2077	1587
Q7PLI2	Q04002	19.500	1050	2077	1493
Q9USN8	Q9USN8	100.000	1021	1021	1021
Q96CP7	Q96CP7	100.000	247	247	247
Q9Y876	Q9Y876	100.000	215	215	215
Q6P2C0	Q6P2C0	100.000	686	686	686
Q8WUH2	Q8WUH2	100.000	860	860	860
Q8WUH2	Q9VEA2	23.800	889	860	876
Q8WUH2	F4I312	22.500	754	860	984
Q8WUH2	O13955	21.600	701	860	905
Q8WUH2	Q07468	21.800	407	860	1049
B9EJ57	B9EJ57	100.000	379	379	379
B9EJ57	Q49AM1	28.400	334	379	385
B9EJ57	Q9ZT96	23.800	214	379	541
B9EJ57	Q9V3F3	29.600	118	379	410
O94538	O94538	100.000	649	649	649
O94538	O43290	24.300	718	649	800
P83781	P83781	100.000	282	282	282
Q9D0Q7	Q9D0Q7	100.000	306	306	306
Q9H7X0	Q9H7X0	100.000	242	242	242
Q9LKF9	Q9LKF9	100.000	739	739	739
Q9LKF9	Q12102	23.600	821	739	859
Q9LKF9	Q9NV88	26.600	341	739	658
Q9Z2L6	Q9Z2L6	100.000	481	481	481
Q9Z2L6	P38693	22.100	312	481	467
P15278	P15278	100.000	508	508	508
P15278	B1Q236	20.600	295	508	730
Q04847	Q04847	100.000	553	553	553
Q13015	Q13015	100.000	90	90	90
Q13015	Q8VCE4	38.000	42	90	163
Q16568	Q16568	100.000	116	116	116
Q19253	Q19253	100.000	592	592	592
Q4KLZ4	Q4KLZ4	100.000	243	243	243
Q12315	Q12315	100.000	538	538	538
Q12315	Q9V4W1	24.000	220	538	677
Q3V3N7	Q3V3N7	100.000	593	593	593
Q62036	Q62036	100.000	1060	1060	1060
Q6P1B3	Q6P1B3	100.000	278	278	278
Q6P1B3	Q4W8E7	35.000	114	278	411
Q6ZRV3	Q6ZRV3	100.000	163	163	163
Q9LZX5	Q9LZX5	100.000	105	105	105
Q9P975	Q9P975	100.000	209	209	209
Q9SZT9	Q9SZT9	100.000	549	549	549
A8MVX0	A8MVX0	100.000	844	844	844
O54825	O54825	100.000	436	436	436
P09810	P09810	100.000	444	444	444
P40020	P40020	100.000	876	876	876
P74352	P74352	100.000	76	76	76
P78285	P78285	100.000	165	165	165
Q08280	Q08280	100.000	497	497	497
O74943	O74943	100.000	271	271	271
O74943	P04844	23.300	193	271	631
O74943	P04844	23.300	193	271	631
P35401	P35401	100.000	698	698	698
Q9UU80	Q9UU80	100.000	142	142	142
A1ZAI5	A1ZAI5	100.000	625	625	625
A1ZAI5	P07702	25.200	305	625	1392
A1ZAI5	O74419	24.000	129	625	981
A1ZAI5	Q6RKB1	24.400	274	625	1174
P32380	P32380	100.000	944	944	944
P32380	C5DY19	26.300	976	944	835
P32380	Q8I659	23.300	719	944	1383
P32380	F4JZY1	23.700	514	944	1586
P32380	Q811U3	21.700	569	944	948
Q8TBK2	Q8TBK2	100.000	473	473	473
Q8TBK2	Q12504	27.600	286	473	494
Q8TBK2	Q86TU7	26.000	415	473	594
Q8TBK2	Q9P6L2	25.000	367	473	468
Q8TBK2	P38222	21.200	329	473	552
Q9D5R3	Q9D5R3	100.000	692	692	692
Q9UJX6	Q9UJX6	100.000	822	822	822
Q9UJX6	P34514	29.500	504	822	731
Q9UJX6	Q12440	23.200	668	822	853
Q9UJX6	P53202	24.200	194	822	744
O60950	O60950	100.000	579	579	579
P87138	P87138	100.000	308	308	308
P87138	Q08985	25.200	317	308	325
P87138	Q91WS4	24.500	151	308	363
O69670	O69670	100.000	233	233	233
P02104	P02104	100.000	147	147	147
P0A761	P0A761	100.000	229	229	229
P0A909	P0A909	100.000	248	248	248
P21204	P21204	100.000	147	147	147
Q5XIQ5	Q5XIQ5	100.000	686	686	686
Q80V62	Q80V62	100.000	1450	1450	1450
Q80V62	Q8MYL1	23.800	1439	1450	1478
Q9JMB1	Q9JMB1	100.000	375	375	375
Q9JMB1	Q5PQR6	28.200	205	375	454
Q9V3C1	Q9V3C1	100.000	178	178	178
Q9Z0X1	Q9Z0X1	100.000	612	612	612
Q86UB2	Q86UB2	100.000	503	503	503
Q8WV92	Q8WV92	100.000	249	249	249
Q99385	Q99385	100.000	411	411	411
Q9DBD5	Q9DBD5	100.000	1123	1123	1123
Q9DBD5	P87243	20.400	558	1123	828
Q9DBD5	P38883	25.200	238	1123	763
B2KGE5	B2KGE5	100.000	128	128	128
O94656	O94656	100.000	143	143	143
P0CL85	P0CL85	100.000	134	134	134
P0CL85	P40541	35.000	57	134	1150
P38730	P38730	100.000	149	149	149
P87214	P87214	100.000	251	251	251
P87214	P51163	26.100	260	251	265
Q39048	Q39048	100.000	421	421	421
Q39048	O23393	22.500	416	421	435
Q9D9T0	Q9D9T0	100.000	175	175	175
Q9H5V9	Q9H5V9	100.000	222	222	222
Q9JJT9	Q9JJT9	100.000	385	385	385
Q9NWW6	Q9NWW6	100.000	199	199	199
Q9USS8	Q9USS8	100.000	437	437	437
Q9P0B6	Q9P0B6	100.000	97	97	97
Q9QXY9	Q9QXY9	100.000	372	372	372
Q9QXY9	P28795	19.700	431	372	441
Q9VUF8	Q9VUF8	100.000	540	540	540
Q9VUF8	Q9VRM7	22.600	481	540	543
Q9VUF8	Q9VYQ5	20.600	398	540	536
A6NEH8	A6NEH8	100.000	195	195	195
C5DUF5	C5DUF5	100.000	590	590	590
C5DUF5	O94274	29.400	231	590	262
Q07732	Q07732	100.000	790	790	790
Q40073	Q40073	100.000	464	464	464
Q9M0E1	Q9M0E1	100.000	446	446	446
A6NI87	A6NI87	100.000	242	242	242
C0HK92	C0HK92	100.000	619	619	619
C0HK92	C0HK92	100.000	619	619	619
Q1ZXI8	Q1ZXI8	100.000	1123	1123	1123
Q1ZXI8	Q16706	25.800	935	1123	1144
Q1ZXI8	O00754	27.200	852	1123	1011
Q1ZXI8	Q9Y2E5	25.400	417	1123	1009
Q1ZXI8	Q91W89	22.600	323	1123	1039
Q9SFB3	Q9SFB3	100.000	374	374	374
O13940	O13940	100.000	376	376	376
P0A883	P0A883	100.000	108	108	108
P11938	P11938	100.000	827	827	827
P46916	P46916	100.000	143	143	143
P49257	P49257	100.000	510	510	510
Q07979	Q07979	100.000	502	502	502
Q3TVC7	Q3TVC7	100.000	356	356	356
Q3TVC7	Q9Y2Y6	26.000	115	356	226
Q5SSG8	Q5SSG8	100.000	566	566	566
Q5XII8	Q5XII8	100.000	235	235	235
Q6UWH4	Q6UWH4	100.000	519	519	519
Q8N159	Q8N159	100.000	534	534	534
Q8N159	B0VTE3	24.100	149	534	302
Q8TDB4	Q8TDB4	100.000	240	240	240
Q8VCS6	Q8VCS6	100.000	142	142	142
Q29PZ2	Q29PZ2	100.000	156	156	156
Q3E755	Q3E755	100.000	54	54	54
P03262	P03262	100.000	415	415	415
Q99K23	Q99K23	100.000	461	461	461
Q9P2X7	Q9P2X7	100.000	70	70	70
Q5VYV7	Q5VYV7	100.000	408	408	408
Q6ICH7	Q6ICH7	100.000	369	369	369
Q80W04	Q80W04	100.000	706	706	706
Q8BJY1	Q8BJY1	100.000	504	504	504
Q8N300	Q8N300	100.000	66	66	66
P09739	P09739	100.000	259	259	259
P0ADB1	P0ADB1	100.000	112	112	112
P17443	P17443	100.000	355	355	355
P17443	P9WFR1	32.800	76	355	428
P30776	P30776	100.000	628	628	628
P40469	P40469	100.000	1032	1032	1032
P40469	Q96T76	24.400	1048	1032	1030
P40469	Q95U54	21.000	1050	1032	959
P40469	Q0WVF8	21.000	1169	1032	1134
Q9D0Y8	Q9D0Y8	100.000	121	121	121
Q9EPY0	Q9EPY0	100.000	536	536	536
Q9NWM3	Q9NWM3	100.000	386	386	386
Q9UU79	Q9UU79	100.000	260	260	260
Q9UU79	Q4JAP5	32.900	79	260	128
Q9Y7R5	Q9Y7R5	100.000	281	281	281
Q9Y7R5	Q9Y5U4	27.100	184	281	225
Q9UUK4	Q9UUK4	100.000	202	202	202
Q9W192	Q9W192	100.000	587	587	587
Q9W192	Q8TB73	22.500	315	587	568
F4K6F1	F4K6F1	100.000	517	517	517
P23980	P23980	100.000	704	704	704
P23980	O59868	29.400	510	704	899
P23980	P0ABB8	27.200	529	704	898
P23980	Q4VNC1	21.500	505	704	1196
P23980	Q9LK90	33.700	74	704	1189
P87238	P87238	100.000	215	215	215
P87238	Q04201	31.200	64	215	117
Q38854	Q38854	100.000	717	717	717
Q38854	P21882	24.600	312	717	325
Q5HDX6	Q5HDX6	100.000	59	59	59
Q5HJM9	Q5HJM9	100.000	392	392	392
Q66K66	Q66K66	100.000	360	360	360
Q6P6N5	Q6P6N5	100.000	408	408	408
P38986	P38986	100.000	381	381	381
P53184	P53184	100.000	216	216	216
P77804	P77804	100.000	502	502	502
Q08754	Q08754	100.000	746	746	746
Q08754	P40955	24.700	695	746	746
Q5HGV5	Q5HGV5	100.000	645	645	645
B2GV17	B2GV17	100.000	832	832	832
B2GV17	Q5VU57	26.400	578	832	503
O14097	O14097	100.000	331	331	331
O74389	O74389	100.000	406	406	406
O96623	O96623	100.000	293	293	293
P10662	P10662	100.000	321	321	321
O14207	O14207	100.000	1888	1888	1888
P40049	P40049	100.000	302	302	302
P9WKZ5	P9WKZ5	100.000	533	533	533
Q06139	Q06139	100.000	101	101	101
Q06821	Q06821	100.000	456	456	456
Q9BU61	Q9BU61	100.000	184	184	184
Q9D2C9	Q9D2C9	100.000	407	407	407
Q9SSR1	Q9SSR1	100.000	172	172	172
Q9VBX2	Q9VBX2	100.000	367	367	367
Q9Z0J0	Q9Z0J0	100.000	149	149	149
P0C8M9	P0C8M9	100.000	139	139	139
P16568	P16568	100.000	782	782	782
P16568	P32380	22.800	437	782	944
P16568	Q13439	23.800	565	782	2230
P27278	P27278	100.000	410	410	410
P38740	P38740	100.000	315	315	315
P38740	O74505	29.900	247	315	489
P40523	P40523	100.000	627	627	627
Q7K4H4	Q7K4H4	100.000	653	653	653
Q7K4H4	P46327	22.700	316	653	330
Q8K199	Q8K199	100.000	79	79	79
Q8N1E2	Q8N1E2	100.000	194	194	194
Q8TDD5	Q8TDD5	100.000	553	553	553
Q9BUB7	Q9BUB7	100.000	260	260	260
Q9Y2C3	Q9Y2C3	100.000	310	310	310
Q9Y2C3	Q9JJ06	25.300	142	310	363
P27180	P27180	100.000	185	185	185
P27180	Q9SSS9	28.900	183	185	234
P27180	P37811	25.200	170	185	181
P27180	Q04G23	23.900	167	185	183
P37561	P37561	100.000	245	245	245
P53908	P53908	100.000	130	130	130
Q03631	Q03631	100.000	944	944	944
Q03631	Q59VQ8	26.200	788	944	947
Q7Z3C6	Q7Z3C6	100.000	839	839	839
Q7Z3C6	O74312	28.500	539	839	702
Q8K0S2	Q8K0S2	100.000	362	362	362
Q8K3M5	Q8K3M5	100.000	476	476	476
Q8Y6Y9	Q8Y6Y9	100.000	102	102	102
Q924W5	Q924W5	100.000	1097	1097	1097
Q924W5	Q12749	24.400	1094	1097	1114
Q924W5	Q8IY18	22.000	1104	1097	1101
Q924W5	P9WGF3	26.000	115	1097	1205
P38772	P38772	100.000	366	366	366
P38772	O74906	22.600	309	366	345
P38772	Q3UFB2	22.800	289	366	460
P38772	P46973	56.600	30	366	164
P53833	P53833	100.000	195	195	195
Q00005	Q00005	100.000	443	443	443
Q16667	Q16667	100.000	212	212	212
Q52MB2	Q52MB2	100.000	194	194	194
Q14397	Q14397	100.000	625	625	625
Q14397	Q83QN4	25.400	275	625	298
Q6PD74	Q6PD74	100.000	315	315	315
Q8C4Q9	Q8C4Q9	100.000	181	181	181
Q8IYT3	Q8IYT3	100.000	715	715	715
Q8VDG3	Q8VDG3	100.000	624	624	624
Q8VDG3	Q96GM8	27.400	135	624	510
B7ZNG4	B7ZNG4	100.000	668	668	668
O15371	O15371	100.000	548	548	548
O95278	O95278	100.000	331	331	331
O95278	O95278	100.000	331	331	331
P04397	P04397	100.000	699	699	699
P04397	Q9LH76	25.900	355	699	664
P04397	O48917	29.300	143	699	477
P04397	P67911	24.600	325	699	310
P04397	Q2R1V8	20.100	362	699	371
P34078	P34078	100.000	463	463	463
P53168	P53168	100.000	247	247	247
P53290	P53290	100.000	341	341	341
P62847	P62847	100.000	133	133	133
P62847	Q4JAF9	25.300	79	133	118
P77598	P77598	100.000	136	136	136
P9WIW3	P9WIW3	100.000	640	640	640
P9WIW3	Q9B8C9	27.000	359	640	552
P9WIW3	P03905	25.800	306	640	459
Q68D86	Q68D86	100.000	513	513	513
Q68D86	Q5T9S5	25.000	204	513	1454
Q6PAC4	Q6PAC4	100.000	1279	1279	1279
Q8BPI1	Q8BPI1	100.000	814	814	814
Q8K4F0	Q8K4F0	100.000	333	333	333
Q8VYN9	Q8VYN9	100.000	242	242	242
Q8VYN9	P87132	28.500	154	242	601
P61430	P61430	100.000	856	856	856
P61430	C5DY19	27.400	259	856	835
P61430	Q8I659	22.800	403	856	1383
P61430	Q13439	20.700	592	856	2230
Q24211	Q24211	100.000	850	850	850
Q9D287	Q9D287	100.000	225	225	225
Q9LZA5	Q9LZA5	100.000	723	723	723
Q9LZA5	Q9C8R8	27.200	110	723	711
A1XBS5	A1XBS5	100.000	289	289	289
Q9CQL2	Q9CQL2	100.000	403	403	403
Q9LZ00	Q9LZ00	100.000	426	426	426
Q9URQ5	Q9URQ5	100.000	78	78	78
Q9VI58	Q9VI58	100.000	560	560	560
P00406	P00406	100.000	227	227	227
Q3U2J5	Q3U2J5	100.000	323	323	323
Q587I9	Q587I9	100.000	215	215	215
Q5HFV0	Q5HFV0	100.000	90	90	90
Q5JQC4	Q5JQC4	100.000	288	288	288
Q5SXJ3	Q5SXJ3	100.000	1174	1174	1174
Q5SXJ3	Q9W484	28.800	890	1174	985
Q5SXJ3	A5DNW6	25.900	928	1174	825
Q5SXJ3	O08811	25.600	671	1174	760
Q5SXJ3	Q4JC68	20.300	629	1174	551
P21781	P21781	100.000	194	194	194
P34325	P34325	100.000	267	267	267
P42228	P42228	100.000	749	749	749
Q06071	Q06071	100.000	122	122	122
Q08287	Q08287	100.000	484	484	484
Q9SE35	Q9SE35	100.000	265	265	265
Q9UBU6	Q9UBU6	100.000	413	413	413
Q9VGC3	Q9VGC3	100.000	886	886	886
Q9VGC3	Q9Z160	24.200	924	886	980
Q9VGC3	Q9FFF3	29.100	247	886	1068
A8MQN2	A8MQN2	100.000	616	616	616
A8MQN2	Q9LHH5	29.300	92	616	269
O44400	O44400	100.000	556	556	556
Q9NUJ1	Q9NUJ1	100.000	306	306	306
Q9NUJ1	P9WNH1	28.200	131	306	262
Q9VGW1	Q9VGW1	100.000	1943	1943	1943
Q9VGW1	Q8BL00	24.200	602	1943	831
O94682	O94682	100.000	253	253	253
P0C7U1	P0C7U1	100.000	165	165	165
P29752	P29752	100.000	143	143	143
Q9BU79	Q9BU79	100.000	118	118	118
Q9CQK1	Q9CQK1	100.000	151	151	151
Q9D2F7	Q9D2F7	100.000	1881	1881	1881
Q9D2F7	A1Z6H7	23.300	1830	1881	1876
Q9D2F7	F4KHD8	22.900	1644	1881	1923
O59807	O59807	100.000	535	535	535
P00846	P00846	100.000	226	226	226
O95433	O95433	100.000	338	338	338
P25648	P25648	100.000	1427	1427	1427
P25648	H3K2Y6	20.700	304	1427	2235
Q9P2S5	Q9P2S5	100.000	460	460	460
Q9C9G6	Q9C9G6	100.000	157	157	157
Q9M4P3	Q9M4P3	100.000	656	656	656
Q9M4P3	Q9FMF6	24.700	437	656	730
Q9M4P3	Q9LS88	23.200	486	656	842
Q9M4P3	Q9LMY5	24.700	453	656	826
Q9M4P3	O80958	22.500	412	656	867
Q9M4P3	Q9SS81	24.300	394	656	687
Q9M4P3	Q9LKU8	23.700	400	656	766
Q9M4P3	Q8RWS8	24.300	411	656	822
Q9M4P3	Q9SAD9	24.200	461	656	517
Q9M4P3	Q9LR67	22.300	385	656	660
Q9M4P3	Q0WMY5	19.100	387	656	952
Q9M4P3	Q9S7Q2	21.100	401	656	862
Q9M4P3	Q9M3A8	21.900	447	656	629
Q9M4P3	Q9ZUU3	23.900	309	656	757
Q9M4P3	O82178	24.600	328	656	591
Q9M4P3	Q9SSR4	22.700	382	656	819
Q9M4P3	O81028	21.900	382	656	799
Q9M4P3	Q9SVH3	20.800	407	656	727
Q9M4P3	Q9LS25	20.200	414	656	711
Q9M4P3	Q9LVA2	20.500	409	656	982
Q9M4P3	Q9MAG8	22.600	305	656	471
Q9M4P3	Q9SAK0	21.600	282	656	836
Q9M4P3	Q9LSK8	21.500	352	656	688
Q9M4P3	Q9SNB7	26.200	217	656	665
Q9M4P3	Q9FRS4	22.100	285	656	559
Q9M4P3	Q3ECH5	22.000	281	656	544
Q9M4P3	Q9M2C8	22.500	275	656	498
Q9M4P3	Q9SKU6	23.800	310	656	490
Q9M4P3	Q3EDA9	20.100	427	656	608
Q9M4P3	Q9ZUU7	20.800	359	656	462
Q9M4P3	O49711	17.600	250	656	843
Q9M4P3	Q9FMU2	25.400	169	656	634
Q9M4P3	Q9SQU6	18.900	211	656	486
Q9M4P3	O49343	20.300	310	656	452
Q9M4P3	Q9SA76	23.000	347	656	1006
Q9DAJ2	Q9DAJ2	100.000	418	418	418
Q9DAJ2	A8J8F6	21.700	395	418	482
Q9SUI5	Q9SUI5	100.000	130	130	130
Q9VRX2	Q9VRX2	100.000	1229	1229	1229
Q9VRX2	P39702	20.500	794	1229	1274
Q9VRX2	Q09600	22.500	204	1229	980
Q9VRX2	Q91W86	21.600	231	1229	941
P51810	P51810	100.000	404	404	404
P55162	P55162	100.000	1126	1126	1126
P29372	P29372	100.000	298	298	298
P38306	P38306	100.000	217	217	217
P38750	P38750	100.000	627	627	627
P38750	O77389	25.200	273	627	309
P53134	P53134	100.000	725	725	725
P53134	Q9SHY2	23.100	725	725	688
Q22992	Q22992	100.000	1145	1145	1145
Q22992	Q499B3	27.000	285	1145	835
Q8BQ47	Q8BQ47	100.000	245	245	245
Q8BQ47	Q9QXT0	24.400	172	245	182
Q8R2Y3	Q8R2Y3	100.000	534	534	534
Q980V2	Q980V2	100.000	377	377	377
Q980V2	Q96PZ0	26.600	244	377	661
Q980V2	Q17426	24.200	392	377	577
Q9H081	Q9H081	100.000	205	205	205
Q9P253	Q9P253	100.000	973	973	973
Q9P253	P27801	23.700	750	973	918
Q9P253	Q91W86	21.300	552	973	941
P26907	P26907	100.000	123	123	123
P28795	P28795	100.000	441	441	441
P28795	Q9QXY9	23.600	161	441	372
P37527	P37527	100.000	294	294	294
P38282	P38282	100.000	291	291	291
P39112	P39112	100.000	969	969	969
P39112	P56123	24.700	469	969	644
P39112	P59107	23.400	345	969	644
Q96EY8	Q96EY8	100.000	250	250	250
Q99595	Q99595	100.000	171	171	171
Q99595	Q9LNQ1	27.000	144	171	187
Q99595	P32897	31.000	103	171	222
Q9CQF4	Q9CQF4	100.000	240	240	240
Q9D1H7	Q9D1H7	100.000	327	327	327
Q9D1H7	Q12125	28.900	311	327	312
Q9NWY4	Q9NWY4	100.000	346	346	346
Q9FEC1	Q9FEC1	100.000	172	172	172
Q9FZ33	Q9FZ33	100.000	473	473	473
Q9SIF3	Q9SIF3	100.000	322	322	322
B1ARW8	B1ARW8	100.000	110	110	110
B5XZ79	B5XZ79	100.000	508	508	508
Q06350	Q06350	100.000	511	511	511
Q06350	Q13231	26.900	389	511	466
Q06350	Q01459	23.400	299	511	385
Q3V384	Q3V384	100.000	480	480	480
Q96IK0	Q96IK0	100.000	257	257	257
Q9H8V8	Q9H8V8	100.000	135	135	135
Q9LUV4	Q9LUV4	100.000	532	532	532
Q02793	Q02793	100.000	397	397	397
Q94CL9	Q94CL9	100.000	195	195	195
Q9BVA6	Q9BVA6	100.000	458	458	458
Q9GZZ7	Q9GZZ7	100.000	299	299	299
Q9LVG9	Q9LVG9	100.000	499	499	499
P0C5K7	P0C5K7	100.000	136	136	136
P23506	P23506	100.000	227	227	227
P46578	P46578	100.000	892	892	892
Q38951	Q38951	100.000	587	587	587
Q38951	Q9ZU97	23.300	385	587	743
Q38951	Q6NUP7	31.100	122	587	873
Q38951	O60100	21.600	300	587	1067
Q9D534	Q9D534	100.000	172	172	172
Q9D534	Q6S9Z5	22.000	177	172	364
Q9NZ42	Q9NZ42	100.000	101	101	101
Q9SIC3	Q9SIC3	100.000	244	244	244
A0A1B0GTH6	A0A1B0GTH6	100.000	734	734	734
E9Q912	E9Q912	100.000	607	607	607
E9Q912	B2RY50	22.100	375	607	1037
O53509	O53509	100.000	146	146	146
Q5VUB5	Q5VUB5	100.000	890	890	890
Q8BG34	Q8BG34	100.000	277	277	277
Q8C419	Q8C419	100.000	1200	1200	1200
Q8C419	Q9VKA4	24.400	549	1200	1093
Q969U7	Q969U7	100.000	264	264	264
Q99747	Q99747	100.000	312	312	312
Q9VL52	Q9VL52	100.000	1476	1476	1476
Q9VL52	Q9VNP5	24.100	709	1476	1059
Q9VL52	Q587J7	21.000	712	1476	1177
Q18534	Q18534	100.000	457	457	457
Q18534	Q64017	26.100	199	457	513
Q18534	Q7TMA4	22.000	354	457	361
Q9HGP5	Q9HGP5	100.000	268	268	268
Q9LVP9	Q9LVP9	100.000	221	221	221
Q9USH0	Q9USH0	100.000	287	287	287
Q94JG1	Q94JG1	100.000	516	516	516
Q9FXG2	Q9FXG2	100.000	463	463	463
Q9NU53	Q9NU53	100.000	330	330	330
Q9TVM2	Q9TVM2	100.000	1063	1063	1063
Q9TVM2	Q9HAV4	26.700	153	1063	1204
Q9TVM2	O94829	18.900	679	1063	963
O14734	O14734	100.000	319	319	319
O14734	P41903	26.000	326	319	349
Q6DFV1	Q6DFV1	100.000	1138	1138	1138
Q8IP68	Q8IP68	100.000	172	172	172
Q8IXR9	Q8IXR9	100.000	622	622	622
Q8XDG0	Q8XDG0	100.000	1486	1486	1486
Q9CQA5	Q9CQA5	100.000	270	270	270
Q8K339	Q8K339	100.000	391	391	391
Q8R9S4	Q8R9S4	100.000	274	274	274
Q91WW7	Q91WW7	100.000	413	413	413
Q9BXB7	Q9BXB7	100.000	569	569	569
Q9NPE2	Q9NPE2	100.000	291	291	291
Q9NPE2	Q9NPE2	100.000	291	291	291
Q9NPE2	P40156	37.300	75	291	214
Q2V413	Q2V413	100.000	81	81	81
Q3ZAQ7	Q3ZAQ7	100.000	101	101	101
Q3ZAQ7	Q9VPE4	30.400	82	101	105
Q4KMG9	Q4KMG9	100.000	183	183	183
Q95H45	Q95H45	100.000	63	63	63
Q96J77	Q96J77	100.000	140	140	140
P59445	P59445	100.000	99	99	99
P68005	P68005	100.000	36	36	36
P73553	P73553	100.000	145	145	145
P87159	P87159	100.000	681	681	681
P87159	P38213	27.400	164	681	736
Q08202	Q08202	100.000	246	246	246
Q08202	Q53FT3	21.100	251	246	197
Q9DA44	Q9DA44	100.000	124	124	124
Q9FIJ4	Q9FIJ4	100.000	199	199	199
Q9LSF6	Q9LSF6	100.000	219	219	219
Q9NPD7	Q9NPD7	100.000	142	142	142
Q9SR02	Q9SR02	100.000	1703	1703	1703
Q9SR02	P0CB66	26.100	577	1703	1420
Q8VDS8	Q8VDS8	100.000	334	334	334
Q8VDS8	P59277	26.000	315	334	310
Q96GQ5	Q96GQ5	100.000	468	468	468
Q96GQ5	Q93YU2	24.700	384	468	497
Q9BZK8	Q9BZK8	100.000	76	76	76
Q9D0P7	Q9D0P7	100.000	329	329	329
Q9D0P7	Q8R080	34.300	128	329	741
Q9EP72	Q9EP72	100.000	241	241	241
Q9NXJ0	Q9NXJ0	100.000	267	267	267
Q9V7A4	Q9V7A4	100.000	1069	1069	1069
P03905	P03905	100.000	459	459	459
P03905	P9WIW3	25.800	306	459	640
P03905	P03893	25.600	363	459	345
P16550	P16550	100.000	321	321	321
P16550	Q9FK51	29.400	119	321	351
P43891	P43891	100.000	233	233	233
P43891	O04226	28.100	110	233	716
O43448	O43448	100.000	404	404	404
O43448	P47182	22.600	256	404	288
P22354	P22354	100.000	195	195	195
P33595	P33595	100.000	551	551	551
P56393	P56393	100.000	80	80	80
P73452	P73452	100.000	446	446	446
D3YWE6	D3YWE6	100.000	1297	1297	1297
P06783	P06783	100.000	470	470	470
P06783	P31397	27.200	224	470	365
P36088	P36088	100.000	180	180	180
P40077	P40077	100.000	573	573	573
P76552	P76552	100.000	408	408	408
F4KGE8	F4KGE8	100.000	559	559	559
F4KGE8	Q9LXU9	29.900	177	559	562
O88806	O88806	100.000	662	662	662
P38201	P38201	100.000	376	376	376
P47154	P47154	100.000	453	453	453
Q15517	Q15517	100.000	529	529	529
Q9CX48	Q9CX48	100.000	178	178	178
Q9ES53	Q9ES53	100.000	307	307	307
Q9USZ4	Q9USZ4	100.000	251	251	251
Q9VVT5	Q9VVT5	100.000	288	288	288
Q9VVT5	Q96EV8	28.700	219	288	351
Q9Y303	Q9Y303	100.000	409	409	409
Q9LV91	Q9LV91	100.000	576	576	576
A1Z7A8	A1Z7A8	100.000	634	634	634
F4JF21	F4JF21	100.000	668	668	668
O75691	O75691	100.000	2785	2785	2785
O75691	O60055	23.500	2835	2785	2493
O75691	P35194	22.700	2817	2785	2493
P41812	P41812	100.000	875	875	875
P41812	Q99575	23.900	330	875	1024
P36092	P36092	100.000	106	106	106
P38321	P38321	100.000	900	900	900
Q00312	Q00312	100.000	527	527	527
Q05867	Q05867	100.000	314	314	314
Q12156	Q12156	100.000	149	149	149
Q12156	O13808	29.600	125	149	141
P11245	P11245	100.000	290	290	290
P34648	P34648	100.000	710	710	710
P51111	P51111	100.000	3110	3110	3110
Q8WU76	Q8WU76	100.000	684	684	684
Q8WU76	F4IP69	21.700	833	684	838
Q9DAZ5	Q9DAZ5	100.000	108	108	108
Q8WWF3	Q8WWF3	100.000	244	244	244
Q96MF4	Q96MF4	100.000	163	163	163
Q97ZJ8	Q97ZJ8	100.000	668	668	668
Q97ZJ8	P78032	25.800	685	668	711
Q97ZJ8	Q97ZZ8	26.400	503	668	1242
Q9H269	Q9H269	100.000	839	839	839
Q9W2H9	Q9W2H9	100.000	541	541	541
Q9UQW9	Q9UQW9	100.000	432	432	432
Q9UQW9	Q949X7	25.500	399	432	484
Q9UQW9	Q9SI64	24.000	208	432	702
P0AB14	P0AB14	100.000	75	75	75
P25604	P25604	100.000	385	385	385
P52927	P52927	100.000	108	108	108
P53140	P53140	100.000	646	646	646
P9WMH9	P9WMH9	100.000	140	140	140
P9WMH9	P06533	31.600	101	140	111
P9WPI9	P9WPI9	100.000	291	291	291
Q04272	Q04272	100.000	221	221	221
Q04272	P0C0A3	29.700	185	221	200
Q05541	Q05541	100.000	303	303	303
Q08930	Q08930	100.000	360	360	360
A6NNT2	A6NNT2	100.000	1141	1141	1141
O34751	O34751	100.000	553	553	553
O34751	P75231	29.000	571	553	558
O96006	O96006	100.000	694	694	694
O96006	Q80WQ9	25.200	657	694	1168
O96006	Q9M2N5	19.300	678	694	696
P23926	P23926	100.000	244	244	244
P36157	P36157	100.000	363	363	363
Q4G0S7	Q4G0S7	100.000	254	254	254
Q4JAF9	Q4JAF9	100.000	118	118	118
Q56VL3	Q56VL3	100.000	154	154	154
Q5F2F2	Q5F2F2	100.000	459	459	459
Q5F2F2	Q96SE0	28.900	321	459	405
Q5F2F2	P08910	23.800	382	459	425
Q68FG3	Q68FG3	100.000	682	682	682
P38081	P38081	100.000	501	501	501
P38081	P32603	22.800	416	501	445
P48147	P48147	100.000	710	710	710
P48147	Q8C167	25.200	471	710	725
Q04007	Q04007	100.000	877	877	877
Q08AI6	Q08AI6	100.000	406	406	406
Q08AI6	Q9EQ25	23.700	429	406	547
Q08AI6	Q5I012	21.900	378	406	1090
Q08AI6	O74327	22.800	302	406	420
Q08AI6	A6NNN8	24.500	363	406	435
Q08AI6	Q9LYM2	23.300	390	406	435
Q14507	Q14507	100.000	147	147	147
Q59YK4	Q59YK4	100.000	529	529	529
Q59YK4	P48565	28.700	362	529	533
Q8NG41	Q8NG41	100.000	125	125	125
Q91X58	Q91X58	100.000	257	257	257
Q9GZP1	Q9GZP1	100.000	204	204	204
F4I8R6	F4I8R6	100.000	226	226	226
Q8WWF1	Q8WWF1	100.000	131	131	131
Q924Y8	Q924Y8	100.000	730	730	730
Q9BU02	Q9BU02	100.000	230	230	230
Q9BU02	P30871	27.600	195	230	433
Q9D2C2	Q9D2C2	100.000	474	474	474
Q9USX3	Q9USX3	100.000	406	406	406
Q3UK37	Q3UK37	100.000	420	420	420
Q5A506	Q5A506	100.000	1237	1237	1237
Q5A506	P33314	29.500	1011	1237	1104
Q5A506	P33277	24.800	181	1237	766
Q8BFY7	Q8BFY7	100.000	231	231	231
Q8BP97	Q8BP97	100.000	385	385	385
Q8N9M5	Q8N9M5	100.000	508	508	508
Q8N9M5	Q8C525	27.000	444	508	428
Q08981	Q08981	100.000	209	209	209
Q15067	Q15067	100.000	660	660	660
Q56A04	Q56A04	100.000	373	373	373
Q5SW28	Q5SW28	100.000	871	871	871
Q5SW28	Q5UE93	24.600	892	871	754
Q6PL45	Q6PL45	100.000	260	260	260
Q9JLS8	Q9JLS8	100.000	131	131	131
Q9P7N3	Q9P7N3	100.000	871	871	871
Q9P7N3	P38959	23.800	902	871	992
P0AEE7	P0AEE7	100.000	332	332	332
P0AEE7	P02925	28.500	277	332	296
P32833	P32833	100.000	620	620	620
P32833	Q09142	28.700	390	620	535
Q03690	Q03690	100.000	1277	1277	1277
Q03690	A3GG12	27.800	1302	1277	1242
P73824	P73824	100.000	154	154	154
P75376	P75376	100.000	760	760	760
Q05911	Q05911	100.000	482	482	482
Q05911	Q5HEL4	28.800	434	482	431
Q05911	P0AB89	22.700	277	482	456
Q10218	Q10218	100.000	783	783	783
Q3SYF9	Q3SYF9	100.000	63	63	63
Q92734	Q92734	100.000	400	400	400
Q99KU0	Q99KU0	100.000	406	406	406
Q9D541	Q9D541	100.000	1642	1642	1642
Q9D541	Q9D541	100.000	1642	1642	1642
Q9HDV6	Q9HDV6	100.000	2196	2196	2196
Q9HDV6	P40468	26.800	2300	2196	2376
Q9HDV6	O94915	21.000	1967	2196	3013
O49484	O49484	100.000	152	152	152
Q08844	Q08844	100.000	703	703	703
Q55282	Q55282	100.000	306	306	306
Q78IK2	Q78IK2	100.000	58	58	58
Q7Z7K0	Q7Z7K0	100.000	106	106	106
Q8CGS5	Q8CGS5	100.000	827	827	827
Q8CGS5	O44476	27.500	783	827	833
Q8CGS5	P36159	25.500	822	827	838
Q8CGS5	Q9H777	26.300	330	827	363
Q9P6M7	Q9P6M7	100.000	526	526	526
A4D2B0	A4D2B0	100.000	266	266	266
O14684	O14684	100.000	152	152	152
O34549	O34549	100.000	193	193	193
O74906	O74906	100.000	345	345	345
O74906	Q3UFB2	26.300	239	345	460
O74906	P38772	26.600	165	345	366
Q499E5	Q499E5	100.000	926	926	926
Q66JQ7	Q66JQ7	100.000	2119	2119	2119
Q66JQ7	Q66JQ7	100.000	2119	2119	2119
Q96PY0	Q96PY0	100.000	264	264	264
Q9DBQ9	Q9DBQ9	100.000	907	907	907
Q9DBQ9	Q12104	26.900	163	907	458
A6NCJ1	A6NCJ1	100.000	209	209	209
D3YZP9	D3YZP9	100.000	469	469	469
O53611	O53611	100.000	745	745	745
P41073	P41073	100.000	716	716	716
Q09745	Q09745	100.000	384	384	384
Q6PCB6	Q6PCB6	100.000	329	329	329
O42903	O42903	100.000	401	401	401
P0C092	P0C092	100.000	89	89	89
P0CD60	P0CD60	100.000	1489	1489	1489
Q9SJ50	Q9SJ50	100.000	333	333	333
Q9SJ50	Q9FK23	27.200	235	333	500
Q9SJ50	Q9ZT96	24.300	267	333	541
Q9SJ50	Q9C6A1	30.900	71	333	445
Q9SJ50	Q9M219	31.200	96	333	558
C0H3T6	C0H3T6	100.000	54	54	54
P9WGQ1	P9WGQ1	100.000	223	223	223
Q03824	Q03824	100.000	705	705	705
Q32P28	Q32P28	100.000	736	736	736
Q6NY74	Q6NY74	100.000	601	601	601
Q6NY74	Q8N635	22.000	240	601	442
Q8C176	Q8C176	100.000	1104	1104	1104
Q8C176	P87121	24.600	1042	1104	1172
Q8C176	P23255	20.800	1091	1104	1407
Q03661	Q03661	100.000	1658	1658	1658
Q09713	Q09713	100.000	327	327	327
Q09713	Q8NEJ9	30.200	251	327	315
Q10937	Q10937	100.000	292	292	292
Q12301	Q12301	100.000	547	547	547
Q16585	Q16585	100.000	318	318	318
Q16585	P82347	22.100	294	318	289
Q9Y6J6	Q9Y6J6	100.000	123	123	123
A1E959	A1E959	100.000	279	279	279
A8HQ54	A8HQ54	100.000	373	373	373
F4IL30	F4IL30	100.000	826	826	826
F4IL30	Q99575	22.300	671	826	1024
F4IL30	P41812	22.500	465	826	875
O94470	O94470	100.000	131	131	131
P43351	P43351	100.000	418	418	418
P57076	P57076	100.000	290	290	290
P9WKA5	P9WKA5	100.000	448	448	448
P9WKA5	Q9C7H4	24.200	351	448	479
Q12500	Q12500	100.000	764	764	764
Q12500	Q8NBF6	24.300	619	764	648
Q6PDC8	Q6PDC8	100.000	510	510	510
Q6PDC8	Q5TF39	25.000	436	510	518
Q9D882	Q9D882	100.000	120	120	120
Q9DCT6	Q9DCT6	100.000	171	171	171
Q9H3H5	Q9H3H5	100.000	408	408	408
Q9H3H5	Q5HGP9	25.100	171	408	321
Q9P287	Q9P287	100.000	314	314	314
Q9P287	O64885	28.400	225	314	326
Q9P287	Q06338	24.100	224	314	283
Q9UNZ5	Q9UNZ5	100.000	99	99	99
P43567	P43567	100.000	385	385	385
P43567	P21549	26.100	382	385	392
P43567	O25436	23.600	377	385	369
Q09777	Q09777	100.000	481	481	481
Q09777	P38093	28.500	484	481	719
Q09777	P11972	21.200	198	481	698
Q3E6Y3	Q3E6Y3	100.000	329	329	329
Q3E6Y3	Q9LN62	24.200	95	329	428
Q93ZJ9	Q93ZJ9	100.000	605	605	605
Q9CQP8	Q9CQP8	100.000	194	194	194
P06446	P06446	100.000	348	348	348
Q9D0L4	Q9D0L4	100.000	525	525	525
Q9SLJ2	Q9SLJ2	100.000	98	98	98
Q9SSK5	Q9SSK5	100.000	158	158	158
Q9ZPY1	Q9ZPY1	100.000	198	198	198
O15240	O15240	100.000	615	615	615
O42882	O42882	100.000	338	338	338
O75386	O75386	100.000	442	442	442
P0A734	P0A734	100.000	88	88	88
P0ACD6	P0ACD6	100.000	128	128	128
P53925	P53925	100.000	644	644	644
P9WFB1	P9WFB1	100.000	112	112	112
P9WHU1	P9WHU1	100.000	248	248	248
P9WMV1	P9WMV1	100.000	285	285	285
Q03205	Q03205	100.000	200	200	200
Q9BRK4	Q9BRK4	100.000	669	669	669
Q9DAA7	Q9DAA7	100.000	145	145	145
Q9GZU0	Q9GZU0	100.000	229	229	229
Q9M237	Q9M237	100.000	615	615	615
Q9UGP5	Q9UGP5	100.000	575	575	575
Q9UGP5	P25615	25.800	410	575	582
P07141	P07141	100.000	552	552	552
P22804	P22804	100.000	142	142	142
P22804	O35623	21.900	91	142	118
P32336	P32336	100.000	851	851	851
P38959	P38959	100.000	992	992	992
P38959	Q9P7N3	24.000	902	992	871
P96679	P96679	100.000	261	261	261
Q92354	Q92354	100.000	149	149	149
Q96247	Q96247	100.000	485	485	485
Q96247	Q8L4X4	24.100	455	485	452
Q96247	Q9C6M2	24.800	262	485	440
Q96247	P38680	20.200	434	485	470
Q9GPJ1	Q9GPJ1	100.000	1503	1503	1503
B1WC58	B1WC58	100.000	893	893	893
O54791	O54791	100.000	156	156	156
Q685J3	Q685J3	100.000	4493	4493	4493
Q8N999	Q8N999	100.000	325	325	325
Q99627	Q99627	100.000	209	209	209
Q99627	Q7KTH8	26.300	197	209	182
Q9CEH0	Q9CEH0	100.000	289	289	289
Q9NX38	Q9NX38	100.000	181	181	181
Q8N9S9	Q8N9S9	100.000	440	440	440
Q9CX62	Q9CX62	100.000	282	282	282
Q9NQR4	Q9NQR4	100.000	276	276	276
Q9NQR4	P32962	27.200	286	276	339
Q9NQR4	Q9UBR1	23.800	189	276	384
Q9Y6G3	Q9Y6G3	100.000	142	142	142
A8MWP4	A8MWP4	100.000	228	228	228
Q12182	Q12182	100.000	319	319	319
Q12182	P39728	26.300	266	319	267
Q20898	Q20898	100.000	761	761	761
Q20898	Q9EST3	27.200	220	761	983
Q4JAL1	Q4JAL1	100.000	403	403	403
Q5ALX5	Q5ALX5	100.000	1665	1665	1665
Q5ALX5	P38931	21.800	1774	1665	1420
Q8CDG3	Q8CDG3	100.000	1220	1220	1220
Q09MP3	Q09MP3	100.000	1159	1159	1159
Q7M747	Q7M747	100.000	112	112	112
Q86XT2	Q86XT2	100.000	251	251	251
Q8N4L1	Q8N4L1	100.000	468	468	468
Q9D9C7	Q9D9C7	100.000	252	252	252
P40162	P40162	100.000	140	140	140
P40577	P40577	100.000	368	368	368
P51612	P51612	100.000	930	930	930
P51612	P14736	27.500	367	930	754
Q04600	Q04600	100.000	565	565	565
Q04600	Q61211	28.000	531	565	570
Q4JAS3	Q4JAS3	100.000	257	257	257
P34758	P34758	100.000	872	872	872
P42073	P42073	100.000	533	533	533
P53079	P53079	100.000	417	417	417
P63302	P63302	100.000	87	87	87
P63302	Q9CQ86	35.000	60	87	115
P74334	P74334	100.000	490	490	490
P74334	O65572	26.900	490	490	538
P74334	Q99NF1	23.100	528	490	532
P11597	P11597	100.000	493	493	493
P11597	P55065	27.000	314	493	493
P11597	P18428	26.000	284	493	481
P34246	P34246	100.000	357	357	357
P45970	P45970	100.000	821	821	821
P96877	P96877	100.000	394	394	394
P96877	O09174	29.500	325	394	381
P96877	P31572	25.200	285	394	405
Q09882	Q09882	100.000	557	557	557
Q6IQ32	Q6IQ32	100.000	1131	1131	1131
Q6IQ32	F1QLG5	23.100	1167	1131	969
Q8R060	Q8R060	100.000	589	589	589
Q8R060	Q95XP9	22.900	323	589	630
Q97U96	Q97U96	100.000	373	373	373
Q9DBA8	Q9DBA8	100.000	426	426	426
Q9DBA8	Q9VMY9	22.000	362	426	448
Q9QVY8	Q9QVY8	100.000	529	529	529
Q86V40	Q86V40	100.000	505	505	505
Q9Z0F6	Q9Z0F6	100.000	389	389	389
Q9Z0F6	Q95Q27	22.700	277	389	521
P00425	P00425	100.000	151	151	151
P53809	P53809	100.000	214	214	214
P53809	Q9Y365	26.200	206	214	291
Q93XX5	Q93XX5	100.000	426	426	426
Q9FKH1	Q9FKH1	100.000	446	446	446
Q9NYY1	Q9NYY1	100.000	176	176	176
Q9UHU1	Q9UHU1	100.000	43	43	43
Q9V9Y9	Q9V9Y9	100.000	364	364	364
Q9Y5U8	Q9Y5U8	100.000	109	109	109
Q42368	Q42368	100.000	883	883	883
Q9Y7R3	Q9Y7R3	100.000	742	742	742
Q9Y7R3	P38170	29.300	750	742	754
Q9Y7R3	Q8C156	25.700	766	742	731
O60158	O60158	100.000	432	432	432
P07221	P07221	100.000	395	395	395
P34232	P34232	100.000	184	184	184
P34251	P34251	100.000	309	309	309
P34251	P53878	24.300	152	309	407
P53075	P53075	100.000	577	577	577
P53075	P43611	27.200	213	577	510
P9WKQ5	P9WKQ5	100.000	340	340	340
Q13487	Q13487	100.000	334	334	334
Q24472	Q24472	100.000	845	845	845
Q24472	Q64701	28.600	1029	845	1063
Q24472	P33568	23.500	729	845	920
Q24472	G5EDT1	21.800	854	845	961
Q24472	Q9LKX9	25.800	480	845	867
P0AG92	P0AG92	100.000	615	615	615
P0AG92	P0AG95	26.700	183	615	323
P39138	P39138	100.000	296	296	296
P39138	P60651	26.400	303	296	306
P46676	P46676	100.000	1062	1062	1062
Q0P3Q0	Q0P3Q0	100.000	352	352	352
Q4JCL6	Q4JCL6	100.000	118	118	118
Q93Y07	Q93Y07	100.000	622	622	622
Q93Y07	Q9FZE0	25.800	425	622	510
Q9LIR9	Q9LIR9	100.000	335	335	335
Q9S9N6	Q9S9N6	100.000	461	461	461
Q9Z287	Q9Z287	100.000	130	130	130
A0A140LIJ0	A0A140LIJ0	100.000	701	701	701
A0A140LIJ0	Q5T197	23.700	637	701	706
A0A140LIJ0	Q7TNJ0	26.000	200	701	470
A0A140LIJ0	Q9D611	24.300	312	701	498
Q06142	Q06142	100.000	861	861	861
Q06142	O60100	20.200	681	861	1067
Q06142	O74476	20.500	667	861	1095
Q06142	Q99LG2	21.300	552	861	887
Q06142	Q8TEX9	18.900	369	861	1081
Q14BB9	Q14BB9	100.000	191	191	191
Q22472	Q22472	100.000	378	378	378
Q22472	Q7Z5B4	28.700	174	378	369
Q3UZY0	Q3UZY0	100.000	1216	1216	1216
Q6NZ67	Q6NZ67	100.000	158	158	158
Q10108	Q10108	100.000	312	312	312
Q12292	Q12292	100.000	412	412	412
Q2M2E3	Q2M2E3	100.000	257	257	257
Q5EB94	Q5EB94	100.000	466	466	466
Q63HQ0	Q63HQ0	100.000	302	302	302
Q96L11	Q96L11	100.000	122	122	122
Q9BTD1	Q9BTD1	100.000	123	123	123
Q9D311	Q9D311	100.000	320	320	320
Q9LS68	Q9LS68	100.000	761	761	761
O60108	O60108	100.000	514	514	514
O60108	Q4W5G0	26.000	357	514	525
O60108	P32896	27.500	312	514	925
Q53QW1	Q53QW1	100.000	395	395	395
Q6ZTW0	Q6ZTW0	100.000	290	290	290
Q8IZ81	Q8IZ81	100.000	293	293	293
Q8IZ81	Q96FG2	28.200	124	293	381
Q9BVC3	Q9BVC3	100.000	393	393	393
Q9BVC3	Q09732	24.200	375	393	357
Q9BVC3	P25559	23.400	380	393	380
P38289	P38289	100.000	585	585	585
Q9VZL5	Q9VZL5	100.000	485	485	485
Q9VZL5	Q8C1Y8	29.700	488	485	480
O43034	O43034	100.000	116	116	116
P04808	P04808	100.000	185	185	185
P04808	Q9WV41	27.100	184	185	188
P36052	P36052	100.000	402	402	402
Q7XJ96	Q7XJ96	100.000	471	471	471
P53292	P53292	100.000	345	345	345
P53292	O60096	23.700	270	345	315
Q0D3I7	Q0D3I7	100.000	262	262	262
Q38C92	Q38C92	100.000	1220	1220	1220
Q38C92	P40850	20.100	501	1220	830
Q9USK4	Q9USK4	100.000	290	290	290
A2A3L6	A2A3L6	100.000	582	582	582
Q17635	Q17635	100.000	590	590	590
Q17635	Q9D0F1	29.700	303	590	642
Q17635	Q5A216	23.300	334	590	788
Q17635	Q10198	25.300	166	590	624
Q92371	Q92371	100.000	151	151	151
Q9C5I1	Q9C5I1	100.000	614	614	614
Q9C5I1	O94617	25.700	330	614	475
Q9SUH5	Q9SUH5	100.000	644	644	644
A0A1D8PCX8	A0A1D8PCX8	100.000	176	176	176
Q06339	Q06339	100.000	672	672	672
Q13495	Q13495	100.000	774	774	774
Q3E804	Q3E804	100.000	55	55	55
Q3URY6	Q3URY6	100.000	854	854	854
Q7TSH2	Q7TSH2	100.000	1085	1085	1085
P95189	P95189	100.000	260	260	260
P95189	P22255	29.200	222	260	246
P95189	Q9Z0S1	24.900	277	260	308
Q02825	Q02825	100.000	467	467	467
Q02825	Q8C2A2	28.600	164	467	525
Q08421	Q08421	100.000	412	412	412
Q08421	Q9USJ7	27.800	190	412	393
Q10020	Q10020	100.000	129	129	129
Q10475	Q10475	100.000	1403	1403	1403
Q10475	Q8VE62	23.600	211	1403	400
P31381	P31381	100.000	517	517	517
P31381	Q14542	23.100	470	517	456
P31381	Q8R139	21.600	462	517	528
P43682	P43682	100.000	97	97	97
P47166	P47166	100.000	707	707	707
P47166	P82094	29.800	104	707	1093
P47166	Q9Y7Y1	29.400	95	707	547
P75170	P75170	100.000	141	141	141
P95871	P95871	100.000	1068	1068	1068
P95871	P49194	23.400	145	1068	1234
Q6ZSR3	Q6ZSR3	100.000	168	168	168
Q7KLI1	Q7KLI1	100.000	1440	1440	1440
Q8TE99	Q8TE99	100.000	480	480	480
Q8TE99	P15309	23.000	343	480	386
Q8TE99	Q8BP40	21.400	420	480	418
Q99880	Q99880	100.000	126	126	126
Q99NH3	Q99NH3	100.000	377	377	377
Q04949	Q04949	100.000	312	312	312
Q08235	Q08235	100.000	291	291	291
Q12343	Q12343	100.000	284	284	284
Q14624	Q14624	100.000	930	930	930
Q14624	Q55874	26.500	196	930	420
Q14624	Q9UKK3	20.700	603	930	1724
Q14624	Q6DFX2	25.700	163	930	487
Q4J7A3	Q4J7A3	100.000	497	497	497
Q4J7A3	Q96C11	21.200	554	497	551
P53903	P53903	100.000	129	129	129
P53903	Q9P6S6	28.900	145	129	132
P58557	P58557	100.000	167	167	167
P58557	A4F9T1	28.900	114	167	183
P97929	P97929	100.000	3329	3329	3329
Q5XI83	Q5XI83	100.000	936	936	936
Q6UW10	Q6UW10	100.000	78	78	78
Q96CH1	Q96CH1	100.000	333	333	333
Q9NQ31	Q9NQ31	100.000	210	210	210
Q9UX10	Q9UX10	100.000	222	222	222
Q9X8I3	Q9X8I3	100.000	201	201	201
J4VSL0	J4VSL0	100.000	529	529	529
Q04087	Q04087	100.000	347	347	347
Q06674	Q06674	100.000	414	414	414
Q3T9Z9	Q3T9Z9	100.000	577	577	577
Q3T9Z9	A6NDX5	23.100	246	577	716
Q6WN19	Q6WN19	100.000	469	469	469
Q8BKH7	Q8BKH7	100.000	522	522	522
Q8BKH7	Q9V719	25.900	610	522	569
Q8BKH7	Q9NA80	28.300	240	522	642
Q6ZMI0	Q6ZMI0	100.000	780	780	780
Q8NEV9	Q8NEV9	100.000	243	243	243
Q96HE9	Q96HE9	100.000	360	360	360
Q9H579	Q9H579	100.000	483	483	483
Q9H579	Q68CQ1	28.100	355	483	1323
Q9H579	Q6ZUA9	20.400	470	483	1318
Q9Y247	Q9Y247	100.000	325	325	325
Q9QXT0	Q9QXT0	100.000	182	182	182
Q9QXT0	Q8BQ47	24.000	187	182	245
Q9UUJ7	Q9UUJ7	100.000	205	205	205
Q9UUJ7	Q94JU3	22.900	187	205	260
A0AUP1	A0AUP1	100.000	442	442	442
A3GGG8	A3GGG8	100.000	782	782	782
O13852	O13852	100.000	249	249	249
Q12104	Q12104	100.000	458	458	458
Q12104	Q9DBQ9	26.900	163	458	907
Q21955	Q21955	100.000	780	780	780
Q21955	Q9Y149	31.300	86	780	749
Q55707	Q55707	100.000	267	267	267
Q5HDW9	Q5HDW9	100.000	105	105	105
Q5HIJ8	Q5HIJ8	100.000	105	105	105
P31399	P31399	100.000	161	161	161
P31399	P30902	21.900	146	161	174
P31399	Q9FT52	26.400	155	161	168
P40395	P40395	100.000	1056	1056	1056
P40395	O42656	28.600	122	1056	1052
Q23462	Q23462	100.000	532	532	532
Q9JM84	Q9JM84	100.000	148	148	148
Q9M2U0	Q9M2U0	100.000	194	194	194
P81102	P81102	100.000	202	202	202
P9WLM1	P9WLM1	100.000	681	681	681
Q3ZAV0	Q3ZAV0	100.000	542	542	542
Q6UX39	Q6UX39	100.000	209	209	209
Q7K550	Q7K550	100.000	236	236	236
Q7K550	P87128	26.400	159	236	274
Q7K550	A5DI69	27.200	297	236	279
Q5RJP9	Q5RJP9	100.000	153	153	153
Q5VZE5	Q5VZE5	100.000	725	725	725
Q5VZE5	Q02197	19.800	664	725	733
Q8BR65	Q8BR65	100.000	328	328	328
Q8CDJ3	Q8CDJ3	100.000	492	492	492
Q8N3F0	Q8N3F0	100.000	131	131	131
P47946	P47946	100.000	841	841	841
Q941D3	Q941D3	100.000	239	239	239
Q941D3	Q5M755	24.200	161	239	273
Q9HE07	Q9HE07	100.000	534	534	534
Q9ZUU3	Q9ZUU3	100.000	757	757	757
Q9ZUU3	Q9FMF6	23.300	639	757	730
Q9ZUU3	Q9LW84	22.600	578	757	642
Q9ZUU3	Q9LR67	22.600	548	757	660
Q9ZUU3	Q9SS81	22.600	650	757	687
Q9ZUU3	Q9SAD9	24.200	536	757	517
Q9ZUU3	O80958	23.800	546	757	867
Q9ZUU3	Q0WMY5	22.900	483	757	952
Q9ZUU3	Q9S7Q2	24.200	479	757	862
Q9ZUU3	O81028	23.400	474	757	799
Q9ZUU3	Q9LMY5	22.700	594	757	826
Q9ZUU3	Q9SVH3	21.500	570	757	727
Q9ZUU3	Q9SSR4	20.800	490	757	819
Q9ZUU3	Q8RWS8	22.700	391	757	822
Q9ZUU3	Q9FLD8	24.700	456	757	678
Q9ZUU3	Q9MAG8	24.300	395	757	471
Q9ZUU3	Q9LKU8	22.700	448	757	766
Q9ZUU3	Q9FRS4	22.000	453	757	559
Q9ZUU3	Q9FMU2	19.900	601	757	634
Q9ZUU3	Q9LSK8	23.800	424	757	688
Q9ZUU3	Q9SAK0	19.600	503	757	836
Q9ZUU3	Q9LS88	20.500	589	757	842
Q9ZUU3	Q9LVA2	21.000	608	757	982
Q9ZUU3	O82178	21.600	461	757	591
Q9ZUU3	Q3ECH5	24.500	261	757	544
Q9ZUU3	Q8LPF1	22.000	435	757	668
Q9ZUU3	Q9M3A8	20.900	401	757	629
Q9ZUU3	Q9LS25	25.000	268	757	711
Q9ZUU3	Q3EDA9	18.300	535	757	608
Q9ZUU3	Q9M2C8	24.500	285	757	498
Q9ZUU3	Q9M4P3	23.900	309	757	656
Q9ZUU3	P0C896	23.800	331	757	576
Q9ZUU3	Q9SQU6	20.300	379	757	486
Q9ZUU3	Q0WLC6	21.400	355	757	1089
Q9ZUU3	Q9SNB7	25.400	228	757	665
Q9ZUU3	Q9ZUU7	24.200	239	757	462
Q9ZUU3	O49711	22.600	261	757	843
Q9ZUU3	B3H4P1	19.000	273	757	661
Q9ZUU3	Q9SKU6	20.500	380	757	490
Q9ZUU3	Q9SGQ6	23.300	236	757	773
Q9ZUU3	Q9SA60	19.100	323	757	793
Q9ZUU3	P32522	21.200	329	757	965
Q9ZUU3	Q9SA76	22.400	303	757	1006
Q9ZUU3	O23278	20.300	216	757	501
Q9ZUU3	Q9FZD1	20.200	193	757	630
Q9ZUU3	Q12089	21.000	271	757	606
P0A7S2	P0A7S2	100.000	129	129	129
E1CHH8	E1CHH8	100.000	698	698	698
O94424	O94424	100.000	307	307	307
O94424	P13984	26.100	249	307	249
P40240	P40240	100.000	226	226	226
P40240	O46101	27.800	226	226	244
Q06214	Q06214	100.000	492	492	492
Q06214	A4RGU7	25.300	441	492	403
Q9D956	Q9D956	100.000	376	376	376
P47068	P47068	100.000	1157	1157	1157
P56508	P56508	100.000	79	79	79
P59444	P59444	100.000	121	121	121
P70976	P70976	100.000	255	255	255
P9WIF9	P9WIF9	100.000	463	463	463
P53067	P53067	100.000	1004	1004	1004
P53067	Q9VGP4	20.000	932	1004	1018
P53067	O74476	27.700	137	1004	1095
P53067	Q02932	26.600	165	1004	1032
Q95U54	Q95U54	100.000	959	959	959
Q95U54	Q96T76	26.500	1025	959	1030
Q95U54	Q0WVF8	23.300	1118	959	1134
Q95U54	P40469	21.000	1048	959	1032
Q9URV6	Q9URV6	100.000	92	92	92
Q9UTE2	Q9UTE2	100.000	312	312	312
A8K5M9	A8K5M9	100.000	175	175	175
Q04461	Q04461	100.000	462	462	462
Q08232	Q08232	100.000	322	322	322
Q14542	Q14542	100.000	456	456	456
Q14542	Q8R139	26.300	470	456	528
Q14542	P31381	22.800	464	456	517
Q14542	Q9SR64	21.700	450	456	417
Q3T1J8	Q3T1J8	100.000	306	306	306
Q58CS7	Q58CS7	100.000	222	222	222
Q58CS7	Q8BJF9	28.300	173	222	213
P19736	P19736	100.000	530	530	530
Q04329	Q04329	100.000	127	127	127
Q08231	Q08231	100.000	455	455	455
Q08231	Q9VTL1	28.400	176	455	395
Q921K8	Q921K8	100.000	919	919	919
Q9STS7	Q9STS7	100.000	353	353	353
Q9STS7	P05090	28.400	172	353	189
Q12202	Q12202	100.000	724	724	724
P9WIN5	P9WIN5	100.000	422	422	422
Q9D9S1	Q9D9S1	100.000	216	216	216
Q9FTA2	Q9FTA2	100.000	239	239	239
Q9LK90	Q9LK90	100.000	1189	1189	1189
Q9LK90	Q4VNC1	29.000	327	1189	1196
Q9LK90	O59868	21.300	506	1189	899
Q8BG79	Q8BG79	100.000	887	887	887
Q8BG79	Q10414	26.900	230	887	561
Q8BG79	O16216	23.800	218	887	533
Q8BG79	P53255	28.500	112	887	507
Q8N695	Q8N695	100.000	610	610	610
Q8N695	Q5SWY8	24.500	489	610	596
Q8N695	Q9GZV3	20.400	396	610	580
Q96DE0	Q96DE0	100.000	195	195	195
Q99750	Q99750	100.000	246	246	246
Q9BUH6	Q9BUH6	100.000	204	204	204
Q9VWA1	Q9VWA1	100.000	219	219	219
Q9Y345	Q9Y345	100.000	797	797	797
F4KFT7	F4KFT7	100.000	617	617	617
P0DKL9	P0DKL9	100.000	152	152	152
P34433	P34433	100.000	244	244	244
P34433	Q5BJT0	30.000	143	244	271
Q94BS2	Q94BS2	100.000	335	335	335
Q9C5D6	Q9C5D6	100.000	569	569	569
Q9C5D6	P0AA48	26.100	405	569	452
Q9C5D6	O60113	23.700	413	569	542
Q9C5D6	P38734	25.800	151	569	546
Q9C5D6	A0A1D8PN88	23.600	469	569	599
Q9C5D6	P19807	26.700	209	569	563
Q9LKX9	Q9LKX9	100.000	867	867	867
Q9LKX9	P33568	27.000	521	867	920
Q9LKX9	Q64701	25.500	692	867	1063
Q9LKX9	Q24472	26.400	473	867	845
Q9LKX9	G5EDT1	21.700	335	867	961
Q9LKX9	Q06409	31.700	107	867	1932
Q9SU40	Q9SU40	100.000	587	587	587
Q9SU40	P43561	23.300	535	587	622
Q9SU40	Q04399	27.700	173	587	608
A1Z7L1	A1Z7L1	100.000	1481	1481	1481
A1Z7L1	Q9NVI1	22.300	1295	1481	1328
P04039	P04039	100.000	78	78	78
P38357	P38357	100.000	123	123	123
P87056	P87056	100.000	364	364	364
Q2M405	Q2M405	100.000	599	599	599
D6VTK4	D6VTK4	100.000	431	431	431
Q03691	Q03691	100.000	256	256	256
Q11085	Q11085	100.000	252	252	252
Q2TAA8	Q2TAA8	100.000	658	658	658
Q9FGN0	Q9FGN0	100.000	836	836	836
Q9FGN0	P83436	24.500	866	836	770
Q9NVV2	Q9NVV2	100.000	129	129	129
Q6EEV4	Q6EEV4	100.000	148	148	148
Q6NS38	Q6NS38	100.000	261	261	261
Q86VR8	Q86VR8	100.000	437	437	437
Q91XT6	Q91XT6	100.000	489	489	489
Q9I7W5	Q9I7W5	100.000	428	428	428
P38637	P38637	100.000	319	319	319
Q04969	Q04969	100.000	178	178	178
Q10MI0	Q10MI0	100.000	988	988	988
Q10MI0	Q9Y2G0	21.600	452	988	817
Q53705	Q53705	100.000	584	584	584
Q53705	P9WGL5	25.400	173	584	501
Q9FMU2	Q9FMU2	100.000	634	634	634
Q9FMU2	Q9FMF6	25.400	581	634	730
Q9FMU2	Q9SVH3	22.700	602	634	727
Q9FMU2	Q9SAD9	24.600	462	634	517
Q9FMU2	Q9LR67	22.600	539	634	660
Q9FMU2	Q9SS81	21.900	602	634	687
Q9FMU2	O80958	23.000	503	634	867
Q9FMU2	Q9LMY5	22.300	457	634	826
Q9FMU2	Q9LW84	21.200	575	634	642
Q9FMU2	Q0WMY5	21.200	475	634	952
Q9FMU2	Q9ZUU3	19.900	601	634	757
Q9FMU2	Q9LKU8	23.700	437	634	766
Q9FMU2	Q9SSR4	20.900	458	634	819
Q9FMU2	Q3EDA9	20.200	500	634	608
Q9FMU2	O81028	23.300	480	634	799
Q9FMU2	Q9FRS4	24.000	387	634	559
Q9FMU2	Q9MAG8	25.600	370	634	471
Q9FMU2	Q9LVA2	21.400	467	634	982
Q9FMU2	Q9SAK0	26.500	256	634	836
Q9FMU2	Q9S7Q2	22.100	371	634	862
Q9FMU2	Q9LSK8	20.700	487	634	688
Q9FMU2	Q9FLD8	18.000	470	634	678
Q9FMU2	Q3ECH5	19.600	503	634	544
Q9FMU2	Q8RWS8	19.700	426	634	822
Q9FMU2	O82178	20.700	405	634	591
Q9FMU2	Q9M2C8	19.300	454	634	498
Q9FMU2	Q9M3A8	28.500	235	634	629
Q9FMU2	Q9LS25	23.600	250	634	711
Q9FMU2	Q9LS88	20.500	545	634	842
Q9FMU2	P0C896	19.700	421	634	576
Q9FMU2	O49711	21.500	404	634	843
Q9FMU2	Q0WLC6	23.200	228	634	1089
Q9FMU2	B3H4P1	25.800	197	634	661
Q9FMU2	Q9ZUU7	23.900	221	634	462
Q9FMU2	O23278	23.100	186	634	501
Q9FMU2	Q8LPF1	21.300	468	634	668
Q9FMU2	Q9SQU6	16.700	419	634	486
Q9FMU2	Q9SNB7	22.400	178	634	665
Q9FMU2	Q9SA76	25.000	320	634	1006
Q9FMU2	Q9M4P3	28.100	185	634	656
Q9FMU2	Q9SGQ6	23.200	155	634	773
P0AC50	P0AC50	100.000	244	244	244
P0AC50	P08066	25.600	234	244	253
P13984	P13984	100.000	249	249	249
P13984	O94424	26.200	251	249	307
P23721	P23721	100.000	362	362	362
P34427	P34427	100.000	962	962	962
P47158	P47158	100.000	497	497	497
P47158	Q5T440	27.100	332	497	356
Q11081	Q11081	100.000	114	114	114
Q19AV6	Q19AV6	100.000	140	140	140
Q3USW5	Q3USW5	100.000	665	665	665
Q3USW5	Q9SVQ1	21.500	283	665	415
O25879	O25879	100.000	420	420	420
O25879	Q5HCP4	25.800	422	420	403
P32453	P32453	100.000	318	318	318
P32453	Q811I0	29.400	163	318	324
P0A8R6	P0A8R6	100.000	72	72	72
P0AAQ5	P0AAQ5	100.000	115	115	115
P0AGE9	P0AGE9	100.000	289	289	289
P14291	P14291	100.000	827	827	827
P38297	P38297	100.000	855	855	855
P38297	Q1KPV0	27.100	210	855	912
Q9JIX8	Q9JIX8	100.000	1338	1338	1338
Q9VDE6	Q9VDE6	100.000	766	766	766
Q9VDE6	F4JHH5	23.500	772	766	787
Q9VDE6	P22224	18.200	735	766	910
F1QNV4	F1QNV4	100.000	1136	1136	1136
F1QNV4	Q9VCW3	26.700	1168	1136	1200
F1QNV4	Q9UTH0	24.000	328	1136	1162
F1QNV4	Q9P797	26.900	152	1136	1142
F1QNV4	F4IGA5	20.100	501	1136	1285
F1QNV4	P34343	28.200	124	1136	1129
P0DP43	P0DP43	100.000	985	985	985
Q10180	Q10180	100.000	326	326	326
Q62717	Q62717	100.000	1289	1289	1289
Q95XD3	Q95XD3	100.000	132	132	132
Q96GT9	Q96GT9	100.000	111	111	111
Q96GT9	O60829	38.600	75	111	102
Q96NJ1	Q96NJ1	100.000	140	140	140
Q9BVK2	Q9BVK2	100.000	526	526	526
Q9BVK2	Q3TAE8	29.500	426	526	507
Q9LMY5	Q9LMY5	100.000	826	826	826
Q9LMY5	Q9FMF6	27.200	565	826	730
Q9LMY5	Q9SSR4	25.600	755	826	819
Q9LMY5	Q9SS81	27.000	614	826	687
Q9LMY5	Q0WMY5	25.400	518	826	952
Q9LMY5	O81028	26.200	515	826	799
Q9LMY5	O80958	28.200	386	826	867
Q9LMY5	Q8RWS8	24.000	587	826	822
Q9LMY5	Q9FRS4	27.300	431	826	559
Q9LMY5	Q9LR67	24.600	547	826	660
Q9LMY5	Q9SAD9	25.100	481	826	517
Q9LMY5	Q9LVA2	25.300	655	826	982
Q9LMY5	Q9LW84	27.600	405	826	642
Q9LMY5	Q9S7Q2	23.800	558	826	862
Q9LMY5	Q9LKU8	25.600	452	826	766
Q9LMY5	Q9LSK8	24.400	580	826	688
Q9LMY5	Q9ZUU3	22.500	593	826	757
Q9LMY5	Q9SVH3	22.300	658	826	727
Q9LMY5	Q9MAG8	25.100	421	826	471
Q9LMY5	O82178	22.600	441	826	591
Q9LMY5	Q0WLC6	22.100	429	826	1089
Q9LMY5	Q9FLD8	23.300	515	826	678
Q9LMY5	Q9LS88	22.000	604	826	842
Q9LMY5	Q9FMU2	22.500	457	826	634
Q9LMY5	Q9M4P3	23.900	467	826	656
Q9LMY5	Q9M3A8	24.000	415	826	629
Q9LMY5	Q3ECH5	20.600	446	826	544
Q9LMY5	Q3EDA9	22.000	526	826	608
Q9LMY5	Q9SAK0	25.400	416	826	836
Q9LMY5	P0C896	24.000	358	826	576
Q9LMY5	Q9LS25	20.000	310	826	711
Q9LMY5	Q9SQU6	23.700	379	826	486
Q9LMY5	Q9SNB7	21.400	555	826	665
Q9LMY5	Q9M2C8	25.000	380	826	498
Q9LMY5	Q9ZUU7	24.200	305	826	462
Q9LMY5	Q8LPF1	23.000	360	826	668
Q9LMY5	Q9SGQ6	22.200	432	826	773
Q9LMY5	Q9FZD1	21.000	394	826	630
Q9LMY5	Q9SKU6	21.600	425	826	490
Q9LMY5	O23278	20.200	292	826	501
Q9LMY5	B3H4P1	21.900	537	826	661
Q9LMY5	Q9SA76	19.100	460	826	1006
Q9LMY5	O49711	23.900	259	826	843
Q9LMY5	Q9SA60	24.600	288	826	793
Q9LMY5	P32522	20.000	324	826	965
Q9LMY5	O49343	25.900	177	826	452
Q9LMY5	Q12089	20.700	227	826	606
Q9LMY5	P53140	22.900	253	826	646
P0AFU9	P0AFU9	100.000	213	213	213
P33304	P33304	100.000	620	620	620
P33304	P40095	24.800	258	620	573
P46343	P46343	100.000	319	319	319
P53207	P53207	100.000	620	620	620
O26103	O26103	100.000	307	307	307
O75031	O75031	100.000	334	334	334
O96000	O96000	100.000	172	172	172
P0A6Q3	P0A6Q3	100.000	172	172	172
P0ADU5	P0ADU5	100.000	130	130	130
Q5M869	Q5M869	100.000	178	178	178
Q6P5B0	Q6P5B0	100.000	1295	1295	1295
Q6P5B0	Q12754	24.400	1186	1295	1228
Q6P5B0	Q9C0X8	24.700	1120	1295	1163
Q96262	Q96262	100.000	225	225	225
Q96HR8	Q96HR8	100.000	494	494	494
Q9DBN1	Q9DBN1	100.000	621	621	621
Q9DBN1	O70491	23.700	530	621	670
P34357	P34357	100.000	216	216	216
P53900	P53900	100.000	129	129	129
Q03983	Q03983	100.000	463	463	463
Q9FYL8	Q9FYL8	100.000	191	191	191
Q9LXR9	Q9LXR9	100.000	348	348	348
Q9LXR9	P54452	29.100	175	348	172
P08164	P08164	100.000	272	272	272
P08164	O74940	29.100	137	272	700
P0ADW5	P0ADW5	100.000	132	132	132
P0C866	P0C866	100.000	280	280	280
P29083	P29083	100.000	439	439	439
P29083	P36100	29.500	183	439	482
P29083	Q9P3W1	22.900	192	439	434
P36067	P36067	100.000	173	173	173
P9WQ17	P9WQ17	100.000	701	701	701
P9WQ17	P28904	22.100	230	701	551
Q0P670	Q0P670	100.000	501	501	501
Q3B7T1	Q3B7T1	100.000	1238	1238	1238
Q8IYA6	Q8IYA6	100.000	745	745	745
Q8VIF7	Q8VIF7	100.000	472	472	472
P39123	P39123	100.000	798	798	798
P39123	P9WMW1	21.200	570	798	863
P72835	P72835	100.000	414	414	414
Q09474	Q09474	100.000	403	403	403
Q12888	Q12888	100.000	1972	1972	1972
Q12888	P87074	24.200	173	1972	778
Q5T6C5	Q5T6C5	100.000	722	722	722
Q5T6C5	A2AWT3	55.800	34	722	347
P02655	P02655	100.000	101	101	101
P19807	P19807	100.000	563	563	563
P19807	O60113	29.100	470	563	542
P19807	P36029	28.800	451	563	618
P19807	O59813	22.600	486	563	554
P19807	P0AA48	23.000	351	563	452
P9WKD1	P9WKD1	100.000	491	491	491
P9WKD1	P71707	25.600	409	491	820
Q4V891	Q4V891	100.000	558	558	558
Q6QI06	Q6QI06	100.000	1708	1708	1708
Q6QI06	Q09743	27.800	979	1708	1309
Q6QI06	P40061	24.000	952	1708	1430
Q18071	Q18071	100.000	342	342	342
Q18071	O17204	26.800	294	342	384
Q4J946	Q4J946	100.000	305	305	305
Q5U4N7	Q5U4N7	100.000	250	250	250
Q66HR2	Q66HR2	100.000	268	268	268
Q83PV3	Q83PV3	100.000	728	728	728
Q83PV3	P95867	27.600	293	728	561
Q9SK39	Q9SK39	100.000	100	100	100
Q9UKZ1	Q9UKZ1	100.000	510	510	510
Q9Y5V0	Q9Y5V0	100.000	76	76	76
Q9Y5V0	Q9FFD8	53.800	26	76	104
A3KQ55	A3KQ55	100.000	645	645	645
O14226	O14226	100.000	584	584	584
O14226	Q59XM1	21.400	98	584	791
P66042	P66042	100.000	166	166	166
P66042	P0A7J3	37.700	159	166	165
P75159	P75159	100.000	375	375	375
Q02884	Q02884	100.000	456	456	456
Q02884	Q9USP1	25.400	405	456	361
Q02884	Q9ER73	25.900	393	456	422
Q08931	Q08931	100.000	133	133	133
Q0P557	Q0P557	100.000	537	537	537
Q0P557	Q0P557	100.000	537	537	537
P42883	P42883	100.000	340	340	340
P05928	P05928	100.000	96	96	96
Q93Y32	Q93Y32	100.000	384	384	384
Q93Y32	Q5HF24	36.300	77	384	282
Q93Y32	Q79FW0	23.000	269	384	289
Q9H3L0	Q9H3L0	100.000	296	296	296
A1KPR8	A1KPR8	100.000	231	231	231
A1KPR8	A4D126	29.000	234	231	451
A1KPR8	Q8Y832	26.200	229	231	236
F4K4R6	F4K4R6	100.000	914	914	914
Q12462	Q12462	100.000	236	236	236
Q12462	Q9Z211	25.200	238	236	246
Q12462	Q10333	21.600	240	236	238
Q499M7	Q499M7	100.000	748	748	748
Q9CPT4	Q9CPT4	100.000	166	166	166
Q9JIK9	Q9JIK9	100.000	218	218	218
Q1ENB6	Q1ENB6	100.000	484	484	484
Q96T53	Q96T53	100.000	435	435	435
Q96T53	Q6ZNC8	26.200	377	435	495
Q96T53	Q6P1A2	22.500	297	435	487
Q96T53	Q0VCY6	24.600	142	435	472
Q9H354	Q9H354	100.000	126	126	126
Q9LPV8	Q9LPV8	100.000	434	434	434
Q9S823	Q9S823	100.000	905	905	905
Q7K2D2	Q7K2D2	100.000	380	380	380
Q7K2D2	Q09248	22.300	367	380	331
Q80UG1	Q80UG1	100.000	342	342	342
Q8K0U3	Q8K0U3	100.000	198	198	198
Q8N5T2	Q8N5T2	100.000	526	526	526
Q8Y735	Q8Y735	100.000	188	188	188
Q8Y735	Q92LB1	24.400	180	188	188
Q5T9L3	Q5T9L3	100.000	541	541	541
Q70UQ0	Q70UQ0	100.000	350	350	350
Q80UN9	Q80UN9	100.000	467	467	467
Q80UN9	Q9LJL4	29.900	361	467	330
Q8C3Y4	Q8C3Y4	100.000	2207	2207	2207
Q9H2G9	Q9H2G9	100.000	400	400	400
P34437	P34437	100.000	471	471	471
P38732	P38732	100.000	585	585	585
P38732	Q08961	29.200	523	585	583
P38732	Q86TU7	21.300	356	585	594
P38732	P58467	25.200	265	585	439
P52650	P52650	100.000	192	192	192
P54464	P54464	100.000	148	148	148
P61077	P61077	100.000	147	147	147
P40957	P40957	100.000	749	749	749
P53250	P53250	100.000	332	332	332
P53250	O94399	24.200	293	332	328
P76290	P76290	100.000	247	247	247
P9WMQ9	P9WMQ9	100.000	655	655	655
Q05610	Q05610	100.000	365	365	365
P23591	P23591	100.000	321	321	321
P23591	Q2R1V8	21.400	275	321	371
Q0DI48	Q0DI48	100.000	329	329	329
Q96C11	Q96C11	100.000	551	551	551
Q96C11	P53583	25.700	498	551	542
Q96C11	Q4J7A3	21.400	555	551	497
Q9W0W6	Q9W0W6	100.000	309	309	309
A0A1D8PJ72	A0A1D8PJ72	100.000	915	915	915
P60985	P60985	100.000	99	99	99
P76143	P76143	100.000	291	291	291
Q08926	Q08926	100.000	304	304	304
Q10573	Q10573	100.000	1139	1139	1139
Q86V21	Q86V21	100.000	672	672	672
Q86V21	Q8XBV3	19.600	569	672	536
Q8L7W1	Q8L7W1	100.000	678	678	678
Q8L7W1	O25170	25.300	264	678	623
O15263	O15263	100.000	64	64	64
P0CB66	P0CB66	100.000	1420	1420	1420
P0CB66	Q9SR02	26.400	574	1420	1703
Q0VCL6	Q0VCL6	100.000	420	420	420
Q8BGV9	Q8BGV9	100.000	474	474	474
Q5RKZ7	Q5RKZ7	100.000	636	636	636
Q8IWG1	Q8IWG1	100.000	891	891	891
Q8IWG1	Q9GZS0	23.000	699	891	605
Q8IWG1	Q0III3	26.300	171	891	612
Q8IWG1	Q96EX3	25.500	98	891	536
Q92733	Q92733	100.000	491	491	491
Q96AB6	Q96AB6	100.000	310	310	310
Q9BSB4	Q9BSB4	100.000	218	218	218
Q9BSB4	F4K265	23.400	132	218	215
Q9BSB4	O13978	26.600	169	218	184
Q9NXW9	Q9NXW9	100.000	302	302	302
A4RAE9	A4RAE9	100.000	465	465	465
O60093	O60093	100.000	251	251	251
O60093	Q06688	24.200	161	251	274
O60093	Q8GWZ6	26.900	156	251	275
P14200	P14200	100.000	165	165	165
P38887	P38887	100.000	602	602	602
F8VPN2	F8VPN2	100.000	2785	2785	2785
F4KF27	F4KF27	100.000	211	211	211
O13297	O13297	100.000	549	549	549
O13297	O93803	27.400	342	549	520
P0A9A9	P0A9A9	100.000	148	148	148
P15254	P15254	100.000	1295	1295	1295
P15254	Q9UX24	23.300	763	1295	709
Q01519	Q01519	100.000	83	83	83
Q10411	Q10411	100.000	1957	1957	1957
Q10411	Q13439	21.300	1178	1957	2230
Q10411	O96133	21.800	1224	1957	1979
Q10411	O96133	21.800	1224	1957	1979
Q10411	P32380	21.700	722	1957	944
Q10411	O74424	21.400	1051	1957	1837
Q10411	Q9Z221	23.000	724	1957	971
Q10411	Q8I659	21.100	638	1957	1383
Q10411	Q5T9S5	22.000	721	1957	1454
Q10411	Q15431	25.700	284	1957	976
Q69ZB8	Q69ZB8	100.000	1166	1166	1166
Q8TSY2	Q8TSY2	100.000	188	188	188
Q8TSY2	Q56582	24.500	114	188	256
Q96AT1	Q96AT1	100.000	154	154	154
Q5HJR8	Q5HJR8	100.000	745	745	745
Q6UW63	Q6UW63	100.000	502	502	502
Q86V25	Q86V25	100.000	355	355	355
Q8BND4	Q8BND4	100.000	861	861	861
Q924T3	Q924T3	100.000	326	326	326
Q9UM22	Q9UM22	100.000	224	224	224
A2AKK5	A2AKK5	100.000	416	416	416
O15255	O15255	100.000	209	209	209
O34904	O34904	100.000	55	55	55
O42893	O42893	100.000	735	735	735
O42893	Q9JLT2	29.300	433	735	576
P11065	P11065	100.000	203	203	203
P27487	P27487	100.000	766	766	766
P27487	Q9P778	23.500	246	766	683
P39914	P39914	100.000	108	108	108
P41046	P41046	100.000	550	550	550
P53270	P53270	100.000	476	476	476
D3Z752	D3Z752	100.000	116	116	116
O04921	O04921	100.000	512	512	512
O94353	O94353	100.000	115	115	115
P23762	P23762	100.000	488	488	488
P23762	Q9HBL8	29.100	151	488	299
Q2R1V8	Q2R1V8	100.000	371	371	371
Q2R1V8	Q9LH76	26.500	331	371	664
Q2R1V8	P67911	21.900	291	371	310
Q2R1V8	P23591	21.300	272	371	321
Q2R1V8	P04397	20.100	362	371	699
Q9FNC9	Q9FNC9	100.000	99	99	99
Q9FNC9	Q9CPQ3	31.900	72	99	142
Q9H379	Q9H379	100.000	93	93	93
Q9LIQ9	Q9LIQ9	100.000	714	714	714
Q9SHV7	Q9SHV7	100.000	935	935	935
Q9V427	Q9V427	100.000	367	367	367
Q9V427	Q9VR82	29.600	385	367	481
Q9V427	O61787	26.200	274	367	372
Q9V427	O62136	24.200	330	367	434
Q97VP5	Q97VP5	100.000	240	240	240
Q9CTN5	Q9CTN5	100.000	574	574	574
Q9NP62	Q9NP62	100.000	436	436	436
Q9Y284	Q9Y284	100.000	106	106	106
Q9Y5N6	Q9Y5N6	100.000	252	252	252
Q496Z9	Q496Z9	100.000	723	723	723
Q496Z9	Q4J947	24.200	453	723	382
Q496Z9	Q9P804	26.600	296	723	548
Q6NXT2	Q6NXT2	100.000	135	135	135
Q6NXT2	Q561R1	32.700	55	135	518
Q6PI73	Q6PI73	100.000	481	481	481
Q8BMG7	Q8BMG7	100.000	1366	1366	1366
Q8BMG7	Q9VKB9	28.500	1351	1366	1341
Q8BMG7	Q22670	23.400	899	1366	1307
Q9CYV5	Q9CYV5	100.000	458	458	458
P0CX18	P0CX18	100.000	203	203	203
P13267	P13267	100.000	1437	1437	1437
P40458	P40458	100.000	529	529	529
P53063	P53063	100.000	387	387	387
P53063	O13836	29.900	307	387	352
P53063	O77932	26.300	300	387	396
P54790	P54790	100.000	616	616	616
P54790	Q10067	28.200	152	616	690
P36112	P36112	100.000	540	540	540
P39647	P39647	100.000	299	299	299
P39647	P0A9F5	28.700	240	299	324
P39647	P20668	25.100	239	299	300
P39647	P03030	25.600	277	299	311
P45913	P45913	100.000	309	309	309
P53064	P53064	100.000	558	558	558
P62875	P62875	100.000	67	67	67
Q9FME5	Q9FME5	100.000	204	204	204
Q9FME5	Q9FJ13	24.800	209	204	663
Q9LVE4	Q9LVE4	100.000	756	756	756
Q9LVE4	Q06538	22.700	663	756	782
Q9LVE4	Q09766	23.200	714	756	871
Q9LVE4	O43022	23.200	667	756	865
Q9LVE4	Q6NP91	19.600	559	756	760
A0A1B0GVH6	A0A1B0GVH6	100.000	325	325	325
O31717	O31717	100.000	303	303	303
O88942	O88942	100.000	717	717	717
Q15546	Q15546	100.000	238	238	238
Q4V8I2	Q4V8I2	100.000	554	554	554
Q4V8I2	Q9LUR0	25.600	592	554	683
Q5W111	Q5W111	100.000	196	196	196
Q6AYT3	Q6AYT3	100.000	505	505	505
Q86U37	Q86U37	100.000	167	167	167
O31487	O31487	100.000	569	569	569
P29107	P29107	100.000	331	331	331
P54465	P54465	100.000	437	437	437
Q14CZ0	Q14CZ0	100.000	275	275	275
Q5T8I9	Q5T8I9	100.000	393	393	393
Q9BY10	Q9BY10	100.000	475	475	475
Q9BY10	A1Z7R6	23.600	423	475	519
A8MW99	A8MW99	100.000	385	385	385
O94731	O94731	100.000	658	658	658
O94731	O74748	26.500	621	658	618
O94731	Q9Y2L5	19.500	646	658	1435
O94731	P46944	25.100	326	658	698
Q9LJL4	Q9LJL4	100.000	330	330	330
Q9LJL4	Q80UN9	28.800	367	330	467
O08856	O08856	100.000	602	602	602
O14269	O14269	100.000	551	551	551
O43679	O43679	100.000	373	373	373
O88741	O88741	100.000	358	358	358
P09193	P09193	100.000	460	460	460
P09193	Q0P3P8	22.800	473	460	454
P27951	P27951	100.000	1164	1164	1164
P27951	Q8IIG7	23.600	275	1164	1070
Q5AJF7	Q5AJF7	100.000	165	165	165
Q5TH74	Q5TH74	100.000	334	334	334
Q5TH74	Q8N412	25.900	204	334	459
Q5TH74	Q9DAG5	37.300	75	334	247
Q6NUP7	Q6NUP7	100.000	873	873	873
Q6NUP7	Q38951	31.100	122	873	587
Q8CDF7	Q8CDF7	100.000	570	570	570
Q8CDF7	Q17902	40.200	67	570	574
Q8WUW1	Q8WUW1	100.000	75	75	75
Q9H0R4	Q9H0R4	100.000	259	259	259
Q9H0R4	P60487	29.200	236	259	292
Q9H0R4	O13899	29.700	94	259	595
Q9QUJ0	Q9QUJ0	100.000	79	79	79
Q9URY2	Q9URY2	100.000	474	474	474
Q9URY2	Q08581	23.900	184	474	821
Q9VRM7	Q9VRM7	100.000	543	543	543
Q9VRM7	Q9VYQ5	29.500	176	543	536
Q9VRM7	Q9VUF8	23.500	217	543	540
O13753	O13753	100.000	343	343	343
Q9DB54	Q9DB54	100.000	251	251	251
Q9M879	Q9M879	100.000	396	396	396
L7N653	L7N653	100.000	406	406	406
L7N653	I6Y4D2	25.500	215	406	241
L7N653	A1A6M1	27.900	179	406	387
O74354	O74354	100.000	599	599	599
P01031	P01031	100.000	1676	1676	1676
Q9Z1L1	Q9Z1L1	100.000	211	211	211
Q9Z1L1	Q91Y55	28.900	169	211	235
Q9Z1L1	Q9ET43	26.300	197	211	244
A8IB22	A8IB22	100.000	270	270	270
A8IB22	A0A087WRI3	24.900	253	270	283
F4JTS8	F4JTS8	100.000	2729	2729	2729
F4JTS8	Q9JLC8	29.000	131	2729	4582
Q9SIU6	Q9SIU6	100.000	101	101	101
Q9SZ83	Q9SZ83	100.000	362	362	362
Q9SZ83	O05389	27.900	143	362	341
Q9SZ83	Q04869	29.000	162	362	349
P39689	P39689	100.000	159	159	159
P40163	P40163	100.000	203	203	203
P41958	P41958	100.000	280	280	280
P51642	P51642	100.000	198	198	198
P53330	P53330	100.000	157	157	157
Q9VM71	Q9VM71	100.000	908	908	908
T1NXB5	T1NXB5	100.000	319	319	319
O76906	O76906	100.000	982	982	982
P36140	P36140	100.000	101	101	101
P38283	P38283	100.000	698	698	698
Q8CB19	Q8CB19	100.000	747	747	747
O14234	O14234	100.000	1854	1854	1854
O14234	Q8IZF0	22.900	1508	1854	1738
O14234	Q9Z0Y8	21.400	625	1854	2201
O14234	Q94KI8	21.800	669	1854	733
O14234	Q7RTX7	25.000	200	1854	472
P59017	P59017	100.000	434	434	434
Q16552	Q16552	100.000	155	155	155
Q680P8	Q680P8	100.000	56	56	56
P39758	P39758	100.000	92	92	92
P40893	P40893	100.000	198	198	198
P56119	P56119	100.000	263	263	263
P56119	Q9P7R0	27.400	284	263	1573
Q03825	Q03825	100.000	758	758	758
Q13889	Q13889	100.000	308	308	308
Q13889	Q12004	30.500	318	308	338
Q08096	Q08096	100.000	367	367	367
Q08096	Q9D7H3	23.300	356	367	366
Q4F883	Q4F883	100.000	537	537	537
Q9S845	Q9S845	100.000	372	372	372
Q9S845	Q968A5	24.100	240	372	363
Q9Z1P6	Q9Z1P6	100.000	113	113	113
A6QES8	A6QES8	100.000	124	124	124
Q17RM4	Q17RM4	100.000	750	750	750
Q6BCL1	Q6BCL1	100.000	675	675	675
Q7Z7L7	Q7Z7L7	100.000	766	766	766
Q7Z7L7	Q9C0D3	28.300	770	766	744
Q9C0D2	Q9C0D2	100.000	2601	2601	2601
P39990	P39990	100.000	126	126	126
P39990	Q9QX72	30.000	90	126	846
Q9M1Y3	Q9M1Y3	100.000	611	611	611
G5EDM7	G5EDM7	100.000	627	627	627
P0AG86	P0AG86	100.000	155	155	155
P27158	P27158	100.000	121	121	121
P29029	P29029	100.000	562	562	562
P68371	P68371	100.000	445	445	445
P9WNH1	P9WNH1	100.000	262	262	262
Q05919	Q05919	100.000	439	439	439
Q14512	Q14512	100.000	234	234	234
Q14512	Q9BYJ0	23.600	207	234	223
Q20574	Q20574	100.000	299	299	299
P15261	P15261	100.000	477	477	477
P15261	Q08334	23.700	232	477	325
P38348	P38348	100.000	480	480	480
P60022	P60022	100.000	68	68	68
P75470	P75470	100.000	357	357	357
P75470	F4JZY1	25.900	181	357	1586
Q02554	Q02554	100.000	436	436	436
Q13868	Q13868	100.000	293	293	293
Q3UGY8	Q3UGY8	100.000	2170	2170	2170
Q9H5U6	Q9H5U6	100.000	513	513	513
I6V1W0	I6V1W0	100.000	612	612	612
O94668	O94668	100.000	388	388	388
O82245	O82245	100.000	196	196	196
O82245	P50637	30.700	140	196	169
P0C7T8	P0C7T8	100.000	217	217	217
P29683	P29683	100.000	545	545	545
P21946	P21946	100.000	293	293	293
Q9JJ94	Q9JJ94	100.000	119	119	119
Q02L47	Q02L47	100.000	162	162	162
Q06639	Q06639	100.000	885	885	885
Q16795	Q16795	100.000	377	377	377
Q5VXH4	Q5VXH4	100.000	476	476	476
Q72JS7	Q72JS7	100.000	437	437	437
Q72JS7	P36938	23.200	499	437	546
Q72JS7	O74374	25.300	300	437	554
Q72JS7	P75050	23.500	335	437	554
O35671	O35671	100.000	200	200	200
O54918	O54918	100.000	196	196	196
O93774	O93774	100.000	125	125	125
P02810	P02810	100.000	166	166	166
P05059	P05059	100.000	449	449	449
P61460	P61460	100.000	1591	1591	1591
Q56582	Q56582	100.000	256	256	256
Q56582	Q8TSY2	24.500	114	256	188
Q5T9C2	Q5T9C2	100.000	384	384	384
Q68CL5	Q68CL5	100.000	300	300	300
Q7K3B9	Q7K3B9	100.000	305	305	305
Q86VS3	Q86VS3	100.000	1027	1027	1027
Q92535	Q92535	100.000	297	297	297
Q980B8	Q980B8	100.000	104	104	104
Q99MH9	Q99MH9	100.000	721	721	721
Q9UH90	Q9UH90	100.000	709	709	709
Q8R3L0	Q8R3L0	100.000	123	123	123
Q920S3	Q920S3	100.000	266	266	266
Q99JD4	Q99JD4	100.000	1286	1286	1286
Q99JD4	Q03609	22.600	1219	1286	983
Q9VXB0	Q9VXB0	100.000	246	246	246
F4IP69	F4IP69	100.000	838	838	838
F4IP69	Q8WU76	21.400	833	838	684
Q8R043	Q8R043	100.000	102	102	102
Q8TGN9	Q8TGN9	100.000	163	163	163
Q8VE22	Q8VE22	100.000	177	177	177
Q8VE22	P40496	39.500	43	177	264
Q91W96	Q91W96	100.000	807	807	807
Q9DB98	Q9DB98	100.000	261	261	261
Q7KTX8	Q7KTX8	100.000	2618	2618	2618
Q7KTX8	Q5SWW4	26.700	2774	2618	2171
Q7KTX8	Q93442	29.400	622	2618	2862
O74189	O74189	100.000	877	877	877
A0A1B0GV85	A0A1B0GV85	100.000	526	526	526
O74648	O74648	100.000	246	246	246
O74648	P41734	26.800	231	246	238
P0ACP3	P0ACP3	100.000	334	334	334
P0ACP3	P25144	25.100	306	334	334
P75050	P75050	100.000	554	554	554
P75050	P36938	22.500	501	554	546
P75050	O74374	23.400	401	554	554
P75050	Q72JS7	23.500	335	554	437
Q499V8	Q499V8	100.000	604	604	604
Q6NZ36	Q6NZ36	100.000	180	180	180
Q7Z2V1	Q7Z2V1	100.000	217	217	217
Q80YV3	Q80YV3	100.000	2565	2565	2565
Q80YV3	Q10064	24.700	2654	2565	3655
Q80YV3	Q9Y7K2	20.600	1369	2565	2337
Q80YV3	P97313	20.000	842	2565	4128
Q9UPM9	Q9UPM9	100.000	204	204	204
A6NK06	A6NK06	100.000	481	481	481
O94475	O94475	100.000	206	206	206
P20280	P20280	100.000	160	160	160
P34510	P34510	100.000	406	406	406
Q9C565	Q9C565	100.000	373	373	373
Q9GIP4	Q9GIP4	100.000	190	190	190
Q9GIP4	Q9C5D6	31.300	99	190	569
Q9LV90	Q9LV90	100.000	479	479	479
Q9LV90	O75955	27.300	212	479	427
Q9SU30	Q9SU30	100.000	413	413	413
Q9SU30	Q9SFC7	25.100	406	413	417
Q9SU30	Q9FVV8	22.500	342	413	392
Q9SU30	Q3E9Z8	21.500	311	413	398
A2RU67	A2RU67	100.000	622	622	622
A2RU67	Q5M7W6	26.400	537	622	552
Q8J0M4	Q8J0M4	100.000	134	134	134
Q8J0M4	O14068	36.000	86	134	124
Q8K2I2	Q8K2I2	100.000	770	770	770
Q8NBM4	Q8NBM4	100.000	344	344	344
Q8NBM4	Q9LET3	27.600	344	344	293
Q8VE62	Q8VE62	100.000	400	400	400
Q8VE62	O43310	24.000	216	400	598
Q8VE62	Q10475	23.600	211	400	1403
Q96EK4	Q96EK4	100.000	314	314	314
Q01649	Q01649	100.000	594	594	594
Q01649	Q12045	25.200	479	594	647
Q06409	Q06409	100.000	1932	1932	1932
Q06409	Q9LKX9	31.400	108	1932	867
Q5T4H9	Q5T4H9	100.000	136	136	136
Q66H71	Q66H71	100.000	312	312	312
Q6TMG5	Q6TMG5	100.000	412	412	412
O59681	O59681	100.000	342	342	342
O59681	P52697	24.900	273	342	331
P97391	P97391	100.000	137	137	137
P20880	P20880	100.000	130	130	130
Q96QS1	Q96QS1	100.000	320	320	320
Q9LPP4	Q9LPP4	100.000	128	128	128
P9WL21	P9WL21	100.000	602	602	602
Q07897	Q07897	100.000	291	291	291
Q12406	Q12406	100.000	477	477	477
Q12406	P53946	24.100	186	477	755
Q4J9A0	Q4J9A0	100.000	416	416	416
Q63HM1	Q63HM1	100.000	303	303	303
Q63HM1	Q9VMC9	26.900	293	303	300
Q63HM1	P9WK87	28.800	104	303	319
P0CZ25	P0CZ25	100.000	163	163	163
P40076	P40076	100.000	114	114	114
P47062	P47062	100.000	111	111	111
P58780	P58780	100.000	510	510	510
P58780	Q9VHH7	26.900	263	510	337
P58780	Q83RC0	24.200	198	510	333
Q10408	Q10408	100.000	1004	1004	1004
Q10408	P38163	25.200	918	1004	1010
A0A1B0GTI1	A0A1B0GTI1	100.000	187	187	187
A5PLK6	A5PLK6	100.000	1076	1076	1076
A5PLK6	G3UYX5	23.000	351	1076	1258
O74485	O74485	100.000	581	581	581
O74485	P53137	24.000	378	581	624
P08679	P08679	100.000	460	460	460
P08679	P39120	24.700	364	460	372
P25588	P25588	100.000	1096	1096	1096
P50091	P50091	100.000	288	288	288
P60059	P60059	100.000	68	68	68
P73954	P73954	100.000	110	110	110
P77627	P77627	100.000	235	235	235
Q04980	Q04980	100.000	619	619	619
P0CY02	P0CY02	100.000	43	43	43
P11684	P11684	100.000	91	91	91
P17439	P17439	100.000	515	515	515
P46996	P46996	100.000	555	555	555
P46996	O13714	18.900	496	555	644
P74126	P74126	100.000	562	562	562
G5ED29	G5ED29	100.000	959	959	959
G5ED29	Q8SWR8	28.000	214	959	1084
P47128	P47128	100.000	113	113	113
P52918	P52918	100.000	1224	1224	1224
P52918	O14116	25.000	1223	1224	1234
P52918	Q9HAV4	21.900	1091	1224	1204
P12868	P12868	100.000	1029	1029	1029
P12868	Q91W86	23.000	1040	1029	941
P12868	Q9P6N4	21.100	872	1029	906
P12868	Q09600	19.700	492	1029	980
P12868	P87295	23.800	176	1029	847
Q14249	Q14249	100.000	297	297	297
O09111	O09111	100.000	151	151	151
O74535	O74535	100.000	710	710	710
P36527	P36527	100.000	147	147	147
P47090	P47090	100.000	510	510	510
Q6I9Y2	Q6I9Y2	100.000	204	204	204
P40574	P40574	100.000	245	245	245
P47108	P47108	100.000	1174	1174	1174
Q03400	Q03400	100.000	585	585	585
Q03400	Q03400	100.000	585	585	585
Q06324	Q06324	100.000	491	491	491
Q09161	Q09161	100.000	790	790	790
Q09161	Q9SIU2	28.000	760	790	848
Q09161	O14253	21.700	624	790	780
Q09161	P34160	22.100	330	790	861
Q386N1	Q386N1	100.000	709	709	709
Q386N1	Q8BRC6	27.400	619	709	783
P03282	P03282	100.000	140	140	140
Q944B6	Q944B6	100.000	640	640	640
Q944B6	P20049	23.100	264	640	452
Q9FGB8	Q9FGB8	100.000	355	355	355
Q9LVK2	Q9LVK2	100.000	357	357	357
Q9LHE5	Q9LHE5	100.000	309	309	309
Q9LHE5	P23644	25.000	336	309	387
Q9LHE5	Q18090	24.600	321	309	301
Q9LVZ7	Q9LVZ7	100.000	301	301	301
Q9R0D8	Q9R0D8	100.000	334	334	334
Q9Y0C9	Q9Y0C9	100.000	838	838	838
A2A7Y5	A2A7Y5	100.000	387	387	387
Q9USP1	Q9USP1	100.000	361	361	361
Q9USP1	Q02884	26.400	405	361	456
Q9USP1	Q9ER73	26.000	376	361	422
Q9USP1	Q9C778	24.200	354	361	355
B2RX88	B2RX88	100.000	1205	1205	1205
O35980	O35980	100.000	300	300	300
O35980	Q4J8R2	23.100	220	300	223
O35980	Q99P21	22.300	215	300	515
O74986	O74986	100.000	294	294	294
P05651	P05651	100.000	370	370	370
P38291	P38291	100.000	140	140	140
P39145	P39145	100.000	463	463	463
P49006	P49006	100.000	195	195	195
P50456	P50456	100.000	406	406	406
P50456	O35826	25.800	255	406	722
P50456	P45425	26.200	244	406	291
P58938	P58938	100.000	1508	1508	1508
O08692	O08692	100.000	167	167	167
O82264	O82264	100.000	413	413	413
P32806	P32806	100.000	458	458	458
P32806	Q80XQ2	25.100	227	458	815
P32806	Q9NU19	23.700	181	458	505
Q09609	Q09609	100.000	770	770	770
Q8NHQ8	Q8NHQ8	100.000	419	419	419
Q9CQE2	Q9CQE2	100.000	199	199	199
Q9UT42	Q9UT42	100.000	624	624	624
P0AAU3	P0AAU3	100.000	68	68	68
P24482	P24482	100.000	689	689	689
P24482	Q9VRQ7	26.800	417	689	525
P9WN95	P9WN95	100.000	379	379	379
P53276	P53276	100.000	713	713	713
P9WFM7	P9WFM7	100.000	80	80	80
P9WLN7	P9WLN7	100.000	537	537	537
Q07454	Q07454	100.000	984	984	984
Q3ZCQ3	Q3ZCQ3	100.000	159	159	159
Q3ZCQ3	Q8TBP5	34.700	72	159	190
Q9D1E4	Q9D1E4	100.000	142	142	142
Q9D6J5	Q9D6J5	100.000	186	186	186
Q9HU05	Q9HU05	100.000	185	185	185
Q9NU22	Q9NU22	100.000	5596	5596	5596
Q9NU22	A3KMH1	20.300	748	5596	1905
Q9NU22	Q8BW94	22.800	403	5596	4083
Q9NU22	Q9JJ79	23.800	390	5596	4306
O34647	O34647	100.000	112	112	112
Q9DCF1	Q9DCF1	100.000	365	365	365
Q9JM93	Q9JM93	100.000	229	229	229
Q9NXF7	Q9NXF7	100.000	216	216	216
Q9UHA2	Q9UHA2	100.000	77	77	77
Q9UX97	Q9UX97	100.000	138	138	138
P37538	P37538	100.000	109	109	109
P38200	P38200	100.000	338	338	338
P38687	P38687	100.000	599	599	599
P38687	Q1ZXE8	20.700	584	599	614
P40505	P40505	100.000	327	327	327
P47040	P47040	100.000	408	408	408
P53917	P53917	100.000	953	953	953
P53917	O13665	21.100	772	953	817
P53917	Q803T2	24.000	304	953	813
Q4J9C4	Q4J9C4	100.000	549	549	549
Q4J9C4	P28668	24.100	340	549	1714
Q810U5	Q810U5	100.000	305	305	305
Q8CB62	Q8CB62	100.000	887	887	887
Q8RWU7	Q8RWU7	100.000	303	303	303
P0DJF3	P0DJF3	100.000	176	176	176
P38866	P38866	100.000	432	432	432
P38866	Q9SVQ1	26.900	204	432	415
P38866	P50736	23.400	209	432	324
Q08213	Q08213	100.000	363	363	363
Q8L7T9	Q8L7T9	100.000	286	286	286
Q9CQ71	Q9CQ71	100.000	121	121	121
B6SXF8	B6SXF8	100.000	93	93	93
E5RJ46	E5RJ46	100.000	101	101	101
F4JRP8	F4JRP8	100.000	857	857	857
O94433	O94433	100.000	172	172	172
P13232	P13232	100.000	177	177	177
P46951	P46951	100.000	817	817	817
P46951	O94441	33.500	143	817	862
P59740	P59740	100.000	302	302	302
P96615	P96615	100.000	159	159	159
Q02223	Q02223	100.000	184	184	184
Q03703	Q03703	100.000	340	340	340
P40456	P40456	100.000	1118	1118	1118
Q06668	Q06668	100.000	471	471	471
Q06668	O94628	27.500	138	471	284
Q06668	Q9DD20	27.300	128	471	244
Q17353	Q17353	100.000	1379	1379	1379
Q6UXV1	Q6UXV1	100.000	221	221	221
Q6UXV1	A6PWV3	26.400	159	221	263
Q6UXV1	Q8IYV9	20.500	146	221	350
Q86WS4	Q86WS4	100.000	652	652	652
Q8TAP8	Q8TAP8	100.000	253	253	253
Q8WUY9	Q8WUY9	100.000	529	529	529
Q8WUY9	Q96QD5	25.000	512	529	511
Q9H490	Q9H490	100.000	435	435	435
Q9U213	Q9U213	100.000	425	425	425
Q9VKK1	Q9VKK1	100.000	1354	1354	1354
Q9VKK1	Q9LTT9	21.800	379	1354	1340
Q12219	Q12219	100.000	294	294	294
Q17R55	Q17R55	100.000	369	369	369
Q5H8A4	Q5H8A4	100.000	983	983	983
Q5H8A4	P36051	23.200	391	983	919
Q80XQ2	Q80XQ2	100.000	815	815	815
Q80XQ2	Q9NU19	24.500	236	815	505
Q80XQ2	P32806	26.000	253	815	458
Q8J025	Q8J025	100.000	514	514	514
Q96RR1	Q96RR1	100.000	684	684	684
Q9ULZ2	Q9ULZ2	100.000	295	295	295
Q9VNS0	Q9VNS0	100.000	459	459	459
Q9VNS0	Q96JY0	19.900	211	459	434
C6KSQ6	C6KSQ6	100.000	2236	2236	2236
C6KSQ6	Q8IBP1	32.100	174	2236	3459
C6KSQ6	Q8ILR9	31.400	210	2236	4662
P38093	P38093	100.000	719	719	719
P38093	Q09777	28.300	477	719	481
P38093	P11972	24.000	550	719	698
P41543	P41543	100.000	476	476	476
P41543	Q9GZH4	23.300	450	476	586
Q92377	Q92377	100.000	273	273	273
Q92377	A5DAR4	26.600	356	273	362
Q92377	Q92328	28.600	297	273	271
Q9FMN1	Q9FMN1	100.000	751	751	751
Q9FMN1	Q9LVQ4	27.200	577	751	649
Q9US41	Q9US41	100.000	439	439	439
Q9US41	Q9FN89	28.900	138	439	509
O34486	O34486	100.000	513	513	513
P75426	P75426	100.000	620	620	620
Q5AJ77	Q5AJ77	100.000	596	596	596
Q6NUF4	Q6NUF4	100.000	716	716	716
Q8NA69	Q8NA69	100.000	505	505	505
Q9QZR0	Q9QZR0	100.000	456	456	456
Q24118	Q24118	100.000	915	915	915
Q24118	A4D1B5	21.100	899	915	854
Q5HGK9	Q5HGK9	100.000	62	62	62
Q5JTB6	Q5JTB6	100.000	97	97	97
Q5SZB4	Q5SZB4	100.000	431	431	431
Q6IMH0	Q6IMH0	100.000	216	216	216
P38130	P38130	100.000	404	404	404
P38130	Q9P4X2	25.700	311	404	298
Q09871	Q09871	100.000	412	412	412
Q20762	Q20762	100.000	1423	1423	1423
P48239	P48239	100.000	356	356	356
Q3E7C1	Q3E7C1	100.000	72	72	72
Q3E7C1	Q6ZYL4	28.700	66	72	71
Q9VEX0	Q9VEX0	100.000	1114	1114	1114
Q9VEX0	Q6UWY0	24.100	402	1114	536
Q9VEX0	P15289	26.700	389	1114	507
O14109	O14109	100.000	238	238	238
O94628	O94628	100.000	284	284	284
O94628	Q06668	27.800	122	284	471
O94628	P38892	24.300	115	284	291
O94628	Q9DD20	22.600	106	284	244
P56389	P56389	100.000	146	146	146
Q09199	Q09199	100.000	510	510	510
P13707	P13707	100.000	349	349	349
P38180	P38180	100.000	368	368	368
P40029	P40029	100.000	184	184	184
P53886	P53886	100.000	1748	1748	1748
P53886	Q9H1A4	25.600	1105	1748	1944
Q3TLS3	Q3TLS3	100.000	386	386	386
P0ADS5	P0ADS5	100.000	109	109	109
P0AG73	P0AG73	100.000	475	475	475
P20438	P20438	100.000	545	545	545
P35194	P35194	100.000	2493	2493	2493
P35194	O60055	28.800	2576	2493	2493
P35194	O75691	22.600	2800	2493	2785
Q6A000	Q6A000	100.000	959	959	959
Q6UXU0	Q6UXU0	100.000	137	137	137
Q7Z5G4	Q7Z5G4	100.000	137	137	137
Q8BJS8	Q8BJS8	100.000	894	894	894
Q9NY27	Q9NY27	100.000	417	417	417
Q9W413	Q9W413	100.000	544	544	544
Q9W413	O15091	27.500	520	544	583
Q10E49	Q10E49	100.000	281	281	281
Q96703	Q96703	100.000	129	129	129
Q9CWG8	Q9CWG8	100.000	436	436	436
Q9SD53	Q9SD53	100.000	476	476	476
A1Z9A8	A1Z9A8	100.000	652	652	652
A1Z9A8	Q0WLC6	27.500	167	652	1089
A1Z9A8	Q9FRS4	26.000	150	652	559
Q0P5X5	Q0P5X5	100.000	716	716	716
Q22560	Q22560	100.000	524	524	524
Q561R1	Q561R1	100.000	518	518	518
Q5HYC2	Q5HYC2	100.000	2103	2103	2103
Q8N112	Q8N112	100.000	164	164	164
Q83SQ0	Q83SQ0	100.000	784	784	784
Q8N688	Q8N688	100.000	67	67	67
Q8N688	Q30KQ4	40.200	67	67	102
Q8N688	Q9BYW3	36.600	60	67	111
Q8ND83	Q8ND83	100.000	568	568	568
Q8Y9N9	Q8Y9N9	100.000	56	56	56
Q91Y55	Q91Y55	100.000	235	235	235
Q91Y55	Q9Z1L1	28.900	169	235	211
Q7TSI3	Q7TSI3	100.000	856	856	856
Q7TSI3	P43612	28.400	102	856	1002
Q8TGR9	Q8TGR9	100.000	32	32	32
Q91WD4	Q91WD4	100.000	421	421	421
Q9NSP4	Q9NSP4	100.000	180	180	180
Q9Y5L0	Q9Y5L0	100.000	923	923	923
Q9Y5L0	O94829	23.000	970	923	963
Q9Y5L0	Q99189	24.500	881	923	972
Q9Y5L0	Q09796	20.800	586	923	990
P14063	P14063	100.000	131	131	131
P33379	P33379	100.000	639	639	639
P38288	P38288	100.000	455	455	455
P48997	P48997	100.000	467	467	467
P53244	P53244	100.000	586	586	586
O14255	O14255	100.000	808	808	808
O14255	Q04336	29.500	193	808	1088
P51419	P51419	100.000	135	135	135
P82538	P82538	100.000	230	230	230
P82538	P82715	21.200	226	230	297
P82538	O49292	23.800	151	230	260
Q06201	Q06201	100.000	188	188	188
Q0KK56	Q0KK56	100.000	942	942	942
P39904	P39904	100.000	641	641	641
P39904	Q9FVV6	22.900	510	641	701
P47818	P47818	100.000	322	322	322
P47818	Q9LSF6	28.900	83	322	219
P53267	P53267	100.000	343	343	343
P53946	P53946	100.000	755	755	755
P53946	Q12406	24.100	186	755	477
Q02205	Q02205	100.000	184	184	184
D4ABY2	D4ABY2	100.000	715	715	715
D4ABY2	O81742	18.300	545	715	893
D4ABY2	Q80V94	18.000	543	715	1122
O94653	O94653	100.000	1121	1121	1121
O94653	O13956	27.500	240	1121	783
P25346	P25346	100.000	518	518	518
P25346	P39932	21.800	495	518	569
P25346	Q9P6J7	27.800	176	518	519
P36117	P36117	100.000	915	915	915
P48428	P48428	100.000	108	108	108
P48428	P48606	29.600	91	108	106
P0ADC5	P0ADC5	100.000	399	399	399
P0ADC5	O53900	24.100	394	399	855
P26292	P26292	100.000	180	180	180
P37277	P37277	100.000	157	157	157
P42175	P42175	100.000	1228	1228	1228
P42175	P20099	23.900	234	1228	777
Q55119	Q55119	100.000	187	187	187
Q5GAN3	Q5GAN3	100.000	156	156	156
Q8BKN5	Q8BKN5	100.000	1024	1024	1024
Q8BKN5	P58854	24.900	285	1024	905
Q8BKN5	Q9VKU7	21.500	320	1024	650
Q8BKN5	Q9C5H9	22.000	281	1024	678
Q8BKN5	Q9UGJ1	19.700	289	1024	667
P92982	P92982	100.000	622	622	622
P92982	Q9XI99	28.600	227	622	280
A0A1B0GVH7	A0A1B0GVH7	100.000	501	501	501
O74161	O74161	100.000	562	562	562
P53878	P53878	100.000	407	407	407
P53878	P34251	24.300	152	407	309
P74433	P74433	100.000	333	333	333
P97494	P97494	100.000	637	637	637
Q12071	Q12071	100.000	889	889	889
Q12071	O14093	21.000	552	889	949
Q12071	F4JT76	20.700	569	889	1034
Q12071	Q9VLC0	26.800	82	889	940
Q3E841	Q3E841	100.000	98	98	98
P9WLK5	P9WLK5	100.000	146	146	146
P9WQH7	P9WQH7	100.000	548	548	548
Q0P8U6	Q0P8U6	100.000	232	232	232
Q0P8U6	P04951	25.000	128	232	248
Q3V3Q7	Q3V3Q7	100.000	862	862	862
Q8T0D4	Q8T0D4	100.000	299	299	299
Q04597	Q04597	100.000	100	100	100
Q27YU7	Q27YU7	100.000	527	527	527
O09172	O09172	100.000	274	274	274
O09172	O94246	33.300	123	274	287
P0ACL4	P0ACL4	100.000	258	258	258
P0ACL4	P0ACL8	26.900	234	258	258
P40095	P40095	100.000	573	573	573
P40095	P33304	24.400	262	573	620
Q8BUE7	Q8BUE7	100.000	656	656	656
Q8IXU6	Q8IXU6	100.000	374	374	374
Q8Y4H0	Q8Y4H0	100.000	323	323	323
Q8Y4H0	P9WF45	25.900	316	323	327
Q97WX0	Q97WX0	100.000	1045	1045	1045
P79324	P79324	100.000	153	153	153
P35208	P35208	100.000	640	640	640
P40354	P40354	100.000	457	457	457
P61216	P61216	100.000	124	124	124
P61216	P06844	26.900	89	124	337
P70202	P70202	100.000	222	222	222
Q02040	Q02040	100.000	695	695	695
P70949	P70949	100.000	102	102	102
P96374	P96374	100.000	319	319	319
P9WN47	P9WN47	100.000	321	321	321
Q12453	Q12453	100.000	761	761	761
Q12453	Q9EQC5	23.400	545	761	806
Q12453	O13733	24.900	546	761	637
Q8CBR1	Q8CBR1	100.000	537	537	537
Q3E747	Q3E747	100.000	85	85	85
Q3MHS2	Q3MHS2	100.000	370	370	370
Q3UMW8	Q3UMW8	100.000	341	341	341
Q5TBE3	Q5TBE3	100.000	101	101	101
Q62052	Q62052	100.000	833	833	833
Q62052	Q10SY9	23.800	449	833	472
Q59X11	Q59X11	100.000	1856	1856	1856
Q59X11	P53855	25.000	1926	1856	1592
Q59X11	O94649	24.300	658	1856	1646
Q59X11	Q6P4T0	29.600	300	1856	1914
Q7MP86	Q7MP86	100.000	268	268	268
Q86Y37	Q86Y37	100.000	369	369	369
Q8INR6	Q8INR6	100.000	1848	1848	1848
Q8INR6	Q04089	26.300	307	1848	582
Q96ES7	Q96ES7	100.000	293	293	293
Q9SRR1	Q9SRR1	100.000	395	395	395
Q9SRR1	Q9QZN1	25.400	373	395	701
Q9SRR1	Q9H469	22.500	266	395	300
Q9SRR1	P24814	25.700	237	395	1151
Q9SRR1	Q9SDA8	22.900	218	395	656
Q9SRR1	Q09299	23.600	207	395	738
Q9SRR1	Q9M096	27.400	113	395	301
E9Q137	E9Q137	100.000	309	309	309
O74428	O74428	100.000	451	451	451
P08019	P08019	100.000	549	549	549
P38851	P38851	100.000	1228	1228	1228
P38851	O13818	20.400	1045	1228	1213
Q13442	Q13442	100.000	181	181	181
Q15393	Q15393	100.000	1217	1217	1217
Q15393	Q04693	24.900	1382	1217	1361
Q15393	Q9M0V3	22.000	1242	1217	1088
Q15393	Q9EPU4	20.000	665	1217	1441
Q6IN84	Q6IN84	100.000	353	353	353
Q6IN84	P63180	29.600	229	353	243
Q6IN84	Q07527	20.700	164	353	1436
Q6IN84	Q9VW14	22.500	173	353	407
Q6RFH4	Q6RFH4	100.000	181	181	181
Q6RFH4	Q5JQS6	29.200	106	181	135
Q7Z601	Q7Z601	100.000	462	462	462
Q7Z601	Q11082	22.100	320	462	434
P53227	P53227	100.000	271	271	271
P53227	O74939	29.700	84	271	715
Q5M755	Q5M755	100.000	273	273	273
Q5M755	Q9LW57	26.300	201	273	284
Q5M755	O49629	24.500	224	273	310
Q5M755	O81304	25.000	188	273	212
Q5M755	Q941D3	24.200	161	273	239
Q5M755	P32522	27.500	145	273	965
Q9FG31	Q9FG31	100.000	158	158	158
Q9FMH6	Q9FMH6	100.000	155	155	155
Q9LT23	Q9LT23	100.000	337	337	337
P0CG96	P0CG96	100.000	100	100	100
P19466	P19466	100.000	75	75	75
P21268	P21268	100.000	830	830	830
P37808	P37808	100.000	502	502	502
P37808	P00830	25.700	447	502	511
P40422	P40422	100.000	70	70	70
B1AZI6	B1AZI6	100.000	1594	1594	1594
B1AZI6	P53552	22.400	1294	1594	1597
P14951	P14951	100.000	590	590	590
P32578	P32578	100.000	815	815	815
P38248	P38248	100.000	429	429	429
P38953	P38953	100.000	406	406	406
P38953	O75771	25.200	174	406	328
Q06325	Q06325	100.000	596	596	596
Q14129	Q14129	100.000	220	220	220
Q3T1H6	Q3T1H6	100.000	370	370	370
Q3T1H6	P47172	23.500	153	370	347
Q96HV5	Q96HV5	100.000	264	264	264
Q9FHK4	Q9FHK4	100.000	615	615	615
Q0P557	Q0P557	100.000	537	537	537
Q0P557	Q0P557	100.000	537	537	537
Q39846	Q39846	100.000	643	643	643
P06726	P06726	100.000	559	559	559
P06726	P18139	25.800	321	559	551
Q9D9F8	Q9D9F8	100.000	279	279	279
Q9FNZ5	Q9FNZ5	100.000	142	142	142
Q93YV5	Q93YV5	100.000	401	401	401
Q9C8Y4	Q9C8Y4	100.000	417	417	417
Q9FZ63	Q9FZ63	100.000	180	180	180
Q9LRW3	Q9LRW3	100.000	510	510	510
Q9LRW3	Q9LDL7	28.900	383	510	490
A0A1B0GTK4	A0A1B0GTK4	100.000	181	181	181
Q9CPQ8	Q9CPQ8	100.000	103	103	103
Q9CXL1	Q9CXL1	100.000	157	157	157
Q9CXL1	O43073	27.300	139	157	170
Q9H799	Q9H799	100.000	3197	3197	3197
P40548	P40548	100.000	159	159	159
P61583	P61583	100.000	75	75	75
Q5HIA5	Q5HIA5	100.000	210	210	210
Q5HIA5	P75293	27.800	205	210	218
Q6NXR4	Q6NXR4	100.000	508	508	508
Q7UAV7	Q7UAV7	100.000	250	250	250
Q8CHH5	Q8CHH5	100.000	1074	1074	1074
Q8CHH5	A6ZJ71	29.900	127	1074	1607
Q8VC12	Q8VC12	100.000	676	676	676
Q03823	Q03823	100.000	816	816	816
Q12098	Q12098	100.000	748	748	748
Q3K1W9	Q3K1W9	100.000	311	311	311
Q3UXZ6	Q3UXZ6	100.000	364	364	364
Q55512	Q55512	100.000	338	338	338
Q55512	P78780	28.200	351	338	357
Q55512	P0A9Q9	25.900	355	338	367
Q8WYQ5	Q8WYQ5	100.000	773	773	773
Q99K43	Q99K43	100.000	603	603	603
Q99K43	Q9HDY1	28.700	216	603	731
Q99K43	Q4PSA3	22.900	509	603	549
Q99K43	P50275	25.800	205	603	885
Q9CR27	Q9CR27	100.000	194	194	194
Q9EP53	Q9EP53	100.000	1161	1161	1161
Q9EP53	Q09778	23.000	317	1161	899
Q9NYK6	Q9NYK6	100.000	297	297	297
Q9BZV2	Q9BZV2	100.000	496	496	496
Q9H7Z7	Q9H7Z7	100.000	377	377	377
Q9U2D9	Q9U2D9	100.000	672	672	672
O49603	O49603	100.000	180	180	180
O49603	Q9FJR5	28.400	130	180	174
O49603	Q9LUV1	27.600	141	180	173
O94293	O94293	100.000	124	124	124
P0CT04	P0CT04	100.000	75	75	75
P0CT04	P0CT04	100.000	75	75	75
Q9C5H9	Q9C5H9	100.000	678	678	678
Q9C5H9	P58854	26.200	553	678	905
Q9C5H9	Q9UGJ1	22.700	615	678	667
Q9C5H9	Q9VKU7	23.800	587	678	650
Q9C5H9	P38863	22.200	611	678	823
Q9C5H9	P53540	21.400	383	678	846
Q9C5H9	Q8BKN5	22.400	254	678	1024
O13858	O13858	100.000	636	636	636
O43013	O43013	100.000	533	533	533
O60183	O60183	100.000	550	550	550
O60183	Q8BHT7	33.900	53	550	391
O94687	O94687	100.000	549	549	549
P0AFP8	P0AFP8	100.000	247	247	247
P0AFP8	Q9NK57	24.500	240	247	292
P36035	P36035	100.000	616	616	616
P9WKT1	P9WKT1	100.000	358	358	358
P9WKT1	Q96MH6	27.300	223	358	324
P9WKT1	Q9LW26	24.100	257	358	701
Q08834	Q08834	100.000	740	740	740
P03087	P03087	100.000	362	362	362
Q94KK7	Q94KK7	100.000	233	233	233
Q94KK7	Q946Y7	25.300	233	233	245
Q94KK7	Q9HGN3	33.700	86	233	225
Q9D112	Q9D112	100.000	206	206	206
Q9FL44	Q9FL44	100.000	235	235	235
Q9SIH4	Q9SIH4	100.000	206	206	206
Q9SIH4	Q9M0L3	26.900	152	206	170
Q9Z0S1	Q9Z0S1	100.000	308	308	308
Q9Z0S1	P49442	25.700	307	308	396
Q9Z0S1	P95189	24.800	266	308	260
Q9Z0S1	P22255	25.100	247	308	246
F4IGA5	F4IGA5	100.000	1285	1285	1285
F4IGA5	F1QNV4	19.700	410	1285	1136
P53053	P53053	100.000	380	380	380
Q08230	Q08230	100.000	162	162	162
Q12167	Q12167	100.000	365	365	365
Q10368	Q10368	100.000	336	336	336
Q13536	Q13536	100.000	156	156	156
Q148V7	Q148V7	100.000	1216	1216	1216
Q148V7	Q148V7	100.000	1216	1216	1216
Q5HHG4	Q5HHG4	100.000	355	355	355
Q5HHG4	P47177	29.700	343	355	404
Q5HHG4	Q01284	28.200	237	355	378
Q6AYX5	Q6AYX5	100.000	825	825	825
Q6AYX5	Q9ULJ1	27.600	594	825	636
Q6AYX5	G5EBL8	28.000	178	825	1013
Q6AYX5	Q8MSS1	21.400	601	825	2779
Q03088	Q03088	100.000	825	825	825
Q03088	Q9Y7P6	22.800	355	825	574
Q07836	Q07836	100.000	142	142	142
Q08919	Q08919	100.000	783	783	783
Q08919	Q58DX5	21.900	264	783	795
Q3UY34	Q3UY34	100.000	256	256	256
Q4JC68	Q4JC68	100.000	551	551	551
Q4JC68	Q9W484	22.400	709	551	985
Q4JC68	A5DNW6	22.000	490	551	825
Q4JC68	Q5SXJ3	20.500	629	551	1174
Q4JC68	O08811	21.500	658	551	760
Q23495	Q23495	100.000	1650	1650	1650
Q23495	Q9H583	22.500	1146	1650	2144
Q23495	Q9VM75	19.600	1035	1650	2096
Q23495	Q9C8Z4	25.700	392	1650	2197
Q23495	P42945	20.600	1057	1650	1769
Q23495	A4QTQ9	29.700	202	1650	1796
Q23495	O60179	23.300	312	1650	1649
Q8N9Y4	Q8N9Y4	100.000	354	354	354
Q91YN0	Q91YN0	100.000	552	552	552
Q9CX66	Q9CX66	100.000	185	185	185
Q9JHS3	Q9JHS3	100.000	125	125	125
Q9JHS3	Q9Y7J2	22.700	154	125	160
Q6PFX2	Q6PFX2	100.000	281	281	281
Q6YGZ1	Q6YGZ1	100.000	535	535	535
Q8CE13	Q8CE13	100.000	565	565	565
Q8N7P7	Q8N7P7	100.000	452	452	452
Q8TB73	Q8TB73	100.000	568	568	568
Q8TB73	Q9W192	22.500	315	568	587
Q9CY16	Q9CY16	100.000	186	186	186
Q9DB91	Q9DB91	100.000	199	199	199
Q9H0R1	Q9H0R1	100.000	490	490	490
Q9H0R1	P38700	24.600	215	490	605
Q9R1T1	Q9R1T1	100.000	89	89	89
Q9VE11	Q9VE11	100.000	200	200	200
O22126	O22126	100.000	420	420	420
P22858	P22858	100.000	175	175	175
P35731	P35731	100.000	278	278	278
Q10M12	Q10M12	100.000	348	348	348
Q9D4Y8	Q9D4Y8	100.000	254	254	254
P49405	P49405	100.000	293	293	293
P50610	P50610	100.000	718	718	718
P56385	P56385	100.000	69	69	69
P66808	P66808	100.000	216	216	216
P66808	P9WGG5	26.100	218	216	370
P76398	P76398	100.000	1040	1040	1040
P76398	O31501	27.400	1067	1040	1052
Q9H7H0	Q9H7H0	100.000	456	456	456
P62126	P62126	100.000	123	123	123
Q1MTP1	Q1MTP1	100.000	395	395	395
D3Z8X7	D3Z8X7	100.000	922	922	922
P62341	P62341	100.000	195	195	195
O42874	O42874	100.000	1462	1462	1462
O42874	Q59WD5	29.200	434	1462	1303
O42874	P38198	29.000	248	1462	1513
Q4J9L2	Q4J9L2	100.000	269	269	269
Q5T9G4	Q5T9G4	100.000	340	340	340
Q5T9G4	Q9D0L7	25.100	314	340	306
Q6ZR03	Q6ZR03	100.000	302	302	302
Q86VG3	Q86VG3	100.000	221	221	221
Q9H8W3	Q9H8W3	100.000	233	233	233
Q9SYP3	Q9SYP3	100.000	414	414	414
P06804	P06804	100.000	235	235	235
P06804	Q06643	27.000	155	235	244
P06804	P50591	24.400	131	235	281
P29461	P29461	100.000	750	750	750
P29461	P40048	28.500	413	750	928
Q02208	Q02208	100.000	771	771	771
O13787	O13787	100.000	273	273	273
O43482	O43482	100.000	229	229	229
O43482	Q9P802	27.300	157	229	194
O59817	O59817	100.000	798	798	798
O59817	Q03653	25.800	461	798	782
O59817	Q2KG01	22.000	404	798	1196
P0ACE2	P0ACE2	100.000	567	567	567
P32843	P32843	100.000	850	850	850
O05495	O05495	100.000	420	420	420
O05495	Q01459	22.800	245	420	385
O05495	Q9BWS9	20.100	218	420	393
O05495	Q13231	20.700	280	420	466
P39467	P39467	100.000	176	176	176
P39467	P32899	28.500	133	176	183
P68206	P68206	100.000	69	69	69
P9WIP7	P9WIP7	100.000	112	112	112
Q06636	Q06636	100.000	219	219	219
Q8K2G4	Q8K2G4	100.000	715	715	715
Q8K2G4	Q99MH9	22.200	220	715	721
Q922Z0	Q922Z0	100.000	341	341	341
Q9CQ48	Q9CQ48	100.000	157	157	157
Q9CQ48	O35685	24.500	159	157	332
Q9HDW0	Q9HDW0	100.000	430	430	430
Q9Y7P6	Q9Y7P6	100.000	574	574	574
Q9Y7P6	Q09894	27.900	326	574	561
Q9Y7P6	Q03088	22.700	356	574	825
Q9LQR8	Q9LQR8	100.000	487	487	487
Q9LQR8	A6H7B5	22.100	285	487	423
Q9LQR8	Q9VTL1	23.400	239	487	395
Q9UBB4	Q9UBB4	100.000	475	475	475
Q9Y548	Q9Y548	100.000	306	306	306
Q9Y548	Q9UTD3	29.100	206	306	249
Q9Y548	P53108	27.300	172	306	310
F4J220	F4J220	100.000	279	279	279
F4J220	Q9C2M6	32.800	67	279	282
H3K2Y6	H3K2Y6	100.000	2235	2235	2235
H3K2Y6	P25648	21.200	231	2235	1427
H3K2Y6	Q86YW9	24.500	301	2235	2145
Q9FZK1	Q9FZK1	100.000	467	467	467
Q9FZK1	Q9SFC7	25.100	159	467	417
Q9FZK1	Q3EB08	20.600	291	467	383
Q9URX2	Q9URX2	100.000	117	117	117
Q9VLJ0	Q9VLJ0	100.000	151	151	151
Q9ZUB3	Q9ZUB3	100.000	334	334	334
F4IQJ2	F4IQJ2	100.000	374	374	374
Q9Y3A0	Q9Y3A0	100.000	265	265	265
A4RGU7	A4RGU7	100.000	403	403	403
A4RGU7	Q06214	24.300	399	403	492
O14012	O14012	100.000	203	203	203
O35776	O35776	100.000	552	552	552
P20366	P20366	100.000	129	129	129
D3Z5T1	D3Z5T1	100.000	437	437	437
G2TRR9	G2TRR9	100.000	164	164	164
O13843	O13843	100.000	191	191	191
O43921	O43921	100.000	213	213	213
O94349	O94349	100.000	469	469	469
Q9LUJ7	Q9LUJ7	100.000	486	486	486
Q9LUJ7	P15590	28.100	419	486	573
Q9LUJ7	F4IQK5	21.600	383	486	707
Q9XE33	Q9XE33	100.000	205	205	205
A2AJA9	A2AJA9	100.000	974	974	974
O53203	O53203	100.000	1624	1624	1624
O53203	P00365	26.000	415	1624	1050
P33448	P33448	100.000	61	61	61
Q12015	Q12015	100.000	292	292	292
Q15276	Q15276	100.000	862	862	862
Q15276	Q91WG2	28.100	798	862	554
Q4JAI7	Q4JAI7	100.000	434	434	434
Q4JAI7	Q8Q0P3	22.600	486	434	485
Q5JQS6	Q5JQS6	100.000	135	135	135
Q5JQS6	Q6RFH4	30.200	96	135	181
Q5TEA3	Q5TEA3	100.000	1177	1177	1177
Q9NRD5	Q9NRD5	100.000	415	415	415
Q9NRD5	P34445	21.000	176	415	307
Q9UTD3	Q9UTD3	100.000	249	249	249
Q9UTD3	Q9Y548	28.500	214	249	306
Q9UTD3	P53108	29.300	109	249	310
Q9VDD7	Q9VDD7	100.000	338	338	338
Q9VDD7	Q922Q5	25.900	320	338	369
Q9VDD7	Q969S0	20.400	299	338	331
A2AIP0	A2AIP0	100.000	273	273	273
F1QLG5	F1QLG5	100.000	969	969	969
F1QLG5	Q6IQ32	23.700	1167	969	1131
G3XD28	G3XD28	100.000	354	354	354
O43068	O43068	100.000	421	421	421
P07343	P07343	100.000	462	462	462
P07343	Q5HEL4	29.600	179	462	431
P07343	P11447	26.600	206	462	457
P07343	Q05911	24.000	329	462	482
P07343	P0AB89	28.100	181	462	456
P38365	P38365	100.000	174	174	174
P40191	P40191	100.000	283	283	283
Q8C0S4	Q8C0S4	100.000	1314	1314	1314
P0C5M1	P0C5M1	100.000	34	34	34
P10849	P10849	100.000	440	440	440
Q12393	Q12393	100.000	293	293	293
Q495Y7	Q495Y7	100.000	208	208	208
A7TUE1	A7TUE1	100.000	513	513	513
K7WCC7	K7WCC7	100.000	760	760	760
K7WCC7	P73833	25.500	341	760	873
O59821	O59821	100.000	181	181	181
O74748	O74748	100.000	618	618	618
O74748	O94731	26.500	621	618	658
O74748	Q9Y2L5	22.900	557	618	1435
O74748	P46944	22.400	450	618	698
P25574	P25574	100.000	760	760	760
P25574	Q8N766	23.500	586	760	993
Q02046	Q02046	100.000	320	320	320
Q02046	Q922D8	25.700	249	320	935
Q10131	Q10131	100.000	204	204	204
Q10131	O35783	28.000	114	204	315
Q3E6S9	Q3E6S9	100.000	475	475	475
Q9CQP3	Q9CQP3	100.000	110	110	110
Q9D9R3	Q9D9R3	100.000	252	252	252
C0HL64	C0HL64	100.000	105	105	105
C0HL64	C0HL64	100.000	105	105	105
C8KI33	C8KI33	100.000	646	646	646
O74342	O74342	100.000	124	124	124
O94274	O94274	100.000	262	262	262
O94274	C5DUF5	30.000	226	262	590
O94584	O94584	100.000	240	240	240
P60192	P60192	100.000	136	136	136
P60192	O44445	30.100	106	136	122
P69410	P69410	100.000	216	216	216
P78010	P78010	100.000	244	244	244
Q04119	Q04119	100.000	674	674	674
Q04119	P70158	25.000	296	674	445
Q59NY7	Q59NY7	100.000	189	189	189
Q59NY7	P87238	25.100	163	189	215
Q86YV9	Q86YV9	100.000	775	775	775
Q8IY31	Q8IY31	100.000	132	132	132
Q8N5M1	Q8N5M1	100.000	289	289	289
Q8R138	Q8R138	100.000	280	280	280
Q8RAC9	Q8RAC9	100.000	404	404	404
Q3UHV4	Q3UHV4	100.000	110	110	110
Q4JCP8	Q4JCP8	100.000	386	386	386
Q5HJZ6	Q5HJZ6	100.000	413	413	413
Q5XIA2	Q5XIA2	100.000	152	152	152
Q673H1	Q673H1	100.000	205	205	205
Q8WVE6	Q8WVE6	100.000	324	324	324
Q92902	Q92902	100.000	700	700	700
Q9EQC5	Q9EQC5	100.000	806	806	806
Q9EQC5	O13733	28.000	535	806	637
Q9EQC5	Q9DBQ7	27.400	452	806	735
Q9EQC5	Q12453	23.300	566	806	761
Q9EQC5	P53009	23.800	541	806	804
Q9W0G7	Q9W0G7	100.000	138	138	138
Q9WUD8	Q9WUD8	100.000	179	179	179
P33338	P33338	100.000	968	968	968
P40502	P40502	100.000	157	157	157
P43612	P43612	100.000	1002	1002	1002
P43612	Q7TSI3	20.900	306	1002	856
P76001	P76001	100.000	122	122	122
P9WME3	P9WME3	100.000	161	161	161
P9WJT9	P9WJT9	100.000	966	966	966
P9WJT9	P9WJV5	26.500	561	966	944
P9WJT9	P9WJU1	27.000	196	966	1002
Q14157	Q14157	100.000	1087	1087	1087
Q5NDL2	Q5NDL2	100.000	527	527	527
Q8BI71	Q8BI71	100.000	739	739	739
Q8BI71	Q03169	24.700	481	739	654
Q8BI71	Q6DIA2	24.800	403	739	721
Q91XD6	Q91XD6	100.000	386	386	386
K7VLR4	K7VLR4	100.000	2605	2605	2605
K7VLR4	Q5SYL3	21.500	474	2605	2234
Q9D0U1	Q9D0U1	100.000	298	298	298
Q9JLT2	Q9JLT2	100.000	576	576	576
Q9JLT2	O42893	28.700	428	576	735
Q9VF78	Q9VF78	100.000	710	710	710
Q9VF78	F4JRR1	27.200	723	710	756
O05223	O05223	100.000	225	225	225
Q9D3V5	Q9D3V5	100.000	435	435	435
Q9P3A9	Q9P3A9	100.000	773	773	773
O74769	O74769	100.000	367	367	367
O74769	Q76JQ2	27.600	253	367	579
P0A7L5	P0A7L5	100.000	118	118	118
P0ABA0	P0ABA0	100.000	156	156	156
P0ABA0	Q3K1J9	28.200	163	156	165
Q9WTX8	Q9WTX8	100.000	717	717	717
Q9WTX8	Q9LTY1	26.200	495	717	726
A6PVY3	A6PVY3	100.000	158	158	158
C9JQI7	C9JQI7	100.000	657	657	657
P46086	P46086	100.000	378	378	378
Q09835	Q09835	100.000	182	182	182
Q3KNJ2	Q3KNJ2	100.000	295	295	295
Q5HEL4	Q5HEL4	100.000	431	431	431
Q5HEL4	Q05911	28.800	434	431	482
Q5HEL4	P0AB89	27.800	341	431	456
Q5HEL4	P07343	27.200	209	431	462
Q5HEL4	P11447	25.000	307	431	457
Q80ZU5	Q80ZU5	100.000	509	509	509
Q8BHT7	Q8BHT7	100.000	391	391	391
Q8BHT7	O60183	33.900	53	391	550
Q8TCG1	Q8TCG1	100.000	905	905	905
Q9NUS5	Q9NUS5	100.000	200	200	200
Q9P0S2	Q9P0S2	100.000	106	106	106
Q9UGJ1	Q9UGJ1	100.000	667	667	667
Q9UGJ1	Q9VKU7	28.100	708	667	650
Q9UGJ1	Q9C5H9	21.900	620	667	678
Q9UGJ1	P58854	20.100	535	667	905
Q9UGJ1	Q8BKN5	19.700	289	667	1024
Q9UGJ1	P53540	19.200	296	667	846
O13578	O13578	100.000	112	112	112
O23300	O23300	100.000	238	238	238
Q9M330	Q9M330	100.000	302	302	302
Q9M330	Q92530	28.100	259	302	271
H2L0H5	H2L0H5	100.000	748	748	748
H2L0H5	Q7Z5K2	28.300	581	748	1190
P29467	P29467	100.000	408	408	408
P46949	P46949	100.000	817	817	817
Q0PA50	Q0PA50	100.000	280	280	280
O94535	O94535	100.000	490	490	490
P38799	P38799	100.000	552	552	552
Q13421	Q13421	100.000	630	630	630
Q13421	Q8C160	28.800	592	630	685
Q95QD7	Q95QD7	100.000	435	435	435
A6NLE4	A6NLE4	100.000	172	172	172
Q9CQH0	Q9CQH0	100.000	114	114	114
Q9DA19	Q9DA19	100.000	450	450	450
Q9P0I2	Q9P0I2	100.000	261	261	261
Q9UF83	Q9UF83	100.000	564	564	564
Q9UL49	Q9UL49	100.000	500	500	500
Q7K2B0	Q7K2B0	100.000	358	358	358
Q8BFU3	Q8BFU3	100.000	668	668	668
Q8IU60	Q8IU60	100.000	420	420	420
Q91XC9	Q91XC9	100.000	336	336	336
Q99LZ3	Q99LZ3	100.000	223	223	223
Q99LZ3	Q03406	23.200	249	223	294
O60829	O60829	100.000	102	102	102
O60829	Q96GT9	37.300	107	102	111
O74958	O74958	100.000	488	488	488
P17890	P17890	100.000	251	251	251
P32445	P32445	100.000	135	135	135
P32445	O14087	29.200	82	135	150
P36139	P36139	100.000	283	283	283
P35201	P35201	100.000	549	549	549
P35201	Q9USR9	23.000	265	549	643
P40508	P40508	100.000	320	320	320
P53238	P53238	100.000	335	335	335
P64611	P64611	100.000	210	210	210
P75089	P75089	100.000	288	288	288
Q6P4A8	Q6P4A8	100.000	553	553	553
Q8BL00	Q8BL00	100.000	831	831	831
Q8BL00	Q9VGW1	24.500	595	831	1943
Q8NBJ5	Q8NBJ5	100.000	622	622	622
Q99373	Q99373	100.000	253	253	253
Q99373	Q06524	26.800	164	253	206
Q99373	P48564	26.100	130	253	524
Q9BZW4	Q9BZW4	100.000	377	377	377
Q9JJQ0	Q9JJQ0	100.000	542	542	542
Q9JJQ0	P30777	28.800	603	542	616
Q9JJQ0	Q8VDB2	26.400	219	542	486
Q9JJQ0	P54002	22.700	321	542	603
B3H587	B3H587	100.000	152	152	152
I3L3R5	I3L3R5	100.000	266	266	266
O59673	O59673	100.000	103	103	103
O62680	O62680	100.000	123	123	123
Q9FZE0	Q9FZE0	100.000	510	510	510
Q9FZE0	Q93Y07	24.800	483	510	622
Q9VJD3	Q9VJD3	100.000	751	751	751
Q9VJD3	Q8C0L8	26.200	800	751	829
O13803	O13803	100.000	601	601	601
O13803	Q66H73	22.400	227	601	516
O42947	O42947	100.000	737	737	737
P25623	P25623	100.000	870	870	870
P25623	O43059	23.200	250	870	818
Q03730	Q03730	100.000	393	393	393
Q03730	Q8IY50	22.100	257	393	421
Q03730	Q8IXU6	26.000	150	393	374
Q12179	Q12179	100.000	454	454	454
Q66GQ5	Q66GQ5	100.000	540	540	540
Q8TAL5	Q8TAL5	100.000	461	461	461
Q99JP4	Q99JP4	100.000	85	85	85
Q8IPU5	Q8IPU5	100.000	449	449	449
Q923D3	Q923D3	100.000	296	296	296
Q92EP8	Q92EP8	100.000	314	314	314
Q9CZ83	Q9CZ83	100.000	127	127	127
Q9EQR2	Q9EQR2	100.000	644	644	644
Q9EQR2	Q7TNG8	23.600	519	644	484
Q9EQR2	P39976	22.700	452	644	496
Q9EQR2	P10867	27.000	196	644	440
Q9VMA7	Q9VMA7	100.000	1430	1430	1430
Q9VMA7	Q8BI84	23.500	454	1430	1930
A8MRV9	A8MRV9	100.000	365	365	365
F4JGZ1	F4JGZ1	100.000	1278	1278	1278
P53723	P53723	100.000	404	404	404
P53723	O94280	24.400	278	404	374
Q00597	Q00597	100.000	558	558	558
Q9VLD6	Q9VLD6	100.000	315	315	315
A2XNF0	A2XNF0	100.000	233	233	233
D3YZZ2	D3YZZ2	100.000	297	297	297
D3YZZ2	O88393	26.500	237	297	850
O14116	O14116	100.000	1234	1234	1234
O14116	P52918	25.000	1221	1234	1224
O14116	Q9HAV4	22.300	1039	1234	1204
O14116	Q0WP44	19.300	1246	1234	1202
O14116	Q924Z6	29.600	81	1234	1125
Q9FGI6	Q9FGI6	100.000	748	748	748
Q966L5	Q966L5	100.000	712	712	712
Q966L5	O94326	27.200	176	712	609
Q99LG2	Q99LG2	100.000	887	887	887
Q99LG2	Q8TEX9	23.000	438	887	1081
Q99LG2	O60100	21.300	360	887	1067
Q99LG2	Q6PDI5	25.200	357	887	1840
Q99LG2	Q9ZU97	19.600	422	887	743
Q9UUJ3	Q9UUJ3	100.000	670	670	670
Q9UUJ3	P43556	21.000	594	670	714
A7TGI3	A7TGI3	100.000	990	990	990
O74982	O74982	100.000	167	167	167
Q9UL01	Q9UL01	100.000	958	958	958
P12265	P12265	100.000	648	648	648
P12265	P00723	25.200	475	648	1025
P12265	O00462	22.500	297	648	879
Q3KNL4	Q3KNL4	100.000	93	93	93
Q49A92	Q49A92	100.000	538	538	538
Q9FK23	Q9FK23	100.000	500	500	500
Q9FK23	Q9C6A1	26.200	229	500	445
Q9FK23	Q9SJ50	27.200	235	500	333
Q9FK23	Q9ZT96	22.800	311	500	541
Q9FK23	Q9M219	24.600	219	500	558
Q9NQ48	Q9NQ48	100.000	299	299	299
Q9QYE6	Q9QYE6	100.000	729	729	729
Q9QYE6	P90970	26.600	447	729	530
Q9VMY9	Q9VMY9	100.000	448	448	448
Q9VMY9	Q9DBA8	22.000	362	448	426
O74734	O74734	100.000	244	244	244
O74734	B0VMU5	25.100	167	244	184
O94714	O94714	100.000	406	406	406
P53841	P53841	100.000	131	131	131
Q08118	Q08118	100.000	586	586	586
Q08118	P36111	27.500	109	586	568
Q9BQM9	Q9BQM9	100.000	153	153	153
Q9CZQ9	Q9CZQ9	100.000	341	341	341
Q9USW3	Q9USW3	100.000	419	419	419
Q12493	Q12493	100.000	238	238	238
Q1HCL7	Q1HCL7	100.000	425	425	425
Q4V7B0	Q4V7B0	100.000	542	542	542
Q4V7B0	A8JID5	27.900	254	542	1206
Q5HFS5	Q5HFS5	100.000	295	295	295
Q5XJE5	Q5XJE5	100.000	667	667	667
Q6ZMT9	Q6ZMT9	100.000	781	781	781
Q8IWY9	Q8IWY9	100.000	1227	1227	1227
Q8IWY9	Q8T626	27.200	719	1227	1240
Q92844	Q92844	100.000	425	425	425
Q92844	Q9H6S1	24.000	191	425	392
Q9BSH3	Q9BSH3	100.000	213	213	213
Q9H582	Q9H582	100.000	1327	1327	1327
O74476	O74476	100.000	1095	1095	1095
O74476	Q8TEX9	24.800	1145	1095	1081
O74476	O60100	22.300	1106	1095	1067
O74476	Q06142	20.800	747	1095	861
O74476	Q9Y7K2	22.700	317	1095	2337
O74476	P53067	27.700	137	1095	1004
Q03673	Q03673	100.000	198	198	198
Q10310	Q10310	100.000	515	515	515
Q39091	Q39091	100.000	209	209	209
P04134	P04134	100.000	382	382	382
Q5M9H1	Q5M9H1	100.000	808	808	808
Q83QD0	Q83QD0	100.000	429	429	429
Q8CHX7	Q8CHX7	100.000	500	500	500
Q91WS0	Q91WS0	100.000	108	108	108
Q968A5	Q968A5	100.000	363	363	363
Q968A5	Q9UUI8	26.900	286	363	383
Q968A5	Q9FYE5	23.700	307	363	309
Q968A5	Q8VCX2	25.200	329	363	364
Q968A5	Q9S845	24.100	240	363	372
Q968A5	Q9C8M1	23.300	283	363	332
O94679	O94679	100.000	1158	1158	1158
O94679	Q9YHY6	26.700	1216	1158	1364
O94679	A0A1I9LM04	26.100	1153	1158	1410
O94679	Q9U2M1	19.500	291	1158	1499
Q00083	Q00083	100.000	1676	1676	1676
Q3UUI3	Q3UUI3	100.000	230	230	230
P04485	P04485	100.000	420	420	420
Q9C7H4	Q9C7H4	100.000	479	479	479
Q9C7H4	P9WKA5	24.600	353	479	448
Q9Y7I1	Q9Y7I1	100.000	78	78	78
A0JPP5	A0JPP5	100.000	253	253	253
H3BQB6	H3BQB6	100.000	276	276	276
O14248	O14248	100.000	1125	1125	1125
O14248	Q6PID8	25.400	295	1125	442
O14248	Q08979	28.100	245	1125	651
O14248	Q99PV3	24.100	265	1125	735
O14248	Q8IID4	25.900	154	1125	5251
O14248	Q5ADT1	23.700	135	1125	1383
O14248	F4JZY1	24.300	402	1125	1586
O14248	Q10411	22.400	307	1125	1957
P02533	P02533	100.000	472	472	472
P02533	Q12934	21.700	313	472	665
P02533	F4JZY1	22.200	274	472	1586
Q9P1J3	Q9P1J3	100.000	65	65	65
Q9SAK0	Q9SAK0	100.000	836	836	836
Q9SAK0	Q9LW84	22.500	520	836	642
Q9SAK0	Q9FMF6	23.700	488	836	730
Q9SAK0	Q9S7Q2	21.600	712	836	862
Q9SAK0	Q9LR67	25.200	427	836	660
Q9SAK0	Q9LS25	22.600	583	836	711
Q9SAK0	O80958	23.300	406	836	867
Q9SAK0	Q9SS81	23.600	470	836	687
Q9SAK0	Q9SVH3	22.300	420	836	727
Q9SAK0	O82178	19.300	450	836	591
Q9SAK0	Q8RWS8	23.800	420	836	822
Q9SAK0	Q0WMY5	21.400	439	836	952
Q9SAK0	Q9ZUU3	19.600	504	836	757
Q9SAK0	Q0WLC6	22.400	325	836	1089
Q9SAK0	Q9LKU8	24.700	363	836	766
Q9SAK0	Q9MAG8	25.800	244	836	471
Q9SAK0	Q9LMY5	23.500	395	836	826
Q9SAK0	Q9LVA2	23.300	283	836	982
Q9SAK0	Q9SAD9	24.700	331	836	517
Q9SAK0	Q3ECH5	22.100	416	836	544
Q9SAK0	Q9SSR4	24.900	301	836	819
Q9SAK0	P0C896	22.800	411	836	576
Q9SAK0	Q9FLD8	20.600	364	836	678
Q9SAK0	Q9LS88	25.700	256	836	842
Q9SAK0	Q9M3A8	22.200	279	836	629
Q9SAK0	Q9FRS4	23.300	266	836	559
Q9SAK0	Q9FMU2	26.500	256	836	634
Q9SAK0	Q9SQU6	22.300	282	836	486
Q9SAK0	Q9SNB7	21.400	298	836	665
Q9SAK0	Q8LPF1	22.300	451	836	668
Q9SAK0	Q9M2C8	20.800	336	836	498
Q9SAK0	Q9LSK8	20.000	289	836	688
Q9SAK0	Q9ZUU7	23.600	152	836	462
Q9SAK0	O49711	21.200	277	836	843
Q9SAK0	Q9M4P3	21.600	282	836	656
Q9SAK0	B3H4P1	23.000	204	836	661
Q9SAK0	O23278	22.300	197	836	501
Q9SAK0	Q9SA60	20.500	229	836	793
Q9SAK0	Q9SA76	19.700	278	836	1006
Q9SAK0	Q9FZD1	22.800	254	836	630
Q9SAK0	P32522	20.700	130	836	965
Q9SAK0	Q9SGQ6	18.400	265	836	773
Q9SAK0	Q9SKU6	24.100	253	836	490
F4I2J8	F4I2J8	100.000	716	716	716
O60094	O60094	100.000	959	959	959
O60094	Q6DRL5	24.500	923	959	1269
P0A7F3	P0A7F3	100.000	153	153	153
P53137	P53137	100.000	624	624	624
P53137	O74485	30.000	133	624	581
P67911	P67911	100.000	310	310	310
P67911	P04397	24.600	325	310	699
P67911	Q2R1V8	21.900	291	310	371
Q04418	Q04418	100.000	439	439	439
Q12318	Q12318	100.000	242	242	242
Q3E6R5	Q3E6R5	100.000	114	114	114
Q8N6L0	Q8N6L0	100.000	562	562	562
Q91V13	Q91V13	100.000	76	76	76
Q92585	Q92585	100.000	1016	1016	1016
Q99062	Q99062	100.000	836	836	836
Q99062	Q99665	24.900	861	836	862
Q99062	O70458	21.000	588	836	971
Q99062	Q5VWK5	24.300	234	836	629
Q99062	Q08501	24.300	222	836	608
Q9QZC4	Q9QZC4	100.000	369	369	369
Q5SQX6	Q5SQX6	100.000	1253	1253	1253
Q86V20	Q86V20	100.000	835	835	835
Q99550	Q99550	100.000	1183	1183	1183
A6NCN8	A6NCN8	100.000	305	305	305
O94355	O94355	100.000	240	240	240
O94355	P38255	29.100	72	240	430
P0ACC3	P0ACC3	100.000	114	114	114
P0C018	P0C018	100.000	117	117	117
P0C018	Q9H0U6	35.800	92	117	180
P0C945	P0C945	100.000	1696	1696	1696
P37747	P37747	100.000	367	367	367
P40534	P40534	100.000	656	656	656
Q07395	Q07395	100.000	620	620	620
Q4JAB4	Q4JAB4	100.000	415	415	415
Q6P1D7	Q6P1D7	100.000	1565	1565	1565
Q969V3	Q969V3	100.000	563	563	563
Q9JHJ1	Q9JHJ1	100.000	182	182	182
Q9JHJ1	O60894	30.100	106	182	148
P9WLQ3	P9WLQ3	100.000	173	173	173
Q03337	Q03337	100.000	283	283	283
Q03337	Q9CQA1	23.300	248	283	188
Q03337	Q86SZ2	35.300	82	283	158
Q0VAA5	Q0VAA5	100.000	305	305	305
Q5FVJ6	Q5FVJ6	100.000	377	377	377
Q6IC83	Q6IC83	100.000	251	251	251
Q09327	Q09327	100.000	533	533	533
P16794	P16794	100.000	376	376	376
Q96QK8	Q96QK8	100.000	99	99	99
Q9C717	Q9C717	100.000	283	283	283
Q9C717	F4IMQ0	28.900	183	283	288
Q9FGM1	Q9FGM1	100.000	188	188	188
Q9SX77	Q9SX77	100.000	257	257	257
Q9Y442	Q9Y442	100.000	160	160	160
A4VZM2	A4VZM2	100.000	111	111	111
B3KS81	B3KS81	100.000	715	715	715
E9Q3C1	E9Q3C1	100.000	696	696	696
Q2V2P2	Q2V2P2	100.000	73	73	73
Q3UYV8	Q3UYV8	100.000	586	586	586
Q9CY94	Q9CY94	100.000	216	216	216
Q9CY94	Q12146	25.100	195	216	194
Q9JJL0	Q9JJL0	100.000	238	238	238
Q9LQ08	Q9LQ08	100.000	259	259	259
P96076	P96076	100.000	257	257	257
Q07376	Q07376	100.000	486	486	486
Q5VU57	Q5VU57	100.000	503	503	503
Q5VU57	B2GV17	26.300	581	503	832
Q9NX63	Q9NX63	100.000	227	227	227
Q9NX63	Q21551	33.300	57	227	169
A0PK11	A0PK11	100.000	232	232	232
A0PK11	Q8NCR9	28.200	177	232	226
Q07990	Q07990	100.000	161	161	161
Q0WUY1	Q0WUY1	100.000	534	534	534
Q9AV97	Q9AV97	100.000	290	290	290
Q9LU01	Q9LU01	100.000	280	280	280
Q9SVS0	Q9SVS0	100.000	472	472	472
Q9SVS0	Q149F1	22.000	209	472	553
Q6AI08	Q6AI08	100.000	1181	1181	1181
Q97YD5	Q97YD5	100.000	377	377	377
Q9H9S5	Q9H9S5	100.000	495	495	495
B5X4Z4	B5X4Z4	100.000	613	613	613
B5X4Z4	B0VTE3	29.700	239	613	302
P30182	P30182	100.000	1473	1473	1473
P30182	P9WG45	24.600	658	1473	675
P0DPD9	P0DPD9	100.000	881	881	881
P0DPD9	P0DPD9	100.000	881	881	881
P0DPD9	Q9XZ14	21.900	596	881	879
P0DPD9	Q5JPI9	25.000	152	881	236
P0DPD9	A8MUP2	32.300	133	881	240
Q338N2	Q338N2	100.000	702	702	702
Q965Q4	Q965Q4	100.000	340	340	340
Q9FMF6	Q9FMF6	100.000	730	730	730
Q9FMF6	Q9SS81	27.500	680	730	687
Q9FMF6	Q9LMY5	27.200	565	730	826
Q9FMF6	Q9SSR4	25.300	667	730	819
Q9FMF6	Q9LKU8	28.500	557	730	766
Q9FMF6	Q9SAD9	29.100	531	730	517
Q9FMF6	O80958	25.700	605	730	867
Q9FMF6	Q9LW84	26.200	602	730	642
Q9FMF6	Q8RWS8	27.000	518	730	822
Q9FMF6	Q9FRS4	29.400	438	730	559
Q9FMF6	Q0WMY5	26.200	537	730	952
Q9FMF6	Q9LR67	26.500	550	730	660
Q9FMF6	Q9ZUU3	23.300	639	730	757
Q9FMF6	Q9LSK8	23.900	538	730	688
Q9FMF6	Q9SVH3	23.400	615	730	727
Q9FMF6	Q9MAG8	25.200	539	730	471
Q9FMF6	Q9LVA2	24.500	618	730	982
Q9FMF6	O81028	24.800	548	730	799
Q9FMF6	Q9FMU2	25.500	556	730	634
Q9FMF6	Q9S7Q2	25.900	494	730	862
Q9FMF6	Q3EDA9	23.400	661	730	608
Q9FMF6	Q9LS88	25.600	499	730	842
Q9FMF6	Q9FLD8	22.500	506	730	678
Q9FMF6	O82178	25.500	469	730	591
Q9FMF6	Q9M3A8	22.600	423	730	629
Q9FMF6	Q3ECH5	24.300	447	730	544
Q9FMF6	Q9SAK0	23.200	491	730	836
Q9FMF6	Q0WLC6	24.100	439	730	1089
Q9FMF6	P0C896	22.800	503	730	576
Q9FMF6	Q9M4P3	24.300	469	730	656
Q9FMF6	Q9LS25	23.300	394	730	711
Q9FMF6	Q9M2C8	21.800	494	730	498
Q9FMF6	Q9SNB7	23.300	428	730	665
Q9FMF6	Q9SQU6	24.200	351	730	486
Q9FMF6	Q9ZUU7	26.100	344	730	462
Q9FMF6	O49711	20.900	482	730	843
Q9FMF6	Q9SA76	22.300	430	730	1006
Q9FMF6	Q8LPF1	25.000	308	730	668
Q9FMF6	Q9SGQ6	22.600	362	730	773
Q9FMF6	B3H4P1	20.500	633	730	661
Q9FMF6	Q9SKU6	20.800	422	730	490
Q9FMF6	Q9FZD1	21.200	499	730	630
Q9FMF6	O23278	24.100	170	730	501
Q9FMF6	Q9SA60	20.800	423	730	793
Q9FMF6	O49343	21.600	365	730	452
Q9FMF6	P32522	20.400	284	730	965
Q9FMF6	Q12089	24.000	270	730	606
Q9FMF6	O94615	24.500	277	730	481
Q9XRX5	Q9XRX5	100.000	114	114	114
O04195	O04195	100.000	283	283	283
O04195	O82122	23.400	243	283	265
P15459	P15459	100.000	164	164	164
Q12331	Q12331	100.000	272	272	272
Q969S6	Q969S6	100.000	136	136	136
Q9CA45	Q9CA45	100.000	147	147	147
P13039	P13039	100.000	400	400	400
P38243	P38243	100.000	211	211	211
P38782	P38782	100.000	295	295	295
P38782	O75586	28.100	199	295	246
P45740	P45740	100.000	590	590	590
Q06250	Q06250	100.000	92	92	92
Q9N3F0	Q9N3F0	100.000	297	297	297
Q9P2K2	Q9P2K2	100.000	825	825	825
Q9Z1X9	Q9Z1X9	100.000	566	566	566
O14013	O14013	100.000	556	556	556
O14013	Q02983	27.800	176	556	363
P02654	P02654	100.000	83	83	83
Q9VAI6	Q9VAI6	100.000	149	149	149
Q9WV78	Q9WV78	100.000	438	438	438
A3LQX9	A3LQX9	100.000	599	599	599
A3LQX9	Q9C106	25.400	602	599	591
A3LQX9	Q9D483	20.900	554	599	533
D3ZXW3	D3ZXW3	100.000	298	298	298
G3X8U3	G3X8U3	100.000	338	338	338
Q8VHV1	Q8VHV1	100.000	145	145	145
Q924T7	Q924T7	100.000	1066	1066	1066
J3QPZ5	J3QPZ5	100.000	306	306	306
O77310	O77310	100.000	1417	1417	1417
Q9FK30	Q9FK30	100.000	566	566	566
Q8VDI1	Q8VDI1	100.000	314	314	314
Q96DY2	Q96DY2	100.000	449	449	449
Q9CPW7	Q9CPW7	100.000	199	199	199
Q9CPW7	Q12368	27.400	102	199	194
Q9HC77	Q9HC77	100.000	1338	1338	1338
O94532	O94532	100.000	1461	1461	1461
O94532	P78621	22.000	1263	1461	1790
Q922G2	Q922G2	100.000	307	307	307
Q96GM8	Q96GM8	100.000	510	510	510
Q96GM8	Q8VDG3	26.400	155	510	624
Q9H3Z7	Q9H3Z7	100.000	469	469	469
A5DCP8	A5DCP8	100.000	620	620	620
A5DCP8	O13865	24.800	684	620	681
P14477	P14477	100.000	19	19	19
P40048	P40048	100.000	928	928	928
P40048	P29461	25.900	532	928	750
P53902	P53902	100.000	135	135	135
P54380	P54380	100.000	295	295	295
P97825	P97825	100.000	154	154	154
P9WKX3	P9WKX3	100.000	174	174	174
P11930	P11930	100.000	357	357	357
Q12483	Q12483	100.000	233	233	233
Q9FK13	Q9FK13	100.000	272	272	272
Q9LW84	Q9LW84	100.000	642	642	642
Q9LW84	Q9FMF6	26.200	602	642	730
Q9LW84	Q9SS81	25.500	611	642	687
Q9LW84	Q0WMY5	25.600	542	642	952
Q9LW84	Q9S7Q2	25.400	451	642	862
Q9LW84	Q9SSR4	25.500	528	642	819
Q9LW84	Q9LR67	24.800	532	642	660
Q9LW84	O80958	25.900	463	642	867
Q9LW84	Q8RWS8	24.000	532	642	822
Q9LW84	Q9FLD8	26.600	458	642	678
Q9LW84	O82178	24.800	402	642	591
Q9LW84	Q9LMY5	24.700	510	642	826
Q9LW84	Q9LS88	25.000	543	642	842
Q9LW84	Q9ZUU3	23.000	578	642	757
Q9LW84	Q9SAD9	24.700	496	642	517
Q9LW84	Q9FRS4	27.000	381	642	559
Q9LW84	Q9SAK0	22.200	517	642	836
Q9LW84	Q9LKU8	24.600	487	642	766
Q9LW84	Q9LVA2	26.400	469	642	982
Q9LW84	Q9SVH3	24.600	540	642	727
Q9LW84	Q9MAG8	23.300	463	642	471
Q9LW84	O81028	27.300	398	642	799
Q9LW84	Q9SQU6	25.200	372	642	486
Q9LW84	Q3EDA9	21.800	548	642	608
Q9LW84	Q9LSK8	26.300	452	642	688
Q9LW84	Q0WLC6	23.300	389	642	1089
Q9LW84	Q9FMU2	20.900	549	642	634
Q9LW84	Q3ECH5	21.300	454	642	544
Q9LW84	Q9LS25	26.300	341	642	711
Q9LW84	Q9SNB7	24.300	521	642	665
Q9LW84	P0C896	23.400	380	642	576
Q9LW84	Q9M2C8	25.100	342	642	498
Q9LW84	Q9M3A8	22.400	432	642	629
Q9LW84	O49343	24.700	347	642	452
Q9LW84	Q9M4P3	22.800	468	642	656
Q9LW84	Q8LPF1	25.200	479	642	668
Q9LW84	Q9SA76	22.400	418	642	1006
Q9LW84	B3H4P1	20.500	457	642	661
Q9LW84	Q9ZUU7	24.700	279	642	462
Q9LW84	O49711	21.500	315	642	843
Q9LW84	Q9FZD1	21.300	473	642	630
Q9LW84	Q9SGQ6	19.000	420	642	773
Q9LW84	Q9SKU6	22.000	263	642	490
Q9LW84	O23278	25.400	157	642	501
Q9LW84	Q9SA60	22.100	239	642	793
Q9LW84	P32522	21.000	365	642	965
O61345	O61345	100.000	737	737	737
O61345	Q9UU76	24.100	422	737	642
A6PVL3	A6PVL3	100.000	124	124	124
F4IYM4	F4IYM4	100.000	896	896	896
P0C0A1	P0C0A1	100.000	176	176	176
P32645	P32645	100.000	267	267	267
P63248	P63248	100.000	76	76	76
P11859	P11859	100.000	477	477	477
P35024	P35024	100.000	221	221	221
P35024	P59230	29.400	207	221	216
P35024	Q97EG6	27.500	229	221	229
P39709	P39709	100.000	593	593	593
P39709	Q10097	23.600	444	593	498
P39709	O13880	24.000	204	593	568
Q03466	Q03466	100.000	884	884	884
Q03466	P17214	27.500	650	884	699
Q5U2W6	Q5U2W6	100.000	416	416	416
