Q9HBQ8	Q9HBQ8
Q9CQ56	Q9CQ56
Q9CQ56	Q9NZ43
P62894	P62894
P62894	P00004
P62894	P62897
P62894	P62895
P62894	P99999
P62894	P62898
P62894	P00015
P62894	P10715
Q6ZWN5	Q6ZWN5
Q6ZWN5	P29314
Q6ZWN5	P46781
P46778	P46778
P46778	XP_001071893
P46778	XP_916594
P46778	D4A870
P46778	D3ZQ96
P46778	XP_001074199
P46778	D3ZMI8
P46778	D3ZIM9
P46778	P20280
P46778	ENSMUSP00000079127
P46778	O09167
Q9Z266	Q9Z266
Q9Z266	O95295
Q9Z266	P60192
P62861	P62861
P62861	P62862
P62861	P35545
P62861	Q05474
P62861	NP_001012757
Q15751	Q15751
Q15751	E9PZP8
Q15751	XP_001075834
Q15751	Q96I51
Q15751	Q96I51-3
Q15751	NP_001101802
Q15751	Q9CYF5
Q8CES0	Q8CES0
Q8CES0	Q147X3-2
Q8CES0	Q147X3
Q8CES0	D3ZWS6
XP_576354	XP_576354
XP_576354	B2RQE8
XP_576354	A6NI28
XP_576354	Q6Y5D8
XP_576354	A1A4S6
XP_576354	D4AB50
XP_576354	P0CAX5
XP_576354	Q99J31
XP_576354	O60890
XP_576354	Q6ZQ82
XP_576354	Q5ZMW5
XP_576354	Q9UNA1
XP_576354	D3ZMS4
XP_576354	Q9UNA1-2
Q6PGF5	Q6PGF5
Q6PGF5	NP_001094221
Q6PGF5	Q14692
NP_001101729	NP_001101729
NP_001101729	O43719
NP_001101729	Q8BGC0
NP_001101616	NP_001101616
NP_001101616	Q9C0D7
NP_001101616	Q5DTV4
NP_001101616	Q5D1E8
NP_001101616	Q5D1E7
NP_001101616	A0JPN4
NP_001101616	Q5HYM0
NP_001101616	G3X9I7
NP_001101616	Q8BIY3
NP_001101616	A2A288
E7EW31	E7EW31
E7EW31	F1M6Z4
E7EW31	Q3UKG2
Q9NP50	Q9NP50
Q9NP50	Q8C8M1
B1WC28	B1WC28
B1WC28	P04908
B1WC28	O75367-1
B1WC28	Q6FI13
B1WC28	P16104
B1WC28	Q9QZQ8-1
B1WC28	Q8IUE6
B1WC28	P27661
B1WC28	Q64522
B1WC28	P20671
B1WC28	Q16777
B1WC28	Q64523
B1WC28	Q99878
B1WC28	P0C0S8
B1WC28	P0CC09
B1WC28	Q96KK5
B1WC28	Q9P0M6
B1WC28	Q8CGP6
B1WC28	Q8CCK0
B1WC28	Q00728
B1WC28	P02263
B1WC28	Q9BTM1
B1WC28	Q8R1M2
B1WC28	A9UMV8
B1WC28	Q96QV6
B1WC28	C0HKE1
B1WC28	Q8CGP4
B1WC28	Q7L7L0
B1WC28	Q8BFU2
B1WC28	Q4FZT6
B1WC28	D3ZWE0
B1WC28	Q6GSS7
B1WC28	Q93077
B1WC28	Q8CGP5
B1WC28	D3ZXP3
B1WC28	Q8CGP7
B1WC28	P0C170
B1WC28	Q02874-1
B1WC28	Q02874
B1WC28	Q9QZQ8
B1WC28	O75367
B1WC28	P0C5Y9
B1WC28	P0C5Z0
NP_001013177	NP_001013177
NP_001013177	Q8N3X1-2
NP_001013177	Q8N3X1
NP_001013177	Q6ZQ03
O55222	O55222
O55222	Q99J82
O55222	Q13418
P54274	P54274
P54274	Q5EB98
P54274	P70371
D4A105	D4A105
D4A105	Q5T3F8-3
D4A105	D3Z2D8
D4A105	Q3TWI9
D4A105	Q5T3F8
D4A105	Q5T3F8-2
D4A105	O94886
D4A105	D4A2I3
D4A105	Q91YT8
D4A105	Q9P1W3
D4A105	D3ZNF5
D4A105	Q8CBX0
P97577	P97577
P97577	Q99689
P97577	Q8K0X8
P97577	Q9UHY8-2
P97577	Q6TYB5
P97577	P97578
P97577	Q9UHY8
P55207	P55207
P55207	P23582
P55207	Q61839
Q5DTM2	Q5DTM2
Q5DTM2	Q9BZF3-5
Q5DTM2	Q8BXR9
Q5DTM2	Q9BZF3
Q5DTM2	Q9BZF3-4
Q5DTM2	Q9BZF3-2
Q5DTM2	D4A0F3
Q5DTM2	Q9BZF3-3
Q5DTM2	Q9BZF2
Q5DTM2	D4A0G0
Q5DTM2	Q3TAX1
Q5DTM2	Q9H4L5
Q5DTM2	D3ZHZ3
Q5DTM2	D3Z194
Q5DTM2	Q9DBS9
Q5DTM2	Q9H4L5-2
Q5DTM2	D4A3H0
Q5DTM2	Q9H4L5-8
Q5DTM2	Q969R2
Q5DTM2	P16258
Q5DTM2	Q3B7Z2
Q5DTM2	P22059
Q5DTM2	ENSRNOP00000028595
Q5DTM2	Q5QNQ6
Q5DTM2	NP_001100702
P61621	P61621
P61621	D3ZEH3
P61621	P61619
P61621	P61620
P61621	P38377
P61621	Q9H9S3-3
P61621	Q9H9S3
P61621	Q9JLR1
Q641Y8	Q641Y8
Q641Y8	Q91VR5
Q641Y8	Q92499
Q9Z2P4	Q9Z2P4
Q9Z2P4	Q9H4X1
Q9Z2P4	Q9DBX1
Q9Z2P4	Q9H4X1-2
Q63ZY3-2	Q63ZY3-2
Q63ZY3-2	Q63ZY3
Q63ZY3-2	Q8BX02
Q63ZY3-2	D3ZD05
Q63ZY3-2	Q6NY19-1
Q63ZY3-2	Q6NY19
Q63ZY3-2	Q9Z1P7
Q63ZY3-2	B2RYN8
P0DMU9	P0DMU9
P0DMU9	P0DMU7
P0DMU9	P0DMV2
P0DMU9	P0DMV1
P0DMU9	P0DMU8
P0DMU9	Q5HYN5
P0DMU9	Q8NHU0
P0DMU9	Q5DJT8
P0DMU9	P0DMV0
Q6AYN1	Q6AYN1
Q6AYN1	D3YV92
Q6AYN1	Q8N9W8
Q14558-2	Q14558-2
Q14558-2	Q63468
Q14558-2	Q9D0M1
Q14558-2	Q14558
Q14558-2	O08618
Q14558-2	O60256-4
Q14558-2	O60256-2
Q14558-2	O60256-3
Q14558-2	Q8R574
Q14558-2	O60256
Q14558-2	P11908-2
Q14558-2	Q8C5R8
Q14558-2	Q9CS42
Q14558-2	P21108
Q14558-2	P11908
Q14558-2	G3UXL2
Q14558-2	NP_001009694
Q14558-2	P60892
Q14558-2	P60891
Q14558-2	Q9D7G0
Q14558-2	P09330
P51654-3	P51654-3
P51654-3	P51654
P51654-3	P13265
P51654-3	Q8CFZ4
P51654-3	Q8CAL5
P51654-3	P78333
P57113	P57113
P57113	O43708
P57113	Q9WVL0
Q401N2	Q401N2
Q401N2	Q401N2-3
XP_006544525	XP_006544525
Q5U2R3	Q5U2R3
Q5U2R3	Q3UFK8
Q5U2R3	Q9BZ67-2
Q5U2R3	Q9BZ67
Q5U2R3	Q9BZ67-3
Q5U2R3	Q9BZ68
Q9ET47	Q9ET47
Q9ET47	B1AK53
Q9ET47	Q63618
Q9ET47	Q9ET47-2
Q9ET47	Q3V096
Q9ET47	Q8N9B4
Q9ET47	Q3V096-3
Q9ET47	Q8N9B4-2
Q9ET47	D3ZA25
Q5F3W0	Q5F3W0
Q5F3W0	Q8CIS0
Q5F3W0	Q9BXL7
Q5F3W0	XP_038945886
Q5F3W0	Q9H257
Q5F3W0	Q9EPY0
Q5F3W0	A2AIV8
Q5F3W0	XP_243622
Q5F3W0	P58660
Q5F3W0	E9PUV9
Q5F3W0	Q9BWT7
Q5F3W0	Q9BXL6
Q5F3W0	Q99KF0
Q6YHK3	Q6YHK3
Q6YHK3	Q8R422
Q6YHK3	NP_001102241
Q14746	Q14746
Q14746	Q921L5
Q14746	D3ZT01
Q8NBA8	Q8NBA8
Q8NBA8	Q9D0U1
Q8NBA8	D3ZGK2
Q8N6T0-4	Q8N6T0-4
Q8N6T0-4	Q8N6T0
Q8N6T0-4	J3QMY9
Q8K0Z9	Q8K0Z9
Q8K0Z9	Q6NV75
Q8K0Z9	Q3UN16
Q8K0Z9	Q16538
Q8K0Z9	D4AAS1
XP_006246570	XP_006246570
XP_006246570	Q6ZVM7-3
XP_006246570	Q5SRX1
XP_006246570	Q6ZVM7
XP_006246570	Q6ZVM7-2
XP_006246570	O60784-2
XP_006246570	Q5XI21
XP_006246570	O88746
XP_006246570	O60784-3
XP_006246570	O60784-4
XP_006246570	Q5BIP4
XP_006246570	O60784
XP_006246570	O75674
XP_006246570	F1LM81
XP_006246570	Q923U0
Q9H1L0	Q9H1L0
Q9NZI7	Q9NZI7
Q9NZI7	Q811S7
Q9NZI7	Q9NZI7-4
Q9NZI7	D4A030
Q9NZI7	Q12800
Q9NZI7	G3V969
Q9NZI7	Q9NZI6
Q9NZI7	Q3UNW5
Q9NZI7	Q9ERA0
Q80U56	Q80U56
Q80U56	Q8NBF6
Q80U56	D3ZVU6
Q9Y639	Q9Y639
Q9Y639	Q9Y639-5
Q9Y639	P97300
Q9Y639	P97546
Q9Y639	P18572
Q9Y639	P26453
Q9Y639	P35613
Q9Y639	P35613-2
Q9Y639	P35613-4
Q9Y639	P21995
Q9Y639	O88775
Q9Y639	Q6PCB8
P50398	P50398
P50398	P50399
P50398	P21856
P50398	P31150
P50398	P50396
P50398	Q61598
P50398	P50395-2
P50398	P50395
Q8BI22	Q8BI22
Q8BI22	Q6ZU80-1
Q8BI22	Q6ZU80
Q8BI22	XP_001064024
Q96EK9	Q96EK9
Q96EK9	Q9D1R2
Q96EK9	Q5I0L7
Q9HC38	Q9HC38
Q9HC38	Q5I0D1
Q9HC38	Q9CPV4
Q9HC38	Q9HC38-2
Q8BGZ2	Q8BGZ2
Q8BGZ2	D3ZHW1
Q8BGZ2	Q92567
Q8BGZ2	Q92567-2
Q8BGZ2	A1KXE4
Q8BGZ2	Q80XQ8
Q8BGZ2	D4AEP3
Q9BS92	Q9BS92
Q9BS92	Q5M949
Q9BS92	Q9CQE1
Q9BS92	Q9UFN0
Q6P3S6	Q6P3S6
Q6P3S6	Q6PDJ6
Q6P3S6	ENSRNOP00000019195
Q5RK23	Q5RK23
Q5RK23	Q96SE0
Q5RK23	Q9QZC8
Q5RK23	Q91ZH7
Q5RK23	Q8WU67
P0DP91	P0DP91
P0DP91	Q8N328
P0DP91	Q6P3X8
P0DP91	Q96JS3
O15205	O15205
O15205	P63072
O15205	Q921A3
Q9UNM6-2	Q9UNM6-2
Q9UNM6-2	B0BN93
Q9UNM6-2	Q9WVJ2
Q9UNM6-2	Q9UNM6
G3V8L0	G3V8L0
G3V8L0	Q96S15
G3V8L0	Q8CFJ9
Q9R0R1	Q9R0R1
Q9R0R1	P08582
Q9R0R1	D4ADK7
Q9R0R1	D3ZAB1
Q9R0R1	P08071
Q9R0R1	Q64599
Q9R0R1	P12346
Q9R0R1	Q921I1
Q9R0R1	P02788
Q9R0R1	P02788-2
Q9R0R1	P02787
Q9R0R1	Q9DBD0
A6NIM6	A6NIM6
A6NIM6	D3ZKX5
A6NIM6	Q8CBB2
P31210	P31210
P31210	Q8VCX1
P31210	Q5RJP0
P31210	G5E895
P31210	Q6AY99
P31210	Q91W30
P31210	P45377
P31210	P45376
P31210	P15121
P31210	D3Z494
P31210	P21300
P31210	C9JRZ8
P31210	P07943
P31210	O60218
P31210	Q96JD6
P31210	P51857
P31210	Q3UXL1
P31210	D3ZF77
P31210	Q91WT7
P31210	P23457
P31210	G3X9Y6
P31210	Q6AYQ2
P31210	P17516
P31210	D3ZEL2
P31210	Q8K023
P31210	P42330
P31210	Q2MHD9
P31210	P70694
P31210	Q04828
P31210	P52895
P31210	Q91WR5
P31210	Q8VC77
P31210	Q91X42
P31210	Q8VC28
P31210	D3ZPY8
P31210	P51652
P31210	Q9DCT1
P31210	Q5U1Y4
P31210	Q9CZU0
P31210	Q9JII6
P31210	P14550
P31210	P51635
P31210	P52895-2
P31210	Q5T2L2
Q8NAC3	Q8NAC3
Q8NAC3	Q8K4C2
Q5HZJ5	Q5HZJ5
Q5HZJ5	P81408
Q5HZJ5	P81408-4
Q5HZJ5	O60320
Q5HZJ5	F1LTM7
Q5HZJ5	Q6A044
P11672	P11672
P11672	P30152
P11672	P80188
P11672	P41222
P11672	O09114
P11672	P22057
P11672	B3EY83
P11672	Q6JVL5
P11672	Q6JVE5
Q9H0U6	Q9H0U6
Q9H0U6	Q9CQL5
Q9H0U6	Q3ZBR7
Q9H0U6	B2RZ57
B0YJ81	B0YJ81
B0YJ81	Q9QY80
B0YJ81	Q6Y1H2
B0YJ81	Q9D3B1
Q9HBR0	Q9HBR0
Q9HBR0	Q9HBR0-3
Q9HBR0	E9PT23
Q9HBR0	Q5I012
Q9HBR0	Q5I012-3
Q9HBR0	E1BF27
Q6PA06	Q6PA06
Q6PA06	Q8NHH9
Q6PA06	Q6PST4
Q6PA06	F1LQ09
Q6PA06	Q8NHH9-2
Q6PA06	Q8WXF7
Q6PA06	Q91YH5
Q6PA06	Q6DD88
Q6PA06	Q8BH66
Q6PA06	Q0ZHH6
P19957	P19957
D4A503	D4A503
D4A503	Q96GY3
D4A503	Q9D8N6
Q86WT1	Q86WT1
Q86WT1	Q99J38
Q86WT1	Q8N4P2
Q86WT1	Q9CY00
Q86WT1	Q4QQS2
Q86WT1	A2AKQ8
Q86WT1	B2RYD6
O95390	O95390
O95390	Q9Z1W4
O95390	Q9Z217
O95390	O08689
O95390	O14793
O95390	O35312
Q8IYX1	Q8IYX1
Q8IYX1	Q9D9D3
Q8IYX1	Q6AYM5
Q8BGQ4	Q8BGQ4
Q8BGQ4	Q9UKY4
Q8BGQ4	Q14U74
Q8BGQ4	Q99PR0
Q8BGQ4	Q8R2R1
Q8BGQ4	Q9Y6A1
Q86Y29	Q86Y29
Q86Y29	Q13072
Q86Y29	Q86Y28
Q86Y29	Q86Y27
Q86Y29	Q86Y30
Q80ZQ0	Q80ZQ0
Q80ZQ0	Q8TDM5
P54252-1	P54252-1
P54252-1	Q9CVD2
P54252-1	P54252-5
P54252-1	P54252
P54252-1	O35815
P54252-1	Q9H3M9
P35080-2	P35080-2
P35080-2	P35080
P35080-2	Q9JJV2
P35080-2	Q9EPC6
P35080-2	P02584
P35080-2	P62962
P35080-2	P62963
P35080-2	P07737
P35080-2	P60673
P35080-2	Q9DAD6
P35080-2	M0RCP6
Q2T9L4	Q2T9L4
Q2T9L4	Q8CD60
Q2T9L4	B0BN13
Q2T9L4	D4A107
Q2T9L4	Q569H4
Q2T9L4	A3KMN5
Q9CR02	Q9CR02
Q9CR02	Q96EY4
Q9CR02	D4AAG0
P62857	P62857
P62857	P62858
P62857	P62859
Q9H3S4	Q9H3S4
Q9H3S4	Q9R0M5
Q9H3S4	NP_001128466
Q96DN2	Q96DN2
Q96DN2	Q3U515
P09132-3	P09132-3
P58390	P58390
P58390	P70604
P58390	P70605
P58390	Q9H2S1
P58390	P70606
P58390	Q92952
P58390	P58391
P58390	Q9UGI6
P58390	Q9EQR3
P58390	O15554
P58390	Q9QYW1
P58390	O89109
Q9CZQ9	Q9CZQ9
Q9CZQ9	Q8N3I7
O09159	O09159
O09159	O00754
O09159	O00754-2
O09159	Q6P762
G5E8M7	G5E8M7
G5E8M7	P09488-2
G5E8M7	O35660
G5E8M7	Q80W21
G5E8M7	P08009
G5E8M7	B0BN47
G5E8M7	P15626
G5E8M7	P08010
G5E8M7	P04905
G5E8M7	Q03013
G5E8M7	Q5BK56
G5E8M7	P19639
G5E8M7	Q9WU21
G5E8M7	P10649
G5E8M7	P21266
G5E8M7	P28161
G5E8M7	Q8R5I6
G5E8M7	P48774
G5E8M7	Q9Z1B2
G5E8M7	P46439
G5E8M7	P09488
G5E8M7	P19157
G5E8M7	P09211
G5E8M7	P04906
G5E8M7	P46425
Q4G0N8	Q4G0N8
Q4G0N8	Q6UJY2
Q5BJZ3	Q5BJZ3
Q5BJZ3	Q61941
Q5BJZ3	Q13423
Q8BR70	Q8BR70
Q8BR70	Q4QQU5
Q8BR70	Q96EC8-2
Q8BR70	Q96EC8
Q5PPN2	Q5PPN2
Q5PPN2	Q91WE3
Q5PPN2	Q9BUL9
Q5PPN2	Q8N5L8
Q5PPN2	Q99JH1
Q5PPN2	B0BMX6
Q6AXV0	Q6AXV0
Q6AXV0	Q9JLV6
Q6AXV0	Q96T60
B2RYW3	B2RYW3
B2RYW3	Q9Y6M9
B2RYW3	Q9CQJ8
P07895	P07895
P07895	P09671
P07895	P04179
P07895	P04179-2
Q99MZ4	Q99MZ4
Q99MZ4	Q9UJ14-5
Q99MZ4	Q9UJ14
Q99MZ4	Q99JP7
Q9R007	Q9R007
Q9R007	Q9NY25
Q5XIH8	Q5XIH8
Q5XIH8	Q13286
Q5XIH8	Q13286-6
Q5XIH8	Q61124
P25786-2	P25786-2
P25786-2	P25786
P25786-2	P18420
P25786-2	Q9R1P4
P25786-2	Q9Z2U1
P25786-2	P28066
P25786-2	P34064
P25786-2	Q8TAA3
P25786-2	O14818-2
P25786-2	O14818
P25786-2	Q8TAA3-2
P25786-2	Q9CWH6
P25786-2	Q9Z2U0
P25786-2	NP_001008218
P25786-2	Q9R1P0
P25786-2	P25789-2
P25786-2	P25789
P25786-2	P21670
P25786-2	P60901
P25786-2	Q9QUM9
P25786-2	P60900
P25786-2	P49722
P25786-2	P17220
P25786-2	P25787
P25786-2	P18422
P25786-2	P25788
P25786-2	O70435
P25786-2	P25788-2
Q8CAA5	Q8CAA5
Q8CAA5	Q96GL9
Q8CAA5	Q8BUM6
Q8CAA5	P0C2L3
E7EVA0	E7EVA0
E7EVA0	P27816-2
E7EVA0	P27816
E7EVA0	P27816-6
E7EVA0	P27816-4
E7EVA0	B4DM10
E7EVA0	P27546
E7EVA0	P27546-3
E7EVA0	P27816-5
E7EVA0	ACK86564
E7EVA0	P27546-4
E7EVA0	P27816-3
E7EVA0	A0A0G2JFH2
E7EVA0	P36225
EDL14953	EDL14953
Q8NBQ7	Q8NBQ7
Q8NBQ7	Q8BHH1
Q8NBQ7	Q8CHM1
Q8NBQ7	A6NM10-2
Q8NBQ7	D4A9T6
Q8NBQ7	Q8IXF9
Q8NBQ7	Q8CHJ2
Q8NBQ7	A6NM10
P51861	P51861
Q9H8X3	Q9H8X3
Q86TU6	Q86TU6
A2RU48	A2RU48
A2RU48	Q8BQM7
P30260-2	P30260-2
P30260-2	A2A6Q5
P30260-2	P30260
P30260-2	Q4V8A2
P30260-2	Q3UYS3
XP_991308	XP_991308
Q9BXU0	Q9BXU0
Q9BXU0	Q9CR81
P11473-2	P11473-2
P11473-2	P13053
P11473-2	P48281
P11473-2	P11473
P11473-2	Q9QUS1
P11473-2	O35627
P11473-2	Q14994
P11473-2	O75469
P11473-2	O54915
P11473-2	Q9R1A7
Q8IUC3	Q8IUC3
Q8IUC3	Q9D3I6
Q58A44	Q58A44
Q96LM9	Q96LM9
Q96I45	Q96I45
Q96I45	A2AJB2
Q8WTV1	Q8WTV1
Q8WTV1	Q9NVV9
Q8WTV1	Q8CHW1
Q8WTV1	Q5U208
A6NFC5	A6NFC5
A6NFC5	B1AQL3
A6NFC5	B3SHH9
A6NFC5	Q9D563
Q9ULZ0	Q9ULZ0
Q6ZNK6	Q6ZNK6
Q6ZNK6	Q8JZM6
Q6ZNK6	Q5BK67
Q0P140	Q0P140
Q30KP5	Q30KP5
Q30KP5	Q30KQ7
Q30KP5	Q32ZH4
Q8R2E7	Q8R2E7
Q8R2E7	Q61160
Q8R2E7	Q13158
O09171	O09171
O09171	Q68FT5
O09171	Q91WS4
O09171	Q9H2M3
O09171	O35490
O09171	Q93088
NP_001178709	NP_001178709
NP_001178709	Q8CFE4
NP_001178709	Q6P3W7
P52759	P52759
P52759	P52758
P52759	P52760
H3BNL8	H3BNL8
P14784	P14784
P14784	P26896
P14784	P16297
O60841	O60841
O60841	B2GUV7
O60841	Q05D44
P48436	P48436
P48436	Q04887
P48436	P48434
P48436	F1LYL9
P48436	Q04888
P48436	P56693
P48436	O55170
P48436	P57073
P48436	Q04886
P48436	P41225
P48436	P53784
P48436	G3V923
P48436	Q9H6I2
P48436	Q61473
P48436	P35713
P48436	P43680
Q9DCH4	Q9DCH4
Q9DCH4	O00303
Q9DCH4	D4AC36
P22449	P22449
P22449	P41235
P22449	P49698
P22449	F1M342
P22449	Q14541
P22449	Q9WUU6
P22449	P10588
P22449	O09017
P22449	P43136
P52735	P52735
P52735	Q60992
P52735	P52735-3
P52735	NP_001100033
P52735	P52735-2
P52735	P27870
P52735	P15498
P52735	P15498-2
P52735	P54100
P52735	Q9UKW4-4
P52735	F1LWB1
P52735	Q9R0C8
P52735	Q9UKW4
Q96QP1	Q96QP1
Q96QP1	Q9CXB8
Q16572	Q16572
Q16572	Q62666
Q16572	O35304
Q16572	P54219
Q16572	Q8R090
Q16572	Q01818
Q16572	Q01827
Q16572	Q8BRU6
Q16572	Q05940
Q05823	Q05823
Q05823	Q80WM6
Q05823	Q05921
Q7TNL4	Q7TNL4
Q7TNL4	Q7TNL3
Q7TNL4	Q8N2I9
A0A286YDK6	A0A286YDK6
A0A286YDK6	A0A1W2PR82
P98172	P98172
P98172	O73612
P98172	P52795
P98172	P52796
P98172	G3V7D4-1
P98172	Q15768
P98172	O35393
P98172	B2B9A9
P98172	P52800
P98172	P52799
Q96QT6	Q96QT6
Q96QT6	F1LM99
Q96QT6	Q5SPL2
Q6P1N0	Q6P1N0
Q6P1N0	Q6P1N0-2
Q6P1N0	Q8K1A6
Q6P1N0	Q66HA5
Q6P1N0	Q5T0F9
Q6P1N0	Q5FVK6
Q6P1N0	Q8BRN9
Q6P1N0	Q5T0F9-2
P20917	P20917
P20917	P07722-2
P20917	P07722
P20917	P20916
P20917	Q3ZB60
P20917	P20917-2
Q9QXN3	Q9QXN3
Q9QXN3	Q15650
Q9QXN3	B5DEP5
Q64649	Q64649
Q64649	P18826
Q64649	P18688
Q64649	P46020
Q64649	P46020-2
Q64649	P46020-3
Q64649	Q8CBA7
Q64649	P46019
Q64649	NP_001382568
Q64649	Q8BWJ3
Q64649	Q5RKH5
Q64649	Q93100-2
Q64649	Q7TSH2
Q64649	Q93100-3
Q64649	Q93100
Q64649	P12798
Q64649	E0CZ55
P24270	P24270
P24270	O62839
P24270	P04762
P24270	P04040
Q9CPY3	Q9CPY3
Q9CPY3	XP_574612
Q9CPY3	Q96FF9
Q9CXW3	Q9CXW3
Q9CXW3	Q9HB71
Q9CXW3	Q6AYK6
Q9ULV3	Q9ULV3
Q9ULV3	Q8VEH2
Q9ULV3	F1LV60
Q9UEU0	Q9UEU0
Q9UEU0	Q9UEU0-2
Q9UEU0	O88384
Q9UEU0	P58200
Q9R1P1	Q9R1P1
Q9R1P1	P40112
Q9R1P1	P49720
Q6A4J8	Q6A4J8
Q6A4J8	Q4VSI4
Q6A4J8	Q93009
Q6A4J8	Q93009-3
Q9BRK3-2	Q9BRK3-2
Q9BRK3-2	Q9DBV4
Q9BRK3-2	Q9BRK3
Q9BRK3-2	Q5XI43
Q9NZH7	Q9NZH7
Q6XCG6	Q6XCG6
Q5W0B7	Q5W0B7
Q5W0B7	A2ARJ3
Q6UWW9	Q6UWW9
Q6UWW9	P86045
P0CAT3	P0CAT3
Q3LI67	Q3LI67
Q3LI67	Q3LI66
Q3LI67	Q3LI64
Q3LI67	Q3LI54
Q8IUB5	Q8IUB5
Q8IUB5	Q5DQQ6
Q8IUB5	M0R9E6
P40205	P40205
Q96IR3	Q96IR3
Q6ZRR5	Q6ZRR5
Q6ZRR5	Q3TYE7
Q8TAF5	Q8TAF5
Q5XIH0	Q5XIH0
Q5XIH0	Q9D0U6
Q5XIH0	Q9H063
Q8CG45	Q8CG45
Q8CG45	Q8CG76
Q8CG45	Q8NHP1-2
Q8CG45	Q8NHP1
Q8CG45	O95154
Q8CG45	P38918
Q8CG45	O43488
Q5U209	Q5U209
Q5U209	Q9CWY8
Q5U209	O75792
Q14CW9-2	Q14CW9-2
Q14CW9-2	D4A5H7
Q14CW9-2	Q14CW9
Q14CW9-2	A2AWT3
Q14CW9-2	Q3UD01
Q14CW9-2	D3ZFQ1
Q14CW9-2	Q96GX2
Q494U1-2	Q494U1-2
Q494U1-2	Q494U1
Q494U1-2	Q8C886
Q494U1-2	Q8C886-2
Q6AY04	Q6AY04
Q6AY04	Q8BHE8
Q6AY04	Q8WWC4
O94901-9	O94901-9
O94901-9	O94901-6
O94901-9	O94901
O94901-9	O94901-3
O94901-9	Q9UH99-2
O94901-9	Q8BJS4
O94901-9	Q9UH99
O94901-9	XP_001076724
O94901-9	Q9D666
O94901-9	Q5U2W0
O94901-9	Q8TC36
O94901-9	Q9DA32
O94901-9	Q8TAQ9
O94901-9	Q5SS91
O94901-9	O55034
O94901-9	Q9NPE6
O94901-9	Q9JJF2
G3UX33	G3UX33
G3UX33	Q9Y5W7-2
G3UX33	Q8BHY8
G3UX33	Q9Y5W7
D4A659	D4A659
D4A659	Q6NXK2
D4A659	Q8N1G0
D4A659	Q9D2D7
D4A659	D3ZT56
D4A659	Q9HCE3
D4A659	Q92610
D4A659	D3ZJG8
D4A659	Q8BHZ4
Q12792-3	Q12792-3
Q12792-3	Q12792
Q12792-3	Q91YR1
Q12792-3	Q6IBS0
Q12792-3	Q9Z0P5
Q12792-3	Q5RJR2
Q12792-3	B0BMY7
XP_002729610	XP_002729610
XP_002729610	Q86V15-2
XP_002729610	Q9CWL2
XP_002729610	Q8CI82
XP_002729610	Q86V15
J3S6Y1	J3S6Y1
J3S6Y1	F1LTU1
J3S6Y1	Q8WU66
Q86UQ5	Q86UQ5
Q86UQ5	Q86UQ5_VAR_AAP13553
Q3UVY5	Q3UVY5
Q3UVY5	Q63HM2
Q9BTW9-4	Q9BTW9-4
Q9BTW9-4	Q9BTW9
Q9BTW9-4	F1M1D5
Q9BTW9-4	Q8BYA0
Q99062-3	Q99062-3
Q99062-3	Q99062-4
Q99062-3	Q99062
Q99062-3	P40223
P19971-2	P19971-2
P19971-2	Q5FVR2
P19971-2	P19971
P19971-2	Q99N42
Q14318-2	Q14318-2
Q14318-2	Q3B7U9
Q14318-2	O35465
Q14318-2	Q14318
Q14318-2	Q14318-3
Q9H503-2	Q9H503-2
Q9H503-2	D4A728
Q9H503-2	Q9H503
Q9H503-2	Q8BVR0
Q9H503-2	O75531
Q9H503-2	Q9R1T1
Q9H503-2	O54962
F1MCA8	F1MCA8
F1MCA8	P42167
F1MCA8	Q61029
F1MCA8	Q62733
D3ZZY5	D3ZZY5
D3ZZY5	Q9ERV7
D3ZZY5	Q9HB75
D3ZZY5	Q9HB75-2
D3ZZY5	Q9HB75-6
Q16610-4	Q16610-4
Q16610-4	Q16610
Q16610-4	Q62894
Q16610-4	Q61508
Q8NBZ7-2	Q8NBZ7-2
Q8NBZ7-2	Q5PQX0
Q8NBZ7-2	Q8NBZ7
Q8NBZ7-2	Q91XL3
Q96GS6-2	Q96GS6-2
Q96GS6-2	Q6PCB6
Q96GS6-2	Q99JW1
Q96GS6-2	B5DFK7
Q96GS6-2	Q6AY17
Q96GS6-2	Q5VST6
Q96GS6-2	Q7M759
Q96GS6-2	Q8VCV1
Q96GS6-2	Q96GS6
Q96GS6-2	Q5XIJ5
Q9NXG6-3	Q9NXG6-3
Q9NXG6-3	Q9NXG6
Q9NXG6-3	Q8BG58
Q9NXG6-3	D3ZJG3
Q6P4F1-2	Q6P4F1-2
Q6P4F1-2	Q5F2L1
Q6P4F1-2	Q6P4F1
Q6P4F1-2	Q5F2L2
Q6P4F1-2	Q68FV3
Q6P4F1-2	Q495W5
Q6P4F1-2	Q8BHC9
Q9ES75	Q9ES75
Q9ES75	Q80XD8
Q9ES75	Q96NZ9
P59647	P59647
P59647	P97808
P59647	Q96DB9
Q5XHY3	Q5XHY3
Q5XHY3	D3ZXL6
Q5XHY3	Q9D5S1
Q5XHY3	Q99MV2
Q5XHY3	Q8NA77
Q4QQV7	Q4QQV7
Q4QQV7	O95992
Q4QQV7	Q9Z0F5
Q76IC5	Q76IC5
Q76IC5	Q9ESW8
Q76IC5	Q9NXJ5
Q76IC5	A6NFU8
Q76IC5	Q9CWB5
O35775	O35775
O35775	Q0VAF6
O35775	Q8VCK7
P54825	P54825
P54825	P56563
P54825	P20274
P54825	P55344
P0C7N0	P0C7N0
P0C7N0	Q9Y3V2
P0C7N0	Q8VIL2
O35394	O35394
O35394	Q9UI14
O35394	Q9Z0S9
Q5XIB9	Q5XIB9
Q5XIB9	Q96CG3
Q5XIB9	Q793I8
P63090	P63090
P63090	P63089
P63090	P21246
P63090	P21741
P63090	P12025
P63090	Q9R1S9
Q5XIP9	Q5XIP9
Q5XIP9	Q9BTV4
Q5XIP9	Q9DBS1
Q6EV70	Q6EV70
Q6EV70	Q9H488
Q6EV70	Q91ZW2
P40126-2	P40126-2
P40126-2	P29812
P40126-2	P40126
P40126-2	P07147
P40126-2	P17643
P40126-2	P11344
P40126-2	P14679
Q8TF66-2	Q8TF66-2
Q8TF66-2	Q8TF66
Q8TF66-2	Q80X72
Q8TF66-2	Q8R5M3
Q8TF66-2	O08770
Q8TF66-2	P40197
Q8TF66-2	O08742
Q8TF66-2	G3V881
Q8TF66-2	Q96FE5
Q8TF66-2	Q9D1T0
Q8TF66-2	Q7L985
Q8TF66-2	Q3URE9
Q8TF66-2	NP_001101396
Q8TF66-2	Q6UY18
Q8TF66-2	Q149C3
Q8TF66-2	P0C6S8
Q8TF66-2	Q6GQU6
Q8NHV4-3	Q8NHV4-3
Q8NHV4-3	P33215
Q8NHV4-3	Q8NHV4
Q8NHV4-3	NP_001100249
Q6UWU4-2	Q6UWU4-2
Q6UWU4-2	Q6UWU4
Q6UWU4-2	Q6P6G2
Q6UWU4-2	Q99KU6
Q99467	Q99467
Q99467	Q62192
Q5SVJ3	Q5SVJ3
Q5SVJ3	Q9DAA7
Q96M86	Q96M86
Q96M86	D3Z2X2
P52657	P52657
P52657	O08950
P52657	Q80ZM7
P01592	P01592
P01592	P01591
Q3MUY2	Q3MUY2
Q3MUY2	P0C1P0
Q3MUY2	A6JNZ4
Q9JHS3	Q9JHS3
Q9JHS3	D4A465
Q9JHS3	Q9Y2Q5
F8VQD1	F8VQD1
F8VQD1	Q86U86
F8VQD1	Q86U86-2
F8VQD1	D3ZT52
F8VQD1	Q8BSQ9
F8VQD1	Q86U86-8
F8VQD1	Q86U86-4
F8VQD1	Q86U86-9
Q07912-3	Q07912-3
Q07912-3	O54967-2
Q07912-3	O54967
Q07912-3	Q5U2X5
Q07912-3	Q07912
Q07912-3	Q9UJM3
Q07912-3	Q99JZ7
Q07912-3	P05432
Q07912-3	NP_001100482
Q07912-3	Q99ML2-2
Q07912-3	Q99ML2
Q07912-3	Q13470-2
Q07912-3	Q13470
XP_001063397	XP_001063397
XP_001063397	O88875
XP_001063397	O95971
XP_001063397	Q5T2V6
Q99720	Q99720
Q99720	O55242
Q99720	Q9R0C9
Q2EN81	Q2EN81
Q2EN81	Q06647
Q2EN81	Q9DB20
Q2EN81	P13621
Q2EN81	P48047
Q4V7C6	Q4V7C6
Q4V7C6	Q3THK7
Q4V7C6	P49915
XP_001003391	XP_001003391
XP_001003391	Q6P3A2
P86174	P86174
P86174	Q6ZU67-3
P86174	Q6ZU67
XP_001480424	XP_001480424
XP_001480424	P04646
XP_001480424	O55142
XP_001480424	P18077
Q80WA5	Q80WA5
Q80WA5	Q9JKZ2
Q80WA5	P53794
Q80WA5	P31639
Q80WA5	Q923I7
Q80WA5	P53792
Q80WA5	A0PJK1-4
Q80WA5	Q2M3M2-2
Q80WA5	Q5SWY8
Q80WA5	A0PJK1
Q80WA5	Q8VDT1
Q80WA5	Q2M3M2
Q80WA5	Q8WWX8
Q80WA5	Q9Z1F2
Q80WA5	Q8K0E3
Q80WA5	D3ZIS0
Q80WA5	Q9ET37
Q80WA5	Q9NY91
Q80WA5	Q8C3K6
Q80WA5	P13866
Q80WA5	P53790
Q80WA5	F1LQV2
Q80WA5	Q91ZP4
Q80WA5	Q3V0B7
D4A8W8	D4A8W8
D4A8W8	Q8CFK2
D4A8W8	Q92994
Q3U1V0	Q3U1V0
Q9D578	Q9D578
Q9D4N0	Q9D4N0
D3ZXM0	D3ZXM0
D3ZXM0	P50636
D3ZXM0	Q9NV58
D3ZXM0	A2A7Q9
D3ZXM0	Q6ZMZ0-3
D3ZXM0	Q6ZMZ0
D3ZXM0	Q6ZMZ0-4
D3ZXM0	Q6ZMZ0-2
B5DEL7	B5DEL7
B5DEL7	P60058
B5DEL7	P60059
B5DEL7	P60060
D4A514	D4A514
D4A514	O70162
D4A514	P28698
D4A514	Q8BIC7
D4A514	NP_001101533
D4A514	B0V2W4
D4A514	Q8BGS5
D4A514	P10073
D4A514	P17029
D4A514	Q8BGS3
D4A514	Q4KLI1
D4A514	Q642B9
D4A514	Q810A1
D4A514	P17022
D4A514	Q86W11
D4A514	Q8C9M8
D4A514	Q9NWS9
D4A514	Q8BSL0
D4A514	Q15776
D4A514	Q5FVP7
D4A514	Q9BRR0
D4A514	O14771
D4A514	P49910
D4A514	Q3UGD5
D4A514	NP_001099234
D4A514	B9EJW5
D4A514	Q15697
D4A514	Q15697-2
D4A514	Q8NBB4
Q9JI92	Q9JI92
Q9JI92	O08992
Q9JI92	Q4KLN0
Q9JI92	O00560-2
Q9JI92	Q99JZ0
Q9JI92	Q9H190
Q9JI92	O00560
A0A0U1RPR8	A0A0U1RPR8
A0A0U1RPR8	P51839
A0A0U1RPR8	P51842
A0A0U1RPR8	Q5SDA5
A0A0U1RPR8	P51841
A0A0U1RPR8	P52785
A0A0U1RPR8	Q02846
A0A0U1RPR8	P51840
A0A0U1RPR8	P16066
A0A0U1RPR8	P18910
A0A0U1RPR8	P18293
A0A0U1RPR8	P16067
A0A0U1RPR8	P20594
A0A0U1RPR8	P20594-2
A0A0U1RPR8	Q6VVW5
A0A0U1RPR8	Q6TL19
A0A0U1RPR8	P55205
P62919	P62919
P62919	P62918
P62919	P62917
D3ZSX0	D3ZSX0
D3ZSX0	Q80ZT1
Q6PDS3-3	Q6PDS3-3
Q6PDS3-3	Q6SZW1
Q6PDS3-3	Q6PDS3
Q6PDS3-3	D3ZUM2
Q6PDS3-3	Q6SZW1-2
Q63064	Q63064
Q63064	Q64389
B1WC78	B1WC78
B1WC78	Q5PSV4
B1WC78	Q3U1T3
B1WC78	Q9HCU9
B1WC78	Q99N20
B1WC78	Q5M7T3
XP_008771269	XP_008771269
XP_008771269	P79457
XP_008771269	O70546
XP_008771269	O14607-4
XP_008771269	O14607
XP_008771269	O14607-5
XP_008771269	O15550
O15085-2	O15085-2
O15085-2	O15085
O15085-2	Q61210-5
O15085-2	Q92888
O15085-2	Q61210
O15085-2	Q92888-3
O15085-2	Q92888-4
O15085-2	Q61210-2
O15085-2	Q9ES67
O15085-2	Q9Z1I6
O15085-2	Q68FM7
O15085-2	Q3U048
O15085-2	Q5BMA6
O15085-2	Q9NZN5-2
O15085-2	Q8R4H2
O15085-2	Q9NZN5
Q96T88-2	Q96T88-2
Q96T88-2	Q96T88
Q96T88-2	NP_001101055
Q96T88-2	Q7TMI3
Q96T88-2	Q96PU4
Q96T88-2	Q8VDF2
Q96T88-2	Q7TPK1
Q96T88-2	Q8VDF2-2
F1M654	F1M654
F1M654	B2RUZ4
F1M654	P0C8K7
Q9P0K7-2	Q9P0K7-2
Q9P0K7-2	Q9P0K7-4
Q9P0K7-2	Q9P0K7
Q9P0K7-2	Q5U312
Q9P0K7-2	Q9EP71
Q9P0K7-2	Q91ZU0
Q9P0K7-2	Q9H672
Q07866-9	Q07866-9
Q07866-9	Q9H0B6-2
Q07866-9	Q7TNF4
Q07866-9	Q07866-2
Q07866-9	Q07866-6
Q07866-9	Q07866-7
Q07866-9	Q07866-3
Q07866-9	P37285
Q07866-9	Q07866
Q07866-9	Q07866-4
Q07866-9	Q9H0B6
Q07866-9	B2GV74
Q07866-9	Q91YS4
Q07866-9	O88448
Q07866-9	Q7M6Z7
Q07866-9	O88447
Q07866-9	Q9NSK0-3
Q07866-9	Q9DBS5
Q07866-9	Q9NSK0
Q07866-9	Q5PQM2
Q07866-9	Q6P597-3
Q07866-9	Q68G30
Q07866-9	Q91W40
Q07866-9	Q6P597
Q07866-9	Q6P597-2
F1MMU4	F1MMU4
F1MMU4	Q80ZM5
F1MMU4	Q92522
F1MMU4	D3ZIX4
F1MMU4	M0R7B4
F1MMU4	P43277
F1MMU4	P16401
F1MMU4	P16402
F1MMU4	D3ZBN0
F1MMU4	P15865
F1MMU4	P02253
F1MMU4	P15864
F1MMU4	P43276
F1MMU4	P43274
F1MMU4	P10412
F1MMU4	P16403
F1MMU4	Q07133
F1MMU4	P06349
F1MMU4	P22492
F1MMU4	Q02539
F1MMU4	D4A3K5
F1MMU4	P43275
F1MSB5	F1MSB5
F1MSB5	Q99JX3
F1MSB5	Q9R064
F1MSB5	Q9H8Y8
F1MSB5	Q9H8Y8-2
F1MSB5	O35254
F1MSB5	Q91X51
F1MSB5	Q2YDP4
F1MSB5	Q9BQQ3
A0A075B6N2	A0A075B6N2
A0A075B6N2	A0A5B7
Q9UKX5-2	Q9UKX5-2
Q9UKX5-2	P61622
Q9UKX5-2	Q9UKX5
Q9UKX5-2	P17301
Q9UKX5-2	A0A0G2K470
Q9UKX5-2	Q62469
Q9UKX5-2	P18614
Q9UKX5-2	Q3V3R4
Q9UKX5-2	P56199
Q9UKX5-2	O75578
Q9UKX5-2	Q14BL5
Q8N6C5-4	Q8N6C5-4
Q8N6C5-4	Q7TQA1
Q8N6C5-4	Q8N6C5
Q8N6C5-4	Q925N6
Q8N6C5-4	Q9HCN6
Q8N6C5-4	P43630
Q8N6C5-4	P43628
Q8N6C5-4	Q14954
Q8N6C5-4	P43632
Q8N6C5-4	P43629
Q8N6C5-4	P43626
Q8N6C5-4	Q8N109
Q8N6C5-4	P43627
Q8N6C5-4	Q8NHK3
Q8N6C5-4	Q99706
Q8N6C5-4	Q14952
Q8N6C5-4	Q14943
Q8N6C5-4	Q8N743
Q8N6C5-4	Q14953
Q8N6C5-4	P43631
Q8N6C5-4	Q99706-3
Q8N6C5-4	XP_574346
Q8N6C5-4	B6A8R8
Q8N6C5-4	Q8IYS5-7
Q8N6C5-4	D3ZCA1
Q8N6C5-4	Q8IYS5-2
Q8N6C5-4	Q8IYS5
Q8N6C5-4	Q8VBT3
Q8N6C5-4	P0C191
Q8N6C5-4	Q9Z0H5
Q8N6C5-4	O76036
Q8N6C5-4	Q8C567
Q8N6C5-4	Q9EPH1
Q8N6C5-4	Q19LI2
Q8N6C5-4	P04217
Q8NFJ9-2	Q8NFJ9-2
Q8NFJ9-2	Q8NFJ9
Q8NFJ9-2	Q3V3N7
Q4KM32	Q4KM32
Q4KM32	Q96NY9
Q4KM32	Q91ZJ0
P82450	P82450
P82450	Q9HAT2
P82450	P70665
Q5I0J5	Q5I0J5
Q5I0J5	Q8VDV8
Q5I0J5	Q8WV92
P62950	P62950
P62950	P62952
P62950	P62951
Q9BV97-1	Q9BV97-1
Q9QZG1	Q9QZG1
Q9QZG1	A1A5C7
Q9QZG1	Q3UHH2
Q9QZG1	Q8WUG5
Q9QZG1	Q9D9E0
Q9QZG1	Q8WUG5-2
Q9QZG1	Q8WUG5-3
Q9QZG1	Q9P290
Q9QZG1	XP_851018
Q9QZG1	A6NKX4
Q924V4	Q924V4
Q924V4	Q8BPX9
Q924V4	Q8IY34
Q924V4	O09014
Q924V4	Q8N697
Q924V4	Q91W98
Q5U2P0	Q5U2P0
Q5U2P0	Q8TF46
Q5U2P0	Q8C0S1
Q5U2P0	Q8IYB7
Q5U2P0	D3ZIL9
Q5U2P0	Q8CI75
Q5U2P0	Q9CSH3
Q5U2P0	BAC98069
Q5U2P0	B2RYL7
Q5U2P0	Q9Y2L1-2
Q5U2P0	Q9Y2L1
Q9EQS5	Q9EQS5
Q9EQS5	O75845
Q9EQS5	O88822
D3ZAT9	D3ZAT9
D3ZAT9	Q3UMF9
D3ZAT9	Q5TGI0
Q6P4R8-2	Q6P4R8-2
Q6P4R8-2	Q6P4R8
Q6P4R8-2	D4A421
Q6P4R8-2	Q6PIJ4
Q8N5Y8-3	Q8N5Y8-3
Q8N5Y8-3	Q5U2Q4
Q8N5Y8-3	Q8N5Y8
Q8N5Y8-3	Q7TMM8
Q8NBI5-2	Q8NBI5-2
Q8NBI5-2	Q8NBI5
Q8NBI5-2	NP_001101213
Q8NBI5-2	A2AVZ9
P29218-3	P29218-3
P29218-3	O14732
P29218-3	Q91UZ5
P29218-3	P97697
P29218-3	Q8CIN7
P29218-3	P29218
P29218-3	O55023
F6Y6X8	F6Y6X8
F6Y6X8	P06332
F6Y6X8	P01730
F6Y6X8	B0AZV7
F6Y6X8	P05540
Q8N2G4-2	Q8N2G4-2
Q8N2G4-2	Q8N2G4
Q8N2G4-2	Q66H42
Q8N2G4-2	Q8BLC3
Q9UI26-2	Q9UI26-2
Q9UI26-2	Q8K2V6
Q9UI26-2	Q9UI26
Q9UI26-2	XP_038959425
Q9H974-4	Q9H974-4
Q9H974-4	Q9H974
Q9H974-4	B8ZXI1
Q9H974-4	NP_001292082
XP_038943054	XP_038943054
XP_038943054	Q969X5
XP_038943054	Q9DC16
D4A932	D4A932
D4A932	Q80TQ5
D4A932	Q8IWE5
B4F792	B4F792
B4F792	Q86VK4-3
B4F792	Q86VK4
B4F792	Q8BKX7
B1WBR6	B1WBR6
B1WBR6	A0AVI4
B1WBR6	Q8K304
M0R9J6	M0R9J6
M0R9J6	Q3KRA6
M0R9J6	Q9CRW3
D3ZVP6	D3ZVP6
D3ZVP6	Q8CEC6
D3ZVP6	Q96BP3
D3ZVP6	Q9D0W5
D3ZVP6	Q9Y3C6
D3ZVP6	Q4KLI4
D3ZVP6	Q9D6L8
D3ZVP6	Q812D3
D3ZVP6	Q9H2H8
P57776-3	P57776-3
P57776-3	P57776-2
P57776-3	Q91VK2
P57776-3	P53787
P57776-3	P57776
P57776-3	Q68FR9
P57776-3	P29692
P57776-3	P29692-2
P57776-3	P29692-4
P57776-3	P29692-3
P57776-3	Q68FR9-2
P57776-3	A5D989
P57776-3	Q9BW34
P57776-3	Q658K8
P57776-3	P34826
P57776-3	O70251
P57776-3	P24534
P57776-3	B5DEN5
Q9NV79	Q9NV79
Q9NV79	D3ZY20
Q9NV79	Q96MG8
Q9NV79	Q8BHD8
Q9NV79	Q9NV79-2
Q9NV79	P59913
Q9NV79	Q9NV79-3
Q9NV79	D4A629
Q9ES34	Q9ES34
Q9ES34	Q7Z3V4
Q9NQR1	Q9NQR1
Q9NQR1	Q2YDW7
P56960	P56960
P56960	Q01780
P56960	D4A1X2
Q14699	Q14699
Q14699	Q6A0D4
Q14699	G3V7I2
Q14699	Q52LD8
Q14699	Q8CHX7
Q14699	D3ZII1
P37268	P37268
P37268	P53798
P37268	Q02769
Q9CPU0	Q9CPU0
Q9CPU0	Q04760
Q9CPU0	Q6P7Q4
Q9CPU0	Q04760-2
Q14191	Q14191
Q14191	O09053
Q14191	F1LTH9
Q14191	P46063
Q14191	Q6AYJ1
Q14191	Q9Z129
Q92966	Q92966
Q92966	Q9D2C9
Q92966	Q5BK68
Q8BGN6	Q8BGN6
Q8BGN6	Q9BZD6
Q8BGN6	D3ZZA9
Q99471	Q99471
Q99471	Q9WU28
Q99471	B5DFN4
Q5XI14	Q5XI14
Q5XI14	E9Q956
Q5XI14	Q4G0Z9
Q99698	Q99698
Q99698	Q9Z2X9
Q99698	P97412
Q8IYW2	Q8IYW2
Q8IYW2	Q8IYW2-2
Q8IYW2	XP_574582
Q8IYW2	D3Z8S9
Q8IYW2	Q8BZQ3
Q60847	Q60847
Q60847	XP_243912
Q60847	Q99715
Q60847	Q80X19
Q60847	Q05707
Q60847	D3ZZT9
Q60847	Q05707-2
Q8NEM0	Q8NEM0
Q8NEM0	Q8NEM0-3
Q8NEM0	Q8NEM0-2
Q8NEM0	Q7TT79
Q8NEM0	D3ZJM7
Q9BRK5	Q9BRK5
Q9BRK5	Q91ZS3
Q9BRK5	Q9BRK5-6
Q9BRK5	Q61112
Q9Y6L7	Q9Y6L7
Q9Y6L7	P98063
Q9Y6L7	P13497-6
Q9Y6L7	P13497
Q9Y6L7	Q9WVM6
Q9Y6L7	F1M798
Q9Y6L7	O43897
Q9Y6L7	Q62381
Q9Y6L7	Q8K480
Q9Y6L7	Q9BY79
Q9D005	Q9D005
Q9WVL7	Q9WVL7
Q9WVL7	P18340
Q9WVL7	Q07325
Q9WVL7	P19875
Q9WVL7	P12850
Q9WVL7	P14095
Q9WVL7	P30348
Q9WVL7	P09341
Q9WVL7	Q6W5C0
Q9WVL7	Q10746
Q9WVL7	P19876
Q9WVL7	P06765
Q9WVL7	Q9Z126
Q9WVL7	P10145
Q9WVL7	P50228
Q9WVL7	P97885
Q9WVL7	P42830
Q9WVL7	P80162
Q9WVL7	P02775
Q9WVL7	P10720
Q9WVL7	P02776
Q9WVL7	P10889
Q5T2S8	Q5T2S8
Q5T2S8	B2RY50
Q5T2S8	D3ZXG2
Q5T2S8	Q5T2S8-2
Q9P2E8	Q9P2E8
Q9P2E8	Q80TE3
Q9P2E8	A6NNE9
Q9P2E8	A6P320
Q9P2E8	Q8CBH7
Q9P2E8	Q3TZ87
Q9P2E8	Q86YJ5
Q99L47	Q99L47
Q99L47	P50502
Q99L47	Q8IZP2
Q99L47	P50503
Q9CQL6	Q9CQL6
Q9CQL6	D3ZE10
Q9CQL6	Q9NZE8
Q8WXG9	Q8WXG9
Q8WXG9	Q8VHN7-2
Q8WXG9	Q8VHN7
Q8WXG9	XP_342370
Q9CPV0	Q9CPV0
Q9CPV0	D3ZFW5
Q9CPV0	Q6UX40
D3Z8L5	D3Z8L5
D3Z8L5	Q14671-4
D3Z8L5	Q14671-3
D3Z8L5	Q80U78
D3Z8L5	Q14671-2
D3Z8L5	Q80U58
D3Z8L5	Q8TB72
D3Z8L5	Q80U58-2
D3Z8L5	Q8TB72-2
D3Z8L5	D3ZQL8
D3Z8L5	Q8TB72-3
D3Z8L5	Q8TB72-4
D3Z8L5	Q14671
O75223	O75223
O75223	O75223-2
O75223	O75223-3
O75223	O75223-4
O75223	D3ZPV8
O75223	Q9D7X8
Q92918	Q92918
Q92918	D3Z8I4
Q92918	P70218
Q92918	Q63562
Q92918	Q07174
Q92918	P41279
P15991	P15991
P15991	P42929
P15991	P42930
P15991	P04792
P15991	P14602
P15991	Q5S1U1
P15991	Q3T149
P15991	Q00649
P15991	P24622
P15991	P02489
P15991	P24623
P15991	P02470
P15991	P02493
P15991	P41316
P15991	P23928
P15991	P02511
P15991	P23927
P15991	Q7M2W6
P15991	P02510
P15991	F1RM62
P15991	Q5EBG6
P15991	P97541
P15991	O14558
P15991	Q9EPX0
P15991	Q9JK92
P15991	Q9UJY1
P15991	O35878
P15991	Q99PR8
P15991	Q16082
Q92793	Q92793
Q92793	Q6JHU9
Q92793	P45481
Q92793	Q92793-2
Q92793	Q09472
Q92793	XP_001076610
Q92793	B2RWS6
Q96HR8	Q96HR8
Q96HR8	Q3UMQ8
Q96HR8	Q96HR8-2
Q96HR8	Q52KK4
Q9ERA6	Q9ERA6
Q9ERA6	Q9UBB9
Q9ERA6	Q5U2Y6
Q9UQ35	Q9UQ35
Q9UQ35	Q9UQ35-2
Q9UQ35	NP_001264083
Q9UQ35	Q8BTI8
Q9UQ35	Q8BTI8-2
Q9UQ35	Q8BTI8-3
Q9UQ35	F1MI03
Q9UQ35	Q80WV7
Q9UQ35	A6NNA2
Q9UQ35	D3ZQH1
Q9EPQ8	Q9EPQ8
Q9EPQ8	Q9UGU0-2
Q9EPQ8	Q9UGU0
Q9EPQ8	D3ZG21
Q9EPQ8	E1B8T3
Q9EPQ8	Q3UT76
Q9UMF0	Q9UMF0
Q9UMF0	Q60625
Q9UMF0	D4A435
Q9UMF0	P32942
Q9UMF0	Q00238
Q9UMF0	P13597
Q9UMF0	NP_083743
Q9UMF0	P05362
Q9UMF0	P35330
Q9UMF0	P13598
Q9UMF0	Q9ERM2
P14148	P14148
P14148	P05426
P14148	O95036
P14148	P18124
P14148	NP_001386263
P14148	Q9D8M4
P14148	Q6DKI1
Q8CGN4	Q8CGN4
Q8CGN4	Q8CGN4-4
Q8CGN4	D4A2J9
Q8CGN4	Q8CGN4-2
Q8CGN4	Q8CGN4-3
Q8CGN4	Q6W2J9
Q8CGN4	Q6W2J9-2
P97379	P97379
P97379	Q6AY21
P97379	P97379-2
P97379	Q9UN86-2
P97379	Q9UN86
P97379	P97855
P97379	D3ZYS7
P97379	Q13283
Q9C0G0	Q9C0G0
Q9C0G0	Q9C0G0-2
Q9C0G0	G3UVV3
Q3UNZ8	Q3UNZ8
Q3UNZ8	B0BNC9
Q3UNZ8	P47199
Q3UNZ8	Q6AYT0
Q3UNZ8	Q08257
Q3UNZ8	Q08257-3
Q0VBM2	Q0VBM2
Q0VBM2	Q5T0W9
Q0VBM2	D3ZF70
Q0VBM2	Q8K2P2
Q0VBM2	Q86UY5
Q0VBM2	Q86UY5-3
Q0VBM2	Q86UY5-2
Q60991	Q60991
Q60991	O75881
Q60991	Q63688
Q60991	O88962
Q60991	Q9WVT5
Q60991	Q9UNU6
Q60991	P22680
Q60991	Q64505
Q60991	P18125
Q60991	O35074
Q60991	Q16647
Q60991	Q62969
Q9HCE5	Q9HCE5
Q9HCE5	Q3UIK4
Q9HCE5	B2RYI4
Q8CAE2	Q8CAE2
Q8CAE2	Q5T8I9
Q8CAE2	Q32PY6
Q3UME2	Q3UME2
Q3UME2	Q24JQ0
Q5QJ38	Q5QJ38
Q5QJ38	Q9D3P1
D3ZZS8	D3ZZS8
D3ZZS8	P21281
D3ZZS8	P62814
D3ZZS8	P15313
D3ZZS8	P62815
D3ZZS8	Q91YH6
Q8C4A5	Q8C4A5
Q8C4A5	XP_226128
Q8C4A5	Q9C0F0
Q8C4A5	Q8IXJ9
Q8C4A5	P59598
Q8C4A5	XP_002726316
Q8C4A5	Q76L83
Q8C4A5	Q76L83-2
Q8C4A5	NP_001101481
Q8C4A5	Q8BZ32
Q7RTW8	Q7RTW8
Q7RTW8	Q8K561
Q7RTW8	XP_001079392
D3Z937	D3Z937
D3Z937	Q9NP66
D3Z937	Q9DC33
D3Z937	D4A586
D3Z937	Q9P0W2
D3Z937	Q9Z104
Q9BYB4	Q9BYB4
Q9BYB4	Q9EQ15
Q9BYB4	D4A2F0
Q9BYB4	F8WH35
Q6JHY2	Q6JHY2
Q6JHY2	Q6JHY3
O75934	O75934
O75934	B5DFM8
O75934	Q9D287
Q8WXI7	Q8WXI7
Q8WXI7	XP_002727050
Q8TCG5	Q8TCG5
Q8TCG5	F1LN46
Q8TCG5	Q8BGD5
Q8TCG5	P32198
Q8TCG5	P97742
Q8TCG5	P50416
Q8TCG5	Q63704
Q8TCG5	Q924X2
Q8TCG5	Q92523
Q8TCG5	Q92523-4
Q2TB18	Q2TB18
Q2TB18	Q5XHY6
Q2TB18	Q8BIR2
D3ZS29	D3ZS29
D3ZS29	Q9H9S0
D3ZS29	Q8N7R0
D3ZS29	Q6NSW7
D3ZS29	Q80Z64
D3ZG43	D3ZG43
D3ZG43	Q9DCT2
D3ZG43	O75489
Q3V2D2	Q3V2D2
Q3V2D2	Q6UWT4
Q8N6N6	Q8N6N6
Q8N6N6	Q9DBW3
Q8N6N6	D4A230
Q9DAA4	Q9DAA4
Q9DAA4	A4D1T9
D4A7J4	D4A7J4
D4A7J4	Q9Y3C7
D4A7J4	Q9CXU1
Q569A2	Q569A2
Q569A2	O95859
Q569A2	Q8BKT6
Q569A2	Q66H06
Q569A2	O60637-2
Q569A2	O60637
Q569A2	Q9QY33
Q9BV20	Q9BV20
Q9BV20	Q9CQT1
Q9BV20	Q5HZE4
Q810N9	Q810N9
Q810N9	Q6AXT4
Q810N9	P0C7W6
Q9Y6G3	Q9Y6G3
Q9Y6G3	Q9CPV3
Q9Y6G3	P0C2B9
Q96MD2	Q96MD2
Q96MD2	Q6P1I3
Q8BHB7	Q8BHB7
Q8BHB7	Q6P387
Q8BHB7	Q6P387-2
P04563	P04563
P04563	P48757
P04563	P01350
P10148	P10148
P10148	P13500
P10148	P14844
P10148	Q62401
P10148	D4ABS1
P10148	Q03366
P10148	Q9QXY8
P10148	P80098
P10148	P97545
P10148	P48298
P10148	P51671
P10148	O89093
P10148	P78556
P10148	P97884
P10148	Q9JKC0
P10148	O00175
P10148	O15467
P10148	Q16627-2
P10148	Q16627
P10148	P50231
P10148	P13501
P10148	P30882
P10148	O00626
P10148	P55774
P10148	O88430
Q99437	Q99437
Q99437	Q91V37
Q99437	P63082
Q99437	P63081
Q99437	P27449
Q6ISU1	Q6ISU1
Q6ISU1	P0C6B3
Q6ISU1	P0C6B2
Q07326	Q07326
Q07326	O09101
Q9NP84	Q9NP84
Q9NP84	Q9CR75
Q9NP84	Q80XX9
Q9NWF9-1	Q9NWF9-1
Q9NWF9-1	P58283
Q9NWF9-1	Q9NWF9
Q9NWF9-1	Q6NUR6
Q9NWF9-1	D3ZU60
P25031	P25031
P25031	P42854
P25031	O09049
P25031	Q6UW15
P25031	P35230
P25031	Q06141
P25031	O09037
P25031	P35231
P25031	Q08731
P25031	P05451
P25031	P43137
P25031	P10758
P25031	P48304
P25031	Q9BYZ8
P25031	Q68AX7
P25031	Q9D8G5
A0A0C5B5G6	A0A0C5B5G6
Q9Y5V3-2	Q9Y5V3-2
Q9Y5V3-2	Q9ES73
Q9Y5V3-2	Q9QYH6
Q9Y5V3-2	Q9Y5V3
Q9Y5V3-2	Q96JG8-4
Q9Y5V3-2	Q96JG8
E1BHM5	E1BHM5
E1BHM5	B2RY56
E1BHM5	P49756
E1BHM5	XP_001079014
E1BHM5	P49756-2
E1BHM5	D3Z8R4
E1BDW9	E1BDW9
E1BDW9	O54921
E1BDW9	Q9D4H1
E1BDW9	Q96KP1
Q9ULG6-5	Q9ULG6-5
Q9ULG6-5	Q9ULG6-3
Q9ULG6-5	D4AE99
Q9ULG6-5	Q9ULG6
Q9ULG6-5	Q640L3
Q9BQS8-4	Q9BQS8-4
Q9BQS8-4	Q9BQS8
Q9BQS8-4	D3Z9D2
Q9BQS8-4	Q8VDC1
Q9NR82-6	Q9NR82-6
Q9NR82-6	G3UYG5
Q9NR82-6	Q9NR82
Q9NR82-6	Q9JK45
Q9NR82-6	Q9NR82-3
Q9NR82-6	O88944
Q9NR82-6	O88944-2
Q9NR82-6	O43525
Q9NR82-6	Q8K3F6
Q9NR82-6	Q14B66
Q9NR82-6	Q9JK97
Q9NR82-6	P56696
Q9NR82-6	XP_001071249
Q9NR82-6	Q9JK96
Q9NR82-6	O43526
Q9NR82-6	Q9Z351-12
Q9NR82-6	O43526-4
Q9NR82-6	O43526-3
Q9NR82-6	Q9Z351-3
Q9NR82-6	O88943
Q9NR82-6	Q9Z351
Q9NR82-6	P51787
Q9NR82-6	Q9Z0N7
Q9NR82-6	P97414
P06730-2	P06730-2
P06730-2	P63074
P06730-2	P63073
P06730-2	P06730
P06730-2	Q3UTA9
P06730-2	A6NMX2
P06730-2	O60573
P06730-2	Q0P688
P06730-2	Q8BMB3
P06730-2	D4A174
P06730-2	O60573-2
Q86VR7-2	Q86VR7-2
Q86VR7-2	Q86VR7
Q86VR7-2	D3YZF7
P0C172	P0C172
P0C172	Q96A98
P0C172	Q91W27
P43251-2	P43251-2
P43251-2	Q5FVF9
P43251-2	P43251
P43251-2	Q8CIF4
P43251-2	O95498
P43251-2	D4A183
P43251-2	Q9QZ25
P43251-2	O95497
P43251-2	Q9Z0K8
P43251-2	Q4KLZ0
Q6V0K7	Q6V0K7
Q6V0K7	Q8WWZ8
Q6V0K7	Q8R4V5
Q5PT56	Q5PT56
Q5PT56	Q3UEZ8
Q5PT56	Q96EP9
Q5PT56	P26435
Q5PT56	O35940
Q5PT56	O08705
Q5PT56	Q14973
Q5PT56	Q3KNW5
Q5PT56	Q9CXB2
Q5PT56	Q70EX6
Q5PT56	Q62633
Q5PT56	P70172
Q5PT56	Q12908
Q6TU36	Q6TU36
Q6TU36	Q30KJ2
Q9WTR7	Q9WTR7
Q9WTR7	P67812-4
Q9WTR7	Q9R0P6
Q9WTR7	P67812
Q9WTR7	P67812-3
Q9WTR7	Q9D8V7
Q9WTR7	Q9BY50
Q9WTR7	P0C7V7
Q9WTR7	P42667
NP_001386448	NP_001386448
NP_001386448	Q9UJK0
NP_001386448	Q5HZH2
P0DPI4	P0DPI4
D3ZZQ4	D3ZZQ4
D3ZZQ4	Q9H7C9
D3ZZQ4	Q8R0P4
D3ZZQ4	Q9H7C9-2
D3ZYY0	D3ZYY0
D3ZYY0	Q5M8N4
D3ZYY0	Q9NRG7
D3ZYY0	Q9NRG7-3
A0A8I6B5Y3	A0A8I6B5Y3
A0A8I6B5Y3	Q8IXH7-4
A0A8I6B5Y3	Q8IXH7
A0A8I6B5Y3	Q922L6
G8EFI2	G8EFI2
A0A5F8MPU3	A0A5F8MPU3
A0A5F8MPU3	A0A5F8MPU3-2
A0A5F8MPU3	F7ENY6
A0A5F8MPU3	Q53TS8
A0A5F8MPU3	Q53TS8-1
Q9D581	Q9D581
Q9D581	A6NFE3
Q9D581	D4AA55
Q8IW35-2	Q8IW35-2
Q8IW35-2	Q8IW35
Q8IW35-2	Q9CZ62
Q8IW35-2	D4AC95
Q15562-4	Q15562-4
Q15562-4	Q15562
Q15562-4	P28347-2
Q15562-4	Q15561
Q15562-4	NP_001185518
Q15562-4	P30051
Q15562-4	P28347
Q15562-4	Q62296
Q15562-4	F1M665
Q15562-4	B5DF69
Q15562-4	P48301
Q15562-4	P70210
Q15562-4	Q99594
Q15562-4	NP_001091686
Q9HBI1-2	Q9HBI1-2
Q9HBI1-2	Q9HBI1
Q9HBI1-2	Q9EPC1
Q9HBI1-2	Q9HB97
Q9HBI1-2	D3ZKG5
Q9HBI1-2	Q9NVD7
Q9HBI1-2	Q9ES46
Q9HBI1-2	Q9NVD7-2
Q9HBI1-2	Q9ERD8
Q9HBI1-2	Q9HBI0
D3ZHR8	D3ZHR8
D3ZHR8	Q6IPR3
D3ZHR8	Q8BSA9
A9UMW0	A9UMW0
A9UMW0	Q9BZL1
A9UMW0	Q9EPV8
Q32Q54	Q32Q54
Q32Q54	Q9NVA1
Q32Q54	Q9CWU6
Q9CZ04	Q9CZ04
Q9CZ04	Q9H9Q2
Q9CZ04	Q8BV13
Q9CZ04	Q9UBW8
Q9CZ04	G3V8Z9
Q9CZ04	XP_006245477
Q9CZ04	Q9H9Q2-3
P30044	P30044
P30044	Q9R063
P30044	P99029
Q9EQY0	Q9EQY0
Q9EQY0	Q76MJ5
Q9EQY0	Q9Z2E3
Q9EQY0	O75460
Q5VUM1	Q5VUM1
Q5VUM1	Q8BTE0
Q5VUM1	D4A7Q3
Q5MJ70	Q5MJ70
Q5MJ70	Q8R496
Q5MJ70	Q5IBH7
Q5MJ70	Q5MJ68
Q80WK2	Q80WK2
Q80WK2	Q86UW2
Q8BY79	Q8BY79
Q8BY79	Q2M3R5
A2A4E2	A2A4E2
Q9UBS3	Q9UBS3
Q9UBS3	Q9QYI6
Q9UBS3	P97554
Q8BNE1	Q8BNE1
Q8BNE1	D3Z8A4
Q8BNE1	Q921K8
Q8BNE1	Q9Y4C2
Q8BNE1	XP_038964578
Q8BNE1	Q6QR59
Q8BNE1	Q6P6V7
Q8BNE1	A6NFQ2
Q8BNE1	A6NFQ2-3
Q497L9	Q497L9
Q497L9	Q9Y226
Q497L9	Q6A4L0
Q497L9	B2GV36
Q497L9	Q9Y267
Q8N8D1	Q8N8D1
Q8N8D1	Q9WTY1
D3Z750	D3Z750
D3Z750	A6NES4
D3Z750	Q7TNB4
D3Z750	Q9BYG7
D3Z750	Q9BYG7-2
Q8IYR6	Q8IYR6
Q8IYR6	Q9QYV1
Q8IYR6	Q6PFE7
Q8IYR6	Q9QYM9
Q8IYR6	Q9UIK5
Q8IYR6	XP_223280
Q8IYR6	Q6UW88
Q8IYR6	Q924X1
Q6ZTZ1	Q6ZTZ1
Q6ZTZ1	Q8BIL2
Q96GW9	Q96GW9
Q96GW9	D4A9V7
Q96GW9	Q499X9
Q9QUS4	Q9QUS4
Q9QUS4	Q9UBP5
Q9QUS4	Q9Y5J3
Q9QUS4	Q9WV93
Q9QUS4	Q9NQ87
Q9QUS4	Q9DBX7
Q9QUS4	Q9Y543
Q9QUS4	P35429
Q9QUS4	O54792
Q8QZV0	Q8QZV0
Q8QZV0	Q8WXF8
Q8QZV0	O75618
Q8QZV0	Q9Z1L3
Q8QZV0	Q9Z2K0
P0DPB6	P0DPB6
P0DPB6	P97304
P0DPB6	O08740
P0DPB6	Q9GZM3
P0DPB6	P52435
P0DPB6	D3ZQI0
P0DPB6	Q9H1A7
P0C7A3	P0C7A3
P0C7A3	Q96T53
P0C7A3	B1Q005
Q9UKP4	Q9UKP4
Q9UKP4	Q1EHB3
Q9UKP4	Q68SA9
Q9UKP4	P59509
Q9UKP4	Q8TE59
Q9UKP4	D4ABB3
Q9UKP4	E9Q4D1
Q9UKP4	Q811B3
Q9UKP4	P58397
Q9UKP4	Q76LX8
Q9UKP4	Q76LX8-3
Q9UKP4	Q769J6
Q6P4I2	Q6P4I2
Q6P4I2	Q9CWR1
Q6P4I2	B0BN27
Q61066	Q61066
Q61066	P51843
Q61066	P70503
Q61066	P51843-2
Q61066	P97947
Q61066	Q15466
Q61066	Q62227
Q8WV48	Q8WV48
Q8WV48	Q9DCC3
Q8QZY4	Q8QZY4
Q8QZY4	Q9BSG5
Q8N9H8	Q8N9H8
Q08AT1	Q08AT1
Q08AT1	Q9NYN1
Q08AT1	Q96A58
Q08AT1	Q8R367
Q08AT1	F1M2G3
Q08AT1	Q9H628
Q08AT1	B2RVE2
Q08AT1	D3ZM99
Q08AT1	Q9BPW5
Q08AT1	Q922H7
Q08AT1	Q6IMA7
Q08AT1	Q6IMA3
Q08AT1	Q6T310
Q08AT1	Q6IMB1
Q08AT1	P11234-2
Q08AT1	Q9JIW9
Q08AT1	P11234
Q08AT1	P63322
Q08AT1	P36860
Q08AT1	P11233
Q08AT1	P63321
Q08AT1	P62836
Q08AT1	Q8BU31
Q08AT1	P61227
Q08AT1	A6NIZ1
Q08AT1	Q9Y3L5
Q08AT1	P61226
Q08AT1	P61225
Q08AT1	Q62636
Q08AT1	P62835
Q08AT1	P10114
Q08AT1	P62834
Q08AT1	Q99JI6
Q08AT1	P61223
Q08AT1	P61224
Q08AT1	Q78P65
Q08AT1	D3ZK56
Q08AT1	Q80ZJ1
P25105	P25105
P25105	P46002
P25105	Q62035
P25105	Q61038
P25105	Q8IYL9
P0C6C1	P0C6C1
P0C6C1	Q8BLB8
P0C6C1	Q3UUF8
P0C6C1	D3ZKP1
P0C6C1	A5PLL1
P0C6C1	Q69YU3
P0C6C1	B2RW11
P0C6C1	Q5BJT1
Q8K1D8	Q8K1D8
Q8K1D8	Q6UWT2
Q6ZUJ4	Q6ZUJ4
Q6ZUJ4	M0RBA6
Q6ZUJ4	Q9D9C7
Q6ICI0	Q6ICI0
Q6ICI0	Q3UUA0
Q969F0	Q969F0
Q969F0	Q8CEK7
Q9UFP1	Q9UFP1
Q9UFP1	Q3UY90
Q9UFP1	Q3UY90-2
Q9UFP1	Q9UFP1_VAR_Q460R
Q9UFP1	Q3UY90-3
Q9UFP1	Q6UWH4-2
Q9UFP1	Q6UWH4
Q9UFP1	Q3UPI1
Q9UFP1	Q6P7B4
Q283N4	Q283N4
Q283N4	A6NGE7
Q6P2C8	Q6P2C8
Q6P2C8	Q9DB40
Q6P2C8	B2RZ56
Q6PID8	Q6PID8
Q6PID8	Q6PAR0
Q6PID8	Q5U3Y0
Q9NZR4	Q9NZR4
Q9NZR4	Q91V10
Q9NZR4	Q61412
Q9NZR4	P58304
Q6ZRT9	Q6ZRT9
Q711G3	Q711G3
Q711G3	Q2TAA2
Q711G3	Q9DB29
Q86V88	Q86V88
Q86V88	E9PL57
Q86V88	D4A4U3
Q86V88	Q9D967
Q5T7N2	Q5T7N2
Q5T7N2	Q587J6
Q5T7N2	XP_001059852
Q5T7N2	Q9UN81
Q96QE2	Q96QE2
Q96QE2	Q921A2
Q96QE2	Q3UHK1
Q9BYE9	Q9BYE9
Q9BYE9	D3ZAN2
Q9BYE9	E9Q7P9
Q9BYE9	Q96JP9
Q9BYE9	Q96JP9-2
Q9BYE9	Q8VHP6
Q9BYE9	Q91XU7
B2RT41	B2RT41
B2RT41	O60293-2
B2RT41	O60293
B2RT41	XP_001078674
P51003	P51003
P51003	P25500
P51003	D3ZAN6
P51003	D3ZK96
P51003	Q9NRJ5
P51003	Q9WVP6
P51003	Q61183
P51003	Q6PCL9
P51003	Q9BWT3
P10745	P10745
P10745	P49194
Q8N103	Q8N103
Q8N103	B2RWW0
Q9D7Y9	Q9D7Y9
Q9D7Y9	Q5VYV7
Q13253	Q13253
Q13253	P97466
Q13253	Q62809
O55038	O55038
O55038	O43927
P0C851	P0C851
P0C851	Q8BFY0
Q9NUL5	Q9NUL5
Q9NUL5	Q8CAK3
Q9NUL5	Q5RJN4
Q8C6B9	Q8C6B9
Q8C6B9	A0A0U1RRW3
Q8C6B9	Q86WX3
Q86XR2	Q86XR2
Q86XR2	Q86XR2-3
Q5GAN3	Q5GAN3
Q5GAN3	Q5GAL7
Q5GAN3	Q5GAM7
B2RRE4	B2RRE4
B2RRE4	D4ABC6
B2RRE4	Q9C0D4
Q569E4	Q569E4
Q569E4	Q9BUN1
Q569E4	Q5XI62
P55107	P55107
P55107	P55108
P55107	P97737
P55107	P12645
P55107	Q8BHE5
P55107	P49002
Q8N7U7	Q8N7U7
Q8N7U7	P0DV77
Q6ZSM3	Q6ZSM3
Q6ZSM3	D4A734
Q6ZSM3	Q8BGC3
Q6ZSM3	O60669
Q6ZSM3	O95907
Q6ZSM3	O35910
Q6ZSM3	P57787
Q6ZSM3	O15427
Q6ZSM3	O35308
Q6ZSM3	O70461
Q6ZSM3	O15375
Q6ZSM3	G5E8K6
Q6ZSM3	P53985
Q6ZSM3	B4E106
Q6ZSM3	Q63344
Q6ZSM3	O70451
Q6ZSM3	P53987
Q6ZSM3	P53986
Q6ZSM3	Q8R0M8
Q6ZSM3	Q5U2P9
Q6ZSM3	O15374
Q6ZSM3	O15374-4
Q6ZSM3	Q8NCK7
Q6ZSM3	NP_001099267
Q6ZSM3	Q5NC32
Q9Y272	Q9Y272
Q9Y272	P63032
Q9Y272	Q96D21
Q9Y272	O35626
Q9Y272	Q9JKF8
Q9Y272	P63033
Q3TQQ9	Q3TQQ9
Q3TQQ9	Q9NSG2
Q86UW1	Q86UW1
Q86UW1	Q8R000
P05546	P05546
P05546	Q64268
P05546	P49182
P05546	Q8R121
P05546	Q62975
P05546	Q9UK55
P05546	Q00898
P05546	P07758
P05546	P22599
P05546	Q00897
P05546	Q00896
P05546	P32261
P05546	P01008
P05546	Q5M7T5
P05546	Q8IW75
P05546	Q8R4Z1
P05546	Q7TMF5
P05546	P48594
P05546	P29508
P05546	P29508-2
P05546	Q99574
P05546	O35684
P05546	Q9JLD2
P05546	W4VSP4
P05546	Q60854
P05546	Q6P9U0
P05546	O08804
P05546	P29524
P05546	P12388
P05546	P05120
P05546	Q68FX2
P05546	D3ZHB5
P05546	O08800
P05546	P07093-3
P05546	P07092
P05546	P07093
P05546	Q07235
P05546	P01012
P05546	P70564
P05546	P36952
P05546	P70124
Q921H9	Q921H9
Q921H9	Q96BR5
Q921H9	D4AC65
Q8IWN7	Q8IWN7
Q8IWN7	Q8CGM2
Q86Y56	Q86Y56
Q86Y56	G3V943
Q86Y56	B9EJR8
Q86Y56	Q86Y56_VAR_060464
Q5T8D3	Q5T8D3
Q5T8D3	Q5T8D3-3
Q5T8D3	Q5T8D3-2
Q5T8D3	Q5XG73
Q5T8D3	A0FKI7
Q5T8D3	Q5XG73-3
Q5T8D3	O09035
Q5T8D3	P56702
Q5T8D3	P07108-5
Q5T8D3	P07108
Q5T8D3	P07107
Q5T8D3	P31786
Q5T8D3	Q8WN94
Q5T8D3	P11030
Q5T8D3	P07108-2
Q5T8D3	Q8N6N7
Q5T8D3	Q9D258
Q5T8D3	D3ZB36
Q5T8D3	XP_001080098
Q49MI3	Q49MI3
Q49MI3	Q49MI3-9
Q49MI3	F1M6A9
Q49MI3	A2AQH1
O95873	O95873
O95873	Q9Z1R4
O95873	Q6MG51
Q8IX19	Q8IX19
Q8IX19	Q9D8U6
Q9HCH0	Q9HCH0
Q9HCH0	Q9HCH0-2
Q9HCH0	D3Z9A7
Q9HCH0	Q6GQX2
E9Q4P1	E9Q4P1
E9Q4P1	Q8IWB7
E9Q4P1	NP_001380913
E9Q4P1	Q96P53
E9Q4P1	Q8BUB4
Q96T37	Q96T37
Q96T37	XP_001068152
Q96T37	Q0VBL3
Q96T37	Q96T37-2
Q96T37	Q96T37-3
Q96T37	NP_001193510
Q96T37	Q8NDT2
Q96T37	D3ZHD6
Q96T37	Q6PHZ5
Q15652	Q15652
Q15652	Q15652-2
Q15652	Q15652-3
Q15652	XP_001080424
Q15652	Q6ZPY7
Q15652	Q7LBC6-2
Q15652	A0A8I5ZXX2
Q15652	Q7LBC6
Q15652	G3UZM1
Q15652	Q69ZK6
Q15652	Q6PCM1
Q15652	Q63679
Q15652	Q9Y4C1
Q6P9B9	Q6P9B9
Q6P9B9	D3ZTW1
Q6P9B9	Q8CHT3
P33316	P33316
P33316	P33316-2
P33316	P70583
P33316	NP_001035361
P33316	Q9CQ43
P02686	P02686
P02686	P02687
P02686	P02686-2
P02686	P02686-5
P02686	P02686-3
P02686	P02686-4
P02686	P25274
P02686	P02688
P02686	P04370
P02686	P04370-6
P02686	P04370-5
P02686	P04370-8
P02686	P04370-10
P02686	P15720
Q3U1D9	Q3U1D9
Q3U1D9	A7E2U8
Q8VI84	Q8VI84
Q8VI84	Q8WTT2
Q8VI84	D4AB23
A8MTQ0	A8MTQ0
A8MTQ0	Q5TIS6
P97347	P97347
P97347	D3ZRF0
P97347	Q6XPR3
Q5GJ75	Q5GJ75
Q5GJ75	Q3TBL6
Q5GJ75	Q6P589
Q5GJ75	Q9D8Y7
Q5GJ75	Q6AYJ8
Q5GJ75	O95379
Q5GJ75	Q8WVP5
Q5GJ75	Q8K288
Q5GJ75	D4A9G3
Q5GJ75	Q921Z5
Q5GJ75	M0R7K3
Q9BZ19	Q9BZ19
Q9BZ19	A2AMD2
Q9BZG2	Q9BZG2
Q9BZG2	D3YTS9
Q9BZG2	Q9BZG2-2
Q9BZG2	P15309-2
Q9BZG2	P20646
Q9BZG2	Q8CE08
Q9BZG2	P15309
Q9BZG2	P20611
Q9BZG2	P11117
Q9BZG2	P24638
Q92834-6	Q92834-6
Q92834-6	B1WC72
Q92834-6	Q92834-2
Q92834-6	Q3UWJ5
Q92834-6	Q92834
Q92834-6	Q9R0X5
Q5HYC2	Q5HYC2
Q5HYC2	NP_766424
Q6ZUU3	Q6ZUU3
Q9DAR6	Q9DAR6
Q8C963	Q8C963
Q8C963	P0C7I6
Q99N59	Q99N59
Q99N59	P00688
Q99N59	P00687
Q99N59	P0DUB6
Q99N59	P00689
Q99N59	P04746
Q99N59	P19961
Q9NZF1	Q9NZF1
Q9NZF1	B5DF36
Q9NZF1	Q9JI48
NP_001163945	NP_001163945
NP_001163945	Q86V87
NP_001163945	Q80YR2
NP_001163945	Q5W0V3
NP_001163945	D4A3I5
NP_001163945	Q8CDM8
P26187	P26187
P26187	P16455
P26187	P24528
Q8WYB5	Q8WYB5
Q8WYB5	Q8WYB5-2
Q8WYB5	Q8WYB5-3
Q8WYB5	Q5SVQ0
Q8WYB5	Q810T5
Q8WYB5	O95251-4
Q8WYB5	O95251-2
Q8WYB5	O95251
Q8WYB5	Q8BRB7
Q8WYB5	XP_001067699
Q8WYB5	Q9H7Z6-2
Q8WYB5	Q5XI06
Q8WYB5	Q9D1P2
Q8WYB5	Q9H7Z6
Q8WYB5	Q92794
Q8WYB5	Q8BZ21
Q8WYB5	Q5TKR9
Q5STR5	Q5STR5
P49842-1	P49842-1
P49842-1	A0A8I5ZJ96
P49842-1	Q9JHN8
P49842-1	P49842
Q6JBI7	Q6JBI7
Q6JBI7	A0T1J8
Q6JBI7	Q6J0M8
Q6JBI7	Q6JBI6
Q6JBI7	Q8WWI1
Q6JBI7	Q8WWI1-4
Q6JBI7	Q8WWI1-2
Q6JBI7	Q8WWI1-3
Q6JBI7	B7ZN52
Q80YR4	Q80YR4
Q80YR4	Q80YR4-3
Q80YR4	Q86UK7
Q80YR4	Q86UK7-3
Q80YR4	NP_001099240
Q80YR4	Q86UK7-2
P81128	P81128
P81128	Q9NRY4
P81128	Q91YM2
P81128	P97393
P81128	Q13017-2
P81128	Q6TUE6
P81128	Q13017
Q96S44	Q96S44
Q96S44	D3ZCD7
Q96S44	Q99PW4
Q60760	Q60760
Q60760	P0CE43
Q60760	Q13322
Q60760	Q13322-2
Q60760	Q14451-3
Q60760	Q9QZC5
Q60760	Q14451
Q60760	Q03160
Q60760	Q14451-2
B2RWQ8	B2RWQ8
B2RWQ8	Q8CDF7
B2RWQ8	Q8NHP7
Q8BX57	Q8BX57
Q8BX57	Q4FZZ1
Q8BX57	Q7Z7A4
Q8BX57	Q7Z7A4-2
P49682-2	P49682-2
P49682-2	O88410
P49682-2	P49682
P49682-2	Q9JII9
P49682-2	P56485
P49682-2	P25106
P49682-2	O89039
P49682-2	Q9EQ16
P49682-2	O00574
P49682-2	Q6XKD3
P49682-2	Q9Z2J6
P49682-2	Q9Y5Y4
P49682-2	P35414
P49682-2	Q9WV08
P49682-2	Q9JHG3
P49682-2	Q13304
P49682-2	Q6NS65
P49682-2	Q09QM4
P49682-2	P47774
P49682-2	P32248
P49682-2	Q6U2D6
P49682-2	P49238-2
P49682-2	P35411
P49682-2	P49238
P49682-2	Q9Z0D9
P49682-2	Q04683
P49682-2	P32302
P49682-2	P34997
P49682-2	P51680
P49682-2	P51679
P49682-2	P70658
P49682-2	O08565
P49682-2	P61073-2
P49682-2	P61073
P49682-2	P51684
P49682-2	Q5BK58
P49682-2	O54689
P49682-2	P46663
P49682-2	P97583
P49682-2	Q61125
P49682-2	O00590
P49682-2	Q9NPB9
P49682-2	Q924I3
P49682-2	P41597
P49682-2	P51683
P49682-2	O55193
P49682-2	P41597-2
P49682-2	P51682
P49682-2	P51681
P49682-2	O08556
P49682-2	P51686
P49682-2	Q9WUT7
P49682-2	P35351
P49682-2	P35374
P49682-2	P50052
P49682-2	NP_001100341
P49682-2	Q9R0M1
P49682-2	P46094
P49682-2	P46092
P49682-2	Q9JL21
P49682-2	Q95MG6
P49682-2	Q96P88
P49682-2	P30968
P49682-2	P30969
P49682-2	Q01776
P49682-2	P25023
P49682-2	P32299
P49682-2	P30411
P49682-2	P29754
P49682-2	P25095
P49682-2	P30556
P49682-2	P29755
P49682-2	P29089
O43683	O43683
O43683	O08901
O43683	D4A5D3
O14746	O14746
O14746	O14746-2
O14746	O14746-3
O14746	Q673L6
O14746	O70372
Q92674	Q92674
Q92674	Q8K1K4
Q92674	Q63517
Q9H715	Q9H715
P08689	P08689
P08689	P04278
P08689	P97497
P18615-3	P18615-3
P18615-3	P19426
P18615-3	P18615
P18615-3	Q0V898
P18615-3	Q6MG75
O60566-3	O60566-3
O60566-3	O60566
O60566-3	O60566-2
O60566-3	Q9Z1S0
O60566-3	F1LMI1
P15509-7	P15509-7
P15509-7	P15509-6
P15509-7	P15509
P15509-7	P15509-5
P15509-7	Q00941
P78346-2	P78346-2
P78346-2	P78346
P78346-2	NP_001178012
P78346-2	O88796
Q86YL7-3	Q86YL7-3
Q86YL7-3	Q86YL7
Q86YL7-3	Q62011
Q86YL7-3	Q64294
Q9UPX0-2	Q9UPX0-2
Q9UPX0-2	E9PZ19
Q9UPX0-2	Q9UPX0
Q9UPX0-2	D3ZB51
Q9UPX0-2	P0C5H6
Q9UPX0-2	Q9P2J2
Q9UPX0-2	Q05BQ1
Q7Z3S7-5	Q7Z3S7-5
Q7Z3S7-5	Q5RJF7
Q7Z3S7-5	Q7Z3S7
Q7Z3S7-5	Q9Z1L5
Q7Z3S7-5	Q8CFG5
Q7Z3S7-5	Q8IZS8
Q6ZU45	Q6ZU45
NP_001185839	NP_001185839
NP_001185839	Q9NX45
NP_001185839	A6NNP5
NP_001185839	Q9D489
NP_001185839	Q3MHT3
O43581-3	O43581-3
O43581-3	Q9R0N7
O43581-3	O43581
O43581-3	E9PZA8
O43581-3	Q8CF96
O43581-3	Q62747
O43581-3	Q9BT88
O43581-3	O08835
O43581-3	Q9R0N3
O43581-3	P21579
O43581-3	P46097
O43581-3	NP_001239271
O43581-3	P46096
O43581-3	Q8N9I0
O43581-3	P21707
O43581-3	P47861
O43581-3	P48018
O43581-3	O00445
O43581-3	P29101
O43581-3	Q9R0N5
O43581-3	Q9BQG1
O43581-3	P40748
O43581-3	O35681
O43581-3	Q9R0N4
O43581-3	O08625
O43581-3	Q6XYQ8
O43581-3	Q62746
O43581-3	Q9R0N8
O43581-3	Q5T7P8
O43581-3	Q05BE2
O43581-3	P97610
O43581-3	Q920N7
O43581-3	Q8IV01
O43581-3	Q925C0
O43581-3	Q9R0N9
O43581-3	Q86SS6
O43581-3	P50232
O43581-3	P40749
O43581-3	Q9H2B2
O43581-3	Q9BQS2-3
O43581-3	P59926
O43581-3	Q8C6N3
O43581-3	Q9BQS2
O43581-3	X6R8R1
O43581-3	Q62807
O43581-3	Q920M7
O43581-3	Q9BSW7
O43581-3	Q8NBV8
O43581-3	Q925B4
O43581-3	Q9R0N6
Q8WUY3-3	Q8WUY3-3
Q8WUY3-3	Q8WUY3
Q8WUY3-3	F1MFL0
Q8WUY3-3	Q52KR3
Q8WUY3-3	XP_038957293
Q8WUY3-3	Q8BHE3
Q8WUY3-3	Q86WG3
Q8WUY3-3	Q1M168
Q8WUY3-3	Q7Z465
Q8WUY3-3	Q99JU7
Q8WUY3-3	Q12982-2
Q8WUY3-3	O54940
Q8WUY3-3	Q12982
Q8WUY3-3	D3ZGE0
Q8WUY3-3	Q6AYG3
Q8WUY3-3	Q86TP1
Q8WUY3-3	Q8BIW1
D4ACD4	D4ACD4
D4ACD4	Q8IZ73
D4ACD4	Q149F1
D4ACD4	Q4QQT0
D4ACD4	Q9CWX4
D4ACD4	Q96CM3
B5DF37	B5DF37
B5DF37	Q8R2K4
B5DF37	Q9Y6J9
A0A1B0GTC6	A0A1B0GTC6
B0BMY5	B0BMY5
B0BMY5	Q9BSY4
B0BMY5	Q9CQP3
Q5XIH5	Q5XIH5
Q5XIH5	A2AFK4
Q5XIH5	Q9H4K7
Q5XIH5	A4D1E9
Q5XIH5	D4A3U1
Q5XIH5	Q8K013
C0HLU2	C0HLU2
E9QAT4-2	E9QAT4-2
E9QAT4-2	E9QAT4
E9QAT4-2	D3ZN76
E9QAT4-2	Q96JE7
E9QAT4-2	NP_446023
E9QAT4-2	Q91XT4
E9QAT4-2	F1N6K7
E9QAT4-2	O15027
E9QAT4-2	O15027-2
E9QAT4-2	A4QN18
E9QAT4-2	O15027-5
Q6IN37	Q6IN37
Q6IN37	P17900
Q6IN37	Q60648
A0A0A0MTA4	A0A0A0MTA4
Q63630	Q63630
Q63630	P52651
Q5M920	Q5M920
Q5M920	Q9D903
Q5M920	Q99848
B9EKX1	B9EKX1
B9EKX1	Q6ZW05
B9EKX1	Q14B62
B9EKX1	Q96NR3
B9EKX1	D3ZX73
Q8K3A6	Q8K3A6
Q8K3A6	Q66HF0
Q8K3A6	Q7L4S7
Q60626	Q60626
Q7LC44	Q7LC44
Q7LC44	Q9WV31
Q7LC44	Q63053
XP_001081723	XP_001081723
XP_001081723	Q6ZPJ3
XP_001081723	Q9C0C9
XP_001065149	XP_001065149
XP_001065149	Q3UP38
XP_001065149	Q9BSW2
XP_001065149	Q9BSW2
XP_001065149	Q9H082
XP_001065149	O35963
XP_001065149	F1LW77
XP_001065149	Q15907
XP_001065149	Q15907-2
XP_001065149	P46638
XP_001065149	O35509
XP_001065149	P62492
XP_001065149	P62491
XP_001065149	B5DEP2
XP_001065149	P57735
XP_001065149	P62494
XP_001065149	O95755
XP_001065149	Q8CAM5
XP_001065149	Q8N4Y2
XP_001065149	Q8N4Y2-3
XP_001065149	Q80ZJ8
XP_001065149	B0BNK9
XP_001064937	XP_001064937
XP_001064937	B1AY13
XP_001064937	E1BND0
XP_001064937	Q9UPU5
XP_001064937	Q93008-3
XP_001064937	Q93008
XP_001064937	NP_001129365
XP_001064937	O00507
XP_001064937	P70398
XP_001064937	Q91XW2
Q5YLM1	Q5YLM1
Q5YLM1	Q6WQJ1
Q5YLM1	Q9Y4D2
Q5YLM1	Q8NCG7
Q5YLM1	Q8NCG7-4
Q5YLM1	P0C1S9
Q5YLM1	Q91WC9
Q5RKG3	Q5RKG3
Q5RKG3	Q75WM6
Q5RKG3	Q8CJI4
Q9ERQ6	Q9ERQ6
Q9ERQ6	Q71M36-2
Q9ERQ6	Q71M36
Q9ERQ6	O95196
Q9ERQ6	O95196-2
B5TVM2	B5TVM2
B5TVM2	Q71H61
B5TVM2	D3ZGJ1
B5TVM2	Q86SU0
B5TVM2	Q8CBR1
B5TVM2	E9PSR6
B5TVM2	Q86X29
B5TVM2	Q86X29-2
B5TVM2	Q99KG5
B5TVM2	Q9WU74
B5TVM2	Q99KG5-2
B5TVM2	Q86X29-3
P0C025	P0C025
P0C025	Q9CWD3
Q9Y256	Q9Y256
Q9Y256	A0A024R5B6
Q9Y256	P57791
Q9Y256	B0BMW8
A8MT66	A8MT66
Q63505	Q63505
Q63505	Q8K284
Q63505	Q12789
Q63505	Q12789-3
Q5T5U3	Q5T5U3
Q5T5U3	Q5T5U3-3
Q5T5U3	F1LXQ7
Q5T5U3	Q6DFV3
Q5T5U3	Q9P227
Q5T5U3	XP_220918
Q5T5U3	Q69ZH9
Q9NXV6	Q9NXV6
Q9NXV6	Q5U2X0
Q9NXV6	Q8BI72
Q9NXV6	Q96HQ2
Q9NXV6	Q9D211
Q9NXV6	Q5RK03
Q8WWI5	Q8WWI5
Q8WWI5	Q8VII6
Q8WWI5	Q6X893
Q8WWI5	Q921V7
Q8WWI5	Q6AY92
Q8WWI5	Q8N4M1
Q8IY92	Q8IY92
Q8IY92	Q8IY92-2
Q8IY92	NP_001385580
Q8IY92	Q6P1D7
Q86Y13	Q86Y13
Q86Y13	Q7TPV2
Q86Y13	D3ZY61
Q8K558-2	Q8K558-2
Q8K558-2	Q8K558
Q8K558-2	Q86YW5
Q8C5H8	Q8C5H8
Q8C5H8	Q4G0N4
Q8C5H8	Q1HCL7
Q9QXA7	Q9QXA7
Q9QXA7	Q6QA27
Q9QXA7	Q96DX7
Q8BIA4	Q8BIA4
Q8BIA4	P0DL28
Q8BIA4	Q8N3Y1
Q8NHY0	Q8NHY0
Q8NHY0	Q09199
Q8NHY0	Q09200
Q8NHY0	Q00973
Q8NHY0	Q10468
Q9Y4P8	Q9Y4P8
Q9Y4P8	B2RYM2
Q9Y4P8	Q9Y4P8-5
Q9Y4P8	Q6AY57
Q9Y4P8	Q80W47
Q9Y4P8	Q5MNZ9
Q9Y4P8	Q8R3E3
Q9BT09	Q9BT09
Q9BT09	NP_001128182
Q9BT09	Q9BT09-2
Q9BT09	Q9DAU1
Q9BT09	Q8N129
Q9BT09	B1WC84
Q9BT09	Q8BQ47
Q8BGF8	Q8BGF8
Q8BGF8	NP_001100992
Q8BGF8	Q5M8T2
Q96PC5	Q96PC5
Q96PC5	Q96PC5-7
Q96PC5	NP_001358276
Q96PC5	A4D2H0
Q96PC5	Q96PC5-9
Q96PC5	Q96PC5-10
Q96PC5	Q96PC5-2
Q96PC5	A4FU28
Q96PC5	Q86UF2
Q96PC5	P0CG41
Q96PC5	Q96RT6
Q96PC5	Q8IX94
Q96PC5	NP_001358270
Q96PC5	Q91ZV0
Q96PC5	Q91ZV0-3
Q96PC5	Q96PC5-8
Q9NS93	Q9NS93
Q9NS93	Q9CRG1
Q9NS93	Q5FVF4
Q86SQ6-1	Q86SQ6-1
Q86SQ6-1	Q86SQ6
Q86SQ6-1	Q8C4G9
Q9Y692	Q9Y692
Q9Y692	Q9JL60
Q9Y692	Q9QUZ8
Q9Y692	P58929
Q9Y692	Q9UKD1
Q9Y692	O88873
Q9H7U1-3	Q9H7U1-3
Q9H7U1-3	Q3UHI0
Q9H7U1-3	Q9H7U1
Q9H7U1-3	D4A4E5
Q9H7U1-3	Q3UHI0-2
Q8N0T1	Q8N0T1
Q8N0T1	Q0VG62
Q8N0T1	D3ZXR6
Q8N0T1	Q8N0T1-2
Q8N7X0	Q8N7X0
Q8N7X0	G3UZ78
Q8N7X0	XP_003748695
D3ZWH2	D3ZWH2
D3ZWH2	Q9ET77
D3ZWH2	Q8WXH2
D3ZWH2	Q9ET78
D3ZWH2	Q2PS20
D3ZWH2	Q9HDC5
D3ZWH2	D3ZQ55
D3ZWH2	Q9ET80
D3ZWH2	Q9BR39
D3ZWH2	Q69FB3
D3ZWH2	Q96JJ6
D3ZWH2	Q80WT0
Q9UBP4	Q9UBP4
Q9UBP4	Q9QUN9
Q8WU58	Q8WU58
Q8WU58	Q6P539
Q8WU58	Q6PGH4
Q8WU58	Q5U5X8
Q9Y661	Q9Y661
Q9Y661	D3ZTA9
Q9Y661	Q9QZS6
Q9Y661	D3YVV6
Q9Y661	Q9Y662
Q9Y661	Q8BKN6
Q9Y661	Q80W66
Q9Y661	Q9Y663
Q9Y661	Q673U1
Q9Y661	Q9Y278
Q9Y661	Q5GFD5
Q9Y661	Q96QI5
Q9Y661	Q9ESG5
Q9Y661	O14792
Q9Y661	O35310
B5ME19	B5ME19
B5ME19	B5DFC8
B5ME19	Q8R1B4
B5ME19	Q99613
Q6UX72	Q6UX72
Q6UX72	Q8VI16
Q6UX72	Q8NFL0
Q6UX72	Q8K0J2
Q6UX72	Q66H69
Q6UX72	D3ZEF9
Q6UX72	Q9Z222
Q6UX72	Q9NY97
Q6UX72	Q5JCS9
Q6UX72	Q9Y2A9
Q6UX72	D3ZC66
Q6UX72	Q3USF0
Q6UX72	Q6ZMB0
Q6UX72	Q9C0J1
Q6UX72	Q1RLK6
Q6UX72	D4A3H6
Q6UX72	O96024
Q6UX72	Q9Z0F0
Q6UX72	O88178
A2RT62	A2RT62
A2RT62	Q5MJ12
A2RT62	Q8N461
K7EIQ3	K7EIQ3
P0DJG4	P0DJG4
P0DJG4	Q9DA15
P0DJG4	Q5PQR6
Q60587	Q60587
Q60587	P55084
Q60587	Q99JY0
Q60587	P24752
Q60587	P24752-2
Q60587	Q8QZT1
Q60587	P17764
Q60587	Q8VCH0
Q60587	P07871
Q60587	P21775
Q60587	P09110
Q60587	Q921H8
Q60587	P09110-2
Q60587	Q8CAY6
Q60587	Q5XI22
Q60587	Q9BWD1
Q60587	Q80X81
Q60587	XP_001077483
Q60587	Q8BWT1
Q60587	P42765
Q60587	P13437
Q13568-2	Q13568-2
Q13568-2	Q13568
Q13568-2	D3ZPU1
Q13568-2	P56477
Q13568-2	P97431
Q13568-2	O14896
Q13568-2	D4AAV0
Q13568-2	Q14653
Q13568-2	Q5XIB0
Q13568-2	P70671
Q13568-2	Q15306
Q13568-2	D3ZEX6
Q13568-2	Q64287
Q13568-2	Q02556
Q13568-2	Q5NUI4
Q13568-2	P23611
Q13568-2	Q61179
Q13568-2	Q00978
Q13568-2	Q68FP4
Q9UJ70-2	Q9UJ70-2
Q9UJ70-2	Q9UJ70
Q9UJ70-2	Q9QZ08
Q9UJ70-2	P81799
E5RHQ5	E5RHQ5
E5RHQ5	O75200
E5RHQ5	E9PJ23
E5RHQ5	F8W1W9
E5RHQ5	E9PQR5
E5RHQ5	Q92617-6
E5RHQ5	A0A0B4J1W7
E5RHQ5	Q9UND3
E5RHQ5	F8WFD2
E5RHQ5	E9PJI5
E5RHQ5	P0DM63
E5RHQ5	E9PIF3
E5RHQ5	E9PKD4
E5RHQ5	A6NHN6
E5RHQ5	A8MRT5
E5RHQ5	C9JG80
E5RHQ5	A6NJU9
E5RHQ5	F8W0I5
E5RHQ5	A6NJ64
E5RHQ5	Q92617
V9GX04	V9GX04
V9GX04	Q5HYL7
V9GX04	Q5EB63
P80192-4	P80192-4
P80192-4	Q3U1V8
P80192-4	P80192
P80192-4	F1LRA7
P80192-4	A6QQU8
P80192-4	Q80XI6
P80192-4	Q16584
P80192-4	Q66HA1
P80192-4	Q8VDG6
P80192-4	XP_006222868
P80192-4	Q5TCX8
P80192-4	Q5TCX8-2
P80192-4	Q02779
P80192-4	D3ZG83
P80192-4	Q66L42
A4D0Y5	A4D0Y5
Q5EXX3	Q5EXX3
Q5EXX3	Q3LR78
Q5EXX3	Q8NAP3
Q5FVG8	Q5FVG8
Q5FVG8	Q96HH9-2
Q5FVG8	Q96HH9
Q5FVG8	Q6PEM6
Q5FVG8	Q8IUY3
Q5FVG8	Q3V3G7
Q5FVG8	Q3V3G7-2
P01283	P01283
P01283	P01282
P01283	P32648
Q7Z602	Q7Z602
Q7Z602	Q7TQP0
Q9BXY5	Q9BXY5
Q9BXY5	Q9BXY5-2
Q9BXY5	Q8BUG5
Q9BXY5	D3ZRP1
Q5NCX5	Q5NCX5
Q5NCX5	Q96JN8
Q5NCX5	Q96JN8-2
Q5NCX5	D4A198
Q5NCX5	Q9D0S4
Q5NCX5	Q9BR09
Q8N3J3	Q8N3J3
Q8N3J3	Q32P12
Q8N3J3	Q6GX86
O60704	O60704
O60704	Q3KR92
O60704	Q5RJS8
O60704	O70281
O60704	O60507
O60704	O88856
Q6IN84	Q6IN84
Q6IN84	D3ZK81
Q6IN84	Q99J25
Q99MD8	Q99MD8
Q99MD8	Q9NPC7
Q15031	Q15031
Q15031	A0A0G2K9E5
Q15031	Q8VDC0
P16860	P16860
P16860	P40753
P16860	P13205
Q86WS4	Q86WS4
Q86WS4	F8VQ66
P05111	P05111
P05111	Q04997
P05111	P17490
Q6UXH9-2	Q6UXH9-2
Q6UXH9-2	Q6UXH9
Q6UXH9-2	Q8BU25
Q6UXH9-2	EDL79642
XP_001080236	XP_001080236
XP_001080236	O43149-3
XP_001080236	Q5SSH7
XP_001080236	O43149
Q969S0	Q969S0
Q969S0	Q8CIA5
Q99NC0	Q99NC0
P81245	P81245
Q9BTE1	Q9BTE1
Q9BTE1	Q4KM59
Q9BTE1	Q9QZB9
O43822-4	O43822-4
O43822-4	O43822
O43822-4	Q8C6G1
O43822-4	Q5RKG5
P48023	P48023
P48023	P41047
P48023	P36940
P48023	Q8K3Y7
P48023	O95150
P48023	Q5UBV8
P48023	O43557
P48023	Q9QYH9
P13599	P13599
P13599	Q61559
P13599	P55899
Q9UNG2	Q9UNG2
Q9UNG2	Q7TS55
P59534	P59534
P59534	P59535
P59534	Q67ET2
P59534	Q7TQB8
P59534	Q67ER9
P59534	Q7TQA5
P59534	Q9JKU1
P59534	Q9JKT2
P59534	Q9NYW4
P59534	Q9NYW7
P59534	Q67ET0
P59534	Q9JKT3
P59534	Q9NYW5
P78560	P78560
P78560	D3ZB14
P78560	O88843
P20264	P20264
P20264	P31361
P20264	Q63262
P20264	P20267
P20264	Q03052
P20264	P21952
P20264	P49335
P20264	P62515
P20264	P62516
P20264	P31360
P20264	P56222
P20264	P20265
P20264	P17208
P20264	P20266
P20264	Q01851
P20264	Q63955
P20264	Q15319
P20264	D3ZTL1
P20264	G3V7L5
P20264	Q12837
P20264	Q63934
P49763	P49763
XP_574935	XP_574935
XP_574935	Q3V0P3
XP_574935	Q9DAP3
NP_001389395	NP_001389395
NP_001389395	Q8R0E5
Q3V0C1	Q3V0C1
Q3V0C1	D3ZGI1
Q3V0C1	Q5PPL1
Q3V0C1	Q99JT5
Q3V0C1	Q5H9K5
Q3V0C1	Q9NPI7
Q8N183	Q8N183
Q8N183	Q59J78
Q8N183	A0A0G2JZF6
Q9NPH2	Q9NPH2
Q9NPH2	Q9JHU9
Q9NPH2	Q6AYK3
Q9BT67-2	Q9BT67-2
Q96A04	Q96A04
Q96A04	Q9DA44
P0CG20	P0CG20
A7DTG3	A7DTG3
A7DTG3	Q9NUC0
Q8N983	Q8N983
Q8N983	Q5RL20
Q8N983	Q95KE5
Q8N983	Q8N983-4
Q8N983	D3ZXF8
Q8N983	Q99N89
Q8C8K3	Q8C8K3
Q8C8K3	Q8WXF0
Q8C8K3	D3ZSN0
Q8C8K3	A3KG57
Q96M34	Q96M34
Q96M34	A6X8Z9
Q8NA29	Q8NA29
Q8NA29	Q9DA75
Q8NA29	A6NFX1
Q8NA29	Q3T9M1
Q8VEK0	Q8VEK0
Q8VEK0	Q6AY41
Q8VEK0	Q9NV96
Q8VEK0	Q9NV96-2
Q8VEK0	Q8BHG3
Q8VEK0	Q3MIR4
Q8VEK0	Q9D4D7
Q8BK35	Q8BK35
Q8BK35	Q9NZM5
Q8BK35	Q6QLN3
P04062	P04062
P04062	B2RYC9
P04062	P17439
Q3TC93	Q3TC93
Q3TC93	D4A6D9
Q3TC93	Q53T59
Q9P0V3	Q9P0V3
Q9P0V3	Q9JJS5
Q9P0V3	Q921I6
Q9P0V3	E9PXX8
Q9P0V3	Q6ZN28
Q9P0V3	F1LXW4
Q14207	Q14207
Q14207	Q8BMA5
Q14207	D4A6Y1
Q9EST8	Q9EST8
Q9EST8	Q9BYH8
Q9EST8	Q2TB02
Q9EST8	Q8NI38
Q9BTD8	Q9BTD8
Q9BTD8	Q9BTD8-2
Q9BTD8	Q9BTD8-3
Q9BTD8	Q9BTD8-4
Q9BTD8	Q6AXT7
Q9BTD8	Q91V81
Q9NRI5	Q9NRI5
Q9NRI5	Q9NRI5-6
Q9NRI5	Q811T9
Q9NRI5	Q810H6
Q8NEA5	Q8NEA5
Q8NEA5	Q9D6D4
Q9BVV6	Q9BVV6
Q9BVV6	Q9BVV6-2
Q9BVV6	XP_216730
Q9BVV6	E9PV87
Q9CRT8	Q9CRT8
Q9CRT8	NP_001387976
Q9CRT8	O43592
Q86X24	Q86X24
Q86X24	D3ZWE7
Q86X24	Q9D5T7
Q86X24	Q8N7B1
Q86X24	Q5SQP1
Q80V72	Q80V72
Q80V72	Q9UHH9
Q80V72	Q9R0U1
Q80V72	Q9UHH9-4
Q80V72	Q92551
Q80V72	Q9ESM0
Q80V72	Q6PD10
Q80V72	Q96PC2
Q80V72	Q8BWD2
Q6TGC4	Q6TGC4
Q6TGC4	Q8K3V4
Q6TGC4	Q08642
Q6TGC4	P20717
Q6TGC4	Q9Y2J8
Q6TGC4	O88807
Q6TGC4	Q9Z183
Q6TGC4	Q9UM07
Q6TGC4	Q9Z184
Q6TGC4	P70708
Q6TGC4	Q9ULW8
Q6TGC4	O88806
Q6TGC4	Q9Z185
Q6TGC4	Q9ULC6
Q9ET66	Q9ET66
Q9ET66	D3ZGM7
Q9ET66	Q6UXB8
Q6F5E8	Q6F5E8
Q6F5E8	Q3V3V9-2
Q6F5E8	D4A0T6
Q6F5E8	D3ZC15
Q6F5E8	Q3V3V9
Q6F5E8	Q6EDY6
Q6F5E8	Q5VZK9-3
Q6F5E8	Q5VZK9-4
Q6F5E8	F1M0N7
Q6F5E8	Q5VZK9
Q6F5E8	Q5VZK9-2
Q6F5E8	Q3UFQ8
Q6F5E8	Q5XHY1
Q6F5E8	Q8ND23
Q6ZPY2	Q6ZPY2
Q6ZPY2	Q9UPR3
Q6ZPY2	E9PU03
Q9NVE5-3	Q9NVE5-3
Q9NVE5-3	D3ZL95
Q9NVE5-3	Q8BWR4
Q9NVE5-3	Q9NVE5
Q6IA86-6	Q6IA86-6
Q6IA86-6	Q6IA86-5
Q6IA86-6	Q6IA86
Q6IA86-6	Q496Z0
Q6IA86-6	Q91WG4
Q86SQ9-2	Q86SQ9-2
Q86SQ9-2	Q86SQ9
Q86SQ9-2	Q99KU1
Q86SQ9-2	Q5U2T2
Q9UHQ1-2	Q9UHQ1-2
Q9UHQ1-2	Q2YDU6
Q9UHQ1-2	Q9UHQ1
Q9UHQ1-2	Q9CYQ7
Q9UHQ1-2	Q7TMW6
Q9UHQ1-2	Q5BK18
Q9UHQ1-2	Q9H6Q4
Q15121-2	Q15121-2
Q15121-2	Q62048
Q15121-2	Q9Z297
Q15121-2	Q15121
Q15121-2	Q5U318
Q15121-2	Q0VCY8
Q96SQ9-2	Q96SQ9-2
Q96SQ9-2	Q96SQ9
Q96SQ9-2	Q9DBX6
Q96SQ9-2	D4A820
Q96SQ9-2	P12791
Q96SQ9-2	Q9JJ02
Q96SQ9-2	O55071
Q96SQ9-2	P33272
Q96SQ9-2	P04167
Q96SQ9-2	Q64583
Q96SQ9-2	Q64460
Q96SQ9-2	P12790
Q96SQ9-2	Q497U6
Q96SQ9-2	P13107
Q96SQ9-2	P00176
Q96SQ9-2	P05181
Q96SQ9-2	P05182
Q96SQ9-2	Q05421
Q96SQ9-2	P24456
Q96SQ9-2	Q5M8Q6
Q96SQ9-2	P10633
Q96SQ9-2	Q8BVD2
Q96SQ9-2	P24457
Q96SQ9-2	P12938
Q96SQ9-2	L7N463
Q96SQ9-2	P10634
Q96SQ9-2	P11714
Q96SQ9-2	Q8CIM7
Q96SQ9-2	P12939
Q96SQ9-2	XP_577774
Q96SQ9-2	P20852
Q96SQ9-2	Q16696
Q96SQ9-2	P11509
Q96SQ9-2	P20813
Q96SQ9-2	P20812
Q96SQ9-2	P20853
Q96SQ9-2	P15392
Q96SQ9-2	P15149
Q96SQ9-2	P56593
Q96SQ9-2	P11711
Q96SQ9-2	B2RXZ2
Q96SQ9-2	P10610
Q96SQ9-2	Q6ZSU1
Q96SQ9-2	Q9WV19
Q96SQ9-2	E9Q5K4
Q96SQ9-2	P08683
Q96SQ9-2	P33273
Q96SQ9-2	Q148B1
Q96SQ9-2	P33261
Q96SQ9-2	O35293
Q96SQ9-2	XP_219933
Q96SQ9-2	E9PXC3
Q96SQ9-2	Q9D816
Q96SQ9-2	P33267
Q96SQ9-2	P56655
Q96SQ9-2	P33260
Q96SQ9-2	P24903
Q96SQ9-2	XP_003086176
Q96SQ9-2	P05179
Q96SQ9-2	P56654
Q96SQ9-2	K7N6C2
Q96SQ9-2	P10632
Q96SQ9-2	P24470
Q96SQ9-2	Q5GLZ0
Q96SQ9-2	P11510
Q96SQ9-2	P05178
Q96SQ9-2	P56657
Q96SQ9-2	Q6XVG2
Q96SQ9-2	P20814
Q96SQ9-2	Q91X77
Q96SQ9-2	Q569X9
Q96SQ9-2	P56656
Q96SQ9-2	Q64458
Q96SQ9-2	P11712
Q96SQ9-2	P19225
Q96SQ9-2	Q91W64
Q96SQ9-2	A0A087X1C5
Q96SQ9-2	P10635
Q96SQ9-2	Q91W87
Q96SQ9-2	Q8BTM0
Q96SQ9-2	Q7Z449
Q96SQ9-2	Q4V8D1
Q96SQ9-2	Q9CX98
Q96SQ9-2	Q3UNV2
Q96SQ9-2	P51589
Q96SQ9-2	Q924D1
Q96SQ9-2	P51590
Q96SQ9-2	G3UXT0
Q96SQ9-2	G3UZ38
Q96SQ9-2	O54750
Q96SQ9-2	O54749
Q96SQ9-2	Q3UNV4
Q96SQ9-2	E9Q816
Q96SQ9-2	Q8TAV3
Q96SQ9-2	P08686
Q96SQ9-2	Q64562
Q96SQ9-2	P03940
Q96SQ9-2	Q64429
Q96SQ9-2	Q16678
Q96SQ9-2	Q64678
Q96SQ9-2	Q6VVX0
Q96SQ9-2	Q6VVW9
Q96SQ9-2	P00184
Q96SQ9-2	P04798
Q96SQ9-2	P00185
Q96SQ9-2	P00186
Q96SQ9-2	P04799
Q96SQ9-2	P05177
P07911-5	P07911-5
P07911-5	P27590
P07911-5	P07911
P07911-5	Q91X17
P07911-5	P55259
P07911-5	P55259-3
P07911-5	P19218
P07911-5	Q9D733
Q16864-2	Q16864-2
Q16864-2	Q16864
Q16864-2	Q9D1K2
Q16864-2	P50408
Q7Z3Q1-2	Q7Z3Q1-2
Q7Z3Q1-2	Q7Z3Q1
Q7Z3Q1-2	Q9DC26
Q7Z3Q1-2	Q5BK75
Q7Z3Q1-2	Q5EBA8
Q7Z3Q1-2	Q96NT5
Q7Z3Q1-2	Q6PEM8
Q9H3U5-6	Q9H3U5-6
Q9H3U5-6	Q9H3U5
Q9H3U5-6	Q9DC37
Q9H3U5-6	D3ZV75
P40967-2	P40967-2
P40967-2	Q60696
P40967-2	P40967
Q04656-3	Q04656-3
Q04656-3	Q04656-2
Q04656-3	P70705
Q04656-3	P49015
Q04656-3	Q64430
Q04656-3	Q04656
Q04656-3	P35670
Q04656-3	P35670-2
Q04656-3	Q64446
Q04656-3	Q64535
Q04656-3	Q504U0
Q04656-3	Q3UUX7
D3ZQ56	D3ZQ56
D3ZQ56	Q921X6
D3ZQ56	Q9H1D9
XP_038956572	XP_038956572
XP_038956572	Q9BQY4
XP_038956572	P0C7M4
D4A915	D4A915
D4A915	Q8BHY3
D4A915	Q8CFW1
D4A915	Q9NQ90
D4A915	Q5XXA6
D4A915	A1A5B4
D4A915	P86044
D4A915	F1LY14
D4A915	A2AHL1
D4A915	Q9BYT9
D4A915	Q32M45
D4A915	Q8C5H1
D4A915	Q6IWH7
D4A915	Q6IFT6
D4A915	Q14AT5
D4A915	Q4KMQ2-2
D4A915	XP_235640
D4A915	Q6P9J9
D4A915	Q4KMQ2
D4A915	Q75V66
D4A915	Q75UR0
Q99871-2	Q99871-2
Q99871-2	Q99871
Q99871-2	B0BN53
Q99871-2	Q8BKT8-2
Q99871-2	Q8BKT8
B4F784	B4F784
B4F784	Q6PI26
B4F784	Q7TMX5
Q8BYK6-3	Q8BYK6-3
Q8BYK6-3	Q8BYK6
Q8BYK6-3	Q7Z739
Q8BYK6-3	D3ZIY3
Q8BYK6-3	Q9BYJ9
Q8BYK6-3	Q9BYJ9-2
Q8BYK6-3	Q4V8J6
Q8BYK6-3	P59326
Q8BYK6-3	Q1JU70
Q8BYK6-3	Q91YT7
Q8BYK6-3	Q9Y5A9
A0A1W2PPM1	A0A1W2PPM1
A0A1W2PPM1	A0A1W2PPK0
A0A1W2PPM1	Q8BX39
F1MAG0	F1MAG0
F1MAG0	Q9Z2D3
F1MAG0	O60443
F1MAG0	Q0ZLH3
F1MAG0	Q0ZLH2
B2RNG4	B2RNG4
B2RNG4	Q9C030
B2RNG4	Q9BYJ4
B2RNG4	Q9C035
B2RNG4	E9PV98
B2RNG4	Q99PP6
B2RNG4	K7N6K2
B2RNG4	Q8NG06
B2RNG4	Q5NCC9
B2RNG4	Q62158
B2RNG4	P14373
B2RNG4	B5DFI5
B2RNG4	Q5SZ99
B2RNG4	O00635
B2RNG4	P19474
B2RNG4	Q62191
B2RNG4	D4ACF2
B2RNG4	Q495X7
B2RNG4	D3YVI9
B2RNG4	Q6AYT1
B2RNG4	P15533
B2RNG4	Q9C029
B2RNG4	Q923T7
B2RNG4	Q8IYM9
B2RNG4	Q8BGE7
B2RNG4	Q8R0K2
B2RNG4	Q9BZY9
B2RNG4	O15553
B2RNG4	Q9JJ26
B2RNG4	Q9JJ25
B2RNG4	A6NLU0
B2RNG4	F8VTS6
B2RNG4	Q8BVP1
B2RNG4	Q8N9V2
B2RNG4	Q8K243
B2RNG4	Q6AZZ1
B2RNG4	Q6ZWI9
Q5XIJ8	Q5XIJ8
Q5XIJ8	Q8IXS2
Q5XIJ8	Q8VHI7
Q13670	Q13670
Q4V8F3	Q4V8F3
Q4V8F3	Q8TEB9
Q4V8F3	Q8BHC7
Q4V8F3	Q8TEB9-2
A0A1B0GV85	A0A1B0GV85
P98153	P98153
P98153	P98154
O75069	O75069
O75069	D3ZE26
O75069	Q80W04
O75069	Q8R310
O75069	Q9ULS5
O75069	NP_001101554
O75069	O94876
O75069	D3ZH14
O75069	Q69ZZ6
Q13206	Q13206
Q13206	D3ZBY5
Q13206	Q80Y44
Q13206	Q5XHY0
Q13206	Q9NVP1
Q13206	Q8K363
Q13206	Q6ZPL9
Q13206	Q8NHQ9
Q13206	D3ZX56
Q13206	Q9H8H2
Q13206	Q9H8H2-2
Q13206	Q6NZQ2
Q13206	B1H297
Q53HC0	Q53HC0
Q53HC0	D3ZBX9
Q53HC0	Q8VDN4
Q53HC0	Q5SUE3
Q53HC0	A0A8I5KY20
Q53HC0	A0A0G2K1E8
Q9UGJ0	Q9UGJ0
Q9UGJ0	Q91WG5
Q9UGJ0	Q4QRB9
Q9UGJ0	O54950
Q9UGJ0	P54619-3
Q9UGJ0	P80385
Q9UGJ0	P54619
Q9UGJ0	Q8BGM7
Q9UGJ0	Q9UGI9
Q5VV67	Q5VV67
Q5VV67	D3ZRG8
Q5VV67	Q6NZN1
Q5VV67	Q9UBK2
Q5VV67	O70343
Q5VV67	Q9QYK2
O75113	O75113
O75113	F1N4Q5
O75113	Q6A037
O75113	D3ZT79
A8MWY0	A8MWY0
A8MWY0	NP_001102815
A8MWY0	Q3UZV7
A8MWY0	A8MWY0-2
A8MWY0	Q6UXG2
A8MWY0	A2AFS3
A8MWY0	Q6UXG2-4
A8MWY0	Q6UXG2-3
Q7TNV0	Q7TNV0
Q7TNV0	P35659
Q7TNV0	Q6AXS3
Q7TNV0	P35659-2
Q96H12	Q96H12
Q96H12	D4A3I3
Q96H12	Q9CR78
Q8VEG4	Q8VEG4
Q8VEG4	Q9NVH0
Q8VEG4	B2GUW4
Q8VEG4	Q9NVH0-2
Q80TM9	Q80TM9
Q80TM9	Q80TM9-6
Q80TM9	Q9Y2I1
Q80TM9	Q4G017
Q8NAN2	Q8NAN2
Q8NAN2	Q8NAN2-2
Q8NAN2	Q4QQM5
Q8NAN2	Q8BK03
Q8NAN2	Q7L4E1-2
Q8NAN2	D3Z899
Q8NAN2	Q7L4E1
Q8NAN2	Q7L4E1-3
Q9BV38	Q9BV38
Q9BV38	Q499N3
Q9BV38	Q4VBE8
Q80X73	Q80X73
Q80X73	Q9BRX2
Q80X73	Q5XIP1
Q8NC54	Q8NC54
Q8NC54	D3ZQ77
Q8NC54	Q8K201
P48444	P48444
P48444	Q66H80
P48444	Q5XJY5
Q9CQF4	Q9CQF4
Q9CQF4	Q9P0P8
Q9CQF4	Q3B8P7
Q9UI09	Q9UI09
Q9UI09	Q7TMF3
Q9UI09	F1LXA0
Q9Y2U9	Q9Y2U9
Q9Y2U9	Q3KRE6
Q9Y2U9	Q4G5Y1
Q9Y2U9	Q8N7A1
Q9Y2U9	Q80YG3
P97461	P97461
P97461	P46782
P97461	P24050
Q9H6T3	Q9H6T3
Q9H6T3	Q9H6T3-2
Q9H6T3	Q9H6T3-3
Q9H6T3	Q68FQ7
Q9H6T3	Q9D706
Q6JBY9	Q6JBY9
Q6JBY9	Q3UZA1
Q6JBY9	Q3ZBT0
Q6JBY9	F1M4V3
Q8BIE0	Q8BIE0
P02088	P02088
P02088	P02042
P02088	P02089
P02088	P68871
P02088	P02104
P02088	P02100
P02088	O88754
P02088	P04444
P02088	P02091
P02088	P69891
P02088	O88752
P02088	Q6PDU6
P02088	A8DUK4
P02088	O88753
P02088	P69892
P02088	P04443
P02088	P11517
P02088	Q6B0K9
P02088	P69905
P02088	P01942
P02088	P02008
P02088	P06467
P02088	Q91VB8
P02088	P01946
P02088	Q3U0A6
P02088	P09105
Q7L8W6	Q7L8W6
Q7L8W6	Q5M9F5
Q7L8W6	Q9CQ28
P15880	P15880
P15880	P27952
P15880	P25444
Q9H2L7	Q9H2L7
Q8WUU5	Q8WUU5
Q8WUU5	D4A3T2
Q8WUU5	Q920S3
Q9UK61	Q9UK61
Q9UK61	Q9UK61-3
Q9UK61	Q9UK61-2
Q9UK61	Q69ZR9
Q9UK61	XP_001055921
Q9UK61	Q69ZR9-2
Q62785	Q62785
Q62785	Q13442
Q62785	Q3UHX2
Q5SXM2	Q5SXM2
Q5SXM2	Q8BP86
Q5SXM2	D4A3C9
Q92667	Q92667
Q92667	O88884
Q92667	O08715
Q6DFZ1	Q6DFZ1
Q6DFZ1	Q92538
Q6DFZ1	F1M8X9
Q6DFZ1	Q92538-2
Q9NRQ5	Q9NRQ5
Q9NRQ5	Q9JIS3
Q9NRQ5	XP_017451213
Q9CXL7	Q9CXL7
Q9CXL7	Q6UX34
Q8NI28	Q8NI28
Q96RK4-2	Q96RK4-2
Q96RK4-2	Q8C1Z7
Q96RK4-2	Q96RK4
Q5XKN4	Q5XKN4
Q5XKN4	Q4KM64
Q5XKN4	Q8N5M9
A3E4B6	A3E4B6
A3E4B6	P05508
A3E4B6	P03911
A3E4B6	P03905
Q9Y223-2	Q9Y223-2
Q9Y223-2	Q3UW64
Q9Y223-2	H0YFA7
Q9Y223-2	Q9Y223
Q9Y223-2	Q91WG8
Q9Y223-2	O35826
Q8BQB4	Q8BQB4
Q8BQB4	D4AB25
Q8BQB4	Q86VR8
Q496H8	Q496H8
Q496H8	Q8C4W3
Q496H8	O08957
Q496H8	Q9NPD7
Q496H8	Q8CFV4
P26022	P26022
P26022	P48759
Q96M42	Q96M42
Q6ZSN1	Q6ZSN1
Q96SJ8	Q96SJ8
Q96SJ8	Q80WR1
Q96SJ8	O75954
Q96SJ8	Q8BJU2
Q96SJ8	O14817
Q96SJ8	Q9DCK3
Q96SJ8	P24485
Q96SJ8	P19397
Q96SJ8	Q61451
Q96SJ8	O60635
Q96SJ8	Q99J59
Q96SJ8	Q6AYR9
A8MTW9	A8MTW9
Q99727	Q99727
Q99727	Q9JHB3
Q99727	P81556
Q99727	P16035
Q99727	P30121
Q99727	P25785
Q99727	P30120
Q99727	P01033
Q99727	P12032
Q99727	P39876
Q99727	P48032
Q99727	P35625
Q6ZTC4	Q6ZTC4
Q9CQ88	Q9CQ88
Q9CQ88	Q5U1V9
Q9CQ88	Q12999
Q9CQ88	Q9D8C2
Q9CQ88	O95857
Q9CQ88	Q5FVL6
Q8NFP0	Q8NFP0
Q8NFP0	Q8K459
P59051	P59051
Q4V886	Q4V886
Q4V886	Q8K2T8
Q4V886	Q8N7H5
Q4V886	Q8N7H5-2
B5DF93	B5DF93
B5DF93	Q86TB9-2
B5DF93	Q3TC46
B5DF93	Q86TB9
B5DF93	Q86TB9-4
B5DF93	C9JE40
B5DF93	A2ARM1
D3ZI68	D3ZI68
D3ZI68	Q8WWY3-2
D3ZI68	Q8CCF0
D3ZI68	Q8WWY3
D3ZI68	Q8WWY3-3
D3Z4S3	D3Z4S3
D3Z4S3	Q6GMV3
Q9D4Q3	Q9D4Q3
Q0VAX3	Q0VAX3
Q0VAX3	O95864
Q0VAX3	Q9Z0R9
Q0VAX3	Q9Z122
Q0VAX3	Q9JJE7
Q0VAX3	Q8K1P9
Q0VAX3	Q9Y5Q0
Q0VAX3	Q920L1
Q0VAX3	O60427
Q0VAX3	Q920R3
Q0VAX3	A8MWK0
Q8BR90	Q8BR90
Q8BR90	A0A0G2JVL5
Q8BR90	A6NDU8
D4A9U1	D4A9U1
D4A9U1	Q8NCR6-2
D4A9U1	Q8NCR6-3
D4A9U1	Q2MH31
D4A9U1	Q8NCR6
Q9UL03	Q9UL03
Q9UL03	NP_001258417
Q9UL03	Q6PCM2
Q9UL03	Q5JSJ4
Q9UL03	Q8BND4
Q61371	Q61371
Q61371	Q13099
Q13415	Q13415
Q13415	Q9Z1N2_VAR_N230S
Q13415	Q9Z1N2
Q13415	Q80Z32
Q13415	O89033
Q13415	Q6RUG6
Q13415	D3ZRK7
Q13415	Q99741
O96006	O96006
Q8IVL1	Q8IVL1
Q8IVL1	Q8IVL1-10
Q8IVL1	Q8IVL1-2
Q8IVL1	V9GXT3
Q8IVL1	F1LR12
Q8IVL1	Q8NEY1
Q8IVL1	Q8NEY1-5
Q8IVL1	Q8NEY1-2
Q8IVL1	Q8CH77
Q8IVL1	XP_001063421
Q8IVL1	Q8IVL0
Q8IVL1	Q8IVL0-2
Q8IVL1	Q8IVL0-3
Q8IVL1	XP_001078354
Q8IVL1	Q80TN7
Q923P0	Q923P0
Q923P0	Q9P218-3
Q923P0	Q9P218
Q923P0	Q6PCB0
Q923P0	Q8R2Z5
Q923P0	Q642A6
Q96H20	Q96H20
Q96H20	Q5RK19
Q96H20	Q96H20-2
Q96H20	Q9CZ28
P17710	P17710
P17710	P19367-3
P17710	P19367
P17710	P19367-2
P17710	P52789
P17710	G3UVV4
P17710	P05708
P17710	O08528
P17710	P27881
P17710	Q2TB90
P17710	Q91W97
P17710	M0R3X7
P17710	P35557-2
P17710	P17712
P17710	P52792
P17710	P35557
P17710	P27926
P17710	Q3TRM8
P17710	P52790
P18297	P18297
P18297	P35270
P18297	Q64105
Q9NR56	Q9NR56
Q9NR56	Q9NR56-5
Q9NR56	F1M9N4
Q9NR56	Q9NR56-2
Q9NR56	Q9JKP5
Q9NR56	Q5VZF2
Q9NR56	Q8C181
Q9NR56	F2Z3T4
Q9NR56	Q9NUK0
Q9NR56	Q8R003
Q9NR56	D3ZQV3
B2RX14	B2RX14
B2RX14	Q5TAX3-2
B2RX14	NP_001101423
B2RX14	Q5TAX3
B2RX14	XP_006253595
B2RX14	Q5BLK4
B2RX14	Q5VYS8-2
B2RX14	Q5VYS8
B2RX14	Q5VYS8-6
B2RX14	Q91YI6
B2RX14	Q6PIY7
B2RX14	Q6PIY7-2
B2RX14	Q5U315
O14512	O14512
O14512	Q8VHQ2
Q8N442	Q8N442
Q8N442	D3ZHF8
Q8N442	Q8C3X4
Q86VX9	Q86VX9
Q86VX9	Q6PDG8
Q86VX9	B1WC06
Q86VX9	NP_001386042
Q86VX9	Q8BMQ8
Q86VX9	Q7L1V2
O54786	O54786
O54786	O00273
O54786	O54786-2
O54786	O00273-2
O54786	Q498U6
Q8C0D5	Q8C0D5
Q8C0D5	Q7Z2Z2
Q8C0D5	D3ZXJ5
Q5XI58	Q5XI58
Q5XI58	Q8CDE2
Q5XI58	Q13939
P19228	P19228
P19228	P02661
Q5T2Q4	Q5T2Q4
Q5T2Q4	F1MA89
Q5T2Q4	Q8BGU5
Q5T2Q4	Q8ND76
Q5T2Q4	Q8N7R7
Q5T2Q4	Q8ND76-3
Q5T2Q4	E9Q226
Q5T2Q4	XP_001072068
Q5T2Q4	Q8N7R7-2
Q5T2Q4	P0C7X3
Q5T2Q4	A0A8V8TMC4
Q16342	Q16342
Q16342	P46718
Q16342	P47816
O88677	O88677
O88677	P50615
O88677	Q14201
O88677	O70552
O88677	Q9NY30
P51398	P51398
P51398	Q9ER88
P51398	F7EZZ0
P51398	P82922
Q9D1E8	Q9D1E8
Q9D1E8	Q9NUQ2
Q9D1E8	G3V965
Q9Z210	Q9Z210
Q9Z210	O96011
Q9Z210	Q4KM24
Q9Z210	O75192
Q9Z210	Q9Z211
Q9Z210	O70597
Q62931	Q62931
Q62931	O88630
Q62931	O95249
Q62931	E9PCW1
Q5JVS0	Q5JVS0
Q5JVS0	Q5JVS0-2
Q5JVS0	Q9JKS5
Q5JVS0	A1L1K8
Q5JVS0	Q9CY58
Q5JVS0	Q6AXS5-2
Q5JVS0	Q9CY58-2
Q5JVS0	Q9CY58-3
Q5JVS0	Q6AXS5
Q5JVS0	Q8NC51
Q5JVS0	Q8NC51-3
Q5JVS0	Q8NC51-2
O60565	O60565
O60565	O70326
O60565	O35793
O60565	Q9H772
O60565	O88273
Q8VEL9	Q8VEL9
Q8VEL9	Q8IYK8
Q8VEL9	Q9WTY2
Q8VEL9	O75628
Q8VEL9	Q4KLY1
Q8VEL9	O35929
Q8VEL9	P55040
Q8VEL9	P55041
Q8VEL9	P55042
Q8VEL9	O88667
Q8VEL9	G3V7K9
Q8VEL9	Q92963-3
Q8VEL9	P70426
Q8VEL9	NP_001383470
Q8VEL9	Q92963
Q8VEL9	P70425
Q8VEL9	Q99578
Q8VEL9	Q5BJQ5
Q8VEL9	P01111-2
Q8VEL9	P08644
Q8VEL9	P32883-2
Q8VEL9	Q61411
Q8VEL9	P01112
Q8VEL9	P01116
Q8VEL9	P32883
Q8VEL9	P20171
Q8VEL9	P01111
Q8VEL9	P08556
Q8VEL9	Q04970
Q8VEL9	P01116-2
Q8VEL9	D3Z8L7
Q8VEL9	P62070-4
Q8VEL9	Q5BJU0
Q8VEL9	P10833
Q8VEL9	P10301
Q8VEL9	P62071
Q8VEL9	P62070
Q8VEL9	A5PKL2
Q8VEL9	O14807
Q8VEL9	O08989
Q8VEL9	P97538
Q8VEL9	O95661
Q8VEL9	Q5PR73
Q8VEL9	Q96HU8
Q8VEL9	O95057
Q8VEL9	Q91Z61
Q8VEL9	D3ZHX3
Q8NFW9	Q8NFW9
Q8NFW9	Q8K3I4
Q8NFW9	Q7TNY7
Q10586	Q10586
Q10586	P16443
Q10586	Q60925
Q10586	Q10587
Q10586	Q9JLC6
Q10586	Q9JLC6-2
Q10586	P41224
Q10586	Q16534
Q10586	Q8BW74
Q10586	Q64709
O00220	O00220
O00220	O14763
O00220	Q9QZM4
O00220	O14798
O00220	Q9UBN6
Q8IWJ2	Q8IWJ2
Q8IWJ2	Q8CHG3
Q8IWJ2	D3ZZL9
Q8TDH9	Q8TDH9
Q8TDH9	Q8R015
Q8TDH9	B2GV52
P39905	P39905
P39905	P48540
P39905	Q07731
P39905	Q99748
P39905	P97463
Q9NUU6	Q9NUU6
Q9NUU6	Q3TVP5
Q9NUU6	Q3B7D8
Q9NUU6	B0BMY6
Q9NUU6	Q96BN8
Q9NUU6	Q3UCV8
Q9Y6R7	Q9Y6R7
Q9Y6R7	E9PVG8
Q9Y6R7	O08523
Q9Y6R7	O75443
Q8N865	Q8N865
Q8N865	Q9D5Y0
Q8N865	Q6AYM0
Q8IZQ5	Q8IZQ5
Q8IZQ5	Q3UQA7
Q8IZQ5	NP_001108411
Q9D5Q8	Q9D5Q8
Q9D5Q8	Q0VGK6
Q9D5Q8	Q5JVX7
Q7Z2T5	Q7Z2T5
Q7Z2T5	A2RSY6
Q7Z2T5	Q496Z9
Q9CX97	Q9CX97
Q9CX97	A1L112
Q9CX97	Q9H6Y2
Q5SS00	Q5SS00
Q5SS00	XP_576579
Q5SS00	Q9HCK1
Q9D1B9	Q9D1B9
Q9D1B9	Q13084
Q9D1B9	D3ZJY1
Q9D1B9	Q2HJJ1
Q96I59	Q96I59
Q96I59	Q8BGV0
Q96I59	XP_038961875
Q9D1M1	Q9D1M1
Q9D1M1	P0DPB5
Q9D1M1	Q4G058
Q9H6Y5	Q9H6Y5
Q9H6Y5	Q6AYQ0
Q9H6Y5	Q4KL35
Q9H6Y5	Q9H6Y5-3
Q8C3M9	Q8C3M9
Q8C3M9	Q0P641
Q5VV17	Q5VV17
Q5VV17	Q9CUB6
O43934	O43934
O43934	Q8BJ51
O43934	O43934-2
Q9UKP6	Q9UKP6
Q9UKP6	Q8VIH9
Q9UKP6	P49684
Q2MHE5	Q2MHE5
Q2MHE5	Q9P104
Q2MHE5	Q99KE3
Q2MHE5	Q91ZM9
Q2MHE5	F1M038
Q2MHE5	B0BNA8
Q2MHE5	Q6PKX4
Q2MHE5	Q8TEW6
P29758	P29758
P29758	P04181
P29758	P04182
Q13356-2	Q13356-2
Q13356-2	Q9D787
Q13356-2	Q13356
Q13356-2	Q5RKH8
Q6U949	Q6U949
Q9NZP8	Q9NZP8
Q9NZP8	Q3UZ09
Q9NZP8	Q6IE64
Q9UM22	Q9UM22
Q9UM22	Q99M71
Q9UM22	Q5XII0
Q9UM22	Q9UM22-3
Q6P2H8	Q6P2H8
Q6P2H8	Q9D0Z3
Q8QZR4	Q8QZR4
Q8QZR4	Q86UD1
Q8QZR4	Q6AYE5
Q6ZQQ2	Q6ZQQ2
Q6ZQQ2	P0C874
Q6ZQQ2	Q6ZUB0
Q6ZQQ2	E9QA57
Q6ZQQ2	E9QA35
Q6ZQQ2	B6VQA5
Q6ZQQ2	E9QAF0
Q4KMM7	Q4KMM7
O14772	O14772
O14772	G5E8F4
O14772	Q712G8
Q96D70	Q96D70
Q96D70	B1WC19
Q96D70	Q4VBF2
Q14CZ7	Q14CZ7
Q14CZ7	Q68FN9
Q14CZ7	Q8BSN9
Q969Q6	Q969Q6
Q969Q6	Q9JK24
Q969Q6	Q6AXZ3
Q8C407	Q8C407
Q8C407	Q9BSR8
Q8C407	Q5M7T4
Q80U72-3	Q80U72-3
Q80U72-3	Q9BTT6
Q80U72-3	Q6AXP5
Q80U72-3	D3ZWS0
Q80U72-3	Q80VQ1
Q80U72-3	Q80U72
Q80U72-3	Q8N9N7
Q80U72-3	Q5FVI3
Q80U72-3	Q9D1G5
Q80U72-3	Q14160-3
Q80U72-3	Q14160-2
Q80U72-3	Q14160
Q80U72-3	Q9BYS8
Q80U72-3	Q8VDB8
Q9D9I1	Q9D9I1
Q9D9I1	Q6ZNM6
Q9WVB0-2	Q9WVB0-2
Q9WVB0-2	Q9WVB0
Q9WVB0-2	B5DFF2
Q9WVB0-2	Q93062-3
Q9WVB0-2	Q93062-2
Q9WVB0-2	F1M9Y9
Q9WVB0-2	Q93062-4
Q9WVB0-2	Q93062
Q9WVB0-2	Q93062-5
Q9WVB0-2	Q8VC52
Q9WVB0-2	Q6ZRY4
Q8N614	Q8N614
Q8N614	XP_144292
Q8N614	Q5BK38
D4A8C1	D4A8C1
D4A8C1	Q3UXL4
D4A8C1	Q2M2Z5_VAR_034910
D4A8C1	Q2M2Z5-2
D4A8C1	Q2M2Z5-3
D4A8C1	Q2M2Z5-4
D4A8C1	Q2M2Z5-5
D4A8C1	Q2M2Z5
B2RY64	B2RY64
B2RY64	B3DMA3
B2RY64	Q8IYW4
Q923A8	Q923A8
Q923A8	O43318-2
Q923A8	Q62073
Q923A8	P0C8E4
Q923A8	O43318
Q923A8	O43353
Q923A8	O43353-2
Q923A8	G3V783
Q923A8	P58801
Q923A8	P57077
Q923A8	P58500
XP_849482	XP_849482
XP_849482	F1LVX1
XP_849482	Q61712
XP_849482	Q96KC8
Q86VF2-5	Q86VF2-5
Q86VF2-5	Q86VF2-3
Q86VF2-5	Q86VF2
Q86VF2-5	Q3KNY0
Q86VF2-5	Q8N9C0-2
Q86VF2-5	Q8N9C0
Q9H606	Q9H606
P60603	P60603
P60603	P60602
P60603	D4A742
D3ZFQ8	D3ZFQ8
D3ZFQ8	P00125
D3ZFQ8	P08574
D3ZFQ8	Q9D0M3
XP_001081027	XP_001081027
XP_001081027	Q6NVF4
XP_001081027	Q8NG08
Q1L6U9	Q1L6U9
Q1L6U9	B1AWI6
Q2VWA4	Q2VWA4
Q2VWA4	P84551
Q2VWA4	Q8BX46
Q2VWA4	A7M7C7
Q2VWA4	P84550
Q2VWA4	P84550-3
Q3V0U9	Q3V0U9
Q3V0U9	NP_001099595
Q3V0U9	O75602
Q3V0U9	Q9JLI7
P62312	P62312
P62312	P62313
P62312	D3ZG07
O14960	O14960
O14960	O88803
Q8TCD1	Q8TCD1
Q8TCD1	Q91WE4
Q8TCD1	B1WC88
O76095	O76095
O76095	O88824
O76095	O88823
P48974	P48974
P48974	P47901
P48974	Q9WU02
P48974	P30560
P48974	P30559
P48974	P70536
P48974	P97926
P48974	Q00788
P48974	O88721
P48974	P30518
P48974	Q62463
P48974	P37288
P48974	P0C0L6
P48974	Q8BZP8
P48974	Q6W5P4
A8R0V5	A8R0V5
Q8BG47	Q8BG47
Q8BG47	Q8N8N0
Q8BG47	D4A723
Q9Z327-2	Q9Z327-2
Q9Z327-2	Q8CC35-2
Q9Z327-2	B1VKB4
Q9Z327-2	Q9Z327
Q9Z327-2	Q8CC35
Q9Z327-2	Q8N3V7
Q9Z327-2	Q8N3V7-2
Q9Z327-2	NP_001192954
Q9Z327-2	Q8R4E4
Q9Z327-2	Q8TDC0
Q9Z327-2	Q9JJW5
Q9Z327-2	ENSRNOP00000019920
Q9Z327-2	Q9NPC6
Q9Z327-2	Q9NP98
Q9Z327-2	D4A7U8
Q9Z327-2	Q9JK37
XP_001478651	XP_001478651
P06307	P06307
P06307	P09240
P06307	P01355
O43924	O43924
O43924	O55057
O43924	NP_001102276
P13994	P13994
P13994	Q32PZ9
P13994	Q9D516
P13994	Q922B5
P13994	Q9BW85
P13994	A2VD11
P13994	Q9D6J3
Q9ULR3	Q9ULR3
Q9ULR3	Q3UYC0
Q9ULR3	Q5M821
Q9ULR3	Q149T7
Q9ULR3	Q5JR12
Q9ULR3	Q641Y6
Q9ULR3	Q8BU27
Q9ULR3	Q96MI6
Q9ULR3	M0R7Q8
Q86VH2	Q86VH2
Q86VH2	Q7M6Z4
Q86VH2	Q7M6Z5
Q86VH2	Q14807
Q86VH2	Q5I0E8
Q86VH2	Q3V300
Q86VH2	Q14807-2
Q86VH2	A6QPL4
Q86VH2	Q91636
Q86VH2	Q922S8
Q86VH2	Q62909
Q86VH2	Q99661
Q86VH2	B7ZNG0
Q86VH2	D4A9P0
Q86VH2	Q2M1P5
Q86VH2	Q6ZMV9
Q86VH2	E9PX57
Q86VH2	Q86Y91
Q86VH2	Q86Y91-6
Q86VH2	Q6PFD6
Q86VH2	Q4KLL9
Q9BWW7	Q9BWW7
Q9BWW7	Q99M85
Q9BWW7	Q9NQ03
Q9BWW7	Q8BTH6
Q9Y4F3	Q9Y4F3
Q9Y4F3	Q9Y4F3-3
Q9Y4F3	Q8VIG2
Q9Y4F3	Q9Y4F3-5
Q9Y4F3	Q8BJ34-6
Q9Y4F3	Q8BJ34
Q9P243	Q9P243
Q9P243	Q7TS63
Q9UL63	Q9UL63
Q9UL63	O89050
Q9UL63	Q99PV3
Q9HBD1	Q9HBD1
Q9HBD1	D3ZBM2
Q9HBD1	P0C090
Q9HBD1	Q5TC82
Q9HBD1	Q5TC82-2
Q9HBD1	A0A8I5ZR20
Q9HBD1	Q4VGL6
Q96IX5	Q96IX5
Q96IX5	Q9JJW3
Q96IX5	Q78IK2
Q9Y2X9	Q9Y2X9
Q9Y2X9	Q5XI48
Q9Y2X9	Q99LI5
Q9Y2X9	Q62806
Q9Y2X9	Q61624
Q9Y2X9	Q9UQR1
Q9Y2X9	F1N395
Q9Y2X9	D4A538
Q9Y2X9	Q6NZQ6
Q9Y2X9	Q8NDX6
Q9CY66	Q9CY66
Q9CY66	Q9NY12
Q9CY66	Q6AYA1
Q9CY66	Q9NY12-2
Q8N131	Q8N131
Q8N131	Q91Z22
Q8N131	Q5HZB0
Q4KM62	Q4KM62
Q4KM62	Q9JHU2
Q4KM62	Q9NP74
Q4KM62	Q3UVT7
Q9Z0Z3	Q9Z0Z3
Q9Z0Z3	Q13309
P62242	P62242
P62242	P62241
P62242	P62243
O75298	O75298
O75298	O70622-2
O75298	O70622
O75298	Q6WN19
Q6PD62	Q6PD62
Q6PD62	G3V897
Q6PD62	Q62018
P01589	P01589
P01589	P01590
P01589	P26897
Q9H788	Q9H788
Q9H788	Q6AYC8
Q9H788	Q9D7V1
Q9H788	D3ZAI5
Q9H788	Q5SQS7
Q9H788	A6X942
P46656	P46656
P46656	P00257
P46656	P10109
P46656	P24483
P46656	Q6P4F2
P46656	Q9CPW2
P46656	D4A8N2
Q8BQV0	Q8BQV0
O08602	O08602
O08602	O08604
O08602	O08603
O08602	Q9JI58
O08602	Q9CZQ6
Q9D9J7	Q9D9J7
Q9D9J7	Q6AY06
Q9D9J7	Q8IYV9
Q3TQ61	Q3TQ61
Q9ER24	Q9ER24
Q9ER24	Q9UBB4-2
Q9ER24	Q9UBB4
Q9ER24	P28658
P11951	P11951
P11951	P04038
P11951	Q9CPQ1
P11951	P09669
P11951	P11950
Q8TCW9	Q8TCW9
Q8TCW9	Q8K458
Q8TCW9	Q8R416
Q8TCW9	Q9JKL1
Q8TCW9	Q8R415
Q8TCW9	Q8NFJ6
XP_001075764	XP_001075764
XP_001078520	XP_001078520
XP_001078520	Q6P5U7
XP_001078520	Q9ULI1
P54900	P54900
P54900	Q56A07
P54900	O60939
P43145	P43145
P43145	P97297
P43145	P35318
P86480	P86480
P86480	P86481
P86480	P86478
P86480	P86479
P86480	P86496
P86480	P0DPQ3
O70579	O70579
O70579	O43808
O70579	B2GUY8
P20292	P20292
P20292	P30355
P20292	P20291
P20292	Q16873
P20292	Q925U2
P20292	Q60860
P20292	Q99735
P20292	A2RST1
P20292	NP_001099900
Q7TQ20	Q7TQ20
Q7TQ20	P54103
Q7TQ20	Q99543
Q7TQ20	Q99543-2
Q6UXR4	Q6UXR4
Q96BN2	Q96BN2
Q96BN2	Q5BJQ7
Q96BN2	Q99LM9
Q9D1Z2	Q9D1Z2
Q9D1Z2	D4A0Z9
Q9D1Z2	Q3C1V1
E9Q796	E9Q796
E9Q796	I6L9E4
E9Q796	Q9UQR0
E9Q796	D3ZRL8
E9Q796	Q8K214
E9Q796	Q8K214-2
E9Q796	Q96GD3
E9Q796	Q96GD3-2
Q3U1U4	Q3U1U4
Q3U1U4	Q9JI30
Q3U1U4	P05555
Q3U1U4	D3ZWZ1
Q3U1U4	Q9QXH4
Q3U1U4	P20702
Q3U1U4	P11215-2
Q3U1U4	P11215
Q3U1U4	P11215_VAR_P1146S
Q3U1U4	Q3V0T4
Q3U1U4	Q9QYE7
Q3U1U4	Q13349
Q3U1U4	P20701-2
Q3U1U4	P20701
Q3U1U4	P20701-3
Q3U1U4	P24063
Q3U1U4	Q3T1L6
Q3U1U4	P24063-2
Q96T52	Q96T52
Q96T52	Q8BPT6
Q96T52	D3ZWF3
Q96T52	Q96LU5
Q96T52	Q9CQU8
Q53H54	Q53H54
Q53H54	Q8BG71
Q53H54	Q4V8B8
Q5VVY1	Q5VVY1
Q5VVY1	B2RXM4
Q5VVY1	D3ZVR1
Q5VVY1	Q9BV86
Q5VVY1	Q8R2U4
Q5VVY1	Q5BJX0
Q5VVY1	Q9BV86-2
Q8TCT0	Q8TCT0
Q8TCT0	Q8K4Q7
XP_001070400	XP_001070400
AAI69110	AAI69110
AAI69110	Q80UK0
AAI69110	Q86VW0
D4A2G4	D4A2G4
D4A2G4	Q8WYQ5
D4A2G4	Q9EQM6
Q8NEB7	Q8NEB7
Q8NEB7	Q3V140-2
Q8NEB7	Q3V140
Q8NEB7	Q6AY33
Q9D9W1	Q9D9W1
Q9D9W1	Q8TCI5
Q58Y74	Q58Y74
A0A096MJJ4	A0A096MJJ4
A0A096MJJ4	B2RW38
A0A096MJJ4	Q5T655
Q3U0J4	Q3U0J4
E9PGG2	E9PGG2
Q9Y2X7-3	Q9Y2X7-3
Q9Y2X7-3	Q9Z272
Q9Y2X7-3	Q68FF6
Q9Y2X7-3	Q9Y2X7
Q9Y2X7-3	Q14161-10
Q9Y2X7-3	D3Z1I2
Q9Y2X7-3	E9PVA6
Q9Y2X7-3	Q80XR8
Q9Y2X7-3	Q9Y621
Q9Y2X7-3	Q14161-5
Q9Y2X7-3	Q66H91
Q9Y2X7-3	Q14161
Q9Y2X7-3	Q9JLQ2
B1WC26	B1WC26
B1WC26	Q9NR45
B1WC26	Q99J77
B1H281	B1H281
B1H281	A2AJB1
B1H281	Q5T5S1
Q9BQ49	Q9BQ49
Q9BQ49	B0BN70
Q9BQ49	Q5RKS2
Q8BGV7	Q8BGV7
Q8BGV7	O70479
Q8BGV7	Q8WZ19
Q8BGV7	Q7TQ24
Q8BGV7	Q13829
Q8BGV7	Q7TNY1
Q8BGV7	Q922M3
Q8BGV7	Q9H3F6
Q8BGV7	Q7TPL3
Q8BGV7	Q4G0X4
Q8BGV7	Q3URF8
Q8BGV7	Q8BNL5
Q8BGV7	Q8NC69
Q8BGV7	G3V6Z2
Q8BGV7	Q693B1
Q8BGV7	Q8K485
O70422	O70422
O70422	Q92759
O70422	Q6MG20
P43308	P43308
P43308	Q9CPW5
P43308	B5DEQ0
Q8BJN4	Q8BJN4
Q8BJN4	Q8TBE3
P20809	P20809
P20809	P47873
P20809	Q99MF5
A4D250	A4D250
Q96HD1-2	Q96HD1-2
Q96HD1-2	Q91XD7
Q96HD1-2	Q96HD1
Q96HD1-2	Q4V7F2
Q96HD1-2	Q6UXH1-5
Q96HD1-2	Q6UXH1
Q96HD1-2	Q9CYA0
Q96HD1-2	Q4G063
Q86U28	Q86U28
Q86U28	Q9DCB8
Q86U28	D4A4L5
Q7Z5D8	Q7Z5D8
Q30KQ5	Q30KQ5
Q30KQ5	Q8WTQ1
Q5U777	Q5U777
Q5U777	Q9JM54
Q5U777	Q13794
A6NCC3	A6NCC3
A6NCC3	Q0D2H9
A6NCC3	A6NCC3-1
A6NCC3	H3BV12
A6NCC3	F8WBI6
A6NCC3	Q08AF8
A6NCC3	I6L899
A6NCC3	A6NC78
A6NCC3	D6RF30
A6NCC3	H3BSY2
A6NCC3	H3BSY2-2
A6NCC3	P0CJ92
A6NCC3	H3BQL2
A6NCC3	A6NMD2
A6NCC3	A6NN73
A6NCC3	A6NEY3
A6NCC3	A6NEM1
A6NCC3	H3BPF8
A6NCC3	I6L899-2
A6NCC3	A7E2F4
A6NCC3	A8MQT2
Q8BMT4	Q8BMT4
Q8BMT4	Q86YC3
Q8BMT4	Q5BK65
Q4G064	Q4G064
Q4G064	Q9CXI0
Q4G064	Q5HYK3
O70348	O70348
O70348	O77932
O70348	Q6MG77
P01740	P01740
P01740	A0A075B6L2
P01740	A0A0A0MS01
Q3UHK6-2	Q3UHK6-2
Q3UHK6-2	Q3UHK6
Q3UHK6-2	F1LZ38
Q3UHK6-2	Q6N022
Q3UHK6-2	Q9NT68
Q3UHK6-2	Q9R1K2
Q3UHK6-2	Q9WTS5
Q3UHK6-2	Q9UKZ4-2
Q3UHK6-2	Q9WTS4
Q3UHK6-2	Q9UKZ4_VAR_N2389Y
Q3UHK6-2	Q9UKZ4
Q3UHK6-2	Q9WTS6
Q3UHK6-2	Q9P273
Q3UHK6-2	NP_001162604
Q9BZL3	Q9BZL3
Q9BZL3	Q99PE5
Q9BZL3	Q99PE6
A1L4Q6	A1L4Q6
Q8C483	Q8C483
Q8C483	P49591
Q8C483	Q6P799
Q8C483	P26638
Q5T742	Q5T742
Q3V0L6	Q3V0L6
Q3V0L6	XP_001060249
Q9UNZ5	Q9UNZ5
Q9UNZ5	Q8R1F0
Q9UNZ5	Q05310
Q2TAP0	Q2TAP0
Q2TAP0	ENSMUSP00000043136
Q2TAP0	XP_219889
Q2TAP0	Q91W53
Q2TAP0	Q7Z5G4
Q2TAP0	Q6AYQ1
Q96LT6	Q96LT6
Q96LT6	Q9DAE8
Q5T0J3	Q5T0J3
Q0VDI3	Q0VDI3
Q0VDI3	Q8VDR5
Q8WWR8-3	Q8WWR8-3
Q8WWR8-3	Q8WWR8-2
Q8WWR8-3	Q8WWR8
Q8WWR8-3	Q8BZL1
Q8WWR8-3	Q9Y3R4
Q8WWR8-3	Q9JMH3
Q8WWR8-3	Q64627
Q8WWR8-3	Q9UQ49-2
Q8WWR8-3	Q9UQ49
Q8WWR8-3	Q99PW5
Q8WWR8-3	Q9JMH7
Q96EZ8-2	Q96EZ8-2
Q96EZ8-2	G3V9E0
Q96EZ8-2	Q99L90
Q96EZ8-2	Q96EZ8
D3ZKY5	D3ZKY5
D3ZKY5	Q8CHP0
D3ZKY5	Q8IXZ2
F2Z333	F2Z333
F2Z333	A2A9Q0
F2Z333	D4A2Q0
A1A5P2	A1A5P2
A1A5P2	Q9CYH6
A1A5P2	Q15050
Q5PPJ2	Q5PPJ2
Q5PPJ2	Q96IZ7
Q5PPJ2	Q9DBU6
Q5PPJ2	Q3TGY1
Q5PPJ2	Q96IZ7-2
Q6PDU7	Q6PDU7
Q6PDU7	O75964
Q6PDU7	Q9CPQ8
Q6PDU7	Q7Z4Y8
Q5PQS7	Q5PQS7
Q5PQS7	Q3U155
Q5PQS7	Q6PII3
D6RGX4	D6RGX4
D6RGX4	Q658T7
D6RGX4	A6NKC0
D6RGX4	A6NDY2
D6RGX4	P0DV74
D6RGX4	P0DV76
D6RGX4	Q86YD7
D6RGX4	A8MXJ8
D6RGX4	P0DV75
D6RGX4	P0DV73
D6RGX4	P0C7W9
D6RGX4	P0C7V4
D6RGX4	A6NNJ1
D6RGX4	A6NNH2
D6RGX4	Q9D4F3
D4A7S4	D4A7S4
D4A7S4	Q571H0
D4A7S4	O60287
Q156A1	Q156A1
D4A0R5	D4A0R5
D4A0R5	P0CK97
D4A0R5	P0CK96
D4A0R5	Q8C811
Q8CHD8-3	Q8CHD8-3
Q8CHD8-3	Q8CHD8
Q8CHD8-3	O75154-3
Q8CHD8-3	O75154
Q8CHD8-3	Q86YS3
Q8CHD8-3	Q8BQP8
Q99PK0	Q99PK0
Q99PK0	Q9DCD2
Q99PK0	Q9HCS7
Q63430	Q63430
Q63430	Q2NKU4
Q63430	Q9WU49
Q63430	Q9Y2V2
Q63430	Q91YQ3
Q63430	Q9Y534
Q63430	Q9CR86
D4A275	D4A275
D4A275	A0PJZ3
D4A275	Q810K9
D4A275	Q4G148
D4A275	Q3UHH8
D4A275	Q6GX83
Q9BZ98	Q9BZ98
O95411	O95411
Q9EPV9	Q9EPV9
Q9EPV9	Q32ZI3
Q9EPV9	Q9WTL0
Q9EPV9	Q32ZI4
Q9EPV9	P82019
Q9EPV9	O88514
P97708	P97708
P97708	P10761
P97708	P21754
P97708	Q6PJE2
NP_001358932	NP_001358932
NP_001358932	Q8TDM6
NP_001358932	E9Q9R9
NP_001358932	Q8VCB6
NP_001358932	Q8TDM6-2
NP_001358932	F1MSI9
NP_001358932	Q8TDM6-4
A0A075B6Y3	A0A075B6Y3
D3ZEJ6	D3ZEJ6
D3ZEJ6	Q8WXK3
D3ZEJ6	Q8VBX0
D3ZEJ6	Q9H765
D3ZEJ6	Q91ZT9
XP_006254044	XP_006254044
XP_006254044	P62806
XP_006254044	P84229
XP_006254044	P0DPK5
XP_006254044	P84244
XP_006254044	P84243
XP_006254044	Q16695
XP_006254044	Q5TEC6
XP_006254044	Q6NXT2
XP_006254044	Q6DRA9
XP_006254044	P02301
XP_006254044	P0DPK2
XP_006254044	P62804
XP_006254044	P84228
XP_006254044	Q71DI3
XP_006254044	P62806
XP_006254044	P68433
XP_006254044	NP_001103112
XP_006254044	Q5E9F8
XP_006254044	Q71LE2
XP_006254044	NP_001139343
XP_006254044	Q99525
XP_006254044	P62805
XP_006254044	P84244
XP_006254044	P68431
XP_006254044	P84245
XP_006254044	P62802
XP_006254044	Q6LED0
XP_006254044	P68433
XP_006254044	B2RZ23
XP_006254044	P49450
XP_006254044	O35216
D3ZER6	D3ZER6
D3ZER6	Q99LG2
D3ZER6	Q92973
D3ZER6	O14787
D3ZER6	XP_038958071
D3ZER6	Q8BFY9
D3ZER6	Q92973-2
D3ZER6	Q92973-3
A0A075B706	A0A075B706
A0A8I6A052	A0A8I6A052
A0A8I6A052	Q8C3F2
A0A8I6A052	Q9NX05
A0A8I6A052	Q9NZB2-6
A0A8I6A052	Q9NZB2
A0A8I6A052	Q6A0A9
A0A8I6A052	NP_001178745
A0A8I6A052	Q9NZB2-4
P0DV60	P0DV60
P0DW85	P0DW85
Q6GYQ0-6	Q6GYQ0-6
Q6GYQ0-6	Q6GYQ0-2
Q6GYQ0-6	Q6GYQ0
Q6GYQ0-6	B7ZNA3
Q6GYQ0-6	Q6GYP7
Q6GYQ0-6	Q6GYQ0-3
Q6GYQ0-6	NP_001003719
Q6GYQ0-6	XP_001079197
Q6GYQ0-6	XP_001055483
Q6GYQ0-6	Q2PPJ7-3
Q6GYQ0-6	A3KGS3
Q6GYQ0-6	Q2PPJ7-2
Q6GYQ0-6	Q2PPJ7
P03421	P03421
F1LWL5	F1LWL5
F1LWL5	P57678
F1LWL5	Q8K1K1
D3ZUX7	D3ZUX7
D3ZUX7	Q3URE1
D3ZUX7	Q4G176
D3ZEI7	D3ZEI7
D3ZEI7	Q6ZYL4
D3ZEI7	Q8K2X8
D4A6I7	D4A6I7
D4A6I7	P57096
D4A6I7	O43653
D4A6I7	Q9DD23
D4A6I7	Q6UXB3
D4A6I7	Q9Z0K7
D4A6I7	P55000
B0BNE3	B0BNE3
B0BNE3	Q8IUR0
B0BNE3	Q9CQA1
Q9JLS0	Q9JLS0
Q9JLS0	Q9Y5L2
Q9Y421	Q9Y421
Q9Y421	Q9CR80
Q9Y421	B2RYG1
Q9QX67	Q9QX67
Q9QX67	P51397
Q9QX67	Q91XC8
Q9CQ48	Q9CQ48
Q9CQ48	Q8WVJ2
Q9CQ48	Q5M823
Q8R0J4	Q8R0J4
Q8R0J4	NP_001072115
Q8R0J4	Q9H6X4
Q9CXK4	Q9CXK4
Q9CXK4	Q9BRV3
Q9CXK4	D3ZH22
Q14061	Q14061
Q14061	Q76MV3
Q14061	P56394
Q99KN1	Q99KN1
Q99KN1	B0BNL6
Q99KN1	Q8N5I2
Q99KN1	Q8NCT1
Q99KN1	A0A0B4J1F4
Q99KN1	A0A0G2K4V0
Q99KN1	Q7TPQ9
Q99KN1	Q6TXF1
Q99KN1	Q96B67
Q99KN1	Q8TBH0
Q99KN1	Q8TBH0-2
Q99KN1	Q9D668
Q99KN1	Q8BG60
Q99KN1	Q9H3M7
Q99KN1	Q5M7W1
Q02614	Q02614
Q02614	Q9UHR5-2
Q02614	B5DFL5
Q02614	Q9UHR5
Q99KS2	Q99KS2
Q99KS2	Q9NPE2
Q99KS2	Q3T1H2
P35455	P35455
P35455	P01185
P35455	P01175
P35455	P01180
P35455	P01179
P35455	P01186
P35455	P01178
P35455	P35454
P22413	P22413
P22413	P06802
P22413	Q924C3
P22413	P06802-2
P22413	O14638
P22413	P97675
P22413	Q6DYE8
P22413	Q13822-2
P22413	Q13822
P22413	Q9R1E6
P22413	Q9R1E6-2
P22413	Q64610
P22413	Q13822-3
P22413	Q6UWV6
P22413	Q3TIW9
P22413	Q5EZ72
P22413	XP_006244660
P22413	Q9Y6X5
P22413	Q8BTJ4
P22413	P84039
P22413	Q9UJA9
P22413	Q9EQG7
P22413	Q8BGN3
P22413	Q6UWR7
P22413	B0BND0
Q6PKG0	Q6PKG0
Q6PKG0	Q6PKG0-3
Q6PKG0	XP_220446
Q6PKG0	Q6ZQ58
Q6PKG0	Q659C4-2
Q6PKG0	Q659C4
Q6PKG0	Q8BVS5
Q6PKG0	Q66HE8
P62854	P62854
P62854	XP_001065275
P62854	P62856
P62854	P62855
P62854	Q5JNZ5
P02144	P02144
P02144	Q9QZ76
P02144	P04247
O60346	O60346
O60346	Q8CHE4
O60346	Q9WTR8
O60346	D4A254
O60346	Q3TNQ6
O60346	Q6ZVD8
O60346	Q8BXA7
O60346	Q6ZVD8-2
O60346	Q6ZVD8-3
O60346	Q5BKY1
O60346	Q8K3W2
O60346	D4AAU8
O60346	Q8BHN0
O60346	Q5SGD2
O60346	NP_001101151
Q92542	Q92542
Q92542	Q8CGU6
Q92542	P57716
Q9Y608	Q9Y608
Q9Y608	Q9Y608-2
Q9Y608	Q8C062
Q9Y608	Q9Y608-4
Q9Y608	Q4V7E8
Q9Y608	Q91WK0
Q00547	Q00547
Q00547	P97779
Q00547	Q00547_VAR_N55S
Q00547	O75330-3
Q00547	O75330-2
Q00547	O75330
Q8BP78	Q8BP78
Q8BP78	Q70Z53
Q8BP78	Q5FVF1
Q8BGT0	Q8BGT0
Q8BGT0	Q86WC4
Q8BGT0	Q4QQU9
Q62288	Q62288
Q62288	Q08629
Q62288	A0A0G2K946
Q62288	Q9ER58
Q62288	Q92563
Q62288	Q9BQ16
Q62288	Q9BQ16-1
Q62288	Q8BKV0
Q62288	Q9BQ16-6
Q62288	Q9BQ16-4
Q62288	Q8BKV0-2
Q8CI61	Q8CI61
Q8CI61	O95429
Q8CI61	Q5XIR5
Q69YH5	Q69YH5
Q69YH5	Q69YH5-2
Q69YH5	D4ADI8
Q69YH5	Q14B71
Q8R035	Q8R035
Q8R035	Q14197
Q8R035	D3ZDP2
Q8IYX3	Q8IYX3
Q8IYX3	Q8IYX3-1
Q8IYX3	Q80X53
Q8IYX3	Q4V8B5
Q9WTK3	Q9WTK3
Q9WTK3	O43292
Q9WTK3	Q6AYM8
Q9CQD6	Q9CQD6
Q9CQD6	O00631
Q9CQD6	P42532
Q9CQD6	Q6SLE7
P34810	P34810
P34810	P34810-2
P34810	P31996
P34810	Q4FZY1
P34810	P11279
P34810	P14562
P34810	P11438
P34810	P17047-3
P34810	P17047
P34810	P17046
P34810	P13473-2
P34810	P13473
Q96NL6	Q96NL6
Q96NL6	Q8CJ99
Q96NL6	G5E861
Q9Z1N3	Q9Z1N3
Q9Z1N3	Q8C170
Q9Z1N3	Q8C170-2
Q9Z1N3	B2RTY4-4
Q9Z1N3	B2RTY4-2
Q9Z1N3	B2RTY4
Q9Z1N3	E1BNV7
Q9Z1N3	Q13459-2
Q9Z1N3	Q9QY06-3
Q9Z1N3	Q9QY06
Q9Z1N3	Q13459
Q9Z1N3	Q63358
Q9Z1N3	E9PZW8
Q9Z1N3	Q8WXR4
Q9Z1N3	NP_001178830
Q9Z1N3	Q1EG27
Q9Z1N3	Q9Y4I1-3
Q9Z1N3	Q99104
Q9Z1N3	Q9Y4I1
Q9Z1N3	Q9Y4I1-2
Q9Z1N3	Q9QYF3
Q9Z1N3	E9Q1F5
Q9Z1N3	Q9NQX4
Q9Z1N3	F1M111
Q9Z1N3	P70569
Q9Z1N3	Q9ULV0
Q9Z1N3	Q9ULV0-2
Q9Z1N3	P21271
Q03468	Q03468
Q03468	F8VPZ5
Q03468	D3ZS47
Q03468	Q9Y620
Q03468	Q9Y620-2
Q03468	Q6PFE3
Q03468	NP_001178684
Q9EP80	Q9EP80
Q9EP80	Q62083
Q9EP80	Q9NRD5
Q92802-3	Q92802-3
O00541	O00541
O00541	Q9EQ61
O00541	Q3B8N8
O00541	O00541-2
Q14554	Q14554
Q14554	Q921X9
Q14554	Q5I0H9
Q812E4	Q812E4
Q812E4	Q80T23
Q812E4	Q8TDW5-2
Q812E4	Q8TDW5
Q9NP80	Q9NP80
Q9NP80	D3ZRC4
Q9NP80	Q8K1N1
Q709C8	Q709C8
Q709C8	Q709C8-2
Q709C8	Q709C8-3
Q709C8	XP_343419
Q709C8	NP_001094445
Q709C8	Q5H8C4
Q709C8	Q96RL7
Q709C8	Q96RL7-2
Q709C8	Q96RL7-3
Q709C8	Q8BX70
A2A9H6	A2A9H6
A2A9H6	XP_137868
A2A9H6	XP_001081536
A2A9H6	A6NM11
A2A9H6	O60309
A2A9H6	A6NMS7
A2A9H6	Q96QE4
Q8BFQ4	Q8BFQ4
Q8BFQ4	M0R565
Q8BFQ4	Q6UXN9
Q6WBX8	Q6WBX8
Q6WBX8	Q6WBX7
Q6WBX8	Q499V3
Q6WBX8	D3ZXM2
Q6WBX8	Q99638
Q6WBX8	Q9Z0F6
Q9ERZ6	Q9ERZ6
Q9ERZ6	Q5HY92
Q9ERZ6	D3ZYS4
Q9ERZ6	Q8BPY9
Q9ERZ6	Q6PIW4
Q9ERZ6	Q6PIW4-2
Q9ERZ6	Q6GX84
Q9ERZ6	A6NMB9
Q9ERZ6	J3QK54
Q99MB7	Q99MB7
Q99MB7	Q8WVD5
Q99MB7	Q6IV57
P08571	P08571
P08571	Q63691
P08571	P10810
Q9D8X5	Q9D8X5
Q9D8X5	Q60809
Q9D8X5	Q9UIV1
Q9D8X5	Q9UFF9
Q9D8X5	B3DMA5
Q9D8X5	Q5U2U9
O09160	O09160
O09160	P19526
O09160	Q10980
O09160	P97353
O09160	Q9WUE6
O09160	Q9JL27
O09160	Q10984
O09160	Q10981
Q96N46	Q96N46
Q96N46	Q96N46-3
Q96N46	Q9CSP9
Q96N46	NP_001101136
Q8NEZ3	Q8NEZ3
Q8NEZ3	Q3UGF1
Q8NEZ3	F1LV01
Q8IWP9	Q8IWP9
Q8IWP9	Q3UFK1
Q8IWP9	Q8CEG5
Q8IWP9	Q9BUN5
Q9ESB3	Q9ESB3
Q9ESB3	Q99PS8
Q9ESB3	P04196
Q9ESB3	Q9QXC1
Q9ESB3	Q9QX79
Q9ESB3	Q9UGM5
Q9BZQ6	Q9BZQ6
Q9BZQ6	Q2HXL6
Q9BZQ6	NP_001178600
Q9BZQ6	Q92611
Q9BZQ6	Q925U4
Q9BZQ6	Q9UKM7
Q9BZQ6	A2AJ15
Q9BZQ6	B2GUY0
Q9BZQ6	Q9BV94
Q9BZQ6	Q6AYI8
Q9BZQ6	Q8BJT9
Q9BZQ6	G3V9N9
Q9BZQ6	P45700
Q9BZQ6	P33908
Q9BZQ6	O60476
Q9BZQ6	P39098
Q9BZQ6	NP_001099922
Q9BZQ6	Q9NR34
Q9BZQ6	Q6NXK9
Q9BZQ6	D3Z979
Q8IZC6	Q8IZC6
Q8IZC6	Q80ZF0
Q8IZC6	Q5QNQ9
Q8IZC6	Q30D77
Q8IZC6	Q17RW2
Q8IZC6	P53420
Q8IZC6	Q9QZR9
Q8IZC6	Q9JI03
Q8IZC6	Q61245
Q8IZC6	P12107
Q8IZC6	O88207
Q8IZC6	P20908
Q8IZC6	P13942
Q8IZC6	Q64739
Q8IZC6	P20909
Q8IZC6	P12107-2
Q8IZC6	Q6MGB2
Q8IZC6	P25940
Q8IZC6	Q9JLI2
Q8IZC6	P05997
Q8IZC6	Q3U962
Q8IZC6	A0A8I6GEX8
Q8IZC6	P28481
Q8IZC6	P08123
Q8IZC6	P11087
Q8IZC6	P02452
Q8IZC6	P05539
Q8IZC6	P02454
Q8IZC6	P02466
Q8IZC6	P02458
Q8IZC6	Q01149
Q3V079	Q3V079
Q3V079	Q8ND07
Q9DBU0	Q9DBU0
Q9DBU0	O15321
Q9DBU0	Q66HF2
Q9DBU0	Q9HD45
Q9DBU0	Q9ET30
Q9DBU0	D3ZUD8
E9Q166	E9Q166
E9Q166	XP_235326
E9Q166	Q6PL18
E9Q166	Q9ULI0
E9Q166	A0A096MJU1
E9Q166	G3X963
E9Q166	Q8CDM1
E9Q166	Q63347
E9Q166	P46471
E9Q166	P35998
E9Q166	P62333
E9Q166	P62334
E9Q166	Q32PW9
E9Q166	O88685
E9Q166	P17980
E9Q166	Q63569
E9Q166	P62191
E9Q166	P62192
E9Q166	P62193
E9Q166	P62195
E9Q166	P62196
E9Q166	P62195-2
E9Q166	P62198
E9Q166	P54775
E9Q166	P43686-2
E9Q166	P43686
E9Q166	Q63570
Q9UN42	Q9UN42
Q9UN42	Q99ME6
Q9UN42	Q9R193
Q9UN42	P14231
Q9UN42	P14415
Q9UN42	P13638
Q9UN42	P54709
Q9UN42	P97370
Q9UN42	Q63377
Q9UN42	P14094
Q9UN42	P05026
Q9UN42	P07340
Q9UN42	P05027
Q9UN42	P50992
Q9UN42	P18434
Q9UN42	P51164
Q9UN42	P18598
Q6T4R5	Q6T4R5
Q6T4R5	NP_001178662
Q6T4R5	B2RXX7
Q93099	Q93099
Q93099	O09173
Q5JU85	Q5JU85
Q5JU85	Q5DU25
Q5JU85	D3ZV71
Q5JU85	D3Z6V7
Q5JU85	XP_003754801
Q5JU85	A4GZ26
Q5JU85	Q5JU85-3
Q5JU85	B4DGC5
Q5JU85	A0A0G2JUG7
Q5JU85	Q8R0S2
Q5JU85	Q6DN90
Q5JU85	NP_001193743
Q5JU85	Q6DN90-2
Q5JU85	E9PUA3
Q5JU85	Q3TES0
Q5JU85	Q3UHJ6
Q5JU85	Q9UPP2-2
Q5JU85	Q76M68
Q5JU85	Q9UPP2
Q96C12	Q96C12
Q96C12	Q96C12-4
Q96C12	Q5EBP3
Q96C12	Q5PQP9
Q61070	Q61070
Q61070	O14681
Q61070	Q4KM77
O94842	O94842
O94842	Q8BU11
O94842	Q99PM1
O94842	Q66JW3
O94842	D4A1U5
O94842	O94900
O94842	E9Q0B9
O94842	Q76IQ7
O94842	Q96NM4-4
O94842	A2A473
O94842	Q96NM4-2
O94842	Q96NM4
O94842	B7SBD2
O94842	O15405
O94842	Q80W03
Q9QZS7	Q9QZS7
Q9QZS7	Q9R044
Q9QZS7	O60500
Q92838	Q92838
Q92838	O54693
Q8WYQ4	Q8WYQ4
Q5T3J3	Q5T3J3
Q5T3J3	Q8CDD9
Q5T3J3	Q499M7
P0CJ71	P0CJ71
P0CJ71	S4R3P1
P0CJ71	P0CJ74
P0CJ71	S4R3Y5
P0CJ71	P0CJ77
P0CJ71	P0CJ69
P0CJ71	Q8IVG9
P0CJ71	P0CJ72
P0CJ71	P0CJ68
P0CJ71	P0CJ75
P0CJ71	P0CJ70
P0CJ71	P0DMP1
P0CJ71	P0CJ73
P0CJ71	P0CJ76
Q6PDM1	Q6PDM1
Q6PDM1	Q68DK7-3
Q6PDM1	D3ZBD0
Q6PDM1	Q68DK7
Q6PDM1	Q68DK7-2
Q86U70	Q86U70
Q86U70	O55203
Q86U70	O43679
Q86U70	Q86U70-2
Q86U70	P70662
Q86U70	D3ZT89
Q86U70	O43679-2
Q9NXF1	Q9NXF1
Q9NXF1	Q3URQ0
Q9NXF1	D4A401
Q9NXF1	Q9NXF1-2
Q9H204	Q9H204
Q9H204	P68943
Q9H204	Q920D3
Q9CZT4	Q9CZT4
Q9CZT4	D3ZP45
Q9CZT4	Q9NVU0
Q9CZT4	Q9NVU0-2
Q8WY41	Q8WY41
Q8WY41	Q80WY3
Q8WY41	D4A1F8
Q96LQ0	Q96LQ0
Q96LQ0	Q68FW6
Q96LQ0	D3Z0R2
Q8BWQ5	Q8BWQ5
Q8BWQ5	Q9C098
Q8BWQ5	Q60823
Q8BWQ5	Q9Y243
Q8BWQ5	Q63484
Q8BWQ5	Q9WUA6
Q8BWQ5	P31751
Q8BWQ5	P47197
Q8NG66	Q8NG66
Q8NG66	Q8NG66-4
Q8NG66	Q8C0Q4
P38936	P38936
P38936	Q683K8
P38936	Q64315
P38936	P39689
Q62388	Q62388
Q62388	D4ACL8
Q62388	Q13315
P29419	P29419
P29419	P56385
P29419	Q06185
Q9Y294	Q9Y294
Q9Y294	Q9CQE6
Q9Y294	B0BN69
Q9Y294	Q9NVP2
Q9Y294	Q9DAP7
Q9Y294	D3ZFM1
P22301	P22301
P22301	P18893
P22301	P29456
Q8BYR1	Q8BYR1
Q8BYR1	Q5XIA3
Q8BYR1	O60294
Q8BYR1	Q9UIC8-2
Q8BYR1	Q6P4Z6
Q8BYR1	A2RTH5
Q8BYR1	Q9UIC8
Q9NX20	Q9NX20
Q9NX20	Q99N93
Q9NX20	Q5M818
P28663	P28663
P28663	Q4G0M0
P28663	P54921
P28663	P85969
P28663	Q9DB05
P28663	P54920
P28663	Q9H115
O43325	O43325
O43325	Q9CQB7
O43325	B2RYU8
Q9BVC4	Q9BVC4
Q9BVC4	Q9BVC4-4
Q9BVC4	Q9Z2K5
Q9BVC4	Q9DCJ1
Q922J9	Q922J9
Q922J9	Q66H50
Q922J9	Q8WVX9
Q922J9	Q7TNT2
Q922J9	Q96K12
Q96F81	Q96F81
Q96F81	D3ZWU2
Q96F81	Q3TDN0
Q96F81	A7MBM2
Q96F81	D3ZBZ6
Q96F81	Q8CIP5
XP_237548	XP_237548
XP_237548	Q3UHU5
XP_237548	Q9Y4B5
XP_237548	Q9Y4B5-4
XP_237548	Q9Y4B5-2
XP_237548	Q5TF21
XP_237548	Q6NZL0
XP_237548	D4A0A1
XP_237548	O94964-2
XP_237548	O94964-3
XP_237548	O94964
XP_237548	XP_230787
XP_237548	A2ACV6
XP_237548	E1U8D0
Q7Z6P3	Q7Z6P3
Q7Z6P3	F1M8M0
Q7Z6P3	Q8CB87
Q7Z6P3	Q5JT25
Q7Z6P3	Q5JT25-2
Q7Z6P3	P59190
Q7Z6P3	P35289
Q7Z6P3	Q3TYH2
Q7Z6P3	P59190-2
Q7Z6P3	P51159
Q7Z6P3	Q9ERI2
Q7Z6P3	P51159-2
Q7Z6P3	Q99P58
Q7Z6P3	O00194
Q7Z6P3	Q99P74
Q7Z6P3	P23640
Q7Z6P3	Q64008
Q7Z6P3	Q9BZG1-2
Q7Z6P3	Q9BZG1-4
Q7Z6P3	Q9BZG1
Q7Z6P3	Q5U1Y1
Q7Z6P3	NP_001015023
Q7Z6P3	P35290
Q7Z6P3	Q969Q5
Q7Z6P3	Q9H0N0
Q7Z6P3	P20340
Q7Z6P3	P35279
Q7Z6P3	NP_445818
Q7Z6P3	Q53S08
Q7Z6P3	P61294
Q7Z6P3	P20340-2
Q7Z6P3	Q9NRW1
Q7Z6P3	A0A0G2JT78
Q7Z6P3	P51148-2
Q7Z6P3	NP_001099310
Q7Z6P3	P35278
Q7Z6P3	M0RC99
Q7Z6P3	P51148
Q7Z6P3	P61021
Q7Z6P3	P20339
Q7Z6P3	P61020
Q7Z6P3	Q9CQD1
Q7Z6P3	A1L1J8
Q7Z6P3	Q13637
Q7Z6P3	P57729
Q7Z6P3	Q8QZZ8
Q7Z6P3	Q9CZE3
Q7Z6P3	Q63483
Q7Z6P3	D4AEG2
Q7Z6P3	Q91YQ1
Q7Z6P3	O14966
Q7Z6P3	O14966-2
Q7Z6P3	Q63481
Q7Z6P3	Q9WTL2
Q7Z6P3	Q9NP72-2
Q7Z6P3	Q9NP72
Q7Z6P3	Q5EB77
Q7Z6P3	P35293
Q7Z6P3	B5DFJ1
Q7Z6P3	Q8CEC5
Q7Z6P3	Q9NYS0
Q7Z6P3	Q9NYR9
Q7Z6P3	Q9CR56
Q7Z6P3	D3ZCK2
Q7Z6P3	Q9NYR9-4
Q8CCI5	Q8CCI5
Q8CCI5	F1M771
Q8CCI5	Q8N488
Q8CCI5	NP_001128343
Q8CCI5	Q99LW6
Q8CCI5	Q8IY57-3
Q8CCI5	Q8IY57
Q9H8H3	Q9H8H3
Q9H8H3	Q6UX53
Q9H8H3	Q8C6B0
Q9H8H3	Q5I0W6
Q9H8H3	G3X9G9
Q9H8H3	Q9DD20
Q9H8H3	Q3KRE2
Q9H8H3	Q562C4
Q12796	Q12796
Q12796	Q3TWH3
Q12796	Q63647
Q12796	Q9CR73
Q12796	Q9NPJ4
Q12796	Q66HE1
A2A3L6	A2A3L6
A2A3L6	Q8BYG0
A2ANU3	A2ANU3
A2ANU3	Q9H7V2
A2ANU3	Q58DZ9
A2ANU3	A6NDD5
A2ANU3	Q6ZNR0
A2ANU3	Q8C581
A2ANU3	Q3USQ7
Q8BH83	Q8BH83
Q8BH83	Q96BM1
Q6ZQX7	Q6ZQX7
Q6ZQX7	D3ZRL2
Q6ZQX7	Q810M6
Q9NY43	Q9NY43
Q9NY43	O88181
Q9NY43	Q8VIB5
Q9NY43	O70584
Q5ND04	Q5ND04
Q5ND04	Q4G112
Q9Y584	Q9Y584
Q9Y584	Q9CQ85
Q9Y584	Q9JKW1
Q96HD9	Q96HD9
Q96HD9	Q5M876
Q96HD9	Q91XE4
Q96HD9	P45381
Q96HD9	Q8R3P0
Q96HD9	Q9R1T5
Q8NFR7	Q8NFR7
Q8NFR7	Q6P5U8
O88713	O88713
O88713	Q64335
Q86XE5	Q86XE5
Q86XE5	Q9DCU9
Q86XE5	D4A2K1
Q497K6	Q497K6
Q9DA62	Q9DA62
Q9DA62	Q8C1R9
Q9DA62	Q9DAI5
Q9DA62	Q497P9
Q8N205	Q8N205
Q8N205	Q8CII8
Q8N205	Q5M844
Q9R244	Q9R244
Q9R244	Q9R283
Q9R244	Q9UBN4-5
Q9R244	O35119
Q9R244	Q9QUQ5
Q9R244	Q9UBN4
Q9R244	Q9QX29
Q9R244	Q9UL62
Q9R244	Q9Y210
Q9R244	Q9Y210-2
Q9R244	Q9HCX4
Q9R244	Q9WVC5
Q9R244	Q99N77
Q9R244	Q99N78
Q9R244	Q61143
Q9R244	Q13507
Q9R244	Q9JMI9
Q9R244	Q9QZC1
Q9R244	Q13507-3
Q9R244	Q61056
Q9R244	P48995
Q9R244	Q9QX01
Q5VVM6	Q5VVM6
Q5VVM6	Q8BVF4
Q5VVM6	Q8BVF4-3
Q8BKJ9	Q8BKJ9
Q8BKJ9	Q9NRC8
Q8BKJ9	B2RZ55
Q8BKJ9	Q8N6T7
Q8BKJ9	P59941
Q8BKJ9	NP_001026819
Q8BKJ9	Q8N6T7-2
A6NLC5	A6NLC5
A6NLC5	Q6GQU0
Q8N365	Q8N365
Q8N365	Q3TQ03
Q5VZY2	Q5VZY2
Q5VZY2	Q0VBU9
Q5VZY2	Q8NEB5
Q5VZY2	Q3UMZ3
EDL35794	EDL35794
Q8BXX9	Q8BXX9
Q7Z3B0	Q7Z3B0
Q7Z3B0	Q3UTD9
Q9BV87	Q9BV87
Q9BV87	Q8K158
Q9BV87	Q6P7B2
Q96CW5	Q96CW5
Q96CW5	P58854
Q96CW5	D3ZMR7
Q96CW5	Q96CW5-3
O75663	O75663
O75663	Q8BH58
O75663	A2VCX1
Q8R1N4	Q8R1N4
Q8R1N4	Q8IVD9
Q8R1N4	Q32PY7
Q6AY02	Q6AY02
Q6AY02	Q8JZX4
Q6AY02	Q96I25
Q12986	Q12986
Q12986	Q12986-3
Q12986	Q4V7B3
Q12986	B1AY10
Q12986	Q12986-2
Q12986	F1LNF3
Q12986	Q6ZNB6-2
Q12986	Q6ZNB6
Q12986	E9Q8I7
Q8WV44	Q8WV44
Q8WV44	F1LMK2
Q8WV44	Q5NCC3
Q8WV44	Q96A61
Q8WV44	Q9ESN2
Q8WV44	Q6MFZ5
Q8WV44	Q9HCM9
Q8WV44	A0A096LP39
Q8WV44	Q9HCM9-2
Q8WV44	Q9WUH5
Q8WV44	Q9UDY6
Q8WV44	Q9C019
Q8WV44	Q9H2S5
Q8WV44	Q920M2
P63028	P63028
P63028	P13693
P63028	Q9HAU6
P63028	Q56UQ5
P63028	P63029
P30876	P30876
P30876	G3V8Y5
P30876	Q8CFI7
P30876	D3ZV30
P30876	P59470
P30876	Q9NW08
P30876	Q9NW08-2
Q9H074	Q9H074
Q9H074	D3ZZF8
Q9H074	Q9H074-2
Q9H074	Q8VE62
P16460	P16460
P16460	P00966
P16460	P14568
P16460	P09034
Q9CPW7	Q9CPW7
Q9CPW7	Q96NC0
Q9CPW7	D4AD01
Q9WV03	Q9WV03
Q9WV03	Q14320
Q9WV03	G3V9M8
Q9WV03	Q9WTJ8
Q9WV03	Q9Y247
Q9UBZ9	Q9UBZ9
Q9UBZ9	D3ZRU9
Q9UBZ9	Q920Q2
Q9Y232	Q9Y232
Q9Y232	Q6AYK9
Q9Y232	Q9WTK2
Q9Y232	Q9Y232-2
Q9Y232	Q8N8U2
Q9Y232	Q9D5D8
Q9Y232	Q9Y6F7
Q9Y232	Q9Y6F8
Q9Y232	O75521
Q9Y232	O75521-2
Q9Y232	Q5XIC0
Q9Y232	Q9WUR2
Q9Y232	Q5M884
Q9Y232	Q78JN3
Q8WXS5	Q8WXS5
Q8WXS5	Q8VHW2
Q8WXS5	Q8VHW5
Q8WXS5	Q9Y698
Q8WXS5	O88602
Q8WXS5	Q71RJ2
Q8WXS5	O60359
Q8WXS5	Q8VHX0
Q8WXS5	Q9JJV5
Q8WXS5	Q9JJV4
Q8WXS5	Q9UBN1
Q8WXS5	Q8VHW9
Q8WXS5	P62957
Q8WXS5	Q8VHW8
Q8WXS5	Q8VHW4
Q8WXS5	Q9UF02
Q8WXS5	P62956
Q8WXS5	P62955
Q9JLB9	Q9JLB9
Q9JLB9	Q9NQS3-3
Q9JLB9	D4A5C0
Q9JLB9	Q9JLB9-3
Q9JLB9	Q9NQS3
Q9JLB9	XP_002695134
Q9JLB9	Q92692
Q9JLB9	Q92692-2
Q9JLB9	P32507
Q9JLB9	Q5FVC5
Q9JLB9	P15151
Q9JLB9	P32507-2
Q9JLB9	Q60977
Q9JLB9	Q5U334
Q9JLB9	Q15223
Q9JLB9	F1LNP8
Q9JLB9	Q9JKF6
Q9JLB9	Q9JKF6_VAR_G428S
Q9JLB9	Q15223-2
Q9JLB9	P09564
Q9JLB9	P50283
Q9JKC8	Q9JKC8
Q9JKC8	P53676
Q9JKC8	Q9Y2T2
Q9JKC8	P53677
Q9JKC8	Q8R2R9
Q9JKC8	P53678
O43324	O43324
O43324	Q9D1M4
O43324	B2RYN3
P97878	P97878
P97878	Q3TPX4
P97878	O00471
Q9H7M9	Q9H7M9
Q9H7M9	G3V9P3
Q9H7M9	Q9D659_S232SS
Q9H7M9	Q9D659
Q9BZJ0	Q9BZJ0
Q9BZJ0	P63154
Q9BZJ0	P63155
Q9NQC7	Q9NQC7
Q9NQC7	Q66H62
Q9NQC7	Q80TQ2
Q5T7B8	Q5T7B8
Q5T7B8	Q5T7B8-2
Q5T7B8	Q6NWW5
Q5T7B8	O00139-4
Q5T7B8	P28740
Q5T7B8	Q9WV63
Q5T7B8	P28740-2
Q5T7B8	O00139-2
Q5T7B8	O00139
Q5T7B8	P28740-1
Q5T7B8	Q9WV63-2
Q5T7B8	Q9BVG8-6
Q5T7B8	O35231
Q5T7B8	A1A5P4
Q5T7B8	Q9BVG8
Q12840	Q12840
Q12840	O60282
Q12840	P33175
Q12840	Q6QLM7
Q12840	P28738
Q12840	P56536
Q12840	Q2PQA9
Q12840	Q61768
Q12840	P33176
O43474	O43474
O43474	Q60793
O43474	Q923V7
O43474	Q9ET58
O43474	Q9Y5W3
O43474	Q60843
O43474	Q13351
O43474	P46099
O43474	Q13887
O43474	Q9Z0Z7
O43474	Q66HP1
O43474	O95600
O43474	Q8BLM0
Q9JKV1	Q9JKV1
Q9JKV1	Q16186
Q9JKV1	Q9JMB5
Q9CPU4	Q9CPU4
Q9CPU4	D4ADS4
Q9CPU4	O14880
Q99J27	Q99J27
Q99J27	Q6AYY8
Q99J27	O00400
Q9D032	Q9D032
Q9D032	Q9R050
Q9D032	Q9BWW4
Q9D032	Q9BWW4-2
Q9D032	Q9BWG4
Q9D032	Q9CYZ8
Q9D032	F1M3J3
Q9D032	P81877-3
Q9D032	Q9CYZ8-2
Q9D032	P81877
Q9D032	P81877-5
Q9D032	Q6AY89
Q9D032	Q99LZ8
P97564	P97564
P97564	Q61586
P97564	Q9HCL2
P97564	D3ZI76
P97564	Q14DK4
P97564	Q6NUI2
P97564	Q6NUI2-4
O95153	O95153
O95153	A6NJZ7
O95153	Q9UFD9
O95153	A6NNM3
O95153	Q9JIR0
O95153	Q7TNF8
O95153	Q80U40
O95153	Q9JIR1
O95153	O15034
O95153	XP_001064091
O95153	Q3V0F0
Q9D7P6	Q9D7P6
Q9D7P6	Q9H1K1
Q9D7P6	B2RZ79
Q9D7P6	Q17QE6
Q9D7P6	Q9H1K1-2
Q9BQI9	Q9BQI9
Q9BQI9	Q9JHR9
Q9BQI9	Q9NQ35
Q9BQI9	D4A2K5
Q9BQI9	Q9JJR9
Q99L48	Q99L48
Q99L48	Q96D46
Q99L48	B1WC44
Q8NEE8	Q8NEE8
Q8NEE8	Q8C1F5
Q5JR59	Q5JR59
Q5JR59	A0JPQ3
Q5JR59	Q3UHD3
Q5JR59	A6NI79
Q5JR59	Q3TCJ8
P20839-6	P20839-6
P20839-6	P20839-7
P20839-6	P12268
P20839-6	E9PU28
P20839-6	D3ZLZ7
P20839-6	P20839-3
P20839-6	P24547
P20839-6	P50096
P20839-6	P20839
P43897	P43897
P43897	Q9CZR8
P43897	Q9QYU2
Q8CFI5	Q8CFI5
Q8CFI5	Q7L3T8
Q8CFI5	Q5M7W7
Q07617	Q07617
Q07617	Q80ZX8
Q07617	Q5U2X2
Q07617	Q3KRD5
Q07617	Q9CYG7
Q07617	Q15785
Q07617	Q9CYG7-2
Q96Q07	Q96Q07
Q96Q07	Q8C726
Q96Q07	Q5PQR3
Q96Q07	Q96Q07-2
P52825	P52825
P52825	P23786
P52825	P18886
Q92908	Q92908
Q92908	Q92908-2
Q92908	G1FC91
Q92908	Q61169
Q92908	P46153
Q92908	P17678
Q92908	P43694
Q92908	Q08369
Q92908	P46152
Q92908	P97489
Q92908	Q9BWX5
Q92908	Q5U2V0
Q92908	P17679
Q92908	P15976-2
Q92908	P43429
Q92908	P15976
Q92908	O09100
Q92908	P23769
Q92908	Q924Y4
Q92908	Q99NH5
Q92908	P23772
Q92908	P23771-2
Q92908	P23771
Q06138	Q06138
Q06138	Q5XIJ7
Q06138	Q9Y376
Q06138	A0A0G2JZH0
Q06138	Q9DB16
Q06138	Q9H9S4
Q8R0K4	Q8R0K4
Q8R0K4	M0RAS3
Q8R0K4	Q6PK04
Q8CJF8	Q8CJF8
Q8CJF8	Q9HCK5
Q8CJF8	F1LUS2
Q8CJF8	D4AC38
Q8CJF8	Q8CJG1
Q8CJF8	Q9UL18
Q8CJF8	Q9QZ81
Q8CJF8	Q9H9G7
Q8CJF8	Q8CJG0
Q8CJF8	Q9UKV8
Q8CJF8	Q8CJF9
Q99426	Q99426
Q99426	Q1RP74
Q99426	Q9D1E6
Q9UJX4	Q9UJX4
Q9UJX4	Q9UJX4-2
Q9UJX4	Q8BTZ4
Q9UJX4	A1L1K3
Q9JMG6	Q9JMG6
Q9JMG6	Q3U1J1
Q9JMG6	P0C1Z6
Q9JMG6	Q3U1J1-2
Q9QXU8	Q9QXU8
Q9QXU8	Q62698
Q9QXU8	Q8R1Q8
Q9QXU8	Q9Y6G9
Q9QXU8	Q6PDL0
Q9QXU8	O43237
Q9QXU8	Q90828
Q9QXU8	F1MBQ0
Q8R4E9	Q8R4E9
Q8R4E9	Q9H211
Q66JX5	Q66JX5
Q66JX5	O95684
Q66JX5	Q4V7C1
Q66JX5	O95684-2
Q8VDM6	Q8VDM6
Q8VDM6	D4A962
Q8VDM6	Q9BUJ2-2
Q8VDM6	Q9BUJ2
Q8VDM6	Q00839
Q8VDM6	Q6IMY8
Q8VDM6	Q8VEK3
Q8VDM6	Q00839-2
Q8VDM6	Q1KMD3
Q8VDM6	Q00PI9
Q8VDM6	D4ABT8
Q8TAQ2	Q8TAQ2
Q8TAQ2	Q6PDG5
Q8TAQ2	D4A510
Q8TAQ2	Q8TAQ2-3
Q8TAQ2	Q8TAQ2-2
Q8TAQ2	NP_001165695
Q8TAQ2	Q92922
Q8TAQ2	NP_001100331
Q8TAQ2	P97496
Q96AY2	Q96AY2
Q96AY2	D3ZCS5
Q96AY2	Q8BJW7
Q96AY2	A4GXA9
Q96AY2	Q56A04
P02671	P02671
P02671	P02671-2
P02671	E9PV24
P02671	P06399
P02671	P02679
P02671	P02680
P02671	P02679-2
P02671	Q8VCM7
D9I304	D9I304
O75175	O75175
O75175	Q8K0V4
O75175	D3ZUV9
O43181	O43181
O43181	Q5XIF3
O43181	Q02375
O43181	Q9CXZ1
Q9H400	Q9H400
Q9H400	Q9EQR5
Q9BZD4	Q9BZD4
Q9BZD4	Q99P69
Q9BZD4	Q6AYL9
Q92900	Q92900
Q92900	Q9EPU0
Q92900	Q92900-2
Q92900	F1LY19
Q92900	Q9EPU0-2
Q92900	P40694
Q92900	P38935
Q92900	Q9EQN5
Q148R9	Q148R9
Q148R9	Q6ZS82
Q6NUN7	Q6NUN7
Q6NUN7	E9Q793
P01831	P01831
P01831	P01830
P01831	P04216
O60281	O60281
O60281	O60281-2
O60281	D3ZXZ1
O60281	Q9Z2U2
O60281	Q8IZM8
O60281	XP_237855
O60281	Q9DAU9
Q8BIQ8	Q8BIQ8
Q8BIQ8	XP_001079020
Q8BIQ8	Q6IQ21
Q8WZ60	Q8WZ60
Q8WZ60	Q6V595
Q8WZ60	Q8BRG6
Q8WZ60	Q6TFL4
Q8WZ60	Q56A24
Q8WZ60	Q6GQU2
Q8WZ60	Q8NBE8
Q96BD8	Q96BD8
Q96BD8	B0BN28
Q96BD8	Q9CPV1
Q9UBX1	Q9UBX1
Q9UBX1	Q499S6
Q9UBX1	Q9R013
Q9UBX1	O35186
Q9UBX1	P55097
Q9UBX1	P43235
Q9UBX1	O46427
Q9UBX1	P00786
Q9UBX1	P09668
Q9UBX1	P49935
Q9UBX1	Q9QZE3
Q9UBX1	Q91ZF4
Q9UBX1	Q63088
Q9UBX1	Q9JI81
Q9UBX1	Q812B6
Q9UBX1	Q9JL96
Q9UBX1	Q9R014
Q9UBX1	O60911
Q9UBX1	P06797
Q9UBX1	P07154
Q9UBX1	Q3ULP7
Q9UBX1	Q812B4
Q9UBX1	Q91ZF2
Q9UBX1	D3ZZ07
Q9UBX1	Q9JIA9
Q9UBX1	P56202
Q9UBX1	Q561Q9
Q9UBX1	P56203
Q9R123	Q9R123
Q9R123	Q93015
Q9R123	Q3KR83
Q9R123	Q93015-2
Q570Z6	Q570Z6
Q570Z6	Q6BDS2
Q570Z6	XP_002725890
Q570Z6	NP_001102223
Q570Z6	A0JNW5
Q570Z6	A2RSJ4
Q9BVG9	Q9BVG9
Q9BVG9	B2GV22
Q9BVG9	Q9Z1X2
Q9BVG9	Q5PQL5
Q9BVG9	Q99LH2
Q9BVG9	P48651
Q6R2W3	Q6R2W3
Q6R2W3	D3ZTR5
Q6R2W3	Q9D1L0
Q6R2W3	Q5BJB3
Q6R2W3	Q8K3S8
Q6R2W3	Q8CEW7
Q6R2W3	B2RPU8
Q6R2W3	Q96N95
Q6R2W3	Q6ZNG9
Q6R2W3	P0CF97
Q6R2W3	Q8TCP9
Q6R2W3	Q49AG3
Q6R2W3	Q8IZ13
Q8BIL5	Q8BIL5
Q8BIL5	Q9UJC3
Q8BIL5	D3ZB48
Q8BIL5	Q86VS8
Q8BIL5	NP_001129570
Q8BIL5	Q8BUK6
Q8BIL5	Q96ED9
Q8BIL5	Q4FZR1
Q8BIL5	Q7TMK6
Q8BIL5	Q96ED9-2
Q8BKE9	Q8BKE9
Q8BKE9	Q96LB3-2
Q8BKE9	Q96LB3
Q8BKE9	Q5XIR2
O60268	O60268
O60268	Q8R0A7
O60268	D4A3C2
Q8TAD8	Q8TAD8
Q8TAD8	Q8BIZ6
Q8TAD8	Q5M9G6
Q13683	Q13683
Q13683	Q13683-3
Q13683	Q13683-7
Q13683	Q61738
Q13683	Q63258
Q13683	P23229
Q13683	Q61739-2
Q13683	P23229-2
Q13683	P23229-6
Q13683	Q924W2
Q13683	Q61739
Q13683	P26006-1
Q13683	P26006
Q13683	Q62470
Q13683	NP_001101762
O60279	O60279
O60279	D3ZSC1
O60279	G3UW60
Q9NZP6	Q9NZP6
Q9NZP6	A8MUI8
Q9NZP6	A6NL46
Q9NZP6	A8MV72
Q9NZP6	A8MX80
Q9NZP6	Q8N9G6
Q5VW36	Q5VW36
Q5VW36	XP_233144
Q5VW36	A2AKG8
Q969I3-2	Q969I3-2
Q969I3-2	Q969I3
Q969I3-2	A0A0U1RQE8
Q969I3-2	Q8WU03
Q969I3-2	B1H250
Q969I3-2	Q5FW57
Q969I3-2	Q5PQT3
Q969I3-2	Q6IB77
Q969I3-2	Q9DCY0
Q969I3-2	Q91XE0
Q969I3-2	Q9Z2Y0
Q969I3-2	D3ZHY4
Q969I3-2	E9Q5L8
Q969I3-2	Q5SZD4
Q9CR92	Q9CR92
Q9CR92	Q2M329
Q9CR92	D3Z9F2
Q8IYW5	Q8IYW5
Q8IYW5	Q80XJ2
Q8IYW5	B2RYR0
Q9BXY0	Q9BXY0
Q9BXY0	Q8BGS0
Q9BXY0	Q8BGS0-2
Q9BXY0	Q5EB56
Q86VZ6	Q86VZ6
Q86VZ6	Q86VZ6-2
Q86VZ6	Q80ZQ5
Q07837	Q07837
Q07837	Q91WV7
Q07837	Q64319
Q9EQH3	Q9EQH3
Q9EQH3	Q96QK1
Q9EQH3	NP_001099188
O95267	O95267
O95267	Q9R1K8
O95267	Q9Z1S3
O95267	Q8R5I4
O95267	Q8TDF6-2
O95267	Q8BTM9
O95267	Q8TDF6
O95267	Q7LDG7-2
O95267	Q7LDG7
O95267	P0C643
O95267	Q9QUG9
O95267	Q5ZID9
O95267	Q8IV61-2
O95267	Q6NZH9
O95267	NP_001101479
O95267	Q8IV61
Q53T94	Q53T94
Q53T94	D3ZYB7
Q53T94	P97358
O55196	O55196
O55196	Q9NRM1
Q8R349	Q8R349
Q8R349	Q13042
Q8R349	Q4V884
O35598	O35598
O35598	O14672
O35598	Q10743
Q8TBM7	Q8TBM7
Q8TBM7	P0DN89
Q8TBM7	Q5U220
Q96HA1	Q96HA1
Q96HA1	A8CG34
Q96HA1	Q96HA1-2
Q96HA1	A6NF01
Q96HA1	Q8K3Z9
Q96HA1	P52591
Q96HA1	Q96KW2
Q96HA1	Q5SW25
Q96HA1	NP_001156402
Q96HA1	NP_001157638
Q91ZR3	Q91ZR3
Q91ZR3	Q9NS37
Q8K0W3	Q8K0W3
Q8K0W3	Q9H0X6
Q9D5B4	Q9D5B4
P39019	P39019
P39019	Q9CZX8
P39019	P17074
Q8R1L8	Q8R1L8
Q8R1L8	Q6UXH0
Q9DAQ5	Q9DAQ5
Q9DAQ5	A8MV24
A0A0A0MT78	A0A0A0MT78
P21643	P21643
P21643	P48776
P21643	P48775
P13264	P13264
P13264	O94925
P13264	P28492
P13264	D3Z7P3
P13264	Q9UI32
P13264	D3Z7P3-2
P13264	Q571F8
P13264	O94925-3
P48998	P48998
P48998	P48997
D3ZYT3	D3ZYT3
D3ZYT3	Q80U59
D3ZYT3	Q92628
D3Z8P8	D3Z8P8
D3Z8P8	Q3UZW7
D3Z8P8	P0C5J1
D3Z8P8	Q96G04
D3Z8P8	Q8N7N1
D3Z8P8	Q9NVL1
D3Z8P8	Q9NVL1-3
Q64568	Q64568
Q64568	Q9R0K7
Q64568	Q01814
Q64568	Q0VF54
Q64568	Q16720-2
Q64568	Q16720
Q64568	Q16720-5
Q64568	P11506-6
Q64568	Q01814-2
Q64568	Q0VF55
Q64568	P11506
Q64568	Q64542
Q64568	P11505
Q64568	G5E829
Q64568	P20020
Q64568	D3ZAE5
Q64568	P20020-1
Q64568	Q6Q477
Q64568	E9Q828
Q64568	P23634
Q64568	P23634-6
Q64568	Q64542-2
Q64568	P23634-2
Q64568	P54707-2
Q64568	P05023
Q64568	Q64436
Q64568	Q9Z1W8
Q64568	P54707
Q64568	P05023-4
Q64568	P13637-3
Q64568	P20648
Q64568	P54708
Q64568	P05023-3
Q64568	Q6PIC6
Q64568	P09626
Q64568	P06687
Q64568	P13637
Q64568	P19156
Q64568	Q8VDN2
Q64568	P06685
Q64568	P05023-2
Q64568	Q9WV27
Q64568	Q6PIE5
Q64568	P50993
Q64568	Q13733
Q64568	Q64541
Q64568	P06686
Q64568	D2WKD8
H7C350	H7C350
P84996	P84996
P11245	P11245
P11245	P50296
P11245	Q80SX3
P11245	P50295
P11245	P18440
P11245	P50298
P11245	P50294
P11245	P50297
Q9D009	Q9D009
Q9D009	A6NK58
D4A9V0	D4A9V0
D4A9V0	Q9NUV7
D4A9V0	Q8BG54
D4A9V0	O15270
D4A9V0	Q3B7D2
D4A9V0	P97363
D4A9V0	O15269
D4A9V0	O35704
D4A9V0	O15269-2
D4A9V0	D4A2H2
Q9H6U6-8	Q9H6U6-8
Q9H6U6-8	Q8CCN5
Q9H6U6-8	Q9H6U6
Q9H6U6-8	NP_001166901
Q9H6U6-8	Q9H6U6-7
Q9H6U6-8	Q9H6U6-2
Q9H6U6-8	Q9H6U6-3
P62890	P62890
P62890	P62888
P62890	P62889
Q5EG05	Q5EG05
Q5EG05	Q5XLA6
Q5EG05	P57730
D3ZH46	D3ZH46
D3ZH46	Q6ZPR6
D3ZH46	Q9P2D0
M0RBQ6	M0RBQ6
M0RBQ6	V9GXK1
M0RBQ6	H3BRN8
XP_017443045	XP_017443045
XP_017443045	A0A1D5RMD1
XP_017443045	Q9H0B3-4
XP_017443045	Q9H0B3
O00214-2	O00214-2
O00214-2	O00214
O00214-2	Q3U2W5
O00214-2	Q9JL15
O00214-2	Q62665
O00214-2	O08573
O00214-2	Q8K419
O00214-2	P56470
O00214-2	O54891
O00214-2	P38552
O00214-2	Q3B8N2
O00214-2	P47967
O00214-2	O00182
O00214-2	Q6DKI2
O00214-2	O00182-5
O00214-2	O00182-4
O00214-2	P97840
O00214-2	Q8VED9
O00214-2	Q3ZCW2
O00214-2	Q7TPX9
O00214-2	B4F7A3
B1WC65	B1WC65
B1WC65	Q68CZ6
B1WC65	Q8QZX2
Q810N5	Q810N5
Q810N5	Q4KLZ4
Q810N5	Q5U649
P04386	P04386
A0A0B4J2F0	A0A0B4J2F0
A0A0B4J2F0	C0HLN0
P47987	P47987
P47987	Q9DCU2
P47987	Q9Y342
P47987	Q9CZR4
P47987	Q8IZV2
Q5M9G8	Q5M9G8
Q5M9G8	Q8TEB1-2
Q5M9G8	Q91VU6
Q5M9G8	Q8TEB1
P58751	P58751
P58751	P78509
P58751	Q60841
A0A804C8T0	A0A804C8T0
A0A804C8T0	A0A7P0TBJ1
A0A804C8T0	Q14CZ0
A0A804C8T0	Q14AM7
A0A804C8T0	D3ZK25
O43760-2	O43760-2
O43760-2	O54980
O43760-2	O55101
O43760-2	O43760
O43760-2	Q62876
O43760-2	O43759
O43760-2	O55100
O43760-2	O43759-2
O43760-2	A8MWL6
O43760-2	O95473
O43760-2	Q9Z1L2
O43760-2	Q4KLY7
O43760-2	O43761
O43760-2	D4ABK1
O43760-2	Q8R191
P49790-3	P49790-3
P49790-3	P49790
P49790-3	P49791
P49790-3	Q80WR0
Q9UPN6-2	Q9UPN6-2
Q9UPN6-2	Q6DID3
Q9UPN6-2	Q9UPN6
Q9UPN6-2	Q63623
Q9UPN6-2	Q63627
Q9UPN6-2	Q7TSH6
Q9UPN6-2	O95104
Q9UPN6-2	O95104-3
Q9UPN6-2	O95104-2
D4A7V2	D4A7V2
D4A7V2	Q9CZB6
D4A7V2	O43513
B5DEY8	B5DEY8
B5DEY8	Q9Y5X3
B5DEY8	Q6P8X1
B5DEY8	Q9UNH7
B5DEY8	Q9UNH7-2
B5DEY8	B1H267
B5DEY8	Q9D8U8
B5DEY8	Q80ZJ7
B5DEY8	Q86XE0
P62876	P62876
P62876	NP_001137383
P62876	P62875
P03986	P03986
P03986	P0CF51
Q9BQ61	Q9BQ61
Q9BQ61	D3ZGR7
Q9BQ61	Q9D735
Q9NYB0	Q9NYB0
Q9NYB0	Q91VL8
Q9NYB0	Q5EAN7
O35423	O35423
O35423	P21549
O35423	P09139
P01286	P01286
P01286	P09916
P01286	P16043
Q6PIF2	Q6PIF2
Q6PIF2	Q505B8
Q8N6N3	Q8N6N3
Q8N6N3	Q9CWU4
Q8N6N3	D4A6E8
G3V7E6	G3V7E6
G3V7E6	Q9R0L6
G3V7E6	Q15154
G3V7E6	Q15154-5
G3V7E6	Q15154-2
Q99JT9	Q99JT9
Q99JT9	Q562C9
Q99JT9	Q9BV57
Q01822	Q01822
Q01822	Q9GZZ0
Q01822	Q3C1V8
Q01822	Q810B3
Q01822	P18864
Q01822	P09629
Q01822	P09024
D4ACM9	D4ACM9
D4ACM9	M0R5D2
D4ACM9	C0HKD9
D4ACM9	C0HKD8
D4ACM9	P55081
Q96DB5	Q96DB5
Q96DB5	Q9DCV4
Q96DB5	Q4G069
Q6ZTR6	Q6ZTR6
Q96GQ7_VAR_G766S	Q96GQ7_VAR_G766S
Q96GQ7_VAR_G766S	B1H269
Q96GQ7_VAR_G766S	Q921N6
Q96GQ7_VAR_G766S	Q96GQ7
XP_343205	XP_343205
XP_343205	O75334-2
XP_343205	Q8BSS9
XP_343205	O75334
XP_343205	Q13136
XP_343205	Q13136-2
XP_343205	Q69ZW5
XP_343205	P60469
XP_343205	O75145
XP_343205	O75145-2
XP_343205	O75335
XP_343205	B2RXW8
XP_343205	D3ZZ81
XP_343205	Q91Z79
XP_343205	Q91Z80
B1WC97	B1WC97
B1WC97	Q8BJK1
B1WC97	Q96MP8
B1WC97	XP_001064247
B1WC97	Q5EER8
B1WC97	Q9BQ13
Q8K2C7	Q8K2C7
Q8K2C7	Q13438-3
Q8K2C7	Q5RKH6
Q8K2C7	Q13438
Q8K2C7	Q13438-8
Q8K2C7	Q13438-2
Q8K2C7	Q13438-5
Q8K2C7	Q13438-6
Q8K2C7	Q13438-7
Q9CQ25	Q9CQ25
Q9CQ25	D4AA02
Q9CQ25	Q6NZ67
Q9CQ25	Q6P582
Q8CEQ9	Q8CEQ9
Q9NXI6	Q9NXI6
Q9NXI6	Q9D241
P0C7Q2	P0C7Q2
Q4KL71	Q4KL71
Q4KL71	Q9CQK8
Q4KL71	O70562
Q9Z0F1	Q9Z0F1
Q9Z0F1	Q792G6
Q9Z0F1	O95467
Q14135-4	Q14135-4
Q14135-4	Q14135-2
Q14135-4	Q14135
Q14135-4	Q5BJP0
Q14135-4	Q80V24
Q9UKT6	Q9UKT6
Q9UKT6	Q562A1
Q9UKT6	Q8C4V4
Q9UKT6	Q9UKT7
Q9UKT6	Q8BFZ4
Q9UKT6	D3Z851
Q9H7X0	Q9H7X0
Q9H7X0	Q9DBU2
Q9H7X0	Q3MHC1
P54826	P54826
P54826	Q01721
A2AIR5	A2AIR5
A2AIR5	Q9R1M7
A2AIR5	Q8TCU5
A2AIR5	O60391
A2AIR5	Q91ZU9
A2AIR5	Q8VHN2
Q499N2	Q499N2
Q499N2	Q8BJ63
Q499N2	Q9H0R1
Q8K3F7	Q8K3F7
Q8K3F7	Q8IZJ6
Q8K3F7	NP_001099514
P61110	P61110
P61110	Q62781
XP_577770	XP_577770
XP_577770	B2RTN2
XP_577770	A1L1A6
XP_239510	XP_239510
XP_239510	P15037
XP_239510	P14921-3
XP_239510	P13474
XP_239510	P14921
XP_239510	P41156
XP_239510	P27577
XP_239510	P15036
XP_239510	D4ACQ9
XP_239510	Q00422
XP_239510	Q06546
XP_239510	P81270
XP_239510	P11308-1
XP_239510	P11308
XP_239510	P81270-2
XP_239510	P26323
XP_239510	Q01543
XP_239510	Q4Z8P1
XP_239510	Q99581
XP_239510	O70132
XP_239510	Q8QZW2
XP_239510	A6QLR0
P62909	P62909
P62909	P62908
P62909	P23396
Q6EV76	Q6EV76
Q6EV76	Q9BYC5
Q6EV76	Q9WTS2
P03886	P03886
P03886	P03888
P03886	P03889
Q6ZWS4	Q6ZWS4
Q6ZWS4	D0Q0Y7
Q6ZWS4	Q5BJU5
Q6ZWS4	Q6PI25
Q6ZWS4	O35089
Q6ZWS4	Q8TBE1
Q6ZWS4	O95406
Q6ZWS4	O35372
Q6ZWS4	D3ZTY0
Q6ZWS4	Q9CX13
Q6ZWS4	Q9P003
Q5EBM0	Q5EBM0
Q5EBM0	NP_001101487
Q5EBM0	Q3U5Q7
P58557	P58557
P58557	Q8CAV0
Q9CUI0	Q9CUI0
Q9CR34	Q9CR34
Q9CR34	A6NGY3
XP_001080166	XP_001080166
XP_001080166	Q05AC5
XP_001080166	Q9CUQ9
XP_001080166	Q9Z2X2
XP_001080166	O75832
XP_001080166	Q9Z2X3
Q8NFZ6	Q8NFZ6
Q8NFZ6	Q7Z5H5
Q8NFZ6	Q8R2A2
Q8NFZ6	Q8K4H8
Q8NFZ6	Q9GZP7
Q8NFZ6	Q8R2A1
Q8NFZ6	Q9BXE9
Q8NFZ6	Q5J3G0
Q8NFZ6	Q8R2A6
Q8NFZ6	Q8R2A3
Q8NFZ6	Q8VIC0
Q8NFZ6	Q5J3H1
Q8NFZ6	Q8R296
Q8NFZ6	NP_001008902
Q8NFZ6	Q8R287
Q8NFZ6	Q5J3K8
Q8NFZ6	Q5J3K7
Q8NFZ6	Q8R293
Q8NFZ6	Q8R290
Q8NFZ6	NP_001008909
Q8NFZ6	Q8K3N7
Q8NFZ6	F8VQ63
Q8NFZ6	K7N608
Q8NFZ6	Q5J3J5
Q8NFZ6	Q8R286
Q8NFZ6	Q5J3J3
Q8NFZ6	Q8R292
Q8NFZ6	NP_001008932
Q8NFZ6	Q14C06
Q8NFZ6	Q32M29
Q8NFZ6	E9Q235
Q8NFZ6	Q8R256
Q8NFZ6	Q5J3M8
Q8NFZ6	Q8R2B8
Q8NFZ6	Q9EPS6
Q8NFZ6	E9Q4H3
Q8NFZ6	G3UY92
Q8NFZ6	K9J7G0
Q8NFZ6	L7N293
Q8NFZ6	Q8K3N5
Q8NFZ6	L7N2B4
Q8NFZ6	K9J7H2
Q8NFZ6	L7N273
Q8NFZ6	G3UWI8
Q8NFZ6	D3YTY2
Q8NFZ6	G3UW71
Q8NFZ6	L7N275
Q8NFZ6	G3UWG3
Q8NFZ6	G3UW31
Q8NFZ6	Q5J3H8
Q8NFZ6	Q5J3H6
Q8NFZ6	Q8R279
Q8NFZ6	Q8R275
Q8NFZ6	NP_001161014
Q8NFZ6	Q8R270
Q8NFZ6	Q8R271
Q8NFZ6	Q8R272
Q8NFZ6	Q8R281
Q8NFZ6	Q8K3N2
Q8NFZ6	Q5SVD6
Q8NFZ6	Q8R261
Q8NFZ6	Q8R263
Q8NFZ6	Q8R255
Q3ULW6	Q3ULW6
Q3ULW6	Q5XIR4
Q3ULW6	Q8N5R6
Q3ULW6	Q8N5R6-4
Q96GE9	Q96GE9
Q96GE9	Q9CQ00
Q9Y2V0	Q9Y2V0
Q9Y2V0	Q3U4G0
Q9Y2V0	D3ZYC4
Q86T03-2	Q86T03-2
Q86T03-2	Q86T03
Q86T03-2	Q3TWL2
Q86T03-2	Q5PPM8
Q86T03-2	Q9CZX7
Q86T03-2	Q8N4L2
Q86T03-2	Q4V888
W5XKT8-2	W5XKT8-2
W5XKT8-2	W5XKT8-3
P0DI83	P0DI83
Q96JM2-3	Q96JM2-3
Q96JM2-3	Q96JM2-2
Q96JM2-3	Q96JM2
Q96JM2-3	B1AWL2
Q96JM2-3	D3ZFG7
Q9CZV2	Q9CZV2
Q9CZV2	Q6ZNX1
A0A140LHF2	A0A140LHF2
A0A140LHF2	P0DP72
E1BKX3	E1BKX3
E1BKX3	Q9BQG0-2
E1BKX3	Q9BQG0
E1BKX3	O35821
E1BKX3	Q7TPV4
Q9BUE6-2	Q9BUE6-2
Q9BUE6-2	Q80W96
Q9BUE6-2	Q9D924
Q9BUE6-2	Q9BUE6
O95394-4	O95394-4
O95394-4	D3ZFX4
O95394-4	Q9CYR6
O95394-4	O95394
P82094-2	P82094-2
P82094-2	P82094
P82094-2	G3V9T2
P82094-2	B9EKI3
O95155-4	O95155-4
O95155-4	NP_001258127
O95155-4	Q9ES00
O95155-4	O95155
Q9JIL2	Q9JIL2
Q9JIL2	Q9NRJ3
Q9JIL2	Q9Z1X0
Q9JIL2	Q9Y4X3
Q5THJ4	Q5THJ4
Q5THJ4	Q5THJ4-2
Q5THJ4	B1ART1
Q5THJ4	Q6A066
Q5THJ4	NP_001101476
Q9H9L4	Q9H9L4
Q9H9L4	Q8BQR4
Q9H9L4	Q6AY70
Q9H9L4	Q9H9L4-4
P02319	P02319
P02319	P10118
P02319	P04553
Q9JK62	Q9JK62
Q9JK62	O95279
Q9JK62	Q9HB15
Q9JK62	Q9HB14
Q9JK62	Q76M80
Q9JK62	Q9ERS1
Q9JK62	Q8R1P5
Q9JK62	Q9ERS0
XP_001062280	XP_001062280
XP_001062280	Q86XX4-2
XP_001062280	Q86XX4
XP_001062280	Q80T14
XP_001062280	Q5SZK8
XP_001062280	Q6NVD0
XP_001062280	Q5H8B9
XP_001062280	P0C091
Q8VI93	Q8VI93
Q8VI93	Q5MYT7
Q8VI93	Q9Y6K5
Q8VI93	Q5MYU0
Q8VI93	E9Q9A9
Q8VI93	Q9Z2F2
Q8VI93	P00973-3
Q8VI93	P00973
Q8VI93	P00973-2
Q8VI93	Q5MYT9
Q8VI93	P29728
Q8VI93	P29728-2
Q8VI93	Q15646
Q8VI93	G3V645
Q8VI93	Q8VI94
Q8VI93	Q14AZ4
Q8VI93	Q5MYW9
Q8VI93	Q5MYX0
Q8VI93	Q8VI97
Q8VI93	Q924S2
Q8VI93	Q8VI95
Q8VI93	Q8C2W3
Q8VI93	Q5BKD0
Q8VI93	Q05961
Q8VI93	P11928
Q8VI93	Q60856
Q7Z2Z1	Q7Z2Z1
Q7Z2Z1	Q7Z2Z1-2
Q7Z2Z1	D3ZFP6
Q7Z2Z1	Q8BQ33
Q9H693	Q9H693
Q96F24	Q96F24
Q96F24	Q8VCQ3
Q96F24	Q9QYK3
Q9HCI5	Q9HCI5
Q9HCI5	A1A5P9
Q9HCI5	Q6PCZ4
Q9HCI5	Q8TD90
Q9HCI5	D4A6M8
Q9HCI5	Q52KG3
Q9HCI5	Q9CWV4
Q9HCI5	Q6AY37
Q9HCI5	Q60763
Q9HCI5	A2A368
Q9HCI5	Q4V8D3
Q9HCI5	Q9D9G4
Q9HCI5	P25233
Q9HCI5	Q99608
Q8WY36	Q8WY36
Q8WY36	Q8WY36-2
Q8WY36	A1L1L0
Q8WY36	Q8VBW5
Q8R3N6	Q8R3N6
Q8R3N6	Q96FV9
Q8R3N6	P59924
Q8R3N6	Q6TUH4
Q96G74	Q96G74
Q96G74	Q2YDU3
Q96G74	Q3U2S4
P42226	P42226
P42226	NP_001037715
P42226	P42226-2
P42226	P52633
P42226	B2C3G8
P42226	P42230
P42226	P42229
P42226	P51692
P42226	Q62771
P42226	P52632
P42226	P42232
P42226	P42231
P42226	Q24151
Q8N944	Q8N944
Q8N944	Q6NS69
Q5W5W9	Q5W5W9
Q5W5W9	P47940
Q5W5W9	P47939
O15018	O15018
O15018	Q9QZR8
O15018	E9Q1M1
Q91XE8	Q91XE8
Q91XE8	Q6UW68
Q91XE8	D3ZJZ0
Q5K651	Q5K651
Q5K651	E9PX59
Q5K651	Q69Z37
Q5K651	Q8IVG5
Q5K651	XP_038964516
O60732	O60732
O60732	Q9UBF1
O60732	A6NCF6
O60732	G3UW88
O60732	P43364
O60732	P43363
O60732	P43362
Q9Y4B6	Q9Y4B6
Q9Y4B6	Q9Y4B6-2
Q9Y4B6	Q80TR8
Q9Y4B6	D3ZKB7
Q9DCA5	Q9DCA5
Q9DCA5	Q4QQT6
Q9DCA5	Q8TDN6
Q5FWT7	Q5FWT7
Q5FWT7	Q8BGR9
Q5FWT7	Q8WVY7
Q71F56	Q71F56
Q71F56	Q6JPI3
Q71F56	Q5SWW4
Q71F56	F1LXU0
Q71F56	Q9UHV7
Q8NE28	Q8NE28
Q8NE28	B1WBT9
Q8NE28	Q80YS9
Q9UNX4	Q9UNX4
Q9UNX4	Q8BHB4
Q9UNX4	D4A106
Q14166	Q14166
Q14166	Q3UDE2
Q14166	NP_001129394
P97386	P97386
P97386	P49916-2
P97386	Q5U2M4
P97386	Q2T9Y5
P97386	P49916
P50895	P50895
P50895	Q9ESS6
P50895	Q9R069
Q9JMD3	Q9JMD3
Q9JMD3	Q5BJN1
Q9JMD3	Q9Y365
Q9EQC8	Q9EQC8
Q9EQC8	Q92733
Q9EQC8	B2RYA6
P51665	P51665
P51665	P26516
P51665	NP_001100896
P02765	P02765
P02765	P12763
P02765	P24090
P02765	P29699
Q6KAQ7	Q6KAQ7
Q6KAQ7	M0R9X4
Q6KAQ7	Q8IYH5
Q9Y2F5	Q9Y2F5
Q9Y2F5	D3ZK16
Q9Y2F5	E9Q286
Q8BMS1	Q8BMS1
Q8BMS1	P40939
Q8BMS1	Q64428
Q8BMS1	Q16836-2
Q8BMS1	Q61425
Q8BMS1	Q16836
Q8BMS1	Q9WVK7
Q8BMS1	Q16836-3
Q8BMS1	Q13825
Q8BMS1	Q9JLZ3
Q8BMS1	D3ZIL6
Q8BMS1	Q13825-2
Q8BMS1	F1LU71
Q8BMS1	P14604
Q8BMS1	P30084
Q8BMS1	Q8BH95
Q8BMS1	Q13011
Q8BMS1	O35459
Q8BMS1	Q62651
P41002	P41002
P41002	Q8K4F8
P41002	P51944
P41002	Q9H8S5
Q3U3N6	Q3U3N6
Q3U3N6	G3V8Y7
Q3U3N6	Q96N21-2
Q3U3N6	Q96N21
A6ND36	A6ND36
A6ND36	Q5SWY7
A6ND36	D3ZN30
Q5T2R2	Q5T2R2
Q5T2R2	Q33DR2
Q5SW96	Q5SW96
Q5SW96	NP_001102741
Q5SW96	Q8C142
Q8NBR6	Q8NBR6
Q8NBR6	D3ZWA1
Q8NBR6	Q6PDI6
Q8NBR6	Q8NBR6-2
Q8NBR6	Q8N5J2-3
Q8NBR6	Q8N5J2-2
Q8NBR6	Q5BJQ2
Q8NBR6	Q8N5J2_VAR_T385K
Q8NBR6	Q76LS9
Q8NBR6	Q8N5J2
Q3V3A7	Q3V3A7
Q3V3A7	Q6ZRF8
Q8N1F8	Q8N1F8
Q8N1F8	Q3TAA7
Q8N1F8	NP_001100392
Q5SSG8	Q5SSG8
Q8K211	Q8K211
Q8K211	Q9JK41
Q8K211	O15431
Q8K211	Q9CPU9
Q8K211	D4AAE7
Q8K211	O15432
B2RUJ5	B2RUJ5
B2RUJ5	O35430
B2RUJ5	Q02410
B2RUJ5	P98084
B2RUJ5	O35431
B2RUJ5	Q99767
B2RUJ5	O96018
B2RUJ5	Q59F58
B2RUJ5	O88888
B2RUJ5	O70248
P61758	P61758
P61758	P61759
P61758	NP_001385629
Q9NS87	Q9NS87
Q9NS87	Q6P9L6
Q9NS87	Q7TSP2
Q9NS87	Q99PW8
Q9NS87	D3ZYC9
Q9NS87	F1LQZ3
Q9NS87	P28741
Q9NS87	Q9Y496
Q9NS87	Q9P2E2
Q8K337	Q8K337
Q8K337	D4A2N2
Q8K337	P32019
Q8K337	D3ZGS3
Q8K337	Q6NVF0
Q8K337	Q01968
Q8K337	Q01968-2
Q9Y2B4	Q9Y2B4
Q9Y2B4	Q9D976
P56481	P56481
P56481	P32239
P56481	P30553
P56481	P30551
P56481	O08786
P56481	P32238
Q9BVS5	Q9BVS5
Q9GZN6	Q9GZN6
Q92953	Q92953
Q92953	Q03717
Q92953	P15387
Q92953	Q14721
Q92953	A6H8H5
Q92953	Q63099
Q92953	Q96KK3
Q92953	O88758
Q92953	O35173
Q92953	O35174
Q92953	Q9ULS6
Q92953	Q9ER26
Q92953	O88759
Q92953	Q8BQZ8
Q92953	Q9BQ31
Q92953	Q63959
Q92953	NP_446449
Q92953	Q14B80
Q92953	Q96PR1
Q92953	Q96PR1-3
Q92953	Q96PR1-4
Q92953	P22462
Q92953	Q14003
Q92953	K4DI87
Q92953	P48547
Q92953	P25122
Q92953	P15388
Q92953	E9PVV3
Q92953	Q03721
Q92953	Q63734
Q92953	Q8R1C0
Q92953	Q8TDN1
Q92953	Q80XM3
Q92953	D4AD66
Q92953	A2BDX4
Q92953	Q9UIX4
Q92953	D4AD53
Q92953	Q8BZN2
Q92953	Q6PIU1
Q92953	P97557
Q92953	Q9UK17
Q92953	Q62897
Q92953	Q9Z0V1
Q92953	Q9Z0V2
Q92953	Q9NZV8
Q92953	Q63881
Q92953	Q03719
Q92953	Q9NSA2
Q92953	Q8TAE7
Q92953	P59053
Q92953	Q8R523
Q92953	P15385
Q92953	P22459
Q92953	Q61423
Q92953	Q16322
Q92953	D3ZRW4
Q92953	B2RQA1
Q92953	Q61762
Q92953	P19024
Q92953	Q09470
Q92953	P16388
Q92953	P10499
Q92953	P63142
Q92953	P63141
Q92953	NP_001076191
Q92953	P16389
Q92953	P22460
Q92953	P17659
Q92953	P17658
Q92953	Q61923
Q92953	Q96RP8
Q92953	Q17ST2
Q92953	P22001
Q92953	P16390
Q92953	P15384
Q92953	F7A6P6
Q92953	Q9UJ96
Q92953	Q9QYU3
Q92953	Q9H3M0
Q92953	Q7TSH7
Q92953	Q8CFS6
Q92953	D3ZZR6
Q92953	Q8TDN2
Q9P212	Q9P212
Q9P212	Q8K4S1
Q9P212	Q99P84
Q9P212	Q8K4D7
Q9P212	Q5FX52
Q9P212	Q86YW0
Q9P212	Q8K3R3
Q9P212	Q62711
Q9P212	Q9BRC7
P27987	P27987
P27987	P42335
P27987	Q8BKB2
P27987	Q96DU7
P27987	Q80ZG2
P27987	Q7TS72
P27987	P23677
P27987	Q8R071
P27987	P17105
Q96T92	Q96T92
Q96T92	Q63ZV0
Q96T92	Q01101
Q96T92	D3ZKF8
Q96T92	Q9JMC2
Q5U2M7	Q5U2M7
Q5U2M7	Q497H0
Q5U2M7	Q9H8U3
Q8IZC4	Q8IZC4
Q8IZC4	Q14B46
Q8IZC4	Q8C6B2
Q8IZC4	Q9BST9
Q8IZC4	Q9BST9-2
Q8IZC4	Q6V7V2
Q9UK96	Q9UK96
Q9UK96	Q7TQF2
Q9CQ75	Q9CQ75
Q9CQ75	O43678
Q9CQ75	D3ZS58
Q14457	Q14457
Q14457	Q91XJ1
Q14457	O88597
Q14457	A8MW95
Q14457	P0DM65
Q9CQJ6	Q9CQJ6
Q9CQJ6	B0BNB2
Q9CQJ6	O43583
Q9NVC6	Q9NVC6
Q9NVC6	D4ABU0
Q9NVC6	Q8VCD5
Q9R0H2	Q9R0H2
Q9R0H2	Q9ULC0
Q9R0H2	Q6AY82
Q96HR9	Q96HR9
Q96HR9	Q96HR9-2
Q96HR9	Q9JM62
Q96HR9	Q5XI60
Q9EPX2	Q9EPX2
Q9EPX2	O95428
Q9EPX2	Q6UY14-3
Q9EPX2	Q6UY14
Q9EPX2	Q4FZU4
Q9EPX2	Q80T21
Q9EPX2	Q6ZMM2
Q9EPX2	F1M9K2
Q9EPX2	Q3UTY6
Q9EPX2	Q6ZMP0
Q9EPX2	XP_236312
Q9EPX2	A0A494C0M2
Q9EPX2	Q9BQY6
Q9EPX2	O95925
Q9EPX2	Q6IE19
Q9EPX2	F6ULY1
Q9EPX2	Q3UW55
Q9EPX2	F1LVU2
Q9EPX2	D4A2Z2
Q9EPX2	Q9DA01
Q9Z2Q2	Q9Z2Q2
Q9Z2Q2	Q9Z2Q2-2
Q9Z2Q2	D4AE78
Q9Z2Q2	Q1ED39
Q0VGU4	Q0VGU4
Q0VGU4	P20156
Q0VGU4	O15240
Q149B8	Q149B8
Q149B8	D3ZH76
Q149B8	Q5SV97
Q9H967	Q9H967
Q9H967	A6PWY4
Q9H967	D3ZJT1
Q5H9E4	Q5H9E4
Q5H9E4	E9PZF7
Q5H9E4	Q5HZI9
Q5H9E4	Q52KK3
Q5H9E4	Q3SY17
Q5H9E4	Q9H1U9
Q7Z5A8-2	Q7Z5A8-2
Q7Z5A8-2	Q7Z5A8
Q7Z5A8-2	Q7TPG6
Q8NA54	Q8NA54
Q8NA54	Q8CDK3
Q8NA54	Q45GW3
Q9NUN5	Q9NUN5
Q9NUN5	Q6AZ61
Q9NUN5	Q8K0B2
Q86W42	Q86W42
Q86W42	Q5U4D9
Q86W42	Q6AY87
Q6ZTK2	Q6ZTK2
P09056	P09056
P09056	P17777
P09056	P15018
Q92535	Q92535
Q92535	Q9CXR4
Q92535	Q5PQQ4
A6NCQ9	A6NCQ9
A6NCQ9	Q8CEF8
Q86X59	Q86X59
Q96GC5	Q96GC5
Q96GC5	D3ZDX7
Q96GC5	Q8JZS9
Q9P055-5	Q9P055-5
Q9P055-5	Q9P055
Q9P055-5	Q8BI36
Q9P055-5	Q9P055-3
Q9P055-5	D3ZZT8
Q09426	Q09426
Q09426	Q64676
Q09426	Q16880
Q09426	P0DTE5
Q09426	Q8R084
Q09426	F1LTB8
Q09426	O75795
Q09426	Q8K154
Q09426	NP_001178605
Q09426	Q6PDD0
Q09426	P09875
Q09426	P54855
Q09426	Q6UWM9
Q09426	Q8BWQ1
Q09426	P0DTE4
Q09426	P0DTE4-1
Q09426	Q80X89
Q09426	P36510
Q09426	Q64550
Q09426	P20720
Q09426	Q9HAW9
Q09426	K9J7B2
Q09426	Q64633
Q09426	P70691
Q09426	NP_569091
Q09426	P35503
Q09426	E9PXN7
Q09426	Q6ZQM8
Q09426	Q64638
Q09426	Q6T5E7
Q09426	O60656
Q09426	P35504
Q09426	P08430
Q09426	Q63886
Q09426	Q64435
Q09426	P22309
Q09426	P19224
Q09426	Q9HAW7
Q09426	Q64637
Q09426	P22310
Q09426	Q6XL48
Q09426	Q9HAW8
Q09426	Q62452
Q09426	Q3UEP4
Q09426	P16662
Q09426	Q8VCN3
Q09426	Q8BJL9
Q09426	P17717
Q09426	Q62789
Q09426	P08542
Q09426	Q9BY64
Q09426	P08541
Q09426	P19488
Q09426	O75310
Q09426	Q91WH2
Q09426	P36511
Q09426	P36537
Q09426	P06133
Q09426	Q3UP75
Q09426	Q6NUS8
Q09426	Q3SY77
Q09426	Q8JZZ0
Q3TDZ7	Q3TDZ7
Q3TDZ7	B1B213
Q3TDZ7	B1B212
Q9Y282-3	Q9Y282-3
Q9Y282-3	Q9CQE7
Q9Y282-3	Q9Y282
Q9Y282-3	D3ZU83
Q9Y282-3	Q9CR89
Q9Y282-3	Q5XIS4
Q9Y282-3	Q96RQ1
Q96D05-2	Q96D05-2
Q96D05-2	B0BMZ1
Q96D05-2	Q96D05
Q96D05-2	Q9D882
Q99549-2	Q99549-2
Q99549-2	Q99549
Q99549-2	Q3TYA6
Q99549-2	G3V8T1
I3L0A0	I3L0A0
I3L0A0	Q15819
I3L0A0	Q13404-1
I3L0A0	A5PLL7
I3L0A0	Q99LQ7
I3L0A0	Q7M767
I3L0A0	Q9D2M8
I3L0A0	NP_001103815
I3L0A0	Q9CZY3
I3L0A0	Q13404
I3L0A0	NP_001107224
G3V325	G3V325
G3V325	A2VD13
G3V325	O75127
G3V325	Q8C2E4
G3V325	P56134
G3V325	P56134-2
G3V325	D3ZAF6
G3V325	P56135
G3V325	P56134-4
NP_001041323	NP_001041323
NP_001041323	Q9BYN0
NP_001041323	Q9D975
D3ZBK4	D3ZBK4
D3ZBK4	Q8BU00
D3ZBK4	Q9H5V7
A0A0A0MT94	A0A0A0MT94
Q96JM4	Q96JM4
Q96JM4	XP_001080693
Q96JM4	Q0P5X1
Q68D10	Q68D10
Q68D10	Q68FG3
Q68D10	M0R8V7
Q925G2	Q925G2
Q925G2	Q53TN4
Q925G2	Q5RKJ2
Q925G2	Q8NBI2-2
Q925G2	Q8NBI2
Q925G2	Q6P1H1
Q925G2	Q5U2W7
Q925G2	P49447
Q925G2	Q60720
Q925G2	B5DFI2
Q00325	Q00325
Q00325	P16036
Q00325	Q00325-2
Q00325	Q8VEM8
Q9HCI6	Q9HCI6
Q9CUL5	Q9CUL5
Q9CUL5	A6NCM1
Q9CUL5	XP_237386
Q9CUL5	Q86XH1
Q9CUL5	A6H690
Q9CUL5	Q6AXQ7
Q86YT9	Q86YT9
Q86YT9	Q80UL9
Q9P2N5	Q9P2N5
Q9P2N5	F1M1R4
Q9P2N5	E1BCT9
Q9P2N5	Q5SFM8
Q9P2N5	Q6NZN0
Q9P2N5	Q5T8P6
Q9P2N5	D3ZRG7
Q9P2N5	Q5T8P6-2
Q9P2N5	Q5T8P6-3
Q96RP7	Q96RP7
Q96RP7	D3ZHZ0
Q96RP7	Q3V1B8
Q96RP7	Q99999
Q96RP7	Q9JHE4
Q96RP7	Q9H3Q3
Q96RP7	Q6XQH0
Q96RP7	P61315
Q96RP7	Q96A11
Q9Z0H7	Q9Z0H7
Q9Z0H7	O95999
Q9Z0H7	Q9QYN5
Q9BQA5	Q9BQA5
Q9BQA5	Q8K1K9
Q7Z5Q5	Q7Z5Q5
Q7Z5Q5	Q7TQ07
Q7Z5Q5	XP_573636
Q7Z5Q5	P19821
Q9DBP0	Q9DBP0
Q9DBP0	Q9JJ09
Q9DBP0	O95436-2
Q9DBP0	O95436
Q9DBP0	Q60825
Q9DBP0	Q06495
Q9DBP0	Q06496
Q9DBP0	Q8N130
Q9DBP0	Q8K4R8
Q9DBP0	Q80SU6
A2A4P0	A2A4P0
A2A4P0	Q6TXG4
A2A4P0	Q14562
A2A4P0	Q6MG13
A2A4P0	G3X8X0
A2A4P0	O60231
A2A4P0	Q05BH3
A2A4P0	Q9H6R0
A2A4P0	Q80VY9
A2A4P0	D3ZSV6
A2A4P0	Q80X98
A2A4P0	D4A321
A2A4P0	Q92620-2
A2A4P0	Q92620
A2A4P0	Q8IX18
A2A4P0	Q6PE54
A2A4P0	Q5XI69
A2A4P0	Q9DBV3
A2A4P0	Q14147
A2A4P0	NP_001258381
A2A4P0	Q8IY37
A2A4P0	D4A1R0
A2A4P0	Q6NZL1
A2A4P0	Q8BZS9-2
A2A4P0	Q8BZS9
A2A4P0	D3ZGJ0
A2A4P0	Q7L7V1
A2A4P0	Q7L7V1-2
A2A4P0	Q924H9
A2A4P0	D4A474
A2A4P0	Q8TE96
A2A4P0	Q7L2E3-2
A2A4P0	Q99PU8
A2A4P0	Q7L2E3
A2A4P0	Q5BJS0
A2A4P0	Q9H5Z1
A2A4P0	Q8K1G9
A2A4P0	D4AEG5
Q08AE8	Q08AE8
Q08AE8	Q08AE8-2
Q08AE8	A0A286YDN9
Q08AE8	Q52KF3
Q08AE8	Q52KF3-2
Q08AE8	NP_001100851
Q08AE8	Q8K1S6
Q08AE8	Q8WWL2
Q91W39	Q91W39
Q91W39	B7ZC24
Q91W39	D3ZEI6
Q91W39	Q9HCD5
Q9BZZ5	Q9BZZ5
Q9BZZ5	B1WC49
Q9BZZ5	O35841
Q9BZZ5	Q9BZZ5-1
Q9BZZ5	Q9BZZ5-2
Q9Z131	Q9Z131
Q9Z131	Q91Y80
Q9Z131	O60239
Q9Z131	Q7L8J4
Q9Z131	Q99LH9
Q9Z131	B2GUX8
P36578	P36578
P36578	Q58DW0
P36578	Q28346
P36578	Q9D8E6
P36578	P50878
O00161	O00161
O00161	O70377
O00161	O09044
O00161	P60879
O00161	P60880
O00161	P60881
O00161	P60880-2
Q14241	Q14241
Q14241	Q8CB77
Q14241	Q63187
Q14241	Q8IYF1
Q14241	Q3SY89
Q14241	A6NLF2
Q14241	A0A087WX78
Q14241	Q8NG57
P13595	P13595
P13595	P13596
P13595	P13591-1
P13595	P13595-2
P13595	P13591-3
P13595	P13591
P13595	O15394
P13595	O35136
P13595	Q3V1M4
P13595	Q6RKB3
Q9H7E2-3	Q9H7E2-3
Q9H7E2-3	Q9H7E2-2
Q9H7E2-3	Q66HC1
Q9H7E2-3	Q91W18
Q9H7E2-3	Q9H7E2
O89043	O89043
O89043	P33611
O89043	Q14181
Q5XIE3	Q5XIE3
Q5XIE3	Q9Y3B7
Q5XIE3	Q9CQF0
Q99K82-2	Q99K82-2
Q99K82-2	Q9NWM0-3
Q99K82-2	Q9NWM0
Q99K82-2	Q99K82
Q99K82-2	B1WBU6
Q99K82-2	Q9NWM0-4
Q99K82-2	D3Z8W0
Q99K82-2	Q8C0L6
Q99K82-2	Q6QHF9
P45844-8	P45844-8
P45844-8	P45844
P45844-8	D3ZCM3
P45844-8	Q91WA9
P45844-8	Q9H172
P45844-8	P45844-2
P45844-8	Q9EPG9
P45844-8	Q64343
Q9H902-4	Q9H902-4
Q3UZ57	Q3UZ57
Q3UZ57	A0A8I5ZXK6
Q3UZ57	Q5T1B0
Q15637-5	Q15637-5
Q15637-5	Q15637-6
Q15637-5	Q15637-4
Q15637-5	Q15637-2
Q15637-5	NP_001104263
Q15637-5	Q64213
Q15637-5	Q64213-2
Q15637-5	Q15637
P51670	P51670
P51670	P16619
P51670	P50230
P51670	P14097
P51670	P10147
P51670	Q68FP3
P51670	Q16663
P51670	Q5FVN3
P51670	P27784
P51670	P55773
P51670	P10855
P51670	P50229
P51670	P13236
P51670	Q8NHW4
Q3U926	Q3U926
Q3U926	Q66GT5
Q3U926	Q8WUK0
Q3U926	P0C089
P0DTF9	P0DTF9
P0DTF9	D3YUK8
P16788	P16788
D4AEF4	D4AEF4
D4AEF4	Q96CT2
D4AEF4	Q80T74
D4AEF4	Q2WGJ6
D4AEF4	Q8BSF5
D4AEF4	Q5BK60
D4AEF4	Q9UJP4
D4AEF4	Q3U410
D4AEF4	D4A2K4
D4AEF4	Q8R2P1
D4AEF4	Q2V9T0
D4AEF4	O35709
D4AEF4	O14682
D4AEF4	Q9H0H3
D4AEF4	Q4KLM4
D4AEF4	Q6PF15
D4AEF4	D4A6V5
D4AEF4	Q9CZ49
D4AEF4	D3ZHA2
D4AEF4	Q8C3F7
D4AEF4	Q0D2K2
D4AEF4	Q5XHZ6
D4AEF4	Q8IXQ5
D4AEF4	Q8BUL5
D4AEF4	P28575
D4AEF4	Q9Y573
XP_017452259	XP_017452259
XP_017452259	Q03001-13
XP_017452259	Q03001-8
XP_017452259	S4R1P5
XP_017452259	Q69ZZ9
XP_017452259	Q03001
XP_017452259	Q91ZU6-3
XP_017452259	Q91ZU6
XP_017452259	E9QL23
XP_017452259	Q9UPN3
XP_017452259	O94854
XP_017452259	A0A0G2JWA8
XP_017452259	Q9QXZ0
XP_017452259	Q9QXZ0-4
XP_017452259	F7ACR9
XP_017452259	Q9UPN3-5
XP_017452259	H0Y4F5
XP_017452259	D3ZHV2
XP_017452259	Q9UPN3-2
XP_017452259	Q9UPN3-3
XP_017452259	Q03001-11
A0A1B0GVH4	A0A1B0GVH4
A0A1B0GVH4	Q9DAL4
P06127	P06127
P06127	P13379
P06127	P51882
Q9JJ89	Q9JJ89
Q9JJ89	Q5XIB5
Q9JJ89	Q9H6F5
Q8R3P7	Q8R3P7
Q8R3P7	Q6AYJ5
Q8R3P7	Q96AJ1
Q91WL8	Q91WL8
Q91WL8	Q9NZC7
Q91WL8	Q8VBZ0
Q91WL8	NP_001387848
Q91WL8	Q8N5I4
Q91WL8	Q6UX07
Q91WL8	Q6UX07-2
Q91WL8	Q6UX07-3
Q91WL8	Q5SS80
Q91WL8	XP_003752480
Q91WL8	NP_001101938
Q91WL8	Q8NBN7
Q91WL8	Q8CEE7
Q91WL8	Q9HBH5
Q91WL8	Q9ERI6
Q91WL8	D3ZUY0
Q91WL8	Q8TC12
Q91WL8	Q9QYF1
Q91WL8	Q6AXX5
Q91WL8	Q96NR8
Q91WL8	Q8BYK4
Q91WL8	Q8TC12-2
Q91WL8	A0PJE2
P16150	P16150
P16150	P15702
P16150	P13838
P16150	XP_577218
Q9BZF9	Q9BZF9
Q9BZF9	Q8CGB3
Q9BZF9	D3ZGS5
Q9BZF9	Q8HYY4
Q60953	Q60953
Q60953	Q60953-2
Q60953	ENSRNOP00000042091
Q60953	P29590
Q60953	P29590-2
Q60953	P29590-3
Q60953	P29590-10
Q60953	P29590-12
Q60953	P29590-5
Q60953	P29590-8
Q60953	P29590-11
Q60953	P29590-4
Q60953	P29590-14
P20823	P20823
P20823	P15257
P20823	P22361
P20823	P27889
P20823	P23899
P20823	P35680
Q9BTK6	Q9BTK6
Q9BTK6	Q5M865
Q9BTK6	Q99L02
Q6PDK2	Q6PDK2
Q6PDK2	F1LXK8
Q6PDK2	O14686-3
Q6PDK2	O14686
Q6PDK2	M0R3M0
Q6PDK2	Q8NEZ4-3
Q6PDK2	Q8NEZ4
Q6PDK2	Q8NEZ4-2
Q6PDK2	Q8BRH4
Q641W2	Q641W2
Q641W2	Q9JK81
Q641W2	Q9HB07
Q8N8I6	Q8N8I6
Q8BGY7	Q8BGY7
Q8BGY7	Q96ND0
Q8BGY7	Q5XIJ4
Q8BGY7	Q96KR6
Q8BGY7	Q9D8B6
Q8BGY7	B2RYM8
Q5JPI9	Q5JPI9
Q5JPI9	NP_001380625
Q5JPI9	Q9D853
Q9C0E2	Q9C0E2
Q9C0E2	D3ZQI6
Q9C0E2	Q9ESJ0
Q6PEV8	Q6PEV8
Q6PEV8	Q8K2D0
Q96BU1	Q96BU1
Q96BU1	D3ZSX9
Q96BU1	Q9D5K4
Q8WUR7	Q8WUR7
Q8WUR7	Q9CRC3
Q8WUR7	Q505I4
Q6AYD0	Q6AYD0
Q6AYD0	Q8N6Y2
Q6AYD0	Q9CXD9
Q8WWU7	Q8WWU7
Q8WWU7	Q8WWA0
Q8WWU7	O88310
Q8WWU7	Q499T8
Q6DKK2	Q6DKK2
Q6DKK2	D4A6D7
Q6DKK2	Q8CC21
Q8CJC8	Q8CJC8
Q8CJC8	Q9Z2E4
Q8CJC8	O96001
Q9BU68	Q9BU68
Q9BU68	Q8JZM2
Q9BU68	Q8IV56
Q9BU68	Q9D1T5
Q9BU68	A0JPP6
B2RQL2	B2RQL2
B2RQL2	Q6ZVD7
Q5SXM8	Q5SXM8
Q5SXM8	Q9D113
Q4V7E3	Q4V7E3
Q4V7E3	Q9D0L1
Q4V7E3	Q96IU2
Q4V7E3	Q9BTP6
Q9D4A4	Q9D4A4
Q9D4A4	A0A1B0GUA9
P10966-4	P10966-4
P10966-4	P10966-3
P10966-4	A6NJW9
P10966-4	P10966
P10966-4	P10300
P10966-4	P05541
Q8WXJ9	Q8WXJ9
Q8WXJ9	Q8VHP9
Q7TQ69	Q7TQ69
Q7TQ69	Q8TDI7
Q7TQ69	Q8R4P4
Q7TQ69	Q7Z5M5
Q7TQ69	Q8TDI8
Q7TQ69	Q8R4P5
Q8IVN8	Q8IVN8
Q8IVN8	Q3UPR9
Q9Y5J6	Q9Y5J6
Q9Y5J6	Q9R1B1
Q9Y5J6	Q9WV96
Q9Y5J6	Q9Y5J7
Q9Y5J6	Q9WV98
Q9Y5J6	Q9WV97
Q9Y5J6	P62072
Q9Y5J6	P62074
Q9Y5J6	P62073
D3ZE49	D3ZE49
D3ZE49	Q8K2L8
D3ZE49	Q8WVT3
Q63448	Q63448
Q63448	O15254-2
Q63448	Q9EPL9
Q63448	O15254
Q63448	Q9DBS4
Q63448	Q9NUZ1-3
Q63448	Q9NUZ1
Q63448	Q9NUZ1-4
Q63448	P07872
Q63448	Q15067-2
Q63448	Q9R0H0
Q63448	Q8BW35
Q63448	Q15067
Q63448	P97562
Q63448	Q9QXD1
Q63448	Q99424
Q8C0T0	Q8C0T0
Q8C0T0	Q9H6D3
Q6PK18-2	Q6PK18-2
Q6PK18-2	Q6PK18
Q6PK18-2	Q9D136
Q6PK18-2	Q5M843
Q96LW7	Q96LW7
Q96LW7	D3ZPP9
Q96LW7	Q96LW7-2
Q96LW7	Q9D1I2
XP_003084868	XP_003084868
Q9CU24	Q9CU24
Q80XZ1	Q80XZ1
Q80XZ1	O95758-4
Q80XZ1	O95758-1
Q80XZ1	Q9Z118
Q80XZ1	O95758-2
Q80XZ1	O95758
Q80XZ1	Q8BHD7
Q80XZ1	Q9UKA9-3
Q80XZ1	Q91Z31
Q80XZ1	Q66H20
Q80XZ1	Q9UKA9
Q80XZ1	Q9UKA9-4
Q80XZ1	Q9UKA9-2
Q80XZ1	P26599-2
Q80XZ1	P26599
Q80XZ1	Q00438
Q80XZ1	P17225-2
Q80XZ1	P26599-1
Q80XZ1	P17225
D3ZB71	D3ZB71
D3ZB71	Q60838
D3ZB71	O14641
D3ZB71	P54792
D3ZB71	Q61062
D3ZB71	Q92997
D3ZB71	NP_001100551
D3ZB71	Q9WVB9
D3ZB71	O14640-2
D3ZB71	P51141
D3ZB71	O14640
G3V9K7	G3V9K7
G3V9K7	O35125
G3V9K7	Q53EV4
G3V9K7	B6CZ61
G3V9K7	Q9DAK8
G3V9K7	Q96E66-6
G3V9K7	Q96E66
D3ZA19	D3ZA19
D3ZA19	Q9D5N8
D3ZA19	P48026
D3ZA19	P21673
D3ZA19	Q86VE3
D3ZA19	Q96F10
D3ZA19	Q6P8J2
P10868	P10868
P10868	O35969
P10868	Q14353
D4A9U9	D4A9U9
D4A9U9	Q8N565
D4A9U9	Q6NVG5
XP_345573	XP_345573
XP_345573	Q08351
XP_345573	P40238
Q3UZP4	Q3UZP4
Q3UZP4	P0C0A9
Q3UZP4	Q8NHG7
P63324	P63324
P63324	P63323
P63324	P25398
P63324	ENSRNOP00000048620
Q8R4F1	Q8R4F1
Q8R4F1	Q96CW9
Q8R4F1	D4A9F4
Q8R4F1	Q9Y2I2
Q8R4F1	Q8R4G0-4
Q8R4F1	Q8R4G0
Q8R4F1	Q8R4G0-5
Q8R4F1	NP_001099935
Q8R4F1	Q8R4G0-9
Q8R4F1	Q9Y2I2-4
Q9Y6N7-2	Q9Y6N7-2
Q9Y6N7-2	A0A0G2JZA1
Q9Y6N7-2	Q7TPD3
Q9Y6N7-2	Q19AB2
Q9Y6N7-2	Q9HCK4-3
Q9Y6N7-2	Q9HCK4
Q9Y6N7-2	O55005
Q9Y6N7-2	O89026
Q9Y6N7-2	Q9Y6N7
Q9Y6N7-2	Q96MS0
Q9Y6N7-2	Q9Z2I4
P55884-2	P55884-2
P55884-2	Q8JZQ9
P55884-2	Q4G061
P55884-2	P55884
P14678-3	P14678-3
P14678-3	B3KVR1
P14678-3	P63164
P14678-3	P14678-2
P14678-3	P27048
P14678-3	P14678
P14678-3	P63163
P14678-3	P63162
P14678-3	P17136
Q9NVV9-2	Q9NVV9-2
O00165-6	O00165-6
F1MS53	F1MS53
F1MS53	Q8TEU7-4
F1MS53	Q5NCJ1
F1MS53	Q8TEU7
F1MS53	Q8TEU7-2
F1MS53	D3ZTL8
F1MS53	Q9Y4G8
F1MS53	Q17RH5
F1MS53	F1M386
F1MS53	Q8CHG7
Q86SI9-2	Q86SI9-2
Q86SI9-2	Q86SI9
Q13425	Q13425
Q13425	NP_001162145
Q13425	Q61235
Q13425	Q13425-2
Q13425	D3ZWC6
Q13425	Q13884-2
Q13425	Q13884
Q13425	Q99L88
Q13425	Q13424
Q13425	B5DFL0
Q13425	Q61234
S4R1M9	S4R1M9
S4R1M9	Q9BXB5-2
S4R1M9	Q9BXB5
S4R1M9	B5DF74
S4R1M9	Q9BXB4
S4R1M9	Q8CI95
Q9Y253	Q9Y253
Q9Y253	Q9JJN0
Q9C093	Q9C093
Q9C093	Q9C093-4
Q9C093	Q9R095
Q9C093	Q8C9J3
Q3V0E1	Q3V0E1
Q3V0E1	Q5VYM1
B9EJX3	B9EJX3
B9EJX3	D4A609
B9EJX3	NP_001182079
Q5H943	Q5H943
Q8NB15-1	Q8NB15-1
Q8NB15-1	Q6P0X2
Q8NB15-1	D4AAR5
Q8NB15-1	Q6P0X2-2
Q8NB15-1	Q8NB15
Q6ZW61	Q6ZW61
Q6ZW61	Q5SUD9
O94864	O94864
O94864	B5DF66
O94864	Q9CZV5
Q8CCG1	Q8CCG1
Q8CCG1	Q53FD0
Q8CCG1	Q6AYP4
Q8CCG1	Q5TFG8
Q8CCG1	Q9D534
D3ZZ44	D3ZZ44
D3ZZ44	P0C7U0
D3ZZ44	Q8C8T7
D3ZZ44	Q68FM6
D3ZZ44	Q5R3F8
D3ZZ44	XP_235476
Q9NWT6	Q9NWT6
Q9NWT6	Q8BLR9
Q9NWT6	B0BNG5
Q9NWT6	H0Y9G9
P00738	P00738
P00738	P06866
P00738	Q8SPS7
P00738	P00739
P00738	Q61646
P00738	P00739-2
Q9CPT0	Q9CPT0
Q9CPT0	Q9BZR8
Q9CPT0	Q9BZR8-3
Q9CPT0	Q6AYK4
Q9C0I3	Q9C0I3
Q9C0I3	Q8C0C4
Q9C0I3	D3ZTW6
D4ABP3	D4ABP3
D4ABP3	E1BJQ4
D4ABP3	A2A6T1
D4ABP3	Q86X02
D4ABP3	P97817
D4ABP3	Q01850
Q9H7T0	Q9H7T0
Q9H7T0	A2RTF1
Q9D9F7	Q9D9F7
Q9D9F7	XP_001066079
Q9D9F7	XP_001069621
Q9D9F7	XP_576885
Q9D9F7	XP_001057991
Q9D9F7	Q2TB45
Q5EB95	Q5EB95
Q5EB95	Q96DF8
Q5EB95	O70279
A0A0R4J0D1	A0A0R4J0D1
A0A0R4J0D1	Q8R3Q0
A0A0R4J0D1	Q6AYN2
A0A0R4J0D1	Q96BY9
Q8N7B9	Q8N7B9
Q8N7B9	Q80X60
Q8N7B9	Q66HC0
Q9Z280	Q9Z280
Q9Z280	Q9Z280-2
Q9Z280	P70496
Q9Z280	Q13393
Q9Z280	P70496-2
Q9Z280	O14939
Q9Z280	P70498
Q9Z280	P97813
Q9Z280	Q13393-2
P35590	P35590
P35590	Q06806
P35590	B5DFD6
P35590	Q02858
P35590	Q02763
Q13435	Q13435
Q13435	D3ZMS1
Q13435	Q3UAI4
Q9UPY3	Q9UPY3
Q9UPY3	E9PU15
Q9UPY3	Q8R418
Q9UPY3	Q9UPY3-3
Q15555	Q15555
Q15555	Q3SZP2
Q15555	Q15555-2
Q15555	Q3B8Q0
Q15555	Q8R001
Q15555	Q61166
Q15555	Q15691
Q15555	Q66HR2
Q15555	Q6PER3
Q15555	Q9UPY8
Q15555	Q5XIT1
Q15555	D3Z6G3
Q15555	Q9UPY8-2
P31323	P31323
P31323	P12369
P31323	P31324
P31323	P13861
P31323	P00515
P31323	P12368
P31323	P12367
P31323	P13861-2
P31323	Q9DBC7
P31323	P00514
P31323	P09456
P31323	P81377
P31323	P12849
P31323	P31321
P31323	P10644
Q7Z5L4	Q7Z5L4
Q7Z5L4	Q920Q3
Q7Z5L4	Q9DAQ9
Q99590	Q99590
Q99590	Q99590-2
Q99590	XP_231361
Q99590	E9PZM7
Q69ZW3	Q69ZW3
Q69ZW3	Q8NDI1
Q69ZW3	Q8NDI1-2
Q69ZW3	XP_223664
Q9Y6D6	Q9Y6D6
Q9Y6D6	G3X9K3
Q9Y6D6	D4A631
Q9Y6D6	A2A5R2
Q9Y6D6	Q9Y6D5
Q9Y6D6	Q7TSU1
Q9Y6D6	P63034
Q9Y6D6	Q99418
Q9Y6D6	O43739
Q9Y6D6	O08967
Q9Y6D6	P97696
Q9Y6D6	P97694
Q9Y6D6	Q9UIA0
Q9Y6D6	P63035
Q9Y6D6	Q9QX11
Q9Y6D6	Q15438
Q9Y6D6	Q80YW0
Q9Y6D6	NP_001124049
Q9Y6D6	Q9NRD0
Q9Y6D6	Q9QZN3
P23511	P23511
P23511	P18576
P23511	P23708
Q8BN57	Q8BN57
Q8BN57	Q6P1S2
P35269	P35269
P35269	Q3THK3
P35269	Q6AY96
Q8BY87	Q8BY87
Q8BY87	NP_001101012
Q8BY87	Q96K76-2
Q8BY87	Q96K76-4
Q8BY87	Q96K76
P18419	P18419
P18419	P02783
O95361	O95361
O95361	D3ZW47
O95361	Q309B1
O95361	Q99PP9
P15822	P15822
P15822	Q03172
P15822	ENSRNOP00000061092
P15822	Q5T1R4
P15822	D3ZRB5
P15822	A2A884
P15822	P31629
P15822	Q3UHF7
P15822	Q00900
Q8BL48	Q8BL48
Q8BL48	Q9C0B0
Q8BL48	D3ZV40
Q8BL48	Q9H9P5
Q8BL48	D4A3S7
Q8BL48	Q9H9P5-5
Q8BL48	Q9H9P5-1
Q8BL48	Q5FWH2
Q8BL48	Q9H9P5-6
Q9BU02	Q9BU02
Q9BU02	Q8CGV7
Q9BU02	Q8JZL3
P22670	P22670
P22670	D3ZQ82
P22670	P48381
P22670	P48380
P22670	NP_001382523
P22670	P48380-2
P22670	P48380-3
P22670	P48378
P22670	P48379
P22670	B2GV50
P22670	P48377
P22670	Q33E94
P22670	Q33E94-4
P22670	Q33E94-3
P22670	Q7TNK1
Q8TDY2	Q8TDY2
Q8TDY2	Q8TDY2-2
Q8TDY2	D3ZHK4
Q8TDY2	Q9ESK9
O15357	O15357
O15357	Q9WVR3-2
O15357	O15357-2
O15357	Q9WVR3
O15357	Q6P549
O15357	Q9ES52
O15357	P97573
O15357	Q92835
O15357	Q9ES52-3
O15357	Q9ES52-6
O15357	Q92835-2
O15357	O60880
O15357	B2RZ59
O15357	O88890
Q96GX5	Q96GX5
Q96GX5	Q96GX5-2
Q96GX5	NP_001100839
Q96GX5	Q8C0P0
Q9BVS4	Q9BVS4
Q9BVS4	Q9CQS5
Q9BVS4	Q5I0I1
Q8IWB6	Q8IWB6
Q8IWB6	Q7M6U3
Q8IWB6	F1M5M3
Q9H9Y2	Q9H9Y2
Q9H9Y2	Q5RJS9
Q9H9Y2	Q7TND5
Q9H9Y2	Q96G21
Q9H9Y2	Q8VHZ7
Q9H9Y2	Q5PQR5
Q96RW7	Q96RW7
Q96RW7	XP_222716
Q96RW7	D3YXG0
Q96RW7	Q8NDA2
Q96RW7	A2AJ76
Q96RW7	NP_001102964
Q96RW7	P27918
Q96RW7	P11680
Q96RW7	O95967
Q96RW7	Q9WVJ9
F1LQ48	F1LQ48
F1LQ48	Q8R081
F1LQ48	P14866
F1LQ48	Q3UMT7
F1LQ48	D4A3E1
F1LQ48	Q8WVV9
F1LQ48	Q8WVV9-2
F1LQ48	Q8WVV9-4
F1LQ48	Q921F4
F1LQ48	Q921F4-5
Q5TH69	Q5TH69
Q5TH69	Q3UGY8
Q5TH69	XP_038954729
Q66H60	Q66H60
Q66H60	Q8IYE0
Q96E16	Q96E16
Q96E16	Q80ZU4
Q66H03	Q66H03
Q66H03	A1L162
Q9BRR6	Q9BRR6
Q9BRR6	Q8VDL4
Q9BRR6	Q5D001
Q9H5J0	Q9H5J0
Q9H5J0	Q99592-2
Q9H5J0	Q9WUK6
Q9H5J0	Q99592
Q9H5J0	Q9JKY3
Q9H5J0	B2RXF5
Q9H5J0	Q91X45
Q9H5J0	NP_001102632
Q9H5J0	B1WBS3
Q9H5J0	Q811H0
Q16548	Q16548
Q16548	O55178
Q16548	Q07440
Q8BXJ8	Q8BXJ8
Q8BXJ8	NP_001101206
Q8BXJ8	Q569K4
Q8BXJ8	Q6AXX3
Q8BXJ8	Q9H6B1
Q8BXJ8	B2RYC6
Q8BXJ8	A0A0G2K3Y0
Q8BXJ8	Q8VD12
Q8BXJ8	Q96PM9
Q8BXJ8	A2A5E6
Q8BXJ8	Q66K41
D4A9P6	D4A9P6
D4A9P6	Q96BS2
D4A9P6	Q9JKL5
Q5BJ29	Q5BJ29
Q5BJ29	Q9UJT9
Q5BJ29	NP_001102015
Q9NQ32	Q9NQ32
Q9NQ32	Q9JJR6
Q9NQ32	Q5PPI0
Q9BRS2	Q9BRS2
Q9BRS2	G3V7T0
Q9BRS2	Q922Q2
Q9BRS2	NP_001101893
Q9BRS2	Q9DBU3
Q9BRS2	O14730
Q8N5H7	Q8N5H7
Q8N5H7	Q8N5H7-2
Q8N5H7	Q58DL5
Q8N5H7	O75815
Q8N5H7	D3ZAZ5
Q8N5H7	O75815-3
Q8N5H7	O75815-2
Q8N5H7	Q9QZK2
Q8N5H7	Q9QZS8
Q8N5H7	NP_001102049
Q8N5H7	Q9BRG2
Q08999	Q08999
Q08999	Q64700
Q08999	O55081
Q08999	P28749
Q08999	D3ZS28
Q08999	P28749-2
Q08999	Q64701
Q63572	Q63572
Q63572	O70146
Q63572	Q15569
Q63572	Q96S53
Q63572	Q96S53-2
Q63572	Q924U5
Q63572	Q8VCT9
P34908	P34908
P34908	Q04982
P34908	P15056
P34908	F1M9C3
P34908	P28028-1
P34908	P28028
P34908	P10398
P34908	P14056
P34908	P10398-2
P34908	P04627
P34908	Q5BIM4
P34908	P04049-2
P34908	P11345
P34908	Q99N57
P34908	P04049
P34908	P05625
P34908	D4A7K4
P34908	Q8R4K2
P34908	Q9NWZ3
P12272	P12272
P12272	P22858
P12272	P13085
P46736	P46736
P46736	P46736-2
P46736	P46736-3
P46736	B2RYM5
P46736	Q7M757
P46736	P46737
B2RUS7	B2RUS7
B2RUS7	Q09429
B2RUS7	Q09427
B2RUS7	Q09428-2
B2RUS7	Q09428
B2RUS7	O60706-2
B2RUS7	P70170
B2RUS7	O60706
B2RUS7	Q63563
B2RUS7	F1M3J4
B2RUS7	E9Q236
B2RUS7	O15439
B2RUS7	Q8R4P9
B2RUS7	D3ZX04
B2RUS7	Q5T3U5
B2RUS7	Q92887
B2RUS7	Q8VI47
B2RUS7	Q63120
B2RUS7	O15438-4
B2RUS7	O15438
B2RUS7	Q9R1X5
B2RUS7	Q9QYM0
B2RUS7	O15440
B2RUS7	O15440-2
B2RUS7	B2RX12
B2RUS7	O88563
B2RUS7	Q6Y306
B2RUS7	Q80WJ6
B2RUS7	Q8CG09
B2RUS7	P33527-9
B2RUS7	P33527-2
B2RUS7	P33527
B2RUS7	O35379
B2RUS7	Q96J65
B2RUS7	Q96J66
B2RUS7	O95255
B2RUS7	O88269
B2RUS7	Q9R1S7
B2RUS7	O15439-2
P16473	P16473
P16473	P16473-2
P16473	P21463
P16473	P47750
P16473	P35378
P16473	P23945
P16473	P20395
P16473	P16235
P16473	P22888
P16473	P30730
A0A0J9YXV3	A0A0J9YXV3
Q7Z434	Q7Z434
Q7Z434	Q7Z434-4
Q7Z434	F1MU42
Q7Z434	Q8VCF0
Q7Z434	Q66HG9
XP_001480194	XP_001480194
XP_001480194	Q6ZMY6
Q96AV8	Q96AV8
Q96AV8	Q6S7F2-2
Q96AV8	D4A4D7
Q96AV8	Q6S7F2
Q96AV8	A0AVK6
Q96AV8	Q58FA4
Q96AV8	F1LMN3
A2AUM9	A2AUM9
A2AUM9	XP_008760444
A2AUM9	O94986
A2AUM9	O94986-1
P63010-2	P63010-2
P63010-2	Q9DBG3
P63010-2	P63010
P63010-2	Q10567-3
P63010-2	Q10567-4
P63010-2	O35643
P63010-2	P52303
P63010-2	Q10567
P63010-2	P62944
P63010-2	Q10567-2
P63010-2	D4AD35
P63010-2	Q9WV76
P63010-2	Q9Y6B7
AEB21218.1	AEB21218.1
A2A4F1	A2A4F1
A2A4F1	A2A447
A2A4F1	A2AWL9
A2A4F1	Q4TU76
A2A4F1	A2ANE1
D3Z656	D3Z656
D3Z656	O43426
D3Z656	O43426-4
D3Z656	Q62910-5
D3Z656	Q62910
D3Z656	Q62910-4
D3Z656	Q8CHC4
D3Z656	ENSMUSP00000122675
D3Z656	O43426-2
D3Z656	O15056
D3Z656	Q9D2G5
D3Z656	Q9D2G5-5
D3Z656	Q9D2G5-6
D3Z656	O55207
D3Z656	Q9ES21
D3Z656	Q9EP69
D3Z656	Q9NTJ5
D3Z656	Q8C5L6
D3Z656	Q5XIU8
D3Z656	Q9BT40
P33241-3	P33241-3
P33241-3	P33241
P33241-3	P33241-2
P33241-3	Q4QQV6
P33241-3	A2A6J4
P33241-3	P19973
Q6EIY6	Q6EIY6
Q8TB22-2	Q8TB22-2
Q8TB22-2	Q8TB22
Q8TB22-2	Q80YT5
Q8TB22-2	Q6T393
P19544-7	P19544-7
P19544-7	P19544-2
P19544-7	P22561
P19544-7	P19544
P19544-7	P49952
XP_038955078	XP_038955078
XP_038955078	Q8K3Y3
XP_038955078	Q9H9Z2
XP_038955078	D3ZZA6
XP_038955078	Q6ZN17
XP_038955078	Q45KJ6
Q60I18	Q60I18
Q60I18	Q8HWE7
Q60I18	A0A0G2K7V7
Q60I18	Q8HWE5
A8MSY1	A8MSY1
A8MSY1	Q7TSW6
A8MSY1	Q8IVN3
A8MSY1	Q99JI1
A8MSY1	Q80XX4
A8MSY1	Q3UF25
A8MSY1	Q86TL2
Q9Z2P3	Q9Z2P3
Q9Z2P3	P43488
Q9Z2P3	P23510
Q9ESE2	Q9ESE2
Q9ESE2	O14788
Q9ESE2	O35235
Q9ESE2	Q6UY13
NP_001385537	NP_001385537
NP_001385537	Q8BIJ6
NP_001385537	Q9NSE4
Q58WW2-3	Q58WW2-3
Q58WW2-3	Q58WW2
Q58WW2-3	Q58WW2-2
Q58WW2-3	D4A8L4
Q58WW2-3	Q9DC22
Q9BRX5-3	Q9BRX5-3
Q9BRX5-3	Q9CY94
Q9BRX5-3	Q9BRX5
Q9BRX5-3	D3Z9I4
F8VPY8	F8VPY8
F8VPY8	A8K830
F8VPY8	A8K830-1
Q8N4V1-2	Q8N4V1-2
Q8N4V1-2	Q6P719
Q8N4V1-2	B5DF51
Q8N4V1-2	Q8N4V1
Q8N4V1-2	Q8K273
Q8N4V1-2	Q8R3L0
Q12923-4	Q12923-4
Q12923-4	Q12923-2
Q12923-4	Q12923
Q12923-4	Q12923-3
Q12923-4	G3V9S3
Q12923-4	Q64512
Q12923-4	P35233
Q12923-4	P35233-2
Q12923-4	Q06180-2
Q12923-4	Q06180
Q12923-4	P17706
Q12923-4	P17706-2
Q12923-4	O55082
Q12923-4	A1L1L3
Q12923-4	Q4JDL3
Q12923-4	Q4JDL3-11
Q12923-4	P18031
Q12923-4	P20417
Q12923-4	P35821
Q12923-4	O13016
Q12923-4	Q68DX3
Q12923-4	Q6IN97
Q12923-4	XP_991011
P08519	P08519
P08519	P20918
P08519	Q15195
P08519	Q02325
P08519	Q01177
P08519	P00747
P08519	Q8BJR6
P08519	Q9BQR3
P08519	Q6BEA2
P08519	Q9GZN4
P08519	D4AAE4
P08519	Q9ER10
P08519	P17945
P08519	P14210-3
P08519	P14210
P08519	Q08048
P08519	P26927
P08519	Q8NF86
P08519	Q80WM7
P08519	P21845
P08519	P50343
P08519	P27435
P08519	P20231
P08519	Q9BZJ3
P08519	Q15661
P08519	Q02844
P08519	P00734
P08519	Q63207
P08519	P19221
P08519	P18292
P08519	Q9NRR2
P08519	Q9QUL7
P08519	Q16609
P08519	Q9QYZ9
P08519	P83748
P08519	P26928
P08519	P70521
P08519	Q2TV78
P08519	P00749
P08519	Q9UBX7-3
P08519	Q9UBX7
P08519	Q9QYN3
P08519	D3ZZK6
P08519	O60259-2
P08519	O88780
P08519	O60259
P08519	Q61955
P08519	Q9UKR3
P08519	Q8CGR6
P08519	Q91Y82
P08519	Q92876
P08519	Q9UKR0
P08519	Q9UKR0-3
P08519	Q14520
P08519	Q6L711
P08519	Q8K0D2
P08519	P06869
P08519	P29598
P08519	Q76HL1
P08519	Q6IE62
P08519	Q8K4I7
P08519	A1L453
P08519	Q3UKY7
P08519	F1LVG1
P08519	Q5M8S2
P08519	Q6IE63
P08519	E5RG02
P08519	D4A488
P08519	P08246
P08519	Q3UP87
P08519	P24158
P08519	Q61096
P08519	XP_001056923
P08519	XP_138671
P08519	A8MTI9
P08519	A6H6T1
P08519	Q6AXZ6
P08519	Q14B24
P08519	Q6IE59
P08519	Q6UWY2
P08519	P20160
Q80ZA4	Q80ZA4
Q80ZA4	Q86WI1
Q9CWK3	Q9CWK3
Q9CWK3	B4F786
Q9CWK3	O95400
Q8WW01	Q8WW01
Q8WW01	Q8R3W5
Q8WW01	D3ZFW1
ENSRNOP00000053523	ENSRNOP00000053523
ENSRNOP00000053523	Q9WVF7
ENSRNOP00000053523	Q07864
G3V9Y6	G3V9Y6
G3V9Y6	P59240
G3V9Y6	O75161
Q5JQS6	Q5JQS6
YP_068414	YP_068414
Q13546	Q13546
Q13546	Q13546-2
Q13546	NP_001100820
Q13546	Q60855
Q9D112	Q9D112
Q9D112	Q8IYI0
Q969R8	Q969R8
Q969R8	Q91WI7
Q969R8	NP_001102118
Q5T1N1	Q5T1N1
Q16595	Q16595
Q16595	O35943
Q16595	Q16595-3
Q16595	D3ZYW7
Q8R016	Q8R016
Q8R016	P70645
Q8R016	Q13867
Q5M9N0	Q5M9N0
Q5M9N0	D3ZHH5
Q5M9N0	Q5M9N0-3
Q5M9N0	Q8CDI6
Q8TB24	Q8TB24
Q8TB24	P59729
Q8TB24	NP_001101522
Q8TB24	Q8WYP3-2
Q8TB24	Q8WYP3
Q8TB24	D4A6C4
Q8TB24	Q9D684
Q8N6Y0	Q8N6Y0
Q8N6Y0	Q3T1I3
Q8N6Y0	Q8R370
O00206	O00206
O00206	Q9QX05
O00206	Q9QUK6
Q8N387	Q8N387
Q8N387	Q8C6Z1
Q9P2M1	Q9P2M1
Q9P2M1	Q569C2
Q9P2M1	Q9D4C6
P97357	P97357
P97357	Q15573
P97357	Q3B7U2
O15069	O15069
O15069	Q5SWP3
O14576	O14576
O14576	Q62871
O14576	O14576-2
O14576	Q13409
O14576	Q13409-3
O14576	Q0III3
O14576	O88487
O14576	Q62871-3
O14576	Q63100
O14576	Q13409-2
O14576	Q13409-5
O14576	Q13409-6
O14576	O88485
Q6AI12	Q6AI12
Q6AI12	Q53H64
Q6AI12	B2RYI5
Q6AI12	Q5SUE8
Q92521	Q92521
Q92521	Q9JJQ0
Q7Z494	Q7Z494
Q7Z494	Q7Z494-3
Q7Z494	Q7TNH6
Q7Z494	D4A1W7
Q13635	Q13635
Q13635	Q13635-2
Q13635	Q61115
Q13635	Q9Y6C5
Q13635	O35595
Q86SH2	Q86SH2
Q86SH2	Q7TSX9
Q86SH2	Q80SU3
Q86SH2	XP_003084671
Q86SH2	A6NP61
Q86SH2	C3VD30
Q14656	Q14656
Q6UXB4	Q6UXB4
Q6PRD7	Q6PRD7
Q9ERC3	Q9ERC3
Q9ERC3	Q9UJW9
E9QNP3	E9QNP3
E9QNP3	Q8VHD8
E9QNP3	Q5D862
E9QNP3	Q2VIS4
Q8N1D0	Q8N1D0
Q52M75	Q52M75
Q4VX62	Q4VX62
Q9HA90	Q9HA90
Q9HA90	Q9JJF6
Q12981-3	Q12981-3
Q12981-3	Q8VHI8
Q12981-3	Q6QD59
Q12981-3	Q12981
Q8NBC4	Q8NBC4
Q8IUC2	Q8IUC2
Q6WQI6	Q6WQI6
A4D0T7	A4D0T7
Q5JXX7	Q5JXX7
Q0P6D2	Q0P6D2
Q0P6D2	Q8BQT2
Q9BR11	Q9BR11
Q9BR11	Q9CWV7
Q6ZSR6	Q6ZSR6
Q5GH77	Q5GH77
Q5GH77	Q6PP77
Q5GH77	Q5GH60
Q5GH77	Q5GH68
Q5GH77	Q9QXY7
Q5GH77	P51811
Q5GH77	Q5GH61
Q5GH77	O14609
Q5GH77	A2RUG3
Q30KQ8	Q30KQ8
Q30KQ8	Q30KQ9
Q30KQ8	Q30KQ9-2
Q30KQ8	Q32ZH5
Q30KQ8	Q30KP6
Q30KQ8	Q30KP6-2
Q8N2C9	Q8N2C9
P36871-2	P36871-2
P36871-2	NP_058729
P36871-2	P00949
P36871-2	P36871
P36871-2	D3ZVR9
P36871-2	Q9D0F9
P36871-2	Q8BZF8
P36871-2	Q15124
P0C2X9	P0C2X9
P0C2X9	Q8CHT0
P0C2X9	P30038
P0C2X9	P30038-2
D3ZJ47	D3ZJ47
D3ZJ47	Q8K3V7
D3ZJ47	Q9UPX6
D3ZJ47	Q8C4X7
D3ZJ47	P59773
Q9JHW0	Q9JHW0
Q9JHW0	P70195
Q9JHW0	Q99436
Q9JHW0	O35955
Q9JHW0	P40306
Q9JHW0	Q4KM35
B0BN49	B0BN49
B0BN49	Q9Y388
B0BN49	Q8R0F5
Q8CEK3	Q8CEK3
Q8CEK3	Q09TK7
K7EJ46	K7EJ46
Q96MC5	Q96MC5
Q96MC5	Q5FVJ5
Q96MC5	Q8R1Y2
Q96MC5	Q96MC5-2
Q4AE70	Q4AE70
Q4AE70	Q9WVG6
Q4AE70	Q86X55
Q4AE70	O60678
Q4AE70	Q922H1
Q4AE70	O70467
Q4AE70	XP_001065204
Q4AE70	Q6PAK3
Q4AE70	Q9JIF0
Q4AE70	Q99873
Q4AE70	Q99873-4
Q4AE70	Q63009
Q4AE70	Q99873-2
Q4AE70	Q9NR22
Q4AE70	Q9R144
Q4AE70	P55345
Q4AE70	Q6NZB1
Q4AE70	D4A307
Q4AE70	Q96LA8
D4A6T8	D4A6T8
D4A6T8	Q52LA3
D4A6T8	Q8CD94
M0RBD9	M0RBD9
M0RBD9	Q71FD5
M0RBD9	Q8NHG8
M0RBD9	A5PKM1
M0RBD9	Q91V17
M0RBD9	Q8ND25
M0RBD9	D3ZIQ9
F2Z398	F2Z398
A6QL64	A6QL64
A6QL64	A2VCN4
A6QL64	Q8N2N9
A6QL64	A6QL64-4
A6QL64	Q5JPF3-3
A6QL64	Q5JPF3
A6QL64	A6NC57_VAR_A613T
A6QL64	A6NC57
Q8TEK3-1	Q8TEK3-1
Q8TEK3-1	Q8TEK3
Q8TEK3-1	Q571B8
Q8TEK3-1	D3ZCP0
Q8IWF7	Q8IWF7
K9M1U5	K9M1U5
P48772	P48772
P48772	P16221
P48772	Q64445
P48772	P10176
P48772	P80433
P0C092	P0C092
Q9UN19-2	Q9UN19-2
Q9UN19-2	Q9QXT1
Q9UN19-2	Q9UN19
Q6AXZ5	Q6AXZ5
Q6AXZ5	O75800
Q6AXZ5	Q99ML0
A0A1B0GTY4	A0A1B0GTY4
P0DP43	P0DP43
P0DP43	A0A0A6YXX9
P0DP43	Q5SY80
O15225	O15225
Q9P121-4	Q9P121-4
Q9P121-4	Q99PJ0
Q9P121-4	Q9P121
Q9P121-4	Q62718
Q9P121-4	Q6DFY2
Q9P121-4	Q14982-4
Q9P121-4	P32736
Q9P121-4	Q14982
Q9P121-4	A6NGN9
Q9P121-4	Q8HW98
Q9P121-4	Q7Z3B1
Q9P121-4	Q9Z0J8
Q9P121-4	Q80Z24
Q9P121-4	Q8BLK3
Q9P121-4	Q62813
Q9P121-4	Q13449
Q3ZM63	Q3ZM63
Q3ZM63	P0DPP9
Q3ZM63	A0A1B0GVM5
Q3ZM63	Q80SW5
A0A0D9SF12	A0A0D9SF12
Q9BXW3	Q9BXW3
Q9P0J1-2	Q9P0J1-2
Q9P0J1-2	O88483
Q9P0J1-2	Q3UV70
Q9P0J1-2	Q9P0J1
Q9P0J1-2	Q5DTY5
Q9P0J1-2	Q9P2J9
Q9P0J1-2	O88484
B2RYG8	B2RYG8
B2RYG8	Q0PNE2
B2RYG8	Q8BK75
Q566R4	Q566R4
Q566R4	Q9QUI1
Q566R4	Q8N5H3
Q566R4	Q96GI7
Q566R4	Q14BJ1
Q566R4	Q6Q0N2
Q4KM93	Q4KM93
Q4KM93	Q53S58
Q4KM93	Q8BPE4
A0A5F8MPG2	A0A5F8MPG2
A0A5F8MPG2	E0CX11
A0A5F8MPG2	P0DP99
A0A075B700	A0A075B700
P24008	P24008
P24008	Q68FF9
P24008	P18405
P24008	P31214
P24008	Q99N99
P24008	P31213
Q91VC0	Q91VC0
Q91VC0	Q9QY93
Q91VC0	Q9H773
A0A3B3IT52	A0A3B3IT52
P07490	P07490
P07490	P01148
P07490	P13562
P07490	Q28588
B1WC39	B1WC39
B1WC39	Q499M4
B1WC39	Q53EQ6
D3ZSK5	D3ZSK5
D3ZSK5	Q9CWY3
D3ZSK5	Q8TBK2
Q03061	Q03061
Q03061	Q03060-8
Q03061	Q03060
Q03061	P27699
Q03061	P27699-3
Q03061	P27699-2
Q03061	Q03060-2
Q03061	Q03060-6
Q03061	Q01147-1
Q03061	P16220
Q03061	P16220-1
Q03061	P15337
Q03061	Q01147
Q03061	P18846
Q03061	P81269
Q03061	F7FD47
Q68FP8	Q68FP8
Q68FP8	Q96MA6
Q68FP8	Q32M07
Q8N6I4-3	Q8N6I4-3
Q8N6I4-3	Q8BH26
Q8N6I4-3	F1LXS7
Q8N6I4-3	Q8N6I4
O43508-2	O43508-2
O43508-2	O75888
O43508-2	Q9D777
O43508-2	O43508
O43508-2	O54907
Q9UBQ0-2	Q9UBQ0-2
Q9UBQ0-2	B2RZ78
Q9UBQ0-2	Q9UBQ0
Q9UBQ0-2	Q9QZ88
Q3MHD2-2	Q3MHD2-2
Q3MHD2-2	Q3MHD2
Q3MHD2-2	D4A8G0
Q3MHD2-2	Q9D0R8
Q14242-2	Q14242-2
Q14242-2	Q14242
Q14242-2	Q62170
Q8TCC3-2	Q8TCC3-2
Q8TCC3-2	P0C2C1
Q8TCC3-2	Q8TCC3
Q8TCC3-2	Q9D7N6
Q8WVP7-3	Q8WVP7-3
Q8WVP7-3	Q8WVP7
Q8WVP7-3	Q9JIT0
Q8WVP7-3	Q9D1E5
Q8WVP7-3	Q6UX01
D3ZZQ5	D3ZZQ5
D3ZZQ5	Q8VE10
D3ZZQ5	Q86UY6
D3ZAY8	D3ZAY8
D3ZAY8	Q3SYT5
D3ZAY8	O35691
D3ZAY8	Q9H307
P58686	P58686
P58686	Q9BUW7
P58686	D3ZBT2
O15146	O15146
O15146	Q61006
O15146	Q62838
Q00987	Q00987
Q00987	D3ZVH5
Q00987	P23804
Q00987	Q5XIN1
Q00987	O35618
Q00987	O15151
Q00987	O15151-5
Q80U70	Q80U70
Q80U70	Q15022
Q80U70	M0RCF9
Q9Z2Q1	Q9Z2Q1
Q9Z2Q1	O94979
Q9Z2Q1	O94979-8
Q9Z2Q1	O94979-9
Q9Z2Q1	O94979-2
Q9Z2Q1	Q9NQW1
Q9Z2Q1	Q3UPL0
Q9Z2Q1	Q3TZ89
Q8BIJ7	Q8BIJ7
Q8BIJ7	Q96T51-2
Q8BIJ7	Q8WXA3-1
Q8BIJ7	F1LR42
Q8BIJ7	Q8R4C2
Q8BIJ7	Q96T51
Q8BIJ7	NP_001162058
Q8BIJ7	Q96T51-3
Q8BIJ7	Q8WXA3
Q8BIJ7	Q8WXA3-4
Q8BIJ7	Q9D394-2
Q8BIJ7	Q9D394-3
Q8BIJ7	Q7L099-2
Q8BIJ7	Q9D394-4
Q8BIJ7	Q7L099
Q8BIJ7	Q9D394
Q8BIJ7	Q7L099-3
Q8BIJ7	Q5FVJ0
P09057	P09057
P09057	P00860
P09057	P11926
P09057	O35484
P09057	O14977
P09057	Q63764
P09057	Q96A70
P09057	Q8BVM4
P09057	D4A693
Q32MZ4	Q32MZ4
Q32MZ4	Q32MZ4-2
Q32MZ4	Q32MZ4-3
Q32MZ4	Q32MZ4-4
Q32MZ4	A6QP40
Q32MZ4	Q3UZ39-2
Q32MZ4	Q3UZ39
Q32MZ4	Q66HF9
Q99259	Q99259
Q99259	P48318
Q99259	Q05683
Q99259	P18088
Q99259	P48320
Q99259	Q05329
Q99259	Q9Y600
Q99259	Q80WP8
Q99259	Q6ZQY3
Q99259	Q9DBE0
Q99259	Q64611
Q9Y4H2	Q9Y4H2
Q9Y4H2	F1MAL5
Q9Y4H2	P81122
Q9Y4H2	P35568
Q9Y4H2	P35570
Q9Y4H2	P35569
P09543	P09543
P09543	P16330
P09543	P09543-2
P09543	P13233
Q7Z3K3	Q7Z3K3
Q7Z3K3	Q7Z3K3-5
Q7Z3K3	D3ZV33
Q7Z3K3	Q7Z3K3-2
Q7Z3K3	Q8BZH4
Q7Z3K3	Q86YH2
Q7Z3K3	Q3TZW5
Q7Z3K3	D3ZNU4
Q7Z3K3	Q6N043
Q7Z3K3	Q68FE8
Q7Z3K3	Q6N043-2
Q7Z3K3	NP_001101635
Q7Z3K3	Q6P3Y5
Q7Z3K3	XP_038956455
Q7Z3K3	Q8ND82
Q7Z3K3	P59817
Q9QZC4	Q9QZC4
Q9QZC4	P19836
Q9QZC4	P49586
Q9QZC4	P49585
Q9QZC4	Q811Q9
Q9QZC4	Q9Y5K3
Q9QZC4	Q9Y5K3-3
Q62780	Q62780
Q62780	Q569Z5
Q62780	Q7L014
Q62780	Q92841
Q62780	Q501J6
Q62780	Q92841-1
Q62780	Q3U741
Q62780	Q92841-3
Q62780	Q61656
Q62780	P17844
Q62780	Q6AYI1
Q62780	Q568Z8
Q62780	O00571
Q62780	O15523-2
Q62780	P16381
Q62780	A0A0G2K719
Q62780	Q62167
Q62780	C9WPN2
Q62780	O00571-2
Q62780	Q62095
Q62780	D3ZN21
Q62780	O15523
Q62780	Q9BUQ8
Q62780	D3Z0M9
Q62780	G3V9M1
Q62780	Q86XP3
Q62780	Q810A7
Q62780	Q86XP3-2
Q62780	D4A031
Q62780	Q9NXZ2
Q62780	Q86TM3
Q62780	D3Z6P9
Q62780	M0R9C6
Q62780	Q3V086
Q62780	Q64060
Q62780	Q61496
Q62780	Q9NQI0
Q62780	Q9NQI0-3
Q62780	Q9Y2R4
Q62780	Q99PT0
Q62780	Q8K301
Q62780	B2RYL8
Q62780	Q91VN6
Q62780	Q9UJV9
Q62780	Q9DBN9
Q62780	Q9DBN9-2
Q62780	Q5T1V6
Q62780	Q91VC3
Q62780	P38919
Q62780	Q3B8Q2
Q62780	Q66HG7
Q62780	Q9QY15
Q62780	Q9UMR2-2
Q62780	Q9NUU7
Q62780	Q9UHL0-2
Q62780	A0A0G2K7X6
Q62780	Q9UHL0
Q62780	Q61655
Q62780	Q8R3C7
Q62780	Q9UMR2
Q62780	Q9QY16
Q62780	Q68FX3
Q62780	Q14240-2
Q62780	Q5RKI1
Q62780	Q14240
Q62780	P10630
Q62780	Q6P3V8
Q62780	P60842
Q62780	P60843
Q62780	Q9Y6V7
Q62780	B0BNK0
Q62780	Q4FZF3
Q62780	Q9H0S4
Q62780	Q9CWX9
Q62780	G3V727
Q9UKV3	Q9UKV3
Q9UKV3	Q52KR6
Q9UKV3	Q9UKV3-2
Q9UKV3	Q9UKV3-5
Q9UKV3	E9PST5
Q9UKV3	Q9JIX8
Q9UKV3	Q9JIX8-4
Q9UKV3	F1MQG6
Q96JZ2	Q96JZ2
Q96JZ2	Q96JZ2-2
Q96JZ2	Q6VYH9
Q8K2T1	Q8K2T1
Q8K2T1	Q9HBL8
Q8K2T1	D3ZDB9
F6R3T1	F6R3T1
F6R3T1	XP_001478840
F6R3T1	A0A1B0GWI6
F6R3T1	A8MYA2
F6R3T1	Q9D454
F6R3T1	Q3KR64
Q5VTQ0	Q5VTQ0
Q5VTQ0	Q8BYY4
Q5VTQ0	D3ZC96
Q5VTQ0	Q5SRH9
Q5VTQ0	A2ACP1
Q5VTQ0	XP_216483
Q5VTQ0	Q5SRH9-4
Q5VTQ0	D4A7N7
O95571	O95571
O95571	Q9DCM0
O95571	B0BNJ4
Q9Y6I8	Q9Y6I8
Q9Y6I8	Q9JJW0
Q9Y6I8	P59382
Q96CS2	Q96CS2
Q96CS2	Q8BHX1
Q96CS2	Q9R0A8
Q6P9U4	Q6P9U4
Q6P9U4	Q9CYY7
Q6P9U4	Q9Y3B1
Q6P9U4	Q8VE85
Q6P9U4	Q96N28
Q810W9	Q810W9
Q810W9	Q80VW5-5
Q810W9	Q9P202
Q810W9	Q9P202-3
Q810W9	Q80VW5
Q810W9	Q5EBL8-2
Q810W9	Q5EBL8
Q810W9	Q9CZG9
Q810W9	D3Z8K0
Q5HYW2	Q5HYW2
Q5HYW2	Q5HYW2-2
Q5HYW2	D4A4H2
Q5HYW2	B1AXH1
P35524	P35524
P35524	P35523
P35524	Q64347
P35524	Q9R0A1
P35524	P51788
P35524	P35525
P35524	P51801
P35524	P51801-2
P35524	P51800
P35524	Q06393
P35524	Q9WUB7
P35524	Q9WUB6
P35524	P51802
O75339	O75339
O75339	Q66K08
O75339	D3ZGB8
O75339	D3Z7H8
O75339	Q8IUL8
XP_221305	XP_221305
XP_221305	Q3UR50
XP_221305	Q3UR50-2
XP_221305	Q8N398
XP_221305	Q5TIE3
XP_221305	NP_001101458
XP_221305	A9Z1V5
Q6P1L5	Q6P1L5
Q6P1L5	F1M8D5
Q6P1L5	Q3U3E2
Q6P1L5	Q86VQ1
Q6P1L5	B2RYK0
Q6P1L5	Q8K3I9
Q6P1L5	Q9C073
Q6P1L5	Q7TNF9
Q6P1L5	B6ID09
Q9NPH0	Q9NPH0
Q9NPH0	Q8BP40
Q9NPH0	Q4FZU0
A2BGH0	A2BGH0
A2BGH0	Q05704
A2BGH0	P59827
A2BGH0	Q80ZU7
A2BGH0	P59826
A2BGH0	Q05701
A2BGH0	Q8NFQ5
A2BGH0	Q8BU51
Q8BHN7	Q8BHN7
Q8BHN7	Q8N999
Q8BHN7	Q6AXM9
Q7RTX7	Q7RTX7
Q7RTX7	Q8BVN3
Q5SQN1	Q5SQN1
Q5SQN1	Q6P6S0
Q5SQN1	Q8R570
XP_008757478	XP_008757478
XP_008757478	Q9D786
XP_008757478	O94927
Q8N9V3	Q8N9V3
Q8N9V3	Q5FVN8
Q8N9V3	Q9D0I6
P80365	P80365
P80365	P51661
P80365	P50233
P80365	Q80XN0
P80365	Q02338
P80365	P29147
P80365	P37059
P80365	Q62730
P80365	P51658
P80365	O75452
P80365	Q9R092
P80365	O14756
P80365	O54909
P80365	Q8NEX9
P80365	Q8K3P0
P80365	O54753
P80365	P50170
P80365	P55006
P80365	Q8CGV4
P80365	Q3V1Y2
P80365	Q8K3M1
P80365	O88451
P80365	Q9BPW9-4
P80365	Q8VD48
P80365	Q9BPW9
P80365	Q58NB6
P80365	Q92781
P80365	O55240
P80365	P51657
P80365	P51656
P80365	P14061
P80365	D3Z6W3
P80365	Q9NYR8
O55227	O55227
O55227	Q53HI1
O55227	Q9CQ61
K7ER74	K7ER74
K7ER74	G3V8D4
K7ER74	P02655
K7ER74	P55056
K7ER74	Q05020
K7ER74	Q61268
K7ER74	P55797
Q32KJ2	Q32KJ2
Q32KJ2	Q9D2L1
Q32KJ2	Q6UWY0
P0DTU3	P0DTU3
P0DTU3	P01848
P0DTU3	A0JD32
P0DTU3	A0A0B4J264
P0DTU3	P0DSE1
P0DTU3	P01849
P0DTU3	A0A0A6YYC5
P0DTU3	A0A0A6YYK7
P0DTU3	A0A1B0GX56
P0DTU3	A0A0A6YYK1
P0DTU3	A0A0A6YYJ7
P0DTU3	A0A0B4J244
P0DTU3	P01737
P0DTU3	A0A0B4J262
P0DTU3	A0A0B4J237
P0DTU3	A0A075B6T8
P0DTU3	A0A087WT02
P0DTU3	A0A0K0K1B3
Q6AYE8	Q6AYE8
Q6AYE8	Q5T4W7
Q6AYE8	Q9Z0L2
Q6AYE8	O60542
Q6AYE8	O70301
Q6AYE8	O70300
Q4KLG2	Q4KLG2
Q4KLG2	Q75N62
Q4KLG2	Q8ND71
Q4KLG2	Q8K3L6
Q4KLG2	Q8BWF2
Q4KLG2	Q99MI6
Q4KLG2	G3X987
Q4KLG2	A0A087WTJ2
Q4KLG2	Q96F15
Q4KLG2	Q96F15-2
Q4KLG2	Q9UG22
Q4KLG2	Q8NHV1
Q4KLG2	Q5BK45
Q4KLG2	Q8R379
Q4KLG2	Q9NUV9
Q4KLG2	Q8K3K9
Q4KLG2	Q99JY3
Q4KLG2	Q8K349
Q4KLG2	Q5FVN6
Q4KLG2	Q6P9H5
Q4KLG2	Q8WWP7
Q4KLG2	Q0R3W8
Q4KLG2	P70224
Q15008-4	Q15008-4
Q15008-4	Q6PCT9
Q15008-4	Q99JI4
Q15008-4	Q15008
P24392	P24392
P24392	P28328
P24392	P55098
D3ZER2	D3ZER2
D3ZER2	Q28177
D3ZER2	Q6NVD9
D3ZER2	Q13515
D3Z8D9	D3Z8D9
D3Z8D9	Q9UI95
D3Z8D9	Q9D752
Q80WY6	Q80WY6
Q80WY6	P25119
Q80WY6	P20333
Q4QR77	Q4QR77
Q4QR77	Q9D4K5
Q4QR77	Q6J272
Q9UGM3-6	Q9UGM3-6
Q9UGM3-6	Q9UGM3
Q9UGM3-6	Q60997
Q9UGM3-6	Q8CIZ5
Q9UGM3-6	A1L4H1
Q9UGM3-6	Q8BV57
Q9UGM3-6	Q9NR16-4
Q9UGM3-6	Q9NR16
Q9UGM3-6	Q86VB7-2
Q9UGM3-6	Q86VB7-3
Q9UGM3-6	Q86VB7
Q9UGM3-6	XP_001053279
Q9UGM3-6	XP_219319
Q9UGM3-6	P58022
Q9UGM3-6	Q9Y4K0
Q9UGM3-6	B5DF27
Q9UGM3-6	D3ZP82
Q9UGM3-6	P58215
Q9UGM3-6	Q9Z175
Q9UGM3-6	Q924C6
Q9UGM3-6	Q96JB6
Q9UGM3-6	D4AEN2
Q9UGM3-6	Q8CGY7
Q9UGM3-6	O43866
Q9UGM3-6	P30205
Q9UGM3-6	Q4G0T1
Q9UGM3-6	P30203
Q9UGM3-6	Q61003
Q9UGM3-6	A1L0T3
Q9UGM3-6	Q8WTU2
Q9UGM3-6	Q9QWK4
Q9UGM3-6	Q2VLH6
Q9UGM3-6	XP_001080481
Q9UGM3-6	Q9QZT0
Q9UGM3-6	Q86UP6
Q9UGM3-6	P70412
Q6ICL3-4	Q6ICL3-4
Q6ICL3-4	Q6ICL3
Q6ICL3-4	P54797
P22794-2	P22794-2
P22794-2	P22794
P22794-2	P20934
P22794-2	Q5HZW9
Q13228-4	Q13228-4
Q13228-4	Q63836
Q13228-4	Q8VIF7
Q13228-4	P17563
Q13228-4	Q13228
Q8WZA0-2	Q8WZA0-2
Q8WZA0-2	Q5PQN7
Q8WZA0-2	Q8K3C3
Q8WZA0-2	Q8WZA0
Q9NQG7-4	Q9NQG7-4
Q9NQG7-4	Q9NQG7-3
Q9NQG7-4	B5DF28
Q9NQG7-4	Q9NQG7
Q9NQG7-4	Q99KG7
Q8NA56-2	Q8NA56-2
Q8NA56-2	Q80VM3
Q8NA56-2	Q8NA56
Q8NA56-2	Q6AYP3
XP_038944718	XP_038944718
XP_038944718	B2GV72
XP_038944718	XP_359206
XP_038944718	P48758
XP_038944718	P16152
XP_038944718	P47727
XP_038944718	Q8K354
XP_038944718	O75828
F1MAQ4	F1MAQ4
F1MAQ4	P48553
F1MAQ4	Q3TLI0
D4A9X9	D4A9X9
D4A9X9	Q9ESN5
D4A9X9	Q9BS16
Q5M7U2	Q5M7U2
Q5M7U2	O43913
Q5M7U2	Q9WUV0
D4A197	D4A197
D4A197	Q96PE7
D4A197	Q9D1I5
A6NHQ2	A6NHQ2
A6NHQ2	P22087
A6NHQ2	Q80WS3
A6NHQ2	P22509
A6NHQ2	P35550
Q9H019	Q9H019
Q9H019	Q5XII9
Q9H019	Q3ZBW7
Q9H019	Q9CWE0
Q9H019	Q9H019-2
Q9H019	Q9H019-3
Q8BU36	Q8BU36
Q8BU36	O75486
Q8BU36	XP_001064890
Q8BU36	P61216
Q8BU36	Q15543
Q66H34	Q66H34
Q66H34	Q6ZPR1
Q66H34	Q9P2B7
O60393	O60393
O60393	Q8VIH1
Q15544	Q15544
Q15544	Q5U1X0
Q15544	Q99JX1
Q15544	P0DW14
Q15544	A0A1W2PPE2
Q15544	P0DW12
Q15544	A0A1W2PPH5
Q15544	A0A1W2PP81
Q15544	A0A1W2PRV1
Q15544	A0A1W2PPL8
Q15544	A0A1W2PQ09
Q15544	A0A1W2PR64
Q15544	P0DW11
Q15544	P0DW13
Q15544	A6NLC8
Q15544	A0A1W2PPW3
Q9P2P1	Q9P2P1
Q9P2P1	Q5DTZ0
Q9P2P1	XP_003751516
Q9P2P1	Q80U38
Q9P2P1	O15037
Q9BSD3	Q9BSD3
Q9BSD3	Q9BSD3-2
Q9BSD3	Q6AY26
Q8N3A8	Q8N3A8
Q8N3A8	Q8N3A8-2
Q8N3A8	F1M9T2
Q8N3A8	Q3UD82
Q8N3A8	Q2NL67
Q8N3A8	Q6P6P7
Q96KJ4	Q96KJ4
Q96KJ4	Q8C160
Q9Z2Y3	Q9Z2Y3
Q9Z2Y3	Q86YM7-3
Q9Z2Y3	Q86YM7-2
Q9Z2Y3	Q9Z214
Q9Z2Y3	Q86YM7
Q9Z2Y3	Q9Z2X5
Q9Z2Y3	Q9NSC5
Q9Z2Y3	Q99JP6-2
Q9Z2Y3	Q9NSC5-2
Q9Z2Y3	Q99JP6
Q9Z2Y3	Q9NSC5-5
Q9Z2Y3	O88801
Q9Z2Y3	Q9NSB8
Q9Z2Y3	Q9QWW1
Q9Z2Y3	Q9NSB8-2
Q6X4T0	Q6X4T0
Q3UM29	Q3UM29
Q3UM29	Q3T1G7
Q3UM29	P83436
Q96HS1	Q96HS1
Q96HS1	Q8BX10
Q96HS1	Q562B5
Q96HS1	Q8BX10-2
A4FU69	A4FU69
A4FU69	A0JP43
Q8R1S9	Q8R1S9
Q8R1S9	Q969I6
Q8R1S9	Q9EQ25
Q8R1S9	Q96QD8
Q8R1S9	Q8CFE6
Q8R1S9	Q9JM15
Q8R1S9	Q8K2P7
Q8R1S9	Q9JHE5
Q8R1S9	Q9DCP2
Q8R1S9	Q9JHZ9
Q8R1S9	Q99624
Q8R1S9	Q9H2H9
Q8R1S9	A2VCW5
Q8R1S9	Q3U1J0
Q8R1S9	Q8WUX1
Q8R1S9	Q8IZM9-2
Q8R1S9	Q8IZM9
Q8R1S9	G3UVW3
Q8R1S9	Q6WWW3
Q9Y255	Q9Y255
Q9Y255	Q5M829
Q9Y255	Q8R107
Q9NQT4	Q9NQT4
Q9NQT4	Q9CRA8
Q9NQT4	F1LSX7
Q02388	Q02388
Q02388	Q63870
Q02388	P02461
Q02388	P08121
Q02388	P13941
Q02388	Q8NFW1
Q02388	E9Q7P1
Q02388	XP_243609
Q02388	Q07092
Q02388	Q8BLX7
Q02388	Q14993
Q02388	Q0VF58
Q02388	Q2UY11
Q02388	Q2UY09
Q02388	Q02788
Q02388	F1LNH3
Q02388	P12110
Q02388	P12110-2
Q02388	Q5TAT6-8
Q9BXU3	Q9BXU3
Q9BXU3	NP_080745
Q9BXU3	D3ZP85
Q9BXU3	Q9BXU2
Q9D176	Q9D176
Q9D176	Q96L08
P20585	P20585
P20585	XP_001065837
P20585	P13705
Q8N9N2	Q8N9N2
Q8N9N2	Q8N9N2-2
Q8N9N2	Q9D8Z1
Q8N9N2	XP_006256466
E9Q3M9	E9Q3M9
E9Q3M9	XP_237064
E9Q3M9	Q6NV74
Q8QZY1	Q8QZY1
Q8QZY1	Q9Y262-2
Q8QZY1	Q9Y262
Q8QZY1	Q498D2
P13569	P13569
P13569	P13569-3
P13569	P13569-2
P13569	P34158
P13569	P26361
P17433	P17433
P17433	P17947-2
P17433	Q6BDS1
P17433	P17947
P17433	Q5EBA3
P17433	Q01892
P17433	O35906
Q7RTN6	Q7RTN6
Q7RTN6	Q3UUJ4
Q7RTN6	Q7TNZ6
Q7RTN6	Q7RTN6-2
Q7RTN6	Q9C0K7
Q7RTN6	Q8K4T3
Q01433	Q01433
Q01433	Q02356
Q01433	Q9DBT5
Q01433	Q01433-2
Q01433	P23109
Q01433	Q3V1D3
Q01433	P10759
Q01433	Q01432-4
Q01433	O08739
Q01433	Q01432
Q01433	Q01432-5
Q01433	O09178
Q7Z5J4	Q7Z5J4
Q7Z5J4	Q7Z5J4-3
Q7Z5J4	Q7Z5J4-2
Q7Z5J4	Q61818
Q7Z5J4	D4A4Z4
Q9Z204	Q9Z204
Q9Z204	P07910
Q9Z204	G3V9R8
Q9Z204	Q86SE5-3
Q9Z204	Q86SE5
Q9Z204	Q8BTF8
Q9Z204	Q86SE5-2
Q9Z204	B2RXH8
Q9Z204	P0DMR1
Q9Z204	B7ZW38
Q9Z204	O60812
Q9Z204	Q9Z204-3
Q9Z204	NP_001264531
Q9Z204	Q5PQR0
Q9Z204	Q64012
Q9Z204	Q64012-2
Q9Z204	Q9UKM9
Q9Z204	NP_001264530
Q9Z204	Q9Z204-2
Q9Z204	P07910-2
Q9Z204	P07910-4
Q9Z204	Q9UKM9-2
Q9Z204	Q8BTF8-2
Q9EPK8	Q9EPK8
Q9EPK8	Q9HBA0
Q9EPK8	Q9ERZ8
Q9EPK8	Q8K424
Q9EPK8	E9PU00
Q9EPK8	Q8NET8
Q9EPK8	Q9Y5S1
Q9EPK8	Q9WUD2
Q9EPK8	Q9WTR1
Q9EPK8	Q704Y3
Q9EPK8	O35433
Q9EPK8	Q8NER1
Q9EPK8	Q9R186
Q9EPK8	Q9JIP0
Q9EPK8	Q91WD2
Q9EPK8	P69744
Q9EPK8	Q9NQA5
Q9EPK8	Q9XSM3
Q9EPK8	Q9H1D0
Q9EQ32	Q9EQ32
Q9EQ32	F1LXQ8
Q9EQ32	Q9DDT2
Q9EQ32	Q6ZUJ8
P97793	P97793
P97793	AAA58698
P97793	Q9UM73
P97793	P29376
P97793	P08923
P13726	P13726
P13726	P42533
P13726	P20352
Q9Y6D9	Q9Y6D9
Q9Y6D9	D3ZIV3
Q9Y6D9	Q9WTX8
O88879	O88879
O88879	O14727
O88879	O14727-6
O88879	O14727-4
O88879	Q9EPV5
O88879	Q6PE01
O88879	Q96DI7
O88879	NP_001128028
P97351	P97351
P97351	P61247
P97351	P49242
Q8VHY0	Q8VHY0
Q8VHY0	Q00657
Q8VHY0	Q6UVK1
Q53ET0	Q53ET0
Q53ET0	Q3LRZ1
Q53ET0	Q3U182
Q53ET0	Q91X84
Q53ET0	Q6UUV7
Q53ET0	Q6UUV7-3
Q53ET0	XP_001066604
Q53ET0	Q6UUV9-2
Q53ET0	Q6UUV9-3
Q53ET0	Q6UUV9
Q53ET0	Q157S1
Q53ET0	Q68ED7
Q9UPZ9	Q9UPZ9
Q9UPZ9	Q62726
Q9UPZ9	Q9UPZ9-2
Q9UPZ9	Q9JKV2
Q9UPZ9	P20794
Q9UPZ9	P20793
Q9UPZ9	Q04859
Q9JMG1	Q9JMG1
Q9JMG1	O60869-2
Q9JMG1	P69736
Q9JMG1	O60869
P15918	P15918
P15918	G3V6K9
P15918	P15919
O00339	O00339
O00339	O00339-2
O00339	O08746
O00339	D3ZMS3
O00339	O89029
O00339	O95460
O00339	O15232
O00339	O35701
Q9NV31	Q9NV31
Q9NV31	Q921Y2
Q9NV31	B2RZ12
Q9BPX5	Q9BPX5
Q9BPX5	Q9CPW4
Q9BPX5	Q9D898
Q9BPX5	O15511
Q9BPX5	Q4KLF8
Q9BPX5	A1L108
Q9BPX5	Q3SYX9
Q14781	Q14781
Q14781	P30658
Q14781	M0RE14
Q14781	P45973
Q14781	B2RYU7
Q14781	Q61686
Q14781	D4A3T3
Q14781	P83916
Q14781	P83917
Q14781	P23198
Q14781	Q13185
Q14781	Q5RJK5
Q059Y8	Q059Y8
Q059Y8	Q5T197
XP_213687	XP_213687
XP_213687	Q8CJ91
XP_213687	Q9NNX6
XP_213687	Q9H2X3
XP_213687	Q9NNX6-7
XP_213687	Q9NNX6-6
XP_213687	Q9H2X3-5
XP_213687	Q9NNX6-10
XP_213687	Q91ZW7
XP_213687	Q91ZW8
XP_213687	Q91ZX1
XP_213687	Q91ZW9
XP_213687	Q9BXN2
XP_213687	Q9BXN2-3
XP_213687	Q9BXN2-9
XP_213687	Q6QLQ4
XP_213687	G3UVT9
XP_213687	Q9ULY5
XP_213687	Q67EQ1
XP_213687	Q9R0Q8
XP_213687	Q8IUN9
XP_213687	P08290
XP_213687	P24721
XP_213687	P07307
XP_213687	P07306
XP_213687	P02706
XP_213687	P34927
XP_213687	P49301
XP_213687	P49300
XP_213687	Q8WXI8
XP_213687	P20693
XP_213687	P06734
XP_213687	P39039
XP_213687	P19999
Q9UG56	Q9UG56
Q9UG56	D3ZAW2
Q9UG56	Q8BSF4
Q8NDY4	Q8NDY4
P43345	P43345
P43345	P31314
P43345	O43711
P43345	O55144
P43345	O43763
P43345	Q61663
XP_228801	XP_228801
XP_228801	Q61142
XP_228801	Q99865
XP_228801	Q6NVE3
XP_228801	Q9Y657
XP_228801	Q5JUX0
XP_228801	Q4V8J7
XP_228801	Q3TQU2
XP_228801	Q9BPZ2
XP_228801	M0R487
XP_228801	P13675
XP_228801	XP_144574
XP_228801	J3QPJ2
XP_228801	Q5M8R5
XP_228801	J3QPZ4
XP_228801	NP_001388046
XP_228801	Q8K1L2
XP_228801	Q56A73
XP_228801	XP_001475009
Q969S9	Q969S9
Q969S9	Q8R2Q4
Q969S9	Q5BJP6
Q969S9	Q96RP9-2
Q969S9	Q8K0D5
Q969S9	Q96RP9
Q969S9	Q07803
Q96BJ3	Q96BJ3
Q96BJ3	Q8C4Q6
Q96BJ3	B1WBV1
Q8K114	Q8K114
Q8K114	Q9NV88
Q8K114	F1M365
Q9NZ20	Q9NZ20
Q9NZ20	D3ZGN6
Q9NZ20	Q8BZT7
Q96D42	Q96D42
Q96D42	Q5FVR0
Q96D42	Q5QNS5
Q96D42	Q8R183
Q96D42	O54947
Q8NES3	Q8NES3
Q8NES3	O09010
Q8NES3	Q8NES3-4
Q8NES3	Q924T4
Q8NES3	Q9R1U9
Q8NES3	Q9Y644
Q8NES3	O09009
Q8NES3	O00587
Q8NES3	O09008
Q8C2E7	Q8C2E7
Q8C2E7	F1M1B3
Q8C2E7	Q12768
Q53FT3	Q53FT3
Q53FT3	Q5M808
Q53FT3	Q9DD02
P61599	P61599
P61599	P61600
P61599	XP_006235217
Q13394	Q13394
Q13394	O70299
Q13394	Q8BPP1
Q13394	Q9Y586
B2RR83	B2RR83
B2RR83	D3ZIV8
B2RR83	Q9H6S0
B2RR83	O70133-2
B2RR83	D4A9D6
B2RR83	Q08211
B2RR83	O70133
B2RR83	Q7Z478
B2RR83	NP_001193063
B2RR83	D3ZHW0
B2RR83	Q6PGC1
B2RR83	NP_001178836
B2RR83	Q6P5D3
B2RR83	O35286
B2RR83	O43143
B2RR83	D3ZD97
B2RR83	Q9H2U1
B2RR83	Q9H2U1-2
B2RR83	Q9H2U1-3
B2RR83	D4A2Z8
B2RR83	Q8VHK9
B2RR83	Q6P158
Q8IVS2	Q8IVS2
Q8IVS2	D3ZPF2
Q8IVS2	Q8IVS2-2
Q8IVS2	Q8R3F5
Q6NVE9	Q6NVE9
Q6NVE9	Q8NI37
Q6NVE9	D4A520
Q9Y399	Q9Y399
Q9Y399	Q924T2
Q9Y399	NP_001102046
Q5T6V5	Q5T6V5
Q5T6V5	G3X8U3
Q5T6V5	F7FM32
B1AVZ5	B1AVZ5
B1AVZ5	A2BI02
B1AVZ5	B1AZM2
B1AVZ5	Q63409
Q3UPR7	Q3UPR7
Q3UPR7	XP_008766123
Q3UPR7	Q8N9M5
P55095	P55095
P55095	P01275
P55095	P06883
Q9NSK7	Q9NSK7
Q9NSK7	Q8WUR0
Q9NSK7	D3ZWS2
Q9BV23	Q9BV23
Q9BV23	Q8R2Y0
Q9BV23	Q5XI64
Q692V3	Q692V3
Q692V3	Q6P3V7
Q692V3	Q6P2S7
Q8CBY0	Q8CBY0
Q8CBY0	O43716
Q8CBY0	D3ZY68
O88968	O88968
O88968	Q9R0D6
O88968	P20062
Q8NBF4	Q8NBF4
Q16612-2	Q16612-2
Q16612-2	Q16612
Q16612-2	Q07475
Q16612-2	Q80Z34
Q3KNY5	Q3KNY5
Q3KNY5	A6NNX1
Q8CER3	Q8CER3
Q6ZNF0	Q6ZNF0
Q6ZNF0	Q8BX37
Q9BT56	Q9BT56
Q9BT56	D3Z752
Q9BT56	M0R8L2
Q8CDG5	Q8CDG5
Q8CDG5	Q8IUR6
Q8N690-2	Q8N690-2
Q8N690-2	Q8N690
Q9Y3Y4	Q9Y3Y4
Q9Y3Y4	Q9D0P5
Q9Y3Y4	Q9Y3Y4-2
Q9Y3Y4	Q9BRQ0
Q9Y3Y4	B5DFG8
Q9Y3Y4	Q80V76
Q99L28	Q99L28
Q99L28	Q9UHA3
Q99L28	Q6P6G7
Q99L28	Q862I1
Q99L28	P83731
Q99L28	P83732
Q99L28	Q8BP67
A6NHT5	A6NHT5
A6NHT5	P42581
A6NHT5	D4A585
Q8TE49-2	Q8TE49-2
Q8TE49-2	D4ABZ4
Q8TE49-2	Q8TE49
Q8TE49-2	Q6GQQ9
Q8TE49-2	Q6GQQ9-2
Q8TE49-2	B2RUR8
Q8TE49-2	D3ZH40
Q8TE49-2	Q8R554
B2GV25	B2GV25
B2GV25	Q7TSA6
B2GV25	Q2NL68
Q15013-3	Q15013-3
Q15013-3	Q9DCX1
Q15013-3	Q15013
Q15013-3	Q5I0J2
Q9NVV2	Q9NVV2
Q8NG35	Q8NG35
Q8NG35	Q8K4N3
Q8NG35	Q32ZH9
Q8NG35	Q30KQ1
Q107X0	Q107X0
Q6ZWC4	Q6ZWC4
P59090	P59090
Q6ZUT4	Q6ZUT4
Q7Z769	Q7Z769
Q7Z769	Q6PGC7
Q7Z769	B2GUZ8
Q5JS37	Q5JS37
Q5JS37	Q8CCH2
Q5JS37	XP_017446745
Q6ZSV7	Q6ZSV7
Q96EZ4	Q96EZ4
Q969E1	Q969E1
Q969E1	Q91V13
F1LSG8	F1LSG8
F1LSG8	Q96JG6-3
F1LSG8	Q8CI71
F1LSG8	Q96JG6
Q03248	Q03248
Q03248	Q9UBR1
Q03248	Q8VC97
P41739	P41739
P41739	P27540
P41739	P27540-2
P41739	P53762
P41739	Q9HBZ2
P41739	Q78E60
P41739	Q61324
P41739	Q9I8T7
P41739	Q9WTL8-4
P41739	Q9EPW1
P41739	Q9WTL8
P41739	O00327
P41739	O00327-8
P41739	Q8WYA1
P41739	O00327-3
P41739	Q2VPD4
P41739	NP_596882
Q9D0B5	Q9D0B5
Q9D0B5	H0UI37
Q9D0B5	Q3SWT2
Q9D0B5	Q8NFU3-4
Q9D0B5	Q8NFU3
G5E8W5	G5E8W5
Q8CDN2	Q8CDN2
A2BH01	A2BH01
A2BH01	NP_001119789
Q8C3L0	Q8C3L0
Q01078	Q01078
Q01078	P0C7V8
Q01078	A6NGE4
Q01078	Q5U2M6
Q01078	Q8N7N5
Q01078	Q5TAQ9
Q8TEE9	Q8TEE9
Q8TEE9	Q1EHW4
P49848-3	P49848-3
P49848-3	Q63801
P49848-3	Q62311
P49848-3	P49848
P49848-3	P49848-2
B1WBY5	B1WBY5
B1WBY5	Q9NVH1-3
B1WBY5	Q9NVH1
B1WBY5	Q5U458
Q5JX71	Q5JX71
Q5JX71	D3ZKD8
Q5JX71	Q5JX69
Q5JX71	A2APA5
O35982	O35982
P03230	P03230
P55327-6	P55327-6
P55327-6	P55327-4
P55327-6	P55327-5
P55327-6	P55327-7
P55327-6	P55327-2
P55327-6	P55327
P55327-6	F8WHQ1
P55327-6	Q62393
P55327-6	F1MAB9
P55327-6	B2RUC1
P55327-6	Q16890-2
P55327-6	Q16890
P55327-6	O54818
P55327-6	Q499Q2
P55327-6	E9PUA7
P55327-6	G3MWH1
P55327-6	O43399-4
P55327-6	Q9CZ22
P55327-6	Q9CYZ2
P55327-6	Q6PCT3
P55327-6	O43399
P55327-6	O43399-5
P55327-6	O43399-3
P55327-6	O43399-2
P55327-6	Q3TUJ9
P55327-6	O43399-7
P55327-6	A2AUD5
P55327-6	Q9CQ14
P55327-6	Q96J77
P55327-6	D3ZQZ6
A6NC86-2	A6NC86-2
A6NC86-2	A6NC86
A6NC86-2	Q9CQD7
P93830	P93830
Q5PPJ6	Q5PPJ6
Q5PPJ6	Q8BMJ2
Q5PPJ6	Q9P2J5
Q9EQH5-2	Q9EQH5-2
Q9EQH5-2	Q9EQH5
Q9EQH5-2	P56546
Q9EQH5-2	P56545
Q9EQH5-2	O88712
Q9EQH5-2	Q13363
Q9EQH5-2	Q13363-2
Q9EQH5-2	P56545-2
Q9EQH5-2	P56546-2
Q9EQH5-2	Q9Z2F5
Q9EQH5-2	O08651
Q9EQH5-2	O43175
Q9EQH5-2	Q61753
Q6AXV9	Q6AXV9
Q6AXV9	Q9H4Y5
Q6AXV9	Q8K2Q2
Q6AXV9	Q9Z339
Q6AXV9	P78417-3
Q6AXV9	O09131
Q6AXV9	P78417
Q5SZL2-4	Q5SZL2-4
Q5SZL2-4	Q5SZL2
Q5SZL2-4	A0A1W2P884
Q5SZL2-4	A0A0G2JUV7
Q5SZL2-4	Q6P2H3-2
Q5SZL2-4	Q6P2H3-4
Q5SZL2-4	Q8BMK0
Q5SZL2-4	Q6P2H3
Q5SZL2-4	Q6P2H3-3
P36269-3	P36269-3
P36269-3	P36269
P36269-3	Q9Z2A9
P36269-3	Q9QWE9
P36269-3	P36268-3
P36269-3	B5MD39
P36269-3	P36268
P36269-3	P07314
P36269-3	Q9BX51
P36269-3	P19440
P36269-3	Q60928
P36269-3	A6NGU5
P36269-3	Q14390
Q04727-3	Q04727-3
Q04727-3	Q62440
Q04727-3	Q08117-2
Q04727-3	P63003
Q04727-3	Q04727
Q04727-3	Q07141
Q04727-3	Q08117
Q04727-3	Q62441
Q04727-3	P63002
Q04727-3	NP_001166904
Q04727-3	Q08122-2
Q04727-3	Q9JIT3
Q04727-3	Q04726
Q04727-3	Q08122
Q04727-3	Q04724
Q04727-3	Q04726-2
Q04727-3	Q9WVB2
Q04727-3	Q04725
Q04727-3	Q04726-3
Q04727-3	A0A1W2PR48
Q04727-3	Q9WVB3
Q04727-3	Q9H808
Q13126-2	Q13126-2
Q13126-2	Q9CQ65
Q13126-2	Q13126
Q13126-2	NP_001380978
Q96LB4-4	Q96LB4-4
Q96LB4-4	Q96LB4
Q96LB4-4	Q8BMC1
Q96LB4-4	Q96LB4-3
Q96LB4-4	D3ZTZ4
Q96LB4-4	O75348
Q96LB4-4	Q9CR51
Q96LB4-4	B2GUV5
Q96LB4-4	O95670
Q96LB4-4	Q9WTT4
Q96LB4-4	Q8R2H0
Q9Y5Q8-3	Q9Y5Q8-3
Q9Y5Q8-3	Q8R2T8
Q9Y5Q8-3	Q9Y5Q8
Q9Y5Q8-3	A1L1K6
Q96JY6-5	Q96JY6-5
Q96JY6-5	Q96JY6
Q96JY6-5	Q96JY6-3
Q96JY6-5	Q6AYD6
Q96JY6-5	Q8R1G6
Q96JY6-5	Q3T0C8
Q96JY6-5	Q53GG5
Q96JY6-5	Q53GG5-3
Q96JY6-5	NP_446102
Q96JY6-5	Q53GG5-2
Q96JY6-5	O70209
O15533-3	O15533-3
O15533-3	O15533
O15533-3	Q99JC6
O15533-3	Q9R233
B2RZA5	B2RZA5
B2RZA5	Q9D820
B2RZA5	A6NEY8
D3ZNX0	D3ZNX0
D3ZNX0	Q9Y597
D3ZNX0	Q8BFX3
D3ZNX0	Q8TBC3
D3ZNX0	Q8TBC3-2
D3ZNX0	Q6P7W2
D3ZNX0	P0C5J9
D3ZUN5	D3ZUN5
D3ZUN5	Q8VHI3
D3ZUN5	Q9Y2G5
B7Z3J9	B7Z3J9
Q6QI56	Q6QI56
Q6QI56	Q9EQU5
Q6QI56	Q63945
Q6QI56	Q01105
Q6QI56	Q63945-2
Q6QI56	P0DME0
Q6QI56	Q9EQU5-2
Q6QI56	Q01105-2
B4F778	B4F778
B4F778	P35249
B4F778	Q99J62
B4F778	P40937
B4F778	B5DF29
B4F778	Q9D0F6
B4F778	P35250
B4F778	P35250-2
B4F778	Q9WUK4
B4F778	Q641W4
B4F778	P40938
B4F778	P40938-2
B4F778	Q5M830
B4F778	Q8R323
P04917	P04917
P04917	P13609
P04917	P10124
G3V6N5	G3V6N5
G3V6N5	Q8N755
G3V6N5	Q8C6U2
D3ZIA7	D3ZIA7
D3ZIA7	O88312
D3ZIA7	O95994
D3ZIA7	Q8TD06
D3ZIA7	D3ZIF1
D3ZIA7	Q8R3W7
D3ZIA7	O95881
D3ZIA7	Q498E0
D3ZIA7	Q9CQU0
Q6AY47	Q6AY47
Q6AY47	Q9BVA6
Q6AY47	Q8BIX9
Q6P6S5	Q6P6S5
Q6P6S5	Q8K0D7
Q6P6S5	O00258
Q9JJ46	Q9JJ46
Q9JJ46	Q15125
Q9JJ46	P70245
Q9JJ46	Q9BY08
Q9JJ46	Q9D0P0
O88969	O88969
O88969	O60676
O88969	P32766
O88969	Q80ZN5
O88969	D3ZNB1
O88969	Q9D269
O88969	Q8K5A3
O88969	P19313
O88969	Q9H112
P58428	P58428
P58428	Q9DBM0
P58428	Q9H221
P58428	Q99PE8
P58428	Q99PE7
P58428	Q9H222
Q5PQN2	Q5PQN2
Q5PQN2	Q8R079
Q5PQN2	Q9NZS9
P21816	P21816
P21816	Q16878
P21816	P60334
D3ZE85	D3ZE85
D3ZE85	Q9P0K9
D3ZE85	B1AXV0
P43424	P43424
P43424	P07902
P43424	Q03249
Q8N1H7	Q8N1H7
Q8N1H7	Q9CTN5
O35926	O35926
O35926	Q13319
O35926	F1M491
O35926	P61810
O35926	P61809
O35926	Q15078
P56589	P56589
P56589	Q9QXY9
P56589	Q9JJK4
O75603	O75603
O75603	O09102
O75603	Q9Z288
O75603	P70348
O75603	Q9NP62
Q96MT8	Q96MT8
Q96MT8	Q96MT8-3
Q96MT8	Q96MT8-4
Q96MT8	Q96MT8-2
Q96MT8	Q3UPP8
Q96MT8	Q4KLY0
Q96MT8	Q3UPP8-3
Q96MT8	Q05D60
Q96MT8	Q5U3Z6
Q96MT8	Q7M6Y5
Q9DD18	Q9DD18
Q9DD18	Q8TEA8
Q9DD18	B0K014
Q5T447	Q5T447
Q5T447	Q3U487
Q5T447	F1LVZ9
Q96MW7	Q96MW7
Q96MW7	B2RD01
Q6S8J3	Q6S8J3
Q6S8J3	B2RU33
Q6S8J3	Q8BFZ3
Q6S8J3	P60712
Q6S8J3	P62737
Q6S8J3	H3BUK9
Q6S8J3	Q562R1
Q6S8J3	P68135
Q6S8J3	P60710
Q6S8J3	A0A0A6YYL3
Q6S8J3	P68032
Q6S8J3	P0CG38
Q6S8J3	P68033
Q6S8J3	P68035
Q6S8J3	P62736
Q6S8J3	P0CG39
Q6S8J3	P63267
Q6S8J3	Q9BYX7
Q6S8J3	A5A3E0
Q6S8J3	Q6S5H5-4
Q6S8J3	A0JP26
Q6S8J3	A6NI47
Q6S8J3	P62738
Q6S8J3	Q6S5H5
Q6S8J3	P60711
Q6S8J3	Q6S545
Q6S8J3	P60709
Q6S8J3	Q86YR6
Q6S8J3	P68136
Q6S8J3	P68134
Q6S8J3	P63268
Q6S8J3	P68133
Q6S8J3	P63259
Q6S8J3	P63260
Q6S8J3	P63269
Q6S8J3	D3ZRN3
Q6S8J3	P63261
Q6S8J3	Q562R6
Q6S8J3	Q5XIK1
Q6S8J3	Q9D9J3
Q6S8J3	P61164
Q6S8J3	B2RYJ7
Q6S8J3	P85515
Q6S8J3	Q8R5C5
Q6S8J3	P61163
Q6S8J3	P42025
Q6S8J3	Q9D9L5
Q6S8J3	Q5XIK3
Q6S8J3	Q8TDG2
Q6S8J3	Q8TDY3
Q6S8J3	Q9QY83
Q6S8J3	Q9Y614
Q6S8J3	Q4QR76
Q6S8J3	Q99JY9
Q6S8J3	Q4V7C7
Q6S8J3	P61158
Q6S8J3	Q9P1U1-2
Q6S8J3	Q641P0
Q6S8J3	Q9P1U1
Q6S8J3	NP_001178789
Q6S8J3	P61157
Q6S8J3	Q9C0K3
Q6S8J3	O96019
Q6S8J3	Q99MR0
Q6S8J3	P86173
Q6S8J3	O94805
Q6S8J3	Q4KM87
Q6S8J3	Q9Z2N8
Q6S8J3	Q9BYD9
Q6S8J3	Q8BXF8
Q6S8J3	Q9H568
O15504	O15504
O15504	D3ZHV0
O15504	Q8CIC2
O15504	O15504-2
Q56P03	Q56P03
Q56P03	Q5BU09
Q56P03	B5DF09
P40337	P40337
P40337	P40337-2
P40337	P40337-3
P40337	P40338
P40337	Q64259
P40337	Q6RSH7
E9PYA2	E9PYA2
E9PYA2	Q80VN0
E9PYA2	Q494V2
E9PYA2	Q8CDN8
E9PYA2	Q502W7
A4D1E1	A4D1E1
Q69Z69	Q69Z69
Q69Z69	Q5FWF5
Q69Z69	Q56NI9
Q69Z69	Q8CIB9
Q69Z69	D4ABF1
Q8N715	Q8N715
Q8N715	Q3V118
Q8N715	F1LST7
Q9ULL5	Q9ULL5
Q9ULL5	Q9ULL5-2
Q9ULL5	E9PYL2
Q9ULL5	ENSRNOP00000038854
Q62009	Q62009
Q62009	Q15063
Q62009	D3ZAF5
Q62009	Q15063-5
Q62009	Q15063-4
Q62009	Q62009-3
Q62009	Q15063-2
Q62009	Q15582
Q62009	P82198
Q9BRF8	Q9BRF8
Q9BRF8	Q8BFS6
Q9BRF8	Q66H71
Q6ZNJ1	Q6ZNJ1
Q6ZNJ1	Q6ZNJ1-2
Q6ZNJ1	XP_001077277
Q6ZNJ1	Q6ZQA0
Q6ZNJ1	XP_038940779
Q6ZNJ1	E9PYP2
Q6ZNJ1	Q6ZS30
Q6ZNJ1	Q6ZS30-1
Q53FE4	Q53FE4
Q53FE4	A0A0G2K1J3
Q53FE4	E9Q3L6
P17813	P17813
P17813	Q63961
Q8IXT5	Q8IXT5
Q8IXT5	D3ZM54
Q8IXT5	Q80YR9
Q8IXT5	Q66JV4
Q8IXT5	Q6XLI7
Q8IXT5	Q8R4X3
Q8IXT5	Q9NTZ6
O15062	O15062
O15062	NP_001100127
O15062	Q7TQG0
O70152	O70152
O70152	O60762
O70152	Q1JQ93
O70152	D4A8N1
Q05920	Q05920
Q05920	P11498
Q05920	P52873
Q05920	Q96RQ3
Q05920	Q5I0C3
Q05920	Q99MR8
Q05920	P14882
Q05920	Q91ZA3
Q05920	P05165
Q9JLN9	Q9JLN9
Q9JLN9	P42346
Q9JLN9	P42345
Q9JLN9	P32600
P19525	P19525
P19525	Q03963
P19525	Q63184
Q80TN5	Q80TN5
Q80TN5	E9PTT0
Q80TN5	Q8IUH5
Q80TN5	Q8IUH4
Q80TN5	Q9CWU2
Q80TN5	NP_001382044
Q80TN5	Q9NPG8
Q80TN5	Q9D6H5
Q80TN5	Q5FVR1
Q80TN5	Q8WVL7
Q80TN5	Q8VE42
Q80TN5	B1WC29
P49917	P49917
P49917	D4A0U6
P49917	Q8BTF7
O43521	O43521
O43521	O43521-3
O43521	O43521-2
O43521	O88498
O43521	O54918
O95453	O95453
O95453	Q8VDG3
O95453	D3ZJM8
O08917	O08917
O08917	Q9Z1E1
O08917	O75955
O08917	Q9Z2S9
O08917	Q60634
O08917	Q14254
Q9R1A8	Q9R1A8
Q9R1A8	Q5BJY0
Q9R1A8	Q8NHY2
Q9R1A8	Q8NHY2-2
Q6JE36	Q6JE36
Q6JE36	Q8BTG7
Q6JE36	Q8BTG7-2
Q6JE36	Q92597-2
Q6JE36	Q9ULP0
Q6JE36	Q92597-3
Q6JE36	Q9ULP0-6
Q6JE36	Q9ULP0-2
Q6JE36	Q9Z2L9
Q6JE36	Q3SYX0
Q6JE36	Q92597
Q6JE36	Q62433
Q6JE36	Q8VBU2
Q6JE36	Q9QYG0
Q6JE36	Q9UN36-2
Q6JE36	Q9UN36
Q6JE36	Q9QYF9
Q6JE36	Q9UGV2
Q6JE36	Q9UGV2-2
Q6JE36	Q9UGV2-3
Q6JE36	Q6AYR2
Q9BPZ7	Q9BPZ7
Q9BPZ7	Q6AYF1
Q9BPZ7	Q8BKH7
Q9BPZ7	Q9BPZ7-2
Q13615	Q13615
Q13615	Q8K296
Q13615	Q5PQT2
Q13615	Q9NYA4
Q13615	D3ZW40
Q13615	Q91XS1
Q13615	Q5XIN4
Q13615	Q9Z2D0
Q13615	Q96QG7
Q13615	Q9Z2C4
Q13615	Q9Z2D1
Q13615	Q6AXQ4
Q13615	D3ZKK5
Q13615	Q9Z2C5
Q13615	Q13496
Q13615	Q13613
Q13615	Q13614
Q13615	D3ZA31
Q13615	Q96EF0
Q13615	Q9Z2C9
Q13615	ENSRNOP00000015625
Q13615	Q9Y216
Q13615	Q9Y217
Q13615	NP_001381640
Q13615	Q8VE11
D3DVV6	D3DVV6
Q8NAE3	Q8NAE3
P59910	P59910
P59910	Q80Y75
Q8C2P3	Q8C2P3
Q8C2P3	Q6P1R4
Q8C2P3	Q8K582
Q8VI02	Q8VI02
Q8VI02	Q8K2V1
Q8VI02	Q9P1A2
Q8VI02	Q8TF05
Q8CC96	Q8CC96
Q8CC96	P0C671
Q8K202	Q8K202
Q8K202	B0BN64
Q8K202	Q9GZS1
Q8K202	Q9GZS1-1
O75556	O75556
O75556	Q13296
O75556	Q9JHB9
O75556	P02780
P04233	P04233
P04233	P04441
P04233	P10247
P04233	P04233-2
Q66K64	Q66K64
Q66K64	Q6PFH3
Q66K64	D3ZFW6
Q9Y5T4	Q9Y5T4
Q9Y5T4	Q78YY6
Q9Y5T4	D3ZCM4
Q9Y5T4	XP_006232321
Q9Y5T4	Q96DA6
Q9Y5T4	Q9CQV7
Q92604	Q92604
Q92604	Q91YX5
Q92604	F1LTX8
Q9QZ04	Q9QZ04
Q9QZ04	Q9UJ55
Q9QZ04	P43360
Q9QZ04	P43365
Q9QZ04	P43356
Q9QZ04	P43357
Q9QZ04	P43361
Q9QZ04	P43355
Q9QZ04	P43358
Q9QZ04	Q96LZ2
Q9QZ04	XP_001063597
Q9QZ04	XP_001063967
Q9QZ04	A8MXT2
Q9P0J7	Q9P0J7
Q9P0J7	B2RZ97
Q9P0J7	Q80UY2
Q9BVL4	Q9BVL4
Q9BVL4	Q9DBC0
Q9BVL4	NP_001078954
A6NNC1	A6NNC1
A6NNC1	Q3SYA9
Q9BXF3	Q9BXF3
Q9BXF3	Q9BXF3-3
Q9BXF3	Q9BXF3-2
Q9BXF3	E9Q2Z1
Q9BSA9	Q9BSA9
Q9BSA9	Q9CXY1
Q9BSA9	Q6AY05
Q4J6C6	Q4J6C6
Q4J6C6	Q8C167
Q4J6C6	Q5HZA6
Q14990	Q14990
Q14990	P21769
Q14990	Q61999
P81277	P81277
P81277	P81278
P81277	G3UWC3
Q9H0C1	Q9H0C1
Q9H0C1	A2BGJ5
Q505G4	Q505G4
Q505G4	Q6ICC9
Q505G4	Q7TPY9
Q505G4	O95751
Q3TT99	Q3TT99
Q3TT99	Q6W3E5
Q3TT99	Q9HCC8-3
Q3TT99	Q9HCC8
Q3TT99	Q9ESM6
Q3TT99	Q640M6
Q3TT99	Q8WTR4
Q969W3-2	Q969W3-2
Q969W3-2	Q969W3
Q969W3-2	Q3KR65
Q969W3-2	A2A6P4
Q969W3-2	Q5XKR9
P60852	P60852
P60852	Q62005
P60852	O54766
P60852	Q8CH34
P60852	Q12836
O00287	O00287
O00287	Q8VCG9
O00287	Q4KM44
Q8IZJ0	Q8IZJ0
Q8IZJ0	Q8IZI9
Q8IZJ0	Q4VK74
Q8IZJ0	Q8CGK6
Q8IZJ0	XP_001065467
Q8IZJ0	Q8IU54
Q8CE33	Q8CE33
Q8CE33	D3ZPJ1
Q8CE33	Q9NVR0
Q8TBZ9	Q8TBZ9
Q8TBZ9	Q9D5W8
Q8TBZ9	A0JPP5
A8MUX0	A8MUX0
A8MUX0	A2A5X5
A8MUX0	M0RDB3
A8MUX0	A8MX34
A8MUX0	A2A5X4
A8MUX0	Q8IUC1
A8MUX0	Q3LI76
A8MUX0	Q3LI83
A8MUX0	G3X9A2
F5H4A9	F5H4A9
F5H4A9	E9Q0B3
P61971	P61971
P61971	P61970
P61971	P61972
F1LU78	F1LU78
F1LU78	Q9GZR1
F1LU78	Q6P7W0
Q3TM80	Q3TM80
Q3TM80	Q8BII3
Q5BKY6	Q5BKY6
Q99K28-2	Q99K28-2
Q99K28-2	Q3MID3
Q99K28-2	Q99K28
Q99K28-2	Q8N6H7
Q99K28-2	Q9D8S3
Q99K28-2	Q9NP61
Q99K28-2	Q4KLN7
A0A0J9YWP8	A0A0J9YWP8
P0C0P8	P0C0P8
P0C0P8	P0C0P6
P0C0P8	P0C0P7
Q5FWU5	Q5FWU5
Q5FWU5	Q6PD29
Q5FWU5	Q8N8E2
XP_001077526	XP_001077526
XP_001077526	J3QNX5
XP_001077526	B8ZZ34
XP_001077526	B8ZZ34-3
XP_001077526	Q8C3Q5
XP_001077526	Q8C3Q5-2
XP_001077526	A6NL88
XP_001077526	D3ZPJ0
XP_001077526	Q9CZN4
XP_001077526	XP_002727746
XP_001077526	B4DS77
XP_001077526	ENSMUSP00000023138
D4A8R0	D4A8R0
D4A8R0	E2RKA8
D4A8R0	P62912
D4A8R0	P62910
D4A8R0	P62911
D4A8R0	NP_001095031
NP_001101857	NP_001101857
NP_001101857	Q9Z2I9
NP_001101857	Q9P2R7
NP_001101857	Q9P2R7-2
NP_001101857	O97580
NP_001101857	Q9Z2I8
NP_001101857	Q96I99
NP_001101857	P53590
NP_001101857	Q499V7
Q5U2Q5	Q5U2Q5
Q5U2Q5	P07742
Q5U2Q5	P23921
Q78PG9	Q78PG9
Q78PG9	Q86WR0
Q78PG9	D4AAU6
P61255	P61255
P61255	P61254
P61255	P12749
P61255	Q9UNX3
Q66JR8	Q66JR8
Q66JR8	P63241-2
Q66JR8	P04550
Q66JR8	P63242
Q66JR8	P20962
Q66JR8	Q9D0J8
Q66JR8	Q6IS14
Q66JR8	Q3T1J1
Q66JR8	P63241
Q66JR8	Q9GZV4
Q66JR8	Q8BGY2
Q9H4R4	Q9H4R4
P02816	P02816
P02816	O70417
P02816	P12273
P56812	P56812
P56812	O14737
P56812	D4ADF5
P56812	NP_001119762
Q8N4P3	Q8N4P3
Q8N4P3	Q9D114
XP_214078	XP_214078
XP_214078	Q921U8
XP_214078	Q921U8-2
XP_214078	B4E229
XP_214078	P53814
XP_214078	P53814-6
XP_214078	P53814-5
XP_214078	Q9D7A0
XP_214078	A8MU46
XP_214078	D3ZWP4
XP_214078	Q99LM3
XP_233485	XP_233485
XP_233485	E9Q532
XP_233485	Q13129
Q3UVC0	Q3UVC0
Q3UVC0	Q6VAB6-2
Q3UVC0	Q6VAB6
Q3UVC0	XP_006249547
Q3UVC0	Q8IVT5
Q3UVC0	Q8IVT5-2
Q3UVC0	Q8IVT5-4
Q3UVC0	D3ZHL1
Q3UVC0	Q61097
Q3TA59	Q3TA59
Q3TA59	Q6AY40
Q3TA59	Q96S16
Q61136	Q61136
Q61136	Q13523
Q61136	Q5RKH1
Q61136	O35492
Q61136	P49761-1
Q61136	P49761
Q61136	Q63117
Q61136	O35491
Q61136	P49760
Q61136	Q5XI98
Q61136	P49760-3
Q61136	P49759-3
Q61136	XP_006246296
Q61136	O35493
Q61136	P22518
Q61136	D4ADG3
Q61136	Q9HAZ1
Q61136	P49759
Q8IWI9	Q8IWI9
Q8IWI9	H3BU53
Q8IWI9	Q8IWI9-3
Q8IWI9	A2AWL7
Q8IWI9	D3ZP58
NP_001163907	NP_001163907
NP_001163907	Q8R4Y8
NP_001163907	Q86VV8
G3V6N7	G3V6N7
G3V6N7	Q9UP95
G3V6N7	Q9UHW9-2
G3V6N7	Q924N4
G3V6N7	Q9UHW9
G3V6N7	Q9UP95-2
G3V6N7	Q924N4-2
G3V6N7	Q9JIS8
G3V6N7	Q63632
G3V6N7	Q63633
G3V6N7	Q91V14
G3V6N7	Q63633-2
G3V6N7	Q91V14-2
G3V6N7	Q9H2X9
G3V6N7	Q9H2X9-2
G3V6N7	Q9Y666
G3V6N7	Q9WVL3
G3V6N7	Q9Y666-2
G3V6N7	Q5RK27
Q3V1N5	Q3V1N5
Q3V1N5	F1M590
Q3V1N5	Q9UBI9
Q96EY8	Q96EY8
Q96EY8	M0R959
Q96EY8	Q9D273
Q13972	Q13972
Q13972	P27671
Q13972	O14827
Q13972	P70392
Q13972	Q99JE4
Q13972	P28818
Q03351	Q03351
Q03351	Q16288
Q03351	Q6VNS1
Q03351	AAH78844
Q03351	Q16288-2
Q03351	Q3UFB7
Q03351	P04629-2
Q03351	P35739
Q03351	P35739-2
Q03351	P04629
Q03351	Q16620-4
Q03351	P15209-2
Q03351	Q16620
Q03351	Q63604
Q03351	P15209
P10749	P10749
P10749	Q63264
P10749	P01584
P10749	Q9D6Z6
P10749	Q9NZH7-2
P10749	D4A6F3
P10749	Q3U0P4
P10749	B0BMY4
P10749	Q9NZH8
P10749	Q9JLA2
P10749	Q9UHA7
O94856	O94856
O94856	P97685
O94856	Q810U3
O94856	O94856-9
O94856	NP_001153788
O94856	O94856-10
O94856	O94856-8
O94856	Q63198
O94856	P12960
O94856	Q12860
O94856	Q92823-5
O94856	Q810U4-3
O94856	Q810U4
O94856	Q92823
O94856	P97686
O94856	Q90933
O94856	P11627
O94856	Q05695-2
O94856	CAM22463
O94856	Q05695
O94856	P32004
O94856	P32004-2
O94856	XP_001077843
O94856	O00533-2
O94856	P70232-2
O94856	P70232
O94856	O00533
Q96RT7	Q96RT7
Q96RT7	Q96RT7-2
Q96RT7	Q96RT7-3
Q96RT7	NP_001102218
Q96RT7	G5E8P0
Q9CXK9	Q9CXK9
Q9CXK9	Q96EV2
Q9CXK9	D3ZTA8
Q9D0F1	Q9D0F1
Q9D0F1	O14777
Q9D0F1	Q76I89
Q9D0F1	NP_001119742
P78332	P78332
P78332	D4ACW0
P78332	O88720
Q8VDV7	Q8VDV7
Q8VDV7	Q8N5T2
P16144	P16144
P16144	P16144-3
P16144	P16144-2
P16144	A2A863
P16144	A2A863-3
P16144	A2A863-2
P16144	Q64632
P16144	P26012
P16144	Q0VBD0
P16144	P05556-3
P16144	P09055
P16144	G3HZ55
P16144	P05556
P16144	P05556-5
P16144	P05556-2
P16144	P09055-2
P16144	P49134
P16144	P07228
P16144	P11835
P16144	B2RYB8
P16144	P05107
P16144	NP_671480
P16144	O70309
P16144	P18084
P16144	P05106
P16144	O54890
P16144	P05106-2
P16144	Q8R2H2
P16144	G3V7M2
P16144	P26010-2
P16144	P26011
P16144	P26010
P16144	P18564
P16144	Q9Z0T9
P16144	Q6AYF4
P16144	Q3UV74
O14976	O14976
O14976	P97874
O14976	Q99KY4
O14976	O75061-2
O14976	Q27974
O14976	Q80TZ3
O14976	O75061
O14976	Q80TZ3-3
O14976	D4A0I5
O14976	O88697
O14976	P57760
O14976	O75716
Q7L591	Q7L591
Q7L591	Q9QZK7
Q7L591	B2RYG7
Q7L591	O70469
Q7L591	O60496
Q7L591	P97465
Q7L591	Q4QQV2
Q7L591	Q99704
Q7L591	Q99704-3
Q9NZQ3	Q9NZQ3
Q9NZQ3	Q9ESJ4
Q9NZQ3	Q9NZQ3-3
Q9NZQ3	D3ZWX4
Q96KG9	Q96KG9
Q96KG9	Q9EQC5
Q96KG9	Q96KG9-2
Q96KG9	Q5M9F8
Q9NZW4	Q9NZW4
Q9NZW4	Q6YBV4
Q9NZW4	P97399
Q9NZW4	Q62598
O75952	O75952
O75952	O75952-2
O75952	O75952-3
O75952	M0R8P3
O75952	Q9D424
Q9HCN8	Q9HCN8
Q9HCN8	D4A4H5
Q9HCN8	Q9ESP1
Q9HCN8	Q99470
Q9HCN8	Q9DCT5
Q9HCN8	D4A9Y0
Q06318	Q06318
Q06318	P17559
Q06318	P11684
Q06318	P02779
A4D2F6	A4D2F6
A4D2F6	Q9BRL6-2
A4D2F6	Q9BRL6
A4D2F6	Q62093
A4D2F6	Q01130
A4D2F6	Q6PDU1
A4D2F6	Q8BL97
A4D2F6	Q8NB80
A4D2F6	Q8BL97-2
A4D2F6	D4A720
A4D2F6	Q16629
A4D2F6	Q16629-2
A4D2F6	P84103
A4D2F6	P84103-2
A4D2F6	P84104
A4D2F6	Q0ZFS8
A4D2F6	Q499V6
A4D2F6	Q9CZ96
A4D2F6	Q8TBF4
A4D2F6	Q9R0U0
A4D2F6	Q3UA07
A4D2F6	O75494-4
A4D2F6	O75494-5
A4D2F6	O75494
A4D2F6	O75494-3
A4D2F6	Q4KM38
A4D2F6	O75494-2
A4D2F6	Q08170
A4D2F6	Q8VE97
A4D2F6	NP_001102155
A4D2F6	Q13247
A4D2F6	Q13247-3
A4D2F6	Q13247-2
A4D2F6	Q13243-2
A4D2F6	Q3TWW8
A4D2F6	G3V6S8
A4D2F6	Q13243
A4D2F6	Q09167
A4D2F6	O35326
A4D2F6	Q13243-3
A4D2F6	Q07955-2
A4D2F6	Q6PDM2
A4D2F6	Q0VCY7
A4D2F6	NP_001103022
A4D2F6	Q07955
A4D2F6	Q9D0B0
A4D2F6	Q5PPI1
A4D2F6	Q13242
P35410	P35410
P35410	P04201
P35410	P12526
P35410	P30554
P35410	Q91ZC1
P35410	Q96LB1
P35410	Q96LB0
P35410	Q96LB2
P35410	Q96LA9
P35410	Q8TDS7
P35410	Q91ZB8
P35410	Q7TN41
P35410	Q7TN44
P35410	Q91ZC0
P35410	Q7TN45
P35410	Q7TN51
P35410	Q86SM8
P35410	Q7TN40
P35410	Q91ZB7
P35410	Q3UG50
P35410	Q8R4G1
P35410	Q8CIP3
P35410	Q91ZB9
P35410	Q3KNA1
P35410	ENSMUSP00000096035
P35410	Q7TN49
P35410	Q91ZC6
P35410	Q91ZC5
P35410	Q91WW2
P35410	Q99MT8
P35410	Q7TN38
P35410	Q7TN39
P35410	Q91ZB5
P35410	Q86SM5
P35410	P23749
P35410	Q96AM1
P35410	Q8VCJ6
Q9H1Q7	Q9H1Q7
Q9H1Q7	Q6P1Z5
Q9H1Q7	Q8BGX1
Q9H1Q7	Q2M1K5
Q9H1Q7	Q96HM7
P08559-4	P08559-4
P08559-4	P08559
P08559-4	P35486
P08559-4	Q06437
P08559-4	P29804
P08559-4	P29803
P08559-4	P35487
P08559-4	P08559-2
P08559-4	P26284
P57057	P57057
P57057	Q8R070
P57057	D3ZS16
P57057	Q8TED4
P57057	Q8TED4-2
P57057	Q9WU81
P57057	Q8NCC5
P57057	Q8NCC5-3
P57057	Q3TIT8
O60384	O60384
Q6ZS72	Q6ZS72
Q8IWD5	Q8IWD5
Q8IWD5	Q8R3N2
Q9CWD0	Q9CWD0
Q9CWD0	Q9H1H1
Q8CE97	Q8CE97
Q8CE97	A8K5M9
P33680	P33680
P33680	Q02747
P33680	P28902
Q8N8Z3	Q8N8Z3
Q9ULC5-3	Q9ULC5-3
Q9ULC5-3	P33124
Q9ULC5-3	P33121
Q9ULC5-3	P33121-3
Q9ULC5-3	Q8JZR0
Q9ULC5-3	P41216
Q9ULC5-3	Q9ULC5
Q9ULC5-3	Q91WC3
Q9ULC5-3	O88813
Q9ULC5-3	P33121-2
Q9ULC5-3	Q9UKU0-1
Q9ULC5-3	P18163
Q9ULC5-3	Q9UKU0-2
Q9ULC5-3	Q9UKU0
Q9ULC5-3	Q9UKU0-8
Q9ULC5-3	Q9CZW4
Q9ULC5-3	Q9QUJ7
Q9ULC5-3	Q63151
Q9ULC5-3	O95573
Q9ULC5-3	O60488
Q9ULC5-3	O35547
Q969L2	Q969L2
Q969L2	Q8BI08
Q969L2	Q7TPB7
Q969L2	Q91X49
Q969L2	Q13021
Q6UX27	Q6UX27
A0A1B0GTR4	A0A1B0GTR4
Q8IYS4	Q8IYS4
Q8IYS4	Q5XIK6
Q8NE22	Q8NE22
Q8NBB2	Q8NBB2
Q96LL3	Q96LL3
Q96LL3	E9Q9R3
A0A075B6V5	A0A075B6V5
Q5RKG6	Q5RKG6
Q5RKG6	Q9UPQ4
Q5RKG6	Q8C006
S4R3N1	S4R3N1
S4R3N1	Q9Y3A3-2
S4R3N1	Q9Y3A3-3
S4R3N1	P61604
S4R3N1	Q64433
S4R3N1	Q9Y3A3
S4R3N1	Q6PEB6
S4R3N1	Q9QYW3
S4R3N1	P26772
S4R3N1	XP_893532
D3ZCQ2	D3ZCQ2
D3ZCQ2	Q2TAA5
D3ZCQ2	Q3TZM9
D4A7G9	D4A7G9
D4A7G9	Q9BV19
D4A7G9	Q5EBG8
Q6AY71	Q6AY71
Q6AY71	Q96NL8
Q6AY71	Q3UJP5
Q8C7B6	Q8C7B6
Q8C7B6	D3ZS59
Q9BRJ7-2	Q9BRJ7-2
Q9BRJ7-2	B0BNG7
Q9BRJ7-2	Q9BRJ7
Q9BRJ7-2	Q8VHN8
Q9BRJ7-2	B2RYV2
Q9BRJ7-2	Q96DE0
Q9BRJ7-2	Q6P3D0
Q9NZ71-2	Q9NZ71-2
Q9NZ71-2	Q5RJZ1
Q9NZ71-2	Q9NZ71
Q9NZ71-2	Q0VGM9
A0A0G2K831	A0A0G2K831
A0A0G2K831	Q8R5F3
A0A0G2K831	Q9Y530
B0BMS9	B0BMS9
B0BMS9	Q9H875
B0BMS9	Q9CWV6
B1WC51	B1WC51
B1WC51	B2RZ99
B1WC51	P61025
B1WC51	P33552
B1WC51	P56390
B1WC51	P61024
Q6P7P8	Q6P7P8
Q6P7P8	P27641
Q6P7P8	P13010
D3ZE91	D3ZE91
D3ZE91	Q7L273
D3ZE91	Q80UN1
Q8R2K8	Q8R2K8
Q8R2K8	Q8WWF1
Q9Y6A9	Q9Y6A9
Q9Y6A9	Q9D958
Q9Y6A9	NP_001124478
Q8N6V4-3	Q8N6V4-3
Q8N6V4-3	Q3KNL4
Q8N6V4-3	Q8N6V4
P67871	P67871
P67871	P67869
P67871	P67874
P67871	P67870
P43359	P43359
P98160	P98160
P98160	XP_017449341
P98160	Q05793
P98160	E9PZ16
P98160	Q9Y6N6
P98160	Q63HQ2
P98160	Q4VBE4
P98160	B4F785
XP_008773743	XP_008773743
Q8BJU0	Q8BJU0
Q8BJU0	O70593
Q8BJU0	O43765
Q8BJU0	Q80W98
Q8BJU0	Q8VD33
Q8BJU0	Q96EQ0
Q9UPQ0-3	Q9UPQ0-3
Q9UPQ0-3	Q9UPQ0-6
Q9UPQ0-3	Q9UPQ0-10
Q9UPQ0-3	D3YU22
Q9UPQ0-3	F1M392
Q9UPQ0-3	Q3UH68
Q9UPQ0-3	D3YU59
Q9UPQ0-3	Q9UPQ0-4
Q9UPQ0-3	Q9UPQ0
P09430	P09430
P09430	P22613
P09430	P02317
P09430	P10856
Q8IX01	Q8IX01
Q8IX01	Q8IX01-3
Q8IX01	D3ZJH2
Q8IX01	Q8CH09
Q9UIG0	Q9UIG0
Q9UIG0	Q9UIG0-2
Q9UIG0	Q9Z277
Q9UIG0	G3V661
A0A0H4LTL3	A0A0H4LTL3
O94874	O94874
O94874	Q8CCJ3
O94874	B2GV24
O94874	O94874-2
O94874	O94874-3
Q8IY18	Q8IY18
Q8IY18	Q8CG46
Q8IY18	D4A9F0
Q63406	Q63406
Q63406	Q64096
Q63406	Q3UHQ9
Q63406	O15068
Q63406	O15068-3
Q63406	P10911-3
Q63406	P10911
Q63406	Q7TNJ5
Q63406	Q86YR7
Q63406	XP_422768
Q5T089	Q5T089
Q5T089	A2RTS7
Q5T089	Q641X6
Q61609	Q61609
Q61609	Q9JJP0
Q61609	AAB31458
Q61609	Q8WUM9
Q61609	Q63488
Q61609	Q08357
Q61609	A1A4I1
Q61609	Q80UP8
Q9BXP8	Q9BXP8
Q9BXP8	E9PZ87
Q9BXP8	Q13219
Q9BXP8	Q8R4K8
O14744	O14744
O14744	D4A0E8
O14744	O14744-2
O14744	Q8CIG8
Q9DBG6	Q9DBG6
Q9DBG6	P04844-2
Q9DBG6	P25235
Q9DBG6	P04844
P27867	P27867
P27867	Q64442
P27867	Q00796
Q96F46	Q96F46
Q96F46	Q60943
O15063	O15063
O15063	NP_001258162
O15063	Q8C5X1
Q922U1	Q922U1
Q922U1	O43395
Q922U1	ENSRNOP00000037116
Q9BYD3	Q9BYD3
Q9BYD3	Q9DCU6
Q9BYD3	D4A131
Q8TB61	Q8TB61
Q8TB61	Q91ZN5
Q8TB61	Q497A2
Q8CAS9	Q8CAS9
Q8CAS9	A1A5Q1
Q8CAS9	Q8CAS9-2
Q8CAS9	Q8IXQ6
Q8CAS9	Q8IXQ6-2
P49754	P49754
P49754	Q5KU39
P49754	NP_001100825
P49754	P49754-2
Q8NE86	Q8NE86
Q8NE86	Q8NE86-2
Q8NE86	Q8NE86-3
Q8NE86	M0RDI5
Q8NE86	Q3UMR5
Q8NE86	Q810S1
Q8NE86	F1LUQ0
Q8NE86	Q9NWR8
P30519	P30519
P30519	P23711
P30519	O70252
P30519	P14901
P30519	P09601
P30519	P06762
Q9UNA4	Q9UNA4
Q9UNA4	Q6R3M4
Q9BUI4	Q9BUI4
Q9BUI4	Q5XIL3
Q9BUI4	Q9D483
Q8N4S0	Q8N4S0
Q8N4S0	Q8N4S0-2
Q8N4S0	Q6PG04
Q8N4S0	Q66H73
Q49A26	Q49A26
Q49A26	D3YYT1
Q49A26	Q5RKH0
Q49A26	Q49A26-2
Q49A26	Q922P9
Q99MQ1	Q99MQ1
Q99MQ1	Q9H694
Q99MQ1	D3ZDJ9
Q99KR3	Q99KR3
Q99KR3	Q53H82
Q99KR3	Q561R9
P42676	P42676
P42676	P52888
P42676	Q91YP2
P42676	Q9BYT8
P42676	Q8C1A5
P42676	P24155
Q8C5P5	Q8C5P5
Q8C5P5	B1WC66
Q8C5P5	Q5TFE4
Q8N5C6	Q8N5C6
Q8N5C6	D4A9B0
Q8N5C6	Q497V5
P09874	P09874
P09874	P11103
P09874	Q3TF18
P09874	P27008
P09874	Q9UGN5
P09874	Q9UGN5-2
P09874	G3V749
P09874	O88554
P09874	Q3ULW8
P09874	Q9Y6F1
P09874	Q5U2U3
Q9UKN7	Q9UKN7
Q9UKN7	Q9QZZ4
Q9UKN7	Q9QZZ4-2
Q9UKN7	XP_008766109
Q9UKN7	Q9QZZ4-3
Q9UKN7	Q96JP2
Q9UKN7	Q5SUA5
Q9UKN7	Q5M810
Q9UKN7	B0I1T2
Q9UKN7	Q63357
Q9UKN7	Q5SYD0
Q9UKN7	O94832
Q9UKN7	O43795
Q9UKN7	P46735
Q9UKN7	O43795-2
Q9UKN7	Q62774
Q9UKN7	Q05096
Q9UKN7	O00159
Q9UKN7	Q9WTI7
Q9UKN7	Q63355
Q9UKN7	O00159-2
Q9UKN7	Q9WTI7-3
Q9UKN7	O00159-3
Q9UKN7	O88329
Q9UKN7	Q9UBC5
Q9UKN7	Q12965
Q9UKN7	D4A7X9
Q9UKN7	Q8CG29
Q9UKN7	O00160
Q9UKN7	P70248
Q9UKN7	Q63356
Q9UKN7	E9Q634
Q9UKN7	Q9UM54
Q9UKN7	Q9UM54-5
Q9UKN7	E9PVU0
Q9UKN7	Q9UM54-4
Q9UKN7	Q9UM54-1
Q9UKN7	XP_001061392
Q9UKN7	Q9UM54-2
Q9UKN7	Q29122
Q9UKN7	Q64331
Q9UKN7	Q9UM54-6
Q9P2Y5	Q9P2Y5
Q9P2Y5	ENSRNOP00000022176
Q9P2Y5	Q8K245
Q3MIV0	Q3MIV0
Q86YD5	Q86YD5
Q86YD5	A2AR95
Q9Y442	Q9Y442
Q8TEZ7	Q8TEZ7
Q8TEZ7	Q80ZE5
Q8TEZ7	Q86WK9
Q8TEZ7	Q80ZE4
Q8TEZ7	Q9NXK6
Q8TEZ7	Q9DCU0
Q9HBF5	Q9HBF5
Q9D413	Q9D413
Q9D413	Q7Z4S9
Q9D413	Q9YGC1
Q9D413	Q4KM52
Q9D413	Q9QUN3
Q9D413	Q8WV28
Q9CZ64	Q9CZ64
Q6PAI5	Q6PAI5
Q6PAI5	Q9UGL9
Q30KP9	Q30KP9
Q30KP9	Q30KN4
Q30KP9	Q32ZG2
Q30KP9	Q32ZH6
Q30KP9	Q8R2I5
Q30KP9	Q8N104
Q6ZP80	Q6ZP80
Q6ZP80	B2RVY9
B1WBR8	B1WBR8
B1WBR8	Q8BH70
B1WBR8	Q9UKA2
B1WBR8	Q9H469
B1WBR8	Q91W61
B1WBR8	D4ABB4
P05531	P05531
XP_003085371	XP_003085371
D4A517	D4A517
D4A517	Q6P5F6
D4A517	Q9ULF5
D4A517	Q504Y0
D4A517	Q504Y0-3
D4A517	Q5FWH7
D4A517	NP_001099594
D4A517	Q91W10
D4A517	Q5FVQ0
D4A517	Q9C0K1
D4A517	Q15043
D4A517	Q15043-3
D4A517	Q75N73
D4A517	NP_001100745
D4A517	Q8C145
D4A517	Q4V887
D4A517	Q13433-2
D4A517	Q13433
G3UWA7	G3UWA7
D9D5K2	D9D5K2
D9D5K2	E7BQ72
D9D5K2	O56952
Q3U821	Q3U821
Q3U821	Q6QI90
Q3U821	Q8IWA0
Q80UN9	Q80UN9
Q80UN9	XP_006238866
Q80UN9	Q9H3H1
Q8NEQ5	Q8NEQ5
Q8NEQ5	Q3U7U4
Q8NEQ5	D4A2C0
Q9NXD2	Q9NXD2
Q9NXD2	Q7TPM9
Q9NXD2	Q5XI25
Q9NXD2	Q5FVM6
Q9NXD2	Q80TA6
Q9NXD2	Q9C0I1
Q9NXD2	A4FU01
Q9NXD2	Q3V1L6
E9PYK3	E9PYK3
E9PYK3	Q9UKK3
E9PYK3	XP_006252148
P18155	P18155
P18155	Q9H903
P18155	D3YZG8
P18155	P13995
P18155	D4A1Y5
P18155	D3ZUA0
Q9NR48	Q9NR48
Q9NR48	Q9NR48-2
Q9NR48	Q99MY8
Q9NR48	D3ZKH4
Q9NR48	Q9Y6X0
Q9NR48	Q9Z180
A4QN01	A4QN01
Q9H0H0	Q9H0H0
Q9H0H0	NP_001094100
Q9H0H0	Q80UK8
Q9UP52	Q9UP52
Q9UP52	B2GUY2
Q9UP52	Q9JKX3
Q9UP52	Q62351
Q9UP52	Q99376
Q9UP52	P02786
Q9NYP3	Q9NYP3
Q9NYP3	Q9QXP4
Q9NYP3	Q5U2V7
Q96T25	Q96T25
Q96T25	Q61467
Q96T25	Q8N9L1
Q96T25	O60481
Q96T25	NP_001102489
Q96T25	Q62521
Q96T25	O95409
Q96T25	Q62520
Q96T25	Q15915
Q96T25	P46684
Q96T25	Q7TQ40
Q969H8	Q969H8
Q969H8	M0R3V4
Q969H8	Q9CPT4
Q86YD3	Q86YD3
Q86YD3	Q9DCF1
Q9UL49	Q9UL49
Q9UL49	Q32NY8
Q8C6C9	Q8C6C9
Q8C6C9	Q6P5S2
O54908	O54908
O54908	O94907
O54908	Q9UBU2
O54908	Q9QYZ8
O54908	D3ZN48
O54908	Q9UBT3
O54908	Q8VEJ3
Q7TPL1	Q7TPL1
Q7TPL1	Q4JFV9
Q7TPL1	Q6QI38
Q7TPL1	Q8BP47
Q7TPL1	O43776
Q7TPL1	Q6TUD1
Q7TPL1	Q9QWY4
Q7TPL1	Q3TZR4
Q7TPL1	Q9R225
Q7TPL1	Q9QWY1
Q7TPL1	Q8BR13
Q7TPL1	Q9QWX8
Q7TPL1	P11260
Q7TPL1	O88912
Q7TPL1	Q9QWY5
Q7TPL1	Q6QI71
Q4QQS6	Q4QQS6
Q4QQS6	Q9Y673
Q4QQS6	Q9DB25
Q9Y450-2	Q9Y450-2
Q9Y450-2	L7N209
Q92685	Q92685
Q92685	Q8K2A8
Q92685	Q5M7T0
Q9BXW7	Q9BXW7
Q9BXW7	Q9BXW7-2
Q9BXW7	D3ZQB6
Q9BXW7	Q91WM2
Q9H1X1	Q9H1X1
Q9H1X1	Q9D9V4
Q5W0Q7	Q5W0Q7
Q5W0Q7	Q3ULM6
Q5W0Q7	NP_001099376
Q61858	Q61858
Q61858	D3ZX77
Q61858	O95872
Q8BZT9	Q8BZT9
Q8BZT9	D3ZCD2
Q8BZT9	Q8IV20
Q8TET4	Q8TET4
Q8TET4	A2AQJ8
Q8TET4	D4A7G5
Q8TET4	Q8BVW0
Q8NC01	Q8NC01
Q8NC01	Q8BWY2
Q8NC01	Q9JL99
Q8NC01	D3ZJD8
Q8NC01	Q9P126
Q8NC01	Q2HXU8
Q8NC01	Q149M0
Q8NC01	Q5QGZ9-1
Q8NC01	Q5QGZ9-4
Q8NC01	Q5QGZ9
A0A590UK83	A0A590UK83
A0A590UK83	D3YWK9
Q8NDZ0	Q8NDZ0
XP_224289	XP_224289
XP_224289	Q8BJA3
XP_224289	Q6NT76
XP_224289	Q6NT76-2
XP_224289	Q6NT76-5
Q9H2D6	Q9H2D6
Q9H2D6	A0A2U3TZ82
Q9H2D6	Q9H2D6-2
Q9H2D6	Q9H2D6-5
Q9H2D6	Q99KW3
Q9H2D6	Q5M7V4
Q9Y2I9	Q9Y2I9
Q9Y2I9	NP_083333
Q9Y2I9	Q9Y2I9-2
Q9H6W3	Q9H6W3
Q9H6W3	D3ZU57
Q9H6W3	Q9JJF3
Q9H6W3	Q8CFC1
Q9H6W3	Q8CD15
Q9H6W3	Q8IUF8
A0A1B0GUU1	A0A1B0GUU1
Q2KHM9	Q2KHM9
Q2KHM9	D3ZNS7
Q2KHM9	Q6A000
D4ABV0	D4ABV0
D4ABV0	A0A096LP01
P70278	P70278
P70278	XP_575429
P70278	Q7Z7C7
Q96PE1	Q96PE1
Q96PE1	D4ADC7
Q96PE1	Q91ZV8
Q96PE1	Q8IWK6
Q96PE1	Q7TT36
Q9H8K7	Q9H8K7
Q9H8K7	Q5XI46
Q9H8K7	Q9D2Q3
Q1ZYL8	Q1ZYL8
Q1ZYL8	D3Z690
Q1ZYL8	D3Z690-2
F2Z3F1	F2Z3F1
Q8WVS4	Q8WVS4
Q8WVS4	D3ZYV1
Q8WVS4	Q8C761
Q9JI90	Q9JI90
Q9JI90	Q3ZAU6
Q9JI90	Q9UBS8
A6NHQ4	A6NHQ4
A6NHQ4	M0RD31
A6NHQ4	Q7TNS8
Q8TCY5	Q8TCY5
Q8TCY5	Q9D159
P98175-5	P98175-5
P98175-5	P98175
P98175-5	Q99KG3
P98175-5	P98175-2
P98175-5	P70501
P98175-5	Q99KG3-2
P98175-5	P98175-3
P98175-5	Q91YE7
P98175-5	P52756
P98175-5	B2GV05
Q5VVX9	Q5VVX9
Q9NQR7	Q9NQR7
Q9NQR7	Q3UHB8
Q9NQR7	D4A8V2
Q9NPA1	Q9NPA1
Q9NPA1	Q9NPA1-3
Q9NPA1	Q9JIN6
Q9NPA1	Q9ESK8
Q9NPA1	Q86W47
Q9NPA1	A7VL23
Q9NPA1	Q811Q0
Q9NPA1	Q9Y691
Q9NPA1	Q9CZM9
Q9NPA1	P97678
Q9NPA1	Q16558
Q9NPA1	Q8CAE3
O95470	O95470
O95470	Q8R0X7
O95470	Q8CHN6
Q8C0W0	Q8C0W0
Q8C0W0	P0CG35
Q8C0W0	A2AF31
Q8C0W0	P97563
Q8C0W0	Q6ZWY8
Q8C0W0	P0CG34
Q8C0W0	P20065
Q8C0W0	P0DX04
Q8C0W0	P21752
Q8C0W0	P62328
Q8C0W0	P62329
Q8C0W0	P63313
Q8C0W0	P63312
Q8C0W0	O14604
Q811P8	Q811P8
Q811P8	F1MAK3
Q811P8	XP_002728775
Q811P8	Q80YF9
Q811P8	O14559
Q811P8	A7KAX9
Q811P8	A7KAX9-2
Q811P8	NP_001192739
Q811P8	Q2M1Z3
Q811P8	D4A987
Q811P8	A6X8Z5
Q8N3T6	Q8N3T6
Q8N3T6	Q8CEF9
Q8N3T6	Q14C87
Q8N3T6	Q76HP2
Q8N3T6	Q76HP3
Q8N3T6	XP_001078766
Q8N3T6	F7BAB2
Q8N3T6	Q14DG7
Q8N3T6	Q6IEE6
Q8N3T6	Q6IEE7
Q8N3T6	Q24JP5-2
Q8N3T6	Q24JP5
Q8N3T6	Q24JP5-3
Q8N3T6	Q80WF4
Q8N3T6	Q922P8
Q9NVN3-1	Q9NVN3-1
Q9NVN3-1	Q80ZG0
Q9NVN3-1	Q9NVN3
Q9NVN3-1	Q80XE1
Q9NVN3-1	Q9NPQ8
Q9NVN3-1	NP_001093990
Q9NVN3-1	Q9NPQ8-4
Q9NVN3-1	Q3TIR3
O75417	O75417
O75417	D4A628
O75417	Q8CGS6
O75417	Q8TDG4
O75417	Q2VPA6
NP_604462	NP_604462
NP_604462	Q8BI21
NP_604462	Q9H0F5
NP_604462	Q7L0R7
NP_604462	Q4V7B8
NP_604462	Q3UHJ8
Q8R3J5	Q8R3J5
Q8R3J5	B3STU3
Q8R3J5	Q9BUX1
Q8R3J5	Q8WUX2
Q8R3J5	Q9CQG1
Q8R3J5	Q641Z5
P06850	P06850
P06850	Q8CIT0
P06850	P01143
P06850	P55089
P06850	P81615
P06850	P55090
O15016	O15016
O15016	Q924W6
P02724	P02724
P02724	P15421
P02724	P02724-3
P02724	P06028
Q6ZUA9	Q6ZUA9
Q6ZUA9	Q3TY91
Q6ZQR2	Q6ZQR2
Q6ZQR2	B2GV45
Q6ZQR2	B2RWG1
Q5SW24	Q5SW24
Q5SW24	D3ZSK6
Q5SW24	Q7TN08
A6NCF5	A6NCF5
A6NCF5	G3UW92
A6NCF5	F1M601
Q0VB26	Q0VB26
Q0VB26	Q8N6G2
Q61749-2	Q61749-2
Q61749-2	Q63186
Q61749-2	Q9UI10
Q61749-2	Q9UI10-2
Q61749-2	Q61749
Q61749-2	Q99LC8
Q61749-2	Q14232
Q61749-2	Q64270
Q9H0W7	Q9H0W7
Q9H0W7	Q9D305
Q96RL6	Q96RL6
Q96RL6	A6NMB1
Q96RL6	Q96PQ1
Q96RL6	Q9NYZ4
Q96RL6	Q96PQ1-2
Q96RL6	Q96LC7
Q96RL6	Q96LC7-2
Q96RL6	Q63994
Q96RL6	Q63994-2
Q96RL6	Q80ZE3
Q96RL6	Q920G3
Q96RL6	O15389
Q96RL6	Q08ET2
Q96RL6	O43699
Q96RL6	Q9Y336-2
Q96RL6	Q9Y336
Q96RL6	Q9Y286
Q96RL6	Q9Y286-2
Q96RL6	Q91Y57
Q96RL6	P20138
Q96RL6	Q3Y597
Q8N228	Q8N228
Q8N228	Q80VG1
Q6ZUB1	Q6ZUB1
Q6ZUB1	Q5TZJ5_VAR_A1063T
Q6ZUB1	P0DKV0
Q6ZUB1	Q5TZJ5
Q6ZUB1	Q5VYP0
Q6ZUB1	B4DYI2
Q6ZUB1	Q5VVP1
Q6ZUB1	Q8IWB4
Q6ZUB1	Q5VU36
Q6ZUB1	A6NFR6
Q6ZUB1	Q9CVY2
Q3ZCU0	Q3ZCU0
Q3ZCU0	Q3ZCU0-2
Q8NAV2	Q8NAV2
Q8NAV2	Q66JV7
Q9BT76	Q9BT76
Q9BT76	Q9BT76-3
P23738	P23738
P23738	P19113
P23738	P16453
P23738	P20711
P23738	O88533
P23738	P14173
Q9CU99	Q9CU99
Q07266	Q07266
Q07266	Q9QXS6
Q07266	Q1RMT6
Q07266	Q16643
Q07266	Q16643-3
Q07266	Q9QXS6-3
Q07266	Q16643-2
Q07266	Q9UJU6-3
Q07266	Q9JHL4
Q07266	Q62418
Q07266	Q9UJU6-2
Q07266	A6H7G2
Q07266	Q62418-2
Q07266	Q9UJU6
Q6PGB6-4	Q6PGB6-4
Q6PGB6-4	Q9GZZ1
Q6PGB6-4	B5DFB7
Q6PGB6-4	Q6PGB6
Q6PGB6-4	Q9GZZ1-2
XP_001060521	XP_001060521
XP_001060521	Q96S06
XP_001060521	Q3U3R4
NP_001248333	NP_001248333
NP_001248333	Q6ZPV2
NP_001248333	Q9ULG1
A4Q9F3	A4Q9F3
A4Q9F3	Q5XI57
A4Q9F3	Q6ZVT0
Q86YQ2	Q86YQ2
P70331	P70331
Q9D3V8	Q9D3V8
Q9D3V8	F5H4B4
XP_003085168	XP_003085168
Q3TE95	Q3TE95
Q3TE95	Q14257
Q3TE95	Q62703
Q3TE95	Q8BP92
Q3TE95	O43852-4
Q3TE95	O35887
Q3TE95	O43852
Q3TE95	O35783
Q3TE95	O43852-2
Q3TE95	O43852-3
Q3TE95	Q14257-2
Q3TE95	Q15293
Q3TE95	D3ZUB0
Q3TE95	Q05186
Q3TE95	O43852-15
Q3TE95	I6L9G5
Q3TE95	Q8BH97
Q3TE95	Q96D15
J3KSC0	J3KSC0
Q495C1-4	Q495C1-4
Q495C1-4	Q495C1-6
P20783-2	P20783-2
P20783-2	P20783
P20783-2	P18280
P20783-2	P20181
P20783-2	P25427
P20783-2	P01138
P20783-2	P01139
P20783-2	P23560-2
P20783-2	P23363
P20783-2	P23560
P20783-2	P21237
P20783-2	P34130
P20783-2	P34131
P20783-2	Q80VU4
Q86YP4-3	Q86YP4-3
Q86YP4-3	G3V8R7
Q86YP4-3	Q86YP4
Q86YP4-3	Q86YP4-2
Q86YP4-3	Q8VHR5
Q86YP4-3	Q8WXI9
Q86YP4-3	Q4V8E1
Q86YP4-3	Q8CHY6
Q71DI1	Q71DI1
Q71DI1	P81605
Q9BWS9-2	Q9BWS9-2
Q9BWS9-2	A0JPQ9
Q9BWS9-2	Q9BWS9
Q9BWS9-2	Q922Q9
Q9BWS9-2	Q9Y3C4-3
Q9BWS9-2	Q5PQR8
Q9BWS9-2	Q9Y3C4
Q9BWS9-2	Q8QZZ7
Q7L591-2	Q7L591-2
XP_002729860	XP_002729860
XP_002729860	P62424
XP_002729860	P62425
XP_002729860	P12970
XP_002729860	Q570Y9
XP_002729860	Q8TB45
XP_002729860	XP_001081590
Q92540-4	Q92540-4
Q92540-4	D4ACJ3
Q92540-4	Q92540
Q92540-4	Q92540-2
Q92540-4	Q5RJH6
Q92540-4	Q5RJH6-3
Q92738-2	Q92738-2
Q92738-2	Q92738
Q92738-2	Q80XC3
Q92738-2	D3ZL57
Q92738-2	Q8IZP1
Q92738-2	P0C7X1
Q92738-2	A6NDS4
Q92738-2	Q6IPX1
Q92738-2	Q6DHY5
Q92738-2	A0A087X1G2
Q92738-2	A0A087X179
Q92738-2	A0A087WXS9
Q92738-2	A0A087WVF3
Q92738-2	B9A6J9
Q92738-2	A6NER0
Q92738-2	Q86UD7
Q92738-2	Q2M2D7
Q92738-2	Q9UFV1
NP_650201	NP_650201
NP_650201	O00767
NP_650201	Q86SK9
NP_650201	P13516
NP_650201	P07308
NP_650201	Q6P7B9
NP_650201	P13011
NP_650201	Q6T707
NP_650201	XP_574671
NP_650201	Q99PL7
Q8NB37-2	Q8NB37-2
Q8NB37-2	Q8NB37
Q8NB37-2	D3ZVI9
Q8NB37-2	Q8BFQ8
Q8NB37-2	Q8NB37-4
Q9BW66-3	Q9BW66-3
Q9BW66-3	Q9BW66-2
Q9BW66-3	Q9BW66
Q9BW66-3	Q9D0V8
P57737-3	P57737-3
P57737-3	Q9D2V7
P57737-3	P57737
P57737-3	Q9Y3D7
P57737-3	Q9CQV1
P57737-3	P57737-2
P57737-3	P57737-4
P57737-3	O35828
P57737-3	Q6EIX2
P57737-3	Q9ULV4-3
P57737-3	NP_001102797
P57737-3	Q9ULV4
P57737-3	Q920J3
P57737-3	Q9WUM3
P57737-3	Q9BR76
P57737-3	Q9WUM4
P57737-3	O89046
P57737-3	Q6QEF8
P57737-3	Q91ZN1
P57737-3	O89053
P57737-3	P31146
P57737-3	Q92828
P57737-3	Q8C0P5
P57737-3	Q6AY36
P57737-3	Q920M5
P57737-3	Q6QEF8-3
P57737-3	Q9UQ03
P57737-3	XP_001074062
P57737-3	Q8BH44
A0A0A0MT89	A0A0A0MT89
AFR53956.1	AFR53956.1
D3YWP0	D3YWP0
D3YWP0	Q96AZ1
D3YWP0	Q8WXB1
D3YWP0	Q9CQL0
D3YWP0	Q9H867
D3YWP0	Q8C436
D3YWP0	XP_038969149
D3YWP0	Q9H867-1
F1MN93	F1MN93
F1MN93	Q969P6-2
F1MN93	Q6IM78
F1MN93	Q04750
F1MN93	Q8R4U6
F1MN93	P11387
F1MN93	Q969P6
F1MN93	Q9WUL0
Q08050-3	Q08050-3
Q08050-3	Q08050
Q08050-3	P97691
Q08050-3	O08696
Q08050-3	Q08050-2
O75143-5	O75143-5
O75143-5	D3ZA45
O75143-5	O75143
O75143-5	Q91YI1
P49748-3	P49748-3
P49748-3	P45953
P49748-3	P50544
P49748-3	P49748
P49748-3	P49748-2
P49748-3	Q8JZN5
P49748-3	Q9H845
P49748-3	B1WC61
P49748-3	P70584
P49748-3	Q9DBL1
P49748-3	P45954
P49748-3	P16219
P49748-3	Q07417
P49748-3	P15651
P49748-3	P26440
P49748-3	P12007
P49748-3	Q9JHI5
P49748-3	D3ZT90
P49748-3	Q60759
P49748-3	Q92947
Q02509-3	Q02509-3
Q02509-3	Q02509
Q02509-3	Q9Z0L3
P0C7N2	P0C7N2
P0C7N2	A6NGS2
P0C7N2	Q3UNU4
Q8K2G4	Q8K2G4
Q8K2G4	Q8IWZ6
Q8K2G4	Q66H90
Q96SZ5	Q96SZ5
Q96SZ5	Q6PDY2
Q9UIF7	Q9UIF7
Q9UIF7	Q9UIF7-6
Q9UIF7	Q9UIF7-3
Q9UIF7	Q8R5G2
Q9UIF7	Q99P21
Q8IXT1	Q8IXT1
Q8IXT1	Q6NZG4
Q3UHD2	Q3UHD2
Q3UHD2	B1WBV3
Q3UHD2	Q9NXC2
Q3UHD2	D3ZR63
Q3UHD2	Q9CYH5
Q3UHD2	Q3B7J2
Q9BX73	Q9BX73
Q9BX73	Q8R0I4
Q9BX73	Q566R2
Q9D267	Q9D267
Q9D267	Q8WX39
Q9D267	L7N222
Q9D267	P11590
Q9D267	P04939
Q9D267	Q5FW60
Q9D267	A9R9W0
Q9D267	E9PVW0
Q9D267	P11588
Q9D267	P04938
Q9D267	P11591
Q9D267	B5X0G2
Q9D267	P11589
Q9D267	P02762
Q9D267	A2BIM8
Q9D267	Q80YX8
Q9D267	P02761
Q8BG31	Q8BG31
Q8BG31	Q8TAG6
Q9QZE5	Q9QZE5
Q9QZE5	Q9UBF2
Q9QZE5	Q9Y678
Q9QZE5	Q4AEF8
Q9QZE5	Q9QXK3
Q9QZE5	D4ABY2
Q5VYS4	Q5VYS4
Q5VYS4	Q14BA6
P12755	P12755
P12755	Q206L1
P12755	XP_017449382
P12755	Q60698
P12755	P12757
P12755	D3ZWL1
P12755	P12757-5
P12755	Q60665
Q6ZNA4	Q6ZNA4
Q6ZNA4	Q6ZNA4-2
Q6ZNA4	Q99ML9
Q6ZNA4	B2GV81
Q6ZNA4	Q6ZSG1
Q6ZNA4	E9QAU8
Q96A19	Q96A19
Q96A19	D3ZSR7
Q96A19	Q3TMW1
Q96A19	Q68D86
Q9DAA3	Q9DAA3
Q9DAA3	Q96KX1
Q6A058	Q6A058
Q6A058	Q642B5
Q6A058	Q7L311
O95639	O95639
O95639	Q5FVR7
O95639	O95639-2
O95639	Q8BQZ5-2
O95639	A6NMK7
O95639	Q8BQZ5
O95639	Q9DBA5
Q96PX6	Q96PX6
Q96PX6	D3ZMD4
Q96PX6	Q5SP85
Q96PX6	E9Q6B2
Q96PX6	A6NKD9
Q96PX6	Q15834
Q96PX6	Q6PDY0
Q9HCM3	Q9HCM3
Q9HCM3	Q68FD9
Q9HCM3	D3Z9D0
Q9UHF0	Q9UHF0
Q9UHF0	P55099
Q9UHF0	P08435
Q6PGQ7	Q6PGQ7
Q6PGQ7	Q5M864
Q6PGQ7	Q8BS90
Q61647	Q61647
Q61647	Q811Y6
Q61647	Q92839
Q61647	O08650
Q61647	Q92819
Q61647	P70312
Q61647	O00219
Q61647	O35776
Q059U7	Q059U7
Q059U7	D4ACE5
Q059U7	Q9ULD6
O60931-2	O60931-2
O60931-2	O60931
O60931-2	P57757
O60931-2	D3ZG79
O60931-2	XP_345307
Q8N0S6-2	Q8N0S6-2
Q8N0S6-2	Q8N0S6
Q8N0S6-2	Q3ZAU7
Q8N0S6-2	Q3U3S3
Q9UP83-2	Q9UP83-2
Q9UP83-2	XP_038934049
Q9UP83-2	Q8C0L8
Q9UP83-2	Q9UP83
P31350-2	P31350-2
P31350-2	Q2HJE7
P31350-2	Q4KLN6
P31350-2	Q7LG56
P31350-2	Q7LG56-6
P31350-2	D4ADQ1
P31350-2	P11157
P31350-2	Q6PEE3
P31350-2	P31350
P62273-2	P62273-2
P62273-2	P62274
P62273-2	P62273
P62273-2	P62275
Q4KLX9	Q4KLX9
Q4KLX9	A2AGD7
P16276	P16276
P16276	Q99798
P16276	Q99KI0
P16276	P20004
P16276	Q9ER34
Q6DN03	Q6DN03
Q6DN03	Q16778
Q6DN03	P10853
Q6DN03	Q5QNW6-2
Q6DN03	P33778
Q6DN03	D3ZNZ9
Q6DN03	Q64478
Q6DN03	Q00715
Q6DN03	Q64475
Q6DN03	P62807
Q6DN03	Q8N257
Q6DN03	P10854
Q6DN03	P23527
Q6DN03	Q8CGP0
Q6DN03	P58876
Q6DN03	M0RBQ5
Q6DN03	XP_001061909
Q6DN03	HSBO22
Q6DN03	Q64524
Q6DN03	O60814
Q6DN03	Q5QNW6
Q6DN03	Q9Z2Q9
Q6DN03	P06899
Q6DN03	Q8CGP2
Q6DN03	Q99879
Q6DN03	Q93079
Q6DN03	Q9D2U9
Q6DN03	Q64525
Q6DN03	Q6ZWY9
Q6DN03	Q99877
Q6DN03	Q6DRA6
Q6DN03	G3V9C7
Q6DN03	P57053
Q6DN03	Q8CGP1
Q6DN03	Q99880
Q6DN03	D3ZWM5
Q6DN03	A0A2R8Y619
Q6DN03	Q96A08
Q6DN03	P02283
Q6DN03	P70696
Q6DN03	Q00729
Q6DN03	Q8C622
Q92993-3	Q92993-3
Q92993-3	Q99MK2
Q92993-3	Q8CHK4-2
Q92993-3	Q92993-2
Q92993-3	Q92993
Q92993-3	Q8CHK4
A8MPX8	A8MPX8
A8MPX8	D3ZZT7
A8MPX8	Q8BVT6
P05143	P05143
P05143	P05142
A4FU49-6	A4FU49-6
A4FU49-6	A4FU49
A4FU49-6	F6PUS4
A4FU49-6	Q7TSG5
Q16570-2	Q16570-2
Q16570-2	Q9QUI6
Q16570-2	Q16570
Q86XI2-2	Q86XI2-2
Q86XI2-2	Q86XI2
Q86XI2-2	Q6DFV1
Q86XI2-2	D4AAL2
Q96B86-4	Q96B86-4
Q96B86-4	Q96B86
Q96B86-4	NP_001100994
Q96B86-4	Q6PCX7
Q96B86-4	Q6NW40
Q96B86-4	Q7TQ33
Q96B86-4	Q6ZVN8
Q96B86-4	Q8N7M5
Q96B86-4	Q7TQ32
A0A5F8MPE6	A0A5F8MPE6
A0A5F8MPE6	Q96LI9
P98064-2	P98064-2
P98064-2	P48740-2
P98064-2	P48740
P98064-2	Q8CHN8
P98064-2	P98064
P98064-2	Q8CFG8
P98064-2	P09871
P98064-2	Q6P6T1
P98064-2	Q8CG14
P98064-2	P12788
P98064-2	Q8CG16
P98064-2	P00736
P98064-2	Q8CFG9
P98064-2	O00187
P98064-2	Q9JJS8
P98064-2	Q91WP0
A0A1B0GU33	A0A1B0GU33
F7FJQ3	F7FJQ3
F7FJQ3	Q9Z0J0
F7FJQ3	P61916
F7FJQ3	P79345
A0A1B0GTI1	A0A1B0GTI1
D3ZF54	D3ZF54
D3ZF54	Q8BH79
D3ZF54	Q9NW15
D3ZF54	Q9NW15-5
Q4V794	Q4V794
Q4V794	Q8CHS8
Q4V794	Q8NEZ2
P52757-9	P52757-9
P52757-9	Q3V2R3
P52757-9	P30337
P52757-9	Q03070
P52757-9	Q80XD1
P52757-9	P52757
P52757-9	Q91V57
P52757-9	P15882-3
P52757-9	P15882
Q8CFG6	Q8CFG6
Q8CFG6	Q9NY47-3
Q8CFG6	Q9NY47
Q8CFG6	Q6PHS9
Q8CFG6	Q9NY47-5
Q8CFG6	O08532
Q8CFG6	P54289
Q8CFG6	NP_001104318
Q8CFG6	P54290
Q8CFG6	P54289-2
Q8CFG6	P54289-3
D3ZKF5	D3ZKF5
D3ZKF5	A2RT60
D3ZKF5	Q9R118
D3ZKF5	Q92743
D3ZKF5	Q9QZK5
D3ZKF5	O43464-2
D3ZKF5	Q9JIY5
D3ZKF5	O43464
D3ZKF5	B0BNB9
D3ZKF5	P83105
D3ZKF5	Q9D236
D3ZKF5	P83110
D3ZKF5	D3ZA76
Q9QZM6	Q9QZM6
Q9QZM6	O54701
Q9QZM6	Q8BUN9
Q9QZM6	Q9UI40
Q9QZM6	O60721
Q9QZM6	Q9UI40-2
Q9QZM6	Q14BI1
Q9QZM6	Q3UWW4
Q9QZM6	Q91WD8
Q9QZM6	Q99PD7
Q9QZM6	Q8NFF2
Q9QZM6	NP_001101521
Q9QZM6	Q8NFF2-3
Q9QZM6	Q8CGQ8
Q9QZM6	Q9HC58
Q9QZM6	Q9EPQ0
Q6PDU5	Q6PDU5
Q6PDU5	Q00994
Q6PDU5	Q9WTZ9
Q6PDU5	Q3MKP9
Q6PDU5	Q3TZW7
Q6PDU5	Q9CWT2
Q6PDU5	Q9NWD9
Q6PDU5	Q5H9J7
Q6PDU5	Q9WTZ8
Q6PDU5	Q9BXY8
Q6PDU5	Q3MKQ1
Q6PDU5	Q9HBH7
Q6PDU5	Q3MKQ2
Q6PDU5	Q9R224
XP_038947431	XP_038947431
XP_038947431	Q91X85
XP_038947431	P60815
XP_038947431	Q9UPI3
XP_038947431	B2RXV4
XP_038947431	Q9Y5Y0
XP_038947431	Q6UXD7
XP_038947431	Q8CE47
G3V6G7	G3V6G7
G3V6G7	Q8TCS8
G3V6G7	Q8K1R3
Q63374	Q63374
Q63374	P58401
Q63374	Q9P2S2
Q63374	Q63376
Q63374	E9PUN2
Q63374	Q9ULB1-3
Q63374	Q63372
Q63374	Q9CS84
Q63374	P58400-1
Q63374	Q9ULB1
Q63374	Q28142
Q63374	Q63373
Q63374	Q9Y4C0
Q63374	Q6P9K9
Q63374	Q07310
Q63374	Q9HDB5
Q63374	Q9HDB5-2
Q63374	Q9P2S2-2
Q63374	Q9Y4C0-4
Q63374	Q8C985
Q63374	E9Q7X7
Q8N9L7	Q8N9L7
Q5T035	Q5T035
D3ZJX3	D3ZJX3
D3ZJX3	Q9D9G3
D3ZJX3	G3V6A1
D3ZJX3	Q5VXU3
D3ZJX3	Q8CBW7
D3ZJX3	Q9UKJ5
Q3V1I0	Q3V1I0
Q3V1I0	Q86SG7
Q3V1I0	Q9D7Q0
Q3V1I0	Q8N1E2
O75884	O75884
O75884	O88851
O75884	O88350
Q13093	Q13093
Q13093	Q5M7T7
Q13093	Q60963
Q13093	Q99487
Q13093	P83006
Q13093	Q8VDG7
Q9NUD9	Q9NUD9
Q9NUD9	Q5KR61
Q9NUD9	Q7TPN3
Q6ZW13	Q6ZW13
Q6ZW13	Q9D4A5
Q6ZW13	D3ZAQ5
Q3U4X8	Q3U4X8
Q3U4X8	P37913
Q3U4X8	P18858
Q3U4X8	Q9JHY8
Q9Y581	Q9Y581
Q9Y581	Q9QY05
Q9Y581	Q9WV41
P40259-3	P40259-3
P40259-3	P40259
P40259-3	O70153
P40259-3	P15530
P53671-3	P53671-3
P53671-3	O54785
P53671-3	P53671
P53671-3	Q14BX6
P53671-3	P53671-2
P53671-3	Q8K3F3
P53671-3	P53670
P53671-3	Q62084
P53671-3	Q96C90
P53671-3	Q641W6
P53671-3	P53668
P53671-3	P53667
P53671-3	P53669
P53671-3	Q8TAE6
P53671-3	Q8R4S0
P53671-3	Q8R4R9
P14927-2	P14927-2
P14927-2	Q9D855
P14927-2	NP_001172101
P14927-2	P00129
P14927-2	NP_001121025
P14927-2	P14927
P14927-2	XP_001074024
Q5JRX3-2	Q5JRX3-2
Q5JRX3-2	Q5JRX3
Q5JRX3-2	Q8K411
Q5JRX3-2	A0A0G2K6D5
E9PTW1	E9PTW1
E9PTW1	O35609
E9PTW1	O14828
E9PTW1	Q58DR5
E9PTW1	O14828-2
E9PTW1	Q9ET20
E9PTW1	Q9JKV5
E9PTW1	Q969E2
E9PTW1	Q8TAC9-2
E9PTW1	Q9JKE3
E9PTW1	Q8TAC9
E9PTW1	Q9JKD3
E9PTW1	P56603
E9PTW1	O15126-2
E9PTW1	Q8K021
E9PTW1	O15126
E9PTW1	Q9ERN0
E9PTW1	O15127
E9PTW1	Q5U2U4
Q9HBE5	Q9HBE5
Q9HBE5	Q9JHX3
Q6ZPB5	Q6ZPB5
Q8VE08	Q8VE08
Q8VE08	B5DF53
Q8VE08	Q7Z6M2
Q96SB4-3	Q96SB4-3
Q96SB4-3	Q96SB4
Q96SB4-3	O70551
Q96SB4-3	Q4KLN3
Q96SB4-3	Q9Z0G2
Q96SB4-3	G3V8I2
Q96SB4-3	P78362-2
Q96SB4-3	P78362
Q96SB4-3	NP_001100045
Q96SB4-3	O54781
Q96SB4-3	Q9UPE1
Q92878-2	Q92878-2
Q92878-2	Q9JIL8
Q92878-2	P70388
Q92878-2	Q92878
Q63HN8-4	Q63HN8-4
Q63HN8-4	Q63HN8-5
Q63HN8-4	Q63HN8
Q63HN8-4	XP_221191
Q63HN8-4	E9Q555
Q9BSJ8-2	Q9BSJ8-2
Q9BSJ8-2	Q9BSJ8
Q9BSJ8-2	Q3U7R1
Q9BSJ8-2	Q9Z1X1
Q9BSJ8-2	A0FGR8-6
Q9BSJ8-2	Q3TZZ7
Q9BSJ8-2	A0FGR8
Q9BSJ8-2	A0FGR8-2
Q9BSJ8-2	XP_002726895
Q9BSJ8-2	Q5DTI8
Q9BSJ8-2	A0FGR9
P18583-9	P18583-9
P18583-9	P18583-5
P18583-9	P18583-6
P18583-9	P18583-3
P18583-9	P18583
P18583-9	P18583-10
P18583-9	NP_001163798
P18583-9	NP_001163799
P18583-9	Q9QX47
Q9NRJ1	Q9NRJ1
Q9GZM3-2	Q9GZM3-2
O08776	O08776
O08776	Q9JKL4
O08776	Q9BU61
X6R8D5	X6R8D5
Q96HU1-2	Q96HU1-2
Q96HU1-2	Q96HU1
Q96HU1-2	Q8VCZ6
Q96HU1-2	Q6P6R7
Q5M962	Q5M962
Q5M962	Q9BSN7
Q5M962	Q7TQI0
P85299-5	P85299-5
P85299-5	P85299
P85299-5	Q812A5
P85299-5	Q5FVG6
P85299-5	A1L1K1
P85299-5	A2AVJ5
P85299-5	Q6MZQ0
O60830-2	O60830-2
O60830-2	O60830
O60830-2	Q9Z0V7
O60830-2	D4ACA5
O60830-2	Q99595
O60830-2	Q9Z0V8
O60830-2	O35092
Q9GZM8-2	Q9GZM8-2
Q9GZM8-2	Q9GZM8-3
Q9GZM8-2	Q78PB6
Q9GZM8-2	Q9GZM8
Q9GZM8-2	Q9ERR1
Q9GZM8-2	Q9NXR1-1
Q9GZM8-2	Q9CZA6-3
Q9GZM8-2	Q9NXR1
Q9GZM8-2	Q9CZA6
Q9GZM8-2	Q9ES39
A0A087WT10	A0A087WT10
A0A087WT10	O00230
A0A087WT10	Q62949
A0A087WT10	P56469
P58340-3	P58340-3
P58340-3	P58340-2
P58340-3	D3ZCQ9
P58340-3	P58340
P58340-3	Q15773
P58340-3	Q99KX1
P58340-3	D3ZPN3
P58340-3	Q9QWV4
Q99447-3	Q99447-3
Q99447-3	O88637
Q99447-3	Q922E4
Q99447-3	Q99447
Q7L5Y1-5	Q7L5Y1-5
Q7L5Y1-5	Q7L5Y1
Q7L5Y1-5	Q7L5Y1-7
XP_008757319	XP_008757319
XP_008757319	Q9UNW9
XP_008757319	A0A1W2P872
XP_008757319	XP_006240131
XP_008757319	P51513-3
XP_008757319	Q9JKN6
XP_008757319	P51513
D3ZAS9	D3ZAS9
D3ZAS9	Q80WW9
D3ZAS9	Q96HY6
Q8BVU0	Q8BVU0
Q8BVU0	Q96II8
Q8BVU0	XP_003752547
Q8BVU0	Q9Y2L9-3
Q8BVU0	Q9Y2L9-2
Q8BVU0	Q9Y2L9
Q8BVU0	P62046
Q8BVU0	Q3TU90
Q8BVU0	B2GV98
Q8BVU0	Q3UMG5
Q8BVU0	Q5VUJ6
Q8BVU0	E9PSW6
Q8BVU0	Q921G6
Q8BVU0	O75427
Q8BVU0	Q8BGI7
Q8BVU0	D3ZXS4
Q8BVU0	Q96DD0
Q8N9Y4	Q8N9Y4
Q920F6	Q920F6
Q920F6	NP_001123970
Q920F6	Q9Z1M9
Q920F6	Q14683
Q920F6	Q9CU62
Q920F6	Q8NDV3
Q6QNY0	Q6QNY0
Q6QNY0	D4A3V6
Q6QNY0	Q5U5M8
Q61333	Q61333
Q61333	XP_216791
Q61333	Q03169
Q5T2D3	Q5T2D3
Q5T2D3	B1AZ99
Q5T2D3	D4A7M3
Q8NFV4	Q8NFV4
Q8NFV4	D3ZXK4
Q8NFV4	Q8K4F5
XP_223806	XP_223806
XP_223806	Q9QUH0
XP_223806	Q9ESH6
XP_223806	P10575
XP_223806	P35754
Q3TDX8	Q3TDX8
Q3TDX8	Q68EJ0
Q3TDX8	Q7L1T6
Q3TDX8	P00387-3
Q3TDX8	Q9DCN2
Q3TDX8	P00387
Q3TDX8	P20070
Q3TDX8	P00387-2
Q3TDX8	Q5EB81
Q3TDX8	Q9DB73
Q3TDX8	Q9UHQ9
Q3TDX8	Q6BCY4
Q3TDX8	Q3KNK3
Q3TDX8	Q6AY12
D3ZFU9	D3ZFU9
D3ZFU9	Q15746
D3ZFU9	Q15746-2
D3ZFU9	Q15746-6
D3ZFU9	P11799
D3ZFU9	P29294
D3ZFU9	Q6PDN3
D3ZFU9	O60285
D3ZFU9	Q641K5
D3ZFU9	D3ZQN8
D3ZFU9	Q8BZN4
D3ZFU9	Q66HE5
D3ZFU9	Q9H093
D3ZFU9	NP_001100835
D3ZFU9	Q8BW96-2
D3ZFU9	Q8IU85-2
D3ZFU9	Q63450
D3ZFU9	Q8BW96
D3ZFU9	Q91YS8
D3ZFU9	Q8IU85
D3ZFU9	Q14012
D3ZFU9	Q91YA2
D3ZFU9	Q96QS6
D3ZFU9	P11801
D3ZFU9	XP_897723
D3ZFU9	C0HKC9
D3ZFU9	Q9QYZ3
D3ZFU9	C0HKC8
D3ZFU9	Q9QYZ6
D3ZFU9	P49137
D3ZFU9	P49137-2
D3ZFU9	P49138
D3ZFU9	Q80ZF4
D3ZFU9	Q3UMW7
D3ZFU9	Q16644
D3ZFU9	Q66H84
D3ZFU9	Q52WX2
D3ZFU9	Q9Z335
D3ZFU9	Q8QZX0
D3ZFU9	P0C5K1
D3ZFU9	P0C263
D3ZFU9	B1WBU5
D3ZFU9	P0C5K0
D3ZFU9	P0C264
D3ZFU9	XP_001078116
Q6IUP3	Q6IUP3
Q6IUP3	Q8TE02
Q6IUP3	Q99L85
Q9Y4U1	Q9Y4U1
Q9Y4U1	D4A729
Q9Y4U1	Q9CZD0
Q58A45	Q58A45
Q58A45	Q58A45-3
Q58A45	XP_001068449
Q58A45	Q640Q5-1
Q58A45	Q640Q5
Q9H7D7	Q9H7D7
Q9H7D7	XP_038946921
Q9H7D7	Q8C6G8
Q9H7D7	Q9H7D7-2
O95219	O95219
O95219	Q91YJ2
O95219	B2RYI6
A3KN83	A3KN83
A3KN83	A3KN83-2
A3KN83	Q689Z5
A3KN83	Q7TNB8
A3KN83	NP_001101538
A3KN83	Q5BJL5
A3KN83	Q9Y2G9
O43364	O43364
O43364	P31246
O43364	P31245
O43364	P14652
O43364	P0C1T1
P14649	P14649
P14649	P60660-2
P14649	Q64119
P14649	P05977
P14649	P02600-2
P14649	P05977-2
P14649	NP_001102956
P14649	P60660
P14649	Q60605
P14649	P09541
P14649	P12829
P14649	P05976
P14649	P16409
P14649	P09542
P14649	Q8CI43
P14649	P08590
P14649	P02600
P14649	Q60605-2
P14649	P17209
P14649	P27482
P14649	Q5U206
P14649	Q9D6P8
P14649	P62149
P14649	Q6YNX6
P14649	P0DP29
P14649	P0DP26
P14649	P0DP23
P14649	P62157
P14649	Q9R1K9
P14649	Q8K4K1
P14649	O15182
P14649	O35648
P14649	G3V832
P14649	G3V9W0
P14649	P41209
P14649	Q12798
P14649	P41208
P14649	NP_001258080
P14649	Q91ZZ8
P14649	Q8TD86
P14649	Q96GE6
P14649	B0BNB8
P14649	Q91WQ9
Q3UAW9	Q3UAW9
Q3UAW9	Q9HAW0
Q3UAW9	Q4V8D6
Q8TAX9	Q8TAX9
Q8TAX9	Q8TAX9-1
Q5TGY1	Q5TGY1
Q5TGY1	Q91WU4
Q5TGY1	Q499U8
Q9R0U9	Q9R0U9
Q9R0U9	Q497Q3
Q9R0U9	NP_001020829
Q8IV38	Q8IV38
Q8IV38	D3ZC34
Q8IV38	Q3TPE9
Q53GL7	Q53GL7
Q53GL7	XP_006241972
Q53GL7	Q8CIE4
Q6ZV77	Q6ZV77
Q9P2D6	Q9P2D6
Q9P2D6	Q6NS59
Q9P2D6	Q9P2D6-3
Q9P2D6	Q49AJ0
Q9P2D6	Q49AJ0-3
Q9P2D6	F1LZ91
Q9P2D6	Q9DAI6
Q9P2D6	D3ZVB3
D3Z4K0	D3Z4K0
D3Z4K0	Q5XIP7
D3Z4K0	A0A0J9YUZ3
D3Z4K0	Q499M5
D3Z4K0	A2AS55
D3Z4K0	Q6P6B7
Q96M98	Q96M98
Q96M98	Q9DAK2
Q8VC23	Q8VC23
Q8VC23	A6NJI1
Q5VCS6	Q5VCS6
Q5VCS6	B4F7C4
Q5VCS6	Q8NAT2-1
Q5VCS6	Q8NAT2
Q9CQ18	Q9CQ18
Q9CQ18	D4A434
Q9CQ18	Q8TDP1
P27656	P27656
P27656	P07867
P27656	P11150
P27656	P54316
P27656	P54315
P27656	Q5BKQ4
P27656	Q6XZB0
P27656	P06858
P27656	P11152
P27656	Q06000
P27656	Q9Y5X9
P27656	Q9WVG5
P27656	Q8VBX1
P27656	Q17RR3
P27656	P17892
P27656	P54318
P27656	P54317
P27656	Q6P8U6
P27656	P16233
P27656	P27657
P27656	D3ZMG4
P27656	F6YQT7
P27656	Q32PY2
P27656	Q8CIV3
P27656	Q8WWY8
P27656	Q8VI78
P27656	Q53H76
P27656	P97535
Q9H147	Q9H147
Q9H147	Q497A7
Q9H147	Q99LB0
Q8TC59	Q8TC59
Q8TC59	Q8CDG1
Q8TC59	Q9JMB7
Q8TC59	Q96J94
Q8TC59	Q7Z3Z4
Q8TC59	Q4G033
Q8TC59	Q8CGT6
Q8TC59	Q7Z3Z3
Q5TBB1	Q5TBB1
Q5TBB1	Q5XI96
Q5TBB1	Q80ZV0
Q0VF96	Q0VF96
Q0VF96	G5E5V6
Q0VF96	D4A3V5
Q0VF96	Q6AW69
Q0VF96	Q9P2M7
Q0VF96	Q9P2M7-2
Q0VF96	P59242-2
Q0VF96	D4A4X4
Q0VF96	P59242
Q9H089	Q9H089
Q9H089	Q5BJT6
Q9H089	Q3UM18
Q9H089	P36916
Q9H089	P36915
Q9H089	Q6MG06
Q8K135-2	Q8K135-2
Q8K135-2	Q8K135
Q8K135-2	F1M4J1
Q8K135-2	Q8IZA0
Q8K135-2	Q5SZV5
Q8K135-2	Q5VV43
Q8IZQ1	Q8IZQ1
Q8IZQ1	Q6VNB8
Q8IZQ1	XP_001060345
Q8IZQ1	Q8IZQ1-2
Q8IZQ1	Q6ZS81
Q8IZQ1	XP_001060720
Q8IZQ1	E9Q2M9
Q8IZQ1	Q92636-2
Q8IZQ1	A0A0G2K4H2
Q8IZQ1	O35242
Q8IZQ1	Q92636
Q9GZM5	Q9GZM5
Q9GZM5	Q6TUD4
Q9GZM5	Q3UDR8
Q04756	Q04756
Q04756	Q9R098
Q04756	Q5EBA7
Q04756	NP_001388157
Q04756	Q402U7
Q04756	P00750
Q04756	P11214
Q04756	P19637
Q04756	Q6ZMR5-1
Q04756	Q6ZMR5
Q04756	Q3UQ41
Q04756	XP_001074837
Q04756	Q16651
Q04756	Q9ESD1
Q04756	Q9ES87
Q04756	Q86T26
Q04756	P00748
Q04756	Q80YC5
Q04756	NP_001014028
F7BJB9	F7BJB9
F7BJB9	D4A552
F7BJB9	Q14149
F7BJB9	Q8TE76
F7BJB9	Q8TE76-2
F7BJB9	Q8TE76-3
F7BJB9	Q8BMD7
F7BJB9	XP_236536
F7BJB9	Q9Y6X9
F7BJB9	Q69ZX6
F7BJB9	Q8C5W4
F7BJB9	D4A2C4
F7BJB9	D4A8J3
F7BJB9	Q9Y6X9-2
F7BJB9	Q6PCN6
F7BJB9	Q9WVL5
F7BJB9	Q86VD1
F7BJB9	D3ZKF3
Q52PE3	Q52PE3
Q52PE3	Q4V7D1
Q52PE3	Q9CY50
Q52PE3	P43307
Q9Y4P9	Q9Y4P9
Q9Y4P9	Q99JL1
Q30KP8	Q30KP8
Q30KP8	Q8BVB5
Q9UK28	Q9UK28
Q9UK28	Q9BXS4
Q9UK28	Q9QY73
Q9UK28	NP_001132937
Q9UK28	Q7TNI2
Q9UK28	Q5HZE8
Q9NUS5	Q9NUS5
Q9NUS5	Q9D742
Q8N816	Q8N816
Q96S07	Q96S07
Q8VEH0	Q8VEH0
Q8VEH0	Q7Z5S9
Q9DA30	Q9DA30
Q3V0G6	Q3V0G6
Q3V0G6	D4AAW9
Q3V0G6	XP_996053
Q3V0G6	NP_001013772
Q3V0G6	Q3V0M1
Q3V0G6	Q3V2L5
Q3V0G6	B7ZWJ3
Q3V0G6	XP_997087
Q3V0G6	XP_996026
Q9D7G9	Q9D7G9
Q9D7G9	Q8NDC0
Q9D7G9	Q8BH93
Q9D7G9	D3ZNX9
Q5BKX6-3	Q5BKX6-3
Q5BKX6-3	Q5BKX6
Q5BKX6-3	Q5BKX6-2
Q5BKX6-3	Q0P5V9
Q5BKX6-3	Q9Y2W3
Q5BKX6-3	Q8BIV7
Q5BKX6-3	Q8K4S3
Q8CAZ0	Q8CAZ0
P0DMQ5	P0DMQ5
D3ZG57	D3ZG57
D3ZG57	Q9NXH8
D3ZG57	Q8BH02
Q9Y580	Q9Y580
Q9Y580	Q9CQT2
Q9Y580	B2RZ14
Q6L8Q7	Q6L8Q7
Q6L8Q7	Q6AXQ5
Q6L8Q7	Q6L8Q7-2
Q6L8Q7	Q3TIU4
Q9NZ56	Q9NZ56
Q9NZ56	Q9JL04
Q9NZ56	M0R6I7
Q9D7A3	Q9D7A3
Q9D7A3	O15541
Q9D7A3	Q67ER2
Q9D7A3	Q14B01
Q9D7A3	Q8R3P8
Q9D7A3	Q8IZP6
Q9D7A3	Q67ER1
Q3TEA8	Q3TEA8
Q3TEA8	Q5SSJ5
Q3TEA8	Q6P747
Q3TEA8	Q5SSJ5-5
Q3TEA8	Q3TEA8-2
O94885	O94885
O94885	P59808
O94885	F1LU97
O94885	Q9D4W6
O94885	Q9NSI8-3
O94885	Q8VI91
O94885	P57725
O94885	Q9NSI8
O94885	B5DFK2
O94885	Q8K352
O94885	O75995
O95793	O95793
O95793	O95793-2
O95793	O95793-3
O95793	Q9ET50
O95793	Q9ESY8
O95793	Q9Z108
O95793	Q9NUL3
O95793	Q9NUL3-7
O95793	NP_001007151
O95793	Q9NUL3-3
O95793	Q9NUL3-2
O95793	Q8CJ67
P18509	P18509
P18509	P13589
P18509	O70176
O94769	O94769
O94769	Q5FW85
Q14137	Q14137
Q14137	Q562C2
Q14137	P97452
Q8BG40	Q8BG40
Q8BG40	Q4VFZ4
Q8BG40	Q9BVA0
Q9P215	Q9P215
Q9P215	Q80TC5
Q9P215	B4DSL7
O76081	O76081
O76081	Q9QZB1
O76081	O76081-6
O76081	Q9CX84
O76081	P49795
O76081	O70521
O76081	Q9UGC6
O76081	NP_001100929
O76081	Q9QZB0
P04818	P04818
P04818	P45352
P04818	P07607
Q01717	Q01717
Q01717	P21761
Q01717	P34981
Q01717	Q9ERT1
Q9JM58	Q9JM58
Q9JM58	O75462
Q96AY4	Q96AY4
Q96AY4	XP_222260
Q96AY4	Q80XJ3
Q96AY4	P81274
Q96AY4	D3ZCE5
Q96AY4	Q8VDU0
Q96AY4	Q9R080
Q96AY4	G3N266
Q96AY4	Q6IR34
Q96AY4	Q86YR5
Q96AY4	Q86YR5-4
Q96AY4	Q86YR5-2
P11370	P11370
P11370	P10404
P11370	XP_038959349
P11370	P61550
P11370	Q61875
P11370	Q3UZF4
Q8NEA9	Q8NEA9
Q8NEA9	Q96IK5
Q8NEA9	Q920G9
Q8NEA9	Q99N64
Q8NEA9	Q5XIT7
Q9JJ28	Q9JJ28
Q9JJ28	Q13045
Q9JJ28	Q5RKI5
Q9JJ28	Q13045-2
Q9JJ28	A6NIK2
Q9JJ28	G3XA50
Q9JJ28	D3ZED9
Q9JJ28	A6NM36
Q9JJ28	Q3UV48
Q8TEQ6	Q8TEQ6
Q8TEQ6	Q8BX17
Q8TEQ6	D3ZGD0
P53801	P53801
P53801	Q6P767
P53801	Q8R143
Q9H4Z2	Q9H4Z2
Q9H4Z2	A2A5K6
Q9H4Z2	G3V893
Q92576	Q92576
Q92576	Q92576-2
Q92576	D3ZKI5
Q92576	B2RQG2
Q9ULM3	Q9ULM3
Q9ULM3	NP_001102527
Q9ULM3	Q3TUF7
P24822	P24822
P24822	P09923
P24822	P05187
P24822	P24823
P24822	P51740
P24822	P10696
P24822	P15693
P24822	F8VPQ6
P24822	P05186
P24822	P09242
P24822	P08289
P24822	P05186-2
Q13029	Q13029
Q13029	Q13029-2
Q13029	Q13029-4
Q13029	Q13029-3
Q13029	Q63755
Q13029	A2A7B5
Q15029	Q15029
Q15029	Q5EB83
Q15029	O08810
Q15029	P58252
Q15029	Q3SYU2
Q15029	P05197
Q15029	P55823
Q15029	P13639
Q8CDN9	Q8CDN9
Q8CDN9	Q6ZRR7
Q8CDN9	Q8R1Z4
Q8CDN9	Q7Z4L9
Q8CDN9	Q7Z4L9-2
Q8IYR2	Q8IYR2
Q8IYR2	D4AEC7
Q8IYR2	Q8BTK5
Q9H4I8	Q9H4I8
Q9H4I8	Q9NQF3
Q9H4I8	Q9EPB5
Q8HWS3	Q8HWS3
Q8HWS3	Q8C7R7
Q86SJ2	Q86SJ2
Q86SJ2	Q80ZD9
Q86SJ2	Q7TNJ4
Q86SJ2	Q80ZD5
Q86SJ2	Q86WK7
Q86SJ2	Q8C2S7
Q86SJ2	Q86WK6
Q86SJ2	Q80ZD7
Q86SJ2	Q80ZD8
Q6ZUL3	Q6ZUL3
Q9DAI9	Q9DAI9
Q9DAI9	Q5VZ52
Q3V0V0	Q3V0V0
B3KNS4	B3KNS4
Q8IYB0	Q8IYB0
D3ZYH9	D3ZYH9
D3ZYH9	Q8BHX0
D3ZYH9	Q8WTQ4
Q8N386	Q8N386
Q8N386	Q8K1T1
Q8C9C6	Q8C9C6
Q9NT99	Q9NT99
Q9NT99	P0CC10
Q9NT99	P0C192
Q9NT99	Q9HBW1
Q9NT99	Q45R42
Q9NT99	Q99PH1
Q9NT99	D3ZXT1
Q9NT99	Q9HCJ2
Q9NT99	Q8C031
Q9NT99	Q5M8M9
Q9NT99	Q8N7C0
Q9NT99	O35103
Q9NT99	Q99983
Q9NT99	Q9Z1S7
Q9NT99	Q06828
Q9NT99	P50608
Q9NT99	P50609
Q9NT99	P51886
Q9NT99	P51885
Q9NT99	P51884
Q9NT99	P51888
Q9NT99	Q9JK53
Q9NT99	Q9EQP5
Q9NT99	O60938
Q9NT99	O35367
Q9NT99	D3ZVD7
Q6NZQ0	Q6NZQ0
Q6NZQ0	A1A4V9-2
Q6NZQ0	B0BMZ6
Q6NZQ0	A1A4V9
Q6ZP01	Q6ZP01
Q6ZP01	D3Z987
Q6ZP01	Q3V089
P22443	P22443
P22443	P28649
P22443	P11511
P62899-2	P62899-2
P62899-2	P62899-3
P62899-2	P62899
P62899-2	P62900
P62899-2	P62902
Q9UEW3	Q9UEW3
Q9UEW3	Q60754
Q8BH01	Q8BH01
Q8BH01	Q6UWJ1
Q9H7C4	Q9H7C4
Q9H7C4	D3ZM91
Q9H7C4	Q9EPM5
Q8BR37	Q8BR37
Q8BR37	Q6VVB1
Q8BR37	Q6IMG5
Q9HBX8	Q9HBX8
Q9HBX8	Q3UVD5
Q9HBX8	Q9HBX8-1
Q9HBX8	O75473
Q9HBX8	Q9Z1P4
Q9HBX8	D4AC13
Q9HBX8	A2ARI4
Q9HBX8	Q9BXB1
Q9HBX8	Q9Z2H4
Q61817	Q61817
Q61817	O43889
Q61817	O43889-3
Q15493	Q15493
Q15493	Q03336
Q15493	Q64374
Q96E11	Q96E11
Q96E11	Q96E11-2
Q96E11	Q9D6S7
Q96E11	Q5RKI9
Q8N813	Q8N813
Q9UJN7	Q9UJN7
P55809	P55809
P55809	B2GV06
P55809	Q9D0K2
P55809	Q9BYC2
P55809	Q9JJN4
P55809	Q5XIJ9
Q96DZ1	Q96DZ1
Q96DZ1	D3ZF97
Q96DZ1	Q8VEH8
Q96KX2	Q96KX2
Q96KX2	Q9WUV6
Q96KX2	P70190
Q96KX2	P47755
Q96KX2	P47753
Q96KX2	P52907
Q96KX2	Q3T1K5
Q96KX2	P47754
Q96KX2	B2GUZ5
Q9UGU5	Q9UGU5
Q9UGU5	XP_226315
Q9UGU5	Q80Y32
P70196	P70196
P70196	B5DF45
P70196	Q9Y4K3
O75880	O75880
O75880	G3V985
O75880	Q5SUC9
O75880	XP_032775378
O75880	Q8VCL2
O75880	O43819
Q96A35	Q96A35
Q96A35	Q3SYS0
Q96A35	Q66H47
Q96A35	Q9CQ06
Q5T7V8	Q5T7V8
Q5T7V8	Q8BRM2
Q5T7V8	B1H222
P10153	P10153
P10153	P12724
P10153	O35292
P10153	P70709
P10153	Q5WN11
P10153	O35291
P10153	O35290
P10153	P97426
P10153	Q8VHS0
P10153	P97425
Q4V8C8	Q4V8C8
Q4V8C8	Q6P1J9
Q4V8C8	Q8JZM7
Q9Y606	Q9Y606
Q9Y606	Q4KM92
Q9Y606	Q9WU56
Q921L7	Q921L7
Q921L7	Q9Y5R4
S4R2L4	S4R2L4
S4R2L4	Q7L4I2
S4R2L4	Q5PQR4
S4R2L4	A2RTL5
S4R2L4	Q7L4I2-2
Q5T6L9	Q5T6L9
Q5T6L9	Q5T6L9-3
Q5T6L9	Q3B8R1
Q5T6L9	Q3TVE4
Q5T6L9	Q8C5D3
Q01415	Q01415
Q01415	Q5XIG6
Q01415	Q68FH4
Q92805	Q92805
Q92805	D4A6K4
Q92805	Q9CW79
A6NDI0	A6NDI0
A6NDI0	A0A3B3IT33
A6NDI0	Q8IWZ4
A6NDI0	P0CI26
A6NDI0	C9J1S8
A6NDI0	Q9BSJ1
A6NDI0	P0CI25
A6NDI0	Q96BQ3
A6NDI0	A6NCK2
A6NDI0	A6NLI5
A6NDI0	A6NI03
A6NDI0	A6NGJ6
A6NDI0	I1YAP6
A6NDI0	D3ZLN6
A6NDI0	P86449
A6NDI0	P86448
A6NDI0	Q3TL54
Q86X51	Q86X51
Q91Y55	Q91Y55
Q91Y55	Q9Y5I7
Q91Y55	Q925N4
P04094	P04094
P04094	P22005
P04094	P01211
P04094	P01210
P04094	P01213
P04094	P06300
P04094	O35417
Q70CQ3	Q70CQ3
Q70CQ3	Q3UN04
Q70CQ3	D3ZPG5
Q96S99	Q96S99
Q96S99	Q3TB82
Q96S99	Q68FU1
Q96S99	Q91WB4
Q96S99	Q9H8W4
Q96S99	B1WBV4
Q7Z7K0	Q7Z7K0
Q7Z7K0	Q9CPZ8
Q7Z7K0	D3ZTN2
Q9UJJ7	Q9UJJ7
Q9UJJ7	Q8VCZ8
Q9UJJ7	B1WC14
Q8BGS7	Q8BGS7
Q8BGS7	Q6AXM5
Q8BGS7	Q8WUD6
Q8BGS7	Q8C025
Q8BGS7	Q66H21
Q8BGS7	Q9Y6K0
XP_003688820	XP_003688820
XP_003688820	Q0VDD8-4
XP_003688820	Q0VDD8-3
XP_003688820	Q0VDD8
Q15070	Q15070
Q15070	Q8BGA9
Q15070	D3ZRH1
Q80WM3	Q80WM3
Q80WM3	Q7Z7G2
Q80WM3	D4ABY0
Q80WM3	Q8WVH0
Q80WM3	Q8R1B5
Q505K2	Q505K2
Q505K2	Q05DH4
Q505K2	Q8N612-2
Q505K2	Q66H54
Q505K2	Q3U2I3
Q505K2	Q3U2I3-3
Q505K2	Q8N612
Q5JU00	Q5JU00
Q5JU00	A6H639
Q5JU00	D3ZQW5
Q9H6R6	Q9H6R6
Q9H6R6	Q9CPV7
Q9H6R6	Q32PY5
Q9H6R6	Q969W1
Q9H6R6	Q969W1-3
Q9H6R6	Q9ESG8
Q5UW37	Q5UW37
Q5UW37	Q6UXB2
P0DTD1	P0DTD1
P0DTD1	P0DTC1
P0DTD1	P0C6X7
P0DTD1	YP_009725309
P0DTD1	NP_828873
P0DTD1	YP_009725310
P0DTD1	NP_828864
P0DTD1	NP_828871
P0DTD1	YP_009725297
P0DTD1	YP_009725311
P0DTD1	YP_009725299
P0DTD1	YP_009725298
P0DTD1	YP_009725300
P0DTD1	YP_009725302
P0DTD1	NP_828869
P0DTD1	P0C6U8
P0DTD1	YP_009725307
P0DTD1	NP_904322
P0DTD1	NP_828872
P0DTD1	K9N7C7
P0DTD1	K9N638
P0DTD1	NP_828863
P0DTD1	YP_009725301
P0DTD1	NP_828862
P0DTD1	NP_828860
P0DTD1	NP_828861
P0DTD1	NP_828870
P0DTD1	YP_009725308
P0DTD1	NP_828865
P0DTD1	YP_009725303
P0DTD1	NP_828866
P0DTD1	YP_009725304
P0DTD1	NP_828867
P0DTD1	YP_009725305
P0DTD1	NP_828868
P0DTD1	YP_009725306
Q8N0S2	Q8N0S2
Q8N0S2	Q9D495
Q8N0S2	Q5XHZ2
Q8N0S2	Q5D525
Q8N0S2	D4AAR3
Q8N0S2	A8MT33
Q5T8R8	Q5T8R8
Q96QF7	Q96QF7
Q68D85	Q68D85
Q969G6	Q969G6
Q969G6	Q6AYA7
Q969G6	Q8CFV9
Q9EQ47	Q9EQ47
Q9EQ47	Q5J3N1
Q9EQ47	Q9EQ46
Q9EQ47	Q9EQ44
Q9EQ47	Q5J3M9
Q9EQ47	Q9EP93
Q9EQ47	Q9WUF1
Q9EQ47	Q9EP51
Q969M2	Q969M2
Q969M2	Q9WUS4
Q969M2	Q8BQU6
Q969M2	Q80XF7
Q969M2	Q5T442
Q969M2	P08033
Q969M2	P28230
Q969M2	P08034
Q969M2	Q6PEY0
Q969M2	Q64448
Q969M2	P29414
Q969M2	Q9Y6H8
Q969M2	P57773
Q969M2	P41987
Q969M2	O95377
Q969M2	P36380
Q969M2	Q9NTQ9
Q969M2	Q02738
Q969M2	Q02739
Q969M2	P28232
Q969M2	P25305
Q969M2	P28231
Q969M2	O75712
Q969M2	Q8N144
Q969M2	Q91YD1
Q969M2	E9PTP3
Q969M2	Q01231
Q969M2	P36382
Q969M2	P28235
Q969M2	P35212
Q969M2	Q03190
Q969M2	P28234
Q969M2	Q6S5G4
Q969M2	Q96KN9
Q969M2	Q8BSD4
Q969M2	O70610
Q969M2	O54851
Q969M2	Q9UKL4
Q969M2	P70689
Q969M2	Q00977
Q969M2	P29033
Q969M2	O95452
Q969M2	P21994
Q969M2	P28236
Q969M2	P48165
Q969M2	Q8K4Q9
Q969M2	F1MHI7
Q969M2	P36381
Q969M2	P28229
Q969M2	P36383
Q969M2	A4GG66
Q969M2	P18246
Q969M2	P08050
Q969M2	Q6TYA7
Q969M2	P17302
Q969M2	Q29101
Q969M2	P23242
Q969M2	Q80Z94
Q969M2	P28233
Q969M2	Q8NFK1
Q969M2	Q921C1
Q969M2	F1LPT0
Q8N138	Q8N138
Q8N138	Q9CPZ6
Q8N138	Q53FV1
Q8N138	Q9CQZ0
Q8N138	Q921I0
Q8N138	Q6QI25
Q8N138	Q9P0S3
Q8N138	D4A2I4
P41160	P41160
P41160	P50596
P41160	P41159
P12872	P12872
P68313	P68313
B1WC02	B1WC02
B1WC02	Q9NRF8
B1WC02	P70698
B1WC02	P17812
B1WC02	Q5U2N0
B1WC02	P70303
Q96AW1	Q96AW1
Q96AW1	Q8R1C3
Q96AW1	B5DEK8
Q9GZY4	Q9GZY4
Q14774	Q14774
Q14774	Q61670
Q14774	A0JPN1
Q14774	P52946
Q14774	P52947
Q14774	P52945
Q14774	A6NMT0
Q14774	P52950
Q14774	Q5NSW5
Q14774	Q6ZNG2
Q14774	Q5DWV0
Q14774	Q1XID0
Q14774	P52954
Q14774	P52955
Q14774	Q6XYB7
Q14774	Q6XYB7-2
Q14774	Q9WUN8
Q14774	P70397-2
Q14774	P70397
Q14774	P56179
Q14774	P56179-2
Q14774	Q64317
Q14774	P56177
Q14774	Q64202
Q14774	Q92988
Q8TF63	Q8TF63
Q6NUS6	Q6NUS6
Q6NUS6	Q8R2Q6
Q6NUS6	Q8BZ64
Q6NUS6	Q2MV58-2
Q6NUS6	Q2MV58-6
Q6NUS6	Q2MV58
A2VDF0	A2VDF0
A2VDF0	Q8R2K1
A2VDF0	D4ACG8
Q60597-3	Q60597-3
Q60597-3	E9Q7L0
Q60597-3	Q02218-2
Q60597-3	Q5XI78
Q60597-3	Q9ULD0
Q60597-3	Q60597
Q60597-3	Q02218
Q60597-3	D3ZQD3
Q60597-3	A2ATU0
Q60597-3	Q96HY7
Q60597-3	Q4KLP0
Q8NBL3	Q8NBL3
Q8NBL3	Q68FV0
Q8NBL3	Q9CZ16
Q8NBL3	H3BS89
Q8NBL3	Q8BNC6
Q765I0	Q765I0
Q765I0	Q765I2
Q765I0	Q765I1
Q8N2B8	Q8N2B8
Q5GAN4	Q5GAN4
Q5GAN4	Q5GAM8
Q3USE1	Q3USE1
Q3TEE9	Q3TEE9
Q3TEE9	Q9Y236
Q3TEE9	Q9UJX0
Q3TEE9	Q8VC10
P08399	P08399
Q96MC9	Q96MC9
Q5T036	Q5T036
Q6ZTY9	Q6ZTY9
Q3U0J8	Q3U0J8
Q3U0J8	NP_001101645
Q3U0J8	Q9UPU7-2
Q3U0J8	Q9UPU7
Q3U0J8	Q9BYX2
Q3U0J8	Q9BYX2-2
Q3U0J8	B5DFA1
Q3U0J8	B1AVH7
Q3U0J8	Q9D3N8
Q3U0J8	Q4QQU7
Q3U0J8	Q5TC63
Q14997	Q14997
Q14997	Q5SSW2
Q14997	NP_001020311
Q96MN5	Q96MN5
Q96MN5	Q8R2M0
Q96MN5	Q5XIC7
Q2TB54	Q2TB54
Q2TB54	Q8WWV6-3
Q2TB54	Q8WWV6
Q68BL8	Q68BL8
Q68BL8	Q3V1G4
Q68BL8	D4A0J7
Q68BL8	Q68BL7
Q68BL8	Q8BHP7
Q68BL8	Q68BL7-3
Q68BL8	Q6UWY5
Q68BL8	Q66H86
Q8N302	Q8N302
Q8N302	Q7TN31
Q8N302	XP_038959383
O14678	O14678
O14678	O89016
Q7Z4V0	Q7Z4V0
Q7Z4V0	Q7Z4V0-2
Q7Z4V0	Q8BXJ4
Q7Z4V0	NP_001100828
Q6UXZ0	Q6UXZ0
Q6UXZ0	Q9D7L8
Q6ZMT1	Q6ZMT1
Q6ZMT1	Q8R1B0
Q6ZMT1	NP_001102304
Q6ZMT1	P97306
Q6ZMT1	Q99469
Q6ZMT1	F1M107
Q6ZMT1	Q96MF2
Q6ZMT1	Q8BZ71
Q6PML9	Q6PML9
Q6PML9	Q5IRJ6
Q6PML9	D3ZWW5
AAA37590	AAA37590
AAA37590	P50652
AAA37590	O35870
AAA37590	Q00597
Q5VZP5	Q5VZP5
Q5VZP5	Q148W8
Q5VZP5	D3ZRM0
Q5VZP5	Q9BV47
Q5VZP5	Q9D700
Q5VZP5	Q5FVI9
Q5VZP5	Q6B8I1
Q5VZP5	Q6B8I0
Q5VZP5	XP_573199
Q5VZP5	Q9D7X3
Q5VZP5	P51452
Q5VZP5	Q68J44
Q5VZP5	P0C595
Q5VZP5	Q8BK84
Q8N264	Q8N264
Q8N264	Q5U2Z7
Q8N264	Q8C4V1
Q8N264	Q7Z5H3-2
Q8N264	Q7Z5H3-5
Q8N264	Q7Z5H3
Q8N264	Q8BL80
Q8N264	D4ABZ7
Q8N264	Q8BYW1
Q8N264	P42331-4
Q8N264	P42331
Q8N264	D3ZGL1
A6NNW6	A6NNW6
A6NNW6	A6NI74
A6NNW6	Q8C042
O43295	O43295
O43295	Q812A2
O43295	F1M5M9
O43295	A2RUF3
O43295	Q91Z67
O43295	O75044
O43295	P0DJJ0
O43295	P0DMP2
O43295	D4A208
O43295	F1M287
O43295	Q7Z6B7
O43295	Q91Z69
O43295	P98171-2
O43295	Q8VHL8
O43295	P98171
O43295	G3V9M9
O00189	O00189
O00189	Q9JKC7
O00189	Q2PWT8
Q6IQ19	Q6IQ19
Q6IQ19	D3ZZM9
Q6IQ19	Q8QZT2
Q6NSX1	Q6NSX1
Q6NSX1	Q9D9B0
P56937	P56937
P56937	O88736
P56937	Q62904
Q15846	Q15846
Q15846	Q3ZRW6
Q15846	Q3ZRW7
Q8CDI7	Q8CDI7
Q8CDI7	Q8NCX0
Q8CDI7	Q8NCX0-2
Q8CDI7	F1M7H6
Q14515	Q14515
Q14515	P70663
Q14515	P24054
Q14515	P09486
Q14515	P07214
Q14515	P16975
Q96DA0	Q96DA0
Q96DA0	P15501
Q6V0L0	Q6V0L0
Q6V0L0	Q9NR63
Q6V0L0	G3V7X8
Q6V0L0	Q811W2
Q6V0L0	B2RXA7
Q6V0L0	D4AAL3
Q6V0L0	O43174
Q6V0L0	O55127
O14526	O14526
O14526	D3ZIM5
O14526	Q8K285
O14526	F1MYS2
O14526	Q0JRZ9-2
O14526	Q3UQN2
O14526	Q0JRZ9
O14526	D3ZYR1
O14526	Q9BQI5-3
O14526	Q9BQI5
O14526	P0DJJ3
O14526	Q8VD37-3
O14526	Q9BQI5-4
O14526	Q9BQI5-2
O14526	Q8VD37
O14526	Q8VD37-2
O14526	Q8VD37-4
Q8IYB1	Q8IYB1
Q8IYB1	Q8C525
Q8IYB1	D4ACS3
D4A5K6	D4A5K6
D4A5K6	O75844
D4A5K6	Q80W54
G3V9S6	G3V9S6
G3V9S6	O15239
G3V9S6	Q9WU08
G3V9S6	O35683
Q63041	Q63041
Q63041	Q61838
Q63041	F1MB32
Q63041	Q3UU35
Q63041	ENSP00000479893
Q63041	Q6IE37
Q63041	Q03626
Q63041	P14046
Q63041	Q6IE52
Q63041	P01023
Q63041	A8K2U0
Q63041	P28665
Q63041	P28666
Q63041	P06238
Q63041	Q6GQT1
Q63041	P20742
Q86TD4-1	Q86TD4-1
Q86TD4-1	Q7TQ48-1
Q86TD4-1	Q7TQ48
Q86TD4-1	Q86TD4
Q86TD4-1	F1LWG8
Q86TD4-1	Q8R3Z7
Q86TD4-1	Q641Z6
Q86TD4-1	Q9QXY6
Q86TD4-1	Q9NZN3
Q86TD4-1	Q9WVK4
Q86TD4-1	Q9H4M9
Q86TD4-1	Q9EQP2
Q86TD4-1	Q9H223
Q86TD4-1	Q8R491
Q86TD4-1	Q4V8H8
Q86TD4-1	Q9NZN4-2
Q86TD4-1	Q8BH64
Q86TD4-1	Q9NZN4
XP_038943480	XP_038943480
XP_038943480	A8MT69-2
XP_038943480	A8MT69
XP_038943480	Q8C4X1
NP_001127983	NP_001127983
NP_001127983	P84090
NP_001127983	P84089
NP_001127983	B2RYQ5
D3ZF92	D3ZF92
D3ZF92	O75509
D3ZF92	Q9EPU5
Q5PPI8	Q5PPI8
Q5PPI8	Q8VC42
Q5PPI8	Q96DM3
D3ZTG2	D3ZTG2
D3ZTG2	Q6P3X3
D3ZTG2	Q8CD92
Q68FU2	Q68FU2
Q68FU2	Q9Y617-2
Q68FU2	Q9Y617
Q68FU2	Q99K85
B2GV65	B2GV65
B2GV65	Q9BW72
B2GV65	Q9CQJ1
B2GV65	Q4VC39
Q5XFV8	Q5XFV8
Q5XFV8	Q96I36
Q5XFV8	Q8BH51
Q8WTZ4	Q8WTZ4
O35167	O35167
O35167	O35348
O35167	Q9Y215
Q4V7D2	Q4V7D2
Q4V7D2	Q3TDK6
Q4V7D2	Q9GZN7
Q6MG14	Q6MG14
Q6MG14	Q8VC65
Q6MG14	Q8IXM6
Q642F4	Q642F4
Q642F4	Q96IW7
Q642F4	Q8BH47
Q642F4	Q9BRL7
Q642F4	Q8BXT9
Q642F4	O08547
Q642F4	Q4KM74
Q642F4	O75396
Q30KN3	Q30KN3
Q30KN3	Q32ZG1
Q08406	Q08406
Q08406	P26992
Q08406	O88507
Q08406	Q14213
Q08406	O35228
NP_001102482	NP_001102482
NP_001102482	Q9EPK2
NP_001102482	O75695
NP_001386324	NP_001386324
NP_001386324	Q3UUU0
NP_001386324	Q99K41
NP_001386324	Q9Y6C2
NP_001123966	NP_001123966
NP_001123966	Q75NR7
NP_001123966	O94761
A0A8I5ZR91	A0A8I5ZR91
A0A8I5ZR91	Q8TEQ8
A0A8I5ZR91	Q9JJI6
XP_038938515	XP_038938515
XP_038938515	Q6ZQF0
XP_038938515	Q92547
P62249	P62249
P62249	P14131
P62249	P62250
Q9WU40	Q9WU40
Q9WU40	F1LWZ8
Q9WU40	Q9Y2U8
Q9WU40	Q6DVA0
Q9WU40	Q4KM57
Q9WU40	Q8NC56
P51946	P51946
P51946	Q61458
P51946	Q9R1A0
P51946	Q62447
P51946	P39947
P51946	P24863
Q5SWA1	Q5SWA1
Q5SWA1	Q8BFW3
Q8NHP6	Q8NHP6
Q8NHP6	D4A4X7
Q8NHP6	Q9CWP6
F2Z3U3	F2Z3U3
F2Z3U3	Q70E73-6
F2Z3U3	Q70E73-3
F2Z3U3	NP_001102268
F2Z3U3	Q70E73
F2Z3U3	G5E867
F2Z3U3	Q8R5A3
F2Z3U3	Q7Z5R6
F2Z3U3	E1BPM7
F2Z3U3	D3ZDZ1
F2Z3U3	Q14449
F2Z3U3	O88900
F2Z3U3	Q14449-2
F2Z3U3	Q9JLM9
F2Z3U3	A2ASX1
Q9H1A4	Q9H1A4
Q9H1A4	P53995
Q9H1A4	F1M801
Q9BSA4	Q9BSA4
Q9BSA4	Q9BSA4-2
Q9BSA4	D4A4P8
Q9BSA4	Q3TH73
Q9BSA4	Q9C0H2-4
Q9BSA4	D4A383
Q9BSA4	Q9C0H2-2
Q9BSA4	Q6P5F7
Q9BSA4	Q9C0H2
Q9BSA4	Q9H313-3
Q9BSA4	Q9D3A9
Q9BSA4	Q9H313
Q9BSA4	P0C5X8
Q6P2D8	Q6P2D8
Q6P2D8	Q3U3V8
P25100	P25100
P25100	P97714
P25100	P23944
P25100	P35368
P25100	P97717
P25100	P15823
P25100	P18841
P25100	P22909
P25100	Q01338
P25100	P08913
P25100	P19328
P25100	P30545
P25100	P18089
P25100	P18825
P25100	P22086
P25100	Q01337
P25100	P19327
P25100	Q64264
P25100	P08908
P25100	P35348-2
P25100	P43140
P25100	P97718
P25100	P35348
P25100	P35348-8
P25100	P30939
P25100	Q02284
P25100	P30940
P25100	P31387
P25100	P35364
P25100	P35365
P25100	P47898
P25100	P30966
P25100	Q8BLD9
P25100	P25115
P25100	Q61616
P25100	P18901
P25100	P21728
P25100	P21918
P25100	Q9R1C8
P25100	P31388
P25100	P50406
P25100	P08588
P25100	P34971
P25100	P18090
P25100	Q9P1P5
P25100	Q5QD17
P25100	Q5QD25
P25100	Q5QD16
P25100	Q5QD24
P25100	Q9P1P4
P25100	Q5QD15
P25100	Q923Y7
P25100	O14804
P25100	Q5QD14
P25100	Q5QD23
P25100	P21917
P25100	P30729
P25100	P51436
P25100	P97292
P25100	P25102
P25100	P25021-2
P25100	P25021
P25100	P34969
P25100	P32304
P25100	P32305
P25100	P13945
P25100	P25962
P25100	P25962-2
P25100	P26255
P25100	P04274
P25100	P18762
P25100	P07550
P25100	P10608
P25100	P19020
P25100	P35462-3
P25100	P30728
P25100	P35462
P25100	P61168
P25100	P14416
P25100	P61169
P25100	P14416-2
P25100	P28222
P25100	P28334
P25100	P28564
P25100	P28221
P25100	Q61224
P25100	P28565
P25100	F1MB93
P25100	P28566
O08788	O08788
O08788	Q14203
O08788	Q14203-4
O08788	P28023
O08788	Q14203-2
O08788	Q14203-3
O08788	Q14203-6
Q9Y2J0	Q9Y2J0
Q9Y2J0	P47709
Q9Y2J0	P47708
Q9Y2J0	Q9ESN1
Q9Y2J0	Q9UNE2
Q9Y2J0	O54880
Q9Y2J0	Q768S4
Q9Y2J0	P70169
Q9Y2J0	P70610
Q9Y2J0	Q14184
Q9Y2J0	Q7TNF0
Q9Y2J0	P70611
Q9Y2J0	Q14183
Q9WVG9	Q9WVG9
Q9WVG9	Q5RJQ2
Q9WVG9	Q8N5Y2
Q9WVG9	Q8N5Y2-2
Q9WVG9	Q6AYG1
Q9WVG9	G3X992
Q9WVG9	P0C860
Q8WUB8	Q8WUB8
Q8WUB8	Q9D8M7
Q8WUB8	Q4V7A6
Q8WUB8	S5FZ81
Q8WUB8	Q8WUB8-2
Q96PE3	Q96PE3
Q96PE3	Q96PE3-4
Q96PE3	Q96PE3-3
Q96PE3	Q9EPW0
Q96PE3	Q62784
Q96PE3	Q9QWG5
Q96PE3	O15327
Q96PE3	Q6P1Y8
P10354	P10354
P10354	P05059
P10354	P26339
P10354	P10645
Q61315	Q61315
Q61315	P70478
Q61315	B2RUG9
Q61315	P25054
Q61315	P25054-2
Q61315	O95996
Q61315	D4A205
Q61315	Q9Z1K7
P21127	P21127
P21127	Q9UQ88-8
P21127	P24788
P21127	P46892
P21127	P21127-9
P21127	D4A3G2
P21127	P21127-12
P21127	Q9UQ88-2
P21127	P21127-2
P21127	Q9UQ88-10
P21127	Q9UQ88
O75425	O75425
O75425	Q8BGG6
O75425	Q8VEL0
O75425	Q9UJG1
O75425	Q5RJS6
Q0VD83	Q0VD83
Q0VD83	Q8VBT6
Q0VD83	D4A7C9
Q9NS40	Q9NS40
Q9NS40	O54852
Q9NS40	Q9ER47
Q9NS40	Q9WVJ0
Q9NS40	Q9ULD8
Q9NS40	O89047
Q9NS40	Q96L42
Q9NS40	P59111
Q9NS40	Q9QWS8
Q9NS40	O08962
Q9NS40	Q12809_VAR_014388
Q9NS40	O35219
Q9NS40	Q12809-2
Q9NS40	Q12809
Q9NS40	Q9H252
Q9NS40	O54853
Q9NS40	Q32ME0
Q9NS40	A2A5F7
Q9NS40	Q9UQ05
Q9NS40	Q9R1T9
Q9NS40	Q60603
Q9NS40	Q63472
Q9NS40	O95259
Q9NS40	Q9EPI9
Q9NS40	Q920E3
Q9NS40	Q8NCM2
Q3UMB9	Q3UMB9
Q3UMB9	Q2M389
Q3UMB9	Q2M389-2
Q3UMB9	D4A7I6
Q7Z7K6	Q7Z7K6
Q7Z7K6	Q9CXS4
Q7Z7K6	XP_038943200
Q7Z7K6	Q7Z7K6-3
Q7Z7K6	P0DPI3
Q7Z7K6	A0A0U1RR11
Q7Z7K6	A0A0U1RRI6
A6H8Y1	A6H8Y1
A6H8Y1	A6H8Y1-2
A6H8Y1	Q571C7
A6H8Y1	AAI66983
A6H8Y1	NP_001099873
Q8NA03	Q8NA03
Q8NA03	Q66H16
Q8NA03	Q9D3V5
Q6AZY7	Q6AZY7
Q6AZY7	Q6AZY7-2
Q6AZY7	Q8C850
Q6AZY7	Q5KU26
Q6AZY7	Q4V885
Q6AZY7	Q8K4Q8
Q3T906	Q3T906
Q3T906	D3ZKE0
Q3T906	Q69ZN6
Q7M760	Q7M760
Q7M760	Q9UGI0
Q76IC6	Q76IC6
Q76IC6	Q5Y5T3
Q76IC6	Q8IYP9
Q8K2H6	Q8K2H6
Q8K2H6	Q9UM13
Q8K2H6	B5DEP3
O95352	O95352
O95352	Q641Y5
O95352	Q9D906
O95352	O95352-3
O08983	O08983
O08983	Q92902
Q9Y3T9	Q9Y3T9
Q9Y3T9	Q9WV70
Q9Y3T9	Q3T1I0
Q9Y3T9	Q3UZI6
Q99519	Q99519
Q99519	O35657
Q99519	Q99PW3
O00461	O00461
O00461	Q8BXA1
O00461	Q5BJK8
Q80X82	Q80X82
Q80X82	Q92797-2
Q80X82	Q3U2B5
Q80X82	Q92797
Q80X82	Q561R4
Q3U381	Q3U381
Q3U381	Q9BU19
Q3U381	Q9BU19-2
P08721	P08721
P08721	P10923
P08721	P10451
P08721	P10451-5
P08721	P10451-2
Q9CW46	Q9CW46
Q9CW46	Q8IY67
Q9CW46	Q5XI28
Q9CW46	Q8IY67-2
Q9CW46	A4FUZ2
Q9CW46	Q9HCJ3
Q9CW46	Q7TPD6
A0A096LP49	A0A096LP49
A0A096LP49	A0A096LP49-2
A0A096LP49	Q8C5V8
Q9C0J8	Q9C0J8
Q9C0J8	Q8K4P0
Q9C0J8	Q9C0J8-2
Q9C0J8	F1LT09
Q8WZ64	Q8WZ64
Q8WZ64	Q8BZ05
Q8WZ64	ENSRNOP00000003014
Q8WZ64	Q4LDD4
Q8WZ64	F1LM60
Q8WZ64	Q96P48-3
Q8WZ64	Q96P48-5
Q8WZ64	Q96P48-1
Q8WZ64	Q96P48
Q8WZ64	Q8WWN8
Q8WZ64	Q8R5G7
Q8WZ64	D4ADI5
Q8C9B9	Q8C9B9
Q8C9B9	Q9BTC0-3
Q8C9B9	Q9BTC0-1
Q8C9B9	EDL88794
Q8C9B9	Q9BTC0
Q92769	Q92769
Q92769	P70288
Q92769	Q4QQW4
Q92769	O09106
Q92769	Q13547
Q92769	F7ENH8
Q92769	P56517
Q92769	P56519
Q92769	O15379-2
Q92769	Q6P6W3
Q92769	O15379
Q92769	O88895
Q92769	Q8VH37
Q92769	Q9BY41-5
Q92769	Q9BY41
Q92769	B1WC68
Q92769	Q9BY41-6
Q92769	Q91WA3
Q92769	Q96DB2
Q92769	B2GUW3
Q92769	Q96DB2-2
O75717	O75717
O75717	NP_001100725
O75717	P59328
O75400	O75400
O75400	D3ZJ92
O75400	Q9R1C7
O75400	O75400-3
O75400	O75400-2
O75400	Q80W14-3
O75400	Q6NWY9
O75400	F1LTJ8
O75400	Q80W14
Q96PV0	Q96PV0
Q96PV0	Q9QUH6-3
Q96PV0	Q9QUH6
Q96PV0	Q9QUH6-5
Q96PV0	Q96PV0-4
Q96PV0	Q96PV0-2
Q96PV0	F6SEU4
Q96PV0	Q8C2K5
Q96PV0	D3ZWW3
Q96PV0	Q86YV0
Q96PV0	E9PW37
Q96PV0	D4AAY3
Q96PV0	Q9UJF2-2
Q96PV0	Q9UJF2
Q96PV0	Q3UHC7
Q96PV0	Q6P730
Q96PV0	Q5VWQ8-2
Q96PV0	Q5VWQ8
Q96PV0	Q5VWQ8-5
P70174	P70174
P70174	P35367
P70174	P31390
Q99700	Q99700
Q99700	E1BE88
Q99700	Q99700-2
Q99700	O70305-2
Q99700	XP_213779
Q99700	O70305
Q99700	NP_001192459
Q99700	Q7TQH0
Q99700	Q8WWM7
Q99700	Q8WWM7-2
Q99700	Q8WWM7-3
Q99700	Q7TQH0-2
Q99700	B3DMA1
Q96L96	Q96L96
Q96L96	D3ZH28
Q96L96	Q924C5
Q96CW1	Q96CW1
Q96CW1	Q96CW1-2
Q96CW1	Q3TWV4
Q96CW1	P84092
Q96CW1	P84091
Q96CW1	Q9BXS5-2
Q96CW1	Q9BXS5
Q96CW1	P35585
Q96CW1	Q32Q06
Q96CW1	Q9Y6Q5-2
Q96CW1	B2RZA4
Q96CW1	Q9Y6Q5
Q96CW1	Q9WVP1
Q96CW1	Q9WVP1-2
Q96CW1	D3ZRP6
P41183	P41183
P41183	P41182
P41183	B2GUV8
P41183	Q8N143
P41183	O88282
Q8TF76	Q8TF76
Q8TF76	Q8TF76-2
Q8TF76	Q9Z0R0
Q8TF76	M0RBT0
Q9CWZ7	Q9CWZ7
Q9CWZ7	NP_001100854
Q9CWZ7	Q99747
Q8IY21	Q8IY21
Q8IY21	E9PZQ1
Q8IY21	A0A0G2K744
Q8IY21	Q5H9U9
O60383	O60383
O60383	Q07105
O60383	Q9QYW4
O60383	Q9MZE2
O60383	Q9Z0L4
O60383	Q9WUW1
O60383	O95972
Q9H169-2	Q9H169-2
Q9H169-2	P63042
Q9H169-2	Q9H169
Q9H169-2	Q3T0C7
Q9H169-2	P31395
Q9H169-2	P16949
Q9H169-2	P63043-3
Q9H169-2	P13668
Q9H169-2	P54227
Q9H169-2	P63043
Q9H169-2	P16949-2
Q9H169-2	Q93045-2
Q9H169-2	P55821
Q9H169-2	Q93045
Q9H169-2	P21818
Q9H169-2	O70166
Q9H169-2	Q9NZ72
Q9H169-2	Q9JHU6
Q8C1S0	Q8C1S0
Q8C1S0	D3ZAP1
Q8C1S0	A0JLT2
Q9UBP9	Q9UBP9
Q9UBP9	Q5PQS4
Q9UBP9	Q8K2A1
P37237	P37237
P37237	P55075
P37237	P55075-3
P37237	P55075-4
P37237	O60258
P37237	P63075
P37237	P63076
P37237	O76093
P37237	O89101
P37237	O88182
Q5U2X6	Q5U2X6
Q5U2X6	Q96A33-2
Q5U2X6	Q96A33
Q5U2X6	Q9D024
Q8BP99	Q8BP99
Q8BP99	Q8TAB5
Q8CFD5	Q8CFD5
Q8CFD5	Q13216
Q8CFD5	NP_001101120
Q9HB19	Q9HB19
Q9HB19	Q9ERS5
Q9HB19	F1LXA9
Q9HB19	Q9HB21
Q9HB19	Q8BUL6-2
Q9HB19	Q8BUL6
Q9HB19	Q9HB21-2
Q9HB19	A1A5P7
Q9HB19	XP_006230474
P55065	P55065
P55065	P55058
Q62189	Q62189
Q62189	P09012
Q62189	Q5U214
Q62189	B5DEQ4
Q62189	P08579
Q62189	Q9CQI7
Q9BUA3	Q9BUA3
Q9BUA3	Q05AH6
Q9BUA3	E1BD11
Q9BUA3	D4AED1
O95760	O95760
O95760	Q8BVZ5
O95760	Q66H70
Q8IY49	Q8IY49
Q8IY49	Q8R189
Q8IY49	Q15546
Q8IY49	Q9CQY7
Q8IY49	Q719N3
Q9D773	Q9D773
Q9D773	Q5T653
Q9D773	Q2TA12
Q9D773	Q498T4
B5DEL3	B5DEL3
B5DEL3	Q96AE7-2
B5DEL3	Q96AE7
B5DEL3	E9PVB5
P0C1Q3	P0C1Q3
P0C1Q3	Q8BYI6
P0C1Q3	Q7L5N7
P0C1Q3	Q3TFD2
P0C1Q3	Q1HAQ0
P0C1Q3	Q8NF37
P0C1Q3	Q6NVG1
P0C1Q3	Q643R3
P0C1Q3	NP_001099964
P0C1Q3	Q4V8A1
P0C1Q3	Q9D5U0
P04089	P04089
P04089	P01270
P04089	Q9Z0L6
Q66H78	Q66H78
Q66H78	Q8TE99
Q66H78	Q8BHA9
Q9Y2T3-3	Q9Y2T3-3
Q9Y2T3-3	Q9Y2T3
Q9Y2T3-3	Q9R111
Q9Y2T3-3	Q9WTT6
G3V671	G3V671
G3V671	Q00609
G3V671	P33681
Q8NBS3-4	Q8NBS3-4
Q8NBS3-4	Q8NBS3
Q8NBS3-4	A2AJN7
Q8NBS3-4	NP_001101245
Q9UQL6-3	Q9UQL6-3
Q9UQL6-3	F1LM64
Q9UQL6-3	Q9UQL6
Q9UQL6-3	Q9Z2V6
Q9UQL6-3	Q9UQL6-2
Q9UQL6-3	Q99P99
Q9UQL6-3	Q6NZM9
Q9UQL6-3	E5RQ38
Q9UQL6-3	Q9UKV0
Q9UQL6-3	Q9UKV0-3
Q9UQL6-3	Q99N13
Q9UQL6-3	Q9UKV0-6
Q9UQL6-3	Q9UKV0-5
Q9UQL6-3	P56524
Q9UQL6-3	Q8WUI4-8
Q9UQL6-3	Q8WUI4-5
Q9UQL6-3	Q8WUI4-7
Q9UQL6-3	F1N616
Q9UQL6-3	Q8WUI4-3
Q9UQL6-3	Q8WUI4
Q9UQL6-3	XP_008764065
Q9UQL6-3	Q8C2B3
P19801-2	P19801-2
P19801-2	P19801
P19801-2	Q6IMK7
P19801-2	Q6IMK8
P19801-2	Q8JZQ5
P19801-2	P36633
P19801-2	O70423
P19801-2	Q16853
P19801-2	O08590
P19801-2	O75106-2
P19801-2	Q812C9
P19801-2	O75106
P24530-3	P24530-3
P24530-3	P48302
P24530-3	P24530
P24530-3	P21451
P24530-3	P28088
P24530-3	P25101
P24530-3	Q61614
P24530-3	P26684
P24530-3	O54798
P24530-3	Q8K418
P24530-3	P32247
P24530-3	P52500
P24530-3	P30550
P24530-3	P21729
P24530-3	P24053
P24530-3	O54799
P24530-3	P28336
E9PYR1	E9PYR1
E9PYR1	XP_006248969
E9PYR1	Q96ME1
E9PYR1	Q96ME1-2
E9PYR1	Q96ME1-4
NP_001099278	NP_001099278
NP_001099278	Q86US8
NP_001099278	P61406
Q642A4	Q642A4
Q642A4	Q8VE95
Q642A4	Q6P1X6
Q561R7	Q561R7
Q561R7	Q13889
Q561R7	Q8VD76
D3ZZ21	D3ZZ21
D3ZZ21	O95139-2
D3ZZ21	O95139
D3ZZ21	Q3UIU2
D4AEK3	D4AEK3
D4AEK3	Q9JLL0
D4AEK3	Q9NZV1
B5DFI7	B5DFI7
B5DFI7	Q9NXS2
B5DFI7	Q8BH73
B5DFI7	Q9CYK2
B5DFI7	Q16769
Q5PQZ9	Q5PQZ9
Q5PQZ9	O95298
Q5PQZ9	Q9CQ54
Q5PQZ9	E9PQ53
D3ZPT1	D3ZPT1
D3ZPT1	Q9D1F3
D3ZPT1	Q96DE9
D3ZPT1	Q8TE69
D4A138	D4A138
D4A138	P60323
D4A138	P60324
D4A138	P60321
D4A138	D4A4B3
D4A138	P60322
Q5I0K1	Q5I0K1
Q5I0K1	Q9P0Z9
Q5I0K1	Q9D826
Q6AY53	Q6AY53
Q6AY53	P49366-2
Q6AY53	P49366-3
Q6AY53	Q3TXU5
Q6AY53	P49366
P70582	P70582
P70582	Q8BTS4
P70582	Q7Z3B4
Q8K2Y7	Q8K2Y7
Q8K2Y7	Q9HD33
Q8K2Y7	Q3B8R7
Q8K2Y7	Q9HD33-3
B1WBS4	B1WBS4
B1WBS4	Q6AY86
B1WBS4	Q8C0E2
B1WBS4	Q4G0F5
B1WBS4	P40336
B1WBS4	O75436
C9J069	C9J069
C9J069	A2AJA9
C9J069	M0RAB5
A6NE01	A6NE01
C9J6K1	C9J6K1
C9J6K1	D3Z070
Q91YT2	Q91YT2
Q91YT2	Q568Y3
Q91YT2	Q96GF1
Q91YT2	Q99942
Q91YT2	O35445
Q91YT2	Q5M807
Q8C015	Q8C015
Q8C015	D4A280
Q8C015	O96013-2
Q8C015	Q9P286
Q8C015	Q8BTW9
Q8C015	O96013
Q8C015	B5DF62
Q8C015	Q3ULB5
Q8C015	Q9NQU5
Q8C015	D3ZQ51
Q8C015	O75914-3
Q8C015	Q64303
Q8C015	Q62829
Q8C015	Q61036
Q8C015	O75914
Q8C015	Q29502
Q8C015	Q8CIN4
Q8C015	Q13177
Q8C015	Q13153
Q8C015	G3MZE2
Q8C015	P35465
Q8C015	O88643
F1LSH1	F1LSH1
F1LSH1	O00472
F1LSH1	O08856
F1LSH1	P55199
F1LSH1	NP_001100774
F1LSH1	Q3UKU1
F1LSH1	Q9HB65
F1LSH1	Q5XFX8
F1LSH1	Q80VR2
D3ZEF7	D3ZEF7
D3ZEF7	Q01965
D3ZEF7	Q9HBG7
D3ZEF7	Q9HBG7-4
D3ZEF7	Q9NQ25
D3ZEF7	Q8BHK6
D3ZEF7	Q9UIB8
D3ZEF7	Q9UIB8-5
D3ZEF7	Q18PI6
D3ZEF7	Q96A28
D3ZEF7	Q9D780
P12841	P12841
P12841	P01101
P12841	P01100
P12841	P10158
P12841	P48755
P12841	P15407
P12841	D3ZLB7
P12841	P13346
P12841	P53539
P12841	P47930
P12841	P51145
P12841	P15408
P35917	P35917
P35917	P35916
P35917	Q91ZT1
P35917	P35968
P35917	O08775
P35917	P35918
P35917	Q00342
P35917	P36888
P35917	Q00495
P35917	P07333
P35917	P09581
P35917	P05532
P35917	Q63116
P35917	P10721
P35917	P17948
P35917	P17948-2
P35917	P35969
P35917	P17948-8
P35917	P53767
P35917	P11362-21
P35917	P11362-14
P35917	P16092
P35917	P11362-2
P35917	Q04589
P35917	P11362
P35917	P41240
P35917	P32577
P35917	P41241
P35917	P21802
P35917	P21803
P35917	P22607-3
P35917	P22455
P35917	Q03142
P35917	Q61851
P35917	Q498D6
P35917	P22607-2
P35917	Q9JHX9
P35917	P22607
P35917	P22455-2
P35917	Q63827
P35917	F1LSG7
P35917	P21802-18
P35917	P21803-2
P35917	P21802-3
P07101	P07101
P07101	P17289
P07101	P04177
P07101	P24529
P07101	P07101-4
P07101	P07101-2
P07101	P07101-3
P07101	P04176
P07101	P16331
P07101	P00439
P07101	Q8IWU9-2
P07101	Q8CGU9
P07101	Q8CGV2
P07101	P17290
P07101	P09810
P07101	P17532
P07101	Q8IWU9
P07101	P17752
Q8R149	Q8R149
Q8R149	Q4QQU1
Q8R149	Q9BRD0
Q8R149	Q9BRD0-2
Q01113	Q01113
Q01113	Q01114
Q01113	Q01113-3
Q01113	Q63216
P62278	P62278
P62278	P62277
P62278	P62301
Q9HC84	Q9HC84
Q9HC84	E9Q5I3
Q9HC84	P98088
Q9HC84	O75372
Q9HC84	E9PWB6
Q9HC84	Q80T03
Q9HC84	Q6W4X9
Q9HC84	Q02817
Q9HC84	Q80Z19
Q9UJZ1	Q9UJZ1
Q9UJZ1	Q99JB2
Q9UJZ1	Q4FZT0
Q02293	Q02293
Q02293	Q8K2I1
Q02293	P49356
Q8N4X5-4	Q8N4X5-4
Q8N4X5-4	Q5DTU0
Q8N4X5-4	Q8N4X5
Q8N4X5-4	Q8N4X5-2
Q8N4X5-4	Q17R10
Q8N4X5-4	M0R484
Q8N4X5-4	Q8N556-2
Q8N4X5-4	Q8N556
Q8N4X5-4	Q8VH46
Q8N4X5-4	Q80YS6
Q8N4X5-4	Q8BZI0
Q8N4X5-4	Q8BZI0-2
Q8N4X5-4	Q8TED9-4
Q8N4X5-4	Q8TED9
Q8N4X5-4	Q8TED9-2
Q8N4X5-4	D4AB98
Q92633-2	Q92633-2
Q92633-2	P61794
Q92633-2	P61793
Q92633-2	Q92633
Q92633-2	Q9EQ31
Q92633-2	Q9UBY5
Q92633-2	Q8K5E0
Q92633-2	Q9HBW0
Q92633-2	Q9JL06
Q92633-2	Q9JKM5
Q92633-2	Q9H228
Q92633-2	Q91X56
Q92633-2	P51651
Q92633-2	Q8K1Q3
Q92633-2	P30951
Q92633-2	P46089
Q92633-2	P35413
Q92633-2	P47775
Q92633-2	P35412
Q92633-2	P46095
Q92633-2	Q6YNI2
Q92633-2	Q99500
Q92633-2	Q9Z0U9
Q92633-2	P48303
Q92633-2	P21453
Q92633-2	O08530
Q92633-2	O95136
Q92633-2	P47752
Q92633-2	P52592
Q92633-2	Q9Z0L1
Q92633-2	O95977
P51168-2	P51168-2
P51168-2	P51168
P51168-2	P37090
P51168-2	Q9WU38
Q8WY98-2	Q8WY98-2
Q8WY98-2	Q8WY98-3
Q8WY98-2	Q8WY98
Q8WY98-2	Q8R1E7
Q8WY98-2	XP_038967180
Q13772-4	Q13772-4
Q13772-4	Q13772-3
Q13772-4	Q13772
Q13772-4	Q3UI10
D3ZV91	D3ZV91
D3ZV91	Q96EM0
D3ZV91	Q9CXA2
B2GV13	B2GV13
B2GV13	Q2M238
B2GV13	B2RS91
B2GV13	A6NIE6
B2GV13	Q9NYV6
A0A286YF58	A0A286YF58
B2GUZ6	B2GUZ6
B2GUZ6	Q8WWV3
B2GUZ6	Q924D0
B1WC56	B1WC56
B1WC56	Q9CRB2
B1WC56	Q9NX24
B1WC56	P55769
B1WC56	P55770
B1WC56	Q9D0T1
A0A0G2K102	A0A0G2K102
A0A0G2K102	Q9NVX7-2
A0A0G2K102	Q8R179
A0A0G2K102	Q9NVX7
D3ZBZ9	D3ZBZ9
D3ZBZ9	Q9D6K7
D3ZBZ9	Q6PID6
B2RYT4	B2RYT4
B2RYT4	O60783
B2RYT4	Q9CR88
D3ZYX8	D3ZYX8
D3ZYX8	O14548
D3ZYX8	Q61387
D3ZYX8	O60397
D3ZYX8	P14406
D3ZYX8	P24310
D3ZYX8	P48771
D3ZYX8	P56392
D3ZYX8	P07470
D3ZYX8	P35171
D3ZV88	D3ZV88
D3ZV88	Q8BJ97
D3ZV88	Q8N0Y2
D3ZJW0	D3ZJW0
D3ZJW0	P50548
D3ZJW0	P70459
D3ZJW0	P50548-2
D3ZJW0	G3V813
D3ZJW0	P41162
D3ZJW0	Q8R4Z4
D3ZJW0	Q6ZN32
D3ZJW0	A0A1W2PQ73
D3ZJW0	XP_621583
D3ZJW0	XP_574971
A0A0G2K2A7	A0A0G2K2A7
A0A0G2K2A7	Q9D8C6
A0A0G2K2A7	Q9P086
Q6AXT9	Q6AXT9
Q6AXT9	Q8VI88
Q6AXT9	Q2M2E3
B5DFH9	B5DFH9
B5DFH9	B9EJG8
B5DFH9	Q8C8S3
Q5U2R0	Q5U2R0
Q5U2R0	Q99LB6
Q5U2R0	Q9NZL9
B5DF07	B5DF07
B5DF07	Q8JZY4
B5DF07	O15091
Q68FS7	Q68FS7
Q68FS7	Q9JJB9
Q68FS7	Q8IXX5
Q68FS7	Q1AE95
D3ZLK1	D3ZLK1
D3ZLK1	Q6RFH4
D3ZLK1	Q8N6F7-2
D3ZLK1	Q8N6F7
NP_001289873	NP_001289873
NP_001289873	Q501K2
NP_001289873	Q8WVZ9
NP_001289873	Q86V97
Q63247	Q63247
Q63247	Q61660
Q63247	Q92949
Q6JP77	Q6JP77
Q6JP77	Q9P0M2
Q6JP77	O55074
Q6JP77	O43687-2
Q6JP77	Q7TN79
Q6JP77	O43687
Q91YR7	Q91YR7
Q91YR7	O94906
Q91YR7	A1A5S1
Q91YR7	O94906-2
Q9Y252	Q9Y252
Q9Y252	Q9DBU5
Q9Y252	NP_001100588
Q9Y252	Q9WTV7
Q9Y252	Q9NVW2
Q9Y252	Q4V889
P02649	P02649
P02649	P02650
P02649	P08226
Q14494	Q14494
Q14494	Q61985
Q14494	NP_001101763
Q14494	Q6AYT2
Q14494	Q16621
Q14494	Q07279
Q14494	Q16236
Q14494	O54968
Q14494	Q60795
Q14494	Q9Y4A8
Q9H425	Q9H425
Q9H425	D3ZY47
Q9H425	Q8C3W1
Q06945	Q06945
Q06945	Q06831
Q06945	NP_001258134
Q06945	O15370
Q06945	Q04890
Q06945	P0C1G9
Q06945	Q7M6Y2
Q06945	P35716
Q06945	D4A543
Q06945	P48431
Q06945	P48432
Q06945	O00570
Q06945	P53783
Q13164	Q13164
Q13164	P0C865
Q13164	Q9WVS8
Q13164	Q13164-2
Q13164	O23236
Q12797	Q12797
Q12797	Q8BSY0
Q12797	XP_006237917
Q12797	Q8CH79
Q12797	Q9N1E7
Q12797	Q12797-3
Q12797	Q12797-7
Q9UQB8	Q9UQB8
Q9UQB8	Q9UQB8-4
Q9UQB8	Q9UQB8-2
Q9UQB8	Q9UQB8-5
Q9UQB8	Q8BKX1-2
Q9UQB8	Q8BKX1
Q9UQB8	Q6GMN2
Q9UQB8	Q3KR97
Q9UQB8	Q9DBJ3
Q9UQB8	Q9UHR4
P15172	P15172
P15172	P10085
P15172	Q02346
P15172	P24699
P15172	P13349
P15172	D3ZVU3
P15172	P20428
P15172	P12979
P15172	P15173
P15172	P15375
P15172	P19335
P15172	P23409
O60832	O60832
O60832	Q9ESX5
O60832	P40615
O60832	O60832-2
Q9UBF6	Q9UBF6
Q9UBF6	Q9WTZ1
Q9UBF6	D3Z8P1
Q9UBF6	D3ZXH8
Q9UBF6	Q9NYG5
Q9UBF6	Q9CPX9
Q9UBF6	Q498D8
Q9UBF6	P62877
Q9UBF6	P62878
Q8TBA6	Q8TBA6
Q8TBA6	Q8TBA6-2
Q8TBA6	Q3ZU82
Q8TBA6	Q9QYE6
P97343	P97343
P97343	Q8TAS1
P97343	Q63285
Q99708	Q99708
Q99708	Q99708-3
Q99708	Q80YR6
Q99708	B1WC58
Q63470	Q63470
Q63470	Q9Z188
Q63470	Q9Y463
Q63470	Q61214
Q63470	Q13627-2
Q63470	D4ACC4
Q63470	Q9Y463-2
Q63470	Q13627
Q63470	Q13627-4
Q63470	D3ZEK4
Q63470	Q925K9
Q63470	Q9BXA6
Q63470	P85051
Q63470	P53779
Q63470	P53779-2
Q63470	P49186-2
Q63470	P45983-3
Q63470	P45984
Q63470	Q9WTU6-4
Q63470	Q9WTU6
Q63470	P45984-2
Q63470	P49186
Q63470	P45983-2
Q63470	P45984-3
Q63470	P45983
Q63470	Q80W81
Q63470	P49187
Q63470	Q91Y86
Q63470	P49185
Q63470	Q61831
Q9BXM7	Q9BXM7
Q9BXM7	Q99MQ3
Q9BXM7	B5DFG1
A0A1W2PPF3	A0A1W2PPF3
Q5K131	Q5K131
A8MV65	A8MV65
A8MV65	P85442
A8MV65	Q8N8G2
A8MV65	Q8N8G2-2
A8MV65	Q8BGW8
A8MV65	Q99990
Q8C3S9	Q8C3S9
Q8BQS0	Q8BQS0
Q499S9	Q499S9
Q499S9	Q6PIX5
Q499S9	Q96CC6
Q499S9	Q80WQ6
Q499S9	Q6PJF5
Q499S9	F1LWZ3
Q499S9	Q6PJF5-2
E0CZ26	E0CZ26
E0CZ26	D4A827
E0CZ26	Q6PI47
Q537H7	Q537H7
Q537H7	Q9CVW4
B8JKV0	B8JKV0
B8JKV0	Q8IY45
B8JKV0	Q5U201
Q9D424-2	Q9D424-2
Q9Y547	Q9Y547
Q9Y547	B1WC57
Q9Y547	Q9D6H2
Q5SY13	Q5SY13
Q9QUK3	Q9QUK3
Q9QUK3	Q9UBY8
Q9QUK3	Q6AYM9
Q8N6U2	Q8N6U2
Q8N1V8	Q8N1V8
Q6UXQ4	Q6UXQ4
P0C854	P0C854
P01258	P01258
P01258	P70160
P01258	P01257
P01258	P06881
P01258	P10092
P01258	P10093
P01258	Q99MP3
P01258	P01256
P01258	Q99JA0
P01258	P12968
P01258	P10997
P01258	P12969
P0DP58-2	P0DP58-2
P0DP58-2	P0DP57
P0DP58-2	P0DP59
Q6ZRG5	Q6ZRG5
Q7Z4H3	Q7Z4H3
Q7Z4H3	Q3SXD3
Q7Z4H3	D3ZKT8
Q9H2L4	Q9H2L4
Q9H2L4	Q8K174
Q6ZRU5	Q6ZRU5
Q9P2X7	Q9P2X7
Q6ZS92	Q6ZS92
Q5SRR4	Q5SRR4
Q5SRR4	Q8K1T5
Q5SRR4	Q8CHN2
O88763	O88763
O88763	Q6PF93
O88763	Q8NEB9
Q9NPI8	Q9NPI8
Q9NPI8	XP_574453
Q9NPI8	E9Q5Z5
Q6PDJ1	Q6PDJ1
Q6PDJ1	Q5VU97
A0A1B0GTQ4	A0A1B0GTQ4
A0A1B0GTQ4	Q2Q5T5
B5DEZ8	B5DEZ8
B5DEZ8	Q6UX71
B5DEZ8	Q9DC11
B5DEZ8	Q91ZV7-2
B5DEZ8	D3ZEE4
B5DEZ8	Q91ZV7
B5DEZ8	Q8IUK5
Q5T5A4	Q5T5A4
Q5T5A4	Q9DAD0
Q5T5A4	XP_342322
Q5T5A4	Q5T5A4-2
O14521	O14521
O14521	Q9CXV1
O14521	Q6PCT8
O14521	A5GZW8
Q8IXL6	Q8IXL6
Q8IXL6	B1WBN7
Q8IXL6	Q5MJS3
Q8IXL6	Q8VCS3
Q8IXL6	O75063
Q8IXL6	D3ZUZ4
Q8IXL6	Q96MK3
Q8IXL6	Q8CID3
Q8IXL6	I7LRF5
Q8IUI8	Q8IUI8
Q8IUI8	Q9Z2L7
Q8IUI8	NP_001162083
P04141	P04141
P04141	P01587
P04141	P48750
Q8TE85	Q8TE85
Q8TE85	Q5FWH3
Q8TE85	Q8TE85-2
Q8TE85	B5DEI9
Q8TE85	Q8K5C0
Q8TE85	Q6ISB3-2
Q8TE85	Q6ISB3
Q8TE85	Q921D9
Q8TE85	Q9NZI5-2
Q8TE85	Q9NZI5
Q6GQW0	Q6GQW0
Q6GQW0	A6QL63
Q6GQW0	E9QJW1
Q6GQW0	Q8N961
Q6GQW0	O08764
Q6GQW0	Q7TQI7
Q6GQW0	Q8N961-2
Q07507	Q07507
Q07507	Q9QZZ6
Q9CPY4	Q9CPY4
Q9CPY4	O75956
Q9CPY4	O14519
Q9CPY4	O35207
Q9CPY4	B0BN48
Q9UN30	Q9UN30
Q96IZ5	Q96IZ5
Q96IZ5	Q8JZV4
Q96IZ5	Q96IZ5-3
Q96IZ5	D3ZTA4
Q9NQE9	Q9NQE9
Q9NQE9	NP_001263362
Q9NQE9	Q9CPS6
Q9NQE9	Q8K3P7
Q6P161	Q6P161
Q6P161	Q9CPW3
Q6P161	D3Z9K2
Q9P206-2	Q9P206-2
Q9P206-2	A2A7S8-2
Q9P206-2	A2A7S8
Q9P206-2	Q9P206
Q9P206-2	D3ZQK5
Q5NDL2	Q5NDL2
Q5NDL2	Q5NDL0
Q5NDL2	Q8BYW9
Q8C3I8	Q8C3I8
Q8C3I8	Q9BTY7
Q8C3I8	Q6AY79
Q99JY8	Q99JY8
Q99JY8	O14495
Q99JY8	P97544
Q99JY8	O43688-2
Q99JY8	O43688
Q99JY8	Q8K593
Q99JY8	Q9DAX2
Q99JY8	O14494-2
Q99JY8	Q61469-2
Q99JY8	O08564
Q99JY8	O14494
Q99JY8	Q61469
Q9ERQ3	Q9ERQ3
Q9ERQ3	Q6ZNC4
Q9ERQ3	Q9H8N7
Q9ERQ3	NP_001100741
Q9ERQ3	E9Q5N9
Q9ERQ3	Q9NR83
Q9ERQ3	Q9NR83-2
Q9BWG6	Q9BWG6
Q9BWG6	Q8K136
Q9BWG6	D3ZSG1
Q9NQY0	Q9NQY0
Q9NQY0	Q9JI08
Q9NQY0	Q68FW8
Q8N119	Q8N119
Q8N119	Q8K3F2
Q8N119	Q9JHI0
Q8N119	Q99542
Q8N119	B4E030
P70261	P70261
P70261	Q9ULE6
P70261	D3ZCT5
Q9NVR5	Q9NVR5
Q9NVR5	Q8BPI1
Q9NVR5	Q5FVL7
Q5VZ89-7	Q5VZ89-7
Q5VZ89-7	Q5VZ89
Q5VZ89-7	F1N032
Q5VZ89-7	A6H8H2-2
Q5VZ89-7	A6H8H2
Q5VZ89-7	ENSRNOP00000071348
Q5VZ89-7	XP_003754102
Q5VZ89-7	Q7Z401-2
Q5VZ89-7	Q7Z401
Q5VZ89-7	D4A518
Q5VZ89-7	E9Q8V6
Q5VZ89-7	Q3U1Y4
Q5VZ89-7	O75064
Q9QZ26	Q9QZ26
Q9QZ26	Q9UJ90
Q9QZ26	Q9JJV7
Q9QZ26	Q9Y6H6
Q9QZ26	Q9WTW2
Q8IUQ0	Q8IUQ0
Q8IUQ0	Q9D4C9
Q8IUQ0	A6JUQ6
Q8IUQ0	A6JFQ6
Q8IUQ0	Q5SYC1
Q8IUQ0	Q8BG92
Q8IUQ0	P41034
Q8IUQ0	P49638
Q8IUQ0	Q8BWP5
Q8IUQ0	D3ZGM8
Q8IUQ0	Q9D3D0
Q8IUQ0	Q9BTX7
Q8IUQ0	P12271
Q8IUQ0	Q9Z275
Q9C0B2	Q9C0B2
Q9C0B2	F1LW62
Q9C0B2	Q3UY96
Q8IZU2	Q8IZU2
Q8IZU2	G3UVU7
Q8IZU2	Q8C8Y2
Q96RS6	Q96RS6
Q96RS6	Q6PIP5
Q96RS6	B5DFD1
Q96RS6	Q96RS6-2
F8VPT3	F8VPT3
F8VPT3	O35082
F8VPT3	Q9UEF7
F8VPT3	Q9Z2Y9
F8VPT3	Q02401
F8VPT3	P09848
F8VPT3	Q86Z14
F8VPT3	Q99N32
F8VPT3	Q6UWM7
F8VPT3	NP_001101628
F8VPT3	Q8K1F9
F8VPT3	Q9H227
F8VPT3	G3V8Y1
Q8C4B4	Q8C4B4
Q8C4B4	A6NIH7
Q8C4B4	A0A0G2K351
Q8C4B4	Q9Z2R6
Q8C4B4	Q13432
Q8C4B4	Q62885
Q8N8F7	Q8N8F7
Q8N8F7	Q3UQS2
Q8N8F7	XP_001058983
Q53G44	Q53G44
Q53G44	Q9BDB7
Q53G44	Q8TCB0
Q53G44	Q8BV66
Q330K2	Q330K2
Q330K2	A2AIL4
Q330K2	D3ZN43
Q9BSK4	Q9BSK4
Q9BSK4	Q8C0T1
Q9BSK4	Q9Z2G1
Q9BSK4	Q4V890
Q9BSK4	D3ZZR4
Q9BSK4	Q96JP0
Q9BSK4	Q8CEF1
Q9BSK4	P0C6P7
Q9BSK4	Q9UK73
Q9BSK4	Q9Z2G0
Q8TB92	Q8TB92
Q8TB92	D4A5C3
Q8TB92	Q8JZS7
Q8TB92	P38060
Q8TB92	P35914
Q8TB92	Q8TB92-2
Q8TB92	P97519
Q8TB92	P35914-2
Q9WV30-2	Q9WV30-2
Q9WV30-2	O94916-5
Q9WV30-2	Q9WV30
Q9WV30-2	O94916-2
Q9WV30-2	O94916-4
Q9WV30-2	D3ZGB1
Q9WV30-2	O94916
P14222	P14222
P14222	P35763
P14222	P10820
Q96LM5	Q96LM5
B2RVB9	B2RVB9
B2RVB9	Q9BU79
B2RVB9	G3V9U5
Q6P8Y0	Q6P8Y0
Q6P8Y0	Q6P656
Q8WZB0	Q8WZB0
B2RXC8	B2RXC8
B2RXC8	D3ZLD7
B2RXC8	Q06190
B2RXC8	Q06190-2
B2RXC8	Q9Z176
B2RXC8	Q9Y5P8
B2RXC8	B1WBU2
Q3V1L9	Q3V1L9
Q3V1L9	Q8C5R2
Q3V1L9	M0RAK0
Q3V1L9	Q86WR7
Q3V1L9	Q86WR7-2
Q96P69	Q96P69
Q96P69	Q9QXI3
Q96P69	Q8NDV2
Q96P69	Q8BZA7
Q8NEG5	Q8NEG5
Q8NEG5	Q9D9X6
Q9NZV5	Q9NZV5
Q9NZV5	D3Z2R5
Q9NZV5	Q9NZV5-2
Q9NZV5	XP_038967216
Q96EN9	Q96EN9
Q96EN9	XP_006252958
Q96EN9	Q9CYZ6
NP_001258164	NP_001258164
NP_001258164	O35305
NP_001258164	Q9Y6Q6
NP_001258164	P20334
NP_001258164	Q07011
NP_001258164	P27512
NP_001258164	P25942
NP_001258164	P43489
NP_001258164	P47741
NP_001258164	P15725
XP_001064331	XP_001064331
Q7TP40	Q7TP40
Q7TP40	Q8WW12
Q7TP40	Q8WW12-2
Q7TP40	Q32PF3
Q7TP40	Q6P8I4
Q2PMX6	Q2PMX6
Q2PMX6	XP_001055549
Q61133	Q61133
Q61133	P30713
Q61133	P0CG29
Q61133	P0CG30
Q61133	Q99L20
Q61133	Q01579
Q61133	D3Z8I7
Q61133	P30711
Q61133	Q64471
Q61133	A0A1W2PR19
Q61133	Q9D4P7
Q61133	Q4V8E6
XP_575592	XP_575592
XP_575592	P60335
XP_575592	Q15365
XP_575592	Q61990-2
XP_575592	Q15366-4
XP_575592	Q15366-5
XP_575592	Q15366-2
XP_575592	Q15366
XP_575592	P57722
XP_575592	P57721
XP_575592	Q61990
XP_575592	Q6AYU2
XP_575592	Q6AY48
XP_575592	Q15366-3
XP_575592	Q15366-6
XP_575592	P57722-2
XP_575592	P57723
XP_575592	P57724
XP_575592	D3ZCS3
XP_575592	B4DRD7
P0DMS9-2	P0DMS9-2
P0DMS9-2	Q9DAR9
P0DMS9-2	P0DMS9
P0DMS9-2	G3X8R9
XP_003753475	XP_003753475
XP_003753475	Q8C9S4
XP_003753475	Q7Z3E2
XP_001473369	XP_001473369
XP_001473369	P67984
XP_001473369	P35268
XP_001473369	P47198
XP_001473369	Q6P5R6
XP_001473369	Q9D7S7
XP_001473369	B2RZD5
Q9D2Z4	Q9D2Z4
Q9D2Z4	Q5FVJ8
Q9D2Z4	Q96LD8
E9PUC1	E9PUC1
E9PUC1	Q8N0W5
Q8IVQ6	Q8IVQ6
Q8IVQ6	Q9D270
Q8IVQ6	Q2TGI9
Q5TA78	Q5TA78
Q5TA78	Q5TA77
Q5TA78	Q5T5A8
Q5TA78	Q5TA76
Q9H237	Q9H237
Q9H237	Q9JJJ7
Q9H237	Q9H237-2
O70238	O70238
Q8N2A8	Q8N2A8
Q8N2A8	Q5SWZ9
Q9Y2B2	Q9Y2B2
Q9Y2B2	Q5SX19
Q9Y2B2	O35790
Q9H2C2	Q9H2C2
Q9H2C2	D3ZTJ1
Q9H2C2	Q9D0U9
Q5XG85	Q5XG85
Q5BJP3	Q5BJP3
Q5BJP3	P61961
Q5BJP3	P61960
B1WBX5	B1WBX5
B1WBX5	O75387-2
B1WBX5	Q8BSM7
B1WBX5	O75387
B1WBX5	Q8N370-3
B1WBX5	Q8N370-2
B1WBX5	Q8CGA3
B1WBX5	NP_001099282
B1WBX5	Q8N370
D3ZNU3	D3ZNU3
D3ZNU3	Q6PG95
D3ZNU3	Q96RY5
D3Z9L5	D3Z9L5
D3Z9L5	Q8K1X1
D3Z9L5	Q9BZH6
O00410-3	O00410-3
O00410-3	NP_001101054
O00410-3	Q8BKC5
O00410-3	O60518
O00410-3	Q8BIV3
O00410-3	O00410
O00410-3	D4A781
P70537	P70537
P70537	P70675
B0K036	B0K036
B0K036	Q3U276
B0K036	A6NFY7
Q8TAT6-2	Q8TAT6-2
Q8TAT6-2	Q9ES54
Q8TAT6-2	Q8TAT6
Q8TAT6-2	P60670
Q3MHL7	Q3MHL7
Q3MHL7	P40227
Q3MHL7	Q3MHS9
Q3MHL7	Q61390
Q3MHL7	Q92526
Q3MHL7	P40227-2
Q3MHL7	P80317
O00231-2	O00231-2
O00231-2	F1LMZ8
O00231-2	O00231
O00231-2	Q8BG32
P39880-3	P39880-3
P39880-3	Q13948
P39880-3	P70403
P39880-3	P39880-2
P39880-3	P39880
P39880-3	NP_001258309
P39880-3	P70298
P39880-3	P39880-9
P39880-3	P53565
P39880-3	P53564
P39880-3	Q13948-2
P39880-3	O14529
Q9ULJ8-3	Q9ULJ8-3
Q9ULJ8-3	Q9ULJ8-5
Q9ULJ8-3	O35867
Q9ULJ8-3	Q7TN74
Q9ULJ8-3	Q9ULJ8
Q9ULJ8-3	O35274
Q9ULJ8-3	Q6R891
Q9ULJ8-3	Q96SB3
Q9ULJ8-3	Q9ULJ8-2
Q9ULJ8-3	Q5BJU3
Q9ULJ8-3	Q8K070
Q9ULJ8-3	Q8IZD0
Q9C0F1-2	Q9C0F1-2
Q9C0F1-2	Q9C0F1
Q9C0F1-2	Q3B7T8
Q9C0F1-2	Q5HZK1
G3V7M0	G3V7M0
G3V7M0	A5YKK6-2
G3V7M0	A5YKK6-3
G3V7M0	A5YKK6-4
G3V7M0	Q6ZQ08
G3V7M0	A5YKK6
Q6J4I0	Q6J4I0
Q6J4I0	Q9UD71
Q6J4I0	Q9UD71-2
Q6J4I0	P07516
Q6J4I0	Q60829
Q9UID3	Q9UID3
Q9UID3	Q9UID3-2
Q9UID3	Q3UVL4
Q9UID3	F1M4I4
Q61542	Q61542
Q61542	Q14849
Q61542	Q5U2T5
Q61542	Q14849-3
Q61542	Q5U205
Q61542	O95772
Q61542	Q9DCI3
Q61542	P49675
Q61542	P70114
Q61542	P97826
Q61542	P51557
Q9ULK0	Q9ULK0
Q9ULK0	Q61627
Q9ULK0	Q62640
Q9ULK0	Q61625
Q9ULK0	O43424
Q9ULK0	Q63226
Q9ULK0	P22756
Q9ULK0	P39086
Q9ULK0	Q60934
Q9ULK0	P39086-2
Q9ULK0	P42260
Q9ULK0	P39087
Q9ULK0	Q13002
Q9ULK0	P42264
Q9ULK0	Q13003
Q9ULK0	B1AS29
Q9ULK0	Q16478
Q9ULK0	Q8BMF5
Q9ULK0	Q16099
Q9ULK0	Q63273
Q9ULK0	Q01812
Q9ULK0	Q61626
Q9ULK0	P23819-3
Q9ULK0	P42261
Q9ULK0	P42261-6
Q9ULK0	P23818
Q9ULK0	P42262-2
Q9ULK0	P23819
Q9ULK0	P19491
Q9ULK0	P19493
Q9ULK0	Q9Z2W8
Q9ULK0	NP_001106651
Q9ULK0	P42262
Q9ULK0	P48058
Q9ULK0	P42262-3
Q9ULK0	P19490
Q9ULK0	P42263
Q9ULK0	P42263-2
Q9ULK0	P19492
Q9ULK0	Q9Z2W9
Q9ULK0	P48058-2
Q921T2	Q921T2
Q921T2	Q5PQX1
Q921T2	Q5JTV8-3
Q921T2	Q5JTV8
Q921T2	Q5JTV8-2
Q8CGC7	Q8CGC7
Q8CGC7	Q6TXE9
Q8CGC7	P07814
Q8CGC7	Q66H61
Q8CGC7	Q8BML9
Q8CGC7	P47897
Q9BQ67	Q9BQ67
Q9BQ67	Q810D6
Q9BQ67	Q5XI13
Q8IVS8	Q8IVS8
Q8IVS8	Q8QZY2
Q8IVS8	Q0VGK3
Q9CQM9	Q9CQM9
Q9CQM9	O76003
Q9CQM9	Q9JLZ1
Q9CQM9	Q86SX6
Q9CQM9	D4ADD7
Q9CQM9	Q80Y14
Q8NAG6	Q8NAG6
Q8NAG6	XP_006253021
Q8NAG6	A8VU90
P13852	P13852
P13852	P04156
P13852	P04925
Q6P6T5	Q6P6T5
Q6P6T5	Q16625-3
Q6P6T5	A2VE81
Q6P6T5	Q61146
Q6P6T5	Q16625
Q6P6T5	Q16625-2
Q6P6T5	Q91049
P97837	P97837
P97837	Q8BJ42
P97837	O95886
P97837	Q6PFD5
P97837	P97838
P97837	Q9P1A6
P97837	P97839
P97837	Q9Y2H0-3
P97837	B1AZP2
P97837	Q9Y2H0
P97837	B1AZP2-2
P97837	Q9Y2H0-1
P97837	P97836
P97837	Q9D415
P97837	Q9D415-2
P97837	Q9D415-4
P97837	O14490-2
P97837	O14490
Q2KN99	Q2KN99
Q2KN99	Q2KN98
Q2KN99	Q69YQ0
Q2KN99	Q5SXY1
Q2KN99	Q5M775
Q2KN99	Q5M775-3
Q2KN99	Q4KLM7
Q2KN99	Q5M775-4
Q2KN99	Q5M775-2
Q2KN99	Q5M775-5
Q8IXN7	Q8IXN7
Q8IXN7	Q9ULI2
Q8IXN7	Q6PFX8
Q8IXN7	Q9ULI2-2
Q8IXN7	Q80WS1
Q8IXN7	D4ADZ3
Q9QXW2	Q9QXW2
Q9QXW2	Q969U6
Q9QXW2	Q4KLI9
Q5QE78	Q5QE78
Q5QE78	Q5SGK3
Q5QE78	Q06278
Q5QE78	O54754
Q5QE78	Q9Z0U5
Q5QE78	Q3TYQ9
Q5QE78	Q5QE79
Q5QE78	G3X982
Q5QE78	Q5QE80
Q5QE78	Q00519
Q5QE78	P47989
Q5QE78	P22985
A2ARP9	A2ARP9
A2ARP9	Q96P56
A2ARP9	Q6AXP6
Q8N584	Q8N584
Q8N584	Q0VGK2
Q8N584	Q8VE09
Q9H7F0	Q9H7F0
Q9H7F0	Q5XF89
Q9H7F0	Q4VNC0
Q9H7F0	Q3TYU2
Q9H7F0	Q9NQ11
Q9H7F0	Q9CTG6
Q9H7F0	Q4VNC1
Q9H7F0	F1M9L4
Q9H7F0	Q5XF90
Q8BWA5	Q8BWA5
Q8BWA5	D3ZLT6
Q8BWA5	Q9H511
Q8BWA5	Q69ZK5
Q8BWA5	Q9P2G3
Q8BWA5	A2AJX0
Q8BWA5	Q96NJ5
Q8BWA5	Q53HC5
Q8BWA5	D3ZH92
Q8BWA5	Q8BGY4
P05161	P05161
P05161	D4A3X3
P05161	Q64339
P39656	P39656
P39656	O54734
P39656	Q641Y0
P55073	P55073
P55073	Q91ZI8
P55073	P49897
P55073	Q61153
P55073	P49895
P55073	P24389
P55073	Q92813
P55073	Q9Z1Y9
P55073	P70551
Q8K4Y7	Q8K4Y7
Q8K4Y7	Q8WVQ1
Q8K4Y7	Q8VCF1
Q9HA64	Q9HA64
Q9HA64	Q8K274
Q9HA64	B2RYN1
Q9HA64	Q9H479
Q9HA64	Q9ER35
Q86Z20	Q86Z20
Q86Z20	Q5U465
Q5ZPR3	Q5ZPR3
Q5ZPR3	Q7TPB4
Q5ZPR3	Q8VE98
Q5ZPR3	Q9JHJ8
Q5ZPR3	O75144-2
Q5ZPR3	O75144
Q5ZPR3	Q7TSP5
Q5ZPR3	Q501W4
Q5ZPR3	Q7Z7D3
Q5ZPR3	F7B770
Q15649	Q15649
Q15649	Q9CQK1
Q15649	D4AA75
Q86TM6	Q86TM6
Q86TM6	B2RYC4
Q86TM6	Q9DBY1
P10909-2	P10909-2
P10909-2	P10909
P10909-2	Q06890
P10909-2	P05371
Q62720	Q62720
Q62720	Q9Y6M5
Q62720	Q60738
Q62720	Q6XR72
Q62720	Q3UVU3
H0YIS7	H0YIS7
H0YIS7	Q8IXM2
H0YIS7	Q8IXM2-3
H0YIS7	Q8IXM2-2
H0YIS7	B0BNM4
H0YIS7	Q9DCT6
H0YIS7	Q8K3C0
H0YIS7	Q9DCT6-3
NP_001094178	NP_001094178
NP_001094178	Q16656-4
NP_001094178	Q9WU00
NP_001094178	Q16656
O43390-2	O43390-2
O43390-2	O43390-4
O43390-2	O43390-3
O43390-2	O43390
O43390-2	Q7TMK9
O43390-2	Q7TMK9-2
O43390-2	O60506
O43390-2	O60506-2
O43390-2	O60506-3
O43390-2	Q7TP47
O43390-2	Q566E4
O43390-2	Q8VHM5
O43390-2	Q5YD48
O43390-2	Q9NQ94-4
O43390-2	Q923K9
O43390-2	Q9NQ94
O43390-2	A0AV96
O43390-2	A0AV96-2
O43390-2	Q91WT8
O43390-2	Q66H68
O43390-2	Q8TBY0
O43390-2	P86049
O43390-2	Q8IYX4
O43390-2	Q6VY05
P02698	P02698
P02698	Q61017
P02698	P63211
P02698	Q61012
P02698	D3ZLD6
P02698	P61952
P02698	P61953
P02698	P61954
P02698	O14610
D4A4T0	D4A4T0
D4A4T0	Q9UNE7
D4A4T0	F1MUH4
D4A4T0	Q9WUD1
Q96Q05-2	Q96Q05-2
Q96Q05-2	Q3U0M1
Q96Q05-2	Q96Q05
Q96Q05-2	NP_001029328
Q9HCD6-2	Q9HCD6-2
Q9HCD6-2	Q9C0D5
Q9HCD6-2	G3X6E6
Q9HCD6-2	Q0VGY8
Q9HCD6-2	Q9C0D5-2
Q9HCD6-2	Q6F6B3
Q9HCD6-2	A2A690
Q9HCD6-2	F1LTE0
Q9HCD6-2	Q9HCD6
Q9HCD6-2	Q62422
Q9HCD6-2	Q6P686
Q9HCD6-2	Q92882
D4A1V1	D4A1V1
D4A1V1	Q8BXG3
D4A1V1	Q9NWB7
Q96JI7	Q96JI7
Q96JI7	Q96JI7-2
Q96JI7	XP_242139
Q96JI7	Q3UHA3
Q3TEL6	Q3TEL6
Q3TEL6	M0R5D6
Q3TEL6	Q96PX1
Q3TEL6	Q3TEL6-2
Q3TEL6	O60291-2
Q3TEL6	O60291-3
Q3TEL6	Q5XIQ4
Q3TEL6	Q9D074
Q3TEL6	O60291
Q8K2C6	Q8K2C6
Q8K2C6	Q68FX9
Q8K2C6	Q9NXA8
Q03701	Q03701
Q03701	P53569
Q03701	D3ZNU1
Q6QX36	Q6QX36
Q6QX36	Q8BNV8
Q9CTN4	Q9CTN4
Q9CTN4	O94955
Q7LGC8	Q7LGC8
Q7LGC8	Q9QZL2
Q7LGC8	O88199
Q96QK8	Q96QK8
Q96QK8	Q91VT8
Q96QK8	Q498C7
Q5DX21	Q5DX21
Q5DX21	Q5DX21-2
Q5DX21	P0C673
Q5DX21	Q5U2P2
Q5DX21	P78310
Q5DX21	P78310-6
Q5DX21	P78310-4
Q5DX21	P97792-2
Q5DX21	P78310-5
Q5DX21	Q9R066
Q5DX21	P97792
Q5DX21	P78310-2
Q5DX21	Q68FQ2
Q5DX21	Q9D8B7
Q5DX21	Q9BX67
Q5DX21	D4ADY0
Q5DX21	Q96IQ7
Q5DX21	Q9Z109
Q5DX21	Q8R373
Q5DX21	Q9H6B4
Q5DX21	Q8K1G0
Q5DX21	Q7M729
Q5DX21	Q8IWT1
Q5DX21	Q7M730
Q5DX21	P57087-3
Q5DX21	P57087
Q5DX21	Q9JI59
Q5DX21	O88792
Q5DX21	Q9JHY1
Q5DX21	Q9Y624
Q9NZC9	Q9NZC9
Q9NZC9	Q8BJL0
Q9NZC9	NP_001101692
Q9NZC9	D3YUX5
Q8NFF5	Q8NFF5
Q8NFF5	D4A4P4
Q8NFF5	Q8R123
Q64286	Q64286
Q9NS25	Q9NS25
Q9NS25	Q9NS26
Q9NS25	Q9BXN6
Q9NS25	Q9NY87
Q5T8A7	Q5T8A7
Q5T8A7	Q6A025
E9Q7R9	E9Q7R9
E9Q7R9	XP_345042
E9Q7R9	Q8NDM7
Q32MQ0	Q32MQ0
Q32MQ0	Q8BH05
P20067	P20067
P20067	P41135
P20067	P41134
P20067	P41137
P20067	P41136
P20067	Q02363
P20067	Q14602
P20067	P41138
P20067	P41133
P20067	Q02535
P20067	P41139
P20067	P47928
Q99KU0	Q99KU0
Q99KU0	Q96GC9
Q99KU0	Q91ZQ0
O15353	O15353
O15353	Q61575
O15353	O00358
O15353	Q8R2I0
O15353	Q6PJQ5
O15353	Q9QY14
O15353	O54743
O15353	Q12946
O15353	Q61080
O15353	Q12947
O15353	Q8K3Q3
O15353	Q96NZ1
O15353	F1M4N5
Q3UJF0	Q3UJF0
Q3UJF0	Q9Y2T6
Q56B11	Q56B11
Q56B11	Q9DBD5
Q56B11	Q8IZL8
Q5XIW8	Q5XIW8
Q5XIW8	O43290
Q5XIW8	Q9Z315
Q9BXW4	Q9BXW4
Q9BXW4	Q9GZQ8
Q9BXW4	Q9CQV6
Q9BXW4	Q9H492-2
Q9BXW4	Q9H492
Q9BXW4	Q91VR7
Q9BXW4	Q6XVN8
Q9BXW4	Q62625
Q9BXW4	A6NCE7
Q9BXW4	Q9H0R8-2
Q9BXW4	Q0VGK0
Q9BXW4	Q9BY60
Q9BXW4	P60517
Q9BXW4	Q9DCD6
Q9BXW4	Q8R3R8
Q9BXW4	Q9H0R8
Q9BXW4	O95166
Q9BXW4	P60521
Q9BXW4	P60522
Q9BXW4	P60520
Q9BXW4	P60519
Q9CXE6	Q9CXE6
Q9CXE6	O43542
Q8N2H9	Q8N2H9
Q8N2H9	Q8BXR6
Q8N2H9	Q9HAT8
Q8N2H9	Q96FA3
Q8N2H9	B2RYE1
Q8N2H9	D3ZSK3
Q8N2H9	Q8BST6
Q8N2H9	Q8C669
Q8N7U9	Q8N7U9
D4A2G7	D4A2G7
D4A2G7	Q96JC9
D4A2G7	Q9D4C5
D4A2G7	Q811X5
D4A2G7	Q96CJ1
D4A2G7	Q91ZD6
Q925D8	Q925D8
Q925D8	Q923K1
Q925D8	Q7RTX0
Q925D8	Q9Z0R7
Q925D8	Q925I4
Q2M385	Q2M385
Q2M385	Q9WV57
Q2M385	A1L314
Q9D0N8	Q9D0N8
Q9D0N8	Q6PEY1
Q8K0R6	Q8K0R6
Q8K0R6	A6NH11
Q8K0R6	Q5XIS2
Q8K0R6	Q8BS40
Q8K0R6	Q5TA50
Q9CQZ1	Q9CQZ1
Q9CQZ1	O75506
Q9CQZ1	Q8K3X8
Q9CQZ1	C9JCN9
Q9CQZ1	D4A9E1
Q9CQZ1	B2RXB2
XP_001076743	XP_001076743
XP_001076743	O55018
Q6ZU69	Q6ZU69
Q6ZU69	C0HKD1
Q6ZU69	C0HKD2
Q6ZU69	C0HKD3
Q6ZU69	A6NFA0
Q6ZU69	Q80YD3
Q6ZU69	Q642A3
Q8C9N2	Q8C9N2
Q9DAE3	Q9DAE3
Q9DAE3	Q5T871
Q9UQ16-4	Q9UQ16-4
Q9UQ16-4	P39053-4
Q9UQ16-4	P39053-6
Q9UQ16-4	Q9UQ16
Q9UQ16-4	Q08877
Q9UQ16-4	P21575
Q9UQ16-4	Q05193-2
Q9UQ16-4	P39054
Q9UQ16-4	P39053-3
Q9UQ16-4	Q9UQ16-3
Q9UQ16-4	P50570
Q9UQ16-4	P39052
Q9UQ16-4	P39053
Q9UQ16-4	Q05193
Q9UQ16-4	P50570-4
Q9UQ16-4	Q05193-3
Q9UQ16-4	P50570-3
Q9UQ16-4	P21575-2
Q9UQ16-4	P39054-2
Q9UQ16-4	Q8BZ98
Q9UQ16-4	P50570-2
Q9UQ16-4	O35303
Q9UQ16-4	O00429-6
Q9UQ16-4	Q8K1M6
Q9UQ16-4	O00429
Q9UQ16-4	Q8K1M6-3
Q9UQ16-4	O00429-2
Q9UQ16-4	E9PUD2
Q9UQ16-4	O00429-4
Q9UQ16-4	O00429-3
Q9UQ16-4	P20592
Q9UQ16-4	P18590
Q9UQ16-4	P18588
Q9UQ16-4	P18589
Q9UQ16-4	P20591
Q9UQ16-4	Q9WVP9
Q9UQ16-4	P09922
Q9UQ16-4	Q6PK57
Q9D5T2	Q9D5T2
Q9D5T2	Q80W38
P22934	P22934
P22934	P25118
P22934	P19438
H9CWD5	H9CWD5
H9CWD5	Q8NFU4
Q5M9F6	Q5M9F6
Q5M9F6	P49914-2
Q5M9F6	Q9D110
Q5M9F6	P49914
Q5M827	Q5M827
Q5M827	O00625
Q5M827	Q9D711
D3ZP87	D3ZP87
D3ZP87	A1XBS5
D3ZP87	Q8BP22
D3ZP87	Q6ZTR7
D3ZP87	D3ZCB9
D3ZP87	Q3V2J0
O35449	O35449
O35449	Q6MG82
O35449	Q99946
Q8BPC6	Q8BPC6
Q8BPC6	P70404
Q8BPC6	P51553
Q8BPC6	Q4QQT5
Q8BPC6	P41565
Q8BPC6	Q99NA5
Q8BPC6	Q9D6R2
Q8BPC6	P50213
Q8BPC6	O43837
Q8BPC6	Q91VA7
Q8BPC6	O43837-2
Q8BPC6	Q68FX0
Q3KRF1	Q3KRF1
Q3KRF1	Q8BVK9
Q3KRF1	Q922J2
P50053	P50053
P50053	P97328
P50053	Q02974
P50053	P50053-2
D3ZI42	D3ZI42
D3ZI42	Q6UWE0-2
D3ZI42	Q6UWE0
D3ZI42	Q80ZI6
D3ZI42	Q6UWE0-3
D3ZM38	D3ZM38
D3ZM38	E9Q5W2
Q8CDU4	Q8CDU4
Q8CDU4	Q8NEE6
Q8CDU4	Q8NEE6-3
Q13724	Q13724
Q13724	Q80UM7
Q13724	O88941
Q9UDR5	Q9UDR5
Q9UDR5	Q99K67
Q9UDR5	A2VCW9
Q8N8M0	Q8N8M0
Q96LL4	Q96LL4
Q96LL4	Q3TTJ4
O95876	O95876
O95876	Q8C456
O95876	B1WC10
Q80X66	Q80X66
Q80X66	Q7Z5Y7
Q80X66	NP_001386330
Q80X66	Q9BSF8
Q80X66	Q8CDD8
Q9NVL8	Q9NVL8
Q9NVL8	Q9CPZ1
Q8BTG6	Q8BTG6
Q8BTG6	Q9H741
Q9NSC7	Q9NSC7
Q9NSC7	Q9QZ39
Q9NSC7	Q9UJ37
Q9NSC7	P70277
Q9NSC7	P70126
Q9NSC7	O15466
Q9NSC7	Q6ZXC8
Q9NSC7	Q8K4T1
Q9NSC7	P61647
Q9NSC7	Q92185
Q9NSC7	Q64687
Q9NSC7	P97877
Q9NSC7	O43173
Q9NSC7	Q64689
Q86WR6	Q86WR6
Q86WR6	Q9D979
Q86WR6	D4A8L7
O75380	O75380
O75380	P52503
O75380	P52504
Q14140	Q14140
Q14140	Q9JJG5
Q99N96	Q99N96
Q99N96	Q9BYD6
Q99N96	B5DER4
Q99N96	A6QPQ5
Q9BYJ0	Q9BYJ0
Q9NPP4	Q9NPP4
Q9NPP4	Q3UP24
Q9NPP4	F1M649
Q3TXX3	Q3TXX3
Q3TXX3	Q5T4F4
Q3TXX3	Q6P7B7
Q3TXX3	Q5T4F4-2
Q5FW52-1	Q5FW52-1
Q3V132	Q3V132
Q3V132	Q09073
Q3V132	Q05962
Q3V132	Q6QRN9
Q3V132	XP_001927475
Q3V132	P51881
Q3V132	P05141
Q3V132	P48962
Q3V132	P12235
Q3V132	Q9H0C2
Q3V132	P12236
Q3V132	P02722
Q3V132	XP_003133393
Q3V132	XP_001067726
Q3V132	Q86VD7
Q3V132	Q8R0Y8
Q3V132	P0C546
Q99NF2	Q99NF2
Q99NF2	Q6X4W1
Q99NF2	Q6X4W1-3
Q99NF2	Q9EPI6
Q7Z388	Q7Z388
Q7Z388	A2AJQ3
Q7Z388	Q6ZPD9
Q7Z388	Q71B07
Q8N2U0	Q8N2U0
Q8N2U0	Q5F285
Q9H0R3	Q9H0R3
Q9H0R3	Q8BVA2
Q9H0R3	B0BNM0
Q7TP42	Q7TP42
Q7TP42	Q8BU14
Q7TP42	Q99442
Q8BKE5	Q8BKE5
Q8BKE5	O95073
Q8BKE5	D3ZXW3
XP_001078036	XP_001078036
XP_001078036	D3ZPD0
XP_001078036	Q3V1H1
XP_001078036	Q8WWK9
XP_001078036	Q8WWK9-4
XP_001078036	Q8WWK9-5
D3ZTW7	D3ZTW7
D3ZTW7	Q91YY4
D3ZTW7	Q8N5M1
Q9QXU9	Q9QXU9
Q9QXU9	Q9UHG2
Q9QXU9	Q9QXV0
Q3C2P9	Q3C2P9
Q3C2P9	Q924S8
Q3C2P9	Q7Z699
Q3C2P9	Q924S7
Q3C2P9	Q3C2P8
Q3C2P9	Q7Z698
Q3C2P9	Q7Z698-2
Q3C2P9	Q2MJR0
Q3C2P9	Q6P6N5
Q6AXT2	Q6AXT2
Q6AXT2	Q05BD3
Q6AXT2	Q9DCL8
Q6AXT2	P50411
Q6AXT2	Q96PQ5
Q6AXT2	Q6NXS1
Q6AXT2	P11845
Q6AXT2	P41236
Q3LIE5	Q3LIE5
Q3LIE5	Q99KS6
Q3LIE5	Q5M886
Q96LR4	Q96LR4
Q96LR4	NP_877959
Q96LR4	Q7TPG5
Q96LR4	Q8N3H0
Q96LR4	NP_001239316
Q96LR4	Q7Z5A9
Q96LR4	Q7TPG8
Q96LR4	M0R7X9
Q96LR4	Q7Z5A7
Q96LR4	Q91WE9
Q8NFD5-3	Q8NFD5-3
Q8NFD5-3	Q8CHN9
Q8NFD5-3	Q8NFD5
Q8NFD5-3	E9Q4N7
Q8NFD5-3	E9Q6R4
Q8NFD5-3	ENSRNOP00000009173
Q8NFD5-3	O14497-2
Q8NFD5-3	O14497
Q8NFD5-3	A2BH40
XP_578157	XP_578157
XP_578157	P84101
XP_578157	P84102
Q9QUK4	Q9QUK4
Q9QUK4	Q8R4U8
Q9QUK4	Q9QWK5
Q9QUK4	Q9R016
Q9QUK4	Q9JIB6
Q9QUK4	Q9JIB3
Q9QUK4	Q13075
Q9QUK4	Q13490
Q9QUK4	Q6P6S1
Q9QUK4	Q13489
Q9QUK4	Q62210
Q9QUK4	Q5XIW4
Q9QUK4	O08863
Q9QUK4	Q96CA5
Q9QUK4	Q96CA5-2
Q9QUK4	A2AWP0
Q9QUK4	P98170
Q9QUK4	Q96P09
Q9QUK4	Q9R0I6
Q9QUK4	Q60989
Q9BUJ0	Q9BUJ0
Q9BUJ0	Q5I0C4
Q9BUJ0	Q922Q6
Q9BUJ0	Q6DGG1
Q9BUJ0	Q96IU4
Q9BUJ0	NP_083907
Q6ZT89	Q6ZT89
Q6ZT89	Q6ZT89-3
Q6ZT89	Q8N413
Q6ZT89	Q8CFJ7
Q6ZT89	D3ZL04
Q6ZT89	Q8BW66
Q6ZT89	Q5HZE0
Q6ZT89	Q8BL03
Q6ZT89	Q8N8R3
Q6ZT89	Q6IS41
Q6ZT89	Q6J329
Q6ZT89	Q6Q0C1
Q6ZT89	O43772
Q6ZT89	P97521
Q6ZT89	Q9Z2Z6
Q9JL16	Q9JL16
Q9JL16	Q5RJP5
Q9JL16	Q96AZ6
Q9JL16	Q9JL16-2
Q3SXH3	Q3SXH3
Q3SXH3	Q99N75
Q3SXH3	Q76I99
O96009	O96009
O96009	O09043
O96009	Q9QX71
O96009	P16228
O96009	P14091
O96009	P04073
O96009	Q9D7R7
O96009	P14091-3
O96009	P70269
O96009	P0DJD9
O96009	P0DJD8
O96009	P0DJD7
O96009	P20142
O96009	P00797
O96009	P06281
O96009	P00796
O96009	P08424
O96009	Q9D106
O96009	B7ZWD6
O96009	Q9JJX1
O96009	P07339
O96009	P24268
O96009	ENSMUSP00000117247
O96009	P18242
A0A140LIT1	A0A140LIT1
A0A140LIT1	A0A1B0GVG4
Q923F1	Q923F1
Q923F1	Q04753
Q923F1	P54105
Q923F1	Q61189
Q923F1	P35521
Q61410	Q61410
Q61410	Q13237
Q61410	Q64595
Q61410	P0C605-2
Q61410	Q13976-2
Q61410	P00516
Q61410	P0C605
Q61410	Q13976
Q61410	A9LNM8
Q61410	Q8WP15
Q61410	Q8WTQ7
Q96Q04	Q96Q04
Q96Q04	Q5XJV6
Q96Q04	Q63003
P41214	P41214
P41214	Q61211
P41214	Q5PPG7
P43352	P43352
P43352	P43351
P59708	P59708
P59708	NP_001258151
P59708	Q9Y3B4
Q9UBU6	Q9UBU6
Q9UBU6	Q3URQ4
O14543	O14543
O14543	O35718
O14543	O88583
O14543	O35716
O14543	O15524
O14543	Q9QX78
Q96GP6	Q96GP6
Q96GP6	Q96GP6-2
Q96GP6	P59222
Q96GP6	D3ZBQ5
Q96GP6	F1ML32
Q96GP6	Q5ND28
Q96GP6	Q14162
P19945	P19945
P19945	P14869
P19945	P05388
P19945	Q8NHW5
Q5JTH9	Q5JTH9
Q5JTH9	M0R3M8
Q5JTH9	Q6P5B0
Q5JTH9	Q5JTH9-2
Q5JTH9	Q5JTH9-3
Q8WVD3	Q8WVD3
Q8WVD3	Q99PD2
Q8WVD3	Q9CQE0
Q8WVD3	Q96A37
Q8WVD3	Q3U9F6
Q8WVD3	Q6J1I7
Q8WVD3	Q6J2U6
Q8WVD3	Q9ET26
Q8WVD3	Q9Y508
Q8WVD3	Q9D9R0
Q8WVD3	Q96EQ8
Q96RF0	Q96RF0
Q96RF0	NP_001101122
Q96RF0	Q91ZR2
Q96RF0	Q3U1H7
Q96RF0	Q96RF0-2
Q96RF0	D4A3X7
Q96RF0	Q4VAA7
Q96RF0	Q8WV41
Q96RF0	Q91VH2
Q96RF0	Q9Y5X1
Q96RF0	B0BNM3
Q9CS72	Q9CS72
Q9CS72	Q8K4T4
Q9CS72	Q7Z7B0
Q9CS72	Q4L180
Q9CS72	Q6P6L0
Q9CS72	Q4L180-2
Q9CS72	D4A900
P07954	P07954
P07954	P14408
P07954	P07954-2
P07954	P97807
A8MT70-2	A8MT70-2
A8MT70-2	A8MT70
A8MT70-2	Q4QR78
A8MT70-2	Q0P5X5
P00451	P00451
P00451	Q06194
P00451	Q7TN96
P00451	P00450
P00451	Q61147
P00451	P13635
P00451	Q9BQS7-3
P00451	Q9BQS7
P00451	Q9Z0Z4
P00451	Q920H8
P00451	Q6MZM0
P00451	Q3V1H3
P00451	P12259
P00451	O88783
P00451	ENSRNOP00000038008
P00451	O35474
P00451	O43854
P00451	P21956
P00451	Q08431
P00451	P70490
Q6UB99	Q6UB99
Q6UB99	D3Z8F9
Q6UB99	E9Q4F7
Q6UB99	Q6UB98
Q6UB99	Q6UB98-2
Q6UB99	G5E893
Q6UB99	D3ZCH1
O60524	O60524
O60524	O60524-3
O60524	NP_001164057
O60524	Q8CCP0
Q9UPS8	Q9UPS8
Q9UPS8	Q9UPS8-2
Q9UPS8	A2RUR9
Q9UPS8	Q6NUI1
Q9UPS8	Q3MJ40-2
Q9UPS8	Q3MJ40
Q9UPS8	Q811D2
Q9UPS8	Q8IYA2
Q9UPS8	Q6S8J7
Q9UPS8	A2A2Z9
Q9UPS8	Q9H560
Q9UPS8	Q8IVF6
Q9UPS8	A0PJZ0
Q9UPS8	Q5TYW2
Q9UPS8	Q5VUR7
Q9UPS8	Q5SQ80
Q9UPS8	Q4UJ75
Q9UPS8	Q5CZ79
Q9UPS8	Q8NF67
Q9UPS8	Q6NSI1
Q9UPS8	M0R3T8
Q9UPS8	Q9BXX3
Q9UPS8	Q9BXX2
Q9UPS8	Q9BXX2-2
Q9UPS8	A7E2S9
Q9UPS8	Q9D504
Q9UPS8	Q92527
Q8WZA2	Q8WZA2
Q8WZA2	XP_215985
Q8WZA2	Q9EQZ6-3
Q8WZA2	Q9EQZ6
Q8WZA2	O95398
Q8WZA2	Q8C0Q9
Q8WZA2	Q92565
Q8WZA2	P83900
Q8WZA2	Q92565-2
Q8WZA2	Q9UHV5
Q8WZA2	Q68EF8
Q8WZA2	Q9Z1C8
Q8WZA2	O95398-3
Q8WZA2	Q8VCC8
Q99L60	Q99L60
Q99L60	Q6AYE4
Q99L60	Q8NEY4
Q99L60	Q9Z1G3
Q99L60	Q5FVI6
Q99L60	P21283
Q92820	Q92820
Q92820	Q9Z0L8
Q92820	Q62867
Q9D2F5	Q9D2F5
Q9D2F5	Q4KLY8
Q9D2F5	Q5TH74
Q9D2F5	Q5TH74-3
Q96S59	Q96S59
Q96S59	F1LVV3
Q96S59	P69566
Q96S59	Q96S59-2
Q96S59	Q96S59-3
Q96S59	D3Z7Z5
Q96S59	Q6VN19
Q96S59	Q6VN20
Q7TNE3	Q7TNE3
Q7TNE3	O75391
Q7TNE3	D3ZCG4
Q91WE2	Q91WE2
Q91WE2	Q9GZU8
Q91WE2	Q6AY90
A2A3V1	A2A3V1
A2A3V1	D3ZDR8
A2A3V1	B2RYB9
A2A3V1	Q02040
Q9QYA2	Q9QYA2
Q9QYA2	Q969M1
Q9QYA2	Q9CZR3
Q9QYA2	O96008
Q9QYA2	A4F267
Q9QYA2	Q75Q40
Q6ZUT9-2	Q6ZUT9-2
Q6ZUT9-2	NP_001192417
Q6ZUT9-2	Q6ZUT9
Q6ZUT9-2	A0A8I5ZYN4
Q6ZUT9-2	A2RSQ0
Q6ZUT9-2	Q6PAL8
Q6ZUT9-2	G3V7Q0
Q6ZUT9-2	Q6IQ26
Q6ZUT9-2	Q6IQ26-2
Q6ZUT9-2	B8JKU3
Q9UGP5	Q9UGP5
Q9UGP5	Q9QXE2
Q9UGP5	Q5RKI3
Q9UGP5	P06766
Q9UGP5	Q8K409
Q9UGP5	P06746
Q9UGP5	P09838
Q9UGP5	Q9JIW4
Q9UGP5	Q66HH0
Q9UGP5	P04053
Q9UGP5	Q9NP87-3
Q9UGP5	Q9NP87
Q9UGP5	Q9NP87-2
Q9NT22	Q9NT22
Q9NT22	D3ZQ65
Q9NT22	P59900
Q12815	Q12815
Q12815	Q12815-2
Q12815	D3ZLZ9
Q12815	B7ZNG4
M0R2J8	M0R2J8
M0R2J8	M0R2J8-3
M0R2J8	D4A009
M0R2J8	A2BHQ5
O95229	O95229
O95229	O95229-2
O95229	Q8VIL3
O95229	Q9CQU5
Q9P253	Q9P253
Q9P253	Q8R307
Q9P253	B5DFJ4
Q15814	Q15814
Q15814	Q8VCN9
Q15814	B2GUZ7
Q00059	Q00059
Q00059	P40630
Q00059	Q91ZW1
Q9D0I8	Q9D0I8
Q9D0I8	F1LTU4
Q9D0I8	Q9UKD2
Q13951-2	Q13951-2
Q13951-2	Q66HA7
Q13951-2	Q08024-2
Q13951-2	Q08024
Q13951-2	Q13951
P09118	P09118
P09118	P25688
Q14773-3	Q14773-3
Q14773-3	Q14773
O43252	O43252
O43252	B5DFH4
O43252	O95340
O43252	NP_001099941
O43252	Q60967
O43252	O88428
O43252	O95340-2
P36941	P36941
P36941	P50284
P36941	Q80WM9
Q6P9F5	Q6P9F5
Q6P9F5	Q6P9F5-2
Q6P9F5	Q6MFY8
Q6P9F5	Q3UWA4
Q9UM82	Q9UM82
Q9UM82	Q66HP6
Q9UM82	Q8K004
O43422	O43422
O43422	D4AD80
O43422	Q9CUX1
F7CKP4	F7CKP4
F7CKP4	Q008S8
F7CKP4	Q9QZM9
F7CKP4	Q8IX29
Q8NA61	Q8NA61
Q8NA61	Q6AXV6
Q8NA61	Q32MG2
Q14B70	Q14B70
Q14B70	Q7Z353
Q6P5X5	Q6P5X5
Q6P5X5	Q3U595
Q9D995	Q9D995
Q9D995	Q8N815
P0C6T2	P0C6T2
P0C6T2	B0BLS0
Q8WZ59	Q8WZ59
Q8WZ59	Q9D2E9
Q6NSQ3	Q6NSQ3
Q6NSQ3	A0A494C1I1
Q6NSQ3	Q2TBJ8
XP_038956746	XP_038956746
XP_038956746	Q8VC31
XP_038956746	Q9Y3X0
Q9D1Z3	Q9D1Z3
Q9D1Z3	D3ZLY0
Q9D1Z3	Q6P4H8
Q9D1Z3	Q9BQD7
Q9D1Z3	Q501J2
Q8BP07	Q8BP07
Q8BP07	Q6QAJ8
Q6B9Z0	Q6B9Z0
Q6B9Z0	Q6UW32
Q6B9Z0	Q6UXB1
Q6B9Z0	Q6UWQ7
Q6B9Z0	Q6B9Z1
Q8IW40	Q8IW40
Q8IW40	D3Z8H9
Q8IW40	Q9D9P2
XP_002726730	XP_002726730
XP_002726730	E9Q411
XP_002726730	A2RRP1
XP_002726730	A2RRP1-2
P0C879	P0C879
Q9CR10	Q9CR10
Q9CR10	Q5BKU9
Q9H0H9	Q9H0H9
Q96LR9	Q96LR9
Q96LR9	E9Q0X2
Q96LR9	Q6B959
Q9H8Q6	Q9H8Q6
Q13166	Q13166
P61979-2	P61979-2
P61979-2	P61978
P61979-2	P61979-3
P61979-2	P61980
P61979-2	P61979
P61979-2	P61978-3
P61979-2	Q3U6X2
P61979-2	P61978-2
P61979-2	Q3T0D0
Q99LJ5	Q99LJ5
Q99LJ5	Q96MX0
Q9Y6P5-2	Q9Y6P5-2
Q9Y6P5-2	P58006
Q9Y6P5-2	Q9Y6P5
Q9Y6P5-2	Q9CYP7
Q9Y6P5-2	P58005
Q9Y6P5-2	B2GUV6
Q9Y6P5-2	P58043
Q9Y6P5-2	P58004
Q8NG50	Q8NG50
Q8NG50	Q8NG50-3
Q8NG50	Q9CQK3
P49788	P49788
P49788	F6ZIS7
P49788	Q64361
P49788	P70202
P49788	Q9BS40
Q9CY25	Q9CY25
Q9CY25	Q7TQ72
Q9CY25	Q9H081
Q16617	Q16617
Q16617	Q99PA5
O95727	O95727
O95727	Q149L7
Q96GT9	Q96GT9
Q96GT9	Q8WTP9
Q96GT9	Q8WWM1
O15544	O15544
Q8WZ33	Q8WZ33
P13249	P13249
Q66HR0	Q66HR0
Q66HR0	Q9BXP2
Q66HR0	Q99MR3
Q66HR0	P55011
Q66HR0	Q9QX10
Q66HR0	P55012
Q66HR0	P55011-3
Q66HR0	P55015
Q66HR0	P55016
Q66HR0	P55014
Q66HR0	Q13621
Q66HR0	A2AQ50
Q66HR0	P55017-2
Q66HR0	P55018
Q66HR0	P59158
Q66HR0	P55017
Q66HR0	P55017-3
Q8BV56	Q8BV56
E9QP49	E9QP49
E9QP49	Q99MS7
E9QP49	Q8N3D4
E9QP49	D4A539
E9QP49	Q99MS7-2
E9QP49	E1BL45
Q9UGK3-2	Q9UGK3-2
Q9UGK3-2	Q8R0L1
Q9UGK3-2	Q9UGK3
Q9UGK3-2	Q5BK28
Q9UGK3-2	Q5BK11
Q9UGK3-2	Q9JM90
Q9UGK3-2	Q9ULZ2
Q99MU5	Q99MU5
Q99MU5	Q3U6K5
Q99MU5	Q9NWH7
Q99MU5	Q6AYJ3
Q99MU5	B2RV46
Q99MU5	Q8N4H0
P21533	P21533
P21533	P47911
P21533	Q02878
P21533	XP_038959830
P02820	P02820
P02820	Q8HYY9
P02820	P02818
P02820	P04640
D3ZCR5	D3ZCR5
D3ZCR5	Q8BN59
D3ZCR5	Q9BRS8
Q99759-2	Q99759-2
Q99759-2	Q61084
Q99759-2	Q99759
Q99759-2	B5DF98
Q99759-2	Q61083
Q99759-2	Q9Y2U5
Q99759-2	F1M9D0
Q6AYH0	Q6AYH0
Q6AYH0	A2A7Y5
Q6AYH0	Q5JXC2
Q9ES40	Q9ES40
Q9ES40	Q8R5J9
Q9ES40	O75915
Q9ES40	O60831
Q9ES40	Q9JIG8
Q9ES40	D3ZAA0
Q96S55	Q96S55
Q96S55	Q96S55-2
Q96S55	NP_001096576
Q96S55	Q91XU0
Q96S55	Q8CG07
Q9NTI5	Q9NTI5
Q9NTI5	Q9NTI5-5
Q9NTI5	Q6A026
Q9NTI5	Q6TRW4
Q9NTI5	Q4VA53
Q9NTI5	Q29RF7
Q9NTI5	A4L9P7
Q9NTI5	Q9NTI5-2
Q9NTI5	Q9NTI5-3
Q9NTI5	Q9NTI5-4
Q6ZT07	Q6ZT07
Q6ZT07	Q3UYK3
Q6ZT07	Q5SVR0
Q6ZT07	F1LRL4
Q6ZT07	Q66K14
Q6ZT07	Q66K14-2
Q6ZT07	NP_001128011
Q6ZT07	O95759
Q6ZT07	F1LWZ7
Q6ZT07	Q9Z1A9
Q6ZT07	A0A0G2K9M5
Q6ZT07	A3KGB4
Q6ZT07	Q0IIM8
Q5U5Q9	Q5U5Q9
Q5U5Q9	Q5PQK4
Q5U5Q9	Q96RL1
Q5U5Q9	Q96RL1-3
Q7TMD5	Q7TMD5
Q7TMD5	Q3ZC82
Q7TMD5	Q6PJT7-2
Q7TMD5	Q6PJT7-4
Q7TMD5	Q6PJT7-3
Q7TMD5	Q8BJ05
Q7TMD5	Q6PJT7-5
Q7TMD5	Q6PJT7
Q7TMD5	Q6PJT7-9
Q7TMD5	Q6PJT7-6
Q8NAX2	Q8NAX2
Q8NAX2	A2A9F4
Q8NAX2	Q6AY88
Q9NQZ2	Q9NQZ2
Q9NQZ2	Q9JI13
Q9NQZ2	Q6AXX4
Q9CXW8	Q9CXW8
Q9QUR2	Q9QUR2
Q9QUR2	Q8CBY8
Q9QUR2	Q9UJW0
Q9QUR2	Q8CBY8-2
Q9QUR2	Q9UJW0-3
Q6IQX8	Q6IQX8
Q6IQX8	Q66H48
Q6IQX8	Q9P2Y4
Q6IQX8	D3ZJS6
Q6IQX8	Q8K083
Q6IQX8	O15090
Q6IQX8	Q92618
Q6IQX8	Q7TSH3
Q6IQX8	D4A239
O95671	O95671
O95671	O95671-2
O95671	Q9D927
O95671	XP_006249063
O95671	P46597
O95671	B3GSH5
O95671	D3KU66
Q569K6	Q569K6
Q569K6	Q5SPX1
Q8WWH4	Q8WWH4
Q8WWH4	Q8VD46
Q8WWH4	Q8VHF9
Q6P4F7	Q6P4F7
Q6P4F7	Q3KRB8
Q6P4F7	Q6P4F7-2
Q6P4F7	D3Z951
Q6P4F7	Q80Y19
Q96BH1	Q96BH1
Q96BH1	Q9QZR0
Q96BH1	D3ZQ26
Q3U1J4	Q3U1J4
Q3U1J4	Q16531
Q3U1J4	Q9ESW0
P35712	P35712
P35712	P40645
P35712	A0A0G2JTZ2
P35712	P35710
P35712	P35711
P35712	F1M8W4
P35712	Q9UN79
P35712	Q04891
P35712	D4A8S0
Q62348	Q62348
Q62348	Q71SY3
Q62348	Q15631
Q62348	Q15631-2
Q8TAF3	Q8TAF3
Q8TAF3	NP_001129367
Q8TAF3	Q8BH57
Q9BPX3	Q9BPX3
Q9BPX3	D3ZD72
Q9BPX3	E9PWG6
Q7TMV1	Q7TMV1
Q7TMV1	M0RCM9
Q7TMV1	Q8WU17
Q8R1X6	Q8R1X6
Q8R1X6	Q4FZR7
Q8R1X6	Q8R1X6-2
Q8R1X6	Q8N0X7
Q9H5N1	Q9H5N1
Q9H5N1	Q62835
Q9H5N1	Q91WG2
Q9H5N1	Q9H5N1-2
Q9ULT6	Q9ULT6
Q9ULT6	Q5SSZ7
Q9ULT6	Q5NCP0
Q9ULT6	Q68DV7
Q86UU0	Q86UU0
Q86UU0	Q86UU0-2
Q86UU0	Q67FY2
Q86UU0	D4A0D9
Q86UU0	O00512
Q86UU0	Q9D219
Q86UU0	D4A7D6
XP_001070433	XP_001070433
XP_001070433	Q8JZW5
XP_001070433	Q6ZV89
Q05140	Q05140
Q05140	Q61548
Q05140	Q05140-2
Q05140	Q7M6Y3
Q05140	Q7M6Y3-2
Q05140	O55012
Q05140	Q13492
Q05140	A7MB23
Q05140	O60641
O00321	O00321
O00321	P41163
Q8ND24	Q8ND24
Q8ND24	M0R3L0
Q8ND24	Q8BFU3-2
Q8ND24	Q8BFU3
Q8ND24	Q8ND24-2
Q6P8R9	Q6P8R9
Q6P8R9	P59649
Q6P8R9	P59648
Q6P8R9	P58549
Q68DA7-3	Q68DA7-3
Q9UBQ5	Q9UBQ5
Q9UBQ5	D4A190
Q9UBQ5	Q9DBZ5
Q8NFG4	Q8NFG4
Q8NFG4	Q8NFG4-2
Q8NFG4	Q8QZS3
Q8NFG4	Q76JQ2
Q99372	Q99372
Q99372	ENSRNOP00000050167
Q99372	P15502
Q99372	P15502-12
Q99372	P15502-1
Q99372	P54320
Q99372	P15502-4
Q99372	P15502-11
XP_001067649	XP_001067649
XP_001067649	Q9JIE6
XP_001067649	Q969D9
XP_001068759	XP_001068759
XP_001068759	XP_573729
XP_001068759	XP_573730
XP_001068759	XP_573731
XP_001068759	XP_573735
XP_001068759	XP_573738
XP_001068759	XP_576837
XP_001068759	XP_001065801
XP_001068759	XP_573722
XP_001068759	XP_001077138
XP_001068759	XP_001066775
XP_001068759	XP_001067487
XP_001068759	XP_001067598
XP_001068759	XP_001069111
XP_001068759	XP_001069336
XP_001068759	XP_223906
XP_001068759	XP_573736
XP_001068759	XP_344314
XP_001068759	XP_573721
XP_001068759	XP_001069250
XP_001068759	XP_573724
XP_001068759	XP_573728
XP_001068759	XP_001068904
XP_001068759	XP_573720
XP_001068759	XP_573725
XP_001068759	XP_001076499
XP_001068759	XP_001063210
XP_001068759	A6NAV5
XP_001068759	XP_001476692
XP_001068759	L7N253
XP_001068759	E9PW76
XP_001064275	XP_001064275
XP_001064275	Q9D9R9
Q61908	Q61908
Q61908	P56277
Q6ZRS4	Q6ZRS4
Q6ZRS4	Q14B48
Q6ZRS4	D3ZPH2
O88201	O88201
O88201	Q9Y240
O88201	O88200
O88201	P05452
O88201	P43025
O88201	O75596
O88201	Q9EPW4
P31053	P31053
P31053	P11049
P31053	Q61470
P31053	XP_017201622
P31053	O70352
P31053	P40237
P31053	P27701
P31053	Q9QZA6
P31053	P48509
P31053	O35566
P31053	P21926
P31053	P40240
P31053	P40241
P31053	P08962
P31053	P41731
P31053	P28648
P31053	Q568Y5
P31053	A1L157
P31053	Q9D1D1
Q9BQP9	Q9BQP9
Q9BQP9	Q9D9J8
Q8N4M7	Q8N4M7
Q6ZS02	Q6ZS02
Q8IYE1	Q8IYE1
Q8IYE1	D3YV10
Q8IYE1	M0R4S7
NP_001136202	NP_001136202
NP_001136202	E9Q6T9
NP_001136202	Q8R4G8
NP_001136202	Q719H9
NP_001136202	Q5M956
NP_001136202	B5DF44
NP_001136202	Q8K0E1
NP_001136202	Q96SI1
Q9Y3P9	Q9Y3P9
Q9Y3P9	B7ZAP0
Q9Y3P9	Q5R372-5
Q9Y3P9	A2AWA9
Q9Y3P9	A6H6A9-3
Q9Y3P9	Q5R372-7
Q9Y3P9	D3ZX42
Q9Y3P9	Q5R372-3
Q9Y3P9	A6H6A9
Q9Y3P9	Q5R372
Q9Y3P9	NP_001100660
Q9Y3P9	XP_006250585
Q9Y3P9	O60447-2
Q9Y3P9	P97366
Q9Y3P9	O60447
Q9Y3P9	Q96CN4
Q9Y3P9	NP_001034667
Q9Y3P9	Q96CN4-2
Q9Y3P9	XP_038945835
Q6PAQ4	Q6PAQ4
Q6PAQ4	B1WBN4
Q6PAQ4	Q9GZR2
D3ZG44	D3ZG44
D3ZG44	Q9Y4X4
D3ZG44	O35738
D3ZG44	P57682
D3ZG44	D4A4V3
D3ZG44	Q60980
Q9NQH7	Q9NQH7
Q9NQH7	B7ZMP1-2
Q9NQH7	B7ZMP1
Q9NQH7	B5DEQ3
Q9NQH7	Q9NQH7-3
Q8BI38	Q8BI38
Q8BI38	L7N1X6
Q8BI38	Q8BI57
Q8BI38	Q8BI58
Q8BI38	Q5U467
Q8BI38	E9PXM9
Q8BI38	XP_003084855
Q8BI38	Q6X9E4
Q8BI38	Q8CFE8
Q8BI38	NP_001075878
Q9Z0H1	Q9Z0H1
Q9Z0H1	O15213
Q9Z0H1	Q6MGC3
Q9NUN7	Q9NUN7
Q9NUN7	Q9D099
Q8CGR7	Q8CGR7
Q8CGR7	O95045
Q8CGR7	P52624
Q8CGR7	Q16831
Q8CGR7	Q499V1
XP_001061312	XP_001061312
XP_001061312	Q86TI2
XP_001061312	Q8BVG4
XP_001061312	Q86TI2-2
XP_001061312	Q6V1X1
XP_001061312	D3ZHQ1
XP_001061312	Q80YA7
B3EY82	B3EY82
B3EY82	Q924P3
B3EY82	Q6JVE9
XP_001059441	XP_001059441
Q9BZA5	Q9BZA5
Q9CQ66	Q9CQ66
Q9CQ66	Q8WW35
Q8BM15	Q8BM15
Q8BM15	Q6UXA7
Q6ZST4	Q6ZST4
O14523-2	O14523-2
O14523-2	O14523
O14523-2	Q80X80
O14523-2	Q5U2P5
O14523-2	Q6P691
O14523-2	E9Q3C1
O14523-2	Q9Y426
P69713	P69713
Q6R327-3	Q6R327-3
Q6R327-3	Q6QI06
Q6R327-3	Q6R327
Q6R327-3	XP_001055633
Q6R327-3	Q6R327-4
P0DMT0	P0DMT0
P0DMT0	Q9CV60
F1LRQ6	F1LRQ6
F1LRQ6	Q8BGZ4
F1LRQ6	Q9UJX2
P21327	P21327
P21327	Q5RJK6
P21327	P49441
P21327	P49442
D3ZGR6	D3ZGR6
D3ZGR6	Q0VF22
D3ZGR6	Q96M89
D3ZGR6	Q96M89-2
NP_001186017	NP_001186017
NP_001186017	D3ZVD3
NP_001186017	Q96P26
NP_001186017	Q96P26-2
NP_001186017	C9J2C7
NP_001186017	Q6AXN7
NP_001186017	Q91YE9
NP_001186017	Q9BXI3
NP_001186017	A3KFX0
F1M0R2	F1M0R2
F1M0R2	Q59IW6
F1M0R2	Q7Z7G0
F1M0R2	Q7Z7G0-4
F1M0R2	Q59IW8
Q6AXV7	Q6AXV7
Q6AXV7	Q9D3R5
Q6AXV7	A6NFU0
D4ABG0	D4ABG0
D4ABG0	Q9H4H8
D4ABG0	Q9D7I8
D4ABG0	Q8NEG4
D4ABG0	Q8NEG4-2
D4ABG0	Q3UKU4
D4ABG0	Q9H4H8-2
Q8BH49	Q8BH49
Q8BH49	Q8N4B1
Q8BH49	Q8N4B1-4
Q8BH49	D3ZL52
Q8BH49	Q6ICB4
Q8BH49	Q14B98
Q8BH49	D4A374
Q5VX52	Q5VX52
Q5VX52	Q6AY22
Q5VX52	Q9D5R4
XP_229201	XP_229201
XP_229201	B7ZCC9
XP_229201	Q86SQ4-3
XP_229201	Q6F3F9
XP_229201	Q86SQ4
XP_229201	Q86SQ4-2
XP_229201	XP_218313
XP_229201	Q8IZF6
XP_229201	Q86Y34
XP_229201	Q8R0T6
XP_229201	Q8IZP9
XP_229201	Q8CJ11
XP_229201	Q8CJ12
XP_229201	Q8IZF4
XP_229201	Q3V3Z3
Q8NDH2	Q8NDH2
Q8WVE7	Q8WVE7
Q8WVE7	Q9D342
Q8WVE7	Q5T4T1
Q8WVE7	P86050
Q8WVE7	Q7TQ79
Q61419	Q61419
Q61419	Q9Y471
Q8IUB3-2	Q8IUB3-2
Q8IUB3-2	Q8IUB3
Q8IUB3-2	Q9H1F0
Q497L8	Q497L8
Q497L8	Q86VW1
Q497L8	D4A271
Q497L8	Q8IZD6
Q497L8	Q504N2
Q9P2Z0	Q9P2Z0
Q9D4H2	Q9D4H2
Q9D4H2	Q96CN9
Q9D4H2	D3ZPA1
Q8NI36	Q8NI36
Q8NI36	XP_001067706
Q8NI36	Q3TA68
A6NGB0	A6NGB0
A6NGB0	P0C7N4
A6NGB0	Q9JJB1
P26824	P26824
P26824	P30558
P26824	P25116
P26824	P55086
P26824	Q63645
P26824	P55085
P26824	Q6Y1R5
P26824	Q96P68
P26824	Q6IYF8
P26824	O00254
P26824	O08675
P26824	Q920E1
P26824	Q99677
P26824	Q8BLG2
P26824	Q86VZ1
P26824	O88634
P26824	Q920E0
P26824	Q96RI0
P26824	P48146
P26824	P25025
P26824	P35407
P26824	P25024
P26824	P35343
P26824	Q810W6
P26824	P70612
P26824	P41231
P26824	P35383
P26824	P41232
P26824	P51582
P26824	O35811
P26824	Q9JJS7
P26824	P49650
P26824	P47900
P26824	P49651
P26824	Q99JA4
P26824	Q924T8
P26824	Q9Y271
P26824	Q9NS75
P26824	Q920A1
P26824	Q924T9
P26824	Q4G072
P26824	Q8BMC0
P26824	P43657
P26824	P32249
P26824	Q3U6B2
P26824	D4A7K7
P26824	D3ZQF7
P26824	Q8BFU7
P26824	O00398
P26824	Q8BY68
P26824	Q3U507
P26824	Q9BXC1
P26824	Q9BXA5
P26824	Q99MT6
P26824	Q6IYF9
Q8NHE4-2	Q8NHE4-2
Q8NHE4-2	Q8NHE4
Q8NHE4-2	Q91XE7
Q8NHE4-2	Q5EB76
Q8NHE4-2	O15342
Q8NHE4-2	Q9CQD8
Q8NHE4-2	Q794C0
Q9UBD0	Q9UBD0
Q9UBD0	Q96LI6
Q9UBD0	Q80Y37
Q80T62	Q80T62
Q80T62	Q96P66
Q9DA74	Q9DA74
Q8N0U6	Q8N0U6
P43021	P43021
P43021	Q96S42
A6NDX4	A6NDX4
Q9D117	Q9D117
Q7TP69	Q7TP69
P51179	P51179
P51179	Q92570-2
P51179	Q9QZB6
P51179	Q92570
P51179	Q06219
P51179	P43354
P51179	Q07917
P51179	P22736-2
P51179	P12813
P51179	P22736
P51179	P22829
P51179	P63058
P51179	P10827
P51179	NP_990644
P51179	P63059-2
P51179	P37242
P51179	P10828
P51179	P18113
P51179	P37242-2
P51179	P63058-3
P51179	P63058-2
P51179	P10827-2
P51179	P63059
P51179	P63058_OBS
P51179	P22605
P51179	P13631
P51179	P13631-2
P51179	P10276-2
P51179	P11416
P51179	P10276
P51179	P10826
P51179	P18911
P51179	Q499N1
P51179	D3ZFD9
P51179	D3ZF61
P51179	P18911-2
P51179	P10826-2
P51179	P28702-3
P51179	P49743
P51179	P28702
P51179	P28704
P51179	Q05343
P51179	P28700
P51179	P19793
P51179	Q5BJR8
P51179	P28705
P51179	P48443
Q8VHJ7-2	Q8VHJ7-2
Q8VHJ7-2	Q8VHJ7
Q8VHJ7-2	Q86YN6
Q8VHJ7-2	Q811R2
Q7TT23	Q7TT23
Q7TT23	D3ZVN5
Q7TT23	Q5TEA3
Q8WZ69	Q8WZ69
Q5BLP8	Q5BLP8
Q5BLP8	Q3UR78
Q4VXA5	Q4VXA5
Q4VXA5	Q5JSQ8
Q8TAI1	Q8TAI1
Q9BRR3	Q9BRR3
Q9BRR3	Q91YV9
Q9BRR3	Q5EB73
Q4G0S4	Q4G0S4
Q4G0S4	Q4G0S4-1
Q4G0S4	Q9DBG1
Q4G0S4	P17178
Q4G0S4	Q02318
Q4G0S4	O15528
Q4G0S4	O35132
Q4G0S4	O35084
Q4G0S4	P14137
Q4G0S4	P00189
Q4G0S4	Q9QZ82
Q4G0S4	P05108
Q4G0S4	P30099
Q4G0S4	P30100
Q4G0S4	P15538
Q4G0S4	P19099
Q4G0S4	P15539
Q4G0S4	Q3TG86
Q4G0S4	P15393
Q4G0S4	Q09128
Q4G0S4	Q07973
Q4G0S4	Q64441
Q8N307	Q8N307
Q8N307	Q8N307-3
Q8N307	Q8BUE7
Q8WTX9	Q8WTX9
Q8WTX9	Q8R0N9
Q8WTX9	Q14AK4
Q8WTX9	Q9H8X9
Q8WTX9	P0C7U3
Q8WTX9	Q96GR4-3
Q8WTX9	Q6DGF5
Q8WTX9	Q96GR4
Q8WTX9	Q8VC90
P50748	P50748
P50748	Q8C3Y4
P50748	XP_008767451
Q8C0X2	Q8C0X2
Q8C0X2	Q4ZJI4
Q8C0X2	A6NJY1
Q8C0X2	Q5BKR2
Q8C0X2	Q86UD5
Q8BRG8	Q8BRG8
Q8BRG8	Q96SK2
Q8BRG8	Q68FR5
Q8N9U0	Q8N9U0
Q8N9U0	Q8N9U0-2
Q8N9U0	Q5M7U8
Q8N9U0	Q91XT6
Q8CG85	Q8CG85
Q8CG85	Q7Z304
Q9NYF0	Q9NYF0
Q9NYF0	Q8R4A3
Q9NYF0	D4A3W8
Q9NYF0	Q96B18
Q9NYF0	M0R4J7
Q9NYF0	Q0PHV7
Q6IRU7	Q6IRU7
Q6IRU7	Q5JTW2
Q6IRU7	F1LP29
Q6IRU7	Q5JTW2-2
A2TJV2	A2TJV2
A2TJV2	D4A1J3
A2TJV2	A6NDB9
F8VQC1	F8VQC1
F8VQC1	Q32PZ7
F8VQC1	O76094
Q5BL07	Q5BL07
Q5BL07	O43933
Q5BL07	D3ZZB2
Q5BL07	Q01853
Q5BL07	P55072
Q5BL07	P46462
Q5BL07	Q505J9
Q5BL07	Q8NBU5
Q5BL07	Q9D5T0
Q5BL07	Q99LC9
Q5BL07	Q13608
Q5BL07	P54777
Q5BL07	Q3UMC0
Q5BL07	D4A6T1
Q5BL07	Q8NB90
Q5BL07	Q9BVQ7
Q5BL07	D4A2B7
Q5BL07	NP_001028428
Q5BL07	Q9QUL6
Q5BL07	P18708
Q5BL07	P46460
Q5BL07	P46459
Q5BL07	Q9D3R6
Q5BL07	Q8IYT4
Q5BL07	O15381
Q5BL07	Q9DBY8
Q5BL07	D3ZTY9
Q8N687	Q8N687
Q8N687	Q96PH6
Q8N687	Q5J5C9
Q8N687	Q7Z7B7
Q8WWA1	Q8WWA1
Q8WWA1	XP_001059205
Q8WWA1	Q8WWA1-2
Q8WWA1	Q4FJU9
Q7Z7M0	Q7Z7M0
Q7Z7M0	P60882
Q7Z7M0	Q9QYP0
Q921M7	Q921M7
Q921M7	B0BN65
Q921M7	Q8BHZ0
Q921M7	Q9H0Q0
Q921M7	Q9NUQ9
Q921M7	B2GUZ9
P49753	P49753
P49753	NP_001101511
P49753	Q9QYR7
P49753	A1A5R4
P49753	Q86TX2
P49753	Q3I5F7
P49753	Q9QYR9
P49753	Q8N9L9
P49753	O88267
P49753	O55137
P49753	O55171
P49753	Q6Q2Z6
P49753	Q32Q92
P49753	Q63276
P49753	Q91X34
P49753	Q14032
P49753	Q8BGG9
P49753	A2AKK5
P49753	A0A0G2K2H6
P49753	Q5FVR5
P49753	Q8BWN8
Q7Z2Y5	Q7Z2Y5
Q7Z2Y5	Q9JM52-3
Q7Z2Y5	Q9JM52
Q7Z2Y5	Q8N4C8-3
Q7Z2Y5	NP_001258065
Q7Z2Y5	Q9R0G8
Q7Z2Y5	Q8N4C8
Q7Z2Y5	Q8N4C8-2
Q7Z2Y5	Q8N4C8-4
Q7Z2Y5	Q9Y6E0
Q7Z2Y5	Q9Z2W1
Q7Z2Y5	Q6V9V9
Q7Z2Y5	O00506
Q7Z2Y5	Q99KH8
Q7Z2Y5	Q9P289-2
Q7Z2Y5	Q99JT2
Q7Z2Y5	Q9P289
Q7Z2Y5	B0LT89
Q7Z2Y5	F1LXV3
Q7Z2Y5	Q9Y6E0-2
Q7Z2Y5	XP_008765225
Q7Z2Y5	O95819-4
Q7Z2Y5	Q6ZQ68
Q7Z2Y5	O95819
Q7Z2Y5	P83510
Q7Z2Y5	Q9UKE5
Q7Z2Y5	Q9UKE5-2
Q7Z2Y5	E1BIS8
Q7Z2Y5	Q9UKE5-3
Q7Z2Y5	D3ZZQ0
Q7Z2Y5	O95819-3
Q7Z2Y5	P97820
Q7Z2Y5	O95819-2
Q7Z2Y5	Q53TX8
Q7Z2Y5	F1M754
Q7Z2Y5	O95819-5
Q7Z2Y5	F1MI60
Q7Z2Y5	O95819-6
Q7Z2Y5	Q13188-2
Q7Z2Y5	Q13188
Q7Z2Y5	Q9JI10
Q7Z2Y5	Q13043-2
Q7Z2Y5	D4A648
Q7Z2Y5	Q9JI11
Q7Z2Y5	Q13043
Q7Z2Y5	O54748
Q7Z2Y5	XP_001055951
P49023-3	P49023-3
P49023-3	Q8VI36-2
P49023-3	Q66H76
P49023-3	Q8VI36
P49023-3	P49023
P49023-3	P49024
P49023-3	P49023-2
P49023-3	F1MFD1
P49023-3	P48059-3
P49023-3	Q7Z4I7
P49023-3	E9QP62
P49023-3	Q91XD2
P49023-3	P0CW19
P49023-3	Q99JW4
P49023-3	P48059
P49023-3	P0CW20
P49023-3	C0KUC5
P49023-3	Q7Z4I7-2
P49023-3	P48059-4
P49023-3	P48059-5
P49023-3	Q99PD6
P49023-3	Q62219
P49023-3	O43294
P49023-3	O60711-2
P49023-3	Q99N69
P49023-3	Q5M852
P49023-3	O60711
P49023-3	Q13642
P49023-3	Q9WUH4
P49023-3	Q13642-1
P49023-3	Q13642-5
P49023-3	Q6P792
P49023-3	P97447-2
P49023-3	P97447
P49023-3	Q5TD97
P49023-3	Q9WTX7
P49023-3	Q6AXT1
P49023-3	Q9R059
P49023-3	D3ZPF0
P49023-3	Q13643
P49023-3	O35115
P49023-3	O70433
P49023-3	Q14192
Q9HC21	Q9HC21
Q9HC21	Q6AYL0
Q9HC21	Q9DAM5
F6ZDS4	F6ZDS4
F6ZDS4	P12270
F6ZDS4	F1MA98
Q8NFW8	Q8NFW8
Q8NFW8	Q99KK2
Q8NFW8	P69060
Q8NFW8	Q8NFW8-2
XP_008765532	XP_008765532
XP_008765532	Q96BY6-3
XP_008765532	Q8BZN6
XP_008765532	Q96BY6
XP_008765532	Q8BZN6-4
XP_008765532	F1LSM8
XP_008765532	F1LQ91
XP_008765532	A2AF47
XP_008765532	Q5JSL3
XP_008765532	Q9BZ29-4
XP_008765532	Q9BZ29-3
XP_008765532	Q9BZ29
XP_008765532	Q9BZ29-5
XP_008765532	Q8BIK4-2
XP_008765532	Q8BIK4
XP_008765532	E9QMR2
Q9H6K5	Q9H6K5
Q9H6K5	Q6NVE5
Q9H6K5	XP_577204
Q7LFX5	Q7LFX5
Q7LFX5	Q91XQ5
Q7LFX5	Q8CHI9
Q3UYV9	Q3UYV9
Q3UYV9	Q56A27
Q3UYV9	Q09161
Q96GU1	Q96GU1
Q96GU1	Q7Z2X7
Q96GU1	Q5JRK9
Q8NE00	Q8NE00
Q8NE00	Q3TB48
Q8NE00	Q8NE00-2
Q8NE00	D3ZU40
P39061	P39061
P39061	F1LR02
P39061	P39060
P39061	P39059
P39061	O35206
P39061	A0A0G2JV12
P39061	Q9R1N9
P39061	Q5TAT6
Q8NA66	Q8NA66
Q9QZ59	Q9QZ59
Q9QZ59	Q9Y5R6
Q9BUL8	Q9BUL8
Q9BUL8	Q6NX65
Q9BUL8	Q8VE70
Q91WU5	Q91WU5
Q91WU5	Q9HBK9
Q91WU5	Q8VHT6
Q5XIM7	Q5XIM7
Q5XIM7	Q8R2P8
Q5XIM7	Q99MN1
Q5XIM7	Q15046-2
Q5XIM7	Q15046
XP_038957053	XP_038957053
XP_038957053	XP_001000891
XP_038957053	Q80SU7
XP_038957053	Q7Z2Y8
XP_001472787	XP_001472787
XP_001472787	Q9UIL1
XP_001472787	Q78YZ6
XP_001472787	Q5RJZ6
XP_001472787	Q9UIL1-4
P15178	P15178
P15178	Q922B2
P15178	P14868-2
P15178	P14868
Q9Z254	Q9Z254
Q9Z254	O14908-2
Q9Z254	Q8TF64
Q9Z254	Q8R5M0
Q9Z254	Q9Z0G0
Q9Z254	O14908
Q9Z254	Q8TF65
Q9Z254	Q9Z2H7
Q9Z254	Q498D9
A0A087WTH1	A0A087WTH1
P51636-3	P51636-3
Q6VY07-2	Q6VY07-2
Q6VY07-2	Q6VY07
Q6VY07-2	Q8K212
Q6VY07-2	O88588
Q6VY07-2	D3ZJG4
Q6VY07-2	Q3V3Q7
Q6VY07-2	Q86VP3-2
Q6VY07-2	Q86VP3
Q6VY07-2	Q86VP3-3
D3ZCI3	D3ZCI3
D3ZCI3	Q7Z6I6
D3ZCI3	Q7Z6I6-2
D3ZCI3	Q7Z6I6-3
D3ZCI3	Q640N3
M0RAC2	M0RAC2
M0RAC2	Q78T81
M0RAC2	Q5T9C2
M0RAC2	Q5T9C2-3
M0RAC2	NP_001157040
M0RAC2	Q5T8I3
M0RAC2	Q8BQS4
Q5VWP3	Q5VWP3
Q5VWP3	Q5VWP3-1
Q5VWP3	Q5FW52
Q5VWP3	A0A096MK47
D3ZQM7	D3ZQM7
D3ZQM7	Q13572
D3ZQM7	Q8BYN3
Q9Z1T5	Q9Z1T5
Q9Z1T5	O88450
Q9Z1T5	O75398
P01019	P01019
P01019	P11859
P01019	P01015
Q8NE71	Q8NE71
Q8NE71	Q6MG08
Q8NE71	Q6P542
Q8NE71	Q8NE71-2
Q8NE71	Q8K268
Q8NE71	Q9NUQ8
Q8NE71	Q66H39
Q8NE71	Q9UG63-2
Q8NE71	Q9UG63
Q8NE71	Q99LE6
Q8NE71	A0A096MIV5
Q641X2	Q641X2
Q641X2	Q5XJE5
Q641X2	Q8WVC0
Q641X2	XP_001080079
P97360	P97360
P97360	Q9Y603
P97360	Q3KRD1
P97360	P41212
Q6NYC8	Q6NYC8
Q6NYC8	Q6NYC8-2
Q6NYC8	Q8BQ30
Q6NYC8	B1WC08
Q6NYC8	Q08DC3
P46100	P46100
P46100	P46100-4
P46100	P46100-2
P46100	NP_001099227
P46100	Q61687
P46100	P46100-6
P46100	Q9Y4B4
P46100	Q99NG0
P46100	NP_001127992
Q14966	Q14966
Q14966	Q14966-3
Q14966	Q14966-2
Q14966	Q61464
Q14966	Q61464-2
Q14966	NP_001101338
O00221	O00221
O00221	Q6P780
O00221	O54910
Q96NW7	Q96NW7
Q96NW7	P70587
Q96NW7	Q80TE7
Q96NW7	Q96RT1-8
Q96NW7	Q96RT1
Q96NW7	Q80TH2-2
Q96NW7	Q80TH2
Q96NW7	XP_003749226
Q96NW7	Q96NW7-3
Q96NW7	A6H6A4
Q96NW7	A6NIV6
Q96NW7	O88520
Q96NW7	Q9UQ13
Q96NW7	Q6AYI5
Q96NW7	Q9UQ13-2
Q9DAP0	Q9DAP0
Q9DAP0	Q6AXZ2
Q9DAP0	Q96FV0
Q99523	Q99523
Q99523	O54861
Q99523	Q6PHU5
Q9JJA2	Q9JJA2
Q9JJA2	B5DF86
Q9JJA2	Q96MW5
O75140	O75140
O75140	P61460
O75140	P61460-2
O75140	D4A362
O75140	O75140-1
Q96MP5	Q96MP5
Q96MP5	Q8CFL8
Q7Z4R8	Q7Z4R8
Q7Z4R8	Q9DAY5
Q12766	Q12766
Q12766	Q6AXF8
Q12766	XP_001057816
XP_237984	XP_237984
XP_237984	XP_003084810
D3ZCJ3	D3ZCJ3
D3ZCJ3	Q8CBH5-2
D3ZCJ3	D3Z183
D3ZCJ3	Q6ZSS7
D3ZDN9	D3ZDN9
D3ZDN9	Q9CPV2
D3ZDN9	Q96DE5
Q8NBJ4	Q8NBJ4
Q8NBJ4	Q91XA2
Q8NBJ4	D4AEL2
Q8NBJ4	Q6P4E1
Q8NBJ4	Q6P4E1-2
Q8NBJ4	Q6P2L7
Q8NBJ4	D3ZW58
A0A1B0GTJ6	A0A1B0GTJ6
Q8N7C4	Q8N7C4
O43236-8	O43236-8
O43236-8	P28661-7
Q9H2F9	Q9H2F9
Q9H2F9	Q8BVC4
Q96AG4	Q96AG4
Q96AG4	Q922Q8
Q96AG4	Q5RJR8
Q1MX18	Q1MX18
Q1MX18	Q3HNM7
O08677	O08677
O08677	P01048
O08677	O08677-2
O08677	Q6S9I3
O08677	Q6S9I2
O08677	P08934
O08677	P01042
O08677	P01042-2
P70597	P70597
P70597	P34995
P70597	P35375
P70597	P43117
P70597	P43088
P70597	P43088-2
P70597	P43118
P70597	P43115
P70597	P34980
P70597	P30557
Q33DR3	Q33DR3
Q33DR3	Q5U2R1
Q33DR3	Q86YH6
Q70UZ7	Q70UZ7
Q70UZ7	Q5GFL6
O08789	O08789
O08789	NP_001099277
O08789	Q99583
Q9Y4C8	Q9Y4C8
Q9Y4C8	NP_001358888
Q9Y4C8	Q8R3C6
Q96LL9	Q96LL9
Q96LL9	P59041
Q9Y5V0	Q9Y5V0
Q9Y5V0	Q9D115
Q9Y5V0	NP_001381303
P57680	P57680
P57680	P57679
Q8C5L7	Q8C5L7
Q8C5L7	Q5M9F1
Q8C5L7	P42696
P19246	P19246
P19246	AAA39809
P19246	P16884
P19246	P12036
P19246	P12036-2
P19246	O77788
P19246	P12839
P19246	P08553
P19246	P07197
P19246	Q6IMF1
P19246	Q0VBK2
P19246	Q6KB66
P19246	Q6KB66-2
P19246	P23565
P19246	P46660
P19246	Q16352
P19246	P15331
P19246	P21807
P19246	P41219
P19246	P41219-2
P19246	P15331-3
P19246	P14136-2
P19246	P47819
P19246	Q28115
P19246	P14136
P19246	P03995
P19246	P17661
P19246	P08670
P19246	P02542
P19246	P31001
P19246	Q5XFN2
P19246	P48616
P19246	G1SWS9
P19246	P02544
P19246	P31000
P19246	P48675
P19246	P20152
P19246	P02548
P19246	P07196
P19246	P02547
P19246	P19527
P19246	P08551
P19246	P16053
P19246	Q8N1A0
P19246	Q8CCX5
Q99LL5	Q99LL5
Q99LL5	D4A1H8
Q99LL5	Q13610
Q8IUX7	Q8IUX7
Q8IUX7	A2RUV9
Q8IUX7	Q640N1
Q7Z628	Q7Z628
Q7Z628	Q9Z206
Q7Z628	A0A8I6AVA8
Q7Z628	Q9NR81-2
Q7Z628	D4A1J1
Q7Z628	Q9NR81
Q7Z628	Q91X46
Q8N9V6	Q8N9V6
Q8N9V6	Q3V0J4
Q02241	Q02241
Q02241	Q02241-3
Q02241	Q02241-2
Q02241	NP_001101625
Q02241	E9Q5G3
Q9P258	Q9P258
Q9P258	F1LVV4
Q9P258	Q8BK67
Q9JL19	Q9JL19
Q9JL19	NP_001263643
Q9JL19	Q14686
Q8IWY7	Q8IWY7
Q8IWY7	Q6IQ55
Q8IWY7	Q3UVR3
Q8IWY7	D3ZN60
Q8IWY7	Q3TTY5
Q8IWY7	Q6NXH9
Q8IWY7	Q9R0H5
Q8IWY7	P07744
Q8IWY7	Q922U2
Q8IWY7	Q6P6Q2
Q8IWY7	P13647
Q8IWY7	Q3SY84
Q8IWY7	P19013
Q8IWY7	XP_002727023
Q8IWY7	Q6IG01
Q8IWY7	P04259
Q8IWY7	Q4FZU2
Q8IWY7	P48668
Q8IWY7	Q01546
Q8IWY7	P02538
Q8IWY7	Q6IFZ6
Q8IWY7	Q6IG05
Q8IWY7	P35908
Q8IWY7	Q14CN4
Q8IWY7	Q9Z331
Q8IWY7	P04104
Q8IWY7	P50446
Q8IWY7	Q6IMF3
Q8IWY7	P12035
Q8IWY7	Q6IFZ5
Q8IWY7	Q3UV17
Q8IWY7	E9Q1Z0
Q8IWY7	Q6IG00
Q8IWY7	P08729
Q8IWY7	Q6IG12
Q8IWY7	Q9DCV7
Q8IWY7	Q99M73
Q8IWY7	Q14533
Q8IWY7	E9Q1Y9
Q8IWY7	P78386
Q8IWY7	Q9Z2T6
Q8IWY7	Q6IMF0
Q8IWY7	O43790
Q8IWY7	Q6IG09
Q8IWY7	P97861
Q8IWY7	Q9NSB2
Q8IWY7	Q6IG11
Q8IWY7	Q6IG10
Q8IWY7	A7M746
Q8IWY7	Q9ERE2
Q8IWY7	P78385
Q8IWY7	Q14CN4-2
Q8IWY7	Q14CN4-3
Q8IWY7	Q8BGZ7
Q8IWY7	Q6IG02
Q8IWY7	P05787-2
Q8IWY7	P05787
Q8IWY7	Q10758
Q8IWY7	P11679
Q8IWY7	Q99M74
Q8IWY7	Q9NSB4
Q8IWY7	Q5XKE5
Q8IWY7	XP_003750458
Q8IWY7	Q8VED5
Q8IWY7	Q6IG03
Q8IWY7	Q86Y46
Q8IWY7	Q7RTS7
Q8IWY7	Q6IFZ9
Q8IWY7	Q6IME9
Q8IWY7	Q6IG04
Q8IWY7	Q6IFZ8
Q8IWY7	Q6IFT3
Q8IWY7	P04264
Q8IWY7	O95678
Q8IWY7	Q7Z794
Q8IWY7	Q8N1N4
Q8IWY7	A6NCN2
O88738	O88738
O88738	NP_001164067
O88738	Q9NR09
O88738	O15392-2
O88738	O15392
O88738	O70201-2
O88738	Q9JHY7
O88738	O70201
Q9JKC9	Q9JKC9
Q9JKC9	Q5SV85-2
Q9JKC9	Q5SV85
Q9JKC9	Q9UMZ2-6
Q9JKC9	Q9UMZ2
Q9JKC9	Q9UMZ2-3
Q8N9P6	Q8N9P6
P11413-2	P11413-2
P11413-2	P11413-3
P11413-2	Q00612
P11413-2	P11413
P11413-2	P05370
P11413-2	P97324
F1LNY6	F1LNY6
F1LNY6	Q8C176
F1LNY6	Q6P1X5
Q4V7B0	Q4V7B0
Q4V7B0	Q0VFX2
Q4V7B0	Q5JU67
B1WC37	B1WC37
B1WC37	O75648
B1WC37	O75648-3
B1WC37	Q9DAT5
Q6JVE6-2	Q6JVE6-2
Q6JVE6-2	B3EY85
Q6JVE6-2	Q810Z1
Q6JVE6-2	Q6JVE6
D3ZYS1	D3ZYS1
D3ZYS1	Q8R4E6
D3ZYS1	Q9UJV8
D3ZYS1	O35295
D3ZYS1	Q68A21
D3ZYS1	Q96QR8
D3ZYS1	F1LSL1
D3ZYS1	Q00577
D3ZYS1	P42669
D3ZYS1	XP_001063244
P10242-4	P10242-4
P10242-4	P01103
P10242-4	F1M9K6
P10242-4	D3ZLC6
P10242-4	P48972
P10242-4	P10244
P10242-4	P10242
P10242-4	P06876
P10242-4	P10243
P10242-4	P10243-2
P10242-4	D3ZF01
P10242-4	P51960
P10242-4	P10242-11
E5RQL4	E5RQL4
AAC50053	AAC50053
AAC50053	P23760-8
AAC50053	P23760-3
AAC50053	P24610
AAC50053	G3V7R4
AAC50053	P23760
AAC50053	Q9R1E0
AAC50053	Q12778
AAC50053	P23759-1
AAC50053	P23759
AAC50053	P47239
AAC50053	D3ZRA8
AAC50053	O42349
AAC50053	Q00288
AAC50053	P51974
AAC50053	Q02650
AAC50053	Q02548
AAC50053	Q02962-2
AAC50053	P32114
AAC50053	Q02962
AAC50053	D4ACZ2
AAC50053	Q06710
AAC50053	O43524
AAC50053	D3ZBQ1
AAC50053	Q9WVH4
AAC50053	A0A2Z4LIS9
AAC50053	A8MYZ6
AAC50053	Q70KY4
AAC50053	XP_001057233
AAC50053	Q9R0W1
AAC50053	Q99697-3
AAC50053	Q99697
AAC50053	P97474
AAC50053	Q99697-2
AAC50053	P70314
AAC50053	P78337
AAC50053	Q99NA7
AAC50053	O35160
AAC50053	P81062
AAC50053	O75364
AAC50053	Q9WVH3
AAC50053	D4A433
AAC50053	P98177
AAC50053	O43186
AAC50053	O54751
AAC50053	Q9JLT8
AAC50053	Q99811
AAC50053	Q06348
AAC50053	P63014
AAC50053	P63013-2
AAC50053	P63013
AAC50053	P54821
AAC50053	Q96IS3
AAC50053	P26367-2
AAC50053	P26367
AAC50053	P63015
AAC50053	P63016
AAC50053	O43316
AAC50053	O88436
AAC50053	P32115
Q14919-2	Q14919-2
Q14919-2	A0JPP1
Q14919-2	Q9D6N5
Q14919-2	Q14919
P39948	P39948
P39948	Q04827
P39948	P30280
P39948	P25322
P39948	P30279
P39948	P24385
P39948	P48961
P39948	P30281-2
P39948	P30281-3
P39948	P30281-4
P39948	P30281
P39948	P30282
Q9H7E9-2	Q9H7E9-2
Q9H7E9-2	Q9H7E9
Q9H7E9-2	D3ZDG0
Q9H7E9-2	Q3U6N9
O60936-3	O60936-3
O60936-3	Q9D1X0
O60936-3	O60936
O60936-3	Q62881
O60936-3	O60936-1
Q96M27-2	Q96M27-2
Q96M27-2	Q3T1I4
Q96M27-2	Q3UPH1
Q96M27-2	Q96M27
B2RQF0	B2RQF0
B2RQF0	P0C7Q5
B2RQF0	P0C7Q6
B2RQF0	Q96KT7
B2RQF0	Q5F297
B2RQF0	B0K004
B2RQF0	Q8N808
B2RQF0	Q8TBE7
B2RQF0	D3YVE8
B2RQF0	Q5M7A3
Q6S9Z5	Q6S9Z5
Q6S9Z5	Q6V5K9
Q6S9Z5	D4A016
Q6S9Z5	A0A1B0GTH9
Q6S9Z5	Q9D2T6
Q6S9Z5	D4A019
Q9NP31	Q9NP31
Q9NP31	Q9NP31-4
Q9NP31	Q5I0Q2
Q9NP31	Q9QXK9
Q9H5K3	Q9H5K3
Q9H5K3	Q4V8A9
Q9H5K3	Q3TUA9
P07741	P07741
P07741	P08030
P07741	P36972
O35147	O35147
O35147	Q92934
O35147	Q61337
Q5BJE1	Q5BJE1
Q5BJE1	Q8CDV0
Q9Y6D0	Q9Y6D0
Q9Y6D0	Q9JLJ1
Q9Y6D0	P59798
A0A1B0GVH7	A0A1B0GVH7
A0A1B0GVH7	Q149I8
A0A1B0GVH7	Q6AYM6
Q8C050	Q8C050
Q8C050	O75582
Q8C050	D3ZY17
Q8C050	Q9Z2B9
Q8C050	O75676
Q8C050	O75676-2
Q8C050	D3ZSB7
Q8C050	P67999
Q8C050	P23443-2
Q8C050	Q9Z1M4
Q8C050	P67999-2
Q8C050	NP_523941
Q8C050	D4AE24
Q8C050	P23443
Q8C050	Q8BSK8
Q8C050	Q9UBS0
Q8C050	Q96LW2
Q8C050	Q5SYL1
EDM11425	EDM11425
EDM11425	O94888
EDM11425	G5E8R8
EDM11425	Q6P5G6
P47823	P47823
P47823	Q64350
P47823	Q8CHW4
P47823	Q13144
Q3UM45	Q3UM45
Q3UM45	Q15435-3
Q3UM45	Q15435-2
Q3UM45	Q15435
Q3UM45	Q5HZV9
Q96FF7	Q96FF7
Q96FF7	A0A087WQ89
Q96FF7	D4A1K4
Q9D081	Q9D081
Q9D081	Q6AY85
Q9D081	Q96F25
P53634	P53634
P53634	P80067
P53634	P97821
P53634	O70370
P53634	Q02765
P53634	P25774
P53634	D3ZKC3
P53634	P07711
P53634	D3ZJV2
P53634	Q9D6V1
P53634	E9Q623
P53634	Q9WUU7
P53634	Q9UBR2
P53634	Q9R1T3
Q9C0B7	Q9C0B7
Q9C0B7	XP_226428
Q9C0B7	Q8C3S2
Q96EP0	Q96EP0
Q96EP0	E9PU29
Q96EP0	Q924T7
Q5TB30	Q5TB30
Q5TB30	Q8BH88
Q5TB30	D4AA32
Q5TB30	Q8WUY9
Q5TB30	Q8CIG0
A2RUB6	A2RUB6
A2RUB6	Q6NS45
Q9BSJ6	Q9BSJ6
Q9BSJ6	Q9BSJ6-2
Q9BSJ6	Q8BFY7
Q9BSJ6	B0BN57
A3KGF9	A3KGF9
A3KGF9	D3ZKN0
A3KGF9	Q6ZUT6
A3KGF9	Q6ZUT6-2
Q9Y4Z0	Q9Y4Z0
Q9Y4Z0	D4A2C6
Q9Y4Z0	Q9QXA5
Q9Y4Z0	Q6MG66
Q9Y4Z0	Q9Y333
Q9Y4Z0	O35900
Q9Y4Z0	D4AAT4
Q9Y4Z0	P62306
Q9Y4Z0	P62307
Q2M2E5	Q2M2E5
P43432	P43432
P43432	P29460
Q5T890	Q5T890
Q5T890	Q9JIM3-2
Q5T890	Q5T890-2
Q5T890	Q9JIM3
Q5T890	Q8BYL8
Q5T890	D3ZPU4
Q6P5D8	Q6P5D8
Q6P5D8	XP_001056555
Q6P5D8	A6NHR9-2
Q6P5D8	A6NHR9
Q8K183	Q8K183
Q8K183	O00764-2
Q8K183	O00764
Q8K183	O35331
Q9D9K1	Q9D9K1
P03923	P03923
P03923	P03926
P03923	P03925
Q8TCW7	Q8TCW7
Q8TCW7	Q8BGZ8
O95900	O95900
O95900	Q5XFW2
O95900	Q91WG3
O95900	Q8WWH5
O95900	Q5M934
O95900	Q8C0D0
Q9BS86	Q9BS86
Q9BS86	Q62522
Q9BS86	Q6X784
Q9BS86	Q6X786
Q9BS86	Q6X782
E9PZZ1	E9PZZ1
E9PZZ1	Q9H4Q3
Q9Y5N5	Q9Y5N5
Q9Y5N5	Q6SKR2
Q9UJW2	Q9UJW2
Q9UJW2	Q9WUR0
Q9UJW2	P07858
Q9UJW2	P00787
Q9UJW2	P10605
Q9UJW2	Q9GZM7
Q9UJW2	Q99JR5
Q9UJW2	Q9EQT5
Q9UJW2	P43234
Q9UJW2	Q8BM88
Q5T9L3-2	Q5T9L3-2
Q5T9L3-2	Q5T9L3
Q5T9L3-2	Q6DID7
Q5T9L3-2	Q6P689
A0A0J9YXM7	A0A0J9YXM7
Q13901	Q13901
Q13901	O35473
Q13901	B5DEI6
Q13901	D3DRX8
Q66T02	Q66T02
Q66T02	Q6RFZ7
Q66T02	O94827
Q66T02	Q3KR16
Q66T02	Q3KR16-2
Q66T02	D4ABR1
Q66T02	Q8R0J1
Q9Z1Q4	Q9Z1Q4
Q9Z1Q4	O95867
Q9Z1Q4	P0C8F1
A6NFA1	A6NFA1
A6NFA1	B1ATG9
A6NFA1	Q86V40
Q9NV39	Q9NV39
Q6UWF5	Q6UWF5
Q6ZPA2	Q6ZPA2
Q96T75	Q96T75
Q68G75	Q68G75
Q68G75	Q14C37
Q9GZX9	Q9GZX9
Q9GZX9	D4A9T2
Q9GZX9	Q9EP52
Q66HG4	Q66HG4
Q66HG4	Q96C23
Q66HG4	Q8K157
Q63525	Q63525
Q63525	O35685
Q63525	Q9Y266
A0A075B734	A0A075B734
A0A075B734	A6NL99
A0A075B734	O14520
A0A075B734	O54794
A0A075B734	P56403
A0A075B734	Q96PS8
A0A075B734	Q92482
A0A075B734	Q8R2N1
A0A075B734	P47862
A0A075B734	P56627
A0A075B734	Q9JJJ3
A0A075B734	O43315
Q3TRX7	Q3TRX7
Q9D8C9	Q9D8C9
Q9D8C9	P23492
Q9D8C9	P00491
Q9D8C9	P85973
XP_003086877	XP_003086877
Q8CDN0	Q8CDN0
XP_038954178	XP_038954178
XP_038954178	Q8C0M0-3
XP_038954178	Q6PJI9
XP_038954178	Q8C0M0
XP_038936286	XP_038936286
XP_038936286	P59110
XP_038936286	Q9P0U3
XP_038936286	Q9HC62
XP_038936286	Q9EQE1
XP_038936286	Q91ZX6
XP_038936286	Q71RI2
Q96HJ9-2	Q96HJ9-2
Q96HJ9-2	Q7TNC4
Q96HJ9-2	Q9Y383
Q96HJ9-2	Q9NQ29-3
Q96HJ9-2	Q4G012
Q96HJ9-2	Q9NQ29
Q96HJ9-2	B2RYP6
Q96HJ9-2	Q9CYI4
Q96HJ9-2	Q96HJ9
Q96HJ9-2	G3V9R0
Q96HJ9-2	Q9CR13
Q96HJ9-2	F1MYQ8
Q96HJ9-2	Q9Y383-2
Q96HJ9-2	D3ZFB2
Q96HJ9-2	O95232
Q96HJ9-2	Q5SUF2
Q8TF21-2	Q8TF21-2
Q8TF21-2	Q8TF21
Q8TF21-2	D3ZCC5
Q8TF21-2	Q80VM7
Q8TF21-2	E5RJM6
P53990-5	P53990-5
P53990-5	Q568Z6
P53990-5	P53990-2
P53990-5	Q9CX00
P53990-5	P53990
Q9UIS9-12	Q9UIS9-12
Q9UIS9-12	Q9UIS9-4
Q9UIS9-12	Q9UIS9
Q9UIS9-12	Q9UIS9-2
Q9UIS9-12	Q9UIS9-5
Q9UIS9-12	Q9UIS9-11
Q9UIS9-12	Q9UIS9-10
Q9UIS9-12	Q9UIS9-9
Q9UIS9-12	Q66HB8
Q9UIS9-12	Q9Z2E2
P01298-2	P01298-2
P01298-2	Q9NRI7
P01298-2	P01298
P01298-2	P10601
P01298-2	P06303
P01298-2	P07808
P01298-2	P57774
P01298-2	P01303
P01298-2	P10631
P01298-2	Q9NRI6
P01298-2	Q5JQD4
P01298-2	P10082
P01298-2	Q9EPS2
D3ZEM8	D3ZEM8
D3ZEM8	Q2NL82
D3ZEM8	Q5SWD9
D4ABL7	D4ABL7
D4ABL7	O75394
D4ABL7	Q9CQP0
A0A2U3TZJ4	A0A2U3TZJ4
Q14204	Q14204
Q14204	NP_062099
Q14204	Q9JHU4
Q9GZV1	Q9GZV1
Q9GZV1	Q9WV06
Q9GZV1	D3ZM27
Q9GZV1	Q15327
Q9GZV1	Q8R560
Q9GZV1	Q9CR42
Q4U2R1	Q4U2R1
Q4U2R1	D4ACN3
Q4U2R1	Q4U2R1-2
Q4U2R1	O95714
Q4U2R1	Q9BVR0
Q4U2R1	P18754-2
Q4U2R1	Q8VE37
Q4U2R1	P18754
Q4U2R1	B1H227
Q4U2R1	Q80YD6
Q4U2R1	D3ZN16
Q4U2R1	Q9UGK8
F1RR02	F1RR02
A6NGH7	A6NGH7
A6NGH7	Q3UYG1
A6NGH7	M0R9C5
XP_233363	XP_233363
XP_233363	Q96SC8
XP_233363	Q5VZB9
XP_233363	Q8CFG4
XP_233363	A2A9A2
XP_233363	Q80WT2
XP_233363	D4A218
XP_233363	Q9NQL9
D3ZWQ5	D3ZWQ5
D3ZWQ5	Q99ME3
D3ZWQ5	Q9Y6H5
D3ZWQ5	Q9Y6H5-6
E9Q8I9	E9Q8I9
E9Q8I9	Q5TBA9
E9Q8I9	C0IXW5
E9Q8I9	O94915
E9Q8I9	XP_002725006
E9Q8I9	O94915-2
E9Q8I9	F8VQ05
A0A0G2K715	A0A0G2K715
A0A0G2K715	Q6A078
A0A0G2K715	O15078
Q6ZSR9	Q6ZSR9
Q6ZSR9	Q6PIU9
Q6ZSR9	XP_032762048
P42858	P42858
P42858	P42859
P42858	P51111
P35638	P35638
P35638	Q62857
P35638	P35639
O43741	O43741
O43741	Q9QZH4
O43741	Q6PAM0
O43741	P80386
O43741	Q9R078
O43741	Q9Y478
Q96DN5	Q96DN5
Q96DN5	D3ZTA2
Q96DN5	Q6NXY1
Q5T4F7	Q5T4F7
Q5T4F7	Q9WU66
Q5T4F7	Q8C4U3
Q5T4F7	Q8N474
Q5T4F7	Q9R168
Q5T4F7	Q96HF1
Q5T4F7	P97299
Q06210	Q06210
Q06210	P47856
Q06210	O94808
Q06210	P47856-2
Q06210	P82808
Q06210	Q9Z2Z9
Q06210	Q06210-2
Q06210	Q4KMC4
Q99607	Q99607
Q99607	Q9Z2U4
Q99607	P32519
Q99607	Q60775
Q99607	P32519-2
Q99607	ENSRNOP00000051409
Q99607	Q9EQY3
Q99607	Q9JHC9
Q99607	Q5XIT5
Q99607	Q15723-1
Q99607	Q15723
Q5DTH5	Q5DTH5
Q5DTH5	Q8CGV9
Q5DTH5	D3ZKB9
Q5DTH5	Q63HK5
Q5DTH5	Q6ZSZ6
Q5DTH5	Q68FE9
Q5DTH5	Q9NRE2
Q9BW61	Q9BW61
Q9BW61	Q9D9Z5
Q9BW61	D4AED2
Q91YP0	Q91YP0
Q91YP0	D3ZVS2
Q91YP0	Q9H9P8
Q8WUY1	Q8WUY1
Q8WUY1	Q5XIE1
Q8WUY1	Q80ZW2
Q7L1S5	Q7L1S5
Q7L1S5	Q76EC5
Q7L1S5	Q9H2A9
Q7L1S5	Q8BQ86
Q7L1S5	Q6PGK7
Q7L1S5	O43529
Q7L1S5	O54702
Q7L1S5	Q8NET6
Q7L1S5	D3ZPV0
Q7L1S5	D3Z6E3
Q7L1S5	Q80V53
Q7L1S5	Q8NCH0
Q7L1S5	B2GV63
Q7L1S5	Q99LL3
Q7L1S5	Q9NRB3
Q7L1S5	Q498S0
Q7L1S5	Q9NPF2
Q7L1S5	Q9JME2
Q7L1S5	P69478
Q8R0W1	Q8R0W1
Q8R0W1	D4A489
Q8R0W1	Q9C0C6
Q9H720	Q9H720
Q9H720	Q91YL7
Q8C1E1	Q8C1E1
Q8C1E1	Q8N4F0
Q6ZMT9	Q6ZMT9
O95800	O95800
O95800	Q6X632
F8VPZ9	F8VPZ9
F8VPZ9	Q9NZM4
F8VPZ9	D3ZQW8
Q8N9A8-2	Q8N9A8-2
Q8N9A8-2	D3ZJA8
Q8N9A8-2	Q8N9A8
Q8N9A8-2	Q3UJ81
P10515	P10515
P10515	P08461
P10515	NP_001381465
P10515	Q8BKZ9
P10515	O00330
P10515	O00330-3
P10515	Q8BMF4
Q5F259-2	Q5F259-2
Q5F259-2	Q86YJ7
Q5F259-2	Q5F259
Q5F259-2	D4A1M1
Q5F259-2	Q8IZ07
Q5F259-2	Q5U313
Q5F259-2	Q80UP5
Q5F259-2	Q8N6S4
Q5F259-2	Q3UX43
Q5F259-2	Q6ZTN6
Q5F259-2	Q6ZTN6-1
Q5F259-2	D3ZUJ7
Q5F259-2	Q6PD24
Q8WU39	Q8WU39
Q8WU39	Q561R0
Q8WU39	Q9D8I1
Q8TD33	Q8TD33
Q8TD33	Q05702
Q8TD33	Q7M742
Q8TD33	P0DMR2
Q8CAT8	Q8CAT8
Q8CAT8	D3ZKN5
Q8CAT8	Q5FWF7
P0DTL5	P0DTL5
P0DTL5	P0DW86
P0DTL5	P0DW88
Q3V0P9	Q3V0P9
Q9D0D4	Q9D0D4
Q9D0D4	Q9UNQ2
Q9D0D4	B0BN90
Q6P3B9	Q6P3B9
Q6P3B9	D3ZT82
Q6P3B9	Q8N0V3
Q6P3B9	Q8N0V3-2
E9Q743	E9Q743
E9Q743	Q8TBY9
XP_001077834	XP_001077834
XP_001077354	XP_001077354
XP_001077354	A4Q9F0
XP_001077354	Q6ZT98
Q6ZSG2	Q6ZSG2
Q6ZSG2	Q3USH1
O88799	O88799
O88799	Q9Y493
O88799	Q9Y493-2
Q9BZS9	Q9BZS9
P59045	P59045
P59045	Q3TKR3
P59045	Q8BU40
P59045	A0A0G2JU69
P59045	NP_001165635
P59045	Q66X05
P59045	Q8C6J9
P59045	P13489
P59045	Q91VI7
P59045	P29315
P59045	Q3SZN8
Q9DA64	Q9DA64
Q9DA64	Q8N9R6
Q9BR26	Q9BR26
Q9BR26	Q9D611
Q13585	Q13585
Q13585	NP_001178844
Q13585	O88495
Q13585	Q8CIQ6
Q13585	P49286
Q13585	P49287
Q13585	P49218
Q13585	P48039
Q13585	Q61184
Q96DX4	Q96DX4
Q96DX4	Q8BVR6
Q8IYT2	Q8IYT2
Q8IYT2	Q8BWQ4
Q8IYT2	D3Z980
Q9D4G1	Q9D4G1
Q9D4G1	Q9NYP8
P15515	P15515
P15515	P15516
C9JR72	C9JR72
C9JR72	Q8C828
P58505	P58505
P58505	P58505-2
P58505	G5E8K1
P58505	P0C7W0
P58505	B1ARI9
Q505B7	Q505B7
Q505B7	M0R5Y9
Q505B7	Q8IWT0
Q9CR55	Q9CR55
Q9CR55	B2RZC8
Q9CR55	Q6PH81
Q9CR55	Q6PH81-2
Q9UI08-2	Q9UI08-2
Q9UI08-2	P70429
Q9UI08-2	Q9UI08
Q9UI08-2	P50552
Q9UI08-2	O08719
Q9UI08-2	B5DEX4
Q9UI08-2	P70460
Q99808-2	Q99808-2
Q99808-2	Q9JIM1-2
Q99808-2	O54698
Q99808-2	Q99808
Q99808-2	Q9JIM1
Q99808-2	Q80WK7
Q99808-2	Q99P65
Q99808-2	Q9BZD2
Q99808-2	O54699
Q99808-2	Q61672
Q99808-2	Q14542
Q7Z333-4	Q7Z333-4
Q7Z333-4	Q7Z333
Q7Z333-4	Q7Z333-3
Q7Z333-4	D4AEB3
Q7Z333-4	A2AKX3
Q9BUP3-3	Q9BUP3-3
Q9BUP3-3	B0BNF8
Q9BUP3-3	Q9Z2G9
Q9BUP3-3	Q9BUP3
P63135	P63135
P63135	P61567
P63135	P61570
P63135	P61565
P63135	O71037
P63135	Q9UKH3
P63135	Q69384
P63135	P61566
P63135	Q902F9
P63135	Q902F8
P63135	O42043
P63135	Q9HDB8
P63135	Q9UQG0
P63135	Q1W5W7
P63135	P03975
P63135	P61568
P63135	Q9NX77
P17677-2	P17677-2
P17677-2	P17677
P17677-2	P06836
P17677-2	P06837
P17677-2	P07936
P23219-5	P23219-5
P23219-5	Q05769
P23219-5	P35354
P23219-5	P05979
P23219-5	P22437
P23219-5	P23219
P23219-5	P35355
P23219-5	Q63921
Q5FVR8	Q5FVR8
Q5FVR8	Q9NVR7
Q5FVR8	Q640P7
Q6AXU3	Q6AXU3
Q6AXU3	Q3U1G5
Q6AXU3	Q9H9L3
Q6AXU3	Q9CZI9
Q6AXU3	Q8WTP8
Q6AXU3	B2GUW6
Q9NVH6-8	Q9NVH6-8
Q9NVH6-8	Q9NVH6-2
Q9NVH6-8	Q91ZW6
Q9NVH6-8	Q9NVH6
Q9NVH6-8	Q91ZE0
P08393	P08393
Q9BUK0-4	Q9BUK0-4
Q9BUK0-4	Q9BUK0
Q9BUK0-4	Q8K2Q5
Q9BUK0-4	D4AC73
Q9P2H3-3	Q9P2H3-3
Q9P2H3-3	Q9P2H3
Q9P2H3-3	Q66HB3
Q9P2H3-3	Q922Y2
Q9P2H3-3	Q8IWR1
Q9P2H3-3	B5DF13
Q9P2H3-3	Q8K057
Q9P2H3-3	O60858-3
Q9P2H3-3	O60858
Q9P2H3-3	Q9CYB0
Q9P2H3-3	Q5M7V1
O75586-2	O75586-2
O75586-2	O75586
O75586-2	B0BNE1
O75586-2	Q921D4
A0A096LPE2	A0A096LPE2
A0A096LPE2	P0DJI8
A0A096LPE2	P0DJI9
A0A096LPE2	P35542
A0A096LPE2	P05367
A0A096LPE2	P05366
A0A096LPE2	P04918
A0A096LPE2	P31532
Q9UMR5-3	Q9UMR5-3
Q9UMR5-3	Q9UMR5
Q9UMR5-3	O35448
Q9UMR5-3	O70489
Q99836-6	Q99836-6
Q99836-6	Q99836
Q99836-6	Q6Y1S1
Q99836-6	P22366
T0D7A2	T0D7A2
Q9Y303-3	Q9Y303-3
Q9Y303-3	Q9Y303
Q9Y303-3	Q8JZV7
Q9Y303-3	Q5BJY6
Q9BSK2	Q9BSK2
Q9BSK2	Q3TZX3
Q9BSK2	B2RZ89
Q9BSK2	Q922G0
Q9BSK2	Q96CQ1
Q9BSK2	D4ACN9
P97712	P97712
P97712	P09920
P97712	P09919
P15812	P15812
P15812	P15812-2
P15812	P15813
P15812	P06126
P15812	P29016
P15812	P11609
P15812	P11610
P15812	Q63493
P15812	P29017
Q6SJ96	Q6SJ96
Q6SJ96	P29037
Q6SJ96	Q66HB1
Q6SJ96	A6H909
Q6SJ96	P20226
Q6SJ96	Q91YM5
Q6SJ96	Q6SJ95
Q6SJ96	P62380
Q6SJ96	P62340
Q6SJ96	D4A898
Q9NVX0	Q9NVX0
Q9NVX0	XP_038962456
Q9NVX0	Q9CQS9
Q7Z3D6-2	Q7Z3D6-2
Q7Z3D6-2	Q7Z3D6
Q7Z3D6-2	Q8BH86
Q7Z3D6-2	D4A9W3
O15165	O15165
O15165	O15165-6
O15165	Q8BWJ4
O15165	Q9D7R2
O15165	Q969W9
XP_001072334	XP_001072334
XP_001072334	Q8BVN0
XP_001072334	Q5T0U0
P97364	P97364
P97364	Q8BH69
P97364	D3ZFY0
P97364	P49903
P97364	Q99611
Q8IYD8	Q8IYD8
Q8IYD8	Q8BGE5
Q9P209	Q9P209
Q9P209	D3ZVQ1
Q9P209	Q9D3R3
Q9P209	Q9D9B4
Q9P209	Q9H2I8
P07360	P07360
P07360	Q8VCG4
P07360	Q6UWW0
Q6W0C5	Q6W0C5
Q6W0C5	Q6IMK0
Q6W0C5	Q8QZY3
P02790	P02790
P02790	P20059
P02790	Q91X72
P02790	P20058
Q86XN7	Q86XN7
Q86XN7	Q5PRE5
Q86XN7	D4A1X9
Q5JV73	Q5JV73
Q5JV73	EDL23927
Q5JV73	D4A3K7
Q5JV73	A2AFR3
Q5JV73	Q14CM0
Q3UFF7	Q3UFF7
Q3UFF7	Q5VWZ2
Q3UFF7	Q9QYL8
Q3UFF7	O95372
Q3UFF7	Q9WTL7
Q3UFF7	P70470
Q3UFF7	P97823
Q3UFF7	O75608
Q9UFB7	Q9UFB7
Q9UFB7	E9PZ11
Q9UFB7	Q5DU09
Q9UFB7	Q9Y2D9
Q9UFB7	A1L1J6
Q9UGQ3	Q9UGQ3
Q9UGQ3	Q9UGQ3-2
Q9UGQ3	Q3UDF0
Q9UGQ3	D3ZLC4
Q9UGQ3	Q9JJZ1
Q9UGQ3	Q9JIF3
Q9UGQ3	Q9NY64
XP_236715	XP_236715
XP_236715	Q9UPV9
XP_236715	Q6PD31
XP_236715	Q8R2H7
XP_236715	Q6P9N8
XP_236715	O60296
XP_236715	Q9UPV9-2
Q9NUD7	Q9NUD7
Q9NUD7	Q5XIK0
Q9WVH6	Q9WVH6
Q9WVH6	O43827
Q9WVH6	Q8R1Q3
Q9WVH6	Q9Z1P8
Q9WVH6	Q6TMA8
Q9WVH6	Q9BY76
Q9WVH6	O08538
Q9WVH6	O35460
Q9WVH6	Q15389
Q9WVH6	O35462
Q9WVH6	O35608
Q9WVH6	O15123
Q9WVH6	Q8N539
Q9WVH6	A2AV25
Q9WVH6	Q9Y264
Q9WVH6	Q9Y5C1
Q9WVH6	Q9R182
Q5T124	Q5T124
Q5T124	Q5T124-2
Q5T124	Q8R512
Q5T124	Q9D572
Q5T124	Q8CCM4
Q4FZH1	Q4FZH1
Q4FZH1	Q15884
Q8N6K7	Q8N6K7
Q8N6K7	Q8C4H2
Q8CAU5	Q8CAU5
Q8BVC1	Q8BVC1
Q8BVC1	Q9BYW3
E9PUL3	E9PUL3
E9PUL3	Q05KA7
E9PUL3	Q9EQR4
E9PUL3	Q9QX15
E9PUL3	Q4H2C5
E9PUL3	Q9D7Z6
E9PUL3	A0A0G2JWX9
E9PUL3	A8K7I4
E9PUL3	Q9UQC9
E9PUL3	Q8BG22
E9PUL3	D3ZVT7
E9PUL3	Q9Y6N3
E9PUL3	Q3UW98
E9PUL3	Q6Q473
E9PUL3	Q14CN2
E9PUL3	Q6VPP3
Q5NUL3-1	Q5NUL3-1
Q5NUL3-1	Q5NUL3
Q5NUL3-1	Q7TMA4
Q5NUL3-1	Q2AC31
Q8WUK0-3	Q8WUK0-3
Q4G0U5	Q4G0U5
Q4G0U5	XP_002728041
Q4G0U5	A9Q751
Q17R55	Q17R55
Q17R55	Q0VAY3
Q17R55	XP_001069289
Q8IZS7	Q8IZS7
Q8IZ08	Q8IZ08
Q8IZ08	Q7TQP2
Q8IZ08	Q7TQN7
A7TZG1	A7TZG1
Q7RTU1	Q7RTU1
Q7RTU1	Q9JLR5
Q7RTU1	Q7RTU0
Q7RTU1	NP_001272354
Q6EEV4	Q6EEV4
Q6EEV4	Q6EEV4-2
D3Z5T8	D3Z5T8
D3Z5T8	C9J442
Q8VCH5	Q8VCH5
Q8VCH5	Q4V8F4
Q8VCH5	Q7Z6M1
Q9Y535	Q9Y535
Q9Y535	Q9D2C6
Q7Z412	Q7Z412
Q7Z412	Q7Z412-2
Q7Z412	Q8BGI5
A6H684	A6H684
A8K554	A8K554
F8VQ03	F8VQ03
F8VQ03	Q8K410
F8VQ03	Q5BK84
F8VQ03	Q63202
F8VQ03	Q60718
F8VQ03	Q99965
F8VQ03	Q8TC27
F8VQ03	Q3TTE0
F8VQ03	Q9Y3Q7
F8VQ03	Q9R157
F8VQ03	P97776
Q05215	Q05215
Q05215	Q9WUF2
Q05215	Q00911
Q05215	P11161
Q05215	P08152
Q05215	P51774
Q05215	P43301
Q05215	Q06889
Q05215	P43300
Q05215	P18146
Q05215	P08154
Q05215	P08046
Q8N8R5	Q8N8R5
Q8N8R5	Q9D9H8
Q64364	Q64364
Q64364	Q8QZZ9
Q64364	Q8N726
Q64364	Q8N726-2
J3QPC3	J3QPC3
J3QPC3	NP_001333237
J3QPC3	Q5BKX5
Q9Z1R3	Q9Z1R3
Q9Z1R3	P14630
Q9Z1R3	O95445
Q3U286	Q3U286
A0A0A6YY25	A0A0A6YY25
A0A0A6YY25	B2RXH4
Q9NSU2-1	Q9NSU2-1
Q9NSU2-1	Q5BK16
Q9NSU2-1	Q9NSU2
Q9NSU2-1	Q91XB0
Q9NSU2-1	Q9BQ50-1
Q9NSU2-1	Q9R1A9
Q9NSU2-1	Q9BQ50
Q96BW5	Q96BW5
Q96BW5	Q63530
Q96BW5	Q60866
Q6NT89	Q6NT89
Q6NT89	Q80ZI1
Q9HBI5	Q9HBI5
Q9HBI5	Q8BGD0
Q8NA97	Q8NA97
Q7Z2R9	Q7Z2R9
Q99NA2	Q99NA2
Q99NA2	Q96SQ7
Q9NPA0	Q9NPA0
Q9NPA0	D3ZQL1
Q9NPA0	Q9EP72
Q96EH3	Q96EH3
Q96EH3	D3ZZ37
Q96EH3	Q9CWV0
XP_240734	XP_240734
XP_240734	Q8BIE6
XP_240734	Q9P2Q2
XP_240734	Q920B0
XP_240734	Q9Y2L6
XP_240734	F1LZB7
XP_240734	Q9Y2L6-2
XP_240734	Q7TN12
XP_240734	Q3KP66-3
XP_240734	Q3KP66
Q5M7W5	Q5M7W5
Q5M7W5	P10636
Q5M7W5	P10636-7
Q5M7W5	P29172
Q5M7W5	P10636-3
Q5M7W5	P10636-6
Q5M7W5	P10637-2
Q5M7W5	P10636-8
Q5M7W5	B1AQW2
Q5M7W5	P10637
Q5M7W5	P19332
Q5M7W5	P10636-5
Q5M7W5	P10636-2
Q5M7W5	P10636-4
Q13224	Q13224
Q13224	Q00960
Q13224	Q01097
Q13224	O15399
Q13224	Q03391
Q13224	Q62645
Q13224	P35436
Q13224	Q12879
Q13224	Q00959
Q13224	Q01098
Q13224	Q00961
Q13224	Q14957
Q8N9M1	Q8N9M1
Q8N9M1	A0JPQ7
Q8N9M1	Q8N9M1-2
Q8N9M1	Q8R3Y5
Q16666	Q16666
Q16666	Q16666-3
Q16666	Q16666-2
Q16666	Q6K0P9
Q16666	Q6K0P9-2
Q16666	Q6K0P9-3
Q16666	XP_573515
Q16666	P41218
Q16666	Q5U2R8
Q16666	XP_993590
Q16666	Q9R002
Q03393	Q03393
Q03393	P27213
Q03393	Q9R1Z7
Q9H329	Q9H329
Q9H329	B2RYE5
Q9H329	Q9JMC8
Q9H329	Q9HCM4-2
Q9H329	Q9H329-2
Q9H329	Q5FVG2-2
Q9H329	A2ALK6
Q9H329	Q8BGS1-2
Q9H329	Q9HCM4
Q9H329	Q5FVG2
Q9H329	Q8BGS1
Q9H329	Q8WY64
Q9H329	Q8BM54
Q9H329	D3ZDI6
Q52KE7	Q52KE7
Q52KE7	Q9R1Q2
Q52KE7	Q9UK58
Q52KE7	Q9JJA7
Q52KE7	Q96S94
Q52KE7	Q5I0H5
Q9BY89	Q9BY89
Q9BY89	XP_001080521
Q9BY89	Q8BRV5
Q9BY89	E1BC55
Q2Q1W2	Q2Q1W2
Q2Q1W2	D3ZVM4
Q2Q1W2	Q1PSW8
Q2Q1W2	Q9C040-2
Q2Q1W2	Q9ESN6
Q2Q1W2	D3ZQG6
Q2Q1W2	Q9C040
Q2Q1W2	O75382
Q2Q1W2	O70277
Q2Q1W2	Q9R1R2
Q2Q1W2	Q3UP44
Q2Q1W2	P0CG21
Q13952	Q13952
Q13952	P70353
Q13952	Q62725
Q13952	Q13952-2
Q13952	Q13952-3
Q13952	Q9CQ36
Q13952	D3Z9P5
Q13952	Q9NR33
Q13952	Q9NRG0
Q13952	D3ZAR9
Q13952	Q9JKP8
H7BWY3	H7BWY3
H7BWY3	Q3UEG6
H7BWY3	Q64565
H7BWY3	Q9BYV1
H7BWY3	Q8BWU8
H7BWY3	Q8TBG4
H7BWY3	Q8R1K4
H7BWY3	Q8IUZ5
Q7TNK8	Q7TNK8
Q7TNK8	P61312
Q7TNK8	Q7Z4H4
Q9BZP3	Q9BZP3
I3L1E1	I3L1E1
I3L1E1	H3BKT1
Q59GL6	Q59GL6
Q59GL6	O35099
Q59GL6	D3ZZH6
Q59GL6	Q99683
Q59GL6	A2AQW0
Q59GL6	Q6ZN16
Q59GL6	D3ZFL3
Q59GL6	O95382-3
Q59GL6	O95382
Q59GL6	O95382-2
Q59GL6	Q9WTR2
Q99K01-2	Q99K01-2
Q99K01-2	Q99K01
Q99K01-2	B5DFK8
Q99K01-2	Q6P996
Q99K01-2	Q6P474
Q99K01-2	Q6P996-3
Q99K01-2	Q6P996-4
Q99K01-2	A7MBC2
Q99K01-2	Q6P996-5
P26342	P26342
P26342	O88393
P26342	Q03167
Q3UUQ0	Q3UUQ0
E9PTA2	E9PTA2
E9PTA2	O94759-3
E9PTA2	Q91YD4
E9PTA2	O94759
E9PTA2	Q7Z2W7
E9PTA2	Q8R455
E9PTA2	Q8R4D5
E9PTA2	Q5XIG0
E9PTA2	Q9BW91
E9PTA2	Q8BVU5
E9PTA2	Q9BW91-2
E9PTA2	Q8TD43
E9PTA2	Q9ESQ5
E9PTA2	Q7TN37
E9PTA2	Q9NZQ8
E9PTA2	Q9JJH7
E9PTA2	Q8CIR4
E9PTA2	Q96QT4
E9PTA2	Q923J1
E9PTA2	Q925B3
E9PTA2	Q9HCF6-11
E9PTA2	Q9HCF6
E9PTA2	Q5F4S9
E9PTA2	B2RUS0
E9PTA2	XP_001079904
E9PTA2	Q9HCF6-3
E9PTA2	Q9BX84
E9PTA2	Q2WEA5
E9PTA2	Q2TV84
E9PTA2	Q7Z4N2
B5MCY1	B5MCY1
B5MCY1	ENSRNOP00000047109
Q6AZ54	Q6AZ54
Q6AZ54	Q9ERZ0
Q6AZ54	Q9BXL5
A8R0U8	A8R0U8
Q8N128-2	Q8N128-2
Q8N128-2	XP_002729670
Q8N128-2	Q8N128
Q8N128-2	Q8BR63
Q8N128-2	A6PVY3
O03042	O03042
A0A2R8YFM6	A0A2R8YFM6
Q03164-3	Q03164-3
Q03164-3	D3Z5H5
Q03164-3	Q03164
Q03164-3	Q03164-2
Q03164-3	P55200
Q03164-3	XP_236194
Q03164-3	Q9UMN6
Q03164-3	Q9UMN6-2
Q03164-3	O08550
Q03164-3	D3ZKG0
Q9ULJ1-4	Q9ULJ1-4
Q9ULJ1-4	Q9ULJ1-5
Q9ULJ1-4	Q9ULJ1-6
Q9ULJ1-4	Q9D478
Q9ULJ1-4	Q9ULJ1
Q9ULJ1-4	Q9ULJ1-3
Q9ULJ1-4	Q9ULJ1-2
P22105-4	P22105-4
P22105-4	P22105-1
P22105-4	P22105
P22105-4	Q16473
P22105-4	O35452
P22105-4	P24821
P22105-4	P24821-6
P22105-4	P24821-4
P22105-4	NP_446313
P22105-4	Q80YX1
P22105-4	P24821-5
P22105-4	O00602
P22105-4	O70497
P22105-4	Q15485
P22105-4	P57756
P22105-4	Q9WTS8
P22105-4	O70165
P22105-4	Q14314
P22105-4	P12804
P22105-4	G3V7P2
P22105-4	O75636
P22105-4	P55083-2
P22105-4	P55083
P22105-4	Q9D1H9
P22105-4	XP_238019
P22105-4	Q6DIB5
P22105-4	Q96KG7
P22105-4	Q80T91
P22105-4	A6BM72
P22105-4	Q80T91-4
P22105-4	XP_001076145
P22105-4	P02675
P22105-4	P14480
P22105-4	Q8K0E8
P22105-4	Q5VY43
P22105-4	Q8VIK5
P22105-4	B5DEG9
A0A1B0GTI8	A0A1B0GTI8
Q96N06-2	Q96N06-2
Q96N06-2	Q96N06
Q96N06-2	D3Z8L2
Q96N06-2	Q8C624
Q96IJ6-2	Q96IJ6-2
Q96IJ6-2	Q922H4
Q96IJ6-2	Q96IJ6
Q96IJ6-2	Q5XIC1
Q92564-3	Q92564-3
Q92564-3	Q92564
Q92564-3	Q8CCA0
Q92564-3	Q5PPL2
Q92564-3	Q9CXV9
Q92564-3	Q9BTE7
Q92564-3	Q8K0V2
Q92564-3	Q8IWE4
Q92564-3	Q4V8B2
Q92564-3	Q9QZ73
Q92564-3	Q96GG9
Q92564-3	Q8BZJ7
Q92564-3	Q6PH85
Q92564-3	D4AD48
Q92564-3	NP_001382029
Q13564-4	Q13564-4
Q13564-4	Q9Z1A5
Q13564-4	Q8VBW6
Q13564-4	Q13564
Q13564-4	Q13564-2
Q8IY31-2	Q8IY31-2
Q8IY31-2	XP_006246997
Q8IY31-2	Q61025
Q8IY31-2	Q8IY31
Q9NVS2-2	Q9NVS2-2
Q9NVS2-2	Q9NVS2
Q9NVS2-2	Q99N85
Q9NVS2-2	Q6PDU2
Q7Z7H8-2	Q7Z7H8-2
Q7Z7H8-2	Q7Z7H8
Q7Z7H8-2	Q3MHY7
Q7Z7H8-2	Q3TBW2
Q7Z7H8-2	P0C2C4
Q5T6J7-2	Q5T6J7-2
Q5T6J7-2	Q5T6J7
Q5T6J7-2	Q32PY9
Q5T6J7-2	Q8R0J8
Q5T3I0-3	Q5T3I0-3
Q5T3I0-3	Q5T3I0
Q5T3I0-3	Q3TFK5
Q5T3I0-3	Q566R3
O95628-6	O95628-6
O95628-6	Q8BT14-2
O95628-6	O95628-4
O95628-6	Q8BT14
O95628-6	O95628-2
O95628-6	O95628
O95628-6	Q498M7
P08493-2	P08493-2
P08493-2	P08493
P08493-2	P19788
P08493-2	P07507
P08493-2	P08494
Q8WXS3-3	Q8WXS3-3
Q8WXS3-3	Q8WXS3
Q8WXS3-3	Q8WXS3-1
Q8WXS3-3	Q920K5
Q8WXS3-3	Q8VHV1
M0R5N4	M0R5N4
M0R5N4	Q3UWL8
M0R5N4	Q9NQP4
A0A1B0GUV1	A0A1B0GUV1
Q9H0A3	Q9H0A3
XP_038959300	XP_038959300
XP_038959300	Q6PGP7
XP_038959300	F8VPK0
Q9H5V8	Q9H5V8
Q9H5V8	D3ZVA1
Q9H5V8	Q5U462
Q9GZP4	Q9GZP4
Q9GZP4	Q9GZP4-2
Q9GZP4	XP_001068778
Q9GZP4	Q8BWR2
Q16649	Q16649
Q16649	Q6IMZ0
Q16649	O08750
Q16649	Q90Z72
O88574	O88574
O88574	NP_001386204
O88574	O75446
O88574	Q9HAJ7
O88574	D3ZJK3
O88574	Q5SQF8
Q09019	Q09019
Q09019	Q08274
Q09019	XP_002725634
Q09019	Q8TBZ3-7
Q09019	Q8TBZ3-2
Q09019	NP_001094364
Q09019	Q8TBZ3
Q09019	Q9D5R2
Q09019	Q3UWE6
Q9Y618	Q9Y618
Q9Y618	Q9Y618-4
Q9Y618	Q9Y618-5
Q9Y618	Q9Y618-2
Q9Y618	E9Q9V3
Q9Y618	NP_001101804
Q9Y618	Q9WU42
Q9Y618	Q60974
Q9Y618	Q60974-2
Q9Y618	O75376
Q9Y618	O75376-2
Q9Y618	Q3UV08
Q9Y618	NP_001258032
O88828	O88828
O88828	P61219
O88828	P61218
O43609	O43609
O43609	EDM01315
O43609	Q9QXV9
O43609	O43597
O43609	Q5HZA2
O43609	Q9QXV8
O43609	Q9WTP2
O43609	D3ZJA3
O43609	Q9C004
O43609	Q3UUD2
O43609	O43610
P09661	P09661
P09661	D3ZZR5
P09661	P57784
Q66GS9	Q66GS9
Q66GS9	D3ZI35
Q66GS9	Q6P5D4
Q66GS9	Q9Z220
Q66GS9	Q9BZW7
Q66GS9	Q6NY15
P47756-1	P47756-1
P47756-1	P47757-2
P47756-1	P47756
P47756-1	Q5XI32
P47756-1	P47757
Q5S006	Q5S006
Q5S006	F1LNJ1
Q5S006	Q5S007
Q5S006	P12965
Q5S006	P00540
Q5S006	P00536
Q5S006	P00539
Q9Y679	Q9Y679
Q9Y679	P70295
Q9Y679	A1L134
Q9Y679	Q9Y679-3
Q00651	Q00651
Q00651	P13612
Q00651	NP_001101207
Q00651	B8JK39
Q00651	Q13797
Q14152	Q14152
Q14152	Q1JU68
Q14152	P23116
P09132	P09132
P09132	Q9D7A6
P09132	NP_001099627
Q9CWW7	Q9CWW7
Q9CWW7	Q9P0U4
Q9CWW7	A1A5S2
Q9CWW7	Q9P0U4-2
O95169	O95169
O95169	B2RYS8
O95169	Q9D6J5
NP_001121050	NP_001121050
NP_001121050	Q3UVG3
NP_001121050	Q658Y4
Q99JR8	Q99JR8
Q99JR8	Q92925-3
Q99JR8	Q92925-2
Q99JR8	Q5U3Y2
Q99JR8	Q6P9Z1
Q99JR8	Q6STE5
Q99JR8	Q92925
Q99JR8	O54772
Q99JR8	Q61466
Q99JR8	Q96GM5
Q99JR8	D3ZBS9
Q9Z1T1	Q9Z1T1
Q9Z1T1	O00203
Q9Z1T1	ENSRNOP00000014278
Q9Z1T1	Q13367-4
Q9Z1T1	Q9JME5
Q9Z1T1	Q13367
Q9Z1T1	D4AE00
Q91W43	Q91W43
Q91W43	P23378
Q91W43	D4A5Q9
P35610	P35610
P35610	O70536
P35610	Q61263
P35610	O88908
P35610	O75908
P35610	Q7TQM4
Q8CBK2	Q8CBK2
Q9D379	Q9D379
Q9D379	P07687
Q9D379	P07099
Q8N1E6	Q8N1E6
Q8N1E6	Q8BID8
Q8BQM8	Q8BQM8
Q8BQM8	Q6ED65
Q8BQM8	Q05BV3
Q8BQM8	Q6ZMW3
Q8BQM8	Q5SQM0
Q8BQM8	Q3UMY5
Q8BQM8	F1LT71
Q8BQM8	Q3UMY5-3
Q8BQM8	Q9HC35-2
Q8BQM8	EDM02737
Q8BQM8	Q9HC35
Q8BQM8	O00423-3
Q8BQM8	Q4V8C3
Q8BQM8	AAI25290
Q8BQM8	Q05BC3
Q8BQM8	O00423
Q8BQM8	O95834-3
Q8BQM8	Q6P6T4
Q8BQM8	O95834-2
Q8BQM8	O95834
Q8BQM8	Q7TNG5
Q8BQM8	E9QK48
Q8BQM8	Q32P44-2
Q8BQM8	Q32P44
Q8BQM8	D4A4R1
Q8BQM8	Q8VC03
Q2EMV9	Q2EMV9
Q2EMV9	Q460N3
Q2EMV9	Q460N5
Q2EMV9	F1LZ05
Q9D404	Q9D404
Q9D404	G3V6R7
Q9D404	Q9NWU1
Q9H079	Q9H079
Q9H079	Q9CWJ3
Q9H079	B1WBZ9
Q96LT7	Q96LT7
Q96LT7	Q6DFW0
Q96LT7	Q66HC3
P56198	P56198
P56198	Q5XI33
P56198	O60543
P56198	O70302
P56198	Q96AQ7
P56198	O70303
P56198	Q9UHD4
Q9P0I2	Q9P0I2
Q9P0I2	Q5U2V8
Q9P0I2	Q99KI3
Q8WW14	Q8WW14
Q8WW14	Q9CQT6
Q9NWD8	Q9NWD8
Q9NWD8	Q3TBN1
Q9NWD8	Q6AY76
Q8BFR2	Q8BFR2
Q8BFR2	Q8N475
Q8BFR2	NP_001102416
Q8BFR2	D3ZJ81
Q8BFR2	Q6MZW2
Q8BFR2	Q5STE3
Q9D7I5	Q9D7I5
Q9D7I5	Q5I0D5
Q9D7I5	Q9H008
Q9D7I5	Q9H0R4
Q9D7I5	Q3UGR5
Q9D7I5	Q6AYR6
P0DTC3	P0DTC3
P0DTC3	P59632
O60844	O60844
O60844	Q8CJD3
O60844	Q8K0C5
Q8N239	Q8N239
Q8N239	A2AI76
Q8N239	Q8N4N3
Q8N239	Q8R124
Q8N239	Q66HD2
Q3V1T4	Q3V1T4
Q3V1T4	Q9R1J8
Q3V1T4	Q32P28
Q3V1T4	Q8IVL5
Q3V1T4	Q4KLM6
Q3V1T4	Q8CG71
Q3V1T4	Q8IVL6
Q3V1T4	Q8CG70
Q3V1T4	NP_001100090
Q3V1T4	Q8K2B0
Q3V1T4	Q92791
Q3V1T4	Q64375
Q3V1T4	A0A096MK61
Q3V1T4	O75718
Q3V1T4	Q9CYD3
P17425	P17425
P17425	Q8JZK9
P17425	Q01581
P17425	P54869
P17425	P54868
P17425	P22791
P17425	P54868-2
Q8IXQ3	Q8IXQ3
Q8IXQ3	Q66H24
Q8IXQ3	Q8VCE4
P31266	P31266
P31266	Q06330
P31266	Q06330-7
P31266	NP_001100101
P31266	Q9UBG7
P31266	O08674
Q8VC26	Q8VC26
Q8VC26	A6NGC4
Q8VC26	Q99JT6
Q8VC26	Q96CP7
Q8VC26	Q5U2T1
Q9CYU6	Q9CYU6
Q9CYU6	Q9BTV6
Q13114	Q13114
Q13114	Q60803
Q13114	D3Z9G0
Q13114	O00463-2
Q13114	O00463
Q13114	P70191
Q13114	Q12933
Q13114	P39429
Q13114	B5DFH7
Q13114	Q13077
Q13114	M0R5V5
Q13114	P39428
Q5SWH9	Q5SWH9
Q5SWH9	Q3KQJ0
Q5JPB2	Q5JPB2
Q5JPB2	A2ADM8
Q5JPB2	ENSRNOP00000030895
Q8IVA1	Q8IVA1
Q8IVA1	P12660
Q8IVA1	D3ZXP8
Q8BVP6	Q8BVP6
Q8BVP6	Q6UWN0
Q9BSK0	Q9BSK0
Q9BSK0	Q7TQJ1
P63272	P63272
P63272	P63271
P63272	B5DEM7
A6NHS7	A6NHS7
A6NHS7	D4ADQ5
A6NHS7	Q3UU94
Q86Y38	Q86Y38
Q86Y38	Q811B1
Q86Y38	Q9EPI1
Q86Y38	Q9EPL0
Q86Y38	Q9H1B5
Q86Y38	Q9EPI0
Q9ES82	Q9ES82
Q9ES82	Q9HBU9
Q9ES82	Q9ES81
Q9ES82	Q9HBV1
Q9ES82	Q8NE79
Q9ES82	Q3BCU4
Q9ES82	Q9ES83
Q3V0I7	Q3V0I7
Q3V0I7	Q86UN6
Q3V0I7	O35817
Q7TSI1	Q7TSI1
Q7TSI1	Q5PQS0
Q7TSI1	Q9Y4G2
Q7TSI1	Q8BM47
Q7TSI1	D4A959
Q7TSI1	Q6ZWE6
O54718	O54718
XP_578230	XP_578230
XP_578230	Q6DFV8
XP_578230	Q8N2E2
XP_578230	Q6UY11
XP_578230	D3ZUK3
XP_578230	Q8K1E3
Q8R127	Q8R127
Q8R127	Q8NBX0
Q8R127	Q6AY30
E9PUD6	E9PUD6
E9PUD6	Q571L0
E9PUD6	P57086
E9PUD6	Q8TBC5-3
E9PUD6	Q8TBC5
E9PUD6	Q8TBC5-2
F1M6S6	F1M6S6
F1M6S6	Q96M91
F1M6S6	Q9D439
Q6PAN7	Q6PAN7
Q6PAN7	Q8N4B5
Q96AN5	Q96AN5
Q96AN5	Q8VD26
Q9DAX4	Q9DAX4
Q91V98	Q91V98
Q91V98	Q9HCU0
Q91V98	P15306
Q91V98	P07204
Q91V98	Q9NPY3
Q91V98	O89103
Q91V98	Q9ET61
Q91V98	Q86T13
Q91V98	Q8VCP9
Q91V98	Q642B4
P04275	P04275
P04275	Q8CIZ8
P04275	XP_001066203
D3ZTW8	D3ZTW8
D3ZTW8	Q9P0M9
D3ZTW8	Q32PC3
D3ZTW8	Q99N92
Q8BLF2	Q8BLF2
Q8BLF2	Q9JM01
Q8BLF2	Q8IVW4
Q8BLF2	Q02399
Q8BLF2	Q03114
Q8BLF2	P49615
Q8BLF2	Q00535
Q3UGP8	Q3UGP8
Q3UGP8	O88788
Q3UGP8	Q5BKT4
Q3UGP8	Q5I7T1
Q4V7E1	Q4V7E1
Q4V7E1	Q3UPW2
Q4V7E1	P78545
Q4V7E1	Q9NZC4
Q4V7E1	O70273
A0A0G2JV04	A0A0G2JV04
A0A0G2JV04	Q8BMI3
A0A0G2JV04	Q9NZ52
A0A0G2JV04	Q9UJY5-6
A0A0G2JV04	Q9UJY5
A0A0G2JV04	Q9UJY5-2
A0A0G2JV04	NP_001386663
A0A0G2JV04	Q8R0H9
A0A0G2JV04	Q9UJY4
A0A0G2JV04	Q4G038
A0A0G2JV04	F1MKY0
A0A0G2JV04	Q6P5E6
O08760	O08760
O08760	O15527
O08760	O70249
Q5BJU7	Q5BJU7
Q5BJU7	Q8R5H6
Q5BJU7	Q92558
Q5BJU7	Q9Y6W5
Q5BJU7	Q8BH43
Q5BJU7	Q5FWU0
Q5BJU7	Q9UPY6
Q5BJU7	Q8VHI6
Q5BJU7	M0R7F3
Q8CIK8	Q8CIK8
Q8CIK8	XP_341691
Q8CIK8	Q6PCD5
Q9NPB1	Q9NPB1
Q9NPB1	Q8VCE6
Q9NPB1	Q8TCD5
Q9NPB1	NP_001258118
Q9NPB1	Q9JM14
Q9Y587-2	Q9Y587-2
Q9Y587-2	Q9WVL1
Q9Y587-2	Q9Y587
Q9Y587-2	F1M5X2
Q9Y587-2	P53680
Q9Y587-2	P62743
Q9Y587-2	P62744
Q8WUY8	Q8WUY8
Q8WUY8	Q8BVG8
XP_001072003	XP_001072003
D4AB71	D4AB71
D4AB71	Q8K2W9
D4AB71	Q9H972
D4AB71	Q9H972-2
NP_001101393	NP_001101393
NP_001101393	O60942
NP_001101393	O55236
NP_001101393	Q9BVJ7
NP_001101393	Q6NT99
NP_001101393	D3ZRL3
Q80W92	Q80W92
Q80W92	Q08AM6
Q80W92	Q80WQ2
Q8N8V8	Q8N8V8
Q96CD0	Q96CD0
Q96CD0	Q8CIG9
Q96CD0	D3ZYT9
Q4W5P6	Q4W5P6
Q9NZY2	Q9NZY2
A6NCJ1	A6NCJ1
A6NCJ1	A6H6Q4
P27469	P27469
P27469	Q61585
P27469	Q5M840
Q5U2Z5	Q5U2Z5
Q5U2Z5	Q9DBC3
Q5U2Z5	Q8N1G2
I3L3R5	I3L3R5
B2RZD1	B2RZD1
B2RZD1	P60468
B2RZD1	Q9CQS8
B2RZD1	P60467
Q9DAC6	Q9DAC6
Q9DAC6	D3ZYU7
O75564-2	O75564-2
O75564-2	O75564
O75564-2	Q60976
O75564-2	Q4W5G0
O75564-2	Q0VBL1
O75564-2	Q9Y4A0
O75564-2	B2RRL2
O75564-2	Q6NT04
Q60590	Q60590
Q60590	P07361
Q60590	Q63805
Q60590	P02764
Q60590	P19652
Q60590	P02763
P07992-3	P07992-3
P07992-3	D3ZAQ9
P07992-3	P07992
P07992-3	P07903
F1M1G4	F1M1G4
F1M1G4	Q8VBT1
F1M1G4	Q8N3L3
F1M1G4	B2GV14
F1M1G4	P40222
F1M1G4	Q9NUQ3-2
F1M1G4	Q6PAM1
F1M1G4	Q9NUQ3
F1M1G4	Q8BHN1
F1M1G4	Q4FZU5
Q7M733	Q7M733
Q7M733	Q8BLY7
Q7M733	Q86YV9
Q9JKB8	Q9JKB8
Q9JKB8	Q8BM39
Q9JKB8	Q99633
Q66H28	Q66H28
Q66H28	Q9H813
Q66H28	Q9D771
Q5BK39	Q5BK39
Q5BK39	Q8C708
Q5BK39	Q6UWD8
XP_001471801	XP_001471801
XP_001471801	Q2M3D2
XP_001471801	Q17RC7
XP_001471801	B2GUV9
XP_001471801	Q6DIA2
Q63362	Q63362
Q63362	Q16718
Q63362	Q9CPP6
A2RTX5	A2RTX5
A2RTX5	Q8BLY2
A2RTX5	Q5XHY5
A2RTX5	P26639-2
A2RTX5	A2RTX5-2
A2RTX5	XP_038968587
A2RTX5	Q9D0R2
A2RTX5	P26639
A2RTX5	Q3UQ84
A2RTX5	Q9BW92
A2RTX5	Q68FW7
O60494	O60494
O60494	Q9JLB4
O60494	O70244
O60494	O08628
O60494	Q61398
O60494	Q15113
O60494	Q5VXM1
O60494	Q8BQH6
O60494	Q9UKZ9
O60494	Q8R4W6
O60494	B1WBU3
P0C1V4	P0C1V4
P0C1V4	Q7Z6W1
Q5XX13-2	Q5XX13-2
Q5XX13-2	O95170
Q5XX13-2	Q5XX13
Q5XX13-2	Q5SUS0
Q5XX13-2	D4A8I5
Q5XX13-2	P63245
Q5XX13-2	P68040
Q5XX13-2	P63244
Q61001	Q61001
Q61001	F1MAN8
Q61001	O15230
Q61001	Q16787
Q61001	Q61789
Q61001	Q16787-1
Q61001	NP_001380677
Q61001	Q16787-3
Q99LS3	Q99LS3
Q99LS3	P78330
Q99LS3	Q5M819
Q99LS3	O15172
Q8K0L9	Q8K0L9
Q8K0L9	Q9HC78
Q8K0L9	NP_001099350
Q8K0L9	Q9HC78-2
Q8K0L9	Q52KG4
Q8K0L9	Q96K62
Q8K0L9	P22227
Q96NU1	Q96NU1
Q96NU1	Q1RNF8
Q96NU1	Q7Z3H4
Q96NU1	Q8C8Y5
Q96NU1	D4A5C9
Q9BZD7	Q9BZD7
Q9BZD7	Q6PAQ9
Q9BZD7	O14669
Q9BZD7	Q8R182
Q9BZD7	O14668
Q96A46	Q96A46
Q96A46	Q920G8
Q96A46	G3V865
Q96A46	Q66H23
Q96A46	Q9NYZ2
Q96A46	Q8R0Z5
Q8N4J0	Q8N4J0
Q8N4J0	Q5BJZ6
Q8N4J0	Q80UY1
Q9CQM5	Q9CQM5
Q9CQM5	B0K010
Q9CQM5	Q9BRA2
Q6NZL8	Q6NZL8
Q6NZL8	Q8IWY4
Q6NZL8	Q8IX30-2
Q6NZL8	Q8IX30
Q6NZL8	Q66PY1
Q6NZL8	Q9NQ36
Q6NZL8	Q9JJS0
Q567U6	Q567U6
Q567U6	Q7TQK5
Q567U6	Q5BJT7
O35386	O35386
O35386	O14832
O35386	P57093
O35386	O14832-2
P54728	P54728
P54728	Q4KMA2
P54728	P54727
P54728	P54726
P54728	P54725
P54728	Q5XFX7
P54728	Q8CAP3
P54728	P54725-3
Q9HC07	Q9HC07
Q9HC07	P52875
Q9HC07	Q4V899
O43598	O43598
O43598	Q80VJ3
O43598	O35820
O43598	O43598-2
Q3TQB2	Q3TQB2
Q3TQB2	Q96CU9
Q8TD91	Q8TD91
P33609	P33609
P33609	P09884
P33609	O89042
P29274	P29274
P29274	P11617
P29274	Q60613
P29274	P30543
P29274	P29275
P29274	Q60614
P29274	P29276
P29274	P25099
P29274	P30542
P29274	Q60612
P29274	P28647
P29274	Q61618
P29274	P0DMS8
Q9Y5B9	Q9Y5B9
Q9Y5B9	NP_001100731
Q9Y5B9	Q920B9
P53657	P53657
P53657	P11980-2
P53657	P14618-3
P53657	P52480
P53657	P11980
P53657	P14618
P53657	P12928
P53657	P30613-2
P53657	P30613
P53657	P14618-2
P53657	P52480-2
P53657	P12928-2
Q96HE7	Q96HE7
Q96HE7	Q8R180
Q96HE7	Q86YB8
Q96HE7	Q8R2E9
Q96HE7	A0A0G2KAP1
Q96HE7	Q8R4A1
Q96Q15	Q96Q15
Q96Q15	XP_002725705
Q96Q15	Q8BKX6
Q96Q15	NP_001307551
Q96Q15	Q6P435
Q96Q15	Q96Q15-2
Q8TDC3-2	Q8TDC3-2
Q8TDC3-2	Q5RJI5
Q8TDC3-2	B2DD29
Q8TDC3-2	Q8TDC3
Q8TDC3-2	Q8IWQ3-5
Q8TDC3-2	Q8IWQ3-6
Q8TDC3-2	Q8IWQ3-3
Q8TDC3-2	Q69Z98
Q8TDC3-2	Q8IWQ3
Q8TDC3-2	D3ZML2
Q8TDC3-2	Q8IWQ3-2
Q8TDC3-2	Q8IWQ3-4
Q8TDC3-2	NP_726730
Q8TDC3-2	Q09137
Q8TDC3-2	P54646
Q8TDC3-2	Q8BRK8
Q8TDC3-2	Q28948
Q8TDC3-2	Q13131-2
Q8TDC3-2	Q13131
Q8TDC3-2	Q5EG47
Q8TDC3-2	P54645
Q8TDC3-2	Q60670
Q8TDC3-2	Q9R1U5
Q08380	Q08380
Q08380	Q07797
Q08380	O70513
O43829	O43829
O43829	Q8CGQ6
O43829	Q08376
O88974	O88974
O88974	D4A081
O88974	Q15047
O88974	Q15047-3
O88974	Q96T68
O88974	Q8C267
O95402	O95402
O95402	Q7TN02
O95402	D4A913
XP_233574	XP_233574
XP_233574	P29323-3
XP_233574	P54763-4
XP_233574	Q8CBF3
XP_233574	P54762
XP_233574	P09759
XP_233574	P28693
XP_233574	XP_221311
XP_233574	P54754
XP_233574	P54756
XP_233574	P54756-2
XP_233574	P54757
XP_233574	Q60629
XP_233574	P54756-3
XP_233574	P29322-2
XP_233574	P54753
XP_233574	Q03137
XP_233574	P54764
XP_233574	D3ZZK3
XP_233574	O08680
XP_233574	P29319
XP_233574	P29320
XP_233574	P29320-2
XP_233574	Q07497
XP_233574	P29323-2
XP_233574	Q15375
XP_233574	Q61772-5
XP_233574	Q15375-4
XP_233574	Q15375-5
XP_233574	P54759
XP_233574	Q61772
XP_233574	Q03145
XP_233574	P29317
XP_233574	NP_001102447
XP_233574	P29322
XP_233574	O09127
XP_233574	XP_342953
XP_233574	P54763
XP_233574	Q9UF33
XP_233574	Q62413
XP_233574	P54758
XP_233574	Q9UF33-2
XP_233574	P29323
XP_233574	Q15375-2
XP_233574	M0RDA4
XP_233574	P54761
XP_233574	P54760
XP_233574	Q60750
XP_233574	P21709
XP_233574	D3ZDH4
XP_233574	Q5JZY3
XP_233574	Q8BYG9
XP_233574	O15197
XP_233574	P0C0K7
XP_233574	O08644
Q9NZZ3	Q9NZZ3
Q9NZZ3	Q9D7S9
Q9NZZ3	Q4QQV8
Q8VEK6	Q8VEK6
Q8VEK6	Q498T3
Q8VEK6	Q9NXR8
Q8VEK6	Q9NXR8-2
Q0GNC1	Q0GNC1
Q0GNC1	Q5I0K2
Q0GNC1	Q27J81
Q0GNC1	Q27J81-2
Q96MT0	Q96MT0
P51175	P51175
P51175	D3ZVN7
P51175	P50336
P70670	P70670
P70670	B2RYX0
P70670	Q60817
P70670	Q9BZK3
P70670	Q13765
P70670	M0R9L0
P70670	E9PAV3
P70670	E9PAV3-2
P70670	Q9H009
Q5T7W7	Q5T7W7
Q5T7W7	Q3U269
Q5T7W7	XP_006238148
Q9NPJ6	Q9NPJ6
Q9NPJ6	Q9CQA5
Q9NPJ6	Q561Q8
Q96KW9	Q96KW9
Q96KW9	Q9D2S4
Q96KW9	Q9DAA5
Q2TB10	Q2TB10
Q2TB10	D3ZPQ4
Q2TB10	Q0VEE6
D3YVF0	D3YVF0
D3YVF0	P24587
D3YVF0	P24588
Q80W27	Q80W27
P35606	P35606
P35606	O35142
P35606	O55029
Q64669	Q64669
Q64669	P05982
Q64669	P15559-3
Q64669	P15559
Q64669	P15559-2
Q64669	Q9JI75
Q64669	P16083
Q64669	Q6AY80
Q14194-2	Q14194-2
Q14194-2	Q16555-2
Q14194-2	Q62952-2
Q14194-2	P47942
Q14194-2	Q9EQF5
Q14194-2	Q14117
Q14194-2	O08553
Q14194-2	Q3TY94
Q14194-2	Q90635
Q14194-2	Q62952
Q14194-2	Q62188
Q14194-2	Q14195-2
Q14194-2	Q62951
Q14194-2	Q14195
Q14194-2	NP_001352080
Q14194-2	Q62950
Q14194-2	Q63150
Q14194-2	P97427
Q14194-2	Q14194
Q14194-2	Q16555
Q14194-2	A7MBI5
Q14194-2	O35098
Q14194-2	O14531
Q14194-2	NP_001184222
Q14194-2	Q71H74
Q14194-2	Q9EQF6
Q14194-2	Q9BPU6
Q14194-2	Q9JHU0
O15061	O15061
O15061	O15061-2
O15061	O15061-3
O15061	Q810D0
O15061	Q70IV5
Q9H9E3	Q9H9E3
Q9H9E3	Q9H9E3-2
Q9H9E3	Q8R1U1
Q9H9E3	D3ZZM3
O43633	O43633
O43633	Q9DB34
O43633	B2RZB5
O43633	Q8BJF9
O43633	F1M8B7
O43633	Q9UQN3
Q8VDV0	Q8VDV0
Q8VDV0	O95965
Q8VDV0	Q5PQQ8
Q9WTN0	Q9WTN0
Q9WTN0	O95749
Q9WTN0	Q6F596
Q571K4	Q571K4
Q571K4	Q8N5C8
Q571K4	F1M1D2
Q571K4	Q99K90
Q571K4	Q9NYJ8
Q571K4	Q5U303
Q571K4	Q9NYJ8-2
O60241	O60241
O60241	Q80ZF8
O60241	O60242
O60241	D4A831
O60241	Q8CGM1
O60241	D3ZN99
O60241	O14514
O60241	C0HL12
O60241	Q3UHD1
Q13261	Q13261
Q13261	Q60819
Q9UPM8	Q9UPM8
Q9UPM8	Q80V94
Q9UPM8	D3ZX21
Q02224	Q02224
Q02224	Q02224-3
Q02224	XP_342346
Q02224	Q6RT24
Q02224	O55165
Q02224	O35066
Q02224	O14782
Q02224	O15066
Q02224	D3ZI07
Q02224	Q61771
P62270	P62270
P62270	P62269
P62270	Q5TJE9
P62270	P62271
P32780	P32780
P32780	Q9DBA9
P32780	A0A0G2JWQ0
P37040	P37040
P37040	P16435
P37040	P00388
P37040	Q9UHB4-2
P37040	Q9UHB4-3
P37040	D4ABT4
P37040	Q9UHB4
P37040	A2AI05
Q69YN2	Q69YN2
Q69YN2	Q8CI33
Q69YN2	D3Z863
Q91W33	Q91W33
Q5PQT0	Q5PQT0
Q5PQT0	Q8CEE6
Q5PQT0	Q96RG2-2
Q5PQT0	Q96RG2
Q9H0E3-3	Q9H0E3-3
Q9H0E3-3	Q8BIH0
Q9H0E3-3	Q9H0E3
Q9H0E3-3	ENSRNOP00000022761
Q9H0E3-3	Q9H0E3-2
D3ZYQ8	D3ZYQ8
D3ZYQ8	Q91YL3
D3ZYQ8	Q9NWZ5
D3ZYQ8	B5DF24
D3ZYQ8	Q9HA47
D3ZYQ8	P52623
D3ZYQ8	Q9HA47-3
D3ZYQ8	Q9HA47-4
D3ZYQ8	Q99PM9
D3ZYQ8	Q9BZX2
D3ZYQ8	Q9QYG8
D3ZYQ8	B1AVZ0
D3ZYQ8	Q96BW1
D3ZYQ8	D4ABC7
D3ZQ09	D3ZQ09
D3ZQ09	B2RVL6
D3ZQ09	Q8N2G6
Q4V7D3	Q4V7D3
Q4V7D3	Q8N5G2-2
Q4V7D3	Q7TQE6
Q4V7D3	Q8N5G2
Q8BXH3	Q8BXH3
Q8BXH3	P22717
Q8BXH3	O75343
Q8BXH3	P33402-2
Q8BXH3	P33402
Q8BXH3	Q9WVI4
Q8BXH3	F8VQK3
Q8BXH3	Q9ERL9
Q8BXH3	P19686
Q8BXH3	Q02108
Q8BXH3	O54865
Q8BXH3	Q02153
Q8BXH3	P20595
P03870	P03870
Q9Y2M2	Q9Y2M2
Q9Y2M2	Q9Y2M2-1
Q9Y2M2	Q8C3L1
Q5XIU2	Q5XIU2
Q5XIU2	P52747-3
Q5XIU2	O70230
Q5XIU2	P52747
Q5XIU2	P36508
Q5XIU2	Q8BMU0
Q5XIU2	B4F7E9
Q5XIU2	O75840
Q5XIU2	Q99JB0
Q5XIU2	O08584
Q5XIU2	Q99612
Q5XIU2	O35819
Q9NQ86-3	Q9NQ86-3
O88656	O88656
O88656	Q58CQ2
O88656	Q9WV32
O88656	O15143
O88656	Q9R0Q6
O88656	Q92747
O88656	Q99PD4
D3ZYJ5	D3ZYJ5
D3ZYJ5	Q80TI0
D3ZYJ5	Q3KR37
D3ZYJ5	Q3KR37-4
D3ZYJ5	Q3KR56
D3ZYJ5	Q96CP6
D3ZYJ5	Q8VEF1
D3ZYJ5	Q96CP6-2
D3ZYJ5	Q8CI52
D3ZYJ5	D4A135
D3ZYJ5	Q8IYS0
P0DMU3	P0DMU3
P62948	P62948
P62948	P62945
NP_038715	NP_038715
NP_038715	Q01755
NP_038715	Q5XI00
NP_038715	Q8WWU5
NP_038715	Q9DAK1
NP_038715	B4DZS4
NP_038715	Q5H9J9
NP_038715	Q8N4U5
NP_038715	Q568Z0
NP_038715	Q8K1H7
NP_038715	NP_001102672
NP_038715	Q8BTG3
NP_038715	Q9NUJ3
P49321-3	P49321-3
P49321-3	P49321
P49321-3	Q99MD9-2
P49321-3	P49321-4
P49321-3	P49321-2
P49321-3	Q99MD9
P49321-3	Q66HD3
Q68FP9	Q68FP9
Q68FP9	Q8R3I3
Q68FP9	Q9Y2V7
Q6AYS7	Q6AYS7
Q6AYS7	Q6PTT0
Q6AYS7	Q03154
Q6AYS7	Q99JW2
D3ZKX3	D3ZKX3
D3ZKX3	Q80X91
D3ZKX3	Q8TAY7
B1AH88	B1AH88
F1M635	F1M635
F1M635	Q9CX60
F1M635	Q53QV2
Q29TV8	Q29TV8
Q29TV8	Q86XP6
Q29TV8	Q9CQS6
Q80Z70	Q80Z70
Q80Z70	Q9Z2G6
Q80Z70	Q9UBV2
Q80Z70	Q5TEA6
Q80Z70	Q5XI05
Q80Z70	Q3V172
Q99ZW2	Q99ZW2
M0RC65	M0RC65
M0RC65	Q7M0E3
M0RC65	P60982
M0RC65	P60981-2
M0RC65	P60981
M0RC65	Q9R0P5
M0RC65	P18359
M0RC65	P45591
M0RC65	Q9Y281
M0RC65	P10668
M0RC65	P45592
M0RC65	P18760
M0RC65	P23528
Q9NPI1-2	Q9NPI1-2
Q9NPI1-2	O88665
Q9NPI1-2	Q9NPI1
Q9NPI1-2	A0A0G2JTM7
Q9NPI1-2	Q9H8M2
Q9NPI1-2	D4ACF5
Q9NPI1-2	Q3UQU0
Q9NPI1-2	Q9H8M2-6
Q8IW45-2	Q8IW45-2
Q8IW45-2	Q9CZ42
Q8IW45-2	Q8IW45
Q8IW45-2	D4AAT7
E9QMW4	E9QMW4
E9QMW4	A6NNT2
Q3MHU3	Q3MHU3
Q3MHU3	Q8NDG6
Q3MHU3	Q14BI7
P85007	P85007
P85007	Q9Y5U9
P85007	Q9CR20
P0C0T2	P0C0T2
P0C0T2	Q6GQX6
P0C0T2	Q68DC2
P0C0T2	Q9WV74
P0C0T2	Q9Y576
Q9ET62	Q9ET62
Q9ET62	Q8R1W8
Q9ET62	Q17R60
B0BN95	B0BN95
B0BN95	Q8BR93
B0BN95	Q96MB7
Q7M712	Q7M712
Q7M712	Q9JKE8
Q7M712	P59528
Q7M712	Q9JKF0
Q7M712	Q7TQA4
Q7M712	Q67ES0
Q7M712	Q9JKA3
Q7M712	Q67ET5
Q7M712	Q675B9
Q7M712	Q7M707
Q7M712	Q9NYV8
Q7M712	Q7M709
Q7M712	Q67ES6
Q7M712	Q7M710
Q7M712	Q67ET4
Q7M712	Q9JKT5
Q7M712	Q7M723
Q7M712	Q9JKT4
Q7M712	Q67ES9
Q7M712	Q9NYW0
Q7M712	Q67ER8
Q7M712	Q7M713
Q7M712	Q7TQA7
Q7M712	Q67ET7
Q7M712	Q7M708
Q7M712	Q7M722
Q7M712	Q9JKT8
Q7M712	Q9NYW2
Q7M712	Q9JKT9
Q7M712	Q7M725
Q7M712	Q7M720
Q7M712	Q9JKT7
Q7M712	Q7M715
Q7M712	Q675B8
Q7M712	Q9NYW6
Q7M712	Q7RTR8
Q7M712	Q9NYW1
Q7M712	Q7M718
Q7M712	Q67ES5
Q7M712	Q9NYW3
Q7M712	Q9JKE9
Q7M712	P59530
Q7M712	P59541
Q7M712	P59537
Q7M712	P59543
Q7M712	P59538
Q7M712	P59542
Q7M712	P0DSN6
Q7M712	P0DTE0
Q7M712	P59540
Q7M712	P59539
Q7M712	P59544
Q7M712	Q7M717
Q7M712	Q675C0
Q7M712	Q9NYV9
Q7M712	Q7M721
Q7M712	Q67ET3
Q7M712	Q67ES1
Q7M712	Q7M711
Q7M712	D3YU55
Q7M712	Q7M724
Q7M712	Q67ET1
Q7M712	Q675B7
Q7M712	Q7M719
Q7M712	Q7TQA8
Q8VHM6	Q8VHM6
Q8VHM6	O35427
Q8VHM6	O75575
A0A0G2K0D9	A0A0G2K0D9
A0A0G2K0D9	P83626
A0A0G2K0D9	Q9ER62
A0A0G2K0D9	Q9ER63
XP_038962299	XP_038962299
XP_038962299	Q9NYL2
XP_038962299	Q9ESL4
XP_038962299	Q9NYL2-3
XP_038962299	Q9NYL2-2
XP_038962299	Q9ESL4-2
D3ZGZ6	D3ZGZ6
D3ZGZ6	B0L3A2
D3ZGZ6	Q2QKR2
C0HLZ6	C0HLZ6
Q4VC44-3	Q4VC44-3
Q4VC44-3	Q4VC44-2
Q4VC44-3	Q4VC44
Q4VC44-3	Q8CI03
Q4VC44-3	A1L1L4
Q4VC44-3	Q96CP2
Q4VC44-3	Q9CQE9
B0BMT9	B0BMT9
B0BMT9	Q9Y6N5
B0BMT9	Q9R112
P04543	P04543
D4ADI9	D4ADI9
D4ADI9	Q7Z5U6
D4ADI9	Q9DB94
B1WC85	B1WC85
B1WC85	Q96MX6
B1WC85	Q8BGF3
B0BNB3	B0BNB3
B0BNB3	Q9NRN9
B0BNB3	Q8K1A0
Q9CY73	Q9CY73
Q9CY73	Q9H9J2
Q9CY73	Q4G067
Q9CQY1	Q9CQY1
Q9CQY1	Q2TBJ5
Q9CQY1	O94817
O35083	O35083
O35083	Q6MG85
O35083	Q99943
O35083	NP_001101291
O35083	O15120
O35083	Q8K3K7
Q8N567	Q8N567
Q8N567	Q5XII6
Q8N567	Q8R1J3
Q6P6M5	Q6P6M5
Q6P6M5	Q96HA9
D3ZPS9	D3ZPS9
D3ZPS9	Q96GV9
D3ZPS9	Q8VEB3
Q8CHR6	Q8CHR6
Q8CHR6	Q28943
Q8CHR6	O89000
Q8CHR6	Q12882
Q5H9F3	Q5H9F3
Q5H9F3	Q5H9F3-1
Q5H9F3	Q5H9F3-4
Q5H9F3	A2AQH4
Q5H9F3	Q8N888
Q49MG5	Q49MG5
Q49MG5	Q3TRR0
Q49MG5	D3ZAG3
Q9ERE8	Q9ERE8
Q9ERE8	Q9H1K6
Q9ULK4	Q9ULK4
Q9ULK4	Q5EB59
Q9ULK4	Q9ULK4-3
Q9ULK4	Q80YQ2
Q9ULK4	Q9ULK4-2
Q9NWL6	Q9NWL6
Q9NWL6	Q8BFS9
Q9NWL6	NP_001100233
Q0GA42	Q0GA42
Q0GA42	D4A1C0
Q0GA42	Q9NRU3
Q0GA42	B0EVI6
Q0GA42	Q8NE01-2
Q0GA42	Q32NY4
Q0GA42	Q8NE01
Q0GA42	D4ACK7
Q0GA42	Q6P4Q7
Q0GA42	Q69ZF7
Q0GA42	P0C588
Q0GA42	Q3TWN3
Q0GA42	Q9H8M5-3
Q0GA42	Q5U2P1
Q0GA42	Q9H8M5
Q0GA42	Q9H8M5-2
P49354	P49354
P49354	Q04631
P49354	Q61239
Q8BFW6	Q8BFW6
Q8BFW6	O75355
Q8BFW6	Q80Z26
Q8BFW6	P49961-6
Q8BFW6	P49961
Q8BFW6	P49961-2
Q8BFW6	P97687
Q8BFW6	P55772
Q8BFW6	Q9Y5L3
Q8BFW6	O55026
Q8BFW6	O35795
Q8BFW6	Q8K0L2
Q8BFW6	Q5DRK1
Q8BFW6	Q5MY95
Q8CE22	Q8CE22
Q8CE22	Q66HG1
Q8CE22	Q9Y222
Q9NR28	Q9NR28
Q9NR28	Q9JIQ3
Q9NR28	Q5RK17
Q8IW19	Q8IW19
Q8IW19	F6Q5G6
Q8IW19	Q9D842
Q6QHK4	Q6QHK4
Q6QHK4	O55208
Q96SZ6	Q96SZ6
Q96SZ6	Q8BTW8
Q96SZ6	Q96SZ6-2
Q96SZ6	Q9JLH6
O60303	O60303
O60303	Q8C753
O60303	XP_341926
Q99MH6	Q99MH6
Q99MH6	Q969G9
Q99MH6	Q8VE28
Q99MH6	D4A182
Q99MH6	Q969F2
Q3U1V6	Q3U1V6
Q3U1V6	Q8IX04
Q3U1V6	F1M0M3
Q3U1V6	Q8BVP2
Q3U1V6	P00338-2
Q3U1V6	P04642
Q3U1V6	Q9BYZ2
Q3U1V6	P07195
Q3U1V6	P00338
Q3U1V6	P19629
Q3U1V6	P07864
Q3U1V6	Q7TNA8
Q3U1V6	P16125
Q3U1V6	P00342
Q3U1V6	P06151
Q3U1V6	Q6ZMR3
Q3U1V6	P00338-3
Q3U1V6	P42123
Q3U1V6	P00340
P56962	P56962
P56962	Q9D0I4
P56962	Q9Z158
Q8BFT2	Q8BFT2
Q8BFT2	Q9H6D7
Q8BFT2	Q6AYC0
O95998	O95998
O95998	O95998-3
O95998	Q9Z0M9
Q6ZMC9	Q6ZMC9
P98191	P98191
P98191	Q92903
P98191	Q99L43
P98191	Q91XU8
P98191	O95674
P98191	O35052
Q9Y6I9	Q9Y6I9
Q9Y6I9	E9Q137
Q9Y6I9	Q5XIF0
Q8NEP3	Q8NEP3
Q8NEP3	Q9D2H9
Q8NEP3	Q6AYH9
O96005	O96005
O96005	B2RYF6
O96005	Q8VBZ3
O96005	D4A416
O96005	Q8BXA5
O96005	Q96KA5
Q9P219	Q9P219
Q9P219	Q5SNZ0
Q9P219	XP_223709
Q9P219	Q3V6T2
Q9P219	Q6VGS5
Q9P219	D4A9W1
Q9P219	Q4QRL3
Q9P219	A6NC98
Q9P219	A6NC98-5
Q9P219	D3ZTC4
Q9P219	A6NC98-2
Q8C165	Q8C165
Q8C165	Q6GTS8
Q8N159	Q8N159
Q8N159	Q8R4H7
Q8N159	D4A904
Q5XIA2	Q5XIA2
Q5XIA2	Q7Z422-2
Q5XIA2	Q6NXN1
Q5XIA2	Q7Z422
Q5XIA2	Q7Z422-4
Q12788	Q12788
Q12788	Q5U2W5
Q12788	Q8C4J7
Q8R1J1	Q8R1J1
Q8R1J1	B0BNG2
Q8R1J1	Q9BZW4
Q8R1J1	NP_853518
Q8R1J1	Q9BZW5
Q8R1J1	P58749
Q8CIM1	Q8CIM1
Q8CIM1	Q96CN5
Q8CIM1	B1WBY9
Q99PN3	Q99PN3
Q99PN3	P62603
Q99PN3	Q12899
Q99PN3	Q5EBN2
Q62414	Q62414
Q62414	Q15784
Q62414	Q63689
Q62414	Q64289
Q62414	Q60867
Q62414	Q13562
Q62414	Q96NK8
Q62414	P48986
Q62414	Q9HD90
Q62414	O09105
Q62414	P70595
Q62414	Q92886
Q62414	P70660
Q62414	O08718
Q62414	Q9Y4Z2
Q62414	P70661
Q62414	Q9H2A3
Q62414	D4A2E3
Q62414	P70447
Q5XKK7	Q5XKK7
Q5XKK7	Q14DQ1
Q5XKK7	A0A0G2JWV6
Q5XKK7	Q8IW50
Q5XKK7	Q8IW50-6
Q5XKK7	Q9D772
Q5XKK7	D4AAI7
Q5XKK7	Q8IW50-2
Q5XKK7	Q8IW50-5
P15248	P15248
P15248	P15247
Q9Z1N6	Q9Z1N6
Q9Z1N6	Q6FHJ7
Q9Z1N6	Q9JLS4
Q9Z1N6	Q92765
Q9Z1N6	P97401
Q9EPB7	Q9EPB7
Q9EPB7	Q9GZN0
Q9EPB7	Q9ESP4
Q8CI66	Q8CI66
Q8CI66	Q9UBI4
Q9H7P6	Q9H7P6
Q9H7P6	Q6KAU4
Q9H7P6	D4A732
Q9H7P6	Q3T0N1
Q9H7P6	Q6P777
Q9H7P6	Q78HU3
Q9H7P6	Q96EY5
Q9H7P6	Q96EY5-2
Q5T0L3	Q5T0L3
Q5T0L3	Q4FZF2
Q7Z570	Q7Z570
Q7Z570	A2AKY4
P70168	P70168
P70168	Q14974
P70168	P52296
P70122	P70122
P70122	Q9Y3A5
P70122	Q5RK30
P24043	P24043
P24043	Q60675
P24043	P19137
P24043	P25391
P24043	D3ZQN7
P24043	P07942
P24043	P02469
P24043	P15800
P24043	P55268
P24043	Q61292
P24043	P11047
P24043	F1MAA7
P24043	P02468
P24043	Q9R0B6
P24043	NP_001101300
O43164	O43164
O43164	Q8NG27
O43164	Q80U04
O43164	Q63364
O43164	O55176
O43164	Q66HF7
Q9Y4H4	Q9Y4H4
Q9Y4H4	Q3U1Z5
Q9Y4H4	Q6MG88
O94985	O94985
O94985	Q9EPL2
O94985	O94985-2
O94985	Q6Q0N0
O94985	Q9BQT9-2
O94985	Q99JH7
O94985	Q9BQT9
O94985	Q8R553
O94985	Q9ER65
O94985	Q8VDA1
O94985	Q9H4D0
Q9BYV9	Q9BYV9
Q9BYV9	P97303
Q9BYV9	D3ZW33
Q9BYV9	P97303-2
Q9BYV9	O14867
Q9BYV9	D4ACD2
Q9BYV9	P97302
Q96AQ6	Q96AQ6
Q96AQ6	A2VD12
Q96AQ6	Q3TVI8
P28340	P28340
P28340	O54747
P28340	P52431
Q8NBW4	Q8NBW4
Q8NBW4	Q8BGD6
Q8NBW4	Q3B8Q3
Q9UL36	Q9UL36
Q9UL36	B2RR24
Q9QXT0	Q9QXT0
Q9QXT0	Q9Y2B0
Q9QXT0	Q9Y2B0-2
Q9QXT0	A0JN30
Q9QXT0	Q4VAB4
Q9QXT0	Q3B7I2
P04638	P04638
P04638	P02652
P04638	P09813
Q8VE94	Q8VE94
Q8VE94	Q1W6H9
Q8VE94	Q5RKJ0
XP_001481379	XP_001481379
XP_001481379	XP_001080881
XP_001481379	Q9NRC6
XP_001481379	XP_001061664
XP_001481379	A1BN54
XP_001481379	Q08043
XP_001481379	Q9JI91
XP_001481379	P35609
XP_001481379	Q9Z1P2
XP_001481379	Q7TPR4
XP_001481379	P12814
XP_001481379	P35609-2
XP_001481379	P12814-2
XP_001481379	O88990
XP_001481379	Q8K551
XP_001481379	P12814-3
XP_001481379	O43707
XP_001481379	Q9QXQ0
XP_001481379	P57780
Q96P67	Q96P67
Q96P67	Q8BZR0
Q64237	Q64237
Q64237	P09172
Q64237	Q05754
Q64237	Q9CXI3
Q64237	Q6UVY6-2
Q64237	Q6UVY6
Q64237	Q5BJU1
Q64237	Q7TT41
Q64237	A6NHM9
Q8BGV4	Q8BGV4
Q8BGV4	Q6NXR4
Q8BGV4	Q66H56
Q9P1V8	Q9P1V8
Q9P1V8	F6XZJ7
Q9DC23	Q9DC23
Q9DC23	Q8IXB1
Q9DC23	Q498R3
Q9DC23	Q15084-2
Q9DC23	Q63081
Q9DC23	Q922R8
Q9DC23	Q15084-5
Q9DC23	Q15084
O94829	O94829
O94829	Q8K0C1
O94829	Q9JM04
O00488	O00488
O00488	Q9DB42
O00488	NP_001100159
Q8R2K7	Q8R2K7
Q8R2K7	O75971
Q8IYB8	Q8IYB8
Q8IYB8	Q80YD1
Q8IYB8	Q5EBA1
Q5U2R9	Q5U2R9
Q5U2R9	Q8BTY8
Q5U2R9	Q8WU76
Q5SVZ6	Q5SVZ6
Q5SVZ6	Q3TJB1
Q5SVZ6	Q05CB3
Q5SVZ6	Q9UJ78
Q5SVZ6	Q9UJ78-3
Q5SVZ6	D3ZPX0
Q5SVZ6	Q3U2E2
Q9UI30	Q9UI30
Q9UI30	Q9DCG9
Q9UI30	B2RYS9
Q7Z3D4	Q7Z3D4
Q7Z3D4	Q99LE3
Q7Z3D4	Q5M836
Q7Z3D4	Q5XG99
Q7Z3D4	Q8CC84
Q68CP4	Q68CP4
Q68CP4	Q68CP4-2
Q68CP4	Q3UDW8
Q9NQZ6	Q9NQZ6
Q9NQZ6	Q68FG0
Q16540	Q16540
Q16540	Q63750
Q16540	O35972
Q4U2R6	Q4U2R6
Q4U2R6	Q9CPY1
Q4U2R6	D3ZPE6
Q13480-2	Q13480-2
Q13480-2	Q9QYY0
Q13480-2	Q13480
Q13480-2	D3ZAL7
Q13480-2	Q9EQH1
Q13480-2	Q9Z1S8
Q13480-2	Q9UQC2
Q13480-2	Q9UQC2-2
Q03405	Q03405
Q03405	P49616
Q03405	P35456
Q5T6X4	Q5T6X4
Q5T6X4	Q9CX19
Q5T6X4	Q9D6U8
Q5T6X4	Q96A26
Q5T6X4	Q4QQV3
Q6ZNE5	Q6ZNE5
Q6ZNE5	Q8CDJ3
Q6ZNE5	D4A4K3
E9PI22	E9PI22
E9PI22	P0DMB1
Q3U3W5	Q3U3W5
Q3U3W5	D3ZDR5
Q3U3W5	Q6P2P2
Q8NCS7	Q8NCS7
Q8NCS7	Q5RJI2
Q8NCS7	Q8IWA5-2
Q8NCS7	Q8BY89
Q8NCS7	Q8BY89-2
Q8NCS7	Q8IWA5
Q8NCS7	Q8IWA5-3
Q8NCS7	B4F795
Q8NCS7	Q53GD3
Q8NCS7	Q91VA1
Q8NCS7	Q6MG71
Q8WWF5	Q8WWF5
Q8WWF5	O43567
Q8WWF5	O54965
Q8WWF5	Q66HG0
Q8WWF5	Q9DAH2
Q8WWF5	Q9H6Y7
Q8WWF5	Q91XF4
Q8WWF5	Q5XIL0
XP_341645	XP_341645
XP_341645	Q9R049
XP_341645	Q9UKV5
Q2QD12	Q2QD12
Q2QD12	Q96AT9
Q2QD12	Q8VEE0
Q2QD12	A0A0G2JW38
O54927	O54927
O54927	Q9Y6I7
O54927	Q9Y6I7-2
O54927	B3DM89
O54927	O54929
O54927	Q9NYS7
E9PYK8	E9PYK8
E9PYK8	Q7TNR9
E9PYK8	XP_001055650
E9PYK8	Q9NR80-4
E9PYK8	Q9NR80-3
E9PYK8	Q9NR80
E9PYK8	O43307
E9PYK8	Q3UTH8
E9PYK8	Q9QX73
E9PYK8	Q96N96-6
E9PYK8	D3ZWB4
E9PYK8	Q5DU57
E9PYK8	E9Q3I3
E9PYK8	Q96N96
E9PYK8	E7EV07
Q9BPY8-4	Q9BPY8-4
Q9BPY8-4	Q8R1H0
Q9BPY8-4	Q9BPY8
Q9BPY8-4	Q9BPY8-2
Q9BPY8-4	Q9BPY8-3
Q9BPY8-4	Q78ZR5
P15863	P15863
P15863	P09084
P15863	XP_038960976
P15863	P55771
P15863	P47242
P15863	Q2L4T2
Q6NVV7	Q6NVV7
Q6NVV7	Q8R3A2
Q6NVV7	XP_006242225
Q9Y5Z9	Q9Y5Z9
Q9Y5Z9	Q9DC60
Q9Y5Z9	D3ZG27
Q8BVN8	Q8BVN8
Q8BVN8	Q4FZV3
Q8BVN8	O14645
E9Q8Q6	E9Q8Q6
E9Q8Q6	Q6ZP82-2
E9Q8Q6	D3ZEY0
E9Q8Q6	Q6ZP82
Q8C5U0	Q8C5U0
Q9BV90	Q9BV90
Q9BV90	Q8VIK1
Q9BV90	XP_006246141
P48751-3	P48751-3
P48751-3	P23348
P48751-3	P16283
P48751-3	P48751
P48751-3	Q9ERP4
P48751-3	P04920
P48751-3	P23347
P48751-3	P04920-2
P48751-3	P13808
P48751-3	Q9Y6M7-7
P48751-3	Q9Y6M7
P48751-3	Q9Y6M7-6
P48751-3	Q9R1N3-6
P48751-3	Q9Y6M7-13
P48751-3	Q9R1N3
P48751-3	Q9Y6M7-2
P48751-3	Q8BTY2
P48751-3	Q9Y6M7-8
P48751-3	Q9R1N3-3
P48751-3	Q8BTY2-2
P48751-3	Q9Y6M7-3
P48751-3	Q9R1N3-5
P48751-3	Q9Y6M7-5
P48751-3	Q5DTL9
P48751-3	Q6RVG2
P48751-3	Q6U841
P48751-3	Q80ZA5
P48751-3	Q2Y0W8
P48751-3	Q8JZR6
P48751-3	Q9JI66-3
P48751-3	A7E1Z5
P48751-3	Q9JI66
P48751-3	Q9JI66-2
P48751-3	O88343
P48751-3	Q9Y6R1
P48751-3	O88343-2
P48751-3	Q9Y6R1-5
P48751-3	Q9Y6R1-2
P48751-3	E9Q8N8
P48751-3	Q9BY07-2
P48751-3	Q9BY07
P48751-3	P04919
P48751-3	P23562
P48751-3	P02730
P48751-3	E9Q3M5
P48751-3	Q6RI88
P48751-3	Q96Q91
P48751-3	Q8K4V2
P48751-3	A0A494BA31
Q8N1S5	Q8N1S5
Q8N1S5	Q8BWY7
Q8N1S5	Q8N1S5-2
Q8N1S5	Q6P6S2
P08195-4	P08195-4
P08195-4	P08195-2
P08195-4	P08195
P08195-4	P08195-3
P08195-4	Q794F9
P08195-4	P10852
Q6P1W5	Q6P1W5
Q6P1W5	B1AYM9
Q8N7X2	Q8N7X2
Q8N7X2	Q8N7X2-4
Q8N7X2	A2RSX4
Q9BWJ2	Q9BWJ2
Q6UWK7	Q6UWK7
Q6UWK7	A0A0B4J1N3
Q6UWK7	D3ZKM3
Q5VVB8	Q5VVB8
Q9UKR5	Q9UKR5
Q9UKR5	Q9ERY9
Q9UKR5	D3ZBN4
Q96I23	Q96I23
Q96I23	Q9D1C3
Q96I23	Q5U1Z8
D3ZX38	D3ZX38
D3ZX38	Q9CWM4
D3ZX38	O60925
XP_038942935	XP_038942935
XP_038942935	E1BDD9
XP_038942935	Q9ULH7-5
XP_038942935	Q9ULH7-4
XP_038942935	Q9ULH7
XP_038942935	Q8K4J6
XP_038942935	F1LV40
XP_038942935	P59759
XP_038942935	Q969V6
XP_038942935	Q8IZQ8-3
XP_038942935	Q8IZQ8
XP_038942935	Q8R5I7
XP_038942935	Q8VIM5
D3ZDJ4	D3ZDJ4
D3ZDJ4	Q9H1C4
D3ZDJ4	Q8VCW4
NP_001292192	NP_001292192
NP_001292192	Q9NX55-3
NP_001292192	Q9CR41
NP_001292192	Q9NX55
Q15833-3	Q15833-3
Q15833-3	Q62753
Q15833-3	Q64324
Q15833-3	Q15833
Q15833-3	O08599-2
Q15833-3	P61765
Q15833-3	P61765-2
Q15833-3	O08599
Q15833-3	P61764-2
Q15833-3	P61764
Q15833-3	Q99PV2
Q15833-3	Q60770
Q15833-3	O00186
A0A3B3IS91	A0A3B3IS91
O43516-3	O43516-3
O43516-3	O43516
O43516-3	O43516-2
O43516-3	Q6IN36
O43516-3	Q8K1I7
O43516-3	Q8TF74
O43516-3	D3ZUD3
O43516-3	Q6PEV3
O43516-3	Q8TF74-2
O43516-3	P0C7L0
O43516-3	A6NGB9
O43516-3	Q9Z0G8
O95294-3	O95294-3
O95294-3	O95294-2
O95294-3	O95294
O95294-3	O95294-4
O95294-3	D3ZHY9
O95294-3	Q9Z268
O95294-3	C9J798
O95294-3	O43374
O95294-3	Q6PFQ7
O95294-3	D3ZQH9
G3V678	G3V678
G3V678	P52434
G3V678	Q923G2
B1H249	B1H249
B1H249	Q96EK6
B1H249	Q9JK38
D3ZCT7	D3ZCT7
D3ZCT7	Q9D662
D3ZCT7	NP_001099202
D3ZCT7	Q15436
D3ZCT7	Q01405
D3ZCT7	Q15437
B2GV96	B2GV96
B2GV96	Q8VE99
B2GV96	Q96NT0
D3ZAW4	D3ZAW4
D3ZAW4	Q8TB40
D3ZAW4	Q8VD66
D3ZAW4	Q9DBL9
D3ZAW4	Q8WTS1
D3ZAW4	Q6QA69
Q99J10	Q99J10
Q99J10	Q7Z7A3
Q99J10	B1WBV0
P49207	P49207
P49207	Q9D1R9
P49207	B2RZD4
Q9BSB4	Q9BSB4
Q9BSB4	Q9D8Z6
Q9BSB4	Q6AY69
Q8K194	Q8K194
Q8K194	Q8WVK2
Q8K194	D3ZR17
P11031	P11031
P11031	P53999
P11031	Q63396
Q8R4T9	Q8R4T9
Q8R4T9	Q62668
Q8R4T9	Q15849
Q8R4T9	Q5QF96
Q8R4T9	Q13336-2
Q8R4T9	Q8VHL0-2
Q8R4T9	Q13336
Q8R4T9	Q8VHL0
Q8R4T9	P97689
XP_343470	XP_343470
XP_343470	O43818
XP_343470	Q91WM3
Q96IM9	Q96IM9
Q8BW88	Q8BW88
Q8BW88	D3ZM82
Q8BW88	Q5SXH7
Q8BW88	Q5SXH7-1
Q8BW88	Q5SXH7-4
Q8BW88	Q5SXH7-2
Q7Z7G8	Q7Z7G8
Q7Z7G8	NP_001128358
Q7Z7G8	Q80TY5
Q7Z7G8	Q7Z7G8-2
Q8N954	Q8N954
Q8N954	A6H9V4
Q8N954	Q3UFS4
Q8N954	Q8N954-2
Q9BS18	Q9BS18
Q9BS18	Q8R034
Q3UQ17	Q3UQ17
Q3UQ17	Q05516
Q3UQ17	Q5S3S9
Q9NPG4	Q9NPG4
Q9NPG4	O55134
Q9NPG4	F1MA46
Q9NPG4	Q9Y5I4
Q9NPG4	Q91Y09
Q9NPG4	Q91Y15
Q9NPG4	Q9UN73
Q9NPG4	Q9Y5H7-3
Q9NPG4	Q91Y18
Q9NPG4	Q9Y5H7
Q9NPG4	Q9UN75
Q9NPG4	Q9UN74
Q9NPG4	Q9Y5H9
Q9NPG4	Q9Y5H8
Q9NPG4	O88689-2
Q9NPG4	Q9Y5H5
Q9NPG4	Q9Y5H6
Q9NPG4	Q9UN72
Q9NPG4	Q91Y19
Q9NPG4	Q91Y10
Q9NPG4	Q9H158-2
Q9NPG4	Q91Y21
Q9NPG4	Q9H158
Q9NPG4	Q91Y16
Q9NPG4	Q91Y11
Q9NPG4	O88690
Q9NPG4	Q9Y5I2
Q9NPG4	Q91Y20
Q9NPG4	Q91Y12
Q9NPG4	Q9Y5I1
Q9NPG4	Q767I4
Q9NPG4	Q9Y5I0
Q9NPG4	Q9Y5I3
Q9NPG4	O88689
Q9NPG4	Q767I8
Q9NPG4	Q91Y17
Q9NPG4	Q91Y13
Q9NPG4	Q9Y5I0-2
Q9NPG4	Q80TE2
Q9NPG4	Q9P2E7
A8K8P3	A8K8P3
A8K8P3	Q3UZY0
P00158	P00158
P00158	P00156
P00158	P00157
P00158	P00159
P08949	P08949
P08949	Q9CR53
P08949	P07492
P08949	P24393
P08949	Q8R1I2
Q96MR6	Q96MR6
Q96MR6	Q9D180
Q96MR6	D4A3B7
A2A6C4	A2A6C4
A2A6C4	Q8TCT7
A2A6C4	Q3TD49
A2A6C4	Q8TCT7-4
A2A6C4	Q5PQL3
A2A6C4	Q8IUH8
A2A6C4	Q9JJF9
A2A6C4	A0A0G2JYA3
A2A6C4	Q8TCT8
A2A6C4	Q8TCT6
A2A6C4	Q9CUS9
A2A6C4	D3ZY49
Q9D3N7	Q9D3N7
Q6NZK5	Q6NZK5
Q6NZK5	F1LT68
Q6NZK5	Q86T90
Q8BGY9	Q8BGY9
Q8BGY9	Q9GZV3
Q8BGY9	Q9JMD7
Q14050	Q14050
Q14050	Q8BSX1
Q5JR98	Q5JR98
Q5JR98	Q8CDY7
Q69Z45	Q69Z45
Q69Z45	Q8NCN2
Q69Z45	Q8C3U9
Q69Z45	Q5TC79
Q6ZVQ6	Q6ZVQ6
Q96S08	Q96S08
Q96S08	Q8WVB6-2
Q96S08	Q8WVB6
Q96S08	Q8BIW9
Q96S08	D4AC99
Q8NBI3	Q8NBI3
Q8NBI3	Q6PAL1
Q9NZU7	Q9NZU7
Q9NZU7	Q9JLK7
Q9NZU7	Q9NP86
Q9NZU7	Q9JLK3
Q9NZU7	D3Z1M4
Q9NZU7	O88751
Q9NZU7	Q9NPB3
Q9NZU7	Q9JLK4
Q9NZU7	P57796
Q9NZU7	Q8VHC5
Q9NZU7	Q9JM83
Q9NZU7	Q9NZT1
Q9NZU7	P19123
Q9NZU7	Q304F3
Q9NZU7	P02586
Q9NZU7	P63316
Q9NZU7	Q4PP99
Q9NZU7	P02585
Q9NZU7	P20801
Q9NZU7	A0A1B0GWK0
Q9HD23	Q9HD23
Q9HD23	NP_001013407
Q9HD23	Q9HD23-2
Q9HD23	Q9ET09
Q9R109	Q9R109
Q9R109	Q9UMX2
Q9R109	A1BPI0
Q9R109	P54368
Q9R109	P54369
Q9R109	P54370
Q9R109	O08608
Q9R109	O95190
Q5DTT4	Q5DTT4
Q5DTT4	Q5HYW3
A6NM62	A6NM62
P59052	P59052
Q9H490	Q9H490
Q9H490	Q8CHJ1
Q9H490	Q8K358
Q5GH70	Q5GH70
Q5GH70	Q5GH62
Q13227	Q13227
Q13227	Q921N8
Q13227	Q5XII2
Q99ML1	Q99ML1
Q99ML1	Q9BXH1
Q99ML1	Q80ZG6
O55055	O55055
O55055	O14717
O55055	Q4G073
O97980	O97980
Q69ZG1	Q69ZG1
Q69ZG1	Q9HCK0
Q69ZG1	Q15916
Q69ZG1	Q8K088
Q69ZG1	Q6P6L4
Q69ZG1	Q9Y330
Q6H1V1	Q6H1V1
Q6H1V1	Q8N1M1
Q6H1V1	Q8NFU0
Q6H1V1	D3ZX44
Q6H1V1	Q8NFU1
Q6H1V1	D4A3A7
Q6H1V1	Q8BGM5
Q6H1V1	O76090-3
Q6H1V1	O76090
Q6H1V1	O88870
Q9JJ05	Q9JJ05
Q9JJ05	Q9JJ06
Q9JJ05	Q9NS00
Q6P7B3	Q6P7B3
Q6P7B3	Q61510
Q6P7B3	Q14258
Q9DAR7	Q9DAR7
Q9DAR7	Q8K4F7
Q9DAR7	Q96C86
Q96NA8	Q96NA8
Q96NA8	Q86Y82
Q96NA8	G3V7P1
Q96NA8	Q9ER00
Q96NA8	O15400
Q96NA8	O70257
Q96NA8	O15400-2
Q96NA8	O70439
Q08EJ0	Q08EJ0
Q08EJ0	A1L4L8
Q08EJ0	Q9BYD5
Q08EJ0	Q6PCW6
Q9BWW9	Q9BWW9
Q9BWW9	B2RT54
Q9BWW9	Q8C6E1
Q9BWW9	B1AQP7
Q9BWW9	Q3UZ24
Q9BWW9	Q9BWW8
Q9BWW9	O95236
Q9BWW9	M0R498
Q9BWW9	M0RCB7
Q9BWW9	A2VDH7
Q9BWW9	Q3UN08
Q9BWW9	O14791-2
Q9BWW9	O14791
Q9BWW9	Q9BQE5
Q9BWW9	Q9BPW4
Q9BWW9	E9PUZ0
Q9BWW9	G3X9K7
O00468	O00468
O00468	O00468-6
O00468	O00468-3
O00468	P25304
O00468	A2ASQ1
O00468	P00995
O00468	P58062
O00468	P09655
O00468	P09656
O00468	P19883
O00468	P21674
O00468	P47931
O00468	O95633
O00468	Q9EQC7
O00468	Q99PW7
Q8R2R5	Q8R2R5
Q8R2R5	Q9BV99
Q91X05	Q91X05
Q91X05	Q8K4G9
Q91X05	Q9NP85
Q91X05	Q8TAV4
Q91X05	P54116
Q91X05	P27105
Q91X05	Q6PE84
Q91X05	Q5XI04
P51949	P51949
P51949	P51948
P51949	Q8CIR5
Q8R0X2	Q8R0X2
Q8R0X2	Q5XI53
Q8R0X2	Q86Y37
A0A087WPF7	A0A087WPF7
A0A087WPF7	A0A087WPF7-2
A0A087WPF7	Q8WXX7
A0A087WPF7	Q8WXX7-2
A0A087WPF7	Q8WXX7-5
A0A087WPF7	J3KNZ9
A0A087WPF7	D3ZWF2
A0A087WPF7	Q9HAH7-1
A0A087WPF7	Q9HAH7
A0A087WPF7	Q8R089
A0A087WPF7	Q9HCM7
A0A087WPF7	E9Q9T0
P0DJR0	P0DJR0
P0DJR0	E9PW74
P0DJR0	B0BMZ3
Q8WY54	Q8WY54
Q8WY54	Q80TL0
Q8WY54	Q80Z30
Q8WY54	P49593
Q8WY54	Q9WVR7
Q8WY54	Q8CGA0
Q8WY54	Q8N3J5
Q8WY54	Q8BXN7
Q8WY54	Q9H0C8
Q8WY54	Q9Z1Z6
Q8WY54	Q8R0F6
Q8WY54	O75688
Q8WY54	P35815
Q8WY54	P36993
Q8WY54	Q99NF7
Q8WY54	O75688-2
Q8WY54	P35813-3
Q8WY54	P49443
Q8WY54	P35813
Q8WY54	P35813-2
Q8WY54	P20650
Q8WY54	Q8N819
Q8WY54	Q8BGL1
Q96J88-3	Q96J88-3
Q96J88-3	Q96J88
Q96J88-3	Q8VDI1
Q96J88-3	Q5BK43
Q08AG7	Q08AG7
Q08AG7	A0A8I5ZZ71
Q08AG7	Q8BUR9
Q9NYK6	Q9NYK6
Q9NYK6	D4ACQ8
Q9NYK6	Q9D7G4
Q6ZUX7	Q6ZUX7
Q6ZUX7	Q8BGA2
Q8R5F9	Q8R5F9
Q91VX9	Q91VX9
Q91VX9	Q9H0V1
Q91VX9	Q5PQM0
Q9D8P7	Q9D8P7
Q9D8P7	Q969F1
Q9BTL4	Q9BTL4
Q9BTL4	Q6P7D3
Q9BTL4	P17950
Q14AR7	Q14AR7
Q14AR7	Q9DAT2
Q14AR7	G3V751
Q14AR7	Q9NV56
Q67FW5	Q67FW5
Q67FW5	Q3U129
Q67FW5	Q6GV29
Q13508	Q13508
Q13508	Q8R2G4
Q13508	P70352
Q13508	Q5XHY4
Q13508	Q96L15
Q13508	O35975
Q13508	P20974
Q13508	P17982
Q13508	P17981
Q13508	P52961
Q13508	Q60935
Q13508	Q93070
Q13508	Q9CRA0
Q13508	F1MA10
XP_001067643	XP_001067643
Q8NFN8	Q8NFN8
Q8NFN8	Q6PCP7
Q8NFN8	Q8K451
Q13361	Q13361
Q13361	D3ZJB1
Q13361	Q9QZJ6
Q8WTW4	Q8WTW4
Q8WTW4	Q9WUE4
Q8WTW4	D3ZPN1
Q8N8F6	Q8N8F6
Q8N8F6	Q969M3-3
Q8N8F6	Q5XID0
Q8N8F6	Q9JIM5
Q8N8F6	Q9EQQ2
Q8N8F6	Q969M3
I3L0S3	I3L0S3
Q9Y284	Q9Y284
Q9Y284	Q6ZWX0
P62832	P62832
P62832	P62830
P62832	P62829
Q68FX5	Q68FX5
Q68FX5	Q91XA5
Q68FX5	Q13487
Q8BGK5	Q8BGK5
Q8BGK5	Q5T1Q4
Q8BGK5	Q7TML3
Q8BGK5	Q8IXU6
Q8BGK5	NP_001100292
Q9NUG4	Q9NUG4
Q9NUG4	E1BN45
Q9NUG4	Q8VCC6
Q9NUG4	Q9BSQ5-2
Q9NUG4	Q8K2Y9
Q9NUG4	B1H273
Q9NUG4	Q9BSQ5
XP_001074000	XP_001074000
XP_001074000	Q8BU03
XP_001074000	Q15269
P21588	P21588
P21588	P21589
P21588	Q61503
Q6ZNQ3	Q6ZNQ3
Q6ZNQ3	Q9D9Q0
P55957-2	P55957-2
P55957-2	P55957
P55957-2	P70444
P55957-2	Q9JLT6
Q96RT8-2	Q96RT8-2
Q96RT8-2	Q96RT8
Q96RT8-2	D4A2A9
Q96RT8-2	Q8BKN5
P33671	P33671
P33671	Q64519
P33671	O75056
P33671	P26260
P33671	P18828
P33671	G1TUQ1
P33671	P18827
P33671	P34901
P33671	P31431
P33671	O35988
P33671	P43407
P33671	P34900
P33671	P34741
P55931	P55931
P55931	Q6UPE1
P55931	Q921G7
P55931	Q16134
Q9WTV0	Q9WTV0
Q9WTV0	Q9WUQ2
Q9WTV0	Q9HCU5
D4A540	D4A540
D4A540	Q9H1Z8
D4A540	Q99LS0
O60341-2	O60341-2
O60341-2	B3STT9
O60341-2	Q6ZQ88
O60341-2	O60341
O60341-2	A3KG93
Q4V8F5	Q4V8F5
Q4V8F5	O75528
Q4V8F5	Q8R0L9
F7VJQ1	F7VJQ1
Q5PQP7	Q5PQP7
Q5PQP7	F1MEI8
Q5PQP7	Q8WUA4
Q5PQP7	Q8BL74
Q5PQP7	Q8WUA4-2
Q5PQP7	BAE29075
H7BWY8	H7BWY8
H7BWY8	Q8C8T8
H7BWY8	Q969E8
H7BWY8	G3V6B8
Q08851	Q08851
Q08851	Q13190-2
Q08851	Q13190
Q08851	Q8K1E0
Q9UK41-2	Q9UK41-2
Q9UK41-2	B5DEN9
Q9UK41-2	Q9UK41
Q9UK41-2	Q9D1C8
O76039-1	O76039-1
O76039-1	Q3UTQ8
O76039-1	O76039
O76039-1	E1U7Q0
O76039-1	Q9UBE8
O76039-1	D3ZSZ3
O76039-1	O54949
O76039-1	XP_001061954
O76039-1	Q9BWU1
O76039-1	D3ZDM6
O76039-1	P49336
O76039-1	Q8R3L8
O76039-1	Q8BWD8
O76039-1	D4A170
O76039-1	Q80Y86
O76039-1	Q8TD08
O76039-1	Q9Z2A6
O76039-1	P21708
O76039-1	P27361-2
O76039-1	P46196
O76039-1	P63086
O76039-1	P27361-3
O76039-1	P28482
O76039-1	Q8UWG6
O76039-1	P63085
O76039-1	Q63844
O76039-1	P27361
O76039-1	Q7M0H9
O76039-1	Q9WVS4
O76039-1	Q9UQ07
O76039-1	Q6AXN5
O08884	O08884
O08884	Q925H4
O08884	A0A3B3IRQ3
O08884	A0A3B3IRS2
O08884	Q3LI58
O08884	Q3LI59
O95487-3	O95487-3
O95487-3	D3ZW15
O95487-3	O95487
O95487-3	Q80ZX0
O95487-3	O95486
O95487-3	NP_001099250
O95487-3	Q3U2P1
O95487-3	Q8CGF4
O95487-3	P53992
O95487-3	B5DEG8
O95487-3	O94855-2
O95487-3	Q6NXL1
O95487-3	NP_001101193
O95487-3	O94855
P14314	P14314
P14314	P14314-2
P14314	B1WC34
P14314	O08795
Q9CZV8	Q9CZV8
Q9CZV8	XP_343496
Q9CZV8	Q96IG2
Q9CZV8	Q9UKC9
Q9CZV8	Q8BH16
Q9CZV8	Q9QZH7
P10922	P10922
P10922	P07305
P10922	P43278
P10922	P07305-2
Q9D2F8	Q9D2F8
Q9D2F8	M0R3Z0
Q8IWA6	Q8IWA6
Q8IWA6	Q8C4J0
Q8IWA6	Q3ZAV0
Q80WC9	Q80WC9
Q80WC9	Q4L235
O75936	O75936
O75936	Q924Y0
O75936	Q9QZU7
Q96NJ1	Q96NJ1
Q3UUQ7	Q3UUQ7
Q3UUQ7	Q75T13
Q3UUQ7	Q765A7
A6H8M9	A6H8M9
Q17RS7	Q17RS7
Q17RS7	Q8BMI4
Q17RS7	D3ZVS5
Q7TMA2	Q7TMA2
Q7TMA2	G3V7W0
Q7TMA2	Q96F45
Q7TMA2	Q96F45-2
Q7TMA2	Q96F45-3
Q7TMA2	P0CL69
Q7TMA2	NP_001102895
Q7TMA2	Q9H7S9
O14513	O14513
O14513	Q29SA9
Q571I9	Q571I9
Q571I9	Q8IZ83
Q571I9	Q3T1L0
Q504Y2	Q504Y2
Q504Y2	Q5RJI4
Q3V3W4	Q3V3W4
Q3V3W4	Q8N680
Q3V3W4	D4ABS0
Q3V3W4	G3UW50
Q3V3W4	P24278
Q8BGD7	Q8BGD7
Q8BGD7	Q8IUM7
Q8BGD7	Q8CJH6
O60306	O60306
O60306	Q8CFQ3
O60306	A3KNA0
O95926	O95926
O95926	Q9D198
O95926	Q4QRB2
Q8BJW5	Q8BJW5
Q8BJW5	M0RA30
Q8BJW5	Q9H8H0
Q8IWD4	Q8IWD4
Q8IWD4	Q6PB51
Q8IWD4	Q5M9G5
Q8NCF5	Q8NCF5
Q8NCF5	O09130
Q8NCF5	Q6AYG7
Q05D32	Q05D32
Q05D32	Q8BG15
Q05D32	Q5XIK8
Q05D32	Q05D32-2
Q05D32	O95476
Q05D32	Q3TP92
Q05D32	Q3B7T6
Q05D32	O15194
Q05D32	Q9GZU7-3
Q05D32	B1WC24
Q05D32	XP_038936077
Q05D32	O14595
Q05D32	Q9GZU7
Q05D32	P58466
Q05D32	Q8BX07
Q05D32	P58465
Q6NZR2	Q6NZR2
Q6NZR2	Q6P1R3
Q96HA7	Q96HA7
Q96HA7	Q96HA7-2
Q96HA7	D4A615
Q96HA7	Q6NZL6
Q91WS7	Q91WS7
Q91WS7	Q96QD5
Q91WS7	Q4QR86
Q91WS7	Q8N2C3
Q96JN0-3	Q96JN0-3
Q96JN0-3	F6RGI3
Q8N1V2	Q8N1V2
Q8N1V2	NP_001094438
Q8N1V2	Q5F201
Q9WVS9	Q9WVS9
Q9WVS9	O15516
Q9WVS9	O08785
Q9WVS9	Q99743
Q9WVS9	P97460
Q9DB28	Q9DB28
Q9DB28	Q969H6
Q9DB28	NP_001099222
Q8TEY7	Q8TEY7
Q8TEY7	Q8R5K2
Q8TEY7	Q8C6M1
Q8TEY7	Q9Y2K6
Q8TEY7	NP_001101297
Q8TEY7	NP_001178023
P61222	P61222
P61222	P61221
P61222	D3ZD23
O95976	O95976
O95976	Q9Z0K5
Q6AI39	Q6AI39
Q6AI39	Q8CHH5
Q7Z6J2	Q7Z6J2
Q7Z6J2	Q9JJA9
Q7Z6J2	Q8R4T5
Q7Z6J2	Q91VY6
Q7Z6J2	O60759
Q7Z6J2	Q5I0L6
P37108	P37108
P37108	NP_001099967
P37108	P16254
Q01459	Q01459
Q01459	Q01460
Q01459	Q8R242
Q86W33	Q86W33
Q86W33	Q791F6
Q86W33	Q99MU1
A6NCL1	A6NCL1
A6NCL1	Q3URY2
Q3UN58	Q3UN58
Q3UN58	D4AAA5
Q3UN58	Q6NZ36
Q8BFU1	Q8BFU1
Q8BFU1	Q3KR82
Q8BFU1	Q9NUM3
Q9H2U6	Q9H2U6
Q96M19	Q96M19
Q9GZL8	Q9GZL8
O94822-3	O94822-3
O94822-3	F1M9Q3
O94822-3	O94822
O94822-3	Q6A009
Q3UF64	Q3UF64
Q3UF64	Q96EX2
Q3UF64	Q5M7Z0
Q3UF64	Q9DCN7
Q8N4L8	Q8N4L8
Q6XLA1	Q6XLA1
P08319-2	P08319-2
P08319-2	P08319
P08319-2	P12711
P08319-2	P11766
P08319-2	P28474
P08319-2	Q5XI95
P08319-2	Q64563
P08319-2	Q9QYY9
P08319-2	P06757
P08319-2	P00329
P08319-2	P07327
P08319-2	P00325
P08319-2	P00326
P08319-2	Q9D932
P08319-2	P40394
P08319-2	P28332
P08319-2	P28332-2
P08319-2	P41682
P08319-2	Q64437
Q9BVK8	Q9BVK8
Q9BVK8	Q9CQG6
Q9BVK8	Q2TA63
P0CH98	P0CH98
P0CH98	Q4KMX7
A6NGU7	A6NGU7
Q53R12	Q53R12
Q53R12	Q9CQY8
Q53R12	P48230
Q53R12	Q91XD3
Q53R12	Q9EQL5
Q53R12	P30408
Q53R12	Q64302
Q53R12	Q96CE8
Q53R12	O14894
Q53R12	Q91XF2
O75949	O75949
O75949	A2BDP1
O75949	Q8CCS2
O75949	B1AL88
B0FP48	B0FP48
B0FP48	E5RIL1
B0FP48	Q9D701
Q14236	Q14236
Q15828	Q15828
Q15828	Q9D1B1
Q8IZN7	Q8IZN7
Q8IZN7	Q32ZH8
Q8IZN7	Q8R2I4
Q96PG2	Q96PG2
Q96PG2	Q99N03
F7F1N8	F7F1N8
F7F1N8	Q53GS9-2
F7F1N8	Q3TIX9
F7F1N8	Q53GS9
Q9P2T1-2	Q9P2T1-2
Q9P2T1-2	Q9DCZ1
Q9P2T1-2	P36959
Q9P2T1-2	Q9Z244
Q9P2T1-2	A0A0G2JX25
Q9P2T1-2	Q99L27
Q9P2T1-2	Q9P2T1
Q9H2U2-2	Q9H2U2-2
Q9H2U2-2	Q9D819
Q9H2U2-2	Q15181
Q9H2U2-2	Q9H2U2
Q9H2U2-2	F7EPH4
Q9H2U2-2	D4A830
Q9H2U2-2	Q91VM9
B1AYB6	B1AYB6
B1AYB6	Q9P267
J9QSF0	J9QSF0
P50542-4	P50542-4
P50542-4	P50542-3
P50542-4	P50542-2
P50542-4	Q2M2R8
P50542-4	P50542
P50542-4	O09012-2
P50542-4	O09012
P50542-4	Q8IYB4
P50542-4	Q925N3
P50542-4	Q8C437
P50542-4	Q8C437-3
Q14247-2	Q14247-2
Q14247-2	Q14247-3
Q14247-2	O70420
Q14247-2	XP_006230684
Q14247-2	Q14247
Q14247-2	Q60598
Q14247-2	P49710
Q14247-2	P14317
Q14247-2	Q68FX4
Q9Y6I3-1	Q9Y6I3-1
Q9Y6I3-1	NP_001033759
Q9Y6I3-1	Q9Y6I3
Q9Y6I3-1	Q9Y6I3-3
Q9Y6I3-1	Q8CHU3-2
Q9Y6I3-1	O88339
Q9Y6I3-1	Q80VP1
Q9Y6I3-1	Q8CHU3
Q9Y6I3-1	O95208
Q9Y6I3-1	Q5NCM5
Q9Y6I3-1	Q505I9
Q9Y6I3-1	O95208-2
Q9Y6I3-1	Q9Z1Z3
Q9Y6I3-1	Q14677-3
Q9Y6I3-1	Q99KN9
Q9Y6I3-1	Q14677
Q9Y6I3-1	Q14677-2
Q9Y6I3-1	Q6DGF2
Q9Y6I3-1	Q5SUH6
Q9Y6I3-1	Q91W69
Q9Y6I3-1	Q4V882
Q9Y6I3-1	Q9H201-2
Q9Y6I3-1	Q9H201
Q9NP81-2	Q9NP81-2
Q9NP81-2	Q9JJL8
Q9NP81-2	D3ZM09
Q9NP81-2	Q9N0F3
Q9NP81-2	Q9NP81
Q402B2	Q402B2
Q402B2	D3ZYU1
Q402B2	Q6P2C0
Q75NE6	Q75NE6
Q96K30-3	Q96K30-3
Q96K30-3	Q96K30-2
Q96K30-3	Q2KJ10
Q96K30-3	Q96K30
Q96K30-3	Q9D1H0
Q5XUX1-2	Q5XUX1-2
Q5XUX1-2	F8VPX2
Q5XUX1-2	F1MAM1
Q5XUX1-2	Q5XUX1
P13942-9	P13942-9
A5D7A0	A5D7A0
A5D7A0	Q9D4J1
A5D7A0	Q9BUP0
A5D7A0	Q4FZY0
A5D7A0	Q9D8Y0
A5D7A0	Q96C19
F1MY44	F1MY44
F1MY44	Q9D0E1
F1MY44	NP_001103381
F1MY44	P52272-2
F1MY44	P52272
F1MY44	Q9P2K5
F1MY44	D4AEI5
F1MY44	Q8C854
F1MY44	Q9P2K5-2
F1MY44	Q9P2K5-3
F1MY44	Q8C854-3
F1MY44	Q96H35
F1MY44	Q9CR83
F1MY44	G3V6X2
D4A1B8	D4A1B8
D4A1B8	O75935
D4A1B8	Q9Z0Y1
D4A1B8	O75935-3
P04035-3	P04035-3
P04035-3	P04035-2
P04035-3	P04035
P04035-3	P51639
P04035-3	Q01237
P04035-3	P09610
P04035-3	Q1W675
Q9HAF1-3	Q9HAF1-3
Q9HAF1-3	Q9HAF1
Q9HAF1-3	Q2VPQ9-2
Q9HAF1-3	Q9HAF1-2
Q9HAF1-3	Q2VPQ9
Q9HAF1-3	B0BNB4
Q01844-5	Q01844-5
Q01844-5	Q61545
Q01844-5	Q01844-4
Q01844-5	Q01844-3
Q01844-5	B1WC50
Q01844-5	Q01844
Q01844-5	Q01844-2
Q01844-5	Q92804
Q01844-5	Q92804-2
Q01844-5	B2RYG5
Q01844-5	Q8BQ46
Q01844-5	P35637
Q01844-5	P56959
Q01844-5	Q5PQK2
Q01844-5	P35637-2
Q9H9A5-6	Q9H9A5-6
Q9H9A5-6	Q5XIA4
Q9H9A5-6	Q8BH15-2
Q9H9A5-6	Q8BH15
Q9H9A5-6	Q9H9A5
Q96T76-8	Q96T76-8
Q96T76-8	M0R6T4
Q96T76-8	Q9D071
Q96T76-8	Q96T76
B3KU38	B3KU38
B3KU38	NP_001094136
B3KU38	P0DPB4
B3KU38	P0DPB3
B3KU38	Q1A5X6
B3KU38	A0A088MLT8
B3KU38	P0DPB3-4
B3KU38	Q8BPW0
Q8CH20-2	Q8CH20-2
Q8CH20-2	Q8CH20
Q8CH20-2	Q80ZR9
Q8CH20-2	D3ZPZ8
O75054-2	O75054-2
O75054-2	F1LZ40
O75054-2	Q6ZQA6
O75054-2	O75054
O75054-2	Q969P0
O75054-2	Q8R366
O75054-2	A0A140TAA1
O75054-2	Q93033
O75054-2	A8E0Y8
O75054-2	XP_001066340
P42127	P42127
P42127	Q99JA2
P42127	Q03288
P42127	O00253
P42127	P56473
P49902	P49902
P49902	Q3V1L4
P49902	D3ZMY7
P49902	Q86YG4
Q9WVA2	Q9WVA2
Q9WVA2	O60220
Q9WVA2	Q9WVA1
Q9WVA2	Q4FZG7
Q9WVA2	NP_001102899
Q9WVA2	Q9Y5J9
Q9WVA2	P62077
Q9WVA2	P62078
Q9WVA2	Q9Y5L4
Q9WVA2	P62076
Q9WVA2	P62075
Q04671	Q04671
Q04671	Q62052
Q5UQV1	Q5UQV1
Q9P2D3	Q9P2D3
Q9P2D3	Q8C547
Q9P2D3	NP_001177993
Q9P2D3	F1LSK5
Q9P2D3	Q5PRF0
Q9P2D3	Q86XA9
P48728	P48728
P48728	P48728-3
P48728	Q8CFA2
P48728	Q5XI85
Q5TEZ5	Q5TEZ5
Q5TEZ5	Q3V037
Q5TEZ5	D3ZAP6
Q9D9V2	Q9D9V2
Q9D9V2	Q2LCV6
Q9D9V2	Q9NQ60
Q3MI99	Q3MI99
Q3MI99	Q6UXH8
Q13316	Q13316
Q13316	O55188
Q13316	P98193
Q9NPF0	Q9NPF0
Q9NPF0	Q5HZW5
Q9NPF0	Q9Z1P5
A2BDX3	A2BDX3
A2BDX3	O95396
A2BDX3	D4A8L5
O43674	O43674
O43674	Q9CQH3
O43674	D4A565
Q1RN00	Q1RN00
Q9DBY5	Q9DBY5
Q9DBY5	Q5M9G4
Q9DBY5	O95503
Q9DBY5	Q9HC52
Q9DBY5	Q4FZS1
Q9DBY5	Q9QXV1
Q9UFE4	Q9UFE4
Q9UFE4	Q9D5Y1
Q9UFE4	D3Z8K2
Q8CB49	Q8CB49
Q8CB49	Q6ZUI0
Q8CB49	Q5T0D9
Q8CB49	Q9DBS2
Q8CB49	A8WCF8
Q53GT1	Q53GT1
Q53GT1	Q99JN2
Q53GT1	D3ZZC3
Q53GT1	D3ZA50
Q53GT1	A2AAX3
Q53GT1	Q96M94
Q8K482	Q8K482
Q8K482	Q9BXX0
Q8K482	Q7Z5L3
Q8K482	Q8CFR0
Q8K482	Q5XIG2
Q8K482	Q9QXP7
Q8K482	Q9BXJ1
Q8K482	P60827
Q8K482	Q9BXI9
Q8K482	Q9BXI9-1
Q8K482	Q6IR41
Q8K482	Q3T1I2
Q9Y6B2	Q9Y6B2
Q9Y6B2	Q9DCR4
P56975	P56975
P56975	P56975-3
P56975	O35181
XP_038955799	XP_038955799
XP_038955799	P98174
XP_038955799	P52734
XP_038955799	O88842
XP_038955799	Q5JSP0
XP_038955799	NP_001101879
XP_038955799	Q8BY35
XP_038955799	Q7Z6J4
XP_038955799	D3Z9I3
XP_038955799	Q91ZT5
XP_038955799	O88387
XP_038955799	Q96M96
Q6JAM9	Q6JAM9
Q6JAM9	Q53FP2
Q6JAM9	Q9D328
Q96EK4	Q96EK4
Q96EK4	Q9JJD0
Q96EK4	NP_001100892
Q8TAA1	Q8TAA1
Q8TAA1	Q5GAM9
O75264	O75264
O75264	Q0VG18
B2RWJ3	B2RWJ3
B2RWJ3	Q5SV17
O70311	O70311
O70311	O70310
O70311	P30419
O70311	O60551
O70311	Q700Q7
O70311	Q8K1Q0
Q91W45	Q91W45
Q91W45	Q9ULR5
Q91W45	D4AAB9
Q91W45	Q9BPZ3
Q91W45	Q6AXZ0
Q91W45	Q9D6V8
Q96S95	Q96S95
Q96S95	Q6QWF9
Q96S95	Q9JI15
Q96S95	Q7Z7J9
Q96S95	Q78WH7
Q96S95	Q9Z2N6
Q9R1K7	Q9R1K7
Q9R1K7	Q9UJT1
Q9R1K7	P23258
Q9R1K7	P83887
Q9R1K7	P83888
Q9R1K7	Q9NRH3
Q9R1K7	Q8VCK3
Q5T481	Q5T481
Q5T481	Q3UQS8
Q5T481	E9PT37
Q3ULZ2	Q3ULZ2
Q3ULZ2	Q9C0D6
Q8K2X2	Q8K2X2
Q8K2X2	Q561R3
Q8K2X2	Q5RL73
P62487	P62487
P62487	P62488
P62487	P62489
Q86VX2	Q86VX2
Q86VX2	Q8BG94
Q86VX2	Q499V0
Q9BRP4	Q9BRP4
Q9UGQ2	Q9UGQ2
Q9UGQ2	Q8BG21
Q9UGQ2	D4A9I3
Q149M9	Q149M9
Q149M9	A6H603
Q9UIG4	Q9UIG4
Q9H171	Q9H171
Q9H171	Q9QY24
Q9H171	Q9QY24-2
Q9H171	Q8VDA5
Q6UX46	Q6UX46
Q6UX46	Q80UG6
Q6UX46	B2RZ42
Q6UX46	Q6UXT8
Q6UX46	J3QPP8
Q6ZPK7	Q6ZPK7
Q6ZPK7	NP_001100697
Q6ZPK7	Q9HCC9
P34928	P34928
P34928	P19939
P34928	P02654
P26439-2	P26439-2
Q3ZBD2	Q3ZBD2
Q3ZBD2	Q5M9F7
Q3ZBD2	Q9QZB7
Q3ZBD2	Q9NZ32
Q9Y575-3	Q9Y575-3
Q9Y575-3	Q9Y575
Q9Y575-3	Q9WV72
Q9Y575-3	NP_001102334
A0A1B0GTW7	A0A1B0GTW7
A0A1B0GTW7	A0A0G2JX27
A0A1B0GTW7	A0A286YEC0
Q7RTR2-2	Q7RTR2-2
Q7RTR2-2	Q7RTR2
Q7RTR2-2	D3ZYP9
Q7RTR2-2	Q5DU56
Q0D2I5-5	Q0D2I5-5
Q0D2I5-5	Q8BXL9
Q0D2I5-5	Q0D2I5-4
Q0D2I5-5	Q0D2I5
Q0D2I5-5	Q5TF58
Q0D2I5-5	Q8R2V2
Q0D2I5-5	NP_001128175
Q6AYF6	Q6AYF6
Q6AYF6	Q68CQ7
Q6AYF6	Q6NSU3
Q6AYF6	Q640P4
Q6AYF6	Q9H1C3
A0A1B0GUW7	A0A1B0GUW7
A0A1B0GUW7	A0A140LHV9
Q5I0E7	Q5I0E7
Q5I0E7	G3V6N2
Q5I0E7	Q9BVK6
Q5I0E7	Q99KF1
Q5I0E7	Q9D2R4
Q5I0E7	Q7Z7H5-2
Q5I0E7	Q7Z7H5
Q5I0E7	Q8R1V4
Q5I0E7	D3ZE21
Q5I0E7	P49755
Q5I0E7	Q9D1D4
Q5I0E7	Q28735
Q5I0E7	Q63584
A0A1B0GVT2	A0A1B0GVT2
A0A1B0GVT2	A0A1B0GRQ0
Q86X76-3	Q86X76-3
Q86X76-3	Q86X76-2
Q86X76-3	Q7TQ94
Q86X76-3	Q8VDK1
Q86X76-3	Q86X76
Q86X76-3	Q497B0
Q86X76-3	Q9JHW2
Q86X76-3	Q9NQR4
Q96NT3-3	Q96NT3-3
Q96NT3-3	Q96NT3
Q96NT3-3	Q8BZI6
P13224-2	P13224-2
P13224-2	P56400
P13224-2	P13224
P13224-2	Q9JJM7
P41180-2	P41180-2
P41180-2	P48442
P41180-2	Q9QY96
P41180-2	P41180
P41180-2	L7N269
P41180-2	NP_001092957
P41180-2	XP_222037
P41180-2	XP_001075922
P41180-2	NP_001092969
P41180-2	NP_001092979
P41180-2	XP_001059364
P41180-2	Q80Z09
P41180-2	E9Q1L0
P41180-2	G3UWA2
P41180-2	E9Q280
P41180-2	O70410
P41180-2	NP_001092968
P41180-2	E9Q107
P41180-2	E9Q277
P41180-2	NP_001092972
P41180-2	E9PW61
P41180-2	L7N2B2
P41180-2	F8VQD3
P41180-2	E9Q7U8
P41180-2	L7N215
P41180-2	Q80Z08
P41180-2	E9Q3F5
P41180-2	E9PY92
P41180-2	G3UW56
P41180-2	NP_001092964
P41180-2	E9PYS0
P41180-2	NP_001092934
P41180-2	E9Q4X4
P41180-2	E9Q025
P41180-2	E9Q759
P41180-2	L7N472
P41180-2	K7N6Z8
P41180-2	Q70VB1
P41180-2	Q5T6X5
P41180-2	Q8K4Z6
P41180-2	K7N649
P41180-2	G3UWZ4
P41180-2	E9Q4U5
P41180-2	L7N1W8
P41180-2	L7N2A0
P41180-2	M0R4Y3
P41180-2	XP_003086919
P41180-2	E9PZX4
P41180-2	NP_001092955
P41180-2	K7N5U4
P41180-2	NP_001092930
P41180-2	G5E8Z7
P41180-2	NP_001092984
P41180-2	G5E8G4
P41180-2	W4VSP2
P41180-2	L7N2B1
P41180-2	F1LPZ0
P41180-2	NP_001092950
P41180-2	XP_001066277
P41180-2	K7N6V2
P41180-2	NP_001092949
P41180-2	XP_917917
P41180-2	L7N2A1
P41180-2	D3Z7M3
P41180-2	E9Q6I0
P41180-2	L7N2A4
P41180-2	E9PX34
P41180-2	L7N1Z9
P41180-2	E9PZS9
P41180-2	K7N6Z2
P41180-2	XP_578646
P41180-2	G3X931
P41180-2	D3Z4N8
P41180-2	K7N6T2
P41180-2	E9Q067
P41180-2	L7N2B3
P41180-2	E9PW21
P41180-2	L7N2B7
P41180-2	NP_775439
P41180-2	Q99PG6
P41180-2	Q7RTX1-2
P41180-2	Q9Z0R8
P41180-2	Q7RTX1
P41180-2	Q8TE23
P41180-2	L7N279
P41180-2	E9PWW0
P41180-2	XP_577673
Q9BQW3-1	Q9BQW3-1
Q9BQW3-1	Q9BQW3
Q9BQW3-1	Q8K4J2
Q9BQW3-1	Q63398
Q9BQW3-1	O08791
Q9BQW3-1	Q9H4W6
Q9BQW3-1	Q9HAK2
Q9BQW3-1	O08792
Q9BQW3-1	Q07802
Q9BQW3-1	Q9UH73
O75925-2	O75925-2
O75925-2	O75925
O75925-2	A9UK05
O75925-2	O88907
O75925-2	O70260
O75925-2	Q9Y6X2
O75925-2	O54714
O75925-2	Q8C5D8
O75925-2	Q6AZ28
O75925-2	O75928-2
O75925-2	O75928
O75925-2	Q8N2W9
O75925-2	Q9JM05
O75925-2	B5DFF9
Q96JN2-4	Q96JN2-4
Q96JN2-4	Q96JN2
Q96JN2-4	Q3TVA9
Q96JN2-4	D4AAR7
Q9NQQ7-3	Q9NQQ7-3
Q9NQQ7-3	Q9NQQ7
Q9NQQ7-3	Q8VCX2
Q8NDW8-7	Q8NDW8-7
Q8NDW8-7	Q8NDW8
Q8NDW8-7	Q8C0S4
Q8NDW8-7	Q7Z4L5
Q8NDW8-7	Q0HA38
Q8NDW8-7	NP_001178666
Q86TN4-4	Q86TN4-4
Q86TN4-4	Q86TN4-3
Q86TN4-4	Q8K3A2
Q86TN4-4	Q86TN4
P0C7P2	P0C7P2
P62847-4	P62847-4
P62847-4	P62847
P62847-4	P62849
P62847-4	P62850
D3ZSW4	D3ZSW4
D3ZSW4	D3YUU6
D3ZSW4	Q9UBG3
B2RYQ1	B2RYQ1
B2RYQ1	Q9GZN1
B2RYQ1	Q9D864
A0A0B4J1V8	A0A0B4J1V8
A0A0B4J1V8	Q91YU8
A0A0B4J1V8	Q9NQ55
A0A0B4J1V8	Q9NQ55-2
A0A0B4J1V8	Q96G91
A0A0B4J1V8	Q9NQ55-3
A0A0B4J1V8	NP_001011980
A0A0B4J1V8	Q9ERK9
A0A0B4J1V8	Q63371
A0A0B4J1V8	Q15077
P61244	P61244
P61244	P61244-2
P61244	Q8C4Y1
P61244	P52164
P61244	P52164-2
P61244	P28574
Q5XIJ6	Q5XIJ6
Q5XIJ6	Q3UI43
Q5XIJ6	Q9NWV8
Q52KI8	Q52KI8
Q52KI8	A2A8V9
Q52KI8	Q52KI8_VAR_S768T
Q52KI8	Q8IYB3-2
Q52KI8	E1BP16
Q52KI8	B2RYB3
Q52KI8	A9Z1X7
Q52KI8	Q8IYB3
Q9UGP4	Q9UGP4
Q9UGP4	B5DEH0
Q9UGP4	Q9QXD8
Q9UGP4	G5E5X0
Q9UGP4	B1WC42
Q9UGP4	Q9Z1Y4
Q9UGP4	Q15654
Q9UGP4	Q5U2Z2
Q9UGP4	Q91XC0
Q9UGP4	Q96IF1
Q9UGP4	A6NIX2
Q9UGP4	Q7TQJ8
Q9UGP4	Q5XI07
Q9UGP4	E1BMD6
Q9UGP4	Q8BFW7
Q9UGP4	Q93052
Q9UGP4	Q15942
Q9UGP4	A0A0G2K995
Q9UGP4	Q71FD7
Q9UGP4	Q8WUP2
Q9UGP4	Q8WUP2-2
Q9UGP4	Q62523
Q9UGP4	Q08DQ6
Q9UGP4	NP_446213
Q28181	Q28181
Q28181	Q80XL8
Q28181	Q14028
Q28181	Q9NQW8
Q28181	Q9JJZ9
Q28181	O35788
Q28181	Q16281
Q28181	Q00195
Q28181	Q03041
Q28181	P29973
Q28181	P29974
Q28181	Q9QWN7
Q28181	Q9JJZ8
Q28181	Q00194
Q28181	Q62927
Q28181	Q62398
Q28181	Q16280
Q28181	Q8IV77
Q28181	Q3UW12
Q28181	Q64359
Q8N3Z0	Q8N3Z0
Q8N3Z0	Q6AY61
Q8N3Z0	O95084
Q8N3Z0	Q9D6X6
Q8N3Z0	Q8C0F9
Q8N3Z0	Q5R212
O70561	O70561
Q04864	Q04864
Q04864	F1M5R1
Q04864	P15307
Q04864	Q04206
Q04864	Q7TQN4
Q04864	Q04207
Q9Y6A4	Q9Y6A4
Q9Y6A4	Q8BTU1
Q9Y6A4	Q499T7
P62259	P62259
P62259	O70456
P62259	P31947
P62259	P62258-2
P62259	G3V9A3
P62259	P62260
P62259	P62258
P62259	Q9CQV8
P62259	P68254
P62259	P68255
P62259	P31946-2
P62259	P63102
P62259	P35213
P62259	P31946
P62259	P29361
P62259	P63104
P62259	P63101
P62259	P27348
P62259	P61982
P62259	P68511
P62259	P61981
P62259	P61983
P62259	P68510
P62259	Q04917
P62259	P31947-2
P62259	P68251
P62259	B3KT37
O43281	O43281
O43281	B1WBZ1
O43281	O43281-2
O43281	Q64355
Q923W1	Q923W1
Q923W1	Q96RS0
Q923W1	P85107
Q8C729	Q8C729
Q8C729	Q9BYI3-3
Q8C729	Q8IXS8
Q8C729	Q4V7D4
Q8C729	D4AE31
Q8C729	Q6P9N1
Q8C729	Q9BYI3
Q9JI57	Q9JI57
Q9JI57	Q80ST5
Q9JI57	Q9UHL9
Q9JI57	P78347
Q9JI57	Q5U2Y1-2
Q9JI57	P78347-2
Q9JI57	P78347-4
Q9JI57	Q3UHU8
Q9JI57	Q9ESZ8
Q9JI57	Q5U2Y1
Q9Y450	Q9Y450
Q9Y450	Q9Y450-4
Q9Y450	Q69ZS7
Q9Y450	Q6AXM7
Q9Y450	P62631
Q9Y450	P10126
Q9Y450	Q5VTE0
Q9Y450	P68105
Q9Y450	P62632
Q9Y450	Q05639
Q9Y450	P62630
Q9Y450	P68104
Q9Y450	P15170-3
Q9Y450	Q6AYD5
Q9Y450	P15170
Q9Y450	P15170-2
Q9Y450	Q8R050
Q9Y450	Q149F3
Q9Y450	Q8IYD1
Q9Y450	A0A096MJE3
O88532	O88532
O88532	Q562A2
O88532	Q96KR1
O88532	Q9UPR6
O88532	E9Q5M4
O88532	XP_234923
Q8BU30	Q8BU30
Q8BU30	P41252
Q8BU30	F1LS86
Q8N4S9	Q8N4S9
Q8N4S9	Q8N4S9-2
Q8N4S9	Q3UZP0
Q8N4S9	NP_001102406
Q9ES28	Q9ES28
Q9ES28	NP_001280025
Q9ES28	O55043
Q9ES28	Q9ES28-2
Q9ES28	Q9ES28-3
Q9ES28	Q14155
Q9ES28	Q14155-1
Q9ES28	Q14155-5
Q9ES28	Q15052
Q9ES28	Q5XXR3
Q9ES28	Q8K4I3
Q9ES28	Q15052-2
O35129	O35129
O35129	XP_001058740
O35129	Q5XIH7
O35129	Q99623
O35129	Q99623-2
O35129	D3ZFH6
O35129	XP_003131608
O35129	Q3V2K0
O35129	P67779
O35129	P67778
O35129	P35232
Q02053	Q02053
Q02053	Q5U300
Q02053	XP_008771915
Q02053	P31254
Q02053	P22314
Q02053	P41226
Q02053	Q9DBK7
Q02053	NP_001380849
Q02053	NP_001100683
Q02053	Q8C7R4
Q02053	A0AVT1
Q02053	Q9UBT2
Q02053	NP_001094049
Q02053	Q9Z1F9
Q02053	Q8TBC4
Q02053	Q8C878
Q02053	Q99MI7
Q9NP99	Q9NP99
Q9NP99	Q9JKE2
Q9NP99	D3ZJA7
Q9NP99	Q9JKE1
Q9NP99	O95944
Q9NP99	O95944-3
Q9NP99	O95944-2
Q9NP99	Q3LRV9
Q9NP99	XP_001059217
Q9NP99	Q6UXN2
Q8BGV9	Q8BGV9
Q8BGV9	Q86TL0
Q8BGV9	NP_001101418
Q8BGV9	Q96DT6
Q8BGV9	Q811C2
Q8BGV9	Q9Y4P1-2
Q8BGV9	Q9Y4P1
Q8BGV9	A0A0G2QC33
Q8BGV9	Q8BGE6
Q8BGV9	B1H274
Q8BGV9	Q8C9S8
Q8BGV9	Q8WYN0
Q6A068	Q6A068
Q6A068	O08837
Q6A068	Q99459
Q9GZT9	Q9GZT9
Q9GZT9	P59722
Q9GZT9	Q91YE3
Q9GZT9	Q62630
Q9GZT9	Q91UZ4
Q9GZT9	Q9H6Z9
Q9GZT9	Q91YE2
Q9GZT9	Q6AYU4
Q9GZT9	Q96KS0
Q9Y4L1	Q9Y4L1
Q9Y4L1	Q9JKR6
Q9Y4L1	Q63617
Q9Y4L1	P38647
Q9Y4L1	P38646
Q9Y4L1	P48721
Q9Y4L1	P20029
Q9Y4L1	P06761
Q9Y4L1	P11021
Q9Y4L1	P54652
Q9Y4L1	P14659
Q9Y4L1	P17156
Q9Y4L1	P63018
Q9Y4L1	P17066
Q9Y4L1	P48741
Q9Y4L1	P11142-2
Q9Y4L1	P0DMV8
Q9Y4L1	Q61696
Q9Y4L1	P34931
Q9Y4L1	P16627
Q9Y4L1	P0DMW0
Q9Y4L1	P55063
Q9Y4L1	P63017
Q9Y4L1	P0DMV8-2
Q9Y4L1	P11142
Q9Y4L1	XP_001054273
Q9Y4L1	Q6AYB4
Q9Y4L1	Q0VDF9
Q9Y4L1	Q99M31
Q9Y4L1	P48723
Q9Y4L1	Q8BM72
Q9Y4L1	O35162
Q9WVK0	Q9WVK0
Q9WVK0	Q6RW13
Q9WVK0	Q642A2
Q9WVK0	Q6RW13-2
Q9Z282	Q9Z282
Q9Z282	Q9UNW8
Q9Z282	Q4KLH9
Q9Z282	P46093
Q9Z282	Q8BUD0
Q9Z282	Q15743
Q9Z282	Q8BFQ3
O88543	O88543
O88543	Q68FW9
O88543	Q9UNS2
Q9Y228	Q9Y228
Q9Y228	Q8C0G2
P38606	P38606
P38606	P50516
P38606	D4A133
D3ZU88	D3ZU88
D3ZU88	Q8K207
D3ZU88	Q9H246
Q06986	Q06986
Q06986	O43255
Q06986	Q8IUQ4
Q06986	Q920M9
Q06986	P61092
Q06986	Q8R4T2
Q06986	Q8IUQ4-2
Q06986	Q06985
Q06986	Q8IW03
Q06986	B2RWG3
Q9Z1M7	Q9Z1M7
Q9Z1M7	Q5XPT3
Q9Z1M7	O95461
Q9Z1M7	ENSRNOP00000018434
Q9Z1M7	Q8N3Y3
Q9Z1M7	Q6P7A1
Q2M2N2	Q2M2N2
Q2M2N2	Q6ZWS8
Q2M2N2	O43791
Q2M2N2	Q6IQ16
Q2M2N2	Q5BJL3
Q2M2N2	NP_001094455
Q2M2N2	XP_227852
Q2M2N2	XP_001069432
Q2M2N2	B5TQV7
Q2M2N2	P0DMR5
Q2M2N2	Q717B4
Q2M2N2	XP_227432
Q2M2N2	Q6YCH1
Q2M2N2	P0DMR6
Q2M2N2	Q717B2
Q9DCJ7	Q9DCJ7
Q9DCJ7	Q9NWT8
Q9DCJ7	Q6AY68
Q32P41	Q32P41
Q32P41	NP_001383002
Q32P41	Q9D0C4
Q6P1G6	Q6P1G6
Q6P1G6	Q96KS9
Q6P1G6	D3ZQX1
Q6P1G6	Q9BTA0
Q6P1G6	P17257
Q9BUY7	Q9BUY7
Q9BUY7	Q9D0E5
Q9BUY7	Q6AXQ2
Q7TP28	Q7TP28
Q7TP28	Q9GZU0
Q7TP28	Q99LU8
Q8IXH8	Q8IXH8
Q8IXH8	P59862
Q8IXH8	F1LYX9
Q8IXH8	O55111
Q8IXH8	Q14126
Q8IXH8	Q9R0T4
Q8IXH8	P12830
Q8IXH8	P09803
Q8IXH8	P22223
Q8IXH8	F1LMI3
Q8IXH8	P10287
Q8IXH8	Q7TSF1
Q8IXH8	Q7TSF0-2
Q8IXH8	Q61495
Q8IXH8	Q6W3B0
Q8IXH8	O35902
Q8IXH8	P32926
Q8IXH8	Q02413
Q8IXH8	Q7TMD7
Q8IXH8	Q86SJ6
Q8IXH8	Q7TSF0
Q8IXH8	P55292
Q8IXH8	Q02487-2
Q8IXH8	P55292-2
Q8IXH8	Q02487
Q8IXH8	Q3T1K6
Q8IXH8	Q14574-2
Q8IXH8	D3ZZI6
Q8IXH8	P55850
Q8IXH8	Q14574
Q8IXH8	P55850-2
Q8IXH8	Q08554
Q8IXH8	Q08554-2
Q8IXH8	P55849-2
Q8IXH8	P55849
Q8IXH8	P55290-4
Q8IXH8	Q9WTR5
Q8IXH8	Q8R490
Q8IXH8	P55290
Q8IXH8	P55283
Q8IXH8	P15116
Q8IXH8	P19022
Q8IXH8	Q9Z1Y3
Q8IXH8	P39038
Q8IXH8	Q63149
Q8IXH8	P55291
Q8IXH8	P33146
Q8IXH8	Q75NI5
Q8IXH8	P33151
Q8IXH8	P55284
Q8IXH8	F1M7E5
Q9H6K1	Q9H6K1
Q9H6K1	Q3TT38
Q9H6K1	XP_008771021
Q9Y283	Q9Y283
Q9Y283	O89019
Q8K0S9	Q8K0S9
Q8K0S9	Q16533
Q5U2T8	Q5U2T8
Q5U2T8	Q86X95
Q5U2T8	Q9DA19
Q6UXL0	Q6UXL0
Q6UXL0	E9Q9A6
O94992	O94992
O94992	Q5M9G1
O94992	Q8R409
O94992	B2RZ69
O94992	Q3TVI4
O94992	Q96MH2
Q9BYG8	Q9BYG8
Q9BYG8	Q3TR54
Q9BYG8	Q99NB5
Q9BYG8	Q8CB12
Q9BYG8	Q2KHK6
Q9BYG8	P85967
Q9BYG8	XP_984438
Q9BYG8	Q9D8T2
Q9BYG8	D3ZK05
Q9BYG8	P57764
Q9BYG8	Q5Y4Y6
Q9BYG8	Q32M21-2
Q9BYG8	Q32M21
Q9BYG8	Q96QA5
Q9BYG8	Q9EST1
Q9BYG8	D3ZA32
Q9NQ50	Q9NQ50
Q9NQ50	Q9Z2Q5
Q9NQ50	P83565
O54782	O54782
O54782	B5DEJ3
O54782	Q9Y2E5
Q14669-3	Q14669-3
Q14669-3	Q14669
Q14669-3	Q14669-4
Q14669-3	E1B7Q7
Q14669-3	F1LP64
Q14669-3	G5E870
Q14669-3	Q14669-2
Q9VNG9	Q9VNG9
Q9VNG9	Q8BYJ6
Q9VNG9	Q8BYJ6-2
Q9VNG9	XP_038949896
Q9VNG9	O60343
Q9VNG9	O60343-3
Q9VNG9	O60343-2
Q9VNG9	NP_001193239
Q9VNG9	Q86TI0
Q9VNG9	Q86TI0-2
Q9VNG9	Q60949-2
Q9VNG9	D4AC16
Q9VNG9	Q60949
Q8CFY5	Q8CFY5
Q8CFY5	Q12887
Q8CFY5	F1LVF4
Q8BGJ3	Q8BGJ3
Q8BGJ3	A8MU93
Q9H0E9	Q9H0E9
Q9H0E9	Q9H0E9-2
Q9H0E9	Q5TLG7
Q9H0E9	Q8R3B7
Q8N8J7	Q8N8J7
Q8N8J7	D4A9Y2
Q8N8J7	Q9CZL2
A0A0J9YWL9	A0A0J9YWL9
A0A0J9YWL9	A0A0J9YY54
A0A0J9YWL9	D3YU32
G3UW68	G3UW68
O60290	O60290
O60290	Q6ZQ98
O60290	C9JBD0
Q5JTD7	Q5JTD7
Q5JTD7	B2RWC4
Q5JTD7	Q587K4
Q5M6W3	Q5M6W3
Q5M6W3	Q8NHS4
Q5M6W3	Q5XIR8
P20849	P20849
P20849	Q05722
P20849	P20850
P20849	Q14055
P20849	Q07643
Q3V2K1	Q3V2K1
Q3V2K1	A6NEN9
O75503	O75503
O75503	Q3UMW8
O75503	NP_001178618
Q5VVQ6	Q5VVQ6
Q5VVQ6	Q8CB27
Q5VVQ6	Q32Q05
A2RUQ5	A2RUQ5
Q6IPR1	Q6IPR1
Q6IPR1	Q91V16
Q3T9M2	Q3T9M2
Q3T9M2	F1LMA5
Q3T9M2	Q6P9U2
Q3T9M2	A0A024R4G9
O43847-2	O43847-2
O43847-2	O43847
O43847-2	Q8BHG1
O43847-2	P47245
O43847-2	Q9JHR7
O43847-2	P14735-2
O43847-2	P14735
O43847-2	P35559
P56380	P56380
P56380	P50583
P56380	Q6PEC0
Q9CQF3	Q9CQF3
Q9CQF3	Q4KM65
Q9CQF3	O43809
Q6UW78	Q6UW78
Q6UW78	Q8K2T4
Q6UW78	P0CD94
A4D1N5	A4D1N5
Q9BRT9	Q9BRT9
Q9BRT9	Q99LZ3
Q9BRT9	Q499W2
P56730	P56730
P56730	O08762
P56730	G3V801
Q8WU49	Q8WU49
Q9Y2R9	Q9Y2R9
Q9Y2R9	Q80X85
Q9Y2R9	Q5I0K8
Q99MV7	Q99MV7
Q99MV7	D3ZLP2
Q99MV7	Q9BXT8
Q4KKZ5	Q4KKZ5
Q5VY09	Q5VY09
Q5VY09	O89113
Q4TU85	Q4TU85
A0A075B6Y9	A0A075B6Y9
B0BNA7	B0BNA7
B0BNA7	Q13347
B0BNA7	Q9QZD9
NP_001100997	NP_001100997
NP_001100997	Q8BRK9
NP_001100997	P49641-1
NP_001100997	P49641
NP_001100997	P28494
NP_001100997	P27046
NP_001100997	Q16706
D4A3U0	D4A3U0
D4A3U0	Q99680
D4A3U0	Q8BZL4
Q6AYT3	Q6AYT3
Q6AYT3	Q99LF4
Q6AYT3	Q9Y3I0
A2RUW1	A2RUW1
A2RUW1	Q9QZ06
A2RUW1	Q9H0E2
G3V8G2	G3V8G2
G3V8G2	Q8BJY1
G3V8G2	Q16401
G3V8G2	Q16401-2
XP_574336	XP_574336
XP_574336	XP_145468
XP_574336	Q02543
XP_574336	P62718
XP_574336	P62717
Q80TA1	Q80TA1
Q80TA1	Q9C0D9
Q80TA1	NP_001128226
Q6UX98	Q6UX98
Q6UX98	Q6IR37
Q6UX98	Q2TGI5
Q6UX98	Q8N966
Q6UX98	A0PK84
Q6UX98	Q2TGI8
Q8BMZ5	Q8BMZ5
Q8BMZ5	Q5XIB7
Q8BMZ5	Q9BSV6
XP_001074822	XP_001074822
P06804	P06804
P06804	P16599
P06804	P01375
P06804	P01374
P06804	Q06332
P06804	P09225
D4A0T0	D4A0T0
D4A0T0	Q9DCS9
D4A0T0	O96000
Q5PQN4	Q5PQN4
Q5PQN4	Q9D067
Q5PQN4	Q8TC05-3
Q5PQN4	Q8TC05
Q5PQN4	Q8TC05-4
Q5PQN4	Q8TC05-2
XP_001074342	XP_001074342
XP_001074342	Q96KN7
XP_001074342	Q9EPQ2
D3ZKU3	D3ZKU3
D3ZKU3	Q80ZW0
D3ZKU3	Q8TDR2
D3ZKU3	D3ZKW5
D3ZKU3	Q8QZR7
D3ZKU3	Q8N165
P29371	P29371
P29371	P47937
P29371	P16177
P29371	P21452
P29371	P30549
P29371	P16610
P29371	P30548
P29371	P25103
P29371	P14600
P29371	Q6VMN6
P29371	P49683
P29371	Q64121
P29371	Q9NYM4
P29371	P30731
P29371	Q8VHD7
Q6TQE1-2	Q6TQE1-2
Q6TQE1-2	Q6TQE1
Q6TQE1-2	Q0P678
Q6TQE1-2	Q86VM9
Q6TQE1-2	Q0P678-2
Q6TQE1-2	G3MX37
Q6TQE1-2	Q86VM9-2
B2GV73	B2GV73
B2GV73	Q9JM76
B2GV73	Q3T035
B2GV73	O15145
Q9BY27	Q9BY27
Q9BY27	Q14129
Q9BY27	O35347
P62500	P62500
P62500	P62500-2
P62500	Q15714-2
P62500	Q15714
P62500	P62501
P62500	Q9Y3Q8
P62500	D3YZZ4
P62500	E1BFH5
P62500	Q3B8N7
P62500	Q9EQN3
P62500	O75157
P62500	E9Q7M2
P62500	D3ZDW3
Q6ZV65	Q6ZV65
Q6ZV65	D6RA91
Q5QR91	Q5QR91
Q5QR91	Q8N4C9
Q63384	Q63384
Q63384	O95665
Q63384	P70310
Q5TGZ0	Q5TGZ0
Q5TGZ0	Q7TNS2
Q5TGZ0	R4GNA1
Q5TGZ0	B2RYW8
P13985	P13985
Q6R6I6	Q6R6I6
Q6R6I6	Q9HBX9
Q6R6I6	Q6R6I7
Q6R6I6	Q8WXD0
Q6R6I6	Q5ECL0
Q6R6I6	Q91ZZ5
Q8CBG9	Q8CBG9
Q8CBG9	Q96K19
Q8CBG9	Q96K19-3
Q96KC9	Q96KC9
Q96KC9	Q8C633
Q96KC9	Q68FX6
Q9P2X0-2	Q9P2X0-2
Q9P2X0-2	Q9P2X0
Q9P2X0-2	Q9D1Q4
Q9P2X0-2	D3ZIJ5
P57785	P57785
P57785	O00292
P57785	D4A670
P57785	Q5UCE3
P57785	O75610
P57785	Q64280
P09630	P09630
P09630	P10629
P09630	P31267
P09630	P09092
Q96CH1	Q96CH1
Q96CH1	Q99LE2
Q63189	Q63189
Q63189	Q61878
Q63189	P13727
Q63189	Q9Y2Y8
Q63189	Q9JL95
P48645	P48645
P48645	Q9QXK8
P48645	P12760
P48645	Q5H8A3
P48645	Q5H8A2
P48645	Q5H8A1
Q7TP73	Q7TP73
Q7TP73	B1WC16
Q7TP73	Q9NYF8
Q7TP73	Q9NYF8-2
Q7TP73	B0K035
Q7TP73	F1MQU4
Q7TP73	Q9NYF8-3
Q7TP73	Q9NYF8-4
Q7TP73	Q8K019
Q7TP73	Q6P444
Q7TP73	Q8VED8
Q7TP73	E1B7W1
Q7TP73	Q5M7V8
Q7TP73	Q569Z6
Q7TP73	Q9Y2W1
Q7TP73	G3V9A7
Q7TP73	Q99MB2
Q7TP73	Q15390
A0A0G2KAQ9	A0A0G2KAQ9
A0A0G2KAQ9	Q8C0V1
A0A0G2KAQ9	Q8C0V1-2
A0A0G2KAQ9	Q8NA31
Q9Y5P3	Q9Y5P3
Q9Y5P3	Q9QVY8
Q5JTZ5	Q5JTZ5
Q5JTZ5	Q8K0M7
O70619	O70619
O70619	O70518
O70619	O70616
Q8IXQ9	Q8IXQ9
Q8IXQ9	Q80ZM3
Q8IXQ9	Q6P7Q0
Q5SR53	Q5SR53
Q9P000	Q9P000
Q9P000	Q8K2Q0
Q9P000	Q3MIE7
XP_002726253	XP_002726253
XP_002726253	Q9NQV5
XP_002726253	A2AGX3
Q9D9N8	Q9D9N8
Q9D9N8	Q9BSG0
Q8TAK5	Q8TAK5
Q8TAK5	Q06547-3
Q8TAK5	Q06547
Q8TAK5	NP_001128487
Q8TAK5	Q00420
Q8TAK5	P81069
Q8TAK5	D3ZSD3
D3ZTV3	D3ZTV3
D3ZTV3	O43155
D3ZTV3	Q8BLU0
D3ZTV3	Q8BGT1
D3ZTV3	Q9NZU0
D3ZTV3	B1H234
D3ZTV3	Q6RKD8
D3ZTV3	Q9NZU1
Q969H9	Q969H9
Q5VVS0	Q5VVS0
Q96DR8	Q96DR8
Q52MB2	Q52MB2
Q52MB2	Q8BMK5
Q52MB2	Q4V8F1
Q5T5F5	Q5T5F5
Q9NWH2	Q9NWH2
Q9NWH2	Q8VCR3
Q9NWH2	D4A7K0
Q9Y6Z2	Q9Y6Z2
Q6ZR62	Q6ZR62
Q6ZR62	D4A5N6
Q6ZR62	Q3URY0
Q9NZD4	Q9NZD4
Q9NZD4	Q9CY02
Q8N268	Q8N268
Q8IVV8	Q8IVV8
Q8IVV8	Q8N8D7
Q8IVV8	Q3URJ8
Q8IVV8	Q9JMG4
Q8IVV8	Q4KMZ8
Q8IVV8	Q9D035
Q8IVV8	Q5VXU1
Q8IVV8	Q4PNJ2
Q6ZVU0	Q6ZVU0
Q4G0G5	Q4G0G5
Q6ZS46	Q6ZS46
Q75L30	Q75L30
A0PJW6	A0PJW6
A0PJW6	Q9CQE2
P0C864	P0C864
A4IF30	A4IF30
A4IF30	Q8BZK4
A4IF30	Q8IY50-2
A4IF30	Q1LZI2
A4IF30	Q8IY50
Q7Z6I5	Q7Z6I5
G3V9S2	G3V9S2
G3V9S2	Q8JZZ6
G3V9S2	Q9Y4X0
G3V9S2	Q9JHT5
G3V9S2	D3ZBY1
G3V9S2	Q6DCA0
Q68FT7	Q68FT7
Q68FT7	Q9WUA2
Q68FT7	Q9NSD9
XP_002730288	XP_002730288
XP_002730288	B1AVU4
XP_002730288	P15399
XP_002730288	O08976
XP_002730288	A2AEP0
XP_002730288	A2AEN9
XP_002730288	Q9D3H2
Q9D3V1	Q9D3V1
Q9D3V1	Q96DY2
Q9D3V1	Q5XIR6
NP_001264106	NP_001264106
NP_001264106	P29375
NP_001264106	P29375-2
NP_001264106	Q3UXZ9
NP_001264106	Q9UGL1-2
NP_001264106	NP_001100647
NP_001264106	Q80Y84
NP_001264106	Q9UGL1
NP_001264106	Q62240
NP_001264106	P41229
NP_001264106	XP_038956408
NP_001264106	P41230
NP_001264106	Q9BY66-3
NP_001264106	Q9BY66
XP_987269	XP_987269
Q6XPS7	Q6XPS7
Q3UWV0	Q3UWV0
P04937	P04937
P04937	P11276
P04937	P02751
P04937	P02751-7
P04937	P02751-1
P04937	P02751-13
P04937	P02751-10
P04937	P02751-5
P04937	Q3UW26
P04937	Q075Z2
Q5NC83	Q5NC83
Q5NC83	A4D263
D3ZCQ7	D3ZCQ7
D3ZCQ7	Q9NP64
D3ZCQ7	Q9ESX4
B1H223	B1H223
B1H223	O35075
B1H223	O14972
Q5XI74	Q5XI74
Q5XI74	Q7L9B9
Q5XI74	Q3TGW2
Q6P6X2	Q6P6X2
Q6P6X2	Q8BS30
Q6P6X2	F2Z472
Q6P6X2	Q8BZH8
O35567	O35567
O35567	Q9CWJ9
O35567	P31939
Q6XQN1	Q6XQN1
Q6XQN1	Q8CC86
Q6XQN1	Q6XQN6
D3ZBB3	D3ZBB3
D3ZBB3	Q9BQJ4
D3ZBB3	Q9JJG6
D3ZBB3	Q96FX8
D3ZBB3	Q9JK95
Q8NCU8-1	Q8NCU8-1
Q8NCU8-1	Q8NCU8
D4A9K0	D4A9K0
D4A9K0	Q14CG6
B9A014	B9A014
B9A014	Q8CDS7
B2GV97	B2GV97
B2GV97	Q9HD40
B2GV97	Q6P6M7
M0RBW5	M0RBW5
M0RBW5	Q8BI79
M0RBW5	Q4G0X9
Q96FB5	Q96FB5
Q96FB5	Q8BZG5
Q96FB5	Q6AYG0
Q6JEL3	Q6JEL3
Q6JEL3	Q6JEL2
Q6JEL3	Q9D5V2
Q68A65	Q68A65
Q68A65	Q8BHW6
Q68A65	Q7Z572
Q92609-2	Q92609-2
Q92609-2	Q80XQ2
Q92609-2	Q92609
Q92609-2	F1M9Q1
P62752	P62752
P62752	P62751
P62752	XP_357734
P62752	P62750
P62752	XP_003688879
Q9BZA0	Q9BZA0
Q5RK25	Q5RK25
Q5RK25	B5DF46
Q5RK25	Q9Z2M7
Q5RK25	O15305
Q5RK25	O35621
Q5RK25	Q92871
A6NLX4	A6NLX4
A6NLX4	Q9D2F0
D3ZXK7	D3ZXK7
D3ZXK7	Q5XPI4
D3ZXK7	Q5XPI3
P63174	P63174
P63174	Q9JJI8
P63174	P63173
Q5BJV7	Q5BJV7
Q5BJV7	Q9BYZ6
Q5BJV7	Q91V93
Q5BJV7	O94844
Q5BJV7	Q9DAK3
Q5BJV7	Q9EQT3
Q5BJV7	P60766-1
Q5BJV7	P60953
Q5BJV7	G1SYB4
Q5BJV7	P60953-1
Q5BJV7	Q7L0Q8
Q5BJV7	Q8CFN2
Q5BJV7	P60766
Q5BJV7	Q96L33
Q5BJV7	Q8VDU1
Q5BJV7	Q9Z1Y0
Q5BJV7	Q9H4E5
Q5BJV7	Q9ER71
Q5BJV7	Q9JJL4
Q5BJV7	Q8R527
Q5BJV7	P17081
Q5BJV7	P63000-2
Q5BJV7	P63001
Q5BJV7	Q6RUV5
Q5BJV7	Q5U1Y2
Q5BJV7	Q05144
Q5BJV7	P15153
Q5BJV7	P63000
Q5BJV7	P84095
Q5BJV7	P84096
Q5BJV7	Q32PX6
Q5BJV7	P60763
Q5BJV7	P60764
Q5BJV7	XP_001081814
Q5TKA1-2	Q5TKA1-2
Q5TKA1-2	Q5TKA1
Q5TKA1-2	Q8C735
Q5TKA1-2	M0R885
Q5TKA1-2	Q8IWQ1
P41984	P41984
P41984	P08483
P41984	P20309
P41984	Q9ERZ3
P41984	P32211
P41984	P08173
P41984	P08485
P41984	Q920H4
P41984	P08911
P41984	P08912
P41984	P08482
P41984	P12657
P41984	P11229
P41984	Q9ERZ4
P41984	P08172
P41984	P10980
P41984	Q62758
P41984	Q13639
P41984	P97288
P41984	Q96RJ0
P41984	Q923Y9
P41984	Q923Y8
P41984	Q5QD08
P41984	Q96RI9
P41984	Q5QD04
P41984	Q969N4
P41984	Q5QD13
P41984	Q5QD09
P41984	Q5QD12
P41984	Q923X6
P41984	Q923Y6
P41984	Q923Y5
P41984	Q923Y2
P41984	Q5QD11
P41984	Q96RI8
P41984	Q923X5
P41984	Q923X8
P41984	Q5QD10
P41984	Q5QD06
P41984	Q923Y3
P41984	Q5QD05
P41984	Q923Y0
P41984	Q923X9
P41984	Q5QD07
XP_038948849	XP_038948849
XP_038948849	Q6ZU35
XP_038948849	Q5PR69
P61579	P61579
P61579	Q69383
P61579	P61578
P61579	P61573
P61579	P61575
Q569C9	Q569C9
Q569C9	Q66H74
Q569C9	Q9CRA5
Q569C9	Q9H4A5
Q569C9	Q9H4A6
Q569C9	Q9ERE4
Q569C9	Q8R088
O43747-2	O43747-2
O43747-2	B2RYN6
O43747-2	O43747
O43747-2	P22892
O43747-2	O88512
O43747-2	O75843
O43747-2	XP_002728326
Q8C784	Q8C784
Q8C784	Q8NHV5
M5A8F1	M5A8F1
Q92932-3	Q92932-3
Q92932-3	Q92932-2
Q92932-3	Q92932-4
Q92932-3	Q92932
Q92932-3	P80560
Q92932-3	Q63475
Q92932-3	Q63259
Q92932-3	Q60673
Q92932-3	Q16849
O43561-3	O43561-3
O43561-3	O43561
O43561-3	O43561-4
O43561-3	O43561-2
O43561-3	O54957
O43561-3	O70601
F1MWG7	F1MWG7
F1MWG7	F1M5H6
F1MWG7	Q13625-3
F1MWG7	Q13625
F1MWG7	Q8CG79
F1MWG7	Q96KQ4
F1MWG7	Q62415
F1MWG7	D4A6A8
Q3SZL8	Q3SZL8
Q3SZL8	Q8BSP2
Q3SZL8	Q6IBW4-5
Q3SZL8	Q4V8I2
Q3SZL8	Q6IBW4-2
Q3SZL8	Q6IBW4-4
Q3SZL8	Q6IBW4
E1BKZ5	E1BKZ5
E1BKZ5	Q14789
E1BKZ5	Q14789-2
E1BKZ5	Q14789-4
E1BKZ5	B2RWW2
E1BKZ5	Q63714
P0DP71	P0DP71
P0DP71	A0A1B0GTK5
P0DP71	A0A1B0GV22
P0DP71	A0A1B0GUQ0
Q9C0C7-5	Q9C0C7-5
Q9C0C7-5	Q9C0C7
Q9C0C7-5	XP_001073596
Q9C0C7-5	Q9C0C7-2
Q9C0C7-5	A2AH22
Q24K03	Q24K03
Q24K03	Q9NXG2
Q24K03	Q99J36
Q24K03	Q5M943
A0A0U1RRN3	A0A0U1RRN3
A0A0U1RRN3	Q8C5Y2
O94967-4	O94967-4
O94967-4	O94967-2
O94967-4	Q8CGF6
O94967-4	O94967
O94967-4	G3V9M3
Q9ULC8-3	Q9ULC8-3
Q9ULC8-3	Q9ULC8
Q9ULC8-3	Q2THW7
Q9ULC8-3	Q8VDZ4
Q9ULC8-3	Q9C0B5
Q9ULC8-3	Q9C0B5-2
Q9ULC8-3	Q8BQQ1
Q9ULC8-3	P59268
Q9ULC8-3	Q8IZN3
Q9ULC8-3	Q9Y397
Q9ULC8-3	Q2TGJ5
Q9ULC8-3	Q9NUE0
Q9ULC8-3	Q2TGJ1
Q9ULC8-3	Q5Y5T2
Q9ULC8-3	Q5Y5T5
Q9ULC8-3	Q2THW6
Q9ULC8-3	Q810M5
Q9ULC8-3	Q8WVZ1
Q9ULC8-3	Q5Y5T1
Q9ULC8-3	Q5W0Z9-3
Q9ULC8-3	Q5W0Z9
Q9ULC8-3	Q2TGI6
Q9ULC8-3	Q9UIJ5
Q9ULC8-3	Q9JKR5
Q9ULC8-3	P59267
Q9ULC8-3	Q96MV8
Q9ULC8-3	Q8BGJ0
Q9ULC8-3	Q2TGJ4
Q9P283-4	Q9P283-4
Q9P283-4	Q9P283
Q9P283-4	Q60519
Q9P283-4	Q62217
Q9P283-4	D3ZTD8
Q9P283-4	Q13591
Q9P283-4	F7F3I7
Q9P283-4	Q62178
Q9P283-4	Q9H3S1
Q9P283-4	Q13275
Q9P283-4	O88632
Q9P283-4	XP_231381
Q9P283-4	Q62181
Q9P283-4	Q99985
Q9P283-4	Q8BH34
Q9P283-4	O95025
Q9P283-4	Q9NS98
Q9P283-4	Q4LFA9
Q9P283-4	O08665
Q9P283-4	Q14563
Q9P283-4	Q63548
Q9P283-4	D3Z8E2
Q9P283-4	P70275
Q9P283-4	O15041
Q9P283-4	Q92854
Q9P283-4	Q92854-2
Q9P283-4	O09126
Q9P283-4	NP_001164034
Q9P283-4	J3KNP4
Q9P283-4	Q62179
Q9P283-4	NP_001163933
Q9P283-4	Q9NPR2
Q9P283-4	Q9NTN9
Q9P283-4	Q9WUH7
Q9P283-4	D4A6G2
Q9P283-4	Q9Z123
Q9P283-4	Q9Z143
Q9P283-4	O95754
Q5BK49	Q5BK49
Q5BK49	Q3U0X8
Q5BK49	P40200
P80430	P80430
Q4KLK8	Q4KLK8
Q4KLK8	Q5TGL8
Q4KLK8	Q8JZU6
A0A5F9ZHS7	A0A5F9ZHS7
P24388	P24388
P24388	P24387
P24388	Q60571
Q6IE08	Q6IE08
Q6IE08	Q6P531
Q6IE08	Q6PDE7
Q5U3Y9	Q5U3Y9
Q5U3Y9	A2RU14
Q5U3Y9	Q9CQ44
D4ACN8	D4ACN8
D4ACN8	Q9D3P8
D4ACN8	Q9HBL7
P27986-4	P27986-4
P27986-4	P27986-2
P27986-4	Q63787
P27986-4	P26450
P27986-4	P27986
P27986-4	Q63789
P27986-4	P23727
P27986-4	Q64143
P27986-4	Q92569
P27986-4	F6TDL0
P27986-4	Q92569-2
P27986-4	A0A087WWA1
P27986-4	O00459
P27986-4	Q63788
P27986-4	O08908
O00422-2	O00422-2
O00422-2	O00422
O00422-2	O55128
O00422-2	G3V7F6
O15173-2	O15173-2
O15173-2	Q5XIU9
O15173-2	Q80UU9
O15173-2	O15173
O15173-2	Q95250
O15173-2	O00264
O15173-2	O55022
O15173-2	P70580
Q8WXE9-3	Q8WXE9-3
Q8WXE9-3	Q8BZ60
Q8WXE9-3	Q8WXE9
Q8WXE9-3	D4AB66
Q5VTY9-3	Q5VTY9-3
Q5VTY9-3	Q5VTY9
Q5VTY9-3	Q8BMT9
Q969Y2-2	Q969Y2-2
Q969Y2-2	Q969Y2
Q969Y2-2	Q923K4
Q969Y2-2	Q5PQQ1
Q96B96-2	Q96B96-2
Q96B96-2	Q6UK00
Q96B96-2	Q96B96
Q96B96-2	Q922Z1
O00322-2	O00322-2
O00322-2	O00322
O00322-2	Q9D132
O00322-2	O75841
O00322-2	Q9Z2C6
O00322-2	Q566D0
O15117-3	O15117-3
O15117-3	O15117-2
O15117-3	O15117
O15117-3	D3ZIE4
O15117-3	O35601
Q5TDH0-3	Q5TDH0-3
Q5TDH0-3	Q4V8J5
Q5TDH0-3	A2ADY9
Q5TDH0-3	Q8WTU0
Q5TDH0-3	Q9DAF3
Q5TDH0-3	A0JPP7
Q5TDH0-3	Q5TDH0
Q5TDH0-3	Q5TDH0-2
Q4VXF1	Q4VXF1
Q4VXF1	Q5RGS3
Q4VXF1	A6NL05
Q4VXF1	Q5TZK3
P78381-4	P78381-4
P78381-4	NP_001121114
P78381-4	P78381
P78381-4	Q9R0M8
P78381-4	P78381-2
P78381-4	P78381-3
P78381-4	Q9Y2D2-2
P78381-4	Q6AXR5
P78381-4	Q8R1T4
P78381-4	Q9Y2D2
P78381-4	P78382
P78381-4	Q61420
P78381-4	A0A0G2JZH4
P78381-4	Q96G79
P78381-4	Q9D321
P78381-4	Q91ZR7
D4A067	D4A067
D4A067	Q8VDP2
D4A067	Q9H5V9
B2RZ20	B2RZ20
B2RZ20	O43805
B2RZ20	Q9JJ94
D3ZS02	D3ZS02
D3ZS02	Q9JIY2
D3ZS02	Q75N03
D3ZS02	Q8N7E2
Q9H8V3-3	Q9H8V3-3
Q9H8V3-3	D3ZUD0
Q9H8V3-3	Q9H8V3-2
Q9H8V3-3	Q9H8V3
Q9H8V3-3	Q07139
G3V9T7	G3V9T7
G3V9T7	O54984
G3V9T7	O43681
B0BNA3	B0BNA3
B0BNA3	Q5T160
B0BNA3	Q3U186
B0BNA3	P40329
B0BNA3	P54136-2
B0BNA3	Q9D0I9
B0BNA3	P54136
Q499P4	Q499P4
Q499P4	Q9QXK7
Q499P4	Q9UKF6
Q499P4	Q5TA45-5
Q499P4	Q9CWS4
Q499P4	Q5TA45
Q499P4	Q3MHC2
Q66H09	Q66H09
Q66H09	Q99614
Q66H09	Q91Z38
F1M6B3	F1M6B3
F1M6B3	Q8N5I9
F1M6B3	Q9CX66
D3Z813	D3Z813
D3Z813	Q3USY0
D3Z813	Q08AI6
Q66H95	Q66H95
Q66H95	Q96SL1
Q66H95	Q8BFQ6
Q5PPI4	Q5PPI4
Q5PPI4	Q9UJQ1
Q5PPI4	Q9D387
Q5PR00	Q5PR00
Q5PR00	Q8N4W6
Q5PR00	Q8CHS2
Q8R2H1	Q8R2H1
Q8R2H1	Q9UBC1-2
Q8R2H1	Q9UBC1-3
Q8R2H1	O88995
Q8R2H1	Q9UBC1
B2GV91	B2GV91
B2GV91	Q9NU23
B2GV91	Q8R033
Q5BJU6	Q5BJU6
Q5BJU6	O60519
Q5BJU6	Q32M00
Q9JL55	Q9JL55
Q9JL55	Q9NZC3
Q9JL55	Q9JL56
A0A087WSZ9	A0A087WSZ9
A0A087WSZ9	A0A0B4J248
A0A087WSZ9	A0A0B4J238
Q67ES7	Q67ES7
Q67ES7	Q7TQB0
Q67ES7	Q9JKU0
Q67ES7	P59529
Q67ES7	Q9NYV7
Q67ES7	Q67ES3
Q67ES7	Q7TQB9
Q67ES7	Q67ES2
Q67ES7	P59551
Q67ES7	Q7TQA9
Q67ES7	Q9JKE7
Q67ES7	P59532
Q67ES7	P59536
XP_017454945	XP_017454945
XP_017454945	Q9DBR4
XP_017454945	Q9DBR4-2
XP_017454945	Q92870-4
XP_017454945	Q92870-3
XP_017454945	O35827
XP_017454945	O95704-2
XP_017454945	Q8R1C9
XP_017454945	O95704
XP_017454945	P46933
XP_017454945	Q9QXJ1
XP_017454945	O00213
XP_017454945	Q92870
XP_017454945	Q92870-2
XP_017454945	O00213-2
F1LXS6	F1LXS6
F1LXS6	Q7TMY4
F1LXS6	Q6I9Y2
NP_001101276	NP_001101276
NP_001101276	Q8NDH3
NP_001101276	Q6NSR8
NP_001101276	Q9CPY7
NP_001101276	XP_001054025
NP_001101276	P28838
NP_001101276	P00727
NP_001101276	Q68FS4
A0A1W2PQ64	A0A1W2PQ64
A0A1W2PQ64	A0A1W2PR75
A0A1W2PQ64	A0A1W2PQ27
A0A1W2PQ64	A0A1W2PQJ5
A0A1W2PQ64	A0A1W2PQC6
A0A1W2PQ64	A0A1W2PQD8
A0A1W2PQ64	Q4KLK9
A0A1W2PQ64	Q9CY97
A0A1W2PQ64	Q9NP77
P22570-3	P22570-3
P22570-3	Q61578
P22570-3	P22570
P22570-3	P22570-7
P22570-3	P08165
P22570-3	P56522
P0DTL4	P0DTL4
Q9P2K8	Q9P2K8
Q9P2K8	Q9QZ05
Q9P2K8	D4A7V9
Q9P2K8	Q9BQI3
Q9P2K8	Q63185
Q9P2K8	Q9Z2R9
Q9Z1X4	Q9Z1X4
Q9Z1X4	Q12906
Q9Z1X4	Q12906-4
Q9Z1X4	Q12906-5
Q9Z1X4	Q9JIL3
Q9Z1X4	Q12906-7
Q9Z1X4	Q12906-2
Q9Z1X4	Q91WM1
Q9Z1X4	Q9JKU6
Q9Z1X4	Q96SI9
Q6UN15	Q6UN15
Q6UN15	Q6UN15-3
Q6UN15	Q6UN15-4
Q6UN15	Q6UN15-5
Q6UN15	Q5U317
Q6UN15	Q9D824
Q8BLH7	Q8BLH7
Q8BLH7	E9PSX7
Q8BLH7	Q9BW71
Q9BV44	Q9BV44
Q9BV44	P97770
Q9BV44	D3ZSV7
Q3U9G9	Q3U9G9
Q3U9G9	O08984
Q3U9G9	Q14739
Q3U9G9	O76062
Q3U9G9	Q71KT5
Q3U9G9	Q5BK21
Q3U9G9	G1N806
Q3U9G9	Q9UBM7
Q3U9G9	Q9Z2Z8
Q3U9G9	O88455
Q9Z0F8	Q9Z0F8
Q9Z0F8	P78536
Q9Z0F8	Q9Z1K9
O55135	O55135
O55135	P56537
O55135	Q3KRD8
O55135	P56537-2
Q12929	Q12929
Q12929	Q08509
Q12929	F1M3L7
Q12929	Q99K30
Q12929	F7DLY1
Q12929	Q9H6S3
Q12929	Q8TE68
Q12929	Q8TE68-3
Q12929	Q8R5F8
Q12929	Q8TE68-2
Q12929	D3ZDV2
Q9H330	Q9H330
Q9H330	D3ZXD8
Q9H330	B1AZA5
Q8R3G1	Q8R3G1
Q8R3G1	Q12972
Q8R3G1	B1WC70
Q8R3G1	Q28147
Q6TXD4	Q6TXD4
Q6TXD4	Q6XZF7-2
Q6TXD4	Q6XZF7
Q6TXD4	M0R4F8
Q6TXD4	Q9NXL2
Q6TXD4	Q80VK6
Q14676	Q14676
Q14676	Q14676-2
Q14676	Q5U2M8
Q14676	E1BI26
Q14676	Q5PSV9
O70481	O70481
O70481	Q8IWV7
O70481	XP_001080919
O70481	Q6WKZ8
O70481	XP_001061775
O70481	Q8IWV8
Q9NU22	Q9NU22
Q9NU22	A2ANY6
Q9NU22	A0A0G2K9L9
Q3UPF5	Q3UPF5
Q3UPF5	Q7Z2W4
Q3UPF5	Q7Z2W4-2
Q3UPF5	Q7Z2W4-3
Q3UPF5	Q8K3Y6
Q3UPF5	Q96H79
Q3UPF5	D3ZIC9
Q3UPF5	Q8BFR1
Q8IX12	Q8IX12
Q8IX12	Q8IX12-2
Q8IX12	Q8CH18
Q8IX12	D4A2P1
Q8IX12	Q8N163-2
Q8IX12	Q8N163
Q8IX12	Q8VDP4
Q8IX12	F1LM55
P34913	P34913
P34913	P80299
P34913	P34914
P34913	Q8IUS5
P34913	Q6IE26
P26640	P26640
P26640	Q9Z1Q9
P26640	Q04462
P26640	P26641-2
P26640	Q9D8N0
P26640	P26641
P26640	Q68FR6
P26640	Q5ST30-4
P26640	Q5ST30
P26640	Q6MG21
P26640	Q3U2A8
Q8VIJ8	Q8VIJ8
Q8VIJ8	Q499Q8
Q8VIJ8	Q12980
O75132	O75132
O75132	Q80WQ9
O75132	D3ZUV0
O75132	NP_001128272
Q8N511	Q8N511
Q8N511	Q5SYH2
Q8N511	Q5BK13
Q6IPU0	Q6IPU0
Q6IPU0	Q9CZ92
Q6IPU0	A0A1W2Q6F6
Q8R3Z5-2	Q8R3Z5-2
Q8R3Z5-2	P19517
Q8R3Z5-2	A2A542
Q8R3Z5-2	Q02641-2
Q8R3Z5-2	O00305
Q8R3Z5-2	D4A055
Q8R3Z5-2	Q8R0S4
Q8R3Z5-2	O00305-3
Q8R3Z5-2	Q08289
Q8R3Z5-2	Q08289-3
Q8R3Z5-2	Q8CC27
Q8R3Z5-2	Q8VGC3
Q8R3Z5-2	Q08289-6
Q8R3Z5-2	Q08289-2
Q8R3Z5-2	P54288
Q8R3Z5-2	Q8VGC3-2
Q8R3Z5-2	Q08289-8
Q8R3Z5-2	P54285
Q8R3Z5-2	P54284
Q8R3Z5-2	P54287
Q8R3Z5-2	D3Z3Z3
Q8R3Z5-2	P54283
Q8R3Z5-2	Q8R3Z5
Q8R3Z5-2	Q02641
O00763	O00763
O00763	E9Q4Z2
O00763	Q13085-4
O00763	P11497
O00763	Q5SWU9
O00763	Q13085
O00763	Q13085-2
O00763	P11497-2
O00763	Q5SWU9-2
O00763	O70151
Q6PB44	Q6PB44
Q6PB44	O88902
Q6PB44	Q9H3S7
Q8N142-2	Q8N142-2
Q8N142-2	M0R629
Q8N142-2	P46664
Q8N142-2	D4AEP0
Q8N142-2	P30520
Q8N142-2	P28650
Q8N142-2	Q8N142
Q8BXR1	Q8BXR1
Q8BXR1	Q8TBB6
Q8BXR1	D3ZSU3
Q8BXR1	P52569-3
Q8BXR1	P18581
Q8BXR1	P52569
Q8BXR1	B5D5N9
Q8BXR1	P52569-2
Q8BXR1	E1B968
Q8BXR1	Q8WY07
Q8BXR1	Q8BLQ7
Q8BXR1	O43246
Q8BXR1	Q0PDJ1
Q8BXR1	P70423
Q8BXR1	O08812
Q8BXR1	P30825
Q8BXR1	P30823
Q8BXR1	Q09143
P61927	P61927
P61927	Q9D823
P61927	P61928
Q8BQU7	Q8BQU7
Q8BQU7	Q96NL1
Q6ZU96	Q6ZU96
P09681	P09681
P09681	P48756
P09681	Q06145
Q3SXM5	Q3SXM5
Q3SXM5	Q8BTX9
Q3SXM5	Q4V8B7
Q3SXM5	Q6P7R8
Q3SXM5	Q53GQ0
Q3SXM5	O70503
Q3SXM5	P37058
Q3SXM5	O54939
Q3SXM5	P70385
Q13278	Q13278
Q6DFY8	Q6DFY8
Q6DFY8	Q8K1M7
Q6DFY8	Q8K1M8
Q6DFY8	Q9C0B6
Q6DFY8	Q76B58
Q6DFY8	Q499E0
Q6DFY8	O60477
Q6DFY8	Q920P3
Q6DFY8	Q925T8
Q8CIM5	Q8CIM5
Q8CIM5	Q9NQS5
G3UW55	G3UW55
G3UW55	A0A0U1RRK4
Q80WB5	Q80WB5
Q80WB5	Q96HA8
Q80WB5	Q5BJV9
Q68D42	Q68D42
Q68D42	A7E1Z1
A2AEY4	A2AEY4
A2AEY4	Q8IWC1
A2AEY4	Q8IWC1-3
A2AEY4	Q8IWC1-4
Q6PAC3	Q6PAC3
Q6PAC3	Q9NV06-2
Q6PAC3	Q9NV06
Q6PAC3	F1M7P1
Q96MZ4	Q96MZ4
Q9NNX1	Q9NNX1
Q9NNX1	O08970
Q9NNX1	A0A0G2JZ65
A4D1F6	A4D1F6
A4D1F6	Q8C0R9
A4D1F6	D4AD14
Q9UGT4	Q9UGT4
Q9UGT4	Q9DBX3
Q9UGT4	D3ZEV8
Q9Z2M6	Q9Z2M6
Q9Z2M6	O95164
Q9Z2M6	Q5BJT2
Q2M3A8	Q2M3A8
Q8VHA6	Q8VHA6
Q8VHA6	Q6ZVZ8
Q8VHA6	Q8WXI3
Q8VHA6	Q91ZT7
Q8VHA6	Q96NS5
Q8VHA6	Q8VHS5
Q8VHA6	Q6J757
Q8VHA6	Q9WV71
Q8VHA6	Q9Y574
Q8VHA6	Q9Y574-2
P60007	P60007
P60007	P60006
P60007	D3ZQX4
Q8N0U8	Q8N0U8
Q8N0U8	Q6TEK5
Q8N0U8	Q6TEK3
Q8N0U8	Q9BQB6
Q8N0U8	Q6TEK4
Q8N0U8	Q9CRC0
Q494R4	Q494R4
Q494R4	P0C7Q1
Q494R4	Q5FVL4
Q8N2X6	Q8N2X6
Q6PIY5	Q6PIY5
Q6PIY5	Q3V0P4
Q9Y6G5	Q9Y6G5
Q9Y6G5	Q8JZY2
Q9Y6G5	Q68FS9
Q6ZS62	Q6ZS62
Q3TKZ2	Q3TKZ2
A5HKJ3	A5HKJ3
A5HKJ3	Q9Y244
A5HKJ3	Q9CQT5
Q8NBR9	Q8NBR9
Q8WZA8	Q8WZA8
Q6ZRN7	Q6ZRN7
A6NLE4	A6NLE4
A6NLE4	D4A0X0
A6NLE4	Q9DAL0
P0C5K6	P0C5K6
Q6ZST2	Q6ZST2
Q3SXP7	Q3SXP7
Q3SXP7	Q0VBP7
C9JL84	C9JL84
C9JL84	Q3TYV2
Q7LFL8	Q7LFL8
Q7LFL8	Q91WA4
Q7LFL8	Q5XIQ3
Q7LFL8	Q9H2H0
Q7LFL8	Q9EQC9
Q7LFL8	Q6NXI8
A6NGZ8	A6NGZ8
Q9BWV2	Q9BWV2
Q9BWV2	Q9D9R3
Q9BWV2	D3ZFQ7
Q8K4N2	Q8K4N2
Q8K4N2	Q8K4N2-2
Q8K4N2	Q8VBV2
P07988	P07988
P07988	P50405
P07988	P22355
Q4QY38	Q4QY38
P11915	P11915
P11915	P32020
P11915	P22307
P11915	P22307-4
P11915	P22307-2
P25093	P25093
P25093	P35505
P25093	P16930
D3ZBX7	D3ZBX7
D3ZBX7	Q8N0Z9
D3ZBX7	D3YX43
Q14156	Q14156
Q14156	D4ADS9
Q14156	Q8BG67
Q14156	Q6ZQ18
Q14156	Q9Y2G0
Q14156	F1LTW9
P15105	P15105
P15105	P15104
P15105	P09606
Q6NW34	Q6NW34
Q6NW34	Q8R2U2
Q6NW34	Q5I0D2
A0JN27	A0JN27
A0JN27	Q13888
A0JN27	Q9JIB4
A0JN27	Q6P1K8
Q6ZMY3	Q6ZMY3
Q6ZMY3	Q6ZMY3-2
Q6ZMY3	B1ASB6
Q99LG4	Q99LG4
Q99LG4	Q8N0Z6
Q99LG4	Q5BK48
Q8CG72	Q8CG72
Q8CG72	Q9NX46
Q8CG72	B0K017
Q15257	Q15257
Q15257	P58389
Q15257	Q15257-2
Q15257	B2RYQ2
Q9P2G4	Q9P2G4
Q9P2G4	Q8BJS7
Q9P2G4	D3ZAP3
Q8R322	Q8R322
Q8R322	Q4KLN4
Q8R322	Q53GS7
Q8R322	Q53GS7-2
O95801	O95801
O95801	Q8R3H9
O95801	NP_001381972
Q64514	Q64514
Q64514	P29144
Q64514	Q64514-2
Q64514	Q64560
Q8BX09	Q8BX09
Q8BX09	Q15291
Q8BX09	D3ZC01
Q8BX09	Q15291-2
Q9UHK0	Q9UHK0
Q9UHK0	Q641W3
Q9UHK0	Q9QXX8
Q3UV71	Q3UV71
Q3UV71	Q8IUR5
Q3UV71	NP_001164648
Q3UV71	Q56A06
Q3UV71	Q8N394
Q3UV71	Q5T4D3-3
Q3UV71	Q5T4D3
Q3UV71	Q8BG19
Q3UV71	F1MAQ6
Q3UV71	Q8BRH0
Q3UV71	Q6ZXV5
Q3UV71	XP_235093
Q92833	Q92833
Q92833	Q62315
Q92833	M0RBV7
Q92833	Q92833-2
Q92833	Q92833-3
Q06203	Q06203
Q06203	P35433
Q06203	Q8CIH9
Q80XC2	Q80XC2
Q80XC2	Q96FX7
Q80XC2	Q6AY46
Q9D892	Q9D892
Q9D892	Q9BY32
Q9D892	D3ZW55
Q9D892	Q9BY32-2
Q8BNN1	Q8BNN1
Q8BNN1	Q8IUW3
Q8BNN1	NP_001102603
P07998	P07998
P07998	Q9JJH1
P07998	O55004
P07998	P34096
P07998	P00684
P07998	Q8VD89
P07998	Q8VD88
P07998	Q9D244
P07998	Q5GAL8
P07998	P00683
P07998	Q9H1E1
P07998	Q8TDE3
P07998	Q93091
Q9C0B9	Q9C0B9
Q9C0B9	Q498S6
Q9C0B9	Q69ZB8
Q8TDX9	Q8TDX9
Q8TDX9	Q8R526
Q9Y3D3	Q9Y3D3
Q9Y3D3	D4A7X1
Q9Y3D3	P82915
Q9Y3D3	Q9CPX7
O95210	O95210
O95210	Q8C7E7
O95210	Q5FVN1
Q53FA7	Q53FA7
Q4QR73	Q4QR73
Q4QR73	P31689
Q4QR73	Q9JMC3
Q4QR73	Q8WW22
Q4QR73	Q8WW22-2
Q4QR73	P63036
Q4QR73	P63037
Q4QR73	Q5XIP0
Q4QR73	Q9D832
Q4QR73	Q9UDY4
Q4QR73	Q9QYJ0
Q4QR73	O60884
Q4QR73	O35824
Q4QR73	O75953-5
Q4QR73	O75953
Q4QR73	D3ZB76
Q4QR73	A2AG30
Q4QR73	O89114
Q4QR73	D3ZUU5
Q4QR73	P25685
Q4QR73	Q9QYJ3
Q4QR73	Q9QYI7
Q4QR73	Q8WWF6
Q4QR73	Q6P3W2
Q4QR73	Q91ZF0
Q4QR73	F1M2S2
Q4QR73	Q6TUG0
Q4QR73	Q99KV1
Q4QR73	Q9UBS4
Q4QR73	Q99M87
Q4QR73	Q96EY1-2
Q4QR73	Q2TVU3
Q4QR73	Q96EY1
Q5SVD0	Q5SVD0
Q5SVD0	Q8N5W9
Q5SVD0	Q6AXS9
Q5SVD0	Q6ZTI6
Q5SVD0	Q7TS73
A2AM29	A2AM29
A2AM29	P42568
A2AM29	O88760
A2AM29	Q9EPX7
A2AM29	M0R462
A2AM29	Q03111
Q9Y2Q3	Q9Y2Q3
Q9Y2Q3	P24473
Q9Y2Q3	Q9DCM2
Q80ZK9	Q80ZK9
Q80ZK9	Q8N5D0
Q80ZK9	NP_001101378
XP_576015	XP_576015
XP_576015	E9Q4T4
XP_576015	Q8N9Z2
Q3TWF6	Q3TWF6
Q3TWF6	Q9NW82
Q3TWF6	B3KTI7
Q3TWF6	Q5EB92
Q8R1F6	Q8R1F6
Q8R1F6	F6QK33
Q8R1F6	Q8IV36
Q8R1F6	D4A0C3
Q8R1F6	Q8IV36-2
P61963	P61963
P61963	P61962
P61963	B2RZ68
Q8BJ71	Q8BJ71
Q8BJ71	Q8N1F7
Q8BJ71	Q66HC5
Q8BJ71	Q8N1F7-2
Q8C080	Q8C080
Q8C080	P57768-2
Q8C080	P57768
Q8C080	P57769
Q80SY4	Q80SY4
Q80SY4	Q86YT6
Q80SY4	D3ZUV2
Q80SY4	Q8R516
Q80SY4	Q68LP1
Q80SY4	Q8R516-2
Q80SY4	Q96AX9
Q80SY4	Q96AX9-3
Q80SY4	Q96AX9-4
Q80SY4	Q96AX9-10
Q80SY4	XP_010811742
Q8R0A0	Q8R0A0
Q8R0A0	P13984
Q8R0A0	Q01750
Q9JI44	Q9JI44
Q9JI44	Q568Y6
Q9JI44	Q9NPF5
O00116	O00116
O00116	Q8C0I1
O00116	Q9EQR2
Q9H4I2	Q9H4I2
Q9H4I2	Q9Y6X8
Q9H4I2	Q80VX4
Q9H4I2	Q8C0C0
Q9H4I2	Q80Z36
Q9H4I2	Q8C0Q2
Q9H4I2	P70121
Q9H4I2	Q8R515
Q9H4I2	Q9UKY1
Q9EPJ0	Q9EPJ0
Q9EPJ0	Q80XU3
Q9EPJ0	Q9H1E3
Q9EPJ0	Q29S11
O95816	O95816
O95816	Q91YN9
O95816	B0BN74
Q62241	Q62241
Q62241	P09234
Q62241	D3ZCL3
Q9QY02	Q9QY02
Q9QY02	E9Q5K9
Q9QY02	Q96MU7
Q9QY02	Q96MU7-2
Q8N111	Q8N111
Q8N111	Q9JKC6
Q8N111	Q5FVI4
Q9BZZ2	Q9BZZ2
Q9BZZ2	Q62230
Q9BZZ2	D3ZVM6
O60725	O60725
O60725	Q9EQK7
O60725	Q9WVM4
Q8R054	Q8R054
Q8R054	O60687
Q8R054	B5DF94
Q8R054	Q63769
Q8R054	P78539
Q8R054	Q9R0M3
Q9H2K0	Q9H2K0
Q9H2K0	Q9CZD5
Q9H2K0	B0BNE9
Q6UXK2	Q6UXK2
Q6UXK2	Q5RKR3
Q6UXK2	XP_001074678
Q6UXK2	O14498
Q6UXK2	Q6GU68
Q9P0U1	Q9P0U1
Q9P0U1	Q9D173
Q9P0U1	D3ZMR1
Q9Y5M8	Q9Y5M8
Q9Y5M8	P47758
Q9Y5M8	Q4FZX7
Q6P6B1	Q6P6B1
Q6P6B1	Q8K0S2
O00628	O00628
O00628	P97865
O00628	Q498S5
Q9Y366	Q9Y366
Q9Y366	Q62559
Q9Y366	NP_001295318
Q6ZS10	Q6ZS10
Q6ZS10	Q8BNX1
Q6ZS10	Q9NZS2
Q6ZS10	D3W0D1
Q6ZS10	Q6UXS0
Q3TXS7	Q3TXS7
Q3TXS7	Q99460-2
Q3TXS7	Q99460
Q3TXS7	O88761
Q7RTU5	Q7RTU5
Q7RTU5	M0QWB7
Q7RTU5	XP_344145
Q7RTU5	Q9NQ33
Q7RTU5	Q9JJR7
Q7RTU5	Q6XD76
Q7RTU5	D3ZS54
Q7RTU5	M0QW46
Q7RTU5	O35885
Q7RTU5	P19360
Q7RTU5	Q99929
Q7RTU5	P50553
Q7RTU5	P19359
Q7RTU5	Q02067
P53609	P53609
P53609	Q8BUY9
P53609	P53610
P53609	P53612
P53609	P53611
P53609	Q08603
O09172	O09172
O09172	P48507
O09172	P48507-2
O09172	P48508
P61278	P61278
P61278	P60041
P61278	P60042
Q9D486	Q9D486
Q9D486	Q8IY22-2
Q9D486	F1M8D3
Q9D486	Q8IY22
Q9BRT3	Q9BRT3
Q9BRT3	Q9CQ86
Q9BRT3	D3ZSU7
Q8CBB9	Q8CBB9
Q8CBB9	O70600
Q8CBB9	Q8WXG1
Q5T1S8	Q5T1S8
Q5T1S8	F1M2Z5
Q5T1S8	Q99JS0
Q717R9	Q717R9
Q717R9	Q8R4T1
Q717R9	D3ZCZ3
Q8N4K4	Q8N4K4
Q8N4K4	Q3URD2
Q8N4K4	Q5BJN9
Q8N4K4	Q9JJ72
Q8N4K4	Q9NS64
Q9BTD1	Q9BTD1
A8MTL9	A8MTL9
Q9Y6Y9	Q9Y6Y9
Q9Y6Y9	Q9JHF9
Q5T0J7	Q5T0J7
Q5T0J7	Q14BK3
Q96AY3	Q96AY3
Q96AY3	Q61576
Q96AY3	Q5U2V1
Q96AY3	Q9Z247
Q96AY3	Q75LS8
Q96AY3	Q66H94
Q96AY3	O95302
Q96AY3	Q9Y680
Q96AY3	O54998
Q96AY3	D3Z9M5
Q96AY3	P26885
Q96AY3	P45878
Q96AY3	D3ZZR9
Q96AY3	Q62658
Q96AY3	Q9Z2I2
Q96AY3	P68106
Q96AY3	P97534
Q96AY3	Q5VVH2
Q96AY3	P62942
Q96AY3	P26883
Q96AY3	P59024
Q96AY3	Q9NWM8
Q96AY3	Q5XID8
Q96AY3	Q9NYL4
Q96AY3	Q9D1M7
Q96AY3	G3V7V5
P97930	P97930
P97930	D3ZUJ5
P97930	P23919
Q86UA1	Q86UA1
Q86UA1	Q8K2Z2
Q86UA1	D4A5S9
A0A183	A0A183
Q0VAA2	Q0VAA2
Q0VAA2	F6QBN8
Q0VAA2	A0JPI9
Q0VAA2	Q6ZQY2
Q0VAA2	Q14BP6
Q9H3L0	Q9H3L0
Q9H3L0	Q99LS1
Q9H3L0	Q6AYQ6
P62244	P62244
P62244	P62245
P62244	P62246
Q9D3S9	Q9D3S9
Q9D3S9	Q9H3G5
Q9D3S9	Q4QR71
Q499R1	Q499R1
Q499R1	Q13362
Q499R1	Q60996-3
Q499R1	D4A1A5
Q499R1	Q13362-4
Q499R1	D3ZDI7
Q499R1	Q80W83
Q499R1	Q15173
Q499R1	Q13362-2
Q499R1	Q6PD03
Q499R1	Q13362-5
Q499R1	Q15172
Q499R1	Q16537
Q499R1	Q6ZQK4
Q499R1	Q13362-3
Q499R1	Q61151
Q499R1	Q60996
Q499R1	Q7TNL5
Q499R1	Q14738
Q499R1	Q6PD28
Q499R1	D3ZHI9
B0BND1	B0BND1
B0BND1	Q9NR00
B0BND1	Q9D915
XP_344631	XP_344631
Q5XI20	Q5XI20
Q5XI20	Q8CGA4
Q5XI20	Q8N3F0
Q9JK72	Q9JK72
Q9JK72	Q9WU84
Q9JK72	O14618
Q9JK72	P08228
Q9JK72	P00441
Q9JK72	P07632
Q9JK72	O09164
Q9JK72	P08294
Q9JK72	Q08420
Q9CWG9	Q9CWG9
Q9CWG9	Q6QNY1
Q9CWG9	Q32WR5
A8MUN3	A8MUN3
Q6PHW0-4	Q6PHW0-4
Q6PHW0-4	Q5BK17
Q6PHW0-4	Q6PHW0
Q6PHW0-4	Q9DCX8
Q9D7J6	Q9D7J6
Q9D7J6	Q2QDE7
Q9D7J6	P49184
Q9D7J6	Q92874
Q9D7J6	Q9D1G0
Q9D7J6	O89107
Q9D7J6	O55070
Q9D7J6	Q13609
Q9D7J6	P49183
Q9D7J6	P24855
Q9D7J6	P21704
Q9UQ10	Q9UQ10
Q9UQ10	Q9DBB8
Q9UQ10	Q9TQS6
F1NPG5	F1NPG5
XP_001067880	XP_001067880
P82921	P82921
P82921	P58059
P82921	B2RYT0
Q5M9F0	Q5M9F0
Q5M9F0	Q9H6J7-4
Q5M9F0	Q8BHR8
Q5M9F0	Q9H6J7
XP_001065203	XP_001065203
P62268	P62268
P62268	P62267
P62268	P62266
P62268	O35680
P62268	O15235
P62268	D3ZQX3
Q8CIA9	Q8CIA9
Q8CIA9	Q5SR56
Q8CIA9	Q96MC6
Q8CIA9	P70187
Q8CIA9	Q5VZR4
Q8CIA9	B2RYH9
Q8N5K1	Q8N5K1
Q8N5K1	Q9CQB5
Q8N5K1	D4AAE9
Q8N5K1	Q91WS0
Q8N5K1	Q9NZ45
Q8N5K1	B0K020
Q9DAB5	Q9DAB5
Q9DAB5	Q9D9Z7
Q9DAB5	Q7Z2G1
Q9DAB5	P0C1H6
A0A1B0GUA6	A0A1B0GUA6
Q8N8D9	Q8N8D9
P15328	P15328
P15328	P35846
P15328	P41439
P15328	P14207
P15328	A6ND01
P15328	Q05685
P15328	Q9EQF4
F6XLF1	F6XLF1
F6XLF1	Q9NR99
F6XLF1	Q6WRI0
F6XLF1	Q3V1M1
F6XLF1	Q6WRH9
Q0VC21	Q0VC21
Q0VC21	A0A0G2K9B4
Q0VC21	Q9P015
Q0VC21	Q9CPR5
Q10589	Q10589
Q10589	Q8R2Q8
Q10589	Q811A2
Q96BI1	Q96BI1
Q96BI1	Q78KK3
Q96BI1	Q6AY78
Q14790-9	Q14790-9
Q14790-9	Q14790-4
Q14790-9	Q14790
Q14790-9	Q14790-5
Q14790-9	Q14790-2
Q14790-9	Q14790-6
Q14790-9	Q9JHX4
Q14790-9	O89110
Q14790-9	P55212
Q14790-9	O08738
Q14790-9	O35397
Q14790-9	Q9JHK1
Q14790-9	P55211-3
Q14790-9	P55211-4
Q14790-9	P55211
Q14790-9	Q8C3Q9
Q14790-9	P55211-2
Q14790-9	Q92851-4
Q14790-9	Q92851
Q14790-9	Q92851-2
Q14790-9	O01382
Q14790-9	O02002
Q14790-9	P55213
Q14790-9	P42574
Q14790-9	P70677
Q14790-9	P55210-3
Q14790-9	O88550
Q14790-9	P55210-2
Q14790-9	P97864
Q14790-9	P55210
XP_001475799	XP_001475799
XP_001475799	P62841
XP_001475799	P62843
XP_001475799	P62845
Q9D3S3	Q9D3S3
Q9D3S3	NP_001102996
Q9D3S3	Q8TEQ0
Q9D3S3	Q8TEQ0-2
Q9D3S3	Q8IUI4
Q5SPX3	Q5SPX3
Q5SPX3	Q9Y6U7
Q9H342	Q9H342
Q9H342	Q8VGY4
Q9H342	Q62336
Q96RP3	Q96RP3
Q96RP3	Q91WW1
Q8BFT9	Q8BFT9
Q8BFT9	Q8N4V2
Q8BFT9	Q9Z2I7
Q8BFT9	Q6PDF3
Q8BFT9	Q8N434
Q7TP65	Q7TP65
Q7TP65	Q6P1H6
Q7TP65	Q86XL3
Q6TDU8	Q6TDU8
Q6TDU8	B1H288
Q6TDU8	Q6TDU7
P19467	P19467
P19467	Q9H3R2
P19467	P97881
Q8NDB2	Q8NDB2
Q8NDB2	Q80VH0
Q8NDB2	M0RAD7
Q9NWZ8	Q9NWZ8
Q9NWZ8	Q8BHE1
Q9NWZ8	Q6AY77
Q6VH22	Q6VH22
Q6VH22	Q9JKU3
Q6VH22	Q9UG01
O35385	O35385
O35385	O14830
O35385	O14829
O35385	O14829-3
O35385	O35655
O35385	Q3SWT6
Q14872	Q14872
Q14872	Q07243
Q14872	D3ZBT4
P28908	P28908
P28908	Q60846
P28908	P97525
P54277	P54277
P54277	P54277-4
P54277	Q8K119
P54277	Q6P7D0
Q9H410	Q9H410
Q9H410	Q4V7C0
Q9H410	Q9CYC5
Q8IVY1	Q8IVY1
Q8IVY1	Q9CQM1
Q9CR50	Q9CR50
Q9CR50	Q96PM5
Q9CR50	Q5XIE4
Q13257	Q13257
Q13257	Q9Z1B5
Q13257	D4ACM2
Q9UPN4	Q9UPN4
Q9UPN4	Q9UPN4-2
Q9UPN4	D4AEL8
Q9UPN4	Q62036
O43156	O43156
O43156	D3Z854
O43156	Q91V83
A4Q9E5	A4Q9E5
A4Q9E5	A0A0A6YYG9
A4Q9E5	Q9Y4R7-2
A4Q9E5	J3KQB2
A4Q9E5	Q9Y4R7
A4Q9E5	A6PVC2
A4Q9E5	A4Q9F1
O35435	O35435
O35435	Q02127
O35435	Q63707
Q9H5U6	Q9H5U6
Q9H5U6	D3ZV31
Q9H5U6	Q8BKW4
Q1MSJ5	Q1MSJ5
Q1MSJ5	Q1MSJ5-1
Q1MSJ5	B2RX88
Q1MSJ5	F1LPI1
Q9D0L6	Q9D0L6
Q9D0L6	Q13145
Q9D0L6	Q91XN4
Q9BV73	Q9BV73
Q9BV73	Q9BV73-2
Q9BV73	Q60952
Q9BV73	XP_230784
Q9BV73	Q5TZA2
Q9BV73	Q5TZA2-2
Q9BV73	Q8IVE0
Q9BV73	F1M6Q2
Q9BV73	Q8CJ40
Q9BV73	Q86T23
Q6PDX6	Q6PDX6
Q6PDX6	Q5VTB9
Q6PDX6	XP_017449287
Q9BXL8	Q9BXL8
Q9BXL8	Q9CWM2
P48760	P48760
P48760	Q05932
P48760	NP_001139597
P48760	P48760-4
Q04592	Q04592
Q04592	P41413
Q04592	Q92824
Q04592	P09958
Q04592	P23188
Q04592	P23377
Q04592	P63239
Q04592	P29120
Q04592	P28840
Q04592	P16519
Q04592	P28841
Q04592	P21661
Q04592	Q6UW60
Q04592	P29121
Q04592	Q78EH2
Q04592	Q16549
Q04592	Q62849
Q04592	Q61139
Q04592	P29122-7
Q04592	Q63415
Q04592	Q62030
Q04592	P29122
Q91V12	Q91V12
Q91V12	Q6ZUV0
Q91V12	Q64559-1
Q91V12	O00154-2
Q91V12	O00154
Q91V12	Q64559
Q91V12	Q91V12-2
Q91V12	O00154-4
P62263	P62263
P62263	P13471
P62263	P62264
Q8CHK3	Q8CHK3
Q8CHK3	Q96N66
Q8CHK3	B5DFK0
Q9UBL6	Q9UBL6
Q9UBL6	F1M0Z3
Q9UBL6	Q8BLR2
Q9UBL6	Q96A23
Q9UBL6	Q0VE82
Q9UBL6	H1UBN0
Q9UBL6	Q96A23-2
Q9UBL6	O95741-2
Q9UBL6	Q9Z140
Q9UBL6	O95741
Q9UBL6	D4ACG7
Q9UBL6	Q99829
Q9UBL6	Q8C166
Q9UBL6	D4A1R8
Q9UBL6	D3ZGN2
Q9UBL6	Q5BJS7
Q9UBL6	Q1RLL3
Q9UBL6	Q8IYJ1
Q9UBL6	B5DEX3
Q9UBL6	Q9HCH3
Q9UBL6	Q8JZW4
Q9UBL6	Q9DC53
Q9UBL6	Q86YQ8
Q9UBL6	H1UBM7
Q9UBL6	Q8BT60
Q9UBL6	O75131
Q9UBL6	Q96FN4
Q9UBL6	P59108
Q9UBL6	D3ZLA3
P28662	P28662
P28662	O95415
P28662	Q5PPK1
Q8C7G5	Q8C7G5
Q8C7G5	Q9QUH3
Q8C7G5	Q6Q788
Q8N0U7	Q8N0U7
Q8N0U7	A2AGB2
Q9Z1Q2	Q9Z1Q2
Q9Z1Q2	O95870
Q9Z1Q2	Q6MG55
Q9Z1Q2	Q5XIL6
Q9Z1Q2	Q9H3Z7
Q9Z1Q2	Q80YU0
Q9H078	Q9H078
Q9H078	Q9WTT2
Q9H078	Q9H078-2
Q9H078	Q60649
Q76KP1	Q76KP1
Q76KP1	Q766D5
Q76KP1	Q6L9W6
Q76KP1	Q6L8S8
P41245	P41245
P41245	P50282
P41245	P14780
P41245	P33434
P41245	P08253
P41245	P33436
P41245	P33435
P41245	P23097
P41245	P45452
P41245	Q96BH3
P41245	Q0Q236
P41245	M0RAM1
Q13323	Q13323
Q13323	Q925D2
Q13323	O70337
Q14004	Q14004
Q14004	Q69ZA1-2
Q14004	Q69ZA1
Q14004	Q14004-2
Q14004	F1M1X9
Q14004	NP_001258225
Q14004	Q9NYV4
Q14004	Q14AX6-3
Q14004	Q3MJK5
Q14004	Q9NYV4-2
Q14004	Q9NYV4-3
Q14004	Q14AX6
Q14004	O94921
Q14004	O94921-3
Q14004	NP_001382511
Q14004	Q3V3A1
Q14004	Q96Q40
Q14004	O35495
Q14004	O94921-2
Q14004	M0R7D0
Q14004	P50750-2
Q14004	Q99J95
Q14004	P50750
Q14004	Q641Z4
Q14004	Q00536-2
Q14004	Q8K0D0
Q14004	F1MN42
Q14004	Q00537
Q14004	Q63686
Q14004	Q00536
Q14004	Q04899
Q14004	O35832
Q14004	Q07002
Q14004	Q07002-3
Q14004	Q00537-2
Q14004	Q04735
Q14004	O35831
Q14004	A6QLB8
Q14004	G1T8E2
Q14004	P18265
Q14004	P49841-2
Q14004	P18266
Q14004	P49841
Q14004	Q2NL51
Q14004	Q9WV60
Q14004	P49840
Q7Z695	Q7Z695
Q7Z695	Q6NSR3
P40189	P40189
P40189	P40189-2
P40189	Q00560
P40189	P40189-3
P40189	P40190
Q13651	Q13651
Q13651	Q61727
P37840	P37840
P37840	O76070
P37840	Q16143
P37840	Q9Z0F7
P37840	P37377
P37840	Q63754
P37840	Q63544
P37840	O55042
P37840	Q91ZZ3
G3V9H8	G3V9H8
G3V9H8	P35546-2
G3V9H8	Q15300
G3V9H8	P35546
G3V9H8	P07949
G3V9H8	P07949-2
G3V9H8	Q8C8Q7
P79621	P79621
P79621	P33076
Q9UNN5	Q9UNN5
Q9UNN5	P54731
Q9UNN5	Q924K2
Q9UNN5	Q9UNN5-2
Q9CQ80	Q9CQ80
Q9CQ80	P0C0A1
Q9CQ80	Q9BRG1
O75970	O75970
O75970	O75970-3
O75970	O75970-5
O75970	O75970-2
O75970	Q8VBX6
O75970	O55164
O75970	O70263
O75970	Q8TBB1
O75970	Q8N448
O75970	Q63ZW7
O75970	F1MAD2
O75970	Q8NI35
O75970	Q8NI35-2
O75970	Q91XL2
O75970	D3ZRH6
O00555	O00555
O00555	O00555-4
O00555	P54282
O00555	Q13698
O00555	Q02485
O00555	P07293
O00555	Q02789
O00555	A2AIS0
O00555	Q00975
O00555	P15381
O00555	P15381-4
O00555	P22002
O00555	BAA34185.2
O00555	Q13936-12
O00555	P27732
O00555	Q01668-2
O00555	Q99246
O00555	Q01668
O00555	B2RWX7
O00555	Q61290
O00555	Q07652
O00555	O55017-2
O00555	Q02294
O00555	O55017
O00555	Q9JIS7
O00555	A1XIQ4
O00555	Q15878
O00555	O60840
O00555	Q0PCR6
O00555	Q01815
O00555	P97445
O00555	Q9PUM6
O00555	Q05152
O00555	Q13936-2
O00555	Q13936
O00555	Q6XS92
Q3U0V1	Q3U0V1
Q3U0V1	Q92945
Q3U0V1	Q99PF5
Q3U0V1	B4DT31
Q3U0V1	Q96AE4-2
Q3U0V1	Q32PX7
Q3U0V1	Q91WJ8
Q3U0V1	Q96AE4
Q3U0V1	Q3ULP9
Q3U0V1	Q2QC85
Q3U0V1	Q96I24
D3YZU1	D3YZU1
D3YZU1	Q9WV48-3
D3YZU1	D3YZU5
D3YZU1	Q9WV48
D3YZU1	Q9UPX8
D3YZU1	Q80Z38-2
D3YZU1	Q9UPX8-1
D3YZU1	B7ZKU9
D3YZU1	NP_001074839
D3YZU1	Q80Z38
D3YZU1	Q9UPX8-4
D3YZU1	D3Z5K8
D3YZU1	Q9QX74
D3YZU1	Q9QX74-7
D3YZU1	NP_597684
D3YZU1	Q9BYB0
D3YZU1	Q9BYB0-3
D3YZU1	G3X7P4
D3YZU1	Q9JLU4
D3YZU1	Q4ACU6-2
D3YZU1	Q4ACU6
D3YZU1	Q9Y566
Q8R3N1	Q8R3N1
Q8R3N1	P78316
Q8R3N1	D4A5G2
Q8R3N1	P78316-2
Q9P2G1	Q9P2G1
Q9P2G1	Q6ZPS6
Q9P2G1	D4A731
Q9H8V8	Q9H8V8
Q9H9Y4	Q9H9Y4
Q9H9Y4	Q8VEJ1
Q9H9Y4	D4A7C0
Q9H9Y4	Q9UHW5-2
Q9H9Y4	Q9D3W4
Q9H9Y4	Q9UHW5
Q9H9Y4	Q6R518
P35247	P35247
P35247	P35248
P35247	P50404
P35247	P08661
P35247	P41317
P35247	Q8IWL2-2
P35247	Q8IWL2
P35247	Q8IWL1
P35247	P35242
P35247	P08427
P35247	P11226
P35247	Q9BWP8-10
P35247	Q9BWP8
P35247	Q9BWP8-9
P35247	Q3SXB8
P35247	Q8CF98
P35247	Q9Y6Z7
Q8WWG9	Q8WWG9
Q8WWG9	Q9WTW3
Q9H478	Q9H478
D4A8G1	D4A8G1
D4A8G1	Q9WV04
D4A8G1	Q9HAQ2
Q3B7D3	Q3B7D3
Q3B7D3	Q2MV57
Q3B7D3	Q96GX1
Q8C4K5	Q8C4K5
Q9D2I7	Q9D2I7
XP_988512	XP_988512
BAC39778	BAC39778
Q3TPR7-2	Q3TPR7-2
Q3TPR7-2	Q9NVA4
Q3TPR7-2	Q3TPR7
Q3TPR7-2	Q810F5
Q3TPR7-2	Q3UFJ6
Q3TPR7-2	Q6ZMB5
Q3TPR7-2	Q8BG09
Q3TPR7-2	Q9Y519
Q3TPR7-2	Q499S3
Q3TPR7-2	Q4QQS1
XP_001004454	XP_001004454
P09455-3	P09455-3
P09455-3	Q00915
P09455-3	P09455
P09455-3	P02696
P09455-3	P09455-2
P09455-3	P82980
P09455-3	P06768
P09455-3	P50120
P09455-3	Q08652
P09455-3	P51673
P09455-3	P22935
P09455-3	P29373
P09455-3	P29762
P09455-3	P62965
P09455-3	P62966
P09455-3	O15540-2
P09455-3	O15540
P09455-3	P51880
P09455-3	P55051
P09455-3	P11404
P09455-3	P07483
P09455-3	P05413
P09455-3	P04117
P09455-3	P02689
P09455-3	P24526
P09455-3	P70623
P09455-3	Q01469
P09455-3	P55053
P09455-3	Q05816
P09455-3	A8MUU1
P09455-3	O08716
P09455-3	Q0Z7S8
P09455-3	P55054
P09455-3	A6NFH5
P09455-3	Q9DAK4
P09455-3	B7SUM8
P09455-3	P15090
P09455-3	Q96R05
P09455-3	Q9EPC5
XP_006516515	XP_006516515
XP_006516515	Q86WZ0
XP_006516515	XP_576072
D3ZHQ8	D3ZHQ8
D3ZHQ8	Q15696
D3ZHQ8	Q62377
D3ZHQ8	Q15695
D3ZHQ8	Q64707
D3ZHQ8	Q5RK33
D3ZHQ8	Q01081
D3ZHQ8	Q8WU68
D3ZHQ8	Q8BGJ9
D3ZHQ8	Q7TP17
D3ZHQ8	Q9D883
D3ZHQ8	Q3KR55
D3ZHQ8	Q01081-2
D3ZHQ8	Q01081-4
D3ZHQ8	Q01081-3
Q9JM59	Q9JM59
Q9JM59	Q9NZI2-4
Q9JM59	Q9NZI2
Q9JM59	Q9JJ57
Q9JM59	Q9JM47
Q9JM59	Q99MG9
Q9JM59	Q9NS61
Q9JM59	Q6PIL6
Q9JM59	Q9JJ69
Q9JM59	Q6PHZ8
Q9JM59	Q9QXT8
Q9JM59	Q8R426
Q9JM59	Q9Y2W7
Q9JM59	Q9NS61-3
Q9JM59	Q9NZI2-5
Q9JM59	Q8BNY6
Q9JM59	P62168
Q9JM59	P62166-2
Q9JM59	P62166
Q9JM59	XP_003945535
Q9JM59	O95843
Q9JM59	P35332
Q9JM59	P62762
Q9JM59	P62760
Q9JM59	P62761
Q9JM59	Q9UM19
Q9JM59	Q8BGZ1
Q9JM59	P34057
Q9JM59	P35243
Q9JM59	P61602
Q9JM59	P84075
Q9JM59	P84074
Q9JM59	P84076
Q9JM59	P62748
Q9JM59	P62749
Q9JM59	P37235
Q9JM59	Q91X97
Q9JM59	P61601
Q9JM59	Q5PQN0
Q9JM59	P51177
Q9JM59	Q8VBV8
Q9JM59	Q9UMX6
Q9JM59	P43081
Q9JM59	P43080
Q9JM59	Q9D3N2
Q9JM59	Q9HAE3
Q6AYJ4	Q6AYJ4
Q6AYJ4	Q8C5S7
Q6AYJ4	O95072
P07552	P07552
P07552	Q9CPX8
P07552	A9UMV7
P07552	O14957
Q9Z0H4-9	Q9Z0H4-9
Q9Z0H4-9	Q9Z0H4
Q9Z0H4-9	O95319
Q9Z0H4-9	Q92879
Q9Z0H4-9	P28659
Q9Z0H4-9	Q9Z0H4-6
Q9Z0H4-9	O95319-3
Q9Z0H4-9	Q792H5
Q9Z0H4-9	Q792H5-3
Q9Z0H4-9	NP_001102660
Q9Z0H4-9	Q8CIN6
Q9Z0H4-9	Q5SZQ8
Q9Z0H4-9	P28659-4
Q9Z0H4-9	Q92879-2
Q9Z0H4-9	Q4QQT3
Q9Z0H4-9	Q92879-4
Q9Z0H4-9	Q9BZC1
Q9Z0H4-9	F1M6I9
Q9Z0H4-9	Q7TSY6
Q9Z0H4-9	Q8N6W0
Q9Z0H4-9	D4A8V0
Q9Z0H4-9	D3Z4T1
Q9Z0H4-9	Q96J87
Q9Z0H4-9	Q96J87-2
Q9Z0H4-9	D4ABS9
Q9Z0H4-9	Q7TN33
Q96DY5	Q96DY5
Q96DY5	Q9ULX5
Q96DY5	O70418
Q96DY5	Q9ULX5-2
Q9Y4F1-2	Q9Y4F1-2
Q9Y4F1-2	Q9Y4F1
Q9Y4F1-2	F1LYQ8
Q9Y4F1-2	F8VPU2
Q9Y4F1-2	Q91VS8
Q9Y4F1-2	D3Z4C0
Q9Y4F1-2	O94887-2
Q9Y4F1-2	O94887
Q9Y4F1-2	D3ZFK8
A0A2R8Y7D0	A0A2R8Y7D0
Q9JJL0	Q9JJL0
E1B8K6	E1B8K6
E1B8K6	P19338
E1B8K6	Q5U328
E1B8K6	P09405
E1B8K6	P13383
E1BGB0	E1BGB0
E1BGB0	Q9NQT8
E1BGB0	E9Q4K7
E1BGB0	Q70AM4
E1BGB0	Q9H1H9
E1BGB0	Q9H1H9-2
E1BGB0	Q9H1H9-3
E1BGB0	Q9EQW7
E1BGB0	D3ZM20
E1BGB0	Q8N4N8
E1BGB0	Q8C0N1
E1BGB0	Q5XI51
E1BGB0	O60333-4
E1BGB0	Q60575
E1BGB0	Q60575-2
E1BGB0	O60333
E1BGB0	O88658
E1BGB0	O60333-2
E1BGB0	O35787
E1BGB0	O43896
E1BGB0	O35071
E1BGB0	Q6TA13
E1BGB0	Q12756
E1BGB0	Q12756-2
E1BGB0	Q12756-3
E1BGB0	F1M4A4
E1BGB0	O60333-3
E1BGB0	Q60575-3
E1BGB0	P33173
E1BGB0	Q9UIL4
Q14393-1	Q14393-1
Q14393-1	Q14393
Q14393-1	Q61592
Q14393-1	Q63772
Q14393-1	P07225
Q14393-1	Q08761
Q14393-1	P53813
Q96C03-3	Q96C03-3
Q96C03-3	Q5NCS9
Q96C03-3	Q96C03
Q96C03-3	Q9NQG6
Q96C03-3	Q8BGV8
Q96C03-3	XP_001929401
Q96C03-3	Q9NQG6-2
Q96C03-3	Q5XIS8
P60509	P60509
Q6ZUS6-4	Q6ZUS6-4
Q6ZUS6-4	Q6ZUS6
Q13308-6	Q13308-6
Q13308-6	Q13308
Q13308-6	NP_001100359
Q13308-6	Q8BKG3
P22830-2	P22830-2
P22830-2	D3ZBM3
P22830-2	P22600
P22830-2	P22315
P22830-2	P22830
Q96JB5-4	Q96JB5-4
Q96JB5-4	Q96JB5
Q96JB5-4	Q9JLH7
Q96JB5-4	Q99LM2
Q6AYM4	Q6AYM4
Q6AYM4	Q9BVM2
Q6AYM4	Q8BPA8
B0BMY1	B0BMY1
B0BMY1	Q6ZP29
B0BMY1	Q8C4N4
B0BMY1	A1A4F0
D3ZZE3	D3ZZE3
D3ZZE3	Q5T2E6
D3ZZE3	Q6PD19
D3ZZE3	Q5T2E6-3
Q4G0J3-3	Q4G0J3-3
Q4G0J3-3	Q4G0J3-2
Q4G0J3-3	Q4G0J3
Q4G0J3-3	Q5XI01
Q4G0J3-3	Q05CL8
Q4G0J3-3	A2AMD0
P57789-4	P57789-4
P57789-4	Q9JIS4
P57789-4	P57789
P57789-4	Q3LS20
P57789-4	P97438
P57789-4	O95069-3
P57789-4	O95069
P57789-4	Q920B6
P57789-4	O95069-2
P57789-4	Q96T55
P57789-4	D3ZLR9
P57789-4	G5E845
P57789-4	Q9NYG8
P57789-4	O88454
P57789-4	G3V8V5
P57789-4	O54912
P57789-4	O14649
P57789-4	O35111
P57789-4	E2RAI2
P57789-4	Q9NPC2
P57789-4	Q9ES08
P57789-4	Q9H427
P57789-4	Q8R5I0
P57789-4	B2RVL1
P57789-4	Q3LS21
P57789-4	Q9Z2T2
P57789-4	O08581
P57789-4	O00180
P57789-4	Q9Y257
P57789-4	Q3TBV4
P57789-4	Q9Z2T1
P57789-4	Q9Y2U2-3
P57789-4	Q9Y2U2
P57789-4	Q96T54
Q86XK7-2	Q86XK7-2
Q86XK7-2	Q86XK7
Q86XK7-2	Q9D2J4
Q86XK7-2	Q4KLY3
Q86XK7-2	Q9JKA5
Q86XK7-2	D3ZRJ6
Q86XK7-2	Q99795
P18859-2	P18859-2
P18859-2	P21571
P18859-2	P02721
P18859-2	P97450
P18859-2	P18859
Q7Z7F7-2	Q7Z7F7-2
Q7Z7F7-2	D3ZF99
Q7Z7F7-2	Q9CZ83
Q7Z7F7-2	Q7Z7F7
O75689-2	O75689-2
O75689-2	O88768
O75689-2	Q8BVS1
O75689-2	O75689_VAR_G241S
O75689-2	O75689
O75689-2	Q8R2V5
O75689-2	Q9JK15
O75689-2	Q9NPF8
O75689-2	ENSRNOP00000041700
Q92552-2	Q92552-2
Q92552-2	Q92552
Q92552-2	D4A3E8
Q92552-2	Q8BK72
P40429	P40429
P40429	P35427
P40429	Q9XSU0
P40429	P19253
Q8BGT7	Q8BGT7
Q8BGT7	O75940
Q8BGT7	Q4QQU6
Q8IWZ8	Q8IWZ8
Q8IWZ8	Q68FU8
Q8IWZ8	Q8IWZ8-2
Q8IWZ8	Q8CH02
Q9UIF8	Q9UIF8
Q9UIF8	Q9UIF8-2
Q9UIF8	XP_229225
Q9UIF8	Q3UGV3
Q9UIF8	A2AUY4
Q9UIF8	Q9UIF9
Q9UIF8	Q9UIF9-2
Q9UIF8	ENSRNOP00000041941
Q9UIF8	Q91YE5
Q9QYE9	Q9QYE9
Q9QYE9	Q9WU68
Q9QYE9	Q9UF11
Q9QYE9	Q9UF11-2
Q497H4	Q497H4
Q497H4	Q04892
Q497H4	O95416
Q497H4	Q811W0
Q497H4	Q9Y651
Q14761	Q14761
Q14761	Q64697
Q8BVV7	Q8BVV7
Q8BVV7	Q96GE4
Q8BVV7	Q5XI03
Q9BR61	Q9BR61
Q9BR61	Q9D061
Q9BR61	Q5RJK8
Q8WV93	Q8WV93
Q8WV93	Q32PX9
Q8WV93	Q3V384
Q9H300	Q9H300
Q9H300	Q5XJY4
Q9H300	Q3B8P0
O35623	O35623
O35623	O15155
O35623	Q62896
O35623	O35153
O35623	Q9NYM9
O35623	O35152
Q99JF5	Q99JF5
Q99JF5	P53602
Q99JF5	Q62967
Q9NUP1	Q9NUP1
Q9NUP1	G3V6R9
Q9NUP1	Q8VED2
Q9NUP1	Q8TDM0
Q9NUP1	Q8TDM0-3
Q9CQF6	Q9CQF6
Q9CQF6	Q9NRN7
Q9CQF6	B2RYJ4
Q12913	Q12913
Q12913	Q64455
Q12913	NP_058965
NP_076473	NP_076473
NP_076473	Q9EPF2-2
NP_076473	P43121
NP_076473	Q8R2Y2
NP_076473	NP_001004768
Q15198	Q15198
Q15198	Q6PE55
Q15198	Q5RJP7
D4A017	D4A017
D4A017	Q8BXN9
D4A017	Q8NBN3
D4A017	Q8BKU8
D4A017	Q96K49-2
D4A017	Q96K49
D4A017	D4A7B6
Q5XI52	Q5XI52
Q5XI52	Q3ZK22
Q5XI52	Q9HBM0
Q8C9S7	Q8C9S7
Q8C7B5	Q8C7B5
Q9D676	Q9D676
Q9D676	Q9WVF9
Q9D676	Q8VI21
Q9D676	Q91V08
Q9D676	Q0H8B9
Q9D676	A4KWA5
Q9D676	Q925N7
Q9D676	A4KWA8
Q9D676	A4KWA6
Q9D676	Q8C1T8
Q9D676	Q80XD9
Q9D676	Q9UHP7-3
Q9D676	Q9UHP7
Q9D676	Q92478
Q9D676	P0C7M8
Q9D676	P0C7M9
Q9D676	Q0ZCA7
Q3UXW7	Q3UXW7
Q13057-2	Q13057-2
Q13057-2	Q9DBL7
Q13057-2	Q13057
Q13057-2	Q5XIA5
Q13057-2	Q6AY55
Q13057-2	Q8WVC6
Q13057-2	Q8BHC4
Q9P246-2	Q9P246-2
Q9P246-2	Q9P246-3
Q9P246-2	Q9P246
Q9P246-2	E1BET0
Q9P246-2	Q13586
Q9P246-2	Q58CP9
Q9P246-2	P84903
Q9P246-2	P70302
Q9P246-2	XP_223454
Q9P246-2	P83093
Q13239-5	Q13239-5
Q13239-5	Q13239
Q13239-5	Q60898
Q13239-5	Q13239-3
Q13239-5	P59622
Q13239-5	Q13239-4
Q13239-5	Q9H6Q3
Q13239-5	Q8R4L0
D4A5X2	D4A5X2
D4A5X2	H3BQW9
D4A5X2	B2KGE5
D4A5X2	B0BND4
D4A5X2	Q4G0N7
D4A5X2	Q8CF36
G3V602	G3V602
G3V602	Q9UBH6-2
G3V602	Q9Z0U0
G3V602	Q9UBH6
D3ZND0	D3ZND0
D3ZND0	Q2YD98
D3ZND0	Q9D479
Q5XIL8	Q5XIL8
Q5XIL8	Q9UI46
Q5XIL8	Q8C0M8
Q6ZV80	Q6ZV80
O35964	O35964
O35964	O35179
O35964	Q99961-2
O35964	Q62420
O35964	Q99962
O35964	Q62419
O35964	Q99961
O35964	Q99963
O35964	Q62421
O35964	O35180
P60372	P60372
P60372	P60371
P60372	P60370
P60372	P60331
P60372	P60409
P60372	P60014
P60372	XP_001474452
P60372	Q08EG8
P60372	Q9BYQ7_VAR_A134T
P60372	Q9BYQ7
P60372	P60412
P60372	P60369
P60372	P60411
P60372	P60368
P60372	P60410
P60372	P60413
Q16630-2	Q16630-2
Q16630-2	Q6NVF9
Q16630-2	D3ZPL1
Q16630-2	Q16630
Q16630-2	Q8N684-3
Q16630-2	Q8BTV2
Q16630-2	Q5XI29
Q16630-2	Q8N684-2
Q16630-2	Q8N684
Q16630-2	P12978
O55096	O55096
O55096	Q99KK7
O55096	Q9NY33
Q63616	Q63616
Q63616	P59016
Q63616	Q9H267
Q63616	Q9D2N9
Q63616	Q63615
Q63616	Q96AX1
AAK27843	AAK27843
AAK27843	P33981
AAK27843	P33981-2
AAK27843	P35761
AAK27843	NP_001103735
AAK27843	D4A4S7
Q9CZL5	Q9CZL5
Q9CZL5	P61459
Q9CZL5	P61457
Q9CZL5	P61458
Q9CZL5	Q9H0N5
Q9CZL5	XP_003751690
Q9ERB0	Q9ERB0
Q9ERB0	O95721
Q9ERB0	Q9Z2P6
Q8C8W6	Q8C8W6
Q9UFG5	Q9UFG5
Q9UFG5	Q6AY72
Q9UFG5	Q9D7E4
Q6NXY9	Q6NXY9
Q6NXY9	D4A1K1
Q6NXY9	O15318
Q6NXY9	B4F7D3
Q6NXY9	Q9BT43
Q6NXY9	Q8R0C0
P41539	P41539
P41539	P20366
P41539	P20366-3
P41539	P06767
D3ZUE4	D3ZUE4
D3ZUE4	O54928
D3ZUE4	O75159
D3ZUE4	Q8WXH5
D3ZUE4	Q91ZA6
D3ZUE4	NP_001100726
D3ZUY8	D3ZUY8
D3ZUY8	P17426
D3ZUY8	O95782-2
D3ZUY8	O95782
D3ZUY8	O94973-2
D3ZUY8	O94973-3
D3ZUY8	P18484
D3ZUY8	P17427
D3ZUY8	O94973
D3ZIC2	D3ZIC2
D3ZIC2	Q8VC12
D3ZIC2	Q96N76
NP_001099792	NP_001099792
NP_001099792	Q8K3J1
NP_001099792	O00217
K7NAQ4	K7NAQ4
K7NAQ4	Q810T2
K7NAQ4	Q8WWL7
K7NAQ4	P14635
K7NAQ4	P30277
K7NAQ4	P24860
K7NAQ4	O95067
K7NAQ4	P30276
K7NAQ4	Q5M857
K7NAQ4	P78396
K7NAQ4	Q6AY13
K7NAQ4	Q61456
K7NAQ4	P20248
K7NAQ4	G3V802
K7NAQ4	P51943
Q9Y3P8	Q9Y3P8
Q9Y3P8	Q5M869
Q9Y3P8	Q8C503
G3X922	G3X922
G3X922	O75165
G3X922	NP_001102246
P57772	P57772
P57772	Q9JHW4
P57772	B5DEJ5
Q96GR2	Q96GR2
Q96GR2	Q99PU5
Q96GR2	Q924N5
Q96GR2	A1L1K7
Q96GR2	Q2XU92
Q96GR2	Q5FVE4
Q96GR2	Q08EE8
Q96GR2	M0RDY4
Q6ZNL6	Q6ZNL6
Q6ZNL6	F1LTE6
Q6ZNL6	Q80UZ0
Q6ZNL6	Q6ZV73
Q6ZNL6	Q6ZV73-2
Q6ZNL6	NP_001131117
Q6ZNL6	Q69ZL1
A2RU30	A2RU30
A2RU30	Q3U132
P49642	P49642
P49642	P20664
P49642	NP_001291294
P34902	P34902
P34902	P31785
Q14AT2	Q14AT2
Q14AT2	Q8IYF3
Q13023	Q13023
Q13023	Q9WVC7
Q13023	Q3UHI8
Q15054	Q15054
Q15054	Q9EQ28
Q15054	Q4V7D0
Q8NA47	Q8NA47
Q8NA47	Q8CDV6
Q8NA47	Q4V8F7
P78524	P78524
P78524	P78524-2
P78524	Q924W7
P78524	D4A9H6
P78524	Q9H6A0
P78524	B0BNM5
P78524	Q91VV4
P78524	Q9ULE3
P78524	Q8C4S8
P78524	D3ZLQ1
P78524	Q68D51
P78524	Q6P9P8
Q62383	Q62383
Q62383	Q7KZ85-2
Q62383	Q7KZ85
Q62383	F1LR36
Q9CR61	Q9CR61
Q9CR61	P17568
Q9CR61	D3ZLT1
Q921F2	Q921F2
Q921F2	NP_001011979
Q921F2	Q13148
Q921F2	Q13148-4
Q9NRX1	Q9NRX1
Q9NRX1	Q9CPS7
Q9NRX1	Q6VBQ8
Q9BXS6	Q9BXS6
Q9BXS6	Q9BXS6-4
Q9BXS6	Q9BXS6-2
Q9BXS6	D4AAK2
Q9BXS6	Q9ERH4
Q3U0B3	Q3U0B3
Q3U0B3	Q6UWP2
P48437	P48437
P48437	D3ZU00
P48437	Q92786
P48437	Q8BII1
P48437	Q3B8N5
Q8BIP0	Q8BIP0
Q8BIP0	Q3KRD0
Q8BIP0	Q6PI48
Q9H1K0	Q9H1K0
Q9H1K0	Q80Y56
Q9H1K0	D3ZL11
P13498	P13498
P13498	Q61462
P13498	Q62737
Q9BYV6	Q9BYV6
Q9BYV6	G3X8Y1
Q9BYV6	Q5PQN5
Q9BYV6	Q9BYV6-4
Q9BYV6	Q9ERP3
Q9BYV6	Q5XIH6
Q9BYV6	Q969Q1
Q9BYV6	Q38HM4
Q9BYV6	Q91Z63
Q9BYV6	Q9BYV2-2
Q9BYV6	Q9BYV2
Q5FWF4	Q5FWF4
Q5FWF4	D3ZDS8
Q5FWF4	Q6NZP1
Q9D3D9	Q9D3D9
Q9D3D9	P30049
Q9D3D9	P05630
Q9D3D9	P35434
Q86SX3	Q86SX3
Q86SX3	Q3UK37
Q5THK1	Q5THK1
Q5THK1	XP_223586
Q5THK1	E9Q7C4
Q969J3	Q969J3
Q969J3	Q9D920
Q969J3	B1H257
Q78JW9	Q78JW9
Q78JW9	Q3MIF1
Q78JW9	O14562
Q3U1D0	Q3U1D0
Q3U1D0	D3ZVQ9
Q3U1D0	Q8NG48
Q8NEN9	Q8NEN9
Q8NEN9	D3ZXY2
Q8NEN9	B9EJ80
Q9CQ84	Q9CQ84
Q9CQ84	Q8N7F7
Q9CQ84	P11441
Q9CQ84	P21126
Q9CQ84	B2GV38
Q7L8L6	Q7L8L6
Q7L8L6	Q7TMV3
Q7L8L6	XP_008760460
Q86TE4	Q86TE4
Q86TE4	Q8BGY3
Q9NQE7	Q9NQE7
Q9NQE7	Q9QXE5
Q76N89	Q76N89
Q76N89	F1M4Q8
Q76N89	Q9CUN6
Q76N89	P46934
Q76N89	P46934-2
Q76N89	P46934-3
Q76N89	P46934-4
Q76N89	P46935
Q76N89	Q8K4P8
Q76N89	D4ADD3
Q76N89	Q6I6G8
Q76N89	Q9P2P5
Q76N89	NP_001103068
Q76N89	Q8CFI0
Q76N89	Q96PU5-5
Q76N89	Q96PU5
Q76N89	NP_001008301
Q76N89	Q8CFI0-3
Q76N89	Q9H0M0
Q76N89	Q8BZZ3
Q76N89	NP_001019928
Q76N89	Q9DBH0
Q76N89	O00308
Q76N89	B4F767
Q76N89	Q96J02
Q76N89	Q96J02-2
Q76N89	Q8C863
Q76N89	Q5YB86
Q76N89	Q9HCE7
Q76N89	NP_001100531
Q76N89	Q9HAU4
Q76N89	A2A5Z6
Q64693	Q64693
Q64693	Q16633
Q64693	D4A397
Q8TA86	Q8TA86
Q8TA86	P97762
Q8TA86	NP_001102226
Q8N7M0	Q8N7M0
Q8N7M0	Q9D5I4
Q3UKJ7	Q3UKJ7
Q3UKJ7	Q2TAY7
Q3UKJ7	Q99M63
Q3UKJ7	Q4V7A0
Q3UKJ7	Q9ERF3
Q3UKJ7	Q9GZS3
Q9ULG3	Q9ULG3
Q9ULG3	EDL91281
Q9Y320	Q9Y320
Q9Y320	Q9D710
Q9Y320	Q5XIK2
Q9Y320	Q9Y320-2
Q0P6D6	Q0P6D6
Q0P6D6	XP_001061074
Q0P6D6	Q8C9M2
Q8BXQ6	Q8BXQ6
Q8BXQ6	P69527
Q8BXQ6	Q8N6M6
Q9UHF4	Q9UHF4
Q9UHF4	Q6PHB0
Q9UHF4	Q969J5
Q9UHF4	Q80XF5
Q9UHF4	Q7TNI4
O35425	O35425
O35425	Q9UMX3
O35425	Q792S6
Q99102	Q99102
Q99102	Q8JZM8
Q99102	XP_221384
Q99102	ADJ96648
Q99102	Q63661
A1A5B6	A1A5B6
A1A5B6	Q3MII6
A1A5B6	NP_001100425
P58242	P58242
P58242	Q92485
P58242	Q4V7D9
P58242	Q92484
P58242	Q641Z7
P58242	P70158
P58242	P17405
P58242	Q04519
P58242	Q5XIA6
Q7TNC9	Q7TNC9
Q7TNC9	Q14642
Q7TNC9	D3ZZX1
E9Q1A5	E9Q1A5
E9Q1A5	Q8TF68
E9Q1A5	Q9EQJ4
E9Q1A5	Q5T0B9
E9Q1A5	D4A633
E9Q1A5	B1ASA5
Q5FWE3	Q5FWE3
Q5FWE3	D3ZWQ0
Q5FWE3	Q6PE13
Q91YQ5	Q91YQ5
Q91YQ5	P07153
Q91YQ5	P04843
Q8BZ20	Q8BZ20
Q8BZ20	Q9H0J9
Q8BZ20	D4A3V3
Q8BZ20	D3ZMH5
Q8BZ20	Q7Z3E1
Q8BZ20	Q8C1B2
Q8BZ20	Q9NR21
Q8BZ20	A0A0G2JTL9
Q8BZ20	Q8CFF0
P97432	P97432
P97432	Q14596
P97432	Q501R9
Q9JIG7	Q9JIG7
Q9JIG7	Q1RMI8
Q9JIG7	O60826
Q9JIG7	P86182
Q9ULW3	Q9ULW3
Q9ULW3	Q4KLM5
Q9ULW3	Q9QYL7
Q9JLF7	Q9JLF7
Q9JLF7	O60602
Q9JJG7	Q9JJG7
Q9JJG7	Q9BXU9
Q9JJG7	Q9BXU9-1
Q9JJG7	Q06BI3
Q9JJG7	Q91ZM8
Q9JJG7	Q86V35
Q9JJG7	Q66H96
Q3UM89	Q3UM89
Q3UM89	Q6PIV2
Q3UM89	Q3UTB7
Q8TAM2	Q8TAM2
Q8TAM2	Q8TAM2_VARDELTA38_47
Q8TAM2	Q8TAM2-3
Q8TAM2	Q8TAM2-4
Q8TAM2	A0A1P8YVD0
Q8TAM2	Q8VD72
Q6ZTR5	Q6ZTR5
Q6ZTR5	Q6ZTR5-6
Q6ZTR5	A0A0G2JEB6
Q6ZTR5	J3QP97
A0A571BF63	A0A571BF63
A0A571BF63	Q8N957
A0A571BF63	EDM05661
Q9DCN1	Q9DCN1
Q9DCN1	Q9BQG2
Q9DCN1	Q8JZU0
Q9DCN1	Q86X67
Q6ZU65	Q6ZU65
Q6ZU65	NP_001128025
Q6ZU65	Q80WC1
Q6ZU65	NP_001100447
Q6ZU65	Q9NPG3-2
Q6ZU65	Q4G0F8
Q6ZU65	Q9NPG3
Q8CIT9	Q8CIT9
Q8CIT9	Q6UWP8
Q8CIT9	Q6UWP8-2
Q8CDL9	Q8CDL9
Q8CDL9	Q9NVE4
Q8IZR5	Q8IZR5
Q8IZR5	D4A110
Q8IZR5	Q8CJ61
Q8IZR5	Q8IZR5-2
Q8IZR5	Q7TNZ9
Q8IZR5	Q9CZ69
Q8IZR5	Q9NX76
P0DTC5	P0DTC5
P0DTC5	P59596
P0DTC5	K9N7A1
Q9H7P9	Q9H7P9
Q9H7P9	Q9H7P9-3
Q9H7P9	Q9H7P9-2
Q9H7P9	Q6KAU7
Q9H7P9	Q9ULL1
Q8BND3	Q8BND3
Q8BND3	Q9P2L0
Q8BND3	XP_006239947
Q8BND3	NP_001092810
P11725	P11725
P11725	P00480
P11725	P00481
Q9D0D5	Q9D0D5
Q9D0D5	Q4FZQ9
Q9D0D5	Q3TQQ1
Q9D0D5	P29083
P97440	P97440
P97440	Q14493
P97440	NP_001124460
Q9WUB4	Q9WUB4
Q9WUB4	O00399
Q9WUB4	D4ADD8
Q9BTA9	Q9BTA9
Q9BTA9	Q924H7
Q9BTA9	G3XEV5
Q9BTA9	Q9BTA9-2
Q2TBE0	Q2TBE0
Q2TBE0	Q8BG79
Q2TBE0	D4A877
Q59EY7	Q59EY7
Q59EY7	Q8IVF5-2
Q59EY7	Q8IVF5
Q59EY7	Q13009
Q59EY7	Q60610
Q59EY7	NP_001094028
Q59EY7	D3ZMS5
Q59EY7	Q6ZPF3
Q8BZQ7	Q8BZQ7
Q8BZQ7	Q9UJX6
Q8BZQ7	Q3B7T7
Q8BZQ7	Q9UJX6-2
Q8VH51	Q8VH51
Q8VH51	Q14498-2
Q8VH51	Q5BJP4
Q8VH51	Q14498
Q8VH51	B4DRA0
Q8VH51	Q86U06
Q8VH51	Q86U06-2
Q8VH51	Q86U06-4
Q70EK9	Q70EK9
Q70EK9	Q9UPT9
Q70EK9	D3ZTX7
Q70EK9	Q5DU02
Q70EK9	A6NNY8
Q70EK9	Q8CEG8
Q70EK9	D3ZUR6
Q70EK9	B1AY15
Q8BHS8	Q8BHS8
Q8BHS8	XP_001064007
Q8BHS8	Q9NX95
Q8BHS8	AAI39793
Q8BHS8	O15079-2
Q8BHS8	Q80U23
Q8BHS8	O15079
Q8BHS8	B5DF41
Q9JHE6	Q9JHE6
Q9JHE6	Q96HZ4
Q9NQS1	Q9NQS1
Q9NQS1	NP_001386447
Q9NQS1	Q9D9K3
Q8WXI2	Q8WXI2
Q8WXI2	Q80YA9
Q8WXI2	Q9Z1T4
Q8WXI2	Q8WXI2-2
Q8WXI2	Q8WXI2-4
Q8WXI2	Q8WXI2-5
Q8WXI2	G9CGD6-2
Q8WXI2	Q8BMA3
Q8WXI2	Q6P9H4
Q8WXI2	Q8WWN9
Q8WXI2	Q5SGD7
Q8WXI2	G9CGD6
Q8WXI2	G9CGD6-3
Q8WXI2	Q5DU31-2
Q8WXI2	Q5DU31
Q8WXI2	Q80VL0
Q60520	Q60520
Q60520	NP_001102231
Q60520	Q96ST3
Q60520	O75182
Q60520	O75182-2
Q60520	Q62141
Q60520	B0BNJ0
Q15477	Q15477
Q15477	Q6NZR5
Q15477	Q6MG76
Q15477	A0A8I5ZN47
Q15477	Q9CZU3
Q15477	P42285
O35986	O35986
O35986	Q9R020
O35986	O95218
O35986	ENSMUSP00000101672
O35986	O95218-2
P38432	P38432
P38432	Q5SU73
P38432	Q923T0
Q04841	Q04841
Q04841	P29372
Q04841	P23571
Q6ZWZ2	Q6ZWZ2
Q6ZWZ2	Q712K3
Q6ZWZ2	P49427
Q6ZWZ2	Q8CFI2
Q6ZWZ2	D4A453
Q6ZWZ2	NP_001121045
Q6ZWZ2	P62253
Q6ZWZ2	P62255
Q6ZWZ2	P62254
Q6ZWZ2	B2RYD0
Q6ZWZ2	P60604
Q6ZWZ2	P60605
Q6ZWZ2	P61087
Q6ZWZ2	P61086
Q6ZWZ2	P61086-3
Q6ZWZ2	D3ZXS8
Q6ZWZ2	P63281
Q6ZWZ2	P63280
Q6ZWZ2	P63279
Q6ZWZ2	P63147
Q6ZWZ2	A0A0G2K8F7
Q6ZWZ2	P63146
Q6ZWZ2	P63149
Q6ZWZ2	Q9Z255
Q6ZWZ2	P49459
Q6ZWZ2	P68036-3
Q6ZWZ2	O14933
Q6ZWZ2	A0A1B0GUS4
Q6ZWZ2	P68036-2
Q6ZWZ2	XP_619973
Q6ZWZ2	AAI67087
Q6ZWZ2	P68037
Q6ZWZ2	P68036
Q6ZWZ2	Q9QZU9
Q6ZWZ2	Q4V8J2
Q6ZWZ2	P52483
Q6ZWZ2	P61077
Q6ZWZ2	P61079
Q6ZWZ2	Q9Y2X8
Q6ZWZ2	Q6ZWY6
Q6ZWZ2	NP_001101841
Q6ZWZ2	P70711
Q6ZWZ2	P51965-2
Q6ZWZ2	Q91W82
Q6ZWZ2	Q969T4
Q6ZWZ2	P61077-3
Q6ZWZ2	P61077-2
Q6ZWZ2	Q96LR5
Q6ZWZ2	P62839
Q6ZWZ2	P52482
Q6ZWZ2	P62838
Q6ZWZ2	NP_001041322
Q6ZWZ2	XP_017455327
Q6ZWZ2	P62837
Q6ZWZ2	P51965-3
Q6ZWZ2	P61078
Q6ZWZ2	P51965
Q6ZWZ2	D3ZDK2
Q6ZWZ2	P51668
Q6ZWZ2	P61080
Q6ZWZ2	Q9CQ37
Q6ZWZ2	Q9NPD8
Q6ZWZ2	NP_001100012
Q6ZWZ2	O00762-3
Q6ZWZ2	O00762
Q6ZWZ2	Q9D1C1
Q6ZWZ2	Q921J4
Q6ZWZ2	Q16763
Q6ZWZ2	B5DFI8
Q6ZWZ2	NP_001165598
Q6ZWZ2	P62257
Q6ZWZ2	P62256
Q6ZWZ2	Q96B02-2
Q6ZWZ2	Q96B02
Q6ZWZ2	Q8VDW4
Q6ZWZ2	B5DEI4
P06401	P06401
P06401	P06401-2
P06401	Q63449
P06401	Q00175
P06401	P10275
P06401	P19091
P06401	P10275-3
P06401	P15207
P06401	P55055
P06401	Q62755
P06401	Q60644
P06401	Q13133
P06401	Q9Z0Y9
P06401	Q62685
Q9BXU1	Q9BXU1
Q9BXU1	Q99MW1
Q9BXU1	XP_001056371
Q8BGD9	Q8BGD9
Q8BGD9	P23588
Q8BGD9	Q5RKG9
Q8BGD9	F1MYS7
P78406	P78406
P78406	Q3SWS8
P78406	Q8C570
P78406	O43684
P78406	Q9WVA3
P78406	O43684-2
P78406	Q4FZS2
Q9Y4A5	Q9Y4A5
Q9Y4A5	Q9Y4A5-2
Q9Y4A5	D3ZGS2
Q9Y4A5	E9QLK7
Q9Y4A5	Q80YV3
O75347	O75347
O75347	P48428
O75347	Q6PEC1
Q8WUD4	Q8WUD4
Q8WUD4	Q8R344
Q8WUD4	D4A4Z0
Q9D8T7	Q9D8T7
Q9D8T7	NP_001102977
Q9D8T7	Q9GZT3
Q9D8T7	NP_001090941
XP_214341	XP_214341
XP_214341	Q9NWY4
XP_214341	Q8CFE2
XP_214341	A8MVJ9
NP_001395856	NP_001395856
NP_001395856	E1BNY9
NP_001395856	Q7Z6Z7
NP_001395856	Q7Z6Z7-2
NP_001395856	Q7TMY8
NP_001395856	D3ZBM7
NP_001395856	Q3U0D9
NP_001395856	Q8IYU2
NP_001395856	Q62940
Q80YW5	Q80YW5
Q80YW5	Q6P6S3
Q80YW5	Q5W0U4
Q01524	Q01524
Q01524	Q01523
Q01524	P59666
Q01524	P59665
Q01524	P12838
P16259	P16259
P16259	P20807
P16259	Q64691
P16259	O08529
P16259	P17655-2
P16259	P17655
P16259	Q07009
P16259	Q9ER56
P16259	O35920
P16259	O14815
P16259	Q9D805
P16259	P97571
P16259	O35350
P16259	P07384
P16259	Q6ZSI9
P16259	A8MX76
P16259	A8MX76-2
P16259	Q9Y6Q1
P16259	O35646
P16259	O88501
P16259	Q6J756
P16259	Q9UMQ6
P16259	O15484
P16259	Q8R4C0
P16259	O08688
P16259	Q91VA3
P16259	A6NHC0
P16259	Q78EJ9
P16259	Q4V8Q1
P16259	Q64537
P16259	Q96L46
P16259	O88456
P16259	Q9D7J7
P16259	NP_001102850
P16259	P04632
P16259	Q9HC96
P16259	Q9ESK3
P16259	Q9ES66
P16259	Q8VC88
P16259	P28676
P16259	B0BNJ1
P16259	Q6P069
P16259	P30626
P16259	P30626-2
P16259	D3ZYI0
Q96C92	Q96C92
Q96C92	A2AIW0-3
Q96C92	Q96C92-4
Q96C92	A2AIW0
Q96C92	A2AIW0-6
Q9BWQ6	Q9BWQ6
Q9BWQ6	Q5XIT3
Q9BWQ6	Q99LP8
Q9BWQ6	Q9Y548
Q9BWQ6	Q91VU1
Q9BWQ6	Q6P6G5
Q9Z2E1	Q9Z2E1
Q9Z2E1	B0BNM2
Q9Z2E1	F7EY92
Q9Z2E1	Q9UBB5
Q9Z2E1	Q9Z2D8
Q9Z2E1	O95983
Q9Z2E1	O95983-2
Q9Z2E1	Q9UBB5-3
Q9Z2E1	Q8WWY6
Q9Z2E1	Q9D9H3
A8MXP9	A8MXP9
A8MXP9	P43243-2
A8MXP9	P43244
A8MXP9	Q8K310
A8MXP9	P43243
P00426	P00426
P00426	P20674
P00426	P11240
P00426	P12787
A6NJJ6	A6NJJ6
A6NJJ6	Q8CF25
D3ZH12	D3ZH12
D3ZH12	Q9D6T0
D3ZH12	Q9Y314
Q8IXS0	Q8IXS0
Q8IXS0	Q9D9W6
Q8IXS0	Q5XHY8
Q8CHC8	Q8CHC8
Q8CHC8	B2GVB8
Q8CHC8	Q6IQ32
Q6ZRH7	Q6ZRH7
Q6ZRH7	E9Q355
Q6ZRH7	C6KI89
Q6ZRH7	XP_218462
O95810	O95810
O95810	Q63918
O95810	P85125
O95810	E1BNE7
O95810	O54724
O95810	Q6NZI2
O95810	Q3U4N4
O95810	Q6NZI2-2
O95810	Q66H98
O95810	Q9Z1H9
O95810	Q91VJ2
O95810	Q969G5
Q8NBP0	Q8NBP0
Q8NBP0	Q3UMK4
Q8NBP0	F1LR77
Q8N187	Q8N187
Q8N187	Q8VHI4
Q8N187	D4A7U2
Q7RTT9	Q7RTT9
Q7RTT9	Q8R139
Q7RTT9	NP_001099381
Q9Y4P3	Q9Y4P3
Q9Y4P3	Q9R099
Q9Y4P3	A0A096MJZ2
Q15393	Q15393
Q15393	Q921M3
Q15393	E9PT66
O43303	O43303
O43303	Q7TSH4
Q9H8E8	Q9H8E8
Q9H8E8	Q8CID0
Q9H8E8	Q9H8E8-2
Q9H8E8	D3ZSX8
Q7Z2E3	Q7Z2E3
Q7Z2E3	Q8K4H4
Q7Z2E3	Q7TQC5
P16112	P16112
P16112	P16112-3
P16112	Q61282
P16112	P07897
P16112	O14594
P16112	Q96S86
P16112	Q80WM5
P16112	Q9ESM3
P16112	Q9GZV7
P16112	Q9ESM2
P16112	P55066
P16112	P55067
P16112	Q9QUP5
P16112	P03994
P16112	P10915
Q9HDC9	Q9HDC9
Q9HDC9	Q9HDC9-2
Q9HDC9	Q9D7N9
Q9HDC9	Q7TP48
Q92665	Q92665
Q92665	B0BN56
Q92665	Q61733
Q6P1E8	Q6P1E8
Q6P1E8	XP_235526
Q6P1E8	Q5THR3
Q8CE96	Q8CE96
Q8CE96	D3ZVK3
Q8CE96	Q9UJA5
Q99J83	Q99J83
Q99J83	Q9H1Y0
Q99J83	Q3MQ06
P85845	P85845
P85845	Q61553
P85845	Q16658
P85845	O14926
P85845	D3ZX02
P85845	Q32M02
Q5I034	Q5I034
Q5I034	Q3UY34
Q5I034	Q96C57
P50442	P50442
P50442	P50440-2
P50442	Q9D964
P50442	P50440
Q5XIX0	Q5XIX0
Q5XIX0	Q921R4
Q5XIX0	Q6Y2X3
F1LMQ3	F1LMQ3
F1LMQ3	Q9CX56
F1LMQ3	P48556
H0YL14	H0YL14
Q01984	Q01984
Q01984	Q91VF2
Q01984	P50135
Q01984	P50135-2
B0K019	B0K019
B0K019	Q99933
B0K019	Q60739
Q9P1T7-1	Q9P1T7-1
Q9P1T7-1	Q9P1T7
Q9P1T7-1	Q8BX65
Q9P1T7-1	Q99750
Q96N68	Q96N68
D4ABL9	D4ABL9
D4ABL9	Q8BSN3
D4ABL9	A5D8V7
A1L1J7	A1L1J7
A1L1J7	Q96KB5-2
A1L1J7	Q96KB5
A1L1J7	Q9JJ78
Q92843-2	Q92843-2
Q92843-2	Q86U42-2
Q92843-2	G3V7Z8
Q92843-2	Q92843
Q92843-2	P70345
Q92843-2	Q8CCS6
Q92843-2	Q28165
Q92843-2	Q86U42
Q92843-2	A6NDY0
Q92843-2	Q5XFR0
Q92843-2	B0BNE4
Q92843-2	P53563
Q92843-2	Q64373
Q92843-2	Q07817
Q2I6B1	Q2I6B1
Q2I6B1	P15920
Q2I6B1	Q8TBM3
Q2I6B1	Q9Y487
Q2I6B1	Q93050-3
Q2I6B1	Q93050
Q2I6B1	Q2I6B0
Q2I6B1	Q13488
Q2I6B1	Q9JHF5
Q2I6B1	Q9HBG4
Q2I6B1	Q920R6
Q2I6B1	D4A1H0
Q2I6B1	Q9Z1G4
Q2I6B1	P25286
Q8CC36	Q8CC36
Q8CC36	Q9CXI5
Q8CC36	Q49AH0
Q8CC36	P0C5I0
Q8CC36	P0C5H9
Q8CC36	P55145
O00420	O00420
O00420	Q9UF12
O00420	Q2V057
O00420	Q8VCZ9
O00420	O43272
O00420	F1MAR6
O00420	Q9WU79
Q92802	Q92802
Q92802	Q8JZS6
Q92802	Q66H65
P58321	P58321
P58321	P09936
P58321	Q9R0P9
P58321	Q00981
P58321	P15374
P58321	Q9JKB1
P58321	Q91Y78
Q7Z5P9	Q7Z5P9
Q7Z5P9	XP_001057170
Q7Z5P9	Q6PZE0
Q8NA82	Q8NA82
Q8NA82	Q5XIV2
Q8NA82	Q497L7
Q80TL4	Q80TL4
Q80TL4	Q9UPV7
Q80TL4	D3ZBS6
Q96ET8	Q96ET8
Q96ET8	Q9NYZ1
Q96ET8	Q9D8T4
Q96ET8	M0R766
Q96ET8	A0A0A6YYB9
Q96ET8	Q6NVH0
Q96ET8	A6NH52
Q9P2X3	Q9P2X3
Q9P2X3	O55091
Q9P2X3	Q5GFD9
O95677	O95677
O95677	Q9Z191
O95677	O95677-2
O95677	Q99502
O95677	P97767
O95677	O08575
O95677	D3ZVI5
O95677	Q99504
O95677	NP_001402793
O95677	P97480
O95677	O00167
Q96RK1	Q96RK1
Q96RK1	Q9WUL8
Q96RK1	Q99MA0
Q8CDN1	Q8CDN1
Q8CDN1	Q8ND61
Q3KQP7	Q3KQP7
Q3KQP7	Q5VVC0
G3X9X1	G3X9X1
G3X9X1	Q8IY47
G3X9X1	D3ZVS6
G3X9X1	Q8NFY9
G3X9X1	Q3UQV5
G3X9X1	NP_001102720
Q9ULL8	Q9ULL8
Q9ULL8	F1LVL5
Q9ULL8	F1MD88
Q9ULL8	Q1W617
Q9HCJ6	Q9HCJ6
Q9HCJ6	Q80TB8
Q9HCJ6	Q62465
Q9HCJ6	Q99536
Q9HCJ6	Q3MIE4
Q7Z2X4	Q7Z2X4
Q7Z2X4	Q7Z2X4-3
Q7Z2X4	Q7TPA0
Q7Z2X4	Q3UBG2
Q7Z2X4	Q7Z2X4-4
Q8BI84	Q8BI84
Q8BI84	XP_038947420
Q8BI84	Q5JRA6
Q8BI84	Q16674
Q8BI84	Q62946
Q8BI84	Q61865
Q8BI84	Q9JIE3
Q8BI84	Q9NRC9
Q9ES07	Q9ES07
Q9ES07	Q16348
Q9ES07	Q63424
Q9ES07	P51574
Q9ES07	Q9JIP7
Q9ES07	P46059
A8MTT3	A8MTT3
A8MTT3	Q8BTE5
Q9UFV3	Q9UFV3
A6NK44	A6NK44
A6NK44	Q9D8I3
A6NK44	D3Z9B0
C9JVW0	C9JVW0
C9JVW0	E9PV59
Q8IWL8	Q8IWL8
Q6L8H1	Q6L8H1
Q6L8H1	Q6L8G8
Q6L8H1	Q6L8G5
Q6L8H1	O75690
Q6L8H1	Q6L8G9
Q6L8H1	Q6L8G4
Q6L8H1	Q6L8H2
Q6L8H1	P26371
Q6L8H1	Q701N4
Q6L8H1	Q64507
Q6L8H1	Q9D5Z7
Q6L8H1	Q6L8H4
Q6L8H1	Q701N2
D2XV59	D2XV59
D2XV59	O08582
D2XV59	O00178
D2XV59	Q9BX10
D2XV59	Q3UJK4
D2XV59	D4ABV1
P0C0R5	P0C0R5
P0C0R5	Q8VD65
P0C0R5	Q99570
Q9Y5P2	Q9Y5P2
Q9Y5P2	Q6PB30
Q9H195	Q9H195
Q9H195	XP_038957198
Q9H195	Q02505
P23467-3	P23467-3
P23467-3	B2RU80
P23467-3	P23467
P23467-3	NP_001101565
Q3UQH6	Q3UQH6
Q9D7S0	Q9D7S0
Q9D7S0	Q6UX82
D3ZUD5	D3ZUD5
D3ZUD5	Q80Z25
D3ZUD5	O75665
Q12872-2	Q12872-2
Q12872-2	Q3USH5
Q12872-2	Q12872
Q12872-2	D3ZTQ1
C9JJ37	C9JJ37
C9JJ37	C9JJ37-2
A2AFI6	A2AFI6
A2AFI6	Q99805
A2AFI6	P58021
A2AFI6	Q66HG5
A2AFI6	Q4KLL4
A2AFI6	Q8BH24
A2AFI6	Q92544
O54834	O54834
O54834	D4A5T6
O54834	O43182
O54834	B1AUC7
O54834	Q6ZRI8
Q08426	Q08426
Q08426	Q08426-2
Q08426	P07896
Q08426	Q9DBM2
Q08426	Q3TLP5
Q08426	Q86YB7
Q8NDX1	Q8NDX1
Q8NDX1	D3ZPP3
Q8NDX1	Q8BLR5
Q8NDX1	E1BHH5
Q8NDX1	D4ACB6
Q8NDX1	Q6P1I6
Q8NDX1	Q9BQI7
Q8NDX1	Q9NYI0
Q8NDX1	Q8C0E9
Q8NDX1	D4A9C3
Q8NDX1	Q2PFD7
Q8NDX1	Q5DTT2
Q8NDX1	Q9ESQ7
Q8NDX1	A5PKW4
Q8NDX1	Q5DTT2-2
Q8NFP9	Q8NFP9
Q8NFP9	Q9EPN1-4
Q8NFP9	Q9EPN1
Q8NFP9	XP_003749328
Q8NFP9	P50851
Q8NFP9	P50851-2
Q8NFP9	P0C6P0
Q8NFP9	Q9ESE1
Q8NFP9	E9Q3Y4
Q8NFP9	NP_001102025
Q9D4K4	Q9D4K4
Q9D4K4	Q96PS1
Q7Z5L2	Q7Z5L2
Q7Z5L2	Q7Z5L2-2
Q7Z5L2	Q8BJM3
O75323	O75323
O75323	O55126
O75323	O75323-2
O75323	NP_001381299
O75323	O55125
O75323	Q9BPW8
O75323	Q5EBA4
Q810B9	Q810B9
Q810B9	NP_001101153
Q810B9	O94933
Q810B9	O94991
Q810B9	Q810B7
Q810B9	NP_001100754
Q810B9	Q810B8
Q810B9	Q8IW52
Q810B9	NP_001100417
Q810B9	Q9H5Y7
Q810B9	Q8C110
Q810B9	Q810C0
Q810B9	Q9H156
Q810B9	NP_001101057
Q810B9	Q8BGX3
Q810B9	Q8N967
Q810B9	Q8BXQ3
Q810B9	Q9HBL6
Q810B9	Q96PX8
Q810B9	Q810C1
O60930	O60930
O60930	O70338
O60930	Q5BK46
O60930	NP_001273867
Q9P2C4	Q9P2C4
Q9P2C4	Q3U3W2
Q9P2C4	B4F7D5
Q4V328	Q4V328
Q4V328	Q8VD04
Q4V328	Q9JHZ4
Q9ESG4	Q9ESG4
Q9ESG4	Q9HBJ8
Q9ESG4	Q9ESG3
Q8N468	Q8N468
Q8N468	Q6PDC8
Q8C0V9	Q8C0V9
Q8C0V9	NP_001257983
Q8C0V9	Q96NE9
Q8C0V9	Q96NE9-2
Q8C0V9	Q8N878
Q3UMF0	Q3UMF0
Q3UMF0	Q3UMF0-2
Q3UMF0	F1M5T6
Q3UMF0	Q53SF7-2
Q3UMF0	Q53SF7
Q3UMF0	F1N290
Q2M3V2	Q2M3V2
Q2M3V2	Q8BLS7
P56581	P56581
P56581	Q13569
P56581	NP_001375432
Q9ULH4	Q9ULH4
Q9ULH4	Q80TG9
Q9ULH4	Q460M5
Q9ULH4	D4A1J9
Q9ULH4	Q96NI6
Q9ULH4	Q8BXA0
Q9ULH4	Q80XU8
Q9ULH4	Q6PJG9
Q9ULH4	D4ABX8
Q9ULH4	Q9BTN0
Q9ULH4	Q8BLY3
Q9ULH4	B0BNK7
Q9ULH4	Q9P244
Q9ULH4	Q2WF71
Q9ULH4	P0C7J6
Q5SRN2	Q5SRN2
Q9CQQ7	Q9CQQ7
Q9CQQ7	P24539
Q9CQQ7	P19511
Q9CQQ7	P13619
Q99J79	Q99J79
Q99J79	Q92466
Q99J79	D3ZR08
Q08288	Q08288
Q08288	Q6AYK5
Q08288	Q9NX58
Q6ZW49	Q6ZW49
Q6ZW49	Q6NZQ4
Q6ZW49	Q6ZW49-1
Q6ZW49	D3ZSX6
Q7TME0	Q7TME0
Q7TME0	Q7Z2D5
Q7TME0	Q7TMB7
Q7TME0	Q7TMB0
Q7TME0	Q7TPB0
Q7TME0	Q6T4P5-3
Q7TME0	Q6T4P5
Q7TME0	Q8BFZ2
Q7TME0	Q8BJ52
Q7TME0	Q32ZL2
Q7TME0	Q8TBJ4
Q7TME0	Q6WAY2
Q7TME0	Q32ZL2-2
Q7TME0	Q8VCY8-2
Q7TME0	Q6W5G4
Q7TME0	Q8VCY8
Q7TME0	Q96GM1
Q7TME0	Q96GM1-2
Q07065	Q07065
Q07065	Q8BMK4
Q07065	D3ZH41
Q9UBP0	Q9UBP0
Q9UBP0	B2RYN7
Q9UBP0	Q9QYY8
Q9UBP0	Q9UBP0-3
Q9UBP0	Q9UBP0-2
Q9UBP0	P46467
Q9UBP0	O75351
Q9UBP0	Q4KLL7
Q9UBP0	Q793F9
Q9UBP0	Q8VEJ9
Q9UBP0	Q9UN37
Q15811	Q15811
Q15811	NP_001129568
Q15811	Q15811-3
Q15811	Q15811-5
Q15811	Q15811-2
Q15811	Q15811-7
Q15811	Q9Z0R4
Q15811	Q9WVE9
Q15811	Q9NZM3
Q15811	Q9NZM3-2
Q15811	Q9NZM3-4
Q15811	XP_233945
Q15811	Q9Z0R6
Q96T58	Q96T58
Q96T58	Q62504
Q96T58	NP_001258424
Q99JX4	Q99JX4
Q99JX4	Q7L2H7
Q99JX4	D3ZAZ0
P25490	P25490
P25490	Q8CHJ4
P25490	Q00899
P25490	O15391
P25490	Q3TTC2
P25490	P0C6P6
Q8NC60	Q8NC60
Q8NC60	Q9JJG9
Q8NC60	A0A0G2K602
Q99N27	Q99N27
Q99N27	NP_001099605
Q99N27	Q13596-2
Q99N27	Q9WV80
Q99N27	Q13596
Q99N27	Q9CWK8
Q99N27	O60749
B5DEL8	B5DEL8
B5DEL8	Q99LY9
B5DEL8	O43920
Q9CXL3	Q9CXL3
Q9CXL3	Q5I0E3
Q9CXL3	Q9BRJ6
P02808	P02808
P57759	P57759
P57759	P52555
P57759	P30040
P57759	F1M259
O95168	O95168
O95168	Q9CQC7
O95168	F1LPG5
O95168	P48305
Q8CB93	Q8CB93
Q8CB93	Q8N292
Q9NRJ2	Q9NRJ2
Q01804	Q01804
Q01804	Q01804-5
Q01804	Q01804-3
Q01804	B2RRE7
Q01804	F1M7Q7
Q9JJV9	Q9JJV9
Q9JJV9	P15389
Q9JJV9	O08562
Q9JJV9	F8VPQ7
Q9JJV9	Q62205
Q9JJV9	Q9UQD0-3
Q9JJV9	Q9WTU3
Q9JJV9	Q9Y5Y9
Q9JJV9	B1AWN6
Q9JJV9	Q9UQD0
Q9JJV9	Q9ER60
Q9JJV9	P15390
Q9JJV9	P35499
Q9JJV9	P35498
Q9JJV9	P35498-3
Q9JJV9	P04774
Q9JJV9	A2APX8
Q9JJV9	Q14524
Q9JJV9	Q9NY46
Q9JJV9	A2ASI5
Q9JJV9	Q9NY46-3
Q9JJV9	P08104
Q9JJV9	Q9NY46-2
Q9JJV9	P97706
Q9JJV9	Q62467
Q9JJV9	O88420
Q9JJV9	Q01118
Q9JJV9	Q15858
Q9JJV9	Q15858-3
Q9JJV9	Q6QIY3
Q9JJV9	Q62968
Q9JJV9	IPI00476429
Q9JJV9	Q99250
Q9JJV9	P04775
Q9JJV9	Q9R053
Q9JJV9	Q9UI33
Q9JJV9	O88457
XP_575844	XP_575844
XP_575844	Q96SN8
XP_575844	Q96SN8-2
XP_575844	Q8K389
XP_216060	XP_216060
XP_216060	Q96PZ0-2
XP_216060	Q91VU7
XP_216060	Q96PZ0
XP_216060	D4ABN2
XP_216060	Q8CE46
XP_216060	Q9H0K6
D3ZW60	D3ZW60
D3ZW60	Q6A070
D3ZW60	Q9Y4F4
Q0VGB7	Q0VGB7
Q0VGB7	NP_001100083
Q0VGB7	Q9NY27
Q0VGB7	Q9NY27-2
O60934	O60934
O60934	Q9R207
O60934	Q9JIL9
O60673	O60673
O60673	O60673-2
O60673	Q61493
P53004	P53004
P53004	P46844
P53004	Q9CY64
Q10571	Q10571
Q10571	D3YWE6
P49919	P49919
P49919	P49919-2
P49919	P49918
P49919	P46527
P49919	P46414
P49919	O08769
Q15648	Q15648
Q15648	Q925J9
Q15648	D3ZRN2
Q9WU72	Q9WU72
Q9WU72	D3ZFD8
Q9WU72	Q9Y275
P04183	P04183
P04183	P04184
P04183	P27158
Q99490	Q99490
Q99490	Q3UHD9
Q99490	Q8CGU4
Q99490	Q99490-2
Q99490	Q8BXK8
Q99490	Q9UPQ3
Q99490	G3V9U1
Q99490	Q9UPQ3-2
Q99490	Q96P47-4
Q99490	Q96P47-3
Q99490	Q96P47
Q99490	Q8VHH5
Q99490	Q96P47-2
Q99490	G3V9Z5
Q99490	Q5VTM2
Q99490	A6NIR3
Q99490	Q96P64
Q99490	Q5VUJ5
Q99490	Q5VW22
Q99490	Q8TF27
Q14674	Q14674
Q14674	P60330
Q14674	D3ZDT7
P12023	P12023
P12023	P08592-2
P12023	P05067-10
P12023	P08592
P12023	P05067-8
P12023	P05067
P12023	P12023-2
P12023	P05067-4
P12023	Q06481-5
P12023	P15943
P12023	Q06335
P12023	Q06481
P12023	Q61482
P12023	Q06481-3
P12023	Q06481-2
P12023	Q03157
P12023	P51693
P12023	P51693-2
Q9WU82	Q9WU82
Q9WU82	Q02248
Q9WU82	XP_008258482
Q9WU82	P35222
Q9WU82	Q6P0K8
Q9WU82	Q02257
Q9WU82	P14923
Q9WU82	Q8SPJ1
Q5RJJ7	Q5RJJ7
Q14722	Q14722
Q14722	Q14722-2
Q14722	P62482
Q14722	Q13303
Q14722	O43448
Q14722	Q63494
Q14722	P97382
Q14722	P63143
Q14722	Q13303-2
Q14722	Q14722-3
Q14722	P63144
Q14722	P62483
Q14722	Q13303-3
Q4V8J4	Q4V8J4
Q4V8J4	Q8K2C8
Q4V8J4	Q86UL3
Q4V8J4	Q8C0N2
Q4V8J4	Q53EU6
Q4V8J4	Q0ZFS7
E9PTK7	E9PTK7
E9PTK7	P0C7P3
E9PTK7	V9GXG1
E9PTK7	B1ARD8
E9PTK7	B1ARD6
E9PTK7	XP_923020
E9PTK7	XP_577117
E9PTK7	NP_446139
E9PTK7	Q3UV10
E9PTK7	Q9Z0I5
E9PTK7	NP_001100501
E9PTK7	Q9Z0I6
E9PTK7	P24051
E9PTK7	Q71UM5
E9PTK7	Q6ZWY3
E9PTK7	P42677
E9PTK7	Q6ZWU9
E9PTK7	Q71TY3
E9PTK7	Q6IEE8
E9PTK7	Q8IYM2
E9PTK7	Q8CBA2
E9PTK7	XP_220775
E9PTK7	Q7Z7L1
E9PTK7	Q68D06
E9PTK7	XP_002695699
E9PTK7	Q08AF3
E9PTK7	Q9Z0I7
E9PTK7	Q5U311
Q8WTS6	Q8WTS6
Q8WTS6	Q8VHL1
Q8WTS6	D4ADE5
Q0VB07	Q0VB07
Q0VB07	Q96LB8
Q0VB07	Q96LB9
Q0VB07	A1A547
Q0VB07	Q9JLN4
Q0VB07	O88593
Q6Y288	Q6Y288
Q6Y288	Q8BHT6
P01127	P01127
P01127	Q05028
P01127	P31240
P01127	P04085
P01127	P20033
P01127	P28576
Q8NEN0	Q8NEN0
Q8NEN0	Q3URY6
Q9NXF7	Q9NXF7
Q5TGU0	Q5TGU0
Q5TGU0	Q9CRZ8
Q5TGU0	P16257
Q5TGU0	P30536
Q5TGU0	P50637
A1A5R9	A1A5R9
A1A5R9	Q8C8J0
A1A5R9	Q8N412
P78549	P78549
P78549	O35980
Q96HJ3	Q96HJ3
Q96HJ3	Q3UI66
Q96HJ3	Q96HJ3-2
Q9Y5Z4	Q9Y5Z4
Q9Y5Z4	D3ZHC4
Q9Y5Z4	Q9WU63
Q3THJ3	Q3THJ3
Q3THJ3	Q5RKI6
Q3THJ3	Q8N9N8
Q9NX62	Q9NX62
Q9NX62	Q80V26
Q9NX62	D4AD37
Q8C0Y0	Q8C0Y0
Q8C0Y0	Q6NUP7
P82930	P82930
P82930	Q9JIK9
P82930	D4ABM5
Q13111	Q13111
Q13111	Q13111-2
Q13111	Q13111_VAR_A950S
Q13111	Q9QWF0
Q13111	M0R3S3
Q17RF5	Q17RF5
Q17RF5	J3QNT8
Q17RF5	A0A0G2K6Z9
Q8WVN6	Q8WVN6
Q8WVN6	Q9JL59
Q8WVN6	Q921W8
Q6UX52	Q6UX52
Q6UX52	Q9CX63
Q5SY85	Q5SY85
Q0VDD5	Q0VDD5
Q8N7Q2	Q8N7Q2
Q13938	Q13938
Q13938	Q8WWF8
Q13938	Q6P8Y1
Q13938	D4A6W9
P0CG22	P0CG22
P0CG22	Q13268
P0CG22	Q9BTZ2-5
P0CG22	Q99LB2
P0CG22	Q6PKH6
P0CG22	Q9BTZ2
P0CG22	Q8VID1
Q3URS3	Q3URS3
Q3URS3	A6NCL2
Q3URS3	D3ZVN1
Q3URS3	Q3UW21
Q3URS3	Q6UWE3
Q6ZQT0	Q6ZQT0
Q3LHN0	Q3LHN0
Q99969	Q99969
Q99969	Q9DD06
P60507	P60507
P60507	Q9UQF0
P60507	P60608
Q9D638	Q9D638
Q9D638	Q9BYR8
Q9D638	A2A591
Q9D638	Q9BYR6
Q9D638	Q9BYR7
P60329	P60329
P60329	P59991
P60329	P59990
P60329	Q9Z287
A6XGL0	A6XGL0
A6XGL0	F6W8I0
A6XGL0	Q8NCW5
A6XGL0	B0BNM1
A6XGL0	Q8NCW5-2
A6XGL0	Q8K4Z3
Q8N8I0	Q8N8I0
Q8N8I0	Q0VE29
Q8N8I0	B8ZZB7
Q69YL0	Q69YL0
Q5PQQ2	Q5PQQ2
Q5PQQ2	Q923D5
Q5PQQ2	Q9Y2W2
P40925-3	P40925-3
P40925-3	P40925-2
P40925-3	O88989
P40925-3	P11708
P40925-3	P14152
P40925-3	P40925
Q6S5J6	Q6S5J6
Q6S5J6	O00522
Q6S5J6	G3V8Z6
E9PWH2	E9PWH2
E9PWH2	A0A0G2JTL6
E9PWH2	Q9BX69
Q6PCE3	Q6PCE3
Q6PCE3	Q8CAA7
Q6PCE3	D3Z955
Q6PCE3	B1H277
Q6PCE3	Q96G03
Q6PCE3	Q7TSV4
Q9D902	Q9D902
Q9D902	P29084
Q9D902	D3ZCP9
O35382	O35382
O35382	Q62824
O35382	Q96A65
P27815	P27815
P27815	P27815-6
P27815	Q07343-2
P27815	P27815-7
P27815	P27815-2
P27815	Q08493-2
P27815	P14644
P27815	Q08499
P27815	Q08499-2
P27815	Q01063-2
P27815	P14270
P27815	P14270-6
P27815	Q01063
P27815	P14270-8
P27815	Q08499-6
P27815	Q08499-5
P27815	Q01063-3
P27815	Q08499-9
P27815	Q08499-10
P27815	Q08499-4
P27815	O70286
P27815	Q08499-7
P27815	P54748
P27815	O89084
P27815	P14646
P27815	P14646-1
P27815	Q8VBU5
P27815	Q07343
P27815	Q07343-3
P27815	Q08493
P27815	Q3UEI1
P27815	O76083
P27815	Q8QZV1
P27815	O70628
P27815	O76083-12
P27815	Q9NP56
P27815	Q9QXQ1
P27815	Q8VIE4
P27815	F1LM88
P27815	Q13946-2
P27815	P70453
P27815	Q13946
Q99707	Q99707
Q99707	Q9Z2Q4
Q99707	A6H5Y3
Q15572	Q15572
Q15572	Q15572-2
Q15572	Q6P773
Q15572	Q6PDZ2
Q8NEL9	Q8NEL9
Q8NEL9	Q80YA3
Q8NEL9	Q3ZAU5
Q8NEL9	Q8NEL9-2
Q8NEL9	O46606
A2AS89	A2AS89
A2AS89	Q0D2L3
A2AS89	Q9BSE5
O15503	O15503
O15503	Q9Y5U4
O15503	Q8BGI3
O15503	Q91WG1
O15503	Q80UA9
O15503	Q08755
O15503	F5H6P3
A0A0U1RR07	A0A0U1RR07
A0A0U1RR07	Q9HCH5-4
A0A0U1RR07	NP_001101962
A0A0U1RR07	Q9HCH5-7
A0A0U1RR07	Q9HCH5-8
A0A0U1RR07	Q9HCH5-13
A0A0U1RR07	Q99N50-4
A0A0U1RR07	Q9HCH5
A0A0U1RR07	Q99N50-2
A0A0U1RR07	Q99N50
A0A0U1RR07	Q99N50-3
A0A0U1RR07	Q99N80
A0A0U1RR07	Q8IYJ3
A0A0U1RR07	Q8IYJ3-2
A0A0U1RR07	Q4KMA1
A0A0U1RR07	Q9R0Q1
A0A0U1RR07	Q96C24
A0A0U1RR07	Q8VHQ7
A0A0U1RR07	Q4VX76
A0A0U1RR07	NP_001121032
A0A0U1RR07	Q99N48
A0A0U1RR07	Q3UX90
Q6UX73	Q6UX73
Q6UX73	Q6UX73-2
Q6UX73	D3ZFA0
Q6UX73	Q3UST5
Q6IQ49	Q6IQ49
Q6IQ49	Q6IQ49-2
Q6IQ49	Q6IQ49-3
Q6IQ49	Q8K1J5
Q6IQ49	Q5BJN8
Q6PCB5	Q6PCB5
Q6PCB5	D3ZZH7
Q6PCB5	Q6PCB5-2
Q6PCB5	D3Z0K6
Q6PCB5	Q5VWQ0
Q6PCB5	Q80T69
Q6PCB5	D4A1U7
Q9NQB0	Q9NQB0
Q9NQB0	Q9NQB0-4
Q9NQB0	Q924A0
Q9NQB0	NP_001177981
Q9NQB0	Q9NQB0-3
Q9NQB0	P36402
Q9NQB0	P36402-5
Q9NQB0	Q9UJU2
Q9NQB0	Q8BGZ9
Q9NQB0	Q9QXN1
Q9NQB0	P27782
Q9NQB0	Q9UJU2-6
Q9NQB0	Q9NQB0-10
Q9NQB0	Q9HCS4
Q9NQB0	F1M1R9
Q9NQB0	Q9Z1J1
Q9NQB0	Q00417
Q9NQB0	P36402-4
Q9NQB0	P36402-6
Q9NQB0	P36402-10
Q9D2N4	Q9D2N4
Q9D2N4	Q9Y4J8-2
Q9D2N4	Q9Y4J8-3
Q9D2N4	Q9Y4J8-4
Q9D2N4	Q9Y4J8-15
Q9D2N4	Q9Y4J8
Q9D2N4	Q9Y4J8-14
Q9D2N4	Q9Y4J8-10
Q9D2N4	O70585
Q9D2N4	O70585-2
Q9D2N4	O60941-2
Q9D2N4	P84060
Q9D2N4	O60941
Q9D2N4	O60941-3
Q15468	Q15468
Q15468	Q60988
Q15468	XP_233429
Q7L190	Q7L190
Q7L190	D3Z8Y2
Q7L190	Q8CCG4
Q7L190	Q7Z7J5
Q7L190	Q9CWH0
Q7Z745	Q7Z745
Q7Z745	Q7M6Y6
Q7Z745	D4AEN7
Q8BLV3	Q8BLV3
Q8BLV3	D3ZJ86
Q8BLV3	Q92581-3
Q8BLV3	Q96T83
Q8BLV3	A1L3P4
Q8BLV3	Q92581
Q8BLV3	D3ZCI2
Q8BLV3	Q8BLV3-2
Q8BLV3	Q92581-1
Q8BLV3	Q8IVB4
Q8BLV3	Q8BZ00
Q8BLV3	D4A7H1
Q8BLV3	Q9Y2E8-2
Q8BLV3	Q8R4D1
Q8BLV3	Q9Y2E8
Q8BLV3	Q4L208
O15259	O15259
O15259	Q9QY53
O15259	NP_001300931
Q8BH55	Q8BH55
Q8BH55	Q8IYQ7
Q8BH55	Q5BK42
Q8N3C7	Q8N3C7
Q8N3C7	Q66HD5
Q8N3C7	Q8CI96
Q8N3C7	Q96DZ5
Q8N3C7	B9EHT4
Q6UWI2	Q6UWI2
Q6UWI2	Q923D3
Q6UWI2	Q6P9X9
Q96I76	Q96I76
Q96I76	Q8BIY1
Q8N283	Q8N283
Q8N283	E9Q9D8
Q8N283	XP_345259
Q8IWF9	Q8IWF9
Q8IWF9	D3YUZ0
Q8IWF9	Q9D4V3
P19075	P19075
P19075	O55158
P19075	Q8R3G9
P19075	Q9JJW1
P19075	O60636
P19075	Q922J6
P19075	P60033
P19075	P35762
P19075	Q62745
Q7Z6K1	Q7Z6K1
Q9Y2G1	Q9Y2G1
Q9Y2G1	D4A352
Q9Y2G1	Q3UR85
Q9Y2G1	Q96LU7
Q9Y2G1	Q3UN70
Q9BZJ8	Q9BZJ8
Q9BZJ8	Q8C010
Q9BZJ8	Q9BZJ7
Q9BZJ8	Q80UC6
Q80Y83	Q80Y83
Q80Y83	Q80Y83-11
Q80Y83	Q155Q3
Q80Y83	Q155Q3-2
Q80Y83	Q2VUH7
Q8WXG6	Q8WXG6
Q8WXG6	Q80U28
Q8WXG6	Q8WXG6-2
Q8WXG6	O08873
Q8WXG6	Q8WXG6-4
Q8WXG6	Q80U28-4
Q8WXG6	Q8WXG6-3
Q8WXG6	Q8WXG6-6
Q8WXG6	Q80U28-10
Q8IY26	Q8IY26
Q8IY26	Q66H88
Q8IY26	Q9D4F2
Q8IY26	Q5FVJ3
Q8IY26	Q8NBV4
Q8IY26	Q91WB2
P09760	P09760
P09760	P16591-3
P09760	P70451-4
P09760	P70451
P09760	P16591-2
P09760	D4A584
P09760	P16879
P09760	P07332
P09760	P16591
A2CG63	A2CG63
A2CG63	Q4LE39
A2CG63	Q9JKB5
A2CG63	A0A0G2K094
A2CG63	P29374
A2CG63	Q4LE39-2
A2CG63	F8VPQ2
Q8BKR5	Q8BKR5
Q8BKR5	O75864
Q8BKR5	B2RYF1
Q9HCM1	Q9HCM1
Q9HCM1	Q5DTW7
Q9HCM1	Q5DTW7-3
Q9HCM1	XP_229579
Q9NX00	Q9NX00
Q9NX00	Q9D938
D3YY91	D3YY91
D3YY91	Q96L50
P42126	P42126
P42126	P42125
P42126	P23965
Q8TBE0	Q8TBE0
Q8TBE0	Q8TBE0-3
Q8TBE0	Q497V6
Q8TBE0	XP_001080776
O43825	O43825
O43825	O54905
O43825	Q9Y5Z6
O43825	O54904
O43825	D3ZPD8
O43825	Q9Y2C3
O43825	Q9JI67
O43825	Q7Z7M8
O43825	Q8R3I9
O43825	Q920V1
O43825	O75752
O43825	Q6AY39
O43825	Q9BYG0
O43825	Q8BGY6
O43825	Q99NB2
Q99551	Q99551
Q99551	Q8CHZ9
Q99551	Q9EPI8
Q99551	B9EJ57
Q0VEJ0	Q0VEJ0
Q0VEJ0	Q8TAP6
Q0VEJ0	G3V931
Q9UKA1	Q9UKA1
Q9UKA1	Q8C2S5
Q5XHX2	Q5XHX2
Q5XHX2	A2AI08
Q5XHX2	Q4KMQ1
Q5XHX2	Q4KMQ1-2
Q86UT8	Q86UT8
Q86UT8	Q4VA36
Q86UT8	D4A553
Q99JV5	Q99JV5
Q99JV5	NP_001099629
Q99JV5	Q96DR4
Q99JV5	D3ZN38
Q99JV5	Q9NSY2
Q99JV5	Q9EPQ7
D3ZPA8	D3ZPA8
D3ZPA8	Q8R080
D3ZPA8	Q9NYZ3
P21107	P21107
P21107	P58771-2
P21107	P58774
P21107	E9Q450
P21107	P06753-3
P21107	Q6IRU2
P21107	G5E8R0
P21107	P67936
P21107	P09493-7
P21107	P58772
P21107	P58774-2
P21107	P58771
P21107	P09493-5
P21107	P58775
P21107	P21107-2
P21107	B7ZNL3
P21107	P09493-3
P21107	P58775-2
P21107	P07951
P21107	P09493-6
P21107	P06753-4
P21107	P06753
P21107	P04692
P21107	P09493
P21107	P06753-6
P21107	P09493-2
P21107	Q63610
P21107	P09493-4
P21107	P42639
P21107	P07951-2
P21107	P09493-10
P21107	P06753-2
P21107	P09495
P21107	P67936-2
P21107	A1XQV4
O14545	O14545
O14545	Q99MM4
O14545	Q3UDK1
Q9H3P7	Q9H3P7
Q9H3P7	Q8BMP6
Q9H3P7	Q7TNY6
Q9H3P7	XP_038969264
Q9H3P7	Q6PL24
Q9H3P7	Q3UHI4
Q9BXP5	Q9BXP5
Q9BXP5	Q9BXP5-2
Q9BXP5	Q99MR6
Q9BXP5	XP_038945986
Q9BXP5	Q9BXP5-3
Q9BY44	Q9BY44
Q9BY44	Q8BJW6
Q9BY44	Q9BY44-2
Q9BY44	NP_001102809
Q92830	Q92830
Q92830	D4ACX5
Q92830	Q9JHD2
Q92830	A0A8I5Y222
Q92830	Q9JHD1
Q92830	Q92831
P16872	P16872
P16872	P16871
P16872	P16871-2
Q7TPH6	Q7TPH6
Q7TPH6	NP_001099525
Q7TPH6	O75592
Q7TPH6	O75592-2
Q5VUA4	Q5VUA4
Q5VUA4	ENSRNOP00000025335
Q5VUA4	Q99PP2
Q5VUA4	Q99PP2-2
Q4KMP7	Q4KMP7
Q4KMP7	P58802
Q4KMP7	Q9BXI6
Q4KMP7	Q8BHL3
Q4KMP7	Q587K3
Q4KMP7	Q4KMP7-2
Q4KMP7	NP_001102391
Q4KMP7	Q8IV04
Q4KMP7	Q8C9V1
O55033	O55033
O55033	O43639
O55033	D4A3M8
O55033	Q99M51
O55033	B2RZ33
O55033	P16333-2
O55033	P16333
O55033	D4A9E3
O55033	Q45HK4
O55033	D3ZF46
O55033	O35324
O55033	O14796
P16109	P16109
P16109	P98106
P16109	Q01102
P16109	Q00690
P16109	P98105
P16109	P16581
P16109	P14151-2
P16109	P14151
P16109	P18337
P16109	P30836
P16109	P02749
P16109	P26644
P16109	Q01339
Q6URK4	Q6URK4
Q6URK4	Q32P51
Q6URK4	P04256
Q6URK4	P49312
Q6URK4	A0A2R8Y4L2
Q6URK4	P09651
Q6URK4	P09651-2
Q6URK4	O88569-3
Q6URK4	Q5EBP8
Q6URK4	Q8BG05
Q6URK4	Q6URK4-2
Q6URK4	P51991
Q6URK4	NP_001159443
Q6URK4	P22626-2
Q6URK4	P51991-2
Q6URK4	O88569
Q6URK4	P22626
Q6URK4	Q6P6I7
Q6URK4	O43347
Q6URK4	Q96DH6
Q6URK4	Q96DH6-2
Q6URK4	Q8K3P4
Q6URK4	Q61474
Q6URK4	XP_038943588
Q6URK4	Q920Q6
Q6URK4	NP_001098083
Q6URK4	XP_003751688
Q6URK4	Q9CX86
Q6URK4	Q13151
Q9JHK4	Q9JHK4
Q9JHK4	Q92696
Q9JHK4	Q08602
Q8VDT9	Q8VDT9
Q8VDT9	Q8N5N7
Q8VDT9	D3ZYL4
D3ZX52	D3ZX52
D3ZX52	Q8CBY3
D3ZX52	Q96PV6-1
D3ZX52	Q96PV6
NP_001178647	NP_001178647
NP_001178647	Q9HB96
NP_001178647	NP_001157291
Q9H5L6	Q9H5L6
Q9H5L6	Q8TBB0
Q9H5L6	D3ZK30
Q8K199	Q8K199
Q8K199	Q9NRP2
Q8K199	D4A471
Q8C9L1	Q8C9L1
Q8NCS4	Q8NCS4
Q8NCS4	D3ZYP5
Q8NCS4	Q3U0Y2
P06727	P06727
P06727	P06728
P06727	P02651
Q9Y6X4	Q9Y6X4
Q9Y6X4	Q5XG69
Q9Y6X4	D3ZKX8
Q9Y6X4	Q8CHT6
Q9Y6X4	Q8N8A8
Q8N3J2	Q8N3J2
Q8N3J2	Q3U034
Q8N3J2	D3ZD59
Q91YJ3	Q91YJ3
Q91YJ3	Q9P016
Q91YJ3	Q6P3E0
Q2NKJ3	Q2NKJ3
Q2NKJ3	Q5SUQ9
Q2NKJ3	Q5SUQ9-2
Q2NKJ3	D4A261
Q8N0X4	Q8N0X4
Q8N0X4	Q5I0K3
Q8N0X4	Q8R4N0
P38435	P38435
P38435	Q9QYC7
P38435	O88496
Q9NYP9	Q9NYP9
Q9NYP9	Q9CXR6
Q9NYP9	Q9CZJ6
Q9NYP9	B2RZC4
P54319	P54319
P54319	P27612
P54319	Q9Y263
Q68FS2	Q68FS2
Q68FS2	O88544
Q68FS2	Q9BT78
Q9D485	Q9D485
Q9D485	Q5JST6
Q9D485	D3ZD71
Q9D485	Q5JVL4
Q9D485	Q9D9T8
Q8NHR7	Q8NHR7
Q8NHR7	Q9D494
Q66HD8	Q66HD8
Q66HD8	Q8C627
Q66HD8	A6H8Z2
O08914	O08914
O08914	O00519
O08914	P97612
Q8K003	Q8K003
Q8K003	Q9Y2S6
Q8K003	A0A024R1R8
Q8K003	NP_001119520
Q3V0K9	Q3V0K9
Q3V0K9	Q61233
Q3V0K9	B5DEY0
Q3V0K9	Q5XI38
Q3V0K9	Q63598
Q3V0K9	Q99K51
Q3V0K9	P13796
Q3V0K9	P13797
Q3V0K9	Q14651
Q9BXT6	Q9BXT6
Q9BXT6	Q8WUE5
Q9BXT6	Q99MV5
Q9BXT6	D3ZUC2
Q9BXT6	P23249
Q9BXT6	Q9HCE1
Q9BXT6	Q3TQ67
Q9R257	Q9R257
Q9R257	Q9NRV9
Q9R257	B4F7C7
Q9Z1P6	Q9Z1P6
Q9Z1P6	A9UMV9
Q9Z1P6	O95182
Q9Z1P6	Q05752
Q8BFR6	Q8BFR6
Q8BFR6	Q8TCF1
Q8BFR6	D3ZQI4
Q8BFR6	Q8WV99
Q8BFR6	Q9JII7
Q8BFR6	Q4KLG9
Q8BFR6	Q91X58
Q8BFR6	Q5U2P3
Q8BFR6	Q8N6M9
Q8R3V6	Q8R3V6
Q8R3V6	Q5PQP8
Q8R3V6	Q9NWM3
Q16790	Q16790
Q16790	Q8VHB5
Q16790	Q9ULX7
Q16790	A2IBE0
Q16790	Q9WVT6
Q16790	P28651
Q16790	Q5PPN4
Q16790	P35219
Q16790	P48284
Q16790	Q64444
Q16790	Q99N23
Q16790	F7FL00
Q16790	P22748
Q16790	Q9Y2D0
Q16790	Q9QZA0
Q16790	P35218
Q16790	Q66HG6
Q16790	P43165
Q16790	P23589
Q16790	P43166
Q16790	Q9ERQ8
Q16790	Q8N1Q1
Q16790	Q9D6N1
Q16790	B5DFG6
Q16790	P00915
Q16790	P00921
Q16790	P00920
Q16790	P27139
Q16790	P00918
Q16790	P14141
Q16790	P16015
Q16790	P07451
Q16790	B0BNN3
Q16790	P13634
Q16790	Q9NS85
Q16790	P61215
Q16790	O70354
Q16790	O75493
Q4V9L6	Q4V9L6
Q4V9L6	Q8R138
Q4V9L6	B2RYL3
Q96M83	Q96M83
Q96M83	Q9D541
Q96M83	Q5G5J2
Q96M83	Q6P8U9
Q96EU6	Q96EU6
Q96EU6	XP_006244634
Q96EU6	Q3UFY0
P35492	P35492
P35492	P42357
P35492	P21213
Q8C3R1	Q8C3R1
Q8C3R1	D3ZSM9
Q8C3R1	Q6PJG6
Q8CIW5	Q8CIW5
Q8CIW5	Q96RR1
Q8CIW5	D3ZA68
Q68FL4	Q68FL4
Q68FL4	Q96HN2-2
Q68FL4	B5DFN2
Q68FL4	D3ZWL6
Q68FL4	Q96HN2
Q68FL4	Q80SW1
Q68FL4	O43865
Q68FL4	P50247
Q68FL4	P23526
Q68FL4	P10760
Q68FL4	P23526-2
Q8N5Z5	Q8N5Z5
Q8N5Z5	Q9NXV2
Q8N5Z5	Q8VC57
Q8N5Z5	Q14681
Q8N5Z5	Q4VBE7
Q8N5Z5	B5DEL1
Q8N5Z5	E0CYQ0
Q6GV12	Q6GV12
Q6GV12	Q06136
Q6GV12	D3Z9P1
O15482	O15482
O15482	NP_001178032
O15482	NP_001119960
Q9UK39	Q9UK39
Q9UK39	O35710
Q9UK39	Q9ET55
A7YQ68	A7YQ68
A7YQ68	Q7Z3G6
A7YQ68	F1M0J7
A7YQ68	Q3U5C7
A7YQ68	Q71QF9
A7YQ68	Q96MT3
A7YQ68	P47226
A7YQ68	Q9UGI8
A7YQ68	Q9UGI8-2
A7YQ68	Q3V085
A7YQ68	Q2LAP6
A7YQ68	Q80VL3
A7YQ68	O43900
A7YQ68	Q5U2Q0
A7YQ68	Q9NZU5
A7YQ68	Q8VEE1
A7YQ68	XP_236920
A7YQ68	XP_355019
A7YQ68	Q2TBC4
O00592	O00592
O00592	Q9R0M4
O00592	Q9WTQ2
Q8N350	Q8N350
Q8N350	Q8N350-4
Q8N350	Q66L44
Q8N350	F1MAS1
Q6UX15	Q6UX15
Q6UX15	Q6UX15-3
Q6UX15	Q8C351
Q6UX15	Q9H9P2
Q6UX15	Q9H9P2-4
Q6UX15	Q9H9P2-3
Q6UX15	Q9CXM0
Q6UX15	D3Z895
Q9D7D7	Q9D7D7
Q9D7D7	Q96B33
Q9UNK9	Q9UNK9
Q9UNK9	Q8VCU0
Q9UNK9	B2RYM0
Q9UNK9	Q8K1C0
Q9UNK9	F1LT13
Q9UNK9	Q5VTE6
Q91VN4	Q91VN4
Q91VN4	Q9BRQ6
Q91VN4	D4A7N1
Q91VN4	Q9NX63
Q91VN4	D3ZUX5
Q91VN4	Q9CRB9
Q8NBF2	Q8NBF2
Q8NBF2	D3ZLM5
Q8NBF2	Q8NBF2-2
Q8NBF2	Q8BZW8
O95197	O95197
O95197	Q9ES97-3
O95197	O95197-3
O95197	O95197-5
O95197	Q9ES97
O95197	Q6RJR6
Q91VL9	Q91VL9
Q91VL9	Q9Y2K1
Q91VL9	Q672J3
Q8N653	Q8N653
Q8N653	Q9CQ33
Q8N653	B5DFI4
Q924C1	Q924C1
Q924C1	D3ZQE8
Q924C1	Q9HAV4
Q15750	Q15750
Q15750	NP_001103446
Q15750	Q8CF89
Q15750	Q15750-2
P49418	P49418
P49418	Q7TQF7
P49418	O08838
P49418	O00499
P49418	O08539
P49418	O08839
P49418	O00499-11
P49418	O00499-7
P49418	O08539-2
P49418	O00499-2
P49418	O00499-10
P49418	Q9UBW5
P49418	Q68FR2
P49418	D3Z6Q9
Q6KC79	Q6KC79
Q6KC79	A0A8I6AXR8
Q6KC79	Q6KCD5-2
Q6KC79	Q6KC79-2
Q6KC79	Q6KCD5
Q99LC3	Q99LC3
Q99LC3	P34942
Q99LC3	Q561S0
Q99LC3	O95299
Q8C817	Q8C817
Q8C817	Q86VY9
Q8C817	D3Z9K1
Q684P5	Q684P5
Q684P5	Q684P5-2
Q684P5	Q5SVL6
Q684P5	Q684P5-3
Q684P5	D3ZPI4
Q684P5	P47736-4
Q684P5	XP_233609
Q684P5	P47736-2
Q684P5	A2ALS4-4
Q684P5	A2ALS5-3
Q684P5	A2ALS5-2
Q684P5	ENSMUSP00000064328
Q684P5	P47736-3
Q684P5	A2ALS5
Q684P5	P47736
Q05086	Q05086
Q05086	Q05086-3
Q05086	Q05086-2
Q05086	F1M7B8
Q05086	O08759
Q05086	O08759-2
Q05086	Q5U5R9
Q05086	Q8CDU6
P40818	P40818
P40818	Q70EL3
P40818	Q6P8X6
P40818	NP_001099972
P40818	Q80U87
P40818	D0RB01
P40818	P62068
P40818	P62069
P40818	Q9D9M2
P40818	O75317
P40818	F1M625
P40818	Q91W36
P40818	Q9Y6I4-2
P40818	Q9Y6I4
P40818	Q4JL29
P40818	Q9QZL6
P40818	B2GUX4
P40818	Q9UK80
Q10570	Q10570
Q10570	Q9EPU4
Q10570	D4A0H5
Q571H2	Q571H2
Q571H2	Q93075
Q571H2	NP_001102722
Q9UNS1	Q9UNS1
Q9UNS1	Q9Z2Y1
Q9UNS1	Q9R1X4
Q6ZQK0	Q6ZQK0
Q6ZQK0	P42695
Q6ZQK0	Q3T1H0
Q6ZQK0	F1NS98
Q96JH7	Q96JH7
Q96JH7	Q8CF97
Q96JH7	Q8CDG3
Q15464	Q15464
Q15464	Q15464-2
Q15464	XP_002726568
Q15464	Q6PD21
Q15464	Q5VZ18
Q15464	Q8BSD5
Q15464	D4A529
Q15464	O88834
Q15464	NP_001101693
Q15464	Q96IW2
Q15464	Q7M4L6
Q15464	F1M4K0
Q15464	Q8CG80
Q8TEA7	Q8TEA7
Q8TEA7	Q8BM85
Q8TEA7	Q8TEA7-2
Q8TEA7	E9Q1W7
Q8TEA7	D3ZA89
Q14296	Q14296
Q14296	Q9JIX9
O00444	O00444
O00444	B2GUY1
O00444	Q64702
P09619	P09619
P09619	P05622
P09619	Q05030
P09619	P16234
P09619	P20786
P09619	P26618
B1AHC3	B1AHC3
B1AHC3	Q9CXP4
B1AHC3	Q6AYD8
B1AHC3	P85298
B1AHC3	Q5FWK3
B1AHC3	D4A6C5
B1AHC3	Q07960
Q86U37	Q86U37
Q5TC04	Q5TC04
Q13536	Q13536
A0A024RCN7	A0A024RCN7
Q5HHM4	Q5HHM4
Q8IXI2-3	Q8IXI2-3
Q8IXI2-3	Q8IXI2-7
Q8IXI2-3	Q8IXI2-2
Q8IXI2-3	NP_001100496
Q8IXI2-3	Q8BG51-2
Q8IXI2-3	Q8BG51
Q8IXI2-3	Q8IXI2
Q8IXI2-3	Q7TSA0
Q8IXI2-3	Q8IXI1
Q8IXI2-3	Q8JZN7
P09565	P09565
Q8K262	Q8K262
Q8K262	Q5JTB6
Q6UXV3	Q6UXV3
Q810H5	Q810H5
Q810H5	Q9QXQ6
Q810H5	Q9UBC7
Q810H5	P47212
Q810H5	P10683
Q810H5	P22466
A6NGB7	A6NGB7
A6NGB7	Q8K071
Q9UHV2	Q9UHV2
Q9UHV2	Q9JL10
Q9UBP8	Q9UBP8
Q8WWB7	Q8WWB7
Q8WWB7	Q68FV6
Q8WWB7	Q9JHJ3
Q6ZVN7	Q6ZVN7
Q710D3	Q710D3
Q710D3	Q86WB7
Q8WUU8	Q8WUU8
Q8WUU8	Q9DCX7
Q8WUU8	Q68FU0
Q9WUI9	Q9WUI9
Q9WUI9	Q61026
Q9WUI9	Q15596
Q9WUI9	P70365
Q9WUI9	NP_001101482
Q9WUI9	Q15788
Q9WUI9	Q15788-2
Q9WUI9	Q9Y6Q9
Q9WUI9	Q9Y6Q9-2
Q9WUI9	Q9EPU2
Q9WUI9	O09000
NP_001013835	NP_001013835
NP_001013835	Q8IZL2
NP_001013835	F1M3B2
O95238	O95238
O95238	Q9WTP3
O95238	Q9UKW6
O95238	Q8VDK3
O15228	O15228
O15228	Q9ES71
O15228	P98192
Q9NWS1	Q9NWS1
Q9NWS1	Q6IRT3
Q9NWS1	Q9EQ10
Q63850	Q63850
Q63850	P17955
Q63850	A2AG10
Q63850	P37198
Q63850	Q9H1M0
O15067	O15067
O15067	Q5SUR0
O15067	NP_001099261
Q96QF0	Q96QF0
Q96QF0	Q68EF0
Q96QF0	Q62739
Q96QF0	Q8VDV3
Q96QF0	Q8TBN0
Q96QF0	Q99NH3
Q9Y5Q9	Q9Y5Q9
Q9Y5Q9	D4A7Q9
Q9Y5Q9	Q3TMP1
Q6AYN3	Q6AYN3
Q6AYN3	Q80Y39
Q6AYN3	Q5T681
Z4YJP0	Z4YJP0
Z4YJP0	D4A974
Z4YJP0	Q9R1Y5
Z4YJP0	Q14526
Z4YJP0	Q9JLZ6
Z4YJP0	Q96JB3
Q64230	Q64230
Q64230	P28825
Q64230	Q16819
Q64230	P28826
Q64230	Q61847
Q64230	Q16820
Q64230	Q6HA09
Q64230	Q6HA08
F1M5N4	F1M5N4
F1M5N4	P06801
F1M5N4	P48163
F1M5N4	Q8BMF3
F1M5N4	Q16798
F1M5N4	P13697
F1M5N4	Q99KE1
F1M5N4	P23368
F1M5N4	P23368-2
F1M5N4	D3ZJH9
Q8IZ96-17	Q8IZ96-17
Q8IZ96-17	Q8IZ96
Q8IZ96-17	A0A087WVB3
Q8IZ96-17	Q8IZ96-5
Q8IZ96-17	Q9UBR5
Q8IZ96-17	Q9DAS1
Q8IZ96-17	Q9JK79
Q96HB5-4	Q96HB5-4
Q96HB5-4	A2AEV7
Q96HB5-4	D3ZAB5
Q96HB5-4	Q96HB5
D3ZF50	D3ZF50
D3ZF50	Q8TCG1
D3ZF50	Q8BWY9
P0DJ93	P0DJ93
P0DJ93	D3ZR35
P0DJ93	E9Q942
Q14802-3	Q14802-3
Q14802-3	Q61835
Q14802-3	P59645
Q14802-3	Q14802-2
Q14802-3	Q14802-4
Q14802-3	Q14802-5
Q14802-3	Q14802
Q14802-3	P59646
Q14802-3	Q9D2W0
Q14802-3	Q63113
XP_006242091	XP_006242091
XP_006242091	Q6IRI7
XP_006242091	Q61827
XP_006242091	O54791
XP_006242091	O15525
XP_006242091	O54790
XP_006242091	Q9ULX9
XP_006242091	O60675
XP_006242091	Q76MX4
P0DPR3	P0DPR3
XP_235517	XP_235517
XP_235517	Q9H4I9
XP_235517	Q9DB10
A0A6I8PU40	A0A6I8PU40
A0A6I8PU40	A0A6I8MX38
A0A6I8PU40	A0A8I6B1W2
Q08623-4	Q08623-4
Q08623-4	Q08623
Q08623-4	Q9D5U5
O95273	O95273
O95273	Q5BK06
O95273	Q3TVC7
Q96JF0	Q96JF0
Q96JF0	Q701R3
Q96JF0	Q96JF0-2
Q96JF0	Q76K27
Q96JF0	P15907
Q96JF0	P13721
Q96JF0	Q64685
A0A0G2JZ71	A0A0G2JZ71
A0A0G2JZ71	Q96M32
A0A0G2JZ71	Q9D2H2
A0A0G2JZ71	Q9C005
A0A0G2JZ71	Q99LT0
A0A0G2JZ71	Q8K3E7
A0A0G2K543	A0A0G2K543
A0A0G2K543	Q86YS7-2
A0A0G2K543	Q86YS7-4
A0A0G2K543	Q7TPS5
A0A0G2K543	Q86YS7
A0A0G2K543	Q7TPS5-2
O08629	O08629
O08629	Q62318
O08629	Q13263
O08629	Q13263-2
E9Q2E4	E9Q2E4
E9Q2E4	XP_222205
E9Q2E4	Q9Y4D8
E9Q2E4	Q9Y4D8-5
Q9NV92	Q9NV92
Q9NV92	Q91ZP6
Q9NV92	Q5U2S1
Q9NV92	Q9BT67
Q9NV92	Q8R0W6
O60828	O60828
O60828	Q6PCT5
O60828	O60828-3
O60828	Q91VJ5
Q9H254	Q9H254
Q9H254	XP_001072073
Q9H254	Q8VIE5
Q9H254	O15020
Q9H254	Q3UGZ4
Q9H254	Q9QWN8
Q9H254	O15020-2
Q9H254	Q01082
Q9H254	Q62261-2
Q9H254	Q01082-3
Q9H254	Q6XD99
Q9H254	Q62261
Q9H254	Q01082-2
Q9H254	Q3UGX2
Q9H254	P11277-2
Q9H254	Q6XDA0
Q9H254	P15508
Q9H254	P11277
Q96F07	Q96F07
Q96F07	D3ZX82
Q96F07	Q7L576-2
Q96F07	Q5SQX6
Q96F07	Q96F07-2
Q96F07	Q7L576
Q96F07	Q7TMB8
Q96F07	A0A0G2K472
Q5BIV9	Q5BIV9
Q5BIV9	Q5BIV7
Q5BIV9	Q8BWU1
Q15345	Q15345
Q15345	Q15345-3
Q15345	Q5M9H1
Q15345	Q8K1C9
Q9H6E5	Q9H6E5
Q9H6E5	Q3MHT4
Q9H6E5	Q8R3F9
O15355	O15355
O15355	F1LNI5
O15355	Q61074
Q9NS73	Q9NS73
Q9NS73	F1LRS1
Q9NS73	Q9NS73-5
Q9NS73	Q99LQ1
Q53H12	Q53H12
Q53H12	D3Z9L0
Q53H12	Q9ESW4
Q12769	Q12769
Q12769	D3ZBL6
Q12769	Q9Z0W3
P42658	P42658
P42658	Q80VM5
P42658	Q9Z218
P42658	P42658-2
P42658	P46101
P42658	Q8N608-3
P42658	Q8N608-2
P42658	Q6Q629
P42658	Q6NXK7
P42658	Q8N608
P42658	P14740
P42658	P28843
P42658	P27487
P42658	P97321
P42658	Q12884
Q09MP3	Q09MP3
Q09MP3	G3UW63
O43543	O43543
O43543	Q9CX47
P31316	P31316
P31316	Q9BZM3
P31316	Q9H4S2
P31316	P31315
P31316	P13378
P31316	P18863
P31316	P18866
P31316	P23463
P31316	P09634
P31316	P09632
P31316	P17481
P31316	P09025
P31316	P31273
Q3UJC8	Q3UJC8
Q3UJC8	Q96MH7
A7MCY6	A7MCY6
A7MCY6	Q6DG50
A7MCY6	A2A9T0
Q8NET5	Q8NET5
Q8NET5	Q8R4V1
Q13201	Q13201
Q13201	B2RPV6
Q8IZ69	Q8IZ69
Q8IZ69	Q5XIQ6
Q8IZ69	Q8BNV1
Q8IZ69	Q96GJ1
Q8IZ69	Q96GJ1-3
Q8IZ69	Q8BQJ6
Q96M02	Q96M02
Q96M02	B3DMA4
Q96M02	D2J0Y4
Q8IY42	Q8IY42
Q8IY42	Q99K99
Q7Z6M4	Q7Z6M4
Q7Z6M4	Q4G078
Q7Z6M4	Q8BVN4
Q86UP2	Q86UP2
Q86UP2	Q86UP2-2
Q86UP2	Q86UP2-3
Q86UP2	Q86UP2-4
Q86UP2	D4A4Z9
Q86UP2	Q61595
Q86UP2	Q61595-5
Q6ZRQ5	Q6ZRQ5
Q6ZRQ5	D3ZS39
Q6ZRQ5	B1AUR6
Q8IYL3	Q8IYL3
Q8IYL3	Q80WR5
Q8IYL3	Q5M951
Q6XE24	Q6XE24
Q6XE24	Q8BWL5
Q6XE24	Q91W59
Q6XE24	Q91W59-3
Q6XE24	Q5PQP1
Q6XE24	XP_001061329
Q6XE24	P29558-2
Q6XE24	Q8VC70
Q6XE24	Q15434
Q6XE24	Q4QR81
Q6XE24	P29558
Q6XE24	Q61701
Q6XE24	Q14576
Q6XE24	Q60900
Q6XE24	Q12926
Q6XE24	O09032
Q6XE24	P26378
Q6XE24	Q8CH84
Q6XE24	Q76IJ9
Q6XE24	Q60899
Q6XE24	Q14576-2
Q6XE24	Q15717-2
Q6XE24	B5DF91
Q6XE24	P70372
Q6XE24	Q15717
Q8N0Z2	Q8N0Z2
Q8N0Z2	Q8K4K7
Q8N0Z2	Q8BUZ1
Q53RT3	Q53RT3
Q53RT3	Q09PK2
Q9H4K1	Q9H4K1
Q9H4K1	Q6AXN9
Q9H4K1	Q9D4Q1
Q9H4K1	Q8N443
Q9H4K1	Q9D0B8
Q9H4K1	Q6AYL4
NP_001074804	NP_001074804
NP_001074804	D3ZEF4
NP_001074804	XP_001063728
NP_001074804	Q8VE73
NP_001074804	Q8IWT3
NP_001074804	Q14999-2
NP_001074804	Q14999
Q8WXX5	Q8WXX5
Q8WXX5	A8QIC3
Q8WXX5	Q91WN1
Q9Y2D4	Q9Y2D4
Q9Y2D4	Q8TAG9
Q9Y2D4	Q8R313
Q9Y2D4	O54923
Q9Y2D4	F1LZ53
Q9Y2D4	A6H5Z3
Q56A08	Q56A08
Q56A08	G3V8Z3
Q56A08	Q92917
Q5FYB0	Q5FYB0
Q5FYB0	Q8BM89
Q5FYB0	Q32KI9
Q5FYB0	Q5FYB1
Q5FYB0	Q32KJ8
Q5FYB0	P50429
Q5FYB0	P15848
Q5FYB0	P50430
Q5M871	Q5M871
Q5M871	A1KXC4
Q5M871	O60667
Q96AP0	Q96AP0
Q96AP0	Q96AP0-2
Q96AP0	Q4FZR5
Q96AP0	Q5EE38
Q3TX08	Q3TX08
Q3TX08	ENSRNOP00000003941
Q3TX08	Q9NXH9
Q3TX08	Q9NXH9-2
Q8TDL5	Q8TDL5
Q8TDL5	Q61114
Q8TDL5	A0JPN3
Q8NFH5	Q8NFH5
Q8NFH5	Q68FY1
Q8NFH5	Q8R4R6
Q9NW97	Q9NW97
Q9NW97	NP_001102743
Q9NW97	Q99LG1
Q05682	Q05682
Q05682	Q05682-3
Q05682	Q05682-4
Q05682	Q05682-5
Q05682	Q05682-2
Q05682	Q62736
Q05682	Q8VCQ8
Q05682	Q05682-6
Q05682	E9QA15
Q05682	NP_776683
Q05682	Q28708
Q05682	P12957
Q05682	Q99N97
P11717	P11717
P11717	Q07113
P11717	Q63002
P18887	P18887
P18887	Q60596
P18887	Q9ESZ0
P18887	Q6ZNB5
P08538	P08538
Q9Y4E6	Q9Y4E6
Q9Y4E6	Q9Y4E6-2
Q9Y4E6	Q9ERH3
Q9Y4E6	Q920I9
Q9Y4E6	D3YYM4
Q9Y4E6	Q3MJ13
P19235	P19235
P19235	P14753
P19235	Q07303
Q64322	Q64322
Q64322	Q6AY81
Q64322	Q9NQX5
P04351	P04351
P04351	P17108
P04351	P60568
Q9BVL2	Q9BVL2
Q9BVL2	P70581
Q9BVL2	Q9BVL2-2
Q9BVL2	Q8R332
Q9BVL2	Q9BVL2-3
XP_038967200	XP_038967200
XP_038967200	Q501J7
XP_038967200	Q8IZ21-2
XP_038967200	Q8IZ21
XP_038967200	Q91VK6
XP_038967200	Q3UQ19
XP_038967200	P62024
XP_038967200	Q2M3X8
XP_038967200	Q9C0D0
XP_038967200	Q3TLK1
XP_038967200	P62025
XP_038967200	O75167-4
XP_038967200	O75167
XP_038967200	O75167-2
XP_038967200	Q96KR7
XP_038967200	Q6RFY2
XP_038967200	Q8BYK5
XP_038967200	Q96KR7-2
XP_038967200	Q96KR7-3
XP_038967200	Q96KR7-4
Q8CC12	Q8CC12
Q8CC12	XP_008760426
Q8CC12	Q8IWY9-1
Q8CC12	Q8IWY9
Q07763	Q07763
Q07763	Q9BZW8
Q07763	Q9BZW8-2
Q07763	Q9JLM2
Q8C1W1	Q8C1W1
Q8C1W1	Q7L8A9
Q8C1W1	Q86V25
Q8C1W1	Q8C5G2
Q9H6Z4	Q9H6Z4
Q9H6Z4	Q9H6Z4-2
Q9H6Z4	Q9H6Z4-3
Q9H6Z4	M0R5Q3
Q9H6Z4	Q9CT10
Q9H6Z4	Q6PDH4
Q9H6Z4	Q86VV4
Q6NUM9	Q6NUM9
Q6NUM9	Q64FW2
Q6NUM9	Q8VHE9
Q9Y2G8	Q9Y2G8
Q9Y2G8	Q80TN4
Q9Y2G8	Q5FVM7
Q9QZH6	Q9QZH6
Q9QZH6	Q9BQ95-2
Q9QZH6	Q5XIC2
Q9QZH6	Q9BQ95
P03126	P03126
A0A0A0MT70	A0A0A0MT70
XP_038943387	XP_038943387
XP_038943387	A2A870
XP_038943387	Q8TES7-6
XP_038943387	Q8TES7
Q68FV4	Q68FV4
Q68FV4	Q8C5U4
Q68FV4	Q0P670
Q8R5K6	Q8R5K6
Q8R5K6	P50616
Q8R5K6	Q61471
Q8R5K6	Q9JM55
Q8R5K6	Q14106
Q8R5K6	P62325
Q8R5K6	P62324
Q8R5K6	Q04211
Q8R5K6	Q63073
Q8R5K6	P27049
Q8R5K6	P78543
Q8R5K6	Q3V0X0
XP_006228289	XP_006228289
XP_006228289	Q8BTN6
XP_006228289	Q96B70
A0A0J9YXA8	A0A0J9YXA8
XP_017451470	XP_017451470
XP_017451470	Q811G0
XP_017451470	Q3SYG4
XP_017451470	Q3SYG4-3
XP_017451470	Q3SYG4-4
A0A8I6AET0	A0A8I6AET0
A0A8I6AET0	Q0VBV7
A0A8I6AET0	Q9P2H0
C0HLS1	C0HLS1
Q8WVB3-2	Q8WVB3-2
Q8WVB3-2	Q8WVB3
Q8WVB3-2	Q3U4H6
Q8WVB3-2	F1LR76
P0CAP1-11	P0CAP1-11
P0CAP1-11	Q5EB94
P0CAP1-11	P0CAP1
P0CAP1-11	Q3UIJ9
P0CAP1-11	Q9BZD3
P0CAP1-11	P0CAP2-3
P0CAP1-11	P0CAP2
P0CAP1-11	Q6P6I6
P0CAP1-11	XP_576832
P0CAP1-11	XP_001057424
P0CAP1-11	Q91XQ4
P0CAP1-11	XP_573549
Q9UNZ2-5	Q9UNZ2-5
Q9UNZ2-5	Q9CZ44-3
Q9UNZ2-5	O35987
Q9UNZ2-5	Q9UNZ2
Q9UNZ2-5	Q9CZ44
Q9UNZ2-5	Q0KL01
Q9UNZ2-5	P0C627
Q9UNZ2-5	Q14CS0
Q9UNZ2-5	P68543
Q9UNZ2-5	Q99KJ0
A0A0G2K1E2	A0A0G2K1E2
A0A0G2K1E2	P11688
A0A0G2K1E2	P08648
A0A0G2K1E2	P53708
A0A0G2K1E2	B5DEG1
A0A0G2K1E2	A2ARA8
A0A0G2K1E2	P06756
A0A0G2K1E2	P43406
A0A0G2K1E2	P06756-2
A0A0G2K1E2	F1LZX9
A0A0G2K1E2	Q6EIY7
A0A0G2K1E2	P08514
A0A0G2K1E2	Q9QUM0
Q8BTE6	Q8BTE6
Q8BTE6	A1EC93
L0R8F8	L0R8F8
Q8N108-12	Q8N108-12
Q8N108-12	B4F7F2
Q8N108-12	Q5UAK0
Q8N108-12	Q8N108
Q8N108-12	Q3UHF3
Q8N108-12	D3ZE77
Q8N108-12	Q7Z3K6
Q8N108-12	Q8N344
Q8N108-12	Q3U3N0
A0A1B0GUA7	A0A1B0GUA7
Q3T0P6	Q3T0P6
Q3T0P6	P09041
Q3T0P6	P16617
Q3T0P6	P07205
Q3T0P6	P09411
Q3T0P6	P00558
B2KG20	B2KG20
B2KG20	Q5DT36
B2KG20	Q5DT37
B2KG20	Q5DT39
Q0VD10	Q0VD10
Q0VD10	O15446-2
Q0VD10	O15446
Q0VD10	NP_001102886
Q0VD10	Q76KJ5
O70156	O70156
O70156	Q9EQ09
O70156	P78380
O70156	P78380-3
O70156	Q96E93
O70156	P27811
O70156	P27814
O70156	E9Q0W1
O70156	P27812
O70156	Q99JB4
O70156	P27471
O70156	A4KWA1
O70156	Q5NKN4
O70156	Q12918
O70156	Q63378
O70156	Q0ZUP0
O70156	Q0ZUP1
O70156	Q8VD98
O60449-2	O60449-2
O60449-2	XP_001068965
O60449-2	O60449
O60449-2	Q8IX05
O60449-2	Q60767
O60449-2	Q62028
O60449-2	F1M495
O60449-2	Q13018
O60449-2	Q9DCG2
O60449-2	Q5FVR3
O60449-2	Q8IX05-2
O60449-2	Q4TU93
O60449-2	Q64449
O60449-2	Q9UBG0
O60449-2	Q61830
O60449-2	P22897
O60449-2	D3ZD31
Q16653-13	Q16653-13
Q16653-13	Q61885
Q16653-13	Q16653-6
Q16653-13	Q16653-7
Q16653-13	Q63345
Q16653-13	Q16653
Q3Y452	Q3Y452
O00748-4	O00748-4
O00748-4	O00748
O00748-4	F6Z9B9
O00748-4	Q8BK48
O00748-4	D3ZXQ0
O00748-4	E9PV38
O00748-4	Q32Q55
O00748-4	Q8QZR3
O00748-4	Q8K3R0
O00748-4	A8K367
O00748-4	Q6PDB7
O00748-4	Q4QR68
O00748-4	Q91WG0
O00748-4	Q64176
O00748-4	Q63108
O00748-4	Q91WU0
O00748-4	Q8R0W5
O00748-4	D4AE76
O00748-4	Q5XG92
O00748-4	Q6UWW8
O00748-4	Q8VCT4
O00748-4	P16303
O00748-4	Q64573
O00748-4	NP_579829
O00748-4	Q63010
O00748-4	P23141-2
O00748-4	Q9UKY3
O00748-4	P23141-3
O00748-4	P23141
O00748-4	D3Z5G7
O00748-4	G3V7J5
O00748-4	O70631
O00748-4	Q08ED5
O00748-4	Q63880
O00748-4	Q8VCU1
O00748-4	Q8VCC2
O00748-4	P22303-2
O00748-4	P21836
O00748-4	P37136
O00748-4	P22303
Q96AC1-3	Q96AC1-3
Q96AC1-3	Q5XI19
Q96AC1-3	Q96AC1-2
Q96AC1-3	Q8CIB5
Q96AC1-3	Q96AC1
Q96AC1-3	NP_001099985
Q96AC1-3	P59113
Q96AC1-3	Q9BQL6
Q96AC1-3	Q86UX7
Q96AC1-3	Q86UX7-2
Q96AC1-3	Q8K1B8
Q96AC1-3	NP_001121015
D3ZBM4	D3ZBM4
D3ZBM4	Q8N6D2
D3ZBM4	Q8C432
P0DPF2	P0DPF2
P0DPF2	Q5TI25
P0DPF2	Q6P3W6
P0DPF2	A0A087WUL8
P0DPF2	Q5VWK0
P0DPF2	Q96M43
P0DPF2	Q86XG9
P0DPF2	P0C2Y1
P0DPF2	Q5TAG4
P0DPF2	B4DH59
P0DPF2	P0DPF3
P0DPF2	Q8N660
P0DPF2	Q3BBV0
P0DPF2	Q3BBV2
P0DPF2	Q9H094
P0DPF2	Q86T75
Q6X9T7	Q6X9T7
Q6X9T7	O54885
Q6X9T7	O43914-2
Q6X9T7	O43914
P70541	P70541
P70541	Q3UKV0
P70541	Q9NR50
P81563	P81563
Q925Q4	Q925Q4
Q925Q4	Q96T91
Q925Q4	Q925Q5
Q6AXS2	Q6AXS2
Q6AXS2	Q8C353
Q6AXS2	Q8N6L7
Q5U2R4	Q5U2R4
Q5U2R4	Q3UFY8
Q5U2R4	Q7L0Y3
Q6AYR5	Q6AYR5
Q6AYR5	Q8NCR9
Q6AYR5	Q8BHH8
Q6P6S4	Q6P6S4
Q6P6S4	Q9H173
Q6P6S4	Q9EPK6
Q5M7T2	Q5M7T2
Q5M7T2	Q5W111
Q5M7T2	Q3TFQ1
P05113	P05113
P05113	P04401
P05113	Q08125
Q5T292	Q5T292
Q5T292	E9PVZ2
Q5T292	D3ZKQ7
Q9D945	Q9D945
Q9D945	B0BN98
Q9D945	Q9BRT6
Q8NEV9	Q8NEV9
Q8NEV9	Q8K3I6
Q6EKJ0	Q6EKJ0
Q6EKJ0	Q86UP8-4
Q6EKJ0	Q86UP8
Q6EKJ0	Q99NI3
Q9CR64	Q9CR64
Q9CR64	Q8TBQ9
Q9CR64	XP_002729038
Q9CR64	Q9NRX6
Q9CR64	Q80X45
Q5TGS1	Q5TGS1
Q5TGS1	Q61657
Q5TGS1	Q04667
P60606	P60606
P60606	Q8K129
P60606	P41237
P60606	Q3URE8
P60606	Q8BXZ0
P60606	Q4LDR2
P60606	P0C2S0
P60606	A0A1B0GTU2
P60606	A0A1B0GST9
Q4KML4	Q4KML4
Q4KML4	Q9P1F3
Q4KML4	D3ZSL2
Q91YK0-2	Q91YK0-2
Q91YK0-2	B1H239
Q91YK0-2	Q8IUZ0
Q91YK0-2	Q91YK0
Q9CR04	Q9CR04
Q9CR04	O75409
A4V8B4	A4V8B4
A4V8B4	Q9H4B6
A4V8B4	Q8VEB2
Q8BWC8	Q8BWC8
NP_001178609	NP_001178609
NP_001178609	Q9D2V8
NP_001178609	Q14728
Q9D5E4	Q9D5E4
Q9D5E4	Q5XI54
Q9D5E4	Q9H069
Q9D5E4	A0A096MJZ0
Q9D5E4	Q4LDG9
Q9D5E4	Q05A62
P51610-4	P51610-4
P51610-4	Q61191
P51610-4	P51610
P51610-4	D3ZN95
P51610-4	P51610-2
P51610-4	Q9Y5Z7
P51610-4	Q5RKG2
P51610-4	Q9D968
P51610-4	Q8VEM9
P51610-4	Q9BQ90
P51610-4	Q6AYI2
Q9H6L2-2	Q9H6L2-2
Q9H6L2-2	Q9H6L2
Q9H6L2-2	Q3U284
Q9H6L2-2	Q5FVM1
Q3UWX6	Q3UWX6
Q9Y4M8	Q9Y4M8
Q5T3Y7	Q5T3Y7
P09065	P09065
P09065	M0R6Q1
P09065	P09066
P09065	P19622
P09065	Q05925
Q69YU5	Q69YU5
Q69YU5	Q8BTC1
Q69YU5	D3ZZG3
Q5W0N0	Q5W0N0
P09925	P09925
P09925	Q9QXU2
P09925	Q15526
P35173	P35173
P35173	P01039
P35173	Q9D8D6
P35173	B2RV77
P35173	Q8BWM3
P35173	P35175
P35173	P35174
P35173	Q497J0
P35173	P56567
P35173	P01040
P35173	P01041
P35173	P04080
P35173	Q62426
A1JVI8	A1JVI8
A1JVI8	Q3ULJ8
A1JVI8	D3ZTT0
Q96DL1	Q96DL1
Q96DL1	Q3U095
Q96DL1	Q8N323
Q96DL1	Q5XI89
Q96DL1	Q6UWF7
Q96DL1	Q52KP5
Q96DL1	Q969Y0
Q96DL1	B9EKK6
Q96DL1	E9PXC9
Q96DL1	XP_573380
Q9HAI6	Q9HAI6
Q9HAI6	Q9D3J9
Q8TCV5	Q8TCV5
Q8TCV5	Q4KXB6
Q96EW2	Q96EW2
Q96EW2	Q8BK58
Q96EW2	Q5BKC6
P11384	P11384
P11384	Q08535
P11384	P09683
Q9WV25	Q9WV25
Q9WV25	Q9UHX1-5
Q9WV25	Q3UEB3
Q9WV25	Q3UEB3-2
Q9WV25	Q9UHX1
Q9WV25	Q9UHX1-2
Q9WV25	Q9UHX1-6
Q01826-2	Q01826-2
Q01826-2	Q60611
Q01826-2	Q01826
Q01826-2	Q5U2Y2
Q01826-2	Q8VI24
Q01826-2	Q9UPW6
Q9BZ97	Q9BZ97
Q9UHP6	Q9UHP6
Q9UHP6	Q9D3W1
D3ZWG9	D3ZWG9
D3ZWG9	E9QAB6
D3ZWG9	Q7Z6K3
A6NE52	A6NE52
A6NE52	A6NE52-2
D3ZV70	D3ZV70
D3ZV70	Q9JJR5
D3ZV70	Q9NQ31
D3ZV70	Q9NQ31-3
B0BNC7	B0BNC7
B0BNC7	Q5T9G4
B0BNC7	Q80X86
O35961	O35961
Q8WUM4-2	Q8WUM4-2
Q8WUM4-2	Q9QZA2
Q8WUM4-2	Q9WU78
Q8WUM4-2	Q8WUM4
XP_001078454	XP_001078454
XP_001078454	Q8CB44
XP_001078454	Q6IC98
Q9NR19-2	Q9NR19-2
Q9NR19-2	G3V9U0
Q9NR19-2	Q9QXG4
Q9NR19-2	Q9NR19
Q9NR19-2	A2AQN4
Q9NR19-2	Q9NUB1
Q9NR19-2	Q99NB1
Q9NR19-2	D3ZZN3
Q9NR19-2	Q9H6R3
Q9NR19-2	A0A0G2K047
Q9NR19-2	Q14DH7
A6H666	A6H666
A6H666	Q7TNN2
A6H666	Q7Z4L0
P62914	P62914
P62914	Q9CXW4
P62914	P62913
P62914	P62913-2
Q9WTP0-2	Q9WTP0-2
Q9WTP0-2	Q9WTP0
Q9WTP0-2	Q9Z2H5
Q9WTP0-2	Q9H4G0
Q9WTP0-2	Q9H4G0-2
Q9WTP0-2	Q9H4G0-4
Q9WTP0-2	A2AUK5
Q9WTP0-2	E9PV14
Q9WTP0-2	F6S4K9
Q9WTP0-2	P29074
Q9WTP0-2	Q9WU22
Q9WTP0-2	NP_001093949
Q9WTP0-2	A2ALK8
Q9WTP0-2	P26045
Q9WTP0-2	P26045-2
Q9WTP0-2	A0A096MJT2
Q9WTP0-2	Q9JMB3
Q9WTP0-2	Q9WV92-7
Q9WTP0-2	Q9WV92
Q9WTP0-2	Q9Y2J2-2
Q9WTP0-2	Q9JMB2
Q9WTP0-2	O70318
Q9WTP0-2	Q80UE5
Q9WTP0-2	Q811C0
Q9WTP0-2	O43491
Q9WTP0-2	O43491-4
Q9WTP0-2	XP_017445336
Q9WTP0-2	O43491-2
Q9WTP0-2	P11171
Q9WTP0-2	P11171-4
Q9WTP0-2	P11171-2
Q9WTP0-2	XP_232771
Q9WTP0-2	Q3UH12
Q9WTP0-2	Q9Y2J2
Q9WTP0-2	P48193
Q9WTP0-2	P11171-5
Q9WTP0-2	P52963
Q9WTP0-2	B5DEZ0
Q9WTP0-2	Q9HCS5
Q9WTP0-2	Q6ZUT3
Q9WTP0-2	A2AD83
Q9WTP0-2	H0Y5B0
Q9WTP0-2	A2A2Y4
Q9WTP0-2	Q8BHD4
Q9WTP0-2	Q7Z6J6
Q9WTP0-2	Q6P5H6
Q9WTP0-2	Q5XII3
Q9WTP0-2	Q14C20
P0DOX4	P0DOX4
P0DOX4	P01743
P0DOX4	P01854
P0DOX4	P0DP01
P0DOX4	A0A0B4J2H0
P0DOX4	A0A0C4DH39
P0DOX4	A0A0A0MS14
P0DOX4	A0A0C4DH38
P0DOX4	A0A0C4DH31
P0DOX4	A0A0C4DH29
P0DOX4	P01742
P0DOX4	P23083
P0DOX4	A0A0B4J1V7
P0DOX4	A0A0J9YXX1
P0DOX4	A0A0G2JMI3
P0DOX4	P0DOX5
P0DOX4	P0DP02
P0DOX4	P01857-1
P0DOX4	P01859-1
P0DOX4	P01860-1
P0DOX4	P01857
P0DOX4	P01859
P0DOX4	P01860
P0DOX4	P0DP03
P0DOX4	P01865
P0DOX4	P01861
P0DOX4	P01782
P0DOX4	P01768
P0DOX4	P01772
P0DOX4	P01867
P0DOX4	P01867-2
P0DOX4	P20761
P0DOX4	P01801
P0DOX4	P0DTW3
P0DOX4	XP_002726853
P0DOX4	A0A0J9YVY3
P0DOX4	A0A0C4DH33
P0DOX4	P06328
P0DOX4	CAA46130
P0DOX4	A0A0B4J1V0
E1BKE9	E1BKE9
E1BKE9	Q3MID8
E1BKE9	Q9EP97
E1BKE9	Q9H4L4
A5D9H4	A5D9H4
A5D9H4	Q9D0N7
A5D9H4	Q13112
A5D9H4	Q4V8B4
Q3SZJ0	Q3SZJ0
Q3SZJ0	Q91YI0
Q3SZJ0	P04424
Q3SZJ0	P20673
D4A3T4	D4A3T4
D4A3T4	Q810J8
D4A3T4	Q9HBF4
A0A1B0GUI7	A0A1B0GUI7
Q15813-2	Q15813-2
Q15813-2	Q15813
Q15813-2	Q8CIV8
Q15813-2	Q5FVQ9
Q15813-2	Q9CQR2
Q15813-2	P63220
Q15813-2	P05765
Q15813-2	XP_001002128
Q15813-2	XP_001071431
Q16655	Q16655
Q16655	D3ZWI9
Q16655	Q2TA50
Q9CQV5	Q9CQV5
Q9CQV5	A9UMV2
Q9CQV5	Q96EL2
Q9NTM9	Q9NTM9
Q9NTM9	NP_001386620
Q9NTM9	Q9D8X1
Q9CZM2	Q9CZM2
Q9CZM2	P61314
Q9CZM2	E2QXF3
Q9CZM2	P61313
Q8BU88	Q8BU88
Q8BU88	P0C2C0
Q8BU88	Q9NWU5
XP_226517	XP_226517
XP_226517	Q8CA72
XP_226517	Q9H2C0
B2RYM4	B2RYM4
B2RYM4	Q9D1F5
B2RYM4	Q6NTE8
B2RYM4	Q6NTE8-2
XP_343054	XP_343054
XP_343054	Q6PHS6
XP_343054	Q9Y5W8
Q9NTW7-5	Q9NTW7-5
Q9NTW7-5	Q5U2X9
Q9NTW7-5	Q9NTW7-4
Q9NTW7-5	Q9NTW7
Q9NTW7-5	Q99KE8
NP_001127971	NP_001127971
NP_001127971	Q8N122
NP_001127971	Q8K4Q0
Q922M7	Q922M7
Q922M7	Q5RJT0
Q922M7	Q9BVC5
Q8CE90	Q8CE90
Q8CE90	O14733-3
Q8CE90	Q8CE90-2
Q8CE90	Q4KSH7
Q8CE90	O14733
Q8CE90	Q8CE90-6
Q8CE90	O14733-2
Q8CE90	Q9WVS7
Q8CE90	Q13163
Q8CE90	Q62862
Q8CE90	XP_239239
Q8CE90	P52564-2
Q8CE90	P70236
Q8CE90	P46734-2
Q8CE90	O09110
Q8CE90	P46734-3
Q8CE90	P46734
Q8CE90	Q925D6
Q8CE90	P52564
Q8CE90	Q63932
Q8CE90	P31938
Q8CE90	Q02750
Q8CE90	Q17QH2
Q8CE90	Q90891
Q8CE90	P36507
Q8CE90	P36506
Q8CE90	P29678
Q8CE90	Q01986
Q8CE90	Q02750-2
Q8CE90	P45985-2
Q8CE90	Q4KSH6
Q8CE90	P47809
Q8CE90	P45985
Q9UKN8	Q9UKN8
Q9UKN8	D3ZD80
Q9UKN8	Q8BMQ2
P43490	P43490
P43490	Q80Z29
P43490	Q99KQ4
Q9JIK5	Q9JIK5
Q9JIK5	Q9NR30
Q9JIK5	Q3B8Q1
Q9JIK5	Q9BQ39
Q9JIK5	Q99MJ9
Q9JIK5	D3ZG48
Q8CGY8	Q8CGY8
Q8CGY8	P56558
Q8CGY8	O15294
P49643	P49643
P49643	O89044
P49643	P33610
P78344	P78344
P78344	P78344-2
P78344	Q62448
P78344	NP_001017374
P78344	Q62448-2
P78344	Q95L46
Q86UR5	Q86UR5
Q86UR5	Q86UR5-6
Q86UR5	Q86UR5-3
Q86UR5	Q99NE5
Q86UR5	Q0VF51
Q86UR5	Q9EQZ7
Q86UR5	Q9UQ26
Q86UR5	Q9UQ26-1
Q86UR5	Q9JIS1
Q86UR5	Q9UQ26-8
Q86UR5	Q9EQZ7-2
Q86UR5	Q9JIR4
Q86UR5	Q99NE5-7
Q86UR5	Q86UR5-12
Q86UR5	Q9H426-2
Q86UR5	Q9H426
Q86UR5	Q80U57
Q86UR5	Q9UJD0
Q86UR5	Q8CIX1
Q86UR5	P60191
Q86UR5	Q9JIR3
Q9BUR4	Q9BUR4
Q9BUR4	Q5XII5
Q9BUR4	Q8VC51
P98161	P98161
P98161	O08852
P98161	Q9ERV0
Q8NEJ9	Q8NEJ9
Q8NEJ9	Q9DB96
Q8NEJ9	D3ZBL3
Q8IY95	Q8IY95
Q8IY95	Q9CXT7
Q8IY95	Q5U1Y0
Q61382	Q61382
Q61382	NP_001100487
Q61382	Q9BUZ4
Q6ZQH8	Q6ZQH8
Q6ZQH8	Q5RJY5
Q6ZQH8	Q5SRE5
Q6ZQH8	Q5SRE5-2
Q6PCS8	Q6PCS8
Q6PCS8	Q9NUA8
Q7Z3B3	Q7Z3B3
Q7Z3B3	Q80TG1-2
Q7Z3B3	Q7Z3B3-2
Q7Z3B3	A0A8I6AJF7
Q7Z3B3	Q80TG1
O95425	O95425
O95425	E9Q983
O95425	O95425-4
O95425	O95425-3
O95425	O95425-2
O95425	Q8K4L3
O95425	Q6U1J6
O95425	F1M155
O15297	O15297
O15297	Q9QZ67
O15297	B1WCA0
Q99PL5	Q99PL5
Q99PL5	F1M5X1
Q99PL5	Q9P2E9
Q99PL5	Q9P2E9-3
Q8VCY6	Q8VCY6
Q8VCY6	XP_001080950
Q8VCY6	Q9NYH9
Q9BSC4	Q9BSC4
Q9BSC4	Q5RJG1
Q9BSC4	Q66H99
Q8K039	Q8K039
Q8K039	Q5RKH3
Q8K039	Q96AT1
Q9D8C8	Q9D8C8
Q9D8C8	D3ZCQ3
Q9D8C8	Q8TAP8
Q9Z319	Q9Z319
Q9Z319	Q80YN4
Q9Z319	Q9Y5Q5
Q9Z319	P12544
Q9Z319	P29293
Q9Z319	P08001
Q9Z319	Q9GL10
Q9Z319	P23578
Q9Z319	P10323
Q9Z319	F2YMG0
Q9Z319	P0CW18
Q9Z319	P49864
Q9Z319	P09650
Q9Z319	P21844
Q9Z319	P00770
Q9Z319	P23946
Q9Z319	P50339
Q9Z319	P11034
Q9Z319	O35164
Q9Z319	P21812
Q9Z319	Q00356
Q9Z319	P21843
Q9Z319	O15393-2
Q9Z319	O15393
Q9Z319	Q6P7D7
Q9Z319	Q9JIQ8
Q9Z319	Q99M20
Q9Z319	O43240
Q9Z319	P05208
Q9Z319	P08419
Q9Z319	P08218
Q9Z319	P08217
Q9Z319	P00774
Q9Z319	P00772
Q9Z319	Q91X79
Q9Z319	Q9UNI1
Q9Z319	P00773
Q8IVT2	Q8IVT2
Q8IVT2	Q9D279
Q8IVT2	D3ZHV9
Q8IYA6	Q8IYA6
Q8IYA6	Q8IYA6-2
Q8IYA6	Q7TS74
Q8IYA6	D3Z8Z9
Q8JZQ2	Q8JZQ2
Q8JZQ2	Q9Y4W6
Q8JZQ2	XP_341715
Q8JZQ2	Q920A7
Q8JZQ2	F1LN92
Q8JZQ2	Q9UQ90
Q8JZQ2	Q7TT47
Q8JZQ2	Q3ULF4
Q8JZQ2	Q96TA2
Q8JZQ2	Q925S8
Q8JZQ2	O88967
Q8JZQ2	O75449
Q8JZQ2	O75449-2
Q8JZQ2	Q9BW62
Q8JZQ2	Q8K0T4
Q8JZQ2	Q5XIK7
Q8JZQ2	Q6E0V2
Q8JZQ2	E1BH39
Q8JZQ2	Q9WV86
Q91V04	Q91V04
Q91V04	Q15629
Q91V04	Q8N609
Q91V04	Q5XI41
Q91V04	Q8QZR0
Q91V04	Q15035
Q91V04	Q924Z5
O75390	O75390
O75390	Q9CZU6
O75390	Q8VHF5
O75390	P00889
O75390	Q80X68
Q14684	Q14684
Q14684	Q91YK2
Q14684	D3ZY39
Q14684	P56182
Q14684	P56183
Q14684	Q5M9F3
Q9H9Q4-2	Q9H9Q4-2
Q9H9Q4-2	Q9H9Q4
Q9H9Q4-2	Q3KNJ2
Q9H9Q4-2	Q6AYI4
P0DOE9	P0DOE9
D3Z9I1	D3Z9I1
D3Z9I1	Q9Y2R0
D3Z9I1	Q9D2R6
D3ZNA8	D3ZNA8
D3ZNA8	O60921
D3ZNA8	Q8BQY8
D3ZNA8	Q8K572
D3ZNA8	Q8NHY5
D3ZVR0	D3ZVR0
D3ZVR0	Q9D4F8
D3ZVR0	Q9UGJ1
D3Z8D3	D3Z8D3
D3Z8D3	Q9D6Y4
D3Z8D3	Q96FH0
Q9QYK7	Q9QYK7
Q9QYK7	D3ZC38
Q9QYK7	Q9Y3C5
Q9DCP9	Q9DCP9
Q9DCP9	P60486
Q9DCP9	Q15038
P08F94	P08F94
P08F94	E9PZ36
P08F94	XP_236979
Q9JKX8	Q9JKX8
Q9JKX8	O75631
Q9JKX8	D3ZKW6
Q9JKX8	Q80YF6
Q01664	Q01664
Q01664	Q9JIZ5
Q01664	D3ZJT6
Q9WUJ8	Q9WUJ8
Q9WUJ8	Q3T1K3
Q9WUJ8	Q9Y5N6
Q9CY52	Q9CY52
Q9CY52	Q5M965
Q9CY52	Q9NWX6
Q9EQ08	Q9EQ08
Q9EQ08	P51688
Q9EQ08	A0A8I5ZZ84
Q5JUQ0	Q5JUQ0
Q5JUQ0	Q8C552
Q5JUQ0	Q5VT40
Q5JUQ0	Q8BQN5
E9PVD1	E9PVD1
E9PVD1	Q6P9F0
Q68DQ2	Q68DQ2
Q68DQ2	F1M8T4
Q68DQ2	A0A338P6N4
Q68DQ2	Q80W49
Q68DQ2	Q80W49-2
Q68DQ2	P05813
Q68DQ2	P56374
Q68DQ2	Q9JJV0
Q68DQ2	P53673
Q68DQ2	P02525
Q68DQ2	P14881
Q68DQ2	M0RDY6
Q68DQ2	P02522
Q68DQ2	P62697
Q68DQ2	P62696
Q68DQ2	P43320
Q68DQ2	P53672
Q68DQ2	Q9JJV1
Q68DQ2	D3ZEG1
Q68DQ2	Q8WXF5
Q68DQ2	Q8VHL5
O70589	O70589
O70589	O14936
O70589	O14936-4
O70589	Q62915
O70589	O14936-2
O70589	Q9UQM7
O70589	P11275
O70589	P11798
O70589	Q9UQM7-2
O70589	O14936-3
O70589	O70589-3
O70589	Q5BK33
O70589	Q00013-2
O70589	Q00013-3
O70589	P70290
O70589	Q00013
O70589	Q14168-4
O70589	Q14168
O70589	Q9WV34
O70589	D3ZAA9
O70589	Q14168-3
O70589	Q9JLB0
O70589	B5DFE0
O70589	Q9JLB0-2
O70589	Q9NZW5
O70589	Q3UHL1
O70589	Q63092
O70589	Q8NCB2
O70589	P13234
O70589	P08414
O70589	Q16566
O70589	Q91VB2
O70589	Q7TNJ7
O70589	Q6P2M8
O70589	O70150
O70589	Q6P2M8-5
O70589	Q9QYK9
O70589	Q96NX5
O70589	XP_344643
D3ZGL5	D3ZGL5
D3ZGL5	Q8NAV1
D3ZGL5	Q4FK66
D3ZTF6	D3ZTF6
D3ZTF6	E1BE68
D3ZTF6	Q61194
D3ZTF6	O00443
D3ZTF6	D4A5Q1
D3ZTF6	Q9JHG7
D3ZTF6	P48736
D3ZTF6	D3ZFJ0
D3ZTF6	O00750
D3ZTF6	E9QAN8
D3ZTF6	P32871
D3ZTF6	A0A0G2K344
D3ZTF6	P42337
D3ZTF6	P42336
D3ZTF6	Q9Z1L0
D3ZTF6	Q8BTI9
D3ZTF6	P42338
D3ZTF6	O00329
D3ZTF6	O35904
D3ZTF6	O70167
D3ZTF6	O75747
D3ZTF6	O70173
Q9NP70	Q9NP70
Q9NP70	Q62840
Q9NP70	O55189
Q9DBJ6	Q9DBJ6
Q9DBJ6	Q5BJY4
Q9DBJ6	Q15040
Q9DBJ6	D4AD44
Q9DBJ6	Q8TAC2
NP_001102749	NP_001102749
NP_001102749	Q9CSN1
NP_001102749	Q13573
D3ZNI3	D3ZNI3
D3ZNI3	Q6NS46
D3ZNI3	Q14690
A6Y7S3	A6Y7S3
A6Y7S3	Q50H33
A6Y7S3	Q6ZWB6
A6Y7S3	Q8C7J6
A6Y7S3	Q6WVG3
A6Y7S3	Q96CX2
A6Y7S3	XP_344451
A6Y7S3	Q68DU8
A6Y7S3	Q5DTY9
A6Y7S3	F1M1G5
A0A0G2K309	A0A0G2K309
A0A0G2K309	Q9Y619
A0A0G2K309	Q9WVD5
A0A0G2K309	Q9BXI2
P54690	P54690
P54690	P24288
P54690	P54687
P54690	P54687-5
P54690	O35854
P54690	O15382
P54690	O35855
P54690	O15382-2
A2A3K4-2	A2A3K4-2
A2A3K4-2	D4ACD9
A2A3K4-2	A2A3K4
A2A3K4-2	Q6NZK8
XP_126432	XP_126432
Q00604	Q00604
Q00604	P48744
AAB95333	AAB95333
AAB95333	P48356
AAB95333	Q62959
AAB95333	P48357
AAB95333	P48357-2
Q8N3X6	Q8N3X6
Q8N3X6	XP_573620
Q8N3X6	Q3U285-3
Q8N3X6	Q3U285
Q8N3X6	Q8N3X6-3
Q8N3X6	Q6ZPI3
Q8N3X6	Q96JN0
Q8N3X6	NP_001359178
P69525	P69525
P69525	P69526
P69525	Q7Z410
P69525	Q6IE14
P69525	Q14C59
P69525	P57727
P69525	Q8K1T0
P69525	Q1JRP2
P69525	Q8BHM9
P69525	Q6ZWK6
P69525	Q9WUW3
P69525	P05156
P69525	Q61129
P69525	P11032
P69525	P11032-2
P69525	P97592
K9J7E2	K9J7E2
K9J7E2	E9PZY4
K9J7E2	Q86V81
K9J7E2	ENSRNOP00000051839
K9J7E2	Q9JJW6
K9J7E2	O08583
XP_573791	XP_573791
XP_001080389	XP_001080389
Q96AA3	Q96AA3
Q96AA3	Q8C3B8
Q5RKI0	Q5RKI0
Q5RKI0	O88342
Q5RKI0	O75083
XP_001064241	XP_001064241
XP_001064241	Q5DU05
XP_001064241	Q9UPV0
XP_001064241	Q9UPV0-2
P21913	P21913
P21913	Q007T0
P21913	P21912
P21913	Q9CQA3
Q0ZCJ7	Q0ZCJ7
Q0ZCJ7	Q6ZN01
Q6R5P0	Q6R5P0
Q6R5P0	Q6QNU9
Q9H1I8	Q9H1I8
Q9H1I8	Q9H1I8-3
Q9H1I8	NP_001102561
Q9H1I8	Q91WR3
Q9ULD9	Q9ULD9
Q9ULD9	Q56A10
Q9ULD9	NP_001100848
Q9ULD9	Q8BZ47
Q9ULD9	NP_001166842
Q9ULD9	O15014
A6NFN9	A6NFN9
A6NFN9	A6NFN9-2
A6NFN9	Q3UUE9
Q8WZ82	Q8WZ82
Q8WZ82	NP_001102506
Q8WZ82	Q9D7E3
Q9D2J9	Q9D2J9
Q9D2J9	Q5TGP6-2
Q9D2J9	Q5TGP6
Q5XIR9	Q5XIR9
Q5XIR9	Q8VDI7
Q5XIR9	Q9BSL1
Q8N414	Q8N414
Q8N414	D3YZI9
Q8N414	D3ZSZ4
Q8N414	Q8N414-2
Q9DA48	Q9DA48
Q9DA48	Q9HBV2
Q9DA48	D3Z9F9
Q86W28	Q86W28
Q86W28	Q4PLS0
Q8TDN4	Q8TDN4
Q8TDN4	F1LUR9
Q8TDN4	Q9ESJ1
Q8TDN4	Q9BTV7
Q8TDN4	Q8K3M5
P57052	P57052
P57052	Q80YT9
Q8C208	Q8C208
Q8C208	Q9H2S9
Q8C208	Q13422
Q8C208	Q13422-7
Q8C208	Q13422-2
Q8C208	Q13422-3
Q8C208	Q9UKT9
Q8C208	Q9UKT9-5
Q8C208	Q9UKT9-4
Q8C208	Q9UKT9-15
Q8C208	O08900
Q8C208	D3ZSW3
Q8C208	P81183
Q8C208	D4A7Y7
Q8C208	Q9UKS7-4
Q8C208	Q9UKS7
Q8C208	Q5SWT9
Q8C208	A0A0G2JVD9
Q8C208	Q03267
Q8C208	Q19A41
Q8C208	D3ZVG6
Q8C208	Q8TD94
Q9D8L5	Q9D8L5
Q9D8L5	Q7Z6B0
Q9D8L5	Q6AY97
Q8IWF2	Q8IWF2
Q8IWF2	Q3USW5
Q8IWF2	D4A1A1
Q2M243	Q2M243
Q2M243	Q3V036
Q8C0T9	Q8C0T9
Q8C0T9	Q9Z286
Q8C0T9	Q96PN6
Q9H2G4	Q9H2G4
Q9H2G4	Q7TQI8
Q9H2G4	Q8N831
Q9H2G4	Q9UJ04
Q9H2G4	Q8VD63
Q9H2G4	Q9H0U9
Q9H2G4	Q642B1
Q9H2G4	O88852
Q9H2G4	Q9R1M3
Q9H2G4	Q6UN82
Q9H2G4	Q9H489
Q9H2G4	Q86VY4
Q9H2G4	Q69ZB3
Q9H2G4	A0A494C1R9
Q9H2G4	Q01534
Q9H2G4	A6NKD2
Q9H2G4	P0CV98
Q9H2G4	P0CW01
Q9H2G4	P0CW00
Q9H2G4	P0CV99
Q8CGW4	Q8CGW4
Q8CGW4	O94993
Q8CGW4	Q05066
Q8CGW4	P36394
Q8CGW4	O60248
Q8CGW4	P43267
Q8CGW4	Q9BT81
Q8CGW4	P40646
A8MTA8	A8MTA8
A8MTA8	A8MTA8-2
A8MTA8	A2AIP0
A8MTA8	XP_017449401
Q53GL0	Q53GL0
Q53GL0	Q5BJM5
Q53GL0	Q9JIY0
Q96ER9	Q96ER9
Q96ER9	Q5PPN7
Q96ER9	Q96ER9-2
Q96ER9	Q3URS9
P26262	P26262
P26262	P14272
P26262	P03952
P26262	Q6TUF8
P26262	P03951
P26262	Q91Y47
P26262	Q6UWB4
P26262	Q14BX2
P26262	Q6PEW0
P26262	Q6AY28
P26262	Q7M756
A2ARK0	A2ARK0
A2ARK0	Q9BQN1
A2ARK0	Q80XS7
A2ARK0	D3ZT45
A2ARK0	Q2M2I3
Q9NZB8	Q9NZB8
Q9NZB8	Q9NZB8-8
Q9NZB8	NP_001400697
Q9NZB8	Q9NZB8-3
Q9NZB8	Q5RKZ7
Q9P272	Q9P272
Q9P272	Q80WQ4
Q9P272	D3ZQW3
Q9P272	NP_001102969
Q9P272	Q3V1G0
Q9P272	Q8N6F8
Q7TMJ8	Q7TMJ8
Q7TMJ8	Q96FE7
Q7TMJ8	Q56A20
Q8N8Q8	Q8N8Q8
Q8N8Q8	Q8VC74
Q9NWK9	Q9NWK9
Q9NWK9	Q3UFB2
Q9NWK9	B1WC05
Q8BHY2	Q8BHY2
Q8BHY2	Q9BVI4
Q8BHY2	Q5I0I8
P22033	P22033
P22033	P16332
P22033	XP_001067239
P32921	P32921
P32921	P23381
P32921	Q6P7B0
P32921	P23381-2
Q9D4V7	Q9D4V7
Q9D4V7	Q5HYI8
Q9D4V7	NP_001101789
Q8BSM5	Q8BSM5
Q8BSM5	Q8WWW8-2
Q8BSM5	Q8WWW8
Q8BSM5	Q8WWW8-3
Q6SJ93	Q6SJ93
Q6SJ93	Q6SJ93-2
Q6SJ93	Q9D2L9
Q6SJ93	D4A8N0
Q6SJ93	Q96PZ2
Q6IMN6	Q6IMN6
Q6IMN6	Q05A80
Q6IMN6	Q14444
Q6IMN6	Q5M9G3
Q6IMN6	Q14444-2
Q6IMN6	Q60865
Q6IMN6	Q8IUK8
Q6IMN6	Q9R171
Q6IMN6	Q8BGU2
Q6IMN6	P98087
Q6IMN6	P23435
Q6IMN6	P63182
Q6IMN6	Q9NTU7
Q6IMN6	Q8BME9
Q6IMN6	Q6UW01
Q6IMN6	Q9JHG0
P35251	P35251
P35251	P35251-2
P35251	Q9Z2R7
P35251	Q5U4B1
P35251	P35601
P35251	D3ZFT1
Q60749	Q60749
Q60749	Q07666
Q60749	Q29RQ2
Q60749	Q91V33
Q60749	Q07666-2
Q60749	Q07666-3
Q60749	Q9JLP1
Q60749	O75525
Q60749	Q9R226
Q60749	Q5VWX1
Q60749	O75525-2
Q60749	Q9WU01
Q60749	Q920F3
Q60749	Q91XU1
Q60749	Q9QYS9
Q60749	Q96PU8
Q60749	Q96PU8-3
Q60749	Q96PU8-6
Q60749	Q9QYS9-6
O76061	O76061
O76061	O88452
O76061	Q9R0K8
O76061	P52823
O76061	O55183
O76061	P97574
P15379	P15379
P15379	P15379-2
P15379	P16070-10
P15379	P26051
P15379	P16070
P15379	P16070-12
P15379	P16070-8
P15379	P16070_VAR_030326
P15379	P16070-6
Q63737	Q63737
Q63737	Q9DBX2
Q63737	Q13371
Q63737	P20942
Q63737	Q9QW08
Q63737	P19632
Q63737	P20941
Q32MK0	Q32MK0
Q32MK0	M0R632
Q32MK0	Q86YV6
Q32MK0	E9PT87
Q32MK0	Q3UIZ8
Q32MK0	Q8VCR8
Q32MK0	P07313
Q32MK0	P20689
Q32MK0	Q9H1R3
Q32MK0	Q5SUV5
Q32MK0	D3ZN86
Q32MK0	Q9BYT3
Q32MK0	Q924X7
P37231	P37231
P37231	P37231-2
P37231	P37238
P37231	O88275
P37231	P37238-2
P37231	P37231-3
P37231	Q07869
P37231	P37230
P37231	P23204
P37231	Q03181
P37231	Q03181-3
P37231	Q62879
P37231	P35396
P37231	A9XAM2
P37231	Q80ST6
P37231	Q60641
P37231	Q62735
P37231	Q96RI1
P37231	Q96RI1-2
P33896	P33896
P33896	P17181
Q80V03	Q80V03
Q80V03	Q3MIX3
Q80V03	NP_001129270
Q80V03	Q86TW2
Q80V03	Q9D0L4
Q80V03	Q86TW2-2
Q8C180	Q8C180
Q8C180	Q8WU20
Q8C180	D4A244
Q8C180	O43559
Q8C180	Q91WJ0
Q8C180	Q52RG8
Q7RTP6	Q7RTP6
Q7RTP6	Q8CJ19
Q7RTP6	D3ZGN7
Q7RTP6	Q7RTP6-5
Q7RTP6	O94851
Q7RTP6	O94851-2
Q7RTP6	Q8BML1-1
Q7RTP6	Q8BML1-2
Q7RTP6	O94851-4
Q7RTP6	Q8VDP3
Q7RTP6	D3ZBP4
Q7RTP6	Q8TDZ2-4
Q7RTP6	Q8TDZ2
Q7RTP6	Q8BML1
Q7RTP6	Q8BML1-6
Q7RTP6	D4A1F2
Q7RTP6	D4A1F2-5
P50747	P50747
P50747	Q920N2
P50747	XP_038944725
P82664	P82664
P82664	Q80ZK0
P82664	Q7TQ82
J3KPV7	J3KPV7
J3KPV7	Q99J99
J3KPV7	P25325
J3KPV7	P97532
J3KPV7	P25325-2
J3KPV7	P52196
J3KPV7	P24329
J3KPV7	P00586
J3KPV7	Q16762
Q9UJT2	Q9UJT2
Q9UJT2	O54887
Q9UJT2	P60531
Q16719	Q16719
Q16719	P70712
Q16719	Q9CXF0
Q5NBU5	Q5NBU5
Q5NBU5	Q66H10
Q5NBU5	Q8N4B4
Q8BJ48	Q8BJ48
Q8BJ48	Q9UK23
Q8BJ48	NP_001101735
O43462	O43462
O43462	Q8CHX6
Q6ZS11	Q6ZS11
Q6ZS11	Q80UW3
B9EHN9	B9EHN9
B9EHN9	E9Q784
B9EHN9	Q5T200
B9EHN9	Q5T200-2
B9EHN9	NP_001163942
B9EHN9	F1N0H5
Q9NTK5	Q9NTK5
Q9NTK5	Q9NTK5-3
Q9NTK5	Q9CZ30
Q9NTK5	A0JPJ7
Q3U827	Q3U827
Q3U827	Q86T96
Q9BQT8	Q9BQT8
Q9BQT8	Q8BZ09
Q9BQT8	Q99JD3
Q9BQT8	Q96H78
Q9BQT8	Q8BGF9
Q5SZD1	Q5SZD1
Q9ULE4	Q9ULE4
Q9ULE4	Q0KK56
Q96LR7	Q96LR7
P0DW27	P0DW27
P0DW27	P0DW28
Q8C636	Q8C636
Q8C636	Q9BXB7
Q9NX52	Q9NX52
Q9NX52	A2AGA4
Q9NX52	O75783
Q9NX52	Q8VC82
Q9NX52	O88779
Q9NX52	P58873
Q9NX52	P58872
Q8IXR9	Q8IXR9
Q8IXR9	Q8CCC3
B2GV29	B2GV29
B2GV29	Q9NUP7
B2GV29	Q8BYH3
Q3V117	Q3V117
Q3V117	P53396-2
Q3V117	P16638
Q3V117	Q91V92
Q3V117	P16638-2
Q3V117	P53396
Q3V117	Q3TS02
Q3V117	Q8N9C4
Q8C5X6	Q8C5X6
Q8C5X6	Q5XIP6
Q8C5X6	P39748
Q8C5X6	P39749
A6NJI9	A6NJI9
A6NJI9	XP_001077099
A6NJI9	Q9D9C3
Q13454	Q13454
Q13454	Q13454-2
Q13454	Q8BTV1
Q13454	O35777
Q13454	Q6AY49
Q13454	Q9H0U3
Q13454	Q9CQY5
Q0GE19-1	Q0GE19-1
Q0GE19-1	Q0GE19
Q0GE19-1	Q5PT50
Q0GE19-1	Q5PT53
P03979	P03979
P03979	A0A0B4J1U4
P03979	A0A075B6R0
P03979	A0A0C4DH27
P03979	A0A0C4DH28
P03979	A0A0A0MS02
Q8C5A4	Q8C5A4
NP_904321	NP_904321
XP_001472488	XP_001472488
XP_001472488	P0CG23
D3ZWM1	D3ZWM1
D3ZWM1	A6NK06
D3ZWM1	P54987
Q8C615	Q8C615
XP_001056478	XP_001056478
XP_001056478	Q80TA9
XP_001056478	Q9HCE0
XP_001056478	Q9HCE0-2
D3ZQN3	D3ZQN3
D3ZQN3	G3X9N3
D3ZQN3	Q9ULN7
D3ZQN3	Q9ULN7-1
I0J062	I0J062
XP_008766952	XP_008766952
XP_008766952	Q8BP00
XP_008766952	Q15051
Q91WD5	Q91WD5
Q91WD5	O75306
Q91WD5	Q641Y2
Q9DC71	Q9DC71
Q9DC71	Q5XI37
Q9DC71	P82914
Q16850	Q16850
Q16850	Q8K0C4
Q16850	Q64654
Q8CJ96	Q8CJ96
Q8CJ96	Q8NHQ8-2
Q8CJ96	Q8NHQ8
Q8CJ96	Q58CQ7
Q8CJ96	D4AAU5
Q8CJ96	Q02833
Q8CJ96	Q02833-2
Q8CJ96	Q02833-3
Q8CJ96	Q9DD19
Q8CJ96	B0BNA2
Q5XI65	Q5XI65
Q5XI65	Q3USS3
Q5XI65	Q96MC2
Q8IZD9	Q8IZD9
Q8IZD9	Q8CIQ7
Q8IZD9	F1M4N6
Q8IZD9	P59764
Q8IZD9	Q8N1I0-2
Q8IZD9	ENSRNOP00000006709
Q8IZD9	B2RUG6
Q8IZD9	Q8N1I0
Q8IZD9	Q8N1I0-3
Q8IZD9	Q9H7D0
Q8IZD9	F1LVA9
Q8IZD9	B2RY04
Q8IZD9	F1MIX6
Q8IZD9	D3ZZW1
Q8IZD9	Q14185
Q8IZD9	Q8BUR4
Q8IZD9	Q14185_VAR_A1857T
Q8IZD9	Q92608
Q8IZD9	XP_038943067
Q8IZD9	Q8C3J5
Q16626	Q16626
Q16626	Q64327
Q16626	Q5FVH7
Q925E0	Q925E0
Q925E0	Q9NY99
Q925E0	D3ZR12
Q925E0	Q9NSN8
Q925E0	Q925E1
Q6DIC6	Q6DIC6
Q6DIC6	Q12816
Q6DIC6	Q3B7U1
Q6DIC6	Q9ER67
Q6DIC6	Q9UNF1
Q6DIC6	Q9UNF1-2
Q6DIC6	P43366
Q6DIC6	O15481
Q6DIC6	XP_228595
Q6DIC6	O15480
Q6DIC6	D3ZHL4
Q6DIC6	Q96M61
Q6DIC6	Q8BQR7
Q6DIC6	Q9HAY2
Q6DIC6	A7MBH1
Q6DIC6	Q4KM72
Q6DIC6	Q9CPR8
Q6DIC6	Q96MG7
Q6DIC6	Q3UNA3
Q6DIC6	O15479
Q6DIC6	A2A9R3
Q6DIC6	Q9D4D2
Q6DIC6	Q4QR72
Q6DIC6	Q9BZ81
Q6DIC6	Q8N7X4
Q6DIC6	A0A0J9YX57
Q6DIC6	A2AMW4
Q6DIC6	O89006
Q6DIC6	D3ZW04
Q6DIC6	F2Z493
Q6DIC6	Q6T340
Q6DIC6	O89012
Q6DIC6	D4A727
Q6DIC6	Q9R2A2
Q6DIC6	Q4V8H6
Q6DIC6	Q9H213
Q6DIC6	Q5PPP4
Q6DIC6	Q9NWG9
Q6DIC6	Q99PA7
Q6DIC6	Q5XIK4
Q6DIC6	D4A972
Q86X53	Q86X53
Q86X53	E9PY43
Q86X53	XP_006253457
Q8TDR0	Q8TDR0
Q8TDR0	Q8TDR0-2
Q8TDR0	Q5XIN3
Q8TDR0	Q149C2
Q9UIU6	Q9UIU6
Q9UIU6	Q61321
Q9UIU6	Q8N196
Q9UIU6	P70178
Q9UIU6	NP_001359006
Q9UIU6	Q62233
Q9UIU6	Q9QZ28
Q9UIU6	O95475
Q9UIU6	O95343
Q9UIU6	Q62232
Q9UIU6	Q9NPC8
Q9UIU6	Q15475
Q9UIU6	Q62231
Q9UIU6	A0A0G2JVB1
Q9UIU6	G3V970
F6QRE9	F6QRE9
F6QRE9	Q5RHP9
F6QRE9	XP_227786
Q8VBU8	Q8VBU8
Q8VBU8	Q8N9N5
Q8VBU8	B1H235
Q8VBU8	Q8N9N5-2
Q9QY30	Q9QY30
Q9QY30	O95342
Q9QY30	O70127
Q9QY30	Q9NRK6
Q9QY30	Q5FVL8
Q9QY30	Q9JI39
Q9QY30	Q2M3G0
Q9QY30	D4AEL4
Q9QY30	B5X0E4
Q9QY30	P21439
Q9QY30	P21440
Q9QY30	Q08201
Q9QY30	P08183
Q9QY30	P21447
Q9QY30	Q9JK64
Q9QY30	P43245
Q9QY30	P06795
Q9QY30	O75027-2
Q9QY30	Q704E8
Q9QY30	Q61102
Q9QY30	O75027
Q9QY30	Q9NP78
Q9QY30	Q9QYJ4
Q9QY30	Q9JJ59
Q9QY30	Q03518-2
Q9QY30	Q03518
Q9QY30	P36370
Q9QY30	P21958
Q9QY30	Q59H06
Q9QY30	P36371
Q9QY30	Q03519
Q9QY30	P36372
Q8VC30	Q8VC30
Q8VC30	Q3LXA3
Q8VC30	Q4KLZ6
Q8BLY1	Q8BLY1
Q8BLY1	Q9H4F8-2
Q8BLY1	Q6IE50
Q8BLY1	Q9H4F8
Q8BLY1	Q9H3U7-2
Q8BLY1	Q8CD91
Q8BLY1	Q9H3U7
Q80YV4	Q80YV4
Q80YV4	Q80YV4-2
Q80YV4	Q9NVE7
Q80YV4	Q923S8
Q80YV4	Q8TE04
Q80YV4	F1LT70
Q80YV4	Q8TE04-3
Q80YV4	Q9H999
Q80YV4	Q8R2W9
Q80YV4	Q9BZ23-3
Q80YV4	Q9BZ23-2
Q80YV4	D3ZUQ7
Q80YV4	Q7M753
Q80YV4	Q9BZ23-4
Q80YV4	Q9BZ23
Q80YV4	XP_006231338
Q80YV4	Q8K4K6
Q5VZ46	Q5VZ46
Q5VZ46	Q5VZ46-2
Q5VZ46	A0A087WP46
Q920P0	Q920P0
Q920P0	Q7Z4W1
Q920P0	P08074
Q920P0	Q91X52
Q6IA17-2	Q6IA17-2
Q6IA17-2	AAF26200
Q6IA17-2	Q6IA17
Q6IA17-2	Q4V892
Q6IA17-2	Q9JLZ8
P49088	P49088
P49088	Q61024
P49088	P08243
P0CZ25	P0CZ25
A0AV02-2	A0AV02-2
A0AV02-2	A0AV02
A0AV02-2	Q8VI23
A0AV02-2	Q8CJI3
Q6ZSK4	Q6ZSK4
P38159-3	P38159-3
Q8IWJ2-3	Q8IWJ2-3
P61201-2	P61201-2
P61201-2	P61201
P61201-2	P61203
P61201-2	P61202
Q9BPX7-2	Q9BPX7-2
Q9BPX7-2	Q5M888
Q9BPX7-2	Q9BPX7
Q9BPX7-2	Q91WD4
Q9BSJ2-4	Q9BSJ2-4
Q9BSJ2-4	Q921G8
Q9BSJ2-4	B2RYP8
Q9BSJ2-4	Q9BSJ2
P52594-4	P52594-4
P52594-4	Q2TA45
P52594-4	Q4KLH5
P52594-4	Q8K2K6
P52594-4	P52594
P52594-4	P52594-2
P52594-4	O95081
P52594-4	Q80WC7
P52594-4	ENSRNOP00000056369
Q5VT25-6	Q5VT25-6
Q5VT25-6	Q5VT25-2
Q5VT25-6	O54874
Q5VT25-6	Q3UU96
Q5VT25-6	Q5VT25
Q5VT25-6	Q5VT25-3
Q5VT25-6	Q28021
Q5VT25-6	P70336
Q5VT25-6	O75116
Q5VT25-6	Q62868
Q5VT25-6	Q63644
Q5VT25-6	P70335
Q5VT25-6	Q13464
Q5VT25-6	Q80UW5
Q5VT25-6	D3Z837
Q5VT25-6	Q6DT37
Q5VT25-6	Q7TT50
Q5VT25-6	Q9Y5S2
Q5VT25-6	Q7TT49
Q5VT25-6	D4A3D9
Q5VT25-6	F1M3G9
Q5VT25-6	Q9JJX8
Q5VT25-6	Q9NY57
Q5VT25-6	Q8QZV4
Q5VT25-6	Q86UX6
Q5VT25-6	Q9NY57-2
Q5VT25-6	Q8BGW6
Q5VT25-6	D3ZD18
Q5VT25-6	Q8WU08
Q7Z5Q1-9	Q7Z5Q1-9
Q7Z5Q1-9	Q7Z5Q1
Q7Z5Q1-9	E7EPM3
Q7Z5Q1-9	Q812E0
Q7Z5Q1-9	Q8NE35-2
Q7Z5Q1-9	Q8NE35
Q7Z5Q1-9	E9Q5X2
Q7Z5Q1-9	XP_038948735
Q7Z5Q1-9	Q7TN98
Q7Z5Q1-9	Q17RY0
Q7Z5Q1-9	D3ZKL3
Q7Z5Q1-9	XP_001080170
Q7Z5Q1-9	Q7TN99
Q14693-7	Q14693-7
Q14693-7	Q14693-2
Q14693-7	Q91ZP3
Q14693-7	Q14693
Q14693-7	Q14693-6
Q14693-7	Q14693-5
Q14693-7	Q5XIM8
Q14693-7	Q14693-3
Q14693-7	Q9BQK8-2
Q14693-7	Q99PI4
Q14693-7	Q9BQK8
Q14693-7	Q92539
Q14693-7	Q99PI5
Q14693-7	D3ZYB4
Q14693-7	Q5EBA5
Q9Y5Y5-2	Q9Y5Y5-2
Q9Y5Y5-2	Q91XC9
Q9Y5Y5-2	Q9Y5Y5
Q9Y5Y5-2	NP_001012088
Q6AXW8	Q6AXW8
Q6AXW8	Q6P7N7
Q6AXW8	Q9D5K1
Q9NQV6-6	Q9NQV6-6
Q9NQV6-6	Q3UTQ7
Q9NQV6-6	Q9NQV6-1
Q9NQV6-6	Q9NQV6
Q9NQV6-6	P02692
Q9NQV6-6	P07148
Q9NQV6-6	P12710
Q9NQV6-6	Q9HCX3
Q9NQV6-6	A6QLF1
Q9NQV6-6	Q68DY9
Q9NQV6-6	P52741
D4ABP9	D4ABP9
D4ABP9	Q9UK99
D4ABP9	Q9DC63
Q9HAC7-3	Q9HAC7-3
Q9HAC7-3	Q7TNE1
Q9HAC7-3	Q9HAC7
Q9HAC7-3	Q68FU4
O75865-2	O75865-2
O75865-2	D4A3S0
O75865-2	D3ZES2
O75865-2	Q86SZ2
O75865-2	Q9D289
O75865-2	Q78XR0
O75865-2	O75865
O15442-2	O15442-2
O15442-2	Q15777
O15442-2	O15442
O15442-2	Q91ZG2
O15442-2	Q9CZJ0
O15442-2	B1WBP0
O95479-2	O95479-2
O95479-2	O95479
O95479-2	D4A7D7
O95479-2	Q8CFX1
O95479-2	O95336
O95479-2	Q9CQ60
O95479-2	P85971
XP_006247246	XP_006247246
XP_006247246	Q8TCT1
XP_006247246	Q8R2H9
XP_006247246	Q8TCD6
XP_006247246	Q9D9M5
XP_006247246	Q66HC4
Q96S19-4	Q96S19-4
Q96S19-4	Q9DCS2
Q96S19-4	Q96S19
Q96S19-4	Q497C3
Q96S19-4	Q96S19-6
P63041	P63041
P63041	P63040
P63041	O14810
P63041	P84086
P63041	P84087
P63041	P84088
P63041	Q6PUV4
P63041	Q0IIL7
Q923B1	Q923B1
Q923B1	B2RYJ2
Q923B1	Q9UK59
Q5VW38	Q5VW38
Q5VW38	Q5VW38-2
Q5VW38	Q6P6V6
Q5VW38	Q9NPR9
Q5VW38	Q91WD0
Q5VW38	Q8BUV8
Q5VW38	D3ZWZ9
O60238	O60238
O60238	Q4G086
O60238	Q9Z2F7
O60238	Q12983
O60238	Q9ET45
O60238	O55003
O60238	ENSRNOP00000041876
Q9BQA1	Q9BQA1
Q9BQA1	Q99J09
Q9BQA1	Q4QR85
Q8BMC4	Q8BMC4
Q8BMC4	Q86U38
Q8BMC4	D3ZKI9
Q969T3	Q969T3
Q969T3	Q969T3-3
Q969T3	Q3UR97
Q969T3	Q7Z614
Q969T3	Q7Z614-4
Q969T3	Q7Z614-3
Q969T3	Q5BK61
Q969T3	Q9D2Y5
Q6NXZ1	Q6NXZ1
Q6NXZ1	A5PL33
Q96G01	Q96G01
Q96G01	Q96G01-4
Q96G01	Q8BR07
Q96G01	Q96G01-3
Q96G01	Q8TD16-2
Q96G01	Q8TD16
Q96G01	Q496Z1
Q96G01	Q921C5
Q3SYK4	Q3SYK4
Q3SYK4	Q9H8Y1
Q8N8E3	Q8N8E3
Q8N8E3	Q5PR68
Q96K21	Q96K21
Q96K21	Q96K21-3
Q96K21	Q9DAZ9
Q96K21	Q499R6
Q6DKI7	Q6DKI7
Q6DKI7	A0A1B0GS01
P06576	P06576
P06576	P10719
P06576	P56480
Q5W150	Q5W150
Q9BUB4	Q9BUB4
Q9BUB4	Q9JHI2
Q9BUB4	D4ADL5
Q9WVF8	Q9WVF8
Q9WVF8	NP_001102767
Q9WVF8	O75896
Q9D8W5	Q9D8W5
Q9D8W5	O00232-2
Q9D8W5	O00232
Q9D8W5	Q5XIC6
Q3TDN2	Q3TDN2
Q3TDN2	Q96CS3
Q3TDN2	Q5BK32
Q13895	Q13895
Q13895	Q80WL2
Q13895	O54825
Q99J21	Q99J21
Q99J21	Q9GZU1
Q99J21	NP_001099373
Q99J21	Q8IZK6
Q99J21	Q8K595
Q99J21	Q499S1
Q99J21	Q8TDD5
Q99J21	Q8R4F0
P25445	P25445
P25445	P25445-6
P25445	P25446
P25445	Q63199
Q16514	Q16514
Q16514	Q8VE65
Q16514	Q16514-2
Q16514	B0BMY3
Q96CB8	Q96CB8
Q96CB8	Q9D168
Q96CB8	Q68FR3
Q64387	Q64387
Q64387	Q62923
Q64387	Q13519
Q64337	Q64337
Q64337	O08623
Q64337	O08623-3
Q64337	Q64337-2
Q64337	Q13501
Q64337	Q13501-2
Q64337	O08623-2
Q15583	Q15583
Q15583	P70284
Q15583	Q8C0Y1
Q15583	Q9GZN2
Q15583	Q8IUE1
Q15583	Q8IUE0
P58710	P58710
P58710	P10867
Q8N4Q0	Q8N4Q0
Q8N4Q0	Q8BGC4
Q8N4Q0	D4A264
Q53FZ2	Q53FZ2
Q53FZ2	Q8K0L3
Q53FZ2	Q3UNX5
Q53FZ2	Q91VA0
Q53FZ2	Q80W40
Q53FZ2	Q6SKG1
Q53FZ2	B5DFA3
Q53FZ2	Q53FZ2-2
Q53FZ2	Q7TN78
Q53FZ2	Q6NUN0
Q53FZ2	O70490
Q53FZ2	Q6AYT9
Q53FZ2	Q68CK6
Q53FZ2	Q8BGA8
Q53FZ2	Q08AH3
Q53FZ2	Q6P461
Q53FZ2	Q08AH1
Q53FZ2	P0C7M7
Q96AQ8	Q96AQ8
Q96AQ8	D3ZEJ2
Q96AQ8	Q9CXD6
Q96AQ8	Q8C3X2
Q96AQ8	Q9GZT6
Q96AQ8	Q4V897
Q9UL16	Q9UL16
Q9UL16	Q9D9U9
P42867	P42867
P42867	Q9H3H5
P42867	Q6P4Z8
O14929	O14929
O14929	Q8BY71
O14929	Q5M939
P26952	P26952
P26952	P26951
Q6BDI9	Q6BDI9
Q6BDI9	Q9D7T1
P33897	P33897
P33897	D3ZHR2
P33897	P48410
P33897	Q61285
P33897	Q9UBJ2
P33897	Q9QY44
P33897	P16970
P33897	P28288-2
P33897	P55096
P33897	P28288
Q9BQA9	Q9BQA9
Q9BQA9	Q3TYS2
Q9BQA9	Q6AYA6
Q6YDN7	Q6YDN7
Q6YDN7	Q8NHZ8
Q6YDN7	Q99JP4
Q6RFH5	Q6RFH5
Q6RFH5	Q8VCG3
Q6RFH5	B0BNI2
Q8C7X2	Q8C7X2
Q8C7X2	Q8N766
Q8C7X2	Q8N766-2
Q8C7X2	D4A994
Q86VI1	Q86VI1
Q86VI1	Q8BI71
Q6TXG7	Q6TXG7
Q6TXG7	P50431
Q6TXG7	P34896
Q6TXG7	P34896-2
Q6TXG7	P34897
Q6TXG7	Q5U3Z7
Q6TXG7	Q9CZN7
Q6TXG7	P34897-3
Q6TXG7	P34897-2
Q68G75-6	Q68G75-6
P49116-2	P49116-2
P49116-2	P49117
P49116-2	P49116
P49116-2	P55094
P49116-2	Q8VIJ4
P49116-2	Q505F1
P49116-2	Q505F1_VAR_A327S
P49116-2	P10589
P49116-2	Q60632
P49116-2	P24468
P49116-2	Q32NY6
P49116-2	Q62681
P49116-2	P43135
P49116-2	O09018
P49116-2	P13056
P49116-2	Q9Y466
P49116-2	Q64104
A2A9I7	A2A9I7
A2A9I7	D4A494
A2A9I7	Q96MA1
Q0P897	Q0P897
P78559-2	P78559-2
P78559-2	P78559
P78559-2	P34926
P78559-2	Q9QYR6
D4A650	D4A650
D4A650	Q8BU85
D4A650	Q8IXL7
D4A650	Q8IXL7-2
D4A650	Q9Y3D2
D4A650	Q78J03
D4A650	Q4FZX5
D4A650	Q52KJ8
D4A650	Q9NZV6
D4A650	Q9JLC3
P0DP75	P0DP75
NP_001192928	NP_001192928
NP_001192928	Q9QYC0-2
NP_001192928	E9Q1K3
NP_001192928	P35611
NP_001192928	P35611-3
NP_001192928	P35611-4
NP_001192928	Q9QYC0
NP_001192928	P35611-2
NP_001192928	P35611-6
NP_001192928	Q63028
NP_001192928	Q9UEY8
NP_001192928	Q62847
NP_001192928	Q9QYB5-2
NP_001192928	Q9UEY8-2
NP_001192928	Q9QYB5
NP_001192928	P35612
NP_001192928	Q9QYB8
NP_001192928	Q05764
NP_001192928	Q9QYB8-2
NP_001192928	P35612-2
NP_001192928	Q05764-2
E1BFW2	E1BFW2
E1BFW2	Q8C1D8
E1BFW2	Q96ST2-2
E1BFW2	Q96ST2-3
E1BFW2	Q96ST2
E1BFW2	Q3SWT4
P51570-2	P51570-2
P51570-2	Q9R0N0
P51570-2	P51570
P51570-2	Q5RKH2
Q9NRA8-3	Q9NRA8-3
Q9NRA8-3	Q9NRA8
Q9NRA8-3	Q9EST3
Q9NRA8-3	Q9NRA8-2
Q9NRA8-3	D4ACF1
Q9UHP3-3	Q9UHP3-3
Q9UHP3-3	Q9UHP3-1
Q9UHP3-3	Q9UHP3
Q9UHP3-3	D4ACD3
Q9UHP3-3	Q96RU2-2
Q9UHP3-3	Q96RU2-3
Q9UHP3-3	D3ZJ96
Q9UHP3-3	Q5I043
Q9UHP3-3	Q96RU2
Q9UHP3-3	P57080
NP_001304658	NP_001304658
NP_001304658	P47863
NP_001304658	P55088
NP_001304658	P55087
NP_001304658	A0A5F9ZHR4
NP_001304658	P55087-2
NP_001304658	P29975
NP_001304658	P29972
NP_001304658	Q02013
NP_001304658	P47864
NP_001304658	P55064
NP_001304658	P34080
NP_001304658	P06624
NP_001304658	P51180
NP_001304658	P30301
NP_001304658	P56402
NP_001304658	Q9WTY4
NP_001304658	P41181
NP_001304658	P09011
NP_001304658	P56405
NP_001304658	O94778
NP_001304658	P56404
NP_001304658	Q8C4A0
NP_001304658	Q13520
NP_001304658	Q9WTY0
P59998-3	P59998-3
P59998-3	P59998
P59998-3	P59999
P59998-3	B2RZ72
P13987-2	P13987-2
P13987-2	P13987
P13987-2	P58019
P13987-2	P27274
P13987-2	O55186
Q9H6U8-3	Q9H6U8-3
Q9H6U8-3	D3ZCW5
Q9H6U8-3	Q9H6U8
Q9H6U8-3	Q8VDI9
Q9UNL2-2	Q9UNL2-2
Q9UNL2-2	Q9DCF9
Q9UNL2-2	Q9UNL2
Q9UNL2-2	Q08013
Q5BK81	Q5BK81
Q5BK81	Q8N8N7
Q5BK81	Q8VDQ1
Q5BK81	Q91YR9
Q5BK81	Q14914-2
Q5BK81	Q14914
Q5BK81	P97584
Q6AXP3	Q6AXP3
Q6AXP3	Q9D518
Q6AXP3	Q96M60
P18065	P18065
P18065	P21744
P18065	P47879
P18065	P47877
P18065	P12843
P18065	P22692
P18065	P17936-2
P18065	P47878
P18065	P17936
P18065	P15473
P18065	P24592
P18065	P24593
P18065	Q07079
P18065	P24594
P18065	P47876
P18065	P21743
P18065	P08833
F1LW16	F1LW16
F1LW16	O14981
F1LW16	E9QAE3
XP_980320	XP_980320
XP_980320	Q58DX5
XP_980320	XP_001062720
XP_980320	Q58DX5-2
D3ZKQ4	D3ZKQ4
D3ZKQ4	Q3YEC7-6
D3ZKQ4	Q3YEC7-3
D3ZKQ4	Q5U3K5
D3ZKQ4	Q3YEC7-2
D3ZKQ4	Q3YEC7
Q16659	Q16659
Q16659	P27704
Q16659	Q61532
Q16659	G3V9J9
Q16659	Q6P5G0
Q16659	P31152
F1LXT3	F1LXT3
F1LXT3	Q5XG71
F1LXT3	O75691
Q9WVL2	Q9WVL2
Q9WVL2	Q9QXJ2
Q9WVL2	P52630
Q9WVL2	Q5XI26
Q9WVL2	P42228
Q9WVL2	Q66HB2
Q9WVL2	Q14765
Q9WVL2	P40763
Q9WVL2	P42227-2
Q9WVL2	P40763-2
Q9WVL2	P42227
Q9WVL2	P40763-3
Q9WVL2	P42227-3
Q9WVL2	P61635
Q9WVL2	P52631
Q9WVL2	P42224
Q9WVL2	Q9QXK0
Q9WVL2	P42225
Q9WVL2	P42224-2
Q96QU8	Q96QU8
Q96QU8	Q924Z6
Q96QU8	G3V858
Q9H098-2	Q9H098-2
Q9H098-2	Q5U4F3
Q9H098-2	Q3TGF2
Q9H098-2	Q9H098
Q9H098-2	Q78TU8
Q9H098-2	NP_001020300
Q9H098-2	O95990
P07766	P07766
P07766	P22646
P07766	D4A5M2
Q9UBU7	Q9UBU7
Q9UBU7	Q9QZ41
P54198	P54198
P54198	M0R4R2
P54198	P54198-2
P54198	Q61666
Q60636	Q60636
Q60636	D4A1S2
Q60636	O75626
Q60636	I7HJS4
Q60636	Q8IZ20
Q9WUK2	Q9WUK2
Q9WUK2	Q15056
Q9WUK2	Q15056-2
Q9WUK2	Q5XI72
Q9QYI3	Q9QYI3
Q9QYI3	Q99615-2
Q9QYI3	Q99615
Q9QYI3	Q566E2
A0A0U1RQS6	A0A0U1RQS6
A0A0U1RQS6	A0A0U1RQ45
Q9JJ31	Q9JJ31
Q9JJ31	Q9D5V5
Q9JJ31	Q93034
Q05469	Q05469
Q05469	Q05469-2
Q05469	E9Q4M2
Q05469	P15304
Q05469	P54310
Q05469	P15304-2
Q07157	Q07157
Q07157	B9EHJ3
Q07157	P39447
Q07157	Q07157-2
Q07157	NP_001099736
Q07157	Q9Z0U1
Q07157	F1N2D3
Q07157	Q9UDY2-7
Q07157	Q9UDY2-3
Q07157	Q95168
Q07157	F1MBN2
Q07157	Q9UDY2-2
Q07157	Q3ZB99
Q07157	Q9UDY2
Q07157	O95049-3
Q07157	O95049-4
Q07157	O95049
Q07157	O95049-5
Q07157	NP_001101543
Q07157	Q9QXY1
Q9H422	Q9H422
Q9H422	Q9ERH7
Q9H422	Q9H422-2
Q9H422	O88850
Q9H422	D3ZKU4
Q9H422	Q9H2X6
Q9H422	Q9QZR5
Q9H422	A4L9P5
Q9H422	Q86Z02
Q9H422	Q86Z02-2
Q9H422	Q86Z02-4
Q9H422	O88904
Q9H422	Q92630
Q9H422	Q922Y0
Q9H422	O43781
Q9H422	Q5U4C9
Q9H422	Q92630-2
Q9H422	O43781-2
Q9H422	F1LYY7
Q9H422	Q4V8A3
Q9H422	Q3V016
Q9H422	Q8NE63
Q9H422	Q4V793
Q9H422	Q8BI55
Q9H422	Q9NR20
P20936	P20936
P20936	P20936-2
P20936	P09851
P20936	E9PYG6
P20936	P50904
Q9Z1E4	Q9Z1E4
Q9Z1E4	P13807-2
Q9Z1E4	P17625
Q9Z1E4	Q8VCB3
Q9Z1E4	P54840
Q9Z1E4	A2RRU1
Q9Z1E4	P13834
Q9Z1E4	P13807
Q9BY78	Q9BY78
Q9BY78	Q8BUH7
Q86WB0	Q86WB0
Q86WB0	D3Z3D0
Q86WB0	A5D9C3
Q86WB0	B2RYM6
Q86WB0	Q80YV2-2
Q86WB0	Q80YV2
O43242	O43242
O43242	Q5U2S7
O43242	P14685
O35732	O35732
O35732	O15519
O35732	O15519-2
O35732	C0H5Y5
Q9BZI7	Q9BZI7
Q9BZI7	Q3ULL6
Q9BZI7	NP_001129345
Q9BZI7	Q9BZI7-2
Q9BZI7	Q9H1J1
Q9BZI7	Q3ULJ3
Q9NYU2	Q9NYU2
Q9NYU2	Q9JLA3
Q9NYU2	Q6P5E4
Q9NYU2	Q9NYU2-2
Q9NYU2	E9Q4X2
Q9NYU2	Q9NYU1
Q9NYU2	ENSRNOP00000048127
Q5VT06	Q5VT06
Q5VT06	E9Q309
Q5VT06	F1LPD3
Q96PH1	Q96PH1
Q96PH1	Q96PH1-4
G3X8U2	G3X8U2
G3X8U2	D3ZHC6
Q9P012	Q9P012
Q9P012	Q9UDW1
Q9P012	B2RYX1
Q9P012	P00130
Q9P012	Q8R1I1
NP_001100659	NP_001100659
NP_001100659	Q80Z71
NP_001100659	Q8BYI9
NP_001100659	Q92752
NP_001100659	Q9UQP3
NP_001100659	Q05546
NP_001100659	Q71KU9
NP_001100659	Q08830
NP_001100659	Q5M8C6
NP_001100659	Q86XS5
Q6MG11	Q6MG11
Q6MG11	Q8K341-2
Q6MG11	Q8K341
Q6MG11	Q5SQI0
P03891	P03891
P03891	P03893
P03891	P11662
Q6ZT21	Q6ZT21
Q6ZT21	NP_001385955
Q6ZT21	D3Z286
Q3UWI7	Q3UWI7
EDL99276	EDL99276
EDL99276	Q9H0V9-2
EDL99276	B0BNG3
EDL99276	P49256
EDL99276	Q9DBH5
EDL99276	Q12907
EDL99276	Q9H0V9
EDL99276	P59481
Q5QJU3	Q5QJU3
Q5QJU3	Q8VD53
Q5QJU3	Q8R4X1
Q5QJU3	Q8TDN7
B2RXF0	B2RXF0
B2RXF0	B9EJI9
B2RXF0	Q8BFQ2
B2RXF0	Q8NBD8
Q4G0M1	Q4G0M1
Q4G0M1	D4AB34
Q4G0M1	Q6PGN1
Q4G0M1	Q8R2Z0
Q4G0M1	Q5T7M4
Q9Y2B5-2	Q9Y2B5-2
Q9Y2B5-2	Q9Y2B5
Q9Y2B5-2	Q8C190
Q9Y2B5-2	NP_001100910
A0A494C103	A0A494C103
Q8R115	Q8R115
Q8R115	A0PJX8
XP_357752	XP_357752
XP_357752	Q9R175
XP_357752	Q99J93
XP_357752	P26376
XP_357752	Q9D103
XP_357752	Q9CQW9
XP_357752	NP_001099784
XP_357752	Q01628
XP_357752	P13164
XP_357752	Q01629
XP_357752	O88728
XP_357752	A6NNB3
XP_001056376	XP_001056376
XP_001056376	Q9CXX0
XP_001056376	Q96M11
P08700	P08700
P20929-3	P20929-3
P20929-3	A2AQB2
P20929-3	XP_003133878
P20929-3	E9Q1W3
P20929-3	P20929-2
P20929-3	P20929
P20929-3	NP_001101201
P20929-3	Q86VF7
P20929-3	Q86VF7-3
P20929-3	D4A4K6
P20929-3	Q80XB4
P20929-3	NP_001178623
P20929-3	B7ZCI2
P20929-3	O76041-2
P20929-3	Q9DC07
P20929-3	O76041
P20929-3	Q3UU58
Q62150	Q62150
Q62150	Q99M28-2
Q62150	Q15287-2
Q62150	Q6AYK1
Q62150	Q99M28
Q62150	Q15287
Q8N100	Q8N100
Q8N100	Q9Z2E5
Q8N5X7	Q8N5X7
Q8N5X7	Q9DBB5
P0C6A0	P0C6A0
P0C6A0	Q1WG82
Q8CI08-2	Q8CI08-2
Q8CI08-2	Q8CI08
Q8CI08-2	NP_001100684
Q8CI08-2	Q68FF7
Q8CI08-2	Q8ND83
Q8CI08-2	Q9P270
P01132	P01132
P01132	P07522
P01132	P01133
P01132	Q8WWG1
P01132	Q9WTX4
Q9ULQ1-3	Q9ULQ1-3
Q9ULQ1-3	Q9ULQ1
Q9ULQ1-3	Q9WTN5
Q9ULQ1-3	Q9EQJ0
Q8C4C8	Q8C4C8
Q96M78	Q96M78
Q4G0G2	Q4G0G2
Q5K130	Q5K130
A8MWP4	A8MWP4
Q8N5S3	Q8N5S3
Q8N5S3	Q5SPV6
Q8N5S3	D4A4P5
Q9P1J3	Q9P1J3
Q9P1G2	Q9P1G2
P59634	P59634
P59634	P0DTC6
Q9Y5M1	Q9Y5M1
P0DTL6	P0DTL6
P0DTL6	P0DW89
P0DTL6	P0DW87
P0DTL6	XP_002729874
Q6ZV18	Q6ZV18
Q9WVS0	Q9WVS0
Q9WVS0	Q9R1T7
Q9WVS0	Q9Y6W8
P0CW23	P0CW23
P0CW23	G3UWD5
Q6ZQY7	Q6ZQY7
Q30KQ6	Q30KQ6
Q9H7H0-3	Q9H7H0-3
Q9H7H0-3	D3Z930
Q9H7H0-3	Q3U2U7
Q9H7H0-3	Q9H7H0
Q969X2-3	Q969X2-3
Q969X2-3	Q9JM95
Q969X2-3	Q969X2
Q969X2-3	Q9BVH7
Q969X2-3	Q9QYJ1
Q8JZQ0	Q8JZQ0
Q8JZQ0	P07141
Q8JZQ0	P09603
Q4V8A6	Q4V8A6
Q4V8A6	Q9UL45
Q4V8A6	Q9R0C0
Q7TQM5	Q7TQM5
Q7TQM5	B2RUR4
Q7TQM5	Q5T749
Q4V8E5	Q4V8E5
Q4V8E5	Q96ES6
Q4V8E5	Q5U419
D3ZCH9	D3ZCH9
D3ZCH9	Q8N6Q3
D3ZCH9	Q8R2S8
D3ZCH9	M0R4W1
D3ZCH9	XP_002728761
D3ZCH9	Q9BY14-2
D3ZCH9	Q9BY14
D3ZCH9	Q924B5
D3ZCH9	Q9JMI7
P29475-5	P29475-5
P29475-5	Q9Z0J4-5
P29475-5	P29475
P29475-5	Q9Z0J4
P29475-5	Q6Y5E2
P29475-5	Q62600
P29475-5	P70313
P29475-5	P29474
P29475-5	P29473
P29475-5	Q7YSG7
P29475-5	P35228
P29475-5	Q06518
P29475-5	P29477
P29475-5	P29476
P29475-5	P29475-2
O43251-8	O43251-8
O43251-8	O43251
O43251-8	Q8BP71
O43251-8	O43251-6
O43251-8	O43251-5
O43251-8	O43251-10
O43251-8	O43251-9
O43251-8	A1A5R1
O43251-8	Q9NWB1-2
O43251-8	Q9NWB1-5
O43251-8	Q9JJ43
O43251-8	Q9NWB1
O43251-8	Q9JJ43-3
O43251-8	O43251-3
O43251-8	D4A2H6
O43251-8	A6NFN3
O43251-8	Q8BIF2
O43251-8	Q8BP71-4
Q15906-2	Q15906-2
Q15906-2	Q62481
Q15906-2	Q15906
Q15906-2	B1WC45
Q6UWL2-2	Q6UWL2-2
Q6UWL2-2	Q6UWL2
Q6UWL2-2	E9Q3H4
O43768-4	O43768-4
O43768-4	P56211-2
O43768-4	O43768-5
O43768-4	P60840
O43768-4	O43768
O43768-4	P60841
O43768-4	O43768-2
O43768-4	Q712U5
O43768-4	P56211
O43768-4	P56212
O43768-4	O43768-3
Q9Y305-4	Q9Y305-4
Q9Y305-4	Q9Y305-2
Q9Y305-4	Q9Y305
Q9Y305-4	Q5U2X8
Q9Y305-4	Q32MW3
Q9Y305-4	Q9R0X4
Q3YAF7	Q3YAF7
Q3YAF7	Q96A54
Q3YAF7	Q91VH1
Q3YAF7	Q86V24
Q3YAF7	Q8BQS5
Q3YAF7	Q6P746
Q3YAF7	Q6TCG8
Q3YAF7	Q6TCH7
Q3YAF7	Q6TCH7-2
Q3MHS7	Q3MHS7
Q3MHS7	Q8K0C9
Q3MHS7	O60547
A0A1B0GVG6	A0A1B0GVG6
A0A1B0GVG6	G3UW99
Q8C4Y3-3	Q8C4Y3-3
Q8C4Y3-3	Q8C4Y3
Q8C4Y3-3	Q8WX92
Q8C4Y3-3	G5E5S2
Q8C4Y3-3	D4ACV0
Q8C4Y3-3	Q8WX92-2
A0A1B0GU71	A0A1B0GU71
A0A1B0GU71	G3UW36
P09367	P09367
P09367	P20132
P09367	Q8VBT2
P09367	Q96GA7
P09367	Q8R238
P09367	NP_001101806
P49805	P49805
P49805	O54828
P49805	O54828-2
P49805	O75916-3
P49805	O46469
P49805	O75916
P49805	O94810
P49805	XP_001062856
P49805	Q9Z2H1
P49805	P49802
P49805	Q9Z2H2
P49805	P49758
P49805	P49802-2
P49805	NP_062215
P49805	P49758-3
P49805	P49803
P49805	O54829
Q6AYF5	Q6AYF5
Q6AYF5	Q9D8U7
Q6AYF5	Q8N5C7
A0A2R8YFL7	A0A2R8YFL7
A0A2R8YFL7	A0A2R8Y4Y8
A0A1B0GTL2	A0A1B0GTL2
A0A1B0GTL2	A0A140LIA7
Q86XI8-2	Q86XI8-2
Q86XI8-2	Q86XI8
Q86XI8-2	Q6DI92
Q92600-2	Q92600-2
Q92600-2	Q9JKY0
Q92600-2	Q5PQL2
Q92600-2	Q92600
Q9Y484-2	Q9Y484-2
Q9Y484-2	Q9Y484-3
Q9Y484-2	Q9Y484
Q9Y484-2	Q91VM3
Q9Y484-2	Q5U2Y0
Q9Y484-2	Q9CR39
Q9Y484-2	Q5MNZ6
Q9Y484-2	Q2MCP5
D3Z338	D3Z338
D3Z338	E9PQX1
P30511-3	P30511-3
P30511-3	P04439-2
P30511-3	Q9JHM2
P30511-3	P01889
P30511-3	P10321_VAR_A8T
P30511-3	P10321-2
P30511-3	Q861Q1
P30511-3	P10321_VAR_T162K
P30511-3	P04439_VAR_D140Y
P30511-3	P10321
P30511-3	Q4KN81
P30511-3	P04439
P30511-3	P01889_VAR_H137Y
P30511-3	P30511
P30511-3	A7VMS3
P30511-3	P04439_VAR_T345S
P30511-3	P04439_VAR_N151K
P30511-3	P01889_VAR_K202T
P30511-3	P04439_VAR_R68K
P30511-3	P10321_VAR_C350S
P30511-3	O77979
P30511-3	P04439_VAR_E277K
P30511-3	P13747
P30511-3	P01889_VAR_C349S
P30511-3	P17693
P30511-3	Q31093
P30511-3	G3V627
P30511-3	P01893
P30511-3	Q0PKT3
P30511-3	O19443
P30511-3	Q85ZW5
P30511-3	Q85ZW6
P30511-3	P14432
P30511-3	Q31141
P30511-3	Q3U531
P30511-3	Q8HWB2
P30511-3	P01895
P30511-3	B2RYE7
P30511-3	Q61895
P30511-3	P04223
P30511-3	Q6MG34
P30511-3	P03991
P30511-3	Q861Q3
P30511-3	P14429
P30511-3	P14430
P30511-3	Q95II0
P30511-3	O19441
P30511-3	XP_001077245
P30511-3	Q6MG28
P30511-3	P04223-2
P30511-3	Q6MG33
P30511-3	P01899
P30511-3	O19445
P30511-3	O78088
P30511-3	P01900
P30511-3	P01897
P30511-3	P14426
P30511-3	P06339
P30511-3	P01895-2
P30511-3	P01898
P30511-3	P01902
P30511-3	Q6W9J5
P30511-3	Q6MGB9
P30511-3	P01901
P30511-3	Q31172
P30511-3	P14427
P30511-3	Q31615
P30511-3	Q64726
P30511-3	Q63678
P30511-3	O19442
P30511-3	Q31204
P30511-3	P28068
P30511-3	P35737
P30511-3	Q9CWF0
P30511-3	O19477
P30511-3	Q95460
P30511-3	Q8HWB0
P30511-3	F1M7X0
P30511-3	P25311
P30511-3	Q29980
P30511-3	Q29983
P30511-3	O35799
P30511-3	P70387
P30511-3	Q30201
Q6P1Q0-7	Q6P1Q0-7
Q6P1Q0-7	G3V996
Q6P1Q0-7	Q6P1Q0
Q6P1Q0-7	Q924L1
Q9H611-3	Q9H611-3
Q9H611-3	Q80SX8
Q9H611-3	Q1HG60
Q9H611-3	Q9H611
C0HM01	C0HM01
Q8R2R3	Q8R2R3
Q8R2R3	Q9R0Z7
Q8R2R3	Q6PD74
P05093	P05093
P05093	P11715
P05093	P27786
Q96R06	Q96R06
Q96R06	Q1ERY8
Q96R06	Q7TME2
Q62277	Q62277
Q62277	P08247
Q62277	P07825
Q62277	Q16563
Q62277	Q16563-2
Q62277	Q66H18
Q62277	O09117
Q62277	Q8TBG9-2
Q62277	Q8TBG9
Q62277	Q8BGN8
Q62277	P22831
Q62277	Q5VXT5
Q62277	O89104
O15116	O15116
O15116	Q8VC85
O15116	D3ZWB1
O15116	B2RZB6
O15116	O95777
O15116	Q6ZWM4
Q8TAD4	Q8TAD4
Q8TAD4	D3ZY54
Q8TAD4	Q8R4H9
Q8TAD4	Q8TAD4-3
Q8TAD4	Q5BJM8
Q8TAD4	Q8NEW0
Q8TAD4	Q9JKN1
Q3U128	Q3U128
Q3U128	Q8J025
Q3U128	F1M5Q7
Q3U128	Q8NCL9
Q8R507	Q8R507
Q8R507	O75072
Q9JLF1	Q9JLF1
Q9JLF1	Q9UN88
Q9JLF1	P63137
Q9JLF1	P08220
Q9JLF1	P47870
Q9JLF1	P47870-1
Q9JLF1	P15431
Q9JLF1	P50571
Q9JLF1	P18505
Q9JLF1	NP_058761
Q9JLF1	P63080
Q9JLF1	P28472-2
Q9JLF1	P63137-2
Q9JLF1	P63138
Q9JLF1	P28472
Q9JLF1	M9PBZ1
Q9JLF1	P25123
Q9JLF1	P48167
Q9JLF1	P20781
Q9JLF1	P48168
Q9JLF1	P24524
Q9JLF1	P23416
Q9JLF1	Q7TNC8
Q9JLF1	P07727
Q9JLF1	P22771
Q9JLF1	P23415
Q9JLF1	Q64018
Q9JLF1	Q91XP5
Q9JLF1	O75311
Q9JLF1	Q61603
Q9JLF1	D4A4R5
Q9JLF1	P56475
Q9JLF1	P47742
Q9JLF1	P28476
Q9JLF1	P56476
Q9JLF1	P50573
Q9JLF1	B2RXA8
Q9JLF1	A8MPY1
Q9JLF1	P24046
Q9JLF1	P50572
Q9JLF1	P48169
Q9JLF1	P23576
Q9JLF1	P30191
Q9JLF1	P26049
Q9JLF1	P62813
Q9JLF1	P34903
Q9JLF1	P19969
Q9JLF1	P62812
Q9JLF1	P14867
Q9JLF1	P16305
Q9JLF1	P31644
Q9JLF1	P20236
Q9JLF1	P47869
Q9JLF1	P26048
Q9JLF1	Q9D6F4
Q9JLF1	P28471
Q9JLF1	Q16445
Q9JLF1	Q8QZW7
Q9JLF1	O09028
Q9JLF1	O00591
Q9JLF1	O14764
Q9JLF1	P22933
Q9JLF1	P18506
Q9JLF1	Q8BHJ7
Q9JLF1	P47869-2
Q9JLF1	Q9ES14
Q9JLF1	O88966
Q9JLF1	P78334
Q9JLF1	P18507-3
Q9JLF1	P18507
Q9JLF1	Q6PW52
Q9JLF1	P22723
Q9JLF1	P28473
Q9JLF1	P23574
Q9JLF1	P27681
Q9JLF1	Q8N1C3
Q9JLF1	Q99928
Q9JLF1	Q9R0Y8
Q9JLF1	P18508
Q9JLF1	P22723-2
Q5U901	Q5U901
Q5U901	Q8N4T0
Q5U901	P15088
Q5U901	P15089
Q5U901	P21961
Q5U901	Q8IVL8
Q5U901	Q8N4T0-3
Q5U901	Q96IY4
Q5U901	Q96IY4-2
Q5U901	Q9JHH6
Q5U901	Q9EQV9
Q5U901	Q9UI42
Q5U901	Q6P8K8
Q5U901	D3ZHS5
Q5U901	P48052
Q5U901	Q504N0
Q5U901	P19222
Q5U901	P15086
Q5U901	B2RS76
Q5U901	P19223
Q5U901	Q8R4H4
Q5U901	Q8WXQ8-3
Q5U901	Q8WXQ8
Q5U901	P00731
Q5U901	P15085
Q5U901	Q7TPZ8
Q8BYR8	Q8BYR8
Q8BYR8	Q96JW4
Q8BYR8	D3ZM22
Q8BYR8	Q8IVJ1
Q8BYR8	Q8BJA2
Q8BYR8	Q96GZ6
Q8BYR8	Q3SWT5
Q8BYR8	Q921R8
Q8BYR8	Q96GZ6-9
Q8BYR8	Q96GZ6-7
Q8BYR8	Q96GZ6-5
Q8BYR8	Q96GZ6-6
Q9CR98	Q9CR98
Q9CR98	B0BN94
Q9CR98	Q96C01
Q9HB09	Q9HB09
Q9HB09	D3Z9I2
Q9HB09	Q9HB09-3
Q9HB09	Q9D3J3
P97390	P97390
P97390	Q9NRW7
P97390	O08700
Q96CN7	Q96CN7
Q96CN7	Q91V64
Q96CN7	Q6I7R3
Q96CN7	M0RAK2
Q96CN7	P85094
Q96CN7	Q96AB3-2
Q96CN7	Q5U3Z3
Q96CN7	Q9DCC7
Q96CN7	Q96AB3
Q53EZ4	Q53EZ4
Q53EZ4	Q4V7C8
Q53EZ4	Q8BT07
Q07021	Q07021
Q07021	O35796
Q07021	O35658
Q6AYS6	Q6AYS6
Q6AYS6	Q8BVL3
Q6AYS6	Q15036
Q6AYS6	Q8N9S9
Q6AYS6	Q6P8Y7
Q6AYS6	Q6P8Y7-2
Q3V1F1	Q3V1F1
Q3V1F1	P78329
Q3V1F1	Q9HBI6
Q3V1F1	D3ZTC9
Q3V1F1	P98187
Q3V1F1	Q99N17
Q3V1F1	G3UW81
Q3V1F1	P51871
Q3V1F1	Q3MID2
Q3V1F1	G3UW78
Q3V1F1	Q08477
Q3V1F1	D4AB65
Q3V1F1	NP_062569
Q3V1F1	Q08477-2
Q3V1F1	Q9EP75
Q3V1F1	Q9HCS2
Q3V1F1	Q99N16
Q3V1F1	Q99N18
Q3V1F1	Q99N19
Q3V1F1	P51870
Q3V1F1	Q8BGU0
Q3V1F1	Q6NT55
Q3V1F1	O88833
Q3V1F1	A2A8T1
Q3V1F1	Q5TCH4
Q3V1F1	Q91WL5
Q3V1F1	F8WGU9
Q3V1F1	A2A974
Q3V1F1	P24464
Q3V1F1	O35728
Q3V1F1	P20817
Q3V1F1	Q02928
Q3V1F1	P08516
Q3V1F1	P20816
Q3V1F1	Q86W10
Q3V1F1	Q8N1L4
Q3V1F1	P13584-2
Q3V1F1	Q64462
Q3V1F1	P15129
Q3V1F1	P13584
Q3V1F1	A2RRT9
Q3V1F1	Q6ZWL3
Q3V1F1	Q9DBW0
Q3V1F1	Q8N118
Q3V1F1	Q8K4D6
Q3V1F1	Q6A152
Q566E5	Q566E5
Q566E5	G5E897
Q566E5	Q7Z4H8
Q566E5	Q8NBL1
Q566E5	Q8BYB9
Q566E5	G3V9D0
Q566E5	B5DFA5
Q566E5	Q9JHP7
Q566E5	Q6UW63
Q63665	Q63665
Q63665	Q15853-3
Q63665	Q15853
Q63665	Q64705
Q63665	P22415
Q63665	Q61069
Q63665	O35410
Q9H910-3	Q9H910-3
Q9H910-3	Q6PGH2
Q9H910-3	Q9H910
Q9H910-3	Q5BK20
Q9H910-3	Q9H910-2
Q8NFP4-2	Q8NFP4-2
Q8NFP4-2	P85171
Q8NFP4-2	Q8NFP4
Q8NFP4-2	Q0PMG2
Q8NFP4-2	Q7Z553
Q8NFP4-2	P60756
Q8NFP4-2	P60755
Q5T7N8	Q5T7N8
Q5T7N8	Q08E93
Q5VIR6	Q5VIR6
Q5VIR6	NP_001099283
Q5VIR6	Q8CCB4
Q5VIR6	Q5VIR6-1
Q9NQ86-2	Q9NQ86-2
O43261	O43261
Q5DID0-2	Q5DID0-2
Q5DID0-2	Q5DID0
Q5DID0-2	Q5DID3
P0DSO1	P0DSO1
P0DSO1	A0A494C0Y3
P0DSO1	A0A494C0N9
Q00005-7	Q00005-7
Q00005-7	Q66LE6
Q00005-7	Q00005-2
Q00005-7	Q6ZWR4
Q00005-7	P63151
Q00005-7	P56932
Q00005-7	Q00005
Q00005-7	P36876
Q00005-7	Q8BG02
Q00005-7	P63151-2
Q00005-7	Q9Y2T4
Q00005-7	P36877
Q00005-7	Q925E7
Q00005-7	P97888
Q00005-7	Q6P1F6
Q9NW81-4	Q9NW81-4
Q9NW81-4	Q9NW81
Q9NW81-4	Q9D7K5
Q9NW81-4	Q5I0I4
Q8WVX3-2	Q8WVX3-2
Q8WVX3-2	Q8WVX3
Q8WVX3-2	Q99M08
Q8WVX3-2	Q498U0
O00142-6	O00142-6
O00142-6	D3ZGQ2
O00142-6	O00142
O00142-6	Q9R088
O00142-6	Q16854
O00142-6	Q9QX60
O00142-6	A0A0G2K478
O00142-6	P48769
O00142-6	P43346
O00142-6	P27707
Q86WQ0-2	Q86WQ0-2
Q86WQ0-2	Q4KM83
Q86WQ0-2	Q86WQ0
Q86WQ0-2	Q3TV70
P0C869-6	P0C869-6
P0C869-6	P0C869
P0C869-6	D3ZZV5
P0C869-6	P0C870
P0C869-6	P0C872
P0C869-6	P0C871
P0C869-6	Q3MJ16
P0C869-6	Q50L43
P0C869-6	Q86XP0
P0C869-6	Q68DD2-3
P0C869-6	Q68DD2
P0C869-6	XP_001080057
P0C869-6	Q50L41
P0C869-6	Q9UP65-3
P0C869-6	Q9UP65
P0C869-6	Q64GA5-2
P0C869-6	Q64GA5
P0C869-6	Q50L42
A5YM72-3	A5YM72-3
A5YM72-3	Q6ZPS2-2
A5YM72-3	Q6ZPS2
A5YM72-3	A5YM72
V9GXZ4	V9GXZ4
V9GXZ4	Q7TQP6
V9GXZ4	Q5GIG6
V9GXZ4	Q59H18
V9GXZ4	Q8WXK4
V9GXZ4	Q9D738
Q14011-2	Q14011-2
Q14011-2	NP_446148
Q14011-2	P60825
Q14011-2	P60824
Q14011-2	Q14011
Q14011-2	P98179
Q14011-2	Q925G0
Q14011-2	Q8BG13
Q14011-2	O89086
Q14011-2	P62997
Q14011-2	P62995-3
Q14011-2	P62996
Q14011-2	P62995
Q14011-2	AAI61978
Q14011-2	Q6PFR5
Q14011-2	Q13595
Q14011-2	Q2KJ71
D3ZY50	D3ZY50
D3ZY50	Q5TC12
D3ZY50	Q811I0
F1M7P8	F1M7P8
F1M7P8	Q8NCJ5
F1M7P8	E9Q9B3
Q80XL7-2	Q80XL7-2
Q80XL7-2	Q80XL7
Q80XL7-2	B1WC86
Q80XL7-2	Q53F39
B1WC03	B1WC03
B1WC03	Q9D2V5
B1WC03	Q9Y312
P0DO93	P0DO93
P0DO93	P0DO92
Q9BY84	Q9BY84
Q9BY84	D4A3W6
Q9BY84	Q920R2
Q9BY84	Q8BFV3
Q9BY84	Q13115-2
Q9BY84	Q13115
Q9BY84	P28563
Q9BY84	Q64623
Q9BY84	Q62767
Q9BY84	P28562
Q9BY84	Q05922
Q9BY84	Q05923
Q9BY84	Q9ESS0
Q9BY84	Q9Y6W6
Q9BY84	Q7TNL7
Q9BY84	Q99956
Q9BY84	Q91Z46
Q9BY84	Q64346
Q9BY84	Q9DBB1
Q9BY84	Q16828
Q9BY84	Q16829
Q9BY84	Q63340
Q9BY84	O09112
Q9BY84	NP_001101980
Q9BY84	Q13202
Q9BY84	O54838
Q9BY84	Q16690
Q9BY84	Q1HL35
Q9BY84	Q6AXW7
Q9BY84	Q9D9D8
Q9BY84	D3ZAQ8
Q9BY84	Q8NEJ0
Q9BY84	Q8VE01
Q9BY84	Q9H596
Q9BY84	Q9JLY7
Q9BY84	O95147
Q9NRH2	Q9NRH2
Q9NRH2	Q63553
Q9NRH2	Q8VDU5
Q9NRH2	Q96RR4
Q9NRH2	P97756
Q9NRH2	Q8N5S9
Q9NRH2	Q8VBY2
Q9NRH2	Q8C078-2
Q9NRH2	Q96RR4-4
Q9NRH2	Q96RR4-5
Q9NRH2	Q96RR4-6
Q9NRH2	Q96RR4-3
Q9NRH2	O88831
Q9NRH2	Q8C078
Q9NRH2	Q8N5S9-2
P11442	P11442
P11442	P53675
P11442	F6Z1R4
P11442	Q00610
P11442	Q68FD5
P11442	Q00610-2
P06400	P06400
P06400	P13405
P06400	P33568
P48549	P48549
P48549	P63250
P48549	P63251
P48549	Q0VB45
P48549	P48543
P48549	Q63511
P48549	Q92806
P48549	P48548
P48549	P48051
P48549	P48545
P48549	P48544
P48549	P48550
P48549	Q63664
P48549	P97794
P48549	Q15842
P48549	Q14654
P48549	Q61743
P48549	P70673
P48549	P52190
P48549	P52189
P48549	P48050
P48549	Q14500
P48549	P52188
P48549	P52187
P48549	B7U540
P48549	P35560
P48549	O88335
P48549	P48048
P48549	P35560-2
P48549	P52191
P48549	Q9Z307
P48549	Q9NPI9
P48549	Q9JM63
P48549	P49655
P48549	P78508
P48549	Q9UNX9
P48549	O70596
P48549	Q8JZN3
P48549	P63252
P48549	Q64273
P48549	P35561
P48549	Q91ZF1
P48549	O88932
P48549	Q99712
P48549	Q3TNE6
P08575	P08575
P08575	P04157
P08575	P06800
P08575	Q9Y2R2
P08575	P29352
P08575	D4A2D5
P00813	P00813
P00813	Q920P6
P00813	P03958
Q8BHN5	Q8BHN5
Q8BHN5	Q8IUH3-2
Q8BHN5	Q8IUH3-3
Q8BHN5	Q8CFD1
Q8BHN5	Q8IUH3
O60671	O60671
O60671	D3ZC52
O60671	Q9QWZ1
O60671	O60671-2
P56382	P56382
P56382	P56381
P56382	Q5VTU8
P56382	P05632
P56382	P29418
Q80T79	Q80T79
Q80T79	Q7Z407-3
Q80T79	XP_001063221
Q80T79	Q7Z407
Q80T79	Q7Z408-4
Q80T79	V9GX34
Q80T79	Q45NC2
Q80T79	Q923L3
Q80T79	Q96PZ7
Q80T79	Q7Z408
Q80T79	XP_017449309
Q80T79	P20023-3
Q80T79	P20023
Q80T79	P19070
Q80T79	Q53EL9
Q80T79	F1MA42
Q80T79	Q7TSK2
Q80T79	Q53EL9-3
Q80T79	Q63515
Q80T79	P20851
Q8NB66	Q8NB66
Q8NB66	Q8K0T7
Q8NB66	Q62770
Q8NB66	O14795
Q8NB66	Q62768
Q8NB66	Q9UPW8
Q8NB66	Q4KUS2
Q8NB66	Q62769
Q8NB66	O14795-2
Q8NB66	Q9Z1N9
D3Z8G8	D3Z8G8
D3Z8G8	Q9D2X5
D3Z8G8	Q9Y6X3
A0A1B0GTH6	A0A1B0GTH6
A0A1B0GTH6	Q8CH19
A0A1B0GTH6	D4AC84
Q61584-3	Q61584-3
Q61584-3	Q61584-2
Q61584-3	P51114-3
Q61584-3	XP_038958509
Q61584-3	Q61584
Q61584-3	P51114
Q61584-3	B4DM78
Q61584-3	P51114-2
Q61584-3	Q5XI81
Q61584-3	B1H2A6
Q61584-3	Q9WVR4
Q61584-3	P51116
Q61584-3	Q6P5B5
Q61584-3	Q06787
Q61584-3	Q06787-6
Q61584-3	Q06787-2
Q61584-3	Q06787-8
Q61584-3	Q06787-3
Q61584-3	Q80WE1
Q61584-3	Q06787-7
Q61584-3	P35922
Q61584-3	Q06787-9
Q61584-3	Q06787-5
Q61584-3	P35922-3
G3V762	G3V762
G3V762	P23591
G3V762	Q13630
Q5BK22	Q5BK22
Q5BK22	Q9CY28
Q5BK22	Q8N3Z3
Q4FZV0	Q4FZV0
Q4FZV0	Q8K2I4
Q4FZV0	O00462
Q8N5S0	Q8N5S0
P20294	P20294
P20294	P26441
P20294	P51642
P01732-3	P01732-3
P01732-3	P01732-2
P01732-3	P01732
P01732-3	P07725
P01732-3	P01731
Q5BJZ0	Q5BJZ0
Q5BJZ0	Q8WTX7
Q5BJZ0	Q9CWQ8
Q5BJZ0	Q8CAB8
Q5BJZ0	G3V665
Q5BJZ0	A6NHX0
Q5BJZ0	Q8NAP1
A0A0B4J2D5	A0A0B4J2D5
A0A0B4J2D5	Q9D172
A0A0B4J2D5	P56571
A0A0B4J2D5	P0DPI2
A0A0B4J2D5	P0DPI2-2
Q6IML7	Q6IML7
Q6IML7	Q9NZQ0
Q6IML7	Q8CFP6
Q8CHI5	Q8CHI5
Q8CHI5	O15534
Q8CHI5	O35973
Q8CHI5	Q9Z301
Q8CHI5	O54943
Q8CHI5	O70361
Q8CHI5	P56645
Q8CHI5	Q8CJE2
Q8CHI5	O15055
A0A0G2K2F8	A0A0G2K2F8
A0A0G2K2F8	Q9H2Y7-2
A0A0G2K2F8	O88466
A0A0G2K2F8	Q9H2Y7
XP_006253462	XP_006253462
XP_006253462	Q8C033
XP_006253462	O15013
XP_006253462	A2AWP8
XP_006253462	Q9HCE6
XP_006253462	XP_038967247
XP_006247529	XP_006247529
XP_006247529	Q96C34
XP_006247529	Q0VDN7
Q6UXF1	Q6UXF1
Q6UXF1	F1M8M1
Q6UXF1	Q8BHE4
A0JNY3	A0JNY3
A0JNY3	Q03555
A0JNY3	Q8BUV3
A0JNY3	Q9NQX3
A0JNY3	Q9NQX3-2
Q5W186	Q5W186
Q5W186	Q5W188
Q5W186	Q9H4G1
Q5W186	Q9Z0H6
Q5W186	D3ZMP7
Q5W186	Q3SXH5
Q5W186	Q9DAN8
Q5W186	Q8VII2
Q9H6L5	Q9H6L5
Q9H6L5	Q8VE91
Q9H6L5	Q5FVM3
Q13702	Q13702
Q13702	D3ZPG2
Q13702	P12672
Q8TB96	Q8TB96
Q8TB96	Q8R4E1
Q8TB96	Q99KW9
Q7TN19	Q7TN19
XP_001071080	XP_001071080
XP_001071080	B1ANS9
XP_001071080	XP_001059015
XP_001071080	Q9D565
Q9Y5Z0	Q9Y5Z0
Q9Y5Z0	Q9JL18
Q9Y5Z0	Q6IE75
Q9Y5Z0	P56818
Q9Y5Z0	P56819
Q9Y5Z0	P56817
Q7TPZ5	Q7TPZ5
Q7TPZ5	E9PXV9
XP_578381	XP_578381
Q9DA60	Q9DA60
Q9DA60	Q5U2Y8
Q9DA60	Q53QW1
Q7Z2V1	Q7Z2V1
Q8WUZ0-2	Q8WUZ0-2
Q8WUZ0-2	Q8WUZ0
Q8WUZ0-2	D3ZUL4
Q8WUZ0-2	O08664
Q8WUZ0-2	Q9BQE9
Q8WUZ0-2	Q921K9
Q8WUZ0-2	Q4VC05-2
Q8WUZ0-2	Q9CXE2
Q8WUZ0-2	Q4VC05
P60866-2	P60866-2
P60866-2	P60866
P60866-2	P60867
P60866-2	P60868
P06759	P06759
P06759	P33622
P06759	P02656
F1M0Z1	F1M0Z1
F1M0Z1	O75962-4
F1M0Z1	Q0KL02
F1M0Z1	O75962
F1M0Z1	Q0KL02-4
F1M0Z1	O75962-2
F1M0Z1	A2CG49
F1M0Z1	P97924
F1M0Z1	O60229
F1M0Z1	O60229-4
F1M0Z1	O60229-6
F1M0Z1	P97924-2
F1M0Z1	O60229-2
F1M0Z1	Q9CWR0
F1M0Z1	Q86VW2
F1M0Z1	Q6P720
F1M0Z1	O60229-5
F1M0Z1	P11309-2
F1M0Z1	P06803-2
F1M0Z1	O70444
F1M0Z1	P26794
F1M0Z1	P58750
F1M0Z1	P06803
F1M0Z1	P11309
F1M0Z1	Q86V86
F1M0Z1	Q62070
F1M0Z1	F1M419
F1M0Z1	Q9P1W9
F1M0Z1	Q6PHR2-4
F1M0Z1	Q3U3Q1
F1M0Z1	Q6PHR2-3
F1M0Z1	Q6PHR2
F1M0Z1	D3ZHP7
Q8N3F9	Q8N3F9
Q8N3F9	E9Q343
Q8N3F9	D3ZFP1
Q8N3F9	Q96N19
Q8N3F9	Q80ZU9
Q8N3F9	Q96N19-2
Q8N3F9	O60478
Q8N3F9	Q8BNQ3
Q8N3F9	Q8C7F6
P20810-6	P20810-6
P20810-6	P20810-5
P20810-6	P20810
P20810-6	P20810-2
P20810-6	P20810_VAR_022686
P20810-6	P51125
P20810-6	P51125-3
P20810-6	P27321
P38398-7	P38398-7
P38398-7	P38398
P38398-7	O54952
P38398-7	P48754
P38398-7	P38398-6
P0DOX6	P0DOX6
P0DOX6	P01871-1
P0DOX6	P01871
P0DOX6	P01872-2
P0DOX6	P01872
P0DOX6	AAC04511
P0DOX6	AAC31894
P0DOX6	A0A0B4J1Y9
P0DOX6	A0A0B4J1V6
P0DOX6	A0A0A0MS15
P0DOX6	A0A0B4J1V1
P0DOX6	P01780
P0DOX6	P01762
P0DOX6	P01766
P0DOX6	P01763
P0DOX6	A0A0C4DH35
P0DOX6	A0A0C4DH30
P0DOX6	A0A0C4DH42
P0DOX6	P0DTE1
P0DOX6	A0A0C4DH36
P0DOX6	P01767
P0DOX6	P0DP04
P0DOX6	P01764
P0DOX6	A0A0J9YX35
P0DOX6	A0A0C4DH32
P0DOX6	A0A075B6Q5
P0DOX6	A0A0B4J1X8
P0DOX6	A0A0B4J1X5
P0DOX6	P01823
P0DOX6	P01809
P0DOX6	P01806
P0DOX6	P03987
P0DOX6	P03987-2
P0DOX6	P01870
Q9NPJ8-3	Q9NPJ8-3
Q9NPJ8-3	B2RZ65
Q9NPJ8-3	Q3UNA4
Q9NPJ8-3	Q9UKK6
Q9NPJ8-3	Q9QZV9
Q9NPJ8-3	B2GV77
Q9NPJ8-3	Q9NPJ8
E1BDF7	E1BDF7
E1BDF7	P54253
E1BDF7	P54254
E1BDF7	Q63540
E1BDF7	P0C7T5
E1BDF7	P0C7T6
E1BDF7	D3ZBC4
O02751	O02751
O02751	Q9UEE9
O02751	O88271
O02751	Q75UQ2
A0A1B0GVM6	A0A1B0GVM6
A0A1B0GVM6	Q9DAE7
P32121-4	P32121-4
P32121-4	P32120-2
P32121-4	P49407-2
P32121-4	P32120
P32121-4	Q91YI4
P32121-4	P29067
P32121-4	P32121
P32121-4	P32121-3
P32121-4	Q91YI4-2
P32121-4	P17870
P32121-4	P49407
P32121-4	Q8BWG8
P32121-4	P29066
P32121-4	P36575
P32121-4	Q9EQP6
P32121-4	P10523
P32121-4	P20443
P32121-4	P15887
P32121-4	P08168
P32121-4	P36576
A0A286YFB4	A0A286YFB4
A0A286YFB4	A0A286YEX9
A0A286YFB4	A0A286YF60
A0A286YFB4	P0DSO2
A0A286YFB4	A0A286YEY9
A0A286YFB4	A0A286YF01
A0A286YFB4	A0A286YF77
A0A286YFB4	A0A286YEV6
A0A286YFB4	A0A286YF46
A0A286YFB4	A0A286YFG1
Q96CM8-2	Q96CM8-2
Q96CM8-2	Q8VCW8
Q96CM8-2	Q96CM8
Q96CM8-2	Q499N5
Q8N5G0-2	Q8N5G0-2
Q8N5G0-2	D3Z7Q2
Q8N5G0-2	Q8N5G0
Q8N5G0-2	C0HLM6
Q14714	Q14714
Q14714	Q62147
Q9D3Z8	Q9D3Z8
A7XYQ1	A7XYQ1
A7XYQ1	A7XYI6
A7XYQ1	Q0P5V2
Q16635-1	Q16635-1
Q16635-1	Q16635
Q16635-1	Q4KLG6
Q16635-1	Q91WF0
Q8K426	Q8K426
Q8K426	Q99P85
Q8K426	Q99P86
Q8K426	G3V686
Q8K426	Q9BQ08
Q8K426	Q9EP95
Q8K426	Q99P87
Q8K426	Q70Q42
Q8K426	Q9HD89
Q8K426	Q6DV77
Q8N9W4	Q8N9W4
Q8N9W4	A6NEF3
Q8N9W4	A6NI86
Q8N9W4	H0YKK7
Q8N9W4	P0DX00
Q8N9W4	P0DX01
Q8N9W4	P0DX02
Q8N9W4	A8MZA4
Q8N9W4	Q8N7Z2
Q8N9W4	NP_001352302
Q8N9W4	NP_001352301
Q8N9W4	H0YM25
Q8N9W4	A0A1B0GV03
O08807	O08807
O08807	P35704
O08807	P35700
O08807	Q61171
O08807	P35705
O08807	P32119
O08807	Q9Z0V5
O08807	Q63716
O08807	Q06830
O08807	Q13162
O08807	P30048
O08807	P32119-2
O08807	Q9Z0V6
O08807	P20108
A6NKQ9	A6NKQ9
A6NKQ9	P01229
A6NKQ9	O09108
A6NKQ9	P01230
A6NKQ9	Q6NT52
A6NKQ9	P0DN87
A6NKQ9	P0DN86
A6NKQ9	A6NKQ9-2
A6NKQ9	Q60687
A6NKQ9	P01225
A6NKQ9	P18427
A6NKQ9	P12656
A6NKQ9	P04652
A6NKQ9	P01222
A6NKQ9	Q86YW7
A6NKQ9	Q812B2
Q8BJ95	Q8BJ95
Q6H9L7	Q6H9L7
Q6H9L7	Q6H9L7-2
Q6H9L7	B1AKI9
Q6H9L7	A2ATD1
Q6V3W6	Q6V3W6
Q6V3W6	Q8IY82
Q6V3W6	D3ZZ82
Q8BFW9	Q8BFW9
Q8BFW9	Q8TD20
Q8BFW9	O95528
Q8BFW9	Q8VHD6
Q05996	Q05996
Q05996	P20239
Q05996	O54767
A0A0M3U1B0	A0A0M3U1B0
A0A0M3U1B0	Q5T4T6
O75326	O75326
O75326	D3ZQP6
O75326	Q9QUR8
O95562	O95562
O95562	Q8WV19
O95562	Q5SSN7
O95562	Q5U3Y5
O95562	Q8VD57
O95562	Q4FZV2
Q9NX78	Q9NX78
Q9NX78	Q8BMD6
P13745	P13745
P13745	E9Q6L7
P13745	P04904
P13745	P24472
P13745	P10648
P13745	Q6AXY0
P13745	Q7RTV2
P13745	P46418
P13745	P14942
P13745	Q16772
P13745	P30115
P13745	P09210
P13745	P08263
P13745	P00502
P13745	O15217
P0CE67	P0CE67
Q9Y2R5	Q9Y2R5
Q9Y2R5	Q9CQE3
Q9Y2R5	D3ZTR1
H3BJG9	H3BJG9
H3BJG9	H3BQJ8
O96033	O96033
O96033	Q9Z224
Q9NQC8-2	Q9NQC8-2
Q9NQC8-2	Q9DB07
Q9NQC8-2	Q6AXQ9
Q9NQC8-2	Q9NQC8
NP_001192920	NP_001192920
NP_001192920	Q05209-2
NP_001192920	Q05209-3
NP_001192920	Q05209
NP_001192920	G3V7Q4
NP_001192920	P35831
A0A1B0GTS1	A0A1B0GTS1
A0A1B0GTS1	A0A1B0GWH4
P0DP42	P0DP42
F1MD97	F1MD97
F1MD97	Q86UU1
F1MD97	Q6PDH0
F1MD97	D3ZNS1
F1MD97	Q86UU1-2
F1MD97	E9QAF4
F1MD97	NP_001382020
F1MD97	Q6NSJ2
F1MD97	Q86SQ0
F1MD97	Q8K1N2
F1MD97	Q86SQ0-3
F1MD97	XP_003752558
F1MD97	Q86SQ0-2
Q12791-3	Q12791-3
Q12791-3	Q08460-4
Q12791-3	Q08460-2
Q12791-3	Q08460-5
Q12791-3	Q12791-2
Q12791-3	Q12791
Q12791-3	Q28204
Q12791-3	Q62976
Q12791-3	Q08460
Q12791-3	Q28265
Q12791-3	Q8AYS8
Q12791-3	A8MYU2
Q12791-3	O54982
Q12791-3	D4A6Z8
P35241-5	P35241-5
P35241-5	P26043
P35241-5	P35241
P35241-5	P26040
P35241-5	P15311
P35241-5	O35763
P35241-5	P31977
P35241-5	P26038
P35241-5	Q5PQK5
P35241-5	Q9PU45
P35241-5	A0A1D5PKC8
P35241-5	P26041
P35241-5	Q9YGW6
P35241-5	P46662
P35241-5	P35240
P35241-5	Q63648
P35241-5	Q5ZJB0
P52306-5	P52306-5
P52306-5	E9Q912
P52306-5	P52306
P52306-5	P52306-4
P52306-5	P52306-3
P52306-5	NP_001401991
Q7Z6L0-2	Q7Z6L0-2
Q7Z6L0-2	E9PUL5
Q7Z6L0-2	Q7Z6L0
Q7Z6L0-2	D3ZFB6
Q7Z6L0-2	Q8IXB3
Q7Z6L0-2	Q2MHH0
Q7Z6L0-2	Q8C838
Q7Z6L0-2	D3Z1U7
Q7Z6L0-2	B4DJY2
Q86V20-2	Q86V20-2
Q86V20-2	Q86V20
Q86V20-2	Q3UEN2
Q62649	Q62649
Q62649	Q16517
Q62649	Q61979
D3ZVP0	D3ZVP0
D3ZVP0	Q1W4C9
Q6AYS5	Q6AYS5
Q6AYS5	Q91X86
Q6AYS5	Q9Y2Y6
A0A0U1RRL7	A0A0U1RRL7
Q5I0I5	Q5I0I5
Q5I0I5	Q91W78
Q5I0I5	Q9BQ65
Q9Y2A0	Q9Y2A0
Q5XIU1	Q5XIU1
Q5XIU1	Q99LJ2
Q5XIU1	Q969K4
Q9HD15	Q9HD15
Q9HD15	Q80VJ2
Q9HD15	Q6QGW5
P29965	P29965
P29965	P27548
P29965	Q9Z2V2
O43172	O43172
O43172	O43172-2
O43172	D4A7J8
O43172	Q9DAW6
Q64674	Q64674
Q64674	P19623
Q64674	Q99MI5
Q9D0M0	Q9D0M0
Q9D0M0	Q15024
Q9D0M0	G3V6K3
Q96L94	Q96L94
Q96L94	Q8C084
Q96L94	Q9Y343
Q96L94	Q9CRB0
Q96L94	Q5U2S5
Q8K126	Q8K126
Q8K126	O75570
Q8K126	Q9UGC7
Q8K126	Q4V7E5
Q8K126	Q8BJU9
P01189	P01189
P01189	P01194
P01189	P01193
Q96DM1	Q96DM1
Q9ET43	Q9ET43
Q9ET43	P56749
Q8N1G4	Q8N1G4
Q8N1G4	Q505F5
Q8N1G4	F1LT49
Q9NUY8	Q9NUY8
Q9NUY8	EDM11031
Q9NUY8	Q8K0F1
XP_001480453	XP_001480453
XP_001480453	Q6ZRS2
XP_001480453	Q6ZRS2-2
XP_001480453	XP_001080260
Q0VBD2	Q0VBD2
Q0VBD2	Q7L590
Q0VBD2	Q7L590-2
Q96LX8	Q96LX8
Q96LX8	E9Q6S0
Q8N2Y8	Q8N2Y8
Q8N2Y8	Q80U22
Q96PL2	Q96PL2
Q96PL2	O08524
Q8IUD6	Q8IUD6
Q8IUD6	Q8IUD6-3
Q8IUD6	Q9CWS1
Q8IUD6	Q5M929
Q7TQN8	Q7TQN8
Q7TQN8	Q8TDV5
Q7TQN8	Q7TQP3
O95178	O95178
O95178	Q9CPU2
P05112	P05112
P05112	P20096
P05112	P07750
Q04758	Q04758
Q04758	Q9C010-2
Q04758	Q9C010
Q04758	P27775
Q04758	P61926
Q04758	P63248
Q04758	P61925
Q04758	P63249
Q04758	O70139
Q04758	Q9Y2B9
Q04758	Q6YH22
Q96KD3	Q96KD3
Q96KD3	Q3UZD7
Q96KD3	Q68FV5
Q96KD3	Q6NXP2
Q96KD3	B2RXB0
Q96KD3	Q5RJN7
Q7Z7M1	Q7Z7M1
B2RBV5	B2RBV5
Q8BVF7	Q8BVF7
Q8BVF7	Q9DCZ9
Q8BVF7	Q96BI3-2
Q8BVF7	Q96BI3
Q8BVF7	A0A0G2K6H8
Q8BVF7	Q8WW43
Q8BVF7	Q8C7N7
Q8BVF7	Q8WW43-2
P23508-2	P23508-2
P23508-2	Q3TYX4
P23508-2	P23508
P23508-2	NP_001164005
Q9HD47	Q9HD47
Q9HD47	D3ZMP9
Q9HD47	Q9JIB0
Q9HD47	Q9HD47-3
P15146	P15146
P15146	Q28869
P15146	P15146-2
P15146	Q3TLQ0
P15146	P15146-4
P15146	P11137-4
P15146	P11137-2
P15146	P15146-3
P15146	P11137
P15146	P11137-3
P15146	P20357
P15146	Q3URJ7
P25976	P25976
P25976	P17480-2
P25976	P25977
P25976	P17480
P25976	XP_001075066
P25976	Q3USZ2
P25976	P0CB48
P25976	P0CB47
Q9NQS7	Q9NQS7
Q9NQS7	D3ZXY1
Q9NQS7	Q9NQS7-2
Q9NQS7	Q9WU62
Q9JJY4	Q9JJY4
Q9JJY4	Q9JIK3
Q9JJY4	Q9UHI6
Q9JJY4	P26196
Q9JJY4	D3ZD73
Q9JJY4	P54823
Q9JJY4	Q13838-2
Q9JJY4	Q8VDW0
Q9JJY4	O00148
Q9JJY4	Q9Z1N5
Q9JJY4	Q63413
Q9JJY4	Q5U216
Q9JJY4	Q13838
P97784	P97784
P97784	Q923I8
P97784	Q9R194
P97784	Q49AN0
P97784	Q32Q86
P97784	Q16526
Q7Z2K8	Q7Z2K8
Q7Z2K8	Q7Z2K8-2
Q7Z2K8	XP_344572
Q7Z2K8	Q3UNH4
Q8NEV8	Q8NEV8
Q8NEV8	Q8NEV8-2
Q8NEV8	XP_236272
Q8NEV8	Q0VAV2
Q9DC40	Q9DC40
Q9DC40	D3ZQ30
Q9DC40	Q9Y4R8
Q53R41	Q53R41
Q53R41	D3ZFR0
Q53R41	Q6DI86
Q9D240	Q9D240
Q9D240	Q9NW61
Q969F9	Q969F9
Q969F9	E9PZY1
Q969F9	D3ZGG8
Q969F9	Q91VB4
Q5KSL6	Q5KSL6
Q5KSL6	Q6DIC8
Q5KSL6	F1LZW2
Q5KSL6	Q86XP1
Q5KSL6	D3YXJ0
Q5KSL6	Q86XP1-2
Q5KSL6	D3YXJ0-2
Q5KSL6	D3ZSZ6
Q5KSL6	E9PUQ8
Q5KSL6	XP_347259
Q5KSL6	Q16760
Q5KSL6	Q16760-2
P36551	P36551
P36551	P36552
P36551	Q3B7D0
Q68EM7	Q68EM7
Q68EM7	Q68EM7-2
Q68EM7	Q3UIA2-2
Q68EM7	Q68EM7-5
Q68EM7	Q3UIA2
Q68EM7	Q99N37
Q68EM7	Q9Y3L3
Q68EM7	D3ZFJ3
Q68EM7	P55194
Q68EM7	A2A5V3
Q68EM7	Q6ZT62
Q68EM7	Q6ZT62-2
Q68EM7	Q17R89
Q68EM7	Q5SSM3
Q68EM7	XP_002724665
Q8BWP8	Q8BWP8
Q8BWP8	O43505
Q8BWP8	D3ZHA1
Q96CW6	Q96CW6
Q96CW6	Q7TPE5
Q96CW6	Q8CIV0
Q96GY0	Q96GY0
Q96GY0	B5DF95
Q96GY0	Q8BJH1
Q8BIG2	Q8BIG2
Q8BIG2	Q8TD35
Q9UPZ3	Q9UPZ3
Q9UPZ3	F1LS35
Q9UPZ3	P59438
A6H5X4	A6H5X4
A6H5X4	Q5I0E2
A6H5X4	Q5I0J8
A6H5X4	Q8BVM9
A6H5X4	Q9UIL8
Q5W0A0	Q5W0A0
Q8WZA9	Q8WZA9
Q8WZA9	Q8VIM9_VAR_P510T
Q8WZA9	Q8VIM9
Q8WZA9	M0R686
Q0GGX2	Q0GGX2
Q0GGX2	D3Z8I0
Q0GGX2	Q9H0D2
O75081	O75081
O75081	O43439-3
O75081	O43439-4
O75081	O43439-2
O75081	F1M659
O75081	O70374
O75081	O43439
O75081	O43439-5
O75081	O54972
O75081	D4A303
O75081	Q06455
O75081	D3ZWZ8
O75081	Q61909
Q9H6K4-2	Q9H6K4-2
Q9H6K4-2	Q9H6K4
Q9H6K4-2	Q505D7
Q96S52	Q96S52
Q96S52	Q5XI31
Q96S52	Q6PD26
P01588	P01588
P01588	P29676
P01588	P07321
Q5IR70	Q5IR70
Q5IR70	Q5IR70-2
Q5IR70	Q66HB6
Q5IR70	Q8TC20-3
Q5IR70	Q8TC20
Q7Z3F1	Q7Z3F1
Q7Z3F1	D3ZWM3
Q7Z3F1	A2AWR3
Q80UF4	Q80UF4
Q80UF4	Q86SQ7
Q14679	Q14679
Q14679	Q80UG8
Q14679	D4A331
Q14679	Q8N841
Q14679	A4Q9E8
Q14679	A6NNM8
Q14679	A4Q9F6
Q14679	Q9BWV7
Q14679	A4Q9E4
Q14679	Q8NG68
Q14679	Q9QXJ0
Q14679	P38585
E9PUP1	E9PUP1
E9PUP1	XP_217680
E9PUP1	Q5VT97
E9PUP1	Q9DBZ9
E9PUP1	D3ZZN9
E9PUP1	Q6ZW31
Q9D1A0	Q9D1A0
Q9D1A0	Q7RTV5
Q5STT6	Q5STT6
Q5STT6	Q66H38
Q5STT6	Q8IYT1
Q5STT6	Q8TC56
Q5STT6	Q8NEG0
Q5STT6	B7XG49
Q5STT6	D3ZUI0
Q5STT6	Q6IPT2
Q5STT6	A1L3C1
Q5STT6	D4A176
Q8N6M8	Q8N6M8
Q8N6M8	Q9D9K8
Q8N6M8	Q8IXL9
Q8N6M8	P0C7M6
Q8N6M8	A8MTL0
Q8N6M8	Q9DAL7
Q8N6M8	G3UWF2
Q8N6M8	A8MYZ5
Q8BUB6	Q8BUB6
Q8BUB6	Q9Y2C2
Q8BUB6	Q8R3H7
Q8BUB6	G3V7N0
Q8BUB6	Q7LGA3
Q9CQZ5	Q9CQZ5
Q9CQZ5	D4A3V2
Q9CQZ5	Q02366
Q9CQZ5	P56556
Q3UUG6	Q3UUG6
Q3UUG6	Q9ULP9-2
Q3UUG6	NP_001099239
Q3UUG6	Q9ULP9
Q5D0E6	Q5D0E6
Q5D0E6	Q641Y9
Q5D0E6	Q6PJN8
Q76FK4	Q76FK4
Q76FK4	Q3UHX0
Q76FK4	D4A6L3
Q91WD9	Q91WD9
Q91WD9	O76038
Q91WD9	Q6R556
Q91WD9	H0VGS0
Q91WD9	P47728
Q91WD9	Q08331
Q91WD9	P22676
Q91WD9	P04354
Q91WD9	P07171
Q91WD9	P04467
Q91WD9	P05937
Q91WD9	P12658
Q96KM6	Q96KM6
Q96KM6	B7ZCR6
Q96KM6	Q96ME7
Q96KM6	Q69Z99
Q96KM6	D3ZIF0
Q78JT3	Q78JT3
Q78JT3	P46952
Q78JT3	P46953
O88987	O88987
O88987	O75969
O88987	Q66HC6
O88987	Q5JQC9
O88987	O35774
O88987	Q60662
Q9WVT0	Q9WVT0
Q9WVT0	G5E8Q8
Q9WVT0	Q8IZF2
Q9WVT0	Q8IZF2-3
Q9WVT0	Q8IZF2-2
Q9WVT0	Q5T601
Q9WVT0	Q8VEC3
Q9WVT0	Q8IZF3
Q9WVT0	Q8IZF7
Q9WVT0	E9Q4J9
Q9WVT0	D4A3T6
Q9WVT0	Q8IZF7-2
Q9WVT0	Q9D2L6
Q9H583	Q9H583
Q9H583	D3ZL86
Q9H583	G3X9B1
P42704	P42704
P42704	Q6PB66
P42704	Q5SGE0
XP_001060681	XP_001060681
XP_001060681	Q3ULJ0
XP_001060681	Q8N335
XP_001060681	O35077
XP_001060681	D3ZAP9
XP_001060681	P13707
XP_001060681	P21695
Q9DBA6	Q9DBA6
Q9DBA6	Q2T9J0
Q9DBA6	B1H261
Q86YN1	Q86YN1
Q86YN1	Q9JMF7
Q6ZR03	Q6ZR03
Q8C5N5	Q8C5N5
Q8C5N5	D3ZSC2
Q8C5N5	Q9BRP1
Q3V0T5	Q3V0T5
XP_573984	XP_573984
XP_573984	M0R469
XP_573984	Q7Z6I8-2
XP_573984	Q80X32
XP_573984	Q7Z6I8
Q68FX1	Q68FX1
Q68FX1	Q924M7
Q68FX1	P34949
Q9DAL3	Q9DAL3
Q9DAL3	Q8NEL0
P12399	P12399
P12399	P12400
P12399	D3ZHI6
Q2TBK2	Q2TBK2
Q2TBK2	Q9BYD2
Q2TBK2	Q641X9
Q2TBK2	Q99N94
B1AJZ9-3	B1AJZ9-3
B1AJZ9-3	B1AJZ9
B1AJZ9-3	A6PWD2
B1AJZ9-3	XP_006239391
Q9H7B7	Q9H7B7
XP_001073200	XP_001073200
Q9QZA1	Q9QZA1
Q9QZA1	Q8WV24
Q9QZA1	Q62392
Q9QZA1	Q9Y5J5
Q9QZA1	Q5PQT7
Q9QZA1	Q9WV95
Q9QZA1	Q53GA4
Q9QZA1	O08969
XP_001072851	XP_001072851
XP_001072851	Q9D4V6
XP_001072851	Q6UXN7
XP_001072851	Q9DCC8
XP_001072851	Q62760
XP_001072851	Q15388
NP_001388000	NP_001388000
NP_001388000	Q9HBH1
NP_001388000	S4R2K0
A0A8I5ZNL4	A0A8I5ZNL4
A0A8I5ZNL4	Q0VG06
A0A8I5ZNL4	A2ACJ2
P03418	P03418
Q96BT7-4	Q96BT7-4
Q96BT7-4	D3ZK29
Q96BT7-4	Q96BT7
Q96BT7-4	Q80Y20
O75419-3	O75419-3
O75419-3	B1WBZ4
O75419-3	Q9Z1X9
O75419-3	O75419
A1A5R8	A1A5R8
A1A5R8	Q68FF0
A1A5R8	Q6NSI8-2
A1A5R8	Q6NSI8
Q2HR82	Q2HR82
Q6PI98-4	Q6PI98-4
Q6PI98-4	Q8BHA0
Q6PI98-4	Q5BJY3
Q6PI98-4	Q6PI98
Q02809-2	Q02809-2
Q02809-2	Q63321
Q02809-2	Q9R0E2
Q02809-2	Q02809
Q02809-2	Q9R0E1
Q02809-2	O60568
Q02809-2	Q5U367
Q02809-2	O00469-2
Q02809-2	Q9R0B9
Q02809-2	O00469
Q02809-2	Q811A3
D3ZZ04	D3ZZ04
D3ZZ04	Q9H1A3-2
D3ZZ04	Q9H1A3
D3ZZ04	Q9EPL4
B2RYW4	B2RYW4
B2RYW4	Q96EL3
B2RYW4	Q9D1H8
D3ZJS3	D3ZJS3
D3ZJS3	Q9CQN3
D3ZJS3	Q96B49
Q05738	Q05738
Q5BKX8	Q5BKX8
Q5BKX8	B1PRL5
Q5BKX8	A2AMM0
Q9QY17	Q9QY17
Q9QY17	Q9Z0W5
Q9QY17	Q9QY17-4
Q9QY17	Q61644
Q9QY17	Q9BY11
Q9QY17	Q9UNF0-2
Q9QY17	Q9WVE8
Q9QY17	Q9UNF0
Q9QY17	Q5I2Z0
Q9QY17	Q99JB8
Q9QY17	Q9UKS6
Q8CGF7	Q8CGF7
Q8CGF7	NP_001100860
Q8CGF7	O14776-2
Q8CGF7	O14776
Q9DC70	Q9DC70
Q9DC70	Q5RJN0
Q9DC70	O75251
Q9BV36	Q9BV36
Q9BV36	Q9BV36-2
Q9BV36	Q9BV36-3
Q9BV36	Q91V27
Q9BV36	G3V8M0
Q5SYE7	Q5SYE7
Q5SYE7	Q5SYE7-2
Q5SYE7	Q8CAF4
Q5SYE7	Q8CAF4-3
Q5SYE7	XP_006222895
Q9D5W4	Q9D5W4
Q9D5W4	Q5XIN9
Q9D5W4	Q6ZN84
P15692-14	P15692-14
P15692-14	P15692-6
P15692-14	P15692-10
P15692-14	P15692-1
P15692-14	P15692-4
P15692-14	P15692-15
P15692-14	P15692
P15692-14	NP_114024
P15692-14	Q00731
P15692-14	NP_001103803
P15692-14	Q00731-6
P15692-14	O35485
P15692-14	P49765
P15692-14	P49766
P15692-14	Q63434
P15692-14	P49764
Q92575	Q92575
Q92575	Q5HZY0
Q92575	Q8VCH8
Q92575	Q04323-2
Q92575	Q499N6
Q92575	Q04323
Q92575	Q922Y1
Q5W0B1	Q5W0B1
Q5W0B1	D3ZAB6
Q5W0B1	Q8K2Y0
Q8NHS9	Q8NHS9
Q8NHS9	Q8NHS9-3
Q8NHS9	Q5SV06
Q8IZ02	Q8IZ02
Q8IZ02	Q9DAM1
Q8IZ02	Q4V8D9
Q3USL1	Q3USL1
Q3USL1	Q8NEP7
Q3USL1	Q8NEP7-2
Q3USL1	Q8NEP7-3
Q5SWX8	Q5SWX8
Q5SWX8	Q5SWX8-2
Q5SWX8	Q4PJX1
Q5SWX8	XP_038947275
Q8NFU7	Q8NFU7
Q8NFU7	F1LUQ3
Q8NFU7	Q3URK3
Q8NFU7	Q6N021
Q8NFU7	Q6N021-2
Q8NFU7	Q8BG87
Q8NFU7	O43151
Q8NFU7	D3ZQT7
Q8C0L9	Q8C0L9
Q8C0L9	Q9NPB8
Q8C0L9	Q80VJ4
Q62010	Q62010
Q62010	Q12889
Q62010	Q9BZP6
Q62010	Q6RY07
Q62010	O35744
Q62010	F6M9X2
Q62010	Q91Z98
Q62010	Q91XA9
Q62010	Q61362
Q62010	P36222
Q62010	Q9WTV1
Q62010	Q13231
Q62010	Q9D7Q1
Q62010	Q9D7Q1-2
Q62010	Q80W26
Q62010	Q15782
Q7TMB9	Q7TMB9
Q7TMB9	P05545
Q7TMB9	Q8CIE0
Q7TMB9	Q7TPA5-2
Q7TMB9	Q7TPA5
Q7TMB9	Q3TJ69
Q7TMB9	O08797
Q7TMB9	D3Z451
Q7TMB9	D4A4U8
Q7TMB9	Q86U17
Q7TMB9	Q80X76
Q7TMB9	Q6P4P1
Q7TMB9	Q5I2A0
Q7TMB9	Q03734
Q7TMB9	NP_001257911
Q7TMB9	P07759
Q7TMB9	Q8BYY9
Q7TMB9	P29621
Q7TMB9	P01011
Q7TMB9	P09006
Q7TMB9	Q91WP6
Q7TMB9	Q63556
Q7TMB9	P20848
Q7TMB9	P17475
Q7TMB9	P01009
Q7TMB9	P01009-3
Q7TMB9	Q06770
Q7TMB9	P31211
Q7TMB9	P08185
Q7TMB9	P35577
Q7TMB9	P61939
Q7TMB9	P05543
Q7TMB9	F7EMJ6
Q7TMB9	P70458
Q7TMB9	P05154
Q7TMB9	P29622
Q7TMB9	Q8BMT0
Q7TMB9	P50452
Q7TMB9	D3ZJK2
Q7TMB9	Q6UKZ1
Q7TMB9	Q8BG86
Q7TMB9	Q86WD7-7
Q7TMB9	Q9D7D2
Q7TMB9	Q86WD7
Q7TMB9	D3ZAT4
A6H6E9	A6H6E9
A6H6E9	Q6PF05-3
A6H6E9	XP_038959480
A6H6E9	Q6PF05
Q6UXY1	Q6UXY1
Q6UXY1	Q6UXY1-2
Q6UXY1	D4A901
Q6UXY1	Q80Y61
Q9HCJ5	Q9HCJ5
Q9HCJ5	Q80TB7
Q9HCJ5	Q8C7B8
Q9HCJ5	Q9H7M6
Q9HCJ5	Q80TC6
Q9HCJ5	Q9P217
Q9HCJ5	NP_001101433
Q96NG3	Q96NG3
Q96NG3	NP_001100519
Q96NG3	Q9D4B2
Q96NG3	Q96NG3-2
Q9H1E5	Q9H1E5
Q9H1E5	Q8C0L0
Q9H1E5	G3V912
Q9H1E5	Q9H3N1
Q9H1E5	Q52KJ9
Q9H1E5	Q8VBT0
Q9H0Z9	Q9H0Z9
Q9H0Z9	D3Z4I3
Q9H0Z9	Q62176
Q9H0Z9	M0R7T6
Q9H0Z9	Q9BX46
A1A535	A1A535
A1A535	Q5PQS3
A1A535	Q14D04
P31937	P31937
P31937	P29266
P31937	Q99L13
Q2M3G4	Q2M3G4
Q2M3G4	Q2M3G4-2
Q2M3G4	Q5SX79
Q2M3G4	XP_001073965
O94779	O94779
O94779	P97527
O94779	P68500
O94779	Q9P232
O94779	Q9UQ52
O94779	Q07409
O94779	Q62682
O94779	Q9JMB8
O94779	P97528
O94779	Q69Z26
O94779	Q8IWV2
O94779	Q62845
O94779	Q61330
O94779	P22063
O94779	Q02246
P30793	P30793
P30793	P30793-4
P30793	P22288
P30793	Q05915
Q9NX09	Q9NX09
Q9NX09	Q8VHZ9
Q9NX09	Q9D3F7
Q9NX09	Q8VD50
Q9NX09	Q8VHZ5
Q9NX09	Q96D03
Q9ET22	Q9ET22
Q9ET22	Q9UHL4
Q9ET22	Q9EPB1
Q9ET22	P42785
Q9ET22	D4AA31
Q9ET22	Q7TMR0
Q8WVV4-1	Q8WVV4-1
Q8WVV4-1	Q8WVV4
Q8WVV4-1	D3ZWE3
Q8WVV4-1	Q8K4L4
Q4ADV7	Q4ADV7
Q4ADV7	Q4ADV7-2
Q4ADV7	D4A224
Q4ADV7	Q69ZJ7
P42166	P42166
P42166	P42167-2
P42166	Q61033
P42166	Q61029-2
P97443	P97443
P97443	Q8NB12
P97443	NP_001100065
P97443	Q7M6Z3
P97443	Q8R5A0
P97443	Q9NRG4
P97443	Q9H7B4
P97443	Q9CWR2
P97443	NP_001020933
Q6AXQ8	Q6AXQ8
Q6AXQ8	Q61884
Q6AXQ8	Q8NEH6
F1M8D7	F1M8D7
F1M8D7	Q6P4S8
F1M8D7	Q8N201
D3ZKG9	D3ZKG9
D3ZKG9	O75153
D3ZKG9	Q5SW19
D3ZKG9	Q96NS8
F8WCM5	F8WCM5
F8WCM5	P01325
F8WCM5	P01322
F8WCM5	P01323
F8WCM5	P01308
F8WCM5	P01326
P53621-2	P53621-2
P53621-2	G3V6T1
P53621-2	Q8CIE6
P53621-2	P53621
P53621-2	Q27954
XP_001073550	XP_001073550
XP_001073550	O35664
XP_001073550	P48551
XP_001073550	P48551-2
XP_008773034	XP_008773034
XP_008773034	A6NMD0
XP_008773034	Q8BR26
XP_008773034	Q3SXF0
XP_008773034	D3ZR91
D3ZHR1	D3ZHR1
D3ZHR1	Q8N5U0
D3ZHR1	D3YVJ1
Q9NY56-4	Q9NY56-4
Q9NY56-4	Q9NPH6
Q9NY56-4	Q9NY56
Q9NY56-4	P31025
Q9NY56-4	Q5VSP4
Q9NY56-4	P20289
Q9NY56-4	P41244
Q9NY56-4	Q62472
Q9NY56-4	P53715
Q9NY56-4	Q8K1H9
Q9NY56-4	Q62471
Q80VT5	Q80VT5
Q9JHH5	Q9JHH5
Q9JHH5	O14625
Q9JHH5	P02778
Q9JHH5	P17515
Q9JHH5	P48973
Q9QZ23	Q9QZ23
Q9QZ23	D3ZA85
Q9QZ23	Q9UMS0
Q8BXS7	Q8BXS7
Q8BXS7	Q8TDT2
P49771	P49771
P49771	P49772
P31948-2	P31948-2
P31948-2	P31948
P31948-2	Q60864
P31948-2	O35814
C9J3I9	C9J3I9
O35622	O35622
O35622	O95750
Q6ZPA9	Q6ZPA9
Q14210	Q14210
Q14210	P35459
Q14210	XP_002729867
Q9GZX6	Q9GZX6
Q9GZX6	Q9JJY9
Q9CPX5-4	Q9CPX5-4
Q9CPX5-4	Q4KLN5
Q9CPX5-4	Q9CPX5
Q9CPX5-4	Q96KN8
Q9CPX5-4	Q96KN8-3
Q9CPX5-4	Q96KN8-2
Q9CPX5-4	Q9HDD0
Q9CPX5-4	Q9QZU4
Q9CPX5-4	D2KX21
Q9CPX5-4	Q8R3U1
Q9CPX5-4	P53817
Q9CPX5-4	P53816
Q9CPX5-4	Q9NWW9
Q9CPX5-4	Q9UL19
Q9CPX5-4	Q9JI61
Q9CPX5-4	O95237
Q9CPX5-4	Q9JI60
P02815	P02815
Q8BP01	Q8BP01
Q8BP01	Q2NL98
Q8BP01	Q6QZQ4
Q9CR96	Q9CR96
Q9CR96	Q9BTX3
Q9ES25	Q9ES25
Q3UQU9	Q3UQU9
A6NH13	A6NH13
Q9CPZ3	Q9CPZ3
Q9CPZ3	Q5T7R7
Q9JJV3	Q9JJV3
Q9JJV3	Q8VHW1
Q9JJV3	Q8WXS4
Q9H0P7	Q9H0P7
Q8N8G6	Q8N8G6
H9BFG8	H9BFG8
H9BFG8	Q6NXH3
H9BFG8	Q86WP2
H9BFG8	Q86WP2-2
H9BFG8	Q3KR53
H9BFG8	Q6NZP2
H9BFG8	Q9HC44
Q69ZM6	Q69ZM6
Q69ZM6	Q9NRP7
Q69ZM6	D3ZA65
Q69ZM6	Q69ZM6-2
Q69ZM6	Q9R0A5
Q69ZM6	P51956
Q69ZM6	XP_224971
Q69ZM6	F1MA87
Q69ZM6	P35426
Q69ZM6	Q64261
Q69ZM6	P30285
Q69ZM6	Q00534
Q69ZM6	P11802
Q69ZM6	XP_001054187
Q69ZM6	Q9WUI1
Q69ZM6	Q15759
Q69ZM6	Q9Z1B7
Q69ZM6	Q9WTY9
Q69ZM6	O15264
Q69ZM6	A9UJZ9
Q69ZM6	P70618
Q69ZM6	P47811-3
Q69ZM6	P47811
Q69ZM6	Q16539
Q69ZM6	Q16539-2
Q69ZM6	Q63538
Q69ZM6	O08911
Q69ZM6	P53778
C8YR32	C8YR32
C8YR32	Q8IVV2
Q9GKK3	Q9GKK3
Q9GKK3	P39037
Q9GKK3	P05814
Q9GKK3	P02666
Q9GKK3	P33048
Q9GKK3	P10598
Q9GKK3	P02665
Q07820	Q07820
Q07820	Q07820-2
Q07820	P97287
Q07820	Q9Z1P3
Q96DT5	Q96DT5
Q96DT5	Q9QZH1
Q96DT5	E9PU24
Q96DT5	Q9NYC9
Q96DT5	B1AR51
Q96DT5	XP_213354
Q96DT5	Q9UFH2
Q96DT5	Q69Z23
Q96DT5	F1LRU2
P09483	P09483
P09483	O70174
P09483	P30532
P09483	P20420
P09483	Q2MKA5-2
P09483	Q2MKA5
P09483	P25109
P09483	P09690
P09483	P11230
P09483	Q8BMN3
P09483	Q05901
P09483	P12391
P09483	P32297
P09483	P04757
P09483	Q8R4G9
P09483	P43143
P09483	Q9R0W9
P09483	Q15825
P09483	Q15822
P09483	P12389
P09483	Q91X60
P09483	P17787
P09483	P30926
P09483	P12392
P09483	Q8R493
P09483	Q9ERK7
P09483	P12390
P09483	P43681
P09483	P02716
P09483	P25110
P09483	Q07001
P09483	P36544
P09483	P22770
P09483	Q05941
P09483	P49582
P09483	Q494W8
P09483	P02718
P09483	P02708
P09483	P04756
P09483	P25108
P09483	G3X8Z7
P09483	Q9UGM1
P09483	Q9GZZ6
P09483	NP_075219
P09483	Q9JLB5
P09483	B2RX82
P09483	P18916
P09483	P04760
P09483	P07510
P09483	P02714
P09483	P09660
P09483	Q04844
P09483	P20782
P09483	O70212
P09483	P23979
P09483	P46098
P09483	P35563
P09483	A5X5Y0-3
P09483	A5X5Y0
P09483	Q70Z44-2
P09483	XP_002684939
P09483	NP_001179437
P09483	Q70Z44-4
P09483	Q70Z44
P09483	Q8WXA8
P09483	O95264
P09483	Q9JJ16
P09483	Q9JHJ5
Q8WVM8	Q8WVM8
Q8WVM8	Q8BRF7
Q8WVM8	Q62991
Q80UU1	Q80UU1
Q80UU1	Q66H85
Q80UU1	Q9H8Y5
O88767	O88767
O88767	Q99497
O88767	Q99LX0
Q9Y6M1	Q9Y6M1
Q9Y6M1	Q5SF07
Q9Y6M1	NP_001257527
Q9Y6M1	Q9CPN8
Q9Y6M1	Q9NZI8
Q9Y6M1	O00425
Q9Y6M1	Q8CGX0
Q9Y6M1	XP_003753941
Q9Y6M1	O88477
Q9Y6M1	O42254
Q8NI17	Q8NI17
Q8NI17	Q8K5B1
Q9BVV7	Q9BVV7
Q9BVV7	Q5U2X7
Q9BVV7	Q8CCM6
P58355	P58355
P58355	Q9UMX9
Q96HI0	Q96HI0
Q96HI0	XP_008767002
Q96HI0	Q6NXL6
Q702N8	Q702N8
Q702N8	ENSRNOP00000024955
Q702N8	O70373
P30990	P30990
P30990	P20068
P30990	Q9D3P9
Q86W50	Q86W50
Q86W50	Q9CQG2
O55230	O55230
O55230	O75771
O55230	O75771-6
O94763	O94763
O94763	D4A234
O94763	O94763-4
O94763	O94763-2
O94763	Q3TLD5
Q495N2-3	Q495N2-3
Q495N2-3	Q495N2
Q495N2-3	Q811P0
Q495N2-3	Q4V8B1
Q495N2-3	Q6YBV0
Q495N2-3	Q8CH36
Q495N2-3	Q495M3
Q495N2-3	Q8K415
Q495N2-3	Q8K4D3
Q495N2-3	Q8BHK3
Q495N2-3	Q7Z2H8
Q495N2-3	Q924A5
Q2M3C7	Q2M3C7
Q2M3C7	Q6NSW3
Q2M3C7	Q6NSW3-4
Q2M3C7	Q6NSW3-2
Q2M3C7	P0C6C0
Q8N5I3	Q8N5I3
Q8N5I3	Q8N5I3-2
Q8N5I3	Q2TUM3
Q8NCP5	Q8NCP5
Q8NCP5	Q3SWU4
Q8NCP5	Q8R0A2
Q61826	Q61826
Q61826	O70540
Q61826	Q13477
A2RRH5	A2RRH5
A2RRH5	Q8C5V5
Q80ZJ6	Q80ZJ6
Q80ZJ6	XP_017447327
Q80ZJ6	Q7Z7L7
Q86UT5	Q86UT5
Q86UT5	Q99MJ6
Q86UT5	Q9JJ40
Q86UT5	Q9JIL4
Q86UT5	Q5T2W1
Q86UT5	A8MUH7
Q86UT5	E2RGF3
Q86UT5	Q28619
Q86UT5	O14745
Q86UT5	Q9JJ19
Q86UT5	P70441
Q86UT5	Q920G2
Q86UT5	Q15599-2
Q86UT5	Q15599
Q86UT5	Q9JHL1
Q86UT5	Q15599-3
O95602	O95602
O95602	O35134
O95602	O54889
Q9D9V3	Q9D9V3
Q9D9V3	Q6AYG5
Q9D9V3	Q9NTX5-5
Q9D9V3	Q9NTX5-2
Q9D9V3	Q9NTX5
Q8TAM6	Q8TAM6
Q8TAM6	Q5RJL0
Q8TAM6	Q5EBJ4
Q6UWB1	Q6UWB1
Q6UWB1	O70394
Q6PJW8	Q6PJW8
Q6PJW8	Q8CBC4
Q6PJW8	D3ZKK3
Q3UYR4	Q3UYR4
Q3UYR4	Q6ZVH7
Q3UYR4	NP_001177301
Q3UYR4	Q8N6D5
Q3UYR4	D3YVV3
Q3UYR4	Q60773
Q3UYR4	P55273
Q3UYR4	Q6P4Z7
Q3UKK2	Q3UKK2
Q3UKK2	Q3UKC7
Q3UKK2	Q61400
Q3UKK2	Q3KPI0
Q3UKK2	Q63111
Q3UKK2	Q14002
Q3UKK2	B2RSG7
Q3UKK2	Q62056
Q3UKK2	Q497W1
Q3UKK2	E9Q8L0
Q3UKK2	E9Q9B4
Q3UKK2	Q4KL31
Q3UKK2	Q4KL65
Q3UKK2	Q4KL66
Q3UKK2	Q810J1
Q3UKK2	Q9D0Z8
Q3UKK2	Q4QQU3
Q3UKK2	Q78Y72
Q3UKK2	Q9DAT7
Q3UKK2	Q9D2U0
Q3UKK2	Q9DAV5
Q3UKK2	E9Q6J4
Q3UKK2	XP_003753305
Q3UKK2	A0A0B4J1L0
Q3UKK2	Q4V8K0
Q3UKK2	Q9Z1D6
Q3UKK2	Q3URN6
Q3UKK2	P31809
Q3UKK2	Q925P2
Q3UKK2	P16573
P15514	P15514
P15514	P31955
P15514	P24338
P15514	Q99075
P15514	Q06175
P15514	Q06186
Q9Y238	Q9Y238
Q9Y238	E9Q8C0
Q9Y238	Q68FQ8
O15015	O15015
O15015	O15015-1
O15015	XP_001080366
O15015	Q6NV66
O15015	P17041
O15015	Q80V23
O15015	Q9H609
O15015	D3ZZK5
O15015	Q02526
O15015	Q8N8Y5
Q8BPS4	Q8BPS4
Q8BPS4	Q86V85
Q91YW3	Q91YW3
Q91YW3	Q13217
Q91YW3	Q9R0T3
Q8IW00	Q8IW00
Q8IW00	T1NXB5
P05231	P05231
P05231	P08505
P05231	P20607
Q9P2F6	Q9P2F6
Q9P2F6	Q6REY9
Q9P2F6	Q6IFT4
Q6ZUT1-2	Q6ZUT1-2
Q6ZUT1-2	Q6ZUT1
Q6ZUT1-2	Q6NX79
Q6ZUT1-2	B1WC13
Q8WV60	Q8WV60
Q8WV60	D4A9I4
Q8WV60	Q8R3K3
E3Q1N2	E3Q1N2
Q3UMI6	Q3UMI6
O54839	O54839
O54839	O95936-3
O54839	O95936
O54839	Q16650
O54839	Q64336
O54839	XP_001055083
O54839	Q9UL17
O54839	Q9JKD8
O54839	O60806
O54839	Q99ME7
O54839	P20293
O54839	O15178
O54839	Q9EPZ6
O54839	O95935
O54839	Q96SF7
O54839	O70306
O54839	Q9UMR3
O54839	Q9ES03
Q9D3R9	Q9D3R9
Q9D3R9	Q3V063
Q9D3R9	Q15545
Q9D3R9	F1LV83
Q9D3R9	B0BN78
Q9D3R9	Q9R1C0
Q9D3R9	Q5H9L4
Q9D3R9	Q5H9L4-3
Q9D3R9	NP_001129349
Q15506	Q15506
Q15506	Q9Z1K2
Q15506	Q62252
Q8IWB9-2	Q8IWB9-2
Q8IWB9-2	Q6ZPJ0
Q8IWB9-2	ENSRNOP00000018332
Q8IWB9-2	Q8IWB9
Q9D131	Q9D131
Q9D131	Q9H5F2
Q9Y6J0	Q9Y6J0
Q9Y6J0	G3X8Q1
Q9Y6J0	O88480
Q9Y6N1	Q9Y6N1
Q9Y6N1	M0RE03
Q9Y6N1	Q6P8I6
Q9D2Y4	Q9D2Y4
Q9D2Y4	Q9D2Y4-2
Q9D2Y4	D3ZKP6
Q9D2Y4	Q8NB16
O35309	O35309
O35309	Q498S7
O35309	Q13287
O35309	P80217-2
O35309	P80217
O35309	Q5M849
O35309	Q9D8C4
A4D0V7	A4D0V7
A4D0V7	Q8BMB4
Q5ND29	Q5ND29
Q5ND29	D3ZGA5
Q969Z0	Q969Z0
Q969Z0	Q5M9G9
Q969Z0	Q91YM4
Q6ZRK6	Q6ZRK6
Q6ZRK6	F1M0U1
Q6ZRK6	Q8CDM4
Q53H80	Q53H80
Q53H80	Q25C79
Q53H80	B1AXD8
Q53H80	Q9H9L7
Q53H80	Q99LF1
Q53H80	D3ZTH4
Q9WVQ0	Q9WVQ0
Q9WVQ0	Q9Z221
Q9WVQ0	Q8TBY8-1
Q9WVQ0	Q8TBY8
Q8BW41	Q8BW41
Q8BW41	Q5NDF0
Q8BW41	Q8NAT1
Q9NY37	Q9NY37
Q9NY37	Q9R0W5
Q9NY37	Q9R0Y1
Q6Q6R5	Q6Q6R5
Q6Q6R5	P63254
Q6Q6R5	P63255
Q6Q6R5	P50238
Q6Q6R5	Q6Q6R3
Q6Q6R5	P36201
Q6Q6R5	Q9DCT8
Q6Q6R5	P52943
Q6Q6R5	P50462
Q6Q6R5	P50463
Q6Q6R5	P50461
Q6Q6R5	P47875
Q6Q6R5	P21291
Q6Q6R5	Q16527
Q6Q6R5	Q62908
Q6Q6R5	P97315
Q6Q6R5	P97314
D3Z3C6	D3Z3C6
D3Z3C6	Q86XD8
A8MXK1	A8MXK1
A8MXK1	Q5M7U7
A8MXK1	Q9D806
Q96F83	Q96F83
Q96F83	Q8BHN9
Q96F83	Q5RJN9
Q96FZ5	Q96FZ5
Q96FZ5	D4A768
Q96FZ5	Q9ESD6
Q3SXR2	Q3SXR2
P11597	P11597
Q9CZF2	Q9CZF2
Q96A56	Q96A56
Q96A56	Q9QXE4
Q96A56	Q80YE2
Q96A56	Q8CFU8
Q96A56	Q8CHM3
Q96A56	Q8IXH6
Q8BL43	Q8BL43
Q8BL43	A6NK89
Q8BL43	O75901
Q8BL43	Q8K342
Q8BL43	O88869
Q3LHN1	Q3LHN1
Q96HZ7	Q96HZ7
Q96FX2	Q96FX2
Q96FX2	Q9H4G8
Q96FX2	Q8K0W9
Q9BRU2	Q9BRU2
Q9BRU2	D3ZT37
Q9BRU2	A3KGA4
Q5BJH2	Q5BJH2
Q5BJH2	Q9CZB9
Q5BJH2	B2RZ32
Q8K3D6	Q8K3D6
Q8K3D6	Q5RKL7
Q8K3D6	Q6ICL7
Q8NDY8	Q8NDY8
Q8NDY8	B7ZN39
Q8NDY8	Q9D702
Q6RVD6	Q6RVD6
Q8WXA2	Q8WXA2
Q8TBK6	Q8TBK6
Q8TBK6	Q8TBK6-2
Q8TBK6	Q5EB97
Q8TBK6	Q9CX48
Q9P0J6	Q9P0J6
Q9P0J6	Q99N90
Q9P0J6	B2RZ39
Q9HC57	Q9HC57
Q9HC57	O70280
Q9HC57	Q9ESH5
Q6ZR54	Q6ZR54
B0BN46	B0BN46
B0BN46	Q9UBQ7
B0BN46	Q91Z53
D3ZIH4	D3ZIH4
D3ZIH4	Q8CHQ0
D3ZIH4	Q9UKT5
XP_001074445	XP_001074445
XP_001074445	Q17R98
XP_001074445	Q17R98-2
XP_001074445	Q505G8
Q16821_VAR_N476K	Q16821_VAR_N476K
Q16821_VAR_N476K	Q16821
Q16821_VAR_N476K	Q00756
Q16821_VAR_N476K	D3ZM60
Q16821_VAR_N476K	Q99MR9
Q16821_VAR_N476K	Q9UQK1
Q16821_VAR_N476K	Q5U2R5
Q16821_VAR_N476K	Q7TMB3
Q16821_VAR_N476K	Q86XI6
Q16821_VAR_N476K	Q8C767
Q16821_VAR_N476K	Q6IN01
Q3TZU0	Q3TZU0
NP_001013969	NP_001013969
NP_001013969	Q8R0S9
NP_001013969	Q8IVM8
NP_001013969	Q8N4F4-1
NP_001013969	Q8N4F4
NP_001013969	Q91WJ2
NP_001013969	Q63ZE4
NP_001013969	Q8VCA0
NP_001013969	Q76M99
NP_001013969	Q6T423
NP_001013969	Q76M72
NP_001013969	Q8BWE8
NP_001013969	Q96LX3
NP_001013969	Q9NSA0
NP_001013969	Q3ZAV1
NP_001013969	Q8CFZ5
NP_001013969	Q96S37
NP_001013969	Q9Y694
NP_001013969	Q5RLM2
NP_001013969	Q91WU2
D3Z1Q2	D3Z1Q2
D3Z1Q2	Q96G30
Q5BJQ0	Q5BJQ0
Q5BJQ0	Q8NI60
Q5BJQ0	Q60936
Q5BJQ0	Q96D53
Q5BJQ0	Q6AY19
Q5BJQ0	Q566J8
H7BZ55	H7BZ55
H7BZ55	F6XLV1
D3ZBH5	D3ZBH5
D3ZBH5	Q3TYD6
D3ZBH5	Q8IWU2
D3ZBH5	Q6ZMQ8
D3ZBH5	D4ABZ3
D3ZBH5	Q80YE4-2
D3ZBH5	Q80YE4
Q96SB8-2	Q96SB8-2
Q96SB8-2	NP_001101484
Q96SB8-2	Q924W5
Q96SB8-2	Q96SB8
E9Q447	E9Q447
E9Q447	Q13813-2
E9Q447	P16546-2
E9Q447	P16086
E9Q447	P16546
E9Q447	Q13813-3
E9Q447	Q13813
E9Q447	P02549
E9Q447	P02549-2
E9Q447	D4A678
E9Q447	P08032
P03409	P03409
D4A3J3	D4A3J3
D4A3J3	Q7TSG1
D4A3J3	Q8N960
P22061-2	P22061-2
P22061-2	P22062
P22061-2	P22061
P22061-2	P23506
O60763-2	O60763-2
O60763-2	O60763
O60763-2	P41541
O60763-2	Q9Z1Z0
O60763-2	P41542
C4P6S0	C4P6S0
C4P6S0	C4P6S0-2
Q71SP7	Q71SP7
Q71SP7	P12785
Q71SP7	P19096
Q71SP7	P49327
Q5T6R2	Q5T6R2
Q5T6R2	Q5T6R2-2
E9Q0C6	E9Q0C6
Q8C0C7	Q8C0C7
Q8C0C7	Q9Y285
Q8C0C7	Q505J8
A3KMH1	A3KMH1
A3KMH1	Q8CC88
A3KMH1	XP_038949970
A3KMH1	A3KMH1-3
Q8N3P4	Q8N3P4
Q8N3P4	XP_006248641
Q8N3P4	Q0P5W1
Q64467	Q64467
Q64467	O14556
Q64467	E9PTN6
Q64467	P04797
Q64467	P16858
Q64467	P04406
Q64467	P04406-2
Q64467	Q9ESV6
Q64467	Q498M9
Q64467	XP_001070603
Q64467	XP_001072630
P20472	P20472
P20472	P32848
P20472	P02625
P20472	P0CE72
P20472	P02631
P20472	P0CE71
P20472	P51879
Q80YN3	Q80YN3
Q80YN3	Q3ZB98-3
Q80YN3	Q3ZB98
Q80YN3	O75363-2
Q80YN3	O75363
Q5SRE7	Q5SRE7
Q5SRE7	Q9DB26
Q5SRE7	Q5BJP9
Q5TEU4	Q5TEU4
Q5TEU4	B2GV71
Q5TEU4	A2APY7
P02662	P02662
P02662	P47710
Q91X88	Q91X88
Q91X88	Q8WZA1
Q91X88	Q5XIN7
Q91X88	P27115
Q91X88	Q09325
Q91X88	P26572
Q91X88	P27808
Q8R1Q9	Q8R1Q9
Q8R1Q9	Q9H477
Q8R1Q9	D3ZVU4
Q8R1Q9	Q9H477-2
Q6PL45	Q6PL45
Q6PL45	Q4VAG0
Q8N4P6	Q8N4P6
Q8N4P6	D3ZTZ6
Q8N4P6	Q9D3W5
Q07020	Q07020
Q07020	D0VWQ3
Q07020	P12001
Q07020	P35980
Q4U4S6	Q4U4S6
Q4U4S6	A4UGR9-8
Q4U4S6	A4UGR9
Q4U4S6	Q71LX6
Q4U4S6	A4UGR9-4
Q4U4S6	Q4KM31
Q4U4S6	Q8BGB5
Q4U4S6	Q9BT23
Q1ZZU3	Q1ZZU3
Q1ZZU3	Q8K3D3-2
Q1ZZU3	Q8K3D3
Q1ZZU3	Q63ZV7
P52824	P52824
P52824	D3ZEY4
P52824	Q6P5E8
O70355	O70355
O70355	Q6MG97
Q6PHQ8	Q6PHQ8
Q6PHQ8	Q5VZE5
Q6PHQ8	Q6DKG0
Q9C0B1	Q9C0B1
Q9C0B1	Q2A121
Q9C0B1	Q8BGW1
Q96LP2	Q96LP2
Q96LP2	XP_138722
Q96LP2	Q8TBF8
Q96LP2	Q3UXZ6
Q96LP2	D4A7T8
Q9C099	Q9C099
Q9C099	XP_342210
Q9C099	Q69ZB0
Q50H32	Q50H32
Q50H32	A8MXD5
Q50H32	Q3TYR5
Q50H32	A6NFK2
A4D2P6	A4D2P6
A4D2P6	Q0QWG9-2
A4D2P6	Q0QWG9
A4D2P6	NP_001099380
A0A1B0GTB2	A0A1B0GTB2
A0A1B0GTB2	A0A1B0GQX2
Q8NDD1	Q8NDD1
Q8NDD1	Q3KRF3
Q8NDD1	Q8CIL4
Q86VD9	Q86VD9
Q86VD9	Q8BTP0
Q9JHB4	Q9JHB4
Q9JHB4	Q8NA23-2
Q9JHB4	Q8NA23
Q96JB2	Q96JB2
Q96JB2	Q5XHZ8
Q96JB2	Q8CI04
Q9CQ24	Q9CQ24
Q9CQ24	D3Z9E4
Q9CQ24	Q8NEA4
Q96A73	Q96A73
Q96A73	Q5U2R6
Q96A73	Q9DBN4
Q96A73	Q96A73-2
Q91YP3	Q91YP3
Q91YP3	F1M1H0
Q91YP3	Q9Y315
Q14CB8	Q14CB8
Q14CB8	Q8BRH3
P21263	P21263
P21263	P21263-2
P21263	NP_001193520
P21263	Q6P5H2
P21263	P48681
P97478	P97478
P97478	Q63619
P97478	Q99807
Q15760	Q15760
Q15760	Q61121
Q15760	P70585
Q9Y324	Q9Y324
Q9Y324	Q1RP75
Q9Y324	Q9CTH6
P97346	P97346
P97346	D4A0M2
P97346	Q6DKJ4
P97346	XP_001054275
P97346	Q9D531
P97346	Q5VZ03
Q96FA7	Q96FA7
Q86XQ3	Q86XQ3
Q86XQ3	Q80W99
Q86XQ3	F1LZS9
O35949	O35949
O35949	Q9HB03
O35949	Q920L6
O35949	Q9H5J4
O35949	Q920L5
Q7Z7M9	Q7Z7M9
Q7Z7M9	O88422
Q7Z7M9	Q8C102
Q7Z7M9	Q86SF2
Q7Z7M9	Q80VA0
Q7Z7M9	Q9R0C5
Q7Z7M9	Q8N3T1
Q7Z7M9	Q9D2N8
Q7Z7M9	Q8NCW6
Q7Z7M9	Q921L8
Q7Z7M9	Q6P6V1
Q7Z7M9	Q7Z4T8
Q7Z7M9	Q9D4M9
Q7Z7M9	Q6P9S7
Q7Z7M9	Q86SR1
Q7Z7M9	Q925R7
Q7Z7M9	Q49A17
Q7Z7M9	Q8N428
Q7Z7M9	Q9JJ61
Q7Z7M9	Q14435
Q7Z7M9	Q3T1J4
Q7Z7M9	Q8C7U7
Q7Z7M9	P70419
Q7Z7M9	Q8NCL4
Q7Z7M9	Q8N4A0
Q7Z7M9	Q3KR95
Q7Z7M9	O08832
Q7Z7M9	F8VUJ3
Q7Z7M9	Q8IXK2
Q7Z7M9	Q8BGT9
Q7Z7M9	D4A849
Q7Z7M9	Q96FL9
Q7Z7M9	Q8BVG5
Q7Z7M9	Q8K1B9
Q7Z7M9	Q6P9A2
Q7Z7M9	A1A5P1
Q7Z7M9	Q9NY28
Q7Z7M9	Q8IUC8-3
Q7Z7M9	Q8IUC8
Q7Z7M9	Q8CF93
Q7Z7M9	Q10472
Q7Z7M9	O08912
Q7Z7M9	Q6UE39
Q7Z7M9	Q10473
Q7Z7M9	G3X942
Q7Z7M9	Q6IS24
Q7Z7M9	Q7TT15
Q7Z7M9	Q9HCQ5
Q7Z7M9	Q10471
Q7Z7M9	D3ZFD2
Q7Z7M9	Q6PB93
Q8C0R0	Q8C0R0
Q8C0R0	Q86T82
Q8C0R0	D4ABE5
Q8C0R0	Q99MX1
Q8C0R0	NP_001100418
Q8C0R0	Q9BXU7
Q8C0R0	NP_001101935
Q8C0R0	Q9HBJ7
Q8C0R0	Q9ES63
P35663	P35663
P35663	G3X9R0
P35663	F1M1X1
Q9BV10	Q9BV10
Q9BV10	Q8VDB2
Q9BV10	B1WBY3
Q8BHS3	Q8BHS3
Q8BHS3	Q9NW64
Q8BHS3	Q4V7D7
Q8BHS3	Q9NW64-2
P00405	P00405
P00405	P00403
P00405	P68530
P00405	P00406
O70480	O70480
O70480	NP_001102326
O70480	O75379-2
O70480	O75379
O70480	Q63666
O70480	P63025
O70480	P63027
O70480	P63024
O70480	Q62442-2
O70480	P63045
O70480	Q15836
O70480	Q62442
O70480	P23763
O70480	P63044
O70480	O70404
O70480	Q9BV40
O70480	Q9WUF4
Q5VV42	Q5VV42
Q5VV42	Q91WE6
Q5VV42	NP_001101883
P00396	P00396
P00396	P05503
P00396	O79429
P00396	P00395
P00396	P00397
Q9NZJ0	Q9NZJ0
Q9NZJ0	D3ZER4
Q9NZJ0	Q3TLR7
Q9NZJ0	Q9NZJ0_VAR_030354
Q6ZVL6	Q6ZVL6
Q6ZVL6	XP_001079537
Q6ZVL6	D3YZ21
P05213	P05213
P05213	P68368
P05213	Q6AY56
P05213	P05214
P05213	P81947
P05213	P68363
P05213	Q6P9V9
P05213	Q5XIF6
P05213	Q6AYZ1
P05213	Q3UX10
P05213	Q71U36
P05213	A6NHL2
P05213	Q9H853
P05213	P68373
P05213	Q9BQE3
P05213	Q68FR8
P05213	Q9JJZ2
P05213	Q9NY65
P05213	P0DPH7
P05213	Q6PEY2
P05213	Q3ZCJ7
P05213	P68369
P05213	P0DPH8
P05213	P68366
P05213	P68370
P05213	NP_001099588
Q9P2R6	Q9P2R6
Q9P2R6	Q62901
Q9P2R6	Q80TZ9
Q9P2R6	P54259
Q9P2R6	P54258
Q9P2R6	O35126
Q8BG30	Q8BG30
Q8BG30	Q9H3P2
Q8BG30	Q5U2N1
Q02790	Q02790
Q02790	Q9QVC8
Q02790	P27124
Q02790	P30416
Q02790	Q13451
Q02790	Q64378
Q02790	Q5U2T9
Q02790	Q62446
Q02790	G3V6L9
Q02790	Q00688
Q8CGK5	Q8CGK5
Q8CGK5	Q8IU57
Q86W56	Q86W56
Q86W56	O88622
Q86W56	Q9QYM2
Q96N67	Q96N67
Q96N67	Q96N67-2
Q96N67	Q8VDR9
Q96N67	NP_001179095
Q96N67	Q96HP0
Q96N67	Q8R1A4
Q96N67	Q96N67-3
Q96N67	D3ZY19
Q96N67	NP_001178503
Q96N67	E9PX48
Q96N67	Q8C147
Q96N67	Q8NF50
Q96N67	F1LPG2
Q96N67	Q8NF50-2
P20272	P20272
P20272	P21554
P20272	P47746
P20272	P34972
P20272	P47936
P20272	Q9QZN9
P09038	P09038
P09038	P13109
P09038	P09038-2
P09038	P03969
P09038	P15655
P09038	P61148
P09038	P05230-2
P09038	P05230
P09038	P61149
P09038	Q9EST9
P09038	O54769
P09038	P36364
P09038	Q9NP95
P09038	O43320
P09038	Q9ESL9
P09038	Q9ESL8
P09038	P31371
P09038	P54130
P09038	P05524
P09038	P11487
Q3UVY1	Q3UVY1
Q3UVY1	Q86SP6
Q3UVY1	Q924Y8
P14824	P14824
P14824	P09525
P14824	A0A0S2Z377
P14824	F8WIT2
P14824	P48037
P14824	P55260
P14824	P97429
P14824	P08133
P14824	P20073
P14824	Q07076
P14824	Q6IRJ7
P14824	P20073-2
P14824	O35640
P14824	Q4FZU6
P14824	Q5VT79
P14824	P13928
P14824	P10107
P14824	P04083
P14824	P07150
P14824	P46193
P14824	P27216-2
P14824	P27216
P14824	Q99JG3
P14824	D3ZHD1
P14824	NP_001102580
P14824	Q9QZ10
P14824	Q9UJ72
P14824	P50995
P14824	P97384
P14824	Q5XI77
P14824	P08758
P14824	O35639
P14824	P12429
P14824	P14669
P14824	P81287
P14824	P14668
P14824	AAB24204
P14824	P48036
P14824	AAB24205
P14824	P07355-2
P14824	P07355
P14824	P04272
P14824	A6NMY6
P14824	Q6TEQ7
P14824	P07356
P14824	Q07936
P14824	O76027
P14824	Q9JHQ0
Q15118	Q15118
Q15118	Q63065
Q15118	Q8BFP9
Q15118	Q15120-2
Q15118	B5DFI9
Q15118	Q15120
Q15118	Q922H2
Q15118	O54937
Q15118	Q16654
Q15118	O70571
Q15118	Q64536
Q15118	Q9JK42
Q15118	Q15119
Q15118	Q00972
Q15118	O55028
Q15118	O14874
Q15118	XP_003124519
Q96P71	Q96P71
Q96P71	Q9D6J4
Q96P71	D3ZKY0
Q96P71	Q9ESB5
Q96P71	Q8N987
Q96P71	Q8BG18
Q96P71	Q91ZP9
Q96P71	Q7Z6G3
Q96P71	F1LQY6
P56375	P56375
P56375	P14621
P56375	P35745
P56375	D4A6X4
P56375	P56376
P56375	P00818
P56375	P07311
Q96AP4	Q96AP4
Q96AP4	Q3T9Z9
Q96AP4	Q5U2S3
Q8BG41	Q8BG41
Q8BG41	A5LHX3
Q8BG41	M0R7C4
Q8BG41	P28074-3
Q8BG41	P28063
Q8BG41	P28074
Q8BG41	P28062
Q8BG41	P28062-2
Q8BG41	P28075
Q8BG41	O55234
Q8BG41	P28064
Q8BG41	P28074-2
Q8BG41	P28072
Q8BG41	Q60692
Q8BG41	P28073
Q8BG41	P28076
Q8BG41	P28065-2
Q8BG41	P28077
Q8BG41	P28065
Q925N0	Q925N0
Q925N0	Q8TD22
Q925N0	Q8CFD0
Q925N0	Q925N2
Q925N0	Q96NB2
Q925N0	Q6AYS2
Q925N0	Q99JR1
Q925N0	Q9H9B4
Q925N0	Q9BWM7
Q925N0	Q91V61
Q925N0	Q9JHY2
P31151	P31151
P31151	Q86SG5
P31151	Q5SY68
Q15735	Q15735
Q15735	P59644
Q15735	Q9JMC1
O54692	O54692
O54692	O43264
O54692	Q4V8C2
Q14703	Q14703
Q14703	Q9WTZ2
Q14703	Q9WTZ3
P09417	P09417
P09417	Q8BVI4
P09417	P11348
A5HK05	A5HK05
A5HK05	Q9DAX9
A5HK05	Q92624
Q9BRQ8	Q9BRQ8
Q9BRQ8	Q8BUE4
Q9BRQ8	D4AA14
Q9HC73	Q9HC73
Q9HC73	Q9HC73-3
Q9HC73	Q8R4S8
Q9HC73	Q8CII9
Q96FK6	Q96FK6
Q96FK6	Q9D0R9
Q96FK6	Q5FVP5
Q9BRA0-2	Q9BRA0-2
Q9BRA0-2	G3V785
Q9BRA0-2	Q9D2U5
Q9BRA0-2	Q9BRA0
Q9UBU3	Q9UBU3
Q9UBU3	Q9EQX0
Q9UBU3	Q9QYH7
Q9UBU3	Q9UBU3-3
Q9UBU3	Q6BEG7
Q9CW19	Q9CW19
Q9CW19	Q96F85
Q9CW19	Q5M8N0
Q9CW19	Q5M7A7
O94760	O94760
O94760	O08557
O94760	Q9CWS0
O94760	Q99LD8
O94760	O95865
O94760	Q6MG60
XP_235698	XP_235698
XP_235698	Q9NYD6
XP_235698	P31257
XP_235698	O43248
XP_235698	P31313
XP_235698	P31277_VAR_Q203S
XP_235698	P23813
XP_235698	P31277
XP_235698	P28359
XP_235698	P28358
XP_235698	D3ZHM5
XP_235698	P31311
XP_235698	P31270
XP_235698	P31310
XP_235698	P31260
XP_235698	P49639
XP_235698	P09022
XP_235698	O08656
XP_235698	P14653
XP_235698	P17919
XP_235698	Q00056
XP_235698	P06798
XP_235698	P18865
XP_235698	NP_077326
XP_235698	P09016
XP_235698	P10628
XP_235698	P09017
XP_235698	Q08624
XP_235698	P10284
XP_235698	P17483
XP_235698	P09023
XP_235698	P17509
XP_235698	D3ZLU8
XP_235698	Q00444
XP_235698	P32043
XP_235698	P31269
XP_235698	P09631
XP_235698	P31275
XP_235698	Q8K5B8
XP_235698	P35452
XP_235698	P23812
XP_235698	P09067
XP_235698	P09079
D3ZY60	D3ZY60
D3ZY60	Q9HB20
D3ZY60	Q9ERS4
D3ZY60	Q96JA3
D3ZY60	Q80W71
D3ZY60	O95397
D3ZY60	Q96JA3_VAR_E498K
D3ZY60	Q9NZD2
D3ZY60	Q9JL62
D3ZY60	B0BNM9
XP_578506	XP_578506
XP_578506	Q3UX09
XP_578506	E9Q5G7
XP_578506	Q3UWY1
XP_578506	Q3UWY1-2
XP_578506	Q7TPX8
XP_578506	Q4G0C7
XP_578506	Q3UT28
XP_578506	XP_001076781
XP_578506	XP_987207
XP_578506	D4ADJ1
XP_578506	XP_001070115
XP_578506	A2AGW5
XP_578506	A2AGW8
XP_578506	E9Q2S4
XP_578506	Q3UTC0
XP_578506	Q3ULC4
XP_578506	Q7TPY4
XP_578506	A3QJZ6
XP_578506	Q5VTA0
XP_578506	Q5VWM6
XP_578506	O60809
XP_578506	O60811
XP_578506	A0A0G2JMD5
XP_578506	Q5VT98
XP_578506	O95521
XP_578506	Q5SWL7
XP_578506	Q5SWL8
XP_578506	Q5VWM3
XP_578506	Q99MW3
XP_578506	Q3UL49
XP_578506	Q5U480
XP_578506	Q810Y8
XP_578506	A2ASJ1
XP_578506	P78395
XP_578506	O60810
XP_578506	H0Y7S4
XP_578506	O60813
XP_578506	P0DUQ2
XP_578506	Q5TYX0
XP_578506	P0DUQ1
XP_578506	A3QJZ7
XP_578506	A6NGN4
XP_578506	Q5VXH4
XP_578506	O95522
XP_578506	Q5VWM4
XP_578506	Q5VXH5
XP_578506	B1ARV6
Q8BLA8	Q8BLA8
Q8BLA8	Q6RI86
Q8BLA8	O75762
Q8BLA8	P25963
Q8BLA8	Q9Z1E3
Q8BLA8	Q63746
Q9UHN1	Q9UHN1
Q9UHN1	D3ZYP7
Q9UHN1	Q9QZM2
Q8BH53	Q8BH53
Q8BH53	A5D8W1
Q8NFI3	Q8NFI3
Q8NFI3	D4AE03
Q8NFI3	Q8BX80
O14925	O14925
O14925	Q9WTQ8
O14925	Q5SRD1
O14925	O35093
Q9NUG6	Q9NUG6
Q9NUG6	P59048
Q9NUG6	Q642A0
Q9D618	Q9D618
Q9D618	Q3ZCT8
P0CB42	P0CB42
P0CB42	Q13686
P0CB42	D3Z8W2
Q9BT25	Q9BT25
Q9BT25	Q5BK57
Q9BT25	Q99L00
Q3V0M2	Q3V0M2
Q3V0M2	Q1X8D7
Q49AM1	Q49AM1
Q49AM1	Q5XIE2
Q49AM1	Q8BKY8
Q5BN45	Q5BN45
Q5BN45	Q5BN46
Q5BN45	D3ZTM5
Q8BH18	Q8BH18
Q8BH18	Q9H0C3
Q9JJN6	Q9JJN6
Q9JJN6	Q9NSA3
Q9JJN6	Q4KM58
Q8R404	Q8R404
Q8R404	Q5XKP0
Q8R404	XP_006244377
Q8WZ55	Q8WZ55
Q8WZ55	Q8VIM4
Q8WZ55	Q8R2H3
Q6ZWJ8	Q6ZWJ8
Q6ZWJ8	Q3U492
Q6ZWJ8	Q8N8U9
Q6ZWJ8	Q8CJ69
Q6ZWJ8	Q2TAL6
Q6ZWJ8	Q8C8N3
Q6ZWJ8	B2RUY7
Q6ZWJ8	Q505H4
Q15080-2	Q15080-2
Q15080-2	P97369
Q15080-2	B2RZ98
Q15080-2	Q15080
Q9NP58	Q9NP58
Q9NP58	Q9DC29
Q9NP58	O70595
Q9NP58	Q9NUT2
Q9NP58	Q9NUT2-2
Q9NP58	Q5RKI8
Q9NP58	Q9CXJ4
Q99967	Q99967
Q99967	O35740
Q99967	Q99MA1
Q99967	P97769
Q99967	Q99966
Q5JTZ9	Q5JTZ9
Q5JTZ9	Q14CH7
Q5JTZ9	P49588
Q5JTZ9	Q8BGQ7
Q5JTZ9	P50475
Q5JTZ9	D3ZX08
Q7Z569	Q7Z569
Q7Z569	M0RBY8
Q7Z569	Q99MP8
Q9NQC3	Q9NQC3
Q9NQC3	Q9NQC3-5
Q9NQC3	Q9NQC3-4
Q9NQC3	Q9NQC3-2
Q9NQC3	Q9NQC3-6
Q9NQC3	Q9NQC3-3
Q9NQC3	Q8BH78
Q9NQC3	Q9JK11-2
Q9NQC3	Q8BHF5
Q9NQC3	Q9JK11
Q9NQC3	AAM77068
Q9NQC3	Q16799-3
Q9NQC3	Q99P72
Q9NQC3	Q7M6W1
Q9NQC3	Q8K0T0
Q9NQC3	Q16799
Q9NQC3	Q64548
Q9NQC3	O95197-6
P43247	P43247
P43247	P43246
P43247	P54275
P43247	P43246-2
Q9BXM0	Q9BXM0
Q9BXM0	Q9BXM0-3
Q9BXM0	Q9BXM0-2
Q9BXM0	Q63425
Q9BXM0	O55103
A6NKU9	A6NKU9
A6NKU9	P0DV79
A6NKU9	P0DUD4
A6NKU9	A0A494C0Z2
A6NKU9	A6NNV3
A6NKU9	P0DUD3
A6NKU9	P0DUD1
A6NKU9	A0A494C191
A6NKU9	P0DTA3
A6NKU9	P0DUX0
A6NKU9	P0DUX1
A6NKU9	P0DUD2
A6NKU9	A6NIY4
A6NKU9	A6NHP3
A6NKU9	Q8NFV5
A6NKU9	P0CI01
A6NKU9	Q495Y8
A6NKU9	A0A494C086
A6NKU9	Q5IBH6
A6NKU9	Q8CDE8
A6NKU9	A6NLX3
A6NKU9	Q3KR78
A6NKU9	Q495Y7
O15054	O15054
O15054	NP_001102299
O15054	Q5NCY0
Q15021	Q15021
Q15021	Q8K2Z4
Q15021	D3ZHP6
Q9BQ75	Q9BQ75
Q9BQ75	Q9CZT6
Q9BQ75	Q5FVR6
Q9BQ75	Q9BQ75-2
Q96K31	Q96K31
Q96K31	Q96EF9
Q96K31	Q5BK24
Q96K31	Q9D2X8
Q12967	Q12967
Q12967	Q03386
Q12967	Q03385
Q12967	Q8IZJ4
Q12967	Q3MIN7-2
Q12967	EDL78247
Q12967	Q3MIN7
Q12967	Q3UYI5
Q12967	Q9NZL6-2
Q12967	Q60695
Q12967	Q9NZL6
Q12967	Q6MGC5
Q12967	Q61193
Q12967	O15211
O60232	O60232
O60232	P56873
O60232	D3ZG88
Q9BQE6	Q9BQE6
Q86U44	Q86U44
Q86U44	Q4V8G6
Q86U44	Q8C3P7
Q9H336	Q9H336
Q9H336	Q8CGD2
Q9H336	Q8BZQ2
Q9H336	Q9H0B8
Q9H336	Q4G1C9
Q9H336	Q4G1C9-2
Q9H336	Q9CQ35
Q8WY91	Q8WY91
Q8WY91	Q642B6
Q8WY91	Q6P3Z3
Q9EQT6	Q9EQT6
Q9EQT6	Q7L8C5
Q9EQT6	Q925B5
Q8K124	Q8K124
Q8K124	D3Z9K4
Q8K124	Q8TD55
Q6ZSC3	Q6ZSC3
Q6ZSC3	Q99J64
Q6ZSC3	Q3B7D9
Q9UBS9	Q9UBS9
Q9UBS9	Q710E6
Q9UBS9	Q8C341-2
Q9UBS9	Q8C341
O94850	O94850
O94850	Q80TS7
O94850	P50617
Q6UY09	Q6UY09
Q6UY09	Q9D2Z1
Q03828	Q03828
Q03828	P49749
Q03828	P23683
Q03828	P49640
Q03828	Q9H2W2
Q03828	Q9WUI0
Q03828	P20719
Q03828	P09021
Q03828	P52949
Q49A92	Q49A92
Q49A92	Q8BZJ8
Q49A92	Q49A92-3
Q5SUF7	Q5SUF7
Q5SUF7	Q5SUG0
Q5SUF7	Q5SUG4
Q5SUF7	O43497-13
Q5SUF7	O43497
Q5SUF7	O54898
Q5SUF7	O95180
Q5SUF7	O43497-6
Q5SUF7	O43497-2
Q5SUF7	O88427
Q5SUF7	Q9EQ60
Q5SUF7	Q9P0X4
Q5SUF7	Q9Z0Y8
Q5SUF7	E9Q7P2
Q9UK53	Q9UK53
Q9UK53	Q9QXV3
Q9UK53	Q2TSE3
Q9UK53	Q9UK53-2
Q9UK53	Q9ESK4
Q9UK53	Q9H160
Q9UK53	B5DEF8
Q9UK53	Q9D8Y8
Q9UK53	Q8WYH8
Q9UK53	B2RZ71
Q9UK53	Q8WYH8-2
Q9UK53	Q8C0D7
Q9UK53	Q9UNL4-4
Q9UK53	Q8C0D7-2
Q9UK53	Q9UNL4-3
Q9UK53	Q9UNL4
Q9UK53	A1L130
Q9UK53	Q9UNL4-8
Q9UK53	Q9UNL4-5
Q9UK53	Q9UNL4-2
Q96DT7	Q96DT7
Q96DT7	Q96DT7-2
Q96DT7	D3ZTY1
Q96DT7	Q8BID6
Q96DT7	Q86UZ6
Q96DT7	E9Q8X5
Q96DT7	Q9WTY8
Q8N6G5	Q8N6G5
Q8N6G5	Q8C1F4
Q8N6G5	Q8TDX6
Q8N6G5	Q8BJQ9
Q8N6G5	B5DEY9
Q96PP4	Q96PP4
Q96PP4	Q9DA17
Q9NZN9	Q9NZN9
Q9NZN9	Q924K1
Q9NZN9	Q9JLG9
Q9NZN9	Q5FWY5
Q9NZN9	O08915
Q9NZN9	O00170
Q8TD30	Q8TD30
Q8TD30	Q8BGT5
Q8TD30	P25409
Q8TD30	NP_001012057
Q8TD30	Q8QZR5
Q8TD30	P24298
Q9H2F5	Q9H2F5
Q9H2F5	Q8C9X6
Q9H2F5	XP_003751752
Q9H2F5	Q8C0I4
Q9H2F5	Q52LR7
Q9H2F5	D4ADG5
Q7TSV9	Q7TSV9
Q7TSV9	Q9H0I2
Q9CYL5	Q9CYL5
Q9CYL5	A0A8I5ZJ62
Q9CYL5	Q9H4G4
Q9UHG0	Q9UHG0
Q9UHG0	Q5DU00
Q9UHG0	D3ZR10
Q9UHG0	A8MYV0
Q9UHG0	Q9D1B8
Q9UHG0	A2VCK2
Q9UHG0	J3KML0
Q62786	Q62786
Q62786	Q9WV91
Q62786	Q9P2B2
Q9DBQ9	Q9DBQ9
Q9DBQ9	Q5T5J6
Q9BYH1	Q9BYH1
Q9BYH1	Q6P1D5
Q9BYH1	D4AD89
Q9BYH1	D4A6P1
Q9BYH1	Q6UXD5-5
Q9BYH1	Q6UXD5-3
Q9BYH1	Q4V9Z5
Q9BYH1	Q6UXD5
O43345	O43345
O43345	O75437-2
O43345	A6NNF4
O43345	Q8N7Q3
O43345	O75437
O43345	Q96SK3
O43345	Q96SK3-2
O43345	P52744
O43345	B2RXC5
O43345	A0JPL0
O43345	Q9BR84
O43345	Q8C1B9
O43345	Q9UK12-2
O43345	Q9UK12
O43345	Q9UIE0
O43345	A8MUV8
O43345	Q96N22
O43345	Q96N22_VAR_L295S
O43345	Q49A33
O43345	Q8N3J9
O43345	Q4VA44
O43345	Q9NYT6
O43345	Q14588
O43345	Q9BWE0-4
O43345	Q9BWE0
O43345	Q68H95
O43345	A8MQ14
O43345	Q14585
O43345	Q9UJU3
O43345	P24399
O43345	Q8IYX0
O43345	P17023
O43345	D3ZRH5
O43345	Q9NSD4
O43345	G3X904
O43345	XP_003751625
O43345	Q6PGD2
O43345	XP_017455832
O43345	P0DKX0
O43345	Q8TAQ5
O43345	O14628
O43345	O14628-5
O43345	O14628-6
O43345	O14628-7
O43345	O14628-4
O43345	Q9UK10
O43345	O95780
O43345	P51786
O43345	Q9EPU7
O43345	Q571J5
O43345	Q86Y25
O43345	Q14590
O43345	Q9R161
O43345	Q61116
O43345	Q9NQX6
O43345	Q9R164
O43345	Q5JNZ3
O43345	Q8IYB9
O43345	Q86WZ6
O43345	Q9Y2Q1
O43345	Q0VAW7
O43345	Q3TFZ4
O43345	O75346
O43345	Q8N9K5
O43345	Q02386
O43345	Q8IW36
O43345	Q3URY5
O43345	E9PXJ4
O43345	Q0VFY0
O43345	Q8CCP6
O43345	F1M5G7
O43345	Q64247
O43345	P17097
O43345	P59923
O43345	Q14929
O43345	Q8TF20-2
O43345	Q8TF20
O43345	Q96JC4
O43345	Q3URR7
O43345	A6NK75
O43345	Q6NZJ3
O43345	B4DX44
O43345	E9PYI1
O43345	B4DXR9
O43345	Q9BX82
O43345	Q9P2J8
O43345	A6NN14
O43345	Q05481
O43345	A8MXY4
O43345	O75373
O43345	Q6ZR52
O43345	Q9P255
O43345	P35789
O43345	Q03938
O43345	Q8TF45
O43345	Q8BFS8
O43345	Q8BJ21
O43345	Q8C0L3
O43345	Q80VN4
O43345	Q4QQP3
O43345	Q91W94
O43345	Q6ZTB9
O43345	B8JJX8
O43345	Q9WVI0
O43345	NP_001100943
O43345	Q14586
O43345	Q5SXM1
O43345	D4A327
O43345	Q3UVF6
O43345	Q3TQG9
O43345	P16373
O43345	Q96GC6
O43345	Q96NJ3
O43345	P0C7X5
O43345	Q7M6X3
O43345	Q7M6X4
O43345	Q7M6W8
O43345	Q7TMC9
O43345	Q16600
O43345	Q6ZN08
O43345	Q5JVG8
O43345	Q16587
O43345	Q8C827
O43345	Q8NB50
O43345	Q61117
O43345	NP_001032289
O43345	B8JJZ9
O43345	Q8IYN0
O43345	Q5HYK9
O43345	Q2TL60
O43345	Q5MYW4
O43345	G3XA08
O43345	Q8BQN6
O43345	Q15072
O43345	F1LMA0
O43345	P10076
O43345	Q3SXZ3
O43345	P0DPD5
O43345	F7A4H5
O43345	Q15928
O43345	Q7Z3V5
O43345	P17038
O43345	Q8NEM1
O43345	Q03936
O43345	Q8TD23
O43345	Q03923
O43345	Q9UII5
O43345	Q68DY1
O43345	A8MTY0
O43345	Q86V71
O43345	Q9NSJ1
O43345	Q96N38
O43345	Q6P5C7
O43345	Q3UWJ2
O43345	L7N1X4
O43345	Q5U307
O43345	P17019
O43345	Q9UL59
O43345	Q1WWJ5
O43345	Q3MJ62
O43345	Q8BI67
O43345	Q9UJW7
O43345	Q9Y3M9
O43345	B2RRA8
O43345	Q8TB69
O43345	Q497V9
O43345	Q3V1X2
O43345	Q8WTR7
O43345	Q6ZMV8
O43345	Q15940
O43345	B2RUI1
O43345	Q9NZL3
O43345	Q12901
O43345	Q9UK11
O43345	Q9UK13
O43345	P17098
O43345	Q8BGV5
O43345	Q9Z1D8
O43345	Q5SZT6
O43345	Q9Y2L8
O43345	Q96SZ4
O43345	Q6ZR52-2
O43345	P16372
O43345	A6NP11
O43345	A0A1W2PQL4
O43345	P0CB33
O43345	Q8TF32
O43345	Q03924
O43345	Q9H8G1
O43345	Q96H40
O43345	Q8NE65
O43345	Q49AA0
O43345	Q9EQB9
O43345	Q14593
O43345	Q2VY69
O43345	A2A761
O43345	Q9Y2P0
O43345	Q5U4E2
O43345	Q86TJ5
O43345	Q96NJ6
O43345	Q8BLB0
O43345	B7Z6K7
O43345	Q8TAU3
O43345	Q96SQ5
O43345	Q9H707
O43345	E7ETH6
O43345	Q08AN1
O43345	Q99676
O43345	Q7TMN8
O43345	Q7TSH9
O43345	B4DU55
O43345	E9Q1L8
O43345	Q8BI99
O43345	P58317
O43345	P52742
O43345	Q6P280
O43345	C9JN71
O43345	Q62396
O43345	Q5EBL2
O43345	Q9P0L1
O43345	Q6ZMS4
O43345	Q6ZMS4-2
O43345	Q0VDN8
O43345	Q8CJ78
O43345	Q13398
O43345	P17020
O43345	E9QAH2
O43345	Q923T4
O43345	Q8NEM1-2
O43345	Q3USU9
O43345	B8JJZ4
O43345	Q6ZMW2
O43345	A2AE21
O43345	Q3U4Z9
O43345	Q8NDQ6
O43345	Q8NDQ6-2
O43345	NP_001019902
O43345	Q68EA5
O43345	Q80XR7
O43345	Q60585
O43345	Q8N141
O43345	Q6P9Y7
O43345	Q9Y2G7
O43345	Q9UJL9
O43345	Q6ZNA1
O43345	Q6ZN19
O43345	Q6ZN19-3
O43345	P13682
O43345	O88412
O43345	Q6AZW8
O43345	A2ALW2
O43345	Q96MR9
O43345	Q06730-2
O43345	Q06732
O43345	Q06730
O43345	Q8N9F8
O43345	Q5NCH7
O43345	Q8TBZ5
O43345	O43309
O43345	Q96LW9
O43345	P0CG31
O43345	Q9HBT8
O43345	Q8C0E6
O43345	O95125
O43345	Q9UNY5
O43345	Q96IT1
O43345	Q8C879
O43345	Q6PAM4
O43345	Q9HBE1
O43345	Q9HBE1-2
O43345	Q9HBE1-3
O43345	Q5NBY9
O43345	Q9HBE1-4
O43345	P51523
O43345	Q15973
O43345	Q15973-4
O43345	Q5MCW4
O43345	Q80W31
O43345	Q3ZCX4
O43345	Q8BIB6
O43345	Q8N184
O43345	Q13106
O43345	Q6PCM4
O43345	Q640N4
O43345	A0A096MKA8
O43345	Q8WV37
O43345	Q8N9Z0
O43345	G5E8C8
O43345	P17027
O43345	Q3V1P9
O43345	Q8BIQ2
O43345	Q2M3X9
O43345	Q5JUW0
O43345	Q7Z398
O43345	A0A0G2JW15
O43345	Q6P8K5
O43345	A0A0J9YU71
O43345	Q86UE3
O43345	Q7M6X2
O43345	Q8N7M2
O43345	Q9Y2H8
O43345	XP_006241160
O43345	Q96PE6
O43345	Q494X3
O43345	Q9D654
O43345	Q6PF04
O43345	P17039
O43345	Q6PG37
O43345	Q969W8
O43345	Q8VCI1
O43345	XP_574335
O43345	Q9Z117
O43345	NP_001100938
O43345	Q9HCL3
O43345	P10755
O43345	NP_001094461
O43345	XP_038956768
O43345	E9PW05
O43345	Q6PGE4
O43345	Q6ZNG0
O43345	A6NFI3
O43345	NP_001101329
O43345	Q8BI73
O43345	Q499Z4
O43345	BAA95099
O43345	Q7Z7K2
O43345	Q8JZL0
O43345	Q5RJR4
O43345	Q5TEC3
O43345	Q96BV0
O43345	Q569E7
O43345	Q7L3S4
O43345	Q8BJ90
O43345	F1M1R7
O43345	Q6IV72
O43345	P17014
O43345	Q7TSI0
O43345	P17014-4
O43345	Q6DD87
O43345	Q8BIF9
O43345	O75123
O43345	Q6A033
O43345	Q96H86
O43345	P10075
O43345	Q6ZT77
O43345	Q86T29
O43345	Q8IVP9
O43345	Q8NHY6
O43345	P10078
O43345	Q96CX3
O43345	Q8TAF7
O43345	Q9HCZ1
O43345	A2A4U6
O43345	Q14584
O43345	Q61967
O43345	Q4V8A8
O43345	Q3ZCX4-3
O43345	Q8NDW4
O43345	Q6DFU8
O43345	Q2M3W8
O43345	Q9NR11
O43345	Q9NR11-2
O43345	Q96NI8
O43345	Q6ECI4
O43345	Q8NB42
O43345	Q7Z2F6
O43345	O75820
O43345	Q8BKP2
O43345	O75820-2
O43345	Q96ND8
O43345	Q3V080
O43345	Q16670
O43345	O43361
O43345	Q96MU6
O43345	F1MAP1
O43345	Q96NG8
O43345	Q8TF47
O43345	Q6P9A3
O43345	Q8N587
O43345	Q6V9R5
O43345	Q14587
O43345	P52736
O43345	Q6AYF3
O43345	P10077
O43345	Q52M93
O43345	Q6P3V2
O43345	Q9Y2P7
O43345	P15620
O43345	Q3KQV3
O43345	Q80V81
O43345	P10072
O43345	B1APH4
O43345	Q96IR2
O43345	Q9H963
O43345	Q8N782
O43345	Q7L2R6
O43345	Q6ZN06
O43345	Q5VIY5
O43345	P0CJ79
O43345	P17035
O43345	Q3UQL6
O43345	Q4V8J3
O43345	Q52L69
O43345	Q96N58
O43345	Q149T8
O43345	Q7TNU5
O43345	NP_001100942
O43345	A0A087WUV0
O43345	Q86XU0
O43345	Q8BZ89
O43345	Q6U7Q0
O43345	Q0VGE8
O43345	P51522
O43345	Q9BRH9
O43345	Q8N4W9
O43345	Q6ZNG1
O43345	A6NHJ4
O43345	Q96RE9-2
O43345	Q96RE9
O43345	Q3U2V8
O43345	Q76KX8
O43345	Q6PDB4
O43345	Q76KX8-2
O43345	Q3UPQ5
O43345	Q5HY98
O43345	Q9HCG1
O43345	P10751
O43345	Q9H7R5
O43345	Q9H7R5-2
O43345	Q09FC8
O43345	Q8BIQ3
O43345	J3QPC5
O43345	Q3MIS6
O43345	Q8NCK3
O43345	Q96LW1
O43345	O60765
O43345	Q9NQZ8
O43345	Q6ZN57
O43345	P08043
O43345	Q02975
O43345	Q61751
O43345	Q9QXT9
O43345	Q9BSK1
O43345	Q96BR6
O43345	Q8N883
O43345	Q9NYW8
O43345	A0A0A6YYG8
O43345	Q8BQC8
O43345	Q96NL3
O43345	Q5FWF6
O43345	Q80ZX2
O43345	Q7Z340
O43345	A2A799
O43345	Q6PDN1
O43345	XP_003086163
O43345	Q5U4A6
O43345	B9EKF4
O43345	Q3U133
O43345	Q75MW2
O43345	Q5M9F4
O43345	Q6NUN9
O43345	Q9UDV7
O43345	Q8BTW4
O43345	Q9UDV6
O43345	C9J9J2
O43345	Q6ZMS7
O43345	Q8TD17
O43345	E9Q569
O43345	G3V6U6
O43345	Q6P238
O43345	Q9ULD5-3
O43345	Q9ULD5
O43345	Q3UZY6
O43345	Q5FVJ1
O43345	Q8BKL7
O43345	O75467
O43345	Q6AW86
O43345	Q8N393
O43345	EDL88287
O43345	Q8BV42
O43345	Q96SR6
O43345	Q99PJ7
O43345	Q8BKK5
O43345	Q96CS4
O43345	A8K8V0
O43345	P0C7X2
O43345	P0C7X2-5
O43345	E9Q5M9
O43345	G3X9T2
O43345	XP_001476618
O43345	XP_003086594
O43345	XP_003086984
O43345	P52737
O43345	Q7L945
O43345	Q96I27-2
O43345	Q96I27
O43345	Q9HAH1
O43345	Q66L36
O43345	Q8N7K0
O43345	Q9H0M5
O43345	L7N267
O43345	A1L1L7
O43345	Q8R1D1
O43345	Q96JL9
O43345	Q9Y6R6
O43345	O75290
O43345	K7EJ45
O43345	Q86YE8
O43345	Q9ULM2
O43345	Q8BUQ3
O43345	Q6PFY2
O43345	P17031
O43345	Q8N972
O43345	Q3UVL3
O43345	Q8TBZ8
O43345	Q96JF6
O43345	Q96SE7
O43345	E9Q2M4
O43345	P17032
O43345	Q9BUY5
O43345	Q8N8J6-2
O43345	Q8N8J6
O43345	P17024
O43345	Q08AG5
O43345	Q6ZQV5
O43345	A6NDX5
O43345	F6VWU8
O43345	Q8BHK4
O43345	Q3UTQ6
O43345	E9Q4R5
O43345	Q5TYW1
O43345	Q4V348
O43345	Q3U4L8
O43345	A2AU83
O43345	O88553
O43345	Q5T5D7
O43345	Q9UJW8
O43345	Q8BJI2
O43345	Q9UJW8-2
O43345	Q7TSV0
O43345	Q8WXB4
O43345	Q2M218
O43345	Q7Z7L9
O43345	Q07230
O43345	F1M9Z0
O43345	Q9UEG4
O43345	Q6A085
O43345	D3ZJW5
O43345	Q3URI6
O43345	Q9BS34
O43345	Q8BJ45
O43345	A2A7V0
O43345	A2AWF2
O43345	P21506
O43345	P17030
O43345	Q8BIS1
O43345	Q6NX45
O43345	Q7Z3I7
O43345	A8MT65
O43345	Q9Y6Q3
O43345	P17141
O43345	Q06054
O43345	Q32P14
O43345	Q5U4F7
O43345	Q147U1
O43345	A2RRD8
O43345	Q5T619
O43345	D3Z0W3
O43345	XP_003086638
O43345	Q3TPQ7
O43345	Q91VL6
O43345	A2AQA1
O43345	Q4KL68
O43345	Q8N8Z8
O43345	Q8BZW4
O43345	Q6NVD6
O43345	Q91WM0
O43345	A2BG91
O43345	A2ART2
O43345	XP_038962022
O43345	E9QAG8
O43345	P15621
O43345	P17017
O43345	Q32M78
O43345	P17025
O43345	Q6P560
O43345	XP_001078417
O43345	XP_001076654
O43345	Q3KNS6-3
O43345	Q3KNS6
O43345	Q8NA42
O43345	Q13360
O43345	S4R3Q2
O43345	Q9Y2A4
O43345	P16415
O43345	Q9H7R0
O43345	Q8TA94
O43345	Q96GE5
O43345	A6NM28
O43345	Q6ZN11
O43345	Q96C28
O43345	Q13401
O43345	Q13401-3
O43345	Q8TC21
O43345	Q6ZN79
O43345	P0CH99
O43345	P0CI00
O43345	A8MUZ8
O43345	A8MWA4
O43345	Q8NCA9
O43345	Q8BI69
O43345	Q3KP31
O43345	XP_001487846
O43345	Q9BY31
O43345	Q86UD4
O43345	Q6GQR8
O43345	O15535
O43345	XP_226183
O43345	Q05C34
O43345	NP_001381950
O43345	Q8BI11
O43345	Q15935
O43345	Q9BS31
O43345	Q8VC29
O43345	Q9GZX5
O43345	G3X9G7
O43345	Q8N988
O43345	Q96NG5
O43345	A0A0J9YUW3
O43345	Q5CZA5
O43345	Q08ER8
O43345	Q5JVG2
O43345	Q8TAW3
O43345	Q8IVC4
O43345	P51814
O43345	P52738
O43345	Q8IZC7
O43345	Q3UQI7
O43345	Q0P5V5
O43345	Q96PQ6
O43345	Q02525
O43345	Q8NEP9
O43345	E9Q8G5
O43345	P51508
O43345	Q9Y473
O43345	Q8N859
Q969V3	Q969V3
Q969V3	Q5XIA1
Q969V3	Q8VCM8
Q969V3	Q969V3-2
O14617-5	O14617-5
O14617-5	O54774
O14617-5	B5DFK6
O14617-5	O14617-2
O14617-5	O14617
A1A4G5	A1A4G5
A8MXV4	A8MXV4
A8MXV4	Q6AYD9
A8MXV4	P11930
Q8CF66	Q8CF66
Q8CF66	D4AD29
Q8CF66	Q0VGL1
Q9P287-2	Q9P287-2
Q9P287-2	Q9CWI3
Q9P287-2	Q9P287
Q9P287-2	D3ZB65
O75204	O75204
O75204	Q8BGP5
P61011	P61011
P61011	P14576
P61011	Q6AYB5
P61011	P61011-2
Q8N5J4	Q8N5J4
Q8N5J4	NP_001101550
Q8N5J4	Q6P3D7
Q923Z4	Q923Z4
Q923Z4	Q96RJ6
Q923Z4	Q02577
Q923Z4	Q64221
Q923Z4	Q02575
Q923Z4	Q02576
P35442	P35442
P35442	Q03350
P35442	A0A0G2JV24
P35442	P35441
P35442	P07996
P35442	D4A2G6
P35442	P49744
P35442	P35443
P35442	Q9Z1T2
P35442	Q05895
P35442	P49746
P35442	P49747
P35442	Q9R0G6
P35442	P35444
Q9NQ76	Q9NQ76
Q9NQ76	Q8K4L6
Q9NQ76	Q9ES02
Q3TNH5	Q3TNH5
Q3TNH5	D3ZYE5
Q3TNH5	Q8WUF8
Q3TNH5	A6NC97
Q6NUQ1	Q6NUQ1
Q6NUQ1	Q8BZ36
Q6NUQ1	XP_038964480
Q3ZCQ3	Q3ZCQ3
Q3ZCQ3	Q8K064
Q8NCQ7	Q8NCQ7
Q8NCQ7	Q8NCQ7-2
Q8NCQ7	Q4V7B4
Q8NCQ7	B0QZF7
Q3ZLR7	Q3ZLR7
Q3ZLR7	P0C7V6
Q3ZLR7	Q8NEM7
Q3ZLR7	Q66HC7
Q3ZLR7	Q7TT00
Q3ZLR7	Q8NEM7-2
Q8WW38	Q8WW38
Q8WW38	Q8CCH7
Q8WW38	D4A0R1
Q8WW38	Q8IX07
Q8WW38	NP_001229556
Q8WW38	O35615
Q811W1	Q811W1
Q811W1	Q91ZF7
Q811W1	Q4LEZ3
A2AG06	A2AG06
A2AG06	A2RUB1
P26447	P26447
P26447	P29034
P26447	P07091
P26447	P05942
P26447	Q8WXG8
P26447	B9EJL3
P26447	P23297
P26447	P56565
P26447	P35467
P26447	P25815
P26447	P63083
P26447	P33763
P26447	P63084
P26447	P02634
P26447	P02633
P26447	P06703
P26447	P14069
P26447	P05964
P26447	P62819
P26447	P33764
P26447	P62818
P26447	P04271
P26447	P02638
P26447	P04631
P26447	P50114
Q92186	Q92186
Q92186	O35696
Q92186	Q92187
Q92186	Q64692
Q92186	Q07977
Q9DA04	Q9DA04
Q9DA04	A2RUT3
Q03426	Q03426
Q03426	Q9R008
Q03426	P17256
P70377-3	P70377-3
P70377-3	Q92913
P70377-3	P70377
P70377-3	Q92913-5
P70377-3	Q9ERW3-2
P70377-3	Q9ERW3
P70377-3	Q92913-3
P70377-3	Q92915-2
P70377-3	P61150
P70377-3	P70379
P70377-3	Q92914
P70377-3	P70378
P70377-3	P61329-2
P70377-3	Q8R5L8
P70377-3	Q8R5L7
P70377-3	P61329
P70377-3	P61328
P70377-3	Q92915
Q8CF41	Q8CF41
Q3TYW4	Q3TYW4
A2BE28	A2BE28
A2BE28	Q9Y4W2
A2BE28	Q9Y4W2-2
A2BE28	F7FJR8
P55001	P55001
P55001	P55002
Q9WTQ0	Q9WTQ0
Q9WTQ0	Q04759
Q9WTQ0	Q02111
Q9WTQ0	P28867-2
Q9WTQ0	P28867
Q9WTQ0	P09215
Q9WTQ0	Q05655-2
Q9WTQ0	Q05655
D3ZZZ5	D3ZZZ5
D3ZZZ5	Q8BZB2
D3ZZZ5	Q96CD2
Q5FWS6	Q5FWS6
Q5FWS6	Q69ZS8-2
Q5FWS6	Q674X7-3
Q5FWS6	Q674X7
Q5FWS6	Q69ZS8
D3ZZY4	D3ZZY4
D3ZZY4	Q8N4H5
D3ZZY4	B1AXP6
Q32PZ3	Q32PZ3
Q32PZ3	Q99KD5
Q32PZ3	Q9H3U1
Q32PZ3	Q9H3U1-2
Q32PZ3	Q8CGY6
Q32PZ3	Q8IWX7
Q5M971	Q5M971
Q5M971	Q13015
Q5M971	P97783
Q6AYP2	Q6AYP2
Q6AYP2	Q9D3X9
Q6AYP2	O75121
Q6AYP2	P55082
Q6AYP2	P55082-2
Q6AYP2	Q6AYF7
Q6AYP2	Q922T2
O14578-4	O14578-4
O14578-4	O14578
O14578-4	P49025
O14578-4	E9PSL7
O14578-4	P54265
O14578-4	Q09013-15
O14578-4	Q09013
O14578-4	O14578-3
O14578-4	Q91VJ4
O14578-4	Q15208
O14578-4	Q7TSE6
O14578-4	G3V9Q4
O14578-4	A4GW50
O14578-4	Q9Y2H1
A6NJ78	A6NJ78
A6NJ78	Q9DCL4
A6NJ78	F7F172
A6NJ78	P0C7V9
Q86VN1	Q86VN1
Q86VN1	Q91XD6
Q86VN1	P0C0A2
NP_001178552	NP_001178552
NP_001178552	O43379
NP_001178552	O43379-2
NP_001178552	O43379-4
NP_001178552	Q3U3T8
NP_001178552	O60336
NP_001178552	D3ZSY0
NP_001178552	Q6NS57
Q9UBM1-2	Q9UBM1-2
Q9UBM1-2	Q61907
Q9UBM1-2	Q08388
Q9UBM1-2	Q9UBM1
P47964	P47964
P47964	Q9Y3U8
P47964	P39032
Q7Z6V5	Q7Z6V5
Q7Z6V5	Q6P6J0
Q96MS3	Q96MS3
Q96MS3	A4FUP9
Q3TQ28	Q3TQ28
XP_001072303	XP_001072303
Q6UXP3	Q6UXP3
Q6UXP3	Q924P2
Q6UXP3	Q9P0S9
Q6UXP3	Q9CQN6
Q6UXP3	A8MWL7
Q6UXP3	Q9NUH8
Q9DAQ4	Q9DAQ4
Q9DAQ4	Q6AXP4
Q9DAQ4	A6NN90
Q8BG50	Q8BG50
Q8BG50	Q96HH4
Q68FQ9	Q68FQ9
Q68FQ9	Q9JJK2
Q68FQ9	Q9NS86
Q68FQ9	O89112
Q68FQ9	O43813
Q68FQ9	Q9QX69
Q68FQ9	Q6ZV70
Q68FQ9	Q8CD19
P62310	P62310
P62310	P62311
P62310	D4A7U6
P62310	P62322
P62310	Q9Y4Y9
P62310	D3ZBJ0
P62310	B5DES0
P62310	P62316
P62310	P62317
Q9D9G2	Q9D9G2
Q9D9G2	Q96S96
Q9D9G2	P70296
Q9D9G2	Q8VIN1
Q9D9G2	P30086
Q9D9G2	P31044
D3ZM61	D3ZM61
D3ZM61	Q6YND2
D3ZM61	Q96CK0
Q9H6E4	Q9H6E4
Q9H6E4	Q8C7V8
Q9H6E4	Q5M862
XP_038943342	XP_038943342
XP_038943342	A2A653
XP_038943342	Q12830
XP_038943342	Q12830-2
XP_038943342	Q12830-4
XP_038943342	F1N3U7
XP_038943342	A2A654
XP_038943342	E9Q6A7
XP_038943342	Q9H5E0
Q5XIT9	Q5XIT9
Q5XIT9	Q9HCC0-2
Q5XIT9	Q9HCC0
Q5XIT9	Q3ULD5
Q5XIT9	P05166-2
Q5XIT9	P07633
Q5XIT9	Q99MN9
Q5XIT9	P05166
D4ADF6	D4ADF6
D4ADF6	Q80U44
D4ADF6	Q7Z3T8
D4ADF6	O95405
D4ADF6	NP_001101422
D4ADF6	A2A8R0
Q9NX08	Q9NX08
Q9NX08	Q9CZG3
Q9NX08	B0K015
Q8BJI4	Q8BJI4
Q8BJI4	P78424
Q8BJI4	NP_001094472
Q8BJI4	P56223
Q8BJI4	Q14863
Q8BJI4	Q07916
Q99766	Q99766
Q99766	Q5XIM4
Q99766	Q9CRA7
Q99766	P22027
P97520	P97520
P97520	Q3TZ86
P97520	P30993
P97520	P21730
P97520	Q8BW93
P97520	Q695P6
P97520	Q9P296
P97520	O88416
P97520	Q49SQ1
Q925Q3	Q925Q3
Q925Q3	Q6J4K2
Q925Q3	Q6AXS0
Q96EU7	Q96EU7
Q96EU7	XP_001054268
Q96EU7	Q9JMG2
Q96EU7	Q499P3
Q96EU7	P0DN25
Q9BS26	Q9BS26
Q9BS26	Q9D1Q6
Q9BS26	Q5VLR5
P22392-2	P22392-2
P22392-2	P19804
P22392-2	Q99NI1
P22392-2	Q05982
P22392-2	P15532
P22392-2	P15531-2
P22392-2	P15531
P22392-2	O60361
P22392-2	Q13232
P22392-2	Q01768
P22392-2	Q9WV85
P22392-2	P22392
P22392-2	O00746
P22392-2	Q9WV84
P22392-2	P56597
P22392-2	Q99MH5
Q6ZR85	Q6ZR85
Q6ZR85	J3QJW4
Q9NSI5	Q9NSI5
Q9NSI5	Q7TSN7
Q9NSI5	Q5VJ70
Q8N371	Q8N371
Q8N371	Q9CXT6
Q8N371	Q497B8
Q9D8M3	Q9D8M3
Q9D8M3	Q6P1K1
Q9D8M3	B0BNL4
O95988	O95988
O95988	P56280
O95988	P56279
O95988	P56278
O95988	Q60945
Q8NCQ2	Q8NCQ2
Q8WXC6-1	Q8WXC6-1
Q8WXC6-1	Q3U898
Q8WXC6-1	Q8WXC6
Q8WXC6-1	B5DFN0
Q9CQM0	Q9CQM0
Q9CQM0	Q9BSH3
Q9CQM0	Q3T1K9
D3ZF11	D3ZF11
D3ZF11	O43504
D3ZF11	Q9D1L9
D3ZF11	G3UW70
Q9NR46-2	Q9NR46-2
Q9NR46-2	Q8R3V5
Q9NR46-2	Q9NR46
Q9NR46-2	Q5PPJ9
Q9NR46-2	Q9Y371-2
Q9NR46-2	Q9Y371
Q9NR46-2	Q9JK48
Q9NR46-2	Q6AYE2
M0R8L5	M0R8L5
M0R8L5	J3QNP2
M0R8L5	P0DKX4
Q96EI5-2	Q96EI5-2
Q96EI5-2	Q9H3H9
Q96EI5-2	Q96EI5
Q96EI5-2	Q5H9L2
Q96EI5-2	M0RDJ7
Q96EI5-2	Q8R0A5
Q96EI5-2	Q969E4
Q96EI5-2	M0RBL8
Q96EI5-2	Q9DB24
Q96EI5-2	Q8CCT4
Q96EI5-2	Q6IPX3
P55265-4	P55265-4
P55265-4	P55265-5
P55265-4	P55265-2
P55265-4	P55265
P55265-4	Q99MU3
P55265-4	P55266
P55265-4	P78563-5
P55265-4	Q91ZS8
P55265-4	P78563
P55265-4	P51400
P55265-4	NP_001104527
P55265-4	P97616
P55265-4	Q9NS39
P55265-4	Q9JI20
P60174-3	P60174-3
P60174-3	P17751
P60174-3	P60174
P60174-3	P48500
Q9NYG2-2	Q9NYG2-2
Q9NYG2-2	Q2TGK3
Q9NYG2-2	Q9NYG2
Q9NYG2-2	Q8R173
Q9NYG2-2	Q923G5
Q9NYG2-2	Q91WU6
Q9NYG2-2	Q9NXF8
Q925U0	Q925U0
Q925U0	A8MZH6
Q925U0	G5E8D7
P78314-4	P78314-4
P78314-4	F1LS93
P78314-4	P78314-3
P78314-4	P78314
P78314-4	Q06649
P78314-4	F1ND54
Q96MV8-2	Q96MV8-2
F1N0C3	F1N0C3
F1N0C3	D3ZBW3
F1N0C3	A2A8U2
F1N0C3	Q5SNT2
P15927-3	P15927-3
P15927-3	P15927
P15927-3	Q62193
P15927-3	Q63528
P15927-3	Q13156
BX248123	BX248123
Q9NZ09-4	Q9NZ09-4
Q9NZ09-4	Q8BH48
Q9NZ09-4	Q9NZ09
Q9NZ09-4	Q5XIS7
A5PLN9-5	A5PLN9-5
A5PLN9-5	Q5M887
A5PLN9-5	A5PLN9
A5PLN9-5	Q3TIR1
Q6Q1P3	Q6Q1P3
Q6Q1P3	Q6VV64
Q6Q1P3	Q7Z418
Q5HZW7	Q5HZW7
Q5HZW7	Q8VEN2
Q5HZW7	Q6UQ28
Q99LC2	Q99LC2
Q99LC2	Q05048
Q99LC2	Q5BJQ6
O75821	O75821
O75821	Q5RK09
O75821	Q9Z1D1
O75821	Q3ZC12
P21817	P21817
P21817	E9PZQ0
P21817	B0LPN4
P21817	Q92736-2
P21817	F1PEE8
P21817	Q92736
P21817	E9Q401
P21817	F1LMY4
P21817	P30957
P21817	P11716
P21817	Q15413
P21817	A2AGL3
P08955	P08955
P08955	D4A8A0
P08955	P27708
P08955	B2RQC6
P08955	F6S3Z3
P08955	P31327-3
P08955	P31327
P08955	P07756
P08955	Q8C196
E9PUQ5	E9PUQ5
E9PUQ5	Q921M4
E9PUQ5	Q921M4-2
E9PUQ5	B7ZC06
E9PUQ5	Q08379
E9PUQ5	Q62839
E9PUQ5	Q9NYA3
E9PUQ5	P0CG33
E9PUQ5	A6NDK9
E9PUQ5	A6NDN3
Q96RU3	Q96RU3
Q96RU3	Q80TY0-3
Q96RU3	Q80TY0
Q96RU3	E9PGQ4
Q96RU3	Q96RU3-2
Q96RU3	NP_001193641
Q96RU3	Q8R511
Q96RU3	Q80TY0-4
Q96RU3	Q8CJ53
Q96RU3	Q15642-3
Q96RU3	P97531
Q96RU3	Q15642-2
Q96RU3	Q15642
Q96RU3	Q5T0N5
Q96RU3	Q5T0N5-4
Q96RU3	Q5T0N5-2
Q96RU3	Q2HWF0
Q96RU3	Q8K012
P81534	P81534
P81534	Q32ZH7
P81534	O15263
P13439	P13439
P13439	P11172
P13439	Q4QQS7
Q9UGH3	Q9UGH3
Q9UGH3	Q9EPR4
Q9UGH3	Q9WTW8
Q9UGH3	Q9Z2J0
Q9UGH3	Q9UHI7-2
Q9UGH3	Q9WTW7
Q9UGH3	Q9UHI7
Q9UGH3	Q60850
Q9UGH3	Q6PIS1
Q86W92	Q86W92
Q86W92	Q86W92-3
Q86W92	Q86W92-4
Q86W92	Q86W92-2
Q86W92	Q8C8U0
Q86W92	F6YZ95
Q86W92	NP_001101366
Q86W92	O35711
Q86W92	Q8ND30-3
Q86W92	Q5UDQ9
Q86W92	Q8ND30
Q8BUH1	Q8BUH1
Q8BUH1	Q9NX01
Q8BUH1	P83877
Q8BUH1	D3ZSW5
Q8BUH1	P83876
Q8R4Y4	Q8R4Y4
Q8R4Y4	Q9NY15
Q8R4Y4	Q0D2K5
Q8R4Y4	Q8R4U0
Q8R4Y4	Q8CFM6
Q8R4Y4	Q8WWQ8
Q9JHS4	Q9JHS4
Q9JHS4	O76031
Q9JHS4	Q5U2U0
Q14896	Q14896
Q14896	O70468
Q14896	P56741
Q14896	D3ZA38
Q14896	Q5XKE0
Q14896	Q14324
Q14896	NP_001094228
Q14896	G0YZM8
Q14896	Q6P6L5
Q14896	Q00872
Q14896	Q00872-2
Q14896	Q00872-5
Q14896	Q00872-7
Q14896	O88599
Q14896	Q5PQM4
Q14896	A2RUH7
Q14896	Q5FW53
Q14896	Q13203
Q14896	P70402
Q8WUA2	Q8WUA2
Q8WUA2	D4AEG3
Q8WUA2	Q9CXG3
Q8WUA2	Q6UX04
Q8WUA2	Q3TKY6
Q8WUA2	Q5XIB2
Q4VC33	Q4VC33
Q4VC33	Q7L5Y9
Q4VC33	Q5RKJ1
Q4VC33	Q7L5Y9-2
Q80U63	Q80U63
Q80U63	Q8IWA4
Q80U63	Q8R500
Q80U63	Q8R4Z9
Q80U63	O95140
Q80U63	Q811U4
Q8N157	Q8N157
Q8N157	Q8K3E5
Q8N157	Q6DTM3
Q5DU14	Q5DU14
Q5DU14	Q9ERC1
Q5DU14	Q9Y6X6
Q5DU14	Q8BM65-4
Q5DU14	Q8BM65
Q5DU14	Q8BM65-2
Q5DU14	Q8BM65-5
Q5DU14	XP_237329
Q5DU14	Q9P242
Q5DU14	Q6ZVC0-2
Q5DU14	Q6ZVC0
Q5DU14	D3ZDP7
Q5DU14	Q6PFX7
Q9D1Q1	Q9D1Q1
Q9D1Q1	Q99547
Q9D1Q1	XP_234352
Q9D1Q1	B2RYS3
Q3TTY0	Q3TTY0
Q3TTY0	O54728
Q3TTY0	Q6P1J6
A4D1S0	A4D1S0
A4D1S0	D4A3B8
A4D1S0	Q3UM83
Q9Y2P5	Q9Y2P5
Q9Y2P5	Q4LDG0
Q9Y2P5	Q14C57
Q9Y2P5	Q9ES38
Q9Y2P5	Q5K4L6
Q9Y2P5	O88561
Q9Y2P5	NP_001099909
Q9Y2P5	P97849
Q9Y2P5	Q6PCB7
Q9Y2P5	Q60714
Q9Y2P5	Q91VE0
Q9Y2P5	G3V7V3
Q9Y2P5	Q6P1M0
Q9Y2P5	O35488
Q9Y2P5	O14975
Q9Y2P5	P97524
Q9Y2P5	Q9Y2P4
Q9Y2P5	E9Q9W4
Q924A2	Q924A2
Q924A2	Q924A2-2
Q924A2	NP_001100960
Q924A2	Q96RK0
Q96ES7	Q96ES7
Q96ES7	Q9DA08
Q96ES7	P0C606
Q9H1P6	Q9H1P6
Q9H1P6	D4A8H6
Q9H1P6	Q9DA42
O43247	O43247
O43247	Q9D9J2
Q9Y6J8	Q9Y6J8
Q99J23	Q99J23
Q99J23	Q8N2G8
Q99J23	D3ZX06
Q8TCG2	Q8TCG2
Q8TCG2	Q5XIL2
Q8TCG2	Q8CBQ5
Q8TCG2	Q2TBE6
Q8TCG2	Q99M64
Q8TCG2	Q9BTU6
Q3KNS1	Q3KNS1
Q3KNS1	Q0EEE2
Q3KNS1	M0R3Q7
P59797	P59797
P59797	Q5FWB9
P59797	P63301
P59797	P63302
P59797	P63300
XP_235972	XP_235972
XP_235972	Q6NUT2
XP_235972	Q6NXN4
XP_235972	Q6ZN68
XP_235972	P0CW70
XP_235972	A6X919
XP_235972	Q2PZI1
XP_235972	D4AD75
A2ABV5	A2ABV5
A2ABV5	O60244
A2ABV5	D4A020
O08878	O08878
O08878	Q8BMP4
O08878	Q99527
Q6ZVT6	Q6ZVT6
Q6ZVT6	Q4V7B1
Q6ZVT6	Q6P2K3
P97500	P97500
P97500	P70475
P97500	Q9UL68-2
P97500	Q9UL68
P97500	Q8CFC2
P97500	Q01538
P97500	O60284
P97500	Q9QX27
P97500	Q80TY4
Q9JM98	Q9JM98
Q9JM98	Q9P2S5
Q9JM98	Q641Y4
Q9QZ49	Q9QZ49
Q9QZ49	O00124
Q9QZ49	NP_001099556
Q0VET5	Q0VET5
Q0VET5	Q8IXW0
Q0VET5	EDM11994
Q8CHS4	Q8CHS4
Q8CHS4	Q9NUJ7
Q8CHS4	B2RXA1
Q8CHS4	Q0VAA5
Q8CHS4	Q8BLJ3
Q8CHS4	Q63HM9
Q8CHS4	D4A1H2
O35454	O35454
O35454	P51797
O35454	D4A3H5
O35454	P51798
O35454	P51799
O35454	O70496
O35454	P51798-2
Q1ERP8-2	Q1ERP8-2
Q1ERP8-2	Q1ERP8
Q1ERP8-2	Q6UXG3
Q1ERP8-2	Q6UXG3-2
Q1ERP8-2	Q496F6
Q1ERP8-2	Q8K249
Q9Y237-2	Q9Y237-2
Q9Y237-2	Q9Y237
Q9Y237-2	Q9CWW6
Q9Y237-2	M0RCP9
Q8K4B7	Q8K4B7
Q8K4B7	Q8VHG0
Q8K4B7	P50285
Q8K4B7	P36365
Q8K4B7	Q01740
Q8K4B7	P31512
Q8K4B7	P97872
Q8K4B7	Q8K2I3
Q8K4B7	Q99518
Q8K4B7	Q6IRI9
Q8K4B7	D3ZD07
Q8K4B7	P49326
Q8K4B7	Q8K4C0
Q8K4B7	P49326-3
Q8K4B7	Q14DT3
Q8K4B7	B2RWH8
Q8K4B7	D4A6T0
Q8K4B7	P97501
Q8K4B7	P31513
Q8K4B7	O60774
Q8K4B7	M0R553
Q8K4B7	J3QMN6
Q8K4B7	Q9EQ76
Q6UPE0	Q6UPE0
Q6UPE0	Q8BJ64
Q6UPE0	Q8NE62
P61354	P61354
P61354	P61353
P61354	P61358
P61480	P61480
P61480	Q9JJA4
P61480	Q9GZL7
A6NF36	A6NF36
A6NF36	Q9D9C6
Q8NHH1	Q8NHH1
Q8NHH1	A4Q9F4
Q8NHH1	Q8NHH1-2
D3ZD82	D3ZD82
D3ZD82	P60904
D3ZD82	Q9H3Z4-2
D3ZD82	P60905
D3ZD82	Q9UF47
D3ZD82	Q9CQ94
D3ZD82	Q9H3Z4
D3ZD82	Q8N7S2
D3ZD82	Q5XIK9
Q96FC9	Q96FC9
Q96FC9	A8MPP1
Q96FC9	Q92771
Q96FC9	Q96FC9-2
Q96FC9	A0A0G2K8J3
Q96FC9	Q6AXC6
Q9P266	Q9P266
Q9P266	XP_001056659
Q9P266	Q5DTX6
P31040	P31040
P31040	Q0QF01
P31040	Q8K2B3
P31040	Q920L2
Q2TBA3	Q2TBA3
Q2TBA3	XP_003751846
Q2TBA3	Q9UDY8
Q2TBA3	Q9UDY8-2
Q99LI9	Q99LI9
Q99LI9	Q92989
Q99LI9	Q5PQL4
Q8BHT7	Q8BHT7
Q8BHT7	Q92546
Q8BHT7	D4A196
Q8BJ37	Q8BJ37
Q8BJ37	Q9NUW8
Q8BJ37	Q4G056
Q9EQS0	Q9EQS0
Q9EQS0	Q93092
Q9EQS0	P37837
Q9EP89	Q9EP89
Q9EP89	P83111
Q9EP89	D3ZFJ6
Q60710	Q60710
Q60710	Q9Y3Z3
Q60710	NP_001178672
Q9NWX5	Q9NWX5
Q9NWX5	Q91ZU1
Q9NWX5	XP_006233974
Q9NWX5	Q9NWX5-2
Q9H9V9	Q9H9V9
Q9H9V9	Q8BFT6
Q9H9V9	D4A029
Q9H9V9	Q6NYC1-3
Q9H9V9	Q6NYC1
Q9H9V9	Q6AYK2
Q9H9V9	Q9ERI5
Q9H095	Q9H095
Q9H095	Q5PQQ6
Q9H095	Q80W32
Q9UQ80	Q9UQ80
Q9UQ80	Q6AYD3
Q9UQ80	P50580
Q9BWJ5	Q9BWJ5
Q9BWJ5	D4A5T1
Q9BWJ5	Q923D4
Q6NXE6	Q6NXE6
Q6NXE6	F7F1L0
Q6NXE6	Q8BNU0
Q9Y546	Q9Y546
Q9Y546	Q4KM95
Q9Y546	Q8R2U7
A2ARP1	A2ARP1
A2ARP1	Q6PFW1-2
A2ARP1	P0C644
A2ARP1	Q6PFW1
A2ARP1	XP_038940800
A2ARP1	E9Q9J4
A2ARP1	Q6ZQB6
A2ARP1	O43314
Q09M02	Q09M02
Q09M02	Q8NDL9
Q09M02	B2GV17
Q9D2E2	Q9D2E2
Q9D2E2	D4A5W0
Q9D2E2	Q96GM8
Q8N1X5	Q8N1X5
Q920Q4	Q920Q4
Q920Q4	Q9H269
Q920Q4	Q642A9
Q7Z6J8	Q7Z6J8
Q7Z6J8	Q3T1H6
Q7Z6J8	Q8BX13
Q8C092	Q8C092
Q8C092	D3ZH66
Q8C092	Q15542
Q8C092	O75529
Q8C092	B1H284
Q8C092	Q91WQ5
Q8C092	O14775
Q8C092	P62881
Q8C092	P62882
Q8C092	P16520
Q8C092	P54313
Q8C092	P54311
Q8C092	P62874
Q8C092	P62873
Q8C092	P62880
Q8C092	P62879
Q8C092	P52287
Q8C092	P29387
Q8C092	Q9HAV0
Q8C092	Q61011
Q8C092	O35353
Q8C092	D3Z757
Q8C092	Q86TI4
Q8C092	Q5JTN6
Q8C092	Q9D994
Q80V63	Q80V63
Q80V63	Q9UKN5
Q80V63	Q9QZP2
P08081	P08081
P08081	P09496-2
P08081	P09496
P08081	P04973
P08081	O08585
P08081	P09497
P08081	P09497-2
P08081	Q6IRU5
P08081	P08082
P08081	P04975
D4A411	D4A411
D4A411	B2RRD7
D4A411	P55201
D4A411	P55201-4
D4A411	P55201-2
D4A411	B2KF05
D4A411	Q9ULD4
D4A411	O95696-2
D4A411	G5E8P1-2
D4A411	G5E8P1
D4A411	O95696
D4A411	XP_235552
D4A411	D3ZMD3
D4A411	XP_006232363
D4A411	Q6IE81
D4A411	Q6ZPI0
D4A411	Q6IE81-3
D4A411	Q6ZQF7
D4A411	Q9NQC1
D4A411	Q9NQC1-2
D4A411	G3V9F5
D4A411	NP_001258194
D4A411	Q6IE82
D4A411	Q92613
Q0VG85	Q0VG85
XP_002729648	XP_002729648
XP_002729648	XP_003085546
XP_002729648	XP_003085554
XP_002729648	Q8CDI3
XP_002729648	Q68DN1
Q4QQS8	Q4QQS8
Q4QQS8	Q9BW27
Q4QQS8	Q8R480
O88794	O88794
O88794	Q91XF0
O88794	Q9NVS9
O88794	Q9NVS9-2
P70562	P70562
P70562	Q9QYC3
P70562	Q7RTS1
Q9BXW9-1	Q9BXW9-1
Q9BXW9-1	Q9BXW9
Q9BXW9-1	Q6IV68
Q9BXW9-1	Q80V62
Q9BXW9-1	Q9BXW9-3
Q9BXW9-1	Q68Y81
P41123	P41123
P41123	P47963
P41123	P26373
G3V6K4	G3V6K4
G3V6K4	Q80T85
G3V6K4	Q96JK2
G3V6K4	Q96JK2-2
B5DFK5	B5DFK5
B5DFK5	Q9JKY5
B5DFK5	O75146
B5DFK5	O00291
B5DFK5	Q8VD75
B5DFK5	G3V8Y8
Q9H857-2	Q9H857-2
Q9H857-2	Q6Q0N3
Q9H857-2	Q91X76
Q9H857-2	Q9H857
Q9H857-2	Q86UY8
Q9H857-2	NP_001128359
Q9H857-2	Q3UHB1
P01556	P01556
D4A2V6	D4A2V6
D4A2V6	Q96MG2
D4A2V6	Q3MI48
Q3T921	Q3T921
Q3T921	Q9R0G7
Q3T921	O60315
Q3T921	P37275-2
Q3T921	P37275
Q3T921	Q64318
Q3T921	Q62947
E9Q1K0	E9Q1K0
E9Q1K0	Q3ZT31
E9Q1K0	Q9H3E2
O95071	O95071
O95071	Q80TP3
O95071	XP_001061308
O95071	F1N0L2
Q9Y230	Q9Y230
Q9Y230	NP_001020576
Q9Y230	Q9WTM5
Q9Y230	P60122
Q9Y230	Q9Y265-2
Q9Y230	Q9Y265
Q9Y230	P60123
Q8K4G5	Q8K4G5
Q8K4G5	Q3KR72
Q8K4G5	O14639
Q8K4G5	Q8K4G5-2
Q8K4G5	Q3UP03
Q8K4G5	O14639-2
Q8K4G5	O14639-3
Q8K4G5	O14639-5
Q8K4G5	O94929
Q8K4G5	Q69ZX8
Q8K4G5	O94929-3
Q8K4G5	O94929-4
Q8K4G5	O94929-2
Q8K4G5	NP_001178627
Q8K4G5	Q6H8Q1-9
Q8K4G5	Q6KC51
Q8K4G5	Q6H8Q1-3
Q8K4G5	Q8BL65
Q8K4G5	Q6H8Q1
Q8K4G5	Q8BL65-4
Q8K4G5	Q9WV69
Q8K4G5	Q08495-2
Q8K4G5	Q08495
Q8K4G5	NP_001381675
Q8K4G5	NP_001381676
Q8K4G5	Q9WV69-2
P22102	P22102
P22102	P22102-2
P22102	Q64737
P22102	G3V918
Q63802	Q63802
Q63802	P47810
Q63802	P30291
Q63802	Q66JT0
Q63802	P0C1S8
Q63802	A4PES0
Q63802	XP_578249
Q63802	P47817
O00244	O00244
O00244	O08997
O00244	Q9WUC4
Q8BMD5	Q8BMD5
Q8BMD5	Q9BWV3
Q8BMD5	P32321-2
Q8BMD5	P32321
Q8BMD5	Q8K2D6
Q8BMD5	Q5M9G0
Q6ZQ29	Q6ZQ29
Q6ZQ29	Q6ZQ29-2
Q6ZQ29	Q9JLS3
Q6ZQ29	Q8BYC6
Q6ZQ29	Q9H2K8
Q6ZQ29	Q53UA7
Q6ZQ29	Q9UL54
Q6ZQ29	Q9UL54-2
Q6ZQ29	Q9JLS3-2
Q6ZQ29	O88664
Q6ZQ29	Q7L7X3-3
Q6ZQ29	Q5F2E8
Q6ZQ29	Q7L7X3
Q6ZQ29	Q99JP0_VAR_P874R
Q6ZQ29	Q8IVH8-2
Q6ZQ29	Q8IVH8-3
Q6ZQ29	Q924I2
Q6ZQ29	Q99JP0
Q6ZQ29	Q8IVH8
Q6ZQ29	Q8BPM2
Q6ZQ29	F1N2U3
Q6ZQ29	NP_001178945
Q6ZQ29	Q9Y4K4
Q6ZQ29	XP_006230815
Q6ZQ29	Q61161
Q6ZQ29	Q12851
Q8K2J9	Q8K2J9
Q8K2J9	P58545
Q8K2J9	Q9Y2F9
Q8K2J9	Q96KE9
Q8K2J9	F1M7U0
Q8K2J9	Q9BX70
Q8K2J9	Q5RKI2
Q8K2J9	P58544
Q8K2J9	E9PUS2
Q8K2J9	Q9H0C5-2
Q8K2J9	Q9H0C5
Q9BSJ5	Q9BSJ5
Q9BSJ5	Q6PIX9
Q9BSJ5	NP_001380837
Q4KKZ1	Q4KKZ1
Q4KKZ1	Q8N1D5
Q4AC94	Q4AC94
Q4AC94	D3ZS69
Q4AC94	Q52KB6
Q5TAH2	Q5TAH2
Q6P050	Q6P050
Q8NFM7	Q8NFM7
Q8NFM7	Q8JZL1
Q8BP27	Q8BP27
Q8BP27	Q6TXG9
Q8BP27	Q86XK3-2
Q8BP27	Q86XK3
Q8IVV7	Q8IVV7
Q8IVV7	Q9CPY6
P48200	P48200
P48200	P21399
P48200	Q01059
P48200	Q63270
P48200	Q62751
P48200	P28271
P48200	Q811J3
P82673	P82673
P82673	Q8BJZ4
P82673	D4A9Z6
Q8K2M0	Q8K2M0
Q8K2M0	Q96DV4
Q8K2M0	Q5PQN9
O88472	O88472
O88472	Q02223
O95149	O95149
O95149	Q68FP5
O95149	Q80W37
O09046	O09046
O09046	Q96RQ9-2
O09046	Q96RQ9
O09046	F1LUP3
O09046	Q9CUM6
O09046	Q8VEN4
O09046	B5DEI2
O43663	O43663
O43663	Q99K43
O43663	O43663-3
O43663	A0A8I6APJ5
O43663	O43663-2
Q9Z0E3	Q9Z0E3
Q9Z0E3	O43918
Q810V0	Q810V0
Q810V0	G3V968
Q810V0	O00566
O88307	O88307
O88307	Q92673
O88307	P0DSP1
Q91YT0	Q91YT0
Q91YT0	P49821
Q91YT0	Q5XIH3
P41250	P41250
P41250	Q5I0G4
P41250	Q9CZD3
P23906	P23906
P23906	P14316
P23906	Q0PXQ8
P23906	P15314
P23906	P10914
P23906	P23570
Q3U5F4	Q3U5F4
Q3U5F4	Q86U90
Q3U5F4	Q499R4
Q9EPS3	Q9EPS3
Q9EPS3	D3ZIK0
Q9EPS3	O94923
O15234	O15234
O15234	Q8K3X0
O15234	Q8K3W3
Q16363	Q16363
Q16363	P97927
Q9BX26	Q9BX26
Q9BX26	Q9CUU3
Q9BX26	O70608
Q8CIX8	Q8CIX8
Q8CIX8	Q5TDP6
Q8CIX8	Q7TT51
Q08378	Q08378
Q08378	Q08378-2
Q08378	P55937
Q08378	D3ZLD5
Q96QC0	Q96QC0
Q96QC0	Q80W00
Q96QC0	O55000
Q96QC0	Q811B5
Q96QC0	P79522-2
Q96QC0	Q6MG07
Q96QC0	P79522
P13667	P13667
P13667	P38659
P13667	P08003
P13667	D3Z9K7
P13667	Q13087
P13667	D3Z6P0
P13667	P04785
P13667	P09103
P13667	P07237
P13667	Q8NBS9
P13667	Q8NBS9-2
P13667	Q91W90
P13667	D3ZZC1
P13667	P27773
P13667	P30101
P13667	P11598
Q80Z96	Q80Z96
Q80Z96	Q8TAA9-2
Q80Z96	Q8TAA9
Q80Z96	D3ZKC8
Q80Z96	Q9ULK5
Q80Z96	P84889
Q80Z96	Q91ZD4
Q9JHS9	Q9JHS9
Q9JHS9	Q9P013
Q9JHS9	D3ZS22
Q9JHS9	Q5BJP2
Q8NEG2	Q8NEG2
Q8NEG2	Q5SS90
Q8BMI0	Q8BMI0
Q8BMI0	D3ZIK8
Q8BMI0	Q6PIJ6
Q13127	Q13127
Q13127	Q8VIG1
Q13127	O54963
Q6SJQ0	Q6SJQ0
Q6SJQ0	Q7TSN2
Q6SJQ0	A0A0K2S4Q6
Q6SJQ0	A0A0K2S4Q6-2
Q6SJQ0	A2A7V7
Q6SJQ0	A2TGX5
Q6SJQ0	Q9UGN4
Q6SJQ0	Q08708
Q6SJQ0	A8K4G0
Q9DB00	Q9DB00
Q9DB00	Q535K8
Q9DB00	Q3T8J9
Q9DB00	Q9H869-2
Q9DB00	Q3T8J9-3
Q9DB00	Q3T8J9-2
Q9DB00	Q9H869
Q3UZ18	Q3UZ18
Q3UZ18	XP_001056157
Q3UZ18	Q659A1
Q96NB3	Q96NB3
Q96NB3	Q8R1N0
Q96NB3	Q3MHS2
Q80V31	Q80V31
Q80V31	D3Z8X7
Q80V31	O60308
E9Q3L2	E9Q3L2
E9Q3L2	O08662
E9Q3L2	P42356
E9Q3L2	A4QPH2
E9Q3L2	Q8N8J0
P47962	P47962
P47962	P46777
P47962	P09895
Q9DA37	Q9DA37
Q9DA37	Q96LT4
Q9DA37	Q8VCQ6
Q9DA37	Q86VZ5
Q9DA37	Q7TSX5
Q9DA37	Q4JM44
Q9DA37	Q9D4B1
Q9DA37	Q8NHU3
Q5MIZ7	Q5MIZ7
Q5MIZ7	XP_229054
Q5MIZ7	Q3V0Y1
Q5MIZ7	XP_111973
Q5MIZ7	XP_001063417
Q5MIZ7	XP_003752105
Q5MIZ7	A2ADI4
Q5MIZ7	D3ZCR4
Q5MIZ7	Q922R5
Q5MIZ7	Q5MIZ7-2
Q5MIZ7	Q5MIZ7-3
Q5MIZ7	Q6IN85
Q5MIZ7	NP_001101520
Q5MIZ7	Q6IN85-2
Q5MIZ7	Q6P2K6
Q5MIZ7	Q6ZMV5
Q5MIZ7	Q6ZMV5-2
Q8IY81	Q8IY81
Q8IY81	Q5RJT2
Q8IY81	Q9DBE9
Q8IY81	Q9UI43
Q8IY81	Q9CPY0
Q8IY81	D3ZGI8
Q8IY81	Q9UET6
Q8IY81	Q9UET6-2
Q8IY81	XP_343772
Q8IY81	Q8CBC7
P56726	P56726
P56726	Q99835
P56726	P97698
Q9Y3B2	Q9Y3B2
Q9Y3B2	Q9DAA6
Q9Y3B2	M0RDC9
Q8BLN5	Q8BLN5
Q8BLN5	P48450
Q8BLN5	P48449
O54990	O54990
O54990	A0A0G2JWD0
O54990	O43490
O54990	O43490-5
O54990	O43490-2
Q15020	Q15020
Q15020	A7MB01
Q15020	D3ZAS8
Q15020	Q9JLI8
Q8IVU9	Q8IVU9
Q8IVU9	Q8CDT7
Q8CEE0	Q8CEE0
Q8CEE0	Q86XR8-2
Q8CEE0	Q86XR8
Q8CEE0	B4F7A7
Q8CEE0	Q8IYX8
Q8CEE0	Q6AXZ4
Q8CEE0	Q8VDS7
Q9NRM6	Q9NRM6
Q9NRM6	Q9JIP3
Q9BU76	Q9BU76
Q9BU76	Q99LX5
Q9BU76	Q5M9I6
Q9UHC1	Q9UHC1
Q9UHC1	Q9UHC1-2
Q9UHC1	D4ADG4
Q9UHC1	Q68FG1
Q9NRH1	Q9NRH1
Q14165	Q14165
Q14165	Q5FVQ4
Q14165	Q6ZQI3
Q7RTY7	Q7RTY7
Q7RTY7	Q8VHK8
Q7RTY7	Q8VHJ4
Q7RTY7	Q32M27
Q7RTY7	Q9UKQ9
Q7RTY7	Q5S248
Q7RTY7	Q9UL52
Q7RTY7	Q9H3S3
Q7RTY7	Q9ER04
Q7RTY7	Q8CJ17
Q7RTY7	Q9P0G3
Q7RTY7	Q8CGR5
Q7RTY7	P40313
Q7RTY7	Q9ER05
Q7RTY7	Q9H2R5
Q7RTY7	D3ZIL3
Q7RTY7	Q8CGR4
Q7RTY7	Q9Y5K2
Q7RTY7	Q6IE12
Q7RTY7	Q9Z0M1
Q7RTY7	O08643
Q7RTY7	Q03238
Q7RTY7	Q9CV76
Q7RTY7	D3ZD22
Q7RTY7	P51124
Q7RTY7	P15119
Q7RTY7	XP_001059252
Q7RTY7	XP_001079321
Q7RTY7	P11033
Q7RTY7	P13366
Q7RTY7	Q63637
Q7RTY7	P08883
Q7RTY7	P08884
Q7RTY7	P08882
Q7RTY7	P08311
Q7RTY7	Q06606
Q7RTY7	M0R9B5
Q7RTY7	P43430
Q7RTY7	P97594
Q7RTY7	P18291
Q7RTY7	P04187
Q7RTY7	P28293
Q7RTY7	P17977
Q7RTY7	P10144
Q7RTY7	P20718
Q7RTY7	P49862
Q7RTY7	Q91VE3
Q7RTY7	Q7M761
Q7RTY7	Q7RTZ1
Q7RTY7	O60235
Q7RTY7	Q86WS5
Q7RTY7	Q3V0Q7
Q7RTY7	Q9JHJ7
Q7RTY7	P32038
Q7RTY7	P00746
Q7RTY7	P03953
Q7RTY7	Q61754
Q7RTY7	P15950
Q7RTY7	P36368
Q7RTY7	P36374
Q7RTY7	P36373
Q7RTY7	P36376
Q7RTY7	P36375
Q7RTY7	P00759
Q7RTY7	P07647
Q7RTY7	P06870
Q7RTY7	P00755
Q7RTY7	P00756
Q7RTY7	P15945
Q7RTY7	P00758
Q7RTY7	P15947
Q7RTY7	P07288
Q7RTY7	P20151
Q7RTY7	P20151-2
Q7RTY7	Q6H321
Q7RTY7	Q8VIF2
Q7RTY7	Q7Z5A4
Q7RTY7	A6NIE9
Q07968	Q07968
Q07968	P05160
Q9Y592	Q9Y592
Q9Y592	Q66H89
Q9Y592	Q9D5R3
Q3B726	Q3B726
Q3B726	D4ADH7
Q3B726	Q78WZ7
Q5C9Z4	Q5C9Z4
Q5C9Z4	Q3UFM5
Q5C9Z4	XP_038964476
P49796	P49796
P49796	P49796-7
P49796	P49796-4
P49796	P49797
P49796	Q9DC04
P49796	O14921
P49796	Q8K443
P49796	O15492
P49796	P97428
P49796	P56700
P49796	P57771-2
P49796	P57771
P49796	Q8BXT1
P49796	P49804
P49796	P49798-3
P49796	P49799
P49796	Q0R4E4
P49796	O08899
P49796	P49798
P05109	P05109
P05109	P50115
P05109	P27005
P05109	Q91XG5
P05109	P02632
P05109	P97816
P05109	P29377
Q9UH36	Q9UH36
Q9UH36	NP_001292083
Q9UH36	Q8K2M3
Q9NPF4	Q9NPF4
Q9NPF4	Q8BWU5
Q9NPF4	Q9WVS2
Q8BXV2	Q8BXV2
Q8BXV2	Q8WY22
Q8BXV2	Q5U3Z5
A2AQ14	A2AQ14
A2AQ14	O43482
A2AQ14	NP_001333352
Q8NCV1-2	Q8NCV1-2
Q8NCV1-2	Q8NCV1
Q8NCV1-2	Q9D5P4
Q8NCV1-2	Q3KR54
Q8NCV1-2	Q96M93
Q8NCV1-2	Q5SUE7
XP_017175331	XP_017175331
XP_017175331	P20930
XP_017175331	Q86YZ3
D3YVL2	D3YVL2
D3YVL2	D4A513
D3YVL2	Q5T0N1
Q53SZ7	Q53SZ7
Q53SZ7	Q9D9B7
Q9H2A7	Q9H2A7
Q9H2A7	Q6AXU5
Q9H2A7	Q8BSU2
Q8CHY7	Q8CHY7
Q8CHY7	Q4V7F0
Q8CHY7	Q5W5X9
Q9BUB7	Q9BUB7
Q9BUB7	Q921N7
D3ZXA5	D3ZXA5
D3ZXA5	Q99JY1
D3ZXA5	P58753
Q7TST9	Q7TST9
Q7TST9	P70324
Q7TST9	O15119
Q7TST9	Q13207
Q7TST9	ENSRNOP00000004698
Q7TST9	Q60707
Q7TST9	D3ZJK7
Q7TST9	O95947
Q7TST9	P70327
Q7TST9	O43435-3
Q7TST9	P70323
Q7TST9	O43435
Q7TST9	O75333
Q7TST9	Q810F8
Q86WU2	Q86WU2
Q86WU2	Q7TPJ4
Q86WU2	Q7TNG8
Q86WU2	BAC29917
Q6KAU8	Q6KAU8
Q6KAU8	Q8NAA4-2
Q6KAU8	Q8NAA4
Q6KAU8	D4A9M7
Q6KAU8	Q8C0J2-3
Q6KAU8	Q676U5-3
Q6KAU8	Q8C0J2
Q6KAU8	D3ZFK6
Q6KAU8	Q676U5
Q6KAU8	Q676U5-2
A0A8I6GE08	A0A8I6GE08
A0A8I6GE08	Q8CFB4
A0A8I6GE08	F1M9F6
A0A8I6GE08	A4UUI2
A0A8I6GE08	Q2V6D6
A0A8I6GE08	Q96PP8
A0A8I6GE08	Q9H0R5
A0A8I6GE08	P32455
A0A8I6GE08	Q01514
A0A8I6GE08	Q9Z0E6
A0A8I6GE08	P32456
A0A8I6GE08	Q63663
A0A8I6GE08	Q96PP9
A0A8I6GE08	Q8N8V2
A0A8I6GE08	D3ZQL3
A0A8I6GE08	Q61107
A0A8I6GE08	D3ZV82
A0A8I6GE08	Q91Z40
A0A8I6GE08	XP_006250671
A0A8I6GE08	Q6ZN66
A0A8I6GE08	Q6PG83
A0A8I6GE08	A4UUI3
A0A8I6GE08	A0A0G2JDV3
Q149G0	Q149G0
Q149G0	Q2NKX9
Q641Z1	Q641Z1
Q641Z1	Q6MZP7-3
Q641Z1	Q571G4
Q641Z1	Q6MZP7
Q80ZG5	Q80ZG5
Q80ZG5	Q8BHJ9
Q80ZG5	O95391
XP_001063674	XP_001063674
XP_001063674	Q9HAC8
XP_001063674	Q91WB7
XP_001063674	Q68FV8
XP_001063674	Q8WUN7
XP_001063674	Q6PGH0
Q6YFQ2	Q6YFQ2
Q6YFQ2	Q80ZN9
Q6YFQ2	Q6YFQ1
Q6YFQ2	P00429
Q6YFQ2	P14854
Q6YFQ2	P56391
Q5VX71	Q5VX71
Q5VX71	Q8BH32
Q5VX71	M0R7K8
Q5VX71	Q8BGE4
Q5VX71	Q92537
Q8QZV2	Q8QZV2
Q8QZV2	Q6UWI4
Q8QZV2	A0PJX4
Q8QZV2	Q3UPR0
Q8BG17	Q8BG17
Q8BG17	Q9UGY1
Q8BG17	Q5D1Z3
Q8C4X0	Q8C4X0
Q9NPA8	Q9NPA8
Q9NPA8	Q9JIX0
Q9NPA8	D3ZWF5
Q8NEE0	Q8NEE0
Q3UI33	Q3UI33
Q3UI33	P38062
Q3UI33	O08663
Q3UI33	P50579
Q3UI33	P50579-2
A6NH21	A6NH21
A6NH21	Q5XK03
A6NH21	A8WCG0
A6NH21	Q8BHJ6
A6NH21	Q86VE9-2
A6NH21	Q86VE9
A6NH21	Q86VE9-4
A6NH21	Q63175
A6NH21	Q13530
A6NH21	Q9QZI9
A6NH21	Q5U2V2
A6NH21	Q9QZI8
A6NH21	Q9NRX5
A6NH21	Q7TNK0
A6NH21	Q96SA4-4
A6NH21	Q96SA4
A6NH21	Q8K0E7
Q3TLS3	Q3TLS3
Q3TLS3	A0A8I5Y6P3
Q3TLS3	Q6ZNW5
Q96LS8	Q96LS8
Q8NAQ8	Q8NAQ8
Q86SY8	Q86SY8
Q62656	Q62656
Q62656	B9EKR1
Q62656	P23471
Q62656	P18052
Q62656	P18433-2
Q62656	Q03348
Q62656	P18433
Q62656	P23469
Q62656	P49446-2
Q62656	P49446
Q62656	B2GV87
Q62656	P23469-2
Q62656	P29350-4
Q62656	P29350
Q62656	P81718
Q62656	P29350-3
Q62656	P29351
Q62656	P29350-2
Q62656	P41499
Q62656	Q06124-1
Q62656	P35235
Q62656	Q06124
Q62656	P41499-1
Q62656	P23470
Q62656	Q05909
Q62656	Q8CIN3
Q62656	P23470-2
Q62656	P23280
Q62656	O43570
Q62656	A2IBE2
Q62656	Q8CI85
Q62656	P18761
Q8TB05	Q8TB05
Q8TB05	Q6P3B2
Q8TB05	Q6AXN0
Q8TB05	Q8IYN6
Q8TB05	Q8BQH4
Q96M85	Q96M85
Q96PI1	Q96PI1
Q96PI1	Q8CGN8
Q9NRG1	Q9NRG1
Q9NRG1	P27605
Q9NRG1	B2RYS6
Q9NRG1	P00492
Q9NRG1	P00493
O75352	O75352
O75352	Q9R0Q9
Q6UXR8	Q6UXR8
P48453	P48453
P48453	P48454-2
P48453	P63328-2
P48453	E2CWF0
P48453	P63329
P48453	P48455
P48453	P16298
P48453	Q08209
P48453	P63328
P48453	P48454
P48453	Q08209-2
P48453	P16298-4
P48453	P48454-3
P48453	P20651
P48453	P53042
P48453	P53041
P48453	Q60676
P48453	P62136-2
P48453	P36873-2
P48453	P36873
P48453	P63088
P48453	P63087
P48453	P63087-2
P48453	P62142
P48453	P62140
P48453	P62139
P48453	P62137
P48453	P62138
P48453	P62136
P48453	P62141
P48453	O00743-3
P48453	P63331
P48453	P62716
P48453	Q64620
P48453	P67775
P48453	Q5BJ92
P48453	Q9CQR6
P48453	O00743
P48453	P62715
P48453	P97470
P48453	P63330
P48453	P60510
P48453	P62714
P48453	P67774
P48453	P67776
P48453	P67775-2
Q8IZ52	Q8IZ52
Q8IZ52	Q5XIQ8
Q8IZ52	Q6IQX7
Q8IZ52	Q9P2E5
Q8IZ52	D4ADR5
Q8IZ52	Q3UU43
Q8TCU4	Q8TCU4
Q8TCU4	Q8TCU4-2
Q8TCU4	Q8K4E0
Q8TCU4	F1LVG9
P28329	P28329
P28329	P32738
P28329	Q03059
P28329	P28329-3
P28329	P43155
P28329	P47934
P28329	Q704S8
Q9QWY8	Q9QWY8
Q9QWY8	O97902
Q9QWY8	Q1AAU6
Q9QWY8	Q9ULH1
Q9QWY8	Q9ULH1-2
Q9QWY8	O43150
Q9QWY8	Q7SIG6
Q9QWY8	O43150-2
Q9QWY8	XP_001074649
Q9QWY8	Q5U464
Q9QWY8	Q8TDY4
Q9QWY8	M0R5J1
Q9QWY8	Q8TDY4-3
P16882	P16882
P16882	P19941
P16882	P10912
P16882	NP_999419
P16882	P16310
P16882	P16471
P16882	P16471-4
P16882	G3UVW6
P16882	P05710
P16882	Q08501
Q8N8A6	Q8N8A6
Q8N8A6	Q6P9R1
Q8N8A6	D3ZIE3
Q8WYL5	Q8WYL5
Q8WYL5	Q8WYL5-4
Q8WYL5	Q8WYL5-2
Q8WYL5	F1LWM1
Q8WYL5	Q76I79
Q8WYL5	Q8K4T5
Q8WYL5	Q8WTR2
Q8WYL5	Q60969
Q8WYL5	Q8WUJ0
Q8WYL5	D3ZH31
O15049	O15049
O15049	Q3LUD3
O15049	Q8C7U1
O15049	Q8K1Q4
O15049	A2AHG0
O15049	O60299
O15049	O60299-2
O15049	Q91YU6
O15049	Q3LUD4
O15049	Q9BRK4
O15049	Q8CFC9
O15049	P60853
O15049	Q9Y250
Q9Y3B9	Q9Y3B9
Q9Y3B9	Q5M947
Q9Y3B9	Q9CYX7
O95171	O95171
O95171	O95171-2
O95171	Q9EQG3
O95171	Q05CI7
O95171	G3V921
Q5VYK3	Q5VYK3
Q5VYK3	Q6PDI5
Q8VC56	Q8VC56
Q8VC56	O76064
Q8VC56	Q4KLN8
Q9UBL3	Q9UBL3
Q9UBL3	D3ZTV7
Q9UBL3	Q9UBL3-2
Q9UBL3	Q91X20
Q9UBL3	Q9UBL3-3
Q9UBL3	NP_733023
P21953	P21953
P21953	P35738
P21953	Q6P3A8
P21953	P11177
P21953	Q9D051
P21953	P49432
P21953	P11177-2
Q9GZW5	Q9GZW5
Q03188	Q03188
Q03188	P49452
Q03188	Q66LH7
Q5DTK1	Q5DTK1
Q5DTK1	Q70JA7
Q5DTK1	Q86X52
Q5DTK1	D3ZRM3
Q5DTK1	Q6ZQ11
Q9P2K6	Q9P2K6
Q9P2K6	Q8BFQ9
Q9P2K6	D4A9Z3
Q8NHY3	Q8NHY3
Q8NHY3	D3ZUE1
Q8NHY3	Q5SSG4
Q8NHY3	G3V857
Q8NHY3	O43903
Q8NHY3	P11862
Q8NHY3	Q99501
Q8NHY3	D3ZR69
Q8NHY3	Q8JZP9
Q8NHY3	A4IFA0
Q8NHY3	Q86XJ1
Q8NHY3	Q3UWW6
Q8N699	Q8N699
Q8N699	D3ZUL5
Q8N699	Q8R411
Q8N699	F1MGM5
Q9CQC8	Q9CQC8
Q9CQC8	Q5XIC4
Q9CQC8	Q9NZD8
O14924	O14924
O14924	O14924-4
O14924	O14924-2
O14924	O08774
O14924	Q8CGE9
O14924	O08773
O14924	P97492
O14924	O43566
O14924	O43566-5
O14924	P49806
O14924	O43665-2
O14924	O43665
O14924	Q9CQE5
O14924	O43665-1
O14924	Q4L0E8
O14924	Q99PG4
O14924	Q9NS28
O14924	Q9JL25
O14924	Q08116
O14924	P97844
O14924	P41220
O14924	Q9JHX0
O14924	O08849
O14924	Q2M5E4
O14924	O08850
O14924	O15539
O14924	P49800
Q9BRR8	Q9BRR8
Q9BRR8	Q9DBM1
Q9BRR8	F1LU70
Q6PHP6	Q6PHP6
Q6PHP6	O75325
Q6PHP6	Q32Q07
Q6PHP6	Q6UXK5
Q6PHP6	Q61809
Q6PHP6	Q9H3W5
Q6PHP6	Q9ESY6
Q6PHP6	Q8CBC6
Q8C186	Q8C186
Q8C186	Q8NFQ6
Q5DTG8	Q5DTG8
Q5DTG8	Q8N720-3
Q5DTG8	Q5RKG8
Q5DTG8	Q8N720
Q96GQ5	Q96GQ5
Q96GQ5	Q91W34
Q96GQ5	Q499P8
Q8BX51	Q8BX51
Q8BX51	Q96LD1
Q8BX51	Q13326
Q8BX51	P82347
Q8BX51	Q92629-2
Q8BX51	Q92629
Q8BX51	P82348
Q9H0E7	Q9H0E7
Q9H0E7	Q8C2S0
Q9H0E7	Q70CQ1
Q9H0E7	Q6P9L4
Q9H0E7	D3ZJ49
Q9H0E7	NP_001101553
Q6ZWT7	Q6ZWT7
Q6ZWT7	Q8R3I2
Q6ZWT7	Q3T1J2
Q6ZWT7	Q6ZNC8
Q6ZWT7	Q8BH98
Q4V8F9	Q4V8F9
Q4V8F9	Q6YN16
Q4V8F9	Q2TPA8
Q4V8F9	Q6YN16-2
Q4V8F9	Q96LJ7
Q4V8F9	Q99L04
Q4V8F9	Q6AXY8
O15212	O15212
O15212	Q03958
O15212	Q6MGC4
Q9H9B1	Q9H9B1
Q9H9B1	Q5DW34-2
Q9H9B1	NP_001102042
Q9H9B1	Q5DW34
Q9H9B1	Q6MG72
Q9H9B1	A2ABF8
Q9H9B1	Q96KQ7
Q9H9B1	Q96KQ7-2
Q9H9B1	Q9Z148
Q9H9B1	A2CG77
Q9H9B1	D3ZIH5
Q9H9B1	Q9H5I1
Q9H9B1	Q9EQQ0
Q9H9B1	G3V6S6
Q9H9B1	O54864
Q9H9B1	O43463
Q9H9B1	Q53RE8
Q9H9B1	D4AAF1
Q9H9B1	Q9D2X0
Q8WWW0	Q8WWW0
Q8WWW0	Q5EBH1-2
Q8WWW0	O35141
Q8WWW0	Q8WWW0-2
Q8WWW0	Q5EBH1
Q8WWW0	Q86WH2
Q8WWW0	Q99P51
Q8WWW0	Q9NS23
Q8WWW0	Q9NS23-2
Q8WWW0	Q99MK9
Q8WWW0	Q5FAQ9
Q8WWW0	Q9NS23-4
Q8WWW0	Q99MK9-2
Q8WWW0	D4ACL6
O43451	O43451
O43451	B5THE2
O43451	Q2M2H8
O43451	P70699
O43451	P10253
O43451	Q6P7A9
O43451	P23739
O43451	F8VQM5
O43451	P14410
O43451	Q14697-2
O43451	D3ZAN3
O43451	Q8BHN3
O43451	Q14697
O43451	Q8BHN3-2
Q9Y242	Q9Y242
Q9Y242	Q566R6
Q9Y242	Q99KJ5
Q8IYI6	Q8IYI6
Q8IYI6	Q6PGF7
Q8IYI6	O54924
P97863	P97863
P97863	O00712-5
P97863	P97863-3
P97863	O00712
P97863	O00712-6
P97863	O00712-4
P97863	O70185
P97863	O70186
P97863	Q14938
P97863	O70189
P97863	P70257
P97863	P08651
P97863	O70188
P97863	P08651-5
P97863	P70255
P97863	P08651-2
P97863	Q7Z3K7
P97863	Q12857-4
P97863	P70257-2
P97863	Q14938-3
P97863	P09414
P97863	Q02780
P97863	Q12857
P97863	Q12857-2
P46694	P46694
P46694	P46695
P19112	P19112
P19112	P00636
P19112	P09467
P19112	P70695
P19112	O00757
P19112	Q9QXD6
P19112	Q9Z1N1
Q13535	Q13535
Q13535	Q13535-2
Q13535	D3Z822
Q13535	Q9JKK8
O00267	O00267
O00267	O00267-2
O00267	NP_001100967
O00267	O55201
A0A0J9YXG5	A0A0J9YXG5
Q5SQS8	Q5SQS8
Q5SQS8	Q8CDT9
Q9CTA4	Q9CTA4
B7ZBB8	B7ZBB8
B7ZBB8	Q9CW07
B7ZBB8	O95685
B7ZBB8	A2AJW4
B7ZBB8	D3ZZ26
B7ZBB8	Q8BRJ4
B7ZBB8	P0C7L8
B7ZBB8	Q9H7J1
C3S7Q5	C3S7Q5
C3S7Q5	Q8IZS5-2
C3S7Q5	Q8IZS5-3
C3S7Q5	Q8IZS5
D3YZV8	D3YZV8
D3YZV8	P62521
D3YZV8	Q9H0W5
Q8BFW4	Q8BFW4
Q8BFW4	NP_001129186
Q8BFW4	Q6PJ69
Q3V0L1	Q3V0L1
Q3UG79	Q3UG79
E9PVD9	E9PVD9
E9PVD9	Q9H2Y9
E9PVD9	Q9H2Y9-2
E9PVD9	Q99N01
E9PVD9	Q8K078
E9PVD9	Q96BD0-2
E9PVD9	Q96BD0-4
E9PVD9	Q96BD0
E9PVD9	Q99N02
E9PVD9	Q9UIG8-2
E9PVD9	Q8R3L5-2
E9PVD9	Q8R3L5
E9PVD9	Q9UIG8
E9PVD9	Q5JAR4
E9PVD9	Q9NPD5
E9PVD9	Q9Y6L6
E9PVD9	F5H094
E9PVD9	Q9JJL3
E9PVD9	G3V0H7
E9PVD9	Q9QZX8
E9PVD9	Q9NYB5-3
E9PVD9	Q9ERB5
E9PVD9	Q9NYB5
E9PVD9	Q9EPZ7
E9PVD9	Q9EP96
E9PVD9	Q91YY5
E9PVD9	L7N251
E9PVD9	O35913
E9PVD9	P46720
E9PVD9	O88397
E9PVD9	Q9QXZ6
E9PVD9	Q99J94
E9PVD9	P46721-2
E9PVD9	Q9QYE2
E9PVD9	P46721
E9PVD9	L7N264
E9PVD9	P70502
E9PVD9	O94956
E9PVD9	Q8BXB6
E9PVD9	Q9JHI3
E9PVD9	Q00910
E9PVD9	Q92959
E9PVD9	Q9EPT5
E9PVD9	Q6ZQN7
E9PVD9	Q71MB6
E9PVD9	Q8BGD4
Q8IYL2	Q8IYL2
Q8IYL2	Q9D2Q2
Q9UKZ1	Q9UKZ1
Q9UKZ1	B0BNA9
Q9UKZ1	Q9CWN7
Q96LP6	Q96LP6
Q96LP6	E9Q9Q5
P09326	P09326
P09326	P10252
P09326	P18181
Q8WTR8	Q8WTR8
Q8WTR8	D3ZT86
Q8WTR8	Q3UQ22
P06956	P06956
Q6ZNE9	Q6ZNE9
Q6ZNE9	Q3TYX8
Q8TAK6	Q8TAK6
Q8TAK6	Q9WUQ3
Q8TAK6	Q9JKN5
P51514	P51514
P51514	Q61286
P51514	Q99081-2
P51514	Q99081-4
P51514	Q99081-3
P51514	Q99081
P51514	Q61286-2
P51514	P15806
P51514	P21677
P51514	P15806-2
P51514	P21677-2
P51514	P15923
P51514	P15923-2
P51514	Q60722
P51514	P15884
P51514	P15884-2
P51514	Q62655
P51514	P15884-10
P51514	P15884-11
P51514	Q60722-3
Q8WWF3	Q8WWF3
Q8WWF3	Q9D9Y8
P40933	P40933
P40933	P48346
P40933	P97604
Q6H3X3	Q6H3X3
Q6H3X3	Q5VY80
Q6H3X3	Q9BZM6
Q6H3X3	Q9BZM5
Q6H3X3	Q9BZM4
Q6H3X3	Q8TD07
Q5T215	Q5T215
Q5T215	Q4KL14
Q5T215	Q5U1Z2
Q5T215	O43617
Q5T215	O55013
Q9BRB3	Q9BRB3
Q9BRB3	Q642B8
Q9BRB3	Q9BRB3-2
Q9BRB3	Q9QYT7
Q8TCT9-2	Q8TCT9-2
Q8TCT9-2	Q9D8V0-4
Q8TCT9-2	Q9D8V0
Q8TCT9-2	Q8TCT9
Q8TCT9-2	D3ZP98
Q9D1C9	Q9D1C9
Q9D1C9	Q9NSQ0
Q9D1C9	D4AE65
Q9D1C9	Q9Y3A4
Q30KQ4	Q30KQ4
Q30KQ4	Q32ZG3
Q30KQ4	Q8BGW9
P42771-3	P42771-3
P51460	P51460
P51460	Q9WUK0
P51460	O09107
ENSRNOP00000044807	ENSRNOP00000044807
Q77YF9	Q77YF9
Q8NDB6	Q8NDB6
Q8NDB6	A2ANF5
Q9NSP4	Q9NSP4
Q9NSP4	Q9CQA0
Q5VUE5	Q5VUE5
Q5VUE5	B2RYR4
Q5VUE5	D3Z1T2
P0DJI6	P0DJI6
Q96IT6	Q96IT6
E2RYF6	E2RYF6
P56555	P56555
P49901	P49901
Q8WWR9	Q8WWR9
Q8WWR9	Q9CR37
Q8WWR9	Q9H3Y8
Q8WWR9	Q5PR01
Q08EA8	Q08EA8
Q08EA8	A2RRL7
Q8N1Y9	Q8N1Y9
Q9BR46	Q9BR46
Q86WA9	Q86WA9
Q86WA9	NP_001385736
Q86WA9	Q80ZD3
Q6AWC8	Q6AWC8
A6NJ69	A6NJ69
Q8N9X5	Q8N9X5
Q30KR1	Q30KR1
Q30KR1	Q32ZF5
Q30KR1	P0DP73
Q30KR1	P0DP74
Q30KR1	Q30KN1
Q30KR1	Q3UW22
Q96FM1	Q96FM1
Q96FM1	A2A559
Q8R5M4	Q8R5M4
Q8R5M4	Q8K3K8
Q8R5M4	Q96CV9
Q8R5M4	Q96CV9-2
Q8R5M4	Q9Y6K9-2
Q8R5M4	Q6TMG5
Q8R5M4	O88522
Q8R5M4	Q9Y6K9
D0EPY3	D0EPY3
P80347	P80347
Q7TQ86	Q7TQ86
Q7TQ86	Q8BVY0
Q7TQ86	O76021
P17342	P17342
P17342	P41740
P17342	P70180
Q9BVG4	Q9BVG4
Q9BVG4	G3V6C3
Q9BVG4	Q9D0B6
Q8CHB8	Q8CHB8
Q8CHB8	Q6EMB2
Q8CHB8	A2APC3
Q8CHB8	Q641W7
Q8CHB8	Q91V51
Q8CHB8	O95922
Q8CHB8	Q5PPI9
Q8CHB8	Q3SXZ7
Q8WW62	Q8WW62
Q8WW62	Q9CQG0
A0A338P6K9	A0A338P6K9
A0A338P6K9	D3ZMD6
A0A338P6K9	Q2KHR3
A0A338P6K9	Q2KHR3-2
Q6A0A2	Q6A0A2
Q6A0A2	NP_001100831
Q6A0A2	F1MHX7
Q6A0A2	Q92615
Q6A0A2	Q71RC2-4
Q6A0A2	Q71RC2-2
Q6A0A2	XP_038936293
Q6A0A2	Q71RC2-5
Q6A0A2	Q71RC2
Q6A0A2	Q8BWW4
Q9BRZ2	Q9BRZ2
Q9BRZ2	XP_006221388
Q9BRZ2	Q80VI1
Q9H0G5	Q9H0G5
Q9H0G5	Q4FZU3
Q9H0G5	Q5NCR9
Q70CQ4	Q70CQ4
Q70CQ4	D3ZU27
Q70CQ4	E9Q6Y8
Q70CQ4	Q8BUM9
Q70CQ4	Q70EL4
Q70CQ4	EDM04798
P46686	P46686
P46686	Q5XFX6
P46686	O75386-2
P46686	O75386
P46686	NP_001387850
P46686	O88413
P46686	P50607-2
P46686	P50586
P46686	P50607
P46686	O88808
P46686	Q9Z273
P46686	O00294
P46686	O00295
Q02818	Q02818
Q02818	Q63083
Q02818	Q02819
Q02818	Q9JI85
Q02818	P81117
Q02818	P80303
Q9UPQ7	Q9UPQ7
Q9UPQ7	Q69ZS0
Q9UPQ7	Q6ZMN7
Q9UPQ7	Q6ZMN7-2
Q9UPQ7	D3ZNV5
Q9UPQ7	Q3UXJ7
Q9UPQ7	Q9QY39
Q9UPQ7	D3ZLI9
Q9UPQ7	Q76G19
Q9UPQ7	P68907
Q9UPQ7	Q8BH75
Q9UPQ7	Q9H4P4
Q9UPQ7	Q5XIR0
Q9UPQ7	Q2KHN1
Q9UPQ7	Q9CQ29
Q9UPQ7	Q9DBG9
Q9UPQ7	O14907
Q9UPQ7	Q4QQV1
O75208	O75208
O75208	Q68FT1
O75208	Q8K1Z0
O95625	O95625
O95625	G5E8B9
O95625	D3ZDP9
O35625	O35625
O35625	O15169-2
O35625	O70239
O35625	O15169
O35625	Q9Y2T1
O35625	O70240
O35625	O88566
O15021	O15021
O15021	O15021-1
O15021	O15021-2
O15021	O15021-4
O15021	Q811L6
O15021	O15021-3
O15021	G3MXU2
O15021	M0R3L1
O15021	Q3U214
O15021	D3ZL30
O15021	Q9Y2H9
O15021	Q810W7
O15021	Q9R1L5
O15021	Q6P0Q8
O15021	O60307
O15021	E9Q1Q1
O15021	ENSRNOP00000059589
O15021	Q60592
O15021	Q6P0Q8-2
O15021	P22694-2
O15021	P00517
O15021	P17612-2
O15021	P17612
O15021	P68182
O15021	P68181-4
O15021	P22612
O15021	P05131
O15021	P68181
O15021	P22694
O15021	P05131-2
O15021	P27791
O15021	P05132
O15021	P36887
O15021	Q8MJ44
O15021	Q8INB9
O15021	P47196
O15021	P31749
O15021	P31750
O15021	Q01314
O15021	P31749-2
O15021	O55173
O15021	O15530-2
O15021	Q9Z2A0
O15021	O15530-4
O15021	O15530
O15021	Q6A1A2
O15021	O15530-5
O15021	Q9WTK7
O15021	Q15831-2
O15021	D4AE59
O15021	Q15831
O15021	F1S6Q9
Q91VX2	Q91VX2
Q91VX2	NP_001101398
Q91VX2	Q80X50
Q91VX2	Q14157
Q91VX2	Q14157-5
Q91VX2	Q80X50-3
Q91VX2	Q14157-1
Q91VX2	E9PTR4
Q91VX2	Q80X50-2
Q91VX2	Q5T6F2
Q9H2G2	Q9H2G2
Q9H2G2	Q9H2G2-2
Q9H2G2	O08815
Q9H2G2	O55098
Q9H2G2	O94804
Q9H2G2	E9PTG8
Q9H2G2	O54988
Q9H2G2	O54988-2
Q9H2G2	Q9Z1W9
Q9H2G2	Q6P9R2
Q9H2G2	O95747
Q9H2G2	O88506
Q9H2G2	NP_001101664
Q9H2G2	Q9UEW8
Q9NSY1	Q9NSY1
Q9NSY1	Q9NSY1-2
Q9NSY1	Q3UHJ0
Q9NSY1	XP_573559
Q9NSY1	P0C1X8
Q9NSY1	Q91Z96
Q9NSY1	Q5H9B9
Q9NSY1	Q2M2I8
Q9NSY1	Q2M2I8-2
Q9NSY1	F1MH24
P21860	P21860
P21860	P21860-4
P21860	Q61527
P21860	Q15303-4
P21860	Q15303
P21860	Q62956
P21860	Q15303-3
P21860	Q15303-2
P21860	Q61526
P21860	Q62799
P21860	P21860-2
P21860	P06494
P21860	P04626-5
P21860	P70424
P21860	P04626-2
P21860	P04626
P21860	Q9QX70
P21860	P00533
P21860	P00533-2
P21860	Q01279
P21860	E7BSV0
P21860	Q8MIL8
Q03173	Q03173
Q03173	Q5XHX3
Q03173	Q03173-3
Q03173	Q03173-4
Q03173	Q8N8S7
Q03173	Q8N8S7-2
Q03173	Q8N8S7-3
P15127	P15127
P15127	P06213
P15127	P15208
P15127	Q60751
P15127	P08069
P15127	P24062
P15127	NP_999337
P15127	P06213-2
P15127	Q9WTL4
P15127	P14616
P15127	Q64716
Q8TEW0	Q8TEW0
Q8TEW0	Q9Z340
Q8TEW0	Q8TEW0-10
Q8TEW0	Q99NH2
Q8TEW0	Q8TEW0-11
Q8TEW0	Q8TEW0-6
Q8TEW0	B2RUK1
Q8TEW0	NP_001013599
Q8TEW0	Q8TEW0-3
Q8TEW0	Q8TEW0-5
Q8TEW0	Q8TEW8
Q8TEW0	Q8TEW8-5
Q8TEW0	F1LW22
Q8TEW0	Q8TEW8-2
Q8TEW0	Q9CSB4
Q99MW8	Q99MW8
Q8BGB8	Q8BGB8
Q8BGB8	Q4FZU1
Q8BGB8	Q9Y3A0
Q64163	Q64163
Q64163	Q14188
Q64163	A0A0G2JXN0
Q64163	Q5H9I0
Q64163	Q14186
Q64163	Q08639
Q64163	Q17QZ4
Q6IMP4	Q6IMP4
Q6IMP4	P60571
Q6IMP4	Q96RD6
Q9GZP1	Q9GZP1
Q9GZP1	P97799
Q9GZP1	Q8IZ57
Q9GZP1	Q5HZK2
Q0P6H9	Q0P6H9
Q0P6H9	Q8BXJ9
Q7TSD4	Q7TSD4
Q7TSD4	Q96M53
Q9ULK6	Q9ULK6
Q9ULK6	Q5DTZ6
Q9ULK6	Q8NC42
Q9ULK6	D3ZI66
Q9ULK6	Q3U2C5
Q9ULK6	Q8VEM1
Q9ULK6	Q86XS8
Q9ULK6	Q6Y290
Q9ULK6	Q9D304
Q9ULK6	Q8TEB7
Q9ULK6	G3X9R7
Q9ULK6	F1M1T7
Q9ULK6	Q8N7C7
Q9ULK6	Q14B02
Q9ULK6	Q8WVZ7
Q9ULK6	Q6AY01
F6TNE3	F6TNE3
F6TNE3	Q8IZ63
P20396	P20396
P20396	Q62361
P20396	P01150
Q5JRM2	Q5JRM2
Q5JRM2	E9QAS1
Q9BSE2	Q9BSE2
Q9BSE2	Q9D709
Q9BSE2	Q3T1H8
Q8NFT6	Q8NFT6
Q8NFT6	Q8NFT6-3
Q6ZU52	Q6ZU52
Q6ZU52	D3Z623
Q2LA85	Q2LA85
Q2LA85	Q5T2D2
Q9JLG8	Q9JLG8
Q9JLG8	Q9JLG8-2
Q9JLG8	O75808
Q9JLG8	D3ZJJ4
O95905-3	O95905-3
O95905-3	O95905
O95905-3	D3ZA55
O95905-3	Q9CS74
Q91VF5	Q91VF5
Q91VF5	Q96A84
Q91VF5	Q96A84-3
Q91VF5	Q96A83
Q91VF5	Q96A83-2
Q91VF5	Q91VF6
Q4TU72	Q4TU72
Q4TU72	Q4TU83
Q8K0C8	Q8K0C8
Q8K0C8	Q49B96
Q8K0C8	D3ZIS5
Q62848	Q62848
Q62848	Q9EPJ9
Q62848	Q8N6T3
Q62848	Q8N6T3-2
Q8BFX1	Q8BFX1
Q8BFX1	Q5TA31
Q8BFX1	D3Z8N2
Q5JXM2	Q5JXM2
Q5JXM2	Q8CCB5
Q5JXM2	Q5BK01
Q5SV66	Q5SV66
Q5SV66	Q96M95
Q5SV66	A6NFT4
Q5SV66	J3QPZ5
Q9Y4E5-4	Q9Y4E5-4
Q9Y4E5-4	ENSRNOP00000017193
D4A1W8	D4A1W8
D4A1W8	O08601
D4A1W8	P55157
NP_001121783	NP_001121783
NP_001121783	D4A896
NP_001121783	Q99P81
NP_001121783	Q498U1
NP_001121783	Q7TMS5
NP_001121783	Q80W57
NP_001121783	Q9UNQ0
P97570	P97570
P97570	O60733-3
P97570	O60733-4
P97570	P97819-2
P97570	P97819
P97570	O60733
P97570	O60733-2
Q9BYJ1-2	Q9BYJ1-2
Q9BYJ1-2	Q9BYJ1
Q9BYJ1-2	Q9WV07
Q9BYJ1-2	D3ZKX9
Q9BYJ1-2	Q02759
Q9BYJ1-2	P39654
Q9BYJ1-2	P16050
Q9BYJ1-2	P55249
Q9BYJ1-2	D3ZQF9
Q9BYJ1-2	F1LQ70
Q9BYJ1-2	P18054
Q9BYJ1-2	P39655
Q9BYJ1-2	Q2KMM4
Q9BYJ1-2	O75342
Q9BYJ1-2	O70582
Q9BYJ1-2	Q8K4F2
Q9BYJ1-2	O15296-3
Q9BYJ1-2	O15296
Q9BYJ1-2	O35936
Q9BYJ1-2	P48999
Q9BYJ1-2	P09917
Q9BYJ1-2	P12527
Q6PEX7	Q6PEX7
Q6PEX7	A2A8T7
Q6P726	Q6P726
Q6P726	Q96HH6
Q6P726	Q91W52
P41374	P41374
P41374	P68101
P41374	P05198
P41374	P83268
P41374	Q6ZWX6
Q13561-2	Q13561-2
Q13561-2	Q13561
Q13561-2	Q13561-3
Q13561-2	Q6AYH5
Q13561-2	Q99KJ8
O00442-2	O00442-2
O00442-2	O00442
O00442-2	Q9D7H3
O00442-2	Q68FS8
P56378-2	P56378-2
P56378-2	P56379
P56378-2	P56378
P56378-2	D3Z9R8
Q5BVD1-3	Q5BVD1-3
Q5BVD1-3	Q5BVD1
Q5BVD1-3	Q8C5C9
A0A494C030	A0A494C030
P30803	P30803
P30803	O95622
P30803	P84309
P30803	Q04400
P30803	Q8VHH7
P30803	P21932
P30803	Q8NFM4
P30803	O60266
P30803	P51829
P30803	P51828
P30803	Q91WF3
P30803	P26770
P30803	Q01341
P30803	P40145
P30803	P40146
P30803	P97490
P30803	AAA40678
P30803	O43306
Q9JI51	Q9JI51
Q9JI51	Q96AJ9
Q9JI51	O89116
O75909-4	O75909-4
O75909-4	NP_001192910
O75909-4	O75909
O75909-4	A1L1L5
O75909-4	O88874
O75909-4	O75909-1
P11532	P11532
P11532	P11532-6
P11532	P11532-14
P11532	P11531
P11532	P11532-5
P11532	H0Y337
P11532	P11530
P11532	A2A9Z1
P11532	O55147
P11532	Q9EPA0
P11532	Q05AA6
P11532	Q13474
P11532	P46939-2
P11532	P46939
P11532	E9Q6R7
P11532	Q3UF47
Q9H501	Q9H501
Q9H501	Q3V1V3
Q9H501	Q76MT4
Q5UIP0	Q5UIP0
Q5UIP0	Q5UIP0-2
Q5UIP0	Q6PR54
Q5UIP0	XP_215736
Q9NS56	Q9NS56
Q9NS56	D3ZZE0
Q9NS56	Q80Z37
P48679	P48679
P48679	F1MYG5
P48679	A7YY47
P48679	P48678-3
P48679	P02545-2
P48679	P14733
P48679	P02545-3
P48679	P48678
P48679	P02545
P48679	NP_001263282
P48679	P14732
P48679	XP_216850
P48679	P21619
P48679	Q03252
P48679	P70615
P48679	P20700
P48679	P05783
P48679	Q5BJY9
P48679	P05784
P48679	Q8N7Q0
P24394	P24394
P24394	P16382
P24394	Q63257
Q8TC07	Q8TC07
Q8TC07	Q9CXF4
Q8TC07	F7EZ89
Q8TC07	Q8TC07-2
Q8TC07	Q9HA65
Q8TC07	B1H264
Q8TC07	Q8BYH7
Q05952	Q05952
P78348-1	P78348-1
P78348-1	P78348-3
P78348-1	P78348
P78348-1	P55926
P78348-1	Q6NXK8
P78348-1	Q9UHC3-3
P78348-1	Q9UHC3
P78348-1	Q9UHC3-2
P78348-1	Q925H0-2
P78348-1	Q62962
P78348-1	Q925H0
P78348-1	Q16515
P78348-1	Q16515-2
P78348-1	O35240
P78348-1	Q6X1Y6
P78348-1	Q9JHS6
P78348-1	Q7TNS7
P78348-1	Q96FT7
Q62985	Q62985
Q62985	Q9NRF2-2
Q62985	Q91ZM2
Q62985	Q9NRF2
Q62985	O14492-2
Q62985	O14492
Q62985	Q9UQQ2
Q62985	Q9Z200
Q62985	Q9JID9
Q62985	O09039
Q62985	P50745
P57078	P57078
P57078	P57078-2
P57078	D4AAK5
P57078	Q9ERK0
P57078	Q8NFD2
P57078	Q8BZ25
P57078	Q9Y572
P57078	Q9Z2P5
P57078	Q9QZL0
P55010	P55010
P55010	Q07205
P55010	P59325
Q96EB6	Q96EB6
Q96EB6	Q923E4
Q96EB6	XP_003753523
Q96EB6	XP_006228735
Q96EB6	Q5RJQ4
Q96EB6	Q8VDQ8
Q96EB6	Q8VDQ8-2
Q96EB6	Q8IXJ6
Q96EB6	Q8IXJ6-2
Q96EB6	Q9NTG7
Q96EB6	NP_001099783
Q96EB6	Q8R104
Q96EB6	Q8R216
Q96EB6	Q9Y6E7
P12956	P12956
P12956	Q6AZ64
P12956	P23475
Q9P299	Q9P299
Q9P299	P61924
Q9P299	P61923
Q9P299	D4ADP9
Q9P299	D4A8T3
Q9P299	P61923-4
Q9P299	Q9JHH9
Q6NXI6	Q6NXI6
Q6NXI6	Q6NXI6-2
Q6NXI6	EDL85685
Q6NXI6	Q5VT52-5
Q6NXI6	E1BK49
Q6NXI6	Q5VT52-2
Q6NXI6	Q5VT52-3
Q6NXI6	Q5VT52
O00622	O00622
O00622	P18406
O00622	Q9ES72
O00622	P48745
O00622	Q9QZQ5
O00622	Q64299
O00622	O95388
O00622	O54775
O00622	O95388-5
O00622	Q99PP0
O00622	Q9Z0G4
O00622	O76076
O00622	Q9JHC6
O00622	D3Z5L9
O00622	O95389
O00622	P29279
O00622	P29268
O00622	Q9R1E9
P0C024	P0C024
P0C024	Q99P30
P0C024	Q8WV74
P0C024	Q9CR24
P0C024	NP_001387779
Q61010	Q61010
Q61010	Q86Y01
Q61010	G3V658
Q61010	Q8R3P2
Q61010	Q9Y2E6
Q61010	Q6PDK8
Q61010	Q86UW9
Q61010	Q86UW9-2
Q9H607	Q9H607
Q9H607	Q8VCR9
Q9NU53	Q9NU53
Q9NU53	Q91WR6
Q9H6D8	Q9H6D8
Q9H6D8	Q3TR08
Q9H6D8	Q8NAU1
Q9H6D8	Q8K3V5
Q9H6D8	Q8K4Z2
D4AE81	D4AE81
D4AE81	Q148U4
XP_236367	XP_236367
XP_236367	Q9Y4G6
XP_236367	E9PUM4
XP_236367	Q71LX4
XP_236367	G3V852
XP_236367	P26039
XP_236367	Q9Y490
Q9D7P9	Q9D7P9
Q9D7P9	Q96P63
Q9D7P9	Q8K1K6
Q9D7P9	Q8K3K4
Q9D7P9	P48595
Q9D7P9	Q9CQV3
Q9D7P9	Q96P15
Q9D7P9	P50453
Q9D7P9	D4A392
Q9D7P9	Q6AYF8
Q9D7P9	O75830
Q9D7P9	Q9JK88
Q9D7P9	P35237
Q9D7P9	Q8VHP7
Q9D7P9	XP_225268
Q9D7P9	Q4G075
Q9D7P9	Q9D154
Q9D7P9	P30740
Q9D7P9	Q5SV42
Q9D7P9	O75635
Q9D7P9	Q9D695
Q9D7P9	Q9UIV8
Q9D7P9	Q8CDC0
Q9D7P9	Q3UWK8
Q9D7P9	P22777
Q9D7P9	P05121
Q9D7P9	P20961
Q5JT82	Q5JT82
Q5JT82	Q8CFA7
Q9P127	Q9P127
Q9BXM9	Q9BXM9
Q9BXM9	XP_002726574
Q9BXM9	Q8BYN5
Q9BXM9	Q9BXM9-2
Q9BXM9	Q9BXM9-3
Q9BXM9	Q7TPM6
Q9BXM9	Q9BTV5
Q96FI4	Q96FI4
Q96FI4	Q4KLM0
Q96FI4	Q8K4Q6
Q9GZU2	Q9GZU2
Q9GZU2	Q3URU2
Q9GZU2	D4AB33
Q9GZU2	Q9H7X3
Q9GZU2	Q9NZV7
Q9GZU2	Q6ZS27
Q9GZU2	O43296
Q9GZU2	Q14592
Q8TCN5	Q8TCN5
Q8TCN5	D3ZYC1
Q8TCN5	Q6ZPY5
Q9H1U4	Q9H1U4
Q9H1U4	Q8BH27
A6NI15	A6NI15
A6NI15	Q9JK54
Q7Z5W3	Q7Z5W3
Q7Z5W3	D4ABH7
Q7Z5W3	Q91YP1
Q9D496	Q9D496
Q8TAT2	Q8TAT2
Q8TAT2	Q1HCM0
Q86WT6	Q86WT6
Q86WT6	Q5BK82
Q86WT6	Q80X56
Q86WT6	Q80V85
Q86WT6	Q9BVG3
Q7TSN6	Q7TSN6
Q7TSN6	Q7TSN5
Q7TSN6	Q8TDV0
Q14641	Q14641
Q96LK8	Q96LK8
Q96LK8	Q66H17
Q96LK8	Q8C5V0
Q8N4C7	Q8N4C7
Q8N4C7	Q8R1Q0
Q8N4C7	O75558
Q8N4C7	Q9D3G5
Q8N4C7	A0A0G2K516
Q5RL51	Q5RL51
Q5RL51	NP_001381942
Q5RL51	Q8NEC7
A8MVS5	A8MVS5
A8MVS5	Q75VT8
P0DPD9-2	P0DPD9-2
P0DPD9-2	P0DPE0
P0DPD9-2	B2RQR8
P0DPD9-2	P0DPD6
P0DPD9-2	P0DPD9
P0DPD9-2	P0DPD8
P0DPD9-2	D4ADU7
P0DPD9-2	P0DPD7
P0DPD9-2	Q9JHL3
P0DPD9-2	Q9JMI0
P0DPD9-2	O95672
P0DPD9-2	Q61391
P0DPD9-2	P08473
P0DPD9-2	P07861
P0DPD9-2	O35812
P0DPD9-2	P70669
P0DPD9-2	P78562
P0DPD9-2	P42892
P0DPD9-2	P42893
P0DPD9-2	Q4PZA2-2
P0DPD9-2	Q4PZA2
P0DPD9-2	P42892-3
P0DPD9-2	ENSRNOP00000002335
P0DPD9-2	Q495T6
P0DPD9-2	P0C1T0
P0DPD9-2	Q9JLI3
P0DPD9-2	P23276
P0DPD9-2	Q9EQF2
P0DPD9-2	F1M761
P0DPD9-2	A8MUP2
Q80W69	Q80W69
Q80W69	A8MTZ7
XP_001080205	XP_001080205
XP_001080205	Q7RTU9
XP_001080205	Q8VIM6
XP_001080205	A6NGW2
Q3U1C6	Q3U1C6
Q3U1C6	Q17R31-4
Q3U1C6	Q17R31-3
Q3U1C6	NP_001099457
Q3U1C6	Q17R31
Q8R205	Q8R205
Q8R205	Q96K80
XP_001078893	XP_001078893
Q9NY26	Q9NY26
Q9NY26	Q9QZ03
Q9NY26	B5DEF5
Q9NY26	Q9NP94
Q9NY26	G3X943
Q9NY26	Q99K24
Q9NY26	Q9BRY0-2
Q9NY26	Q5U1X7
Q9NY26	Q9BRY0
Q8IZF5	Q8IZF5
Q8IZF5	Q8IZF5-2
Q8IZF5	Q58Y75
Q60908	Q60908
Q86VL8	Q86VL8
Q86VL8	Q96FL8-3
Q86VL8	Q5I0E9
Q86VL8	Q96FL8
Q86VL8	Q8K0H1
Q09TK9	Q09TK9
Q09TK9	P0C7L1
Q09TK9	Q6IE46
Q09TK9	Q6IE38
Q09TK9	B9EJP9
Q8C4E9	Q8C4E9
Q8C4E9	Q8BGN5
Q8C4E9	Q6P499
Q8C4E9	Q9H841
Q8C4E9	Q9H841-1
Q8C4E9	Q91WC7
Q3TBT3-2	Q3TBT3-2
Q3TBT3-2	Q3TBT3
Q3TBT3-2	Q86WV6
Q3TBT3-2	F1M391
Q3TBT3-2	A0A3G1PSE3
Q8IZS6	Q8IZS6
Q8IZS6	P11985
Q3YBR2	Q3YBR2
Q3YBR2	Q5PQK8
Q3YBR2	Q3YBR2-2
Q3YBR2	Q3UB74
Q6PD05	Q6PD05
Q6PD05	O75541
Q5JQF7	Q5JQF7
Q9CZX5	Q9CZX5
Q9CZX5	Q96BK5
Q9CZX5	A4L691
Q86UG4	Q86UG4
Q86UG4	Q86UG4-2
Q86UG4	Q8C0X7
Q86UG4	XP_914124
Q99PL6	Q99PL6
Q99PL6	NP_001102282
Q99PL6	Q9BZV1
Q8R4I7	Q8R4I7
Q8R4I7	Q8TDF5
Q8R4I7	D4AAD6
Q8R4I7	Q8NC67
Q8R4I7	Q8BNJ6
Q8R4I7	C6K2K4
P27635	P27635
P27635	XP_894815
P27635	Q6ZWV3
P27635	Q6PDV7
P27635	Q96L21
P27635	EDL11387
P27635	P86048
Q61490	Q61490
Q61490	Q13740
Q61490	Q13740-2
Q61490	O35112
Q10836	Q10836
Q10836	Q8K093
Q10836	Q9UKU6
Q10836	Q11011
Q10836	P55786
Q10836	F1M9V7
Q10836	A6NEC2
Q10836	Q6P179
Q10836	Q9NZ08-2
Q10836	Q9JJ22
Q10836	Q9EQH2
Q10836	Q9NZ08
Q10836	P97629
Q10836	Q8C129
Q10836	Q9UIQ6
Q10836	P15144
Q10836	P97449
Q10836	P15684
Q10836	Q6Q4G3
Q10836	Q2KHK3
Q10836	XP_001054995
Q10836	Q07075
Q10836	P50123
Q10836	P16406
Q6S5L8	Q6S5L8
Q6S5L8	Q92529
Q6S5L8	Q92529-2
Q6S5L8	Q61120
Q6S5L8	O70143
Q6S5L8	P29353-6
Q6S5L8	P29353
Q6S5L8	P98083-2
Q6S5L8	Q5M824
Q6S5L8	G3V8S2
Q6S5L8	P29353-3
Q6S5L8	P29353-7
Q6S5L8	P29353-2
Q6S5L8	P98083-3
Q6S5L8	P98083
Q6S5L8	Q6S5L9
Q6S5L8	P98077
Q6S5L8	Q8BMC3
Q6S5L8	O70142
Q12948	Q12948
Q12948	M0RCA0
Q12948	Q61572
Q12948	Q99958
Q12948	Q63246
Q12948	Q61850
Q12948	O60548
Q12948	Q63250
Q12948	Q63251
Q12948	Q61345
Q12948	O35392
Q12948	Q13461
Q12948	Q16676
Q12948	Q9UJU5
Q12948	XP_575873
Q12948	Q61060
Q12948	F1LR72
Q12948	Q3I5G5
Q12948	Q6ZQN5
Q12948	Q9C009
Q12948	Q63244
Q12948	O70220
Q12948	Q5VYV0
Q12948	Q64732
Q12948	Q99853
Q12948	Q64733
Q12948	Q60688
Q12948	XP_001055972
Q12948	Q9NU39
Q12948	Q12950
Q12948	Q5VV16
Q12948	Q3SYB3
Q12948	Q6VB84
Q12948	Q8WXT5
Q12948	P55317
Q12948	P23512
Q12948	P35582
Q12948	Q9Y261-2
Q12948	P32182
Q12948	P35583
Q12948	Q9Y261
Q12948	P32183
Q12948	P35584
Q12948	P55318
Q8BHB3	Q8BHB3
Q8BHB3	Q5FVQ5
Q8BHB3	Q8IWV1
Q9Y4C5	Q9Y4C5
Q9Y4C5	Q80WV3
Q9Y4C5	Q9NS84
Q9Y4C5	Q6XQG8
Q9Y4C5	Q9EP78
Q9Y4C5	O43916
Q9Y4C5	Q5RJQ0
Q9Y4C5	Q9EQC0
Q9Y4C5	Q9R1I1
Q9Y4C5	Q8NCG5
Q9Y4C5	Q9GZS9-2
Q9Y4C5	Q9GZS9
Q9Y4C5	Q9QUP4
Q9Y4C5	Q9GZX3
Q9NX36	Q9NX36
Q9NX36	Q8VCE1
P51489	P51489
P51489	P02699
P51489	P15409
P51489	P08100
P51489	Q63652
P51489	P03999
P51489	P51491
Q8K4G1	Q8K4G1
Q8K4G1	D4A917
Q8K4G1	Q8K4G1-2
Q8K4G1	Q8N2S1
Q8K4G1	Q8N2S1-2
Q8K4G1	Q8N2S1-3
Q5DTW2	Q5DTW2
Q5DTW2	XP_006254272
Q5DTW2	Q9JMD2
Q5DTW2	Q9JMD1
Q5DTW2	Q9UHJ3
Q5DTW2	Q9UHJ3-2
Q5DTW2	Q5VUG0
Q5DTW2	Q969R5
Q5DTW2	P59178
Q5DTW2	Q3MIF2
Q5DTW2	Q969R5-2
Q5DTW2	Q6P5G3
Q5DTW2	Q05BQ5
Q5DTW2	Q05BQ5-2
Q96G75	Q96G75
Q96G75	Q566Q9
Q96G75	Q91YQ7
Q96G75	Q9H871
Q96G75	D3ZWU9
Q96G75	Q80YQ8
P08887	P08887
P08887	P08887-2
P08887	P22273
P08887	P22272
P08887	Q64385
P08887	Q14626
P08887	Q99MF4
Q13332	Q13332
Q13332	Q13332-2
Q13332	Q64605
Q13332	B0V2N1-3
Q13332	B0V2N1
Q13332	P23468
Q13332	P23468-2
Q13332	Q64487
Q13332	P10586
Q13332	A2A8L5
Q13332	P10586-2
Q13332	Q64604
Q13332	P23468-5
Q13332	P23468-7
Q13332	Q92729
Q13332	F1MAG7
Q13332	B1AUH1
Q13332	F1LPJ1
Q13332	Q99M80
Q13332	O14522
Q13332	P35822
Q13332	O14522-1
Q13332	F1LXJ9
Q13332	A5I9F0
Q13332	P28827-2
Q13332	P28828
Q13332	P28827
Q13332	Q15262-4
Q13332	Q15262
Q13332	Q15262-2
Q13332	Q641Z2
Q13332	O35239
Q13332	P43378
Q8BU04	Q8BU04
Q8BU04	Q8N806
Q8BU04	Q642A8
Q8VHE0	Q8VHE0
Q8VHE0	Q9UGP8
Q8VHE0	NP_001101107
O95260	O95260
O95260	O95260-2
O95260	Q9Z2A5
O95260	D4A2N1
F8VQB6	F8VQB6
F8VQB6	Q9HD67
F8VQB6	D3ZJP6
F8VQB6	Q8VCE9
F8VQB6	Q7Z736
F8VQB6	Q3B7L1
F8VQB6	Q7Z736-2
F8VQB6	Q8NEV4
F8VQB6	Q8K3H5
F8VQB6	Q96H55
F8VQB6	D3Z8I9
F8VQB6	Q96H55-3
F8VQB6	Q96H55-4
F8VQB6	Q96H55-2
F8VQB6	Q5SV80
Q9JMB0	Q9JMB0
Q9JMB0	Q5VSY0
Q9JMB0	Q5XIG5
Q9ET39	Q9ET39
Q9ET39	Q9ET39-2
Q9ET39	D4A6B3
Q9ET39	Q96DU3
Q9ET39	Q96DU3-2
O00255	O00255
O00255	O00255-2
O00255	Q9WVR8
O00255	O88559
P56695	P56695
P56695	O76024
P56695	Q9JLT5
O43502	O43502
O43502	O43502-2
O43502	Q924H5
O43502	G3V6U0
O43502	Q14565
O43502	Q61880
O43502	Q08297
O43502	Q06609
O43502	NP_001102674
Q562F6	Q562F6
Q562F6	Q562F6-2
Q562F6	Q7TSY8
Q562F6	J3QMK1
Q562F6	NP_001258120
O95433	O95433
O95433	B0BN63
O95433	Q8BK64
O95433	A0A0G2K7W5
O95433	Q8N9S3
O95433	Q719I0
Q6P6C2-1	Q6P6C2-1
Q6P6C2-1	Q6P6C2-3
Q6P6C2-1	Q3TSG4
Q6P6C2-1	Q6P6C2-2
Q6P6C2-1	D3ZKD3
Q6P6C2-1	Q6P6C2
F2Z3M2	F2Z3M2
O09133	O09133
O09133	Q61900
O09133	O35985
O09133	O35979
Q8VDU3	Q8VDU3
Q8VDU3	Q8C7I4
P0C7P4	P0C7P4
P0C7P4	Q9CR68
P0C7P4	P13272
P0C7P4	P47985
P0C7P4	P20788
Q4KLH7	Q4KLH7
Q4KLH7	O60216
Q4KLH7	Q61550
Q4KLH7	Q9H4I0
Q4KLH7	D4ADQ7
Q4KLH7	A2AU37
Q6RUT7	Q6RUT7
Q6RUT7	D4ACY1
Q6RUT7	Q4G0I0
Q6RUT7	Q1ECT8
O94854-4	O94854-4
O94854-4	NP_001278312
C9JSJ3	C9JSJ3
C9JSJ3	A0A5K7RLP0
A4PES2	A4PES2
A4PES2	Q9BZB8
A4PES2	P70166
A4PES2	P0C279
D3Z8Q7	D3Z8Q7
D3Z8Q7	Q9Y3D0
D3Z8Q7	Q9D187
D3Z8Q7	Q9H5X1
D3Z8Q7	Q9DCL2
D3Z8Q7	Q5RJS3
Q9NW68-3	Q9NW68-3
Q9NW68-3	Q9NW68-2
Q9NW68-3	Q9NW68-4
Q9NW68-3	Q9NW68-7
Q9NW68-3	Q9NW68-8
Q9NW68-3	Q9NW68-9
Q9NW68-3	Q9NW68
Q9NW68-3	Q80Y55
Q9NW68-3	D4A3M7
A0A2R8Y2Y2	A0A2R8Y2Y2
Q5SNV9-2	Q5SNV9-2
Q5SNV9-2	Q5SNV9
Q5SNV9-2	XP_006239481
Q9BTE6-3	Q9BTE6-3
Q9BTE6-3	Q9BTE6-2
Q9BTE6-3	Q3THG9
Q9BTE6-3	A2A4P3
Q9BTE6-3	Q5XI97
Q9BTE6-3	Q9BTE6
Q9BTE6-3	E9PB15
Q9BTE6-3	A2A4P5
Q9BTE6-3	Q9D9A7
Q9BTE6-3	P83868
Q9BTE6-3	Q9R0Q7
Q9BTE6-3	Q15185
Q9BTE6-3	B4DP11
Q9BTE6-3	D3Z7C6
A0A494BZU4	A0A494BZU4
P0DW81	P0DW81
D3ZMP6	D3ZMP6
D3ZMP6	Q9NPE3
D3ZMP6	Q9CQS2
P03420	P03420
F1LTD0	F1LTD0
F1LTD0	B7ZAQ6
F1LTD0	Q8BS95
F1LTD0	P0CG08
M0RDU0	M0RDU0
M0RDU0	P23610
M0RDU0	Q00558
M0RCA3	M0RCA3
M0RCA3	Q9DB43
M0RCA3	O95159
D3ZHD3	D3ZHD3
D3ZHD3	P0DJE0
D3ZHD3	P0DJ07
Q6ZWK4	Q6ZWK4
Q69YG0	Q69YG0
Q69YG0	Q9CR22
Q8K215	Q8K215
Q8K215	Q9HD34
Q8K215	D3ZYM7
O14683	O14683
O14683	Q4QQM4
O14683	B3DMA0
Q9CR21	Q9CR21
Q9CR21	O14561
Q9CR21	D3ZF13
XP_220442	XP_220442
Q9H2W1	Q9H2W1
Q9H2W1	Q96DS6
Q9H2W1	Q99N07
Q9H2W1	Q99N09
Q9H2W1	Q99N08
Q9H2W1	Q9GZW8
Q9H2W1	Q9D2W6
NP_001101452	NP_001101452
NP_001101452	A2A791
NP_001101452	XP_224241
NP_001101452	Q9CU65
NP_001101452	Q9UBW7
NP_001101452	NP_001102151
NP_001101452	Q8BS54
NP_001101452	Q5VZL5
NP_001101452	Q5VZL5-2
NP_001101452	O95789
NP_001101452	Q9JLM4
NP_001101452	E9PTE5
NP_001101452	Q14202
NP_001101452	Q14202-2
A6NGG8	A6NGG8
A6NGG8	Q6PAC4
A6NC05	A6NC05
A6NC05	A6NC05-2
Q6Q795	Q6Q795
NP_001099823	NP_001099823
NP_001099823	Q91X78
NP_001099823	O75477
NP_001099823	Q8BFZ9
NP_001099823	O94905
NP_001099823	B5DEH2
Q96KN2	Q96KN2
Q96KN2	Q9D1A2
Q96KN2	Q96KP4
Q96KN2	Q6Q0N1
Q96KN2	Q8BUG2
Q96KN2	Q66HG3
Q8N9I5	Q8N9I5
Q8N9I5	Q80UG1
Q9H9A7	Q9H9A7
Q9H9A7	Q9D4G9
Q9H9A7	D3ZHX4
Q8IZT6	Q8IZT6
Q8IZT6	Q8IZT6-2
Q8IZT6	D3ZZQ1
Q8IZT6	Q8CJ27
Q60779	Q60779
Q60779	O95995
Q60779	Q499U4
P54071	P54071
P54071	P48735
P54071	P56574
P54071	P41562
P54071	O88844
P54071	O75874
P00751	P00751
P00751	P04186
P00751	P21180
P00751	P06681
P00751	P06681-2
P56857	P56857
P56857	P56856
P56857	P56856-2
P56857	Q5I0E5
P56857	Q9Z262
P56857	B4F7F0
P56857	O35054
P56857	Q5XIT8
P56857	Q9Z0S6
P56857	P78369
P56857	P56746
P56857	Q9Z0S5
P56857	D3ZQJ0
P56857	Q9ET38
P56857	Q9Z1L1
P56857	Q9Z261
P56857	Q5QT56
P56857	Q8N6F1
P56857	Q5ZMG2
P56857	P56745
P56857	O88551
P56857	O95832
P56857	O95471
P56857	O15551
P56857	Q9Z0G9
P56857	O14493
P56857	Q63400
P56857	P56747
P56857	Q9Z0S7
P56857	O95484
P56857	Q9JKD6
P56857	O54942
P56857	O00501
P56857	Q9Z0S4
P56857	Q5BJQ1
P56857	Q9Z0S3
P56857	O95500
P56857	Q9Z260
P56857	P56750
P56857	Q499Q7
P56857	Q8BXA6
P56857	P56748
P56857	P56880
P56857	O88552
P56857	P57739
P56857	C9JDP6
P56857	Q8N7P3
P56857	Q9D7U6
P56857	A6NM45
Q99J72	Q99J72
Q99J72	P60705
Q99J72	Q99J72-3
Q99J72	Q99J72-4
Q99J72	Q99J72-2
Q99J72	P41238
Q99J72	P51908
Q99J72	P38483
Q99J72	Q96AK3
Q99J72	Q9NRW3
Q99J72	Q8IUX4
Q99J72	Q9UH17
Q99J72	P31941
Q99J72	Q9UH17-2
Q99J72	Q9UH17-3
Q99J72	P31941-2
Q99J72	Q9HC16
Q99J72	Q8IUX4-2
Q99J72	Q8IUX4-3
Q99J72	Q9HC16-3
Q99J72	Q6NTF7
Q99J72	Q6NTF7-2
Q99J72	Q6NTF7-3
Q99J72	Q6NTF7-4
Q99J72	B4F789
Q99J72	Q9Y235
Q99J72	Q9WV35
Q99J72	Q9GZX7
Q99J72	Q9WVE0
Q99J72	Q70AG6
Q8CDA1	Q8CDA1
Q8CDA1	Q9Y2H2
Q8CDA1	D3ZKG7
Q2T9K0	Q2T9K0
Q2T9K0	E9Q4M0
Q61711	Q61711
Q61711	Q28862
Q61711	P21815
Q61711	P13839
Q8CDN6	Q8CDN6
Q8CDN6	O43396
Q8CDN6	Q920J4
O14842	O14842
O14842	Q8K3T4
O14842	Q76JU9
Q4V8K4	Q4V8K4
Q4V8K4	Q9BZJ4
Q4V8K4	Q9D8K8
Q4V8K4	Q8TBP6
Q4V8K4	Q8BGP6
Q4V8K4	Q498U3
Q4V8K4	Q91XD8
Q4V8K4	Q499U1
Q4V8K4	Q96DW6
Q86U10	Q86U10
Q86U10	A0JNU3
Q86U10	O88202
Q16822	Q16822
Q16822	NP_001101847
Q16822	Q9Z2V4
Q16822	P35558
Q16822	Q8BH04
Q16822	P07379
Q9DCQ7	Q9DCQ7
Q5SWZ5	Q5SWZ5
Q5SWZ5	Q6WCQ1-2
Q5SWZ5	Q6WCQ1
Q5SWZ5	Q6WCQ1-3
Q5SWZ5	P97434
Q5SWZ5	Q9ERE6
Q7Z6J9	Q7Z6J9
Q7Z6J9	Q8C2A2
Q7Z6J9	D3ZZT6
Q68CL5	Q68CL5
Q68CL5	Q66JT5
Q68CL5	Q6AXS8
Q96MU5	Q96MU5
Q7Z7F0	Q7Z7F0
Q7Z7F0	Q3TCX3
Q7Z7F0	NP_001386167
Q7Z7F0	Q7Z7F0-2
Q6UX68	Q6UX68
Q6UX68	Q5GH66
Q3V5L5	Q3V5L5
Q3V5L5	Q765H6
Q3V5L5	Q09328
Q3V5L5	Q8R4G6
Q3V5L5	Q08834
Q794H2	Q794H2
Q794H2	Q924R9
Q794H2	Q99457
Q794H2	P51860
Q794H2	Q9ULW6
Q794H2	P28656
Q794H2	Q9Z2G8
Q794H2	P55209
Q794H2	Q99733-2
Q794H2	Q99733
Q794H2	Q5U2Z3
Q794H2	Q78ZA7
Q794H2	Q96NT1
Q794H2	Q9JJF0
Q794H2	Q5PPG6
Q794H2	A6NFF2
Q80UF7	Q80UF7
Q80UF7	Q8IUC6
Q8CIG3	Q8CIG3
Q8CIG3	Q8NB78
Q8CIG3	D3ZP89
P20382	P20382
P20382	P56942
P20382	P14200
P20382	Q16048
P20382	Q9BQD1
Q9QXP0	Q9QXP0
Q9QXP0	Q9UBD6
Q9QXP0	Q7TNN9
Q9QXP0	Q9H310
Q9QXP0	Q8BUX5
Q9QXP0	Q68FT6
Q9QXP0	Q7TNK7
Q9QXP0	Q9QUT0
Q9QXP0	Q02094
Q9QXP0	O88298
Q9QXP0	NP_035400
Q9QXP0	P18577
Q9QXP0	P18577-12
Q9QXP0	Q02161
A6NHG4	A6NHG4
A6NHG4	O35215
A6NHG4	P80254
A6NHG4	P30046
A6NHG4	P34884
A6NHG4	P14174
A6NHG4	P30904
Q9CQA6	Q9CQA6
Q9CQA6	Q96BP2
Q6UXN8	Q6UXN8
Q6UXN8	D4AD02
Q6UXN8	Q8BRU4
Q6UXN8	Q8CJC7
Q6UXN8	Q80ZC8
Q6UXN8	O54707
Q6UXN8	O35778
Q6UXN8	Q13241
Q6UXN8	Q67EQ0
Q6UXN8	Q67DU8
Q6UXN8	Q9Z2H6
Q6UXN8	Q69FH1
Q6UXN8	D3ZWT9
Q6UXN8	Q3U3M9
Q6UXN8	Q9JKF4
Q6UXN8	Q6EIG7
Q6UXN8	Q9QZ15
Q6UXN8	Q7TS58
Q6UXN8	Q9UMR7
Q6UXN8	Q9UMR7-4
Q6UXN8	Q8JZX6
Q6UXN8	E9PT25
Q6UXN8	Q8WTT0
Q8BI41	Q8BI41
Q8BI41	Q5G5D5
Q8BI41	Q9N2K0
Q8BI41	Q9N2J8
Q8BI41	P60508
D3ZB50	D3ZB50
D3ZB50	Q6ZWV7
D3ZB50	P42766
D3ZB50	P17078
XP_001055345	XP_001055345
XP_001055345	P08708
XP_001055345	XP_356811
XP_001055345	P63276
XP_001055345	P04644
Q921Q3	Q921Q3
Q921Q3	Q9BT22
Q921Q3	NP_001101734
Q921Q3	C9J202
E9Q3D4	E9Q3D4
E9Q3D4	Q9BPX1
E9Q3D4	Q92506
E9Q3D4	P50171
E9Q3D4	Q6MGB5
F1M6K4	F1M6K4
F1M6K4	Q96BD5-3
F1M6K4	Q96BD5
F1M6K4	Q6ZPK0
F1M6K4	Q6ZPK0-2
F1M6K4	Q96BD5-2
F1M6K4	Q96EK2
F1M6K4	Q8C966
F1M6K4	Q96EK2-4
Q5I0G3	Q5I0G3
Q5I0G3	Q5F204
O75879	O75879
O75879	Q99JT1
O75879	M0R4L6
Q6P3A1	Q6P3A1
Q6P3A1	H3BQB6
D4A4F4	D4A4F4
D4A4F4	Q61127
D4A4F4	Q15742
D4A4F4	Q61122
D4A4F4	Q62722
D4A4F4	Q13506
Q8K2U2	Q8K2U2
Q8K2U2	Q3KRA9
Q8K2U2	G3V9E2
Q3V188-2	Q3V188-2
Q3V188-2	P21128
Q3V188-2	ENSRNOP00000009416
Q3V188-2	P21128-2
Q3V188-2	Q3V188
B1WBZ6	B1WBZ6
B1WBZ6	Q8C5K5
B1WBZ6	Q8TB03
Q64057	Q64057
Q64057	Q9DBF1
Q64057	P49419
Q64057	P49419-2
Q64057	P49419-4
B0BN82	B0BN82
B0BN82	Q9JJ80
B0BN82	Q9H7B2
Q8R2H5	Q8R2H5
Q8R2H5	O70362
Q8R2H5	P80108
Q8R2H5	P80109
A0A0B4J272	A0A0B4J272
A0A0B4J272	A0A0B4J266
A0A0B4J272	A0A0B4J273
A0A0B4J272	A0A0B4J277
A0A0B4J272	A0A0B4J276
A0A0B4J272	Q5R1I8
A0A0B4J272	A0A0B4J235
A0A0B4J272	A0A0B4J241
A0A0B4J272	A0A0B4J249
Q5M834	Q5M834
Q5M834	Q91WZ8
Q5M834	Q96EV8
Q5M834	Q9BQY9
Q5M834	Q331S7
Q5M834	Q9CRD4
Q9Z142	Q9Z142
Q9Z142	P57088
Q9Z142	Q9CR67
XP_038964526	XP_038964526
XP_038964526	Q7TN75
XP_038964526	Q7TN75-2
XP_038964526	Q86TG7
XP_038964526	Q86TG7-2
P0DPH9	P0DPH9
P0DPH9	A0A1B0GTR3
Q3B8N9	Q3B8N9
Q3B8N9	Q86WA6-2
Q3B8N9	Q8R164
Q3B8N9	Q86WA6
NP_001093972	NP_001093972
NP_001093972	Q9D6Y9
NP_001093972	Q04446
A0JD37	A0JD37
NP_001101665	NP_001101665
NP_001101665	Q9D783
NP_001101665	Q2TBA0
NP_001101665	A2AUC9
NP_001101665	O60662
NP_001101665	Q9ER30
P0C7U9	P0C7U9
Q8NFZ0-2	Q8NFZ0-2
Q8NFZ0-2	Q8K2I9
Q8NFZ0-2	Q8NFZ0
Q8NFZ0-2	F1M298
Q9P0J0-2	Q9P0J0-2
Q9P0J0-2	D3ZE15
Q9P0J0-2	Q9ERS2
Q9P0J0-2	Q9P0J0
P03423	P03423
D3ZPR0	D3ZPR0
D3ZPR0	P55060-3
D3ZPR0	Q9ERK4
D3ZPR0	P55060
A0A0G2K0T8	A0A0G2K0T8
A0A0G2K0T8	B3EWG3
A0A0G2K0T8	B3EWG5
A0A0G2K0T8	Q8CF02
A0A0G2K0T8	B3EWG6
P35722	P35722
P35722	P60761
P35722	Q92686
P35722	Q04940
A2A7P9	A2A7P9
A2A7P9	Q8N300
A2A7P9	Q99LQ4
A2A7P9	Q4KLG3
Q9CQB2	Q9CQB2
Q9CQB2	D3ZM07
Q9CQB2	Q9BUT9
Q9CQB2	B0BN72
Q9CQB2	Q3UGS4
Q9CQB2	C9JLW8
Q9D358	Q9D358
Q9D358	Q9D358-2
Q9D358	Q3SZ94
Q9D358	P41498
Q9D358	P24666
Q9D358	P24666-2
P70297	P70297
P70297	Q92783-2
P70297	Q92783
P70297	NP_001102591
P70297	O75886
P70297	O75886-2
P70297	Q5XHY7
P70297	O88811
Q9H0A0	Q9H0A0
Q9H0A0	D4AEB4
Q9H0A0	Q8K224
P48506	P48506
P48506	P97494
P48506	P19468
Q8VC66	Q8VC66
Q8VC66	Q9Y2D8
Q8VC66	Q9Y2D8-2
Q8VC66	Q8CGZ2
P78540	P78540
P78540	Q61176
P78540	O08691
P78540	P05089
P78540	P07824
P78540	O08701
E9Q238	E9Q238
E9Q238	NP_001032274
E9Q238	Q14678
E9Q238	Q14678-2
O00268	O00268
O00268	Q92750
O00268	XP_006254501
O00268	G5E8Z2
O00268	E9QAP7
Q92905	Q92905
Q92905	O35864
Q92905	Q4KM69
Q92905	O00487
Q92905	O35593
Q92905	Q4V8E2
Q8K1X4	Q8K1X4
Q8K1X4	P55160
Q8K1X4	Q9Y2A7-2
Q8K1X4	P55161
Q8K1X4	P28660
Q8K1X4	Q9Y2A7
Q8K1X4	D3Z8V4
Q9CYW4	Q9CYW4
Q9CYW4	B2RYT7
Q9CYW4	Q9BSH5
Q8CEL2	Q8CEL2
Q8CEL2	Q8NHU2
Q9CWU0	Q9CWU0
Q9CWU0	Q587J7
Q9H7X2	Q9H7X2
Q9H7X2	Q8BGN9
Q6NUI6	Q6NUI6
Q6NUI6	E9Q7T7
Q6NUI6	F1LVK3
Q6NUI6	A6NJW4
Q6NUI6	F1M9Z7
Q6NUI6	Q9BY71
Q6NUI6	P59034
Q6NUI6	P59035
Q6NUI6	Q96PB8
Q6NUI6	Q8VCH9
Q6NUI6	Q9Z0L0
Q6NUI6	Q13641
Q6NUI6	Q5PQV5
Q6NUI6	Q8C013
Q6NUI6	P0DKB5
Q6NUI6	O15335
Q6NUI6	O55226
Q6NUI6	O70210
Q6NUI6	Q9UBM4
Q6NUI6	Q920A0
Q6NUI6	P20774
Q6NUI6	Q62000
Q6NUI6	D3ZVB7
Q6NUI6	Q99645
Q6NUI6	P70186
O96015	O96015
O96015	Q9DCM4
O96015	P63168
O96015	Q96FJ2
O96015	Q9D0M5
O96015	P63170
O96015	P63167
O96015	Q78P75
Q9DCA7	Q9DCA7
Q9DCA7	Q9NYX4
Q9DCA7	P58821
Q9DCA7	Q9Y328
Q9DCA7	Q3KR51
Q9DCA7	P47759
Q9DCA7	P02683
Q9DCA7	Q62092
Q9DCA7	P42857
Q8N7Y1	Q8N7Y1
Q147U7	Q147U7
Q147U7	Q8CEZ1
Q96NU7	Q96NU7
Q96NU7	Q9DBA8
Q8NDA8	Q8NDA8
Q8NDA8	E0CZ22
Q8NDA8	Q8NDA8-4
Q8NDA8	A0A0G2JV05
P59055	P59055
P59055	Q8WYN3
P59055	Q9H175
P59055	Q8BGQ2
P59055	Q96S65
P59055	P59054
P59055	D4AAK3
Q6ZTQ4	Q6ZTQ4
Q6ZTQ4	Q8BL00
Q6ZWR6	Q6ZWR6
Q6ZWR6	NP_001025080
Q6ZWR6	Q6ZWR6-5
Q6ZWR6	D3ZEA8
Q6ZWR6	Q6ZWR6-2
Q6ZWR6	Q8NF91
Q6ZWR6	Q8NF91-4
Q6ZWR6	Q8NF91-3
Q8NCQ5	Q8NCQ5
Q8NCQ5	NP_001101906
Q8NCQ5	Q9QZN0
Q6SPF0	Q6SPF0
Q6SPF0	XP_038954072
Q6SPF0	D3YXK1
Q6SPF0	Q5VXD3
Q6SPF0	D3YUG0
Q6SPF0	Q5VXD3-3
A4D0S4	A4D0S4
Q2KHT4	Q2KHT4
Q2KHT4	Q6UXU4
Q2KHT4	D3ZK93
Q2KHT4	D3Z7H4
Q2KHT4	Q6AYL2
Q2KHT4	Q8R1W2
Q2KHT4	A8MUP6
Q9WV68	Q9WV68
Q9WV68	Q9NUI1
Q9WV68	Q9Z2M4
Q9WV68	Q9NUI1-2
Q9WV68	Q64591
Q9WV68	NP_001177161
Q9WV68	Q9CQ62
Q9WV68	Q16698
Q3U7U3	Q3U7U3
Q3U7U3	Q68FS3
Q3U7U3	Q9Y3I1
Q3U7U3	Q9Y3I1-2
P28324	P28324
P28324	P41158
P28324	P41971
P28324	D4A9V6
P28324	P41970
P28324	A4GTP4
P28324	P41969
P28324	P19419
Q9NX70	Q9NX70
Q9NX70	D4A108
Q9NX70	Q9DB91
A2ALV5	A2ALV5
A2ALV5	Q5VXU9
A2ALV5	Q5VXU9-2
Q5SYB0	Q5SYB0
Q5SYB0	A2AKB4
P78345	P78345
P78345	Q80UU2
P78345	Q497C2
P07686	P07686
P07686	P20060
P07686	Q6AXR4
P07686	P06865
P07686	Q641X3
P07686	P29416
Q9H2M9	Q9H2M9
Q9H2M9	Q8BMG7
Q9H2M9	Q5U1Z0
Q8NHX9	Q8NHX9
Q8NHX9	Q8BWC0
Q8NHX9	NP_001101036
Q8C5T8	Q8C5T8
Q8C5T8	Q9H0I3
Q80U19	Q80U19
Q80U19	Q86T65
Q80U19	D3ZP34
Q80U19	Q9Y4D1
Q80U19	Q9Y4D1-2
Q80U19	Q8BPM0
Q80U19	D4ABM3
P15327	P15327
P15327	P07738
P15327	Q6P6G4
P15327	Q8N0Y7
P15327	P25113
P15327	Q9DBJ1
P15327	P18669
P15327	P16290
P15327	O70250
P15327	P15259
Q9ULA0	Q9ULA0
Q9ULA0	Q4V8H5
Q9ULA0	Q9Z2W0
Q9ULA0	Q2HJH1
Q9ULA0	Q9ULA0-2
Q13505	Q13505
Q13505	NP_001155296
Q13505	P47802
Q13505	Q4KLN2
Q13505	D3YTP3
Q13505	D3ZNK1
Q13505	Q5HYI7
Q9UBZ4	Q9UBZ4
Q9UBZ4	Q68G58
Q9UBZ4	A1L132
Q9UHG3	Q9UHG3
Q9UHG3	Q9CQF9
Q9UHG3	Q99ML5
Q9UHG3	Q8C7K6
Q9UHG3	Q8NBM8
Q9UHG3	B5DEI0
Q8N801	Q8N801
Q8N801	Q9DAG5
Q8BGK9	Q8BGK9
Q8BGK9	Q9UK00
Q8BGK9	Q8R043
Q8BGK9	Q86T20
Q8BGK9	Q3V2N7
Q8N2H4	Q8N2H4
Q8N2H4	D3ZY25
Q8N2H4	Q78S06
Q8NEZ5	Q8NEZ5
Q8NEZ5	Q78JE5
Q8NEZ5	Q32Q88
Q920I0	Q920I0
Q920I0	Q9CQ58
Q920I0	Q9DAS4
Q920I0	Q63545
Q920I0	O08627
Q920I0	Q9DAY2
Q920I0	P09586
Q920I0	P09321
Q920I0	O35258
Q920I0	P24800
Q920I0	Q9JII2
Q920I0	Q9JII4
Q920I0	O35257
Q6GMR7	Q6GMR7
P29536	P29536
P29536	Q8BVA4
P29536	A0A0G2K0D3
P29536	Q6P5Q4
P29536	Q3UHZ5
P29536	A1A5Q0
P29536	XP_575617
P29536	E9QA62
P29536	Q0VAK6
Q3UZ34	Q3UZ34
P57775	P57775
P57775	Q9JMJ2
P57775	D4A2V7
P13284	P13284
P13284	Q9ESY9
P13284	Q499T2
Q9H0W9	Q9H0W9
Q9H0W9	Q91V76
Q9H0W9	Q5U2Q3
Q8TAZ6	Q8TAZ6
Q8TAZ6	Q9DAR1
Q8TAZ6	Q6AYN6
Q8TAZ6	Q9DAC0
Q03410	Q03410
Q03410	Q62209
Q03410	Q15431
B1H228	B1H228
B1H228	Q3UX62
B1H228	Q96M63
D3ZYT2	D3ZYT2
D3ZYT2	P82675
D3ZYT2	Q99N87
Q8IVE3	Q8IVE3
Q8IVE3	XP_233830
Q8IVE3	Q8IVE3-3
Q8IVE3	Q8C115
Q8IVE3	Q8IVE3-2
Q8IVE3	Q9ULM0
Q8IVE3	Q80TI1
Q8IVE3	D4AA54
Q9Y561	Q9Y561
Q9Y561	D3ZCF7
Q9Y561	Q8BUJ9
Q9Y561	O75074
Q9Y561	O88204
Q9Y561	E9Q1T6
Q9Y561	Q7TQH7
Q9Y561	NP_001382489
Q9Y561	Q7Z4F1
NP_444179	NP_444179
NP_444179	P06684
NP_444179	P01031
NP_444179	Q14BD9
Q91V87	Q91V87
Q91V87	Q8N441
Q91V87	Q7TQM3
O60906	O60906
O60906	O70572
O60906	Q9ET64
Q96CB5	Q96CB5
P49192	P49192
P49192	P49192-2
P49192	Q16568
P49192	P56388-2
P49192	P56388
D2EAC2	D2EAC2
D2EAC2	P86452
Q8CI59-2	Q8CI59-2
Q8CI59-2	Q8CI59
Q8CI59-2	Q658P3
Q8CI59-2	Q5RKL5
Q8CI59-2	Q658P3-2
Q8CI59-2	Q6NZ63-2
Q8CI59-2	Q9CWR7
Q8CI59-2	Q9UHE8
Q8CI59-2	Q6NZ63
Q8CI59-2	D3ZEK7
Q8CI59-2	Q923B6
Q8CI59-2	Q687X5
Q8CI59-2	Q4V8K1
Q8CI59-2	Q8NFT2
Q8CI59-2	Q8BWB6
Q8CI59-2	D4A6H3
Q3TZW0	Q3TZW0
Q3TZW0	Q19T08
Q9NP59	Q9NP59
Q9NP59	Q9JHI9
Q9NP59	Q923U9
Q9R1V6-11	Q9R1V6-11
Q9R1V6-11	Q9R1V6-10
Q9R1V6-11	Q9P0K1-2
Q9R1V6-11	Q9R1V6
Q9R1V6-11	Q9P0K1
Q9R1V6-11	Q63180
Q9R1V6-11	O35227
Q9R1V6-11	O75077
Q9R1V6-11	Q9R1V7
Q9R1V6-11	O75077-2
Q9R1V6-11	Q9BZ11
Q9R1V6-11	Q923W9
Q9R1V6-11	Q9H013
Q9R1V6-11	O35674
Q9R1V6-11	Q9H013-2
Q9R1V6-11	Q9R1V4
Q9R1V6-11	O75078
Q9R1V6-11	O75078-2
Q9R1V6-11	Q9JI76
Q9R1V6-11	Q9UKJ8
Q9R1V6-11	XP_008763105
Q9R1V6-11	O43184
Q9R1V6-11	F1M9Z9
Q9R1V6-11	Q61824
Q9R1V6-11	Q9H2U9
Q9R1V6-11	Q9QYV0
Q9R1V6-11	Q13444-11
Q9R1V6-11	Q13444-12
Q9R1V6-11	Q13444-2
Q9R1V6-11	Q13444-10
Q9R1V6-11	Q13444-5
Q9R1V6-11	Q13444-8
Q9R1V6-11	O88839
Q9R1V6-11	Q13444
Q9R1V6-11	Q7M763
Q9R1V6-11	Q9R159
Q9R1V6-11	Q05910
Q9R1V6-11	XP_574584
Q9R1V6-11	P78325
Q9R1V6-11	Q9R0X2
Q9R1V6-11	Q61072
Q9R1V6-11	Q13443
Q9R1V6-11	Q58GH6
Q9R1V6-11	Q9JLN6
Q9R1V6-11	Q9UKQ2
Q9R1V6-11	O15204
Q9R1V6-11	Q8R534
Q9R1V6-11	Q60813
Q9R1V6-11	P70505
Q9R1V6-11	Q6NVV9
Q9R1V6-11	Q9UKF2
Q91YN1	Q91YN1
Q91YN1	Q9NWS6
Q91YN1	Q8C569
Q91YN1	Q4QQT2
Q91YN1	Q9BPY3
P28184	P28184
P28184	A1L3X4
P28184	P13640-2
P28184	P0DM35
P28184	P04355
P28184	P13640
P28184	P37361
P28184	Q93083
P28184	P04733
P28184	P25713
P28184	P80294
P28184	Q8N339
P28184	P02802
P28184	P02798
P28184	P04731
P28184	P04732
P28184	P02803
P28184	P07438
P28184	P02795
P28184	P80297
P28184	P47944
P28184	P47945
Q8N998	Q8N998
Q8N998	Q9DA73
Q8N998	B2RZ86
Q53HC9	Q53HC9
Q53HC9	Q8K0G5
Q53HC9	Q5PPK9
Q9NXG0-2	Q9NXG0-2
Q9NXG0-2	Q9NXG0
Q9NXG0-2	A2AM05-2
Q9NXG0-2	A2AM05
Q9NXG0-2	A9ZSY0
Q8N3G9	Q8N3G9
Q8N3G9	Q8N3G9-2
Q8N3G9	Q6NXM3
Q8N3G9	Q5RJK4
Q8N446	Q8N446
Q96BN6	Q96BN6
Q96BN6	Q6NSV7
Q96BN6	Q5PQL8
Q96BN6	Q96BN6-2
Q96BN6	Q6NSV7-5
Q9CXP5	Q9CXP5
H3BR10	H3BR10
Q810S2	Q810S2
Q810S2	A8MZ97
Q9HCU8	Q9HCU8
Q9HCU8	Q9CWP8
P97361	P97361
P97361	Q8K4I4
P97361	D3ZWC2
P97361	Q9CQX3
P97361	Q9NP55
Q9D0B1	Q9D0B1
Q9D0B1	Q96C55
Q9D0B1	Q9P0T4
Q9D0B1	Q9UK33
Q9D0B1	Q9DB38
P17021	P17021
P17021	Q8NEK5
P17021	Q6NXM6
P17021	Q6ZSS3
P17021	Q5SVQ8
P17021	Q811F1
P17021	Q6P9A1
P17021	Q96HQ0
P17021	Q6PK81
P17021	Q9BWM5
P17021	Q96K75
P17021	Q15937
P17021	Q9NXT0
A6NLU5	A6NLU5
A6NLU5	Q9JME9
A6NLU5	Q6PDS0
A6NLU5	Q96N03
A6NLU5	XP_342562
A6NLU5	Q8TAG5-2
A6NLU5	Q8R0A6
A6NLU5	Q8TAG5
Q8TCX1	Q8TCX1
Q8TCX1	Q8K0T2
Q8TCX1	Q6AY43
E9Q6E9	E9Q6E9
E9Q6E9	Q8NDZ2-3
E9Q6E9	F1LWT0
E9Q6E9	Q8NDZ2
P03971	P03971
P03971	P27106
P03971	P49000
Q8CHG1	Q8CHG1
Q8CHG1	O15075-2
Q8CHG1	Q9JLM8-2
Q8CHG1	O08875
Q8CHG1	XP_017446628
Q8CHG1	Q5VZY9
Q8CHG1	O15075
Q8CHG1	O88809
Q8CHG1	O43602
Q8CHG1	Q9ESI7
Q8CHG1	O43602-2
Q8CHG1	Q9CXL6
Q8CHG1	XP_001081444
Q8CHG1	Q9JLM8
Q8CHG1	Q8N568-3
Q8CHG1	Q8N568
Q8CHG1	Q5MPA9
Q8CHG1	Q6PGN3
Q8CHG1	Q6PGN3-3
Q8CHG1	Q13554
Q8CHG1	Q923T9
Q8CHG1	Q13557
Q8CHG1	F1LNI8
Q8CHG1	Q13555-9
Q8CHG1	Q923T9-3
Q8CHG1	Q13555-10
Q8CHG1	P11730
Q8CHG1	Q13557-8
Q8CHG1	Q13555
Q8CHG1	Q6PHZ2-5
Q8CHG1	P15791
Q8CHG1	P28652
Q8CHG1	Q13555-4
Q8CHG1	Q6PHZ2
Q8CHG1	P08413
Q8CHG1	Q13555-6
Q8CHG1	Q13555-5
Q8CHG1	Q13557-10
Q8CHG1	Q13555-2
Q8CHG1	Q13554-2
Q8CHG1	Q13554-6
Q8CHG1	Q3TY93
Q8CHG1	Q13554-8
Q8CHG1	Q13555-11
Q8CHG1	P11798-2
Q8CHG1	Q13554-4
Q8CHG1	Q13557-3
Q8CHG1	Q9Z2F1
Q8CHG1	Q13555-7
Q8CHG1	Q5SVJ0
Q8CHG1	Q13554-3
Q8CHG1	Q13557-11
Q8CHG1	Q13557-4
Q8IVI9-4	Q8IVI9-4
Q8IVI9-4	Q8IVI9
Q8IVI9-4	Q6WKZ7
Q8IVI9-4	Q5I0D6
Q6IEG0	Q6IEG0
Q6IEG0	Q9D361
Q8TBR5	Q8TBR5
Q02383	Q02383
Q02383	P04279
Q8CET2	Q8CET2
Q8CET2	Q8IYJ2
A2AL36	A2AL36
A2AL36	Q7Z7A1-3
A2AL36	NP_001101306
A2AL36	Q7Z7A1
A2AL36	Q7Z7A1-2
XP_011242545	XP_011242545
Q0VG51	Q0VG51
Q0VG51	Q9NRR1
P83871	P83871
P83871	Q7RTV0
P83871	P83870
B0V2P5	B0V2P5
B0V2P5	Q8BPN8
B0V2P5	Q6PNC0
B0V2P5	Q8TDJ6-3
B0V2P5	Q8TDJ6
B0V2P5	Q9Y485
B0V2P5	D4AA13
B0V2P5	XP_006243160
B0V2P5	Q8TDJ6-2
Q9D0T7	Q9D0T7
Q9D0T7	P0CG01
Q9D0T7	Q9NS71
Q9D0T7	Q9CR36
XP_219290	XP_219290
XP_219290	XP_001079319
XP_219290	A6NKP2
XP_219290	XP_003086684
XP_219290	Q9D665
XP_219290	Q8WUS8
NP_001128099	NP_001128099
NP_001128099	Q9D4Y8
NP_001128099	A0A1B0GVZ9
Q7RTY8	Q7RTY8
Q7RTY8	Q8BIK6
Q7RTY8	P86091
Q7RTY8	Q920S2
Q7RTY8	Q9D9M0
Q7RTY8	Q7RTY9
Q7RTY8	Q8BZ10
Q7RTY8	Q5QSK2
Q7RTY8	Q7RTY5
Q7RTY8	Q14B25
Q7RTY8	Q8IU80
Q7RTY8	Q9DBI0
Q7RTY8	Q9Y6M0
Q7RTY8	P49863
Q7RTY8	O35205
Q7RTY8	P04070-2
Q7RTY8	P04070
Q7RTY8	Q9Y337
Q7RTY8	Q9D140
Q7RTY8	P31394
Q7RTY8	P33587
Q7RTY8	Q8BLH5
Q7RTY8	Q9UI38
Q7RTY8	P16294
Q7RTY8	P16296
Q7RTY8	P00740
Q7RTY8	Q3U3V1
Q7RTY8	O88947
Q7RTY8	P00742
Q7RTY8	P08709
Q7RTY8	Q8K3U6
Q7RTY8	P70375
Q7RTY8	Q7RTY3
Q8BRG9	Q8BRG9
Q8BRG9	P97334
Q8BRG9	Q8TAU0
Q8BRG9	A6NCS4
Q8BRG9	P52952
Q8BRG9	P52952-2
Q8BRG9	P42582
Q8BRG9	O35767
Q8BRG9	P43699-3
Q8BRG9	P23441
Q8BRG9	P50220
Q8BRG9	P43699
Q8BRG9	Q9H2Z4
Q8BRG9	Q9EQM3
Q8BRG9	P43688
Q8BRG9	O95096
Q8BRG9	P42586
Q8BRG9	O15522
Q8BRG9	Q9NP08
Q8BRG9	O70218
Q8BRG9	P43687
Q8BRG9	A2RU54
Q8BRG9	P97436
Q8BRG9	Q99801
M0R5U4	M0R5U4
M0R5U4	P51830
M0R5U4	O60503
M0R5U4	P19754
M0R5U4	Q08828
M0R5U4	O88444
M0R5U4	Q08462
M0R5U4	P26769
M0R5U4	Q80TL1
Q61205	Q61205
Q61205	Q15102
Q61205	P68402
Q61205	Q61206
Q61205	O35264
Q61205	Q29460
Q61205	O35263
Q61205	P68402-4
Q99LY2	Q99LY2
Q99LY2	Q7L5L3
Q99LY2	Q0VGK4
Q99LY2	Q8N9F7
Q99LY2	Q9CRY7
Q5T013	Q5T013
Q5T013	Q8R1F5
Q5T013	F1LZJ4
O95059	O95059
O95059	Q9CQH8
O95059	D4A157
Q5VT28	Q5VT28
Q9NZ42	Q9NZ42
Q9NZ42	Q9CQR7
Q9NZ42	Q6QI68
Q8BM93	Q8BM93
Q8IVJ8	Q8IVJ8
Q8IVJ8	Q8IVJ8-3
O95561	O95561
Q86YA3	Q86YA3
Q86YA3	Q86YA3-6
Q86YA3	Q0VGT4
Q9R1R4	Q9R1R4
Q9R1R4	Q8NHU6-2
Q9R1R4	Q8K1H1
Q9R1R4	Q8NHU6
B3KS81	B3KS81
Q9NTU4	Q9NTU4
Q9NTU4	Q9CQP8
Q96HL8	Q96HL8
Q96HL8	B0BNA1
Q96HL8	O08641
Q63228	Q63228
Q63228	O60234
Q63228	P60983
Q63228	Q80T18
Q63228	Q9ERL7
Q63228	Q9CQI3
Q3U145	Q3U145
Q3U145	Q6YI46
Q8TEU8	Q8TEU8
Q8TEU8	Q7TQN3
Q8TEU8	P0C5J5
Q8TEU8	Q96NZ8
Q8TEU8	Q8R0S6
B2RYE2	B2RYE2
B2RYE2	Q3UV16
B2RYE2	Q3MIP1
Q9D6Y1	Q9D6Y1
Q9D6Y1	Q9BQI4
A6NGY1	A6NGY1
A6NGY1	Q96QU4
A6NGY1	Q64ET8
O76050	O76050
O76050	Q923S6
O76050	A8MQ27
O76050	A8MQ27-2
O76050	C9DQJ9
O76050	Q0MW30
O76050	A8MQ27-3
O76050	Q96EH8
O76050	Q8CJC5
O76050	Q5M870
O43745	O43745
O43745	Q810D1
O43745	Q9D869
O43745	P61023
O43745	Q99653
O43745	P61022
O43745	Q63811
O43745	P28470
O43745	Q63810
O43745	P63098
O43745	P63100
O43745	Q96LZ3
A6NI87	A6NI87
A6NI87	Q9CVN6
A6NI87	Q9D1C2
A6NI87	Q8K4I6
A6NI87	Q9Y3M2
Q8TAA5	Q8TAA5
Q8TAA5	D4A676
Q8TAA5	O88396
Q8TAA5	P97576
Q8TAA5	Q9HAV7
Q8TAA5	Q99LP6
Q7L0X0	Q7L0X0
Q7L0X0	Q496Z2
Q7L0X0	Q9DBY4
Q7L0X0	Q80WD0
Q7L0X0	Q86UN2
Q7L0X0	Q8K0S5
Q7L0X0	Q80WD1
Q7L0X0	Q7M6Z0
Q7L0X0	Q86UN3
Q7L0X0	Q99M75
Q7L0X0	Q9BZR6
Q7L0X0	Q99PI8
Q7L0X0	P35858-2
Q7L0X0	P35858
Q7L0X0	P70389
Q7L0X0	P35859
Q7L0X0	Q2I0M4
Q7L0X0	Q91W20
Q7L0X0	Q6P7C4
Q7L0X0	Q9CQ76
Q7L0X0	O88186
Q7L0X0	P14770
Q7L0X0	Q7Z2Q7
Q7L0X0	A2VDH3
Q7L0X0	Q5VT99
Q7L0X0	F1LUD9
Q7L0X0	Q8TCA0
Q7L0X0	Q8CI70
Q7L0X0	Q9DBB9
Q7L0X0	P22792
Q7L0X0	P02750
Q7L0X0	Q91XL1
P53384	P53384
P53384	Q9R060
P53384	Q5I0L4
P53384	Q9R061
P53384	Q9Y5Y2
P53384	Q68FS1
P53384	D3ZFQ3
P53384	Q8TB37
P53384	Q9CWD8
Q9CUF7	Q9CUF7
Q9ULZ1	Q9ULZ1
Q9ULZ1	Q9R0R3
Q9ULZ1	Q9R0R4
NP_001159816	NP_001159816
NP_001159816	NP_001159826
NP_001159816	A2CG29
NP_001159816	A2CG22
NP_001159816	Q811D8
NP_001159816	Q9UIR0
NP_001159816	Q8BJE2
NP_001159816	Q7TST0
NP_001159816	F7FDE0
NP_001159816	O00478
NP_001159816	P78410
NP_001159816	O00481
NP_001159816	Q6UXG8
NP_001159816	Q96KV6
NP_001159816	Q7KYR7-1
NP_001159816	Q8WVV5
NP_001159816	Q6UXE8
NP_001159816	Q7KYR7
NP_001159816	D4A076
NP_001159816	A4QPC6
NP_001159816	Q13410
NP_001159816	Q62556
NP_001159816	Q9JLN5
NP_001159816	Q96PL5
NP_001159816	Q6UX41
NP_001159816	Q6UX41-6
NP_001159816	Q6UX41-2
NP_001159816	O75678
NP_001159816	O75679
NP_001159816	O75677
NP_001159816	D3Z841
NP_001159816	Q9JK39
NP_001159816	Q9JK39-2
NP_001159816	A8MVZ5
Q6P5X7	Q6P5X7
Q6P5X7	Q149F5
Q9H7X7	Q9H7X7
Q9H7X7	Q9DAI2
Q9H7X7	Q5FVJ7
A0A1W2PQ72	A0A1W2PQ72
P0CG00	P0CG00
P0CG00	A6NJL1
P0CG00	Q9BUG6
P0CG00	A6NGD5
P0CG00	B2RTN3
Q7Z429	Q7Z429
Q7Z429	Q6P6R0
Q7Z429	Q9ESF4
Q7Z429	Q8K097
Q7Z429	Q9BWQ8
Q7Z429	Q8K097-2
Q7Z429	O88407
Q7Z429	Q969X1
Q7Z429	Q8BJZ3
Q7Z429	Q6AYE0
Q7Z429	Q9HC24
Q7Z429	Q9DA39
NP_604454	NP_604454
NP_604454	Q8BIF0
NP_604454	Q8BIF0-2
NP_604454	Q8TCZ2-5
NP_604454	Q8TCZ2-2
NP_604454	Q8TCZ2
NP_604454	P14209
NP_604454	Q8VCN6
NP_604454	B4F7A5
Q8VEA7	Q8VEA7
Q8VEA7	P57738
Q8VEA7	Q5XIF1
P12624	P12624
P12624	P26645
P12624	P30009
P12624	P29966
P12624	P16527
P12624	P28667
P12624	P49006
P12624	Q9EPH2
Q3TV65	Q3TV65
Q3TV65	Q8N594
Q0VBF8	Q0VBF8
Q0VBF8	Q69YW2
Q8VDX6	Q8VDX6
Q8VDX6	Q9Y2B1
Q9CQG9	Q9CQG9
Q9CQG9	Q9NV29
Q9CQG9	Q569C0
Q5T230	Q5T230
Q5T230	Q6J1H4
Q5T230	B3FIB5
Q9NXR5	Q9NXR5
Q9NXR5	Q99LW0
Q9NXR5	Q569N2
Q9NXR5	Q7Z713
Q9CY24	Q9CY24
Q9CY24	D3ZRN1
Q9CY24	Q7Z7N9
Q8C3D7	Q8C3D7
Q53TQ3	Q53TQ3
Q53TQ3	Q66JY2-4
Q53TQ3	Q66JY2
Q641Q3	Q641Q3
Q641Q3	Q8VE43
Q641Q3	Q5RJL6
Q641Q3	Q9UJH8
Q641Q3	Q8C1Q4
Q641Q3	Q5Q0T9
Q2TAM9	Q2TAM9
Q2TAM9	Q673H1
Q9NPJ3	Q9NPJ3
Q9NPJ3	Q9NPJ3-2
Q9NPJ3	Q9CQR4
Q9NPJ3	D3ZA93
Q8N1A6	Q8N1A6
Q8N1A6	Q8BGN2
Q3KNI6	Q3KNI6
Q3KNI6	Q9NQM4
Q6ZWH5	Q6ZWH5
Q6ZWH5	Q3UGM2
Q14119	Q14119
Q14119	XP_001081191
Q14119	Q5SXC4
Q14119	P56270-2
Q14119	A8QJL8
Q14119	P56270
Q14119	O97600
Q14119	P56671
Q1AHR6	Q1AHR6
Q8WVE0	Q8WVE0
Q8WVE0	Q9CY45
Q8WVE0	B5DEG5
Q3UWK9	Q3UWK9
Q3KNE1	Q3KNE1
Q3KNE1	P56180
Q3KNE1	P56180-3
Q3KNE1	Q6XPS3
Q3KNE1	P60484-2
Q3KNE1	O08586
Q3KNE1	P60484
Q3KNE1	O54857
P61166	P61166
P61166	P61165
A4D126	A4D126
A4D126	Q5S6T3
A4D126	Q5RJG7
Q86WN2	Q86WN2
Q86WN2	P01574
Q86WN2	Q80ZF2
Q86WN2	P05000
Q86WN2	Q9P0W0
Q86WN2	Q7TSL0
Q86WN2	P70499
Q86WN2	P01575
Q86TS9	Q86TS9
Q86TS9	Q86TS9-4
Q86TS9	Q9D0Y8
Q86TS9	B2RYV8
Q9D8Y1	Q9D8Y1
Q9D8Y1	Q5HZA9
Q9D8Y1	Q9H061
Q5I0X7	Q5I0X7
Q5I0X7	Q9DAC7
A2AAE1-3	A2AAE1-3
A2AAE1-3	Q2LD37-2
A2AAE1-3	Q2LD37-4
A2AAE1-3	Q2LD37
A2AAE1-3	A0A096MJT6
A2AAE1-3	A2AAE1
P55822	P55822
P55822	Q9JJU8
P55822	NP_001376179
P55822	Q9WUZ7
P55822	D3ZU20
P55822	O75368
P55822	Q8BG73
P55822	Q9UJC5
P55822	B5DFD8
P55822	Q9H299
P55822	Q91VW3
P55822	B2RZ27
B1AYH7	B1AYH7
B1AYH7	Q80SU4
B1AYH7	XP_578472
B1AYH7	Q810G5
B1AYH7	P01572
B1AYH7	Q61716
B1AYH7	P01568
B1AYH7	P05014
B1AYH7	P01569
B1AYH7	P05013
B1AYH7	P32881
B1AYH7	P01570
B1AYH7	P05015
B1AYH7	P01567
B1AYH7	P01562
B1AYH7	P01566
B1AYH7	P01563
B1AYH7	P01571
Q8BVM2	Q8BVM2
Q8BVM2	A6NF34
Q8BVM2	Q9H6X2
Q8BVM2	Q9H6X2-4
Q8BVM2	Q0PMD2
Q8BVM2	Q9CZ52
Q8BVM2	P58335
Q8BVM2	Q00IM8
Q8BVM2	Q6DFX2
Q8BVM2	P58335-4
Q8BVM2	XP_001060031
Q8BVM2	XP_001061161
Q8WVK7-2	Q8WVK7-2
F6TQD1	F6TQD1
F6TQD1	A0A0G2JYP9
F6TQD1	Q495C1-2
F6TQD1	Q495C1-3
F6TQD1	Q495C1-5
F6TQD1	Q495C1
O14602	O14602
O14602	Q60872
O14602	Q8BMJ3
O14602	Q6VV72
O14602	B5DF60
O14602	P47813
Q3TCN2	Q3TCN2
Q3TCN2	Q8NHP8
Q3TCN2	Q4QQW8
Q3TCN2	Q6P4A8
Q3TCN2	Q8VCI0
Q3TCN2	Q5U2V4
XP_001071820	XP_001071820
XP_001071820	P63039
XP_001071820	P63038
XP_001071820	P10809
XP_001058513	XP_001058513
XP_001058513	B0BN99
XP_001058513	O54879
XP_001058513	O15347
XP_001058513	P10103
XP_001058513	B2RPK0
XP_001058513	P52925
XP_001058513	P63159
XP_001058513	P09429
XP_001058513	P26583
XP_001058513	P17741
XP_001058513	P30681
XP_001058513	P63158
XP_001058513	Q8WW32
XP_001058513	Q6P8W9
XP_001058513	D3ZMW8
NP_001102296	NP_001102296
NP_001102296	Q15025
NP_001102296	Q9WUU8
NP_001102296	Q15025-2
NP_001102296	Q96KP6
NP_001102296	Q3MI11
Q75Q41	Q75Q41
Q75Q41	Q9CPQ3
Q75Q41	Q9NS69
BAC65787	BAC65787
BAC65787	Q80TE0
BAC65787	Q9BWH6
BAC65787	Q3T1I9
Q9NV23	Q9NV23
Q9NV23	Q8R197
Q9NV23	P08635
Q8N9F0	Q8N9F0
Q8N9F0	D3ZVU9
Q8N9F0	Q3UGX3
Q8N9F0	Q8CHQ9
Q8N9F0	M0RDW3
Q8N9F0	P85118
Q8N9F0	Q9QXT4
Q8N9F0	Q8CID2
Q8N9F0	Q9QXS8
Q8N9F0	Q9QXS7
Q8N9F0	Q9JIY7
Q8N9F0	Q9QXT3
Q8N9F0	Q9JIZ0
Q8N9F0	Q9UHE5
Q8N9F0	Q9UHF3
Q8N9F0	Q9JIY6
Q8N9F0	Q9QXS4
Q8N9F0	E0CYR6
Q8N9F0	Q9JIY8
O70325-3	O70325-3
O70325-3	P36969
O70325-3	P36970-3
O70325-3	O70325
O70325-3	P36970
O70325-3	Q64625
O70325-3	P22352
O70325-3	P30710
O70325-3	O75715
O70325-3	P21765
O70325-3	Q91WR8
O70325-3	P59796
O70325-3	P46412
O70325-3	P23764
O70325-3	D3ZPW7
O70325-3	Q8TED1
O70325-3	Q9D7B7
O70325-3	P07203
O70325-3	P11352
O70325-3	P83645
O70325-3	Q9JHC0
O70325-3	P04041
O70325-3	P18283
O70325-3	Q96SL4
O70325-3	Q99LJ6
O70325-3	D3ZQI1
Q9D3S5	Q9D3S5
Q9D3S5	Q6NXP6
Q9D844	Q9D844
Q9D844	Q9NNZ3
O55233	O55233
O55233	O95813
O55233	Q8N907
O55233	Q76LW6
O55233	D3ZGN3
P18596	P18596
P18596	Q93084-5
P18596	Q64518-1
P18596	Q93084-4
P18596	Q93084-1
P18596	Q64578
P18596	Q8R429
P18596	O14983
P18596	Q93084
P18596	P04191
P18596	Q64518
P18596	O55143
P18596	P11507
P18596	P16615
P18596	P16615-3
P18596	Q0VCY0
P18596	P16615-2
P18596	O75185-3
P18596	A7L9Z8
P18596	Q8R4C1
P18596	O75185
P18596	P98194-7
P18596	P98194-4
P18596	Q80XR2
P18596	P98194-3
P18596	Q64566
P18596	P98194
P18596	P98194-8
Q9D4C1	Q9D4C1
Q9D4C1	Q8N9Z9
P09466	P09466
Q8BHV0	Q8BHV0
P43024	P43024
P43024	P10817
P43024	P43023
P43024	P12074
P43024	P10818
P43024	P07471
P43024	Q02221
Q6XBJ3	Q6XBJ3
Q6XBJ3	O95948
Q6XBJ3	O60422
Q6XBJ3	Q9UBC0
Q6XBJ3	O08755
Q6XBJ3	P70512
Q6XBJ3	XP_032746578
Q6XBJ3	Q8K557
Q8N945	Q8N945
Q8N945	Q0VBB0
O15444	O15444
O15444	O35903
Q9BVW6	Q9BVW6
Q9QYN8	Q9QYN8
Q9QYN8	P58406
Q9QYN8	Q9Y5N1
Q9QYN8	Q9H3N8
Q9QYN8	Q91ZY1
Q9QYN8	Q91ZY2
Q9QYN8	O00155
Q9QYN8	P0C5I1
Q6I929	Q6I929
Q6I929	O55060
Q6I929	P51580
Q6I929	Q9Z0T0
Q96A29	Q96A29
Q96A29	Q8BLX4
Q96A29	NP_001101218
Q9UBD9	Q9UBD9
Q9UBD9	Q9QZM3
Q9UBD9	Q6R2R3
Q9UBD9	P83714
Q9UBD9	Q60753
Q9UBD9	Q16619
Q9UBD9	Q63086
P53803	P53803
P53803	Q63871
O70342	O70342
O70342	Q15761
O70342	Q63634
O43555	O43555
O70437	O70437
O70437	P97471
O70437	Q13485
O70437	Q6P7A6
O70437	P70340
O70437	Q15797
O70437	Q9R1V3
O70437	P97454
O70437	Q99717
O70437	Q1W668
O70437	P84025
O70437	P84022
O70437	Q8BUN5
O70437	Q62432
O70437	Q15796
O70437	O70436
O70437	O15198
O70437	O54835
O70437	Q9JIW5
A6NCS6	A6NCS6
A6NCS6	D4A6R4
A6NCS6	Q9CYS6
XP_005665516	XP_005665516
XP_005665516	P00126
XP_005665516	Q5M9I5
XP_005665516	P99028
XP_005665516	P07919
XP_005665516	A0A096LP55
XP_001054768	XP_001054768
Q8N8E1	Q8N8E1
Q14D22	Q14D22
Q14D22	Q9BY43
Q14D22	D4A9Z8
Q14D22	Q9H444
Q14D22	Q9D8B3
Q14D22	Q9BY43-2
Q14D22	Q96CF2
Q14D22	Q569C1
Q14D22	Q9D7F7
Q9D3Y4	Q9D3Y4
Q5RKG1	Q5RKG1
Q5RKG1	Q8C804
Q5RKG1	Q8N0Z3
Q9NWW0	Q9NWW0
Q9NWW0	Q9CYQ5
Q9NWW0	Q80V38
A6NNL5	A6NNL5
A6NNL5	Q0VG49
A6NCI5	A6NCI5
XP_001080025	XP_001080025
XP_001080025	Q7TPN9
XP_001080025	Q9BWN1
D3ZPD6	D3ZPD6
D3ZPD6	A0PJY2
D3ZPD6	Q0VDQ9
D3ZPD6	Q8TBJ5
D3ZPD6	Q9ESP5
C9JUS6	C9JUS6
A2RU37	A2RU37
Q80VY2	Q80VY2
Q80VY2	Q9NTI7
Q9NPU4	Q9NPU4
D3Z291	D3Z291
D3Z291	Q8IU99
D3Z291	J3QMI4
D3Z291	Q86XJ0-2
D3Z291	Q86XJ0
D3Z291	D4A158
D3Z291	Q5RJQ8
D3Z291	Q9HA72
D3Z291	Q8VEC4
D3Z291	Q5R3K3
D3Z291	Q561R8
D3Z291	Q8C9E8
D3Z291	Q5FWS4
D3Z291	Q8N5C1
D3Z291	Q8R100
D3Z291	Q8CE93
D3Z291	Q5JW98
Q8C1R3	Q8C1R3
Q8C1R3	Q8WW18
Q7TFA1	Q7TFA1
Q7TFA1	P0DTD8
Q8N0V1	Q8N0V1
Q8IUX1	Q8IUX1
Q8IUX1	Q9D1R1
Q8IUX1	B2RZD2
Q8N8P6	Q8N8P6
A6NC62	A6NC62
Q9GZY1	Q9GZY1
Q8NES8	Q8NES8
Q8NES8	Q30KN8
Q8NES8	Q32ZG7
O14603	O14603
Q6UWV7	Q6UWV7
Q6UWV7	A2A9G7
Q6UWV7	A6NKW6
Q6UWV7	Q9D1Y9
B0BNA5	B0BNA5
B0BNA5	Q9CQI6
B0BNA5	Q14019
Q8WTV0	Q8WTV0
Q8WTV0	Q8WTV0-5
Q8WTV0	Q61009
Q8WTV0	Q8WTV0-2
Q8WTV0	P97943
Q8WTV0	P27615
Q8WTV0	Q14108-2
Q8WTV0	O35114
Q8WTV0	Q14108
Q8WTV0	P16671
Q8WTV0	Q08857
Q8WTV0	Q07969
Q8C6G0	Q8C6G0
Q8C6G0	Q96BM0
Q8C6G0	Q6P9X5
Q8C6G0	P09912-3
Q8C6G0	P09912
Q8C6G0	Q9H2X8
Q8C6G0	P40305
Q8C6G0	Q8R412
Q80WF0	Q80WF0
Q80WF0	XP_357051
Q80WF0	Q96JA4-5
Q80WF0	Q96JA4
Q80WF0	Q9H3V2
Q80WF0	Q810P8
Q80WF0	Q3UPL6
Q80WF0	Q8N5U1
A0A087WQP5	A0A087WQP5
Q64356	Q64356
Q64356	P04812
Q64356	P30933
NP_001034465	NP_001034465
NP_001034465	Q9WUJ3
NP_001034465	Q80YT7-2
NP_001034465	Q5VU43-8
NP_001034465	Q5VU43-4
NP_001034465	Q5VU43-13
NP_001034465	Q5VU43-2
NP_001034465	Q5VU43
NP_001034465	Q80YT7
Q8K0R8	Q8K0R8
D4A015	D4A015
D4A015	Q91WL0
D4A015	Q8TE67-3
D4A015	Q8TE67
D4A015	Q8TE67-2
XP_003084681	XP_003084681
P52590	P52590
P52590	Q8BH74
P52590	P57740
Q3UTF5	Q3UTF5
H3BU77	H3BU77
H3BU77	J3QM76
P23004	P23004
P23004	P32551
P23004	XP_003124603
P23004	P22695
P23004	Q9DB77
Q7M0E7	Q7M0E7
Q7M0E7	Q9D1I6
Q7M0E7	Q6P1L8
B0BN18	B0BN18
B0BN18	Q9UHV9
B0BN18	O70591
Q13007-4	Q13007-4
H7BX60	H7BX60
H7BX60	Q91WC1
H7BX60	Q9NUX5
H7BX60	M0R4T5
H7BX60	A0A0G2JX31
Q63625	Q63625
Q63625	A6H619
Q63625	Q9P1Y6
Q63625	Q9P1Y6-2
B5DF65	B5DF65
B5DF65	P30043
B5DF65	Q923D2
B0BN31	B0BN31
B0BN31	Q96NB1
B0BN31	Q9CZS3
A0A0G2JXI5	A0A0G2JXI5
A0A0G2JXI5	Q6ZWJ1
A0A0G2JXI5	Q9WV89
A0A0G2JXI5	Q6ZWJ1-2
Q5U4E8	Q5U4E8
Q5U4E8	Q9NVM4
Q5U4E8	Q922X9
Q5U4E8	Q9NVM4-3
Q5U4E8	Q9NVM4-4
Q5U4E8	Q9NVM4-2
Q09030	Q09030
Q09030	P01359
Q09030	Q03403
Q09030	Q03404
Q09030	P04155
Q09030	Q07654
Q09030	Q08423
Q09030	Q63467
Q09030	Q62395
Q09030	Q03191
P97876	P97876
P97876	Q9NR55
P97876	Q9D275
P97876	D4A7E1
P97876	O35284
P97876	Q16520
XP_017453977	XP_017453977
XP_017453977	Q6PCQ0
XP_017453977	Q6IPM2
D4A478	D4A478
D4A478	Q9CQA9
D4A478	Q9BSD7
A0A0G2JX94	A0A0G2JX94
A0A0G2JX94	Q9D4H4
A0A0G2JX94	F1LZQ6
A0A0G2JX94	Q8IY63
A0A0G2JX94	Q8IY63-2
A0A0G2JX94	Q8VHG2
A0A0G2JX94	Q4VCS5
A0A0G2JX94	Q9Y2J4-4
A0A0G2JX94	Q9Y2J4
A0A0G2JX94	Q9Y2J4-2
A0A0G2JX94	G3V735
A0A0G2JX94	Q8K371
XP_008760176	XP_008760176
XP_008760176	A2AUU0
XP_008760176	Q9H825
XP_008760176	Q6AXU8
XP_008760176	Q8TCB7
XP_008760176	Q8BVH9
XP_008760176	Q8BMK1
XP_008760176	D3ZQ63
XP_008760176	Q96IZ6
XP_008760176	Q6P1Q9
A0A1B0GWH6	A0A1B0GWH6
B6DVW7	B6DVW7
B6DVW7	P03073
B6DVW7	B0G0V6
B6DVW7	P03070
B6DVW7	D6QWI6
B6DVW7	D6QWG6
Q8NBK3-3	Q8NBK3-3
Q8NBK3-3	Q8NBK3
Q8NBK3-3	Q8R0F3
Q8NBK3-3	D4A7I8
Q8NBK3-3	Q8NBJ7-3
Q8NBK3-3	Q8NBJ7
Q8NBK3-3	Q8BPG6
Q8NBK3-3	D3ZTR4
P08768	P08768
D4A8E7	D4A8E7
D4A8E7	Q3V4B5
D4A8E7	Q7Z4G1
D4A8E7	Q7Z4G1-2
D4AEG7	D4AEG7
D4AEG7	Q8R3D1
D4AEG7	Q9NVG8
Q8K3W0-1	Q8K3W0-1
Q8K3W0-1	Q9NXR7-1
Q8K3W0-1	Q9NXR7-4
Q8K3W0-1	Q9NXR7
Q8K3W0-1	Q6P7Q1
Q8K3W0-1	Q8K3W0
Q8K3W0-1	Q9NXR7-3
Q9H814	Q9H814
Q9H814	Q9JJT9
Q9H814	Q63068
P14719	P14719
P14719	Q62611
P14719	Q01638
P36543	P36543
P36543	Q6PCU2
P36543	Q9D593
P36543	P50518
P36543	Q96A05
Q15386	Q15386
Q15386	XP_347040
Q15386	Q80U95
Q8IUC4	Q8IUC4
Q8IUC4	D4A8N7
Q8IUC4	Q8BWR8
Q8IUC4	A8MT19
Q8IUC4	Q8TCX5
Q8IUC4	E9Q7Q7
Q8IUC4	Q61085
Q7TNC6	Q7TNC6
Q7TNC6	XP_222971
Q7TNC6	Q2KJY2
Q7TNC6	Q2KJY2-2
Q7TNC6	Q9ULI4
Q7TNC6	Q52KG5
Q7TNC6	D3ZUT0
P02748	P02748
P02748	Q62930
Q8IV32	Q8IV32
Q8IV32	Q4V7C4
Q8IV32	Q8VEG0
Q96DG6	Q96DG6
Q96DG6	Q8R1G2
Q96DG6	Q7TP52
Q8BXQ2	Q8BXQ2
Q8BXQ2	Q969N2
Q8BXQ2	NP_001100010
A6NE02	A6NE02
A6NE02	Q9DB72
Q9BRX9	Q9BRX9
Q9BRX9	Q9DAJ4
Q9BRX9	Q5BLX8
Q96Q35	Q96Q35
Q96Q35	Q6AY08
Q96Q35	Q8BVM7
Q99P82	Q99P82
Q99P82	Q60771
Q99P82	O75508
P0DTC8	P0DTC8
Q8NEX5	Q8NEX5
Q8NEX5	Q3UW41
Q8NEX5	Q6IE41
Q8NEX5	Q8NEX6
Q8NEX5	A2A5H7
Q8TCE6	Q8TCE6
Q8TCE6	Q9D8N2
Q8TCE6	F1LNS2
Q8TCE6	Q6NSW5
Q5UAW9	Q5UAW9
Q5UAW9	Q8C206
Q5UAW9	Q5FVG1
Q8BX43	Q8BX43
Q8BX43	Q969Z4
Q8BX43	Q8BRJ3
Q8BX43	Q5FVJ4
Q8BX43	Q8NC24
Q8BX43	Q8K2J7
Q8BX43	Q8IUW5
Q8BX43	B0BNL7
Q5BK36	Q5BK36
Q5BK36	Q812F3
Q5BK36	P38567
Q5BK36	Q05A56
Q5BK36	Q2M3T9
Q5BK36	O35632
Q5BK36	Q9Z2Q3
Q5BK36	Q12891
Q5BK36	O43820
Q5BK36	Q8VEI3
Q5BK36	Q76HM9
Q5BK36	Q62803
Q5BK36	P48794
Q5BK36	Q91ZJ9
Q5BK36	Q12794
Q5BK36	Q76HN1
P47874	P47874
P47874	Q64288
P47874	P08523
Q6ZN54	Q6ZN54
Q6ZN54	Q99J78
Q6ZN54	Q4V8I4
O43929	O43929
O43929	Q6P9Z8
O43929	O88708
Q96A99	Q96A99
Q96A99	Q6RUU0
Q8N2I2	Q8N2I2
Q6P3A4	Q6P3A4
Q6P3A4	P0DPA2
Q6PI97-2	Q6PI97-2
Q6PI97-2	Q6PI97
Q6PI97-2	Q80Y73
Q8WXF3	Q8WXF3
Q8WXF3	Q8CHK2
Q8WXF3	Q8BFS3
Q8WXF3	Q9Y5Q6
Q8WXF3	Q9WUG6
P0DKB6	P0DKB6
P0DKB6	NP_001102835
P0DKB6	XP_983690
P0DKB6	P63031
P0DKB6	P63030
P0DKB6	Q9Y5U8
Q9NQG1	Q9NQG1
Q9NQG1	Q9D8X0
Q8K1C7	Q8K1C7
Q8K1C7	Q7RTX9
Q8K1C7	Q7RTY1
Q8K1C7	Q7TM99
Q8K1C7	M0RCI4
Q9Y6H3	Q9Y6H3
Q9Y6H3	Q9CWQ3
Q9Y6H3	M0R4I7
Q8C790	Q8C790
Q8C790	A4D161
Q8C790	Q4V8D7
Q16581	Q16581
Q16581	O09047
Q16581	O55197
O75478	O75478
O75478	Q8CHV6
O75478	O75478_VAR_047466
O75478	Q6AYE3
A2AGH6	A2AGH6
A2AGH6	D3ZDE6
A2AGH6	Q93074-2
A2AGH6	Q93074
A2AGH6	Q8BQM9
A2AGH6	Q86YW9
Q8TEF2	Q8TEF2
P35244	P35244
P35244	Q9CQ71
P35244	D4A845
P35244	XP_918088
Q5VU69	Q5VU69
Q5VU69	Q9D9D9
A2AN08-5	A2AN08-5
A2AN08-5	Q5T4S7-2
A2AN08-5	Q5T4S7
A2AN08-5	A2AN08
A2AN08-5	Q5T4S7-3
A2AN08-5	Q2TL32
Q86W54	Q86W54
Q86W54	Q6P926
Q86W54	Q4PJT6
Q86W54	Q6P926-2
Q5TEZ4	Q5TEZ4
A8MZF0	A8MZF0
A8MZF0	Q8C494
Q8IZY5	Q8IZY5
Q9NUQ6-3	Q9NUQ6-3
Q9NUQ6-3	Q9NUQ6-2
Q9NUQ6-3	Q9NUQ6
Q9NUQ6-3	Q5U2T3
Q9NUQ6-3	Q91WJ7
Q9NUQ6-3	NP_001382040
Q9NUQ6-3	Q8K1N4
Q9NUQ6-3	Q86XZ4
A8MXV6	A8MXV6
A8MXV6	Q96T59
Q3TX51	Q3TX51
Q3TX51	Q86X40
Q9R000	Q9R000
Q9R000	Q9UKP3
Q9R000	Q9UHD1
Q9R000	D4A4T9
Q9R000	Q9D1P4
P59635	P59635
P59635	P0DTC7
P0CG32	P0CG32
P0CG32	Q9CZA5
P0CG32	Q6PEW1
P0CG32	Q8VD24
P0CG32	Q5HZA3
Q4KUS1	Q4KUS1
Q4KUS1	Q8IUA0
Q4KUS1	P03973
Q4KUS1	P97430
Q8N9P0	Q8N9P0
Q8N0U2	Q8N0U2
Q56P42	Q56P42
Q56P42	P0DMW2
Q8NFR3	Q8NFR3
Q8NFR3	Q925E8
Q8NFR3	Q4G019
Q8NFR3	Q969W0
Q8NFR3	Q8R207
P24025	P24025
P24025	P24025-2
P24025	P24025-3
Q504Y3	Q504Y3
Q504Y3	Q08EN7
Q9BZK8	Q9BZK8
Q15053	Q15053
Q15053	E9Q2T4
A8MV23	A8MV23
A8MV23	E9Q6A2
Q8N1I8	Q8N1I8
O75711	O75711
O75711	O88745
O75711	Q9Z0K6
Q6AY24	Q6AY24
Q6AY24	Q91W67
Q6AY24	Q96S82
Q5D1N7	Q5D1N7
Q5D1N7	Q14206
Q5D1N7	Q9JKK0
Q5D1N7	Q9JHG2
Q5D1N7	Q9UKA8
Q5D1N7	Q8CH27
Q5D1N7	P53805
Q5D1N7	Q9JHG6
Q5D1N7	P53805-3
Q5D1N7	P53805-2
Q5D1N7	Q6IN33
NP_001101811	NP_001101811
NP_001101811	O70405
NP_001101811	O75385
NP_001101811	Q9QY01
NP_001101811	D3Z9J7
NP_001101811	Q8IYT8
NP_001101811	Q61158
NP_001100232	NP_001100232
NP_001100232	Q4FZC9
NP_001100232	Q6ZMZ3
Q5XIU5	Q5XIU5
Q5XIU5	Q8BHL8
Q5XIU5	Q92530
Q9D9Q8	Q9D9Q8
Q9D549	Q9D549
Q9NX94-2	Q9NX94-2
Q9NX94-2	P0C1G7
Q9NX94-2	Q9NX94
Q9NX94-2	Q8BGW2
Q9NX94-2	P97764
Q9NX94-2	Q96G27
O00559-2	O00559-2
O00559-2	O00559
O00559-2	Q5PQP2
O00559-2	Q9D0V7
P0DO97	P0DO97
P0DO97	XP_001068811
P0DO97	XP_001060088
Q2V2M9-4	Q2V2M9-4
Q2V2M9-4	Q2V2M9-2
Q2V2M9-4	Q2V2M9-3
Q2V2M9-4	Q2V2M9
Q2V2M9-4	Q76LL6
Q2V2M9-4	F1LQJ2
Q2V2M9-4	Q6P9Q4
Q2V2M9-4	NP_001178529
Q2V2M9-4	NP_001193268
Q2V2M9-4	Q9Y613
A0A0U1RRA0	A0A0U1RRA0
P42212	P42212
P42212	Q6YGZ0
Q5E995	Q5E995
Q5E995	P29327
Q5E995	P62754
Q5E995	P62755
Q5E995	P62753
Q9HBX3	Q9HBX3
Q9H4A3-7	Q9H4A3-7
Q9H4A3-7	Q9H4A3
Q9H4A3-7	Q9H4A3-4
Q9H4A3-7	Q9H4A3-2
Q9H4A3-7	Q9JIH7
Q9H4A3-7	P83741-3
Q9H4A3-7	P83741
Q9H4A3-7	Q9H4A3-5
Q9H4A3-7	Q3UH66
Q9H4A3-7	D3ZMJ7
Q9H4A3-7	E1BN63
Q9H4A3-7	Q9Y3S1
Q9H4A3-7	Q96J92
Q9H4A3-7	Q80UE6
Q9H4A3-7	Q7TPK6
Q9H4A3-7	Q9BYP7
Q9H4A3-7	Q9BYP7-2
Q9H4A3-7	Q80XP9
Q9H4A3-7	D4A7Z8
Q9H4A3-7	Q99J45
Q9H4A3-7	Q3SWT7
Q9H4A3-7	Q9UHY1
Q9H4A3-7	Q9NSY0
Q9H4A3-7	Q91V36
Q9H4A3-7	D3ZA69
Q5QFB9	Q5QFB9
Q9NQ38-3	Q9NQ38-3
Q9NQ38-3	Q9NQ38
Q9NQ38-3	Q5K5D4
Q9NQ38-3	XP_341608
Q9NQ38-3	Q5DT21
Q9NRA0-5	Q9NRA0-5
Q9NRA0-5	Q9NRA0-3
Q9NRA0-5	Q6AYB2
Q9NRA0-5	Q9NRA0-2
Q9NRA0-5	Q9JIA7
Q9NRA0-5	Q9NRA0
Q9NRA0-5	Q9NYA1-2
Q9NRA0-5	Q8CI15
Q9NRA0-5	Q91V26
Q9NRA0-5	Q9NYA1
A0MZ66-3	A0MZ66-3
A0MZ66-3	A0MZ67
A0MZ66-3	A0MZ66-2
A0MZ66-3	Q8K2Q9
A0MZ66-3	A0MZ66
G3V9M2	G3V9M2
G3V9M2	Q9ERE9
G3V9M2	Q13387
G3V9M2	Q13387-2
G3V9M2	Q9UQF2
G3V9M2	Q9R237
G3V9M2	Q9WVI9
P11661	P11661
P11661	P03921
P11661	P03915
Q5M969	Q5M969
Q5M969	Q9CPT3
Q5M969	Q8TBE9
GN:Nsmce1|NSMCE1_iso4|mouse|A0A6P5Q324	GN:Nsmce1|NSMCE1_iso4|mouse|A0A6P5Q324
GN:Nsmce1|NSMCE1_iso4|mouse|A0A6P5Q324	Q499U6
GN:Nsmce1|NSMCE1_iso4|mouse|A0A6P5Q324	Q8WV22
GN:Nsmce1|NSMCE1_iso4|mouse|A0A6P5Q324	Q9D720
Q641Y7	Q641Y7
Q641Y7	Q6ZVK8
Q641Y7	Q3U2V3
Q8N6U8-6	Q8N6U8-6
Q8N6U8-6	B2RPY5
Q8N6U8-6	Q8N6U8
Q5F1R6-2	Q5F1R6-2
Q5F1R6-2	E9Q8D0
Q5F1R6-2	Q5F1R6
Q5F1R6-2	G3X8S5
Q5F1R6-2	Q5RJL8
A1L170-2	A1L170-2
A1L170-2	A1L170
A1L170-2	D4A2R8
A1L170-2	J3QNH8
P41217-3	P41217-3
P41217-3	O54901
P41217-3	P41217
P41217-3	P04218
O43556-4	O43556-4
O43556-4	O70258
O43556-4	O43556
O43556-4	Q6YAT4
O43556-4	P82350
O43556-4	Q16586
O43556-4	D3ZDQ9
P34910-2	P34910-2
P34910-2	P34910
P34910-2	Q8VD58
P34910-2	D3ZM19
P01344-3	P01344-3
P01344-3	E9QLW5
P01344-3	P01344
P01344-3	P01346
P01344-3	P09535
P01344-3	P05019
P01344-3	P05017
P01344-3	P05019-2
P01344-3	P08025
P01344-3	P05017-2
Q9ULT0-4	Q9ULT0-4
Q9ULT0-4	Q8BGB2
Q9ULT0-4	Q9ULT0
Q9ULT0-4	Q4G027
Q9ULT0-4	Q86TV6-2
Q9ULT0-4	NP_001102189
Q9ULT0-4	ENSRNOP00000054348
Q9ULT0-4	Q86TV6
Q9ULT0-4	E9Q6P5
Q13421-2	Q13421-2
Q13421-2	Q13421
Q13421-2	Q61468
Q13421-2	Q9ERA7
M0R740	M0R740
M0R740	Q3U3I9
M0R740	Q3SY52
M0R740	Q80YP6
M0R740	Q96MX3
M0R740	D3ZY01
M0R740	Q3US17
M0R740	Q9BSG1
M0R740	Q6ZNH5
M0R740	P0CJ78
M0R740	Q9HBT7
M0R740	Q8WUU4
M0R740	XP_001075949
M0R740	E9Q6W4
D4AE56	D4AE56
D4AE56	Q9N0A4
D4AE56	Q9H7Z7
D4AE56	Q8BWM0
Q5I0F0	Q5I0F0
Q5I0F0	Q9Y295
Q5I0F0	P32233
Q5I0F0	Q9QXB9
Q5I0F0	P55039
Q5I0F0	NP_001385772
D4A9B2	D4A9B2
D4A9B2	Q149N8
D4A9B2	Q149N8-2
D4A9B2	Q7TPQ3
D4A9B2	Q149N8-4
Q5T1J5	Q5T1J5
Q5T1J5	Q9Y6H1
Q5T1J5	Q8WYQ3
Q5T1J5	Q7TNL9
Q5T1J5	Q63ZY8
B2GV55	B2GV55
B2GV55	Q8K2Z8
B2GV55	Q7TSS2
B2GV55	Q7Z7E8
B2GV55	XP_038938304
B2GV55	Q8WVN8
B2GV55	D4ADP2
B2GV55	Q8BW45
B2GV55	A1L167
B2GV55	A0PJN4
Q5I0C9	Q5I0C9
Q5I0C9	Q8R2N2
Q5I0C9	Q969X6
A0A1B0GUA5	A0A1B0GUA5
D4ABZ5	D4ABZ5
D4ABZ5	O54956
D4ABZ5	P56282
D4ABX9	D4ABX9
D4ABX9	Q9BV81
D4ABX9	Q9CQW0
Q9WVB7	Q9WVB7
Q9WVB7	Q9Y5L5
Q9WVB7	Q9WVB6
A0JPN6	A0JPN6
A0JPN6	Q62276-2
A0JPN6	Q62276
A0JPN6	Q15528
A0JPN6	Q15528-2
P21702	P21702
P21702	P18121
P21702	P01237
P21702	P06879
P21702	P01236
P21702	Q1KZI0
P21702	Q5SVM0
P21702	P04768
P21702	P04095
P21702	Q9JLV9
P21702	Q9JKL9
P21702	Q9DAZ2
Q6IUU3	Q6IUU3
Q6IUU3	Q8BND5-3
Q6IUU3	O00391
Q6IUU3	Q8BND5
Q6IUU3	O00391-2
Q6IUU3	D3ZP13
Q6IUU3	Q3TMX7
Q6IUU3	Q6ZRP7
Q16222	Q16222
Q16222	Q91YN5
Q16222	Q16222-2
Q16222	D3ZF39
Q16222	Q3TW96
Q16222	Q3KQV9
Q16222	B5DEH4
Q86YF9	Q86YF9
Q86YF9	Q8BMD2
Q86YF9	F1MA25
Q86YF9	Q5XIA0
Q86YF9	Q499E4
Q86YF9	Q8IYY4
Q8IYK4	Q8IYK4
Q8IYK4	XP_001070927
Q8IYK4	Q6NVG7
Q8IYK4	Q8K297
Q8IYK4	Q8NBJ5
Q8IYK4	B1H282
Q8IYK4	Q5T4B2
Q8IYK4	A3KGW5
Q8IYK4	Q5U309
P22083	P22083
P22083	Q62994
P22083	Q11127
P22083	Q11131
P22083	Q712G6
P22083	Q11130
P22083	O88819
P22083	Q9Y231
P22083	Q99JB3
P22083	Q11128
P22083	P51993-2
P22083	P21217
P22083	P51993
Q9BQP7	Q9BQP7
Q9BQP7	Q9CXC3
P51511	P51511
P51511	O54732
P51511	Q02853
P51511	Q499S5
P51511	P24347
P51511	P34960
P51511	Q63341
P51511	P09237
P51511	O60882
P51511	D3ZXD9
P51511	P57748
P51511	Q9Y5R2
P51511	Q9R0S2
P51511	Q99PW6
P51511	Q9WTR0
P51511	P51512-2
P51511	P51512
P51511	O35548
P51511	Q10739
P51511	P53690
P51511	P50281
P51511	Q3U435
P51511	Q9NPA2
P51511	P50280
P51511	Q10738
P51511	Q9ULZ9
P51511	Q9R0S3
P51511	D3YV89
P51511	D3ZQ07
P51511	Q9H306
P51511	P28862
P51511	P09238
P51511	P03957
P51511	P08254
P51511	P39900
P51511	O55123
P51511	P07152
P51511	P03956
P51511	O88766
P51511	P22894
P51511	O70138
P51511	Q9EPL5
P51511	Q9EPL6
P51511	Q9H239
P51511	Q8CGV5
P51511	O75900-2
P51511	O75900
P51511	O88676
P51511	O88272
P51511	Q9NRE1
Q5JPE7	Q5JPE7
Q5JPE7	P69849
Q5JPE7	XP_006229170
Q5JPE7	Q6GQT9
Q5JPE7	Q15155
Q9BT49	Q9BT49
Q9BT49	Q8VCZ3
Q6NVY1	Q6NVY1
Q6NVY1	Q8QZS1
Q6NVY1	Q5XIE6
Q8TF72	Q8TF72
Q8TF72	F1LP26
Q8TF72	Q9QXN0
Q8TF72	Q9QXN0-3
Q8TF72	Q13796
Q8TF72	A2ALU4
Q8TF72	Q7TP36
Q9NQ88	Q9NQ88
Q9NQ88	A0A0G2K8S8
Q9NQ88	Q8BZA9
O35375	O35375
O35375	O35375-5
O35375	O60462-5
O35375	O60462-3
O35375	O35276
O35375	O60462
O35375	O14786
O35375	Q9QWJ9
O35375	P97333
P11686	P11686
P11686	P21841
P11686	P15785
P11686	P11685
Q9UPT5	Q9UPT5
Q9UPT5	O54922
Q9UPT5	Q9UPT5-1
Q9UPT5	O35250
E0CX23	E0CX23
E0CX23	C9J7I0
P59096	P59096
P59096	P59095
P03897	P03897
P03897	P03899
P03897	P05506
Q8K203	Q8K203
Q8K203	Q8TAT5
Q8BKC8	Q8BKC8
Q8BKC8	Q9UBF8
Q8BKC8	O08561
Q8BKC8	Q9UBF8-2
Q8BKC8	ENSRNOP00000028539
Q8BKC8	Q8BKC8-2
P22004	P22004
P22004	P18075
P22004	Q04906
P22004	P23359
P22004	P20722
P22004	P34820
P22004	P55105
P22004	Q7Z5Y6
P22004	P34821
P22004	D3ZTI5
P22004	P22003
P22004	P49003
P22004	Q06826
P22004	P12644
P22004	P21275
P22004	Q9UK05
P22004	Q9WV56
P22004	O95393
P22004	Q9R229
P22004	Q4AEG6
P22004	P12643
P22004	P49001
P22004	P21274
P02774-3	P02774-3
P02774-3	P21614
P02774-3	P02774
P02774-3	NP_036696
P36198	P36198
P36198	Q9Z0S2
P36198	P50458
P36198	Q9NQ69
P36198	Q9NQ69-2
P36198	Q9WUH2
P36198	Q80W90
P36198	P48742
P36198	P63006
P36198	P63007
P36198	P61376
P36198	P61375
P36198	Q9H2C1
P36198	P50481-2
P36198	P50481
P36198	Q9UBR4
P36198	P61968
P36198	P61969
P36198	Q5PPG8
P36198	P25800
P36198	Q924W9
P36198	Q8TAP4
P36198	Q8BZL8
P36198	D4A8W2
P36198	Q99MB5
P36198	P50480
P36198	P61371
P36198	P61372
P36198	P61374
P36198	Q9CXV0
P36198	Q96A47
P36198	P25791-3
P36198	P25801
P36198	P25791
P36198	Q3KRD2
P36198	A2BHP1
P36198	O60663
P36198	O88609
P36198	Q8TE12
P36198	Q9JKU8
P36198	O35652
P36198	Q68G74
P36198	Q9UPM6
P36198	Q9R1R0
P36198	Q969G2
P36198	P53776
O08727	O08727
O08727	O08712
O08727	O00300
O08727	O95407
O08727	XP_006230979
O08727	Q92956
O08727	Q92956-2
Q0PGW2	Q0PGW2
Q0PGW2	A4D1U4
Q0PGW2	Q3UHG7
Q02955	Q02955
Q02955	P14778
Q02955	P13504
Q02955	Q9HB29
Q02955	Q62929
Q02955	Q9ERS7
A0A1B0GWG4	A0A1B0GWG4
A0A1B0GWG4	A0A1B0GSN8
A0A1B0GWG4	A2A2V5
A0A1B0GWG4	Q8CD78
A0A1B0GWG4	D3ZR22
Q9NVV5-1	Q9NVV5-1
Q9NVV5-1	Q9D8B1
Q9NVV5-1	Q9NVV5
Q9NVV5-1	B2RZC0
Q9NVV5-1	Q5M828
Q9NVV5-1	Q8C138
Q9NVV5-1	Q96IZ2
Q96EB1-2	Q96EB1-2
Q96EB1-2	Q9ER73
Q96EB1-2	Q96EB1
Q96EB1-2	B0BN35
Q9NWW5-2	Q9NWW5-2
Q9NWW5-2	Q3U466
Q9NWW5-2	Q9NWW5
Q9H2P9-5	Q9H2P9-5
Q9H2P9-5	Q9H2P9
Q9H2P9-5	Q569A7
Q9H2P9-5	Q9CWQ0
O60909-3	O60909-3
O60909-3	Q9Z2Y2
O60909-3	O60909
O60909-3	O60513
O60909-3	Q9JJ04
O60909-3	Q66HH1
O60909-3	NP_445739
O60909-3	P15291-2
O60909-3	P15291
O60909-3	P15535
O60909-3	Q91YY2
O60909-3	O60512
O60909-3	Q6P768
O60909-3	Q9JMK0
O60909-3	O88419
O60909-3	F1LZL3
O60909-3	Q9UBX8
O60909-3	O43286
O60909-3	Q9WVK5
O60909-3	Q4FZU7
O60909-3	Q9UBV7
O60909-3	Q8R087
P28331-2	P28331-2
P28331-2	Q66HF1
P28331-2	P28331
P28331-2	Q91VD9
O76042	O76042
Q5VZI3-3	Q5VZI3-3
Q5VZI3-3	Q8R239
Q5VZI3-3	D3ZSU8
Q5VZI3-3	Q5VZI3
Q499Q1	Q499Q1
Q499Q1	Q9BV68
Q499Q1	Q91YL2
Q499Q1	Q9BV68-2
Q499Q1	Q9D0C1
Q499Q1	Q9Y4L5
Q499Q1	NP_001102030
Q68FQ5	Q68FQ5
Q68FQ5	Q91YJ5
Q68FQ5	P46199
Q68FQ5	P49411
Q68FQ5	P85834
Q68FQ5	P49410
Q68FQ5	Q8BFR5
A0A1B0GVH6	A0A1B0GVH6
F1LND1	F1LND1
F1LND1	Q9Z160
F1LND1	Q8WTW3
Q9JJ03	Q9JJ03
Q9JJ03	Q9R045
Q9JJ03	Q9UKU9
Q9JJ03	Q8NI99
Q9JJ03	Q8R0Z6
Q9JJ03	O95841
Q9JJ03	Q640P2
Q6P503	Q6P503
Q6P503	P57746
Q6P503	Q9Y5K8
D4A1D4	D4A1D4
D4A1D4	O95848
D4A1D4	Q9D142
B2RYK2	B2RYK2
B2RYK2	Q5NCQ5
B2RYK2	Q9BZG8
A0A0G2K5Y3	A0A0G2K5Y3
A0A0G2K5Y3	Q9D845
A0A0G2K5Y3	Q8N6V9
Q6DGF8	Q6DGF8
Q6DGF8	Q3TUD9
Q6DGF8	Q96B42
P43428	P43428
P43428	P35575
P43428	P35576
P43428	Q6NSQ9
P43428	Q9BUM1
P43428	Q6AZ83
P43428	Q9Z186
P43428	Q9NQR9
F1M1E4	F1M1E4
F1M1E4	Q69ZP3-2
F1M1E4	Q8N490-2
F1M1E4	Q8N490
F1M1E4	Q8N490-3
F1M1E4	NP_001128223
F1M1E4	Q69ZP3
F1M1E4	NP_001128225
F1M1E4	O35952
F1M1E4	Q16775
F1M1E4	Q99KB8
F1M1E4	Q6PII5
F1M1E4	Q6PII5-2
F1M1E4	Q9DB32
Q9R0L4	Q9R0L4
Q9R0L4	Q6ZQ73
Q9R0L4	O75155-2
Q9R0L4	O75155
Q9R0L4	P97536
Q9R0L4	Q86VP6-2
Q9R0L4	Q86VP6
Q9R0L4	Q6ZQ38
A0A087WT03	A0A087WT03
A0A087WT03	A0A0B4J268
A0A087WT03	A0A0B4J265
Q4V8C6	Q4V8C6
Q4V8C6	Q9Z0P7
Q4V8C6	Q9UMX1-2
Q4V8C6	Q9UMX1-3
Q4V8C6	Q9UMX1
XP_038954128	XP_038954128
XP_038954128	Q6P9B6
XP_038954128	Q8K0P3
NP_001385847	NP_001385847
NP_001385847	NP_899006
NP_001385847	Q6ZVF9
E9QPR7	E9QPR7
E9QPR7	Q8TD84
E9QPR7	Q4VA61
E9QPR7	Q8VHZ8
E9QPR7	O60469
E9QPR7	Q9ERC8
P51878-5	P51878-5
P51878-5	P51878-3
P51878-5	P51878
P51878-5	P49662
P51878-5	O75601
P51878-5	P70343
P51878-5	Q3MHS1
P51878-5	Q920D5
P51878-5	O08736
P51878-5	P29466
P51878-5	Q5EG05-2
P51878-5	P29466-4
P51878-5	Q6UXS9
P51878-5	P43527
P51878-5	P29452
Q06666	Q06666
Q9BX59-7	Q9BX59-7
Q9BX59-7	Q9BX59
Q9BX59-7	Q8VD31
Q9BX59-7	D4A6L1
Q8NCM8-2	Q8NCM8-2
Q8NCM8-2	Q8NCM8
Q8NCM8-2	Q45VK7
Q8NCM8-2	Q9JJ79
O41974	O41974
F1LTM4	F1LTM4
F1LTM4	Q8VCV9
F1LTM4	E9PYY6
F1LTM4	Q80T22
F1LTM4	Q5TF39
B2RZ16	B2RZ16
B2RZ16	Q14691
B2RZ16	Q9CZ15
D3ZB55	D3ZB55
D3ZB55	Q86WW8
D3ZB55	Q99M07
B0BN39	B0BN39
B0BN39	Q9CZ82
B0BN39	Q9BUE0
D3ZZK8	D3ZZK8
D3ZZK8	P97376
D3ZZK8	Q14331
Q8BRC6	Q8BRC6
Q8BRC6	Q7Z4T9
Q8BRC6	Q7Z4T9-1
Q63767	Q63767
Q63767	P56945
Q63767	P56945-7
Q63767	Q63767-2
Q63767	Q61140
Q63767	P56945-8
Q63767	P56945-6
Q63767	P56945-2
Q63767	Q14511-3
Q63767	O35177
Q63767	Q5U2Y4
Q63767	Q14511
O35047	O35047
O35047	Q9P2W1
O35047	Q91ZY6
Q9H9C1	Q9H9C1
Q9H9C1	Q8BGQ1
Q9H9C1	Q5PQN6
Q9H9C1	Q9H9C1-2
Q9Y2I7	Q9Y2I7
Q9Y2I7	Q9Z1T6-3
Q9Y2I7	Q9Y2I7-2
Q9Y2I7	Q6ZS32
Q9Y2I7	Q9Z1T6-1
Q9Y2I7	D3ZT14
Q9Y2I7	D3ZYT8
Q9Y2I7	Q9Z1T6
Q641X8	Q641X8
Q641X8	P60229
Q641X8	P60228
Q12774	Q12774
Q12774	A5YM69
Q12774	E9Q7D5
Q12774	D4A646
Q12774	Q8BWA8
Q12774	Q8IW93
Q12774	XP_001073085
Q12774	Q96DR7
Q12774	D4A1D2
Q12774	D3YYY8
Q12774	Q96DR7-3
Q12774	Q96DR7-4
Q12774	Q8CHT1
Q12774	Q8N5V2-3
Q12774	Q8CHT1-2
Q12774	Q5I1Y9
Q12774	Q5BKC9
Q12774	Q8N5V2
Q12774	Q8N5V2-2
Q12774	Q3U5C8
Q12774	B2GUW2
Q12774	Q5VV41
Q12774	Q5FWH6
Q12774	D3ZPJ8
Q12774	O94989
P13444	P13444
P13444	P31153
P13444	Q3THS6
P13444	Q91X83
P13444	Q00266
P13444	P18298
Q96L91	Q96L91
Q96L91	Q6ZTU2
Q96L91	Q6ZTU2-2
Q96L91	Q96L91-5
Q96L91	Q96L91-2
Q96L91	Q96L91-3
Q96L91	Q8CHI8
Q96L91	NP_001100619
Q9Y3R0	Q9Y3R0
Q9Y3R0	Q925T6-2
Q9Y3R0	Q925T6-3
Q9Y3R0	Q925T6
Q9Y3R0	Q9Y3R0-2
Q9Y3R0	Q9WTW1
Q9Y3R0	Q9WTW1-3
Q9Y3R0	G3XA20
Q9Y3R0	Q9C0E4
Q9Y3R0	Q9C0E4-2
Q9Y3R0	P97879
Q3UV55	Q3UV55
Q3UV55	Q63503
Q3UV55	P20393
Q3UV55	Q14995
Q3UV55	Q60674
Q3UV55	Q63504
Q3UV55	P35398-1
Q3UV55	P35398-4
Q3UV55	P51448
Q3UV55	P51448-2
Q3UV55	P35398
Q3UV55	XP_038938751
Q3UV55	Q8R1B8
Q3UV55	P45446
Q3UV55	Q92753
Q3UV55	XP_347323
Q3UV55	P51449
Q3UV55	P51449-2
Q3UV55	P51450-2
Q3UV55	P51450
Q9BXJ3	Q9BXJ3
Q9BXJ3	Q8R066
Q02930	Q02930
Q02930	Q8K1L0
Q02930	P15336
Q02930	Q00969
Q02930	P16951
Q02930	P17544-5
Q02930	P17544-1
Q02930	G3V7X9
Q02930	Q3TZR9
Q02930	Q8R0S1
Q02930	P17544
Q02930	P17544-2
Q02930	K7ELQ4
Q6UXV4	Q6UXV4
Q6UXV4	NP_001380645
Q6UXV4	Q78IK4
Q6UXV4	Q9CZB4
Q6UXV4	M0R7V3
Q6UXV4	Q9BUR5
Q6UXV4	Q9DCZ4
Q5XIE5	Q5XIE5
Q5XIE5	Q8BRX9
Q5XIE5	Q86UD3
Q5XIE5	Q5I0I2
Q5XIE5	Q99M02
Q5XIE5	Q9P0N8
Q99K95	Q99K95
Q99K95	Q3T1J8
Q99K95	Q9BY42
P53367	P53367
P53367	Q6AY65
P53367	Q8K221
P53367	P53365
P53367	Q9JHU5
P53367	G5E8V9
P53367	P53367-2
O95613	O95613
O95613	O95613-2
O95613	XP_002728982
O95613	P48725
P49281-4	P49281-4
P49281-4	P49282
P49281-4	P49281
P49281-4	P49281-3
P49281-4	P49282-2
P49281-4	O54902
P49281-4	O54902-2
P49281-4	P49281-2
P49281-4	P49279
P49281-4	P70553
P49281-4	P41251
A0A1B0GUS0	A0A1B0GUS0
R4GMW8	R4GMW8
R4GMW8	P28715
R4GMW8	Q86UB2
R4GMW8	Q8CBX9
R4GMW8	NP_001100380
R4GMW8	P35689_VAR_P1121S
R4GMW8	P35689
Q9H9R9-3	Q9H9R9-3
Q9H9R9-3	Q9H9R9
Q9H9R9-3	Q9CZ00
Q9H9R9-3	Q5M831
F1LQ83	F1LQ83
F1LQ83	Q9NQ34
F1LQ83	Q9JJR8
F1LQ83	Q9P0T7
F1LQ83	Q9CR23
F1LQ83	B5DFJ7
D3ZV37	D3ZV37
D3ZV37	B1AR13
G3V8U1	G3V8U1
G3V8U1	Q91VP7
G3V8U1	Q96IK0
D3ZQF4	D3ZQF4
D3ZQF4	Q91XW8
D3ZQF4	O75344
G3V6U9	G3V6U9
G3V6U9	Q91WC0
G3V6U9	Q86TU7
Q6MG64	Q6MG64
Q6MG64	Q9Y334
Q6MG64	Q9JHA8
P35446	P35446
P35446	Q9HCB6
P35446	Q8VCC9
P35446	Q9BUD6
P35446	Q8BMS2
P35446	Q9WV75
B0BNG0	B0BNG0
B0BNG0	Q9CRD2
B0BNG0	Q15006
Q6AYD2	Q6AYD2
Q6AYD2	Q8K2X3
Q6AYD2	Q9H668
Q9ERR2	Q9ERR2
Q9ERR2	Q9GZQ3
Q9ERR2	Q8R395
Q4QR99	Q4QR99
Q4QR99	Q9BXR0
Q4QR99	Q9JMA2
Q96NR2	Q96NR2
XP_008762033	XP_008762033
XP_008762033	Q5T7W0
XP_008762033	Q80YY7
XP_008762033	Q5T7W0-2
XP_008762033	Q5T7W0-4
XP_008762033	BAB28510
G8EFI3	G8EFI3
XP_038940631	XP_038940631
XP_038940631	Q6Y7W8
XP_038940631	Q3TUA5
XP_038940631	Q6Y7W6
XP_038940631	Q6Y7W6-3
XP_038940631	Q6Y7W6-4
XP_038940631	Q99MR1
XP_038940631	O75420
XP_038940631	E1BAH0
XP_038940631	D3ZQJ3
I7H506	I7H506
I7H506	Q7VFG3
Q86YL5-2	Q86YL5-2
Q86YL5-2	Q86YL5
Q86YL5-2	Q8C5P7
Q86YL5-2	Q498E2
Q96QE3	Q96QE3
Q96QE3	D4A058
Q96QE3	Q4QY64
Q9Y458	Q9Y458
Q9Y458	Q8K402
Q9Y458	D3ZMK6
Q68CZ1	Q68CZ1
Q68CZ1	Q8CG73
Q68CZ1	A0A096LPI5
Q96LT9	Q96LT9
Q96LT9	Q3UZ01
Q96LT9	Q4G055
Q9H4E7	Q9H4E7
Q9H4E7	Q8C2K1
Q9H4E7	D3ZCK4
Q9H4E7	NP_001099758
Q9H4E7	Q6A028
Q9H4E7	Q9UH65
Q5TB80	Q5TB80
Q5TB80	Q4KLH6
Q5TB80	Q6ZQ06
P51910	P51910
P51910	P05090
P51910	P23593
P17927	P17927
P17927	Q2VPA4
P17927	Q63135
P17927	O88174
P17927	Q9Z0M4
P17927	Q64735
P17927	P15529-2
P17927	P15529-4
P17927	P15529-12
P17927	P15529
P17927	P15529-3
P17927	P15529-16
P17927	P15529-10
P17927	P15529-11
Q99068	Q99068
Q99068	P55302
Q99068	P30533
Q9WUM5	Q9WUM5
Q9WUM5	P53597
Q9WUM5	O19069
Q9WUM5	P13086
Q86UR1	Q86UR1
Q86UR1	A7E3N7
Q86UR1	Q8CJ00
Q4KMG0	Q4KMG0
Q4KMG0	Q9BWV1
Q4KMG0	Q6AZB0
Q4KMG0	O35158
Q4KMG0	Q32MD9
Q8TF61	Q8TF61
Q8TF61	Q6NS60
Q8TF61	NP_001101341
Q8TF61	Q8BG89
Q8TF61	Q5PQS2
Q8TF61	Q70YC5
Q9WVK8	Q9WVK8
Q9WVK8	Q9Y6A2
Q9WVK8	B1WC64
O54991	O54991
O54991	P97846
O54991	P78357
O54991	XP_008761152
O54991	Q9UHC6
O54991	Q0V8T8
O54991	Q0V8T5
O54991	Q9CPW0
O54991	Q99P47
O54991	Q96NU0
O54991	Q9BZ76
O54991	Q9C0A0
O54991	A0A1B0GTE1
O54991	Q0V8T4
O54991	Q8WYK1
O54991	Q0V8T7
O54991	Q0V8T3
O54991	Q0V8T9
O54991	Q0V8T6
O54991	E9PY62
Q8NE09	Q8NE09
Q8NE09	G3UYX5
Q8NE09	F1LX91
Q8BHL6	Q8BHL6
Q8BHL6	Q9BTP7
Q80UW2	Q80UW2
Q80UW2	Q9Z1X8
Q80UW2	Q9UK22
Q80UW2	Q8BK26
Q80UW2	A2A7H6
Q80UW2	D4A6R1
Q80UW2	Q9H4M3-2
Q80UW2	Q9H4M3
Q80UW2	Q6ZVX7
Q80UW2	G3X9C2
Q80UW2	Q8NI29
Q80UW2	Q6DIA9
Q80UW2	Q9QZN4
Q80UW2	Q923V4
Q80UW2	Q9NRD1
Q80UW2	Q9QZM8
Q80UW2	Q6AY27
Q80UW2	Q96EF6
Q9D2G2	Q9D2G2
Q9D2G2	P36957
Q9D2G2	Q01205
Q3SX64	Q3SX64
Q3SX64	Q3TZ65
Q3SX64	Q810P2
Q3SX64	Q8IXM7
Q3SX64	XP_002729890
Q3SX64	A8MYP8
Q3SX64	Q5M8M2
Q3SX64	Q96PU9
Q3SX64	Q96PU9-2
Q3SX64	Q920N1
O94762	O94762
O94762	O94762-3
O94762	Q8VID5
O94762	D4ACP5
Q6MZZ7	Q6MZZ7
Q6MZZ7	Q5BK10
Q6MZZ7	Q3UW68
Q9QXE0	Q9QXE0
Q9QXE0	Q9UJ83
Q9QXE0	Q8CHM7
Q8BG28	Q8BG28
Q8BG28	Q8NCR0
Q8BG28	D3Z9C4
Q5M890	Q5M890
Q5M890	G3X9D6
Q5M890	Q13790
Q5M890	Q5M889
Q5M890	Q91V80
Q8IVK1	Q8IVK1
Q8IVK1	Q8IVK1-2
Q6DN14	Q6DN14
Q6DN14	E9PV86
Q6DN14	D4ABL6
Q6DN14	Q3U4B9
Q6DN14	Q6DN12
Q6DN14	Q6DN12-4
Q6DN14	Q5RJH2
Q5VUJ9	Q5VUJ9
Q5VUJ9	Q9CQ46
C9JLR9	C9JLR9
C9JLR9	Q4VA45
Q6P253	Q6P253
Q6P253	Q6E0U4
Q6P253	Q6E0U4-2
Q13395	Q13395
Q13395	XP_038954215
Q92901	Q92901
Q92901	P27659_VAR_S265T
Q92901	D4A9G1
Q92901	P27659
Q92901	P21531
Q92901	P39023
Q92901	E9PWZ3
Q9Y5K1	Q9Y5K1
Q9Y5K1	Q9WTK8
Q9Y5K1	ENSRNOP00000008959
Q86UT6	Q86UT6
Q86UT6	Q86UT6-2
Q86UT6	Q5FVQ8
Q86UT6	Q3TL44
O95567	O95567
Q3UHK3	Q3UHK3
Q3UHK3	Q4ZG55
Q3UHK3	Q9C091
Q3UHK3	B9EJV3
P40935	P40935
P40935	P11086
P40935	P10937
P40935	P40936
P40935	O55239
P40935	P40261
P40935	O95050
Q9UHC9	Q9UHC9
Q9UHC9	Q6T3U4
Q9UHC9	Q6T3U3
Q9UHC9	Q9UHC9-2
Q9UHC9	O15118
Q9UHC9	O35604
Q9UHC9	G3V7K5
Q9UHC9	A6NIU2
Q96L58	Q96L58
Q96L58	D3ZQC1
Q96L58	Q91Z92
Q8NFR9	Q8NFR9
Q8NFR9	Q6AZ51
Q8NFR9	Q8BH06
Q8NFR9	Q6ZVW7
Q66JT7	Q66JT7
Q66JT7	Q96H96
Q66JT7	Q499N4
A6NEV1	A6NEV1
A6NEV1	Q6ZRT6
A6NEV1	Q6ZRP0
A6NEV1	Q9CWP9
Q3TZX8	Q3TZX8
Q3TZX8	G3V7B0
Q3TZX8	Q5SY16
Q8BME7	Q8BME7
Q8TC57	Q8TC57
Q8TC57	Q9Z0E1
Q8CFW7	Q8CFW7
Q8CFW7	Q9P2K1
Q8CFW7	Q9P2K1-2
Q8CFW7	Q6DHV5
Q3YBM2	Q3YBM2
Q3YBM2	Q9R1Q6
Q3YBM2	Q925D4
Q3YBM2	Q9DCS1
Q3YBM2	Q4G068
Q3YBM2	Q96HP8
Q7TNV1	Q7TNV1
Q7TNV1	Q71RH2
Q7TNV1	Q8TBR7
Q7TNV1	Q5ND56
Q7TNV1	D3ZKW7
Q9Y3D8	Q9Y3D8
Q9Y3D8	Q9Y3D8-2
Q9Y3D8	Q8VCP8
Q9Y3D8	Q5EB68
Q17RM4	Q17RM4
Q17RM4	Q8CAI1
Q0VD86	Q0VD86
Q0VD86	Q6PKN7
Q9CWE6	Q9CWE6
Q9CWE6	A6NGQ2
Q9D9E9	Q9D9E9
Q96G25-2	Q96G25-2
Q96G25-2	Q96G25-3
Q96G25-2	Q96G25
Q96G25-2	Q9D7W5
Q9H467	Q9H467
Q9H467	A1L131
Q9H467	Q9CXX9
Q9NTN3	Q9NTN3
Q9NTN3	A2AKQ0
Q9NTN3	Q762D5
Q9NTN3	Q76EJ3
P07476	P07476
Q8N0W7	Q8N0W7
Q8N0W7	Q80ZA7
Q71RG6	Q71RG6
B2RZ50	B2RZ50
B2RZ50	Q16667-2
B2RZ50	Q810P3
B2RZ50	Q16667
Q8WVM0	Q8WVM0
Q8WVM0	Q811P6
Q8WVM0	Q8JZM0
BAC65642	BAC65642
BAC65642	Q9JIS5
BAC65642	Q02563
BAC65642	Q7L0J3
BAC65642	Q496J9
BAC65642	Q69ZS6
BAC65642	Q9Z2I6
BAC65642	Q8BG39
BAC65642	Q7L1I2
BAC65642	Q63564
Q9HAB8	Q9HAB8
Q9HAB8	Q8VDG5
Q9HAB8	D4A6X7
P17735	P17735
P17735	Q8QZR1
P17735	P04694
Q8C5Y3	Q8C5Y3
Q8WZ04	Q8WZ04
Q8WZ04	A1Y9I9
Q8WZ04	B6CZ62
Q8WZ04	P21964
Q8WZ04	P21964-2
Q8WZ04	P22734
Q8WZ04	O88587
P17152	P17152
P17152	Q8BK08
P17152	B0BN86
D3ZYM5	D3ZYM5
D3ZYM5	Q8R1S4
D3ZYM5	O43312
D3ZYM5	O43312-2
D3ZYM5	O43312-5
D3ZYM5	Q6ZQB7
D3ZYM5	O43312-4
D3ZYM5	XP_226503
D3ZYM5	Q6P9S0
D3ZYM5	Q765P7
G3V8S8	G3V8S8
G3V8S8	Q9H0X9
G3V8S8	G5E833
G3V8S8	Q9ER64
G3V8S8	B9EJ86
G3V8S8	Q9BZF1
G3V8S8	A0A0G2JXN8
G3V8S8	Q9BZF1-2
G3V8S8	Q96SU4-6
G3V8S8	A2A8Z1
G3V8S8	Q96SU4
G3V8S8	NP_001037699
Q8NBP5	Q8NBP5
Q8NBP5	Q8C0T7
Q96BW9	Q96BW9
Q96BW9	D3ZKT0
Q96BW9	Q3TUH1
Q96BW9	Q96BW9-3
Q9NPI0	Q9NPI0
Q9NPI0	Q9D6G5
Q9NPI0	B1WBM3
Q91ZE9	Q91ZE9
Q91ZE9	Q96LC9
Q91ZE9	Q8K589
Q9UHF7-2	Q9UHF7-2
Q9UHF7-2	Q925H1
Q9UHF7-2	Q9UHF7
Q9UHF7-2	D3ZEM6
Q7TPC1	Q7TPC1
Q7TPC1	Q15517
Q8WU43	Q8WU43
A0A8I5ZXP5	A0A8I5ZXP5
A0A8I5ZXP5	O15042-2
A0A8I5ZXP5	Q6NV83
A0A8I5ZXP5	O15042
Q9D123	Q9D123
Q9D123	Q86XT9
Q5SWW7	Q5SWW7
Q96L11	Q96L11
Q96L11	Q9D9P8
A6NGG3	A6NGG3
Q96MF4	Q96MF4
Q96LX7	Q96LX7
Q96LX7	Q8CE13
O75128-2	O75128-2
O75128-2	O75128
O75128-2	O75128-3
O75128-2	D3ZUI5
O75128-2	Q5NBX1
Q80H93	Q80H93
Q8NAJ2	Q8NAJ2
Q3UXB0	Q3UXB0
Q3UXB0	A6NE82
Q3UXB0	A6NDZ8
Q3UXB0	A6NJ08
Q3UXB0	A0A1B0GVZ6
Q3UXB0	Q8NHZ7
P0CJ85	P0CJ85
P0CJ85	P0CJ86
P0CJ85	P0CJ87
P0CJ85	P0CJ88
P0CJ85	P0CJ89
P0CJ85	O43812
P0CJ85	P0CJ90
P0CJ85	Q96PT3
P0CJ85	Q6RFH8
P0CJ85	Q96PT4
P0CJ85	Q9UBX2
P0CJ85	A6NLW8
Q6UXQ8	Q6UXQ8
P59942	P59942
Q9NUB4	Q9NUB4
Q9NUB4	Q9DA59
C9JFL3	C9JFL3
C9JFL3	Q8K0G7
P83859	P83859
P83859	P83860
P83859	Q8CE23
Q99LJ8	Q99LJ8
Q99LJ8	D3ZFM4
Q99LJ8	Q96E22
Q9P0V8	Q9P0V8
Q9P0V8	Q9D3G2
Q9NPG2	Q9NPG2
Q9NPG2	Q9ER97
Q9NPG2	Q99JA8
Q9BQF6	Q9BQF6
Q9BQF6	Q9BQF6-5
Q9BQF6	Q8BUH8
Q9BQF6	Q9CQN9
Q9BQF6	D3ZF42
XP_038955220	XP_038955220
XP_038955220	E9PVP1
XP_038955220	Q3UN98
XP_038955220	Q9Y4K1
XP_038955220	P26998
XP_038955220	P02524
XP_038955220	Q9JJU9
XP_038955220	P53674
XP_038955220	P02523
XP_038955220	Q9WVJ5
XP_038955220	P22914
XP_038955220	O35486
XP_038955220	P0C5E9
XP_038955220	P04344
XP_038955220	Q61597
XP_038955220	P10066
XP_038955220	P07316
XP_038955220	Q9CXV3
XP_038955220	P04345
XP_038955220	P10068
XP_038955220	P02529
XP_038955220	P11844
XP_038955220	P07315
XP_038955220	P10065
XP_038955220	P07320
XP_038955220	P04342
XP_038955220	P10067
XP_038955220	P02528
XP_038955220	Q03740
Q6UWS5	Q6UWS5
Q6UWS5	P0DJF2
Q96DC8	Q96DC8
Q96DC8	Q9D7J9
Q96DC8	Q3MIE0
Q9NPC3	Q9NPC3
Q9NPC3	D3Z3K2
Q2QL34	Q2QL34
Q2QL34	Q99MS3
Q2QL34	P39210
Q2QL34	Q5BK62
Q2QL34	P19258
L0N7N1	L0N7N1
L0N7N1	XP_038947257
L0N7N1	Q15058
L0N7N1	F8WLE0
L0N7N1	XP_357140
L0N7N1	B7ZC32
Q6PFX2	Q6PFX2
Q6PFX2	Q5SZJ8
Q6PFX2	A0A0G2K369
Q8NAA6	Q8NAA6
D4A5A6	D4A5A6
D4A5A6	P08775
D4A5A6	P24928_VAR_A1835T
D4A5A6	P24928
D4A5A6	E9PTB6
D4A5A6	B2RXC6
D4A5A6	O14802
Q3B7U4	Q3B7U4
Q3B7U4	Q2VPK5
Q3B7U4	Q3U308
Q95YJ1	Q95YJ1
Q95YJ1	Q99640
Q95YJ1	G3V6G8
Q95YJ1	Q9ESG9
Q99NB9	Q99NB9
Q99NB9	Q9ET34
Q99NB9	O75533
Q99NB9	F1MX61
P30305	P30305
P30305	P30305-2
P30305	P30305-3
P30305	P48965
P30305	P30306
P30305	P48966
P30305	P48964
P30305	P30304
P30305	P30304-2
P30305	P30309
P30305	P30307
P30305	P30307-3
P30305	P48967
Q96EK7	Q96EK7
Q96EK7	Q6RI63-2
Q96EK7	Q6RI63
Q96EK7	D4AE88
O09161	O09161
O09161	O09165
O09161	P07221
O09161	P12637
O09161	P31415
O09161	O14958
O09161	P51868
O09161	P19633
E9Q9B7	E9Q9B7
E9Q9B7	Q9ULH0
E9Q9B7	Q9ULH0-2
E9Q9B7	Q9ULH0-4
E9Q9B7	Q9EQG6
P61807	P61807
P61807	P61808
P61807	O75324
Q9GZT8	Q9GZT8
Q9GZT8	Q9GZT8-3
Q9GZT8	Q9EQ80
Q9GZT8	Q4V7D6
O75381	O75381
O75381	Q642G4
O75381	Q9R0A0
O75381	O75381-2
Q8WYR4	Q8WYR4
Q8WYR4	Q8VIG3
Q8WYR4	Q5XFW9
O43909	O43909
O43909	Q9WVL6
O43909	Q9JMA8
O43909	Q93063-3
O43909	A0A0G2KAH7
O43909	P70428
O43909	Q93063
O43909	Q9ES89
O43909	Q9UBQ6
O60907	O60907
O60907	Q9BQ87
O60907	Q9BZK7
O60907	Q9QXE7
O60907	Q8BHJ5
O60907	D3ZNF4
O60907	G3V6G5
O60907	Q5M7T1
O60907	Q99KN2
O60907	O76071
O60907	P61964
O60907	Q9D7H2
O60907	Q498M4
O60907	Q86VZ2
O60907	Q4V8C4
O60907	P61965
Q86UQ8	Q86UQ8
Q91WQ3	Q91WQ3
Q91WQ3	P54577
Q91WQ3	Q4KM49
Q71F23	Q71F23
Q71F23	Q8C4M7
Q71F23	Q4V8G7
O14579	O14579
O14579	B1WBX7
O14579	O14579-2
O14579	O89079
O14579	Q28104
Q08775	Q08775
Q08775	Q13950
Q08775	Q13950-2
Q08775	F1M9C5
Q08775	Q13950-3
Q08775	Q08775-5
Q08775	Q64131
Q08775	Q91ZK1
Q08775	Q13761
Q08775	Q01196-8
Q08775	Q01196-7
Q08775	Q03347
Q08775	Q01196
Q08775	Q01196-2
Q08775	A0A7S8LV65
Q08775	Q01196-10
Q08775	Q63046
O75746	O75746
O75746	Q8BH59
O75746	F1LX07
O75746	Q9QXX4
O75746	Q9UJS0
O75746	F1LZW6
O75746	Q9UJS0-2
O75746	A0A0G2K5L2
O75746	Q9H936
O75746	Q9D6M3
O75746	Q9DB41
O75746	Q9H1K4
O75746	Q505J6
O75746	Q8WUT9
O75746	A2A3V2
O75746	Q8C0K5
O75746	P16260
O75746	P16261
O75746	Q5U680
O75746	Q70HW3
Q8NFU5	Q8NFU5
Q8NFU5	Q7TT16
Q8NFU5	Q99NI4
O95183	O95183
O95183	Q9Z2J5
O95183	Q9Z2P8
Q9DCH6	Q9DCH6
Q9DCH6	Q6DGF4
Q9DCH6	O88878
Q9DCH6	B5DF11
Q9DCH6	O76080
Q9DCH6	Q6FIF0
Q8BMS4	Q8BMS4
Q8BMS4	Q9NZJ6
Q8BMS4	Q63159
Q9BXR5	Q9BXR5
Q9BXR5	Q9Y2C9
Q9BXR5	Q15399
Q9BXR5	Q9EPW9
Q9BXR5	Q9EPQ1
Q9BXR5	Q6YGU2
Q9BXR5	Q9QUN7
Q9BXR5	O60603
Q6ZS49	Q6ZS49
Q9CZW6	Q9CZW6
Q9CZW6	Q9NTX7
Q9CZW6	Q5XIK5
Q10713	Q10713
Q10713	P20069
Q10713	Q9DC61
Q10713	Q03346
Q10713	O75439
Q10713	Q9CXT8
Q10713	Q68FY0
Q10713	Q9CZ13
Q10713	P31930
Q10713	P31800
Q61187	Q61187
Q61187	Q99816
Q61187	Q6IRE4
Q9ES64	Q9ES64
Q9ES64	Q9Y6N9-5
Q9ES64	Q9Y6N9
Q9ES64	Q4KMB9
Q9ES64	Q9ES64-3
O14990	O14990
Q96E09	Q96E09
Q96E09	Q6AYT4
Q96E09	Q9DB52
Q96E09	A6QLK8
Q96E09	A2VDS8
Q96E09	Q6NZE7
Q96E09	D3ZN42
Q96E09	Q7Z309-2
Q96E09	Q7Z309-3
Q96E09	Q7Z309
Q96E09	Q6P4D5
Q96E09	Q6P4D5-3
P10860	P10860
P10860	P26443
P10860	P49448
P10860	P00367
P08572	P08572
P08572	P08122
P08572	Q14031
P08572	Q14031-2
P08572	Q9ESQ1
P08572	P29400-2
P08572	Q63ZW6
P08572	P29400
P08572	P02463
P08572	P02462-2
P08572	P02462
P08572	F1MA59
P08572	Q01955
P08572	F1LRJ1
P08572	Q9QZS0
P08572	F1LND0
Q6BCL1	Q6BCL1
Q6BCL1	F1M121
Q6BCL1	Q96QH2
P97467	P97467
P97467	P19021-5
P97467	P19021-3
P97467	P19021
P97467	P14925
XP_222048	XP_222048
XP_222048	Q7L2J0
XP_222048	Q8K3A9
XP_222048	NP_001073752
P41738	P41738
P41738	P30561
P41738	P35869
P41738	Q3U1U7
P41738	Q75NT5
P41738	A9YTQ3
Q3TTA7	Q3TTA7
Q3TTA7	Q8K4S7
Q3TTA7	Q13191
Q3TTA7	Q13191-2
Q3TTA7	D3ZV15
Q3TTA7	P22682
Q3TTA7	P22681
Q3TTA7	G3V8H4
Q3TTA7	Q80XL1
Q3TTA7	Q9ULV8
P08235	P08235
P08235	Q8VII8
P08235	P07812
P08235	P22199
P08235	P04150-10
P08235	P04150-3
P08235	P04150
P08235	P04150-2
P08235	P06536
P08235	P06537
P08235	O08537
P08235	Q92731
P08235	Q62986
P08235	P06211
P08235	P19785
P08235	P03372
P08235	O95718-1
P08235	O95718
P08235	P11475
P08235	P62510
P08235	P62508
P08235	P62509
P08235	Q61539
P08235	P11474
P08235	O08580
P08235	Q5QJV7
P08235	Q9Y5X4
P08235	Q9QXZ7
Q96BT3	Q96BT3
Q96BT3	Q96BT3-2
Q96BT3	Q561R1
Q96BT3	Q3TJM4
P70315	P70315
P70315	P42768
P70315	G3V9K5
P70315	Q95107
P70315	O08816
P70315	Q91YD9
P70315	O00401
Q6XUX3	Q6XUX3
Q6XUX3	Q6XUX1
Q6XUX3	Q6XUX2
Q6XUX3	Q6XUX3-2
Q62818	Q62818
Q62818	P49770
Q62818	Q28690
Q62818	Q99LD9
Q96IZ0	Q96IZ0
Q96IZ0	Q62627
Q96IZ0	Q925B0
Q8NCE0	Q8NCE0
Q8NCE0	Q5M954
Q8NCE0	Q6P7W5
Q8TBP0	Q8TBP0
Q8TBP0	Q8BXD8
Q8TBP0	M0R716
Q9BTX1	Q9BTX1
Q9BTX1	Q8VCB1
Q9BTX1	Q9BTX1-2
Q9BTX1	Q6AXN4
Q4KL13	Q4KL13
Q4KL13	Q4W4Y0
Q96D59	Q96D59
Q96D59	Q8QZS5
Q96D59	P0DH78
Q96D59	Q3UIW8
Q96D59	Q9DCB3
Q96D59	A6NIN4
Q66H02	Q66H02
Q66H02	Q7L2Z9
Q66H02	Q9CPQ5
Q9H0P0	Q9H0P0
Q9H0P0	NP_001385770
Q9H0P0	Q9D020
Q9H0P0	Q9H0P0-1
Q9H0P0	Q969T7
Q9H0P0	Q6AYP7
Q9H0P0	Q3UFY7
Q15738	Q15738
Q15738	Q5PPL3
Q15738	Q9R1J0
P06744-2	P06744-2
P06744-2	Q6P6V0
P06744-2	P06745
P06744-2	P06744
Q86UK5	Q86UK5
Q86UK5	Q8K1G2
Q9NXT0-2	Q9NXT0-2
B2GV82	B2GV82
B2GV82	Q9NVX2
B2GV82	Q8VEJ4
Q8NHR9	Q8NHR9
Q8NHR9	Q9D6I3
Q8NHR9	Q5IRJ7
A8MZG2	A8MZG2
A8MZG2	Q8BT88
Q6MZT1	Q6MZT1
Q6MZT1	Q5FVH8
Q6MZT1	Q8BQP9
Q8C6S9	Q8C6S9
Q8C6S9	XP_235047
Q8C6S9	Q96N23
P18627	P18627
P18627	Q5BK54
P18627	Q61790
Q68CR7	Q68CR7
Q68CR7	Q8K0B3
Q68CR7	Q6TXF5
Q96FZ7	Q96FZ7
Q96FZ7	P0C0A3
Q96FZ7	D3ZDR2
Q96NL0	Q96NL0
Q96NL0	Q6PDC0
Q96NL0	Q3B7K9
Q96NL0	F1LRZ9
Q96NL0	Q59EK9
Q96NL0	O08576
Q3V1F8	Q3V1F8
Q3V1F8	Q9H6B9
P56181-2	P56181-2
P56181-2	P56181
P56181-2	Q3U422
P56181-2	Q8BK30
P56181-2	O54755
P56181-2	Q6PCU8
Q8C7M3	Q8C7M3
Q8C7M3	Q9C026-4
Q8C7M3	Q9C026-5
Q8C7M3	Q9C026
Q8C7M3	Q91ZY8
Q8C7M3	NP_001129187
Q8C7M3	Q505D9
Q8C7M3	Q6ZTA4
Q63560	Q63560
Q63560	Q7TSJ2-3
Q63560	Q7TSJ2
Q63560	Q96JE9
Q63560	Q9H9H5
Q63560	D3ZT16
Q63560	Q14BB9
Q8C008	Q8C008
Q8C008	Q9NVP4-2
Q8C008	Q9NVP4
Q53H47	Q53H47
Q53H47	Q5I0M0
Q53H47	Q80UJ9
Q9Y3C0	Q9Y3C0
Q9Y3C0	D3ZKX1
Q9Y3C0	Q9CR27
Q9QYP6	Q9QYP6
Q9QYP6	Q4KMA0
Q9QYP6	Q9H6S1
XP_577148	XP_577148
XP_577148	Q3V2A7
XP_577148	Q9H0J4
B5DEZ3	B5DEZ3
B5DEZ3	Q8BIS8
B5DEZ3	Q96EE4
Q9UKF5	Q9UKF5
Q9UKF5	Q811Q3
Q9UKF5	O43506
Q9UKF5	Q811Q4
Q9UKF5	Q8CGQ2
Q9UKF5	XP_001062949
Q9UKF5	Q9R158
Q9UKF5	Q7M766
Q9UKF5	Q9R160
Q9UKF5	F1LW54
Q9UKF5	Q14DT8
Q9UKF5	B2RSY5
Q8BUP8	Q8BUP8
Q8BUP8	Q8N2R8
Q8BUP8	A2AM80
Q8BUP8	D4A8D8
Q8BUP8	Q6ZT52
Q6ZMJ4	Q6ZMJ4
Q6ZMJ4	Q8R1R4
Q6ZMJ4	Q4KM46
Q96A59-2	Q96A59-2
Q96A59-2	Q96A59
Q96A59-2	Q9D956-2
Q96A59-2	D4A1D5
Q96A59-2	Q9D956
Q6PAJ3	Q6PAJ3
Q6PAJ3	M0RB26
Q6PAJ3	Q75VX8
Q6PAJ3	Q9H706
Q6PAJ3	Q9H706-3
Q6PAJ3	Q3UFT3
Q6PAJ3	Q9H706-2
P03928	P03928
P03928	P03930
P03928	P11608
Q3UU41	Q3UU41
Q3UU41	Q6UWF3
Q9BZR9	Q9BZR9
Q9BZR9	Q99PJ2
P09131	P09131
P09131	P21129
P09131	Q5PT55
P09131	Q4JLT5
P09131	Q5PT54
Q1XH10	Q1XH10
Q1XH10	Q80YR3
Q1XH10	XP_001058786
Q91YK8	Q91YK8
Q91YK8	O95274
Q91YK8	O55162
Q91YK8	Q9D7Z7
Q91YK8	Q6UWN5
Q4V7C9	Q4V7C9
Q4V7C9	Q9D0F4
Q4V7C9	Q8N5F7
Q4V7C9	Q5SZT7
Q4V7C9	Q5M9Q1
Q4V7C9	Q4QR70
Q9NZK5	Q9NZK5
XP_003086357	XP_003086357
XP_003086357	Q8IV35
Q7Z444	Q7Z444
Q7Z444	Q7TN89
Q7Z444	P61587
Q7Z444	Q6SA80
Q7Z444	Q92730
Q7Z444	P61588
Q7Z444	P52198
Q7Z444	Q9QYM5
Q7Z444	Q8BLR7
Q7Z444	P62746
Q7Z444	Q62159
Q7Z444	P08134
Q7Z444	P62745
Q7Z444	NP_001099931
Q7Z444	P62747
Q7Z444	P61589
Q7Z444	Q9QUI0
Q7Z444	P61586
Q7Z444	Q9HBH0
Q7Z444	Q8BYP3
Q7Z444	D4ADM8
Q7Z444	O00212
Q7Z444	P97348
XP_001080131	XP_001080131
XP_001080131	Q8BR65
XP_001080131	Q9H7L9
O14931	O14931
O14931	Q8CFD9
D7PDD4	D7PDD4
D7PDD4	Q6MG59
D7PDD4	O95866
D7PDD4	O95866-5
D7PDD4	O95866-2
O14653-2	O14653-2
O14653-2	O35165
O14653-2	O35166
O14653-2	O14653
A2CE44	A2CE44
A2CE44	P98168
A2CE44	XP_234140
A2CE44	P98169
A2CE44	Q9JJZ6
A2CE44	Q9Y2Y9
A2CE44	D3ZVI8
A2CE44	O35739
A2CE44	Q13886
A2CE44	Q01713
A2CE44	Q2QGD7
A2CE44	Q8C8V1
A2CE44	Q92664
A2CE44	Q8VHT7
A2CE44	Q8VHT8
Q9Z1J3_VAR_N334K	Q9Z1J3_VAR_N334K
Q9Z1J3_VAR_N334K	Q99P39
Q9Z1J3_VAR_N334K	Q9Z1J3
Q9Z1J3_VAR_N334K	Q9Y697
Q9Z1J3_VAR_N334K	Q96I15
Q9Z1J3_VAR_N334K	Q96I15-2
Q9Z1J3_VAR_N334K	Q9JLI6
Q9Z1J3_VAR_N334K	Q68FT9
Q4FZT9	Q4FZT9
Q4FZT9	Q13200
Q4FZT9	Q8VDM4
G3V6W5	G3V6W5
G3V6W5	Q9BYX4
G3V6W5	Q8R5F7
G3V6W5	D3ZD46
G3V6W5	Q96C10
G3V6W5	Q99J87
G3V6W5	D3TI84
G3V6W5	Q6Q899
G3V6W5	D4ADT5
G3V6W5	O95786
D3ZK73	D3ZK73
D3ZK73	B2RYJ3
D3ZK73	Q13620
D3ZK73	Q3TCH7
D3ZK73	Q13619
D3ZK73	A2A432
D3ZK73	Q13620-1
D3ZK73	Q9JLV5
D3ZK73	Q13618
D3ZK73	B5DF89
D3ZK73	B1WBY1
D3ZK73	Q9WTX6
D3ZK73	Q13616
D3ZK73	Q13617-2
D3ZK73	Q9D4H8
D3ZK73	Q13617
D3ZK73	D4A0H4
Q96MT7	Q96MT7
Q96MT7	Q96MT7-1
Q96MT7	E9Q5M6
J3QML9	J3QML9
Q6P556	Q6P556
Q8CB14	Q8CB14
Q8CB14	Q66H35
Q8CB14	Q8IYD9
Q5FWC3	Q5FWC3
Q5FWC3	Q5J8X5
Q7TP78	Q7TP78
Q7TP78	Q9DCJ5
Q7TP78	P51970
C3VPR6	C3VPR6
C3VPR6	Q86WI3
O95427	O95427
O95427	Q9R1S3
O95427	NP_001094054
Q5JUR7	Q5JUR7
Q5JUR7	Q3TUU5
Q5JUR7	NP_001382563
Q9JHX6	Q9JHX6
Q9JHX6	Q6AYP0
Q9JHX6	Q8N6M5
Q9Z271	Q9Z271
A8MVX0-2	A8MVX0-2
A8MVX0-2	Q8BW86
A8MVX0-2	A8MVX0
A8MVX0-2	D3Z8W6
D4A463	D4A463
D4A463	Q99MS8
D4A463	Q6ZTW0
Q6GV27	Q6GV27
Q6GV27	Q9D9S2
Q6GV27	Q6GV28
Q08415	Q08415
Q08415	Q16773
Q08415	Q8BTY1
Q08415	Q71RI9
Q08415	Q58FK9
Q08415	Q6YP21
D4A2H4	D4A2H4
D4A2H4	A2RUS2
D4A2H4	A2RT67
Q5T1J6	Q5T1J6
Q5T1J6	Q5T319
A0ZSE6	A0ZSE6
Q8N4C6-7	Q8N4C6-7
Q8N4C6-7	Q8N4C6
Q8N4C6-7	Q61043
Q8N4C6-7	D4A1J7
Q8N4C6-7	Q6ZQ12
Q8N4C6-7	D4A5N1
Q8N4C6-7	Q9Y2I6
A6NHZ5	A6NHZ5
A6NHZ5	Q3UJB3
A6NHZ5	Q15048
A6NHZ5	Q8VC16
A6NHZ5	Q569B5
A6NHZ5	Q9D4Z5
A6NHZ5	D4ACH7
Q8K0E4	Q8K0E4
Q8K0E4	Q14507
Q8K0E4	P56851
P82911	P82911
P82911	NP_001102618
P82911	P82912-2
P82911	P82912
P82911	Q9DCA2
A4FUC0	A4FUC0
A4FUC0	Q6AXT0
A4FUC0	Q9BZE1
A4FUC0	Q921S7
P28067	P28067
P28067	P28078
P28067	P14434
P28067	P01909
P28067	P06340
P28067	P01906
P28067	P04228
P28067	P01910
P28067	P14435
P28067	P14436
P28067	P14437
P28067	Q9QWV1
P28067	P07151
P28067	P61769
P28067	P01887
Q13503	Q13503
Q13503	Q9CQ39
Q13503	D4AA11
Q495Z4	Q495Z4
P97378	P97378
P97378	Q9Z0Z1
P97378	Q99665
XP_001066225	XP_001066225
XP_001066225	XP_001069728
P60153-2	P60153-2
P60153-2	P60153
P60153-2	P60154
P35225	P35225
P35225	P20109
P35225	P42203
XP_001079069	XP_001079069
Q8WV07	Q8WV07
Q8WV07	Q8CH62
P41274	P41274
P41274	P41273
B3GLJ6	B3GLJ6
B3GLJ6	Q9QXN2
B3GLJ6	Q3UN54
Q5K6N0	Q5K6N0
Q5K6N0	C9JQI7
Q5K6N0	B1WBT0
C0J8I2	C0J8I2
Q6X7S9	Q6X7S9
Q6X7S9	Q8N6I1
Q6X7S9	Q96D98
Q6X7S9	M0RDN8
Q6X7S9	E9Q2Y0
Q9BTT4	Q9BTT4
Q9BTT4	Q9CXU0
Q9BTT4	D4A7K6
Q9NZH4	Q9NZH4
Q9NZH4	O95997
Q9NZH4	Q9NZH5
Q9NZH4	P97613
Q9NZH4	Q9CQJ7
XP_001067693	XP_001067693
XP_001067693	XP_001077374
XP_001067693	Q9QZD4
XP_001067693	XP_222534
XP_001067693	Q92889
Q8N668	Q8N668
Q8N668	Q8K4M5
Q8N668	B0BNB1
Q5JTJ3-2	Q5JTJ3-2
Q5JTJ3-2	Q8BGD8
Q5JTJ3-2	A0A0G2JUM8
Q5JTJ3-2	Q5JTJ3
Q8IU53	Q8IU53
XP_001076492	XP_001076492
XP_001076492	Q86XN8-3
XP_001076492	Q86XN8-2
XP_001076492	Q86XN8
XP_001076492	Q5U5Q3
XP_001076492	Q05A36
XP_001076492	NP_001100847
XP_001076492	A1L020
XP_001076492	G3UYU0
XP_001076492	XP_227403
XP_001076492	Q3UE17
XP_001076492	Q69Z36
XP_001076492	Q6ZN04
Q9NZH6	Q9NZH6
Q9NZH6	Q9NZH6-2
Q9NZH6	Q8WWZ1
Q9NZH6	D4A9I5
Q9NZH6	Q8R459
NP_001116555	NP_001116555
NP_001116555	P11960
NP_001116555	P50136
NP_001116555	P12694
Q9H496	Q9H496
Q9H496	M0R5U6
Q9H496	Q9ER81
XP_003086020	XP_003086020
XP_003086020	Q9CPR4
XP_003086020	P18621
XP_003086020	F1M302
XP_003086020	P18621-3
XP_003086020	NP_958818
XP_003086020	Q9DAS6
D3ZGK0	D3ZGK0
D3ZGK0	Q8R0T2
D3ZGK0	Q9H5H4
Q8BJ38	Q8BJ38
Q8ND04-2	Q8ND04-2
Q8ND04-2	D3ZQ80
Q8ND04-2	Q8ND04
Q8ND04-2	Q8VE18
F1M0X6	F1M0X6
F1M0X6	Q27W02
F1M0X6	P61327
F1M0X6	Q9CQL1
F1M0X6	P61326
F1M0X6	Q96A72
F1M0X6	Q0VC92
Q8CGW9	Q8CGW9
Q8CGW9	D3ZH91
Q8CGW9	Q8IXT2
Q8CGW9	Q5HYR2
Q5FVN2	Q5FVN2
Q5FVN2	Q5BJD5-2
Q5FVN2	Q5BJD5
Q5FVN2	Q8K1A5
Q5FVN2	Q96HV5
Q5FVN2	Q9D8U2
Q9R0E0	Q9R0E0
Q9R0E0	Q16739
Q9R0E0	O88693
A0A1B0GW64	A0A1B0GW64
A0A1B0GW64	Q3TS39
O15231-6	O15231-6
O15231-6	O15231
O15231-6	O15231-9
O15231-6	O15231-2
O15231-6	O15231-5
O15231-6	G5E8W8
O15231-6	Q62394
O15231-6	A0A0G2JUQ6
O15231-6	O15231-3
Q9BPX6-3	Q9BPX6-3
Q9BPX6-3	Q9BPX6
Q9BPX6-3	Q8VCX5
Q9BPX6-3	Q6P6Q9
Q9ULC4-3	Q9ULC4-3
Q9ULC4-3	Q9ULC4-2
Q9ULC4-3	Q4G009
Q9ULC4-3	Q9ULC4
Q9ULC4-3	A0A3B3IRV3
Q9ULC4-3	Q9DB27
Q9ULC4-3	Q9CQ21
Q9ULC4-3	XP_006235345
Q8N6L1-2	Q8N6L1-2
Q8N6L1-2	Q8N6L1
Q8N6L1-2	B2RZC9
Q8N6L1-2	Q5RL79
Q96DC7-2	Q96DC7-2
Q96DC7-2	Q96DC7
Q96DC7-2	G3V979
Q96DC7-2	Q8BQX5
Q8NA58-2	Q8NA58-2
Q8NA58-2	Q8NA58
Q8NA58-2	B2RXZ1
Q96NH3-4	Q96NH3-4
Q96NH3-4	Q96NH3
Q96NH3-4	Q3URV1
Q96NH3-4	EDL92914
XP_006232237	XP_006232237
XP_006232237	Q6PCN7
XP_006232237	Q14527
XP_006232237	Q95216
A0A0G2JZ40	A0A0G2JZ40
A0A0G2JZ40	Q9Z0J1
A0A0G2JZ40	O95980
Q8NEF3-2	Q8NEF3-2
Q8NEF3-2	D4A095
Q8NEF3-2	Q8NEF3
Q8NEF3-2	A0AUP1
NP_001107864	NP_001107864
NP_001107864	Q5U431
NP_001107864	O43194
NP_001107864	P20789
NP_001107864	O88319
NP_001107864	P30989
D3ZZQ6	D3ZZQ6
D3ZZQ6	Q96HW7-3
D3ZZQ6	Q96HW7-2
D3ZZQ6	Q96HW7
D3ZZQ6	Q8CIM8
Q63803	Q63803
Q63803	P38405-2
Q63803	Q6R0H7
Q63803	P63092
Q63803	P63092-2
Q63803	Q66L47
Q63803	P63092-4
Q63803	P63092-3
Q63803	NP_001178765
Q63803	P04896
Q63803	P63095
Q63803	Q8CGK7
Q63803	P38405
Q63803	P63094
Q63803	Q6R0H7-4
Q63803	Q5JWF2
Q63803	Q5JWF2-2
Q63803	O70443
Q63803	P19086
Q63803	P19627
Q63803	Q3V3I2
Q63803	P04695
Q63803	P20612
Q63803	P11488
Q63803	P29348
Q63803	Q9Z213
Q63803	Q6R0H6
Q63803	P30679
Q63803	O88302
Q63803	P30678
Q63803	Q03113
Q63803	Q63210
Q63803	P27600
Q63803	P50148
Q63803	P30677
Q63803	Q9JID2
Q63803	P21278
Q63803	P29992
Q63803	P21279
Q63803	O95837
Q63803	P82471
Q63803	Q5EAP4
Q63803	Q14344
Q63803	P27601
Q63803	Q6Q7Y5
Q63803	P04897
Q63803	P59215-2
Q63803	P08753
Q63803	A8MTJ3
Q63803	P0C7Q4
Q63803	Q9DC51
Q63803	P19087
Q63803	P18872-2
Q63803	P50149
Q63803	P08752
Q63803	P04899
Q63803	P09471-2
Q63803	P63096
Q63803	P10824
Q63803	B2RSH2
Q63803	P08754
Q63803	P59215
Q63803	P18872
Q63803	P09471
Q9CZX0-2	Q9CZX0-2
Q9CZX0-2	Q9CZX0
Q9CZX0-2	Q9H9T3
Q9CZX0-2	D4ACM1
B2RYE9	B2RYE9
B2RYE9	Q9CR11
B2RYE9	O95619
B1WBU0	B1WBU0
B1WBU0	Q9BRU9
B1WBU0	Q9CX11
Q3LI62	Q3LI62
D4A305	D4A305
D4A305	Q4VC31
D4A305	Q8R3Q6
Q6AXU9	Q6AXU9
Q6AXU9	Q9ULM6
Q6AXU9	Q8K3P5
Q6AXU9	Q8VEG6
Q6AXU9	Q96LI5
Q6AXU9	F1M642
Q96DZ9	Q96DZ9
Q96DZ9	Q9D6G9
Q96DZ9	D3ZQ46
Q9D4V4	Q9D4V4
Q9D4V4	Q5M948
Q9D4V4	Q9H5J8
Q9BSI4	Q9BSI4
Q9BSI4	Q3UMZ4
Q9BSI4	Q9QXG9
Q9BSI4	Q5XIB8
Q9BUL5	Q9BUL5
Q9BUL5	Q8BSN5
Q9BUL5	Q9BUL5-2
Q9BUL5	Q6AY75
Q9BUL5	Q86YI8
Q9BUL5	Q8K2W6
Q96B45	Q96B45
Q96B45	Q9CRC6
Q96B45	D3ZLX2
O95243	O95243
O95243	O95243-2
O95243	XP_001054223
O95243	Q9Z2D7
Q96DP5	Q96DP5
Q96DP5	Q5I0C5
Q96DP5	Q9D799
A2IDD5	A2IDD5
A2IDD5	D3Z5T1
Q6ZVS7	Q6ZVS7
Q6ZVS7	Q5NC57
Q6ZVS7	A6NL82
A0AVF1	A0AVF1
A0AVF1	A0AVF1-3
A0AVF1	Q8BS45
A0AVF1	A0AVF1-2
A0AVF1	Q5U2N8
Q5VZV1	Q5VZV1
Q5VZV1	Q8BLU2
Q5VZV1	Q8CDZ2
Q8NCT3	Q8NCT3
Q8NCT3	Q8NCT3-2
Q8NCT3	Q8NCT3-5
Q8NCT3	Q7TQE7
Q8NCT3	Q8NCT3-6
Q8NCT3	Q68EN5
Q8NCT3	Q810A5
Q8NCT3	Q4V7A9
Q6UXT9	Q6UXT9
Q6UXT9	D3Z8B6
Q6UXT9	Q5F2F2
Q9D9X8	Q9D9X8
Q9D9X8	Q8IXA5
Q9D9X8	Q7Z4W2-2
Q9D9X8	Q6UWQ5-2
Q9D9X8	D4A0W0
Q9D9X8	Q7Z4W2
Q9D9X8	Q9CPX3
Q9D9X8	Q6UWQ5
Q9D9X8	D4ABW7
Q9D9X8	Q9D925
Q9D9X8	O75951
Q9D9X8	Q9DA11
Q9D9X8	A2AE20
Q9D9X8	Q96QH8
Q9D9X8	P17897
Q9D9X8	P00697
Q9D9X8	Q05820
Q9D9X8	P08905
Q9D9X8	P61626
Q9D9X8	Q96KX0
Q9D9X8	P00714
Q9D9X8	P00711
Q9D9X8	P00709
Q9D9X8	P29752
Q8VI40	Q8VI40
Q8VI40	Q8JZK6
Q9H633	Q9H633
Q9H633	Q8R040
Q9H633	Q6MFZ6
Q9H3S5	Q9H3S5
Q9H3S5	Q8C2R7
Q9H3S5	Q9EQY6
Q9DCG6	Q9DCG6
Q9DCG6	P30039
Q9DCG6	Q68G31
Q9DCG6	Q9CXN7
Q6ZPG2	Q6ZPG2
Q6ZPG2	XP_006246130
Q6ZPG2	Q96KV7
Q96FC7	Q96FC7
Q96FC7	Q6AYN4
Q96FC7	Q568Z9
Q96FC7	Q92561
Q96FC7	Q8BGT8
Q96FC7	Q8K0S0
Q96FC7	Q96FC7-2
Q96FC7	Q96FC7-3
Q6N063	Q6N063
Q6N063	Q9CQ04
Q5JUK3-2	Q5JUK3-2
Q5JUK3-2	Q5JUK3
Q5JUK3-2	Q6ZPR4
Q5JUK3-2	Q9Z258
Q5JUK3-2	Q6UVM4
Q5JUK3-2	Q6UVM3
Q5JUK3-2	D3Z649
Q2WGN9	Q2WGN9
P47880	P47880
P47880	P35572
Q3MIM1	Q3MIM1
Q3MIM1	Q9Y6Q2
Q3MIM1	Q9UNN4
Q3MIM1	Q9Y6Q2-2
Q3MIM1	F1MAC6
Q3MIM1	Q8CDJ8
Q3MIM1	Q8R4I4
Q3MIM1	Q99PM3
Q3MIM1	O08949
Q3MIM1	P52655
A2PYH4	A2PYH4
A2PYH4	D3Z4R1
P0DMB2	P0DMB2
Q8TC90	Q8TC90
Q8TC90	Q9CQL2
Q8TC90	Q6AY45
Q9BRP0	Q9BRP0
Q9BRP0	Q8CIV7
Q9BRP0	O00110
Q9BRP0	D3YYM0
Q9BRP0	O14753
Q9BRP0	Q9WTJ2
Q9C0H5-2	Q9C0H5-2
Q9C0H5-2	F1LR18
Q9C0H5-2	Q9C0H5
Q9C0H5-2	P59281
Q8K375	Q8K375
Q8K375	Q4V8C9
Q8K375	Q8IYG6
Q8NG41	Q8NG41
Q8NG41	Q8K4P2
Q8NG41	Q8K4P1
A2ARZ3	A2ARZ3
A2ARZ3	XP_038962371
A2ARZ3	A2AF73
A2ARZ3	Q5CZC0
E9PYQ0	E9PYQ0
E9PYQ0	Q66HB5
E9PYQ0	B2RC85
E9PYQ0	P0C881
E9PYQ0	Q5BJS9
E9PYQ0	Q6PGF2
E9PYQ0	Q8NDC4
E9PYQ0	Q8C5T4
E9PYQ0	Q6PF18
E9PYQ0	Q6PF18-2
A0A0G2JXN2	A0A0G2JXN2
A0A0G2JXN2	Q7Z4K8-5
A0A0G2JXN2	Q7TNM2
A0A0G2JXN2	Q7Z4K8
A0A0G2JXN2	Q7Z4K8-2
A0A0G2JXN2	Q80WG7
A0A0G2JXN2	Q9NQ86
A0A0G2JXN2	F1LY63
D3ZMS2	D3ZMS2
D3ZMS2	Q7TSG2
D3ZMS2	Q9Y5B0
D3ZMS2	Q9Y5B0-4
Q32PX2	Q32PX2
Q32PX2	Q13155
Q32PX2	Q8R010
Q32PX2	Q13155-2
Q8N7P1	Q8N7P1
Q8N7P1	Q3UNN8
Q8N7P1	Q96BZ4
Q8N7P1	Q8BG07
Q8N7P1	Q8IV08
Q8N7P1	O35405
Q8N7P1	Q5FVH2
XP_001066614	XP_001066614
XP_001066614	D3YY23
XP_001066614	Q17RB8
XP_001066614	Q9D4H7
XP_001066614	Q496Y0
XP_001066614	Q1L5Z9
XP_001066614	B2RT44
Q9H1Z9	Q9H1Z9
Q9H1Z9	Q96FV3-4
Q9H1Z9	Q96FV3
Q9H1Z9	Q8QZY6
Q9H1Z9	Q4V8E0
Q9H1Z9	Q3TAQ3
Q9H1Z9	D4A0Z1
Q9H1Z9	Q8NG11
Q9H1Z9	P62079
Q9H1Z9	P62080
Q9H1Z9	Q68VK5
Q9H1Z9	Q8R3S2
Q9H1Z9	Q86UF1
Q9H1Z9	O95858
Q9H1Z9	F7BWT7
Q5TZF3	Q5TZF3
Q5TZF3	Q810N6
P0C5K7	P0C5K7
D3ZYN8	D3ZYN8
D3ZYN8	Q99NF8
D3ZYN8	Q9H2T7
D3ZYN8	NP_001101856
D3ZYN8	Q9EPK7
D3ZYN8	Q9UIA9
Q9Y2X0	Q9Y2X0
Q9Y2X0	G5E6J3
Q9Y2X0	NP_001100238
Q9Y2X0	Q6PGF3
B1AT66	B1AT66
B1AT66	O15403
B1AT66	Q66HE2
B1AT66	Q8CE94
B1AT66	Q7RTY0
P30154-2	P30154-2
P30154-2	Q76MZ3
P30154-2	P30153
P30154-2	Q7TNP2
P30154-2	P30154
P30154-2	Q4QQT4
P30154-2	Q5XI34
Q8CGF5	Q8CGF5
Q8CGF5	S4R434
Q8CGF5	Q96MV1
Q8CGF5	D4AAE5
XP_001073552	XP_001073552
Q9BT73	Q9BT73
Q9BT73	Q9CZH3
Q9BT73	D3ZIU2
A2AA28	A2AA28
A2AA28	Q5RJL2
A2AA28	Q86XA0
O54897	O54897
O54897	Q9NS67
O54897	Q9JJH3
O54897	Q9JJH2
O54897	Q6PI62
O54897	Q9NS66
O54897	P60893
O54897	P60894
O54897	P60895
Q8TF08	Q8TF08
Q8TF08	P13183
Q8TF08	P80431
Q8TF08	P24311
Q8TF08	P56393
Q5FVK8	Q5FVK8
Q5FVK8	Q8BIX3
Q5FVK8	Q8N8R7
Q5FVK8	P0DKL9
Q5FVK8	Q3UKZ7
A0A2R8YCJ5	A0A2R8YCJ5
Q5U1X1	Q5U1X1
Q5U1X1	Q9Y3B8
Q5U1X1	Q9D8S4
B4F7A1	B4F7A1
B4F7A1	Q9DA03
B4F7A1	Q5U5X0
A0A1W2PQU2	A0A1W2PQU2
A0A1W2PQU2	A0A1W2P7I0
Q13495-3	Q13495-3
Q13495-3	Q13495
Q13495-3	P0C6A2
B4F798	B4F798
B4F798	Q504P2
Q9D746	Q9D746
Q9D746	O88375
Q9D746	A1A580
Q9D746	Q52LG2
Q9D746	Q3SY46
Q9D746	Q8IUC0
Q9D746	Q3LI77
Q9D746	O08640
Q9D746	Q9D6S9
Q9D746	Q8K198
Q8WW34	Q8WW34
Q8WW34	Q9DA47
D3Z420	D3Z420
D3Z420	D4ADP4
D3Z420	Q8IYM0
D4ABN8	D4ABN8
D4ABN8	P97789
D4ABN8	Q8IZH2
D4ABN8	Q8IZH2-2
D4ABN8	Q9DBR1
D4ABN8	NP_001102066
D4ABN8	Q9H0D6
D4ABN8	Q9H0D6-2
D4ABN8	F1MKX7
XP_003085312	XP_003085312
XP_003085312	P26369
XP_003085312	P26368
XP_003085312	F2Z3T9
XP_003085312	P26368-2
XP_003085312	P20618
XP_003085312	P18421
XP_003085312	O09061
D3ZRW5	D3ZRW5
D3ZRW5	P70701
D3ZRW5	Q9GZT5
D3ZRW5	P48614
D3ZRW5	O00744
D3ZRW5	Q9QXQ5
D3ZRW5	P22724
D3ZRW5	P56705
D3ZRW5	Q93097
D3ZRW5	O70283
D3ZRW5	G3V7U3
D3ZRW5	Q9Y6F9
D3ZRW5	P22727
D3ZRW5	P41221
D3ZRW5	P22725
D3ZRW5	P22726
D3ZRW5	Q9H1J7
D3ZRW5	Q9QXQ7
D3ZRW5	Q6NZR1
D3ZRW5	P56706
D3ZRW5	Q5NSW6
D3ZRW5	P28047
D3ZRW5	Q8CFB2
D3ZRW5	P24383
D3ZRW5	O00755
D3ZRW5	P04628
D3ZRW5	P04426
D3ZRW5	P09544
D3ZRW5	P21552
D3ZRW5	O96014
D3ZRW5	P48615
D3ZRW5	Q9UBV4
D3ZRW5	Q9QYS1
D3ZRW5	NP_001102693
D3ZRW5	P56703
D3ZRW5	P17553
D3ZRW5	P27467
D3ZRW5	P56704
D3ZRW5	O14904
D3ZRW5	Q8R5M2
D3ZRW5	O35468
D3ZRW5	O14905
D3ZRW5	Q64527
D3ZRW5	Q9H1J5
D3ZRW5	Q93098
D3ZRW5	Q9WUD6
P00778	P00778
Q7Z5L7-3	Q7Z5L7-3
Q7Z5L7-3	Q7Z5L7
Q7Z5L7-3	Q7TQ62
Q7Z5L7-3	Q6P3Y9
Q7Z5L7-3	Q6PEZ8
Q7Z5L7-3	Q9BXN1
Q7Z5L7-3	Q99MQ4
Q7Z5L7-3	P21809
Q7Z5L7-3	P47853
Q7Z5L7-3	P21810
Q7Z5L7-3	P28653
Q7Z5L7-3	P21793
Q7Z5L7-3	P07585-3
Q7Z5L7-3	Q01129
Q7Z5L7-3	P28654
Q7Z5L7-3	P07585
B2RZ17	B2RZ17
B2RZ17	Q9UKT8
B2RZ17	Q60584
Q9NXE8	Q9NXE8
Q9NXE8	Q9DBF7
Q9NXE8	G3V6I3
Q9H992	Q9H992
Q9H992	Q9WV66
Q9H992	Q5XI50
Q8TD46	Q8TD46
Q8TD46	Q8TD46-2
Q8TD46	Q8TD46-4
Q8TD46	Q6Q8B3
Q8TD46	Q9ES58
Q8TD46	Q9ES57
Q8TD46	Q6XJV4
Q8TD46	Q6XJV6
Q8TD46	Q5UKY4
Q8VIG0	Q8VIG0
Q8VIG0	Q8WYQ9
Q8VIG0	M0R4K3
Q9ULZ3	Q9ULZ3
Q9ULZ3	Q9EPB4
Q9ULZ3	Q8CHK8
Q9ULZ3	Q8WXC3
Q00780	Q00780
Q00780	P27658
Q00780	NP_001100570
Q00780	Q05306
Q00780	Q03692
Q00780	O75973
Q00780	Q86Z23
Q00780	Q4ZJM9
Q00780	O88992
Q00780	D3ZEN8
Q00780	Q4ZJM7
Q00780	A6NHN0
Q00780	P25067
Q00780	P25318
Q00780	P02746
Q00780	P14106
Q00780	P31721
Q00780	Q02105
Q00780	P31722
Q00780	P02747
Q00780	Q60994
Q00780	Q15848
Q00780	NP_653345
Q00780	Q9BXJ0
Q00780	Q8K479
Q00780	Q5FVH0
Q00780	B2RNN3
Q00780	P0C862
Q00780	Q4ZJN1
Q00780	Q9BXJ2-2
Q00780	Q8BVD7
Q00780	Q9BXJ2
Q00780	Q9D8U4
Q00780	Q9BXJ5
Q00780	Q9ESN4
Q00780	Q5VWW1
Q00780	P31720
Q00780	P02745
Q00780	P98086
Q8NEY8	Q8NEY8
Q8NEY8	Q8NEY8-2
Q8NEY8	Q8NEY8-3
Q8NEY8	D4A9M4
Q8NEY8	Q8NEY8-5
Q8NEY8	Q8K2H1
Q8NEY8	Q8R1X0
Q9ET01	Q9ET01
Q9ET01	G3V6Y6
Q9ET01	P11217
Q9ET01	P06737-2
Q9ET01	P06737
Q9ET01	P09811
Q9ET01	P00489
Q9ET01	P09812
Q9ET01	Q9WUB3
Q9ET01	Q8CI94
Q9ET01	P11216
P97798	P97798
P97798	Q92859-2
P97798	Q92859
P97798	P97603
P97798	P70211
P97798	P43146
P97798	Q63155
Q6P9P0	Q6P9P0
Q6P9P0	D3ZF72
Q6P9P0	Q8IX21-2
Q6P9P0	Q8IX21
Q6P9P0	Q8IXR5
Q6P9P0	B1H226
Q6P9P0	Q24JP3
Q641Q2	Q641Q2
Q641Q2	Q641Q2-2
Q641Q2	Q641Q2_A342T
Q641Q2	Q9Y4E1
Q641Q2	Q9Y4E1-2
Q641Q2	Q80X08
Q641Q2	Q6PGL7
Q9NTG1	Q9NTG1
Q9NTG1	Q9Z0T6
Q9NTG1	D3ZCW6
Q64LD2	Q64LD2
Q64LD2	E9Q349
Q64LD2	B2RYB0
A2RT91	A2RT91
A2RT91	XP_576558
A2RT91	Q7Z5J8
Q96HE8	Q96HE8
Q96HE8	Q9D3H0
Q96HE8	Q5XID3
Q96HE8	Q9P0N5
Q96HE8	Q9CQC4
Q96HE8	B6ID01
Q9H6T0	Q9H6T0
Q9H6T0	B2RYJ8
Q9H6T0	Q9H6T0-2
Q9H6T0	Q8K0G8
Q9H6T0	Q6NXG1
Q9H6T0	Q6NXG1-4
Q9H6T0	Q3US41
Q9H6T0	Q3US41-2
Q9H6T0	B2RYD2
Q9H6T0	Q6NXG1-3
Q9H6T0	Q6NXG1-2
Q9H6T0	Q12849
Q9H6T0	Q8C5Q4
Q9H6T0	NP_001094360
Q9H6T0	P70333
Q9H6T0	O35737
Q9H6T0	P55795
Q9H6T0	P31943
Q9H6T0	Q794E4
Q9H6T0	Q9Z2X1
Q9H6T0	Q8VHV7
Q9H6T0	Q6AY09
Q9H6T0	P52597
Q9H6T0	P31942
Q9H6T0	P31942-3
Q9H6T0	D3Z3N4
Q9H6T0	P31942-2
Q9H6T0	NP_001102002
O95568	O95568
O95568	Q9CZ09
O95568	Q4KM84
Q9D808	Q9D808
Q9D808	Q9Y6J6
Q9D808	P63161
Q9NX18	Q9NX18
Q9NX18	Q8C6I2
Q9NX18	Q5RJQ7
Q7Z7L8	Q7Z7L8
Q7Z7L8	A8IHN8
Q7Z7L8	Q3UPL5
Q9JJC6	Q9JJC6
Q9JJC6	Q5EBL4-2
Q9JJC6	D3ZUQ0
Q9JJC6	Q5EBL4
Q9JJC6	Q96NA2
Q9JJC6	Q969X0
Q9JJC6	Q99LE1
Q9JJC6	Q6AYA0
Q9H8J5	Q9H8J5
Q9H8J5	Q9CR33
Q8C4U2	Q8C4U2
Q8C4U2	Q8NBT3
Q9BUK6	Q9BUK6
Q9BUK6	D3ZMW3
Q9BUK6	Q2YDW2
E9PWM3	E9PWM3
E9PWM3	Q5H9R4
E9PWM3	Q5XID7
E9PWM3	Q8BHS6
E9PWM3	Q9UH62
E9PWM3	Q5U310
E9PWM3	Q9CX83
E9PWM3	Q9P291
E9PWM3	Q8N2F6
E9PWM3	Q8N2F6-2
E9PWM3	B1WBW4
E9PWM3	Q9D0L7
P08118	P08118
P08118	P97580
P08118	O08540
Q63429	Q63429
Q63429	P62990
Q63429	P62988
Q63429	P62991
Q63429	P62989
Q63429	P62992
Q63429	P63048
Q63429	P0CG53
Q63429	XP_001080565
Q63429	P0CG49
Q63429	P62983
Q63429	P0CG51
Q63429	P0CH28
Q63429	P62987
Q63429	P62979
Q63429	P62984
Q63429	NP_113875
Q63429	P0CG50_VAR_P265S
Q63429	P62982
Q63429	P0CG48
Q63429	P0CG47
Q63429	P0CG50
Q63429	P29595
Q63429	XP_001067791
Q63429	Q15843
Q63429	Q71UE8
Q5DP50	Q5DP50
Q99JB7	Q99JB7
Q99JB7	Q9BXJ7
Q2WGJ8	Q2WGJ8
Q2WGJ8	A0A2R8VHF7
Q53S99	Q53S99
Q53S99	Q53S99-2
Q8N910	Q8N910
Q52M58	Q52M58
B7Z8K6	B7Z8K6
P0C853	P0C853
Q8N1N2	Q8N1N2
Q8N1N2	Q9D7M5
P59636	P59636
P59636	P0DTD2
P31358	P31358
B6SEH9	B6SEH9
B6SEH9	B6SEH8
Q96E29	Q96E29
Q96E29	Q8R3J4
Q96E29	Q6P6Q6
Q9BTK2	Q9BTK2
Q9H1M3	Q9H1M3
Q9H1M3	Q30KP0
Q9HBJ0	Q9HBJ0
Q9HBJ0	Q4V7E2
Q9HBJ0	Q9JI83
Q9HBJ0	Q86WS3
Q9HBJ0	Q4FZG8
A8MXU0	A8MXU0
A8MXU0	Q8NET1
Q3UCG9	Q3UCG9
Q3UCG9	Q8CIN9
Q3UCG9	Q8WZ73
Q3UCG9	Q6ZQM0
Q3UCG9	Q8WZ73-2
Q3UCG9	Q6AYH3
Q3UCG9	Q969K3-2
Q3UCG9	Q99KR6
Q3UCG9	Q969K3
O35550	O35550
O35550	Q15276-2
O35550	O35551
O35550	Q15276
Q9EST6	Q9EST6
Q9EST6	Q92688
Q9EST6	Q92688-2
Q9EST6	Q9EST5
Q9EST6	Q9BTT0
Q9EST6	P97822
Q9EST6	Q9BTT0-2
Q9EST6	Q9BTT0-3
Q9EST6	P39687
Q9EST6	Q5XIE0
Q9EST6	O43423
Q9EST6	P49911
Q9EST6	O35381
Q9EST6	Q64G17
Q9EST6	O95626
Q14814	Q14814
Q14814	Q14814-2
Q14814	Q63943
Q14814	Q14814-4
Q14814	Q63943-2
Q14814	O89038
Q14814	Q02080-2
Q14814	Q02080
Q14814	O55087
Q14814	Q6AXR7
Q14814	Q02078
Q14814	Q60929-3
Q14814	Q02078-2
Q14814	Q2MJT0
Q14814	Q60929
Q14814	Q06413-6
Q14814	Q8CFN5-4
Q14814	Q8CFN5
Q14814	Q06413-3
Q14814	Q06413
Q14814	A0A096MJY4
Q14814	Q06413-2
Q9H7N4	Q9H7N4
Q9H7N4	Q63624
Q9H7N4	Q5U4C3
Q9H7N4	F1MEK3
Q96D71	Q96D71
Q96D71	O54916-3
Q96D71	O54916
Q96D71	Q96D71-3
Q96D71	Q96D71-2
Q96D71	Q96D71-4
Q96D71	NP_001381828
Q96D71	Q8NFH8
Q96D71	Q8NFH8-3
Q96D71	Q8NFH8-2
Q96D71	Q80XA6
Q96D71	F1M0T5
P08240	P08240
P08240	Q9DBG7
P08240	Q3KRC3
P08240	P08240-2
P37397	P37397
P37397	D3ZRX9
P37397	Q08093
P37397	Q99439
P37397	Q15417
P37397	Q9DAW9
P37397	P51911
P37397	Q08091
P37397	P26932
P37397	Q08092
P37397	Q08290
P37397	Q99439-2
P37397	P37802-2
P37397	P37805
P37397	Q9R1Q8
P37397	P37802
P37397	Q9UI15
P37397	Q5XFX0
P37397	Q9WVA4
P37397	P31232
P37397	Q01995
P37397	P37804
P42702	P42702
P42702	P42703
P42702	O70535
P42702	Q99650
P42702	O70458
P42702	Q65Z14
Q96EN8	Q96EN8
Q96EN8	Q14CH1
Q96B36-3	Q96B36-3
Q96B36-3	D3ZH75
Q96B36-3	Q96B36
Q96B36-3	Q96B36-2
Q96B36-3	F1N197
Q96B36-3	Q9D1F4
Q86UW6	Q86UW6
Q86UW6	XP_223405
Q86UW6	Q69ZK1
Q86UW6	Q5TBK1
Q86UW6	Q3V2Q8
Q86UW6	B5DEG3
Q86UW6	Q5TBK1-2
Q8NEM2	Q8NEM2
Q8NEM2	Q9Z179
Q8NEM2	XP_038951198
Q8NEM2	Q9BZQ2
Q8NEM2	B1H291
Q8NEM2	Q3TTP0
Q8BUI3	Q8BUI3
Q8BUI3	Q9UFC0
Q8BUI3	Q66HB0
Q96N64	Q96N64
Q96N64	Q96N64-2
Q96N64	Q69Z61
Q96N64	E9Q9M8
Q96N64	B1WC60
Q96N64	Q6NUJ5
Q3UMU9-3	Q3UMU9-3
Q3UMU9-3	Q3UMU9-2
Q3UMU9-3	Q3UMU9
Q3UMU9-3	Q925G1
Q3UMU9-3	Q7Z4V5
Q3UMU9-3	Q7Z4V5-2
Q3UMU9-3	O75475
Q3UMU9-3	O75475-2
Q3UMU9-3	Q9Y3E1
Q3UMU9-3	Q923W4
Q3UMU9-3	Q9JMG7
Q3UMU9-3	Q99JF8
Q3UMU9-3	Q812D1
Q3UMU9-3	P51858-3
Q3UMU9-3	Q8VHK7
Q3UMU9-3	P51858
Q3UMU9-3	P51859
Q3UMU9-3	Q9XSK7
Q3UMU9-3	Q5TGJ6
Q9UMD9	Q9UMD9
Q9UMD9	Q9UMD9-2
Q9UMD9	Q07563
Q9UMD9	D3ZSH7
Q5TCS8	Q5TCS8
Q5TCS8	Q5TCS8-5
Q5TCS8	Q5TCS8-1
Q5TCS8	G3UYQ4
Q5TCS8	F1M632
Q5TCS8	P29411
Q5TCS8	Q9WTP7
Q5TCS8	Q9UIJ7
Q5TCS8	Q9WUR9
Q5TCS8	Q9WUS0
Q5TCS8	P27144
F2Z4A3	F2Z4A3
F2Z4A3	Q14517
F2Z4A3	Q9WU10
F2Z4A3	Q8TDW7-1
F2Z4A3	Q8BNA6
F2Z4A3	Q8TDW7
F2Z4A3	Q8R508
F2Z4A3	Q91XX3
F2Z4A3	O88277
F2Z4A3	Q9NYQ8
F2Z4A3	Q5F226
F2Z4A3	Q9Y5G9
F2Z4A3	Q8CHE5
F2Z4A3	Q9Y5H4
F2Z4A3	Q91XY9
F2Z4A3	Q91XY2
F2Z4A3	Q91XY8
F2Z4A3	Q91XZ0
F2Z4A3	Q9Y5G7
F2Z4A3	I6LBW6
F2Z4A3	I6LBX6
F2Z4A3	I6LBX0
F2Z4A3	Q9Y5H1
F2Z4A3	Q6DD96
F2Z4A3	Q9Y5G6
F2Z4A3	Q91XY5
F2Z4A3	Q9Y5H0
F2Z4A3	Q9Y5G4-2
F2Z4A3	O60330
F2Z4A3	Q91XY7
F2Z4A3	Q91XY3
F2Z4A3	Q9Y5G8
F2Z4A3	Q9Y5G4
F2Z4A3	Q91XX9
F2Z4A3	I6LBW8
F2Z4A3	I6LBX5
F2Z4A3	I6LBW7
F2Z4A3	I6LBW9
F2Z4A3	Q9Y5H4-2
F2Z4A3	I6LBX2
F2Z4A3	Q9Y5G5
F2Z4A3	I6LBX4
F2Z4A3	Q91XY0
F2Z4A3	Q91XY4
F2Z4A3	Q9Y5F7
F2Z4A3	Q3UTF9
F2Z4A3	Q9Y5F7-2
F2Z4A3	Q9UN71
F2Z4A3	Q91XX6
F2Z4A3	D4ACU0
F2Z4A3	Q9Y5G0
F2Z4A3	I6LBX8
F2Z4A3	Q91XX1
F2Z4A3	Q9UN70
F2Z4A3	Q91XX2
F2Z4A3	Q91XX4
F2Z4A3	Q91XX7
F2Z4A3	Q9Y5F8
F2Z4A3	Q9Y5G1
F2Z4A3	Q5PQQ0
F2Z4A3	Q91XX5
F2Z4A3	Q9Y5F9
F2Z4A3	Q7TQF1
F2Z4A3	I6LBX7
F2Z4A3	XP_574133
F2Z4A3	Q9Y5G2
F2Z4A3	Q9Y5H3
F2Z4A3	Q9Y5H2
F2Z4A3	I6LBX3
F2Z4A3	Q9Y5F6
F2Z4A3	Q9Y5F6-2
F2Z4A3	Q8K4A2
F2Z4A3	C6JUM5
F2Z4A3	Q9Y5G3
F2Z4A3	Q8CDY9
F2Z4A3	Q63418
F2Z4A3	Q91Y00
F2Z4A3	Q91Y07
F2Z4A3	Q9Y5E1
F2Z4A3	Q91XZ9
F2Z4A3	Q91UZ8
F2Z4A3	G3V8N1
F2Z4A3	Q9Y5E9
F2Z4A3	Q9Y5E7
F2Z4A3	M3ZCP6
F2Z4A3	Q9Y5E5
F2Z4A3	Q91Y01
F2Z4A3	Q91XZ5
F2Z4A3	Q91VE5
F2Z4A3	Q91XZ7
F2Z4A3	Q9UN67
F2Z4A3	Q9Y5E6
F2Z4A3	Q6PB90
F2Z4A3	XP_001055753
F2Z4A3	G3V9R7
F2Z4A3	Q91Y02
F2Z4A3	Q91Y04
F2Z4A3	Q9NRJ7
F2Z4A3	Q9Y5E2
F2Z4A3	XP_001055294
F2Z4A3	Q91VD8
F2Z4A3	Q9Y5F2
F2Z4A3	Q9Y5E8
F2Z4A3	Q9Y5F1
F2Z4A3	Q9UN66
F2Z4A3	Q8C8Z3
F2Z4A3	Q9Y5F0
F2Z4A3	Q9Y5E3
F2Z4A3	Q96TA0
F2Z4A3	Q9Y5E4
F2Z4A3	Q91V48
F2Z4A3	G3V9G0
F2Z4A3	Q91XZ2
F2Z4A3	Q91XZ4
F2Z4A3	Q91XZ4_VAR_E203K
F2Z4A3	G3V8N7
F2Z4A3	Q91Y08
F2Z4A3	Q9Y5F3
Q9JIP4	Q9JIP4
Q9JIP4	P60570
Q9JIP4	Q96RD7
Q9JIP4	Q96QZ0
Q9JIP4	Q8CEG0
Q9JIP4	P60572
Q01344	Q01344
Q01344	P21183
Q92622	Q92622
Q92622	Q92622-2
Q92622	XP_001065343
Q92622	Q80U62-2
Q92622	Q80U62
Q92622	Q80U62-4
Q92622	Q80U62-3
Q92622	Q9H714
Q92622	XP_224403
Q92622	Q3TD16
Q9UHD8	Q9UHD8
Q9UHD8	Q9UHD8-5
Q9UHD8	Q9UHD8-7
Q9UHD8	Q9UHD8-8
Q9UHD8	Q80UG5
Q9UHD8	Q80UG5-3
Q9UHD8	Q9UHD8-2
Q9UHD8	P42209
Q9UHD8	Q5EB96
Q9UHD8	Q8WYJ6
Q9UHD8	AAD02884
Q9UHD8	Q9WU34
Q9UHD8	Q9Z1S5
Q9UHD8	Q9UH03
Q9UHD8	Q9QZR6
Q9UHD8	Q16181
Q9UHD8	O55131
Q9UHD8	Q9WVC0
Q9UHD8	Q16181-2
Q9UHD8	Q15019-2
Q9UHD8	Q15019
Q9UHD8	Q15019-3
Q9UHD8	Q91Y81
Q9UHD8	P42208
Q9UHD8	Q8IYM1
Q9UHD8	Q4V8G5
Q9UHD8	Q14BT3
Q9UHD8	Q9P0V9-2
Q9UHD8	Q9NVA2
Q9UHD8	B1AQZ0
Q9UHD8	Q8C1B7
Q9UHD8	Q8C650
Q9UHD8	Q9P0V9
Q9UHD8	Q9R1T4
Q9UHD8	Q14141
Q9UHD8	Q92599-4
Q9UHD8	Q5PQK1
Q9UHD8	B5DFG5
Q9UHD8	Q9NVA2-2
Q9UHD8	Q6ZU15
Q9UHD8	B3GNI6
Q9UHD8	Q14141-2
Q9UHD8	Q8CHH9
Q9UHD8	B0BNF1
Q9UHD8	Q92599
Q9UHD8	Q8C650-2
Q9UHD8	Q9DA97
Q9UHD8	O43236-4
Q9UHD8	Q99719
Q9UHD8	P28661
Q9UHD8	O43236
Q9UHD8	Q9JJM9-2
Q9UHD8	XP_001480843
Q9UHD8	A0A096MJN4
Q9UHD8	Q9JJM9
Q9UHD8	Q99719-2
Q9UHD8	Q9Z2Q6
EDM07364	EDM07364
EDM07364	Q62376
EDM07364	P08621
EDM07364	P08621-2
EDM07364	Q16560
EDM07364	Q9D384
EDM07364	Q5U1W5
Q9H792	Q9H792
Q9H792	Q69Z38
Q9H792	D4A563
Q9H792	Q86YV5
Q9H792	D3ZMK9
Q9H792	Q571I4
A6NEL2	A6NEL2
A6NEL2	Q8BZW2
A6NEL2	Q53LP3
A6NEL2	M0R7U6
A6NEL2	Q8C0J6
A6NEL2	B1WC89
A6NEL2	Q8BY98
A6NEL2	A6NJG2
A0A1B0GTZ2	A0A1B0GTZ2
E9QAM5	E9QAM5
E9QAM5	NP_001292205
E9QAM5	Q9BYK8
E9QAM5	Q9BYK8-2
E9QAM5	Q6DFV5-3
E9QAM5	D4ADZ6
E9QAM5	Q6DFV5
E9QAM5	P42694
D4A001	D4A001
D4A001	Q9P2F5
D4A001	Q499E5
P26817	P26817
P26817	P35626
P26817	P26819
P26817	Q3UYH7
P26817	Q99MK8
P26817	P25098
P26817	P21146
P26817	P43249
P26817	O70293-2
P26817	O70293
P26817	P43250
P26817	P97711
P26817	Q62833
P26817	P43250-2
P26817	Q8VEB1
P26817	P34947
P26817	P70507
P26817	O70291
P26817	P32298
P26817	O00141-2
P26817	Q8R4V0
P26817	O00141-3
P26817	Q9HBY8
P26817	O00141
P26817	Q9HBY8-3
P26817	Q9ERE3
P26817	Q96BR1
P26817	Q8R4U9
P26817	Q9QZS5
P26817	Q9HBY8-1
P26817	Q9WVC6
P26817	Q06226
P26817	Q63651
P26817	P28327
P26817	Q15835
P26817	Q9WVL4
Q91VE6	Q91VE6
Q91VE6	Q5RJM0
Q91VE6	Q9BYG3
Q9JLV1	Q9JLV1
Q9JLV1	Q156J1
Q9JLV1	O95817
Q4QQW1	Q4QQW1
Q4QQW1	Q99KK1
Q4QQW1	B0BNL5
Q4QQW1	Q9H902-3
Q4QQW1	Q8VCD6
Q4QQW1	Q9H902
Q4QQW1	Q8BGH4
Q4QQW1	Q8K072
Q4QQW1	Q9H6H4
Q4QQW1	D4A193
Q4QQW1	Q9BRK0
Q4QQW1	Q6NUK4
Q4QQW1	Q0VGJ9
Q4QQW1	Q9BRK0-2
Q4QQW1	Q00765
Q4QQW1	Q60870
Q4QQW1	B2RZ37
Q4QQW1	G3X8R0
O75791	O75791
O75791	Q3KR57
O75791	O89100
O75791	P62993
O75791	P62993-2
O75791	Q60631
O75791	P62994
O75791	Q13588
O75791	Q8TC17
O75791	Q9CX99
Q7Z417	Q7Z417
Q7Z417	F1MXK2
Q7Z417	Q5F2E7
Q7Z417	D3ZC82
Q96D96	Q96D96
Q96D96	Q96D96-4
Q96D96	Q3U2S8
Q9ULI3	Q9ULI3
Q9ULI3	E9Q7X6
Q9ULI3	E9Q440
Q9ULI3	F1M9I4
P54278	P54278
P54278	Q68D20
P54278	Q13401-2
P54278	A4D2B8
P54278	B1H246
P54278	P54279
P54278	O95744
P54278	A8MQ11
Q96MR7	Q96MR7
Q9HD20	Q9HD20
Q9HD20	G3V7I3
Q9HD20	Q9EPE9
Q9HD20	Q9HD20-2
O00411	O00411
O00411	E1BCZ0
O00411	Q8BKF1
O00411	D3ZYB6
Q9NY74	Q9NY74
Q9NY74	NP_001102564
Q9NY74	Q5SVT3
Q9H8X2	Q9H8X2
Q9H8X2	Q6P1C1
Q9H8X2	Q5PXE9
O15360	O15360
O15360	O15360-3
O15360	Q9JL70
O15360	XP_008770855
O70157	O70157
O70157	Q13472
O70157	XP_038943191
O70157	D4A9Z2
O70157	Q9Z321
O70157	O95985
P11836	P11836
P11836	D4A4Y3
P11836	P19437
Q9NSI2	Q9NSI2
Q9NSI2	Q5XII4
Q9NSI2	P58468
P57075	P57075
P57075	D3ZY64
P57075	Q8TF42
P57075	Q8BGG7
P57075	F1LV21
P57075	Q3V3E1
Q96QD9	Q96QD9
Q96QD9	Q91Z49
Q96QD9	Q7TQ84
Q96QD9	Q91Z49-2
Q6UXV1	Q6UXV1
Q6UXV1	Q9DA16
Q6UXV1	Q9DA16-2
Q9UKN1	Q9UKN1
Q9UKN1	Q685J3
Q9UKN1	O35419
P58137	P58137
P58137	O14734
P58137	Q8VHK0
Q96EY9	Q96EY9
Q96EY9	Q6PAT0
Q96EY9	Q561R2
Q6W8Q3	Q6W8Q3
Q6W8Q3	A6NKN8
Q6W8Q3	P63055
Q6W8Q3	P63054
Q6W8Q3	P48539
Q9Y2Z4	Q9Y2Z4
Q9Y2Z4	Q5I0L3
Q9Y2Z4	Q8BYL4
Q8R0F8	Q8R0F8
Q8R0F8	Q6AYQ8
Q8R0F8	Q6P587
Q8R0F8	Q6P587-2
Q8R0F8	Q96GK7
Q8R0F8	Q3TC72
Q8R0F8	Q6P2I3
Q8R0F8	B2RYW9
Q96EP1	Q96EP1
Q96EP1	Q96EP1-5
Q96EP1	Q96EP1-3
Q96EP1	Q5PQJ8
Q96EP1	Q810L3
Q6NSI4	Q6NSI4
Q6NSI4	Q6NSI4-4
Q6NSI4	Q8C779
Q6NSI4	B2GV47
Q92858	Q92858
Q92858	P48985
Q92858	O60682
Q92858	O43680
Q92858	O35437
Q92858	Q498R2
Q92858	O88940
Q9UKR8	Q9UKR8
Q8WXD5	Q8WXD5
Q8WXD5	Q5JCM4
Q8WXD5	Q9CX53
Q9Z2D6-2	Q9Z2D6-2
Q9Z2D6-2	P51608-2
Q9Z2D6-2	Q00566
Q9Z2D6-2	Q9Z2D6
Q9Z2D6-2	P51608
Q8BH31	Q8BH31
Q8BH31	Q8NHS3
Q8BH31	NP_001041375
Q56UN5	Q56UN5
Q56UN5	F1LVM0
Q56UN5	E9Q3S4
Q63190	Q63190
Q63190	O08579
Q63190	P50402
Q6TUD9	Q6TUD9
Q6TUD9	Q9D9M4
Q6TUD9	Q8IXQ8
Q6TUD9	Q8IXQ8-2
Q6U7H8	Q6U7H8
Q6U7H8	Q5T9C9
Q9QZS3	Q9QZS3
Q9QZS3	P49757
Q9QZS3	P49757-2
Q9QZS3	Q2LC84
Q9QZS3	Q9QZS3-2
Q9QZS3	Q9Y6R0
Q9QZS3	O08919
Q9QZS3	P49757-3
Q9QZS3	A1L1I3
Q8WYP5-2	Q8WYP5-2
Q8WYP5-2	Q8WYP5
Q8WYP5-2	D3ZZZ0
Q8WYP5-2	Q8CJF7
Q9JLC8	Q9JLC8
Q9JLC8	F1N4J2
Q9JLC8	Q9NZJ4
Q9JLC8	XP_224256
P53347	P53347
P53347	Q65Z15
P53347	P13725
Q96EK5	Q96EK5
Q96EK5	Q4G074
Q96EK5	Q6ZPU9
P06909	P06909
P06909	Q4LDF6
P06909	Q9BXR6
P06909	Q03591
P06909	P36980
P06909	P08603
Q9CR26	Q9CR26
Q9CR26	Q9NP79
Q9CR26	NP_001020811
Q8NDV7	Q8NDV7
Q8NDV7	Q3UHK8
Q8NDV7	NP_001101019
Q8NDV7	D3ZRA6
Q8NDV7	Q3UHC0
Q8NDV7	Q9HCJ0
Q8NDV7	Q9HCJ0-2
Q8NDV7	Q9UPQ9
Q8NDV7	Q9UPQ9-2
Q8NDV7	Q9UPQ9-1
Q8NDV7	F1LV37
Q8NDV7	NP_796098
Q96RD9	Q96RD9
Q96RD9	Q68SN8
Q96RD9	Q96P31
Q96RD9	XP_001058446
Q96RD9	Q96PJ5
Q96RD9	Q96LA5
Q96RD9	Q96LA6
Q96RD9	Q96LA6-3
Q96RD9	Q96LA6-4
Q96RD9	Q8R4Y0
Q96RD9	Q9EQY5
Q96RD9	Q5DRQ8
Q96RD9	D4A8M3
Q96RD9	Q6BAA4
Q96RD9	Q6DN72
Q96RD9	Q7L513-10
Q96RD9	Q7L513-9
Q96RD9	Q7L513
Q96RD9	Q7L513-12
Q96RD9	Q920A9
Q96RD9	Q3B8P2
Q96RD9	A1YIY0
Q96RD9	P26151
Q96RD9	P12314
Q96RD9	Q92637
Q96RD9	P08101
Q96RD9	P27645
Q96RD9	P08508
Q96RD9	Q63203
Q96RD9	P08101-2
Q96RD9	P08637
Q96RD9	O75015
Q96RD9	A0A0B4J1G0
Q96RD9	Q6XPU4
Q96RD9	P12319
Q96RD9	P20489
Q96RD9	P12371
Q96RD9	P31995
Q96RD9	P31994
Q96RD9	P12318
Q96RD9	P12318-2
Q96RD9	P31994-2
Q96RD9	Q7Z6M3
Q96RD9	Q7Z6M3-2
Q96RD9	Q7Z6M3-3
Q96RD9	Q62875
Q96RD9	Q3TB92
Q7Z4H7	Q7Z4H7
Q7Z4H7	Q7Z4H7-3
Q7Z4H7	D3ZET0
Q7Z4H7	Q6NV99
Q86XF0	Q86XF0
Q86XF0	P00374
Q86XF0	P00375
Q86XF0	Q920D2
Q8BW70	Q8BW70
Q8BW70	Q8NB14
Q8BW70	D3Z8K5
Q8BW70	Q9P2H5
Q8BW70	M0QWN7
Q8BW70	F1M8S4
Q9Y5X5	Q9Y5X5
Q9Y5X5	Q924H0
Q9Y5X5	Q9EQD2
Q9Y5X5	Q9EP86
Q9Y5X5	Q9GZQ6
Q9Y5X5	P97295
Q9Y5X5	P49146
Q9Y5X5	P56719
Q9Y5X5	O43614
Q9Y5X5	P58308
Q9Y5X5	O43613
Q9Y5X5	P58307
Q9Y5X5	P56718
Q9Y5X5	P83858
Q9Y5X5	Q96P65
Q9Y5X5	P83861
Q9Y5X5	G3UWA8
Q9Y5X5	P25929
Q9Y5X5	Q04573
Q9Y5X5	P21555
Q9Y5X5	Q61212
Q9Y5X5	Q99463
Q9Y5X5	P0DQD5
Q9Y5X5	Q61041
Q9Y5X5	P50391
Q9Y5X5	Q63447
P41223	P41223
P41223	Q6PGH1
P41223	O70454
Q6ZQG1	Q6ZQG1
Q6ZQG1	Q92621
Q6ZQG1	D4A7R3
P54578	P54578
P54578	Q5U2N2
P54578	P54578-2
P54578	Q9JMA1
Q9D8N3	Q9D8N3
Q9D8N3	Q8N2M4
Q9D8N3	B0BNF0
Q9D8N3	Q8N661
Q9D8N3	Q497J1
O75459	O75459
O75459	P0CL81
O75459	Q4V326
O75459	P0CL80
O75459	A6NDE8
O75459	O76087
O75459	Q4V321
O75459	A6NER3
O75459	A6NGK3
O75459	Q9UEU5
O75459	A1L429
O75459	Q13070
O75459	Q6NT46
O75459	P0DSO3
O75459	P0CL82
O75459	Q13066
O75459	Q13069
O75459	P0DTW1
O75459	Q5JUK9
Q96QB1	Q96QB1
Q96QB1	Q96QB1-6
Q96QB1	Q63744
Q96QB1	Q9R0Z9
Q96QB1	Q9R0Z9-2
Q96QB1	Q923Q2
Q96QB1	Q9Y3M8
Q96QB1	Q9Y3M8-4
Q96QB1	NP_001102530
Q96QB1	Q8C6U8
Q96QB1	Q92502-2
Q96QB1	Q92502
Q96QB1	Q8K031
Q96QB1	D4A5B9
O60701	O60701
O60701	O60701-2
O60701	O60701-3
O60701	O70199
O60701	O70475
Q8BV79	Q8BV79
Q8BV79	NP_001178728
Q8BV79	O15050
Q9DA79	Q9DA79
Q9DA79	Q5M872
Q9DA79	Q9H4A9
Q9DA79	Q5U2X4
Q9DA79	Q9H4B8
Q9DA79	Q8C255
Q9DA79	P16444
Q9DA79	P31428
Q9DA79	P31428_VAR_N358S
Q9DA79	P31430
Q91VC9	Q91VC9
Q91VC9	Q9H3K2
Q91VC9	Q9Y6G2
Q91VC9	Q5XIA8
Q60837	Q60837
Q60837	XP_344494
Q60837	P42701
Q60837	P42701-3
Q8CA03	Q8CA03
Q8CA03	Q9BY10
Q8N6G6	Q8N6G6
Q8N6G6	Q8BLI0
Q8N6G6	G3UXC7
Q8N6G6	D4ADD4
Q8N6G6	P82987
Q07646	Q07646
Q07646	Q6P5P5
Q07646	Q5EB52
Q7L0L9	Q7L0L9
O60683-2	O60683-2
O60683-2	D3ZC81
O60683-2	O60683
O60683-2	B1AUE5
Q9HC47	Q9HC47
Q8TDV2	Q8TDV2
Q9BU40-4	Q9BU40-4
Q9BU40-4	Q920C1-2
Q9BU40-4	Q76LD0
Q9BU40-4	Q9BU40
Q9BU40-4	Q920C1
Q9BU40-4	Q6WN34
Q9BU40-4	F1LW58
Q9BU40-4	Q8VEA6
Q7Z5B4	Q7Z5B4
Q7Z5B4	Q8BPM6
P52481	P52481
P52481	Q9CYT6
P52481	P40123
P52481	Q01518
P52481	Q01518-2
P52481	Q08163
P52481	P40124
Q9UH64	Q9UH64
Q7TMZ1	Q7TMZ1
NP_001127888	NP_001127888
NP_001127888	Q8K2A7
NP_001127888	Q9NVR2
XP_001066882	XP_001066882
XP_001066882	Q9CXE0
XP_001066882	Q9NQX1
NP_001101948	NP_001101948
NP_001101948	Q9D6E4
NP_001101948	Q8N6N2
NP_001101948	Q92623
NP_001101948	Q3V038
NP_001101948	D3ZS76
NP_001101948	Q6P5P3
NP_001101948	Q8N5M4
NP_001101948	Q810A3
XP_342643	XP_342643
XP_342643	Q9NXC5
XP_342643	Q8VE19
Q5PQS5	Q5PQS5
Q5PQS5	Q8VIH7
Q5PQS5	Q96J86
Q4V8K5	Q4V8K5
Q4V8K5	Q8K2Q7
Q4V8K5	Q5VW32
A0A1B0GUV8	A0A1B0GUV8
A0A0J9YX06	A0A0J9YX06
Q8VIH3	Q8VIH3
Q8VIH3	Q9ERH8
Q8VIH3	Q9HAS3
Q8VIH3	A2AWR5
Q8VIH3	Q62773
Q8VIH3	E9PXX9
Q8VIH3	O43868
Q8VIH3	O88627
Q8VIH3	O00337
Q8VIH3	Q62674
Q6AYL5	Q6AYL5
Q6AYL5	Q15427
Q6AYL5	Q8QZY9
Q812E8	Q812E8
Q812E8	Q711T7
Q812E8	Q6IA69
NP_001258140	NP_001258140
NP_001258140	Q5SUV1
NP_001258140	Q9HA92
B4URE0	B4URE0
B4URE0	P03466
D3ZH95	D3ZH95
D3ZH95	Q6P1Y1
D3ZH95	Q8N8U3
Q6JQN1-5	Q6JQN1-5
Q6JQN1-5	Q8K370
Q6JQN1-5	NP_001385719
Q6JQN1-5	Q6JQN1
Q6JQN1-5	Q80XL6
Q6JQN1-5	B3DMA2
Q6JQN1-5	Q709F0
Q6JQN1-5	Q709F0-3
Q6JQN1-5	D3Z7X0
A0A286YF18	A0A286YF18
Q05084-2	Q05084-2
Q05084-2	P97411
Q05084-2	Q05084
Q05084-2	Q63054
Q05084-2	Q8NDH6
Q05084-2	Q6RUG5
Q05084-2	Q3TY65
C0HM02	C0HM02
O60583	O60583
O60583	O60583-2
O60583	Q7TQK0-2
O60583	O60563-2
O60583	D3ZC98
O60583	O60563
O60583	Q9QWV9
O60583	Q7TQK0
P43004	P43004
P43004	P31596
P43004	P43004-3
P43004	P43006-2
P43004	Q8K5B5
P43004	P43006
P43004	O35874
P43004	P43007
P43004	Q76GL9
P43004	P43005
P43004	P51906
P43004	P51907
P43004	Q3UFR4
P43004	P51912
P43004	D3ZJ25
P43004	Q15758-2
P43004	Q15758
P43004	P24942
P43004	P56564
P43004	P43003
P43004	P48664
P43004	O35921
P43004	O35544
P43004	O00341
P43004	Q8JZR4
B1AUF7	B1AUF7
Q14980	Q14980
Q14980	Q14980-4
Q14980	Q14980-2
Q14980	F1LW91
Q14980	E9Q7G0
Q7Z4G4	Q7Z4G4
Q7Z4G4	Q9CWH5
Q7Z4G4	Q7TNK6
P46821	P46821
P46821	F1N1S2
P46821	P14873
P46821	P15205
P46821	Q66K74
P46821	Q8C052
P46821	P0C5W1
Q9GZY6	Q9GZY6
Q9GZY6	Q8CGL2
Q9GZY6	Q9JHL0
Q62077	Q62077
Q62077	P10686
Q62077	P08487
Q62077	P19174
Q62077	P19174-2
Q62077	P24135
Q62077	Q8CIH5
Q62077	P16885
O43283	O43283
O43283	Q1HKZ5
O43283	F7FMK8
O43283	Q63796
O43283	Q60700
O43283	Q12852
P57058	P57058
P57058	D4A7Q7
P57058	O88866
P57058	Q62673
P57058	Q07832
P57058	P53350
P57058	P70032
P57058	Q14680
P57058	NP_001382535
P57058	Q61846
P57058	Q96PN8
P57058	Q9D2E1
P57058	Q9D411
P57058	NP_001258254
P57058	Q6SA08
P34152-2	P34152-2
P34152-2	P34152-9
P34152-2	Q05397-5
P34152-2	P34152
P34152-2	O35346
P34152-2	P34152-4
P34152-2	Q05397
P34152-2	Q00944
P34152-2	Q9QVP9
P34152-2	Q14289
P34152-2	Q14289-2
P34152-2	P70600
P34152-2	Q92063
P34152-2	Q05397-2
Q9NZJ5	Q9NZJ5
Q9NZJ5	Q9Z2B5
Q9NZJ5	Q9Z1Z1
O00418	O00418
O00418	O08796
O00418	P70531
Q9P2N6	Q9P2N6
Q9P2N6	A2RSY1-2
Q9P2N6	Q9P2N6-3
Q9P2N6	Q3KR73
Q9P2N6	A2RSY1
Q9P2N6	Q9P2N6-2
P21784	P21784
P21784	P55895
P21784	G3V6K7
Q91XQ0	Q91XQ0
Q91XQ0	Q96JB1
Q91XQ0	Q8TE73
Q91XQ0	XP_008759046
Q91XQ0	Q8VHE6
Q91XQ0	F1MAM6
Q91XQ0	XP_342710
Q91XQ0	E9Q0B6
Q91XQ0	D3YYQ8
Q91XQ0	XP_001078937
Q91XQ0	Q8IVF4
Q91XQ0	Q63164
Q91XQ0	P0C6F1
Q91XQ0	Q2KML4
Q91XQ0	Q9P225
Q91XQ0	E9Q8T7
Q91XQ0	Q9P2D7
Q91XQ0	Q9P225-2
Q91XQ0	Q9C0G6
Q91XQ0	Q8TD57
Q91XQ0	Q8BW94
Q91XQ0	XP_001065872
Q91XQ0	XP_001079121
Q91XQ0	Q6ZR08
Q91XQ0	XP_003085641
Q91XQ0	Q6ZR08-4
Q91XQ0	Q3V0Q1
Q91XQ0	Q6ZR08-3
Q91XQ0	M0RAB9
Q91XQ0	Q923J6
Q91XQ0	NP_001297264
Q91XQ0	Q8WXX0
Q91XQ0	E9Q0T8
Q91XQ0	Q63170
Q91XQ0	L7N1Y0
P54132	P54132
P54132	O88700
P54132	D3ZQW1
Q4KM51	Q4KM51
Q4KM51	Q5SSK3
Q4KM51	Q96QE5
P46937-9	P46937-9
P46937-9	P46937-7
P46937-9	P46937-8
P46937-9	P46937-3
P46937-9	Q2EJA0
P46937-9	Q2EJA0-3
P46937-9	P46937
P46937-9	I0B5S6
P46937-9	F1MK73
P46937-9	P46937-6
P46937-9	P46938
P46937-9	P46937-2
P46937-9	P46937-5
P46937-9	Q9GZV5
P46937-9	Q9EPK5
P46937-9	Q4V7E6
NP_001389105	NP_001389105
NP_001389105	Q91V88
NP_001389105	Q6UXI9-6
NP_001389105	Q6UXI9
NP_001389105	Q8IUX8
NP_001389105	Q9JJZ5
A0A455ZAR2	A0A455ZAR2
Q96FT9-2	Q96FT9-2
Q96FT9-2	Q96FT9-3
Q96FT9-2	D3ZY35
Q96FT9-2	Q96FT9
Q96FT9-2	Q9DA69
Q5TCQ9-1	Q5TCQ9-1
Q5TCQ9-1	Q5TCQ9
Q5TCQ9-1	Q5TCQ9-3
Q5TCQ9-1	Q9EQJ9
Q5TCQ9-1	Q9EQJ9-2
Q5TCQ9-1	Q9JK71
Q5TCQ9-1	Q86UL8
Q5TCQ9-1	Q9WVQ1
Q5TCQ9-1	O88382
Q5TCQ9-1	Q80TU0
Q5TCQ9-1	Q96QZ7
Q5TCQ9-1	Q4L1J4
Q5TCQ9-1	E9PZ12
Q5TCQ9-1	Q96QZ7-3
Q5TCQ9-1	Q96QZ7-2
Q5TCQ9-1	Q6RHR9-2
Q5TCQ9-1	Q6RHR9
D4AC20	D4AC20
D4AC20	P32320
D4AC20	P56389
Q5RKH9	Q5RKH9
Q5RKH9	Q9BUN8-2
Q5RKH9	Q9BUN8
Q5RKH9	Q99J56
Q5RKH9	Q8BNI4
Q5RKH9	Q96Q80
Q5RKH9	Q9D8K3
Q5RKH9	Q9GZP9
Q5RKH9	A0A0G2JTX9
Q6P9G4	Q6P9G4
Q6P9G4	Q8C4Q9
Q9GZZ9	Q9GZZ9
Q9GZZ9	Q8VE47
Q9GZZ9	Q5M7A4
Q80ZQ9	Q80ZQ9
Q80ZQ9	Q9NX38
Q80ZQ9	D4AE08
P12034	P12034
P12034	P48807
P12034	P12034-2
P12034	P15656
P12034	Q9HCT0
P12034	Q9ESS2
P12034	P08620
P12034	P11403
P12034	Q8R5L6
P12034	P21658
P12034	P10767
P12034	P70492
P12034	O35565
P12034	O15520
P12034	P36363
P12034	Q02195
P12034	P21781
Q8IZE3	Q8IZE3
Q8IZE3	D3ZK09
Q8IZE3	Q9DBQ7
Q8IZE3	Q8IZE3-2
Q13233	Q13233
Q13233	Q62925
Q13233	P53349
Q13233	Q91820
Q13233	P59241
Q13233	Q96GD4
Q13233	O70126
Q13233	Q96GD4-5
Q13233	A5GFW1
Q13233	O14965
Q13233	Q9N0X0
Q13233	P97477
Q13233	O55099
Q13233	Q3UMM4
Q13233	Q15131-4
Q13233	Q4KM47
Q13233	Q15131
Q13233	P13863
Q13233	P06493
Q13233	P11440
Q13233	NP_476797
Q13233	P06493-2
Q13233	P39951
Q13233	P97377
Q13233	A5PJJ9
Q13233	P24941
Q13233	Q63699
Q13233	Q00526
Q13233	Q80YP0
Q13233	P24941-2
Q80YE7	Q80YE7
Q80YE7	O54784
Q80YE7	O43293
Q80YE7	Q9UIK4
Q80YE7	P53355
Q80YE7	O88764
Q80YE7	Q8VDF3
Q80YE7	P53355-3
Q80YE7	F1LNN8
Q80YE7	Q5BJN2
Q80YE7	Q9UIK4-2
Q80YE7	Q9UEE5
Q9UKG1	Q9UKG1
Q9UKG1	ENSRNOP00000018413
Q9UKG1	A5PKI0
Q9UKG1	Q8K3H0
Q9UKG1	Q8K3G9
Q9UKG1	B4F779
Q9UKG1	Q8NEU8-3
Q9UKG1	Q8NEU8
Q9QXK2	Q9QXK2
Q9QXK2	A0JPN0
Q9QXK2	Q9NS91
Q80Y82	Q80Y82
Q80Y82	A8C4G9
Q80Y82	Q9ULU4-19
Q80Y82	Q9ULU4
Q80Y82	Q9ULU4-9
Q80Y82	Q9ULU4-14
Q80Y82	Q9ULU4-10
Q80Y82	Q9ULU4-6
Q9NQ79	Q9NQ79
Q9NQ79	Q5EB82
Q9NQ79	Q8R555
Q15256	Q15256
Q15256	O08617
Q15256	Q62132-2
Q15256	Q62132
Q15256	P54829
Q15256	P54829-3
Q15256	P35234
Q15256	P54830
Q15256	P35236-3
Q15256	P35236
Q15256	P49445
Q15256	Q8BUM3
Q15256	P35236-2
Q15256	B4DZD9
O95347	O95347
O95347	NP_001102136
O95347	O95347-2
O95347	Q8CG48
A8MWV9	A8MWV9
P0C6S7	P0C6S7
P0C6S7	Q8BIZ1
P0C6S7	Q7Z6G8
P0C6S7	Q8BIZ1-2
P0C6S7	Q7Z6G8-7
P0C6S7	Q7Z6G8-2
P0C6S7	Q7Z6G8-3
P0C6S7	D4AC12
P0C6S7	Q8CBC9
P0C6S7	P59672-2
P0C6S7	P59672
P0C6S7	Q92625
P0C6S7	Q86W74-1
P0C6S7	Q76K24
P0C6S7	Q86W74
P0C6S7	Q8BTZ5
Q13416	Q13416
Q13416	Q60862
Q13416	Q75PQ8
Q96IV0	Q96IV0
Q96IV0	Q9JI78
Q96IV0	Q5XI55
Q96IV0	Q96IV0-5
Q8IW70	Q8IW70
Q8IW70	Q68FE7
Q8IW70	Q6GQT5
Q8IW70	Q8N4L1
Q8IW70	B5DF40
P31271	P31271
P31271	Q62424
P31271	Q99626
P31271	Q05095
P31271	Q9ESV7
P31271	P43241
P31271	P18111
P31271	P47902
P31271	P70321
P31271	Q92826
P31271	P35453
P31271	P70217
P31271	P31276
P31271	P50207
Q92911	Q92911
Q92911	Q99PN0
Q92911	Q63008
Q92911	Q49B93
Q92911	Q1EHB4
Q92911	Q9Y289
Q92911	O70247
Q92911	Q5U4D8
Q92911	Q8BYF6
Q92911	Q8N695
Q9H4I3	Q9H4I3
Q9H4I3	Q99JY4
Q9H4I3	D3ZML4
O88492	O88492
O88492	Q96Q06
Q9D5N9	Q9D5N9
Q9D5N9	Q5VZQ5
Q8NAP8	Q8NAP8
Q8NAP8	B1WBU4
Q8NAP8	Q96BR9
Q8NAP8	Q8CII0
Q8NAP8	Q9CWH1
P04578	P04578
Q9D083	Q9D083
Q9D083	Q8NBT2
Q9D083	XP_001077474
Q8IYJ0	Q8IYJ0
Q8IYJ0	Q5U2P6
Q8IYJ0	Q6P1B3
Q3UTM7	Q3UTM7
Q3UH85	Q3UH85
Q3UH85	Q6DIB4
Q3UH85	Q96MY1
Q3UH85	D3ZHS3
Q3UH85	O94818
Q3UH85	D4A3P4
Q3UH85	P60954
XP_001480095	XP_001480095
Q13907-2	Q13907-2
Q13907-2	Q9BXS1
Q13907-2	Q13907
Q13907-2	P58044
Q13907-2	O35760
Q8CF31	Q8CF31
Q8CF31	C9JXX5
Q497N7	Q497N7
Q497N7	Q6AXY2
Q9H9Y6-3	Q9H9Y6-3
Q9H9Y6-3	O54888
Q9H9Y6-3	Q9H9Y6
Q9H9Y6-3	P70700
P59595	P59595
P59595	P0DTC9
P59595	K9N4V7
P01161	P01161
P01161	P05125
P01161	P01160
Q8N7R1	Q8N7R1
Q86SH4	Q86SH4
Q9UIG5	Q9UIG5
Q8N7C3	Q8N7C3
Q8N7C3	Q8N7C3-2
Q8N7C3	E9PW10
Q8N7C3	D4ABM4
Q6UXD1	Q6UXD1
Q6UXD1	Q9D6B9
Q5VT33	Q5VT33
Q9BYC8	Q9BYC8
Q9BYC8	D4AEG6
Q9BYC8	Q9DCI9
Q64253	Q64253
Q64253	Q16553
Q64253	Q63317
Q64253	Q63316
Q64253	P35461
Q64253	P05533
Q64253	P35460
Q64253	Q9WU67
Q64253	P0CW02
Q64253	P0CW03
Q64253	O94772-2
Q64253	F1LNW6
Q64253	Q8K356
Q64253	Q4R5M8
Q64253	Q9WUC3
Q64253	O94772
G5E8Z3	G5E8Z3
G5E8Z3	Q5T750
Q8BMQ3	Q8BMQ3
Q8BMQ3	Q6ZN30
Q8BMQ3	Q6ZN30-2
Q8BMQ3	Q01954
Q8BMQ3	F1LUF8
Q8BMQ3	O35914
Q96G46	Q96G46
Q96G46	Q96G46-2
Q96G46	Q3KRC5
Q96G46	Q91XI1
Q9CZW5	Q9CZW5
Q9CZW5	Q75Q39
Q9CZW5	O94826
Q15004	Q15004
Q15004	Q6RIA2
Q15004	Q15004-2
Q15004	Q9CQX4
Q9UKA4	Q9UKA4
Q9UKA4	E9Q777
Q9UKA4	D3ZS99
Q925Q9	Q925Q9
Q925Q9	Q925Q9-2
Q925Q9	Q8R550-2
Q925Q9	Q8R550-3
Q925Q9	Q96B97-2
Q925Q9	A4IF79
Q925Q9	Q8R550
Q925Q9	Q96B97
Q925Q9	Q9Y5K6
Q925Q9	Q9JLQ0
Q925Q9	F1LRS8
O75920	O75920
O75920	O88892
O75920	O75920-2
O75920	D3ZDW2
Q8CGZ0	Q8CGZ0
Q8CGZ0	Q8IWX8
Q8CGZ0	D3ZAX5
P49135	P49135
P49135	A0MQ57
P49135	Q4G005
P49135	P19447
Q5T1M5	Q5T1M5
Q5T1M5	Q5T1M5-2
Q5T1M5	Q6P9Q6
Q5T1M5	XP_342847
Q99575	Q99575
Q99575	XP_235391
Q99575	Q9D4G5
Q14687	Q14687
Q14687	Q59GZ0
Q14687	Q3U3C9
Q14687	Q14687-2
Q14687	Q14687-3
Q14687	XP_001078877
P59533	P59533
P59533	Q7TQA6
P59533	Q4VHE7
Q921E6-2	Q921E6-2
Q921E6-2	B5DF02
Q921E6-2	Q921E6
Q921E6-2	O75530-2
Q921E6-2	O75530
Q9P2W3	Q9P2W3
Q9P2W3	Q9JMF3
A6NJG6	A6NJG6
A6NJG6	A8MZ59
Q3KNW1	Q3KNW1
Q3KNW1	Q6AY35
Q3KNW1	O95863
Q3KNW1	Q02085
Q3KNW1	P97469
Q3KNW1	O08954
Q3KNW1	O43623
Q3KNW1	Q9QY31
Q8N0U4	Q8N0U4
Q8N0U4	Q7TPD2
P17861-2	P17861-2
P17861-2	O35426-2
P17861-2	P17861
P17861-2	O35426
P17861-2	Q9R1S4
Q5JUK2-2	Q5JUK2-2
Q5JUK2-2	Q5JUK2
Q5JUK2-2	Q6IUP1
Q96QS1	Q96QS1
Q96QS1	Q9JHH2
E9Q3H6	E9Q3H6
E9Q3H6	Q96MF6
E9Q3H6	Q9H8M1
E9Q3H6	Q3THF9
E9Q3H6	Q5I0I9
Q9JHY3	Q9JHY3
Q9JHY3	Q6IE40
Q9JHY3	F7FAP6
Q9JHY3	Q9JHY4
Q9JHY3	Q8BH89
Q9JHY3	A6JX65
Q3V2T4	Q3V2T4
Q3V2T4	P85411
Q3V2T4	P60985
Q8N5N4	Q8N5N4
Q8N5N4	Q8C5S3
Q9DAF8	Q9DAF8
Q9DAF8	C9J302
Q7Z4M0	Q7Z4M0
Q7Z4M0	Q9CWH4
Q6PFD7	Q6PFD7
Q6PFD7	Q69YI7
O43824	O43824
O43824	Q3U6U5
O43824	NP_001129312
E2RYF7	E2RYF7
Q3B820-3	Q3B820-3
Q3B820-3	Q3B820
Q3B820-3	Q8QZV6
Q3B820-3	Q6AY14
Q3B820-3	Q96MY7
Q3B820-3	Q8CB59
A6NM66	A6NM66
A5D6W6	A5D6W6
A5D6W6	Q91V79
A5D6W6	Q8N6M3
A5D6W6	P59266
Q8C738	Q8C738
B2RW88	B2RW88
B2RW88	A6NJB7
Q78XM1	Q78XM1
Q9UK85	Q9UK85
Q9UK85	Q9QZL9
O95248-4	O95248-4
O95248-4	Q6ZPE2-2
O95248-4	O95248
O95248-4	Q6ZPE2
O95248-4	XP_001054780
O95248-4	E9PXF8
O95248-4	NP_001128442
O95248-4	Q86WG5
Q8NC38	Q8NC38
B1AMM8	B1AMM8
Q495D7	Q495D7
P38117-2	P38117-2
P38117-2	Q68FU3
P38117-2	Q2TBV3
P38117-2	P38117
P38117-2	Q9DCW4
P25063	P25063
P25063	Q07490
P25063	P24807
Q13510-2	Q13510-2
Q13510-2	Q6P7S1
Q13510-2	Q13510
Q13510-2	Q9WV54
Q13510-2	Q9D7V9
Q13510-2	Q02083
Q13510-2	Q5KTC7
Q9H6V9-2	Q9H6V9-2
Q9H6V9-2	Q9H6V9
Q9H6V9-2	Q8BVA5
Q9H6V9-2	Q5HZX7
Q8N9T2	Q8N9T2
Q96KF2	Q96KF2
Q8N3U1	Q8N3U1
Q3LI81	Q3LI81
Q05BU3	Q05BU3
Q3C1V0	Q3C1V0
Q3C1V0	Q99N10
Q3C1V0	Q9BY19
Q3C1V0	Q9NXJ0
Q3C1V0	Q96JQ5
Q3C1V0	Q96PG1
Q3C1V0	A0A087WRT7
Q3C1V0	Q99N05
Q3C1V0	Q3U5N6
Q3C1V0	E9PZI3
Q3C1V0	Q96HJ5
Q3C1V0	Q920C4
Q3KNT9	Q3KNT9
Q3KNT9	P0DJF3
Q6PGQ1	Q6PGQ1
Q8N6C7	Q8N6C7
O95158	O95158
O95158	Q61200
O95158	O95156
O95158	Q61199
O95158	Q63366
O95158	P58417
O95158	Q9Z2N4
O95158	Q9Z2N5
O95158	O95157
O95158	Q91VX5
Q80UZ2	Q80UZ2
Q80UZ2	Q5XIQ5
Q80UZ2	Q9NVU7
O43402	O43402
O43402	Q5FVL2
O43402	O70378
O43402	Q9Y3B6
O43402	Q5U1W7
O43402	Q9DB76
Q811X6	Q811X6
Q811X6	Q99KP3
Q811X6	Q9Y2S2
Q5VVJ2	Q5VVJ2
Q5VVJ2	D4A7T9
Q5VVJ2	Q69Z66
P56715	P56715
P56715	P56716
P02831	P02831
P02831	O43365
P02831	P09026
P02831	P14651
P02831	P14651_VAR_047729
P02831	NP_001257967
P02831	P31249
P02831	P09027
P02831	P50222
P02831	P39020
P02831	P32443
P02831	P32442
P02831	P50221
P02831	P28356
P02831	B5DFK3
P02831	P17482
P02831	P20615
P02831	P31274
P02831	D4A0V9
P02831	P09633
P02831	P28357
Q68CP9	Q68CP9
Q68CP9	Q68CP9-3
Q68CP9	E9Q7E2
Q68CP9	D3ZJU0
Q9UNH6-3	Q9UNH6-3
Q9UNH6-3	Q9CY18
Q9UNH6-3	Q66H41
Q9UNH6-3	F8WI30
Q9UNH6-3	Q9UNH6
Q9UNH6-3	D4A060
Q9UNH6-3	Q8CE50
Q9UNH6-3	Q5VWJ9
Q9UNH6-3	Q9UMY4-1
Q9UNH6-3	O60493
Q9UNH6-3	O70493
Q9UNH6-3	Q9UMY4
Q9UNH6-3	O70492
Q9UNH6-3	Q9UMY4-3
Q9UNH6-3	Q5U211
Q9UNH6-3	NP_001102287
Q9UNH6-3	O60493-3
Q9UNH6-3	O60493-4
Q9UNH6-3	O60493-2
Q49A88	Q49A88
Q49A88	Q49A88-5
Q49A88	Q8K2J4
Q8BVF9	Q8BVF9
Q8BVF9	Q400C9
Q8BVF9	Q400G9
Q8BVF9	Q86W34
Q8BVF9	Q400C8
Q8BVF9	Q400C7
Q9NS62	Q9NS62
Q9NS62	Q9JM61
Q9NS62	D3ZW62
Q9NS62	Q5BIR3
Q9D7A8	Q9D7A8
Q9D7A8	Q9NVT9
Q9D7A8	F7F379
Q9H114	Q9H114
Q9H114	Q80Y72
XP_001065720	XP_001065720
XP_001065720	Q71UI9-3
XP_001065720	P0C0S6
XP_001065720	Q71UI9-2
XP_001065720	Q71UI9
XP_001065720	Q3THW5
XP_001065720	P0C0S7
XP_001065720	P0C0S5
XP_001065720	Q5ZMD6
XP_001065720	A0A3B3IU63
XP_001065720	Q9CQ70
XP_001065720	Q5M8Q2
XP_001065720	Q9DAD9
Q9Y276	Q9Y276
Q9Y276	Q9CZP5
Q9Y276	Q5XIM0
Q9HAU5	Q9HAU5
Q9HAU5	NP_001101891
Q9HAU5	A2AT37
A0A1W2PPE3	A0A1W2PPE3
E9Q557	E9Q557
E9Q557	P15924
E9Q557	F1LMV6
E9Q557	P15924-2
Q9NWH9	Q9NWH9
Q9NWH9	Q8CH25
Q9NWH9	Q568Z5
Q9NWH9	Q15424-3
Q9NWH9	Q15424-2
Q9NWH9	Q15424-4
Q9NWH9	D3YXK2
Q9NWH9	Q15424
Q9NWH9	O88453
Q9NWH9	Q14151
Q9NWH9	Q80YR5
Q9NWH9	NP_001290073
Q96LM6	Q96LM6
Q96LM6	Q9DAG4
D3ZLU0	D3ZLU0
D3ZLU0	Q5HZI2
D3ZLU0	Q8TF44
D3ZLU0	B7Z1M9
D3ZLU0	P0CG09
D3ZLU0	Q8NCU7
D3ZLU0	A6NLJ0
D3ZLU0	Q80XU5
Q14894	Q14894
Q14894	Q9QYU4
Q14894	O54983
O94952	O94952
O94952	NP_001101808
O94952	Q8VDH1
Q9UNI6	Q9UNI6
Q9UNI6	Q9JIM4
Q9UNI6	Q9D0T2
Q61048	Q61048
Q61048	Q5HZF2
Q61048	O75554
O75496	O75496
O75496	D3ZWJ0
O75496	O88513
Q9NZ53	Q9NZ53
Q9NZ53	B1WC18
Q9NZ53	Q8CAE9
Q8BUR3	Q8BUR3
Q8BUR3	F1M3L2
Q8BUR3	Q9UPW0
Q8BUR3	Q9UPW0-2
Q8BUR3	D3Z992
Q8BUR3	Q9P0K8
Q8BUR3	Q9P0K8-2
Q8BUR3	Q9ES18
Q8BUR3	P55316
Q8BUR3	Q00939
Q8BUR3	Q60987
Q80W65	Q80W65
Q80W65	Q8NBP7
Q80W65	P59996
Q9HCN3	Q9HCN3
Q9HCN3	Q9ESN3
Q9HCN3	A6NDV4
Q9HCN3	B1AWJ5
Q9HCN3	A6NI61
Q9HCN3	Q9D1N4
Q8WUB2	Q8WUB2
Q8WUB2	Q5U1Y9
Q8WUB2	Q9DB54
Q6WRX3	Q6WRX3
Q6WRX3	A2BFL2
Q6WRX3	Q9C0D3
Q6WRX3	Q3UFS0
Q6WRX3	XP_038967432
Q8TDQ0	Q8TDQ0
Q8TDQ0	P0C0K5
Q8TDQ0	Q8VIM0
Q9ULJ7	Q9ULJ7
Q9ULJ7	Q9ULJ7-2
Q9ULJ7	F1LWB9
Q9ULJ7	Q3UI28
Q9ULJ7	O15084-1
Q9ULJ7	Q505D1
Q9ULJ7	O15084
Q9ULJ7	XP_038950906
Q9ULJ7	Q8BTI7
Q9ULJ7	Q8NB46
Q9ULJ7	D4ACT4
Q9ULJ7	F1LZH9
Q9ULJ7	B2RXR6
Q9ULJ7	Q8N8A2-2
Q9ULJ7	Q8N8A2
Q9ULJ7	P58546
Q9ULJ7	P62774
Q9ULJ7	P62775
Q9ULJ7	O95271
Q9ULJ7	Q3UES3
Q9ULJ7	Q6PFX9
Q9ULJ7	Q9H2K2
Q9ULJ7	D3Z8Q6
Q9ULJ7	D3ZRP5
Q92995	Q92995
Q92995	Q92995-2
Q92995	Q5BKP2
Q92995	P56399
Q92995	P45974
Q92995	NP_001100089
Q92995	P45974-2
Q96IL0	Q96IL0
Q96IL0	Q32Q90
Q96IL0	Q9CQW7
Q9UHI5	Q9UHI5
Q9UHI5	Q9NS82
Q9UHI5	NP_446178
Q9UHI5	P63115
Q9UHI5	Q9WVR6
Q9UHI5	Q9QXW9
Q9UHI5	Q9UHI5-4
Q9UHI5	Q63016
Q9UHI5	Q9Z127
Q9UHI5	Q8MH63
Q9UHI5	Q9GIP4-1
Q9UHI5	Q9GIP4
Q9UHI5	Q01650
Q9UHI5	Q8BGK6
Q9UHI5	Q9Z1K8
Q9UHI5	Q9UM01
Q9UHI5	Q9R0S5
Q9UHI5	D3ZMM8
Q9UHI5	Q92536
Q9UHI5	Q50E62
Q9UHI5	Q9QXA6
Q9UHI5	P82251
Q9UHI5	P82252
Q9UHI5	Q9WTR6
Q9UHI5	D4ADU2
Q9UHI5	Q9UPY5
Q9UHI5	Q5RKI7
Q9UHI5	Q91WN3
Q9UHI5	Q8TCU3
Q9C0K0	Q9C0K0
Q9C0K0	Q9C0K0-2
Q9C0K0	D3ZSY3
Q9C0K0	Q9QYE3-13
Q9C0K0	Q9QYE3
Q9C0K0	Q9H165
Q9C0K0	Q9H165-2
Q9C0K0	Q9H165-3
Q9C0K0	Q99PV8
Q9C0K0	D4A0W4
Q9C0K0	Q7RTV3
Q9C0K0	Q0VDT2
Q9C0K0	Q5U2Z0
O95263	O95263
O95263	O95263-3
O95263	E9Q4S1
O95263	O88502
O95263	O60658
O95263	O60658-2
O95263	Q76KC6
P46531	P46531
P46531	Q07008
P46531	Q01705
P46531	Q99466
P46531	Q9QYE5
P46531	Q9Y219
P46531	P97607
P46531	O35516
P46531	Q7Z3S9
P46531	Q04721
P46531	A0A096LNW5
P46531	P0DPK3
P46531	P0DPK4
P46531	Q9QW30
P46531	Q9UM47
P46531	Q61982
P46531	Q9R172
P46531	P31695
P46531	Q63722
P46531	Q9QXX0
P46531	P78504
Q86V48	Q86V48
Q86V48	Q86V48-3
Q86V48	Q9ESV1
Q86V48	Q6KAP6
Q86V48	Q86V48-2
Q86V48	Q8R4U7
Q86V48	NP_001192757
Q8IZ41	Q8IZ41
Q8IZ41	Q14964
Q8IZ41	Q8BHC1
Q8IZ41	Q96DA2
Q8IZ41	Q8BHD0
Q8IZ41	Q8N4Z0
Q8IZ41	P05712
Q8IZ41	P61018-2
Q8IZ41	P61106
Q8IZ41	Q91V41
Q8IZ41	Q91ZR1
Q8IZ41	Q3B7V5
Q8IZ41	P51146
Q8IZ41	P61018
Q8IZ41	P61107
Q8IZ41	P56371
Q8IZ41	P05714
Q8IZ41	P20338
Q8IZ41	Q8WUD1
Q8IZ41	P53994
Q8IZ41	P61019
Q8IZ41	P59279
Q8IZ41	Q5RI75
Q8IZ41	Q0PD08
Q8IZ41	A4D1S5-2
Q8IZ41	A4D1S5
Q8IZ41	P09527
Q8IZ41	P51150
Q8IZ41	P51149
Q8IZ41	Q8VEA8
Q8IZ41	D4A7A8
Q8IZ41	Q96AH8
Q8IZ41	Q9NP90
Q8IZ41	Q8BHH2
Q8IZ41	Q9R0M6
Q8IZ41	P51151
Q8IZ41	D3ZP15
Q8IZ41	Q99P75
Q8IZ41	Q9UL26
Q8IZ41	Q13636
Q8IZ41	P35285
Q8IZ41	Q921E2
Q8IZ41	B0BN19
Q8IZ41	Q6GQP4
Q8IZ41	Q9UNT1-2
Q8IZ41	E9Q9D5
Q8IZ41	Q5XIQ1
Q8IZ41	Q9UBK7-2
Q8IZ41	Q9UNT1
Q8IZ41	Q9UBK7
Q8IZ41	Q14088
Q8IZ41	P97950
Q8IZ41	D3ZRM5
Q8IZ41	P35288
Q8IZ41	Q9ULC3
Q8IZ41	Q15669
Q8IZ41	Q9D3G9
Q8IZ41	Q5BJZ5
Q8IZ41	Q14AA6
Q8IZ41	Q66H11
Q8IZ41	P62828
Q8IZ41	P62826
Q8IZ41	P62827
Q8IZ41	Q61820
Q8IZ41	Q8K586
Q8IZ41	Q96S21
Q8IZ41	Q8VHQ4
Q8IZ41	Q8WXH6
Q8IZ41	Q12829
Q8IZ41	Q8VHP8
Q8IZ41	P0C0E4
Q8IZ41	P62824
Q8IZ41	P63012
Q8IZ41	Q63941
Q8IZ41	Q9CZT8
Q8IZ41	P20337
Q8IZ41	P63011
Q8IZ41	P20336
Q8IZ41	O95716
Q8IZ41	P62823
Q8IZ41	P35276
Q8IZ41	Q96E17
Q8IZ41	Q63942
Q8IZ41	Q92930
Q8IZ41	Q9DD03
Q8IZ41	P61027
Q8IZ41	P61026
Q8IZ41	P35286
Q8IZ41	P51153
Q8IZ41	P55258
Q8IZ41	P35281
Q8IZ41	P61006
Q8IZ41	P61028
Q8IZ41	P35280
Q8IZ41	P70550
Q8IZ41	Q923S9
Q8IZ41	Q15771
Q8IZ41	A0A0G2JTT4
Q8IZ41	Q5U316
Q8IZ41	Q15286
Q8IZ41	Q6PHN9
Q8IZ41	P62820
Q8IZ41	Q9H0U4
Q8IZ41	Q15286-2
Q8IZ41	P10536
Q8IZ41	Q6NYB7
Q8IZ41	Q92928
Q8IZ41	P62821
Q8IZ41	Q9D1G1
Q8IZ41	Q6IQ22
Q8IZ41	P35284
Q8IZ41	P35283
Q8IZ41	P35294
Q8IZ41	Q86YS6
Q8IZ41	Q8CG50
Q8IZ41	Q53B90
Q8IZ41	Q5M7U5
Q8IZ41	Q504M8
Q8IZ41	Q9ULW5
Q8IZ41	Q96AX2-3
Q8IZ41	P51156
Q8IZ41	Q96AX2
Q8IZ41	Q9JKM7
Q8IZ41	Q96AX2-2
Q8IZ41	D4A0G7
Q8IZ41	P35292
Q8IZ41	Q9H0T7
Q8IZ41	P51157
Q8IZ41	P51157-2
Q8IZ41	Q99KL7
Q8IZ41	P51158
Q8IZ41	Q921J2
Q8IZ41	Q62639
Q8IZ41	Q15382
Q8IZ41	Q8TAI7
Q8IZ41	Q9D8T3
Q8IZ41	Q7TNZ5
Q8IZ41	Q96S79
Q8IZ41	Q5SSG5
Q8IZ41	Q92737
Q8IZ41	Q8K5A4
Q8IZ41	Q9BW83
Q8IZ41	Q9D0P8
Q8IZ41	B4F765
Q8IZ41	Q9NX57
Q8IZ41	P35295
Q8IZ41	Q9UL25
Q8IZ41	P35282
Q8IZ41	Q6AXT5
Q9Z202	Q9Z202
Q9Z202	Q07444
Q9Z202	O43908
Q9Z202	P26715
Q9Z202	P26717
Q9Z202	P37217
Q9Z202	Q07108
Q9Z202	Q6UVW9
Q9Z202	O54709
Q9Z202	O70215
Q9Z202	P26718
Q9Y5U2	Q9Y5U2
Q9Y5U2	Q9Y5U2-2
Q9Y5U2	Q9JHE7
Q9Y5U2	Q5XIB1
Q9Y5U2	Q1LZD3
P81447	P81447
P81447	Q02596
P81447	Q04807
P23606	P23606
P23606	Q9JLF6
P23606	P22735
P23606	Q99041
P23606	P00488
P23606	Q8BH61
P23606	O08619
P23606	Q9D7I9
P23606	F1LZP0
P23606	O43548
P23606	D4A5U3
P23606	Q08189
P23606	Q08188
P23606	NP_001153896
P23606	XP_001080162
P23606	Q96PF1
P23606	P21980
P23606	P21981
P23606	Q9WVJ6
P23606	O95932
P23606	Q14CG3
P23606	P49221
P23606	Q8BZH1
P09758	P09758
P09758	Q6P9Z6
P09758	Q8BGV3
P09758	O55159
P09758	P16422
P09758	Q99JW5
Q5TCY1	Q5TCY1
Q5TCY1	Q6PCN3
Q5TCY1	D3ZAU7
Q5TCY1	Q8BTH8
Q5TCY1	Q8BVP5
Q5TCY1	Q9Y6M4-4
Q5TCY1	P78368
Q5TCY1	Q9HCP0
Q5TCY1	Q62762
Q5TCY1	Q8C4X2
Q5TCY1	Q62763
Q5TCY1	Q9HCP0-2
Q5TCY1	Q62761
Q5TCY1	Q9Y6M4-2
Q5TCY1	Q9Y6M4-3
Q5TCY1	Q9Y6M4
Q5TCY1	Q9JMK2
Q5TCY1	Q8BK63
Q5TCY1	P97633
Q5TCY1	P48729
Q5TCY1	Q06486
Q5TCY1	Q9DC28
Q5TCY1	Q8BK63-2
Q5TCY1	P48730
Q5TCY1	Q9JJ76
Q5TCY1	P48729-3
Q5TCY1	P49674
Q5TCY1	P48730-2
Q5TCY1	Q8N752
Q5TCY1	Q9DC28-2
Q5TCY1	P48729-2
P55204	P55204
P55204	P23897
P55204	P25092
P55204	Q3UWA6
P0C875	P0C875
P0C875	Q497Q6
P0C875	Q5XIN5
P0C875	Q8CDW1
P0C875	Q86W67
Q96AQ2	Q96AQ2
Q96AQ2	Q8CHQ6
P0C880	P0C880
Q96DT0	Q96DT0
Q96DT0	D3ZBX1
Q96DT0	Q91VD1
Q96DT0	A4D1Z8
Q96DT0	O88644
Q96DT0	Q9D1U0
Q96DT0	P38486
Q96DT0	P08699
Q96DT0	P17931
Q96DT0	P16110
Q96DT0	A4GTP0
Q96DT0	P47929
Q96DT0	O54974
Q96DT0	P97590
Q8WVE6	Q8WVE6
Q8WVE6	Q6K0P5
Q8WVE6	Q4KL18
Q6IE70	Q6IE70
Q6IE70	Q8BGF7
Q6IE70	Q504Q3
XP_003749839	XP_003749839
XP_003749839	Q8R361
XP_003749839	Q9BXF6
XP_003749839	E1BNE5
XP_003749839	Q6ZQ33
XP_003749839	Q7L804-2
XP_003749839	G3XA57
XP_003749839	Q7L804
XP_003749839	NP_001100917
F1M575	F1M575
F1M575	D3YWJ0
F1M575	Q68CJ6
D4A415	D4A415
D4A415	Q15018
D4A415	Q3TCJ1
D4A415	Q6UWZ7
D4A415	Q5I0F1
D4A415	Q8BPZ8
Q08ED0	Q08ED0
Q08ED0	Q5TBC7
XP_003085928	XP_003085928
D3ZG86	D3ZG86
D3ZG86	Q96JY0-2
D3ZG86	Q96JY0-3
D3ZG86	Q96JY0
D3ZG86	Q8BVN9
Q8BRT5	Q8BRT5
P0DMQ9	P0DMQ9
P0DMQ9	F6QJK4
Q9JJH5	Q9JJH5
Q9JJH5	P70265
Q9JJH5	Q6GTL7
Q9JJH5	Q16875-4
Q9JJH5	P26285
Q9JJH5	O35552
Q9JJH5	Q9ESY2
Q9JJH5	Q16875
Q9JJH5	O60825-2
Q9JJH5	O60825
Q9JJH5	Q6DTY7
Q9JJH5	P07953
Q9JJH5	Q16877
Q9JJH5	P25114
Q9JJH5	P16118
Q9JJH5	P70266
P08057	P08057
P08057	Q8MKD5
P08057	P23693
P08057	P48787
P08057	P19429
P08057	P02646
P08057	Q9WUZ5
P08057	P19237
P08057	P13413
P08057	P13412
P08057	P27768
P08057	P02643
P08057	P48788
P11831	P11831
P11831	NP_001102772
P11831	Q9JM73
Q9Y227	Q9Y227
Q9Y227	Q9DBT4
Q9Y227	Q3TCT4
Q9Y227	Q9NQZ7
Q4V7F5	Q4V7F5
Q4V7F5	Q9CQJ2
Q4V7F5	Q9NWS0
P17542	P17542
P17542	Q16559
P17542	D3Z921
P17542	P22091
P17542	Q62282
P17542	P12980
P17542	P27792
P17542	Q66HH3
Q8N884	Q8N884
Q8N884	A0A0G2JVC4
Q8N884	Q8C6L5
Q62431	Q62431
Q62431	B5DEX9
Q62431	Q99856
Q62431	A6NKF2
Q62431	A6PWV5
Q62431	D3ZGC2
Q62431	Q9Z1N7
Q62431	Q8IVW6-3
Q62431	Q8IVW6
Q8IZD4	Q8IZD4
Q8IZD4	D3ZZJ7
Q8IZD4	Q3U564
Q8IZD4	Q3SZL6
Q8IZD4	Q91YD3
Q8IZD4	D4AE80
Q8IZD4	Q9NPI6
Q9C0C2	Q9C0C2
Q9C0C2	D3ZF26
Q9C0C2	E1BP50
Q9C0C2	P58871
Q5VTL8	Q5VTL8
Q5VTL8	Q6AXY7
Q5VTL8	Q80SY5
Q8VDQ9	Q8VDQ9
Q8VDQ9	NP_001385635
Q8VDQ9	Q8N9T8
Q14643	Q14643
Q14643	P29994
Q14643	P11881
Q14643	P11881-2
Q14643	Q14573
Q14643	Q63269
Q14643	P70227
Q14643	Q14643-3
Q14643	Q9Z329
Q14643	Q14571
Q14643	P29995
Q9NTJ3	Q9NTJ3
Q9NTJ3	Q9NTJ3-2
Q9NTJ3	Q8CG47
Q9NTJ3	F1MAD9
Q9Y5J1	Q9Y5J1
Q9Y5J1	D3ZNH2
Q9Y5J1	A6H702
Q9Y5J1	Q5SSI6
A4D2B0	A4D2B0
A4D2B0	Q6AYD1
A4D2B0	Q8BWY4
Q8TD10	Q8TD10
Q8TD10	Q3UUQ6
P52179	P52179
P52179	XP_001054913
P52179	Q62234
P52179	Q62234-2
P52179	NP_001101457
P52179	P54296
P52179	Q14BI5
P52179	G3V7K1
P52179	A2ABU4
P52179	Q5VTT5
Q80ZQ3	Q80ZQ3
Q80ZQ3	Q6P047
Q86SG4	Q86SG4
XP_228426	XP_228426
XP_228426	Q9UBU8
XP_228426	Q6QI89
XP_228426	P60762
XP_228426	Q6AYU1
XP_228426	Q15014
XP_228426	Q9R0Q4
XP_228426	Q9UBU8-2
Q96BT1	Q96BT1
Q9D4W2	Q9D4W2
Q9D4W2	Q8NCR3
Q9D4W2	Q569B9
Q4ZIN3	Q4ZIN3
Q4ZIN3	Q498D7
Q4ZIN3	Q8CIV2
Q8NBZ9	Q8NBZ9
Q9H777	Q9H777
Q9H777	Q8VEB6
Q9Y483	Q9Y483
Q9Y483	Q02395
Q9Y483	F1LMD5
Q9Y483	O43189
Q9Y483	Q6MGC9
Q9Y483	Q9Z1B8
Q9Y483	O43189-2
Q9Y483	Q5T6S3
Q9Y483	Q9CXG9
Q9Y483	F1M1Y4
Q9Y483	Q5T6S3-2
Q9UF83	Q9UF83
Q9UF83	A8MUU9
Q8TF40	Q8TF40
Q8TF40	Q8TF40-2
Q8TF40	Q8TF40-3
Q8TF40	Q68FD7
Q8TF40	NP_001258096
Q8TF40	D3YUC5
Q8TF40	Q80TD3
Q8TF40	Q9P278
Q8N9B8	Q8N9B8
Q8N9B8	Q3TYC0
Q8N9B8	Q0VAM2
Q8N9B8	Q8JZL7
Q8N9B8	Q8N431
Q8N9B8	Q9D300
Q96MT4	Q96MT4
Q2TAL5	Q2TAL5
Q2TAL5	NP_001177927
Q2TAL5	Q8CI12
F8WHT3	F8WHT3
F8WHT3	Q7TPM1
F8WHT3	Q5JSZ5
F8WHT3	Q5JSZ5-5
F8WHT3	D3ZZ51
Q15370-2	Q15370-2
Q15370-2	P62870
Q15370-2	P62869
Q15370-2	Q15370
Q15370-2	XP_577119
Q5PQP0	Q5PQP0
Q5PQP0	Q5T953
Q5PQP0	Q99J55
XP_218261	XP_218261
XP_218261	P97484
XP_218261	A0A0B4J1F3
XP_218261	A2NTJ8
XP_218261	F8VQ94
XP_218261	D3ZQX2
XP_218261	C0HJX2
XP_218261	C0HJX3
XP_218261	A0A0G2KBC9
XP_218261	NP_001032434
XP_218261	IPI00365434.4
XP_218261	O75023-3
XP_218261	O75023
XP_218261	B6A8C7-2
XP_218261	B6A8C7
XP_218261	Q8NHL6-3
XP_218261	Q8N423-3
XP_218261	O75019
XP_218261	Q8NHL6
XP_218261	Q6PI73
XP_218261	Q8N6C8
XP_218261	Q8N149
XP_218261	Q8N423-1
XP_218261	Q8NHL6-2
XP_218261	Q8N423-4
XP_218261	P59901
XP_218261	A6NI73
XP_218261	Q8NHJ6-3
XP_218261	Q8NHJ6
XP_218261	Q8NHJ6-2
XP_218261	O75022-2
XP_218261	O75022
XP_218261	Q8N423
XP_218261	D3Z7A9
XP_218261	Q64281
XP_218261	Q61450
XP_218261	P83556
XP_218261	Q673W2
XP_218261	Q9H7L2
Q8BLT8	Q8BLT8
Q8BLT8	O35789
Q8BLT8	Q9P2W7
Q8BLT8	Q9CW73
Q8BLT8	P59270
Q8BLT8	Q9NPZ5
Q8BLT8	Q9Z137
Q8BLT8	B2GV35
Q8BLT8	P58158
Q8BLT8	O94766
O35745	O35745
O35745	Q9UM63
D4ABB2	D4ABB2
D4ABB2	Q15049
D4ABB2	Q8VHK5
B2RY83	B2RY83
B2RY83	Q8WWQ2
B2RY83	NP_001129234
B2RY83	Q9Y251
B2RY83	Q71RP1
B2RY83	Q6YGZ1
A0JPP8	A0JPP8
A0JPP8	Q3UJV1
A0JPP8	Q9Y6R9
Q8WUW1-2	Q8WUW1-2
Q8WUW1-2	Q91VR8
Q8WUW1-2	Q8WUW1
Q8WUW1-2	D3ZUP5
A6NHY2	A6NHY2
A6NHY2	Q14DN9
A6NHY2	Q495B1
A6NHY2	F8VQ39
Q9NQ84-2	Q9NQ84-2
Q9NQ84-2	Q3KRC4
Q9NQ84-2	I7HPW4
Q9NQ84-2	Q8K3J9
Q9NQ84-2	Q9NQ84
Q9NQ84-2	D2DFA9
Q9NQ84-2	Q1JPD9
Q9NQ84-2	Q923Z0
Q9NQ84-2	Q9NZH0
Q9NQ84-2	Q9NZH0-2
Q9NQ84-2	D4A3F5
Q9NQ84-2	Q8NFJ5
Q9NQ84-2	Q8BHL4
Q9NQ84-2	Q9NZD1
Q9NQ84-2	Q9JIL6
Q9NQ84-2	Q5RK14
D6RGH6	D6RGH6
D6RGH6	Q3UZ45
D6RGH6	D3ZDX9
Q92985-4	Q92985-4
Q92985-4	Q92985
Q92985-4	P70434
Q92985-4	Q3SWU2
P48061-4	P48061-4
P48061-4	P48061
P48061-4	H7BX38
P48061-4	Q80YV8
P48061-4	P40224
Q15459	Q15459
Q15459	NP_001100705
Q15459	Q8K4Z5
P11378	P11378
P11378	P11101
Q8NCD3	Q8NCD3
Q8NCD3	Q8NCD3-2
Q8NCD3	Q8NCD3-3
Q8NCD3	Q6PG16
Q8NCD3	NP_766093
Q8NCD3	D4A1W1
Q96PE2	Q96PE2
Q96PE2	NP_001269515
Q96PE2	Q80U35
Q96PE2	XP_218963
P97481	P97481
P97481	Q99814
P97481	Q9JHS1
P97481	Q0VBL6-2
P97481	Q9Y2N7
P97481	Q0VBL6
P97481	Q9JHS2
P97481	Q9Y2N7-2
P97481	Q61221
P97481	O35800
P97481	Q16665
O35412	O35412
O35412	O43166-2
O35412	Q8C0T5
O35412	Q5JCS6
O35412	Q80TE4
O35412	Q9P2F8
O35412	O43166
O35412	O60292
O35412	G3X9J0
O35412	Q5BJW2
O35412	Q96FS4
O35412	Q6I7S1
O35412	P46062
P58501	P58501
P58501	D4A8C8
P58501	Q9Y5B6
P58501	P16383
P58501	P16383-3
P58501	Q8BKT3
P58501	D4A3Z4
P30414	P30414
P30414	P30415
P30414	M0R991
P30414	P26882
P30414	Q9CR16
P30414	Q08752
P30414	Q6DGG0
P30414	Q9D6D8
P30414	Q8IXY8
P30414	Q13427
P30414	A8E658
P30414	O55035
P30414	A2AR02
Q15397	Q15397
Q15397	Q562C7
Q15397	Q8BKS9
P57071	P57071
P57071	XP_017453586
P57071	E9Q8T2
O88286	O88286
O88286	O95785-3
O88286	O95785-2
O88286	O95785
O88286	NP_001101534
Q8K0H7	Q8K0H7
Q8K0H7	Q96JT2
P78552	P78552
P78552	O09030
Q38SD2	Q38SD2
Q38SD2	Q3UHC2
Q99PP7	Q99PP7
Q99PP7	XP_001064293
Q99PP7	Q9UPN9
Q99PP7	Q99PP7-2
Q99PP7	Q9UPN9-2
Q99PP7	Q64127
Q99PP7	A0A8I6AI80
Q99PP7	O15164
Q99PP7	O15164-2
Q8K1R7	Q8K1R7
Q8K1R7	NP_001100217
Q8K1R7	Q8TD19
Q8K1R7	Q91ZR4
Q8K1R7	D3ZGQ5
Q8K1R7	Q86SG6
Q8K1R7	Q9UQB9
Q8K1R7	Q9UQB9-2
Q8K1R7	D4AD76
Q8K1R7	O88445
Q03431	Q03431
Q03431	P25961
Q03431	P41593
Q03431	P49190
Q03431	Q91V95
Q03431	P70555
Q03431	P30083
Q03431	P97751
Q03431	P48546
Q03431	Q0P543
Q03431	P43219
Q03431	P32241-2
Q03431	P32241
Q03431	P32215
Q03431	P41586-2
Q03431	P41586-4
Q03431	P70205
Q03431	P41586
Q03431	P34998
Q03431	P34998-2
Q03431	P35353
Q03431	P35347
Q03431	Q60755
Q03431	P32214
Q03431	Q60748
Q03431	P47866
Q03431	Q13324
Q03431	Q63118
Q03431	Q9R1W5
Q03431	Q16602
Q03431	P30988
Q03431	P30988-1
Q03431	O35659
Q03431	P32301
Q03431	P43220
Q03431	O95838
Q03431	Q5IXF8
Q03431	Q9Z0W0
Q03431	Q61606
Q03431	P47871
Q03431	P30082
Q03431	H7BX37
Q03431	P47872
Q03431	P23811
Q03431	P41587
Q03431	P35000
Q03431	P41588
Q03431	Q02644
Q03431	P32082
Q03431	Q02643
O14901	O14901
O14901	O14901-2
O14901	Q8K1S5
O14901	Q13118
O14901	Q13118-2
O14901	O89091
O14901	Q61596
O14901	O08876
O14901	Q6BEB4
O14901	Q9JHX2
Q5TCZ1	Q5TCZ1
Q5TCZ1	Q5TCZ1-2
Q5TCZ1	F1MF26
Q5TCZ1	O89032
Q5TCZ1	NP_001101076
Q5TCZ1	A1X283
Q5TCZ1	A2AAY5
Q5TCZ1	D3ZAF9
Q5TCZ1	A6NI72
Q5TCZ1	A8MVU1
Q5TCZ1	F1M707
Q5TCZ1	Q09014
Q5TCZ1	P14598
Q9NUD5	Q9NUD5
Q9NUD5	Q8BPK2
O00257	O00257
O00257	M0RAR7
O00257	O00257-3
O00257	O55187
O00257	O95931
O00257	P60889
O00257	Q8VDS3
P29459	P29459
P29459	Q9R103
P29459	P43431
Q969S2	Q969S2
Q969S2	Q6R2P8
Q5U2Y9	Q5U2Y9
Q5U2Y9	Q80ST9
Q5U2Y9	Q86VQ0
Q9JIK1	Q9JIK1
Q9JIK1	Q8VHF2
Q9JIK1	Q9HBB8
B1AVD1	B1AVD1
B1AVD1	O43895
B1AVD1	Q99MA2
B1AVD1	Q9NQW7-3
B1AVD1	Q9NQW7-2
B1AVD1	Q6P1B1
B1AVD1	Q9NQW7
B1AVD1	O54975
Q69Z89	Q69Z89
Q69Z89	Q96JH8
Q69Z89	Q5U651
Q69Z89	ENSRNOP00000034336
Q69Z89	E1BDB1
Q69Z89	Q3U0S6
Q9UPU9	Q9UPU9
Q9UPU9	Q8CBY1
Q9UPU9	B5DF21
Q9UPU9	Q9UPU9-2
Q9UPU9	Q5PRF9
Q9UPU9	NP_001100968
Q9UPU9	Q80XS6
Q9UI12	Q9UI12
Q9UI12	Q5XIL1
Q9UI12	Q8BVE3
P52209	P52209
P52209	P85968
P52209	Q9DCD0
O94811	O94811
O94811	Q27957
O94811	P59282
O94811	Q5PPN5
O94811	Q0P5Y3
O94811	Q7TQD2
O94811	Q9CRB6
O94811	Q9BW30
O94811	D3ZQL7
Q6GPH4	Q6GPH4
Q6GPH4	Q5NBU8
Q9Z0W1	Q9Z0W1
Q9Z0W1	P07174
Q9Z0W1	P08138
Q9Z0W1	P18519
Q9Z0W1	Q8K5A9
Q9Z0W1	Q8CJ26
Q5XG87	Q5XG87
Q5XG87	Q6PB75
Q5XG87	D3ZSY1
Q5XG87	Q8NDF8-5
Q5XG87	D3ZBG8
Q5XG87	Q68ED3
Q5XG87	Q8NDF8
O00567	O00567
O00567	Q4KLK7
O00567	Q9D6Z1
O00567	Q6DFW4
O00567	Q9QZ86
O00567	Q9Y2X3
Q8R316	Q8R316
Q8R316	O60381
Q8R316	Q62661
Q61039	Q61039
Q61039	P61296
Q61039	P61295
Q61039	P97832
Q61039	Q64279
Q61039	O96004
Q02952	Q02952
Q02952	Q02952-2
Q02952	Q02952-3
Q02952	Q9WTQ5
Q02952	Q5QD51
Q02880	Q02880
Q02880	Q01320
Q02880	Q64511
Q02880	P11388
Q02880	Q02880-2
Q02880	P41516
Q02880	Q14TE9
Q02880	P11388-4
Q02880	P11388-2
Q9GZR7	Q9GZR7
Q9GZR7	Q6VEU8
Q9GZR7	Q9ESV0
P23434	P23434
P23434	Q5I0P2
P23434	Q91WK5
P52948	P52948
P52948	P52948-6
P52948	P49793
P52948	Q6PFD9
P52948	P52948-2
P52948	P52948-5
O75563	O75563
O75563	Q3UND0
O75563	Q920G0
O75563	Q86WV1
O75563	Q3UUV5
O75563	Q4V7G1
Q9HC23	Q9HC23
Q9HC23	Q8R413
Q9HC23	Q9QXU7-2
Q9HC23	Q9QXU7
Q9HC23	Q14A28
Q9HC23	P58294
Q9HC23	Q8R414
Q8R3C1	Q8R3C1
Q8R3C1	Q9NWW7
A6NLP5	A6NLP5
A6NLP5	Q66H45
A6NLP5	Q8VBW8
O75787	O75787
O75787	Q9CYN9
O75787	Q6AXS4
Q674R7	Q674R7
Q674R7	Q6EBV9
Q674R7	Q5FWU3
Q674R7	Q68FE2-2
Q674R7	Q68FE2
Q674R7	Q7Z3C6
Q8TC29	Q8TC29
Q8TC29	Q6SP97
Q8TC29	D3ZWN6
Q92496	Q92496
Q92496	Q02985
Q6UXY8	Q6UXY8
Q6UXY8	Q6UXY8-3
Q6UXY8	Q6UXY8-2
Q6UXY8	Q5M7W4
Q6UXY8	Q32NZ6
Q6UXY8	Q7TN60
Q6UXY8	Q7Z403-2
Q6UXY8	Q7Z403
Q9Y653	Q9Y653
Q9Y653	Q8K209
Q9Y653	Q8K3V3
Q9D529	Q9D529
Q9D529	Q6ICG8
Q9D529	Q8R478
Q9D529	P97765
Q9D529	Q969T9
Q1RMZ1	Q1RMZ1
Q1RMZ1	Q8BXK4
Q1RMZ1	NP_001102691
Q96LZ7-2	Q96LZ7-2
Q96LZ7-2	Q96LZ7
Q96LZ7-2	Q498D5
Q96LZ7-2	Q8BSE0
Q96LZ7-2	Q66H15
Q96LZ7-2	Q3UJU9
Q96LZ7-2	Q96TC7
Q9Y2P8	Q9Y2P8
Q9Y2P8	Q9JJT0
Q5VYJ5	Q5VYJ5
Q5VYJ5	A2AJX4
Q5VYJ5	R9W7X6
Q5VYJ5	D3YYZ1
Q5VYJ5	Q5T700
O00204	O00204
O00204	O35400
O00204	Q29YR5
O00204	P50236
O00204	P22789
O00204	B2RVI8
O00204	P15709
O00204	Q06520
O00204	P52843
O00204	K7N6K9
O00204	Q9QWG7
O00204	P52847
O00204	Q8BGL3
O00204	O35403
O00204	P52844
O00204	P49891
O00204	P49889
O00204	P49890
O00204	P52845
O00204	O00338-2
O00204	O00338
O00204	Q9D939
O00204	Q9WUW8
O00204	O75897
O00204	P52840
O00204	Q91W19
O00204	P17988
O00204	P50237
O00204	O43704
O00204	Q6IMI6
O00204	Q80VR3
O00204	Q9WUW9
O00204	P49888
O00204	O35402
O00204	K7N6K8
O00204	P0DMM9-3
O00204	P50225
O00204	P0DMN0
O00204	P0DMM9
O00204	P50226
O00204	G3V9R3
O00204	Q3UZZ6
O00204	P63046
O00204	Q9BR01
O00204	P63047
O00204	Q6IMI4
O00204	M0R952
O00204	P0CC03
E9PY46	E9PY46
E9PY46	F1LY69
E9PY46	Q96RY7
P48317	P48317
P48317	P24522
P48317	P48316
P48317	O75293
P48317	P22339
P48317	Q5E9A5
P48317	Q5U3Z2
P48317	Q9WTQ7
P48317	O95257
P48317	Q9Z111
Q8IYA8	Q8IYA8
Q8IYA8	Q6PDM4
Q5SSQ6	Q5SSQ6
Q5SSQ6	Q9CY86
Q9NRC1	Q9NRC1
Q9NRC1	Q8K4P7
Q9NRC1	Q99M96
Q9NRC1	Q2IBD0
Q9NRC1	Q9NRC1-2
Q9NRC1	Q9NRC1-4
Q9NRC1	Q68FW3
Q9NRC1	Q8TDW4
Q96EL1	Q96EL1
Q96EL1	Q9CX62
Q68DL7	Q68DL7
O15265-2	O15265-2
O15265-2	O15265
O15265-2	Q8R4I1
O15265-2	Q5T6C5
O15265-2	Q4QQU0
O15265-2	Q5HZJ2
O15265-2	Q9ULK2
O15265-2	Q3U1F1
O15265-2	Q9CZ05
P35070	P35070
P35070	Q05928
P35070	P01135
P35070	P48030
P35070	P01134
P35070	O14944
P35070	Q61521
P35070	Q9Z0L5
P62816	P62816
P62816	P62817
P62816	O00198
D3ZWI0	D3ZWI0
D3ZWI0	Q8WUJ3
D3ZWI0	Q8BI06
D3ZWI0	Q5FWI3
D3ZWI0	NP_001101066
D3ZWI0	Q9UHN6-2
D3ZWI0	Q9UHN6
Q96HG1	Q96HG1
Q96HG1	P0DMW3
Q96HG1	P0DMW5
Q96HG1	P0DMW4
A1IGU3	A1IGU3
A1IGU3	A1IGU5
A1IGU3	A1IGU4
A1L168	A1L168
Q8CAQ2	Q8CAQ2
Q8R1H8	Q8R1H8
Q8R1H8	Q8R1H8-2
Q8R1H8	Q8N1L9
A0A0U1RR37	A0A0U1RR37
XP_205095	XP_205095
XP_205095	XP_003946470
XP_205095	XP_234961
XP_205095	P05386
XP_205095	P19944
XP_205095	P47955
XP_205095	XP_910749
A2CI98	A2CI98
A2CI98	A2CJ06
Q8IZ16	Q8IZ16
Q8IZ16	Q6AY52
Q96LM1	Q96LM1
Q99440	Q99440
Q2M2W7	Q2M2W7
Q2M2W7	NP_001102520
Q2M2W7	Q08AU9
Q9P2W6	Q9P2W6
Q9H6L4	Q9H6L4
Q9H6L4	Q3UJZ3
P63277	P63277
P63277	P63278
P63277	P63277-1
P63277	Q99218
P63277	P45561
P63277	Q99217
Q06250	Q06250
Q9CWQ2	Q9CWQ2
Q9CWQ2	Q19AV6
Q969S6	Q969S6
Q969S6	Q8R235
Q8WWZ3	Q8WWZ3
Q8WWZ3	Q8WWZ3-2
Q8WWZ3	Q8VHX2
Q8NFB2	Q8NFB2
Q8NFB2	A2AF53
Q8NFB2	Q9H7F4
Q8NFB2	Q8R3R5
Q64256	Q64256
Q64256	Q62100
Q64256	Q9NNZ6
Q2KJ09	Q2KJ09
Q2KJ09	Q99LG0
Q2KJ09	Q9Y5T5
Q2KJ09	Q70EL2
Q2KJ09	Q8K387
Q2KJ09	A0A0G2K4S7
Q66HG8	Q66HG8
Q66HG8	Q13123
Q66HG8	Q9Z1M8
Q9BXJ8	Q9BXJ8
Q9BXJ8	Q8C1E7
Q9BXJ8	Q5HZE2
Q9BXJ8	Q3TA38
Q9BXJ8	A0PK00
Q91Y94	Q91Y94
Q91Y94	Q96KJ9
Q91Y94	Q91W29
Q91Y94	P19783
Q91Y94	Q9TTT8
Q91Y94	P10888
Q91Y94	P00423
Q91Y94	P13073
P06302	P06302
P06302	P26350
P06302	P06454-2
P06302	P01252
P06302	P06454
P06302	Q8CAQ5
P06302	Q15254
P80147	P80147
P80147	P61922
P80147	P80404
P80147	P50554
O46419	O46419
O46419	Q8VCM4
O46419	D3Z7Z4
O46419	Q9Y234
D3ZMB4	D3ZMB4
D3ZMB4	O08836
D3ZMB4	Q61249
D3ZMB4	P78318
D3ZMB4	A0A1W2PR95
D3ZMB4	Q9QZ29
Q07116	Q07116
Q07116	Q8R086
Q07116	P51687
Q07116	O43169
Q07116	Q9CQX2
Q07116	P04166
Q07116	P56395
Q07116	P00167
Q07116	P00173
Q4V8K3	Q4V8K3
Q4V8K3	Q3UX61
Q4V8K3	Q9BSU3
Q4V8K3	P41227-2
Q4V8K3	Q9QY36
Q4V8K3	P41227
Q4V8K3	D3ZUQ2
Q5VJS5	Q5VJS5
Q5VJS5	Q8R368
Q5VJS5	Q8WXU2
Q8TEX9-2	Q8TEX9-2
Q8TEX9-2	Q8TEX9
Q8TEX9-2	D4A2D7
Q8TEX9-2	Q8VI75
P15941-2	P15941-2
P15941-2	P15941
P15941-2	O35770
P15941-2	P15941-10
P15941-2	P15941-6
P15941-2	Q02496
Q9H892-2	Q9H892-2
Q9H892-2	Q8BW49
Q9H892-2	Q9H892
D4A770	D4A770
D4A770	Q9NQ89
D4A770	Q91YN0
D3ZAU3	D3ZAU3
D3ZAU3	Q9NW38
D3ZAU3	Q9CR14
D3ZAQ6	D3ZAQ6
D3ZAQ6	Q9UMY1
D3ZAQ6	Q9UMY1-2
D3ZAQ6	Q9D7Z3
G3V7I7	G3V7I7
G3V7I7	Q9H9A6
G3V7I7	Q9CRC8
A0A1B0GVN3	A0A1B0GVN3
Q641Z9	Q641Z9
Q641Z9	Q99643
Q641Z9	Q9CZB0
Q641Z9	D0VWV4
Q5PPJ4	Q5PPJ4
Q5PPJ4	Q99LN9
Q5PPJ4	Q9BU89
Q5PPP3	Q5PPP3
Q5PPP3	AAA60149
Q5PPP3	Q921P9
Q5PPP3	Q15170
Q5PPP3	B2RYT6
Q5PPP3	Q9DD24
Q5PPP3	Q9UHQ7
Q5PPP3	Q6I7R5
Q5PPP3	Q8IYN2
Q5PPP3	Q9CZY2
Q5PPI3	Q5PPI3
Q5PPI3	Q8BGR8
Q5PPI3	Q9P0R6
B4F766	B4F766
B4F766	Q8CHY3
B4F766	Q7RTS9
A0A1B0GVB3	A0A1B0GVB3
Q6Q1S2	Q6Q1S2
Q6Q1S2	P15423
Q6Q1S2	K9N5Q8
Q6Q1S2	P36334
Q6Q1S2	Q5MQD0
Q6Q1S2	P0DTC2
Q6Q1S2	P0DTC2_VAR_OMICRON
Q6Q1S2	P59594
Q9ESQ9	Q9ESQ9
Q9ESQ9	Q9ESQ8
Q9ESQ9	Q9HCQ7
NP_001101777	NP_001101777
NP_001101777	Q9D7K2
NP_001101777	Q86WV5
Q5EB90	Q5EB90
Q5EB90	P19387
Q5EB90	P97760
Q5EB90	Q5RJK9
Q5EB90	P52432
Q5EB90	O15160
D3ZIE9	D3ZIE9
D3ZIE9	Q9Z110
D3ZIE9	P54886
B1WBT1	B1WBT1
B1WBT1	Q9UNH5-2
B1WBT1	Q9UNH5-3
B1WBT1	Q6GQT0
B1WBT1	Q9UNH5
B1WBT1	F1M567
B1WBT1	A4D256
B1WBT1	O60729
B1WBT1	Q6PFY9
B1WBT1	Q93096
B1WBT1	Q63739
B1WBT1	Q6P9X4
B1WBT1	Q78EG7
B1WBT1	O70274
B1WBT1	Q12974
B1WBT1	B0K032
B1WBT1	Q9D658
B1WBT1	O75365
Q69ZR2	Q69ZR2
Q69ZR2	XP_343061
Q69ZR2	E1BLD1
Q69ZR2	Q9ULT8
Q8TCY9	Q8TCY9
Q8TCY9	Q5NCI0
Q8TCY9	A0A096MJ37
Q8TCY9	S4R325
Q8TCY9	Q8TCY9-2
O75448	O75448
O75448	Q4V8B3
O75448	Q99K74
Q62101	Q62101
Q62101	Q15139
Q62101	Q9WTQ1
Q62101	Q9BZL6-3
Q62101	Q8BZ03
Q62101	Q9BZL6
Q62101	Q5XIS9
Q62101	O94806
Q62101	D3YU02
Q62101	Q568X9
Q62101	Q8K1Y2
Q62101	Q8IW41
Q62101	O54992
Q62101	Q8IW41-2
Q62101	F1LN87
Q80W68	Q80W68
Q80W68	Q96J84-2
Q80W68	Q6X936
Q80W68	Q96J84
Q80W68	Q6UWL6
Q80W68	Q7TSU7
Q80W68	Q6UWL6-2
Q80W68	Q8IZU9
Q80W68	Q8IZU9-2
Q80W68	Q8BR86
P28070	P28070
P28070	P34067
P28070	P99026
Q8NCN4	Q8NCN4
Q8NCN4	F1LV79
Q8NCN4	E9Q7F2
Q9BX63	Q9BX63
Q9BX63	Q5SXJ3
Q9BX63	Q9BX63-2
Q9BX63	A0A0G2K475
P15260	P15260
P15260	P15261
P15260	Q6P6T3
Q13769	Q13769
Q13769	Q8BKT7
Q13769	Q68FX7
Q9BZE7	Q9BZE7
Q9BZE7	Q9D9S1
O43280	O43280
O43280	Q9JLT2
Q7Z3U7	Q7Z3U7
Q7Z3U7	Q7Z3U7-5
Q7Z3U7	Q80TL7
Q7Z3U7	D3ZKH2
Q3TY86	Q3TY86
Q3TY86	Q96NN9-2
Q3TY86	Q96NN9
Q3TY86	D3ZF03
Q6PEB4	Q6PEB4
Q6PEB4	Q9H4B0
Q6PEB4	Q4V7F3
Q9H116	Q9H116
Q9H116	Q4VBD9
Q9H116	D3ZUU2
Q5JY77	Q5JY77
Q5JY77	Q5U4C1
Q5JY77	Q920R4
Q5JY77	XP_228821
Q5JY77	Q8BUY8
Q5JY77	Q96D09
Q5JY77	Q3UZB0
Q5JY77	Q6P1M9
Q5JY77	Q6PI77
Q5JY77	Q71HP2
Q5JY77	Q6PB60
Q8C9H6	Q8C9H6
Q8C9H6	Q9ULQ0
Q8C9H6	Q5VSL9
Q8C9H6	G3V8E2
Q8C9H6	Q8C079
Q8C9H6	D4A9V9
P21581	P21581
P21581	P20826
P21581	P21583
Q8BP74	Q8BP74
Q8BP74	D3ZE35
Q8BP74	Q8IV42
Q99LC5	Q99LC5
Q99LC5	P13804
Q99LC5	P13803
Q99LC5	P13804-2
Q9CQ92	Q9CQ92
Q9CQ92	Q9Y3D6
Q9CQ92	P84817
Q9CQ92	D3YZ32
P55263	P55263
P55263	P55264
P55263	Q64640
Q8BZM1	Q8BZM1
Q8BZM1	D3ZKQ3
Q8BZM1	Q92990
Q96P70	Q96P70
Q96P70	Q91YE6
Q96P70	D4A857
Q9EP73	Q9EP73
Q9EP73	Q9NZQ7
Q9EP73	Q9BQ51
Q9EP73	Q9WUL5
Q13574-1	Q13574-1
Q13574-1	Q13574
Q13574-1	Q80UP3
Q13574-1	O08560
Q13574-1	Q05DE1
Q13574-1	D3YWQ0
Q13574-1	D3Z519
Q13574-1	O75912
Q13574-1	F1MAB7
Q13574-1	P52429
Q13574-1	Q9R1C6
Q13574-1	Q2YDU7
Q13574-1	Q9Y6T7
Q13574-1	Q6NS52
Q13574-1	P49621
Q13574-1	Q9Y6T7-2
Q13574-1	O88673
Q13574-1	P51556
Q13574-1	P23743
Q13574-1	P20192
Q13574-1	P49619
Q13574-1	P49620
Q13574-1	Q91WG7
Q9H3R5	Q9H3R5
Q9H3R5	Q9QYM8
Q9H3R5	F1M389
Q96PG8	Q96PG8
P19473	P19473
Q3USJ8-2	Q3USJ8-2
Q3USJ8-2	XP_218965
Q3USJ8-2	Q3USJ8
Q3USJ8-2	O94868
Q3USJ8-2	O94868-2
Q3USJ8-2	Q86WN1
Q3USJ8-2	Q6PFY1
Q3USJ8-2	D4AD36
P83941	P83941
P83941	XP_001058777
P83941	P83940
P83941	Q15369
P83941	P63208
P83941	Q9WTX5
P83941	Q6PEC4
P38575	P38575
P38575	O00526
Q8NAA5	Q8NAA5
Q8NAA5	XP_001079602
Q8NAA5	Q7TSF4
Q8NAA5	Q2VPJ9
Q8NAA5	Q7TPD7
A8MTZ0	A8MTZ0
A8MTZ0	A8MTZ0-3
A8MTZ0	M0RAH3
A8MTZ0	J3QMK2
Q9P0M4	Q9P0M4
Q9P0M4	Q8K4C5
Q9P0M4	Q9H293
Q9P0M4	Q8VHH8
Q9P0M4	D3ZLB1
Q9P0M4	Q9H293-2
B2RU40	B2RU40
B2RU40	D4A9R4
B2RU40	C9JH25
A8MSI8	A8MSI8
A8MSI8	Q3UN90
A8MSI8	B2RZD7
Q8N812	Q8N812
Q0VBF2	Q0VBF2
Q0VBF2	Q4KMG9
Q96EX1	Q96EX1
Q96EX1	Q78RX3
Q96EX1	D4ACP2
Q6UYE1	Q6UYE1
Q6UYE1	Q6UYE1-2
Q6UYE1	Q8CHZ8
Q7TFA0	Q7TFA0
Q8BHA1	Q8BHA1
Q8BHA1	Q50LG9
Q8BHA1	Q9GZU5
Q8BHA1	P83503
A6NMA1	A6NMA1
A6NMA1	Q3UHV4
A6NMA1	D3ZIW9
Q9Y6J3	Q9Y6J3
Q5BJF2	Q5BJF2
Q5BJF2	Q8VD00
Q5BJF2	Q5U3Y7
A2ADF7	A2ADF7
A2ADF7	Q6PIV7
A2ADF7	Q5XIF9
A2ADF7	Q5SWT3
A2ADF7	Q3KQZ1
A2ADF7	B0BNI6
Q7Z5L0	Q7Z5L0
Q7Z5L0	Q5SXG7
Q17RA5	Q17RA5
Q86TA4	Q86TA4
Q6ZS52	Q6ZS52
Q9CX92	Q9CX92
Q9CX92	A6NN92
B1AWN8	B1AWN8
B1AWN8	F1M4Q1
B1AWN8	Q14093
Q13428-4	Q13428-4
Q13428-4	Q13428-6
Q13428-4	Q13428-3
Q13428-4	Q13428
Q13428-4	Q13428-2
Q13428-4	E1BHU1
Q13428-4	NP_001099613
Q13428-4	O08784
Q13428-4	F6R3V4
O95466-2	O95466-2
O95466-2	O95466
O95466-2	A2APV2
O95466-2	Q9JL26
O95466-2	Q9JL26-2
O95466-2	D3ZAZ1
O95466-2	D3ZDN1
O95466-2	Q6ZPF4
O95466-2	Q8IVF7
O95466-2	Q8IVF7-2
O95466-2	Q96PY5-3
O95466-2	Q96PY5
O95466-2	Q6ZN96
O95466-2	XP_575134
Q93038-11	Q93038-11
Q93038-11	Q93038
Q93038-11	D4ADP7
Q93038-11	Q8VD70
Q8IYS2-2	Q8IYS2-2
Q8IYS2-2	D3ZLT7
Q8IYS2-2	Q8IYS2
Q8IYS2-2	Q91X21
O54830	O54830
O54830	Q8CJ42
O54830	Q8CGZ9
O54830	O54831
O54830	Q9R006
O54830	Q9R005
O54830	P04769
O54830	Q9CRB5
O54830	Q9QUN5
O54830	Q9QUL0
O54830	P01239
O54830	P01240
O54830	Q9JHK0
O54830	Q9JII3
O54830	O35256
O54830	P09320
J7RUA5	J7RUA5
Q07130	Q07130
Q07130	Q16851-2
Q07130	Q91ZJ5
Q07130	Q16851
Q07130	Q4V8I9
Q8BHX3	Q8BHX3
Q8BHX3	Q6AXW0
Q8BHX3	Q53HL2
Q9P1Z0	Q9P1Z0
Q9P1Z0	D4A8X0
Q9P1Z0	Q5F293
Q76KD6	Q76KD6
Q76KD6	B0BMZ4
Q76KD6	Q148B6
E9PEI6	E9PEI6
E9PEI6	Q3MIW9
E9PEI6	Q3TNW5
E9PEI6	Q6MG22
Q8CHG5	Q8CHG5
Q8CHG5	O15033
Q8CHG5	D3ZVC4
Q8CHG5	O15033-2
Q96DY7	Q96DY7
Q96DY7	Q8BJS8
Q96DY7	D4AB60
Q6PJP8	Q6PJP8
Q6PJP8	Q9JIC3
Q6PJP8	D3Z924
Q6PJP8	Q4KLY6
Q6PJP8	Q9H816
Q6PJP8	Q8C7W7
Q8NC44	Q8NC44
Q8NC44	Q3MHU5
Q8NC44	Q6NS82
Q8NC44	B2GV94
Q8NC44	Q9CQV4
Q8NC44	Q86VR2
Q3TNA1	Q3TNA1
Q3TNA1	Q3MIF4
Q3TNA1	O75191
Q5U623	Q5U623
Q5U623	Q5U623-2
Q5U623	Q3UL97
Q8CE64	Q8CE64
Q8CE64	F1LN08
Q8CE64	Q8N554
Q8CE64	Q62511
Q8CE64	F1MAJ8
Q8CE64	Q96JP5
Q8CE64	Q96JP5-2
Q8NET4	Q8NET4
Q8NET4	Q32KG4
Q8N9Q2	Q8N9Q2
Q8N9Q2	Q5RJP9
Q8N9Q2	Q4V9W2
Q9R0J8	Q9R0J8
Q9R0J8	O89017
Q9R0J8	Q99538
Q9R0J8	Q99538-3
Q9R0J8	Q5XIP2
Q9R0J8	Q92643
Q9R0J8	Q9CXY9
Q96Q27	Q96Q27
Q96Q27	Q8K0L0
Q96Q27	Q5U2S6
Q96Q27	P0C927
Q96Q27	Q8C6Y6
Q96Q27	A6NK59
Q96Q27	Q8WXK1
Q96Q27	Q8VHS6
Q5VWN6	Q5VWN6
Q5VWN6	XP_341553
Q5VWN6	Q5DTT3
Q9UJ68	Q9UJ68
Q9UJ68	Q923M1
Q9UJ68	Q9D6Y7
Q9CQZ6	Q9CQZ6
Q9CQZ6	D4A4P3
Q9CQZ6	O43676
Q8VCC1	Q8VCC1
Q8VCC1	P15428
Q8VCC1	O08699
Q8VCC1	Q9BUT1
Q8VCC1	D4A1J4
Q8VCC1	Q8JZV9
Q96GA3	Q96GA3
Q96GA3	Q68FR7
Q96GA3	Q6NSQ7
Q8K2D3	Q8K2D3
Q8K2D3	F1M7Z1
Q8K2D3	Q96F86
Q9BXK5	Q9BXK5
Q9BXK5	P59017
Q9BXK5	D3ZT71
Q6FI81	Q6FI81
Q6FI81	Q8WTY4
Q6FI81	Q5XID1
P62318	P62318
P62318	M0R907
P62318	P62320
P62318	B2RZB7
P62318	P62315
P62318	P62314
Q9WVM3	Q9WVM3
Q9WVM3	Q9UJX3
Q9WVM3	D3ZIT4
Q9ULD2	Q9ULD2
Q9ULD2	Q9ULD2-3
Q9ULD2	Q9ULD2-6
Q9ULD2	Q9ULD2-2
Q9ULD2	Q6IMY1
Q9ULD2	Q5HZI1
Q3UU21	Q3UU21
Q3UU21	XP_001066690
Q3UU21	XP_577604
D3ZQB5	D3ZQB5
D3ZQB5	Q8NHS1
D3ZQB5	Q9D9H2
Q9HAZ2	Q9HAZ2
Q9HAZ2	Q9HAZ2-4
Q9HAZ2	Q03112-3
Q9HAZ2	Q03112-4
Q9HAZ2	Q03112-6
Q9HAZ2	P14404
Q9HAZ2	D3ZM26
Q9HAZ2	Q03112
Q9HAZ2	A2A935
Q9HAZ2	Q03112-9
Q9HAZ2	Q07120
Q9HAZ2	O70237
Q9HAZ2	P70338
Q9HAZ2	Q99684
Q9HAZ2	Q5VTD9
O95825	O95825
O95825	Q921W4
O95825	Q5XI39
EDM09575	EDM09575
EDM09575	Q920Q8
EDM09575	Q9Y6Y0
Q6V702	Q6V702
Q6V702	Q810M1
Q96PD7	Q96PD7
Q96PD7	Q9DCV3
Q96PD7	Q5FVP8
Q96PD7	Q6ZPD8
Q96PD7	A2ADU8
Q96PD7	Q58HT5
Q96PD7	A2ADU9
Q96PD7	D3ZVA9
Q96PD7	Q80W94
Q96PD7	Q96PD6
Q96PD7	Q3SYC2
Q96PD7	Q91ZV4
Q96PD7	Q6E1M8
Q96PD7	Q6E213
Q96PD7	Q86VF5
P49069	P49069
P49069	Q6DGG9
P49069	P49070
Q8BT18	Q8BT18
Q8BT18	Q86TY3
Q921A4	Q921A4
Q921A4	Q8WWM9
Q921A4	Q9CX80
Q8N9B5	Q8N9B5
Q8N9B5	Q9QXM1
Q8N9B5	XP_038959379
Q8N9B5	Q8TF30
Q8N9B5	Q571B6
Q8N9B5	D3ZKN4
Q8N9B5	Q1A5X7
Q96CB9	Q96CB9
Q96CB9	Q9CZ57
Q96CB9	D4A099
Q15042	Q15042
Q15042	P69735
Q15042	Q80UJ7
Q15042	F1LP59
O75794	O75794
O75794	Q8CII2
O75794	Q62834
Q8R2X8	Q8R2X8
Q8R2X8	Q6AYB8
Q8R2X8	Q9H2G9
Q99M04	Q99M04
Q99M04	O43766
Q99M04	Q5XIH4
Q5RJY2	Q5RJY2
Q5RJY2	Q7L622
Q5RJY2	Q9BWX1
Q5RJY2	Q9DAG9
Q5RJY2	Q6AXW4
Q9BYN8	Q9BYN8
Q9BYN8	Q80ZS3
Q9BYN8	Q9EPJ3
Q86VZ4	Q86VZ4
Q86VZ4	Q8CB67
Q5TIA1	Q5TIA1
Q5TIA1	Q9D4I2
Q6UX06	Q6UX06
Q6UX06	Q3UZZ4
Q6UX06	Q99972
Q6UX06	Q9R1J4
Q6UX06	O70624
W8DXL4	W8DXL4
W8DXL4	Q3SXY7
W8DXL4	Q8K099
W8DXL4	Q9P2V4
W8DXL4	Q9JMH2
W8DXL4	A6NDA9
W8DXL4	Q6PFC5
Q9Y2D5-4	Q9Y2D5-4
Q9Y2D5-4	Q9Y2D5
Q9Y2D5-4	Q9Y2D5-6
Q9Y2D5-4	F1N1T3
Q9Y2D5-4	A2API8
Q9Y2D5-4	Q5U301
Q9Y2D5-4	O54931
Q9Y2D5-4	O54931-3
Q9Y2D5-4	O54931-2
Q9Y2D5-4	O75781
Q9Y2D5-4	Q920Q0
Q9Y2D5-4	Q9Z0P4
Q9Y2D5-4	Q8IXS6-2
Q9Y2D5-4	Q8IXS6
Q9Y2D5-4	Q8BR92
Q9Y2D5-4	A0A096MIZ1
Q920D7	Q920D7
Q920D7	Q96PL1
Q920D7	Q920H1
Q920D7	Q96QR1
Q7TNJ0	Q7TNJ0
Q7TNJ0	Q9H295
M0R4R5	M0R4R5
M0R4R5	P0CW27
M0R4R5	S4R181
Q99935	Q99935
Q99935	Q99954
Q99935	P02814
XP_001065531	XP_001065531
XP_001065531	F6ST92
XP_001065531	Q8IYT3
Q9D1P0	Q9D1P0
Q9D1P0	Q3SYS1
Q9D1P0	Q5XFW4
Q9D1P0	Q9BYD1
Q3UTB4	Q3UTB4
Q3UTB4	Q3UT63
Q3UTB4	P70213
Q810U2	Q810U2
Q810U2	Q5T9Z0
Q810U2	Q8CHM9
Q4QQW5	Q4QQW5
Q4QQW5	Q8N1B3
Q4QQW5	Q8QZR8
Q09098	Q09098
P16157-17	P16157-17
O55040	O55040
O55040	Q9JJI5
O55040	Q9HB89
O55040	Q9GZQ4
O55040	Q8BZ39
O55040	Q9ESQ4
O55040	O43193
O55040	Q92847
O55040	O08725
O55040	Q92847-2
O55040	Q99P50
Q8TDU6	Q8TDU6
Q8TDU6	Q80T02
Q8TDU6	Q80SS6
P0C7T8	P0C7T8
P0C7T8	D4ACQ1
P0C7T8	Q3UNB8
ENSRNOP00000060847	ENSRNOP00000060847
ENSRNOP00000060847	Q0VGU8
O43731	O43731
O43731	P33947
O43731	Q569A6
O43731	Q5U305
O43731	Q99JH8
O43731	P24390
O43731	Q8R1L4
O43731	B1WC77
O43731	Q9CQM2
Q9BUA6	Q9BUA6
Q9BUA6	P51667
Q9BUA6	P10916
Q9BUA6	P08733
Q9BUA6	P04466
Q9BUA6	Q62082
Q9BUA6	Q96A32
Q9BUA6	P97457
Q9BUA6	Q02045
Q9BUA6	P18666
Q9BUA6	Q64122
Q9BUA6	O14950
Q9BUA6	Q5E9E2
Q9BUA6	Q3THE2
Q9BUA6	P19105
Q9BUA6	Q6ZWQ9
Q9BUA6	P24844
Q9BUA6	P13832
Q9BUA6	Q9CQ19
Q9BUA6	Q9QVP4
Q9BUA6	Q01449
Q9BUA6	F1M7K3
Q5EBM4	Q5EBM4
P0C2W1	P0C2W1
P0C2W1	Q8K3B1
P0C2W1	P0CH38
P0C2W1	Q9D5L7
P0C2W1	Q96BD6
P0C2W1	Q96A44
P0C2W1	Q8R5B6
P0C2W1	Q5M877
P0C2W1	Q99619
P0C2W1	O88838
XP_003135418	XP_003135418
XP_003135418	Q9JM53
XP_003135418	Q9Z0X1
XP_003135418	O95831-3
XP_003135418	ABJ16425
XP_003135418	O95831
Q8CI17	Q8CI17
Q8CI17	Q8N8X9
Q7RTM1	Q7RTM1
Q7RTM1	Q7M734
Q7RTM1	Q80VM9
Q7RTM1	Q7RTS5
Q7RTM1	Q80UF9
Q7RTM1	Q80SX5
Q7RTM1	Q7RTS6
Q8CAC8	Q8CAC8
Q8CAC8	P09036
Q8CAC8	Q6IE32
Q8CAC8	Q6IE51
Q8CAC8	Q6IE47
Q8CAC8	Q6UWN8
Q8CAC8	P01001
Q8CAC8	O60575
Q8CAC8	P37109
Q8CAC8	O35679
Q8CAC8	Q6IE49
Q8CAC8	Q8BMY7
Q8CAC8	P20155
Q68FU7	Q68FU7
Q68FU7	Q9Y2Z9
Q68FU7	Q8R1S0
A6NI56	A6NI56
A6NI56	Q6RUT8
Q8N7S6	Q8N7S6
Q8K4C4	Q8K4C4
Q8K4C4	Q8TAD2
Q8K4C4	Q9UHF5
Q8K4C4	Q9QXT6
Q6EBC2	Q6EBC2
Q6EBC2	Q6EAL8
Q6EBC2	D3ZIP0
Q3V061	Q3V061
Q3V061	Q5BIZ7
Q3V061	NP_001103055
Q3V061	Q8C0E3
Q3V061	Q96LD4
O95177	O95177
P0CG36	P0CG36
P0CG36	P0CG37
P0CG36	P97766
Q8N7H1	Q8N7H1
Q16576-2	Q16576-2
Q16576-2	Q09028-2
Q16576-2	Q09028-3
Q16576-2	Q09028
Q16576-2	Q60972
Q16576-2	Q71UF4
Q16576-2	B5DFB2
Q16576-2	Q16576
Q16576-2	Q60973
Q56AP7	Q56AP7
Q56AP7	Q96SW2-2
Q56AP7	Q96SW2
Q56AP7	Q8C7D2
Q56AP7	Q8C7D2-3
Q56AP7	P0CF65
Q569B7	Q569B7
Q569B7	Q6NW29
Q569B7	Q9CPR1
P13271	P13271
P13271	O14949
P13271	Q9CQ69
P13271	Q7TQ16
B8JK67	B8JK67
B8JK67	P57054
B8JK67	Q9JHG1
B8JK67	B2GUT8
P62916	P62916
P62916	P62915
P62916	Q00403
Q86Y39-2	Q86Y39-2
Q86Y39-2	Q86Y39
Q86Y39-2	Q9D8B4
Q86Y39-2	Q80W89
Q66JS6	Q66JS6
Q66JS6	A0JPM9
Q66JS6	Q3UGC7
Q66JS6	O75822
D3ZU96	D3ZU96
D3ZU96	B2RQC2
D3ZU96	Q9H9J4
D3ZU96	Q9H9J4-2
D3ZU96	G5E8I7
D3ZU96	G5E8G2
D3ZU96	E9Q9U0
D3ZU96	C9J2P7
D3ZU96	A8MUK1
D3ZU96	A6NCW7
D3ZU96	C9JLJ4
D3ZU96	C9JPN9
D3ZU96	D6RBQ6
D3ZU96	P0C7H9
D3ZU96	D6R9N7
D3ZU96	C9JVI0
D3ZU96	D6RCP7
D3ZU96	D6RJB6
D3ZU96	Q6R6M4
D3ZU96	A6NCW0
D3ZU96	P0C7I0
D3ZU96	Q7RTZ2
D3ZU96	C9JJH3
D3ZU96	Q6QN14
D3ZU96	D6R901
D3ZU96	D6RA61
D3ZU96	Q0WX57
D3ZU96	D6RBM5
D3ZU96	Q9P275
D3ZU96	B1AQJ2
D3ZU96	NP_001100539
D3ZU96	O88623
D3ZU96	O75604-4
D3ZU96	Q5U349
D3ZU96	O75604
B1H268	B1H268
B1H268	Q8R3C0
B1H268	Q9BTE3
B1H268	Q9BTE3-2
Q8BHG9	Q8BHG9
Q8BHG9	D4ADB4
Q8BHG9	Q9UFW8
Q5VTT2	Q5VTT2
Q5VTT2	D3ZWG8
Q5VTT2	Q9CQC3
P55198	P55198
P55198	B1AR09
P55198	M0R6S7
P55198	O54826
P55198	P55197
P55198	Q5PQL6
Q66K89	Q66K89
Q66K89	Q8CCE9
Q66K89	Q9ERU3
Q66K89	P17026
Q66K89	Q9ERU2
Q86VI4	Q86VI4
Q86VI4	Q91XQ6
Q86VI4	Q5U1W4
Q86VI4	E9QLR3
Q86VI4	Q60961
Q86VI4	Q6P501
Q86VI4	Q15012
Q8BIG4	Q8BIG4
Q8BIG4	Q9NVF7
Q6AHZ1	Q6AHZ1
Q6AHZ1	B2RRF6
Q6AHZ1	Q499R0
Q9DAH6	Q9DAH6
Q9DAH6	Q5T5N4
Q9BXT5	Q9BXT5
Q9BXT5	F8VPN2
Q9BXT5	NP_001099557
A0A663DJA2	A0A663DJA2
P42081	P42081
P42081	P42081-4
P42081	O35531
P42081	P42082
Q8NBZ0	Q8NBZ0
Q8NBZ0	Q7TMJ7
Q8NBZ0	Q6AYH2
Q6DJT9	Q6DJT9
Q6DJT9	Q9QYE0
Q6DJT9	Q5U2T6
Q6DJT9	Q3UZI7
Q6DJT9	Q9UPG8
Q8CEC0	Q8CEC0
Q8CEC0	O08658
Q8CEC0	Q99567
Q5XIG4	Q5XIG4
Q5XIG4	Q9CRD0
Q5XIG4	Q9NX40
Q5XIG4	Q56VL3
Q5XIG4	NP_001258110
Q5XIG4	Q9D8W7
Q5S003	Q5S003
Q5S003	Q6Q759
Q969S3	Q969S3
Q969S3	Q91VY9
Q969S3	Q5M855
P12961	P12961
P12961	P27682
P12961	P05408-2
P12961	P05408
O43187	O43187
O43187	Q4QQS0
O43187	Q8CFA1
P20042	P20042
P20042	Q99L45
P20042	P41035
P20042	Q6P685
Q14118	Q14118
Q14118	Q62165
Q14118	F1M8K0
O15273	O15273
O15273	A6HIS0
O15273	O70548
Q9JKK1	Q9JKK1
Q9JKK1	O43752
Q9JKK1	Q63635
Q9JKK1	O60499
P97435	P97435
P97435	P98073
P97435	Q9JJI7
P97435	P56677
P97435	Q9Y5Y6
P97435	Q9NRS4
P97435	Q8VCA5
P97435	Q9BYE2
P97435	Q9BYE2-2
P97435	B2RYJ5
P97435	Q5U405
P97435	P35030
P97435	P07477
P97435	P00762
P97435	Q9Z1R9
P97435	Q8NHM4
P97435	P07478
P97435	P07146
P97435	Q9R0T7
P97435	P00763
P97435	Q7M754
P97435	Q792Z0
P97435	Q792Z1
P97435	P00761
P97435	P08426
P97435	Q9CPN9
P97435	Q9QUK9
P97435	O35453
P97435	Q05511
P97435	P05981
P97435	XP_038953361
Q6P5F9	Q6P5F9
Q6P5F9	O14980
Q6P5F9	Q80U96
Q8NFA2	Q8NFA2
Q8NFA2	Q8NFA2-3
Q8NFA2	Q8VCM2
Q8BGX0	Q8BGX0
Q8BGX0	P36407
Q8BGX0	P36406
Q8BGX0	Q6AY18
Q8BGX0	Q9Y6B6
Q8BGX0	Q9CQC9
Q8BGX0	Q5HZY2
Q8BGX0	P36536
Q8BGX0	Q9NR31
Q8BGX0	P36404
Q8BGX0	Q9D0J4
Q8BGX0	O08697
Q8BGX0	A6NH57
Q8BGX0	D3ZES1
Q8BGX0	Q6P068
Q8BGX0	Q9D4P0
Q8BGX0	Q9Y689
Q8BGX0	Q96KC2
Q8BGX0	Q80ZU0
Q8BGX0	P51646
Q8BGX0	P56559-2
Q8BGX0	P61208
Q8BGX0	P56559
Q8BGX0	P61214
Q8BGX0	P40617
Q8BGX0	P61213
Q8BGX0	NP_001292983
Q8BGX0	Q99PE9
Q8BGX0	P49703
Q8BGX0	P84077
Q8BGX0	P61750
Q8BGX0	P40616
Q8BGX0	P84085
Q8BGX0	P61751
Q8BGX0	P84083
Q8BGX0	P18085
Q8BGX0	P61206
Q8BGX0	P84082
Q8BGX0	P62330
Q8BGX0	Q8BSL7
Q8BGX0	P62331
Q8BGX0	P84078
Q8BGX0	P62332
Q8BGX0	P61205
Q8BGX0	P61204
Q8BGX0	P84079
Q8BGX0	P61211
Q8BGX0	P84084
Q8BGX0	P61212
Q8BGX0	Q969Q4
Q8BGX0	Q5BK71
Q8BGX0	Q6P3A9
Q8BGX0	Q8N4G2
Q8BGX0	Q3SXC5
Q8BGX0	P37996
Q8BGX0	P36405
Q8BGX0	Q9WUL7
Q8BGX0	Q0P5N6
Q8BGX0	B1ATY8
Q8BGX0	M0R4K4
Q8BGX0	Q9NXU5
Q8BGX0	Q8BGR6
Q8BGX0	F1M6C4
Q8BGX0	Q9NVJ2
Q8BGX0	D3ZPP2
Q8BGX0	Q9CQW2
Q8BGX0	Q96BM9
Q8BGX0	Q8VEH3
Q8BGX0	Q66HA6
Q8BGX0	Q8N8L6
Q8BGX0	Q6IMA8
Q8BGX0	Q9QXJ4
Q8BGX0	Q6T311
Q8BGX0	F7BE40
Q8BGX0	Q6IMA9
Q8BGX0	Q9H0F7-2
Q8BGX0	O88848
Q8BGX0	Q9H0F7
Q8BGX0	NP_001102312
Q8TCJ2	Q8TCJ2
Q8TCJ2	AAI66740
Q8TCJ2	Q3TDQ1
Q8TCJ2	B4F7C9
Q8TCJ2	P46977
Q8TCJ2	P46978
Q8K4B4	Q8K4B4
Q8K4B4	Q5VWK5
P28039	P28039
P28039	O35298
Q5SZB4	Q5SZB4
Q5SZB4	Q8R5C3
Q8CH72	Q8CH72
Q8CH72	Q13049
Q8CH72	Q66H79
D4ACT7	D4ACT7
D4ACT7	Q8N9W6
D4ACT7	Q924M5-2
D4ACT7	Q924M5
Q16613-2	Q16613-2
Q16613-2	Q29495
Q16613-2	Q64666
Q16613-2	Q16613
Q16613-2	O88816
Q16613-2	Q16613_VAR_A129T
D3ZCK1	D3ZCK1
D3ZCK1	Q8BRM6
D3ZCK1	A8MW99
Q92481-2	Q92481-2
Q92481-2	Q92481
Q92481-2	Q61313
Q92481-2	Q61312
Q92481-2	P05549
Q92481-2	P34056
Q92481-2	P58197
Q92481-2	P05549-5
Q92481-2	Q7Z6R9
Q92481-2	Q91ZK0
Q92481-2	Q4V8P9
Q92481-2	Q92754
Q92481-2	Q6VUC0
Q92481-2	Q6VUP9
Q92481-2	D3ZJ69
P56557	P56557
P56557	O95807
P56557	Q9D1X9
P56557	Q9CXL1
P56557	B1WBU7
Q5M9H0	Q5M9H0
Q5M9H0	Q9CZK6
Q5M9H0	Q6ZW76
E9PXT9	E9PXT9
E9PXT9	D3ZLX4
E9PXT9	A6NMN3
E9PXT9	Q66LM6
E9PXT9	F7EWY4
E9PXT9	A1A519
Q9ESN0	Q9ESN0
Q9ESN0	Q3UW53
Q9ESN0	Q9BZQ8
Q9ESN0	Q8R1F1
Q9ESN0	Q96TA1-2
Q9ESN0	B4F7E8
Q9ESN0	Q96TA1
Q642C0	Q642C0
Q642C0	Q6NZB0
Q642C0	O75937
Q562C6	Q562C6
Q562C6	Q9NQ48
Q562C6	Q9JHQ5
Q8CF82	Q8CF82
Q8CF82	Q8K448
Q8CF82	Q8WWZ7
Q8CF82	Q8IUA7
Q8CF82	XP_001081605
Q8CF82	Q8K449
Q8CF82	Q8K442
Q8CF82	O94911-1
Q8CF82	Q8K441
Q8CF82	M0R890
Q8CF82	O94911
Q8CF82	Q8K440
Q8CF82	Q8WWZ4
Q8CF82	Q8N139
Q8CF82	Q4W5N1
Q9WVR1	Q9WVR1
Q9WVR1	Q9NRR6
Q9WVR1	Q9JII1
Q8TDD1-2	Q8TDD1-2
Q8TDD1-2	D3ZHY6
Q8TDD1-2	Q8K4L0
Q8TDD1-2	Q8TDD1
Q8TDD1-2	Q9NY93
Q8TDD1-2	Q9D0R4
Q8TDD1-2	A0A0G2K0E0
Q8TDD1-2	Q9NY93-2
Q8TDD1-2	Q9NUL7
Q8TDD1-2	Q9CWT6
Q8TDD1-2	D4A7Q5
B3EWF7	B3EWF7
D3ZVU2	D3ZVU2
D3ZVU2	Q69ZT1
D3ZVU2	Q9Y2M0
Q4V339	Q4V339
Q4V339	Q8VEH6
Q4V339	Q99MB4
Q4V339	Q9BRT8
Q4V339	Q8IUF1
Q4V339	Q5JTY5
Q4V339	Q5RIA9
Q7Z406-2	Q7Z406-2
Q7Z406-2	Q7Z406-6
Q7Z406-2	F1LNF0
Q7Z406-2	Q6URW6
Q7Z406-2	Q7Z406
Q7Z406-2	F1MQ37
Q7Z406-2	Q62812
Q7Z406-2	P35579-2
Q7Z406-2	Q5SV64
Q7Z406-2	P35749-3
Q7Z406-2	Q9JLT0
Q7Z406-2	Q61879
Q7Z406-2	P35580
Q7Z406-2	Q8VDD5
Q7Z406-2	P35579
Q7Z406-2	P35749-2
Q7Z406-2	P35580-2
Q7Z406-2	P35580-5
Q7Z406-2	Q27991
Q7Z406-2	P35749-4
Q7Z406-2	P35580-4
Q7Z406-2	P35749
Q7Z406-2	NP_001164071
Q7Z406-2	O08638
Q7Z406-2	A7E2Y1
Q7Z406-2	B6RK61
Q7Z406-2	Q5SX40
Q7Z406-2	G3UW82
Q7Z406-2	A2AQP0
Q7Z406-2	F1LRV9
Q7Z406-2	XP_001080186
Q7Z406-2	Q9Y623
Q7Z406-2	P11055
Q7Z406-2	Q9UKX3
Q7Z406-2	P12847
Q7Z406-2	P13541
Q7Z406-2	P13533
Q7Z406-2	Q91Z83
Q7Z406-2	P02563
Q7Z406-2	P12883
Q7Z406-2	Q02566
Q7Z406-2	P02564
Q7Z406-2	P12882
Q7Z406-2	P02565
Q7Z406-2	Q9UKX2
Q7Z406-2	Q9GJP9
Q7Z406-2	B1AR69
Q7Z406-2	XP_001077478
Q7Z406-2	Q29RW1
Q7Z406-2	Q5SX39
Q7Z406-2	Q9Y2K3
Q7Z406-2	E9Q264
Q7Z406-2	P13538
Q7Z406-2	Q28641
Q7Z406-2	P13542
Q7Z406-2	P13535
Q86TG1	Q86TG1
Q86TG1	Q91WN2
Q86TG1	Q9QZE9
Q86TG1	Q86TG1-2
Q86TG1	Q8R218
Q86TG1	A6NC51
Q8IUB9	Q8IUB9
Q8IUB9	Q3LI72
Q8IUB9	Q7Z4W3
Q8IUB9	Q3LI73
Q8IUB9	Q3SYF9
Q8IUB9	Q925H2
Q8IUB9	Q3LI70
Q8IUB9	Q99NG9
Q8IUB9	Q3LI63
Q8IUB9	Q3LI60
EGX28318	EGX28318
E9PU92	E9PU92
E9PU92	D4A9K4
E9PU92	Q6NT16
Q5U2S0	Q5U2S0
Q5U2S0	Q3UC65
Q5U2S0	Q9BUV0
Q810F0	Q810F0
Q810F0	Q86XR5
Q810F0	D3ZZP4
Q6N090	Q6N090
Q6N090	P0DOX2
Q6N090	P01876-1
Q6N090	P01876
Q6N090	P01877
Q6N090	Q6P089
Q6N090	P0DOX3
Q6N090	P01880
Q6N090	P01819
Q6N090	AAA38372
Q6N090	P01825
Q6N090	A0A0B4J1U7
Q6N090	P01824
Q6N090	A0A0B4J1V2
Q6N090	P0DP06
Q6N090	A0A0C4DH43
Q6N090	P0DP08
Q6N090	A0A0C4DH41
Q6N090	P01817
Q6N090	A0A075B6R2
Q6N090	P01814
Q6N090	A0A0C4DH34
Q6N090	P0DP07
Q6N090	A0A087WSY4
Q6N090	P06331
Q6N090	P0DTE2
P50539-3	P50539-3
P50539-3	O09015
P50539-3	P50539
P50539-3	P50540
P50539-3	Q60948
P50539-3	Q14582
P50539-3	P50538
P50539-3	Q05195
P50539-3	Q62912
P50539-3	Q9BW11
P50539-3	Q80US8
Q0IIM3	Q0IIM3
Q0IIM3	Q66HA8
Q0IIM3	Q92598-2
Q0IIM3	Q61699
Q0IIM3	Q92598
Q0IIM3	O95757
Q0IIM3	P48722
Q0IIM3	NP_001099898
Q0IIM3	Q3U2G2
Q0IIM3	O88600
Q0IIM3	Q61316
Q0IIM3	P34932
Q3SY05	Q3SY05
Q15700-2	Q15700-2
Q15700-2	Q63622
Q15700-2	Q63622-7
Q15700-2	Q15700-4
Q15700-2	BAC32772
Q15700-2	Q91XM9
Q15700-2	Q15700
Q15700-2	Q91XM9-2
Q15700-2	Q571K0
Q15700-2	Q92796
Q15700-2	P78352-2
Q15700-2	P31016
Q15700-2	Q62108
Q15700-2	P78352
Q15700-2	Q62696
Q15700-2	A2BEF2
Q15700-2	Q92796-2
Q15700-2	Q62936
Q15700-2	P70175
Q15700-2	Q811D0-3
Q15700-2	D3Z3B8
Q15700-2	Q811D0-2
Q15700-2	Q12959-5
Q15700-2	Q12959-9
Q15700-2	Q811D0
Q15700-2	Q12959
Q15700-2	Q12959-2
Q15700-2	Q12959-3
Q15700-2	Q15700-3
Q15700-2	Q9JLB2
Q15700-2	Q8N3R9-2
Q15700-2	Q8N3R9
Q15700-2	B4F7E7
Q15700-2	Q5T2T1
Q15700-2	Q5U2Y3
Q15700-2	Q8BVD5
Q15700-2	Q96JB8
Q15700-2	Q6P7F1
Q15700-2	Q9QYH1
Q15700-2	Q13368
Q15700-2	O88954
Q15700-2	O88910
Q15700-2	Q64520-2
Q15700-2	Q71RR7
Q15700-2	Q16774-2
Q15700-2	Q16774
Q15700-2	Q64520
D3ZXF9	D3ZXF9
D3ZXF9	Q9DB15
D3ZXF9	Q7YR75
D3ZXF9	P52815
C9W8M7	C9W8M7
D3ZTW9	D3ZTW9
D3ZTW9	Q8C163
D3ZTW9	Q9Y2C4
D3ZTW9	Q14249
D3ZTW9	O08600
D3ZTW9	Q3V5X8
G3V7V2	G3V7V2
G3V7V2	Q13685
G3V7V2	Q3TJ22
Q63410	Q63410
Q63410	P32242
Q63410	P80205
Q63410	P80206
Q63410	F2Z3S7
Q63410	P32243
O35543	O35543
O35543	Q9JHF7
O35543	O60760
Q6AY59	Q6AY59
Q6AY59	Q9Z223
Q6AY59	O96007
P29596	P29596
P29596	P18847-2
P29596	P18847
P29596	Q60765
P29596	P97875
P29596	Q8WYK2
P29596	Q78E65
Q8CG08	Q8CG08
Q8CG08	Q96CG8
Q8CG08	Q9D1D6
Q5EBA0	Q5EBA0
Q5EBA0	Q9CZU4
Q5EBA0	O75616
O70367	O70367
O70367	O75829
O70367	Q9Z1F6
O70367	Q9ESC2
O70367	Q9EP64
O70367	Q9H2S6
Q5M848	Q5M848
Q5M848	Q8BH10
Q5M848	Q96SN7
Q5M848	Q96D31
Q5M848	Q9BRQ5
Q5M848	NP_001014046
Q5M848	Q6P8G8
Q5M848	Q8BWG9
Q5M848	Q96D31-2
A6YP92	A6YP92
A6YP92	O35085
A6YP92	Q96QS3
A6YP92	Q8C8B0
A6YP92	Q63087
A6YP92	Q15699
A6YP92	Q8N693
A6YP92	Q9Y2V3
A6YP92	O35602
A6YP92	Q9JLT7
A6YP92	O35690
A6YP92	Q99453
A6YP92	O14813
A6YP92	Q62782
A6YP92	Q62066
A6YP92	O60902-3
A6YP92	O35750
A6YP92	P70390
A6YP92	O60902
A6YP92	O15266
A6YP92	NP_001020793
A6YP92	Q8NFW5
A6YP92	Q91ZK4
A6YP92	A6NJT0
A6YP92	O08934
A6YP92	P97830
A6YP92	Q9H161
A6YP92	O35137
A6YP92	Q8BYH0
A6YP92	A6NNA5
A6YP92	Q62798
A6YP92	O70137
A6YP92	O95076
A6YP92	Q5XKR4
A6YP92	O09113
A6YP92	Q17RH7
D1MPT3	D1MPT3
D1MPT3	Q9U6Y8
D1MPT3	Q66ND8
D1MPT3	X5DSL3
D1MPT3	Q8ISF8
P43303	P43303
P43303	P27931
P43303	P27930
NP_001101758	NP_001101758
NP_001101758	Q6PCX9
NP_001101758	O94972
A0A0U1RQF7	A0A0U1RQF7
F1LQF5	F1LQF5
F1LQF5	Q8NBM4-2
F1LQF5	Q8R1K1
F1LQF5	Q8NBM4
F1LQF5	Q8NBM4-5
XP_017449210	XP_017449210
XP_017449210	Q9EQR6
XP_017449210	O15287
Q99828-2	Q99828-2
Q99828-2	Q9R010
Q99828-2	Q99828
Q99828-2	Q9Z0F4
Q99828-2	Q568Z7
Q99828-2	O75838
Q99828-2	Q9Z309
Q99828-2	Q96Q77
Q99828-2	Q0P523
Q99828-2	A0PJX0
Q99828-2	Q9D9N5
Q99828-2	D3ZX64
O95258-3	O95258-3
O95258-3	Q9Z2B2
O95258-3	O95258
O95258-3	P56500
O95258-3	P55851
O95258-3	P70406
O95258-3	Q5PQM9
O95258-3	Q5SVS4-2
O95258-3	Q9CR58
O95258-3	Q5SVS4
O95258-3	P55916
O95258-3	P56501
O95258-3	P56499
O95258-3	O95847
O95258-3	Q9D6D0
O95258-3	P97700
O95258-3	XP_003131953
O95258-3	Q02978-2
O95258-3	Q9CR62
O95258-3	Q02978
O95258-3	Q9UBX3-2
O95258-3	O89035
O95258-3	Q9QZD8
O95258-3	Q9UBX3
O95258-3	P04633
O95258-3	P12242
O95258-3	P25874
O95258-3	Q9P1C3
A0A247D711	A0A247D711
Q8WUH1-1	Q8WUH1-1
Q8WUH1-1	B5DER2
Q8WUH1-1	Q8WUH1
Q8WUH1-1	Q6DG52
XP_008762767	XP_008762767
XP_008762767	Q9BU64
XP_008762767	Q8K015
XP_003749497	XP_003749497
XP_003749497	Q86Y79
XP_003749497	Q8BW00
A0A1W2PP97	A0A1W2PP97
XP_008764606	XP_008764606
XP_008764606	Q8R060
XP_008764606	Q9H900
D3Z840	D3Z840
D3Z840	Q9NVI1-1
D3Z840	Q8K368
D3Z840	Q9NVI1
D4A1P0	D4A1P0
D4A1P0	Q8CC14
D4A1P0	Q8N7L0
D3Z3I0	D3Z3I0
D3Z3I0	Q86Y33
D3Z3I0	Q12834
D3Z3I0	Q62623
D3Z3I0	Q9JJ66
D3Z3I0	Q9UM11
D3Z3I0	Q9R1K5
D3Z3I0	B1WCA1
D3Z3I0	Q9UM11-2
Q14008-3	Q14008-3
Q14008-3	XP_006234666
Q14008-3	A2AGT5
Q14008-3	Q14008
Q7Z4S6-4	Q7Z4S6-4
Q7Z4S6-4	Q7Z4S6
Q7Z4S6-4	Q9QXL2
Q7Z4S6-4	D3ZCG2
Q7Z4S6-4	Q9QXL2-2
Q7Z4S6-4	Q7Z4S6-2
Q7Z4S6-4	Q7Z4S6-5
Q7Z4S6-4	Q9QXL1
Q7Z4S6-4	F8VQE2
Q7Z4S6-4	F1M5N7
Q7Z4S6-4	O75037
Q7Z4S6-4	O75037-2
Q7Z4S6-4	F8WGN6
Q7Z4S6-4	Q2TAC6
Q7Z4S6-4	Q99PT9
Q7Z4S6-4	ENSMUSP00000131874
Q7Z4S6-4	XP_234487
Q7Z4S6-4	Q2VIQ3
Q7Z4S6-4	E9PSJ3
Q7Z4S6-4	O95239
Q7Z4S6-4	O95239-2
Q7Z4S6-4	P33174
Q5JVF3-4	Q5JVF3-4
Q5JVF3-4	Q5JVF3-2
Q5JVF3-4	Q8BFV2
Q5JVF3-4	Q5JVF3
Q5JVF3-4	F1MAF5
A0A355UCT5	A0A355UCT5
Q9JJ93	Q9JJ93
Q9JJ93	Q9NWQ9
Q05117	Q05117
Q05117	P13686
Q05117	P29288
J3QN14	J3QN14
J3QN14	B1ARH2
J3QN14	G3X941
J3QN14	E9QAP1
J3QN14	P52743
J3QN14	Q68DI1
Q14695	Q14695
Q9CQK7	Q9CQK7
Q9CQK7	Q99ND9
Q9CQK7	Q9H446
Q86X83	Q86X83
Q86X83	Q86X83-2
Q86X83	D3ZLN7
Q86X83	Q8BXC6
A2AKB9	A2AKB9
A2AKB9	Q5QP82-2
A2AKB9	D4A8G6
A2AKB9	Q5QP82
Q9Z0H3	Q9Z0H3
Q9Z0H3	Q12824
Q9Z0H3	Q4KLI0
Q9Z0H3	Q12824-2
Q96CT7	Q96CT7
Q96CT7	Q9D8X2
Q96CT7	D3ZUL1
O95202	O95202
O95202	Q9Z2I0
O95202	Q5XIN6
O95202	Q5PQQ5
O95202	Q2VYF4
O95202	Q7TNU7
Q9D5U8	Q9D5U8
Q9D5U8	Q96M20_VAR_P375S
Q9D5U8	Q96M20
Q9UM00	Q9UM00
Q9UM00	Q5I0H4
Q9UM00	Q921L3
Q9UM00	Q9UM00-1
Q5SW45	Q5SW45
Q5SW45	Q499Q5
Q5SW45	Q9NXB0
Q5SW45	Q9BPU9
Q5SW45	Q3UK10
Q5SW45	P0C5J3
Q7TT18	Q7TT18
Q7TT18	D3ZS88
Q7TT18	Q6VMQ6-4
Q7TT18	Q6VMQ6-2
Q7TT18	Q6VMQ6
Q3ZCV2	Q3ZCV2
Q3ZCV2	Q3ZCV2-2
Q3ZCV2	B1H283
Q3ZCV2	A2AVQ5
Q4KWH8	Q4KWH8
Q4KWH8	NP_001178636
Q4KWH8	Q4KWH8-2
Q4KWH8	O75038
Q4KWH8	O75038-2
Q4KWH8	A2AP18
Q4KWH8	A2AP18-2
Q4KWH8	D3ZKP4
Q4KWH8	Q4KWH5
Q4KWH8	Q8N3E9
Q4KWH8	D4A978
Q4KWH8	Q8K2J0
Q4KWH8	P51178-2
Q4KWH8	P51178
Q4KWH8	Q8R3B1
Q4KWH8	P10688
Q4KWH8	Q15147-4
Q4KWH8	Q15147
Q4KWH8	Q9QW07
Q4KWH8	Q15147-5
Q4KWH8	Q91UZ1
Q4KWH8	Q8K394
Q4KWH8	F1M324
Q4KWH8	Q9UPR0
Q4KWH8	Q3USB7
Q4KWH8	Q62688
Q4KWH8	Q15111
Q4KWH8	Q99JE6
Q4KWH8	P51432
Q4KWH8	P10687
Q4KWH8	Q9NQ66-2
Q4KWH8	P10894
Q4KWH8	Q9Z1B3
Q4KWH8	Q9NQ66
Q4KWH8	O89040
Q4KWH8	A3KGF7
Q4KWH8	Q01970
Q4KWH8	Q01970-2
Q4KWH8	Q00722
Q4KWH8	Q00722-2
Q4KWH8	Q00722-3
Q8WW33	Q8WW33
Q8WW33	Q9DAN6
Q96S66	Q96S66
Q96S66	Q99LI2
Q96S66	Q9WU61
Q5T5X7	Q5T5X7
Q5T5X7	Q6PAL0
Q5T5X7	XP_038955077
Q86V59	Q86V59
Q86V59	D3ZA53
Q86V59	Q80VM8
O75683	O75683
O75683	P70279
O75683	Q5BJZ4
Q6PGN9	Q6PGN9
Q6PGN9	Q6PGN9-3
Q6PGN9	Q6PGN9-2
Q6PGN9	Q9D0P7
Q6PGN9	Q3KR66
E1BDU8	E1BDU8
E1BDU8	Q9ERG0
E1BDU8	F1LR10
E1BDU8	Q9UHB6-4
E1BDU8	Q9UHB6
Q8K1T6	Q8K1T6
Q7Z4B0	Q7Z4B0
O94966-5	O94966-5
O94966-5	Q6J1Y9
O94966-5	O94966-3
O94966-5	Q3UJD6-2
O94966-5	O94966-7
O94966-5	Q3UJD6
O94966-5	O94966
O94966-5	XP_006241493
O94966-5	Q8R5H1-2
O94966-5	Q8R5H1
O94966-5	Q9R085
O94966-5	Q9Y4E8
O94966-5	Q9Y4E8-4
O94966-5	Q9Y4E8-2
O94966-5	Q5D006
O94966-5	Q99K46
O94966-5	P51784
O94966-5	Q13107
O94966-5	B2GUZ1
O94966-5	P35123
Q92890-1	Q92890-1
Q92890-1	P70362
Q92890-1	Q92890
Q92890-1	Q9ES53
Q9C0D2-3	Q9C0D2-3
Q9C0D2-3	Q9C0D2
Q9C0D2-3	Q9C0D2-2
Q9C0D2-3	Q8BQ48
Q9C0D2-3	A4L9P8
Q9C0D2-3	Q96MC4
Q9C0D2-3	Q6AY32
Q9C0D2-3	Q497N6
O43826-2	O43826-2
O43826-2	O43826
O43826-2	Q6IRK4
O43826-2	Q9D1F9
O43148-2	O43148-2
O43148-2	Q5U2U7
O43148-2	O43148
O43148-2	Q9D0L8
Q61735-2	Q61735-2
Q61735-2	P97829
Q61735-2	Q61735
Q61735-2	P97829-2
Q61735-2	Q08722
Q61735-2	Q08722-3
Q61735-2	Q08722-4
A0A1B0GWB2	A0A1B0GWB2
P04916	P04916
P04916	P02753
P04916	Q00724
Q6AYL8	Q6AYL8
Q6AYL8	Q14DL3
Q6AYL8	A6PVS8
B0BMX9	B0BMX9
B0BMX9	Q8N635
B0BMX9	Q9D513
Q9HCN4-5	Q9HCN4-5
Q9HCN4-5	NP_001121044
Q9HCN4-5	Q8VCE2
Q9HCN4-5	Q9HCN4
Q9HCN4-5	Q9HCN4-4
P51161-2	P51161-2
P51161-2	P51162
P51161-2	P51161
P51161-2	P80020
P46087-4	P46087-4
P46087-4	Q922K7
P46087-4	P46087
P46087-4	P46087-2
P46087-4	D4ACW1
P46087-4	Q7TS68
P46087-4	Q8TEA1
P46087-4	B1WC69
P46087-4	Q8CCT7
P46087-4	Q9H649
P46087-4	Q96P11-4
P46087-4	Q8K4F6
P46087-4	Q96P11
P46087-4	Q3KNT7
P46087-4	Q63ZY6
P46087-4	G3V660
P46087-4	Q96P11-2
Q6ULP2-9	Q6ULP2-9
Q6ULP2-9	Q6ULP2
Q6ULP2-9	D3ZQQ1
Q6ULP2-9	Q80WT5
Q9UNE0-2	Q9UNE0-2
Q9UNE0-2	Q9UNE0
Q9UNE0-2	Q9R187
A0A087WYV9	A0A087WYV9
A0A087WYV9	Q9D6K5
A0A087WYV9	P57105
A0A087WYV9	Q9WVJ4
A0A087WYV9	D3Z8B0
A0A087WYV9	Q9CR63
A0A087WYV9	Q9P0S2
Q6UY01	Q6UY01
Q8WZ74	Q8WZ74
Q8WZ74	Q2IBD4
Q8WZ74	B9EJA2
Q8WZ74	Q9P2B4
Q8WZ74	D4A8X8
Q8WZ74	Q99LJ0
Q8WZ74	Q812A3
Q8WZ74	Q86SG2
Q8WZ74	D3ZVB9
Q8WZ74	Q8WWX0
Q8WZ74	Q9D1A4
Q8WZ74	Q8WXH4
Q8WZ74	Q9CQ31
Q8WZ74	Q91ZT8
Q8WZ74	Q96DX5
Q8WZ74	F1M6U5
Q6PE87	Q6PE87
Q6PE87	Q8IYR0
Q6PE87	A1A5Q4
Q8BWY3	Q8BWY3
Q8BWY3	P62495
Q8BWY3	Q5U2Q7
Q5ISE2	Q5ISE2
Q5ISE2	P26651
Q5ISE2	P47973
Q5ISE2	P22893
Q5ISE2	P47974
Q5ISE2	M0RBK3
Q5ISE2	P23949
Q5ISE2	Q07352
Q5ISE2	P17431
Q5ISE2	P23950
P41440	P41440
P41440	P41440-2
P41440	Q62866
P41440	P41438
P41440	Q9EQN9
P41440	O60779
P41440	Q9BZV2
P41440	Q99PL8
E9Q9F6	E9Q9F6
E9Q9F6	B5DFM7
E9Q9F6	Q86XM0
Q9BT92	Q9BT92
Q9BT92	Q3TVW5
Q640R3	Q640R3
Q640R3	Q14CZ8-2
Q640R3	D3ZEI4
Q640R3	Q14CZ8
O60269	O60269
O60269	D3ZH78
O60269	D3Z1D7
Q9UQV4	Q9UQV4
Q9UQV4	Q5XI99
Q9UQV4	Q7TST5
O15229	O15229
O15229	O88867
O15229	Q91WN4
Q3U6Q4	Q3U6Q4
Q3U6Q4	A2TJT9
Q3U6Q4	Q5UE93
Q7Z3E5	Q7Z3E5
Q7Z3E5	Q9D2I5
Q7Z3E5	A1A5P5
Q496A3	Q496A3
Q496A3	Q811V6
Q496A3	A2RRY8
Q14667	Q14667
Q14667	XP_038943562
Q14667	Q5SYL3
Q8TC26	Q8TC26
Q8TC26	Q8C996
Q8TC26	A9CMA6
Q9QYC1	Q9QYC1
Q9QYC1	E9PSU6
Q9QYC1	Q96RV3-4
Q9QYC1	Q96RV3
Q9QYC1	Q96RV3-2
Q9QYC1	Q96RV3-3
Q9QYC1	A6NKB5
Q9QYC1	Q5DU28
Q9QYC1	Q9H6A9
Q9QYC1	Q9H6A9-2
Q9QYC1	D3ZSQ1
Q9QYC1	Q8VI59
A1YPR0	A1YPR0
A1YPR0	Q8VCZ7
A1YPR0	O88939
A1YPR0	Q9QZ48
A1YPR0	O95365
A1YPR0	O15156-2
A1YPR0	D4A579
A1YPR0	O15156
A1YPR0	Q64321
Q6PKC3	Q6PKC3
Q6PKC3	Q8K2W3
Q6PKC3	B2RYB1
Q8BH60	Q8BH60
Q8BH60	Q9HD26-2
Q8BH60	Q9HD26-3
Q8BH60	NP_001380649
Q8BH60	Q9HD26
Q8BH60	O14910
Q8BH60	Q9Z252
Q8BH60	Q9Z250
Q8BH60	Q8JZS0
Q8BH60	Q792I0
Q8BH60	O88952
Q8BH60	Q9NUP9
Q8BH60	Q9HAP6
Q8BH60	O88951
Q9BYW2	Q9BYW2
Q9BYW2	E9Q5F9
Q9BYW2	NP_001101659
Q15726	Q15726
Q15726	Q6Y4S4
Q15726	Q7TSB7
Q08850	Q08850
Q08850	P70452
Q08850	Q12846
Q08850	P50279
Q08850	P32856
Q08850	Q00262
Q08850	Q08849
Q08850	Q64704-2
Q08850	Q64704
Q08850	Q13277
Q08850	P61264
Q08850	P61265
Q08850	P61266
Q08850	Q16623
Q08850	Q16623-2
Q08850	P32851
Q08850	O35526
Q15003	Q15003
Q15003	Q8C156
P78527	P78527
P78527	P78527-2
P78527	NP_001101797
P78527	P97313
O75319	O75319
O75319	Q4KM79
O75319	Q6NXK5
P57016	P57016
P57016	O00515
P57016	G3V779
P32189	P32189
P32189	Q64516
P32189	Q63060
P32189	Q68FP7
P32189	Q14410
P32189	Q14409
P32189	Q9WU65
P32189	Q8C635
P32189	D3ZN47
P32189	Q6ZS86
P32189	Q8BX05
P32189	Q6ZS86-2
Q9UBK5	Q9UBK5
Q9UBK5	Q6X9T8
Q9UBK5	Q9QUJ0
Q8N6S5	Q8N6S5
Q8N6S5	Q68FV2
Q8N6S5	Q8BH07
O14893	O14893
O14893	Q9CQQ4
O14893	Q9QZP1
Q80TS8	Q80TS8
Q80TS8	Q68CR1
P38484	P38484
P38484	Q63953
P82932	P82932
P82932	XP_038944711
P82932	P58064
Q9NZ38	Q9NZ38
Q14696	Q14696
Q14696	Q9ERE7
Q14696	Q5U2R7
Q15270	Q15270
Q15270	M0R5R8
Q15270	P42580
Q15270	E9PAI8
Q15270	Q9UD57
Q15270	G3UXB3
Q15270	Q9WTP9
Q15270	Q9UIW0
Q15270	Q9JLZ9
Q15270	P40764
Q15270	Q64204
Q15270	Q07687
Q15270	P70396
Q15270	P50575
Q15270	P56178
Q15270	Q64205
Q15270	O60479
Q15270	P63157
Q15270	Q9BZE3
Q15270	P63156
Q15270	P78367
Q15270	P97503
Q15270	P13297
Q15270	P28360
Q15270	P52953
Q15270	Q03358
Q15270	P35548
Q15270	Q9QZW9
Q15270	M0R6D8
Q15270	P50219
Q15270	Q04741
Q15270	Q04742
Q15270	Q04744
Q15270	Q04743
Q15270	Q04743-2
Q15270	D3ZCK7
Q15270	Q2NKI2
Q15270	Q5SQQ9
Q15270	Q5SQQ9-2
Q15270	Q9JM00
Q96JC1	Q96JC1
Q96JC1	E9PT04
Q96JC1	Q8R5L3
Q96JC1	Q96JC1-2
Q00532-2	Q00532-2
Q00532-2	Q00532
Q00532-2	Q8CEQ0
Q00532-2	Q66HE7
Q80XZ4	Q80XZ4
Q80XZ4	Q8N6P7
O00458	O00458
O00458	P19182
O00458	P20695
O00458	Q12894
O00458	Q0ZFS6
O00458	Q9D8U0
XP_913389	XP_913389
XP_913389	P62853
XP_913389	P62851
XP_913389	P62852
Q9D2R8	Q9D2R8
Q9D2R8	Q9Y291
Q9D2R8	Q0ZFS4
P07309	P07309
P07309	P02766
P07309	P02767
P07309	XP_215112
P07309	Q9CRB3
Q9BWC9	Q9BWC9
Q9BWC9	Q3ULM0
Q9H7Y0	Q9H7Y0
Q9H7Y0	Q9H7Y0-2
Q9H7Y0	A0A0G2K1M5
Q9H7Y0	Q3USZ8
Q9H7Y0	Q8NDZ4
Q3B807	Q3B807
Q3B807	Q5VWI1
Q80WJ1	Q80WJ1
Q80WJ1	Q66HC8
Q80WJ1	Q86UU5
P0C672	P0C672
A8K855	A8K855
A8K855	D3ZZK0
A8K855	Q8VDY4
Q5VVH5	Q5VVH5
Q5VVH5	Q9ESJ7
Q17RY6	Q17RY6
Q17RY6	Q17RY6-2
Q17RY6	Q9CWP4
Q17RY6	Q99445
P0DI80	P0DI80
P0DL12	P0DL12
P0DL12	A0A504
P0DMR3	P0DMR3
Q5XIP4	Q5XIP4
Q5XIP4	Q14DL0
Q5XIP4	Q8IYU4
Q5XIP4	Q8C5U9
Q5XIP4	Q9H347
Q5XIP4	D4AA63
Q5XIP4	Q9QZM0
Q5XIP4	Q9JJP9
Q5XIP4	Q8R317
Q5XIP4	Q9UMX0
Q5XIP4	Q9UMX0-2
Q5XIP4	Q9UHD9
Q5XIP4	Q9NRR5
Q5XIP4	D4A3P1
Q5XIP4	Q99NB8
Q8BT42	Q8BT42
Q8BT42	Q71RC9
G3V211	G3V211
Q99603	Q99603
P08011	P08011
P08011	Q91VS7
P08011	P10620
P08011	Q9JHF3
P08011	O14684
P08011	Q9JM51
P62282	P62282
P62282	Q9XSU4
P62282	P62281
P62282	P62280
Q68FT3	Q68FT3
Q68FT3	Q3U4I7
Q68FT3	Q8N2H3
D4ACG2	D4ACG2
D4ACG2	A1L0T0
D4ACG2	Q8BU33
Q9UKL3	Q9UKL3
Q9UKL3	D4A7V6
Q9UKL3	Q9WUF3
Q9DCH2	Q9DCH2
Q9DCH2	D3ZQJ2
Q9DCH2	O75817
P05060	P05060
P05060	O35314
P05060	P16014
Q15311	Q15311
Q15311	Q62172
Q15311	Q62796
XP_038962031	XP_038962031
XP_038962031	Q9JI18
XP_038962031	Q9NZR2
XP_038962031	Q91ZX7
XP_038962031	Q07954
XP_038962031	G3V928
XP_038962031	A2ARV4
XP_038962031	P98158
XP_038962031	P98164
XP_038962031	P01130
XP_038962031	P01131
XP_038962031	P01130-2
XP_038962031	P01130-3
XP_038962031	P01130-4
XP_038962031	O75197
XP_038962031	B2RYI1
XP_038962031	Q91VN0
XP_038962031	O88572
XP_038962031	D3ZUH9
XP_038962031	O75581
XP_038962031	P98155
XP_038962031	P98166
XP_038962031	P98155-2
XP_038962031	P98156
XP_038962031	Q924X6
XP_038962031	Q14114-2
XP_038962031	Q14114
XP_038962031	Q14114-3
XP_038962031	Q8VI56
XP_038962031	O75096
XP_038962031	Q9QYP1
XP_038962031	P35952
XP_038962031	P35951
XP_038962031	A4QPB2
Q9Z0U4	Q9Z0U4
Q9Z0U4	Q9UBS5-3
Q9Z0U4	Q9WV18
Q9Z0U4	Q9UBS5
Q9Z0U4	O75899
Q9Z0U4	O88871
Q9Z0U4	Q80T41
A2AJW5	A2AJW5
A2AJW5	Q9NTX9
Q99819	Q99819
Q99819	Q62160
Q99819	Q5XI73
Q99819	Q5M860
Q99819	P52566
Q99819	Q61599
Q99819	Q99PT1
Q99819	P52565
Q8IZU8	Q8IZU8
Q8IZU8	Q0VBN2
Q8IZU8	NP_001102403
Q8IZU8	Q8BLI4
Q8IZU8	Q9UL01
Q149L6	Q149L6
Q149L6	A0A0G2JTM9
Q149L6	Q8TBM8
Q149L6	Q5FVC4
Q149L6	Q9QYI4
Q149L6	Q9NXW2
Q149L6	Q9NXW2-2
Q149L6	Q9H819
Q149L6	Q9CZJ9
Q9UPQ8	Q9UPQ8
Q9UPQ8	Q8R2Y3
Q9UQ53-3	Q9UQ53-3
Q9UQ53-3	Q5M854
Q9UQ53-3	B2GV39
Q9UQ53-3	Q9UM21-2
Q9UQ53-3	Q9UQ53
Q9UQ53-3	Q812F8
Q9UQ53-3	Q9UM21
Q9UQ53-3	Q812G0
Q9UQ53-3	XP_001474250
Q9UQ53-3	Q9D4R2
Q9UQ53-3	Q4V8F8
Q9UQ53-3	A6NG13
Q9UQ53-3	XP_235099
Q9UQ53-3	Q9D306
Q9UQ53-3	Q9UBM8
P27539	P27539
P27539	P20863
P27539	Q07104
P27539	Q9NR23
P27539	Q99988
P27539	Q9Z0J6
P27539	Q9Z0J7
Q8N8C0	Q8N8C0
Q8N8C0	Q6ZRF7
Q8BTW3	Q8BTW3
Q8BTW3	D3ZW38
Q8BTW3	Q5RKV6
Q8BTW3	D4A4Y0
Q8BTW3	Q9NPD3
Q8BTW3	Q921I9
Q96JG9	Q96JG9
Q96JG9	XP_111398
B1APX2	B1APX2
B1APX2	Q3UE31
B1APX2	Q4G008
B1APX2	Q6ICG6
B1APX2	Q6ICG6-2
Q3KR98	Q3KR98
Q3KR98	O15131
Q3KR98	O35345
Q3KR98	O60684
Q3KR98	P83953
Q3KR98	Q60960
Q3KR98	Q56R16
Q3KR98	P52294
Q3KR98	P52292
Q3KR98	P52293
Q3KR98	Q6P6T9
Q3KR98	O00505
Q3KR98	O00629
Q3KR98	Q56R17
Q3KR98	O35343
Q3KR98	Q56R18
Q3KR98	O35344
Q3KR98	A9QM74
Q3KR98	C0LLJ0
Q96G28-2	Q96G28-2
Q96G28-2	Q96G28
Q96G28-2	Q4V8E4
Q96G28-2	Q8C6E0
Q96G28-2	Q4V8C5
Q96G28-2	Q9D385
Q96G28-2	Q9Y2Y0
Q96G28-2	Q9Y2Y0-2
Q80VP5	Q80VP5
Q80VP5	Q9H3J6
Q80VP5	Q80VP5-2
Q80VP5	F1LWN5
P08581-2	P08581-2
P08581-2	P08581
P08581-2	P16056
P08581-2	P97523
P08581-2	Q04912
P08581-2	Q04912-2
P08581-2	Q62190
Q9NYJ1-2	Q9NYJ1-2
Q9NYJ1-2	B0K013
Q9NYJ1-2	Q9NYJ1
Q9NYJ1-2	Q8BT51
Q8N2K0-2	Q8N2K0-2
Q8N2K0-2	Q6AYT7
Q8N2K0-2	Q8N2K0
Q8N2K0-2	Q99LR1
Q8N2K0-2	Q7Z5M8
Q8N2K0-2	G3UZN6
Q8N2K0-2	Q80UX8
Q8N2K0-2	D4A1B6
Q8N2K0-2	Q7L211
Q9UBY9-2	Q9UBY9-2
Q9UBY9-2	NP_113795
Q9UBY9-2	P35385
Q9UBY9-2	Q9UBY9
Q9C0E8-4	Q9C0E8-4
Q9C0E8-4	A0JN29
Q9C0E8-4	Q9C0E8
Q9C0E8-4	Q7TQ95
D4AA91	D4AA91
D4AA91	Q8C172
D4AA91	Q6ZMG9
D4AA91	XP_345364
D4AA91	Q9D6K9
D4AA91	Q6ZMG9-2
D4AA91	Q8N5B7
D4AA91	Q9HA82
D4AA91	Q9D6J1
D4AA91	D3ZU86
D4AA91	Q1A3B0
D4AA91	Q8IU89
D4AA91	Q924Z4
D4AA91	Q96G23
D4AA91	G3V8V4
D4AA91	P27544
D4AA91	P27545
D4AA91	Q1HL14
D4AEE9	D4AEE9
D4AEE9	P60002
D4AEE9	P60003
Q9P2P6	Q9P2P6
Q9P2P6	Q80TF6
Q9P2P6	XP_001080099
Q9P2P6	Q96L93-2
Q9P2P6	ENSMUSP00000076332
Q9P2P6	B1AVY7
Q9P2P6	Q96L93
Q9P2P6	D3ZFN9
Q9P2P6	Q96L93-5
Q9P2P6	Q5XI63
Q9P2P6	Q9QWT9
Q9P2P6	Q9BW19
Q9GZP8	Q9GZP8
Q9GZP8	Q9GZP8-2
Q9GZP8	Q9D809
Q9GZP8	D3ZE02
P84157	P84157
P84157	P84157-3
P84157	M0RA39
P84157	P84157-2
P84157	Q9CZH7
Q9QUG3	Q9QUG3
Q9QUG3	Q9UKY0
A9UF07	A9UF07
A9UF07	Q2PYT3
A9UF07	P00520-4
A9UF07	A9UF02
A9UF07	D3ZGM3
A9UF07	Q13746
A9UF07	P00520
A9UF07	P00519-2
A9UF07	P00519
A9UF07	P42684
A9UF07	Q4JIM5
A9UF07	P42684-2
A9UF07	P42684-10
A9UF07	P42684-4
A9UF07	F1M0N1
A9UF07	P42684-6
A9UF07	P11274
A9UF07	A0A0G2JTR4
A9UF07	Q12979-2
A9UF07	P11274-2
A9UF07	A9YD18
A9UF07	XP_038955099
A9UF07	Q6PAJ1
A9UF07	Q5SSL4
A9UF07	Q12979
A9UF07	A0A2Z5DI15
A9UF07	Q06187-2
A9UF07	P35991
A9UF07	Q06187
A9UF07	Q5S255
A9UF07	P42680
A9UF07	Q9EQ78
A9UF07	P24604
A9UF07	Q922K9
A9UF07	Q62662
A9UF07	P42685
A9UF07	Q5FVG7
A9UF07	Q62270
A9UF07	Q9H3Y6
A9UF07	P07947
A9UF07	P05480
A9UF07	Q9WUD9
A9UF07	P00523
A9UF07	P05480-1
A9UF07	P12931
A9UF07	P06241-2
A9UF07	F1LM93
A9UF07	Q04736
A9UF07	Q6P6U0
A9UF07	P14234
A9UF07	P09769
A9UF07	P12931-2
A9UF07	Q07014
A9UF07	P25911
A9UF07	P07948
A9UF07	P07948-2
A9UF07	P25911-2
A9UF07	P39688
A9UF07	Q62844
A9UF07	P06241
A9UF07	P06241-3
A9UF07	P08631
A9UF07	P08631-4
A9UF07	P08631-2
A9UF07	P08631-3
A9UF07	P50545
A9UF07	P08103
A9UF07	P51813
A9UF07	P97504
A9UF07	P34925-2
A9UF07	Q01887
A9UF07	P34925
A9UF07	Q13882
A9UF07	Q64434
A9UF07	P06239-3
A9UF07	P06240
A9UF07	Q01621
A9UF07	P06239
A9UF07	P51451
A9UF07	Q4KM97
A9UF07	P16277
A9UF07	P42682
A9UF07	P42681
A9UF07	P42679-2
A9UF07	P42679
A9UF07	P41243
A9UF07	P41242
A9UF07	Q03526
A9UF07	Q08881
Q9NPA3	Q9NPA3
Q9NPA3	Q9CQ20
Q9NPA3	Q6P7D5
Q9NPA3	Q62264
Q9NPA3	Q92748
Q9NPA3	P04143
A1L188	A1L188
A1L188	A2AMZ4
Q6UY27	Q6UY27
Q6UY27	Q3UW31
Q16385-2	Q16385-2
Q16385-2	Q16385
Q16385-2	Q7RTT4
Q16385-2	O60224
Q16385-2	O60225
Q16385-2	Q99909
Q16385-2	Q7RTT5
Q16385-2	Q7RTT3
Q16385-2	Q7RTT6
Q16385-2	Q16384
Q16385-2	B1AUS7
Q9NWA0	Q9NWA0
Q9NWA0	Q8VCS6
XP_341878	XP_341878
XP_341878	P46940
XP_341878	Q9JKF1
XP_341878	F1LW74
XP_341878	Q13576-2
XP_341878	Q3UQ44
XP_341878	Q13576
XP_341878	D3ZCS4
XP_341878	Q3UQP1
XP_341878	Q86VI3
XP_223161	XP_223161
XP_223161	O88573
XP_223161	Q3UP77
XP_223161	P51825-2
XP_223161	P51825
XP_223161	P51827
XP_223161	P51826-2
XP_223161	P51826
XP_223161	Q9UHB7
XP_223161	Q9UHB7-2
XP_223161	D3ZSX2
XP_223161	Q9ESC8
XP_223161	P51816
XP_223161	P51816-2
XP_223161	P51816-3
XP_223161	P51816-4
XP_223161	P51816-5
XP_223161	A0A0G2KA99
XP_223161	O55112
Q8NFC6	Q8NFC6
Q8NFC6	E9Q6J5
Q8NFC6	M0RC54
Q8NFC6	Q96IK1
Q8NFC6	Q8IYS8
Q8NFC6	Q5SQY2
Q8NFC6	Q6AYJ2
Q9H1X3	Q9H1X3
Q9H1X3	Q9H1X3-3
Q9H1X3	A2ALW5
Q9H1X3	Q5BJW9
A0A1B0GU29	A0A1B0GU29
Q9R2B6	Q9R2B6
Q9R2B6	Q9H4F1
Q9R2B6	NP_001386308
Q9R2B6	Q64686
Q9R2B6	Q8NDV1
Q9R2B6	Q9WUV2
XP_017450011	XP_017450011
XP_017450011	Q3URZ6
XP_017450011	Q8IVF2
XP_017450011	Q8IVF2-3
XP_017450011	Q8IVF2-2
XP_017450011	XP_003688945
XP_017450011	Q09666
XP_017450011	E9Q616
XP_017450011	F1MCK2
XP_017450011	XP_001078032
XP_017450011	A0A0G2JUA5
XP_017450011	Q09666-2
D3ZCA0	D3ZCA0
D3ZCA0	O94903
D3ZCA0	Q9Z2Y8
Q0VAQ4	Q0VAQ4
Q0VAQ4	Q99KC7
Q0VAQ4	Q7TPF1
Q05586-5	Q05586-5
Q05586-5	P35438-2
Q05586-5	P35439
Q05586-5	P35438
Q05586-5	Q05586
Q05586-5	Q05586-2
Q05586-5	A2AI14
Q05586-5	P35439-7
P82976	P82976
P82976	Q14549
P82976	P52951
P82976	P48031
P82976	O14627
P82976	Q07424
Q9D9T6	Q9D9T6
Q9D9T6	Q8NHX4
Q6UXB0-3	Q6UXB0-3
Q6UXB0-3	Q6UXB0
Q6UXB0-3	Q8BWU3
Q6UXB0-3	Q86XD5-3
Q6UXB0-3	Q3TY60
Q6UXB0-3	Q86XD5
Q6UXB0-3	Q568Z1
Q6UXB0-3	Q3TY60-2
Q6UXB0-3	Q96AQ9
Q8WWB3	Q8WWB3
Q8WWB3	Q9D9T0
Q8IZU1	Q8IZU1
Q8IZU1	Q8IZU0
Q8IZU1	Q8IZT9
P46413	P46413
P46413	P51855
P46413	P48637
Q99417	Q99417
Q99417	Q9EQS3
Q99417	D4A7F2
Q96C74	Q96C74
Q96C74	Q9EQ00
Q96C74	Q9HAT0
Q96C74	Q9ESG2
Q96C74	Q9BZX4
Q96C74	Q4KLL5
Q9DAQ3	Q9DAQ3
Q9DAQ3	Q9BQM9
Q96E40	Q96E40
Q96E40	Q7TPM5
Q96E40	Q4V8P4
Q3ZBX6	Q3ZBX6
Q3ZBX6	P18665
Q3ZBX6	Q99N95
Q3ZBX6	P09001
P02668	P02668
P02668	P06796
P02668	P04468
P02668	P07498
XP_341302	XP_341302
XP_341302	Q7TN22
XP_341302	Q9P2K2
ENSRNOP00000003448	ENSRNOP00000003448
ENSRNOP00000003448	Q92845
ENSRNOP00000003448	P70188
Q9WUP0	Q9WUP0
Q9WUP0	Q9JHJ1
Q9WUP0	O60895
Q9WUP0	O60896
Q9WUP0	Q9WUP1
Q9WUP0	Q9JJ73
Q9WUP0	Q9JJ74
Q9WUP0	O60894
Q9WUP0	Q9WTJ5
A2AAJ9	A2AAJ9
A2AAJ9	E9QQ96
A2AAJ9	A0A0G2K8N1
A2AAJ9	O75147
A2AAJ9	O75147-2
A2AAJ9	O75147-1
A2AAJ9	D3ZZ80
A2AAJ9	D3YYU8
A2AAJ9	Q5VST9-6
A2AAJ9	Q5VST9-3
A2AAJ9	Q5VST9
A2AAJ9	Q8BG48
A2AAJ9	O94768
A2AAJ9	Q91XS8
A2AAJ9	A0A087WV53
Q9ESN9	Q9ESN9
Q9ESN9	Q9ESN9-3
Q9ESN9	Q9UPT6
Q9ESN9	Q9ESN9-2
Q9ESN9	E9PSK7
Q9ESN9	Q58A65
Q9ESN9	Q58A65-2
Q9ESN9	Q58A65-3
Q9ESN9	Q08DI3
Q9ESN9	O60271-4
Q9ESN9	O60271-2
Q9ESN9	E9PSJ4
Q9ESN9	O60271
Q9ESN9	O60271-3
Q01831	Q01831
Q01831	Q01831-2
Q01831	D4A3D8
Q01831	P51612
Q92574	Q92574
Q92574	Q9EP53-2
Q92574	Q9EP53
Q92574	Q9Z136
O75152	O75152
O75152	A0A1B0GTU1
O75152	P0DQW0
O75152	B4DYM8
O75152	Q6NZF1
O75152	Q0ZFS5
Q9H0H5	Q9H0H5
Q9H0H5	Q9BZ74
Q9H0H5	Q9WVM1
Q9H0H5	B2GV02
Q9NY61	Q9NY61
Q9NY61	Q9JKX4
Q9NY61	Q9QYW0
XP_001081555	XP_001081555
XP_001081555	Q8IY85
Q9WTJ4	Q9WTJ4
Q9WTJ4	D3ZP93
Q9WTJ4	Q96SL8
Q86TB3	Q86TB3
Q86TB3	Q91ZB0
Q8IVH4	Q8IVH4
Q8IVH4	D3ZNY3
Q8IVH4	Q8C7H1
Q96SY0	Q96SY0
Q96SY0	Q66H58
Q96SY0	Q96SY0-3
Q96SY0	Q8R3P6
Q8IUH2	Q8IUH2
Q8IUH2	Q8BGC9
Q8IUH2	O75629
Q8IUH2	O88668
Q8IUH2	B2GUX7
P58512	P58512
P0DMN7	P0DMN7
P0DMN7	P17708
P0DMN7	D3Z6H8
P0DMN7	P17707
Q11203-4	Q11203-4
Q11203-4	P97325
Q11203-4	Q11203
Q11203-4	Q02734
Q11203-4	P61943
Q11203-4	Q9Y274
Q11203-4	Q8VIB3
Q11203-4	Q11206-4
Q11203-4	Q11206
Q11203-4	Q91Y74
Q11203-4	P61131
Q11203-4	Q11204
Q11203-4	Q16842
Q11203-4	Q11205
Q11203-4	Q02745
Q11203-4	Q11201
Q11203-4	P54751
Q11203-4	Q9UNP4
Q11203-4	O88829
Q11203-4	Q68G12
Q11203-4	Q9UNP4-3
Q8TB68	Q8TB68
Q8TB68	P0C6T3
Q8TB68	Q3V0I2
Q8R1R3	Q8R1R3
Q8R1R3	Q9NQZ5
Q8R1R3	A0A8I6ATX5
Q8R1R3	Q9UKL6
Q8R1R3	P53808
Q8R1R3	P53809
Q86XT4	Q86XT4
Q86XT4	Q86UV6
Q86XT4	Q86UV7
Q86XT4	Q810I2
Q86XT4	Q810I1
Q86XT4	A0JPQ4
Q86XT4	Q1XH17
Q86XT4	Q6ZMU5
Q9DAL9	Q9DAL9
Q9DAL9	A6NFZ4
Q9DAL9	Q8N5W8
Q9DAL9	B1WBS9
Q9DAL9	Q8CF27
Q9CQM6	Q9CQM6
Q9CQM6	Q641X1
Q9CQM6	A6NGH8
Q9JK84	Q9JK84
Q9JK84	Q9BYG4
Q9JK84	Q9BYG5
Q9JK84	Q9JK83
Q9JK84	D4A2F2
Q9JK84	Q6B4M5
Q9JK84	Q9Z101
Q9JK84	Q9NPB6-2
Q9JK84	Q9NPB6
Q8R5A6-2	Q8R5A6-2
Q8R5A6-2	NP_001388807
Q8R5A6-2	Q8R5A6
Q8R5A6-2	Q8WUA7
Q8R5A6-2	Q6U1J1
Q8R5A6-2	Q80VE5
Q8R5A6-2	Q9NU19
Q8CDP0	Q8CDP0
Q8CDP0	Q5U5Z8
Q8CDP0	Q8CDK2
Q8CDP0	D4A3W7
Q8CDP0	Q8NEM8
XP_001054954	XP_001054954
XP_001064125	XP_001064125
XP_001064125	Q96T23
XP_001064125	Q96T23-2
XP_001064125	Q96T23-3
XP_001064125	E9PWW9
Q6AYP5	Q6AYP5
Q6AYP5	Q8R5M8
Q6AYP5	Q9BY67
Q6AYP5	Q9BY67-3
Q6AYP5	E0CY16
Q6AYP5	Q9BY67-5
Q6AYP5	Q8N126-2
Q6AYP5	Q8N126
Q6AYP5	Q1WIM3
Q6AYP5	Q99N28
Q6AYP5	Q8N3J6-3
Q6AYP5	Q1WIM2
Q6AYP5	Q8BLQ9
Q6AYP5	Q8N3J6
Q6AYP5	Q8NFZ8
Q6AYP5	Q8R464
Q6AYP5	Q1WIM1
Q6AYP5	P04921
Q6AYP5	Q6XFR6
Q6AYP5	Q78HU7
Q9BZM2-2	Q9BZM2-2
Q9BZM2-2	Q9BZM2
Q9BZM2-2	Q9QZT4
Q9BZM2-2	Q9QZT4-2
Q9BZM2-2	P14423
Q9BZM2-2	P31482
Q9BZM2-2	P39877
Q9BZM2-2	P97391
Q9BZM2-2	P51433
Q9BZM2-2	P14555
Q9BZM2-2	J3KMZ3
Q9BZM2-2	Q5R387
Q9BZM2-2	P48076
Q9BZM2-2	P39878
Q9BZM2-2	Q9UNK4
Q9BZM2-2	Q9WVF6
Q9BZM2-2	Q9NZK7
Q9BZM2-2	Q9QUL3
Q9BZM2-2	P04054
Q9BZM2-2	Q9Z0Y2
Q9BZM2-2	P04055
Q9BZM2-2	O15496
Q9BZM2-2	Q9QXX3
Q9BZM2-2	Q9QZT3
Q5PQQ7	Q5PQQ7
Q5PQQ7	Q6P566
Q5PQQ7	Q8IVB5
Q5PQQ7	Q8BQ89
Q5PQQ7	Q8N485
P25236	P25236
P25236	P70274
P25236	P49908
Q8NC06-3	Q8NC06-3
Q8NC06-3	Q8NC06
Q8NC06-3	Q8NC06-2
Q8NC06-3	Q6DGF9
Q8NC06-3	Q80X94
Q8NC06-3	Q96PY0
Q9DAH8	Q9DAH8
O95954-2	O95954-2
O95954-2	O95954
O95954-2	Q91XD4
O95954-2	O88618
P29401-2	P29401-2
P29401-2	P40142
P29401-2	P29401
P29401-2	P50137
P29401-2	Q9D4D4
P29401-2	Q9H0I9
P29401-2	P51854
P29401-2	Q99MX0
P29401-2	NP_001103004
Q99MH3	Q99MH3
Q99MH3	Q80T19
Q99MH3	Q9EQ21
Q99MH3	P81172
Q06265-2	Q06265-2
Q06265-2	Q06265
Q06265-2	Q9JHI7
Q06265-2	Q4QR75
Q8TEP8	Q8TEP8
Q8TEP8	Q8TEP8-1
Q8TEP8	E9Q4Y4
Q8TEP8	D4A3X0
Q8TEP8	Q8R2U0
Q8TEP8	Q96EE3-1
Q8TEP8	Q96EE3
P32755	P32755
P32755	P49429
P32755	P32754
F1LRF5	F1LRF5
F1LRF5	Q8NCL8
F1LRF5	G3X901
NP_113772	NP_113772
NP_113772	O15244
NP_113772	O70577
NP_113772	O15245
NP_113772	Q63089
NP_113772	O08966
NP_113772	Q9R0W2
NP_113772	Q80UJ1
NP_113772	A6NK97-2
NP_113772	A6NK97
NP_113772	Q8TCC7-2
NP_113772	Q9R1U7
NP_113772	O88909
NP_113772	Q8TCC7
NP_113772	O76082-3
NP_113772	Q9Z306
NP_113772	Q9R141
NP_113772	O76082
NP_113772	Q9Z0E8
NP_113772	O70594
NP_113772	Q9H015
NP_113772	Q9WTN6
NP_113772	Q4U2R8
NP_113772	O35956
NP_113772	Q8VC69
NP_113772	O75751
NP_113772	Q9WTW5
NP_113772	O88446
Q9NX31	Q9NX31
Q9NX31	Q9D722
Q9NX31	Q703I1
Q6KCM7-3	Q6KCM7-3
Q6KCM7-3	Q9BV35-2
Q6KCM7-3	Q6NUK1
Q6KCM7-3	Q8K3P6
Q6KCM7-3	Q6GQS1
Q6KCM7-3	Q6KCM7
Q6KCM7-3	Q6KCM7-4
Q6KCM7-3	Q6NUK1-2
Q6KCM7-3	NP_001100343
Q6KCM7-3	Q6KCM7-5
Q6KCM7-3	Q9BV35
Q6KCM7-3	A2ASZ8
Q6KCM7-3	B1WC67
Q6KCM7-3	Q8BMD8
Q6KCM7-3	Q8N5S1
Q6KCM7-3	Q8BVN7
Q6KCM7-3	B8ZHC9
Q6KCM7-3	Q8N5S1-2
Q6KCM7-3	Q9BV35-3
Q6KCM7-3	B2GV53
Q6KCM7-3	Q8BMG8
Q6KCM7-3	Q9H2D1
Q14BU0	Q14BU0
Q14BU0	Q8WVF2
Q14BU0	B9TQX4
Q8WVF1	Q8WVF1
Q8WVF1	Q4QQS3
Q8WVF1	Q8BHW2
Q8WVF1	Q8WVF1-4
Q9Y6K1	Q9Y6K1
Q9Y6K1	Q1LZ53
Q9Y6K1	Q9Y6K1-2
Q9Y6K1	Q4W5Z4
Q9Y6K1	O88508
Q9Y6K1	O88509
Q9Y6K1	Q1LZ51
Q9Y6K1	P0DOY1
Q9Y6K1	Q9UBC3
Q9Y6K1	Q9UBC3-6
Q9Y6K1	Q9UBC3-8
Q9Y6K1	Q9UBC3-3
Q9Y6K1	Q1LZ50
Q9Y6K1	Q9CWR8
Q9Y6K1	Q9UJW3-2
Q9Y6K1	Q9UJW3
Q80W93	Q80W93
Q80W93	XP_226468
Q80W93	Q4G0P3
Q80W93	Q4G0P3-8
Q9NQV7	Q9NQV7
Q9NQV7	Q9NQW5-2
Q9NQV7	Q9NQW5
Q9NQV7	Q96EQ9
Q9NQV7	P0C6Y7
Q9NQV7	Q8NC26
Q9NQV7	Q9NU63
Q9NQV7	Q8C6P8
Q9NQV7	A0JPK3
Q9NQV7	A2BI93
Q9NQV7	Q6XAS3
Q9NQV7	B1AY40
Q9NQV7	Q6XAR7
Q9NQV7	Q6P1L6
Q9NQV7	Q6NX49
Q9NQV7	Q6P2D0
Q9NQV7	P08042
Q99MD6	Q99MD6
Q99MD6	Q86VQ6
Q99MD6	O89049
Q99MD6	Q9JMH6
Q99MD6	NP_001171641
Q99MD6	Q9Z0J5
Q99MD6	Q9JLT4
Q99MD6	Q9NNW7
Q99MD6	Q9NNW7-2
Q99MD6	P00390
Q99MD6	P70619
Q99MD6	P47791
Q99MD6	Q16881
Q99MD6	Q16881-2
Q99MD6	Q16881-3
Q99MD6	Q16881-4
Q99MD6	Q6P6R2
Q99MD6	O08749
Q99MD6	P09622
Q99MD6	Q9NS18
Q99MD6	Q923X4
Q99MD6	Q6AXW1
A2ATK9	A2ATK9
A2ATK9	Q5VUB5
A2ATK9	XP_001056358
A2ATK9	A8MVW0
A2ATK9	D3ZT47
A2ATK9	A2A699
A2ATK9	Q6P995
A2ATK9	D3ZTG3
A2ATK9	Q14CH0
P06731	P06731
P06731	P13688-8
P06731	P40199
P06731	P31997
P06731	P13688
P06731	P40198
P06731	P13688-9
P06731	O75871
P06731	Q00889
P06731	P11464
P06731	Q16557
P06731	P11464-4
P06731	Q13046
P06731	Q00888
P06731	Q9UQ74
P06731	Q00887
P06731	Q15238
P06731	Q9UQ72
P06731	P11465
P06731	E9QA28
P06731	Q2WEN9
P06731	D3ZQE1
Q9P2T0	Q9P2T0
Q9P2T0	Q5XHX8
Q9P2T0	Q9JMB1
Q7L775	Q7L775
Q7L775	NP_001258313
Q7L775	Q8VEH5
O43861	O43861
O43861	D4ABB8
O43861	P98195
O43861	O43861-2
O43861	O70228
O43861	O75110
O43861	XP_038962655
Q8BGR2	Q8BGR2
Q8BGR2	Q5U308
Q8BGR2	Q7L1W4
Q8BGR2	Q80WG5
Q8BGR2	Q8IWT6
Q8BGR2	Q4V8I7
Q8BGR2	Q8R502
Q8BGR2	Q8TDW0
Q8BGR2	Q498T9
Q8BGR2	Q6P9F7
Q8BGR2	Q5DU41-2
Q8BGR2	Q5DU41
Q8BGR2	D4A758
Q8BGR2	Q6NSJ5
Q8BGR2	Q3KRC6
Q8BGR2	Q66JT1
Q6ZVX9	Q6ZVX9
Q6ZVX9	Q6TCG2
Q9CQ07	Q9CQ07
Q9CQ07	Q8N456
Q9CQ07	Q66HD6
Q9UI36	Q9UI36
Q9UI36	XP_038949891
Q9UI36	Q9UI36-4
Q9UI36	Q9UI36-2
Q9UI36	Q9UI36-3
Q9UI36	Q9QYB2
Q9UI36	Q925Q8
Q9UI36	Q96NX9
Q92545	Q92545
Q92545	O70472
Q92545	XP_001056771
Q5FW56	Q5FW56
Q5FW56	Q8WV15
Q5FW56	Q7TMP6
Q5FW56	Q5JRV8
Q5FW56	Q8BHW5
P47820	P47820
P47820	F6X3S4
P47820	P09470
P47820	P12821
P47820	D0G895
P47820	M0RB66
P47820	Q8R0I0
P47820	Q9BYF1
P47820	Q5EGZ1
NP_001100256	NP_001100256
NP_001100256	Q9UHD2
NP_001100256	Q9WUN2
NP_001100256	D4A5E7
NP_001100256	Q9R0T8
NP_001100256	Q14164
Q71F54	Q71F54
Q71F54	Q8C120
Q71F54	XP_228347
Q71F54	Q8TEJ3
Q71F54	Q69ZI1
Q71F54	Q69ZI1-2
Q71F54	Q7Z6J0
Q71F54	Q8BZT2
Q71F54	Q498M5
Q71F54	Q8TEC5
Q9H0Y0	Q9H0Y0
Q9H0Y0	Q8R1P4
XP_038947106	XP_038947106
XP_038947106	Q96L14
XP_038947106	Q6A065
XP_038947106	NP_001030454
XP_038947106	Q5SW79
XP_038947106	Q5SW79-3
XP_038947106	Q5SW79-2
XP_038947106	Q9Y4F5
XP_038947106	Q9Y4F5-2
XP_038947106	Q9Y4F5-3
XP_038947106	Q80U49
XP_038947106	XP_576105
Q3UZD5	Q3UZD5
Q3UZD5	Q9NQX0
Q3UZD5	Q9GZV8
Q3UZD5	E9Q3T6
Q3UZD5	Q9H4Q4
Q3UZD5	A2AJ77
Q9H0R6	Q9H0R6
Q9H0R6	Q5FWT5
Q9H0R6	Q9CZN8
Q3B7S5	Q3B7S5
XP_001064577	XP_001064577
XP_001064577	Q5VV63
XP_001064577	Q6A051
XP_001064577	Q99J86
XP_001064577	Q9WU60
XP_001064577	O75882
Q9D4E1	Q9D4E1
Q9D4D3	Q9D4D3
O43677	O43677
O43677	Q9CQY9
Q17RD7	Q17RD7
Q17RD7	Q7TN83
Q17RD7	Q58G82
Q17RD7	Q8NB59-7
Q17RD7	Q8NB59
Q17RD7	Q7TN84
Q6ZP68	Q6ZP68
A0A0G2K7U7	A0A0G2K7U7
A0A0G2K7U7	Q3UMR0
A0A0G2K7U7	Q96NW4
A0A0G2K7U7	A2AD93
Q8IYS1	Q8IYS1
Q8IYS1	D4AAB5
Q8IYS1	A3KG59
P08697	P08697
P08697	Q61247
P08697	Q80ZA3
P08697	P36955
P08697	P97298
Q5NCY3	Q5NCY3
Q5NCY3	Q6P9G0
Q3ZAQ7-2	Q3ZAQ7-2
Q3ZAQ7-2	D3ZM03
Q3ZAQ7-2	Q3ZAQ7
Q3ZAQ7-2	Q78T54
O75112-7	O75112-7
O75112-7	O75112
O75112-7	Q5XIG1
O75112-7	Q9JKS4
O75112-7	O75112-2
O75112-7	O75112-4
O75112-7	NP_001264094
O75112-7	Q9JKS4-3
O75112-7	O75112-5
O75112-7	Q96HC4
O75112-7	Q96HC4_VAR_046663
O75112-7	Q62920
O75112-7	Q8CI51
O75112-7	Q9JKS4-6
O75112-7	O00151
O75112-7	O70400
O75112-7	P52944
O75112-7	Q8CI51-3
O75112-7	Q96HC4-2
O75112-7	Q9Z1Z9
O75112-7	Q9NR12
O75112-7	Q9NR12-6
O75112-7	Q9NR12-3
O75112-7	Q9NR12-2
O75112-7	Q3TJD7
O75112-7	Q3TJD7-2
O75112-7	P36202
O75112-7	P50479-2
O75112-7	P70271
O75112-7	P50479
P35658-5	P35658-5
P35658-5	P35658-2
P35658-5	Q80U93
P35658-5	P35658-3
P35658-5	P35658
P35658-5	P35658-4
P35658-5	NP_001162031
Q96MM7-4	Q96MM7-4
Q96MM7-4	Q96MM7
Q96MM7-4	Q80UW0
Q96MM7-4	Q9QYK5
Q96MM7-4	O60243
Q96MM7-4	Q8IZP7
Q96MM7-4	Q9QYK4
Q9Y520-7	Q9Y520-7
Q9Y520-7	Q9Y520-3
Q9Y520-7	Q9Y520
Q9Y520-7	Q9Y520-2
Q9Y520-7	Q9Y520-4
Q9Y520-7	XP_341142
Q9Y520-7	Q3TLH4
Q9Y520-7	Q3TLH4-5
Q9Y520-7	E1BAF6
Q9Y520-7	Q6MG48
Q9Y520-7	Q7TSC1
Q9Y520-7	P48634
Q9Y520-7	P48634-2
Q9QZX9	Q9QZX9
Q9QZX9	Q96LK0
Q9QZX9	Q9CQA8
Q5BK09	Q5BK09
Q5BK09	Q6UX65
Q5BK09	Q9CR48
Q5BK09	Q8N682
Q5BK09	Q9DC58
A0A5F9ZH02	A0A5F9ZH02
Q8N8K9-2	Q8N8K9-2
Q8N8K9-2	Q8C4P0
Q8N8K9-2	Q8C4P0-2
Q8N8K9-2	Q8N8K9
A0A024R4G0	A0A024R4G0
Q6AYQ3	Q6AYQ3
Q6AYQ3	O95363
Q6AYQ3	Q99M01
Q9GZN8-2	Q9GZN8-2
Q9GZN8-2	Q9D1K7
Q9GZN8-2	Q4KM45
Q9GZN8-2	Q9GZN8
O60888-2	O60888-2
O60888-2	Q9CQ89
O60888-2	Q6MGD0
O60888-2	O60888
O60888-2	D3ZY56
O60888-2	Q9D1U5
Q5RI15-2	Q5RI15-2
Q5RI15-2	Q5RI15
Q5RI15-2	D3ZYU4
Q5RI15-2	Q9D7J4
O95214-2	O95214-2
O95214-2	Q6PDU4
O95214-2	Q9CQ74
O95214-2	O95214
O95214-2	Q9JLS8
O95214-2	O89013
O95214-2	O15243
Q96G97-4	Q96G97-4
Q96G97-4	Q9Z2E9
Q96G97-4	Q96G97
Q96G97-4	Q5FVJ6
Q96FG2-6	Q96FG2-6
Q96FG2-6	Q5XIQ2
Q96FG2-6	Q96FG2
Q96FG2-6	Q91YP6
NP_001011959	NP_001011959
NP_001011959	P16675
NP_001011959	P10619
D3ZEG8	D3ZEG8
D3ZEG8	Q9BSF4
D3ZEG8	Q8BGX2
Q08945	Q08945
Q08945	Q08943
Q08945	Q04931
Q16795	Q16795
Q16795	Q9DC69
Q16795	Q5BK63
Q6WKZ4	Q6WKZ4
Q6WKZ4	Q6WKZ4-2
Q6WKZ4	Q6WKZ4-3
Q6WKZ4	E9Q8L9
Q6WKZ4	Q9D620
Q6WKZ4	NP_001178484
Q6WKZ4	Q3B7T9
Q9UKX7	Q9UKX7
Q9UKX7	Q9UKX7-2
Q9UKX7	Q3V2K7
Q9UKX7	O08587
Q9UKX7	Q9JIH2
P14324	P14324
P14324	Q920E5
P14324	P05369
P14324	XP_001054824
Q9NSI6	Q9NSI6
Q9NSI6	Q9NSI6-2
Q9NSI6	Q6RI45
Q9NSI6	Q6RI45-2
Q9NSI6	Q921C3
Q9NSI6	XP_003751070
Q9NSI6	D3Z8C5
Q9NSI6	A2AHJ4
Q9NSI6	Q8WWQ0
Q9NSI6	NP_001128036
Q9NSI6	Q8VDD9
Q9Y2G4	Q9Y2G4
Q9Y2G4	Q9Y2G4-1
Q9Y2G4	Q69ZU8
Q9Y2G4	XP_575792
Q4LDE5	Q4LDE5
Q4LDE5	P0C6B8
Q4LDE5	A2AVA0
Q4LDE5	Q501P1
Q4LDE5	Q53RD9
Q4LDE5	P48199
Q4LDE5	P02741
Q4LDE5	P14847
Q4LDE5	A8MV57
Q4LDE5	Q8R1M8
Q4LDE5	Q8R1M8_VAR_I151T
Q4LDE5	Q6TA48
Q4LDE5	P04003
Q4LDE5	Q60736
Q4LDE5	Q7TSY4
Q4LDE5	Q63514
Q4LDE5	P08607
Q6ZU64	Q6ZU64
Q6ZU64	Q3V0B4
Q7RTU4	Q7RTU4
Q7RTU4	Q5RJB0
P35790	P35790
P35790	Q01134
P35790	O54804
P35790	Q5J2U5
P35790	Q9Y259
P35790	O54783
P35790	O55229
P35790	Q9HBU6
P35790	Q9D4V0
P35790	D3ZXB8
Q14005	Q14005
Q14005	D4A4I9
Q14005	O54824
Q8QZV7	Q8QZV7
Q8QZV7	D4A6N9
Q8QZV7	Q9NVM9
Q8K450	Q8K450
Q8K450	Q8N0X2-4
Q8K450	Q8N0X2
Q5T9A4	Q5T9A4
Q5T9A4	Q925I1
Q5T9A4	Q5T2N8
Q5T9A4	Q3KRE0
Q5T9A4	Q9NVI7
Q5T9A4	Q9NVI7-2
Q9DA77	Q9DA77
Q9DA77	Q6AXY3
Q9DA77	Q8N6K0
P20036	P20036
P20036	Q5Y7H0
P20036	P01904
P20036	P14439
P20036	P04224
P20036	P01903
P20036	Q9TQ69
Q63369	Q63369
Q63369	P25799
Q63369	P19838-2
Q63369	P19838
Q63369	Q01201
Q63369	D4A8H1
Q63369	Q04863
Q63369	Q00653
Q63369	Q00653-4
Q63369	Q9WTK5
Q63369	Q00653-3
Q63369	Q5U2Z4
Q63369	P20749
Q63369	Q9Z2F6
Q63369	Q60778
Q63369	Q9JIA3
Q63369	Q15653
P53566	P53566
P53566	P05554
P53566	P49715
P53566	P56261
P53566	Q6PZD9
P53566	Q15744
P53566	P17676
P53566	Q05826
P53566	P21272
P53566	P28033
P53566	P49716
P53566	Q03484
P53566	Q00322
P53566	P53567
P53566	P26801
P53566	P53568
P51957	P51957
P51957	P51957-2
P51957	D3ZDV9
P51957	Q9Z1J2
Q13671	Q13671
Q13671	Q921Q7
Q13671	Q13671-2
Q13671	P97680
O00716	O00716
O00716	ENSRNOP00000024748
O00716	O35261
O00716	P56931
O00716	Q14209
O00716	E1BUH4
O00716	D4A9V4
O00716	Q16254
O00716	Q8R0K9
O00716	Q15329
O00716	F1LRB5
O00716	Q61502
O00716	Q01094
O00716	O09139
O00716	Q61501
O00716	O75461
O00716	O54917
P56915	P56915
P56915	Q02591
P56915	O15499
P56915	P56916
P56915	Q9UBX0
P56915	Q61658
E9PV66	E9PV66
E9PV66	Q8IUG5
E9PV66	XP_239684
E9PV66	Q9JMH9-6
E9PV66	Q9JMH9
E9PV66	Q92614-4
E9PV66	Q9JMH9-4
E9PV66	NP_001165608
E9PV66	Q92614-2
E9PV66	Q92614
E9PV66	Q92614-3
Q8IXF0	Q8IXF0
Q8IXF0	Q9QZQ0
Q8IXF0	Q99742
Q8IXF0	P97459
Q8IXF0	P81133
Q8IXF0	Q61079
Q8IXF0	Q14190-2
Q8IXF0	NP_001100578
Q8IXF0	Q61045
Q8IXF0	Q14190
XP_225963	XP_225963
XP_225963	Q9CYC6
XP_225963	Q8IU60
Q7Z7C8-4	Q7Z7C8-4
Q7Z7C8-4	Q9EQH4
Q7Z7C8-4	D3ZY89
Q7Z7C8-4	Q7Z7C8
L0R6Q1	L0R6Q1
P39949	P39949
P39949	Q61457
P39949	P24864
P39949	Q9Z238
P39949	O96020
Q8MJN0	Q8MJN0
Q8MJN0	Q9BWH2
Q8MJN0	Q9D6K8
Q8MJN0	Q8IVP5
Q8MJN0	Q9DB70
Q8MJN0	Q5BJS4
Q8MJN0	D3ZAQ0
A0A1B0GTK4	A0A1B0GTK4
A0A1B0GTK4	A0A1B0GVD1
P04075-2	P04075-2
P04075-2	P05063
P04075-2	P09972
P04075-2	P09117
P04075-2	P00883
P04075-2	P05065
P04075-2	P05064
P04075-2	Q9CPQ9
P04075-2	P79226
P04075-2	Q91Y97
P04075-2	P05062
P04075-2	P04075
P04075-2	P00884
Q96MZ0-4	Q96MZ0-4
Q96MZ0-4	Q8VE33
Q96MZ0-4	Q96MZ0
Q96MZ0-4	D4A5X7
Q96MZ0-4	Q8TB36-2
Q96MZ0-4	O88741
Q96MZ0-4	Q8TB36
Q96MZ0-4	B4F774
Q96BJ8-3	Q96BJ8-3
Q96BJ8-3	Q499U2
Q96BJ8-3	Q96BJ8
Q96BJ8-3	Q8BYZ7
Q96BJ8-3	G3V982
Q96BJ8-3	Q96JJ3
Q96BJ8-3	Q8BHL5
Q96BJ8-3	D3ZY46
Q96BJ8-3	Q8BPU7
Q96BJ8-3	Q92556
Q86UQ4-4	Q86UQ4-4
Q86UQ4-4	Q86UQ4
Q86UQ4-4	Q5SSE9
Q86UQ4-4	E9Q876
Q86UQ4-4	Q86UK0
Q86UQ4-4	A0A0G2K1Q8
Q86UQ4-4	Q8R420
Q86UQ4-4	Q99758
Q86UQ4-4	O35600
Q86UQ4-4	P78363
Q86UQ4-4	Q8IZY2
Q86UQ4-4	Q7TNJ2
Q86UQ4-4	Q91V24
Q86UQ4-4	O95477_VAR_11555T
Q86UQ4-4	O95477
Q86UQ4-4	Q80ZB2
Q86UQ4-4	P41233
Q86UQ4-4	D4ACN5
Q86UQ4-4	Q6XBG2
Q86UQ4-4	E9PU17
Q86UQ4-4	E9PX95
Q86UQ4-4	Q9BZC7-3
Q86UQ4-4	Q9ESR9
Q86UQ4-4	Q9BZC7
Q86UQ4-4	P41234
Q86UQ4-4	M0R7Y5
Q86UQ4-4	Q6XBG3
Q86UQ4-4	Q6XBG1
Q8TD31-2	Q8TD31-2
Q8TD31-2	Q0D2L7
Q8TD31-2	Q8TD31
Q8TD31-2	Q8K2I2
Q9UJX5-3	Q9UJX5-3
Q9UJX5-3	Q91W96
Q9UJX5-3	D3ZUB7
Q9UJX5-3	Q9UJX5
Q5I0J9	Q5I0J9
Q5I0J9	Q9DCQ2
Q5I0J9	A6ND91
P58195	P58195
P58195	Q9JJ00
P58195	O15162
P58195	Q9DCW2
P58195	Q6AYD7
P58195	Q9NRY7
P58195	Q9JIZ9
P58195	Q9NRY6
P58195	Q6QBQ4
P58195	J3QM92
P58195	A0PG75
P58195	Q9NRQ2
P58195	P58196
P58195	Q6QBQ3
Q5VT66-2	Q5VT66-2
Q5VT66-2	Q5VT66
Q5VT66-2	Q9CW42
Q5VT66-2	Q969Z3
Q5VT66-2	Q922Q1
Q5VT66-2	O88994
Q76M96-2	Q76M96-2
Q76M96-2	Q76M96
Q76M96-2	Q8R2G6
Q76M96-2	Q6QD51
Q9UBK9-2	Q9UBK9-2
Q9UBK9-2	Q9WTZ0
Q9UBK9-2	Q9UBK9
Q9UBK9-2	Q63ZY7
Q9UPW5-3	Q9UPW5-3
Q9UPW5-3	G3V8G1
Q9UPW5-3	Q9UPW5
Q9UPW5-3	Q641K1
Q9UPW5-3	Q09M05
Q9UPW5-3	Q96MI9
Q9UPW5-3	Q09LZ8
Q9UPW5-3	Q5VU57
Q07699-2	Q07699-2
Q07699-2	P97952
Q07699-2	Q07699
Q07699-2	Q00954
Q07699-2	Q9JK00
Q07699-2	Q9NY72
Q07699-2	Q8BHK2
Q99489-3	Q99489-3
Q99489-3	Q99489-4
Q99489-3	D3ZDM7
Q99489-3	Q922Z0
Q99489-3	Q99489
Q99489-3	P14920
Q99489-3	O35078
Q99489-3	P18894
O75354	O75354
O75354	Q3U0P5
O75354	Q9ER31
O75354	O75356
O75354	Q6P6S9
O75354	Q9WUZ9
Q9UHR6	Q9UHR6
Q9UHR6	B5DEI7
Q9UHR6	Q9QY66
Q8VIG6	Q8VIG6
Q8VIG6	B1WC52
Q8VIG6	Q9BWF2
Q6SJQ7	Q6SJQ7
Q6SJQ7	Q8VCH2
Q6SJQ7	Q6SJQ5
Q6SJQ7	Q566E6
Q6SJQ7	Q8TDQ1-6
Q6SJQ7	Q8TDQ1
Q6SJQ7	Q6UXZ3
Q6SJQ7	Q3U497
Q5U4N7	Q5U4N7
Q86XE3	Q86XE3
Q86XE3	Q9CTY5
Q86XE3	Q8IYU8
Q86XE3	Q8CD10
Q86XE3	Q99P63
Q8C2L6	Q8C2L6
Q8C2L6	F1LX74
Q8C2L6	Q8NDZ6
Q8C2L6	Q8VCA6
Q8C2L6	Q9NX61
Q07283	Q07283
Q07283	NP_001156570
Q07283	P31949
Q07283	Q862H7
Q07283	Q6B345
Q07283	P50543
Q07283	XP_575255
Q07283	P08207
Q07283	P05943
Q07283	P60903
Q6ZTQ3	Q6ZTQ3
Q6ZTQ3	Q4QR82
Q6ZTQ3	Q80UQ2-2
Q6ZTQ3	Q80UQ2
Q6ZTQ3	Q9H2L5-2
Q6ZTQ3	Q566C5
Q6ZTQ3	Q8CB96
Q6ZTQ3	Q9H2L5
Q6ZTQ3	Q8BMS9
Q6ZTQ3	P50749
Q6ZTQ3	Q3B7D5
Q9NRR4	Q9NRR4
Q9NRR4	E9PTR3
Q9NRR4	Q9NRR4-2
Q9NRR4	Q9NRR4-3
Q9NRR4	Q9NRR4-4
Q9NRR4	Q5HZJ0
Q16891	Q16891
Q16891	Q8CAQ8-3
Q16891	Q16891-4
Q16891	Q16891-3
Q16891	Q16891-2
Q16891	Q3KR86
Q16891	Q8CAQ8
Q9NPL8	Q9NPL8
Q9NPL8	Q8BUY5
Q9NPL8	Q6AY94
P09926	P09926
P09926	Q15527
P09926	G3V6N4
Q15633	Q15633
Q15633	Q15633-2
Q15633	Q3SWU0
Q15633	P97473
Q15633	Q4V8C7
Q15633	O75569
Q15633	Q9WTX2
Q6YHU6	Q6YHU6
Q6YHU6	Q6YHU6-2
Q6YHU6	A8C756
Q6YHU6	D3ZVT2
Q96MW1	Q96MW1
Q96MW1	Q5BK07
Q96MW1	Q9CR29
Q96MW1	Q96MW1-2
Q9NWN3	Q9NWN3
Q9NWN3	Q80XI1
Q9NWN3	Q4KLY2
Q9NWN3	Q6PJ61
Q9NWN3	Q8BG80
Q8N1N0	Q8N1N0
Q8N1N0	P10716
Q8N1N0	P70194
Q8N1N0	Q8VBX4
Q8N1N0	Q9UJ71
Q969H4	Q969H4
Q969H4	Q969H4-2
Q969H4	Q14CE3
Q969H4	Q499S0
P86791	P86791
P86791	A0A140UHX9
P86791	Q8C1Y8
P86791	Q6AYE1
P86791	P86790
Q6PFY8-2	Q6PFY8-2
Q6PFY8-2	Q9H8W5
Q6PFY8-2	Q6PFY8
Q74YY8	Q74YY8
Q0VF49	Q0VF49
Q0VF49	Q6GQX7
Q8VDR7	Q8VDR7
Q8VDR7	O95455
A6NML5	A6NML5
A6NML5	Q8C6V3
Q8R258	Q8R258
Q8R258	Q8R257
Q8R258	W4VSP8
Q8R258	Q8R2C5
Q8R258	Q5J3M7
Q8R258	K7N778
Q8R258	Q8R2E3
Q8R258	Q8R2E4
Q8R258	Q8R2D5
Q8R258	Q5J3L2
Q8R258	Q9EQ36
Q8R258	Q8R2C6
Q8R258	Q8R2E2
Q8R258	Q8R2C2
Q8R258	Q8R2D2
Q12893	Q12893
Q12893	D3ZE59
Q12893	Q9WUH1
Q8R400	Q8R400
Q8R400	Q0VDE8
Q96H15	Q96H15
Q96H15	Q6U7R4
Q8IWF6	Q8IWF6
Q8IWF6	D4A544
Q8IWF6	Q8NEG7
Q8IWF6	Q8BH65
Q8IWF6	Q9D9V7
P49760-2	P49760-2
Q6P087	Q6P087
Q6P087	XP_006237106
Q6P087	Q14AI6
P07900-2	P07900-2
P07900-2	P34058
P07900-2	P08238
P07900-2	Q14568
P07900-2	P46633
P07900-2	Q91XW0
P07900-2	P07901
P07900-2	P07900
P07900-2	P11499
P07900-2	Q58FF7
P07900-2	Q58FG0
P07900-2	Q58FF8
P07900-2	Q58FF6
P07900-2	Q58FG1
P07900-2	Q58FF4
P07900-2	XP_001061885
P07900-2	P41148
P07900-2	P14625
P07900-2	P08113
P07900-2	Q66HD0
P07900-2	Q58FF3
P07900-2	Q5XHZ0
P07900-2	Q12931
P07900-2	Q9CQN1
Q9D552	Q9D552
Q9D552	Q96L03
Q9NRX3	Q9NRX3
Q9NRX3	Q4FZG9
Q9NRX3	B2RZD6
Q9NRX3	O00483
Q9NRX3	Q62425
Q9NRX3	Q5RK28
Q9NRX3	Q9C002
Q9NRX3	Q810Q5
P51172	P51172
P51172	Q9WU39
P51172	P37091
P51172	P51170
P51172	P37088-2
P51172	Q61180
P51172	P37088
P51172	P37089
Q9H9F9	Q9H9F9
Q9H9F9	D3ZAQ1
Q9H9F9	Q80US4
Q9C037	Q9C037
Q9C037	Q9C037-2
Q9C037	A6NK02
Q9C037	Q3UWZ0
Q9C037	Q9Y577
Q9C037	Q9Y577-2
Q9C037	Q7TPM3
Q9C037	Q9WV59
Q9C037	Q96F44
Q9C037	Q99PQ2
Q9C037	NP_001101746
Q9C037	Q96F44-2
Q8N8D9-2	Q8N8D9-2
D4A3S8	D4A3S8
D4A3S8	Q08J23
D4A3S8	Q1HFZ0
D4A3S8	Q08J23-2
Q9P260-2	Q9P260-2
Q9P260-2	Q9P260
Q9P260-2	Q148V7
Q9P260-2	D3ZJ01
A7E2V4-2	A7E2V4-2
A7E2V4-2	E1BCX3
A7E2V4-2	A7E2V4
A7E2V4-2	A7E2V4-4
A7E2V4-2	Q3UHH1
A7E2V4-2	NP_001258204
Q13352-5	Q13352-5
Q13352-5	Q13352
Q13352-5	Q5U1Z7
Q13352-5	Q9CQ82
A6PWV3	A6PWV3
A6PWV3	Q5VZ72
A6PWV3	A6PWV3-2
P0DPA3	P0DPA3
Q3UWS6	Q3UWS6
Q3UWS6	A0A1B0GUC4
P35520-2	P35520-2
P35520-2	P32232
P35520-2	NP_001340938
P35520-2	P35520
P35520-2	Q91WT9
Q7LBE3-2	Q7LBE3-2
Q7LBE3-2	Q7LBE3
Q7LBE3-2	Q8BU91
Q7LBE3-2	Q9R155
Q7LBE3-2	O43511
Q7LBE3-2	Q9R154
Q7LBE3-2	P40879
Q7LBE3-2	Q924C9
Q7LBE3-2	D3Z9I5
Q7LBE3-2	Q8CIW6
Q7LBE3-2	O70531
Q7LBE3-2	Q62273
Q7LBE3-2	P50443
Q7LBE3-2	P58743
Q7LBE3-2	Q99NH7
Q7LBE3-2	P58743-2
Q7LBE3-2	Q9EPH0
Q7LBE3-2	Q9BXS9
Q7LBE3-2	Q9BXS9-3
Q7LBE3-2	Q8TE54-2
Q7LBE3-2	D3Z8P6
Q7LBE3-2	Q8R2Z3
Q7LBE3-2	Q8TE54
Q7LBE3-2	Q5EBI0
Q7LBE3-2	Q8NG04
Q9UBB6-3	Q9UBB6-3
Q9UBB6-3	Q9Z0E0
Q9UBB6-3	Q9UBB6
Q9UBB6-3	O35095
A0A1B0GVR7	A0A1B0GVR7
A0A1B0GVR7	J3QNP9
A0A1B0GVR7	A0A1B0GVZ2
A0A1B0GVR7	A0A1B0GVK7
M0RB75	M0RB75
M0RB75	ENSMUSP00000116789
M0RB75	Q8VCD7
M0RB75	NP_001100133
M0RB75	Q91VY5
M0RB75	O94953
M0RB75	O75164
M0RB75	Q8BW72
M0RB75	A0A0G2K5I7
M0RB75	Q9H3R0
M0RB75	A0A1W2PPD8
M0RB75	A1A5Q5
M0RB75	Q6B0I6
M0RB75	Q3U2K5
M0RB75	B2RXH2
Q8R2I7	Q8R2I7
Q8R2I7	Q32ZI2
Q8R2I7	Q8R2I8
Q8R2I7	Q8R2I6
Q8R2I7	P60022
Q8R2I7	P56386
Q8R2I7	O89117
Q8R2I7	Q32ZI1
Q8R2I7	Q32ZI0
P0DKR2	P0DKR2
P0DKR2	Q66JZ4
P0DKR2	Q8N3R3
Q7TN50	Q7TN50
Q5JS54-2	Q5JS54-2
Q5JS54-2	B2RZB8
Q5JS54-2	Q5JS54
Q5JS54-2	P0C7N9
A0A2R8Y7Y5	A0A2R8Y7Y5
NP_597784	NP_597784
O35930	O35930
O35930	D3ZQU7
O35930	P07359
O00453	O00453
O00453	O08843
Q3LHN2	Q3LHN2
Q3LHN2	Q3LI61
Q3LHN2	Q3LI68
Q5U4E6	Q5U4E6
Q5U4E6	Q91VW5
Q5U4E6	E1B7E3
Q5U4E6	Q13439-5
Q5U4E6	Q13439
Q5U4E6	Q13439-3
NP_001101556	NP_001101556
NP_001101556	Q8BL66
NP_001101556	Q15075
Q80XH2	Q80XH2
Q80XH2	P70628
Q80XH2	Q9BZV3
Q99558	Q99558
Q99558	Q9WUL6
Q9BUB5	Q9BUB5
Q9BUB5	O08605
Q9BUB5	Q4G050
Q9BUB5	Q9BUB5-2
Q9BUB5	Q9HBH9
Q9BUB5	Q9HBH9-2
Q9BUB5	Q5U2N4
Q9BUB5	Q8CDB0
Q9BUB5	AAF26669
XP_574313	XP_574313
XP_574313	Q15007-2
XP_574313	Q9ER69
XP_574313	Q15007
Q9UER7	Q9UER7
Q9UER7	O35613
Q9UER7	Q8VIB2
P46061	P46061
P46061	P46060
P46061	F1MFD5
P46061	ENSRNOP00000050029
Q9H8G2	Q9H8G2
Q9H8G2	Q8VDY9
Q9H8G2	G3V6Y7
Q9NWT1	Q9NWT1
Q9NWT1	Q32PZ0
Q9NWT1	Q9DCE5
Q80VM4	Q80VM4
Q80VM4	Q8NAF0
P49750	P49750
P49750	P49750-3
P49750	P49750-1
P49750	Q9R0I7
P49750	D3YWX2
P49750	XP_234416
Q9BYM8	Q9BYM8
Q9BYM8	Q62921
Q9BYM8	Q9BYM8-3
Q9BYM8	Q9BYM8-4
Q9BYM8	Q9WUB0
Q9BYM8	Q9H0F6
Q9BYM8	Q9EQL9
Q9BYM8	Q91WA6
Q9BZ72	Q9BZ72
Q9BZ72	Q6ZPQ6
Q9BZ72	O00562
Q9BZ72	O35954
Q9BZ72	O00562-2
Q9BZ72	Q5U2N3
Q9BZ72	Q9BZ71
Q9BZ72	Q3UHE1
Q9BZ72	M0RDK4
Q9BZ72	NP_001100609
Q9BZ72	F1N662
Q9BZ72	Q6ZPQ6-2
Q9BZ72	P48739-3
Q9BZ72	Q8JZZ5
Q9BZ72	P53812
Q9BZ72	P53811
Q9BZ72	P53810
Q9BZ72	P48739
Q9BZ72	Q00169
Q9BZ72	P48739-2
Q9BZ72	P16446
Q9BZ72	Q8K4R4
Q9BZ72	Q9UKF7-2
Q9BZ72	XP_038943360
Q9BZ72	Q9UKF7
Q64323	Q64323
Q64323	P37287
Q92734	Q92734
Q92734	Q9Z1A1
Q92734	Q6AYR1
C0HKG5	C0HKG5
C0HKG5	O00584
C0HKG5	D3ZCH6
Q13103	Q13103
Q13103	Q8K1I3
Q13103	Q62740
Q9NR71	Q9NR71
Q9NR71	Q9JHE3
Q9NR71	Q9NR71-2
Q9NR71	P0C7U1
Q9NR71	Q91XT9
Q8N5A5	Q8N5A5
Q8N5A5	Q8N5A5-2
Q8N5A5	Q8N5A5-3
Q8N5A5	Q8VDM1
Q8N5A5	Q5PPF5
Q8BGE9	Q8BGE9
Q8BGE9	Q9NSD7
Q8BGE9	Q7TQP4
Q8BGE9	Q8TDU9
Q8BGE9	Q99788
Q8BGE9	O35786
Q8BGE9	P97468
Q8BGE9	P33766
Q8BGE9	D4A7Q2
Q8BGE9	P49681
Q8BGE9	P48145
Q8BGE9	Q56UD9
Q8BGE9	P21462
Q8BGE9	O75388
Q8BGE9	Q8NGA4
Q8BGE9	P25089
Q8BGE9	O88536
Q8BGE9	P25090
Q8BGE9	O08790
Q8BGE9	D4A7A9
Q8BGE9	Q3SXG2
Q8BGE9	Q71MR7
Q8BGE9	A4FUQ5
Q8BGE9	O88537
Q8BGE9	P30935
Q8BGE9	P32745
Q8BGE9	P30936
Q8BGE9	P35377
Q8BGE9	P35370
Q8BGE9	P30873
Q8BGE9	P30872
Q8BGE9	P28646
Q8BGE9	P30875
Q8BGE9	P30874
Q8BGE9	P30680
Q8BGE9	P31391
Q8BGE9	P30937
Q8BGE9	P49660
Q8BGE9	P35346
Q8BGE9	P30938
Q8BGE9	O08858
Q8BGE9	O88853
Q8BGE9	O60755
Q8BGE9	O88626
Q8BGE9	Q62805
Q8BGE9	P47211
Q8BGE9	P56479
Q8BGE9	Q9H1C0
Q8BGE9	Q149R9
Q8BGE9	Q9HC97-2
Q8BGE9	Q9HC97
Q8BGE9	Q9ES90
Q8BGE9	Q14330
Q8BGE9	Q8K1Z6
Q8BGE9	A1A5S3
Q8BGE9	Q969F8
Q8BGE9	Q924U1
Q8BGE9	Q91V45
Q8BGE9	Q969V1
Q8BGE9	P35372-5
Q8BGE9	P32300
Q8BGE9	P41143
Q8BGE9	P41146
Q8BGE9	P33533
Q8BGE9	P33535
Q8BGE9	P42866
Q8BGE9	P35372
Q8BGE9	P34975
Q8BGE9	P41145
Q8BGE9	P33534
Q8BGE9	O43603
Q8BGE9	O08726
Q8BGE9	O88854
Q8BGE9	P46091
Q8BGE9	P46090
Q8BGE9	Q8K087
Q8BGE9	Q99705
Q8BGE9	P97639
Q8BGE9	Q8JZL2
Q96BF3	Q96BF3
Q96BF3	Q96BF3-2
Q68DH5	Q68DH5
Q68DH5	D3ZUP8
Q68DH5	Q8C561
P49454	P49454
P49454	E9PT83
P49454	Q155P7
O75976	O75976
O75976	O75976-2
O75976	Q9JHW1
O75976	O89001
O75976	P16870
O75976	Q00493
O75976	P15087
O75976	Q96SM3
O75976	Q9Z100
O75976	P14384
O75976	Q80V42
O75976	Q8R4V4
O75976	Q66K79
O75976	O54858
O75976	Q9D2L5
O75976	Q8N436
O75976	P15169
O75976	Q9EQV8
O75976	Q9JJN5
Q99MI1	Q99MI1
Q99MI1	Q8IUD2
Q99MI1	Q8IUD2-2
Q99MI1	Q8IUD2-4
Q99MI1	Q811U3
Q99MI1	Q99MI1-2
Q99MI1	Q8K3M6
Q99MI1	Q6PH08
Q99MI1	O15083
Q3MIT2	Q3MIT2
Q3MIT2	NP_001388093
Q3MIT2	Q9D3U0
F8WIG2	F8WIG2
F8WIG2	O88881
F8WIG2	Q68EF6
F8WIG2	Q9BUH8
Q9NZT2	Q9NZT2
Q9NZT2	Q9NZT2-2
Q9NZT2	Q99PG2
Q9NZT2	Q9QXY4
Q9NZT2	Q4KLH3
Q9NZT2	Q5TC84
Q9NZT2	Q8VE52
O88958	O88958
O88958	Q9CRC9
O88958	Q8TDQ7
O88958	B5DEZ6
O88958	P46926
O88958	B5DFC6
P16278	P16278
P16278	D3ZUM4
P16278	P23780
P16278	Q5JCS8
P16278	Q8NCI6
P16278	A2RSQ1
P16278	Q5XIL5
P16278	D3ZHQ5
P16278	Q8IW92
P16278	Q3UPY5
P16278	Q6UWU2
P16278	Q8VC60
P16278	B1WBS6
P70347	P70347
P70347	F1M101
P70347	Q92844
Q62130	Q62130
Q62130	D3ZSL5
Q62130	Q15678
Q62130	F1MRH9
Q62130	Q62136
Q62130	Q62728
Q62130	Q16825
Q86Y26	Q86Y26
Q86Y26	D3ZMR4
Q86Y26	Q8BHP2
Q86Y26	A6NNL0
Q86Y26	Q5VT03
Q86Y26	B1AL46
Q86Y26	Q8IVF1
Q86Y26	A1L443
Q86Y26	Q5VZR2
Q86Y26	Q3V0C3
Q9Y2Y4	Q9Y2Y4
Q9Y2Y4	Q9JKD9
A1EC95	A1EC95
A1EC95	Q6AI08
A1EC95	Q6P1G0
Q92626	Q92626
Q92626	Q3UQ28
Q92626	XP_001053103
Q92626	P22079
Q92626	ABN41562
Q92626	Q5SW46
Q92626	P80025
Q92626	P05164-3
Q92626	P11678
Q92626	P49290
Q92626	D3ZSY4
Q92626	D3ZGE2
Q92626	P11247
Q92626	P05164
Q92626	P07202
Q92626	P35419
Q92626	P14650
Q92626	A1KZ92
Q13007	Q13007
Q13007	Q9JI24
Q13007	Q925S4
Q61190	Q61190
Q61190	Q08334
Q80V86	Q80V86
Q80V86	D3ZLQ6
Q80V86	Q75QN2
Q9UPU3	Q9UPU3
Q9UPU3	Q8VI51
Q9UPU3	NP_001099837
Q9UPU3	Q8WY21-2
Q9UPU3	Q9JLC4
Q9UPU3	Q8WY21
Q9UPU3	Q9EPR5
Q9UPU3	NP_001100695
Q9UPU3	Q96PQ0
Q9NVD3	Q9NVD3
Q9NVD3	Q8VHU2
Q9NVD3	P58467
G5E874	G5E874
G5E874	F1LRH4
G5E874	Q13753
O43157	O43157
O43157	D3ZDX5
O43157	Q8CJH3
O43157	B2RXS4
O43157	O15031
O43157	D3ZQ57
O43157	Q9Y4D7
O43157	Q9Y4D7-2
O43157	Q3UH93
O43157	Q9QZC2
O43157	O60486
O43157	D3Z981
O43157	P70206
O43157	Q9UIW2
O43157	P70207
O43157	O75051
O43157	D3ZWP6
O43157	Q9HCM2
O43157	Q9HCM2-2
O43157	Q80UG2
O43157	D3ZPX4
O43157	P70208
O43157	P51805
O43157	Q9ULL4-2
O43157	Q9ULL4
O43157	D3ZLH5
O43157	Q9QY40
Q9UBT7	Q9UBT7
Q9UBT7	D4A739
Q9UBT7	O88327
Q6P9J5	Q6P9J5
Q6P9J5	D4A6X3
Q6P9J5	Q5T7N3
Q6P9J5	NP_001095523
Q640L5	Q640L5
Q640L5	Q5T9S5
Q9NW75	Q9NW75
Q9NW75	Q7TQC7
Q9NW75	Q9NW75-2
Q9NW75	Q6PE65
Q9NW75	D3ZUP4
Q9NW75	Q9NWQ4
Q9NW75	Q6AY15
Q9HCE9	Q9HCE9
Q9HCE9	D3ZNN7
Q9HCE9	Q9HCE9-2
Q9HCE9	Q6PB70
Q96IV6	Q96IV6
Q96IV6	O35532
Q96IV6	Q15800
Q96IV6	Q9CRA4
P78413-2	P78413-2
P78413-2	Q9ER75
P78413-2	P78412
P78413-2	Q9QY61
P78413-2	P78413
P78413-2	P78411
P78413-2	P81067
P78413-2	P78415
P78413-2	Q9BZI1
P78413-2	D4A9L1
P78413-2	P78414
P78413-2	P81068
P78413-2	Q45V74
P78413-2	Q9JKQ4
P78413-2	Q9PU52
P78413-2	P81066
A0A1B0GVQ0	A0A1B0GVQ0
A0A1B0GVQ0	A0A1B0GVQ0-2
A0A1B0GVQ0	A0A1B0GSZ0
A0A0U1RRE5	A0A0U1RRE5
E9Q7F5	E9Q7F5
E9Q7F5	A0A1B0GTR0
Q9Y6Z4	Q9Y6Z4
Q9Y6Z4	Q9Y6Z4-2
L0R819	L0R819
P10796	P10796
P10796	P10797
P10796	P10795
P0DPQ6	P0DPQ6
P0DPQ6	A0A2R8VHR8
Q9ULU8-4	Q9ULU8-4
Q9ULU8-4	Q9ULU8-2
Q9ULU8-4	Q9ULU8
Q9ULU8-4	Q62717
Q9ULU8-4	Q8BYR5-2
Q9ULU8-4	Q8BYR5
Q9ULU8-4	XP_001060172
Q9ULU8-4	Q80TJ1
Q9ULU8-4	Q86UW7
Q9ULU8-4	Q86UW7-2
A8MUL3	A8MUL3
Q9NR97-2	Q9NR97-2
Q9NR97-2	Q9NR97
Q9NR97-2	P58682
Q9NR97-2	P58681
Q9NR97-2	Q9NYK1
Q9NR97-2	Q9NR96-4
Q9NR97-2	Q9NR96
Q9NR97-2	Q9EQU3
Q6AXX9	Q6AXX9
Q6AXX9	Q497M3
Q6AXX9	Q8WW27
A0A1W2PS18	A0A1W2PS18
A0A1W2PS18	Q8CES1
F7FIR9	F7FIR9
F7FIR9	Q9D410
F7FIR9	Q9D9R7-3
F7FIR9	Q9D9R7
Q3B7T3-3	Q3B7T3-3
E9Q649	E9Q649
E9Q649	Q9P109
E9Q649	F1M5G4
E9Q649	Q8N0V5
E9Q649	Q6T5E4
E9Q649	Q8N0V5-3
E9Q649	Q8N0V5-2
E9Q649	P97402
E9Q649	Q09324
E9Q649	Q02742
E9Q649	Q64165
E9Q649	O95395
E9Q649	Q8CH87
E9Q649	Q5JCT0
E9Q649	Q3V3K7
E9Q649	Q6ZNI0
Q9Y5L0-1	Q9Y5L0-1
Q9Y5L0-1	Q6P2B1
Q9Y5L0-1	D4AAM0
Q9Y5L0-1	Q6P2B1-3
Q9Y5L0-1	Q9Y5L0
Q9Y5L0-1	Q9Y5L0-5
Q9P2R3-4	Q9P2R3-4
Q9P2R3-4	D4A1J6
Q9P2R3-4	Q810B6
Q9P2R3-4	Q9P2R3-2
Q9P2R3-4	Q9P2R3
Q9P2R3-4	XP_005220321
A7E3N2	A7E3N2
A7E3N2	P19878
A7E3N2	P19878-3
A7E3N2	P19878-2
A7E3N2	P19878-4
A7E3N2	O70145
Q5T7P6	Q5T7P6
Q96KN4-2	Q96KN4-2
Q96KN4-2	Q96KN4
Q96KN4-2	D3YXJ5
Q96KN4-2	Q96KN1
Q96KN4-2	D3ZV96
Q96KN4-2	Q9D650
Q14694-2	Q14694-2
Q14694-2	P52479
Q14694-2	Q3KR59
Q14694-2	Q14694
Q14694-2	Q14694-3
Q3UPE3	Q3UPE3
Q3UPE3	Q96E14
Q3UPE3	D4ACT0
Q96Q89-2	Q96Q89-2
Q96Q89-2	Q96Q89
Q96Q89-2	Q96Q89-4
Q96Q89-2	Q96Q89-3
Q96Q89-2	Q96Q89-5
Q96Q89-2	D3ZX13
Q96Q89-2	Q80WE4
Q96Q89-2	O95235
Q96Q89-2	P97329
Q96Q89-2	B1WC01
P0DOY5	P0DOY5
O08546	O08546
A0A1B0GUV7	A0A1B0GUV7
F1MT78	F1MT78
F1MT78	Q96AP7
F1MT78	Q6AYD4
F1MT78	Q925F2
NP_001192870	NP_001192870
NP_001192870	F1LX30
NP_001192870	Q8TER5-3
NP_001192870	Q3UPH7
NP_001192870	Q8TER5-4
NP_001192870	Q8TER5
NP_001192870	Q96PX9
NP_001192870	Q58EX7
NP_001192870	Q6KAT2
Q9Y3F4-2	Q9Y3F4-2
Q9Y3F4-2	Q9Y3F4
Q9Y3F4-2	Q5XIG8
Q9Y3F4-2	Q9Z1Z2
P10896	P10896
Q9NXE4-4	Q9NXE4-4
Q9NXE4-4	Q9NXE4
Q9NXE4-4	Q6ZPR5
Q9NXE4-4	Q6ZPR5-3
Q9NXE4-4	NP_001161278
Q9NXE4-4	Q9NXE4-2
P0DI81-3	P0DI81-3
P0DI81-3	P0DI82
P0DI81-3	D3ZVF4
P0DI81-3	Q8R3W2
P0DI81-3	Q9CQP2
P0DI81-3	P0DI81
A0JPP4	A0JPP4
A0JPP4	Q9D5A0
A0JPP4	Q6UW49
Q9NX14-2	Q9NX14-2
Q9NX14-2	Q9NX14
Q9NX14-2	O09111
Q9NX14-2	D4A7L4
A2VDJ0-5	A2VDJ0-5
A2VDJ0-5	A2VDJ0
A2VDJ0-5	A2VDJ0-6
A2VDJ0-5	A2VDJ0-3
A2VDJ0-5	Q3U3D7
A8MXQ7	A8MXQ7
A8MXQ7	Q3TYL0
Q8K1M5	Q8K1M5
Q8K1M5	Q3V2F0
Q8K1M5	Q8N729
Q6AXX1	Q6AXX1
Q6AXX1	Q499Z3
Q6AXX1	Q8BHW9
Q15109-6	Q15109-6
Q15109-6	Q15109
Q15109-6	Q15109-4
Q15109-6	Q62151
Q15109-6	Q63495
Q15109-6	Q15109-2
Q15109-6	Q15109-9
Q15109-6	Q15109-8
Q7Z5K2-3	Q7Z5K2-3
Q7Z5K2-3	Q7Z5K2-2
Q7Z5K2-3	Q7Z5K2
Q7Z5K2-3	D4ADT3
Q7Z5K2-3	Q65Z40
A0A087WZ82	A0A087WZ82
A0A087WZ82	Q9D164
A0A087WZ82	Q9H0Q3
A0A087WZ82	P54710-2
A0A087WZ82	Q91XV6
A0A087WZ82	P54710
A0A087WZ82	Q9Z239
A0A087WZ82	O08589
A0A087WZ82	P56513
A0A087WZ82	O00168
A0A087WZ82	P58550
A0A087WZ82	Q04646
A0A087WZ82	Q04679
A0A087WZ82	Q04646-2
Q9Y5P6-2	Q9Y5P6-2
Q9Y5P6-2	D4A746
Q9Y5P6-2	Q9Y5P6
Q9Y5P6-2	Q8BTZ7
XP_038940535	XP_038940535
XP_038940535	Q5DTI6
XP_038940535	A0AUZ9
D3YWX3	D3YWX3
H7BZ11	H7BZ11
H7BZ11	P83883
H7BZ11	XP_355309
H7BZ11	Q3SZ59
H7BZ11	D0VWQ4
H7BZ11	Q969Q0
H7BZ11	P83882
H7BZ11	P83881
Q5J2D6	Q5J2D6
Q5J2D6	Q6K1E7
Q5J2D6	Q5YKI7
A0A1B0GUY1	A0A1B0GUY1
XP_003752181	XP_003752181
XP_003752181	O15226-2
XP_003752181	Q8BY02
XP_003752181	O15226
XP_038969186	XP_038969186
XP_038969186	Q6ZWQ0
XP_038969186	Q8WXH0-2
XP_038969186	Q8WXH0-5
XP_038969186	Q8WXH0
NP_001100109	NP_001100109
NP_001100109	Q8N6M0
NP_001100109	Q8K2H2
NP_001100109	Q6IE21
NP_001100109	Q7L8S5
XP_217313	XP_217313
XP_217313	Q16740
XP_217313	O88696
Q9NWB6-2	Q9NWB6-2
Q9NWB6-2	Q5BJT0
Q9NWB6-2	Q3UL36
Q9NWB6-2	Q9NWB6
Q9BYC9-2	Q9BYC9-2
Q9BYC9-2	Q9BYC9
Q9BYC9-2	Q9CQL4
Q9BYC9-2	Q2TBR2
Q9BYC9-2	B2GV62
D4A0Q3	D4A0Q3
D4A0Q3	Q9EP82
D4A0Q3	P57081
Q8R0W0	Q8R0W0
Q8R0W0	XP_001059215
Q8R0W0	XP_003583066
Q8R0W0	P58107
Q12873-3	Q12873-3
Q12873-3	H7C0J3
Q12873-3	Q2KMK7
Q12873-3	B1AR17
Q12873-3	Q12873
Q12873-3	Q12873-2
Q12873-3	Q14839-2
Q12873-3	Q6PDQ2
Q12873-3	Q14839
Q12873-3	E9PU01
Q12873-3	E9QAS5
Q12873-3	Q8TDI0
Q12873-3	A2A8L1
Q12873-3	D3ZD32
Q12873-3	D4ACG6
Q12873-3	Q86WJ1
Q12873-3	Q9CXF7
Q12873-3	Q86WJ1-4
Q12873-3	Q86WJ1-2
Q12873-3	B4DDE1
Q12873-3	P51532
Q12873-3	Q3TKT4
Q12873-3	P51532-4
Q12873-3	P51532-2
Q12873-3	Q8K1P7
Q12873-3	P51532-3
Q12873-3	Q6DUH4
Q12873-3	P51531-2
Q12873-3	Q6DIC0
Q12873-3	P51531
XP_341394	XP_341394
XP_341394	Q8R2S9
XP_341394	Q9H981
XP_341394	Q9H981-2
P41271-2	P41271-2
P41271-2	Q06880
P41271-2	P41271
P41271-2	Q61477
Q8K1L6	Q8K1L6
Q8K1L6	Q96GX8
P10415	P10415
P10415	P49950
P10415	P10417
P10415	Q07812-2
P10415	Q07812
P10415	Q63690
P10415	Q07812-5
P10415	Q07812-8
P10415	Q07813
P10415	W5PSA7
P10415	Q16611
P10415	O08734
P10415	Q9JK59
P06748	P06748
P06748	P13084-2
P06748	P13084
P06748	P06748-3
P06748	P06748-2
P06748	Q61937
P06748	Q86SE8
P06748	Q80W85
P06748	O75607
P06748	Q9CPP0
P06748	D3ZYK9
P85037	P85037
P85037	F1MP14
P85037	P42128
P85037	D3ZU55
P85037	P85037-2
P85037	Q01167
P85037	NP_001388790
P85037	Q3UCQ1
P85037	Q01167-2
P85037	Q12952
P85037	Q64731
P85037	A0A1W2PRP0
P85037	J3QP53
P85037	O43638
P85037	Q61574
P85037	A8MTJ6
P85037	D3ZLN2
P85037	D3Z120
P85037	Q12951
P85037	Q922I5
P85037	P58012
P85037	O88470
P97479	P97479
P97479	Q13402
P97479	F1M885
P97479	Q6PIF6
P97479	Q99MZ6
P97479	XP_001080410
P97479	Q9D6A1
P97479	Q8N1T3
P97479	Q8N1T3-3
Q9Z138	Q9Z138
Q9Z138	Q01974
Q9Z138	D3ZNY8
Q9Z138	Q01973
Q9Z138	Q9Z139
Q9Z138	NP_001102141
Q9Z138	Q01973-3
Q9R1D1	Q9R1D1
Q9R1D1	P49711
Q9R1D1	Q61164
Q9R1D1	Q08705
Q9R1D1	Q8NI51
Q9R1D1	A2APF3
Q9R1D1	Q86XF7
Q9R1D1	Q3TXZ1
A2AQ19	A2AQ19
A2AQ19	D3ZLH8
A2AQ19	Q92541
A5PLK6	A5PLK6
A5PLK6	Q8CDT4
Q8N114	Q8N114
Q8N114	Q5XIH2
Q8N114	Q96DD7
Q8N114	Q8CA71
Q8N114	Q9D7I0
Q80Z10	Q80Z10
Q80Z10	O75129
Q80Z10	E9Q8T4
Q80Z10	Q61137
Q80Z10	O14525
Q02242	Q02242
Q02242	D3ZIN8
Q02242	Q15116
Q9NVM6	Q9NVM6
Q9NVM6	D3ZSC8
Q9NVM6	XP_017450030
Q9NVM6	Q91WT4
Q9NVM6	Q9UKB3
Q9NVM6	Q9R022
Q9NVM6	Q925T0
Q9BY12	Q9BY12
Q9BY12	F1LRM0
Q9BY12	Q69ZJ3
Q7Z591	Q7Z591
Q7Z591	Q80VW7
Q7Z591	D3ZLV5
Q9Y6Y8	Q9Y6Y8
Q9Y6Y8	G3X928
Q9Y6Y8	NP_001128331
Q9Y6Y8	Q6NZC7
Q9Y6Y8	O94830
Q9Y6Y8	Q80Y98
Q9Y6Y8	D3ZJ91
Q9ERD6	Q9ERD6
Q9ERD6	Q0VGK1
Q9ERD6	Q86X27
Q9ERD6	A2AR50-3
Q9ERD6	A2AR50
Q9ERD6	Q5JS13
Q9ERD6	Q5JS13-2
Q9NRL2	Q9NRL2
Q9NRL2	Q9NRL2-2
Q9NRL2	NP_001164039
Q9NRL2	O88379
Q9NRL2	G3UWZ0
P61407	P61407
P61407	XP_001068575
P61407	O60522
Q9Y394	Q9Y394
Q9Y394	D4A0T8
Q9Y394	Q6I7R1
Q9Y394	Q9CXR1
Q9Y394	Q9Y394-2
Q9Y394	Q6IAN0
Q9Y394	Q99J47
Q9Y394	Q5RJY4
Q9Y394	A6NNS2
Q9Y394	A6NNS2-2
Q9Y394	D3ZGP9
Q9Y394	Q8CHS7
Q9Y394	Q9BY49
Q9Y394	Q9BY49-2
Q9Y394	Q99MZ7
Q9Y394	Q9WVK3
Q9Y394	Q7Z5J1
Q9Y394	P28845
Q9Y394	P50172
Q9Y394	P16232
Q8R2Y9	Q8R2Y9
Q8R2Y9	Q8BGW5
Q8R2Y9	Q96AH0
Q8R2Y9	Q3SWT1
Q8R2Y9	Q5FVP2
Q8R2Y9	Q9BQ15
Q5T011	Q5T011
Q5T011	A2A9C3
Q5T011	Q5T011-5
Q5T011	D3ZUQ8
Q658N2	Q658N2
Q658N2	Q505J3
Q658N2	Q80XH4
Q658N2	D4PHA7
Q658N2	Q2TBF2
Q6UVJ0	Q6UVJ0
Q6UVJ0	XP_006233289
Q6UVJ0	Q80UK7
Q0VDD7	Q0VDD7
Q0VDD7	Q6DIA7
A8MW92	A8MW92
A8MW92	A8MW92-4
A8MW92	Q8CCJ9
A8MW92	Q4V9H5
A8MW92	Q8CCJ9-4
A8MW92	A8MW92-2
A8MW92	D3ZQB7
A8MW92	Q8BLG0
A8MW92	Q9BVI0
A8MW92	Q9BVI0-2
Q96QU1	Q96QU1
Q96QU1	Q99PJ1-10
Q96QU1	XP_001075929
Q96QU1	Q96QU1-6
Q96QU1	Q99PJ1
Q9CZX2	Q9CZX2
Q9CZX2	B1WBZ3
Q9CZX2	Q96ST8
Q9CZX2	Q96ST8-3
Q5SPW0	Q5SPW0
Q5SPW0	Q9P1Q0-4
Q5SPW0	Q9JMK8
Q5SPW0	Q9P1Q0
Q5SPW0	Q5SPW0-2
Q9NQ40	Q9NQ40
Q9NQ40	Q9D6X5
Q9NQ40	Q4FZU9
Q9NQ40	B5MEV3
Q9NQ40	Q9D8F3
Q9NQ40	Q9NWF4
Q9NQ40	Q9HAB3
O14879	O14879
O14879	Q3UAB1
O14879	Q64345
O14879	E9PXF7
O14879	Q64282
O14879	Q9JJT1
O14879	Q3U687
O14879	Q13325
O14879	P09914
O14879	Q5T764
O14879	Q64112
O14879	Q4V8H9
O14879	P09913
Q9D952	Q9D952
Q9D952	A8MZ36
Q9D952	NP_001100536
Q9D952	Q92817
Q9D952	O60437_VAR_R819S
Q9D952	O60437
Q9D952	Q9R269
Q9D952	NP_001100446
P59114	P59114
P59114	D4A417
P59114	Q9H4Z3
Q9H582	Q9H582
Q9H582	Q9H582-2
Q9H582	D4A778
Q9H582	E9Q624
P13051	P13051
P13051	Q5BK44
P13051	P97931
P13051	P13051-2
D3ZZB0	D3ZZB0
D3ZZB0	Q14689-2
D3ZZB0	Q66L71
D3ZZB0	Q8BWT5
D3ZZB0	Q14689
D3ZZB0	A0A0G2KB74
D3ZZB0	A0A0G2JY22
D3ZZB0	Q9Y2E4
D3ZZB0	B2RQ71
D3ZZB0	Q9P265
D3ZZB0	Q3UH60
Q7Z601	Q7Z601
Q7Z601	Q7TQN9
Q7Z601	Q6DWJ6
Q7Z601	Q80UC8
Q7Z601	P0C0W8
Q6F5E7	Q6F5E7
A2VEC9	A2VEC9
A2VEC9	Q700K0
A2VEC9	Q8CG65
O75093	O75093
O75093	O88279
O75093	Q80TR4
O75093	Q9WVB4
O75093	O88280
O75093	O94813
O75093	Q9R1B9
O75093	Q9WVC1
O75093	O75094-4
O75093	O75094
O75093	Q6ZSA7
O75093	Q4KLL3
O75093	Q3UY51
Q8IXM3	Q8IXM3
Q8IXM3	Q9CQN7
Q8IXM3	Q5BJX1
Q3TCV3	Q3TCV3
Q3TCV3	Q3TCV3-2
Q3TCV3	A4D1B5
Q9NXP7	Q9NXP7
Q9NXP7	Q66H30
Q9NXP7	Q8K259
NP_001102523	NP_001102523
NP_001102523	Q3UIR3
NP_001102523	Q8N9I9-2
NP_001102523	Q8N9I9
NP_001102523	Q80V91
NP_001102523	F1LY78
NP_001102523	Q8TDB6
Q3U5F7	Q3U5F7
Q80XM9	Q80XM9
Q80XM9	Q5M880
Q80XM9	Q8N2U9
Q9DAC5	Q9DAC5
Q9DAC5	Q63520
Q9DAC5	P70281
Q9DAC5	Q8IZU3
XP_001062715	XP_001062715
NP_001100504	NP_001100504
NP_001100504	P70325
NP_001100504	P70326
NP_001100504	Q99593
NP_001100504	Q5I2P1
NP_001100504	P57082
O94941	O94941
O94941	Q925F4
Q9H2X0	Q9H2X0
Q9H2X0	Q63148
Q9H2X0	Q9Z0E2
Q9NVV4-2	Q9NVV4-2
Q9NVV4-2	Q9NVV4
Q9NVV4-2	Q9D0D3
Q9NVV4-2	D3ZPN5
O95711	O95711
O95711	O88188
Q6GQV0	Q6GQV0
Q6GQV0	B2GV34
Q6GQV0	Q7L2K0
O75638	O75638
O75638	P78358
O75638	O75638-2
Q15628	Q15628
Q15628	D3ZZC5
Q15628	Q3U0V2
D3ZZL8	D3ZZL8
D3ZZL8	P82279
D3ZZL8	Q8VHS2
D3ZZL8	Q5IJ48
D3ZZL8	D4A3W2
D3ZZL8	Q80YA8
Q9HCN2	Q9HCN2
Q9QXZ9	Q9QXZ9
Q9QXZ9	Q9UHM6-2
Q9QXZ9	Q9UHM6
Q9QXZ9	Q8R456
Q9QXZ9	O14718
Q9QXZ9	O35214
Q9QXZ9	Q9H1Y3
Q9QXZ9	Q9WUK7
Q9QXZ9	P0DN78
Q9QXZ9	P04001
Q9QXZ9	P0DN77
Q9QXZ9	O35599
Q9QXZ9	O35476
Q9QXZ9	P04000
Q9QXZ9	Q6VZZ7
Q9QXZ9	Q6U736
Q86XR7-2	Q86XR7-2
Q86XR7-2	Q86XR7
Q86XR7-2	D3ZTX0
Q86XR7-2	Q9Y3B3
Q86XR7-2	Q8BJQ4
Q86XR7-2	D3YZZ5
Q86XR7-2	Q78IS1
Q86XR7-2	Q9Y3Q3
Q86XR7-2	Q6AY25
Q86XR7-2	Q15363
Q86XR7-2	Q9R0Q3
Q86XR7-2	Q63524
Q86XR7-2	Q9Y3A6
Q86XR7-2	Q9CXE7
Q86XR7-2	Q6AXN3
Q86XR7-2	Q13445
Q86XR7-2	Q3V009
Q86XR7-2	Q5BK85
O43869	O43869
O43869	Q6IF00
O43869	Q8NGX2
O43869	Q96R27
O43869	Q8NHB1
O43869	Q8VGD6
O43869	Q8VF87
O43869	D3ZNH9
O43869	Q96R28
O43869	Q8NH01
O43869	Q8NG83
O43869	Q8NH04
O43869	Q8NHC8
O43869	D3ZS96
O43869	Q8VF37
O43869	P0C7T2
O43869	A3KFT3
O43869	NP_001000779
O43869	Q5NC44
O43869	Q7TQS8
O43869	NP_001000010
O43869	Q96R30
O43869	Q8NH74
O43869	Q8VGD2
O43869	NP_001000810
O43869	D4A431
O43869	Q8VFR8
O43869	Q7TR25
O43869	Q8NGL3
O43869	Q8VGP4
O43869	O95006
O43869	Q7TRV8
O43869	Q13607
O43869	D3ZYB3
O43869	Q8NGN5
O43869	Q8VH08
O43869	Q8NGN3
O43869	Q8VH07
O43869	Q8NGN6
O43869	Q8NGN4
O43869	Q8VFQ7
O43869	NP_001001083
O43869	Q15620
O43869	P34985
O43869	L7N210
O43869	D3ZXN0
O43869	Q7TR49
O43869	NP_001000665
O43869	A2AV41
O43869	NP_001001051
O43869	Q8VF00
O43869	D3ZNL0
O43869	Q7TR51
O43869	Q15615
O43869	Q9H207
O43869	Q9H209
O43869	Q9H208
O43869	Q8NH00
O43869	Q6IEZ7
O43869	Q8NGZ9
O43869	Q8NH03
O43869	Q8NH02
O43869	Q8VGS0
O43869	Q7TR78
O43869	L7MU59
O43869	Q8NGG0
O43869	Q8NGG5
O43869	Q7TR63
O43869	D3ZQT3
O43869	A2AK60
O43869	NP_001000311
O43869	Q8NGT1
O43869	A2AM35
O43869	Q8NHA8
O43869	Q8NGS3
O43869	M0R7C9
O43869	Q8VGK1
O43869	Q8NGS6
O43869	Q9NQN1
O43869	Q9QZ19
O43869	Q8NGT0
O43869	Q8NGS9
O43869	Q8NGS5
O43869	XP_576336
O43869	NP_001011779
O43869	Q7TRZ9
O43869	Q14A34
O43869	Q8VEW2
O43869	Q8WZ92
O43869	Q7TR77
O43869	D4ACZ8
O43869	Q8NGX8
O43869	Q8NH81
O43869	Q8NGC4
O43869	Q8VEU2
O43869	Q8NGS7
O43869	Q8NH95
O43869	Q8VGA0
O43869	P0DN81
O43869	Q9QWU6
O43869	Q7TRU0
O43869	O95222
O43869	Q5NCC7
O43869	Q8NGE5
O43869	Q6UAG7
O43869	Q8NGX1
O43869	Q7TRZ7
O43869	A6NH00
O43869	Q7TRY2
O43869	Q8NG76
O43869	Q8NG77
O43869	E9Q4J3
O43869	Q7TS02
O43869	Q8VFN8
O43869	D3ZEF1
O43869	Q96R54
O43869	Q8NGG7
O43869	Q8VGE3
O43869	Q8NGP9
O43869	Q5JRS4
O43869	D3ZNF9
O43869	P0C629
O43869	E9PWV2
O43869	P30954
O43869	Q8NHC4
O43869	Q8NGY7
O43869	Q62007
O43869	NP_666862
O43869	P0C617
O43869	Q96R08
O43869	Q8NGY0
O43869	F8VQB1
O43869	Q8NGN7
O43869	Q8NGS8
O43869	Q8NHA4
O43869	Q8VFZ4
O43869	Q8VFZ5
O43869	P58181
O43869	Q8VGC8
O43869	L7N1X5
O43869	Q96KK4
O43869	Q8VFE2
O43869	Q8NGP2
O43869	Q8NGS4
O43869	Q3MIC8
O43869	Q8VF17
O43869	Q8VEV0
O43869	Q96R45
O43869	Q96R48
O43869	Q96R47
O43869	Q8VES9
O43869	D4AEF3
O43869	Q8NGT9
O43869	Q8NGT7
O43869	Q8VFS5
O43869	A4D2G3
O43869	Q8NH94
O43869	Q8VFT2
O43869	Q8NGR5
O43869	Q8NGR2
O43869	Q8NH93
O43869	Q7TRW7
O43869	Q8NGR8
O43869	Q7TR87
O43869	Q8NGP6
O43869	Q8VFK7
O43869	Q8NGF4
O43869	P0C7N5
O43869	L7MTT3
O43869	Q8NGE9
O43869	Q7TQQ3
O43869	D4ADY4
O43869	Q8NGR4
O43869	Q8NH85
O43869	Q8NH10
O43869	Q8NH50
O43869	Q7TR76
O43869	Q8VGS1
O43869	P0C7N1
O43869	Q7TR80
O43869	Q8NGG1
O43869	Q7TRA1
O43869	Q8NH40
O43869	E9Q0Z1
O43869	Q15619
O43869	Q8NGS1
O43869	Q8NGK9
O43869	Q8NGL1
O43869	Q8VFR3
O43869	Q7TR23
O43869	Q7TRH2
O43869	Q3MI64
O43869	Q7TRC4
O43869	D4A6Y2
O43869	Q7TQV3
O43869	Q8NGU4
O43869	Q7TRD8
O43869	P47883
O43869	Q7TRW8
O43869	P47888
O43869	Q8VFX7
O43869	P47893
O43869	P47881
O43869	Q8VFX8
O43869	Q60891
O43869	Q8WZA6
O43869	P30953
O43869	Q8VGT3
O43869	Q7TRX4
O43869	P70526
O43869	Q7TRX7
O43869	Q8VF80
O43869	Q8NGR3
O43869	Q8NGG8
O43869	Q8VF62
O43869	NP_001000966
O43869	Q96RD0
O43869	Q8NGG6
O43869	M0R9D1
O43869	Q7TRE6
O43869	Q7TR45
O43869	Q8VH09
O43869	P47890
O43869	Q8NGR6
O43869	Q8VGV7
O43869	D3ZG09
O43869	D3ZSJ7
O43869	Q7TRH9
O43869	Q8VFZ9
O43869	Q8VEU1
O43869	D3ZC64
O43869	Q8VFI4
O43869	D3ZQZ1
O43869	NP_001001075
O43869	Q7TRH8
O43869	Q8VG64
O43869	NP_001000074
O43869	D3ZFB7
O43869	A6NCV1
O43869	A6NF89
O43869	XP_621234
O43869	Q8VFU0
O43869	A6NIJ9
O43869	NP_001000072
O43869	Q9NZP2
O43869	Q8VFH3
O43869	A6NJZ3
O43869	Q8VGI8
O43869	Q8VFU2
O43869	D3ZEF0
O43869	Q7TRH4
O43869	Q8VFI3
O43869	Q8K501
O43869	Q8NGM8
O43869	Q3SXI0
O43869	Q3MI24
O43869	Q3KPC7
O43869	Q7TQV4
O43869	Q8VG46
O43869	D3ZC42
O43869	Q7TS01
O43869	Q8NGZ3
O43869	Q8NGJ1
O43869	P58180
O43869	Q0VDY1
O43869	Q7TQS1
O43869	Q8NGE8
O43869	Q8NGI6
O43869	Q8NGI4
O43869	Q8NGN0
O43869	A0A096LPK9
O43869	Q8VET0
O43869	NP_001000101
O43869	Q9R0K4
O43869	D3ZT13
O43869	Q8VFV0
O43869	D3ZLT4
O43869	Q8VFT5
O43869	P0C645
O43869	Q8NGD1
O43869	NP_001000094
O43869	Q8N0Y3
O43869	Q8IXE1
O43869	D3ZTP7
O43869	Q8NGN2
O43869	Q8VGB3
O43869	Q8NGT2
O43869	Q7TRK1
O43869	O76099
O43869	D3ZDG9
O43869	Q8VGB8
O43869	Q7TRF9
O43869	NP_001000030
O43869	Q7TRY3
O43869	Q7TRT7
O43869	Q7TRT9
O43869	D4A7A7
O43869	Q8VFE9
O43869	Q8NGR1
O43869	Q7TRT8
O43869	D4A501
O43869	D3ZZZ2
O43869	Q8VGH2
O43869	Q8VGM0
O43869	Q8NG78
O43869	NP_001000960
O43869	Q8VG93
O43869	Q15617
O43869	Q8VG50
O43869	D4A012
O43869	P0DMU2
O43869	Q8VFN4
O43869	NP_001000475
O43869	Q60886
O43869	Q60884
O43869	J3KMV2
O43869	Q7TRA6
O43869	Q8VG89
O43869	Q6IF36
O43869	NP_001000472
O43869	Q96RD1
O43869	Q9NZP0
O43869	Q8VFH8
O43869	Q5NCD0
O43869	Q8NGX0
O43869	Q8NGC5
O43869	Q8VF31
O43869	Q8NGU2
O43869	Q924H8
O43869	Q8NGU1
O43869	Q8NGT5
O43869	Q8VFN6
O43869	Q8NH79
O43869	Q8NGE0
O43869	Q7TR58
O43869	Q7TQQ5
O43869	Q8NGF6
O43869	Q8N148
O43869	Q7TQV9
O43869	Q8NH18
O43869	Q8NGP3
O43869	Q9GZK3
O43869	Q60890
O43869	O76000
O43869	P58173
O43869	Q6MFX5
O43869	Q8VFG3
O43869	L7N475
O43869	O76001
O43869	Q6MFX4
O43869	Q8VFC2
O43869	P59922
O43869	Q6UAH1
O43869	O76002
O43869	Q7Z3T1
O43869	Q6MFX7
O43869	Q5SZZ5
O43869	Q9GZK6
O43869	Q0VEL5
O43869	Q8VGW9
O43869	Q8VFA9
O43869	D4A8E9
O43869	P34984
O43869	Q9Y4A9
O43869	Q8NGA6
O43869	O60403
O43869	O60404
O43869	M0RB21
O43869	Q8NGA5
O43869	Q8VET2
O43869	Q8VGL0
O43869	Q8VGK5
O43869	Q8VGJ7
O43869	NP_001000830
O43869	D3ZLH1
O43869	Q8VFP9
O43869	D3ZBT1
O43869	A6NFC9
O43869	Q8NGV0
O43869	Q3B853
O43869	Q7TQT4
O43869	P47887
O43869	Q0VEF4
O43869	Q9GZM6
O43869	Q8WZ84
O43869	Q9GZK4
O43869	P23275
O43869	O95918
O43869	Q7TRL3
O43869	NP_001000256
O43869	Q8NG92
O43869	Q7TS10
O43869	Q7TS05
O43869	D3Z966
O43869	Q8NHC7
O43869	B2RVZ1
O43869	O95013
O43869	Q6IEY1
O43869	Q8NGB9
O43869	Q8VF86
O43869	A6ND48
O43869	Q8NHC5
O43869	Q8NG84
O43869	D3ZTS7
O43869	Q5NCD7
O43869	Q8NG81
O43869	Q8VGX2
O43869	D3ZT66
O43869	Q8NG97
O43869	Q8NGZ0
O43869	Q8NGZ2
O43869	Q8VEV6
O43869	Q7TQQ9
O43869	Q9UGF5
O43869	Q14AJ9
O43869	Q8VGF0
O43869	XP_575198
O43869	Q96R69
O43869	Q8NH21
O43869	Q7TQX9
O43869	Q8NGF9
O43869	Q7TQY7
O43869	Q8VGM8
O43869	D3ZBL7
O43869	NP_001000627
O43869	Q8NGA8
O43869	Q8NGL6
O43869	Q6IEV9
O43869	Q8VEZ3
O43869	Q8VGP1
O43869	D3ZBF3
O43869	Q8VG21
O43869	D4AB35
O43869	Q8VF94
O43869	A6NHA9
O43869	Q8VGN1
O43869	Q8NH72
O43869	NP_001000642
O43869	Q8VFZ3
O43869	A2ATJ7
O43869	D3ZMD0
O43869	A2ATJ9
O43869	Q8VGF5
O43869	A2AV13
O43869	Q8NH73
O43869	Q7TQQ0
O43869	Q8VGN8
O43869	Q8NGL9
O43869	Q3SXJ3
O43869	D3ZPV6
O43869	Q6IFG1
O43869	Q8NGH9
O43869	Q96RD3
O43869	Q8NH67
O43869	Q8NGK6
O43869	Q96R84
O43869	Q8NH49
O43869	Q8VGC2
O43869	D3ZZ74
O43869	NP_001001356
O43869	Q8NGE2
O43869	Q8NGE1
O43869	Q8NH70
O43869	Q8VG73
O43869	Q8NGF8
O43869	Q60881
O43869	G3V8X0
O43869	P0C604
O43869	Q8NGM1
O43869	Q7TR09
O43869	Q8NGP0
O43869	Q7TQZ9
O43869	M0RDI8
O43869	Q8VEX7
O43869	D3ZLL9
O43869	Q8VGH3
O43869	Q7TQV2
O43869	NP_001000625
O43869	A0A087WQ53
O43869	Q8VGN0
O43869	Q8NH37
O43869	A6NMZ5
O43869	Q8VFB0
O43869	Q8VFH9
O43869	D3ZBY3
O43869	Q7TQY4
O43869	Q8VF41
O43869	D3ZTF2
O43869	A2AUA4
O43869	Q96R67
O43869	Q8NGK4
O43869	Q8NGK3
O43869	D4A9E8
O43869	Q0VB29
O43869	Q8NGL7
O43869	A6NDL8
O43869	Q8VFZ8
O43869	Q8NGD2
O43869	A2AVW3
O43869	D3ZII6
O43869	D3Z9V2
O43869	Q8VG33
O43869	D3ZV34
O43869	A6NM76
O43869	Q7TRI0
O43869	Q7TRH5
O43869	D3ZWI5
O43869	A6NL08
O43869	NP_001000699
O43869	Q8VGW8
O43869	O95007
O43869	Q8NH41
O43869	Q8VGE6
O43869	Q8NGD5
O43869	Q8NGD4
O43869	Q7TRM6
O43869	Q8VEX0
O43869	Q8NH42
O43869	Q8NGD3
O43869	Q05A45
O43869	Q8VET4
O43869	E9Q8M3
O43869	Q8VEX3
O43869	Q8VF48
O43869	P0C623
O43869	Q8NGC6
O43869	Q8NH43
O43869	Q8VG12
O43869	Q8NH83
O43869	Q8NH90
O43869	Q8NH89
O43869	Q7TQY0
O43869	Q6IF82
O43869	Q8NGN8
O43869	Q8NH06
O43869	B1ARL3
O43869	Q14AK5
O43869	XP_001074371
O43869	Q8NGC1
O43869	Q8NG94
O43869	Q7TRM0
O43869	Q9WU86
O43869	Q8NH07
O43869	Q8NGC9
O43869	B2RN74
O43869	Q8NGC8
O43869	Q8NGC7
O43869	L7N1Y5
O43869	D3ZLF8
O43869	Q8VFC3
O43869	F1M6J9
O43869	Q8NH05
O43869	Q7TR18
O43869	Q8VG86
O43869	Q7TR17
O43869	Q5TZ20
O43869	Q8NGL4
O43869	Q8NGL0
O43869	Q7TQZ0
O43869	Q8NHC6
O43869	O95371
O43869	Q7TRC3
O43869	Q8NGN1
O43869	Q7TRD9
O43869	Q7TRA3
O43869	M0R4T3
O43869	Q8NGE3
O43869	Q8VGJ1
O43869	Q9GZK7
O43869	Q8NH19
O43869	Q8NGY6
O43869	Q8NGY5
O43869	Q7TRW1
O43869	D4A926
O43869	E9Q5F1
O43869	P0C626
O43869	Q8VGH1
O43869	Q2M2Q4
O43869	D4ABI3
O43869	Q8VG27
O43869	P58170
O43869	P47884
O43869	M0RC44
O43869	P34982
O43869	Q8NGB6
O43869	Q8NGD0
O43869	Q8VFT4
O43869	D4A089
O43869	A0A0X1KG70
O43869	P0DN82
O43869	Q6MFW6
O43869	P58182
O43869	Q9UGF7
O43869	Q8NGI7
O43869	Q8VF55
O43869	Q7TQS3
O43869	Q8VGJ6
O43869	Q8VEZ8
O43869	Q8NGB2
O43869	Q8VEY3
O43869	Q8NH80
O43869	Q60887
O43869	Q8NH09
O43869	Q8VF93
O43869	Q80ZX9
O43869	Q9QZ18
O43869	Q7TR89
O43869	A0A0J9YVE4
O43869	D3ZQI2
O43869	Q6IEU7
O43869	Q8NGP8
O43869	Q8VFK6
O43869	Q8NGP4
O43869	A2ASU6
O43869	NP_001000298
O43869	Q96RB7
O43869	D3ZNG2
O43869	Q8VFK4
O43869	Q8NGZ6
O43869	Q8VFP2
O43869	Q8NGC2
O43869	NP_001000617
O43869	A0A0G2K6K2
O43869	Q8N628
O43869	Q8NGZ5
O43869	Q8VFL3
O43869	Q8VGW6
O43869	Q9Y3N9
O43869	Q7TQT8
O43869	Q8VF11
O43869	Q8VFF8
O43869	Q96R72
O43869	L7N457
O43869	Q8NGC3
O43869	D3ZJG5
O43869	Q8VH10
O43869	Q8VF72
O43869	Q8VF29
O43869	Q8VBW9
O43869	Q8NGW1
O43869	Q8VGU4
O43869	Q8VGU5
O43869	Q7TQS4
O43869	Q8NGX9
O43869	Q6IFH4
O43869	Q7TRN3
O43869	D3ZFR4
O43869	D3ZDY8
O43869	D3ZIN4
O43869	Q496V9
O43869	Q8NGK2
O43869	E9PXN3
O43869	Q8NGJ8
O43869	Q8VGY9
O43869	A6NND4
O43869	Q8VGW7
O43869	Q15612
O43869	Q8NGW6
O43869	Q7TRW3
O43869	Q3SXT9
O43869	E9Q0M4
O43869	Q8VFZ0
O43869	Q8NGY3
O43869	Q8NGY2
O43869	E9Q4G0
O43869	Q3B883
O43869	Q6W049
O43869	Q8NH76
O43869	M0RBN5
O43869	Q8NGC0
O43869	Q8VFW8
O43869	Q96R09
O43869	Q8VFX3
O43869	Q8VFX2
O43869	Q7TQR2
O43869	Q8VF68
O43869	Q8VFQ6
O43869	D3ZB54
O43869	Q8NH48
O43869	Q6IFN5
O43869	Q0VAX9
O43869	Q8NG99
O43869	Q8NG95
O43869	Q8NG98
O43869	Q7TRF5
O43869	Q8NGA0
O43869	D3ZPA4
O43869	NP_001000983
O43869	Q7TRG8
O43869	D4A8Q3
O43869	Q96RA2
O43869	Q7TRF4
O43869	Q15622
O43869	D3ZL48
O43869	XP_002729926
O43869	Q8VFJ0
O43869	Q8NGF7
O43869	XP_003086164
O43869	Q8VGQ2
O43869	L7N1Y8
O43869	Q7TS39
O43869	P0C628
O43869	Q7TS40
O43869	D4A2F3
O43869	A6NL26
O43869	Q8VEX6
O43869	Q8VG66
O43869	Q8VG65
O43869	D3ZCF9
O43869	D4ACB1
O43869	Q8NGQ6
O43869	Q8VFQ4
O43869	D4AC00
O43869	Q8VFQ3
O43869	Q8VG05
O43869	D4A403
O43869	Q8NGV5
O43869	Q8VFN0
O43869	Q8VFC4
O43869	D3ZKF9
O43869	Q8VET3
O43869	D4A438
O43869	Q8VFM1
O43869	Q8N146
O43869	Q8N162
O43869	Q8NGG4
O43869	D3ZPR3
O43869	Q8NGQ5
O43869	Q8NGQ1
O43869	E9PXR8
O43869	Q2NKW1
O43869	Q9UGF6
O43869	Q8NH87
O43869	Q7TQR9
O43869	Q8NGI8
O43869	Q7TRG4
O43869	D4A4L0
O43869	Q7TR39
O43869	Q7TR42
O43869	D3ZA29
O43869	Q8NGG2
O43869	E9Q2B9
O43869	Q7TR59
O43869	Q8VF13
O43869	Q8VGR8
O43869	Q8NG75
O43869	Q8NGL2
O43869	Q8VG97
O43869	Q8VG42
O43869	Q8VES2
O43869	Q60880
O43869	Q13606
O43869	M0R432
O43869	Q8NH69
O43869	D4A4N0
O43869	Q8NGG3
O43869	G3X9L8
O43869	NP_001000329
O43869	Q8VEV5
O43869	Q8NH51
O43869	D3ZLB9
O43869	NP_001000969
O43869	Q60879
O43869	Q9EQA9
O43869	D4A0G4
O43869	Q96RC9
O43869	Q8NGZ4
O43869	Q8NGB8
O43869	Q7TR28
O43869	Q8NGQ3
O43869	Q7TQW2
O43869	Q7TRY0
O43869	B9EHG2
O43869	Q2NLE7
O43869	Q7TRA7
O43869	Q60895
O43869	M0RDG9
O43869	Q7TRF3
O43869	Q8VGX5
O43869	Q7TRH1
O43869	Q8NH92
O43869	Q8VFF6
O43869	Q8VEW3
O43869	Q2NKW2
O43869	Q8NGR9
O43869	O43749
O43869	Q8VGJ8
O43869	Q8NGS0
O43869	Q8NGI9
O43869	D3ZGL9
O43869	Q8VFK2
O43869	Q8VFV2
O43869	Q8VFV4
O43869	Q8NGJ0
O43869	Q8VG81
O43869	A2AVC4
O43869	Q7TRX2
O43869	Q9Y585
O43869	Q9P1Q5
O43869	Q8N0Y5
O43869	Q8VGL5
O43869	Q7TR95
O43869	Q8NGE7
O43869	Q8NGA1
O43869	Q8VGS7
O43869	Q7TS30
O43869	Q5JQS5
O43869	Q8NHA6
O43869	A2ASV2
O43869	P0C7N8
O43869	D3ZVQ4
O43869	O60412
O43869	Q7TQW3
O43869	Q8NGH3
O43869	K7N662
O43869	Q9H210
O43869	D3ZLR1
O43869	Q9EPG6
O43869	D3ZN10
O43869	Q8N127
O43869	Q7TR55
O43869	O60431
O43869	Q8VGG6
O43869	Q7TRY4
O43869	Q8NGS2
O43869	O76100
O43869	Q8NGA2
O43869	O14581
O43869	Q8VFR7
O43869	Q8VGC7
O43869	D3ZD44
O43869	Q8VGS3
O43869	Q8NGB4
O43869	A6NET4
O43869	A6NMS3
O43869	Q8NGV6
O43869	Q8NGV7
O43869	P0DN80
O43869	A6NDH6
O43869	A6NKK0
O43869	K7N5T5
O43869	Q9NZP5
O43869	A6NHG9
O43869	XP_001487851
O43869	D3ZAS4
O43869	Q8VGI6
O43869	O95221
O43869	D3ZST0
O43869	Q7TR57
O43869	Q8WZ94
O43869	D3ZNI0
O43869	Q8VG44
O43869	Q8VG07
O43869	D4AAR2
O43869	NP_001000229
O43869	Q8VG09
O43869	XP_001076653
O43869	Q8VG04
O43869	Q8NH16
O43869	Q8NG80
O43869	Q8N349
O43869	Q8NG85
O43869	Q8NGY9
O43869	Q8VEZ4
O43869	Q8VGP8
O43869	D3ZQB2
O43869	Q8NGQ4
O43869	Q8NHB8
O43869	Q8NHB7
O43869	Q8VF19
O43869	M0R3Y0
O43869	Q8VF75
O43869	D4A0C2
O43869	Q8NGM9
O43869	Q8NH08
O43869	A0A0B4J1M2
O43869	Q5USC0
O43869	Q8NGQ2
O43869	D3ZQD6
O43869	A0A0C4DFX5
O43869	F8VQ18
O43869	Q8NGF1
O43869	Q8VGZ2
O43869	Q8VGY6
O43869	Q8NGK0
O43869	Q8NGJ5
O43869	Q0VE02
O43869	Q2HJC2
O43869	Q7TRQ4
O43869	Q9H340
O43869	Q9H339
O43869	Q9Y5P1
O43869	F8VPZ8
O43869	Q8NH63
O43869	Q8NGF0
O43869	D4A7N0
O43869	D4A3P2
O43869	Q8NGJ2
O43869	Q8VG19
O43869	Q96RD2
O43869	Q8VGW5
O43869	B9EHE6
O43869	Q8NH55
O43869	Q8VG96
O43869	A6NM03
O43869	Q8VF89
O43869	Q9H205
O43869	Q9H346
O43869	Q8VGW2
O43869	Q9H2C5
O43869	A6NMU1
O43869	Q9UKL2
O43869	E9PYY2
O43869	E9PV96
O43869	O95047
O43869	Q8NGJ4
O43869	Q8VGV8
O43869	NP_001001270
O43869	D4AA74
O43869	Q7TRR4
O43869	D3ZL01
O43869	Q8NH60
O43869	Q8NGJ3
O43869	Q7TRP3
O43869	D4A3G5
O43869	Q9H2C8
O43869	Q8NH59
O43869	K7N6B1
O43869	Q8VF02
O43869	Q8VH13
O43869	Q8NH64
O43869	A0A0G2JFH3
O43869	Q8NGJ6
O43869	Q8NGJ7
O43869	Q9H344
O43869	Q8NH61
O43869	Q8VGZ5
O43869	Q8NH56
O43869	Q8VH00
O43869	Q8NGI0
O43869	Q8VGU9
O43869	Q8NH53
O43869	Q8NGI2
O43869	Q9Y5P0
O43869	D4ABG1
O43869	D4AEE2
O43869	F8VPJ8
O43869	K7N6B3
O43869	Q8VGA1
O43869	Q8VG23
O43869	D4ACI1
O43869	Q8NGF3
O43869	E9Q550
O43869	Q9EQQ7
O43869	Q8NGK1
O43869	Q8VGX6
O43869	O88628
O43869	Q8VBV9
O43869	Q9H255
O43869	Q8TCB6
O43869	Q8VGZ7
O43869	Q8NGK5
O43869	E9Q546
O43869	Q8VF03
O43869	Q6IF63
O43869	E9Q7P5
O43869	Q9H343
O43869	D3ZLS3
O43869	Q8NGH7
O43869	Q8NGH6
O43869	Q7TRN7
O43869	A6NGY5
O43869	Q7TRS5
O43869	Q8VG25
O43869	Q9H341
O43869	Q8VH17
O43869	F8VPJ9
O43869	E9Q564
O43869	Q8NH57
O43869	Q8VGY7
P00722	P00722
P61236-2	P61236-2
P61236-2	Q65Z95
P61236-2	Q96QA6
P61236-2	P61236
P61236-2	P61237
P61236-2	O60688
P61236-2	Q9ESC7
P61236-2	Q96NS1
P61236-2	Q65Z93
P61236-2	Q5XID5
P61236-2	P62699
P61236-2	P62700
P61236-2	NP_001030298
F8VQ07	F8VQ07
F8VQ07	P02773
F8VQ07	P02772
F8VQ07	P02771
F8VQ07	P02768
F8VQ07	P07724
F8VQ07	P02770
F8VQ07	P02769
F8VQ07	P36953
F8VQ07	O89020
F8VQ07	P43652
Q4VSW4	Q4VSW4
Q4VSW4	Q14BL3
Q4VSW4	A2AKE7
Q4VSW4	Q5JWF8
Q4VSW4	Q641W9
Q4VSW4	Q9Y615
Q4VSW4	Q9QY84
Q4VSW4	P45888
Q4VSW4	P61161
Q4VSW4	P61160
Q4VSW4	Q5M7U6
Q4VSW4	P61160-2
Q4VSW4	Q8TC94
Q4VSW4	Q6AY16
Q4VSW4	Q8CG27
P70617	P70617
P70617	O70131
P70617	Q92982
P70617	Q9JHE8
P70617	Q9JL89
P70617	Q9NZG7
Q4FZT2	Q4FZT2
Q4FZT2	Q8BVQ5
Q4FZT2	Q9Y570
H3BPM6	H3BPM6
H3BPM6	D3Z393
E9Q8Z1	E9Q8Z1
E9Q8Z1	Q3V040
E9Q8Z1	A0A0G2JVG5
E9Q8Z1	Q6ZUS5-2
E9Q8Z1	Q6ZUS5
P02693	P02693
P02693	P55050
P02693	P12104
M0R7Z9	M0R7Z9
M0R7Z9	Q8BVZ1
M0R7Z9	Q00G26
M0R7Z9	M0RA08
M0R7Z9	Q9DBG5
M0R7Z9	O60664
M0R7Z9	O60664-2
M0R7Z9	O60664-3
M0R7Z9	Q99541
M0R7Z9	P43883
M0R7Z9	Q5U2U5
Q62825	Q62825
Q62825	O60645
Q62825	Q6KAR6
Q16587-5	Q16587-5
Q6IRK9	Q6IRK9
Q6IRK9	Q9Y646
Q6IRK9	Q9WVJ3
G3V6L1	G3V6L1
G3V6L1	O60353
G3V6L1	Q61089
G3V6L1	O60353-2
G3V6L1	Q9NPG1
G3V6L1	Q61086
G3V6L1	Q8CJC4
G3V6L1	Q9UP38
G3V6L1	Q08463
G3V6L1	O70421
G3V6L1	O75084
G3V6L1	Q61090
G3V6L1	Q9JIP6
G3V6L1	Q14332
G3V6L1	Q08464
G3V6L1	Q8K4C8
G3V6L1	Q9R216
G3V6L1	O00144
G3V6L1	Q8BKG4
G3V6L1	Q9ULW2
G3V6L1	Q9QZH0
G3V6L1	Q9ULV1
G3V6L1	Q61088
G3V6L1	Q9H461
G3V6L1	Q13467
G3V6L1	Q8CHL0
G3V6L1	Q9EQD0
G3V6L1	Q61091
G3V6L1	Q498S8
Q5BK74	Q5BK74
Q5BK74	P23881
Q5BK74	O75764
Q5BK74	Q9QVN7
Q5BK74	Q15560
Q5BK74	Q63799
Q5BK74	Q4KLL0
Q5BK74	P23193-2
Q5BK74	P10711
Q5BK74	P23193
Q5BK74	XP_001059576
D4AAY4	D4AAY4
D4AAY4	Q9D0K0
D4AAY4	Q9P0N9
Q64612	Q64612
Q64612	P70289
F1MAB8	F1MAB8
F1MAB8	P52732
F1MAB8	Q6P9P6
F1MAB8	Q8NI77
F1MAB8	XP_342487
F1MAB8	Q91WD7
Q80XG9	Q80XG9
Q80XG9	Q86VH4
Q80XG9	B4F7C5
Q80XG9	D3ZAL8
Q80XG9	Q86VH5
Q80XG9	Q8BZ81
Q80XG9	D4A6D8
Q80XG9	Q8K377
Q80XG9	Q86UE6
Q80XG9	O43300
Q80XG9	D4A7P2
Q80XG9	Q8BGA3
Q5EB66	Q5EB66
Q5EB66	B2B9E1
Q5EB66	Q629K1
Q9JK66	Q9JK66
Q9JK66	Q9WVS6
Q9JK66	O60260-5
Q9JK66	O60260
P46779-3	P46779-3
P46779-3	P17702
P46779-3	P41105
P46779-3	P46779-2
P46779-3	P46779
B2CXA1	B2CXA1
P55196-5	P55196-5
P55196-5	Q9QZQ1-2
P55196-5	P55196-2
P55196-5	P55196
P55196-5	Q9QZQ1
P55196-5	P55196-3
P55196-5	O35889
P55196-5	P55196-1
P12532-2	P12532-2
P12532-2	NP_001038016
P12532-2	P05122
P12532-2	Q04447
P12532-2	P07335
P12532-2	P12277
P12532-2	P07310
P12532-2	P30275
P12532-2	P06732
P12532-2	P12532
P12532-2	P00565
P12532-2	P00564
P12532-2	Q6P8J7
P12532-2	P17540
P12532-2	P09605
P12532-2	P25809
C0HK79	C0HK79
C0HK79	P61009
C0HK79	Q6ZWQ7
C0HK79	Q568Z4
C0HK79	C0HK80
A0A0U1RQK7	A0A0U1RQK7
A0A0U1RQK7	O43432-3
A0A0U1RQK7	O43432
A0A0U1RQK7	NP_001100163
A0A0U1RQK7	Q80XI3
A0A0U1RQK7	Q80XI3-4
A0A0U1RQK7	Q80XI3-2
A0A0U1RQK7	F1MX04
A0A0U1RQK7	Q04637-8
A0A0U1RQK7	Q04637-3
A0A0U1RQK7	Q04637-9
A0A0U1RQK7	Q04637-7
A0A0U1RQK7	Q04637
A0A0U1RQK7	D3ZU13
A0A0U1RQK7	Q6NZJ6
A0A0U1RQK7	Q6NZJ6-2
A0A0U1RQK7	P41110
Q6ZT12-4	Q6ZT12-4
Q6ZT12-4	F6QC57
Q6ZT12-4	NP_001128022
Q6ZT12-4	Q5U430
Q6ZT12-4	Q6ZT12
Q9NYQ7-2	Q9NYQ7-2
Q9NYQ7-2	O88278
Q9NYQ7-2	Q9NYQ7
Q9NYQ7-2	Q91ZI0
Q9NYQ7-2	O35161
Q9NYQ7-2	Q9NYQ6
Q9NYQ7-2	Q9HCU4
Q9NYQ7-2	Q9QYP2
Q9NYQ7-2	Q9R0M0
Q9NYQ7-2	XP_225997
Q9NYQ7-2	Q8CFX3
Q9NYQ7-2	Q08174
Q9NYQ7-2	Q2TJI9
Q9NYQ7-2	Q08174-2
Q9NYQ7-2	E9Q2S0
Q9NYQ7-2	O60245
Q9NYQ7-2	O60245-2
Q9NYQ7-2	E1BCK4
Q9NYQ7-2	Q68HB6
Q9NYQ7-2	NP_001166994
A6NEH8	A6NEH8
Q9UJ41-3	Q9UJ41-3
Q9UJ41-3	Q9JM13
Q9UJ41-3	Q9UJ41
Q9UJ41-3	G3V631
Q9BX79-4	Q9BX79-4
Q9BX79-4	O70491
Q9BX79-4	Q4QR83
Q9BX79-4	Q9BX79
Q9BX79-4	Q9BX79-3
Q6AXX0	Q6AXX0
Q32ZH2	Q32ZH2
Q32ZH2	Q8K3U4
Q32ZH2	Q8N688
Q32ZH2	Q7Z7B8
Q5I0J4	Q5I0J4
Q5I0J4	Q9CR46
Q5I0J4	Q8WVK7
Q80WE5	Q80WE5
Q80WE5	Q86WI0
Q80WE5	Q80SV1
Q80WE5	Q9Y693
Q80WE5	Q8BM86
Q80WE5	Q5BJS2
P59692	P59692
P59692	O54926
P59692	O15304
B2GUZ2	B2GUZ2
B2GUZ2	Q8C263
B2GUZ2	Q8IX90
B2GUZ2	Q8IX90-3
P15391-2	P15391-2
P15391-2	P15391
P15391-2	F1LNH2
P15391-2	P25918
P15391-2	G1TWR4
P24557-3	P24557-3
P24557-3	P36423
P24557-3	P49430
P24557-3	P24557
P24557-3	P05183
P24557-3	Q64481
P24557-3	P04800
P24557-3	Q64459
P24557-3	Q9JMA7
P24557-3	Q9EQW4
P24557-3	D3YYZ0
P24557-3	P24462-2
P24557-3	P24462
P24557-3	P08684
P24557-3	D3Z2W7
P24557-3	Q5PQX2
P24557-3	Q64464
P24557-3	O09158
P24557-3	Q9HB55
P24557-3	P20815
P24557-3	P20815-2
Q9BUV8-5	Q9BUV8-5
Q9UHJ9-2	Q9UHJ9-2
Q9UHJ9-2	Q9UHJ9
Q9UHJ9-2	Q3TQR0
Q9UHJ9-2	Q2ABP3
Q9UHJ9-2	Q9UHJ9-4
Q9UHJ9-2	Q9UHJ9-5
Q1HG43-2	Q1HG43-2
Q1HG43-2	Q1HG43
Q1HG43-2	Q8VE49
Q1HG43-2	Q1HG44
Q1HG43-2	Q9D311
Q86XK2-5	Q86XK2-5
Q86XK2-5	Q86XK2
Q86XK2-5	Q7TSL3
Q86XK2-5	Q7TPD1
Q969X5-3	Q969X5-3
D3ZM21	D3ZM21
D3ZM21	Q86VU5
D3ZM21	Q8BIG7
Q5K2P9	Q5K2P9
Q5K2P9	Q5K2P8
Q5K2P9	P08861
Q5K2P9	P09093
Q5K2P9	Q9CQ52
Q5K2P9	D3ZFG3
Q5K2P9	Q6GPI1_VAR_A250T
Q5K2P9	Q6GPI1
Q5K2P9	P17538
Q5K2P9	Q9CR35
Q5K2P9	P07338
Q5K2P9	Q99895
Q5K2P9	Q3SYP2
Q5K2P9	P55091
Q5K2P9	Q5K4E3
Q5K2P9	Q2L4Q9
Q5K2P9	Q571E5
Q6NUT3-3	Q6NUT3-3
Q6NUT3-3	Q6NUT3
Q6NUT3-3	Q3U481
A0A1B0GUT2	A0A1B0GUT2
A0A1B0GUT2	Q9CX25
B0BN73	B0BN73
B0BN73	Q9BTE0
B0BN73	Q3UG98
D4A531	D4A531
D4A531	P36954
D4A531	P60898
D3ZLD2	D3ZLD2
D3ZLD2	Q9CQR5
D3ZLD2	Q9UDW3
D4A104	D4A104
D4A104	Q3T142
D4A104	Q9D0Q7
D4A104	Q9BRJ2
Q9WVA9	Q9WVA9
Q9WVA9	Q9WVA8
Q9WVA9	O15130
Q68FQ4	Q68FQ4
Q68FQ4	Q9BRQ4
Q68FQ4	Q8CC70
Q6PNM1	Q6PNM1
Q6PNM1	Q7TSA3
Q6PNM1	Q7Z6A9
Q70KL3	Q70KL3
Q70KL3	Q32ZF7
Q70KL3	Q7TNV7
Q70KL3	Q32ZF8
Q8VHV8	Q8VHV8
Q8VHV8	Q9BQE4
Q8VHV8	Q9BCZ4
XP_008767562	XP_008767562
XP_008767562	Q8K3A0
XP_008767562	Q8IWL3
D3ZK76	D3ZK76
D3ZK76	Q6ZSJ8
D3ZK76	B1ARW8
NP_001101406	NP_001101406
NP_001101406	Q9NQT5
NP_001101406	Q7TQK4
NP_001101406	Q9NQT5-2
NP_001032297	NP_001032297
NP_001032297	Q3U829
NP_001032297	O43299
A0A1D9BZF0	A0A1D9BZF0
Q9BV29-2	Q9BV29-2
Q9BV29-2	Q561K4
Q9BV29-2	Q9BV29
Q9BV29-2	Q8BS39
O75923-13	O75923-13
O75923-13	O75923-11
O75923-13	O75923-10
O75923-13	Q9ESD7-2
O75923-13	O75923-3
O75923-13	O75923-8
O75923-13	Q9ESD7
O75923-13	O75923
O75923-13	D4A6X1
O75923-13	NP_001178565
O75923-13	Q9NZM1
O75923-13	Q9NZM1-3
O75923-13	Q9NZM1-2
O75923-13	Q69ZN7
O75923-13	Q9NZM1-6
O75923-13	Q9NZM1-5
O75923-13	A0AVI2
O75923-13	P0DM40
O75923-13	Q9ESF1
O75923-13	Q9ERC5
O75923-13	Q9HC10-3
O75923-13	Q9HC10-2
O75923-13	Q9HC10
O75923-13	XP_910812
O75923-13	Q2WGJ9
P89654	P89654
A1L1L9	A1L1L9
A1L1L9	Q6PI78
A1L1L9	Q4VAE3
Q9Y3C8	Q9Y3C8
Q9Y3C8	Q9CR09
Q9Y3C8	Q6BBI8
Q6TA25	Q6TA25
Q6TA25	Q9NVK5
Q6TA25	Q9CRA9
Q6TA25	Q9BRV8-2
Q6TA25	Q9BRV8
Q6TA25	Q5FWT9
Q6TA25	Q9CPR7
Q8JZU2	Q8JZU2
Q8JZU2	P32089
Q8JZU2	P53007
Q9D8L0	Q9D8L0
Q9D8L0	D4A446
Q9D8L0	Q96A22
Q8BHG2	Q8BHG2
Q8BHG2	Q9NWV4
Q8BHG2	Q498R7
D4ADC1	D4ADC1
D4ADC1	Q8BHE0
D4ADC1	Q96HE9
XP_574729	XP_574729
XP_574729	Q9D4G2
XP_574729	O75031
D3ZRK0	D3ZRK0
D3ZRK0	Q148V8
D3ZRK0	Q6ZRV2
A0FK58	A0FK58
A0FK58	Q60660
A0FK58	Q60653
A0FK58	Q60652
A0FK58	Q64329
A0FK58	Q9JHV3
A0FK58	Q8K3G1
A0FK58	Q588F4
A0FK58	Q60682
A0FK58	Q5MPW7
A0FK58	Q60654
A0FK58	Q60651
A0FK58	P20937
A0FK58	F7EVP3
A0FK58	Q9UNG0
O00311	O00311
O00311	Q9Z0H0
O60318	O60318
O60318	D3ZTA3
O60318	Q9WUU9
O60318	D3ZT97
O60318	A6NKF1
O60318	A6H687
Q13094	Q13094
Q13094	Q60787
Q13094	Q920L0
Q13094	Q9QZE2
Q13094	Q7Z7G1
Q8NG31	Q8NG31
Q8NG31	Q8NG31-2
Q8NG31	D3ZNX2
Q8NG31	A3KGI3
Q8NG31	Q66JQ7
Q78PY7	Q78PY7
Q78PY7	Q7KZF4
Q78PY7	Q66X93
Q13033	Q13033
Q13033	Q13033-2
Q13033	P58405
Q13033	Q9ERG2
Q13033	O55106
Q13033	O43815
Q13033	P70483
Q13033	Q9NRL3-3
Q13033	NP_001155281
Q13033	Q9NRL3
Q13033	P58404
Q13033	NP_001100950
Q7TNI8	Q7TNI8
Q7TNI8	Q99MB1
Q7TNI8	O15455
Q9Z1A6	Q9Z1A6
Q9Z1A6	Q00341-2
Q9Z1A6	Q8VDJ3
Q9Z1A6	Q00341
Q9Z1A6	F1MT25
Q9Z1A6	D3ZYY6
Q9Z1A6	XP_579010
Q9Z1A6	D4A4T3
Q9Z1A6	B1AXN3
Q8N2M8	Q8N2M8
Q8N2M8	Q8CFC7
Q8N2M8	A0JNI5
Q8N2M8	Q5HZB6
Q9NT62	Q9NT62
Q9NT62	Q9NT62-2
Q9NT62	Q6AZ50
Q9NT62	Q9CPX6
P27695	P27695
P27695	P43138
P27695	P28352
Q2NKX8	Q2NKX8
Q2NKX8	Q8BHK9
Q2NKX8	D4A0G9
Q8K1S2	Q8K1S2
Q8K1S2	Q6UXZ4
Q8K1S2	F1LW30
Q8K1S2	Q8IZJ1-2
Q8K1S2	Q8IZJ1
Q8K1S2	Q6ZN44-2
Q8K1S2	O08722
Q8K1S2	Q8K1S3
Q8K1S2	O08747
Q8K1S2	O95185
Q8K1S2	Q761X5
Q8K1S2	O08721
Q8K1S2	Q6ZN44-3
Q8K1S2	Q8K1S4
Q8K1S2	Q6ZN44
Q96JM3	Q96JM3
Q96JM3	Q8K327
Q96JM3	F1MFQ9
Q96JM3	B5DEG7
F1MAQ8	F1MAQ8
F1MAQ8	A2AJT4
F1MAQ8	Q8TF01
Q8IY17	Q8IY17
Q8IY17	Q8IY17-2
Q8IY17	XP_001057249
Q8IY17	Q3TRM4
Q8IY17	A2AJ88
Q8IY17	Q6ZV29-5
Q8IY17	Q5BK26
Q8IY17	Q6ZV29
Q9Y4C4	Q9Y4C4
Q9Y4C4	Q3V1N1
Q9Y4C4	NP_001102874
Q9Y4C4	A2AUR7
Q9Y4C4	Q15404
Q9Y4C4	Q01730
Q9Y4C4	Q8CBR6
Q9Y4C4	Q8WUA8
Q9Y4C4	Q6QMY6
Q9Y4C4	Q96CX6
Q9Y4C4	Q3UGP9
Q9Y4C4	D3ZWP8
Q80X71	Q80X71
Q80X71	Q9NUM4
Q80X71	Q6AYA5
Q80X71	Q96A25
Q80X71	Q80VP8
Q80X71	Q9BVX2
Q80X71	Q5RJK0
Q80X71	Q5BK83
Q80X71	Q8VC04
P45448	P45448
P45448	O00482
P45448	Q9QWM1
P45448	P33242
P45448	Q13285
P45448	P50569
P45448	O00482-3
P54257	P54257
P54257	P54256
P54257	O35668
Q3UU67	Q3UU67
Q3UU67	Q2TA64
Q3UU67	Q6PIZ9
A2AG58	A2AG58
A2AG58	B2GUW9
A2AG58	A2AJT9
A2AG58	A2AJT9-2
A2AG58	A2AJT9-3
Q9BYN7	Q9BYN7
Q9BYN7	Q6PGC9
Q6R653	Q6R653
Q6R653	Q8IV45
P58735	P58735
P58735	P45380
P58735	Q9H2B4
Q96PB1	Q96PB1
Q96PB1	Q7TN73
Q9UNY4	Q9UNY4
Q9UNY4	ENSRNOP00000020933
Q9UNY4	Q9UNY4-2
Q9UNY4	Q5NC05
Q569L8	Q569L8
Q569L8	D4A194
Q569L8	Q9HC77
Q569L8	D3ZUW1
Q569L8	Q8C641
Q569L8	O35703
Q569L8	Q62183
Q569L8	Q62184
P06280	P06280
P06280	P51569
P06280	NP_001102290
P06280	Q9QWR8
P06280	P17050
P06280	Q66H12
Q14376	Q14376
Q14376	P18645
Q14376	Q8R059
Q6UXM1	Q6UXM1
Q6UXM1	Q6UXM1-2
Q6UXM1	Q6P1C6
Q6UXM1	O94898
Q6UXM1	Q52KR2
Q6UXM1	XP_232237
Q6UXM1	Q96JA1
Q6UXM1	P70193
Q6UXM1	G3XA59
Q6UXM1	D3ZVD5
Q6UXM1	Q14392
Q99MT2	Q99MT2
Q99MT2	O15457
P97464	P97464
P97464	Q16394
P97464	Q92935
P97464	Q9JKV7
P54802	P54802
P54802	D3ZZL3
P54802	O54752
Q0ZGT2	Q0ZGT2
Q0ZGT2	Q7Z4C7
Q0ZGT2	Q9Z2J4
Q0ZGT2	Q7TPW1
Q9Y3E2	Q9Y3E2
Q9Y3E2	Q06C60
Q9Y3E2	Q9D8S9
Q9Y3E2	Q8BGS2
Q9Y3E2	D4A9P7
Q9Y3E2	Q9H3K6
Q8IWZ3-6	Q8IWZ3-6
Q8IWZ3-6	E9PUR0
Q8IWZ3-6	Q8IWZ3-4
Q8IWZ3-6	Q8IWZ3-2
Q8IWZ3-6	Q8IWZ3
Q8IWZ3-6	O75179
Q8IWZ3-6	Q99NH0
Q8IWZ3-6	O75179-2
Q8IWZ3-6	D4A0B4
Q8IWZ3-6	E9PTK9
Q8IWZ3-6	Q8TC84
Q8IWZ3-6	Q9DAM9
Q8IWZ3-6	Q66H07
Q8IWZ3-6	Q8R5G4
Q8IWZ3-6	P42773
Q8IWZ3-6	Q60772
Q8IWZ3-6	P51480
Q8IWZ3-6	P42771
Q8IWZ3-6	P55272
Q8IWZ3-6	P42771-4
Q8IWZ3-6	P55271
Q8IWZ3-6	P42772
Q8IWZ3-6	Q9R0Z3
Q9D6W8	Q9D6W8
Q9D6W8	Q66H43
Q9D6W8	Q96GS4
Q66K66	Q66K66
Q66K66	Q8BG75
P60669	P60669
P60669	Q8VC98
P60669	Q9H4M7-2
P60669	Q9H4M7
Q8IWS0	Q8IWS0
Q8IWS0	D3ZQV8
Q8IWS0	Q9D4J7
Q8IWS0	Q8IWS0-2
P02663	P02663
P02663	Q02862
P02663	Q8CGR3
P02663	P02664
Q14154	Q14154
Q14154	Q9DCV6
Q14154	P60924
Q8N3C0	Q8N3C0
Q8N3C0	F1LPQ2
Q8N3C0	E9PZJ8
Q8N3C0	Q6P4T2
Q8N3C0	O75643
Q8N3C0	NP_001032855
Q3V0G7	Q3V0G7
Q3V0G7	Q3V0G7-2
Q3V0G7	Q5VVW2
Q3V0G7	D3ZGQ7
Q3V0G7	A2AUQ6
Q96B01	Q96B01
Q96B01	Q8C551
Q96B01	A1A5P3
Q9BTY2	Q9BTY2
Q9BTY2	Q99KR8
Q9BTY2	Q6AYS4
Q9BTY2	P04066
Q9BTY2	Q99LJ1
Q9BTY2	P17164
Q4G0A6	Q4G0A6
Q4G0A6	D3ZJJ0
Q4G0A6	Q3UQI9
Q4G0A6	A8MYZ0
Q3UUY6	Q3UUY6
Q3UUY6	Q8N271
Q3UUY6	Q8CJ52
Q3UUY6	Q8N271-2
Q32NC0	Q32NC0
Q32NC0	Q5XFZ0
Q32NC0	Q4V7D8
Q9P0W8	Q9P0W8
Q9P0W8	Q80VP2
Q9P0W8	F1LP56
Q8BWZ3	Q8BWZ3
Q8BWZ3	Q14CX7
Q8BWZ3	Q6QI44
Q8N7W2	Q8N7W2
Q8N7W2	Q8BSV3
Q8N3K9	Q8N3K9
Q8N3K9	M0R557
Q8N3K9	Q70KF4
Q8N3K9	A1L4K1
Q8N3K9	Q8BZ52
B2RY71	B2RY71
B2RY71	NP_001128208
B2RY71	Q8IWG1
Q9H6R7	Q9H6R7
Q9H6R7	Q6NV72
Q9H6R7	XP_006239930
Q9CYV5	Q9CYV5
Q9CYV5	Q86UB9
Q9CYV5	Q5U4F4
Q68DE3	Q68DE3
Q68DE3	B2RUQ2
Q8TEV9	Q8TEV9
Q8TEV9	Q8TEV9-2
Q8TEV9	D3ZJR6
Q8TEV9	Q3UMB5
Q14AW5	Q14AW5
Q14AW5	Q8NE18
Q7TT37	Q7TT37
Q7TT37	Q8VHU4
Q7TT37	O95163
Q8CBE3	Q8CBE3
Q8CBE3	Q9Y2I8-2
Q8CBE3	Q9Y2I8
Q8CBE3	D3ZQ02
Q8WZ79	Q8WZ79
Q8WZ79	Q9QY48
Q8WZ79	Q9QZK9
Q8WZ79	P56542
Q8WZ79	O00115
Q8WZ79	Q9QZK8
Q05860	Q05860
Q05860	Q05860-5
Q05860	Q68DA7
Q05860	Q68DA7-5
Q05860	D4A4Y9
Q05860	D3ZBI5
Q05860	Q9NZ81
Q05860	Q5U1W2
Q05860	Q9CQJ5
Q5GH76	Q5GH76
Q5GH76	Q5GH67
Q5GH76	Q5GH59
Q5GH76	Q5GH64
Q5GH76	Q5GH56
Q5GH76	Q5GH72
Q5GH76	Q5GH73
Q5GH76	E9Q6C8
Q5GH76	Q5GH57
P51571	P51571
P51571	Q62186
P51571	Q07984
Q562E7	Q562E7
Q562E7	Q5ND34
Q562E7	D4A929
Q9H5P4	Q9H5P4
Q9H5P4	Q9H5P4-2
Q9H5P4	XP_001070493
Q9H5P4	E9Q9W7
Q13426	Q13426
Q13426	Q924T3
Q13426	Q5XI44
Q8NBI6	Q8NBI6
Q8NBI6	D4ADL7
Q8NBI6	Q3U4G3
Q9BX95	Q9BX95
Q9BX95	Q9JI99
Q9BX95	Q99P55
Q9BX95	Q8IWX5
Q9BX95	Q810K3
Q96K78	Q96K78
Q96K78	D4AAI8
Q96K78	Q8BM96
A7MD48	A7MD48
A7MD48	Q8BKA3
Q8TER0	Q8TER0
Q8TER0	Q5ZQU0
Q8TER0	Q70E20
Q8TER0	O00548
Q8TER0	P97677
Q8TER0	Q61483
Q8TER0	Q09163
Q8TER0	O70534
Q8TER0	P80370
Q8TER0	Q9NYJ7
Q8TER0	O88671
Q8TER0	O88516
Q9GZY8	Q9GZY8
Q9GZY8	Q6PCP5
Q9GZY8	Q6PCP5-4
Q9GZY8	NP_001263330
Q9GZY8	Q9GZY8-2
Q9GZY8	Q9GZY8-4
Q9GZY8	Q9GZY8-5
Q9GZY8	Q6PCP5-2
O15218	O15218
O15218	P31392
O15218	P43142
O15218	Q99678
O15218	Q8BYC4
O15218	O15529
O15218	B2GV46
O15218	O14843
O15218	Q3UFD7
O15218	Q76EI6
O15218	Q8VCK6
O15218	O15552
Q9EQ20	Q9EQ20
Q9EQ20	Q02252
Q9EQ20	Q02252-2
Q9EQ20	Q02253
Q5U5V2	Q5U5V2
Q5U5V2	A2RU49
Q5U5V2	D3ZUX1
Q5U5V2	A2RU49-2
Q03933	Q03933
Q03933	P38533
Q03933	Q9R120
Q03933	Q03933-2
Q03933	Q9ULV5
Q03933	Q9R0L1
Q03933	Q9ULV5-2
Q03933	Q00613
Q03933	F1MAF1
Q03933	Q00613-2
Q03933	P38532-2
Q03933	P38532
Q03933	Q08DJ8
Q96NY8	Q96NY8
Q96NY8	Q96NY8-2
Q96NY8	Q8R007
Q96NY8	Q8R007-2
Q96NY8	P86176
Q96NY8	Q495A1
Q8BI29	Q8BI29
Q8BI29	Q499V8
Q8BI29	Q9BW04
Q8BI29	Q9BW04-2
Q96P50	Q96P50
Q96P50	D4A346
Q96P50	Q6NXL5
Q96P50	Q15057
Q96P50	Q6ZQK5
Q96P50	Q5FVC7
Q96P50	Q15027
Q96P50	D4ABD3
Q96P50	Q8K2H4
P70697	P70697
P70697	P06132
P70697	P32362
Q96K37	Q96K37
Q96K37	P0C6B1
Q96K37	Q8CD26
O14524	O14524
O14524	NP_001258178
O14524	O14524-2
O14524	Q6ZQE4
O14524	Q8CB65
O14524	A6NFY4
O14524	P0C8N6
P51587	P51587
P51587	P97929
P51587	NP_113730
P23025	P23025
P23025	Q64267
P23025	XP_006238098
Q99728	Q99728
Q99728	O70445
Q99728	Q9QZH2
O94880	O94880
O94880	G3V9T6
O94880	Q9D4H9
O94880	Q9D4H9-1
O94880	O94880-1
O94880	O94880-2
P97797	P97797
P97797	P97797-2
P97797	Q6F5F2
P97797	P97710
P97797	P78324-2
P97797	P78324-4
P97797	Q9P1W8-4
P97797	Q5TFQ8
P97797	P78324
P97797	Q9P1W8
P97797	Q9P1W8-3
P97797	O00241
P97797	Q9H106
O43586	O43586
O43586	P97814
O43586	B0BNK4
O43586	Q99M15
O43586	Q9H939-2
O43586	Q9H939
O43586	XP_001056422
Q04690	Q04690
Q04690	P21359-5
Q04690	P97526
Q04690	P21359-2
Q04690	P21359
P20933	P20933
P20933	Q64191
P20933	B7ZNK6
P20933	P30919
O43823	O43823
O43823	Q63014
O43823	Q9DBR0
O43823	Q9ULX6
O43823	Q9ULX6-2
O43823	Q5U306
O43823	Q9R0L7
O43823	XP_038948561
O43823	O88291
O43823	Q5BKZ1
O43823	Q5BKZ1-3
P49792	P49792
P49792	F1MXS1
P49792	O14715
P49792	Q7Z3J3
P49792	P0DJD1
P49792	P0DJD0
P49792	Q99666
P49792	A6NKT7
P49792	P24368
P49792	A0A075B767
P49792	Q9Y536
P49792	P17742
P49792	P24369
P49792	P62937
P49792	P23284
P49792	P10111
P49792	A0A075B759
P49792	P0DN26
P49792	P0DN37
P49792	F5H284
P49792	A0A0B4J2A2
P49792	P45877
P49792	XP_001002180
P49792	Q6AYQ9
P49792	P30412
P49792	Q9UNP9-3
P49792	Q9QZH3
P49792	Q9UNP9
P49792	P29117
P49792	Q99KR7
P49792	P30405
P49792	NP_001382655
P49792	Q9D868
P49792	NP_001386382
P49792	O43447
P49792	Q9D868-2
P49792	NP_001178533
P49792	Q9ERU9
P49792	Q3T0M7
P49792	P43487-2
P49792	D4A2G9
P49792	P34022
P49792	P43487
P06702	P06702
P06702	P31725
P06702	P50116
P06702	P80511
Q3V129	Q3V129
Q3V129	Q96C45
Q3V129	M0R685
Q63692	Q63692
Q63692	Q16543
Q63692	Q61081
Q63692	Q7L3B6
Q63692	Q5XIC3
Q63692	Q9CZP7
P51636	P51636
P51636	P51636-2
P51636	Q9WVC3
P51636	Q2IBC5
P51636	NP_001009477
P51636	P51638
P51636	P56539
P51636	P51637
P51636	Q03135-2
P51636	P33724
P51636	P41350
P51636	Q03135
P51636	P49817
P50393	P50393
P50393	P47713
P50393	P47712
Q9Z0N1	Q9Z0N1
Q9Z0N1	P81795
Q9Z0N1	Q2VIR3
Q9Z0N1	Q9Z0N2
Q9Z0N1	C9WPN6
Q9Z0N1	P41091
Q9R1T2	Q9R1T2
Q9R1T2	Q9UBE0
Q9R1T2	Q9UBE0-2
Q9R1T2	Q6AXQ0
Q9R1T2	Q9UBE0-3
Q9JJZ4	Q9JJZ4
Q9JJZ4	NP_001100112
Q9JJZ4	Q9Y385
Q9JJZ4	F1MBQ2
Q9JJZ4	Q8N2K1-3
Q9JJZ4	Q6AYB7
Q9JJZ4	Q6P073
Q9JJZ4	Q8N2K1
Q9JJZ4	XP_001476050
Q9JJZ4	P61089
Q9JJZ4	P61088
Q9JJZ4	Q9EQX9
Q9JJZ4	EDL33433
Q9JJZ4	Q5JXB2
Q9JJZ4	XP_001066426
B1AZI6	B1AZI6
B1AZI6	Q8NI27-2
B1AZI6	NP_001178685
B1AZI6	Q8NI27
NP_001178739	NP_001178739
NP_001178739	Q9HBL0-1
NP_001178739	Q9HBL0-2
NP_001178739	Q9GLM4
NP_001178739	Q9HBL0
NP_001178739	E9Q0S6
NP_001178739	Q68CZ2
NP_001178739	Q68CZ2-2
NP_001178739	Q5SSZ5
NP_001178739	NP_001163930
NP_001178739	Q63HR2-4
NP_001178739	M0R671
NP_001178739	Q8CGB6
NP_001178739	Q63HR2-2
NP_001178739	Q63HR2
NP_001178739	Q4V8I3
NP_001178739	Q8BZ33
NP_001178739	Q8IZW8
O00623	O00623
O00623	Q8VC48
O00623	O88177
P28330	P28330
P28330	P51174
P28330	P15650
P28330	P11310-2
P28330	P08503
P28330	P45952
P28330	P11310
P28330	Q9UKU7
P28330	Q9D7B6
P28330	NP_001385734
Q9HAP2	Q9HAP2
Q9HAP2	F1M051
Q9HAP2	Q2VPU4
Q9HAP2	Q8VIP2
Q9HAP2	Q99MZ3
Q9HAP2	Q9NP71
Q9HAP2	O08609
Q9HAP2	A2VCV8
Q9HAP2	A2BFB2
Q9HAP2	Q9UH92
Q9HAP2	Q9UH92-3
Q9HAP2	A2BFB1
Q9HAP2	Q9UH92-2
P08910	P08910
P08910	Q9QXM0
Q64602	Q64602
Q64602	Q8N5Z0
Q64602	Q9WVM8
P35556	P35556
P35556	Q61555
P35556	Q61554
P35556	P35555
P35556	Q9WUH8
P35556	Q75N90
P35556	Q9NS15
P35556	Q61810
P35556	ENSRNOP00000028229
P35556	Q14767
P35556	O08999
P35556	O35806
P35556	Q9WVH8
P35556	Q9UBX5
P35556	Q9WVH9
P35556	Q14766-4
P35556	Q14766-3
P35556	Q14766
P35556	Q00918
P35556	Q8CG19
P35556	Q61220
P35556	Q62918
P35556	Q99435
P35556	Q62919
P35556	Q92832
P35556	Q2VWQ2
Q9Y605	Q9Y605
Q9Y605	Q5M820
Q9Y605	Q9CQL7
Q9Y605	Q96HT8
Q9Y605	XP_619467
Q7Z2K6	Q7Z2K6
Q7Z2K6	Q3UVK0
Q7Z2K6	Q6UPR8
P59824	P59824
P59824	Q9NZN1
P59824	P59823
P59824	Q9NP60
P59824	Q9ERS6
P59824	Q9NPH3-5
P59824	Q3UVZ1
P59824	Q9NPH3
P59824	Q63621
P59824	Q61730-2
P59824	P59822
P59824	Q61730
P59824	Q13478
P59824	Q61098
P10362	P10362
P10362	Q03517
P10362	P13521
E9Q9Q2	E9Q9Q2
E9Q9Q2	F1LNT3
E9Q9Q2	Q15032-3
E9Q9Q2	Q15032
E9Q9Q2	Q15032-2
E9Q9Q2	Q9UBL0
E9Q9Q2	D3ZQR3
E9Q9Q2	Q9DCB4
E9Q9Q2	Q7M2N1
E9Q9Q2	Q9UBL0-2
E9Q9Q2	Q9DCB4-4
E9Q9Q2	Q80TM6
E9Q9Q2	A0JNC2
E9Q9Q2	Q9Y2K5
E9Q9Q2	B5MCU0
E9Q9Q2	G3V9G7
Q9NXK8	Q9NXK8
Q9NXK8	Q9EPX5
Q9NXK8	Q4KM96
P70259	P70259
P70259	P51810
Q80XC6	Q80XC6
Q80XC6	XP_234465
Q80XC6	Q9H7Z3
A0A1B0GVS7-2	A0A1B0GVS7-2
A0A1B0GVS7-2	A0A1B0GVS7
O15315	O15315
O15315	O35719
Q3SXY8	Q3SXY8
Q3SXY8	Q3SXY8-2
Q3SXY8	Q640N2
Q3SXY8	Q6AXT3
Q3SXY8	Q9D416
Q3SXY8	Q5H913
Q3SXY8	Q63055
Q3SXY8	Q13795
Q3SXY8	Q8BXL7
F7EMB2	F7EMB2
F7EMB2	Q9CQE8
F7EMB2	Q9Y224
Q9NUQ7	Q9NUQ7
Q9NUQ7	Q5XIB4
Q9NUQ7	Q99K23
Q9NUQ7	EDM13277
Q9NUQ7	Q6NVU6
Q9NUQ7	Q9CZP0
Q96BF6	Q96BF6
Q96BF6	Q562B4
Q96BF6	Q9DCM7
Q96BF6	O35260
Q96BF6	Q7TSZ8
Q96BF6	Q96RE7
Q7M732	Q7M732
Q7M732	XP_243381
Q7M732	A6NKG5
Q7L5Y6	Q7L5Y6
Q7L5Y6	Q498E1
Q7L5Y6	Q9D0A0
Q9BZE2	Q9BZE2
Q9BZE2	B0BN58
Q9BZE2	Q9JI38
O43278	O43278
O43278	O43278-2
O43278	Q9R097
O43278	Q4V8Q2
O43278	Q9WU03
O43278	O43291
O43278	Q9WU03-2
O43278	Q6P796
O43278	Q9WU03-3
Q6NXT6	Q6NXT6
Q6NXT6	XP_038948711
Q6NXT6	Q4VBD2
Q01151	Q01151
Q01151	O88324
Q08890	Q08890
Q08890	P22304-3
Q08890	P22304
Q08890	Q32KJ4
Q15651	Q15651
Q15651	Q66H40
Q15651	Q9DCB1-2
Q15651	Q9DCB1
Q15651	Q15651-2
Q15651	P02313
Q15651	P09602
Q15651	O00479
Q15651	P18437
Q15651	P05204
P82663	P82663
P82663	Q4QR80
P82663	Q9D125
C9JI98	C9JI98
C9JI98	NP_001387878
C9JI98	A9JSM3
C9JI98	A6NJY4
P10070	P10070
P10070	P10070-1
P10070	P10070-2
P10070	Q61602
P10070	P10071
P10070	NP_536330
P10070	P47806
P10070	G3V6X8
P10070	P08151
P10070	Q0VGT2
P10070	Q8NEA6-2
P10070	Q8NEA6
P10070	Q8K1M4
P10070	Q8NBF1
P10070	Q6XP49
P10070	Q9BXK1
P10070	B2GUY9
P10070	P58334
Q8JHB7	Q8JHB7
Q8JHB7	P80723
Q8JHB7	P80723-2
Q8JHB7	Q05175
Q8JHB7	Q91XV3
Q9D075	Q9D075
Q9D075	Q5RJK3
Q9D075	Q6PF06
Q9D075	Q8TBZ6
Q9D075	Q4KLI2
Q9D075	Q8C1Z8
Q569G3	Q569G3
Q569G3	Q24JP4
Q6ZN92	Q6ZN92
O75818	O75818
O75818	Q8R1F9
O75818	Q5BK64
Q7Z460	Q7Z460
Q7Z460	F1LNQ9
Q7Z460	Q7Z460-3
Q7Z460	Q7Z460-2
Q7Z460	Q8BRT1
Q7Z460	Q99JD4
Q7Z460	E1BGU2
Q7Z460	A5D6Q8
Q7Z460	O75122-3
Q7Z460	O75122
Q7Z460	Q96F87
Q7Z460	B7ZLX3
Q7Z460	Q7Z460-4
Q7Z460	F1LNR1
Q7Z460	Q80TV8
Q7Z460	Q8BRT1-5
Q13098-6	Q13098-6
Q13098-6	P97834
Q13098-6	NP_001257868
Q13098-6	Q99LD4
Q13098-6	Q13098-7
Q13098-6	Q13098
Q13098-6	Q13098-5
Q13098-6	G3UXW9
Q8NEC5	Q8NEC5
Q8NEC5	Q91ZR5
A8K010	A8K010
Q9BVM4	Q9BVM4
Q9BVM4	Q4KM86
Q9BVM4	Q923B0
P0CG43	P0CG43
P0CG43	C9JC47
P0CG43	P0CG42
Q91VA6	Q91VA6
Q91VA6	Q9Y2S7
Q5TG53	Q5TG53
Q9P2K9	Q9P2K9
Q9P2K9	A3KFU9
Q8N336	Q8N336
Q8N336	Q3V1U8
Q8N336	Q8BGF6
Q8N336	Q8IZ81
Q8N336	D3ZNV6
Q8BNX7	Q8BNX7
Q8BNX7	Q8N912
P62304	P62304
P62304	P62305
P62304	NP_001258166
Q9EQV6	Q9EQV6
Q9EQV6	O14773
Q9EQV6	O89023
Q9Y239	Q9Y239
Q9Y239	Q8BHB0
Q9Y239	D4ADT7
Q9Y239	Q9HC29
Q9Y239	Q8K3Z0
Q8TDD2	Q8TDD2
Q8TDD2	Q8VI67
Q8TDD2	Q9UIH9
Q8TDD2	Q5FVT6
Q8TDD2	Q9EPW2
A2A6A1	A2A6A1
A2A6A1	F1M4M5
A2A6A1	Q9UKJ3
A2A6A1	Q9UKJ3-2
D3YX67	D3YX67
D3YX67	Q8NA57
D3YX67	Q6AYU0
Q6MZN7	Q6MZN7
O43427	O43427
O43427	Q9JI19
O43427	Q6P775
B0BNF6	B0BNF6
B0BNF6	Q9NX47
B0BNF6	Q3KNM2
Q8CJB9	Q8CJB9
Q8CJB9	O75150-3
Q8CJB9	Q3U319
Q8CJB9	O75150
Q8CJB9	Q5VTR2
Q8CJB9	Q5DTM8
Q8CJB9	NP_001101399
Q86VQ3	Q86VQ3
Q86VQ3	Q69AB2-2
Q86VQ3	Q69AB2
Q86VQ3	Q6P902
Q86VQ3	P10639
Q86VQ3	P10599
Q86VQ3	P11232
Q86VQ3	Q5XHX6
Q86VQ3	P97615
Q86VQ3	P97493
Q86VQ3	Q99757
Q86VQ3	Q69AB1
Q86VQ3	Q6A555
O08686	O08686
O08686	Q9UMQ3
O08686	Q9ER42
O08686	Q9HBU1
O08686	P31268
O08686	P02830
Q8CAK1	Q8CAK1
Q8CAK1	XP_344644
Q8CAK1	D4ADG2
Q8CAK1	Q5T440
A6NEE1	A6NEE1
A6NEE1	B1WBU8
A6NEE1	B2RPU2
Q5HYJ1	Q5HYJ1
Q5HYJ1	Q8BFZ1
Q5HYJ1	Q64232
Q5HYJ1	Q9NZ01
Q5HYJ1	Q9CY27
Q8BGH7	Q8BGH7
Q8BGH7	A1L1K4
Q8BGH7	Q9NRR3
Q8BGH7	Q8BHL7
Q8BGH7	Q5BJM7
Q8BGH7	Q9NRR8
O60613	O60613
O60613	Q923V8
O60613	Q9ERR7
Q9H091	Q9H091
Q9H091	Q8C0R7
P47224	P47224
P47224	Q91X96
P47224	Q08326
Q684R7	Q684R7
Q684R7	Q5H8C1
Q9CQS3	Q9CQS3
Q9CQS3	Q8TAL6
Q9CQS3	Q5U2T4
O70514	O70514
O70514	Q14512
O70514	Q9QY10
O70514	Q9MZ06
G5E869	G5E869
G5E869	P52746
G5E869	NP_001101695
Q80ZM8	Q80ZM8
Q80ZM8	Q9UJA2
Q80ZM8	Q5U2V5
D3YU81	D3YU81
D3YU81	XP_576547
D3YU81	Q6ZV50
Q3V0C5	Q3V0C5
Q3V0C5	Q86UV5-8
Q3V0C5	Q76LT8
Q3V0C5	Q86UV5
Q3V0C5	Q86UV5-5
Q5XI02	Q5XI02
Q5XI02	Q9DAN1
Q5XI02	Q8N807
Q8TAX7	Q8TAX7
Q8BQG2	Q8BQG2
Q8BML2	Q8BML2
Q96LY2	Q96LY2
Q96LY2	Q96AQ1
Q96LY2	F1M8E1
Q9JIA1	Q9JIA1
Q9JIA1	O95970
Q9JIA1	Q8K4Y5
Q9JIA1	Q8K4Z0
Q9JIA1	Q8N0V4
Q9JIA1	Q8N145
Q9JIA1	Q8K406
Q9JIA1	Q8N135
Q9JIA1	Q8K1S1
Q8BSI6	Q8BSI6
Q8BSI6	Q9Y3T6
Q8BSI6	NP_001386437
Q5PQL7	Q5PQL7
Q5PQL7	Q91VK4
Q5PQL7	Q9NQX7
Q5PQL7	O89051
Q5PQL7	Q9Y287
Q5PQL7	Q5XIE8
Q5PQL7	Q4KLJ2
Q5PQL7	O43736-2
Q5PQL7	Q61500
Q5PQL7	O43736
XP_001079282	XP_001079282
XP_001079282	XP_487135
XP_001079282	D3ZJ84
XP_001079282	Q8C1R0
XP_001079282	Q9BXA7
XP_001079282	O54863
XP_001079282	Q96PF2
XP_001079282	Q61241
XP_001079282	XP_001001994
F1M7D1	F1M7D1
F1M7D1	Q4G0S7
O70196	O70196
O70196	Q9QUR6
O70196	P48147
Q9QXN4	Q9QXN4
Q9QXN4	Q9UGB7
Q9QXN4	Q9QXN5
Q9Z311	Q9Z311
Q9Z311	Q9BV79
Q9Z311	Q9DCS3
Q6AXV4	Q6AXV4
Q6AXV4	Q9Y512
Q6AXV4	Q8BGH2
XP_001073402	XP_001073402
XP_001073402	P46776
XP_001073402	P18445
XP_001073402	D3ZI60
XP_001073402	P14115
Q8N9R8-2	Q8N9R8-2
Q8N9R8-2	F1M3P6
Q8N9R8-2	Q8C8N2
Q8N9R8-2	Q8N9R8
P03081	P03081
NP_001092197	NP_001092197
NP_001092197	Q9CSU0
NP_001092197	Q9NQG5
NP_001092197	D4AAU4
NP_001092197	Q96P16
NP_001092197	Q8VDS4
Q91WL6	Q91WL6
Q91WL6	D4A3W4
Q91WL6	Q9Y5W9
Q91WL6	Q9Y5X0
Q91WL6	Q9CWT3
Q91WL6	Q5BJX4
Q9D1N9	Q9D1N9
Q9D1N9	Q7Z2W9
Q9D1N9	D3ZMR9
NP_001100696	NP_001100696
NP_001100696	Q3TD36
NP_001100696	Q8TE82
NP_001100696	Q80VA5
NP_001100696	Q8TF17
NP_001100696	Q8TF17-3
Q7TP99	Q7TP99
Q7TP99	Q9P2E3
Q7TP99	Q8R151
XP_001073318	XP_001073318
XP_001073318	Q4V8D0
XP_001073318	A6NCI8
XP_001073318	XP_003086955
XP_001073318	Q3V0A6
XP_001073318	XP_003086949
Q61888	Q61888
Q61888	Q16378
B2RYL1	B2RYL1
B2RYL1	P0CG14
B2RYL1	P0CG12
Q9UHD0	Q9UHD0
Q9UHD0	Q8CJ70
Q9UHD0	Q9JKV9
Q9UHD0	Q9NYY1
Q06002	Q06002
Q06002	Q12934
Q06002	Q02435
Q06002	A2AMT1
Q9Y664	Q9Y664
Q9Y664	Q8VCX6
Q8TEH3-6	Q8TEH3-6
Q8TEH3-6	A2ALU3
Q8TEH3-6	Q8K382
Q8TEH3-6	Q8TEH3
Q8TEH3-6	XP_001054659
Q8TEH3-6	Q8TEH3-2
Q8TEH3-6	D3Z8F6
Q8TEH3-6	Q8CFK6
Q8TEH3-6	Q8IV53
Q8TEH3-6	Q6P3S1
Q8TEH3-6	Q6P3S1-5
Q8TEH3-6	Q3U1T9
Q8TEH3-6	Q3U1T9-5
Q6ZR37	Q6ZR37
Q6ZR37	Q6ZR37-2
Q8WZ26	Q8WZ26
Q9NV12	Q9NV12
Q9NV12	Q8BGY5
Q9NV12	Q5M826
Q7M747	Q7M747
Q7M747	Q9JI02
Q7M747	Q7TNM8
P97887	P97887
P97887	P49768-2
P97887	P49769
P97887	P49768-3
P97887	P49768
P97887	P49810
P97887	Q61144
P97887	O88777
Q66JY6	Q66JY6
Q66JY6	Q8N4T4
Q66JY6	B0BN40
Q5VUD6	Q5VUD6
Q5VUD6	Q99ML4
Q5VUD6	Q5FVL3
Q5VUD6	B2RYE8
Q5VUD6	Q5T7M9
Q5VUD6	Q9D6I7
Q66K80	Q66K80
XP_001058466	XP_001058466
XP_001058466	Q2WG77
XP_001058466	Q0D2K3
O95399	O95399
O95399	Q9QZQ4
O95399	Q9QZQ3
XP_006229864	XP_006229864
XP_006229864	Q7Z589-7
XP_006229864	Q7Z589
XP_006229864	Q8BMB0
A6NMK8	A6NMK8
A6NMK8	Q6GQV1
P0C7M3	P0C7M3
Q6AYG4	Q6AYG4
Q6AYG4	Q14AX1
Q6AYG4	Q8TAL5
Q9HB31	Q9HB31
Q99MW6	Q99MW6
Q99MW6	XP_001054370
Q99MW6	D3Z8R9
Q99MW6	Q9GZY0
Q99MW6	Q9H1B4
Q99MW6	Q99JX7
Q99MW6	Q9UBU9
Q99MW6	O88984
Q99MW6	Q4ZGD9
Q99MW6	Q80SZ6
Q99MW6	Q9H4D5
Q99MW6	Q9UBU9-2
P11762	P11762
P11762	P09382
P11762	P16045
P11762	P05162
P11762	Q9CQW5
P11762	Q9Z144
Q8BMW7	Q8BMW7
Q8BMW7	Q0D2K0
Q8BMW7	Q6NVV3
Q8BMW7	Q9JJC8
Q8BMW7	Q8N8Q9
Q8BMW7	Q8BZF2
Q8BMW7	Q7RTP0
Q8BMW7	Q8BHK1
Q8CCF3	Q8CCF3
XP_003084948	XP_003084948
XP_003084948	Q86TZ1
XP_003084948	XP_216713
F1LRY1	F1LRY1
F1LRY1	Q9DA80
F1LRY1	Q3UFY4
F1LRY1	Q86UC2
D3ZTS1	D3ZTS1
D3ZTS1	A6NF83
D3ZTS1	Q497P3
D3Z8Z2	D3Z8Z2
D3Z8Z2	Q8BGR5
D3Z8Z2	Q14153
D3Z8Z2	B5DF22
D3Z8Z2	E9PV82
D3Z8Z2	Q6NSI3
D3Z8Z2	Q8BXQ8
D3Z8Z2	D3ZH55
D3Z8Z2	Q9NYF3
Q8C258	Q8C258
XP_003085348	XP_003085348
XP_003085348	Q6UXX5
XP_003085348	P19823
XP_003085348	Q61703
XP_003085348	Q498S9
XP_003085348	A6X935
XP_003085348	Q14624-2
XP_003085348	Q5EBC0
XP_003085348	Q14624
XP_003085348	Q8BJD1
XP_003085348	Q86UX2
XP_003085348	Q06033
XP_003085348	Q63416
XP_003085348	Q61704
XP_003085348	Q06033-2
XP_003085348	P19827
XP_003085348	Q8K159
XP_003085348	Q61702
XP_003085348	B2RYM3
A7XUY5	A7XUY5
A7XUY5	A7XUZ6
A7XUY5	A7TZF3
A7XUY5	A7XUX6
A7XUY5	A7TZF0
A7XUY5	A7XV07
A7XUY5	A7XV04
A7XUY5	B2ZEZ3
A7XUY5	A7TZE6
A7XUY5	XP_001072202
B5DFN3	B5DFN3
B5DFN3	Q9CQY6
B5DFN3	Q9BRT2
Q80W59	Q80W59
Q80W59	Q9QZV4
Q80W59	P23327
Q5U2U6	Q5U2U6
Q5U2U6	Q9DB75
Q5U2U6	Q9H305
Q5U2U6	Q8K353
Q5U2U6	Q9H1C7
Q5U2U6	Q99732
Q5U2U6	Q9JLJ0
Q5U2U6	Q99732-3
Q5U2U6	P0C0T0
Q5U2U6	A0A1B0GVX0
P62703	P62703
P62703	Q8TD47
P62703	Q3V1Z5
P62703	D3ZX01
P62703	P62702
P62703	P62701
P62703	P22090
P62703	NP_001074505
M0R9X3	M0R9X3
M0R9X3	Q9D3U4
M0R9X3	O14979
M0R9X3	Q9Z130
M0R9X3	O14979-2
M0R9X3	Q3SWU3
M0R9X3	D3YTQ3
M0R9X3	Q14103-4
M0R9X3	O88311
M0R9X3	Q60668
M0R9X3	Q9JJ54-2
M0R9X3	Q60668-3
M0R9X3	Q14103-2
M0R9X3	Q14103-3
M0R9X3	Q9JJ54
M0R9X3	P17132
M0R9X3	Q14103
M0R9X3	Q99729
M0R9X3	Q99729-2
M0R9X3	Q3TMZ8
M0R9X3	Q99020
M0R9X3	Q99729-3
M0R9X3	Q96EP5
M0R9X3	Q9JII5-2
M0R9X3	Q9JII5
M0R9X3	Q4KLZ3
M0R9X3	Q96EP5-2
Q5RKK8	Q5RKK8
Q5RKK8	Q2VPR5
D3ZXX4	D3ZXX4
D3ZXX4	Q5DTN8
D3ZXX4	Q5VZ66
D3ZXX4	D3YXK0
D3ZXX4	Q96AA8-3
D3ZXX4	Q96AA8
D3ZXX4	Q96N16-2
D3ZXX4	Q8BVL9
D3ZXX4	Q96N16
D3ZXX4	Q3SWS9
Q5PPG4	Q5PPG4
Q5PPG4	Q99KZ6
Q5PPG4	Q9UID6
Q3B7U6	Q3B7U6
Q3B7U6	Q96SF2
Q3B7U6	A6NM43
Q3B7U6	Q3ZCI9
Q3B7U6	D4ACB8
Q3B7U6	P50990-2
Q3B7U6	P42932
Q3B7U6	P50990
P22234-2	P22234-2
P22234-2	Q9DCL9
P22234-2	P22234
P22234-2	P51583
Q96A57-2	Q96A57-2
Q96A57-2	Q8CIB6
Q96A57-2	Q96A57
Q96A57-2	Q5BJP5
P97608	P97608
P97608	O14841
P97608	Q8K010
Q9JHB5	Q9JHB5
Q9JHB5	Q9QZE7
Q9JHB5	Q99598
P01096	P01096
P01096	Q9UII2-2
P01096	Q9UII2-3
P01096	Q03344
P01096	O35143
P01096	Q9UII2
D3ZGX1	D3ZGX1
D3ZGX1	Q5QGS0
D3ZGX1	Q5DTT1
Q7Z7J7	Q7Z7J7
Q7Z7J7	Q5U4E0
Q7Z7J7	Q7TSY2
Q7Z7J7	Q9CTN8
Q7Z7J7	Q86UP9
Q7Z7J7	Q5PPI7
Q7Z7J7	Q8TAF8
Q7Z7J7	Q4KL25
Q5JPH6-2	Q5JPH6-2
Q5JPH6-2	Q5JPH6
Q5JPH6-2	Q9CXJ1
Q5JPH6-2	M0RAI4
Q9NRP0-2	Q9NRP0-2
Q9NRP0-2	B0K025
Q9NRP0-2	Q9NRP0
Q9NRP0-2	Q78XF5
Q8NBJ9-2	Q8NBJ9-2
Q8NBJ9-2	E0CXC7
Q8NBJ9-2	Q8CIF6
Q8NBJ9-2	Q8NBJ9
Q8NBJ9-2	D3ZEH5
Q8NBJ9-2	Q9NXL6-2
Q8NBJ9-2	Q6AXF6
Q8NBJ9-2	Q9NXL6
Q8NBJ9-2	Q6Q3F5
D4A1D8	D4A1D8
D4A1D8	O15260
D4A1D8	Q64310
Q3MIE9	Q3MIE9
Q3MIE9	P97355
Q3MIE9	P52788
D4A511	D4A511
D4A511	P49458-2
D4A511	P49962
D4A511	P49458
Q9D708	Q9D708
Q9D708	B0BMX3
Q9D708	Q96FQ6
Q9D708	Q99584
Q9D708	P97352
Q9D708	D3ZTB5
Q62997	Q62997
Q62997	P97785-2
Q62997	P97785
Q62997	P56159-2
Q62997	P56159
Q62997	O08842
Q62997	O00451
Q62997	Q9GZZ7
Q62997	Q9EPI2
Q62997	Q9JJT2
Q62997	O60609
Q62997	O35118
Q9CQX5	Q9CQX5
Q9CQX5	Q9NY35-3
Q9CQX5	G3V674
Q9CQX5	Q9NY35
Q3UH45	Q3UH45
Q3UH45	D4A6U4
Q3UH45	O15040
Q91VR2	Q91VR2
Q91VR2	P05631
Q91VR2	P36542
Q91VR2	NP_446277
Q91VR2	P36542-2
XP_001069190	XP_001069190
XP_001069190	A2AQ25
XP_001069190	Q9QWI6
XP_001069190	Q9C0H9-2
XP_001069190	Q9QXY2
XP_001069190	B1AQX9
XP_001069190	B1AQX7
XP_001069190	Q5T5P2
XP_001069190	BAC41473
XP_001069190	Q5T5P2-3
XP_001069190	A2AQ25-2
XP_001069190	Q9C0H9
Q8N427	Q8N427
Q8N427	Q8N427_VAR_061898
Q8N427	Q86XW9
Q8N427	A0A1L1SUL6
Q8N427	Q86XW9-2
Q8N427	Q715S9
Q8N427	Q715T0
Q8N427	Q9QXL7
Q8N427	Q9QXL8
Q8N427	Q9Y5B8
Q8N427	O88425
Q8N427	O75414
Q8N427	O88426
Q8VI64	Q8VI64
Q8VI64	Q8TDB4
Q96BY7	Q96BY7
Q96BY7	Q96BY7_VAR_I1567T
Q96BY7	Q2TAZ0-3
Q96BY7	Q2TAZ0
Q96BY7	Q80XK6
Q96BY7	D3ZT64
Q96BY7	Q6P4T0
D6REC4	D6REC4
D6REC4	XP_001064920
D4A702	D4A702
D4A702	E9Q1U2
D4A702	Q91YE8
D4A702	Q9UMS6-2
D4A702	Q9UMS6
D4A702	D3ZZ68
D4A702	Q9H987
D4A702	Q8BWB1
Q9NYY3	Q9NYY3
Q9NYY3	P53351
Q9NYY3	Q9R012
Q9NYY3	Q4FZD7
Q9NYY3	D3ZY07
Q9NYY3	Q496M5
Q9NYY3	Q60806-2
Q9NYY3	Q60806
Q9NYY3	Q9R011
Q9NYY3	Q9H4B4
Q86Y07	Q86Y07
Q86Y07	A0A0G2JVP1
Q86Y07	Q8BN21
Q86Y07	Q86Y07-2
Q86Y07	Q86Y07-3
Q86Y07	Q80X41
Q86Y07	Q99986
Q86Y07	Q6AYA2
Q86Y07	Q8IV63
Q86Y07	Q8IV63-2
Q86Y07	Q8K3G5
Q86Y07	Q66HC2
Q86Y07	D3Z2U5
O89106	O89106
O89106	P49789
O89106	Q9JIX3
Q8WXE1	Q8WXE1
Q8WXE1	Q8WXE1-2
Q8WXE1	Q8BMG1
Q8WXE1	D4A4M3
O75170	O75170
O75170	O75170-2
O75170	Q8R3Q2
O75170	F1M6T6
O75170	Q9UPN7
O75170	Q7TSI3
O75170	XP_341782
O75170	Q5H9R7-5
O75170	Q922D4
O75170	Q5H9R7
O75170	Q5H9R7-2
O75170	Q922D4-3
O75170	D3ZBT9
O94913	O94913
O94913	E9PQ01
O94913	G3X9Z4
O94913	D3ZY40
Q86T24	Q86T24
Q86T24	Q8BN78
Q86T24	D3ZAN8
Q9CXC9	Q9CXC9
Q9CXC9	P41161
Q9CXC9	P50549
Q9CXC9	P50549-2
Q9CXC9	P41164
Q9CXC9	E9PTJ2
Q9CXC9	P43268
Q9CXC9	P28322
O75362	O75362
O75362	Q3U0X6
O75362	D4AB75
P17535	P17535
P17535	A7YY54
P17535	P17275
P17535	P24898
P17535	P09450
P17535	O77627
P17535	P05412
P17535	P17325
P17535	P05627
P17535	P52909
P17535	P15066
Q6NXW6	Q6NXW6
Q6NXW6	E9PTL1
Q6NXW6	O75943
Q6NXW6	E1BPL7
Q15772	Q15772
Q15772	Q62407
Q15772	Q63638
Q15772	Q15772-1
Q15772	Q03147
Q15772	P50613
Q15772	P51952
P51617	P51617
P51617	Q62406
P51617	P51617-4
P51617	B2RYH5
P51617	Q8K4B2
P51617	Q9Y616-2
P51617	Q9Y616
Q92954	Q92954
Q92954	Q92954-5
Q92954	E0CZ58
Q92954	NP_001099432
Q92954	Q9JM99
Q9UQ84	Q9UQ84
Q9UQ84	Q9QZ11
O08874	O08874
O08874	Q16513
O08874	Q16513-2
O08874	Q8BWW9
O08874	Q16512-2
O08874	Q16512
O08874	P70268
O08874	Q63433
O08874	P09216
O08874	P16054
O08874	Q02156
O08874	P17252
O08874	P05696
O08874	P20444
O08874	P04409
O08874	Q02956
O08874	Q05513
O08874	P09217
O08874	Q05513-3
O08874	Q05513-2
O08874	P05771-2
O08874	P68404
O08874	P05771
O08874	P05126-2
O08874	P68403-2
O08874	P68404-2
O08874	P68403
O08874	Q64617
O08874	P23298
O08874	P24723
O08874	P41743
O08874	Q62074
O08874	F1M7Y5
O08874	P63319
O08874	P63318
O08874	P05129
O08874	Q6P5Z2
O08874	NP_001376165
O08874	Q8K045
Q8TC76	Q8TC76
Q8TC76	Q5BJX5
Q8TC76	Q8C739
Q8TC76	Q6AXZ9
Q8TC76	Q9BQ89
Q8TC76	Q8R184
O94812	O94812
O94812	Q80TT2
O94812	Q70J99-3
O94812	B2RUP2
O94812	Q70J99
O94812	Q9R189
O95359	O95359
O95359	O95359-3
O95359	NP_001004415
O95359	O95359-2
O95359	E9Q8T1
O95359	Q9JJG0
O95359	O75410-2
O95359	Q6Y685-2
O95359	O75410-7
O95359	Q6Y685
O95359	O75410
O95359	NP_001004107
O95359	F1NCL7
O95359	F1S8S7
O95359	Q9JJ11
O95359	Q9Y6A5
O95359	A0A8I5Y652
Q8BXR5	Q8BXR5
Q8BXR5	Q8IZF0
Q8BXR5	Q6Q760
Q6DNA4	Q6DNA4
Q6DNA4	Q8NEY3
Q6DNA4	Q8K3V1
Q8NB91	Q8NB91
Q8NB91	D4A5I2
Q8NB91	Q5XJY6
Q9C0J9	Q9C0J9
Q9C0J9	O35779
Q9C0J9	Q99PV5
Q9C0J9	O14503
Q9C0J9	O35780
Q9C0J9	O35185
Q9C0J9	P70120
Q9C0J9	Q5TA89
Q9C0J9	Q03062
Q8VCI7	Q8VCI7
Q8VCI7	Q6NVH7
Q8VCI7	NP_001102225
Q3T1L5	Q3T1L5
Q3T1L5	Q9Y672
Q3T1L5	Q3TAE8
Q3T1L5	Q9BVK2
Q3T1L5	Q6P8H8
Q3T1L5	Q497D1
NP_001162586	NP_001162586
NP_001162586	Q7Z392
NP_001162586	B2RXC1
Q8CD54	Q8CD54
Q8CD54	Q9H5I5-4
Q8CD54	Q9H5I5
Q8CD54	E2JF22
Q8CD54	Q6ZQF9
Q8CD54	Q92508
Q8CD54	Q0KL00
Q8WYA6	Q8WYA6
Q8WYA6	Q9CWL8
Q8WYA6	Q4V8K2
Q9BR10	Q9BR10
Q9BR10	Q9DA57
Q9BR10	Q4QR74
Q66H33	Q66H33
Q66H33	Q5JPI3
Q66H33	Q3TTL0
Q99ME2	Q99ME2
Q99ME2	Q5XFW6
Q99ME2	Q9NNW5
Q6EMK4	Q6EMK4
Q6EMK4	Q9CZT5
Q6EMK4	D3ZAE6
Q99PT3	Q99PT3
Q99PT3	Q0D2L4
Q99PT3	Q9C086
Q9H8L6	Q9H8L6
Q9H8L6	A6H6E2
Q9H8L6	D4ABX6
O75534-4	O75534-4
O75534-4	O75534
O75534-4	Q91W50
O75534-4	O75534-2
O75534-4	O75534-3
O75534-4	P18395
P25189-2	P25189-2
P25189-2	P10522
P25189-2	P27573
P25189-2	P25189
P25189-2	P06907
P25189-2	O70255
P25189-2	O60487
P25189-2	D4AAE2
P25189-2	Q3TEW6
P25189-2	O95297-3
P25189-2	NP_001001880
P25189-2	Q6AYT8
P25189-2	O95297
P25189-2	O95297-2
P25189-2	Q3V3F6
P25189-2	Q6UWV2
Q9NTJ4-4	Q9NTJ4-4
Q9NTJ4-4	Q91W89
Q9NTJ4-4	P21139
Q9NTJ4-4	Q9NTJ4
P17096-3	P17096-3
P17096-3	Q3TE85
P17096-3	P17096
P17096-3	P17095
P17096-3	Q8K585
P17096-3	P17096-2
P17096-3	P17095-1
Q9NVQ4-2	Q9NVQ4-2
Q9NVQ4-2	Q9NVQ4
Q9NVQ4-2	Q8R5H8
Q9NVQ4-2	D3Z3C1
Q9NVQ4-2	Q9WUD8
Q9Y241-2	Q9Y241-2
Q9Y241-2	Q8VH49
Q9Y241-2	A8MV81
Q9Y241-2	Q9Y241
Q9Y241-2	Q9JLR9
Q9Y241-2	Q9P298
Q9Y241-2	Q99JY6
Q9Y241-2	Q76I25
Q5SQ64-2	Q5SQ64-2
Q5SQ64-2	O95868
Q5SQ64-2	Q5SQ64
Q5SQ64-2	B2RXM6
Q5SQ64-2	Q6MG56
Q5SQ64-2	Q9Z1Q3
Q5SQ64-2	Q6MG58
Q96H22-3	Q96H22-3
Q96H22-3	Q96H22
Q96H22-3	Q5U2W4
Q96H22-3	Q9CZW2
Q96FJ0-2	Q96FJ0-2
Q96FJ0-2	Q76N33
Q96FJ0-2	Q96FJ0
Q96FJ0-2	B0BMZ5
Q96FJ0-2	Q8R424
Q96FJ0-2	Q9CQ26
Q96FJ0-2	O95630
F1LNB3	F1LNB3
F1LNB3	O88845
F1LNB3	O43572
D3ZHD7	D3ZHD7
D3ZHD7	Q9JL61
D3ZHD7	P48382
D4A4V1	D4A4V1
D4A4V1	Q9Y3D5
D4A4V1	Q8R2L5
XP_017453297	XP_017453297
R4GMX3	R4GMX3
R4GMX3	Q63829
R4GMX3	P35226
R4GMX3	P25916
R4GMX3	Q6P9U3
R4GMX3	Q9UBI1
R4GMX3	B4F7B6
R4GMX3	Q99NA9
R4GMX3	Q9BYE7
R4GMX3	Q5XI70
R4GMX3	Q9BYE7-3
R4GMX3	P35227
R4GMX3	P23798
R4GMX3	B2RZ82
R4GMX3	Q9BSM1
R4GMX3	Q8R023
R4GMX3	Q6DLV9
R4GMX3	Q3KNV8
R4GMX3	Q8BTQ0
R4GMX3	Q86SE9
R4GMX3	Q3UK78
R4GMX3	A0A0G2K8R7
G3V6M8	G3V6M8
G3V6M8	Q9CWU9
G3V6M8	Q8NFH4
Q7TMZ5	Q7TMZ5
Q7TMZ5	Q9JKW0
Q7TMZ5	Q15041
D3ZY75	D3ZY75
D3ZY75	A2RUC4
D3ZY75	A2RSX7
Q497B3	Q497B3
Q497B3	Q8K177
Q497B3	Q53RY4
Q497B3	Q969K7
Q497B3	Q494T4
Q497B3	A2A7R1
Q497B3	Q9D7S1
P56225	P56225
P56225	Q8N7G0
P56225	Q9DAC9
P0C5J2	P0C5J2
P0C5J2	Q9UPM9
P0C5J2	Q9R1S0
Q9WUC8	Q9WUC8
Q9WUC8	Q922V4
Q9WUC8	O43660
Q91Z84	Q91Z84
Q91Z84	Q9NPF7
Q91Z84	Q9EQ14
Q8R5K5	Q8R5K5
Q8R5K5	Q9CZJ1
Q8R5K5	Q9Y3A2
P05504	P05504
P05504	P00846
P05504	P00848
O55174	O55174
O55174	O35149
O55174	O14863
O55174	P97441
O55174	Q99726
O55174	Q6QIX3
O55174	Q2HJ10
O55174	Q62941
O55174	Q8IWU4
O55174	P0CE46
O55174	Q8BGG0
O55174	Q9BRI3
O55174	Q9BRI3-1
Q63072	Q63072
Q63072	Q64277
Q63072	Q10588
Q63072	P56528
Q63072	Q64244
Q63072	P28907
M0R7V5	M0R7V5
M0R7V5	P21580
M0R7V5	Q60769
B1WC80	B1WC80
B1WC80	Q08AI8
B1WC80	Q8CEZ4
U2PSH1	U2PSH1
XP_008759454	XP_008759454
XP_008759454	Q8BG26-3
XP_008759454	Q8BG26
XP_008759454	Q9BVN2
Q9Y3E7-3	Q9Y3E7-3
Q9Y3E7-3	Q9Y3E7-2
Q9Y3E7-3	Q8CGS4
Q9Y3E7-3	Q9CQ10
Q9Y3E7-3	Q9Y3E7
Q7Z6L1-4	Q7Z6L1-4
Q7Z6L1-4	Q7Z6L1-2
Q7Z6L1-4	Q3ZBA0
Q7Z6L1-4	Q80VP0
Q7Z6L1-4	Q7Z6L1
Q5FVH1	Q5FVH1
Q5FVH1	Q9Y2Y1_VAR_A24S
Q5FVH1	Q9Y2Y1
Q5FVH1	Q9CQZ7
Q5FVH1	Q9P1U0
Q5FVH1	Q791N7
Q5FVH1	Q6MFY5
A0A459NDX2	A0A459NDX2
D3ZWN1	D3ZWN1
D3ZWN1	Q62384
D3ZWN1	O75312
Q3V3I5	Q3V3I5
Q3V3I5	Q0P5P2
Q9CQY2	Q9CQY2
Q9CQY2	Q3TQP0
Q9CQY2	Q9BTL3
Q9CQY2	A0A3B3IU46
Q9CQY2	D4AD33
P70445	P70445
P70445	Q497A9
P70445	Q13542
P70445	Q80VV3
P70445	O60516
P70445	D4AEG8
P70445	Q13541
P70445	Q60876
P70445	Q62622
P70445	Q0P5A7
P70445	NP_477295
P99027	P99027
P99027	P05387
P99027	P02401
Q14749	Q14749
Q14749	P13255
Q14749	Q9QXF8
Q8VBV7	Q8VBV7
Q8VBV7	Q6P4Z9
Q8VBV7	Q99627
Q6PN88	Q6PN88
P30566	P30566
P30566	D3ZW08
P30566	P54822
Q9H9E1	Q9H9E1
Q9H9E1	Q99PE2
Q9H9E1	Q5PQM6
Q9H9E1	O14593-2
Q9H9E1	O14593
Q9H9E1	Q9Z205
Q9D7B4	Q9D7B4
Q8TBZ2	Q8TBZ2
Q8TBZ2	Q69CM7
Q8TBZ2	Q5SUV2
Q12770	Q12770
Q12770	Q6GQT6
Q12770	A2RRU4
Q96FZ2	Q96FZ2
Q96FZ2	Q5XIJ1
Q96FZ2	Q8R1M0
Q9QZN1	Q9QZN1
Q9QZN1	D3ZVD0
Q9QZN1	Q9UF56
Q9QZN1	Q8C8L2
Q9QZN1	D3ZL45
Q9DBR3	Q9DBR3
Q9DBR3	Q8IUR7
Q9DBR3	Q8IUR7-6
Q9DBR3	Q9DBR3-2
Q9DBR3	F1M943
Q14142	Q14142
Q14142	Q8BVW3
Q14142	NP_001101404
Q91X91	Q91X91
Q91X91	Q15274
Q91X91	Q5I0M2
Q9D2K4	Q9D2K4
Q9D2K4	Q86VS3
Q70UQ0-4	Q70UQ0-4
Q70UQ0-4	Q5EAJ6
Q70UQ0-4	Q9DBZ1
Q70UQ0-4	Q70UQ0
Q70UQ0-4	Q9DBZ1-2
Q9P2N4	Q9P2N4
Q9P2N4	D3ZMB0
Q9P2N4	P59510
Q9P2N4	P59511
Q9P2N4	Q8WXS8
Q9P2N4	NP_001101106
Q9P2N4	B2RXX5
Q9P2N4	Q8C9W3
Q9P2N4	O95450
Q9P2N4	O95450-2
Q9P2N4	O15072
Q9P2N4	G3X9D2
Q9P2N4	D4AD55
Q9P2N4	Q9UKP5
Q9P2N4	D3Z1A5
Q9P2N4	NP_001102014
Q9P2N4	P58459
Q9P2N4	Q3T1K7
Q9P2N4	Q9H324
Q9P2N4	P59384
Q9P2N4	Q8TE58
Q9P2N4	Q8TE56
Q9P2N4	Q8TE57
Q9P2N4	Q69Z28
Q9P2N4	Q8TE60
Q9P2N4	Q4VC17
Q9P2N4	NP_001178873
Q9P2N4	P97857
Q9P2N4	Q9WUQ1
Q9P2N4	Q9UHI8
Q9P2N4	O75173-2
Q9P2N4	Q9ESP7
Q9P2N4	Q8BNJ2
Q9P2N4	O75173
Q9P2N4	Q9UNA0
Q9P2N4	Q9R001
Q9P2N4	P57110
Q9P2N4	Q9UP79
Q9UMW8	Q9UMW8
Q9UMW8	Q9WTV6
Q9UHP9	Q9UHP9
Q9UHP9	Q9DC77
Q9UHP9	Q925F0
Q9Y448	Q9Y448
Q9Y448	Q6AXN6
Q9Y448	Q9D9Z1
Q8VCL5	Q8VCL5
Q8VCL5	Q9BYT1
Q8VCL5	P0DX21
Q5TGI4	Q5TGI4
Q5TGI4	Q3V1H9
Q8TAC1	Q8TAC1
Q8TAC1	D3ZF58
Q8TAC1	Q8K2P6
Q96B54	Q96B54
Q96B54	D4A7Q6
Q96B54	Q8C1M2
Q8N1B4	Q8N1B4
Q8N1B4	O55166
Q8N1B4	Q8C754
Q9BVW5	Q9BVW5
Q9BVW5	Q91WA1
Q9BVW5	Q4QR88
Q9NQ92	Q9NQ92
Q9NQ92	Q9CQ13
Q9NQ92	D3ZB92
O35317	O35317
O35317	P41778-2
O35317	P40426
O35317	B1WC30
O35317	P40424-2
O35317	Q99NE9
O35317	P40424
O35317	P41778
O35317	NP_001128334
O35317	O35984
O35317	Q9BYU1
O35317	Q6MG87
O35317	P40425
Q6P4T1	Q6P4T1
Q6P4T1	Q92543
Q99941	Q99941
Q99941	O35451
Q99941	P18850
Q99941	G3V909
Q99941	F6VAN0
A2ARS0	A2ARS0
A2ARS0	C9JTQ0
A2ARS0	D3ZKY6
Q8BLD6	Q8BLD6
Q8BLD6	Q3KP44
Q8N6Q8	Q8N6Q8
Q8N6Q8	Q6NXH8
P53395	P53395
P53395	P11182
P53395	B2GV15
Q9BXQ6	Q9BXQ6
Q9BXQ6	Q99MX7
Q9BXQ6	XP_001058567
Q6PJ21	Q6PJ21
Q6PJ21	Q571F5-4
Q6PJ21	Q571F5
P52739	P52739
P52739	Q8K3J5
P52739	B1WC22
P52739	P52739-2
Q12904-2	Q12904-2
Q12904-2	Q12904
Q12904-2	Q4G079
Q12904-2	P31230
P57055	P57055
P57055	Q5TAB7
P57055	Q924S9
P82650	P82650
P82650	Q0D2L2
P82650	Q9CXW2
Q9DC48	Q9DC48
Q9DC48	F1LTB9
Q9DC48	O60508
Q923B3	Q923B3
Q923B3	Q921B4
Q923B3	Q4V8E9
Q923A2	Q923A2
Q923A2	Q3KR99
Q923A2	Q96EA4
O88978	O88978
O88978	A0A0G2JUV1
O88978	Q86X45
Q99MH9	Q99MH9
Q99MH9	Q9CWF6
Q99MH9	Q9BXC9
O60337	O60337
O60337	Q6ZQ89
O60337	F1M1F1
Q8NCE2	Q8NCE2
Q8NCE2	Q8VEL2
Q8NCE2	D3ZMA2
Q8NCE2	Q8NCE2-2
Q8NCE2	Q8NCE2-3
Q9WV52	Q9WV52
Q9WV52	Q9NYT0
Q9WV52	Q4KM33
Q9WV52	P08567
Q9WV52	P08567_VAR_R340K
Q9WV52	Q9JHK5
P17213	P17213
P17213	Q67E05
P17213	Q6AXU0
P17213	Q63313
P17213	Q61805
P17213	P18428
A2RTY3	A2RTY3
A2RTY3	Q5QNV8
Q96E52	Q96E52
Q96E52	D3ZS74
Q96E52	Q9D8H7
Q7L592	Q7L592
Q7L592	Q5XI79
Q7L592	Q9CWG8
P78423	P78423
P78423	O35188
P78423	O55145
P78423	O00585
P78423	P86792
P78423	P84444
P78423	P86793
P78423	P80075
P78423	Q99616
P78423	Q9Z121
P78423	P47992
P78423	P47993
P78423	P51672
P78423	Q9UBD3
P28799	P28799
P28799	P28798
P28799	P23785
Q9HB40	Q9HB40
Q9HB40	Q920A5
Q9HB40	Q920A6
Q0VFZ6	Q0VFZ6
Q0VFZ6	A0JLY1
P0C7A2	P0C7A2
P0C7A2	Q9UHL3
Q6URK8	Q6URK8
Q6URK8	Q6IMG9
Q6URK8	Q6IMH0
P50592	P50592
P50592	Q8K3G0
P50592	P50591
Q8WXQ3	Q8WXQ3
Q8NAB2	Q8NAB2
Q8NAB2	Q8BHI4
O70324	O70324
O70324	P36021
O70324	Q8K1P8
O70324	Q8TF71
O70324	Q91Y77
O70324	Q3U9N9
P02812	P02812
P02812	P04280
P02812	P10163
P02812	Q04118
P02812	P02810
Q9BSE4	Q9BSE4
Q9BSE4	Q66HH4
Q9BSE4	Q9JJC9
Q9BSE4	Q9ESS9
Q9BSE4	Q15011
Q9BSE4	Q9JJK5
Q9D281	Q9D281
Q9D281	D4A777
Q9D281	E1BFB9
Q9D281	Q8IWE2
Q9D281	Q9NRY5
Q9D281	Q8VE88
Q5SXI5	Q5SXI5
Q5SXI5	NP_001258325
Q5SXI5	O60304
Q5SXI5	Q91VW9
Q5SXI5	Q969J2
Q5SXI5	Q9Z2K3
Q5SXI5	Q9Z1D9
Q5SXI5	Q6NSZ9
Q5SXI5	B2RX31
Q497M0	Q497M0
Q497M0	XP_002727589
Q497M0	NP_084312
Q497M0	XP_001474005
Q7TSG0	Q7TSG0
Q7RTS3	Q7RTS3
Q7RTS3	Q9QX98
Q7RTS3	Q64305
Q7RTS3	Q64124
Q7RTS3	Q7RTU7
Q7RTS3	Q12870
Q7RTS3	Q60756
Q9GZT4	Q9GZT4
Q9GZT4	Q9QZX7
Q9GZT4	Q76EQ0
P82343	P82343
P82343	P17560
P82343	P51606
P82343	P51607
A1L190	A1L190
A1L190	B5KM66
Q9DAU7	Q9DAU7
Q9DAU7	Q14508
Q9DAU7	Q8CHN3
Q6PDA7	Q6PDA7
Q6PDA7	Q08648
Q6PDA7	Q3UW43
Q6PDA7	Q3UW43-2
Q9D7N2	Q9D7N2
Q9D7N2	Q6PEX3
Q8IWN6	Q8IWN6
Q8IWN6	A6NKX1
Q8C261	Q8C261
Q8C261	Q71RS6
Q5JSS6	Q5JSS6
Q5JSS6	Q61845
A2A5X6	A2A5X6
A2A5X6	Q9BYR9
A2A5X6	P0C7H8
A2A5X6	Q9BYU5
A2A5X6	Q9BYT5
A2A5X6	Q9BYP8
Q9BSY9	Q9BSY9
Q9BSY9	Q9D291
Q9BSY9	Q5XIT6
Q9BSY9	Q4KM30
Q9BSY9	Q6ICB0
Q9BSY9	Q9CQT7
Q6ZRM9	Q6ZRM9
Q0VG73	Q0VG73
NP_001094030	NP_001094030
NP_001094030	Q8CBD1
NP_001094030	P48552
Q6ZNA5-2	Q6ZNA5-2
Q6ZNA5-2	XP_038959760
Q6ZNA5-2	Q6ZNA5
Q6ZNA5-2	Q8K385
Q8K445-2	Q8K445-2
Q8K445-2	Q8K445
Q8K445-2	Q8CJ58
Q8K445-2	P58418-1
Q8K445-2	P58418
Q8K445-2	B2RVW2
Q8K445-2	A0PK11
H3BMG3	H3BMG3
A2AJB7	A2AJB7
A2AJB7	P06911
P11369	P11369
P11369	O00370
Q8C3H7	Q8C3H7
P22629	P22629
D4ABP2	D4ABP2
D4ABP2	A9Z1Z3
D4ABP2	A3KGK3
Q8BPA5	Q8BPA5
Q96NY7	Q96NY7
Q96NY7	Q96NY7-2
Q96NY7	Q9NZA1-2
Q96NY7	Q9EPT8
Q96NY7	Q8BXK9
Q96NY7	Q9Z0W7
Q96NY7	Q9QYB1
Q96NY7	Q9Y696
Q96NY7	Q9NZA1
Q96NY7	Q5M883
Q96NY7	O15247
Q96NY7	Q811Q2
Q96NY7	Q8BHB9
Q96NY7	P35526
Q96NY7	Q9Z1Q5
Q96NY7	O00299
Q96NY7	Q6MG61
Q96NY7	Q9D7P7
Q96NY7	O95833
Q96NY7	D3ZY91
Q9P1Z9	Q9P1Z9
Q9P1Z9	Q9P1Z9-3
P99025	P99025
P99025	P30047
P99025	P70552
Q9ULR0-1	Q9ULR0-1
Q9ULR0-1	Q9ULR0
Q9ULR0-1	Q69ZQ2
Q9ULR0-1	Q6AYB3
Q93073	Q93073
Q93073	Q93073-2
Q93073	Q6A098
Q93073	D4A7V0
Q93073	Q3TGQ4
Q93073	Q9QX72
Q93073	Q96T21
O60356	O60356
O60356	O54842
O60356	Q9WTK0
Q99550	Q99550
Q99550	Q99550-2
Q99550	A6H5Y1
Q8IZA3	Q8IZA3
Q8IZA3	Q8VIK3
Q96GX9	Q96GX9
Q96GX9	Q9WVQ5
Q96GX9	Q96GX9-3
Q96GX9	NP_001099962
Q8VD62	Q8VD62
Q8VD62	Q9H3H3-3
Q8VD62	Q566Q8
Q8VD62	Q9H3H3
Q8VD62	Q9H3H3-1
Q9C0I9	Q9C0I9
Q9C0I9	Q9C0I9-3
Q9C0I9	Q9C0I9-4
Q9C0I9	Q80YS5
Q9C0I9	B0BN00
Q9C000	Q9C000
Q9C000	Q9C000-4
Q9C000	D9I2F9
Q9C000	Q2LKU9
Q9C000	Q86W25
Q9C000	Q86W24
Q9C000	Q6B966
Q9C000	XP_001072321
Q9C000	Q7RTR0
Q9C000	Q9Y2G2
Q9C000	Q9Y2G2-3
Q9C000	Q9Y2G2-4
Q9C000	Q2LKW6
Q9C000	Q0GKD5
Q9C000	Q2LKV2
Q9C000	Q2LKV2-2
Q9C000	A1Z198
Q9C000	A1Z198-2
Q9C000	Q0GKD5-2
Q9C000	Q2LKV5
Q9C000	P59046
Q9C000	NP_001162613
Q9C000	E9Q5R7
Q9C000	Q96P20
Q9C000	P59044
Q9C000	Q63035
Q9C000	Q91WS2
Q9C000	P59047
Q9C000	D4A523
Q9C000	Q8R4B8
Q9C000	Q9R1M5
Q9C000	Q9NX02
Q9C000	Q8WX94-2
Q9C000	Q8WX94
Q9C000	Q8CCN1
Q9C000	Q86W26
Q9C000	Q96MN2
Q9C000	Q66X24
Q80Y81	Q80Y81
Q80Y81	Q8CGS5
Q80Y81	Q9BQ52
Q80Y81	Q9BQ52-4
Q80Y81	Q9BQ52-2
O35927	O35927
O35927	Q9UQB3-2
O35927	NP_001258431
O35927	Q9UQB3
O35927	Q3UIX3
O35927	Q99569
O35927	Q99569-2
O35927	F1M3R5
O35927	Q68FH0
O35927	Q68FH0-2
O35927	B4F7F3
O35927	O00192
O35927	O00192-2
O35927	E1BQ11
O35927	D3ZZZ9
O35927	O60716-2
O35927	O60716
O35927	P30999-3
O35927	O60716-4
O35927	O60716-12
O35927	O60716-3
O35927	P30999
O35927	P98203
O35927	O60716-22
O35927	O60716-10
O35927	Q9QY23-2
O35927	Q9QY23
O35927	Q9Y446
O35927	Q9Y446-2
O35927	NP_001099785
O35927	Q99959
O35927	Q99959-2
O35927	Q9CQ73
O35927	F1M7L9
O35927	F1M7L9-2
O35927	Q13835
O35927	NP_001100651
O35927	P97350
O35927	Q13835-2
P11456	P11456
P11456	Q6AY20
P11456	P20645
P11456	P24668
Q16637	Q16637
Q16637	Q16637-3
Q16637	O35876
Q16637	P97801
Q16637	O18870
Q15554	Q15554
Q15554	NP_001229284
Q15554	O35144
Q15554	D3ZJF7
H7C241	H7C241
H7C241	Q80ZS5
Q12864	Q12864
Q12864	Q9R100
Q12864	P55281
Q12864	O88338
Q12864	Q66H67
Q12864	O75309
Q16204	Q16204
Q16204	D4AEK9
Q16204	D3YZP9
P17010	P17010
P17010	P17012
P17010	P08048
P17010	P23607
P17010	Q9Y462
P17010	A2ANX9
P17010	D3ZR02
P17010	P10925
P17010	P20662
P17010	Q9Y462-2
Q96S38	Q96S38
Q96S38	NP_001099454
Q96S38	Q8BLK9
Q96S38	Q9NRS6
Q96S38	Q4V896
Q96S38	Q91WE1
Q8NCA5	Q8NCA5
Q8NCA5	Q5FWT1
Q8NCA5	Q8NCA5-2
Q8NCA5	Q3TJZ6
Q8NCA5	XP_038962417
Q8NCA5	Q52LJ0-1
Q8NCA5	Q52LJ0
Q8NCA5	Q80VD1
Q8NCA5	Q17RN3
Q8NCA5	Q6AYE6
Q8NCA5	E9PYD1
F1M2K4	F1M2K4
F1M2K4	Q8BYR2
F1M2K4	O95835
F1M2K4	Q9NRM7
F1M2K4	Q7TSJ6
F1M2K4	NP_001100737
F1M2K4	NP_001178650
F1M2K4	Q7TPS0
F1M2K4	CAM46084
F1M2K4	Q9UK32-2
F1M2K4	Q9UK32
F1M2K4	P18652
F1M2K4	A5PJL4
F1M2K4	P18654
F1M2K4	P51812
F1M2K4	NP_001178933
F1M2K4	Q15349-2
F1M2K4	Q63531
F1M2K4	P18653
F1M2K4	F1M7N7
F1M2K4	Q15418-2
F1M2K4	Q15418
F1M2K4	Q9WUT3
F1M2K4	Q15349
F1M2K4	P51817
F1M2K4	Q922R0
F1M2K4	O43930
F1M2K4	Q5BK52
Q6MGB6	Q6MGB6
Q6MGB6	Q06587
Q6MGB6	O35730
Q6MGB6	Q99496
Q6MGB6	Q9CQJ4
Q6MGB6	Q4KLY4
Q8R116	Q8R116
Q8R116	Q6P988
XP_001072828	XP_001072828
D4A414	D4A414
D4A414	Q7KZN9
D4A414	Q8BJ03
A0A1B0GV96	A0A1B0GV96
Q9BRX8	Q9BRX8
Q9BRX8	Q9CYH2
Q9BRX8	Q6AXX6
Q9BRX8	Q8TBF2-3
Q9BRX8	Q8TBF2
Q9BRX8	Q8TBF2-7
Q9BRX8	Q8TBF2-2
Q9BRX8	Q8TBF2-5
Q9BRX8	Q9DB60
Q9BRX8	D3ZVR7
Q9BSU1	Q9BSU1
Q9BSU1	Q922R1
Q9BSU1	O08654
O95478	O95478
O95478	XP_001061532
O95478	Q9CR47
O95478	Q9QYU7
O15417	O15417
O15417	O15417-2
O15417	NP_001100593
O15417	Q80WC3
O15417	NP_001116202
O15417	Q9P281
O15417	Q3UHR0
Q9H8M7	Q9H8M7
Q9H8M7	Q9CV28
Q9H8M7	D3Z916
P28776	P28776
P28776	P14902
P28776	Q9ERD9
P28776	Q6ZQW0
P28776	F1LV46
P28776	Q8R0V5
Q9NXL9	Q9NXL9
Q9NXL9	Q2KHI9
Q9NXL9	Q9NXL9-3
Q9NXL9	Q9NXL9-2
Q9NXL9	F1M5F3
Q9NXL9	Q9NXL9-4
Q9NXL9	Q6AYN8
Q9NXL9	P33993
Q9NXL9	Q61881
Q9NXL9	D3ZP96
Q9NXL9	P97310
Q9NXL9	P49736
Q9NXL9	F1N506
Q9NXL9	NP_058983
Q9NXL9	P97311
Q9NXL9	Q14566
Q9NXL9	P33991
Q9NXL9	P49717
Q9NXL9	G3V681
Q9NXL9	P25205-2
Q9NXL9	P25206
Q9NXL9	P25205
Q9NXL9	D3ZFP4
Q9NXL9	P33992
Q9NXL9	P49718
Q9NXL9	B2GUX3
Q9NXL9	Q9UJA3-4
Q9NXL9	D3ZVK1
Q9NXL9	Q9UJA3
Q9NXL9	Q9CWV1
Q9Y4I5	Q9Y4I5
Q9Y4I5	Q5XHX9
Q9Y4I5	Q9WTJ6
Q8N402	Q8N402
Q9Z2S7-3	Q9Z2S7-3
Q9Z2S7-3	Q9EQZ1
Q9Z2S7-3	Q99576
Q9Z2S7-3	Q99576-3
Q9Z2S7-3	Q9Z2S7
Q9Z2S7-3	P80220
P38570	P38570
P38570	M0R6T8
P38570	Q60677
Q8BLB7	Q8BLB7
Q8BLB7	Q96JM7-2
Q8BLB7	Q96JM7
Q8BLB7	D3Z9L4
Q8BLB7	Q9Y468
Q8BLB7	Q9Y468-4
Q8BLB7	D3ZWK4
Q8BLB7	Q9Y468-1
Q8BLB7	A2A5N8
Q8BLB7	Q8NA19
Q8BLB7	B1B1A0
A8K979	A8K979
A8K979	A8K979-2
A8K979	Q5BKS4
A8K979	Q8C460
A8K979	O43414
A8K979	M0R8C5
A8K979	Q8IV48
A8K979	Q5FVR4
A8K979	Q7TMF2
Q96AB6	Q96AB6
Q96AB6	Q5BK79
Q96AB6	Q64311
Q9EQS9-3	Q9EQS9-3
Q9EQS9-3	Q8TDY8
Q9EQS9-3	Q9EQS9
Q9EQS9-3	Q8IVU1
Q9EQS9-3	Q8BQC3
Q9EQS9-3	Q2VWP9
Q9EQS9-3	Q2VWP7
Q9EQS9-3	Q2EY15
XP_223536	XP_223536
XP_223536	Q8CGI1
XP_223536	P78312
XP_223536	P78312-2
XP_223536	Q96PV7
XP_223536	Q96PV7-2
XP_223536	Q96PV7-3
XP_223536	Q3U2K0
D3ZVR6	D3ZVR6
D3ZVR6	Q9BQI6
D3ZVR6	Q8R3P9
D3ZVR6	Q86WC6
D3ZVR6	Q9D119
D3ZVR6	Q7Z6K4
D3ZVR6	Q91ZA8
D3ZVR6	D3Z9S9
Q0VFX4	Q0VFX4
NP_001101385	NP_001101385
NP_001101385	A2AIV2
NP_001101385	Q69YN4
Q9JI70	Q9JI70
Q9JI70	Q9NPJ1
Q5T686	Q5T686
Q5T686	Q8VDA6
Q5T686	Q9D7H4
Q6IC83	Q6IC83
Q8N531	Q8N531
Q8N531	Q9QXW0
Q2NL27	Q2NL27
Q2NL27	D3ZIN7
Q2NL27	Q8VE22
Q2NL27	Q9Y3D9
Q96J42	Q96J42
Q96J42	Q6P6J9
Q96J42	Q5BJT4
O14836	O14836
O14836	Q9ET35
Q8WUJ1	Q8WUJ1
Q8WUJ1	Q6AY62
Q8WUJ1	Q5SSH8
Q8WUJ1	Q9UMX5
Q8WUJ1	Q6IUR5
Q8WUJ1	Q9CQ45
P00414	P00414
P00414	P00415
P00414	P00416
P00414	P05505
P47804	P47804
P47804	Q9Z2B3
P00428	P00428
P00428	P19536
P00428	G1TCZ0
P00428	P12075
P00428	P10606
P00428	Q5S3G4
Q6U6G5	Q6U6G5
Q6U6G5	Q3TIV5
Q6U6G5	Q8WU90
Q2HJI0	Q2HJI0
Q2HJI0	D4A4A9
Q2HJI0	Q9D338
Q2HJI0	P49406
A0A075B6S0	A0A075B6S0
B9EKE5	B9EKE5
B9EKE5	Q7Z7H3
B9EKE5	M0RAU5
Q64380	Q64380
Q64380	Q99LB7
Q64380	Q9UL12
Q64380	Q8NCN5
Q64380	D3ZXA6
Q64380	Q7TSQ8
Q64380	Q9DBT9
Q64380	Q63342
Q64380	Q9UI17
Q9P0L0-2	Q9P0L0-2
Q9P0L0-2	D4A092
Q9P0L0-2	Q9D8A4
Q9P0L0-2	Q9Z270
Q9P0L0-2	Q9WV55
Q9P0L0-2	Q9P0L0
Q9P0L0-2	O95292
Q9P0L0-2	Q9QY76
Q9P0L0-2	Q9Z269
P69682	P69682
P69682	Q6P756
P69682	Q9D1J1
P69682	Q9NVZ3
P69682	Q8NC96
P69682	Q9CR95
P69682	Q9NVZ3-2
Q562D6-2	Q562D6-2
Q562D6-2	Q562D6
Q562D6-2	Q4V7E0
Q562D6-2	Q9BU70
P45880-1	P45880-1
P45880-1	Q9MZ15
P45880-1	Q9MZ16
P45880-1	Q9Z2L0
P45880-1	Q29380
P45880-1	Q60932
P45880-1	Q9R1Z0
P45880-1	Q60931
P45880-1	P45880
P45880-1	Q9Y277
P45880-1	P45880-2
P45880-1	P21796
P45880-1	P81155
P45880-1	Q60930
P45880-1	Q9Y277-2
P45880-1	Q5EBQ0
D4ACX7	D4ACX7
D4ACX7	Q9DAM3
D4ACX7	Q9BQS6
P55008-3	P55008-3
J3KP02	J3KP02
J3KP02	NP_001160131
J3KP02	F1M8S9
J3KP02	Q6ZMV7
Q8VD62-1	Q8VD62-1
Q8WZ71	Q8WZ71
Q8WZ71	Q6F5E0
Q8WZ71	Q91XV7
P17267	P17267
P17267	P52787
P17267	P27352
P17267	P20061
D3ZS97	D3ZS97
D3ZS97	Q8K4F0
D3ZS97	Q15762
P63128	P63128
P63128	P63145
P63128	P63120
P63128	P63127
P63128	P63121
P63128	Q9YNA8
P63128	P62684
P63128	P63122
P63128	P63119
P63128	P10265
P63128	P63129
P63128	P63131
P63128	P63125
P63128	P63123
P63128	Q9HDB9
P63128	P87889
P63128	P63124
P63128	Q7LDI9
P63128	Q61213
P63128	Q7TQ39
U2UMQ6	U2UMQ6
U2UMQ6	A0Q7Q2
U2UMQ6	A0A182DWE3
P08174-7	P08174-7
P08174-7	P08174-2
P08174-7	P08174
P08174-7	Q61476
P08174-7	Q61475
P08174-7	Q9Z0M0
O00165-2	O00165-2
O00165-2	O00165
O00165-2	Q7TSE9
O00165-2	O35387
O00165-2	O00165-3
O00165-2	O00165-4
O00165-2	O00165-5
F1MNT1	F1MNT1
F1MNT1	P37199
F1MNT1	Q99P88
F1MNT1	O75694
Q96C11-3	Q96C11-3
Q96C11-3	Q5FVC3
Q96C11-3	Q96C11
Q96C11-3	A2AJL3
P42898-2	P42898-2
P42898-2	D4A7E8
P42898-2	P42898
P42898-2	Q9WU20
Q9BQI0-2	Q9BQI0-2
Q9BQI0-2	Q9BQI0
Q9BQI0-2	Q9EQX4
Q9BQI0-2	D3ZRD9
Q9BQI0-2	O70200
Q9BQI0-2	P55009
Q9BQI0-2	P55008
Q9UL15-2	Q9UL15-2
Q9UL15-2	Q5QJC9
Q9UL15-2	Q9UL15
Q9UL15-2	Q8CI32
Q02527	Q02527
Q02527	Q10470
Q02527	Q09327
P97682	P97682
P97682	Q9NQ30
P97682	Q9QYY7
Q1H5H1	Q1H5H1
Q1H5H1	P62342
Q1H5H1	P62341
Q4V7A8	Q4V7A8
Q4V7A8	Q0P651
Q4V7A8	Q8C1A9
Q9ERM3	Q9ERM3
Q9ERM3	Q9Z2A7
Q9ERM3	O75907
A0A8I5ZVM1	A0A8I5ZVM1
A0A8I5ZVM1	Q2M296-3
A0A8I5ZVM1	Q2M296
A0A8I5ZVM1	Q3URQ7
NP_001388822	NP_001388822
NP_001388822	O14662-2
NP_001388822	Q8BVI5
NP_001388822	O14662
NP_001388822	O14662-5
NP_001101145	NP_001101145
NP_001101145	Q96JK9
NP_001101145	Q6T264
NP_001101145	Q92585
NP_001101145	D4A930
B2RZD0	B2RZD0
B2RZD0	Q9BQC6
B2RZD0	Q9CQF8
Q8N137-2	Q8N137-2
Q8N137-2	Q8CB62
Q8N137-2	Q8N137
Q8N137-2	XP_220600
Q9H977-4	Q9H977-4
Q9H977-4	D3ZX63
Q9H977-4	Q9R0D8
Q9H977-4	Q9H977
H3BV60-2	H3BV60-2
H3BV60-2	H3BV60
H3BV60-2	D3YZZ2
H3BV60-2	M0R3W3
Q8TBF5-2	Q8TBF5-2
Q8TBF5-2	Q8TBF5
Q8TBF5-2	Q99LV7
Q8TBF5-2	Q60GF7
D3ZV26	D3ZV26
D3ZV26	Q587I9
D3ZV26	Q9CSV6
A0A0U1RQG5	A0A0U1RQG5
A0A0U1RQG5	P0C2W7
A0A0U1RQG5	Q5JQC4
D3ZHW9	D3ZHW9
D3ZHW9	P60896
D3ZHW9	P60897
Q6TXG8	Q6TXG8
Q6TXG8	Q9Y2Q9
Q6TXG8	Q9CY16
O54946	O54946
O54946	O75190
O54946	O75190-2
O54946	O54946-2
O54946	XP_001073579
O54946	O75190-3
O54946	O35723
O54946	D3ZAC5
O54946	Q6AYU3
O54946	Q7Z6W7
O54946	Q9QYI8
O54946	D3ZN46
O54946	Q9QYI5
O54946	P25686
O54946	Q9QYI5-1
O54946	B2RYA8
O54946	Q8NHS0
P52926	P52926
P52926	O88791
P52926	P52927
P52926	P52926-2
Q12955	Q12955
Q12955	NP_733789
Q12955	Q12955-5
Q12955	G5E8K5-6
Q12955	G5E8K3
Q12955	Q01484
Q12955	Q01484-7
Q12955	Q574D7
Q12955	G5E8K5-2
Q12955	Q12955-7
Q12955	G5E8K5
Q12955	G5E8K2
Q12955	Q8C8R3-2
Q12955	Q8C8R3
Q12955	Q8C8R3-7
Q12955	Q12955-4
Q12955	XP_006513193
Q12955	XP_001076082
Q12955	O70511
Q12955	Q01484-2
Q12955	Q8C8R3-3
Q12955	Q01484-5
Q12955	P16157-21
Q12955	D3Z9Z0
Q12955	P16157-3
Q12955	P16157
Q12955	Q02357-2
Q12955	Q02357
Q12955	Q02357-7
Q12955	P16157-4
Q12955	P16157-11
Q12955	Q5VYY1
Q12955	Q9D3J5
Q6TCH4-2	Q6TCH4-2
Q6TCH4-2	Q6TCH4
Q6TCH4-2	Q6TCG5
Q96HA4	Q96HA4
Q96HA4	A2ASP7
Q96HA4	Q96HA4-4
Q99P91	Q99P91
Q99P91	Q6P7C7
Q99P91	Q14956
Q9D5P7	Q9D5P7
Q3V1D5	Q3V1D5
Q3V1D5	Q8N8W4
Q3V1D5	Q9NST1
Q3V1D5	XP_343303
Q3V1D5	Q91WW7
Q3V1D5	E9QNZ9
Q3V1D5	Q96AD5
Q3V1D5	Q96AD5-2
Q3V1D5	P0C548
Q3V1D5	Q8BJ56
Q3V1D5	Q32LZ8
Q3V1D5	Q7Z6Z6
Q3V1D5	P41247
Q3V1D5	D4A227
D3Z6S9	D3Z6S9
D3Z6S9	Q5XI56
D3Z6S9	Q7L0X2
Q12841	Q12841
Q12841	Q62632
Q12841	Q62356
O43257	O43257
O43257	Q8R331
F6ZGN3	F6ZGN3
A6NCI4	A6NCI4
A6NCI4	A1A5Q7
A6NCI4	Q3UVV9
P24161-2	P24161-2
P24161-2	Q4V7G0
P24161-2	P24161
P24161-2	P20963
P24161-2	P20963-3
P24161-2	P30273
P24161-2	P20491
P24161-2	P20411
Q3B7T3	Q3B7T3
Q3B7T3	Q9EQG5
Q06055-2	Q06055-2
Q06055-2	P56384
Q06055-2	P48201
Q06055-2	P05496
Q06055-2	P32876
Q06055-2	Q06645
Q06055-2	Q06055-3
Q06055-2	Q71S46
Q06055-2	Q06055
Q06055-2	P56383
Q06055-2	Q06646
Q06055-2	Q9CR84
Q9UKI8-2	Q9UKI8-2
Q9UKI8-2	Q9UKI8-4
Q9UKI8-2	Q8C0V0
Q9UKI8-2	Q9UKI8
Q9UKI8-2	NP_001381947
Q9UKI8-2	Q86UE8
Q9UKI8-2	F1LPP2
Q9UKI8-2	Q86UE8-2
Q9UKI8-2	O55047
Q9UKI8-2	Q86UE8-3
Q9UKI8-2	O55047-2
O15354	O15354
O15354	Q9QYC6
O15354	Q9QY42
O15354	Q99JG2
O15354	O60883
O15354	Q9QYC5
Q91VM4	Q91VM4
Q91VM4	Q8IVW8
Q91VM4	Q2YDU8
Q91VM4	Q8R0G7
Q91VM4	Q9H2V7
Q91VM4	Q9D232
Q91VM4	Q6ZMD2
Q91VM4	Q9H2V7-3
Q8IV13	Q8IV13
Q8IV13	Q5SRT8
Q8IV13	Q3TZI6
Q8IV13	Q5T5M9
Q5T1H1	Q5T1H1
Q5T1H1	Q9JI71
Q5T1H1	Q9NR61
Q5T1H1	D3ZHH1
Q5T1H1	Q8JZM4
Q5T1H1	Q5U215
Q5T1H1	Q8NFT8
Q769K2	Q769K2
Q769K2	Q6IQ20
Q769K2	Q8BH82
Q9D4M0	Q9D4M0
Q9D4M0	Q8N7X8
Q61002	Q61002
XP_225253	XP_225253
XP_225253	Q922Q5
XP_225253	Q9H1N7
XP_225253	P78383-2
XP_225253	P97858
XP_225253	P78383
XP_225253	Q6V7K3
O95502	O95502
O95502	Q99J85
O95502	O35764
O95502	P97738
O95502	O70340
O95502	P47972
O95502	P47971
O95502	Q62443
O95502	Q15818
O95502	P23680
O95502	P12246
O95502	P02743
Q5HYA8	Q5HYA8
Q5HYA8	Q8BR76
Q5HYA8	P0C152
Q9CWX2	Q9CWX2
Q9CWX2	Q9Y375
Q9CWX2	F1LWG4
Q6P8X9	Q6P8X9
Q6P8X9	Q5VTH2
Q0P521	Q0P521
Q6ZUK4	Q6ZUK4
Q6ZUK4	D4ADJ8
Q6ZUK4	Q3UP23
P51790-2	P51790-2
P51790-2	P51794
P51790-2	P51792
P51790-2	P51792-2
P51790-2	Q8K4W8
P51790-2	P51791
P51790-2	P51793
P51790-2	P51790
P51790-2	Q61418
P51790-2	P51796
P51790-2	Q9WVD4
P51790-2	P51795-2
P51790-2	P51795
Q96KF7	Q96KF7
Q96KF7	Q9CQQ0
P22749	P22749
O43734	O43734
O43734	Q8N7N6
Q9BT04	Q9BT04
Q9BT04	Q9BT04-3
Q9BT04	Q3UYI6
Q9BT04	Q3B756
Q8N1L1	Q8N1L1
Q6UW10	Q6UW10
Q6UW10	E9PXB6
Q96DR5	Q96DR5
Q96DR5	Q63471
Q96DR5	P07743
Q6ZRP5	Q6ZRP5
Q16661	Q16661
Q16661	O09051
Q16661	P70668
Q8NA92	Q8NA92
Q9H756	Q9H756
Q9H756	Q8BZT5
P0DMC3	P0DMC3
P0DMC3	P0DP76
P0DMC3	P0DMC4
Q8BFU8	Q8BFU8
Q8BFU8	Q8NDX2
Q8BFU8	Q7TSF2
Q8BFU8	Q8BLE7
Q8BFU8	Q9P2U8
Q8BFU8	Q3TXX4
Q8BFU8	Q9JI12
Q8BFU8	Q9P2U7
Q8BFU8	Q62634
Q8BFU8	Q8BN82
Q8BFU8	Q9NRA2
Q8BFU8	Q5Q0U0
Q8BFU8	Q61983
Q8BFU8	Q62795
Q8BFU8	G5E894
Q8BFU8	O00476-2
Q8BFU8	O00476
Q8BFU8	Q9Y2C5
Q8BFU8	Q5NCM1
Q8BFU8	Q5SZA1
Q8BFU8	O00624
Q8BFU8	Q14916
Q3UTE2	Q3UTE2
Q3UTE2	A2BEI6
Q9UHQ4-2	Q9UHQ4-2
Q9UHQ4-2	Q5XIU4
Q9UHQ4-2	Q61334
Q9UHQ4-2	Q9UHQ4
Q9UHQ4-2	P51572-2
Q9UHQ4-2	Q61335
Q9UHQ4-2	P51572
Q9UHQ4-2	Q6AY58
Q3TY92	Q3TY92
Q3TY92	Q96DN6
XP_003084966	XP_003084966
XP_003084966	XP_577560
XP_003084966	XP_995941
XP_003084966	O96017-9
XP_003084966	Q9Z265
XP_003084966	O96017
XP_003084966	Q9R019
XP_003084966	O96017-11
XP_003084966	O96017-12
B7ZWJ5	B7ZWJ5
B7ZWJ5	Q9NWC5
B7ZWJ5	D4AAI6
B7ZWJ5	Q60774
B7ZWJ5	Q8VCZ2
B7ZWJ5	Q96B21
B7ZWJ5	Q497B2
Q9Y3C1-2	Q9Y3C1-2
Q9Y3C1-2	Q9Y3C1
Q9Y3C1-2	Q9CPT5
Q9Y3C1-2	Q9Y3C1-3
Q9Y3C1-2	Q1RP77
F1LXF5	F1LXF5
F1LXF5	Q9D1H7
F1LXF5	Q7L5D6
P00430	P00430
P00430	P17665
P00430	P80432
P00430	P15954
Q4QQW3	Q4QQW3
Q4QQW3	Q8R0N6
Q4QQW3	Q8IWW8
B4F777	B4F777
B4F777	Q9JL35
B4F777	P82970
B4F777	P02316
B4F777	P05114
B4F777	P18608
B4F777	Q5U1W8
P19356	P19356
P19356	P08397-2
P19356	P22907
P19356	P08397
Q9H9K5	Q9H9K5
Q9DD16	Q9DD16
Q9DD16	Q6P9U1
Q9DD16	Q9BRQ3
P51648-2	P51648-2
P51648-2	P11883
P51648-2	P47740
P51648-2	P30839
P51648-2	P51648
P51648-2	P47739
P51648-2	P30838
P51648-2	J3QMK6
P51648-2	P43353-2
P51648-2	P43353
P51648-2	Q80VQ0
P51648-2	P48448
P51648-2	Q5XI42
P51648-2	E9Q3E1
Q96IQ9-2	Q96IQ9-2
Q96IQ9-2	Q5PPH4
Q96IQ9-2	Q96IQ9
Q96IQ9-2	Q9DCK4
E9Q173	E9Q173
E9Q173	Q6AXU1
E9Q173	Q32M84
Q7L1Q6-3	Q7L1Q6-3
Q7L1Q6-3	Q7L1Q6
Q7L1Q6-3	Q91VK1
Q7L1Q6-3	Q9Y6E2
Q7L1Q6-3	Q6P7P5
Q7L1Q6-3	Q9WTT7
Q7L1Q6-3	Q7L1Q6-2
Q7L1Q6-3	Q7L1Q6-4
Q7L1Q6-3	Q9CQC6
O15255	O15255
A0A0C4DH62	A0A0C4DH62
Q96PY6-3	Q96PY6-3
Q96PY6-3	NP_001099552
Q96PY6-3	P51954
Q96PY6-3	Q96PY6
Q96PY6-3	Q96PY6-2
Q96PY6-3	P51955
Q96PY6-3	O35942
Q96PY6-3	P51955-2
Q96PY6-3	Q91XQ1
Q96PY6-3	Q6P3R8
Q96PY6-3	Q7TSC3
Q96PY6-3	Q9HC98-2
Q96PY6-3	Q8TDX7
Q96PY6-3	Q9HC98-4
Q96PY6-3	Q9HC98
Q96PY6-3	Q9ES70
Q96PY6-3	Q9ES74
Q96PY6-3	D3ZBE5
Q96PY6-3	P59895
Q96PY6-3	Q9HC98-3
Q68FV7	Q68FV7
Q68FV7	Q9D9W0
Q68FV7	Q9H0A9
D3ZNS8	D3ZNS8
D3ZNS8	Q9NRG9-2
D3ZNS8	P58742
D3ZNS8	Q9NRG9
B7Z368	B7Z368
Q8C9R0	Q8C9R0
Q9DAI7	Q9DAI7
D3ZMG5	D3ZMG5
D3ZMG5	A0A1B0GTD5
D3ZMG5	Q8CDT5
D4A7S3	D4A7S3
D4A7S3	Q921R7
D4A7S3	Q9BS91
A8R0T8	A8R0T8
A8R0T8	Q3LHH8
A8NN94	A8NN94
A8NN94	Q9BQ48
A8NN94	Q99N91
A8NN94	Q5XFV6
A0A1B0GW54	A0A1B0GW54
Q99N34	Q99N34
Q99N34	O54788
Q99N34	O76075
Q03001-3	Q03001-3
Q03001-3	Q91ZU6-5
Q8K4J0	Q8K4J0
Q8K4J0	Q96SD1
Q8K4J0	Q8K4J0-2
Q8K4J0	Q5XIX3
Q96M69	Q96M69
Q96M69	Q9D5S7
Q8R519	Q8R519
Q8R519	Q8TDX5-2
Q8R519	Q8TDX5
Q8R519	Q8R5M5
Q8WYR1	Q8WYR1
Q8WYR1	D4A4I3
Q8WYR1	Q5SW28
Q9BXG8	Q9BXG8
Q9BXG8	Q6AXY9
Q9BXG8	Q99MY0
O43593	O43593
O43593	Q61645
O43593	P97609
Q13601	Q13601
Q13601	Q13601-2
Q13601	A1A5R3
Q13601	Q8BGA5
P14138	P14138
P14138	P48299
P14138	P13207
P14138	P05305
P14138	P22388
P14138	P22387
P14138	P20800
P14138	P22389
P14138	P23943
Q6IQY5	Q6IQY5
Q6IQY5	Q5PQQ9
Q6IQY5	Q8NHQ1
Q9CQ02	Q9CQ02
Q9CQ02	D4A2Q7
Q9CQ02	Q9H0A8
O75071	O75071
O75071	Q8BGQ6
O75071	D3ZTM7
O43196	O43196
O43196	Q6MG62
O43196	Q9QUM7
P26436	P26436
P26436	P50289
P26436	B3GLJ2
Q924A4	Q924A4
Q924A4	Q969E3
Q9BQ83	Q9BQ83
Q9BQ83	Q8BX32
Q9BQ83	Q5PQP5
Q2M1V0	Q2M1V0
Q2M1V0	A1A546
Q2M1V0	P70368
Q2M1V0	Q9ERS8
Q9UPZ6	Q9UPZ6
Q9UPZ6	Q69ZU6
Q9UPZ6	Q6P4U0
Q9UPZ6	Q9C0I4
Q5MNV8	Q5MNV8
Q5MNV8	A2A6H3
P23515	P23515
P23515	Q63912
O70460	O70460
O70460	Q99731
O70460	Q92583
O70460	Q9ERE0
O70460	Q9WUZ6
O70460	Q9Y258
P03950	P03950
P03950	Q64438
P03950	Q3TMQ6
P03950	P21570
P03950	P97802
Q5JYT7	Q5JYT7
Q5JYT7	Q8BWG4
Q8VC33	Q8VC33
Q8VC33	Q96CM4
Q5JXA9	Q5JXA9
Q9H0M4	Q9H0M4
Q9H0M4	Q6IR42
Q9H0M4	F1M2K1
Q9D263	Q9D263
Q9D263	Q6UDR6
Q6P752	Q6P752
Q6P752	Q8BYU6
Q6P752	Q8NFQ8
E9Q612	E9Q612
E9Q612	Q62797
E9Q612	Q16827
E9Q612	Q16827-2
E9Q612	Q9HD43
E9Q612	E9Q0N2
Q9DBN1	Q9DBN1
M0R7U1	M0R7U1
M0R7U1	Q9Y6K8
M0R7U1	Q920P5
M0R7U1	Q9R0Y5
M0R7U1	P39069
M0R7U1	P00568
M0R7U1	Q4KM73
M0R7U1	P30085-2
M0R7U1	Q9DBP5
M0R7U1	P30085
M0R7U1	NP_001308530
M0R7U1	P29410
M0R7U1	P54819-2
M0R7U1	P54819
M0R7U1	Q9WTP6
A8MPS7	A8MPS7
A8MPS7	G3V683
A8MPS7	Q14BV6
Q7TMQ7	Q7TMQ7
Q7TMQ7	A4D1P6
Q7TMQ7	B2RYI0
Q7TMQ7	Q2HJE1
Q9UNK0	Q9UNK0
Q9UNK0	Q9Z2Q7
Q9UNK0	O88983
Q7TP21	Q7TP21
Q7TP21	P27694
Q7TP21	Q8VEE4
Q9Y5U5-2	Q9Y5U5-2
Q9Y5U5-2	Q9Y5U5
Q9Y5U5-2	NP_001019520
Q9Y5U5-2	O35714
P14220	P14220
A6NEH6	A6NEH6
A6NEH6	Q497K7
Q29106	Q29106
Q29106	Q92681
Q29106	Q9ER99
P82349	P82349
P82349	Q16585
Q3V0P1	Q3V0P1
Q3V0P1	Q8N123
Q9Y221	Q9Y221
Q9Y221	Q9CXK8
Q9Y221	Q9WV50
P58499-2	P58499-2
P58499-2	P58499
P58499-2	Q9D309
P58499-2	P98173
P58499-2	B5DFJ2
P58499-2	Q9D8T0
P58499-2	P98173-3
P58499-2	Q92520
P58499-2	Q91VU0
P58499-2	Q810F4
P58499-2	Q96BQ1
P58499-2	P97805
O75445-3	O75445-3
O75445-3	O75445
O75445-3	Q2QI47
O75445-3	O00634
O75445-3	Q9R1A3
O75445-3	G3V6X3
O75445-3	Q9HB63
O75445-3	Q9JI33
O75445-3	Q924Z9
O75445-3	O95631
O75445-3	O09118
O75445-3	Q8K3K1
Q6X4U4-2	Q6X4U4-2
Q6X4U4-2	Q6X4U4
Q6X4U4-2	Q9CQN4
Q6X4U4-2	Q642G2
Q6X4U4-2	Q99P67
Q6X4U4-2	Q99P68
Q6X4U4-2	Q9BQB4
P32927-2	P32927-2
P32927-2	P32927
P32927-2	P26955
P32927-2	P26954
P55854-2	P55854-2
P55854-2	P61956-2
P55854-2	Q5XIF4
P55854-2	Q9Z172
P55854-2	P61957
P55854-2	Q6EEV6
P55854-2	P55854
P55854-2	P61959
P55854-2	P61956
P55854-2	Q5I0H3
P55854-2	P63165
P55854-2	P63166
P55854-2	G2XKQ0
P55854-2	P63165-2
A8MVW5-3	A8MVW5-3
A8MVW5-3	B5DEN8
A8MVW5-3	Q4VAH7
A8MVW5-3	A8MVW5
Q7Z6K5-2	Q7Z6K5-2
Q7Z6K5-2	P59780
Q7Z6K5-2	Q8BSZ2
Q7Z6K5-2	D4A1B2
Q7Z6K5-2	Q7Z6K5
Q7Z6K5-2	Q9DCR2
Q7Z6K5-2	B0BNM6
Q7Z6K5-2	Q9D0A3
Q7Z6K5-2	Q92572
Q7Z6K5-2	NP_001385569
Q7Z6K5-2	P56377-2
Q7Z6K5-2	NP_001165621
Q7Z6K5-2	Q96PC3-4
Q7Z6K5-2	P61967
Q7Z6K5-2	P61966
Q7Z6K5-2	Q9DB50
Q7Z6K5-2	B2GV08
Q7Z6K5-2	B5DFI3
Q7Z6K5-2	Q96PC3
Q7Z6K5-2	P56377
Q7Z6K5-2	Q7TN05
O60237-6	O60237-6
O60237-6	O60237
O60237-6	O60237-3
O60237-6	D3ZIC4
O60237-6	Q8BG95
O60237-6	Q10728
O60237-6	O14974-4
O60237-6	O14974-2
O60237-6	E1BC59
O60237-6	O14974-3
O60237-6	Q9TV77
O60237-6	O14974
O60237-6	Q9DBR7
O60237-6	Q95N27
O60237-6	Q8VHQ3
O60237-6	Q96T49
O60237-6	D4AA72
O60237-6	Q90623
O60237-6	Q96I34
O60237-6	Q923M0
O60237-6	D4A5D7
O60237-6	Q3UMT1
O60237-6	Q9BZL4-3
O60237-6	Q9BZL4
O60237-6	Q9BZL4-2
O60237-6	Q9BZL4-4
O60237-6	Q9BZL4-5
O60237-6	B4E2M5
O60237-6	XP_016865637
Q12765-2	Q12765-2
Q12765-2	Q6AY84
Q12765-2	Q9CZC8
Q12765-2	Q12765
Q12765-2	A0A0G2K189
Q12765-2	Q3TMH2
Q12765-2	Q0VDG4
Q12765-2	Q8VCA8
Q12765-2	Q6AYR8
Q12765-2	Q96FV2
O43493-7	O43493-7
O43493-7	O43493
O43493-7	O43493-3
O43493-7	Q62314
O43493-7	P19814
O43493-7	Q62313
D3ZKG3	D3ZKG3
D3ZKG3	Q92503-2
D3ZKG3	A8Y5H7
D3ZKG3	Q92503
D3ZKG3	O43304
D3ZKG3	B2RXM5
D3ZKG3	D3ZUU8
D3ZKG3	Q99J08
D3ZKG3	O76054
D3ZKG3	B5MCN3
D3ZKG3	Q99MS0
D3ZKG3	Q8R0F9
D3ZKG3	Q9UDX3-2
D3ZKG3	Q9UDX3
D3ZKG3	Q9UDX4
D3ZKG3	Q9Z1J8
D3ZKG3	Q5SQ27
D4A0Y4	D4A0Y4
D4A0Y4	Q96HP4
D4A0Y4	Q8VE38
D4ACB4	D4ACB4
D4ACB4	Q8N543
D4ACB4	Q3U0K8
A0A0G2K4K6	A0A0G2K4K6
A0A0G2K4K6	Q3B7T1
A0A0G2K4K6	Q6GQV7
A0A0G2QC64	A0A0G2QC64
A0A0G2QC64	Q96EX3
A0A0G2QC64	Q5U4F6
A0A0A0MT87	A0A0A0MT87
A2A3N6	A2A3N6
A2A3N6	Q99755-2
A2A3N6	D3ZSI8
A2A3N6	O35226-2
A2A3N6	Q99755-4
A2A3N6	O35226
A2A3N6	P55036
A2A3N6	O88321
A2A3N6	Q9ESH1
A2A3N6	Q99755
A2A3N6	Q99755-3
A2A3N6	P70182
A2A3N6	P55036-2
A2A3N6	O14986
A2A3N6	P70181
A2A3N6	Q5CZZ9
A2A3N6	O60331-3
A2A3N6	O70161-2
A2A3N6	O70161
A2A3N6	O60331
A2A3N6	Q5I6B8
A2A3N6	Q8TBX8
A2A3N6	Q8TBX8-2
A2A3N6	O88370
A2A3N6	Q91XU3
A2A3N6	O88377
A2A3N6	P78356-2
A2A3N6	P48426
A2A3N6	Q9R0I8
A2A3N6	O70172
A2A3N6	Q80XI4
A2A3N6	P78356
P59633	P59633
Q8CH01	Q8CH01
Q8CH01	Q86UU9
P01347	P01347
P01347	P47932
P01347	P04808
P01347	P04090
Q66HH2	Q66HH2
Q66HH2	O88662
Q66HH2	P54851
Q66HH2	Q9QYW5
Q66HH2	P54852
Q66HH2	O35912
Q66HH2	P54848
Q66HH2	P54849
Q66HH2	P47801
Q66HH2	P16646
Q66HH2	Q01453
Q66HH2	P25094
Q5BQE6	Q5BQE6
Q5BQE6	Q15392-2
Q5BQE6	Q15392
Q5BQE6	Q8VCH6
B0K012	B0K012
B0K012	Q7Z624
B0K012	Q3U2J5
Q4V8G2	Q4V8G2
Q4V8G2	Q8N140
Q4V8G2	Q3V124
Q4V8G2	Q9NXX6
Q4V8G2	G3XA30
Q4V8G2	D3Z9K8
Q14406	Q14406
Q14406	P0DML3
Q14406	P0DML2
Q14406	P01241
Q14406	P01242
Q14406	P01244
Q14406	P06880
P41595	P41595
P41595	Q02152
P41595	P30994
P41595	P14842
P41595	P28223
P41595	P35363
P41595	P08909
P41595	P34968
P41595	P28335
O14599	O14599
Q9BX93	Q9BX93
Q9BX93	Q99P27
Q9BX93	Q9EPR2
Q9BX93	Q9BZM1
Q9BX93	NP_001382508
Q8IXP5	Q8IXP5
Q8IXP5	Q9D8Q6
Q9H993	Q9H993
Q9H993	Q6AYT5
Q9H993	A6H630
F6WYW0	F6WYW0
A2ACC6	A2ACC6
A2ACC6	Q8BQZ4
A2ACC6	Q86X10
A2ACC6	Q86X10-2
A2ACC6	P86410
Q9CQG3	Q9CQG3
Q9CQG3	Q7TSV3
Q9CQG3	Q96E35
P59020	P59020
Q3UG20	Q3UG20
Q3UG20	Q8IZD2
Q3UG20	Q5XJV7-2
Q3UG20	NP_001100084
Q3UG20	Q5XJV7
Q3UG20	Q9C0A6
P0C7T4	P0C7T4
A0A0A6YYL0	A0A0A6YYL0
A0A0A6YYL0	Q5FVK9
A0A0A6YYL0	Q9BUV8
A0A0A6YYL0	Q9CQT9
P08237-3	P08237-3
P08237-3	P08237
P08237-3	P47858
P08237-3	P47857
P08237-3	P08237-2
P08237-3	P00511
P08237-3	P47859
P08237-3	Q9WUA3
P08237-3	Q01813
P08237-3	P47860
P08237-3	Q01813-2
P08237-3	P17858-2
P08237-3	P30835
P08237-3	P12382
P08237-3	P17858
P08237-3	A1A4J1
Q9HBG6-5	Q9HBG6-5
Q9HBG6-5	Q9HBG6-10
Q9HBG6-5	Q5PPJ1
Q9HBG6-5	Q9HBG6-7
Q9HBG6-5	Q9HBG6-4
Q9HBG6-5	Q6NWV3
Q9HBG6-5	Q9HBG6
Q9HBG6-5	Q9HBG6-8
XP_002726765	XP_002726765
XP_002726765	P54276
XP_002726765	P52701
XP_002726765	P52701-2
D4AA64	D4AA64
D4AA64	Q3UGE6
D4AA64	Q9UGR2
D4AA64	A0A0G2JVM3
D4AA64	Q3UBH9
D4AA64	Q8IWR0
Q3V2H2	Q3V2H2
XP_001475551	XP_001475551
Q96PD2-2	Q96PD2-2
Q96PD2-2	Q91ZV2
Q96PD2-2	Q91ZV3
Q96PD2-2	Q96PD2
Q96PD2-2	Q8N8Z6
Q96PD2-2	Q9D4J3
Q96PD2-2	O15537
Q96PD2-2	Q9Z1L4
Q96PD2-2	P98066
Q96PD2-2	O08859
H3BNL1	H3BNL1
Q5M7T9	Q5M7T9
Q5M7T9	Q86YJ6
Q5M7T9	Q80W22
P0C219	P0C219
P0C219	Q3URD3
P0C219	Q14BN4
P0C219	Q14BN4-2
P0C219	Q14BN4-3
Q498U4	Q498U4
Q498U4	Q9D1J3
Q498U4	P82979
XP_003085333	XP_003085333
XP_003085333	XP_003085572
XP_003085333	XP_003085646
XP_003085333	XP_003085573
XP_003085333	XP_003085331
XP_003085333	XP_003085689
XP_003085333	XP_003085670
XP_003085333	XP_003085645
XP_003085333	XP_003085518
XP_003085333	XP_003085530
XP_003085333	XP_003086835
Q8N1K5-4	Q8N1K5-4
Q8N1K5-4	Q8BGW0
Q8N1K5-4	Q8N1K5
Q8N1K5-4	Q91YX0
Q8N1K5-4	XP_001064217
Q8N1K5-4	Q5TEJ8
Q99P77	Q99P77
Q99P77	Q99ME9
Q99P77	Q9BZE4
B1B0V2	B1B0V2
B1B0V2	Q3TL73
Q3ZCQ8-2	Q3ZCQ8-2
Q3ZCQ8-2	Q9D880
Q3ZCQ8-2	Q3ZCQ8
Q3ZCQ8-2	D3ZJX5
P22891-2	P22891-2
P22891-2	P22891
P22891-2	Q9CQW3
Q8NI32-2	Q8NI32-2
Q8NI32-2	Q8NI32
Q8NI32-2	Q9D7F2
Q8NI32-2	Q9D7F2-1
Q8NI32-2	Q86Y78
Q8NI32-2	Q8BPP5
Q8NI32-2	D3ZTT2
Q96IP4-2	Q96IP4-2
Q96IP4-2	Q5VWP2
Q96IP4-2	Q96IP4
Q96IP4-2	D3Z5S8
Q96IP4-2	D3ZH34
Q96IP4-2	Q8C152
Q96IP4-2	Q96A09
Q96IP4-2	Q5XIV0
Q96IP4-2	B0BNK8
Q96IP4-2	D4A3M4
Q96IP4-2	Q8NEK8
Q96IP4-2	B1ATX6
P86434	P86434
Q13183-3	Q13183-3
Q13183-3	Q9ES88
Q13183-3	Q13183
Q13183-3	P70545
Q13183-3	Q67BT3
Q13183-3	Q8CJ44
Q13183-3	Q9UKG4
Q13183-3	Q8BZ82
Q13183-3	Q9JHI4
Q13183-3	Q9BZW2
Q13183-3	Q07782
Q13183-3	Q86YT5
Q13183-3	Q8WWT9
Q13183-3	Q9Z0Z5
Q13183-3	Q91Y63
D3ZS84	D3ZS84
D3ZS84	Q9JLY0
D3ZS84	O14544
D3ZS84	Q9NSE2-3
D3ZS84	Q9NSE2
D3ZS84	Q62225
D3ZS84	O70512
D3ZS84	O14508
D3ZS84	O35717
D3ZS84	O88582
D4A037	D4A037
D4A037	Q9H8W3
D4A037	Q8C6C7
P18897	P18897
D3ZAQ4	D3ZAQ4
D3ZAQ4	Q969U7
D3ZAQ4	Q9EST4
P0DPE3	P0DPE3
A0A0B4J234	A0A0B4J234
P97636	P97636
P97636	P70380
P97636	Q14116
O88281	O88281
O88281	Q80V70
O88281	O75095
O88281	Q8C088
O88281	Q8C088-2
O88281	Q99944
O88281	Q6MG84
O88281	Q6GUQ1
O88281	Q6AZ60
O88281	Q9QXT5
O88281	Q9UHF1
XP_001076462	XP_001076462
XP_001076462	O95167
XP_001076462	Q9CQ91
A0A482D308	A0A482D308
O43310-2	O43310-2
O43310-2	O43310
O43310-2	D3ZD47
O43310-2	Q6PEE2
O43310-2	XP_001054818
O43310-2	Q8VCI5
O43310-2	Q9QYU1
O43310-2	P40855
O43310-2	A9UHW6-3
O43310-2	A9UHW6
O43310-2	Q3UBZ5
O43310-2	Q6AXU7
Q969M7-2	Q969M7-2
Q969M7-2	Q5U203
Q969M7-2	Q3UWQ3
Q969M7-2	Q9CY34
Q969M7-2	Q969M7
Q969M7-2	P61082
Q969M7-2	P61081
Q969M7-2	NP_001101941
M0RDM7	M0RDM7
M0RDM7	Q5H8A4
M0RDM7	D3Z4I0
Q15847	Q15847
Q9CPS8	Q9CPS8
Q9CPS8	Q9BSF0
Q9D084	Q9D084
Q9D084	Q8N2Z9
Q7Z6E9	Q7Z6E9
Q7Z6E9	Q7Z6E9-2
Q7Z6E9	P97868
Q7Z6E9	G3V953
Q7Z6E9	P97868-2
Q14134	Q14134
Q14134	NP_001100285
Q14134	Q8R2Q0
Q9JK91	Q9JK91
Q9JK91	P40692
Q9JK91	P40692-2
Q9JK91	P97679
A2BI50	A2BI50
A2BI50	Q9JJR2
Q9Z2V9	Q9Z2V9
Q9Z2V9	Q14094
Q9Z2V9	Q6ZMN8
Q9Z2V9	O08918
Q9Z2V9	Q16589
Q9Z2V9	P51959
Q9Z2V9	P51945
Q9Z2V9	P39950
O14654	O14654
O14654	Q9Z0Y7
O14654	XP_235721
Q6NTF9-2	Q6NTF9-2
Q6NTF9-2	Q8VEK2
Q6NTF9-2	D6RCZ4
Q6NTF9-2	Q6NTF9
Q6NTF9-2	D3ZQG3
O54827	O54827
O54827	Q32Q02
O54827	O60312
O54827	P98197
O54827	EDM08856
O54827	Q8NB49
O54827	Q9QZW0
O54827	D3ZFC5
O54827	Q9QZW0-2
O54827	Q8NB49-2
O54827	Q8NB49-3
O54827	P98196
O54827	Q9Y2G3
O54827	Q6DFW5
O54827	XP_038959540
O54827	Q6UQ17
O54827	Q6ZUX8
O54827	D3ZE62
O54827	A2ANX3
O54827	Q8TF62
O54827	A3FIN4
O54827	O60423-1
O54827	O60423
O54827	P98198-3
O54827	P98198-4
O54827	P98198
O54827	P98199
O54827	B1AWN4
O54827	Q8K2X1
O54827	Q9P241
O54827	O94823
O54827	D4AA47
O54827	Q148W0
O54827	O43520
O54827	Q9NTI2
O54827	D4A3X6
O54827	P98200
O54827	Q9NTI2-1
O54827	Q9D4I4
O54827	Q9Y2Q0
O54827	P70704-2
O54827	P70704
O54827	XP_001070245
O54827	Q9Y2Q0-3
Q9NQZ3	Q9NQZ3
Q9NQZ3	Q92904
Q9NQZ3	Q86SG3
Q9NQZ3	Q13117
Q9NQZ3	Q9NR90
Q9NQZ3	Q64368
P24001	P24001
P24001	P24001-2
P24001	P24001-5
P24001	P24001-4
G3X9Y5	G3X9Y5
G3X9Y5	Q6P7A2
G3X9Y5	E9Q735
G3X9Y5	Q14139
G3X9Y5	Q14139-2
O94782	O94782
O94782	Q569C3
O94782	Q8BJQ2
Q15904	Q15904
Q15904	O54715
Q15904	Q9R1Q9
Q15904	Q52LC2
Q96LW4	Q96LW4
Q96LW4	Q6P1E7
Q96LW4	D4A8C0
Q9H553	Q9H553
Q9H553	Q3B8P6
Q9H553	Q9H553-2
Q9H553	Q9DBE8
Q2KHT3	Q2KHT3
Q2KHT3	Q2KHT3-2
Q2KHT3	Q80U30-3
Q2KHT3	Q80U30
Q2KHT3	A0A0G2KA14
Q6ZRI0	Q6ZRI0
Q6ZRI0	Q6ZRI0-2
Q6ZRI0	O55225
Q6ZRI0	Q3ZCN5
Q6ZRI0	F7A4A7
O15060	O15060
O15060	Q6A082
O60829	O60829
Q5U4P2	Q5U4P2
Q5U4P2	D3ZWE1
Q5U4P2	Q2TA57
Q5U4P2	Q6ICH7
Q5U4P2	Q80VP9
Q5U4P2	Q5HZW3
Q8NBH2	Q8NBH2
Q8NBH2	Q8C8H8
XP_234320	XP_234320
XP_234320	Q4VAC9-3
XP_234320	Q4VAC9
XP_234320	Q4VAC9-2
XP_234320	A1L390
XP_234320	A1L390-3
XP_234320	A1L390-2
Q8NFJ8	Q8NFJ8
Q8NFJ8	Q8NDY6
Q8NFJ8	Q8BGW3
Q8NFJ8	Q8C6A8
Q8NFJ8	D4A287
Q8NFJ8	Q13516
Q8NFJ8	Q9EQW6
Q8NFJ8	G3V612
Q8NFJ8	Q6PFG8
Q8NFJ8	Q7RTU3
Q99MQ5	Q99MQ5
Q99MQ5	Q9BXS0-2
Q99MQ5	Q9BXS0
Q99MQ5	Q86Y22
Q99MQ5	Q810Y4
Q99MQ5	Q8K4G2
Q7Z5H4	Q7Z5H4
Q7Z5H4	Q8TDU5
Q7Z5H4	Q5J3I6
Q7Z5H4	Q5J3K9
Q7Z5H4	Q8VBS7
Q7Z5H4	Q5J3M4
Q7Z5H4	Q5J3F6
Q7Z5H4	Q62850
Q6Q0C0	Q6Q0C0
Q6Q0C0	B1WBW7
Q6Q0C0	Q922B6
Q6Q0C0	F8WJF7
Q6Q0C0	Q6Q0C0-2
Q6Q0C0	Q8C2K8
Q8TCJ0	Q8TCJ0
Q8TCJ0	Q969P5
Q8TCJ0	Q641X7
Q8TCJ0	Q8TCJ0-3
Q8TCJ0	Q91Z62
Q8TCJ0	Q9D2Y6
Q8TCJ0	Q9CPU7
Q8VC19	Q8VC19
Q8VC19	P22557
Q8VC19	P08680
Q8VC19	P13196
Q8VC19	P22557-4
Q8VC19	Q63147
Q8VC19	P13195
Q8VC19	O75600-2
Q8VC19	O75600
Q8VC19	O88986
Q8VC19	Q562C3
P58658	P58658
P58658	P58659
P58658	B2RZB3
P58658	Q8K2Y3
P58658	Q9NVM1
P58658	NP_001102713
P58658	Q91WM6
P58658	Q9H8M9
Q8C0X0	Q8C0X0
Q8C0X0	O95447
Q5VTJ3	Q5VTJ3
Q5VTJ3	M0R439
Q5VTJ3	A2APT9
Q5VTJ3	E9Q9M9
Q5VTJ3	Q96G42
Q5VTJ3	D4A5J1
Q5VTJ3	O94819
Q5VTJ3	Q8BNW9
P10074	P10074
P10074	Q1H9T6
P10074	Q13105
P10074	NP_001012105
P10074	Q60821
P10074	Q6ZSB9
P10074	Q8BXX2
P10074	Q80X44
P10074	Q3B725
P10074	O43167
Q13061	Q13061
Q13061	Q9QX75
Q13061	Q28820
Q13061	E9Q9K5
Q8K0Y7	Q8K0Y7
Q8K0Y7	B2RYB2
Q8K0Y7	Q9BUH6
Q9UHB9	Q9UHB9
Q9UHB9	B2RYI2
Q9UHB9	Q8BMA6
Q8BJL1	Q8BJL1
Q8BJL1	Q5XI67
Q8BJL1	Q8TB52
Q8BJL1	P62932
Q8BJL1	Q9UH90
Q5VU65	Q5VU65
Q5VU65	Q9D2F7
Q5VU65	D3Z8Z6
Q5VU65	Q8TEM1
Q5VU65	Q9QY81
Q5VU65	P11654
Q9UBT6	Q9UBT6
Q9UBT6	B2RYH3
Q9UBT6	Q9QUG2
Q8C5W0	Q8C5W0
Q8C5W0	D4A626
Q8C5W0	Q96JQ2
Q96Q42	Q96Q42
Q96Q42	Q920R0-2
Q96Q42	Q920R0
Q96Q42	P0C5Y8
Q96Q42	Q60I27
Q96Q42	Q60I26
P51659-2	P51659-2
P51659-2	P51659
P51659-2	P51660
P51659-2	P97852
P51659-2	Q9UJQ7
P51659-2	Q9DAH1
P51659-2	O08756
P51659-2	Q99N15
P51659-2	XP_003135174
P51659-2	Q99714-2
P51659-2	Q99714
P51659-2	O70351
G3V684	G3V684
G3V684	Q924H2
G3V684	Q96RN5
Q8WUQ7-2	Q8WUQ7-2
Q8WUQ7-2	Q9CS00
Q8WUQ7-2	Q8WUQ7
Q8WUQ7-2	A1L014
Q96S97	Q96S97
Q96S97	O35682
Q96S97	Q6VBQ5
Q96S97	NP_001171005
Q96S97	P21145
Q96S97	O09198
Q96S97	Q64349
Q96S97	B2RZ87
Q96S97	A6NDP7
Q96S97	Q08AU7
P57060	P57060
P57060	Q99M03
P57060	Q9D9S3
P57060	Q9UIY3
Q9Y4E5	Q9Y4E5
Q9Y4E5	Q8C0P7
Q9Y4E5	Q3T1G8
P18165	P18165
P18165	P23490
Q9BVV8	Q9BVV8
Q9BVV8	Q9DAZ5
Q9BVV8	D4AAG2
Q68CQ1	Q68CQ1
Q68CQ1	A2AVR2
Q68CQ1	A2RUW0
Q68CQ1	E9PYI4
Q68CQ1	Q9H579-2
Q68CQ1	Q9H579
Q68CQ1	F1M3X5
Q68CQ1	V9GX81
Q68CQ1	A6NGR9
Q9DAR0	Q9DAR0
Q9DAR0	M0R5R5
Q9DAR0	A4QMS7
Q80WB0	Q80WB0
Q80WB0	Q9BVV2
E9PW83	E9PW83
E9PW83	Q8NB25
Q9NS68	Q9NS68
Q9NS68	Q9JLL3
Q9NS68	Q9NS68-2
Q9NS68	Q9HAV5
Q9NS68	Q8BX35
Q8IV76	Q8IV76
Q6P1N9	Q6P1N9
Q6P1N9	Q6P8M1
Q6P1N9	NP_001387874
P61366	P61366
P61366	P61364
P61366	P61365
Q9P2F9	Q9P2F9
Q9P2F9	Q9ERR8
Q8BL86	Q8BL86
Q8BL86	Q68D91-2
Q8BL86	D4A249
Q8BL86	Q68D91
B1AS42	B1AS42
B1AS42	Q6IPT4
Q6P5C5	Q6P5C5
Q6P5C5	Q811Q1
Q6P5C5	Q53HV7
Q8WWB5	Q8WWB5
Q8WWB5	Q8CHR9
O95969	O95969
O95969	Q6XE38
O95969	O95968
A6PVL3	A6PVL3
A6PVL3	Q307W7
NP_001178707	NP_001178707
NP_001178707	O75891
NP_001178707	O75891-3
NP_001178707	Q8K009
NP_001178707	Q3SY69
NP_001178707	P28037
NP_001178707	Q8R0Y6
NP_001178707	P49189-3
NP_001178707	B9EKV4
NP_001178707	Q9JLJ3
NP_001178707	Q9JLJ2
NP_001178707	P49189
NP_001178707	Q9CZS1
NP_001178707	P47895
NP_001178707	Q9JHW9
NP_001178707	O35945
NP_001178707	P24549
NP_001178707	P00352
NP_001178707	P30837
NP_001178707	Q8K4D8
NP_001178707	P13601
NP_001178707	Q63639
NP_001178707	Q66HF8
NP_001178707	Q62148
NP_001178707	O94788
NP_001178707	P11884
NP_001178707	P51977
NP_001178707	P51647
NP_001178707	P47738
NP_001178707	P05091
NP_001178707	Q8BH00
NP_001178707	Q9H2A2
NP_001178707	P51649-2
NP_001178707	Q8BWF0
NP_001178707	P51649
NP_001178707	P51650
Q8BG37	Q8BG37
Q8BG37	O08709
Q8BG37	O35244
Q8BG37	P30041
Q14D33	Q14D33
XP_355598	XP_355598
XP_355598	Q6ZRC1
Q86TJ2	Q86TJ2
Q86TJ2	D3Z4Z0
Q6UWF9	Q6UWF9
Q6UWF9	Q8BR21
Q6UWF9	D3Z9K6
Q9Z1N4	Q9Z1N4
Q9Z1N4	Q9Z0S1
Q9Z1N4	O95861
O95715	O95715
O95715	Q9WUQ5
Q3UA16	Q3UA16
Q3UA16	Q5M856
Q3UA16	Q9HBM1
B1AXS0	B1AXS0
B1AXS0	J3QPF7
Q58DQ5	Q58DQ5
Q58DQ5	P82933
Q58DQ5	Q9D7N3
Q58DQ5	B0BN68
Q78IQ7	Q78IQ7
Q78IQ7	Q78IQ7-2
Q78IQ7	Q9D856
Q78IQ7	Q6ZMH5
Q78IQ7	A0JPN2
Q78IQ7	Q6P5W5
Q78IQ7	Q6P5W5-2
Q78IQ7	Q96H72
Q78IQ7	Q8BZH0
Q78IQ7	Q2M1K6
Q78IQ7	Q31125
Q78IQ7	Q6MGB4
Q78IQ7	Q92504
Q9JJL9	Q9JJL9
Q9JJL9	Q924U0
Q9JJL9	Q9NPC1
Q9JJL9	Q15722
Q9JJL9	O88855
Q9JJL9	Q9R0Q2
Q80UW8	Q80UW8
Q80UW8	B0BNE2
Q80UW8	P19388
P01832	P01832
P01832	O70570
P01832	P15083
P01832	P01833
Q63HQ0	Q63HQ0
Q63HQ0	Q63HQ0-2
Q63HQ0	E9PYF7
Q63HQ0	F1M9P0
Q32MH5	Q32MH5
Q32MH5	Q69ZK7
Q32MH5	NP_001100308
Q9UQE7	Q9UQE7
Q9UQE7	Q9CW03
Q9UQE7	P97690
Q9CWZ3	Q9CWZ3
Q9CWZ3	Q9Y5S9
Q9CWZ3	Q9Y5S9-2
Q9CWZ3	Q27W01
Q9CWZ3	Q9CWZ3-2
G3V8S9	G3V8S9
G3V8S9	P51437
G3V8S9	P49913
G3V8S9	O08692
O60502	O60502
O60502	Q9EQQ9
O60502	Q8VIJ5
O35823	O35823
O35823	P62484
O35823	Q8CBW3
O35823	Q9QZM5
O35823	Q9NYB9
O35823	Q9NYB9-2
O35823	A7MB24
O35823	Q8IZP0-2
O35823	Q8CBW3-4
O35823	Q8IZP0-11
O35823	Q8IZP0
O35823	Q8IZP0-3
O35823	Q8IZP0-12
O35823	Q6AYC6
O35823	Q9P2A4
O35823	Q8BYZ1
O35823	NP_001097785
O00193	O00193
O00193	Q9R0P4
O00193	NP_001013920
Q9NY59	Q9NY59
Q9NY59	Q9JJY3
Q9NY59	O35049
Q9NY59	D3ZL06
Q9NY59	D6MZJ6
P11983	P11983
P11983	P28480
P11983	P11983-2
P11983	Q32L40
P11983	P17987
P11983	Q68FQ0
P11983	P80316
P11983	P48643
P11983	P80314
P11983	P78371
P11983	Q5XIM9
P11983	Q3ZBH0
P11983	P80318
P11983	P49368
P11983	Q6P502
P11983	D4AC23
P11983	Q99832-4
P11983	Q2NKZ1
P11983	Q99832-3
P11983	Q99832-2
P11983	P80313
P11983	Q99832
P11983	Q2T9X2
P11983	P50991-2
P11983	P80315
P11983	P50991
P11983	Q7TPB1
Q92979	Q92979
Q92979	D3ZDS4
Q92979	O35130
Q12996	Q12996
Q12996	Q99LI7
Q12996	ENSRNOP00000016318
Q9D2C2	Q9D2C2
Q9D2C2	Q96ER3
Q9D2C2	A0A0G2JUP9
Q53F19	Q53F19
Q53F19	Q8BZR9
Q53F19	Q53F19-2
Q53F19	D3ZXL5
Q03265	Q03265
Q03265	P25705-2
Q03265	P25705
Q03265	NP_001172071
Q03265	P15999
P53026	P53026
P53026	P62906
P53026	P62907
Q9D2H5	Q9D2H5
Q9D2H5	Q8IWZ5
Q9D2H5	Q5PQK3
Q02384	Q02384
Q02384	NP_001094186
Q02384	Q07890
Q02384	A0A0A0MQ87
Q02384	Q07889
Q02384	Q62245
Q91WF7	Q91WF7
Q91WF7	Q0Z843
Q91WF7	Q92562
P54923	P54923
P54923	Q02589
P54923	P54922
P54923	Q8NDY3
P54923	Q8BGK2
P54923	Q5XIB3
Q9R1S8	Q9R1S8
Q9R1S8	Q9Y6W3
Q9R1S8	Q499T5
Q9BX97	Q9BX97
Q9BX97	Q91VC4
Q9BX97	Q9WV78
Q7TT45	Q7TT45
Q7TT45	Q9NQL2
Q7TT45	B2RZ38
Q7TT45	Q99K70
Q7TT45	Q9HB90
Q7TT45	Q0D2L6
Q61035	Q61035
Q61035	Q99KK9
Q61035	P49590
Q61035	Q4QQV4
Q61035	F1M9C9
Q61035	P12081
Q15061	Q15061
Q15061	G3V920
Q15061	Q6ZQL4
Q9DB85	Q9DB85
Q9DB85	O43159
Q9DB85	Q5U4F0
P13611	P13611
P13611	P13611-2
P13611	P13611-5
P13611	NP_001164029
P13611	NP_001164031
P13611	Q62059
P13611	Q62059-2
P13611	Q86UW8
P13611	Q80WM4
P13611	D3Z9H2
P13611	Q96GW7
P13611	Q61361
P13611	P55068
O95822	O95822
O95822	Q99J39
O95822	Q920F5
P50897	P50897
P50897	P45479
P50897	O88531
P50897	XP_983730
Q3UA37	Q3UA37
Q3UA37	A0A0G2JX16
Q3UA37	Q2TAL8
Q8NDX9	Q8NDX9
Q8NDX9	Q6MG53
Q8NDX9	Q8K1T4
O35633	O35633
O35633	Q9H598
O35633	O35458
A0JNT9	A0JNT9
A0JNT9	Q6ZP65
A0JNT9	A0A0G2JY46
A0JNT9	A1A5D9
A0JNT9	B1WBT3
A0JNT9	Q8CHW5
Q9NV66	Q9NV66
Q9NV66	Q8BJM7
Q9NV66	NP_001100607
Q9NV66	Q6NUM6
O14530	O14530
O14530	Q8K581
O14530	Q9CQ79
O14530	Q8N4E4
O14530	Q78Y63
O14530	Q4KLJ8
O14530	Q8BVF2
O14530	Q9H2J4
Q5XKL5	Q5XKL5
Q5XKL5	D4A0X3
Q5XKL5	D3YUB6
Q99N43	Q99N43
Q99N43	Q96MU8
Q99N43	Q924S4
Q99N43	Q8NCW0
Q99N43	Q8K1S7
O15514	O15514
O15514	D4A259
O15514	Q9D7M8
Q9Y2W6	Q9Y2W6
Q9Y2W6	Q80VL1
Q9Y2W6	G3V8T7
Q6P2Q9	Q6P2Q9
Q6P2Q9	G3V6H2
Q6P2Q9	Q99PV0
Q15398	Q15398
Q15398	Q15398-3
Q15398	Q15398-1
Q15398	B1WC75
Q15398	Q8K4R9
Q9Z0X4	Q9Z0X4
Q9Z0X4	Q14432
Q9Z0X4	XP_002687798
Q9Z0X4	Q62865
Q9Z0X4	Q63085
Q9Z0X4	Q61409
Q9Z0X4	Q13370
Q9Z0X4	Q14123-3
Q9Z0X4	Q64338
Q9Z0X4	Q63421
Q9Z0X4	Q14123
Q9Z0X4	P54750-5
Q9Z0X4	P54750
Q9Z0X4	P14100
Q9Z0X4	Q61481
Q9Z0X4	Q9EPR9
Q9Z0X4	Q01064
Q9Z0X4	Q01066
Q9Z0X4	Q01065
Q6ZPZ3	Q6ZPZ3
Q6ZPZ3	D3ZVW3
Q6ZPZ3	Q9UPT8
Q6ZPZ3	P61129
Q6ZPZ3	Q8BYK8
Q6ZPZ3	Q9JJ48
Q6ZPZ3	Q6AYB0
Q6ZPZ3	Q8N5P1
P30622	P30622
P30622	Q922J3
P30622	P30622-1
P30622	P30622-2
P30622	Q9JK25
P30622	Q9UDT6-2
P30622	Q9Z0H8
P30622	O55156
P30622	Q9UDT6
Q9QXS1	Q9QXS1
Q9QXS1	Q9QXS1-6
Q9QXS1	Q9QXS1-3
Q9QXS1	P30427-2
Q9QXS1	P30427
Q9QXS1	Q15149
Q9QXS1	Q15149-6
Q9QXS1	Q15149-4
Q9QXS1	Q15149-2
Q9QXS1	Q15149-9
Q9QXS1	Q15149-3
Q9QXS1	Q15149-5
Q9QXS1	Q15149-8
Q9QXS1	E1BF59
Q9QXS1	A0A1W2PQS6
Q9QXS1	Q9JI46
Q9QXS1	Q9NZJ9
Q9QXS1	P63326
Q9QXS1	O95989
Q9QXS1	P46783
Q9QXS1	Q9NQ39
Q9QXS1	P63325
Q9QXS1	Q566C7
Q9QXS1	Q8R2U6
Q9QXS1	Q99MY2
Q9QXS1	A0A024RBG1
Q9QXS1	Q96G61
Q9QXS1	Q9NZJ9-3
Q9QXS1	P0C028
Q9QXS1	D3ZYH3
Q9QXS1	Q8NFP7
Q9QXS1	P0C027
Q9QXS1	XP_001061797
Q12968	Q12968
Q12968	P97305
Q12968	Q12968-2
Q12968	D3ZU59
Q12968	P97305-3
Q12968	Q14934-2
Q12968	Q8K120
Q12968	Q14934
Q12968	Q14934-11
Q12968	Q14934-10
Q12968	D3Z9H7
Q12968	XP_417509
Q12968	D4A0I8
Q12968	Q13469-2
Q12968	B5B2P6
Q12968	Q13469-3
Q12968	Q60591
Q12968	Q13469
Q12968	O95644
Q12968	Q6P7T9
Q12968	NP_001231862
Q12968	O88942
Q15334	Q15334
Q15334	Q8K4K5
Q15334	Q80Y17
Q15334	Q3TJ91
Q15334	Q6P1M3
Q15334	B2GV09
Q3UA06	Q3UA06
Q3UA06	Q15645
Q3UA06	Q5XHZ9
Q61037	Q61037
Q61037	P49816
Q61037	P49815
Q61037	P49815-2
Q61037	P49816-2
Q61037	Q61037-6
Q61037	P49815-3
Q61037	P49815-4
O76074	O76074
O76074	Q8CG03
O76074	Q28156
O76074	O54735
O76074	Q91ZQ1
O76074	P51160
O76074	D3ZLC7
O76074	P16499
O76074	P23440
O76074	P35913
O76074	P27664
O76074	O00408
O76074	O00408-6
O76074	Q01062
O76074	Q922S4
O76074	Q922S4-2
O76074	Q8CA95-3
O76074	Q9Y233-2
O76074	Q8CA95
O76074	Q9Y233
O76074	Q9QYJ6
O76074	Q8VID6
O76074	Q9HCR9-2
O76074	Q9HCR9
O76074	P0C1Q2
Q9Y6R4	Q9Y6R4
Q9Y6R4	Q9Y6R4-2
Q9Y6R4	O08648
Q9Y6R4	O08648-2
Q9Y6R4	D3ZGU6
Q9Y6R4	Q9QUK0
Q9Y6R4	Q5XIT0
Q9Y6R4	Q92772
Q9Y6R4	Q5MAI5
Q9Y6R4	Q3TZA2
P16284	P16284
P16284	P16284-2
P16284	Q08481
P16284	Q3SWT0
O88898	O88898
O88898	Q9JJP6
O88898	Q9H3D4
O88898	Q9H3D4-2
O88898	O15350
O88898	O15350-2
O88898	Q9JJP2
O88898	O15350-10
O88898	O15350-8
O88898	P13481
O88898	P04637-4
O88898	P04637-2
O88898	P02340
O88898	Q80ZA1
O88898	P04637
O88898	P10361
O88898	Q95330
Q13868	Q13868
Q13868	Q8VBV3
Q13868	D3ZBP3
P29788	P29788
P29788	Q3KR94
P29788	P04004
P35329	P35329
P35329	P20273
P35329	P20273-2
Q9CR08	Q9CR08
Q9CR08	Q5M882
Q9CR08	O95707
Q969G3	Q969G3
Q969G3	Q56A18
Q969G3	O54941
Q969G3	Q969G3-2
Q9JK30	Q9JK30
Q9JK30	Q4R180
Q9JK30	Q9UBD5-2
Q9JK30	Q9UBD5
Q3UKC1	Q3UKC1
Q3UKC1	Q86VP1
Q3UKC1	Q86VP1-2
Q3UKC1	Q66HA4
Q3UKC1	Q13137-4
Q3UKC1	Q13137
Q3UKC1	A2A6M5
Q3UKC1	Q8CGU1
Q3UKC1	Q9P1Z2
Q3UKC1	Q66HR5
Q9UKJ1	Q9UKJ1
Q9UKJ1	Q9UKJ0
Q9UKJ1	Q9UKJ1-3
Q9UKJ1	Q2YFS3
Q9UKJ1	Q2YFS2
Q9UKJ1	Q2YFS1
Q9UKJ1	M0R9M2
Q9UKJ1	A0A8I6A5E5
Q9UKJ1	XP_001061953
Q9DCX2	Q9DCX2
Q9DCX2	P13620
Q9DCX2	O75947
Q9DCX2	P31399
Q9DCX2	O75947-2
Q761V0	Q761V0
Q761V0	P58295
Q761V0	Q9Y345
Q761V0	O88575
Q761V0	Q64093
Q761V0	Q9NP91
Q761V0	Q8VDB9
Q761V0	P48067
Q761V0	P28572
Q761V0	P28571
Q761V0	P28571-1
Q761V0	P48067-2
Q761V0	P48067-3
Q761V0	Q8VBW1
Q761V0	P48029
Q761V0	P28570
Q761V0	Q6PGE7
Q761V0	Q99884
Q761V0	P28573
Q761V0	Q9UN76
Q761V0	Q9JMA9
Q761V0	Q9D687
Q761V0	Q695T7
Q761V0	Q2A865
Q761V0	O88576
Q761V0	Q9H2J7
Q761V0	P31662
Q761V0	Q9H1V8
Q761V0	Q8BG16
Q761V0	Q8BJI1
Q761V0	Q08469
Q761V0	O35316
Q761V0	Q00589
Q761V0	P31641
Q761V0	P31643
Q761V0	Q8VCS9
Q761V0	P27799
Q761V0	P48065
Q761V0	P48056
Q761V0	P23975-2
Q761V0	F1LNR9
Q761V0	O55192
Q761V0	P23975
Q761V0	P48066
Q761V0	P31646
Q761V0	P31647
Q761V0	Q9NSD5
Q761V0	P31650
Q761V0	P31649
Q761V0	Q01959
Q761V0	P23977
Q761V0	Q61327
Q761V0	P23978
Q761V0	P31648
Q761V0	P30531
Q761V0	P31645-2
Q761V0	P31652
Q761V0	Q60857
Q761V0	P31645
Q761V0	Q96N87
Q761V0	Q62687
XP_038938195	XP_038938195
XP_038938195	Q8K298
XP_038938195	XP_038952178
XP_038938195	Q9NQW6
XP_038938195	Q9NQW6-2
Q925I7	Q925I7
Q925I7	Q9GZP0
Q925I7	Q9GZP0-2
Q925I7	Q9EQT1
Q925I7	Q9EQX6
Q925I7	Q8CI19
Q925I7	Q9NRA1
A2AQ92	A2AQ92
A2AQ92	Q8CIY2
A2AQ92	Q9NRD9
A2AQ92	Q9ES45
A2AQ92	Q9NRD8
A2AQ92	B7ZWM4
A2AQ92	Q8CIZ9
A2AQ92	Q9Y5S8
A2AQ92	Q9WV87
A2AQ92	Q9NPH5
A2AQ92	Q9JHI8
A2AQ92	Q924V1
A2AQ92	Q9HBY0
A2AQ92	Q672J9
A2AQ92	Q672K1
A2AQ92	P04839
A2AQ92	Q61093
A2AQ92	Q9ER28
A2AQ92	Q9Y5S8-3
P51863	P51863
P51863	P61421
P51863	Q5M7T6
P51863	Q8N8Y2
P51863	Q5FVL0
P51863	Q80SY3
Q8C5P7-2	Q8C5P7-2
Q5MJ10	Q5MJ10
Q5MJ10	Q5VSR9
Q5MJ10	Q5MJ07
Q5MJ10	Q5MJ09
Q5MJ10	Q5MJ08
Q9H6N6	Q9H6N6
Q9H6N6	Q9Z2B7
NP_001258125	NP_001258125
NP_001258125	Q6ZQ93
NP_001258125	Q70CQ2
NP_001258125	Q70CQ2-2
D4A8G9	D4A8G9
D4A8G9	Q68DK2
D4A8G9	Q5DU37
P47868	P47868
P47868	P47867
P47868	Q8WXD2
D4A8G3	D4A8G3
D4A8G3	Q9D6I9
D4A8G3	Q96LR2
D4A8G3	Q8IV03
D4A8G3	Q5BJW5
D4A8G3	Q8K2P1
Q08345-5	Q08345-5
Q08345-5	Q08345-2
Q08345-5	Q08345
Q08345-5	Q16832
Q08345-5	B1WC09
Q08345-5	Q62371
Q08345-5	Q03146
Q08345-5	Q63474
Q501L3	Q501L3
Q501L3	Q91YU3
Q501L3	Q8NCY6
NP_001100494	NP_001100494
NP_001100494	Q5SW75
NP_001100494	Q76I76
NP_001100494	Q8TE77
NP_001100494	Q5XIS1
NP_001100494	Q8K330
NP_001100494	Q8TE77-4
NP_001100494	Q9UII6
NP_001100494	Q5XIN2
NP_001100494	Q9QYJ7
Q96NR7	Q96NR7
A8MUM7	A8MUM7
A8MUM7	Q8TCE9
A8MUM7	Q9UHV8
A8MUM7	Q05315
A8MUM7	P97400
P85970	P85970
P85970	O15144
P85970	Q3MHR7
P85970	Q9CVB6
Q9Y3Y2-3	Q9Y3Y2-3
Q9Y3Y2-3	Q498T2
Q9Y3Y2-3	Q9Y3Y2
Q9Y3Y2-3	Q9CY57
Q9Y3Y2-3	Q9Y3Y2-4
P40307	P40307
P40307	P49721
P40307	Q9R1P3
Q14847-2	Q14847-2
Q14847-2	Q61792
Q14847-2	Q14847
Q14847-2	Q14847-3
Q14847-2	O77506
Q14847-2	Q99MZ8
H0Y354	H0Y354
H0Y354	Q6L9T8
H0Y354	Q86X60
H0Y354	Q5TYM5-2
H0Y354	Q5TYM5
H0Y354	A1KXW8
H0Y354	Q8BFZ8
H0Y354	Q86X60-2
E9Q007	E9Q007
E9Q007	Q61694
E9Q007	P14060
E9Q007	P26149
E9Q007	P26439
E9Q007	P27364
E9Q007	Q61767
E9Q007	P24815
E9Q007	P26150
E9Q007	P22071
E9Q007	O35469
E9Q007	Q62878
E9Q007	P22072
E9Q007	Q9H2F3
E9Q007	Q9EQC1
E9Q007	O35048
D0VYS2	D0VYS2
Q3UP90	Q3UP90
BAC26534	BAC26534
Q8BS35	Q8BS35
Q8BS35	A0JPQ8
Q8BS35	Q6ZNB7
E9PUG3	E9PUG3
E9PUG3	Q8C0W1
E9PUG3	Q9P2S6
E9PUG3	Q502X0
E9PUG3	Q6UL01
Q9CWB7	Q9CWB7
Q64298	Q64298
Q64298	Q6PAI4
Q64298	Q497I5
Q64298	Q91V05
Q64298	Q9CQM7
Q64298	Q9BYE3
Q64298	Q5T5B0
Q64298	P15265
Q9Z0X2	Q9Z0X2
Q9Z0X2	Q14940
Q9Z0X2	B2RXE2
Q9Z0X2	P48764
Q9Z0X2	G3X939
Q9Z0X2	P26432
Q9Z0X2	P26433
Q9Z0X2	P26431
Q9Z0X2	Q61165
Q9Z0X2	P19634
Q9Z0X2	Q3ZAS0
Q9Z0X2	P48763
Q9Z0X2	Q9UBY0
Q9Z0X2	Q6AI14
Q9Z0X2	P26434
Q9Z0X2	Q8BUE1
Q9ULW0-2	Q9ULW0-2
Q9ULW0-2	Q9ULW0
Q9ULW0-2	Q6NUF4
Q9ULW0-2	A2APB8
Q9ULW0-2	D3ZA78
P62628	P62628
P62628	Q9NP97
P62628	P62627
P62628	Q8TF09
P62628	Q9DAJ5
P0DP58	P0DP58
P0DP58	P0DP60
Q07071	Q07071
Q07071	Q91X44
Q07071	Q14397
D3ZZL5	D3ZZL5
D3ZZL5	Q9D1N2
D3ZZL5	Q8IV16
Q69BT7	Q69BT7
Q69BT7	Q9Y296
Q69BT7	Q9ES56
Q69BT7	Q9Y5R8
Q69BT7	Q5NCF2
Q69BT7	Q2KMM2
Q91XQ2	Q91XQ2
Q91XQ2	Q9WUA5
Q91XQ2	O95278
Q91XQ2	O95278-4
Q9BTM9-2	Q9BTM9-2
Q9BTM9-2	Q9D2P4
Q9BTM9-2	Q9BTM9
O35607	O35607
O35607	Q13873
O35607	F1LQC5
O35607	P27040
O35607	P38445
O35607	Q13705
O35607	P38444
O35607	P27037
O35607	P27038
O35607	Q16671
O35607	Q8K592
O35607	Q62893
O35607	P37173-2
O35607	P38438
O35607	Q62312
O35607	Q62312-1
O35607	P37173
O35607	P36896-4
O35607	Q61271
O35607	P36896
O35607	P36896-3
O35607	P36895
O35607	P36898
O35607	O00238
O35607	P36894
O35607	Q78EA7
O35607	O00238-2
O35607	P36897-2
O35607	P70539
O35607	P80202
O35607	Q8NER5
O35607	P36897
O35607	P80204
O35607	Q64729
O35607	Q8K348
O35607	Q04771
O35607	P80203
O35607	Q61288
O35607	P80201
O35607	P37023
O35607	P37172
Q6ZUM4	Q6ZUM4
Q6ZUM4	B7Z6T0
Q6ZUM4	Q8IWW6
Q6ZUM4	Q8IWW6-2
Q6ZUM4	Q8IWW6-4
Q6ZUM4	A2AB59
Q6ZUM4	A2AKN5
Q6ZUM4	Q6TLK4
Q6ZUM4	A2AB59-2
Q6ZUM4	Q6AYC5
Q6ZUM4	Q53QZ3
Q6ZUM4	Q811M1
Q6ZUM4	Q8IWW6-3
Q6ZUM4	Q8C0D4
Q6ZUM4	ENSRNOP00000023925
Q6ZUM4	B2RUJ8
Q6ZUM4	Q9BRR9
Q6ZUM4	Q9BRR9-2
Q6ZUM4	Q32PX8
Q6ZUM4	Q8QZW8
P70500	P70500
P70500	O14735
P70500	Q8VDP6
E9Q6D6	E9Q6D6
E9Q6D6	M0RDU3
E9Q6D6	Q9NRM2
Q9H1B7	Q9H1B7
Q9H1B7	Q8K3X4
Q9H1B7	Q5EIC4
Q9H1B7	M0R9Z5
Q9H1B7	E9Q1P8
Q9H1B7	Q7Z5L9
Q9H1B7	Q7Z5L9-2
Q9H1B7	D4AAZ8
Q9H1B7	Q8R3Y8
Q9H1B7	Q8IU81
A2RUU4	A2RUU4
A2RUU4	Q9CQC2
A2RUU4	P04118
A2RUU4	P17084
A2RUU4	P02703
Q78IR3	Q78IR3
Q8K4B0	Q8K4B0
Q8K4B0	Q62599
Q8K4B0	Q13330
Q8K4B0	Q13330-3
Q8K4B0	B2GV01
Q8K4B0	O94776
Q8K4B0	Q9R190
Q8K4B0	Q924K8
Q8K4B0	Q924K8-2
Q8K4B0	XP_002726719
Q8K4B0	Q9BTC8-2
Q8K4B0	Q9BTC8
Q6GTX8	Q6GTX8
Q6GTX8	Q6ISS4
Q6GTX8	P24071-6
Q6GTX8	P24071
Q6GTX8	Q8BG84
Q6GTX8	P0C1X9
P09741	P09741
P09741	P13789
P09741	P50753-2
P09741	P50753
P09741	P50752
P09741	P45379
P09741	P50752-2
P09741	P02641
P09741	P45378-7
P09741	P45378-5
P09741	P09739-6
P09741	P45378-4
P09741	F8WA37
P09741	Q9QZ47-11
P09741	Q9QZ47-8
P09741	P09739-7
P09741	P09739
P09741	Q9QZ47
P09741	P45378
P09741	P45378-6
P09741	P45378-3
P09741	P09739-3
P09741	P13805
P09741	O88346
P09741	Q7TNB2
P09741	P13805-2
Q9UBC2-2	Q9UBC2-2
Q9UBC2-2	Q9UBC2-4
Q9UBC2-2	Q4QQT7
Q9UBC2-2	Q60902
Q9UBC2-2	Q9UBC2
Q9UBC2-2	A7BFV9
Q9UBC2-2	P42567
Q9UBC2-2	P42566
O14964	O14964
O14964	Q99LI8
O14964	Q9JJ50
O14964	O14964-2
Q6PHQ9	Q6PHQ9
Q6PHQ9	P29341
Q6PHQ9	Q5JQF8
Q6PHQ9	P11940
Q6PHQ9	P0CB38
Q6PHQ9	P11940-2
Q6PHQ9	G5E8X2
Q6PHQ9	D3ZGA4
Q6PHQ9	XP_003085306
Q6PHQ9	Q9EPH8
Q6PHQ9	Q62029
Q6PHQ9	Q13310-3
Q6PHQ9	D4A233
Q6PHQ9	XP_006238860
Q6PHQ9	Q13310
Q6PHQ9	Q9H361
Q6PHQ9	Q96DU9
Q6PHQ9	Q8C7D3
Q6PHQ9	D4A5H0
Q6PHQ9	Q9D4E6
Q6PHQ9	B5DF80
Q6PHQ9	Q13310-2
Q6PHQ9	Q4VXU2
Q6PHQ9	D3ZAS7
Q6PHQ9	A2A5N3
Q92560	Q92560
Q92560	Q99PU7
Q92560	D3ZHS6
Q92560	Q9WUP7
Q92560	Q9Y5K5-2
Q92560	Q9Y5K5
Q92560	Q9Y5K5-3
Q92560	Q9Y5K5-4
Q92560	Q5HZY3
P61012	P61012
P61012	P61016
P61012	P26678
P61012	P61013
P61012	P61014
P61012	P61015
P35979	P35979
P35979	P23358
P35979	P30050
P01583	P01583
P01583	P16598
P01583	P01582
P07978	P07978
P07978	P11248
P07978	P04554
A3KGV1	A3KGV1
A3KGV1	Q6AYX5
A3KGV1	A3KGV1-4
A3KGV1	Q6AYX5-3
A3KGV1	Q5BJF6
A3KGV1	Q5BJF6-3
B2UR41	B2UR41
Q6ZPV6	Q6ZPV6
Q6ZPV6	Q9ULJ3
Q6ZPV6	NP_001100575
Q6ZPV6	Q9ULJ3-2
D3Z914	D3Z914
D3Z914	Q9NRY2
D3Z914	Q3TXT3
B0BN89	B0BN89
B0BN89	Q9D7B1
B0BN89	Q9NX74
B0BN89	Q32M08
B0BN89	O95620
Q9P2K3-3	Q9P2K3-3
Q9P2K3-3	Q9P2K3
Q9P2K3-3	B5DFE7
Q9P2K3-3	Q9P2K3-2
Q9P2K3-3	Q6PGA0
Q9P2K3-3	Q9UKL0
Q9P2K3-3	Q8CFE3
Q9P2K3-3	F1LXS5
Q9P2K3-3	Q5FWT8
Q9P2K3-3	Q8IZ40
Q9P2K3-3	Q8C796
Q568Y2	Q568Y2
Q568Y2	Q9BQC3
Q568Y2	Q9CR25
P0DPF6	P0DPF6
P0DPF6	P0DPF5
A2JGV3	A2JGV3
Q6JWR2	Q6JWR2
Q6JWR2	Q9NVC3
Q6JWR2	Q8BWH0
Q6JWR2	A6NNN8
Q6JWR2	Q5HZH7
Q70IA6-3	Q70IA6-3
Q70IA6-3	NP_001102629
Q70IA6-3	Q70IA6
Q70IA6-3	Q8VI63
Q70IA6-3	B5DEX8
Q70IA6-3	Q96BX8
Q70IA6-3	Q8BSU7
Q70IA6-3	Q86TA1
Q70IA6-3	Q8VE04
Q70IA6-3	Q70IA8
Q70IA6-3	Q8BJG4
Q70IA6-3	Q7L9L4-2
Q70IA6-3	Q921Y0
Q70IA6-3	Q8BPB0
Q70IA6-3	Q9H8S9
Q70IA6-3	D4A1V7
Q70IA6-3	Q7L9L4
Q70IA6-3	Q3T1J9
O75438-2	O75438-2
O75438-2	P0DN34
O75438-2	O75438
O75438-2	P0DN35
P61289-2	P61289-2
P61289-2	P61290
P61289-2	P61289
P61289-2	Q5FVM2
P61289-2	Q9UL46
P61289-2	P97372
P61289-2	Q63798
P61289-2	Q06323-2
P61289-2	P97371
P61289-2	Q06323
P61289-2	Q63797
Q8N9W5-3	Q8N9W5-3
Q8N9W5-3	D3ZCM9
Q8N9W5-3	Q8N9W5
Q8N9W5-3	Q3UYV8
P55061-2	P55061-2
P55061-2	P55062
P55061-2	P55061
P55061-2	Q9D2C7
Q6TFL3-4	Q6TFL3-4
Q6TFL3-4	Q6TFL3
Q6TFL3-4	E9Q1U1
Q96Q45-3	Q96Q45-3
Q96Q45-3	Q3V0J1
Q96Q45-3	Q96Q45
Q96Q45-3	D3ZAP8
P98095-2	P98095-2
P98095-2	P98095
P98095-2	P37889
P98095-2	G3V6X1
P98095-2	Q08879
P98095-2	P23142
P98095-2	D3ZQ25
P98095-2	P23142-4
P98095-2	O35568
P98095-2	Q12805-5
P98095-2	Q12805
P98095-2	Q8BPB5
A6NKH3	A6NKH3
A6NKH3	NP_001192247
A6NKH3	P61513
A6NKH3	P61514
Q9UQQ1-4	Q9UQQ1-4
Q9UQQ1-4	Q9UQQ1
Q9UQQ1-4	Q7M758
Q9UQQ1-4	O54697
Q9UQQ1-4	O35409
Q9UQQ1-4	Q04609
Q9UQQ1-4	Q9HBA9
Q9UQQ1-4	Q9Y3Q0
Q9UQQ1-4	Q9CZR2
Q9UQQ1-4	P70627
NP_001385592	NP_001385592
NP_001385592	Q8K396
NP_001385592	Q9BWT6
Q5RK24	Q5RK24
Q5RK24	Q15126
Q5RK24	Q9D1G2
D3ZE72	D3ZE72
D3ZE72	Q8BP48
D3ZE72	P53582
D3ZE72	Q6UB28
D3ZE72	G3V670
D3ZE72	Q9CPW9
Q5U1Z9	Q5U1Z9
Q5U1Z9	O75431
Q5U1Z9	O88441
NP_001380910	NP_001380910
NP_001380910	Q8WUH2
NP_001380910	Q3UR70
Q5XIA9	Q5XIA9
Q5XIA9	Q9D2D9
Q5XIA9	Q8IXV7
Q5XIA9	Q91XA8
Q5XIA9	Q8IYD2
Q8TAP9	Q8TAP9
Q8TAP9	Q9D011
Q8TAP9	D3ZVR4
Q8C5W3	Q8C5W3
Q8C5W3	Q5QJ74
Q8C5W3	Q5PQJ7
Q6P1E1	Q6P1E1
Q6P1E1	D4AE97
Q6P1E1	Q9ULJ6
Q6P1E1	Q8CIE2
Q6P1E1	Q8NF64
Q6P1E1	G3V9C9
A8R0V4	A8R0V4
Q9CY62	Q9CY62
Q9CY62	Q6AXU4
Q9CY62	Q9P0P0
Q8VC34	Q8VC34
Q8VC34	Q5I0E6
Q8VC34	Q8IXW5
Q6ZN18	Q6ZN18
Q6ZN18	Q6ZN18-2
Q6ZN18	Q6ZN18-3
Q6ZN18	Q9Z248
Q6ZN18	D3ZED3
Q9D023	Q9D023
Q9D023	O95563
Q9D023	P38718
Q9D023	P38718-2
P29594	P29594
P29594	P42575
P29594	P55215
P29594	O89094
P29594	P31944
Q91W92	Q91W92
Q91W92	A1A5P0
Q91W92	Q00587
Q91W92	Q00587-2
Q91W92	Q5PQP4
Q91W92	O14613
Q91W92	Q8JZX9
Q91W92	Q0VGK8
Q91W92	Q9CQC5
Q91W92	Q9UKI2
Q91W92	Q9H3Q1
Q91W92	B1WC33
Q91W92	Q9JM96
Q91W92	D3ZWQ6
Q91W92	Q6NZY7
Q91W92	Q9Z0X0
Q12912	Q12912
Q12912	Q12912-2
Q12912	Q60664
Q12912	Q3U560
Q8R092	Q8R092
Q8R092	Q9BWL3-4
Q8R092	Q9BWL3-5
Q8R092	Q9BWL3
Q8R092	Q5XII8
A0A286YCX6	A0A286YCX6
A0A286YCX6	Q9Y2L5
A0A286YCX6	XP_214614
Q9BY77	Q9BY77
Q9BY77	Q8BG81
Q9BY77	D4A2B0
Q9BY77	Q9BY77-2
P32418	P32418
P32418	P23685
P32418	P70414
P32418	P32418-3
P32418	Q8BXB3
P32418	P32418-2
P32418	Q01728
P32418	S4R2P9
P32418	P57103-2
P32418	P70549
P32418	Q9EPU8
P32418	P57103
P32418	Q8K596
P32418	P48768
P32418	Q9UPR5
P32418	Q8K596-2
P32418	Q9R072
NP_001316994	NP_001316994
NP_001316994	P15383
NP_001316994	P15382
NP_001316994	P23299
Q8N2R0-3	Q8N2R0-3
Q8N2R0-3	Q8N2R0
Q8N2R0-3	Q8N2R0-2
Q8N2R0-3	Q91ZD1
Q8N2R0-3	Q6AY34
Q8N2R0-3	Q8TAX0
Q8N2R0-3	Q9WVG7
Q8N2R0-3	B0K011
A0A0J9YXQ4	A0A0J9YXQ4
A0A0J9YXQ4	A0A0J9YX94
A0A0J9YXQ4	P0CW24
A0A0J9YXQ4	A0A1B0GUJ8
P21675-4	P21675-4
P21675-4	P21675-3
P21675-4	P21675-5
P21675-4	Q80UV9
P21675-4	Q8IZX4
P21675-4	P21675
P21675-4	P21675-9
P21675-4	P21675-2
P21675-4	NP_001178652
Q0VCZ5	Q0VCZ5
Q0VCZ5	F1LW07
Q0VCZ5	Q5I1X5
Q0VCZ5	Q8WUF5
Q0VCZ5	Q6NXT1
Q0VCZ5	Q566C8
Q0VCZ5	Q91WK7
Q0VCZ5	Q1LZC5
Q9Y6F6-7	Q9Y6F6-7
Q9Y6F6-7	Q9Y6F6
Q9Y6F6-7	D3ZDF3
Q9Y6F6-7	Q9WUX5
Q5T5Y3-3	Q5T5Y3-3
Q5T5Y3-3	Q5T5Y3
Q5T5Y3-3	Q5T5Y3-2
Q5T5Y3-3	F1MYW2
Q5T5Y3-3	D3Z8E6
Q5T5Y3-3	A2AHC3
Q5T5Y3-3	Q08AD1
Q5T5Y3-3	Q08AD1-2
Q5T5Y3-3	D4AEC2
Q5T5Y3-3	Q8C1B1
Q5T5Y3-3	Q9P1Y5-2
Q5T5Y3-3	Q9P1Y5
Q5T5Y3-3	D3ZXQ2
Q5T5Y3-3	E9Q5B0
Q5T5Y3-3	Q80VC9
Q99996-6	Q99996-6
Q99996-6	Q99996-3
Q99996-6	Q30A01
Q99996-6	Q99996
Q99996-6	Q70FJ1
Q99996-6	Q9JHE0
Q9P2D8-3	Q9P2D8-3
Q9P2D8-3	E5CYJ9
Q9P2D8-3	Q9P2D8
Q9P2D8-3	Q0KK59
Q9P2D8-3	XP_234477
P56163	P56163
P56163	Q92782
P56163	Q9QX66
P56163	P58269
P56163	NP_001178747
P56163	Q92784
P56163	P58269-2
P56163	Q92784-2
P56163	NP_001101986
P56163	Q61103
P56163	Q92785
A0A1B0GUW6	A0A1B0GUW6
Q5BJW3	Q5BJW3
Q5BJW3	Q62302
Q5BJW3	Q6UWH6
Q6TUF2	Q6TUF2
Q6TUF2	Q9NRP4
Q6TUF2	Q8BQU3
Q5HZE5	Q5HZE5
Q5HZE5	Q86X19
Q5HZE5	Q8K0U3
D3ZDK7	D3ZDK7
D3ZDK7	Q8CHP8
D3ZDK7	A6NDG6
D3ZDK7	Q8VD52
D3ZDK7	P60487
D3ZDK7	Q96GD0
D3ZKV9	D3ZKV9
D3ZKV9	Q4VC12
D3ZKV9	Q9D5Z5
A0A1B0GVV1	A0A1B0GVV1
A0A1B0GVV1	E9Q2Z6
Q6QDP7	Q6QDP7
Q6QDP7	Q8BH52
Q6QDP7	Q70SY1
Q6QDP7	Q66HA2
Q6QDP7	Q9Z125
Q6QDP7	Q96BA8
Q4FZB7	Q4FZB7
Q4FZB7	Q3U8K7
Q4FZB7	Q4FZB7-2
Q4FZB7	P0C2N5
Q4FZB7	P0C2N6
Q4FZB7	Q86Y97
Q4FZB7	Q6Q783
Q7TN88	Q7TN88
Q7TN88	Q7Z442
Q7TN88	Q2EG98
Q7TN88	Q7Z443
Q7TN88	Q13563
Q7TN88	Q13563-4
Q7TN88	Q13563-2
Q7TN88	O35245
Q7TN88	D4A5F1
Q7TN88	Q13563-3
Q7TN88	Q9P0L9
Q7TN88	A2A259
Q7TN88	Q9NZM6
Q7TN88	Q9NZM6-5
Q7TN88	D4A828
Q7TN88	Q9JLG4
Q8BLN6	Q8BLN6
Q8BLN6	Q8N2C7
Q8QZW3	Q8QZW3
Q8QZW3	Q8WW52
Q8QZW3	Q642A7
Q8QZW3	D3YUE4
Q8QZW3	Q6UXP7
Q8QZW3	B2RZ92
Q99932	Q99932
Q99932	Q3V0Q6
Q9HC36	Q9HC36
Q9HC36	Q5ND52
Q9HC36	D3ZQG0
Q8IZJ3	Q8IZJ3
Q8NA69	Q8NA69
Q8NA69	G3XA23
Q8NA69	D3Z9Q6
Q9HAU8	Q9HAU8
Q9HAU8	G5E872
Q9HAU8	NP_001258106
Q9HAU8	P09960
Q9HAU8	P09960-4
Q9HAU8	P30349
Q9HAU8	P24527
Q9HAU8	P09960-2
Q9HAU8	O09175
Q9HAU8	Q8VCT3
Q9HAU8	Q9H4A4
Q91V01	Q91V01
Q91V01	Q6P1A2
Q91V01	Q5FVN0
Q8C522	Q8C522
Q8C522	D3ZIP8
Q8C522	O94919
Q8BN58	Q8BN58
Q8BN58	F1M332
Q8BN58	Q9P2N2
Q8BN58	F1LXP8
Q8BN58	Q8N392-2
Q8BN58	Q8N392
Q8BN58	Q8K0Q5
Q8BN58	E9Q6X9
Q8BN58	Q5TG30
Q8BGC1	Q8BGC1
Q8BGC1	Q49AR2
Q8BGC1	Q49AR2-3
Q69ZF8	Q69ZF8
Q69ZF8	Q9HCI7
Q69ZF8	D4A9S3
P19404	P19404
P19404	P19234
P19404	Q9D6J6
Q99MT7	Q99MT7
Q99MT7	Q9BY21
Q99MT7	Q9CPV9
Q99MT7	Q9EPX4
Q99MT7	Q9H244
Q99MT7	Q9BPV8
Q99MT7	Q9D8I2
Q99MT7	Q6GUG4
Q99MT7	D4A4Q2
Q99MT7	O14626
Q99MT7	Q8BG55
Q99MT7	Q9UPC5
Q99MT7	Q9R1K6
Q99MT7	Q6XCE7
Q99MT7	Q9ESG6
Q99MT7	O35881
Q99MT7	Q15391
Q9Z2B1	Q9Z2B1
Q9Z2B1	O95256
Q9H944	Q9H944
Q9H944	Q5XIE9
Q9H944	Q9R0X0
Q8VE96	Q8VE96
Q8VE96	Q8N357
Q8VE96	Q5RKH7
Q13491-4	Q13491-4
Q13491-4	P35803-2
Q13491-4	Q13491-3
Q13491-4	P35803
Q13491-4	EDL90540
Q13491-4	Q13491
Q13491-4	Q812E9
Q13491-4	P35802
Q13491-4	P51674
Q13491-4	P60203
Q13491-4	P60202
Q13491-4	P60201
P98082	P98082
P98082	O88797
P98082	P98078
P98082	P97318
P98082	A1Y2K0
P98082	ABR15760
P98082	Q8CJH2
P98082	P97318-3
P98082	P97318-2
P98082	O75553
P98082	Q8JH94
P98082	Q6XBN7
O70194	O70194
O70194	Q6AYK8
O70194	O15371
Q9Y2Z0	Q9Y2Z0
Q9Y2Z0	Q9CX34
Q9Y2Z0	B0BN85
Q9Y2Z0	Q9Y2Z0-2
P01216	P01216
P01216	P11962
P01216	P01215
Q9DB90	Q9DB90
Q9DB90	Q9H0W8-2
Q9DB90	Q9H0W8
Q9DB90	Q5PQS6
Q8NHM5	Q8NHM5
Q8NHM5	Q6P1G2-2
Q8NHM5	XP_001075343
Q8NHM5	Q6P1G2
Q8NHM5	Q8NHM5-2
Q8NHM5	Q9Y2K7
Q8NHM5	Q9Y2K7-5
Q8NHM5	Q9Y2K7-2
Q8NHM5	D3ZTJ7
Q8NHM5	P59997
Q8NHM5	Q6PCT2
Q8NHM5	Q6PCT2-2
Q8NHM5	Q6PCT2-3
Q8NHM5	Q6PB97
Q6P1K2-5	Q6P1K2-5
Q6P1K2-5	Q6P1K2
Q6P1K2-5	Q6P1K2-3
Q6P1K2-5	Q6P1K2-4
Q6P1K2-5	Q6P1K2-6
Q6P1K2-5	Q9CPV5
Q6P1K2-5	D3ZEH8
Q6P1K2-5	Q6P1K2-2
O54819	O54819
O54819	Q02445
O54819	P10646
O54819	P10646-2
Q9Y248	Q9Y248
Q9Y248	D3ZSY6
Q9Y248	Q9D600
Q5TGY3	Q5TGY3
Q5TGY3	D4A5R3
Q5TGY3	Q6PAL7
Q921I2	Q921I2
Q921I2	Q8TBB5
Q9P2D1	Q9P2D1
Q9P2D1	A2AJK6
Q9P2D1	D3ZAP7
Q9P2D1	P40201
Q9P2D1	O14646-2
Q9P2D1	O14646
Q9P2D1	D4AAG9
Q9P2D1	Q8TD26
Q9P2D1	Q8TD26-2
Q9P2D1	A3KFM7
Q9P2D1	Q3L8U1
Q9P2D1	Q3L8U1-2
Q9P2D1	Q8BYH8
Q9P2D1	D3ZA12
Q9P2D1	NP_001258119
Q9P2D1	F1LNL2
Q9P2D1	Q6PGB8
Q9P2D1	Q91ZW3
Q9P2D1	P28370-2
Q9P2D1	O60264
Q9P2D1	P28370
Q9P2D1	Q9NRZ9
Q9P2D1	M0R3Y7
Q9P2D1	Q60848
Q9P2D1	B5DFE8
Q9P2D1	Q92698
Q9P2D1	P70270
Q9P2D1	Q09XV5
Q9P2D1	Q9HCK8-2
Q9P2D1	Q09XV5-2
Q9P2D1	Q9JIX5
Q9P2D1	Q9HCK8
Q9P2D1	D4AD08
Q9P2D1	O14647-2
Q9P2D1	O14647
Q9P2D1	E9PZM4
Q9P2D1	O14647-3
Q9P2D1	Q9H4L7-2
Q9P2D1	Q9H4L7
Q9P2D1	D3Z9Z9
Q9P2D1	Q04692
Q9UBN7	Q9UBN7
Q9UBN7	XP_228753
Q9UBN7	Q9Z2V5
Q9UBN7	Q9UBN7-2
Q9UBN7	Q969S8
Q9UBN7	Q6P3E7
Q9UBN7	Q569C4
Q9BVJ6	Q9BVJ6
Q9BVJ6	Q5TAP6
Q9BVJ6	Q9BVJ6-2
Q9BVJ6	Q640M1
Q9BVJ6	Q499R2
Q9BVJ6	XP_038940588
Q9BVJ6	Q6EJB6
Q4V7B5	Q4V7B5
Q4V7B5	Q9D4K7
Q4V7B5	Q8IYK2
Q9Y5A7	Q9Y5A7
Q9Y5A7	Q9Y5A7-2
Q9Y5A7	Q5XIT4
Q9Y5A7	P54729
Q3V125	Q3V125
Q3V125	Q8TBZ0
Q562E2	Q562E2
Q562E2	Q17RG1
Q3U060	Q3U060
Q3U060	P05538
Q3U060	P01911_VAR_A100K
Q3U060	P18468
Q3U060	P04230
Q3U060	P18469
Q3U060	P01915
Q3U060	P20040
Q3U060	P79483
Q3U060	P13762
Q3U060	P18211
Q3U060	P01911
Q3U060	Q30154
Q3U060	P13765
Q3U060	O35424
Q3U060	P06342
Q3U060	P14483
Q3U060	P06341
Q3U060	P01921
Q3U060	P06343
Q3U060	P06345
Q3U060	P06344
Q3U060	P01920_VAR_Y62S
Q3U060	P04440
Q3U060	P01920
Q71F78	Q71F78
O88621	O88621
O88621	G3V7Y6
O88621	O75593
Q5T4H9	Q5T4H9
Q96MD7	Q96MD7
Q96MD7	Q96MD7-1
Q96MD7	Q9CQ90
Q96MD7	Q68FU5
Q9P021	Q9P021
Q9P021	Q792Q4
Q9P021	O70333
Q71SY5-3	Q71SY5-3
Q71SY5-3	Q71SY5-4
Q71SY5-3	Q8VCB2
Q71SY5-3	Q71SY5
Q71SY5-3	NP_001163897
Q71SY5-3	Q5U2W6
Q71SY5-3	Q86YD1-2
Q71SY5-3	Q86YD1
Q71SY5-3	Q91VU8
Q8WUH6	Q8WUH6
Q8WUH6	B2RZ08
Q8WUH6	Q9DAM7
Q5TAA0	Q5TAA0
Q5TAA0	Q8C159
Q5TAA0	D3ZRX3
Q91ZU6-8	Q91ZU6-8
Q91ZU6-8	Q03001-12
Q62267	Q62267
Q62267	A0A0G2K2L3
Q62267	P22528
Q62267	Q5T870
Q62267	Q5TCM9
Q62267	Q5T7P2
Q62267	Q5T754
Q62267	Q5T753
Q62267	Q5TA82
Q62267	Q5T752
Q62267	Q5T7P3
Q62267	Q5T751
Q62267	Q5TA79
Q62267	O14633
Q62267	Q5TA81
Q62267	O09116
Q62267	P35321
Q62267	O70559
Q62267	Q9BYE4
Q62267	O70558
Q62267	O70554
Q62267	XP_038959252
Q62267	Q96RM1
Q62267	O70557
Q62267	P22531
Q62267	P35326
Q62267	P35325
Q62267	P22532
Q62267	O70555
Q62267	O70560
Q62267	O70556
Q62267	Q9UBC9
Q62267	NP_068636
Q62267	Q62266
Q66X01	Q66X01
Q66X01	Q66X22
Q66X01	Q66X03
Q9NX53	Q9NX53
Q3U213	Q3U213
Q3U213	Q96JX3
Q8WUT4	Q8WUT4
Q8WUT4	P59383
Q8WUT4	Q3TYX2
Q8WUT4	Q8ND94
Q60601	Q60601
XP_001479756	XP_001479756
XP_001479756	P20290-2
XP_001479756	Q5U3Y8
XP_001479756	XP_226217
XP_001479756	P20290
XP_001479756	Q96K17
XP_001479756	Q9CQH7
XP_001479756	Q64152
XP_001479756	D4A3I4
Q8N112	Q8N112
Q8N7X1	Q8N7X1
Q8N7X1	P0C7P1
Q8N7X1	A6NEQ0
Q8N7X1	Q15415
Q8N7X1	P0DJD3-2
Q8N7X1	P0DJD3-3
Q8N7X1	P0DJD3
Q8N7X1	A6NDE4
Q8N7X1	P0DJD4
Q8N7X1	D4AE41
Q8N7X1	Q4V898
Q8N7X1	Q9WV02
Q8N7X1	P38159-2
Q8N7X1	P84586
Q8N7X1	Q96E39
Q8N7X1	Q91VM5
Q8N7X1	P38159
Q8N7X1	D3JUI8
Q8N7X1	Q9DAE2
Q8N7X1	A0A087WR82
Q8N7X1	O35698
Q8N7X1	D3ZH45
Q8N7X1	O75526
P00507	P00507
P00507	XP_001056183
P00507	P00506
P00507	P05202
P00507	P00505
P00507	P05201
P00507	P17174
P00507	P13221
P00507	Q8NHS2
P00507	Q7TSV6
Q7TMA5	Q7TMA5
Q7TMA5	E9Q414
Q7TMA5	P04114
A7RDN6	A7RDN6
A7RDN6	Q5U2W9
A7RDN6	Q5VYX0
D4AE48	D4AE48
D4AE48	Q3TPJ7
D4AE48	Q504T8
P61803	P61803
P61803	P61804
P61803	P61805
A8MXE2	A8MXE2
Q2NKQ1-3	Q2NKQ1-3
Q2NKQ1-3	Q2NKQ1
Q2NKQ1-3	Q8BPQ7
Q2NKQ1-3	D3ZAS2
Q2NKQ1-3	O43147-2
Q2NKQ1-3	Q80U12-2
Q2NKQ1-3	O43147
Q2NKQ1-3	Q80U12
D3ZVD1	D3ZVD1
D3ZVD1	Q64028
D3ZVD1	P78364
D3ZVD1	Q8NDX5-7
D3ZVD1	Q8NDX5-2
D3ZVD1	ENSRNOP00000012758
D3ZVD1	Q8NDX5-4
D3ZVD1	Q8CHP6
D3ZVD1	Q8NDX5
D3ZVD1	Q8IXK0-5
D3ZVD1	Q8IXK0-3
D3ZVD1	Q8IXK0
D3ZVD1	Q8IXK0-2
D3ZVD1	D4A0M3
D3ZVD1	Q9QWH1
Q75WE7	Q75WE7
Q75WE7	XP_001062386
Q75WE7	Q99KC8
Q75WE7	O00534
Q75WE7	O00534-2
Q75WE7	Q6P8K4
Q6NXT4-2	Q6NXT4-2
Q6NXT4-2	B2RZA8
Q6NXT4-2	Q6NXT4-3
Q6NXT4-2	Q6NXT4-4
Q6NXT4-2	Q6NXT4
Q6NXT4-2	Q8BJM5
Q9D162	Q9D162
Q9D162	Q9P0B6
Q9D162	D3ZGM5
Q6N075-2	Q6N075-2
Q6N075-2	Q6N075
Q6N075-2	Q921Y4
Q6N075-2	B1WC12
Q8C1Q6	Q8C1Q6
Q8C1Q6	Q8WVI0
Q8C1Q6	XP_341398
D3ZGX8	D3ZGX8
D3ZGX8	E1BNS3
D3ZGX8	O60885-2
D3ZGX8	O60885-3
D3ZGX8	Q9ESU6
D3ZGX8	Q58F21-2
D3ZGX8	Q58F21
D3ZGX8	O60885
D3ZGX8	Q8K2F0
D3ZGX8	D3ZWU1
D3ZGX8	Q15059-2
D3ZGX8	Q15059
D3ZGX8	P25440-2
D3ZGX8	P25440
D3ZGX8	Q7JJ13
D3ZGX8	Q6MGA9
D3ZGX8	Q91Y44
D3ZGX8	D4A7T3
Q96FW1-2	Q96FW1-2
Q96FW1-2	XP_001079107
Q96FW1-2	Q7TQI3
Q96FW1-2	Q96FW1
Q96FW1-2	B2RYG6
Q96FW1-2	D3ZAR8
Q96FW1-2	Q96DC9
Q96FW1-2	Q9CQX0
P23497-4	P23497-4
P23497-4	P23497-2
P23497-4	P23497-7
P23497-4	P23497
P23497-4	Q66H87
P23497-4	XP_001473574
P23497-4	Q13342
P23497-4	Q9H930
P23497-4	Q6NSQ5
P23497-4	O35892
P23497-4	Q99388
P23497-4	Q5XI80
P23497-4	Q9HB58-6
P23497-4	Q9HB58-2
P23497-4	Q9HB58-4
P23497-4	Q9HB58
P23497-4	Q8C898
P23497-4	Q3UTB2
F1M524	F1M524
F1M524	F6YCR7
F1M524	Q8NHV9
L0AJX6	L0AJX6
A8K0R7-5	A8K0R7-5
A8K0R7-5	A8K0R7
A8K0R7-5	Q9CSB3
Q9Y316-3	Q9Y316-3
Q9Y316-3	Q4QQR9
Q9Y316-3	Q91VH6
Q9Y316-3	Q9Y316
Q9UHK6-5	Q9UHK6-5
Q9UHK6-5	Q9UHK6
Q9UHK6-5	O09174
Q9UHK6-5	Q9UHK6-2
Q9UHK6-5	P70473
D4AB01	D4AB01
D4AB01	Q9BX68
D4AB01	Q9D0S9
D4AB01	P49773
D4AB01	P70349
D4AB01	P62959
D3ZD11	D3ZD11
D3ZD11	Q15005
D3ZD11	Q9CYN2
Q4VBH2	Q4VBH2
Q4VBH2	Q8K1J6
Q4VBH2	Q96Q11
Q4FZS9	Q4FZS9
Q4FZS9	Q91WD1
Q4FZS9	P05423
D4AAH6	D4AAH6
D4AAH6	Q9JK23
D4AAH6	O95456
D4AAH6	O95456-2
A0A669KAY3	A0A669KAY3
A0A669KAY3	Q8BL95
A0A669KAY3	P57076
A0A669KAY3	Q8TDR4
A0A669KAY3	Q5U3Z0
A0A0G2JWW8	A0A0G2JWW8
A0A0G2JWW8	Q96HR3
A0A0G2JWW8	Q9CQI9
Q8VI82	Q8VI82
Q8VI82	Q9EPC2
Q8VI82	Q9GZV9
Q8VI82	Q9JJN1
Q8VI82	Q9NSA1
G1SUL1	G1SUL1
G1SUL1	P41272
G1SUL1	P26842
Q80ZF7	Q80ZF7
Q80ZF7	Q8VCH7
Q80ZF7	Q8IZV5
Q80ZF7	NP_001102826
Q80ZF7	Q05A13
Q80ZF7	Q8N3Y7
Q80ZF7	Q7TQA3
Q80ZF7	O75911
Q80ZF7	O88876
Q80ZF7	Q8VCR2
Q80ZF7	Q5M875
Q80ZF7	Q8VCR2-2
Q80ZF7	Q8NBQ5
Q80ZF7	Q7Z5P4
Q80ZF7	Q9EQ06
Q80ZF7	Q6AYS8
Q80ZF7	Q8N4T8
Q80ZF7	Q7TS56
Q80ZF7	Q91VT4
P06828	P06828
Q7TP98	Q7TP98
Q7TP98	Q12905
Q7TP98	Q9CXY6
D4A4X3	D4A4X3
D4A4X3	Q3U4N7
D4A4X3	Q9H665
A0A8I6AHW7	A0A8I6AHW7
A0A8I6AHW7	Q8IYB5
A0A8I6AHW7	Q8IYB5-2
A0A8I6AHW7	Q91VZ6
A0A8I6AHW7	Q8WU79
A0A8I6AHW7	NP_001094139
A0A8I6AHW7	Q7TN29
A0A0U1RQI7	A0A0U1RQI7
A0A0U1RQI7	Q8VHX1
XP_038953303	XP_038953303
XP_038953303	Q96JJ7
XP_038953303	Q8BXZ1
P62633-6	P62633-6
P62633-6	P62633-5
P62633-6	P62633-4
P62633-6	P53996
P62633-6	Q9D548
P62633-6	P62634
P62633-6	P62633-3
P62633-6	P62633-2
P62633-6	P53996-2
P62633-6	P62633
P62633-6	Q8WW36
Q96RJ3-2	Q96RJ3-2
Q96RJ3-2	Q96RJ3
Q96RJ3-2	Q9D8D0
Q96PD5-2	Q96PD5-2
Q96PD5-2	Q96PD5
Q96PD5-2	Q8VCS0
Q96PD5-2	O75594
B0K034	B0K034
B0K034	Q96FN9
B0K034	Q8BHA3
A0A494C071	A0A494C071
A0A494C071	Q2TAK8
A0A494C071	B1H224
A0A494C071	Q6DID5
A0A494C071	Q5H9M0
A0A494C071	Q4VA55
A0A494C071	A2BG95
A0A494C071	Q52KH6
Q4KLJ3	Q4KLJ3
Q4KLJ3	Q13823
Q4KLJ3	Q99LH1
Q9QZS2	Q9QZS2
Q9QZS2	O88846
Q9QZS2	P78317
Q13113	Q13113
Q13113	Q923S2
Q13113	Q9CQH0
Q6P791	Q6P791
Q6P791	Q9CQ22
Q6P791	Q6IAA8
Q9CYR0	Q9CYR0
Q9CYR0	Q04837
Q9CYR0	P28042
Q9CYR0	Q8R2K3
Q9Y6V0	Q9Y6V0
Q9Y6V0	Q9Y6V0-6
Q9Y6V0	Q9JKS6
Q9Y6V0	Q9QYX7
Q9Y6V0	O88737
Q9Y6V0	O88778
Q9Y6V0	Q9UPA5
P09693	P09693
P09693	Q64159
P09693	P11942
P09693	P19377
P09693	P04235
P09693	P04234
Q6S5C2	Q6S5C2
Q6S5C2	Q9UJJ9
Q6S5C2	B0BNH1
Q9QUR7	Q9QUR7
Q9QUR7	Q13526
Q9QUR7	B0BNL2
Q9QUR7	O15428
Q4VAA2	Q4VAA2
Q4VAA2	Q5XIM5
Q4VAA2	Q9UKY7
Q4VAA2	Q9UKY7-2
Q01362	Q01362
Q01362	P13386
Q01362	P20490
NP_001162135	NP_001162135
NP_001162135	E9PVA8
NP_001162135	Q92616
XP_342522	XP_342522
XP_342522	P27790
XP_342522	P07199
XP_342522	Q17RP2
XP_342522	Q8BUZ3
XP_342522	Q8IY51
XP_342522	Q6B0B8
XP_342522	Q7TM95
D3ZU21	D3ZU21
D3ZU21	E9Q6K3
D3ZU21	Q8WXW3
P82918	P82918
P82918	F6Q5K7
P82918	Q9Y676
P82918	Q99N84
Q8NFH3	Q8NFH3
Q8NFH3	B0BNB5
Q8NFH3	P59235
Q92896-2	Q92896-2
Q92896-2	Q61543
Q92896-2	Q62638
Q92896-2	Q92896
Q3TTI8	Q3TTI8
Q3TTI8	A6NCN8
Q68FW2	Q68FW2
Q68FW2	Q99M54
Q68FW2	Q99618
A6NMZ2	A6NMZ2
A6NMZ2	Q8C9X1
Q9EQQ3	Q9EQQ3
Q9EQQ3	Q9BZJ6
Q9EQQ3	Q9Y5Y3
Q9EQQ3	Q9EQQ4
P19256	P19256
P19256	P19256-3
Q9HBE4	Q9HBE4
Q9HBE4	Q9ES17
Q9HBE4	A3QPB9
Q8NGU9	Q8NGU9
Q8NGU9	Q8BL07
Q9WVA7	Q9WVA7
Q9WVA7	Q8K025
Q9WVA7	Q92837
Q9WVA7	O75474
Q9WVA7	P70339
O43612	O43612
O43612	O55232
O43612	O55241
A8MTL3	A8MTL3
A8MTL3	D3Z423
Q32M92	Q32M92
Q96PD4	Q96PD4
Q96PD4	Q7TNI7
Q96PD4	Q5BJ95
Q96PD4	Q16552
Q96PD4	Q62386
Q96PD4	Q61453
M0RAS4	M0RAS4
M0RAS4	Q96ID5
M0RAS4	Q7TNR6
Q9D8Z2	Q9D8Z2
Q9D8Z2	O43715
Q9D8Z2	D3ZY71
P0CG13	P0CG13
P0CG13	P0CG15
P0CG13	P0C6T1
P25425-12	P25425-12
P25425-12	P25425
P25425-12	P25425-2
P25425-12	F1LRD7
P25425-12	Q9UKI9-2
P25425-12	P42571
P25425-12	P31362
P25425-12	Q9UKI9
P25425-12	P10037
P25425-12	Q00286
P25425-12	P28069
P25425-12	P09086
P25425-12	Q00196
P25425-12	P14859-6
P25425-12	P14859-5
P25425-12	P14859-2
P25425-12	P14859
P25425-12	Q01860
P25425-12	Q01860-2
P25425-12	NP_001239381
P25425-12	Q06416
P25425-12	P20263
Q9Z103	Q9Z103
Q9Z103	Q9JKL8
Q9Z103	Q9H2P0
Q8R431	Q8R431
Q8R431	Q3UFN1
Q8R431	O35678
Q8R431	Q99685
Q9Y4X5	Q9Y4X5
Q9Y4X5	D3ZXL1
Q9Y4X5	Q9Z1K5
Q9Y4X5	O95376
Q9Y4X5	D3ZJB8
Q9Y4X5	Q9Z1K6
Q9Y4X5	Q7Z419
Q9Y4X5	Q8BKD6
Q9Y4X5	P50876
Q9Y4X5	Q925F3
Q7Z3J2	Q7Z3J2
Q7Z3J2	Q5XI83
Q7Z3J2	Q8BWQ6
Q9BXJ9	Q9BXJ9
Q9BXJ9	XP_003751565
Q9BXJ9	Q80UM3
Q9BXJ9	D3ZD89
Q9BXJ9	Q6N069
Q9BXJ9	Q9BXJ9-4
Q9BXJ9	Q9DBB4
Q99797	Q99797
Q99797	Q01992
Q99797	A6H611
Q9H7T9	Q9H7T9
Q9H7T9	D3ZUC4
Q9H7T9	E9Q6Z5
Q5FBB7	Q5FBB7
Q5FBB7	Q5FBB7-4
Q5FBB7	Q9CXH7
Q5FBB7	XP_008765009
Q99P25	Q99P25
Q99P25	Q2TAA8
P02760	P02760
P02760	Q07456
P02760	Q64240
P02760	P48307
P02760	O35536
Q5XUX0	Q5XUX0
Q5XUX0	B2RYN2
Q5XUX0	Q3TQF0
Q5BJH7	Q5BJH7
Q5BJH7	Q5BJH7-6
Q5BJH7	Q9CX30
Q5BJH7	Q6PEC3
Q5BJH7	B0BMV4
Q5BJH7	O95070
Q5BJH7	Q91XB7
Q3V0L5	Q3V0L5
Q3V0L5	Q8N309
Q3V0L5	Q8N309-3
P32929	P32929
P32929	P18757
P32929	Q8VCN5
Q9P2W9	Q9P2W9
Q9P2W9	Q8VDS8
Q9P2W9	Q68FW4
Q9P2W9	Q8VDS8-2
Q9BZE0	Q9BZE0
Q9BZE0	D3ZIA9
Q9BZE0	Q8VDL9
E9Q7L1	E9Q7L1
E9Q7L1	Q14146
E9Q7L1	NP_001129180
Q62137-2	Q62137-2
Q62137-2	Q62137
Q62137-2	Q63272
Q62137-2	AAA21415
Q62137-2	P52333
Q62137-2	XP_342873
Q62137-2	P52332
Q62137-2	P23458
Q62137-2	D3ZD03
Q62137-2	Q9R117
Q62137-2	Q62120
Q62137-2	Q62689
Q62137-2	O60674
Q62137-2	P29597
Q9H6X5	Q9H6X5
Q9H6X5	Q6AXP1
Q9H6X5	Q922C1
Q8N3S3	Q8N3S3
Q8N3S3	Q8CB19
Q8N3S3	F1M8G0
Q8N3S3	Q9QZ09
Q8N3S3	Q9UMS5
Q8R0P8	Q8R0P8
Q8R0P8	Q96I13
P97587	P97587
P97587	Q8BMJ7
P97587	Q99675
O95201	O95201
O95201	P10754
O95201	Q9BV97
O95201	P98182
O95201	P17036
O95201	P17036-2
O95201	Q8C689
O95201	Q8N720-2
O95201	Q6P8W7
Q96F05	Q96F05
Q96F05	Q9D8N1
Q32NB8	Q32NB8
Q32NB8	Q8BHF7
Q32NB8	XP_006247917
Q9CR76	Q9CR76
Q9CR76	Q96B77
Q9CR76	Q4KLZ1
Q3UTZ3	Q3UTZ3
Q3UTZ3	Q8WVR3
Q3UTZ3	A0A0G2KAX2
Q3UTZ3	Q8WVR3-2
Q96IC2	Q96IC2
Q96IC2	A1A5R7
Q8N9E0	Q8N9E0
Q8N9E0	Q505I5
Q8N9E0	Q9CVI2
Q8N9E0	Q5BKY9
P43120	P43120
P43120	Q03014
P43120	F7F7Q9
P43120	O95231
P43120	P78426
P43120	O35762
P43120	Q99MA9
P43120	D3ZCL0
P43120	Q3UHX8
P43120	D3ZZX2
P43120	Q8CF07
P43120	Q9C056
P43120	A6NJ46
Q6DQH2	Q6DQH2
P49767	P49767
P49767	O35757
P49767	P97953
P49767	P97946
P49767	O43915
P49767	O35251
P0C7P0	P0C7P0
Q64249	Q64249
Q64249	Q15406
Q64249	XP_342428
Q9NZC2	Q9NZC2
Q9NZC2	Q99NH8
Q3V2D6	Q3V2D6
Q3V2D6	P0C5Y4
Q3V2D6	A2A588
Q3V2D6	F1LNL4
Q3V2D6	Q8IUG1
Q3V2D6	Q07627
Q3V2D6	Q9BYS1
A8MTB9	A8MTB9
A8MTB9	Q9D871
P41732	P41732
P41732	Q62283
P41732	NP_001102285
P41732	O43657
P41732	Q5RJZ3
P60008	P60008
P60008	Q9QYL0
P60008	NP_001103035
P60008	D3ZZW6
Q9UBV8	Q9UBV8
Q9UBV8	Q8BFY6
Q9UBV8	Q641Z8
Q9UBV8	G3V7W1
Q9UBV8	O75340
Q9UBV8	P12815
Q9UBV8	O75340-2
Q32M26	Q32M26
Q32M26	Q6NUJ2
Q9H7T3	Q9H7T3
Q9BXD5	Q9BXD5
Q9BXD5	Q9DCJ9
Q9BXD5	Q66H59
Q9BUU2	Q9BUU2
Q9BUU2	D3Z9R2
Q9BUU2	Q8R1C6
Q5DTT8	Q5DTT8
Q5DTT8	D4AEL1
Q5DTT8	Q96PV4
Q5DTT8	Q8ND90
Q5DTT8	Q8C1C8
Q5DTT8	Q8VHZ4
Q5DTT8	Q96BY2
Q5DTT8	Q9ERH6
Q5DTT8	Q8JZW8
Q5DTT8	Q9UL41
Q5DTT8	Q8BHK0
Q5DTT8	Q9UL42
O43313	O43313
O43313	Q6P9S1
Q9CQJ0	Q9CQJ0
Q9CQJ0	Q8N1Q8
Q9CQJ0	Q5T1C6
Q9CQJ0	Q3UUI3
Q9CQJ0	Q566R0
Q9BSH4	Q9BSH4
Q9BSH4	Q8K0Z7
Q9BSH4	B2RYT9
A0A0A0MTA7	A0A0A0MTA7
B1AXP3	B1AXP3
B1AXP3	Q8IYX7
B1AXP3	Q6AYP6
B1AXP3	Q658L1
B1AXP3	Q8BQB6
Q9QZ57	Q9QZ57
Q9QZ57	Q9QZ58
Q9QZ57	Q12988
Q7Z7B1	Q7Z7B1
Q7Z7B1	Q8C398
Q7Z7B1	Q7TSN4
Q8WVF5	Q8WVF5
Q8WVF5	Q9D7X1
Q8WVF5	D3ZXL9
Q8CET0	Q8CET0
Q8CET0	Q5TBE3
Q9BTD3	Q9BTD3
Q9BTD3	Q80XA0
Q9CPU3	Q9CPU3
Q9CPU3	H3BTG2
Q9D992	Q9D992
Q9D992	Q9D992-2
Q9D992	Q6AYM7
Q9D992	Q3KP22-3
Q9D992	Q3KP22
Q9D992	Q3KP22-4
Q3TDD9	Q3TDD9
Q3TDD9	Q6ZMI0
Q3TDD9	F1LYZ8
Q3ZAV8	Q3ZAV8
Q3ZAV8	Q6P2E9-2
Q3ZAV8	Q3UJB9
Q3ZAV8	Q6P2E9
Q9BYE0	Q9BYE0
Q9BYE0	Q8BKT2
XP_001065264	XP_001065264
P03901	P03901
P03901	P03903
P03901	P05507
Q8K4M9	Q8K4M9
Q8K4M9	Q91XL9
Q8K4M9	Q9BXW6
Q8K4M9	Q8BX94
Q8K4M9	Q9H1P3
Q8K4M9	Q5BK47
Q9UHY7	Q9UHY7
Q9UHY7	Q8BGB7
Q9UHY7	Q5PPH0
Q9H9S5	Q9H9S5
Q9H9S5	Q8CG64
Q9BZE9-2	Q9BZE9-2
Q9BZE9-2	Q9BZE9
Q9BZE9-2	Q9BZE9-4
Q9BZE9-2	Q8VBT9
Q9BZE9-2	XP_001076577
P0C7T7	P0C7T7
Q8TAV5	Q8TAV5
P0CF75	P0CF75
P0CF75	Q6P2I7
A8MXZ3	A8MXZ3
A8MXZ3	Q9BYP9
A8MXZ3	Q9BYQ3
A8MXZ3	Q9BYQ4
A8MXZ3	A8MTY7
A8MXZ3	A8MVA2
A8MXZ3	Q9BYR3
A8MXZ3	Q9BYR0
A8MXZ3	Q9BYR5
A8MXZ3	B1AQB1
A8MXZ3	Q9BYQ6
A8MXZ3	Q9BYQ8
A8MXZ3	Q9BYR2
A8MXZ3	Q9BYQ9
A8MXZ3	Q9BYR4
A8MXZ3	Q9BYQ5
A8MXZ3	Q3V4B7
A8MXZ3	Q9BYQ0
A8MXZ3	Q9D3H7
A8MXZ3	Q64526
A8MXZ3	G5E9R7
A8MXZ3	Q9BQ66
A8MXZ3	B1AQ85
A8MXZ3	Q9BYQ2
A8MXZ3	P60328
Q99MB3	Q99MB3
Q99MB3	Q9BX74
Q96M66	Q96M66
A1E959	A1E959
A1E959	Q3HS83
A1E959	A1E960
P59022	P59022
P59103	P59103
Q8WY50	Q8WY50
Q8N6K4	Q8N6K4
Q9BU20	Q9BU20
Q9BU20	A2A825
B1ATL7	B1ATL7
B1ATL7	A2AFE9
Q8TB33	Q8TB33
Q8N8Q1-4	Q8N8Q1-4
Q6R5H6	Q6R5H6
Q9Y3Q4	Q9Y3Q4
Q9Y3Q4	Q9JKB0
Q9Y3Q4	O60741
Q9Y3Q4	O70507
Q9Y3Q4	O88704
Q9Y3Q4	Q9JKA9
Q9Y3Q4	Q9JKA7
Q9Y3Q4	O88703
Q9Y3Q4	Q9UL51
Q9Y3Q4	Q9JKA8
Q9Y3Q4	O88705
Q9Y3Q4	Q9P1Z3
P97499	P97499
P97499	O08653
P97499	Q99973
Q9NYY8	Q9NYY8
Q9NYY8	Q922E6
Q9NYY8	Q5M7V7
Q8TCU6	Q8TCU6
Q8TCU6	Q69ZK0
Q8TCU6	D3ZS72
Q8TCU6	Q70Z35
Q8TCU6	Q3LAC4
Q8TCU6	D3ZW14
Q9P032	Q9P032
Q9P032	Q9NQR8
Q9P032	Q9D1H6
Q8WUX9	Q8WUX9
Q8WUX9	D4A7H9
Q8WUX9	Q8R1T1
Q2PZL6	Q2PZL6
Q2PZL6	NP_001178634
Q2PZL6	Q6V0I7
Q2PZL6	Q6V0I7-3
Q2PZL6	Q13634
Q2PZL6	E9Q9Q6
Q2PZL6	D3ZPN0
Q2PZL6	O14917
Q2PZL6	Q5HZI5
Q2PZL6	Q99PF4
Q2PZL6	Q9H251
Q2PZL6	Q9H251-5
Q2PZL6	P58365
Q2PZL6	Q8TAB3
Q2PZL6	Q80TF3
Q2PZL6	XP_001067802
Q2PZL6	Q9HCL0
Q2PZL6	Q8VHR0
Q2PZL6	D4ADD1
Q2PZL6	Q8BIZ0
Q2PZL6	Q8N6Y1
Q2PZL6	Q6V1P9
Q2PZL6	Q6V1P9-5
Q2PZL6	XP_017446779
Q2PZL6	Q7TSK3
Q2PZL6	O95206
Q2PZL6	D3ZE55
Q2PZL6	XP_143371
Q2PZL6	Q96JQ0
Q2PZL6	E9PVD3
Q2PZL6	D4ACX8
Q2PZL6	Q9BZA7
Q2PZL6	Q9BZA7-6
Q2PZL6	Q9BZA8
Q2PZL6	NP_001074854
Q2PZL6	NP_001258157
Q2PZL6	Q9HC56
Q2PZL6	F8VPK8
Q2PZL6	Q9UJ99
Q2PZL6	Q63315
Q2PZL6	Q9WTP5
Q2PZL6	Q9HBT6
Q2PZL6	P55285
Q2PZL6	Q5DWV1
Q2PZL6	P55286
Q2PZL6	P70407
Q2PZL6	P55289
Q2PZL6	P97326
Q2PZL6	Q5RJH3
Q2PZL6	P55280
Q2PZL6	Q5DWV2
Q2PZL6	O54800
Q2PZL6	Q8BM92
Q2PZL6	Q9ULB5
Q2PZL6	P97291
Q2PZL6	Q9Z0M3
Q2PZL6	P55288
Q2PZL6	F1MAH6
Q2PZL6	P55287
Q2PZL6	P70408
Q2PZL6	F1LR98
Q2PZL6	Q9Y6N8
Q2PZL6	Q9ULB4
Q2PZL6	D3ZFQ5
Q2PZL6	Q9H159
Q2PZL6	E9Q3A7
Q2PZL6	Q5NUI3
Q2PZL6	Q86UP0
Q2PZL6	Q6PFX6
Q2PZL6	D3ZTI3
O60240	O60240
O60240	P43884-2
O60240	Q8CGN5-3
O60240	P43884
O60240	Q8CGN5
A0A286YFK9	A0A286YFK9
Q9Y6S9	Q9Y6S9
Q9Y6S9	Q8R2S1
Q9CZH8	Q9CZH8
Q9CZH8	Q9BR77
Q9CZH8	Q9BR77-2
P13671	P13671
P13671	Q91X70
P13671	Q811M5
P13671	D3ZWD6
P13671	Q8K182
P13671	P07357
P13671	XP_038959452
P13671	D3YXF5
P13671	P10643
P13671	P07358
P13671	P55314
P13671	Q8BH35
P13671	P06683
Q9H1R2	Q9H1R2
Q9H1R2	Q9H1R2-3
Q9H1R2	Q9H1R2-2
Q9H1R2	Q8R4V2
Q9H1R2	NP_001102068
Q9H1R2	Q99N11-2
Q9H1R2	D3ZC16
Q9H1R2	Q9NRW4
Q9H1R2	Q99N11
Q9H1R2	Q9NRW4-2
Q9H1R2	Q4G0W2
Q9H1R2	Q8BTR5
Q9NW13	Q9NW13
Q9NW13	Q8CGC6
Q9NW13	D4A5K7
Q8N3Z6	Q8N3Z6
Q8N3Z6	B1AX39
Q8N3Z6	B1WC15
Q8BYI8	Q8BYI8
Q8BYI8	A2RU67
Q8BYI8	D3ZWJ9
P08476	P08476
P08476	P18331
P08476	Q04998
P08476	P17491
P08476	P09529
P08476	Q04999
P08476	P55104
P08476	Q9WUK5
P08476	P55103
P08476	O08717
P08476	P58166
P08476	O88959
Q5VYY2	Q5VYY2
Q5VYY2	Q9CPP7
Q5VYY2	Q5VXJ0
Q5VYY2	Q8BM14
Q5VYY2	Q8K2A6
Q5VYY2	D4AA61
Q5VYY2	Q9Z0M5
Q5VYY2	P38571
Q5VYY2	Q64194
Q5VYY2	P04634
Q5VYY2	P07098-3
Q5VYY2	P07098
Q5VYY2	Q5VXI9
Q5VYY2	Q3U4B4
Q5VYY2	Q5W064
Q5VYY2	A0A494BBH0
Q5VYY2	D3ZUQ1
Q8CEI1	Q8CEI1
Q8CEI1	D3ZT98
Q8CEI1	Q53S33
Q0VG99	Q0VG99
Q0VG99	O08574
Q0VG99	Q9BRJ9
Q0VG99	P97309
Q9D7D1	Q9D7D1
Q9D7D1	M0QZC1
Q9D7D1	E7ERA6
P0DJH9	P0DJH9
P0DJH9	B2RV38
P0DJH9	D3ZFH4
P0DJH9	Q8BRE0
P0DJH9	Q7Z3Z2
Q4JK59	Q4JK59
P49247	P49247
P49247	P47968
P49247	D4A7L6
Q00LT1	Q00LT1
Q00LT1	Q00LT2
Q00LT1	XP_017453237
Q6GMV2	Q6GMV2
Q6GMV2	Q3TYX3
Q6GMV2	NP_001101340
Q9D850	Q9D850
Q9D850	Q96MH6
Q9D850	D3ZF19
Q6AWC2-6	Q6AWC2-6
Q6AWC2-6	Q6AWC2-4
Q6AWC2-6	NP_001102581
Q6AWC2-6	Q6NXJ0
Q6AWC2-6	Q6AWC2
Q6AWC2-6	Q8IX03-2
Q6AWC2-6	XP_001066364
Q6AWC2-6	Q5SXA9
Q6AWC2-6	Q8IX03
Q6AWC2-6	Q9ULE0
Q6AWC2-6	M0R8P6
A4IFD1	A4IFD1
A4IFD1	Q53EL6-2
A4IFD1	Q9JID1
A4IFD1	Q61823
A4IFD1	Q53EL6
E1BFW7	E1BFW7
E1BFW7	Q2KHR2
E1BFW7	F8VPJ6
E1BFW7	E9PT49
Q5XIC8	Q5XIC8
Q5XIC8	Q8K1E6
Q5XIC8	Q96Q83
Q5XIC8	Q6NS38
Q5XIC8	Q6NS38-2
Q5XIC8	Q6P6J4
Q9UKG9-3	Q9UKG9-3
Q9UKG9-3	P11466
Q9UKG9-3	Q9DC50
Q9UKG9-3	Q9UKG9
Q9UBK8-1	Q9UBK8-1
Q9UBK8-1	Q8C1A3
Q9UBK8-1	Q9UBK8
Q9UBK8-1	Q498R1
Q6ZQQ6-2	Q6ZQQ6-2
Q6ZQQ6-2	Q6ZQQ6
Q9HAU0-6	Q9HAU0-6
Q9HAU0-6	Q9HAU0-4
Q9HAU0-6	Q9HAU0-3
Q9HAU0-6	Q8K481
Q9HAU0-6	Q9HAU0-2
Q9HAU0-6	Q9HAU0
Q9HAU0-6	Q8CIA7
Q9HAU0-6	E9Q6H8
Q9HAU0-6	XP_001078528
Q9HAU0-6	Q3UIL6
Q9HAU0-6	Q6IQ23
Q9HAU0-6	Q3UIL6-2
Q9HAU0-6	Q6IQ23-2
Q9HAU0-6	XP_341119
Q9HAU0-6	Q7TQG1
Q9HAU0-6	Q9Y2H5
Q9HAU0-6	E9PX43
Q96BZ9-3	Q96BZ9-3
Q96BZ9-3	Q96BZ9
Q96BZ9-3	Q9D9I4
Q2LAM0	Q2LAM0
Q2LAM0	Q7L5A8
Q2LAM0	Q5MPP0
F7FKH2	F7FKH2
F7FKH2	Q8R5C8
F7FKH2	Q15326
F7FKH2	Q15326-4
F7FKH2	Q15326-2
F7FKH2	Q15326-5
P0C841	P0C841
Q96KR4-3	Q96KR4-3
Q96KR4-3	Q96KR4
Q96KR4-3	Q8BMN4
Q6UW56-3	Q6UW56-3
Q6UW56-3	Q6UW56
Q6UW56-3	Q6PGD0
Q6UW56-3	XP_216650
Q13875-4	Q13875-4
Q13875-4	Q63327-5
Q13875-4	Q63327
Q13875-4	Q9D2P8
Q13875-4	Q13875
Q9UL40-2	Q9UL40-2
Q9UL40-2	Q9UL40
Q9UL40-2	Q9R0B7
Q9UL40-2	Q8BZ94
Q9UL40-2	Q9H898
Q9UL40-2	A0A0G2K7Z1
P10747-7	P10747-7
P10747-7	P10747
P10747-7	P31042
P10747-7	P31041
P10747-7	P09793
P10747-7	P16410
P10747-7	Q62859
A8MWX3	A8MWX3
A8MWX3	Q6VEQ5
A8MWX3	A8K0Z3
A8MWX3	Q9NQA3
A8MWX3	Q8VDD8
A8MWX3	B2RYF7
Q8N4Q1-2	Q8N4Q1-2
Q8N4Q1-2	Q5BJN5
Q8N4Q1-2	Q8VEA4
Q8N4Q1-2	Q8N4Q1
A6NCL7	A6NCL7
A6NCL7	Q3U0L2
A6NCL7	Q7Z3H0
A6NCL7	Q8BXP5
A6NCL7	Q8BXP5-2
O15498	O15498
O15498	O15498-2
O15498	Q5EGY4
O15498	Q9CQW1
A8MYJ7	A8MYJ7
A8MYJ7	Q8C0Q3
A8MYJ7	D3ZC99
Q9NPI5	Q9NPI5
Q9NPI5	Q9D7C9
Q9NPI5	Q9NWW6
Q9NPI5	Q6AY91
Q9NPI5	Q91W63
Q3US16	Q3US16
Q3US16	D4AEK4
Q3US16	Q8N8B7
Q96DZ7	Q96DZ7
Q96DZ7	E9Q9H8
Q96DZ7	NP_001099343
Q9NU02	Q9NU02
Q9NU02	Q9D2J7
A5D8V6	A5D8V6
A5D8V6	Q8R105
A5D8V6	B5DFF4
A5D8V6	Q810I0
A5D8V6	Q86XT2
A5D8V6	B2GV76
A5D8V6	Q9H9H4
A5D8V6	Q8R0J7
A5D8V6	NP_001099398
Q969L4	Q969L4
Q969L4	Q8QZX5
Q6UXV0	Q6UXV0
Q6UXV0	D3ZB94
Q6UXV0	Q6SJE0
YP_009725312	YP_009725312
Q9BYL1	Q9BYL1
Q9BYL1	Q7TST3
Q9NXW9	Q9NXW9
Q9NXW9	Q9D8F1
Q9NXW9	B2GV83
Q9CZB3	Q9CZB3
Q9CZB3	Q9BTF0
Q7L3V2	Q7L3V2
Q7L3V2	Q9D1F0
Q7L3V2	Q17RB0
Q7L3V2	A6ZKI3
Q7L3V2	Q9D6I0
Q7L3V2	Q9BWD3
Q8NEW7	Q8NEW7
Q8NEW7	D4AE26
Q8NEW7	Q8K467
Q61207	Q61207
Q61207	P07602-3
Q61207	P07602
Q61207	P07602-2
Q61207	P10960
Q61207	Q6NUJ1
Q61207	Q8C1C1
Q68FW1	Q68FW1
Q68FW1	Q8BG34
Q68FW1	Q96LJ8
Q5UCC4	Q5UCC4
Q5UCC4	Q6AYH6
Q5UCC4	Q3TAS6
P13716-2	P13716-2
P13716-2	P10518
P13716-2	P06214
P13716-2	P13716
Q96FQ7	Q96FQ7
Q6R5N8	Q6R5N8
Q14DK5	Q14DK5
Q14DK5	D4A9N1
Q14DK5	Q96JK4
Q14DK5	Q9D2G9
Q14DK5	XP_229754
Q14DK5	Q6UWX4
Q14DK5	Q96QV1
Q14DK5	Q7TN16
A6H694	A6H694
A6H694	Q4V8G0
A6H694	Q05C16
Q9UJ42	Q9UJ42
Q9UJ42	Q66H29
Q9UJ42	Q3U3F9
Q8HWA3	Q8HWA3
Q5R372-9	Q5R372-9
P58281-2	P58281-2
P58281-2	Q2TA68
P58281-2	P58281
P58281-2	O60313
P58281-2	O60313-2
Q6PDE8	Q6PDE8
Q6PDE8	Q14CX5
Q6P0A1	Q6P0A1
Q17RQ9	Q17RQ9
Q17RQ9	Q0VF94
J3QK46	J3QK46
J3QK46	M0R5E3
J3QK46	A6NKL6
Q9D6T1	Q9D6T1
Q9D6T1	NP_001102006
Q9D6T1	Q9UJT0
Q9D6T1	M0R8B6
Q9D6T1	Q3ZBU7
Q9D6T1	Q9D6F9
Q9D6T1	Q2KJD0
Q9D6T1	P68371
Q9D6T1	P04350
Q9D6T1	Q3ZCM7
Q9D6T1	Q6B856
Q9D6T1	Q4QQV0
Q9D6T1	Q3MHM5
Q9D6T1	Q2T9S0
Q9D6T1	Q13509
Q9D6T1	P69897
Q9D6T1	Q9ERD7
Q9D6T1	P99024
Q9D6T1	Q9H4B7
Q9D6T1	A2AQ07
Q9D6T1	P07437
Q9D6T1	Q7TMM9
Q9D6T1	Q9CWF2
Q9D6T1	Q3KRE8
Q9D6T1	Q13885
Q9D6T1	Q9BVA1
Q9D6T1	Q6P9T8
Q9D6T1	P68372
Q9D6T1	Q922F4
Q9D6T1	Q9BUF5
Q9D6T1	A6NNZ2
Q9D6T1	NP_543158
Q9D6T1	P85108
Q9D6T1	Q4QRB4
Q9NTK1	Q9NTK1
Q9NTK1	Q8K2F3
Q9NTK1	Q5BMD4
Q9Y279	Q9Y279
Q9Y279	F6TUL9
Q8BJ83	Q8BJ83
Q8BJ83	Q9BRN9
Q8BJ83	Q9BRN9-2
Q9D8P4	Q9D8P4
Q9D8P4	Q9NRX2
Q9D8P4	Q6PDW6
Q68FL6	Q68FL6
Q68FL6	P56192
Q68FL6	D3Z941
A2A891	A2A891
A2A891	Q80Y50
A2A891	Q80Y50-3
A2A891	O94983-6
A2A891	O94983
A2A891	D3ZLG1
A2A891	O94983-3
A2A891	Q9Y6Y1
Q6ZRI6	Q6ZRI6
Q6ZRI6	Q6ZRI6-2
Q6ZRI6	Q6ZRI6-3
Q6ZRI6	NP_001020182
Q6ZRI6	Q3TEI4
Q9HCP6	Q9HCP6
Q9HCP6	Q9D1G3
Q9HCP6	D4A9P9
Q91WK2	Q91WK2
Q91WK2	O15372
Q91WK2	Q6P9U8
Q96B23	Q96B23
Q96B23	Q96B23-2
Q96B23	Q8BH50
Q96B23	Q0VAW6
Q96B23	D4A3X1
Q9UNW1	Q9UNW1
Q9UNW1	Q9Z2L6
Q9UNW1	O35217
Q96MM6	Q96MM6
Q96MM6	D3ZVM5
Q96MM6	Q9CZJ2
Q96MM6	D3ZC55
Q96MM6	Q8K0U4
Q96MM6	O43301
Q9HD36	Q9HD36
Q9HD36	Q9Z0F3
Q9HD36	Q99M66
Q5T1A1	Q5T1A1
Q5T1A1	NP_001357782
Q5T1A1	A0A0G2K3F3
P13232	P13232
P13232	P56478
P13232	P10168
P0C5J4	P0C5J4
P0C5J4	Q9Y2T5
P0C5J4	Q8BX79
P0C5J4	Q99679
P13385	P13385
P13385	P51865
P13385	XP_001056317
P13385	P51864
Q9NYK5-2	Q9NYK5-2
Q9NYK5-2	NP_001385811
Q9NYK5-2	Q9JKF7
Q9NYK5-2	Q9NYK5
Q04900	Q04900
Q04900	Q9QX82
Q04900	Q9R0L9
Q04900	Q6UWJ8
Q04900	Q9D6W7
Q5VZ19	Q5VZ19
Q5VZ19	Q5VZ19-2
O95544-2	O95544-2
O95544-2	O95544
O95544-2	O95544-3
O95544-2	XP_006239575
O95544-2	P58058
Q8WXA9-2	Q8WXA9-2
Q8WXA9-2	Q8BZX4-2
Q8WXA9-2	Q8BZX4
Q8WXA9-2	Q8WXA9
Q8WXA9-2	Q9JKL7
Q8WXA9-2	E9Q6E5
Q8WXA9-2	Q05519-2
Q8WXA9-2	Q3UIX4
Q8WXA9-2	Q4KLK1
Q8WXA9-2	Q05519
Q8WXA9-2	Q6PJB9
Q8WXA9-2	ENSMUSP00000118652
Q8R5K4	Q8R5K4
Q8R5K4	A0A0G2QC27
Q8R5K4	Q9H6R4
D3ZV81	D3ZV81
D3ZV81	Q8BQM4
D3ZV81	Q7Z4Q2
Q14C86-6	Q14C86-6
Q14C86-6	Q6PAR5
Q14C86-6	Q14C86-3
Q14C86-6	Q14C86-5
Q14C86-6	Q14C86-2
Q14C86-6	Q14C86
Q14C86-6	XP_231161
Q8V9K9	Q8V9K9
Q8V9K9	P03129
A8MYB1	A8MYB1
A8MYB1	Q80X59
A8MYB1	Q9D9D5
A8MYB1	Q8N6Q1
Q5NE16	Q5NE16
Q9H8W2	Q9H8W2
Q499E6	Q499E6
Q499E6	Q9NX04
Q8NCU1	Q8NCU1
Q9D3J8	Q9D3J8
Q9D3J8	Q3HS82
Q9D3J8	Q6UX39
A8MQB3	A8MQB3
O08848	O08848
O08848	P10155-5
O08848	P10155
O08848	D3ZRN5
O00409	O00409
O00409	D3ZIJ7
O00409	Q499D0
O00409	P32314
O00409	F1LZM0
O00409	E9Q7L6
Q8CE72	Q8CE72
Q8CE72	XP_003749263
Q8CE72	Q9H799
Q8CE72	Q9H799-5
Q8CE72	XP_001081956
O60861	O60861
O60861	O55148
O60861	Q60780
O60861	O60861-2
Q6P9K8	Q6P9K8
Q6P9K8	Q8VHK2
Q6P9K8	Q8WXD9
Q6P9K8	Q8WXE0
Q6P9K8	Q8WXE0-2
Q6P9K8	Q8VHK1
Q6P9K8	D4A9T0
Q8IVM0-2	Q8IVM0-2
Q8IVM0-2	Q8IVM0
Q8IVM0-2	Q810U5-2
Q8IVM0-2	Q810U5
Q8IVM0-2	Q810U0
Q99NF3	Q99NF3
Q99NF3	Q4KM37
Q99NF3	Q9BYV8
O43541	O43541
O43541	O43541-2
O43541	O35182
O43541	D3ZAQ2
O43541	O15105
O43541	O88406
O43541	O35253
Q8CFV2	Q8CFV2
Q8CFV2	F1LUX5
Q8CFV2	A5PLN7
Q8CI78	Q8CI78
Q8CI78	Q9NWS8
Q8CI78	Q1W176
Q15465	Q15465
Q15465	Q80XI9
Q15465	Q62226
Q15465	Q63673
Q15465	Q14623
Q15465	O43323
Q15465	Q61488
P03355	P03355
P03355	Q80TD1
P03355	Q6YIY0
P03355	P70355
P03355	Q61590
P03355	XP_038940449
P03355	P10400
Q9ULL0	Q9ULL0
Q9ULL0	XP_233277
P26358-2	P26358-2
P26358-2	P26358
P26358-2	Q9Z330
P26358-2	P13864
Q8C310	Q8C310
Q8C310	A6H7I1
Q8C310	Q80W87
Q8C310	Q8WZ75
D3ZL85	D3ZL85
D3ZL85	P53702
D3ZL85	P53701
G3X912	G3X912
G3X912	D3ZVU1
G3X912	Q9H040
Q5VTH9	Q5VTH9
Q5VTH9	Q5VTH9-2
Q5VTH9	E9PYY5
Q5VTH9	Q4V8G4
Q8K190	Q8K190
Q8K190	Q9NPB0
Q9D1T1	Q9D1T1
Q96DN0	Q96DN0
Q96DN0	D4A9L9
Q96DN0	Q9D8U3
Q8N9V7	Q8N9V7
Q8N9V7	D3ZUC6
Q8N9V7	E5FYH1
Q9NRM0	Q9NRM0
Q9NRM0	Q3T9X0
Q9NRM0	Q3T9X0-4
Q9NRM0	P0C6A1
Q9NRM0	P43427
Q9NRM0	Q9WV38
Q9NRM0	Q6PXP3
Q9NRM0	P22732
Q9NRM0	A4ZYQ5
Q9NRM0	Q8TDB8-5
Q9NRM0	Q8TDB8
Q9NRM0	P32037
Q9NRM0	P11169
Q9NRM0	Q07647
Q9NRM0	P11167
Q9NRM0	P14142
Q9NRM0	P17809
Q9NRM0	P14672
Q9NRM0	P11166
Q9NRM0	Q8TDB8-2
Q9NRM0	P19357
Q9NRM0	P11168
Q9NRM0	P12336
Q9NRM0	P14246
Q9NRM0	Q9BYW1-4
Q9NRM0	Q9BYW1
A6NEK1	A6NEK1
A6NEK1	Q497K5
Q8BJ66	Q8BJ66
Q8BJ66	Q96I82
Q8BJ66	Q16270
Q8BJ66	Q61581
Q8BJ66	Q8WX77
Q8BJ66	Q80W15
Q9Y6Z5	Q9Y6Z5
P41155	P41155
P41155	Q06643
Q8R314	Q8R314
Q8R314	Q8WV83
Q8R314	D3ZT80
NP_001387879	NP_001387879
NP_001387879	Q8R3L2
NP_001387879	Q9BQ70
Q5XIF2	Q5XIF2
Q5XIF2	P51163
Q5XIF2	P10746
A0A1B0GQX3	A0A1B0GQX3
A0A1B0GQX3	A0A1B0GV90
P0DUH7	P0DUH7
A0A1B0GVQ3	A0A1B0GVQ3
M0RDC2	M0RDC2
M0RDC2	Q9D727
M0RDC2	Q5I0X4
Q5U2T7	Q5U2T7
Q5U2T7	Q3TL26
Q5U2T7	Q9H5Q4
Q0IIN9	Q0IIN9
P06882	P06882
P06882	O08710
P06882	P01266
P06882	Q03311
P06882	P06276
P06882	Q9JKC1
P06882	Q8N2Q7
P06882	Q8N2Q7-2
P06882	Q99K10
P06882	Q62765
P06882	Q62888
P06882	Q69ZK9
P06882	Q8NFZ4
P06882	Q62889
P06882	Q8BYM5
P06882	Q8N0W4-2
P06882	Q8N0W4
P06882	Q8NFZ3
P06882	Q9NZ94
P06882	P19835
P06882	P07882
P06882	Q64285
P06882	Q6AW46
P06882	Q5GRG2
P06882	Q6NT32
P06882	Q6NT32-2
P06882	P23953
P06882	P10959
NP_001101608	NP_001101608
NP_001101608	Q91W86
NP_001101608	Q9H270
P0DOC6	P0DOC6
Q96CS7-2	Q96CS7-2
Q96CS7-2	Q96CS7
Q96CS7-2	D4A263
Q96CS7-2	Q96CS7-6
Q96CS7-2	Q9QZC7
P40226	P40226
P40226	P40225
P40226	P49745
B2RV13	B2RV13
B2RV13	Q9DAN9
F1M0F6	F1M0F6
F1M0F6	Q08EC4
F1M0F6	Q9NQ75
F1M0F6	Q9NQ75-3
Q6ZQJ5	Q6ZQJ5
Q6ZQJ5	P51530
Q6ZQJ5	D3ZG52
Q9NPH9	Q9NPH9
NP_001101798	NP_001101798
NP_001101798	Q9NW07
NP_001101798	Q96N77
NP_001101798	NP_001100262
NP_001101798	Q8BZ34
Q96EY7	Q96EY7
Q96EY7	NP_001128190
Q96EY7	Q14C51
Q01714	Q01714
Q01714	O89090
Q01714	P08047
Q01714	Q02446
Q01714	Q62445
Q01714	Q63158
Q01714	XP_220916
Q01714	Q02086
Q01714	Q9D2H6
Q01714	Q02086-2
Q01714	Q8IXZ3
Q01714	Q8BMJ8
Q01714	Q3SY56
Q01714	Q9ESX2
Q01714	D3ZZ24
Q01714	P0CG40
Q01714	Q64HY3
Q01714	O70494
Q01714	A0A8I6A0B6
Q01714	Q02447-5
Q01714	Q02447-2
Q01714	Q02447
Q8N5Q1	Q8N5Q1
Q8N5Q1	Q8C626
P08922	P08922
P08922	Q78DX7
P08922	Q63132
P08922	P30530
P08922	P30530-2
P08922	Q00993
P08922	Q8VIA0
P08922	Q12866
P08922	P57097
P08922	Q60805
P08922	Q06418
P08922	P55144
P08922	P55146
P08922	Q6J9G1
P08922	Q6J9G0
P08922	P43405
P08922	P48025
P08922	P43405-2
P08922	Q64725
P08922	P43403
P08922	Q5FVN9
P08922	P43404
O94988	O94988
O94988	D3ZA02
O94988	O94988-1
O94988	O94988-3
O94988	O94988-6
O94988	O94988-5
O94988	Q8BGI4
O94988	Q9DBR2
O94988	Q8NE31
O94988	Q9NYF5
O94988	Q8K2H3
O94988	D3ZJY0
P11912	P11912
P11912	P11911
P23246	P23246
P23246	P23246-2
P23246	Q4KM71
P23246	Q8VIJ6
P23246	Q8R326
P23246	Q4KLH4
P23246	Q8WXF1-2
P23246	Q8WXF1
P23246	Q5FVM4
P23246	Q15233
P23246	Q15233-2
P23246	Q99K48
P46013	P46013
P46013	P46013-2
P46013	XP_006230515
P46013	NP_001258295
P46013	E9PVX6
Q9NRX4	Q9NRX4
Q9NRX4	D3ZP47
Q9NRX4	Q9NRX4-2
Q9NRX4	Q9DAK9
Q5JTD0	Q5JTD0
Q5JTD0	Q5JTD0-2
Q5JTD0	NP_001101673
Q5JTD0	Q9DCD5
Q64663	Q64663
Q64663	Q9Z1M0
Q64663	Q99572
Q64663	Q8K3P1
Q64663	P49653
Q64663	Q9UBL9
Q64663	P51578
Q64663	Q93086
Q64663	Q3UYI1
Q64663	P49654
Q64663	Q3UR32
Q64663	P56373
Q64663	Q99571-2
Q64663	Q99571
Q64663	Q9JJX6
Q64663	P51577
Q64663	O15547
Q64663	P51579
Q64663	O54803
Q64663	P51575
Q64663	P51576
Q64663	P47824
Q68E01	Q68E01
Q68E01	Q7TPD0
Q68E01	Q68E01-2
Q68E01	D3ZUT9
Q5HZG4	Q5HZG4
Q5HZG4	Q5VWG9
Q86YC2	Q86YC2
Q86YC2	Q3U0P1
Q96F63	Q96F63
Q96F63	Q9DBT3
Q96F63	D4A4L2
A2AG50	A2AG50
A2AG50	Q8C0A6
A2AG50	A2AG50-2
A2AG50	A2AG50-3
A2AG50	D4A1J8
A2AG50	Q96T17-2
A2AG50	Q96T17-5
A2AG50	Q96T17
A2AG50	XP_010802112
A2AG50	Q3KQU3
A2AG50	A2AJI0
A2AG50	O88735-2
A2AG50	O88735
A2AG50	Q3KQU3-2
A2AG50	NP_001099740
A2AG50	Q14244
A2AG50	Q14244-3
A2AG50	Q14244-4
A2AG50	Q14244-5
A2AG50	NP_001102908
A2AG50	Q3KQU3-4
Q9UK97	Q9UK97
Q9UK97	Q5U2X1
Q9UK97	Q8BK06
P26687	P26687
P26687	Q8WVJ9
P26687	P97831
P26687	Q15672
P26687	Q9EPJ1
P26687	Q9D030
A8MQ03	A8MQ03
A8MQ03	Q9D1E4
A8MQ03	D4ADR7
Q96L92	Q96L92
Q96L92	Q96L92-4
Q96L92	Q96L92-3
Q96L92	Q8K4V4
Q96L92	Q3UHD6
Q96L92	Q96L92-2
P55808	P55808
O35594	O35594
O35594	P83829
O35594	Q8WYA0-4
O35594	Q8WYA0
Q9BRP7	Q9BRP7
Q9BRP7	Q3UY23
Q8IV33	Q8IV33
Q8IV33	Q8IV33-3
Q8IV33	Q3UPC7
Q6IPW1	Q6IPW1
Q6IPW1	Q91VN2
Q8R0C3	Q8R0C3
Q8R0C3	F7F9X9
Q8R0C3	Q96RN1
Q9Y3P4	Q9Y3P4
Q9Y3P4	Q642B3
Q9Y3P4	Q8BP97
P16452-2	P16452-2
P16452-2	P16452
P16452-2	B5DF57
P16452-2	P49222
Q8NFD4	Q8NFD4
Q6PJP7	Q6PJP7
A6NJV1	A6NJV1
A6NJV1	Q9DAS2
Q5EE01	Q5EE01
Q5EE01	Q3URR0
Q5EE01	A1L1L1
G3UW59	G3UW59
G3UW59	M0R9J7
G3UW59	F5GYI3
E9PZ08	E9PZ08
E9PZ08	A2A995
E9PZ08	A0A8I6A116
E9PZ08	Q5VWT5
A0A096LNH2	A0A096LNH2
A0A096LNH2	A8MWE9
A0A096LNH2	Q8C9R9
Q5SQH8-4	Q5SQH8-4
Q5SQH8-4	Q3UM69
Q5SQH8-4	Q5SQH8
Q5SQH8-4	G3V628
D4AEH9	D4AEH9
D4AEH9	P35573-2
D4AEH9	F8VPN4
D4AEH9	P35573
Q9BXV9	Q9BXV9
Q9BXV9	P0C8B4
Q9BXV9	D3Z9A4
Q9BXV9	A0A0G2K6N3
P62502	P62502
B7ZWI3	B7ZWI3
B7ZWI3	Q6UXU6
Q8TAD7	Q8TAD7
Q8TAD7	P0C913
Q6AYH7	Q6AYH7
Q6AYH7	G5E8A8-2
Q6AYH7	Q96M29
Q6AYH7	NP_001277930
Q6AYH7	Q4V8G8
Q6AYH7	Q6X6Z7
Q6AYH7	Q9BXF9
Q6AYH7	Q149S1
Q6AYH7	Q8WW24
Q6AYH7	Q6AXV2
Q6AYH7	Q99JD2
Q6AYH7	Q9DAJ2
Q6AYH7	Q969V4
Q6AYH7	Q922G7
Q6AYH7	Q6AYM2
Q6AYH7	Q9UIF3
Q3B7D1	Q3B7D1
Q3B7D1	Q3UE37
Q3B7D1	Q9H832
Q8NBR0	Q8NBR0
Q8NBR0	B0BN44
Q8NBR0	Q5F267
NP_001076783	NP_001076783
Q9UHA4	Q9UHA4
Q9UHA4	O88653
Q9UHA4	Q5U204
Q9HAT1	Q9HAT1
Q9HAT1	Q9D0F3
Q9HAT1	Q62902
Q9HAT1	P49257
Q9HAT1	Q8VCD3
Q9HAT1	Q5FB95
Q9Y5W5	Q9Y5W5
Q9Y5W5	Q9WUA1
Q9Y5W5	Q6IN38
P22362	P22362
P22362	P10146
Q9BYV7	Q9BYV7
Q9BYV7	Q99NF1
Q9BYV7	Q91ZQ5
Q9BYV7	Q16518
Q9BYV7	O70276
Q9BYV7	Q28175
Q9BYV7	Q9JJS6
Q9BYV7	Q9HAY6
Q9BYV7	Q91XT5
P49685	P49685
P49685	Q0VDU3
O60610	O60610
O60610	O60610-2
O60610	XP_038956179
O60610	O70566
O60610	F1M775
O60610	O08808
O60610	Q17R91
O60610	O60879
O60610	O60879-2
O60610	Q9NSV4
O60610	Q9Z207
O60610	Q9NSV4-4
O60610	Q9NSV4-1
O60610	F1LVW7
P12111	P12111
P12111	O88493
P12111	P12111-4
P12111	NP_001102478
P12111	A6H584
P12111	A8TX70
P12111	Q8C6K9
P12111	A6NMZ7
P12111	XP_001073177
P12111	P49223
P12111	XP_236596
P12111	A2AX52
P12111	Q6UXI7
P12111	Q8VHI5
P12111	F1M095
P12111	Q62507
P12111	O43405
P12111	Q96P44
P12111	XP_001079629
P12111	Q04857
P12111	P12109
P23352	P23352
P23352	P62810
P23352	P14730
O60347	O60347
O60347	Q6A039
O60347	M0R7T9
O60347	Q5CD77
O60347	Q9P2M4
O60347	Q9P2M4-2
O60347	Q8CGA2
Q9UBP6	Q9UBP6
Q9UBP6	Q9UBP6-2
Q9UBP6	M0R637
Q9UBP6	Q9Z120
Q9ULX3	Q9ULX3
Q9ULX3	Q6VEU1
Q9ULX3	Q8BW10
Q96L73	Q96L73
Q96L73	Q96L73-3
Q96L73	O88491
Q96L73	D4AA06
Q96L73	Q6P2L6
Q96L73	D3ZK47
Q96L73	Q9BZ95
Q96L73	Q9BZ95-3
Q96L73	Q8BVE8
Q96L73	XP_001058223
Q96L73	O96028-5
Q96L73	O96028-2
Q96L73	O96028
Q96L73	D3Z3E0
Q96L73	O96028-3
Q5BK59	Q5BK59
Q5BK59	P21855
Q5BK59	Q3UB58
Q5BK59	P21854
Q9DBL2	Q9DBL2
Q9DBL2	Q9NXN4-2
Q9DBL2	Q9NXN4
Q9DBL2	Q66H63
Q9DBL2	Q3UYG8
Q9DBL2	A1Z1Q3-1
Q9DBL2	A1Z1Q3
Q9DBL2	Q9BQ69
Q9DBL2	Q922B1
Q9DBL2	Q8K4G6
Q8BUV6	Q8BUV6
Q8BUV6	B0BNI4
Q8BUV6	P83369
Q66PJ3-1	Q66PJ3-1
Q66PJ3-1	Q66PJ3
Q66PJ3-1	Q4V8I5
Q66PJ3-1	Q66PJ3-7
Q66PJ3-1	Q9JM93
Q66PJ3-1	Q66PJ3-2
Q66PJ3-1	Q66PJ3-3
Q8NCU4	Q8NCU4
Q8NCU4	J3QQ27
Q5EB62	Q5EB62
Q5EB62	Q96AG3
Q5EB62	Q9CQS4
Q8CDU5	Q8CDU5
Q8CDU5	D3ZTX5
Q8CDU5	Q8N7U6
Q5U3C3	Q5U3C3
Q5U3C3	Q6PHN7
Q5U3C3	D3ZFX1
Q96PQ7	Q96PQ7
Q96PQ7	Q6PGA3
Q96PQ7	Q1EG90
Q96PQ7	Q9NR64
Q96PQ7	Q9JI74
Q96PQ7	Q9C0H6
Q96PQ7	Q14145
Q96PQ7	Q9Z2X8
Q96PQ7	P57790
Q96PQ7	D3Z8N4
Q96PQ7	Q9Y2M5
Q96PQ7	Q8VCK5
Q96PQ7	Q6TDP4
Q96PQ7	Q8K430
Q96PQ7	Q6TDP3
Q96PQ7	Q8JZP3
Q96PQ7	Q9UH77
Q96PQ7	F1LZ52
Q96PQ7	O95198
Q96PQ7	F1LZF0
Q96PQ7	E0CZ16
Q96PQ7	Q9P2N7
Q96PQ7	Q6ZPT1
Q96PQ7	Q9P2J3
Q96PQ7	Q80TF4
Q96PQ7	B5DEL5
Q96PQ7	E9Q4F2
Q96PQ7	O94889
Q96PQ7	Q8R2H4
Q96PQ7	Q8BZM0-2
Q96PQ7	Q53G59
Q96PQ7	Q8BZM0
Q96PQ7	P59280
Q96PQ7	D3ZHE1
Q96PQ7	Q9P2G9
Q96PQ7	Q9NXS3
Q96PQ7	Q9CR40
Q18PE0	Q18PE0
Q18PE0	Q18PE1
Q8NC74	Q8NC74
Q8NC74	Q8CEB4
Q4KMZ1	Q4KMZ1
Q4KMZ1	A2ADZ8
Q8N9H9	Q8N9H9
Q96BZ8	Q96BZ8
Q96BZ8	D3ZER8
Q96BZ8	Q9DB98
Q9NVN8	Q9NVN8
Q9NVN8	NP_001075427
Q9NVN8	Q6PGG6
Q9NVN8	Q9BVP2
Q9NVN8	Q811S9
Q9NVN8	Q8CI11
Q9NVN8	Q9BT17
Q9NVN8	Q8R2R6
Q9NVN8	NP_001388645
Q86V42	Q86V42
Q86V42	D3Z5V4
Q86V42	Q8BLQ0
Q86V42	D4ACJ9
Q86V42	Q9H5Z6
Q6PHN1	Q6PHN1
Q6PHN1	Q2TAC2
P17040	P17040
P17040	P17040-4
P17040	Q8IWY8
P17040	XP_001059988
P17040	B2KFW1
P17040	A2ARU5
P17040	Q9NX65
P17040	Q07231
P17040	Q6AXN8
P17040	Q9Z1D7
P17040	Q6P9G9
P17040	Q8CB76
P17040	Q63HK3
P17040	G3X952
P17040	P51504
P17040	P15622
P17040	Q7TNU6
P17040	Q8IZ26
P17040	Q6ZMY9
P17040	Q86UQ0-3
P17040	Q86UQ0
P17040	Q8TF39
P17040	P52740
P17040	Q8BIV1
P17040	O94892
P17040	Q9H4T2
P17040	P51815
P17040	Q96N20
P17040	Q92670
P17040	Q9UL58
P17040	Q7M6X9
P17040	O14978
P17040	Q9Y5A6
P17040	Q8NF99
P17040	Q8NF99-2
P17040	Q7TNK4
P17040	Q8CF60
P17040	D3ZQ68
P17040	ENSMUSP00000069854
P17040	Q9UC06
P17040	O14709
P17040	O14709-2
P17040	Q9C0F3
P17040	Q8BPP0
P17040	Q86XN6
P17040	Q9NV72
P17040	Q8N823
P17040	Q8N8H1
P17040	Q5RJ54
P17040	Q91VN1
P17040	P17028
P17040	Q7TNK3
P17040	D3ZFY2
P17040	A6NK53
P17040	P16374
P17040	Q9R166
P17040	Q6ZN55-2
P17040	Q504L7
P17040	Q8BY46
P17040	Q6ZN55
P17040	Q8R2V3
P17040	Q53GI3
P17040	Q96EG3
P17040	Q3ZCT1
P17040	Q62513
P17040	Q62981
Q8N769	Q8N769
Q8N769	Q9H2J1
Q99LF7	Q99LF7
Q99LF7	XP_006240409
Q99LF7	Q8WV16
Q99LF7	Q3SXM0
Q99LF7	Q8NA75
Q8TAM1	Q8TAM1
Q8TAM1	Q9DBI2
Q60764	Q60764
Q60764	Q13434
Q60764	Q9QXP6
Q60764	Q9UHC7
Q60764	Q9QXP6-2
Q60764	Q5XI23
Q60764	Q9H000
Q60764	Q9ERV1
Q60764	Q13064
A6NFD8	A6NFD8
A6NFD8	D4ADJ5
A6NFD8	Q7TS99
A6NFD8	P35428
A6NFD8	Q04666
A6NFD8	Q14469
A6NFD8	Q9HCC6
Q9NXZ1	Q9NXZ1
Q9NXZ1	A6NJ88
Q9NXZ1	Q3UJ22
Q5J8M3	Q5J8M3
Q5J8M3	Q9CZX9
Q5J8M3	D4A0W1
XP_001070677	XP_001070677
XP_001070677	P26232-5
XP_001070677	Q61301-3
XP_001070677	Q61301
XP_001070677	P26232
XP_001070677	P35221-2
XP_001070677	NP_001030443
XP_001070677	Q5U302
XP_001070677	P35221
XP_001070677	P26231
XP_001070677	XP_001924374
XP_001070677	Q9UI47
XP_001070677	F1M4I1
XP_001070677	Q65CL1
P50454	P50454
P50454	P29457
P50454	P19324
NP_001178651	NP_001178651
NP_001178651	Q6DFV6
NP_001178651	XP_003754846
NP_001178651	Q3UKF7
NP_001178651	Q6NWW9
NP_001178651	Q53EP0
NP_001178651	D4A0W7
NP_001178651	D3ZEA0
NP_001178651	Q8BX90
NP_001178651	Q9Y2H6
Q5SRI9	Q5SRI9
Q5SRI9	Q6P1J0
Q5SRI9	Q5VSG8-2
Q5SRI9	Q6NXH2
Q5SRI9	Q5VSG8
Q5SRI9	Q5GF25
Q7TPJ1	Q7TPJ1
Q7TPJ1	XP_038943144
Q7TPJ1	Q3U0X9
Q7TPJ1	Q5FVQ6
Q7TPJ1	Q9QZ85
Q7TPJ1	Q4V797
Q7TPJ1	Q8VDW7
Q7TPJ1	Q0GUM3
Q7TPJ1	F1LVT9
Q7TPJ1	Q8R5D8
Q7TPJ1	Q3TMS7
Q7TPJ1	Q5SVP0
Q7TPJ1	Q3UED7
Q7TPJ1	Q3T9E4
Q7TPJ1	Q62293
Q7TPJ1	Q3U0K0
Q7TPJ1	F1MAC0
Q7TPJ1	Q9DCE9
Q7TPJ1	A0A140LIF8
Q7TPJ1	Q6AYC2
Q7TPJ1	Q60766
Q7TPJ1	Q6AYF9
Q7TPJ1	Q6NXR0
Q7TPJ1	Q8C262
Q7TPJ1	A1A4Y4
Q8N7B6	Q8N7B6
Q8N7B6	D3ZE96
Q8N7B6	Q8N7B6-2
Q8N7B6	Q9D3X5
Q8N7Z5	Q8N7Z5
Q8N7Z5	A0A140LI88
P32972	P32972
P32972	P32971
Q9NQV8	Q9NQV8
Q9NQV8	D4A123
Q9NQV8	Q8BZ97
Q9NQV8	Q96MN9
Q9NQV8	Q5HZG9
Q8BGR1	Q8BGR1
Q9EQI8	Q9EQI8
Q9EQI8	Q5RK00
Q9EQI8	Q9H2W6
Q495M9	Q495M9
Q495M9	Q80T11
Q495M9	Q8K3X6
Q495M9	B2GV19
Q495M9	Q8N8V4
Q5H9S7	Q5H9S7
Q5H9S7	Q3TUL7
Q5H9S7	B1H299
Q9H6P5	Q9H6P5
Q9H6P5	Q8R1G1
Q9H6P5	Q8VI04
Q9H6P5	Q7L266
Q9H6P5	Q8C0M9
P83855	P83855
Q80W35	Q80W35
Q80W35	A6NGA9
Q9H6F2	Q9H6F2
Q9H6F2	Q3TMP8
Q9H6F2	A6ZIQ8
Q9H6F2	Q9DAV9
Q9H6F2	Q68FV1
Q9H6F2	Q9NVV0
Q9UM44	Q9UM44
P0AEX9	P0AEX9
Q12802-2	Q12802-2
Q12802-2	Q12802-4
Q12802-2	E9Q394
Q12802-2	Q12802
Q12802-2	F1M3G7
Q12802-2	Q8N1W1-6
Q12802-2	Q8N1W1-5
Q12802-2	Q8N1W1
Q12802-2	P97433
Q12802-2	NP_001102012
Q12802-2	Q92974
Q12802-2	Q92974-3
Q12802-2	Q92974-2
Q12802-2	B2DCZ9
Q12802-2	Q60875
Q12802-2	Q5FVC2
Q12802-2	Q6P9R4
Q12802-2	Q3TQ64
Q12802-2	Q6ZSZ5-5
Q12802-2	Q6ZSZ5-2
Q12802-2	Q6ZSZ5
Q12802-2	F1LT94
P46379-3	P46379-3
P46379-3	P46379
P46379-3	P46379-4
P46379-3	P46379-2
P46379-3	Q9Z1R2
P46379-3	Q6MG49
Q9D9U4	Q9D9U4
Q9D9U4	C9J3V5
Q9H321	Q9H321
Q9H321	Q9H322
Q9H321	Q9H320
Q9H321	O14598
Q9H321	Q9NNX9
Q9XRX5	Q9XRX5
Q9H1M4	Q9H1M4
Q9Y6G1	Q9Y6G1
Q9Y6G1	P56983
Q8N9X3	Q8N9X3
Q5GAN6	Q5GAN6
Q5GAN6	Q9D5A9
Q5GAN6	Q5GAM0
Q6UXP9	Q6UXP9
Q96PS6	Q96PS6
XP_006227820	XP_006227820
XP_006227820	Q6DFV7
XP_006227820	B9EIW5
XP_006227820	Q8NI08
XP_006227820	Q8NI08-2
XP_006227820	A0PJX2
XP_006227820	D3ZQ38
XP_006227820	E9PZS3
XP_006227820	Q8N573
XP_006227820	Q8N573-7
XP_006227820	Q8N573-2
XP_006227820	Q8N573-4
XP_006227820	Q8N573-5
XP_006227820	Q4V8B0
XP_006227820	Q4KMM3
XP_006227820	Q4KMM3-4
XP_006227820	E9Q0A7
D3ZHM7	D3ZHM7
D3ZHM7	Q8R2M2
D3ZHM7	Q5QJE6
F1M1Q8	F1M1Q8
F1M1Q8	V9GXH0
F1M1Q8	Q6NXP0
B1PLB1	B1PLB1
B1PLB1	Q64314-2
B1PLB1	Q64314
B1PLB1	P28906
B1PLB1	P28906-2
M0R3X9	M0R3X9
M0R3X9	NP_001238819
M0R3X9	D3ZPW6
M0R3X9	Q9CR70
M0R3X9	Q14657
P97367	P97367
P97367	O14770
P97367	O00470-2
P97367	B1WC31
P97367	O00470
P97367	Q60954
P97367	D4A9U2
P97367	A6NDR6
P97367	Q99687
P97367	P97368
P97367	A8K0S8
P97367	Q8BG99
P97367	Q96KN3
P97367	O70477
P97367	P55347
XP_342701	XP_342701
XP_342701	F2Z461
XP_342701	Q5PQN1
XP_342701	Q6PAV2
XP_342701	Q5GLZ8
XP_342701	Q8CFQ0
XP_342701	Q15034
XP_342701	D3ZPP6
XP_342701	Q8IVU3
XP_342701	Q99LJ7
XP_342701	Q8NDN9
XP_342701	Q6NXM2
XP_342701	NP_001101850
XP_342701	Q8NDN9-2
XP_342701	O95199
XP_342701	Q6P798
XP_342701	Q9UII4
XP_342701	D3ZG92
XP_342701	Q8BTU7
XP_342701	A6NED2
Q9D8C3	Q9D8C3
Q9D8C3	Q9NP73-2
Q9D8C3	Q5I0K7
Q9D8C3	Q9NP73
O15488	O15488
O15488	P46976-3
O15488	O08730
O15488	Q9R062
O15488	P46976-2
O15488	P46976
P08236	P08236
P08236	P12265
P08236	P06760
P08236	Q6P575
P08236	Q15486
Q9NVF9	Q9NVF9
Q9NVF9	D3ZRW8
Q9NVF9	A7MCT6
B0BMX4	B0BMX4
B0BMX4	XP_001081359
P53370	P53370
P53370	Q8CH40
P53370	P70563
Q8N8Q1	Q8N8Q1
Q8N8Q1	A2AE42
Q8N8Q1	O14569
Q8N8Q1	Q9WUE3
Q8N8Q1	Q641Y1
Q2TJ95	Q2TJ95
Q2TJ95	Q9BXY4
Q2TJ95	Q8BFU0
Q2TJ95	Q6UXX9
Q2TJ95	Q9Z132
Q2TJ95	Q2MKA7
Q2TJ95	Q2I0M5
Q2TJ95	Q8BJ73
A7KBS4	A7KBS4
A7KBS4	NP_001155274
A7KBS4	Q3URS2
A7KBS4	E9Q3G0
A7KBS4	Q80VJ6
A7KBS4	XP_001079068
A7KBS4	Q8NAM6
P18510-3	P18510-3
P18510-3	P25086
P18510-3	P18510
P18510-3	P25085
P18510-3	Q9QYY1
P18510-3	Q9UBH0
Q7Z692	Q7Z692
Q7Z692	Q3TQ88
Q9D937	Q9D937
Q9D937	D4AAM1
Q9D937	E9PRG8
A0PK05	A0PK05
A0PK05	Q8C3K5
Q9QZU5	Q9QZU5
Q3U3G9	Q3U3G9
Q5SP45	Q5SP45
Q6W349	Q6W349
E9Q591	E9Q591
E9Q591	Q6MZM9
Q96M15	Q96M15
Q8NEQ6	Q8NEQ6
Q8NEQ6	Q3ULG3
Q3ZCQ2	Q3ZCQ2
Q6ZSJ9-2	Q6ZSJ9-2
Q6ZSJ9-2	Q6ZSJ9
Q6ZSJ9-2	Q3UH99
Q6ZSJ9-2	NP_001178851
Q9NWS0-2	Q9NWS0-2
Q8N3U4-2	Q8N3U4-2
Q8N3U4-2	O35638
Q8N3U4-2	D3ZXT2
Q8N3U4-2	Q8N3U4
Q8N3U4-2	Q8WVM7
Q8N3U4-2	Q9D3E6
Q8N3U4-2	D4A3Q2
Q8N3U4-2	Q99M76
Q8N3U4-2	O70576
Q8N3U4-2	Q9UJ98
Q8N3U4-2	P0CL83
Q8N3U4-2	P0CL84
Q8N3U4-2	P0CL85
Q8N3U4-2	Q8TBR4
B2CW77	B2CW77
Q9CWU5	Q9CWU5
Q9CWU5	D3ZVV1
Q9CWU5	Q587J8
O95424	O95424
O95424	Q9WUQ7
Q1W209	Q1W209
Q3TYP4	Q3TYP4
Q3TYP4	A6NKF7
Q3TYP4	D4AAB3
Q8IUB2	Q8IUB2
Q8IUB2	Q14AE4
Q8IUB2	Q8WWY7
Q8IUB2	P01174
Q8IUB2	P01173
Q9QXG2	Q9QXG2
Q9QXG2	P26374
Q9QXG2	NP_001102994
Q9QXG2	Q9QZD5
Q9QXG2	P24386
Q9QXG2	P37727
P01579	P01579
P01579	P01581
P01579	P01580
I3L273	I3L273
I3L273	J3KML8
Q91V09	Q91V09
Q91V09	NP_001101717
Q91V09	Q9H1Z4
Q15643	Q15643
Q15643	NP_001178701
Q15643	E9Q512
D3DTV9	D3DTV9
Q6P0N0	Q6P0N0
Q6P0N0	D3ZKM9
Q6P0N0	Q80WQ8
Q8WXI4	Q8WXI4
Q8WXI4	Q8WXI4-2
Q8WXI4	Q9DBK0
Q8WXI4	Q8WYK0
Q8WXI4	Q99NB7
Q8WXI4	F1LX28
Q8WXI4	Q8VHQ9
Q76KF0	Q76KF0
Q76KF0	Q8NFY4
Q76KF0	Q9H3T3
Q76KF0	O54951
Q76KF0	O70141
Q76KF0	Q9WTL3
Q76KF0	Q9H3T2
Q76KF0	Q9H3T2-2
Q76KF0	Q9WTM3
Q76KF0	Q9H2E6-2
Q76KF0	O35464
Q76KF0	Q9H2E6
Q76KF0	D3ZDA2
Q76KF0	Q64151
Q76KF0	Q9C0C4
Q76KF0	D3ZHJ3
Q76KF0	Q13214
Q76KF0	Q62177
P36776	P36776
P36776	Q8CGK3
P36776	Q924S5
P36776	Q3MIB4
P36776	Q86WA8
P36776	Q9DBN5
Q15283	Q15283
Q15283	Q63713
Q15283	P58069
Q15283	Q9QYJ2
Q15283	Q14644
Q15283	Q60790
Q6RHW0	Q6RHW0
Q6RHW0	Q8CIS9
Q6RHW0	P13645
Q6RHW0	Q6IFV4
Q6RHW0	Q64291
Q6RHW0	Q6IFX1
Q6RHW0	A1L317
Q6RHW0	P02535
Q6RHW0	Q6IFW6
Q6RHW0	P35527
Q6RHW0	P13646
Q6RHW0	Q6IFV3
Q6RHW0	Q61414
Q6RHW0	P13646-3
Q6RHW0	Q63279
Q6RHW0	P08730
Q6RHW0	P13646-2
Q6RHW0	P08727
Q6RHW0	O76015
Q6RHW0	Q14532
Q6RHW0	Q2M2I5
Q6RHW0	Q99456
Q6RHW0	Q7Z3Y7
Q6RHW0	Q8VCW2
Q6RHW0	Q7Z3Z0
Q6RHW0	A6BLY7
Q6RHW0	Q6IFX0
Q6RHW0	Q9Z320
Q6RHW0	Q6IFV1
Q6RHW0	P19012
Q6RHW0	Q9Z2K1
Q6RHW0	P19001
Q6RHW0	P08779
Q6RHW0	Q6IFX2
Q6RHW0	Q6IFU7
Q6RHW0	Q6IFU8
Q6RHW0	Q9QWL7
Q6RHW0	Q61781
Q6RHW0	P02533
Q6RHW0	Q04695
Q6RHW0	Q6IFU9
Q6RHW0	Q6IFW5
Q6RHW0	Q7Z3Y9
Q6RHW0	Q6IFW8
Q6RHW0	Q7Z3Y8
Q6RHW0	Q9D312
Q6RHW0	P35900
Q6RHW0	P25030
Q6RHW0	Q99PS0
Q6RHW0	Q9C075
Q6RHW0	Q3TRJ4
Q6RHW0	Q6A163
Q6RHW0	Q6IFW3
Q6RHW0	O76013
Q6RHW0	Q6IFX4
Q6RHW0	B1AQ75
Q6RHW0	Q497I4
Q6RHW0	O76009
Q6RHW0	Q14525
Q6RHW0	Q92764
Q6RHW0	Q8K0Y2
Q6RHW0	Q61897
Q6RHW0	Q6IFW0
Q6RHW0	Q62168
Q6RHW0	Q6IFV6
Q6RHW0	Q6IFV9
Q6RHW0	Q61765
Q6RHW0	Q15323
Q6RHW0	O76014
Q6RHW0	O76011
Q6RHW0	Q9D646
Q6RHW0	Q6A162
Q6RHW0	Q6IFX3
Q6RHW0	Q8N9S8
Q6RHW0	Q6IFW2
Q9WTU0	Q9WTU0
Q9WTU0	F1LWX5
Q9WTU0	O75151
Q9WTU0	Q6ZMT4
Q9WTU0	XP_038964944
Q9WTU0	Q3UWM4
Q9WTU0	Q9UPP1
Q9WTU0	Q80TJ7
Q9WTU0	B9EKK1
Q9WTU0	D4AD31
Q9WTU0	Q9UPP1-2
XP_345842	XP_345842
D4A0Z0	D4A0Z0
D4A0Z0	Q14442
D4A0Z0	Q5M9N4
Q9P203	Q9P203
Q9P203	Q9P203-5
Q9P203	Q9P203-3
Q9P203	Q8CFE5
Q9P203	D3ZCW2
Q8IV31	Q8IV31
Q8IV31	D4AC26
Q8IV31	Q8C6T0
Q4AE62	Q4AE62
Q4AE62	Q8BW56
Q4AE62	Q53E76
Q14439	Q14439
Q14439	Q80WT4
Q14439	Q64017
Q9D417	Q9D417
Q9D417	O75426
Q9CQI4	Q9CQI4
Q9CQI4	Q86VG3
P06729	P06729
P06729	P08921
P06729	P08920
Q70EL1	Q70EL1
Q70EL1	Q70EL1-9
Q70EL1	Q70EL1-6
Q70EL1	Q70EL1-10
Q70EL1	Q6IE24
Q70EL1	Q8BL06
Q70EL1	Q70EK8
Q70EL1	P15975
Q8BGX7	Q8BGX7
Q8BGX7	Q14159
Q5FWS5	Q5FWS5
Q5FWS5	P97873
Q5FWS5	P28300
Q5FWS5	P16636
Q5FWS5	P28301
Q5FWS5	Q08397
P55789	P55789
P55789	Q63042
P55789	P56213
P51942	P51942
P51942	P21941
Q8BIA3	Q8BIA3
Q8BIA3	Q8IYA7
Q8BI66	Q8BI66
Q8BI66	Q8TF50
Q71RG4	Q71RG4
Q71RG4	Q4FZV7
Q71RG4	Q3V209
Q71RG4	Q9BVT8
Q71RG4	Q53AQ4
Q71RG4	Q9JMG3
Q3TB91	Q3TB91
D3ZTZ7	D3ZTZ7
D3ZTZ7	Q9UJV3-2
D3ZTZ7	Q9QUS6
D3ZTZ7	O15344-2
D3ZTZ7	P82458
D3ZTZ7	O15344
D3ZTZ7	O70583
D3ZTZ7	Q9UJV3
D3ZTZ7	Q4FZT8
D3ZTZ7	Q8WW59
D3ZTZ7	Q91WK1
Q5XJW2	Q5XJW2
Q5XJW2	Q9CR59
Q5XJW2	Q8TAE8
Q10469	Q10469
Q10469	Q09326
Q10469	Q921V5
A2AC93	A2AC93
A2AC93	Q66HC9
A2AC93	Q9GZS0
XP_001476205	XP_001476205
XP_001476205	P47915
XP_001476205	P47914
XP_001476205	P25886
XP_001476205	XP_001071419
XP_001476205	EDL31996
Q8CIM3	Q8CIM3
Q8CIM3	Q8N465
Q8CIM3	P84850
Q8TC41	Q8TC41
Q8TC41	D3YYI7
Q8C9A2	Q8C9A2
Q8C9A2	Q8N8Q3
Q8C9A2	Q8N8Q3-3
Q6P5S7	Q6P5S7
Q6QI29	Q6QI29
P0DN84	P0DN84
P0DN84	P0DN83
A0A0A0MT76	A0A0A0MT76
Q9Y5P4-3	Q9Y5P4-3
Q9Y5P4-3	Q9EQG9
Q9Y5P4-3	Q9Y5P4
Q9Y5P4-3	D4ACN6
F1MC63	F1MC63
F1MC63	Q8R3S6
F1MC63	Q3U1G4
F1MC63	Q4V8H2
F1MC63	Q9NV70
F1MC63	Q9NV70-2
F1MC63	D3ZCI5
F1MC63	Q8R3T5
F1MC63	Q8NFX7
F1MC63	M0R528
F1MC63	A0A1B0GW35
F1MC63	B9EK06
A7YY57	A7YY57
A7YY57	Q5PQJ5
A7YY57	Q52LW3
A7YY57	Q8CGF1
A7YY57	Q92619
A7YY57	Q6PGG2
A7YY57	D3ZA46
A7YY57	Q9P107
A7YY57	D4AAI2
A7YY57	Q3TBD2
P36956-4	P36956-4
P36956-4	P36956-3
P36956-4	P36956
P36956-4	Q9WTN3
P36956-4	Q9WTN3-4
P36956-4	P56720-1
P36956-4	P56720
P36956-4	Q12772
P36956-4	Q3T1I5
P36956-4	Q3U1N2
P27824-2	P27824-2
P27824-2	P24643
P27824-2	P35565
P27824-2	P35564
P27824-2	P27824
P27824-2	P52194
P27824-2	O14967
P27824-2	D3ZFS2
P27824-2	Q3TQS0
P27824-2	P18418
P27824-2	P14211
P27824-2	P27797
P27824-2	Q96L12
P27824-2	Q9D9Q6
Q494R0	Q494R0
Q96K58-2	Q96K58-2
Q96K58-2	Q8K2R5
Q96K58-2	Q96K58
Q96K58-2	Q8N8L2
Q96K58-2	Q96MM3
Q96K58-2	Q8IYI8
Q96K58-2	Q0D2J5
Q96K58-2	Q9UC07
Q96K58-2	Q8NDP4
Q8VHK6	Q8VHK6
Q8VHK6	O88786
Q8VHK6	Q14627
D3ZD19	D3ZD19
D3ZD19	Q8BHC0
D3ZD19	Q9Y5Y7
D3Z902	D3Z902
D3Z902	Q8VBV4
D3Z902	Q969H0-2
D3Z902	Q969H0-4
D3Z902	Q969H0
D3Z902	D3YUA5
D3Z902	P43034
D3Z902	P63005
D3Z902	P63004
D3Z902	Q5BK30
D3Z902	D3Z7A5
D3Z902	Q8N136
D3Z902	Q3ULA2
D3Z902	Q3ULA2-2
D3Z902	Q5SRY7
D3Z902	Q9UKB1
D3Z902	Q5U4E5
D3Z902	Q9Y297
D3Z902	Q9UKB1-3
D3Z902	XP_006246156
Q711Q0	Q711Q0
Q711Q0	M0RD54
Q711Q0	D3Z1D3
P02647	P02647
P02647	Q00623
P02647	P04639
Q8TC99	Q8TC99
Q8TC99	Q9D2H8
Q8TC99	D3Z9E8
Q9HCG7	Q9HCG7
Q9HCG7	Q69ZF3
Q9HCG7	Q5M868
A2ALI5	A2ALI5
A2ALI5	Q4W8E7
A2ALI5	Q9UKB5
Q8N0Z8	Q8N0Z8
Q8N0Z8	A2ADA5
Q8N0Z8	D3ZTC6
O60870	O60870
O60870	D3ZRI6
O60870	Q8K339
P21397	P21397
P21397	Q64133
P21397	P19643
P21397	Q8BW75
P21397	P27338
P21397	P21396
Q3UHX9	Q3UHX9
Q3UHX9	Q4KM43
Q3UHX9	Q5T280
Q9D0G0	Q9D0G0
Q9D0G0	D4A833
Q9D0G0	Q9NP92
Q6P5S8	Q6P5S8
Q6P5S8	P01834
Q6P5S8	A0A0C4DH25
Q6P5S8	A0A0C4DH55
Q6P5S8	A0A075B6H7
Q6P5S8	P01624
Q6P5S8	P01619
Q6P5S8	P0DOX7
Q6P5S8	A0A075B6R9
Q6P5S8	A0A0C4DH68
Q6P5S8	A0A075B6S6
Q6P5S8	A0A0A0MRZ8
Q6P5S8	Q9JL74
Q6P5S8	P04433
Q6P5S8	P01614
Q6P5S8	A2NJV5
Q6P5S8	P01631
Q6P5S8	XP_002729379
Q6P5S8	ENSRNOP00000011067
Q6P5S8	A0A075B6P5
Q6P5S8	P06310
Q6P5S8	A0A075B6S2
Q6P5S8	P06312
Q6P5S8	A0A087WW87
Q6P5S8	P01615
Q6P5S8	P01601
Q6P5S8	P01599
Q6P5S8	P01597
Q6P5S8	A0A0C4DH67
Q6P5S8	P0DSN7
Q6P5S8	P0DP09
Q6P5S8	A0A0C4DH69
Q6P5S8	A0A075B6S5
Q6P5S8	P01594
Q6P5S8	D3ZMS7
Q6P5S8	P01593
Q6P5S8	A0A0C4DH72
Q6P5S8	P01611
Q6P5S8	A0A0B4J2D9
Q6P5S8	A0A075B6S9
Q6P5S8	P04432
Q6P5S8	A0A075B6S4
Q6P5S8	P01607
Q6P5S8	A0A0C4DH73
Q6P5S8	A0A0B4J1Z2
Q6P5S8	A0A087WSZ0
Q6P5S8	P04430
Q6P5S8	A0A087WSY6
Q6P5S8	P01635
Q6P5S8	P01602
Q6P5S8	P04211
Q6P5S8	A0A075B6I9
Q6P5S8	A0A0B4J280
Q6P5S8	P01735
Q6P5S8	A0A539
Q6P5S8	A0A075B6I1
Q6P5S8	A0A075B6H8
Q6P5S8	A0A0A0MRZ9
Q6P5S8	A0A075B6J1
Q6P5S8	A0A087WSX0
Q6P5S8	A0A0G2JS06
Q6P5S8	A0A075B6I7
Q6P5S8	Q9UKI3
Q6P5S8	Q61243
Q6P5S8	A0A075B6U4
Q6P5S8	A0A0B4J274
Q6P5S8	P12018
Q6P5S8	P13372
Q6P5S8	A0A0B4J1Y8
Q6P5S8	A0A0C4DH26
Q6P5S8	A0A0C4DH24
Q6P5S8	A0A0A0MT36
Q6P5S8	P01642
Q6P5S8	A0A0A0MRZ7
Q6P5S8	A0A075B6I3
Q6P5S8	P01837
Q6P5S8	P06315
Q6P5S8	A0A075B6T7
Q6P5S8	A0A0B4J279
Q6P5S8	A0A0B4J240
Q6P5S8	A0A0B4J275
Q6P5S8	P0DPF4
Q6P5S8	A0A087WT01
Q6P5S8	A0A0B4J263
Q6P5S8	A0A075B6J2
Q6P5S8	A0A0B4J1U3
Q91XE9	Q91XE9
Q91XE9	Q5FVM5
Q91XE9	Q8TEY5
Q91XE9	Q5UEM7
Q91XE9	Q9D2A5
Q91XE9	Q68CJ9
XP_579906	XP_579906
Q9JI93	Q9JI93
Q9JI93	Q9NPC4
Q9JI93	Q67BJ4
Q9JI93	Q14BT6
Q9JI93	Q9UNA3
Q5JTC6	Q5JTC6
Q5JTC6	Q5JTC6-2
Q5JTC6	Q7TS75
Q5JTC6	Q8CCJ4
Q5JTC6	Q8N7J2
Q96N11	Q96N11
Q96N11	XP_003751176
Q96N11	Q8BGA7
Q148A4	Q148A4
Q148A4	Q66HR9
Q148A4	Q7Z5V6
Q86UF4	Q86UF4
Q86UF4	D3ZPM4
Q86UF4	Q3URK1
Q8BRL3	Q8BRL3
Q8BRL3	F1LVZ8
Q8BRL3	Q9NUR3
O35569	O35569
O35569	O14511-5
O35569	D3YZR2
O35569	P56974
O35569	O14511
O35569	O14511-2
O35569	P43322
O35569	Q02297-2
O35569	Q02297-6
O35569	Q6DR98
O35569	Q02297
O35569	Q02297-9
Q9H497	Q9H497
Q9H497	Q9ER38
Q9H497	Q5M936
Q9H497	Q5JU69
Q9H497	Q8N2E6
Q9H497	Q6AYR4
Q9H497	P0C7W2
Q9H497	Q8R1J9
Q9H497	P0C7W3
Q9H497	Q2M2S1
Q9H497	Q9ER41
Q9H497	O14657
Q9H497	Q9ER39
Q9H497	O14656
Q9H497	Q68G38
B1ANY3	B1ANY3
B1ANY3	Q7Z4H9
B1ANY3	Q3ZN08
B1ANY3	Q6DGF6
O54836	O54836
O54836	O08781
O54836	Q9HA38
Q6UWP7	Q6UWP7
Q6UWP7	Q3UN02
Q6UWP7	XP_038969009
Q6UWP7	Q9NRZ7-3
Q6UWP7	G3V648
Q6UWP7	Q8K4X7
Q6UWP7	Q9NRZ5
Q6UWP7	Q9NRZ7
Q6UWP7	Q9D517
Q6UWP7	Q924S1
Q5F289	Q5F289
Q5F289	Q8N4L4
Q8CBW4	Q8CBW4
Q8CBW4	Q5VW00
Q8CBW4	Q5VU92
Q8CBW4	Q8BGW4
Q8CBW4	Q5T6F0
Q8CBW4	M0RC41
Q8CBW4	Q8BGZ3
Q66H19	Q66H19
Q66H19	Q9CZ91
Q66H19	Q9CZ91_VAR_R177S
Q66H19	Q8NEF9
Q86VE0	Q86VE0
Q86VE0	Q8R4U1
P01586	P01586
P01586	P04823
Q1RME4	Q1RME4
Q9D9G7	Q9D9G7
Q9D9G7	Q8BW11
Q9D9G7	Q8IYP2
Q9D9G7	Q6IE06
Q92766-2	Q92766-2
Q92766-2	Q92766-5
Q92766-2	Q92766
Q92766-2	Q3UH06
Q92766-2	D3ZI11
XP_003085425	XP_003085425
XP_003085425	Q3SY00
XP_003085425	Q66MI6
Q7TSK7	Q7TSK7
Q7TSK7	Q86TH1
XP_008760188	XP_008760188
XP_008760188	Q8C5N3
XP_008760188	Q9HCG8
XP_008760188	F1MWG3
Q6UXR6	Q6UXR6
P35475	P35475
P35475	P48441
P35475	D3ZE16
Q6ZMJ2	Q6ZMJ2
Q6ZMJ2	D4A213
Q6ZMJ2	Q8K299
Q6ZMJ2	P30204
Q6ZMJ2	P21757
D3ZQ16	D3ZQ16
D3ZQ16	Q8BI17
D3ZQ16	A6NKC9
Q32M88	Q32M88
Q32M88	Q8BP56
Q32M88	D3ZY02
P22282	P22282
P22282	Q9JM84
P22282	P01034
P22282	P14841
P22282	P21460
P22282	P28325
P22282	XP_003086309
M0R5G2	M0R5G2
M0R5G2	Q9H840
M0R5G2	F1M629
M0R5G2	Q9CWY4
E9PVB3	E9PVB3
E9PVB3	Q5PQJ9
E9PVB3	P0C221
Q7TP54	Q7TP54
Q7TP54	Q80U16
Q7TP54	Q9Y4F9-2
Q7TP54	Q9Y4F9
Q7TP54	P29391
Q7TP54	P02792
Q7TP54	P02793
Q7TP54	Q6ZS17-4
Q7TP54	Q6ZS17-3
Q7TP54	Q6ZS17-2
Q7TP54	Q6ZS17
Q7TP54	Q68FE6
Q7TP54	Q4FZU8
Q7TP54	Q96MK2
Q7TP54	D3ZX40
Q7TP54	A1L3T7
Q7TP54	Q8N4E7
Q7TP54	P02794
Q7TP54	P19132
Q7TP54	A0A0G2K1G6
Q7TP54	Q9D5H4
Q7TP54	P09528
Q7TP54	P0C7X4
Q7TP54	Q9BXU8
Q7TP54	Q99MX2
D3ZI16	D3ZI16
D3ZI16	Q7L5N1
D3ZI16	O88545
Q9P2X8	Q9P2X8
Q3UGX8	Q3UGX8
Q3UGX8	Q91ZZ2
Q3UGX8	Q13905-3
Q3UGX8	Q13905-2
Q3UGX8	Q13905
Q3UGX8	Q9QYV3
Q8N319	Q8N319
F6PYN5	F6PYN5
Q9BUF7-2	Q9BUF7-2
Q9BUF7-2	Q9BUF7
Q9BUF7-2	Q4V8I0
Q9BUF7-2	Q8QZT4
E9Q8Q8	E9Q8Q8
E9Q8Q8	B6ETS2
E9Q8Q8	W5XKT8
Q14978-2	Q14978-2
Q14978-2	Q14978
Q14978-2	Q14978-3
Q14978-2	E9Q5C9
Q14978-2	P41777
Q12888-2	Q12888-2
Q12888-2	Q12888-3
Q12888-2	Q12888
Q12888-2	E1BDS6
Q12888-2	F1M842
Q12888-2	P70399
Q12888-2	P70399_VAR_A427T
D3Z8F1	D3Z8F1
D3Z8F1	Q91YD6
D3Z8F1	O75366
D3Z8F1	Q9WU06
D3Z8F1	O88398
D3Z8F1	O15195
D3Z8F1	Q9Y6U3
D3Z8F1	Q7TQ08
D3Z8F1	Q60604
D3Z8F1	Q9Y6U3-2
D3Z8F1	Q9Y6U3-3
D3Z8F1	Q62468
D3Z8F1	P09327
D3Z8F1	B5DFA0
D3Z8F1	P06396
D3Z8F1	P06396-2
D3Z8F1	P06396-3
D3Z8F1	Q68FP1
D3Z8F1	P13020
D3Z8F1	P24452
D3Z8F1	Q6AYC4
D3Z8F1	P40121
D3Z8F1	P40121-2
Q538Z0	Q538Z0
Q6AYL6	Q6AYL6
Q6AYL6	Q6AYL6-2
Q6AYL6	Q8TC71
Q6AYL6	Q0P557
Q92800-2	Q92800-2
Q92800-2	Q92800-3
Q92800-2	Q92800
Q92800-2	P70351
Q92800-2	Q92800-4
Q92800-2	Q15910-2
Q92800-2	B5DFE2
Q92800-2	Q61188
Q92800-2	Q15910
D3ZFT3	D3ZFT3
D3ZFT3	Q9DA21
D3ZFT3	A6NFE2
E5RJ46	E5RJ46
Q6NVE8	Q6NVE8
Q6NVE8	Q9R037
Q6NVE8	Q5JSH3
Q9D5V6	Q9D5V6
Q9D5V6	Q96A49
Q9D5V6	Q6AYB6
Q13571	Q13571
Q13571	Q61168
Q8IX15	Q8IX15
Q8IX15	Q80W88
Q8IX15	Q8K3E9
Q8BM75	Q8BM75
Q8BM75	Q14865
Q8BM75	NP_001101094
Q8BM75	E1BLP6
Q8BM75	Q03989
Q8BM75	Q3U108
P12955	P12955
P12955	Q5I0D7
P12955	Q11136
P12955	P12955-3
O35671	O35671
O35671	O14713
O35671	B5DFL3
O35671	O14713-2
P12003	P12003
P12003	Q64727
P12003	P18206
P12003	P18206-2
P12003	J9P4F3
P12003	F1N789
P12003	P85972
P13929	P13929
P13929	P21550
P13929	P17183
P13929	P09104
P13929	P06733
P13929	P04764
P13929	P51913
P13929	P07323
P13929	P17182
P13929	P15429
P13929	P13929_VAR_N71S
P13929	P06733-2
Q16594	Q16594
Q16594	Q8VI33
Q16594	Q6NZA9
Q16594	Q9HBM6
Q16594	Q62880
Q16594	NP_908937
Q14764	Q14764
Q14764	Q62667
Q14764	Q9EQK5
P04972	P04972
P04972	Q13956
P04972	P61249
P04972	P61250
P04972	P09174
P04972	P18545
Q6P4S6	Q6P4S6
Q6P4S6	NP_001258145
Q6P4S6	Q9Y2K2-7
Q6P4S6	Q9Y2K2-8
Q6P4S6	Q9Y2K2
Q6P4S6	Q9Y2K2-6
Q6P4S6	Q8CFH6
Q6P4S6	Q3LRT3
Q6P4S6	Q9H0K1
Q6P4S6	P57059
Q6P4S6	A0A0B4J2F2
Q6P4S6	P31325
Q6P4S6	P00518
Q6P4S6	Q16816
Q6P4S6	P13286
Q6P4S6	Q9DB30
Q6P4S6	P15735
Q6P4S6	P07934
Q6P4S6	Q8C0N0
Q6P4S6	Q8C0X8
Q6P4S6	Q9JHU3
Q6P4S6	Q8IZL9
Q6P4S6	Q4KM34
Q6P4S6	Q8VHF0
Q6P4S6	P27448-3
Q6P4S6	Q03141
Q6P4S6	P27448
Q6P4S6	P27448-6
Q6P4S6	Q96L34
Q6P4S6	Q96L34-2
Q6P4S6	Q8CIP4
Q6P4S6	D4A6T9
Q6P4S6	Q8VHJ5
Q6P4S6	O08678
Q6P4S6	Q9P0L2-3
Q6P4S6	Q9P0L2
Q6P4S6	Q7KZI7
Q6P4S6	P27448-7
Q6P4S6	Q7KZI7-14
Q6P4S6	Q7KZI7-16
Q6P4S6	Q7KZI7-13
Q6P4S6	Q7KZI7-11
Q6P4S6	Q05512
Q6P4S6	Q05512-3
Q6P4S6	O08679
Q6P4S6	Q7KZI7-4
Q6P4S6	Q7KZI7-10
Q6P4S6	XP_577708
Q6P4S6	XP_344822
Q6P4S6	NP_001116449
Q6P4S6	XP_983688
Q6P4S6	XP_577705
Q6P4S6	XP_001067114
Q6P4S6	NP_001178548
Q6P4S6	Q8BHI9
Q6P4S6	Q8IY84
Q6P4S6	Q96GD4-2
Q6P4S6	Q8K4K4
Q6P4S6	Q8K4K3
Q6P4S6	Q92519
Q6P4S6	Q96RU8
Q6P4S6	Q96RU7
Q6P4S6	Q8K4K2
Q6P4S6	Q9WTQ6
Q6P4S6	O35280
Q6P4S6	Q91ZN7
Q6P4S6	Q8AYC9
Q6P4S6	O14757
P04198	P04198
P04198	Q63379
P04198	P03966
P04198	P23999
P04198	Q6P8Z1
P04198	P15063
P04198	P10166
P04198	P12524
P04198	P01108
P04198	P09416
P04198	P01106
P04198	P01106-1
P04198	Q9Z304
P04198	P12525
Q9JIF7	Q9JIF7
Q9JIF7	P23514
Q9JIF7	P53618
Q8C2Q3	Q8C2Q3
Q8C2Q3	Q5EA36
Q8C2Q3	M0R9Q1
Q8C2Q3	Q96PK6
Q8C2Q3	A0A0A6YYI9
Q8C2Q3	D4A1W5
Q8C2Q3	Q8VE92
Q8C2Q3	Q8C7Q4
Q8C2Q3	Q9BQ04
Q8C2Q3	Q9BWF3
Q8C2Q3	Q9BWF3-2
Q8C2Q3	Q64LC9
Q9QUM4	Q9QUM4
Q9QUM4	Q13291
O95373	O95373
O95373	D4AE96
O95373	Q9EPL8
O95373	O15397
O95373	Q7TMY7
O95373	A0A0G2K6J6
Q9HAW4	Q9HAW4
Q9HAW4	Q80YR7
Q9HAW4	Q9HAW4-2
Q9HAW4	D3ZHC3
Q9NZN8	Q9NZN8
Q9NZN8	Q5PPJ8
Q9NZN8	Q8C5L3
Q9NZN8	Q9NZN8-4
A1EGX6	A1EGX6
A1EGX6	Q4V7A4
A1EGX6	Q5H9T9
Q9CQD9	Q9CQD9
A2AJD1	A2AJD1
A2AJD1	Q80XI7
A2AJD1	Q63751
Q4V893	Q4V893
Q4V893	Q69ZC8
Q4V893	Q8IXQ4
Q4V893	Q3ZBM6
D3ZKQ0	D3ZKQ0
D3ZKQ0	Q9NV35
D3ZKQ0	Q8BG93
D3ZKQ0	P36639
D3ZKQ0	P53368
D3ZKQ0	P53369
Q6TUH8	Q6TUH8
Q6TUH8	Q3T0U2
Q6TUH8	Q9CR57
Q6TUH8	Q63507
Q6TUH8	P50914
Q567V2	Q567V2
Q567V2	XP_008769309
Q567V2	Q8VIK2
Q567V2	Q9NR77
Q567V2	P42925
Q567V2	Q07066
P52430	P52430
P52430	P55159
P52430	P27169
P52430	Q15165
P52430	Q15165-1
P52430	Q6AXM8
P52430	Q62086
P52430	Q62087
P52430	Q15166
P52430	Q68FP2
D3ZVM9	D3ZVM9
D3ZVM9	O35457
D3ZVM9	O54814
D3ZVM9	P51677
D3ZVM9	P51678
D3ZVM9	O00421-2
D3ZVM9	O00421
D3ZVM9	P51676
D3ZVM9	P32246
D3ZVM9	Q9JLY8
D3ZVM9	P51675
D3ZVM9	O09027
D3ZVM9	O08707
D3ZVM9	P51685
D3ZVM9	P56484
NP_001388596	NP_001388596
NP_001388596	P35125
NP_001388596	F8VPZ3
NP_001388596	Q8NFA0
NP_001119752	NP_001119752
NP_001119752	Q6ZVK1
NP_001119752	Q8BHH9
D3ZD62	D3ZD62
D3ZD62	O95803
D3ZD62	Q9EQH7
D3ZD62	P52849
D3ZD62	Q9H3R1
D3ZD62	P52850
D3ZD62	Q9EQW8
D3ZD62	Q3UHN9
D3ZD62	P52848
D3ZD62	Q02353
D3ZD62	Q8IZT8
D3ZD62	Q8BSL4
Q9Z173	Q9Z173
Q9Z173	Q80TS3
Q9Z173	Q9HAR2-2
Q9Z173	O88923
Q9Z173	Q8JZZ7
Q9Z173	O88917
Q9Z173	Q80TR1
Q9Z173	O94910
Q9Z173	Q9HAR2
Q9Z173	P48960
Q9Z173	Q923X1
Q9Z173	Q9HBW9
Q9Z173	Q9ESC1
Q9Z173	B0BNI5
Q9Z173	Q9NRN5
Q9Z173	Q8BK62
Q9Z173	O95490-6
Q9Z173	O95490-5
Q9Z173	O95490
Q9Z173	O95490-2
Q9Z173	O95490-4
Q9Z173	Q5XI36
Q9Z173	Q9Z0M6
Q9Z173	Q91ZE5
Q9Z173	Q62609
Q9Z173	Q99784-2
Q9Z173	Q96PB7
Q9Z173	P63056
Q9Z173	P63057
Q9Z173	O88998
Q9Z173	Q99784
Q9Z173	Q568Y7
Q9Z173	O95897
Q9Z173	Q8BM13
Q9Z173	Q80T32
Q9Z173	Q6QNK2
Q9Z173	Q5Y4N8
Q9Z173	Q9BY15
Q9Z173	Q61549
Q9Z173	Q14246
Q9Z173	Q86SQ3
Q9Z173	Q9UHX3
Q498C8	Q498C8
Q498C8	Q9CQU3
Q498C8	O15258
P50427	P50427
P50427	P15589
P50427	Q32KJ6
P50427	P34059
P50427	Q571E4
P50427	P51689
P50427	P54793
P50427	P51690
P50427	P08842
P50427	Q5FYA8
P50427	Q32KK0
P50427	Q32KJ9
P50427	Q96EG1
P50427	Q3TYD4
P50427	Q32KK2
P50427	P50428
P50427	P15289
A6NEQ2	A6NEQ2
A6NEQ2	Q80VF6
Q6UXU0	Q6UXU0
Q6AXY4	Q6AXY4
Q6AXY4	P49005
Q6AXY4	O35654
Q564G3	Q564G3
Q564G3	Q6QHC5
Q564G3	Q8R2F2
Q564G3	Q5XIF5
Q564G3	O15121
Q564G3	O09005
Q8K560	Q8K560
Q8K560	Q8NHW6
Q8K560	Q8R448
Q86UA6-8	Q86UA6-8
Q86UA6-8	Q86UA6
Q86UA6-8	Q9CWY9
Q86UA6-8	Q4G2Y1
O43709-3	O43709-3
O43709-3	O43709
O43709-3	Q9CY21
O43709-3	B1H275
P32322-3	P32322-3
P32322-3	P32322
P32322-3	Q922W5
P32322-3	Q6AY23
P32322-3	NP_001099327
P32322-3	Q922Q4
P32322-3	P32322-2
P32322-3	Q96C36
P32322-3	Q58D08
P32322-3	Q53H96
P32322-3	Q9DCC4
P32322-3	Q53H96-2
P32322-3	Q5PQJ6
Q96MT1-5	Q96MT1-5
Q96MT1-5	Q96MT1
Q96MT1-5	Q5SWK7
Q96MT1-5	Q96MT1-2
Q96MT1-5	Q9H9V4
Q96MT1-5	Q8BP31
Q96MT1-5	Q9Y225
Q96MT1-5	Q8BGI1
P05155-3	P05155-3
P05155-3	P05155
P05155-3	Q6P734
P05155-3	P97290
Q9H8T0-2	Q9H8T0-2
Q9H8T0-2	Q5FVH4
Q9H8T0-2	Q9H8T0
Q9H8T0-2	Q64362
Q63HM1-2	Q63HM1-2
Q63HM1-2	Q63HM1
Q63HM1-2	M0RC77
Q63HM1-2	Q8K4H1
Q8N0W3-2	Q8N0W3-2
Q8N0W3-2	Q7TMC8
Q8N0W3-2	Q8N0W3
Q8N0W3-2	NP_001382075
P55735-3	P55735-3
P55735-3	Q5XFW8
P55735-3	P55735
P55735-3	Q9D1M0
Q9NYP7-2	Q9NYP7-2
Q9NYP7-2	Q920L7
Q9NYP7-2	Q8BHI7
Q9NYP7-2	Q9NYP7
Q9NYP7-2	Q9NXB9
Q9NYP7-2	D4A612
Q9NYP7-2	Q9JLJ4
Q9NYP7-2	Q9GZR5
Q9NYP7-2	Q9EQC4
Q9NYP7-2	D4ADY9
Q9NYP7-2	Q9JLJ5
Q9NYP7-2	A1L3X0
Q9NYP7-2	Q9D2Y9
Q9NYP7-2	Q9BW60
Q9Y2Z2-6	Q9Y2Z2-6
Q9Y2Z2-6	Q923Z3
Q9Y2Z2-6	Q9Y2Z2
Q9Y2Z2-6	NP_001100311
Q9Y2Z2-6	Q9Y2Z2-2
Q6GPH6-2	Q6GPH6-2
Q6GPH6-2	A2ASA8
Q6GPH6-2	Q66H52
Q6GPH6-2	Q6GPH6
Q6GPH6-2	XP_574685
Q6GPH6-2	Q3TNL8
Q6GPH6-2	Q8IWB1
Q5T0T0-2	Q5T0T0-2
Q5T0T0-2	Q8TCQ1-2
Q5T0T0-2	Q6NZQ8
Q5T0T0-2	Q8TCQ1
Q5T0T0-2	Q9DBD2
Q5T0T0-2	Q6NZQ8-2
Q5T0T0-2	D3ZG81
Q5T0T0-2	Q5T0T0
XP_006250214	XP_006250214
XP_006250214	Q91YR5
XP_006250214	Q8N6R0
XP_038946056	XP_038946056
XP_038946056	Q9UPS6
XP_038946056	Q8CFT2
XP_038946056	A0A0G2K6T6
XP_038946056	O15047
XP_038946056	E9PYH6
XP_038946056	Q62203
XP_038946056	Q6AXT8
XP_038946056	Q15428
Q7TP77	Q7TP77
Q7TP77	Q5EA71
Q7TP77	Q13405
Q7TP77	Q9CQ40
NP_001382526	NP_001382526
NP_001382526	Q3UDP0
NP_001382526	Q9HAD4
NP_001386150	NP_001386150
NP_001386150	Q96B26
NP_001386150	Q9D753
M0R776	M0R776
M0R776	P82909
M0R776	Q9CQX8
D4A1H7	D4A1H7
D4A1H7	Q969V5
D4A1H7	Q8VCM5
C0HLV9	C0HLV9
C0HLV9	C0HLV8
A0A0B4J200	A0A0B4J200
Q568Z3	Q568Z3
Q568Z3	Q8N4S7
Q568Z3	Q9JJE4
Q5RJM1	Q5RJM1
Q5RJM1	Q9H8P0
Q5RJM1	Q9WUP4
Q9Z325	Q9Z325
Q9Z325	O94777
Q9Z325	Q9Z324
Q6AYN9	Q6AYN9
Q6AYN9	Q80ZU5
Q6AYN9	Q5TID7
Q5U2V9	Q5U2V9
Q5U2V9	Q9NV64
Q5U2V9	Q9CYC3
Q5U2V9	Q810L4
Q5U2V9	Q66H44
Q5U2V9	Q9GZU3
K9N5R3	K9N5R3
K9N5R3	P59637
K9N5R3	P0DTC4
P03246	P03246
A0A1B0GVY4	A0A1B0GVY4
A0A1B0GVY4	Q3V2G4
Q32ZF3	Q32ZF3
Q32ZF3	Q30KM9
Q32ZF3	A0A096LNP1
Q32ZF3	P59861
O08961	O08961
O08961	Q80TS5
O08961	Q2M1K9
O08961	Q6KAS7
O08961	D3ZQM2
O08961	Q96K83
P58366	P58366
P58366	Q9JHZ2
P58366	Q9HCJ1
NP_001108485	NP_001108485
NP_001108485	Q8WWX9
NP_001108485	Q8VHC3
A0JD36	A0JD36
NP_001292165	NP_001292165
NP_001292165	Q14AI0
NP_001292165	Q9BVC3
XP_017451595	XP_017451595
XP_017451595	Q8BL99
XP_017451595	NP_001178589
XP_017451595	Q3UHQ6
XP_017451595	Q9Y3R5
XP_017451595	Q5JWR5
P0DQW1	P0DQW1
Q8TAV0-3	Q8TAV0-3
Q8TAV0-3	Q8TAV0
Q8TAV0-3	Q922G2
Q8TAV0-3	D3ZEU8
Q8TAV0-3	Q8TAV0-2
Q8TAV0-3	Q5HYJ3
Q8TAV0-3	Q5HYJ3-2
Q8TAV0-3	D3Z8B9
Q8TAV0-3	Q80XP8
Q6PIU2-2	Q6PIU2-2
Q6PIU2-2	Q6PIU2
Q6PIU2-2	Q8BLF1
Q6PIU2-2	B2GV54
Q6PIU2-2	XP_578019
Q6PIU2-2	B2RWD2
Q6PIU2-2	XP_001474701
Q6PIU2-2	Q6P093
Q6PIU2-2	P22760
Q6PIU2-2	Q99PG0
Q6PIU2-2	Q9QZH8
Q6PIU2-2	A2A7Z8
Q6PIU2-2	Q8BM81
Q6PIU2-2	B1ASB3
Q6PIU2-2	Q5VUY0
Q6PIU2-2	Q5VUY2
D3ZMS0	D3ZMS0
D3ZMS0	Q99622
D3ZMS0	O35127
Q3ZB89	Q3ZB89
Q3ZB89	P62893
Q3ZB89	P62892
Q3ZB89	P62891
Q3ZB89	Q59GN2
Q3ZB89	Q96EH5
Q3ZB89	Q9CQD0
F1M3N2	F1M3N2
F1M3N2	Q8K305
F1M3N2	Q96IY1
B5DEQ2	B5DEQ2
B5DEQ2	A0PJW8
B5DEQ2	Q9D757
B2RYF4	B2RYF4
B2RYF4	Q9JLV2
B2RYF4	Q8TEL6
M0R7T2	M0R7T2
M0R7T2	Q9BT30
M0R7T2	Q9D6Z0
D4A2D8	D4A2D8
D4A2D8	Q9UK45
D4A2D8	Q9CQQ8
D4A2D8	P62308
D4A2D8	B5DEP7
D4A2D8	P62309
D4A2D8	A8MWD9
Q9Y675	Q9Y675
Q9Y675	Q9WU11
Q9Y675	Q9WU12
P50153	P50153
P50153	P50150
P50153	P63215
P50153	M0R809
P50153	G3V8K2
P50153	P63216
P50153	P59768
P50153	P63213
P50153	NP_001244278
P50153	Q9UK08
P50153	P63078
P50153	P63077
P50153	Q28024
P50153	Q9UBI6
P50153	Q61016
P50153	O60262
P50153	Q9DAS9
P50153	G3V6P8
P50153	P43425
P50153	A0A804HLA8
P50153	P63219
P50153	P63218
P50153	Q80SZ7
P50153	P50151
P50153	Q3KRE3
P50153	Q9CXP8
P50153	A0A1W2PPG7
Q4G163	Q4G163
Q4G163	Q66H04
Q4G163	Q8CDI2
Q4G163	Q9UKT4
Q4G163	Q7TSG3
Q4G163	B0BNA4
P01036	P01036
P01036	P01037
P01036	P09228
P01036	D3ZCV2
P01036	O76096
P01036	O89098
P01036	Q8VII3
P01036	Q8VIH8
P62082	P62082
P62082	P62081
P62082	P62083
Q80XH1	Q80XH1
Q80XH1	Q9BQD3
Q80XH1	Q5M853
O60756	O60756
Q9ERT9	Q9ERT9
Q9ERT9	P01099
Q9ERT9	Q13522
Q9ERT9	P19103
Q9ERT9	Q8WVI7
Q9ERT9	Q8BKK4-3
Q9ERT9	Q8BKK4
Q5XI86	Q5XI86
Q5XI86	Q8R2Y8
Q5XI86	Q9Y3E5
Q8K1L5	Q8K1L5
Q8K1L5	O60927
Q8K1L5	Q6MFY6
H0YL09	H0YL09
Q9BXT2	Q9BXT2
Q9BXT2	Q8VHW3
Q9BXT2	Q8VHW7
Q9BXT2	O70578
Q9BXT2	P97707
Q9BXT2	Q06432
D3ZEN0	D3ZEN0
D3ZEN0	F6REL8
D3ZEN0	Q3TN34
D3ZEN0	Q8IY33
D3ZEN0	Q8BGT6
D3ZEN0	E1BBG2
D3ZEN0	D3ZQL6
D3ZEN0	Q8N3F8
B0BNF9	B0BNF9
B0BNF9	Q9WU19
B0BNF9	Q9UJM8
B0BNF9	Q9NYQ3-2
B0BNF9	Q9NYQ3
B0BNF9	Q07523
B0BNF9	Q9NYQ2
Q9UMZ3	Q9UMZ3
Q9UMZ3	P0C5E4
Q9UMZ3	O88488
Q9UMZ3	Q99952
Q9UMZ3	Q99952-2
Q9UMZ3	P70602
Q9UMZ3	Q61152
Q3UTJ2-2	Q3UTJ2-2
Q3UTJ2-2	Q3UTJ2
Q3UTJ2-2	O94875-7
Q3UTJ2-2	O35413
Q3UTJ2-2	O94875
Q3UTJ2-2	O94875-11
Q3UTJ2-2	Q3UTJ2-5
Q3UTJ2-2	O94875-10
Q3UTJ2-2	O94875-9
Q3UTJ2-2	O94875-2
Q3UTJ2-2	O94875-4
Q3UTJ2-2	O94875-5
Q3UTJ2-2	O94875-8
Q3UTJ2-2	O94875-12
Q3UTJ2-2	O94875-3
Q3UTJ2-2	NP_001005762
Q3UTJ2-2	O60504-2
Q3UTJ2-2	Q9R1Z8
Q3UTJ2-2	O60504
Q3UTJ2-2	O60504_VAR_055019
Q3UTJ2-2	Q9BX66-12
Q3UTJ2-2	D3Z5J3
Q3UTJ2-2	Q62417
Q3UTJ2-2	F1M820
Q3UTJ2-2	Q9BX66-10
Q3UTJ2-2	Q62417-4
Q3UTJ2-2	Q9BX66-4
Q3UTJ2-2	Q62417-5
Q3UTJ2-2	F1M866
Q3UTJ2-2	Q9BX66-6
Q3UTJ2-2	Q9BX66-8
Q3UTJ2-2	Q9BX66
Q3UTJ2-2	Q9BX66-11
Q3UTJ2-2	Q9BX66-5
Q3UTJ2-2	Q9BX66-3
Q3UTJ2-2	Q62417-3
Q9BXJ4-3	Q9BXJ4-3
Q9BXJ4-3	Q9ES30
Q9BXJ4-3	B1WC91
Q9BXJ4-3	Q9BXJ4
D3ZVE5	D3ZVE5
D3ZVE5	Q5T0Z8
D3ZVE5	Q91Z58
D3Z9E6	D3Z9E6
D3Z9E6	O35218
D3Z9E6	Q9P2I0
Q9CXP9	Q9CXP9
Q9CXP9	Q9H790
P56387	P56387
P56387	P51808
P56387	Q9Z336
P56387	P63172
P56387	P63171
P56387	P51807
D3ZHA0	D3ZHA0
D3ZHA0	Q14315-2
D3ZHA0	Q14315
D3ZHA0	E1BE25
D3ZHA0	Q8VHX6
D3ZHA0	O75369-8
D3ZHA0	O75369
D3ZHA0	D4A8D5
D3ZHA0	E1BKX7
D3ZHA0	O75369-2
D3ZHA0	Q80X90
D3ZHA0	F1N169
D3ZHA0	P21333
D3ZHA0	Q8BTM8
D3ZHA0	C0JPT7
D3ZHA0	P21333-2
P19139	P19139
P19139	O54833
P19139	Q60737
P19139	P33674
P19139	P68399
P19139	NP_001100879
P19139	P68400
P19139	P19784
P19139	Q8NEV1
P38656	P38656
P38656	P32067
P38656	P05455
P17599	P17599
P17599	P09951
P17599	Q64332-2
P17599	O88935
P17599	Q64332
P17599	Q92777-2
P17599	P17600-2
P17599	O88935-3
P17599	P17600
P17599	O88935-1
P17599	Q63537
P17599	O14994
P17599	Q8JZP2
P17599	O70441
P17599	Q92777
Q3TQI7	Q3TQI7
Q3TQI7	Q9NZ63
Q3TQI7	D3ZKZ0
Q9Y3S2	Q9Y3S2
Q9Y3S2	Q922H9
Q9Y3S2	NP_001101913
P32240	P32240
P32240	P43114
P32240	P35408
P32240	P43253
P32240	P43252
P32240	P43119
P32240	P21731-2
P32240	P21731
P32240	P34978
P32240	P30987
P32240	Q62053
P32240	Q62928
P32240	Q13258
P32240	Q9R261
P32240	P70263
P32240	P43116
P70318	P70318
P70318	Q01085
P70318	Q01085-2
P70318	XP_006230372
P70318	P31483-2
P70318	XP_006236891
P70318	P52912
P70318	P31483
P70318	P31483-3
P70318	Q9QZI7
P70318	Q80VC6
P70318	Q9NX07
P70318	Q5T4I8
P70318	B1WC40
P70318	P52298-2
P70318	Q9CQ49
P70318	P52298
P70318	P52298-3
P70318	A6PVI3
P18848	P18848
P18848	Q06507
P18848	Q9ES19
P18848	O70191
P18848	Q9Y2D1
P18848	Q6P788
Q9BWU0	Q9BWU0
Q9BWU0	E9Q585
Q9BWU0	ENSRNOP00000006525
Q9NWQ8	Q9NWQ8
Q9NWQ8	Q3U1F9
Q9NWQ8	Q9JM80
P61812-2	P61812-2
P61812-2	Q07257
P61812-2	P27090
P61812-2	P61812
P61812-2	Q07258
P61812-2	P17125
P61812-2	P10600
P61812-2	P17246
P61812-2	P01137
P61812-2	P04202
Q8NA72	Q8NA72
Q8NA72	Q9DBS8
Q8NA72	Q8NA72-3
Q8NA72	Q4V891
P28290	P28290
P28290	P28290-2
P28290	Q922B9
P28290	NP_001101208
Q5SZI1	Q5SZI1
P70280	P70280
P70280	Q9JHW5
P70280	P51809
Q80VJ8	Q80VJ8
Q80VJ8	Q8N6L0
Q8CFG0	Q8CFG0
Q8CFG0	Q8IWU5
Q8CFG0	Q3L472
Q8CFG0	Q8IWU6
Q8CFG0	Q8VI60
Q8CFG0	Q8K007
Q8CFG0	P15586
Q8CFG0	Q8BFR4
Q8CFG0	Q32KJ5
Q7LBR1	Q7LBR1
Q7LBR1	Q99LU0
Q7LBR1	Q9CQD4
Q7LBR1	G3V6A6
Q7LBR1	NP_001103003
Q7LBR1	Q921W0
Q7LBR1	Q9HD42
Q7LBR1	D4AE79
Q9HD64	Q9HD64
Q69YZ2	Q69YZ2
Q69YZ2	D3Z0P8
Q69YZ2	D3Z9B6
Q3UBX0	Q3UBX0
Q3UBX0	Q9BVC6
Q3UBX0	Q6AYQ4
Q99674	Q99674
Q99674	Q8R1U2
Q99674	P97586
Q99674	Q8NI22
Q99674	Q8K5B3
Q99674	Q8K5B2
P0C242	P0C242
P0C242	D3ZHT5
P0C242	P22674
P23336	P23336
P23336	Q3L7M0
P23336	P14769
P23336	Q3V1N9
P23336	A0A4Z3
P23336	Q8N5D6
P23336	Q8VI38
P23336	P16442
P23336	Q8CFC4
P23336	P38649
P23336	Q9ET32
P23336	U3KPV4
P23336	Q4G0N0
P23336	Q14BP7
P23336	G3V9Q9
P23336	D3ZNQ3
P23336	Q2NKH9
P23336	Q7Z4J2
P23336	A2AUQ7
Q6NUQ4	Q6NUQ4
Q6NUQ4	Q6NUQ4-2
Q6NUQ4	A1L1L2
Q6NUQ4	Q8BM55
Q7TRP6	Q7TRP6
Q7TRP6	Q8NGI3
Q7TRP6	Q7TRU7
Q7TRP6	Q8NGI1
Q7TRP6	Q8VGV1
Q7TRP6	P0C7T3
Q7TRP6	D4A7H3
Q7TRP6	Q8NH54
Q7TRP6	P0C646
Q7TRP6	Q8NGH5
Q7TRP6	Q8NGH8
Q7TRP6	Q8NGX6
Q7TRP6	Q8NGX5
Q7TRP6	Q6IF99
Q7TRP6	E9Q848
Q7TRP6	Q8NGY1
Q7TRP6	Q8NGX3
Q7TRP6	Q6IF42
E9Q3L4	E9Q3L4
E9Q3L4	P0DOV2_VAR_I158S
E9Q3L4	P0DOV1
E9Q3L4	P0DOV2
E9Q3L4	Q8CGE8
E9Q3L4	D0QMC3
E9Q3L4	O35368
E9Q3L4	E9QAN9
E9Q3L4	XP_136331
E9Q3L4	D4A9W0
E9Q3L4	Q91VJ1
E9Q3L4	Q8BV49
E9Q3L4	Q504N7
E9Q3L4	O14862
E9Q3L4	W6CW81
Q49AM3	Q49AM3
O60928	O60928
O60928	P86046
O60928	O70617
Q9DAM2	Q9DAM2
Q9DAM2	A8MZ26
P58511	P58511
P58511	Q99J19
A2AED3	A2AED3
A2AED3	Q5VTL7
Q9UK76-2	Q9UK76-2
Q9UK76-2	P97825
Q9UK76-2	Q9UK76
Q9UK76-2	Q6AXU6
Q04941	Q04941
Q04941	Q6P742
Q04941	Q9R1Q7
Q60595	Q60595
Q60595	D4A7L7
Q60595	A2BI40
P52797	P52797
P52797	O08545
P52797	P97553
P52797	P20827
P52797	P52793
P52797	P52803
P52797	P97605
P52797	O08543
P52797	O08543-2
P52797	O43921
P52797	P52801
P52797	P52798-3
P52797	P52798
P52797	O08542
Q8IVW1	Q8IVW1
Q9BXT4-3	Q9BXT4-3
Q9BXT4-3	Q9BXT4
Q9BXT4-3	D4A3N0
Q9BXT4-3	Q99MV1
Q8TB73	Q8TB73
Q8TB73	Q8C119
Q5QGU6	Q5QGU6
Q5QGU6	Q9BQQ7
Q5QGU6	Q9ER80
Q5QGU6	D4A238
Q5QGU6	Q96DX8
Q5QGU6	P59025
Q5QGU6	Q80ZI2
Q5QGU6	Q8C8C1
Q5QGU6	Q5QGT7
A6NFQ7	A6NFQ7
Q7TSQ1	Q7TSQ1
Q7TSQ1	A5D8T8
Q7TSQ1	Q6UXF7
Q7TSQ1	Q8NCF0
Q7TSQ1	Q9DAG6
Q7TSQ1	P48060
Q7TSQ1	Q9CWG1
Q7TSQ1	O43692
Q7TSQ1	Q8BS03
Q7TSQ1	Q9H3Y0
Q7TSQ1	A2A5I3
Q7TSQ1	Q6UWM5
Q7TSQ1	P54108-3
Q7TSQ1	P54108
Q7TSQ1	Q9D259
Q7TSQ1	P54107
Q7TSQ1	P12020
Q7TSQ1	Q03401
Q7TSQ1	P16562
Q7TSQ1	P16563
Q7TSQ1	Q03402
P00346	P00346
P00346	P08249
P00346	P40926
P00346	P04636
Q9D818-2	Q9D818-2
Q9D818-2	Q9D818
Q9D818-2	B0BN66
Q9D818-2	Q86UD0
Q8C520	Q8C520
S4R213	S4R213
S4R213	XP_001069564
S4R213	A8MY62
Q9CYK1	Q9CYK1
Q9CYK1	Q9UGM6
Q9CYK1	F1M8H2
Q9JIL5	Q9JIL5
Q9JIL5	NP_001102607
Q9JIL5	Q9NRJ4
O35094	O35094
O35094	O35857
O35094	O43615
Q96GN5	Q96GN5
Q96GN5	Q922M5
Q96GN5	Q4G059
Q96GN5	Q96GN5-2
Q96GN5	Q96GN5-5
Q96GN5	Q9BWT1-2
Q96GN5	Q9BWT1
Q96GN5	Q9D0M2
Q96GN5	Q4KM91
P28310	P28310
P28310	P50712
P28310	P28309
P28310	P50716
P28310	P11477
P28310	P28312
P28310	P28311
P28310	P50704
P28310	P50705
P28310	P50706
P28310	P50707
P28310	Q5G866
P28310	Q64263
Q69ZQ1	Q69ZQ1
Q69ZQ1	D4AE63
Q69ZQ1	Q6NSJ0
Q9NUJ1	Q9NUJ1
Q9NUJ1	Q6PE15
Q9NUJ1	Q5I0K5
Q96AC6	Q96AC6
Q96AC6	O08672
Q96AC6	Q96FN5
Q96AC6	Q9D2Z8
P29533	P29533
P29533	P19320
P29533	P29534
Q9P031	Q9P031
Q9P031	Q8R2N0
Q9P031	D4ADF2
Q8R146	Q8R146
Q8R146	P13798
Q8R146	P13676
Q9JMD0	Q9JMD0
Q9JMD0	O43670-4
Q9JMD0	O43670-2
Q9JMD0	Q498C9
Q9JMD0	O43670
Q15361	Q15361
Q15361	Q62187
Q15361	XP_001079280
Q9D2Q8	Q9D2Q8
Q9D2Q8	Q9HCY8
Q9D2Q8	NP_001258241
Q9H3C7	Q9H3C7
Q9H3C7	Q5SV77
Q9H3C7	Q6GVH5
O75052	O75052
O75052	Q9D3A8
O75052	O54960
Q8VEH9	Q8VEH9
P84099	P84099
P84099	P84098
P84099	D0VWQ5
P84099	P84100
P84099	XP_001059321
Q86V21	Q86V21
Q86V21	Q86V21-3
Q86V21	Q9D2R0
Q86V21	Q9JMI1
Q8WUM0	Q8WUM0
Q8WUM0	Q8R0G9
Q8WUM0	XP_001053507
O95551-2	O95551-2
O95551-2	O95551
O95551-2	Q9JJX7
O95551-2	Q3T1H5
Q6ZMI3	Q6ZMI3
Q6ZMI3	Q8BMF8
Q6ZMI3	Q80WL1
Q7Z4N8	Q7Z4N8
Q7Z4N8	Q6W3F0
Q7Z4N8	Q6W3E9
Q7Z4N8	P13674-2
Q7Z4N8	Q60715
Q7Z4N8	P13674
Q7Z4N8	P54001
Q7Z4N8	Q60715-2
Q7Z4N8	Q60716
Q7Z4N8	D3ZGT6
Q7Z4N8	Q60716-2
Q7Z4N8	O15460-2
Q7Z4N8	O15460
Q61329	Q61329
Q61329	XP_001076847
Q61329	Q9JJN2
Q61329	Q15911
Q61329	D4A3U5
Q61329	Q86UP3-5
Q61329	Q86UP3
Q61329	Q86UP3-2
Q61329	O75360
Q61329	Q8CJH7
Q61329	P97458
Q61329	Q9C0A1
Q61329	Q2MHN3
Q61329	Q9C0A1-2
Q61329	NP_001092273
Q2VPB7	Q2VPB7
Q2VPB7	Q3TAP4
Q2VPB7	D3ZVB0
Q96BQ5	Q96BQ5
Q96BQ5	Q6PEB9
Q96BQ5	Q3TC33
Q8TDS5	Q8TDS5
Q8TDS5	P49019
Q8TDS5	Q80Z39
Q8TDS5	Q8TDS4
Q8TDS5	Q9EP66
Q8TDS5	Q9BXC0
Q8TDS5	Q8C131
Q8TDS5	O00270
Q8TDS5	F8VQN3
O75807	O75807
O75807	P17564
O75807	Q6IN02
Q791T5	Q791T5
Q791T5	Q9NZJ7
Q791T5	Q9NZJ7-2
Q791T5	Q9NZJ7-3
Q791T5	B0BN30
Q791T5	Q791V5
Q791T5	Q9Y6C9
Q791T5	B0BN52
Q8N4F7	Q8N4F7
Q8N4F7	Q9H920
Q8N4F7	Q8R1Z9
Q8N4F7	NP_001101010
Q8BTT6	Q8BTT6
Q8BTT6	Q68CQ4
Q8BTT6	Q5M9G7
Q5VZM2	Q5VZM2
Q5VZM2	Q63487
Q5VZM2	Q6NTA4
Q5VZM2	Q5VZM2-2
Q5VZM2	Q7L523
Q5VZM2	Q80X95
Q5VZM2	Q63486
Q5HYK7	Q5HYK7
Q5HYK7	Q5HYK7-2
Q5HYK7	Q91X43
Q5HYK7	D3Z8S0
Q3U0W6	Q3U0W6
Q3U0W6	Q3UIW5
Q3U0W6	Q8N5U6
Q3U0W6	Q5XI59
Q64521	Q64521
Q64521	P43304
Q64521	P43304-2
Q64521	P35571
P49813	P49813
P49813	P70567
P49813	Q9JKK7
P49813	P70566
P49813	P28289
P49813	Q9JLH8
P49813	D3ZSG3
P49813	Q9NZQ9
P49813	Q6AXW2
P49813	Q9JHJ0
P49813	Q9NYL9
P49813	Q9NZR1
O75444	O75444
O75444	P54843
O75444	Q8NHW3
O75444	P54846
O75444	P54845
O75444	P54844
O75444	P54842
O75444	P54841
O75444	Q9Y5Q3
O75444	D3ZNT6
O75444	Q8CF90
O75444	O57342
P53804	P53804
P53804	O88196
P53804	D3ZSP7
Q9Y2K9	Q9Y2K9
Q9Y2K9	Q5DQR4
Q9Y2K9	B7ZN50
Q9Y2K9	NP_001258179
Q9Y2K9	Q9WU70
Q9Y2K9	Q8K400
Q9Y2K9	Q5T5C0-2
Q9Y2K9	Q5T5C0
Q14264	Q14264
P78537	P78537
P78537	D3ZKU7
P78537	O55102
Q9HAS0	Q9HAS0
Q9HAS0	Q9CYI0
Q9HAS0	D3ZEJ9
Q8BZB3	Q8BZB3
Q8BZB3	Q2M3C6
Q9JIG4	Q9JIG4
Q9JIG4	Q6ZSY5
Q8N326	Q8N326
Q5HY64	Q5HY64
Q5HY64	Q5JRC9
Q5HY64	A6NHR8
Q5HY64	Q8NA70
Q5HY64	Q0VG34
Q5HY64	Q14BE7
Q8BHR2	Q8BHR2
Q8BHR2	Q8TC92
Q8BHR2	Q16206
Q8BHR2	D4A7R7
Q8BHR2	D3Z9Z5
Q8BHR2	Q8R0Z2
Q12962	Q12962
Q12962	Q8K0H5
Q12962	B4F7B2
Q9NSC2	Q9NSC2
Q9NSC2	Q9ER74
Q9NSC2	Q9QX96
Q9NSC2	Q9Y467
Q9NSC2	Q9Y467-3
Q9NSC2	Q5VV52
Q9NSC2	Q5VV52-2
Q9NSC2	Q3TDE8
Q9NSC2	Q9BXA9
Q9NSC2	Q8BX22
Q9NSC2	Q8BX22-2
Q9NSC2	A2AUZ7
Q9NSC2	Q9UJQ4
Q9NSC2	Q9UJQ4-2
Q9NSC2	Q62255
O00233	O00233
O00233	O00233-2
O00233	Q9CR00
O00233	Q9WTV5
Q96MF7	Q96MF7
Q96MF7	Q4V8A0
Q96MF7	Q91VT1
Q9ET54	Q9ET54
Q9ET54	P0C5E3
Q9ET54	F1LP78
Q9ET54	Q8WX93
Q9ET54	Q8WX93-3
Q9ET54	Q8WX93-6
Q9ET54	D4A7X7
Q9ET54	Q86TC9
Q9ET54	Q86TC9-2
Q9ET54	Q86TC9-3
Q9ET54	Q5DTJ9
Q9ET54	Q9UBF9
Q9ET54	D3ZTC5
Q9ET54	Q9JIF9
Q8BKE6	Q8BKE6
Q8BKE6	Q6UW02
Q8BKE6	Q6P7D4
P54098	P54098
P54098	Q9QYV8
P54098	P54099
Q4ZHG4	Q4ZHG4
Q4ZHG4	Q2Q0I9
Q4ZHG4	E9Q043
Q9NWU2	Q9NWU2
Q9NWU2	Q9D7M1
Q9NWU2	Q6YDN8
Q9CQS7	Q9CQS7
Q9CQS7	A6NC42
O96002	O96002
Q80SY6	Q80SY6
Q80SY6	Q6DHV7
Q502W6	Q502W6
Q502W6	XP_003086202
P38983	P38983
P38983	P14206
P38983	P08865
P38983	A0A8I5KQE6
Q9DBY0	Q9DBY0
Q9DBY0	NP_001376139
Q9DBY0	Q8IVH2
Q9DBY0	O15409
Q9DBY0	P58463
Q9DBY0	P0CF24
Q9DBY0	Q9BZS1-3
Q9DBY0	Q9BZS1
Q9DBY0	Q9BZS1-2
Q9DBY0	NP_001101720
Q9DBY0	Q99JB6
Q9DBY0	Q9BZS1-4
Q9DBY0	Q498D1
Q9DBY0	P58462
Q9DBY0	Q9H334-2
Q9DBY0	Q9H334-4
Q9DBY0	Q9H334
Q9DBY0	Q9H334-7
P54803	P54803
P54803	P54818
P54803	G3V6H1
P43026	P43026
P43026	P43027
P43026	Q6KF10
P43026	P43028
P43026	Q6HA10
P43026	Q7Z4P5
P43026	P43029
Q9Y3E0	Q9Y3E0
Q9Y3E0	Q9CR60
Q9Y3E0	B0BNB0
Q9Y3E0	Q9DCQ3
Q9Y3E0	Q6ZVE7
Q6UE05	Q6UE05
Q6UE05	Q6UJB9
Q5XIG9	Q5XIG9
Q5XIG9	Q9CRB8
Q5XIG9	Q9UDX5
Q9NQT6	Q9NQT6
Q9NQT6	Q9QXW4
Q9NQT6	Q6AXQ1
Q99JG7	Q99JG7
Q99JG7	Q8NFZ5
Q3UX83	Q3UX83
Q3UX83	Q5XI27
Q3UX83	Q96QU6
Q3UX83	A2AIG8
Q3UX83	Q4AC99
D3ZEG9	D3ZEG9
D3ZEG9	O08811
D3ZEG9	P18074
Q12767-2	Q12767-2
Q12767-2	F1LUG5
Q12767-2	Q7TSH8
Q12767-2	Q12767
Q5R3I4	Q5R3I4
Q5R3I4	NP_001123971
Q5R3I4	A3KMP2
Q8NBT0	Q8NBT0
Q8NBT0	Q8JZX3
Q8NBT0	NP_001102766
Q8NBT0	Q8NBT0-2
Q8NBT0	Q8TC44
Q8NBT0	D3ZW91
Q8NBT0	Q8BHD1
Q8NBT0	Q9UMS4
Q8NBT0	Q99KP6
Q8NBT0	Q9JMJ4
Q8WU10	Q8WU10
Q8WU10	Q3TMV7
Q8WU10	Q68FS6
Q7L5A3	Q7L5A3
Q7L5A3	Q8BR27
Q7L5A3	Q5PQM8
Q9Z0G7	Q9Z0G7
Q9Z0G7	Q6MGC7
Q9Z0G7	O15209
Q9Z0G7	Q9DAI4
Q9Z0G7	O43298
Q9Z0G7	Q96C00
Q9Z0G7	Q8CDC7
P0DTD3	P0DTD3
P0DTD3	Q7TLC7
Q96J01	Q96J01
Q96J01	Q8VE80
Q96J01	B5DEY5
Q8N158	Q8N158
Q8N158	Q8BKV1
Q8N158	P51653
Q8N158	Q642B0
Q8N158	P51655
Q8N158	O75487
Q8N158	P35052
Q8N158	Q9QZF2
Q8N158	P35053
Q8N158	A0A096MJY1
Q8N158	Q9R087
Q8N158	Q9Y625
Q5F2C3	Q5F2C3
Q5F2C3	A0A087WXM9
Q8BXJ2-2	Q8BXJ2-2
Q8BXJ2-2	Q8BXJ2
Q8BXJ2-2	Q96PN7-2
Q8BXJ2-2	D3ZYN9
Q8BXJ2-2	Q05GC8
Q8BXJ2-2	Q96PN7-4
Q8BXJ2-2	Q96PN7
Q8BXJ2-2	Q96PN7-5
Q8BXJ2-2	Q96PN7-3
Q8BXJ2-2	D4ACA6
Q8BXJ2-2	E1BI11
Q8BXJ2-2	Q6PJG2
Q8BXJ2-2	Q3U224
A2AJA7	A2AJA7
A2AJA7	Q63191
A2AJA7	Q6UXC1
Q6NS86	Q6NS86
Q6NS86	Q8N895
Q6NS86	Q3U288
Q6NS86	Q8N1W2
Q9UL33	Q9UL33
Q9UL33	Q9JME7
Q9UL33	B2RYU6
Q9JIT1	Q9JIT1
Q9JIT1	Q9H0A6
Q6P4A7	Q6P4A7
Q6P4A7	Q925N1
Q9H0K4	Q9H0K4
Q9H0K4	Q8CDR2
Q9H0K4	Q5TD94
Q9H0K4	Q5TD94-2
Q9H0K4	Q8BYM7
Q9H0K4	D4A8S8
Q8C0Z1	Q8C0Z1
Q8C0Z1	Q5M7W6
Q8C0Z1	Q9H0X4
Q7M750	Q7M750
Q7M750	Q56A26
Q7M750	Q96PE5
Q9UHJ6	Q9UHJ6
Q9UHJ6	Q9D5J6
Q9UHJ6	Q3MID4
Q58EX2-4	Q58EX2-4
Q58EX2-4	Q6V4S5
Q58EX2-4	Q58EX2
Q58EX2-4	Q58EX2-3
Q58EX2-4	NP_001101773
Q58EX2-4	Q7Z5N4
Q58EX2-4	Q3UH53
Q58EX2-4	Q7Z5N4-3
P32970-2	P32970-2
P32970-2	P32970
P32970-2	O55237
Q9DEA3	Q9DEA3
Q9DEA3	P04961
Q9DEA3	P12004
Q9DEA3	P17918
A0A0J9YWX3	A0A0J9YWX3
Q9NZL4-3	Q9NZL4-3
Q9NZL4-3	Q99P31
Q9NZL4-3	Q9NZL4
Q9NZL4-3	Q6IMX7
Q8WZ42-12	Q8WZ42-12
Q8WZ42-12	NP_035782
Q8WZ42-12	A2ASS6
Q8WZ42-12	Q8WZ42
Q8WZ42-12	Q8WZ42-3
Q8WZ42-12	Q8WZ42-6
Q8WZ42-12	A2ASS6-3
Q8WZ42-12	Q7TMZ9
P49959-3	P49959-3
P49959-3	Q9JIM0
P49959-3	P49959-2
P49959-3	Q61216
P49959-3	P49959
Q8N1P7	Q8N1P7
Q8N1P7	B7ZCC2
Q8N1P7	A0A0G2JVZ7
Q8N1P7	NP_001103261
Q9BQ24-2	Q9BQ24-2
Q9BQ24-2	D3ZVP7
Q9BQ24-2	Q8VCM3
Q9BQ24-2	Q9BQ24
Q5XIH9	Q5XIH9
Q5XIH9	Q96IR7
Q5XIH9	Q8K248
Q5FVQ7	Q5FVQ7
Q5FVQ7	Q8TBP5
Q5FVQ7	Q9D3L0
Q6AYH4	Q6AYH4
Q6AYH4	Q8BHZ5
Q6AYH4	Q9BWK5
P18424	P18424
P18424	P16301
P18424	P04180
P18424	Q675A5
P18424	Q8VEB4
P18424	Q8NCC3
P0DTU4	P0DTU4
P0DTU4	A0A5B9
P0DTU4	P0DSE2
P0DTU4	P01850
P0DTU4	A0A075B6N4
P0DTU4	P01852
P0DTU4	P01851
P0DTU4	A0A0K0K1A3
P0DTU4	A0A0K0K1G8
P0DTU4	A0A0K0K1G6
P0DTU4	A0A1B0GX49
P0DTU4	P0DPF7
P0DTU4	A0A0K0K1C4
P0DTU4	A0A0A6YYG3
P0DTU4	A0A0K0K1A5
P0DTU4	A0A0J9YXY3
P0DTU4	A0A0K0K1D8
P0DTU4	A0A0J9YX75
P0DTU4	A0A0A6YYG2
P0DTU4	A0A0A0MS04
P0DTU4	A0A075B6N1
P0DTU4	P04213
P0DTU4	A0A576
P0DTU4	A0A5B6
P0DTU4	A0A577
P0DTU4	A0A589
P0DTU4	A0A075B6N3
P0DTU4	P06320
P0DTU4	A0A1B0GXF2
P0DTU4	A0A1B0GX51
P0DTU4	A0A087X0K7
P0DTU4	A0A5B0
P0DTU4	A0A1B0GX78
P0DTU4	P01733
P0DTU4	A0A0B4J2E0
P0DTU4	P04435
P0DTU4	A0A0K0K1E9
P0DTU4	A0A1B0GX31
P0DTU4	A0A599
P0DTU4	A0A597
P0DTU4	A0A0C4DH59
P0DTU4	A0A0A0MS03
P0DTU4	A0A0A0MS05
P0DTU4	A0A5A2
P0DTU4	A0A087X0M5
P0DTU4	A0A087WV62
P0DTU4	A0A1B0GX68
P0DTU4	A0A0A6YYD4
P0DTU4	A0A0B4J1U6
P0DTU4	P80748
P0DTU4	P01715
P0DTU4	A0A075B6K4
P0DTU4	P01717
P0DTU4	P01714
P0DTU4	P01718
P0DTU4	A0A075B6J6
P0DTU4	A0A0A0MS00
P0DTU4	A0A075B6K2
P0DTU4	A0A075B6K5
P0DTU4	A0A075B6K0
P0DTU4	A0A075B6K6
P0DTU4	A0A075B6H9
P0DTU4	A0A5A6
P0DTU4	A0A075B6W5
P0DTU4	P04437
P0DTU4	A0A0B4J271
P0DTU4	A0A075B6T6
P0DTU4	A0A0B4J245
P0DTU4	A0A578
P0DTU4	A0A1B0GX95
P0DTU4	A0A075B6L6
P0DTU4	A0A0K0K1C0
P0DTU4	A0A0A6YYK4
P0DTU4	A0A584
P0DTU4	XP_038944887
P0DTU4	Q6GMX3
P0DTU4	P01705
P0DTU4	B9A064
P0DTU4	P01703
P0DTU4	P01699
P0DTU4	P0CF74
P0DTU4	A0A075B6I6
P0DTU4	P01709
P0DTU4	A0A075B6I0
P0DTU4	P01704
P0DTU4	A0M8Q6
P0DTU4	P0DOY2
P0DTU4	P0DOX8
P0DTU4	P15814
P0DTU4	P0CG04
P0DTU4	P01706
P0DTU4	P0DOY3
P0DTU4	A0A075B6J9
P0DTU4	P01701
P0DTU4	P01721
P0DTU4	P01700
P0DTU4	A0A075B6I4
P0DTU4	P06323
P0DTU4	A0A075B6X5
P0DTU4	A0A0A0MS06
Q5PPM7	Q5PPM7
Q5PPM7	Q03395
Q5PPM7	P32958
Q5PPM7	P17438
Q5PPM7	P15499
Q5PPM7	P23942
Q9R2C1	Q9R2C1
Q9R2C1	Q9Z1W5
Q9R2C1	Q9Y6X1
Q9R2C1	Q8N6R1
Q9R2C1	Q6TAW2
A2RRU3	A2RRU3
A2RRU3	Q8C7V3
A2RRU3	Q8TED0
Q6ZUX3	Q6ZUX3
Q6ZUX3	Q3TYG6
XP_575047	XP_575047
XP_575047	D6RIA3
XP_575047	E0CYV9
D4ADS6	D4ADS6
D4ADS6	Q9NVH2-4
D4ADS6	Q7TQK1
D4ADS6	Q9NVH2
B2GV58	B2GV58
B2GV58	Q8ND56-2
B2GV58	Q8K2F8
B2GV58	Q8ND56-3
B2GV58	Q8ND56
B2GV58	A0A0G2JZY0
B2GV58	Q9BX40-3
B2GV58	Q9BX40
B2GV58	Q8CGC4
B2GV58	Q9BX40-2
BAA22995	BAA22995
BAA22995	Q96A00
BAA22995	Q91VC7
BAA22995	Q96A00-2
BAA22995	Q99MC0
BAA22995	Q7TT52
BAA22995	Q9NXH3
BAA22995	Q8K3F4
P51410	P51410
P51410	P32969
P51410	P17077
P51410	EDL99861
O88351	O88351
O88351	O14920
O88351	Q9QY78
O88351	O15111
O88351	B5DF32
O88351	Q60680
P19532	P19532
P19532	Q64092
P19532	D3ZAW6
P19532	O88368
P19532	Q08874-8
P19532	O75030
P19532	O75030-5
P19532	O75030-2
P19532	Q08874
P19532	O75030-9
P19532	Q3U1L5
P19532	Q4KLM8
P19532	P19484
P19532	Q9R210
P19532	P19484-2
P19532	O14948
P19532	Q63302
P19532	Q9WTW4
Q04929	Q04929
Q04929	Q63768
Q04929	P46108-2
Q04929	Q64010
Q04929	Q8JZR2
Q04929	P46108
Q04929	P47941
Q04929	P46109
Q04929	Q5U2U2
Q64695	Q64695
Q64695	Q4V8I1
Q64695	Q9UNN8
P16989	P16989
P16989	Q62764
P16989	Q9JKB3
P16989	P16989-2
P16989	Q9JKB3-2
P16989	P67809
P16989	P62960
P16989	P62961
P16989	Q9Y2T7
P16989	B2RUF0
P16989	D4A3P0
P56450	P56450
P56450	P70596
P56450	P32245
P56450	P41968
P56450	P33033
P56450	P32244
P56450	P33032
P56450	P41149
P56450	P35345
P56450	Q01718
P56450	Q64326
P56450	Q01726
P56450	Q01727
Q8K2C9	Q8K2C9
Q8K2C9	Q9P035
Q8K2C9	D4ABI7
Q8K2C9	Q5VWC8
Q8K2C9	A2AKM2
P41567	P41567
P41567	NP_001099307
P41567	O60739
P41567	Q9CXU9
P41567	P48024
P41567	B5DFN1
O88322	O88322
O88322	B5DFC9
O88322	Q14112
O88322	P14543
O88322	P10493
O88322	P08460
Q9BRP8	Q9BRP8
Q9BRP8	Q8CHP5
Q9BRP8	NP_001102456
P10768	P10768
P10768	Q9R0P3
P10768	B0BNE5
Q86UE4	Q86UE4
Q86UE4	Q9Z1W6
Q86UE4	Q80WJ7
Q9UKK9	Q9UKK9
Q9UKK9	Q6AY63
Q9UKK9	Q9JKX6
Q9ER72	Q9ER72
Q9ER72	P49589
Q9ER72	P49589-3
Q9ER72	P49589-2
Q9ER72	G3V9K0
Q9ER72	Q9HA77
Q9ER72	Q8BYM8
Q9ER72	B2GV57
Q9D554	Q9D554
Q9D554	Q12874
Q9D554	Q4KLI7
P01027	P01027
P01027	P01024
P01027	P01026
P01027	Q6ZMU1
P01027	P0C0L4
P01027	P0C0L5
P01027	B9EIU2
P01027	P01029
P01027	Q6MG90
P01027	P08649
Q8C7E9	Q8C7E9
Q8C7E9	M0R6B9
Q8C7E9	Q9H0L4
Q8C7E9	B3V097
Q8C7E9	Q8BIQ5
Q8C7E9	B4F7F1
Q8C7E9	P33240
Q8C7E9	P33240-2
Q8N1G1	Q8N1G1
Q8N1G1	Q7TT28-2
Q8N1G1	Q8IX06
Q8N1G1	Q7TT28
Q8N1G1	D3ZCX6
Q9CYA6	Q9CYA6
Q9CYA6	Q6NZY4
Q9CYA6	D3ZUL8
Q9CYA6	Q6NZY4-2
P41594	P41594
P41594	P31424-2
P41594	P31424
P41594	Q3UVX5
P41594	P23385
P41594	P97772
P41594	Q13255
P41594	Q14831-2
P41594	P35400
P41594	Q68ED2
P41594	Q14831
P41594	Q14416
P41594	P31421
P41594	Q14BI2
P41594	P47743
P41594	O00222
P41594	P70579
P41594	O00222-2
P41594	Q68EF4
P41594	Q14833
P41594	O00222-3
P41594	P31423
P41594	Q9QYS2
P41594	Q14832
P41594	P31422
P41594	O15303
P41594	P35349
P41594	Q5NCH9
Q9H9D4	Q9H9D4
Q9H9D4	NP_001382903
Q9H9D4	Q99LH4
Q9H9D4	Q642B2
Q9H9D4	Q3V1D8
Q9H9D4	Q8BG98
Q9H9D4	P0CG24
Q9BU23	Q9BU23
Q9BU23	Q8C3X8
Q9BU23	A1L1J9
Q9JKJ9	Q9JKJ9
Q9JKJ9	Q9NYL5
Q9UIM3	Q9UIM3
Q9UIM3	O35450
Q9UIM3	Q6MG81
O00237	O00237
O00237	Q9R1W3
O00237	A0A140T963
O00237	Q9EPZ8
Q8C428	Q8C428
Q8C428	Q7Z402
Q8C428	Q7Z404
Q8C428	Q7TQ65
Q8C428	Q7Z404-1
Q8C428	Q496Z4
Q8C428	Q8IU68
Q8C428	Q7TN58
Q8C428	B1H258
Q6UB35	Q6UB35
Q6UB35	Q922D8
Q6UB35	P11586
Q6UB35	B2GUZ3
Q6UB35	Q3V3R1
Q6UB35	P27653
Q6UB35	Q6UB35-2
Q8BG36	Q8BG36
Q8BG36	Q9Y5R5
Q8C6D4	Q8C6D4
Q8C6D4	Q7L4P6
P63139	P63139
P63139	P25208
P63139	P63140
P63139	Q01658
P63139	Q91WV0
P63139	Q5XI68
P63139	Q9NRF9
P63139	Q642A5
P63139	Q9JKP7
A2AU72	A2AU72
A2AU72	M0R914
A2AU72	Q5W041
Q9Y5X2	Q9Y5X2
Q9Y5X2	Q8CFD4
Q9Y5X2	D3ZUJ9
Q9GZZ8	Q9GZZ8
Q13751	Q13751
Q13751	F1LPI5
Q13751	Q61087
Q14534	Q14534
Q14534	P52019
Q14534	P52020
A4PIV8	A4PIV8
A4PIV8	D4ABC5
A4PIV8	Q62280
A4PIV8	Q15532
A4PIV8	Q91XJ0
A4PIV8	Q8BW22
A4PIV8	O75177
A4PIV8	Q9UHA2
A4PIV8	Q9D174
Q96S90	Q96S90
Q96S90	Q9D0E3
Q96S90	Q5HZA4
Q96S90	Q96S90-2
Q96S90	Q9D7V2
Q96S90	Q8IV50
Q96S90	NP_001100309
Q8BNJ3	Q8BNJ3
Q8BNJ3	Q9BZQ4
Q8BNJ3	Q0HA29
Q8BNJ3	A0JPJ0
Q8BNJ3	Q9EPA7
Q8BNJ3	Q96T66
Q8BNJ3	Q99JR6
Q8BNJ3	NP_001382630
Q8BNJ3	Q9HAN9
Q6PRD1	Q6PRD1
Q6PRD1	E9PY61
Q6PRD1	Q5T848
Q6PRD1	Q8C419
Q6PRD1	D4A6L0
Q6PRD1	D4AA82
P86397	P86397
Q76NI1	Q76NI1
Q76NI1	Q76NI1-4
Q76NI1	Q0KK55
Q76NI1	XP_002725773
Q9D0K1	Q9D0K1
Q9D0K1	D4A2Y9
Q9D0K1	Q92968
Q76N32	Q76N32
Q76N32	Q8C0D9
Q76N32	D3ZZ61
